reference_run,instance_id,instance,sense,issue,target,reference
ace64g-rr-20260505,37,competition/2022-2025/COP22to25/AircraftLanding-table-airland01_c22.xml.lzma,minimize,value_mismatch,unknown:1528000,optimum:70000
ace64g-rr-20260505,38,competition/2022-2025/COP22to25/AircraftLanding-table-airland02_c22.xml.lzma,minimize,value_mismatch,unknown:7023000,optimum:148000
ace64g-rr-20260505,39,competition/2022-2025/COP22to25/AircraftLanding-table-airland03_c22.xml.lzma,minimize,value_mismatch,unknown:7420000,optimum:82000
ace64g-rr-20260505,40,competition/2022-2025/COP22to25/AircraftLanding-table-airland04_c22.xml.lzma,minimize,value_mismatch,unknown:11247000,optimum:252000
ace64g-rr-20260505,41,competition/2022-2025/COP22to25/AircraftLanding-table-airland05_c22.xml.lzma,minimize,value_mismatch,unknown:8545000,sat:310000
ace64g-rr-20260505,43,competition/2022-2025/COP22to25/AircraftLanding-table-airland07_c22.xml.lzma,minimize,value_mismatch,unknown:775000,optimum:155000
ace64g-rr-20260505,44,competition/2022-2025/COP22to25/AircraftLanding-table-airland08_c22.xml.lzma,minimize,value_mismatch,unknown:9597000,sat:195000
ace64g-rr-20260505,45,competition/2022-2025/COP22to25/AircraftLanding-table-airland09_c22.xml.lzma,minimize,value_mismatch,unknown:19682693,sat:571171
ace64g-rr-20260505,46,competition/2022-2025/COP22to25/AircraftLanding-table-airland10_c22.xml.lzma,minimize,value_mismatch,unknown:30080096,sat:1520206
ace64g-rr-20260505,47,competition/2022-2025/COP22to25/AircraftLanding-table-airland11_c22.xml.lzma,minimize,value_mismatch,unknown:9612481,sat:1342404
ace64g-rr-20260505,48,competition/2022-2025/COP22to25/AircraftLanding-table-airland12_c22.xml.lzma,minimize,value_mismatch,unknown:13484019,sat:1941558
ace64g-rr-20260505,49,competition/2022-2025/COP22to25/AircraftLanding-table-airland13_c22.xml.lzma,minimize,value_mismatch,internal_error:18462542,sat:4849395
ace64g-rr-20260505,52,competition/2022-2025/COP22to25/AlteredStates-04_c25.xml.lzma,maximize,value_mismatch,sat:55,sat:56
ace64g-rr-20260505,53,competition/2022-2025/COP22to25/AlteredStates-05_c25.xml.lzma,maximize,value_mismatch,sat:65,sat:86
ace64g-rr-20260505,54,competition/2022-2025/COP22to25/AlteredStates-06_c25.xml.lzma,maximize,value_mismatch,sat:109,sat:135
ace64g-rr-20260505,55,competition/2022-2025/COP22to25/AlteredStates-08_c25.xml.lzma,maximize,value_mismatch,sat:135,sat:176
ace64g-rr-20260505,56,competition/2022-2025/COP22to25/AlteredStates-10_c25.xml.lzma,maximize,value_mismatch,sat:139,sat:292
ace64g-rr-20260505,57,competition/2022-2025/COP22to25/AlteredStates-12_c25.xml.lzma,maximize,value_mismatch,sat:187,sat:352
ace64g-rr-20260505,58,competition/2022-2025/COP22to25/AlteredStates-15_c25.xml.lzma,maximize,value_mismatch,sat:247,optimum:412
ace64g-rr-20260505,59,competition/2022-2025/COP22to25/AlteredStates-bis-02_c25.xml.lzma,maximize,value_mismatch,unknown:0,optimum:29145505
ace64g-rr-20260505,60,competition/2022-2025/COP22to25/AlteredStates-bis-03_c25.xml.lzma,maximize,value_mismatch,unknown:15566668,sat:84727416
ace64g-rr-20260505,61,competition/2022-2025/COP22to25/AlteredStates-bis-04_c25.xml.lzma,maximize,value_mismatch,unknown:12376299,sat:179429556
ace64g-rr-20260505,62,competition/2022-2025/COP22to25/AlteredStates-bis-05_c25.xml.lzma,maximize,value_mismatch,unknown:0,sat:224390101
ace64g-rr-20260505,63,competition/2022-2025/COP22to25/AlteredStates-bis-06_c25.xml.lzma,maximize,value_mismatch,unknown:0,sat:268601823
ace64g-rr-20260505,64,competition/2022-2025/COP22to25/AlteredStates-bis-08_c25.xml.lzma,maximize,value_mismatch,unknown:0,sat:300108000
ace64g-rr-20260505,65,competition/2022-2025/COP22to25/AlteredStates-bis-10_c25.xml.lzma,maximize,value_mismatch,unknown:0,optimum:330759736
ace64g-rr-20260505,66,competition/2022-2025/COP22to25/AlteredStates-bis-12_c25.xml.lzma,maximize,value_mismatch,unknown:0,optimum:330759736
ace64g-rr-20260505,67,competition/2022-2025/COP22to25/AlteredStates-bis-15_c25.xml.lzma,maximize,value_mismatch,unknown:0,optimum:330759736
ace64g-rr-20260505,69,competition/2022-2025/COP22to25/AztecDiamondSym-04_c24.xml.lzma,minimize,value_mismatch,sat:793,sat:341
ace64g-rr-20260505,70,competition/2022-2025/COP22to25/AztecDiamondSym-05_c24.xml.lzma,minimize,value_mismatch,sat:2623,sat:1189
ace64g-rr-20260505,71,competition/2022-2025/COP22to25/AztecDiamondSym-06_c24.xml.lzma,minimize,value_mismatch,sat:7063,sat:3324
ace64g-rr-20260505,72,competition/2022-2025/COP22to25/AztecDiamondSym-07_c24.xml.lzma,minimize,value_mismatch,sat:16478,sat:7968
ace64g-rr-20260505,73,competition/2022-2025/COP22to25/AztecDiamondSym-08_c24.xml.lzma,minimize,value_mismatch,unknown:34566,sat:17067
ace64g-rr-20260505,74,competition/2022-2025/COP22to25/AztecDiamondSym-09_c24.xml.lzma,minimize,value_mismatch,unknown:66786,sat:33509
ace64g-rr-20260505,75,competition/2022-2025/COP22to25/AztecDiamondSym-10_c24.xml.lzma,minimize,value_mismatch,unknown:120846,sat:61442
ace64g-rr-20260505,76,competition/2022-2025/COP22to25/AztecDiamondSym-12_c24.xml.lzma,minimize,value_mismatch,unknown:339911,sat:176172
ace64g-rr-20260505,77,competition/2022-2025/COP22to25/AztecDiamondSym-15_c24.xml.lzma,minimize,value_mismatch,unknown:1220044,sat:645766
ace64g-rr-20260505,86,competition/2022-2025/COP22to25/Benzenoide-06_c23.xml.lzma,minimize,value_mismatch,sat:346,optimum:64
ace64g-rr-20260505,87,competition/2022-2025/COP22to25/Benzenoide-07_c23.xml.lzma,minimize,value_mismatch,sat:604,optimum:87
ace64g-rr-20260505,88,competition/2022-2025/COP22to25/Benzenoide-08_c23.xml.lzma,minimize,value_mismatch,sat:136,optimum:101
ace64g-rr-20260505,89,competition/2022-2025/COP22to25/Benzenoide-09_c23.xml.lzma,minimize,value_mismatch,sat:901,optimum:102
ace64g-rr-20260505,103,competition/2022-2025/COP22to25/BinPacking-table-n3c3w2a_c24.xml.lzma,minimize,value_mismatch,sat:86,sat:85
ace64g-rr-20260505,106,competition/2022-2025/COP22to25/BinPacking2-n3c2w1a_c24.xml.lzma,minimize,value_mismatch,sat:107,sat:91
ace64g-rr-20260505,107,competition/2022-2025/COP22to25/BinPacking2-n3c3w1a_c24.xml.lzma,minimize,value_mismatch,sat:74,optimum:66
ace64g-rr-20260505,108,competition/2022-2025/COP22to25/BinPacking2-n3c3w2a_c24.xml.lzma,minimize,value_mismatch,sat:97,sat:87
ace64g-rr-20260505,109,competition/2022-2025/COP22to25/BinPacking2-n3c3w4a_c24.xml.lzma,minimize,value_mismatch,sat:105,sat:93
ace64g-rr-20260505,111,competition/2022-2025/COP22to25/BlockModeling-kansas-02_c25.xml.lzma,minimize,value_mismatch,sat:148,optimum:96
ace64g-rr-20260505,112,competition/2022-2025/COP22to25/BlockModeling-kansas-03_c25.xml.lzma,minimize,value_mismatch,sat:148,sat:88
ace64g-rr-20260505,115,competition/2022-2025/COP22to25/BlockModeling-karate-02_c25.xml.lzma,minimize,value_mismatch,sat:78,sat:77
ace64g-rr-20260505,120,competition/2022-2025/COP22to25/BlockModeling-politicalactor-03_c25.xml.lzma,minimize,value_mismatch,sat:56,sat:36
ace64g-rr-20260505,121,competition/2022-2025/COP22to25/BlockModeling-politicalactor-05_c25.xml.lzma,minimize,value_mismatch,sat:56,sat:26
ace64g-rr-20260505,124,competition/2022-2025/COP22to25/BlockModeling-transatlantic-03_c25.xml.lzma,minimize,value_mismatch,sat:37,optimum:29
ace64g-rr-20260505,125,competition/2022-2025/COP22to25/BlockModeling-transatlantic-05_c25.xml.lzma,minimize,value_mismatch,sat:37,sat:23
ace64g-rr-20260505,127,competition/2022-2025/COP22to25/BusScheduling-c1_c25.xml.lzma,minimize,value_mismatch,sat:30,sat:27
ace64g-rr-20260505,128,competition/2022-2025/COP22to25/BusScheduling-c1a_c25.xml.lzma,minimize,value_mismatch,sat:31,sat:29
ace64g-rr-20260505,129,competition/2022-2025/COP22to25/BusScheduling-c2_c25.xml.lzma,minimize,value_mismatch,sat:35,sat:31
ace64g-rr-20260505,130,competition/2022-2025/COP22to25/BusScheduling-r1_c25.xml.lzma,minimize,value_mismatch,sat:17,sat:11
ace64g-rr-20260505,131,competition/2022-2025/COP22to25/BusScheduling-r1a_c25.xml.lzma,minimize,value_mismatch,sat:19,sat:11
ace64g-rr-20260505,132,competition/2022-2025/COP22to25/BusScheduling-r2_c25.xml.lzma,minimize,value_mismatch,sat:18,sat:14
ace64g-rr-20260505,134,competition/2022-2025/COP22to25/BusScheduling-r4_c25.xml.lzma,minimize,value_mismatch,sat:30,sat:25
ace64g-rr-20260505,138,competition/2022-2025/COP22to25/BusScheduling-t2_c25.xml.lzma,minimize,value_mismatch,sat:21,sat:20
ace64g-rr-20260505,144,competition/2022-2025/COP22to25/ButtonsScissors-05_c25.xml.lzma,minimize,value_mismatch,sat:21,sat:20
ace64g-rr-20260505,150,competition/2022-2025/COP22to25/CVRP-A-n32-k5_c22.xml.lzma,minimize,value_mismatch,sat:2123,sat:815
ace64g-rr-20260505,151,competition/2022-2025/COP22to25/CVRP-A-n33-k5_c22.xml.lzma,minimize,value_mismatch,sat:1844,sat:689
ace64g-rr-20260505,152,competition/2022-2025/COP22to25/CVRP-A-n33-k6_c22.xml.lzma,minimize,value_mismatch,sat:1647,sat:786
ace64g-rr-20260505,153,competition/2022-2025/COP22to25/CVRP-A-n34-k5_c22.xml.lzma,minimize,value_mismatch,sat:1843,sat:814
ace64g-rr-20260505,154,competition/2022-2025/COP22to25/CVRP-A-n36-k5_c22.xml.lzma,minimize,value_mismatch,sat:1924,sat:836
ace64g-rr-20260505,155,competition/2022-2025/COP22to25/CVRP-A-n37-k5_c22.xml.lzma,minimize,value_mismatch,sat:1612,sat:670
ace64g-rr-20260505,156,competition/2022-2025/COP22to25/CVRP-A-n37-k6_c22.xml.lzma,minimize,value_mismatch,sat:1923,sat:1023
ace64g-rr-20260505,157,competition/2022-2025/COP22to25/CVRP-A-n38-k5_c22.xml.lzma,minimize,value_mismatch,sat:2190,sat:749
ace64g-rr-20260505,158,competition/2022-2025/COP22to25/CVRP-A-n39-k5_c22.xml.lzma,minimize,value_mismatch,sat:2110,sat:838
ace64g-rr-20260505,159,competition/2022-2025/COP22to25/CVRP-A-n39-k6_c22.xml.lzma,minimize,value_mismatch,sat:2425,sat:846
ace64g-rr-20260505,198,competition/2022-2025/COP22to25/ChampionsLeague-2024-18_c25.xml.lzma,maximize,value_mismatch,optimum:21,sat:19
ace64g-rr-20260505,200,competition/2022-2025/COP22to25/ChampionsLeague-2024-25_c25.xml.lzma,maximize,value_mismatch,sat:16,sat:15
ace64g-rr-20260505,205,competition/2022-2025/COP22to25/ChampionsLeague-strict-2024-18_c25.xml.lzma,maximize,value_mismatch,optimum:19,sat:18
ace64g-rr-20260505,206,competition/2022-2025/COP22to25/ChampionsLeague-strict-2024-20_c25.xml.lzma,maximize,value_mismatch,optimum:18,sat:17
ace64g-rr-20260505,210,competition/2022-2025/COP22to25/Charlotte-06-0_c24.xml.lzma,minimize,value_mismatch,sat:5725,optimum:4695
ace64g-rr-20260505,211,competition/2022-2025/COP22to25/Charlotte-06-1_c24.xml.lzma,minimize,value_mismatch,sat:6252,optimum:5099
ace64g-rr-20260505,212,competition/2022-2025/COP22to25/Charlotte-06-2_c24.xml.lzma,minimize,value_mismatch,sat:6152,optimum:5612
ace64g-rr-20260505,213,competition/2022-2025/COP22to25/Charlotte-12-0_c24.xml.lzma,minimize,value_mismatch,sat:10246,sat:9723
ace64g-rr-20260505,214,competition/2022-2025/COP22to25/Charlotte-12-1_c24.xml.lzma,minimize,value_mismatch,sat:11830,sat:10682
ace64g-rr-20260505,215,competition/2022-2025/COP22to25/Charlotte-12-2_c24.xml.lzma,minimize,value_mismatch,sat:10909,sat:10370
ace64g-rr-20260505,216,competition/2022-2025/COP22to25/Charlotte-18-0_c24.xml.lzma,minimize,value_mismatch,sat:16071,sat:14586
ace64g-rr-20260505,217,competition/2022-2025/COP22to25/Charlotte-18-1_c24.xml.lzma,minimize,value_mismatch,sat:17399,sat:15380
ace64g-rr-20260505,218,competition/2022-2025/COP22to25/Charlotte-18-2_c24.xml.lzma,minimize,value_mismatch,sat:17069,sat:14549
ace64g-rr-20260505,219,competition/2022-2025/COP22to25/Charlotte-24-0_c24.xml.lzma,minimize,value_mismatch,unknown:21809,sat:19785
ace64g-rr-20260505,220,competition/2022-2025/COP22to25/Charlotte-24-1_c24.xml.lzma,minimize,value_mismatch,unknown:22137,sat:20049
ace64g-rr-20260505,221,competition/2022-2025/COP22to25/Charlotte-24-2_c24.xml.lzma,minimize,value_mismatch,unknown:22613,sat:20369
ace64g-rr-20260505,228,competition/2022-2025/COP22to25/ClockTriplet-15-20_c22.xml.lzma,minimize,value_mismatch,sat:159,sat:160
ace64g-rr-20260505,229,competition/2022-2025/COP22to25/ClockTriplet-15-30_c22.xml.lzma,minimize,value_mismatch,sat:236,sat:234
ace64g-rr-20260505,230,competition/2022-2025/COP22to25/ClockTriplet-20-25_c22.xml.lzma,minimize,value_mismatch,sat:263,sat:264
ace64g-rr-20260505,231,competition/2022-2025/COP22to25/ClockTriplet-20-35_c22.xml.lzma,minimize,value_mismatch,sat:369,sat:366
ace64g-rr-20260505,234,competition/2022-2025/COP22to25/CoinsGrid-12-06_c22.xml.lzma,minimize,value_mismatch,sat:1284,sat:420
ace64g-rr-20260505,235,competition/2022-2025/COP22to25/CoinsGrid-14-07_c22.xml.lzma,minimize,value_mismatch,sat:3528,sat:784
ace64g-rr-20260505,236,competition/2022-2025/COP22to25/CoinsGrid-16-08_c22.xml.lzma,minimize,value_mismatch,sat:7488,sat:1344
ace64g-rr-20260505,237,competition/2022-2025/COP22to25/CoinsGrid-19-09_c22.xml.lzma,minimize,value_mismatch,sat:14874,sat:2236
ace64g-rr-20260505,238,competition/2022-2025/COP22to25/CoinsGrid-22-10_c22.xml.lzma,minimize,value_mismatch,sat:22710,sat:3534
ace64g-rr-20260505,239,competition/2022-2025/COP22to25/CoinsGrid-25-11_c22.xml.lzma,minimize,value_mismatch,unknown:33452,sat:5322
ace64g-rr-20260505,240,competition/2022-2025/COP22to25/CoinsGrid-28-12_c22.xml.lzma,minimize,value_mismatch,unknown:42568,sat:7696
ace64g-rr-20260505,241,competition/2022-2025/COP22to25/CoinsGrid-31-14_c22.xml.lzma,minimize,value_mismatch,unknown:63174,sat:13670
ace64g-rr-20260505,244,competition/2022-2025/COP22to25/Coprime-12_c25.xml.lzma,minimize,value_mismatch,sat:82,optimum:59
ace64g-rr-20260505,245,competition/2022-2025/COP22to25/Coprime-14_c25.xml.lzma,minimize,value_mismatch,sat:110,optimum:73
ace64g-rr-20260505,246,competition/2022-2025/COP22to25/Coprime-16_c25.xml.lzma,minimize,value_mismatch,sat:131,optimum:103
ace64g-rr-20260505,247,competition/2022-2025/COP22to25/Coprime-17_c25.xml.lzma,minimize,value_mismatch,sat:289,optimum:107
ace64g-rr-20260505,248,competition/2022-2025/COP22to25/Coprime-18_c25.xml.lzma,minimize,value_mismatch,sat:178,optimum:113
ace64g-rr-20260505,260,competition/2022-2025/COP22to25/Cutstock-02-0_c25.xml.lzma,minimize,value_mismatch,sat:138,sat:128
ace64g-rr-20260505,261,competition/2022-2025/COP22to25/Cutstock-03-0_c25.xml.lzma,minimize,value_mismatch,sat:35,sat:23
ace64g-rr-20260505,264,competition/2022-2025/COP22to25/Cutstock-08-0_c25.xml.lzma,minimize,value_mismatch,sat:690,optimum:579
ace64g-rr-20260505,265,competition/2022-2025/COP22to25/Cutstock-09-0_c25.xml.lzma,minimize,value_mismatch,sat:147,optimum:98
ace64g-rr-20260505,268,competition/2022-2025/COP22to25/Cutstock-14-0_c25.xml.lzma,minimize,value_mismatch,sat:798,optimum:653
ace64g-rr-20260505,269,competition/2022-2025/COP22to25/Cutstock-15-0_c25.xml.lzma,minimize,value_mismatch,sat:178,optimum:130
ace64g-rr-20260505,273,competition/2022-2025/COP22to25/CyclicBandwidth-caterpillar13_c22.xml.lzma,minimize,value_mismatch,sat:52,optimum:10
ace64g-rr-20260505,274,competition/2022-2025/COP22to25/CyclicBandwidth-caterpillar16_c22.xml.lzma,minimize,value_mismatch,sat:75,optimum:13
ace64g-rr-20260505,275,competition/2022-2025/COP22to25/CyclicBandwidth-caterpillar19_c22.xml.lzma,minimize,value_mismatch,sat:104,optimum:15
ace64g-rr-20260505,276,competition/2022-2025/COP22to25/CyclicBandwidth-caterpillar23_c22.xml.lzma,minimize,value_mismatch,sat:149,optimum:19
ace64g-rr-20260505,277,competition/2022-2025/COP22to25/CyclicBandwidth-caterpillar29_c22.xml.lzma,minimize,value_mismatch,sat:232,optimum:24
ace64g-rr-20260505,278,competition/2022-2025/COP22to25/CyclicBandwidth-caterpillar35_c22.xml.lzma,minimize,value_mismatch,unknown:332,optimum:29
ace64g-rr-20260505,279,competition/2022-2025/COP22to25/CyclicBandwidth-mesh2D05x08_c22.xml.lzma,minimize,value_mismatch,sat:20,optimum:5
ace64g-rr-20260505,280,competition/2022-2025/COP22to25/CyclicBandwidth-mesh2D10x10_c22.xml.lzma,minimize,value_mismatch,sat:50,sat:10
ace64g-rr-20260505,281,competition/2022-2025/COP22to25/CyclicBandwidth-mesh2D25x26_c22.xml.lzma,minimize,value_mismatch,unknown:324,sat:89
ace64g-rr-20260505,282,competition/2022-2025/COP22to25/CyclicBandwidth-path100_c22.xml.lzma,minimize,value_mismatch,sat:50,optimum:1
ace64g-rr-20260505,283,competition/2022-2025/COP22to25/CyclicBandwidth-path200_c22.xml.lzma,minimize,value_mismatch,sat:100,optimum:1
ace64g-rr-20260505,284,competition/2022-2025/COP22to25/CyclicBandwidth-path300_c22.xml.lzma,minimize,value_mismatch,sat:149,optimum:1
ace64g-rr-20260505,291,competition/2022-2025/COP22to25/DC-midori-xor4-d1-t0-r14-v128_c22.xml.lzma,minimize,value_mismatch,sat:68,sat:80
ace64g-rr-20260505,295,competition/2022-2025/COP22to25/DC-rijndael-xor5-d1-t0-r06-keysize7-plainsize4_c22.xml.lzma,minimize,value_mismatch,sat:26,sat:23
ace64g-rr-20260505,296,competition/2022-2025/COP22to25/DC-rijndael-xor5-d1-t0-r07-keysize7-plainsize4_c22.xml.lzma,minimize,value_mismatch,sat:25,sat:26
ace64g-rr-20260505,297,competition/2022-2025/COP22to25/DC-rijndael-xor5-d1-t0-r08-keysize7-plainsize4_c22.xml.lzma,minimize,value_mismatch,sat:32,sat:37
ace64g-rr-20260505,307,competition/2022-2025/COP22to25/DC-skinny-xor0-d0-t0-r15-v64-z0_c22.xml.lzma,minimize,value_mismatch,sat:70,sat:66
ace64g-rr-20260505,308,competition/2022-2025/COP22to25/DC-skinny-xor0-d0-t0-r16-v64-z0_c22.xml.lzma,minimize,value_mismatch,sat:76,sat:75
ace64g-rr-20260505,309,competition/2022-2025/COP22to25/DC-skinny-xor0-d0-t0-r17-v64-z0_c22.xml.lzma,minimize,value_mismatch,sat:92,sat:82
ace64g-rr-20260505,310,competition/2022-2025/COP22to25/DC-skinny-xor0-d0-t0-r18-v64-z0_c22.xml.lzma,minimize,value_mismatch,sat:96,sat:90
ace64g-rr-20260505,316,competition/2022-2025/COP22to25/Drinking-010000_c24.xml.lzma,minimize,value_mismatch,sat:6858,sat:1000
ace64g-rr-20260505,317,competition/2022-2025/COP22to25/Drinking-020000_c24.xml.lzma,minimize,value_mismatch,sat:13715,sat:2000
ace64g-rr-20260505,321,competition/2022-2025/COP22to25/EchelonStock2-A01_c22.xml.lzma,minimize,value_mismatch,sat:62950,sat:36300
ace64g-rr-20260505,322,competition/2022-2025/COP22to25/EchelonStock2-A02_c22.xml.lzma,minimize,value_mismatch,sat:63600,sat:40800
ace64g-rr-20260505,323,competition/2022-2025/COP22to25/EchelonStock2-A03_c22.xml.lzma,minimize,value_mismatch,sat:88250,sat:41400
ace64g-rr-20260505,324,competition/2022-2025/COP22to25/EchelonStock2-A04_c22.xml.lzma,minimize,value_mismatch,sat:64550,sat:40150
ace64g-rr-20260505,325,competition/2022-2025/COP22to25/EchelonStock2-A05_c22.xml.lzma,minimize,value_mismatch,sat:66850,sat:39950
ace64g-rr-20260505,326,competition/2022-2025/COP22to25/EchelonStock2-A06_c22.xml.lzma,minimize,value_mismatch,sat:69850,sat:44250
ace64g-rr-20260505,327,competition/2022-2025/COP22to25/EchelonStock2-A07_c22.xml.lzma,minimize,value_mismatch,sat:66500,sat:40700
ace64g-rr-20260505,328,competition/2022-2025/COP22to25/EchelonStock2-A08_c22.xml.lzma,minimize,value_mismatch,sat:74400,sat:43550
ace64g-rr-20260505,329,competition/2022-2025/COP22to25/EchelonStock2-A09_c22.xml.lzma,minimize,value_mismatch,sat:68200,sat:43450
ace64g-rr-20260505,330,competition/2022-2025/COP22to25/EchelonStock2-A10_c22.xml.lzma,minimize,value_mismatch,sat:95150,sat:46650
ace64g-rr-20260505,331,competition/2022-2025/COP22to25/FAPP-aux-01-0200_c25.xml.lzma,minimize,value_mismatch,unknown:99368713,sat:35758826
ace64g-rr-20260505,332,competition/2022-2025/COP22to25/FAPP-aux-02-0250_c25.xml.lzma,minimize,value_mismatch,internal_error:223538514,sat:40370566
ace64g-rr-20260505,333,competition/2022-2025/COP22to25/FAPP-aux-03-0300_c25.xml.lzma,minimize,value_mismatch,internal_error:478685788,sat:462317142
ace64g-rr-20260505,334,competition/2022-2025/COP22to25/FAPP-aux-04-0300_c25.xml.lzma,minimize,value_mismatch,internal_error:276381956,sat:194953519
ace64g-rr-20260505,335,competition/2022-2025/COP22to25/FAPP-aux-05-0350_c25.xml.lzma,minimize,value_mismatch,internal_error:529277884,sat:522591640
ace64g-rr-20260505,336,competition/2022-2025/COP22to25/FAPP-aux-06-0500_c25.xml.lzma,minimize,value_mismatch,internal_error:1077058505,sat:1028437711
ace64g-rr-20260505,337,competition/2022-2025/COP22to25/FAPP-aux-07-0600_c25.xml.lzma,minimize,value_mismatch,internal_error:2025294929,sat:1967367051
ace64g-rr-20260505,338,competition/2022-2025/COP22to25/FAPP-aux-08-0700_c25.xml.lzma,minimize,value_mismatch,internal_error:1228544138,sat:1192068454
ace64g-rr-20260505,339,competition/2022-2025/COP22to25/FAPP-aux-09-0800_c25.xml.lzma,minimize,value_mismatch,internal_error:1976673623,sat:1924805991
ace64g-rr-20260505,340,competition/2022-2025/COP22to25/FAPP-aux-10-0900_c25.xml.lzma,minimize,value_mismatch,internal_error:3216296422,sat:3136364832
ace64g-rr-20260505,341,competition/2022-2025/COP22to25/FAPP-aux-17-0300_c25.xml.lzma,minimize,value_mismatch,internal_error:360353040,optimum:130971634
ace64g-rr-20260505,342,competition/2022-2025/COP22to25/FAPP-aux-18-0350_c25.xml.lzma,minimize,value_mismatch,internal_error:223953458,optimum:162507055
ace64g-rr-20260505,343,competition/2022-2025/COP22to25/FAPP-aux-19-0350_c25.xml.lzma,minimize,value_mismatch,internal_error:456780092,optimum:456780091
ace64g-rr-20260505,344,competition/2022-2025/COP22to25/FAPP-aux-20-0420_c25.xml.lzma,minimize,value_mismatch,internal_error:557842977,optimum:506362597
ace64g-rr-20260505,345,competition/2022-2025/COP22to25/FAPP-aux-21-0500_c25.xml.lzma,minimize,value_mismatch,internal_error:95722790,optimum:63832030
ace64g-rr-20260505,347,competition/2022-2025/COP22to25/FAPP-aux-test01-0150_c25.xml.lzma,minimize,value_mismatch,unknown:51926754,sat:18292585
ace64g-rr-20260505,348,competition/2022-2025/COP22to25/FAPP-aux-test03-0400_c25.xml.lzma,minimize,value_mismatch,internal_error:461806865,sat:163559582
ace64g-rr-20260505,377,competition/2022-2025/COP22to25/FoolSolitaire-dec2-1-4_c24.xml.lzma,minimize,value_mismatch,optimum:13,sat:15
ace64g-rr-20260505,379,competition/2022-2025/COP22to25/FoolSolitaire-dec2-2-1_c24.xml.lzma,minimize,value_mismatch,optimum:13,sat:15
ace64g-rr-20260505,380,competition/2022-2025/COP22to25/FoolSolitaire-dec2-2-2_c24.xml.lzma,minimize,value_mismatch,optimum:13,sat:15
ace64g-rr-20260505,382,competition/2022-2025/COP22to25/FoolSolitaire-dec2-2-4_c24.xml.lzma,minimize,value_mismatch,optimum:13,sat:15
ace64g-rr-20260505,389,competition/2022-2025/COP22to25/Fortress1-03_c25.xml.lzma,minimize,value_mismatch,unknown:2389702,sat:459518
ace64g-rr-20260505,390,competition/2022-2025/COP22to25/Fortress1-04_c25.xml.lzma,minimize,value_mismatch,unknown:3769687,sat:649400
ace64g-rr-20260505,391,competition/2022-2025/COP22to25/Fortress1-05_c25.xml.lzma,minimize,value_mismatch,unknown:5779509,sat:1079078
ace64g-rr-20260505,392,competition/2022-2025/COP22to25/Fortress1-06_c25.xml.lzma,minimize,value_mismatch,unknown:6359540,sat:1059124
ace64g-rr-20260505,393,competition/2022-2025/COP22to25/Fortress1-07_c25.xml.lzma,minimize,value_mismatch,unknown:7329606,sat:1219032
ace64g-rr-20260505,394,competition/2022-2025/COP22to25/Fortress1-08_c25.xml.lzma,minimize,value_mismatch,unknown:7109524,sat:1239006
ace64g-rr-20260505,395,competition/2022-2025/COP22to25/Fortress1-09_c25.xml.lzma,minimize,value_mismatch,unknown:8719556,sat:1458951
ace64g-rr-20260505,396,competition/2022-2025/COP22to25/Fortress1-10_c25.xml.lzma,minimize,value_mismatch,unknown:13569404,sat:1798536
ace64g-rr-20260505,397,competition/2022-2025/COP22to25/Fortress2-03_c25.xml.lzma,minimize,value_mismatch,unknown:1650139,sat:460148
ace64g-rr-20260505,398,competition/2022-2025/COP22to25/Fortress2-04_c25.xml.lzma,minimize,value_mismatch,unknown:2790271,sat:650296
ace64g-rr-20260505,399,competition/2022-2025/COP22to25/Fortress2-05_c25.xml.lzma,minimize,value_mismatch,unknown:4440612,sat:1080651
ace64g-rr-20260505,400,competition/2022-2025/COP22to25/Fortress2-06_c25.xml.lzma,minimize,value_mismatch,unknown:5000585,sat:1060699
ace64g-rr-20260505,401,competition/2022-2025/COP22to25/Fortress2-07_c25.xml.lzma,minimize,value_mismatch,unknown:5710989,sat:1221026
ace64g-rr-20260505,402,competition/2022-2025/COP22to25/Fortress2-08_c25.xml.lzma,minimize,value_mismatch,unknown:5530929,sat:1240998
ace64g-rr-20260505,403,competition/2022-2025/COP22to25/Fortress2-09_c25.xml.lzma,minimize,value_mismatch,unknown:6901260,sat:1461381
ace64g-rr-20260505,404,competition/2022-2025/COP22to25/Fortress2-10_c25.xml.lzma,minimize,value_mismatch,unknown:11371743,sat:1802052
ace64g-rr-20260505,405,competition/2022-2025/COP22to25/GBACP-UD01_c23.xml.lzma,minimize,value_mismatch,internal_error:22879,sat:6482
ace64g-rr-20260505,406,competition/2022-2025/COP22to25/GBACP-UD02_c23.xml.lzma,minimize,value_mismatch,internal_error:3739,sat:155
ace64g-rr-20260505,407,competition/2022-2025/COP22to25/GBACP-UD03_c23.xml.lzma,minimize,value_mismatch,internal_error:21839,sat:2967
ace64g-rr-20260505,408,competition/2022-2025/COP22to25/GBACP-UD04_c23.xml.lzma,minimize,value_mismatch,unknown:3288,sat:542
ace64g-rr-20260505,409,competition/2022-2025/COP22to25/GBACP-UD05_c23.xml.lzma,minimize,value_mismatch,internal_error:20034,sat:335
ace64g-rr-20260505,410,competition/2022-2025/COP22to25/GBACP-UD06_c23.xml.lzma,minimize,value_mismatch,internal_error:5267,sat:55
ace64g-rr-20260505,411,competition/2022-2025/COP22to25/GBACP-UD07_c23.xml.lzma,minimize,value_mismatch,internal_error:19276,sat:2866
ace64g-rr-20260505,412,competition/2022-2025/COP22to25/GBACP-UD08_c23.xml.lzma,minimize,value_mismatch,internal_error:4262,sat:60
ace64g-rr-20260505,413,competition/2022-2025/COP22to25/GBACP-UD09_c23.xml.lzma,minimize,value_mismatch,internal_error:23005,sat:1661
ace64g-rr-20260505,414,competition/2022-2025/COP22to25/GBACP-UD10_c23.xml.lzma,minimize,value_mismatch,unknown:6379,sat:59
ace64g-rr-20260505,415,competition/2022-2025/COP22to25/GBACP-table-UD01_c23.xml.lzma,minimize,value_mismatch,internal_error:20362,sat:1163
ace64g-rr-20260505,416,competition/2022-2025/COP22to25/GBACP-table-UD02_c23.xml.lzma,minimize,value_mismatch,internal_error:6548,sat:158
ace64g-rr-20260505,417,competition/2022-2025/COP22to25/GBACP-table-UD03_c23.xml.lzma,minimize,value_mismatch,internal_error:19570,sat:1333
ace64g-rr-20260505,418,competition/2022-2025/COP22to25/GBACP-table-UD04_c23.xml.lzma,minimize,value_mismatch,unknown:7758,sat:541
ace64g-rr-20260505,419,competition/2022-2025/COP22to25/GBACP-table-UD05_c23.xml.lzma,minimize,value_mismatch,internal_error:19429,sat:223
ace64g-rr-20260505,420,competition/2022-2025/COP22to25/GBACP-table-UD06_c23.xml.lzma,minimize,value_mismatch,internal_error:5034,sat:61
ace64g-rr-20260505,421,competition/2022-2025/COP22to25/GBACP-table-UD07_c23.xml.lzma,minimize,value_mismatch,internal_error:25744,sat:1403
ace64g-rr-20260505,422,competition/2022-2025/COP22to25/GBACP-table-UD08_c23.xml.lzma,minimize,value_mismatch,internal_error:7176,sat:49
ace64g-rr-20260505,423,competition/2022-2025/COP22to25/GBACP-table-UD09_c23.xml.lzma,minimize,value_mismatch,internal_error:19188,sat:2598
ace64g-rr-20260505,424,competition/2022-2025/COP22to25/GBACP-table-UD10_c23.xml.lzma,minimize,value_mismatch,unknown:9295,sat:40
ace64g-rr-20260505,441,competition/2022-2025/COP22to25/HCPizza-12-12-2-6-00_c23.xml.lzma,maximize,value_mismatch,sat:133,sat:139
ace64g-rr-20260505,443,competition/2022-2025/COP22to25/HCPizza-12-12-2-6-02_c23.xml.lzma,maximize,value_mismatch,sat:141,sat:140
ace64g-rr-20260505,444,competition/2022-2025/COP22to25/HCPizza-15-15-2-7-00_c23.xml.lzma,maximize,value_mismatch,sat:202,sat:223
ace64g-rr-20260505,445,competition/2022-2025/COP22to25/HCPizza-15-15-2-7-01_c23.xml.lzma,maximize,value_mismatch,sat:209,sat:223
ace64g-rr-20260505,446,competition/2022-2025/COP22to25/HCPizza-15-15-2-7-02_c23.xml.lzma,maximize,value_mismatch,sat:208,optimum:225
ace64g-rr-20260505,447,competition/2022-2025/COP22to25/HCPizza-20-20-2-8-00_c23.xml.lzma,maximize,value_mismatch,sat:397,optimum:400
ace64g-rr-20260505,448,competition/2022-2025/COP22to25/HCPizza-20-20-2-8-01_c23.xml.lzma,maximize,value_mismatch,sat:383,optimum:400
ace64g-rr-20260505,449,competition/2022-2025/COP22to25/HCPizza-20-20-2-8-02_c23.xml.lzma,maximize,value_mismatch,sat:392,optimum:400
ace64g-rr-20260505,468,competition/2022-2025/COP22to25/IHTC-i01_c25.xml.lzma,minimize,value_mismatch,sat:4550,optimum:2800
ace64g-rr-20260505,470,competition/2022-2025/COP22to25/IHTC-i03_c25.xml.lzma,minimize,value_mismatch,sat:8000,sat:7600
ace64g-rr-20260505,472,competition/2022-2025/COP22to25/IHTC-i05_c25.xml.lzma,minimize,value_mismatch,sat:10500,sat:8250
ace64g-rr-20260505,474,competition/2022-2025/COP22to25/IHTC-i07_c25.xml.lzma,minimize,value_mismatch,sat:900,optimum:0
ace64g-rr-20260505,476,competition/2022-2025/COP22to25/IHTC-i09_c25.xml.lzma,minimize,value_mismatch,sat:44500,optimum:0
ace64g-rr-20260505,484,competition/2022-2025/COP22to25/ItemsetMining-k1-anneal_c22.xml.lzma,maximize,value_mismatch,sat:437,optimum:494
ace64g-rr-20260505,485,competition/2022-2025/COP22to25/ItemsetMining-k1-german-credit_c22.xml.lzma,maximize,value_mismatch,sat:399,optimum:402
ace64g-rr-20260505,486,competition/2022-2025/COP22to25/ItemsetMining-k1-hypothyroid_c22.xml.lzma,maximize,value_mismatch,sat:2692,optimum:2851
ace64g-rr-20260505,487,competition/2022-2025/COP22to25/ItemsetMining-k1-ionosphere_c22.xml.lzma,maximize,value_mismatch,sat:98,optimum:195
ace64g-rr-20260505,491,competition/2022-2025/COP22to25/ItemsetMining-k1-vehicle_c22.xml.lzma,maximize,value_mismatch,sat:-409,optimum:148
ace64g-rr-20260505,497,competition/2022-2025/COP22to25/ItemsetMining-k2-sonar_c22.xml.lzma,maximize,value_mismatch,sat:5,sat:97
ace64g-rr-20260505,499,competition/2022-2025/COP22to25/KMedian-aux-pmed01_c23.xml.lzma,minimize,value_mismatch,unknown:11030,sat:5819
ace64g-rr-20260505,500,competition/2022-2025/COP22to25/KMedian-aux-pmed02_c23.xml.lzma,minimize,value_mismatch,unknown:7559,sat:4093
ace64g-rr-20260505,501,competition/2022-2025/COP22to25/KMedian-aux-pmed03_c23.xml.lzma,minimize,value_mismatch,unknown:8342,sat:4250
ace64g-rr-20260505,502,competition/2022-2025/COP22to25/KMedian-aux-pmed04_c23.xml.lzma,minimize,value_mismatch,unknown:5089,sat:3043
ace64g-rr-20260505,503,competition/2022-2025/COP22to25/KMedian-aux-pmed05_c23.xml.lzma,minimize,value_mismatch,unknown:2972,sat:1358
ace64g-rr-20260505,504,competition/2022-2025/COP22to25/KMedian-aux-pmed06_c23.xml.lzma,minimize,value_mismatch,unknown:12171,sat:7824
ace64g-rr-20260505,505,competition/2022-2025/COP22to25/KMedian-aux-pmed07_c23.xml.lzma,minimize,value_mismatch,unknown:8264,sat:5673
ace64g-rr-20260505,506,competition/2022-2025/COP22to25/KMedian-aux-pmed08_c23.xml.lzma,minimize,value_mismatch,unknown:7298,sat:4534
ace64g-rr-20260505,507,competition/2022-2025/COP22to25/KMedian-aux-pmed09_c23.xml.lzma,minimize,value_mismatch,unknown:4575,sat:2801
ace64g-rr-20260505,509,competition/2022-2025/COP22to25/KMedian-aux-pmed11_c23.xml.lzma,minimize,value_mismatch,sat:12965,sat:7714
ace64g-rr-20260505,510,competition/2022-2025/COP22to25/KMedian-aux-pmed12_c23.xml.lzma,minimize,value_mismatch,sat:9913,sat:6652
ace64g-rr-20260505,511,competition/2022-2025/COP22to25/KMedian-aux-pmed13_c23.xml.lzma,minimize,value_mismatch,sat:6150,sat:4599
ace64g-rr-20260505,512,competition/2022-2025/COP22to25/KMedian-aux-pmed14_c23.xml.lzma,minimize,value_mismatch,unknown:7383,sat:3155
ace64g-rr-20260505,521,competition/2022-2025/COP22to25/KidneyExchange-4-111_c23.xml.lzma,maximize,value_mismatch,sat:5,sat:37
ace64g-rr-20260505,522,competition/2022-2025/COP22to25/KidneyExchange-4-121_c23.xml.lzma,maximize,value_mismatch,sat:9,sat:41
ace64g-rr-20260505,523,competition/2022-2025/COP22to25/KidneyExchange-4-131_c23.xml.lzma,maximize,value_mismatch,sat:-6,sat:41
ace64g-rr-20260505,524,competition/2022-2025/COP22to25/KidneyExchange-4-141_c23.xml.lzma,maximize,value_mismatch,sat:-5,sat:65
ace64g-rr-20260505,525,competition/2022-2025/COP22to25/KidneyExchange-4-151_c23.xml.lzma,maximize,value_mismatch,sat:-257,sat:67
ace64g-rr-20260505,526,competition/2022-2025/COP22to25/KidneyExchange-4-161_c23.xml.lzma,maximize,value_mismatch,sat:-68,sat:89
ace64g-rr-20260505,527,competition/2022-2025/COP22to25/KidneyExchange-4-171_c23.xml.lzma,maximize,value_mismatch,sat:-282,sat:93
ace64g-rr-20260505,544,competition/2022-2025/COP22to25/LitPuzzle-30_c24.xml.lzma,minimize,value_mismatch,sat:440,sat:396
ace64g-rr-20260505,548,competition/2022-2025/COP22to25/LowAutocorrelation-020_c25.xml.lzma,minimize,value_mismatch,sat:2470,optimum:26
ace64g-rr-20260505,549,competition/2022-2025/COP22to25/LowAutocorrelation-040_c25.xml.lzma,minimize,value_mismatch,unknown:20540,sat:116
ace64g-rr-20260505,550,competition/2022-2025/COP22to25/LowAutocorrelation-060_c25.xml.lzma,minimize,value_mismatch,unknown:70210,sat:450
ace64g-rr-20260505,551,competition/2022-2025/COP22to25/LowAutocorrelation-080_c25.xml.lzma,minimize,value_mismatch,unknown:167480,sat:860
ace64g-rr-20260505,552,competition/2022-2025/COP22to25/LowAutocorrelation-100_c25.xml.lzma,minimize,value_mismatch,unknown:328350,sat:1342
ace64g-rr-20260505,553,competition/2022-2025/COP22to25/LowAutocorrelation-120_c25.xml.lzma,minimize,value_mismatch,unknown:568820,sat:1948
ace64g-rr-20260505,554,competition/2022-2025/COP22to25/LowAutocorrelation-150_c25.xml.lzma,minimize,value_mismatch,unknown:1113775,sat:2743
ace64g-rr-20260505,555,competition/2022-2025/COP22to25/LowAutocorrelation-200_c25.xml.lzma,minimize,value_mismatch,unknown:2646700,sat:5220
ace64g-rr-20260505,556,competition/2022-2025/COP22to25/LowAutocorrelation-300_c25.xml.lzma,minimize,value_mismatch,unknown:8955050,sat:12166
ace64g-rr-20260505,571,competition/2022-2025/COP22to25/MaximumDensityOscillatingLife-7-4_c24.xml.lzma,maximize,value_mismatch,optimum:108,sat:56
ace64g-rr-20260505,576,competition/2022-2025/COP22to25/MetabolicNetwork-14_c25.xml.lzma,minimize,value_mismatch,sat:2999,optimum:2
ace64g-rr-20260505,592,competition/2022-2025/COP22to25/MultiAgentPathFinding-table-g16-p20-a20_c22.xml.lzma,minimize,value_mismatch,sat:2871,sat:278
ace64g-rr-20260505,603,competition/2022-2025/COP22to25/MultiAgentPathFinding-table-mks-g16-p20-a30_c22.xml.lzma,minimize,value_mismatch,sat:29,optimum:28
ace64g-rr-20260505,609,competition/2022-2025/COP22to25/NurseRostering-01_c22.xml.lzma,minimize,value_mismatch,sat:2842,optimum:607
ace64g-rr-20260505,610,competition/2022-2025/COP22to25/NurseRostering-02_c22.xml.lzma,minimize,value_mismatch,sat:5808,sat:833
ace64g-rr-20260505,611,competition/2022-2025/COP22to25/NurseRostering-03_c22.xml.lzma,minimize,value_mismatch,sat:7499,sat:1005
ace64g-rr-20260505,612,competition/2022-2025/COP22to25/NurseRostering-04_c22.xml.lzma,minimize,value_mismatch,sat:8768,sat:1726
ace64g-rr-20260505,613,competition/2022-2025/COP22to25/NurseRostering-05_c22.xml.lzma,minimize,value_mismatch,sat:7274,sat:1354
ace64g-rr-20260505,614,competition/2022-2025/COP22to25/NurseRostering-06_c22.xml.lzma,minimize,value_mismatch,sat:9272,sat:2557
ace64g-rr-20260505,615,competition/2022-2025/COP22to25/NurseRostering-07_c22.xml.lzma,minimize,value_mismatch,sat:9461,sat:1282
ace64g-rr-20260505,616,competition/2022-2025/COP22to25/NurseRostering-08_c22.xml.lzma,minimize,value_mismatch,unknown:16713,sat:2535
ace64g-rr-20260505,617,competition/2022-2025/COP22to25/NurseRostering-09_c22.xml.lzma,minimize,value_mismatch,sat:17401,sat:560
ace64g-rr-20260505,618,competition/2022-2025/COP22to25/NurseRostering-10_c22.xml.lzma,minimize,value_mismatch,unknown:20886,sat:5282
ace64g-rr-20260505,619,competition/2022-2025/COP22to25/NurseRostering-11_c22.xml.lzma,minimize,value_mismatch,unknown:26038,sat:5246
ace64g-rr-20260505,620,competition/2022-2025/COP22to25/NurseRostering-12_c22.xml.lzma,minimize,value_mismatch,unknown:33168,sat:7135
ace64g-rr-20260505,621,competition/2022-2025/COP22to25/NurseRostering-13_c22.xml.lzma,minimize,value_mismatch,sat:55622,sat:63446
ace64g-rr-20260505,622,competition/2022-2025/COP22to25/NurseRostering-14_c22.xml.lzma,minimize,value_mismatch,unknown:16629,sat:2495
ace64g-rr-20260505,623,competition/2022-2025/COP22to25/NurseRostering-15_c22.xml.lzma,minimize,value_mismatch,unknown:30549,sat:6913
ace64g-rr-20260505,624,competition/2022-2025/COP22to25/NurseRostering-16_c22.xml.lzma,minimize,value_mismatch,unknown:14142,sat:5295
ace64g-rr-20260505,625,competition/2022-2025/COP22to25/NurseRostering-17_c22.xml.lzma,minimize,value_mismatch,unknown:30319,sat:9535
ace64g-rr-20260505,626,competition/2022-2025/COP22to25/NurseRostering-18_c22.xml.lzma,minimize,value_mismatch,unknown:27546,sat:9509
ace64g-rr-20260505,630,competition/2022-2025/COP22to25/NursingWorkload-2zones0_c22.xml.lzma,minimize,value_mismatch,unknown:82977,sat:81621
ace64g-rr-20260505,631,competition/2022-2025/COP22to25/NursingWorkload-2zones1_c22.xml.lzma,minimize,value_mismatch,unknown:70983,sat:70941
ace64g-rr-20260505,632,competition/2022-2025/COP22to25/NursingWorkload-2zones2_c22.xml.lzma,minimize,value_mismatch,unknown:61573,sat:58921
ace64g-rr-20260505,633,competition/2022-2025/COP22to25/NursingWorkload-2zones3_c22.xml.lzma,minimize,value_mismatch,unknown:88253,sat:83577
ace64g-rr-20260505,634,competition/2022-2025/COP22to25/NursingWorkload-2zones4_c22.xml.lzma,minimize,value_mismatch,unknown:85058,sat:84792
ace64g-rr-20260505,635,competition/2022-2025/COP22to25/NursingWorkload-3zones0_c22.xml.lzma,minimize,value_mismatch,unknown:106863,sat:106509
ace64g-rr-20260505,636,competition/2022-2025/COP22to25/NursingWorkload-3zones1_c22.xml.lzma,minimize,value_mismatch,unknown:117982,sat:115734
ace64g-rr-20260505,638,competition/2022-2025/COP22to25/NursingWorkload-3zones3_c22.xml.lzma,minimize,value_mismatch,unknown:123375,sat:120143
ace64g-rr-20260505,641,competition/2022-2025/COP22to25/PSP1-001_c23.xml.lzma,minimize,value_mismatch,unknown:74033,sat:14097
ace64g-rr-20260505,642,competition/2022-2025/COP22to25/PSP1-002_c23.xml.lzma,minimize,value_mismatch,unknown:22174,sat:11466
ace64g-rr-20260505,643,competition/2022-2025/COP22to25/PSP1-003_c23.xml.lzma,minimize,value_mismatch,unknown:29599,sat:11544
ace64g-rr-20260505,644,competition/2022-2025/COP22to25/PSP1-004_c23.xml.lzma,minimize,value_mismatch,unknown:83026,sat:14116
ace64g-rr-20260505,645,competition/2022-2025/COP22to25/PSP1-301_c23.xml.lzma,minimize,value_mismatch,unknown:217261,sat:18943
ace64g-rr-20260505,647,competition/2022-2025/COP22to25/PSP1-303_c23.xml.lzma,minimize,value_mismatch,unknown:244667,sat:34053
ace64g-rr-20260505,648,competition/2022-2025/COP22to25/PSP1-304_c23.xml.lzma,minimize,value_mismatch,unknown:210320,sat:47535
ace64g-rr-20260505,649,competition/2022-2025/COP22to25/PSP2-001_c23.xml.lzma,minimize,value_mismatch,unknown:24897,sat:14051
ace64g-rr-20260505,650,competition/2022-2025/COP22to25/PSP2-002_c23.xml.lzma,minimize,value_mismatch,unknown:18562,sat:11466
ace64g-rr-20260505,651,competition/2022-2025/COP22to25/PSP2-003_c23.xml.lzma,minimize,value_mismatch,unknown:17963,sat:11531
ace64g-rr-20260505,652,competition/2022-2025/COP22to25/PSP2-004_c23.xml.lzma,minimize,value_mismatch,unknown:17751,sat:14090
ace64g-rr-20260505,653,competition/2022-2025/COP22to25/PSP2-301_c23.xml.lzma,minimize,value_mismatch,unknown:29779,sat:18835
ace64g-rr-20260505,654,competition/2022-2025/COP22to25/PSP2-302_c23.xml.lzma,minimize,value_mismatch,unknown:69792,sat:43649
ace64g-rr-20260505,655,competition/2022-2025/COP22to25/PSP2-303_c23.xml.lzma,minimize,value_mismatch,unknown:62994,sat:33419
ace64g-rr-20260505,656,competition/2022-2025/COP22to25/PSP2-304_c23.xml.lzma,minimize,value_mismatch,unknown:68971,sat:47515
ace64g-rr-20260505,660,competition/2022-2025/COP22to25/ProgressiveParty-rally-red42-03_c23.xml.lzma,minimize,value_mismatch,sat:13,sat:12
ace64g-rr-20260505,662,competition/2022-2025/COP22to25/ProgressiveParty-rally-red42-09_c23.xml.lzma,minimize,value_mismatch,sat:14,sat:13
ace64g-rr-20260505,663,competition/2022-2025/COP22to25/ProgressiveParty-rally-red42-12_c23.xml.lzma,minimize,value_mismatch,sat:16,sat:15
ace64g-rr-20260505,667,competition/2022-2025/COP22to25/Pyramid-10-2500_c24.xml.lzma,minimize,value_mismatch,sat:2178,optimum:2144
ace64g-rr-20260505,676,competition/2022-2025/COP22to25/RCPSP-j120-01-03_c22.xml.lzma,minimize,value_mismatch,optimum:125,sat:126
ace64g-rr-20260505,685,competition/2022-2025/COP22to25/RIP-25-0-j090-01-01_c23.xml.lzma,minimize,value_mismatch,sat:877,optimum:214
ace64g-rr-20260505,686,competition/2022-2025/COP22to25/RIP-25-0-j120-01-01_c23.xml.lzma,minimize,value_mismatch,sat:2263,sat:199
ace64g-rr-20260505,687,competition/2022-2025/COP22to25/RIP-25-1-j060-10-01_c23.xml.lzma,minimize,value_mismatch,sat:5160,sat:335
ace64g-rr-20260505,688,competition/2022-2025/COP22to25/RIP-25-1-j090-10-01_c23.xml.lzma,minimize,value_mismatch,sat:7421,sat:511
ace64g-rr-20260505,689,competition/2022-2025/COP22to25/RIP-25-1-j120-10-01_c23.xml.lzma,minimize,value_mismatch,sat:6626,sat:360
ace64g-rr-20260505,692,competition/2022-2025/COP22to25/RIP-25-2-j120-20-01_c23.xml.lzma,minimize,value_mismatch,sat:7281,sat:435
ace64g-rr-20260505,693,competition/2022-2025/COP22to25/RIP-25-3-j060-30-01_c23.xml.lzma,minimize,value_mismatch,sat:8500,sat:627
ace64g-rr-20260505,694,competition/2022-2025/COP22to25/RIP-25-3-j090-30-01_c23.xml.lzma,minimize,value_mismatch,sat:12734,sat:676
ace64g-rr-20260505,695,competition/2022-2025/COP22to25/RIP-25-3-j120-30-01_c23.xml.lzma,minimize,value_mismatch,sat:8475,sat:493
ace64g-rr-20260505,700,competition/2022-2025/COP22to25/RLFAP-graph-05-opt_c22.xml.lzma,minimize,value_mismatch,unknown:167706,optimum:221
ace64g-rr-20260505,701,competition/2022-2025/COP22to25/RLFAP-graph-06-opt_c22.xml.lzma,minimize,value_mismatch,unknown:334389,sat:8126
ace64g-rr-20260505,702,competition/2022-2025/COP22to25/RLFAP-graph-07-opt_c22.xml.lzma,minimize,value_mismatch,unknown:282285,optimum:4324
ace64g-rr-20260505,706,competition/2022-2025/COP22to25/RLFAP-graph-11-opt_c22.xml.lzma,minimize,value_mismatch,unknown:594860,sat:10907
ace64g-rr-20260505,707,competition/2022-2025/COP22to25/RLFAP-graph-12-opt_c22.xml.lzma,minimize,value_mismatch,unknown:575440,sat:11827
ace64g-rr-20260505,708,competition/2022-2025/COP22to25/RLFAP-graph-13-opt_c22.xml.lzma,minimize,value_mismatch,unknown:822041,sat:23340
ace64g-rr-20260505,709,competition/2022-2025/COP22to25/RLFAP-graph-14-opt_c22.xml.lzma,minimize,value_mismatch,optimum:8,sat:10
ace64g-rr-20260505,715,competition/2022-2025/COP22to25/RLFAP-scen-06-opt_c22.xml.lzma,minimize,value_mismatch,unknown:193264,sat:3389
ace64g-rr-20260505,716,competition/2022-2025/COP22to25/RLFAP-scen-07-opt_c22.xml.lzma,minimize,value_mismatch,internal_error:366320827,sat:343592
ace64g-rr-20260505,717,competition/2022-2025/COP22to25/RLFAP-scen-08-opt_c22.xml.lzma,minimize,value_mismatch,sat:8695,sat:631
ace64g-rr-20260505,718,competition/2022-2025/COP22to25/RLFAP-scen-09-opt_c22.xml.lzma,minimize,value_mismatch,unknown:560320,sat:15571
ace64g-rr-20260505,719,competition/2022-2025/COP22to25/RLFAP-scen-10-opt_c22.xml.lzma,minimize,value_mismatch,unknown:13295644,optimum:31516
ace64g-rr-20260505,748,competition/2022-2025/COP22to25/RubiksCube-10-4-20-3_c24.xml.lzma,minimize,value_mismatch,optimum:10,sat:15
ace64g-rr-20260505,749,competition/2022-2025/COP22to25/RubiksCube-11-4-20-0_c24.xml.lzma,minimize,value_mismatch,optimum:11,sat:17
ace64g-rr-20260505,752,competition/2022-2025/COP22to25/RubiksCube-11-4-20-3_c24.xml.lzma,minimize,value_mismatch,optimum:11,sat:13
ace64g-rr-20260505,760,competition/2022-2025/COP22to25/Rulemining-hab-07-3-30_c23.xml.lzma,maximize,value_mismatch,sat:54,sat:59
ace64g-rr-20260505,762,competition/2022-2025/COP22to25/Rulemining-hab-08-3-30_c23.xml.lzma,maximize,value_mismatch,sat:56,sat:58
ace64g-rr-20260505,764,competition/2022-2025/COP22to25/Rulemining-hab-09-3-30_c23.xml.lzma,maximize,value_mismatch,sat:55,sat:60
ace64g-rr-20260505,766,competition/2022-2025/COP22to25/Rulemining-hab-10-3-30_c23.xml.lzma,maximize,value_mismatch,sat:57,sat:62
ace64g-rr-20260505,768,competition/2022-2025/COP22to25/SREFLP-Cl07_c23.xml.lzma,minimize,value_mismatch,unknown:1710,optimum:1590
ace64g-rr-20260505,769,competition/2022-2025/COP22to25/SREFLP-Cl12_c23.xml.lzma,minimize,value_mismatch,unknown:19630,sat:11400
ace64g-rr-20260505,770,competition/2022-2025/COP22to25/SREFLP-Cl15_c23.xml.lzma,minimize,value_mismatch,unknown:44430,sat:22920
ace64g-rr-20260505,771,competition/2022-2025/COP22to25/SREFLP-Cl20_c23.xml.lzma,minimize,value_mismatch,unknown:112070,sat:68290
ace64g-rr-20260505,772,competition/2022-2025/COP22to25/SREFLP-Cl30_c23.xml.lzma,minimize,value_mismatch,unknown:337410,sat:207590
ace64g-rr-20260505,773,competition/2022-2025/COP22to25/SREFLP-sko042-1_c23.xml.lzma,minimize,value_mismatch,unknown:32698,sat:23284
ace64g-rr-20260505,774,competition/2022-2025/COP22to25/SREFLP-sko042-2_c23.xml.lzma,minimize,value_mismatch,unknown:307614,sat:194787
ace64g-rr-20260505,775,competition/2022-2025/COP22to25/SREFLP-sko042-3_c23.xml.lzma,minimize,value_mismatch,unknown:255968,sat:156343
ace64g-rr-20260505,776,competition/2022-2025/COP22to25/SREFLP-sko042-4_c23.xml.lzma,minimize,value_mismatch,unknown:197743,sat:129026
ace64g-rr-20260505,777,competition/2022-2025/COP22to25/SREFLP-sko042-5_c23.xml.lzma,minimize,value_mismatch,unknown:356469,sat:224888
ace64g-rr-20260505,778,competition/2022-2025/COP22to25/SREFLP-sko049-1_c23.xml.lzma,minimize,value_mismatch,unknown:48143,sat:38819
ace64g-rr-20260505,779,competition/2022-2025/COP22to25/SREFLP-sko049-2_c23.xml.lzma,minimize,value_mismatch,unknown:565272,sat:383409
ace64g-rr-20260505,780,competition/2022-2025/COP22to25/SREFLP-sko049-3_c23.xml.lzma,minimize,value_mismatch,unknown:439303,sat:306529
ace64g-rr-20260505,781,competition/2022-2025/COP22to25/SREFLP-sko049-4_c23.xml.lzma,minimize,value_mismatch,unknown:327539,sat:223365
ace64g-rr-20260505,782,competition/2022-2025/COP22to25/SREFLP-sko049-5_c23.xml.lzma,minimize,value_mismatch,unknown:878767,sat:618106
ace64g-rr-20260505,785,competition/2022-2025/COP22to25/SameQueensKnights-b-15_c24.xml.lzma,maximize,value_mismatch,sat:24,sat:25
ace64g-rr-20260505,787,competition/2022-2025/COP22to25/SameQueensKnights-b-25_c24.xml.lzma,maximize,value_mismatch,sat:20,sat:42
ace64g-rr-20260505,788,competition/2022-2025/COP22to25/SameQueensKnights-b-30_c24.xml.lzma,maximize,value_mismatch,sat:22,sat:52
ace64g-rr-20260505,789,competition/2022-2025/COP22to25/SameQueensKnights-b-35_c24.xml.lzma,maximize,value_mismatch,sat:29,sat:61
ace64g-rr-20260505,790,competition/2022-2025/COP22to25/SameQueensKnights-b-40_c24.xml.lzma,maximize,value_mismatch,sat:34,sat:69
ace64g-rr-20260505,800,competition/2022-2025/COP22to25/SchedulingOS-gp-05-01_c25.xml.lzma,minimize,value_mismatch,sat:2134,optimum:1245
ace64g-rr-20260505,801,competition/2022-2025/COP22to25/SchedulingOS-gp-05-05_c25.xml.lzma,minimize,value_mismatch,sat:2030,optimum:1280
ace64g-rr-20260505,802,competition/2022-2025/COP22to25/SchedulingOS-gp-06-01_c25.xml.lzma,minimize,value_mismatch,sat:1751,sat:1264
ace64g-rr-20260505,803,competition/2022-2025/COP22to25/SchedulingOS-gp-06-05_c25.xml.lzma,minimize,value_mismatch,sat:3038,sat:1299
ace64g-rr-20260505,804,competition/2022-2025/COP22to25/SchedulingOS-gp-07-01_c25.xml.lzma,minimize,value_mismatch,sat:4325,sat:1159
ace64g-rr-20260505,805,competition/2022-2025/COP22to25/SchedulingOS-gp-07-05_c25.xml.lzma,minimize,value_mismatch,sat:6197,sat:1157
ace64g-rr-20260505,806,competition/2022-2025/COP22to25/SchedulingOS-gp-08-01_c25.xml.lzma,minimize,value_mismatch,sat:8490,sat:1193
ace64g-rr-20260505,807,competition/2022-2025/COP22to25/SchedulingOS-gp-08-05_c25.xml.lzma,minimize,value_mismatch,sat:8623,sat:1219
ace64g-rr-20260505,808,competition/2022-2025/COP22to25/SchedulingOS-gp-09-01_c25.xml.lzma,minimize,value_mismatch,sat:9637,sat:1257
ace64g-rr-20260505,809,competition/2022-2025/COP22to25/SchedulingOS-gp-09-05_c25.xml.lzma,minimize,value_mismatch,sat:9001,sat:1197
ace64g-rr-20260505,810,competition/2022-2025/COP22to25/SchedulingOS-gp-10-01_c25.xml.lzma,minimize,value_mismatch,sat:10192,sat:1143
ace64g-rr-20260505,811,competition/2022-2025/COP22to25/SchedulingOS-gp-10-05_c25.xml.lzma,minimize,value_mismatch,sat:10329,sat:1330
ace64g-rr-20260505,819,competition/2022-2025/COP22to25/Sonet-s3ring07_c23.xml.lzma,minimize,value_mismatch,optimum:20,sat:21
ace64g-rr-20260505,827,competition/2022-2025/COP22to25/Sonet-s3ring15_c23.xml.lzma,minimize,value_mismatch,sat:22,sat:24
ace64g-rr-20260505,828,competition/2022-2025/COP22to25/Spot5-0005_c22.xml.lzma,minimize,value_mismatch,sat:264,sat:261
ace64g-rr-20260505,829,competition/2022-2025/COP22to25/Spot5-0028_c22.xml.lzma,minimize,value_mismatch,unknown:285110,sat:271105
ace64g-rr-20260505,830,competition/2022-2025/COP22to25/Spot5-0029_c22.xml.lzma,minimize,value_mismatch,sat:10059,optimum:8059
ace64g-rr-20260505,831,competition/2022-2025/COP22to25/Spot5-0042_c22.xml.lzma,minimize,value_mismatch,unknown:169050,sat:155050
ace64g-rr-20260505,833,competition/2022-2025/COP22to25/Spot5-0412_c22.xml.lzma,minimize,value_mismatch,unknown:41387,sat:32381
ace64g-rr-20260505,834,competition/2022-2025/COP22to25/Spot5-0414_c22.xml.lzma,minimize,value_mismatch,unknown:51481,sat:38478
ace64g-rr-20260505,835,competition/2022-2025/COP22to25/Spot5-0503_c22.xml.lzma,minimize,value_mismatch,sat:14121,sat:11113
ace64g-rr-20260505,836,competition/2022-2025/COP22to25/Spot5-1401_c22.xml.lzma,minimize,value_mismatch,unknown:481101,sat:461106
ace64g-rr-20260505,837,competition/2022-2025/COP22to25/Spot5-1502_c22.xml.lzma,minimize,value_mismatch,unknown:28046,sat:28042
ace64g-rr-20260505,842,competition/2022-2025/COP22to25/StillLife-09-12_c24.xml.lzma,maximize,value_mismatch,sat:58,sat:57
ace64g-rr-20260505,846,competition/2022-2025/COP22to25/StillLife-12-18_c24.xml.lzma,maximize,value_mismatch,sat:111,sat:114
ace64g-rr-20260505,850,competition/2022-2025/COP22to25/StillLife-wastage-20-20_c24.xml.lzma,maximize,value_mismatch,optimum:210,sat:207
ace64g-rr-20260505,851,competition/2022-2025/COP22to25/StillLife-wastage-30-30_c24.xml.lzma,maximize,value_mismatch,sat:436,sat:457
ace64g-rr-20260505,852,competition/2022-2025/COP22to25/StillLife-wastage-40-40_c24.xml.lzma,maximize,value_mismatch,sat:635,sat:799
ace64g-rr-20260505,853,competition/2022-2025/COP22to25/StillLife-wastage-50-50_c24.xml.lzma,maximize,value_mismatch,sat:4,sat:1186
ace64g-rr-20260505,860,competition/2022-2025/COP22to25/TAL-07_c22.xml.lzma,minimize,value_mismatch,sat:306,sat:126
ace64g-rr-20260505,862,competition/2022-2025/COP22to25/TAL-09_c22.xml.lzma,minimize,value_mismatch,sat:256,sat:102
ace64g-rr-20260505,863,competition/2022-2025/COP22to25/TAL-10_c22.xml.lzma,minimize,value_mismatch,sat:364,sat:190
ace64g-rr-20260505,865,competition/2022-2025/COP22to25/TSPTW1-n020w040-1_c23.xml.lzma,minimize,value_mismatch,sat:277,optimum:254
ace64g-rr-20260505,866,competition/2022-2025/COP22to25/TSPTW1-n020w060-1_c23.xml.lzma,minimize,value_mismatch,sat:384,optimum:335
ace64g-rr-20260505,867,competition/2022-2025/COP22to25/TSPTW1-n020w080-1_c23.xml.lzma,minimize,value_mismatch,sat:386,sat:329
ace64g-rr-20260505,872,competition/2022-2025/COP22to25/TSPTW2-n040w020-1_c23.xml.lzma,minimize,value_mismatch,sat:519,sat:500
ace64g-rr-20260505,873,competition/2022-2025/COP22to25/TSPTW2-n040w040-1_c23.xml.lzma,minimize,value_mismatch,sat:515,sat:465
ace64g-rr-20260505,875,competition/2022-2025/COP22to25/TSPTW2-n040w080-1_c23.xml.lzma,minimize,value_mismatch,sat:480,sat:395
ace64g-rr-20260505,876,competition/2022-2025/COP22to25/TSPTW2-n060w020-1_c23.xml.lzma,minimize,value_mismatch,sat:577,sat:551
ace64g-rr-20260505,880,competition/2022-2025/COP22to25/TankAllocation1-0000_c25.xml.lzma,maximize,value_mismatch,sat:0,sat:1535
ace64g-rr-20260505,881,competition/2022-2025/COP22to25/TankAllocation1-0400_c25.xml.lzma,maximize,value_mismatch,sat:0,sat:1226
ace64g-rr-20260505,882,competition/2022-2025/COP22to25/TankAllocation1-0800_c25.xml.lzma,maximize,value_mismatch,sat:4299,sat:5808
ace64g-rr-20260505,883,competition/2022-2025/COP22to25/TankAllocation1-1200_c25.xml.lzma,maximize,value_mismatch,sat:0,optimum:300
ace64g-rr-20260505,884,competition/2022-2025/COP22to25/TankAllocation1-1600_c25.xml.lzma,maximize,value_mismatch,sat:243,sat:835
ace64g-rr-20260505,885,competition/2022-2025/COP22to25/TankAllocation1-2000_c25.xml.lzma,maximize,value_mismatch,sat:0,sat:1176
ace64g-rr-20260505,886,competition/2022-2025/COP22to25/TankAllocation1-2400_c25.xml.lzma,maximize,value_mismatch,sat:2886,optimum:4304
ace64g-rr-20260505,887,competition/2022-2025/COP22to25/TankAllocation1-2591_c25.xml.lzma,maximize,value_mismatch,sat:1015,sat:1902
ace64g-rr-20260505,888,competition/2022-2025/COP22to25/TankAllocation1-chemical_c25.xml.lzma,maximize,value_mismatch,sat:0,sat:2296
ace64g-rr-20260505,889,competition/2022-2025/COP22to25/TankAllocation2-0000_c25.xml.lzma,maximize,value_mismatch,sat:0,sat:1599
ace64g-rr-20260505,890,competition/2022-2025/COP22to25/TankAllocation2-0400_c25.xml.lzma,maximize,value_mismatch,sat:0,sat:1226
ace64g-rr-20260505,891,competition/2022-2025/COP22to25/TankAllocation2-0800_c25.xml.lzma,maximize,value_mismatch,sat:2917,sat:5799
ace64g-rr-20260505,892,competition/2022-2025/COP22to25/TankAllocation2-1200_c25.xml.lzma,maximize,value_mismatch,sat:0,optimum:300
ace64g-rr-20260505,893,competition/2022-2025/COP22to25/TankAllocation2-1600_c25.xml.lzma,maximize,value_mismatch,sat:0,sat:835
ace64g-rr-20260505,894,competition/2022-2025/COP22to25/TankAllocation2-2000_c25.xml.lzma,maximize,value_mismatch,sat:0,sat:1209
ace64g-rr-20260505,895,competition/2022-2025/COP22to25/TankAllocation2-2400_c25.xml.lzma,maximize,value_mismatch,sat:1958,sat:4304
ace64g-rr-20260505,896,competition/2022-2025/COP22to25/TankAllocation2-2591_c25.xml.lzma,maximize,value_mismatch,sat:486,sat:1902
ace64g-rr-20260505,897,competition/2022-2025/COP22to25/TankAllocation2-chemical_c25.xml.lzma,maximize,value_mismatch,sat:0,sat:2034
ace64g-rr-20260505,919,competition/2022-2025/COP22to25/TravelingTournament-galaxy04_c24.xml.lzma,minimize,value_mismatch,sat:442,optimum:416
ace64g-rr-20260505,920,competition/2022-2025/COP22to25/TravelingTournament-galaxy06_c24.xml.lzma,minimize,value_mismatch,sat:1599,sat:1375
ace64g-rr-20260505,921,competition/2022-2025/COP22to25/TravelingTournament-galaxy08_c24.xml.lzma,minimize,value_mismatch,sat:3492,sat:2434
ace64g-rr-20260505,922,competition/2022-2025/COP22to25/TravelingTournament-galaxy10_c24.xml.lzma,minimize,value_mismatch,sat:6723,sat:4982
ace64g-rr-20260505,923,competition/2022-2025/COP22to25/TravelingTournament-galaxy12_c24.xml.lzma,minimize,value_mismatch,sat:10842,sat:8185
ace64g-rr-20260505,924,competition/2022-2025/COP22to25/TravelingTournament-galaxy14_c24.xml.lzma,minimize,value_mismatch,sat:17679,sat:12550
ace64g-rr-20260505,925,competition/2022-2025/COP22to25/TravelingTournament-galaxy16_c24.xml.lzma,minimize,value_mismatch,unknown:23710,sat:17882
ace64g-rr-20260505,926,competition/2022-2025/COP22to25/TravelingTournament-galaxy18_c24.xml.lzma,minimize,value_mismatch,unknown:32247,sat:24649
ace64g-rr-20260505,927,competition/2022-2025/COP22to25/TravelingTournament-galaxy20_c24.xml.lzma,minimize,value_mismatch,unknown:41572,sat:31760
ace64g-rr-20260505,928,competition/2022-2025/COP22to25/TravelingTournament-galaxy24_c24.xml.lzma,minimize,value_mismatch,unknown:69469,sat:55719
ace64g-rr-20260505,929,competition/2022-2025/COP22to25/TravelingTournament-galaxy28_c24.xml.lzma,minimize,value_mismatch,unknown:116066,sat:96379
ace64g-rr-20260505,930,competition/2022-2025/COP22to25/TravelingTournament-galaxy32_c24.xml.lzma,minimize,value_mismatch,unknown:187898,sat:158039
ace64g-rr-20260505,931,competition/2022-2025/COP22to25/TravelingTournament-galaxy36_c24.xml.lzma,minimize,value_mismatch,unknown:279010,sat:240684
ace64g-rr-20260505,934,competition/2022-2025/COP22to25/Triangular-15_c22.xml.lzma,maximize,value_mismatch,sat:32,sat:33
ace64g-rr-20260505,936,competition/2022-2025/COP22to25/Triangular-22_c22.xml.lzma,maximize,value_mismatch,sat:51,sat:50
ace64g-rr-20260505,938,competition/2022-2025/COP22to25/Triangular-28_c22.xml.lzma,maximize,value_mismatch,sat:68,sat:67
ace64g-rr-20260505,940,competition/2022-2025/COP22to25/Triangular-32_c22.xml.lzma,maximize,value_mismatch,sat:79,sat:78
ace64g-rr-20260505,941,competition/2022-2025/COP22to25/Triangular-35_c22.xml.lzma,maximize,value_mismatch,sat:85,sat:89
ace64g-rr-20260505,942,competition/2022-2025/COP22to25/Triangular-38_c22.xml.lzma,maximize,value_mismatch,sat:93,sat:99
ace64g-rr-20260505,946,competition/2022-2025/COP22to25/VRP_LC-09-05-15-s2_c24.xml.lzma,minimize,value_mismatch,sat:702,sat:411
ace64g-rr-20260505,947,competition/2022-2025/COP22to25/VRP_LC-09-05-15-s3_c24.xml.lzma,minimize,value_mismatch,sat:702,sat:411
ace64g-rr-20260505,948,competition/2022-2025/COP22to25/VRP_LC-10-05-20-s3_c24.xml.lzma,minimize,value_mismatch,sat:320,sat:288
ace64g-rr-20260505,949,competition/2022-2025/COP22to25/VRP_LC-11-05-15-s3_c24.xml.lzma,minimize,value_mismatch,sat:601,sat:332
ace64g-rr-20260505,950,competition/2022-2025/COP22to25/VRP_LC-11-05-15-s4_c24.xml.lzma,minimize,value_mismatch,sat:601,sat:332
ace64g-rr-20260505,951,competition/2022-2025/COP22to25/VRP_LC-13-11-15-s3_c24.xml.lzma,minimize,value_mismatch,sat:646,sat:446
ace64g-rr-20260505,952,competition/2022-2025/COP22to25/VRP_LC-13-11-20-s4_c24.xml.lzma,minimize,value_mismatch,sat:926,sat:604
ace64g-rr-20260505,963,competition/2022-2025/COP22to25/Warehouse-40-80-00_c22.xml.lzma,minimize,value_mismatch,unknown:45114,sat:5073
ace64g-rr-20260505,964,competition/2022-2025/COP22to25/Warehouse-40-80-01_c22.xml.lzma,minimize,value_mismatch,unknown:44150,sat:5299
ace64g-rr-20260505,965,competition/2022-2025/COP22to25/Warehouse-40-80-02_c22.xml.lzma,minimize,value_mismatch,unknown:48869,sat:5396
ace64g-rr-20260505,966,competition/2022-2025/COP22to25/Warehouse-50-100-00_c22.xml.lzma,minimize,value_mismatch,unknown:51798,sat:5735
ace64g-rr-20260505,967,competition/2022-2025/COP22to25/Warehouse-50-100-01_c22.xml.lzma,minimize,value_mismatch,unknown:58104,sat:5955
ace64g-rr-20260505,968,competition/2022-2025/COP22to25/Warehouse-50-100-02_c22.xml.lzma,minimize,value_mismatch,unknown:62429,sat:6183
ace64g-rr-20260505,969,competition/2022-2025/COP22to25/Warehouse-60-120-00_c22.xml.lzma,minimize,value_mismatch,unknown:70996,sat:6288
ace64g-rr-20260505,970,competition/2022-2025/COP22to25/Warehouse-60-120-01_c22.xml.lzma,minimize,value_mismatch,unknown:65389,sat:6491
ace64g-rr-20260505,971,competition/2022-2025/COP22to25/Warehouse-60-120-02_c22.xml.lzma,minimize,value_mismatch,unknown:64862,sat:6587
ace64g-rr-20260505,980,competition/2022-2025/COP22to25/WordGolf-6-ogd2008-50-0_c24.xml.lzma,minimize,value_mismatch,sat:49,optimum:9
ace64g-rr-20260505,981,competition/2022-2025/COP22to25/WordGolf-6-ogd2008-50-1_c24.xml.lzma,minimize,value_mismatch,sat:48,optimum:12
ace64g-rr-20260505,982,competition/2022-2025/COP22to25/WordGolf-6-ogd2008-50-2_c24.xml.lzma,minimize,value_mismatch,sat:18,optimum:11
ace64g-rr-20260505,983,competition/2022-2025/COP22to25/WordGolf-6-ogd2008-50-3_c24.xml.lzma,minimize,value_mismatch,sat:49,optimum:7
ace64g-rr-20260505,989,competition/2022-2025/COP22to25/Wordpress-04-06-500_c24.xml.lzma,minimize,value_mismatch,unknown:21612,optimum:1866
ace64g-rr-20260505,990,competition/2022-2025/COP22to25/Wordpress-04-07-500_c24.xml.lzma,minimize,value_mismatch,unknown:30764,optimum:1748
ace64g-rr-20260505,991,competition/2022-2025/COP22to25/Wordpress-04-08-500_c24.xml.lzma,minimize,value_mismatch,unknown:31591,optimum:1630
ace64g-rr-20260505,992,competition/2022-2025/COP22to25/Wordpress-04-09-500_c24.xml.lzma,minimize,value_mismatch,unknown:23344,optimum:1536
ace64g-rr-20260505,993,competition/2022-2025/COP22to25/Wordpress-04-10-500_c24.xml.lzma,minimize,value_mismatch,unknown:32496,optimum:1442
ace64g-rr-20260505,994,competition/2022-2025/COP22to25/Wordpress-08-20-500_c24.xml.lzma,minimize,value_mismatch,unknown:40766,sat:2674
ace64g-rr-20260505,995,competition/2022-2025/COP22to25/Wordpress-12-30-500_c24.xml.lzma,minimize,value_mismatch,unknown:49036,sat:3580
ace64g-rr-20260505,996,competition/2022-2025/COP22to25/Wordpress-16-40-500_c24.xml.lzma,minimize,value_mismatch,unknown:48981,sat:4812
ace64g-rr-20260505,997,competition/2022-2025/COP22to25/Wordpress-20-50-500_c24.xml.lzma,minimize,value_mismatch,unknown:457600,sat:5834
ace64g-rr-20260505,998,competition/2022-2025/COP22to25/Wordpress-24-60-500_c24.xml.lzma,minimize,value_mismatch,unknown:73846,sat:6740
ace64g-rr-20260505,999,competition/2022-2025/COP22to25/Wordpress-28-70-500_c24.xml.lzma,minimize,value_mismatch,unknown:82116,sat:7972
ace64g-rr-20260505,1000,competition/2022-2025/COP22to25/Wordpress-32-80-500_c24.xml.lzma,minimize,value_mismatch,unknown:90386,sat:8994
pycsp3-extra-ortools-20260505,37,competition/2022-2025/COP22to25/AircraftLanding-table-airland01_c22.xml.lzma,minimize,value_mismatch,unknown:1528000,optimum:70000
pycsp3-extra-ortools-20260505,38,competition/2022-2025/COP22to25/AircraftLanding-table-airland02_c22.xml.lzma,minimize,value_mismatch,unknown:7023000,optimum:148000
pycsp3-extra-ortools-20260505,39,competition/2022-2025/COP22to25/AircraftLanding-table-airland03_c22.xml.lzma,minimize,value_mismatch,unknown:7420000,optimum:82000
pycsp3-extra-ortools-20260505,40,competition/2022-2025/COP22to25/AircraftLanding-table-airland04_c22.xml.lzma,minimize,value_mismatch,unknown:11247000,timeout:252000
pycsp3-extra-ortools-20260505,41,competition/2022-2025/COP22to25/AircraftLanding-table-airland05_c22.xml.lzma,minimize,value_mismatch,unknown:8545000,timeout:310000
pycsp3-extra-ortools-20260505,43,competition/2022-2025/COP22to25/AircraftLanding-table-airland07_c22.xml.lzma,minimize,value_mismatch,unknown:775000,optimum:155000
pycsp3-extra-ortools-20260505,44,competition/2022-2025/COP22to25/AircraftLanding-table-airland08_c22.xml.lzma,minimize,value_mismatch,unknown:9597000,timeout:195000
pycsp3-extra-ortools-20260505,45,competition/2022-2025/COP22to25/AircraftLanding-table-airland09_c22.xml.lzma,minimize,value_mismatch,unknown:19682693,timeout:1461584
pycsp3-extra-ortools-20260505,46,competition/2022-2025/COP22to25/AircraftLanding-table-airland10_c22.xml.lzma,minimize,value_mismatch,unknown:30080096,timeout:3172953
pycsp3-extra-ortools-20260505,47,competition/2022-2025/COP22to25/AircraftLanding-table-airland11_c22.xml.lzma,minimize,value_mismatch,unknown:9612481,timeout:4010249
pycsp3-extra-ortools-20260505,48,competition/2022-2025/COP22to25/AircraftLanding-table-airland12_c22.xml.lzma,minimize,value_mismatch,unknown:13484019,timeout:5375902
pycsp3-extra-ortools-20260505,49,competition/2022-2025/COP22to25/AircraftLanding-table-airland13_c22.xml.lzma,minimize,value_mismatch,internal_error:18462542,timeout:19764152
pycsp3-extra-ortools-20260505,52,competition/2022-2025/COP22to25/AlteredStates-04_c25.xml.lzma,maximize,value_mismatch,sat:55,timeout:64
pycsp3-extra-ortools-20260505,53,competition/2022-2025/COP22to25/AlteredStates-05_c25.xml.lzma,maximize,value_mismatch,sat:65,timeout:81
pycsp3-extra-ortools-20260505,54,competition/2022-2025/COP22to25/AlteredStates-06_c25.xml.lzma,maximize,value_mismatch,sat:109,timeout:105
pycsp3-extra-ortools-20260505,55,competition/2022-2025/COP22to25/AlteredStates-08_c25.xml.lzma,maximize,value_mismatch,sat:135,timeout:152
pycsp3-extra-ortools-20260505,56,competition/2022-2025/COP22to25/AlteredStates-10_c25.xml.lzma,maximize,value_mismatch,sat:139,timeout:204
pycsp3-extra-ortools-20260505,57,competition/2022-2025/COP22to25/AlteredStates-12_c25.xml.lzma,maximize,value_mismatch,sat:187,timeout:274
pycsp3-extra-ortools-20260505,58,competition/2022-2025/COP22to25/AlteredStates-15_c25.xml.lzma,maximize,value_mismatch,sat:247,timeout:373
pycsp3-extra-ortools-20260505,59,competition/2022-2025/COP22to25/AlteredStates-bis-02_c25.xml.lzma,maximize,value_mismatch,unknown:0,optimum:29145505
pycsp3-extra-ortools-20260505,60,competition/2022-2025/COP22to25/AlteredStates-bis-03_c25.xml.lzma,maximize,value_mismatch,unknown:15566668,timeout:114156317
pycsp3-extra-ortools-20260505,61,competition/2022-2025/COP22to25/AlteredStates-bis-04_c25.xml.lzma,maximize,value_mismatch,unknown:12376299,timeout:158283765
pycsp3-extra-ortools-20260505,62,competition/2022-2025/COP22to25/AlteredStates-bis-05_c25.xml.lzma,maximize,value_mismatch,unknown:0,timeout:194615934
pycsp3-extra-ortools-20260505,63,competition/2022-2025/COP22to25/AlteredStates-bis-06_c25.xml.lzma,maximize,value_mismatch,unknown:0,timeout:207812637
pycsp3-extra-ortools-20260505,64,competition/2022-2025/COP22to25/AlteredStates-bis-08_c25.xml.lzma,maximize,value_mismatch,unknown:0,timeout:272888755
pycsp3-extra-ortools-20260505,65,competition/2022-2025/COP22to25/AlteredStates-bis-10_c25.xml.lzma,maximize,value_mismatch,unknown:0,timeout:294208534
pycsp3-extra-ortools-20260505,66,competition/2022-2025/COP22to25/AlteredStates-bis-12_c25.xml.lzma,maximize,value_mismatch,unknown:0,timeout:300172507
pycsp3-extra-ortools-20260505,67,competition/2022-2025/COP22to25/AlteredStates-bis-15_c25.xml.lzma,maximize,value_mismatch,unknown:0,optimum:330759736
pycsp3-extra-ortools-20260505,69,competition/2022-2025/COP22to25/AztecDiamondSym-04_c24.xml.lzma,minimize,value_mismatch,sat:793,optimum:341
pycsp3-extra-ortools-20260505,70,competition/2022-2025/COP22to25/AztecDiamondSym-05_c24.xml.lzma,minimize,value_mismatch,sat:2623,timeout:1189
pycsp3-extra-ortools-20260505,103,competition/2022-2025/COP22to25/BinPacking-table-n3c3w2a_c24.xml.lzma,minimize,value_mismatch,sat:86,timeout:103
pycsp3-extra-ortools-20260505,106,competition/2022-2025/COP22to25/BinPacking2-n3c2w1a_c24.xml.lzma,minimize,value_mismatch,sat:107,timeout:91
pycsp3-extra-ortools-20260505,107,competition/2022-2025/COP22to25/BinPacking2-n3c3w1a_c24.xml.lzma,minimize,value_mismatch,sat:74,optimum:66
pycsp3-extra-ortools-20260505,108,competition/2022-2025/COP22to25/BinPacking2-n3c3w2a_c24.xml.lzma,minimize,value_mismatch,sat:97,timeout:85
pycsp3-extra-ortools-20260505,109,competition/2022-2025/COP22to25/BinPacking2-n3c3w4a_c24.xml.lzma,minimize,value_mismatch,sat:105,timeout:91
pycsp3-extra-ortools-20260505,111,competition/2022-2025/COP22to25/BlockModeling-kansas-02_c25.xml.lzma,minimize,value_mismatch,sat:148,optimum:96
pycsp3-extra-ortools-20260505,112,competition/2022-2025/COP22to25/BlockModeling-kansas-03_c25.xml.lzma,minimize,value_mismatch,sat:148,timeout:83
pycsp3-extra-ortools-20260505,115,competition/2022-2025/COP22to25/BlockModeling-karate-02_c25.xml.lzma,minimize,value_mismatch,sat:78,optimum:77
pycsp3-extra-ortools-20260505,120,competition/2022-2025/COP22to25/BlockModeling-politicalactor-03_c25.xml.lzma,minimize,value_mismatch,sat:56,optimum:36
pycsp3-extra-ortools-20260505,121,competition/2022-2025/COP22to25/BlockModeling-politicalactor-05_c25.xml.lzma,minimize,value_mismatch,sat:56,timeout:26
pycsp3-extra-ortools-20260505,124,competition/2022-2025/COP22to25/BlockModeling-transatlantic-03_c25.xml.lzma,minimize,value_mismatch,sat:37,optimum:29
pycsp3-extra-ortools-20260505,125,competition/2022-2025/COP22to25/BlockModeling-transatlantic-05_c25.xml.lzma,minimize,value_mismatch,sat:37,timeout:22
pycsp3-extra-ortools-20260505,127,competition/2022-2025/COP22to25/BusScheduling-c1_c25.xml.lzma,minimize,value_mismatch,sat:30,optimum:26
pycsp3-extra-ortools-20260505,128,competition/2022-2025/COP22to25/BusScheduling-c1a_c25.xml.lzma,minimize,value_mismatch,sat:31,optimum:26
pycsp3-extra-ortools-20260505,129,competition/2022-2025/COP22to25/BusScheduling-c2_c25.xml.lzma,minimize,value_mismatch,sat:35,optimum:29
pycsp3-extra-ortools-20260505,130,competition/2022-2025/COP22to25/BusScheduling-r1_c25.xml.lzma,minimize,value_mismatch,sat:17,optimum:11
pycsp3-extra-ortools-20260505,131,competition/2022-2025/COP22to25/BusScheduling-r1a_c25.xml.lzma,minimize,value_mismatch,sat:19,optimum:11
pycsp3-extra-ortools-20260505,132,competition/2022-2025/COP22to25/BusScheduling-r2_c25.xml.lzma,minimize,value_mismatch,sat:18,optimum:14
pycsp3-extra-ortools-20260505,134,competition/2022-2025/COP22to25/BusScheduling-r4_c25.xml.lzma,minimize,value_mismatch,sat:30,optimum:25
pycsp3-extra-ortools-20260505,135,competition/2022-2025/COP22to25/BusScheduling-r5_c25.xml.lzma,minimize,value_mismatch,sat:31,optimum:29
pycsp3-extra-ortools-20260505,138,competition/2022-2025/COP22to25/BusScheduling-t2_c25.xml.lzma,minimize,value_mismatch,sat:21,optimum:19
pycsp3-extra-ortools-20260505,150,competition/2022-2025/COP22to25/CVRP-A-n32-k5_c22.xml.lzma,minimize,value_mismatch,sat:2123,timeout:1282
pycsp3-extra-ortools-20260505,151,competition/2022-2025/COP22to25/CVRP-A-n33-k5_c22.xml.lzma,minimize,value_mismatch,sat:1844,timeout:971
pycsp3-extra-ortools-20260505,152,competition/2022-2025/COP22to25/CVRP-A-n33-k6_c22.xml.lzma,minimize,value_mismatch,sat:1647,timeout:1092
pycsp3-extra-ortools-20260505,153,competition/2022-2025/COP22to25/CVRP-A-n34-k5_c22.xml.lzma,minimize,value_mismatch,sat:1843,timeout:1091
pycsp3-extra-ortools-20260505,154,competition/2022-2025/COP22to25/CVRP-A-n36-k5_c22.xml.lzma,minimize,value_mismatch,sat:1924,timeout:1337
pycsp3-extra-ortools-20260505,155,competition/2022-2025/COP22to25/CVRP-A-n37-k5_c22.xml.lzma,minimize,value_mismatch,sat:1612,timeout:1266
pycsp3-extra-ortools-20260505,156,competition/2022-2025/COP22to25/CVRP-A-n37-k6_c22.xml.lzma,minimize,value_mismatch,sat:1923,timeout:1433
pycsp3-extra-ortools-20260505,198,competition/2022-2025/COP22to25/ChampionsLeague-2024-18_c25.xml.lzma,maximize,value_mismatch,optimum:21,timeout:19
pycsp3-extra-ortools-20260505,199,competition/2022-2025/COP22to25/ChampionsLeague-2024-20_c25.xml.lzma,maximize,value_mismatch,sat:18,timeout:19
pycsp3-extra-ortools-20260505,229,competition/2022-2025/COP22to25/ClockTriplet-15-30_c22.xml.lzma,minimize,value_mismatch,sat:236,optimum:233
pycsp3-extra-ortools-20260505,230,competition/2022-2025/COP22to25/ClockTriplet-20-25_c22.xml.lzma,minimize,value_mismatch,sat:263,timeout:262
pycsp3-extra-ortools-20260505,231,competition/2022-2025/COP22to25/ClockTriplet-20-35_c22.xml.lzma,minimize,value_mismatch,sat:369,timeout:363
pycsp3-extra-ortools-20260505,234,competition/2022-2025/COP22to25/CoinsGrid-12-06_c22.xml.lzma,minimize,value_mismatch,sat:1284,optimum:420
pycsp3-extra-ortools-20260505,235,competition/2022-2025/COP22to25/CoinsGrid-14-07_c22.xml.lzma,minimize,value_mismatch,sat:3528,optimum:784
pycsp3-extra-ortools-20260505,236,competition/2022-2025/COP22to25/CoinsGrid-16-08_c22.xml.lzma,minimize,value_mismatch,sat:7488,optimum:1344
pycsp3-extra-ortools-20260505,237,competition/2022-2025/COP22to25/CoinsGrid-19-09_c22.xml.lzma,minimize,value_mismatch,sat:14874,optimum:2236
pycsp3-extra-ortools-20260505,238,competition/2022-2025/COP22to25/CoinsGrid-22-10_c22.xml.lzma,minimize,value_mismatch,sat:22710,optimum:3532
pycsp3-extra-ortools-20260505,239,competition/2022-2025/COP22to25/CoinsGrid-25-11_c22.xml.lzma,minimize,value_mismatch,unknown:33452,optimum:5312
pycsp3-extra-ortools-20260505,240,competition/2022-2025/COP22to25/CoinsGrid-28-12_c22.xml.lzma,minimize,value_mismatch,unknown:42568,optimum:7696
pycsp3-extra-ortools-20260505,241,competition/2022-2025/COP22to25/CoinsGrid-31-14_c22.xml.lzma,minimize,value_mismatch,unknown:63174,optimum:13668
pycsp3-extra-ortools-20260505,244,competition/2022-2025/COP22to25/Coprime-12_c25.xml.lzma,minimize,value_mismatch,sat:82,optimum:59
pycsp3-extra-ortools-20260505,245,competition/2022-2025/COP22to25/Coprime-14_c25.xml.lzma,minimize,value_mismatch,sat:110,optimum:73
pycsp3-extra-ortools-20260505,246,competition/2022-2025/COP22to25/Coprime-16_c25.xml.lzma,minimize,value_mismatch,sat:131,optimum:103
pycsp3-extra-ortools-20260505,247,competition/2022-2025/COP22to25/Coprime-17_c25.xml.lzma,minimize,value_mismatch,sat:289,optimum:107
pycsp3-extra-ortools-20260505,248,competition/2022-2025/COP22to25/Coprime-18_c25.xml.lzma,minimize,value_mismatch,sat:178,optimum:113
pycsp3-extra-ortools-20260505,260,competition/2022-2025/COP22to25/Cutstock-02-0_c25.xml.lzma,minimize,value_mismatch,sat:138,timeout:128
pycsp3-extra-ortools-20260505,261,competition/2022-2025/COP22to25/Cutstock-03-0_c25.xml.lzma,minimize,value_mismatch,sat:35,optimum:23
pycsp3-extra-ortools-20260505,264,competition/2022-2025/COP22to25/Cutstock-08-0_c25.xml.lzma,minimize,value_mismatch,sat:690,optimum:579
pycsp3-extra-ortools-20260505,265,competition/2022-2025/COP22to25/Cutstock-09-0_c25.xml.lzma,minimize,value_mismatch,sat:147,optimum:98
pycsp3-extra-ortools-20260505,268,competition/2022-2025/COP22to25/Cutstock-14-0_c25.xml.lzma,minimize,value_mismatch,sat:798,optimum:653
pycsp3-extra-ortools-20260505,269,competition/2022-2025/COP22to25/Cutstock-15-0_c25.xml.lzma,minimize,value_mismatch,sat:178,optimum:130
pycsp3-extra-ortools-20260505,273,competition/2022-2025/COP22to25/CyclicBandwidth-caterpillar13_c22.xml.lzma,minimize,value_mismatch,sat:52,timeout:10
pycsp3-extra-ortools-20260505,274,competition/2022-2025/COP22to25/CyclicBandwidth-caterpillar16_c22.xml.lzma,minimize,value_mismatch,sat:75,timeout:13
pycsp3-extra-ortools-20260505,275,competition/2022-2025/COP22to25/CyclicBandwidth-caterpillar19_c22.xml.lzma,minimize,value_mismatch,sat:104,timeout:28
pycsp3-extra-ortools-20260505,276,competition/2022-2025/COP22to25/CyclicBandwidth-caterpillar23_c22.xml.lzma,minimize,value_mismatch,sat:149,timeout:19
pycsp3-extra-ortools-20260505,277,competition/2022-2025/COP22to25/CyclicBandwidth-caterpillar29_c22.xml.lzma,minimize,value_mismatch,sat:232,timeout:39
pycsp3-extra-ortools-20260505,278,competition/2022-2025/COP22to25/CyclicBandwidth-caterpillar35_c22.xml.lzma,minimize,value_mismatch,unknown:332,timeout:200
pycsp3-extra-ortools-20260505,279,competition/2022-2025/COP22to25/CyclicBandwidth-mesh2D05x08_c22.xml.lzma,minimize,value_mismatch,sat:20,optimum:5
pycsp3-extra-ortools-20260505,280,competition/2022-2025/COP22to25/CyclicBandwidth-mesh2D10x10_c22.xml.lzma,minimize,value_mismatch,sat:50,timeout:10
pycsp3-extra-ortools-20260505,281,competition/2022-2025/COP22to25/CyclicBandwidth-mesh2D25x26_c22.xml.lzma,minimize,value_mismatch,unknown:324,timeout:188
pycsp3-extra-ortools-20260505,282,competition/2022-2025/COP22to25/CyclicBandwidth-path100_c22.xml.lzma,minimize,value_mismatch,sat:50,optimum:1
pycsp3-extra-ortools-20260505,283,competition/2022-2025/COP22to25/CyclicBandwidth-path200_c22.xml.lzma,minimize,value_mismatch,sat:100,optimum:1
pycsp3-extra-ortools-20260505,284,competition/2022-2025/COP22to25/CyclicBandwidth-path300_c22.xml.lzma,minimize,value_mismatch,sat:149,optimum:1
pycsp3-extra-ortools-20260505,291,competition/2022-2025/COP22to25/DC-midori-xor4-d1-t0-r14-v128_c22.xml.lzma,minimize,value_mismatch,sat:68,optimum:14
pycsp3-extra-ortools-20260505,295,competition/2022-2025/COP22to25/DC-rijndael-xor5-d1-t0-r06-keysize7-plainsize4_c22.xml.lzma,minimize,value_mismatch,sat:26,optimum:9
pycsp3-extra-ortools-20260505,296,competition/2022-2025/COP22to25/DC-rijndael-xor5-d1-t0-r07-keysize7-plainsize4_c22.xml.lzma,minimize,value_mismatch,sat:25,timeout:15
pycsp3-extra-ortools-20260505,307,competition/2022-2025/COP22to25/DC-skinny-xor0-d0-t0-r15-v64-z0_c22.xml.lzma,minimize,value_mismatch,sat:70,timeout:66
pycsp3-extra-ortools-20260505,308,competition/2022-2025/COP22to25/DC-skinny-xor0-d0-t0-r16-v64-z0_c22.xml.lzma,minimize,value_mismatch,sat:76,timeout:75
pycsp3-extra-ortools-20260505,309,competition/2022-2025/COP22to25/DC-skinny-xor0-d0-t0-r17-v64-z0_c22.xml.lzma,minimize,value_mismatch,sat:92,timeout:82
pycsp3-extra-ortools-20260505,310,competition/2022-2025/COP22to25/DC-skinny-xor0-d0-t0-r18-v64-z0_c22.xml.lzma,minimize,value_mismatch,sat:96,timeout:88
pycsp3-extra-ortools-20260505,316,competition/2022-2025/COP22to25/Drinking-010000_c24.xml.lzma,minimize,value_mismatch,sat:6858,optimum:1000
pycsp3-extra-ortools-20260505,317,competition/2022-2025/COP22to25/Drinking-020000_c24.xml.lzma,minimize,value_mismatch,sat:13715,optimum:2000
pycsp3-extra-ortools-20260505,321,competition/2022-2025/COP22to25/EchelonStock2-A01_c22.xml.lzma,minimize,value_mismatch,sat:62950,optimum:36300
pycsp3-extra-ortools-20260505,322,competition/2022-2025/COP22to25/EchelonStock2-A02_c22.xml.lzma,minimize,value_mismatch,sat:63600,optimum:40800
pycsp3-extra-ortools-20260505,323,competition/2022-2025/COP22to25/EchelonStock2-A03_c22.xml.lzma,minimize,value_mismatch,sat:88250,optimum:41400
pycsp3-extra-ortools-20260505,324,competition/2022-2025/COP22to25/EchelonStock2-A04_c22.xml.lzma,minimize,value_mismatch,sat:64550,optimum:40150
pycsp3-extra-ortools-20260505,325,competition/2022-2025/COP22to25/EchelonStock2-A05_c22.xml.lzma,minimize,value_mismatch,sat:66850,optimum:39950
pycsp3-extra-ortools-20260505,326,competition/2022-2025/COP22to25/EchelonStock2-A06_c22.xml.lzma,minimize,value_mismatch,sat:69850,optimum:44250
pycsp3-extra-ortools-20260505,327,competition/2022-2025/COP22to25/EchelonStock2-A07_c22.xml.lzma,minimize,value_mismatch,sat:66500,optimum:40700
pycsp3-extra-ortools-20260505,328,competition/2022-2025/COP22to25/EchelonStock2-A08_c22.xml.lzma,minimize,value_mismatch,sat:74400,optimum:43550
pycsp3-extra-ortools-20260505,329,competition/2022-2025/COP22to25/EchelonStock2-A09_c22.xml.lzma,minimize,value_mismatch,sat:68200,optimum:43450
pycsp3-extra-ortools-20260505,330,competition/2022-2025/COP22to25/EchelonStock2-A10_c22.xml.lzma,minimize,value_mismatch,sat:95150,optimum:46650
pycsp3-extra-ortools-20260505,331,competition/2022-2025/COP22to25/FAPP-aux-01-0200_c25.xml.lzma,minimize,value_mismatch,unknown:99368713,timeout:35777861
pycsp3-extra-ortools-20260505,332,competition/2022-2025/COP22to25/FAPP-aux-02-0250_c25.xml.lzma,minimize,value_mismatch,internal_error:223538514,timeout:40569431
pycsp3-extra-ortools-20260505,333,competition/2022-2025/COP22to25/FAPP-aux-03-0300_c25.xml.lzma,minimize,value_mismatch,internal_error:478685788,timeout:468430068
pycsp3-extra-ortools-20260505,334,competition/2022-2025/COP22to25/FAPP-aux-04-0300_c25.xml.lzma,minimize,value_mismatch,internal_error:276381956,timeout:122398725
pycsp3-extra-ortools-20260505,335,competition/2022-2025/COP22to25/FAPP-aux-05-0350_c25.xml.lzma,minimize,value_mismatch,internal_error:529277884,timeout:529169165
pycsp3-extra-ortools-20260505,336,competition/2022-2025/COP22to25/FAPP-aux-06-0500_c25.xml.lzma,minimize,value_mismatch,internal_error:1077058505,timeout:1038912831
pycsp3-extra-ortools-20260505,337,competition/2022-2025/COP22to25/FAPP-aux-07-0600_c25.xml.lzma,minimize,value_mismatch,internal_error:2025294929,timeout:1988882999
pycsp3-extra-ortools-20260505,339,competition/2022-2025/COP22to25/FAPP-aux-09-0800_c25.xml.lzma,minimize,value_mismatch,internal_error:1976673623,timeout:1937167324
pycsp3-extra-ortools-20260505,341,competition/2022-2025/COP22to25/FAPP-aux-17-0300_c25.xml.lzma,minimize,value_mismatch,internal_error:360353040,optimum:130971634
pycsp3-extra-ortools-20260505,342,competition/2022-2025/COP22to25/FAPP-aux-18-0350_c25.xml.lzma,minimize,value_mismatch,internal_error:223953458,optimum:162507055
pycsp3-extra-ortools-20260505,343,competition/2022-2025/COP22to25/FAPP-aux-19-0350_c25.xml.lzma,minimize,value_mismatch,internal_error:456780092,optimum:456780091
pycsp3-extra-ortools-20260505,344,competition/2022-2025/COP22to25/FAPP-aux-20-0420_c25.xml.lzma,minimize,value_mismatch,internal_error:557842977,optimum:506362597
pycsp3-extra-ortools-20260505,345,competition/2022-2025/COP22to25/FAPP-aux-21-0500_c25.xml.lzma,minimize,value_mismatch,internal_error:95722790,optimum:63832030
pycsp3-extra-ortools-20260505,347,competition/2022-2025/COP22to25/FAPP-aux-test01-0150_c25.xml.lzma,minimize,value_mismatch,unknown:51926754,timeout:18292586
pycsp3-extra-ortools-20260505,348,competition/2022-2025/COP22to25/FAPP-aux-test03-0400_c25.xml.lzma,minimize,value_mismatch,internal_error:461806865,timeout:455942787
pycsp3-extra-ortools-20260505,389,competition/2022-2025/COP22to25/Fortress1-03_c25.xml.lzma,minimize,value_mismatch,unknown:2389702,optimum:459518
pycsp3-extra-ortools-20260505,390,competition/2022-2025/COP22to25/Fortress1-04_c25.xml.lzma,minimize,value_mismatch,unknown:3769687,optimum:649400
pycsp3-extra-ortools-20260505,391,competition/2022-2025/COP22to25/Fortress1-05_c25.xml.lzma,minimize,value_mismatch,unknown:5779509,optimum:1079078
pycsp3-extra-ortools-20260505,392,competition/2022-2025/COP22to25/Fortress1-06_c25.xml.lzma,minimize,value_mismatch,unknown:6359540,optimum:1059124
pycsp3-extra-ortools-20260505,393,competition/2022-2025/COP22to25/Fortress1-07_c25.xml.lzma,minimize,value_mismatch,unknown:7329606,optimum:1219032
pycsp3-extra-ortools-20260505,394,competition/2022-2025/COP22to25/Fortress1-08_c25.xml.lzma,minimize,value_mismatch,unknown:7109524,optimum:1239006
pycsp3-extra-ortools-20260505,395,competition/2022-2025/COP22to25/Fortress1-09_c25.xml.lzma,minimize,value_mismatch,unknown:8719556,optimum:1458951
pycsp3-extra-ortools-20260505,396,competition/2022-2025/COP22to25/Fortress1-10_c25.xml.lzma,minimize,value_mismatch,unknown:13569404,optimum:1798536
pycsp3-extra-ortools-20260505,397,competition/2022-2025/COP22to25/Fortress2-03_c25.xml.lzma,minimize,value_mismatch,unknown:1650139,optimum:460148
pycsp3-extra-ortools-20260505,398,competition/2022-2025/COP22to25/Fortress2-04_c25.xml.lzma,minimize,value_mismatch,unknown:2790271,optimum:650296
pycsp3-extra-ortools-20260505,399,competition/2022-2025/COP22to25/Fortress2-05_c25.xml.lzma,minimize,value_mismatch,unknown:4440612,optimum:1080651
pycsp3-extra-ortools-20260505,400,competition/2022-2025/COP22to25/Fortress2-06_c25.xml.lzma,minimize,value_mismatch,unknown:5000585,optimum:1060699
pycsp3-extra-ortools-20260505,401,competition/2022-2025/COP22to25/Fortress2-07_c25.xml.lzma,minimize,value_mismatch,unknown:5710989,optimum:1221026
pycsp3-extra-ortools-20260505,402,competition/2022-2025/COP22to25/Fortress2-08_c25.xml.lzma,minimize,value_mismatch,unknown:5530929,optimum:1240998
pycsp3-extra-ortools-20260505,403,competition/2022-2025/COP22to25/Fortress2-09_c25.xml.lzma,minimize,value_mismatch,unknown:6901260,optimum:1461381
pycsp3-extra-ortools-20260505,404,competition/2022-2025/COP22to25/Fortress2-10_c25.xml.lzma,minimize,value_mismatch,unknown:11371743,optimum:1802052
pycsp3-extra-ortools-20260505,405,competition/2022-2025/COP22to25/GBACP-UD01_c23.xml.lzma,minimize,value_mismatch,internal_error:22879,timeout:428
pycsp3-extra-ortools-20260505,406,competition/2022-2025/COP22to25/GBACP-UD02_c23.xml.lzma,minimize,value_mismatch,internal_error:3739,timeout:146
pycsp3-extra-ortools-20260505,407,competition/2022-2025/COP22to25/GBACP-UD03_c23.xml.lzma,minimize,value_mismatch,internal_error:21839,timeout:198
pycsp3-extra-ortools-20260505,408,competition/2022-2025/COP22to25/GBACP-UD04_c23.xml.lzma,minimize,value_mismatch,unknown:3288,optimum:396
pycsp3-extra-ortools-20260505,409,competition/2022-2025/COP22to25/GBACP-UD05_c23.xml.lzma,minimize,value_mismatch,internal_error:20034,timeout:208
pycsp3-extra-ortools-20260505,410,competition/2022-2025/COP22to25/GBACP-UD06_c23.xml.lzma,minimize,value_mismatch,internal_error:5267,timeout:52
pycsp3-extra-ortools-20260505,411,competition/2022-2025/COP22to25/GBACP-UD07_c23.xml.lzma,minimize,value_mismatch,internal_error:19276,timeout:379
pycsp3-extra-ortools-20260505,412,competition/2022-2025/COP22to25/GBACP-UD08_c23.xml.lzma,minimize,value_mismatch,internal_error:4262,timeout:40
pycsp3-extra-ortools-20260505,413,competition/2022-2025/COP22to25/GBACP-UD09_c23.xml.lzma,minimize,value_mismatch,internal_error:23005,timeout:356
pycsp3-extra-ortools-20260505,414,competition/2022-2025/COP22to25/GBACP-UD10_c23.xml.lzma,minimize,value_mismatch,unknown:6379,timeout:38
pycsp3-extra-ortools-20260505,415,competition/2022-2025/COP22to25/GBACP-table-UD01_c23.xml.lzma,minimize,value_mismatch,internal_error:20362,timeout:9168
pycsp3-extra-ortools-20260505,416,competition/2022-2025/COP22to25/GBACP-table-UD02_c23.xml.lzma,minimize,value_mismatch,internal_error:6548,timeout:173
pycsp3-extra-ortools-20260505,417,competition/2022-2025/COP22to25/GBACP-table-UD03_c23.xml.lzma,minimize,value_mismatch,internal_error:19570,timeout:6184
pycsp3-extra-ortools-20260505,418,competition/2022-2025/COP22to25/GBACP-table-UD04_c23.xml.lzma,minimize,value_mismatch,unknown:7758,optimum:396
pycsp3-extra-ortools-20260505,419,competition/2022-2025/COP22to25/GBACP-table-UD05_c23.xml.lzma,minimize,value_mismatch,internal_error:19429,timeout:736
pycsp3-extra-ortools-20260505,420,competition/2022-2025/COP22to25/GBACP-table-UD06_c23.xml.lzma,minimize,value_mismatch,internal_error:5034,timeout:69
pycsp3-extra-ortools-20260505,421,competition/2022-2025/COP22to25/GBACP-table-UD07_c23.xml.lzma,minimize,value_mismatch,internal_error:25744,timeout:7866
pycsp3-extra-ortools-20260505,422,competition/2022-2025/COP22to25/GBACP-table-UD08_c23.xml.lzma,minimize,value_mismatch,internal_error:7176,timeout:46
pycsp3-extra-ortools-20260505,423,competition/2022-2025/COP22to25/GBACP-table-UD09_c23.xml.lzma,minimize,value_mismatch,internal_error:19188,timeout:10472
pycsp3-extra-ortools-20260505,424,competition/2022-2025/COP22to25/GBACP-table-UD10_c23.xml.lzma,minimize,value_mismatch,unknown:9295,timeout:38
pycsp3-extra-ortools-20260505,441,competition/2022-2025/COP22to25/HCPizza-12-12-2-6-00_c23.xml.lzma,maximize,value_mismatch,sat:133,optimum:141
pycsp3-extra-ortools-20260505,443,competition/2022-2025/COP22to25/HCPizza-12-12-2-6-02_c23.xml.lzma,maximize,value_mismatch,sat:141,optimum:144
pycsp3-extra-ortools-20260505,444,competition/2022-2025/COP22to25/HCPizza-15-15-2-7-00_c23.xml.lzma,maximize,value_mismatch,sat:202,optimum:225
pycsp3-extra-ortools-20260505,445,competition/2022-2025/COP22to25/HCPizza-15-15-2-7-01_c23.xml.lzma,maximize,value_mismatch,sat:209,optimum:225
pycsp3-extra-ortools-20260505,446,competition/2022-2025/COP22to25/HCPizza-15-15-2-7-02_c23.xml.lzma,maximize,value_mismatch,sat:208,optimum:225
pycsp3-extra-ortools-20260505,447,competition/2022-2025/COP22to25/HCPizza-20-20-2-8-00_c23.xml.lzma,maximize,value_mismatch,sat:397,optimum:400
pycsp3-extra-ortools-20260505,448,competition/2022-2025/COP22to25/HCPizza-20-20-2-8-01_c23.xml.lzma,maximize,value_mismatch,sat:383,optimum:400
pycsp3-extra-ortools-20260505,449,competition/2022-2025/COP22to25/HCPizza-20-20-2-8-02_c23.xml.lzma,maximize,value_mismatch,sat:392,optimum:400
pycsp3-extra-ortools-20260505,468,competition/2022-2025/COP22to25/IHTC-i01_c25.xml.lzma,minimize,value_mismatch,sat:4550,optimum:2800
pycsp3-extra-ortools-20260505,470,competition/2022-2025/COP22to25/IHTC-i03_c25.xml.lzma,minimize,value_mismatch,sat:8000,optimum:7600
pycsp3-extra-ortools-20260505,472,competition/2022-2025/COP22to25/IHTC-i05_c25.xml.lzma,minimize,value_mismatch,sat:10500,optimum:8250
pycsp3-extra-ortools-20260505,474,competition/2022-2025/COP22to25/IHTC-i07_c25.xml.lzma,minimize,value_mismatch,sat:900,optimum:0
pycsp3-extra-ortools-20260505,476,competition/2022-2025/COP22to25/IHTC-i09_c25.xml.lzma,minimize,value_mismatch,sat:44500,optimum:0
pycsp3-extra-ortools-20260505,484,competition/2022-2025/COP22to25/ItemsetMining-k1-anneal_c22.xml.lzma,maximize,value_mismatch,sat:437,optimum:494
pycsp3-extra-ortools-20260505,485,competition/2022-2025/COP22to25/ItemsetMining-k1-german-credit_c22.xml.lzma,maximize,value_mismatch,sat:399,optimum:402
pycsp3-extra-ortools-20260505,486,competition/2022-2025/COP22to25/ItemsetMining-k1-hypothyroid_c22.xml.lzma,maximize,value_mismatch,sat:2692,optimum:2851
pycsp3-extra-ortools-20260505,487,competition/2022-2025/COP22to25/ItemsetMining-k1-ionosphere_c22.xml.lzma,maximize,value_mismatch,sat:98,optimum:195
pycsp3-extra-ortools-20260505,491,competition/2022-2025/COP22to25/ItemsetMining-k1-vehicle_c22.xml.lzma,maximize,value_mismatch,sat:-409,optimum:148
pycsp3-extra-ortools-20260505,497,competition/2022-2025/COP22to25/ItemsetMining-k2-sonar_c22.xml.lzma,maximize,value_mismatch,sat:5,timeout:93
pycsp3-extra-ortools-20260505,499,competition/2022-2025/COP22to25/KMedian-aux-pmed01_c23.xml.lzma,minimize,value_mismatch,unknown:11030,timeout:5819
pycsp3-extra-ortools-20260505,500,competition/2022-2025/COP22to25/KMedian-aux-pmed02_c23.xml.lzma,minimize,value_mismatch,unknown:7559,timeout:4176
pycsp3-extra-ortools-20260505,501,competition/2022-2025/COP22to25/KMedian-aux-pmed03_c23.xml.lzma,minimize,value_mismatch,unknown:8342,timeout:4276
pycsp3-extra-ortools-20260505,502,competition/2022-2025/COP22to25/KMedian-aux-pmed04_c23.xml.lzma,minimize,value_mismatch,unknown:5089,timeout:3431
pycsp3-extra-ortools-20260505,503,competition/2022-2025/COP22to25/KMedian-aux-pmed05_c23.xml.lzma,minimize,value_mismatch,unknown:2972,timeout:1827
pycsp3-extra-ortools-20260505,504,competition/2022-2025/COP22to25/KMedian-aux-pmed06_c23.xml.lzma,minimize,value_mismatch,unknown:12171,timeout:8052
pycsp3-extra-ortools-20260505,505,competition/2022-2025/COP22to25/KMedian-aux-pmed07_c23.xml.lzma,minimize,value_mismatch,unknown:8264,timeout:6096
pycsp3-extra-ortools-20260505,506,competition/2022-2025/COP22to25/KMedian-aux-pmed08_c23.xml.lzma,minimize,value_mismatch,unknown:7298,timeout:5666
pycsp3-extra-ortools-20260505,507,competition/2022-2025/COP22to25/KMedian-aux-pmed09_c23.xml.lzma,minimize,value_mismatch,unknown:4575,timeout:4530
pycsp3-extra-ortools-20260505,509,competition/2022-2025/COP22to25/KMedian-aux-pmed11_c23.xml.lzma,minimize,value_mismatch,sat:12965,timeout:7875
pycsp3-extra-ortools-20260505,510,competition/2022-2025/COP22to25/KMedian-aux-pmed12_c23.xml.lzma,minimize,value_mismatch,sat:9913,timeout:7552
pycsp3-extra-ortools-20260505,544,competition/2022-2025/COP22to25/LitPuzzle-30_c24.xml.lzma,minimize,value_mismatch,sat:440,timeout:384
pycsp3-extra-ortools-20260505,548,competition/2022-2025/COP22to25/LowAutocorrelation-020_c25.xml.lzma,minimize,value_mismatch,sat:2470,optimum:26
pycsp3-extra-ortools-20260505,549,competition/2022-2025/COP22to25/LowAutocorrelation-040_c25.xml.lzma,minimize,value_mismatch,unknown:20540,timeout:168
pycsp3-extra-ortools-20260505,550,competition/2022-2025/COP22to25/LowAutocorrelation-060_c25.xml.lzma,minimize,value_mismatch,unknown:70210,timeout:458
pycsp3-extra-ortools-20260505,551,competition/2022-2025/COP22to25/LowAutocorrelation-080_c25.xml.lzma,minimize,value_mismatch,unknown:167480,timeout:768
pycsp3-extra-ortools-20260505,552,competition/2022-2025/COP22to25/LowAutocorrelation-100_c25.xml.lzma,minimize,value_mismatch,unknown:328350,timeout:1306
pycsp3-extra-ortools-20260505,553,competition/2022-2025/COP22to25/LowAutocorrelation-120_c25.xml.lzma,minimize,value_mismatch,unknown:568820,timeout:1976
pycsp3-extra-ortools-20260505,554,competition/2022-2025/COP22to25/LowAutocorrelation-150_c25.xml.lzma,minimize,value_mismatch,unknown:1113775,timeout:3463
pycsp3-extra-ortools-20260505,555,competition/2022-2025/COP22to25/LowAutocorrelation-200_c25.xml.lzma,minimize,value_mismatch,unknown:2646700,timeout:5968
pycsp3-extra-ortools-20260505,556,competition/2022-2025/COP22to25/LowAutocorrelation-300_c25.xml.lzma,minimize,value_mismatch,unknown:8955050,timeout:19994
pycsp3-extra-ortools-20260505,576,competition/2022-2025/COP22to25/MetabolicNetwork-14_c25.xml.lzma,minimize,value_mismatch,sat:2999,optimum:2
pycsp3-extra-ortools-20260505,592,competition/2022-2025/COP22to25/MultiAgentPathFinding-table-g16-p20-a20_c22.xml.lzma,minimize,value_mismatch,sat:2871,timeout:278
pycsp3-extra-ortools-20260505,603,competition/2022-2025/COP22to25/MultiAgentPathFinding-table-mks-g16-p20-a30_c22.xml.lzma,minimize,value_mismatch,sat:29,optimum:28
pycsp3-extra-ortools-20260505,609,competition/2022-2025/COP22to25/NurseRostering-01_c22.xml.lzma,minimize,value_mismatch,sat:2842,optimum:607
pycsp3-extra-ortools-20260505,610,competition/2022-2025/COP22to25/NurseRostering-02_c22.xml.lzma,minimize,value_mismatch,sat:5808,optimum:833
pycsp3-extra-ortools-20260505,611,competition/2022-2025/COP22to25/NurseRostering-03_c22.xml.lzma,minimize,value_mismatch,sat:7499,optimum:1005
pycsp3-extra-ortools-20260505,612,competition/2022-2025/COP22to25/NurseRostering-04_c22.xml.lzma,minimize,value_mismatch,sat:8768,timeout:1719
pycsp3-extra-ortools-20260505,613,competition/2022-2025/COP22to25/NurseRostering-05_c22.xml.lzma,minimize,value_mismatch,sat:7274,timeout:1241
pycsp3-extra-ortools-20260505,614,competition/2022-2025/COP22to25/NurseRostering-06_c22.xml.lzma,minimize,value_mismatch,sat:9272,timeout:2154
pycsp3-extra-ortools-20260505,615,competition/2022-2025/COP22to25/NurseRostering-07_c22.xml.lzma,minimize,value_mismatch,sat:9461,timeout:1259
pycsp3-extra-ortools-20260505,616,competition/2022-2025/COP22to25/NurseRostering-08_c22.xml.lzma,minimize,value_mismatch,unknown:16713,timeout:2825
pycsp3-extra-ortools-20260505,617,competition/2022-2025/COP22to25/NurseRostering-09_c22.xml.lzma,minimize,value_mismatch,sat:17401,timeout:547
pycsp3-extra-ortools-20260505,618,competition/2022-2025/COP22to25/NurseRostering-10_c22.xml.lzma,minimize,value_mismatch,unknown:20886,timeout:5765
pycsp3-extra-ortools-20260505,619,competition/2022-2025/COP22to25/NurseRostering-11_c22.xml.lzma,minimize,value_mismatch,unknown:26038,timeout:5203
pycsp3-extra-ortools-20260505,620,competition/2022-2025/COP22to25/NurseRostering-12_c22.xml.lzma,minimize,value_mismatch,unknown:33168,timeout:8986
pycsp3-extra-ortools-20260505,621,competition/2022-2025/COP22to25/NurseRostering-13_c22.xml.lzma,minimize,value_mismatch,sat:55622,timeout:26615
pycsp3-extra-ortools-20260505,625,competition/2022-2025/COP22to25/NurseRostering-17_c22.xml.lzma,minimize,value_mismatch,unknown:30319,timeout:22376
pycsp3-extra-ortools-20260505,630,competition/2022-2025/COP22to25/NursingWorkload-2zones0_c22.xml.lzma,minimize,value_mismatch,unknown:82977,optimum:81621
pycsp3-extra-ortools-20260505,631,competition/2022-2025/COP22to25/NursingWorkload-2zones1_c22.xml.lzma,minimize,value_mismatch,unknown:70983,optimum:70941
pycsp3-extra-ortools-20260505,632,competition/2022-2025/COP22to25/NursingWorkload-2zones2_c22.xml.lzma,minimize,value_mismatch,unknown:61573,optimum:58921
pycsp3-extra-ortools-20260505,633,competition/2022-2025/COP22to25/NursingWorkload-2zones3_c22.xml.lzma,minimize,value_mismatch,unknown:88253,optimum:83577
pycsp3-extra-ortools-20260505,634,competition/2022-2025/COP22to25/NursingWorkload-2zones4_c22.xml.lzma,minimize,value_mismatch,unknown:85058,optimum:84792
pycsp3-extra-ortools-20260505,635,competition/2022-2025/COP22to25/NursingWorkload-3zones0_c22.xml.lzma,minimize,value_mismatch,unknown:106863,timeout:106509
pycsp3-extra-ortools-20260505,636,competition/2022-2025/COP22to25/NursingWorkload-3zones1_c22.xml.lzma,minimize,value_mismatch,unknown:117982,timeout:116224
pycsp3-extra-ortools-20260505,638,competition/2022-2025/COP22to25/NursingWorkload-3zones3_c22.xml.lzma,minimize,value_mismatch,unknown:123375,timeout:121171
pycsp3-extra-ortools-20260505,641,competition/2022-2025/COP22to25/PSP1-001_c23.xml.lzma,minimize,value_mismatch,unknown:74033,timeout:14051
pycsp3-extra-ortools-20260505,642,competition/2022-2025/COP22to25/PSP1-002_c23.xml.lzma,minimize,value_mismatch,unknown:22174,timeout:11466
pycsp3-extra-ortools-20260505,643,competition/2022-2025/COP22to25/PSP1-003_c23.xml.lzma,minimize,value_mismatch,unknown:29599,timeout:11531
pycsp3-extra-ortools-20260505,644,competition/2022-2025/COP22to25/PSP1-004_c23.xml.lzma,minimize,value_mismatch,unknown:83026,timeout:14081
pycsp3-extra-ortools-20260505,645,competition/2022-2025/COP22to25/PSP1-301_c23.xml.lzma,minimize,value_mismatch,unknown:217261,timeout:18882
pycsp3-extra-ortools-20260505,646,competition/2022-2025/COP22to25/PSP1-302_c23.xml.lzma,minimize,value_mismatch,unknown:294548,timeout:43703
pycsp3-extra-ortools-20260505,647,competition/2022-2025/COP22to25/PSP1-303_c23.xml.lzma,minimize,value_mismatch,unknown:244667,timeout:33422
pycsp3-extra-ortools-20260505,648,competition/2022-2025/COP22to25/PSP1-304_c23.xml.lzma,minimize,value_mismatch,unknown:210320,timeout:47543
pycsp3-extra-ortools-20260505,649,competition/2022-2025/COP22to25/PSP2-001_c23.xml.lzma,minimize,value_mismatch,unknown:24897,timeout:14051
pycsp3-extra-ortools-20260505,650,competition/2022-2025/COP22to25/PSP2-002_c23.xml.lzma,minimize,value_mismatch,unknown:18562,timeout:11466
pycsp3-extra-ortools-20260505,651,competition/2022-2025/COP22to25/PSP2-003_c23.xml.lzma,minimize,value_mismatch,unknown:17963,timeout:11546
pycsp3-extra-ortools-20260505,652,competition/2022-2025/COP22to25/PSP2-004_c23.xml.lzma,minimize,value_mismatch,unknown:17751,timeout:14074
pycsp3-extra-ortools-20260505,653,competition/2022-2025/COP22to25/PSP2-301_c23.xml.lzma,minimize,value_mismatch,unknown:29779,timeout:18877
pycsp3-extra-ortools-20260505,654,competition/2022-2025/COP22to25/PSP2-302_c23.xml.lzma,minimize,value_mismatch,unknown:69792,timeout:43727
pycsp3-extra-ortools-20260505,655,competition/2022-2025/COP22to25/PSP2-303_c23.xml.lzma,minimize,value_mismatch,unknown:62994,timeout:33461
pycsp3-extra-ortools-20260505,656,competition/2022-2025/COP22to25/PSP2-304_c23.xml.lzma,minimize,value_mismatch,unknown:68971,timeout:47550
pycsp3-extra-ortools-20260505,667,competition/2022-2025/COP22to25/Pyramid-10-2500_c24.xml.lzma,minimize,value_mismatch,sat:2178,optimum:2144
pycsp3-extra-ortools-20260505,685,competition/2022-2025/COP22to25/RIP-25-0-j090-01-01_c23.xml.lzma,minimize,value_mismatch,sat:877,optimum:214
pycsp3-extra-ortools-20260505,686,competition/2022-2025/COP22to25/RIP-25-0-j120-01-01_c23.xml.lzma,minimize,value_mismatch,sat:2263,optimum:199
pycsp3-extra-ortools-20260505,687,competition/2022-2025/COP22to25/RIP-25-1-j060-10-01_c23.xml.lzma,minimize,value_mismatch,sat:5160,timeout:325
pycsp3-extra-ortools-20260505,688,competition/2022-2025/COP22to25/RIP-25-1-j090-10-01_c23.xml.lzma,minimize,value_mismatch,sat:7421,timeout:510
pycsp3-extra-ortools-20260505,689,competition/2022-2025/COP22to25/RIP-25-1-j120-10-01_c23.xml.lzma,minimize,value_mismatch,sat:6626,timeout:359
pycsp3-extra-ortools-20260505,692,competition/2022-2025/COP22to25/RIP-25-2-j120-20-01_c23.xml.lzma,minimize,value_mismatch,sat:7281,timeout:438
pycsp3-extra-ortools-20260505,693,competition/2022-2025/COP22to25/RIP-25-3-j060-30-01_c23.xml.lzma,minimize,value_mismatch,sat:8500,timeout:610
pycsp3-extra-ortools-20260505,694,competition/2022-2025/COP22to25/RIP-25-3-j090-30-01_c23.xml.lzma,minimize,value_mismatch,sat:12734,timeout:674
pycsp3-extra-ortools-20260505,695,competition/2022-2025/COP22to25/RIP-25-3-j120-30-01_c23.xml.lzma,minimize,value_mismatch,sat:8475,timeout:488
pycsp3-extra-ortools-20260505,700,competition/2022-2025/COP22to25/RLFAP-graph-05-opt_c22.xml.lzma,minimize,value_mismatch,unknown:167706,optimum:221
pycsp3-extra-ortools-20260505,701,competition/2022-2025/COP22to25/RLFAP-graph-06-opt_c22.xml.lzma,minimize,value_mismatch,unknown:334389,optimum:4123
pycsp3-extra-ortools-20260505,702,competition/2022-2025/COP22to25/RLFAP-graph-07-opt_c22.xml.lzma,minimize,value_mismatch,unknown:282285,optimum:4324
pycsp3-extra-ortools-20260505,706,competition/2022-2025/COP22to25/RLFAP-graph-11-opt_c22.xml.lzma,minimize,value_mismatch,unknown:594860,timeout:3080
pycsp3-extra-ortools-20260505,707,competition/2022-2025/COP22to25/RLFAP-graph-12-opt_c22.xml.lzma,minimize,value_mismatch,unknown:575440,optimum:11827
pycsp3-extra-ortools-20260505,708,competition/2022-2025/COP22to25/RLFAP-graph-13-opt_c22.xml.lzma,minimize,value_mismatch,unknown:822041,timeout:37975
pycsp3-extra-ortools-20260505,715,competition/2022-2025/COP22to25/RLFAP-scen-06-opt_c22.xml.lzma,minimize,value_mismatch,unknown:193264,timeout:3389
pycsp3-extra-ortools-20260505,716,competition/2022-2025/COP22to25/RLFAP-scen-07-opt_c22.xml.lzma,minimize,value_mismatch,internal_error:366320827,timeout:343690
pycsp3-extra-ortools-20260505,717,competition/2022-2025/COP22to25/RLFAP-scen-08-opt_c22.xml.lzma,minimize,value_mismatch,sat:8695,timeout:279
pycsp3-extra-ortools-20260505,718,competition/2022-2025/COP22to25/RLFAP-scen-09-opt_c22.xml.lzma,minimize,value_mismatch,unknown:560320,optimum:15571
pycsp3-extra-ortools-20260505,719,competition/2022-2025/COP22to25/RLFAP-scen-10-opt_c22.xml.lzma,minimize,value_mismatch,unknown:13295644,optimum:31516
pycsp3-extra-ortools-20260505,760,competition/2022-2025/COP22to25/Rulemining-hab-07-3-30_c23.xml.lzma,maximize,value_mismatch,sat:54,timeout:48
pycsp3-extra-ortools-20260505,762,competition/2022-2025/COP22to25/Rulemining-hab-08-3-30_c23.xml.lzma,maximize,value_mismatch,sat:56,timeout:50
pycsp3-extra-ortools-20260505,764,competition/2022-2025/COP22to25/Rulemining-hab-09-3-30_c23.xml.lzma,maximize,value_mismatch,sat:55,timeout:49
pycsp3-extra-ortools-20260505,765,competition/2022-2025/COP22to25/Rulemining-hab-09-3-50_c23.xml.lzma,maximize,value_mismatch,sat:53,timeout:50
pycsp3-extra-ortools-20260505,766,competition/2022-2025/COP22to25/Rulemining-hab-10-3-30_c23.xml.lzma,maximize,value_mismatch,sat:57,timeout:49
pycsp3-extra-ortools-20260505,768,competition/2022-2025/COP22to25/SREFLP-Cl07_c23.xml.lzma,minimize,value_mismatch,unknown:1710,optimum:1590
pycsp3-extra-ortools-20260505,769,competition/2022-2025/COP22to25/SREFLP-Cl12_c23.xml.lzma,minimize,value_mismatch,unknown:19630,timeout:11400
pycsp3-extra-ortools-20260505,770,competition/2022-2025/COP22to25/SREFLP-Cl15_c23.xml.lzma,minimize,value_mismatch,unknown:44430,timeout:22920
pycsp3-extra-ortools-20260505,771,competition/2022-2025/COP22to25/SREFLP-Cl20_c23.xml.lzma,minimize,value_mismatch,unknown:112070,timeout:68300
pycsp3-extra-ortools-20260505,772,competition/2022-2025/COP22to25/SREFLP-Cl30_c23.xml.lzma,minimize,value_mismatch,unknown:337410,timeout:239240
pycsp3-extra-ortools-20260505,773,competition/2022-2025/COP22to25/SREFLP-sko042-1_c23.xml.lzma,minimize,value_mismatch,unknown:32698,timeout:30427
pycsp3-extra-ortools-20260505,774,competition/2022-2025/COP22to25/SREFLP-sko042-2_c23.xml.lzma,minimize,value_mismatch,unknown:307614,timeout:248668
pycsp3-extra-ortools-20260505,775,competition/2022-2025/COP22to25/SREFLP-sko042-3_c23.xml.lzma,minimize,value_mismatch,unknown:255968,timeout:204128
pycsp3-extra-ortools-20260505,776,competition/2022-2025/COP22to25/SREFLP-sko042-4_c23.xml.lzma,minimize,value_mismatch,unknown:197743,timeout:155572
pycsp3-extra-ortools-20260505,777,competition/2022-2025/COP22to25/SREFLP-sko042-5_c23.xml.lzma,minimize,value_mismatch,unknown:356469,timeout:286324
pycsp3-extra-ortools-20260505,779,competition/2022-2025/COP22to25/SREFLP-sko049-2_c23.xml.lzma,minimize,value_mismatch,unknown:565272,timeout:550113
pycsp3-extra-ortools-20260505,780,competition/2022-2025/COP22to25/SREFLP-sko049-3_c23.xml.lzma,minimize,value_mismatch,unknown:439303,timeout:396004
pycsp3-extra-ortools-20260505,781,competition/2022-2025/COP22to25/SREFLP-sko049-4_c23.xml.lzma,minimize,value_mismatch,unknown:327539,timeout:324623
pycsp3-extra-ortools-20260505,782,competition/2022-2025/COP22to25/SREFLP-sko049-5_c23.xml.lzma,minimize,value_mismatch,unknown:878767,timeout:844180
pycsp3-extra-ortools-20260505,785,competition/2022-2025/COP22to25/SameQueensKnights-b-15_c24.xml.lzma,maximize,value_mismatch,sat:24,timeout:25
pycsp3-extra-ortools-20260505,786,competition/2022-2025/COP22to25/SameQueensKnights-b-20_c24.xml.lzma,maximize,value_mismatch,sat:33,timeout:34
pycsp3-extra-ortools-20260505,787,competition/2022-2025/COP22to25/SameQueensKnights-b-25_c24.xml.lzma,maximize,value_mismatch,sat:20,timeout:42
pycsp3-extra-ortools-20260505,788,competition/2022-2025/COP22to25/SameQueensKnights-b-30_c24.xml.lzma,maximize,value_mismatch,sat:22,timeout:50
pycsp3-extra-ortools-20260505,789,competition/2022-2025/COP22to25/SameQueensKnights-b-35_c24.xml.lzma,maximize,value_mismatch,sat:29,timeout:59
pycsp3-extra-ortools-20260505,790,competition/2022-2025/COP22to25/SameQueensKnights-b-40_c24.xml.lzma,maximize,value_mismatch,sat:34,timeout:69
pycsp3-extra-ortools-20260505,800,competition/2022-2025/COP22to25/SchedulingOS-gp-05-01_c25.xml.lzma,minimize,value_mismatch,sat:2134,optimum:1245
pycsp3-extra-ortools-20260505,801,competition/2022-2025/COP22to25/SchedulingOS-gp-05-05_c25.xml.lzma,minimize,value_mismatch,sat:2030,optimum:1280
pycsp3-extra-ortools-20260505,802,competition/2022-2025/COP22to25/SchedulingOS-gp-06-01_c25.xml.lzma,minimize,value_mismatch,sat:1751,optimum:1264
pycsp3-extra-ortools-20260505,803,competition/2022-2025/COP22to25/SchedulingOS-gp-06-05_c25.xml.lzma,minimize,value_mismatch,sat:3038,optimum:1299
pycsp3-extra-ortools-20260505,804,competition/2022-2025/COP22to25/SchedulingOS-gp-07-01_c25.xml.lzma,minimize,value_mismatch,sat:4325,optimum:1159
pycsp3-extra-ortools-20260505,805,competition/2022-2025/COP22to25/SchedulingOS-gp-07-05_c25.xml.lzma,minimize,value_mismatch,sat:6197,optimum:1157
pycsp3-extra-ortools-20260505,806,competition/2022-2025/COP22to25/SchedulingOS-gp-08-01_c25.xml.lzma,minimize,value_mismatch,sat:8490,optimum:1130
pycsp3-extra-ortools-20260505,807,competition/2022-2025/COP22to25/SchedulingOS-gp-08-05_c25.xml.lzma,minimize,value_mismatch,sat:8623,optimum:1218
pycsp3-extra-ortools-20260505,808,competition/2022-2025/COP22to25/SchedulingOS-gp-09-01_c25.xml.lzma,minimize,value_mismatch,sat:9637,optimum:1129
pycsp3-extra-ortools-20260505,809,competition/2022-2025/COP22to25/SchedulingOS-gp-09-05_c25.xml.lzma,minimize,value_mismatch,sat:9001,optimum:1180
pycsp3-extra-ortools-20260505,810,competition/2022-2025/COP22to25/SchedulingOS-gp-10-01_c25.xml.lzma,minimize,value_mismatch,sat:10192,timeout:1107
pycsp3-extra-ortools-20260505,811,competition/2022-2025/COP22to25/SchedulingOS-gp-10-05_c25.xml.lzma,minimize,value_mismatch,sat:10329,timeout:1096
pycsp3-extra-ortools-20260505,828,competition/2022-2025/COP22to25/Spot5-0005_c22.xml.lzma,minimize,value_mismatch,sat:264,optimum:261
pycsp3-extra-ortools-20260505,829,competition/2022-2025/COP22to25/Spot5-0028_c22.xml.lzma,minimize,value_mismatch,unknown:285110,optimum:270105
pycsp3-extra-ortools-20260505,830,competition/2022-2025/COP22to25/Spot5-0029_c22.xml.lzma,minimize,value_mismatch,sat:10059,optimum:8059
pycsp3-extra-ortools-20260505,831,competition/2022-2025/COP22to25/Spot5-0042_c22.xml.lzma,minimize,value_mismatch,unknown:169050,optimum:155050
pycsp3-extra-ortools-20260505,833,competition/2022-2025/COP22to25/Spot5-0412_c22.xml.lzma,minimize,value_mismatch,unknown:41387,optimum:32381
pycsp3-extra-ortools-20260505,834,competition/2022-2025/COP22to25/Spot5-0414_c22.xml.lzma,minimize,value_mismatch,unknown:51481,optimum:38478
pycsp3-extra-ortools-20260505,835,competition/2022-2025/COP22to25/Spot5-0503_c22.xml.lzma,minimize,value_mismatch,sat:14121,optimum:11113
pycsp3-extra-ortools-20260505,836,competition/2022-2025/COP22to25/Spot5-1401_c22.xml.lzma,minimize,value_mismatch,unknown:481101,optimum:459106
pycsp3-extra-ortools-20260505,837,competition/2022-2025/COP22to25/Spot5-1502_c22.xml.lzma,minimize,value_mismatch,unknown:28046,optimum:28042
pycsp3-extra-ortools-20260505,846,competition/2022-2025/COP22to25/StillLife-12-18_c24.xml.lzma,maximize,value_mismatch,sat:111,timeout:114
pycsp3-extra-ortools-20260505,849,competition/2022-2025/COP22to25/StillLife-wastage-15-15_c24.xml.lzma,maximize,value_mismatch,optimum:119,timeout:115
pycsp3-extra-ortools-20260505,850,competition/2022-2025/COP22to25/StillLife-wastage-20-20_c24.xml.lzma,maximize,value_mismatch,optimum:210,timeout:198
pycsp3-extra-ortools-20260505,851,competition/2022-2025/COP22to25/StillLife-wastage-30-30_c24.xml.lzma,maximize,value_mismatch,sat:436,timeout:419
pycsp3-extra-ortools-20260505,852,competition/2022-2025/COP22to25/StillLife-wastage-40-40_c24.xml.lzma,maximize,value_mismatch,sat:635,timeout:752
pycsp3-extra-ortools-20260505,853,competition/2022-2025/COP22to25/StillLife-wastage-50-50_c24.xml.lzma,maximize,value_mismatch,sat:4,timeout:377
pycsp3-extra-ortools-20260505,865,competition/2022-2025/COP22to25/TSPTW1-n020w040-1_c23.xml.lzma,minimize,value_mismatch,sat:277,optimum:254
pycsp3-extra-ortools-20260505,866,competition/2022-2025/COP22to25/TSPTW1-n020w060-1_c23.xml.lzma,minimize,value_mismatch,sat:384,optimum:335
pycsp3-extra-ortools-20260505,867,competition/2022-2025/COP22to25/TSPTW1-n020w080-1_c23.xml.lzma,minimize,value_mismatch,sat:386,optimum:329
pycsp3-extra-ortools-20260505,868,competition/2022-2025/COP22to25/TSPTW1-n040w020-1_c23.xml.lzma,minimize,value_mismatch,sat:526,optimum:500
pycsp3-extra-ortools-20260505,869,competition/2022-2025/COP22to25/TSPTW1-n040w040-1_c23.xml.lzma,minimize,value_mismatch,sat:487,optimum:465
pycsp3-extra-ortools-20260505,872,competition/2022-2025/COP22to25/TSPTW2-n040w020-1_c23.xml.lzma,minimize,value_mismatch,sat:519,optimum:500
pycsp3-extra-ortools-20260505,873,competition/2022-2025/COP22to25/TSPTW2-n040w040-1_c23.xml.lzma,minimize,value_mismatch,sat:515,optimum:465
pycsp3-extra-ortools-20260505,874,competition/2022-2025/COP22to25/TSPTW2-n040w060-1_c23.xml.lzma,minimize,value_mismatch,sat:543,optimum:494
pycsp3-extra-ortools-20260505,875,competition/2022-2025/COP22to25/TSPTW2-n040w080-1_c23.xml.lzma,minimize,value_mismatch,sat:480,optimum:395
pycsp3-extra-ortools-20260505,876,competition/2022-2025/COP22to25/TSPTW2-n060w020-1_c23.xml.lzma,minimize,value_mismatch,sat:577,optimum:551
pycsp3-extra-ortools-20260505,877,competition/2022-2025/COP22to25/TSPTW2-n060w040-1_c23.xml.lzma,minimize,value_mismatch,sat:646,optimum:591
pycsp3-extra-ortools-20260505,878,competition/2022-2025/COP22to25/TSPTW2-n060w060-1_c23.xml.lzma,minimize,value_mismatch,sat:683,optimum:609
pycsp3-extra-ortools-20260505,879,competition/2022-2025/COP22to25/TSPTW2-n060w080-1_c23.xml.lzma,minimize,value_mismatch,sat:574,optimum:458
pycsp3-extra-ortools-20260505,880,competition/2022-2025/COP22to25/TankAllocation1-0000_c25.xml.lzma,maximize,value_mismatch,sat:0,optimum:1619
pycsp3-extra-ortools-20260505,881,competition/2022-2025/COP22to25/TankAllocation1-0400_c25.xml.lzma,maximize,value_mismatch,sat:0,optimum:1226
pycsp3-extra-ortools-20260505,882,competition/2022-2025/COP22to25/TankAllocation1-0800_c25.xml.lzma,maximize,value_mismatch,sat:4299,optimum:5830
pycsp3-extra-ortools-20260505,883,competition/2022-2025/COP22to25/TankAllocation1-1200_c25.xml.lzma,maximize,value_mismatch,sat:0,optimum:300
pycsp3-extra-ortools-20260505,884,competition/2022-2025/COP22to25/TankAllocation1-1600_c25.xml.lzma,maximize,value_mismatch,sat:243,optimum:835
pycsp3-extra-ortools-20260505,885,competition/2022-2025/COP22to25/TankAllocation1-2000_c25.xml.lzma,maximize,value_mismatch,sat:0,optimum:1403
pycsp3-extra-ortools-20260505,886,competition/2022-2025/COP22to25/TankAllocation1-2400_c25.xml.lzma,maximize,value_mismatch,sat:2886,optimum:4304
pycsp3-extra-ortools-20260505,887,competition/2022-2025/COP22to25/TankAllocation1-2591_c25.xml.lzma,maximize,value_mismatch,sat:1015,optimum:1902
pycsp3-extra-ortools-20260505,888,competition/2022-2025/COP22to25/TankAllocation1-chemical_c25.xml.lzma,maximize,value_mismatch,sat:0,optimum:2296
pycsp3-extra-ortools-20260505,889,competition/2022-2025/COP22to25/TankAllocation2-0000_c25.xml.lzma,maximize,value_mismatch,sat:0,timeout:1600
pycsp3-extra-ortools-20260505,890,competition/2022-2025/COP22to25/TankAllocation2-0400_c25.xml.lzma,maximize,value_mismatch,sat:0,optimum:1226
pycsp3-extra-ortools-20260505,891,competition/2022-2025/COP22to25/TankAllocation2-0800_c25.xml.lzma,maximize,value_mismatch,sat:2917,timeout:5735
pycsp3-extra-ortools-20260505,892,competition/2022-2025/COP22to25/TankAllocation2-1200_c25.xml.lzma,maximize,value_mismatch,sat:0,optimum:300
pycsp3-extra-ortools-20260505,893,competition/2022-2025/COP22to25/TankAllocation2-1600_c25.xml.lzma,maximize,value_mismatch,sat:0,timeout:835
pycsp3-extra-ortools-20260505,895,competition/2022-2025/COP22to25/TankAllocation2-2400_c25.xml.lzma,maximize,value_mismatch,sat:1958,optimum:4304
pycsp3-extra-ortools-20260505,896,competition/2022-2025/COP22to25/TankAllocation2-2591_c25.xml.lzma,maximize,value_mismatch,sat:486,optimum:1902
pycsp3-extra-ortools-20260505,897,competition/2022-2025/COP22to25/TankAllocation2-chemical_c25.xml.lzma,maximize,value_mismatch,sat:0,timeout:2296
pycsp3-extra-ortools-20260505,919,competition/2022-2025/COP22to25/TravelingTournament-galaxy04_c24.xml.lzma,minimize,value_mismatch,sat:442,optimum:416
pycsp3-extra-ortools-20260505,920,competition/2022-2025/COP22to25/TravelingTournament-galaxy06_c24.xml.lzma,minimize,value_mismatch,sat:1599,timeout:1413
pycsp3-extra-ortools-20260505,921,competition/2022-2025/COP22to25/TravelingTournament-galaxy08_c24.xml.lzma,minimize,value_mismatch,sat:3492,timeout:2580
pycsp3-extra-ortools-20260505,922,competition/2022-2025/COP22to25/TravelingTournament-galaxy10_c24.xml.lzma,minimize,value_mismatch,sat:6723,timeout:5443
pycsp3-extra-ortools-20260505,923,competition/2022-2025/COP22to25/TravelingTournament-galaxy12_c24.xml.lzma,minimize,value_mismatch,sat:10842,timeout:9101
pycsp3-extra-ortools-20260505,924,competition/2022-2025/COP22to25/TravelingTournament-galaxy14_c24.xml.lzma,minimize,value_mismatch,sat:17679,timeout:14794
pycsp3-extra-ortools-20260505,925,competition/2022-2025/COP22to25/TravelingTournament-galaxy16_c24.xml.lzma,minimize,value_mismatch,unknown:23710,timeout:20838
pycsp3-extra-ortools-20260505,926,competition/2022-2025/COP22to25/TravelingTournament-galaxy18_c24.xml.lzma,minimize,value_mismatch,unknown:32247,timeout:30115
pycsp3-extra-ortools-20260505,927,competition/2022-2025/COP22to25/TravelingTournament-galaxy20_c24.xml.lzma,minimize,value_mismatch,unknown:41572,timeout:39914
pycsp3-extra-ortools-20260505,934,competition/2022-2025/COP22to25/Triangular-15_c22.xml.lzma,maximize,value_mismatch,sat:32,timeout:34
pycsp3-extra-ortools-20260505,935,competition/2022-2025/COP22to25/Triangular-20_c22.xml.lzma,maximize,value_mismatch,sat:46,timeout:50
pycsp3-extra-ortools-20260505,936,competition/2022-2025/COP22to25/Triangular-22_c22.xml.lzma,maximize,value_mismatch,sat:51,timeout:56
pycsp3-extra-ortools-20260505,937,competition/2022-2025/COP22to25/Triangular-25_c22.xml.lzma,maximize,value_mismatch,sat:59,timeout:65
pycsp3-extra-ortools-20260505,938,competition/2022-2025/COP22to25/Triangular-28_c22.xml.lzma,maximize,value_mismatch,sat:68,timeout:73
pycsp3-extra-ortools-20260505,939,competition/2022-2025/COP22to25/Triangular-30_c22.xml.lzma,maximize,value_mismatch,sat:73,timeout:79
pycsp3-extra-ortools-20260505,940,competition/2022-2025/COP22to25/Triangular-32_c22.xml.lzma,maximize,value_mismatch,sat:79,timeout:90
pycsp3-extra-ortools-20260505,941,competition/2022-2025/COP22to25/Triangular-35_c22.xml.lzma,maximize,value_mismatch,sat:85,timeout:96
pycsp3-extra-ortools-20260505,942,competition/2022-2025/COP22to25/Triangular-38_c22.xml.lzma,maximize,value_mismatch,sat:93,timeout:108
pycsp3-extra-ortools-20260505,946,competition/2022-2025/COP22to25/VRP_LC-09-05-15-s2_c24.xml.lzma,minimize,value_mismatch,sat:702,timeout:411
pycsp3-extra-ortools-20260505,947,competition/2022-2025/COP22to25/VRP_LC-09-05-15-s3_c24.xml.lzma,minimize,value_mismatch,sat:702,timeout:411
pycsp3-extra-ortools-20260505,948,competition/2022-2025/COP22to25/VRP_LC-10-05-20-s3_c24.xml.lzma,minimize,value_mismatch,sat:320,timeout:267
pycsp3-extra-ortools-20260505,949,competition/2022-2025/COP22to25/VRP_LC-11-05-15-s3_c24.xml.lzma,minimize,value_mismatch,sat:601,timeout:332
pycsp3-extra-ortools-20260505,950,competition/2022-2025/COP22to25/VRP_LC-11-05-15-s4_c24.xml.lzma,minimize,value_mismatch,sat:601,timeout:332
pycsp3-extra-ortools-20260505,951,competition/2022-2025/COP22to25/VRP_LC-13-11-15-s3_c24.xml.lzma,minimize,value_mismatch,sat:646,timeout:434
pycsp3-extra-ortools-20260505,952,competition/2022-2025/COP22to25/VRP_LC-13-11-20-s4_c24.xml.lzma,minimize,value_mismatch,sat:926,timeout:590
pycsp3-extra-ortools-20260505,963,competition/2022-2025/COP22to25/Warehouse-40-80-00_c22.xml.lzma,minimize,value_mismatch,unknown:45114,optimum:5073
pycsp3-extra-ortools-20260505,964,competition/2022-2025/COP22to25/Warehouse-40-80-01_c22.xml.lzma,minimize,value_mismatch,unknown:44150,optimum:5299
pycsp3-extra-ortools-20260505,965,competition/2022-2025/COP22to25/Warehouse-40-80-02_c22.xml.lzma,minimize,value_mismatch,unknown:48869,optimum:5396
pycsp3-extra-ortools-20260505,966,competition/2022-2025/COP22to25/Warehouse-50-100-00_c22.xml.lzma,minimize,value_mismatch,unknown:51798,optimum:5735
pycsp3-extra-ortools-20260505,967,competition/2022-2025/COP22to25/Warehouse-50-100-01_c22.xml.lzma,minimize,value_mismatch,unknown:58104,optimum:5955
pycsp3-extra-ortools-20260505,968,competition/2022-2025/COP22to25/Warehouse-50-100-02_c22.xml.lzma,minimize,value_mismatch,unknown:62429,optimum:6158
pycsp3-extra-ortools-20260505,969,competition/2022-2025/COP22to25/Warehouse-60-120-00_c22.xml.lzma,minimize,value_mismatch,unknown:70996,optimum:6288
pycsp3-extra-ortools-20260505,970,competition/2022-2025/COP22to25/Warehouse-60-120-01_c22.xml.lzma,minimize,value_mismatch,unknown:65389,optimum:6491
pycsp3-extra-ortools-20260505,971,competition/2022-2025/COP22to25/Warehouse-60-120-02_c22.xml.lzma,minimize,value_mismatch,unknown:64862,optimum:6510
pycsp3-extra-ortools-20260505,983,competition/2022-2025/COP22to25/WordGolf-6-ogd2008-50-3_c24.xml.lzma,minimize,value_mismatch,sat:49,timeout:26
pycsp3-extra-ortools-20260505,989,competition/2022-2025/COP22to25/Wordpress-04-06-500_c24.xml.lzma,minimize,value_mismatch,unknown:21612,optimum:1866
pycsp3-extra-ortools-20260505,990,competition/2022-2025/COP22to25/Wordpress-04-07-500_c24.xml.lzma,minimize,value_mismatch,unknown:30764,optimum:1748
pycsp3-extra-ortools-20260505,991,competition/2022-2025/COP22to25/Wordpress-04-08-500_c24.xml.lzma,minimize,value_mismatch,unknown:31591,optimum:1630
pycsp3-extra-ortools-20260505,992,competition/2022-2025/COP22to25/Wordpress-04-09-500_c24.xml.lzma,minimize,value_mismatch,unknown:23344,optimum:1536
pycsp3-extra-ortools-20260505,993,competition/2022-2025/COP22to25/Wordpress-04-10-500_c24.xml.lzma,minimize,value_mismatch,unknown:32496,optimum:1442
pycsp3-extra-ortools-20260505,994,competition/2022-2025/COP22to25/Wordpress-08-20-500_c24.xml.lzma,minimize,value_mismatch,unknown:40766,optimum:2674
pycsp3-extra-ortools-20260505,995,competition/2022-2025/COP22to25/Wordpress-12-30-500_c24.xml.lzma,minimize,value_mismatch,unknown:49036,optimum:3580
pycsp3-extra-ortools-20260505,996,competition/2022-2025/COP22to25/Wordpress-16-40-500_c24.xml.lzma,minimize,value_mismatch,unknown:48981,optimum:4812
pycsp3-extra-ortools-20260505,997,competition/2022-2025/COP22to25/Wordpress-20-50-500_c24.xml.lzma,minimize,value_mismatch,unknown:457600,optimum:5834
pycsp3-extra-ortools-20260505,998,competition/2022-2025/COP22to25/Wordpress-24-60-500_c24.xml.lzma,minimize,value_mismatch,unknown:73846,optimum:6740
pycsp3-extra-ortools-20260505,999,competition/2022-2025/COP22to25/Wordpress-28-70-500_c24.xml.lzma,minimize,value_mismatch,unknown:82116,optimum:7972
pycsp3-extra-ortools-20260505,1000,competition/2022-2025/COP22to25/Wordpress-32-80-500_c24.xml.lzma,minimize,value_mismatch,unknown:90386,optimum:8994
pycsp3-extra-ortools-1t-rerun1-20260505,37,competition/2022-2025/COP22to25/AircraftLanding-table-airland01_c22.xml.lzma,minimize,value_mismatch,unknown:1528000,optimum:70000
pycsp3-extra-ortools-1t-rerun1-20260505,38,competition/2022-2025/COP22to25/AircraftLanding-table-airland02_c22.xml.lzma,minimize,value_mismatch,unknown:7023000,optimum:148000
pycsp3-extra-ortools-1t-rerun1-20260505,39,competition/2022-2025/COP22to25/AircraftLanding-table-airland03_c22.xml.lzma,minimize,value_mismatch,unknown:7420000,optimum:82000
pycsp3-extra-ortools-1t-rerun1-20260505,40,competition/2022-2025/COP22to25/AircraftLanding-table-airland04_c22.xml.lzma,minimize,value_mismatch,unknown:11247000,optimum:252000
pycsp3-extra-ortools-1t-rerun1-20260505,41,competition/2022-2025/COP22to25/AircraftLanding-table-airland05_c22.xml.lzma,minimize,value_mismatch,unknown:8545000,optimum:310000
pycsp3-extra-ortools-1t-rerun1-20260505,43,competition/2022-2025/COP22to25/AircraftLanding-table-airland07_c22.xml.lzma,minimize,value_mismatch,unknown:775000,optimum:155000
pycsp3-extra-ortools-1t-rerun1-20260505,44,competition/2022-2025/COP22to25/AircraftLanding-table-airland08_c22.xml.lzma,minimize,value_mismatch,unknown:9597000,timeout:195000
pycsp3-extra-ortools-1t-rerun1-20260505,45,competition/2022-2025/COP22to25/AircraftLanding-table-airland09_c22.xml.lzma,minimize,value_mismatch,unknown:19682693,timeout:1236257
pycsp3-extra-ortools-1t-rerun1-20260505,46,competition/2022-2025/COP22to25/AircraftLanding-table-airland10_c22.xml.lzma,minimize,value_mismatch,unknown:30080096,timeout:3925164
pycsp3-extra-ortools-1t-rerun1-20260505,47,competition/2022-2025/COP22to25/AircraftLanding-table-airland11_c22.xml.lzma,minimize,value_mismatch,unknown:9612481,timeout:3294893
pycsp3-extra-ortools-1t-rerun1-20260505,48,competition/2022-2025/COP22to25/AircraftLanding-table-airland12_c22.xml.lzma,minimize,value_mismatch,unknown:13484019,timeout:5186933
pycsp3-extra-ortools-1t-rerun1-20260505,49,competition/2022-2025/COP22to25/AircraftLanding-table-airland13_c22.xml.lzma,minimize,value_mismatch,internal_error:18462542,timeout:74571754
pycsp3-extra-ortools-1t-rerun1-20260505,52,competition/2022-2025/COP22to25/AlteredStates-04_c25.xml.lzma,maximize,value_mismatch,sat:55,timeout:58
pycsp3-extra-ortools-1t-rerun1-20260505,53,competition/2022-2025/COP22to25/AlteredStates-05_c25.xml.lzma,maximize,value_mismatch,sat:65,timeout:92
pycsp3-extra-ortools-1t-rerun1-20260505,54,competition/2022-2025/COP22to25/AlteredStates-06_c25.xml.lzma,maximize,value_mismatch,sat:109,timeout:118
pycsp3-extra-ortools-1t-rerun1-20260505,55,competition/2022-2025/COP22to25/AlteredStates-08_c25.xml.lzma,maximize,value_mismatch,sat:135,timeout:182
pycsp3-extra-ortools-1t-rerun1-20260505,56,competition/2022-2025/COP22to25/AlteredStates-10_c25.xml.lzma,maximize,value_mismatch,sat:139,timeout:234
pycsp3-extra-ortools-1t-rerun1-20260505,57,competition/2022-2025/COP22to25/AlteredStates-12_c25.xml.lzma,maximize,value_mismatch,sat:187,timeout:320
pycsp3-extra-ortools-1t-rerun1-20260505,58,competition/2022-2025/COP22to25/AlteredStates-15_c25.xml.lzma,maximize,value_mismatch,sat:247,timeout:324
pycsp3-extra-ortools-1t-rerun1-20260505,59,competition/2022-2025/COP22to25/AlteredStates-bis-02_c25.xml.lzma,maximize,value_mismatch,unknown:0,optimum:29145505
pycsp3-extra-ortools-1t-rerun1-20260505,60,competition/2022-2025/COP22to25/AlteredStates-bis-03_c25.xml.lzma,maximize,value_mismatch,unknown:15566668,timeout:114156317
pycsp3-extra-ortools-1t-rerun1-20260505,61,competition/2022-2025/COP22to25/AlteredStates-bis-04_c25.xml.lzma,maximize,value_mismatch,unknown:12376299,timeout:174595288
pycsp3-extra-ortools-1t-rerun1-20260505,62,competition/2022-2025/COP22to25/AlteredStates-bis-05_c25.xml.lzma,maximize,value_mismatch,unknown:0,timeout:209217002
pycsp3-extra-ortools-1t-rerun1-20260505,63,competition/2022-2025/COP22to25/AlteredStates-bis-06_c25.xml.lzma,maximize,value_mismatch,unknown:0,timeout:242242709
pycsp3-extra-ortools-1t-rerun1-20260505,64,competition/2022-2025/COP22to25/AlteredStates-bis-08_c25.xml.lzma,maximize,value_mismatch,unknown:0,timeout:275976236
pycsp3-extra-ortools-1t-rerun1-20260505,65,competition/2022-2025/COP22to25/AlteredStates-bis-10_c25.xml.lzma,maximize,value_mismatch,unknown:0,timeout:295286603
pycsp3-extra-ortools-1t-rerun1-20260505,66,competition/2022-2025/COP22to25/AlteredStates-bis-12_c25.xml.lzma,maximize,value_mismatch,unknown:0,optimum:330759736
pycsp3-extra-ortools-1t-rerun1-20260505,67,competition/2022-2025/COP22to25/AlteredStates-bis-15_c25.xml.lzma,maximize,value_mismatch,unknown:0,optimum:330759736
pycsp3-extra-ortools-1t-rerun1-20260505,69,competition/2022-2025/COP22to25/AztecDiamondSym-04_c24.xml.lzma,minimize,value_mismatch,sat:793,timeout:341
pycsp3-extra-ortools-1t-rerun1-20260505,70,competition/2022-2025/COP22to25/AztecDiamondSym-05_c24.xml.lzma,minimize,value_mismatch,sat:2623,timeout:1191
pycsp3-extra-ortools-1t-rerun1-20260505,99,competition/2022-2025/COP22to25/BinPacking-n3c3w2a_c24.xml.lzma,minimize,value_mismatch,sat:85,timeout:86
pycsp3-extra-ortools-1t-rerun1-20260505,106,competition/2022-2025/COP22to25/BinPacking2-n3c2w1a_c24.xml.lzma,minimize,value_mismatch,sat:107,timeout:92
pycsp3-extra-ortools-1t-rerun1-20260505,107,competition/2022-2025/COP22to25/BinPacking2-n3c3w1a_c24.xml.lzma,minimize,value_mismatch,sat:74,optimum:66
pycsp3-extra-ortools-1t-rerun1-20260505,108,competition/2022-2025/COP22to25/BinPacking2-n3c3w2a_c24.xml.lzma,minimize,value_mismatch,sat:97,sat:85
pycsp3-extra-ortools-1t-rerun1-20260505,109,competition/2022-2025/COP22to25/BinPacking2-n3c3w4a_c24.xml.lzma,minimize,value_mismatch,sat:105,timeout:94
pycsp3-extra-ortools-1t-rerun1-20260505,111,competition/2022-2025/COP22to25/BlockModeling-kansas-02_c25.xml.lzma,minimize,value_mismatch,sat:148,optimum:96
pycsp3-extra-ortools-1t-rerun1-20260505,112,competition/2022-2025/COP22to25/BlockModeling-kansas-03_c25.xml.lzma,minimize,value_mismatch,sat:148,timeout:88
pycsp3-extra-ortools-1t-rerun1-20260505,120,competition/2022-2025/COP22to25/BlockModeling-politicalactor-03_c25.xml.lzma,minimize,value_mismatch,sat:56,optimum:36
pycsp3-extra-ortools-1t-rerun1-20260505,121,competition/2022-2025/COP22to25/BlockModeling-politicalactor-05_c25.xml.lzma,minimize,value_mismatch,sat:56,timeout:29
pycsp3-extra-ortools-1t-rerun1-20260505,124,competition/2022-2025/COP22to25/BlockModeling-transatlantic-03_c25.xml.lzma,minimize,value_mismatch,sat:37,optimum:29
pycsp3-extra-ortools-1t-rerun1-20260505,125,competition/2022-2025/COP22to25/BlockModeling-transatlantic-05_c25.xml.lzma,minimize,value_mismatch,sat:37,timeout:24
pycsp3-extra-ortools-1t-rerun1-20260505,127,competition/2022-2025/COP22to25/BusScheduling-c1_c25.xml.lzma,minimize,value_mismatch,sat:30,timeout:26
pycsp3-extra-ortools-1t-rerun1-20260505,128,competition/2022-2025/COP22to25/BusScheduling-c1a_c25.xml.lzma,minimize,value_mismatch,sat:31,timeout:27
pycsp3-extra-ortools-1t-rerun1-20260505,129,competition/2022-2025/COP22to25/BusScheduling-c2_c25.xml.lzma,minimize,value_mismatch,sat:35,timeout:31
pycsp3-extra-ortools-1t-rerun1-20260505,130,competition/2022-2025/COP22to25/BusScheduling-r1_c25.xml.lzma,minimize,value_mismatch,sat:17,timeout:12
pycsp3-extra-ortools-1t-rerun1-20260505,131,competition/2022-2025/COP22to25/BusScheduling-r1a_c25.xml.lzma,minimize,value_mismatch,sat:19,timeout:11
pycsp3-extra-ortools-1t-rerun1-20260505,132,competition/2022-2025/COP22to25/BusScheduling-r2_c25.xml.lzma,minimize,value_mismatch,sat:18,timeout:14
pycsp3-extra-ortools-1t-rerun1-20260505,134,competition/2022-2025/COP22to25/BusScheduling-r4_c25.xml.lzma,minimize,value_mismatch,sat:30,timeout:26
pycsp3-extra-ortools-1t-rerun1-20260505,135,competition/2022-2025/COP22to25/BusScheduling-r5_c25.xml.lzma,minimize,value_mismatch,sat:31,timeout:29
pycsp3-extra-ortools-1t-rerun1-20260505,138,competition/2022-2025/COP22to25/BusScheduling-t2_c25.xml.lzma,minimize,value_mismatch,sat:21,timeout:19
pycsp3-extra-ortools-1t-rerun1-20260505,146,competition/2022-2025/COP22to25/ButtonsScissors-07_c25.xml.lzma,minimize,value_mismatch,sat:20,timeout:21
pycsp3-extra-ortools-1t-rerun1-20260505,147,competition/2022-2025/COP22to25/ButtonsScissors-08_c25.xml.lzma,minimize,value_mismatch,sat:19,timeout:21
pycsp3-extra-ortools-1t-rerun1-20260505,149,competition/2022-2025/COP22to25/ButtonsScissors-10_c25.xml.lzma,minimize,value_mismatch,sat:20,timeout:21
pycsp3-extra-ortools-1t-rerun1-20260505,150,competition/2022-2025/COP22to25/CVRP-A-n32-k5_c22.xml.lzma,minimize,value_mismatch,sat:2123,timeout:1956
pycsp3-extra-ortools-1t-rerun1-20260505,151,competition/2022-2025/COP22to25/CVRP-A-n33-k5_c22.xml.lzma,minimize,value_mismatch,sat:1844,timeout:1491
pycsp3-extra-ortools-1t-rerun1-20260505,152,competition/2022-2025/COP22to25/CVRP-A-n33-k6_c22.xml.lzma,minimize,value_mismatch,sat:1647,timeout:1400
pycsp3-extra-ortools-1t-rerun1-20260505,153,competition/2022-2025/COP22to25/CVRP-A-n34-k5_c22.xml.lzma,minimize,value_mismatch,sat:1843,timeout:1739
pycsp3-extra-ortools-1t-rerun1-20260505,154,competition/2022-2025/COP22to25/CVRP-A-n36-k5_c22.xml.lzma,minimize,value_mismatch,sat:1924,timeout:2064
pycsp3-extra-ortools-1t-rerun1-20260505,156,competition/2022-2025/COP22to25/CVRP-A-n37-k6_c22.xml.lzma,minimize,value_mismatch,sat:1923,timeout:1695
pycsp3-extra-ortools-1t-rerun1-20260505,157,competition/2022-2025/COP22to25/CVRP-A-n38-k5_c22.xml.lzma,minimize,value_mismatch,sat:2190,timeout:2249
pycsp3-extra-ortools-1t-rerun1-20260505,198,competition/2022-2025/COP22to25/ChampionsLeague-2024-18_c25.xml.lzma,maximize,value_mismatch,optimum:21,timeout:19
pycsp3-extra-ortools-1t-rerun1-20260505,200,competition/2022-2025/COP22to25/ChampionsLeague-2024-25_c25.xml.lzma,maximize,value_mismatch,sat:16,timeout:15
pycsp3-extra-ortools-1t-rerun1-20260505,228,competition/2022-2025/COP22to25/ClockTriplet-15-20_c22.xml.lzma,minimize,value_mismatch,sat:159,timeout:162
pycsp3-extra-ortools-1t-rerun1-20260505,229,competition/2022-2025/COP22to25/ClockTriplet-15-30_c22.xml.lzma,minimize,value_mismatch,sat:236,timeout:237
pycsp3-extra-ortools-1t-rerun1-20260505,230,competition/2022-2025/COP22to25/ClockTriplet-20-25_c22.xml.lzma,minimize,value_mismatch,sat:263,timeout:266
pycsp3-extra-ortools-1t-rerun1-20260505,231,competition/2022-2025/COP22to25/ClockTriplet-20-35_c22.xml.lzma,minimize,value_mismatch,sat:369,timeout:375
pycsp3-extra-ortools-1t-rerun1-20260505,234,competition/2022-2025/COP22to25/CoinsGrid-12-06_c22.xml.lzma,minimize,value_mismatch,sat:1284,optimum:420
pycsp3-extra-ortools-1t-rerun1-20260505,235,competition/2022-2025/COP22to25/CoinsGrid-14-07_c22.xml.lzma,minimize,value_mismatch,sat:3528,optimum:784
pycsp3-extra-ortools-1t-rerun1-20260505,236,competition/2022-2025/COP22to25/CoinsGrid-16-08_c22.xml.lzma,minimize,value_mismatch,sat:7488,optimum:1344
pycsp3-extra-ortools-1t-rerun1-20260505,237,competition/2022-2025/COP22to25/CoinsGrid-19-09_c22.xml.lzma,minimize,value_mismatch,sat:14874,optimum:2236
pycsp3-extra-ortools-1t-rerun1-20260505,238,competition/2022-2025/COP22to25/CoinsGrid-22-10_c22.xml.lzma,minimize,value_mismatch,sat:22710,optimum:3532
pycsp3-extra-ortools-1t-rerun1-20260505,239,competition/2022-2025/COP22to25/CoinsGrid-25-11_c22.xml.lzma,minimize,value_mismatch,unknown:33452,optimum:5312
pycsp3-extra-ortools-1t-rerun1-20260505,240,competition/2022-2025/COP22to25/CoinsGrid-28-12_c22.xml.lzma,minimize,value_mismatch,unknown:42568,optimum:7696
pycsp3-extra-ortools-1t-rerun1-20260505,241,competition/2022-2025/COP22to25/CoinsGrid-31-14_c22.xml.lzma,minimize,value_mismatch,unknown:63174,optimum:13668
pycsp3-extra-ortools-1t-rerun1-20260505,244,competition/2022-2025/COP22to25/Coprime-12_c25.xml.lzma,minimize,value_mismatch,sat:82,optimum:59
pycsp3-extra-ortools-1t-rerun1-20260505,245,competition/2022-2025/COP22to25/Coprime-14_c25.xml.lzma,minimize,value_mismatch,sat:110,optimum:73
pycsp3-extra-ortools-1t-rerun1-20260505,246,competition/2022-2025/COP22to25/Coprime-16_c25.xml.lzma,minimize,value_mismatch,sat:131,optimum:103
pycsp3-extra-ortools-1t-rerun1-20260505,247,competition/2022-2025/COP22to25/Coprime-17_c25.xml.lzma,minimize,value_mismatch,sat:289,optimum:107
pycsp3-extra-ortools-1t-rerun1-20260505,248,competition/2022-2025/COP22to25/Coprime-18_c25.xml.lzma,minimize,value_mismatch,sat:178,optimum:113
pycsp3-extra-ortools-1t-rerun1-20260505,260,competition/2022-2025/COP22to25/Cutstock-02-0_c25.xml.lzma,minimize,value_mismatch,sat:138,timeout:128
pycsp3-extra-ortools-1t-rerun1-20260505,261,competition/2022-2025/COP22to25/Cutstock-03-0_c25.xml.lzma,minimize,value_mismatch,sat:35,optimum:23
pycsp3-extra-ortools-1t-rerun1-20260505,264,competition/2022-2025/COP22to25/Cutstock-08-0_c25.xml.lzma,minimize,value_mismatch,sat:690,optimum:579
pycsp3-extra-ortools-1t-rerun1-20260505,265,competition/2022-2025/COP22to25/Cutstock-09-0_c25.xml.lzma,minimize,value_mismatch,sat:147,optimum:98
pycsp3-extra-ortools-1t-rerun1-20260505,268,competition/2022-2025/COP22to25/Cutstock-14-0_c25.xml.lzma,minimize,value_mismatch,sat:798,optimum:653
pycsp3-extra-ortools-1t-rerun1-20260505,269,competition/2022-2025/COP22to25/Cutstock-15-0_c25.xml.lzma,minimize,value_mismatch,sat:178,optimum:130
pycsp3-extra-ortools-1t-rerun1-20260505,273,competition/2022-2025/COP22to25/CyclicBandwidth-caterpillar13_c22.xml.lzma,minimize,value_mismatch,sat:52,timeout:10
pycsp3-extra-ortools-1t-rerun1-20260505,274,competition/2022-2025/COP22to25/CyclicBandwidth-caterpillar16_c22.xml.lzma,minimize,value_mismatch,sat:75,timeout:29
pycsp3-extra-ortools-1t-rerun1-20260505,275,competition/2022-2025/COP22to25/CyclicBandwidth-caterpillar19_c22.xml.lzma,minimize,value_mismatch,sat:104,timeout:72
pycsp3-extra-ortools-1t-rerun1-20260505,276,competition/2022-2025/COP22to25/CyclicBandwidth-caterpillar23_c22.xml.lzma,minimize,value_mismatch,sat:149,timeout:79
pycsp3-extra-ortools-1t-rerun1-20260505,277,competition/2022-2025/COP22to25/CyclicBandwidth-caterpillar29_c22.xml.lzma,minimize,value_mismatch,sat:232,timeout:106
pycsp3-extra-ortools-1t-rerun1-20260505,278,competition/2022-2025/COP22to25/CyclicBandwidth-caterpillar35_c22.xml.lzma,minimize,value_mismatch,unknown:332,timeout:197
pycsp3-extra-ortools-1t-rerun1-20260505,279,competition/2022-2025/COP22to25/CyclicBandwidth-mesh2D05x08_c22.xml.lzma,minimize,value_mismatch,sat:20,optimum:5
pycsp3-extra-ortools-1t-rerun1-20260505,280,competition/2022-2025/COP22to25/CyclicBandwidth-mesh2D10x10_c22.xml.lzma,minimize,value_mismatch,sat:50,timeout:10
pycsp3-extra-ortools-1t-rerun1-20260505,281,competition/2022-2025/COP22to25/CyclicBandwidth-mesh2D25x26_c22.xml.lzma,minimize,value_mismatch,unknown:324,timeout:163
pycsp3-extra-ortools-1t-rerun1-20260505,282,competition/2022-2025/COP22to25/CyclicBandwidth-path100_c22.xml.lzma,minimize,value_mismatch,sat:50,optimum:1
pycsp3-extra-ortools-1t-rerun1-20260505,283,competition/2022-2025/COP22to25/CyclicBandwidth-path200_c22.xml.lzma,minimize,value_mismatch,sat:100,timeout:37
pycsp3-extra-ortools-1t-rerun1-20260505,284,competition/2022-2025/COP22to25/CyclicBandwidth-path300_c22.xml.lzma,minimize,value_mismatch,sat:149,optimum:1
pycsp3-extra-ortools-1t-rerun1-20260505,291,competition/2022-2025/COP22to25/DC-midori-xor4-d1-t0-r14-v128_c22.xml.lzma,minimize,value_mismatch,sat:68,timeout:14
pycsp3-extra-ortools-1t-rerun1-20260505,295,competition/2022-2025/COP22to25/DC-rijndael-xor5-d1-t0-r06-keysize7-plainsize4_c22.xml.lzma,minimize,value_mismatch,sat:26,optimum:9
pycsp3-extra-ortools-1t-rerun1-20260505,296,competition/2022-2025/COP22to25/DC-rijndael-xor5-d1-t0-r07-keysize7-plainsize4_c22.xml.lzma,minimize,value_mismatch,sat:25,timeout:15
pycsp3-extra-ortools-1t-rerun1-20260505,297,competition/2022-2025/COP22to25/DC-rijndael-xor5-d1-t0-r08-keysize7-plainsize4_c22.xml.lzma,minimize,value_mismatch,sat:32,timeout:18
pycsp3-extra-ortools-1t-rerun1-20260505,304,competition/2022-2025/COP22to25/DC-skinny-xor0-d0-t0-r12-v64-z0_c22.xml.lzma,minimize,value_mismatch,sat:55,timeout:56
pycsp3-extra-ortools-1t-rerun1-20260505,306,competition/2022-2025/COP22to25/DC-skinny-xor0-d0-t0-r14-v64-z0_c22.xml.lzma,minimize,value_mismatch,sat:61,timeout:62
pycsp3-extra-ortools-1t-rerun1-20260505,307,competition/2022-2025/COP22to25/DC-skinny-xor0-d0-t0-r15-v64-z0_c22.xml.lzma,minimize,value_mismatch,sat:70,timeout:66
pycsp3-extra-ortools-1t-rerun1-20260505,308,competition/2022-2025/COP22to25/DC-skinny-xor0-d0-t0-r16-v64-z0_c22.xml.lzma,minimize,value_mismatch,sat:76,timeout:75
pycsp3-extra-ortools-1t-rerun1-20260505,309,competition/2022-2025/COP22to25/DC-skinny-xor0-d0-t0-r17-v64-z0_c22.xml.lzma,minimize,value_mismatch,sat:92,timeout:84
pycsp3-extra-ortools-1t-rerun1-20260505,310,competition/2022-2025/COP22to25/DC-skinny-xor0-d0-t0-r18-v64-z0_c22.xml.lzma,minimize,value_mismatch,sat:96,timeout:92
pycsp3-extra-ortools-1t-rerun1-20260505,316,competition/2022-2025/COP22to25/Drinking-010000_c24.xml.lzma,minimize,value_mismatch,sat:6858,optimum:1000
pycsp3-extra-ortools-1t-rerun1-20260505,317,competition/2022-2025/COP22to25/Drinking-020000_c24.xml.lzma,minimize,value_mismatch,sat:13715,optimum:2000
pycsp3-extra-ortools-1t-rerun1-20260505,321,competition/2022-2025/COP22to25/EchelonStock2-A01_c22.xml.lzma,minimize,value_mismatch,sat:62950,optimum:36300
pycsp3-extra-ortools-1t-rerun1-20260505,322,competition/2022-2025/COP22to25/EchelonStock2-A02_c22.xml.lzma,minimize,value_mismatch,sat:63600,optimum:40800
pycsp3-extra-ortools-1t-rerun1-20260505,323,competition/2022-2025/COP22to25/EchelonStock2-A03_c22.xml.lzma,minimize,value_mismatch,sat:88250,optimum:41400
pycsp3-extra-ortools-1t-rerun1-20260505,324,competition/2022-2025/COP22to25/EchelonStock2-A04_c22.xml.lzma,minimize,value_mismatch,sat:64550,optimum:40150
pycsp3-extra-ortools-1t-rerun1-20260505,325,competition/2022-2025/COP22to25/EchelonStock2-A05_c22.xml.lzma,minimize,value_mismatch,sat:66850,optimum:39950
pycsp3-extra-ortools-1t-rerun1-20260505,326,competition/2022-2025/COP22to25/EchelonStock2-A06_c22.xml.lzma,minimize,value_mismatch,sat:69850,optimum:44250
pycsp3-extra-ortools-1t-rerun1-20260505,327,competition/2022-2025/COP22to25/EchelonStock2-A07_c22.xml.lzma,minimize,value_mismatch,sat:66500,optimum:40700
pycsp3-extra-ortools-1t-rerun1-20260505,328,competition/2022-2025/COP22to25/EchelonStock2-A08_c22.xml.lzma,minimize,value_mismatch,sat:74400,optimum:43550
pycsp3-extra-ortools-1t-rerun1-20260505,329,competition/2022-2025/COP22to25/EchelonStock2-A09_c22.xml.lzma,minimize,value_mismatch,sat:68200,optimum:43450
pycsp3-extra-ortools-1t-rerun1-20260505,330,competition/2022-2025/COP22to25/EchelonStock2-A10_c22.xml.lzma,minimize,value_mismatch,sat:95150,optimum:46650
pycsp3-extra-ortools-1t-rerun1-20260505,331,competition/2022-2025/COP22to25/FAPP-aux-01-0200_c25.xml.lzma,minimize,value_mismatch,unknown:99368713,timeout:89700657
pycsp3-extra-ortools-1t-rerun1-20260505,332,competition/2022-2025/COP22to25/FAPP-aux-02-0250_c25.xml.lzma,minimize,value_mismatch,internal_error:223538514,timeout:225625763
pycsp3-extra-ortools-1t-rerun1-20260505,333,competition/2022-2025/COP22to25/FAPP-aux-03-0300_c25.xml.lzma,minimize,value_mismatch,internal_error:478685788,timeout:471137773
pycsp3-extra-ortools-1t-rerun1-20260505,341,competition/2022-2025/COP22to25/FAPP-aux-17-0300_c25.xml.lzma,minimize,value_mismatch,internal_error:360353040,timeout:371538831
pycsp3-extra-ortools-1t-rerun1-20260505,342,competition/2022-2025/COP22to25/FAPP-aux-18-0350_c25.xml.lzma,minimize,value_mismatch,internal_error:223953458,optimum:162507055
pycsp3-extra-ortools-1t-rerun1-20260505,343,competition/2022-2025/COP22to25/FAPP-aux-19-0350_c25.xml.lzma,minimize,value_mismatch,internal_error:456780092,timeout:867385410
pycsp3-extra-ortools-1t-rerun1-20260505,344,competition/2022-2025/COP22to25/FAPP-aux-20-0420_c25.xml.lzma,minimize,value_mismatch,internal_error:557842977,timeout:575220756
pycsp3-extra-ortools-1t-rerun1-20260505,345,competition/2022-2025/COP22to25/FAPP-aux-21-0500_c25.xml.lzma,minimize,value_mismatch,internal_error:95722790,optimum:63832030
pycsp3-extra-ortools-1t-rerun1-20260505,347,competition/2022-2025/COP22to25/FAPP-aux-test01-0150_c25.xml.lzma,minimize,value_mismatch,unknown:51926754,timeout:18380616
pycsp3-extra-ortools-1t-rerun1-20260505,348,competition/2022-2025/COP22to25/FAPP-aux-test03-0400_c25.xml.lzma,minimize,value_mismatch,internal_error:461806865,timeout:457783505
pycsp3-extra-ortools-1t-rerun1-20260505,389,competition/2022-2025/COP22to25/Fortress1-03_c25.xml.lzma,minimize,value_mismatch,unknown:2389702,timeout:459520
pycsp3-extra-ortools-1t-rerun1-20260505,390,competition/2022-2025/COP22to25/Fortress1-04_c25.xml.lzma,minimize,value_mismatch,unknown:3769687,timeout:659413
pycsp3-extra-ortools-1t-rerun1-20260505,391,competition/2022-2025/COP22to25/Fortress1-05_c25.xml.lzma,minimize,value_mismatch,unknown:5779509,timeout:1089099
pycsp3-extra-ortools-1t-rerun1-20260505,392,competition/2022-2025/COP22to25/Fortress1-06_c25.xml.lzma,minimize,value_mismatch,unknown:6359540,timeout:1059137
pycsp3-extra-ortools-1t-rerun1-20260505,393,competition/2022-2025/COP22to25/Fortress1-07_c25.xml.lzma,minimize,value_mismatch,unknown:7329606,timeout:1249100
pycsp3-extra-ortools-1t-rerun1-20260505,394,competition/2022-2025/COP22to25/Fortress1-08_c25.xml.lzma,minimize,value_mismatch,unknown:7109524,timeout:1249065
pycsp3-extra-ortools-1t-rerun1-20260505,395,competition/2022-2025/COP22to25/Fortress1-09_c25.xml.lzma,minimize,value_mismatch,unknown:8719556,timeout:1579159
pycsp3-extra-ortools-1t-rerun1-20260505,396,competition/2022-2025/COP22to25/Fortress1-10_c25.xml.lzma,minimize,value_mismatch,unknown:13569404,timeout:2238713
pycsp3-extra-ortools-1t-rerun1-20260505,397,competition/2022-2025/COP22to25/Fortress2-03_c25.xml.lzma,minimize,value_mismatch,unknown:1650139,timeout:460148
pycsp3-extra-ortools-1t-rerun1-20260505,398,competition/2022-2025/COP22to25/Fortress2-04_c25.xml.lzma,minimize,value_mismatch,unknown:2790271,timeout:650296
pycsp3-extra-ortools-1t-rerun1-20260505,399,competition/2022-2025/COP22to25/Fortress2-05_c25.xml.lzma,minimize,value_mismatch,unknown:4440612,timeout:1080659
pycsp3-extra-ortools-1t-rerun1-20260505,400,competition/2022-2025/COP22to25/Fortress2-06_c25.xml.lzma,minimize,value_mismatch,unknown:5000585,timeout:1080708
pycsp3-extra-ortools-1t-rerun1-20260505,401,competition/2022-2025/COP22to25/Fortress2-07_c25.xml.lzma,minimize,value_mismatch,unknown:5710989,timeout:1291130
pycsp3-extra-ortools-1t-rerun1-20260505,402,competition/2022-2025/COP22to25/Fortress2-08_c25.xml.lzma,minimize,value_mismatch,unknown:5530929,timeout:1251020
pycsp3-extra-ortools-1t-rerun1-20260505,403,competition/2022-2025/COP22to25/Fortress2-09_c25.xml.lzma,minimize,value_mismatch,unknown:6901260,timeout:1591396
pycsp3-extra-ortools-1t-rerun1-20260505,404,competition/2022-2025/COP22to25/Fortress2-10_c25.xml.lzma,minimize,value_mismatch,unknown:11371743,timeout:2262152
pycsp3-extra-ortools-1t-rerun1-20260505,405,competition/2022-2025/COP22to25/GBACP-UD01_c23.xml.lzma,minimize,value_mismatch,internal_error:22879,timeout:645
pycsp3-extra-ortools-1t-rerun1-20260505,406,competition/2022-2025/COP22to25/GBACP-UD02_c23.xml.lzma,minimize,value_mismatch,internal_error:3739,timeout:188
pycsp3-extra-ortools-1t-rerun1-20260505,407,competition/2022-2025/COP22to25/GBACP-UD03_c23.xml.lzma,minimize,value_mismatch,internal_error:21839,timeout:408
pycsp3-extra-ortools-1t-rerun1-20260505,408,competition/2022-2025/COP22to25/GBACP-UD04_c23.xml.lzma,minimize,value_mismatch,unknown:3288,optimum:396
pycsp3-extra-ortools-1t-rerun1-20260505,409,competition/2022-2025/COP22to25/GBACP-UD05_c23.xml.lzma,minimize,value_mismatch,internal_error:20034,timeout:305
pycsp3-extra-ortools-1t-rerun1-20260505,410,competition/2022-2025/COP22to25/GBACP-UD06_c23.xml.lzma,minimize,value_mismatch,internal_error:5267,timeout:57
pycsp3-extra-ortools-1t-rerun1-20260505,411,competition/2022-2025/COP22to25/GBACP-UD07_c23.xml.lzma,minimize,value_mismatch,internal_error:19276,timeout:1067
pycsp3-extra-ortools-1t-rerun1-20260505,412,competition/2022-2025/COP22to25/GBACP-UD08_c23.xml.lzma,minimize,value_mismatch,internal_error:4262,timeout:75
pycsp3-extra-ortools-1t-rerun1-20260505,413,competition/2022-2025/COP22to25/GBACP-UD09_c23.xml.lzma,minimize,value_mismatch,internal_error:23005,timeout:2795
pycsp3-extra-ortools-1t-rerun1-20260505,414,competition/2022-2025/COP22to25/GBACP-UD10_c23.xml.lzma,minimize,value_mismatch,unknown:6379,timeout:52
pycsp3-extra-ortools-1t-rerun1-20260505,415,competition/2022-2025/COP22to25/GBACP-table-UD01_c23.xml.lzma,minimize,value_mismatch,internal_error:20362,timeout:32354
pycsp3-extra-ortools-1t-rerun1-20260505,416,competition/2022-2025/COP22to25/GBACP-table-UD02_c23.xml.lzma,minimize,value_mismatch,internal_error:6548,timeout:3763
pycsp3-extra-ortools-1t-rerun1-20260505,417,competition/2022-2025/COP22to25/GBACP-table-UD03_c23.xml.lzma,minimize,value_mismatch,internal_error:19570,timeout:18095
pycsp3-extra-ortools-1t-rerun1-20260505,418,competition/2022-2025/COP22to25/GBACP-table-UD04_c23.xml.lzma,minimize,value_mismatch,unknown:7758,timeout:396
pycsp3-extra-ortools-1t-rerun1-20260505,419,competition/2022-2025/COP22to25/GBACP-table-UD05_c23.xml.lzma,minimize,value_mismatch,internal_error:19429,timeout:12226
pycsp3-extra-ortools-1t-rerun1-20260505,420,competition/2022-2025/COP22to25/GBACP-table-UD06_c23.xml.lzma,minimize,value_mismatch,internal_error:5034,timeout:482
pycsp3-extra-ortools-1t-rerun1-20260505,421,competition/2022-2025/COP22to25/GBACP-table-UD07_c23.xml.lzma,minimize,value_mismatch,internal_error:25744,timeout:24910
pycsp3-extra-ortools-1t-rerun1-20260505,422,competition/2022-2025/COP22to25/GBACP-table-UD08_c23.xml.lzma,minimize,value_mismatch,internal_error:7176,timeout:2083
pycsp3-extra-ortools-1t-rerun1-20260505,423,competition/2022-2025/COP22to25/GBACP-table-UD09_c23.xml.lzma,minimize,value_mismatch,internal_error:19188,timeout:22539
pycsp3-extra-ortools-1t-rerun1-20260505,424,competition/2022-2025/COP22to25/GBACP-table-UD10_c23.xml.lzma,minimize,value_mismatch,unknown:9295,timeout:825
pycsp3-extra-ortools-1t-rerun1-20260505,441,competition/2022-2025/COP22to25/HCPizza-12-12-2-6-00_c23.xml.lzma,maximize,value_mismatch,sat:133,optimum:141
pycsp3-extra-ortools-1t-rerun1-20260505,443,competition/2022-2025/COP22to25/HCPizza-12-12-2-6-02_c23.xml.lzma,maximize,value_mismatch,sat:141,optimum:144
pycsp3-extra-ortools-1t-rerun1-20260505,444,competition/2022-2025/COP22to25/HCPizza-15-15-2-7-00_c23.xml.lzma,maximize,value_mismatch,sat:202,optimum:225
pycsp3-extra-ortools-1t-rerun1-20260505,445,competition/2022-2025/COP22to25/HCPizza-15-15-2-7-01_c23.xml.lzma,maximize,value_mismatch,sat:209,optimum:225
pycsp3-extra-ortools-1t-rerun1-20260505,446,competition/2022-2025/COP22to25/HCPizza-15-15-2-7-02_c23.xml.lzma,maximize,value_mismatch,sat:208,optimum:225
pycsp3-extra-ortools-1t-rerun1-20260505,447,competition/2022-2025/COP22to25/HCPizza-20-20-2-8-00_c23.xml.lzma,maximize,value_mismatch,sat:397,optimum:400
pycsp3-extra-ortools-1t-rerun1-20260505,448,competition/2022-2025/COP22to25/HCPizza-20-20-2-8-01_c23.xml.lzma,maximize,value_mismatch,sat:383,optimum:400
pycsp3-extra-ortools-1t-rerun1-20260505,449,competition/2022-2025/COP22to25/HCPizza-20-20-2-8-02_c23.xml.lzma,maximize,value_mismatch,sat:392,optimum:400
pycsp3-extra-ortools-1t-rerun1-20260505,468,competition/2022-2025/COP22to25/IHTC-i01_c25.xml.lzma,minimize,value_mismatch,sat:4550,optimum:2800
pycsp3-extra-ortools-1t-rerun1-20260505,470,competition/2022-2025/COP22to25/IHTC-i03_c25.xml.lzma,minimize,value_mismatch,sat:8000,optimum:7600
pycsp3-extra-ortools-1t-rerun1-20260505,472,competition/2022-2025/COP22to25/IHTC-i05_c25.xml.lzma,minimize,value_mismatch,sat:10500,optimum:8250
pycsp3-extra-ortools-1t-rerun1-20260505,474,competition/2022-2025/COP22to25/IHTC-i07_c25.xml.lzma,minimize,value_mismatch,sat:900,optimum:0
pycsp3-extra-ortools-1t-rerun1-20260505,476,competition/2022-2025/COP22to25/IHTC-i09_c25.xml.lzma,minimize,value_mismatch,sat:44500,optimum:0
pycsp3-extra-ortools-1t-rerun1-20260505,484,competition/2022-2025/COP22to25/ItemsetMining-k1-anneal_c22.xml.lzma,maximize,value_mismatch,sat:437,optimum:494
pycsp3-extra-ortools-1t-rerun1-20260505,485,competition/2022-2025/COP22to25/ItemsetMining-k1-german-credit_c22.xml.lzma,maximize,value_mismatch,sat:399,optimum:402
pycsp3-extra-ortools-1t-rerun1-20260505,486,competition/2022-2025/COP22to25/ItemsetMining-k1-hypothyroid_c22.xml.lzma,maximize,value_mismatch,sat:2692,optimum:2851
pycsp3-extra-ortools-1t-rerun1-20260505,487,competition/2022-2025/COP22to25/ItemsetMining-k1-ionosphere_c22.xml.lzma,maximize,value_mismatch,sat:98,optimum:195
pycsp3-extra-ortools-1t-rerun1-20260505,491,competition/2022-2025/COP22to25/ItemsetMining-k1-vehicle_c22.xml.lzma,maximize,value_mismatch,sat:-409,optimum:148
pycsp3-extra-ortools-1t-rerun1-20260505,497,competition/2022-2025/COP22to25/ItemsetMining-k2-sonar_c22.xml.lzma,maximize,value_mismatch,sat:5,timeout:67
pycsp3-extra-ortools-1t-rerun1-20260505,499,competition/2022-2025/COP22to25/KMedian-aux-pmed01_c23.xml.lzma,minimize,value_mismatch,unknown:11030,timeout:5821
pycsp3-extra-ortools-1t-rerun1-20260505,500,competition/2022-2025/COP22to25/KMedian-aux-pmed02_c23.xml.lzma,minimize,value_mismatch,unknown:7559,timeout:4172
pycsp3-extra-ortools-1t-rerun1-20260505,501,competition/2022-2025/COP22to25/KMedian-aux-pmed03_c23.xml.lzma,minimize,value_mismatch,unknown:8342,timeout:4411
pycsp3-extra-ortools-1t-rerun1-20260505,502,competition/2022-2025/COP22to25/KMedian-aux-pmed04_c23.xml.lzma,minimize,value_mismatch,unknown:5089,timeout:3470
pycsp3-extra-ortools-1t-rerun1-20260505,503,competition/2022-2025/COP22to25/KMedian-aux-pmed05_c23.xml.lzma,minimize,value_mismatch,unknown:2972,timeout:1468
pycsp3-extra-ortools-1t-rerun1-20260505,504,competition/2022-2025/COP22to25/KMedian-aux-pmed06_c23.xml.lzma,minimize,value_mismatch,unknown:12171,timeout:7869
pycsp3-extra-ortools-1t-rerun1-20260505,505,competition/2022-2025/COP22to25/KMedian-aux-pmed07_c23.xml.lzma,minimize,value_mismatch,unknown:8264,timeout:5738
pycsp3-extra-ortools-1t-rerun1-20260505,506,competition/2022-2025/COP22to25/KMedian-aux-pmed08_c23.xml.lzma,minimize,value_mismatch,unknown:7298,timeout:4918
pycsp3-extra-ortools-1t-rerun1-20260505,507,competition/2022-2025/COP22to25/KMedian-aux-pmed09_c23.xml.lzma,minimize,value_mismatch,unknown:4575,timeout:3620
pycsp3-extra-ortools-1t-rerun1-20260505,508,competition/2022-2025/COP22to25/KMedian-aux-pmed10_c23.xml.lzma,minimize,value_mismatch,sat:2377,timeout:1964
pycsp3-extra-ortools-1t-rerun1-20260505,509,competition/2022-2025/COP22to25/KMedian-aux-pmed11_c23.xml.lzma,minimize,value_mismatch,sat:12965,timeout:7714
pycsp3-extra-ortools-1t-rerun1-20260505,510,competition/2022-2025/COP22to25/KMedian-aux-pmed12_c23.xml.lzma,minimize,value_mismatch,sat:9913,timeout:7246
pycsp3-extra-ortools-1t-rerun1-20260505,511,competition/2022-2025/COP22to25/KMedian-aux-pmed13_c23.xml.lzma,minimize,value_mismatch,sat:6150,timeout:5209
pycsp3-extra-ortools-1t-rerun1-20260505,544,competition/2022-2025/COP22to25/LitPuzzle-30_c24.xml.lzma,minimize,value_mismatch,sat:440,timeout:396
pycsp3-extra-ortools-1t-rerun1-20260505,548,competition/2022-2025/COP22to25/LowAutocorrelation-020_c25.xml.lzma,minimize,value_mismatch,sat:2470,optimum:26
pycsp3-extra-ortools-1t-rerun1-20260505,549,competition/2022-2025/COP22to25/LowAutocorrelation-040_c25.xml.lzma,minimize,value_mismatch,unknown:20540,timeout:172
pycsp3-extra-ortools-1t-rerun1-20260505,550,competition/2022-2025/COP22to25/LowAutocorrelation-060_c25.xml.lzma,minimize,value_mismatch,unknown:70210,timeout:498
pycsp3-extra-ortools-1t-rerun1-20260505,551,competition/2022-2025/COP22to25/LowAutocorrelation-080_c25.xml.lzma,minimize,value_mismatch,unknown:167480,timeout:1232
pycsp3-extra-ortools-1t-rerun1-20260505,552,competition/2022-2025/COP22to25/LowAutocorrelation-100_c25.xml.lzma,minimize,value_mismatch,unknown:328350,timeout:1862
pycsp3-extra-ortools-1t-rerun1-20260505,553,competition/2022-2025/COP22to25/LowAutocorrelation-120_c25.xml.lzma,minimize,value_mismatch,unknown:568820,timeout:3028
pycsp3-extra-ortools-1t-rerun1-20260505,554,competition/2022-2025/COP22to25/LowAutocorrelation-150_c25.xml.lzma,minimize,value_mismatch,unknown:1113775,timeout:6335
pycsp3-extra-ortools-1t-rerun1-20260505,555,competition/2022-2025/COP22to25/LowAutocorrelation-200_c25.xml.lzma,minimize,value_mismatch,unknown:2646700,timeout:41092
pycsp3-extra-ortools-1t-rerun1-20260505,556,competition/2022-2025/COP22to25/LowAutocorrelation-300_c25.xml.lzma,minimize,value_mismatch,unknown:8955050,timeout:1452822
pycsp3-extra-ortools-1t-rerun1-20260505,576,competition/2022-2025/COP22to25/MetabolicNetwork-14_c25.xml.lzma,minimize,value_mismatch,sat:2999,optimum:2
pycsp3-extra-ortools-1t-rerun1-20260505,592,competition/2022-2025/COP22to25/MultiAgentPathFinding-table-g16-p20-a20_c22.xml.lzma,minimize,value_mismatch,sat:2871,timeout:278
pycsp3-extra-ortools-1t-rerun1-20260505,595,competition/2022-2025/COP22to25/MultiAgentPathFinding-table-g32-p10-a10_c22.xml.lzma,minimize,value_mismatch,sat:218,timeout:358
pycsp3-extra-ortools-1t-rerun1-20260505,603,competition/2022-2025/COP22to25/MultiAgentPathFinding-table-mks-g16-p20-a30_c22.xml.lzma,minimize,value_mismatch,sat:29,optimum:28
pycsp3-extra-ortools-1t-rerun1-20260505,609,competition/2022-2025/COP22to25/NurseRostering-01_c22.xml.lzma,minimize,value_mismatch,sat:2842,optimum:607
pycsp3-extra-ortools-1t-rerun1-20260505,610,competition/2022-2025/COP22to25/NurseRostering-02_c22.xml.lzma,minimize,value_mismatch,sat:5808,timeout:837
pycsp3-extra-ortools-1t-rerun1-20260505,611,competition/2022-2025/COP22to25/NurseRostering-03_c22.xml.lzma,minimize,value_mismatch,sat:7499,timeout:1016
pycsp3-extra-ortools-1t-rerun1-20260505,612,competition/2022-2025/COP22to25/NurseRostering-04_c22.xml.lzma,minimize,value_mismatch,sat:8768,timeout:1720
pycsp3-extra-ortools-1t-rerun1-20260505,613,competition/2022-2025/COP22to25/NurseRostering-05_c22.xml.lzma,minimize,value_mismatch,sat:7274,timeout:1550
pycsp3-extra-ortools-1t-rerun1-20260505,614,competition/2022-2025/COP22to25/NurseRostering-06_c22.xml.lzma,minimize,value_mismatch,sat:9272,timeout:2876
pycsp3-extra-ortools-1t-rerun1-20260505,615,competition/2022-2025/COP22to25/NurseRostering-07_c22.xml.lzma,minimize,value_mismatch,sat:9461,timeout:1643
pycsp3-extra-ortools-1t-rerun1-20260505,616,competition/2022-2025/COP22to25/NurseRostering-08_c22.xml.lzma,minimize,value_mismatch,unknown:16713,timeout:8661
pycsp3-extra-ortools-1t-rerun1-20260505,617,competition/2022-2025/COP22to25/NurseRostering-09_c22.xml.lzma,minimize,value_mismatch,sat:17401,timeout:1292
pycsp3-extra-ortools-1t-rerun1-20260505,618,competition/2022-2025/COP22to25/NurseRostering-10_c22.xml.lzma,minimize,value_mismatch,unknown:20886,timeout:11753
pycsp3-extra-ortools-1t-rerun1-20260505,630,competition/2022-2025/COP22to25/NursingWorkload-2zones0_c22.xml.lzma,minimize,value_mismatch,unknown:82977,optimum:81621
pycsp3-extra-ortools-1t-rerun1-20260505,631,competition/2022-2025/COP22to25/NursingWorkload-2zones1_c22.xml.lzma,minimize,value_mismatch,unknown:70983,optimum:70941
pycsp3-extra-ortools-1t-rerun1-20260505,632,competition/2022-2025/COP22to25/NursingWorkload-2zones2_c22.xml.lzma,minimize,value_mismatch,unknown:61573,optimum:58921
pycsp3-extra-ortools-1t-rerun1-20260505,633,competition/2022-2025/COP22to25/NursingWorkload-2zones3_c22.xml.lzma,minimize,value_mismatch,unknown:88253,optimum:83577
pycsp3-extra-ortools-1t-rerun1-20260505,634,competition/2022-2025/COP22to25/NursingWorkload-2zones4_c22.xml.lzma,minimize,value_mismatch,unknown:85058,optimum:84792
pycsp3-extra-ortools-1t-rerun1-20260505,635,competition/2022-2025/COP22to25/NursingWorkload-3zones0_c22.xml.lzma,minimize,value_mismatch,unknown:106863,timeout:106509
pycsp3-extra-ortools-1t-rerun1-20260505,638,competition/2022-2025/COP22to25/NursingWorkload-3zones3_c22.xml.lzma,minimize,value_mismatch,unknown:123375,timeout:120143
pycsp3-extra-ortools-1t-rerun1-20260505,641,competition/2022-2025/COP22to25/PSP1-001_c23.xml.lzma,minimize,value_mismatch,unknown:74033,timeout:14861
pycsp3-extra-ortools-1t-rerun1-20260505,642,competition/2022-2025/COP22to25/PSP1-002_c23.xml.lzma,minimize,value_mismatch,unknown:22174,timeout:12646
pycsp3-extra-ortools-1t-rerun1-20260505,643,competition/2022-2025/COP22to25/PSP1-003_c23.xml.lzma,minimize,value_mismatch,unknown:29599,timeout:12112
pycsp3-extra-ortools-1t-rerun1-20260505,644,competition/2022-2025/COP22to25/PSP1-004_c23.xml.lzma,minimize,value_mismatch,unknown:83026,timeout:15545
pycsp3-extra-ortools-1t-rerun1-20260505,645,competition/2022-2025/COP22to25/PSP1-301_c23.xml.lzma,minimize,value_mismatch,unknown:217261,timeout:24492
pycsp3-extra-ortools-1t-rerun1-20260505,646,competition/2022-2025/COP22to25/PSP1-302_c23.xml.lzma,minimize,value_mismatch,unknown:294548,timeout:49969
pycsp3-extra-ortools-1t-rerun1-20260505,647,competition/2022-2025/COP22to25/PSP1-303_c23.xml.lzma,minimize,value_mismatch,unknown:244667,timeout:35768
pycsp3-extra-ortools-1t-rerun1-20260505,648,competition/2022-2025/COP22to25/PSP1-304_c23.xml.lzma,minimize,value_mismatch,unknown:210320,timeout:58649
pycsp3-extra-ortools-1t-rerun1-20260505,649,competition/2022-2025/COP22to25/PSP2-001_c23.xml.lzma,minimize,value_mismatch,unknown:24897,timeout:14097
pycsp3-extra-ortools-1t-rerun1-20260505,650,competition/2022-2025/COP22to25/PSP2-002_c23.xml.lzma,minimize,value_mismatch,unknown:18562,timeout:11466
pycsp3-extra-ortools-1t-rerun1-20260505,651,competition/2022-2025/COP22to25/PSP2-003_c23.xml.lzma,minimize,value_mismatch,unknown:17963,timeout:11610
pycsp3-extra-ortools-1t-rerun1-20260505,652,competition/2022-2025/COP22to25/PSP2-004_c23.xml.lzma,minimize,value_mismatch,unknown:17751,timeout:14126
pycsp3-extra-ortools-1t-rerun1-20260505,653,competition/2022-2025/COP22to25/PSP2-301_c23.xml.lzma,minimize,value_mismatch,unknown:29779,timeout:19224
pycsp3-extra-ortools-1t-rerun1-20260505,654,competition/2022-2025/COP22to25/PSP2-302_c23.xml.lzma,minimize,value_mismatch,unknown:69792,timeout:44652
pycsp3-extra-ortools-1t-rerun1-20260505,655,competition/2022-2025/COP22to25/PSP2-303_c23.xml.lzma,minimize,value_mismatch,unknown:62994,timeout:35833
pycsp3-extra-ortools-1t-rerun1-20260505,656,competition/2022-2025/COP22to25/PSP2-304_c23.xml.lzma,minimize,value_mismatch,unknown:68971,timeout:48155
pycsp3-extra-ortools-1t-rerun1-20260505,667,competition/2022-2025/COP22to25/Pyramid-10-2500_c24.xml.lzma,minimize,value_mismatch,sat:2178,timeout:2194
pycsp3-extra-ortools-1t-rerun1-20260505,685,competition/2022-2025/COP22to25/RIP-25-0-j090-01-01_c23.xml.lzma,minimize,value_mismatch,sat:877,optimum:214
pycsp3-extra-ortools-1t-rerun1-20260505,686,competition/2022-2025/COP22to25/RIP-25-0-j120-01-01_c23.xml.lzma,minimize,value_mismatch,sat:2263,timeout:199
pycsp3-extra-ortools-1t-rerun1-20260505,687,competition/2022-2025/COP22to25/RIP-25-1-j060-10-01_c23.xml.lzma,minimize,value_mismatch,sat:5160,timeout:833
pycsp3-extra-ortools-1t-rerun1-20260505,688,competition/2022-2025/COP22to25/RIP-25-1-j090-10-01_c23.xml.lzma,minimize,value_mismatch,sat:7421,timeout:1511
pycsp3-extra-ortools-1t-rerun1-20260505,689,competition/2022-2025/COP22to25/RIP-25-1-j120-10-01_c23.xml.lzma,minimize,value_mismatch,sat:6626,timeout:1056
pycsp3-extra-ortools-1t-rerun1-20260505,692,competition/2022-2025/COP22to25/RIP-25-2-j120-20-01_c23.xml.lzma,minimize,value_mismatch,sat:7281,timeout:444
pycsp3-extra-ortools-1t-rerun1-20260505,693,competition/2022-2025/COP22to25/RIP-25-3-j060-30-01_c23.xml.lzma,minimize,value_mismatch,sat:8500,timeout:611
pycsp3-extra-ortools-1t-rerun1-20260505,694,competition/2022-2025/COP22to25/RIP-25-3-j090-30-01_c23.xml.lzma,minimize,value_mismatch,sat:12734,timeout:683
pycsp3-extra-ortools-1t-rerun1-20260505,695,competition/2022-2025/COP22to25/RIP-25-3-j120-30-01_c23.xml.lzma,minimize,value_mismatch,sat:8475,timeout:1337
pycsp3-extra-ortools-1t-rerun1-20260505,700,competition/2022-2025/COP22to25/RLFAP-graph-05-opt_c22.xml.lzma,minimize,value_mismatch,unknown:167706,optimum:221
pycsp3-extra-ortools-1t-rerun1-20260505,701,competition/2022-2025/COP22to25/RLFAP-graph-06-opt_c22.xml.lzma,minimize,value_mismatch,unknown:334389,timeout:12191
pycsp3-extra-ortools-1t-rerun1-20260505,702,competition/2022-2025/COP22to25/RLFAP-graph-07-opt_c22.xml.lzma,minimize,value_mismatch,unknown:282285,timeout:16464
pycsp3-extra-ortools-1t-rerun1-20260505,706,competition/2022-2025/COP22to25/RLFAP-graph-11-opt_c22.xml.lzma,minimize,value_mismatch,unknown:594860,timeout:62859
pycsp3-extra-ortools-1t-rerun1-20260505,707,competition/2022-2025/COP22to25/RLFAP-graph-12-opt_c22.xml.lzma,minimize,value_mismatch,unknown:575440,timeout:100238
pycsp3-extra-ortools-1t-rerun1-20260505,708,competition/2022-2025/COP22to25/RLFAP-graph-13-opt_c22.xml.lzma,minimize,value_mismatch,unknown:822041,timeout:122918
pycsp3-extra-ortools-1t-rerun1-20260505,715,competition/2022-2025/COP22to25/RLFAP-scen-06-opt_c22.xml.lzma,minimize,value_mismatch,unknown:193264,timeout:10379
pycsp3-extra-ortools-1t-rerun1-20260505,716,competition/2022-2025/COP22to25/RLFAP-scen-07-opt_c22.xml.lzma,minimize,value_mismatch,internal_error:366320827,timeout:36853105
pycsp3-extra-ortools-1t-rerun1-20260505,717,competition/2022-2025/COP22to25/RLFAP-scen-08-opt_c22.xml.lzma,minimize,value_mismatch,sat:8695,timeout:1314
pycsp3-extra-ortools-1t-rerun1-20260505,718,competition/2022-2025/COP22to25/RLFAP-scen-09-opt_c22.xml.lzma,minimize,value_mismatch,unknown:560320,timeout:24439
pycsp3-extra-ortools-1t-rerun1-20260505,719,competition/2022-2025/COP22to25/RLFAP-scen-10-opt_c22.xml.lzma,minimize,value_mismatch,unknown:13295644,optimum:31516
pycsp3-extra-ortools-1t-rerun1-20260505,760,competition/2022-2025/COP22to25/Rulemining-hab-07-3-30_c23.xml.lzma,maximize,value_mismatch,sat:54,timeout:57
pycsp3-extra-ortools-1t-rerun1-20260505,762,competition/2022-2025/COP22to25/Rulemining-hab-08-3-30_c23.xml.lzma,maximize,value_mismatch,sat:56,timeout:50
pycsp3-extra-ortools-1t-rerun1-20260505,763,competition/2022-2025/COP22to25/Rulemining-hab-08-3-50_c23.xml.lzma,maximize,value_mismatch,sat:56,timeout:58
pycsp3-extra-ortools-1t-rerun1-20260505,764,competition/2022-2025/COP22to25/Rulemining-hab-09-3-30_c23.xml.lzma,maximize,value_mismatch,sat:55,timeout:61
pycsp3-extra-ortools-1t-rerun1-20260505,767,competition/2022-2025/COP22to25/Rulemining-hab-10-3-50_c23.xml.lzma,maximize,value_mismatch,sat:57,timeout:60
pycsp3-extra-ortools-1t-rerun1-20260505,768,competition/2022-2025/COP22to25/SREFLP-Cl07_c23.xml.lzma,minimize,value_mismatch,unknown:1710,optimum:1590
pycsp3-extra-ortools-1t-rerun1-20260505,769,competition/2022-2025/COP22to25/SREFLP-Cl12_c23.xml.lzma,minimize,value_mismatch,unknown:19630,timeout:11590
pycsp3-extra-ortools-1t-rerun1-20260505,770,competition/2022-2025/COP22to25/SREFLP-Cl15_c23.xml.lzma,minimize,value_mismatch,unknown:44430,timeout:22920
pycsp3-extra-ortools-1t-rerun1-20260505,771,competition/2022-2025/COP22to25/SREFLP-Cl20_c23.xml.lzma,minimize,value_mismatch,unknown:112070,timeout:68300
pycsp3-extra-ortools-1t-rerun1-20260505,772,competition/2022-2025/COP22to25/SREFLP-Cl30_c23.xml.lzma,minimize,value_mismatch,unknown:337410,timeout:223990
pycsp3-extra-ortools-1t-rerun1-20260505,773,competition/2022-2025/COP22to25/SREFLP-sko042-1_c23.xml.lzma,minimize,value_mismatch,unknown:32698,timeout:26468
pycsp3-extra-ortools-1t-rerun1-20260505,774,competition/2022-2025/COP22to25/SREFLP-sko042-2_c23.xml.lzma,minimize,value_mismatch,unknown:307614,timeout:262712
pycsp3-extra-ortools-1t-rerun1-20260505,775,competition/2022-2025/COP22to25/SREFLP-sko042-3_c23.xml.lzma,minimize,value_mismatch,unknown:255968,timeout:203752
pycsp3-extra-ortools-1t-rerun1-20260505,776,competition/2022-2025/COP22to25/SREFLP-sko042-4_c23.xml.lzma,minimize,value_mismatch,unknown:197743,timeout:152731
pycsp3-extra-ortools-1t-rerun1-20260505,777,competition/2022-2025/COP22to25/SREFLP-sko042-5_c23.xml.lzma,minimize,value_mismatch,unknown:356469,timeout:274524
pycsp3-extra-ortools-1t-rerun1-20260505,778,competition/2022-2025/COP22to25/SREFLP-sko049-1_c23.xml.lzma,minimize,value_mismatch,unknown:48143,timeout:45545
pycsp3-extra-ortools-1t-rerun1-20260505,779,competition/2022-2025/COP22to25/SREFLP-sko049-2_c23.xml.lzma,minimize,value_mismatch,unknown:565272,timeout:475066
pycsp3-extra-ortools-1t-rerun1-20260505,780,competition/2022-2025/COP22to25/SREFLP-sko049-3_c23.xml.lzma,minimize,value_mismatch,unknown:439303,timeout:389016
pycsp3-extra-ortools-1t-rerun1-20260505,781,competition/2022-2025/COP22to25/SREFLP-sko049-4_c23.xml.lzma,minimize,value_mismatch,unknown:327539,timeout:268114
pycsp3-extra-ortools-1t-rerun1-20260505,782,competition/2022-2025/COP22to25/SREFLP-sko049-5_c23.xml.lzma,minimize,value_mismatch,unknown:878767,timeout:752618
pycsp3-extra-ortools-1t-rerun1-20260505,787,competition/2022-2025/COP22to25/SameQueensKnights-b-25_c24.xml.lzma,maximize,value_mismatch,sat:20,timeout:41
pycsp3-extra-ortools-1t-rerun1-20260505,788,competition/2022-2025/COP22to25/SameQueensKnights-b-30_c24.xml.lzma,maximize,value_mismatch,sat:22,timeout:50
pycsp3-extra-ortools-1t-rerun1-20260505,789,competition/2022-2025/COP22to25/SameQueensKnights-b-35_c24.xml.lzma,maximize,value_mismatch,sat:29,timeout:59
pycsp3-extra-ortools-1t-rerun1-20260505,790,competition/2022-2025/COP22to25/SameQueensKnights-b-40_c24.xml.lzma,maximize,value_mismatch,sat:34,timeout:64
pycsp3-extra-ortools-1t-rerun1-20260505,800,competition/2022-2025/COP22to25/SchedulingOS-gp-05-01_c25.xml.lzma,minimize,value_mismatch,sat:2134,optimum:1245
pycsp3-extra-ortools-1t-rerun1-20260505,801,competition/2022-2025/COP22to25/SchedulingOS-gp-05-05_c25.xml.lzma,minimize,value_mismatch,sat:2030,optimum:1280
pycsp3-extra-ortools-1t-rerun1-20260505,802,competition/2022-2025/COP22to25/SchedulingOS-gp-06-01_c25.xml.lzma,minimize,value_mismatch,sat:1751,optimum:1264
pycsp3-extra-ortools-1t-rerun1-20260505,803,competition/2022-2025/COP22to25/SchedulingOS-gp-06-05_c25.xml.lzma,minimize,value_mismatch,sat:3038,optimum:1299
pycsp3-extra-ortools-1t-rerun1-20260505,804,competition/2022-2025/COP22to25/SchedulingOS-gp-07-01_c25.xml.lzma,minimize,value_mismatch,sat:4325,optimum:1159
pycsp3-extra-ortools-1t-rerun1-20260505,805,competition/2022-2025/COP22to25/SchedulingOS-gp-07-05_c25.xml.lzma,minimize,value_mismatch,sat:6197,optimum:1157
pycsp3-extra-ortools-1t-rerun1-20260505,806,competition/2022-2025/COP22to25/SchedulingOS-gp-08-01_c25.xml.lzma,minimize,value_mismatch,sat:8490,optimum:1130
pycsp3-extra-ortools-1t-rerun1-20260505,807,competition/2022-2025/COP22to25/SchedulingOS-gp-08-05_c25.xml.lzma,minimize,value_mismatch,sat:8623,optimum:1218
pycsp3-extra-ortools-1t-rerun1-20260505,808,competition/2022-2025/COP22to25/SchedulingOS-gp-09-01_c25.xml.lzma,minimize,value_mismatch,sat:9637,optimum:1129
pycsp3-extra-ortools-1t-rerun1-20260505,809,competition/2022-2025/COP22to25/SchedulingOS-gp-09-05_c25.xml.lzma,minimize,value_mismatch,sat:9001,optimum:1180
pycsp3-extra-ortools-1t-rerun1-20260505,810,competition/2022-2025/COP22to25/SchedulingOS-gp-10-01_c25.xml.lzma,minimize,value_mismatch,sat:10192,timeout:1103
pycsp3-extra-ortools-1t-rerun1-20260505,811,competition/2022-2025/COP22to25/SchedulingOS-gp-10-05_c25.xml.lzma,minimize,value_mismatch,sat:10329,timeout:1082
pycsp3-extra-ortools-1t-rerun1-20260505,828,competition/2022-2025/COP22to25/Spot5-0005_c22.xml.lzma,minimize,value_mismatch,sat:264,optimum:261
pycsp3-extra-ortools-1t-rerun1-20260505,829,competition/2022-2025/COP22to25/Spot5-0028_c22.xml.lzma,minimize,value_mismatch,unknown:285110,optimum:270105
pycsp3-extra-ortools-1t-rerun1-20260505,830,competition/2022-2025/COP22to25/Spot5-0029_c22.xml.lzma,minimize,value_mismatch,sat:10059,optimum:8059
pycsp3-extra-ortools-1t-rerun1-20260505,831,competition/2022-2025/COP22to25/Spot5-0042_c22.xml.lzma,minimize,value_mismatch,unknown:169050,optimum:155050
pycsp3-extra-ortools-1t-rerun1-20260505,833,competition/2022-2025/COP22to25/Spot5-0412_c22.xml.lzma,minimize,value_mismatch,unknown:41387,optimum:32381
pycsp3-extra-ortools-1t-rerun1-20260505,834,competition/2022-2025/COP22to25/Spot5-0414_c22.xml.lzma,minimize,value_mismatch,unknown:51481,optimum:38478
pycsp3-extra-ortools-1t-rerun1-20260505,835,competition/2022-2025/COP22to25/Spot5-0503_c22.xml.lzma,minimize,value_mismatch,sat:14121,optimum:11113
pycsp3-extra-ortools-1t-rerun1-20260505,836,competition/2022-2025/COP22to25/Spot5-1401_c22.xml.lzma,minimize,value_mismatch,unknown:481101,optimum:459106
pycsp3-extra-ortools-1t-rerun1-20260505,837,competition/2022-2025/COP22to25/Spot5-1502_c22.xml.lzma,minimize,value_mismatch,unknown:28046,optimum:28042
pycsp3-extra-ortools-1t-rerun1-20260505,849,competition/2022-2025/COP22to25/StillLife-wastage-15-15_c24.xml.lzma,maximize,value_mismatch,optimum:119,timeout:117
pycsp3-extra-ortools-1t-rerun1-20260505,850,competition/2022-2025/COP22to25/StillLife-wastage-20-20_c24.xml.lzma,maximize,value_mismatch,optimum:210,timeout:205
pycsp3-extra-ortools-1t-rerun1-20260505,851,competition/2022-2025/COP22to25/StillLife-wastage-30-30_c24.xml.lzma,maximize,value_mismatch,sat:436,timeout:427
pycsp3-extra-ortools-1t-rerun1-20260505,852,competition/2022-2025/COP22to25/StillLife-wastage-40-40_c24.xml.lzma,maximize,value_mismatch,sat:635,timeout:734
pycsp3-extra-ortools-1t-rerun1-20260505,853,competition/2022-2025/COP22to25/StillLife-wastage-50-50_c24.xml.lzma,maximize,value_mismatch,sat:4,timeout:1000
pycsp3-extra-ortools-1t-rerun1-20260505,865,competition/2022-2025/COP22to25/TSPTW1-n020w040-1_c23.xml.lzma,minimize,value_mismatch,sat:277,optimum:254
pycsp3-extra-ortools-1t-rerun1-20260505,866,competition/2022-2025/COP22to25/TSPTW1-n020w060-1_c23.xml.lzma,minimize,value_mismatch,sat:384,optimum:335
pycsp3-extra-ortools-1t-rerun1-20260505,867,competition/2022-2025/COP22to25/TSPTW1-n020w080-1_c23.xml.lzma,minimize,value_mismatch,sat:386,optimum:329
pycsp3-extra-ortools-1t-rerun1-20260505,868,competition/2022-2025/COP22to25/TSPTW1-n040w020-1_c23.xml.lzma,minimize,value_mismatch,sat:526,optimum:500
pycsp3-extra-ortools-1t-rerun1-20260505,869,competition/2022-2025/COP22to25/TSPTW1-n040w040-1_c23.xml.lzma,minimize,value_mismatch,sat:487,optimum:465
pycsp3-extra-ortools-1t-rerun1-20260505,870,competition/2022-2025/COP22to25/TSPTW1-n040w060-1_c23.xml.lzma,minimize,value_mismatch,sat:537,timeout:494
pycsp3-extra-ortools-1t-rerun1-20260505,871,competition/2022-2025/COP22to25/TSPTW1-n040w080-1_c23.xml.lzma,minimize,value_mismatch,sat:455,timeout:398
pycsp3-extra-ortools-1t-rerun1-20260505,872,competition/2022-2025/COP22to25/TSPTW2-n040w020-1_c23.xml.lzma,minimize,value_mismatch,sat:519,optimum:500
pycsp3-extra-ortools-1t-rerun1-20260505,873,competition/2022-2025/COP22to25/TSPTW2-n040w040-1_c23.xml.lzma,minimize,value_mismatch,sat:515,optimum:465
pycsp3-extra-ortools-1t-rerun1-20260505,874,competition/2022-2025/COP22to25/TSPTW2-n040w060-1_c23.xml.lzma,minimize,value_mismatch,sat:543,optimum:494
pycsp3-extra-ortools-1t-rerun1-20260505,875,competition/2022-2025/COP22to25/TSPTW2-n040w080-1_c23.xml.lzma,minimize,value_mismatch,sat:480,optimum:395
pycsp3-extra-ortools-1t-rerun1-20260505,876,competition/2022-2025/COP22to25/TSPTW2-n060w020-1_c23.xml.lzma,minimize,value_mismatch,sat:577,optimum:551
pycsp3-extra-ortools-1t-rerun1-20260505,877,competition/2022-2025/COP22to25/TSPTW2-n060w040-1_c23.xml.lzma,minimize,value_mismatch,sat:646,optimum:591
pycsp3-extra-ortools-1t-rerun1-20260505,878,competition/2022-2025/COP22to25/TSPTW2-n060w060-1_c23.xml.lzma,minimize,value_mismatch,sat:683,optimum:609
pycsp3-extra-ortools-1t-rerun1-20260505,879,competition/2022-2025/COP22to25/TSPTW2-n060w080-1_c23.xml.lzma,minimize,value_mismatch,sat:574,timeout:492
pycsp3-extra-ortools-1t-rerun1-20260505,880,competition/2022-2025/COP22to25/TankAllocation1-0000_c25.xml.lzma,maximize,value_mismatch,sat:0,timeout:1613
pycsp3-extra-ortools-1t-rerun1-20260505,881,competition/2022-2025/COP22to25/TankAllocation1-0400_c25.xml.lzma,maximize,value_mismatch,sat:0,optimum:1226
pycsp3-extra-ortools-1t-rerun1-20260505,882,competition/2022-2025/COP22to25/TankAllocation1-0800_c25.xml.lzma,maximize,value_mismatch,sat:4299,timeout:5820
pycsp3-extra-ortools-1t-rerun1-20260505,883,competition/2022-2025/COP22to25/TankAllocation1-1200_c25.xml.lzma,maximize,value_mismatch,sat:0,optimum:300
pycsp3-extra-ortools-1t-rerun1-20260505,884,competition/2022-2025/COP22to25/TankAllocation1-1600_c25.xml.lzma,maximize,value_mismatch,sat:243,timeout:835
pycsp3-extra-ortools-1t-rerun1-20260505,886,competition/2022-2025/COP22to25/TankAllocation1-2400_c25.xml.lzma,maximize,value_mismatch,sat:2886,optimum:4304
pycsp3-extra-ortools-1t-rerun1-20260505,887,competition/2022-2025/COP22to25/TankAllocation1-2591_c25.xml.lzma,maximize,value_mismatch,sat:1015,optimum:1902
pycsp3-extra-ortools-1t-rerun1-20260505,888,competition/2022-2025/COP22to25/TankAllocation1-chemical_c25.xml.lzma,maximize,value_mismatch,sat:0,timeout:1966
pycsp3-extra-ortools-1t-rerun1-20260505,889,competition/2022-2025/COP22to25/TankAllocation2-0000_c25.xml.lzma,maximize,value_mismatch,sat:0,timeout:1446
pycsp3-extra-ortools-1t-rerun1-20260505,890,competition/2022-2025/COP22to25/TankAllocation2-0400_c25.xml.lzma,maximize,value_mismatch,sat:0,timeout:1174
pycsp3-extra-ortools-1t-rerun1-20260505,891,competition/2022-2025/COP22to25/TankAllocation2-0800_c25.xml.lzma,maximize,value_mismatch,sat:2917,timeout:5774
pycsp3-extra-ortools-1t-rerun1-20260505,892,competition/2022-2025/COP22to25/TankAllocation2-1200_c25.xml.lzma,maximize,value_mismatch,sat:0,optimum:300
pycsp3-extra-ortools-1t-rerun1-20260505,893,competition/2022-2025/COP22to25/TankAllocation2-1600_c25.xml.lzma,maximize,value_mismatch,sat:0,timeout:835
pycsp3-extra-ortools-1t-rerun1-20260505,895,competition/2022-2025/COP22to25/TankAllocation2-2400_c25.xml.lzma,maximize,value_mismatch,sat:1958,optimum:4304
pycsp3-extra-ortools-1t-rerun1-20260505,896,competition/2022-2025/COP22to25/TankAllocation2-2591_c25.xml.lzma,maximize,value_mismatch,sat:486,optimum:1902
pycsp3-extra-ortools-1t-rerun1-20260505,897,competition/2022-2025/COP22to25/TankAllocation2-chemical_c25.xml.lzma,maximize,value_mismatch,sat:0,timeout:2034
pycsp3-extra-ortools-1t-rerun1-20260505,919,competition/2022-2025/COP22to25/TravelingTournament-galaxy04_c24.xml.lzma,minimize,value_mismatch,sat:442,optimum:416
pycsp3-extra-ortools-1t-rerun1-20260505,920,competition/2022-2025/COP22to25/TravelingTournament-galaxy06_c24.xml.lzma,minimize,value_mismatch,sat:1599,timeout:1410
pycsp3-extra-ortools-1t-rerun1-20260505,921,competition/2022-2025/COP22to25/TravelingTournament-galaxy08_c24.xml.lzma,minimize,value_mismatch,sat:3492,timeout:2665
pycsp3-extra-ortools-1t-rerun1-20260505,922,competition/2022-2025/COP22to25/TravelingTournament-galaxy10_c24.xml.lzma,minimize,value_mismatch,sat:6723,timeout:5261
pycsp3-extra-ortools-1t-rerun1-20260505,923,competition/2022-2025/COP22to25/TravelingTournament-galaxy12_c24.xml.lzma,minimize,value_mismatch,sat:10842,timeout:9477
pycsp3-extra-ortools-1t-rerun1-20260505,924,competition/2022-2025/COP22to25/TravelingTournament-galaxy14_c24.xml.lzma,minimize,value_mismatch,sat:17679,timeout:15502
pycsp3-extra-ortools-1t-rerun1-20260505,925,competition/2022-2025/COP22to25/TravelingTournament-galaxy16_c24.xml.lzma,minimize,value_mismatch,unknown:23710,timeout:22526
pycsp3-extra-ortools-1t-rerun1-20260505,926,competition/2022-2025/COP22to25/TravelingTournament-galaxy18_c24.xml.lzma,minimize,value_mismatch,unknown:32247,timeout:30235
pycsp3-extra-ortools-1t-rerun1-20260505,927,competition/2022-2025/COP22to25/TravelingTournament-galaxy20_c24.xml.lzma,minimize,value_mismatch,unknown:41572,timeout:39706
pycsp3-extra-ortools-1t-rerun1-20260505,928,competition/2022-2025/COP22to25/TravelingTournament-galaxy24_c24.xml.lzma,minimize,value_mismatch,unknown:69469,timeout:68528
pycsp3-extra-ortools-1t-rerun1-20260505,935,competition/2022-2025/COP22to25/Triangular-20_c22.xml.lzma,maximize,value_mismatch,sat:46,timeout:45
pycsp3-extra-ortools-1t-rerun1-20260505,936,competition/2022-2025/COP22to25/Triangular-22_c22.xml.lzma,maximize,value_mismatch,sat:51,timeout:50
pycsp3-extra-ortools-1t-rerun1-20260505,937,competition/2022-2025/COP22to25/Triangular-25_c22.xml.lzma,maximize,value_mismatch,sat:59,timeout:60
pycsp3-extra-ortools-1t-rerun1-20260505,938,competition/2022-2025/COP22to25/Triangular-28_c22.xml.lzma,maximize,value_mismatch,sat:68,timeout:67
pycsp3-extra-ortools-1t-rerun1-20260505,939,competition/2022-2025/COP22to25/Triangular-30_c22.xml.lzma,maximize,value_mismatch,sat:73,timeout:72
pycsp3-extra-ortools-1t-rerun1-20260505,940,competition/2022-2025/COP22to25/Triangular-32_c22.xml.lzma,maximize,value_mismatch,sat:79,timeout:78
pycsp3-extra-ortools-1t-rerun1-20260505,941,competition/2022-2025/COP22to25/Triangular-35_c22.xml.lzma,maximize,value_mismatch,sat:85,timeout:83
pycsp3-extra-ortools-1t-rerun1-20260505,942,competition/2022-2025/COP22to25/Triangular-38_c22.xml.lzma,maximize,value_mismatch,sat:93,timeout:92
pycsp3-extra-ortools-1t-rerun1-20260505,946,competition/2022-2025/COP22to25/VRP_LC-09-05-15-s2_c24.xml.lzma,minimize,value_mismatch,sat:702,timeout:415
pycsp3-extra-ortools-1t-rerun1-20260505,947,competition/2022-2025/COP22to25/VRP_LC-09-05-15-s3_c24.xml.lzma,minimize,value_mismatch,sat:702,timeout:415
pycsp3-extra-ortools-1t-rerun1-20260505,948,competition/2022-2025/COP22to25/VRP_LC-10-05-20-s3_c24.xml.lzma,minimize,value_mismatch,sat:320,timeout:349
pycsp3-extra-ortools-1t-rerun1-20260505,949,competition/2022-2025/COP22to25/VRP_LC-11-05-15-s3_c24.xml.lzma,minimize,value_mismatch,sat:601,timeout:332
pycsp3-extra-ortools-1t-rerun1-20260505,950,competition/2022-2025/COP22to25/VRP_LC-11-05-15-s4_c24.xml.lzma,minimize,value_mismatch,sat:601,timeout:339
pycsp3-extra-ortools-1t-rerun1-20260505,951,competition/2022-2025/COP22to25/VRP_LC-13-11-15-s3_c24.xml.lzma,minimize,value_mismatch,sat:646,timeout:452
pycsp3-extra-ortools-1t-rerun1-20260505,952,competition/2022-2025/COP22to25/VRP_LC-13-11-20-s4_c24.xml.lzma,minimize,value_mismatch,sat:926,timeout:620
pycsp3-extra-ortools-1t-rerun1-20260505,963,competition/2022-2025/COP22to25/Warehouse-40-80-00_c22.xml.lzma,minimize,value_mismatch,unknown:45114,timeout:5096
pycsp3-extra-ortools-1t-rerun1-20260505,964,competition/2022-2025/COP22to25/Warehouse-40-80-01_c22.xml.lzma,minimize,value_mismatch,unknown:44150,timeout:5299
pycsp3-extra-ortools-1t-rerun1-20260505,965,competition/2022-2025/COP22to25/Warehouse-40-80-02_c22.xml.lzma,minimize,value_mismatch,unknown:48869,timeout:5459
pycsp3-extra-ortools-1t-rerun1-20260505,966,competition/2022-2025/COP22to25/Warehouse-50-100-00_c22.xml.lzma,minimize,value_mismatch,unknown:51798,timeout:5823
pycsp3-extra-ortools-1t-rerun1-20260505,967,competition/2022-2025/COP22to25/Warehouse-50-100-01_c22.xml.lzma,minimize,value_mismatch,unknown:58104,timeout:6062
pycsp3-extra-ortools-1t-rerun1-20260505,968,competition/2022-2025/COP22to25/Warehouse-50-100-02_c22.xml.lzma,minimize,value_mismatch,unknown:62429,timeout:6379
pycsp3-extra-ortools-1t-rerun1-20260505,969,competition/2022-2025/COP22to25/Warehouse-60-120-00_c22.xml.lzma,minimize,value_mismatch,unknown:70996,timeout:6469
pycsp3-extra-ortools-1t-rerun1-20260505,970,competition/2022-2025/COP22to25/Warehouse-60-120-01_c22.xml.lzma,minimize,value_mismatch,unknown:65389,timeout:6731
pycsp3-extra-ortools-1t-rerun1-20260505,971,competition/2022-2025/COP22to25/Warehouse-60-120-02_c22.xml.lzma,minimize,value_mismatch,unknown:64862,timeout:6906
pycsp3-extra-ortools-1t-rerun1-20260505,980,competition/2022-2025/COP22to25/WordGolf-6-ogd2008-50-0_c24.xml.lzma,minimize,value_mismatch,sat:49,optimum:9
pycsp3-extra-ortools-1t-rerun1-20260505,981,competition/2022-2025/COP22to25/WordGolf-6-ogd2008-50-1_c24.xml.lzma,minimize,value_mismatch,sat:48,optimum:12
pycsp3-extra-ortools-1t-rerun1-20260505,982,competition/2022-2025/COP22to25/WordGolf-6-ogd2008-50-2_c24.xml.lzma,minimize,value_mismatch,sat:18,optimum:11
pycsp3-extra-ortools-1t-rerun1-20260505,983,competition/2022-2025/COP22to25/WordGolf-6-ogd2008-50-3_c24.xml.lzma,minimize,value_mismatch,sat:49,optimum:7
pycsp3-extra-ortools-1t-rerun1-20260505,989,competition/2022-2025/COP22to25/Wordpress-04-06-500_c24.xml.lzma,minimize,value_mismatch,unknown:21612,optimum:1866
pycsp3-extra-ortools-1t-rerun1-20260505,990,competition/2022-2025/COP22to25/Wordpress-04-07-500_c24.xml.lzma,minimize,value_mismatch,unknown:30764,optimum:1748
pycsp3-extra-ortools-1t-rerun1-20260505,991,competition/2022-2025/COP22to25/Wordpress-04-08-500_c24.xml.lzma,minimize,value_mismatch,unknown:31591,optimum:1630
pycsp3-extra-ortools-1t-rerun1-20260505,992,competition/2022-2025/COP22to25/Wordpress-04-09-500_c24.xml.lzma,minimize,value_mismatch,unknown:23344,optimum:1536
pycsp3-extra-ortools-1t-rerun1-20260505,993,competition/2022-2025/COP22to25/Wordpress-04-10-500_c24.xml.lzma,minimize,value_mismatch,unknown:32496,optimum:1442
pycsp3-extra-ortools-1t-rerun1-20260505,994,competition/2022-2025/COP22to25/Wordpress-08-20-500_c24.xml.lzma,minimize,value_mismatch,unknown:40766,optimum:2674
pycsp3-extra-ortools-1t-rerun1-20260505,995,competition/2022-2025/COP22to25/Wordpress-12-30-500_c24.xml.lzma,minimize,value_mismatch,unknown:49036,optimum:3580
pycsp3-extra-ortools-1t-rerun1-20260505,996,competition/2022-2025/COP22to25/Wordpress-16-40-500_c24.xml.lzma,minimize,value_mismatch,unknown:48981,timeout:4812
pycsp3-extra-ortools-1t-rerun1-20260505,997,competition/2022-2025/COP22to25/Wordpress-20-50-500_c24.xml.lzma,minimize,value_mismatch,unknown:457600,timeout:5834
pycsp3-extra-ortools-1t-rerun1-20260505,998,competition/2022-2025/COP22to25/Wordpress-24-60-500_c24.xml.lzma,minimize,value_mismatch,unknown:73846,timeout:6740
pycsp3-extra-ortools-1t-rerun1-20260505,999,competition/2022-2025/COP22to25/Wordpress-28-70-500_c24.xml.lzma,minimize,value_mismatch,unknown:82116,timeout:7972
pycsp3-extra-ortools-1t-rerun1-20260505,1000,competition/2022-2025/COP22to25/Wordpress-32-80-500_c24.xml.lzma,minimize,value_mismatch,unknown:90386,timeout:8994
