id,instance,relative_path,log_scop_time_rd_status,log_scop_time_rd_sacct_state,log_scop_time_rd_exit_code,log_scop_time_rd_elapsed,log_scop_time_rd_stderr_excerpt,log_scop_time_rd_stdout_rel,log_scop_time_rd_stderr_rel,log_scop_task_rd_status,log_scop_task_rd_sacct_state,log_scop_task_rd_exit_code,log_scop_task_rd_elapsed,log_scop_task_rd_stderr_excerpt,log_scop_task_rd_stdout_rel,log_scop_task_rd_stderr_rel,log_scop_cumext_status,log_scop_cumext_sacct_state,log_scop_cumext_exit_code,log_scop_cumext_elapsed,log_scop_cumext_stderr_excerpt,log_scop_cumext_stdout_rel,log_scop_cumext_stderr_rel,order_ge_time_rd_status,order_ge_time_rd_sacct_state,order_ge_time_rd_exit_code,order_ge_time_rd_elapsed,order_ge_time_rd_stderr_excerpt,order_ge_time_rd_stdout_rel,order_ge_time_rd_stderr_rel,order_ge_task_rd_status,order_ge_task_rd_sacct_state,order_ge_task_rd_exit_code,order_ge_task_rd_elapsed,order_ge_task_rd_stderr_excerpt,order_ge_task_rd_stdout_rel,order_ge_task_rd_stderr_rel,order_ge_cumext_status,order_ge_cumext_sacct_state,order_ge_cumext_exit_code,order_ge_cumext_elapsed,order_ge_cumext_stderr_excerpt,order_ge_cumext_stdout_rel,order_ge_cumext_stderr_rel
1,LargeScaleScheduling-00100-0_c23.xml.lzma,COP22to25/LargeScaleScheduling-00100-0_c23.xml.lzma,timeout_incumbent,COMPLETED,0:0,00:30:07,incumbent_interrupted_by_signal,logs/cop165-cumulative-20260526-c609ccd4-dirty-q10609/slurm-logs/xcsp-parse-cop165-log-scop-time-rd-20260526-c609ccd4-dirty-q10609-rerun1-19856905-1.out,logs/cop165-cumulative-20260526-c609ccd4-dirty-q10609/slurm-logs/xcsp-parse-cop165-log-scop-time-rd-20260526-c609ccd4-dirty-q10609-rerun1-19856905-1.err,missing_instance,FAILED,1:0,00:00:03,Instance file not found: /LARGE0/gr10609/b39275/xcsp3instances/benchmark/COP22to25/LargeScaleScheduling-00100-0_c23.xml.lzma,logs/cop165-cumulative-20260526-c609ccd4-dirty-q10609/slurm-logs/xcsp-parse-cop165-log-scop-task-rd-20260526-c609ccd4-dirty-q10609-rerun1-19856575-1.out,logs/cop165-cumulative-20260526-c609ccd4-dirty-q10609/slurm-logs/xcsp-parse-cop165-log-scop-task-rd-20260526-c609ccd4-dirty-q10609-rerun1-19856575-1.err,timeout_incumbent,COMPLETED,0:0,00:30:06,incumbent_interrupted_by_signal,logs/cop165-cumulative-20260526-c609ccd4-dirty-q10609/slurm-logs/xcsp-parse-cop165-log-scop-cumext-20260526-c609ccd4-dirty-q10609-rerun1-19856577-1.out,logs/cop165-cumulative-20260526-c609ccd4-dirty-q10609/slurm-logs/xcsp-parse-cop165-log-scop-cumext-20260526-c609ccd4-dirty-q10609-rerun1-19856577-1.err,timeout_unknown,COMPLETED,0:0,00:30:05,terminated_by_signal,logs/cop165-cumulative-20260526-c609ccd4-dirty-q10609/slurm-logs/xcsp-parse-cop165-order-ge-time-rd-20260526-c609ccd4-dirty-q10609-rerun1-19856579-1.out,logs/cop165-cumulative-20260526-c609ccd4-dirty-q10609/slurm-logs/xcsp-parse-cop165-order-ge-time-rd-20260526-c609ccd4-dirty-q10609-rerun1-19856579-1.err,completed_no_row,COMPLETED,0:0,00:09:32,,logs/cop165-cumulative-20260526-c609ccd4-dirty-q10609/slurm-logs/xcsp-parse-cop165-order-ge-task-rd-20260526-c609ccd4-dirty-q10609-rerun1-19856581-1.out,logs/cop165-cumulative-20260526-c609ccd4-dirty-q10609/slurm-logs/xcsp-parse-cop165-order-ge-task-rd-20260526-c609ccd4-dirty-q10609-rerun1-19856581-1.err,timeout_unknown,COMPLETED,0:0,00:30:06,terminated_by_signal,logs/cop165-cumulative-20260526-c609ccd4-dirty-q10609/slurm-logs/xcsp-parse-cop165-order-ge-cumext-20260526-c609ccd4-dirty-q10609-rerun1-19856583-1.out,logs/cop165-cumulative-20260526-c609ccd4-dirty-q10609/slurm-logs/xcsp-parse-cop165-order-ge-cumext-20260526-c609ccd4-dirty-q10609-rerun1-19856583-1.err
2,RIP-25-0-j060-01-01_c23.xml.lzma,COP22to25/RIP-25-0-j060-01-01_c23.xml.lzma,optimum,COMPLETED,0:0,00:00:10,,logs/cop165-cumulative-20260526-c609ccd4-dirty-q10609/slurm-logs/xcsp-parse-cop165-log-scop-time-rd-20260526-c609ccd4-dirty-q10609-rerun1-19856905-2.out,logs/cop165-cumulative-20260526-c609ccd4-dirty-q10609/slurm-logs/xcsp-parse-cop165-log-scop-time-rd-20260526-c609ccd4-dirty-q10609-rerun1-19856905-2.err,missing_instance,FAILED,1:0,00:00:03,Instance file not found: /LARGE0/gr10609/b39275/xcsp3instances/benchmark/COP22to25/RIP-25-0-j060-01-01_c23.xml.lzma,logs/cop165-cumulative-20260526-c609ccd4-dirty-q10609/slurm-logs/xcsp-parse-cop165-log-scop-task-rd-20260526-c609ccd4-dirty-q10609-rerun1-19856575-2.out,logs/cop165-cumulative-20260526-c609ccd4-dirty-q10609/slurm-logs/xcsp-parse-cop165-log-scop-task-rd-20260526-c609ccd4-dirty-q10609-rerun1-19856575-2.err,optimum,COMPLETED,0:0,00:00:04,,logs/cop165-cumulative-20260526-c609ccd4-dirty-q10609/slurm-logs/xcsp-parse-cop165-log-scop-cumext-20260526-c609ccd4-dirty-q10609-rerun1-19856577-2.out,logs/cop165-cumulative-20260526-c609ccd4-dirty-q10609/slurm-logs/xcsp-parse-cop165-log-scop-cumext-20260526-c609ccd4-dirty-q10609-rerun1-19856577-2.err,optimum,COMPLETED,0:0,00:00:15,,logs/cop165-cumulative-20260526-c609ccd4-dirty-q10609/slurm-logs/xcsp-parse-cop165-order-ge-time-rd-20260526-c609ccd4-dirty-q10609-rerun1-19856579-2.out,logs/cop165-cumulative-20260526-c609ccd4-dirty-q10609/slurm-logs/xcsp-parse-cop165-order-ge-time-rd-20260526-c609ccd4-dirty-q10609-rerun1-19856579-2.err,optimum,COMPLETED,0:0,00:00:19,,logs/cop165-cumulative-20260526-c609ccd4-dirty-q10609/slurm-logs/xcsp-parse-cop165-order-ge-task-rd-20260526-c609ccd4-dirty-q10609-rerun1-19856581-2.out,logs/cop165-cumulative-20260526-c609ccd4-dirty-q10609/slurm-logs/xcsp-parse-cop165-order-ge-task-rd-20260526-c609ccd4-dirty-q10609-rerun1-19856581-2.err,optimum,COMPLETED,0:0,00:00:07,,logs/cop165-cumulative-20260526-c609ccd4-dirty-q10609/slurm-logs/xcsp-parse-cop165-order-ge-cumext-20260526-c609ccd4-dirty-q10609-rerun1-19856583-2.out,logs/cop165-cumulative-20260526-c609ccd4-dirty-q10609/slurm-logs/xcsp-parse-cop165-order-ge-cumext-20260526-c609ccd4-dirty-q10609-rerun1-19856583-2.err
3,RIP-25-2-j060-20-01_c23.xml.lzma,COP22to25/RIP-25-2-j060-20-01_c23.xml.lzma,optimum,COMPLETED,0:0,00:00:04,,logs/cop165-cumulative-20260526-c609ccd4-dirty-q10609/slurm-logs/xcsp-parse-cop165-log-scop-time-rd-20260526-c609ccd4-dirty-q10609-rerun1-19856905-3.out,logs/cop165-cumulative-20260526-c609ccd4-dirty-q10609/slurm-logs/xcsp-parse-cop165-log-scop-time-rd-20260526-c609ccd4-dirty-q10609-rerun1-19856905-3.err,missing_instance,FAILED,1:0,00:00:03,Instance file not found: /LARGE0/gr10609/b39275/xcsp3instances/benchmark/COP22to25/RIP-25-2-j060-20-01_c23.xml.lzma,logs/cop165-cumulative-20260526-c609ccd4-dirty-q10609/slurm-logs/xcsp-parse-cop165-log-scop-task-rd-20260526-c609ccd4-dirty-q10609-rerun1-19856575-3.out,logs/cop165-cumulative-20260526-c609ccd4-dirty-q10609/slurm-logs/xcsp-parse-cop165-log-scop-task-rd-20260526-c609ccd4-dirty-q10609-rerun1-19856575-3.err,optimum,COMPLETED,0:0,00:00:04,,logs/cop165-cumulative-20260526-c609ccd4-dirty-q10609/slurm-logs/xcsp-parse-cop165-log-scop-cumext-20260526-c609ccd4-dirty-q10609-rerun1-19856577-3.out,logs/cop165-cumulative-20260526-c609ccd4-dirty-q10609/slurm-logs/xcsp-parse-cop165-log-scop-cumext-20260526-c609ccd4-dirty-q10609-rerun1-19856577-3.err,optimum,COMPLETED,0:0,00:00:10,,logs/cop165-cumulative-20260526-c609ccd4-dirty-q10609/slurm-logs/xcsp-parse-cop165-order-ge-time-rd-20260526-c609ccd4-dirty-q10609-rerun1-19856579-3.out,logs/cop165-cumulative-20260526-c609ccd4-dirty-q10609/slurm-logs/xcsp-parse-cop165-order-ge-time-rd-20260526-c609ccd4-dirty-q10609-rerun1-19856579-3.err,optimum,COMPLETED,0:0,00:00:17,,logs/cop165-cumulative-20260526-c609ccd4-dirty-q10609/slurm-logs/xcsp-parse-cop165-order-ge-task-rd-20260526-c609ccd4-dirty-q10609-rerun1-19856581-3.out,logs/cop165-cumulative-20260526-c609ccd4-dirty-q10609/slurm-logs/xcsp-parse-cop165-order-ge-task-rd-20260526-c609ccd4-dirty-q10609-rerun1-19856581-3.err,optimum,COMPLETED,0:0,00:00:07,,logs/cop165-cumulative-20260526-c609ccd4-dirty-q10609/slurm-logs/xcsp-parse-cop165-order-ge-cumext-20260526-c609ccd4-dirty-q10609-rerun1-19856583-3.out,logs/cop165-cumulative-20260526-c609ccd4-dirty-q10609/slurm-logs/xcsp-parse-cop165-order-ge-cumext-20260526-c609ccd4-dirty-q10609-rerun1-19856583-3.err
4,RIP-25-1-j060-10-01_c23.xml.lzma,COP22to25/RIP-25-1-j060-10-01_c23.xml.lzma,timeout_incumbent,COMPLETED,0:0,00:30:08,incumbent_interrupted_by_signal,logs/cop165-cumulative-20260526-c609ccd4-dirty-q10609/slurm-logs/xcsp-parse-cop165-log-scop-time-rd-20260526-c609ccd4-dirty-q10609-rerun1-19856905-4.out,logs/cop165-cumulative-20260526-c609ccd4-dirty-q10609/slurm-logs/xcsp-parse-cop165-log-scop-time-rd-20260526-c609ccd4-dirty-q10609-rerun1-19856905-4.err,missing_instance,FAILED,1:0,00:00:03,Instance file not found: /LARGE0/gr10609/b39275/xcsp3instances/benchmark/COP22to25/RIP-25-1-j060-10-01_c23.xml.lzma,logs/cop165-cumulative-20260526-c609ccd4-dirty-q10609/slurm-logs/xcsp-parse-cop165-log-scop-task-rd-20260526-c609ccd4-dirty-q10609-rerun1-19856575-4.out,logs/cop165-cumulative-20260526-c609ccd4-dirty-q10609/slurm-logs/xcsp-parse-cop165-log-scop-task-rd-20260526-c609ccd4-dirty-q10609-rerun1-19856575-4.err,timeout_incumbent,COMPLETED,0:0,00:30:02,incumbent_interrupted_by_signal,logs/cop165-cumulative-20260526-c609ccd4-dirty-q10609/slurm-logs/xcsp-parse-cop165-log-scop-cumext-20260526-c609ccd4-dirty-q10609-rerun1-19856577-4.out,logs/cop165-cumulative-20260526-c609ccd4-dirty-q10609/slurm-logs/xcsp-parse-cop165-log-scop-cumext-20260526-c609ccd4-dirty-q10609-rerun1-19856577-4.err,timeout_incumbent,COMPLETED,0:0,00:30:04,incumbent_interrupted_by_signal,logs/cop165-cumulative-20260526-c609ccd4-dirty-q10609/slurm-logs/xcsp-parse-cop165-order-ge-time-rd-20260526-c609ccd4-dirty-q10609-rerun1-19856579-4.out,logs/cop165-cumulative-20260526-c609ccd4-dirty-q10609/slurm-logs/xcsp-parse-cop165-order-ge-time-rd-20260526-c609ccd4-dirty-q10609-rerun1-19856579-4.err,timeout_incumbent,COMPLETED,0:0,00:30:03,incumbent_interrupted_by_signal,logs/cop165-cumulative-20260526-c609ccd4-dirty-q10609/slurm-logs/xcsp-parse-cop165-order-ge-task-rd-20260526-c609ccd4-dirty-q10609-rerun1-19856581-4.out,logs/cop165-cumulative-20260526-c609ccd4-dirty-q10609/slurm-logs/xcsp-parse-cop165-order-ge-task-rd-20260526-c609ccd4-dirty-q10609-rerun1-19856581-4.err,timeout_incumbent,COMPLETED,0:0,00:30:05,incumbent_interrupted_by_signal,logs/cop165-cumulative-20260526-c609ccd4-dirty-q10609/slurm-logs/xcsp-parse-cop165-order-ge-cumext-20260526-c609ccd4-dirty-q10609-rerun1-19856583-4.out,logs/cop165-cumulative-20260526-c609ccd4-dirty-q10609/slurm-logs/xcsp-parse-cop165-order-ge-cumext-20260526-c609ccd4-dirty-q10609-rerun1-19856583-4.err
5,RIP-25-3-j060-30-01_c23.xml.lzma,COP22to25/RIP-25-3-j060-30-01_c23.xml.lzma,timeout_incumbent,COMPLETED,0:0,00:30:04,incumbent_interrupted_by_signal,logs/cop165-cumulative-20260526-c609ccd4-dirty-q10609/slurm-logs/xcsp-parse-cop165-log-scop-time-rd-20260526-c609ccd4-dirty-q10609-rerun1-19856905-5.out,logs/cop165-cumulative-20260526-c609ccd4-dirty-q10609/slurm-logs/xcsp-parse-cop165-log-scop-time-rd-20260526-c609ccd4-dirty-q10609-rerun1-19856905-5.err,missing_instance,FAILED,1:0,00:00:03,Instance file not found: /LARGE0/gr10609/b39275/xcsp3instances/benchmark/COP22to25/RIP-25-3-j060-30-01_c23.xml.lzma,logs/cop165-cumulative-20260526-c609ccd4-dirty-q10609/slurm-logs/xcsp-parse-cop165-log-scop-task-rd-20260526-c609ccd4-dirty-q10609-rerun1-19856575-5.out,logs/cop165-cumulative-20260526-c609ccd4-dirty-q10609/slurm-logs/xcsp-parse-cop165-log-scop-task-rd-20260526-c609ccd4-dirty-q10609-rerun1-19856575-5.err,timeout_incumbent,COMPLETED,0:0,00:30:03,incumbent_interrupted_by_signal,logs/cop165-cumulative-20260526-c609ccd4-dirty-q10609/slurm-logs/xcsp-parse-cop165-log-scop-cumext-20260526-c609ccd4-dirty-q10609-rerun1-19856577-5.out,logs/cop165-cumulative-20260526-c609ccd4-dirty-q10609/slurm-logs/xcsp-parse-cop165-log-scop-cumext-20260526-c609ccd4-dirty-q10609-rerun1-19856577-5.err,timeout_incumbent,COMPLETED,0:0,00:30:04,incumbent_interrupted_by_signal,logs/cop165-cumulative-20260526-c609ccd4-dirty-q10609/slurm-logs/xcsp-parse-cop165-order-ge-time-rd-20260526-c609ccd4-dirty-q10609-rerun1-19856579-5.out,logs/cop165-cumulative-20260526-c609ccd4-dirty-q10609/slurm-logs/xcsp-parse-cop165-order-ge-time-rd-20260526-c609ccd4-dirty-q10609-rerun1-19856579-5.err,timeout_incumbent,COMPLETED,0:0,00:30:06,incumbent_interrupted_by_signal,logs/cop165-cumulative-20260526-c609ccd4-dirty-q10609/slurm-logs/xcsp-parse-cop165-order-ge-task-rd-20260526-c609ccd4-dirty-q10609-rerun1-19856581-5.out,logs/cop165-cumulative-20260526-c609ccd4-dirty-q10609/slurm-logs/xcsp-parse-cop165-order-ge-task-rd-20260526-c609ccd4-dirty-q10609-rerun1-19856581-5.err,timeout_incumbent,COMPLETED,0:0,00:30:05,incumbent_interrupted_by_signal,logs/cop165-cumulative-20260526-c609ccd4-dirty-q10609/slurm-logs/xcsp-parse-cop165-order-ge-cumext-20260526-c609ccd4-dirty-q10609-rerun1-19856583-5.out,logs/cop165-cumulative-20260526-c609ccd4-dirty-q10609/slurm-logs/xcsp-parse-cop165-order-ge-cumext-20260526-c609ccd4-dirty-q10609-rerun1-19856583-5.err
6,CarpetCutting-test02_c23.xml.lzma,COP22to25/CarpetCutting-test02_c23.xml.lzma,optimum,COMPLETED,0:0,00:01:39,,logs/cop165-cumulative-20260526-c609ccd4-dirty-q10609/slurm-logs/xcsp-parse-cop165-log-scop-time-rd-20260526-c609ccd4-dirty-q10609-rerun1-19856905-6.out,logs/cop165-cumulative-20260526-c609ccd4-dirty-q10609/slurm-logs/xcsp-parse-cop165-log-scop-time-rd-20260526-c609ccd4-dirty-q10609-rerun1-19856905-6.err,missing_instance,FAILED,1:0,00:00:03,Instance file not found: /LARGE0/gr10609/b39275/xcsp3instances/benchmark/COP22to25/CarpetCutting-test02_c23.xml.lzma,logs/cop165-cumulative-20260526-c609ccd4-dirty-q10609/slurm-logs/xcsp-parse-cop165-log-scop-task-rd-20260526-c609ccd4-dirty-q10609-rerun1-19856575-6.out,logs/cop165-cumulative-20260526-c609ccd4-dirty-q10609/slurm-logs/xcsp-parse-cop165-log-scop-task-rd-20260526-c609ccd4-dirty-q10609-rerun1-19856575-6.err,optimum,COMPLETED,0:0,00:00:05,,logs/cop165-cumulative-20260526-c609ccd4-dirty-q10609/slurm-logs/xcsp-parse-cop165-log-scop-cumext-20260526-c609ccd4-dirty-q10609-rerun1-19856577-6.out,logs/cop165-cumulative-20260526-c609ccd4-dirty-q10609/slurm-logs/xcsp-parse-cop165-log-scop-cumext-20260526-c609ccd4-dirty-q10609-rerun1-19856577-6.err,out_of_memory,OUT_OF_MEMORY,0:125,00:07:15,slurmstepd: error: Detected 4 oom-kill event(s) in StepId=19859677.batch. Some of your processes may have been killed by the cgroup out-of-memory handler.,logs/cop165-cumulative-20260526-c609ccd4-dirty-q10609/slurm-logs/xcsp-parse-cop165-order-ge-time-rd-20260526-c609ccd4-dirty-q10609-rerun1-19856579-6.out,logs/cop165-cumulative-20260526-c609ccd4-dirty-q10609/slurm-logs/xcsp-parse-cop165-order-ge-time-rd-20260526-c609ccd4-dirty-q10609-rerun1-19856579-6.err,out_of_memory,OUT_OF_MEMORY,0:125,00:08:53,slurmstepd: error: Detected 6 oom-kill event(s) in StepId=19862618.batch. Some of your processes may have been killed by the cgroup out-of-memory handler.,logs/cop165-cumulative-20260526-c609ccd4-dirty-q10609/slurm-logs/xcsp-parse-cop165-order-ge-task-rd-20260526-c609ccd4-dirty-q10609-rerun1-19856581-6.out,logs/cop165-cumulative-20260526-c609ccd4-dirty-q10609/slurm-logs/xcsp-parse-cop165-order-ge-task-rd-20260526-c609ccd4-dirty-q10609-rerun1-19856581-6.err,optimum,COMPLETED,0:0,00:00:33,,logs/cop165-cumulative-20260526-c609ccd4-dirty-q10609/slurm-logs/xcsp-parse-cop165-order-ge-cumext-20260526-c609ccd4-dirty-q10609-rerun1-19856583-6.out,logs/cop165-cumulative-20260526-c609ccd4-dirty-q10609/slurm-logs/xcsp-parse-cop165-order-ge-cumext-20260526-c609ccd4-dirty-q10609-rerun1-19856583-6.err
7,TestScheduling-t020m10r05-1_c24.xml.lzma,COP22to25/TestScheduling-t020m10r05-1_c24.xml.lzma,optimum,COMPLETED,0:0,00:05:44,,logs/cop165-cumulative-20260526-c609ccd4-dirty-q10609/slurm-logs/xcsp-parse-cop165-log-scop-time-rd-20260526-c609ccd4-dirty-q10609-rerun1-19856905-7.out,logs/cop165-cumulative-20260526-c609ccd4-dirty-q10609/slurm-logs/xcsp-parse-cop165-log-scop-time-rd-20260526-c609ccd4-dirty-q10609-rerun1-19856905-7.err,missing_instance,FAILED,1:0,00:00:03,Instance file not found: /LARGE0/gr10609/b39275/xcsp3instances/benchmark/COP22to25/TestScheduling-t020m10r05-1_c24.xml.lzma,logs/cop165-cumulative-20260526-c609ccd4-dirty-q10609/slurm-logs/xcsp-parse-cop165-log-scop-task-rd-20260526-c609ccd4-dirty-q10609-rerun1-19856575-7.out,logs/cop165-cumulative-20260526-c609ccd4-dirty-q10609/slurm-logs/xcsp-parse-cop165-log-scop-task-rd-20260526-c609ccd4-dirty-q10609-rerun1-19856575-7.err,optimum,COMPLETED,0:0,00:00:10,,logs/cop165-cumulative-20260526-c609ccd4-dirty-q10609/slurm-logs/xcsp-parse-cop165-log-scop-cumext-20260526-c609ccd4-dirty-q10609-rerun1-19856577-7.out,logs/cop165-cumulative-20260526-c609ccd4-dirty-q10609/slurm-logs/xcsp-parse-cop165-log-scop-cumext-20260526-c609ccd4-dirty-q10609-rerun1-19856577-7.err,optimum,COMPLETED,0:0,00:09:33,,logs/cop165-cumulative-20260526-c609ccd4-dirty-q10609/slurm-logs/xcsp-parse-cop165-order-ge-time-rd-20260526-c609ccd4-dirty-q10609-rerun1-19856579-7.out,logs/cop165-cumulative-20260526-c609ccd4-dirty-q10609/slurm-logs/xcsp-parse-cop165-order-ge-time-rd-20260526-c609ccd4-dirty-q10609-rerun1-19856579-7.err,timeout_incumbent,COMPLETED,0:0,00:30:04,incumbent_interrupted_by_signal,logs/cop165-cumulative-20260526-c609ccd4-dirty-q10609/slurm-logs/xcsp-parse-cop165-order-ge-task-rd-20260526-c609ccd4-dirty-q10609-rerun1-19856581-7.out,logs/cop165-cumulative-20260526-c609ccd4-dirty-q10609/slurm-logs/xcsp-parse-cop165-order-ge-task-rd-20260526-c609ccd4-dirty-q10609-rerun1-19856581-7.err,timeout_incumbent,COMPLETED,0:0,00:30:04,incumbent_interrupted_by_signal,logs/cop165-cumulative-20260526-c609ccd4-dirty-q10609/slurm-logs/xcsp-parse-cop165-order-ge-cumext-20260526-c609ccd4-dirty-q10609-rerun1-19856583-7.out,logs/cop165-cumulative-20260526-c609ccd4-dirty-q10609/slurm-logs/xcsp-parse-cop165-order-ge-cumext-20260526-c609ccd4-dirty-q10609-rerun1-19856583-7.err
8,RCPSP-j120-01-03_c22.xml.lzma,COP22to25/RCPSP-j120-01-03_c22.xml.lzma,optimum,COMPLETED,0:0,00:05:28,,logs/cop165-cumulative-20260526-c609ccd4-dirty-q10609/slurm-logs/xcsp-parse-cop165-log-scop-time-rd-20260526-c609ccd4-dirty-q10609-rerun1-19856905-8.out,logs/cop165-cumulative-20260526-c609ccd4-dirty-q10609/slurm-logs/xcsp-parse-cop165-log-scop-time-rd-20260526-c609ccd4-dirty-q10609-rerun1-19856905-8.err,missing_instance,FAILED,1:0,00:00:03,Instance file not found: /LARGE0/gr10609/b39275/xcsp3instances/benchmark/COP22to25/RCPSP-j120-01-03_c22.xml.lzma,logs/cop165-cumulative-20260526-c609ccd4-dirty-q10609/slurm-logs/xcsp-parse-cop165-log-scop-task-rd-20260526-c609ccd4-dirty-q10609-rerun1-19856575-8.out,logs/cop165-cumulative-20260526-c609ccd4-dirty-q10609/slurm-logs/xcsp-parse-cop165-log-scop-task-rd-20260526-c609ccd4-dirty-q10609-rerun1-19856575-8.err,optimum,COMPLETED,0:0,00:03:03,,logs/cop165-cumulative-20260526-c609ccd4-dirty-q10609/slurm-logs/xcsp-parse-cop165-log-scop-cumext-20260526-c609ccd4-dirty-q10609-rerun1-19856577-8.out,logs/cop165-cumulative-20260526-c609ccd4-dirty-q10609/slurm-logs/xcsp-parse-cop165-log-scop-cumext-20260526-c609ccd4-dirty-q10609-rerun1-19856577-8.err,optimum,COMPLETED,0:0,00:07:05,,logs/cop165-cumulative-20260526-c609ccd4-dirty-q10609/slurm-logs/xcsp-parse-cop165-order-ge-time-rd-20260526-c609ccd4-dirty-q10609-rerun1-19856579-8.out,logs/cop165-cumulative-20260526-c609ccd4-dirty-q10609/slurm-logs/xcsp-parse-cop165-order-ge-time-rd-20260526-c609ccd4-dirty-q10609-rerun1-19856579-8.err,timeout_incumbent,COMPLETED,0:0,00:30:05,incumbent_interrupted_by_signal,logs/cop165-cumulative-20260526-c609ccd4-dirty-q10609/slurm-logs/xcsp-parse-cop165-order-ge-task-rd-20260526-c609ccd4-dirty-q10609-rerun1-19856581-8.out,logs/cop165-cumulative-20260526-c609ccd4-dirty-q10609/slurm-logs/xcsp-parse-cop165-order-ge-task-rd-20260526-c609ccd4-dirty-q10609-rerun1-19856581-8.err,timeout_incumbent,COMPLETED,0:0,00:30:06,incumbent_interrupted_by_signal,logs/cop165-cumulative-20260526-c609ccd4-dirty-q10609/slurm-logs/xcsp-parse-cop165-order-ge-cumext-20260526-c609ccd4-dirty-q10609-rerun1-19856583-8.out,logs/cop165-cumulative-20260526-c609ccd4-dirty-q10609/slurm-logs/xcsp-parse-cop165-order-ge-cumext-20260526-c609ccd4-dirty-q10609-rerun1-19856583-8.err
9,RCPSP-j120-01-05_c22.xml.lzma,COP22to25/RCPSP-j120-01-05_c22.xml.lzma,optimum,COMPLETED,0:0,00:01:55,,logs/cop165-cumulative-20260526-c609ccd4-dirty-q10609/slurm-logs/xcsp-parse-cop165-log-scop-time-rd-20260526-c609ccd4-dirty-q10609-rerun1-19856905-9.out,logs/cop165-cumulative-20260526-c609ccd4-dirty-q10609/slurm-logs/xcsp-parse-cop165-log-scop-time-rd-20260526-c609ccd4-dirty-q10609-rerun1-19856905-9.err,missing_instance,FAILED,1:0,00:00:03,Instance file not found: /LARGE0/gr10609/b39275/xcsp3instances/benchmark/COP22to25/RCPSP-j120-01-05_c22.xml.lzma,logs/cop165-cumulative-20260526-c609ccd4-dirty-q10609/slurm-logs/xcsp-parse-cop165-log-scop-task-rd-20260526-c609ccd4-dirty-q10609-rerun1-19856575-9.out,logs/cop165-cumulative-20260526-c609ccd4-dirty-q10609/slurm-logs/xcsp-parse-cop165-log-scop-task-rd-20260526-c609ccd4-dirty-q10609-rerun1-19856575-9.err,optimum,COMPLETED,0:0,00:00:10,,logs/cop165-cumulative-20260526-c609ccd4-dirty-q10609/slurm-logs/xcsp-parse-cop165-log-scop-cumext-20260526-c609ccd4-dirty-q10609-rerun1-19856577-9.out,logs/cop165-cumulative-20260526-c609ccd4-dirty-q10609/slurm-logs/xcsp-parse-cop165-log-scop-cumext-20260526-c609ccd4-dirty-q10609-rerun1-19856577-9.err,optimum,COMPLETED,0:0,00:06:10,,logs/cop165-cumulative-20260526-c609ccd4-dirty-q10609/slurm-logs/xcsp-parse-cop165-order-ge-time-rd-20260526-c609ccd4-dirty-q10609-rerun1-19856579-9.out,logs/cop165-cumulative-20260526-c609ccd4-dirty-q10609/slurm-logs/xcsp-parse-cop165-order-ge-time-rd-20260526-c609ccd4-dirty-q10609-rerun1-19856579-9.err,optimum,COMPLETED,0:0,00:02:50,,logs/cop165-cumulative-20260526-c609ccd4-dirty-q10609/slurm-logs/xcsp-parse-cop165-order-ge-task-rd-20260526-c609ccd4-dirty-q10609-rerun1-19856581-9.out,logs/cop165-cumulative-20260526-c609ccd4-dirty-q10609/slurm-logs/xcsp-parse-cop165-order-ge-task-rd-20260526-c609ccd4-dirty-q10609-rerun1-19856581-9.err,optimum,COMPLETED,0:0,00:12:25,,logs/cop165-cumulative-20260526-c609ccd4-dirty-q10609/slurm-logs/xcsp-parse-cop165-order-ge-cumext-20260526-c609ccd4-dirty-q10609-rerun1-19856583-9.out,logs/cop165-cumulative-20260526-c609ccd4-dirty-q10609/slurm-logs/xcsp-parse-cop165-order-ge-cumext-20260526-c609ccd4-dirty-q10609-rerun1-19856583-9.err
10,RCPSP-j120-01-08_c22.xml.lzma,COP22to25/RCPSP-j120-01-08_c22.xml.lzma,optimum,COMPLETED,0:0,00:01:17,,logs/cop165-cumulative-20260526-c609ccd4-dirty-q10609/slurm-logs/xcsp-parse-cop165-log-scop-time-rd-20260526-c609ccd4-dirty-q10609-rerun1-19856905-10.out,logs/cop165-cumulative-20260526-c609ccd4-dirty-q10609/slurm-logs/xcsp-parse-cop165-log-scop-time-rd-20260526-c609ccd4-dirty-q10609-rerun1-19856905-10.err,missing_instance,FAILED,1:0,00:00:03,Instance file not found: /LARGE0/gr10609/b39275/xcsp3instances/benchmark/COP22to25/RCPSP-j120-01-08_c22.xml.lzma,logs/cop165-cumulative-20260526-c609ccd4-dirty-q10609/slurm-logs/xcsp-parse-cop165-log-scop-task-rd-20260526-c609ccd4-dirty-q10609-rerun1-19856575-10.out,logs/cop165-cumulative-20260526-c609ccd4-dirty-q10609/slurm-logs/xcsp-parse-cop165-log-scop-task-rd-20260526-c609ccd4-dirty-q10609-rerun1-19856575-10.err,optimum,COMPLETED,0:0,00:00:10,,logs/cop165-cumulative-20260526-c609ccd4-dirty-q10609/slurm-logs/xcsp-parse-cop165-log-scop-cumext-20260526-c609ccd4-dirty-q10609-rerun1-19856577-10.out,logs/cop165-cumulative-20260526-c609ccd4-dirty-q10609/slurm-logs/xcsp-parse-cop165-log-scop-cumext-20260526-c609ccd4-dirty-q10609-rerun1-19856577-10.err,optimum,COMPLETED,0:0,00:06:31,,logs/cop165-cumulative-20260526-c609ccd4-dirty-q10609/slurm-logs/xcsp-parse-cop165-order-ge-time-rd-20260526-c609ccd4-dirty-q10609-rerun1-19856579-10.out,logs/cop165-cumulative-20260526-c609ccd4-dirty-q10609/slurm-logs/xcsp-parse-cop165-order-ge-time-rd-20260526-c609ccd4-dirty-q10609-rerun1-19856579-10.err,optimum,COMPLETED,0:0,00:06:11,,logs/cop165-cumulative-20260526-c609ccd4-dirty-q10609/slurm-logs/xcsp-parse-cop165-order-ge-task-rd-20260526-c609ccd4-dirty-q10609-rerun1-19856581-10.out,logs/cop165-cumulative-20260526-c609ccd4-dirty-q10609/slurm-logs/xcsp-parse-cop165-order-ge-task-rd-20260526-c609ccd4-dirty-q10609-rerun1-19856581-10.err,optimum,COMPLETED,0:0,00:12:28,,logs/cop165-cumulative-20260526-c609ccd4-dirty-q10609/slurm-logs/xcsp-parse-cop165-order-ge-cumext-20260526-c609ccd4-dirty-q10609-rerun1-19856583-10.out,logs/cop165-cumulative-20260526-c609ccd4-dirty-q10609/slurm-logs/xcsp-parse-cop165-order-ge-cumext-20260526-c609ccd4-dirty-q10609-rerun1-19856583-10.err
11,TestScheduling-t020m10r10-1_c24.xml.lzma,COP22to25/TestScheduling-t020m10r10-1_c24.xml.lzma,optimum,COMPLETED,0:0,00:01:45,,logs/cop165-cumulative-20260526-c609ccd4-dirty-q10609/slurm-logs/xcsp-parse-cop165-log-scop-time-rd-20260526-c609ccd4-dirty-q10609-rerun1-19856905-11.out,logs/cop165-cumulative-20260526-c609ccd4-dirty-q10609/slurm-logs/xcsp-parse-cop165-log-scop-time-rd-20260526-c609ccd4-dirty-q10609-rerun1-19856905-11.err,missing_instance,FAILED,1:0,00:00:03,Instance file not found: /LARGE0/gr10609/b39275/xcsp3instances/benchmark/COP22to25/TestScheduling-t020m10r10-1_c24.xml.lzma,logs/cop165-cumulative-20260526-c609ccd4-dirty-q10609/slurm-logs/xcsp-parse-cop165-log-scop-task-rd-20260526-c609ccd4-dirty-q10609-rerun1-19856575-11.out,logs/cop165-cumulative-20260526-c609ccd4-dirty-q10609/slurm-logs/xcsp-parse-cop165-log-scop-task-rd-20260526-c609ccd4-dirty-q10609-rerun1-19856575-11.err,optimum,COMPLETED,0:0,00:00:05,,logs/cop165-cumulative-20260526-c609ccd4-dirty-q10609/slurm-logs/xcsp-parse-cop165-log-scop-cumext-20260526-c609ccd4-dirty-q10609-rerun1-19856577-11.out,logs/cop165-cumulative-20260526-c609ccd4-dirty-q10609/slurm-logs/xcsp-parse-cop165-log-scop-cumext-20260526-c609ccd4-dirty-q10609-rerun1-19856577-11.err,optimum,COMPLETED,0:0,00:02:11,,logs/cop165-cumulative-20260526-c609ccd4-dirty-q10609/slurm-logs/xcsp-parse-cop165-order-ge-time-rd-20260526-c609ccd4-dirty-q10609-rerun1-19856579-11.out,logs/cop165-cumulative-20260526-c609ccd4-dirty-q10609/slurm-logs/xcsp-parse-cop165-order-ge-time-rd-20260526-c609ccd4-dirty-q10609-rerun1-19856579-11.err,timeout_incumbent,COMPLETED,0:0,00:30:05,incumbent_interrupted_by_signal,logs/cop165-cumulative-20260526-c609ccd4-dirty-q10609/slurm-logs/xcsp-parse-cop165-order-ge-task-rd-20260526-c609ccd4-dirty-q10609-rerun1-19856581-11.out,logs/cop165-cumulative-20260526-c609ccd4-dirty-q10609/slurm-logs/xcsp-parse-cop165-order-ge-task-rd-20260526-c609ccd4-dirty-q10609-rerun1-19856581-11.err,timeout_incumbent,COMPLETED,0:0,00:30:04,incumbent_interrupted_by_signal,logs/cop165-cumulative-20260526-c609ccd4-dirty-q10609/slurm-logs/xcsp-parse-cop165-order-ge-cumext-20260526-c609ccd4-dirty-q10609-rerun1-19856583-11.out,logs/cop165-cumulative-20260526-c609ccd4-dirty-q10609/slurm-logs/xcsp-parse-cop165-order-ge-cumext-20260526-c609ccd4-dirty-q10609-rerun1-19856583-11.err
12,RCPSP-j120-01-10_c22.xml.lzma,COP22to25/RCPSP-j120-01-10_c22.xml.lzma,optimum,COMPLETED,0:0,00:01:35,,logs/cop165-cumulative-20260526-c609ccd4-dirty-q10609/slurm-logs/xcsp-parse-cop165-log-scop-time-rd-20260526-c609ccd4-dirty-q10609-rerun1-19856905-12.out,logs/cop165-cumulative-20260526-c609ccd4-dirty-q10609/slurm-logs/xcsp-parse-cop165-log-scop-time-rd-20260526-c609ccd4-dirty-q10609-rerun1-19856905-12.err,missing_instance,FAILED,1:0,00:00:03,Instance file not found: /LARGE0/gr10609/b39275/xcsp3instances/benchmark/COP22to25/RCPSP-j120-01-10_c22.xml.lzma,logs/cop165-cumulative-20260526-c609ccd4-dirty-q10609/slurm-logs/xcsp-parse-cop165-log-scop-task-rd-20260526-c609ccd4-dirty-q10609-rerun1-19856575-12.out,logs/cop165-cumulative-20260526-c609ccd4-dirty-q10609/slurm-logs/xcsp-parse-cop165-log-scop-task-rd-20260526-c609ccd4-dirty-q10609-rerun1-19856575-12.err,optimum,COMPLETED,0:0,00:00:05,,logs/cop165-cumulative-20260526-c609ccd4-dirty-q10609/slurm-logs/xcsp-parse-cop165-log-scop-cumext-20260526-c609ccd4-dirty-q10609-rerun1-19856577-12.out,logs/cop165-cumulative-20260526-c609ccd4-dirty-q10609/slurm-logs/xcsp-parse-cop165-log-scop-cumext-20260526-c609ccd4-dirty-q10609-rerun1-19856577-12.err,optimum,COMPLETED,0:0,00:05:59,,logs/cop165-cumulative-20260526-c609ccd4-dirty-q10609/slurm-logs/xcsp-parse-cop165-order-ge-time-rd-20260526-c609ccd4-dirty-q10609-rerun1-19856579-12.out,logs/cop165-cumulative-20260526-c609ccd4-dirty-q10609/slurm-logs/xcsp-parse-cop165-order-ge-time-rd-20260526-c609ccd4-dirty-q10609-rerun1-19856579-12.err,optimum,COMPLETED,0:0,00:03:41,,logs/cop165-cumulative-20260526-c609ccd4-dirty-q10609/slurm-logs/xcsp-parse-cop165-order-ge-task-rd-20260526-c609ccd4-dirty-q10609-rerun1-19856581-12.out,logs/cop165-cumulative-20260526-c609ccd4-dirty-q10609/slurm-logs/xcsp-parse-cop165-order-ge-task-rd-20260526-c609ccd4-dirty-q10609-rerun1-19856581-12.err,optimum,COMPLETED,0:0,00:10:15,,logs/cop165-cumulative-20260526-c609ccd4-dirty-q10609/slurm-logs/xcsp-parse-cop165-order-ge-cumext-20260526-c609ccd4-dirty-q10609-rerun1-19856583-12.out,logs/cop165-cumulative-20260526-c609ccd4-dirty-q10609/slurm-logs/xcsp-parse-cop165-order-ge-cumext-20260526-c609ccd4-dirty-q10609-rerun1-19856583-12.err
13,RCPSP-j120-01-01_c22.xml.lzma,COP22to25/RCPSP-j120-01-01_c22.xml.lzma,optimum,COMPLETED,0:0,00:04:15,,logs/cop165-cumulative-20260526-c609ccd4-dirty-q10609/slurm-logs/xcsp-parse-cop165-log-scop-time-rd-20260526-c609ccd4-dirty-q10609-rerun1-19856905-13.out,logs/cop165-cumulative-20260526-c609ccd4-dirty-q10609/slurm-logs/xcsp-parse-cop165-log-scop-time-rd-20260526-c609ccd4-dirty-q10609-rerun1-19856905-13.err,missing_instance,FAILED,1:0,00:00:03,Instance file not found: /LARGE0/gr10609/b39275/xcsp3instances/benchmark/COP22to25/RCPSP-j120-01-01_c22.xml.lzma,logs/cop165-cumulative-20260526-c609ccd4-dirty-q10609/slurm-logs/xcsp-parse-cop165-log-scop-task-rd-20260526-c609ccd4-dirty-q10609-rerun1-19856575-13.out,logs/cop165-cumulative-20260526-c609ccd4-dirty-q10609/slurm-logs/xcsp-parse-cop165-log-scop-task-rd-20260526-c609ccd4-dirty-q10609-rerun1-19856575-13.err,optimum,COMPLETED,0:0,00:06:35,,logs/cop165-cumulative-20260526-c609ccd4-dirty-q10609/slurm-logs/xcsp-parse-cop165-log-scop-cumext-20260526-c609ccd4-dirty-q10609-rerun1-19856577-13.out,logs/cop165-cumulative-20260526-c609ccd4-dirty-q10609/slurm-logs/xcsp-parse-cop165-log-scop-cumext-20260526-c609ccd4-dirty-q10609-rerun1-19856577-13.err,optimum,COMPLETED,0:0,00:10:18,,logs/cop165-cumulative-20260526-c609ccd4-dirty-q10609/slurm-logs/xcsp-parse-cop165-order-ge-time-rd-20260526-c609ccd4-dirty-q10609-rerun1-19856579-13.out,logs/cop165-cumulative-20260526-c609ccd4-dirty-q10609/slurm-logs/xcsp-parse-cop165-order-ge-time-rd-20260526-c609ccd4-dirty-q10609-rerun1-19856579-13.err,timeout_incumbent,COMPLETED,0:0,00:30:04,incumbent_interrupted_by_signal,logs/cop165-cumulative-20260526-c609ccd4-dirty-q10609/slurm-logs/xcsp-parse-cop165-order-ge-task-rd-20260526-c609ccd4-dirty-q10609-rerun1-19856581-13.out,logs/cop165-cumulative-20260526-c609ccd4-dirty-q10609/slurm-logs/xcsp-parse-cop165-order-ge-task-rd-20260526-c609ccd4-dirty-q10609-rerun1-19856581-13.err,timeout_incumbent,COMPLETED,0:0,00:30:03,incumbent_interrupted_by_signal,logs/cop165-cumulative-20260526-c609ccd4-dirty-q10609/slurm-logs/xcsp-parse-cop165-order-ge-cumext-20260526-c609ccd4-dirty-q10609-rerun1-19856583-13.out,logs/cop165-cumulative-20260526-c609ccd4-dirty-q10609/slurm-logs/xcsp-parse-cop165-order-ge-cumext-20260526-c609ccd4-dirty-q10609-rerun1-19856583-13.err
14,RCPSP-j120-01-04_c22.xml.lzma,COP22to25/RCPSP-j120-01-04_c22.xml.lzma,optimum,COMPLETED,0:0,00:01:24,,logs/cop165-cumulative-20260526-c609ccd4-dirty-q10609/slurm-logs/xcsp-parse-cop165-log-scop-time-rd-20260526-c609ccd4-dirty-q10609-rerun1-19856905-14.out,logs/cop165-cumulative-20260526-c609ccd4-dirty-q10609/slurm-logs/xcsp-parse-cop165-log-scop-time-rd-20260526-c609ccd4-dirty-q10609-rerun1-19856905-14.err,missing_instance,FAILED,1:0,00:00:03,Instance file not found: /LARGE0/gr10609/b39275/xcsp3instances/benchmark/COP22to25/RCPSP-j120-01-04_c22.xml.lzma,logs/cop165-cumulative-20260526-c609ccd4-dirty-q10609/slurm-logs/xcsp-parse-cop165-log-scop-task-rd-20260526-c609ccd4-dirty-q10609-rerun1-19856575-14.out,logs/cop165-cumulative-20260526-c609ccd4-dirty-q10609/slurm-logs/xcsp-parse-cop165-log-scop-task-rd-20260526-c609ccd4-dirty-q10609-rerun1-19856575-14.err,optimum,COMPLETED,0:0,00:00:07,,logs/cop165-cumulative-20260526-c609ccd4-dirty-q10609/slurm-logs/xcsp-parse-cop165-log-scop-cumext-20260526-c609ccd4-dirty-q10609-rerun1-19856577-14.out,logs/cop165-cumulative-20260526-c609ccd4-dirty-q10609/slurm-logs/xcsp-parse-cop165-log-scop-cumext-20260526-c609ccd4-dirty-q10609-rerun1-19856577-14.err,optimum,COMPLETED,0:0,00:06:55,,logs/cop165-cumulative-20260526-c609ccd4-dirty-q10609/slurm-logs/xcsp-parse-cop165-order-ge-time-rd-20260526-c609ccd4-dirty-q10609-rerun1-19856579-14.out,logs/cop165-cumulative-20260526-c609ccd4-dirty-q10609/slurm-logs/xcsp-parse-cop165-order-ge-time-rd-20260526-c609ccd4-dirty-q10609-rerun1-19856579-14.err,optimum,COMPLETED,0:0,00:03:24,,logs/cop165-cumulative-20260526-c609ccd4-dirty-q10609/slurm-logs/xcsp-parse-cop165-order-ge-task-rd-20260526-c609ccd4-dirty-q10609-rerun1-19856581-14.out,logs/cop165-cumulative-20260526-c609ccd4-dirty-q10609/slurm-logs/xcsp-parse-cop165-order-ge-task-rd-20260526-c609ccd4-dirty-q10609-rerun1-19856581-14.err,optimum,COMPLETED,0:0,00:13:48,,logs/cop165-cumulative-20260526-c609ccd4-dirty-q10609/slurm-logs/xcsp-parse-cop165-order-ge-cumext-20260526-c609ccd4-dirty-q10609-rerun1-19856583-14.out,logs/cop165-cumulative-20260526-c609ccd4-dirty-q10609/slurm-logs/xcsp-parse-cop165-order-ge-cumext-20260526-c609ccd4-dirty-q10609-rerun1-19856583-14.err
15,RCPSP-j120-01-06_c22.xml.lzma,COP22to25/RCPSP-j120-01-06_c22.xml.lzma,optimum,COMPLETED,0:0,00:01:41,,logs/cop165-cumulative-20260526-c609ccd4-dirty-q10609/slurm-logs/xcsp-parse-cop165-log-scop-time-rd-20260526-c609ccd4-dirty-q10609-rerun1-19856905-15.out,logs/cop165-cumulative-20260526-c609ccd4-dirty-q10609/slurm-logs/xcsp-parse-cop165-log-scop-time-rd-20260526-c609ccd4-dirty-q10609-rerun1-19856905-15.err,missing_instance,FAILED,1:0,00:00:03,Instance file not found: /LARGE0/gr10609/b39275/xcsp3instances/benchmark/COP22to25/RCPSP-j120-01-06_c22.xml.lzma,logs/cop165-cumulative-20260526-c609ccd4-dirty-q10609/slurm-logs/xcsp-parse-cop165-log-scop-task-rd-20260526-c609ccd4-dirty-q10609-rerun1-19856575-15.out,logs/cop165-cumulative-20260526-c609ccd4-dirty-q10609/slurm-logs/xcsp-parse-cop165-log-scop-task-rd-20260526-c609ccd4-dirty-q10609-rerun1-19856575-15.err,optimum,COMPLETED,0:0,00:00:08,,logs/cop165-cumulative-20260526-c609ccd4-dirty-q10609/slurm-logs/xcsp-parse-cop165-log-scop-cumext-20260526-c609ccd4-dirty-q10609-rerun1-19856577-15.out,logs/cop165-cumulative-20260526-c609ccd4-dirty-q10609/slurm-logs/xcsp-parse-cop165-log-scop-cumext-20260526-c609ccd4-dirty-q10609-rerun1-19856577-15.err,optimum,COMPLETED,0:0,00:06:22,,logs/cop165-cumulative-20260526-c609ccd4-dirty-q10609/slurm-logs/xcsp-parse-cop165-order-ge-time-rd-20260526-c609ccd4-dirty-q10609-rerun1-19856579-15.out,logs/cop165-cumulative-20260526-c609ccd4-dirty-q10609/slurm-logs/xcsp-parse-cop165-order-ge-time-rd-20260526-c609ccd4-dirty-q10609-rerun1-19856579-15.err,optimum,COMPLETED,0:0,00:02:24,,logs/cop165-cumulative-20260526-c609ccd4-dirty-q10609/slurm-logs/xcsp-parse-cop165-order-ge-task-rd-20260526-c609ccd4-dirty-q10609-rerun1-19856581-15.out,logs/cop165-cumulative-20260526-c609ccd4-dirty-q10609/slurm-logs/xcsp-parse-cop165-order-ge-task-rd-20260526-c609ccd4-dirty-q10609-rerun1-19856581-15.err,optimum,COMPLETED,0:0,00:10:03,,logs/cop165-cumulative-20260526-c609ccd4-dirty-q10609/slurm-logs/xcsp-parse-cop165-order-ge-cumext-20260526-c609ccd4-dirty-q10609-rerun1-19856583-15.out,logs/cop165-cumulative-20260526-c609ccd4-dirty-q10609/slurm-logs/xcsp-parse-cop165-order-ge-cumext-20260526-c609ccd4-dirty-q10609-rerun1-19856583-15.err
16,RCPSP-j120-01-07_c22.xml.lzma,COP22to25/RCPSP-j120-01-07_c22.xml.lzma,optimum,COMPLETED,0:0,00:01:27,,logs/cop165-cumulative-20260526-c609ccd4-dirty-q10609/slurm-logs/xcsp-parse-cop165-log-scop-time-rd-20260526-c609ccd4-dirty-q10609-rerun1-19856905-16.out,logs/cop165-cumulative-20260526-c609ccd4-dirty-q10609/slurm-logs/xcsp-parse-cop165-log-scop-time-rd-20260526-c609ccd4-dirty-q10609-rerun1-19856905-16.err,missing_instance,FAILED,1:0,00:00:03,Instance file not found: /LARGE0/gr10609/b39275/xcsp3instances/benchmark/COP22to25/RCPSP-j120-01-07_c22.xml.lzma,logs/cop165-cumulative-20260526-c609ccd4-dirty-q10609/slurm-logs/xcsp-parse-cop165-log-scop-task-rd-20260526-c609ccd4-dirty-q10609-rerun1-19856575-16.out,logs/cop165-cumulative-20260526-c609ccd4-dirty-q10609/slurm-logs/xcsp-parse-cop165-log-scop-task-rd-20260526-c609ccd4-dirty-q10609-rerun1-19856575-16.err,optimum,COMPLETED,0:0,00:00:06,,logs/cop165-cumulative-20260526-c609ccd4-dirty-q10609/slurm-logs/xcsp-parse-cop165-log-scop-cumext-20260526-c609ccd4-dirty-q10609-rerun1-19856577-16.out,logs/cop165-cumulative-20260526-c609ccd4-dirty-q10609/slurm-logs/xcsp-parse-cop165-log-scop-cumext-20260526-c609ccd4-dirty-q10609-rerun1-19856577-16.err,optimum,COMPLETED,0:0,00:07:18,,logs/cop165-cumulative-20260526-c609ccd4-dirty-q10609/slurm-logs/xcsp-parse-cop165-order-ge-time-rd-20260526-c609ccd4-dirty-q10609-rerun1-19856579-16.out,logs/cop165-cumulative-20260526-c609ccd4-dirty-q10609/slurm-logs/xcsp-parse-cop165-order-ge-time-rd-20260526-c609ccd4-dirty-q10609-rerun1-19856579-16.err,optimum,COMPLETED,0:0,00:04:07,,logs/cop165-cumulative-20260526-c609ccd4-dirty-q10609/slurm-logs/xcsp-parse-cop165-order-ge-task-rd-20260526-c609ccd4-dirty-q10609-rerun1-19856581-16.out,logs/cop165-cumulative-20260526-c609ccd4-dirty-q10609/slurm-logs/xcsp-parse-cop165-order-ge-task-rd-20260526-c609ccd4-dirty-q10609-rerun1-19856581-16.err,optimum,COMPLETED,0:0,00:18:42,,logs/cop165-cumulative-20260526-c609ccd4-dirty-q10609/slurm-logs/xcsp-parse-cop165-order-ge-cumext-20260526-c609ccd4-dirty-q10609-rerun1-19856583-16.out,logs/cop165-cumulative-20260526-c609ccd4-dirty-q10609/slurm-logs/xcsp-parse-cop165-order-ge-cumext-20260526-c609ccd4-dirty-q10609-rerun1-19856583-16.err
17,RCPSP-j120-01-09_c22.xml.lzma,COP22to25/RCPSP-j120-01-09_c22.xml.lzma,optimum,COMPLETED,0:0,00:01:29,,logs/cop165-cumulative-20260526-c609ccd4-dirty-q10609/slurm-logs/xcsp-parse-cop165-log-scop-time-rd-20260526-c609ccd4-dirty-q10609-rerun1-19856905-17.out,logs/cop165-cumulative-20260526-c609ccd4-dirty-q10609/slurm-logs/xcsp-parse-cop165-log-scop-time-rd-20260526-c609ccd4-dirty-q10609-rerun1-19856905-17.err,missing_instance,FAILED,1:0,00:00:03,Instance file not found: /LARGE0/gr10609/b39275/xcsp3instances/benchmark/COP22to25/RCPSP-j120-01-09_c22.xml.lzma,logs/cop165-cumulative-20260526-c609ccd4-dirty-q10609/slurm-logs/xcsp-parse-cop165-log-scop-task-rd-20260526-c609ccd4-dirty-q10609-rerun1-19856575-17.out,logs/cop165-cumulative-20260526-c609ccd4-dirty-q10609/slurm-logs/xcsp-parse-cop165-log-scop-task-rd-20260526-c609ccd4-dirty-q10609-rerun1-19856575-17.err,optimum,COMPLETED,0:0,00:00:05,,logs/cop165-cumulative-20260526-c609ccd4-dirty-q10609/slurm-logs/xcsp-parse-cop165-log-scop-cumext-20260526-c609ccd4-dirty-q10609-rerun1-19856577-17.out,logs/cop165-cumulative-20260526-c609ccd4-dirty-q10609/slurm-logs/xcsp-parse-cop165-log-scop-cumext-20260526-c609ccd4-dirty-q10609-rerun1-19856577-17.err,optimum,COMPLETED,0:0,00:06:35,,logs/cop165-cumulative-20260526-c609ccd4-dirty-q10609/slurm-logs/xcsp-parse-cop165-order-ge-time-rd-20260526-c609ccd4-dirty-q10609-rerun1-19856579-17.out,logs/cop165-cumulative-20260526-c609ccd4-dirty-q10609/slurm-logs/xcsp-parse-cop165-order-ge-time-rd-20260526-c609ccd4-dirty-q10609-rerun1-19856579-17.err,optimum,COMPLETED,0:0,00:02:47,,logs/cop165-cumulative-20260526-c609ccd4-dirty-q10609/slurm-logs/xcsp-parse-cop165-order-ge-task-rd-20260526-c609ccd4-dirty-q10609-rerun1-19856581-17.out,logs/cop165-cumulative-20260526-c609ccd4-dirty-q10609/slurm-logs/xcsp-parse-cop165-order-ge-task-rd-20260526-c609ccd4-dirty-q10609-rerun1-19856581-17.err,optimum,COMPLETED,0:0,00:12:01,,logs/cop165-cumulative-20260526-c609ccd4-dirty-q10609/slurm-logs/xcsp-parse-cop165-order-ge-cumext-20260526-c609ccd4-dirty-q10609-rerun1-19856583-17.out,logs/cop165-cumulative-20260526-c609ccd4-dirty-q10609/slurm-logs/xcsp-parse-cop165-order-ge-cumext-20260526-c609ccd4-dirty-q10609-rerun1-19856583-17.err
18,RCPSP-j120-01-02_c22.xml.lzma,COP22to25/RCPSP-j120-01-02_c22.xml.lzma,optimum,COMPLETED,0:0,00:01:42,,logs/cop165-cumulative-20260526-c609ccd4-dirty-q10609/slurm-logs/xcsp-parse-cop165-log-scop-time-rd-20260526-c609ccd4-dirty-q10609-rerun1-19856905-18.out,logs/cop165-cumulative-20260526-c609ccd4-dirty-q10609/slurm-logs/xcsp-parse-cop165-log-scop-time-rd-20260526-c609ccd4-dirty-q10609-rerun1-19856905-18.err,missing_instance,FAILED,1:0,00:00:03,Instance file not found: /LARGE0/gr10609/b39275/xcsp3instances/benchmark/COP22to25/RCPSP-j120-01-02_c22.xml.lzma,logs/cop165-cumulative-20260526-c609ccd4-dirty-q10609/slurm-logs/xcsp-parse-cop165-log-scop-task-rd-20260526-c609ccd4-dirty-q10609-rerun1-19856575-18.out,logs/cop165-cumulative-20260526-c609ccd4-dirty-q10609/slurm-logs/xcsp-parse-cop165-log-scop-task-rd-20260526-c609ccd4-dirty-q10609-rerun1-19856575-18.err,optimum,COMPLETED,0:0,00:00:10,,logs/cop165-cumulative-20260526-c609ccd4-dirty-q10609/slurm-logs/xcsp-parse-cop165-log-scop-cumext-20260526-c609ccd4-dirty-q10609-rerun1-19856577-18.out,logs/cop165-cumulative-20260526-c609ccd4-dirty-q10609/slurm-logs/xcsp-parse-cop165-log-scop-cumext-20260526-c609ccd4-dirty-q10609-rerun1-19856577-18.err,optimum,COMPLETED,0:0,00:04:15,,logs/cop165-cumulative-20260526-c609ccd4-dirty-q10609/slurm-logs/xcsp-parse-cop165-order-ge-time-rd-20260526-c609ccd4-dirty-q10609-rerun1-19856579-18.out,logs/cop165-cumulative-20260526-c609ccd4-dirty-q10609/slurm-logs/xcsp-parse-cop165-order-ge-time-rd-20260526-c609ccd4-dirty-q10609-rerun1-19856579-18.err,optimum,COMPLETED,0:0,00:04:33,,logs/cop165-cumulative-20260526-c609ccd4-dirty-q10609/slurm-logs/xcsp-parse-cop165-order-ge-task-rd-20260526-c609ccd4-dirty-q10609-rerun1-19856581-18.out,logs/cop165-cumulative-20260526-c609ccd4-dirty-q10609/slurm-logs/xcsp-parse-cop165-order-ge-task-rd-20260526-c609ccd4-dirty-q10609-rerun1-19856581-18.err,optimum,COMPLETED,0:0,00:14:30,,logs/cop165-cumulative-20260526-c609ccd4-dirty-q10609/slurm-logs/xcsp-parse-cop165-order-ge-cumext-20260526-c609ccd4-dirty-q10609-rerun1-19856583-18.out,logs/cop165-cumulative-20260526-c609ccd4-dirty-q10609/slurm-logs/xcsp-parse-cop165-order-ge-cumext-20260526-c609ccd4-dirty-q10609-rerun1-19856583-18.err
19,TestScheduling-t020m10r03-1_c24.xml.lzma,COP22to25/TestScheduling-t020m10r03-1_c24.xml.lzma,optimum,COMPLETED,0:0,00:01:40,,logs/cop165-cumulative-20260526-c609ccd4-dirty-q10609/slurm-logs/xcsp-parse-cop165-log-scop-time-rd-20260526-c609ccd4-dirty-q10609-rerun1-19856905-19.out,logs/cop165-cumulative-20260526-c609ccd4-dirty-q10609/slurm-logs/xcsp-parse-cop165-log-scop-time-rd-20260526-c609ccd4-dirty-q10609-rerun1-19856905-19.err,missing_instance,FAILED,1:0,00:00:03,Instance file not found: /LARGE0/gr10609/b39275/xcsp3instances/benchmark/COP22to25/TestScheduling-t020m10r03-1_c24.xml.lzma,logs/cop165-cumulative-20260526-c609ccd4-dirty-q10609/slurm-logs/xcsp-parse-cop165-log-scop-task-rd-20260526-c609ccd4-dirty-q10609-rerun1-19856575-19.out,logs/cop165-cumulative-20260526-c609ccd4-dirty-q10609/slurm-logs/xcsp-parse-cop165-log-scop-task-rd-20260526-c609ccd4-dirty-q10609-rerun1-19856575-19.err,optimum,COMPLETED,0:0,00:00:02,,logs/cop165-cumulative-20260526-c609ccd4-dirty-q10609/slurm-logs/xcsp-parse-cop165-log-scop-cumext-20260526-c609ccd4-dirty-q10609-rerun1-19856577-19.out,logs/cop165-cumulative-20260526-c609ccd4-dirty-q10609/slurm-logs/xcsp-parse-cop165-log-scop-cumext-20260526-c609ccd4-dirty-q10609-rerun1-19856577-19.err,optimum,COMPLETED,0:0,00:01:49,,logs/cop165-cumulative-20260526-c609ccd4-dirty-q10609/slurm-logs/xcsp-parse-cop165-order-ge-time-rd-20260526-c609ccd4-dirty-q10609-rerun1-19856579-19.out,logs/cop165-cumulative-20260526-c609ccd4-dirty-q10609/slurm-logs/xcsp-parse-cop165-order-ge-time-rd-20260526-c609ccd4-dirty-q10609-rerun1-19856579-19.err,timeout_incumbent,COMPLETED,0:0,00:30:04,incumbent_interrupted_by_signal,logs/cop165-cumulative-20260526-c609ccd4-dirty-q10609/slurm-logs/xcsp-parse-cop165-order-ge-task-rd-20260526-c609ccd4-dirty-q10609-rerun1-19856581-19.out,logs/cop165-cumulative-20260526-c609ccd4-dirty-q10609/slurm-logs/xcsp-parse-cop165-order-ge-task-rd-20260526-c609ccd4-dirty-q10609-rerun1-19856581-19.err,timeout_incumbent,COMPLETED,0:0,00:30:04,incumbent_interrupted_by_signal,logs/cop165-cumulative-20260526-c609ccd4-dirty-q10609/slurm-logs/xcsp-parse-cop165-order-ge-cumext-20260526-c609ccd4-dirty-q10609-rerun1-19856583-19.out,logs/cop165-cumulative-20260526-c609ccd4-dirty-q10609/slurm-logs/xcsp-parse-cop165-order-ge-cumext-20260526-c609ccd4-dirty-q10609-rerun1-19856583-19.err
20,RIP-25-0-j090-01-01_c23.xml.lzma,COP22to25/RIP-25-0-j090-01-01_c23.xml.lzma,optimum,COMPLETED,0:0,00:00:16,,logs/cop165-cumulative-20260526-c609ccd4-dirty-q10609/slurm-logs/xcsp-parse-cop165-log-scop-time-rd-20260526-c609ccd4-dirty-q10609-rerun1-19856905-20.out,logs/cop165-cumulative-20260526-c609ccd4-dirty-q10609/slurm-logs/xcsp-parse-cop165-log-scop-time-rd-20260526-c609ccd4-dirty-q10609-rerun1-19856905-20.err,missing_instance,FAILED,1:0,00:00:03,Instance file not found: /LARGE0/gr10609/b39275/xcsp3instances/benchmark/COP22to25/RIP-25-0-j090-01-01_c23.xml.lzma,logs/cop165-cumulative-20260526-c609ccd4-dirty-q10609/slurm-logs/xcsp-parse-cop165-log-scop-task-rd-20260526-c609ccd4-dirty-q10609-rerun1-19856575-20.out,logs/cop165-cumulative-20260526-c609ccd4-dirty-q10609/slurm-logs/xcsp-parse-cop165-log-scop-task-rd-20260526-c609ccd4-dirty-q10609-rerun1-19856575-20.err,optimum,COMPLETED,0:0,00:00:13,,logs/cop165-cumulative-20260526-c609ccd4-dirty-q10609/slurm-logs/xcsp-parse-cop165-log-scop-cumext-20260526-c609ccd4-dirty-q10609-rerun1-19856577-20.out,logs/cop165-cumulative-20260526-c609ccd4-dirty-q10609/slurm-logs/xcsp-parse-cop165-log-scop-cumext-20260526-c609ccd4-dirty-q10609-rerun1-19856577-20.err,optimum,COMPLETED,0:0,00:01:12,,logs/cop165-cumulative-20260526-c609ccd4-dirty-q10609/slurm-logs/xcsp-parse-cop165-order-ge-time-rd-20260526-c609ccd4-dirty-q10609-rerun1-19856579-20.out,logs/cop165-cumulative-20260526-c609ccd4-dirty-q10609/slurm-logs/xcsp-parse-cop165-order-ge-time-rd-20260526-c609ccd4-dirty-q10609-rerun1-19856579-20.err,optimum,COMPLETED,0:0,00:02:33,,logs/cop165-cumulative-20260526-c609ccd4-dirty-q10609/slurm-logs/xcsp-parse-cop165-order-ge-task-rd-20260526-c609ccd4-dirty-q10609-rerun1-19856581-20.out,logs/cop165-cumulative-20260526-c609ccd4-dirty-q10609/slurm-logs/xcsp-parse-cop165-order-ge-task-rd-20260526-c609ccd4-dirty-q10609-rerun1-19856581-20.err,optimum,COMPLETED,0:0,00:01:25,,logs/cop165-cumulative-20260526-c609ccd4-dirty-q10609/slurm-logs/xcsp-parse-cop165-order-ge-cumext-20260526-c609ccd4-dirty-q10609-rerun1-19856583-20.out,logs/cop165-cumulative-20260526-c609ccd4-dirty-q10609/slurm-logs/xcsp-parse-cop165-order-ge-cumext-20260526-c609ccd4-dirty-q10609-rerun1-19856583-20.err
21,RIP-25-2-j090-20-01_c23.xml.lzma,COP22to25/RIP-25-2-j090-20-01_c23.xml.lzma,optimum,COMPLETED,0:0,00:00:12,,logs/cop165-cumulative-20260526-c609ccd4-dirty-q10609/slurm-logs/xcsp-parse-cop165-log-scop-time-rd-20260526-c609ccd4-dirty-q10609-rerun1-19856905-21.out,logs/cop165-cumulative-20260526-c609ccd4-dirty-q10609/slurm-logs/xcsp-parse-cop165-log-scop-time-rd-20260526-c609ccd4-dirty-q10609-rerun1-19856905-21.err,missing_instance,FAILED,1:0,00:00:03,Instance file not found: /LARGE0/gr10609/b39275/xcsp3instances/benchmark/COP22to25/RIP-25-2-j090-20-01_c23.xml.lzma,logs/cop165-cumulative-20260526-c609ccd4-dirty-q10609/slurm-logs/xcsp-parse-cop165-log-scop-task-rd-20260526-c609ccd4-dirty-q10609-rerun1-19856575-21.out,logs/cop165-cumulative-20260526-c609ccd4-dirty-q10609/slurm-logs/xcsp-parse-cop165-log-scop-task-rd-20260526-c609ccd4-dirty-q10609-rerun1-19856575-21.err,optimum,COMPLETED,0:0,00:00:05,,logs/cop165-cumulative-20260526-c609ccd4-dirty-q10609/slurm-logs/xcsp-parse-cop165-log-scop-cumext-20260526-c609ccd4-dirty-q10609-rerun1-19856577-21.out,logs/cop165-cumulative-20260526-c609ccd4-dirty-q10609/slurm-logs/xcsp-parse-cop165-log-scop-cumext-20260526-c609ccd4-dirty-q10609-rerun1-19856577-21.err,optimum,COMPLETED,0:0,00:00:47,,logs/cop165-cumulative-20260526-c609ccd4-dirty-q10609/slurm-logs/xcsp-parse-cop165-order-ge-time-rd-20260526-c609ccd4-dirty-q10609-rerun1-19856579-21.out,logs/cop165-cumulative-20260526-c609ccd4-dirty-q10609/slurm-logs/xcsp-parse-cop165-order-ge-time-rd-20260526-c609ccd4-dirty-q10609-rerun1-19856579-21.err,optimum,COMPLETED,0:0,00:01:25,,logs/cop165-cumulative-20260526-c609ccd4-dirty-q10609/slurm-logs/xcsp-parse-cop165-order-ge-task-rd-20260526-c609ccd4-dirty-q10609-rerun1-19856581-21.out,logs/cop165-cumulative-20260526-c609ccd4-dirty-q10609/slurm-logs/xcsp-parse-cop165-order-ge-task-rd-20260526-c609ccd4-dirty-q10609-rerun1-19856581-21.err,optimum,COMPLETED,0:0,00:00:26,,logs/cop165-cumulative-20260526-c609ccd4-dirty-q10609/slurm-logs/xcsp-parse-cop165-order-ge-cumext-20260526-c609ccd4-dirty-q10609-rerun1-19856583-21.out,logs/cop165-cumulative-20260526-c609ccd4-dirty-q10609/slurm-logs/xcsp-parse-cop165-order-ge-cumext-20260526-c609ccd4-dirty-q10609-rerun1-19856583-21.err
22,CarpetCutting-test01_c23.xml.lzma,COP22to25/CarpetCutting-test01_c23.xml.lzma,optimum,COMPLETED,0:0,00:01:13,,logs/cop165-cumulative-20260526-c609ccd4-dirty-q10609/slurm-logs/xcsp-parse-cop165-log-scop-time-rd-20260526-c609ccd4-dirty-q10609-rerun1-19856905-22.out,logs/cop165-cumulative-20260526-c609ccd4-dirty-q10609/slurm-logs/xcsp-parse-cop165-log-scop-time-rd-20260526-c609ccd4-dirty-q10609-rerun1-19856905-22.err,missing_instance,FAILED,1:0,00:00:03,Instance file not found: /LARGE0/gr10609/b39275/xcsp3instances/benchmark/COP22to25/CarpetCutting-test01_c23.xml.lzma,logs/cop165-cumulative-20260526-c609ccd4-dirty-q10609/slurm-logs/xcsp-parse-cop165-log-scop-task-rd-20260526-c609ccd4-dirty-q10609-rerun1-19856575-22.out,logs/cop165-cumulative-20260526-c609ccd4-dirty-q10609/slurm-logs/xcsp-parse-cop165-log-scop-task-rd-20260526-c609ccd4-dirty-q10609-rerun1-19856575-22.err,optimum,COMPLETED,0:0,00:00:03,,logs/cop165-cumulative-20260526-c609ccd4-dirty-q10609/slurm-logs/xcsp-parse-cop165-log-scop-cumext-20260526-c609ccd4-dirty-q10609-rerun1-19856577-22.out,logs/cop165-cumulative-20260526-c609ccd4-dirty-q10609/slurm-logs/xcsp-parse-cop165-log-scop-cumext-20260526-c609ccd4-dirty-q10609-rerun1-19856577-22.err,out_of_memory,OUT_OF_MEMORY,0:125,00:08:00,slurmstepd: error: Detected 10 oom-kill event(s) in StepId=19859935.batch. Some of your processes may have been killed by the cgroup out-of-memory handler.,logs/cop165-cumulative-20260526-c609ccd4-dirty-q10609/slurm-logs/xcsp-parse-cop165-order-ge-time-rd-20260526-c609ccd4-dirty-q10609-rerun1-19856579-22.out,logs/cop165-cumulative-20260526-c609ccd4-dirty-q10609/slurm-logs/xcsp-parse-cop165-order-ge-time-rd-20260526-c609ccd4-dirty-q10609-rerun1-19856579-22.err,optimum,COMPLETED,0:0,00:11:03,,logs/cop165-cumulative-20260526-c609ccd4-dirty-q10609/slurm-logs/xcsp-parse-cop165-order-ge-task-rd-20260526-c609ccd4-dirty-q10609-rerun1-19856581-22.out,logs/cop165-cumulative-20260526-c609ccd4-dirty-q10609/slurm-logs/xcsp-parse-cop165-order-ge-task-rd-20260526-c609ccd4-dirty-q10609-rerun1-19856581-22.err,optimum,COMPLETED,0:0,00:00:26,,logs/cop165-cumulative-20260526-c609ccd4-dirty-q10609/slurm-logs/xcsp-parse-cop165-order-ge-cumext-20260526-c609ccd4-dirty-q10609-rerun1-19856583-22.out,logs/cop165-cumulative-20260526-c609ccd4-dirty-q10609/slurm-logs/xcsp-parse-cop165-order-ge-cumext-20260526-c609ccd4-dirty-q10609-rerun1-19856583-22.err
23,CarpetCutting-test11_c23.xml.lzma,COP22to25/CarpetCutting-test11_c23.xml.lzma,optimum,COMPLETED,0:0,00:02:15,,logs/cop165-cumulative-20260526-c609ccd4-dirty-q10609/slurm-logs/xcsp-parse-cop165-log-scop-time-rd-20260526-c609ccd4-dirty-q10609-rerun1-19856905-23.out,logs/cop165-cumulative-20260526-c609ccd4-dirty-q10609/slurm-logs/xcsp-parse-cop165-log-scop-time-rd-20260526-c609ccd4-dirty-q10609-rerun1-19856905-23.err,missing_instance,FAILED,1:0,00:00:03,Instance file not found: /LARGE0/gr10609/b39275/xcsp3instances/benchmark/COP22to25/CarpetCutting-test11_c23.xml.lzma,logs/cop165-cumulative-20260526-c609ccd4-dirty-q10609/slurm-logs/xcsp-parse-cop165-log-scop-task-rd-20260526-c609ccd4-dirty-q10609-rerun1-19856575-23.out,logs/cop165-cumulative-20260526-c609ccd4-dirty-q10609/slurm-logs/xcsp-parse-cop165-log-scop-task-rd-20260526-c609ccd4-dirty-q10609-rerun1-19856575-23.err,optimum,COMPLETED,0:0,00:00:05,,logs/cop165-cumulative-20260526-c609ccd4-dirty-q10609/slurm-logs/xcsp-parse-cop165-log-scop-cumext-20260526-c609ccd4-dirty-q10609-rerun1-19856577-23.out,logs/cop165-cumulative-20260526-c609ccd4-dirty-q10609/slurm-logs/xcsp-parse-cop165-log-scop-cumext-20260526-c609ccd4-dirty-q10609-rerun1-19856577-23.err,out_of_memory,OUT_OF_MEMORY,0:125,00:07:41,slurmstepd: error: Detected 11 oom-kill event(s) in StepId=19859939.batch. Some of your processes may have been killed by the cgroup out-of-memory handler.,logs/cop165-cumulative-20260526-c609ccd4-dirty-q10609/slurm-logs/xcsp-parse-cop165-order-ge-time-rd-20260526-c609ccd4-dirty-q10609-rerun1-19856579-23.out,logs/cop165-cumulative-20260526-c609ccd4-dirty-q10609/slurm-logs/xcsp-parse-cop165-order-ge-time-rd-20260526-c609ccd4-dirty-q10609-rerun1-19856579-23.err,out_of_memory,OUT_OF_MEMORY,0:125,00:09:09,slurmstepd: error: Detected 1 oom-kill event(s) in StepId=19862886.batch. Some of your processes may have been killed by the cgroup out-of-memory handler.,logs/cop165-cumulative-20260526-c609ccd4-dirty-q10609/slurm-logs/xcsp-parse-cop165-order-ge-task-rd-20260526-c609ccd4-dirty-q10609-rerun1-19856581-23.out,logs/cop165-cumulative-20260526-c609ccd4-dirty-q10609/slurm-logs/xcsp-parse-cop165-order-ge-task-rd-20260526-c609ccd4-dirty-q10609-rerun1-19856581-23.err,optimum,COMPLETED,0:0,00:00:31,,logs/cop165-cumulative-20260526-c609ccd4-dirty-q10609/slurm-logs/xcsp-parse-cop165-order-ge-cumext-20260526-c609ccd4-dirty-q10609-rerun1-19856583-23.out,logs/cop165-cumulative-20260526-c609ccd4-dirty-q10609/slurm-logs/xcsp-parse-cop165-order-ge-cumext-20260526-c609ccd4-dirty-q10609-rerun1-19856583-23.err
24,RIP-25-1-j090-10-01_c23.xml.lzma,COP22to25/RIP-25-1-j090-10-01_c23.xml.lzma,timeout_incumbent,COMPLETED,0:0,00:30:05,incumbent_interrupted_by_signal,logs/cop165-cumulative-20260526-c609ccd4-dirty-q10609/slurm-logs/xcsp-parse-cop165-log-scop-time-rd-20260526-c609ccd4-dirty-q10609-rerun1-19856905-24.out,logs/cop165-cumulative-20260526-c609ccd4-dirty-q10609/slurm-logs/xcsp-parse-cop165-log-scop-time-rd-20260526-c609ccd4-dirty-q10609-rerun1-19856905-24.err,missing_instance,FAILED,1:0,00:00:03,Instance file not found: /LARGE0/gr10609/b39275/xcsp3instances/benchmark/COP22to25/RIP-25-1-j090-10-01_c23.xml.lzma,logs/cop165-cumulative-20260526-c609ccd4-dirty-q10609/slurm-logs/xcsp-parse-cop165-log-scop-task-rd-20260526-c609ccd4-dirty-q10609-rerun1-19856575-24.out,logs/cop165-cumulative-20260526-c609ccd4-dirty-q10609/slurm-logs/xcsp-parse-cop165-log-scop-task-rd-20260526-c609ccd4-dirty-q10609-rerun1-19856575-24.err,timeout_incumbent,COMPLETED,0:0,00:30:03,incumbent_interrupted_by_signal,logs/cop165-cumulative-20260526-c609ccd4-dirty-q10609/slurm-logs/xcsp-parse-cop165-log-scop-cumext-20260526-c609ccd4-dirty-q10609-rerun1-19856577-24.out,logs/cop165-cumulative-20260526-c609ccd4-dirty-q10609/slurm-logs/xcsp-parse-cop165-log-scop-cumext-20260526-c609ccd4-dirty-q10609-rerun1-19856577-24.err,timeout_incumbent,COMPLETED,0:0,00:30:04,incumbent_interrupted_by_signal,logs/cop165-cumulative-20260526-c609ccd4-dirty-q10609/slurm-logs/xcsp-parse-cop165-order-ge-time-rd-20260526-c609ccd4-dirty-q10609-rerun1-19856579-24.out,logs/cop165-cumulative-20260526-c609ccd4-dirty-q10609/slurm-logs/xcsp-parse-cop165-order-ge-time-rd-20260526-c609ccd4-dirty-q10609-rerun1-19856579-24.err,timeout_incumbent,COMPLETED,0:0,00:30:04,incumbent_interrupted_by_signal,logs/cop165-cumulative-20260526-c609ccd4-dirty-q10609/slurm-logs/xcsp-parse-cop165-order-ge-task-rd-20260526-c609ccd4-dirty-q10609-rerun1-19856581-24.out,logs/cop165-cumulative-20260526-c609ccd4-dirty-q10609/slurm-logs/xcsp-parse-cop165-order-ge-task-rd-20260526-c609ccd4-dirty-q10609-rerun1-19856581-24.err,timeout_incumbent,COMPLETED,0:0,00:30:04,incumbent_interrupted_by_signal,logs/cop165-cumulative-20260526-c609ccd4-dirty-q10609/slurm-logs/xcsp-parse-cop165-order-ge-cumext-20260526-c609ccd4-dirty-q10609-rerun1-19856583-24.out,logs/cop165-cumulative-20260526-c609ccd4-dirty-q10609/slurm-logs/xcsp-parse-cop165-order-ge-cumext-20260526-c609ccd4-dirty-q10609-rerun1-19856583-24.err
25,CarpetCutting-test12_c23.xml.lzma,COP22to25/CarpetCutting-test12_c23.xml.lzma,optimum,COMPLETED,0:0,00:04:51,,logs/cop165-cumulative-20260526-c609ccd4-dirty-q10609/slurm-logs/xcsp-parse-cop165-log-scop-time-rd-20260526-c609ccd4-dirty-q10609-rerun1-19856905-25.out,logs/cop165-cumulative-20260526-c609ccd4-dirty-q10609/slurm-logs/xcsp-parse-cop165-log-scop-time-rd-20260526-c609ccd4-dirty-q10609-rerun1-19856905-25.err,missing_instance,FAILED,1:0,00:00:03,Instance file not found: /LARGE0/gr10609/b39275/xcsp3instances/benchmark/COP22to25/CarpetCutting-test12_c23.xml.lzma,logs/cop165-cumulative-20260526-c609ccd4-dirty-q10609/slurm-logs/xcsp-parse-cop165-log-scop-task-rd-20260526-c609ccd4-dirty-q10609-rerun1-19856575-25.out,logs/cop165-cumulative-20260526-c609ccd4-dirty-q10609/slurm-logs/xcsp-parse-cop165-log-scop-task-rd-20260526-c609ccd4-dirty-q10609-rerun1-19856575-25.err,optimum,COMPLETED,0:0,00:00:03,,logs/cop165-cumulative-20260526-c609ccd4-dirty-q10609/slurm-logs/xcsp-parse-cop165-log-scop-cumext-20260526-c609ccd4-dirty-q10609-rerun1-19856577-25.out,logs/cop165-cumulative-20260526-c609ccd4-dirty-q10609/slurm-logs/xcsp-parse-cop165-log-scop-cumext-20260526-c609ccd4-dirty-q10609-rerun1-19856577-25.err,out_of_memory,OUT_OF_MEMORY,0:125,00:07:07,slurmstepd: error: Detected 1 oom-kill event(s) in StepId=19859954.batch. Some of your processes may have been killed by the cgroup out-of-memory handler.,logs/cop165-cumulative-20260526-c609ccd4-dirty-q10609/slurm-logs/xcsp-parse-cop165-order-ge-time-rd-20260526-c609ccd4-dirty-q10609-rerun1-19856579-25.out,logs/cop165-cumulative-20260526-c609ccd4-dirty-q10609/slurm-logs/xcsp-parse-cop165-order-ge-time-rd-20260526-c609ccd4-dirty-q10609-rerun1-19856579-25.err,optimum,COMPLETED,0:0,00:04:10,,logs/cop165-cumulative-20260526-c609ccd4-dirty-q10609/slurm-logs/xcsp-parse-cop165-order-ge-task-rd-20260526-c609ccd4-dirty-q10609-rerun1-19856581-25.out,logs/cop165-cumulative-20260526-c609ccd4-dirty-q10609/slurm-logs/xcsp-parse-cop165-order-ge-task-rd-20260526-c609ccd4-dirty-q10609-rerun1-19856581-25.err,optimum,COMPLETED,0:0,00:00:42,,logs/cop165-cumulative-20260526-c609ccd4-dirty-q10609/slurm-logs/xcsp-parse-cop165-order-ge-cumext-20260526-c609ccd4-dirty-q10609-rerun1-19856583-25.out,logs/cop165-cumulative-20260526-c609ccd4-dirty-q10609/slurm-logs/xcsp-parse-cop165-order-ge-cumext-20260526-c609ccd4-dirty-q10609-rerun1-19856583-25.err
26,RIP-25-3-j090-30-01_c23.xml.lzma,COP22to25/RIP-25-3-j090-30-01_c23.xml.lzma,timeout_incumbent,COMPLETED,0:0,00:30:06,incumbent_interrupted_by_signal,logs/cop165-cumulative-20260526-c609ccd4-dirty-q10609/slurm-logs/xcsp-parse-cop165-log-scop-time-rd-20260526-c609ccd4-dirty-q10609-rerun1-19856905-26.out,logs/cop165-cumulative-20260526-c609ccd4-dirty-q10609/slurm-logs/xcsp-parse-cop165-log-scop-time-rd-20260526-c609ccd4-dirty-q10609-rerun1-19856905-26.err,missing_instance,FAILED,1:0,00:00:03,Instance file not found: /LARGE0/gr10609/b39275/xcsp3instances/benchmark/COP22to25/RIP-25-3-j090-30-01_c23.xml.lzma,logs/cop165-cumulative-20260526-c609ccd4-dirty-q10609/slurm-logs/xcsp-parse-cop165-log-scop-task-rd-20260526-c609ccd4-dirty-q10609-rerun1-19856575-26.out,logs/cop165-cumulative-20260526-c609ccd4-dirty-q10609/slurm-logs/xcsp-parse-cop165-log-scop-task-rd-20260526-c609ccd4-dirty-q10609-rerun1-19856575-26.err,timeout_incumbent,COMPLETED,0:0,00:30:05,incumbent_interrupted_by_signal,logs/cop165-cumulative-20260526-c609ccd4-dirty-q10609/slurm-logs/xcsp-parse-cop165-log-scop-cumext-20260526-c609ccd4-dirty-q10609-rerun1-19856577-26.out,logs/cop165-cumulative-20260526-c609ccd4-dirty-q10609/slurm-logs/xcsp-parse-cop165-log-scop-cumext-20260526-c609ccd4-dirty-q10609-rerun1-19856577-26.err,timeout_incumbent,COMPLETED,0:0,00:30:04,incumbent_interrupted_by_signal,logs/cop165-cumulative-20260526-c609ccd4-dirty-q10609/slurm-logs/xcsp-parse-cop165-order-ge-time-rd-20260526-c609ccd4-dirty-q10609-rerun1-19856579-26.out,logs/cop165-cumulative-20260526-c609ccd4-dirty-q10609/slurm-logs/xcsp-parse-cop165-order-ge-time-rd-20260526-c609ccd4-dirty-q10609-rerun1-19856579-26.err,timeout_incumbent,COMPLETED,0:0,00:30:03,incumbent_interrupted_by_signal,logs/cop165-cumulative-20260526-c609ccd4-dirty-q10609/slurm-logs/xcsp-parse-cop165-order-ge-task-rd-20260526-c609ccd4-dirty-q10609-rerun1-19856581-26.out,logs/cop165-cumulative-20260526-c609ccd4-dirty-q10609/slurm-logs/xcsp-parse-cop165-order-ge-task-rd-20260526-c609ccd4-dirty-q10609-rerun1-19856581-26.err,timeout_incumbent,COMPLETED,0:0,00:30:05,incumbent_interrupted_by_signal,logs/cop165-cumulative-20260526-c609ccd4-dirty-q10609/slurm-logs/xcsp-parse-cop165-order-ge-cumext-20260526-c609ccd4-dirty-q10609-rerun1-19856583-26.out,logs/cop165-cumulative-20260526-c609ccd4-dirty-q10609/slurm-logs/xcsp-parse-cop165-order-ge-cumext-20260526-c609ccd4-dirty-q10609-rerun1-19856583-26.err
27,RIP-25-0-j120-01-01_c23.xml.lzma,COP22to25/RIP-25-0-j120-01-01_c23.xml.lzma,optimum,COMPLETED,0:0,00:09:38,,logs/cop165-cumulative-20260526-c609ccd4-dirty-q10609/slurm-logs/xcsp-parse-cop165-log-scop-time-rd-20260526-c609ccd4-dirty-q10609-rerun1-19856905-27.out,logs/cop165-cumulative-20260526-c609ccd4-dirty-q10609/slurm-logs/xcsp-parse-cop165-log-scop-time-rd-20260526-c609ccd4-dirty-q10609-rerun1-19856905-27.err,missing_instance,FAILED,1:0,00:00:03,Instance file not found: /LARGE0/gr10609/b39275/xcsp3instances/benchmark/COP22to25/RIP-25-0-j120-01-01_c23.xml.lzma,logs/cop165-cumulative-20260526-c609ccd4-dirty-q10609/slurm-logs/xcsp-parse-cop165-log-scop-task-rd-20260526-c609ccd4-dirty-q10609-rerun1-19856575-27.out,logs/cop165-cumulative-20260526-c609ccd4-dirty-q10609/slurm-logs/xcsp-parse-cop165-log-scop-task-rd-20260526-c609ccd4-dirty-q10609-rerun1-19856575-27.err,optimum,COMPLETED,0:0,00:06:42,,logs/cop165-cumulative-20260526-c609ccd4-dirty-q10609/slurm-logs/xcsp-parse-cop165-log-scop-cumext-20260526-c609ccd4-dirty-q10609-rerun1-19856577-27.out,logs/cop165-cumulative-20260526-c609ccd4-dirty-q10609/slurm-logs/xcsp-parse-cop165-log-scop-cumext-20260526-c609ccd4-dirty-q10609-rerun1-19856577-27.err,optimum,COMPLETED,0:0,00:07:21,,logs/cop165-cumulative-20260526-c609ccd4-dirty-q10609/slurm-logs/xcsp-parse-cop165-order-ge-time-rd-20260526-c609ccd4-dirty-q10609-rerun1-19856579-27.out,logs/cop165-cumulative-20260526-c609ccd4-dirty-q10609/slurm-logs/xcsp-parse-cop165-order-ge-time-rd-20260526-c609ccd4-dirty-q10609-rerun1-19856579-27.err,optimum,COMPLETED,0:0,00:22:18,,logs/cop165-cumulative-20260526-c609ccd4-dirty-q10609/slurm-logs/xcsp-parse-cop165-order-ge-task-rd-20260526-c609ccd4-dirty-q10609-rerun1-19856581-27.out,logs/cop165-cumulative-20260526-c609ccd4-dirty-q10609/slurm-logs/xcsp-parse-cop165-order-ge-task-rd-20260526-c609ccd4-dirty-q10609-rerun1-19856581-27.err,optimum,COMPLETED,0:0,00:15:15,,logs/cop165-cumulative-20260526-c609ccd4-dirty-q10609/slurm-logs/xcsp-parse-cop165-order-ge-cumext-20260526-c609ccd4-dirty-q10609-rerun1-19856583-27.out,logs/cop165-cumulative-20260526-c609ccd4-dirty-q10609/slurm-logs/xcsp-parse-cop165-order-ge-cumext-20260526-c609ccd4-dirty-q10609-rerun1-19856583-27.err
28,RIP-25-1-j120-10-01_c23.xml.lzma,COP22to25/RIP-25-1-j120-10-01_c23.xml.lzma,timeout_incumbent,COMPLETED,0:0,00:30:03,incumbent_interrupted_by_signal,logs/cop165-cumulative-20260526-c609ccd4-dirty-q10609/slurm-logs/xcsp-parse-cop165-log-scop-time-rd-20260526-c609ccd4-dirty-q10609-rerun1-19856905-28.out,logs/cop165-cumulative-20260526-c609ccd4-dirty-q10609/slurm-logs/xcsp-parse-cop165-log-scop-time-rd-20260526-c609ccd4-dirty-q10609-rerun1-19856905-28.err,timeout_incumbent,COMPLETED,0:0,00:30:05,incumbent_interrupted_by_signal,logs/cop165-cumulative-20260526-c609ccd4-dirty-q10609/slurm-logs/xcsp-parse-cop165-log-scop-task-rd-20260526-c609ccd4-dirty-q10609-rerun1-19856575-28.out,logs/cop165-cumulative-20260526-c609ccd4-dirty-q10609/slurm-logs/xcsp-parse-cop165-log-scop-task-rd-20260526-c609ccd4-dirty-q10609-rerun1-19856575-28.err,timeout_incumbent,COMPLETED,0:0,00:30:03,incumbent_interrupted_by_signal,logs/cop165-cumulative-20260526-c609ccd4-dirty-q10609/slurm-logs/xcsp-parse-cop165-log-scop-cumext-20260526-c609ccd4-dirty-q10609-rerun1-19856577-28.out,logs/cop165-cumulative-20260526-c609ccd4-dirty-q10609/slurm-logs/xcsp-parse-cop165-log-scop-cumext-20260526-c609ccd4-dirty-q10609-rerun1-19856577-28.err,timeout_incumbent,COMPLETED,0:0,00:30:05,incumbent_interrupted_by_signal,logs/cop165-cumulative-20260526-c609ccd4-dirty-q10609/slurm-logs/xcsp-parse-cop165-order-ge-time-rd-20260526-c609ccd4-dirty-q10609-rerun1-19856579-28.out,logs/cop165-cumulative-20260526-c609ccd4-dirty-q10609/slurm-logs/xcsp-parse-cop165-order-ge-time-rd-20260526-c609ccd4-dirty-q10609-rerun1-19856579-28.err,timeout_incumbent,COMPLETED,0:0,00:30:04,incumbent_interrupted_by_signal,logs/cop165-cumulative-20260526-c609ccd4-dirty-q10609/slurm-logs/xcsp-parse-cop165-order-ge-task-rd-20260526-c609ccd4-dirty-q10609-rerun1-19856581-28.out,logs/cop165-cumulative-20260526-c609ccd4-dirty-q10609/slurm-logs/xcsp-parse-cop165-order-ge-task-rd-20260526-c609ccd4-dirty-q10609-rerun1-19856581-28.err,timeout_incumbent,COMPLETED,0:0,00:30:05,incumbent_interrupted_by_signal,logs/cop165-cumulative-20260526-c609ccd4-dirty-q10609/slurm-logs/xcsp-parse-cop165-order-ge-cumext-20260526-c609ccd4-dirty-q10609-rerun1-19856583-28.out,logs/cop165-cumulative-20260526-c609ccd4-dirty-q10609/slurm-logs/xcsp-parse-cop165-order-ge-cumext-20260526-c609ccd4-dirty-q10609-rerun1-19856583-28.err
29,LargeScaleScheduling-00200-0_c23.xml.lzma,COP22to25/LargeScaleScheduling-00200-0_c23.xml.lzma,timeout_incumbent,COMPLETED,0:0,00:30:04,incumbent_interrupted_by_signal,logs/cop165-cumulative-20260526-c609ccd4-dirty-q10609/slurm-logs/xcsp-parse-cop165-log-scop-time-rd-20260526-c609ccd4-dirty-q10609-rerun1-19856905-29.out,logs/cop165-cumulative-20260526-c609ccd4-dirty-q10609/slurm-logs/xcsp-parse-cop165-log-scop-time-rd-20260526-c609ccd4-dirty-q10609-rerun1-19856905-29.err,timeout_incumbent,COMPLETED,0:0,00:30:05,incumbent_interrupted_by_signal,logs/cop165-cumulative-20260526-c609ccd4-dirty-q10609/slurm-logs/xcsp-parse-cop165-log-scop-task-rd-20260526-c609ccd4-dirty-q10609-rerun1-19856575-29.out,logs/cop165-cumulative-20260526-c609ccd4-dirty-q10609/slurm-logs/xcsp-parse-cop165-log-scop-task-rd-20260526-c609ccd4-dirty-q10609-rerun1-19856575-29.err,timeout_incumbent,COMPLETED,0:0,00:30:03,incumbent_interrupted_by_signal,logs/cop165-cumulative-20260526-c609ccd4-dirty-q10609/slurm-logs/xcsp-parse-cop165-log-scop-cumext-20260526-c609ccd4-dirty-q10609-rerun1-19856577-29.out,logs/cop165-cumulative-20260526-c609ccd4-dirty-q10609/slurm-logs/xcsp-parse-cop165-log-scop-cumext-20260526-c609ccd4-dirty-q10609-rerun1-19856577-29.err,out_of_memory,OUT_OF_MEMORY,0:125,00:06:00,slurmstepd: error: Detected 1 oom-kill event(s) in StepId=19860001.batch. Some of your processes may have been killed by the cgroup out-of-memory handler.,logs/cop165-cumulative-20260526-c609ccd4-dirty-q10609/slurm-logs/xcsp-parse-cop165-order-ge-time-rd-20260526-c609ccd4-dirty-q10609-rerun1-19856579-29.out,logs/cop165-cumulative-20260526-c609ccd4-dirty-q10609/slurm-logs/xcsp-parse-cop165-order-ge-time-rd-20260526-c609ccd4-dirty-q10609-rerun1-19856579-29.err,out_of_memory,OUT_OF_MEMORY,0:125,00:03:38,slurmstepd: error: Detected 1 oom-kill event(s) in StepId=19862954.batch. Some of your processes may have been killed by the cgroup out-of-memory handler.,logs/cop165-cumulative-20260526-c609ccd4-dirty-q10609/slurm-logs/xcsp-parse-cop165-order-ge-task-rd-20260526-c609ccd4-dirty-q10609-rerun1-19856581-29.out,logs/cop165-cumulative-20260526-c609ccd4-dirty-q10609/slurm-logs/xcsp-parse-cop165-order-ge-task-rd-20260526-c609ccd4-dirty-q10609-rerun1-19856581-29.err,out_of_memory,OUT_OF_MEMORY,0:125,00:03:55,slurmstepd: error: Detected 1 oom-kill event(s) in StepId=19867396.batch. Some of your processes may have been killed by the cgroup out-of-memory handler.,logs/cop165-cumulative-20260526-c609ccd4-dirty-q10609/slurm-logs/xcsp-parse-cop165-order-ge-cumext-20260526-c609ccd4-dirty-q10609-rerun1-19856583-29.out,logs/cop165-cumulative-20260526-c609ccd4-dirty-q10609/slurm-logs/xcsp-parse-cop165-order-ge-cumext-20260526-c609ccd4-dirty-q10609-rerun1-19856583-29.err
30,RIP-25-3-j120-30-01_c23.xml.lzma,COP22to25/RIP-25-3-j120-30-01_c23.xml.lzma,timeout_incumbent,COMPLETED,0:0,00:30:04,incumbent_interrupted_by_signal,logs/cop165-cumulative-20260526-c609ccd4-dirty-q10609/slurm-logs/xcsp-parse-cop165-log-scop-time-rd-20260526-c609ccd4-dirty-q10609-rerun1-19856905-30.out,logs/cop165-cumulative-20260526-c609ccd4-dirty-q10609/slurm-logs/xcsp-parse-cop165-log-scop-time-rd-20260526-c609ccd4-dirty-q10609-rerun1-19856905-30.err,timeout_incumbent,COMPLETED,0:0,00:30:05,incumbent_interrupted_by_signal,logs/cop165-cumulative-20260526-c609ccd4-dirty-q10609/slurm-logs/xcsp-parse-cop165-log-scop-task-rd-20260526-c609ccd4-dirty-q10609-rerun1-19856575-30.out,logs/cop165-cumulative-20260526-c609ccd4-dirty-q10609/slurm-logs/xcsp-parse-cop165-log-scop-task-rd-20260526-c609ccd4-dirty-q10609-rerun1-19856575-30.err,timeout_incumbent,COMPLETED,0:0,00:30:04,incumbent_interrupted_by_signal,logs/cop165-cumulative-20260526-c609ccd4-dirty-q10609/slurm-logs/xcsp-parse-cop165-log-scop-cumext-20260526-c609ccd4-dirty-q10609-rerun1-19856577-30.out,logs/cop165-cumulative-20260526-c609ccd4-dirty-q10609/slurm-logs/xcsp-parse-cop165-log-scop-cumext-20260526-c609ccd4-dirty-q10609-rerun1-19856577-30.err,timeout_incumbent,COMPLETED,0:0,00:30:05,incumbent_interrupted_by_signal,logs/cop165-cumulative-20260526-c609ccd4-dirty-q10609/slurm-logs/xcsp-parse-cop165-order-ge-time-rd-20260526-c609ccd4-dirty-q10609-rerun1-19856579-30.out,logs/cop165-cumulative-20260526-c609ccd4-dirty-q10609/slurm-logs/xcsp-parse-cop165-order-ge-time-rd-20260526-c609ccd4-dirty-q10609-rerun1-19856579-30.err,timeout_incumbent,COMPLETED,0:0,00:30:04,incumbent_interrupted_by_signal,logs/cop165-cumulative-20260526-c609ccd4-dirty-q10609/slurm-logs/xcsp-parse-cop165-order-ge-task-rd-20260526-c609ccd4-dirty-q10609-rerun1-19856581-30.out,logs/cop165-cumulative-20260526-c609ccd4-dirty-q10609/slurm-logs/xcsp-parse-cop165-order-ge-task-rd-20260526-c609ccd4-dirty-q10609-rerun1-19856581-30.err,timeout_incumbent,COMPLETED,0:0,00:30:05,incumbent_interrupted_by_signal,logs/cop165-cumulative-20260526-c609ccd4-dirty-q10609/slurm-logs/xcsp-parse-cop165-order-ge-cumext-20260526-c609ccd4-dirty-q10609-rerun1-19856583-30.out,logs/cop165-cumulative-20260526-c609ccd4-dirty-q10609/slurm-logs/xcsp-parse-cop165-order-ge-cumext-20260526-c609ccd4-dirty-q10609-rerun1-19856583-30.err
31,RIP-25-2-j120-20-01_c23.xml.lzma,COP22to25/RIP-25-2-j120-20-01_c23.xml.lzma,timeout_incumbent,COMPLETED,0:0,00:30:08,incumbent_interrupted_by_signal,logs/cop165-cumulative-20260526-c609ccd4-dirty-q10609/slurm-logs/xcsp-parse-cop165-log-scop-time-rd-20260526-c609ccd4-dirty-q10609-rerun1-19856905-31.out,logs/cop165-cumulative-20260526-c609ccd4-dirty-q10609/slurm-logs/xcsp-parse-cop165-log-scop-time-rd-20260526-c609ccd4-dirty-q10609-rerun1-19856905-31.err,timeout_incumbent,COMPLETED,0:0,00:30:05,incumbent_interrupted_by_signal,logs/cop165-cumulative-20260526-c609ccd4-dirty-q10609/slurm-logs/xcsp-parse-cop165-log-scop-task-rd-20260526-c609ccd4-dirty-q10609-rerun1-19856575-31.out,logs/cop165-cumulative-20260526-c609ccd4-dirty-q10609/slurm-logs/xcsp-parse-cop165-log-scop-task-rd-20260526-c609ccd4-dirty-q10609-rerun1-19856575-31.err,timeout_incumbent,COMPLETED,0:0,00:30:06,incumbent_interrupted_by_signal,logs/cop165-cumulative-20260526-c609ccd4-dirty-q10609/slurm-logs/xcsp-parse-cop165-log-scop-cumext-20260526-c609ccd4-dirty-q10609-rerun1-19856577-31.out,logs/cop165-cumulative-20260526-c609ccd4-dirty-q10609/slurm-logs/xcsp-parse-cop165-log-scop-cumext-20260526-c609ccd4-dirty-q10609-rerun1-19856577-31.err,timeout_incumbent,COMPLETED,0:0,00:30:04,incumbent_interrupted_by_signal,logs/cop165-cumulative-20260526-c609ccd4-dirty-q10609/slurm-logs/xcsp-parse-cop165-order-ge-time-rd-20260526-c609ccd4-dirty-q10609-rerun1-19856579-31.out,logs/cop165-cumulative-20260526-c609ccd4-dirty-q10609/slurm-logs/xcsp-parse-cop165-order-ge-time-rd-20260526-c609ccd4-dirty-q10609-rerun1-19856579-31.err,timeout_incumbent,COMPLETED,0:0,00:30:06,incumbent_interrupted_by_signal,logs/cop165-cumulative-20260526-c609ccd4-dirty-q10609/slurm-logs/xcsp-parse-cop165-order-ge-task-rd-20260526-c609ccd4-dirty-q10609-rerun1-19856581-31.out,logs/cop165-cumulative-20260526-c609ccd4-dirty-q10609/slurm-logs/xcsp-parse-cop165-order-ge-task-rd-20260526-c609ccd4-dirty-q10609-rerun1-19856581-31.err,timeout_incumbent,COMPLETED,0:0,00:30:05,incumbent_interrupted_by_signal,logs/cop165-cumulative-20260526-c609ccd4-dirty-q10609/slurm-logs/xcsp-parse-cop165-order-ge-cumext-20260526-c609ccd4-dirty-q10609-rerun1-19856583-31.out,logs/cop165-cumulative-20260526-c609ccd4-dirty-q10609/slurm-logs/xcsp-parse-cop165-order-ge-cumext-20260526-c609ccd4-dirty-q10609-rerun1-19856583-31.err
32,TestScheduling-t030m10r03-1_c24.xml.lzma,COP22to25/TestScheduling-t030m10r03-1_c24.xml.lzma,optimum,COMPLETED,0:0,00:16:53,,logs/cop165-cumulative-20260526-c609ccd4-dirty-q10609/slurm-logs/xcsp-parse-cop165-log-scop-time-rd-20260526-c609ccd4-dirty-q10609-rerun1-19856905-32.out,logs/cop165-cumulative-20260526-c609ccd4-dirty-q10609/slurm-logs/xcsp-parse-cop165-log-scop-time-rd-20260526-c609ccd4-dirty-q10609-rerun1-19856905-32.err,optimum,COMPLETED,0:0,00:00:44,,logs/cop165-cumulative-20260526-c609ccd4-dirty-q10609/slurm-logs/xcsp-parse-cop165-log-scop-task-rd-20260526-c609ccd4-dirty-q10609-rerun1-19856575-32.out,logs/cop165-cumulative-20260526-c609ccd4-dirty-q10609/slurm-logs/xcsp-parse-cop165-log-scop-task-rd-20260526-c609ccd4-dirty-q10609-rerun1-19856575-32.err,optimum,COMPLETED,0:0,00:00:25,,logs/cop165-cumulative-20260526-c609ccd4-dirty-q10609/slurm-logs/xcsp-parse-cop165-log-scop-cumext-20260526-c609ccd4-dirty-q10609-rerun1-19856577-32.out,logs/cop165-cumulative-20260526-c609ccd4-dirty-q10609/slurm-logs/xcsp-parse-cop165-log-scop-cumext-20260526-c609ccd4-dirty-q10609-rerun1-19856577-32.err,timeout_incumbent,COMPLETED,0:0,00:30:04,incumbent_interrupted_by_signal,logs/cop165-cumulative-20260526-c609ccd4-dirty-q10609/slurm-logs/xcsp-parse-cop165-order-ge-time-rd-20260526-c609ccd4-dirty-q10609-rerun1-19856579-32.out,logs/cop165-cumulative-20260526-c609ccd4-dirty-q10609/slurm-logs/xcsp-parse-cop165-order-ge-time-rd-20260526-c609ccd4-dirty-q10609-rerun1-19856579-32.err,timeout_incumbent,COMPLETED,0:0,00:30:06,incumbent_interrupted_by_signal,logs/cop165-cumulative-20260526-c609ccd4-dirty-q10609/slurm-logs/xcsp-parse-cop165-order-ge-task-rd-20260526-c609ccd4-dirty-q10609-rerun1-19856581-32.out,logs/cop165-cumulative-20260526-c609ccd4-dirty-q10609/slurm-logs/xcsp-parse-cop165-order-ge-task-rd-20260526-c609ccd4-dirty-q10609-rerun1-19856581-32.err,timeout_incumbent,COMPLETED,0:0,00:30:04,incumbent_interrupted_by_signal,logs/cop165-cumulative-20260526-c609ccd4-dirty-q10609/slurm-logs/xcsp-parse-cop165-order-ge-cumext-20260526-c609ccd4-dirty-q10609-rerun1-19856583-32.out,logs/cop165-cumulative-20260526-c609ccd4-dirty-q10609/slurm-logs/xcsp-parse-cop165-order-ge-cumext-20260526-c609ccd4-dirty-q10609-rerun1-19856583-32.err
33,CarpetCutting-test03_c23.xml.lzma,COP22to25/CarpetCutting-test03_c23.xml.lzma,optimum,COMPLETED,0:0,00:10:51,,logs/cop165-cumulative-20260526-c609ccd4-dirty-q10609/slurm-logs/xcsp-parse-cop165-log-scop-time-rd-20260526-c609ccd4-dirty-q10609-rerun1-19856905-33.out,logs/cop165-cumulative-20260526-c609ccd4-dirty-q10609/slurm-logs/xcsp-parse-cop165-log-scop-time-rd-20260526-c609ccd4-dirty-q10609-rerun1-19856905-33.err,optimum,COMPLETED,0:0,00:00:20,,logs/cop165-cumulative-20260526-c609ccd4-dirty-q10609/slurm-logs/xcsp-parse-cop165-log-scop-task-rd-20260526-c609ccd4-dirty-q10609-rerun1-19856575-33.out,logs/cop165-cumulative-20260526-c609ccd4-dirty-q10609/slurm-logs/xcsp-parse-cop165-log-scop-task-rd-20260526-c609ccd4-dirty-q10609-rerun1-19856575-33.err,timeout_incumbent,COMPLETED,0:0,00:30:04,incumbent_interrupted_by_signal,logs/cop165-cumulative-20260526-c609ccd4-dirty-q10609/slurm-logs/xcsp-parse-cop165-log-scop-cumext-20260526-c609ccd4-dirty-q10609-rerun1-19856577-33.out,logs/cop165-cumulative-20260526-c609ccd4-dirty-q10609/slurm-logs/xcsp-parse-cop165-log-scop-cumext-20260526-c609ccd4-dirty-q10609-rerun1-19856577-33.err,out_of_memory,OUT_OF_MEMORY,0:125,00:08:01,slurmstepd: error: Detected 20 oom-kill event(s) in StepId=19860018.batch. Some of your processes may have been killed by the cgroup out-of-memory handler.,logs/cop165-cumulative-20260526-c609ccd4-dirty-q10609/slurm-logs/xcsp-parse-cop165-order-ge-time-rd-20260526-c609ccd4-dirty-q10609-rerun1-19856579-33.out,logs/cop165-cumulative-20260526-c609ccd4-dirty-q10609/slurm-logs/xcsp-parse-cop165-order-ge-time-rd-20260526-c609ccd4-dirty-q10609-rerun1-19856579-33.err,out_of_memory,OUT_OF_MEMORY,0:125,00:08:02,slurmstepd: error: Detected 4 oom-kill event(s) in StepId=19863003.batch. Some of your processes may have been killed by the cgroup out-of-memory handler.,logs/cop165-cumulative-20260526-c609ccd4-dirty-q10609/slurm-logs/xcsp-parse-cop165-order-ge-task-rd-20260526-c609ccd4-dirty-q10609-rerun1-19856581-33.out,logs/cop165-cumulative-20260526-c609ccd4-dirty-q10609/slurm-logs/xcsp-parse-cop165-order-ge-task-rd-20260526-c609ccd4-dirty-q10609-rerun1-19856581-33.err,timeout_incumbent,COMPLETED,0:0,00:30:04,incumbent_interrupted_by_signal,logs/cop165-cumulative-20260526-c609ccd4-dirty-q10609/slurm-logs/xcsp-parse-cop165-order-ge-cumext-20260526-c609ccd4-dirty-q10609-rerun1-19856583-33.out,logs/cop165-cumulative-20260526-c609ccd4-dirty-q10609/slurm-logs/xcsp-parse-cop165-order-ge-cumext-20260526-c609ccd4-dirty-q10609-rerun1-19856583-33.err
34,TestScheduling-t030m10r10-1_c24.xml.lzma,COP22to25/TestScheduling-t030m10r10-1_c24.xml.lzma,optimum,COMPLETED,0:0,00:12:56,,logs/cop165-cumulative-20260526-c609ccd4-dirty-q10609/slurm-logs/xcsp-parse-cop165-log-scop-time-rd-20260526-c609ccd4-dirty-q10609-rerun1-19856905-34.out,logs/cop165-cumulative-20260526-c609ccd4-dirty-q10609/slurm-logs/xcsp-parse-cop165-log-scop-time-rd-20260526-c609ccd4-dirty-q10609-rerun1-19856905-34.err,optimum,COMPLETED,0:0,00:00:38,,logs/cop165-cumulative-20260526-c609ccd4-dirty-q10609/slurm-logs/xcsp-parse-cop165-log-scop-task-rd-20260526-c609ccd4-dirty-q10609-rerun1-19856575-34.out,logs/cop165-cumulative-20260526-c609ccd4-dirty-q10609/slurm-logs/xcsp-parse-cop165-log-scop-task-rd-20260526-c609ccd4-dirty-q10609-rerun1-19856575-34.err,optimum,COMPLETED,0:0,00:00:18,,logs/cop165-cumulative-20260526-c609ccd4-dirty-q10609/slurm-logs/xcsp-parse-cop165-log-scop-cumext-20260526-c609ccd4-dirty-q10609-rerun1-19856577-34.out,logs/cop165-cumulative-20260526-c609ccd4-dirty-q10609/slurm-logs/xcsp-parse-cop165-log-scop-cumext-20260526-c609ccd4-dirty-q10609-rerun1-19856577-34.err,timeout_incumbent,COMPLETED,0:0,00:30:04,incumbent_interrupted_by_signal,logs/cop165-cumulative-20260526-c609ccd4-dirty-q10609/slurm-logs/xcsp-parse-cop165-order-ge-time-rd-20260526-c609ccd4-dirty-q10609-rerun1-19856579-34.out,logs/cop165-cumulative-20260526-c609ccd4-dirty-q10609/slurm-logs/xcsp-parse-cop165-order-ge-time-rd-20260526-c609ccd4-dirty-q10609-rerun1-19856579-34.err,timeout_incumbent,COMPLETED,0:0,00:30:03,incumbent_interrupted_by_signal,logs/cop165-cumulative-20260526-c609ccd4-dirty-q10609/slurm-logs/xcsp-parse-cop165-order-ge-task-rd-20260526-c609ccd4-dirty-q10609-rerun1-19856581-34.out,logs/cop165-cumulative-20260526-c609ccd4-dirty-q10609/slurm-logs/xcsp-parse-cop165-order-ge-task-rd-20260526-c609ccd4-dirty-q10609-rerun1-19856581-34.err,timeout_incumbent,COMPLETED,0:0,00:30:03,incumbent_interrupted_by_signal,logs/cop165-cumulative-20260526-c609ccd4-dirty-q10609/slurm-logs/xcsp-parse-cop165-order-ge-cumext-20260526-c609ccd4-dirty-q10609-rerun1-19856583-34.out,logs/cop165-cumulative-20260526-c609ccd4-dirty-q10609/slurm-logs/xcsp-parse-cop165-order-ge-cumext-20260526-c609ccd4-dirty-q10609-rerun1-19856583-34.err
35,TestScheduling-t030m20r05-1_c24.xml.lzma,COP22to25/TestScheduling-t030m20r05-1_c24.xml.lzma,timeout_incumbent,COMPLETED,0:0,00:30:04,incumbent_interrupted_by_signal,logs/cop165-cumulative-20260526-c609ccd4-dirty-q10609/slurm-logs/xcsp-parse-cop165-log-scop-time-rd-20260526-c609ccd4-dirty-q10609-rerun1-19856905-35.out,logs/cop165-cumulative-20260526-c609ccd4-dirty-q10609/slurm-logs/xcsp-parse-cop165-log-scop-time-rd-20260526-c609ccd4-dirty-q10609-rerun1-19856905-35.err,optimum,COMPLETED,0:0,00:05:50,,logs/cop165-cumulative-20260526-c609ccd4-dirty-q10609/slurm-logs/xcsp-parse-cop165-log-scop-task-rd-20260526-c609ccd4-dirty-q10609-rerun1-19856575-35.out,logs/cop165-cumulative-20260526-c609ccd4-dirty-q10609/slurm-logs/xcsp-parse-cop165-log-scop-task-rd-20260526-c609ccd4-dirty-q10609-rerun1-19856575-35.err,optimum,COMPLETED,0:0,00:04:40,,logs/cop165-cumulative-20260526-c609ccd4-dirty-q10609/slurm-logs/xcsp-parse-cop165-log-scop-cumext-20260526-c609ccd4-dirty-q10609-rerun1-19856577-35.out,logs/cop165-cumulative-20260526-c609ccd4-dirty-q10609/slurm-logs/xcsp-parse-cop165-log-scop-cumext-20260526-c609ccd4-dirty-q10609-rerun1-19856577-35.err,timeout_incumbent,COMPLETED,0:0,00:30:05,incumbent_interrupted_by_signal,logs/cop165-cumulative-20260526-c609ccd4-dirty-q10609/slurm-logs/xcsp-parse-cop165-order-ge-time-rd-20260526-c609ccd4-dirty-q10609-rerun1-19856579-35.out,logs/cop165-cumulative-20260526-c609ccd4-dirty-q10609/slurm-logs/xcsp-parse-cop165-order-ge-time-rd-20260526-c609ccd4-dirty-q10609-rerun1-19856579-35.err,timeout_incumbent,COMPLETED,0:0,00:30:05,incumbent_interrupted_by_signal,logs/cop165-cumulative-20260526-c609ccd4-dirty-q10609/slurm-logs/xcsp-parse-cop165-order-ge-task-rd-20260526-c609ccd4-dirty-q10609-rerun1-19856581-35.out,logs/cop165-cumulative-20260526-c609ccd4-dirty-q10609/slurm-logs/xcsp-parse-cop165-order-ge-task-rd-20260526-c609ccd4-dirty-q10609-rerun1-19856581-35.err,timeout_incumbent,COMPLETED,0:0,00:30:06,incumbent_interrupted_by_signal,logs/cop165-cumulative-20260526-c609ccd4-dirty-q10609/slurm-logs/xcsp-parse-cop165-order-ge-cumext-20260526-c609ccd4-dirty-q10609-rerun1-19856583-35.out,logs/cop165-cumulative-20260526-c609ccd4-dirty-q10609/slurm-logs/xcsp-parse-cop165-order-ge-cumext-20260526-c609ccd4-dirty-q10609-rerun1-19856583-35.err
36,Cargo-24_c24.xml.lzma,COP22to25/Cargo-24_c24.xml.lzma,optimum,COMPLETED,0:0,00:08:38,,logs/cop165-cumulative-20260526-c609ccd4-dirty-q10609/slurm-logs/xcsp-parse-cop165-log-scop-time-rd-20260526-c609ccd4-dirty-q10609-rerun1-19856905-36.out,logs/cop165-cumulative-20260526-c609ccd4-dirty-q10609/slurm-logs/xcsp-parse-cop165-log-scop-time-rd-20260526-c609ccd4-dirty-q10609-rerun1-19856905-36.err,optimum,COMPLETED,0:0,00:00:24,,logs/cop165-cumulative-20260526-c609ccd4-dirty-q10609/slurm-logs/xcsp-parse-cop165-log-scop-task-rd-20260526-c609ccd4-dirty-q10609-rerun1-19856575-36.out,logs/cop165-cumulative-20260526-c609ccd4-dirty-q10609/slurm-logs/xcsp-parse-cop165-log-scop-task-rd-20260526-c609ccd4-dirty-q10609-rerun1-19856575-36.err,optimum,COMPLETED,0:0,00:00:08,,logs/cop165-cumulative-20260526-c609ccd4-dirty-q10609/slurm-logs/xcsp-parse-cop165-log-scop-cumext-20260526-c609ccd4-dirty-q10609-rerun1-19856577-36.out,logs/cop165-cumulative-20260526-c609ccd4-dirty-q10609/slurm-logs/xcsp-parse-cop165-log-scop-cumext-20260526-c609ccd4-dirty-q10609-rerun1-19856577-36.err,timeout_incumbent,COMPLETED,0:0,00:30:03,incumbent_interrupted_by_signal,logs/cop165-cumulative-20260526-c609ccd4-dirty-q10609/slurm-logs/xcsp-parse-cop165-order-ge-time-rd-20260526-c609ccd4-dirty-q10609-rerun1-19856579-36.out,logs/cop165-cumulative-20260526-c609ccd4-dirty-q10609/slurm-logs/xcsp-parse-cop165-order-ge-time-rd-20260526-c609ccd4-dirty-q10609-rerun1-19856579-36.err,timeout_incumbent,COMPLETED,0:0,00:30:04,incumbent_interrupted_by_signal,logs/cop165-cumulative-20260526-c609ccd4-dirty-q10609/slurm-logs/xcsp-parse-cop165-order-ge-task-rd-20260526-c609ccd4-dirty-q10609-rerun1-19856581-36.out,logs/cop165-cumulative-20260526-c609ccd4-dirty-q10609/slurm-logs/xcsp-parse-cop165-order-ge-task-rd-20260526-c609ccd4-dirty-q10609-rerun1-19856581-36.err,timeout_incumbent,COMPLETED,0:0,00:30:06,incumbent_interrupted_by_signal,logs/cop165-cumulative-20260526-c609ccd4-dirty-q10609/slurm-logs/xcsp-parse-cop165-order-ge-cumext-20260526-c609ccd4-dirty-q10609-rerun1-19856583-36.out,logs/cop165-cumulative-20260526-c609ccd4-dirty-q10609/slurm-logs/xcsp-parse-cop165-order-ge-cumext-20260526-c609ccd4-dirty-q10609-rerun1-19856583-36.err
37,TestScheduling-t030m10r05-1_c24.xml.lzma,COP22to25/TestScheduling-t030m10r05-1_c24.xml.lzma,optimum,COMPLETED,0:0,00:05:41,,logs/cop165-cumulative-20260526-c609ccd4-dirty-q10609/slurm-logs/xcsp-parse-cop165-log-scop-time-rd-20260526-c609ccd4-dirty-q10609-rerun1-19856905-37.out,logs/cop165-cumulative-20260526-c609ccd4-dirty-q10609/slurm-logs/xcsp-parse-cop165-log-scop-time-rd-20260526-c609ccd4-dirty-q10609-rerun1-19856905-37.err,optimum,COMPLETED,0:0,00:00:10,,logs/cop165-cumulative-20260526-c609ccd4-dirty-q10609/slurm-logs/xcsp-parse-cop165-log-scop-task-rd-20260526-c609ccd4-dirty-q10609-rerun1-19856575-37.out,logs/cop165-cumulative-20260526-c609ccd4-dirty-q10609/slurm-logs/xcsp-parse-cop165-log-scop-task-rd-20260526-c609ccd4-dirty-q10609-rerun1-19856575-37.err,optimum,COMPLETED,0:0,00:00:05,,logs/cop165-cumulative-20260526-c609ccd4-dirty-q10609/slurm-logs/xcsp-parse-cop165-log-scop-cumext-20260526-c609ccd4-dirty-q10609-rerun1-19856577-37.out,logs/cop165-cumulative-20260526-c609ccd4-dirty-q10609/slurm-logs/xcsp-parse-cop165-log-scop-cumext-20260526-c609ccd4-dirty-q10609-rerun1-19856577-37.err,timeout_incumbent,COMPLETED,0:0,00:30:04,incumbent_interrupted_by_signal,logs/cop165-cumulative-20260526-c609ccd4-dirty-q10609/slurm-logs/xcsp-parse-cop165-order-ge-time-rd-20260526-c609ccd4-dirty-q10609-rerun1-19856579-37.out,logs/cop165-cumulative-20260526-c609ccd4-dirty-q10609/slurm-logs/xcsp-parse-cop165-order-ge-time-rd-20260526-c609ccd4-dirty-q10609-rerun1-19856579-37.err,timeout_incumbent,COMPLETED,0:0,00:30:04,incumbent_interrupted_by_signal,logs/cop165-cumulative-20260526-c609ccd4-dirty-q10609/slurm-logs/xcsp-parse-cop165-order-ge-task-rd-20260526-c609ccd4-dirty-q10609-rerun1-19856581-37.out,logs/cop165-cumulative-20260526-c609ccd4-dirty-q10609/slurm-logs/xcsp-parse-cop165-order-ge-task-rd-20260526-c609ccd4-dirty-q10609-rerun1-19856581-37.err,timeout_incumbent,COMPLETED,0:0,00:30:07,incumbent_interrupted_by_signal,logs/cop165-cumulative-20260526-c609ccd4-dirty-q10609/slurm-logs/xcsp-parse-cop165-order-ge-cumext-20260526-c609ccd4-dirty-q10609-rerun1-19856583-37.out,logs/cop165-cumulative-20260526-c609ccd4-dirty-q10609/slurm-logs/xcsp-parse-cop165-order-ge-cumext-20260526-c609ccd4-dirty-q10609-rerun1-19856583-37.err
38,Cargo-01-0s-1913_c24.xml.lzma,COP22to25/Cargo-01-0s-1913_c24.xml.lzma,optimum,COMPLETED,0:0,00:11:45,,logs/cop165-cumulative-20260526-c609ccd4-dirty-q10609/slurm-logs/xcsp-parse-cop165-log-scop-time-rd-20260526-c609ccd4-dirty-q10609-rerun1-19856905-38.out,logs/cop165-cumulative-20260526-c609ccd4-dirty-q10609/slurm-logs/xcsp-parse-cop165-log-scop-time-rd-20260526-c609ccd4-dirty-q10609-rerun1-19856905-38.err,optimum,COMPLETED,0:0,00:00:24,,logs/cop165-cumulative-20260526-c609ccd4-dirty-q10609/slurm-logs/xcsp-parse-cop165-log-scop-task-rd-20260526-c609ccd4-dirty-q10609-rerun1-19856575-38.out,logs/cop165-cumulative-20260526-c609ccd4-dirty-q10609/slurm-logs/xcsp-parse-cop165-log-scop-task-rd-20260526-c609ccd4-dirty-q10609-rerun1-19856575-38.err,timeout_unknown,COMPLETED,0:0,00:30:04,terminated_by_signal,logs/cop165-cumulative-20260526-c609ccd4-dirty-q10609/slurm-logs/xcsp-parse-cop165-log-scop-cumext-20260526-c609ccd4-dirty-q10609-rerun1-19856577-38.out,logs/cop165-cumulative-20260526-c609ccd4-dirty-q10609/slurm-logs/xcsp-parse-cop165-log-scop-cumext-20260526-c609ccd4-dirty-q10609-rerun1-19856577-38.err,timeout_incumbent,COMPLETED,0:0,00:30:03,incumbent_interrupted_by_signal,logs/cop165-cumulative-20260526-c609ccd4-dirty-q10609/slurm-logs/xcsp-parse-cop165-order-ge-time-rd-20260526-c609ccd4-dirty-q10609-rerun1-19856579-38.out,logs/cop165-cumulative-20260526-c609ccd4-dirty-q10609/slurm-logs/xcsp-parse-cop165-order-ge-time-rd-20260526-c609ccd4-dirty-q10609-rerun1-19856579-38.err,timeout_incumbent,COMPLETED,0:0,00:30:04,incumbent_interrupted_by_signal,logs/cop165-cumulative-20260526-c609ccd4-dirty-q10609/slurm-logs/xcsp-parse-cop165-order-ge-task-rd-20260526-c609ccd4-dirty-q10609-rerun1-19856581-38.out,logs/cop165-cumulative-20260526-c609ccd4-dirty-q10609/slurm-logs/xcsp-parse-cop165-order-ge-task-rd-20260526-c609ccd4-dirty-q10609-rerun1-19856581-38.err,timeout_incumbent,COMPLETED,0:0,00:30:09,incumbent_interrupted_by_signal,logs/cop165-cumulative-20260526-c609ccd4-dirty-q10609/slurm-logs/xcsp-parse-cop165-order-ge-cumext-20260526-c609ccd4-dirty-q10609-rerun1-19856583-38.out,logs/cop165-cumulative-20260526-c609ccd4-dirty-q10609/slurm-logs/xcsp-parse-cop165-order-ge-cumext-20260526-c609ccd4-dirty-q10609-rerun1-19856583-38.err
39,Cargo-04-1s-626_c24.xml.lzma,COP22to25/Cargo-04-1s-626_c24.xml.lzma,optimum,COMPLETED,0:0,00:13:21,,logs/cop165-cumulative-20260526-c609ccd4-dirty-q10609/slurm-logs/xcsp-parse-cop165-log-scop-time-rd-20260526-c609ccd4-dirty-q10609-rerun1-19856905-39.out,logs/cop165-cumulative-20260526-c609ccd4-dirty-q10609/slurm-logs/xcsp-parse-cop165-log-scop-time-rd-20260526-c609ccd4-dirty-q10609-rerun1-19856905-39.err,optimum,COMPLETED,0:0,00:00:37,,logs/cop165-cumulative-20260526-c609ccd4-dirty-q10609/slurm-logs/xcsp-parse-cop165-log-scop-task-rd-20260526-c609ccd4-dirty-q10609-rerun1-19856575-39.out,logs/cop165-cumulative-20260526-c609ccd4-dirty-q10609/slurm-logs/xcsp-parse-cop165-log-scop-task-rd-20260526-c609ccd4-dirty-q10609-rerun1-19856575-39.err,timeout_unknown,COMPLETED,0:0,00:30:04,terminated_by_signal,logs/cop165-cumulative-20260526-c609ccd4-dirty-q10609/slurm-logs/xcsp-parse-cop165-log-scop-cumext-20260526-c609ccd4-dirty-q10609-rerun1-19856577-39.out,logs/cop165-cumulative-20260526-c609ccd4-dirty-q10609/slurm-logs/xcsp-parse-cop165-log-scop-cumext-20260526-c609ccd4-dirty-q10609-rerun1-19856577-39.err,timeout_incumbent,COMPLETED,0:0,00:30:05,incumbent_interrupted_by_signal,logs/cop165-cumulative-20260526-c609ccd4-dirty-q10609/slurm-logs/xcsp-parse-cop165-order-ge-time-rd-20260526-c609ccd4-dirty-q10609-rerun1-19856579-39.out,logs/cop165-cumulative-20260526-c609ccd4-dirty-q10609/slurm-logs/xcsp-parse-cop165-order-ge-time-rd-20260526-c609ccd4-dirty-q10609-rerun1-19856579-39.err,timeout_incumbent,COMPLETED,0:0,00:30:03,incumbent_interrupted_by_signal,logs/cop165-cumulative-20260526-c609ccd4-dirty-q10609/slurm-logs/xcsp-parse-cop165-order-ge-task-rd-20260526-c609ccd4-dirty-q10609-rerun1-19856581-39.out,logs/cop165-cumulative-20260526-c609ccd4-dirty-q10609/slurm-logs/xcsp-parse-cop165-order-ge-task-rd-20260526-c609ccd4-dirty-q10609-rerun1-19856581-39.err,timeout_unknown,COMPLETED,0:0,00:30:05,terminated_by_signal,logs/cop165-cumulative-20260526-c609ccd4-dirty-q10609/slurm-logs/xcsp-parse-cop165-order-ge-cumext-20260526-c609ccd4-dirty-q10609-rerun1-19856583-39.out,logs/cop165-cumulative-20260526-c609ccd4-dirty-q10609/slurm-logs/xcsp-parse-cop165-order-ge-cumext-20260526-c609ccd4-dirty-q10609-rerun1-19856583-39.err
40,Cargo-22_c24.xml.lzma,COP22to25/Cargo-22_c24.xml.lzma,optimum,COMPLETED,0:0,00:15:13,,logs/cop165-cumulative-20260526-c609ccd4-dirty-q10609/slurm-logs/xcsp-parse-cop165-log-scop-time-rd-20260526-c609ccd4-dirty-q10609-rerun1-19856905-40.out,logs/cop165-cumulative-20260526-c609ccd4-dirty-q10609/slurm-logs/xcsp-parse-cop165-log-scop-time-rd-20260526-c609ccd4-dirty-q10609-rerun1-19856905-40.err,optimum,COMPLETED,0:0,00:00:44,,logs/cop165-cumulative-20260526-c609ccd4-dirty-q10609/slurm-logs/xcsp-parse-cop165-log-scop-task-rd-20260526-c609ccd4-dirty-q10609-rerun1-19856575-40.out,logs/cop165-cumulative-20260526-c609ccd4-dirty-q10609/slurm-logs/xcsp-parse-cop165-log-scop-task-rd-20260526-c609ccd4-dirty-q10609-rerun1-19856575-40.err,timeout_unknown,COMPLETED,0:0,00:30:04,terminated_by_signal,logs/cop165-cumulative-20260526-c609ccd4-dirty-q10609/slurm-logs/xcsp-parse-cop165-log-scop-cumext-20260526-c609ccd4-dirty-q10609-rerun1-19856577-40.out,logs/cop165-cumulative-20260526-c609ccd4-dirty-q10609/slurm-logs/xcsp-parse-cop165-log-scop-cumext-20260526-c609ccd4-dirty-q10609-rerun1-19856577-40.err,timeout_incumbent,COMPLETED,0:0,00:30:04,incumbent_interrupted_by_signal,logs/cop165-cumulative-20260526-c609ccd4-dirty-q10609/slurm-logs/xcsp-parse-cop165-order-ge-time-rd-20260526-c609ccd4-dirty-q10609-rerun1-19856579-40.out,logs/cop165-cumulative-20260526-c609ccd4-dirty-q10609/slurm-logs/xcsp-parse-cop165-order-ge-time-rd-20260526-c609ccd4-dirty-q10609-rerun1-19856579-40.err,timeout_incumbent,COMPLETED,0:0,00:30:06,incumbent_interrupted_by_signal,logs/cop165-cumulative-20260526-c609ccd4-dirty-q10609/slurm-logs/xcsp-parse-cop165-order-ge-task-rd-20260526-c609ccd4-dirty-q10609-rerun1-19856581-40.out,logs/cop165-cumulative-20260526-c609ccd4-dirty-q10609/slurm-logs/xcsp-parse-cop165-order-ge-task-rd-20260526-c609ccd4-dirty-q10609-rerun1-19856581-40.err,timeout_unknown,COMPLETED,0:0,00:30:04,terminated_by_signal,logs/cop165-cumulative-20260526-c609ccd4-dirty-q10609/slurm-logs/xcsp-parse-cop165-order-ge-cumext-20260526-c609ccd4-dirty-q10609-rerun1-19856583-40.out,logs/cop165-cumulative-20260526-c609ccd4-dirty-q10609/slurm-logs/xcsp-parse-cop165-order-ge-cumext-20260526-c609ccd4-dirty-q10609-rerun1-19856583-40.err
41,Cargo-02-0s-1139_c24.xml.lzma,COP22to25/Cargo-02-0s-1139_c24.xml.lzma,optimum,COMPLETED,0:0,00:19:03,,logs/cop165-cumulative-20260526-c609ccd4-dirty-q10609/slurm-logs/xcsp-parse-cop165-log-scop-time-rd-20260526-c609ccd4-dirty-q10609-rerun1-19856905-41.out,logs/cop165-cumulative-20260526-c609ccd4-dirty-q10609/slurm-logs/xcsp-parse-cop165-log-scop-time-rd-20260526-c609ccd4-dirty-q10609-rerun1-19856905-41.err,optimum,COMPLETED,0:0,00:00:21,,logs/cop165-cumulative-20260526-c609ccd4-dirty-q10609/slurm-logs/xcsp-parse-cop165-log-scop-task-rd-20260526-c609ccd4-dirty-q10609-rerun1-19856575-41.out,logs/cop165-cumulative-20260526-c609ccd4-dirty-q10609/slurm-logs/xcsp-parse-cop165-log-scop-task-rd-20260526-c609ccd4-dirty-q10609-rerun1-19856575-41.err,optimum,COMPLETED,0:0,00:01:44,,logs/cop165-cumulative-20260526-c609ccd4-dirty-q10609/slurm-logs/xcsp-parse-cop165-log-scop-cumext-20260526-c609ccd4-dirty-q10609-rerun1-19856577-41.out,logs/cop165-cumulative-20260526-c609ccd4-dirty-q10609/slurm-logs/xcsp-parse-cop165-log-scop-cumext-20260526-c609ccd4-dirty-q10609-rerun1-19856577-41.err,timeout_incumbent,COMPLETED,0:0,00:30:04,incumbent_interrupted_by_signal,logs/cop165-cumulative-20260526-c609ccd4-dirty-q10609/slurm-logs/xcsp-parse-cop165-order-ge-time-rd-20260526-c609ccd4-dirty-q10609-rerun1-19856579-41.out,logs/cop165-cumulative-20260526-c609ccd4-dirty-q10609/slurm-logs/xcsp-parse-cop165-order-ge-time-rd-20260526-c609ccd4-dirty-q10609-rerun1-19856579-41.err,timeout_incumbent,COMPLETED,0:0,00:30:03,incumbent_interrupted_by_signal,logs/cop165-cumulative-20260526-c609ccd4-dirty-q10609/slurm-logs/xcsp-parse-cop165-order-ge-task-rd-20260526-c609ccd4-dirty-q10609-rerun1-19856581-41.out,logs/cop165-cumulative-20260526-c609ccd4-dirty-q10609/slurm-logs/xcsp-parse-cop165-order-ge-task-rd-20260526-c609ccd4-dirty-q10609-rerun1-19856581-41.err,timeout_incumbent,COMPLETED,0:0,00:30:06,incumbent_interrupted_by_signal,logs/cop165-cumulative-20260526-c609ccd4-dirty-q10609/slurm-logs/xcsp-parse-cop165-order-ge-cumext-20260526-c609ccd4-dirty-q10609-rerun1-19856583-41.out,logs/cop165-cumulative-20260526-c609ccd4-dirty-q10609/slurm-logs/xcsp-parse-cop165-order-ge-cumext-20260526-c609ccd4-dirty-q10609-rerun1-19856583-41.err
42,TestScheduling-t030m20r03-1_c24.xml.lzma,COP22to25/TestScheduling-t030m20r03-1_c24.xml.lzma,optimum,COMPLETED,0:0,00:09:13,,logs/cop165-cumulative-20260526-c609ccd4-dirty-q10609/slurm-logs/xcsp-parse-cop165-log-scop-time-rd-20260526-c609ccd4-dirty-q10609-rerun1-19856905-42.out,logs/cop165-cumulative-20260526-c609ccd4-dirty-q10609/slurm-logs/xcsp-parse-cop165-log-scop-time-rd-20260526-c609ccd4-dirty-q10609-rerun1-19856905-42.err,optimum,COMPLETED,0:0,00:00:14,,logs/cop165-cumulative-20260526-c609ccd4-dirty-q10609/slurm-logs/xcsp-parse-cop165-log-scop-task-rd-20260526-c609ccd4-dirty-q10609-rerun1-19856575-42.out,logs/cop165-cumulative-20260526-c609ccd4-dirty-q10609/slurm-logs/xcsp-parse-cop165-log-scop-task-rd-20260526-c609ccd4-dirty-q10609-rerun1-19856575-42.err,optimum,COMPLETED,0:0,00:00:07,,logs/cop165-cumulative-20260526-c609ccd4-dirty-q10609/slurm-logs/xcsp-parse-cop165-log-scop-cumext-20260526-c609ccd4-dirty-q10609-rerun1-19856577-42.out,logs/cop165-cumulative-20260526-c609ccd4-dirty-q10609/slurm-logs/xcsp-parse-cop165-log-scop-cumext-20260526-c609ccd4-dirty-q10609-rerun1-19856577-42.err,timeout_incumbent,COMPLETED,0:0,00:30:04,incumbent_interrupted_by_signal,logs/cop165-cumulative-20260526-c609ccd4-dirty-q10609/slurm-logs/xcsp-parse-cop165-order-ge-time-rd-20260526-c609ccd4-dirty-q10609-rerun1-19856579-42.out,logs/cop165-cumulative-20260526-c609ccd4-dirty-q10609/slurm-logs/xcsp-parse-cop165-order-ge-time-rd-20260526-c609ccd4-dirty-q10609-rerun1-19856579-42.err,timeout_incumbent,COMPLETED,0:0,00:30:04,incumbent_interrupted_by_signal,logs/cop165-cumulative-20260526-c609ccd4-dirty-q10609/slurm-logs/xcsp-parse-cop165-order-ge-task-rd-20260526-c609ccd4-dirty-q10609-rerun1-19856581-42.out,logs/cop165-cumulative-20260526-c609ccd4-dirty-q10609/slurm-logs/xcsp-parse-cop165-order-ge-task-rd-20260526-c609ccd4-dirty-q10609-rerun1-19856581-42.err,timeout_incumbent,COMPLETED,0:0,00:30:04,incumbent_interrupted_by_signal,logs/cop165-cumulative-20260526-c609ccd4-dirty-q10609/slurm-logs/xcsp-parse-cop165-order-ge-cumext-20260526-c609ccd4-dirty-q10609-rerun1-19856583-42.out,logs/cop165-cumulative-20260526-c609ccd4-dirty-q10609/slurm-logs/xcsp-parse-cop165-order-ge-cumext-20260526-c609ccd4-dirty-q10609-rerun1-19856583-42.err
43,TestScheduling-t030m20r10-1_c24.xml.lzma,COP22to25/TestScheduling-t030m20r10-1_c24.xml.lzma,timeout_incumbent,COMPLETED,0:0,00:30:05,incumbent_interrupted_by_signal,logs/cop165-cumulative-20260526-c609ccd4-dirty-q10609/slurm-logs/xcsp-parse-cop165-log-scop-time-rd-20260526-c609ccd4-dirty-q10609-rerun1-19856905-43.out,logs/cop165-cumulative-20260526-c609ccd4-dirty-q10609/slurm-logs/xcsp-parse-cop165-log-scop-time-rd-20260526-c609ccd4-dirty-q10609-rerun1-19856905-43.err,timeout_incumbent,COMPLETED,0:0,00:30:05,incumbent_interrupted_by_signal,logs/cop165-cumulative-20260526-c609ccd4-dirty-q10609/slurm-logs/xcsp-parse-cop165-log-scop-task-rd-20260526-c609ccd4-dirty-q10609-rerun1-19856575-43.out,logs/cop165-cumulative-20260526-c609ccd4-dirty-q10609/slurm-logs/xcsp-parse-cop165-log-scop-task-rd-20260526-c609ccd4-dirty-q10609-rerun1-19856575-43.err,timeout_incumbent,COMPLETED,0:0,00:30:04,incumbent_interrupted_by_signal,logs/cop165-cumulative-20260526-c609ccd4-dirty-q10609/slurm-logs/xcsp-parse-cop165-log-scop-cumext-20260526-c609ccd4-dirty-q10609-rerun1-19856577-43.out,logs/cop165-cumulative-20260526-c609ccd4-dirty-q10609/slurm-logs/xcsp-parse-cop165-log-scop-cumext-20260526-c609ccd4-dirty-q10609-rerun1-19856577-43.err,timeout_incumbent,COMPLETED,0:0,00:30:04,incumbent_interrupted_by_signal,logs/cop165-cumulative-20260526-c609ccd4-dirty-q10609/slurm-logs/xcsp-parse-cop165-order-ge-time-rd-20260526-c609ccd4-dirty-q10609-rerun1-19856579-43.out,logs/cop165-cumulative-20260526-c609ccd4-dirty-q10609/slurm-logs/xcsp-parse-cop165-order-ge-time-rd-20260526-c609ccd4-dirty-q10609-rerun1-19856579-43.err,timeout_incumbent,COMPLETED,0:0,00:30:03,incumbent_interrupted_by_signal,logs/cop165-cumulative-20260526-c609ccd4-dirty-q10609/slurm-logs/xcsp-parse-cop165-order-ge-task-rd-20260526-c609ccd4-dirty-q10609-rerun1-19856581-43.out,logs/cop165-cumulative-20260526-c609ccd4-dirty-q10609/slurm-logs/xcsp-parse-cop165-order-ge-task-rd-20260526-c609ccd4-dirty-q10609-rerun1-19856581-43.err,timeout_incumbent,COMPLETED,0:0,00:30:06,incumbent_interrupted_by_signal,logs/cop165-cumulative-20260526-c609ccd4-dirty-q10609/slurm-logs/xcsp-parse-cop165-order-ge-cumext-20260526-c609ccd4-dirty-q10609-rerun1-19856583-43.out,logs/cop165-cumulative-20260526-c609ccd4-dirty-q10609/slurm-logs/xcsp-parse-cop165-order-ge-cumext-20260526-c609ccd4-dirty-q10609-rerun1-19856583-43.err
44,Cargo-25_c24.xml.lzma,COP22to25/Cargo-25_c24.xml.lzma,optimum,COMPLETED,0:0,00:05:21,,logs/cop165-cumulative-20260526-c609ccd4-dirty-q10609/slurm-logs/xcsp-parse-cop165-log-scop-time-rd-20260526-c609ccd4-dirty-q10609-rerun1-19856905-44.out,logs/cop165-cumulative-20260526-c609ccd4-dirty-q10609/slurm-logs/xcsp-parse-cop165-log-scop-time-rd-20260526-c609ccd4-dirty-q10609-rerun1-19856905-44.err,optimum,COMPLETED,0:0,00:00:17,,logs/cop165-cumulative-20260526-c609ccd4-dirty-q10609/slurm-logs/xcsp-parse-cop165-log-scop-task-rd-20260526-c609ccd4-dirty-q10609-rerun1-19856575-44.out,logs/cop165-cumulative-20260526-c609ccd4-dirty-q10609/slurm-logs/xcsp-parse-cop165-log-scop-task-rd-20260526-c609ccd4-dirty-q10609-rerun1-19856575-44.err,timeout_unknown,COMPLETED,0:0,00:30:04,terminated_by_signal,logs/cop165-cumulative-20260526-c609ccd4-dirty-q10609/slurm-logs/xcsp-parse-cop165-log-scop-cumext-20260526-c609ccd4-dirty-q10609-rerun1-19856577-44.out,logs/cop165-cumulative-20260526-c609ccd4-dirty-q10609/slurm-logs/xcsp-parse-cop165-log-scop-cumext-20260526-c609ccd4-dirty-q10609-rerun1-19856577-44.err,timeout_incumbent,COMPLETED,0:0,00:30:03,incumbent_interrupted_by_signal,logs/cop165-cumulative-20260526-c609ccd4-dirty-q10609/slurm-logs/xcsp-parse-cop165-order-ge-time-rd-20260526-c609ccd4-dirty-q10609-rerun1-19856579-44.out,logs/cop165-cumulative-20260526-c609ccd4-dirty-q10609/slurm-logs/xcsp-parse-cop165-order-ge-time-rd-20260526-c609ccd4-dirty-q10609-rerun1-19856579-44.err,timeout_incumbent,COMPLETED,0:0,00:30:04,incumbent_interrupted_by_signal,logs/cop165-cumulative-20260526-c609ccd4-dirty-q10609/slurm-logs/xcsp-parse-cop165-order-ge-task-rd-20260526-c609ccd4-dirty-q10609-rerun1-19856581-44.out,logs/cop165-cumulative-20260526-c609ccd4-dirty-q10609/slurm-logs/xcsp-parse-cop165-order-ge-task-rd-20260526-c609ccd4-dirty-q10609-rerun1-19856581-44.err,timeout_incumbent,COMPLETED,0:0,00:30:04,incumbent_interrupted_by_signal,logs/cop165-cumulative-20260526-c609ccd4-dirty-q10609/slurm-logs/xcsp-parse-cop165-order-ge-cumext-20260526-c609ccd4-dirty-q10609-rerun1-19856583-44.out,logs/cop165-cumulative-20260526-c609ccd4-dirty-q10609/slurm-logs/xcsp-parse-cop165-order-ge-cumext-20260526-c609ccd4-dirty-q10609-rerun1-19856583-44.err
45,Cargo-05-1s-954_c24.xml.lzma,COP22to25/Cargo-05-1s-954_c24.xml.lzma,optimum,COMPLETED,0:0,00:10:56,,logs/cop165-cumulative-20260526-c609ccd4-dirty-q10609/slurm-logs/xcsp-parse-cop165-log-scop-time-rd-20260526-c609ccd4-dirty-q10609-rerun1-19856905-45.out,logs/cop165-cumulative-20260526-c609ccd4-dirty-q10609/slurm-logs/xcsp-parse-cop165-log-scop-time-rd-20260526-c609ccd4-dirty-q10609-rerun1-19856905-45.err,optimum,COMPLETED,0:0,00:00:57,,logs/cop165-cumulative-20260526-c609ccd4-dirty-q10609/slurm-logs/xcsp-parse-cop165-log-scop-task-rd-20260526-c609ccd4-dirty-q10609-rerun1-19856575-45.out,logs/cop165-cumulative-20260526-c609ccd4-dirty-q10609/slurm-logs/xcsp-parse-cop165-log-scop-task-rd-20260526-c609ccd4-dirty-q10609-rerun1-19856575-45.err,optimum,COMPLETED,0:0,00:01:28,,logs/cop165-cumulative-20260526-c609ccd4-dirty-q10609/slurm-logs/xcsp-parse-cop165-log-scop-cumext-20260526-c609ccd4-dirty-q10609-rerun1-19856577-45.out,logs/cop165-cumulative-20260526-c609ccd4-dirty-q10609/slurm-logs/xcsp-parse-cop165-log-scop-cumext-20260526-c609ccd4-dirty-q10609-rerun1-19856577-45.err,timeout_incumbent,COMPLETED,0:0,00:30:04,incumbent_interrupted_by_signal,logs/cop165-cumulative-20260526-c609ccd4-dirty-q10609/slurm-logs/xcsp-parse-cop165-order-ge-time-rd-20260526-c609ccd4-dirty-q10609-rerun1-19856579-45.out,logs/cop165-cumulative-20260526-c609ccd4-dirty-q10609/slurm-logs/xcsp-parse-cop165-order-ge-time-rd-20260526-c609ccd4-dirty-q10609-rerun1-19856579-45.err,timeout_incumbent,COMPLETED,0:0,00:30:06,incumbent_interrupted_by_signal,logs/cop165-cumulative-20260526-c609ccd4-dirty-q10609/slurm-logs/xcsp-parse-cop165-order-ge-task-rd-20260526-c609ccd4-dirty-q10609-rerun1-19856581-45.out,logs/cop165-cumulative-20260526-c609ccd4-dirty-q10609/slurm-logs/xcsp-parse-cop165-order-ge-task-rd-20260526-c609ccd4-dirty-q10609-rerun1-19856581-45.err,timeout_incumbent,COMPLETED,0:0,00:30:04,incumbent_interrupted_by_signal,logs/cop165-cumulative-20260526-c609ccd4-dirty-q10609/slurm-logs/xcsp-parse-cop165-order-ge-cumext-20260526-c609ccd4-dirty-q10609-rerun1-19856583-45.out,logs/cop165-cumulative-20260526-c609ccd4-dirty-q10609/slurm-logs/xcsp-parse-cop165-order-ge-cumext-20260526-c609ccd4-dirty-q10609-rerun1-19856583-45.err
46,CarpetCutting-test13_c23.xml.lzma,COP22to25/CarpetCutting-test13_c23.xml.lzma,timeout_incumbent,COMPLETED,0:0,00:30:04,incumbent_interrupted_by_signal,logs/cop165-cumulative-20260526-c609ccd4-dirty-q10609/slurm-logs/xcsp-parse-cop165-log-scop-time-rd-20260526-c609ccd4-dirty-q10609-rerun1-19856905-46.out,logs/cop165-cumulative-20260526-c609ccd4-dirty-q10609/slurm-logs/xcsp-parse-cop165-log-scop-time-rd-20260526-c609ccd4-dirty-q10609-rerun1-19856905-46.err,timeout_incumbent,COMPLETED,0:0,00:30:05,incumbent_interrupted_by_signal,logs/cop165-cumulative-20260526-c609ccd4-dirty-q10609/slurm-logs/xcsp-parse-cop165-log-scop-task-rd-20260526-c609ccd4-dirty-q10609-rerun1-19856575-46.out,logs/cop165-cumulative-20260526-c609ccd4-dirty-q10609/slurm-logs/xcsp-parse-cop165-log-scop-task-rd-20260526-c609ccd4-dirty-q10609-rerun1-19856575-46.err,timeout_incumbent,COMPLETED,0:0,00:30:03,incumbent_interrupted_by_signal,logs/cop165-cumulative-20260526-c609ccd4-dirty-q10609/slurm-logs/xcsp-parse-cop165-log-scop-cumext-20260526-c609ccd4-dirty-q10609-rerun1-19856577-46.out,logs/cop165-cumulative-20260526-c609ccd4-dirty-q10609/slurm-logs/xcsp-parse-cop165-log-scop-cumext-20260526-c609ccd4-dirty-q10609-rerun1-19856577-46.err,out_of_memory,OUT_OF_MEMORY,0:125,00:07:38,slurmstepd: error: Detected 1 oom-kill event(s) in StepId=19860131.batch. Some of your processes may have been killed by the cgroup out-of-memory handler.,logs/cop165-cumulative-20260526-c609ccd4-dirty-q10609/slurm-logs/xcsp-parse-cop165-order-ge-time-rd-20260526-c609ccd4-dirty-q10609-rerun1-19856579-46.out,logs/cop165-cumulative-20260526-c609ccd4-dirty-q10609/slurm-logs/xcsp-parse-cop165-order-ge-time-rd-20260526-c609ccd4-dirty-q10609-rerun1-19856579-46.err,timeout_incumbent,COMPLETED,0:0,00:30:09,incumbent_interrupted_by_signal,logs/cop165-cumulative-20260526-c609ccd4-dirty-q10609/slurm-logs/xcsp-parse-cop165-order-ge-task-rd-20260526-c609ccd4-dirty-q10609-rerun1-19856581-46.out,logs/cop165-cumulative-20260526-c609ccd4-dirty-q10609/slurm-logs/xcsp-parse-cop165-order-ge-task-rd-20260526-c609ccd4-dirty-q10609-rerun1-19856581-46.err,timeout_incumbent,COMPLETED,0:0,00:30:04,incumbent_interrupted_by_signal,logs/cop165-cumulative-20260526-c609ccd4-dirty-q10609/slurm-logs/xcsp-parse-cop165-order-ge-cumext-20260526-c609ccd4-dirty-q10609-rerun1-19856583-46.out,logs/cop165-cumulative-20260526-c609ccd4-dirty-q10609/slurm-logs/xcsp-parse-cop165-order-ge-cumext-20260526-c609ccd4-dirty-q10609-rerun1-19856583-46.err
47,CarpetCutting-test16_c23.xml.lzma,COP22to25/CarpetCutting-test16_c23.xml.lzma,timeout_incumbent,COMPLETED,0:0,00:30:04,incumbent_interrupted_by_signal,logs/cop165-cumulative-20260526-c609ccd4-dirty-q10609/slurm-logs/xcsp-parse-cop165-log-scop-time-rd-20260526-c609ccd4-dirty-q10609-rerun1-19856905-47.out,logs/cop165-cumulative-20260526-c609ccd4-dirty-q10609/slurm-logs/xcsp-parse-cop165-log-scop-time-rd-20260526-c609ccd4-dirty-q10609-rerun1-19856905-47.err,optimum,COMPLETED,0:0,00:02:56,,logs/cop165-cumulative-20260526-c609ccd4-dirty-q10609/slurm-logs/xcsp-parse-cop165-log-scop-task-rd-20260526-c609ccd4-dirty-q10609-rerun1-19856575-47.out,logs/cop165-cumulative-20260526-c609ccd4-dirty-q10609/slurm-logs/xcsp-parse-cop165-log-scop-task-rd-20260526-c609ccd4-dirty-q10609-rerun1-19856575-47.err,timeout_incumbent,COMPLETED,0:0,00:30:04,incumbent_interrupted_by_signal,logs/cop165-cumulative-20260526-c609ccd4-dirty-q10609/slurm-logs/xcsp-parse-cop165-log-scop-cumext-20260526-c609ccd4-dirty-q10609-rerun1-19856577-47.out,logs/cop165-cumulative-20260526-c609ccd4-dirty-q10609/slurm-logs/xcsp-parse-cop165-log-scop-cumext-20260526-c609ccd4-dirty-q10609-rerun1-19856577-47.err,out_of_memory,OUT_OF_MEMORY,0:125,00:06:04,slurmstepd: error: Detected 1 oom-kill event(s) in StepId=19860132.batch. Some of your processes may have been killed by the cgroup out-of-memory handler.,logs/cop165-cumulative-20260526-c609ccd4-dirty-q10609/slurm-logs/xcsp-parse-cop165-order-ge-time-rd-20260526-c609ccd4-dirty-q10609-rerun1-19856579-47.out,logs/cop165-cumulative-20260526-c609ccd4-dirty-q10609/slurm-logs/xcsp-parse-cop165-order-ge-time-rd-20260526-c609ccd4-dirty-q10609-rerun1-19856579-47.err,out_of_memory,OUT_OF_MEMORY,0:125,00:08:15,"/var/spool/slurm/d/job19863870/slurm_script: 134 行: 1378486 強制終了            ""$ENGINE_BIN"" exec --bind ""${BENCHMARK_DIR%/}:${CONTAINER_BENCH_DIR%/}"" --bind ""${LOG_DIR%/}:${CONTAINER_LOG_DIR%/}"" --bind ""${RESULT_DIR%/}:${CONTAINER_RESULT_DIR%/}"" --env ""INSTANCE_PATH=${instance_cont",logs/cop165-cumulative-20260526-c609ccd4-dirty-q10609/slurm-logs/xcsp-parse-cop165-order-ge-task-rd-20260526-c609ccd4-dirty-q10609-rerun1-19856581-47.out,logs/cop165-cumulative-20260526-c609ccd4-dirty-q10609/slurm-logs/xcsp-parse-cop165-order-ge-task-rd-20260526-c609ccd4-dirty-q10609-rerun1-19856581-47.err,timeout_incumbent,COMPLETED,0:0,00:30:05,incumbent_interrupted_by_signal,logs/cop165-cumulative-20260526-c609ccd4-dirty-q10609/slurm-logs/xcsp-parse-cop165-order-ge-cumext-20260526-c609ccd4-dirty-q10609-rerun1-19856583-47.out,logs/cop165-cumulative-20260526-c609ccd4-dirty-q10609/slurm-logs/xcsp-parse-cop165-order-ge-cumext-20260526-c609ccd4-dirty-q10609-rerun1-19856583-47.err
48,CarpetCutting-test05_c23.xml.lzma,COP22to25/CarpetCutting-test05_c23.xml.lzma,timeout_incumbent,COMPLETED,0:0,00:30:03,incumbent_interrupted_by_signal,logs/cop165-cumulative-20260526-c609ccd4-dirty-q10609/slurm-logs/xcsp-parse-cop165-log-scop-time-rd-20260526-c609ccd4-dirty-q10609-rerun1-19856905-48.out,logs/cop165-cumulative-20260526-c609ccd4-dirty-q10609/slurm-logs/xcsp-parse-cop165-log-scop-time-rd-20260526-c609ccd4-dirty-q10609-rerun1-19856905-48.err,optimum,COMPLETED,0:0,00:02:17,,logs/cop165-cumulative-20260526-c609ccd4-dirty-q10609/slurm-logs/xcsp-parse-cop165-log-scop-task-rd-20260526-c609ccd4-dirty-q10609-rerun1-19856575-48.out,logs/cop165-cumulative-20260526-c609ccd4-dirty-q10609/slurm-logs/xcsp-parse-cop165-log-scop-task-rd-20260526-c609ccd4-dirty-q10609-rerun1-19856575-48.err,optimum,COMPLETED,0:0,00:11:08,,logs/cop165-cumulative-20260526-c609ccd4-dirty-q10609/slurm-logs/xcsp-parse-cop165-log-scop-cumext-20260526-c609ccd4-dirty-q10609-rerun1-19856577-48.out,logs/cop165-cumulative-20260526-c609ccd4-dirty-q10609/slurm-logs/xcsp-parse-cop165-log-scop-cumext-20260526-c609ccd4-dirty-q10609-rerun1-19856577-48.err,out_of_memory,OUT_OF_MEMORY,0:125,00:07:29,slurmstepd: error: Detected 1 oom-kill event(s) in StepId=19860171.batch. Some of your processes may have been killed by the cgroup out-of-memory handler.,logs/cop165-cumulative-20260526-c609ccd4-dirty-q10609/slurm-logs/xcsp-parse-cop165-order-ge-time-rd-20260526-c609ccd4-dirty-q10609-rerun1-19856579-48.out,logs/cop165-cumulative-20260526-c609ccd4-dirty-q10609/slurm-logs/xcsp-parse-cop165-order-ge-time-rd-20260526-c609ccd4-dirty-q10609-rerun1-19856579-48.err,timeout_incumbent,COMPLETED,0:0,00:30:08,incumbent_interrupted_by_signal,logs/cop165-cumulative-20260526-c609ccd4-dirty-q10609/slurm-logs/xcsp-parse-cop165-order-ge-task-rd-20260526-c609ccd4-dirty-q10609-rerun1-19856581-48.out,logs/cop165-cumulative-20260526-c609ccd4-dirty-q10609/slurm-logs/xcsp-parse-cop165-order-ge-task-rd-20260526-c609ccd4-dirty-q10609-rerun1-19856581-48.err,timeout_incumbent,COMPLETED,0:0,00:30:04,incumbent_interrupted_by_signal,logs/cop165-cumulative-20260526-c609ccd4-dirty-q10609/slurm-logs/xcsp-parse-cop165-order-ge-cumext-20260526-c609ccd4-dirty-q10609-rerun1-19856583-48.out,logs/cop165-cumulative-20260526-c609ccd4-dirty-q10609/slurm-logs/xcsp-parse-cop165-order-ge-cumext-20260526-c609ccd4-dirty-q10609-rerun1-19856583-48.err
49,Cargo-06-1s-3927_c24.xml.lzma,COP22to25/Cargo-06-1s-3927_c24.xml.lzma,timeout_incumbent,COMPLETED,0:0,00:30:05,incumbent_interrupted_by_signal,logs/cop165-cumulative-20260526-c609ccd4-dirty-q10609/slurm-logs/xcsp-parse-cop165-log-scop-time-rd-20260526-c609ccd4-dirty-q10609-rerun1-19856905-49.out,logs/cop165-cumulative-20260526-c609ccd4-dirty-q10609/slurm-logs/xcsp-parse-cop165-log-scop-time-rd-20260526-c609ccd4-dirty-q10609-rerun1-19856905-49.err,optimum,COMPLETED,0:0,00:03:00,,logs/cop165-cumulative-20260526-c609ccd4-dirty-q10609/slurm-logs/xcsp-parse-cop165-log-scop-task-rd-20260526-c609ccd4-dirty-q10609-rerun1-19856575-49.out,logs/cop165-cumulative-20260526-c609ccd4-dirty-q10609/slurm-logs/xcsp-parse-cop165-log-scop-task-rd-20260526-c609ccd4-dirty-q10609-rerun1-19856575-49.err,timeout_unknown,COMPLETED,0:0,00:30:04,terminated_by_signal,logs/cop165-cumulative-20260526-c609ccd4-dirty-q10609/slurm-logs/xcsp-parse-cop165-log-scop-cumext-20260526-c609ccd4-dirty-q10609-rerun1-19856577-49.out,logs/cop165-cumulative-20260526-c609ccd4-dirty-q10609/slurm-logs/xcsp-parse-cop165-log-scop-cumext-20260526-c609ccd4-dirty-q10609-rerun1-19856577-49.err,timeout_incumbent,COMPLETED,0:0,00:30:05,incumbent_interrupted_by_signal,logs/cop165-cumulative-20260526-c609ccd4-dirty-q10609/slurm-logs/xcsp-parse-cop165-order-ge-time-rd-20260526-c609ccd4-dirty-q10609-rerun1-19856579-49.out,logs/cop165-cumulative-20260526-c609ccd4-dirty-q10609/slurm-logs/xcsp-parse-cop165-order-ge-time-rd-20260526-c609ccd4-dirty-q10609-rerun1-19856579-49.err,timeout_incumbent,COMPLETED,0:0,00:30:06,incumbent_interrupted_by_signal,logs/cop165-cumulative-20260526-c609ccd4-dirty-q10609/slurm-logs/xcsp-parse-cop165-order-ge-task-rd-20260526-c609ccd4-dirty-q10609-rerun1-19856581-49.out,logs/cop165-cumulative-20260526-c609ccd4-dirty-q10609/slurm-logs/xcsp-parse-cop165-order-ge-task-rd-20260526-c609ccd4-dirty-q10609-rerun1-19856581-49.err,timeout_incumbent,COMPLETED,0:0,00:30:04,incumbent_interrupted_by_signal,logs/cop165-cumulative-20260526-c609ccd4-dirty-q10609/slurm-logs/xcsp-parse-cop165-order-ge-cumext-20260526-c609ccd4-dirty-q10609-rerun1-19856583-49.out,logs/cop165-cumulative-20260526-c609ccd4-dirty-q10609/slurm-logs/xcsp-parse-cop165-order-ge-cumext-20260526-c609ccd4-dirty-q10609-rerun1-19856583-49.err
50,CarpetCutting-test04_c23.xml.lzma,COP22to25/CarpetCutting-test04_c23.xml.lzma,timeout_incumbent,COMPLETED,0:0,00:30:04,incumbent_interrupted_by_signal,logs/cop165-cumulative-20260526-c609ccd4-dirty-q10609/slurm-logs/xcsp-parse-cop165-log-scop-time-rd-20260526-c609ccd4-dirty-q10609-rerun1-19856905-50.out,logs/cop165-cumulative-20260526-c609ccd4-dirty-q10609/slurm-logs/xcsp-parse-cop165-log-scop-time-rd-20260526-c609ccd4-dirty-q10609-rerun1-19856905-50.err,optimum,COMPLETED,0:0,00:03:13,,logs/cop165-cumulative-20260526-c609ccd4-dirty-q10609/slurm-logs/xcsp-parse-cop165-log-scop-task-rd-20260526-c609ccd4-dirty-q10609-rerun1-19856575-50.out,logs/cop165-cumulative-20260526-c609ccd4-dirty-q10609/slurm-logs/xcsp-parse-cop165-log-scop-task-rd-20260526-c609ccd4-dirty-q10609-rerun1-19856575-50.err,timeout_incumbent,COMPLETED,0:0,00:30:06,incumbent_interrupted_by_signal,logs/cop165-cumulative-20260526-c609ccd4-dirty-q10609/slurm-logs/xcsp-parse-cop165-log-scop-cumext-20260526-c609ccd4-dirty-q10609-rerun1-19856577-50.out,logs/cop165-cumulative-20260526-c609ccd4-dirty-q10609/slurm-logs/xcsp-parse-cop165-log-scop-cumext-20260526-c609ccd4-dirty-q10609-rerun1-19856577-50.err,out_of_memory,OUT_OF_MEMORY,0:125,00:06:39,slurmstepd: error: Detected 1 oom-kill event(s) in StepId=19860195.batch. Some of your processes may have been killed by the cgroup out-of-memory handler.,logs/cop165-cumulative-20260526-c609ccd4-dirty-q10609/slurm-logs/xcsp-parse-cop165-order-ge-time-rd-20260526-c609ccd4-dirty-q10609-rerun1-19856579-50.out,logs/cop165-cumulative-20260526-c609ccd4-dirty-q10609/slurm-logs/xcsp-parse-cop165-order-ge-time-rd-20260526-c609ccd4-dirty-q10609-rerun1-19856579-50.err,out_of_memory,OUT_OF_MEMORY,0:125,00:07:54,slurmstepd: error: Detected 11 oom-kill event(s) in StepId=19863920.batch. Some of your processes may have been killed by the cgroup out-of-memory handler.,logs/cop165-cumulative-20260526-c609ccd4-dirty-q10609/slurm-logs/xcsp-parse-cop165-order-ge-task-rd-20260526-c609ccd4-dirty-q10609-rerun1-19856581-50.out,logs/cop165-cumulative-20260526-c609ccd4-dirty-q10609/slurm-logs/xcsp-parse-cop165-order-ge-task-rd-20260526-c609ccd4-dirty-q10609-rerun1-19856581-50.err,timeout_incumbent,COMPLETED,0:0,00:30:05,incumbent_interrupted_by_signal,logs/cop165-cumulative-20260526-c609ccd4-dirty-q10609/slurm-logs/xcsp-parse-cop165-order-ge-cumext-20260526-c609ccd4-dirty-q10609-rerun1-19856583-50.out,logs/cop165-cumulative-20260526-c609ccd4-dirty-q10609/slurm-logs/xcsp-parse-cop165-order-ge-cumext-20260526-c609ccd4-dirty-q10609-rerun1-19856583-50.err
51,Cargo-07-1s-133_c24.xml.lzma,COP22to25/Cargo-07-1s-133_c24.xml.lzma,optimum,COMPLETED,0:0,00:30:08,,logs/cop165-cumulative-20260526-c609ccd4-dirty-q10609/slurm-logs/xcsp-parse-cop165-log-scop-time-rd-20260526-c609ccd4-dirty-q10609-rerun1-19856905-51.out,logs/cop165-cumulative-20260526-c609ccd4-dirty-q10609/slurm-logs/xcsp-parse-cop165-log-scop-time-rd-20260526-c609ccd4-dirty-q10609-rerun1-19856905-51.err,timeout_incumbent,COMPLETED,0:0,00:30:05,incumbent_interrupted_by_signal,logs/cop165-cumulative-20260526-c609ccd4-dirty-q10609/slurm-logs/xcsp-parse-cop165-log-scop-task-rd-20260526-c609ccd4-dirty-q10609-rerun1-19856575-51.out,logs/cop165-cumulative-20260526-c609ccd4-dirty-q10609/slurm-logs/xcsp-parse-cop165-log-scop-task-rd-20260526-c609ccd4-dirty-q10609-rerun1-19856575-51.err,timeout_unknown,COMPLETED,0:0,00:30:04,terminated_by_signal,logs/cop165-cumulative-20260526-c609ccd4-dirty-q10609/slurm-logs/xcsp-parse-cop165-log-scop-cumext-20260526-c609ccd4-dirty-q10609-rerun1-19856577-51.out,logs/cop165-cumulative-20260526-c609ccd4-dirty-q10609/slurm-logs/xcsp-parse-cop165-log-scop-cumext-20260526-c609ccd4-dirty-q10609-rerun1-19856577-51.err,timeout_incumbent,COMPLETED,0:0,00:30:04,incumbent_interrupted_by_signal,logs/cop165-cumulative-20260526-c609ccd4-dirty-q10609/slurm-logs/xcsp-parse-cop165-order-ge-time-rd-20260526-c609ccd4-dirty-q10609-rerun1-19856579-51.out,logs/cop165-cumulative-20260526-c609ccd4-dirty-q10609/slurm-logs/xcsp-parse-cop165-order-ge-time-rd-20260526-c609ccd4-dirty-q10609-rerun1-19856579-51.err,timeout_incumbent,COMPLETED,0:0,00:30:04,incumbent_interrupted_by_signal,logs/cop165-cumulative-20260526-c609ccd4-dirty-q10609/slurm-logs/xcsp-parse-cop165-order-ge-task-rd-20260526-c609ccd4-dirty-q10609-rerun1-19856581-51.out,logs/cop165-cumulative-20260526-c609ccd4-dirty-q10609/slurm-logs/xcsp-parse-cop165-order-ge-task-rd-20260526-c609ccd4-dirty-q10609-rerun1-19856581-51.err,timeout_incumbent,COMPLETED,0:0,00:30:05,incumbent_interrupted_by_signal,logs/cop165-cumulative-20260526-c609ccd4-dirty-q10609/slurm-logs/xcsp-parse-cop165-order-ge-cumext-20260526-c609ccd4-dirty-q10609-rerun1-19856583-51.out,logs/cop165-cumulative-20260526-c609ccd4-dirty-q10609/slurm-logs/xcsp-parse-cop165-order-ge-cumext-20260526-c609ccd4-dirty-q10609-rerun1-19856583-51.err
52,VRP_LC-09-05-10-s1_c24.xml.lzma,COP22to25/VRP_LC-09-05-10-s1_c24.xml.lzma,optimum,COMPLETED,0:0,00:02:40,,logs/cop165-cumulative-20260526-c609ccd4-dirty-q10609/slurm-logs/xcsp-parse-cop165-log-scop-time-rd-20260526-c609ccd4-dirty-q10609-rerun1-19856905-52.out,logs/cop165-cumulative-20260526-c609ccd4-dirty-q10609/slurm-logs/xcsp-parse-cop165-log-scop-time-rd-20260526-c609ccd4-dirty-q10609-rerun1-19856905-52.err,optimum,COMPLETED,0:0,00:03:00,,logs/cop165-cumulative-20260526-c609ccd4-dirty-q10609/slurm-logs/xcsp-parse-cop165-log-scop-task-rd-20260526-c609ccd4-dirty-q10609-rerun1-19856575-52.out,logs/cop165-cumulative-20260526-c609ccd4-dirty-q10609/slurm-logs/xcsp-parse-cop165-log-scop-task-rd-20260526-c609ccd4-dirty-q10609-rerun1-19856575-52.err,optimum,COMPLETED,0:0,00:03:01,,logs/cop165-cumulative-20260526-c609ccd4-dirty-q10609/slurm-logs/xcsp-parse-cop165-log-scop-cumext-20260526-c609ccd4-dirty-q10609-rerun1-19856577-52.out,logs/cop165-cumulative-20260526-c609ccd4-dirty-q10609/slurm-logs/xcsp-parse-cop165-log-scop-cumext-20260526-c609ccd4-dirty-q10609-rerun1-19856577-52.err,optimum,COMPLETED,0:0,00:00:29,,logs/cop165-cumulative-20260526-c609ccd4-dirty-q10609/slurm-logs/xcsp-parse-cop165-order-ge-time-rd-20260526-c609ccd4-dirty-q10609-rerun1-19856579-52.out,logs/cop165-cumulative-20260526-c609ccd4-dirty-q10609/slurm-logs/xcsp-parse-cop165-order-ge-time-rd-20260526-c609ccd4-dirty-q10609-rerun1-19856579-52.err,optimum,COMPLETED,0:0,00:00:31,,logs/cop165-cumulative-20260526-c609ccd4-dirty-q10609/slurm-logs/xcsp-parse-cop165-order-ge-task-rd-20260526-c609ccd4-dirty-q10609-rerun1-19856581-52.out,logs/cop165-cumulative-20260526-c609ccd4-dirty-q10609/slurm-logs/xcsp-parse-cop165-order-ge-task-rd-20260526-c609ccd4-dirty-q10609-rerun1-19856581-52.err,optimum,COMPLETED,0:0,00:00:30,,logs/cop165-cumulative-20260526-c609ccd4-dirty-q10609/slurm-logs/xcsp-parse-cop165-order-ge-cumext-20260526-c609ccd4-dirty-q10609-rerun1-19856583-52.out,logs/cop165-cumulative-20260526-c609ccd4-dirty-q10609/slurm-logs/xcsp-parse-cop165-order-ge-cumext-20260526-c609ccd4-dirty-q10609-rerun1-19856583-52.err
53,VRP_LC-09-05-10-s2_c24.xml.lzma,COP22to25/VRP_LC-09-05-10-s2_c24.xml.lzma,optimum,COMPLETED,0:0,00:11:49,,logs/cop165-cumulative-20260526-c609ccd4-dirty-q10609/slurm-logs/xcsp-parse-cop165-log-scop-time-rd-20260526-c609ccd4-dirty-q10609-rerun1-19856905-53.out,logs/cop165-cumulative-20260526-c609ccd4-dirty-q10609/slurm-logs/xcsp-parse-cop165-log-scop-time-rd-20260526-c609ccd4-dirty-q10609-rerun1-19856905-53.err,optimum,COMPLETED,0:0,00:10:15,,logs/cop165-cumulative-20260526-c609ccd4-dirty-q10609/slurm-logs/xcsp-parse-cop165-log-scop-task-rd-20260526-c609ccd4-dirty-q10609-rerun1-19856575-53.out,logs/cop165-cumulative-20260526-c609ccd4-dirty-q10609/slurm-logs/xcsp-parse-cop165-log-scop-task-rd-20260526-c609ccd4-dirty-q10609-rerun1-19856575-53.err,optimum,COMPLETED,0:0,00:09:53,,logs/cop165-cumulative-20260526-c609ccd4-dirty-q10609/slurm-logs/xcsp-parse-cop165-log-scop-cumext-20260526-c609ccd4-dirty-q10609-rerun1-19856577-53.out,logs/cop165-cumulative-20260526-c609ccd4-dirty-q10609/slurm-logs/xcsp-parse-cop165-log-scop-cumext-20260526-c609ccd4-dirty-q10609-rerun1-19856577-53.err,optimum,COMPLETED,0:0,00:01:18,,logs/cop165-cumulative-20260526-c609ccd4-dirty-q10609/slurm-logs/xcsp-parse-cop165-order-ge-time-rd-20260526-c609ccd4-dirty-q10609-rerun1-19856579-53.out,logs/cop165-cumulative-20260526-c609ccd4-dirty-q10609/slurm-logs/xcsp-parse-cop165-order-ge-time-rd-20260526-c609ccd4-dirty-q10609-rerun1-19856579-53.err,optimum,COMPLETED,0:0,00:00:52,,logs/cop165-cumulative-20260526-c609ccd4-dirty-q10609/slurm-logs/xcsp-parse-cop165-order-ge-task-rd-20260526-c609ccd4-dirty-q10609-rerun1-19856581-53.out,logs/cop165-cumulative-20260526-c609ccd4-dirty-q10609/slurm-logs/xcsp-parse-cop165-order-ge-task-rd-20260526-c609ccd4-dirty-q10609-rerun1-19856581-53.err,optimum,COMPLETED,0:0,00:01:26,,logs/cop165-cumulative-20260526-c609ccd4-dirty-q10609/slurm-logs/xcsp-parse-cop165-order-ge-cumext-20260526-c609ccd4-dirty-q10609-rerun1-19856583-53.out,logs/cop165-cumulative-20260526-c609ccd4-dirty-q10609/slurm-logs/xcsp-parse-cop165-order-ge-cumext-20260526-c609ccd4-dirty-q10609-rerun1-19856583-53.err
54,VRP_LC-09-05-10-s3_c24.xml.lzma,COP22to25/VRP_LC-09-05-10-s3_c24.xml.lzma,optimum,COMPLETED,0:0,00:12:30,,logs/cop165-cumulative-20260526-c609ccd4-dirty-q10609/slurm-logs/xcsp-parse-cop165-log-scop-time-rd-20260526-c609ccd4-dirty-q10609-rerun1-19856905-54.out,logs/cop165-cumulative-20260526-c609ccd4-dirty-q10609/slurm-logs/xcsp-parse-cop165-log-scop-time-rd-20260526-c609ccd4-dirty-q10609-rerun1-19856905-54.err,optimum,COMPLETED,0:0,00:12:22,,logs/cop165-cumulative-20260526-c609ccd4-dirty-q10609/slurm-logs/xcsp-parse-cop165-log-scop-task-rd-20260526-c609ccd4-dirty-q10609-rerun1-19856575-54.out,logs/cop165-cumulative-20260526-c609ccd4-dirty-q10609/slurm-logs/xcsp-parse-cop165-log-scop-task-rd-20260526-c609ccd4-dirty-q10609-rerun1-19856575-54.err,optimum,COMPLETED,0:0,00:10:42,,logs/cop165-cumulative-20260526-c609ccd4-dirty-q10609/slurm-logs/xcsp-parse-cop165-log-scop-cumext-20260526-c609ccd4-dirty-q10609-rerun1-19856577-54.out,logs/cop165-cumulative-20260526-c609ccd4-dirty-q10609/slurm-logs/xcsp-parse-cop165-log-scop-cumext-20260526-c609ccd4-dirty-q10609-rerun1-19856577-54.err,optimum,COMPLETED,0:0,00:01:47,,logs/cop165-cumulative-20260526-c609ccd4-dirty-q10609/slurm-logs/xcsp-parse-cop165-order-ge-time-rd-20260526-c609ccd4-dirty-q10609-rerun1-19856579-54.out,logs/cop165-cumulative-20260526-c609ccd4-dirty-q10609/slurm-logs/xcsp-parse-cop165-order-ge-time-rd-20260526-c609ccd4-dirty-q10609-rerun1-19856579-54.err,optimum,COMPLETED,0:0,00:01:08,,logs/cop165-cumulative-20260526-c609ccd4-dirty-q10609/slurm-logs/xcsp-parse-cop165-order-ge-task-rd-20260526-c609ccd4-dirty-q10609-rerun1-19856581-54.out,logs/cop165-cumulative-20260526-c609ccd4-dirty-q10609/slurm-logs/xcsp-parse-cop165-order-ge-task-rd-20260526-c609ccd4-dirty-q10609-rerun1-19856581-54.err,optimum,COMPLETED,0:0,00:01:55,,logs/cop165-cumulative-20260526-c609ccd4-dirty-q10609/slurm-logs/xcsp-parse-cop165-order-ge-cumext-20260526-c609ccd4-dirty-q10609-rerun1-19856583-54.out,logs/cop165-cumulative-20260526-c609ccd4-dirty-q10609/slurm-logs/xcsp-parse-cop165-order-ge-cumext-20260526-c609ccd4-dirty-q10609-rerun1-19856583-54.err
55,Cargo-09-1s-18_c24.xml.lzma,COP22to25/Cargo-09-1s-18_c24.xml.lzma,optimum,COMPLETED,0:0,00:01:14,,logs/cop165-cumulative-20260526-c609ccd4-dirty-q10609/slurm-logs/xcsp-parse-cop165-log-scop-time-rd-20260526-c609ccd4-dirty-q10609-rerun1-19856905-55.out,logs/cop165-cumulative-20260526-c609ccd4-dirty-q10609/slurm-logs/xcsp-parse-cop165-log-scop-time-rd-20260526-c609ccd4-dirty-q10609-rerun1-19856905-55.err,optimum,COMPLETED,0:0,00:01:01,,logs/cop165-cumulative-20260526-c609ccd4-dirty-q10609/slurm-logs/xcsp-parse-cop165-log-scop-task-rd-20260526-c609ccd4-dirty-q10609-rerun1-19856575-55.out,logs/cop165-cumulative-20260526-c609ccd4-dirty-q10609/slurm-logs/xcsp-parse-cop165-log-scop-task-rd-20260526-c609ccd4-dirty-q10609-rerun1-19856575-55.err,optimum,COMPLETED,0:0,00:00:16,,logs/cop165-cumulative-20260526-c609ccd4-dirty-q10609/slurm-logs/xcsp-parse-cop165-log-scop-cumext-20260526-c609ccd4-dirty-q10609-rerun1-19856577-55.out,logs/cop165-cumulative-20260526-c609ccd4-dirty-q10609/slurm-logs/xcsp-parse-cop165-log-scop-cumext-20260526-c609ccd4-dirty-q10609-rerun1-19856577-55.err,out_of_memory,OUT_OF_MEMORY,0:125,00:19:19,slurmstepd: error: Detected 6 oom-kill event(s) in StepId=19860230.batch. Some of your processes may have been killed by the cgroup out-of-memory handler.,logs/cop165-cumulative-20260526-c609ccd4-dirty-q10609/slurm-logs/xcsp-parse-cop165-order-ge-time-rd-20260526-c609ccd4-dirty-q10609-rerun1-19856579-55.out,logs/cop165-cumulative-20260526-c609ccd4-dirty-q10609/slurm-logs/xcsp-parse-cop165-order-ge-time-rd-20260526-c609ccd4-dirty-q10609-rerun1-19856579-55.err,out_of_memory,OUT_OF_MEMORY,0:125,00:17:34,slurmstepd: error: Detected 1 oom-kill event(s) in StepId=19863987.batch. Some of your processes may have been killed by the cgroup out-of-memory handler.,logs/cop165-cumulative-20260526-c609ccd4-dirty-q10609/slurm-logs/xcsp-parse-cop165-order-ge-task-rd-20260526-c609ccd4-dirty-q10609-rerun1-19856581-55.out,logs/cop165-cumulative-20260526-c609ccd4-dirty-q10609/slurm-logs/xcsp-parse-cop165-order-ge-task-rd-20260526-c609ccd4-dirty-q10609-rerun1-19856581-55.err,out_of_memory,OUT_OF_MEMORY,0:125,00:17:37,slurmstepd: error: Detected 11 oom-kill event(s) in StepId=19868002.batch. Some of your processes may have been killed by the cgroup out-of-memory handler.,logs/cop165-cumulative-20260526-c609ccd4-dirty-q10609/slurm-logs/xcsp-parse-cop165-order-ge-cumext-20260526-c609ccd4-dirty-q10609-rerun1-19856583-55.out,logs/cop165-cumulative-20260526-c609ccd4-dirty-q10609/slurm-logs/xcsp-parse-cop165-order-ge-cumext-20260526-c609ccd4-dirty-q10609-rerun1-19856583-55.err
56,CarpetCutting-test15_c23.xml.lzma,COP22to25/CarpetCutting-test15_c23.xml.lzma,timeout_incumbent,COMPLETED,0:0,00:30:06,incumbent_interrupted_by_signal,logs/cop165-cumulative-20260526-c609ccd4-dirty-q10609/slurm-logs/xcsp-parse-cop165-log-scop-time-rd-20260526-c609ccd4-dirty-q10609-rerun1-19856905-56.out,logs/cop165-cumulative-20260526-c609ccd4-dirty-q10609/slurm-logs/xcsp-parse-cop165-log-scop-time-rd-20260526-c609ccd4-dirty-q10609-rerun1-19856905-56.err,timeout_incumbent,COMPLETED,0:0,00:30:05,incumbent_interrupted_by_signal,logs/cop165-cumulative-20260526-c609ccd4-dirty-q10609/slurm-logs/xcsp-parse-cop165-log-scop-task-rd-20260526-c609ccd4-dirty-q10609-rerun1-19856575-56.out,logs/cop165-cumulative-20260526-c609ccd4-dirty-q10609/slurm-logs/xcsp-parse-cop165-log-scop-task-rd-20260526-c609ccd4-dirty-q10609-rerun1-19856575-56.err,timeout_incumbent,COMPLETED,0:0,00:30:06,incumbent_interrupted_by_signal,logs/cop165-cumulative-20260526-c609ccd4-dirty-q10609/slurm-logs/xcsp-parse-cop165-log-scop-cumext-20260526-c609ccd4-dirty-q10609-rerun1-19856577-56.out,logs/cop165-cumulative-20260526-c609ccd4-dirty-q10609/slurm-logs/xcsp-parse-cop165-log-scop-cumext-20260526-c609ccd4-dirty-q10609-rerun1-19856577-56.err,out_of_memory,OUT_OF_MEMORY,0:125,00:06:52,slurmstepd: error: Detected 1 oom-kill event(s) in StepId=19860246.batch. Some of your processes may have been killed by the cgroup out-of-memory handler.,logs/cop165-cumulative-20260526-c609ccd4-dirty-q10609/slurm-logs/xcsp-parse-cop165-order-ge-time-rd-20260526-c609ccd4-dirty-q10609-rerun1-19856579-56.out,logs/cop165-cumulative-20260526-c609ccd4-dirty-q10609/slurm-logs/xcsp-parse-cop165-order-ge-time-rd-20260526-c609ccd4-dirty-q10609-rerun1-19856579-56.err,out_of_memory,OUT_OF_MEMORY,0:125,00:08:07,slurmstepd: error: Detected 1 oom-kill event(s) in StepId=19863997.batch. Some of your processes may have been killed by the cgroup out-of-memory handler.,logs/cop165-cumulative-20260526-c609ccd4-dirty-q10609/slurm-logs/xcsp-parse-cop165-order-ge-task-rd-20260526-c609ccd4-dirty-q10609-rerun1-19856581-56.out,logs/cop165-cumulative-20260526-c609ccd4-dirty-q10609/slurm-logs/xcsp-parse-cop165-order-ge-task-rd-20260526-c609ccd4-dirty-q10609-rerun1-19856581-56.err,timeout_incumbent,COMPLETED,0:0,00:30:05,incumbent_interrupted_by_signal,logs/cop165-cumulative-20260526-c609ccd4-dirty-q10609/slurm-logs/xcsp-parse-cop165-order-ge-cumext-20260526-c609ccd4-dirty-q10609-rerun1-19856583-56.out,logs/cop165-cumulative-20260526-c609ccd4-dirty-q10609/slurm-logs/xcsp-parse-cop165-order-ge-cumext-20260526-c609ccd4-dirty-q10609-rerun1-19856583-56.err
57,Cargo-10-15966f-2060_c24.xml.lzma,COP22to25/Cargo-10-15966f-2060_c24.xml.lzma,optimum,COMPLETED,0:0,00:03:09,,logs/cop165-cumulative-20260526-c609ccd4-dirty-q10609/slurm-logs/xcsp-parse-cop165-log-scop-time-rd-20260526-c609ccd4-dirty-q10609-rerun1-19856905-57.out,logs/cop165-cumulative-20260526-c609ccd4-dirty-q10609/slurm-logs/xcsp-parse-cop165-log-scop-time-rd-20260526-c609ccd4-dirty-q10609-rerun1-19856905-57.err,optimum,COMPLETED,0:0,00:08:58,,logs/cop165-cumulative-20260526-c609ccd4-dirty-q10609/slurm-logs/xcsp-parse-cop165-log-scop-task-rd-20260526-c609ccd4-dirty-q10609-rerun1-19856575-57.out,logs/cop165-cumulative-20260526-c609ccd4-dirty-q10609/slurm-logs/xcsp-parse-cop165-log-scop-task-rd-20260526-c609ccd4-dirty-q10609-rerun1-19856575-57.err,timeout_unknown,COMPLETED,0:0,00:30:04,terminated_by_signal,logs/cop165-cumulative-20260526-c609ccd4-dirty-q10609/slurm-logs/xcsp-parse-cop165-log-scop-cumext-20260526-c609ccd4-dirty-q10609-rerun1-19856577-57.out,logs/cop165-cumulative-20260526-c609ccd4-dirty-q10609/slurm-logs/xcsp-parse-cop165-log-scop-cumext-20260526-c609ccd4-dirty-q10609-rerun1-19856577-57.err,out_of_memory,OUT_OF_MEMORY,0:125,00:11:39,"/var/spool/slurm/d/job19860247/slurm_script: 134 行: 1926630 強制終了            ""$ENGINE_BIN"" exec --bind ""${BENCHMARK_DIR%/}:${CONTAINER_BENCH_DIR%/}"" --bind ""${LOG_DIR%/}:${CONTAINER_LOG_DIR%/}"" --bind ""${RESULT_DIR%/}:${CONTAINER_RESULT_DIR%/}"" --env ""INSTANCE_PATH=${instance_cont",logs/cop165-cumulative-20260526-c609ccd4-dirty-q10609/slurm-logs/xcsp-parse-cop165-order-ge-time-rd-20260526-c609ccd4-dirty-q10609-rerun1-19856579-57.out,logs/cop165-cumulative-20260526-c609ccd4-dirty-q10609/slurm-logs/xcsp-parse-cop165-order-ge-time-rd-20260526-c609ccd4-dirty-q10609-rerun1-19856579-57.err,out_of_memory,OUT_OF_MEMORY,0:125,00:11:59,slurmstepd: error: Detected 1 oom-kill event(s) in StepId=19864020.batch. Some of your processes may have been killed by the cgroup out-of-memory handler.,logs/cop165-cumulative-20260526-c609ccd4-dirty-q10609/slurm-logs/xcsp-parse-cop165-order-ge-task-rd-20260526-c609ccd4-dirty-q10609-rerun1-19856581-57.out,logs/cop165-cumulative-20260526-c609ccd4-dirty-q10609/slurm-logs/xcsp-parse-cop165-order-ge-task-rd-20260526-c609ccd4-dirty-q10609-rerun1-19856581-57.err,out_of_memory,OUT_OF_MEMORY,0:125,00:12:48,slurmstepd: error: Detected 5 oom-kill event(s) in StepId=19868008.batch. Some of your processes may have been killed by the cgroup out-of-memory handler.,logs/cop165-cumulative-20260526-c609ccd4-dirty-q10609/slurm-logs/xcsp-parse-cop165-order-ge-cumext-20260526-c609ccd4-dirty-q10609-rerun1-19856583-57.out,logs/cop165-cumulative-20260526-c609ccd4-dirty-q10609/slurm-logs/xcsp-parse-cop165-order-ge-cumext-20260526-c609ccd4-dirty-q10609-rerun1-19856583-57.err
58,Cargo-08-222f-3475_c24.xml.lzma,COP22to25/Cargo-08-222f-3475_c24.xml.lzma,optimum,COMPLETED,0:0,00:03:47,,logs/cop165-cumulative-20260526-c609ccd4-dirty-q10609/slurm-logs/xcsp-parse-cop165-log-scop-time-rd-20260526-c609ccd4-dirty-q10609-rerun1-19856905-58.out,logs/cop165-cumulative-20260526-c609ccd4-dirty-q10609/slurm-logs/xcsp-parse-cop165-log-scop-time-rd-20260526-c609ccd4-dirty-q10609-rerun1-19856905-58.err,optimum,COMPLETED,0:0,00:06:57,,logs/cop165-cumulative-20260526-c609ccd4-dirty-q10609/slurm-logs/xcsp-parse-cop165-log-scop-task-rd-20260526-c609ccd4-dirty-q10609-rerun1-19856575-58.out,logs/cop165-cumulative-20260526-c609ccd4-dirty-q10609/slurm-logs/xcsp-parse-cop165-log-scop-task-rd-20260526-c609ccd4-dirty-q10609-rerun1-19856575-58.err,timeout_unknown,COMPLETED,0:0,00:30:03,terminated_by_signal,logs/cop165-cumulative-20260526-c609ccd4-dirty-q10609/slurm-logs/xcsp-parse-cop165-log-scop-cumext-20260526-c609ccd4-dirty-q10609-rerun1-19856577-58.out,logs/cop165-cumulative-20260526-c609ccd4-dirty-q10609/slurm-logs/xcsp-parse-cop165-log-scop-cumext-20260526-c609ccd4-dirty-q10609-rerun1-19856577-58.err,out_of_memory,OUT_OF_MEMORY,0:125,00:11:17,slurmstepd: error: Detected 1 oom-kill event(s) in StepId=19860256.batch. Some of your processes may have been killed by the cgroup out-of-memory handler.,logs/cop165-cumulative-20260526-c609ccd4-dirty-q10609/slurm-logs/xcsp-parse-cop165-order-ge-time-rd-20260526-c609ccd4-dirty-q10609-rerun1-19856579-58.out,logs/cop165-cumulative-20260526-c609ccd4-dirty-q10609/slurm-logs/xcsp-parse-cop165-order-ge-time-rd-20260526-c609ccd4-dirty-q10609-rerun1-19856579-58.err,out_of_memory,OUT_OF_MEMORY,0:125,00:15:25,slurmstepd: error: Detected 18 oom-kill event(s) in StepId=19864036.batch. Some of your processes may have been killed by the cgroup out-of-memory handler.,logs/cop165-cumulative-20260526-c609ccd4-dirty-q10609/slurm-logs/xcsp-parse-cop165-order-ge-task-rd-20260526-c609ccd4-dirty-q10609-rerun1-19856581-58.out,logs/cop165-cumulative-20260526-c609ccd4-dirty-q10609/slurm-logs/xcsp-parse-cop165-order-ge-task-rd-20260526-c609ccd4-dirty-q10609-rerun1-19856581-58.err,out_of_memory,OUT_OF_MEMORY,0:125,00:11:13,slurmstepd: error: Detected 1 oom-kill event(s) in StepId=19868013.batch. Some of your processes may have been killed by the cgroup out-of-memory handler.,logs/cop165-cumulative-20260526-c609ccd4-dirty-q10609/slurm-logs/xcsp-parse-cop165-order-ge-cumext-20260526-c609ccd4-dirty-q10609-rerun1-19856583-58.out,logs/cop165-cumulative-20260526-c609ccd4-dirty-q10609/slurm-logs/xcsp-parse-cop165-order-ge-cumext-20260526-c609ccd4-dirty-q10609-rerun1-19856583-58.err
59,CarpetCutting-test07_c23.xml.lzma,COP22to25/CarpetCutting-test07_c23.xml.lzma,timeout_incumbent,COMPLETED,0:0,00:30:05,incumbent_interrupted_by_signal,logs/cop165-cumulative-20260526-c609ccd4-dirty-q10609/slurm-logs/xcsp-parse-cop165-log-scop-time-rd-20260526-c609ccd4-dirty-q10609-rerun1-19856905-59.out,logs/cop165-cumulative-20260526-c609ccd4-dirty-q10609/slurm-logs/xcsp-parse-cop165-log-scop-time-rd-20260526-c609ccd4-dirty-q10609-rerun1-19856905-59.err,timeout_incumbent,COMPLETED,0:0,00:30:05,incumbent_interrupted_by_signal,logs/cop165-cumulative-20260526-c609ccd4-dirty-q10609/slurm-logs/xcsp-parse-cop165-log-scop-task-rd-20260526-c609ccd4-dirty-q10609-rerun1-19856575-59.out,logs/cop165-cumulative-20260526-c609ccd4-dirty-q10609/slurm-logs/xcsp-parse-cop165-log-scop-task-rd-20260526-c609ccd4-dirty-q10609-rerun1-19856575-59.err,timeout_incumbent,COMPLETED,0:0,00:30:04,incumbent_interrupted_by_signal,logs/cop165-cumulative-20260526-c609ccd4-dirty-q10609/slurm-logs/xcsp-parse-cop165-log-scop-cumext-20260526-c609ccd4-dirty-q10609-rerun1-19856577-59.out,logs/cop165-cumulative-20260526-c609ccd4-dirty-q10609/slurm-logs/xcsp-parse-cop165-log-scop-cumext-20260526-c609ccd4-dirty-q10609-rerun1-19856577-59.err,out_of_memory,OUT_OF_MEMORY,0:125,00:06:53,slurmstepd: error: Detected 1 oom-kill event(s) in StepId=19860267.batch. Some of your processes may have been killed by the cgroup out-of-memory handler.,logs/cop165-cumulative-20260526-c609ccd4-dirty-q10609/slurm-logs/xcsp-parse-cop165-order-ge-time-rd-20260526-c609ccd4-dirty-q10609-rerun1-19856579-59.out,logs/cop165-cumulative-20260526-c609ccd4-dirty-q10609/slurm-logs/xcsp-parse-cop165-order-ge-time-rd-20260526-c609ccd4-dirty-q10609-rerun1-19856579-59.err,out_of_memory,OUT_OF_MEMORY,0:125,00:08:00,slurmstepd: error: Detected 1 oom-kill event(s) in StepId=19864068.batch. Some of your processes may have been killed by the cgroup out-of-memory handler.,logs/cop165-cumulative-20260526-c609ccd4-dirty-q10609/slurm-logs/xcsp-parse-cop165-order-ge-task-rd-20260526-c609ccd4-dirty-q10609-rerun1-19856581-59.out,logs/cop165-cumulative-20260526-c609ccd4-dirty-q10609/slurm-logs/xcsp-parse-cop165-order-ge-task-rd-20260526-c609ccd4-dirty-q10609-rerun1-19856581-59.err,timeout_incumbent,COMPLETED,0:0,00:30:04,incumbent_interrupted_by_signal,logs/cop165-cumulative-20260526-c609ccd4-dirty-q10609/slurm-logs/xcsp-parse-cop165-order-ge-cumext-20260526-c609ccd4-dirty-q10609-rerun1-19856583-59.out,logs/cop165-cumulative-20260526-c609ccd4-dirty-q10609/slurm-logs/xcsp-parse-cop165-order-ge-cumext-20260526-c609ccd4-dirty-q10609-rerun1-19856583-59.err
60,CarpetCutting-test19_c23.xml.lzma,COP22to25/CarpetCutting-test19_c23.xml.lzma,timeout_incumbent,COMPLETED,0:0,00:30:05,incumbent_interrupted_by_signal,logs/cop165-cumulative-20260526-c609ccd4-dirty-q10609/slurm-logs/xcsp-parse-cop165-log-scop-time-rd-20260526-c609ccd4-dirty-q10609-rerun1-19856905-60.out,logs/cop165-cumulative-20260526-c609ccd4-dirty-q10609/slurm-logs/xcsp-parse-cop165-log-scop-time-rd-20260526-c609ccd4-dirty-q10609-rerun1-19856905-60.err,timeout_incumbent,COMPLETED,0:0,00:30:04,incumbent_interrupted_by_signal,logs/cop165-cumulative-20260526-c609ccd4-dirty-q10609/slurm-logs/xcsp-parse-cop165-log-scop-task-rd-20260526-c609ccd4-dirty-q10609-rerun1-19856575-60.out,logs/cop165-cumulative-20260526-c609ccd4-dirty-q10609/slurm-logs/xcsp-parse-cop165-log-scop-task-rd-20260526-c609ccd4-dirty-q10609-rerun1-19856575-60.err,timeout_incumbent,COMPLETED,0:0,00:30:03,incumbent_interrupted_by_signal,logs/cop165-cumulative-20260526-c609ccd4-dirty-q10609/slurm-logs/xcsp-parse-cop165-log-scop-cumext-20260526-c609ccd4-dirty-q10609-rerun1-19856577-60.out,logs/cop165-cumulative-20260526-c609ccd4-dirty-q10609/slurm-logs/xcsp-parse-cop165-log-scop-cumext-20260526-c609ccd4-dirty-q10609-rerun1-19856577-60.err,out_of_memory,OUT_OF_MEMORY,0:125,00:06:11,slurmstepd: error: Detected 7 oom-kill event(s) in StepId=19860300.batch. Some of your processes may have been killed by the cgroup out-of-memory handler.,logs/cop165-cumulative-20260526-c609ccd4-dirty-q10609/slurm-logs/xcsp-parse-cop165-order-ge-time-rd-20260526-c609ccd4-dirty-q10609-rerun1-19856579-60.out,logs/cop165-cumulative-20260526-c609ccd4-dirty-q10609/slurm-logs/xcsp-parse-cop165-order-ge-time-rd-20260526-c609ccd4-dirty-q10609-rerun1-19856579-60.err,out_of_memory,OUT_OF_MEMORY,0:125,00:08:40,slurmstepd: error: Detected 1 oom-kill event(s) in StepId=19864075.batch. Some of your processes may have been killed by the cgroup out-of-memory handler.,logs/cop165-cumulative-20260526-c609ccd4-dirty-q10609/slurm-logs/xcsp-parse-cop165-order-ge-task-rd-20260526-c609ccd4-dirty-q10609-rerun1-19856581-60.out,logs/cop165-cumulative-20260526-c609ccd4-dirty-q10609/slurm-logs/xcsp-parse-cop165-order-ge-task-rd-20260526-c609ccd4-dirty-q10609-rerun1-19856581-60.err,timeout_incumbent,COMPLETED,0:0,00:30:04,incumbent_interrupted_by_signal,logs/cop165-cumulative-20260526-c609ccd4-dirty-q10609/slurm-logs/xcsp-parse-cop165-order-ge-cumext-20260526-c609ccd4-dirty-q10609-rerun1-19856583-60.out,logs/cop165-cumulative-20260526-c609ccd4-dirty-q10609/slurm-logs/xcsp-parse-cop165-order-ge-cumext-20260526-c609ccd4-dirty-q10609-rerun1-19856583-60.err
61,CarpetCutting-test14_c23.xml.lzma,COP22to25/CarpetCutting-test14_c23.xml.lzma,timeout_incumbent,COMPLETED,0:0,00:30:03,incumbent_interrupted_by_signal,logs/cop165-cumulative-20260526-c609ccd4-dirty-q10609/slurm-logs/xcsp-parse-cop165-log-scop-time-rd-20260526-c609ccd4-dirty-q10609-rerun1-19856905-61.out,logs/cop165-cumulative-20260526-c609ccd4-dirty-q10609/slurm-logs/xcsp-parse-cop165-log-scop-time-rd-20260526-c609ccd4-dirty-q10609-rerun1-19856905-61.err,timeout_incumbent,COMPLETED,0:0,00:30:03,incumbent_interrupted_by_signal,logs/cop165-cumulative-20260526-c609ccd4-dirty-q10609/slurm-logs/xcsp-parse-cop165-log-scop-task-rd-20260526-c609ccd4-dirty-q10609-rerun1-19856575-61.out,logs/cop165-cumulative-20260526-c609ccd4-dirty-q10609/slurm-logs/xcsp-parse-cop165-log-scop-task-rd-20260526-c609ccd4-dirty-q10609-rerun1-19856575-61.err,timeout_incumbent,COMPLETED,0:0,00:30:04,incumbent_interrupted_by_signal,logs/cop165-cumulative-20260526-c609ccd4-dirty-q10609/slurm-logs/xcsp-parse-cop165-log-scop-cumext-20260526-c609ccd4-dirty-q10609-rerun1-19856577-61.out,logs/cop165-cumulative-20260526-c609ccd4-dirty-q10609/slurm-logs/xcsp-parse-cop165-log-scop-cumext-20260526-c609ccd4-dirty-q10609-rerun1-19856577-61.err,out_of_memory,OUT_OF_MEMORY,0:125,00:05:52,slurmstepd: error: Detected 2 oom-kill event(s) in StepId=19860314.batch. Some of your processes may have been killed by the cgroup out-of-memory handler.,logs/cop165-cumulative-20260526-c609ccd4-dirty-q10609/slurm-logs/xcsp-parse-cop165-order-ge-time-rd-20260526-c609ccd4-dirty-q10609-rerun1-19856579-61.out,logs/cop165-cumulative-20260526-c609ccd4-dirty-q10609/slurm-logs/xcsp-parse-cop165-order-ge-time-rd-20260526-c609ccd4-dirty-q10609-rerun1-19856579-61.err,out_of_memory,OUT_OF_MEMORY,0:125,00:09:15,slurmstepd: error: Detected 2 oom-kill event(s) in StepId=19864151.batch. Some of your processes may have been killed by the cgroup out-of-memory handler.,logs/cop165-cumulative-20260526-c609ccd4-dirty-q10609/slurm-logs/xcsp-parse-cop165-order-ge-task-rd-20260526-c609ccd4-dirty-q10609-rerun1-19856581-61.out,logs/cop165-cumulative-20260526-c609ccd4-dirty-q10609/slurm-logs/xcsp-parse-cop165-order-ge-task-rd-20260526-c609ccd4-dirty-q10609-rerun1-19856581-61.err,timeout_incumbent,COMPLETED,0:0,00:30:05,incumbent_interrupted_by_signal,logs/cop165-cumulative-20260526-c609ccd4-dirty-q10609/slurm-logs/xcsp-parse-cop165-order-ge-cumext-20260526-c609ccd4-dirty-q10609-rerun1-19856583-61.out,logs/cop165-cumulative-20260526-c609ccd4-dirty-q10609/slurm-logs/xcsp-parse-cop165-order-ge-cumext-20260526-c609ccd4-dirty-q10609-rerun1-19856583-61.err
62,CarpetCutting-test06_c23.xml.lzma,COP22to25/CarpetCutting-test06_c23.xml.lzma,timeout_incumbent,COMPLETED,0:0,00:30:03,incumbent_interrupted_by_signal,logs/cop165-cumulative-20260526-c609ccd4-dirty-q10609/slurm-logs/xcsp-parse-cop165-log-scop-time-rd-20260526-c609ccd4-dirty-q10609-rerun1-19856905-62.out,logs/cop165-cumulative-20260526-c609ccd4-dirty-q10609/slurm-logs/xcsp-parse-cop165-log-scop-time-rd-20260526-c609ccd4-dirty-q10609-rerun1-19856905-62.err,optimum,COMPLETED,0:0,00:02:50,,logs/cop165-cumulative-20260526-c609ccd4-dirty-q10609/slurm-logs/xcsp-parse-cop165-log-scop-task-rd-20260526-c609ccd4-dirty-q10609-rerun1-19856575-62.out,logs/cop165-cumulative-20260526-c609ccd4-dirty-q10609/slurm-logs/xcsp-parse-cop165-log-scop-task-rd-20260526-c609ccd4-dirty-q10609-rerun1-19856575-62.err,optimum,COMPLETED,0:0,00:00:41,,logs/cop165-cumulative-20260526-c609ccd4-dirty-q10609/slurm-logs/xcsp-parse-cop165-log-scop-cumext-20260526-c609ccd4-dirty-q10609-rerun1-19856577-62.out,logs/cop165-cumulative-20260526-c609ccd4-dirty-q10609/slurm-logs/xcsp-parse-cop165-log-scop-cumext-20260526-c609ccd4-dirty-q10609-rerun1-19856577-62.err,out_of_memory,OUT_OF_MEMORY,0:125,00:03:50,slurmstepd: error: Detected 2 oom-kill event(s) in StepId=19860324.batch. Some of your processes may have been killed by the cgroup out-of-memory handler.,logs/cop165-cumulative-20260526-c609ccd4-dirty-q10609/slurm-logs/xcsp-parse-cop165-order-ge-time-rd-20260526-c609ccd4-dirty-q10609-rerun1-19856579-62.out,logs/cop165-cumulative-20260526-c609ccd4-dirty-q10609/slurm-logs/xcsp-parse-cop165-order-ge-time-rd-20260526-c609ccd4-dirty-q10609-rerun1-19856579-62.err,out_of_memory,OUT_OF_MEMORY,0:125,00:07:36,slurmstepd: error: Detected 1 oom-kill event(s) in StepId=19864375.batch. Some of your processes may have been killed by the cgroup out-of-memory handler.,logs/cop165-cumulative-20260526-c609ccd4-dirty-q10609/slurm-logs/xcsp-parse-cop165-order-ge-task-rd-20260526-c609ccd4-dirty-q10609-rerun1-19856581-62.out,logs/cop165-cumulative-20260526-c609ccd4-dirty-q10609/slurm-logs/xcsp-parse-cop165-order-ge-task-rd-20260526-c609ccd4-dirty-q10609-rerun1-19856581-62.err,timeout_incumbent,COMPLETED,0:0,00:30:04,incumbent_interrupted_by_signal,logs/cop165-cumulative-20260526-c609ccd4-dirty-q10609/slurm-logs/xcsp-parse-cop165-order-ge-cumext-20260526-c609ccd4-dirty-q10609-rerun1-19856583-62.out,logs/cop165-cumulative-20260526-c609ccd4-dirty-q10609/slurm-logs/xcsp-parse-cop165-order-ge-cumext-20260526-c609ccd4-dirty-q10609-rerun1-19856583-62.err
63,CarpetCutting-test09_c23.xml.lzma,COP22to25/CarpetCutting-test09_c23.xml.lzma,timeout_incumbent,COMPLETED,0:0,00:30:04,incumbent_interrupted_by_signal,logs/cop165-cumulative-20260526-c609ccd4-dirty-q10609/slurm-logs/xcsp-parse-cop165-log-scop-time-rd-20260526-c609ccd4-dirty-q10609-rerun1-19856905-63.out,logs/cop165-cumulative-20260526-c609ccd4-dirty-q10609/slurm-logs/xcsp-parse-cop165-log-scop-time-rd-20260526-c609ccd4-dirty-q10609-rerun1-19856905-63.err,timeout_incumbent,COMPLETED,0:0,00:30:03,incumbent_interrupted_by_signal,logs/cop165-cumulative-20260526-c609ccd4-dirty-q10609/slurm-logs/xcsp-parse-cop165-log-scop-task-rd-20260526-c609ccd4-dirty-q10609-rerun1-19856575-63.out,logs/cop165-cumulative-20260526-c609ccd4-dirty-q10609/slurm-logs/xcsp-parse-cop165-log-scop-task-rd-20260526-c609ccd4-dirty-q10609-rerun1-19856575-63.err,optimum,COMPLETED,0:0,00:01:08,,logs/cop165-cumulative-20260526-c609ccd4-dirty-q10609/slurm-logs/xcsp-parse-cop165-log-scop-cumext-20260526-c609ccd4-dirty-q10609-rerun1-19856577-63.out,logs/cop165-cumulative-20260526-c609ccd4-dirty-q10609/slurm-logs/xcsp-parse-cop165-log-scop-cumext-20260526-c609ccd4-dirty-q10609-rerun1-19856577-63.err,out_of_memory,OUT_OF_MEMORY,0:125,00:03:29,slurmstepd: error: Detected 1 oom-kill event(s) in StepId=19860336.batch. Some of your processes may have been killed by the cgroup out-of-memory handler.,logs/cop165-cumulative-20260526-c609ccd4-dirty-q10609/slurm-logs/xcsp-parse-cop165-order-ge-time-rd-20260526-c609ccd4-dirty-q10609-rerun1-19856579-63.out,logs/cop165-cumulative-20260526-c609ccd4-dirty-q10609/slurm-logs/xcsp-parse-cop165-order-ge-time-rd-20260526-c609ccd4-dirty-q10609-rerun1-19856579-63.err,out_of_memory,OUT_OF_MEMORY,0:125,00:08:43,slurmstepd: error: Detected 2 oom-kill event(s) in StepId=19864388.batch. Some of your processes may have been killed by the cgroup out-of-memory handler.,logs/cop165-cumulative-20260526-c609ccd4-dirty-q10609/slurm-logs/xcsp-parse-cop165-order-ge-task-rd-20260526-c609ccd4-dirty-q10609-rerun1-19856581-63.out,logs/cop165-cumulative-20260526-c609ccd4-dirty-q10609/slurm-logs/xcsp-parse-cop165-order-ge-task-rd-20260526-c609ccd4-dirty-q10609-rerun1-19856581-63.err,timeout_incumbent,COMPLETED,0:0,00:30:04,incumbent_interrupted_by_signal,logs/cop165-cumulative-20260526-c609ccd4-dirty-q10609/slurm-logs/xcsp-parse-cop165-order-ge-cumext-20260526-c609ccd4-dirty-q10609-rerun1-19856583-63.out,logs/cop165-cumulative-20260526-c609ccd4-dirty-q10609/slurm-logs/xcsp-parse-cop165-order-ge-cumext-20260526-c609ccd4-dirty-q10609-rerun1-19856583-63.err
64,VRP_LC-09-05-15-s2_c24.xml.lzma,COP22to25/VRP_LC-09-05-15-s2_c24.xml.lzma,timeout_incumbent,COMPLETED,0:0,00:30:03,incumbent_interrupted_by_signal,logs/cop165-cumulative-20260526-c609ccd4-dirty-q10609/slurm-logs/xcsp-parse-cop165-log-scop-time-rd-20260526-c609ccd4-dirty-q10609-rerun1-19856905-64.out,logs/cop165-cumulative-20260526-c609ccd4-dirty-q10609/slurm-logs/xcsp-parse-cop165-log-scop-time-rd-20260526-c609ccd4-dirty-q10609-rerun1-19856905-64.err,timeout_incumbent,COMPLETED,0:0,00:30:03,incumbent_interrupted_by_signal,logs/cop165-cumulative-20260526-c609ccd4-dirty-q10609/slurm-logs/xcsp-parse-cop165-log-scop-task-rd-20260526-c609ccd4-dirty-q10609-rerun1-19856575-64.out,logs/cop165-cumulative-20260526-c609ccd4-dirty-q10609/slurm-logs/xcsp-parse-cop165-log-scop-task-rd-20260526-c609ccd4-dirty-q10609-rerun1-19856575-64.err,timeout_incumbent,COMPLETED,0:0,00:30:03,incumbent_interrupted_by_signal,logs/cop165-cumulative-20260526-c609ccd4-dirty-q10609/slurm-logs/xcsp-parse-cop165-log-scop-cumext-20260526-c609ccd4-dirty-q10609-rerun1-19856577-64.out,logs/cop165-cumulative-20260526-c609ccd4-dirty-q10609/slurm-logs/xcsp-parse-cop165-log-scop-cumext-20260526-c609ccd4-dirty-q10609-rerun1-19856577-64.err,timeout_incumbent,COMPLETED,0:0,00:30:03,incumbent_interrupted_by_signal,logs/cop165-cumulative-20260526-c609ccd4-dirty-q10609/slurm-logs/xcsp-parse-cop165-order-ge-time-rd-20260526-c609ccd4-dirty-q10609-rerun1-19856579-64.out,logs/cop165-cumulative-20260526-c609ccd4-dirty-q10609/slurm-logs/xcsp-parse-cop165-order-ge-time-rd-20260526-c609ccd4-dirty-q10609-rerun1-19856579-64.err,timeout_incumbent,COMPLETED,0:0,00:30:05,incumbent_interrupted_by_signal,logs/cop165-cumulative-20260526-c609ccd4-dirty-q10609/slurm-logs/xcsp-parse-cop165-order-ge-task-rd-20260526-c609ccd4-dirty-q10609-rerun1-19856581-64.out,logs/cop165-cumulative-20260526-c609ccd4-dirty-q10609/slurm-logs/xcsp-parse-cop165-order-ge-task-rd-20260526-c609ccd4-dirty-q10609-rerun1-19856581-64.err,timeout_incumbent,COMPLETED,0:0,00:30:09,incumbent_interrupted_by_signal,logs/cop165-cumulative-20260526-c609ccd4-dirty-q10609/slurm-logs/xcsp-parse-cop165-order-ge-cumext-20260526-c609ccd4-dirty-q10609-rerun1-19856583-64.out,logs/cop165-cumulative-20260526-c609ccd4-dirty-q10609/slurm-logs/xcsp-parse-cop165-order-ge-cumext-20260526-c609ccd4-dirty-q10609-rerun1-19856583-64.err
65,VRP_LC-09-05-15-s3_c24.xml.lzma,COP22to25/VRP_LC-09-05-15-s3_c24.xml.lzma,timeout_incumbent,COMPLETED,0:0,00:30:04,incumbent_interrupted_by_signal,logs/cop165-cumulative-20260526-c609ccd4-dirty-q10609/slurm-logs/xcsp-parse-cop165-log-scop-time-rd-20260526-c609ccd4-dirty-q10609-rerun1-19856905-65.out,logs/cop165-cumulative-20260526-c609ccd4-dirty-q10609/slurm-logs/xcsp-parse-cop165-log-scop-time-rd-20260526-c609ccd4-dirty-q10609-rerun1-19856905-65.err,timeout_incumbent,COMPLETED,0:0,00:30:03,incumbent_interrupted_by_signal,logs/cop165-cumulative-20260526-c609ccd4-dirty-q10609/slurm-logs/xcsp-parse-cop165-log-scop-task-rd-20260526-c609ccd4-dirty-q10609-rerun1-19856575-65.out,logs/cop165-cumulative-20260526-c609ccd4-dirty-q10609/slurm-logs/xcsp-parse-cop165-log-scop-task-rd-20260526-c609ccd4-dirty-q10609-rerun1-19856575-65.err,timeout_incumbent,COMPLETED,0:0,00:30:16,incumbent_interrupted_by_signal,logs/cop165-cumulative-20260526-c609ccd4-dirty-q10609/slurm-logs/xcsp-parse-cop165-log-scop-cumext-20260526-c609ccd4-dirty-q10609-rerun1-19856577-65.out,logs/cop165-cumulative-20260526-c609ccd4-dirty-q10609/slurm-logs/xcsp-parse-cop165-log-scop-cumext-20260526-c609ccd4-dirty-q10609-rerun1-19856577-65.err,timeout_incumbent,COMPLETED,0:0,00:30:04,incumbent_interrupted_by_signal,logs/cop165-cumulative-20260526-c609ccd4-dirty-q10609/slurm-logs/xcsp-parse-cop165-order-ge-time-rd-20260526-c609ccd4-dirty-q10609-rerun1-19856579-65.out,logs/cop165-cumulative-20260526-c609ccd4-dirty-q10609/slurm-logs/xcsp-parse-cop165-order-ge-time-rd-20260526-c609ccd4-dirty-q10609-rerun1-19856579-65.err,timeout_incumbent,COMPLETED,0:0,00:30:06,incumbent_interrupted_by_signal,logs/cop165-cumulative-20260526-c609ccd4-dirty-q10609/slurm-logs/xcsp-parse-cop165-order-ge-task-rd-20260526-c609ccd4-dirty-q10609-rerun1-19856581-65.out,logs/cop165-cumulative-20260526-c609ccd4-dirty-q10609/slurm-logs/xcsp-parse-cop165-order-ge-task-rd-20260526-c609ccd4-dirty-q10609-rerun1-19856581-65.err,timeout_incumbent,COMPLETED,0:0,00:30:04,incumbent_interrupted_by_signal,logs/cop165-cumulative-20260526-c609ccd4-dirty-q10609/slurm-logs/xcsp-parse-cop165-order-ge-cumext-20260526-c609ccd4-dirty-q10609-rerun1-19856583-65.out,logs/cop165-cumulative-20260526-c609ccd4-dirty-q10609/slurm-logs/xcsp-parse-cop165-order-ge-cumext-20260526-c609ccd4-dirty-q10609-rerun1-19856583-65.err
66,FlexibleJobshopScen-dh-5-16-005_c25.xml.lzma,COP22to25/FlexibleJobshopScen-dh-5-16-005_c25.xml.lzma,optimum,COMPLETED,0:0,00:21:56,,logs/cop165-cumulative-20260526-c609ccd4-dirty-q10609/slurm-logs/xcsp-parse-cop165-log-scop-time-rd-20260526-c609ccd4-dirty-q10609-rerun1-19856905-66.out,logs/cop165-cumulative-20260526-c609ccd4-dirty-q10609/slurm-logs/xcsp-parse-cop165-log-scop-time-rd-20260526-c609ccd4-dirty-q10609-rerun1-19856905-66.err,optimum,COMPLETED,0:0,00:00:27,,logs/cop165-cumulative-20260526-c609ccd4-dirty-q10609/slurm-logs/xcsp-parse-cop165-log-scop-task-rd-20260526-c609ccd4-dirty-q10609-rerun1-19856575-66.out,logs/cop165-cumulative-20260526-c609ccd4-dirty-q10609/slurm-logs/xcsp-parse-cop165-log-scop-task-rd-20260526-c609ccd4-dirty-q10609-rerun1-19856575-66.err,optimum,COMPLETED,0:0,00:00:05,,logs/cop165-cumulative-20260526-c609ccd4-dirty-q10609/slurm-logs/xcsp-parse-cop165-log-scop-cumext-20260526-c609ccd4-dirty-q10609-rerun1-19856577-66.out,logs/cop165-cumulative-20260526-c609ccd4-dirty-q10609/slurm-logs/xcsp-parse-cop165-log-scop-cumext-20260526-c609ccd4-dirty-q10609-rerun1-19856577-66.err,timeout_incumbent,COMPLETED,0:0,00:30:04,incumbent_interrupted_by_signal,logs/cop165-cumulative-20260526-c609ccd4-dirty-q10609/slurm-logs/xcsp-parse-cop165-order-ge-time-rd-20260526-c609ccd4-dirty-q10609-rerun1-19856579-66.out,logs/cop165-cumulative-20260526-c609ccd4-dirty-q10609/slurm-logs/xcsp-parse-cop165-order-ge-time-rd-20260526-c609ccd4-dirty-q10609-rerun1-19856579-66.err,timeout_incumbent,COMPLETED,0:0,00:30:05,incumbent_interrupted_by_signal,logs/cop165-cumulative-20260526-c609ccd4-dirty-q10609/slurm-logs/xcsp-parse-cop165-order-ge-task-rd-20260526-c609ccd4-dirty-q10609-rerun1-19856581-66.out,logs/cop165-cumulative-20260526-c609ccd4-dirty-q10609/slurm-logs/xcsp-parse-cop165-order-ge-task-rd-20260526-c609ccd4-dirty-q10609-rerun1-19856581-66.err,timeout_incumbent,COMPLETED,0:0,00:30:06,incumbent_interrupted_by_signal,logs/cop165-cumulative-20260526-c609ccd4-dirty-q10609/slurm-logs/xcsp-parse-cop165-order-ge-cumext-20260526-c609ccd4-dirty-q10609-rerun1-19856583-66.out,logs/cop165-cumulative-20260526-c609ccd4-dirty-q10609/slurm-logs/xcsp-parse-cop165-order-ge-cumext-20260526-c609ccd4-dirty-q10609-rerun1-19856583-66.err
67,VRP_LC-11-05-15-s3_c24.xml.lzma,COP22to25/VRP_LC-11-05-15-s3_c24.xml.lzma,timeout_incumbent,COMPLETED,0:0,00:30:04,incumbent_interrupted_by_signal,logs/cop165-cumulative-20260526-c609ccd4-dirty-q10609/slurm-logs/xcsp-parse-cop165-log-scop-time-rd-20260526-c609ccd4-dirty-q10609-rerun1-19856905-67.out,logs/cop165-cumulative-20260526-c609ccd4-dirty-q10609/slurm-logs/xcsp-parse-cop165-log-scop-time-rd-20260526-c609ccd4-dirty-q10609-rerun1-19856905-67.err,timeout_incumbent,COMPLETED,0:0,00:30:04,incumbent_interrupted_by_signal,logs/cop165-cumulative-20260526-c609ccd4-dirty-q10609/slurm-logs/xcsp-parse-cop165-log-scop-task-rd-20260526-c609ccd4-dirty-q10609-rerun1-19856575-67.out,logs/cop165-cumulative-20260526-c609ccd4-dirty-q10609/slurm-logs/xcsp-parse-cop165-log-scop-task-rd-20260526-c609ccd4-dirty-q10609-rerun1-19856575-67.err,timeout_incumbent,COMPLETED,0:0,00:30:03,incumbent_interrupted_by_signal,logs/cop165-cumulative-20260526-c609ccd4-dirty-q10609/slurm-logs/xcsp-parse-cop165-log-scop-cumext-20260526-c609ccd4-dirty-q10609-rerun1-19856577-67.out,logs/cop165-cumulative-20260526-c609ccd4-dirty-q10609/slurm-logs/xcsp-parse-cop165-log-scop-cumext-20260526-c609ccd4-dirty-q10609-rerun1-19856577-67.err,timeout_incumbent,COMPLETED,0:0,00:30:04,incumbent_interrupted_by_signal,logs/cop165-cumulative-20260526-c609ccd4-dirty-q10609/slurm-logs/xcsp-parse-cop165-order-ge-time-rd-20260526-c609ccd4-dirty-q10609-rerun1-19856579-67.out,logs/cop165-cumulative-20260526-c609ccd4-dirty-q10609/slurm-logs/xcsp-parse-cop165-order-ge-time-rd-20260526-c609ccd4-dirty-q10609-rerun1-19856579-67.err,timeout_incumbent,COMPLETED,0:0,00:30:05,incumbent_interrupted_by_signal,logs/cop165-cumulative-20260526-c609ccd4-dirty-q10609/slurm-logs/xcsp-parse-cop165-order-ge-task-rd-20260526-c609ccd4-dirty-q10609-rerun1-19856581-67.out,logs/cop165-cumulative-20260526-c609ccd4-dirty-q10609/slurm-logs/xcsp-parse-cop165-order-ge-task-rd-20260526-c609ccd4-dirty-q10609-rerun1-19856581-67.err,timeout_incumbent,COMPLETED,0:0,00:30:05,incumbent_interrupted_by_signal,logs/cop165-cumulative-20260526-c609ccd4-dirty-q10609/slurm-logs/xcsp-parse-cop165-order-ge-cumext-20260526-c609ccd4-dirty-q10609-rerun1-19856583-67.out,logs/cop165-cumulative-20260526-c609ccd4-dirty-q10609/slurm-logs/xcsp-parse-cop165-order-ge-cumext-20260526-c609ccd4-dirty-q10609-rerun1-19856583-67.err
68,VRP_LC-11-05-15-s4_c24.xml.lzma,COP22to25/VRP_LC-11-05-15-s4_c24.xml.lzma,timeout_incumbent,COMPLETED,0:0,00:30:04,incumbent_interrupted_by_signal,logs/cop165-cumulative-20260526-c609ccd4-dirty-q10609/slurm-logs/xcsp-parse-cop165-log-scop-time-rd-20260526-c609ccd4-dirty-q10609-rerun1-19856905-68.out,logs/cop165-cumulative-20260526-c609ccd4-dirty-q10609/slurm-logs/xcsp-parse-cop165-log-scop-time-rd-20260526-c609ccd4-dirty-q10609-rerun1-19856905-68.err,timeout_incumbent,COMPLETED,0:0,00:30:04,incumbent_interrupted_by_signal,logs/cop165-cumulative-20260526-c609ccd4-dirty-q10609/slurm-logs/xcsp-parse-cop165-log-scop-task-rd-20260526-c609ccd4-dirty-q10609-rerun1-19856575-68.out,logs/cop165-cumulative-20260526-c609ccd4-dirty-q10609/slurm-logs/xcsp-parse-cop165-log-scop-task-rd-20260526-c609ccd4-dirty-q10609-rerun1-19856575-68.err,timeout_incumbent,COMPLETED,0:0,00:30:04,incumbent_interrupted_by_signal,logs/cop165-cumulative-20260526-c609ccd4-dirty-q10609/slurm-logs/xcsp-parse-cop165-log-scop-cumext-20260526-c609ccd4-dirty-q10609-rerun1-19856577-68.out,logs/cop165-cumulative-20260526-c609ccd4-dirty-q10609/slurm-logs/xcsp-parse-cop165-log-scop-cumext-20260526-c609ccd4-dirty-q10609-rerun1-19856577-68.err,timeout_incumbent,COMPLETED,0:0,00:30:05,incumbent_interrupted_by_signal,logs/cop165-cumulative-20260526-c609ccd4-dirty-q10609/slurm-logs/xcsp-parse-cop165-order-ge-time-rd-20260526-c609ccd4-dirty-q10609-rerun1-19856579-68.out,logs/cop165-cumulative-20260526-c609ccd4-dirty-q10609/slurm-logs/xcsp-parse-cop165-order-ge-time-rd-20260526-c609ccd4-dirty-q10609-rerun1-19856579-68.err,timeout_incumbent,COMPLETED,0:0,00:30:04,incumbent_interrupted_by_signal,logs/cop165-cumulative-20260526-c609ccd4-dirty-q10609/slurm-logs/xcsp-parse-cop165-order-ge-task-rd-20260526-c609ccd4-dirty-q10609-rerun1-19856581-68.out,logs/cop165-cumulative-20260526-c609ccd4-dirty-q10609/slurm-logs/xcsp-parse-cop165-order-ge-task-rd-20260526-c609ccd4-dirty-q10609-rerun1-19856581-68.err,timeout_incumbent,COMPLETED,0:0,00:30:05,incumbent_interrupted_by_signal,logs/cop165-cumulative-20260526-c609ccd4-dirty-q10609/slurm-logs/xcsp-parse-cop165-order-ge-cumext-20260526-c609ccd4-dirty-q10609-rerun1-19856583-68.out,logs/cop165-cumulative-20260526-c609ccd4-dirty-q10609/slurm-logs/xcsp-parse-cop165-order-ge-cumext-20260526-c609ccd4-dirty-q10609-rerun1-19856583-68.err
69,CarpetCutting-test18_c23.xml.lzma,COP22to25/CarpetCutting-test18_c23.xml.lzma,timeout_incumbent,COMPLETED,0:0,00:30:04,incumbent_interrupted_by_signal,logs/cop165-cumulative-20260526-c609ccd4-dirty-q10609/slurm-logs/xcsp-parse-cop165-log-scop-time-rd-20260526-c609ccd4-dirty-q10609-rerun1-19856905-69.out,logs/cop165-cumulative-20260526-c609ccd4-dirty-q10609/slurm-logs/xcsp-parse-cop165-log-scop-time-rd-20260526-c609ccd4-dirty-q10609-rerun1-19856905-69.err,timeout_incumbent,COMPLETED,0:0,00:30:03,incumbent_interrupted_by_signal,logs/cop165-cumulative-20260526-c609ccd4-dirty-q10609/slurm-logs/xcsp-parse-cop165-log-scop-task-rd-20260526-c609ccd4-dirty-q10609-rerun1-19856575-69.out,logs/cop165-cumulative-20260526-c609ccd4-dirty-q10609/slurm-logs/xcsp-parse-cop165-log-scop-task-rd-20260526-c609ccd4-dirty-q10609-rerun1-19856575-69.err,timeout_incumbent,COMPLETED,0:0,00:30:04,incumbent_interrupted_by_signal,logs/cop165-cumulative-20260526-c609ccd4-dirty-q10609/slurm-logs/xcsp-parse-cop165-log-scop-cumext-20260526-c609ccd4-dirty-q10609-rerun1-19856577-69.out,logs/cop165-cumulative-20260526-c609ccd4-dirty-q10609/slurm-logs/xcsp-parse-cop165-log-scop-cumext-20260526-c609ccd4-dirty-q10609-rerun1-19856577-69.err,out_of_memory,OUT_OF_MEMORY,0:125,00:05:19,slurmstepd: error: Detected 1 oom-kill event(s) in StepId=19860435.batch. Some of your processes may have been killed by the cgroup out-of-memory handler.,logs/cop165-cumulative-20260526-c609ccd4-dirty-q10609/slurm-logs/xcsp-parse-cop165-order-ge-time-rd-20260526-c609ccd4-dirty-q10609-rerun1-19856579-69.out,logs/cop165-cumulative-20260526-c609ccd4-dirty-q10609/slurm-logs/xcsp-parse-cop165-order-ge-time-rd-20260526-c609ccd4-dirty-q10609-rerun1-19856579-69.err,out_of_memory,OUT_OF_MEMORY,0:125,00:07:18,slurmstepd: error: Detected 1 oom-kill event(s) in StepId=19865000.batch. Some of your processes may have been killed by the cgroup out-of-memory handler.,logs/cop165-cumulative-20260526-c609ccd4-dirty-q10609/slurm-logs/xcsp-parse-cop165-order-ge-task-rd-20260526-c609ccd4-dirty-q10609-rerun1-19856581-69.out,logs/cop165-cumulative-20260526-c609ccd4-dirty-q10609/slurm-logs/xcsp-parse-cop165-order-ge-task-rd-20260526-c609ccd4-dirty-q10609-rerun1-19856581-69.err,timeout_incumbent,COMPLETED,0:0,00:30:05,incumbent_interrupted_by_signal,logs/cop165-cumulative-20260526-c609ccd4-dirty-q10609/slurm-logs/xcsp-parse-cop165-order-ge-cumext-20260526-c609ccd4-dirty-q10609-rerun1-19856583-69.out,logs/cop165-cumulative-20260526-c609ccd4-dirty-q10609/slurm-logs/xcsp-parse-cop165-order-ge-cumext-20260526-c609ccd4-dirty-q10609-rerun1-19856583-69.err
70,FlexibleJobshopScen-dh-6-18-005_c25.xml.lzma,COP22to25/FlexibleJobshopScen-dh-6-18-005_c25.xml.lzma,optimum,COMPLETED,0:0,00:08:34,,logs/cop165-cumulative-20260526-c609ccd4-dirty-q10609/slurm-logs/xcsp-parse-cop165-log-scop-time-rd-20260526-c609ccd4-dirty-q10609-rerun1-19856905-70.out,logs/cop165-cumulative-20260526-c609ccd4-dirty-q10609/slurm-logs/xcsp-parse-cop165-log-scop-time-rd-20260526-c609ccd4-dirty-q10609-rerun1-19856905-70.err,optimum,COMPLETED,0:0,00:00:10,,logs/cop165-cumulative-20260526-c609ccd4-dirty-q10609/slurm-logs/xcsp-parse-cop165-log-scop-task-rd-20260526-c609ccd4-dirty-q10609-rerun1-19856575-70.out,logs/cop165-cumulative-20260526-c609ccd4-dirty-q10609/slurm-logs/xcsp-parse-cop165-log-scop-task-rd-20260526-c609ccd4-dirty-q10609-rerun1-19856575-70.err,optimum,COMPLETED,0:0,00:00:06,,logs/cop165-cumulative-20260526-c609ccd4-dirty-q10609/slurm-logs/xcsp-parse-cop165-log-scop-cumext-20260526-c609ccd4-dirty-q10609-rerun1-19856577-70.out,logs/cop165-cumulative-20260526-c609ccd4-dirty-q10609/slurm-logs/xcsp-parse-cop165-log-scop-cumext-20260526-c609ccd4-dirty-q10609-rerun1-19856577-70.err,timeout_incumbent,COMPLETED,0:0,00:30:04,incumbent_interrupted_by_signal,logs/cop165-cumulative-20260526-c609ccd4-dirty-q10609/slurm-logs/xcsp-parse-cop165-order-ge-time-rd-20260526-c609ccd4-dirty-q10609-rerun1-19856579-70.out,logs/cop165-cumulative-20260526-c609ccd4-dirty-q10609/slurm-logs/xcsp-parse-cop165-order-ge-time-rd-20260526-c609ccd4-dirty-q10609-rerun1-19856579-70.err,timeout_incumbent,COMPLETED,0:0,00:30:04,incumbent_interrupted_by_signal,logs/cop165-cumulative-20260526-c609ccd4-dirty-q10609/slurm-logs/xcsp-parse-cop165-order-ge-task-rd-20260526-c609ccd4-dirty-q10609-rerun1-19856581-70.out,logs/cop165-cumulative-20260526-c609ccd4-dirty-q10609/slurm-logs/xcsp-parse-cop165-order-ge-task-rd-20260526-c609ccd4-dirty-q10609-rerun1-19856581-70.err,timeout_incumbent,COMPLETED,0:0,00:30:04,incumbent_interrupted_by_signal,logs/cop165-cumulative-20260526-c609ccd4-dirty-q10609/slurm-logs/xcsp-parse-cop165-order-ge-cumext-20260526-c609ccd4-dirty-q10609-rerun1-19856583-70.out,logs/cop165-cumulative-20260526-c609ccd4-dirty-q10609/slurm-logs/xcsp-parse-cop165-order-ge-cumext-20260526-c609ccd4-dirty-q10609-rerun1-19856583-70.err
71,CarpetCutting-test17_c23.xml.lzma,COP22to25/CarpetCutting-test17_c23.xml.lzma,timeout_incumbent,COMPLETED,0:0,00:30:04,incumbent_interrupted_by_signal,logs/cop165-cumulative-20260526-c609ccd4-dirty-q10609/slurm-logs/xcsp-parse-cop165-log-scop-time-rd-20260526-c609ccd4-dirty-q10609-rerun1-19856905-71.out,logs/cop165-cumulative-20260526-c609ccd4-dirty-q10609/slurm-logs/xcsp-parse-cop165-log-scop-time-rd-20260526-c609ccd4-dirty-q10609-rerun1-19856905-71.err,timeout_incumbent,COMPLETED,0:0,00:30:03,incumbent_interrupted_by_signal,logs/cop165-cumulative-20260526-c609ccd4-dirty-q10609/slurm-logs/xcsp-parse-cop165-log-scop-task-rd-20260526-c609ccd4-dirty-q10609-rerun1-19856575-71.out,logs/cop165-cumulative-20260526-c609ccd4-dirty-q10609/slurm-logs/xcsp-parse-cop165-log-scop-task-rd-20260526-c609ccd4-dirty-q10609-rerun1-19856575-71.err,timeout_incumbent,COMPLETED,0:0,00:30:04,incumbent_interrupted_by_signal,logs/cop165-cumulative-20260526-c609ccd4-dirty-q10609/slurm-logs/xcsp-parse-cop165-log-scop-cumext-20260526-c609ccd4-dirty-q10609-rerun1-19856577-71.out,logs/cop165-cumulative-20260526-c609ccd4-dirty-q10609/slurm-logs/xcsp-parse-cop165-log-scop-cumext-20260526-c609ccd4-dirty-q10609-rerun1-19856577-71.err,out_of_memory,OUT_OF_MEMORY,0:125,00:03:07,slurmstepd: error: Detected 1 oom-kill event(s) in StepId=19860481.batch. Some of your processes may have been killed by the cgroup out-of-memory handler.,logs/cop165-cumulative-20260526-c609ccd4-dirty-q10609/slurm-logs/xcsp-parse-cop165-order-ge-time-rd-20260526-c609ccd4-dirty-q10609-rerun1-19856579-71.out,logs/cop165-cumulative-20260526-c609ccd4-dirty-q10609/slurm-logs/xcsp-parse-cop165-order-ge-time-rd-20260526-c609ccd4-dirty-q10609-rerun1-19856579-71.err,out_of_memory,OUT_OF_MEMORY,0:125,00:07:47,slurmstepd: error: Detected 1 oom-kill event(s) in StepId=19865026.batch. Some of your processes may have been killed by the cgroup out-of-memory handler.,logs/cop165-cumulative-20260526-c609ccd4-dirty-q10609/slurm-logs/xcsp-parse-cop165-order-ge-task-rd-20260526-c609ccd4-dirty-q10609-rerun1-19856581-71.out,logs/cop165-cumulative-20260526-c609ccd4-dirty-q10609/slurm-logs/xcsp-parse-cop165-order-ge-task-rd-20260526-c609ccd4-dirty-q10609-rerun1-19856581-71.err,timeout_incumbent,COMPLETED,0:0,00:30:04,incumbent_interrupted_by_signal,logs/cop165-cumulative-20260526-c609ccd4-dirty-q10609/slurm-logs/xcsp-parse-cop165-order-ge-cumext-20260526-c609ccd4-dirty-q10609-rerun1-19856583-71.out,logs/cop165-cumulative-20260526-c609ccd4-dirty-q10609/slurm-logs/xcsp-parse-cop165-order-ge-cumext-20260526-c609ccd4-dirty-q10609-rerun1-19856583-71.err
72,LargeScaleScheduling-00400-0_c23.xml.lzma,COP22to25/LargeScaleScheduling-00400-0_c23.xml.lzma,timeout_incumbent,COMPLETED,0:0,00:30:05,incumbent_interrupted_by_signal,logs/cop165-cumulative-20260526-c609ccd4-dirty-q10609/slurm-logs/xcsp-parse-cop165-log-scop-time-rd-20260526-c609ccd4-dirty-q10609-rerun1-19856905-72.out,logs/cop165-cumulative-20260526-c609ccd4-dirty-q10609/slurm-logs/xcsp-parse-cop165-log-scop-time-rd-20260526-c609ccd4-dirty-q10609-rerun1-19856905-72.err,timeout_incumbent,COMPLETED,0:0,00:30:05,incumbent_interrupted_by_signal,logs/cop165-cumulative-20260526-c609ccd4-dirty-q10609/slurm-logs/xcsp-parse-cop165-log-scop-task-rd-20260526-c609ccd4-dirty-q10609-rerun1-19856575-72.out,logs/cop165-cumulative-20260526-c609ccd4-dirty-q10609/slurm-logs/xcsp-parse-cop165-log-scop-task-rd-20260526-c609ccd4-dirty-q10609-rerun1-19856575-72.err,timeout_incumbent,COMPLETED,0:0,00:30:04,incumbent_interrupted_by_signal,logs/cop165-cumulative-20260526-c609ccd4-dirty-q10609/slurm-logs/xcsp-parse-cop165-log-scop-cumext-20260526-c609ccd4-dirty-q10609-rerun1-19856577-72.out,logs/cop165-cumulative-20260526-c609ccd4-dirty-q10609/slurm-logs/xcsp-parse-cop165-log-scop-cumext-20260526-c609ccd4-dirty-q10609-rerun1-19856577-72.err,out_of_memory,OUT_OF_MEMORY,0:125,00:03:37,slurmstepd: error: Detected 1 oom-kill event(s) in StepId=19860487.batch. Some of your processes may have been killed by the cgroup out-of-memory handler.,logs/cop165-cumulative-20260526-c609ccd4-dirty-q10609/slurm-logs/xcsp-parse-cop165-order-ge-time-rd-20260526-c609ccd4-dirty-q10609-rerun1-19856579-72.out,logs/cop165-cumulative-20260526-c609ccd4-dirty-q10609/slurm-logs/xcsp-parse-cop165-order-ge-time-rd-20260526-c609ccd4-dirty-q10609-rerun1-19856579-72.err,out_of_memory,OUT_OF_MEMORY,0:125,00:04:54,slurmstepd: error: Detected 7 oom-kill event(s) in StepId=19865042.batch. Some of your processes may have been killed by the cgroup out-of-memory handler.,logs/cop165-cumulative-20260526-c609ccd4-dirty-q10609/slurm-logs/xcsp-parse-cop165-order-ge-task-rd-20260526-c609ccd4-dirty-q10609-rerun1-19856581-72.out,logs/cop165-cumulative-20260526-c609ccd4-dirty-q10609/slurm-logs/xcsp-parse-cop165-order-ge-task-rd-20260526-c609ccd4-dirty-q10609-rerun1-19856581-72.err,out_of_memory,OUT_OF_MEMORY,0:125,00:03:44,slurmstepd: error: Detected 13 oom-kill event(s) in StepId=19868259.batch. Some of your processes may have been killed by the cgroup out-of-memory handler.,logs/cop165-cumulative-20260526-c609ccd4-dirty-q10609/slurm-logs/xcsp-parse-cop165-order-ge-cumext-20260526-c609ccd4-dirty-q10609-rerun1-19856583-72.out,logs/cop165-cumulative-20260526-c609ccd4-dirty-q10609/slurm-logs/xcsp-parse-cop165-order-ge-cumext-20260526-c609ccd4-dirty-q10609-rerun1-19856583-72.err
73,CarpetCutting-test08_c23.xml.lzma,COP22to25/CarpetCutting-test08_c23.xml.lzma,timeout_incumbent,COMPLETED,0:0,00:30:06,incumbent_interrupted_by_signal,logs/cop165-cumulative-20260526-c609ccd4-dirty-q10609/slurm-logs/xcsp-parse-cop165-log-scop-time-rd-20260526-c609ccd4-dirty-q10609-rerun1-19856905-73.out,logs/cop165-cumulative-20260526-c609ccd4-dirty-q10609/slurm-logs/xcsp-parse-cop165-log-scop-time-rd-20260526-c609ccd4-dirty-q10609-rerun1-19856905-73.err,timeout_incumbent,COMPLETED,0:0,00:30:05,incumbent_interrupted_by_signal,logs/cop165-cumulative-20260526-c609ccd4-dirty-q10609/slurm-logs/xcsp-parse-cop165-log-scop-task-rd-20260526-c609ccd4-dirty-q10609-rerun1-19856575-73.out,logs/cop165-cumulative-20260526-c609ccd4-dirty-q10609/slurm-logs/xcsp-parse-cop165-log-scop-task-rd-20260526-c609ccd4-dirty-q10609-rerun1-19856575-73.err,timeout_incumbent,COMPLETED,0:0,00:30:04,incumbent_interrupted_by_signal,logs/cop165-cumulative-20260526-c609ccd4-dirty-q10609/slurm-logs/xcsp-parse-cop165-log-scop-cumext-20260526-c609ccd4-dirty-q10609-rerun1-19856577-73.out,logs/cop165-cumulative-20260526-c609ccd4-dirty-q10609/slurm-logs/xcsp-parse-cop165-log-scop-cumext-20260526-c609ccd4-dirty-q10609-rerun1-19856577-73.err,out_of_memory,OUT_OF_MEMORY,0:125,00:03:58,slurmstepd: error: Detected 1 oom-kill event(s) in StepId=19860547.batch. Some of your processes may have been killed by the cgroup out-of-memory handler.,logs/cop165-cumulative-20260526-c609ccd4-dirty-q10609/slurm-logs/xcsp-parse-cop165-order-ge-time-rd-20260526-c609ccd4-dirty-q10609-rerun1-19856579-73.out,logs/cop165-cumulative-20260526-c609ccd4-dirty-q10609/slurm-logs/xcsp-parse-cop165-order-ge-time-rd-20260526-c609ccd4-dirty-q10609-rerun1-19856579-73.err,out_of_memory,OUT_OF_MEMORY,0:125,00:09:34,slurmstepd: error: Detected 6 oom-kill event(s) in StepId=19865067.batch. Some of your processes may have been killed by the cgroup out-of-memory handler.,logs/cop165-cumulative-20260526-c609ccd4-dirty-q10609/slurm-logs/xcsp-parse-cop165-order-ge-task-rd-20260526-c609ccd4-dirty-q10609-rerun1-19856581-73.out,logs/cop165-cumulative-20260526-c609ccd4-dirty-q10609/slurm-logs/xcsp-parse-cop165-order-ge-task-rd-20260526-c609ccd4-dirty-q10609-rerun1-19856581-73.err,timeout_incumbent,COMPLETED,0:0,00:30:04,incumbent_interrupted_by_signal,logs/cop165-cumulative-20260526-c609ccd4-dirty-q10609/slurm-logs/xcsp-parse-cop165-order-ge-cumext-20260526-c609ccd4-dirty-q10609-rerun1-19856583-73.out,logs/cop165-cumulative-20260526-c609ccd4-dirty-q10609/slurm-logs/xcsp-parse-cop165-order-ge-cumext-20260526-c609ccd4-dirty-q10609-rerun1-19856583-73.err
74,TestScheduling-t050m10r03-1_c24.xml.lzma,COP22to25/TestScheduling-t050m10r03-1_c24.xml.lzma,timeout_incumbent,COMPLETED,0:0,00:30:04,incumbent_interrupted_by_signal,logs/cop165-cumulative-20260526-c609ccd4-dirty-q10609/slurm-logs/xcsp-parse-cop165-log-scop-time-rd-20260526-c609ccd4-dirty-q10609-rerun1-19856905-74.out,logs/cop165-cumulative-20260526-c609ccd4-dirty-q10609/slurm-logs/xcsp-parse-cop165-log-scop-time-rd-20260526-c609ccd4-dirty-q10609-rerun1-19856905-74.err,timeout_incumbent,COMPLETED,0:0,00:30:05,incumbent_interrupted_by_signal,logs/cop165-cumulative-20260526-c609ccd4-dirty-q10609/slurm-logs/xcsp-parse-cop165-log-scop-task-rd-20260526-c609ccd4-dirty-q10609-rerun1-19856575-74.out,logs/cop165-cumulative-20260526-c609ccd4-dirty-q10609/slurm-logs/xcsp-parse-cop165-log-scop-task-rd-20260526-c609ccd4-dirty-q10609-rerun1-19856575-74.err,timeout_incumbent,COMPLETED,0:0,00:30:05,incumbent_interrupted_by_signal,logs/cop165-cumulative-20260526-c609ccd4-dirty-q10609/slurm-logs/xcsp-parse-cop165-log-scop-cumext-20260526-c609ccd4-dirty-q10609-rerun1-19856577-74.out,logs/cop165-cumulative-20260526-c609ccd4-dirty-q10609/slurm-logs/xcsp-parse-cop165-log-scop-cumext-20260526-c609ccd4-dirty-q10609-rerun1-19856577-74.err,timeout_incumbent,COMPLETED,0:0,00:30:05,incumbent_interrupted_by_signal,logs/cop165-cumulative-20260526-c609ccd4-dirty-q10609/slurm-logs/xcsp-parse-cop165-order-ge-time-rd-20260526-c609ccd4-dirty-q10609-rerun1-19856579-74.out,logs/cop165-cumulative-20260526-c609ccd4-dirty-q10609/slurm-logs/xcsp-parse-cop165-order-ge-time-rd-20260526-c609ccd4-dirty-q10609-rerun1-19856579-74.err,timeout_incumbent,COMPLETED,0:0,00:30:04,incumbent_interrupted_by_signal,logs/cop165-cumulative-20260526-c609ccd4-dirty-q10609/slurm-logs/xcsp-parse-cop165-order-ge-task-rd-20260526-c609ccd4-dirty-q10609-rerun1-19856581-74.out,logs/cop165-cumulative-20260526-c609ccd4-dirty-q10609/slurm-logs/xcsp-parse-cop165-order-ge-task-rd-20260526-c609ccd4-dirty-q10609-rerun1-19856581-74.err,timeout_incumbent,COMPLETED,0:0,00:30:04,incumbent_interrupted_by_signal,logs/cop165-cumulative-20260526-c609ccd4-dirty-q10609/slurm-logs/xcsp-parse-cop165-order-ge-cumext-20260526-c609ccd4-dirty-q10609-rerun1-19856583-74.out,logs/cop165-cumulative-20260526-c609ccd4-dirty-q10609/slurm-logs/xcsp-parse-cop165-order-ge-cumext-20260526-c609ccd4-dirty-q10609-rerun1-19856583-74.err
75,CarpetCutting-test20_c23.xml.lzma,COP22to25/CarpetCutting-test20_c23.xml.lzma,timeout_incumbent,COMPLETED,0:0,00:30:05,incumbent_interrupted_by_signal,logs/cop165-cumulative-20260526-c609ccd4-dirty-q10609/slurm-logs/xcsp-parse-cop165-log-scop-time-rd-20260526-c609ccd4-dirty-q10609-rerun1-19856905-75.out,logs/cop165-cumulative-20260526-c609ccd4-dirty-q10609/slurm-logs/xcsp-parse-cop165-log-scop-time-rd-20260526-c609ccd4-dirty-q10609-rerun1-19856905-75.err,timeout_incumbent,COMPLETED,0:0,00:30:04,incumbent_interrupted_by_signal,logs/cop165-cumulative-20260526-c609ccd4-dirty-q10609/slurm-logs/xcsp-parse-cop165-log-scop-task-rd-20260526-c609ccd4-dirty-q10609-rerun1-19856575-75.out,logs/cop165-cumulative-20260526-c609ccd4-dirty-q10609/slurm-logs/xcsp-parse-cop165-log-scop-task-rd-20260526-c609ccd4-dirty-q10609-rerun1-19856575-75.err,timeout_incumbent,COMPLETED,0:0,00:30:03,incumbent_interrupted_by_signal,logs/cop165-cumulative-20260526-c609ccd4-dirty-q10609/slurm-logs/xcsp-parse-cop165-log-scop-cumext-20260526-c609ccd4-dirty-q10609-rerun1-19856577-75.out,logs/cop165-cumulative-20260526-c609ccd4-dirty-q10609/slurm-logs/xcsp-parse-cop165-log-scop-cumext-20260526-c609ccd4-dirty-q10609-rerun1-19856577-75.err,out_of_memory,OUT_OF_MEMORY,0:125,00:03:53,slurmstepd: error: Detected 2 oom-kill event(s) in StepId=19860550.batch. Some of your processes may have been killed by the cgroup out-of-memory handler.,logs/cop165-cumulative-20260526-c609ccd4-dirty-q10609/slurm-logs/xcsp-parse-cop165-order-ge-time-rd-20260526-c609ccd4-dirty-q10609-rerun1-19856579-75.out,logs/cop165-cumulative-20260526-c609ccd4-dirty-q10609/slurm-logs/xcsp-parse-cop165-order-ge-time-rd-20260526-c609ccd4-dirty-q10609-rerun1-19856579-75.err,out_of_memory,OUT_OF_MEMORY,0:125,00:09:25,slurmstepd: error: Detected 2 oom-kill event(s) in StepId=19865076.batch. Some of your processes may have been killed by the cgroup out-of-memory handler.,logs/cop165-cumulative-20260526-c609ccd4-dirty-q10609/slurm-logs/xcsp-parse-cop165-order-ge-task-rd-20260526-c609ccd4-dirty-q10609-rerun1-19856581-75.out,logs/cop165-cumulative-20260526-c609ccd4-dirty-q10609/slurm-logs/xcsp-parse-cop165-order-ge-task-rd-20260526-c609ccd4-dirty-q10609-rerun1-19856581-75.err,timeout_incumbent,COMPLETED,0:0,00:30:04,incumbent_interrupted_by_signal,logs/cop165-cumulative-20260526-c609ccd4-dirty-q10609/slurm-logs/xcsp-parse-cop165-order-ge-cumext-20260526-c609ccd4-dirty-q10609-rerun1-19856583-75.out,logs/cop165-cumulative-20260526-c609ccd4-dirty-q10609/slurm-logs/xcsp-parse-cop165-order-ge-cumext-20260526-c609ccd4-dirty-q10609-rerun1-19856583-75.err
76,VRP_LC-13-11-15-s3_c24.xml.lzma,COP22to25/VRP_LC-13-11-15-s3_c24.xml.lzma,timeout_incumbent,COMPLETED,0:0,00:30:08,incumbent_interrupted_by_signal,logs/cop165-cumulative-20260526-c609ccd4-dirty-q10609/slurm-logs/xcsp-parse-cop165-log-scop-time-rd-20260526-c609ccd4-dirty-q10609-rerun1-19856905-76.out,logs/cop165-cumulative-20260526-c609ccd4-dirty-q10609/slurm-logs/xcsp-parse-cop165-log-scop-time-rd-20260526-c609ccd4-dirty-q10609-rerun1-19856905-76.err,timeout_incumbent,COMPLETED,0:0,00:30:03,incumbent_interrupted_by_signal,logs/cop165-cumulative-20260526-c609ccd4-dirty-q10609/slurm-logs/xcsp-parse-cop165-log-scop-task-rd-20260526-c609ccd4-dirty-q10609-rerun1-19856575-76.out,logs/cop165-cumulative-20260526-c609ccd4-dirty-q10609/slurm-logs/xcsp-parse-cop165-log-scop-task-rd-20260526-c609ccd4-dirty-q10609-rerun1-19856575-76.err,timeout_incumbent,COMPLETED,0:0,00:30:04,incumbent_interrupted_by_signal,logs/cop165-cumulative-20260526-c609ccd4-dirty-q10609/slurm-logs/xcsp-parse-cop165-log-scop-cumext-20260526-c609ccd4-dirty-q10609-rerun1-19856577-76.out,logs/cop165-cumulative-20260526-c609ccd4-dirty-q10609/slurm-logs/xcsp-parse-cop165-log-scop-cumext-20260526-c609ccd4-dirty-q10609-rerun1-19856577-76.err,timeout_incumbent,COMPLETED,0:0,00:30:03,incumbent_interrupted_by_signal,logs/cop165-cumulative-20260526-c609ccd4-dirty-q10609/slurm-logs/xcsp-parse-cop165-order-ge-time-rd-20260526-c609ccd4-dirty-q10609-rerun1-19856579-76.out,logs/cop165-cumulative-20260526-c609ccd4-dirty-q10609/slurm-logs/xcsp-parse-cop165-order-ge-time-rd-20260526-c609ccd4-dirty-q10609-rerun1-19856579-76.err,timeout_incumbent,COMPLETED,0:0,00:30:04,incumbent_interrupted_by_signal,logs/cop165-cumulative-20260526-c609ccd4-dirty-q10609/slurm-logs/xcsp-parse-cop165-order-ge-task-rd-20260526-c609ccd4-dirty-q10609-rerun1-19856581-76.out,logs/cop165-cumulative-20260526-c609ccd4-dirty-q10609/slurm-logs/xcsp-parse-cop165-order-ge-task-rd-20260526-c609ccd4-dirty-q10609-rerun1-19856581-76.err,timeout_incumbent,COMPLETED,0:0,00:30:04,incumbent_interrupted_by_signal,logs/cop165-cumulative-20260526-c609ccd4-dirty-q10609/slurm-logs/xcsp-parse-cop165-order-ge-cumext-20260526-c609ccd4-dirty-q10609-rerun1-19856583-76.out,logs/cop165-cumulative-20260526-c609ccd4-dirty-q10609/slurm-logs/xcsp-parse-cop165-order-ge-cumext-20260526-c609ccd4-dirty-q10609-rerun1-19856583-76.err
77,TestScheduling-t050m10r10-1_c24.xml.lzma,COP22to25/TestScheduling-t050m10r10-1_c24.xml.lzma,timeout_incumbent,COMPLETED,0:0,00:30:04,incumbent_interrupted_by_signal,logs/cop165-cumulative-20260526-c609ccd4-dirty-q10609/slurm-logs/xcsp-parse-cop165-log-scop-time-rd-20260526-c609ccd4-dirty-q10609-rerun1-19856905-77.out,logs/cop165-cumulative-20260526-c609ccd4-dirty-q10609/slurm-logs/xcsp-parse-cop165-log-scop-time-rd-20260526-c609ccd4-dirty-q10609-rerun1-19856905-77.err,timeout_incumbent,COMPLETED,0:0,00:30:03,incumbent_interrupted_by_signal,logs/cop165-cumulative-20260526-c609ccd4-dirty-q10609/slurm-logs/xcsp-parse-cop165-log-scop-task-rd-20260526-c609ccd4-dirty-q10609-rerun1-19856575-77.out,logs/cop165-cumulative-20260526-c609ccd4-dirty-q10609/slurm-logs/xcsp-parse-cop165-log-scop-task-rd-20260526-c609ccd4-dirty-q10609-rerun1-19856575-77.err,timeout_incumbent,COMPLETED,0:0,00:30:05,incumbent_interrupted_by_signal,logs/cop165-cumulative-20260526-c609ccd4-dirty-q10609/slurm-logs/xcsp-parse-cop165-log-scop-cumext-20260526-c609ccd4-dirty-q10609-rerun1-19856577-77.out,logs/cop165-cumulative-20260526-c609ccd4-dirty-q10609/slurm-logs/xcsp-parse-cop165-log-scop-cumext-20260526-c609ccd4-dirty-q10609-rerun1-19856577-77.err,timeout_unknown,COMPLETED,0:0,00:30:04,terminated_by_signal,logs/cop165-cumulative-20260526-c609ccd4-dirty-q10609/slurm-logs/xcsp-parse-cop165-order-ge-time-rd-20260526-c609ccd4-dirty-q10609-rerun1-19856579-77.out,logs/cop165-cumulative-20260526-c609ccd4-dirty-q10609/slurm-logs/xcsp-parse-cop165-order-ge-time-rd-20260526-c609ccd4-dirty-q10609-rerun1-19856579-77.err,timeout_unknown,COMPLETED,0:0,00:30:07,terminated_by_signal,logs/cop165-cumulative-20260526-c609ccd4-dirty-q10609/slurm-logs/xcsp-parse-cop165-order-ge-task-rd-20260526-c609ccd4-dirty-q10609-rerun1-19856581-77.out,logs/cop165-cumulative-20260526-c609ccd4-dirty-q10609/slurm-logs/xcsp-parse-cop165-order-ge-task-rd-20260526-c609ccd4-dirty-q10609-rerun1-19856581-77.err,timeout_unknown,COMPLETED,0:0,00:30:04,terminated_by_signal,logs/cop165-cumulative-20260526-c609ccd4-dirty-q10609/slurm-logs/xcsp-parse-cop165-order-ge-cumext-20260526-c609ccd4-dirty-q10609-rerun1-19856583-77.out,logs/cop165-cumulative-20260526-c609ccd4-dirty-q10609/slurm-logs/xcsp-parse-cop165-order-ge-cumext-20260526-c609ccd4-dirty-q10609-rerun1-19856583-77.err
78,CarpetCutting-test10_c23.xml.lzma,COP22to25/CarpetCutting-test10_c23.xml.lzma,timeout_incumbent,COMPLETED,0:0,00:30:04,incumbent_interrupted_by_signal,logs/cop165-cumulative-20260526-c609ccd4-dirty-q10609/slurm-logs/xcsp-parse-cop165-log-scop-time-rd-20260526-c609ccd4-dirty-q10609-rerun1-19856905-78.out,logs/cop165-cumulative-20260526-c609ccd4-dirty-q10609/slurm-logs/xcsp-parse-cop165-log-scop-time-rd-20260526-c609ccd4-dirty-q10609-rerun1-19856905-78.err,timeout_incumbent,COMPLETED,0:0,00:30:03,incumbent_interrupted_by_signal,logs/cop165-cumulative-20260526-c609ccd4-dirty-q10609/slurm-logs/xcsp-parse-cop165-log-scop-task-rd-20260526-c609ccd4-dirty-q10609-rerun1-19856575-78.out,logs/cop165-cumulative-20260526-c609ccd4-dirty-q10609/slurm-logs/xcsp-parse-cop165-log-scop-task-rd-20260526-c609ccd4-dirty-q10609-rerun1-19856575-78.err,timeout_incumbent,COMPLETED,0:0,00:30:04,incumbent_interrupted_by_signal,logs/cop165-cumulative-20260526-c609ccd4-dirty-q10609/slurm-logs/xcsp-parse-cop165-log-scop-cumext-20260526-c609ccd4-dirty-q10609-rerun1-19856577-78.out,logs/cop165-cumulative-20260526-c609ccd4-dirty-q10609/slurm-logs/xcsp-parse-cop165-log-scop-cumext-20260526-c609ccd4-dirty-q10609-rerun1-19856577-78.err,out_of_memory,OUT_OF_MEMORY,0:125,00:03:54,slurmstepd: error: Detected 18 oom-kill event(s) in StepId=19860620.batch. Some of your processes may have been killed by the cgroup out-of-memory handler.,logs/cop165-cumulative-20260526-c609ccd4-dirty-q10609/slurm-logs/xcsp-parse-cop165-order-ge-time-rd-20260526-c609ccd4-dirty-q10609-rerun1-19856579-78.out,logs/cop165-cumulative-20260526-c609ccd4-dirty-q10609/slurm-logs/xcsp-parse-cop165-order-ge-time-rd-20260526-c609ccd4-dirty-q10609-rerun1-19856579-78.err,out_of_memory,OUT_OF_MEMORY,0:125,00:10:05,slurmstepd: error: Detected 7 oom-kill event(s) in StepId=19865116.batch. Some of your processes may have been killed by the cgroup out-of-memory handler.,logs/cop165-cumulative-20260526-c609ccd4-dirty-q10609/slurm-logs/xcsp-parse-cop165-order-ge-task-rd-20260526-c609ccd4-dirty-q10609-rerun1-19856581-78.out,logs/cop165-cumulative-20260526-c609ccd4-dirty-q10609/slurm-logs/xcsp-parse-cop165-order-ge-task-rd-20260526-c609ccd4-dirty-q10609-rerun1-19856581-78.err,timeout_incumbent,COMPLETED,0:0,00:30:04,incumbent_interrupted_by_signal,logs/cop165-cumulative-20260526-c609ccd4-dirty-q10609/slurm-logs/xcsp-parse-cop165-order-ge-cumext-20260526-c609ccd4-dirty-q10609-rerun1-19856583-78.out,logs/cop165-cumulative-20260526-c609ccd4-dirty-q10609/slurm-logs/xcsp-parse-cop165-order-ge-cumext-20260526-c609ccd4-dirty-q10609-rerun1-19856583-78.err
79,TestScheduling-t050m10r05-1_c24.xml.lzma,COP22to25/TestScheduling-t050m10r05-1_c24.xml.lzma,timeout_incumbent,COMPLETED,0:0,00:30:04,incumbent_interrupted_by_signal,logs/cop165-cumulative-20260526-c609ccd4-dirty-q10609/slurm-logs/xcsp-parse-cop165-log-scop-time-rd-20260526-c609ccd4-dirty-q10609-rerun1-19856905-79.out,logs/cop165-cumulative-20260526-c609ccd4-dirty-q10609/slurm-logs/xcsp-parse-cop165-log-scop-time-rd-20260526-c609ccd4-dirty-q10609-rerun1-19856905-79.err,timeout_incumbent,COMPLETED,0:0,00:30:03,incumbent_interrupted_by_signal,logs/cop165-cumulative-20260526-c609ccd4-dirty-q10609/slurm-logs/xcsp-parse-cop165-log-scop-task-rd-20260526-c609ccd4-dirty-q10609-rerun1-19856575-79.out,logs/cop165-cumulative-20260526-c609ccd4-dirty-q10609/slurm-logs/xcsp-parse-cop165-log-scop-task-rd-20260526-c609ccd4-dirty-q10609-rerun1-19856575-79.err,timeout_incumbent,COMPLETED,0:0,00:30:07,incumbent_interrupted_by_signal,logs/cop165-cumulative-20260526-c609ccd4-dirty-q10609/slurm-logs/xcsp-parse-cop165-log-scop-cumext-20260526-c609ccd4-dirty-q10609-rerun1-19856577-79.out,logs/cop165-cumulative-20260526-c609ccd4-dirty-q10609/slurm-logs/xcsp-parse-cop165-log-scop-cumext-20260526-c609ccd4-dirty-q10609-rerun1-19856577-79.err,timeout_unknown,COMPLETED,0:0,00:30:04,terminated_by_signal,logs/cop165-cumulative-20260526-c609ccd4-dirty-q10609/slurm-logs/xcsp-parse-cop165-order-ge-time-rd-20260526-c609ccd4-dirty-q10609-rerun1-19856579-79.out,logs/cop165-cumulative-20260526-c609ccd4-dirty-q10609/slurm-logs/xcsp-parse-cop165-order-ge-time-rd-20260526-c609ccd4-dirty-q10609-rerun1-19856579-79.err,timeout_unknown,COMPLETED,0:0,00:30:06,terminated_by_signal,logs/cop165-cumulative-20260526-c609ccd4-dirty-q10609/slurm-logs/xcsp-parse-cop165-order-ge-task-rd-20260526-c609ccd4-dirty-q10609-rerun1-19856581-79.out,logs/cop165-cumulative-20260526-c609ccd4-dirty-q10609/slurm-logs/xcsp-parse-cop165-order-ge-task-rd-20260526-c609ccd4-dirty-q10609-rerun1-19856581-79.err,timeout_unknown,COMPLETED,0:0,00:30:04,terminated_by_signal,logs/cop165-cumulative-20260526-c609ccd4-dirty-q10609/slurm-logs/xcsp-parse-cop165-order-ge-cumext-20260526-c609ccd4-dirty-q10609-rerun1-19856583-79.out,logs/cop165-cumulative-20260526-c609ccd4-dirty-q10609/slurm-logs/xcsp-parse-cop165-order-ge-cumext-20260526-c609ccd4-dirty-q10609-rerun1-19856583-79.err
80,FlexibleJobshopScen-dh-5-20-005_c25.xml.lzma,COP22to25/FlexibleJobshopScen-dh-5-20-005_c25.xml.lzma,optimum,COMPLETED,0:0,00:22:27,,logs/cop165-cumulative-20260526-c609ccd4-dirty-q10609/slurm-logs/xcsp-parse-cop165-log-scop-time-rd-20260526-c609ccd4-dirty-q10609-rerun1-19856905-80.out,logs/cop165-cumulative-20260526-c609ccd4-dirty-q10609/slurm-logs/xcsp-parse-cop165-log-scop-time-rd-20260526-c609ccd4-dirty-q10609-rerun1-19856905-80.err,optimum,COMPLETED,0:0,00:00:41,,logs/cop165-cumulative-20260526-c609ccd4-dirty-q10609/slurm-logs/xcsp-parse-cop165-log-scop-task-rd-20260526-c609ccd4-dirty-q10609-rerun1-19856575-80.out,logs/cop165-cumulative-20260526-c609ccd4-dirty-q10609/slurm-logs/xcsp-parse-cop165-log-scop-task-rd-20260526-c609ccd4-dirty-q10609-rerun1-19856575-80.err,optimum,COMPLETED,0:0,00:00:06,,logs/cop165-cumulative-20260526-c609ccd4-dirty-q10609/slurm-logs/xcsp-parse-cop165-log-scop-cumext-20260526-c609ccd4-dirty-q10609-rerun1-19856577-80.out,logs/cop165-cumulative-20260526-c609ccd4-dirty-q10609/slurm-logs/xcsp-parse-cop165-log-scop-cumext-20260526-c609ccd4-dirty-q10609-rerun1-19856577-80.err,timeout_incumbent,COMPLETED,0:0,00:30:04,incumbent_interrupted_by_signal,logs/cop165-cumulative-20260526-c609ccd4-dirty-q10609/slurm-logs/xcsp-parse-cop165-order-ge-time-rd-20260526-c609ccd4-dirty-q10609-rerun1-19856579-80.out,logs/cop165-cumulative-20260526-c609ccd4-dirty-q10609/slurm-logs/xcsp-parse-cop165-order-ge-time-rd-20260526-c609ccd4-dirty-q10609-rerun1-19856579-80.err,timeout_incumbent,COMPLETED,0:0,00:30:05,incumbent_interrupted_by_signal,logs/cop165-cumulative-20260526-c609ccd4-dirty-q10609/slurm-logs/xcsp-parse-cop165-order-ge-task-rd-20260526-c609ccd4-dirty-q10609-rerun1-19856581-80.out,logs/cop165-cumulative-20260526-c609ccd4-dirty-q10609/slurm-logs/xcsp-parse-cop165-order-ge-task-rd-20260526-c609ccd4-dirty-q10609-rerun1-19856581-80.err,timeout_incumbent,COMPLETED,0:0,00:30:06,incumbent_interrupted_by_signal,logs/cop165-cumulative-20260526-c609ccd4-dirty-q10609/slurm-logs/xcsp-parse-cop165-order-ge-cumext-20260526-c609ccd4-dirty-q10609-rerun1-19856583-80.out,logs/cop165-cumulative-20260526-c609ccd4-dirty-q10609/slurm-logs/xcsp-parse-cop165-order-ge-cumext-20260526-c609ccd4-dirty-q10609-rerun1-19856583-80.err
81,VRP_LC-10-05-20-s3_c24.xml.lzma,COP22to25/VRP_LC-10-05-20-s3_c24.xml.lzma,timeout_incumbent,COMPLETED,0:0,00:30:18,incumbent_interrupted_by_signal,logs/cop165-cumulative-20260526-c609ccd4-dirty-q10609/slurm-logs/xcsp-parse-cop165-log-scop-time-rd-20260526-c609ccd4-dirty-q10609-rerun1-19856905-81.out,logs/cop165-cumulative-20260526-c609ccd4-dirty-q10609/slurm-logs/xcsp-parse-cop165-log-scop-time-rd-20260526-c609ccd4-dirty-q10609-rerun1-19856905-81.err,timeout_incumbent,COMPLETED,0:0,00:30:03,incumbent_interrupted_by_signal,logs/cop165-cumulative-20260526-c609ccd4-dirty-q10609/slurm-logs/xcsp-parse-cop165-log-scop-task-rd-20260526-c609ccd4-dirty-q10609-rerun1-19856575-81.out,logs/cop165-cumulative-20260526-c609ccd4-dirty-q10609/slurm-logs/xcsp-parse-cop165-log-scop-task-rd-20260526-c609ccd4-dirty-q10609-rerun1-19856575-81.err,timeout_incumbent,COMPLETED,0:0,00:30:05,incumbent_interrupted_by_signal,logs/cop165-cumulative-20260526-c609ccd4-dirty-q10609/slurm-logs/xcsp-parse-cop165-log-scop-cumext-20260526-c609ccd4-dirty-q10609-rerun1-19856577-81.out,logs/cop165-cumulative-20260526-c609ccd4-dirty-q10609/slurm-logs/xcsp-parse-cop165-log-scop-cumext-20260526-c609ccd4-dirty-q10609-rerun1-19856577-81.err,timeout_incumbent,COMPLETED,0:0,00:30:04,incumbent_interrupted_by_signal,logs/cop165-cumulative-20260526-c609ccd4-dirty-q10609/slurm-logs/xcsp-parse-cop165-order-ge-time-rd-20260526-c609ccd4-dirty-q10609-rerun1-19856579-81.out,logs/cop165-cumulative-20260526-c609ccd4-dirty-q10609/slurm-logs/xcsp-parse-cop165-order-ge-time-rd-20260526-c609ccd4-dirty-q10609-rerun1-19856579-81.err,timeout_incumbent,COMPLETED,0:0,00:30:05,incumbent_interrupted_by_signal,logs/cop165-cumulative-20260526-c609ccd4-dirty-q10609/slurm-logs/xcsp-parse-cop165-order-ge-task-rd-20260526-c609ccd4-dirty-q10609-rerun1-19856581-81.out,logs/cop165-cumulative-20260526-c609ccd4-dirty-q10609/slurm-logs/xcsp-parse-cop165-order-ge-task-rd-20260526-c609ccd4-dirty-q10609-rerun1-19856581-81.err,timeout_incumbent,COMPLETED,0:0,00:30:04,incumbent_interrupted_by_signal,logs/cop165-cumulative-20260526-c609ccd4-dirty-q10609/slurm-logs/xcsp-parse-cop165-order-ge-cumext-20260526-c609ccd4-dirty-q10609-rerun1-19856583-81.out,logs/cop165-cumulative-20260526-c609ccd4-dirty-q10609/slurm-logs/xcsp-parse-cop165-order-ge-cumext-20260526-c609ccd4-dirty-q10609-rerun1-19856583-81.err
82,Cargo-12-1422f-1644_c24.xml.lzma,COP22to25/Cargo-12-1422f-1644_c24.xml.lzma,timeout_incumbent,COMPLETED,0:0,00:30:05,incumbent_interrupted_by_signal,logs/cop165-cumulative-20260526-c609ccd4-dirty-q10609/slurm-logs/xcsp-parse-cop165-log-scop-time-rd-20260526-c609ccd4-dirty-q10609-rerun1-19856905-82.out,logs/cop165-cumulative-20260526-c609ccd4-dirty-q10609/slurm-logs/xcsp-parse-cop165-log-scop-time-rd-20260526-c609ccd4-dirty-q10609-rerun1-19856905-82.err,timeout_incumbent,COMPLETED,0:0,00:30:04,incumbent_interrupted_by_signal,logs/cop165-cumulative-20260526-c609ccd4-dirty-q10609/slurm-logs/xcsp-parse-cop165-log-scop-task-rd-20260526-c609ccd4-dirty-q10609-rerun1-19856575-82.out,logs/cop165-cumulative-20260526-c609ccd4-dirty-q10609/slurm-logs/xcsp-parse-cop165-log-scop-task-rd-20260526-c609ccd4-dirty-q10609-rerun1-19856575-82.err,timeout_unknown,COMPLETED,0:0,00:30:04,terminated_by_signal,logs/cop165-cumulative-20260526-c609ccd4-dirty-q10609/slurm-logs/xcsp-parse-cop165-log-scop-cumext-20260526-c609ccd4-dirty-q10609-rerun1-19856577-82.out,logs/cop165-cumulative-20260526-c609ccd4-dirty-q10609/slurm-logs/xcsp-parse-cop165-log-scop-cumext-20260526-c609ccd4-dirty-q10609-rerun1-19856577-82.err,timeout_unknown,COMPLETED,0:0,00:30:09,terminated_by_signal,logs/cop165-cumulative-20260526-c609ccd4-dirty-q10609/slurm-logs/xcsp-parse-cop165-order-ge-time-rd-20260526-c609ccd4-dirty-q10609-rerun1-19856579-82.out,logs/cop165-cumulative-20260526-c609ccd4-dirty-q10609/slurm-logs/xcsp-parse-cop165-order-ge-time-rd-20260526-c609ccd4-dirty-q10609-rerun1-19856579-82.err,timeout_unknown,COMPLETED,0:0,00:30:10,terminated_by_signal,logs/cop165-cumulative-20260526-c609ccd4-dirty-q10609/slurm-logs/xcsp-parse-cop165-order-ge-task-rd-20260526-c609ccd4-dirty-q10609-rerun1-19856581-82.out,logs/cop165-cumulative-20260526-c609ccd4-dirty-q10609/slurm-logs/xcsp-parse-cop165-order-ge-task-rd-20260526-c609ccd4-dirty-q10609-rerun1-19856581-82.err,timeout_unknown,COMPLETED,0:0,00:30:04,terminated_by_signal,logs/cop165-cumulative-20260526-c609ccd4-dirty-q10609/slurm-logs/xcsp-parse-cop165-order-ge-cumext-20260526-c609ccd4-dirty-q10609-rerun1-19856583-82.out,logs/cop165-cumulative-20260526-c609ccd4-dirty-q10609/slurm-logs/xcsp-parse-cop165-order-ge-cumext-20260526-c609ccd4-dirty-q10609-rerun1-19856583-82.err
83,AircraftAssemblyLine-2-178-70-0_c23.xml.lzma,COP22to25/AircraftAssemblyLine-2-178-70-0_c23.xml.lzma,timeout_incumbent,COMPLETED,0:0,00:30:07,incumbent_interrupted_by_signal,logs/cop165-cumulative-20260526-c609ccd4-dirty-q10609/slurm-logs/xcsp-parse-cop165-log-scop-time-rd-20260526-c609ccd4-dirty-q10609-rerun1-19856905-83.out,logs/cop165-cumulative-20260526-c609ccd4-dirty-q10609/slurm-logs/xcsp-parse-cop165-log-scop-time-rd-20260526-c609ccd4-dirty-q10609-rerun1-19856905-83.err,timeout_incumbent,COMPLETED,0:0,00:30:05,incumbent_interrupted_by_signal,logs/cop165-cumulative-20260526-c609ccd4-dirty-q10609/slurm-logs/xcsp-parse-cop165-log-scop-task-rd-20260526-c609ccd4-dirty-q10609-rerun1-19856575-83.out,logs/cop165-cumulative-20260526-c609ccd4-dirty-q10609/slurm-logs/xcsp-parse-cop165-log-scop-task-rd-20260526-c609ccd4-dirty-q10609-rerun1-19856575-83.err,timeout_incumbent,COMPLETED,0:0,00:30:04,incumbent_interrupted_by_signal,logs/cop165-cumulative-20260526-c609ccd4-dirty-q10609/slurm-logs/xcsp-parse-cop165-log-scop-cumext-20260526-c609ccd4-dirty-q10609-rerun1-19856577-83.out,logs/cop165-cumulative-20260526-c609ccd4-dirty-q10609/slurm-logs/xcsp-parse-cop165-log-scop-cumext-20260526-c609ccd4-dirty-q10609-rerun1-19856577-83.err,timeout_incumbent,COMPLETED,0:0,00:30:04,incumbent_interrupted_by_signal,logs/cop165-cumulative-20260526-c609ccd4-dirty-q10609/slurm-logs/xcsp-parse-cop165-order-ge-time-rd-20260526-c609ccd4-dirty-q10609-rerun1-19856579-83.out,logs/cop165-cumulative-20260526-c609ccd4-dirty-q10609/slurm-logs/xcsp-parse-cop165-order-ge-time-rd-20260526-c609ccd4-dirty-q10609-rerun1-19856579-83.err,timeout_incumbent,COMPLETED,0:0,00:30:05,incumbent_interrupted_by_signal,logs/cop165-cumulative-20260526-c609ccd4-dirty-q10609/slurm-logs/xcsp-parse-cop165-order-ge-task-rd-20260526-c609ccd4-dirty-q10609-rerun1-19856581-83.out,logs/cop165-cumulative-20260526-c609ccd4-dirty-q10609/slurm-logs/xcsp-parse-cop165-order-ge-task-rd-20260526-c609ccd4-dirty-q10609-rerun1-19856581-83.err,timeout_incumbent,COMPLETED,0:0,00:30:04,incumbent_interrupted_by_signal,logs/cop165-cumulative-20260526-c609ccd4-dirty-q10609/slurm-logs/xcsp-parse-cop165-order-ge-cumext-20260526-c609ccd4-dirty-q10609-rerun1-19856583-83.out,logs/cop165-cumulative-20260526-c609ccd4-dirty-q10609/slurm-logs/xcsp-parse-cop165-order-ge-cumext-20260526-c609ccd4-dirty-q10609-rerun1-19856583-83.err
84,AircraftAssemblyLine-2-178-70-1_c23.xml.lzma,COP22to25/AircraftAssemblyLine-2-178-70-1_c23.xml.lzma,timeout_incumbent,COMPLETED,0:0,00:30:05,incumbent_interrupted_by_signal,logs/cop165-cumulative-20260526-c609ccd4-dirty-q10609/slurm-logs/xcsp-parse-cop165-log-scop-time-rd-20260526-c609ccd4-dirty-q10609-rerun1-19856905-84.out,logs/cop165-cumulative-20260526-c609ccd4-dirty-q10609/slurm-logs/xcsp-parse-cop165-log-scop-time-rd-20260526-c609ccd4-dirty-q10609-rerun1-19856905-84.err,timeout_incumbent,COMPLETED,0:0,00:30:04,incumbent_interrupted_by_signal,logs/cop165-cumulative-20260526-c609ccd4-dirty-q10609/slurm-logs/xcsp-parse-cop165-log-scop-task-rd-20260526-c609ccd4-dirty-q10609-rerun1-19856575-84.out,logs/cop165-cumulative-20260526-c609ccd4-dirty-q10609/slurm-logs/xcsp-parse-cop165-log-scop-task-rd-20260526-c609ccd4-dirty-q10609-rerun1-19856575-84.err,timeout_incumbent,COMPLETED,0:0,00:30:06,incumbent_interrupted_by_signal,logs/cop165-cumulative-20260526-c609ccd4-dirty-q10609/slurm-logs/xcsp-parse-cop165-log-scop-cumext-20260526-c609ccd4-dirty-q10609-rerun1-19856577-84.out,logs/cop165-cumulative-20260526-c609ccd4-dirty-q10609/slurm-logs/xcsp-parse-cop165-log-scop-cumext-20260526-c609ccd4-dirty-q10609-rerun1-19856577-84.err,timeout_unknown,COMPLETED,0:0,00:30:04,terminated_by_signal,logs/cop165-cumulative-20260526-c609ccd4-dirty-q10609/slurm-logs/xcsp-parse-cop165-order-ge-time-rd-20260526-c609ccd4-dirty-q10609-rerun1-19856579-84.out,logs/cop165-cumulative-20260526-c609ccd4-dirty-q10609/slurm-logs/xcsp-parse-cop165-order-ge-time-rd-20260526-c609ccd4-dirty-q10609-rerun1-19856579-84.err,timeout_incumbent,COMPLETED,0:0,00:30:07,incumbent_interrupted_by_signal,logs/cop165-cumulative-20260526-c609ccd4-dirty-q10609/slurm-logs/xcsp-parse-cop165-order-ge-task-rd-20260526-c609ccd4-dirty-q10609-rerun1-19856581-84.out,logs/cop165-cumulative-20260526-c609ccd4-dirty-q10609/slurm-logs/xcsp-parse-cop165-order-ge-task-rd-20260526-c609ccd4-dirty-q10609-rerun1-19856581-84.err,timeout_unknown,COMPLETED,0:0,00:30:04,terminated_by_signal,logs/cop165-cumulative-20260526-c609ccd4-dirty-q10609/slurm-logs/xcsp-parse-cop165-order-ge-cumext-20260526-c609ccd4-dirty-q10609-rerun1-19856583-84.out,logs/cop165-cumulative-20260526-c609ccd4-dirty-q10609/slurm-logs/xcsp-parse-cop165-order-ge-cumext-20260526-c609ccd4-dirty-q10609-rerun1-19856583-84.err
85,AircraftAssemblyLine-2-178-70-2_c23.xml.lzma,COP22to25/AircraftAssemblyLine-2-178-70-2_c23.xml.lzma,timeout_incumbent,COMPLETED,0:0,00:30:05,incumbent_interrupted_by_signal,logs/cop165-cumulative-20260526-c609ccd4-dirty-q10609/slurm-logs/xcsp-parse-cop165-log-scop-time-rd-20260526-c609ccd4-dirty-q10609-rerun1-19856905-85.out,logs/cop165-cumulative-20260526-c609ccd4-dirty-q10609/slurm-logs/xcsp-parse-cop165-log-scop-time-rd-20260526-c609ccd4-dirty-q10609-rerun1-19856905-85.err,timeout_incumbent,COMPLETED,0:0,00:30:03,incumbent_interrupted_by_signal,logs/cop165-cumulative-20260526-c609ccd4-dirty-q10609/slurm-logs/xcsp-parse-cop165-log-scop-task-rd-20260526-c609ccd4-dirty-q10609-rerun1-19856575-85.out,logs/cop165-cumulative-20260526-c609ccd4-dirty-q10609/slurm-logs/xcsp-parse-cop165-log-scop-task-rd-20260526-c609ccd4-dirty-q10609-rerun1-19856575-85.err,timeout_incumbent,COMPLETED,0:0,00:30:04,incumbent_interrupted_by_signal,logs/cop165-cumulative-20260526-c609ccd4-dirty-q10609/slurm-logs/xcsp-parse-cop165-log-scop-cumext-20260526-c609ccd4-dirty-q10609-rerun1-19856577-85.out,logs/cop165-cumulative-20260526-c609ccd4-dirty-q10609/slurm-logs/xcsp-parse-cop165-log-scop-cumext-20260526-c609ccd4-dirty-q10609-rerun1-19856577-85.err,timeout_incumbent,COMPLETED,0:0,00:30:04,incumbent_interrupted_by_signal,logs/cop165-cumulative-20260526-c609ccd4-dirty-q10609/slurm-logs/xcsp-parse-cop165-order-ge-time-rd-20260526-c609ccd4-dirty-q10609-rerun1-19856579-85.out,logs/cop165-cumulative-20260526-c609ccd4-dirty-q10609/slurm-logs/xcsp-parse-cop165-order-ge-time-rd-20260526-c609ccd4-dirty-q10609-rerun1-19856579-85.err,timeout_incumbent,COMPLETED,0:0,00:30:04,incumbent_interrupted_by_signal,logs/cop165-cumulative-20260526-c609ccd4-dirty-q10609/slurm-logs/xcsp-parse-cop165-order-ge-task-rd-20260526-c609ccd4-dirty-q10609-rerun1-19856581-85.out,logs/cop165-cumulative-20260526-c609ccd4-dirty-q10609/slurm-logs/xcsp-parse-cop165-order-ge-task-rd-20260526-c609ccd4-dirty-q10609-rerun1-19856581-85.err,timeout_incumbent,COMPLETED,0:0,00:30:04,incumbent_interrupted_by_signal,logs/cop165-cumulative-20260526-c609ccd4-dirty-q10609/slurm-logs/xcsp-parse-cop165-order-ge-cumext-20260526-c609ccd4-dirty-q10609-rerun1-19856583-85.out,logs/cop165-cumulative-20260526-c609ccd4-dirty-q10609/slurm-logs/xcsp-parse-cop165-order-ge-cumext-20260526-c609ccd4-dirty-q10609-rerun1-19856583-85.err
86,TestScheduling-t050m20r03-1_c24.xml.lzma,COP22to25/TestScheduling-t050m20r03-1_c24.xml.lzma,timeout_incumbent,COMPLETED,0:0,00:30:06,incumbent_interrupted_by_signal,logs/cop165-cumulative-20260526-c609ccd4-dirty-q10609/slurm-logs/xcsp-parse-cop165-log-scop-time-rd-20260526-c609ccd4-dirty-q10609-rerun1-19856905-86.out,logs/cop165-cumulative-20260526-c609ccd4-dirty-q10609/slurm-logs/xcsp-parse-cop165-log-scop-time-rd-20260526-c609ccd4-dirty-q10609-rerun1-19856905-86.err,timeout_incumbent,COMPLETED,0:0,00:30:03,incumbent_interrupted_by_signal,logs/cop165-cumulative-20260526-c609ccd4-dirty-q10609/slurm-logs/xcsp-parse-cop165-log-scop-task-rd-20260526-c609ccd4-dirty-q10609-rerun1-19856575-86.out,logs/cop165-cumulative-20260526-c609ccd4-dirty-q10609/slurm-logs/xcsp-parse-cop165-log-scop-task-rd-20260526-c609ccd4-dirty-q10609-rerun1-19856575-86.err,timeout_incumbent,COMPLETED,0:0,00:30:04,incumbent_interrupted_by_signal,logs/cop165-cumulative-20260526-c609ccd4-dirty-q10609/slurm-logs/xcsp-parse-cop165-log-scop-cumext-20260526-c609ccd4-dirty-q10609-rerun1-19856577-86.out,logs/cop165-cumulative-20260526-c609ccd4-dirty-q10609/slurm-logs/xcsp-parse-cop165-log-scop-cumext-20260526-c609ccd4-dirty-q10609-rerun1-19856577-86.err,timeout_incumbent,COMPLETED,0:0,00:30:06,incumbent_interrupted_by_signal,logs/cop165-cumulative-20260526-c609ccd4-dirty-q10609/slurm-logs/xcsp-parse-cop165-order-ge-time-rd-20260526-c609ccd4-dirty-q10609-rerun1-19856579-86.out,logs/cop165-cumulative-20260526-c609ccd4-dirty-q10609/slurm-logs/xcsp-parse-cop165-order-ge-time-rd-20260526-c609ccd4-dirty-q10609-rerun1-19856579-86.err,timeout_incumbent,COMPLETED,0:0,00:30:05,incumbent_interrupted_by_signal,logs/cop165-cumulative-20260526-c609ccd4-dirty-q10609/slurm-logs/xcsp-parse-cop165-order-ge-task-rd-20260526-c609ccd4-dirty-q10609-rerun1-19856581-86.out,logs/cop165-cumulative-20260526-c609ccd4-dirty-q10609/slurm-logs/xcsp-parse-cop165-order-ge-task-rd-20260526-c609ccd4-dirty-q10609-rerun1-19856581-86.err,timeout_incumbent,COMPLETED,0:0,00:30:05,incumbent_interrupted_by_signal,logs/cop165-cumulative-20260526-c609ccd4-dirty-q10609/slurm-logs/xcsp-parse-cop165-order-ge-cumext-20260526-c609ccd4-dirty-q10609-rerun1-19856583-86.out,logs/cop165-cumulative-20260526-c609ccd4-dirty-q10609/slurm-logs/xcsp-parse-cop165-order-ge-cumext-20260526-c609ccd4-dirty-q10609-rerun1-19856583-86.err
87,TestScheduling-t050m20r10-1_c24.xml.lzma,COP22to25/TestScheduling-t050m20r10-1_c24.xml.lzma,timeout_incumbent,COMPLETED,0:0,00:30:05,incumbent_interrupted_by_signal,logs/cop165-cumulative-20260526-c609ccd4-dirty-q10609/slurm-logs/xcsp-parse-cop165-log-scop-time-rd-20260526-c609ccd4-dirty-q10609-rerun1-19856905-87.out,logs/cop165-cumulative-20260526-c609ccd4-dirty-q10609/slurm-logs/xcsp-parse-cop165-log-scop-time-rd-20260526-c609ccd4-dirty-q10609-rerun1-19856905-87.err,timeout_incumbent,COMPLETED,0:0,00:30:04,incumbent_interrupted_by_signal,logs/cop165-cumulative-20260526-c609ccd4-dirty-q10609/slurm-logs/xcsp-parse-cop165-log-scop-task-rd-20260526-c609ccd4-dirty-q10609-rerun1-19856575-87.out,logs/cop165-cumulative-20260526-c609ccd4-dirty-q10609/slurm-logs/xcsp-parse-cop165-log-scop-task-rd-20260526-c609ccd4-dirty-q10609-rerun1-19856575-87.err,timeout_incumbent,COMPLETED,0:0,00:30:04,incumbent_interrupted_by_signal,logs/cop165-cumulative-20260526-c609ccd4-dirty-q10609/slurm-logs/xcsp-parse-cop165-log-scop-cumext-20260526-c609ccd4-dirty-q10609-rerun1-19856577-87.out,logs/cop165-cumulative-20260526-c609ccd4-dirty-q10609/slurm-logs/xcsp-parse-cop165-log-scop-cumext-20260526-c609ccd4-dirty-q10609-rerun1-19856577-87.err,timeout_incumbent,COMPLETED,0:0,00:30:04,incumbent_interrupted_by_signal,logs/cop165-cumulative-20260526-c609ccd4-dirty-q10609/slurm-logs/xcsp-parse-cop165-order-ge-time-rd-20260526-c609ccd4-dirty-q10609-rerun1-19856579-87.out,logs/cop165-cumulative-20260526-c609ccd4-dirty-q10609/slurm-logs/xcsp-parse-cop165-order-ge-time-rd-20260526-c609ccd4-dirty-q10609-rerun1-19856579-87.err,timeout_unknown,COMPLETED,0:0,00:30:06,terminated_by_signal,logs/cop165-cumulative-20260526-c609ccd4-dirty-q10609/slurm-logs/xcsp-parse-cop165-order-ge-task-rd-20260526-c609ccd4-dirty-q10609-rerun1-19856581-87.out,logs/cop165-cumulative-20260526-c609ccd4-dirty-q10609/slurm-logs/xcsp-parse-cop165-order-ge-task-rd-20260526-c609ccd4-dirty-q10609-rerun1-19856581-87.err,timeout_incumbent,COMPLETED,0:0,00:30:05,incumbent_interrupted_by_signal,logs/cop165-cumulative-20260526-c609ccd4-dirty-q10609/slurm-logs/xcsp-parse-cop165-order-ge-cumext-20260526-c609ccd4-dirty-q10609-rerun1-19856583-87.out,logs/cop165-cumulative-20260526-c609ccd4-dirty-q10609/slurm-logs/xcsp-parse-cop165-order-ge-cumext-20260526-c609ccd4-dirty-q10609-rerun1-19856583-87.err
88,TestScheduling-t050m20r05-1_c24.xml.lzma,COP22to25/TestScheduling-t050m20r05-1_c24.xml.lzma,timeout_incumbent,COMPLETED,0:0,00:30:05,incumbent_interrupted_by_signal,logs/cop165-cumulative-20260526-c609ccd4-dirty-q10609/slurm-logs/xcsp-parse-cop165-log-scop-time-rd-20260526-c609ccd4-dirty-q10609-rerun1-19856905-88.out,logs/cop165-cumulative-20260526-c609ccd4-dirty-q10609/slurm-logs/xcsp-parse-cop165-log-scop-time-rd-20260526-c609ccd4-dirty-q10609-rerun1-19856905-88.err,timeout_incumbent,COMPLETED,0:0,00:30:04,incumbent_interrupted_by_signal,logs/cop165-cumulative-20260526-c609ccd4-dirty-q10609/slurm-logs/xcsp-parse-cop165-log-scop-task-rd-20260526-c609ccd4-dirty-q10609-rerun1-19856575-88.out,logs/cop165-cumulative-20260526-c609ccd4-dirty-q10609/slurm-logs/xcsp-parse-cop165-log-scop-task-rd-20260526-c609ccd4-dirty-q10609-rerun1-19856575-88.err,timeout_incumbent,COMPLETED,0:0,00:30:04,incumbent_interrupted_by_signal,logs/cop165-cumulative-20260526-c609ccd4-dirty-q10609/slurm-logs/xcsp-parse-cop165-log-scop-cumext-20260526-c609ccd4-dirty-q10609-rerun1-19856577-88.out,logs/cop165-cumulative-20260526-c609ccd4-dirty-q10609/slurm-logs/xcsp-parse-cop165-log-scop-cumext-20260526-c609ccd4-dirty-q10609-rerun1-19856577-88.err,timeout_unknown,COMPLETED,0:0,00:30:04,terminated_by_signal,logs/cop165-cumulative-20260526-c609ccd4-dirty-q10609/slurm-logs/xcsp-parse-cop165-order-ge-time-rd-20260526-c609ccd4-dirty-q10609-rerun1-19856579-88.out,logs/cop165-cumulative-20260526-c609ccd4-dirty-q10609/slurm-logs/xcsp-parse-cop165-order-ge-time-rd-20260526-c609ccd4-dirty-q10609-rerun1-19856579-88.err,timeout_unknown,COMPLETED,0:0,00:30:07,terminated_by_signal,logs/cop165-cumulative-20260526-c609ccd4-dirty-q10609/slurm-logs/xcsp-parse-cop165-order-ge-task-rd-20260526-c609ccd4-dirty-q10609-rerun1-19856581-88.out,logs/cop165-cumulative-20260526-c609ccd4-dirty-q10609/slurm-logs/xcsp-parse-cop165-order-ge-task-rd-20260526-c609ccd4-dirty-q10609-rerun1-19856581-88.err,timeout_incumbent,COMPLETED,0:0,00:30:05,incumbent_interrupted_by_signal,logs/cop165-cumulative-20260526-c609ccd4-dirty-q10609/slurm-logs/xcsp-parse-cop165-order-ge-cumext-20260526-c609ccd4-dirty-q10609-rerun1-19856583-88.out,logs/cop165-cumulative-20260526-c609ccd4-dirty-q10609/slurm-logs/xcsp-parse-cop165-order-ge-cumext-20260526-c609ccd4-dirty-q10609-rerun1-19856583-88.err
89,VRP_LC-13-11-20-s4_c24.xml.lzma,COP22to25/VRP_LC-13-11-20-s4_c24.xml.lzma,timeout_incumbent,COMPLETED,0:0,00:30:03,incumbent_interrupted_by_signal,logs/cop165-cumulative-20260526-c609ccd4-dirty-q10609/slurm-logs/xcsp-parse-cop165-log-scop-time-rd-20260526-c609ccd4-dirty-q10609-rerun1-19856905-89.out,logs/cop165-cumulative-20260526-c609ccd4-dirty-q10609/slurm-logs/xcsp-parse-cop165-log-scop-time-rd-20260526-c609ccd4-dirty-q10609-rerun1-19856905-89.err,timeout_incumbent,COMPLETED,0:0,00:30:04,incumbent_interrupted_by_signal,logs/cop165-cumulative-20260526-c609ccd4-dirty-q10609/slurm-logs/xcsp-parse-cop165-log-scop-task-rd-20260526-c609ccd4-dirty-q10609-rerun1-19856575-89.out,logs/cop165-cumulative-20260526-c609ccd4-dirty-q10609/slurm-logs/xcsp-parse-cop165-log-scop-task-rd-20260526-c609ccd4-dirty-q10609-rerun1-19856575-89.err,timeout_incumbent,COMPLETED,0:0,00:30:05,incumbent_interrupted_by_signal,logs/cop165-cumulative-20260526-c609ccd4-dirty-q10609/slurm-logs/xcsp-parse-cop165-log-scop-cumext-20260526-c609ccd4-dirty-q10609-rerun1-19856577-89.out,logs/cop165-cumulative-20260526-c609ccd4-dirty-q10609/slurm-logs/xcsp-parse-cop165-log-scop-cumext-20260526-c609ccd4-dirty-q10609-rerun1-19856577-89.err,timeout_incumbent,COMPLETED,0:0,00:30:04,incumbent_interrupted_by_signal,logs/cop165-cumulative-20260526-c609ccd4-dirty-q10609/slurm-logs/xcsp-parse-cop165-order-ge-time-rd-20260526-c609ccd4-dirty-q10609-rerun1-19856579-89.out,logs/cop165-cumulative-20260526-c609ccd4-dirty-q10609/slurm-logs/xcsp-parse-cop165-order-ge-time-rd-20260526-c609ccd4-dirty-q10609-rerun1-19856579-89.err,timeout_incumbent,COMPLETED,0:0,00:30:04,incumbent_interrupted_by_signal,logs/cop165-cumulative-20260526-c609ccd4-dirty-q10609/slurm-logs/xcsp-parse-cop165-order-ge-task-rd-20260526-c609ccd4-dirty-q10609-rerun1-19856581-89.out,logs/cop165-cumulative-20260526-c609ccd4-dirty-q10609/slurm-logs/xcsp-parse-cop165-order-ge-task-rd-20260526-c609ccd4-dirty-q10609-rerun1-19856581-89.err,timeout_incumbent,COMPLETED,0:0,00:30:04,incumbent_interrupted_by_signal,logs/cop165-cumulative-20260526-c609ccd4-dirty-q10609/slurm-logs/xcsp-parse-cop165-order-ge-cumext-20260526-c609ccd4-dirty-q10609-rerun1-19856583-89.out,logs/cop165-cumulative-20260526-c609ccd4-dirty-q10609/slurm-logs/xcsp-parse-cop165-order-ge-cumext-20260526-c609ccd4-dirty-q10609-rerun1-19856583-89.err
90,AircraftAssemblyLine-2-178-50-0_c23.xml.lzma,COP22to25/AircraftAssemblyLine-2-178-50-0_c23.xml.lzma,timeout_unknown,COMPLETED,0:0,00:30:05,terminated_by_signal,logs/cop165-cumulative-20260526-c609ccd4-dirty-q10609/slurm-logs/xcsp-parse-cop165-log-scop-time-rd-20260526-c609ccd4-dirty-q10609-rerun1-19856905-90.out,logs/cop165-cumulative-20260526-c609ccd4-dirty-q10609/slurm-logs/xcsp-parse-cop165-log-scop-time-rd-20260526-c609ccd4-dirty-q10609-rerun1-19856905-90.err,timeout_incumbent,COMPLETED,0:0,00:30:04,incumbent_interrupted_by_signal,logs/cop165-cumulative-20260526-c609ccd4-dirty-q10609/slurm-logs/xcsp-parse-cop165-log-scop-task-rd-20260526-c609ccd4-dirty-q10609-rerun1-19856575-90.out,logs/cop165-cumulative-20260526-c609ccd4-dirty-q10609/slurm-logs/xcsp-parse-cop165-log-scop-task-rd-20260526-c609ccd4-dirty-q10609-rerun1-19856575-90.err,timeout_incumbent,COMPLETED,0:0,00:30:04,incumbent_interrupted_by_signal,logs/cop165-cumulative-20260526-c609ccd4-dirty-q10609/slurm-logs/xcsp-parse-cop165-log-scop-cumext-20260526-c609ccd4-dirty-q10609-rerun1-19856577-90.out,logs/cop165-cumulative-20260526-c609ccd4-dirty-q10609/slurm-logs/xcsp-parse-cop165-log-scop-cumext-20260526-c609ccd4-dirty-q10609-rerun1-19856577-90.err,timeout_incumbent,COMPLETED,0:0,00:30:04,incumbent_interrupted_by_signal,logs/cop165-cumulative-20260526-c609ccd4-dirty-q10609/slurm-logs/xcsp-parse-cop165-order-ge-time-rd-20260526-c609ccd4-dirty-q10609-rerun1-19856579-90.out,logs/cop165-cumulative-20260526-c609ccd4-dirty-q10609/slurm-logs/xcsp-parse-cop165-order-ge-time-rd-20260526-c609ccd4-dirty-q10609-rerun1-19856579-90.err,timeout_incumbent,COMPLETED,0:0,00:30:05,incumbent_interrupted_by_signal,logs/cop165-cumulative-20260526-c609ccd4-dirty-q10609/slurm-logs/xcsp-parse-cop165-order-ge-task-rd-20260526-c609ccd4-dirty-q10609-rerun1-19856581-90.out,logs/cop165-cumulative-20260526-c609ccd4-dirty-q10609/slurm-logs/xcsp-parse-cop165-order-ge-task-rd-20260526-c609ccd4-dirty-q10609-rerun1-19856581-90.err,timeout_unknown,COMPLETED,0:0,00:30:06,terminated_by_signal,logs/cop165-cumulative-20260526-c609ccd4-dirty-q10609/slurm-logs/xcsp-parse-cop165-order-ge-cumext-20260526-c609ccd4-dirty-q10609-rerun1-19856583-90.out,logs/cop165-cumulative-20260526-c609ccd4-dirty-q10609/slurm-logs/xcsp-parse-cop165-order-ge-cumext-20260526-c609ccd4-dirty-q10609-rerun1-19856583-90.err
91,Cargo-16-10720f-4243_c24.xml.lzma,COP22to25/Cargo-16-10720f-4243_c24.xml.lzma,timeout_incumbent,COMPLETED,0:0,00:30:05,incumbent_interrupted_by_signal,logs/cop165-cumulative-20260526-c609ccd4-dirty-q10609/slurm-logs/xcsp-parse-cop165-log-scop-time-rd-20260526-c609ccd4-dirty-q10609-rerun1-19856905-91.out,logs/cop165-cumulative-20260526-c609ccd4-dirty-q10609/slurm-logs/xcsp-parse-cop165-log-scop-time-rd-20260526-c609ccd4-dirty-q10609-rerun1-19856905-91.err,timeout_unknown,COMPLETED,0:0,00:30:04,terminated_by_signal,logs/cop165-cumulative-20260526-c609ccd4-dirty-q10609/slurm-logs/xcsp-parse-cop165-log-scop-task-rd-20260526-c609ccd4-dirty-q10609-rerun1-19856575-91.out,logs/cop165-cumulative-20260526-c609ccd4-dirty-q10609/slurm-logs/xcsp-parse-cop165-log-scop-task-rd-20260526-c609ccd4-dirty-q10609-rerun1-19856575-91.err,timeout_unknown,COMPLETED,0:0,00:30:05,terminated_by_signal,logs/cop165-cumulative-20260526-c609ccd4-dirty-q10609/slurm-logs/xcsp-parse-cop165-log-scop-cumext-20260526-c609ccd4-dirty-q10609-rerun1-19856577-91.out,logs/cop165-cumulative-20260526-c609ccd4-dirty-q10609/slurm-logs/xcsp-parse-cop165-log-scop-cumext-20260526-c609ccd4-dirty-q10609-rerun1-19856577-91.err,timeout_unknown,COMPLETED,0:0,00:30:05,terminated_by_signal,logs/cop165-cumulative-20260526-c609ccd4-dirty-q10609/slurm-logs/xcsp-parse-cop165-order-ge-time-rd-20260526-c609ccd4-dirty-q10609-rerun1-19856579-91.out,logs/cop165-cumulative-20260526-c609ccd4-dirty-q10609/slurm-logs/xcsp-parse-cop165-order-ge-time-rd-20260526-c609ccd4-dirty-q10609-rerun1-19856579-91.err,timeout_unknown,COMPLETED,0:0,00:30:06,terminated_by_signal,logs/cop165-cumulative-20260526-c609ccd4-dirty-q10609/slurm-logs/xcsp-parse-cop165-order-ge-task-rd-20260526-c609ccd4-dirty-q10609-rerun1-19856581-91.out,logs/cop165-cumulative-20260526-c609ccd4-dirty-q10609/slurm-logs/xcsp-parse-cop165-order-ge-task-rd-20260526-c609ccd4-dirty-q10609-rerun1-19856581-91.err,timeout_unknown,COMPLETED,0:0,00:30:06,terminated_by_signal,logs/cop165-cumulative-20260526-c609ccd4-dirty-q10609/slurm-logs/xcsp-parse-cop165-order-ge-cumext-20260526-c609ccd4-dirty-q10609-rerun1-19856583-91.out,logs/cop165-cumulative-20260526-c609ccd4-dirty-q10609/slurm-logs/xcsp-parse-cop165-order-ge-cumext-20260526-c609ccd4-dirty-q10609-rerun1-19856583-91.err
92,AircraftAssemblyLine-2-178-50-1_c23.xml.lzma,COP22to25/AircraftAssemblyLine-2-178-50-1_c23.xml.lzma,timeout_incumbent,COMPLETED,0:0,00:30:04,incumbent_interrupted_by_signal,logs/cop165-cumulative-20260526-c609ccd4-dirty-q10609/slurm-logs/xcsp-parse-cop165-log-scop-time-rd-20260526-c609ccd4-dirty-q10609-rerun1-19856905-92.out,logs/cop165-cumulative-20260526-c609ccd4-dirty-q10609/slurm-logs/xcsp-parse-cop165-log-scop-time-rd-20260526-c609ccd4-dirty-q10609-rerun1-19856905-92.err,timeout_incumbent,COMPLETED,0:0,00:30:04,incumbent_interrupted_by_signal,logs/cop165-cumulative-20260526-c609ccd4-dirty-q10609/slurm-logs/xcsp-parse-cop165-log-scop-task-rd-20260526-c609ccd4-dirty-q10609-rerun1-19856575-92.out,logs/cop165-cumulative-20260526-c609ccd4-dirty-q10609/slurm-logs/xcsp-parse-cop165-log-scop-task-rd-20260526-c609ccd4-dirty-q10609-rerun1-19856575-92.err,timeout_incumbent,COMPLETED,0:0,00:30:04,incumbent_interrupted_by_signal,logs/cop165-cumulative-20260526-c609ccd4-dirty-q10609/slurm-logs/xcsp-parse-cop165-log-scop-cumext-20260526-c609ccd4-dirty-q10609-rerun1-19856577-92.out,logs/cop165-cumulative-20260526-c609ccd4-dirty-q10609/slurm-logs/xcsp-parse-cop165-log-scop-cumext-20260526-c609ccd4-dirty-q10609-rerun1-19856577-92.err,timeout_unknown,COMPLETED,0:0,00:30:04,terminated_by_signal,logs/cop165-cumulative-20260526-c609ccd4-dirty-q10609/slurm-logs/xcsp-parse-cop165-order-ge-time-rd-20260526-c609ccd4-dirty-q10609-rerun1-19856579-92.out,logs/cop165-cumulative-20260526-c609ccd4-dirty-q10609/slurm-logs/xcsp-parse-cop165-order-ge-time-rd-20260526-c609ccd4-dirty-q10609-rerun1-19856579-92.err,timeout_incumbent,COMPLETED,0:0,00:30:06,incumbent_interrupted_by_signal,logs/cop165-cumulative-20260526-c609ccd4-dirty-q10609/slurm-logs/xcsp-parse-cop165-order-ge-task-rd-20260526-c609ccd4-dirty-q10609-rerun1-19856581-92.out,logs/cop165-cumulative-20260526-c609ccd4-dirty-q10609/slurm-logs/xcsp-parse-cop165-order-ge-task-rd-20260526-c609ccd4-dirty-q10609-rerun1-19856581-92.err,timeout_unknown,COMPLETED,0:0,00:30:05,terminated_by_signal,logs/cop165-cumulative-20260526-c609ccd4-dirty-q10609/slurm-logs/xcsp-parse-cop165-order-ge-cumext-20260526-c609ccd4-dirty-q10609-rerun1-19856583-92.out,logs/cop165-cumulative-20260526-c609ccd4-dirty-q10609/slurm-logs/xcsp-parse-cop165-order-ge-cumext-20260526-c609ccd4-dirty-q10609-rerun1-19856583-92.err
93,AircraftAssemblyLine-2-178-50-2_c23.xml.lzma,COP22to25/AircraftAssemblyLine-2-178-50-2_c23.xml.lzma,timeout_incumbent,COMPLETED,0:0,00:30:07,incumbent_interrupted_by_signal,logs/cop165-cumulative-20260526-c609ccd4-dirty-q10609/slurm-logs/xcsp-parse-cop165-log-scop-time-rd-20260526-c609ccd4-dirty-q10609-rerun1-19856905-93.out,logs/cop165-cumulative-20260526-c609ccd4-dirty-q10609/slurm-logs/xcsp-parse-cop165-log-scop-time-rd-20260526-c609ccd4-dirty-q10609-rerun1-19856905-93.err,timeout_unknown,COMPLETED,0:0,00:30:04,terminated_by_signal,logs/cop165-cumulative-20260526-c609ccd4-dirty-q10609/slurm-logs/xcsp-parse-cop165-log-scop-task-rd-20260526-c609ccd4-dirty-q10609-rerun1-19856575-93.out,logs/cop165-cumulative-20260526-c609ccd4-dirty-q10609/slurm-logs/xcsp-parse-cop165-log-scop-task-rd-20260526-c609ccd4-dirty-q10609-rerun1-19856575-93.err,timeout_incumbent,COMPLETED,0:0,00:30:05,incumbent_interrupted_by_signal,logs/cop165-cumulative-20260526-c609ccd4-dirty-q10609/slurm-logs/xcsp-parse-cop165-log-scop-cumext-20260526-c609ccd4-dirty-q10609-rerun1-19856577-93.out,logs/cop165-cumulative-20260526-c609ccd4-dirty-q10609/slurm-logs/xcsp-parse-cop165-log-scop-cumext-20260526-c609ccd4-dirty-q10609-rerun1-19856577-93.err,timeout_incumbent,COMPLETED,0:0,00:30:07,incumbent_interrupted_by_signal,logs/cop165-cumulative-20260526-c609ccd4-dirty-q10609/slurm-logs/xcsp-parse-cop165-order-ge-time-rd-20260526-c609ccd4-dirty-q10609-rerun1-19856579-93.out,logs/cop165-cumulative-20260526-c609ccd4-dirty-q10609/slurm-logs/xcsp-parse-cop165-order-ge-time-rd-20260526-c609ccd4-dirty-q10609-rerun1-19856579-93.err,timeout_incumbent,COMPLETED,0:0,00:30:05,incumbent_interrupted_by_signal,logs/cop165-cumulative-20260526-c609ccd4-dirty-q10609/slurm-logs/xcsp-parse-cop165-order-ge-task-rd-20260526-c609ccd4-dirty-q10609-rerun1-19856581-93.out,logs/cop165-cumulative-20260526-c609ccd4-dirty-q10609/slurm-logs/xcsp-parse-cop165-order-ge-task-rd-20260526-c609ccd4-dirty-q10609-rerun1-19856581-93.err,timeout_unknown,COMPLETED,0:0,00:30:05,terminated_by_signal,logs/cop165-cumulative-20260526-c609ccd4-dirty-q10609/slurm-logs/xcsp-parse-cop165-order-ge-cumext-20260526-c609ccd4-dirty-q10609-rerun1-19856583-93.out,logs/cop165-cumulative-20260526-c609ccd4-dirty-q10609/slurm-logs/xcsp-parse-cop165-order-ge-cumext-20260526-c609ccd4-dirty-q10609-rerun1-19856583-93.err
94,IHTC-i01_c25.xml.lzma,COP22to25/IHTC-i01_c25.xml.lzma,sat_no_proof,COMPLETED,0:0,00:00:06,best incumbent shown; guarded improvement search stopped before optimality proof: relaxation failed: log-scop objective-variable cut encode failed: log-scop incremental cut is missing base integer code for id=233,logs/cop165-cumulative-20260526-c609ccd4-dirty-q10609/slurm-logs/xcsp-parse-cop165-log-scop-time-rd-20260526-c609ccd4-dirty-q10609-rerun1-19856905-94.out,logs/cop165-cumulative-20260526-c609ccd4-dirty-q10609/slurm-logs/xcsp-parse-cop165-log-scop-time-rd-20260526-c609ccd4-dirty-q10609-rerun1-19856905-94.err,unsat,COMPLETED,0:0,00:00:15,,logs/cop165-cumulative-20260526-c609ccd4-dirty-q10609/slurm-logs/xcsp-parse-cop165-log-scop-task-rd-20260526-c609ccd4-dirty-q10609-rerun1-19856575-94.out,logs/cop165-cumulative-20260526-c609ccd4-dirty-q10609/slurm-logs/xcsp-parse-cop165-log-scop-task-rd-20260526-c609ccd4-dirty-q10609-rerun1-19856575-94.err,sat_no_proof,COMPLETED,0:0,00:00:05,best incumbent shown; guarded improvement search stopped before optimality proof: relaxation failed: log-scop objective-variable cut encode failed: log-scop incremental cut is missing base integer code for id=233,logs/cop165-cumulative-20260526-c609ccd4-dirty-q10609/slurm-logs/xcsp-parse-cop165-log-scop-cumext-20260526-c609ccd4-dirty-q10609-rerun1-19856577-94.out,logs/cop165-cumulative-20260526-c609ccd4-dirty-q10609/slurm-logs/xcsp-parse-cop165-log-scop-cumext-20260526-c609ccd4-dirty-q10609-rerun1-19856577-94.err,timeout_incumbent,COMPLETED,0:0,00:30:08,incumbent_interrupted_by_signal,logs/cop165-cumulative-20260526-c609ccd4-dirty-q10609/slurm-logs/xcsp-parse-cop165-order-ge-time-rd-20260526-c609ccd4-dirty-q10609-rerun1-19856579-94.out,logs/cop165-cumulative-20260526-c609ccd4-dirty-q10609/slurm-logs/xcsp-parse-cop165-order-ge-time-rd-20260526-c609ccd4-dirty-q10609-rerun1-19856579-94.err,unsat,COMPLETED,0:0,00:06:44,,logs/cop165-cumulative-20260526-c609ccd4-dirty-q10609/slurm-logs/xcsp-parse-cop165-order-ge-task-rd-20260526-c609ccd4-dirty-q10609-rerun1-19856581-94.out,logs/cop165-cumulative-20260526-c609ccd4-dirty-q10609/slurm-logs/xcsp-parse-cop165-order-ge-task-rd-20260526-c609ccd4-dirty-q10609-rerun1-19856581-94.err,timeout_incumbent,COMPLETED,0:0,00:30:10,incumbent_interrupted_by_signal,logs/cop165-cumulative-20260526-c609ccd4-dirty-q10609/slurm-logs/xcsp-parse-cop165-order-ge-cumext-20260526-c609ccd4-dirty-q10609-rerun1-19856583-94.out,logs/cop165-cumulative-20260526-c609ccd4-dirty-q10609/slurm-logs/xcsp-parse-cop165-order-ge-cumext-20260526-c609ccd4-dirty-q10609-rerun1-19856583-94.err
95,AircraftAssemblyLine-2-178-20-0_c23.xml.lzma,COP22to25/AircraftAssemblyLine-2-178-20-0_c23.xml.lzma,timeout_incumbent,COMPLETED,0:0,00:30:06,incumbent_interrupted_by_signal,logs/cop165-cumulative-20260526-c609ccd4-dirty-q10609/slurm-logs/xcsp-parse-cop165-log-scop-time-rd-20260526-c609ccd4-dirty-q10609-rerun1-19856905-95.out,logs/cop165-cumulative-20260526-c609ccd4-dirty-q10609/slurm-logs/xcsp-parse-cop165-log-scop-time-rd-20260526-c609ccd4-dirty-q10609-rerun1-19856905-95.err,timeout_incumbent,COMPLETED,0:0,00:30:04,incumbent_interrupted_by_signal,logs/cop165-cumulative-20260526-c609ccd4-dirty-q10609/slurm-logs/xcsp-parse-cop165-log-scop-task-rd-20260526-c609ccd4-dirty-q10609-rerun1-19856575-95.out,logs/cop165-cumulative-20260526-c609ccd4-dirty-q10609/slurm-logs/xcsp-parse-cop165-log-scop-task-rd-20260526-c609ccd4-dirty-q10609-rerun1-19856575-95.err,timeout_unknown,COMPLETED,0:0,00:30:05,terminated_by_signal,logs/cop165-cumulative-20260526-c609ccd4-dirty-q10609/slurm-logs/xcsp-parse-cop165-log-scop-cumext-20260526-c609ccd4-dirty-q10609-rerun1-19856577-95.out,logs/cop165-cumulative-20260526-c609ccd4-dirty-q10609/slurm-logs/xcsp-parse-cop165-log-scop-cumext-20260526-c609ccd4-dirty-q10609-rerun1-19856577-95.err,timeout_unknown,COMPLETED,0:0,00:30:05,terminated_by_signal,logs/cop165-cumulative-20260526-c609ccd4-dirty-q10609/slurm-logs/xcsp-parse-cop165-order-ge-time-rd-20260526-c609ccd4-dirty-q10609-rerun1-19856579-95.out,logs/cop165-cumulative-20260526-c609ccd4-dirty-q10609/slurm-logs/xcsp-parse-cop165-order-ge-time-rd-20260526-c609ccd4-dirty-q10609-rerun1-19856579-95.err,timeout_incumbent,COMPLETED,0:0,00:30:06,incumbent_interrupted_by_signal,logs/cop165-cumulative-20260526-c609ccd4-dirty-q10609/slurm-logs/xcsp-parse-cop165-order-ge-task-rd-20260526-c609ccd4-dirty-q10609-rerun1-19856581-95.out,logs/cop165-cumulative-20260526-c609ccd4-dirty-q10609/slurm-logs/xcsp-parse-cop165-order-ge-task-rd-20260526-c609ccd4-dirty-q10609-rerun1-19856581-95.err,timeout_unknown,COMPLETED,0:0,00:30:04,terminated_by_signal,logs/cop165-cumulative-20260526-c609ccd4-dirty-q10609/slurm-logs/xcsp-parse-cop165-order-ge-cumext-20260526-c609ccd4-dirty-q10609-rerun1-19856583-95.out,logs/cop165-cumulative-20260526-c609ccd4-dirty-q10609/slurm-logs/xcsp-parse-cop165-order-ge-cumext-20260526-c609ccd4-dirty-q10609-rerun1-19856583-95.err
96,AircraftAssemblyLine-2-178-20-2_c23.xml.lzma,COP22to25/AircraftAssemblyLine-2-178-20-2_c23.xml.lzma,timeout_incumbent,COMPLETED,0:0,00:30:06,incumbent_interrupted_by_signal,logs/cop165-cumulative-20260526-c609ccd4-dirty-q10609/slurm-logs/xcsp-parse-cop165-log-scop-time-rd-20260526-c609ccd4-dirty-q10609-rerun1-19856905-96.out,logs/cop165-cumulative-20260526-c609ccd4-dirty-q10609/slurm-logs/xcsp-parse-cop165-log-scop-time-rd-20260526-c609ccd4-dirty-q10609-rerun1-19856905-96.err,timeout_incumbent,COMPLETED,0:0,00:30:04,incumbent_interrupted_by_signal,logs/cop165-cumulative-20260526-c609ccd4-dirty-q10609/slurm-logs/xcsp-parse-cop165-log-scop-task-rd-20260526-c609ccd4-dirty-q10609-rerun1-19856575-96.out,logs/cop165-cumulative-20260526-c609ccd4-dirty-q10609/slurm-logs/xcsp-parse-cop165-log-scop-task-rd-20260526-c609ccd4-dirty-q10609-rerun1-19856575-96.err,timeout_incumbent,COMPLETED,0:0,00:30:04,incumbent_interrupted_by_signal,logs/cop165-cumulative-20260526-c609ccd4-dirty-q10609/slurm-logs/xcsp-parse-cop165-log-scop-cumext-20260526-c609ccd4-dirty-q10609-rerun1-19856577-96.out,logs/cop165-cumulative-20260526-c609ccd4-dirty-q10609/slurm-logs/xcsp-parse-cop165-log-scop-cumext-20260526-c609ccd4-dirty-q10609-rerun1-19856577-96.err,timeout_unknown,COMPLETED,0:0,00:30:04,terminated_by_signal,logs/cop165-cumulative-20260526-c609ccd4-dirty-q10609/slurm-logs/xcsp-parse-cop165-order-ge-time-rd-20260526-c609ccd4-dirty-q10609-rerun1-19856579-96.out,logs/cop165-cumulative-20260526-c609ccd4-dirty-q10609/slurm-logs/xcsp-parse-cop165-order-ge-time-rd-20260526-c609ccd4-dirty-q10609-rerun1-19856579-96.err,timeout_incumbent,COMPLETED,0:0,00:30:09,incumbent_interrupted_by_signal,logs/cop165-cumulative-20260526-c609ccd4-dirty-q10609/slurm-logs/xcsp-parse-cop165-order-ge-task-rd-20260526-c609ccd4-dirty-q10609-rerun1-19856581-96.out,logs/cop165-cumulative-20260526-c609ccd4-dirty-q10609/slurm-logs/xcsp-parse-cop165-order-ge-task-rd-20260526-c609ccd4-dirty-q10609-rerun1-19856581-96.err,timeout_unknown,COMPLETED,0:0,00:30:04,terminated_by_signal,logs/cop165-cumulative-20260526-c609ccd4-dirty-q10609/slurm-logs/xcsp-parse-cop165-order-ge-cumext-20260526-c609ccd4-dirty-q10609-rerun1-19856583-96.out,logs/cop165-cumulative-20260526-c609ccd4-dirty-q10609/slurm-logs/xcsp-parse-cop165-order-ge-cumext-20260526-c609ccd4-dirty-q10609-rerun1-19856583-96.err
97,AircraftAssemblyLine-2-178-20-1_c23.xml.lzma,COP22to25/AircraftAssemblyLine-2-178-20-1_c23.xml.lzma,timeout_incumbent,COMPLETED,0:0,00:30:04,incumbent_interrupted_by_signal,logs/cop165-cumulative-20260526-c609ccd4-dirty-q10609/slurm-logs/xcsp-parse-cop165-log-scop-time-rd-20260526-c609ccd4-dirty-q10609-rerun1-19856905-97.out,logs/cop165-cumulative-20260526-c609ccd4-dirty-q10609/slurm-logs/xcsp-parse-cop165-log-scop-time-rd-20260526-c609ccd4-dirty-q10609-rerun1-19856905-97.err,timeout_incumbent,COMPLETED,0:0,00:30:03,incumbent_interrupted_by_signal,logs/cop165-cumulative-20260526-c609ccd4-dirty-q10609/slurm-logs/xcsp-parse-cop165-log-scop-task-rd-20260526-c609ccd4-dirty-q10609-rerun1-19856575-97.out,logs/cop165-cumulative-20260526-c609ccd4-dirty-q10609/slurm-logs/xcsp-parse-cop165-log-scop-task-rd-20260526-c609ccd4-dirty-q10609-rerun1-19856575-97.err,timeout_incumbent,COMPLETED,0:0,00:30:06,incumbent_interrupted_by_signal,logs/cop165-cumulative-20260526-c609ccd4-dirty-q10609/slurm-logs/xcsp-parse-cop165-log-scop-cumext-20260526-c609ccd4-dirty-q10609-rerun1-19856577-97.out,logs/cop165-cumulative-20260526-c609ccd4-dirty-q10609/slurm-logs/xcsp-parse-cop165-log-scop-cumext-20260526-c609ccd4-dirty-q10609-rerun1-19856577-97.err,timeout_unknown,COMPLETED,0:0,00:30:05,terminated_by_signal,logs/cop165-cumulative-20260526-c609ccd4-dirty-q10609/slurm-logs/xcsp-parse-cop165-order-ge-time-rd-20260526-c609ccd4-dirty-q10609-rerun1-19856579-97.out,logs/cop165-cumulative-20260526-c609ccd4-dirty-q10609/slurm-logs/xcsp-parse-cop165-order-ge-time-rd-20260526-c609ccd4-dirty-q10609-rerun1-19856579-97.err,timeout_incumbent,COMPLETED,0:0,00:30:06,incumbent_interrupted_by_signal,logs/cop165-cumulative-20260526-c609ccd4-dirty-q10609/slurm-logs/xcsp-parse-cop165-order-ge-task-rd-20260526-c609ccd4-dirty-q10609-rerun1-19856581-97.out,logs/cop165-cumulative-20260526-c609ccd4-dirty-q10609/slurm-logs/xcsp-parse-cop165-order-ge-task-rd-20260526-c609ccd4-dirty-q10609-rerun1-19856581-97.err,timeout_unknown,COMPLETED,0:0,00:30:04,terminated_by_signal,logs/cop165-cumulative-20260526-c609ccd4-dirty-q10609/slurm-logs/xcsp-parse-cop165-order-ge-cumext-20260526-c609ccd4-dirty-q10609-rerun1-19856583-97.out,logs/cop165-cumulative-20260526-c609ccd4-dirty-q10609/slurm-logs/xcsp-parse-cop165-order-ge-cumext-20260526-c609ccd4-dirty-q10609-rerun1-19856583-97.err
98,AircraftAssemblyLine-1-178-70-1_c23.xml.lzma,COP22to25/AircraftAssemblyLine-1-178-70-1_c23.xml.lzma,timeout_unknown,COMPLETED,0:0,00:30:05,terminated_by_signal,logs/cop165-cumulative-20260526-c609ccd4-dirty-q10609/slurm-logs/xcsp-parse-cop165-log-scop-time-rd-20260526-c609ccd4-dirty-q10609-rerun1-19856905-98.out,logs/cop165-cumulative-20260526-c609ccd4-dirty-q10609/slurm-logs/xcsp-parse-cop165-log-scop-time-rd-20260526-c609ccd4-dirty-q10609-rerun1-19856905-98.err,timeout_incumbent,COMPLETED,0:0,00:30:05,incumbent_interrupted_by_signal,logs/cop165-cumulative-20260526-c609ccd4-dirty-q10609/slurm-logs/xcsp-parse-cop165-log-scop-task-rd-20260526-c609ccd4-dirty-q10609-rerun1-19856575-98.out,logs/cop165-cumulative-20260526-c609ccd4-dirty-q10609/slurm-logs/xcsp-parse-cop165-log-scop-task-rd-20260526-c609ccd4-dirty-q10609-rerun1-19856575-98.err,timeout_incumbent,COMPLETED,0:0,00:30:03,incumbent_interrupted_by_signal,logs/cop165-cumulative-20260526-c609ccd4-dirty-q10609/slurm-logs/xcsp-parse-cop165-log-scop-cumext-20260526-c609ccd4-dirty-q10609-rerun1-19856577-98.out,logs/cop165-cumulative-20260526-c609ccd4-dirty-q10609/slurm-logs/xcsp-parse-cop165-log-scop-cumext-20260526-c609ccd4-dirty-q10609-rerun1-19856577-98.err,timeout_incumbent,COMPLETED,0:0,00:30:05,incumbent_interrupted_by_signal,logs/cop165-cumulative-20260526-c609ccd4-dirty-q10609/slurm-logs/xcsp-parse-cop165-order-ge-time-rd-20260526-c609ccd4-dirty-q10609-rerun1-19856579-98.out,logs/cop165-cumulative-20260526-c609ccd4-dirty-q10609/slurm-logs/xcsp-parse-cop165-order-ge-time-rd-20260526-c609ccd4-dirty-q10609-rerun1-19856579-98.err,timeout_incumbent,COMPLETED,0:0,00:30:06,incumbent_interrupted_by_signal,logs/cop165-cumulative-20260526-c609ccd4-dirty-q10609/slurm-logs/xcsp-parse-cop165-order-ge-task-rd-20260526-c609ccd4-dirty-q10609-rerun1-19856581-98.out,logs/cop165-cumulative-20260526-c609ccd4-dirty-q10609/slurm-logs/xcsp-parse-cop165-order-ge-task-rd-20260526-c609ccd4-dirty-q10609-rerun1-19856581-98.err,timeout_incumbent,COMPLETED,0:0,00:30:03,incumbent_interrupted_by_signal,logs/cop165-cumulative-20260526-c609ccd4-dirty-q10609/slurm-logs/xcsp-parse-cop165-order-ge-cumext-20260526-c609ccd4-dirty-q10609-rerun1-19856583-98.out,logs/cop165-cumulative-20260526-c609ccd4-dirty-q10609/slurm-logs/xcsp-parse-cop165-order-ge-cumext-20260526-c609ccd4-dirty-q10609-rerun1-19856583-98.err
99,Cargo-20-27613f-2435_c24.xml.lzma,COP22to25/Cargo-20-27613f-2435_c24.xml.lzma,timeout_incumbent,COMPLETED,0:0,00:30:05,incumbent_interrupted_by_signal,logs/cop165-cumulative-20260526-c609ccd4-dirty-q10609/slurm-logs/xcsp-parse-cop165-log-scop-time-rd-20260526-c609ccd4-dirty-q10609-rerun1-19856905-99.out,logs/cop165-cumulative-20260526-c609ccd4-dirty-q10609/slurm-logs/xcsp-parse-cop165-log-scop-time-rd-20260526-c609ccd4-dirty-q10609-rerun1-19856905-99.err,timeout_unknown,COMPLETED,0:0,00:30:03,terminated_by_signal,logs/cop165-cumulative-20260526-c609ccd4-dirty-q10609/slurm-logs/xcsp-parse-cop165-log-scop-task-rd-20260526-c609ccd4-dirty-q10609-rerun1-19856575-99.out,logs/cop165-cumulative-20260526-c609ccd4-dirty-q10609/slurm-logs/xcsp-parse-cop165-log-scop-task-rd-20260526-c609ccd4-dirty-q10609-rerun1-19856575-99.err,timeout_unknown,COMPLETED,0:0,00:30:04,terminated_by_signal,logs/cop165-cumulative-20260526-c609ccd4-dirty-q10609/slurm-logs/xcsp-parse-cop165-log-scop-cumext-20260526-c609ccd4-dirty-q10609-rerun1-19856577-99.out,logs/cop165-cumulative-20260526-c609ccd4-dirty-q10609/slurm-logs/xcsp-parse-cop165-log-scop-cumext-20260526-c609ccd4-dirty-q10609-rerun1-19856577-99.err,out_of_memory,OUT_OF_MEMORY,0:125,00:11:02,slurmstepd: error: Detected 9 oom-kill event(s) in StepId=19860858.batch. Some of your processes may have been killed by the cgroup out-of-memory handler.,logs/cop165-cumulative-20260526-c609ccd4-dirty-q10609/slurm-logs/xcsp-parse-cop165-order-ge-time-rd-20260526-c609ccd4-dirty-q10609-rerun1-19856579-99.out,logs/cop165-cumulative-20260526-c609ccd4-dirty-q10609/slurm-logs/xcsp-parse-cop165-order-ge-time-rd-20260526-c609ccd4-dirty-q10609-rerun1-19856579-99.err,out_of_memory,OUT_OF_MEMORY,0:125,00:11:53,slurmstepd: error: Detected 2 oom-kill event(s) in StepId=19865410.batch. Some of your processes may have been killed by the cgroup out-of-memory handler.,logs/cop165-cumulative-20260526-c609ccd4-dirty-q10609/slurm-logs/xcsp-parse-cop165-order-ge-task-rd-20260526-c609ccd4-dirty-q10609-rerun1-19856581-99.out,logs/cop165-cumulative-20260526-c609ccd4-dirty-q10609/slurm-logs/xcsp-parse-cop165-order-ge-task-rd-20260526-c609ccd4-dirty-q10609-rerun1-19856581-99.err,out_of_memory,OUT_OF_MEMORY,0:125,00:11:33,"/var/spool/slurm/d/job19868707/slurm_script: 134 行: 1443180 強制終了            ""$ENGINE_BIN"" exec --bind ""${BENCHMARK_DIR%/}:${CONTAINER_BENCH_DIR%/}"" --bind ""${LOG_DIR%/}:${CONTAINER_LOG_DIR%/}"" --bind ""${RESULT_DIR%/}:${CONTAINER_RESULT_DIR%/}"" --env ""INSTANCE_PATH=${instance_cont",logs/cop165-cumulative-20260526-c609ccd4-dirty-q10609/slurm-logs/xcsp-parse-cop165-order-ge-cumext-20260526-c609ccd4-dirty-q10609-rerun1-19856583-99.out,logs/cop165-cumulative-20260526-c609ccd4-dirty-q10609/slurm-logs/xcsp-parse-cop165-order-ge-cumext-20260526-c609ccd4-dirty-q10609-rerun1-19856583-99.err
100,Cargo-19-31058f-2548_c24.xml.lzma,COP22to25/Cargo-19-31058f-2548_c24.xml.lzma,timeout_incumbent,COMPLETED,0:0,00:30:04,incumbent_interrupted_by_signal,logs/cop165-cumulative-20260526-c609ccd4-dirty-q10609/slurm-logs/xcsp-parse-cop165-log-scop-time-rd-20260526-c609ccd4-dirty-q10609-rerun1-19856905-100.out,logs/cop165-cumulative-20260526-c609ccd4-dirty-q10609/slurm-logs/xcsp-parse-cop165-log-scop-time-rd-20260526-c609ccd4-dirty-q10609-rerun1-19856905-100.err,timeout_incumbent,COMPLETED,0:0,00:30:03,incumbent_interrupted_by_signal,logs/cop165-cumulative-20260526-c609ccd4-dirty-q10609/slurm-logs/xcsp-parse-cop165-log-scop-task-rd-20260526-c609ccd4-dirty-q10609-rerun1-19856575-100.out,logs/cop165-cumulative-20260526-c609ccd4-dirty-q10609/slurm-logs/xcsp-parse-cop165-log-scop-task-rd-20260526-c609ccd4-dirty-q10609-rerun1-19856575-100.err,timeout_unknown,COMPLETED,0:0,00:30:05,terminated_by_signal,logs/cop165-cumulative-20260526-c609ccd4-dirty-q10609/slurm-logs/xcsp-parse-cop165-log-scop-cumext-20260526-c609ccd4-dirty-q10609-rerun1-19856577-100.out,logs/cop165-cumulative-20260526-c609ccd4-dirty-q10609/slurm-logs/xcsp-parse-cop165-log-scop-cumext-20260526-c609ccd4-dirty-q10609-rerun1-19856577-100.err,out_of_memory,OUT_OF_MEMORY,0:125,00:12:52,slurmstepd: error: Detected 7 oom-kill event(s) in StepId=19860901.batch. Some of your processes may have been killed by the cgroup out-of-memory handler.,logs/cop165-cumulative-20260526-c609ccd4-dirty-q10609/slurm-logs/xcsp-parse-cop165-order-ge-time-rd-20260526-c609ccd4-dirty-q10609-rerun1-19856579-100.out,logs/cop165-cumulative-20260526-c609ccd4-dirty-q10609/slurm-logs/xcsp-parse-cop165-order-ge-time-rd-20260526-c609ccd4-dirty-q10609-rerun1-19856579-100.err,out_of_memory,OUT_OF_MEMORY,0:125,00:12:03,slurmstepd: error: Detected 10 oom-kill event(s) in StepId=19865420.batch. Some of your processes may have been killed by the cgroup out-of-memory handler.,logs/cop165-cumulative-20260526-c609ccd4-dirty-q10609/slurm-logs/xcsp-parse-cop165-order-ge-task-rd-20260526-c609ccd4-dirty-q10609-rerun1-19856581-100.out,logs/cop165-cumulative-20260526-c609ccd4-dirty-q10609/slurm-logs/xcsp-parse-cop165-order-ge-task-rd-20260526-c609ccd4-dirty-q10609-rerun1-19856581-100.err,out_of_memory,OUT_OF_MEMORY,0:125,00:12:09,slurmstepd: error: Detected 1 oom-kill event(s) in StepId=19868720.batch. Some of your processes may have been killed by the cgroup out-of-memory handler.,logs/cop165-cumulative-20260526-c609ccd4-dirty-q10609/slurm-logs/xcsp-parse-cop165-order-ge-cumext-20260526-c609ccd4-dirty-q10609-rerun1-19856583-100.out,logs/cop165-cumulative-20260526-c609ccd4-dirty-q10609/slurm-logs/xcsp-parse-cop165-order-ge-cumext-20260526-c609ccd4-dirty-q10609-rerun1-19856583-100.err
101,AircraftAssemblyLine-1-178-70-0_c23.xml.lzma,COP22to25/AircraftAssemblyLine-1-178-70-0_c23.xml.lzma,timeout_incumbent,COMPLETED,0:0,00:30:04,incumbent_interrupted_by_signal,logs/cop165-cumulative-20260526-c609ccd4-dirty-q10609/slurm-logs/xcsp-parse-cop165-log-scop-time-rd-20260526-c609ccd4-dirty-q10609-rerun1-19856905-101.out,logs/cop165-cumulative-20260526-c609ccd4-dirty-q10609/slurm-logs/xcsp-parse-cop165-log-scop-time-rd-20260526-c609ccd4-dirty-q10609-rerun1-19856905-101.err,timeout_incumbent,COMPLETED,0:0,00:30:04,incumbent_interrupted_by_signal,logs/cop165-cumulative-20260526-c609ccd4-dirty-q10609/slurm-logs/xcsp-parse-cop165-log-scop-task-rd-20260526-c609ccd4-dirty-q10609-rerun1-19856575-101.out,logs/cop165-cumulative-20260526-c609ccd4-dirty-q10609/slurm-logs/xcsp-parse-cop165-log-scop-task-rd-20260526-c609ccd4-dirty-q10609-rerun1-19856575-101.err,timeout_incumbent,COMPLETED,0:0,00:30:06,incumbent_interrupted_by_signal,logs/cop165-cumulative-20260526-c609ccd4-dirty-q10609/slurm-logs/xcsp-parse-cop165-log-scop-cumext-20260526-c609ccd4-dirty-q10609-rerun1-19856577-101.out,logs/cop165-cumulative-20260526-c609ccd4-dirty-q10609/slurm-logs/xcsp-parse-cop165-log-scop-cumext-20260526-c609ccd4-dirty-q10609-rerun1-19856577-101.err,timeout_incumbent,COMPLETED,0:0,00:30:05,incumbent_interrupted_by_signal,logs/cop165-cumulative-20260526-c609ccd4-dirty-q10609/slurm-logs/xcsp-parse-cop165-order-ge-time-rd-20260526-c609ccd4-dirty-q10609-rerun1-19856579-101.out,logs/cop165-cumulative-20260526-c609ccd4-dirty-q10609/slurm-logs/xcsp-parse-cop165-order-ge-time-rd-20260526-c609ccd4-dirty-q10609-rerun1-19856579-101.err,timeout_incumbent,COMPLETED,0:0,00:30:05,incumbent_interrupted_by_signal,logs/cop165-cumulative-20260526-c609ccd4-dirty-q10609/slurm-logs/xcsp-parse-cop165-order-ge-task-rd-20260526-c609ccd4-dirty-q10609-rerun1-19856581-101.out,logs/cop165-cumulative-20260526-c609ccd4-dirty-q10609/slurm-logs/xcsp-parse-cop165-order-ge-task-rd-20260526-c609ccd4-dirty-q10609-rerun1-19856581-101.err,timeout_incumbent,COMPLETED,0:0,00:30:06,incumbent_interrupted_by_signal,logs/cop165-cumulative-20260526-c609ccd4-dirty-q10609/slurm-logs/xcsp-parse-cop165-order-ge-cumext-20260526-c609ccd4-dirty-q10609-rerun1-19856583-101.out,logs/cop165-cumulative-20260526-c609ccd4-dirty-q10609/slurm-logs/xcsp-parse-cop165-order-ge-cumext-20260526-c609ccd4-dirty-q10609-rerun1-19856583-101.err
102,AircraftAssemblyLine-1-178-70-2_c23.xml.lzma,COP22to25/AircraftAssemblyLine-1-178-70-2_c23.xml.lzma,timeout_incumbent,COMPLETED,0:0,00:30:04,incumbent_interrupted_by_signal,logs/cop165-cumulative-20260526-c609ccd4-dirty-q10609/slurm-logs/xcsp-parse-cop165-log-scop-time-rd-20260526-c609ccd4-dirty-q10609-rerun1-19856905-102.out,logs/cop165-cumulative-20260526-c609ccd4-dirty-q10609/slurm-logs/xcsp-parse-cop165-log-scop-time-rd-20260526-c609ccd4-dirty-q10609-rerun1-19856905-102.err,timeout_incumbent,COMPLETED,0:0,00:30:05,incumbent_interrupted_by_signal,logs/cop165-cumulative-20260526-c609ccd4-dirty-q10609/slurm-logs/xcsp-parse-cop165-log-scop-task-rd-20260526-c609ccd4-dirty-q10609-rerun1-19856575-102.out,logs/cop165-cumulative-20260526-c609ccd4-dirty-q10609/slurm-logs/xcsp-parse-cop165-log-scop-task-rd-20260526-c609ccd4-dirty-q10609-rerun1-19856575-102.err,timeout_incumbent,COMPLETED,0:0,00:30:03,incumbent_interrupted_by_signal,logs/cop165-cumulative-20260526-c609ccd4-dirty-q10609/slurm-logs/xcsp-parse-cop165-log-scop-cumext-20260526-c609ccd4-dirty-q10609-rerun1-19856577-102.out,logs/cop165-cumulative-20260526-c609ccd4-dirty-q10609/slurm-logs/xcsp-parse-cop165-log-scop-cumext-20260526-c609ccd4-dirty-q10609-rerun1-19856577-102.err,timeout_incumbent,COMPLETED,0:0,00:30:04,incumbent_interrupted_by_signal,logs/cop165-cumulative-20260526-c609ccd4-dirty-q10609/slurm-logs/xcsp-parse-cop165-order-ge-time-rd-20260526-c609ccd4-dirty-q10609-rerun1-19856579-102.out,logs/cop165-cumulative-20260526-c609ccd4-dirty-q10609/slurm-logs/xcsp-parse-cop165-order-ge-time-rd-20260526-c609ccd4-dirty-q10609-rerun1-19856579-102.err,timeout_incumbent,COMPLETED,0:0,00:30:06,incumbent_interrupted_by_signal,logs/cop165-cumulative-20260526-c609ccd4-dirty-q10609/slurm-logs/xcsp-parse-cop165-order-ge-task-rd-20260526-c609ccd4-dirty-q10609-rerun1-19856581-102.out,logs/cop165-cumulative-20260526-c609ccd4-dirty-q10609/slurm-logs/xcsp-parse-cop165-order-ge-task-rd-20260526-c609ccd4-dirty-q10609-rerun1-19856581-102.err,timeout_incumbent,COMPLETED,0:0,00:30:04,incumbent_interrupted_by_signal,logs/cop165-cumulative-20260526-c609ccd4-dirty-q10609/slurm-logs/xcsp-parse-cop165-order-ge-cumext-20260526-c609ccd4-dirty-q10609-rerun1-19856583-102.out,logs/cop165-cumulative-20260526-c609ccd4-dirty-q10609/slurm-logs/xcsp-parse-cop165-order-ge-cumext-20260526-c609ccd4-dirty-q10609-rerun1-19856583-102.err
103,AircraftAssemblyLine-2-178-00-0_c23.xml.lzma,COP22to25/AircraftAssemblyLine-2-178-00-0_c23.xml.lzma,timeout_incumbent,COMPLETED,0:0,00:30:06,incumbent_interrupted_by_signal,logs/cop165-cumulative-20260526-c609ccd4-dirty-q10609/slurm-logs/xcsp-parse-cop165-log-scop-time-rd-20260526-c609ccd4-dirty-q10609-rerun1-19856905-103.out,logs/cop165-cumulative-20260526-c609ccd4-dirty-q10609/slurm-logs/xcsp-parse-cop165-log-scop-time-rd-20260526-c609ccd4-dirty-q10609-rerun1-19856905-103.err,timeout_unknown,COMPLETED,0:0,00:30:05,terminated_by_signal,logs/cop165-cumulative-20260526-c609ccd4-dirty-q10609/slurm-logs/xcsp-parse-cop165-log-scop-task-rd-20260526-c609ccd4-dirty-q10609-rerun1-19856575-103.out,logs/cop165-cumulative-20260526-c609ccd4-dirty-q10609/slurm-logs/xcsp-parse-cop165-log-scop-task-rd-20260526-c609ccd4-dirty-q10609-rerun1-19856575-103.err,timeout_unknown,COMPLETED,0:0,00:30:03,terminated_by_signal,logs/cop165-cumulative-20260526-c609ccd4-dirty-q10609/slurm-logs/xcsp-parse-cop165-log-scop-cumext-20260526-c609ccd4-dirty-q10609-rerun1-19856577-103.out,logs/cop165-cumulative-20260526-c609ccd4-dirty-q10609/slurm-logs/xcsp-parse-cop165-log-scop-cumext-20260526-c609ccd4-dirty-q10609-rerun1-19856577-103.err,timeout_unknown,COMPLETED,0:0,00:30:05,terminated_by_signal,logs/cop165-cumulative-20260526-c609ccd4-dirty-q10609/slurm-logs/xcsp-parse-cop165-order-ge-time-rd-20260526-c609ccd4-dirty-q10609-rerun1-19856579-103.out,logs/cop165-cumulative-20260526-c609ccd4-dirty-q10609/slurm-logs/xcsp-parse-cop165-order-ge-time-rd-20260526-c609ccd4-dirty-q10609-rerun1-19856579-103.err,timeout_unknown,COMPLETED,0:0,00:30:08,terminated_by_signal,logs/cop165-cumulative-20260526-c609ccd4-dirty-q10609/slurm-logs/xcsp-parse-cop165-order-ge-task-rd-20260526-c609ccd4-dirty-q10609-rerun1-19856581-103.out,logs/cop165-cumulative-20260526-c609ccd4-dirty-q10609/slurm-logs/xcsp-parse-cop165-order-ge-task-rd-20260526-c609ccd4-dirty-q10609-rerun1-19856581-103.err,timeout_unknown,COMPLETED,0:0,00:30:04,terminated_by_signal,logs/cop165-cumulative-20260526-c609ccd4-dirty-q10609/slurm-logs/xcsp-parse-cop165-order-ge-cumext-20260526-c609ccd4-dirty-q10609-rerun1-19856583-103.out,logs/cop165-cumulative-20260526-c609ccd4-dirty-q10609/slurm-logs/xcsp-parse-cop165-order-ge-cumext-20260526-c609ccd4-dirty-q10609-rerun1-19856583-103.err
104,IHTC-i02_c25.xml.lzma,COP22to25/IHTC-i02_c25.xml.lzma,sat_no_proof,COMPLETED,0:0,00:00:06,best incumbent shown; guarded improvement search stopped before optimality proof: relaxation failed: log-scop objective-variable cut encode failed: log-scop incremental cut is missing base integer code for id=271,logs/cop165-cumulative-20260526-c609ccd4-dirty-q10609/slurm-logs/xcsp-parse-cop165-log-scop-time-rd-20260526-c609ccd4-dirty-q10609-rerun1-19856905-104.out,logs/cop165-cumulative-20260526-c609ccd4-dirty-q10609/slurm-logs/xcsp-parse-cop165-log-scop-time-rd-20260526-c609ccd4-dirty-q10609-rerun1-19856905-104.err,unsat,COMPLETED,0:0,00:00:06,,logs/cop165-cumulative-20260526-c609ccd4-dirty-q10609/slurm-logs/xcsp-parse-cop165-log-scop-task-rd-20260526-c609ccd4-dirty-q10609-rerun1-19856575-104.out,logs/cop165-cumulative-20260526-c609ccd4-dirty-q10609/slurm-logs/xcsp-parse-cop165-log-scop-task-rd-20260526-c609ccd4-dirty-q10609-rerun1-19856575-104.err,sat_no_proof,COMPLETED,0:0,00:00:06,best incumbent shown; guarded improvement search stopped before optimality proof: relaxation failed: log-scop objective-variable cut encode failed: log-scop incremental cut is missing base integer code for id=271,logs/cop165-cumulative-20260526-c609ccd4-dirty-q10609/slurm-logs/xcsp-parse-cop165-log-scop-cumext-20260526-c609ccd4-dirty-q10609-rerun1-19856577-104.out,logs/cop165-cumulative-20260526-c609ccd4-dirty-q10609/slurm-logs/xcsp-parse-cop165-log-scop-cumext-20260526-c609ccd4-dirty-q10609-rerun1-19856577-104.err,optimum,COMPLETED,0:0,00:02:28,,logs/cop165-cumulative-20260526-c609ccd4-dirty-q10609/slurm-logs/xcsp-parse-cop165-order-ge-time-rd-20260526-c609ccd4-dirty-q10609-rerun1-19856579-104.out,logs/cop165-cumulative-20260526-c609ccd4-dirty-q10609/slurm-logs/xcsp-parse-cop165-order-ge-time-rd-20260526-c609ccd4-dirty-q10609-rerun1-19856579-104.err,unsat,COMPLETED,0:0,00:01:15,,logs/cop165-cumulative-20260526-c609ccd4-dirty-q10609/slurm-logs/xcsp-parse-cop165-order-ge-task-rd-20260526-c609ccd4-dirty-q10609-rerun1-19856581-104.out,logs/cop165-cumulative-20260526-c609ccd4-dirty-q10609/slurm-logs/xcsp-parse-cop165-order-ge-task-rd-20260526-c609ccd4-dirty-q10609-rerun1-19856581-104.err,optimum,COMPLETED,0:0,00:02:21,,logs/cop165-cumulative-20260526-c609ccd4-dirty-q10609/slurm-logs/xcsp-parse-cop165-order-ge-cumext-20260526-c609ccd4-dirty-q10609-rerun1-19856583-104.out,logs/cop165-cumulative-20260526-c609ccd4-dirty-q10609/slurm-logs/xcsp-parse-cop165-order-ge-cumext-20260526-c609ccd4-dirty-q10609-rerun1-19856583-104.err
105,AircraftAssemblyLine-1-178-50-1_c23.xml.lzma,COP22to25/AircraftAssemblyLine-1-178-50-1_c23.xml.lzma,timeout_incumbent,COMPLETED,0:0,00:30:08,incumbent_interrupted_by_signal,logs/cop165-cumulative-20260526-c609ccd4-dirty-q10609/slurm-logs/xcsp-parse-cop165-log-scop-time-rd-20260526-c609ccd4-dirty-q10609-rerun1-19856905-105.out,logs/cop165-cumulative-20260526-c609ccd4-dirty-q10609/slurm-logs/xcsp-parse-cop165-log-scop-time-rd-20260526-c609ccd4-dirty-q10609-rerun1-19856905-105.err,timeout_incumbent,COMPLETED,0:0,00:30:04,incumbent_interrupted_by_signal,logs/cop165-cumulative-20260526-c609ccd4-dirty-q10609/slurm-logs/xcsp-parse-cop165-log-scop-task-rd-20260526-c609ccd4-dirty-q10609-rerun1-19856575-105.out,logs/cop165-cumulative-20260526-c609ccd4-dirty-q10609/slurm-logs/xcsp-parse-cop165-log-scop-task-rd-20260526-c609ccd4-dirty-q10609-rerun1-19856575-105.err,timeout_incumbent,COMPLETED,0:0,00:30:04,incumbent_interrupted_by_signal,logs/cop165-cumulative-20260526-c609ccd4-dirty-q10609/slurm-logs/xcsp-parse-cop165-log-scop-cumext-20260526-c609ccd4-dirty-q10609-rerun1-19856577-105.out,logs/cop165-cumulative-20260526-c609ccd4-dirty-q10609/slurm-logs/xcsp-parse-cop165-log-scop-cumext-20260526-c609ccd4-dirty-q10609-rerun1-19856577-105.err,timeout_incumbent,COMPLETED,0:0,00:30:05,incumbent_interrupted_by_signal,logs/cop165-cumulative-20260526-c609ccd4-dirty-q10609/slurm-logs/xcsp-parse-cop165-order-ge-time-rd-20260526-c609ccd4-dirty-q10609-rerun1-19856579-105.out,logs/cop165-cumulative-20260526-c609ccd4-dirty-q10609/slurm-logs/xcsp-parse-cop165-order-ge-time-rd-20260526-c609ccd4-dirty-q10609-rerun1-19856579-105.err,timeout_incumbent,COMPLETED,0:0,00:30:05,incumbent_interrupted_by_signal,logs/cop165-cumulative-20260526-c609ccd4-dirty-q10609/slurm-logs/xcsp-parse-cop165-order-ge-task-rd-20260526-c609ccd4-dirty-q10609-rerun1-19856581-105.out,logs/cop165-cumulative-20260526-c609ccd4-dirty-q10609/slurm-logs/xcsp-parse-cop165-order-ge-task-rd-20260526-c609ccd4-dirty-q10609-rerun1-19856581-105.err,timeout_incumbent,COMPLETED,0:0,00:30:05,incumbent_interrupted_by_signal,logs/cop165-cumulative-20260526-c609ccd4-dirty-q10609/slurm-logs/xcsp-parse-cop165-order-ge-cumext-20260526-c609ccd4-dirty-q10609-rerun1-19856583-105.out,logs/cop165-cumulative-20260526-c609ccd4-dirty-q10609/slurm-logs/xcsp-parse-cop165-order-ge-cumext-20260526-c609ccd4-dirty-q10609-rerun1-19856583-105.err
106,AircraftAssemblyLine-1-178-50-0_c23.xml.lzma,COP22to25/AircraftAssemblyLine-1-178-50-0_c23.xml.lzma,timeout_unknown,COMPLETED,0:0,00:30:07,terminated_by_signal,logs/cop165-cumulative-20260526-c609ccd4-dirty-q10609/slurm-logs/xcsp-parse-cop165-log-scop-time-rd-20260526-c609ccd4-dirty-q10609-rerun1-19856905-106.out,logs/cop165-cumulative-20260526-c609ccd4-dirty-q10609/slurm-logs/xcsp-parse-cop165-log-scop-time-rd-20260526-c609ccd4-dirty-q10609-rerun1-19856905-106.err,timeout_incumbent,COMPLETED,0:0,00:30:04,incumbent_interrupted_by_signal,logs/cop165-cumulative-20260526-c609ccd4-dirty-q10609/slurm-logs/xcsp-parse-cop165-log-scop-task-rd-20260526-c609ccd4-dirty-q10609-rerun1-19856575-106.out,logs/cop165-cumulative-20260526-c609ccd4-dirty-q10609/slurm-logs/xcsp-parse-cop165-log-scop-task-rd-20260526-c609ccd4-dirty-q10609-rerun1-19856575-106.err,timeout_incumbent,COMPLETED,0:0,00:30:04,incumbent_interrupted_by_signal,logs/cop165-cumulative-20260526-c609ccd4-dirty-q10609/slurm-logs/xcsp-parse-cop165-log-scop-cumext-20260526-c609ccd4-dirty-q10609-rerun1-19856577-106.out,logs/cop165-cumulative-20260526-c609ccd4-dirty-q10609/slurm-logs/xcsp-parse-cop165-log-scop-cumext-20260526-c609ccd4-dirty-q10609-rerun1-19856577-106.err,timeout_incumbent,COMPLETED,0:0,00:30:05,incumbent_interrupted_by_signal,logs/cop165-cumulative-20260526-c609ccd4-dirty-q10609/slurm-logs/xcsp-parse-cop165-order-ge-time-rd-20260526-c609ccd4-dirty-q10609-rerun1-19856579-106.out,logs/cop165-cumulative-20260526-c609ccd4-dirty-q10609/slurm-logs/xcsp-parse-cop165-order-ge-time-rd-20260526-c609ccd4-dirty-q10609-rerun1-19856579-106.err,timeout_incumbent,COMPLETED,0:0,00:30:06,incumbent_interrupted_by_signal,logs/cop165-cumulative-20260526-c609ccd4-dirty-q10609/slurm-logs/xcsp-parse-cop165-order-ge-task-rd-20260526-c609ccd4-dirty-q10609-rerun1-19856581-106.out,logs/cop165-cumulative-20260526-c609ccd4-dirty-q10609/slurm-logs/xcsp-parse-cop165-order-ge-task-rd-20260526-c609ccd4-dirty-q10609-rerun1-19856581-106.err,timeout_unknown,COMPLETED,0:0,00:30:05,terminated_by_signal,logs/cop165-cumulative-20260526-c609ccd4-dirty-q10609/slurm-logs/xcsp-parse-cop165-order-ge-cumext-20260526-c609ccd4-dirty-q10609-rerun1-19856583-106.out,logs/cop165-cumulative-20260526-c609ccd4-dirty-q10609/slurm-logs/xcsp-parse-cop165-order-ge-cumext-20260526-c609ccd4-dirty-q10609-rerun1-19856583-106.err
107,AircraftAssemblyLine-1-178-50-2_c23.xml.lzma,COP22to25/AircraftAssemblyLine-1-178-50-2_c23.xml.lzma,timeout_incumbent,COMPLETED,0:0,00:30:05,incumbent_interrupted_by_signal,logs/cop165-cumulative-20260526-c609ccd4-dirty-q10609/slurm-logs/xcsp-parse-cop165-log-scop-time-rd-20260526-c609ccd4-dirty-q10609-rerun1-19856905-107.out,logs/cop165-cumulative-20260526-c609ccd4-dirty-q10609/slurm-logs/xcsp-parse-cop165-log-scop-time-rd-20260526-c609ccd4-dirty-q10609-rerun1-19856905-107.err,timeout_unknown,COMPLETED,0:0,00:30:05,terminated_by_signal,logs/cop165-cumulative-20260526-c609ccd4-dirty-q10609/slurm-logs/xcsp-parse-cop165-log-scop-task-rd-20260526-c609ccd4-dirty-q10609-rerun1-19856575-107.out,logs/cop165-cumulative-20260526-c609ccd4-dirty-q10609/slurm-logs/xcsp-parse-cop165-log-scop-task-rd-20260526-c609ccd4-dirty-q10609-rerun1-19856575-107.err,timeout_incumbent,COMPLETED,0:0,00:30:04,incumbent_interrupted_by_signal,logs/cop165-cumulative-20260526-c609ccd4-dirty-q10609/slurm-logs/xcsp-parse-cop165-log-scop-cumext-20260526-c609ccd4-dirty-q10609-rerun1-19856577-107.out,logs/cop165-cumulative-20260526-c609ccd4-dirty-q10609/slurm-logs/xcsp-parse-cop165-log-scop-cumext-20260526-c609ccd4-dirty-q10609-rerun1-19856577-107.err,timeout_incumbent,COMPLETED,0:0,00:30:04,incumbent_interrupted_by_signal,logs/cop165-cumulative-20260526-c609ccd4-dirty-q10609/slurm-logs/xcsp-parse-cop165-order-ge-time-rd-20260526-c609ccd4-dirty-q10609-rerun1-19856579-107.out,logs/cop165-cumulative-20260526-c609ccd4-dirty-q10609/slurm-logs/xcsp-parse-cop165-order-ge-time-rd-20260526-c609ccd4-dirty-q10609-rerun1-19856579-107.err,timeout_incumbent,COMPLETED,0:0,00:30:04,incumbent_interrupted_by_signal,logs/cop165-cumulative-20260526-c609ccd4-dirty-q10609/slurm-logs/xcsp-parse-cop165-order-ge-task-rd-20260526-c609ccd4-dirty-q10609-rerun1-19856581-107.out,logs/cop165-cumulative-20260526-c609ccd4-dirty-q10609/slurm-logs/xcsp-parse-cop165-order-ge-task-rd-20260526-c609ccd4-dirty-q10609-rerun1-19856581-107.err,timeout_incumbent,COMPLETED,0:0,00:30:04,incumbent_interrupted_by_signal,logs/cop165-cumulative-20260526-c609ccd4-dirty-q10609/slurm-logs/xcsp-parse-cop165-order-ge-cumext-20260526-c609ccd4-dirty-q10609-rerun1-19856583-107.out,logs/cop165-cumulative-20260526-c609ccd4-dirty-q10609/slurm-logs/xcsp-parse-cop165-order-ge-cumext-20260526-c609ccd4-dirty-q10609-rerun1-19856583-107.err
108,IHTC-i03_c25.xml.lzma,COP22to25/IHTC-i03_c25.xml.lzma,sat_no_proof,COMPLETED,0:0,00:00:06,best incumbent shown; guarded improvement search stopped before optimality proof: relaxation failed: log-scop objective-variable cut encode failed: log-scop incremental cut is missing base integer code for id=355,logs/cop165-cumulative-20260526-c609ccd4-dirty-q10609/slurm-logs/xcsp-parse-cop165-log-scop-time-rd-20260526-c609ccd4-dirty-q10609-rerun1-19856905-108.out,logs/cop165-cumulative-20260526-c609ccd4-dirty-q10609/slurm-logs/xcsp-parse-cop165-log-scop-time-rd-20260526-c609ccd4-dirty-q10609-rerun1-19856905-108.err,unsat,COMPLETED,0:0,00:00:13,,logs/cop165-cumulative-20260526-c609ccd4-dirty-q10609/slurm-logs/xcsp-parse-cop165-log-scop-task-rd-20260526-c609ccd4-dirty-q10609-rerun1-19856575-108.out,logs/cop165-cumulative-20260526-c609ccd4-dirty-q10609/slurm-logs/xcsp-parse-cop165-log-scop-task-rd-20260526-c609ccd4-dirty-q10609-rerun1-19856575-108.err,sat_no_proof,COMPLETED,0:0,00:00:05,best incumbent shown; guarded improvement search stopped before optimality proof: relaxation failed: log-scop objective-variable cut encode failed: log-scop incremental cut is missing base integer code for id=355,logs/cop165-cumulative-20260526-c609ccd4-dirty-q10609/slurm-logs/xcsp-parse-cop165-log-scop-cumext-20260526-c609ccd4-dirty-q10609-rerun1-19856577-108.out,logs/cop165-cumulative-20260526-c609ccd4-dirty-q10609/slurm-logs/xcsp-parse-cop165-log-scop-cumext-20260526-c609ccd4-dirty-q10609-rerun1-19856577-108.err,timeout_incumbent,COMPLETED,0:0,00:30:09,incumbent_interrupted_by_signal,logs/cop165-cumulative-20260526-c609ccd4-dirty-q10609/slurm-logs/xcsp-parse-cop165-order-ge-time-rd-20260526-c609ccd4-dirty-q10609-rerun1-19856579-108.out,logs/cop165-cumulative-20260526-c609ccd4-dirty-q10609/slurm-logs/xcsp-parse-cop165-order-ge-time-rd-20260526-c609ccd4-dirty-q10609-rerun1-19856579-108.err,unsat,COMPLETED,0:0,00:03:09,,logs/cop165-cumulative-20260526-c609ccd4-dirty-q10609/slurm-logs/xcsp-parse-cop165-order-ge-task-rd-20260526-c609ccd4-dirty-q10609-rerun1-19856581-108.out,logs/cop165-cumulative-20260526-c609ccd4-dirty-q10609/slurm-logs/xcsp-parse-cop165-order-ge-task-rd-20260526-c609ccd4-dirty-q10609-rerun1-19856581-108.err,timeout_incumbent,COMPLETED,0:0,00:30:11,incumbent_interrupted_by_signal,logs/cop165-cumulative-20260526-c609ccd4-dirty-q10609/slurm-logs/xcsp-parse-cop165-order-ge-cumext-20260526-c609ccd4-dirty-q10609-rerun1-19856583-108.out,logs/cop165-cumulative-20260526-c609ccd4-dirty-q10609/slurm-logs/xcsp-parse-cop165-order-ge-cumext-20260526-c609ccd4-dirty-q10609-rerun1-19856583-108.err
109,AircraftAssemblyLine-1-178-20-0_c23.xml.lzma,COP22to25/AircraftAssemblyLine-1-178-20-0_c23.xml.lzma,timeout_incumbent,COMPLETED,0:0,00:30:04,incumbent_interrupted_by_signal,logs/cop165-cumulative-20260526-c609ccd4-dirty-q10609/slurm-logs/xcsp-parse-cop165-log-scop-time-rd-20260526-c609ccd4-dirty-q10609-rerun1-19856905-109.out,logs/cop165-cumulative-20260526-c609ccd4-dirty-q10609/slurm-logs/xcsp-parse-cop165-log-scop-time-rd-20260526-c609ccd4-dirty-q10609-rerun1-19856905-109.err,timeout_incumbent,COMPLETED,0:0,00:30:03,incumbent_interrupted_by_signal,logs/cop165-cumulative-20260526-c609ccd4-dirty-q10609/slurm-logs/xcsp-parse-cop165-log-scop-task-rd-20260526-c609ccd4-dirty-q10609-rerun1-19856575-109.out,logs/cop165-cumulative-20260526-c609ccd4-dirty-q10609/slurm-logs/xcsp-parse-cop165-log-scop-task-rd-20260526-c609ccd4-dirty-q10609-rerun1-19856575-109.err,timeout_incumbent,COMPLETED,0:0,00:30:03,incumbent_interrupted_by_signal,logs/cop165-cumulative-20260526-c609ccd4-dirty-q10609/slurm-logs/xcsp-parse-cop165-log-scop-cumext-20260526-c609ccd4-dirty-q10609-rerun1-19856577-109.out,logs/cop165-cumulative-20260526-c609ccd4-dirty-q10609/slurm-logs/xcsp-parse-cop165-log-scop-cumext-20260526-c609ccd4-dirty-q10609-rerun1-19856577-109.err,timeout_incumbent,COMPLETED,0:0,00:30:03,incumbent_interrupted_by_signal,logs/cop165-cumulative-20260526-c609ccd4-dirty-q10609/slurm-logs/xcsp-parse-cop165-order-ge-time-rd-20260526-c609ccd4-dirty-q10609-rerun1-19856579-109.out,logs/cop165-cumulative-20260526-c609ccd4-dirty-q10609/slurm-logs/xcsp-parse-cop165-order-ge-time-rd-20260526-c609ccd4-dirty-q10609-rerun1-19856579-109.err,timeout_incumbent,COMPLETED,0:0,00:30:05,incumbent_interrupted_by_signal,logs/cop165-cumulative-20260526-c609ccd4-dirty-q10609/slurm-logs/xcsp-parse-cop165-order-ge-task-rd-20260526-c609ccd4-dirty-q10609-rerun1-19856581-109.out,logs/cop165-cumulative-20260526-c609ccd4-dirty-q10609/slurm-logs/xcsp-parse-cop165-order-ge-task-rd-20260526-c609ccd4-dirty-q10609-rerun1-19856581-109.err,timeout_unknown,COMPLETED,0:0,00:30:08,terminated_by_signal,logs/cop165-cumulative-20260526-c609ccd4-dirty-q10609/slurm-logs/xcsp-parse-cop165-order-ge-cumext-20260526-c609ccd4-dirty-q10609-rerun1-19856583-109.out,logs/cop165-cumulative-20260526-c609ccd4-dirty-q10609/slurm-logs/xcsp-parse-cop165-order-ge-cumext-20260526-c609ccd4-dirty-q10609-rerun1-19856583-109.err
110,AircraftAssemblyLine-1-178-20-1_c23.xml.lzma,COP22to25/AircraftAssemblyLine-1-178-20-1_c23.xml.lzma,timeout_incumbent,COMPLETED,0:0,00:30:04,incumbent_interrupted_by_signal,logs/cop165-cumulative-20260526-c609ccd4-dirty-q10609/slurm-logs/xcsp-parse-cop165-log-scop-time-rd-20260526-c609ccd4-dirty-q10609-rerun1-19856905-110.out,logs/cop165-cumulative-20260526-c609ccd4-dirty-q10609/slurm-logs/xcsp-parse-cop165-log-scop-time-rd-20260526-c609ccd4-dirty-q10609-rerun1-19856905-110.err,timeout_incumbent,COMPLETED,0:0,00:30:03,incumbent_interrupted_by_signal,logs/cop165-cumulative-20260526-c609ccd4-dirty-q10609/slurm-logs/xcsp-parse-cop165-log-scop-task-rd-20260526-c609ccd4-dirty-q10609-rerun1-19856575-110.out,logs/cop165-cumulative-20260526-c609ccd4-dirty-q10609/slurm-logs/xcsp-parse-cop165-log-scop-task-rd-20260526-c609ccd4-dirty-q10609-rerun1-19856575-110.err,timeout_incumbent,COMPLETED,0:0,00:30:03,incumbent_interrupted_by_signal,logs/cop165-cumulative-20260526-c609ccd4-dirty-q10609/slurm-logs/xcsp-parse-cop165-log-scop-cumext-20260526-c609ccd4-dirty-q10609-rerun1-19856577-110.out,logs/cop165-cumulative-20260526-c609ccd4-dirty-q10609/slurm-logs/xcsp-parse-cop165-log-scop-cumext-20260526-c609ccd4-dirty-q10609-rerun1-19856577-110.err,timeout_incumbent,COMPLETED,0:0,00:30:04,incumbent_interrupted_by_signal,logs/cop165-cumulative-20260526-c609ccd4-dirty-q10609/slurm-logs/xcsp-parse-cop165-order-ge-time-rd-20260526-c609ccd4-dirty-q10609-rerun1-19856579-110.out,logs/cop165-cumulative-20260526-c609ccd4-dirty-q10609/slurm-logs/xcsp-parse-cop165-order-ge-time-rd-20260526-c609ccd4-dirty-q10609-rerun1-19856579-110.err,timeout_unknown,COMPLETED,0:0,00:30:05,terminated_by_signal,logs/cop165-cumulative-20260526-c609ccd4-dirty-q10609/slurm-logs/xcsp-parse-cop165-order-ge-task-rd-20260526-c609ccd4-dirty-q10609-rerun1-19856581-110.out,logs/cop165-cumulative-20260526-c609ccd4-dirty-q10609/slurm-logs/xcsp-parse-cop165-order-ge-task-rd-20260526-c609ccd4-dirty-q10609-rerun1-19856581-110.err,timeout_unknown,COMPLETED,0:0,00:30:04,terminated_by_signal,logs/cop165-cumulative-20260526-c609ccd4-dirty-q10609/slurm-logs/xcsp-parse-cop165-order-ge-cumext-20260526-c609ccd4-dirty-q10609-rerun1-19856583-110.out,logs/cop165-cumulative-20260526-c609ccd4-dirty-q10609/slurm-logs/xcsp-parse-cop165-order-ge-cumext-20260526-c609ccd4-dirty-q10609-rerun1-19856583-110.err
111,AircraftAssemblyLine-1-178-20-2_c23.xml.lzma,COP22to25/AircraftAssemblyLine-1-178-20-2_c23.xml.lzma,timeout_incumbent,COMPLETED,0:0,00:30:04,incumbent_interrupted_by_signal,logs/cop165-cumulative-20260526-c609ccd4-dirty-q10609/slurm-logs/xcsp-parse-cop165-log-scop-time-rd-20260526-c609ccd4-dirty-q10609-rerun1-19856905-111.out,logs/cop165-cumulative-20260526-c609ccd4-dirty-q10609/slurm-logs/xcsp-parse-cop165-log-scop-time-rd-20260526-c609ccd4-dirty-q10609-rerun1-19856905-111.err,timeout_incumbent,COMPLETED,0:0,00:30:05,incumbent_interrupted_by_signal,logs/cop165-cumulative-20260526-c609ccd4-dirty-q10609/slurm-logs/xcsp-parse-cop165-log-scop-task-rd-20260526-c609ccd4-dirty-q10609-rerun1-19856575-111.out,logs/cop165-cumulative-20260526-c609ccd4-dirty-q10609/slurm-logs/xcsp-parse-cop165-log-scop-task-rd-20260526-c609ccd4-dirty-q10609-rerun1-19856575-111.err,timeout_incumbent,COMPLETED,0:0,00:30:03,incumbent_interrupted_by_signal,logs/cop165-cumulative-20260526-c609ccd4-dirty-q10609/slurm-logs/xcsp-parse-cop165-log-scop-cumext-20260526-c609ccd4-dirty-q10609-rerun1-19856577-111.out,logs/cop165-cumulative-20260526-c609ccd4-dirty-q10609/slurm-logs/xcsp-parse-cop165-log-scop-cumext-20260526-c609ccd4-dirty-q10609-rerun1-19856577-111.err,timeout_incumbent,COMPLETED,0:0,00:30:04,incumbent_interrupted_by_signal,logs/cop165-cumulative-20260526-c609ccd4-dirty-q10609/slurm-logs/xcsp-parse-cop165-order-ge-time-rd-20260526-c609ccd4-dirty-q10609-rerun1-19856579-111.out,logs/cop165-cumulative-20260526-c609ccd4-dirty-q10609/slurm-logs/xcsp-parse-cop165-order-ge-time-rd-20260526-c609ccd4-dirty-q10609-rerun1-19856579-111.err,timeout_incumbent,COMPLETED,0:0,00:30:07,incumbent_interrupted_by_signal,logs/cop165-cumulative-20260526-c609ccd4-dirty-q10609/slurm-logs/xcsp-parse-cop165-order-ge-task-rd-20260526-c609ccd4-dirty-q10609-rerun1-19856581-111.out,logs/cop165-cumulative-20260526-c609ccd4-dirty-q10609/slurm-logs/xcsp-parse-cop165-order-ge-task-rd-20260526-c609ccd4-dirty-q10609-rerun1-19856581-111.err,timeout_incumbent,COMPLETED,0:0,00:30:05,incumbent_interrupted_by_signal,logs/cop165-cumulative-20260526-c609ccd4-dirty-q10609/slurm-logs/xcsp-parse-cop165-order-ge-cumext-20260526-c609ccd4-dirty-q10609-rerun1-19856583-111.out,logs/cop165-cumulative-20260526-c609ccd4-dirty-q10609/slurm-logs/xcsp-parse-cop165-order-ge-cumext-20260526-c609ccd4-dirty-q10609-rerun1-19856583-111.err
112,LargeScaleScheduling-00800-0_c23.xml.lzma,COP22to25/LargeScaleScheduling-00800-0_c23.xml.lzma,timeout_unknown,COMPLETED,0:0,00:30:04,terminated_by_signal,logs/cop165-cumulative-20260526-c609ccd4-dirty-q10609/slurm-logs/xcsp-parse-cop165-log-scop-time-rd-20260526-c609ccd4-dirty-q10609-rerun1-19856905-112.out,logs/cop165-cumulative-20260526-c609ccd4-dirty-q10609/slurm-logs/xcsp-parse-cop165-log-scop-time-rd-20260526-c609ccd4-dirty-q10609-rerun1-19856905-112.err,out_of_memory,OUT_OF_MEMORY,0:125,00:05:17,slurmstepd: error: Detected 2 oom-kill event(s) in StepId=19857380.batch. Some of your processes may have been killed by the cgroup out-of-memory handler.,logs/cop165-cumulative-20260526-c609ccd4-dirty-q10609/slurm-logs/xcsp-parse-cop165-log-scop-task-rd-20260526-c609ccd4-dirty-q10609-rerun1-19856575-112.out,logs/cop165-cumulative-20260526-c609ccd4-dirty-q10609/slurm-logs/xcsp-parse-cop165-log-scop-task-rd-20260526-c609ccd4-dirty-q10609-rerun1-19856575-112.err,timeout_unknown,COMPLETED,0:0,00:30:06,terminated_by_signal,logs/cop165-cumulative-20260526-c609ccd4-dirty-q10609/slurm-logs/xcsp-parse-cop165-log-scop-cumext-20260526-c609ccd4-dirty-q10609-rerun1-19856577-112.out,logs/cop165-cumulative-20260526-c609ccd4-dirty-q10609/slurm-logs/xcsp-parse-cop165-log-scop-cumext-20260526-c609ccd4-dirty-q10609-rerun1-19856577-112.err,encode_failed,COMPLETED,0:0,00:00:05,sat variable count overflow,logs/cop165-cumulative-20260526-c609ccd4-dirty-q10609/slurm-logs/xcsp-parse-cop165-order-ge-time-rd-20260526-c609ccd4-dirty-q10609-rerun1-19856579-112.out,logs/cop165-cumulative-20260526-c609ccd4-dirty-q10609/slurm-logs/xcsp-parse-cop165-order-ge-time-rd-20260526-c609ccd4-dirty-q10609-rerun1-19856579-112.err,encode_failed,COMPLETED,0:0,00:00:36,sat variable count overflow,logs/cop165-cumulative-20260526-c609ccd4-dirty-q10609/slurm-logs/xcsp-parse-cop165-order-ge-task-rd-20260526-c609ccd4-dirty-q10609-rerun1-19856581-112.out,logs/cop165-cumulative-20260526-c609ccd4-dirty-q10609/slurm-logs/xcsp-parse-cop165-order-ge-task-rd-20260526-c609ccd4-dirty-q10609-rerun1-19856581-112.err,encode_failed,COMPLETED,0:0,00:00:04,sat variable count overflow,logs/cop165-cumulative-20260526-c609ccd4-dirty-q10609/slurm-logs/xcsp-parse-cop165-order-ge-cumext-20260526-c609ccd4-dirty-q10609-rerun1-19856583-112.out,logs/cop165-cumulative-20260526-c609ccd4-dirty-q10609/slurm-logs/xcsp-parse-cop165-order-ge-cumext-20260526-c609ccd4-dirty-q10609-rerun1-19856583-112.err
113,AircraftAssemblyLine-1-178-00-0_c23.xml.lzma,COP22to25/AircraftAssemblyLine-1-178-00-0_c23.xml.lzma,timeout_incumbent,COMPLETED,0:0,00:30:05,incumbent_interrupted_by_signal,logs/cop165-cumulative-20260526-c609ccd4-dirty-q10609/slurm-logs/xcsp-parse-cop165-log-scop-time-rd-20260526-c609ccd4-dirty-q10609-rerun1-19856905-113.out,logs/cop165-cumulative-20260526-c609ccd4-dirty-q10609/slurm-logs/xcsp-parse-cop165-log-scop-time-rd-20260526-c609ccd4-dirty-q10609-rerun1-19856905-113.err,timeout_incumbent,COMPLETED,0:0,00:30:03,incumbent_interrupted_by_signal,logs/cop165-cumulative-20260526-c609ccd4-dirty-q10609/slurm-logs/xcsp-parse-cop165-log-scop-task-rd-20260526-c609ccd4-dirty-q10609-rerun1-19856575-113.out,logs/cop165-cumulative-20260526-c609ccd4-dirty-q10609/slurm-logs/xcsp-parse-cop165-log-scop-task-rd-20260526-c609ccd4-dirty-q10609-rerun1-19856575-113.err,timeout_incumbent,COMPLETED,0:0,00:30:07,incumbent_interrupted_by_signal,logs/cop165-cumulative-20260526-c609ccd4-dirty-q10609/slurm-logs/xcsp-parse-cop165-log-scop-cumext-20260526-c609ccd4-dirty-q10609-rerun1-19856577-113.out,logs/cop165-cumulative-20260526-c609ccd4-dirty-q10609/slurm-logs/xcsp-parse-cop165-log-scop-cumext-20260526-c609ccd4-dirty-q10609-rerun1-19856577-113.err,timeout_incumbent,COMPLETED,0:0,00:30:04,incumbent_interrupted_by_signal,logs/cop165-cumulative-20260526-c609ccd4-dirty-q10609/slurm-logs/xcsp-parse-cop165-order-ge-time-rd-20260526-c609ccd4-dirty-q10609-rerun1-19856579-113.out,logs/cop165-cumulative-20260526-c609ccd4-dirty-q10609/slurm-logs/xcsp-parse-cop165-order-ge-time-rd-20260526-c609ccd4-dirty-q10609-rerun1-19856579-113.err,timeout_unknown,COMPLETED,0:0,00:30:07,terminated_by_signal,logs/cop165-cumulative-20260526-c609ccd4-dirty-q10609/slurm-logs/xcsp-parse-cop165-order-ge-task-rd-20260526-c609ccd4-dirty-q10609-rerun1-19856581-113.out,logs/cop165-cumulative-20260526-c609ccd4-dirty-q10609/slurm-logs/xcsp-parse-cop165-order-ge-task-rd-20260526-c609ccd4-dirty-q10609-rerun1-19856581-113.err,timeout_unknown,COMPLETED,0:0,00:30:04,terminated_by_signal,logs/cop165-cumulative-20260526-c609ccd4-dirty-q10609/slurm-logs/xcsp-parse-cop165-order-ge-cumext-20260526-c609ccd4-dirty-q10609-rerun1-19856583-113.out,logs/cop165-cumulative-20260526-c609ccd4-dirty-q10609/slurm-logs/xcsp-parse-cop165-order-ge-cumext-20260526-c609ccd4-dirty-q10609-rerun1-19856583-113.err
114,IHTC-i04_c25.xml.lzma,COP22to25/IHTC-i04_c25.xml.lzma,sat_no_proof,COMPLETED,0:0,00:00:10,best incumbent shown; guarded improvement search stopped before optimality proof: relaxation failed: log-scop objective-variable cut encode failed: log-scop incremental cut is missing base integer code for id=402,logs/cop165-cumulative-20260526-c609ccd4-dirty-q10609/slurm-logs/xcsp-parse-cop165-log-scop-time-rd-20260526-c609ccd4-dirty-q10609-rerun1-19856905-114.out,logs/cop165-cumulative-20260526-c609ccd4-dirty-q10609/slurm-logs/xcsp-parse-cop165-log-scop-time-rd-20260526-c609ccd4-dirty-q10609-rerun1-19856905-114.err,unsat,COMPLETED,0:0,00:00:06,,logs/cop165-cumulative-20260526-c609ccd4-dirty-q10609/slurm-logs/xcsp-parse-cop165-log-scop-task-rd-20260526-c609ccd4-dirty-q10609-rerun1-19856575-114.out,logs/cop165-cumulative-20260526-c609ccd4-dirty-q10609/slurm-logs/xcsp-parse-cop165-log-scop-task-rd-20260526-c609ccd4-dirty-q10609-rerun1-19856575-114.err,sat_no_proof,COMPLETED,0:0,00:00:11,best incumbent shown; guarded improvement search stopped before optimality proof: relaxation failed: log-scop objective-variable cut encode failed: log-scop incremental cut is missing base integer code for id=402,logs/cop165-cumulative-20260526-c609ccd4-dirty-q10609/slurm-logs/xcsp-parse-cop165-log-scop-cumext-20260526-c609ccd4-dirty-q10609-rerun1-19856577-114.out,logs/cop165-cumulative-20260526-c609ccd4-dirty-q10609/slurm-logs/xcsp-parse-cop165-log-scop-cumext-20260526-c609ccd4-dirty-q10609-rerun1-19856577-114.err,optimum,COMPLETED,0:0,00:01:00,,logs/cop165-cumulative-20260526-c609ccd4-dirty-q10609/slurm-logs/xcsp-parse-cop165-order-ge-time-rd-20260526-c609ccd4-dirty-q10609-rerun1-19856579-114.out,logs/cop165-cumulative-20260526-c609ccd4-dirty-q10609/slurm-logs/xcsp-parse-cop165-order-ge-time-rd-20260526-c609ccd4-dirty-q10609-rerun1-19856579-114.err,unsat,COMPLETED,0:0,00:00:46,,logs/cop165-cumulative-20260526-c609ccd4-dirty-q10609/slurm-logs/xcsp-parse-cop165-order-ge-task-rd-20260526-c609ccd4-dirty-q10609-rerun1-19856581-114.out,logs/cop165-cumulative-20260526-c609ccd4-dirty-q10609/slurm-logs/xcsp-parse-cop165-order-ge-task-rd-20260526-c609ccd4-dirty-q10609-rerun1-19856581-114.err,optimum,COMPLETED,0:0,00:01:07,,logs/cop165-cumulative-20260526-c609ccd4-dirty-q10609/slurm-logs/xcsp-parse-cop165-order-ge-cumext-20260526-c609ccd4-dirty-q10609-rerun1-19856583-114.out,logs/cop165-cumulative-20260526-c609ccd4-dirty-q10609/slurm-logs/xcsp-parse-cop165-order-ge-cumext-20260526-c609ccd4-dirty-q10609-rerun1-19856583-114.err
115,FlexibleJobshopScen-dh-5-16-020_c25.xml.lzma,COP22to25/FlexibleJobshopScen-dh-5-16-020_c25.xml.lzma,timeout_incumbent,COMPLETED,0:0,00:30:06,incumbent_interrupted_by_signal,logs/cop165-cumulative-20260526-c609ccd4-dirty-q10609/slurm-logs/xcsp-parse-cop165-log-scop-time-rd-20260526-c609ccd4-dirty-q10609-rerun1-19856905-115.out,logs/cop165-cumulative-20260526-c609ccd4-dirty-q10609/slurm-logs/xcsp-parse-cop165-log-scop-time-rd-20260526-c609ccd4-dirty-q10609-rerun1-19856905-115.err,optimum,COMPLETED,0:0,00:26:23,,logs/cop165-cumulative-20260526-c609ccd4-dirty-q10609/slurm-logs/xcsp-parse-cop165-log-scop-task-rd-20260526-c609ccd4-dirty-q10609-rerun1-19856575-115.out,logs/cop165-cumulative-20260526-c609ccd4-dirty-q10609/slurm-logs/xcsp-parse-cop165-log-scop-task-rd-20260526-c609ccd4-dirty-q10609-rerun1-19856575-115.err,optimum,COMPLETED,0:0,00:02:49,,logs/cop165-cumulative-20260526-c609ccd4-dirty-q10609/slurm-logs/xcsp-parse-cop165-log-scop-cumext-20260526-c609ccd4-dirty-q10609-rerun1-19856577-115.out,logs/cop165-cumulative-20260526-c609ccd4-dirty-q10609/slurm-logs/xcsp-parse-cop165-log-scop-cumext-20260526-c609ccd4-dirty-q10609-rerun1-19856577-115.err,timeout_incumbent,COMPLETED,0:0,00:30:03,incumbent_interrupted_by_signal,logs/cop165-cumulative-20260526-c609ccd4-dirty-q10609/slurm-logs/xcsp-parse-cop165-order-ge-time-rd-20260526-c609ccd4-dirty-q10609-rerun1-19856579-115.out,logs/cop165-cumulative-20260526-c609ccd4-dirty-q10609/slurm-logs/xcsp-parse-cop165-order-ge-time-rd-20260526-c609ccd4-dirty-q10609-rerun1-19856579-115.err,timeout_incumbent,COMPLETED,0:0,00:30:04,incumbent_interrupted_by_signal,logs/cop165-cumulative-20260526-c609ccd4-dirty-q10609/slurm-logs/xcsp-parse-cop165-order-ge-task-rd-20260526-c609ccd4-dirty-q10609-rerun1-19856581-115.out,logs/cop165-cumulative-20260526-c609ccd4-dirty-q10609/slurm-logs/xcsp-parse-cop165-order-ge-task-rd-20260526-c609ccd4-dirty-q10609-rerun1-19856581-115.err,timeout_incumbent,COMPLETED,0:0,00:30:04,incumbent_interrupted_by_signal,logs/cop165-cumulative-20260526-c609ccd4-dirty-q10609/slurm-logs/xcsp-parse-cop165-order-ge-cumext-20260526-c609ccd4-dirty-q10609-rerun1-19856583-115.out,logs/cop165-cumulative-20260526-c609ccd4-dirty-q10609/slurm-logs/xcsp-parse-cop165-order-ge-cumext-20260526-c609ccd4-dirty-q10609-rerun1-19856583-115.err
116,FlexibleJobshopScen-dh-6-18-020_c25.xml.lzma,COP22to25/FlexibleJobshopScen-dh-6-18-020_c25.xml.lzma,timeout_incumbent,COMPLETED,0:0,00:30:04,incumbent_interrupted_by_signal,logs/cop165-cumulative-20260526-c609ccd4-dirty-q10609/slurm-logs/xcsp-parse-cop165-log-scop-time-rd-20260526-c609ccd4-dirty-q10609-rerun1-19856905-116.out,logs/cop165-cumulative-20260526-c609ccd4-dirty-q10609/slurm-logs/xcsp-parse-cop165-log-scop-time-rd-20260526-c609ccd4-dirty-q10609-rerun1-19856905-116.err,optimum,COMPLETED,0:0,00:04:53,,logs/cop165-cumulative-20260526-c609ccd4-dirty-q10609/slurm-logs/xcsp-parse-cop165-log-scop-task-rd-20260526-c609ccd4-dirty-q10609-rerun1-19856575-116.out,logs/cop165-cumulative-20260526-c609ccd4-dirty-q10609/slurm-logs/xcsp-parse-cop165-log-scop-task-rd-20260526-c609ccd4-dirty-q10609-rerun1-19856575-116.err,optimum,COMPLETED,0:0,00:01:40,,logs/cop165-cumulative-20260526-c609ccd4-dirty-q10609/slurm-logs/xcsp-parse-cop165-log-scop-cumext-20260526-c609ccd4-dirty-q10609-rerun1-19856577-116.out,logs/cop165-cumulative-20260526-c609ccd4-dirty-q10609/slurm-logs/xcsp-parse-cop165-log-scop-cumext-20260526-c609ccd4-dirty-q10609-rerun1-19856577-116.err,timeout_incumbent,COMPLETED,0:0,00:30:04,incumbent_interrupted_by_signal,logs/cop165-cumulative-20260526-c609ccd4-dirty-q10609/slurm-logs/xcsp-parse-cop165-order-ge-time-rd-20260526-c609ccd4-dirty-q10609-rerun1-19856579-116.out,logs/cop165-cumulative-20260526-c609ccd4-dirty-q10609/slurm-logs/xcsp-parse-cop165-order-ge-time-rd-20260526-c609ccd4-dirty-q10609-rerun1-19856579-116.err,timeout_incumbent,COMPLETED,0:0,00:30:07,incumbent_interrupted_by_signal,logs/cop165-cumulative-20260526-c609ccd4-dirty-q10609/slurm-logs/xcsp-parse-cop165-order-ge-task-rd-20260526-c609ccd4-dirty-q10609-rerun1-19856581-116.out,logs/cop165-cumulative-20260526-c609ccd4-dirty-q10609/slurm-logs/xcsp-parse-cop165-order-ge-task-rd-20260526-c609ccd4-dirty-q10609-rerun1-19856581-116.err,timeout_incumbent,COMPLETED,0:0,00:30:03,incumbent_interrupted_by_signal,logs/cop165-cumulative-20260526-c609ccd4-dirty-q10609/slurm-logs/xcsp-parse-cop165-order-ge-cumext-20260526-c609ccd4-dirty-q10609-rerun1-19856583-116.out,logs/cop165-cumulative-20260526-c609ccd4-dirty-q10609/slurm-logs/xcsp-parse-cop165-order-ge-cumext-20260526-c609ccd4-dirty-q10609-rerun1-19856583-116.err
117,TestScheduling-t100m10r10-1_c24.xml.lzma,COP22to25/TestScheduling-t100m10r10-1_c24.xml.lzma,timeout_incumbent,COMPLETED,0:0,00:30:03,incumbent_interrupted_by_signal,logs/cop165-cumulative-20260526-c609ccd4-dirty-q10609/slurm-logs/xcsp-parse-cop165-log-scop-time-rd-20260526-c609ccd4-dirty-q10609-rerun1-19856905-117.out,logs/cop165-cumulative-20260526-c609ccd4-dirty-q10609/slurm-logs/xcsp-parse-cop165-log-scop-time-rd-20260526-c609ccd4-dirty-q10609-rerun1-19856905-117.err,timeout_incumbent,COMPLETED,0:0,00:30:04,incumbent_interrupted_by_signal,logs/cop165-cumulative-20260526-c609ccd4-dirty-q10609/slurm-logs/xcsp-parse-cop165-log-scop-task-rd-20260526-c609ccd4-dirty-q10609-rerun1-19856575-117.out,logs/cop165-cumulative-20260526-c609ccd4-dirty-q10609/slurm-logs/xcsp-parse-cop165-log-scop-task-rd-20260526-c609ccd4-dirty-q10609-rerun1-19856575-117.err,timeout_incumbent,COMPLETED,0:0,00:30:06,incumbent_interrupted_by_signal,logs/cop165-cumulative-20260526-c609ccd4-dirty-q10609/slurm-logs/xcsp-parse-cop165-log-scop-cumext-20260526-c609ccd4-dirty-q10609-rerun1-19856577-117.out,logs/cop165-cumulative-20260526-c609ccd4-dirty-q10609/slurm-logs/xcsp-parse-cop165-log-scop-cumext-20260526-c609ccd4-dirty-q10609-rerun1-19856577-117.err,timeout_unknown,COMPLETED,0:0,00:30:06,terminated_by_signal,logs/cop165-cumulative-20260526-c609ccd4-dirty-q10609/slurm-logs/xcsp-parse-cop165-order-ge-time-rd-20260526-c609ccd4-dirty-q10609-rerun1-19856579-117.out,logs/cop165-cumulative-20260526-c609ccd4-dirty-q10609/slurm-logs/xcsp-parse-cop165-order-ge-time-rd-20260526-c609ccd4-dirty-q10609-rerun1-19856579-117.err,out_of_memory,OUT_OF_MEMORY,0:125,00:09:54,slurmstepd: error: Detected 3 oom-kill event(s) in StepId=19865824.batch. Some of your processes may have been killed by the cgroup out-of-memory handler.,logs/cop165-cumulative-20260526-c609ccd4-dirty-q10609/slurm-logs/xcsp-parse-cop165-order-ge-task-rd-20260526-c609ccd4-dirty-q10609-rerun1-19856581-117.out,logs/cop165-cumulative-20260526-c609ccd4-dirty-q10609/slurm-logs/xcsp-parse-cop165-order-ge-task-rd-20260526-c609ccd4-dirty-q10609-rerun1-19856581-117.err,timeout_unknown,COMPLETED,0:0,00:30:08,terminated_by_signal,logs/cop165-cumulative-20260526-c609ccd4-dirty-q10609/slurm-logs/xcsp-parse-cop165-order-ge-cumext-20260526-c609ccd4-dirty-q10609-rerun1-19856583-117.out,logs/cop165-cumulative-20260526-c609ccd4-dirty-q10609/slurm-logs/xcsp-parse-cop165-order-ge-cumext-20260526-c609ccd4-dirty-q10609-rerun1-19856583-117.err
118,TestScheduling-t100m20r03-1_c24.xml.lzma,COP22to25/TestScheduling-t100m20r03-1_c24.xml.lzma,timeout_incumbent,COMPLETED,0:0,00:30:06,incumbent_interrupted_by_signal,logs/cop165-cumulative-20260526-c609ccd4-dirty-q10609/slurm-logs/xcsp-parse-cop165-log-scop-time-rd-20260526-c609ccd4-dirty-q10609-rerun1-19856905-118.out,logs/cop165-cumulative-20260526-c609ccd4-dirty-q10609/slurm-logs/xcsp-parse-cop165-log-scop-time-rd-20260526-c609ccd4-dirty-q10609-rerun1-19856905-118.err,timeout_incumbent,COMPLETED,0:0,00:30:03,incumbent_interrupted_by_signal,logs/cop165-cumulative-20260526-c609ccd4-dirty-q10609/slurm-logs/xcsp-parse-cop165-log-scop-task-rd-20260526-c609ccd4-dirty-q10609-rerun1-19856575-118.out,logs/cop165-cumulative-20260526-c609ccd4-dirty-q10609/slurm-logs/xcsp-parse-cop165-log-scop-task-rd-20260526-c609ccd4-dirty-q10609-rerun1-19856575-118.err,timeout_incumbent,COMPLETED,0:0,00:30:04,incumbent_interrupted_by_signal,logs/cop165-cumulative-20260526-c609ccd4-dirty-q10609/slurm-logs/xcsp-parse-cop165-log-scop-cumext-20260526-c609ccd4-dirty-q10609-rerun1-19856577-118.out,logs/cop165-cumulative-20260526-c609ccd4-dirty-q10609/slurm-logs/xcsp-parse-cop165-log-scop-cumext-20260526-c609ccd4-dirty-q10609-rerun1-19856577-118.err,timeout_unknown,COMPLETED,0:0,00:30:05,terminated_by_signal,logs/cop165-cumulative-20260526-c609ccd4-dirty-q10609/slurm-logs/xcsp-parse-cop165-order-ge-time-rd-20260526-c609ccd4-dirty-q10609-rerun1-19856579-118.out,logs/cop165-cumulative-20260526-c609ccd4-dirty-q10609/slurm-logs/xcsp-parse-cop165-order-ge-time-rd-20260526-c609ccd4-dirty-q10609-rerun1-19856579-118.err,out_of_memory,OUT_OF_MEMORY,0:125,00:10:25,slurmstepd: error: Detected 4 oom-kill event(s) in StepId=19865835.batch. Some of your processes may have been killed by the cgroup out-of-memory handler.,logs/cop165-cumulative-20260526-c609ccd4-dirty-q10609/slurm-logs/xcsp-parse-cop165-order-ge-task-rd-20260526-c609ccd4-dirty-q10609-rerun1-19856581-118.out,logs/cop165-cumulative-20260526-c609ccd4-dirty-q10609/slurm-logs/xcsp-parse-cop165-order-ge-task-rd-20260526-c609ccd4-dirty-q10609-rerun1-19856581-118.err,timeout_unknown,COMPLETED,0:0,00:30:07,terminated_by_signal,logs/cop165-cumulative-20260526-c609ccd4-dirty-q10609/slurm-logs/xcsp-parse-cop165-order-ge-cumext-20260526-c609ccd4-dirty-q10609-rerun1-19856583-118.out,logs/cop165-cumulative-20260526-c609ccd4-dirty-q10609/slurm-logs/xcsp-parse-cop165-order-ge-cumext-20260526-c609ccd4-dirty-q10609-rerun1-19856583-118.err
119,TestScheduling-t100m10r03-1_c24.xml.lzma,COP22to25/TestScheduling-t100m10r03-1_c24.xml.lzma,timeout_incumbent,COMPLETED,0:0,00:30:05,incumbent_interrupted_by_signal,logs/cop165-cumulative-20260526-c609ccd4-dirty-q10609/slurm-logs/xcsp-parse-cop165-log-scop-time-rd-20260526-c609ccd4-dirty-q10609-rerun1-19856905-119.out,logs/cop165-cumulative-20260526-c609ccd4-dirty-q10609/slurm-logs/xcsp-parse-cop165-log-scop-time-rd-20260526-c609ccd4-dirty-q10609-rerun1-19856905-119.err,timeout_incumbent,COMPLETED,0:0,00:30:05,incumbent_interrupted_by_signal,logs/cop165-cumulative-20260526-c609ccd4-dirty-q10609/slurm-logs/xcsp-parse-cop165-log-scop-task-rd-20260526-c609ccd4-dirty-q10609-rerun1-19856575-119.out,logs/cop165-cumulative-20260526-c609ccd4-dirty-q10609/slurm-logs/xcsp-parse-cop165-log-scop-task-rd-20260526-c609ccd4-dirty-q10609-rerun1-19856575-119.err,timeout_incumbent,COMPLETED,0:0,00:30:05,incumbent_interrupted_by_signal,logs/cop165-cumulative-20260526-c609ccd4-dirty-q10609/slurm-logs/xcsp-parse-cop165-log-scop-cumext-20260526-c609ccd4-dirty-q10609-rerun1-19856577-119.out,logs/cop165-cumulative-20260526-c609ccd4-dirty-q10609/slurm-logs/xcsp-parse-cop165-log-scop-cumext-20260526-c609ccd4-dirty-q10609-rerun1-19856577-119.err,timeout_unknown,COMPLETED,0:0,00:30:07,terminated_by_signal,logs/cop165-cumulative-20260526-c609ccd4-dirty-q10609/slurm-logs/xcsp-parse-cop165-order-ge-time-rd-20260526-c609ccd4-dirty-q10609-rerun1-19856579-119.out,logs/cop165-cumulative-20260526-c609ccd4-dirty-q10609/slurm-logs/xcsp-parse-cop165-order-ge-time-rd-20260526-c609ccd4-dirty-q10609-rerun1-19856579-119.err,out_of_memory,OUT_OF_MEMORY,0:125,00:10:56,slurmstepd: error: Detected 1 oom-kill event(s) in StepId=19865837.batch. Some of your processes may have been killed by the cgroup out-of-memory handler.,logs/cop165-cumulative-20260526-c609ccd4-dirty-q10609/slurm-logs/xcsp-parse-cop165-order-ge-task-rd-20260526-c609ccd4-dirty-q10609-rerun1-19856581-119.out,logs/cop165-cumulative-20260526-c609ccd4-dirty-q10609/slurm-logs/xcsp-parse-cop165-order-ge-task-rd-20260526-c609ccd4-dirty-q10609-rerun1-19856581-119.err,timeout_unknown,COMPLETED,0:0,00:30:05,terminated_by_signal,logs/cop165-cumulative-20260526-c609ccd4-dirty-q10609/slurm-logs/xcsp-parse-cop165-order-ge-cumext-20260526-c609ccd4-dirty-q10609-rerun1-19856583-119.out,logs/cop165-cumulative-20260526-c609ccd4-dirty-q10609/slurm-logs/xcsp-parse-cop165-order-ge-cumext-20260526-c609ccd4-dirty-q10609-rerun1-19856583-119.err
120,TestScheduling-t100m10r05-1_c24.xml.lzma,COP22to25/TestScheduling-t100m10r05-1_c24.xml.lzma,timeout_incumbent,COMPLETED,0:0,00:30:05,incumbent_interrupted_by_signal,logs/cop165-cumulative-20260526-c609ccd4-dirty-q10609/slurm-logs/xcsp-parse-cop165-log-scop-time-rd-20260526-c609ccd4-dirty-q10609-rerun1-19856905-120.out,logs/cop165-cumulative-20260526-c609ccd4-dirty-q10609/slurm-logs/xcsp-parse-cop165-log-scop-time-rd-20260526-c609ccd4-dirty-q10609-rerun1-19856905-120.err,timeout_incumbent,COMPLETED,0:0,00:30:05,incumbent_interrupted_by_signal,logs/cop165-cumulative-20260526-c609ccd4-dirty-q10609/slurm-logs/xcsp-parse-cop165-log-scop-task-rd-20260526-c609ccd4-dirty-q10609-rerun1-19856575-120.out,logs/cop165-cumulative-20260526-c609ccd4-dirty-q10609/slurm-logs/xcsp-parse-cop165-log-scop-task-rd-20260526-c609ccd4-dirty-q10609-rerun1-19856575-120.err,timeout_incumbent,COMPLETED,0:0,00:30:04,incumbent_interrupted_by_signal,logs/cop165-cumulative-20260526-c609ccd4-dirty-q10609/slurm-logs/xcsp-parse-cop165-log-scop-cumext-20260526-c609ccd4-dirty-q10609-rerun1-19856577-120.out,logs/cop165-cumulative-20260526-c609ccd4-dirty-q10609/slurm-logs/xcsp-parse-cop165-log-scop-cumext-20260526-c609ccd4-dirty-q10609-rerun1-19856577-120.err,timeout_unknown,COMPLETED,0:0,00:30:06,terminated_by_signal,logs/cop165-cumulative-20260526-c609ccd4-dirty-q10609/slurm-logs/xcsp-parse-cop165-order-ge-time-rd-20260526-c609ccd4-dirty-q10609-rerun1-19856579-120.out,logs/cop165-cumulative-20260526-c609ccd4-dirty-q10609/slurm-logs/xcsp-parse-cop165-order-ge-time-rd-20260526-c609ccd4-dirty-q10609-rerun1-19856579-120.err,out_of_memory,OUT_OF_MEMORY,0:125,00:15:37,slurmstepd: error: Detected 1 oom-kill event(s) in StepId=19865854.batch. Some of your processes may have been killed by the cgroup out-of-memory handler.,logs/cop165-cumulative-20260526-c609ccd4-dirty-q10609/slurm-logs/xcsp-parse-cop165-order-ge-task-rd-20260526-c609ccd4-dirty-q10609-rerun1-19856581-120.out,logs/cop165-cumulative-20260526-c609ccd4-dirty-q10609/slurm-logs/xcsp-parse-cop165-order-ge-task-rd-20260526-c609ccd4-dirty-q10609-rerun1-19856581-120.err,timeout_unknown,COMPLETED,0:0,00:30:07,terminated_by_signal,logs/cop165-cumulative-20260526-c609ccd4-dirty-q10609/slurm-logs/xcsp-parse-cop165-order-ge-cumext-20260526-c609ccd4-dirty-q10609-rerun1-19856583-120.out,logs/cop165-cumulative-20260526-c609ccd4-dirty-q10609/slurm-logs/xcsp-parse-cop165-order-ge-cumext-20260526-c609ccd4-dirty-q10609-rerun1-19856583-120.err
121,TestScheduling-t100m20r05-1_c24.xml.lzma,COP22to25/TestScheduling-t100m20r05-1_c24.xml.lzma,timeout_incumbent,COMPLETED,0:0,00:30:05,incumbent_interrupted_by_signal,logs/cop165-cumulative-20260526-c609ccd4-dirty-q10609/slurm-logs/xcsp-parse-cop165-log-scop-time-rd-20260526-c609ccd4-dirty-q10609-rerun1-19856905-121.out,logs/cop165-cumulative-20260526-c609ccd4-dirty-q10609/slurm-logs/xcsp-parse-cop165-log-scop-time-rd-20260526-c609ccd4-dirty-q10609-rerun1-19856905-121.err,timeout_incumbent,COMPLETED,0:0,00:30:05,incumbent_interrupted_by_signal,logs/cop165-cumulative-20260526-c609ccd4-dirty-q10609/slurm-logs/xcsp-parse-cop165-log-scop-task-rd-20260526-c609ccd4-dirty-q10609-rerun1-19856575-121.out,logs/cop165-cumulative-20260526-c609ccd4-dirty-q10609/slurm-logs/xcsp-parse-cop165-log-scop-task-rd-20260526-c609ccd4-dirty-q10609-rerun1-19856575-121.err,timeout_incumbent,COMPLETED,0:0,00:30:03,incumbent_interrupted_by_signal,logs/cop165-cumulative-20260526-c609ccd4-dirty-q10609/slurm-logs/xcsp-parse-cop165-log-scop-cumext-20260526-c609ccd4-dirty-q10609-rerun1-19856577-121.out,logs/cop165-cumulative-20260526-c609ccd4-dirty-q10609/slurm-logs/xcsp-parse-cop165-log-scop-cumext-20260526-c609ccd4-dirty-q10609-rerun1-19856577-121.err,timeout_unknown,COMPLETED,0:0,00:30:05,terminated_by_signal,logs/cop165-cumulative-20260526-c609ccd4-dirty-q10609/slurm-logs/xcsp-parse-cop165-order-ge-time-rd-20260526-c609ccd4-dirty-q10609-rerun1-19856579-121.out,logs/cop165-cumulative-20260526-c609ccd4-dirty-q10609/slurm-logs/xcsp-parse-cop165-order-ge-time-rd-20260526-c609ccd4-dirty-q10609-rerun1-19856579-121.err,out_of_memory,OUT_OF_MEMORY,0:125,00:11:21,slurmstepd: error: Detected 2 oom-kill event(s) in StepId=19865875.batch. Some of your processes may have been killed by the cgroup out-of-memory handler.,logs/cop165-cumulative-20260526-c609ccd4-dirty-q10609/slurm-logs/xcsp-parse-cop165-order-ge-task-rd-20260526-c609ccd4-dirty-q10609-rerun1-19856581-121.out,logs/cop165-cumulative-20260526-c609ccd4-dirty-q10609/slurm-logs/xcsp-parse-cop165-order-ge-task-rd-20260526-c609ccd4-dirty-q10609-rerun1-19856581-121.err,timeout_unknown,COMPLETED,0:0,00:30:07,terminated_by_signal,logs/cop165-cumulative-20260526-c609ccd4-dirty-q10609/slurm-logs/xcsp-parse-cop165-order-ge-cumext-20260526-c609ccd4-dirty-q10609-rerun1-19856583-121.out,logs/cop165-cumulative-20260526-c609ccd4-dirty-q10609/slurm-logs/xcsp-parse-cop165-order-ge-cumext-20260526-c609ccd4-dirty-q10609-rerun1-19856583-121.err
122,TestScheduling-t100m20r10-1_c24.xml.lzma,COP22to25/TestScheduling-t100m20r10-1_c24.xml.lzma,timeout_incumbent,COMPLETED,0:0,00:30:04,incumbent_interrupted_by_signal,logs/cop165-cumulative-20260526-c609ccd4-dirty-q10609/slurm-logs/xcsp-parse-cop165-log-scop-time-rd-20260526-c609ccd4-dirty-q10609-rerun1-19856905-122.out,logs/cop165-cumulative-20260526-c609ccd4-dirty-q10609/slurm-logs/xcsp-parse-cop165-log-scop-time-rd-20260526-c609ccd4-dirty-q10609-rerun1-19856905-122.err,timeout_incumbent,COMPLETED,0:0,00:30:02,incumbent_interrupted_by_signal,logs/cop165-cumulative-20260526-c609ccd4-dirty-q10609/slurm-logs/xcsp-parse-cop165-log-scop-task-rd-20260526-c609ccd4-dirty-q10609-rerun1-19856575-122.out,logs/cop165-cumulative-20260526-c609ccd4-dirty-q10609/slurm-logs/xcsp-parse-cop165-log-scop-task-rd-20260526-c609ccd4-dirty-q10609-rerun1-19856575-122.err,timeout_incumbent,COMPLETED,0:0,00:30:06,incumbent_interrupted_by_signal,logs/cop165-cumulative-20260526-c609ccd4-dirty-q10609/slurm-logs/xcsp-parse-cop165-log-scop-cumext-20260526-c609ccd4-dirty-q10609-rerun1-19856577-122.out,logs/cop165-cumulative-20260526-c609ccd4-dirty-q10609/slurm-logs/xcsp-parse-cop165-log-scop-cumext-20260526-c609ccd4-dirty-q10609-rerun1-19856577-122.err,timeout_unknown,COMPLETED,0:0,00:30:05,terminated_by_signal,logs/cop165-cumulative-20260526-c609ccd4-dirty-q10609/slurm-logs/xcsp-parse-cop165-order-ge-time-rd-20260526-c609ccd4-dirty-q10609-rerun1-19856579-122.out,logs/cop165-cumulative-20260526-c609ccd4-dirty-q10609/slurm-logs/xcsp-parse-cop165-order-ge-time-rd-20260526-c609ccd4-dirty-q10609-rerun1-19856579-122.err,out_of_memory,OUT_OF_MEMORY,0:125,00:16:17,slurmstepd: error: Detected 6 oom-kill event(s) in StepId=19865888.batch. Some of your processes may have been killed by the cgroup out-of-memory handler.,logs/cop165-cumulative-20260526-c609ccd4-dirty-q10609/slurm-logs/xcsp-parse-cop165-order-ge-task-rd-20260526-c609ccd4-dirty-q10609-rerun1-19856581-122.out,logs/cop165-cumulative-20260526-c609ccd4-dirty-q10609/slurm-logs/xcsp-parse-cop165-order-ge-task-rd-20260526-c609ccd4-dirty-q10609-rerun1-19856581-122.err,timeout_unknown,COMPLETED,0:0,00:30:05,terminated_by_signal,logs/cop165-cumulative-20260526-c609ccd4-dirty-q10609/slurm-logs/xcsp-parse-cop165-order-ge-cumext-20260526-c609ccd4-dirty-q10609-rerun1-19856583-122.out,logs/cop165-cumulative-20260526-c609ccd4-dirty-q10609/slurm-logs/xcsp-parse-cop165-order-ge-cumext-20260526-c609ccd4-dirty-q10609-rerun1-19856583-122.err
123,FlexibleJobshopScen-dh-5-20-020_c25.xml.lzma,COP22to25/FlexibleJobshopScen-dh-5-20-020_c25.xml.lzma,timeout_incumbent,COMPLETED,0:0,00:30:06,incumbent_interrupted_by_signal,logs/cop165-cumulative-20260526-c609ccd4-dirty-q10609/slurm-logs/xcsp-parse-cop165-log-scop-time-rd-20260526-c609ccd4-dirty-q10609-rerun1-19856905-123.out,logs/cop165-cumulative-20260526-c609ccd4-dirty-q10609/slurm-logs/xcsp-parse-cop165-log-scop-time-rd-20260526-c609ccd4-dirty-q10609-rerun1-19856905-123.err,optimum,COMPLETED,0:0,00:19:14,,logs/cop165-cumulative-20260526-c609ccd4-dirty-q10609/slurm-logs/xcsp-parse-cop165-log-scop-task-rd-20260526-c609ccd4-dirty-q10609-rerun1-19856575-123.out,logs/cop165-cumulative-20260526-c609ccd4-dirty-q10609/slurm-logs/xcsp-parse-cop165-log-scop-task-rd-20260526-c609ccd4-dirty-q10609-rerun1-19856575-123.err,optimum,COMPLETED,0:0,00:03:16,,logs/cop165-cumulative-20260526-c609ccd4-dirty-q10609/slurm-logs/xcsp-parse-cop165-log-scop-cumext-20260526-c609ccd4-dirty-q10609-rerun1-19856577-123.out,logs/cop165-cumulative-20260526-c609ccd4-dirty-q10609/slurm-logs/xcsp-parse-cop165-log-scop-cumext-20260526-c609ccd4-dirty-q10609-rerun1-19856577-123.err,timeout_incumbent,COMPLETED,0:0,00:30:05,incumbent_interrupted_by_signal,logs/cop165-cumulative-20260526-c609ccd4-dirty-q10609/slurm-logs/xcsp-parse-cop165-order-ge-time-rd-20260526-c609ccd4-dirty-q10609-rerun1-19856579-123.out,logs/cop165-cumulative-20260526-c609ccd4-dirty-q10609/slurm-logs/xcsp-parse-cop165-order-ge-time-rd-20260526-c609ccd4-dirty-q10609-rerun1-19856579-123.err,timeout_incumbent,COMPLETED,0:0,00:30:05,incumbent_interrupted_by_signal,logs/cop165-cumulative-20260526-c609ccd4-dirty-q10609/slurm-logs/xcsp-parse-cop165-order-ge-task-rd-20260526-c609ccd4-dirty-q10609-rerun1-19856581-123.out,logs/cop165-cumulative-20260526-c609ccd4-dirty-q10609/slurm-logs/xcsp-parse-cop165-order-ge-task-rd-20260526-c609ccd4-dirty-q10609-rerun1-19856581-123.err,timeout_incumbent,COMPLETED,0:0,00:30:05,incumbent_interrupted_by_signal,logs/cop165-cumulative-20260526-c609ccd4-dirty-q10609/slurm-logs/xcsp-parse-cop165-order-ge-cumext-20260526-c609ccd4-dirty-q10609-rerun1-19856583-123.out,logs/cop165-cumulative-20260526-c609ccd4-dirty-q10609/slurm-logs/xcsp-parse-cop165-order-ge-cumext-20260526-c609ccd4-dirty-q10609-rerun1-19856583-123.err
124,IHTC-i07_c25.xml.lzma,COP22to25/IHTC-i07_c25.xml.lzma,sat_no_proof,COMPLETED,0:0,00:10:07,best incumbent shown; guarded improvement search stopped before optimality proof: relaxation failed: log-scop objective-variable cut encode failed: log-scop incremental cut is missing base integer code for id=548,logs/cop165-cumulative-20260526-c609ccd4-dirty-q10609/slurm-logs/xcsp-parse-cop165-log-scop-time-rd-20260526-c609ccd4-dirty-q10609-rerun1-19856905-124.out,logs/cop165-cumulative-20260526-c609ccd4-dirty-q10609/slurm-logs/xcsp-parse-cop165-log-scop-time-rd-20260526-c609ccd4-dirty-q10609-rerun1-19856905-124.err,unsat,COMPLETED,0:0,00:00:14,,logs/cop165-cumulative-20260526-c609ccd4-dirty-q10609/slurm-logs/xcsp-parse-cop165-log-scop-task-rd-20260526-c609ccd4-dirty-q10609-rerun1-19856575-124.out,logs/cop165-cumulative-20260526-c609ccd4-dirty-q10609/slurm-logs/xcsp-parse-cop165-log-scop-task-rd-20260526-c609ccd4-dirty-q10609-rerun1-19856575-124.err,sat_no_proof,COMPLETED,0:0,00:02:25,best incumbent shown; guarded improvement search stopped before optimality proof: relaxation failed: log-scop objective-variable cut encode failed: log-scop incremental cut is missing base integer code for id=548,logs/cop165-cumulative-20260526-c609ccd4-dirty-q10609/slurm-logs/xcsp-parse-cop165-log-scop-cumext-20260526-c609ccd4-dirty-q10609-rerun1-19856577-124.out,logs/cop165-cumulative-20260526-c609ccd4-dirty-q10609/slurm-logs/xcsp-parse-cop165-log-scop-cumext-20260526-c609ccd4-dirty-q10609-rerun1-19856577-124.err,timeout_incumbent,COMPLETED,0:0,00:30:08,incumbent_interrupted_by_signal,logs/cop165-cumulative-20260526-c609ccd4-dirty-q10609/slurm-logs/xcsp-parse-cop165-order-ge-time-rd-20260526-c609ccd4-dirty-q10609-rerun1-19856579-124.out,logs/cop165-cumulative-20260526-c609ccd4-dirty-q10609/slurm-logs/xcsp-parse-cop165-order-ge-time-rd-20260526-c609ccd4-dirty-q10609-rerun1-19856579-124.err,unsat,COMPLETED,0:0,00:02:48,,logs/cop165-cumulative-20260526-c609ccd4-dirty-q10609/slurm-logs/xcsp-parse-cop165-order-ge-task-rd-20260526-c609ccd4-dirty-q10609-rerun1-19856581-124.out,logs/cop165-cumulative-20260526-c609ccd4-dirty-q10609/slurm-logs/xcsp-parse-cop165-order-ge-task-rd-20260526-c609ccd4-dirty-q10609-rerun1-19856581-124.err,timeout_incumbent,COMPLETED,0:0,00:30:12,incumbent_interrupted_by_signal,logs/cop165-cumulative-20260526-c609ccd4-dirty-q10609/slurm-logs/xcsp-parse-cop165-order-ge-cumext-20260526-c609ccd4-dirty-q10609-rerun1-19856583-124.out,logs/cop165-cumulative-20260526-c609ccd4-dirty-q10609/slurm-logs/xcsp-parse-cop165-order-ge-cumext-20260526-c609ccd4-dirty-q10609-rerun1-19856583-124.err
125,LargeScaleScheduling-01600-0_c23.xml.lzma,COP22to25/LargeScaleScheduling-01600-0_c23.xml.lzma,timeout_unknown,COMPLETED,0:0,00:30:04,terminated_by_signal,logs/cop165-cumulative-20260526-c609ccd4-dirty-q10609/slurm-logs/xcsp-parse-cop165-log-scop-time-rd-20260526-c609ccd4-dirty-q10609-rerun1-19856905-125.out,logs/cop165-cumulative-20260526-c609ccd4-dirty-q10609/slurm-logs/xcsp-parse-cop165-log-scop-time-rd-20260526-c609ccd4-dirty-q10609-rerun1-19856905-125.err,out_of_memory,OUT_OF_MEMORY,0:125,00:06:05,"/var/spool/slurm/d/job19857489/slurm_script: 134 行: 2752133 強制終了            ""$ENGINE_BIN"" exec --bind ""${BENCHMARK_DIR%/}:${CONTAINER_BENCH_DIR%/}"" --bind ""${LOG_DIR%/}:${CONTAINER_LOG_DIR%/}"" --bind ""${RESULT_DIR%/}:${CONTAINER_RESULT_DIR%/}"" --env ""INSTANCE_PATH=${instance_cont",logs/cop165-cumulative-20260526-c609ccd4-dirty-q10609/slurm-logs/xcsp-parse-cop165-log-scop-task-rd-20260526-c609ccd4-dirty-q10609-rerun1-19856575-125.out,logs/cop165-cumulative-20260526-c609ccd4-dirty-q10609/slurm-logs/xcsp-parse-cop165-log-scop-task-rd-20260526-c609ccd4-dirty-q10609-rerun1-19856575-125.err,timeout_unknown,COMPLETED,0:0,00:30:06,terminated_by_signal,logs/cop165-cumulative-20260526-c609ccd4-dirty-q10609/slurm-logs/xcsp-parse-cop165-log-scop-cumext-20260526-c609ccd4-dirty-q10609-rerun1-19856577-125.out,logs/cop165-cumulative-20260526-c609ccd4-dirty-q10609/slurm-logs/xcsp-parse-cop165-log-scop-cumext-20260526-c609ccd4-dirty-q10609-rerun1-19856577-125.err,encode_failed,COMPLETED,0:0,00:00:06,sat variable count overflow,logs/cop165-cumulative-20260526-c609ccd4-dirty-q10609/slurm-logs/xcsp-parse-cop165-order-ge-time-rd-20260526-c609ccd4-dirty-q10609-rerun1-19856579-125.out,logs/cop165-cumulative-20260526-c609ccd4-dirty-q10609/slurm-logs/xcsp-parse-cop165-order-ge-time-rd-20260526-c609ccd4-dirty-q10609-rerun1-19856579-125.err,encode_failed,COMPLETED,0:0,00:02:23,sat variable count overflow,logs/cop165-cumulative-20260526-c609ccd4-dirty-q10609/slurm-logs/xcsp-parse-cop165-order-ge-task-rd-20260526-c609ccd4-dirty-q10609-rerun1-19856581-125.out,logs/cop165-cumulative-20260526-c609ccd4-dirty-q10609/slurm-logs/xcsp-parse-cop165-order-ge-task-rd-20260526-c609ccd4-dirty-q10609-rerun1-19856581-125.err,encode_failed,COMPLETED,0:0,00:00:04,sat variable count overflow,logs/cop165-cumulative-20260526-c609ccd4-dirty-q10609/slurm-logs/xcsp-parse-cop165-order-ge-cumext-20260526-c609ccd4-dirty-q10609-rerun1-19856583-125.out,logs/cop165-cumulative-20260526-c609ccd4-dirty-q10609/slurm-logs/xcsp-parse-cop165-order-ge-cumext-20260526-c609ccd4-dirty-q10609-rerun1-19856583-125.err
126,IHTC-i05_c25.xml.lzma,COP22to25/IHTC-i05_c25.xml.lzma,sat_no_proof,COMPLETED,0:0,00:00:26,best incumbent shown; guarded improvement search stopped before optimality proof: relaxation failed: log-scop objective-variable cut encode failed: log-scop incremental cut is missing base integer code for id=6765,logs/cop165-cumulative-20260526-c609ccd4-dirty-q10609/slurm-logs/xcsp-parse-cop165-log-scop-time-rd-20260526-c609ccd4-dirty-q10609-rerun1-19856905-126.out,logs/cop165-cumulative-20260526-c609ccd4-dirty-q10609/slurm-logs/xcsp-parse-cop165-log-scop-time-rd-20260526-c609ccd4-dirty-q10609-rerun1-19856905-126.err,timeout_unknown,COMPLETED,0:0,00:30:07,terminated_by_signal,logs/cop165-cumulative-20260526-c609ccd4-dirty-q10609/slurm-logs/xcsp-parse-cop165-log-scop-task-rd-20260526-c609ccd4-dirty-q10609-rerun1-19856575-126.out,logs/cop165-cumulative-20260526-c609ccd4-dirty-q10609/slurm-logs/xcsp-parse-cop165-log-scop-task-rd-20260526-c609ccd4-dirty-q10609-rerun1-19856575-126.err,sat_no_proof,COMPLETED,0:0,00:00:22,best incumbent shown; guarded improvement search stopped before optimality proof: relaxation failed: log-scop objective-variable cut encode failed: log-scop incremental cut is missing base integer code for id=6765,logs/cop165-cumulative-20260526-c609ccd4-dirty-q10609/slurm-logs/xcsp-parse-cop165-log-scop-cumext-20260526-c609ccd4-dirty-q10609-rerun1-19856577-126.out,logs/cop165-cumulative-20260526-c609ccd4-dirty-q10609/slurm-logs/xcsp-parse-cop165-log-scop-cumext-20260526-c609ccd4-dirty-q10609-rerun1-19856577-126.err,timeout_incumbent,COMPLETED,0:0,00:30:08,incumbent_interrupted_by_signal,logs/cop165-cumulative-20260526-c609ccd4-dirty-q10609/slurm-logs/xcsp-parse-cop165-order-ge-time-rd-20260526-c609ccd4-dirty-q10609-rerun1-19856579-126.out,logs/cop165-cumulative-20260526-c609ccd4-dirty-q10609/slurm-logs/xcsp-parse-cop165-order-ge-time-rd-20260526-c609ccd4-dirty-q10609-rerun1-19856579-126.err,unsat,COMPLETED,0:0,00:10:12,,logs/cop165-cumulative-20260526-c609ccd4-dirty-q10609/slurm-logs/xcsp-parse-cop165-order-ge-task-rd-20260526-c609ccd4-dirty-q10609-rerun1-19856581-126.out,logs/cop165-cumulative-20260526-c609ccd4-dirty-q10609/slurm-logs/xcsp-parse-cop165-order-ge-task-rd-20260526-c609ccd4-dirty-q10609-rerun1-19856581-126.err,timeout_incumbent,COMPLETED,0:0,00:30:08,incumbent_interrupted_by_signal,logs/cop165-cumulative-20260526-c609ccd4-dirty-q10609/slurm-logs/xcsp-parse-cop165-order-ge-cumext-20260526-c609ccd4-dirty-q10609-rerun1-19856583-126.out,logs/cop165-cumulative-20260526-c609ccd4-dirty-q10609/slurm-logs/xcsp-parse-cop165-order-ge-cumext-20260526-c609ccd4-dirty-q10609-rerun1-19856583-126.err
127,IHTC-i06_c25.xml.lzma,COP22to25/IHTC-i06_c25.xml.lzma,sat_no_proof,COMPLETED,0:0,00:00:22,best incumbent shown; guarded improvement search stopped before optimality proof: relaxation failed: log-scop objective-variable cut encode failed: log-scop incremental cut is missing base integer code for id=916,logs/cop165-cumulative-20260526-c609ccd4-dirty-q10609/slurm-logs/xcsp-parse-cop165-log-scop-time-rd-20260526-c609ccd4-dirty-q10609-rerun1-19856905-127.out,logs/cop165-cumulative-20260526-c609ccd4-dirty-q10609/slurm-logs/xcsp-parse-cop165-log-scop-time-rd-20260526-c609ccd4-dirty-q10609-rerun1-19856905-127.err,unsat,COMPLETED,0:0,00:00:17,,logs/cop165-cumulative-20260526-c609ccd4-dirty-q10609/slurm-logs/xcsp-parse-cop165-log-scop-task-rd-20260526-c609ccd4-dirty-q10609-rerun1-19856575-127.out,logs/cop165-cumulative-20260526-c609ccd4-dirty-q10609/slurm-logs/xcsp-parse-cop165-log-scop-task-rd-20260526-c609ccd4-dirty-q10609-rerun1-19856575-127.err,sat_no_proof,COMPLETED,0:0,00:00:22,best incumbent shown; guarded improvement search stopped before optimality proof: relaxation failed: log-scop objective-variable cut encode failed: log-scop incremental cut is missing base integer code for id=916,logs/cop165-cumulative-20260526-c609ccd4-dirty-q10609/slurm-logs/xcsp-parse-cop165-log-scop-cumext-20260526-c609ccd4-dirty-q10609-rerun1-19856577-127.out,logs/cop165-cumulative-20260526-c609ccd4-dirty-q10609/slurm-logs/xcsp-parse-cop165-log-scop-cumext-20260526-c609ccd4-dirty-q10609-rerun1-19856577-127.err,out_of_memory,OUT_OF_MEMORY,0:125,00:08:29,slurmstepd: error: Detected 1 oom-kill event(s) in StepId=19861688.batch. Some of your processes may have been killed by the cgroup out-of-memory handler.,logs/cop165-cumulative-20260526-c609ccd4-dirty-q10609/slurm-logs/xcsp-parse-cop165-order-ge-time-rd-20260526-c609ccd4-dirty-q10609-rerun1-19856579-127.out,logs/cop165-cumulative-20260526-c609ccd4-dirty-q10609/slurm-logs/xcsp-parse-cop165-order-ge-time-rd-20260526-c609ccd4-dirty-q10609-rerun1-19856579-127.err,out_of_memory,OUT_OF_MEMORY,0:125,00:07:54,slurmstepd: error: Detected 2 oom-kill event(s) in StepId=19866069.batch. Some of your processes may have been killed by the cgroup out-of-memory handler.,logs/cop165-cumulative-20260526-c609ccd4-dirty-q10609/slurm-logs/xcsp-parse-cop165-order-ge-task-rd-20260526-c609ccd4-dirty-q10609-rerun1-19856581-127.out,logs/cop165-cumulative-20260526-c609ccd4-dirty-q10609/slurm-logs/xcsp-parse-cop165-order-ge-task-rd-20260526-c609ccd4-dirty-q10609-rerun1-19856581-127.err,out_of_memory,OUT_OF_MEMORY,0:125,00:07:10,slurmstepd: error: Detected 2 oom-kill event(s) in StepId=19868953.batch. Some of your processes may have been killed by the cgroup out-of-memory handler.,logs/cop165-cumulative-20260526-c609ccd4-dirty-q10609/slurm-logs/xcsp-parse-cop165-order-ge-cumext-20260526-c609ccd4-dirty-q10609-rerun1-19856583-127.out,logs/cop165-cumulative-20260526-c609ccd4-dirty-q10609/slurm-logs/xcsp-parse-cop165-order-ge-cumext-20260526-c609ccd4-dirty-q10609-rerun1-19856583-127.err
128,IHTC-i09_c25.xml.lzma,COP22to25/IHTC-i09_c25.xml.lzma,sat_no_proof,COMPLETED,0:0,00:00:44,best incumbent shown; guarded improvement search stopped before optimality proof: relaxation failed: log-scop objective-variable cut encode failed: log-scop incremental cut is missing base integer code for id=6427,logs/cop165-cumulative-20260526-c609ccd4-dirty-q10609/slurm-logs/xcsp-parse-cop165-log-scop-time-rd-20260526-c609ccd4-dirty-q10609-rerun1-19856905-128.out,logs/cop165-cumulative-20260526-c609ccd4-dirty-q10609/slurm-logs/xcsp-parse-cop165-log-scop-time-rd-20260526-c609ccd4-dirty-q10609-rerun1-19856905-128.err,unsat,COMPLETED,0:0,00:03:26,,logs/cop165-cumulative-20260526-c609ccd4-dirty-q10609/slurm-logs/xcsp-parse-cop165-log-scop-task-rd-20260526-c609ccd4-dirty-q10609-rerun1-19856575-128.out,logs/cop165-cumulative-20260526-c609ccd4-dirty-q10609/slurm-logs/xcsp-parse-cop165-log-scop-task-rd-20260526-c609ccd4-dirty-q10609-rerun1-19856575-128.err,sat_no_proof,COMPLETED,0:0,00:00:40,best incumbent shown; guarded improvement search stopped before optimality proof: relaxation failed: log-scop objective-variable cut encode failed: log-scop incremental cut is missing base integer code for id=6427,logs/cop165-cumulative-20260526-c609ccd4-dirty-q10609/slurm-logs/xcsp-parse-cop165-log-scop-cumext-20260526-c609ccd4-dirty-q10609-rerun1-19856577-128.out,logs/cop165-cumulative-20260526-c609ccd4-dirty-q10609/slurm-logs/xcsp-parse-cop165-log-scop-cumext-20260526-c609ccd4-dirty-q10609-rerun1-19856577-128.err,timeout_incumbent,COMPLETED,0:0,00:30:08,incumbent_interrupted_by_signal,logs/cop165-cumulative-20260526-c609ccd4-dirty-q10609/slurm-logs/xcsp-parse-cop165-order-ge-time-rd-20260526-c609ccd4-dirty-q10609-rerun1-19856579-128.out,logs/cop165-cumulative-20260526-c609ccd4-dirty-q10609/slurm-logs/xcsp-parse-cop165-order-ge-time-rd-20260526-c609ccd4-dirty-q10609-rerun1-19856579-128.err,unsat,COMPLETED,0:0,00:13:41,,logs/cop165-cumulative-20260526-c609ccd4-dirty-q10609/slurm-logs/xcsp-parse-cop165-order-ge-task-rd-20260526-c609ccd4-dirty-q10609-rerun1-19856581-128.out,logs/cop165-cumulative-20260526-c609ccd4-dirty-q10609/slurm-logs/xcsp-parse-cop165-order-ge-task-rd-20260526-c609ccd4-dirty-q10609-rerun1-19856581-128.err,timeout_incumbent,COMPLETED,0:0,00:30:08,incumbent_interrupted_by_signal,logs/cop165-cumulative-20260526-c609ccd4-dirty-q10609/slurm-logs/xcsp-parse-cop165-order-ge-cumext-20260526-c609ccd4-dirty-q10609-rerun1-19856583-128.out,logs/cop165-cumulative-20260526-c609ccd4-dirty-q10609/slurm-logs/xcsp-parse-cop165-order-ge-cumext-20260526-c609ccd4-dirty-q10609-rerun1-19856583-128.err
129,AircraftAssemblyLine-3-628-150-2_c24.xml.lzma,COP22to25/AircraftAssemblyLine-3-628-150-2_c24.xml.lzma,timeout_incumbent,COMPLETED,0:0,00:30:04,incumbent_interrupted_by_signal,logs/cop165-cumulative-20260526-c609ccd4-dirty-q10609/slurm-logs/xcsp-parse-cop165-log-scop-time-rd-20260526-c609ccd4-dirty-q10609-rerun1-19856905-129.out,logs/cop165-cumulative-20260526-c609ccd4-dirty-q10609/slurm-logs/xcsp-parse-cop165-log-scop-time-rd-20260526-c609ccd4-dirty-q10609-rerun1-19856905-129.err,timeout_unknown,COMPLETED,0:0,00:30:14,terminated_by_signal,logs/cop165-cumulative-20260526-c609ccd4-dirty-q10609/slurm-logs/xcsp-parse-cop165-log-scop-task-rd-20260526-c609ccd4-dirty-q10609-rerun1-19856575-129.out,logs/cop165-cumulative-20260526-c609ccd4-dirty-q10609/slurm-logs/xcsp-parse-cop165-log-scop-task-rd-20260526-c609ccd4-dirty-q10609-rerun1-19856575-129.err,timeout_incumbent,COMPLETED,0:0,00:30:03,incumbent_interrupted_by_signal,logs/cop165-cumulative-20260526-c609ccd4-dirty-q10609/slurm-logs/xcsp-parse-cop165-log-scop-cumext-20260526-c609ccd4-dirty-q10609-rerun1-19856577-129.out,logs/cop165-cumulative-20260526-c609ccd4-dirty-q10609/slurm-logs/xcsp-parse-cop165-log-scop-cumext-20260526-c609ccd4-dirty-q10609-rerun1-19856577-129.err,timeout_unknown,COMPLETED,0:0,00:30:04,terminated_by_signal,logs/cop165-cumulative-20260526-c609ccd4-dirty-q10609/slurm-logs/xcsp-parse-cop165-order-ge-time-rd-20260526-c609ccd4-dirty-q10609-rerun1-19856579-129.out,logs/cop165-cumulative-20260526-c609ccd4-dirty-q10609/slurm-logs/xcsp-parse-cop165-order-ge-time-rd-20260526-c609ccd4-dirty-q10609-rerun1-19856579-129.err,out_of_memory,OUT_OF_MEMORY,0:125,00:13:46,slurmstepd: error: Detected 11 oom-kill event(s) in StepId=19866103.batch. Some of your processes may have been killed by the cgroup out-of-memory handler.,logs/cop165-cumulative-20260526-c609ccd4-dirty-q10609/slurm-logs/xcsp-parse-cop165-order-ge-task-rd-20260526-c609ccd4-dirty-q10609-rerun1-19856581-129.out,logs/cop165-cumulative-20260526-c609ccd4-dirty-q10609/slurm-logs/xcsp-parse-cop165-order-ge-task-rd-20260526-c609ccd4-dirty-q10609-rerun1-19856581-129.err,timeout_unknown,COMPLETED,0:0,00:30:05,terminated_by_signal,logs/cop165-cumulative-20260526-c609ccd4-dirty-q10609/slurm-logs/xcsp-parse-cop165-order-ge-cumext-20260526-c609ccd4-dirty-q10609-rerun1-19856583-129.out,logs/cop165-cumulative-20260526-c609ccd4-dirty-q10609/slurm-logs/xcsp-parse-cop165-order-ge-cumext-20260526-c609ccd4-dirty-q10609-rerun1-19856583-129.err
130,AircraftAssemblyLine-3-628-150-0_c24.xml.lzma,COP22to25/AircraftAssemblyLine-3-628-150-0_c24.xml.lzma,timeout_incumbent,COMPLETED,0:0,00:30:05,incumbent_interrupted_by_signal,logs/cop165-cumulative-20260526-c609ccd4-dirty-q10609/slurm-logs/xcsp-parse-cop165-log-scop-time-rd-20260526-c609ccd4-dirty-q10609-rerun1-19856905-130.out,logs/cop165-cumulative-20260526-c609ccd4-dirty-q10609/slurm-logs/xcsp-parse-cop165-log-scop-time-rd-20260526-c609ccd4-dirty-q10609-rerun1-19856905-130.err,timeout_unknown,COMPLETED,0:0,00:30:05,terminated_by_signal,logs/cop165-cumulative-20260526-c609ccd4-dirty-q10609/slurm-logs/xcsp-parse-cop165-log-scop-task-rd-20260526-c609ccd4-dirty-q10609-rerun1-19856575-130.out,logs/cop165-cumulative-20260526-c609ccd4-dirty-q10609/slurm-logs/xcsp-parse-cop165-log-scop-task-rd-20260526-c609ccd4-dirty-q10609-rerun1-19856575-130.err,timeout_incumbent,COMPLETED,0:0,00:30:06,incumbent_interrupted_by_signal,logs/cop165-cumulative-20260526-c609ccd4-dirty-q10609/slurm-logs/xcsp-parse-cop165-log-scop-cumext-20260526-c609ccd4-dirty-q10609-rerun1-19856577-130.out,logs/cop165-cumulative-20260526-c609ccd4-dirty-q10609/slurm-logs/xcsp-parse-cop165-log-scop-cumext-20260526-c609ccd4-dirty-q10609-rerun1-19856577-130.err,timeout_incumbent,COMPLETED,0:0,00:30:04,incumbent_interrupted_by_signal,logs/cop165-cumulative-20260526-c609ccd4-dirty-q10609/slurm-logs/xcsp-parse-cop165-order-ge-time-rd-20260526-c609ccd4-dirty-q10609-rerun1-19856579-130.out,logs/cop165-cumulative-20260526-c609ccd4-dirty-q10609/slurm-logs/xcsp-parse-cop165-order-ge-time-rd-20260526-c609ccd4-dirty-q10609-rerun1-19856579-130.err,out_of_memory,OUT_OF_MEMORY,0:125,00:11:33,slurmstepd: error: Detected 2 oom-kill event(s) in StepId=19866104.batch. Some of your processes may have been killed by the cgroup out-of-memory handler.,logs/cop165-cumulative-20260526-c609ccd4-dirty-q10609/slurm-logs/xcsp-parse-cop165-order-ge-task-rd-20260526-c609ccd4-dirty-q10609-rerun1-19856581-130.out,logs/cop165-cumulative-20260526-c609ccd4-dirty-q10609/slurm-logs/xcsp-parse-cop165-order-ge-task-rd-20260526-c609ccd4-dirty-q10609-rerun1-19856581-130.err,timeout_unknown,COMPLETED,0:0,00:30:05,terminated_by_signal,logs/cop165-cumulative-20260526-c609ccd4-dirty-q10609/slurm-logs/xcsp-parse-cop165-order-ge-cumext-20260526-c609ccd4-dirty-q10609-rerun1-19856583-130.out,logs/cop165-cumulative-20260526-c609ccd4-dirty-q10609/slurm-logs/xcsp-parse-cop165-order-ge-cumext-20260526-c609ccd4-dirty-q10609-rerun1-19856583-130.err
131,AircraftAssemblyLine-3-628-150-1_c24.xml.lzma,COP22to25/AircraftAssemblyLine-3-628-150-1_c24.xml.lzma,timeout_incumbent,COMPLETED,0:0,00:30:03,incumbent_interrupted_by_signal,logs/cop165-cumulative-20260526-c609ccd4-dirty-q10609/slurm-logs/xcsp-parse-cop165-log-scop-time-rd-20260526-c609ccd4-dirty-q10609-rerun1-19856905-131.out,logs/cop165-cumulative-20260526-c609ccd4-dirty-q10609/slurm-logs/xcsp-parse-cop165-log-scop-time-rd-20260526-c609ccd4-dirty-q10609-rerun1-19856905-131.err,timeout_unknown,COMPLETED,0:0,00:30:06,terminated_by_signal,logs/cop165-cumulative-20260526-c609ccd4-dirty-q10609/slurm-logs/xcsp-parse-cop165-log-scop-task-rd-20260526-c609ccd4-dirty-q10609-rerun1-19856575-131.out,logs/cop165-cumulative-20260526-c609ccd4-dirty-q10609/slurm-logs/xcsp-parse-cop165-log-scop-task-rd-20260526-c609ccd4-dirty-q10609-rerun1-19856575-131.err,timeout_incumbent,COMPLETED,0:0,00:30:04,incumbent_interrupted_by_signal,logs/cop165-cumulative-20260526-c609ccd4-dirty-q10609/slurm-logs/xcsp-parse-cop165-log-scop-cumext-20260526-c609ccd4-dirty-q10609-rerun1-19856577-131.out,logs/cop165-cumulative-20260526-c609ccd4-dirty-q10609/slurm-logs/xcsp-parse-cop165-log-scop-cumext-20260526-c609ccd4-dirty-q10609-rerun1-19856577-131.err,timeout_incumbent,COMPLETED,0:0,00:30:04,incumbent_interrupted_by_signal,logs/cop165-cumulative-20260526-c609ccd4-dirty-q10609/slurm-logs/xcsp-parse-cop165-order-ge-time-rd-20260526-c609ccd4-dirty-q10609-rerun1-19856579-131.out,logs/cop165-cumulative-20260526-c609ccd4-dirty-q10609/slurm-logs/xcsp-parse-cop165-order-ge-time-rd-20260526-c609ccd4-dirty-q10609-rerun1-19856579-131.err,out_of_memory,OUT_OF_MEMORY,0:125,00:11:26,slurmstepd: error: Detected 1 oom-kill event(s) in StepId=19866107.batch. Some of your processes may have been killed by the cgroup out-of-memory handler.,logs/cop165-cumulative-20260526-c609ccd4-dirty-q10609/slurm-logs/xcsp-parse-cop165-order-ge-task-rd-20260526-c609ccd4-dirty-q10609-rerun1-19856581-131.out,logs/cop165-cumulative-20260526-c609ccd4-dirty-q10609/slurm-logs/xcsp-parse-cop165-order-ge-task-rd-20260526-c609ccd4-dirty-q10609-rerun1-19856581-131.err,timeout_unknown,COMPLETED,0:0,00:30:05,terminated_by_signal,logs/cop165-cumulative-20260526-c609ccd4-dirty-q10609/slurm-logs/xcsp-parse-cop165-order-ge-cumext-20260526-c609ccd4-dirty-q10609-rerun1-19856583-131.out,logs/cop165-cumulative-20260526-c609ccd4-dirty-q10609/slurm-logs/xcsp-parse-cop165-order-ge-cumext-20260526-c609ccd4-dirty-q10609-rerun1-19856583-131.err
132,IHTC-i11_c25.xml.lzma,COP22to25/IHTC-i11_c25.xml.lzma,sat_no_proof,COMPLETED,0:0,00:01:00,best incumbent shown; guarded improvement search stopped before optimality proof: relaxation failed: log-scop objective-variable cut encode failed: log-scop incremental cut is missing base integer code for id=880,logs/cop165-cumulative-20260526-c609ccd4-dirty-q10609/slurm-logs/xcsp-parse-cop165-log-scop-time-rd-20260526-c609ccd4-dirty-q10609-rerun1-19856905-132.out,logs/cop165-cumulative-20260526-c609ccd4-dirty-q10609/slurm-logs/xcsp-parse-cop165-log-scop-time-rd-20260526-c609ccd4-dirty-q10609-rerun1-19856905-132.err,unsat,COMPLETED,0:0,00:00:30,,logs/cop165-cumulative-20260526-c609ccd4-dirty-q10609/slurm-logs/xcsp-parse-cop165-log-scop-task-rd-20260526-c609ccd4-dirty-q10609-rerun1-19856575-132.out,logs/cop165-cumulative-20260526-c609ccd4-dirty-q10609/slurm-logs/xcsp-parse-cop165-log-scop-task-rd-20260526-c609ccd4-dirty-q10609-rerun1-19856575-132.err,sat_no_proof,COMPLETED,0:0,00:00:21,best incumbent shown; guarded improvement search stopped before optimality proof: relaxation failed: log-scop objective-variable cut encode failed: log-scop incremental cut is missing base integer code for id=880,logs/cop165-cumulative-20260526-c609ccd4-dirty-q10609/slurm-logs/xcsp-parse-cop165-log-scop-cumext-20260526-c609ccd4-dirty-q10609-rerun1-19856577-132.out,logs/cop165-cumulative-20260526-c609ccd4-dirty-q10609/slurm-logs/xcsp-parse-cop165-log-scop-cumext-20260526-c609ccd4-dirty-q10609-rerun1-19856577-132.err,out_of_memory,OUT_OF_MEMORY,0:125,00:07:59,slurmstepd: error: Detected 1 oom-kill event(s) in StepId=19861795.batch. Some of your processes may have been killed by the cgroup out-of-memory handler.,logs/cop165-cumulative-20260526-c609ccd4-dirty-q10609/slurm-logs/xcsp-parse-cop165-order-ge-time-rd-20260526-c609ccd4-dirty-q10609-rerun1-19856579-132.out,logs/cop165-cumulative-20260526-c609ccd4-dirty-q10609/slurm-logs/xcsp-parse-cop165-order-ge-time-rd-20260526-c609ccd4-dirty-q10609-rerun1-19856579-132.err,unsat,COMPLETED,0:0,00:07:24,,logs/cop165-cumulative-20260526-c609ccd4-dirty-q10609/slurm-logs/xcsp-parse-cop165-order-ge-task-rd-20260526-c609ccd4-dirty-q10609-rerun1-19856581-132.out,logs/cop165-cumulative-20260526-c609ccd4-dirty-q10609/slurm-logs/xcsp-parse-cop165-order-ge-task-rd-20260526-c609ccd4-dirty-q10609-rerun1-19856581-132.err,out_of_memory,OUT_OF_MEMORY,0:125,00:07:23,slurmstepd: error: Detected 10 oom-kill event(s) in StepId=19869034.batch. Some of your processes may have been killed by the cgroup out-of-memory handler.,logs/cop165-cumulative-20260526-c609ccd4-dirty-q10609/slurm-logs/xcsp-parse-cop165-order-ge-cumext-20260526-c609ccd4-dirty-q10609-rerun1-19856583-132.out,logs/cop165-cumulative-20260526-c609ccd4-dirty-q10609/slurm-logs/xcsp-parse-cop165-order-ge-cumext-20260526-c609ccd4-dirty-q10609-rerun1-19856583-132.err
133,IHTC-i12_c25.xml.lzma,COP22to25/IHTC-i12_c25.xml.lzma,sat_no_proof,COMPLETED,0:0,00:01:01,best incumbent shown; guarded improvement search stopped before optimality proof: relaxation failed: log-scop objective-variable cut encode failed: log-scop incremental cut is missing base integer code for id=11732,logs/cop165-cumulative-20260526-c609ccd4-dirty-q10609/slurm-logs/xcsp-parse-cop165-log-scop-time-rd-20260526-c609ccd4-dirty-q10609-rerun1-19856905-133.out,logs/cop165-cumulative-20260526-c609ccd4-dirty-q10609/slurm-logs/xcsp-parse-cop165-log-scop-time-rd-20260526-c609ccd4-dirty-q10609-rerun1-19856905-133.err,unsat,COMPLETED,0:0,00:00:20,,logs/cop165-cumulative-20260526-c609ccd4-dirty-q10609/slurm-logs/xcsp-parse-cop165-log-scop-task-rd-20260526-c609ccd4-dirty-q10609-rerun1-19856575-133.out,logs/cop165-cumulative-20260526-c609ccd4-dirty-q10609/slurm-logs/xcsp-parse-cop165-log-scop-task-rd-20260526-c609ccd4-dirty-q10609-rerun1-19856575-133.err,sat_no_proof,COMPLETED,0:0,00:01:02,best incumbent shown; guarded improvement search stopped before optimality proof: relaxation failed: log-scop objective-variable cut encode failed: log-scop incremental cut is missing base integer code for id=11732,logs/cop165-cumulative-20260526-c609ccd4-dirty-q10609/slurm-logs/xcsp-parse-cop165-log-scop-cumext-20260526-c609ccd4-dirty-q10609-rerun1-19856577-133.out,logs/cop165-cumulative-20260526-c609ccd4-dirty-q10609/slurm-logs/xcsp-parse-cop165-log-scop-cumext-20260526-c609ccd4-dirty-q10609-rerun1-19856577-133.err,out_of_memory,OUT_OF_MEMORY,0:125,00:08:22,slurmstepd: error: Detected 1 oom-kill event(s) in StepId=19861800.batch. Some of your processes may have been killed by the cgroup out-of-memory handler.,logs/cop165-cumulative-20260526-c609ccd4-dirty-q10609/slurm-logs/xcsp-parse-cop165-order-ge-time-rd-20260526-c609ccd4-dirty-q10609-rerun1-19856579-133.out,logs/cop165-cumulative-20260526-c609ccd4-dirty-q10609/slurm-logs/xcsp-parse-cop165-order-ge-time-rd-20260526-c609ccd4-dirty-q10609-rerun1-19856579-133.err,unsat,COMPLETED,0:0,00:05:19,,logs/cop165-cumulative-20260526-c609ccd4-dirty-q10609/slurm-logs/xcsp-parse-cop165-order-ge-task-rd-20260526-c609ccd4-dirty-q10609-rerun1-19856581-133.out,logs/cop165-cumulative-20260526-c609ccd4-dirty-q10609/slurm-logs/xcsp-parse-cop165-order-ge-task-rd-20260526-c609ccd4-dirty-q10609-rerun1-19856581-133.err,out_of_memory,OUT_OF_MEMORY,0:125,00:08:04,slurmstepd: error: Detected 1 oom-kill event(s) in StepId=19869071.batch. Some of your processes may have been killed by the cgroup out-of-memory handler.,logs/cop165-cumulative-20260526-c609ccd4-dirty-q10609/slurm-logs/xcsp-parse-cop165-order-ge-cumext-20260526-c609ccd4-dirty-q10609-rerun1-19856583-133.out,logs/cop165-cumulative-20260526-c609ccd4-dirty-q10609/slurm-logs/xcsp-parse-cop165-order-ge-cumext-20260526-c609ccd4-dirty-q10609-rerun1-19856583-133.err
134,AircraftAssemblyLine-3-628-100-2_c24.xml.lzma,COP22to25/AircraftAssemblyLine-3-628-100-2_c24.xml.lzma,timeout_incumbent,COMPLETED,0:0,00:30:06,incumbent_interrupted_by_signal,logs/cop165-cumulative-20260526-c609ccd4-dirty-q10609/slurm-logs/xcsp-parse-cop165-log-scop-time-rd-20260526-c609ccd4-dirty-q10609-rerun1-19856905-134.out,logs/cop165-cumulative-20260526-c609ccd4-dirty-q10609/slurm-logs/xcsp-parse-cop165-log-scop-time-rd-20260526-c609ccd4-dirty-q10609-rerun1-19856905-134.err,out_of_memory,OUT_OF_MEMORY,0:125,00:21:33,slurmstepd: error: Detected 2 oom-kill event(s) in StepId=19857674.batch. Some of your processes may have been killed by the cgroup out-of-memory handler.,logs/cop165-cumulative-20260526-c609ccd4-dirty-q10609/slurm-logs/xcsp-parse-cop165-log-scop-task-rd-20260526-c609ccd4-dirty-q10609-rerun1-19856575-134.out,logs/cop165-cumulative-20260526-c609ccd4-dirty-q10609/slurm-logs/xcsp-parse-cop165-log-scop-task-rd-20260526-c609ccd4-dirty-q10609-rerun1-19856575-134.err,timeout_incumbent,COMPLETED,0:0,00:30:03,incumbent_interrupted_by_signal,logs/cop165-cumulative-20260526-c609ccd4-dirty-q10609/slurm-logs/xcsp-parse-cop165-log-scop-cumext-20260526-c609ccd4-dirty-q10609-rerun1-19856577-134.out,logs/cop165-cumulative-20260526-c609ccd4-dirty-q10609/slurm-logs/xcsp-parse-cop165-log-scop-cumext-20260526-c609ccd4-dirty-q10609-rerun1-19856577-134.err,timeout_unknown,COMPLETED,0:0,00:30:03,terminated_by_signal,logs/cop165-cumulative-20260526-c609ccd4-dirty-q10609/slurm-logs/xcsp-parse-cop165-order-ge-time-rd-20260526-c609ccd4-dirty-q10609-rerun1-19856579-134.out,logs/cop165-cumulative-20260526-c609ccd4-dirty-q10609/slurm-logs/xcsp-parse-cop165-order-ge-time-rd-20260526-c609ccd4-dirty-q10609-rerun1-19856579-134.err,out_of_memory,OUT_OF_MEMORY,0:125,00:15:38,slurmstepd: error: Detected 1 oom-kill event(s) in StepId=19866186.batch. Some of your processes may have been killed by the cgroup out-of-memory handler.,logs/cop165-cumulative-20260526-c609ccd4-dirty-q10609/slurm-logs/xcsp-parse-cop165-order-ge-task-rd-20260526-c609ccd4-dirty-q10609-rerun1-19856581-134.out,logs/cop165-cumulative-20260526-c609ccd4-dirty-q10609/slurm-logs/xcsp-parse-cop165-order-ge-task-rd-20260526-c609ccd4-dirty-q10609-rerun1-19856581-134.err,timeout_unknown,COMPLETED,0:0,00:30:04,terminated_by_signal,logs/cop165-cumulative-20260526-c609ccd4-dirty-q10609/slurm-logs/xcsp-parse-cop165-order-ge-cumext-20260526-c609ccd4-dirty-q10609-rerun1-19856583-134.out,logs/cop165-cumulative-20260526-c609ccd4-dirty-q10609/slurm-logs/xcsp-parse-cop165-order-ge-cumext-20260526-c609ccd4-dirty-q10609-rerun1-19856583-134.err
135,AircraftAssemblyLine-3-628-100-0_c24.xml.lzma,COP22to25/AircraftAssemblyLine-3-628-100-0_c24.xml.lzma,timeout_incumbent,COMPLETED,0:0,00:30:04,incumbent_interrupted_by_signal,logs/cop165-cumulative-20260526-c609ccd4-dirty-q10609/slurm-logs/xcsp-parse-cop165-log-scop-time-rd-20260526-c609ccd4-dirty-q10609-rerun1-19856905-135.out,logs/cop165-cumulative-20260526-c609ccd4-dirty-q10609/slurm-logs/xcsp-parse-cop165-log-scop-time-rd-20260526-c609ccd4-dirty-q10609-rerun1-19856905-135.err,out_of_memory,OUT_OF_MEMORY,0:125,00:20:33,slurmstepd: error: Detected 1 oom-kill event(s) in StepId=19857675.batch. Some of your processes may have been killed by the cgroup out-of-memory handler.,logs/cop165-cumulative-20260526-c609ccd4-dirty-q10609/slurm-logs/xcsp-parse-cop165-log-scop-task-rd-20260526-c609ccd4-dirty-q10609-rerun1-19856575-135.out,logs/cop165-cumulative-20260526-c609ccd4-dirty-q10609/slurm-logs/xcsp-parse-cop165-log-scop-task-rd-20260526-c609ccd4-dirty-q10609-rerun1-19856575-135.err,timeout_incumbent,COMPLETED,0:0,00:30:14,incumbent_interrupted_by_signal,logs/cop165-cumulative-20260526-c609ccd4-dirty-q10609/slurm-logs/xcsp-parse-cop165-log-scop-cumext-20260526-c609ccd4-dirty-q10609-rerun1-19856577-135.out,logs/cop165-cumulative-20260526-c609ccd4-dirty-q10609/slurm-logs/xcsp-parse-cop165-log-scop-cumext-20260526-c609ccd4-dirty-q10609-rerun1-19856577-135.err,timeout_incumbent,COMPLETED,0:0,00:30:04,incumbent_interrupted_by_signal,logs/cop165-cumulative-20260526-c609ccd4-dirty-q10609/slurm-logs/xcsp-parse-cop165-order-ge-time-rd-20260526-c609ccd4-dirty-q10609-rerun1-19856579-135.out,logs/cop165-cumulative-20260526-c609ccd4-dirty-q10609/slurm-logs/xcsp-parse-cop165-order-ge-time-rd-20260526-c609ccd4-dirty-q10609-rerun1-19856579-135.err,out_of_memory,OUT_OF_MEMORY,0:125,00:13:38,slurmstepd: error: Detected 1 oom-kill event(s) in StepId=19866197.batch. Some of your processes may have been killed by the cgroup out-of-memory handler.,logs/cop165-cumulative-20260526-c609ccd4-dirty-q10609/slurm-logs/xcsp-parse-cop165-order-ge-task-rd-20260526-c609ccd4-dirty-q10609-rerun1-19856581-135.out,logs/cop165-cumulative-20260526-c609ccd4-dirty-q10609/slurm-logs/xcsp-parse-cop165-order-ge-task-rd-20260526-c609ccd4-dirty-q10609-rerun1-19856581-135.err,timeout_unknown,COMPLETED,0:0,00:30:04,terminated_by_signal,logs/cop165-cumulative-20260526-c609ccd4-dirty-q10609/slurm-logs/xcsp-parse-cop165-order-ge-cumext-20260526-c609ccd4-dirty-q10609-rerun1-19856583-135.out,logs/cop165-cumulative-20260526-c609ccd4-dirty-q10609/slurm-logs/xcsp-parse-cop165-order-ge-cumext-20260526-c609ccd4-dirty-q10609-rerun1-19856583-135.err
136,IHTC-i10_c25.xml.lzma,COP22to25/IHTC-i10_c25.xml.lzma,sat_no_proof,COMPLETED,0:0,00:01:15,best incumbent shown; guarded improvement search stopped before optimality proof: relaxation failed: log-scop objective-variable cut encode failed: log-scop incremental cut is missing base integer code for id=1174,logs/cop165-cumulative-20260526-c609ccd4-dirty-q10609/slurm-logs/xcsp-parse-cop165-log-scop-time-rd-20260526-c609ccd4-dirty-q10609-rerun1-19856905-136.out,logs/cop165-cumulative-20260526-c609ccd4-dirty-q10609/slurm-logs/xcsp-parse-cop165-log-scop-time-rd-20260526-c609ccd4-dirty-q10609-rerun1-19856905-136.err,unsat,COMPLETED,0:0,00:04:26,,logs/cop165-cumulative-20260526-c609ccd4-dirty-q10609/slurm-logs/xcsp-parse-cop165-log-scop-task-rd-20260526-c609ccd4-dirty-q10609-rerun1-19856575-136.out,logs/cop165-cumulative-20260526-c609ccd4-dirty-q10609/slurm-logs/xcsp-parse-cop165-log-scop-task-rd-20260526-c609ccd4-dirty-q10609-rerun1-19856575-136.err,sat_no_proof,COMPLETED,0:0,00:01:16,best incumbent shown; guarded improvement search stopped before optimality proof: relaxation failed: log-scop objective-variable cut encode failed: log-scop incremental cut is missing base integer code for id=1174,logs/cop165-cumulative-20260526-c609ccd4-dirty-q10609/slurm-logs/xcsp-parse-cop165-log-scop-cumext-20260526-c609ccd4-dirty-q10609-rerun1-19856577-136.out,logs/cop165-cumulative-20260526-c609ccd4-dirty-q10609/slurm-logs/xcsp-parse-cop165-log-scop-cumext-20260526-c609ccd4-dirty-q10609-rerun1-19856577-136.err,out_of_memory,OUT_OF_MEMORY,0:125,00:07:44,slurmstepd: error: Detected 26 oom-kill event(s) in StepId=19861810.batch. Some of your processes may have been killed by the cgroup out-of-memory handler.,logs/cop165-cumulative-20260526-c609ccd4-dirty-q10609/slurm-logs/xcsp-parse-cop165-order-ge-time-rd-20260526-c609ccd4-dirty-q10609-rerun1-19856579-136.out,logs/cop165-cumulative-20260526-c609ccd4-dirty-q10609/slurm-logs/xcsp-parse-cop165-order-ge-time-rd-20260526-c609ccd4-dirty-q10609-rerun1-19856579-136.err,unsat,COMPLETED,0:0,00:08:55,,logs/cop165-cumulative-20260526-c609ccd4-dirty-q10609/slurm-logs/xcsp-parse-cop165-order-ge-task-rd-20260526-c609ccd4-dirty-q10609-rerun1-19856581-136.out,logs/cop165-cumulative-20260526-c609ccd4-dirty-q10609/slurm-logs/xcsp-parse-cop165-order-ge-task-rd-20260526-c609ccd4-dirty-q10609-rerun1-19856581-136.err,out_of_memory,OUT_OF_MEMORY,0:125,00:07:17,slurmstepd: error: Detected 9 oom-kill event(s) in StepId=19869102.batch. Some of your processes may have been killed by the cgroup out-of-memory handler.,logs/cop165-cumulative-20260526-c609ccd4-dirty-q10609/slurm-logs/xcsp-parse-cop165-order-ge-cumext-20260526-c609ccd4-dirty-q10609-rerun1-19856583-136.out,logs/cop165-cumulative-20260526-c609ccd4-dirty-q10609/slurm-logs/xcsp-parse-cop165-order-ge-cumext-20260526-c609ccd4-dirty-q10609-rerun1-19856583-136.err
137,AircraftAssemblyLine-3-628-100-1_c24.xml.lzma,COP22to25/AircraftAssemblyLine-3-628-100-1_c24.xml.lzma,timeout_incumbent,COMPLETED,0:0,00:30:04,incumbent_interrupted_by_signal,logs/cop165-cumulative-20260526-c609ccd4-dirty-q10609/slurm-logs/xcsp-parse-cop165-log-scop-time-rd-20260526-c609ccd4-dirty-q10609-rerun1-19856905-137.out,logs/cop165-cumulative-20260526-c609ccd4-dirty-q10609/slurm-logs/xcsp-parse-cop165-log-scop-time-rd-20260526-c609ccd4-dirty-q10609-rerun1-19856905-137.err,out_of_memory,OUT_OF_MEMORY,0:125,00:19:25,slurmstepd: error: Detected 1 oom-kill event(s) in StepId=19857677.batch. Some of your processes may have been killed by the cgroup out-of-memory handler.,logs/cop165-cumulative-20260526-c609ccd4-dirty-q10609/slurm-logs/xcsp-parse-cop165-log-scop-task-rd-20260526-c609ccd4-dirty-q10609-rerun1-19856575-137.out,logs/cop165-cumulative-20260526-c609ccd4-dirty-q10609/slurm-logs/xcsp-parse-cop165-log-scop-task-rd-20260526-c609ccd4-dirty-q10609-rerun1-19856575-137.err,timeout_incumbent,COMPLETED,0:0,00:30:04,incumbent_interrupted_by_signal,logs/cop165-cumulative-20260526-c609ccd4-dirty-q10609/slurm-logs/xcsp-parse-cop165-log-scop-cumext-20260526-c609ccd4-dirty-q10609-rerun1-19856577-137.out,logs/cop165-cumulative-20260526-c609ccd4-dirty-q10609/slurm-logs/xcsp-parse-cop165-log-scop-cumext-20260526-c609ccd4-dirty-q10609-rerun1-19856577-137.err,timeout_incumbent,COMPLETED,0:0,00:30:05,incumbent_interrupted_by_signal,logs/cop165-cumulative-20260526-c609ccd4-dirty-q10609/slurm-logs/xcsp-parse-cop165-order-ge-time-rd-20260526-c609ccd4-dirty-q10609-rerun1-19856579-137.out,logs/cop165-cumulative-20260526-c609ccd4-dirty-q10609/slurm-logs/xcsp-parse-cop165-order-ge-time-rd-20260526-c609ccd4-dirty-q10609-rerun1-19856579-137.err,out_of_memory,OUT_OF_MEMORY,0:125,00:13:49,slurmstepd: error: Detected 6 oom-kill event(s) in StepId=19866232.batch. Some of your processes may have been killed by the cgroup out-of-memory handler.,logs/cop165-cumulative-20260526-c609ccd4-dirty-q10609/slurm-logs/xcsp-parse-cop165-order-ge-task-rd-20260526-c609ccd4-dirty-q10609-rerun1-19856581-137.out,logs/cop165-cumulative-20260526-c609ccd4-dirty-q10609/slurm-logs/xcsp-parse-cop165-order-ge-task-rd-20260526-c609ccd4-dirty-q10609-rerun1-19856581-137.err,timeout_unknown,COMPLETED,0:0,00:30:06,terminated_by_signal,logs/cop165-cumulative-20260526-c609ccd4-dirty-q10609/slurm-logs/xcsp-parse-cop165-order-ge-cumext-20260526-c609ccd4-dirty-q10609-rerun1-19856583-137.out,logs/cop165-cumulative-20260526-c609ccd4-dirty-q10609/slurm-logs/xcsp-parse-cop165-order-ge-cumext-20260526-c609ccd4-dirty-q10609-rerun1-19856583-137.err
138,AircraftAssemblyLine-3-628-070-2_c24.xml.lzma,COP22to25/AircraftAssemblyLine-3-628-070-2_c24.xml.lzma,timeout_incumbent,COMPLETED,0:0,00:30:03,incumbent_interrupted_by_signal,logs/cop165-cumulative-20260526-c609ccd4-dirty-q10609/slurm-logs/xcsp-parse-cop165-log-scop-time-rd-20260526-c609ccd4-dirty-q10609-rerun1-19856905-138.out,logs/cop165-cumulative-20260526-c609ccd4-dirty-q10609/slurm-logs/xcsp-parse-cop165-log-scop-time-rd-20260526-c609ccd4-dirty-q10609-rerun1-19856905-138.err,out_of_memory,OUT_OF_MEMORY,0:125,00:09:22,slurmstepd: error: Detected 3 oom-kill event(s) in StepId=19857678.batch. Some of your processes may have been killed by the cgroup out-of-memory handler.,logs/cop165-cumulative-20260526-c609ccd4-dirty-q10609/slurm-logs/xcsp-parse-cop165-log-scop-task-rd-20260526-c609ccd4-dirty-q10609-rerun1-19856575-138.out,logs/cop165-cumulative-20260526-c609ccd4-dirty-q10609/slurm-logs/xcsp-parse-cop165-log-scop-task-rd-20260526-c609ccd4-dirty-q10609-rerun1-19856575-138.err,timeout_incumbent,COMPLETED,0:0,00:30:03,incumbent_interrupted_by_signal,logs/cop165-cumulative-20260526-c609ccd4-dirty-q10609/slurm-logs/xcsp-parse-cop165-log-scop-cumext-20260526-c609ccd4-dirty-q10609-rerun1-19856577-138.out,logs/cop165-cumulative-20260526-c609ccd4-dirty-q10609/slurm-logs/xcsp-parse-cop165-log-scop-cumext-20260526-c609ccd4-dirty-q10609-rerun1-19856577-138.err,timeout_unknown,COMPLETED,0:0,00:30:03,terminated_by_signal,logs/cop165-cumulative-20260526-c609ccd4-dirty-q10609/slurm-logs/xcsp-parse-cop165-order-ge-time-rd-20260526-c609ccd4-dirty-q10609-rerun1-19856579-138.out,logs/cop165-cumulative-20260526-c609ccd4-dirty-q10609/slurm-logs/xcsp-parse-cop165-order-ge-time-rd-20260526-c609ccd4-dirty-q10609-rerun1-19856579-138.err,out_of_memory,OUT_OF_MEMORY,0:125,00:13:13,slurmstepd: error: Detected 9 oom-kill event(s) in StepId=19866248.batch. Some of your processes may have been killed by the cgroup out-of-memory handler.,logs/cop165-cumulative-20260526-c609ccd4-dirty-q10609/slurm-logs/xcsp-parse-cop165-order-ge-task-rd-20260526-c609ccd4-dirty-q10609-rerun1-19856581-138.out,logs/cop165-cumulative-20260526-c609ccd4-dirty-q10609/slurm-logs/xcsp-parse-cop165-order-ge-task-rd-20260526-c609ccd4-dirty-q10609-rerun1-19856581-138.err,timeout_unknown,COMPLETED,0:0,00:30:05,terminated_by_signal,logs/cop165-cumulative-20260526-c609ccd4-dirty-q10609/slurm-logs/xcsp-parse-cop165-order-ge-cumext-20260526-c609ccd4-dirty-q10609-rerun1-19856583-138.out,logs/cop165-cumulative-20260526-c609ccd4-dirty-q10609/slurm-logs/xcsp-parse-cop165-order-ge-cumext-20260526-c609ccd4-dirty-q10609-rerun1-19856583-138.err
139,AircraftAssemblyLine-3-628-070-1_c24.xml.lzma,COP22to25/AircraftAssemblyLine-3-628-070-1_c24.xml.lzma,timeout_incumbent,COMPLETED,0:0,00:30:05,incumbent_interrupted_by_signal,logs/cop165-cumulative-20260526-c609ccd4-dirty-q10609/slurm-logs/xcsp-parse-cop165-log-scop-time-rd-20260526-c609ccd4-dirty-q10609-rerun1-19856905-139.out,logs/cop165-cumulative-20260526-c609ccd4-dirty-q10609/slurm-logs/xcsp-parse-cop165-log-scop-time-rd-20260526-c609ccd4-dirty-q10609-rerun1-19856905-139.err,out_of_memory,OUT_OF_MEMORY,0:125,00:10:38,slurmstepd: error: Detected 1 oom-kill event(s) in StepId=19857679.batch. Some of your processes may have been killed by the cgroup out-of-memory handler.,logs/cop165-cumulative-20260526-c609ccd4-dirty-q10609/slurm-logs/xcsp-parse-cop165-log-scop-task-rd-20260526-c609ccd4-dirty-q10609-rerun1-19856575-139.out,logs/cop165-cumulative-20260526-c609ccd4-dirty-q10609/slurm-logs/xcsp-parse-cop165-log-scop-task-rd-20260526-c609ccd4-dirty-q10609-rerun1-19856575-139.err,timeout_incumbent,COMPLETED,0:0,00:30:03,incumbent_interrupted_by_signal,logs/cop165-cumulative-20260526-c609ccd4-dirty-q10609/slurm-logs/xcsp-parse-cop165-log-scop-cumext-20260526-c609ccd4-dirty-q10609-rerun1-19856577-139.out,logs/cop165-cumulative-20260526-c609ccd4-dirty-q10609/slurm-logs/xcsp-parse-cop165-log-scop-cumext-20260526-c609ccd4-dirty-q10609-rerun1-19856577-139.err,timeout_unknown,COMPLETED,0:0,00:30:03,terminated_by_signal,logs/cop165-cumulative-20260526-c609ccd4-dirty-q10609/slurm-logs/xcsp-parse-cop165-order-ge-time-rd-20260526-c609ccd4-dirty-q10609-rerun1-19856579-139.out,logs/cop165-cumulative-20260526-c609ccd4-dirty-q10609/slurm-logs/xcsp-parse-cop165-order-ge-time-rd-20260526-c609ccd4-dirty-q10609-rerun1-19856579-139.err,out_of_memory,OUT_OF_MEMORY,0:125,00:15:48,slurmstepd: error: Detected 1 oom-kill event(s) in StepId=19866264.batch. Some of your processes may have been killed by the cgroup out-of-memory handler.,logs/cop165-cumulative-20260526-c609ccd4-dirty-q10609/slurm-logs/xcsp-parse-cop165-order-ge-task-rd-20260526-c609ccd4-dirty-q10609-rerun1-19856581-139.out,logs/cop165-cumulative-20260526-c609ccd4-dirty-q10609/slurm-logs/xcsp-parse-cop165-order-ge-task-rd-20260526-c609ccd4-dirty-q10609-rerun1-19856581-139.err,timeout_unknown,COMPLETED,0:0,00:30:04,terminated_by_signal,logs/cop165-cumulative-20260526-c609ccd4-dirty-q10609/slurm-logs/xcsp-parse-cop165-order-ge-cumext-20260526-c609ccd4-dirty-q10609-rerun1-19856583-139.out,logs/cop165-cumulative-20260526-c609ccd4-dirty-q10609/slurm-logs/xcsp-parse-cop165-order-ge-cumext-20260526-c609ccd4-dirty-q10609-rerun1-19856583-139.err
140,AircraftAssemblyLine-3-628-070-0_c24.xml.lzma,COP22to25/AircraftAssemblyLine-3-628-070-0_c24.xml.lzma,timeout_incumbent,COMPLETED,0:0,00:30:11,incumbent_interrupted_by_signal,logs/cop165-cumulative-20260526-c609ccd4-dirty-q10609/slurm-logs/xcsp-parse-cop165-log-scop-time-rd-20260526-c609ccd4-dirty-q10609-rerun1-19856905-140.out,logs/cop165-cumulative-20260526-c609ccd4-dirty-q10609/slurm-logs/xcsp-parse-cop165-log-scop-time-rd-20260526-c609ccd4-dirty-q10609-rerun1-19856905-140.err,out_of_memory,OUT_OF_MEMORY,0:125,00:09:41,slurmstepd: error: Detected 1 oom-kill event(s) in StepId=19857685.batch. Some of your processes may have been killed by the cgroup out-of-memory handler.,logs/cop165-cumulative-20260526-c609ccd4-dirty-q10609/slurm-logs/xcsp-parse-cop165-log-scop-task-rd-20260526-c609ccd4-dirty-q10609-rerun1-19856575-140.out,logs/cop165-cumulative-20260526-c609ccd4-dirty-q10609/slurm-logs/xcsp-parse-cop165-log-scop-task-rd-20260526-c609ccd4-dirty-q10609-rerun1-19856575-140.err,timeout_incumbent,COMPLETED,0:0,00:30:05,incumbent_interrupted_by_signal,logs/cop165-cumulative-20260526-c609ccd4-dirty-q10609/slurm-logs/xcsp-parse-cop165-log-scop-cumext-20260526-c609ccd4-dirty-q10609-rerun1-19856577-140.out,logs/cop165-cumulative-20260526-c609ccd4-dirty-q10609/slurm-logs/xcsp-parse-cop165-log-scop-cumext-20260526-c609ccd4-dirty-q10609-rerun1-19856577-140.err,timeout_unknown,COMPLETED,0:0,00:30:03,terminated_by_signal,logs/cop165-cumulative-20260526-c609ccd4-dirty-q10609/slurm-logs/xcsp-parse-cop165-order-ge-time-rd-20260526-c609ccd4-dirty-q10609-rerun1-19856579-140.out,logs/cop165-cumulative-20260526-c609ccd4-dirty-q10609/slurm-logs/xcsp-parse-cop165-order-ge-time-rd-20260526-c609ccd4-dirty-q10609-rerun1-19856579-140.err,out_of_memory,OUT_OF_MEMORY,0:125,00:12:33,slurmstepd: error: Detected 4 oom-kill event(s) in StepId=19866277.batch. Some of your processes may have been killed by the cgroup out-of-memory handler.,logs/cop165-cumulative-20260526-c609ccd4-dirty-q10609/slurm-logs/xcsp-parse-cop165-order-ge-task-rd-20260526-c609ccd4-dirty-q10609-rerun1-19856581-140.out,logs/cop165-cumulative-20260526-c609ccd4-dirty-q10609/slurm-logs/xcsp-parse-cop165-order-ge-task-rd-20260526-c609ccd4-dirty-q10609-rerun1-19856581-140.err,timeout_unknown,COMPLETED,0:0,00:30:05,terminated_by_signal,logs/cop165-cumulative-20260526-c609ccd4-dirty-q10609/slurm-logs/xcsp-parse-cop165-order-ge-cumext-20260526-c609ccd4-dirty-q10609-rerun1-19856583-140.out,logs/cop165-cumulative-20260526-c609ccd4-dirty-q10609/slurm-logs/xcsp-parse-cop165-order-ge-cumext-20260526-c609ccd4-dirty-q10609-rerun1-19856583-140.err
141,AircraftAssemblyLine-3-628-050-2_c24.xml.lzma,COP22to25/AircraftAssemblyLine-3-628-050-2_c24.xml.lzma,timeout_incumbent,COMPLETED,0:0,00:30:05,incumbent_interrupted_by_signal,logs/cop165-cumulative-20260526-c609ccd4-dirty-q10609/slurm-logs/xcsp-parse-cop165-log-scop-time-rd-20260526-c609ccd4-dirty-q10609-rerun1-19856905-141.out,logs/cop165-cumulative-20260526-c609ccd4-dirty-q10609/slurm-logs/xcsp-parse-cop165-log-scop-time-rd-20260526-c609ccd4-dirty-q10609-rerun1-19856905-141.err,out_of_memory,OUT_OF_MEMORY,0:125,00:12:50,slurmstepd: error: Detected 1 oom-kill event(s) in StepId=19857686.batch. Some of your processes may have been killed by the cgroup out-of-memory handler.,logs/cop165-cumulative-20260526-c609ccd4-dirty-q10609/slurm-logs/xcsp-parse-cop165-log-scop-task-rd-20260526-c609ccd4-dirty-q10609-rerun1-19856575-141.out,logs/cop165-cumulative-20260526-c609ccd4-dirty-q10609/slurm-logs/xcsp-parse-cop165-log-scop-task-rd-20260526-c609ccd4-dirty-q10609-rerun1-19856575-141.err,timeout_incumbent,COMPLETED,0:0,00:30:05,incumbent_interrupted_by_signal,logs/cop165-cumulative-20260526-c609ccd4-dirty-q10609/slurm-logs/xcsp-parse-cop165-log-scop-cumext-20260526-c609ccd4-dirty-q10609-rerun1-19856577-141.out,logs/cop165-cumulative-20260526-c609ccd4-dirty-q10609/slurm-logs/xcsp-parse-cop165-log-scop-cumext-20260526-c609ccd4-dirty-q10609-rerun1-19856577-141.err,timeout_unknown,COMPLETED,0:0,00:30:05,terminated_by_signal,logs/cop165-cumulative-20260526-c609ccd4-dirty-q10609/slurm-logs/xcsp-parse-cop165-order-ge-time-rd-20260526-c609ccd4-dirty-q10609-rerun1-19856579-141.out,logs/cop165-cumulative-20260526-c609ccd4-dirty-q10609/slurm-logs/xcsp-parse-cop165-order-ge-time-rd-20260526-c609ccd4-dirty-q10609-rerun1-19856579-141.err,out_of_memory,OUT_OF_MEMORY,0:125,00:14:05,slurmstepd: error: Detected 9 oom-kill event(s) in StepId=19866295.batch. Some of your processes may have been killed by the cgroup out-of-memory handler.,logs/cop165-cumulative-20260526-c609ccd4-dirty-q10609/slurm-logs/xcsp-parse-cop165-order-ge-task-rd-20260526-c609ccd4-dirty-q10609-rerun1-19856581-141.out,logs/cop165-cumulative-20260526-c609ccd4-dirty-q10609/slurm-logs/xcsp-parse-cop165-order-ge-task-rd-20260526-c609ccd4-dirty-q10609-rerun1-19856581-141.err,timeout_unknown,COMPLETED,0:0,00:30:06,terminated_by_signal,logs/cop165-cumulative-20260526-c609ccd4-dirty-q10609/slurm-logs/xcsp-parse-cop165-order-ge-cumext-20260526-c609ccd4-dirty-q10609-rerun1-19856583-141.out,logs/cop165-cumulative-20260526-c609ccd4-dirty-q10609/slurm-logs/xcsp-parse-cop165-order-ge-cumext-20260526-c609ccd4-dirty-q10609-rerun1-19856583-141.err
142,AircraftAssemblyLine-3-628-050-1_c24.xml.lzma,COP22to25/AircraftAssemblyLine-3-628-050-1_c24.xml.lzma,timeout_incumbent,COMPLETED,0:0,00:30:04,incumbent_interrupted_by_signal,logs/cop165-cumulative-20260526-c609ccd4-dirty-q10609/slurm-logs/xcsp-parse-cop165-log-scop-time-rd-20260526-c609ccd4-dirty-q10609-rerun1-19856905-142.out,logs/cop165-cumulative-20260526-c609ccd4-dirty-q10609/slurm-logs/xcsp-parse-cop165-log-scop-time-rd-20260526-c609ccd4-dirty-q10609-rerun1-19856905-142.err,out_of_memory,OUT_OF_MEMORY,0:125,00:18:27,slurmstepd: error: Detected 6 oom-kill event(s) in StepId=19857687.batch. Some of your processes may have been killed by the cgroup out-of-memory handler.,logs/cop165-cumulative-20260526-c609ccd4-dirty-q10609/slurm-logs/xcsp-parse-cop165-log-scop-task-rd-20260526-c609ccd4-dirty-q10609-rerun1-19856575-142.out,logs/cop165-cumulative-20260526-c609ccd4-dirty-q10609/slurm-logs/xcsp-parse-cop165-log-scop-task-rd-20260526-c609ccd4-dirty-q10609-rerun1-19856575-142.err,timeout_incumbent,COMPLETED,0:0,00:30:03,incumbent_interrupted_by_signal,logs/cop165-cumulative-20260526-c609ccd4-dirty-q10609/slurm-logs/xcsp-parse-cop165-log-scop-cumext-20260526-c609ccd4-dirty-q10609-rerun1-19856577-142.out,logs/cop165-cumulative-20260526-c609ccd4-dirty-q10609/slurm-logs/xcsp-parse-cop165-log-scop-cumext-20260526-c609ccd4-dirty-q10609-rerun1-19856577-142.err,timeout_unknown,COMPLETED,0:0,00:30:06,terminated_by_signal,logs/cop165-cumulative-20260526-c609ccd4-dirty-q10609/slurm-logs/xcsp-parse-cop165-order-ge-time-rd-20260526-c609ccd4-dirty-q10609-rerun1-19856579-142.out,logs/cop165-cumulative-20260526-c609ccd4-dirty-q10609/slurm-logs/xcsp-parse-cop165-order-ge-time-rd-20260526-c609ccd4-dirty-q10609-rerun1-19856579-142.err,out_of_memory,OUT_OF_MEMORY,0:125,00:15:30,slurmstepd: error: Detected 2 oom-kill event(s) in StepId=19866304.batch. Some of your processes may have been killed by the cgroup out-of-memory handler.,logs/cop165-cumulative-20260526-c609ccd4-dirty-q10609/slurm-logs/xcsp-parse-cop165-order-ge-task-rd-20260526-c609ccd4-dirty-q10609-rerun1-19856581-142.out,logs/cop165-cumulative-20260526-c609ccd4-dirty-q10609/slurm-logs/xcsp-parse-cop165-order-ge-task-rd-20260526-c609ccd4-dirty-q10609-rerun1-19856581-142.err,timeout_unknown,COMPLETED,0:0,00:30:04,terminated_by_signal,logs/cop165-cumulative-20260526-c609ccd4-dirty-q10609/slurm-logs/xcsp-parse-cop165-order-ge-cumext-20260526-c609ccd4-dirty-q10609-rerun1-19856583-142.out,logs/cop165-cumulative-20260526-c609ccd4-dirty-q10609/slurm-logs/xcsp-parse-cop165-order-ge-cumext-20260526-c609ccd4-dirty-q10609-rerun1-19856583-142.err
143,AircraftAssemblyLine-3-628-050-0_c24.xml.lzma,COP22to25/AircraftAssemblyLine-3-628-050-0_c24.xml.lzma,timeout_incumbent,COMPLETED,0:0,00:30:07,incumbent_interrupted_by_signal,logs/cop165-cumulative-20260526-c609ccd4-dirty-q10609/slurm-logs/xcsp-parse-cop165-log-scop-time-rd-20260526-c609ccd4-dirty-q10609-rerun1-19856905-143.out,logs/cop165-cumulative-20260526-c609ccd4-dirty-q10609/slurm-logs/xcsp-parse-cop165-log-scop-time-rd-20260526-c609ccd4-dirty-q10609-rerun1-19856905-143.err,out_of_memory,OUT_OF_MEMORY,0:125,00:19:01,slurmstepd: error: Detected 11 oom-kill event(s) in StepId=19857692.batch. Some of your processes may have been killed by the cgroup out-of-memory handler.,logs/cop165-cumulative-20260526-c609ccd4-dirty-q10609/slurm-logs/xcsp-parse-cop165-log-scop-task-rd-20260526-c609ccd4-dirty-q10609-rerun1-19856575-143.out,logs/cop165-cumulative-20260526-c609ccd4-dirty-q10609/slurm-logs/xcsp-parse-cop165-log-scop-task-rd-20260526-c609ccd4-dirty-q10609-rerun1-19856575-143.err,timeout_incumbent,COMPLETED,0:0,00:30:05,incumbent_interrupted_by_signal,logs/cop165-cumulative-20260526-c609ccd4-dirty-q10609/slurm-logs/xcsp-parse-cop165-log-scop-cumext-20260526-c609ccd4-dirty-q10609-rerun1-19856577-143.out,logs/cop165-cumulative-20260526-c609ccd4-dirty-q10609/slurm-logs/xcsp-parse-cop165-log-scop-cumext-20260526-c609ccd4-dirty-q10609-rerun1-19856577-143.err,timeout_unknown,COMPLETED,0:0,00:30:04,terminated_by_signal,logs/cop165-cumulative-20260526-c609ccd4-dirty-q10609/slurm-logs/xcsp-parse-cop165-order-ge-time-rd-20260526-c609ccd4-dirty-q10609-rerun1-19856579-143.out,logs/cop165-cumulative-20260526-c609ccd4-dirty-q10609/slurm-logs/xcsp-parse-cop165-order-ge-time-rd-20260526-c609ccd4-dirty-q10609-rerun1-19856579-143.err,out_of_memory,OUT_OF_MEMORY,0:125,00:12:45,slurmstepd: error: Detected 1 oom-kill event(s) in StepId=19866305.batch. Some of your processes may have been killed by the cgroup out-of-memory handler.,logs/cop165-cumulative-20260526-c609ccd4-dirty-q10609/slurm-logs/xcsp-parse-cop165-order-ge-task-rd-20260526-c609ccd4-dirty-q10609-rerun1-19856581-143.out,logs/cop165-cumulative-20260526-c609ccd4-dirty-q10609/slurm-logs/xcsp-parse-cop165-order-ge-task-rd-20260526-c609ccd4-dirty-q10609-rerun1-19856581-143.err,timeout_unknown,COMPLETED,0:0,00:30:05,terminated_by_signal,logs/cop165-cumulative-20260526-c609ccd4-dirty-q10609/slurm-logs/xcsp-parse-cop165-order-ge-cumext-20260526-c609ccd4-dirty-q10609-rerun1-19856583-143.out,logs/cop165-cumulative-20260526-c609ccd4-dirty-q10609/slurm-logs/xcsp-parse-cop165-order-ge-cumext-20260526-c609ccd4-dirty-q10609-rerun1-19856583-143.err
144,AircraftAssemblyLine-3-628-020-1_c24.xml.lzma,COP22to25/AircraftAssemblyLine-3-628-020-1_c24.xml.lzma,timeout_incumbent,COMPLETED,0:0,00:30:05,incumbent_interrupted_by_signal,logs/cop165-cumulative-20260526-c609ccd4-dirty-q10609/slurm-logs/xcsp-parse-cop165-log-scop-time-rd-20260526-c609ccd4-dirty-q10609-rerun1-19856905-144.out,logs/cop165-cumulative-20260526-c609ccd4-dirty-q10609/slurm-logs/xcsp-parse-cop165-log-scop-time-rd-20260526-c609ccd4-dirty-q10609-rerun1-19856905-144.err,out_of_memory,OUT_OF_MEMORY,0:125,00:10:43,"/var/spool/slurm/d/job19857693/slurm_script: 134 行: 2782773 強制終了            ""$ENGINE_BIN"" exec --bind ""${BENCHMARK_DIR%/}:${CONTAINER_BENCH_DIR%/}"" --bind ""${LOG_DIR%/}:${CONTAINER_LOG_DIR%/}"" --bind ""${RESULT_DIR%/}:${CONTAINER_RESULT_DIR%/}"" --env ""INSTANCE_PATH=${instance_cont",logs/cop165-cumulative-20260526-c609ccd4-dirty-q10609/slurm-logs/xcsp-parse-cop165-log-scop-task-rd-20260526-c609ccd4-dirty-q10609-rerun1-19856575-144.out,logs/cop165-cumulative-20260526-c609ccd4-dirty-q10609/slurm-logs/xcsp-parse-cop165-log-scop-task-rd-20260526-c609ccd4-dirty-q10609-rerun1-19856575-144.err,timeout_incumbent,COMPLETED,0:0,00:30:04,incumbent_interrupted_by_signal,logs/cop165-cumulative-20260526-c609ccd4-dirty-q10609/slurm-logs/xcsp-parse-cop165-log-scop-cumext-20260526-c609ccd4-dirty-q10609-rerun1-19856577-144.out,logs/cop165-cumulative-20260526-c609ccd4-dirty-q10609/slurm-logs/xcsp-parse-cop165-log-scop-cumext-20260526-c609ccd4-dirty-q10609-rerun1-19856577-144.err,timeout_unknown,COMPLETED,0:0,00:30:05,terminated_by_signal,logs/cop165-cumulative-20260526-c609ccd4-dirty-q10609/slurm-logs/xcsp-parse-cop165-order-ge-time-rd-20260526-c609ccd4-dirty-q10609-rerun1-19856579-144.out,logs/cop165-cumulative-20260526-c609ccd4-dirty-q10609/slurm-logs/xcsp-parse-cop165-order-ge-time-rd-20260526-c609ccd4-dirty-q10609-rerun1-19856579-144.err,out_of_memory,OUT_OF_MEMORY,0:125,00:13:20,slurmstepd: error: Detected 1 oom-kill event(s) in StepId=19866330.batch. Some of your processes may have been killed by the cgroup out-of-memory handler.,logs/cop165-cumulative-20260526-c609ccd4-dirty-q10609/slurm-logs/xcsp-parse-cop165-order-ge-task-rd-20260526-c609ccd4-dirty-q10609-rerun1-19856581-144.out,logs/cop165-cumulative-20260526-c609ccd4-dirty-q10609/slurm-logs/xcsp-parse-cop165-order-ge-task-rd-20260526-c609ccd4-dirty-q10609-rerun1-19856581-144.err,timeout_unknown,COMPLETED,0:0,00:30:04,terminated_by_signal,logs/cop165-cumulative-20260526-c609ccd4-dirty-q10609/slurm-logs/xcsp-parse-cop165-order-ge-cumext-20260526-c609ccd4-dirty-q10609-rerun1-19856583-144.out,logs/cop165-cumulative-20260526-c609ccd4-dirty-q10609/slurm-logs/xcsp-parse-cop165-order-ge-cumext-20260526-c609ccd4-dirty-q10609-rerun1-19856583-144.err
145,AircraftAssemblyLine-3-628-000-0_c24.xml.lzma,COP22to25/AircraftAssemblyLine-3-628-000-0_c24.xml.lzma,timeout_unknown,COMPLETED,0:0,00:30:04,terminated_by_signal,logs/cop165-cumulative-20260526-c609ccd4-dirty-q10609/slurm-logs/xcsp-parse-cop165-log-scop-time-rd-20260526-c609ccd4-dirty-q10609-rerun1-19856905-145.out,logs/cop165-cumulative-20260526-c609ccd4-dirty-q10609/slurm-logs/xcsp-parse-cop165-log-scop-time-rd-20260526-c609ccd4-dirty-q10609-rerun1-19856905-145.err,out_of_memory,OUT_OF_MEMORY,0:125,00:09:54,slurmstepd: error: Detected 1 oom-kill event(s) in StepId=19857694.batch. Some of your processes may have been killed by the cgroup out-of-memory handler.,logs/cop165-cumulative-20260526-c609ccd4-dirty-q10609/slurm-logs/xcsp-parse-cop165-log-scop-task-rd-20260526-c609ccd4-dirty-q10609-rerun1-19856575-145.out,logs/cop165-cumulative-20260526-c609ccd4-dirty-q10609/slurm-logs/xcsp-parse-cop165-log-scop-task-rd-20260526-c609ccd4-dirty-q10609-rerun1-19856575-145.err,timeout_incumbent,COMPLETED,0:0,00:30:05,incumbent_interrupted_by_signal,logs/cop165-cumulative-20260526-c609ccd4-dirty-q10609/slurm-logs/xcsp-parse-cop165-log-scop-cumext-20260526-c609ccd4-dirty-q10609-rerun1-19856577-145.out,logs/cop165-cumulative-20260526-c609ccd4-dirty-q10609/slurm-logs/xcsp-parse-cop165-log-scop-cumext-20260526-c609ccd4-dirty-q10609-rerun1-19856577-145.err,timeout_unknown,COMPLETED,0:0,00:30:05,terminated_by_signal,logs/cop165-cumulative-20260526-c609ccd4-dirty-q10609/slurm-logs/xcsp-parse-cop165-order-ge-time-rd-20260526-c609ccd4-dirty-q10609-rerun1-19856579-145.out,logs/cop165-cumulative-20260526-c609ccd4-dirty-q10609/slurm-logs/xcsp-parse-cop165-order-ge-time-rd-20260526-c609ccd4-dirty-q10609-rerun1-19856579-145.err,out_of_memory,OUT_OF_MEMORY,0:125,00:14:34,slurmstepd: error: Detected 1 oom-kill event(s) in StepId=19866338.batch. Some of your processes may have been killed by the cgroup out-of-memory handler.,logs/cop165-cumulative-20260526-c609ccd4-dirty-q10609/slurm-logs/xcsp-parse-cop165-order-ge-task-rd-20260526-c609ccd4-dirty-q10609-rerun1-19856581-145.out,logs/cop165-cumulative-20260526-c609ccd4-dirty-q10609/slurm-logs/xcsp-parse-cop165-order-ge-task-rd-20260526-c609ccd4-dirty-q10609-rerun1-19856581-145.err,timeout_unknown,COMPLETED,0:0,00:30:04,terminated_by_signal,logs/cop165-cumulative-20260526-c609ccd4-dirty-q10609/slurm-logs/xcsp-parse-cop165-order-ge-cumext-20260526-c609ccd4-dirty-q10609-rerun1-19856583-145.out,logs/cop165-cumulative-20260526-c609ccd4-dirty-q10609/slurm-logs/xcsp-parse-cop165-order-ge-cumext-20260526-c609ccd4-dirty-q10609-rerun1-19856583-145.err
146,AircraftAssemblyLine-3-628-020-0_c24.xml.lzma,COP22to25/AircraftAssemblyLine-3-628-020-0_c24.xml.lzma,timeout_incumbent,COMPLETED,0:0,00:30:05,incumbent_interrupted_by_signal,logs/cop165-cumulative-20260526-c609ccd4-dirty-q10609/slurm-logs/xcsp-parse-cop165-log-scop-time-rd-20260526-c609ccd4-dirty-q10609-rerun1-19856905-146.out,logs/cop165-cumulative-20260526-c609ccd4-dirty-q10609/slurm-logs/xcsp-parse-cop165-log-scop-time-rd-20260526-c609ccd4-dirty-q10609-rerun1-19856905-146.err,out_of_memory,OUT_OF_MEMORY,0:125,00:10:27,slurmstepd: error: Detected 4 oom-kill event(s) in StepId=19857695.batch. Some of your processes may have been killed by the cgroup out-of-memory handler.,logs/cop165-cumulative-20260526-c609ccd4-dirty-q10609/slurm-logs/xcsp-parse-cop165-log-scop-task-rd-20260526-c609ccd4-dirty-q10609-rerun1-19856575-146.out,logs/cop165-cumulative-20260526-c609ccd4-dirty-q10609/slurm-logs/xcsp-parse-cop165-log-scop-task-rd-20260526-c609ccd4-dirty-q10609-rerun1-19856575-146.err,timeout_incumbent,COMPLETED,0:0,00:30:04,incumbent_interrupted_by_signal,logs/cop165-cumulative-20260526-c609ccd4-dirty-q10609/slurm-logs/xcsp-parse-cop165-log-scop-cumext-20260526-c609ccd4-dirty-q10609-rerun1-19856577-146.out,logs/cop165-cumulative-20260526-c609ccd4-dirty-q10609/slurm-logs/xcsp-parse-cop165-log-scop-cumext-20260526-c609ccd4-dirty-q10609-rerun1-19856577-146.err,timeout_unknown,COMPLETED,0:0,00:30:04,terminated_by_signal,logs/cop165-cumulative-20260526-c609ccd4-dirty-q10609/slurm-logs/xcsp-parse-cop165-order-ge-time-rd-20260526-c609ccd4-dirty-q10609-rerun1-19856579-146.out,logs/cop165-cumulative-20260526-c609ccd4-dirty-q10609/slurm-logs/xcsp-parse-cop165-order-ge-time-rd-20260526-c609ccd4-dirty-q10609-rerun1-19856579-146.err,out_of_memory,OUT_OF_MEMORY,0:125,00:13:41,slurmstepd: error: Detected 1 oom-kill event(s) in StepId=19866344.batch. Some of your processes may have been killed by the cgroup out-of-memory handler.,logs/cop165-cumulative-20260526-c609ccd4-dirty-q10609/slurm-logs/xcsp-parse-cop165-order-ge-task-rd-20260526-c609ccd4-dirty-q10609-rerun1-19856581-146.out,logs/cop165-cumulative-20260526-c609ccd4-dirty-q10609/slurm-logs/xcsp-parse-cop165-order-ge-task-rd-20260526-c609ccd4-dirty-q10609-rerun1-19856581-146.err,timeout_unknown,COMPLETED,0:0,00:30:05,terminated_by_signal,logs/cop165-cumulative-20260526-c609ccd4-dirty-q10609/slurm-logs/xcsp-parse-cop165-order-ge-cumext-20260526-c609ccd4-dirty-q10609-rerun1-19856583-146.out,logs/cop165-cumulative-20260526-c609ccd4-dirty-q10609/slurm-logs/xcsp-parse-cop165-order-ge-cumext-20260526-c609ccd4-dirty-q10609-rerun1-19856583-146.err
147,AircraftAssemblyLine-3-628-020-2_c24.xml.lzma,COP22to25/AircraftAssemblyLine-3-628-020-2_c24.xml.lzma,timeout_incumbent,COMPLETED,0:0,00:30:04,incumbent_interrupted_by_signal,logs/cop165-cumulative-20260526-c609ccd4-dirty-q10609/slurm-logs/xcsp-parse-cop165-log-scop-time-rd-20260526-c609ccd4-dirty-q10609-rerun1-19856905-147.out,logs/cop165-cumulative-20260526-c609ccd4-dirty-q10609/slurm-logs/xcsp-parse-cop165-log-scop-time-rd-20260526-c609ccd4-dirty-q10609-rerun1-19856905-147.err,out_of_memory,OUT_OF_MEMORY,0:125,00:10:17,slurmstepd: error: Detected 1 oom-kill event(s) in StepId=19857696.batch. Some of your processes may have been killed by the cgroup out-of-memory handler.,logs/cop165-cumulative-20260526-c609ccd4-dirty-q10609/slurm-logs/xcsp-parse-cop165-log-scop-task-rd-20260526-c609ccd4-dirty-q10609-rerun1-19856575-147.out,logs/cop165-cumulative-20260526-c609ccd4-dirty-q10609/slurm-logs/xcsp-parse-cop165-log-scop-task-rd-20260526-c609ccd4-dirty-q10609-rerun1-19856575-147.err,timeout_incumbent,COMPLETED,0:0,00:30:05,incumbent_interrupted_by_signal,logs/cop165-cumulative-20260526-c609ccd4-dirty-q10609/slurm-logs/xcsp-parse-cop165-log-scop-cumext-20260526-c609ccd4-dirty-q10609-rerun1-19856577-147.out,logs/cop165-cumulative-20260526-c609ccd4-dirty-q10609/slurm-logs/xcsp-parse-cop165-log-scop-cumext-20260526-c609ccd4-dirty-q10609-rerun1-19856577-147.err,timeout_unknown,COMPLETED,0:0,00:30:03,terminated_by_signal,logs/cop165-cumulative-20260526-c609ccd4-dirty-q10609/slurm-logs/xcsp-parse-cop165-order-ge-time-rd-20260526-c609ccd4-dirty-q10609-rerun1-19856579-147.out,logs/cop165-cumulative-20260526-c609ccd4-dirty-q10609/slurm-logs/xcsp-parse-cop165-order-ge-time-rd-20260526-c609ccd4-dirty-q10609-rerun1-19856579-147.err,out_of_memory,OUT_OF_MEMORY,0:125,00:13:25,slurmstepd: error: Detected 3 oom-kill event(s) in StepId=19866423.batch. Some of your processes may have been killed by the cgroup out-of-memory handler.,logs/cop165-cumulative-20260526-c609ccd4-dirty-q10609/slurm-logs/xcsp-parse-cop165-order-ge-task-rd-20260526-c609ccd4-dirty-q10609-rerun1-19856581-147.out,logs/cop165-cumulative-20260526-c609ccd4-dirty-q10609/slurm-logs/xcsp-parse-cop165-order-ge-task-rd-20260526-c609ccd4-dirty-q10609-rerun1-19856581-147.err,timeout_unknown,COMPLETED,0:0,00:30:05,terminated_by_signal,logs/cop165-cumulative-20260526-c609ccd4-dirty-q10609/slurm-logs/xcsp-parse-cop165-order-ge-cumext-20260526-c609ccd4-dirty-q10609-rerun1-19856583-147.out,logs/cop165-cumulative-20260526-c609ccd4-dirty-q10609/slurm-logs/xcsp-parse-cop165-order-ge-cumext-20260526-c609ccd4-dirty-q10609-rerun1-19856583-147.err
148,LargeScaleScheduling-03200-0_c23.xml.lzma,COP22to25/LargeScaleScheduling-03200-0_c23.xml.lzma,timeout_incumbent,COMPLETED,0:0,00:30:04,incumbent_interrupted_by_signal,logs/cop165-cumulative-20260526-c609ccd4-dirty-q10609/slurm-logs/xcsp-parse-cop165-log-scop-time-rd-20260526-c609ccd4-dirty-q10609-rerun1-19856905-148.out,logs/cop165-cumulative-20260526-c609ccd4-dirty-q10609/slurm-logs/xcsp-parse-cop165-log-scop-time-rd-20260526-c609ccd4-dirty-q10609-rerun1-19856905-148.err,out_of_memory,OUT_OF_MEMORY,0:125,00:12:52,"/var/spool/slurm/d/job19857697/slurm_script: 134 行: 269920 強制終了            ""$ENGINE_BIN"" exec --bind ""${BENCHMARK_DIR%/}:${CONTAINER_BENCH_DIR%/}"" --bind ""${LOG_DIR%/}:${CONTAINER_LOG_DIR%/}"" --bind ""${RESULT_DIR%/}:${CONTAINER_RESULT_DIR%/}"" --env ""INSTANCE_PATH=${instance_conta",logs/cop165-cumulative-20260526-c609ccd4-dirty-q10609/slurm-logs/xcsp-parse-cop165-log-scop-task-rd-20260526-c609ccd4-dirty-q10609-rerun1-19856575-148.out,logs/cop165-cumulative-20260526-c609ccd4-dirty-q10609/slurm-logs/xcsp-parse-cop165-log-scop-task-rd-20260526-c609ccd4-dirty-q10609-rerun1-19856575-148.err,timeout_incumbent,COMPLETED,0:0,00:30:04,incumbent_interrupted_by_signal,logs/cop165-cumulative-20260526-c609ccd4-dirty-q10609/slurm-logs/xcsp-parse-cop165-log-scop-cumext-20260526-c609ccd4-dirty-q10609-rerun1-19856577-148.out,logs/cop165-cumulative-20260526-c609ccd4-dirty-q10609/slurm-logs/xcsp-parse-cop165-log-scop-cumext-20260526-c609ccd4-dirty-q10609-rerun1-19856577-148.err,encode_failed,COMPLETED,0:0,00:00:05,sat variable count overflow,logs/cop165-cumulative-20260526-c609ccd4-dirty-q10609/slurm-logs/xcsp-parse-cop165-order-ge-time-rd-20260526-c609ccd4-dirty-q10609-rerun1-19856579-148.out,logs/cop165-cumulative-20260526-c609ccd4-dirty-q10609/slurm-logs/xcsp-parse-cop165-order-ge-time-rd-20260526-c609ccd4-dirty-q10609-rerun1-19856579-148.err,encode_failed,COMPLETED,0:0,00:10:37,sat variable count overflow,logs/cop165-cumulative-20260526-c609ccd4-dirty-q10609/slurm-logs/xcsp-parse-cop165-order-ge-task-rd-20260526-c609ccd4-dirty-q10609-rerun1-19856581-148.out,logs/cop165-cumulative-20260526-c609ccd4-dirty-q10609/slurm-logs/xcsp-parse-cop165-order-ge-task-rd-20260526-c609ccd4-dirty-q10609-rerun1-19856581-148.err,encode_failed,COMPLETED,0:0,00:00:04,sat variable count overflow,logs/cop165-cumulative-20260526-c609ccd4-dirty-q10609/slurm-logs/xcsp-parse-cop165-order-ge-cumext-20260526-c609ccd4-dirty-q10609-rerun1-19856583-148.out,logs/cop165-cumulative-20260526-c609ccd4-dirty-q10609/slurm-logs/xcsp-parse-cop165-order-ge-cumext-20260526-c609ccd4-dirty-q10609-rerun1-19856583-148.err
149,IHTC-i16_c25.xml.lzma,COP22to25/IHTC-i16_c25.xml.lzma,sat_no_proof,COMPLETED,0:0,00:12:13,best incumbent shown; guarded improvement search stopped before optimality proof: relaxation failed: log-scop objective-variable cut encode failed: log-scop incremental cut is missing base integer code for id=14890,logs/cop165-cumulative-20260526-c609ccd4-dirty-q10609/slurm-logs/xcsp-parse-cop165-log-scop-time-rd-20260526-c609ccd4-dirty-q10609-rerun1-19856905-149.out,logs/cop165-cumulative-20260526-c609ccd4-dirty-q10609/slurm-logs/xcsp-parse-cop165-log-scop-time-rd-20260526-c609ccd4-dirty-q10609-rerun1-19856905-149.err,unsat,COMPLETED,0:0,00:00:38,,logs/cop165-cumulative-20260526-c609ccd4-dirty-q10609/slurm-logs/xcsp-parse-cop165-log-scop-task-rd-20260526-c609ccd4-dirty-q10609-rerun1-19856575-149.out,logs/cop165-cumulative-20260526-c609ccd4-dirty-q10609/slurm-logs/xcsp-parse-cop165-log-scop-task-rd-20260526-c609ccd4-dirty-q10609-rerun1-19856575-149.err,sat_no_proof,COMPLETED,0:0,00:09:57,best incumbent shown; guarded improvement search stopped before optimality proof: relaxation failed: log-scop objective-variable cut encode failed: log-scop incremental cut is missing base integer code for id=14890,logs/cop165-cumulative-20260526-c609ccd4-dirty-q10609/slurm-logs/xcsp-parse-cop165-log-scop-cumext-20260526-c609ccd4-dirty-q10609-rerun1-19856577-149.out,logs/cop165-cumulative-20260526-c609ccd4-dirty-q10609/slurm-logs/xcsp-parse-cop165-log-scop-cumext-20260526-c609ccd4-dirty-q10609-rerun1-19856577-149.err,out_of_memory,OUT_OF_MEMORY,0:125,00:11:08,slurmstepd: error: Detected 6 oom-kill event(s) in StepId=19862266.batch. Some of your processes may have been killed by the cgroup out-of-memory handler.,logs/cop165-cumulative-20260526-c609ccd4-dirty-q10609/slurm-logs/xcsp-parse-cop165-order-ge-time-rd-20260526-c609ccd4-dirty-q10609-rerun1-19856579-149.out,logs/cop165-cumulative-20260526-c609ccd4-dirty-q10609/slurm-logs/xcsp-parse-cop165-order-ge-time-rd-20260526-c609ccd4-dirty-q10609-rerun1-19856579-149.err,unsat,COMPLETED,0:0,00:05:39,,logs/cop165-cumulative-20260526-c609ccd4-dirty-q10609/slurm-logs/xcsp-parse-cop165-order-ge-task-rd-20260526-c609ccd4-dirty-q10609-rerun1-19856581-149.out,logs/cop165-cumulative-20260526-c609ccd4-dirty-q10609/slurm-logs/xcsp-parse-cop165-order-ge-task-rd-20260526-c609ccd4-dirty-q10609-rerun1-19856581-149.err,out_of_memory,OUT_OF_MEMORY,0:125,00:07:47,slurmstepd: error: Detected 4 oom-kill event(s) in StepId=19869436.batch. Some of your processes may have been killed by the cgroup out-of-memory handler.,logs/cop165-cumulative-20260526-c609ccd4-dirty-q10609/slurm-logs/xcsp-parse-cop165-order-ge-cumext-20260526-c609ccd4-dirty-q10609-rerun1-19856583-149.out,logs/cop165-cumulative-20260526-c609ccd4-dirty-q10609/slurm-logs/xcsp-parse-cop165-order-ge-cumext-20260526-c609ccd4-dirty-q10609-rerun1-19856583-149.err
150,IHTC-i08_c25.xml.lzma,COP22to25/IHTC-i08_c25.xml.lzma,sat_no_proof,COMPLETED,0:0,00:06:17,best incumbent shown; guarded improvement search stopped before optimality proof: relaxation failed: log-scop objective-variable cut encode failed: log-scop incremental cut is missing base integer code for id=21380,logs/cop165-cumulative-20260526-c609ccd4-dirty-q10609/slurm-logs/xcsp-parse-cop165-log-scop-time-rd-20260526-c609ccd4-dirty-q10609-rerun1-19856905-150.out,logs/cop165-cumulative-20260526-c609ccd4-dirty-q10609/slurm-logs/xcsp-parse-cop165-log-scop-time-rd-20260526-c609ccd4-dirty-q10609-rerun1-19856905-150.err,unsat,COMPLETED,0:0,00:00:56,,logs/cop165-cumulative-20260526-c609ccd4-dirty-q10609/slurm-logs/xcsp-parse-cop165-log-scop-task-rd-20260526-c609ccd4-dirty-q10609-rerun1-19856575-150.out,logs/cop165-cumulative-20260526-c609ccd4-dirty-q10609/slurm-logs/xcsp-parse-cop165-log-scop-task-rd-20260526-c609ccd4-dirty-q10609-rerun1-19856575-150.err,sat_no_proof,COMPLETED,0:0,00:26:38,best incumbent shown; guarded improvement search stopped before optimality proof: relaxation failed: log-scop objective-variable cut encode failed: log-scop incremental cut is missing base integer code for id=21380,logs/cop165-cumulative-20260526-c609ccd4-dirty-q10609/slurm-logs/xcsp-parse-cop165-log-scop-cumext-20260526-c609ccd4-dirty-q10609-rerun1-19856577-150.out,logs/cop165-cumulative-20260526-c609ccd4-dirty-q10609/slurm-logs/xcsp-parse-cop165-log-scop-cumext-20260526-c609ccd4-dirty-q10609-rerun1-19856577-150.err,out_of_memory,OUT_OF_MEMORY,0:125,00:07:46,slurmstepd: error: Detected 6 oom-kill event(s) in StepId=19862325.batch. Some of your processes may have been killed by the cgroup out-of-memory handler.,logs/cop165-cumulative-20260526-c609ccd4-dirty-q10609/slurm-logs/xcsp-parse-cop165-order-ge-time-rd-20260526-c609ccd4-dirty-q10609-rerun1-19856579-150.out,logs/cop165-cumulative-20260526-c609ccd4-dirty-q10609/slurm-logs/xcsp-parse-cop165-order-ge-time-rd-20260526-c609ccd4-dirty-q10609-rerun1-19856579-150.err,out_of_memory,OUT_OF_MEMORY,0:125,00:07:33,slurmstepd: error: Detected 1 oom-kill event(s) in StepId=19866522.batch. Some of your processes may have been killed by the cgroup out-of-memory handler.,logs/cop165-cumulative-20260526-c609ccd4-dirty-q10609/slurm-logs/xcsp-parse-cop165-order-ge-task-rd-20260526-c609ccd4-dirty-q10609-rerun1-19856581-150.out,logs/cop165-cumulative-20260526-c609ccd4-dirty-q10609/slurm-logs/xcsp-parse-cop165-order-ge-task-rd-20260526-c609ccd4-dirty-q10609-rerun1-19856581-150.err,out_of_memory,OUT_OF_MEMORY,0:125,00:08:06,slurmstepd: error: Detected 2 oom-kill event(s) in StepId=19869440.batch. Some of your processes may have been killed by the cgroup out-of-memory handler.,logs/cop165-cumulative-20260526-c609ccd4-dirty-q10609/slurm-logs/xcsp-parse-cop165-order-ge-cumext-20260526-c609ccd4-dirty-q10609-rerun1-19856583-150.out,logs/cop165-cumulative-20260526-c609ccd4-dirty-q10609/slurm-logs/xcsp-parse-cop165-order-ge-cumext-20260526-c609ccd4-dirty-q10609-rerun1-19856583-150.err
151,FlexibleJobshopScen-dh-5-16-080_c25.xml.lzma,COP22to25/FlexibleJobshopScen-dh-5-16-080_c25.xml.lzma,out_of_memory,OUT_OF_MEMORY,0:125,00:16:33,slurmstepd: error: Detected 1 oom-kill event(s) in StepId=19871705.batch. Some of your processes may have been killed by the cgroup out-of-memory handler.,logs/cop165-cumulative-20260526-c609ccd4-dirty-q10609/slurm-logs/xcsp-parse-cop165-log-scop-time-rd-20260526-c609ccd4-dirty-q10609-rerun1-19856905-151.out,logs/cop165-cumulative-20260526-c609ccd4-dirty-q10609/slurm-logs/xcsp-parse-cop165-log-scop-time-rd-20260526-c609ccd4-dirty-q10609-rerun1-19856905-151.err,timeout_incumbent,COMPLETED,0:0,00:30:04,incumbent_interrupted_by_signal,logs/cop165-cumulative-20260526-c609ccd4-dirty-q10609/slurm-logs/xcsp-parse-cop165-log-scop-task-rd-20260526-c609ccd4-dirty-q10609-rerun1-19856575-151.out,logs/cop165-cumulative-20260526-c609ccd4-dirty-q10609/slurm-logs/xcsp-parse-cop165-log-scop-task-rd-20260526-c609ccd4-dirty-q10609-rerun1-19856575-151.err,timeout_incumbent,COMPLETED,0:0,00:30:05,incumbent_interrupted_by_signal,logs/cop165-cumulative-20260526-c609ccd4-dirty-q10609/slurm-logs/xcsp-parse-cop165-log-scop-cumext-20260526-c609ccd4-dirty-q10609-rerun1-19856577-151.out,logs/cop165-cumulative-20260526-c609ccd4-dirty-q10609/slurm-logs/xcsp-parse-cop165-log-scop-cumext-20260526-c609ccd4-dirty-q10609-rerun1-19856577-151.err,timeout_unknown,COMPLETED,0:0,00:30:06,terminated_by_signal,logs/cop165-cumulative-20260526-c609ccd4-dirty-q10609/slurm-logs/xcsp-parse-cop165-order-ge-time-rd-20260526-c609ccd4-dirty-q10609-rerun1-19856579-151.out,logs/cop165-cumulative-20260526-c609ccd4-dirty-q10609/slurm-logs/xcsp-parse-cop165-order-ge-time-rd-20260526-c609ccd4-dirty-q10609-rerun1-19856579-151.err,timeout_incumbent,COMPLETED,0:0,00:30:05,incumbent_interrupted_by_signal,logs/cop165-cumulative-20260526-c609ccd4-dirty-q10609/slurm-logs/xcsp-parse-cop165-order-ge-task-rd-20260526-c609ccd4-dirty-q10609-rerun1-19856581-151.out,logs/cop165-cumulative-20260526-c609ccd4-dirty-q10609/slurm-logs/xcsp-parse-cop165-order-ge-task-rd-20260526-c609ccd4-dirty-q10609-rerun1-19856581-151.err,timeout_incumbent,COMPLETED,0:0,00:30:04,incumbent_interrupted_by_signal,logs/cop165-cumulative-20260526-c609ccd4-dirty-q10609/slurm-logs/xcsp-parse-cop165-order-ge-cumext-20260526-c609ccd4-dirty-q10609-rerun1-19856583-151.out,logs/cop165-cumulative-20260526-c609ccd4-dirty-q10609/slurm-logs/xcsp-parse-cop165-order-ge-cumext-20260526-c609ccd4-dirty-q10609-rerun1-19856583-151.err
152,FlexibleJobshopScen-dh-6-18-080_c25.xml.lzma,COP22to25/FlexibleJobshopScen-dh-6-18-080_c25.xml.lzma,timeout_unknown,COMPLETED,0:0,00:30:13,terminated_by_signal,logs/cop165-cumulative-20260526-c609ccd4-dirty-q10609/slurm-logs/xcsp-parse-cop165-log-scop-time-rd-20260526-c609ccd4-dirty-q10609-rerun1-19856905-152.out,logs/cop165-cumulative-20260526-c609ccd4-dirty-q10609/slurm-logs/xcsp-parse-cop165-log-scop-time-rd-20260526-c609ccd4-dirty-q10609-rerun1-19856905-152.err,timeout_incumbent,COMPLETED,0:0,00:30:08,incumbent_interrupted_by_signal,logs/cop165-cumulative-20260526-c609ccd4-dirty-q10609/slurm-logs/xcsp-parse-cop165-log-scop-task-rd-20260526-c609ccd4-dirty-q10609-rerun1-19856575-152.out,logs/cop165-cumulative-20260526-c609ccd4-dirty-q10609/slurm-logs/xcsp-parse-cop165-log-scop-task-rd-20260526-c609ccd4-dirty-q10609-rerun1-19856575-152.err,timeout_incumbent,COMPLETED,0:0,00:30:04,incumbent_interrupted_by_signal,logs/cop165-cumulative-20260526-c609ccd4-dirty-q10609/slurm-logs/xcsp-parse-cop165-log-scop-cumext-20260526-c609ccd4-dirty-q10609-rerun1-19856577-152.out,logs/cop165-cumulative-20260526-c609ccd4-dirty-q10609/slurm-logs/xcsp-parse-cop165-log-scop-cumext-20260526-c609ccd4-dirty-q10609-rerun1-19856577-152.err,timeout_incumbent,COMPLETED,0:0,00:30:06,incumbent_interrupted_by_signal,logs/cop165-cumulative-20260526-c609ccd4-dirty-q10609/slurm-logs/xcsp-parse-cop165-order-ge-time-rd-20260526-c609ccd4-dirty-q10609-rerun1-19856579-152.out,logs/cop165-cumulative-20260526-c609ccd4-dirty-q10609/slurm-logs/xcsp-parse-cop165-order-ge-time-rd-20260526-c609ccd4-dirty-q10609-rerun1-19856579-152.err,timeout_incumbent,COMPLETED,0:0,00:30:06,incumbent_interrupted_by_signal,logs/cop165-cumulative-20260526-c609ccd4-dirty-q10609/slurm-logs/xcsp-parse-cop165-order-ge-task-rd-20260526-c609ccd4-dirty-q10609-rerun1-19856581-152.out,logs/cop165-cumulative-20260526-c609ccd4-dirty-q10609/slurm-logs/xcsp-parse-cop165-order-ge-task-rd-20260526-c609ccd4-dirty-q10609-rerun1-19856581-152.err,timeout_incumbent,COMPLETED,0:0,00:30:05,incumbent_interrupted_by_signal,logs/cop165-cumulative-20260526-c609ccd4-dirty-q10609/slurm-logs/xcsp-parse-cop165-order-ge-cumext-20260526-c609ccd4-dirty-q10609-rerun1-19856583-152.out,logs/cop165-cumulative-20260526-c609ccd4-dirty-q10609/slurm-logs/xcsp-parse-cop165-order-ge-cumext-20260526-c609ccd4-dirty-q10609-rerun1-19856583-152.err
153,FlexibleJobshopScen-dh-5-20-080_c25.xml.lzma,COP22to25/FlexibleJobshopScen-dh-5-20-080_c25.xml.lzma,out_of_memory,OUT_OF_MEMORY,0:125,00:19:19,slurmstepd: error: Detected 1 oom-kill event(s) in StepId=19871715.batch. Some of your processes may have been killed by the cgroup out-of-memory handler.,logs/cop165-cumulative-20260526-c609ccd4-dirty-q10609/slurm-logs/xcsp-parse-cop165-log-scop-time-rd-20260526-c609ccd4-dirty-q10609-rerun1-19856905-153.out,logs/cop165-cumulative-20260526-c609ccd4-dirty-q10609/slurm-logs/xcsp-parse-cop165-log-scop-time-rd-20260526-c609ccd4-dirty-q10609-rerun1-19856905-153.err,timeout_incumbent,COMPLETED,0:0,00:30:08,incumbent_interrupted_by_signal,logs/cop165-cumulative-20260526-c609ccd4-dirty-q10609/slurm-logs/xcsp-parse-cop165-log-scop-task-rd-20260526-c609ccd4-dirty-q10609-rerun1-19856575-153.out,logs/cop165-cumulative-20260526-c609ccd4-dirty-q10609/slurm-logs/xcsp-parse-cop165-log-scop-task-rd-20260526-c609ccd4-dirty-q10609-rerun1-19856575-153.err,timeout_incumbent,COMPLETED,0:0,00:30:04,incumbent_interrupted_by_signal,logs/cop165-cumulative-20260526-c609ccd4-dirty-q10609/slurm-logs/xcsp-parse-cop165-log-scop-cumext-20260526-c609ccd4-dirty-q10609-rerun1-19856577-153.out,logs/cop165-cumulative-20260526-c609ccd4-dirty-q10609/slurm-logs/xcsp-parse-cop165-log-scop-cumext-20260526-c609ccd4-dirty-q10609-rerun1-19856577-153.err,timeout_unknown,COMPLETED,0:0,00:30:08,terminated_by_signal,logs/cop165-cumulative-20260526-c609ccd4-dirty-q10609/slurm-logs/xcsp-parse-cop165-order-ge-time-rd-20260526-c609ccd4-dirty-q10609-rerun1-19856579-153.out,logs/cop165-cumulative-20260526-c609ccd4-dirty-q10609/slurm-logs/xcsp-parse-cop165-order-ge-time-rd-20260526-c609ccd4-dirty-q10609-rerun1-19856579-153.err,timeout_incumbent,COMPLETED,0:0,00:30:04,incumbent_interrupted_by_signal,logs/cop165-cumulative-20260526-c609ccd4-dirty-q10609/slurm-logs/xcsp-parse-cop165-order-ge-task-rd-20260526-c609ccd4-dirty-q10609-rerun1-19856581-153.out,logs/cop165-cumulative-20260526-c609ccd4-dirty-q10609/slurm-logs/xcsp-parse-cop165-order-ge-task-rd-20260526-c609ccd4-dirty-q10609-rerun1-19856581-153.err,timeout_incumbent,COMPLETED,0:0,00:30:05,incumbent_interrupted_by_signal,logs/cop165-cumulative-20260526-c609ccd4-dirty-q10609/slurm-logs/xcsp-parse-cop165-order-ge-cumext-20260526-c609ccd4-dirty-q10609-rerun1-19856583-153.out,logs/cop165-cumulative-20260526-c609ccd4-dirty-q10609/slurm-logs/xcsp-parse-cop165-order-ge-cumext-20260526-c609ccd4-dirty-q10609-rerun1-19856583-153.err
154,IHTC-i18_c25.xml.lzma,COP22to25/IHTC-i18_c25.xml.lzma,sat_no_proof,COMPLETED,0:0,00:06:05,best incumbent shown; guarded improvement search stopped before optimality proof: relaxation failed: log-scop objective-variable cut encode failed: log-scop incremental cut is missing base integer code for id=1918,logs/cop165-cumulative-20260526-c609ccd4-dirty-q10609/slurm-logs/xcsp-parse-cop165-log-scop-time-rd-20260526-c609ccd4-dirty-q10609-rerun1-19856905-154.out,logs/cop165-cumulative-20260526-c609ccd4-dirty-q10609/slurm-logs/xcsp-parse-cop165-log-scop-time-rd-20260526-c609ccd4-dirty-q10609-rerun1-19856905-154.err,unsat,COMPLETED,0:0,00:03:11,,logs/cop165-cumulative-20260526-c609ccd4-dirty-q10609/slurm-logs/xcsp-parse-cop165-log-scop-task-rd-20260526-c609ccd4-dirty-q10609-rerun1-19856575-154.out,logs/cop165-cumulative-20260526-c609ccd4-dirty-q10609/slurm-logs/xcsp-parse-cop165-log-scop-task-rd-20260526-c609ccd4-dirty-q10609-rerun1-19856575-154.err,timeout_incumbent,COMPLETED,0:0,00:30:03,incumbent_interrupted_by_signal,logs/cop165-cumulative-20260526-c609ccd4-dirty-q10609/slurm-logs/xcsp-parse-cop165-log-scop-cumext-20260526-c609ccd4-dirty-q10609-rerun1-19856577-154.out,logs/cop165-cumulative-20260526-c609ccd4-dirty-q10609/slurm-logs/xcsp-parse-cop165-log-scop-cumext-20260526-c609ccd4-dirty-q10609-rerun1-19856577-154.err,out_of_memory,OUT_OF_MEMORY,0:125,00:08:31,slurmstepd: error: Detected 1 oom-kill event(s) in StepId=19862510.batch. Some of your processes may have been killed by the cgroup out-of-memory handler.,logs/cop165-cumulative-20260526-c609ccd4-dirty-q10609/slurm-logs/xcsp-parse-cop165-order-ge-time-rd-20260526-c609ccd4-dirty-q10609-rerun1-19856579-154.out,logs/cop165-cumulative-20260526-c609ccd4-dirty-q10609/slurm-logs/xcsp-parse-cop165-order-ge-time-rd-20260526-c609ccd4-dirty-q10609-rerun1-19856579-154.err,unsat,COMPLETED,0:0,00:21:15,,logs/cop165-cumulative-20260526-c609ccd4-dirty-q10609/slurm-logs/xcsp-parse-cop165-order-ge-task-rd-20260526-c609ccd4-dirty-q10609-rerun1-19856581-154.out,logs/cop165-cumulative-20260526-c609ccd4-dirty-q10609/slurm-logs/xcsp-parse-cop165-order-ge-task-rd-20260526-c609ccd4-dirty-q10609-rerun1-19856581-154.err,out_of_memory,OUT_OF_MEMORY,0:125,00:07:31,slurmstepd: error: Detected 6 oom-kill event(s) in StepId=19869545.batch. Some of your processes may have been killed by the cgroup out-of-memory handler.,logs/cop165-cumulative-20260526-c609ccd4-dirty-q10609/slurm-logs/xcsp-parse-cop165-order-ge-cumext-20260526-c609ccd4-dirty-q10609-rerun1-19856583-154.out,logs/cop165-cumulative-20260526-c609ccd4-dirty-q10609/slurm-logs/xcsp-parse-cop165-order-ge-cumext-20260526-c609ccd4-dirty-q10609-rerun1-19856583-154.err
155,LargeScaleScheduling-06400-0_c23.xml.lzma,COP22to25/LargeScaleScheduling-06400-0_c23.xml.lzma,timeout_incumbent,COMPLETED,0:0,00:30:04,incumbent_interrupted_by_signal,logs/cop165-cumulative-20260526-c609ccd4-dirty-q10609/slurm-logs/xcsp-parse-cop165-log-scop-time-rd-20260526-c609ccd4-dirty-q10609-rerun1-19856905-155.out,logs/cop165-cumulative-20260526-c609ccd4-dirty-q10609/slurm-logs/xcsp-parse-cop165-log-scop-time-rd-20260526-c609ccd4-dirty-q10609-rerun1-19856905-155.err,timeout_unknown,COMPLETED,0:0,00:30:06,terminated_by_signal,logs/cop165-cumulative-20260526-c609ccd4-dirty-q10609/slurm-logs/xcsp-parse-cop165-log-scop-task-rd-20260526-c609ccd4-dirty-q10609-rerun1-19856575-155.out,logs/cop165-cumulative-20260526-c609ccd4-dirty-q10609/slurm-logs/xcsp-parse-cop165-log-scop-task-rd-20260526-c609ccd4-dirty-q10609-rerun1-19856575-155.err,timeout_incumbent,COMPLETED,0:0,00:30:03,incumbent_interrupted_by_signal,logs/cop165-cumulative-20260526-c609ccd4-dirty-q10609/slurm-logs/xcsp-parse-cop165-log-scop-cumext-20260526-c609ccd4-dirty-q10609-rerun1-19856577-155.out,logs/cop165-cumulative-20260526-c609ccd4-dirty-q10609/slurm-logs/xcsp-parse-cop165-log-scop-cumext-20260526-c609ccd4-dirty-q10609-rerun1-19856577-155.err,encode_failed,COMPLETED,0:0,00:00:05,sat variable count overflow,logs/cop165-cumulative-20260526-c609ccd4-dirty-q10609/slurm-logs/xcsp-parse-cop165-order-ge-time-rd-20260526-c609ccd4-dirty-q10609-rerun1-19856579-155.out,logs/cop165-cumulative-20260526-c609ccd4-dirty-q10609/slurm-logs/xcsp-parse-cop165-order-ge-time-rd-20260526-c609ccd4-dirty-q10609-rerun1-19856579-155.err,timeout_unknown,COMPLETED,0:0,00:30:06,terminated_by_signal,logs/cop165-cumulative-20260526-c609ccd4-dirty-q10609/slurm-logs/xcsp-parse-cop165-order-ge-task-rd-20260526-c609ccd4-dirty-q10609-rerun1-19856581-155.out,logs/cop165-cumulative-20260526-c609ccd4-dirty-q10609/slurm-logs/xcsp-parse-cop165-order-ge-task-rd-20260526-c609ccd4-dirty-q10609-rerun1-19856581-155.err,encode_failed,COMPLETED,0:0,00:00:06,sat variable count overflow,logs/cop165-cumulative-20260526-c609ccd4-dirty-q10609/slurm-logs/xcsp-parse-cop165-order-ge-cumext-20260526-c609ccd4-dirty-q10609-rerun1-19856583-155.out,logs/cop165-cumulative-20260526-c609ccd4-dirty-q10609/slurm-logs/xcsp-parse-cop165-order-ge-cumext-20260526-c609ccd4-dirty-q10609-rerun1-19856583-155.err
156,IHTC-i29_c25.xml.lzma,COP22to25/IHTC-i29_c25.xml.lzma,sat_no_proof,COMPLETED,0:0,00:18:47,best incumbent shown; guarded improvement search stopped before optimality proof: relaxation failed: log-scop objective-variable cut encode failed: log-scop incremental cut is missing base integer code for id=45432,logs/cop165-cumulative-20260526-c609ccd4-dirty-q10609/slurm-logs/xcsp-parse-cop165-log-scop-time-rd-20260526-c609ccd4-dirty-q10609-rerun1-19856905-156.out,logs/cop165-cumulative-20260526-c609ccd4-dirty-q10609/slurm-logs/xcsp-parse-cop165-log-scop-time-rd-20260526-c609ccd4-dirty-q10609-rerun1-19856905-156.err,unsat,COMPLETED,0:0,00:08:37,,logs/cop165-cumulative-20260526-c609ccd4-dirty-q10609/slurm-logs/xcsp-parse-cop165-log-scop-task-rd-20260526-c609ccd4-dirty-q10609-rerun1-19856575-156.out,logs/cop165-cumulative-20260526-c609ccd4-dirty-q10609/slurm-logs/xcsp-parse-cop165-log-scop-task-rd-20260526-c609ccd4-dirty-q10609-rerun1-19856575-156.err,sat_no_proof,COMPLETED,0:0,00:07:34,best incumbent shown; guarded improvement search stopped before optimality proof: relaxation failed: log-scop objective-variable cut encode failed: log-scop incremental cut is missing base integer code for id=45432,logs/cop165-cumulative-20260526-c609ccd4-dirty-q10609/slurm-logs/xcsp-parse-cop165-log-scop-cumext-20260526-c609ccd4-dirty-q10609-rerun1-19856577-156.out,logs/cop165-cumulative-20260526-c609ccd4-dirty-q10609/slurm-logs/xcsp-parse-cop165-log-scop-cumext-20260526-c609ccd4-dirty-q10609-rerun1-19856577-156.err,out_of_memory,OUT_OF_MEMORY,0:125,00:07:47,slurmstepd: error: Detected 21 oom-kill event(s) in StepId=19862545.batch. Some of your processes may have been killed by the cgroup out-of-memory handler.,logs/cop165-cumulative-20260526-c609ccd4-dirty-q10609/slurm-logs/xcsp-parse-cop165-order-ge-time-rd-20260526-c609ccd4-dirty-q10609-rerun1-19856579-156.out,logs/cop165-cumulative-20260526-c609ccd4-dirty-q10609/slurm-logs/xcsp-parse-cop165-order-ge-time-rd-20260526-c609ccd4-dirty-q10609-rerun1-19856579-156.err,out_of_memory,OUT_OF_MEMORY,0:125,00:09:18,slurmstepd: error: Detected 1 oom-kill event(s) in StepId=19866887.batch. Some of your processes may have been killed by the cgroup out-of-memory handler.,logs/cop165-cumulative-20260526-c609ccd4-dirty-q10609/slurm-logs/xcsp-parse-cop165-order-ge-task-rd-20260526-c609ccd4-dirty-q10609-rerun1-19856581-156.out,logs/cop165-cumulative-20260526-c609ccd4-dirty-q10609/slurm-logs/xcsp-parse-cop165-order-ge-task-rd-20260526-c609ccd4-dirty-q10609-rerun1-19856581-156.err,out_of_memory,OUT_OF_MEMORY,0:125,00:07:04,slurmstepd: error: Detected 2 oom-kill event(s) in StepId=19869559.batch. Some of your processes may have been killed by the cgroup out-of-memory handler.,logs/cop165-cumulative-20260526-c609ccd4-dirty-q10609/slurm-logs/xcsp-parse-cop165-order-ge-cumext-20260526-c609ccd4-dirty-q10609-rerun1-19856583-156.out,logs/cop165-cumulative-20260526-c609ccd4-dirty-q10609/slurm-logs/xcsp-parse-cop165-order-ge-cumext-20260526-c609ccd4-dirty-q10609-rerun1-19856583-156.err
157,IHTC-i30_c25.xml.lzma,COP22to25/IHTC-i30_c25.xml.lzma,timeout_unknown,COMPLETED,0:0,00:30:04,terminated_by_signal,logs/cop165-cumulative-20260526-c609ccd4-dirty-q10609/slurm-logs/xcsp-parse-cop165-log-scop-time-rd-20260526-c609ccd4-dirty-q10609-rerun1-19856905-157.out,logs/cop165-cumulative-20260526-c609ccd4-dirty-q10609/slurm-logs/xcsp-parse-cop165-log-scop-time-rd-20260526-c609ccd4-dirty-q10609-rerun1-19856905-157.err,unsat,COMPLETED,0:0,00:06:06,,logs/cop165-cumulative-20260526-c609ccd4-dirty-q10609/slurm-logs/xcsp-parse-cop165-log-scop-task-rd-20260526-c609ccd4-dirty-q10609-rerun1-19856575-157.out,logs/cop165-cumulative-20260526-c609ccd4-dirty-q10609/slurm-logs/xcsp-parse-cop165-log-scop-task-rd-20260526-c609ccd4-dirty-q10609-rerun1-19856575-157.err,timeout_unknown,COMPLETED,0:0,00:30:05,terminated_by_signal,logs/cop165-cumulative-20260526-c609ccd4-dirty-q10609/slurm-logs/xcsp-parse-cop165-log-scop-cumext-20260526-c609ccd4-dirty-q10609-rerun1-19856577-157.out,logs/cop165-cumulative-20260526-c609ccd4-dirty-q10609/slurm-logs/xcsp-parse-cop165-log-scop-cumext-20260526-c609ccd4-dirty-q10609-rerun1-19856577-157.err,out_of_memory,OUT_OF_MEMORY,0:125,00:07:38,slurmstepd: error: Detected 2 oom-kill event(s) in StepId=19862549.batch. Some of your processes may have been killed by the cgroup out-of-memory handler.,logs/cop165-cumulative-20260526-c609ccd4-dirty-q10609/slurm-logs/xcsp-parse-cop165-order-ge-time-rd-20260526-c609ccd4-dirty-q10609-rerun1-19856579-157.out,logs/cop165-cumulative-20260526-c609ccd4-dirty-q10609/slurm-logs/xcsp-parse-cop165-order-ge-time-rd-20260526-c609ccd4-dirty-q10609-rerun1-19856579-157.err,timeout_unknown,COMPLETED,0:0,00:30:10,terminated_by_signal,logs/cop165-cumulative-20260526-c609ccd4-dirty-q10609/slurm-logs/xcsp-parse-cop165-order-ge-task-rd-20260526-c609ccd4-dirty-q10609-rerun1-19856581-157.out,logs/cop165-cumulative-20260526-c609ccd4-dirty-q10609/slurm-logs/xcsp-parse-cop165-order-ge-task-rd-20260526-c609ccd4-dirty-q10609-rerun1-19856581-157.err,out_of_memory,OUT_OF_MEMORY,0:125,00:09:31,slurmstepd: error: Detected 1 oom-kill event(s) in StepId=19869573.batch. Some of your processes may have been killed by the cgroup out-of-memory handler.,logs/cop165-cumulative-20260526-c609ccd4-dirty-q10609/slurm-logs/xcsp-parse-cop165-order-ge-cumext-20260526-c609ccd4-dirty-q10609-rerun1-19856583-157.out,logs/cop165-cumulative-20260526-c609ccd4-dirty-q10609/slurm-logs/xcsp-parse-cop165-order-ge-cumext-20260526-c609ccd4-dirty-q10609-rerun1-19856583-157.err
158,LargeScaleScheduling-12800-0_c23.xml.lzma,COP22to25/LargeScaleScheduling-12800-0_c23.xml.lzma,timeout_unknown,COMPLETED,0:0,00:30:04,terminated_by_signal,logs/cop165-cumulative-20260526-c609ccd4-dirty-q10609/slurm-logs/xcsp-parse-cop165-log-scop-time-rd-20260526-c609ccd4-dirty-q10609-rerun1-19856905-158.out,logs/cop165-cumulative-20260526-c609ccd4-dirty-q10609/slurm-logs/xcsp-parse-cop165-log-scop-time-rd-20260526-c609ccd4-dirty-q10609-rerun1-19856905-158.err,timeout_unknown,COMPLETED,0:0,00:30:13,terminated_by_signal,logs/cop165-cumulative-20260526-c609ccd4-dirty-q10609/slurm-logs/xcsp-parse-cop165-log-scop-task-rd-20260526-c609ccd4-dirty-q10609-rerun1-19856575-158.out,logs/cop165-cumulative-20260526-c609ccd4-dirty-q10609/slurm-logs/xcsp-parse-cop165-log-scop-task-rd-20260526-c609ccd4-dirty-q10609-rerun1-19856575-158.err,timeout_unknown,COMPLETED,0:0,00:30:04,terminated_by_signal,logs/cop165-cumulative-20260526-c609ccd4-dirty-q10609/slurm-logs/xcsp-parse-cop165-log-scop-cumext-20260526-c609ccd4-dirty-q10609-rerun1-19856577-158.out,logs/cop165-cumulative-20260526-c609ccd4-dirty-q10609/slurm-logs/xcsp-parse-cop165-log-scop-cumext-20260526-c609ccd4-dirty-q10609-rerun1-19856577-158.err,encode_failed,COMPLETED,0:0,00:00:04,sat variable count overflow,logs/cop165-cumulative-20260526-c609ccd4-dirty-q10609/slurm-logs/xcsp-parse-cop165-order-ge-time-rd-20260526-c609ccd4-dirty-q10609-rerun1-19856579-158.out,logs/cop165-cumulative-20260526-c609ccd4-dirty-q10609/slurm-logs/xcsp-parse-cop165-order-ge-time-rd-20260526-c609ccd4-dirty-q10609-rerun1-19856579-158.err,timeout_unknown,COMPLETED,0:0,00:30:07,terminated_by_signal,logs/cop165-cumulative-20260526-c609ccd4-dirty-q10609/slurm-logs/xcsp-parse-cop165-order-ge-task-rd-20260526-c609ccd4-dirty-q10609-rerun1-19856581-158.out,logs/cop165-cumulative-20260526-c609ccd4-dirty-q10609/slurm-logs/xcsp-parse-cop165-order-ge-task-rd-20260526-c609ccd4-dirty-q10609-rerun1-19856581-158.err,encode_failed,COMPLETED,0:0,00:00:04,sat variable count overflow,logs/cop165-cumulative-20260526-c609ccd4-dirty-q10609/slurm-logs/xcsp-parse-cop165-order-ge-cumext-20260526-c609ccd4-dirty-q10609-rerun1-19856583-158.out,logs/cop165-cumulative-20260526-c609ccd4-dirty-q10609/slurm-logs/xcsp-parse-cop165-order-ge-cumext-20260526-c609ccd4-dirty-q10609-rerun1-19856583-158.err
159,FlexibleJobshopScen-dh-6-18-200_c25.xml.lzma,COP22to25/FlexibleJobshopScen-dh-6-18-200_c25.xml.lzma,out_of_memory,OUT_OF_MEMORY,0:125,00:24:15,slurmstepd: error: Detected 1 oom-kill event(s) in StepId=19871830.batch. Some of your processes may have been killed by the cgroup out-of-memory handler.,logs/cop165-cumulative-20260526-c609ccd4-dirty-q10609/slurm-logs/xcsp-parse-cop165-log-scop-time-rd-20260526-c609ccd4-dirty-q10609-rerun1-19856905-159.out,logs/cop165-cumulative-20260526-c609ccd4-dirty-q10609/slurm-logs/xcsp-parse-cop165-log-scop-time-rd-20260526-c609ccd4-dirty-q10609-rerun1-19856905-159.err,sat_no_proof,COMPLETED,0:0,00:09:04,"best incumbent shown; guarded improvement search stopped before optimality proof: relaxation produced 1269614 clauses in one round, exceeding limit 1000000",logs/cop165-cumulative-20260526-c609ccd4-dirty-q10609/slurm-logs/xcsp-parse-cop165-log-scop-task-rd-20260526-c609ccd4-dirty-q10609-rerun1-19856575-159.out,logs/cop165-cumulative-20260526-c609ccd4-dirty-q10609/slurm-logs/xcsp-parse-cop165-log-scop-task-rd-20260526-c609ccd4-dirty-q10609-rerun1-19856575-159.err,sat_no_proof,COMPLETED,0:0,00:00:25,"best incumbent shown; guarded improvement search stopped before optimality proof: relaxation produced 1269610 clauses in one round, exceeding limit 1000000",logs/cop165-cumulative-20260526-c609ccd4-dirty-q10609/slurm-logs/xcsp-parse-cop165-log-scop-cumext-20260526-c609ccd4-dirty-q10609-rerun1-19856577-159.out,logs/cop165-cumulative-20260526-c609ccd4-dirty-q10609/slurm-logs/xcsp-parse-cop165-log-scop-cumext-20260526-c609ccd4-dirty-q10609-rerun1-19856577-159.err,timeout_unknown,COMPLETED,0:0,00:30:07,terminated_by_signal,logs/cop165-cumulative-20260526-c609ccd4-dirty-q10609/slurm-logs/xcsp-parse-cop165-order-ge-time-rd-20260526-c609ccd4-dirty-q10609-rerun1-19856579-159.out,logs/cop165-cumulative-20260526-c609ccd4-dirty-q10609/slurm-logs/xcsp-parse-cop165-order-ge-time-rd-20260526-c609ccd4-dirty-q10609-rerun1-19856579-159.err,timeout_incumbent,COMPLETED,0:0,00:30:08,incumbent_interrupted_by_signal,logs/cop165-cumulative-20260526-c609ccd4-dirty-q10609/slurm-logs/xcsp-parse-cop165-order-ge-task-rd-20260526-c609ccd4-dirty-q10609-rerun1-19856581-159.out,logs/cop165-cumulative-20260526-c609ccd4-dirty-q10609/slurm-logs/xcsp-parse-cop165-order-ge-task-rd-20260526-c609ccd4-dirty-q10609-rerun1-19856581-159.err,timeout_incumbent,COMPLETED,0:0,00:30:05,incumbent_interrupted_by_signal,logs/cop165-cumulative-20260526-c609ccd4-dirty-q10609/slurm-logs/xcsp-parse-cop165-order-ge-cumext-20260526-c609ccd4-dirty-q10609-rerun1-19856583-159.out,logs/cop165-cumulative-20260526-c609ccd4-dirty-q10609/slurm-logs/xcsp-parse-cop165-order-ge-cumext-20260526-c609ccd4-dirty-q10609-rerun1-19856583-159.err
160,FlexibleJobshopScen-dh-5-16-200_c25.xml.lzma,COP22to25/FlexibleJobshopScen-dh-5-16-200_c25.xml.lzma,timeout_unknown,COMPLETED,0:0,00:30:06,terminated_by_signal,logs/cop165-cumulative-20260526-c609ccd4-dirty-q10609/slurm-logs/xcsp-parse-cop165-log-scop-time-rd-20260526-c609ccd4-dirty-q10609-rerun1-19856905-160.out,logs/cop165-cumulative-20260526-c609ccd4-dirty-q10609/slurm-logs/xcsp-parse-cop165-log-scop-time-rd-20260526-c609ccd4-dirty-q10609-rerun1-19856905-160.err,sat_no_proof,COMPLETED,0:0,00:14:54,"best incumbent shown; guarded improvement search stopped before optimality proof: relaxation produced 1255581 clauses in one round, exceeding limit 1000000",logs/cop165-cumulative-20260526-c609ccd4-dirty-q10609/slurm-logs/xcsp-parse-cop165-log-scop-task-rd-20260526-c609ccd4-dirty-q10609-rerun1-19856575-160.out,logs/cop165-cumulative-20260526-c609ccd4-dirty-q10609/slurm-logs/xcsp-parse-cop165-log-scop-task-rd-20260526-c609ccd4-dirty-q10609-rerun1-19856575-160.err,sat_no_proof,COMPLETED,0:0,00:00:18,"best incumbent shown; guarded improvement search stopped before optimality proof: relaxation produced 1255581 clauses in one round, exceeding limit 1000000",logs/cop165-cumulative-20260526-c609ccd4-dirty-q10609/slurm-logs/xcsp-parse-cop165-log-scop-cumext-20260526-c609ccd4-dirty-q10609-rerun1-19856577-160.out,logs/cop165-cumulative-20260526-c609ccd4-dirty-q10609/slurm-logs/xcsp-parse-cop165-log-scop-cumext-20260526-c609ccd4-dirty-q10609-rerun1-19856577-160.err,timeout_unknown,COMPLETED,0:0,00:30:07,terminated_by_signal,logs/cop165-cumulative-20260526-c609ccd4-dirty-q10609/slurm-logs/xcsp-parse-cop165-order-ge-time-rd-20260526-c609ccd4-dirty-q10609-rerun1-19856579-160.out,logs/cop165-cumulative-20260526-c609ccd4-dirty-q10609/slurm-logs/xcsp-parse-cop165-order-ge-time-rd-20260526-c609ccd4-dirty-q10609-rerun1-19856579-160.err,timeout_incumbent,COMPLETED,0:0,00:30:09,incumbent_interrupted_by_signal,logs/cop165-cumulative-20260526-c609ccd4-dirty-q10609/slurm-logs/xcsp-parse-cop165-order-ge-task-rd-20260526-c609ccd4-dirty-q10609-rerun1-19856581-160.out,logs/cop165-cumulative-20260526-c609ccd4-dirty-q10609/slurm-logs/xcsp-parse-cop165-order-ge-task-rd-20260526-c609ccd4-dirty-q10609-rerun1-19856581-160.err,timeout_incumbent,COMPLETED,0:0,00:30:04,incumbent_interrupted_by_signal,logs/cop165-cumulative-20260526-c609ccd4-dirty-q10609/slurm-logs/xcsp-parse-cop165-order-ge-cumext-20260526-c609ccd4-dirty-q10609-rerun1-19856583-160.out,logs/cop165-cumulative-20260526-c609ccd4-dirty-q10609/slurm-logs/xcsp-parse-cop165-order-ge-cumext-20260526-c609ccd4-dirty-q10609-rerun1-19856583-160.err
161,FlexibleJobshopScen-dh-5-20-200_c25.xml.lzma,COP22to25/FlexibleJobshopScen-dh-5-20-200_c25.xml.lzma,timeout_unknown,COMPLETED,0:0,00:30:09,terminated_by_signal,logs/cop165-cumulative-20260526-c609ccd4-dirty-q10609/slurm-logs/xcsp-parse-cop165-log-scop-time-rd-20260526-c609ccd4-dirty-q10609-rerun1-19856905-161.out,logs/cop165-cumulative-20260526-c609ccd4-dirty-q10609/slurm-logs/xcsp-parse-cop165-log-scop-time-rd-20260526-c609ccd4-dirty-q10609-rerun1-19856905-161.err,sat_no_proof,COMPLETED,0:0,00:25:28,"best incumbent shown; guarded improvement search stopped before optimality proof: relaxation produced 1287321 clauses in one round, exceeding limit 1000000",logs/cop165-cumulative-20260526-c609ccd4-dirty-q10609/slurm-logs/xcsp-parse-cop165-log-scop-task-rd-20260526-c609ccd4-dirty-q10609-rerun1-19856575-161.out,logs/cop165-cumulative-20260526-c609ccd4-dirty-q10609/slurm-logs/xcsp-parse-cop165-log-scop-task-rd-20260526-c609ccd4-dirty-q10609-rerun1-19856575-161.err,sat_no_proof,COMPLETED,0:0,00:00:27,"best incumbent shown; guarded improvement search stopped before optimality proof: relaxation produced 1287311 clauses in one round, exceeding limit 1000000",logs/cop165-cumulative-20260526-c609ccd4-dirty-q10609/slurm-logs/xcsp-parse-cop165-log-scop-cumext-20260526-c609ccd4-dirty-q10609-rerun1-19856577-161.out,logs/cop165-cumulative-20260526-c609ccd4-dirty-q10609/slurm-logs/xcsp-parse-cop165-log-scop-cumext-20260526-c609ccd4-dirty-q10609-rerun1-19856577-161.err,timeout_unknown,COMPLETED,0:0,00:30:07,terminated_by_signal,logs/cop165-cumulative-20260526-c609ccd4-dirty-q10609/slurm-logs/xcsp-parse-cop165-order-ge-time-rd-20260526-c609ccd4-dirty-q10609-rerun1-19856579-161.out,logs/cop165-cumulative-20260526-c609ccd4-dirty-q10609/slurm-logs/xcsp-parse-cop165-order-ge-time-rd-20260526-c609ccd4-dirty-q10609-rerun1-19856579-161.err,out_of_memory,OUT_OF_MEMORY,0:125,00:17:02,slurmstepd: error: Detected 5 oom-kill event(s) in StepId=19866922.batch. Some of your processes may have been killed by the cgroup out-of-memory handler.,logs/cop165-cumulative-20260526-c609ccd4-dirty-q10609/slurm-logs/xcsp-parse-cop165-order-ge-task-rd-20260526-c609ccd4-dirty-q10609-rerun1-19856581-161.out,logs/cop165-cumulative-20260526-c609ccd4-dirty-q10609/slurm-logs/xcsp-parse-cop165-order-ge-task-rd-20260526-c609ccd4-dirty-q10609-rerun1-19856581-161.err,timeout_unknown,COMPLETED,0:0,00:30:06,terminated_by_signal,logs/cop165-cumulative-20260526-c609ccd4-dirty-q10609/slurm-logs/xcsp-parse-cop165-order-ge-cumext-20260526-c609ccd4-dirty-q10609-rerun1-19856583-161.out,logs/cop165-cumulative-20260526-c609ccd4-dirty-q10609/slurm-logs/xcsp-parse-cop165-order-ge-cumext-20260526-c609ccd4-dirty-q10609-rerun1-19856583-161.err
162,FlexibleJobshopScen-dh-6-18-400_c25.xml.lzma,COP22to25/FlexibleJobshopScen-dh-6-18-400_c25.xml.lzma,timeout_unknown,COMPLETED,0:0,00:30:08,terminated_by_signal,logs/cop165-cumulative-20260526-c609ccd4-dirty-q10609/slurm-logs/xcsp-parse-cop165-log-scop-time-rd-20260526-c609ccd4-dirty-q10609-rerun1-19856905-162.out,logs/cop165-cumulative-20260526-c609ccd4-dirty-q10609/slurm-logs/xcsp-parse-cop165-log-scop-time-rd-20260526-c609ccd4-dirty-q10609-rerun1-19856905-162.err,timeout_incumbent,COMPLETED,0:0,00:30:04,incumbent_interrupted_by_signal,logs/cop165-cumulative-20260526-c609ccd4-dirty-q10609/slurm-logs/xcsp-parse-cop165-log-scop-task-rd-20260526-c609ccd4-dirty-q10609-rerun1-19856575-162.out,logs/cop165-cumulative-20260526-c609ccd4-dirty-q10609/slurm-logs/xcsp-parse-cop165-log-scop-task-rd-20260526-c609ccd4-dirty-q10609-rerun1-19856575-162.err,sat_no_proof,COMPLETED,0:0,00:00:43,"best incumbent shown; guarded improvement search stopped before optimality proof: relaxation produced 4862205 clauses in one round, exceeding limit 1000000",logs/cop165-cumulative-20260526-c609ccd4-dirty-q10609/slurm-logs/xcsp-parse-cop165-log-scop-cumext-20260526-c609ccd4-dirty-q10609-rerun1-19856577-162.out,logs/cop165-cumulative-20260526-c609ccd4-dirty-q10609/slurm-logs/xcsp-parse-cop165-log-scop-cumext-20260526-c609ccd4-dirty-q10609-rerun1-19856577-162.err,timeout_unknown,COMPLETED,0:0,00:30:06,terminated_by_signal,logs/cop165-cumulative-20260526-c609ccd4-dirty-q10609/slurm-logs/xcsp-parse-cop165-order-ge-time-rd-20260526-c609ccd4-dirty-q10609-rerun1-19856579-162.out,logs/cop165-cumulative-20260526-c609ccd4-dirty-q10609/slurm-logs/xcsp-parse-cop165-order-ge-time-rd-20260526-c609ccd4-dirty-q10609-rerun1-19856579-162.err,out_of_memory,OUT_OF_MEMORY,0:125,00:20:14,slurmstepd: error: Detected 1 oom-kill event(s) in StepId=19866934.batch. Some of your processes may have been killed by the cgroup out-of-memory handler.,logs/cop165-cumulative-20260526-c609ccd4-dirty-q10609/slurm-logs/xcsp-parse-cop165-order-ge-task-rd-20260526-c609ccd4-dirty-q10609-rerun1-19856581-162.out,logs/cop165-cumulative-20260526-c609ccd4-dirty-q10609/slurm-logs/xcsp-parse-cop165-order-ge-task-rd-20260526-c609ccd4-dirty-q10609-rerun1-19856581-162.err,timeout_unknown,COMPLETED,0:0,00:30:06,terminated_by_signal,logs/cop165-cumulative-20260526-c609ccd4-dirty-q10609/slurm-logs/xcsp-parse-cop165-order-ge-cumext-20260526-c609ccd4-dirty-q10609-rerun1-19856583-162.out,logs/cop165-cumulative-20260526-c609ccd4-dirty-q10609/slurm-logs/xcsp-parse-cop165-order-ge-cumext-20260526-c609ccd4-dirty-q10609-rerun1-19856583-162.err
163,FlexibleJobshopScen-dh-5-16-400_c25.xml.lzma,COP22to25/FlexibleJobshopScen-dh-5-16-400_c25.xml.lzma,timeout_unknown,COMPLETED,0:0,00:30:09,terminated_by_signal,logs/cop165-cumulative-20260526-c609ccd4-dirty-q10609/slurm-logs/xcsp-parse-cop165-log-scop-time-rd-20260526-c609ccd4-dirty-q10609-rerun1-19856905-163.out,logs/cop165-cumulative-20260526-c609ccd4-dirty-q10609/slurm-logs/xcsp-parse-cop165-log-scop-time-rd-20260526-c609ccd4-dirty-q10609-rerun1-19856905-163.err,timeout_unknown,COMPLETED,0:0,00:30:05,terminated_by_signal,logs/cop165-cumulative-20260526-c609ccd4-dirty-q10609/slurm-logs/xcsp-parse-cop165-log-scop-task-rd-20260526-c609ccd4-dirty-q10609-rerun1-19856575-163.out,logs/cop165-cumulative-20260526-c609ccd4-dirty-q10609/slurm-logs/xcsp-parse-cop165-log-scop-task-rd-20260526-c609ccd4-dirty-q10609-rerun1-19856575-163.err,sat_no_proof,COMPLETED,0:0,00:00:42,"best incumbent shown; guarded improvement search stopped before optimality proof: relaxation produced 4854885 clauses in one round, exceeding limit 1000000",logs/cop165-cumulative-20260526-c609ccd4-dirty-q10609/slurm-logs/xcsp-parse-cop165-log-scop-cumext-20260526-c609ccd4-dirty-q10609-rerun1-19856577-163.out,logs/cop165-cumulative-20260526-c609ccd4-dirty-q10609/slurm-logs/xcsp-parse-cop165-log-scop-cumext-20260526-c609ccd4-dirty-q10609-rerun1-19856577-163.err,timeout_unknown,COMPLETED,0:0,00:30:06,terminated_by_signal,logs/cop165-cumulative-20260526-c609ccd4-dirty-q10609/slurm-logs/xcsp-parse-cop165-order-ge-time-rd-20260526-c609ccd4-dirty-q10609-rerun1-19856579-163.out,logs/cop165-cumulative-20260526-c609ccd4-dirty-q10609/slurm-logs/xcsp-parse-cop165-order-ge-time-rd-20260526-c609ccd4-dirty-q10609-rerun1-19856579-163.err,out_of_memory,OUT_OF_MEMORY,0:125,00:08:26,"/var/spool/slurm/d/job19866956/slurm_script: 134 行: 659946 強制終了            ""$ENGINE_BIN"" exec --bind ""${BENCHMARK_DIR%/}:${CONTAINER_BENCH_DIR%/}"" --bind ""${LOG_DIR%/}:${CONTAINER_LOG_DIR%/}"" --bind ""${RESULT_DIR%/}:${CONTAINER_RESULT_DIR%/}"" --env ""INSTANCE_PATH=${instance_conta",logs/cop165-cumulative-20260526-c609ccd4-dirty-q10609/slurm-logs/xcsp-parse-cop165-order-ge-task-rd-20260526-c609ccd4-dirty-q10609-rerun1-19856581-163.out,logs/cop165-cumulative-20260526-c609ccd4-dirty-q10609/slurm-logs/xcsp-parse-cop165-order-ge-task-rd-20260526-c609ccd4-dirty-q10609-rerun1-19856581-163.err,timeout_unknown,COMPLETED,0:0,00:30:07,terminated_by_signal,logs/cop165-cumulative-20260526-c609ccd4-dirty-q10609/slurm-logs/xcsp-parse-cop165-order-ge-cumext-20260526-c609ccd4-dirty-q10609-rerun1-19856583-163.out,logs/cop165-cumulative-20260526-c609ccd4-dirty-q10609/slurm-logs/xcsp-parse-cop165-order-ge-cumext-20260526-c609ccd4-dirty-q10609-rerun1-19856583-163.err
164,LargeScaleScheduling-25600-0_c23.xml.lzma,COP22to25/LargeScaleScheduling-25600-0_c23.xml.lzma,timeout_unknown,COMPLETED,0:0,00:30:05,terminated_by_signal,logs/cop165-cumulative-20260526-c609ccd4-dirty-q10609/slurm-logs/xcsp-parse-cop165-log-scop-time-rd-20260526-c609ccd4-dirty-q10609-rerun1-19856905-164.out,logs/cop165-cumulative-20260526-c609ccd4-dirty-q10609/slurm-logs/xcsp-parse-cop165-log-scop-time-rd-20260526-c609ccd4-dirty-q10609-rerun1-19856905-164.err,timeout_unknown,COMPLETED,0:0,00:30:13,terminated_by_signal,logs/cop165-cumulative-20260526-c609ccd4-dirty-q10609/slurm-logs/xcsp-parse-cop165-log-scop-task-rd-20260526-c609ccd4-dirty-q10609-rerun1-19856575-164.out,logs/cop165-cumulative-20260526-c609ccd4-dirty-q10609/slurm-logs/xcsp-parse-cop165-log-scop-task-rd-20260526-c609ccd4-dirty-q10609-rerun1-19856575-164.err,timeout_unknown,COMPLETED,0:0,00:30:03,terminated_by_signal,logs/cop165-cumulative-20260526-c609ccd4-dirty-q10609/slurm-logs/xcsp-parse-cop165-log-scop-cumext-20260526-c609ccd4-dirty-q10609-rerun1-19856577-164.out,logs/cop165-cumulative-20260526-c609ccd4-dirty-q10609/slurm-logs/xcsp-parse-cop165-log-scop-cumext-20260526-c609ccd4-dirty-q10609-rerun1-19856577-164.err,encode_failed,COMPLETED,0:0,00:00:04,sat variable count overflow,logs/cop165-cumulative-20260526-c609ccd4-dirty-q10609/slurm-logs/xcsp-parse-cop165-order-ge-time-rd-20260526-c609ccd4-dirty-q10609-rerun1-19856579-164.out,logs/cop165-cumulative-20260526-c609ccd4-dirty-q10609/slurm-logs/xcsp-parse-cop165-order-ge-time-rd-20260526-c609ccd4-dirty-q10609-rerun1-19856579-164.err,timeout_unknown,COMPLETED,0:0,00:30:13,terminated_by_signal,logs/cop165-cumulative-20260526-c609ccd4-dirty-q10609/slurm-logs/xcsp-parse-cop165-order-ge-task-rd-20260526-c609ccd4-dirty-q10609-rerun1-19856581-164.out,logs/cop165-cumulative-20260526-c609ccd4-dirty-q10609/slurm-logs/xcsp-parse-cop165-order-ge-task-rd-20260526-c609ccd4-dirty-q10609-rerun1-19856581-164.err,encode_failed,COMPLETED,0:0,00:00:04,sat variable count overflow,logs/cop165-cumulative-20260526-c609ccd4-dirty-q10609/slurm-logs/xcsp-parse-cop165-order-ge-cumext-20260526-c609ccd4-dirty-q10609-rerun1-19856583-164.out,logs/cop165-cumulative-20260526-c609ccd4-dirty-q10609/slurm-logs/xcsp-parse-cop165-order-ge-cumext-20260526-c609ccd4-dirty-q10609-rerun1-19856583-164.err
165,FlexibleJobshopScen-dh-5-20-400_c25.xml.lzma,COP22to25/FlexibleJobshopScen-dh-5-20-400_c25.xml.lzma,timeout_unknown,COMPLETED,0:0,00:30:08,terminated_by_signal,logs/cop165-cumulative-20260526-c609ccd4-dirty-q10609/slurm-logs/xcsp-parse-cop165-log-scop-time-rd-20260526-c609ccd4-dirty-q10609-rerun1-19856905-165.out,logs/cop165-cumulative-20260526-c609ccd4-dirty-q10609/slurm-logs/xcsp-parse-cop165-log-scop-time-rd-20260526-c609ccd4-dirty-q10609-rerun1-19856905-165.err,timeout_unknown,COMPLETED,0:0,00:30:06,terminated_by_signal,logs/cop165-cumulative-20260526-c609ccd4-dirty-q10609/slurm-logs/xcsp-parse-cop165-log-scop-task-rd-20260526-c609ccd4-dirty-q10609-rerun1-19856575-165.out,logs/cop165-cumulative-20260526-c609ccd4-dirty-q10609/slurm-logs/xcsp-parse-cop165-log-scop-task-rd-20260526-c609ccd4-dirty-q10609-rerun1-19856575-165.err,sat_no_proof,COMPLETED,0:0,00:01:14,"best incumbent shown; guarded improvement search stopped before optimality proof: relaxation produced 4893740 clauses in one round, exceeding limit 1000000",logs/cop165-cumulative-20260526-c609ccd4-dirty-q10609/slurm-logs/xcsp-parse-cop165-log-scop-cumext-20260526-c609ccd4-dirty-q10609-rerun1-19856577-165.out,logs/cop165-cumulative-20260526-c609ccd4-dirty-q10609/slurm-logs/xcsp-parse-cop165-log-scop-cumext-20260526-c609ccd4-dirty-q10609-rerun1-19856577-165.err,timeout_unknown,COMPLETED,0:0,00:30:06,terminated_by_signal,logs/cop165-cumulative-20260526-c609ccd4-dirty-q10609/slurm-logs/xcsp-parse-cop165-order-ge-time-rd-20260526-c609ccd4-dirty-q10609-rerun1-19856579-165.out,logs/cop165-cumulative-20260526-c609ccd4-dirty-q10609/slurm-logs/xcsp-parse-cop165-order-ge-time-rd-20260526-c609ccd4-dirty-q10609-rerun1-19856579-165.err,out_of_memory,OUT_OF_MEMORY,0:125,00:08:24,"/var/spool/slurm/d/job19856581/slurm_script: 134 行: 1288043 強制終了            ""$ENGINE_BIN"" exec --bind ""${BENCHMARK_DIR%/}:${CONTAINER_BENCH_DIR%/}"" --bind ""${LOG_DIR%/}:${CONTAINER_LOG_DIR%/}"" --bind ""${RESULT_DIR%/}:${CONTAINER_RESULT_DIR%/}"" --env ""INSTANCE_PATH=${instance_cont",logs/cop165-cumulative-20260526-c609ccd4-dirty-q10609/slurm-logs/xcsp-parse-cop165-order-ge-task-rd-20260526-c609ccd4-dirty-q10609-rerun1-19856581-165.out,logs/cop165-cumulative-20260526-c609ccd4-dirty-q10609/slurm-logs/xcsp-parse-cop165-order-ge-task-rd-20260526-c609ccd4-dirty-q10609-rerun1-19856581-165.err,timeout_unknown,COMPLETED,0:0,00:30:05,terminated_by_signal,logs/cop165-cumulative-20260526-c609ccd4-dirty-q10609/slurm-logs/xcsp-parse-cop165-order-ge-cumext-20260526-c609ccd4-dirty-q10609-rerun1-19856583-165.out,logs/cop165-cumulative-20260526-c609ccd4-dirty-q10609/slurm-logs/xcsp-parse-cop165-order-ge-cumext-20260526-c609ccd4-dirty-q10609-rerun1-19856583-165.err
