JobID|JobIDRaw|JobName|State|ExitCode|Elapsed
19856575_1|19856823|xcsp-parse-cop165-log-scop-task-rd-20260526-c609ccd4-dirty-q10609-rerun1|FAILED|1:0|00:00:03
19856575_1.batch|19856823.batch|batch|FAILED|1:0|00:00:03
19856575_1.extern|19856823.extern|extern|COMPLETED|0:0|00:00:04
19856575_2|19856824|xcsp-parse-cop165-log-scop-task-rd-20260526-c609ccd4-dirty-q10609-rerun1|FAILED|1:0|00:00:03
19856575_2.batch|19856824.batch|batch|FAILED|1:0|00:00:03
19856575_2.extern|19856824.extern|extern|COMPLETED|0:0|00:00:04
19856575_3|19856825|xcsp-parse-cop165-log-scop-task-rd-20260526-c609ccd4-dirty-q10609-rerun1|FAILED|1:0|00:00:03
19856575_3.batch|19856825.batch|batch|FAILED|1:0|00:00:03
19856575_3.extern|19856825.extern|extern|COMPLETED|0:0|00:00:04
19856575_4|19856826|xcsp-parse-cop165-log-scop-task-rd-20260526-c609ccd4-dirty-q10609-rerun1|FAILED|1:0|00:00:03
19856575_4.batch|19856826.batch|batch|FAILED|1:0|00:00:03
19856575_4.extern|19856826.extern|extern|COMPLETED|0:0|00:00:04
19856575_5|19856827|xcsp-parse-cop165-log-scop-task-rd-20260526-c609ccd4-dirty-q10609-rerun1|FAILED|1:0|00:00:03
19856575_5.batch|19856827.batch|batch|FAILED|1:0|00:00:03
19856575_5.extern|19856827.extern|extern|COMPLETED|0:0|00:00:04
19856575_6|19856828|xcsp-parse-cop165-log-scop-task-rd-20260526-c609ccd4-dirty-q10609-rerun1|FAILED|1:0|00:00:03
19856575_6.batch|19856828.batch|batch|FAILED|1:0|00:00:03
19856575_6.extern|19856828.extern|extern|COMPLETED|0:0|00:00:04
19856575_7|19856829|xcsp-parse-cop165-log-scop-task-rd-20260526-c609ccd4-dirty-q10609-rerun1|FAILED|1:0|00:00:03
19856575_7.batch|19856829.batch|batch|FAILED|1:0|00:00:03
19856575_7.extern|19856829.extern|extern|COMPLETED|0:0|00:00:04
19856575_8|19856830|xcsp-parse-cop165-log-scop-task-rd-20260526-c609ccd4-dirty-q10609-rerun1|FAILED|1:0|00:00:03
19856575_8.batch|19856830.batch|batch|FAILED|1:0|00:00:03
19856575_8.extern|19856830.extern|extern|COMPLETED|0:0|00:00:04
19856575_9|19856831|xcsp-parse-cop165-log-scop-task-rd-20260526-c609ccd4-dirty-q10609-rerun1|FAILED|1:0|00:00:03
19856575_9.batch|19856831.batch|batch|FAILED|1:0|00:00:03
19856575_9.extern|19856831.extern|extern|COMPLETED|0:0|00:00:04
19856575_10|19856832|xcsp-parse-cop165-log-scop-task-rd-20260526-c609ccd4-dirty-q10609-rerun1|FAILED|1:0|00:00:03
19856575_10.batch|19856832.batch|batch|FAILED|1:0|00:00:03
19856575_10.extern|19856832.extern|extern|COMPLETED|0:0|00:00:04
19856575_11|19856833|xcsp-parse-cop165-log-scop-task-rd-20260526-c609ccd4-dirty-q10609-rerun1|FAILED|1:0|00:00:03
19856575_11.batch|19856833.batch|batch|FAILED|1:0|00:00:03
19856575_11.extern|19856833.extern|extern|COMPLETED|0:0|00:00:04
19856575_12|19856834|xcsp-parse-cop165-log-scop-task-rd-20260526-c609ccd4-dirty-q10609-rerun1|FAILED|1:0|00:00:03
19856575_12.batch|19856834.batch|batch|FAILED|1:0|00:00:03
19856575_12.extern|19856834.extern|extern|COMPLETED|0:0|00:00:04
19856575_13|19856835|xcsp-parse-cop165-log-scop-task-rd-20260526-c609ccd4-dirty-q10609-rerun1|FAILED|1:0|00:00:03
19856575_13.batch|19856835.batch|batch|FAILED|1:0|00:00:03
19856575_13.extern|19856835.extern|extern|COMPLETED|0:0|00:00:04
19856575_14|19856836|xcsp-parse-cop165-log-scop-task-rd-20260526-c609ccd4-dirty-q10609-rerun1|FAILED|1:0|00:00:03
19856575_14.batch|19856836.batch|batch|FAILED|1:0|00:00:03
19856575_14.extern|19856836.extern|extern|COMPLETED|0:0|00:00:04
19856575_15|19856837|xcsp-parse-cop165-log-scop-task-rd-20260526-c609ccd4-dirty-q10609-rerun1|FAILED|1:0|00:00:03
19856575_15.batch|19856837.batch|batch|FAILED|1:0|00:00:03
19856575_15.extern|19856837.extern|extern|COMPLETED|0:0|00:00:04
19856575_16|19856838|xcsp-parse-cop165-log-scop-task-rd-20260526-c609ccd4-dirty-q10609-rerun1|FAILED|1:0|00:00:03
19856575_16.batch|19856838.batch|batch|FAILED|1:0|00:00:03
19856575_16.extern|19856838.extern|extern|COMPLETED|0:0|00:00:04
19856575_17|19856839|xcsp-parse-cop165-log-scop-task-rd-20260526-c609ccd4-dirty-q10609-rerun1|FAILED|1:0|00:00:03
19856575_17.batch|19856839.batch|batch|FAILED|1:0|00:00:03
19856575_17.extern|19856839.extern|extern|COMPLETED|0:0|00:00:04
19856575_18|19856840|xcsp-parse-cop165-log-scop-task-rd-20260526-c609ccd4-dirty-q10609-rerun1|FAILED|1:0|00:00:03
19856575_18.batch|19856840.batch|batch|FAILED|1:0|00:00:03
19856575_18.extern|19856840.extern|extern|COMPLETED|0:0|00:00:04
19856575_19|19856841|xcsp-parse-cop165-log-scop-task-rd-20260526-c609ccd4-dirty-q10609-rerun1|FAILED|1:0|00:00:03
19856575_19.batch|19856841.batch|batch|FAILED|1:0|00:00:03
19856575_19.extern|19856841.extern|extern|COMPLETED|0:0|00:00:04
19856575_20|19856842|xcsp-parse-cop165-log-scop-task-rd-20260526-c609ccd4-dirty-q10609-rerun1|FAILED|1:0|00:00:03
19856575_20.batch|19856842.batch|batch|FAILED|1:0|00:00:03
19856575_20.extern|19856842.extern|extern|COMPLETED|0:0|00:00:04
19856575_21|19856843|xcsp-parse-cop165-log-scop-task-rd-20260526-c609ccd4-dirty-q10609-rerun1|FAILED|1:0|00:00:03
19856575_21.batch|19856843.batch|batch|FAILED|1:0|00:00:03
19856575_21.extern|19856843.extern|extern|COMPLETED|0:0|00:00:04
19856575_22|19856844|xcsp-parse-cop165-log-scop-task-rd-20260526-c609ccd4-dirty-q10609-rerun1|FAILED|1:0|00:00:03
19856575_22.batch|19856844.batch|batch|FAILED|1:0|00:00:03
19856575_22.extern|19856844.extern|extern|COMPLETED|0:0|00:00:04
19856575_23|19856845|xcsp-parse-cop165-log-scop-task-rd-20260526-c609ccd4-dirty-q10609-rerun1|FAILED|1:0|00:00:03
19856575_23.batch|19856845.batch|batch|FAILED|1:0|00:00:03
19856575_23.extern|19856845.extern|extern|COMPLETED|0:0|00:00:04
19856575_24|19856846|xcsp-parse-cop165-log-scop-task-rd-20260526-c609ccd4-dirty-q10609-rerun1|FAILED|1:0|00:00:03
19856575_24.batch|19856846.batch|batch|FAILED|1:0|00:00:03
19856575_24.extern|19856846.extern|extern|COMPLETED|0:0|00:00:04
19856575_25|19856847|xcsp-parse-cop165-log-scop-task-rd-20260526-c609ccd4-dirty-q10609-rerun1|FAILED|1:0|00:00:03
19856575_25.batch|19856847.batch|batch|FAILED|1:0|00:00:03
19856575_25.extern|19856847.extern|extern|COMPLETED|0:0|00:00:04
19856575_26|19856848|xcsp-parse-cop165-log-scop-task-rd-20260526-c609ccd4-dirty-q10609-rerun1|FAILED|1:0|00:00:03
19856575_26.batch|19856848.batch|batch|FAILED|1:0|00:00:03
19856575_26.extern|19856848.extern|extern|COMPLETED|0:0|00:00:04
19856575_27|19856849|xcsp-parse-cop165-log-scop-task-rd-20260526-c609ccd4-dirty-q10609-rerun1|FAILED|1:0|00:00:03
19856575_27.batch|19856849.batch|batch|FAILED|1:0|00:00:03
19856575_27.extern|19856849.extern|extern|COMPLETED|0:0|00:00:04
19856575_28|19856865|xcsp-parse-cop165-log-scop-task-rd-20260526-c609ccd4-dirty-q10609-rerun1|COMPLETED|0:0|00:30:05
19856575_28.batch|19856865.batch|batch|COMPLETED|0:0|00:30:05
19856575_28.extern|19856865.extern|extern|COMPLETED|0:0|00:30:05
19856575_29|19856866|xcsp-parse-cop165-log-scop-task-rd-20260526-c609ccd4-dirty-q10609-rerun1|COMPLETED|0:0|00:30:05
19856575_29.batch|19856866.batch|batch|COMPLETED|0:0|00:30:05
19856575_29.extern|19856866.extern|extern|COMPLETED|0:0|00:30:05
19856575_30|19856867|xcsp-parse-cop165-log-scop-task-rd-20260526-c609ccd4-dirty-q10609-rerun1|COMPLETED|0:0|00:30:05
19856575_30.batch|19856867.batch|batch|COMPLETED|0:0|00:30:05
19856575_30.extern|19856867.extern|extern|COMPLETED|0:0|00:30:05
19856575_31|19856868|xcsp-parse-cop165-log-scop-task-rd-20260526-c609ccd4-dirty-q10609-rerun1|COMPLETED|0:0|00:30:05
19856575_31.batch|19856868.batch|batch|COMPLETED|0:0|00:30:05
19856575_31.extern|19856868.extern|extern|COMPLETED|0:0|00:30:05
19856575_32|19856869|xcsp-parse-cop165-log-scop-task-rd-20260526-c609ccd4-dirty-q10609-rerun1|COMPLETED|0:0|00:00:44
19856575_32.batch|19856869.batch|batch|COMPLETED|0:0|00:00:44
19856575_32.extern|19856869.extern|extern|COMPLETED|0:0|00:00:44
19856575_33|19856870|xcsp-parse-cop165-log-scop-task-rd-20260526-c609ccd4-dirty-q10609-rerun1|COMPLETED|0:0|00:00:20
19856575_33.batch|19856870.batch|batch|COMPLETED|0:0|00:00:20
19856575_33.extern|19856870.extern|extern|COMPLETED|0:0|00:00:20
19856575_34|19856871|xcsp-parse-cop165-log-scop-task-rd-20260526-c609ccd4-dirty-q10609-rerun1|COMPLETED|0:0|00:00:38
19856575_34.batch|19856871.batch|batch|COMPLETED|0:0|00:00:38
19856575_34.extern|19856871.extern|extern|COMPLETED|0:0|00:00:38
19856575_35|19856872|xcsp-parse-cop165-log-scop-task-rd-20260526-c609ccd4-dirty-q10609-rerun1|COMPLETED|0:0|00:05:50
19856575_35.batch|19856872.batch|batch|COMPLETED|0:0|00:05:50
19856575_35.extern|19856872.extern|extern|COMPLETED|0:0|00:05:50
19856575_36|19856873|xcsp-parse-cop165-log-scop-task-rd-20260526-c609ccd4-dirty-q10609-rerun1|COMPLETED|0:0|00:00:24
19856575_36.batch|19856873.batch|batch|COMPLETED|0:0|00:00:24
19856575_36.extern|19856873.extern|extern|COMPLETED|0:0|00:00:24
19856575_37|19856874|xcsp-parse-cop165-log-scop-task-rd-20260526-c609ccd4-dirty-q10609-rerun1|COMPLETED|0:0|00:00:10
19856575_37.batch|19856874.batch|batch|COMPLETED|0:0|00:00:10
19856575_37.extern|19856874.extern|extern|COMPLETED|0:0|00:00:10
19856575_38|19856875|xcsp-parse-cop165-log-scop-task-rd-20260526-c609ccd4-dirty-q10609-rerun1|COMPLETED|0:0|00:00:24
19856575_38.batch|19856875.batch|batch|COMPLETED|0:0|00:00:24
19856575_38.extern|19856875.extern|extern|COMPLETED|0:0|00:00:24
19856575_39|19856876|xcsp-parse-cop165-log-scop-task-rd-20260526-c609ccd4-dirty-q10609-rerun1|COMPLETED|0:0|00:00:37
19856575_39.batch|19856876.batch|batch|COMPLETED|0:0|00:00:37
19856575_39.extern|19856876.extern|extern|COMPLETED|0:0|00:00:38
19856575_40|19856877|xcsp-parse-cop165-log-scop-task-rd-20260526-c609ccd4-dirty-q10609-rerun1|COMPLETED|0:0|00:00:44
19856575_40.batch|19856877.batch|batch|COMPLETED|0:0|00:00:44
19856575_40.extern|19856877.extern|extern|COMPLETED|0:0|00:00:44
19856575_41|19856878|xcsp-parse-cop165-log-scop-task-rd-20260526-c609ccd4-dirty-q10609-rerun1|COMPLETED|0:0|00:00:21
19856575_41.batch|19856878.batch|batch|COMPLETED|0:0|00:00:21
19856575_41.extern|19856878.extern|extern|COMPLETED|0:0|00:00:21
19856575_42|19856879|xcsp-parse-cop165-log-scop-task-rd-20260526-c609ccd4-dirty-q10609-rerun1|COMPLETED|0:0|00:00:14
19856575_42.batch|19856879.batch|batch|COMPLETED|0:0|00:00:14
19856575_42.extern|19856879.extern|extern|COMPLETED|0:0|00:00:14
19856575_43|19856880|xcsp-parse-cop165-log-scop-task-rd-20260526-c609ccd4-dirty-q10609-rerun1|COMPLETED|0:0|00:30:05
19856575_43.batch|19856880.batch|batch|COMPLETED|0:0|00:30:05
19856575_43.extern|19856880.extern|extern|COMPLETED|0:0|00:30:05
19856575_44|19856881|xcsp-parse-cop165-log-scop-task-rd-20260526-c609ccd4-dirty-q10609-rerun1|COMPLETED|0:0|00:00:17
19856575_44.batch|19856881.batch|batch|COMPLETED|0:0|00:00:17
19856575_44.extern|19856881.extern|extern|COMPLETED|0:0|00:00:17
19856575_45|19856882|xcsp-parse-cop165-log-scop-task-rd-20260526-c609ccd4-dirty-q10609-rerun1|COMPLETED|0:0|00:00:57
19856575_45.batch|19856882.batch|batch|COMPLETED|0:0|00:00:57
19856575_45.extern|19856882.extern|extern|COMPLETED|0:0|00:00:57
19856575_46|19856883|xcsp-parse-cop165-log-scop-task-rd-20260526-c609ccd4-dirty-q10609-rerun1|COMPLETED|0:0|00:30:05
19856575_46.batch|19856883.batch|batch|COMPLETED|0:0|00:30:05
19856575_46.extern|19856883.extern|extern|COMPLETED|0:0|00:30:05
19856575_47|19856884|xcsp-parse-cop165-log-scop-task-rd-20260526-c609ccd4-dirty-q10609-rerun1|COMPLETED|0:0|00:02:56
19856575_47.batch|19856884.batch|batch|COMPLETED|0:0|00:02:56
19856575_47.extern|19856884.extern|extern|COMPLETED|0:0|00:02:56
19856575_48|19856885|xcsp-parse-cop165-log-scop-task-rd-20260526-c609ccd4-dirty-q10609-rerun1|COMPLETED|0:0|00:02:17
19856575_48.batch|19856885.batch|batch|COMPLETED|0:0|00:02:17
19856575_48.extern|19856885.extern|extern|COMPLETED|0:0|00:02:17
19856575_49|19856886|xcsp-parse-cop165-log-scop-task-rd-20260526-c609ccd4-dirty-q10609-rerun1|COMPLETED|0:0|00:03:00
19856575_49.batch|19856886.batch|batch|COMPLETED|0:0|00:03:00
19856575_49.extern|19856886.extern|extern|COMPLETED|0:0|00:03:00
19856575_50|19856887|xcsp-parse-cop165-log-scop-task-rd-20260526-c609ccd4-dirty-q10609-rerun1|COMPLETED|0:0|00:03:13
19856575_50.batch|19856887.batch|batch|COMPLETED|0:0|00:03:13
19856575_50.extern|19856887.extern|extern|COMPLETED|0:0|00:03:13
19856575_51|19856888|xcsp-parse-cop165-log-scop-task-rd-20260526-c609ccd4-dirty-q10609-rerun1|COMPLETED|0:0|00:30:05
19856575_51.batch|19856888.batch|batch|COMPLETED|0:0|00:30:05
19856575_51.extern|19856888.extern|extern|COMPLETED|0:0|00:30:05
19856575_52|19856889|xcsp-parse-cop165-log-scop-task-rd-20260526-c609ccd4-dirty-q10609-rerun1|COMPLETED|0:0|00:03:00
19856575_52.batch|19856889.batch|batch|COMPLETED|0:0|00:03:00
19856575_52.extern|19856889.extern|extern|COMPLETED|0:0|00:03:00
19856575_53|19856890|xcsp-parse-cop165-log-scop-task-rd-20260526-c609ccd4-dirty-q10609-rerun1|COMPLETED|0:0|00:10:15
19856575_53.batch|19856890.batch|batch|COMPLETED|0:0|00:10:15
19856575_53.extern|19856890.extern|extern|COMPLETED|0:0|00:10:15
19856575_54|19856891|xcsp-parse-cop165-log-scop-task-rd-20260526-c609ccd4-dirty-q10609-rerun1|COMPLETED|0:0|00:12:22
19856575_54.batch|19856891.batch|batch|COMPLETED|0:0|00:12:22
19856575_54.extern|19856891.extern|extern|COMPLETED|0:0|00:12:23
19856575_55|19856892|xcsp-parse-cop165-log-scop-task-rd-20260526-c609ccd4-dirty-q10609-rerun1|COMPLETED|0:0|00:01:01
19856575_55.batch|19856892.batch|batch|COMPLETED|0:0|00:01:01
19856575_55.extern|19856892.extern|extern|COMPLETED|0:0|00:01:01
19856575_56|19856893|xcsp-parse-cop165-log-scop-task-rd-20260526-c609ccd4-dirty-q10609-rerun1|COMPLETED|0:0|00:30:05
19856575_56.batch|19856893.batch|batch|COMPLETED|0:0|00:30:05
19856575_56.extern|19856893.extern|extern|COMPLETED|0:0|00:30:05
19856575_57|19856894|xcsp-parse-cop165-log-scop-task-rd-20260526-c609ccd4-dirty-q10609-rerun1|COMPLETED|0:0|00:08:58
19856575_57.batch|19856894.batch|batch|COMPLETED|0:0|00:08:58
19856575_57.extern|19856894.extern|extern|COMPLETED|0:0|00:08:58
19856575_58|19856895|xcsp-parse-cop165-log-scop-task-rd-20260526-c609ccd4-dirty-q10609-rerun1|COMPLETED|0:0|00:06:57
19856575_58.batch|19856895.batch|batch|COMPLETED|0:0|00:06:57
19856575_58.extern|19856895.extern|extern|COMPLETED|0:0|00:06:58
19856575_59|19856896|xcsp-parse-cop165-log-scop-task-rd-20260526-c609ccd4-dirty-q10609-rerun1|COMPLETED|0:0|00:30:05
19856575_59.batch|19856896.batch|batch|COMPLETED|0:0|00:30:05
19856575_59.extern|19856896.extern|extern|COMPLETED|0:0|00:30:05
19856575_60|19856931|xcsp-parse-cop165-log-scop-task-rd-20260526-c609ccd4-dirty-q10609-rerun1|COMPLETED|0:0|00:30:04
19856575_60.batch|19856931.batch|batch|COMPLETED|0:0|00:30:04
19856575_60.extern|19856931.extern|extern|COMPLETED|0:0|00:30:04
19856575_61|19856939|xcsp-parse-cop165-log-scop-task-rd-20260526-c609ccd4-dirty-q10609-rerun1|COMPLETED|0:0|00:30:03
19856575_61.batch|19856939.batch|batch|COMPLETED|0:0|00:30:03
19856575_61.extern|19856939.extern|extern|COMPLETED|0:0|00:30:03
19856575_62|19856947|xcsp-parse-cop165-log-scop-task-rd-20260526-c609ccd4-dirty-q10609-rerun1|COMPLETED|0:0|00:02:50
19856575_62.batch|19856947.batch|batch|COMPLETED|0:0|00:02:50
19856575_62.extern|19856947.extern|extern|COMPLETED|0:0|00:02:50
19856575_63|19856958|xcsp-parse-cop165-log-scop-task-rd-20260526-c609ccd4-dirty-q10609-rerun1|COMPLETED|0:0|00:30:03
19856575_63.batch|19856958.batch|batch|COMPLETED|0:0|00:30:03
19856575_63.extern|19856958.extern|extern|COMPLETED|0:0|00:30:03
19856575_64|19856959|xcsp-parse-cop165-log-scop-task-rd-20260526-c609ccd4-dirty-q10609-rerun1|COMPLETED|0:0|00:30:03
19856575_64.batch|19856959.batch|batch|COMPLETED|0:0|00:30:03
19856575_64.extern|19856959.extern|extern|COMPLETED|0:0|00:30:03
19856575_65|19856963|xcsp-parse-cop165-log-scop-task-rd-20260526-c609ccd4-dirty-q10609-rerun1|COMPLETED|0:0|00:30:03
19856575_65.batch|19856963.batch|batch|COMPLETED|0:0|00:30:03
19856575_65.extern|19856963.extern|extern|COMPLETED|0:0|00:30:03
19856575_66|19856964|xcsp-parse-cop165-log-scop-task-rd-20260526-c609ccd4-dirty-q10609-rerun1|COMPLETED|0:0|00:00:27
19856575_66.batch|19856964.batch|batch|COMPLETED|0:0|00:00:27
19856575_66.extern|19856964.extern|extern|COMPLETED|0:0|00:00:27
19856575_67|19856966|xcsp-parse-cop165-log-scop-task-rd-20260526-c609ccd4-dirty-q10609-rerun1|COMPLETED|0:0|00:30:04
19856575_67.batch|19856966.batch|batch|COMPLETED|0:0|00:30:04
19856575_67.extern|19856966.extern|extern|COMPLETED|0:0|00:30:04
19856575_68|19856967|xcsp-parse-cop165-log-scop-task-rd-20260526-c609ccd4-dirty-q10609-rerun1|COMPLETED|0:0|00:30:04
19856575_68.batch|19856967.batch|batch|COMPLETED|0:0|00:30:04
19856575_68.extern|19856967.extern|extern|COMPLETED|0:0|00:30:04
19856575_69|19856969|xcsp-parse-cop165-log-scop-task-rd-20260526-c609ccd4-dirty-q10609-rerun1|COMPLETED|0:0|00:30:03
19856575_69.batch|19856969.batch|batch|COMPLETED|0:0|00:30:03
19856575_69.extern|19856969.extern|extern|COMPLETED|0:0|00:30:03
19856575_70|19856970|xcsp-parse-cop165-log-scop-task-rd-20260526-c609ccd4-dirty-q10609-rerun1|COMPLETED|0:0|00:00:10
19856575_70.batch|19856970.batch|batch|COMPLETED|0:0|00:00:10
19856575_70.extern|19856970.extern|extern|COMPLETED|0:0|00:00:10
19856575_71|19856972|xcsp-parse-cop165-log-scop-task-rd-20260526-c609ccd4-dirty-q10609-rerun1|COMPLETED|0:0|00:30:03
19856575_71.batch|19856972.batch|batch|COMPLETED|0:0|00:30:03
19856575_71.extern|19856972.extern|extern|COMPLETED|0:0|00:30:03
19856575_72|19856973|xcsp-parse-cop165-log-scop-task-rd-20260526-c609ccd4-dirty-q10609-rerun1|COMPLETED|0:0|00:30:05
19856575_72.batch|19856973.batch|batch|COMPLETED|0:0|00:30:05
19856575_72.extern|19856973.extern|extern|COMPLETED|0:0|00:30:05
19856575_73|19856974|xcsp-parse-cop165-log-scop-task-rd-20260526-c609ccd4-dirty-q10609-rerun1|COMPLETED|0:0|00:30:05
19856575_73.batch|19856974.batch|batch|COMPLETED|0:0|00:30:05
19856575_73.extern|19856974.extern|extern|COMPLETED|0:0|00:30:05
19856575_74|19856976|xcsp-parse-cop165-log-scop-task-rd-20260526-c609ccd4-dirty-q10609-rerun1|COMPLETED|0:0|00:30:05
19856575_74.batch|19856976.batch|batch|COMPLETED|0:0|00:30:05
19856575_74.extern|19856976.extern|extern|COMPLETED|0:0|00:30:05
19856575_75|19857007|xcsp-parse-cop165-log-scop-task-rd-20260526-c609ccd4-dirty-q10609-rerun1|COMPLETED|0:0|00:30:04
19856575_75.batch|19857007.batch|batch|COMPLETED|0:0|00:30:04
19856575_75.extern|19857007.extern|extern|COMPLETED|0:0|00:30:04
19856575_76|19857019|xcsp-parse-cop165-log-scop-task-rd-20260526-c609ccd4-dirty-q10609-rerun1|COMPLETED|0:0|00:30:03
19856575_76.batch|19857019.batch|batch|COMPLETED|0:0|00:30:03
19856575_76.extern|19857019.extern|extern|COMPLETED|0:0|00:30:03
19856575_77|19857020|xcsp-parse-cop165-log-scop-task-rd-20260526-c609ccd4-dirty-q10609-rerun1|COMPLETED|0:0|00:30:03
19856575_77.batch|19857020.batch|batch|COMPLETED|0:0|00:30:03
19856575_77.extern|19857020.extern|extern|COMPLETED|0:0|00:30:03
19856575_78|19857021|xcsp-parse-cop165-log-scop-task-rd-20260526-c609ccd4-dirty-q10609-rerun1|COMPLETED|0:0|00:30:03
19856575_78.batch|19857021.batch|batch|COMPLETED|0:0|00:30:03
19856575_78.extern|19857021.extern|extern|COMPLETED|0:0|00:30:03
19856575_79|19857024|xcsp-parse-cop165-log-scop-task-rd-20260526-c609ccd4-dirty-q10609-rerun1|COMPLETED|0:0|00:30:03
19856575_79.batch|19857024.batch|batch|COMPLETED|0:0|00:30:03
19856575_79.extern|19857024.extern|extern|COMPLETED|0:0|00:30:03
19856575_80|19857025|xcsp-parse-cop165-log-scop-task-rd-20260526-c609ccd4-dirty-q10609-rerun1|COMPLETED|0:0|00:00:41
19856575_80.batch|19857025.batch|batch|COMPLETED|0:0|00:00:41
19856575_80.extern|19857025.extern|extern|COMPLETED|0:0|00:00:41
19856575_81|19857041|xcsp-parse-cop165-log-scop-task-rd-20260526-c609ccd4-dirty-q10609-rerun1|COMPLETED|0:0|00:30:03
19856575_81.batch|19857041.batch|batch|COMPLETED|0:0|00:30:03
19856575_81.extern|19857041.extern|extern|COMPLETED|0:0|00:30:03
19856575_82|19857065|xcsp-parse-cop165-log-scop-task-rd-20260526-c609ccd4-dirty-q10609-rerun1|COMPLETED|0:0|00:30:04
19856575_82.batch|19857065.batch|batch|COMPLETED|0:0|00:30:04
19856575_82.extern|19857065.extern|extern|COMPLETED|0:0|00:30:04
19856575_83|19857082|xcsp-parse-cop165-log-scop-task-rd-20260526-c609ccd4-dirty-q10609-rerun1|COMPLETED|0:0|00:30:05
19856575_83.batch|19857082.batch|batch|COMPLETED|0:0|00:30:05
19856575_83.extern|19857082.extern|extern|COMPLETED|0:0|00:30:05
19856575_84|19857103|xcsp-parse-cop165-log-scop-task-rd-20260526-c609ccd4-dirty-q10609-rerun1|COMPLETED|0:0|00:30:04
19856575_84.batch|19857103.batch|batch|COMPLETED|0:0|00:30:04
19856575_84.extern|19857103.extern|extern|COMPLETED|0:0|00:30:04
19856575_85|19857119|xcsp-parse-cop165-log-scop-task-rd-20260526-c609ccd4-dirty-q10609-rerun1|COMPLETED|0:0|00:30:03
19856575_85.batch|19857119.batch|batch|COMPLETED|0:0|00:30:03
19856575_85.extern|19857119.extern|extern|COMPLETED|0:0|00:30:03
19856575_86|19857154|xcsp-parse-cop165-log-scop-task-rd-20260526-c609ccd4-dirty-q10609-rerun1|COMPLETED|0:0|00:30:03
19856575_86.batch|19857154.batch|batch|COMPLETED|0:0|00:30:03
19856575_86.extern|19857154.extern|extern|COMPLETED|0:0|00:30:03
19856575_87|19857340|xcsp-parse-cop165-log-scop-task-rd-20260526-c609ccd4-dirty-q10609-rerun1|COMPLETED|0:0|00:30:04
19856575_87.batch|19857340.batch|batch|COMPLETED|0:0|00:30:04
19856575_87.extern|19857340.extern|extern|COMPLETED|0:0|00:30:04
19856575_88|19857341|xcsp-parse-cop165-log-scop-task-rd-20260526-c609ccd4-dirty-q10609-rerun1|COMPLETED|0:0|00:30:04
19856575_88.batch|19857341.batch|batch|COMPLETED|0:0|00:30:04
19856575_88.extern|19857341.extern|extern|COMPLETED|0:0|00:30:04
19856575_89|19857342|xcsp-parse-cop165-log-scop-task-rd-20260526-c609ccd4-dirty-q10609-rerun1|COMPLETED|0:0|00:30:04
19856575_89.batch|19857342.batch|batch|COMPLETED|0:0|00:30:04
19856575_89.extern|19857342.extern|extern|COMPLETED|0:0|00:30:04
19856575_90|19857343|xcsp-parse-cop165-log-scop-task-rd-20260526-c609ccd4-dirty-q10609-rerun1|COMPLETED|0:0|00:30:04
19856575_90.batch|19857343.batch|batch|COMPLETED|0:0|00:30:04
19856575_90.extern|19857343.extern|extern|COMPLETED|0:0|00:30:04
19856575_91|19857344|xcsp-parse-cop165-log-scop-task-rd-20260526-c609ccd4-dirty-q10609-rerun1|COMPLETED|0:0|00:30:04
19856575_91.batch|19857344.batch|batch|COMPLETED|0:0|00:30:04
19856575_91.extern|19857344.extern|extern|COMPLETED|0:0|00:30:04
19856575_92|19857345|xcsp-parse-cop165-log-scop-task-rd-20260526-c609ccd4-dirty-q10609-rerun1|COMPLETED|0:0|00:30:04
19856575_92.batch|19857345.batch|batch|COMPLETED|0:0|00:30:04
19856575_92.extern|19857345.extern|extern|COMPLETED|0:0|00:30:04
19856575_93|19857346|xcsp-parse-cop165-log-scop-task-rd-20260526-c609ccd4-dirty-q10609-rerun1|COMPLETED|0:0|00:30:04
19856575_93.batch|19857346.batch|batch|COMPLETED|0:0|00:30:04
19856575_93.extern|19857346.extern|extern|COMPLETED|0:0|00:30:04
19856575_94|19857347|xcsp-parse-cop165-log-scop-task-rd-20260526-c609ccd4-dirty-q10609-rerun1|COMPLETED|0:0|00:00:15
19856575_94.batch|19857347.batch|batch|COMPLETED|0:0|00:00:15
19856575_94.extern|19857347.extern|extern|COMPLETED|0:0|00:00:15
19856575_95|19857348|xcsp-parse-cop165-log-scop-task-rd-20260526-c609ccd4-dirty-q10609-rerun1|COMPLETED|0:0|00:30:04
19856575_95.batch|19857348.batch|batch|COMPLETED|0:0|00:30:04
19856575_95.extern|19857348.extern|extern|COMPLETED|0:0|00:30:04
19856575_96|19857349|xcsp-parse-cop165-log-scop-task-rd-20260526-c609ccd4-dirty-q10609-rerun1|COMPLETED|0:0|00:30:04
19856575_96.batch|19857349.batch|batch|COMPLETED|0:0|00:30:04
19856575_96.extern|19857349.extern|extern|COMPLETED|0:0|00:30:04
19856575_97|19857351|xcsp-parse-cop165-log-scop-task-rd-20260526-c609ccd4-dirty-q10609-rerun1|COMPLETED|0:0|00:30:03
19856575_97.batch|19857351.batch|batch|COMPLETED|0:0|00:30:03
19856575_97.extern|19857351.extern|extern|COMPLETED|0:0|00:30:03
19856575_98|19857352|xcsp-parse-cop165-log-scop-task-rd-20260526-c609ccd4-dirty-q10609-rerun1|COMPLETED|0:0|00:30:05
19856575_98.batch|19857352.batch|batch|COMPLETED|0:0|00:30:05
19856575_98.extern|19857352.extern|extern|COMPLETED|0:0|00:30:05
19856575_99|19857353|xcsp-parse-cop165-log-scop-task-rd-20260526-c609ccd4-dirty-q10609-rerun1|COMPLETED|0:0|00:30:03
19856575_99.batch|19857353.batch|batch|COMPLETED|0:0|00:30:03
19856575_99.extern|19857353.extern|extern|COMPLETED|0:0|00:30:03
19856575_100|19857354|xcsp-parse-cop165-log-scop-task-rd-20260526-c609ccd4-dirty-q10609-rerun1|COMPLETED|0:0|00:30:03
19856575_100.batch|19857354.batch|batch|COMPLETED|0:0|00:30:03
19856575_100.extern|19857354.extern|extern|COMPLETED|0:0|00:30:03
19856575_101|19857355|xcsp-parse-cop165-log-scop-task-rd-20260526-c609ccd4-dirty-q10609-rerun1|COMPLETED|0:0|00:30:04
19856575_101.batch|19857355.batch|batch|COMPLETED|0:0|00:30:04
19856575_101.extern|19857355.extern|extern|COMPLETED|0:0|00:30:04
19856575_102|19857362|xcsp-parse-cop165-log-scop-task-rd-20260526-c609ccd4-dirty-q10609-rerun1|COMPLETED|0:0|00:30:05
19856575_102.batch|19857362.batch|batch|COMPLETED|0:0|00:30:05
19856575_102.extern|19857362.extern|extern|COMPLETED|0:0|00:30:05
19856575_103|19857363|xcsp-parse-cop165-log-scop-task-rd-20260526-c609ccd4-dirty-q10609-rerun1|COMPLETED|0:0|00:30:05
19856575_103.batch|19857363.batch|batch|COMPLETED|0:0|00:30:05
19856575_103.extern|19857363.extern|extern|COMPLETED|0:0|00:30:05
19856575_104|19857364|xcsp-parse-cop165-log-scop-task-rd-20260526-c609ccd4-dirty-q10609-rerun1|COMPLETED|0:0|00:00:06
19856575_104.batch|19857364.batch|batch|COMPLETED|0:0|00:00:06
19856575_104.extern|19857364.extern|extern|COMPLETED|0:0|00:00:06
19856575_105|19857365|xcsp-parse-cop165-log-scop-task-rd-20260526-c609ccd4-dirty-q10609-rerun1|COMPLETED|0:0|00:30:04
19856575_105.batch|19857365.batch|batch|COMPLETED|0:0|00:30:04
19856575_105.extern|19857365.extern|extern|COMPLETED|0:0|00:30:04
19856575_106|19857366|xcsp-parse-cop165-log-scop-task-rd-20260526-c609ccd4-dirty-q10609-rerun1|COMPLETED|0:0|00:30:04
19856575_106.batch|19857366.batch|batch|COMPLETED|0:0|00:30:04
19856575_106.extern|19857366.extern|extern|COMPLETED|0:0|00:30:04
19856575_107|19857367|xcsp-parse-cop165-log-scop-task-rd-20260526-c609ccd4-dirty-q10609-rerun1|COMPLETED|0:0|00:30:05
19856575_107.batch|19857367.batch|batch|COMPLETED|0:0|00:30:05
19856575_107.extern|19857367.extern|extern|COMPLETED|0:0|00:30:05
19856575_108|19857368|xcsp-parse-cop165-log-scop-task-rd-20260526-c609ccd4-dirty-q10609-rerun1|COMPLETED|0:0|00:00:13
19856575_108.batch|19857368.batch|batch|COMPLETED|0:0|00:00:13
19856575_108.extern|19857368.extern|extern|COMPLETED|0:0|00:00:13
19856575_109|19857369|xcsp-parse-cop165-log-scop-task-rd-20260526-c609ccd4-dirty-q10609-rerun1|COMPLETED|0:0|00:30:03
19856575_109.batch|19857369.batch|batch|COMPLETED|0:0|00:30:03
19856575_109.extern|19857369.extern|extern|COMPLETED|0:0|00:30:03
19856575_110|19857373|xcsp-parse-cop165-log-scop-task-rd-20260526-c609ccd4-dirty-q10609-rerun1|COMPLETED|0:0|00:30:03
19856575_110.batch|19857373.batch|batch|COMPLETED|0:0|00:30:03
19856575_110.extern|19857373.extern|extern|COMPLETED|0:0|00:30:03
19856575_111|19857376|xcsp-parse-cop165-log-scop-task-rd-20260526-c609ccd4-dirty-q10609-rerun1|COMPLETED|0:0|00:30:05
19856575_111.batch|19857376.batch|batch|COMPLETED|0:0|00:30:05
19856575_111.extern|19857376.extern|extern|COMPLETED|0:0|00:30:05
19856575_112|19857380|xcsp-parse-cop165-log-scop-task-rd-20260526-c609ccd4-dirty-q10609-rerun1|OUT_OF_MEMORY|0:125|00:05:17
19856575_112.batch|19857380.batch|batch|OUT_OF_MEMORY|0:125|00:05:17
19856575_112.extern|19857380.extern|extern|OUT_OF_MEMORY|0:125|00:05:17
19856575_113|19857381|xcsp-parse-cop165-log-scop-task-rd-20260526-c609ccd4-dirty-q10609-rerun1|COMPLETED|0:0|00:30:03
19856575_113.batch|19857381.batch|batch|COMPLETED|0:0|00:30:03
19856575_113.extern|19857381.extern|extern|COMPLETED|0:0|00:30:03
19856575_114|19857382|xcsp-parse-cop165-log-scop-task-rd-20260526-c609ccd4-dirty-q10609-rerun1|COMPLETED|0:0|00:00:06
19856575_114.batch|19857382.batch|batch|COMPLETED|0:0|00:00:06
19856575_114.extern|19857382.extern|extern|COMPLETED|0:0|00:00:06
19856575_115|19857383|xcsp-parse-cop165-log-scop-task-rd-20260526-c609ccd4-dirty-q10609-rerun1|COMPLETED|0:0|00:26:23
19856575_115.batch|19857383.batch|batch|COMPLETED|0:0|00:26:23
19856575_115.extern|19857383.extern|extern|COMPLETED|0:0|00:26:23
19856575_116|19857384|xcsp-parse-cop165-log-scop-task-rd-20260526-c609ccd4-dirty-q10609-rerun1|COMPLETED|0:0|00:04:53
19856575_116.batch|19857384.batch|batch|COMPLETED|0:0|00:04:53
19856575_116.extern|19857384.extern|extern|COMPLETED|0:0|00:04:53
19856575_117|19857388|xcsp-parse-cop165-log-scop-task-rd-20260526-c609ccd4-dirty-q10609-rerun1|COMPLETED|0:0|00:30:04
19856575_117.batch|19857388.batch|batch|COMPLETED|0:0|00:30:04
19856575_117.extern|19857388.extern|extern|COMPLETED|0:0|00:30:04
19856575_118|19857396|xcsp-parse-cop165-log-scop-task-rd-20260526-c609ccd4-dirty-q10609-rerun1|COMPLETED|0:0|00:30:03
19856575_118.batch|19857396.batch|batch|COMPLETED|0:0|00:30:03
19856575_118.extern|19857396.extern|extern|COMPLETED|0:0|00:30:03
19856575_119|19857398|xcsp-parse-cop165-log-scop-task-rd-20260526-c609ccd4-dirty-q10609-rerun1|COMPLETED|0:0|00:30:05
19856575_119.batch|19857398.batch|batch|COMPLETED|0:0|00:30:05
19856575_119.extern|19857398.extern|extern|COMPLETED|0:0|00:30:05
19856575_120|19857408|xcsp-parse-cop165-log-scop-task-rd-20260526-c609ccd4-dirty-q10609-rerun1|COMPLETED|0:0|00:30:05
19856575_120.batch|19857408.batch|batch|COMPLETED|0:0|00:30:05
19856575_120.extern|19857408.extern|extern|COMPLETED|0:0|00:30:05
19856575_121|19857453|xcsp-parse-cop165-log-scop-task-rd-20260526-c609ccd4-dirty-q10609-rerun1|COMPLETED|0:0|00:30:05
19856575_121.batch|19857453.batch|batch|COMPLETED|0:0|00:30:05
19856575_121.extern|19857453.extern|extern|COMPLETED|0:0|00:30:05
19856575_122|19857455|xcsp-parse-cop165-log-scop-task-rd-20260526-c609ccd4-dirty-q10609-rerun1|COMPLETED|0:0|00:30:02
19856575_122.batch|19857455.batch|batch|COMPLETED|0:0|00:30:02
19856575_122.extern|19857455.extern|extern|COMPLETED|0:0|00:30:02
19856575_123|19857467|xcsp-parse-cop165-log-scop-task-rd-20260526-c609ccd4-dirty-q10609-rerun1|COMPLETED|0:0|00:19:14
19856575_123.batch|19857467.batch|batch|COMPLETED|0:0|00:19:14
19856575_123.extern|19857467.extern|extern|COMPLETED|0:0|00:19:14
19856575_124|19857488|xcsp-parse-cop165-log-scop-task-rd-20260526-c609ccd4-dirty-q10609-rerun1|COMPLETED|0:0|00:00:14
19856575_124.batch|19857488.batch|batch|COMPLETED|0:0|00:00:14
19856575_124.extern|19857488.extern|extern|COMPLETED|0:0|00:00:14
19856575_125|19857489|xcsp-parse-cop165-log-scop-task-rd-20260526-c609ccd4-dirty-q10609-rerun1|OUT_OF_MEMORY|0:125|00:06:05
19856575_125.batch|19857489.batch|batch|OUT_OF_MEMORY|0:125|00:06:05
19856575_125.extern|19857489.extern|extern|OUT_OF_MEMORY|0:125|00:06:05
19856575_126|19857562|xcsp-parse-cop165-log-scop-task-rd-20260526-c609ccd4-dirty-q10609-rerun1|COMPLETED|0:0|00:30:07
19856575_126.batch|19857562.batch|batch|COMPLETED|0:0|00:30:07
19856575_126.extern|19857562.extern|extern|COMPLETED|0:0|00:30:07
19856575_127|19857658|xcsp-parse-cop165-log-scop-task-rd-20260526-c609ccd4-dirty-q10609-rerun1|COMPLETED|0:0|00:00:17
19856575_127.batch|19857658.batch|batch|COMPLETED|0:0|00:00:17
19856575_127.extern|19857658.extern|extern|COMPLETED|0:0|00:00:17
19856575_128|19857659|xcsp-parse-cop165-log-scop-task-rd-20260526-c609ccd4-dirty-q10609-rerun1|COMPLETED|0:0|00:03:26
19856575_128.batch|19857659.batch|batch|COMPLETED|0:0|00:03:26
19856575_128.extern|19857659.extern|extern|COMPLETED|0:0|00:03:26
19856575_129|19857668|xcsp-parse-cop165-log-scop-task-rd-20260526-c609ccd4-dirty-q10609-rerun1|COMPLETED|0:0|00:30:14
19856575_129.batch|19857668.batch|batch|COMPLETED|0:0|00:30:14
19856575_129.extern|19857668.extern|extern|COMPLETED|0:0|00:30:14
19856575_130|19857670|xcsp-parse-cop165-log-scop-task-rd-20260526-c609ccd4-dirty-q10609-rerun1|COMPLETED|0:0|00:30:05
19856575_130.batch|19857670.batch|batch|COMPLETED|0:0|00:30:05
19856575_130.extern|19857670.extern|extern|COMPLETED|0:0|00:30:05
19856575_131|19857671|xcsp-parse-cop165-log-scop-task-rd-20260526-c609ccd4-dirty-q10609-rerun1|COMPLETED|0:0|00:30:06
19856575_131.batch|19857671.batch|batch|COMPLETED|0:0|00:30:06
19856575_131.extern|19857671.extern|extern|COMPLETED|0:0|00:30:06
19856575_132|19857672|xcsp-parse-cop165-log-scop-task-rd-20260526-c609ccd4-dirty-q10609-rerun1|COMPLETED|0:0|00:00:30
19856575_132.batch|19857672.batch|batch|COMPLETED|0:0|00:00:30
19856575_132.extern|19857672.extern|extern|COMPLETED|0:0|00:00:30
19856575_133|19857673|xcsp-parse-cop165-log-scop-task-rd-20260526-c609ccd4-dirty-q10609-rerun1|COMPLETED|0:0|00:00:20
19856575_133.batch|19857673.batch|batch|COMPLETED|0:0|00:00:20
19856575_133.extern|19857673.extern|extern|COMPLETED|0:0|00:00:20
19856575_134|19857674|xcsp-parse-cop165-log-scop-task-rd-20260526-c609ccd4-dirty-q10609-rerun1|OUT_OF_MEMORY|0:125|00:21:33
19856575_134.batch|19857674.batch|batch|OUT_OF_MEMORY|0:125|00:21:33
19856575_134.extern|19857674.extern|extern|OUT_OF_MEMORY|0:125|00:21:33
19856575_135|19857675|xcsp-parse-cop165-log-scop-task-rd-20260526-c609ccd4-dirty-q10609-rerun1|OUT_OF_MEMORY|0:125|00:20:33
19856575_135.batch|19857675.batch|batch|OUT_OF_MEMORY|0:125|00:20:33
19856575_135.extern|19857675.extern|extern|OUT_OF_MEMORY|0:125|00:20:33
19856575_136|19857676|xcsp-parse-cop165-log-scop-task-rd-20260526-c609ccd4-dirty-q10609-rerun1|COMPLETED|0:0|00:04:26
19856575_136.batch|19857676.batch|batch|COMPLETED|0:0|00:04:26
19856575_136.extern|19857676.extern|extern|COMPLETED|0:0|00:04:26
19856575_137|19857677|xcsp-parse-cop165-log-scop-task-rd-20260526-c609ccd4-dirty-q10609-rerun1|OUT_OF_MEMORY|0:125|00:19:25
19856575_137.batch|19857677.batch|batch|OUT_OF_MEMORY|0:125|00:19:25
19856575_137.extern|19857677.extern|extern|OUT_OF_MEMORY|0:125|00:19:25
19856575_138|19857678|xcsp-parse-cop165-log-scop-task-rd-20260526-c609ccd4-dirty-q10609-rerun1|OUT_OF_MEMORY|0:125|00:09:22
19856575_138.batch|19857678.batch|batch|OUT_OF_MEMORY|0:125|00:09:22
19856575_138.extern|19857678.extern|extern|OUT_OF_MEMORY|0:125|00:09:22
19856575_139|19857679|xcsp-parse-cop165-log-scop-task-rd-20260526-c609ccd4-dirty-q10609-rerun1|OUT_OF_MEMORY|0:125|00:10:38
19856575_139.batch|19857679.batch|batch|OUT_OF_MEMORY|0:125|00:10:38
19856575_139.extern|19857679.extern|extern|OUT_OF_MEMORY|0:125|00:10:38
19856575_140|19857685|xcsp-parse-cop165-log-scop-task-rd-20260526-c609ccd4-dirty-q10609-rerun1|OUT_OF_MEMORY|0:125|00:09:41
19856575_140.batch|19857685.batch|batch|OUT_OF_MEMORY|0:125|00:09:41
19856575_140.extern|19857685.extern|extern|OUT_OF_MEMORY|0:125|00:09:41
19856575_141|19857686|xcsp-parse-cop165-log-scop-task-rd-20260526-c609ccd4-dirty-q10609-rerun1|OUT_OF_MEMORY|0:125|00:12:50
19856575_141.batch|19857686.batch|batch|OUT_OF_MEMORY|0:125|00:12:50
19856575_141.extern|19857686.extern|extern|OUT_OF_MEMORY|0:125|00:12:50
19856575_142|19857687|xcsp-parse-cop165-log-scop-task-rd-20260526-c609ccd4-dirty-q10609-rerun1|OUT_OF_MEMORY|0:125|00:18:27
19856575_142.batch|19857687.batch|batch|OUT_OF_MEMORY|0:125|00:18:27
19856575_142.extern|19857687.extern|extern|OUT_OF_MEMORY|0:125|00:18:27
19856575_143|19857692|xcsp-parse-cop165-log-scop-task-rd-20260526-c609ccd4-dirty-q10609-rerun1|OUT_OF_MEMORY|0:125|00:19:01
19856575_143.batch|19857692.batch|batch|OUT_OF_MEMORY|0:125|00:19:01
19856575_143.extern|19857692.extern|extern|OUT_OF_MEMORY|0:125|00:19:01
19856575_144|19857693|xcsp-parse-cop165-log-scop-task-rd-20260526-c609ccd4-dirty-q10609-rerun1|OUT_OF_MEMORY|0:125|00:10:43
19856575_144.batch|19857693.batch|batch|OUT_OF_MEMORY|0:125|00:10:43
19856575_144.extern|19857693.extern|extern|OUT_OF_MEMORY|0:125|00:10:43
19856575_145|19857694|xcsp-parse-cop165-log-scop-task-rd-20260526-c609ccd4-dirty-q10609-rerun1|OUT_OF_MEMORY|0:125|00:09:54
19856575_145.batch|19857694.batch|batch|OUT_OF_MEMORY|0:125|00:09:54
19856575_145.extern|19857694.extern|extern|OUT_OF_MEMORY|0:125|00:09:54
19856575_146|19857695|xcsp-parse-cop165-log-scop-task-rd-20260526-c609ccd4-dirty-q10609-rerun1|OUT_OF_MEMORY|0:125|00:10:27
19856575_146.batch|19857695.batch|batch|OUT_OF_MEMORY|0:125|00:10:27
19856575_146.extern|19857695.extern|extern|OUT_OF_MEMORY|0:125|00:10:27
19856575_147|19857696|xcsp-parse-cop165-log-scop-task-rd-20260526-c609ccd4-dirty-q10609-rerun1|OUT_OF_MEMORY|0:125|00:10:17
19856575_147.batch|19857696.batch|batch|OUT_OF_MEMORY|0:125|00:10:17
19856575_147.extern|19857696.extern|extern|OUT_OF_MEMORY|0:125|00:10:17
19856575_148|19857697|xcsp-parse-cop165-log-scop-task-rd-20260526-c609ccd4-dirty-q10609-rerun1|OUT_OF_MEMORY|0:125|00:12:52
19856575_148.batch|19857697.batch|batch|OUT_OF_MEMORY|0:125|00:12:52
19856575_148.extern|19857697.extern|extern|OUT_OF_MEMORY|0:125|00:12:52
19856575_149|19857698|xcsp-parse-cop165-log-scop-task-rd-20260526-c609ccd4-dirty-q10609-rerun1|COMPLETED|0:0|00:00:38
19856575_149.batch|19857698.batch|batch|COMPLETED|0:0|00:00:38
19856575_149.extern|19857698.extern|extern|COMPLETED|0:0|00:00:38
19856575_150|19857700|xcsp-parse-cop165-log-scop-task-rd-20260526-c609ccd4-dirty-q10609-rerun1|COMPLETED|0:0|00:00:56
19856575_150.batch|19857700.batch|batch|COMPLETED|0:0|00:00:56
19856575_150.extern|19857700.extern|extern|COMPLETED|0:0|00:00:56
19856575_151|19857701|xcsp-parse-cop165-log-scop-task-rd-20260526-c609ccd4-dirty-q10609-rerun1|COMPLETED|0:0|00:30:04
19856575_151.batch|19857701.batch|batch|COMPLETED|0:0|00:30:04
19856575_151.extern|19857701.extern|extern|COMPLETED|0:0|00:30:04
19856575_152|19857707|xcsp-parse-cop165-log-scop-task-rd-20260526-c609ccd4-dirty-q10609-rerun1|COMPLETED|0:0|00:30:08
19856575_152.batch|19857707.batch|batch|COMPLETED|0:0|00:30:08
19856575_152.extern|19857707.extern|extern|COMPLETED|0:0|00:30:08
19856575_153|19857708|xcsp-parse-cop165-log-scop-task-rd-20260526-c609ccd4-dirty-q10609-rerun1|COMPLETED|0:0|00:30:08
19856575_153.batch|19857708.batch|batch|COMPLETED|0:0|00:30:08
19856575_153.extern|19857708.extern|extern|COMPLETED|0:0|00:30:08
19856575_154|19857715|xcsp-parse-cop165-log-scop-task-rd-20260526-c609ccd4-dirty-q10609-rerun1|COMPLETED|0:0|00:03:11
19856575_154.batch|19857715.batch|batch|COMPLETED|0:0|00:03:11
19856575_154.extern|19857715.extern|extern|COMPLETED|0:0|00:03:11
19856575_155|19857719|xcsp-parse-cop165-log-scop-task-rd-20260526-c609ccd4-dirty-q10609-rerun1|COMPLETED|0:0|00:30:06
19856575_155.batch|19857719.batch|batch|COMPLETED|0:0|00:30:06
19856575_155.extern|19857719.extern|extern|COMPLETED|0:0|00:30:06
19856575_156|19857726|xcsp-parse-cop165-log-scop-task-rd-20260526-c609ccd4-dirty-q10609-rerun1|COMPLETED|0:0|00:08:37
19856575_156.batch|19857726.batch|batch|COMPLETED|0:0|00:08:37
19856575_156.extern|19857726.extern|extern|COMPLETED|0:0|00:08:37
19856575_157|19857727|xcsp-parse-cop165-log-scop-task-rd-20260526-c609ccd4-dirty-q10609-rerun1|COMPLETED|0:0|00:06:06
19856575_157.batch|19857727.batch|batch|COMPLETED|0:0|00:06:06
19856575_157.extern|19857727.extern|extern|COMPLETED|0:0|00:06:06
19856575_158|19857742|xcsp-parse-cop165-log-scop-task-rd-20260526-c609ccd4-dirty-q10609-rerun1|COMPLETED|0:0|00:30:13
19856575_158.batch|19857742.batch|batch|COMPLETED|0:0|00:30:13
19856575_158.extern|19857742.extern|extern|COMPLETED|0:0|00:30:13
19856575_159|19857743|xcsp-parse-cop165-log-scop-task-rd-20260526-c609ccd4-dirty-q10609-rerun1|COMPLETED|0:0|00:09:04
19856575_159.batch|19857743.batch|batch|COMPLETED|0:0|00:09:04
19856575_159.extern|19857743.extern|extern|COMPLETED|0:0|00:09:04
19856575_160|19857753|xcsp-parse-cop165-log-scop-task-rd-20260526-c609ccd4-dirty-q10609-rerun1|COMPLETED|0:0|00:14:54
19856575_160.batch|19857753.batch|batch|COMPLETED|0:0|00:14:54
19856575_160.extern|19857753.extern|extern|COMPLETED|0:0|00:14:54
19856575_161|19857770|xcsp-parse-cop165-log-scop-task-rd-20260526-c609ccd4-dirty-q10609-rerun1|COMPLETED|0:0|00:25:28
19856575_161.batch|19857770.batch|batch|COMPLETED|0:0|00:25:28
19856575_161.extern|19857770.extern|extern|COMPLETED|0:0|00:25:28
19856575_162|19857800|xcsp-parse-cop165-log-scop-task-rd-20260526-c609ccd4-dirty-q10609-rerun1|COMPLETED|0:0|00:30:04
19856575_162.batch|19857800.batch|batch|COMPLETED|0:0|00:30:04
19856575_162.extern|19857800.extern|extern|COMPLETED|0:0|00:30:04
19856575_163|19857810|xcsp-parse-cop165-log-scop-task-rd-20260526-c609ccd4-dirty-q10609-rerun1|COMPLETED|0:0|00:30:05
19856575_163.batch|19857810.batch|batch|COMPLETED|0:0|00:30:05
19856575_163.extern|19857810.extern|extern|COMPLETED|0:0|00:30:05
19856575_164|19857812|xcsp-parse-cop165-log-scop-task-rd-20260526-c609ccd4-dirty-q10609-rerun1|COMPLETED|0:0|00:30:13
19856575_164.batch|19857812.batch|batch|COMPLETED|0:0|00:30:13
19856575_164.extern|19857812.extern|extern|COMPLETED|0:0|00:30:13
19856575_165|19856575|xcsp-parse-cop165-log-scop-task-rd-20260526-c609ccd4-dirty-q10609-rerun1|COMPLETED|0:0|00:30:06
19856575_165.batch|19856575.batch|batch|COMPLETED|0:0|00:30:06
19856575_165.extern|19856575.extern|extern|COMPLETED|0:0|00:30:06
19856577_1|19857831|xcsp-parse-cop165-log-scop-cumext-20260526-c609ccd4-dirty-q10609-rerun1|COMPLETED|0:0|00:30:06
19856577_1.batch|19857831.batch|batch|COMPLETED|0:0|00:30:06
19856577_1.extern|19857831.extern|extern|COMPLETED|0:0|00:30:06
19856577_2|19857832|xcsp-parse-cop165-log-scop-cumext-20260526-c609ccd4-dirty-q10609-rerun1|COMPLETED|0:0|00:00:04
19856577_2.batch|19857832.batch|batch|COMPLETED|0:0|00:00:04
19856577_2.extern|19857832.extern|extern|COMPLETED|0:0|00:00:04
19856577_3|19857834|xcsp-parse-cop165-log-scop-cumext-20260526-c609ccd4-dirty-q10609-rerun1|COMPLETED|0:0|00:00:04
19856577_3.batch|19857834.batch|batch|COMPLETED|0:0|00:00:04
19856577_3.extern|19857834.extern|extern|COMPLETED|0:0|00:00:04
19856577_4|19857840|xcsp-parse-cop165-log-scop-cumext-20260526-c609ccd4-dirty-q10609-rerun1|COMPLETED|0:0|00:30:02
19856577_4.batch|19857840.batch|batch|COMPLETED|0:0|00:30:02
19856577_4.extern|19857840.extern|extern|COMPLETED|0:0|00:30:02
19856577_5|19857841|xcsp-parse-cop165-log-scop-cumext-20260526-c609ccd4-dirty-q10609-rerun1|COMPLETED|0:0|00:30:03
19856577_5.batch|19857841.batch|batch|COMPLETED|0:0|00:30:03
19856577_5.extern|19857841.extern|extern|COMPLETED|0:0|00:30:03
19856577_6|19857848|xcsp-parse-cop165-log-scop-cumext-20260526-c609ccd4-dirty-q10609-rerun1|COMPLETED|0:0|00:00:05
19856577_6.batch|19857848.batch|batch|COMPLETED|0:0|00:00:05
19856577_6.extern|19857848.extern|extern|COMPLETED|0:0|00:00:05
19856577_7|19857849|xcsp-parse-cop165-log-scop-cumext-20260526-c609ccd4-dirty-q10609-rerun1|COMPLETED|0:0|00:00:10
19856577_7.batch|19857849.batch|batch|COMPLETED|0:0|00:00:10
19856577_7.extern|19857849.extern|extern|COMPLETED|0:0|00:00:10
19856577_8|19857850|xcsp-parse-cop165-log-scop-cumext-20260526-c609ccd4-dirty-q10609-rerun1|COMPLETED|0:0|00:03:03
19856577_8.batch|19857850.batch|batch|COMPLETED|0:0|00:03:03
19856577_8.extern|19857850.extern|extern|COMPLETED|0:0|00:03:03
19856577_9|19857851|xcsp-parse-cop165-log-scop-cumext-20260526-c609ccd4-dirty-q10609-rerun1|COMPLETED|0:0|00:00:10
19856577_9.batch|19857851.batch|batch|COMPLETED|0:0|00:00:10
19856577_9.extern|19857851.extern|extern|COMPLETED|0:0|00:00:10
19856577_10|19857853|xcsp-parse-cop165-log-scop-cumext-20260526-c609ccd4-dirty-q10609-rerun1|COMPLETED|0:0|00:00:10
19856577_10.batch|19857853.batch|batch|COMPLETED|0:0|00:00:10
19856577_10.extern|19857853.extern|extern|COMPLETED|0:0|00:00:10
19856577_11|19857854|xcsp-parse-cop165-log-scop-cumext-20260526-c609ccd4-dirty-q10609-rerun1|COMPLETED|0:0|00:00:05
19856577_11.batch|19857854.batch|batch|COMPLETED|0:0|00:00:05
19856577_11.extern|19857854.extern|extern|COMPLETED|0:0|00:00:05
19856577_12|19857856|xcsp-parse-cop165-log-scop-cumext-20260526-c609ccd4-dirty-q10609-rerun1|COMPLETED|0:0|00:00:05
19856577_12.batch|19857856.batch|batch|COMPLETED|0:0|00:00:05
19856577_12.extern|19857856.extern|extern|COMPLETED|0:0|00:00:05
19856577_13|19857857|xcsp-parse-cop165-log-scop-cumext-20260526-c609ccd4-dirty-q10609-rerun1|COMPLETED|0:0|00:06:35
19856577_13.batch|19857857.batch|batch|COMPLETED|0:0|00:06:35
19856577_13.extern|19857857.extern|extern|COMPLETED|0:0|00:06:35
19856577_14|19857858|xcsp-parse-cop165-log-scop-cumext-20260526-c609ccd4-dirty-q10609-rerun1|COMPLETED|0:0|00:00:07
19856577_14.batch|19857858.batch|batch|COMPLETED|0:0|00:00:07
19856577_14.extern|19857858.extern|extern|COMPLETED|0:0|00:00:07
19856577_15|19857864|xcsp-parse-cop165-log-scop-cumext-20260526-c609ccd4-dirty-q10609-rerun1|COMPLETED|0:0|00:00:08
19856577_15.batch|19857864.batch|batch|COMPLETED|0:0|00:00:08
19856577_15.extern|19857864.extern|extern|COMPLETED|0:0|00:00:08
19856577_16|19857866|xcsp-parse-cop165-log-scop-cumext-20260526-c609ccd4-dirty-q10609-rerun1|COMPLETED|0:0|00:00:06
19856577_16.batch|19857866.batch|batch|COMPLETED|0:0|00:00:06
19856577_16.extern|19857866.extern|extern|COMPLETED|0:0|00:00:06
19856577_17|19857867|xcsp-parse-cop165-log-scop-cumext-20260526-c609ccd4-dirty-q10609-rerun1|COMPLETED|0:0|00:00:05
19856577_17.batch|19857867.batch|batch|COMPLETED|0:0|00:00:05
19856577_17.extern|19857867.extern|extern|COMPLETED|0:0|00:00:05
19856577_18|19857868|xcsp-parse-cop165-log-scop-cumext-20260526-c609ccd4-dirty-q10609-rerun1|COMPLETED|0:0|00:00:10
19856577_18.batch|19857868.batch|batch|COMPLETED|0:0|00:00:10
19856577_18.extern|19857868.extern|extern|COMPLETED|0:0|00:00:10
19856577_19|19857871|xcsp-parse-cop165-log-scop-cumext-20260526-c609ccd4-dirty-q10609-rerun1|COMPLETED|0:0|00:00:02
19856577_19.batch|19857871.batch|batch|COMPLETED|0:0|00:00:02
19856577_19.extern|19857871.extern|extern|COMPLETED|0:0|00:00:02
19856577_20|19857872|xcsp-parse-cop165-log-scop-cumext-20260526-c609ccd4-dirty-q10609-rerun1|COMPLETED|0:0|00:00:13
19856577_20.batch|19857872.batch|batch|COMPLETED|0:0|00:00:13
19856577_20.extern|19857872.extern|extern|COMPLETED|0:0|00:00:13
19856577_21|19857873|xcsp-parse-cop165-log-scop-cumext-20260526-c609ccd4-dirty-q10609-rerun1|COMPLETED|0:0|00:00:05
19856577_21.batch|19857873.batch|batch|COMPLETED|0:0|00:00:05
19856577_21.extern|19857873.extern|extern|COMPLETED|0:0|00:00:05
19856577_22|19857874|xcsp-parse-cop165-log-scop-cumext-20260526-c609ccd4-dirty-q10609-rerun1|COMPLETED|0:0|00:00:03
19856577_22.batch|19857874.batch|batch|COMPLETED|0:0|00:00:03
19856577_22.extern|19857874.extern|extern|COMPLETED|0:0|00:00:03
19856577_23|19857875|xcsp-parse-cop165-log-scop-cumext-20260526-c609ccd4-dirty-q10609-rerun1|COMPLETED|0:0|00:00:05
19856577_23.batch|19857875.batch|batch|COMPLETED|0:0|00:00:05
19856577_23.extern|19857875.extern|extern|COMPLETED|0:0|00:00:05
19856577_24|19857876|xcsp-parse-cop165-log-scop-cumext-20260526-c609ccd4-dirty-q10609-rerun1|COMPLETED|0:0|00:30:03
19856577_24.batch|19857876.batch|batch|COMPLETED|0:0|00:30:03
19856577_24.extern|19857876.extern|extern|COMPLETED|0:0|00:30:03
19856577_25|19857877|xcsp-parse-cop165-log-scop-cumext-20260526-c609ccd4-dirty-q10609-rerun1|COMPLETED|0:0|00:00:03
19856577_25.batch|19857877.batch|batch|COMPLETED|0:0|00:00:03
19856577_25.extern|19857877.extern|extern|COMPLETED|0:0|00:00:03
19856577_26|19857878|xcsp-parse-cop165-log-scop-cumext-20260526-c609ccd4-dirty-q10609-rerun1|COMPLETED|0:0|00:30:05
19856577_26.batch|19857878.batch|batch|COMPLETED|0:0|00:30:05
19856577_26.extern|19857878.extern|extern|COMPLETED|0:0|00:30:05
19856577_27|19857879|xcsp-parse-cop165-log-scop-cumext-20260526-c609ccd4-dirty-q10609-rerun1|COMPLETED|0:0|00:06:42
19856577_27.batch|19857879.batch|batch|COMPLETED|0:0|00:06:42
19856577_27.extern|19857879.extern|extern|COMPLETED|0:0|00:06:42
19856577_28|19857880|xcsp-parse-cop165-log-scop-cumext-20260526-c609ccd4-dirty-q10609-rerun1|COMPLETED|0:0|00:30:03
19856577_28.batch|19857880.batch|batch|COMPLETED|0:0|00:30:03
19856577_28.extern|19857880.extern|extern|COMPLETED|0:0|00:30:03
19856577_29|19857894|xcsp-parse-cop165-log-scop-cumext-20260526-c609ccd4-dirty-q10609-rerun1|COMPLETED|0:0|00:30:03
19856577_29.batch|19857894.batch|batch|COMPLETED|0:0|00:30:03
19856577_29.extern|19857894.extern|extern|COMPLETED|0:0|00:30:03
19856577_30|19857901|xcsp-parse-cop165-log-scop-cumext-20260526-c609ccd4-dirty-q10609-rerun1|COMPLETED|0:0|00:30:04
19856577_30.batch|19857901.batch|batch|COMPLETED|0:0|00:30:04
19856577_30.extern|19857901.extern|extern|COMPLETED|0:0|00:30:04
19856577_31|19857902|xcsp-parse-cop165-log-scop-cumext-20260526-c609ccd4-dirty-q10609-rerun1|COMPLETED|0:0|00:30:06
19856577_31.batch|19857902.batch|batch|COMPLETED|0:0|00:30:06
19856577_31.extern|19857902.extern|extern|COMPLETED|0:0|00:30:06
19856577_32|19857906|xcsp-parse-cop165-log-scop-cumext-20260526-c609ccd4-dirty-q10609-rerun1|COMPLETED|0:0|00:00:25
19856577_32.batch|19857906.batch|batch|COMPLETED|0:0|00:00:25
19856577_32.extern|19857906.extern|extern|COMPLETED|0:0|00:00:25
19856577_33|19857914|xcsp-parse-cop165-log-scop-cumext-20260526-c609ccd4-dirty-q10609-rerun1|COMPLETED|0:0|00:30:04
19856577_33.batch|19857914.batch|batch|COMPLETED|0:0|00:30:04
19856577_33.extern|19857914.extern|extern|COMPLETED|0:0|00:30:04
19856577_34|19858023|xcsp-parse-cop165-log-scop-cumext-20260526-c609ccd4-dirty-q10609-rerun1|COMPLETED|0:0|00:00:18
19856577_34.batch|19858023.batch|batch|COMPLETED|0:0|00:00:18
19856577_34.extern|19858023.extern|extern|COMPLETED|0:0|00:00:18
19856577_35|19858029|xcsp-parse-cop165-log-scop-cumext-20260526-c609ccd4-dirty-q10609-rerun1|COMPLETED|0:0|00:04:40
19856577_35.batch|19858029.batch|batch|COMPLETED|0:0|00:04:40
19856577_35.extern|19858029.extern|extern|COMPLETED|0:0|00:04:40
19856577_36|19858031|xcsp-parse-cop165-log-scop-cumext-20260526-c609ccd4-dirty-q10609-rerun1|COMPLETED|0:0|00:00:08
19856577_36.batch|19858031.batch|batch|COMPLETED|0:0|00:00:08
19856577_36.extern|19858031.extern|extern|COMPLETED|0:0|00:00:08
19856577_37|19858037|xcsp-parse-cop165-log-scop-cumext-20260526-c609ccd4-dirty-q10609-rerun1|COMPLETED|0:0|00:00:05
19856577_37.batch|19858037.batch|batch|COMPLETED|0:0|00:00:05
19856577_37.extern|19858037.extern|extern|COMPLETED|0:0|00:00:05
19856577_38|19858038|xcsp-parse-cop165-log-scop-cumext-20260526-c609ccd4-dirty-q10609-rerun1|COMPLETED|0:0|00:30:04
19856577_38.batch|19858038.batch|batch|COMPLETED|0:0|00:30:04
19856577_38.extern|19858038.extern|extern|COMPLETED|0:0|00:30:04
19856577_39|19858039|xcsp-parse-cop165-log-scop-cumext-20260526-c609ccd4-dirty-q10609-rerun1|COMPLETED|0:0|00:30:04
19856577_39.batch|19858039.batch|batch|COMPLETED|0:0|00:30:04
19856577_39.extern|19858039.extern|extern|COMPLETED|0:0|00:30:04
19856577_40|19858040|xcsp-parse-cop165-log-scop-cumext-20260526-c609ccd4-dirty-q10609-rerun1|COMPLETED|0:0|00:30:04
19856577_40.batch|19858040.batch|batch|COMPLETED|0:0|00:30:04
19856577_40.extern|19858040.extern|extern|COMPLETED|0:0|00:30:04
19856577_41|19858048|xcsp-parse-cop165-log-scop-cumext-20260526-c609ccd4-dirty-q10609-rerun1|COMPLETED|0:0|00:01:44
19856577_41.batch|19858048.batch|batch|COMPLETED|0:0|00:01:44
19856577_41.extern|19858048.extern|extern|COMPLETED|0:0|00:01:44
19856577_42|19858049|xcsp-parse-cop165-log-scop-cumext-20260526-c609ccd4-dirty-q10609-rerun1|COMPLETED|0:0|00:00:07
19856577_42.batch|19858049.batch|batch|COMPLETED|0:0|00:00:07
19856577_42.extern|19858049.extern|extern|COMPLETED|0:0|00:00:07
19856577_43|19858050|xcsp-parse-cop165-log-scop-cumext-20260526-c609ccd4-dirty-q10609-rerun1|COMPLETED|0:0|00:30:04
19856577_43.batch|19858050.batch|batch|COMPLETED|0:0|00:30:04
19856577_43.extern|19858050.extern|extern|COMPLETED|0:0|00:30:04
19856577_44|19858057|xcsp-parse-cop165-log-scop-cumext-20260526-c609ccd4-dirty-q10609-rerun1|COMPLETED|0:0|00:30:04
19856577_44.batch|19858057.batch|batch|COMPLETED|0:0|00:30:04
19856577_44.extern|19858057.extern|extern|COMPLETED|0:0|00:30:04
19856577_45|19858061|xcsp-parse-cop165-log-scop-cumext-20260526-c609ccd4-dirty-q10609-rerun1|COMPLETED|0:0|00:01:28
19856577_45.batch|19858061.batch|batch|COMPLETED|0:0|00:01:28
19856577_45.extern|19858061.extern|extern|COMPLETED|0:0|00:01:28
19856577_46|19858066|xcsp-parse-cop165-log-scop-cumext-20260526-c609ccd4-dirty-q10609-rerun1|COMPLETED|0:0|00:30:03
19856577_46.batch|19858066.batch|batch|COMPLETED|0:0|00:30:03
19856577_46.extern|19858066.extern|extern|COMPLETED|0:0|00:30:03
19856577_47|19858072|xcsp-parse-cop165-log-scop-cumext-20260526-c609ccd4-dirty-q10609-rerun1|COMPLETED|0:0|00:30:04
19856577_47.batch|19858072.batch|batch|COMPLETED|0:0|00:30:04
19856577_47.extern|19858072.extern|extern|COMPLETED|0:0|00:30:04
19856577_48|19858080|xcsp-parse-cop165-log-scop-cumext-20260526-c609ccd4-dirty-q10609-rerun1|COMPLETED|0:0|00:11:08
19856577_48.batch|19858080.batch|batch|COMPLETED|0:0|00:11:08
19856577_48.extern|19858080.extern|extern|COMPLETED|0:0|00:11:08
19856577_49|19858088|xcsp-parse-cop165-log-scop-cumext-20260526-c609ccd4-dirty-q10609-rerun1|COMPLETED|0:0|00:30:04
19856577_49.batch|19858088.batch|batch|COMPLETED|0:0|00:30:04
19856577_49.extern|19858088.extern|extern|COMPLETED|0:0|00:30:04
19856577_50|19858159|xcsp-parse-cop165-log-scop-cumext-20260526-c609ccd4-dirty-q10609-rerun1|COMPLETED|0:0|00:30:06
19856577_50.batch|19858159.batch|batch|COMPLETED|0:0|00:30:06
19856577_50.extern|19858159.extern|extern|COMPLETED|0:0|00:30:06
19856577_51|19858161|xcsp-parse-cop165-log-scop-cumext-20260526-c609ccd4-dirty-q10609-rerun1|COMPLETED|0:0|00:30:04
19856577_51.batch|19858161.batch|batch|COMPLETED|0:0|00:30:04
19856577_51.extern|19858161.extern|extern|COMPLETED|0:0|00:30:04
19856577_52|19858162|xcsp-parse-cop165-log-scop-cumext-20260526-c609ccd4-dirty-q10609-rerun1|COMPLETED|0:0|00:03:01
19856577_52.batch|19858162.batch|batch|COMPLETED|0:0|00:03:01
19856577_52.extern|19858162.extern|extern|COMPLETED|0:0|00:03:01
19856577_53|19858178|xcsp-parse-cop165-log-scop-cumext-20260526-c609ccd4-dirty-q10609-rerun1|COMPLETED|0:0|00:09:53
19856577_53.batch|19858178.batch|batch|COMPLETED|0:0|00:09:53
19856577_53.extern|19858178.extern|extern|COMPLETED|0:0|00:09:53
19856577_54|19858179|xcsp-parse-cop165-log-scop-cumext-20260526-c609ccd4-dirty-q10609-rerun1|COMPLETED|0:0|00:10:42
19856577_54.batch|19858179.batch|batch|COMPLETED|0:0|00:10:42
19856577_54.extern|19858179.extern|extern|COMPLETED|0:0|00:10:42
19856577_55|19858180|xcsp-parse-cop165-log-scop-cumext-20260526-c609ccd4-dirty-q10609-rerun1|COMPLETED|0:0|00:00:16
19856577_55.batch|19858180.batch|batch|COMPLETED|0:0|00:00:16
19856577_55.extern|19858180.extern|extern|COMPLETED|0:0|00:00:16
19856577_56|19858187|xcsp-parse-cop165-log-scop-cumext-20260526-c609ccd4-dirty-q10609-rerun1|COMPLETED|0:0|00:30:06
19856577_56.batch|19858187.batch|batch|COMPLETED|0:0|00:30:06
19856577_56.extern|19858187.extern|extern|COMPLETED|0:0|00:30:06
19856577_57|19858188|xcsp-parse-cop165-log-scop-cumext-20260526-c609ccd4-dirty-q10609-rerun1|COMPLETED|0:0|00:30:04
19856577_57.batch|19858188.batch|batch|COMPLETED|0:0|00:30:04
19856577_57.extern|19858188.extern|extern|COMPLETED|0:0|00:30:04
19856577_58|19858198|xcsp-parse-cop165-log-scop-cumext-20260526-c609ccd4-dirty-q10609-rerun1|COMPLETED|0:0|00:30:03
19856577_58.batch|19858198.batch|batch|COMPLETED|0:0|00:30:03
19856577_58.extern|19858198.extern|extern|COMPLETED|0:0|00:30:03
19856577_59|19858206|xcsp-parse-cop165-log-scop-cumext-20260526-c609ccd4-dirty-q10609-rerun1|COMPLETED|0:0|00:30:04
19856577_59.batch|19858206.batch|batch|COMPLETED|0:0|00:30:04
19856577_59.extern|19858206.extern|extern|COMPLETED|0:0|00:30:04
19856577_60|19858207|xcsp-parse-cop165-log-scop-cumext-20260526-c609ccd4-dirty-q10609-rerun1|COMPLETED|0:0|00:30:03
19856577_60.batch|19858207.batch|batch|COMPLETED|0:0|00:30:03
19856577_60.extern|19858207.extern|extern|COMPLETED|0:0|00:30:03
19856577_61|19858219|xcsp-parse-cop165-log-scop-cumext-20260526-c609ccd4-dirty-q10609-rerun1|COMPLETED|0:0|00:30:04
19856577_61.batch|19858219.batch|batch|COMPLETED|0:0|00:30:04
19856577_61.extern|19858219.extern|extern|COMPLETED|0:0|00:30:04
19856577_62|19858252|xcsp-parse-cop165-log-scop-cumext-20260526-c609ccd4-dirty-q10609-rerun1|COMPLETED|0:0|00:00:41
19856577_62.batch|19858252.batch|batch|COMPLETED|0:0|00:00:41
19856577_62.extern|19858252.extern|extern|COMPLETED|0:0|00:00:41
19856577_63|19858264|xcsp-parse-cop165-log-scop-cumext-20260526-c609ccd4-dirty-q10609-rerun1|COMPLETED|0:0|00:01:08
19856577_63.batch|19858264.batch|batch|COMPLETED|0:0|00:01:08
19856577_63.extern|19858264.extern|extern|COMPLETED|0:0|00:01:08
19856577_64|19858284|xcsp-parse-cop165-log-scop-cumext-20260526-c609ccd4-dirty-q10609-rerun1|COMPLETED|0:0|00:30:03
19856577_64.batch|19858284.batch|batch|COMPLETED|0:0|00:30:03
19856577_64.extern|19858284.extern|extern|COMPLETED|0:0|00:30:03
19856577_65|19858294|xcsp-parse-cop165-log-scop-cumext-20260526-c609ccd4-dirty-q10609-rerun1|COMPLETED|0:0|00:30:16
19856577_65.batch|19858294.batch|batch|COMPLETED|0:0|00:30:16
19856577_65.extern|19858294.extern|extern|COMPLETED|0:0|00:30:16
19856577_66|19858304|xcsp-parse-cop165-log-scop-cumext-20260526-c609ccd4-dirty-q10609-rerun1|COMPLETED|0:0|00:00:05
19856577_66.batch|19858304.batch|batch|COMPLETED|0:0|00:00:05
19856577_66.extern|19858304.extern|extern|COMPLETED|0:0|00:00:05
19856577_67|19858306|xcsp-parse-cop165-log-scop-cumext-20260526-c609ccd4-dirty-q10609-rerun1|COMPLETED|0:0|00:30:03
19856577_67.batch|19858306.batch|batch|COMPLETED|0:0|00:30:03
19856577_67.extern|19858306.extern|extern|COMPLETED|0:0|00:30:03
19856577_68|19858308|xcsp-parse-cop165-log-scop-cumext-20260526-c609ccd4-dirty-q10609-rerun1|COMPLETED|0:0|00:30:04
19856577_68.batch|19858308.batch|batch|COMPLETED|0:0|00:30:04
19856577_68.extern|19858308.extern|extern|COMPLETED|0:0|00:30:04
19856577_69|19858310|xcsp-parse-cop165-log-scop-cumext-20260526-c609ccd4-dirty-q10609-rerun1|COMPLETED|0:0|00:30:04
19856577_69.batch|19858310.batch|batch|COMPLETED|0:0|00:30:04
19856577_69.extern|19858310.extern|extern|COMPLETED|0:0|00:30:04
19856577_70|19858320|xcsp-parse-cop165-log-scop-cumext-20260526-c609ccd4-dirty-q10609-rerun1|COMPLETED|0:0|00:00:06
19856577_70.batch|19858320.batch|batch|COMPLETED|0:0|00:00:06
19856577_70.extern|19858320.extern|extern|COMPLETED|0:0|00:00:06
19856577_71|19858322|xcsp-parse-cop165-log-scop-cumext-20260526-c609ccd4-dirty-q10609-rerun1|COMPLETED|0:0|00:30:04
19856577_71.batch|19858322.batch|batch|COMPLETED|0:0|00:30:04
19856577_71.extern|19858322.extern|extern|COMPLETED|0:0|00:30:04
19856577_72|19858323|xcsp-parse-cop165-log-scop-cumext-20260526-c609ccd4-dirty-q10609-rerun1|COMPLETED|0:0|00:30:04
19856577_72.batch|19858323.batch|batch|COMPLETED|0:0|00:30:04
19856577_72.extern|19858323.extern|extern|COMPLETED|0:0|00:30:04
19856577_73|19858345|xcsp-parse-cop165-log-scop-cumext-20260526-c609ccd4-dirty-q10609-rerun1|COMPLETED|0:0|00:30:04
19856577_73.batch|19858345.batch|batch|COMPLETED|0:0|00:30:04
19856577_73.extern|19858345.extern|extern|COMPLETED|0:0|00:30:04
19856577_74|19858357|xcsp-parse-cop165-log-scop-cumext-20260526-c609ccd4-dirty-q10609-rerun1|COMPLETED|0:0|00:30:05
19856577_74.batch|19858357.batch|batch|COMPLETED|0:0|00:30:05
19856577_74.extern|19858357.extern|extern|COMPLETED|0:0|00:30:05
19856577_75|19858358|xcsp-parse-cop165-log-scop-cumext-20260526-c609ccd4-dirty-q10609-rerun1|COMPLETED|0:0|00:30:03
19856577_75.batch|19858358.batch|batch|COMPLETED|0:0|00:30:03
19856577_75.extern|19858358.extern|extern|COMPLETED|0:0|00:30:03
19856577_76|19858359|xcsp-parse-cop165-log-scop-cumext-20260526-c609ccd4-dirty-q10609-rerun1|COMPLETED|0:0|00:30:04
19856577_76.batch|19858359.batch|batch|COMPLETED|0:0|00:30:04
19856577_76.extern|19858359.extern|extern|COMPLETED|0:0|00:30:04
19856577_77|19858360|xcsp-parse-cop165-log-scop-cumext-20260526-c609ccd4-dirty-q10609-rerun1|COMPLETED|0:0|00:30:05
19856577_77.batch|19858360.batch|batch|COMPLETED|0:0|00:30:05
19856577_77.extern|19858360.extern|extern|COMPLETED|0:0|00:30:05
19856577_78|19858377|xcsp-parse-cop165-log-scop-cumext-20260526-c609ccd4-dirty-q10609-rerun1|COMPLETED|0:0|00:30:04
19856577_78.batch|19858377.batch|batch|COMPLETED|0:0|00:30:04
19856577_78.extern|19858377.extern|extern|COMPLETED|0:0|00:30:04
19856577_79|19858382|xcsp-parse-cop165-log-scop-cumext-20260526-c609ccd4-dirty-q10609-rerun1|COMPLETED|0:0|00:30:07
19856577_79.batch|19858382.batch|batch|COMPLETED|0:0|00:30:07
19856577_79.extern|19858382.extern|extern|COMPLETED|0:0|00:30:07
19856577_80|19858389|xcsp-parse-cop165-log-scop-cumext-20260526-c609ccd4-dirty-q10609-rerun1|COMPLETED|0:0|00:00:06
19856577_80.batch|19858389.batch|batch|COMPLETED|0:0|00:00:06
19856577_80.extern|19858389.extern|extern|COMPLETED|0:0|00:00:06
19856577_81|19858390|xcsp-parse-cop165-log-scop-cumext-20260526-c609ccd4-dirty-q10609-rerun1|COMPLETED|0:0|00:30:05
19856577_81.batch|19858390.batch|batch|COMPLETED|0:0|00:30:05
19856577_81.extern|19858390.extern|extern|COMPLETED|0:0|00:30:05
19856577_82|19858394|xcsp-parse-cop165-log-scop-cumext-20260526-c609ccd4-dirty-q10609-rerun1|COMPLETED|0:0|00:30:04
19856577_82.batch|19858394.batch|batch|COMPLETED|0:0|00:30:04
19856577_82.extern|19858394.extern|extern|COMPLETED|0:0|00:30:04
19856577_83|19858466|xcsp-parse-cop165-log-scop-cumext-20260526-c609ccd4-dirty-q10609-rerun1|COMPLETED|0:0|00:30:04
19856577_83.batch|19858466.batch|batch|COMPLETED|0:0|00:30:04
19856577_83.extern|19858466.extern|extern|COMPLETED|0:0|00:30:04
19856577_84|19858467|xcsp-parse-cop165-log-scop-cumext-20260526-c609ccd4-dirty-q10609-rerun1|COMPLETED|0:0|00:30:06
19856577_84.batch|19858467.batch|batch|COMPLETED|0:0|00:30:06
19856577_84.extern|19858467.extern|extern|COMPLETED|0:0|00:30:06
19856577_85|19858468|xcsp-parse-cop165-log-scop-cumext-20260526-c609ccd4-dirty-q10609-rerun1|COMPLETED|0:0|00:30:04
19856577_85.batch|19858468.batch|batch|COMPLETED|0:0|00:30:04
19856577_85.extern|19858468.extern|extern|COMPLETED|0:0|00:30:04
19856577_86|19858490|xcsp-parse-cop165-log-scop-cumext-20260526-c609ccd4-dirty-q10609-rerun1|COMPLETED|0:0|00:30:04
19856577_86.batch|19858490.batch|batch|COMPLETED|0:0|00:30:04
19856577_86.extern|19858490.extern|extern|COMPLETED|0:0|00:30:04
19856577_87|19858495|xcsp-parse-cop165-log-scop-cumext-20260526-c609ccd4-dirty-q10609-rerun1|COMPLETED|0:0|00:30:04
19856577_87.batch|19858495.batch|batch|COMPLETED|0:0|00:30:04
19856577_87.extern|19858495.extern|extern|COMPLETED|0:0|00:30:04
19856577_88|19858518|xcsp-parse-cop165-log-scop-cumext-20260526-c609ccd4-dirty-q10609-rerun1|COMPLETED|0:0|00:30:04
19856577_88.batch|19858518.batch|batch|COMPLETED|0:0|00:30:04
19856577_88.extern|19858518.extern|extern|COMPLETED|0:0|00:30:04
19856577_89|19858521|xcsp-parse-cop165-log-scop-cumext-20260526-c609ccd4-dirty-q10609-rerun1|COMPLETED|0:0|00:30:05
19856577_89.batch|19858521.batch|batch|COMPLETED|0:0|00:30:05
19856577_89.extern|19858521.extern|extern|COMPLETED|0:0|00:30:05
19856577_90|19858545|xcsp-parse-cop165-log-scop-cumext-20260526-c609ccd4-dirty-q10609-rerun1|COMPLETED|0:0|00:30:04
19856577_90.batch|19858545.batch|batch|COMPLETED|0:0|00:30:04
19856577_90.extern|19858545.extern|extern|COMPLETED|0:0|00:30:04
19856577_91|19858686|xcsp-parse-cop165-log-scop-cumext-20260526-c609ccd4-dirty-q10609-rerun1|COMPLETED|0:0|00:30:05
19856577_91.batch|19858686.batch|batch|COMPLETED|0:0|00:30:05
19856577_91.extern|19858686.extern|extern|COMPLETED|0:0|00:30:05
19856577_92|19858687|xcsp-parse-cop165-log-scop-cumext-20260526-c609ccd4-dirty-q10609-rerun1|COMPLETED|0:0|00:30:04
19856577_92.batch|19858687.batch|batch|COMPLETED|0:0|00:30:04
19856577_92.extern|19858687.extern|extern|COMPLETED|0:0|00:30:04
19856577_93|19858706|xcsp-parse-cop165-log-scop-cumext-20260526-c609ccd4-dirty-q10609-rerun1|COMPLETED|0:0|00:30:05
19856577_93.batch|19858706.batch|batch|COMPLETED|0:0|00:30:05
19856577_93.extern|19858706.extern|extern|COMPLETED|0:0|00:30:05
19856577_94|19858708|xcsp-parse-cop165-log-scop-cumext-20260526-c609ccd4-dirty-q10609-rerun1|COMPLETED|0:0|00:00:05
19856577_94.batch|19858708.batch|batch|COMPLETED|0:0|00:00:05
19856577_94.extern|19858708.extern|extern|COMPLETED|0:0|00:00:05
19856577_95|19858709|xcsp-parse-cop165-log-scop-cumext-20260526-c609ccd4-dirty-q10609-rerun1|COMPLETED|0:0|00:30:05
19856577_95.batch|19858709.batch|batch|COMPLETED|0:0|00:30:05
19856577_95.extern|19858709.extern|extern|COMPLETED|0:0|00:30:05
19856577_96|19858716|xcsp-parse-cop165-log-scop-cumext-20260526-c609ccd4-dirty-q10609-rerun1|COMPLETED|0:0|00:30:04
19856577_96.batch|19858716.batch|batch|COMPLETED|0:0|00:30:04
19856577_96.extern|19858716.extern|extern|COMPLETED|0:0|00:30:04
19856577_97|19858721|xcsp-parse-cop165-log-scop-cumext-20260526-c609ccd4-dirty-q10609-rerun1|COMPLETED|0:0|00:30:06
19856577_97.batch|19858721.batch|batch|COMPLETED|0:0|00:30:06
19856577_97.extern|19858721.extern|extern|COMPLETED|0:0|00:30:06
19856577_98|19858723|xcsp-parse-cop165-log-scop-cumext-20260526-c609ccd4-dirty-q10609-rerun1|COMPLETED|0:0|00:30:03
19856577_98.batch|19858723.batch|batch|COMPLETED|0:0|00:30:03
19856577_98.extern|19858723.extern|extern|COMPLETED|0:0|00:30:03
19856577_99|19858750|xcsp-parse-cop165-log-scop-cumext-20260526-c609ccd4-dirty-q10609-rerun1|COMPLETED|0:0|00:30:04
19856577_99.batch|19858750.batch|batch|COMPLETED|0:0|00:30:04
19856577_99.extern|19858750.extern|extern|COMPLETED|0:0|00:30:04
19856577_100|19858811|xcsp-parse-cop165-log-scop-cumext-20260526-c609ccd4-dirty-q10609-rerun1|COMPLETED|0:0|00:30:05
19856577_100.batch|19858811.batch|batch|COMPLETED|0:0|00:30:05
19856577_100.extern|19858811.extern|extern|COMPLETED|0:0|00:30:05
19856577_101|19858823|xcsp-parse-cop165-log-scop-cumext-20260526-c609ccd4-dirty-q10609-rerun1|COMPLETED|0:0|00:30:06
19856577_101.batch|19858823.batch|batch|COMPLETED|0:0|00:30:06
19856577_101.extern|19858823.extern|extern|COMPLETED|0:0|00:30:06
19856577_102|19858827|xcsp-parse-cop165-log-scop-cumext-20260526-c609ccd4-dirty-q10609-rerun1|COMPLETED|0:0|00:30:03
19856577_102.batch|19858827.batch|batch|COMPLETED|0:0|00:30:03
19856577_102.extern|19858827.extern|extern|COMPLETED|0:0|00:30:03
19856577_103|19858828|xcsp-parse-cop165-log-scop-cumext-20260526-c609ccd4-dirty-q10609-rerun1|COMPLETED|0:0|00:30:03
19856577_103.batch|19858828.batch|batch|COMPLETED|0:0|00:30:03
19856577_103.extern|19858828.extern|extern|COMPLETED|0:0|00:30:03
19856577_104|19858830|xcsp-parse-cop165-log-scop-cumext-20260526-c609ccd4-dirty-q10609-rerun1|COMPLETED|0:0|00:00:06
19856577_104.batch|19858830.batch|batch|COMPLETED|0:0|00:00:06
19856577_104.extern|19858830.extern|extern|COMPLETED|0:0|00:00:06
19856577_105|19858833|xcsp-parse-cop165-log-scop-cumext-20260526-c609ccd4-dirty-q10609-rerun1|COMPLETED|0:0|00:30:04
19856577_105.batch|19858833.batch|batch|COMPLETED|0:0|00:30:04
19856577_105.extern|19858833.extern|extern|COMPLETED|0:0|00:30:04
19856577_106|19858839|xcsp-parse-cop165-log-scop-cumext-20260526-c609ccd4-dirty-q10609-rerun1|COMPLETED|0:0|00:30:04
19856577_106.batch|19858839.batch|batch|COMPLETED|0:0|00:30:04
19856577_106.extern|19858839.extern|extern|COMPLETED|0:0|00:30:04
19856577_107|19858843|xcsp-parse-cop165-log-scop-cumext-20260526-c609ccd4-dirty-q10609-rerun1|COMPLETED|0:0|00:30:04
19856577_107.batch|19858843.batch|batch|COMPLETED|0:0|00:30:04
19856577_107.extern|19858843.extern|extern|COMPLETED|0:0|00:30:04
19856577_108|19858857|xcsp-parse-cop165-log-scop-cumext-20260526-c609ccd4-dirty-q10609-rerun1|COMPLETED|0:0|00:00:05
19856577_108.batch|19858857.batch|batch|COMPLETED|0:0|00:00:05
19856577_108.extern|19858857.extern|extern|COMPLETED|0:0|00:00:05
19856577_109|19858860|xcsp-parse-cop165-log-scop-cumext-20260526-c609ccd4-dirty-q10609-rerun1|COMPLETED|0:0|00:30:03
19856577_109.batch|19858860.batch|batch|COMPLETED|0:0|00:30:03
19856577_109.extern|19858860.extern|extern|COMPLETED|0:0|00:30:03
19856577_110|19858872|xcsp-parse-cop165-log-scop-cumext-20260526-c609ccd4-dirty-q10609-rerun1|COMPLETED|0:0|00:30:03
19856577_110.batch|19858872.batch|batch|COMPLETED|0:0|00:30:03
19856577_110.extern|19858872.extern|extern|COMPLETED|0:0|00:30:03
19856577_111|19858873|xcsp-parse-cop165-log-scop-cumext-20260526-c609ccd4-dirty-q10609-rerun1|COMPLETED|0:0|00:30:03
19856577_111.batch|19858873.batch|batch|COMPLETED|0:0|00:30:03
19856577_111.extern|19858873.extern|extern|COMPLETED|0:0|00:30:03
19856577_112|19858874|xcsp-parse-cop165-log-scop-cumext-20260526-c609ccd4-dirty-q10609-rerun1|COMPLETED|0:0|00:30:06
19856577_112.batch|19858874.batch|batch|COMPLETED|0:0|00:30:06
19856577_112.extern|19858874.extern|extern|COMPLETED|0:0|00:30:06
19856577_113|19858879|xcsp-parse-cop165-log-scop-cumext-20260526-c609ccd4-dirty-q10609-rerun1|COMPLETED|0:0|00:30:07
19856577_113.batch|19858879.batch|batch|COMPLETED|0:0|00:30:07
19856577_113.extern|19858879.extern|extern|COMPLETED|0:0|00:30:07
19856577_114|19858885|xcsp-parse-cop165-log-scop-cumext-20260526-c609ccd4-dirty-q10609-rerun1|COMPLETED|0:0|00:00:11
19856577_114.batch|19858885.batch|batch|COMPLETED|0:0|00:00:11
19856577_114.extern|19858885.extern|extern|COMPLETED|0:0|00:00:11
19856577_115|19858887|xcsp-parse-cop165-log-scop-cumext-20260526-c609ccd4-dirty-q10609-rerun1|COMPLETED|0:0|00:02:49
19856577_115.batch|19858887.batch|batch|COMPLETED|0:0|00:02:49
19856577_115.extern|19858887.extern|extern|COMPLETED|0:0|00:02:49
19856577_116|19858890|xcsp-parse-cop165-log-scop-cumext-20260526-c609ccd4-dirty-q10609-rerun1|COMPLETED|0:0|00:01:40
19856577_116.batch|19858890.batch|batch|COMPLETED|0:0|00:01:40
19856577_116.extern|19858890.extern|extern|COMPLETED|0:0|00:01:40
19856577_117|19858894|xcsp-parse-cop165-log-scop-cumext-20260526-c609ccd4-dirty-q10609-rerun1|COMPLETED|0:0|00:30:06
19856577_117.batch|19858894.batch|batch|COMPLETED|0:0|00:30:06
19856577_117.extern|19858894.extern|extern|COMPLETED|0:0|00:30:06
19856577_118|19858897|xcsp-parse-cop165-log-scop-cumext-20260526-c609ccd4-dirty-q10609-rerun1|COMPLETED|0:0|00:30:04
19856577_118.batch|19858897.batch|batch|COMPLETED|0:0|00:30:04
19856577_118.extern|19858897.extern|extern|COMPLETED|0:0|00:30:04
19856577_119|19858910|xcsp-parse-cop165-log-scop-cumext-20260526-c609ccd4-dirty-q10609-rerun1|COMPLETED|0:0|00:30:05
19856577_119.batch|19858910.batch|batch|COMPLETED|0:0|00:30:05
19856577_119.extern|19858910.extern|extern|COMPLETED|0:0|00:30:05
19856577_120|19858932|xcsp-parse-cop165-log-scop-cumext-20260526-c609ccd4-dirty-q10609-rerun1|COMPLETED|0:0|00:30:04
19856577_120.batch|19858932.batch|batch|COMPLETED|0:0|00:30:04
19856577_120.extern|19858932.extern|extern|COMPLETED|0:0|00:30:04
19856577_121|19858968|xcsp-parse-cop165-log-scop-cumext-20260526-c609ccd4-dirty-q10609-rerun1|COMPLETED|0:0|00:30:03
19856577_121.batch|19858968.batch|batch|COMPLETED|0:0|00:30:03
19856577_121.extern|19858968.extern|extern|COMPLETED|0:0|00:30:03
19856577_122|19858969|xcsp-parse-cop165-log-scop-cumext-20260526-c609ccd4-dirty-q10609-rerun1|COMPLETED|0:0|00:30:06
19856577_122.batch|19858969.batch|batch|COMPLETED|0:0|00:30:06
19856577_122.extern|19858969.extern|extern|COMPLETED|0:0|00:30:06
19856577_123|19858970|xcsp-parse-cop165-log-scop-cumext-20260526-c609ccd4-dirty-q10609-rerun1|COMPLETED|0:0|00:03:16
19856577_123.batch|19858970.batch|batch|COMPLETED|0:0|00:03:16
19856577_123.extern|19858970.extern|extern|COMPLETED|0:0|00:03:16
19856577_124|19858979|xcsp-parse-cop165-log-scop-cumext-20260526-c609ccd4-dirty-q10609-rerun1|COMPLETED|0:0|00:02:25
19856577_124.batch|19858979.batch|batch|COMPLETED|0:0|00:02:25
19856577_124.extern|19858979.extern|extern|COMPLETED|0:0|00:02:25
19856577_125|19858991|xcsp-parse-cop165-log-scop-cumext-20260526-c609ccd4-dirty-q10609-rerun1|COMPLETED|0:0|00:30:06
19856577_125.batch|19858991.batch|batch|COMPLETED|0:0|00:30:06
19856577_125.extern|19858991.extern|extern|COMPLETED|0:0|00:30:06
19856577_126|19859012|xcsp-parse-cop165-log-scop-cumext-20260526-c609ccd4-dirty-q10609-rerun1|COMPLETED|0:0|00:00:22
19856577_126.batch|19859012.batch|batch|COMPLETED|0:0|00:00:22
19856577_126.extern|19859012.extern|extern|COMPLETED|0:0|00:00:22
19856577_127|19859015|xcsp-parse-cop165-log-scop-cumext-20260526-c609ccd4-dirty-q10609-rerun1|COMPLETED|0:0|00:00:22
19856577_127.batch|19859015.batch|batch|COMPLETED|0:0|00:00:22
19856577_127.extern|19859015.extern|extern|COMPLETED|0:0|00:00:22
19856577_128|19859016|xcsp-parse-cop165-log-scop-cumext-20260526-c609ccd4-dirty-q10609-rerun1|COMPLETED|0:0|00:00:40
19856577_128.batch|19859016.batch|batch|COMPLETED|0:0|00:00:40
19856577_128.extern|19859016.extern|extern|COMPLETED|0:0|00:00:40
19856577_129|19859024|xcsp-parse-cop165-log-scop-cumext-20260526-c609ccd4-dirty-q10609-rerun1|COMPLETED|0:0|00:30:03
19856577_129.batch|19859024.batch|batch|COMPLETED|0:0|00:30:03
19856577_129.extern|19859024.extern|extern|COMPLETED|0:0|00:30:03
19856577_130|19859028|xcsp-parse-cop165-log-scop-cumext-20260526-c609ccd4-dirty-q10609-rerun1|COMPLETED|0:0|00:30:06
19856577_130.batch|19859028.batch|batch|COMPLETED|0:0|00:30:06
19856577_130.extern|19859028.extern|extern|COMPLETED|0:0|00:30:06
19856577_131|19859029|xcsp-parse-cop165-log-scop-cumext-20260526-c609ccd4-dirty-q10609-rerun1|COMPLETED|0:0|00:30:04
19856577_131.batch|19859029.batch|batch|COMPLETED|0:0|00:30:04
19856577_131.extern|19859029.extern|extern|COMPLETED|0:0|00:30:04
19856577_132|19859033|xcsp-parse-cop165-log-scop-cumext-20260526-c609ccd4-dirty-q10609-rerun1|COMPLETED|0:0|00:00:21
19856577_132.batch|19859033.batch|batch|COMPLETED|0:0|00:00:21
19856577_132.extern|19859033.extern|extern|COMPLETED|0:0|00:00:21
19856577_133|19859039|xcsp-parse-cop165-log-scop-cumext-20260526-c609ccd4-dirty-q10609-rerun1|COMPLETED|0:0|00:01:02
19856577_133.batch|19859039.batch|batch|COMPLETED|0:0|00:01:02
19856577_133.extern|19859039.extern|extern|COMPLETED|0:0|00:01:03
19856577_134|19859040|xcsp-parse-cop165-log-scop-cumext-20260526-c609ccd4-dirty-q10609-rerun1|COMPLETED|0:0|00:30:03
19856577_134.batch|19859040.batch|batch|COMPLETED|0:0|00:30:03
19856577_134.extern|19859040.extern|extern|COMPLETED|0:0|00:30:03
19856577_135|19859054|xcsp-parse-cop165-log-scop-cumext-20260526-c609ccd4-dirty-q10609-rerun1|COMPLETED|0:0|00:30:14
19856577_135.batch|19859054.batch|batch|COMPLETED|0:0|00:30:14
19856577_135.extern|19859054.extern|extern|COMPLETED|0:0|00:30:14
19856577_136|19859137|xcsp-parse-cop165-log-scop-cumext-20260526-c609ccd4-dirty-q10609-rerun1|COMPLETED|0:0|00:01:16
19856577_136.batch|19859137.batch|batch|COMPLETED|0:0|00:01:16
19856577_136.extern|19859137.extern|extern|COMPLETED|0:0|00:01:16
19856577_137|19859138|xcsp-parse-cop165-log-scop-cumext-20260526-c609ccd4-dirty-q10609-rerun1|COMPLETED|0:0|00:30:04
19856577_137.batch|19859138.batch|batch|COMPLETED|0:0|00:30:04
19856577_137.extern|19859138.extern|extern|COMPLETED|0:0|00:30:04
19856577_138|19859183|xcsp-parse-cop165-log-scop-cumext-20260526-c609ccd4-dirty-q10609-rerun1|COMPLETED|0:0|00:30:03
19856577_138.batch|19859183.batch|batch|COMPLETED|0:0|00:30:03
19856577_138.extern|19859183.extern|extern|COMPLETED|0:0|00:30:03
19856577_139|19859189|xcsp-parse-cop165-log-scop-cumext-20260526-c609ccd4-dirty-q10609-rerun1|COMPLETED|0:0|00:30:03
19856577_139.batch|19859189.batch|batch|COMPLETED|0:0|00:30:03
19856577_139.extern|19859189.extern|extern|COMPLETED|0:0|00:30:03
19856577_140|19859194|xcsp-parse-cop165-log-scop-cumext-20260526-c609ccd4-dirty-q10609-rerun1|COMPLETED|0:0|00:30:05
19856577_140.batch|19859194.batch|batch|COMPLETED|0:0|00:30:05
19856577_140.extern|19859194.extern|extern|COMPLETED|0:0|00:30:05
19856577_141|19859203|xcsp-parse-cop165-log-scop-cumext-20260526-c609ccd4-dirty-q10609-rerun1|COMPLETED|0:0|00:30:05
19856577_141.batch|19859203.batch|batch|COMPLETED|0:0|00:30:05
19856577_141.extern|19859203.extern|extern|COMPLETED|0:0|00:30:05
19856577_142|19859215|xcsp-parse-cop165-log-scop-cumext-20260526-c609ccd4-dirty-q10609-rerun1|COMPLETED|0:0|00:30:03
19856577_142.batch|19859215.batch|batch|COMPLETED|0:0|00:30:03
19856577_142.extern|19859215.extern|extern|COMPLETED|0:0|00:30:03
19856577_143|19859216|xcsp-parse-cop165-log-scop-cumext-20260526-c609ccd4-dirty-q10609-rerun1|COMPLETED|0:0|00:30:05
19856577_143.batch|19859216.batch|batch|COMPLETED|0:0|00:30:05
19856577_143.extern|19859216.extern|extern|COMPLETED|0:0|00:30:05
19856577_144|19859242|xcsp-parse-cop165-log-scop-cumext-20260526-c609ccd4-dirty-q10609-rerun1|COMPLETED|0:0|00:30:04
19856577_144.batch|19859242.batch|batch|COMPLETED|0:0|00:30:04
19856577_144.extern|19859242.extern|extern|COMPLETED|0:0|00:30:04
19856577_145|19859365|xcsp-parse-cop165-log-scop-cumext-20260526-c609ccd4-dirty-q10609-rerun1|COMPLETED|0:0|00:30:05
19856577_145.batch|19859365.batch|batch|COMPLETED|0:0|00:30:05
19856577_145.extern|19859365.extern|extern|COMPLETED|0:0|00:30:05
19856577_146|19859389|xcsp-parse-cop165-log-scop-cumext-20260526-c609ccd4-dirty-q10609-rerun1|COMPLETED|0:0|00:30:04
19856577_146.batch|19859389.batch|batch|COMPLETED|0:0|00:30:04
19856577_146.extern|19859389.extern|extern|COMPLETED|0:0|00:30:04
19856577_147|19859393|xcsp-parse-cop165-log-scop-cumext-20260526-c609ccd4-dirty-q10609-rerun1|COMPLETED|0:0|00:30:05
19856577_147.batch|19859393.batch|batch|COMPLETED|0:0|00:30:05
19856577_147.extern|19859393.extern|extern|COMPLETED|0:0|00:30:05
19856577_148|19859398|xcsp-parse-cop165-log-scop-cumext-20260526-c609ccd4-dirty-q10609-rerun1|COMPLETED|0:0|00:30:04
19856577_148.batch|19859398.batch|batch|COMPLETED|0:0|00:30:04
19856577_148.extern|19859398.extern|extern|COMPLETED|0:0|00:30:04
19856577_149|19859402|xcsp-parse-cop165-log-scop-cumext-20260526-c609ccd4-dirty-q10609-rerun1|COMPLETED|0:0|00:09:57
19856577_149.batch|19859402.batch|batch|COMPLETED|0:0|00:09:57
19856577_149.extern|19859402.extern|extern|COMPLETED|0:0|00:09:57
19856577_150|19859415|xcsp-parse-cop165-log-scop-cumext-20260526-c609ccd4-dirty-q10609-rerun1|COMPLETED|0:0|00:26:38
19856577_150.batch|19859415.batch|batch|COMPLETED|0:0|00:26:38
19856577_150.extern|19859415.extern|extern|COMPLETED|0:0|00:26:38
19856577_151|19859421|xcsp-parse-cop165-log-scop-cumext-20260526-c609ccd4-dirty-q10609-rerun1|COMPLETED|0:0|00:30:05
19856577_151.batch|19859421.batch|batch|COMPLETED|0:0|00:30:05
19856577_151.extern|19859421.extern|extern|COMPLETED|0:0|00:30:05
19856577_152|19859454|xcsp-parse-cop165-log-scop-cumext-20260526-c609ccd4-dirty-q10609-rerun1|COMPLETED|0:0|00:30:04
19856577_152.batch|19859454.batch|batch|COMPLETED|0:0|00:30:04
19856577_152.extern|19859454.extern|extern|COMPLETED|0:0|00:30:04
19856577_153|19859460|xcsp-parse-cop165-log-scop-cumext-20260526-c609ccd4-dirty-q10609-rerun1|COMPLETED|0:0|00:30:04
19856577_153.batch|19859460.batch|batch|COMPLETED|0:0|00:30:04
19856577_153.extern|19859460.extern|extern|COMPLETED|0:0|00:30:04
19856577_154|19859461|xcsp-parse-cop165-log-scop-cumext-20260526-c609ccd4-dirty-q10609-rerun1|COMPLETED|0:0|00:30:03
19856577_154.batch|19859461.batch|batch|COMPLETED|0:0|00:30:03
19856577_154.extern|19859461.extern|extern|COMPLETED|0:0|00:30:03
19856577_155|19859463|xcsp-parse-cop165-log-scop-cumext-20260526-c609ccd4-dirty-q10609-rerun1|COMPLETED|0:0|00:30:03
19856577_155.batch|19859463.batch|batch|COMPLETED|0:0|00:30:03
19856577_155.extern|19859463.extern|extern|COMPLETED|0:0|00:30:03
19856577_156|19859471|xcsp-parse-cop165-log-scop-cumext-20260526-c609ccd4-dirty-q10609-rerun1|COMPLETED|0:0|00:07:34
19856577_156.batch|19859471.batch|batch|COMPLETED|0:0|00:07:34
19856577_156.extern|19859471.extern|extern|COMPLETED|0:0|00:07:34
19856577_157|19859519|xcsp-parse-cop165-log-scop-cumext-20260526-c609ccd4-dirty-q10609-rerun1|COMPLETED|0:0|00:30:05
19856577_157.batch|19859519.batch|batch|COMPLETED|0:0|00:30:05
19856577_157.extern|19859519.extern|extern|COMPLETED|0:0|00:30:05
19856577_158|19859530|xcsp-parse-cop165-log-scop-cumext-20260526-c609ccd4-dirty-q10609-rerun1|COMPLETED|0:0|00:30:04
19856577_158.batch|19859530.batch|batch|COMPLETED|0:0|00:30:04
19856577_158.extern|19859530.extern|extern|COMPLETED|0:0|00:30:04
19856577_159|19859546|xcsp-parse-cop165-log-scop-cumext-20260526-c609ccd4-dirty-q10609-rerun1|COMPLETED|0:0|00:00:25
19856577_159.batch|19859546.batch|batch|COMPLETED|0:0|00:00:25
19856577_159.extern|19859546.extern|extern|COMPLETED|0:0|00:00:25
19856577_160|19859581|xcsp-parse-cop165-log-scop-cumext-20260526-c609ccd4-dirty-q10609-rerun1|COMPLETED|0:0|00:00:18
19856577_160.batch|19859581.batch|batch|COMPLETED|0:0|00:00:18
19856577_160.extern|19859581.extern|extern|COMPLETED|0:0|00:00:18
19856577_161|19859594|xcsp-parse-cop165-log-scop-cumext-20260526-c609ccd4-dirty-q10609-rerun1|COMPLETED|0:0|00:00:27
19856577_161.batch|19859594.batch|batch|COMPLETED|0:0|00:00:27
19856577_161.extern|19859594.extern|extern|COMPLETED|0:0|00:00:27
19856577_162|19859603|xcsp-parse-cop165-log-scop-cumext-20260526-c609ccd4-dirty-q10609-rerun1|COMPLETED|0:0|00:00:43
19856577_162.batch|19859603.batch|batch|COMPLETED|0:0|00:00:43
19856577_162.extern|19859603.extern|extern|COMPLETED|0:0|00:00:43
19856577_163|19859618|xcsp-parse-cop165-log-scop-cumext-20260526-c609ccd4-dirty-q10609-rerun1|COMPLETED|0:0|00:00:42
19856577_163.batch|19859618.batch|batch|COMPLETED|0:0|00:00:42
19856577_163.extern|19859618.extern|extern|COMPLETED|0:0|00:00:42
19856577_164|19859632|xcsp-parse-cop165-log-scop-cumext-20260526-c609ccd4-dirty-q10609-rerun1|COMPLETED|0:0|00:30:03
19856577_164.batch|19859632.batch|batch|COMPLETED|0:0|00:30:03
19856577_164.extern|19859632.extern|extern|COMPLETED|0:0|00:30:03
19856577_165|19856577|xcsp-parse-cop165-log-scop-cumext-20260526-c609ccd4-dirty-q10609-rerun1|COMPLETED|0:0|00:01:14
19856577_165.batch|19856577.batch|batch|COMPLETED|0:0|00:01:14
19856577_165.extern|19856577.extern|extern|COMPLETED|0:0|00:01:14
19856579_1|19859670|xcsp-parse-cop165-order-ge-time-rd-20260526-c609ccd4-dirty-q10609-rerun1|COMPLETED|0:0|00:30:05
19856579_1.batch|19859670.batch|batch|COMPLETED|0:0|00:30:05
19856579_1.extern|19859670.extern|extern|COMPLETED|0:0|00:30:05
19856579_2|19859671|xcsp-parse-cop165-order-ge-time-rd-20260526-c609ccd4-dirty-q10609-rerun1|COMPLETED|0:0|00:00:15
19856579_2.batch|19859671.batch|batch|COMPLETED|0:0|00:00:15
19856579_2.extern|19859671.extern|extern|COMPLETED|0:0|00:00:15
19856579_3|19859672|xcsp-parse-cop165-order-ge-time-rd-20260526-c609ccd4-dirty-q10609-rerun1|COMPLETED|0:0|00:00:10
19856579_3.batch|19859672.batch|batch|COMPLETED|0:0|00:00:10
19856579_3.extern|19859672.extern|extern|COMPLETED|0:0|00:00:10
19856579_4|19859675|xcsp-parse-cop165-order-ge-time-rd-20260526-c609ccd4-dirty-q10609-rerun1|COMPLETED|0:0|00:30:04
19856579_4.batch|19859675.batch|batch|COMPLETED|0:0|00:30:04
19856579_4.extern|19859675.extern|extern|COMPLETED|0:0|00:30:04
19856579_5|19859676|xcsp-parse-cop165-order-ge-time-rd-20260526-c609ccd4-dirty-q10609-rerun1|COMPLETED|0:0|00:30:04
19856579_5.batch|19859676.batch|batch|COMPLETED|0:0|00:30:04
19856579_5.extern|19859676.extern|extern|COMPLETED|0:0|00:30:04
19856579_6|19859677|xcsp-parse-cop165-order-ge-time-rd-20260526-c609ccd4-dirty-q10609-rerun1|OUT_OF_MEMORY|0:125|00:07:15
19856579_6.batch|19859677.batch|batch|OUT_OF_MEMORY|0:125|00:07:15
19856579_6.extern|19859677.extern|extern|OUT_OF_MEMORY|0:125|00:07:15
19856579_7|19859680|xcsp-parse-cop165-order-ge-time-rd-20260526-c609ccd4-dirty-q10609-rerun1|COMPLETED|0:0|00:09:33
19856579_7.batch|19859680.batch|batch|COMPLETED|0:0|00:09:33
19856579_7.extern|19859680.extern|extern|COMPLETED|0:0|00:09:33
19856579_8|19859703|xcsp-parse-cop165-order-ge-time-rd-20260526-c609ccd4-dirty-q10609-rerun1|COMPLETED|0:0|00:07:05
19856579_8.batch|19859703.batch|batch|COMPLETED|0:0|00:07:05
19856579_8.extern|19859703.extern|extern|COMPLETED|0:0|00:07:05
19856579_9|19859763|xcsp-parse-cop165-order-ge-time-rd-20260526-c609ccd4-dirty-q10609-rerun1|COMPLETED|0:0|00:06:10
19856579_9.batch|19859763.batch|batch|COMPLETED|0:0|00:06:10
19856579_9.extern|19859763.extern|extern|COMPLETED|0:0|00:06:10
19856579_10|19859766|xcsp-parse-cop165-order-ge-time-rd-20260526-c609ccd4-dirty-q10609-rerun1|COMPLETED|0:0|00:06:31
19856579_10.batch|19859766.batch|batch|COMPLETED|0:0|00:06:31
19856579_10.extern|19859766.extern|extern|COMPLETED|0:0|00:06:31
19856579_11|19859768|xcsp-parse-cop165-order-ge-time-rd-20260526-c609ccd4-dirty-q10609-rerun1|COMPLETED|0:0|00:02:11
19856579_11.batch|19859768.batch|batch|COMPLETED|0:0|00:02:11
19856579_11.extern|19859768.extern|extern|COMPLETED|0:0|00:02:11
19856579_12|19859777|xcsp-parse-cop165-order-ge-time-rd-20260526-c609ccd4-dirty-q10609-rerun1|COMPLETED|0:0|00:05:59
19856579_12.batch|19859777.batch|batch|COMPLETED|0:0|00:05:59
19856579_12.extern|19859777.extern|extern|COMPLETED|0:0|00:05:59
19856579_13|19859804|xcsp-parse-cop165-order-ge-time-rd-20260526-c609ccd4-dirty-q10609-rerun1|COMPLETED|0:0|00:10:18
19856579_13.batch|19859804.batch|batch|COMPLETED|0:0|00:10:18
19856579_13.extern|19859804.extern|extern|COMPLETED|0:0|00:10:18
19856579_14|19859818|xcsp-parse-cop165-order-ge-time-rd-20260526-c609ccd4-dirty-q10609-rerun1|COMPLETED|0:0|00:06:55
19856579_14.batch|19859818.batch|batch|COMPLETED|0:0|00:06:55
19856579_14.extern|19859818.extern|extern|COMPLETED|0:0|00:06:55
19856579_15|19859858|xcsp-parse-cop165-order-ge-time-rd-20260526-c609ccd4-dirty-q10609-rerun1|COMPLETED|0:0|00:06:22
19856579_15.batch|19859858.batch|batch|COMPLETED|0:0|00:06:22
19856579_15.extern|19859858.extern|extern|COMPLETED|0:0|00:06:22
19856579_16|19859885|xcsp-parse-cop165-order-ge-time-rd-20260526-c609ccd4-dirty-q10609-rerun1|COMPLETED|0:0|00:07:18
19856579_16.batch|19859885.batch|batch|COMPLETED|0:0|00:07:18
19856579_16.extern|19859885.extern|extern|COMPLETED|0:0|00:07:18
19856579_17|19859906|xcsp-parse-cop165-order-ge-time-rd-20260526-c609ccd4-dirty-q10609-rerun1|COMPLETED|0:0|00:06:35
19856579_17.batch|19859906.batch|batch|COMPLETED|0:0|00:06:35
19856579_17.extern|19859906.extern|extern|COMPLETED|0:0|00:06:35
19856579_18|19859917|xcsp-parse-cop165-order-ge-time-rd-20260526-c609ccd4-dirty-q10609-rerun1|COMPLETED|0:0|00:04:15
19856579_18.batch|19859917.batch|batch|COMPLETED|0:0|00:04:15
19856579_18.extern|19859917.extern|extern|COMPLETED|0:0|00:04:15
19856579_19|19859919|xcsp-parse-cop165-order-ge-time-rd-20260526-c609ccd4-dirty-q10609-rerun1|COMPLETED|0:0|00:01:49
19856579_19.batch|19859919.batch|batch|COMPLETED|0:0|00:01:49
19856579_19.extern|19859919.extern|extern|COMPLETED|0:0|00:01:49
19856579_20|19859924|xcsp-parse-cop165-order-ge-time-rd-20260526-c609ccd4-dirty-q10609-rerun1|COMPLETED|0:0|00:01:12
19856579_20.batch|19859924.batch|batch|COMPLETED|0:0|00:01:12
19856579_20.extern|19859924.extern|extern|COMPLETED|0:0|00:01:12
19856579_21|19859930|xcsp-parse-cop165-order-ge-time-rd-20260526-c609ccd4-dirty-q10609-rerun1|COMPLETED|0:0|00:00:47
19856579_21.batch|19859930.batch|batch|COMPLETED|0:0|00:00:47
19856579_21.extern|19859930.extern|extern|COMPLETED|0:0|00:00:47
19856579_22|19859935|xcsp-parse-cop165-order-ge-time-rd-20260526-c609ccd4-dirty-q10609-rerun1|OUT_OF_MEMORY|0:125|00:08:00
19856579_22.batch|19859935.batch|batch|OUT_OF_MEMORY|0:125|00:08:00
19856579_22.extern|19859935.extern|extern|OUT_OF_MEMORY|0:125|00:08:00
19856579_23|19859939|xcsp-parse-cop165-order-ge-time-rd-20260526-c609ccd4-dirty-q10609-rerun1|OUT_OF_MEMORY|0:125|00:07:41
19856579_23.batch|19859939.batch|batch|OUT_OF_MEMORY|0:125|00:07:41
19856579_23.extern|19859939.extern|extern|OUT_OF_MEMORY|0:125|00:07:41
19856579_24|19859943|xcsp-parse-cop165-order-ge-time-rd-20260526-c609ccd4-dirty-q10609-rerun1|COMPLETED|0:0|00:30:04
19856579_24.batch|19859943.batch|batch|COMPLETED|0:0|00:30:04
19856579_24.extern|19859943.extern|extern|COMPLETED|0:0|00:30:04
19856579_25|19859954|xcsp-parse-cop165-order-ge-time-rd-20260526-c609ccd4-dirty-q10609-rerun1|OUT_OF_MEMORY|0:125|00:07:07
19856579_25.batch|19859954.batch|batch|OUT_OF_MEMORY|0:125|00:07:07
19856579_25.extern|19859954.extern|extern|OUT_OF_MEMORY|0:125|00:07:07
19856579_26|19859957|xcsp-parse-cop165-order-ge-time-rd-20260526-c609ccd4-dirty-q10609-rerun1|COMPLETED|0:0|00:30:04
19856579_26.batch|19859957.batch|batch|COMPLETED|0:0|00:30:04
19856579_26.extern|19859957.extern|extern|COMPLETED|0:0|00:30:04
19856579_27|19859965|xcsp-parse-cop165-order-ge-time-rd-20260526-c609ccd4-dirty-q10609-rerun1|COMPLETED|0:0|00:07:21
19856579_27.batch|19859965.batch|batch|COMPLETED|0:0|00:07:21
19856579_27.extern|19859965.extern|extern|COMPLETED|0:0|00:07:21
19856579_28|19859972|xcsp-parse-cop165-order-ge-time-rd-20260526-c609ccd4-dirty-q10609-rerun1|COMPLETED|0:0|00:30:05
19856579_28.batch|19859972.batch|batch|COMPLETED|0:0|00:30:05
19856579_28.extern|19859972.extern|extern|COMPLETED|0:0|00:30:05
19856579_29|19860001|xcsp-parse-cop165-order-ge-time-rd-20260526-c609ccd4-dirty-q10609-rerun1|OUT_OF_MEMORY|0:125|00:06:00
19856579_29.batch|19860001.batch|batch|OUT_OF_MEMORY|0:125|00:06:00
19856579_29.extern|19860001.extern|extern|OUT_OF_MEMORY|0:125|00:06:00
19856579_30|19860013|xcsp-parse-cop165-order-ge-time-rd-20260526-c609ccd4-dirty-q10609-rerun1|COMPLETED|0:0|00:30:05
19856579_30.batch|19860013.batch|batch|COMPLETED|0:0|00:30:05
19856579_30.extern|19860013.extern|extern|COMPLETED|0:0|00:30:05
19856579_31|19860014|xcsp-parse-cop165-order-ge-time-rd-20260526-c609ccd4-dirty-q10609-rerun1|COMPLETED|0:0|00:30:04
19856579_31.batch|19860014.batch|batch|COMPLETED|0:0|00:30:04
19856579_31.extern|19860014.extern|extern|COMPLETED|0:0|00:30:04
19856579_32|19860017|xcsp-parse-cop165-order-ge-time-rd-20260526-c609ccd4-dirty-q10609-rerun1|COMPLETED|0:0|00:30:04
19856579_32.batch|19860017.batch|batch|COMPLETED|0:0|00:30:04
19856579_32.extern|19860017.extern|extern|COMPLETED|0:0|00:30:04
19856579_33|19860018|xcsp-parse-cop165-order-ge-time-rd-20260526-c609ccd4-dirty-q10609-rerun1|OUT_OF_MEMORY|0:125|00:08:01
19856579_33.batch|19860018.batch|batch|OUT_OF_MEMORY|0:125|00:08:01
19856579_33.extern|19860018.extern|extern|OUT_OF_MEMORY|0:125|00:08:01
19856579_34|19860039|xcsp-parse-cop165-order-ge-time-rd-20260526-c609ccd4-dirty-q10609-rerun1|COMPLETED|0:0|00:30:04
19856579_34.batch|19860039.batch|batch|COMPLETED|0:0|00:30:04
19856579_34.extern|19860039.extern|extern|COMPLETED|0:0|00:30:04
19856579_35|19860041|xcsp-parse-cop165-order-ge-time-rd-20260526-c609ccd4-dirty-q10609-rerun1|COMPLETED|0:0|00:30:05
19856579_35.batch|19860041.batch|batch|COMPLETED|0:0|00:30:05
19856579_35.extern|19860041.extern|extern|COMPLETED|0:0|00:30:05
19856579_36|19860050|xcsp-parse-cop165-order-ge-time-rd-20260526-c609ccd4-dirty-q10609-rerun1|COMPLETED|0:0|00:30:03
19856579_36.batch|19860050.batch|batch|COMPLETED|0:0|00:30:03
19856579_36.extern|19860050.extern|extern|COMPLETED|0:0|00:30:03
19856579_37|19860062|xcsp-parse-cop165-order-ge-time-rd-20260526-c609ccd4-dirty-q10609-rerun1|COMPLETED|0:0|00:30:04
19856579_37.batch|19860062.batch|batch|COMPLETED|0:0|00:30:04
19856579_37.extern|19860062.extern|extern|COMPLETED|0:0|00:30:04
19856579_38|19860084|xcsp-parse-cop165-order-ge-time-rd-20260526-c609ccd4-dirty-q10609-rerun1|COMPLETED|0:0|00:30:03
19856579_38.batch|19860084.batch|batch|COMPLETED|0:0|00:30:03
19856579_38.extern|19860084.extern|extern|COMPLETED|0:0|00:30:03
19856579_39|19860111|xcsp-parse-cop165-order-ge-time-rd-20260526-c609ccd4-dirty-q10609-rerun1|COMPLETED|0:0|00:30:05
19856579_39.batch|19860111.batch|batch|COMPLETED|0:0|00:30:05
19856579_39.extern|19860111.extern|extern|COMPLETED|0:0|00:30:05
19856579_40|19860120|xcsp-parse-cop165-order-ge-time-rd-20260526-c609ccd4-dirty-q10609-rerun1|COMPLETED|0:0|00:30:04
19856579_40.batch|19860120.batch|batch|COMPLETED|0:0|00:30:04
19856579_40.extern|19860120.extern|extern|COMPLETED|0:0|00:30:04
19856579_41|19860121|xcsp-parse-cop165-order-ge-time-rd-20260526-c609ccd4-dirty-q10609-rerun1|COMPLETED|0:0|00:30:04
19856579_41.batch|19860121.batch|batch|COMPLETED|0:0|00:30:04
19856579_41.extern|19860121.extern|extern|COMPLETED|0:0|00:30:04
19856579_42|19860122|xcsp-parse-cop165-order-ge-time-rd-20260526-c609ccd4-dirty-q10609-rerun1|COMPLETED|0:0|00:30:04
19856579_42.batch|19860122.batch|batch|COMPLETED|0:0|00:30:04
19856579_42.extern|19860122.extern|extern|COMPLETED|0:0|00:30:04
19856579_43|19860124|xcsp-parse-cop165-order-ge-time-rd-20260526-c609ccd4-dirty-q10609-rerun1|COMPLETED|0:0|00:30:04
19856579_43.batch|19860124.batch|batch|COMPLETED|0:0|00:30:04
19856579_43.extern|19860124.extern|extern|COMPLETED|0:0|00:30:04
19856579_44|19860127|xcsp-parse-cop165-order-ge-time-rd-20260526-c609ccd4-dirty-q10609-rerun1|COMPLETED|0:0|00:30:03
19856579_44.batch|19860127.batch|batch|COMPLETED|0:0|00:30:03
19856579_44.extern|19860127.extern|extern|COMPLETED|0:0|00:30:03
19856579_45|19860130|xcsp-parse-cop165-order-ge-time-rd-20260526-c609ccd4-dirty-q10609-rerun1|COMPLETED|0:0|00:30:04
19856579_45.batch|19860130.batch|batch|COMPLETED|0:0|00:30:04
19856579_45.extern|19860130.extern|extern|COMPLETED|0:0|00:30:04
19856579_46|19860131|xcsp-parse-cop165-order-ge-time-rd-20260526-c609ccd4-dirty-q10609-rerun1|OUT_OF_MEMORY|0:125|00:07:38
19856579_46.batch|19860131.batch|batch|OUT_OF_MEMORY|0:125|00:07:38
19856579_46.extern|19860131.extern|extern|OUT_OF_MEMORY|0:125|00:07:38
19856579_47|19860132|xcsp-parse-cop165-order-ge-time-rd-20260526-c609ccd4-dirty-q10609-rerun1|OUT_OF_MEMORY|0:125|00:06:04
19856579_47.batch|19860132.batch|batch|OUT_OF_MEMORY|0:125|00:06:04
19856579_47.extern|19860132.extern|extern|OUT_OF_MEMORY|0:125|00:06:04
19856579_48|19860171|xcsp-parse-cop165-order-ge-time-rd-20260526-c609ccd4-dirty-q10609-rerun1|OUT_OF_MEMORY|0:125|00:07:29
19856579_48.batch|19860171.batch|batch|OUT_OF_MEMORY|0:125|00:07:29
19856579_48.extern|19860171.extern|extern|OUT_OF_MEMORY|0:125|00:07:29
19856579_49|19860188|xcsp-parse-cop165-order-ge-time-rd-20260526-c609ccd4-dirty-q10609-rerun1|COMPLETED|0:0|00:30:05
19856579_49.batch|19860188.batch|batch|COMPLETED|0:0|00:30:05
19856579_49.extern|19860188.extern|extern|COMPLETED|0:0|00:30:05
19856579_50|19860195|xcsp-parse-cop165-order-ge-time-rd-20260526-c609ccd4-dirty-q10609-rerun1|OUT_OF_MEMORY|0:125|00:06:39
19856579_50.batch|19860195.batch|batch|OUT_OF_MEMORY|0:125|00:06:39
19856579_50.extern|19860195.extern|extern|OUT_OF_MEMORY|0:125|00:06:39
19856579_51|19860198|xcsp-parse-cop165-order-ge-time-rd-20260526-c609ccd4-dirty-q10609-rerun1|COMPLETED|0:0|00:30:04
19856579_51.batch|19860198.batch|batch|COMPLETED|0:0|00:30:04
19856579_51.extern|19860198.extern|extern|COMPLETED|0:0|00:30:04
19856579_52|19860199|xcsp-parse-cop165-order-ge-time-rd-20260526-c609ccd4-dirty-q10609-rerun1|COMPLETED|0:0|00:00:29
19856579_52.batch|19860199.batch|batch|COMPLETED|0:0|00:00:29
19856579_52.extern|19860199.extern|extern|COMPLETED|0:0|00:00:29
19856579_53|19860200|xcsp-parse-cop165-order-ge-time-rd-20260526-c609ccd4-dirty-q10609-rerun1|COMPLETED|0:0|00:01:18
19856579_53.batch|19860200.batch|batch|COMPLETED|0:0|00:01:18
19856579_53.extern|19860200.extern|extern|COMPLETED|0:0|00:01:18
19856579_54|19860217|xcsp-parse-cop165-order-ge-time-rd-20260526-c609ccd4-dirty-q10609-rerun1|COMPLETED|0:0|00:01:47
19856579_54.batch|19860217.batch|batch|COMPLETED|0:0|00:01:47
19856579_54.extern|19860217.extern|extern|COMPLETED|0:0|00:01:47
19856579_55|19860230|xcsp-parse-cop165-order-ge-time-rd-20260526-c609ccd4-dirty-q10609-rerun1|OUT_OF_MEMORY|0:125|00:19:19
19856579_55.batch|19860230.batch|batch|OUT_OF_MEMORY|0:125|00:19:19
19856579_55.extern|19860230.extern|extern|OUT_OF_MEMORY|0:125|00:19:19
19856579_56|19860246|xcsp-parse-cop165-order-ge-time-rd-20260526-c609ccd4-dirty-q10609-rerun1|OUT_OF_MEMORY|0:125|00:06:52
19856579_56.batch|19860246.batch|batch|OUT_OF_MEMORY|0:125|00:06:52
19856579_56.extern|19860246.extern|extern|OUT_OF_MEMORY|0:125|00:06:52
19856579_57|19860247|xcsp-parse-cop165-order-ge-time-rd-20260526-c609ccd4-dirty-q10609-rerun1|OUT_OF_MEMORY|0:125|00:11:39
19856579_57.batch|19860247.batch|batch|OUT_OF_MEMORY|0:125|00:11:39
19856579_57.extern|19860247.extern|extern|OUT_OF_MEMORY|0:125|00:11:39
19856579_58|19860256|xcsp-parse-cop165-order-ge-time-rd-20260526-c609ccd4-dirty-q10609-rerun1|OUT_OF_MEMORY|0:125|00:11:17
19856579_58.batch|19860256.batch|batch|OUT_OF_MEMORY|0:125|00:11:17
19856579_58.extern|19860256.extern|extern|OUT_OF_MEMORY|0:125|00:11:17
19856579_59|19860267|xcsp-parse-cop165-order-ge-time-rd-20260526-c609ccd4-dirty-q10609-rerun1|OUT_OF_MEMORY|0:125|00:06:53
19856579_59.batch|19860267.batch|batch|OUT_OF_MEMORY|0:125|00:06:53
19856579_59.extern|19860267.extern|extern|OUT_OF_MEMORY|0:125|00:06:53
19856579_60|19860300|xcsp-parse-cop165-order-ge-time-rd-20260526-c609ccd4-dirty-q10609-rerun1|OUT_OF_MEMORY|0:125|00:06:11
19856579_60.batch|19860300.batch|batch|OUT_OF_MEMORY|0:125|00:06:11
19856579_60.extern|19860300.extern|extern|OUT_OF_MEMORY|0:125|00:06:12
19856579_61|19860314|xcsp-parse-cop165-order-ge-time-rd-20260526-c609ccd4-dirty-q10609-rerun1|OUT_OF_MEMORY|0:125|00:05:52
19856579_61.batch|19860314.batch|batch|OUT_OF_MEMORY|0:125|00:05:52
19856579_61.extern|19860314.extern|extern|OUT_OF_MEMORY|0:125|00:05:52
19856579_62|19860324|xcsp-parse-cop165-order-ge-time-rd-20260526-c609ccd4-dirty-q10609-rerun1|OUT_OF_MEMORY|0:125|00:03:50
19856579_62.batch|19860324.batch|batch|OUT_OF_MEMORY|0:125|00:03:50
19856579_62.extern|19860324.extern|extern|OUT_OF_MEMORY|0:125|00:03:50
19856579_63|19860336|xcsp-parse-cop165-order-ge-time-rd-20260526-c609ccd4-dirty-q10609-rerun1|OUT_OF_MEMORY|0:125|00:03:29
19856579_63.batch|19860336.batch|batch|OUT_OF_MEMORY|0:125|00:03:29
19856579_63.extern|19860336.extern|extern|OUT_OF_MEMORY|0:125|00:03:29
19856579_64|19860351|xcsp-parse-cop165-order-ge-time-rd-20260526-c609ccd4-dirty-q10609-rerun1|COMPLETED|0:0|00:30:03
19856579_64.batch|19860351.batch|batch|COMPLETED|0:0|00:30:03
19856579_64.extern|19860351.extern|extern|COMPLETED|0:0|00:30:03
19856579_65|19860355|xcsp-parse-cop165-order-ge-time-rd-20260526-c609ccd4-dirty-q10609-rerun1|COMPLETED|0:0|00:30:04
19856579_65.batch|19860355.batch|batch|COMPLETED|0:0|00:30:04
19856579_65.extern|19860355.extern|extern|COMPLETED|0:0|00:30:04
19856579_66|19860356|xcsp-parse-cop165-order-ge-time-rd-20260526-c609ccd4-dirty-q10609-rerun1|COMPLETED|0:0|00:30:04
19856579_66.batch|19860356.batch|batch|COMPLETED|0:0|00:30:04
19856579_66.extern|19860356.extern|extern|COMPLETED|0:0|00:30:04
19856579_67|19860409|xcsp-parse-cop165-order-ge-time-rd-20260526-c609ccd4-dirty-q10609-rerun1|COMPLETED|0:0|00:30:04
19856579_67.batch|19860409.batch|batch|COMPLETED|0:0|00:30:04
19856579_67.extern|19860409.extern|extern|COMPLETED|0:0|00:30:04
19856579_68|19860432|xcsp-parse-cop165-order-ge-time-rd-20260526-c609ccd4-dirty-q10609-rerun1|COMPLETED|0:0|00:30:05
19856579_68.batch|19860432.batch|batch|COMPLETED|0:0|00:30:05
19856579_68.extern|19860432.extern|extern|COMPLETED|0:0|00:30:05
19856579_69|19860435|xcsp-parse-cop165-order-ge-time-rd-20260526-c609ccd4-dirty-q10609-rerun1|OUT_OF_MEMORY|0:125|00:05:19
19856579_69.batch|19860435.batch|batch|OUT_OF_MEMORY|0:125|00:05:19
19856579_69.extern|19860435.extern|extern|OUT_OF_MEMORY|0:125|00:05:19
19856579_70|19860459|xcsp-parse-cop165-order-ge-time-rd-20260526-c609ccd4-dirty-q10609-rerun1|COMPLETED|0:0|00:30:04
19856579_70.batch|19860459.batch|batch|COMPLETED|0:0|00:30:04
19856579_70.extern|19860459.extern|extern|COMPLETED|0:0|00:30:04
19856579_71|19860481|xcsp-parse-cop165-order-ge-time-rd-20260526-c609ccd4-dirty-q10609-rerun1|OUT_OF_MEMORY|0:125|00:03:07
19856579_71.batch|19860481.batch|batch|OUT_OF_MEMORY|0:125|00:03:07
19856579_71.extern|19860481.extern|extern|OUT_OF_MEMORY|0:125|00:03:07
19856579_72|19860487|xcsp-parse-cop165-order-ge-time-rd-20260526-c609ccd4-dirty-q10609-rerun1|OUT_OF_MEMORY|0:125|00:03:37
19856579_72.batch|19860487.batch|batch|OUT_OF_MEMORY|0:125|00:03:37
19856579_72.extern|19860487.extern|extern|OUT_OF_MEMORY|0:125|00:03:37
19856579_73|19860547|xcsp-parse-cop165-order-ge-time-rd-20260526-c609ccd4-dirty-q10609-rerun1|OUT_OF_MEMORY|0:125|00:03:58
19856579_73.batch|19860547.batch|batch|OUT_OF_MEMORY|0:125|00:03:58
19856579_73.extern|19860547.extern|extern|OUT_OF_MEMORY|0:125|00:03:58
19856579_74|19860548|xcsp-parse-cop165-order-ge-time-rd-20260526-c609ccd4-dirty-q10609-rerun1|COMPLETED|0:0|00:30:05
19856579_74.batch|19860548.batch|batch|COMPLETED|0:0|00:30:05
19856579_74.extern|19860548.extern|extern|COMPLETED|0:0|00:30:05
19856579_75|19860550|xcsp-parse-cop165-order-ge-time-rd-20260526-c609ccd4-dirty-q10609-rerun1|OUT_OF_MEMORY|0:125|00:03:53
19856579_75.batch|19860550.batch|batch|OUT_OF_MEMORY|0:125|00:03:53
19856579_75.extern|19860550.extern|extern|OUT_OF_MEMORY|0:125|00:03:53
19856579_76|19860560|xcsp-parse-cop165-order-ge-time-rd-20260526-c609ccd4-dirty-q10609-rerun1|COMPLETED|0:0|00:30:03
19856579_76.batch|19860560.batch|batch|COMPLETED|0:0|00:30:03
19856579_76.extern|19860560.extern|extern|COMPLETED|0:0|00:30:03
19856579_77|19860564|xcsp-parse-cop165-order-ge-time-rd-20260526-c609ccd4-dirty-q10609-rerun1|COMPLETED|0:0|00:30:04
19856579_77.batch|19860564.batch|batch|COMPLETED|0:0|00:30:04
19856579_77.extern|19860564.extern|extern|COMPLETED|0:0|00:30:04
19856579_78|19860620|xcsp-parse-cop165-order-ge-time-rd-20260526-c609ccd4-dirty-q10609-rerun1|OUT_OF_MEMORY|0:125|00:03:54
19856579_78.batch|19860620.batch|batch|OUT_OF_MEMORY|0:125|00:03:54
19856579_78.extern|19860620.extern|extern|OUT_OF_MEMORY|0:125|00:03:54
19856579_79|19860623|xcsp-parse-cop165-order-ge-time-rd-20260526-c609ccd4-dirty-q10609-rerun1|COMPLETED|0:0|00:30:04
19856579_79.batch|19860623.batch|batch|COMPLETED|0:0|00:30:04
19856579_79.extern|19860623.extern|extern|COMPLETED|0:0|00:30:04
19856579_80|19860663|xcsp-parse-cop165-order-ge-time-rd-20260526-c609ccd4-dirty-q10609-rerun1|COMPLETED|0:0|00:30:04
19856579_80.batch|19860663.batch|batch|COMPLETED|0:0|00:30:04
19856579_80.extern|19860663.extern|extern|COMPLETED|0:0|00:30:04
19856579_81|19860672|xcsp-parse-cop165-order-ge-time-rd-20260526-c609ccd4-dirty-q10609-rerun1|COMPLETED|0:0|00:30:04
19856579_81.batch|19860672.batch|batch|COMPLETED|0:0|00:30:04
19856579_81.extern|19860672.extern|extern|COMPLETED|0:0|00:30:04
19856579_82|19860688|xcsp-parse-cop165-order-ge-time-rd-20260526-c609ccd4-dirty-q10609-rerun1|COMPLETED|0:0|00:30:09
19856579_82.batch|19860688.batch|batch|COMPLETED|0:0|00:30:09
19856579_82.extern|19860688.extern|extern|COMPLETED|0:0|00:30:10
19856579_83|19860695|xcsp-parse-cop165-order-ge-time-rd-20260526-c609ccd4-dirty-q10609-rerun1|COMPLETED|0:0|00:30:04
19856579_83.batch|19860695.batch|batch|COMPLETED|0:0|00:30:04
19856579_83.extern|19860695.extern|extern|COMPLETED|0:0|00:30:04
19856579_84|19860705|xcsp-parse-cop165-order-ge-time-rd-20260526-c609ccd4-dirty-q10609-rerun1|COMPLETED|0:0|00:30:04
19856579_84.batch|19860705.batch|batch|COMPLETED|0:0|00:30:04
19856579_84.extern|19860705.extern|extern|COMPLETED|0:0|00:30:04
19856579_85|19860706|xcsp-parse-cop165-order-ge-time-rd-20260526-c609ccd4-dirty-q10609-rerun1|COMPLETED|0:0|00:30:04
19856579_85.batch|19860706.batch|batch|COMPLETED|0:0|00:30:04
19856579_85.extern|19860706.extern|extern|COMPLETED|0:0|00:30:04
19856579_86|19860714|xcsp-parse-cop165-order-ge-time-rd-20260526-c609ccd4-dirty-q10609-rerun1|COMPLETED|0:0|00:30:06
19856579_86.batch|19860714.batch|batch|COMPLETED|0:0|00:30:06
19856579_86.extern|19860714.extern|extern|COMPLETED|0:0|00:30:06
19856579_87|19860727|xcsp-parse-cop165-order-ge-time-rd-20260526-c609ccd4-dirty-q10609-rerun1|COMPLETED|0:0|00:30:04
19856579_87.batch|19860727.batch|batch|COMPLETED|0:0|00:30:04
19856579_87.extern|19860727.extern|extern|COMPLETED|0:0|00:30:04
19856579_88|19860740|xcsp-parse-cop165-order-ge-time-rd-20260526-c609ccd4-dirty-q10609-rerun1|COMPLETED|0:0|00:30:04
19856579_88.batch|19860740.batch|batch|COMPLETED|0:0|00:30:04
19856579_88.extern|19860740.extern|extern|COMPLETED|0:0|00:30:04
19856579_89|19860745|xcsp-parse-cop165-order-ge-time-rd-20260526-c609ccd4-dirty-q10609-rerun1|COMPLETED|0:0|00:30:04
19856579_89.batch|19860745.batch|batch|COMPLETED|0:0|00:30:04
19856579_89.extern|19860745.extern|extern|COMPLETED|0:0|00:30:04
19856579_90|19860758|xcsp-parse-cop165-order-ge-time-rd-20260526-c609ccd4-dirty-q10609-rerun1|COMPLETED|0:0|00:30:04
19856579_90.batch|19860758.batch|batch|COMPLETED|0:0|00:30:04
19856579_90.extern|19860758.extern|extern|COMPLETED|0:0|00:30:04
19856579_91|19860760|xcsp-parse-cop165-order-ge-time-rd-20260526-c609ccd4-dirty-q10609-rerun1|COMPLETED|0:0|00:30:05
19856579_91.batch|19860760.batch|batch|COMPLETED|0:0|00:30:05
19856579_91.extern|19860760.extern|extern|COMPLETED|0:0|00:30:05
19856579_92|19860792|xcsp-parse-cop165-order-ge-time-rd-20260526-c609ccd4-dirty-q10609-rerun1|COMPLETED|0:0|00:30:04
19856579_92.batch|19860792.batch|batch|COMPLETED|0:0|00:30:04
19856579_92.extern|19860792.extern|extern|COMPLETED|0:0|00:30:04
19856579_93|19860828|xcsp-parse-cop165-order-ge-time-rd-20260526-c609ccd4-dirty-q10609-rerun1|COMPLETED|0:0|00:30:07
19856579_93.batch|19860828.batch|batch|COMPLETED|0:0|00:30:07
19856579_93.extern|19860828.extern|extern|COMPLETED|0:0|00:30:07
19856579_94|19860838|xcsp-parse-cop165-order-ge-time-rd-20260526-c609ccd4-dirty-q10609-rerun1|COMPLETED|0:0|00:30:08
19856579_94.batch|19860838.batch|batch|COMPLETED|0:0|00:30:08
19856579_94.extern|19860838.extern|extern|COMPLETED|0:0|00:30:08
19856579_95|19860839|xcsp-parse-cop165-order-ge-time-rd-20260526-c609ccd4-dirty-q10609-rerun1|COMPLETED|0:0|00:30:05
19856579_95.batch|19860839.batch|batch|COMPLETED|0:0|00:30:05
19856579_95.extern|19860839.extern|extern|COMPLETED|0:0|00:30:05
19856579_96|19860841|xcsp-parse-cop165-order-ge-time-rd-20260526-c609ccd4-dirty-q10609-rerun1|COMPLETED|0:0|00:30:04
19856579_96.batch|19860841.batch|batch|COMPLETED|0:0|00:30:04
19856579_96.extern|19860841.extern|extern|COMPLETED|0:0|00:30:04
19856579_97|19860844|xcsp-parse-cop165-order-ge-time-rd-20260526-c609ccd4-dirty-q10609-rerun1|COMPLETED|0:0|00:30:05
19856579_97.batch|19860844.batch|batch|COMPLETED|0:0|00:30:05
19856579_97.extern|19860844.extern|extern|COMPLETED|0:0|00:30:05
19856579_98|19860849|xcsp-parse-cop165-order-ge-time-rd-20260526-c609ccd4-dirty-q10609-rerun1|COMPLETED|0:0|00:30:05
19856579_98.batch|19860849.batch|batch|COMPLETED|0:0|00:30:05
19856579_98.extern|19860849.extern|extern|COMPLETED|0:0|00:30:05
19856579_99|19860858|xcsp-parse-cop165-order-ge-time-rd-20260526-c609ccd4-dirty-q10609-rerun1|OUT_OF_MEMORY|0:125|00:11:02
19856579_99.batch|19860858.batch|batch|OUT_OF_MEMORY|0:125|00:11:02
19856579_99.extern|19860858.extern|extern|OUT_OF_MEMORY|0:125|00:11:02
19856579_100|19860901|xcsp-parse-cop165-order-ge-time-rd-20260526-c609ccd4-dirty-q10609-rerun1|OUT_OF_MEMORY|0:125|00:12:52
19856579_100.batch|19860901.batch|batch|OUT_OF_MEMORY|0:125|00:12:52
19856579_100.extern|19860901.extern|extern|OUT_OF_MEMORY|0:125|00:12:52
19856579_101|19860933|xcsp-parse-cop165-order-ge-time-rd-20260526-c609ccd4-dirty-q10609-rerun1|COMPLETED|0:0|00:30:05
19856579_101.batch|19860933.batch|batch|COMPLETED|0:0|00:30:05
19856579_101.extern|19860933.extern|extern|COMPLETED|0:0|00:30:05
19856579_102|19861115|xcsp-parse-cop165-order-ge-time-rd-20260526-c609ccd4-dirty-q10609-rerun1|COMPLETED|0:0|00:30:04
19856579_102.batch|19861115.batch|batch|COMPLETED|0:0|00:30:04
19856579_102.extern|19861115.extern|extern|COMPLETED|0:0|00:30:04
19856579_103|19861119|xcsp-parse-cop165-order-ge-time-rd-20260526-c609ccd4-dirty-q10609-rerun1|COMPLETED|0:0|00:30:05
19856579_103.batch|19861119.batch|batch|COMPLETED|0:0|00:30:05
19856579_103.extern|19861119.extern|extern|COMPLETED|0:0|00:30:05
19856579_104|19861120|xcsp-parse-cop165-order-ge-time-rd-20260526-c609ccd4-dirty-q10609-rerun1|COMPLETED|0:0|00:02:28
19856579_104.batch|19861120.batch|batch|COMPLETED|0:0|00:02:28
19856579_104.extern|19861120.extern|extern|COMPLETED|0:0|00:02:28
19856579_105|19861132|xcsp-parse-cop165-order-ge-time-rd-20260526-c609ccd4-dirty-q10609-rerun1|COMPLETED|0:0|00:30:05
19856579_105.batch|19861132.batch|batch|COMPLETED|0:0|00:30:05
19856579_105.extern|19861132.extern|extern|COMPLETED|0:0|00:30:06
19856579_106|19861163|xcsp-parse-cop165-order-ge-time-rd-20260526-c609ccd4-dirty-q10609-rerun1|COMPLETED|0:0|00:30:05
19856579_106.batch|19861163.batch|batch|COMPLETED|0:0|00:30:05
19856579_106.extern|19861163.extern|extern|COMPLETED|0:0|00:30:05
19856579_107|19861184|xcsp-parse-cop165-order-ge-time-rd-20260526-c609ccd4-dirty-q10609-rerun1|COMPLETED|0:0|00:30:04
19856579_107.batch|19861184.batch|batch|COMPLETED|0:0|00:30:04
19856579_107.extern|19861184.extern|extern|COMPLETED|0:0|00:30:04
19856579_108|19861189|xcsp-parse-cop165-order-ge-time-rd-20260526-c609ccd4-dirty-q10609-rerun1|COMPLETED|0:0|00:30:09
19856579_108.batch|19861189.batch|batch|COMPLETED|0:0|00:30:09
19856579_108.extern|19861189.extern|extern|COMPLETED|0:0|00:30:09
19856579_109|19861228|xcsp-parse-cop165-order-ge-time-rd-20260526-c609ccd4-dirty-q10609-rerun1|COMPLETED|0:0|00:30:03
19856579_109.batch|19861228.batch|batch|COMPLETED|0:0|00:30:03
19856579_109.extern|19861228.extern|extern|COMPLETED|0:0|00:30:03
19856579_110|19861324|xcsp-parse-cop165-order-ge-time-rd-20260526-c609ccd4-dirty-q10609-rerun1|COMPLETED|0:0|00:30:04
19856579_110.batch|19861324.batch|batch|COMPLETED|0:0|00:30:04
19856579_110.extern|19861324.extern|extern|COMPLETED|0:0|00:30:04
19856579_111|19861383|xcsp-parse-cop165-order-ge-time-rd-20260526-c609ccd4-dirty-q10609-rerun1|COMPLETED|0:0|00:30:04
19856579_111.batch|19861383.batch|batch|COMPLETED|0:0|00:30:04
19856579_111.extern|19861383.extern|extern|COMPLETED|0:0|00:30:04
19856579_112|19861414|xcsp-parse-cop165-order-ge-time-rd-20260526-c609ccd4-dirty-q10609-rerun1|COMPLETED|0:0|00:00:05
19856579_112.batch|19861414.batch|batch|COMPLETED|0:0|00:00:05
19856579_112.extern|19861414.extern|extern|COMPLETED|0:0|00:00:05
19856579_113|19861419|xcsp-parse-cop165-order-ge-time-rd-20260526-c609ccd4-dirty-q10609-rerun1|COMPLETED|0:0|00:30:04
19856579_113.batch|19861419.batch|batch|COMPLETED|0:0|00:30:04
19856579_113.extern|19861419.extern|extern|COMPLETED|0:0|00:30:04
19856579_114|19861421|xcsp-parse-cop165-order-ge-time-rd-20260526-c609ccd4-dirty-q10609-rerun1|COMPLETED|0:0|00:01:00
19856579_114.batch|19861421.batch|batch|COMPLETED|0:0|00:01:00
19856579_114.extern|19861421.extern|extern|COMPLETED|0:0|00:01:00
19856579_115|19861454|xcsp-parse-cop165-order-ge-time-rd-20260526-c609ccd4-dirty-q10609-rerun1|COMPLETED|0:0|00:30:03
19856579_115.batch|19861454.batch|batch|COMPLETED|0:0|00:30:03
19856579_115.extern|19861454.extern|extern|COMPLETED|0:0|00:30:03
19856579_116|19861516|xcsp-parse-cop165-order-ge-time-rd-20260526-c609ccd4-dirty-q10609-rerun1|COMPLETED|0:0|00:30:04
19856579_116.batch|19861516.batch|batch|COMPLETED|0:0|00:30:04
19856579_116.extern|19861516.extern|extern|COMPLETED|0:0|00:30:04
19856579_117|19861533|xcsp-parse-cop165-order-ge-time-rd-20260526-c609ccd4-dirty-q10609-rerun1|COMPLETED|0:0|00:30:06
19856579_117.batch|19861533.batch|batch|COMPLETED|0:0|00:30:06
19856579_117.extern|19861533.extern|extern|COMPLETED|0:0|00:30:06
19856579_118|19861574|xcsp-parse-cop165-order-ge-time-rd-20260526-c609ccd4-dirty-q10609-rerun1|COMPLETED|0:0|00:30:05
19856579_118.batch|19861574.batch|batch|COMPLETED|0:0|00:30:05
19856579_118.extern|19861574.extern|extern|COMPLETED|0:0|00:30:05
19856579_119|19861580|xcsp-parse-cop165-order-ge-time-rd-20260526-c609ccd4-dirty-q10609-rerun1|COMPLETED|0:0|00:30:07
19856579_119.batch|19861580.batch|batch|COMPLETED|0:0|00:30:07
19856579_119.extern|19861580.extern|extern|COMPLETED|0:0|00:30:07
19856579_120|19861598|xcsp-parse-cop165-order-ge-time-rd-20260526-c609ccd4-dirty-q10609-rerun1|COMPLETED|0:0|00:30:06
19856579_120.batch|19861598.batch|batch|COMPLETED|0:0|00:30:06
19856579_120.extern|19861598.extern|extern|COMPLETED|0:0|00:30:06
19856579_121|19861623|xcsp-parse-cop165-order-ge-time-rd-20260526-c609ccd4-dirty-q10609-rerun1|COMPLETED|0:0|00:30:05
19856579_121.batch|19861623.batch|batch|COMPLETED|0:0|00:30:05
19856579_121.extern|19861623.extern|extern|COMPLETED|0:0|00:30:05
19856579_122|19861624|xcsp-parse-cop165-order-ge-time-rd-20260526-c609ccd4-dirty-q10609-rerun1|COMPLETED|0:0|00:30:05
19856579_122.batch|19861624.batch|batch|COMPLETED|0:0|00:30:05
19856579_122.extern|19861624.extern|extern|COMPLETED|0:0|00:30:05
19856579_123|19861631|xcsp-parse-cop165-order-ge-time-rd-20260526-c609ccd4-dirty-q10609-rerun1|COMPLETED|0:0|00:30:05
19856579_123.batch|19861631.batch|batch|COMPLETED|0:0|00:30:05
19856579_123.extern|19861631.extern|extern|COMPLETED|0:0|00:30:05
19856579_124|19861659|xcsp-parse-cop165-order-ge-time-rd-20260526-c609ccd4-dirty-q10609-rerun1|COMPLETED|0:0|00:30:08
19856579_124.batch|19861659.batch|batch|COMPLETED|0:0|00:30:08
19856579_124.extern|19861659.extern|extern|COMPLETED|0:0|00:30:08
19856579_125|19861683|xcsp-parse-cop165-order-ge-time-rd-20260526-c609ccd4-dirty-q10609-rerun1|COMPLETED|0:0|00:00:06
19856579_125.batch|19861683.batch|batch|COMPLETED|0:0|00:00:06
19856579_125.extern|19861683.extern|extern|COMPLETED|0:0|00:00:06
19856579_126|19861687|xcsp-parse-cop165-order-ge-time-rd-20260526-c609ccd4-dirty-q10609-rerun1|COMPLETED|0:0|00:30:08
19856579_126.batch|19861687.batch|batch|COMPLETED|0:0|00:30:08
19856579_126.extern|19861687.extern|extern|COMPLETED|0:0|00:30:08
19856579_127|19861688|xcsp-parse-cop165-order-ge-time-rd-20260526-c609ccd4-dirty-q10609-rerun1|OUT_OF_MEMORY|0:125|00:08:29
19856579_127.batch|19861688.batch|batch|OUT_OF_MEMORY|0:125|00:08:29
19856579_127.extern|19861688.extern|extern|OUT_OF_MEMORY|0:125|00:08:29
19856579_128|19861691|xcsp-parse-cop165-order-ge-time-rd-20260526-c609ccd4-dirty-q10609-rerun1|COMPLETED|0:0|00:30:08
19856579_128.batch|19861691.batch|batch|COMPLETED|0:0|00:30:08
19856579_128.extern|19861691.extern|extern|COMPLETED|0:0|00:30:08
19856579_129|19861697|xcsp-parse-cop165-order-ge-time-rd-20260526-c609ccd4-dirty-q10609-rerun1|COMPLETED|0:0|00:30:04
19856579_129.batch|19861697.batch|batch|COMPLETED|0:0|00:30:04
19856579_129.extern|19861697.extern|extern|COMPLETED|0:0|00:30:04
19856579_130|19861745|xcsp-parse-cop165-order-ge-time-rd-20260526-c609ccd4-dirty-q10609-rerun1|COMPLETED|0:0|00:30:04
19856579_130.batch|19861745.batch|batch|COMPLETED|0:0|00:30:04
19856579_130.extern|19861745.extern|extern|COMPLETED|0:0|00:30:04
19856579_131|19861786|xcsp-parse-cop165-order-ge-time-rd-20260526-c609ccd4-dirty-q10609-rerun1|COMPLETED|0:0|00:30:04
19856579_131.batch|19861786.batch|batch|COMPLETED|0:0|00:30:04
19856579_131.extern|19861786.extern|extern|COMPLETED|0:0|00:30:04
19856579_132|19861795|xcsp-parse-cop165-order-ge-time-rd-20260526-c609ccd4-dirty-q10609-rerun1|OUT_OF_MEMORY|0:125|00:07:59
19856579_132.batch|19861795.batch|batch|OUT_OF_MEMORY|0:125|00:07:59
19856579_132.extern|19861795.extern|extern|OUT_OF_MEMORY|0:125|00:07:59
19856579_133|19861800|xcsp-parse-cop165-order-ge-time-rd-20260526-c609ccd4-dirty-q10609-rerun1|OUT_OF_MEMORY|0:125|00:08:22
19856579_133.batch|19861800.batch|batch|OUT_OF_MEMORY|0:125|00:08:22
19856579_133.extern|19861800.extern|extern|OUT_OF_MEMORY|0:125|00:08:22
19856579_134|19861801|xcsp-parse-cop165-order-ge-time-rd-20260526-c609ccd4-dirty-q10609-rerun1|COMPLETED|0:0|00:30:03
19856579_134.batch|19861801.batch|batch|COMPLETED|0:0|00:30:03
19856579_134.extern|19861801.extern|extern|COMPLETED|0:0|00:30:03
19856579_135|19861806|xcsp-parse-cop165-order-ge-time-rd-20260526-c609ccd4-dirty-q10609-rerun1|COMPLETED|0:0|00:30:04
19856579_135.batch|19861806.batch|batch|COMPLETED|0:0|00:30:04
19856579_135.extern|19861806.extern|extern|COMPLETED|0:0|00:30:04
19856579_136|19861810|xcsp-parse-cop165-order-ge-time-rd-20260526-c609ccd4-dirty-q10609-rerun1|OUT_OF_MEMORY|0:125|00:07:44
19856579_136.batch|19861810.batch|batch|OUT_OF_MEMORY|0:125|00:07:44
19856579_136.extern|19861810.extern|extern|OUT_OF_MEMORY|0:125|00:07:44
19856579_137|19861959|xcsp-parse-cop165-order-ge-time-rd-20260526-c609ccd4-dirty-q10609-rerun1|COMPLETED|0:0|00:30:05
19856579_137.batch|19861959.batch|batch|COMPLETED|0:0|00:30:05
19856579_137.extern|19861959.extern|extern|COMPLETED|0:0|00:30:05
19856579_138|19861993|xcsp-parse-cop165-order-ge-time-rd-20260526-c609ccd4-dirty-q10609-rerun1|COMPLETED|0:0|00:30:03
19856579_138.batch|19861993.batch|batch|COMPLETED|0:0|00:30:03
19856579_138.extern|19861993.extern|extern|COMPLETED|0:0|00:30:03
19856579_139|19862119|xcsp-parse-cop165-order-ge-time-rd-20260526-c609ccd4-dirty-q10609-rerun1|COMPLETED|0:0|00:30:03
19856579_139.batch|19862119.batch|batch|COMPLETED|0:0|00:30:03
19856579_139.extern|19862119.extern|extern|COMPLETED|0:0|00:30:03
19856579_140|19862120|xcsp-parse-cop165-order-ge-time-rd-20260526-c609ccd4-dirty-q10609-rerun1|COMPLETED|0:0|00:30:03
19856579_140.batch|19862120.batch|batch|COMPLETED|0:0|00:30:03
19856579_140.extern|19862120.extern|extern|COMPLETED|0:0|00:30:03
19856579_141|19862131|xcsp-parse-cop165-order-ge-time-rd-20260526-c609ccd4-dirty-q10609-rerun1|COMPLETED|0:0|00:30:05
19856579_141.batch|19862131.batch|batch|COMPLETED|0:0|00:30:05
19856579_141.extern|19862131.extern|extern|COMPLETED|0:0|00:30:05
19856579_142|19862180|xcsp-parse-cop165-order-ge-time-rd-20260526-c609ccd4-dirty-q10609-rerun1|COMPLETED|0:0|00:30:06
19856579_142.batch|19862180.batch|batch|COMPLETED|0:0|00:30:06
19856579_142.extern|19862180.extern|extern|COMPLETED|0:0|00:30:06
19856579_143|19862189|xcsp-parse-cop165-order-ge-time-rd-20260526-c609ccd4-dirty-q10609-rerun1|COMPLETED|0:0|00:30:04
19856579_143.batch|19862189.batch|batch|COMPLETED|0:0|00:30:04
19856579_143.extern|19862189.extern|extern|COMPLETED|0:0|00:30:04
19856579_144|19862216|xcsp-parse-cop165-order-ge-time-rd-20260526-c609ccd4-dirty-q10609-rerun1|COMPLETED|0:0|00:30:05
19856579_144.batch|19862216.batch|batch|COMPLETED|0:0|00:30:05
19856579_144.extern|19862216.extern|extern|COMPLETED|0:0|00:30:05
19856579_145|19862244|xcsp-parse-cop165-order-ge-time-rd-20260526-c609ccd4-dirty-q10609-rerun1|COMPLETED|0:0|00:30:05
19856579_145.batch|19862244.batch|batch|COMPLETED|0:0|00:30:05
19856579_145.extern|19862244.extern|extern|COMPLETED|0:0|00:30:05
19856579_146|19862252|xcsp-parse-cop165-order-ge-time-rd-20260526-c609ccd4-dirty-q10609-rerun1|COMPLETED|0:0|00:30:04
19856579_146.batch|19862252.batch|batch|COMPLETED|0:0|00:30:04
19856579_146.extern|19862252.extern|extern|COMPLETED|0:0|00:30:04
19856579_147|19862260|xcsp-parse-cop165-order-ge-time-rd-20260526-c609ccd4-dirty-q10609-rerun1|COMPLETED|0:0|00:30:03
19856579_147.batch|19862260.batch|batch|COMPLETED|0:0|00:30:03
19856579_147.extern|19862260.extern|extern|COMPLETED|0:0|00:30:04
19856579_148|19862264|xcsp-parse-cop165-order-ge-time-rd-20260526-c609ccd4-dirty-q10609-rerun1|COMPLETED|0:0|00:00:05
19856579_148.batch|19862264.batch|batch|COMPLETED|0:0|00:00:05
19856579_148.extern|19862264.extern|extern|COMPLETED|0:0|00:00:05
19856579_149|19862266|xcsp-parse-cop165-order-ge-time-rd-20260526-c609ccd4-dirty-q10609-rerun1|OUT_OF_MEMORY|0:125|00:11:08
19856579_149.batch|19862266.batch|batch|OUT_OF_MEMORY|0:125|00:11:08
19856579_149.extern|19862266.extern|extern|OUT_OF_MEMORY|0:125|00:11:08
19856579_150|19862325|xcsp-parse-cop165-order-ge-time-rd-20260526-c609ccd4-dirty-q10609-rerun1|OUT_OF_MEMORY|0:125|00:07:46
19856579_150.batch|19862325.batch|batch|OUT_OF_MEMORY|0:125|00:07:46
19856579_150.extern|19862325.extern|extern|OUT_OF_MEMORY|0:125|00:07:46
19856579_151|19862375|xcsp-parse-cop165-order-ge-time-rd-20260526-c609ccd4-dirty-q10609-rerun1|COMPLETED|0:0|00:30:06
19856579_151.batch|19862375.batch|batch|COMPLETED|0:0|00:30:06
19856579_151.extern|19862375.extern|extern|COMPLETED|0:0|00:30:06
19856579_152|19862397|xcsp-parse-cop165-order-ge-time-rd-20260526-c609ccd4-dirty-q10609-rerun1|COMPLETED|0:0|00:30:06
19856579_152.batch|19862397.batch|batch|COMPLETED|0:0|00:30:06
19856579_152.extern|19862397.extern|extern|COMPLETED|0:0|00:30:06
19856579_153|19862438|xcsp-parse-cop165-order-ge-time-rd-20260526-c609ccd4-dirty-q10609-rerun1|COMPLETED|0:0|00:30:08
19856579_153.batch|19862438.batch|batch|COMPLETED|0:0|00:30:08
19856579_153.extern|19862438.extern|extern|COMPLETED|0:0|00:30:08
19856579_154|19862510|xcsp-parse-cop165-order-ge-time-rd-20260526-c609ccd4-dirty-q10609-rerun1|OUT_OF_MEMORY|0:125|00:08:31
19856579_154.batch|19862510.batch|batch|OUT_OF_MEMORY|0:125|00:08:31
19856579_154.extern|19862510.extern|extern|OUT_OF_MEMORY|0:125|00:08:31
19856579_155|19862535|xcsp-parse-cop165-order-ge-time-rd-20260526-c609ccd4-dirty-q10609-rerun1|COMPLETED|0:0|00:00:05
19856579_155.batch|19862535.batch|batch|COMPLETED|0:0|00:00:05
19856579_155.extern|19862535.extern|extern|COMPLETED|0:0|00:00:05
19856579_156|19862545|xcsp-parse-cop165-order-ge-time-rd-20260526-c609ccd4-dirty-q10609-rerun1|OUT_OF_MEMORY|0:125|00:07:47
19856579_156.batch|19862545.batch|batch|OUT_OF_MEMORY|0:125|00:07:47
19856579_156.extern|19862545.extern|extern|OUT_OF_MEMORY|0:125|00:07:47
19856579_157|19862549|xcsp-parse-cop165-order-ge-time-rd-20260526-c609ccd4-dirty-q10609-rerun1|OUT_OF_MEMORY|0:125|00:07:38
19856579_157.batch|19862549.batch|batch|OUT_OF_MEMORY|0:125|00:07:38
19856579_157.extern|19862549.extern|extern|OUT_OF_MEMORY|0:125|00:07:38
19856579_158|19862560|xcsp-parse-cop165-order-ge-time-rd-20260526-c609ccd4-dirty-q10609-rerun1|COMPLETED|0:0|00:00:04
19856579_158.batch|19862560.batch|batch|COMPLETED|0:0|00:00:04
19856579_158.extern|19862560.extern|extern|COMPLETED|0:0|00:00:04
19856579_159|19862562|xcsp-parse-cop165-order-ge-time-rd-20260526-c609ccd4-dirty-q10609-rerun1|COMPLETED|0:0|00:30:07
19856579_159.batch|19862562.batch|batch|COMPLETED|0:0|00:30:07
19856579_159.extern|19862562.extern|extern|COMPLETED|0:0|00:30:07
19856579_160|19862563|xcsp-parse-cop165-order-ge-time-rd-20260526-c609ccd4-dirty-q10609-rerun1|COMPLETED|0:0|00:30:07
19856579_160.batch|19862563.batch|batch|COMPLETED|0:0|00:30:07
19856579_160.extern|19862563.extern|extern|COMPLETED|0:0|00:30:07
19856579_161|19862574|xcsp-parse-cop165-order-ge-time-rd-20260526-c609ccd4-dirty-q10609-rerun1|COMPLETED|0:0|00:30:07
19856579_161.batch|19862574.batch|batch|COMPLETED|0:0|00:30:07
19856579_161.extern|19862574.extern|extern|COMPLETED|0:0|00:30:07
19856579_162|19862581|xcsp-parse-cop165-order-ge-time-rd-20260526-c609ccd4-dirty-q10609-rerun1|COMPLETED|0:0|00:30:06
19856579_162.batch|19862581.batch|batch|COMPLETED|0:0|00:30:06
19856579_162.extern|19862581.extern|extern|COMPLETED|0:0|00:30:06
19856579_163|19862582|xcsp-parse-cop165-order-ge-time-rd-20260526-c609ccd4-dirty-q10609-rerun1|COMPLETED|0:0|00:30:06
19856579_163.batch|19862582.batch|batch|COMPLETED|0:0|00:30:06
19856579_163.extern|19862582.extern|extern|COMPLETED|0:0|00:30:06
19856579_164|19862588|xcsp-parse-cop165-order-ge-time-rd-20260526-c609ccd4-dirty-q10609-rerun1|COMPLETED|0:0|00:00:04
19856579_164.batch|19862588.batch|batch|COMPLETED|0:0|00:00:04
19856579_164.extern|19862588.extern|extern|COMPLETED|0:0|00:00:04
19856579_165|19856579|xcsp-parse-cop165-order-ge-time-rd-20260526-c609ccd4-dirty-q10609-rerun1|COMPLETED|0:0|00:30:06
19856579_165.batch|19856579.batch|batch|COMPLETED|0:0|00:30:06
19856579_165.extern|19856579.extern|extern|COMPLETED|0:0|00:30:06
19856581_1|19862591|xcsp-parse-cop165-order-ge-task-rd-20260526-c609ccd4-dirty-q10609-rerun1|COMPLETED|0:0|00:09:32
19856581_1.batch|19862591.batch|batch|COMPLETED|0:0|00:09:32
19856581_1.extern|19862591.extern|extern|COMPLETED|0:0|00:09:32
19856581_2|19862598|xcsp-parse-cop165-order-ge-task-rd-20260526-c609ccd4-dirty-q10609-rerun1|COMPLETED|0:0|00:00:19
19856581_2.batch|19862598.batch|batch|COMPLETED|0:0|00:00:19
19856581_2.extern|19862598.extern|extern|COMPLETED|0:0|00:00:19
19856581_3|19862606|xcsp-parse-cop165-order-ge-task-rd-20260526-c609ccd4-dirty-q10609-rerun1|COMPLETED|0:0|00:00:17
19856581_3.batch|19862606.batch|batch|COMPLETED|0:0|00:00:17
19856581_3.extern|19862606.extern|extern|COMPLETED|0:0|00:00:17
19856581_4|19862609|xcsp-parse-cop165-order-ge-task-rd-20260526-c609ccd4-dirty-q10609-rerun1|COMPLETED|0:0|00:30:03
19856581_4.batch|19862609.batch|batch|COMPLETED|0:0|00:30:03
19856581_4.extern|19862609.extern|extern|COMPLETED|0:0|00:30:03
19856581_5|19862614|xcsp-parse-cop165-order-ge-task-rd-20260526-c609ccd4-dirty-q10609-rerun1|COMPLETED|0:0|00:30:06
19856581_5.batch|19862614.batch|batch|COMPLETED|0:0|00:30:06
19856581_5.extern|19862614.extern|extern|COMPLETED|0:0|00:30:06
19856581_6|19862618|xcsp-parse-cop165-order-ge-task-rd-20260526-c609ccd4-dirty-q10609-rerun1|OUT_OF_MEMORY|0:125|00:08:53
19856581_6.batch|19862618.batch|batch|OUT_OF_MEMORY|0:125|00:08:53
19856581_6.extern|19862618.extern|extern|OUT_OF_MEMORY|0:125|00:08:53
19856581_7|19862620|xcsp-parse-cop165-order-ge-task-rd-20260526-c609ccd4-dirty-q10609-rerun1|COMPLETED|0:0|00:30:04
19856581_7.batch|19862620.batch|batch|COMPLETED|0:0|00:30:04
19856581_7.extern|19862620.extern|extern|COMPLETED|0:0|00:30:04
19856581_8|19862654|xcsp-parse-cop165-order-ge-task-rd-20260526-c609ccd4-dirty-q10609-rerun1|COMPLETED|0:0|00:30:05
19856581_8.batch|19862654.batch|batch|COMPLETED|0:0|00:30:05
19856581_8.extern|19862654.extern|extern|COMPLETED|0:0|00:30:05
19856581_9|19862681|xcsp-parse-cop165-order-ge-task-rd-20260526-c609ccd4-dirty-q10609-rerun1|COMPLETED|0:0|00:02:50
19856581_9.batch|19862681.batch|batch|COMPLETED|0:0|00:02:50
19856581_9.extern|19862681.extern|extern|COMPLETED|0:0|00:02:50
19856581_10|19862688|xcsp-parse-cop165-order-ge-task-rd-20260526-c609ccd4-dirty-q10609-rerun1|COMPLETED|0:0|00:06:11
19856581_10.batch|19862688.batch|batch|COMPLETED|0:0|00:06:11
19856581_10.extern|19862688.extern|extern|COMPLETED|0:0|00:06:11
19856581_11|19862689|xcsp-parse-cop165-order-ge-task-rd-20260526-c609ccd4-dirty-q10609-rerun1|COMPLETED|0:0|00:30:05
19856581_11.batch|19862689.batch|batch|COMPLETED|0:0|00:30:05
19856581_11.extern|19862689.extern|extern|COMPLETED|0:0|00:30:05
19856581_12|19862691|xcsp-parse-cop165-order-ge-task-rd-20260526-c609ccd4-dirty-q10609-rerun1|COMPLETED|0:0|00:03:41
19856581_12.batch|19862691.batch|batch|COMPLETED|0:0|00:03:41
19856581_12.extern|19862691.extern|extern|COMPLETED|0:0|00:03:41
19856581_13|19862696|xcsp-parse-cop165-order-ge-task-rd-20260526-c609ccd4-dirty-q10609-rerun1|COMPLETED|0:0|00:30:04
19856581_13.batch|19862696.batch|batch|COMPLETED|0:0|00:30:04
19856581_13.extern|19862696.extern|extern|COMPLETED|0:0|00:30:04
19856581_14|19862706|xcsp-parse-cop165-order-ge-task-rd-20260526-c609ccd4-dirty-q10609-rerun1|COMPLETED|0:0|00:03:24
19856581_14.batch|19862706.batch|batch|COMPLETED|0:0|00:03:24
19856581_14.extern|19862706.extern|extern|COMPLETED|0:0|00:03:24
19856581_15|19862741|xcsp-parse-cop165-order-ge-task-rd-20260526-c609ccd4-dirty-q10609-rerun1|COMPLETED|0:0|00:02:24
19856581_15.batch|19862741.batch|batch|COMPLETED|0:0|00:02:24
19856581_15.extern|19862741.extern|extern|COMPLETED|0:0|00:02:24
19856581_16|19862759|xcsp-parse-cop165-order-ge-task-rd-20260526-c609ccd4-dirty-q10609-rerun1|COMPLETED|0:0|00:04:07
19856581_16.batch|19862759.batch|batch|COMPLETED|0:0|00:04:07
19856581_16.extern|19862759.extern|extern|COMPLETED|0:0|00:04:07
19856581_17|19862774|xcsp-parse-cop165-order-ge-task-rd-20260526-c609ccd4-dirty-q10609-rerun1|COMPLETED|0:0|00:02:47
19856581_17.batch|19862774.batch|batch|COMPLETED|0:0|00:02:47
19856581_17.extern|19862774.extern|extern|COMPLETED|0:0|00:02:47
19856581_18|19862779|xcsp-parse-cop165-order-ge-task-rd-20260526-c609ccd4-dirty-q10609-rerun1|COMPLETED|0:0|00:04:33
19856581_18.batch|19862779.batch|batch|COMPLETED|0:0|00:04:33
19856581_18.extern|19862779.extern|extern|COMPLETED|0:0|00:04:33
19856581_19|19862788|xcsp-parse-cop165-order-ge-task-rd-20260526-c609ccd4-dirty-q10609-rerun1|COMPLETED|0:0|00:30:04
19856581_19.batch|19862788.batch|batch|COMPLETED|0:0|00:30:04
19856581_19.extern|19862788.extern|extern|COMPLETED|0:0|00:30:04
19856581_20|19862790|xcsp-parse-cop165-order-ge-task-rd-20260526-c609ccd4-dirty-q10609-rerun1|COMPLETED|0:0|00:02:33
19856581_20.batch|19862790.batch|batch|COMPLETED|0:0|00:02:33
19856581_20.extern|19862790.extern|extern|COMPLETED|0:0|00:02:33
19856581_21|19862804|xcsp-parse-cop165-order-ge-task-rd-20260526-c609ccd4-dirty-q10609-rerun1|COMPLETED|0:0|00:01:25
19856581_21.batch|19862804.batch|batch|COMPLETED|0:0|00:01:25
19856581_21.extern|19862804.extern|extern|COMPLETED|0:0|00:01:25
19856581_22|19862809|xcsp-parse-cop165-order-ge-task-rd-20260526-c609ccd4-dirty-q10609-rerun1|COMPLETED|0:0|00:11:03
19856581_22.batch|19862809.batch|batch|COMPLETED|0:0|00:11:03
19856581_22.extern|19862809.extern|extern|COMPLETED|0:0|00:11:03
19856581_23|19862886|xcsp-parse-cop165-order-ge-task-rd-20260526-c609ccd4-dirty-q10609-rerun1|OUT_OF_MEMORY|0:125|00:09:09
19856581_23.batch|19862886.batch|batch|OUT_OF_MEMORY|0:125|00:09:09
19856581_23.extern|19862886.extern|extern|OUT_OF_MEMORY|0:125|00:09:09
19856581_24|19862914|xcsp-parse-cop165-order-ge-task-rd-20260526-c609ccd4-dirty-q10609-rerun1|COMPLETED|0:0|00:30:04
19856581_24.batch|19862914.batch|batch|COMPLETED|0:0|00:30:04
19856581_24.extern|19862914.extern|extern|COMPLETED|0:0|00:30:04
19856581_25|19862915|xcsp-parse-cop165-order-ge-task-rd-20260526-c609ccd4-dirty-q10609-rerun1|COMPLETED|0:0|00:04:10
19856581_25.batch|19862915.batch|batch|COMPLETED|0:0|00:04:10
19856581_25.extern|19862915.extern|extern|COMPLETED|0:0|00:04:10
19856581_26|19862920|xcsp-parse-cop165-order-ge-task-rd-20260526-c609ccd4-dirty-q10609-rerun1|COMPLETED|0:0|00:30:03
19856581_26.batch|19862920.batch|batch|COMPLETED|0:0|00:30:03
19856581_26.extern|19862920.extern|extern|COMPLETED|0:0|00:30:03
19856581_27|19862928|xcsp-parse-cop165-order-ge-task-rd-20260526-c609ccd4-dirty-q10609-rerun1|COMPLETED|0:0|00:22:18
19856581_27.batch|19862928.batch|batch|COMPLETED|0:0|00:22:18
19856581_27.extern|19862928.extern|extern|COMPLETED|0:0|00:22:18
19856581_28|19862953|xcsp-parse-cop165-order-ge-task-rd-20260526-c609ccd4-dirty-q10609-rerun1|COMPLETED|0:0|00:30:04
19856581_28.batch|19862953.batch|batch|COMPLETED|0:0|00:30:04
19856581_28.extern|19862953.extern|extern|COMPLETED|0:0|00:30:04
19856581_29|19862954|xcsp-parse-cop165-order-ge-task-rd-20260526-c609ccd4-dirty-q10609-rerun1|OUT_OF_MEMORY|0:125|00:03:38
19856581_29.batch|19862954.batch|batch|OUT_OF_MEMORY|0:125|00:03:38
19856581_29.extern|19862954.extern|extern|OUT_OF_MEMORY|0:125|00:03:38
19856581_30|19862960|xcsp-parse-cop165-order-ge-task-rd-20260526-c609ccd4-dirty-q10609-rerun1|COMPLETED|0:0|00:30:04
19856581_30.batch|19862960.batch|batch|COMPLETED|0:0|00:30:04
19856581_30.extern|19862960.extern|extern|COMPLETED|0:0|00:30:04
19856581_31|19862969|xcsp-parse-cop165-order-ge-task-rd-20260526-c609ccd4-dirty-q10609-rerun1|COMPLETED|0:0|00:30:06
19856581_31.batch|19862969.batch|batch|COMPLETED|0:0|00:30:06
19856581_31.extern|19862969.extern|extern|COMPLETED|0:0|00:30:06
19856581_32|19863000|xcsp-parse-cop165-order-ge-task-rd-20260526-c609ccd4-dirty-q10609-rerun1|COMPLETED|0:0|00:30:06
19856581_32.batch|19863000.batch|batch|COMPLETED|0:0|00:30:06
19856581_32.extern|19863000.extern|extern|COMPLETED|0:0|00:30:06
19856581_33|19863003|xcsp-parse-cop165-order-ge-task-rd-20260526-c609ccd4-dirty-q10609-rerun1|OUT_OF_MEMORY|0:125|00:08:02
19856581_33.batch|19863003.batch|batch|OUT_OF_MEMORY|0:125|00:08:02
19856581_33.extern|19863003.extern|extern|OUT_OF_MEMORY|0:125|00:08:02
19856581_34|19863004|xcsp-parse-cop165-order-ge-task-rd-20260526-c609ccd4-dirty-q10609-rerun1|COMPLETED|0:0|00:30:03
19856581_34.batch|19863004.batch|batch|COMPLETED|0:0|00:30:03
19856581_34.extern|19863004.extern|extern|COMPLETED|0:0|00:30:03
19856581_35|19863037|xcsp-parse-cop165-order-ge-task-rd-20260526-c609ccd4-dirty-q10609-rerun1|COMPLETED|0:0|00:30:05
19856581_35.batch|19863037.batch|batch|COMPLETED|0:0|00:30:05
19856581_35.extern|19863037.extern|extern|COMPLETED|0:0|00:30:05
19856581_36|19863039|xcsp-parse-cop165-order-ge-task-rd-20260526-c609ccd4-dirty-q10609-rerun1|COMPLETED|0:0|00:30:04
19856581_36.batch|19863039.batch|batch|COMPLETED|0:0|00:30:04
19856581_36.extern|19863039.extern|extern|COMPLETED|0:0|00:30:04
19856581_37|19863065|xcsp-parse-cop165-order-ge-task-rd-20260526-c609ccd4-dirty-q10609-rerun1|COMPLETED|0:0|00:30:04
19856581_37.batch|19863065.batch|batch|COMPLETED|0:0|00:30:04
19856581_37.extern|19863065.extern|extern|COMPLETED|0:0|00:30:04
19856581_38|19863078|xcsp-parse-cop165-order-ge-task-rd-20260526-c609ccd4-dirty-q10609-rerun1|COMPLETED|0:0|00:30:04
19856581_38.batch|19863078.batch|batch|COMPLETED|0:0|00:30:04
19856581_38.extern|19863078.extern|extern|COMPLETED|0:0|00:30:04
19856581_39|19863099|xcsp-parse-cop165-order-ge-task-rd-20260526-c609ccd4-dirty-q10609-rerun1|COMPLETED|0:0|00:30:03
19856581_39.batch|19863099.batch|batch|COMPLETED|0:0|00:30:03
19856581_39.extern|19863099.extern|extern|COMPLETED|0:0|00:30:03
19856581_40|19863264|xcsp-parse-cop165-order-ge-task-rd-20260526-c609ccd4-dirty-q10609-rerun1|COMPLETED|0:0|00:30:06
19856581_40.batch|19863264.batch|batch|COMPLETED|0:0|00:30:06
19856581_40.extern|19863264.extern|extern|COMPLETED|0:0|00:30:06
19856581_41|19863308|xcsp-parse-cop165-order-ge-task-rd-20260526-c609ccd4-dirty-q10609-rerun1|COMPLETED|0:0|00:30:03
19856581_41.batch|19863308.batch|batch|COMPLETED|0:0|00:30:03
19856581_41.extern|19863308.extern|extern|COMPLETED|0:0|00:30:03
19856581_42|19863344|xcsp-parse-cop165-order-ge-task-rd-20260526-c609ccd4-dirty-q10609-rerun1|COMPLETED|0:0|00:30:04
19856581_42.batch|19863344.batch|batch|COMPLETED|0:0|00:30:04
19856581_42.extern|19863344.extern|extern|COMPLETED|0:0|00:30:04
19856581_43|19863367|xcsp-parse-cop165-order-ge-task-rd-20260526-c609ccd4-dirty-q10609-rerun1|COMPLETED|0:0|00:30:03
19856581_43.batch|19863367.batch|batch|COMPLETED|0:0|00:30:03
19856581_43.extern|19863367.extern|extern|COMPLETED|0:0|00:30:03
19856581_44|19863378|xcsp-parse-cop165-order-ge-task-rd-20260526-c609ccd4-dirty-q10609-rerun1|COMPLETED|0:0|00:30:04
19856581_44.batch|19863378.batch|batch|COMPLETED|0:0|00:30:04
19856581_44.extern|19863378.extern|extern|COMPLETED|0:0|00:30:04
19856581_45|19863403|xcsp-parse-cop165-order-ge-task-rd-20260526-c609ccd4-dirty-q10609-rerun1|COMPLETED|0:0|00:30:06
19856581_45.batch|19863403.batch|batch|COMPLETED|0:0|00:30:06
19856581_45.extern|19863403.extern|extern|COMPLETED|0:0|00:30:06
19856581_46|19863869|xcsp-parse-cop165-order-ge-task-rd-20260526-c609ccd4-dirty-q10609-rerun1|COMPLETED|0:0|00:30:09
19856581_46.batch|19863869.batch|batch|COMPLETED|0:0|00:30:09
19856581_46.extern|19863869.extern|extern|COMPLETED|0:0|00:30:09
19856581_47|19863870|xcsp-parse-cop165-order-ge-task-rd-20260526-c609ccd4-dirty-q10609-rerun1|OUT_OF_MEMORY|0:125|00:08:15
19856581_47.batch|19863870.batch|batch|OUT_OF_MEMORY|0:125|00:08:15
19856581_47.extern|19863870.extern|extern|OUT_OF_MEMORY|0:125|00:08:15
19856581_48|19863893|xcsp-parse-cop165-order-ge-task-rd-20260526-c609ccd4-dirty-q10609-rerun1|COMPLETED|0:0|00:30:08
19856581_48.batch|19863893.batch|batch|COMPLETED|0:0|00:30:08
19856581_48.extern|19863893.extern|extern|COMPLETED|0:0|00:30:08
19856581_49|19863919|xcsp-parse-cop165-order-ge-task-rd-20260526-c609ccd4-dirty-q10609-rerun1|COMPLETED|0:0|00:30:06
19856581_49.batch|19863919.batch|batch|COMPLETED|0:0|00:30:06
19856581_49.extern|19863919.extern|extern|COMPLETED|0:0|00:30:06
19856581_50|19863920|xcsp-parse-cop165-order-ge-task-rd-20260526-c609ccd4-dirty-q10609-rerun1|OUT_OF_MEMORY|0:125|00:07:54
19856581_50.batch|19863920.batch|batch|OUT_OF_MEMORY|0:125|00:07:54
19856581_50.extern|19863920.extern|extern|OUT_OF_MEMORY|0:125|00:07:54
19856581_51|19863929|xcsp-parse-cop165-order-ge-task-rd-20260526-c609ccd4-dirty-q10609-rerun1|COMPLETED|0:0|00:30:04
19856581_51.batch|19863929.batch|batch|COMPLETED|0:0|00:30:04
19856581_51.extern|19863929.extern|extern|COMPLETED|0:0|00:30:04
19856581_52|19863969|xcsp-parse-cop165-order-ge-task-rd-20260526-c609ccd4-dirty-q10609-rerun1|COMPLETED|0:0|00:00:31
19856581_52.batch|19863969.batch|batch|COMPLETED|0:0|00:00:31
19856581_52.extern|19863969.extern|extern|COMPLETED|0:0|00:00:31
19856581_53|19863972|xcsp-parse-cop165-order-ge-task-rd-20260526-c609ccd4-dirty-q10609-rerun1|COMPLETED|0:0|00:00:52
19856581_53.batch|19863972.batch|batch|COMPLETED|0:0|00:00:52
19856581_53.extern|19863972.extern|extern|COMPLETED|0:0|00:00:52
19856581_54|19863978|xcsp-parse-cop165-order-ge-task-rd-20260526-c609ccd4-dirty-q10609-rerun1|COMPLETED|0:0|00:01:08
19856581_54.batch|19863978.batch|batch|COMPLETED|0:0|00:01:08
19856581_54.extern|19863978.extern|extern|COMPLETED|0:0|00:01:08
19856581_55|19863987|xcsp-parse-cop165-order-ge-task-rd-20260526-c609ccd4-dirty-q10609-rerun1|OUT_OF_MEMORY|0:125|00:17:34
19856581_55.batch|19863987.batch|batch|OUT_OF_MEMORY|0:125|00:17:34
19856581_55.extern|19863987.extern|extern|OUT_OF_MEMORY|0:125|00:17:34
19856581_56|19863997|xcsp-parse-cop165-order-ge-task-rd-20260526-c609ccd4-dirty-q10609-rerun1|OUT_OF_MEMORY|0:125|00:08:07
19856581_56.batch|19863997.batch|batch|OUT_OF_MEMORY|0:125|00:08:07
19856581_56.extern|19863997.extern|extern|OUT_OF_MEMORY|0:125|00:08:07
19856581_57|19864020|xcsp-parse-cop165-order-ge-task-rd-20260526-c609ccd4-dirty-q10609-rerun1|OUT_OF_MEMORY|0:125|00:11:59
19856581_57.batch|19864020.batch|batch|OUT_OF_MEMORY|0:125|00:11:59
19856581_57.extern|19864020.extern|extern|OUT_OF_MEMORY|0:125|00:11:59
19856581_58|19864036|xcsp-parse-cop165-order-ge-task-rd-20260526-c609ccd4-dirty-q10609-rerun1|OUT_OF_MEMORY|0:125|00:15:25
19856581_58.batch|19864036.batch|batch|OUT_OF_MEMORY|0:125|00:15:25
19856581_58.extern|19864036.extern|extern|OUT_OF_MEMORY|0:125|00:15:25
19856581_59|19864068|xcsp-parse-cop165-order-ge-task-rd-20260526-c609ccd4-dirty-q10609-rerun1|OUT_OF_MEMORY|0:125|00:08:00
19856581_59.batch|19864068.batch|batch|OUT_OF_MEMORY|0:125|00:08:00
19856581_59.extern|19864068.extern|extern|OUT_OF_MEMORY|0:125|00:08:00
19856581_60|19864075|xcsp-parse-cop165-order-ge-task-rd-20260526-c609ccd4-dirty-q10609-rerun1|OUT_OF_MEMORY|0:125|00:08:40
19856581_60.batch|19864075.batch|batch|OUT_OF_MEMORY|0:125|00:08:40
19856581_60.extern|19864075.extern|extern|OUT_OF_MEMORY|0:125|00:08:40
19856581_61|19864151|xcsp-parse-cop165-order-ge-task-rd-20260526-c609ccd4-dirty-q10609-rerun1|OUT_OF_MEMORY|0:125|00:09:15
19856581_61.batch|19864151.batch|batch|OUT_OF_MEMORY|0:125|00:09:15
19856581_61.extern|19864151.extern|extern|OUT_OF_MEMORY|0:125|00:09:15
19856581_62|19864375|xcsp-parse-cop165-order-ge-task-rd-20260526-c609ccd4-dirty-q10609-rerun1|OUT_OF_MEMORY|0:125|00:07:36
19856581_62.batch|19864375.batch|batch|OUT_OF_MEMORY|0:125|00:07:36
19856581_62.extern|19864375.extern|extern|OUT_OF_MEMORY|0:125|00:07:36
19856581_63|19864388|xcsp-parse-cop165-order-ge-task-rd-20260526-c609ccd4-dirty-q10609-rerun1|OUT_OF_MEMORY|0:125|00:08:43
19856581_63.batch|19864388.batch|batch|OUT_OF_MEMORY|0:125|00:08:43
19856581_63.extern|19864388.extern|extern|OUT_OF_MEMORY|0:125|00:08:43
19856581_64|19864669|xcsp-parse-cop165-order-ge-task-rd-20260526-c609ccd4-dirty-q10609-rerun1|COMPLETED|0:0|00:30:05
19856581_64.batch|19864669.batch|batch|COMPLETED|0:0|00:30:05
19856581_64.extern|19864669.extern|extern|COMPLETED|0:0|00:30:05
19856581_65|19864691|xcsp-parse-cop165-order-ge-task-rd-20260526-c609ccd4-dirty-q10609-rerun1|COMPLETED|0:0|00:30:06
19856581_65.batch|19864691.batch|batch|COMPLETED|0:0|00:30:06
19856581_65.extern|19864691.extern|extern|COMPLETED|0:0|00:30:08
19856581_66|19864879|xcsp-parse-cop165-order-ge-task-rd-20260526-c609ccd4-dirty-q10609-rerun1|COMPLETED|0:0|00:30:05
19856581_66.batch|19864879.batch|batch|COMPLETED|0:0|00:30:05
19856581_66.extern|19864879.extern|extern|COMPLETED|0:0|00:30:05
19856581_67|19864974|xcsp-parse-cop165-order-ge-task-rd-20260526-c609ccd4-dirty-q10609-rerun1|COMPLETED|0:0|00:30:05
19856581_67.batch|19864974.batch|batch|COMPLETED|0:0|00:30:05
19856581_67.extern|19864974.extern|extern|COMPLETED|0:0|00:30:05
19856581_68|19864995|xcsp-parse-cop165-order-ge-task-rd-20260526-c609ccd4-dirty-q10609-rerun1|COMPLETED|0:0|00:30:04
19856581_68.batch|19864995.batch|batch|COMPLETED|0:0|00:30:04
19856581_68.extern|19864995.extern|extern|COMPLETED|0:0|00:30:04
19856581_69|19865000|xcsp-parse-cop165-order-ge-task-rd-20260526-c609ccd4-dirty-q10609-rerun1|OUT_OF_MEMORY|0:125|00:07:18
19856581_69.batch|19865000.batch|batch|OUT_OF_MEMORY|0:125|00:07:18
19856581_69.extern|19865000.extern|extern|OUT_OF_MEMORY|0:125|00:07:21
19856581_70|19865008|xcsp-parse-cop165-order-ge-task-rd-20260526-c609ccd4-dirty-q10609-rerun1|COMPLETED|0:0|00:30:04
19856581_70.batch|19865008.batch|batch|COMPLETED|0:0|00:30:04
19856581_70.extern|19865008.extern|extern|COMPLETED|0:0|00:30:04
19856581_71|19865026|xcsp-parse-cop165-order-ge-task-rd-20260526-c609ccd4-dirty-q10609-rerun1|OUT_OF_MEMORY|0:125|00:07:47
19856581_71.batch|19865026.batch|batch|OUT_OF_MEMORY|0:125|00:07:47
19856581_71.extern|19865026.extern|extern|OUT_OF_MEMORY|0:125|00:07:47
19856581_72|19865042|xcsp-parse-cop165-order-ge-task-rd-20260526-c609ccd4-dirty-q10609-rerun1|OUT_OF_MEMORY|0:125|00:04:54
19856581_72.batch|19865042.batch|batch|OUT_OF_MEMORY|0:125|00:04:54
19856581_72.extern|19865042.extern|extern|OUT_OF_MEMORY|0:125|00:04:54
19856581_73|19865067|xcsp-parse-cop165-order-ge-task-rd-20260526-c609ccd4-dirty-q10609-rerun1|OUT_OF_MEMORY|0:125|00:09:34
19856581_73.batch|19865067.batch|batch|OUT_OF_MEMORY|0:125|00:09:34
19856581_73.extern|19865067.extern|extern|OUT_OF_MEMORY|0:125|00:09:34
19856581_74|19865071|xcsp-parse-cop165-order-ge-task-rd-20260526-c609ccd4-dirty-q10609-rerun1|COMPLETED|0:0|00:30:04
19856581_74.batch|19865071.batch|batch|COMPLETED|0:0|00:30:04
19856581_74.extern|19865071.extern|extern|COMPLETED|0:0|00:30:04
19856581_75|19865076|xcsp-parse-cop165-order-ge-task-rd-20260526-c609ccd4-dirty-q10609-rerun1|OUT_OF_MEMORY|0:125|00:09:25
19856581_75.batch|19865076.batch|batch|OUT_OF_MEMORY|0:125|00:09:25
19856581_75.extern|19865076.extern|extern|OUT_OF_MEMORY|0:125|00:09:25
19856581_76|19865097|xcsp-parse-cop165-order-ge-task-rd-20260526-c609ccd4-dirty-q10609-rerun1|COMPLETED|0:0|00:30:04
19856581_76.batch|19865097.batch|batch|COMPLETED|0:0|00:30:04
19856581_76.extern|19865097.extern|extern|COMPLETED|0:0|00:30:04
19856581_77|19865105|xcsp-parse-cop165-order-ge-task-rd-20260526-c609ccd4-dirty-q10609-rerun1|COMPLETED|0:0|00:30:07
19856581_77.batch|19865105.batch|batch|COMPLETED|0:0|00:30:07
19856581_77.extern|19865105.extern|extern|COMPLETED|0:0|00:30:07
19856581_78|19865116|xcsp-parse-cop165-order-ge-task-rd-20260526-c609ccd4-dirty-q10609-rerun1|OUT_OF_MEMORY|0:125|00:10:05
19856581_78.batch|19865116.batch|batch|OUT_OF_MEMORY|0:125|00:10:05
19856581_78.extern|19865116.extern|extern|OUT_OF_MEMORY|0:125|00:10:05
19856581_79|19865119|xcsp-parse-cop165-order-ge-task-rd-20260526-c609ccd4-dirty-q10609-rerun1|COMPLETED|0:0|00:30:06
19856581_79.batch|19865119.batch|batch|COMPLETED|0:0|00:30:06
19856581_79.extern|19865119.extern|extern|COMPLETED|0:0|00:30:06
19856581_80|19865120|xcsp-parse-cop165-order-ge-task-rd-20260526-c609ccd4-dirty-q10609-rerun1|COMPLETED|0:0|00:30:05
19856581_80.batch|19865120.batch|batch|COMPLETED|0:0|00:30:05
19856581_80.extern|19865120.extern|extern|COMPLETED|0:0|00:30:05
19856581_81|19865137|xcsp-parse-cop165-order-ge-task-rd-20260526-c609ccd4-dirty-q10609-rerun1|COMPLETED|0:0|00:30:05
19856581_81.batch|19865137.batch|batch|COMPLETED|0:0|00:30:05
19856581_81.extern|19865137.extern|extern|COMPLETED|0:0|00:30:05
19856581_82|19865150|xcsp-parse-cop165-order-ge-task-rd-20260526-c609ccd4-dirty-q10609-rerun1|COMPLETED|0:0|00:30:10
19856581_82.batch|19865150.batch|batch|COMPLETED|0:0|00:30:10
19856581_82.extern|19865150.extern|extern|COMPLETED|0:0|00:30:10
19856581_83|19865162|xcsp-parse-cop165-order-ge-task-rd-20260526-c609ccd4-dirty-q10609-rerun1|COMPLETED|0:0|00:30:05
19856581_83.batch|19865162.batch|batch|COMPLETED|0:0|00:30:05
19856581_83.extern|19865162.extern|extern|COMPLETED|0:0|00:30:05
19856581_84|19865168|xcsp-parse-cop165-order-ge-task-rd-20260526-c609ccd4-dirty-q10609-rerun1|COMPLETED|0:0|00:30:07
19856581_84.batch|19865168.batch|batch|COMPLETED|0:0|00:30:07
19856581_84.extern|19865168.extern|extern|COMPLETED|0:0|00:30:07
19856581_85|19865170|xcsp-parse-cop165-order-ge-task-rd-20260526-c609ccd4-dirty-q10609-rerun1|COMPLETED|0:0|00:30:04
19856581_85.batch|19865170.batch|batch|COMPLETED|0:0|00:30:04
19856581_85.extern|19865170.extern|extern|COMPLETED|0:0|00:30:04
19856581_86|19865177|xcsp-parse-cop165-order-ge-task-rd-20260526-c609ccd4-dirty-q10609-rerun1|COMPLETED|0:0|00:30:05
19856581_86.batch|19865177.batch|batch|COMPLETED|0:0|00:30:05
19856581_86.extern|19865177.extern|extern|COMPLETED|0:0|00:30:05
19856581_87|19865203|xcsp-parse-cop165-order-ge-task-rd-20260526-c609ccd4-dirty-q10609-rerun1|COMPLETED|0:0|00:30:06
19856581_87.batch|19865203.batch|batch|COMPLETED|0:0|00:30:06
19856581_87.extern|19865203.extern|extern|COMPLETED|0:0|00:30:06
19856581_88|19865208|xcsp-parse-cop165-order-ge-task-rd-20260526-c609ccd4-dirty-q10609-rerun1|COMPLETED|0:0|00:30:07
19856581_88.batch|19865208.batch|batch|COMPLETED|0:0|00:30:07
19856581_88.extern|19865208.extern|extern|COMPLETED|0:0|00:30:07
19856581_89|19865233|xcsp-parse-cop165-order-ge-task-rd-20260526-c609ccd4-dirty-q10609-rerun1|COMPLETED|0:0|00:30:04
19856581_89.batch|19865233.batch|batch|COMPLETED|0:0|00:30:04
19856581_89.extern|19865233.extern|extern|COMPLETED|0:0|00:30:04
19856581_90|19865237|xcsp-parse-cop165-order-ge-task-rd-20260526-c609ccd4-dirty-q10609-rerun1|COMPLETED|0:0|00:30:05
19856581_90.batch|19865237.batch|batch|COMPLETED|0:0|00:30:05
19856581_90.extern|19865237.extern|extern|COMPLETED|0:0|00:30:05
19856581_91|19865254|xcsp-parse-cop165-order-ge-task-rd-20260526-c609ccd4-dirty-q10609-rerun1|COMPLETED|0:0|00:30:06
19856581_91.batch|19865254.batch|batch|COMPLETED|0:0|00:30:06
19856581_91.extern|19865254.extern|extern|COMPLETED|0:0|00:30:06
19856581_92|19865268|xcsp-parse-cop165-order-ge-task-rd-20260526-c609ccd4-dirty-q10609-rerun1|COMPLETED|0:0|00:30:06
19856581_92.batch|19865268.batch|batch|COMPLETED|0:0|00:30:06
19856581_92.extern|19865268.extern|extern|COMPLETED|0:0|00:30:06
19856581_93|19865277|xcsp-parse-cop165-order-ge-task-rd-20260526-c609ccd4-dirty-q10609-rerun1|COMPLETED|0:0|00:30:05
19856581_93.batch|19865277.batch|batch|COMPLETED|0:0|00:30:05
19856581_93.extern|19865277.extern|extern|COMPLETED|0:0|00:30:05
19856581_94|19865284|xcsp-parse-cop165-order-ge-task-rd-20260526-c609ccd4-dirty-q10609-rerun1|COMPLETED|0:0|00:06:44
19856581_94.batch|19865284.batch|batch|COMPLETED|0:0|00:06:44
19856581_94.extern|19865284.extern|extern|COMPLETED|0:0|00:06:44
19856581_95|19865291|xcsp-parse-cop165-order-ge-task-rd-20260526-c609ccd4-dirty-q10609-rerun1|COMPLETED|0:0|00:30:06
19856581_95.batch|19865291.batch|batch|COMPLETED|0:0|00:30:06
19856581_95.extern|19865291.extern|extern|COMPLETED|0:0|00:30:06
19856581_96|19865304|xcsp-parse-cop165-order-ge-task-rd-20260526-c609ccd4-dirty-q10609-rerun1|COMPLETED|0:0|00:30:09
19856581_96.batch|19865304.batch|batch|COMPLETED|0:0|00:30:09
19856581_96.extern|19865304.extern|extern|COMPLETED|0:0|00:30:09
19856581_97|19865357|xcsp-parse-cop165-order-ge-task-rd-20260526-c609ccd4-dirty-q10609-rerun1|COMPLETED|0:0|00:30:06
19856581_97.batch|19865357.batch|batch|COMPLETED|0:0|00:30:06
19856581_97.extern|19865357.extern|extern|COMPLETED|0:0|00:30:06
19856581_98|19865404|xcsp-parse-cop165-order-ge-task-rd-20260526-c609ccd4-dirty-q10609-rerun1|COMPLETED|0:0|00:30:06
19856581_98.batch|19865404.batch|batch|COMPLETED|0:0|00:30:06
19856581_98.extern|19865404.extern|extern|COMPLETED|0:0|00:30:06
19856581_99|19865410|xcsp-parse-cop165-order-ge-task-rd-20260526-c609ccd4-dirty-q10609-rerun1|OUT_OF_MEMORY|0:125|00:11:53
19856581_99.batch|19865410.batch|batch|OUT_OF_MEMORY|0:125|00:11:53
19856581_99.extern|19865410.extern|extern|OUT_OF_MEMORY|0:125|00:11:53
19856581_100|19865420|xcsp-parse-cop165-order-ge-task-rd-20260526-c609ccd4-dirty-q10609-rerun1|OUT_OF_MEMORY|0:125|00:12:03
19856581_100.batch|19865420.batch|batch|OUT_OF_MEMORY|0:125|00:12:03
19856581_100.extern|19865420.extern|extern|OUT_OF_MEMORY|0:125|00:12:03
19856581_101|19865424|xcsp-parse-cop165-order-ge-task-rd-20260526-c609ccd4-dirty-q10609-rerun1|COMPLETED|0:0|00:30:05
19856581_101.batch|19865424.batch|batch|COMPLETED|0:0|00:30:05
19856581_101.extern|19865424.extern|extern|COMPLETED|0:0|00:30:06
19856581_102|19865443|xcsp-parse-cop165-order-ge-task-rd-20260526-c609ccd4-dirty-q10609-rerun1|COMPLETED|0:0|00:30:06
19856581_102.batch|19865443.batch|batch|COMPLETED|0:0|00:30:06
19856581_102.extern|19865443.extern|extern|COMPLETED|0:0|00:30:06
19856581_103|19865637|xcsp-parse-cop165-order-ge-task-rd-20260526-c609ccd4-dirty-q10609-rerun1|COMPLETED|0:0|00:30:08
19856581_103.batch|19865637.batch|batch|COMPLETED|0:0|00:30:08
19856581_103.extern|19865637.extern|extern|COMPLETED|0:0|00:30:08
19856581_104|19865651|xcsp-parse-cop165-order-ge-task-rd-20260526-c609ccd4-dirty-q10609-rerun1|COMPLETED|0:0|00:01:15
19856581_104.batch|19865651.batch|batch|COMPLETED|0:0|00:01:15
19856581_104.extern|19865651.extern|extern|COMPLETED|0:0|00:01:15
19856581_105|19865664|xcsp-parse-cop165-order-ge-task-rd-20260526-c609ccd4-dirty-q10609-rerun1|COMPLETED|0:0|00:30:05
19856581_105.batch|19865664.batch|batch|COMPLETED|0:0|00:30:05
19856581_105.extern|19865664.extern|extern|COMPLETED|0:0|00:30:05
19856581_106|19865679|xcsp-parse-cop165-order-ge-task-rd-20260526-c609ccd4-dirty-q10609-rerun1|COMPLETED|0:0|00:30:06
19856581_106.batch|19865679.batch|batch|COMPLETED|0:0|00:30:06
19856581_106.extern|19865679.extern|extern|COMPLETED|0:0|00:30:06
19856581_107|19865680|xcsp-parse-cop165-order-ge-task-rd-20260526-c609ccd4-dirty-q10609-rerun1|COMPLETED|0:0|00:30:04
19856581_107.batch|19865680.batch|batch|COMPLETED|0:0|00:30:04
19856581_107.extern|19865680.extern|extern|COMPLETED|0:0|00:30:04
19856581_108|19865687|xcsp-parse-cop165-order-ge-task-rd-20260526-c609ccd4-dirty-q10609-rerun1|COMPLETED|0:0|00:03:09
19856581_108.batch|19865687.batch|batch|COMPLETED|0:0|00:03:09
19856581_108.extern|19865687.extern|extern|COMPLETED|0:0|00:03:09
19856581_109|19865694|xcsp-parse-cop165-order-ge-task-rd-20260526-c609ccd4-dirty-q10609-rerun1|COMPLETED|0:0|00:30:05
19856581_109.batch|19865694.batch|batch|COMPLETED|0:0|00:30:05
19856581_109.extern|19865694.extern|extern|COMPLETED|0:0|00:30:05
19856581_110|19865715|xcsp-parse-cop165-order-ge-task-rd-20260526-c609ccd4-dirty-q10609-rerun1|COMPLETED|0:0|00:30:05
19856581_110.batch|19865715.batch|batch|COMPLETED|0:0|00:30:05
19856581_110.extern|19865715.extern|extern|COMPLETED|0:0|00:30:05
19856581_111|19865754|xcsp-parse-cop165-order-ge-task-rd-20260526-c609ccd4-dirty-q10609-rerun1|COMPLETED|0:0|00:30:07
19856581_111.batch|19865754.batch|batch|COMPLETED|0:0|00:30:07
19856581_111.extern|19865754.extern|extern|COMPLETED|0:0|00:30:07
19856581_112|19865787|xcsp-parse-cop165-order-ge-task-rd-20260526-c609ccd4-dirty-q10609-rerun1|COMPLETED|0:0|00:00:36
19856581_112.batch|19865787.batch|batch|COMPLETED|0:0|00:00:36
19856581_112.extern|19865787.extern|extern|COMPLETED|0:0|00:00:36
19856581_113|19865794|xcsp-parse-cop165-order-ge-task-rd-20260526-c609ccd4-dirty-q10609-rerun1|COMPLETED|0:0|00:30:07
19856581_113.batch|19865794.batch|batch|COMPLETED|0:0|00:30:07
19856581_113.extern|19865794.extern|extern|COMPLETED|0:0|00:30:08
19856581_114|19865801|xcsp-parse-cop165-order-ge-task-rd-20260526-c609ccd4-dirty-q10609-rerun1|COMPLETED|0:0|00:00:46
19856581_114.batch|19865801.batch|batch|COMPLETED|0:0|00:00:46
19856581_114.extern|19865801.extern|extern|COMPLETED|0:0|00:00:46
19856581_115|19865809|xcsp-parse-cop165-order-ge-task-rd-20260526-c609ccd4-dirty-q10609-rerun1|COMPLETED|0:0|00:30:04
19856581_115.batch|19865809.batch|batch|COMPLETED|0:0|00:30:04
19856581_115.extern|19865809.extern|extern|COMPLETED|0:0|00:30:04
19856581_116|19865819|xcsp-parse-cop165-order-ge-task-rd-20260526-c609ccd4-dirty-q10609-rerun1|COMPLETED|0:0|00:30:07
19856581_116.batch|19865819.batch|batch|COMPLETED|0:0|00:30:07
19856581_116.extern|19865819.extern|extern|COMPLETED|0:0|00:30:07
19856581_117|19865824|xcsp-parse-cop165-order-ge-task-rd-20260526-c609ccd4-dirty-q10609-rerun1|OUT_OF_MEMORY|0:125|00:09:54
19856581_117.batch|19865824.batch|batch|OUT_OF_MEMORY|0:125|00:09:54
19856581_117.extern|19865824.extern|extern|OUT_OF_MEMORY|0:125|00:09:54
19856581_118|19865835|xcsp-parse-cop165-order-ge-task-rd-20260526-c609ccd4-dirty-q10609-rerun1|OUT_OF_MEMORY|0:125|00:10:25
19856581_118.batch|19865835.batch|batch|OUT_OF_MEMORY|0:125|00:10:25
19856581_118.extern|19865835.extern|extern|OUT_OF_MEMORY|0:125|00:10:25
19856581_119|19865837|xcsp-parse-cop165-order-ge-task-rd-20260526-c609ccd4-dirty-q10609-rerun1|OUT_OF_MEMORY|0:125|00:10:56
19856581_119.batch|19865837.batch|batch|OUT_OF_MEMORY|0:125|00:10:56
19856581_119.extern|19865837.extern|extern|OUT_OF_MEMORY|0:125|00:10:56
19856581_120|19865854|xcsp-parse-cop165-order-ge-task-rd-20260526-c609ccd4-dirty-q10609-rerun1|OUT_OF_MEMORY|0:125|00:15:37
19856581_120.batch|19865854.batch|batch|OUT_OF_MEMORY|0:125|00:15:37
19856581_120.extern|19865854.extern|extern|OUT_OF_MEMORY|0:125|00:15:37
19856581_121|19865875|xcsp-parse-cop165-order-ge-task-rd-20260526-c609ccd4-dirty-q10609-rerun1|OUT_OF_MEMORY|0:125|00:11:21
19856581_121.batch|19865875.batch|batch|OUT_OF_MEMORY|0:125|00:11:21
19856581_121.extern|19865875.extern|extern|OUT_OF_MEMORY|0:125|00:11:22
19856581_122|19865888|xcsp-parse-cop165-order-ge-task-rd-20260526-c609ccd4-dirty-q10609-rerun1|OUT_OF_MEMORY|0:125|00:16:17
19856581_122.batch|19865888.batch|batch|OUT_OF_MEMORY|0:125|00:16:17
19856581_122.extern|19865888.extern|extern|OUT_OF_MEMORY|0:125|00:16:17
19856581_123|19865902|xcsp-parse-cop165-order-ge-task-rd-20260526-c609ccd4-dirty-q10609-rerun1|COMPLETED|0:0|00:30:05
19856581_123.batch|19865902.batch|batch|COMPLETED|0:0|00:30:05
19856581_123.extern|19865902.extern|extern|COMPLETED|0:0|00:30:05
19856581_124|19865906|xcsp-parse-cop165-order-ge-task-rd-20260526-c609ccd4-dirty-q10609-rerun1|COMPLETED|0:0|00:02:48
19856581_124.batch|19865906.batch|batch|COMPLETED|0:0|00:02:48
19856581_124.extern|19865906.extern|extern|COMPLETED|0:0|00:02:48
19856581_125|19866021|xcsp-parse-cop165-order-ge-task-rd-20260526-c609ccd4-dirty-q10609-rerun1|COMPLETED|0:0|00:02:23
19856581_125.batch|19866021.batch|batch|COMPLETED|0:0|00:02:23
19856581_125.extern|19866021.extern|extern|COMPLETED|0:0|00:02:23
19856581_126|19866062|xcsp-parse-cop165-order-ge-task-rd-20260526-c609ccd4-dirty-q10609-rerun1|COMPLETED|0:0|00:10:12
19856581_126.batch|19866062.batch|batch|COMPLETED|0:0|00:10:12
19856581_126.extern|19866062.extern|extern|COMPLETED|0:0|00:10:12
19856581_127|19866069|xcsp-parse-cop165-order-ge-task-rd-20260526-c609ccd4-dirty-q10609-rerun1|OUT_OF_MEMORY|0:125|00:07:54
19856581_127.batch|19866069.batch|batch|OUT_OF_MEMORY|0:125|00:07:54
19856581_127.extern|19866069.extern|extern|OUT_OF_MEMORY|0:125|00:07:54
19856581_128|19866085|xcsp-parse-cop165-order-ge-task-rd-20260526-c609ccd4-dirty-q10609-rerun1|COMPLETED|0:0|00:13:41
19856581_128.batch|19866085.batch|batch|COMPLETED|0:0|00:13:41
19856581_128.extern|19866085.extern|extern|COMPLETED|0:0|00:13:41
19856581_129|19866103|xcsp-parse-cop165-order-ge-task-rd-20260526-c609ccd4-dirty-q10609-rerun1|OUT_OF_MEMORY|0:125|00:13:46
19856581_129.batch|19866103.batch|batch|OUT_OF_MEMORY|0:125|00:13:46
19856581_129.extern|19866103.extern|extern|OUT_OF_MEMORY|0:125|00:13:46
19856581_130|19866104|xcsp-parse-cop165-order-ge-task-rd-20260526-c609ccd4-dirty-q10609-rerun1|OUT_OF_MEMORY|0:125|00:11:33
19856581_130.batch|19866104.batch|batch|OUT_OF_MEMORY|0:125|00:11:33
19856581_130.extern|19866104.extern|extern|OUT_OF_MEMORY|0:125|00:11:33
19856581_131|19866107|xcsp-parse-cop165-order-ge-task-rd-20260526-c609ccd4-dirty-q10609-rerun1|OUT_OF_MEMORY|0:125|00:11:26
19856581_131.batch|19866107.batch|batch|OUT_OF_MEMORY|0:125|00:11:26
19856581_131.extern|19866107.extern|extern|OUT_OF_MEMORY|0:125|00:11:26
19856581_132|19866149|xcsp-parse-cop165-order-ge-task-rd-20260526-c609ccd4-dirty-q10609-rerun1|COMPLETED|0:0|00:07:24
19856581_132.batch|19866149.batch|batch|COMPLETED|0:0|00:07:24
19856581_132.extern|19866149.extern|extern|COMPLETED|0:0|00:07:24
19856581_133|19866183|xcsp-parse-cop165-order-ge-task-rd-20260526-c609ccd4-dirty-q10609-rerun1|COMPLETED|0:0|00:05:19
19856581_133.batch|19866183.batch|batch|COMPLETED|0:0|00:05:19
19856581_133.extern|19866183.extern|extern|COMPLETED|0:0|00:05:19
19856581_134|19866186|xcsp-parse-cop165-order-ge-task-rd-20260526-c609ccd4-dirty-q10609-rerun1|OUT_OF_MEMORY|0:125|00:15:38
19856581_134.batch|19866186.batch|batch|OUT_OF_MEMORY|0:125|00:15:38
19856581_134.extern|19866186.extern|extern|OUT_OF_MEMORY|0:125|00:15:38
19856581_135|19866197|xcsp-parse-cop165-order-ge-task-rd-20260526-c609ccd4-dirty-q10609-rerun1|OUT_OF_MEMORY|0:125|00:13:38
19856581_135.batch|19866197.batch|batch|OUT_OF_MEMORY|0:125|00:13:38
19856581_135.extern|19866197.extern|extern|OUT_OF_MEMORY|0:125|00:13:38
19856581_136|19866203|xcsp-parse-cop165-order-ge-task-rd-20260526-c609ccd4-dirty-q10609-rerun1|COMPLETED|0:0|00:08:55
19856581_136.batch|19866203.batch|batch|COMPLETED|0:0|00:08:55
19856581_136.extern|19866203.extern|extern|COMPLETED|0:0|00:08:56
19856581_137|19866232|xcsp-parse-cop165-order-ge-task-rd-20260526-c609ccd4-dirty-q10609-rerun1|OUT_OF_MEMORY|0:125|00:13:49
19856581_137.batch|19866232.batch|batch|OUT_OF_MEMORY|0:125|00:13:49
19856581_137.extern|19866232.extern|extern|OUT_OF_MEMORY|0:125|00:13:49
19856581_138|19866248|xcsp-parse-cop165-order-ge-task-rd-20260526-c609ccd4-dirty-q10609-rerun1|OUT_OF_MEMORY|0:125|00:13:13
19856581_138.batch|19866248.batch|batch|OUT_OF_MEMORY|0:125|00:13:13
19856581_138.extern|19866248.extern|extern|OUT_OF_MEMORY|0:125|00:13:13
19856581_139|19866264|xcsp-parse-cop165-order-ge-task-rd-20260526-c609ccd4-dirty-q10609-rerun1|OUT_OF_MEMORY|0:125|00:15:48
19856581_139.batch|19866264.batch|batch|OUT_OF_MEMORY|0:125|00:15:48
19856581_139.extern|19866264.extern|extern|OUT_OF_MEMORY|0:125|00:15:48
19856581_140|19866277|xcsp-parse-cop165-order-ge-task-rd-20260526-c609ccd4-dirty-q10609-rerun1|OUT_OF_MEMORY|0:125|00:12:33
19856581_140.batch|19866277.batch|batch|OUT_OF_MEMORY|0:125|00:12:33
19856581_140.extern|19866277.extern|extern|OUT_OF_MEMORY|0:125|00:12:33
19856581_141|19866295|xcsp-parse-cop165-order-ge-task-rd-20260526-c609ccd4-dirty-q10609-rerun1|OUT_OF_MEMORY|0:125|00:14:05
19856581_141.batch|19866295.batch|batch|OUT_OF_MEMORY|0:125|00:14:05
19856581_141.extern|19866295.extern|extern|OUT_OF_MEMORY|0:125|00:14:05
19856581_142|19866304|xcsp-parse-cop165-order-ge-task-rd-20260526-c609ccd4-dirty-q10609-rerun1|OUT_OF_MEMORY|0:125|00:15:30
19856581_142.batch|19866304.batch|batch|OUT_OF_MEMORY|0:125|00:15:30
19856581_142.extern|19866304.extern|extern|OUT_OF_MEMORY|0:125|00:15:30
19856581_143|19866305|xcsp-parse-cop165-order-ge-task-rd-20260526-c609ccd4-dirty-q10609-rerun1|OUT_OF_MEMORY|0:125|00:12:45
19856581_143.batch|19866305.batch|batch|OUT_OF_MEMORY|0:125|00:12:45
19856581_143.extern|19866305.extern|extern|OUT_OF_MEMORY|0:125|00:12:45
19856581_144|19866330|xcsp-parse-cop165-order-ge-task-rd-20260526-c609ccd4-dirty-q10609-rerun1|OUT_OF_MEMORY|0:125|00:13:20
19856581_144.batch|19866330.batch|batch|OUT_OF_MEMORY|0:125|00:13:20
19856581_144.extern|19866330.extern|extern|OUT_OF_MEMORY|0:125|00:13:20
19856581_145|19866338|xcsp-parse-cop165-order-ge-task-rd-20260526-c609ccd4-dirty-q10609-rerun1|OUT_OF_MEMORY|0:125|00:14:34
19856581_145.batch|19866338.batch|batch|OUT_OF_MEMORY|0:125|00:14:34
19856581_145.extern|19866338.extern|extern|OUT_OF_MEMORY|0:125|00:14:34
19856581_146|19866344|xcsp-parse-cop165-order-ge-task-rd-20260526-c609ccd4-dirty-q10609-rerun1|OUT_OF_MEMORY|0:125|00:13:41
19856581_146.batch|19866344.batch|batch|OUT_OF_MEMORY|0:125|00:13:41
19856581_146.extern|19866344.extern|extern|OUT_OF_MEMORY|0:125|00:13:41
19856581_147|19866423|xcsp-parse-cop165-order-ge-task-rd-20260526-c609ccd4-dirty-q10609-rerun1|OUT_OF_MEMORY|0:125|00:13:25
19856581_147.batch|19866423.batch|batch|OUT_OF_MEMORY|0:125|00:13:25
19856581_147.extern|19866423.extern|extern|OUT_OF_MEMORY|0:125|00:13:25
19856581_148|19866472|xcsp-parse-cop165-order-ge-task-rd-20260526-c609ccd4-dirty-q10609-rerun1|COMPLETED|0:0|00:10:37
19856581_148.batch|19866472.batch|batch|COMPLETED|0:0|00:10:37
19856581_148.extern|19866472.extern|extern|COMPLETED|0:0|00:10:37
19856581_149|19866521|xcsp-parse-cop165-order-ge-task-rd-20260526-c609ccd4-dirty-q10609-rerun1|COMPLETED|0:0|00:05:39
19856581_149.batch|19866521.batch|batch|COMPLETED|0:0|00:05:39
19856581_149.extern|19866521.extern|extern|COMPLETED|0:0|00:05:39
19856581_150|19866522|xcsp-parse-cop165-order-ge-task-rd-20260526-c609ccd4-dirty-q10609-rerun1|OUT_OF_MEMORY|0:125|00:07:33
19856581_150.batch|19866522.batch|batch|OUT_OF_MEMORY|0:125|00:07:33
19856581_150.extern|19866522.extern|extern|OUT_OF_MEMORY|0:125|00:07:33
19856581_151|19866526|xcsp-parse-cop165-order-ge-task-rd-20260526-c609ccd4-dirty-q10609-rerun1|COMPLETED|0:0|00:30:05
19856581_151.batch|19866526.batch|batch|COMPLETED|0:0|00:30:05
19856581_151.extern|19866526.extern|extern|COMPLETED|0:0|00:30:05
19856581_152|19866536|xcsp-parse-cop165-order-ge-task-rd-20260526-c609ccd4-dirty-q10609-rerun1|COMPLETED|0:0|00:30:06
19856581_152.batch|19866536.batch|batch|COMPLETED|0:0|00:30:06
19856581_152.extern|19866536.extern|extern|COMPLETED|0:0|00:30:06
19856581_153|19866742|xcsp-parse-cop165-order-ge-task-rd-20260526-c609ccd4-dirty-q10609-rerun1|COMPLETED|0:0|00:30:04
19856581_153.batch|19866742.batch|batch|COMPLETED|0:0|00:30:04
19856581_153.extern|19866742.extern|extern|COMPLETED|0:0|00:30:04
19856581_154|19866812|xcsp-parse-cop165-order-ge-task-rd-20260526-c609ccd4-dirty-q10609-rerun1|COMPLETED|0:0|00:21:15
19856581_154.batch|19866812.batch|batch|COMPLETED|0:0|00:21:15
19856581_154.extern|19866812.extern|extern|COMPLETED|0:0|00:21:15
19856581_155|19866849|xcsp-parse-cop165-order-ge-task-rd-20260526-c609ccd4-dirty-q10609-rerun1|COMPLETED|0:0|00:30:06
19856581_155.batch|19866849.batch|batch|COMPLETED|0:0|00:30:06
19856581_155.extern|19866849.extern|extern|COMPLETED|0:0|00:30:06
19856581_156|19866887|xcsp-parse-cop165-order-ge-task-rd-20260526-c609ccd4-dirty-q10609-rerun1|OUT_OF_MEMORY|0:125|00:09:18
19856581_156.batch|19866887.batch|batch|OUT_OF_MEMORY|0:125|00:09:18
19856581_156.extern|19866887.extern|extern|OUT_OF_MEMORY|0:125|00:09:18
19856581_157|19866907|xcsp-parse-cop165-order-ge-task-rd-20260526-c609ccd4-dirty-q10609-rerun1|COMPLETED|0:0|00:30:10
19856581_157.batch|19866907.batch|batch|COMPLETED|0:0|00:30:10
19856581_157.extern|19866907.extern|extern|COMPLETED|0:0|00:30:10
19856581_158|19866914|xcsp-parse-cop165-order-ge-task-rd-20260526-c609ccd4-dirty-q10609-rerun1|COMPLETED|0:0|00:30:07
19856581_158.batch|19866914.batch|batch|COMPLETED|0:0|00:30:07
19856581_158.extern|19866914.extern|extern|COMPLETED|0:0|00:30:07
19856581_159|19866919|xcsp-parse-cop165-order-ge-task-rd-20260526-c609ccd4-dirty-q10609-rerun1|COMPLETED|0:0|00:30:08
19856581_159.batch|19866919.batch|batch|COMPLETED|0:0|00:30:08
19856581_159.extern|19866919.extern|extern|COMPLETED|0:0|00:30:08
19856581_160|19866921|xcsp-parse-cop165-order-ge-task-rd-20260526-c609ccd4-dirty-q10609-rerun1|COMPLETED|0:0|00:30:09
19856581_160.batch|19866921.batch|batch|COMPLETED|0:0|00:30:09
19856581_160.extern|19866921.extern|extern|COMPLETED|0:0|00:30:09
19856581_161|19866922|xcsp-parse-cop165-order-ge-task-rd-20260526-c609ccd4-dirty-q10609-rerun1|OUT_OF_MEMORY|0:125|00:17:02
19856581_161.batch|19866922.batch|batch|OUT_OF_MEMORY|0:125|00:17:02
19856581_161.extern|19866922.extern|extern|OUT_OF_MEMORY|0:125|00:17:02
19856581_162|19866934|xcsp-parse-cop165-order-ge-task-rd-20260526-c609ccd4-dirty-q10609-rerun1|OUT_OF_MEMORY|0:125|00:20:14
19856581_162.batch|19866934.batch|batch|OUT_OF_MEMORY|0:125|00:20:14
19856581_162.extern|19866934.extern|extern|OUT_OF_MEMORY|0:125|00:20:14
19856581_163|19866956|xcsp-parse-cop165-order-ge-task-rd-20260526-c609ccd4-dirty-q10609-rerun1|OUT_OF_MEMORY|0:125|00:08:26
19856581_163.batch|19866956.batch|batch|OUT_OF_MEMORY|0:125|00:08:26
19856581_163.extern|19866956.extern|extern|OUT_OF_MEMORY|0:125|00:08:26
19856581_164|19866972|xcsp-parse-cop165-order-ge-task-rd-20260526-c609ccd4-dirty-q10609-rerun1|COMPLETED|0:0|00:30:13
19856581_164.batch|19866972.batch|batch|COMPLETED|0:0|00:30:13
19856581_164.extern|19866972.extern|extern|COMPLETED|0:0|00:30:13
19856581_165|19856581|xcsp-parse-cop165-order-ge-task-rd-20260526-c609ccd4-dirty-q10609-rerun1|OUT_OF_MEMORY|0:125|00:08:24
19856581_165.batch|19856581.batch|batch|OUT_OF_MEMORY|0:125|00:08:24
19856581_165.extern|19856581.extern|extern|OUT_OF_MEMORY|0:125|00:08:24
19856583_1|19866989|xcsp-parse-cop165-order-ge-cumext-20260526-c609ccd4-dirty-q10609-rerun1|COMPLETED|0:0|00:30:06
19856583_1.batch|19866989.batch|batch|COMPLETED|0:0|00:30:06
19856583_1.extern|19866989.extern|extern|COMPLETED|0:0|00:30:06
19856583_2|19866990|xcsp-parse-cop165-order-ge-cumext-20260526-c609ccd4-dirty-q10609-rerun1|COMPLETED|0:0|00:00:07
19856583_2.batch|19866990.batch|batch|COMPLETED|0:0|00:00:07
19856583_2.extern|19866990.extern|extern|COMPLETED|0:0|00:00:07
19856583_3|19866991|xcsp-parse-cop165-order-ge-cumext-20260526-c609ccd4-dirty-q10609-rerun1|COMPLETED|0:0|00:00:07
19856583_3.batch|19866991.batch|batch|COMPLETED|0:0|00:00:07
19856583_3.extern|19866991.extern|extern|COMPLETED|0:0|00:00:07
19856583_4|19867002|xcsp-parse-cop165-order-ge-cumext-20260526-c609ccd4-dirty-q10609-rerun1|COMPLETED|0:0|00:30:05
19856583_4.batch|19867002.batch|batch|COMPLETED|0:0|00:30:05
19856583_4.extern|19867002.extern|extern|COMPLETED|0:0|00:30:06
19856583_5|19867003|xcsp-parse-cop165-order-ge-cumext-20260526-c609ccd4-dirty-q10609-rerun1|COMPLETED|0:0|00:30:05
19856583_5.batch|19867003.batch|batch|COMPLETED|0:0|00:30:05
19856583_5.extern|19867003.extern|extern|COMPLETED|0:0|00:30:06
19856583_6|19867021|xcsp-parse-cop165-order-ge-cumext-20260526-c609ccd4-dirty-q10609-rerun1|COMPLETED|0:0|00:00:33
19856583_6.batch|19867021.batch|batch|COMPLETED|0:0|00:00:33
19856583_6.extern|19867021.extern|extern|COMPLETED|0:0|00:00:33
19856583_7|19867030|xcsp-parse-cop165-order-ge-cumext-20260526-c609ccd4-dirty-q10609-rerun1|COMPLETED|0:0|00:30:04
19856583_7.batch|19867030.batch|batch|COMPLETED|0:0|00:30:04
19856583_7.extern|19867030.extern|extern|COMPLETED|0:0|00:30:04
19856583_8|19867036|xcsp-parse-cop165-order-ge-cumext-20260526-c609ccd4-dirty-q10609-rerun1|COMPLETED|0:0|00:30:06
19856583_8.batch|19867036.batch|batch|COMPLETED|0:0|00:30:06
19856583_8.extern|19867036.extern|extern|COMPLETED|0:0|00:30:06
19856583_9|19867037|xcsp-parse-cop165-order-ge-cumext-20260526-c609ccd4-dirty-q10609-rerun1|COMPLETED|0:0|00:12:25
19856583_9.batch|19867037.batch|batch|COMPLETED|0:0|00:12:25
19856583_9.extern|19867037.extern|extern|COMPLETED|0:0|00:12:25
19856583_10|19867042|xcsp-parse-cop165-order-ge-cumext-20260526-c609ccd4-dirty-q10609-rerun1|COMPLETED|0:0|00:12:28
19856583_10.batch|19867042.batch|batch|COMPLETED|0:0|00:12:28
19856583_10.extern|19867042.extern|extern|COMPLETED|0:0|00:12:28
19856583_11|19867050|xcsp-parse-cop165-order-ge-cumext-20260526-c609ccd4-dirty-q10609-rerun1|COMPLETED|0:0|00:30:04
19856583_11.batch|19867050.batch|batch|COMPLETED|0:0|00:30:04
19856583_11.extern|19867050.extern|extern|COMPLETED|0:0|00:30:04
19856583_12|19867066|xcsp-parse-cop165-order-ge-cumext-20260526-c609ccd4-dirty-q10609-rerun1|COMPLETED|0:0|00:10:15
19856583_12.batch|19867066.batch|batch|COMPLETED|0:0|00:10:15
19856583_12.extern|19867066.extern|extern|COMPLETED|0:0|00:10:15
19856583_13|19867076|xcsp-parse-cop165-order-ge-cumext-20260526-c609ccd4-dirty-q10609-rerun1|COMPLETED|0:0|00:30:03
19856583_13.batch|19867076.batch|batch|COMPLETED|0:0|00:30:03
19856583_13.extern|19867076.extern|extern|COMPLETED|0:0|00:30:03
19856583_14|19867089|xcsp-parse-cop165-order-ge-cumext-20260526-c609ccd4-dirty-q10609-rerun1|COMPLETED|0:0|00:13:48
19856583_14.batch|19867089.batch|batch|COMPLETED|0:0|00:13:48
19856583_14.extern|19867089.extern|extern|COMPLETED|0:0|00:13:48
19856583_15|19867098|xcsp-parse-cop165-order-ge-cumext-20260526-c609ccd4-dirty-q10609-rerun1|COMPLETED|0:0|00:10:03
19856583_15.batch|19867098.batch|batch|COMPLETED|0:0|00:10:03
19856583_15.extern|19867098.extern|extern|COMPLETED|0:0|00:10:03
19856583_16|19867100|xcsp-parse-cop165-order-ge-cumext-20260526-c609ccd4-dirty-q10609-rerun1|COMPLETED|0:0|00:18:42
19856583_16.batch|19867100.batch|batch|COMPLETED|0:0|00:18:42
19856583_16.extern|19867100.extern|extern|COMPLETED|0:0|00:18:42
19856583_17|19867129|xcsp-parse-cop165-order-ge-cumext-20260526-c609ccd4-dirty-q10609-rerun1|COMPLETED|0:0|00:12:01
19856583_17.batch|19867129.batch|batch|COMPLETED|0:0|00:12:01
19856583_17.extern|19867129.extern|extern|COMPLETED|0:0|00:12:01
19856583_18|19867168|xcsp-parse-cop165-order-ge-cumext-20260526-c609ccd4-dirty-q10609-rerun1|COMPLETED|0:0|00:14:30
19856583_18.batch|19867168.batch|batch|COMPLETED|0:0|00:14:30
19856583_18.extern|19867168.extern|extern|COMPLETED|0:0|00:14:30
19856583_19|19867189|xcsp-parse-cop165-order-ge-cumext-20260526-c609ccd4-dirty-q10609-rerun1|COMPLETED|0:0|00:30:04
19856583_19.batch|19867189.batch|batch|COMPLETED|0:0|00:30:04
19856583_19.extern|19867189.extern|extern|COMPLETED|0:0|00:30:04
19856583_20|19867243|xcsp-parse-cop165-order-ge-cumext-20260526-c609ccd4-dirty-q10609-rerun1|COMPLETED|0:0|00:01:25
19856583_20.batch|19867243.batch|batch|COMPLETED|0:0|00:01:25
19856583_20.extern|19867243.extern|extern|COMPLETED|0:0|00:01:25
19856583_21|19867277|xcsp-parse-cop165-order-ge-cumext-20260526-c609ccd4-dirty-q10609-rerun1|COMPLETED|0:0|00:00:26
19856583_21.batch|19867277.batch|batch|COMPLETED|0:0|00:00:26
19856583_21.extern|19867277.extern|extern|COMPLETED|0:0|00:00:26
19856583_22|19867278|xcsp-parse-cop165-order-ge-cumext-20260526-c609ccd4-dirty-q10609-rerun1|COMPLETED|0:0|00:00:26
19856583_22.batch|19867278.batch|batch|COMPLETED|0:0|00:00:26
19856583_22.extern|19867278.extern|extern|COMPLETED|0:0|00:00:26
19856583_23|19867282|xcsp-parse-cop165-order-ge-cumext-20260526-c609ccd4-dirty-q10609-rerun1|COMPLETED|0:0|00:00:31
19856583_23.batch|19867282.batch|batch|COMPLETED|0:0|00:00:31
19856583_23.extern|19867282.extern|extern|COMPLETED|0:0|00:00:31
19856583_24|19867283|xcsp-parse-cop165-order-ge-cumext-20260526-c609ccd4-dirty-q10609-rerun1|COMPLETED|0:0|00:30:04
19856583_24.batch|19867283.batch|batch|COMPLETED|0:0|00:30:04
19856583_24.extern|19867283.extern|extern|COMPLETED|0:0|00:30:04
19856583_25|19867284|xcsp-parse-cop165-order-ge-cumext-20260526-c609ccd4-dirty-q10609-rerun1|COMPLETED|0:0|00:00:42
19856583_25.batch|19867284.batch|batch|COMPLETED|0:0|00:00:42
19856583_25.extern|19867284.extern|extern|COMPLETED|0:0|00:00:42
19856583_26|19867307|xcsp-parse-cop165-order-ge-cumext-20260526-c609ccd4-dirty-q10609-rerun1|COMPLETED|0:0|00:30:05
19856583_26.batch|19867307.batch|batch|COMPLETED|0:0|00:30:05
19856583_26.extern|19867307.extern|extern|COMPLETED|0:0|00:30:05
19856583_27|19867308|xcsp-parse-cop165-order-ge-cumext-20260526-c609ccd4-dirty-q10609-rerun1|COMPLETED|0:0|00:15:15
19856583_27.batch|19867308.batch|batch|COMPLETED|0:0|00:15:15
19856583_27.extern|19867308.extern|extern|COMPLETED|0:0|00:15:15
19856583_28|19867313|xcsp-parse-cop165-order-ge-cumext-20260526-c609ccd4-dirty-q10609-rerun1|COMPLETED|0:0|00:30:05
19856583_28.batch|19867313.batch|batch|COMPLETED|0:0|00:30:05
19856583_28.extern|19867313.extern|extern|COMPLETED|0:0|00:30:05
19856583_29|19867396|xcsp-parse-cop165-order-ge-cumext-20260526-c609ccd4-dirty-q10609-rerun1|OUT_OF_MEMORY|0:125|00:03:55
19856583_29.batch|19867396.batch|batch|OUT_OF_MEMORY|0:125|00:03:55
19856583_29.extern|19867396.extern|extern|OUT_OF_MEMORY|0:125|00:03:55
19856583_30|19867406|xcsp-parse-cop165-order-ge-cumext-20260526-c609ccd4-dirty-q10609-rerun1|COMPLETED|0:0|00:30:05
19856583_30.batch|19867406.batch|batch|COMPLETED|0:0|00:30:05
19856583_30.extern|19867406.extern|extern|COMPLETED|0:0|00:30:05
19856583_31|19867416|xcsp-parse-cop165-order-ge-cumext-20260526-c609ccd4-dirty-q10609-rerun1|COMPLETED|0:0|00:30:05
19856583_31.batch|19867416.batch|batch|COMPLETED|0:0|00:30:05
19856583_31.extern|19867416.extern|extern|COMPLETED|0:0|00:30:05
19856583_32|19867419|xcsp-parse-cop165-order-ge-cumext-20260526-c609ccd4-dirty-q10609-rerun1|COMPLETED|0:0|00:30:04
19856583_32.batch|19867419.batch|batch|COMPLETED|0:0|00:30:04
19856583_32.extern|19867419.extern|extern|COMPLETED|0:0|00:30:04
19856583_33|19867458|xcsp-parse-cop165-order-ge-cumext-20260526-c609ccd4-dirty-q10609-rerun1|COMPLETED|0:0|00:30:04
19856583_33.batch|19867458.batch|batch|COMPLETED|0:0|00:30:04
19856583_33.extern|19867458.extern|extern|COMPLETED|0:0|00:30:04
19856583_34|19867468|xcsp-parse-cop165-order-ge-cumext-20260526-c609ccd4-dirty-q10609-rerun1|COMPLETED|0:0|00:30:03
19856583_34.batch|19867468.batch|batch|COMPLETED|0:0|00:30:03
19856583_34.extern|19867468.extern|extern|COMPLETED|0:0|00:30:03
19856583_35|19867470|xcsp-parse-cop165-order-ge-cumext-20260526-c609ccd4-dirty-q10609-rerun1|COMPLETED|0:0|00:30:06
19856583_35.batch|19867470.batch|batch|COMPLETED|0:0|00:30:06
19856583_35.extern|19867470.extern|extern|COMPLETED|0:0|00:30:06
19856583_36|19867570|xcsp-parse-cop165-order-ge-cumext-20260526-c609ccd4-dirty-q10609-rerun1|COMPLETED|0:0|00:30:06
19856583_36.batch|19867570.batch|batch|COMPLETED|0:0|00:30:06
19856583_36.extern|19867570.extern|extern|COMPLETED|0:0|00:30:06
19856583_37|19867571|xcsp-parse-cop165-order-ge-cumext-20260526-c609ccd4-dirty-q10609-rerun1|COMPLETED|0:0|00:30:07
19856583_37.batch|19867571.batch|batch|COMPLETED|0:0|00:30:07
19856583_37.extern|19867571.extern|extern|COMPLETED|0:0|00:30:07
19856583_38|19867712|xcsp-parse-cop165-order-ge-cumext-20260526-c609ccd4-dirty-q10609-rerun1|COMPLETED|0:0|00:30:09
19856583_38.batch|19867712.batch|batch|COMPLETED|0:0|00:30:09
19856583_38.extern|19867712.extern|extern|COMPLETED|0:0|00:30:11
19856583_39|19867716|xcsp-parse-cop165-order-ge-cumext-20260526-c609ccd4-dirty-q10609-rerun1|COMPLETED|0:0|00:30:05
19856583_39.batch|19867716.batch|batch|COMPLETED|0:0|00:30:05
19856583_39.extern|19867716.extern|extern|COMPLETED|0:0|00:30:05
19856583_40|19867766|xcsp-parse-cop165-order-ge-cumext-20260526-c609ccd4-dirty-q10609-rerun1|COMPLETED|0:0|00:30:04
19856583_40.batch|19867766.batch|batch|COMPLETED|0:0|00:30:04
19856583_40.extern|19867766.extern|extern|COMPLETED|0:0|00:30:04
19856583_41|19867768|xcsp-parse-cop165-order-ge-cumext-20260526-c609ccd4-dirty-q10609-rerun1|COMPLETED|0:0|00:30:06
19856583_41.batch|19867768.batch|batch|COMPLETED|0:0|00:30:06
19856583_41.extern|19867768.extern|extern|COMPLETED|0:0|00:30:06
19856583_42|19867773|xcsp-parse-cop165-order-ge-cumext-20260526-c609ccd4-dirty-q10609-rerun1|COMPLETED|0:0|00:30:04
19856583_42.batch|19867773.batch|batch|COMPLETED|0:0|00:30:04
19856583_42.extern|19867773.extern|extern|COMPLETED|0:0|00:30:04
19856583_43|19867792|xcsp-parse-cop165-order-ge-cumext-20260526-c609ccd4-dirty-q10609-rerun1|COMPLETED|0:0|00:30:06
19856583_43.batch|19867792.batch|batch|COMPLETED|0:0|00:30:06
19856583_43.extern|19867792.extern|extern|COMPLETED|0:0|00:30:06
19856583_44|19867798|xcsp-parse-cop165-order-ge-cumext-20260526-c609ccd4-dirty-q10609-rerun1|COMPLETED|0:0|00:30:04
19856583_44.batch|19867798.batch|batch|COMPLETED|0:0|00:30:04
19856583_44.extern|19867798.extern|extern|COMPLETED|0:0|00:30:04
19856583_45|19867804|xcsp-parse-cop165-order-ge-cumext-20260526-c609ccd4-dirty-q10609-rerun1|COMPLETED|0:0|00:30:04
19856583_45.batch|19867804.batch|batch|COMPLETED|0:0|00:30:04
19856583_45.extern|19867804.extern|extern|COMPLETED|0:0|00:30:04
19856583_46|19867861|xcsp-parse-cop165-order-ge-cumext-20260526-c609ccd4-dirty-q10609-rerun1|COMPLETED|0:0|00:30:04
19856583_46.batch|19867861.batch|batch|COMPLETED|0:0|00:30:04
19856583_46.extern|19867861.extern|extern|COMPLETED|0:0|00:30:04
19856583_47|19867871|xcsp-parse-cop165-order-ge-cumext-20260526-c609ccd4-dirty-q10609-rerun1|COMPLETED|0:0|00:30:05
19856583_47.batch|19867871.batch|batch|COMPLETED|0:0|00:30:05
19856583_47.extern|19867871.extern|extern|COMPLETED|0:0|00:30:05
19856583_48|19867873|xcsp-parse-cop165-order-ge-cumext-20260526-c609ccd4-dirty-q10609-rerun1|COMPLETED|0:0|00:30:04
19856583_48.batch|19867873.batch|batch|COMPLETED|0:0|00:30:04
19856583_48.extern|19867873.extern|extern|COMPLETED|0:0|00:30:05
19856583_49|19867880|xcsp-parse-cop165-order-ge-cumext-20260526-c609ccd4-dirty-q10609-rerun1|COMPLETED|0:0|00:30:04
19856583_49.batch|19867880.batch|batch|COMPLETED|0:0|00:30:04
19856583_49.extern|19867880.extern|extern|COMPLETED|0:0|00:30:04
19856583_50|19867973|xcsp-parse-cop165-order-ge-cumext-20260526-c609ccd4-dirty-q10609-rerun1|COMPLETED|0:0|00:30:05
19856583_50.batch|19867973.batch|batch|COMPLETED|0:0|00:30:05
19856583_50.extern|19867973.extern|extern|COMPLETED|0:0|00:30:05
19856583_51|19867982|xcsp-parse-cop165-order-ge-cumext-20260526-c609ccd4-dirty-q10609-rerun1|COMPLETED|0:0|00:30:05
19856583_51.batch|19867982.batch|batch|COMPLETED|0:0|00:30:05
19856583_51.extern|19867982.extern|extern|COMPLETED|0:0|00:30:05
19856583_52|19867988|xcsp-parse-cop165-order-ge-cumext-20260526-c609ccd4-dirty-q10609-rerun1|COMPLETED|0:0|00:00:30
19856583_52.batch|19867988.batch|batch|COMPLETED|0:0|00:00:30
19856583_52.extern|19867988.extern|extern|COMPLETED|0:0|00:00:30
19856583_53|19867989|xcsp-parse-cop165-order-ge-cumext-20260526-c609ccd4-dirty-q10609-rerun1|COMPLETED|0:0|00:01:26
19856583_53.batch|19867989.batch|batch|COMPLETED|0:0|00:01:26
19856583_53.extern|19867989.extern|extern|COMPLETED|0:0|00:01:26
19856583_54|19867997|xcsp-parse-cop165-order-ge-cumext-20260526-c609ccd4-dirty-q10609-rerun1|COMPLETED|0:0|00:01:55
19856583_54.batch|19867997.batch|batch|COMPLETED|0:0|00:01:55
19856583_54.extern|19867997.extern|extern|COMPLETED|0:0|00:01:55
19856583_55|19868002|xcsp-parse-cop165-order-ge-cumext-20260526-c609ccd4-dirty-q10609-rerun1|OUT_OF_MEMORY|0:125|00:17:37
19856583_55.batch|19868002.batch|batch|OUT_OF_MEMORY|0:125|00:17:37
19856583_55.extern|19868002.extern|extern|OUT_OF_MEMORY|0:125|00:17:37
19856583_56|19868007|xcsp-parse-cop165-order-ge-cumext-20260526-c609ccd4-dirty-q10609-rerun1|COMPLETED|0:0|00:30:05
19856583_56.batch|19868007.batch|batch|COMPLETED|0:0|00:30:05
19856583_56.extern|19868007.extern|extern|COMPLETED|0:0|00:30:05
19856583_57|19868008|xcsp-parse-cop165-order-ge-cumext-20260526-c609ccd4-dirty-q10609-rerun1|OUT_OF_MEMORY|0:125|00:12:48
19856583_57.batch|19868008.batch|batch|OUT_OF_MEMORY|0:125|00:12:48
19856583_57.extern|19868008.extern|extern|OUT_OF_MEMORY|0:125|00:12:48
19856583_58|19868013|xcsp-parse-cop165-order-ge-cumext-20260526-c609ccd4-dirty-q10609-rerun1|OUT_OF_MEMORY|0:125|00:11:13
19856583_58.batch|19868013.batch|batch|OUT_OF_MEMORY|0:125|00:11:13
19856583_58.extern|19868013.extern|extern|OUT_OF_MEMORY|0:125|00:11:13
19856583_59|19868020|xcsp-parse-cop165-order-ge-cumext-20260526-c609ccd4-dirty-q10609-rerun1|COMPLETED|0:0|00:30:04
19856583_59.batch|19868020.batch|batch|COMPLETED|0:0|00:30:04
19856583_59.extern|19868020.extern|extern|COMPLETED|0:0|00:30:04
19856583_60|19868031|xcsp-parse-cop165-order-ge-cumext-20260526-c609ccd4-dirty-q10609-rerun1|COMPLETED|0:0|00:30:04
19856583_60.batch|19868031.batch|batch|COMPLETED|0:0|00:30:04
19856583_60.extern|19868031.extern|extern|COMPLETED|0:0|00:30:04
19856583_61|19868060|xcsp-parse-cop165-order-ge-cumext-20260526-c609ccd4-dirty-q10609-rerun1|COMPLETED|0:0|00:30:05
19856583_61.batch|19868060.batch|batch|COMPLETED|0:0|00:30:05
19856583_61.extern|19868060.extern|extern|COMPLETED|0:0|00:30:05
19856583_62|19868103|xcsp-parse-cop165-order-ge-cumext-20260526-c609ccd4-dirty-q10609-rerun1|COMPLETED|0:0|00:30:04
19856583_62.batch|19868103.batch|batch|COMPLETED|0:0|00:30:04
19856583_62.extern|19868103.extern|extern|COMPLETED|0:0|00:30:05
19856583_63|19868108|xcsp-parse-cop165-order-ge-cumext-20260526-c609ccd4-dirty-q10609-rerun1|COMPLETED|0:0|00:30:04
19856583_63.batch|19868108.batch|batch|COMPLETED|0:0|00:30:04
19856583_63.extern|19868108.extern|extern|COMPLETED|0:0|00:30:04
19856583_64|19868117|xcsp-parse-cop165-order-ge-cumext-20260526-c609ccd4-dirty-q10609-rerun1|COMPLETED|0:0|00:30:09
19856583_64.batch|19868117.batch|batch|COMPLETED|0:0|00:30:09
19856583_64.extern|19868117.extern|extern|COMPLETED|0:0|00:30:09
19856583_65|19868207|xcsp-parse-cop165-order-ge-cumext-20260526-c609ccd4-dirty-q10609-rerun1|COMPLETED|0:0|00:30:04
19856583_65.batch|19868207.batch|batch|COMPLETED|0:0|00:30:04
19856583_65.extern|19868207.extern|extern|COMPLETED|0:0|00:30:04
19856583_66|19868210|xcsp-parse-cop165-order-ge-cumext-20260526-c609ccd4-dirty-q10609-rerun1|COMPLETED|0:0|00:30:06
19856583_66.batch|19868210.batch|batch|COMPLETED|0:0|00:30:06
19856583_66.extern|19868210.extern|extern|COMPLETED|0:0|00:30:06
19856583_67|19868223|xcsp-parse-cop165-order-ge-cumext-20260526-c609ccd4-dirty-q10609-rerun1|COMPLETED|0:0|00:30:05
19856583_67.batch|19868223.batch|batch|COMPLETED|0:0|00:30:05
19856583_67.extern|19868223.extern|extern|COMPLETED|0:0|00:30:05
19856583_68|19868228|xcsp-parse-cop165-order-ge-cumext-20260526-c609ccd4-dirty-q10609-rerun1|COMPLETED|0:0|00:30:05
19856583_68.batch|19868228.batch|batch|COMPLETED|0:0|00:30:05
19856583_68.extern|19868228.extern|extern|COMPLETED|0:0|00:30:05
19856583_69|19868233|xcsp-parse-cop165-order-ge-cumext-20260526-c609ccd4-dirty-q10609-rerun1|COMPLETED|0:0|00:30:05
19856583_69.batch|19868233.batch|batch|COMPLETED|0:0|00:30:05
19856583_69.extern|19868233.extern|extern|COMPLETED|0:0|00:30:05
19856583_70|19868244|xcsp-parse-cop165-order-ge-cumext-20260526-c609ccd4-dirty-q10609-rerun1|COMPLETED|0:0|00:30:04
19856583_70.batch|19868244.batch|batch|COMPLETED|0:0|00:30:04
19856583_70.extern|19868244.extern|extern|COMPLETED|0:0|00:30:04
19856583_71|19868256|xcsp-parse-cop165-order-ge-cumext-20260526-c609ccd4-dirty-q10609-rerun1|COMPLETED|0:0|00:30:04
19856583_71.batch|19868256.batch|batch|COMPLETED|0:0|00:30:04
19856583_71.extern|19868256.extern|extern|COMPLETED|0:0|00:30:04
19856583_72|19868259|xcsp-parse-cop165-order-ge-cumext-20260526-c609ccd4-dirty-q10609-rerun1|OUT_OF_MEMORY|0:125|00:03:44
19856583_72.batch|19868259.batch|batch|OUT_OF_MEMORY|0:125|00:03:44
19856583_72.extern|19868259.extern|extern|OUT_OF_MEMORY|0:125|00:03:44
19856583_73|19868275|xcsp-parse-cop165-order-ge-cumext-20260526-c609ccd4-dirty-q10609-rerun1|COMPLETED|0:0|00:30:04
19856583_73.batch|19868275.batch|batch|COMPLETED|0:0|00:30:04
19856583_73.extern|19868275.extern|extern|COMPLETED|0:0|00:30:04
19856583_74|19868276|xcsp-parse-cop165-order-ge-cumext-20260526-c609ccd4-dirty-q10609-rerun1|COMPLETED|0:0|00:30:04
19856583_74.batch|19868276.batch|batch|COMPLETED|0:0|00:30:04
19856583_74.extern|19868276.extern|extern|COMPLETED|0:0|00:30:04
19856583_75|19868313|xcsp-parse-cop165-order-ge-cumext-20260526-c609ccd4-dirty-q10609-rerun1|COMPLETED|0:0|00:30:04
19856583_75.batch|19868313.batch|batch|COMPLETED|0:0|00:30:04
19856583_75.extern|19868313.extern|extern|COMPLETED|0:0|00:30:04
19856583_76|19868319|xcsp-parse-cop165-order-ge-cumext-20260526-c609ccd4-dirty-q10609-rerun1|COMPLETED|0:0|00:30:04
19856583_76.batch|19868319.batch|batch|COMPLETED|0:0|00:30:04
19856583_76.extern|19868319.extern|extern|COMPLETED|0:0|00:30:04
19856583_77|19868324|xcsp-parse-cop165-order-ge-cumext-20260526-c609ccd4-dirty-q10609-rerun1|COMPLETED|0:0|00:30:04
19856583_77.batch|19868324.batch|batch|COMPLETED|0:0|00:30:04
19856583_77.extern|19868324.extern|extern|COMPLETED|0:0|00:30:04
19856583_78|19868329|xcsp-parse-cop165-order-ge-cumext-20260526-c609ccd4-dirty-q10609-rerun1|COMPLETED|0:0|00:30:04
19856583_78.batch|19868329.batch|batch|COMPLETED|0:0|00:30:04
19856583_78.extern|19868329.extern|extern|COMPLETED|0:0|00:30:04
19856583_79|19868357|xcsp-parse-cop165-order-ge-cumext-20260526-c609ccd4-dirty-q10609-rerun1|COMPLETED|0:0|00:30:04
19856583_79.batch|19868357.batch|batch|COMPLETED|0:0|00:30:04
19856583_79.extern|19868357.extern|extern|COMPLETED|0:0|00:30:04
19856583_80|19868364|xcsp-parse-cop165-order-ge-cumext-20260526-c609ccd4-dirty-q10609-rerun1|COMPLETED|0:0|00:30:06
19856583_80.batch|19868364.batch|batch|COMPLETED|0:0|00:30:06
19856583_80.extern|19868364.extern|extern|COMPLETED|0:0|00:30:06
19856583_81|19868368|xcsp-parse-cop165-order-ge-cumext-20260526-c609ccd4-dirty-q10609-rerun1|COMPLETED|0:0|00:30:04
19856583_81.batch|19868368.batch|batch|COMPLETED|0:0|00:30:04
19856583_81.extern|19868368.extern|extern|COMPLETED|0:0|00:30:04
19856583_82|19868385|xcsp-parse-cop165-order-ge-cumext-20260526-c609ccd4-dirty-q10609-rerun1|COMPLETED|0:0|00:30:04
19856583_82.batch|19868385.batch|batch|COMPLETED|0:0|00:30:04
19856583_82.extern|19868385.extern|extern|COMPLETED|0:0|00:30:04
19856583_83|19868390|xcsp-parse-cop165-order-ge-cumext-20260526-c609ccd4-dirty-q10609-rerun1|COMPLETED|0:0|00:30:04
19856583_83.batch|19868390.batch|batch|COMPLETED|0:0|00:30:04
19856583_83.extern|19868390.extern|extern|COMPLETED|0:0|00:30:04
19856583_84|19868397|xcsp-parse-cop165-order-ge-cumext-20260526-c609ccd4-dirty-q10609-rerun1|COMPLETED|0:0|00:30:04
19856583_84.batch|19868397.batch|batch|COMPLETED|0:0|00:30:04
19856583_84.extern|19868397.extern|extern|COMPLETED|0:0|00:30:05
19856583_85|19868434|xcsp-parse-cop165-order-ge-cumext-20260526-c609ccd4-dirty-q10609-rerun1|COMPLETED|0:0|00:30:04
19856583_85.batch|19868434.batch|batch|COMPLETED|0:0|00:30:04
19856583_85.extern|19868434.extern|extern|COMPLETED|0:0|00:30:04
19856583_86|19868446|xcsp-parse-cop165-order-ge-cumext-20260526-c609ccd4-dirty-q10609-rerun1|COMPLETED|0:0|00:30:05
19856583_86.batch|19868446.batch|batch|COMPLETED|0:0|00:30:05
19856583_86.extern|19868446.extern|extern|COMPLETED|0:0|00:30:05
19856583_87|19868447|xcsp-parse-cop165-order-ge-cumext-20260526-c609ccd4-dirty-q10609-rerun1|COMPLETED|0:0|00:30:05
19856583_87.batch|19868447.batch|batch|COMPLETED|0:0|00:30:05
19856583_87.extern|19868447.extern|extern|COMPLETED|0:0|00:30:05
19856583_88|19868450|xcsp-parse-cop165-order-ge-cumext-20260526-c609ccd4-dirty-q10609-rerun1|COMPLETED|0:0|00:30:05
19856583_88.batch|19868450.batch|batch|COMPLETED|0:0|00:30:05
19856583_88.extern|19868450.extern|extern|COMPLETED|0:0|00:30:05
19856583_89|19868469|xcsp-parse-cop165-order-ge-cumext-20260526-c609ccd4-dirty-q10609-rerun1|COMPLETED|0:0|00:30:04
19856583_89.batch|19868469.batch|batch|COMPLETED|0:0|00:30:04
19856583_89.extern|19868469.extern|extern|COMPLETED|0:0|00:30:04
19856583_90|19868470|xcsp-parse-cop165-order-ge-cumext-20260526-c609ccd4-dirty-q10609-rerun1|COMPLETED|0:0|00:30:06
19856583_90.batch|19868470.batch|batch|COMPLETED|0:0|00:30:06
19856583_90.extern|19868470.extern|extern|COMPLETED|0:0|00:30:06
19856583_91|19868480|xcsp-parse-cop165-order-ge-cumext-20260526-c609ccd4-dirty-q10609-rerun1|COMPLETED|0:0|00:30:06
19856583_91.batch|19868480.batch|batch|COMPLETED|0:0|00:30:06
19856583_91.extern|19868480.extern|extern|COMPLETED|0:0|00:30:06
19856583_92|19868495|xcsp-parse-cop165-order-ge-cumext-20260526-c609ccd4-dirty-q10609-rerun1|COMPLETED|0:0|00:30:05
19856583_92.batch|19868495.batch|batch|COMPLETED|0:0|00:30:05
19856583_92.extern|19868495.extern|extern|COMPLETED|0:0|00:30:05
19856583_93|19868508|xcsp-parse-cop165-order-ge-cumext-20260526-c609ccd4-dirty-q10609-rerun1|COMPLETED|0:0|00:30:05
19856583_93.batch|19868508.batch|batch|COMPLETED|0:0|00:30:05
19856583_93.extern|19868508.extern|extern|COMPLETED|0:0|00:30:05
19856583_94|19868529|xcsp-parse-cop165-order-ge-cumext-20260526-c609ccd4-dirty-q10609-rerun1|COMPLETED|0:0|00:30:10
19856583_94.batch|19868529.batch|batch|COMPLETED|0:0|00:30:10
19856583_94.extern|19868529.extern|extern|COMPLETED|0:0|00:30:10
19856583_95|19868572|xcsp-parse-cop165-order-ge-cumext-20260526-c609ccd4-dirty-q10609-rerun1|COMPLETED|0:0|00:30:04
19856583_95.batch|19868572.batch|batch|COMPLETED|0:0|00:30:04
19856583_95.extern|19868572.extern|extern|COMPLETED|0:0|00:30:04
19856583_96|19868582|xcsp-parse-cop165-order-ge-cumext-20260526-c609ccd4-dirty-q10609-rerun1|COMPLETED|0:0|00:30:04
19856583_96.batch|19868582.batch|batch|COMPLETED|0:0|00:30:04
19856583_96.extern|19868582.extern|extern|COMPLETED|0:0|00:30:04
19856583_97|19868583|xcsp-parse-cop165-order-ge-cumext-20260526-c609ccd4-dirty-q10609-rerun1|COMPLETED|0:0|00:30:04
19856583_97.batch|19868583.batch|batch|COMPLETED|0:0|00:30:04
19856583_97.extern|19868583.extern|extern|COMPLETED|0:0|00:30:04
19856583_98|19868704|xcsp-parse-cop165-order-ge-cumext-20260526-c609ccd4-dirty-q10609-rerun1|COMPLETED|0:0|00:30:03
19856583_98.batch|19868704.batch|batch|COMPLETED|0:0|00:30:03
19856583_98.extern|19868704.extern|extern|COMPLETED|0:0|00:30:03
19856583_99|19868707|xcsp-parse-cop165-order-ge-cumext-20260526-c609ccd4-dirty-q10609-rerun1|OUT_OF_MEMORY|0:125|00:11:33
19856583_99.batch|19868707.batch|batch|OUT_OF_MEMORY|0:125|00:11:33
19856583_99.extern|19868707.extern|extern|OUT_OF_MEMORY|0:125|00:11:33
19856583_100|19868720|xcsp-parse-cop165-order-ge-cumext-20260526-c609ccd4-dirty-q10609-rerun1|OUT_OF_MEMORY|0:125|00:12:09
19856583_100.batch|19868720.batch|batch|OUT_OF_MEMORY|0:125|00:12:09
19856583_100.extern|19868720.extern|extern|OUT_OF_MEMORY|0:125|00:12:09
19856583_101|19868722|xcsp-parse-cop165-order-ge-cumext-20260526-c609ccd4-dirty-q10609-rerun1|COMPLETED|0:0|00:30:06
19856583_101.batch|19868722.batch|batch|COMPLETED|0:0|00:30:06
19856583_101.extern|19868722.extern|extern|COMPLETED|0:0|00:30:06
19856583_102|19868731|xcsp-parse-cop165-order-ge-cumext-20260526-c609ccd4-dirty-q10609-rerun1|COMPLETED|0:0|00:30:04
19856583_102.batch|19868731.batch|batch|COMPLETED|0:0|00:30:04
19856583_102.extern|19868731.extern|extern|COMPLETED|0:0|00:30:04
19856583_103|19868736|xcsp-parse-cop165-order-ge-cumext-20260526-c609ccd4-dirty-q10609-rerun1|COMPLETED|0:0|00:30:04
19856583_103.batch|19868736.batch|batch|COMPLETED|0:0|00:30:04
19856583_103.extern|19868736.extern|extern|COMPLETED|0:0|00:30:04
19856583_104|19868748|xcsp-parse-cop165-order-ge-cumext-20260526-c609ccd4-dirty-q10609-rerun1|COMPLETED|0:0|00:02:21
19856583_104.batch|19868748.batch|batch|COMPLETED|0:0|00:02:21
19856583_104.extern|19868748.extern|extern|COMPLETED|0:0|00:02:21
19856583_105|19868763|xcsp-parse-cop165-order-ge-cumext-20260526-c609ccd4-dirty-q10609-rerun1|COMPLETED|0:0|00:30:05
19856583_105.batch|19868763.batch|batch|COMPLETED|0:0|00:30:05
19856583_105.extern|19868763.extern|extern|COMPLETED|0:0|00:30:05
19856583_106|19868764|xcsp-parse-cop165-order-ge-cumext-20260526-c609ccd4-dirty-q10609-rerun1|COMPLETED|0:0|00:30:05
19856583_106.batch|19868764.batch|batch|COMPLETED|0:0|00:30:05
19856583_106.extern|19868764.extern|extern|COMPLETED|0:0|00:30:05
19856583_107|19868783|xcsp-parse-cop165-order-ge-cumext-20260526-c609ccd4-dirty-q10609-rerun1|COMPLETED|0:0|00:30:04
19856583_107.batch|19868783.batch|batch|COMPLETED|0:0|00:30:04
19856583_107.extern|19868783.extern|extern|COMPLETED|0:0|00:30:04
19856583_108|19868792|xcsp-parse-cop165-order-ge-cumext-20260526-c609ccd4-dirty-q10609-rerun1|COMPLETED|0:0|00:30:11
19856583_108.batch|19868792.batch|batch|COMPLETED|0:0|00:30:11
19856583_108.extern|19868792.extern|extern|COMPLETED|0:0|00:30:11
19856583_109|19868798|xcsp-parse-cop165-order-ge-cumext-20260526-c609ccd4-dirty-q10609-rerun1|COMPLETED|0:0|00:30:08
19856583_109.batch|19868798.batch|batch|COMPLETED|0:0|00:30:08
19856583_109.extern|19868798.extern|extern|COMPLETED|0:0|00:30:08
19856583_110|19868801|xcsp-parse-cop165-order-ge-cumext-20260526-c609ccd4-dirty-q10609-rerun1|COMPLETED|0:0|00:30:04
19856583_110.batch|19868801.batch|batch|COMPLETED|0:0|00:30:04
19856583_110.extern|19868801.extern|extern|COMPLETED|0:0|00:30:04
19856583_111|19868808|xcsp-parse-cop165-order-ge-cumext-20260526-c609ccd4-dirty-q10609-rerun1|COMPLETED|0:0|00:30:05
19856583_111.batch|19868808.batch|batch|COMPLETED|0:0|00:30:05
19856583_111.extern|19868808.extern|extern|COMPLETED|0:0|00:30:05
19856583_112|19868829|xcsp-parse-cop165-order-ge-cumext-20260526-c609ccd4-dirty-q10609-rerun1|COMPLETED|0:0|00:00:04
19856583_112.batch|19868829.batch|batch|COMPLETED|0:0|00:00:04
19856583_112.extern|19868829.extern|extern|COMPLETED|0:0|00:00:04
19856583_113|19868830|xcsp-parse-cop165-order-ge-cumext-20260526-c609ccd4-dirty-q10609-rerun1|COMPLETED|0:0|00:30:04
19856583_113.batch|19868830.batch|batch|COMPLETED|0:0|00:30:04
19856583_113.extern|19868830.extern|extern|COMPLETED|0:0|00:30:04
19856583_114|19868831|xcsp-parse-cop165-order-ge-cumext-20260526-c609ccd4-dirty-q10609-rerun1|COMPLETED|0:0|00:01:07
19856583_114.batch|19868831.batch|batch|COMPLETED|0:0|00:01:07
19856583_114.extern|19868831.extern|extern|COMPLETED|0:0|00:01:07
19856583_115|19868834|xcsp-parse-cop165-order-ge-cumext-20260526-c609ccd4-dirty-q10609-rerun1|COMPLETED|0:0|00:30:04
19856583_115.batch|19868834.batch|batch|COMPLETED|0:0|00:30:04
19856583_115.extern|19868834.extern|extern|COMPLETED|0:0|00:30:04
19856583_116|19868837|xcsp-parse-cop165-order-ge-cumext-20260526-c609ccd4-dirty-q10609-rerun1|COMPLETED|0:0|00:30:03
19856583_116.batch|19868837.batch|batch|COMPLETED|0:0|00:30:03
19856583_116.extern|19868837.extern|extern|COMPLETED|0:0|00:30:03
19856583_117|19868853|xcsp-parse-cop165-order-ge-cumext-20260526-c609ccd4-dirty-q10609-rerun1|COMPLETED|0:0|00:30:08
19856583_117.batch|19868853.batch|batch|COMPLETED|0:0|00:30:08
19856583_117.extern|19868853.extern|extern|COMPLETED|0:0|00:30:08
19856583_118|19868857|xcsp-parse-cop165-order-ge-cumext-20260526-c609ccd4-dirty-q10609-rerun1|COMPLETED|0:0|00:30:07
19856583_118.batch|19868857.batch|batch|COMPLETED|0:0|00:30:07
19856583_118.extern|19868857.extern|extern|COMPLETED|0:0|00:30:07
19856583_119|19868864|xcsp-parse-cop165-order-ge-cumext-20260526-c609ccd4-dirty-q10609-rerun1|COMPLETED|0:0|00:30:05
19856583_119.batch|19868864.batch|batch|COMPLETED|0:0|00:30:05
19856583_119.extern|19868864.extern|extern|COMPLETED|0:0|00:30:05
19856583_120|19868874|xcsp-parse-cop165-order-ge-cumext-20260526-c609ccd4-dirty-q10609-rerun1|COMPLETED|0:0|00:30:07
19856583_120.batch|19868874.batch|batch|COMPLETED|0:0|00:30:07
19856583_120.extern|19868874.extern|extern|COMPLETED|0:0|00:30:07
19856583_121|19868892|xcsp-parse-cop165-order-ge-cumext-20260526-c609ccd4-dirty-q10609-rerun1|COMPLETED|0:0|00:30:07
19856583_121.batch|19868892.batch|batch|COMPLETED|0:0|00:30:07
19856583_121.extern|19868892.extern|extern|COMPLETED|0:0|00:30:07
19856583_122|19868920|xcsp-parse-cop165-order-ge-cumext-20260526-c609ccd4-dirty-q10609-rerun1|COMPLETED|0:0|00:30:05
19856583_122.batch|19868920.batch|batch|COMPLETED|0:0|00:30:05
19856583_122.extern|19868920.extern|extern|COMPLETED|0:0|00:30:05
19856583_123|19868927|xcsp-parse-cop165-order-ge-cumext-20260526-c609ccd4-dirty-q10609-rerun1|COMPLETED|0:0|00:30:05
19856583_123.batch|19868927.batch|batch|COMPLETED|0:0|00:30:05
19856583_123.extern|19868927.extern|extern|COMPLETED|0:0|00:30:05
19856583_124|19868929|xcsp-parse-cop165-order-ge-cumext-20260526-c609ccd4-dirty-q10609-rerun1|COMPLETED|0:0|00:30:12
19856583_124.batch|19868929.batch|batch|COMPLETED|0:0|00:30:12
19856583_124.extern|19868929.extern|extern|COMPLETED|0:0|00:30:12
19856583_125|19868930|xcsp-parse-cop165-order-ge-cumext-20260526-c609ccd4-dirty-q10609-rerun1|COMPLETED|0:0|00:00:04
19856583_125.batch|19868930.batch|batch|COMPLETED|0:0|00:00:04
19856583_125.extern|19868930.extern|extern|COMPLETED|0:0|00:00:04
19856583_126|19868936|xcsp-parse-cop165-order-ge-cumext-20260526-c609ccd4-dirty-q10609-rerun1|COMPLETED|0:0|00:30:08
19856583_126.batch|19868936.batch|batch|COMPLETED|0:0|00:30:08
19856583_126.extern|19868936.extern|extern|COMPLETED|0:0|00:30:08
19856583_127|19868953|xcsp-parse-cop165-order-ge-cumext-20260526-c609ccd4-dirty-q10609-rerun1|OUT_OF_MEMORY|0:125|00:07:10
19856583_127.batch|19868953.batch|batch|OUT_OF_MEMORY|0:125|00:07:10
19856583_127.extern|19868953.extern|extern|OUT_OF_MEMORY|0:125|00:07:10
19856583_128|19868966|xcsp-parse-cop165-order-ge-cumext-20260526-c609ccd4-dirty-q10609-rerun1|COMPLETED|0:0|00:30:08
19856583_128.batch|19868966.batch|batch|COMPLETED|0:0|00:30:08
19856583_128.extern|19868966.extern|extern|COMPLETED|0:0|00:30:08
19856583_129|19868993|xcsp-parse-cop165-order-ge-cumext-20260526-c609ccd4-dirty-q10609-rerun1|COMPLETED|0:0|00:30:05
19856583_129.batch|19868993.batch|batch|COMPLETED|0:0|00:30:05
19856583_129.extern|19868993.extern|extern|COMPLETED|0:0|00:30:05
19856583_130|19869002|xcsp-parse-cop165-order-ge-cumext-20260526-c609ccd4-dirty-q10609-rerun1|COMPLETED|0:0|00:30:05
19856583_130.batch|19869002.batch|batch|COMPLETED|0:0|00:30:05
19856583_130.extern|19869002.extern|extern|COMPLETED|0:0|00:30:05
19856583_131|19869010|xcsp-parse-cop165-order-ge-cumext-20260526-c609ccd4-dirty-q10609-rerun1|COMPLETED|0:0|00:30:05
19856583_131.batch|19869010.batch|batch|COMPLETED|0:0|00:30:05
19856583_131.extern|19869010.extern|extern|COMPLETED|0:0|00:30:05
19856583_132|19869034|xcsp-parse-cop165-order-ge-cumext-20260526-c609ccd4-dirty-q10609-rerun1|OUT_OF_MEMORY|0:125|00:07:23
19856583_132.batch|19869034.batch|batch|OUT_OF_MEMORY|0:125|00:07:23
19856583_132.extern|19869034.extern|extern|OUT_OF_MEMORY|0:125|00:07:23
19856583_133|19869071|xcsp-parse-cop165-order-ge-cumext-20260526-c609ccd4-dirty-q10609-rerun1|OUT_OF_MEMORY|0:125|00:08:04
19856583_133.batch|19869071.batch|batch|OUT_OF_MEMORY|0:125|00:08:04
19856583_133.extern|19869071.extern|extern|OUT_OF_MEMORY|0:125|00:08:04
19856583_134|19869082|xcsp-parse-cop165-order-ge-cumext-20260526-c609ccd4-dirty-q10609-rerun1|COMPLETED|0:0|00:30:04
19856583_134.batch|19869082.batch|batch|COMPLETED|0:0|00:30:04
19856583_134.extern|19869082.extern|extern|COMPLETED|0:0|00:30:04
19856583_135|19869094|xcsp-parse-cop165-order-ge-cumext-20260526-c609ccd4-dirty-q10609-rerun1|COMPLETED|0:0|00:30:04
19856583_135.batch|19869094.batch|batch|COMPLETED|0:0|00:30:04
19856583_135.extern|19869094.extern|extern|COMPLETED|0:0|00:30:04
19856583_136|19869102|xcsp-parse-cop165-order-ge-cumext-20260526-c609ccd4-dirty-q10609-rerun1|OUT_OF_MEMORY|0:125|00:07:17
19856583_136.batch|19869102.batch|batch|OUT_OF_MEMORY|0:125|00:07:17
19856583_136.extern|19869102.extern|extern|OUT_OF_MEMORY|0:125|00:07:17
19856583_137|19869176|xcsp-parse-cop165-order-ge-cumext-20260526-c609ccd4-dirty-q10609-rerun1|COMPLETED|0:0|00:30:06
19856583_137.batch|19869176.batch|batch|COMPLETED|0:0|00:30:06
19856583_137.extern|19869176.extern|extern|COMPLETED|0:0|00:30:06
19856583_138|19869194|xcsp-parse-cop165-order-ge-cumext-20260526-c609ccd4-dirty-q10609-rerun1|COMPLETED|0:0|00:30:05
19856583_138.batch|19869194.batch|batch|COMPLETED|0:0|00:30:05
19856583_138.extern|19869194.extern|extern|COMPLETED|0:0|00:30:05
19856583_139|19869238|xcsp-parse-cop165-order-ge-cumext-20260526-c609ccd4-dirty-q10609-rerun1|COMPLETED|0:0|00:30:04
19856583_139.batch|19869238.batch|batch|COMPLETED|0:0|00:30:04
19856583_139.extern|19869238.extern|extern|COMPLETED|0:0|00:30:04
19856583_140|19869289|xcsp-parse-cop165-order-ge-cumext-20260526-c609ccd4-dirty-q10609-rerun1|COMPLETED|0:0|00:30:05
19856583_140.batch|19869289.batch|batch|COMPLETED|0:0|00:30:05
19856583_140.extern|19869289.extern|extern|COMPLETED|0:0|00:30:05
19856583_141|19869295|xcsp-parse-cop165-order-ge-cumext-20260526-c609ccd4-dirty-q10609-rerun1|COMPLETED|0:0|00:30:06
19856583_141.batch|19869295.batch|batch|COMPLETED|0:0|00:30:06
19856583_141.extern|19869295.extern|extern|COMPLETED|0:0|00:30:06
19856583_142|19869306|xcsp-parse-cop165-order-ge-cumext-20260526-c609ccd4-dirty-q10609-rerun1|COMPLETED|0:0|00:30:04
19856583_142.batch|19869306.batch|batch|COMPLETED|0:0|00:30:04
19856583_142.extern|19869306.extern|extern|COMPLETED|0:0|00:30:04
19856583_143|19869344|xcsp-parse-cop165-order-ge-cumext-20260526-c609ccd4-dirty-q10609-rerun1|COMPLETED|0:0|00:30:05
19856583_143.batch|19869344.batch|batch|COMPLETED|0:0|00:30:05
19856583_143.extern|19869344.extern|extern|COMPLETED|0:0|00:30:05
19856583_144|19869366|xcsp-parse-cop165-order-ge-cumext-20260526-c609ccd4-dirty-q10609-rerun1|COMPLETED|0:0|00:30:04
19856583_144.batch|19869366.batch|batch|COMPLETED|0:0|00:30:04
19856583_144.extern|19869366.extern|extern|COMPLETED|0:0|00:30:04
19856583_145|19869367|xcsp-parse-cop165-order-ge-cumext-20260526-c609ccd4-dirty-q10609-rerun1|COMPLETED|0:0|00:30:04
19856583_145.batch|19869367.batch|batch|COMPLETED|0:0|00:30:04
19856583_145.extern|19869367.extern|extern|COMPLETED|0:0|00:30:04
19856583_146|19869408|xcsp-parse-cop165-order-ge-cumext-20260526-c609ccd4-dirty-q10609-rerun1|COMPLETED|0:0|00:30:05
19856583_146.batch|19869408.batch|batch|COMPLETED|0:0|00:30:05
19856583_146.extern|19869408.extern|extern|COMPLETED|0:0|00:30:05
19856583_147|19869426|xcsp-parse-cop165-order-ge-cumext-20260526-c609ccd4-dirty-q10609-rerun1|COMPLETED|0:0|00:30:05
19856583_147.batch|19869426.batch|batch|COMPLETED|0:0|00:30:05
19856583_147.extern|19869426.extern|extern|COMPLETED|0:0|00:30:05
19856583_148|19869427|xcsp-parse-cop165-order-ge-cumext-20260526-c609ccd4-dirty-q10609-rerun1|COMPLETED|0:0|00:00:04
19856583_148.batch|19869427.batch|batch|COMPLETED|0:0|00:00:04
19856583_148.extern|19869427.extern|extern|COMPLETED|0:0|00:00:04
19856583_149|19869436|xcsp-parse-cop165-order-ge-cumext-20260526-c609ccd4-dirty-q10609-rerun1|OUT_OF_MEMORY|0:125|00:07:47
19856583_149.batch|19869436.batch|batch|OUT_OF_MEMORY|0:125|00:07:47
19856583_149.extern|19869436.extern|extern|OUT_OF_MEMORY|0:125|00:07:47
19856583_150|19869440|xcsp-parse-cop165-order-ge-cumext-20260526-c609ccd4-dirty-q10609-rerun1|OUT_OF_MEMORY|0:125|00:08:06
19856583_150.batch|19869440.batch|batch|OUT_OF_MEMORY|0:125|00:08:06
19856583_150.extern|19869440.extern|extern|OUT_OF_MEMORY|0:125|00:08:06
19856583_151|19869450|xcsp-parse-cop165-order-ge-cumext-20260526-c609ccd4-dirty-q10609-rerun1|COMPLETED|0:0|00:30:04
19856583_151.batch|19869450.batch|batch|COMPLETED|0:0|00:30:04
19856583_151.extern|19869450.extern|extern|COMPLETED|0:0|00:30:04
19856583_152|19869505|xcsp-parse-cop165-order-ge-cumext-20260526-c609ccd4-dirty-q10609-rerun1|COMPLETED|0:0|00:30:05
19856583_152.batch|19869505.batch|batch|COMPLETED|0:0|00:30:05
19856583_152.extern|19869505.extern|extern|COMPLETED|0:0|00:30:05
19856583_153|19869523|xcsp-parse-cop165-order-ge-cumext-20260526-c609ccd4-dirty-q10609-rerun1|COMPLETED|0:0|00:30:05
19856583_153.batch|19869523.batch|batch|COMPLETED|0:0|00:30:05
19856583_153.extern|19869523.extern|extern|COMPLETED|0:0|00:30:05
19856583_154|19869545|xcsp-parse-cop165-order-ge-cumext-20260526-c609ccd4-dirty-q10609-rerun1|OUT_OF_MEMORY|0:125|00:07:31
19856583_154.batch|19869545.batch|batch|OUT_OF_MEMORY|0:125|00:07:31
19856583_154.extern|19869545.extern|extern|OUT_OF_MEMORY|0:125|00:07:31
19856583_155|19869556|xcsp-parse-cop165-order-ge-cumext-20260526-c609ccd4-dirty-q10609-rerun1|COMPLETED|0:0|00:00:06
19856583_155.batch|19869556.batch|batch|COMPLETED|0:0|00:00:06
19856583_155.extern|19869556.extern|extern|COMPLETED|0:0|00:00:06
19856583_156|19869559|xcsp-parse-cop165-order-ge-cumext-20260526-c609ccd4-dirty-q10609-rerun1|OUT_OF_MEMORY|0:125|00:07:04
19856583_156.batch|19869559.batch|batch|OUT_OF_MEMORY|0:125|00:07:04
19856583_156.extern|19869559.extern|extern|OUT_OF_MEMORY|0:125|00:07:04
19856583_157|19869573|xcsp-parse-cop165-order-ge-cumext-20260526-c609ccd4-dirty-q10609-rerun1|OUT_OF_MEMORY|0:125|00:09:31
19856583_157.batch|19869573.batch|batch|OUT_OF_MEMORY|0:125|00:09:31
19856583_157.extern|19869573.extern|extern|OUT_OF_MEMORY|0:125|00:09:31
19856583_158|19869575|xcsp-parse-cop165-order-ge-cumext-20260526-c609ccd4-dirty-q10609-rerun1|COMPLETED|0:0|00:00:04
19856583_158.batch|19869575.batch|batch|COMPLETED|0:0|00:00:04
19856583_158.extern|19869575.extern|extern|COMPLETED|0:0|00:00:04
19856583_159|19869577|xcsp-parse-cop165-order-ge-cumext-20260526-c609ccd4-dirty-q10609-rerun1|COMPLETED|0:0|00:30:05
19856583_159.batch|19869577.batch|batch|COMPLETED|0:0|00:30:05
19856583_159.extern|19869577.extern|extern|COMPLETED|0:0|00:30:05
19856583_160|19869588|xcsp-parse-cop165-order-ge-cumext-20260526-c609ccd4-dirty-q10609-rerun1|COMPLETED|0:0|00:30:04
19856583_160.batch|19869588.batch|batch|COMPLETED|0:0|00:30:04
19856583_160.extern|19869588.extern|extern|COMPLETED|0:0|00:30:04
19856583_161|19869626|xcsp-parse-cop165-order-ge-cumext-20260526-c609ccd4-dirty-q10609-rerun1|COMPLETED|0:0|00:30:06
19856583_161.batch|19869626.batch|batch|COMPLETED|0:0|00:30:06
19856583_161.extern|19869626.extern|extern|COMPLETED|0:0|00:30:06
19856583_162|19869645|xcsp-parse-cop165-order-ge-cumext-20260526-c609ccd4-dirty-q10609-rerun1|COMPLETED|0:0|00:30:06
19856583_162.batch|19869645.batch|batch|COMPLETED|0:0|00:30:06
19856583_162.extern|19869645.extern|extern|COMPLETED|0:0|00:30:06
19856583_163|19869650|xcsp-parse-cop165-order-ge-cumext-20260526-c609ccd4-dirty-q10609-rerun1|COMPLETED|0:0|00:30:07
19856583_163.batch|19869650.batch|batch|COMPLETED|0:0|00:30:07
19856583_163.extern|19869650.extern|extern|COMPLETED|0:0|00:30:07
19856583_164|19869658|xcsp-parse-cop165-order-ge-cumext-20260526-c609ccd4-dirty-q10609-rerun1|COMPLETED|0:0|00:00:04
19856583_164.batch|19869658.batch|batch|COMPLETED|0:0|00:00:04
19856583_164.extern|19869658.extern|extern|COMPLETED|0:0|00:00:04
19856583_165|19856583|xcsp-parse-cop165-order-ge-cumext-20260526-c609ccd4-dirty-q10609-rerun1|COMPLETED|0:0|00:30:05
19856583_165.batch|19856583.batch|batch|COMPLETED|0:0|00:30:05
19856583_165.extern|19856583.extern|extern|COMPLETED|0:0|00:30:05
19856905_1|19869667|xcsp-parse-cop165-log-scop-time-rd-20260526-c609ccd4-dirty-q10609-rerun1|COMPLETED|0:0|00:30:07
19856905_1.batch|19869667.batch|batch|COMPLETED|0:0|00:30:07
19856905_1.extern|19869667.extern|extern|COMPLETED|0:0|00:30:07
19856905_2|19869668|xcsp-parse-cop165-log-scop-time-rd-20260526-c609ccd4-dirty-q10609-rerun1|COMPLETED|0:0|00:00:10
19856905_2.batch|19869668.batch|batch|COMPLETED|0:0|00:00:10
19856905_2.extern|19869668.extern|extern|COMPLETED|0:0|00:00:12
19856905_3|19869672|xcsp-parse-cop165-log-scop-time-rd-20260526-c609ccd4-dirty-q10609-rerun1|COMPLETED|0:0|00:00:04
19856905_3.batch|19869672.batch|batch|COMPLETED|0:0|00:00:04
19856905_3.extern|19869672.extern|extern|COMPLETED|0:0|00:00:04
19856905_4|19869674|xcsp-parse-cop165-log-scop-time-rd-20260526-c609ccd4-dirty-q10609-rerun1|COMPLETED|0:0|00:30:08
19856905_4.batch|19869674.batch|batch|COMPLETED|0:0|00:30:08
19856905_4.extern|19869674.extern|extern|COMPLETED|0:0|00:30:08
19856905_5|19869675|xcsp-parse-cop165-log-scop-time-rd-20260526-c609ccd4-dirty-q10609-rerun1|COMPLETED|0:0|00:30:04
19856905_5.batch|19869675.batch|batch|COMPLETED|0:0|00:30:04
19856905_5.extern|19869675.extern|extern|COMPLETED|0:0|00:30:04
19856905_6|19869719|xcsp-parse-cop165-log-scop-time-rd-20260526-c609ccd4-dirty-q10609-rerun1|COMPLETED|0:0|00:01:39
19856905_6.batch|19869719.batch|batch|COMPLETED|0:0|00:01:39
19856905_6.extern|19869719.extern|extern|COMPLETED|0:0|00:01:39
19856905_7|19869721|xcsp-parse-cop165-log-scop-time-rd-20260526-c609ccd4-dirty-q10609-rerun1|COMPLETED|0:0|00:05:44
19856905_7.batch|19869721.batch|batch|COMPLETED|0:0|00:05:44
19856905_7.extern|19869721.extern|extern|COMPLETED|0:0|00:05:44
19856905_8|19869724|xcsp-parse-cop165-log-scop-time-rd-20260526-c609ccd4-dirty-q10609-rerun1|COMPLETED|0:0|00:05:28
19856905_8.batch|19869724.batch|batch|COMPLETED|0:0|00:05:28
19856905_8.extern|19869724.extern|extern|COMPLETED|0:0|00:05:28
19856905_9|19869736|xcsp-parse-cop165-log-scop-time-rd-20260526-c609ccd4-dirty-q10609-rerun1|COMPLETED|0:0|00:01:55
19856905_9.batch|19869736.batch|batch|COMPLETED|0:0|00:01:55
19856905_9.extern|19869736.extern|extern|COMPLETED|0:0|00:01:55
19856905_10|19869751|xcsp-parse-cop165-log-scop-time-rd-20260526-c609ccd4-dirty-q10609-rerun1|COMPLETED|0:0|00:01:17
19856905_10.batch|19869751.batch|batch|COMPLETED|0:0|00:01:17
19856905_10.extern|19869751.extern|extern|COMPLETED|0:0|00:01:17
19856905_11|19869754|xcsp-parse-cop165-log-scop-time-rd-20260526-c609ccd4-dirty-q10609-rerun1|COMPLETED|0:0|00:01:45
19856905_11.batch|19869754.batch|batch|COMPLETED|0:0|00:01:45
19856905_11.extern|19869754.extern|extern|COMPLETED|0:0|00:01:45
19856905_12|19869769|xcsp-parse-cop165-log-scop-time-rd-20260526-c609ccd4-dirty-q10609-rerun1|COMPLETED|0:0|00:01:35
19856905_12.batch|19869769.batch|batch|COMPLETED|0:0|00:01:35
19856905_12.extern|19869769.extern|extern|COMPLETED|0:0|00:01:35
19856905_13|19869772|xcsp-parse-cop165-log-scop-time-rd-20260526-c609ccd4-dirty-q10609-rerun1|COMPLETED|0:0|00:04:15
19856905_13.batch|19869772.batch|batch|COMPLETED|0:0|00:04:15
19856905_13.extern|19869772.extern|extern|COMPLETED|0:0|00:04:15
19856905_14|19869773|xcsp-parse-cop165-log-scop-time-rd-20260526-c609ccd4-dirty-q10609-rerun1|COMPLETED|0:0|00:01:24
19856905_14.batch|19869773.batch|batch|COMPLETED|0:0|00:01:24
19856905_14.extern|19869773.extern|extern|COMPLETED|0:0|00:01:24
19856905_15|19869774|xcsp-parse-cop165-log-scop-time-rd-20260526-c609ccd4-dirty-q10609-rerun1|COMPLETED|0:0|00:01:41
19856905_15.batch|19869774.batch|batch|COMPLETED|0:0|00:01:41
19856905_15.extern|19869774.extern|extern|COMPLETED|0:0|00:01:41
19856905_16|19869791|xcsp-parse-cop165-log-scop-time-rd-20260526-c609ccd4-dirty-q10609-rerun1|COMPLETED|0:0|00:01:27
19856905_16.batch|19869791.batch|batch|COMPLETED|0:0|00:01:27
19856905_16.extern|19869791.extern|extern|COMPLETED|0:0|00:01:27
19856905_17|19869796|xcsp-parse-cop165-log-scop-time-rd-20260526-c609ccd4-dirty-q10609-rerun1|COMPLETED|0:0|00:01:29
19856905_17.batch|19869796.batch|batch|COMPLETED|0:0|00:01:29
19856905_17.extern|19869796.extern|extern|COMPLETED|0:0|00:01:29
19856905_18|19869804|xcsp-parse-cop165-log-scop-time-rd-20260526-c609ccd4-dirty-q10609-rerun1|COMPLETED|0:0|00:01:42
19856905_18.batch|19869804.batch|batch|COMPLETED|0:0|00:01:42
19856905_18.extern|19869804.extern|extern|COMPLETED|0:0|00:01:42
19856905_19|19869806|xcsp-parse-cop165-log-scop-time-rd-20260526-c609ccd4-dirty-q10609-rerun1|COMPLETED|0:0|00:01:40
19856905_19.batch|19869806.batch|batch|COMPLETED|0:0|00:01:40
19856905_19.extern|19869806.extern|extern|COMPLETED|0:0|00:01:40
19856905_20|19869832|xcsp-parse-cop165-log-scop-time-rd-20260526-c609ccd4-dirty-q10609-rerun1|COMPLETED|0:0|00:00:16
19856905_20.batch|19869832.batch|batch|COMPLETED|0:0|00:00:16
19856905_20.extern|19869832.extern|extern|COMPLETED|0:0|00:00:16
19856905_21|19869836|xcsp-parse-cop165-log-scop-time-rd-20260526-c609ccd4-dirty-q10609-rerun1|COMPLETED|0:0|00:00:12
19856905_21.batch|19869836.batch|batch|COMPLETED|0:0|00:00:12
19856905_21.extern|19869836.extern|extern|COMPLETED|0:0|00:00:12
19856905_22|19869843|xcsp-parse-cop165-log-scop-time-rd-20260526-c609ccd4-dirty-q10609-rerun1|COMPLETED|0:0|00:01:13
19856905_22.batch|19869843.batch|batch|COMPLETED|0:0|00:01:13
19856905_22.extern|19869843.extern|extern|COMPLETED|0:0|00:01:13
19856905_23|19869847|xcsp-parse-cop165-log-scop-time-rd-20260526-c609ccd4-dirty-q10609-rerun1|COMPLETED|0:0|00:02:15
19856905_23.batch|19869847.batch|batch|COMPLETED|0:0|00:02:15
19856905_23.extern|19869847.extern|extern|COMPLETED|0:0|00:02:15
19856905_24|19869851|xcsp-parse-cop165-log-scop-time-rd-20260526-c609ccd4-dirty-q10609-rerun1|COMPLETED|0:0|00:30:05
19856905_24.batch|19869851.batch|batch|COMPLETED|0:0|00:30:05
19856905_24.extern|19869851.extern|extern|COMPLETED|0:0|00:30:05
19856905_25|19869853|xcsp-parse-cop165-log-scop-time-rd-20260526-c609ccd4-dirty-q10609-rerun1|COMPLETED|0:0|00:04:51
19856905_25.batch|19869853.batch|batch|COMPLETED|0:0|00:04:51
19856905_25.extern|19869853.extern|extern|COMPLETED|0:0|00:04:51
19856905_26|19869862|xcsp-parse-cop165-log-scop-time-rd-20260526-c609ccd4-dirty-q10609-rerun1|COMPLETED|0:0|00:30:06
19856905_26.batch|19869862.batch|batch|COMPLETED|0:0|00:30:06
19856905_26.extern|19869862.extern|extern|COMPLETED|0:0|00:30:06
19856905_27|19869873|xcsp-parse-cop165-log-scop-time-rd-20260526-c609ccd4-dirty-q10609-rerun1|COMPLETED|0:0|00:09:38
19856905_27.batch|19869873.batch|batch|COMPLETED|0:0|00:09:38
19856905_27.extern|19869873.extern|extern|COMPLETED|0:0|00:09:38
19856905_28|19869881|xcsp-parse-cop165-log-scop-time-rd-20260526-c609ccd4-dirty-q10609-rerun1|COMPLETED|0:0|00:30:03
19856905_28.batch|19869881.batch|batch|COMPLETED|0:0|00:30:03
19856905_28.extern|19869881.extern|extern|COMPLETED|0:0|00:30:03
19856905_29|19869892|xcsp-parse-cop165-log-scop-time-rd-20260526-c609ccd4-dirty-q10609-rerun1|COMPLETED|0:0|00:30:04
19856905_29.batch|19869892.batch|batch|COMPLETED|0:0|00:30:04
19856905_29.extern|19869892.extern|extern|COMPLETED|0:0|00:30:04
19856905_30|19869895|xcsp-parse-cop165-log-scop-time-rd-20260526-c609ccd4-dirty-q10609-rerun1|COMPLETED|0:0|00:30:04
19856905_30.batch|19869895.batch|batch|COMPLETED|0:0|00:30:04
19856905_30.extern|19869895.extern|extern|COMPLETED|0:0|00:30:04
19856905_31|19869909|xcsp-parse-cop165-log-scop-time-rd-20260526-c609ccd4-dirty-q10609-rerun1|COMPLETED|0:0|00:30:08
19856905_31.batch|19869909.batch|batch|COMPLETED|0:0|00:30:08
19856905_31.extern|19869909.extern|extern|COMPLETED|0:0|00:30:08
19856905_32|19869910|xcsp-parse-cop165-log-scop-time-rd-20260526-c609ccd4-dirty-q10609-rerun1|COMPLETED|0:0|00:16:53
19856905_32.batch|19869910.batch|batch|COMPLETED|0:0|00:16:53
19856905_32.extern|19869910.extern|extern|COMPLETED|0:0|00:16:54
19856905_33|19869954|xcsp-parse-cop165-log-scop-time-rd-20260526-c609ccd4-dirty-q10609-rerun1|COMPLETED|0:0|00:10:51
19856905_33.batch|19869954.batch|batch|COMPLETED|0:0|00:10:51
19856905_33.extern|19869954.extern|extern|COMPLETED|0:0|00:10:51
19856905_34|19869978|xcsp-parse-cop165-log-scop-time-rd-20260526-c609ccd4-dirty-q10609-rerun1|COMPLETED|0:0|00:12:56
19856905_34.batch|19869978.batch|batch|COMPLETED|0:0|00:12:56
19856905_34.extern|19869978.extern|extern|COMPLETED|0:0|00:12:56
19856905_35|19870001|xcsp-parse-cop165-log-scop-time-rd-20260526-c609ccd4-dirty-q10609-rerun1|COMPLETED|0:0|00:30:04
19856905_35.batch|19870001.batch|batch|COMPLETED|0:0|00:30:04
19856905_35.extern|19870001.extern|extern|COMPLETED|0:0|00:30:04
19856905_36|19870055|xcsp-parse-cop165-log-scop-time-rd-20260526-c609ccd4-dirty-q10609-rerun1|COMPLETED|0:0|00:08:38
19856905_36.batch|19870055.batch|batch|COMPLETED|0:0|00:08:38
19856905_36.extern|19870055.extern|extern|COMPLETED|0:0|00:08:38
19856905_37|19870063|xcsp-parse-cop165-log-scop-time-rd-20260526-c609ccd4-dirty-q10609-rerun1|COMPLETED|0:0|00:05:41
19856905_37.batch|19870063.batch|batch|COMPLETED|0:0|00:05:41
19856905_37.extern|19870063.extern|extern|COMPLETED|0:0|00:05:41
19856905_38|19870067|xcsp-parse-cop165-log-scop-time-rd-20260526-c609ccd4-dirty-q10609-rerun1|COMPLETED|0:0|00:11:45
19856905_38.batch|19870067.batch|batch|COMPLETED|0:0|00:11:45
19856905_38.extern|19870067.extern|extern|COMPLETED|0:0|00:11:45
19856905_39|19870120|xcsp-parse-cop165-log-scop-time-rd-20260526-c609ccd4-dirty-q10609-rerun1|COMPLETED|0:0|00:13:21
19856905_39.batch|19870120.batch|batch|COMPLETED|0:0|00:13:21
19856905_39.extern|19870120.extern|extern|COMPLETED|0:0|00:13:21
19856905_40|19870143|xcsp-parse-cop165-log-scop-time-rd-20260526-c609ccd4-dirty-q10609-rerun1|COMPLETED|0:0|00:15:13
19856905_40.batch|19870143.batch|batch|COMPLETED|0:0|00:15:13
19856905_40.extern|19870143.extern|extern|COMPLETED|0:0|00:15:13
19856905_41|19870152|xcsp-parse-cop165-log-scop-time-rd-20260526-c609ccd4-dirty-q10609-rerun1|COMPLETED|0:0|00:19:03
19856905_41.batch|19870152.batch|batch|COMPLETED|0:0|00:19:03
19856905_41.extern|19870152.extern|extern|COMPLETED|0:0|00:19:03
19856905_42|19870153|xcsp-parse-cop165-log-scop-time-rd-20260526-c609ccd4-dirty-q10609-rerun1|COMPLETED|0:0|00:09:13
19856905_42.batch|19870153.batch|batch|COMPLETED|0:0|00:09:13
19856905_42.extern|19870153.extern|extern|COMPLETED|0:0|00:09:13
19856905_43|19870155|xcsp-parse-cop165-log-scop-time-rd-20260526-c609ccd4-dirty-q10609-rerun1|COMPLETED|0:0|00:30:05
19856905_43.batch|19870155.batch|batch|COMPLETED|0:0|00:30:05
19856905_43.extern|19870155.extern|extern|COMPLETED|0:0|00:30:05
19856905_44|19870201|xcsp-parse-cop165-log-scop-time-rd-20260526-c609ccd4-dirty-q10609-rerun1|COMPLETED|0:0|00:05:21
19856905_44.batch|19870201.batch|batch|COMPLETED|0:0|00:05:21
19856905_44.extern|19870201.extern|extern|COMPLETED|0:0|00:05:21
19856905_45|19870237|xcsp-parse-cop165-log-scop-time-rd-20260526-c609ccd4-dirty-q10609-rerun1|COMPLETED|0:0|00:10:56
19856905_45.batch|19870237.batch|batch|COMPLETED|0:0|00:10:56
19856905_45.extern|19870237.extern|extern|COMPLETED|0:0|00:10:56
19856905_46|19870246|xcsp-parse-cop165-log-scop-time-rd-20260526-c609ccd4-dirty-q10609-rerun1|COMPLETED|0:0|00:30:04
19856905_46.batch|19870246.batch|batch|COMPLETED|0:0|00:30:04
19856905_46.extern|19870246.extern|extern|COMPLETED|0:0|00:30:04
19856905_47|19870248|xcsp-parse-cop165-log-scop-time-rd-20260526-c609ccd4-dirty-q10609-rerun1|COMPLETED|0:0|00:30:04
19856905_47.batch|19870248.batch|batch|COMPLETED|0:0|00:30:04
19856905_47.extern|19870248.extern|extern|COMPLETED|0:0|00:30:04
19856905_48|19870280|xcsp-parse-cop165-log-scop-time-rd-20260526-c609ccd4-dirty-q10609-rerun1|COMPLETED|0:0|00:30:03
19856905_48.batch|19870280.batch|batch|COMPLETED|0:0|00:30:03
19856905_48.extern|19870280.extern|extern|COMPLETED|0:0|00:30:05
19856905_49|19870283|xcsp-parse-cop165-log-scop-time-rd-20260526-c609ccd4-dirty-q10609-rerun1|COMPLETED|0:0|00:30:05
19856905_49.batch|19870283.batch|batch|COMPLETED|0:0|00:30:05
19856905_49.extern|19870283.extern|extern|COMPLETED|0:0|00:30:05
19856905_50|19870293|xcsp-parse-cop165-log-scop-time-rd-20260526-c609ccd4-dirty-q10609-rerun1|COMPLETED|0:0|00:30:04
19856905_50.batch|19870293.batch|batch|COMPLETED|0:0|00:30:04
19856905_50.extern|19870293.extern|extern|COMPLETED|0:0|00:30:04
19856905_51|19870295|xcsp-parse-cop165-log-scop-time-rd-20260526-c609ccd4-dirty-q10609-rerun1|COMPLETED|0:0|00:30:08
19856905_51.batch|19870295.batch|batch|COMPLETED|0:0|00:30:08
19856905_51.extern|19870295.extern|extern|COMPLETED|0:0|00:30:08
19856905_52|19870308|xcsp-parse-cop165-log-scop-time-rd-20260526-c609ccd4-dirty-q10609-rerun1|COMPLETED|0:0|00:02:40
19856905_52.batch|19870308.batch|batch|COMPLETED|0:0|00:02:40
19856905_52.extern|19870308.extern|extern|COMPLETED|0:0|00:02:40
19856905_53|19870324|xcsp-parse-cop165-log-scop-time-rd-20260526-c609ccd4-dirty-q10609-rerun1|COMPLETED|0:0|00:11:49
19856905_53.batch|19870324.batch|batch|COMPLETED|0:0|00:11:49
19856905_53.extern|19870324.extern|extern|COMPLETED|0:0|00:11:49
19856905_54|19870335|xcsp-parse-cop165-log-scop-time-rd-20260526-c609ccd4-dirty-q10609-rerun1|COMPLETED|0:0|00:12:30
19856905_54.batch|19870335.batch|batch|COMPLETED|0:0|00:12:30
19856905_54.extern|19870335.extern|extern|COMPLETED|0:0|00:12:30
19856905_55|19870337|xcsp-parse-cop165-log-scop-time-rd-20260526-c609ccd4-dirty-q10609-rerun1|COMPLETED|0:0|00:01:14
19856905_55.batch|19870337.batch|batch|COMPLETED|0:0|00:01:14
19856905_55.extern|19870337.extern|extern|COMPLETED|0:0|00:01:14
19856905_56|19870345|xcsp-parse-cop165-log-scop-time-rd-20260526-c609ccd4-dirty-q10609-rerun1|COMPLETED|0:0|00:30:06
19856905_56.batch|19870345.batch|batch|COMPLETED|0:0|00:30:06
19856905_56.extern|19870345.extern|extern|COMPLETED|0:0|00:30:06
19856905_57|19870348|xcsp-parse-cop165-log-scop-time-rd-20260526-c609ccd4-dirty-q10609-rerun1|COMPLETED|0:0|00:03:09
19856905_57.batch|19870348.batch|batch|COMPLETED|0:0|00:03:09
19856905_57.extern|19870348.extern|extern|COMPLETED|0:0|00:03:09
19856905_58|19870350|xcsp-parse-cop165-log-scop-time-rd-20260526-c609ccd4-dirty-q10609-rerun1|COMPLETED|0:0|00:03:47
19856905_58.batch|19870350.batch|batch|COMPLETED|0:0|00:03:47
19856905_58.extern|19870350.extern|extern|COMPLETED|0:0|00:03:47
19856905_59|19870358|xcsp-parse-cop165-log-scop-time-rd-20260526-c609ccd4-dirty-q10609-rerun1|COMPLETED|0:0|00:30:05
19856905_59.batch|19870358.batch|batch|COMPLETED|0:0|00:30:05
19856905_59.extern|19870358.extern|extern|COMPLETED|0:0|00:30:05
19856905_60|19870361|xcsp-parse-cop165-log-scop-time-rd-20260526-c609ccd4-dirty-q10609-rerun1|COMPLETED|0:0|00:30:05
19856905_60.batch|19870361.batch|batch|COMPLETED|0:0|00:30:05
19856905_60.extern|19870361.extern|extern|COMPLETED|0:0|00:30:05
19856905_61|19870364|xcsp-parse-cop165-log-scop-time-rd-20260526-c609ccd4-dirty-q10609-rerun1|COMPLETED|0:0|00:30:03
19856905_61.batch|19870364.batch|batch|COMPLETED|0:0|00:30:03
19856905_61.extern|19870364.extern|extern|COMPLETED|0:0|00:30:03
19856905_62|19870371|xcsp-parse-cop165-log-scop-time-rd-20260526-c609ccd4-dirty-q10609-rerun1|COMPLETED|0:0|00:30:03
19856905_62.batch|19870371.batch|batch|COMPLETED|0:0|00:30:03
19856905_62.extern|19870371.extern|extern|COMPLETED|0:0|00:30:03
19856905_63|19870381|xcsp-parse-cop165-log-scop-time-rd-20260526-c609ccd4-dirty-q10609-rerun1|COMPLETED|0:0|00:30:04
19856905_63.batch|19870381.batch|batch|COMPLETED|0:0|00:30:04
19856905_63.extern|19870381.extern|extern|COMPLETED|0:0|00:30:04
19856905_64|19870382|xcsp-parse-cop165-log-scop-time-rd-20260526-c609ccd4-dirty-q10609-rerun1|COMPLETED|0:0|00:30:03
19856905_64.batch|19870382.batch|batch|COMPLETED|0:0|00:30:03
19856905_64.extern|19870382.extern|extern|COMPLETED|0:0|00:30:03
19856905_65|19870389|xcsp-parse-cop165-log-scop-time-rd-20260526-c609ccd4-dirty-q10609-rerun1|COMPLETED|0:0|00:30:04
19856905_65.batch|19870389.batch|batch|COMPLETED|0:0|00:30:04
19856905_65.extern|19870389.extern|extern|COMPLETED|0:0|00:30:04
19856905_66|19870391|xcsp-parse-cop165-log-scop-time-rd-20260526-c609ccd4-dirty-q10609-rerun1|COMPLETED|0:0|00:21:56
19856905_66.batch|19870391.batch|batch|COMPLETED|0:0|00:21:56
19856905_66.extern|19870391.extern|extern|COMPLETED|0:0|00:21:56
19856905_67|19870396|xcsp-parse-cop165-log-scop-time-rd-20260526-c609ccd4-dirty-q10609-rerun1|COMPLETED|0:0|00:30:04
19856905_67.batch|19870396.batch|batch|COMPLETED|0:0|00:30:04
19856905_67.extern|19870396.extern|extern|COMPLETED|0:0|00:30:04
19856905_68|19870397|xcsp-parse-cop165-log-scop-time-rd-20260526-c609ccd4-dirty-q10609-rerun1|COMPLETED|0:0|00:30:04
19856905_68.batch|19870397.batch|batch|COMPLETED|0:0|00:30:04
19856905_68.extern|19870397.extern|extern|COMPLETED|0:0|00:30:04
19856905_69|19870405|xcsp-parse-cop165-log-scop-time-rd-20260526-c609ccd4-dirty-q10609-rerun1|COMPLETED|0:0|00:30:04
19856905_69.batch|19870405.batch|batch|COMPLETED|0:0|00:30:04
19856905_69.extern|19870405.extern|extern|COMPLETED|0:0|00:30:04
19856905_70|19870416|xcsp-parse-cop165-log-scop-time-rd-20260526-c609ccd4-dirty-q10609-rerun1|COMPLETED|0:0|00:08:34
19856905_70.batch|19870416.batch|batch|COMPLETED|0:0|00:08:34
19856905_70.extern|19870416.extern|extern|COMPLETED|0:0|00:08:34
19856905_71|19870418|xcsp-parse-cop165-log-scop-time-rd-20260526-c609ccd4-dirty-q10609-rerun1|COMPLETED|0:0|00:30:04
19856905_71.batch|19870418.batch|batch|COMPLETED|0:0|00:30:04
19856905_71.extern|19870418.extern|extern|COMPLETED|0:0|00:30:04
19856905_72|19870491|xcsp-parse-cop165-log-scop-time-rd-20260526-c609ccd4-dirty-q10609-rerun1|COMPLETED|0:0|00:30:05
19856905_72.batch|19870491.batch|batch|COMPLETED|0:0|00:30:05
19856905_72.extern|19870491.extern|extern|COMPLETED|0:0|00:30:05
19856905_73|19870550|xcsp-parse-cop165-log-scop-time-rd-20260526-c609ccd4-dirty-q10609-rerun1|COMPLETED|0:0|00:30:06
19856905_73.batch|19870550.batch|batch|COMPLETED|0:0|00:30:06
19856905_73.extern|19870550.extern|extern|COMPLETED|0:0|00:30:06
19856905_74|19870558|xcsp-parse-cop165-log-scop-time-rd-20260526-c609ccd4-dirty-q10609-rerun1|COMPLETED|0:0|00:30:04
19856905_74.batch|19870558.batch|batch|COMPLETED|0:0|00:30:04
19856905_74.extern|19870558.extern|extern|COMPLETED|0:0|00:30:04
19856905_75|19870560|xcsp-parse-cop165-log-scop-time-rd-20260526-c609ccd4-dirty-q10609-rerun1|COMPLETED|0:0|00:30:05
19856905_75.batch|19870560.batch|batch|COMPLETED|0:0|00:30:05
19856905_75.extern|19870560.extern|extern|COMPLETED|0:0|00:30:05
19856905_76|19870569|xcsp-parse-cop165-log-scop-time-rd-20260526-c609ccd4-dirty-q10609-rerun1|COMPLETED|0:0|00:30:08
19856905_76.batch|19870569.batch|batch|COMPLETED|0:0|00:30:08
19856905_76.extern|19870569.extern|extern|COMPLETED|0:0|00:30:08
19856905_77|19870586|xcsp-parse-cop165-log-scop-time-rd-20260526-c609ccd4-dirty-q10609-rerun1|COMPLETED|0:0|00:30:04
19856905_77.batch|19870586.batch|batch|COMPLETED|0:0|00:30:04
19856905_77.extern|19870586.extern|extern|COMPLETED|0:0|00:30:04
19856905_78|19870587|xcsp-parse-cop165-log-scop-time-rd-20260526-c609ccd4-dirty-q10609-rerun1|COMPLETED|0:0|00:30:04
19856905_78.batch|19870587.batch|batch|COMPLETED|0:0|00:30:04
19856905_78.extern|19870587.extern|extern|COMPLETED|0:0|00:30:04
19856905_79|19870595|xcsp-parse-cop165-log-scop-time-rd-20260526-c609ccd4-dirty-q10609-rerun1|COMPLETED|0:0|00:30:04
19856905_79.batch|19870595.batch|batch|COMPLETED|0:0|00:30:04
19856905_79.extern|19870595.extern|extern|COMPLETED|0:0|00:30:04
19856905_80|19870596|xcsp-parse-cop165-log-scop-time-rd-20260526-c609ccd4-dirty-q10609-rerun1|COMPLETED|0:0|00:22:27
19856905_80.batch|19870596.batch|batch|COMPLETED|0:0|00:22:27
19856905_80.extern|19870596.extern|extern|COMPLETED|0:0|00:22:27
19856905_81|19870606|xcsp-parse-cop165-log-scop-time-rd-20260526-c609ccd4-dirty-q10609-rerun1|COMPLETED|0:0|00:30:18
19856905_81.batch|19870606.batch|batch|COMPLETED|0:0|00:30:18
19856905_81.extern|19870606.extern|extern|COMPLETED|0:0|00:30:18
19856905_82|19870610|xcsp-parse-cop165-log-scop-time-rd-20260526-c609ccd4-dirty-q10609-rerun1|COMPLETED|0:0|00:30:05
19856905_82.batch|19870610.batch|batch|COMPLETED|0:0|00:30:05
19856905_82.extern|19870610.extern|extern|COMPLETED|0:0|00:30:06
19856905_83|19870687|xcsp-parse-cop165-log-scop-time-rd-20260526-c609ccd4-dirty-q10609-rerun1|COMPLETED|0:0|00:30:07
19856905_83.batch|19870687.batch|batch|COMPLETED|0:0|00:30:07
19856905_83.extern|19870687.extern|extern|COMPLETED|0:0|00:30:07
19856905_84|19870748|xcsp-parse-cop165-log-scop-time-rd-20260526-c609ccd4-dirty-q10609-rerun1|COMPLETED|0:0|00:30:05
19856905_84.batch|19870748.batch|batch|COMPLETED|0:0|00:30:05
19856905_84.extern|19870748.extern|extern|COMPLETED|0:0|00:30:05
19856905_85|19870806|xcsp-parse-cop165-log-scop-time-rd-20260526-c609ccd4-dirty-q10609-rerun1|COMPLETED|0:0|00:30:05
19856905_85.batch|19870806.batch|batch|COMPLETED|0:0|00:30:05
19856905_85.extern|19870806.extern|extern|COMPLETED|0:0|00:30:05
19856905_86|19870816|xcsp-parse-cop165-log-scop-time-rd-20260526-c609ccd4-dirty-q10609-rerun1|COMPLETED|0:0|00:30:06
19856905_86.batch|19870816.batch|batch|COMPLETED|0:0|00:30:06
19856905_86.extern|19870816.extern|extern|COMPLETED|0:0|00:30:06
19856905_87|19870822|xcsp-parse-cop165-log-scop-time-rd-20260526-c609ccd4-dirty-q10609-rerun1|COMPLETED|0:0|00:30:05
19856905_87.batch|19870822.batch|batch|COMPLETED|0:0|00:30:05
19856905_87.extern|19870822.extern|extern|COMPLETED|0:0|00:30:05
19856905_88|19870858|xcsp-parse-cop165-log-scop-time-rd-20260526-c609ccd4-dirty-q10609-rerun1|COMPLETED|0:0|00:30:05
19856905_88.batch|19870858.batch|batch|COMPLETED|0:0|00:30:05
19856905_88.extern|19870858.extern|extern|COMPLETED|0:0|00:30:05
19856905_89|19870860|xcsp-parse-cop165-log-scop-time-rd-20260526-c609ccd4-dirty-q10609-rerun1|COMPLETED|0:0|00:30:03
19856905_89.batch|19870860.batch|batch|COMPLETED|0:0|00:30:03
19856905_89.extern|19870860.extern|extern|COMPLETED|0:0|00:30:03
19856905_90|19870871|xcsp-parse-cop165-log-scop-time-rd-20260526-c609ccd4-dirty-q10609-rerun1|COMPLETED|0:0|00:30:05
19856905_90.batch|19870871.batch|batch|COMPLETED|0:0|00:30:05
19856905_90.extern|19870871.extern|extern|COMPLETED|0:0|00:30:05
19856905_91|19870876|xcsp-parse-cop165-log-scop-time-rd-20260526-c609ccd4-dirty-q10609-rerun1|COMPLETED|0:0|00:30:05
19856905_91.batch|19870876.batch|batch|COMPLETED|0:0|00:30:05
19856905_91.extern|19870876.extern|extern|COMPLETED|0:0|00:30:05
19856905_92|19870938|xcsp-parse-cop165-log-scop-time-rd-20260526-c609ccd4-dirty-q10609-rerun1|COMPLETED|0:0|00:30:04
19856905_92.batch|19870938.batch|batch|COMPLETED|0:0|00:30:04
19856905_92.extern|19870938.extern|extern|COMPLETED|0:0|00:30:04
19856905_93|19870957|xcsp-parse-cop165-log-scop-time-rd-20260526-c609ccd4-dirty-q10609-rerun1|COMPLETED|0:0|00:30:07
19856905_93.batch|19870957.batch|batch|COMPLETED|0:0|00:30:07
19856905_93.extern|19870957.extern|extern|COMPLETED|0:0|00:30:07
19856905_94|19870969|xcsp-parse-cop165-log-scop-time-rd-20260526-c609ccd4-dirty-q10609-rerun1|COMPLETED|0:0|00:00:06
19856905_94.batch|19870969.batch|batch|COMPLETED|0:0|00:00:06
19856905_94.extern|19870969.extern|extern|COMPLETED|0:0|00:00:06
19856905_95|19870971|xcsp-parse-cop165-log-scop-time-rd-20260526-c609ccd4-dirty-q10609-rerun1|COMPLETED|0:0|00:30:06
19856905_95.batch|19870971.batch|batch|COMPLETED|0:0|00:30:06
19856905_95.extern|19870971.extern|extern|COMPLETED|0:0|00:30:06
19856905_96|19870978|xcsp-parse-cop165-log-scop-time-rd-20260526-c609ccd4-dirty-q10609-rerun1|COMPLETED|0:0|00:30:06
19856905_96.batch|19870978.batch|batch|COMPLETED|0:0|00:30:06
19856905_96.extern|19870978.extern|extern|COMPLETED|0:0|00:30:06
19856905_97|19870980|xcsp-parse-cop165-log-scop-time-rd-20260526-c609ccd4-dirty-q10609-rerun1|COMPLETED|0:0|00:30:04
19856905_97.batch|19870980.batch|batch|COMPLETED|0:0|00:30:04
19856905_97.extern|19870980.extern|extern|COMPLETED|0:0|00:30:04
19856905_98|19871004|xcsp-parse-cop165-log-scop-time-rd-20260526-c609ccd4-dirty-q10609-rerun1|COMPLETED|0:0|00:30:05
19856905_98.batch|19871004.batch|batch|COMPLETED|0:0|00:30:05
19856905_98.extern|19871004.extern|extern|COMPLETED|0:0|00:30:05
19856905_99|19871016|xcsp-parse-cop165-log-scop-time-rd-20260526-c609ccd4-dirty-q10609-rerun1|COMPLETED|0:0|00:30:05
19856905_99.batch|19871016.batch|batch|COMPLETED|0:0|00:30:05
19856905_99.extern|19871016.extern|extern|COMPLETED|0:0|00:30:05
19856905_100|19871036|xcsp-parse-cop165-log-scop-time-rd-20260526-c609ccd4-dirty-q10609-rerun1|COMPLETED|0:0|00:30:04
19856905_100.batch|19871036.batch|batch|COMPLETED|0:0|00:30:04
19856905_100.extern|19871036.extern|extern|COMPLETED|0:0|00:30:04
19856905_101|19871055|xcsp-parse-cop165-log-scop-time-rd-20260526-c609ccd4-dirty-q10609-rerun1|COMPLETED|0:0|00:30:04
19856905_101.batch|19871055.batch|batch|COMPLETED|0:0|00:30:04
19856905_101.extern|19871055.extern|extern|COMPLETED|0:0|00:30:04
19856905_102|19871059|xcsp-parse-cop165-log-scop-time-rd-20260526-c609ccd4-dirty-q10609-rerun1|COMPLETED|0:0|00:30:04
19856905_102.batch|19871059.batch|batch|COMPLETED|0:0|00:30:04
19856905_102.extern|19871059.extern|extern|COMPLETED|0:0|00:30:04
19856905_103|19871067|xcsp-parse-cop165-log-scop-time-rd-20260526-c609ccd4-dirty-q10609-rerun1|COMPLETED|0:0|00:30:06
19856905_103.batch|19871067.batch|batch|COMPLETED|0:0|00:30:06
19856905_103.extern|19871067.extern|extern|COMPLETED|0:0|00:30:06
19856905_104|19871092|xcsp-parse-cop165-log-scop-time-rd-20260526-c609ccd4-dirty-q10609-rerun1|COMPLETED|0:0|00:00:06
19856905_104.batch|19871092.batch|batch|COMPLETED|0:0|00:00:06
19856905_104.extern|19871092.extern|extern|COMPLETED|0:0|00:00:06
19856905_105|19871097|xcsp-parse-cop165-log-scop-time-rd-20260526-c609ccd4-dirty-q10609-rerun1|COMPLETED|0:0|00:30:08
19856905_105.batch|19871097.batch|batch|COMPLETED|0:0|00:30:08
19856905_105.extern|19871097.extern|extern|COMPLETED|0:0|00:30:08
19856905_106|19871108|xcsp-parse-cop165-log-scop-time-rd-20260526-c609ccd4-dirty-q10609-rerun1|COMPLETED|0:0|00:30:07
19856905_106.batch|19871108.batch|batch|COMPLETED|0:0|00:30:07
19856905_106.extern|19871108.extern|extern|COMPLETED|0:0|00:30:07
19856905_107|19871133|xcsp-parse-cop165-log-scop-time-rd-20260526-c609ccd4-dirty-q10609-rerun1|COMPLETED|0:0|00:30:05
19856905_107.batch|19871133.batch|batch|COMPLETED|0:0|00:30:05
19856905_107.extern|19871133.extern|extern|COMPLETED|0:0|00:30:05
19856905_108|19871331|xcsp-parse-cop165-log-scop-time-rd-20260526-c609ccd4-dirty-q10609-rerun1|COMPLETED|0:0|00:00:06
19856905_108.batch|19871331.batch|batch|COMPLETED|0:0|00:00:06
19856905_108.extern|19871331.extern|extern|COMPLETED|0:0|00:00:06
19856905_109|19871332|xcsp-parse-cop165-log-scop-time-rd-20260526-c609ccd4-dirty-q10609-rerun1|COMPLETED|0:0|00:30:04
19856905_109.batch|19871332.batch|batch|COMPLETED|0:0|00:30:04
19856905_109.extern|19871332.extern|extern|COMPLETED|0:0|00:30:04
19856905_110|19871333|xcsp-parse-cop165-log-scop-time-rd-20260526-c609ccd4-dirty-q10609-rerun1|COMPLETED|0:0|00:30:04
19856905_110.batch|19871333.batch|batch|COMPLETED|0:0|00:30:04
19856905_110.extern|19871333.extern|extern|COMPLETED|0:0|00:30:04
19856905_111|19871337|xcsp-parse-cop165-log-scop-time-rd-20260526-c609ccd4-dirty-q10609-rerun1|COMPLETED|0:0|00:30:04
19856905_111.batch|19871337.batch|batch|COMPLETED|0:0|00:30:04
19856905_111.extern|19871337.extern|extern|COMPLETED|0:0|00:30:04
19856905_112|19871344|xcsp-parse-cop165-log-scop-time-rd-20260526-c609ccd4-dirty-q10609-rerun1|COMPLETED|0:0|00:30:04
19856905_112.batch|19871344.batch|batch|COMPLETED|0:0|00:30:04
19856905_112.extern|19871344.extern|extern|COMPLETED|0:0|00:30:04
19856905_113|19871351|xcsp-parse-cop165-log-scop-time-rd-20260526-c609ccd4-dirty-q10609-rerun1|COMPLETED|0:0|00:30:05
19856905_113.batch|19871351.batch|batch|COMPLETED|0:0|00:30:05
19856905_113.extern|19871351.extern|extern|COMPLETED|0:0|00:30:05
19856905_114|19871352|xcsp-parse-cop165-log-scop-time-rd-20260526-c609ccd4-dirty-q10609-rerun1|COMPLETED|0:0|00:00:10
19856905_114.batch|19871352.batch|batch|COMPLETED|0:0|00:00:10
19856905_114.extern|19871352.extern|extern|COMPLETED|0:0|00:00:10
19856905_115|19871354|xcsp-parse-cop165-log-scop-time-rd-20260526-c609ccd4-dirty-q10609-rerun1|COMPLETED|0:0|00:30:06
19856905_115.batch|19871354.batch|batch|COMPLETED|0:0|00:30:06
19856905_115.extern|19871354.extern|extern|COMPLETED|0:0|00:30:06
19856905_116|19871361|xcsp-parse-cop165-log-scop-time-rd-20260526-c609ccd4-dirty-q10609-rerun1|COMPLETED|0:0|00:30:04
19856905_116.batch|19871361.batch|batch|COMPLETED|0:0|00:30:04
19856905_116.extern|19871361.extern|extern|COMPLETED|0:0|00:30:04
19856905_117|19871365|xcsp-parse-cop165-log-scop-time-rd-20260526-c609ccd4-dirty-q10609-rerun1|COMPLETED|0:0|00:30:03
19856905_117.batch|19871365.batch|batch|COMPLETED|0:0|00:30:03
19856905_117.extern|19871365.extern|extern|COMPLETED|0:0|00:30:03
19856905_118|19871366|xcsp-parse-cop165-log-scop-time-rd-20260526-c609ccd4-dirty-q10609-rerun1|COMPLETED|0:0|00:30:06
19856905_118.batch|19871366.batch|batch|COMPLETED|0:0|00:30:06
19856905_118.extern|19871366.extern|extern|COMPLETED|0:0|00:30:06
19856905_119|19871426|xcsp-parse-cop165-log-scop-time-rd-20260526-c609ccd4-dirty-q10609-rerun1|COMPLETED|0:0|00:30:05
19856905_119.batch|19871426.batch|batch|COMPLETED|0:0|00:30:05
19856905_119.extern|19871426.extern|extern|COMPLETED|0:0|00:30:05
19856905_120|19871469|xcsp-parse-cop165-log-scop-time-rd-20260526-c609ccd4-dirty-q10609-rerun1|COMPLETED|0:0|00:30:05
19856905_120.batch|19871469.batch|batch|COMPLETED|0:0|00:30:05
19856905_120.extern|19871469.extern|extern|COMPLETED|0:0|00:30:05
19856905_121|19871504|xcsp-parse-cop165-log-scop-time-rd-20260526-c609ccd4-dirty-q10609-rerun1|COMPLETED|0:0|00:30:05
19856905_121.batch|19871504.batch|batch|COMPLETED|0:0|00:30:05
19856905_121.extern|19871504.extern|extern|COMPLETED|0:0|00:30:05
19856905_122|19871506|xcsp-parse-cop165-log-scop-time-rd-20260526-c609ccd4-dirty-q10609-rerun1|COMPLETED|0:0|00:30:04
19856905_122.batch|19871506.batch|batch|COMPLETED|0:0|00:30:04
19856905_122.extern|19871506.extern|extern|COMPLETED|0:0|00:30:04
19856905_123|19871515|xcsp-parse-cop165-log-scop-time-rd-20260526-c609ccd4-dirty-q10609-rerun1|COMPLETED|0:0|00:30:06
19856905_123.batch|19871515.batch|batch|COMPLETED|0:0|00:30:06
19856905_123.extern|19871515.extern|extern|COMPLETED|0:0|00:30:06
19856905_124|19871528|xcsp-parse-cop165-log-scop-time-rd-20260526-c609ccd4-dirty-q10609-rerun1|COMPLETED|0:0|00:10:07
19856905_124.batch|19871528.batch|batch|COMPLETED|0:0|00:10:07
19856905_124.extern|19871528.extern|extern|COMPLETED|0:0|00:10:07
19856905_125|19871529|xcsp-parse-cop165-log-scop-time-rd-20260526-c609ccd4-dirty-q10609-rerun1|COMPLETED|0:0|00:30:04
19856905_125.batch|19871529.batch|batch|COMPLETED|0:0|00:30:04
19856905_125.extern|19871529.extern|extern|COMPLETED|0:0|00:30:04
19856905_126|19871531|xcsp-parse-cop165-log-scop-time-rd-20260526-c609ccd4-dirty-q10609-rerun1|COMPLETED|0:0|00:00:26
19856905_126.batch|19871531.batch|batch|COMPLETED|0:0|00:00:26
19856905_126.extern|19871531.extern|extern|COMPLETED|0:0|00:00:26
19856905_127|19871539|xcsp-parse-cop165-log-scop-time-rd-20260526-c609ccd4-dirty-q10609-rerun1|COMPLETED|0:0|00:00:22
19856905_127.batch|19871539.batch|batch|COMPLETED|0:0|00:00:22
19856905_127.extern|19871539.extern|extern|COMPLETED|0:0|00:00:22
19856905_128|19871540|xcsp-parse-cop165-log-scop-time-rd-20260526-c609ccd4-dirty-q10609-rerun1|COMPLETED|0:0|00:00:44
19856905_128.batch|19871540.batch|batch|COMPLETED|0:0|00:00:44
19856905_128.extern|19871540.extern|extern|COMPLETED|0:0|00:00:44
19856905_129|19871547|xcsp-parse-cop165-log-scop-time-rd-20260526-c609ccd4-dirty-q10609-rerun1|COMPLETED|0:0|00:30:04
19856905_129.batch|19871547.batch|batch|COMPLETED|0:0|00:30:04
19856905_129.extern|19871547.extern|extern|COMPLETED|0:0|00:30:04
19856905_130|19871551|xcsp-parse-cop165-log-scop-time-rd-20260526-c609ccd4-dirty-q10609-rerun1|COMPLETED|0:0|00:30:05
19856905_130.batch|19871551.batch|batch|COMPLETED|0:0|00:30:05
19856905_130.extern|19871551.extern|extern|COMPLETED|0:0|00:30:05
19856905_131|19871575|xcsp-parse-cop165-log-scop-time-rd-20260526-c609ccd4-dirty-q10609-rerun1|COMPLETED|0:0|00:30:03
19856905_131.batch|19871575.batch|batch|COMPLETED|0:0|00:30:03
19856905_131.extern|19871575.extern|extern|COMPLETED|0:0|00:30:03
19856905_132|19871582|xcsp-parse-cop165-log-scop-time-rd-20260526-c609ccd4-dirty-q10609-rerun1|COMPLETED|0:0|00:01:00
19856905_132.batch|19871582.batch|batch|COMPLETED|0:0|00:01:00
19856905_132.extern|19871582.extern|extern|COMPLETED|0:0|00:01:00
19856905_133|19871583|xcsp-parse-cop165-log-scop-time-rd-20260526-c609ccd4-dirty-q10609-rerun1|COMPLETED|0:0|00:01:01
19856905_133.batch|19871583.batch|batch|COMPLETED|0:0|00:01:01
19856905_133.extern|19871583.extern|extern|COMPLETED|0:0|00:01:01
19856905_134|19871584|xcsp-parse-cop165-log-scop-time-rd-20260526-c609ccd4-dirty-q10609-rerun1|COMPLETED|0:0|00:30:06
19856905_134.batch|19871584.batch|batch|COMPLETED|0:0|00:30:06
19856905_134.extern|19871584.extern|extern|COMPLETED|0:0|00:30:06
19856905_135|19871586|xcsp-parse-cop165-log-scop-time-rd-20260526-c609ccd4-dirty-q10609-rerun1|COMPLETED|0:0|00:30:04
19856905_135.batch|19871586.batch|batch|COMPLETED|0:0|00:30:04
19856905_135.extern|19871586.extern|extern|COMPLETED|0:0|00:30:04
19856905_136|19871592|xcsp-parse-cop165-log-scop-time-rd-20260526-c609ccd4-dirty-q10609-rerun1|COMPLETED|0:0|00:01:15
19856905_136.batch|19871592.batch|batch|COMPLETED|0:0|00:01:15
19856905_136.extern|19871592.extern|extern|COMPLETED|0:0|00:01:17
19856905_137|19871593|xcsp-parse-cop165-log-scop-time-rd-20260526-c609ccd4-dirty-q10609-rerun1|COMPLETED|0:0|00:30:04
19856905_137.batch|19871593.batch|batch|COMPLETED|0:0|00:30:04
19856905_137.extern|19871593.extern|extern|COMPLETED|0:0|00:30:04
19856905_138|19871601|xcsp-parse-cop165-log-scop-time-rd-20260526-c609ccd4-dirty-q10609-rerun1|COMPLETED|0:0|00:30:03
19856905_138.batch|19871601.batch|batch|COMPLETED|0:0|00:30:03
19856905_138.extern|19871601.extern|extern|COMPLETED|0:0|00:30:03
19856905_139|19871602|xcsp-parse-cop165-log-scop-time-rd-20260526-c609ccd4-dirty-q10609-rerun1|COMPLETED|0:0|00:30:05
19856905_139.batch|19871602.batch|batch|COMPLETED|0:0|00:30:05
19856905_139.extern|19871602.extern|extern|COMPLETED|0:0|00:30:05
19856905_140|19871606|xcsp-parse-cop165-log-scop-time-rd-20260526-c609ccd4-dirty-q10609-rerun1|COMPLETED|0:0|00:30:11
19856905_140.batch|19871606.batch|batch|COMPLETED|0:0|00:30:11
19856905_140.extern|19871606.extern|extern|COMPLETED|0:0|00:30:11
19856905_141|19871612|xcsp-parse-cop165-log-scop-time-rd-20260526-c609ccd4-dirty-q10609-rerun1|COMPLETED|0:0|00:30:05
19856905_141.batch|19871612.batch|batch|COMPLETED|0:0|00:30:05
19856905_141.extern|19871612.extern|extern|COMPLETED|0:0|00:30:05
19856905_142|19871613|xcsp-parse-cop165-log-scop-time-rd-20260526-c609ccd4-dirty-q10609-rerun1|COMPLETED|0:0|00:30:04
19856905_142.batch|19871613.batch|batch|COMPLETED|0:0|00:30:04
19856905_142.extern|19871613.extern|extern|COMPLETED|0:0|00:30:04
19856905_143|19871614|xcsp-parse-cop165-log-scop-time-rd-20260526-c609ccd4-dirty-q10609-rerun1|COMPLETED|0:0|00:30:07
19856905_143.batch|19871614.batch|batch|COMPLETED|0:0|00:30:07
19856905_143.extern|19871614.extern|extern|COMPLETED|0:0|00:30:07
19856905_144|19871621|xcsp-parse-cop165-log-scop-time-rd-20260526-c609ccd4-dirty-q10609-rerun1|COMPLETED|0:0|00:30:05
19856905_144.batch|19871621.batch|batch|COMPLETED|0:0|00:30:05
19856905_144.extern|19871621.extern|extern|COMPLETED|0:0|00:30:05
19856905_145|19871631|xcsp-parse-cop165-log-scop-time-rd-20260526-c609ccd4-dirty-q10609-rerun1|COMPLETED|0:0|00:30:04
19856905_145.batch|19871631.batch|batch|COMPLETED|0:0|00:30:04
19856905_145.extern|19871631.extern|extern|COMPLETED|0:0|00:30:04
19856905_146|19871633|xcsp-parse-cop165-log-scop-time-rd-20260526-c609ccd4-dirty-q10609-rerun1|COMPLETED|0:0|00:30:05
19856905_146.batch|19871633.batch|batch|COMPLETED|0:0|00:30:05
19856905_146.extern|19871633.extern|extern|COMPLETED|0:0|00:30:05
19856905_147|19871649|xcsp-parse-cop165-log-scop-time-rd-20260526-c609ccd4-dirty-q10609-rerun1|COMPLETED|0:0|00:30:04
19856905_147.batch|19871649.batch|batch|COMPLETED|0:0|00:30:04
19856905_147.extern|19871649.extern|extern|COMPLETED|0:0|00:30:04
19856905_148|19871657|xcsp-parse-cop165-log-scop-time-rd-20260526-c609ccd4-dirty-q10609-rerun1|COMPLETED|0:0|00:30:04
19856905_148.batch|19871657.batch|batch|COMPLETED|0:0|00:30:04
19856905_148.extern|19871657.extern|extern|COMPLETED|0:0|00:30:04
19856905_149|19871697|xcsp-parse-cop165-log-scop-time-rd-20260526-c609ccd4-dirty-q10609-rerun1|COMPLETED|0:0|00:12:13
19856905_149.batch|19871697.batch|batch|COMPLETED|0:0|00:12:13
19856905_149.extern|19871697.extern|extern|COMPLETED|0:0|00:12:13
19856905_150|19871698|xcsp-parse-cop165-log-scop-time-rd-20260526-c609ccd4-dirty-q10609-rerun1|COMPLETED|0:0|00:06:17
19856905_150.batch|19871698.batch|batch|COMPLETED|0:0|00:06:17
19856905_150.extern|19871698.extern|extern|COMPLETED|0:0|00:06:17
19856905_151|19871705|xcsp-parse-cop165-log-scop-time-rd-20260526-c609ccd4-dirty-q10609-rerun1|OUT_OF_MEMORY|0:125|00:16:33
19856905_151.batch|19871705.batch|batch|OUT_OF_MEMORY|0:125|00:16:33
19856905_151.extern|19871705.extern|extern|OUT_OF_MEMORY|0:125|00:16:33
19856905_152|19871707|xcsp-parse-cop165-log-scop-time-rd-20260526-c609ccd4-dirty-q10609-rerun1|COMPLETED|0:0|00:30:13
19856905_152.batch|19871707.batch|batch|COMPLETED|0:0|00:30:13
19856905_152.extern|19871707.extern|extern|COMPLETED|0:0|00:30:13
19856905_153|19871715|xcsp-parse-cop165-log-scop-time-rd-20260526-c609ccd4-dirty-q10609-rerun1|OUT_OF_MEMORY|0:125|00:19:19
19856905_153.batch|19871715.batch|batch|OUT_OF_MEMORY|0:125|00:19:19
19856905_153.extern|19871715.extern|extern|OUT_OF_MEMORY|0:125|00:19:19
19856905_154|19871718|xcsp-parse-cop165-log-scop-time-rd-20260526-c609ccd4-dirty-q10609-rerun1|COMPLETED|0:0|00:06:05
19856905_154.batch|19871718.batch|batch|COMPLETED|0:0|00:06:05
19856905_154.extern|19871718.extern|extern|COMPLETED|0:0|00:06:05
19856905_155|19871724|xcsp-parse-cop165-log-scop-time-rd-20260526-c609ccd4-dirty-q10609-rerun1|COMPLETED|0:0|00:30:04
19856905_155.batch|19871724.batch|batch|COMPLETED|0:0|00:30:04
19856905_155.extern|19871724.extern|extern|COMPLETED|0:0|00:30:04
19856905_156|19871733|xcsp-parse-cop165-log-scop-time-rd-20260526-c609ccd4-dirty-q10609-rerun1|COMPLETED|0:0|00:18:47
19856905_156.batch|19871733.batch|batch|COMPLETED|0:0|00:18:47
19856905_156.extern|19871733.extern|extern|COMPLETED|0:0|00:18:47
19856905_157|19871734|xcsp-parse-cop165-log-scop-time-rd-20260526-c609ccd4-dirty-q10609-rerun1|COMPLETED|0:0|00:30:04
19856905_157.batch|19871734.batch|batch|COMPLETED|0:0|00:30:04
19856905_157.extern|19871734.extern|extern|COMPLETED|0:0|00:30:04
19856905_158|19871818|xcsp-parse-cop165-log-scop-time-rd-20260526-c609ccd4-dirty-q10609-rerun1|COMPLETED|0:0|00:30:04
19856905_158.batch|19871818.batch|batch|COMPLETED|0:0|00:30:04
19856905_158.extern|19871818.extern|extern|COMPLETED|0:0|00:30:04
19856905_159|19871830|xcsp-parse-cop165-log-scop-time-rd-20260526-c609ccd4-dirty-q10609-rerun1|OUT_OF_MEMORY|0:125|00:24:15
19856905_159.batch|19871830.batch|batch|OUT_OF_MEMORY|0:125|00:24:15
19856905_159.extern|19871830.extern|extern|OUT_OF_MEMORY|0:125|00:24:15
19856905_160|19871844|xcsp-parse-cop165-log-scop-time-rd-20260526-c609ccd4-dirty-q10609-rerun1|COMPLETED|0:0|00:30:06
19856905_160.batch|19871844.batch|batch|COMPLETED|0:0|00:30:06
19856905_160.extern|19871844.extern|extern|COMPLETED|0:0|00:30:06
19856905_161|19872065|xcsp-parse-cop165-log-scop-time-rd-20260526-c609ccd4-dirty-q10609-rerun1|COMPLETED|0:0|00:30:09
19856905_161.batch|19872065.batch|batch|COMPLETED|0:0|00:30:09
19856905_161.extern|19872065.extern|extern|COMPLETED|0:0|00:30:09
19856905_162|19872368|xcsp-parse-cop165-log-scop-time-rd-20260526-c609ccd4-dirty-q10609-rerun1|COMPLETED|0:0|00:30:08
19856905_162.batch|19872368.batch|batch|COMPLETED|0:0|00:30:08
19856905_162.extern|19872368.extern|extern|COMPLETED|0:0|00:30:08
19856905_163|19872394|xcsp-parse-cop165-log-scop-time-rd-20260526-c609ccd4-dirty-q10609-rerun1|COMPLETED|0:0|00:30:09
19856905_163.batch|19872394.batch|batch|COMPLETED|0:0|00:30:09
19856905_163.extern|19872394.extern|extern|COMPLETED|0:0|00:30:09
19856905_164|19872401|xcsp-parse-cop165-log-scop-time-rd-20260526-c609ccd4-dirty-q10609-rerun1|COMPLETED|0:0|00:30:05
19856905_164.batch|19872401.batch|batch|COMPLETED|0:0|00:30:05
19856905_164.extern|19872401.extern|extern|COMPLETED|0:0|00:30:05
19856905_165|19856905|xcsp-parse-cop165-log-scop-time-rd-20260526-c609ccd4-dirty-q10609-rerun1|COMPLETED|0:0|00:30:08
19856905_165.batch|19856905.batch|batch|COMPLETED|0:0|00:30:08
19856905_165.extern|19856905.extern|extern|COMPLETED|0:0|00:30:08
