================ Slurm Info ================
DATE      = 2026-05-27T02:59:18+09:00
PARTITION = gr10672b
JOB_ID    = 19875379_68
JOB_NAME  = xcsp-parse-cop-cumulative-165-order-ge-cumexact-taskrd-20260526-2ccb88e9-q10672
NNODES    = 1
RSC_OPT   = p=1:t=28:c=28:m=112000M
============================================
job_id=19877992 task_id=68 instance_id=68
instance_relpath=COP22to25/VRP_LC-11-05-15-s4_c24.xml.lzma
row_file=/LARGE0/gr10672/b39275/xcsp3instances/results/kat-cop-cumulative-165-order-ge-guarded-basic-directexpr-inchard-cnf-mdd-tl-linkcost-eqne2-cumexact-taskrd-1800-20260526-2ccb88e9-q10672/rows/row-19877992-68-68.csv
runsolver_values_log=/LARGE0/gr10672/b39275/xcsp3instances/slurm-logs/runsolver/runsolver-kat-cop-cumulative-165-order-ge-guarded-basic-directexpr-inchard-cnf-mdd-tl-linkcost-eqne2-cumexact-taskrd-1800-20260526-2ccb88e9-q10672-19877992-68-68/values.log
runsolver_solver_log=/LARGE0/gr10672/b39275/xcsp3instances/slurm-logs/runsolver/runsolver-kat-cop-cumulative-165-order-ge-guarded-basic-directexpr-inchard-cnf-mdd-tl-linkcost-eqne2-cumexact-taskrd-1800-20260526-2ccb88e9-q10672-19877992-68-68/output.log
runsolver version 3.4.1 (svn: 3018) Copyright (C) 2010-2013 Olivier ROUSSEL

This program is distributed in the hope that it will be useful,
but WITHOUT ANY WARRANTY; without even the implied warranty of
MERCHANTABILITY or FITNESS FOR A PARTICULAR PURPOSE.  See the
GNU General Public License for more details.

NUMA information:
  number of nodes: 8
  memory of node 0: 63700 MiB (60649 MiB free)
  memory of node 1: 64504 MiB (63463 MiB free)
  memory of node 2: 64461 MiB (62270 MiB free)
  memory of node 3: 64504 MiB (61363 MiB free)
  memory of node 4: 64504 MiB (62765 MiB free)
  memory of node 5: 64504 MiB (57920 MiB free)
  memory of node 6: 64504 MiB (63090 MiB free)
  memory of node 7: 64491 MiB (61995 MiB free)
  node distances:
     10  12  12  12  21  21  21  21
     12  10  12  12  21  21  21  21
     12  12  10  12  21  21  21  21
     12  12  12  10  21  21  21  21
     21  21  21  21  10  12  12  12
     21  21  21  21  12  10  12  12
     21  21  21  21  12  12  10  12
     21  21  21  21  12  12  12  10

command line: runsolver -W 1800 -C 1800 -v /logs/runsolver/runsolver-kat-cop-cumulative-165-order-ge-guarded-basic-directexpr-inchard-cnf-mdd-tl-linkcost-eqne2-cumexact-taskrd-1800-20260526-2ccb88e9-q10672-19877992-68-68/values.log -o /logs/runsolver/runsolver-kat-cop-cumulative-165-order-ge-guarded-basic-directexpr-inchard-cnf-mdd-tl-linkcost-eqne2-cumexact-taskrd-1800-20260526-2ccb88e9-q10672-19877992-68-68/output.log bash -lc 
set -euo pipefail
if [[ -n "${PARSER_ARGS:-}" ]]; then
  eval "set -- ${PARSER_ARGS}"
  "$PARSER_BIN" "$INSTANCE_PATH" "$@"
else
  "$PARSER_BIN" "$INSTANCE_PATH"
fi
 

running on 54 cores: 0,2,4,6,8,14-17,22-25,37-40,44,50,56-59,126-129,134-137,149-152,156,162,168-172,174-175,60,62-63,65,67,112,114,116,118,120

Enforcing wall clock limit (soft limit, will send SIGTERM then SIGKILL): 1800 seconds
Enforcing CPUTime limit (soft limit, will send SIGTERM then SIGKILL): 1800 seconds
Enforcing CPUTime limit (hard limit, will send SIGXCPU): 1830 seconds
Linux 4.18.0-553.111.1.el8_10.x86_64
Current StackSize limit: 18014398509481983 KiB
solver pid=1229709, runsolver pid=1229707


[startup+0.100091 s]*
/proc/loadavg: 59.18 58.60 58.96 59/3661 1229715
/proc/meminfo: memFree=505348136/527542224 swapFree=32483932/33554428
[pid=1229709] ppid=1229707 vsize=4248 memory=3088 CPUtime=0 cores=0,2,4,6,8,14-17,22-25,37-40,44,50,56-60,62-63,65,67,112,114,116,118,120,126-129,134-137,149-152,156,162,168-172,174-175,177,179
/proc/1229709/stat : 1229709 (bash) S 1229707 1229709 1229605 0 -1 4194304 284 138 0 0 0 0 0 0 20 0 1 0 222178825 4349952 772 117440512000 94275269922816 94275270904733 140723309907376 0 0 0 65536 4 65538 0 0 0 17 134 0 0 0 0 0 94275271138032 94275271186276 94275280584704 140723309915139 140723309915315 140723309915315 140723309928426 0
/proc/1229709/statm: 1062 772 676 240 0 188 0
[pid=1229713] ppid=1229709 vsize=216548 memory=44812 CPUtime=0.19 cores=0,2,4,6,8,14-17,22-25,37-40,44,50,56-60,62-63,65,67,112,114,116,118,120,126-129,134-137,149-152,156,162,168-172,174-175,177,179
/proc/1229713/stat : 1229713 (kat_xcsp_2ccb88) S 1229709 1229709 1229605 0 -1 1077936128 12109 0 2 0 16 3 0 0 20 0 3 0 222178826 221745152 11203 117440512000 23254311178240 23254318974944 140732132089856 0 0 0 0 4096 8406082 0 0 0 17 135 0 0 0 0 0 23254319089024 23254319110224 93825005318144 140732132092662 140732132093076 140732132093076 140732132106197 0
/proc/1229713/statm: 54137 11203 667 1904 0 28564 0
[pid=1229713/tid=1229714] ppid=1229709 vsize=216548 memory=4050768173769963350 CPUtime=0.19 cores=0,2,4,6,8,14-17,22-25,37-40,44,50,56-60,62-63,65,67,112,114,116,118,120,126-129,134-137,149-152,156,162,168-172,174-175,177,179
/proc/1229713/task/1229714/stat : 1229714 (kat_xcsp_2ccb88) R 1229709 1229709 1229605 0 -1 4194368 12077 0 0 0 16 3 0 0 20 0 3 0 222178827 221745152 11467 117440512000 23254311178240 23254318974944 140732132089856 0 0 0 0 4096 8406082 0 0 0 -1 14 0 0 0 0 0 23254319089024 23254319110224 93825005318144 140732132092662 140732132093076 140732132093076 140732132106197 0
[pid=1229713/tid=1229715] ppid=1229709 vsize=216548 memory=50484125 CPUtime=0 cores=0,2,4,6,8,14-17,22-25,37-40,44,50,56-60,62-63,65,67,112,114,116,118,120,126-129,134-137,149-152,156,162,168-172,174-175,177,179
/proc/1229713/task/1229715/stat : 1229715 (kat_xcsp_2ccb88) S 1229709 1229709 1229605 0 -1 1077936192 2 0 0 0 0 0 0 0 20 0 3 0 222178827 221745152 11467 117440512000 23254311178240 23254318974944 140732132089856 0 0 0 0 4096 8406082 0 0 0 -1 16 0 0 0 0 0 23254319089024 23254319110224 93825005318144 140732132092662 140732132093076 140732132093076 140732132106197 0
Current children cumulated CPU time: 0.19 s
Current children cumulated vsize: 220796 KiB
Current children cumulated memory: 47900 KiB

[startup+0.326412 s]*
/proc/loadavg: 59.18 58.60 58.96 59/3661 1229715
/proc/meminfo: memFree=505278724/527542224 swapFree=32483932/33554428
[pid=1229709] ppid=1229707 vsize=4248 memory=3088 CPUtime=0 cores=0,2,4,6,8,14-17,22-25,37-40,44,50,56-60,62-63,65,67,112,114,116,118,120,126-129,134-137,149-152,156,162,168-172,174-175,177,179
/proc/1229709/stat : 1229709 (bash) S 1229707 1229709 1229605 0 -1 4194304 284 138 0 0 0 0 0 0 20 0 1 0 222178825 4349952 772 117440512000 94275269922816 94275270904733 140723309907376 0 0 0 65536 4 65538 0 0 0 17 134 0 0 0 0 0 94275271138032 94275271186276 94275280584704 140723309915139 140723309915315 140723309915315 140723309928426 0
/proc/1229709/statm: 1062 772 676 240 0 188 0
[pid=1229713] ppid=1229709 vsize=283484 memory=104056 CPUtime=0.42 cores=0,2,4,6,8,14-17,22-25,37-40,44,50,56-60,62-63,65,67,112,114,116,118,120,126-129,134-137,149-152,156,162,168-172,174-175,177,179
/proc/1229713/stat : 1229713 (kat_xcsp_2ccb88) S 1229709 1229709 1229605 0 -1 1077936128 26258 0 2 0 35 7 0 0 20 0 3 0 222178826 290287616 26014 117440512000 23254311178240 23254318974944 140732132089856 0 0 0 0 4096 8406082 0 0 0 17 135 0 0 0 0 0 23254319089024 23254319110224 93825005318144 140732132092662 140732132093076 140732132093076 140732132106197 0
/proc/1229713/statm: 70871 26014 720 1904 0 42778 0
[pid=1229713/tid=1229714] ppid=1229709 vsize=283484 memory=4066870767277847126 CPUtime=0.41 cores=0,2,4,6,8,14-17,22-25,37-40,44,50,56-60,62-63,65,67,112,114,116,118,120,126-129,134-137,149-152,156,162,168-172,174-175,177,179
/proc/1229713/task/1229714/stat : 1229714 (kat_xcsp_2ccb88) R 1229709 1229709 1229605 0 -1 4194368 25977 0 0 0 35 6 0 0 20 0 3 0 222178827 290287616 26014 117440512000 23254311178240 23254318974944 140732132089856 0 0 0 0 4096 8406082 0 0 0 -1 14 0 0 0 0 0 23254319089024 23254319110224 93825005318144 140732132092662 140732132093076 140732132093076 140732132106197 0
[pid=1229713/tid=1229715] ppid=1229709 vsize=283484 memory=44377948 CPUtime=0 cores=0,2,4,6,8,14-17,22-25,37-40,44,50,56-60,62-63,65,67,112,114,116,118,120,126-129,134-137,149-152,156,162,168-172,174-175,177,179
/proc/1229713/task/1229715/stat : 1229715 (kat_xcsp_2ccb88) S 1229709 1229709 1229605 0 -1 1077936192 2 0 0 0 0 0 0 0 20 0 3 0 222178827 290287616 26014 117440512000 23254311178240 23254318974944 140732132089856 0 0 0 0 4096 8406082 0 0 0 -1 16 0 0 0 0 0 23254319089024 23254319110224 93825005318144 140732132092662 140732132093076 140732132093076 140732132106197 0
Current children cumulated CPU time: 0.42 s
Current children cumulated vsize: 287732 KiB
Current children cumulated memory: 107144 KiB

[startup+0.523985 s]*
/proc/loadavg: 59.18 58.60 58.96 59/3661 1229715
/proc/meminfo: memFree=505234168/527542224 swapFree=32483932/33554428
[pid=1229709] ppid=1229707 vsize=4248 memory=3088 CPUtime=0 cores=0,2,4,6,8,14-17,22-25,37-40,44,50,56-60,62-63,65,67,112,114,116,118,120,126-129,134-137,149-152,156,162,168-172,174-175,177,179
/proc/1229709/stat : 1229709 (bash) S 1229707 1229709 1229605 0 -1 4194304 284 138 0 0 0 0 0 0 20 0 1 0 222178825 4349952 772 117440512000 94275269922816 94275270904733 140723309907376 0 0 0 65536 4 65538 0 0 0 17 134 0 0 0 0 0 94275271138032 94275271186276 94275280584704 140723309915139 140723309915315 140723309915315 140723309928426 0
/proc/1229709/statm: 1062 772 676 240 0 188 0
[pid=1229713] ppid=1229709 vsize=288268 memory=104512 CPUtime=0.61 cores=0,2,4,6,8,14-17,22-25,37-40,44,50,56-60,62-63,65,67,112,114,116,118,120,126-129,134-137,149-152,156,162,168-172,174-175,177,179
/proc/1229713/stat : 1229713 (kat_xcsp_2ccb88) S 1229709 1229709 1229605 0 -1 1077936128 27049 0 2 0 54 7 0 0 20 0 3 0 222178826 295186432 26128 117440512000 23254311178240 23254318974944 140732132089856 0 0 0 0 4096 8406082 0 0 0 17 135 0 0 0 0 0 23254319089024 23254319110224 93825005318144 140732132092662 140732132093076 140732132093076 140732132106197 0
/proc/1229713/statm: 72067 26128 767 1904 0 43974 0
[pid=1229713/tid=1229714] ppid=1229709 vsize=288268 memory=3487871238297367123 CPUtime=0.6 cores=0,2,4,6,8,14-17,22-25,37-40,44,50,56-60,62-63,65,67,112,114,116,118,120,126-129,134-137,149-152,156,162,168-172,174-175,177,179
/proc/1229713/task/1229714/stat : 1229714 (kat_xcsp_2ccb88) R 1229709 1229709 1229605 0 -1 4194368 26768 0 0 0 54 6 0 0 20 0 3 0 222178827 295186432 26128 117440512000 23254311178240 23254318974944 140732132089856 0 0 0 0 4096 8406082 0 0 0 -1 14 0 0 0 0 0 23254319089024 23254319110224 93825005318144 140732132092662 140732132093076 140732132093076 140732132106197 0
[pid=1229713/tid=1229715] ppid=1229709 vsize=288268 memory=3761975947176458073 CPUtime=0 cores=0,2,4,6,8,14-17,22-25,37-40,44,50,56-60,62-63,65,67,112,114,116,118,120,126-129,134-137,149-152,156,162,168-172,174-175,177,179
/proc/1229713/task/1229715/stat : 1229715 (kat_xcsp_2ccb88) S 1229709 1229709 1229605 0 -1 1077936192 2 0 0 0 0 0 0 0 20 0 3 0 222178827 295186432 26128 117440512000 23254311178240 23254318974944 140732132089856 0 0 0 0 4096 8406082 0 0 0 -1 16 0 0 0 0 0 23254319089024 23254319110224 93825005318144 140732132092662 140732132093076 140732132093076 140732132106197 0
Current children cumulated CPU time: 0.61 s
Current children cumulated vsize: 292516 KiB
Current children cumulated memory: 107600 KiB

[startup+0.722738 s]*
/proc/loadavg: 59.18 58.60 58.96 59/3661 1229715
/proc/meminfo: memFree=505219800/527542224 swapFree=32483932/33554428
[pid=1229709] ppid=1229707 vsize=4248 memory=3088 CPUtime=0 cores=0,2,4,6,8,14-17,22-25,37-40,44,50,56-60,62-63,65,67,112,114,116,118,120,126-129,134-137,149-152,156,162,168-172,174-175,177,179
/proc/1229709/stat : 1229709 (bash) S 1229707 1229709 1229605 0 -1 4194304 284 138 0 0 0 0 0 0 20 0 1 0 222178825 4349952 772 117440512000 94275269922816 94275270904733 140723309907376 0 0 0 65536 4 65538 0 0 0 17 134 0 0 0 0 0 94275271138032 94275271186276 94275280584704 140723309915139 140723309915315 140723309915315 140723309928426 0
/proc/1229709/statm: 1062 772 676 240 0 188 0
[pid=1229713] ppid=1229709 vsize=318404 memory=141104 CPUtime=0.81 cores=0,2,4,6,8,14-17,22-25,37-40,44,50,56-60,62-63,65,67,112,114,116,118,120,126-129,134-137,149-152,156,162,168-172,174-175,177,179
/proc/1229713/stat : 1229713 (kat_xcsp_2ccb88) S 1229709 1229709 1229605 0 -1 1077936128 27519 0 2 0 73 8 0 0 20 0 3 0 222178826 326045696 35276 117440512000 23254311178240 23254318974944 140732132089856 0 0 0 0 4096 8406082 0 0 0 17 135 0 0 0 0 0 23254319089024 23254319110224 93825005318144 140732132092662 140732132093076 140732132093076 140732132106197 0
/proc/1229713/statm: 79601 35276 769 1904 0 53130 0
[pid=1229713/tid=1229714] ppid=1229709 vsize=318404 memory=4066870767277847126 CPUtime=0.8 cores=0,2,4,6,8,14-17,22-25,37-40,44,50,56-60,62-63,65,67,112,114,116,118,120,126-129,134-137,149-152,156,162,168-172,174-175,177,179
/proc/1229713/task/1229714/stat : 1229714 (kat_xcsp_2ccb88) R 1229709 1229709 1229605 0 -1 4194368 27238 0 0 0 73 7 0 0 20 0 3 0 222178827 326045696 35276 117440512000 23254311178240 23254318974944 140732132089856 0 0 0 0 4096 8406082 0 0 0 -1 14 0 0 0 0 0 23254319089024 23254319110224 93825005318144 140732132092662 140732132093076 140732132093076 140732132106197 0
[pid=1229713/tid=1229715] ppid=1229709 vsize=318404 memory=44377948 CPUtime=0 cores=0,2,4,6,8,14-17,22-25,37-40,44,50,56-60,62-63,65,67,112,114,116,118,120,126-129,134-137,149-152,156,162,168-172,174-175,177,179
/proc/1229713/task/1229715/stat : 1229715 (kat_xcsp_2ccb88) S 1229709 1229709 1229605 0 -1 1077936192 2 0 0 0 0 0 0 0 20 0 3 0 222178827 326045696 35276 117440512000 23254311178240 23254318974944 140732132089856 0 0 0 0 4096 8406082 0 0 0 -1 16 0 0 0 0 0 23254319089024 23254319110224 93825005318144 140732132092662 140732132093076 140732132093076 140732132106197 0
Current children cumulated CPU time: 0.81 s
Current children cumulated vsize: 322652 KiB
Current children cumulated memory: 144192 KiB

[startup+1.50034 s]*
/proc/loadavg: 59.24 58.62 58.97 59/3661 1229716
/proc/meminfo: memFree=505149244/527542224 swapFree=32484188/33554428
[pid=1229709] ppid=1229707 vsize=4248 memory=3088 CPUtime=0 cores=0,2,4,6,8,14-17,22-25,37-40,44,50,56-60,62-63,65,67,112,114,116,118,120,126-129,134-137,149-152,156,162,168-172,174-175,177,179
/proc/1229709/stat : 1229709 (bash) S 1229707 1229709 1229605 0 -1 4194304 284 138 0 0 0 0 0 0 20 0 1 0 222178825 4349952 772 117440512000 94275269922816 94275270904733 140723309907376 0 0 0 65536 4 65538 0 0 0 17 134 0 0 0 0 0 94275271138032 94275271186276 94275280584704 140723309915139 140723309915315 140723309915315 140723309928426 0
/proc/1229709/statm: 1062 772 676 240 0 188 0
[pid=1229713] ppid=1229709 vsize=315588 memory=157020 CPUtime=1.58 cores=0,2,4,6,8,14-17,22-25,37-40,44,50,56-60,62-63,65,67,112,114,116,118,120,126-129,134-137,149-152,156,162,168-172,174-175,177,179
/proc/1229713/stat : 1229713 (kat_xcsp_2ccb88) S 1229709 1229709 1229605 0 -1 1077936128 53226 0 2 0 147 11 0 0 20 0 3 0 222178826 323162112 39255 117440512000 23254311178240 23254318974944 140732132089856 0 0 0 0 4096 8406082 0 0 0 17 135 0 0 0 0 0 23254319089024 23254319110224 93825005318144 140732132092662 140732132093076 140732132093076 140732132106197 0
/proc/1229713/statm: 78897 39255 837 1904 0 56970 0
[pid=1229713/tid=1229714] ppid=1229709 vsize=315588 memory=4065183016929211479 CPUtime=1.58 cores=0,2,4,6,8,14-17,22-25,37-40,44,50,56-60,62-63,65,67,112,114,116,118,120,126-129,134-137,149-152,156,162,168-172,174-175,177,179
/proc/1229713/task/1229714/stat : 1229714 (kat_xcsp_2ccb88) R 1229709 1229709 1229605 0 -1 4194368 52945 0 0 0 147 11 0 0 20 0 3 0 222178827 323162112 39255 117440512000 23254311178240 23254318974944 140732132089856 0 0 0 0 4096 8406082 0 0 0 -1 14 0 0 0 0 0 23254319089024 23254319110224 93825005318144 140732132092662 140732132093076 140732132093076 140732132106197 0
[pid=1229713/tid=1229715] ppid=1229709 vsize=315588 memory=3616443492907366745 CPUtime=0 cores=0,2,4,6,8,14-17,22-25,37-40,44,50,56-60,62-63,65,67,112,114,116,118,120,126-129,134-137,149-152,156,162,168-172,174-175,177,179
/proc/1229713/task/1229715/stat : 1229715 (kat_xcsp_2ccb88) S 1229709 1229709 1229605 0 -1 1077936192 2 0 0 0 0 0 0 0 20 0 3 0 222178827 323162112 39255 117440512000 23254311178240 23254318974944 140732132089856 0 0 0 0 4096 8406082 0 0 0 -1 16 0 0 0 0 0 23254319089024 23254319110224 93825005318144 140732132092662 140732132093076 140732132093076 140732132106197 0
Current children cumulated CPU time: 1.58 s
Current children cumulated vsize: 319836 KiB
Current children cumulated memory: 160108 KiB

[startup+3.10034 s]
/proc/loadavg: 59.24 58.62 58.97 59/3661 1229716
/proc/meminfo: memFree=505085028/527542224 swapFree=32484444/33554428
[pid=1229709] ppid=1229707 vsize=4248 memory=3088 CPUtime=0 cores=0,2,4,6,8,14-17,22-25,37-40,44,50,56-60,62-63,65,67,112,114,116,118,120,126-129,134-137,149-152,156,162,168-172,174-175,177,179
/proc/1229709/stat : 1229709 (bash) S 1229707 1229709 1229605 0 -1 4194304 284 138 0 0 0 0 0 0 20 0 1 0 222178825 4349952 772 117440512000 94275269922816 94275270904733 140723309907376 0 0 0 65536 4 65538 0 0 0 17 134 0 0 0 0 0 94275271138032 94275271186276 94275280584704 140723309915139 140723309915315 140723309915315 140723309928426 0
/proc/1229709/statm: 1062 772 676 240 0 188 0
[pid=1229713] ppid=1229709 vsize=326224 memory=179372 CPUtime=3.05 cores=0,2,4,6,8,14-17,22-25,37-40,44,50,56-60,62-63,65,67,112,114,116,118,120,126-129,134-137,149-152,156,162,168-172,174-175,177,179
/proc/1229713/stat : 1229713 (kat_xcsp_2ccb88) S 1229709 1229709 1229605 0 -1 1077936128 60929 0 2 0 293 12 0 0 20 0 3 0 222178826 334053376 44843 117440512000 23254311178240 23254318974944 140732132089856 0 0 0 0 4096 8406082 0 0 0 17 135 0 0 0 0 0 23254319089024 23254319110224 93825005318144 140732132092662 140732132093076 140732132093076 140732132106197 0
/proc/1229713/statm: 81556 44843 845 1904 0 61844 0
[pid=1229713/tid=1229714] ppid=1229709 vsize=326224 memory=3761130422802312474 CPUtime=3.05 cores=0,2,4,6,8,14-17,22-25,37-40,44,50,56-60,62-63,65,67,112,114,116,118,120,126-129,134-137,149-152,156,162,168-172,174-175,177,179
/proc/1229713/task/1229714/stat : 1229714 (kat_xcsp_2ccb88) R 1229709 1229709 1229605 0 -1 4194368 60656 0 0 0 293 12 0 0 20 0 3 0 222178827 334053376 44843 117440512000 23254311178240 23254318974944 140732132089856 0 0 0 0 4096 8406082 0 0 0 -1 14 0 0 0 0 0 23254319089024 23254319110224 93825005318144 140732132092662 140732132093076 140732132093076 140732132106197 0
[pid=1229713/tid=1229715] ppid=1229709 vsize=326224 memory=3088 CPUtime=0 cores=0,2,4,6,8,14-17,22-25,37-40,44,50,56-60,62-63,65,67,112,114,116,118,120,126-129,134-137,149-152,156,162,168-172,174-175,177,179
/proc/1229713/task/1229715/stat : 1229715 (kat_xcsp_2ccb88) S 1229709 1229709 1229605 0 -1 1077936192 2 0 0 0 0 0 0 0 20 0 3 0 222178827 334053376 44843 117440512000 23254311178240 23254318974944 140732132089856 0 0 0 0 4096 8406082 0 0 0 -1 16 0 0 0 0 0 23254319089024 23254319110224 93825005318144 140732132092662 140732132093076 140732132093076 140732132106197 0
Current children cumulated CPU time: 3.05 s
Current children cumulated vsize: 330472 KiB
Current children cumulated memory: 182460 KiB

[startup+6.30036 s]
/proc/loadavg: 59.24 58.62 58.97 59/3661 1229718
/proc/meminfo: memFree=504947380/527542224 swapFree=32485468/33554428
[pid=1229709] ppid=1229707 vsize=4248 memory=3088 CPUtime=0 cores=0,2,4,6,8,14-17,22-25,37-40,44,50,56-60,62-63,65,67,112,114,116,118,120,126-129,134-137,149-152,156,162,168-172,174-175,177,179
/proc/1229709/stat : 1229709 (bash) S 1229707 1229709 1229605 0 -1 4194304 284 138 0 0 0 0 0 0 20 0 1 0 222178825 4349952 772 117440512000 94275269922816 94275270904733 140723309907376 0 0 0 65536 4 65538 0 0 0 17 134 0 0 0 0 0 94275271138032 94275271186276 94275280584704 140723309915139 140723309915315 140723309915315 140723309928426 0
/proc/1229709/statm: 1062 772 676 240 0 188 0
[pid=1229713] ppid=1229709 vsize=371700 memory=227144 CPUtime=6.23 cores=0,2,4,6,8,14-17,22-25,37-40,44,50,56-60,62-63,65,67,112,114,116,118,120,126-129,134-137,149-152,156,162,168-172,174-175,177,179
/proc/1229713/stat : 1229713 (kat_xcsp_2ccb88) S 1229709 1229709 1229605 0 -1 1077936128 104672 0 2 0 605 18 0 0 20 0 3 0 222178826 380620800 56786 117440512000 23254311178240 23254318974944 140732132089856 0 0 0 0 4096 8406082 0 0 0 17 135 0 0 0 0 0 23254319089024 23254319110224 93825005318144 140732132092662 140732132093076 140732132093076 140732132106197 0
/proc/1229713/statm: 92925 56786 865 1904 0 74070 0
[pid=1229713/tid=1229714] ppid=1229709 vsize=371700 memory=7300 CPUtime=6.23 cores=0,2,4,6,8,14-17,22-25,37-40,44,50,56-60,62-63,65,67,112,114,116,118,120,126-129,134-137,149-152,156,162,168-172,174-175,177,179
/proc/1229713/task/1229714/stat : 1229714 (kat_xcsp_2ccb88) R 1229709 1229709 1229605 0 -1 4194368 104391 0 0 0 605 18 0 0 20 0 3 0 222178827 380620800 56786 117440512000 23254311178240 23254318974944 140732132089856 0 0 0 0 4096 8406082 0 0 0 -1 14 0 0 0 0 0 23254319089024 23254319110224 93825005318144 140732132092662 140732132093076 140732132093076 140732132106197 0
[pid=1229713/tid=1229715] ppid=1229709 vsize=371700 memory=213996 CPUtime=0 cores=0,2,4,6,8,14-17,22-25,37-40,44,50,56-60,62-63,65,67,112,114,116,118,120,126-129,134-137,149-152,156,162,168-172,174-175,177,179
/proc/1229713/task/1229715/stat : 1229715 (kat_xcsp_2ccb88) S 1229709 1229709 1229605 0 -1 1077936192 2 0 0 0 0 0 0 0 20 0 3 0 222178827 380620800 56786 117440512000 23254311178240 23254318974944 140732132089856 0 0 0 0 4096 8406082 0 0 0 -1 16 0 0 0 0 0 23254319089024 23254319110224 93825005318144 140732132092662 140732132093076 140732132093076 140732132106197 0
Current children cumulated CPU time: 6.23 s
Current children cumulated vsize: 375948 KiB
Current children cumulated memory: 230232 KiB

[startup+12.7243 s]
/proc/loadavg: 59.35 58.67 58.98 59/3661 1229848
/proc/meminfo: memFree=504693708/527542224 swapFree=32486748/33554428
[pid=1229709] ppid=1229707 vsize=4248 memory=3088 CPUtime=0 cores=0,2,4,6,8,14-17,22-25,37-40,44,50,56-60,62-63,65,67,112,114,116,118,120,126-129,134-137,149-152,156,162,168-172,174-175,177,179
/proc/1229709/stat : 1229709 (bash) S 1229707 1229709 1229605 0 -1 4194304 284 138 0 0 0 0 0 0 20 0 1 0 222178825 4349952 772 117440512000 94275269922816 94275270904733 140723309907376 0 0 0 65536 4 65538 0 0 0 17 134 0 0 0 0 0 94275271138032 94275271186276 94275280584704 140723309915139 140723309915315 140723309915315 140723309928426 0
/proc/1229709/statm: 1062 772 676 240 0 188 0
[pid=1229713] ppid=1229709 vsize=370996 memory=226440 CPUtime=12.61 cores=0,2,4,6,8,14-17,22-25,37-40,44,50,56-60,62-63,65,67,112,114,116,118,120,126-129,134-137,149-152,156,162,168-172,174-175,177,179
/proc/1229713/stat : 1229713 (kat_xcsp_2ccb88) S 1229709 1229709 1229605 0 -1 1077936128 120550 0 2 0 1240 21 0 0 20 0 3 0 222178826 379899904 56610 117440512000 23254311178240 23254318974944 140732132089856 0 0 0 0 4096 8406082 0 0 0 17 135 0 0 0 0 0 23254319089024 23254319110224 93825005318144 140732132092662 140732132093076 140732132093076 140732132106197 0
/proc/1229713/statm: 92749 56610 865 1904 0 73894 0
[pid=1229713/tid=1229714] ppid=1229709 vsize=370996 memory=226440 CPUtime=12.61 cores=0,2,4,6,8,14-17,22-25,37-40,44,50,56-60,62-63,65,67,112,114,116,118,120,126-129,134-137,149-152,156,162,168-172,174-175,177,179
/proc/1229713/task/1229714/stat : 1229714 (kat_xcsp_2ccb88) R 1229709 1229709 1229605 0 -1 4194368 120269 0 0 0 1240 21 0 0 20 0 3 0 222178827 379899904 56610 117440512000 23254311178240 23254318974944 140732132089856 0 0 0 0 4096 8406082 0 0 0 -1 126 0 0 0 0 0 23254319089024 23254319110224 93825005318144 140732132092662 140732132093076 140732132093076 140732132106197 0
[pid=1229713/tid=1229715] ppid=1229709 vsize=370996 memory=0 CPUtime=0 cores=0,2,4,6,8,14-17,22-25,37-40,44,50,56-60,62-63,65,67,112,114,116,118,120,126-129,134-137,149-152,156,162,168-172,174-175,177,179
/proc/1229713/task/1229715/stat : 1229715 (kat_xcsp_2ccb88) S 1229709 1229709 1229605 0 -1 1077936192 2 0 0 0 0 0 0 0 20 0 3 0 222178827 379899904 56610 117440512000 23254311178240 23254318974944 140732132089856 0 0 0 0 4096 8406082 0 0 0 -1 16 0 0 0 0 0 23254319089024 23254319110224 93825005318144 140732132092662 140732132093076 140732132093076 140732132106197 0
Current children cumulated CPU time: 12.61 s
Current children cumulated vsize: 375244 KiB
Current children cumulated memory: 229528 KiB

[startup+25.5004 s]
/proc/loadavg: 59.14 58.65 58.97 59/3660 1229855
/proc/meminfo: memFree=504266380/527542224 swapFree=32488796/33554428
[pid=1229709] ppid=1229707 vsize=4248 memory=3088 CPUtime=0 cores=0,2,4,6,8,14-17,22-25,37-40,44,50,56-60,62-63,65,67,112,114,116,118,120,126-129,134-137,149-152,156,162,168-172,174-175,177,179
/proc/1229709/stat : 1229709 (bash) S 1229707 1229709 1229605 0 -1 4194304 284 138 0 0 0 0 0 0 20 0 1 0 222178825 4349952 772 117440512000 94275269922816 94275270904733 140723309907376 0 0 0 65536 4 65538 0 0 0 17 134 0 0 0 0 0 94275271138032 94275271186276 94275280584704 140723309915139 140723309915315 140723309915315 140723309928426 0
/proc/1229709/statm: 1062 772 676 240 0 188 0
[pid=1229713] ppid=1229709 vsize=464408 memory=294044 CPUtime=25.31 cores=0,2,4,6,8,14-17,22-25,37-40,44,50,56-60,62-63,65,67,112,114,116,118,120,126-129,134-137,149-152,156,162,168-172,174-175,177,179
/proc/1229713/stat : 1229713 (kat_xcsp_2ccb88) S 1229709 1229709 1229605 0 -1 1077936128 163877 0 2 0 2502 29 0 0 20 0 3 0 222178826 475553792 73511 117440512000 23254311178240 23254318974944 140732132089856 0 0 0 0 4096 8406082 0 0 0 17 135 0 0 0 0 0 23254319089024 23254319110224 93825005318144 140732132092662 140732132093076 140732132093076 140732132106197 0
/proc/1229713/statm: 116102 73511 867 1904 0 89853 0
[pid=1229713/tid=1229714] ppid=1229709 vsize=464408 memory=3764 CPUtime=25.3 cores=0,2,4,6,8,14-17,22-25,37-40,44,50,56-60,62-63,65,67,112,114,116,118,120,126-129,134-137,149-152,156,162,168-172,174-175,177,179
/proc/1229713/task/1229714/stat : 1229714 (kat_xcsp_2ccb88) R 1229709 1229709 1229605 0 -1 4194368 163596 0 0 0 2502 28 0 0 20 0 3 0 222178827 475553792 73511 117440512000 23254311178240 23254318974944 140732132089856 0 0 0 0 4096 8406082 0 0 0 -1 14 0 0 0 0 0 23254319089024 23254319110224 93825005318144 140732132092662 140732132093076 140732132093076 140732132106197 0
[pid=1229713/tid=1229715] ppid=1229709 vsize=464408 memory=0 CPUtime=0 cores=0,2,4,6,8,14-17,22-25,37-40,44,50,56-60,62-63,65,67,112,114,116,118,120,126-129,134-137,149-152,156,162,168-172,174-175,177,179
/proc/1229713/task/1229715/stat : 1229715 (kat_xcsp_2ccb88) S 1229709 1229709 1229605 0 -1 1077936192 2 0 0 0 0 0 0 0 20 0 3 0 222178827 475553792 73511 117440512000 23254311178240 23254318974944 140732132089856 0 0 0 0 4096 8406082 0 0 0 -1 16 0 0 0 0 0 23254319089024 23254319110224 93825005318144 140732132092662 140732132093076 140732132093076 140732132106197 0
Current children cumulated CPU time: 25.31 s
Current children cumulated vsize: 468656 KiB
Current children cumulated memory: 297132 KiB

[startup+51.2229 s]
/proc/loadavg: 58.75 58.59 58.94 59/3661 1229876
/proc/meminfo: memFree=502785664/527542224 swapFree=32500316/33554428
[pid=1229709] ppid=1229707 vsize=4248 memory=3088 CPUtime=0 cores=0,2,4,6,8,14-17,22-25,37-40,44,50,56-60,62-63,65,67,112,114,116,118,120,126-129,134-137,149-152,156,162,168-172,174-175,177,179
/proc/1229709/stat : 1229709 (bash) S 1229707 1229709 1229605 0 -1 4194304 284 138 0 0 0 0 0 0 20 0 1 0 222178825 4349952 772 117440512000 94275269922816 94275270904733 140723309907376 0 0 0 65536 4 65538 0 0 0 17 134 0 0 0 0 0 94275271138032 94275271186276 94275280584704 140723309915139 140723309915315 140723309915315 140723309928426 0
/proc/1229709/statm: 1062 772 676 240 0 188 0
[pid=1229713] ppid=1229709 vsize=599532 memory=427196 CPUtime=50.86 cores=0,2,4,6,8,14-17,22-25,37-40,44,50,56-60,62-63,65,67,112,114,116,118,120,126-129,134-137,149-152,156,162,168-172,174-175,177,179
/proc/1229713/stat : 1229713 (kat_xcsp_2ccb88) S 1229709 1229709 1229605 0 -1 1077936128 449515 0 2 0 5021 65 0 0 20 0 3 0 222178826 613920768 106799 117440512000 23254311178240 23254318974944 140732132089856 0 0 0 0 4096 8406082 0 0 0 17 135 0 0 0 0 0 23254319089024 23254319110224 93825005318144 140732132092662 140732132093076 140732132093076 140732132106197 0
/proc/1229713/statm: 149883 106799 867 1904 0 131224 0
[pid=1229713/tid=1229714] ppid=1229709 vsize=599532 memory=300 CPUtime=50.86 cores=0,2,4,6,8,14-17,22-25,37-40,44,50,56-60,62-63,65,67,112,114,116,118,120,126-129,134-137,149-152,156,162,168-172,174-175,177,179
/proc/1229713/task/1229714/stat : 1229714 (kat_xcsp_2ccb88) R 1229709 1229709 1229605 0 -1 4194368 449234 0 0 0 5021 65 0 0 20 0 3 0 222178827 613920768 106799 117440512000 23254311178240 23254318974944 140732132089856 0 0 0 0 4096 8406082 0 0 0 -1 14 0 0 0 0 0 23254319089024 23254319110224 93825005318144 140732132092662 140732132093076 140732132093076 140732132106197 0
[pid=1229713/tid=1229715] ppid=1229709 vsize=599532 memory=0 CPUtime=0 cores=0,2,4,6,8,14-17,22-25,37-40,44,50,56-60,62-63,65,67,112,114,116,118,120,126-129,134-137,149-152,156,162,168-172,174-175,177,179
/proc/1229713/task/1229715/stat : 1229715 (kat_xcsp_2ccb88) S 1229709 1229709 1229605 0 -1 1077936192 2 0 0 0 0 0 0 0 20 0 3 0 222178827 613920768 106799 117440512000 23254311178240 23254318974944 140732132089856 0 0 0 0 4096 8406082 0 0 0 -1 16 0 0 0 0 0 23254319089024 23254319110224 93825005318144 140732132092662 140732132093076 140732132093076 140732132106197 0
Current children cumulated CPU time: 50.86 s
Current children cumulated vsize: 603780 KiB
Current children cumulated memory: 430284 KiB

[startup+102.3 s]
/proc/loadavg: 58.33 58.51 58.89 59/3663 1230192
/proc/meminfo: memFree=500678112/527542224 swapFree=32502620/33554428
[pid=1229709] ppid=1229707 vsize=4248 memory=3088 CPUtime=0 cores=0,2,4,6,8,14-17,22-25,37-40,44,50,56-60,62-63,65,67,112,114,116,118,120,126-129,134-137,149-152,156,162,168-172,174-175,177,179
/proc/1229709/stat : 1229709 (bash) S 1229707 1229709 1229605 0 -1 4194304 284 138 0 0 0 0 0 0 20 0 1 0 222178825 4349952 772 117440512000 94275269922816 94275270904733 140723309907376 0 0 0 65536 4 65538 0 0 0 17 134 0 0 0 0 0 94275271138032 94275271186276 94275280584704 140723309915139 140723309915315 140723309915315 140723309928426 0
/proc/1229709/statm: 1062 772 676 240 0 188 0
[pid=1229713] ppid=1229709 vsize=594720 memory=422384 CPUtime=101.6 cores=0,2,4,6,8,14-17,22-25,37-40,44,50,56-60,62-63,65,67,112,114,116,118,120,126-129,134-137,149-152,156,162,168-172,174-175,177,179
/proc/1229713/stat : 1229713 (kat_xcsp_2ccb88) S 1229709 1229709 1229605 0 -1 1077936128 726016 0 2 0 10060 100 0 0 20 0 3 0 222178826 608993280 105596 117440512000 23254311178240 23254318974944 140732132089856 0 0 0 0 4096 8406082 0 0 0 17 135 0 0 0 0 0 23254319089024 23254319110224 93825005318144 140732132092662 140732132093076 140732132093076 140732132106197 0
/proc/1229713/statm: 148680 105596 867 1904 0 130021 0
[pid=1229713/tid=1229714] ppid=1229709 vsize=594720 memory=50569167 CPUtime=101.6 cores=0,2,4,6,8,14-17,22-25,37-40,44,50,56-60,62-63,65,67,112,114,116,118,120,126-129,134-137,149-152,156,162,168-172,174-175,177,179
/proc/1229713/task/1229714/stat : 1229714 (kat_xcsp_2ccb88) R 1229709 1229709 1229605 0 -1 4194368 725735 0 0 0 10060 100 0 0 20 0 3 0 222178827 608993280 105596 117440512000 23254311178240 23254318974944 140732132089856 0 0 0 0 4096 8406082 0 0 0 -1 14 0 0 0 0 0 23254319089024 23254319110224 93825005318144 140732132092662 140732132093076 140732132093076 140732132106197 0
[pid=1229713/tid=1229715] ppid=1229709 vsize=594720 memory=41626460 CPUtime=0 cores=0,2,4,6,8,14-17,22-25,37-40,44,50,56-60,62-63,65,67,112,114,116,118,120,126-129,134-137,149-152,156,162,168-172,174-175,177,179
/proc/1229713/task/1229715/stat : 1229715 (kat_xcsp_2ccb88) S 1229709 1229709 1229605 0 -1 1077936192 2 0 0 0 0 0 0 0 20 0 3 0 222178827 608993280 105596 117440512000 23254311178240 23254318974944 140732132089856 0 0 0 0 4096 8406082 0 0 0 -1 16 0 0 0 0 0 23254319089024 23254319110224 93825005318144 140732132092662 140732132093076 140732132093076 140732132106197 0
Current children cumulated CPU time: 101.6 s
Current children cumulated vsize: 598968 KiB
Current children cumulated memory: 425472 KiB

[startup+162.325 s]
/proc/loadavg: 58.60 58.58 58.89 59/3664 1230243
/proc/meminfo: memFree=498177044/527542224 swapFree=32503900/33554428
[pid=1229709] ppid=1229707 vsize=4248 memory=3088 CPUtime=0 cores=0,2,4,6,8,14-17,22-25,37-40,44,50,56-60,62-63,65,67,112,114,116,118,120,126-129,134-137,149-152,156,162,168-172,174-175,177,179
/proc/1229709/stat : 1229709 (bash) S 1229707 1229709 1229605 0 -1 4194304 284 138 0 0 0 0 0 0 20 0 1 0 222178825 4349952 772 117440512000 94275269922816 94275270904733 140723309907376 0 0 0 65536 4 65538 0 0 0 17 134 0 0 0 0 0 94275271138032 94275271186276 94275280584704 140723309915139 140723309915315 140723309915315 140723309928426 0
/proc/1229709/statm: 1062 772 676 240 0 188 0
[pid=1229713] ppid=1229709 vsize=660248 memory=490692 CPUtime=161.23 cores=0,2,4,6,8,14-17,22-25,37-40,44,50,56-60,62-63,65,67,112,114,116,118,120,126-129,134-137,149-152,156,162,168-172,174-175,177,179
/proc/1229713/stat : 1229713 (kat_xcsp_2ccb88) S 1229709 1229709 1229605 0 -1 1077936128 1002732 0 2 0 15983 140 0 0 20 0 3 0 222178826 676093952 122673 117440512000 23254311178240 23254318974944 140732132089856 0 0 0 0 4096 8406082 0 0 0 17 135 0 0 0 0 0 23254319089024 23254319110224 93825005318144 140732132092662 140732132093076 140732132093076 140732132106197 0
/proc/1229713/statm: 165062 122673 867 1904 0 140989 0
[pid=1229713/tid=1229714] ppid=1229709 vsize=660248 memory=490692 CPUtime=161.22 cores=0,2,4,6,8,14-17,22-25,37-40,44,50,56-60,62-63,65,67,112,114,116,118,120,126-129,134-137,149-152,156,162,168-172,174-175,177,179
/proc/1229713/task/1229714/stat : 1229714 (kat_xcsp_2ccb88) R 1229709 1229709 1229605 0 -1 4194368 1002451 0 0 0 15983 139 0 0 20 0 3 0 222178827 676093952 122673 117440512000 23254311178240 23254318974944 140732132089856 0 0 0 0 4096 8406082 0 0 0 -1 14 0 0 0 0 0 23254319089024 23254319110224 93825005318144 140732132092662 140732132093076 140732132093076 140732132106197 0
[pid=1229713/tid=1229715] ppid=1229709 vsize=660248 memory=431144 CPUtime=0 cores=0,2,4,6,8,14-17,22-25,37-40,44,50,56-60,62-63,65,67,112,114,116,118,120,126-129,134-137,149-152,156,162,168-172,174-175,177,179
/proc/1229713/task/1229715/stat : 1229715 (kat_xcsp_2ccb88) S 1229709 1229709 1229605 0 -1 1077936192 2 0 0 0 0 0 0 0 20 0 3 0 222178827 676093952 122673 117440512000 23254311178240 23254318974944 140732132089856 0 0 0 0 4096 8406082 0 0 0 -1 16 0 0 0 0 0 23254319089024 23254319110224 93825005318144 140732132092662 140732132093076 140732132093076 140732132106197 0
Current children cumulated CPU time: 161.23 s
Current children cumulated vsize: 664496 KiB
Current children cumulated memory: 493780 KiB

[startup+222.3 s]
/proc/loadavg: 58.33 58.51 58.85 59/3663 1230560
/proc/meminfo: memFree=495811648/527542224 swapFree=32505692/33554428
[pid=1229709] ppid=1229707 vsize=4248 memory=3088 CPUtime=0 cores=0,2,4,6,8,14-17,22-25,37-40,44,50,56-60,62-63,65,67,112,114,116,118,120,126-129,134-137,149-152,156,162,168-172,174-175,177,179
/proc/1229709/stat : 1229709 (bash) S 1229707 1229709 1229605 0 -1 4194304 284 138 0 0 0 0 0 0 20 0 1 0 222178825 4349952 772 117440512000 94275269922816 94275270904733 140723309907376 0 0 0 65536 4 65538 0 0 0 17 134 0 0 0 0 0 94275271138032 94275271186276 94275280584704 140723309915139 140723309915315 140723309915315 140723309928426 0
/proc/1229709/statm: 1062 772 676 240 0 188 0
[pid=1229713] ppid=1229709 vsize=674048 memory=516300 CPUtime=220.81 cores=0,2,4,6,8,14-17,22-25,37-40,44,50,56-60,62-63,65,67,112,114,116,118,120,126-129,134-137,149-152,156,162,168-172,174-175,177,179
/proc/1229713/stat : 1229713 (kat_xcsp_2ccb88) S 1229709 1229709 1229605 0 -1 1077936128 1215998 0 2 0 21908 173 0 0 20 0 3 0 222178826 690225152 129075 117440512000 23254311178240 23254318974944 140732132089856 0 0 0 0 4096 8406082 0 0 0 17 135 0 0 0 0 0 23254319089024 23254319110224 93825005318144 140732132092662 140732132093076 140732132093076 140732132106197 0
/proc/1229713/statm: 168512 129075 867 1904 0 148903 0
[pid=1229713/tid=1229714] ppid=1229709 vsize=674048 memory=490692 CPUtime=220.8 cores=0,2,4,6,8,14-17,22-25,37-40,44,50,56-60,62-63,65,67,112,114,116,118,120,126-129,134-137,149-152,156,162,168-172,174-175,177,179
/proc/1229713/task/1229714/stat : 1229714 (kat_xcsp_2ccb88) R 1229709 1229709 1229605 0 -1 4194368 1215717 0 0 0 21908 172 0 0 20 0 3 0 222178827 690225152 129075 117440512000 23254311178240 23254318974944 140732132089856 0 0 0 0 4096 8406082 0 0 0 -1 14 0 0 0 0 0 23254319089024 23254319110224 93825005318144 140732132092662 140732132093076 140732132093076 140732132106197 0
[pid=1229713/tid=1229715] ppid=1229709 vsize=674048 memory=431144 CPUtime=0 cores=0,2,4,6,8,14-17,22-25,37-40,44,50,56-60,62-63,65,67,112,114,116,118,120,126-129,134-137,149-152,156,162,168-172,174-175,177,179
/proc/1229713/task/1229715/stat : 1229715 (kat_xcsp_2ccb88) S 1229709 1229709 1229605 0 -1 1077936192 2 0 0 0 0 0 0 0 20 0 3 0 222178827 690225152 129075 117440512000 23254311178240 23254318974944 140732132089856 0 0 0 0 4096 8406082 0 0 0 -1 16 0 0 0 0 0 23254319089024 23254319110224 93825005318144 140732132092662 140732132093076 140732132093076 140732132106197 0
Current children cumulated CPU time: 220.81 s
Current children cumulated vsize: 678296 KiB
Current children cumulated memory: 519388 KiB

[startup+282.3 s]
/proc/loadavg: 58.19 58.43 58.80 59/3661 1230879
/proc/meminfo: memFree=493369576/527542224 swapFree=32506204/33554428
[pid=1229709] ppid=1229707 vsize=4248 memory=3088 CPUtime=0 cores=0,2,4,6,8,14-17,22-25,37-40,44,50,56-60,62-63,65,67,112,114,116,118,120,126-129,134-137,149-152,156,162,168-172,174-175,177,179
/proc/1229709/stat : 1229709 (bash) S 1229707 1229709 1229605 0 -1 4194304 284 138 0 0 0 0 0 0 20 0 1 0 222178825 4349952 772 117440512000 94275269922816 94275270904733 140723309907376 0 0 0 65536 4 65538 0 0 0 17 134 0 0 0 0 0 94275271138032 94275271186276 94275280584704 140723309915139 140723309915315 140723309915315 140723309928426 0
/proc/1229709/statm: 1062 772 676 240 0 188 0
[pid=1229713] ppid=1229709 vsize=694436 memory=528544 CPUtime=280.42 cores=0,2,4,6,8,14-17,22-25,37-40,44,50,56-60,62-63,65,67,112,114,116,118,120,126-129,134-137,149-152,156,162,168-172,174-175,177,179
/proc/1229713/stat : 1229713 (kat_xcsp_2ccb88) S 1229709 1229709 1229605 0 -1 1077936128 1689730 0 2 0 27814 228 0 0 20 0 3 0 222178826 711102464 132136 117440512000 23254311178240 23254318974944 140732132089856 0 0 0 0 4096 8406082 0 0 0 17 135 0 0 0 0 0 23254319089024 23254319110224 93825005318144 140732132092662 140732132093076 140732132093076 140732132106197 0
/proc/1229713/statm: 173609 132136 867 1904 0 154000 0
[pid=1229713/tid=1229714] ppid=1229709 vsize=694436 memory=2740 CPUtime=280.42 cores=0,2,4,6,8,14-17,22-25,37-40,44,50,56-60,62-63,65,67,112,114,116,118,120,126-129,134-137,149-152,156,162,168-172,174-175,177,179
/proc/1229713/task/1229714/stat : 1229714 (kat_xcsp_2ccb88) R 1229709 1229709 1229605 0 -1 4194368 1689449 0 0 0 27815 227 0 0 20 0 3 0 222178827 711102464 132136 117440512000 23254311178240 23254318974944 140732132089856 0 0 0 0 4096 8406082 0 0 0 -1 14 0 0 0 0 0 23254319089024 23254319110224 93825005318144 140732132092662 140732132093076 140732132093076 140732132106197 0
[pid=1229713/tid=1229715] ppid=1229709 vsize=694436 memory=7222209874174837011 CPUtime=0 cores=0,2,4,6,8,14-17,22-25,37-40,44,50,56-60,62-63,65,67,112,114,116,118,120,126-129,134-137,149-152,156,162,168-172,174-175,177,179
/proc/1229713/task/1229715/stat : 1229715 (kat_xcsp_2ccb88) S 1229709 1229709 1229605 0 -1 1077936192 2 0 0 0 0 0 0 0 20 0 3 0 222178827 711102464 132136 117440512000 23254311178240 23254318974944 140732132089856 0 0 0 0 4096 8406082 0 0 0 -1 16 0 0 0 0 0 23254319089024 23254319110224 93825005318144 140732132092662 140732132093076 140732132093076 140732132106197 0
Current children cumulated CPU time: 280.42 s
Current children cumulated vsize: 698684 KiB
Current children cumulated memory: 531632 KiB

[startup+342.3 s]
/proc/loadavg: 58.19 58.38 58.76 63/3644 1230915
/proc/meminfo: memFree=490950512/527542224 swapFree=32506972/33554428
[pid=1229709] ppid=1229707 vsize=4248 memory=3088 CPUtime=0 cores=0,2,4,6,8,14-17,22-25,37-40,44,50,56-60,62-63,65,67,112,114,116,118,120,126-129,134-137,149-152,156,162,168-172,174-175,177,179
/proc/1229709/stat : 1229709 (bash) S 1229707 1229709 1229605 0 -1 4194304 284 138 0 0 0 0 0 0 20 0 1 0 222178825 4349952 772 117440512000 94275269922816 94275270904733 140723309907376 0 0 0 65536 4 65538 0 0 0 17 134 0 0 0 0 0 94275271138032 94275271186276 94275280584704 140723309915139 140723309915315 140723309915315 140723309928426 0
/proc/1229709/statm: 1062 772 676 240 0 188 0
[pid=1229713] ppid=1229709 vsize=725716 memory=559824 CPUtime=340.03 cores=0,2,4,6,8,14-17,22-25,37-40,44,50,56-60,62-63,65,67,112,114,116,118,120,126-129,134-137,149-152,156,162,168-172,174-175,177,179
/proc/1229713/stat : 1229713 (kat_xcsp_2ccb88) S 1229709 1229709 1229605 0 -1 1077936128 1971143 0 2 0 33732 271 0 0 20 0 3 0 222178826 743133184 139956 117440512000 23254311178240 23254318974944 140732132089856 0 0 0 0 4096 8406082 0 0 0 17 135 0 0 0 0 0 23254319089024 23254319110224 93825005318144 140732132092662 140732132093076 140732132093076 140732132106197 0
/proc/1229713/statm: 181429 139956 867 1904 0 161820 0
[pid=1229713/tid=1229714] ppid=1229709 vsize=725716 memory=3088 CPUtime=340.03 cores=0,2,4,6,8,14-17,22-25,37-40,44,50,56-60,62-63,65,67,112,114,116,118,120,126-129,134-137,149-152,156,162,168-172,174-175,177,179
/proc/1229713/task/1229714/stat : 1229714 (kat_xcsp_2ccb88) R 1229709 1229709 1229605 0 -1 4194368 1970862 0 0 0 33732 271 0 0 20 0 3 0 222178827 743133184 139956 117440512000 23254311178240 23254318974944 140732132089856 0 0 0 0 4096 8406082 0 0 0 -1 14 0 0 0 0 0 23254319089024 23254319110224 93825005318144 140732132092662 140732132093076 140732132093076 140732132106197 0
[pid=1229713/tid=1229715] ppid=1229709 vsize=725716 memory=0 CPUtime=0 cores=0,2,4,6,8,14-17,22-25,37-40,44,50,56-60,62-63,65,67,112,114,116,118,120,126-129,134-137,149-152,156,162,168-172,174-175,177,179
/proc/1229713/task/1229715/stat : 1229715 (kat_xcsp_2ccb88) S 1229709 1229709 1229605 0 -1 1077936192 2 0 0 0 0 0 0 0 20 0 3 0 222178827 743133184 139956 117440512000 23254311178240 23254318974944 140732132089856 0 0 0 0 4096 8406082 0 0 0 -1 16 0 0 0 0 0 23254319089024 23254319110224 93825005318144 140732132092662 140732132093076 140732132093076 140732132106197 0
Current children cumulated CPU time: 340.03 s
Current children cumulated vsize: 729964 KiB
Current children cumulated memory: 562912 KiB

[startup+402.3 s]
/proc/loadavg: 58.18 58.34 58.72 59/3643 1230965
/proc/meminfo: memFree=488498416/527542224 swapFree=32507740/33554428
[pid=1229709] ppid=1229707 vsize=4248 memory=3088 CPUtime=0 cores=0,2,4,6,8,14-17,22-25,37-40,44,50,56-60,62-63,65,67,112,114,116,118,120,126-129,134-137,149-152,156,162,168-172,174-175,177,179
/proc/1229709/stat : 1229709 (bash) S 1229707 1229709 1229605 0 -1 4194304 284 138 0 0 0 0 0 0 20 0 1 0 222178825 4349952 772 117440512000 94275269922816 94275270904733 140723309907376 0 0 0 65536 4 65538 0 0 0 17 134 0 0 0 0 0 94275271138032 94275271186276 94275280584704 140723309915139 140723309915315 140723309915315 140723309928426 0
/proc/1229709/statm: 1062 772 676 240 0 188 0
[pid=1229713] ppid=1229709 vsize=768144 memory=577764 CPUtime=399.63 cores=0,2,4,6,8,14-17,22-25,37-40,44,50,56-60,62-63,65,67,112,114,116,118,120,126-129,134-137,149-152,156,162,168-172,174-175,177,179
/proc/1229713/stat : 1229713 (kat_xcsp_2ccb88) S 1229709 1229709 1229605 0 -1 1077936128 2451828 0 68 0 39631 332 0 0 20 0 3 0 222178826 786579456 144441 117440512000 23254311178240 23254318974944 140732132089856 0 0 0 0 4096 8406082 0 0 0 17 135 0 0 0 0 0 23254319089024 23254319110224 93825005318144 140732132092662 140732132093076 140732132093076 140732132106197 0
/proc/1229713/statm: 192036 144441 15 1904 0 169374 0
[pid=1229713/tid=1229714] ppid=1229709 vsize=768144 memory=3088 CPUtime=399.64 cores=0,2,4,6,8,14-17,22-25,37-40,44,50,56-60,62-63,65,67,112,114,116,118,120,126-129,134-137,149-152,156,162,168-172,174-175,177,179
/proc/1229713/task/1229714/stat : 1229714 (kat_xcsp_2ccb88) R 1229709 1229709 1229605 0 -1 4194368 2451547 0 66 0 39632 332 0 0 20 0 3 0 222178827 786579456 144441 117440512000 23254311178240 23254318974944 140732132089856 0 0 0 0 4096 8406082 0 0 0 -1 126 0 0 0 0 0 23254319089024 23254319110224 93825005318144 140732132092662 140732132093076 140732132093076 140732132106197 0
[pid=1229713/tid=1229715] ppid=1229709 vsize=768144 memory=577768 CPUtime=0 cores=0,2,4,6,8,14-17,22-25,37-40,44,50,56-60,62-63,65,67,112,114,116,118,120,126-129,134-137,149-152,156,162,168-172,174-175,177,179
/proc/1229713/task/1229715/stat : 1229715 (kat_xcsp_2ccb88) S 1229709 1229709 1229605 0 -1 1077936192 2 0 0 0 0 0 0 0 20 0 3 0 222178827 786579456 144441 117440512000 23254311178240 23254318974944 140732132089856 0 0 0 0 4096 8406082 0 0 0 -1 16 0 0 0 0 0 23254319089024 23254319110224 93825005318144 140732132092662 140732132093076 140732132093076 140732132106197 0
Current children cumulated CPU time: 399.63 s
Current children cumulated vsize: 772392 KiB
Current children cumulated memory: 580852 KiB

[startup+462.3 s]
/proc/loadavg: 58.17 58.31 58.68 59/3643 1231002
/proc/meminfo: memFree=486087732/527542224 swapFree=32508508/33554428
[pid=1229709] ppid=1229707 vsize=4248 memory=3088 CPUtime=0 cores=0,2,4,6,8,14-17,22-25,37-40,44,50,56-60,62-63,65,67,112,114,116,118,120,126-129,134-137,149-152,156,162,168-172,174-175,177,179
/proc/1229709/stat : 1229709 (bash) S 1229707 1229709 1229605 0 -1 4194304 284 138 0 0 0 0 0 0 20 0 1 0 222178825 4349952 772 117440512000 94275269922816 94275270904733 140723309907376 0 0 0 65536 4 65538 0 0 0 17 134 0 0 0 0 0 94275271138032 94275271186276 94275280584704 140723309915139 140723309915315 140723309915315 140723309928426 0
/proc/1229709/statm: 1062 772 676 240 0 188 0
[pid=1229713] ppid=1229709 vsize=768380 memory=579396 CPUtime=459.19 cores=0,2,4,6,8,14-17,22-25,37-40,44,50,56-60,62-63,65,67,112,114,116,118,120,126-129,134-137,149-152,156,162,168-172,174-175,177,179
/proc/1229713/stat : 1229713 (kat_xcsp_2ccb88) S 1229709 1229709 1229605 0 -1 1077936128 2571130 0 405 0 45571 348 0 0 20 0 3 0 222178826 786821120 144849 117440512000 23254311178240 23254318974944 140732132089856 0 0 0 0 4096 8406082 0 0 0 17 135 0 0 0 0 0 23254319089024 23254319110224 93825005318144 140732132092662 140732132093076 140732132093076 140732132106197 0
/proc/1229713/statm: 192095 144849 352 1904 0 169433 0
[pid=1229713/tid=1229714] ppid=1229709 vsize=768380 memory=3088 CPUtime=459.19 cores=0,2,4,6,8,14-17,22-25,37-40,44,50,56-60,62-63,65,67,112,114,116,118,120,126-129,134-137,149-152,156,162,168-172,174-175,177,179
/proc/1229713/task/1229714/stat : 1229714 (kat_xcsp_2ccb88) R 1229709 1229709 1229605 0 -1 4194368 2570849 0 403 0 45571 348 0 0 20 0 3 0 222178827 786821120 144849 117440512000 23254311178240 23254318974944 140732132089856 0 0 0 0 4096 8406082 0 0 0 -1 126 0 0 0 0 0 23254319089024 23254319110224 93825005318144 140732132092662 140732132093076 140732132093076 140732132106197 0
[pid=1229713/tid=1229715] ppid=1229709 vsize=768380 memory=579396 CPUtime=0 cores=0,2,4,6,8,14-17,22-25,37-40,44,50,56-60,62-63,65,67,112,114,116,118,120,126-129,134-137,149-152,156,162,168-172,174-175,177,179
/proc/1229713/task/1229715/stat : 1229715 (kat_xcsp_2ccb88) S 1229709 1229709 1229605 0 -1 1077936192 2 0 0 0 0 0 0 0 20 0 3 0 222178827 786821120 144849 117440512000 23254311178240 23254318974944 140732132089856 0 0 0 0 4096 8406082 0 0 0 -1 16 0 0 0 0 0 23254319089024 23254319110224 93825005318144 140732132092662 140732132093076 140732132093076 140732132106197 0
Current children cumulated CPU time: 459.19 s
Current children cumulated vsize: 772628 KiB
Current children cumulated memory: 582484 KiB

[startup+522.3 s]
/proc/loadavg: 58.20 58.29 58.65 59/3641 1231044
/proc/meminfo: memFree=483603880/527542224 swapFree=32509532/33554428
[pid=1229709] ppid=1229707 vsize=4248 memory=3088 CPUtime=0 cores=0,2,4,6,8,14-17,22-25,37-40,44,50,56-60,62-63,65,67,112,114,116,118,120,126-129,134-137,149-152,156,162,168-172,174-175,177,179
/proc/1229709/stat : 1229709 (bash) S 1229707 1229709 1229605 0 -1 4194304 284 138 0 0 0 0 0 0 20 0 1 0 222178825 4349952 772 117440512000 94275269922816 94275270904733 140723309907376 0 0 0 65536 4 65538 0 0 0 17 134 0 0 0 0 0 94275271138032 94275271186276 94275280584704 140723309915139 140723309915315 140723309915315 140723309928426 0
/proc/1229709/statm: 1062 772 676 240 0 188 0
[pid=1229713] ppid=1229709 vsize=845120 memory=635756 CPUtime=518.83 cores=0,2,4,6,8,14-17,22-25,37-40,44,50,56-60,62-63,65,67,112,114,116,118,120,126-129,134-137,149-152,156,162,168-172,174-175,177,179
/proc/1229713/stat : 1229713 (kat_xcsp_2ccb88) S 1229709 1229709 1229605 0 -1 1077936128 2617640 0 411 0 51524 359 0 0 20 0 3 0 222178826 865402880 158939 117440512000 23254311178240 23254318974944 140732132089856 0 0 0 0 4096 8406082 0 0 0 17 135 0 0 0 0 0 23254319089024 23254319110224 93825005318144 140732132092662 140732132093076 140732132093076 140732132106197 0
/proc/1229713/statm: 211280 158939 358 1904 0 180739 0
[pid=1229713/tid=1229714] ppid=1229709 vsize=845120 memory=635756 CPUtime=518.82 cores=0,2,4,6,8,14-17,22-25,37-40,44,50,56-60,62-63,65,67,112,114,116,118,120,126-129,134-137,149-152,156,162,168-172,174-175,177,179
/proc/1229713/task/1229714/stat : 1229714 (kat_xcsp_2ccb88) R 1229709 1229709 1229605 0 -1 4194368 2617359 0 409 0 51524 358 0 0 20 0 3 0 222178827 865402880 158939 117440512000 23254311178240 23254318974944 140732132089856 0 0 0 0 4096 8406082 0 0 0 -1 14 0 0 0 0 0 23254319089024 23254319110224 93825005318144 140732132092662 140732132093076 140732132093076 140732132106197 0
[pid=1229713/tid=1229715] ppid=1229709 vsize=845120 memory=3088 CPUtime=0 cores=0,2,4,6,8,14-17,22-25,37-40,44,50,56-60,62-63,65,67,112,114,116,118,120,126-129,134-137,149-152,156,162,168-172,174-175,177,179
/proc/1229713/task/1229715/stat : 1229715 (kat_xcsp_2ccb88) S 1229709 1229709 1229605 0 -1 1077936192 2 0 0 0 0 0 0 0 20 0 3 0 222178827 865402880 158939 117440512000 23254311178240 23254318974944 140732132089856 0 0 0 0 4096 8406082 0 0 0 -1 16 0 0 0 0 0 23254319089024 23254319110224 93825005318144 140732132092662 140732132093076 140732132093076 140732132106197 0
Current children cumulated CPU time: 518.83 s
Current children cumulated vsize: 849368 KiB
Current children cumulated memory: 638844 KiB

[startup+582.3 s]*
/proc/loadavg: 58.28 58.30 58.63 59/3641 1231082
/proc/meminfo: memFree=481107476/527542224 swapFree=32510812/33554428
[pid=1229709] ppid=1229707 vsize=4248 memory=3088 CPUtime=0 cores=0,2,4,6,8,14-17,22-25,37-40,44,50,56-60,62-63,65,67,112,114,116,118,120,126-129,134-137,149-152,156,162,168-172,174-175,177,179
/proc/1229709/stat : 1229709 (bash) S 1229707 1229709 1229605 0 -1 4194304 284 138 0 0 0 0 0 0 20 0 1 0 222178825 4349952 772 117440512000 94275269922816 94275270904733 140723309907376 0 0 0 65536 4 65538 0 0 0 17 134 0 0 0 0 0 94275271138032 94275271186276 94275280584704 140723309915139 140723309915315 140723309915315 140723309928426 0
/proc/1229709/statm: 1062 772 676 240 0 188 0
[pid=1229713] ppid=1229709 vsize=913368 memory=655848 CPUtime=578.56 cores=0,2,4,6,8,14-17,22-25,37-40,44,50,56-60,62-63,65,67,112,114,116,118,120,126-129,134-137,149-152,156,162,168-172,174-175,177,179
/proc/1229713/stat : 1229713 (kat_xcsp_2ccb88) S 1229709 1229709 1229605 0 -1 1077936128 2673191 0 433 0 57478 378 0 0 20 0 3 0 222178826 935288832 163962 117440512000 23254311178240 23254318974944 140732132089856 0 0 0 0 4096 8406082 0 0 0 17 135 0 0 0 0 0 23254319089024 23254319110224 93825005318144 140732132092662 140732132093076 140732132093076 140732132106197 0
/proc/1229713/statm: 228342 163962 380 1904 0 194412 0
[pid=1229713/tid=1229714] ppid=1229709 vsize=913368 memory=50145545 CPUtime=578.57 cores=0,2,4,6,8,14-17,22-25,37-40,44,50,56-60,62-63,65,67,112,114,116,118,120,126-129,134-137,149-152,156,162,168-172,174-175,177,179
/proc/1229713/task/1229714/stat : 1229714 (kat_xcsp_2ccb88) R 1229709 1229709 1229605 0 -1 4194368 2672911 0 431 0 57479 378 0 0 20 0 3 0 222178827 935288832 163962 117440512000 23254311178240 23254318974944 140732132089856 0 0 0 0 4096 8406082 0 0 0 -1 14 0 0 0 0 0 23254319089024 23254319110224 93825005318144 140732132092662 140732132093076 140732132093076 140732132106197 0
[pid=1229713/tid=1229715] ppid=1229709 vsize=913368 memory=47335998 CPUtime=0 cores=0,2,4,6,8,14-17,22-25,37-40,44,50,56-60,62-63,65,67,112,114,116,118,120,126-129,134-137,149-152,156,162,168-172,174-175,177,179
/proc/1229713/task/1229715/stat : 1229715 (kat_xcsp_2ccb88) S 1229709 1229709 1229605 0 -1 1077936192 2 0 0 0 0 0 0 0 20 0 3 0 222178827 935288832 163962 117440512000 23254311178240 23254318974944 140732132089856 0 0 0 0 4096 8406082 0 0 0 -1 16 0 0 0 0 0 23254319089024 23254319110224 93825005318144 140732132092662 140732132093076 140732132093076 140732132106197 0
Current children cumulated CPU time: 578.56 s
Current children cumulated vsize: 917616 KiB
Current children cumulated memory: 658936 KiB

[startup+642.3 s]
/proc/loadavg: 58.24 58.30 58.61 59/3641 1231121
/proc/meminfo: memFree=478694380/527542224 swapFree=32512604/33554428
[pid=1229709] ppid=1229707 vsize=4248 memory=3088 CPUtime=0 cores=0,2,4,6,8,14-17,22-25,37-40,44,50,56-60,62-63,65,67,112,114,116,118,120,126-129,134-137,149-152,156,162,168-172,174-175,177,179
/proc/1229709/stat : 1229709 (bash) S 1229707 1229709 1229605 0 -1 4194304 284 138 0 0 0 0 0 0 20 0 1 0 222178825 4349952 772 117440512000 94275269922816 94275270904733 140723309907376 0 0 0 65536 4 65538 0 0 0 17 134 0 0 0 0 0 94275271138032 94275271186276 94275280584704 140723309915139 140723309915315 140723309915315 140723309928426 0
/proc/1229709/statm: 1062 772 676 240 0 188 0
[pid=1229713] ppid=1229709 vsize=912716 memory=696524 CPUtime=638.05 cores=0,2,4,6,8,14-17,22-25,37-40,44,50,56-60,62-63,65,67,112,114,116,118,120,126-129,134-137,149-152,156,162,168-172,174-175,177,179
/proc/1229713/stat : 1229713 (kat_xcsp_2ccb88) S 1229709 1229709 1229605 0 -1 1077936128 2702312 0 434 0 63419 386 0 0 20 0 3 0 222178826 934621184 174131 117440512000 23254311178240 23254318974944 140732132089856 0 0 0 0 4096 8406082 0 0 0 17 135 0 0 0 0 0 23254319089024 23254319110224 93825005318144 140732132092662 140732132093076 140732132093076 140732132106197 0
/proc/1229713/statm: 228179 174131 381 1904 0 204056 0
[pid=1229713/tid=1229714] ppid=1229709 vsize=912716 memory=3088 CPUtime=638.06 cores=0,2,4,6,8,14-17,22-25,37-40,44,50,56-60,62-63,65,67,112,114,116,118,120,126-129,134-137,149-152,156,162,168-172,174-175,177,179
/proc/1229713/task/1229714/stat : 1229714 (kat_xcsp_2ccb88) R 1229709 1229709 1229605 0 -1 4194368 2702031 0 432 0 63420 386 0 0 20 0 3 0 222178827 934621184 174131 117440512000 23254311178240 23254318974944 140732132089856 0 0 0 0 4096 8406082 0 0 0 -1 14 0 0 0 0 0 23254319089024 23254319110224 93825005318144 140732132092662 140732132093076 140732132093076 140732132106197 0
[pid=1229713/tid=1229715] ppid=1229709 vsize=912716 memory=3088 CPUtime=0 cores=0,2,4,6,8,14-17,22-25,37-40,44,50,56-60,62-63,65,67,112,114,116,118,120,126-129,134-137,149-152,156,162,168-172,174-175,177,179
/proc/1229713/task/1229715/stat : 1229715 (kat_xcsp_2ccb88) S 1229709 1229709 1229605 0 -1 1077936192 2 0 0 0 0 0 0 0 20 0 3 0 222178827 934621184 174131 117440512000 23254311178240 23254318974944 140732132089856 0 0 0 0 4096 8406082 0 0 0 -1 16 0 0 0 0 0 23254319089024 23254319110224 93825005318144 140732132092662 140732132093076 140732132093076 140732132106197 0
Current children cumulated CPU time: 638.05 s
Current children cumulated vsize: 916964 KiB
Current children cumulated memory: 699612 KiB

[startup+702.422 s]
/proc/loadavg: 58.28 58.29 58.58 59/3640 1231160
/proc/meminfo: memFree=476200688/527542224 swapFree=32513628/33554428
[pid=1229709] ppid=1229707 vsize=4248 memory=3088 CPUtime=0 cores=0,2,4,6,8,14-17,22-25,37-40,44,50,56-60,62-63,65,67,112,114,116,118,120,126-129,134-137,149-152,156,162,168-172,174-175,177,179
/proc/1229709/stat : 1229709 (bash) S 1229707 1229709 1229605 0 -1 4194304 284 138 0 0 0 0 0 0 20 0 1 0 222178825 4349952 772 117440512000 94275269922816 94275270904733 140723309907376 0 0 0 65536 4 65538 0 0 0 17 134 0 0 0 0 0 94275271138032 94275271186276 94275280584704 140723309915139 140723309915315 140723309915315 140723309928426 0
/proc/1229709/statm: 1062 772 676 240 0 188 0
[pid=1229713] ppid=1229709 vsize=924572 memory=708380 CPUtime=697.79 cores=0,2,4,6,8,14-17,22-25,37-40,44,50,56-60,62-63,65,67,112,114,116,118,120,126-129,134-137,149-152,156,162,168-172,174-175,177,179
/proc/1229713/stat : 1229713 (kat_xcsp_2ccb88) S 1229709 1229709 1229605 0 -1 1077936128 2748155 0 434 0 69384 395 0 0 20 0 3 0 222178826 946761728 177095 117440512000 23254311178240 23254318974944 140732132089856 0 0 0 0 4096 8406082 0 0 0 17 135 0 0 0 0 0 23254319089024 23254319110224 93825005318144 140732132092662 140732132093076 140732132093076 140732132106197 0
/proc/1229713/statm: 231143 177095 381 1904 0 207020 0
[pid=1229713/tid=1229714] ppid=1229709 vsize=924572 memory=3088 CPUtime=697.78 cores=0,2,4,6,8,14-17,22-25,37-40,44,50,56-60,62-63,65,67,112,114,116,118,120,126-129,134-137,149-152,156,162,168-172,174-175,177,179
/proc/1229713/task/1229714/stat : 1229714 (kat_xcsp_2ccb88) R 1229709 1229709 1229605 0 -1 4194368 2747874 0 432 0 69384 394 0 0 20 0 3 0 222178827 946761728 177095 117440512000 23254311178240 23254318974944 140732132089856 0 0 0 0 4096 8406082 0 0 0 -1 14 0 0 0 0 0 23254319089024 23254319110224 93825005318144 140732132092662 140732132093076 140732132093076 140732132106197 0
[pid=1229713/tid=1229715] ppid=1229709 vsize=924572 memory=3088 CPUtime=0 cores=0,2,4,6,8,14-17,22-25,37-40,44,50,56-60,62-63,65,67,112,114,116,118,120,126-129,134-137,149-152,156,162,168-172,174-175,177,179
/proc/1229713/task/1229715/stat : 1229715 (kat_xcsp_2ccb88) S 1229709 1229709 1229605 0 -1 1077936192 2 0 0 0 0 0 0 0 20 0 3 0 222178827 946761728 177095 117440512000 23254311178240 23254318974944 140732132089856 0 0 0 0 4096 8406082 0 0 0 -1 16 0 0 0 0 0 23254319089024 23254319110224 93825005318144 140732132092662 140732132093076 140732132093076 140732132106197 0
Current children cumulated CPU time: 697.79 s
Current children cumulated vsize: 928820 KiB
Current children cumulated memory: 711468 KiB

[startup+762.3 s]
/proc/loadavg: 58.30 58.28 58.56 59/3641 1231758
/proc/meminfo: memFree=473827856/527542224 swapFree=32514652/33554428
[pid=1229709] ppid=1229707 vsize=4248 memory=3088 CPUtime=0 cores=0,2,4,6,8,14-17,22-25,37-40,44,50,56-60,62-63,65,67,112,114,116,118,120,126-129,134-137,149-152,156,162,168-172,174-175,177,179
/proc/1229709/stat : 1229709 (bash) S 1229707 1229709 1229605 0 -1 4194304 284 138 0 0 0 0 0 0 20 0 1 0 222178825 4349952 772 117440512000 94275269922816 94275270904733 140723309907376 0 0 0 65536 4 65538 0 0 0 17 134 0 0 0 0 0 94275271138032 94275271186276 94275280584704 140723309915139 140723309915315 140723309915315 140723309928426 0
/proc/1229709/statm: 1062 772 676 240 0 188 0
[pid=1229713] ppid=1229709 vsize=924396 memory=706784 CPUtime=757.28 cores=0,2,4,6,8,14-17,22-25,37-40,44,50,56-60,62-63,65,67,112,114,116,118,120,126-129,134-137,149-152,156,162,168-172,174-175,177,179
/proc/1229713/stat : 1229713 (kat_xcsp_2ccb88) S 1229709 1229709 1229605 0 -1 1077936128 2933538 0 434 0 75309 419 0 0 20 0 3 0 222178826 946581504 176696 117440512000 23254311178240 23254318974944 140732132089856 0 0 0 0 4096 8406082 0 0 0 17 135 0 0 0 0 0 23254319089024 23254319110224 93825005318144 140732132092662 140732132093076 140732132093076 140732132106197 0
/proc/1229713/statm: 231099 176696 26 1904 0 206976 0
[pid=1229713/tid=1229714] ppid=1229709 vsize=924396 memory=6436 CPUtime=757.27 cores=0,2,4,6,8,14-17,22-25,37-40,44,50,56-60,62-63,65,67,112,114,116,118,120,126-129,134-137,149-152,156,162,168-172,174-175,177,179
/proc/1229713/task/1229714/stat : 1229714 (kat_xcsp_2ccb88) R 1229709 1229709 1229605 0 -1 4194368 2933257 0 432 0 75309 418 0 0 20 0 3 0 222178827 946581504 176696 117440512000 23254311178240 23254318974944 140732132089856 0 0 0 0 4096 8406082 0 0 0 -1 14 0 0 0 0 0 23254319089024 23254319110224 93825005318144 140732132092662 140732132093076 140732132093076 140732132106197 0
[pid=1229713/tid=1229715] ppid=1229709 vsize=924396 memory=832 CPUtime=0 cores=0,2,4,6,8,14-17,22-25,37-40,44,50,56-60,62-63,65,67,112,114,116,118,120,126-129,134-137,149-152,156,162,168-172,174-175,177,179
/proc/1229713/task/1229715/stat : 1229715 (kat_xcsp_2ccb88) S 1229709 1229709 1229605 0 -1 1077936192 2 0 0 0 0 0 0 0 20 0 3 0 222178827 946581504 176696 117440512000 23254311178240 23254318974944 140732132089856 0 0 0 0 4096 8406082 0 0 0 -1 16 0 0 0 0 0 23254319089024 23254319110224 93825005318144 140732132092662 140732132093076 140732132093076 140732132106197 0
Current children cumulated CPU time: 757.28 s
Current children cumulated vsize: 928644 KiB
Current children cumulated memory: 709872 KiB

[startup+822.324 s]
/proc/loadavg: 58.24 58.26 58.53 59/3642 1231799
/proc/meminfo: memFree=471380860/527542224 swapFree=32515420/33554428
[pid=1229709] ppid=1229707 vsize=4248 memory=3088 CPUtime=0 cores=0,2,4,6,8,14-17,22-25,37-40,44,50,56-60,62-63,65,67,112,114,116,118,120,126-129,134-137,149-152,156,162,168-172,174-175,177,179
/proc/1229709/stat : 1229709 (bash) S 1229707 1229709 1229605 0 -1 4194304 284 138 0 0 0 0 0 0 20 0 1 0 222178825 4349952 772 117440512000 94275269922816 94275270904733 140723309907376 0 0 0 65536 4 65538 0 0 0 17 134 0 0 0 0 0 94275271138032 94275271186276 94275280584704 140723309915139 140723309915315 140723309915315 140723309928426 0
/proc/1229709/statm: 1062 772 676 240 0 188 0
[pid=1229713] ppid=1229709 vsize=924404 memory=712264 CPUtime=816.92 cores=0,2,4,6,8,14-17,22-25,37-40,44,50,56-60,62-63,65,67,112,114,116,118,120,126-129,134-137,149-152,156,162,168-172,174-175,177,179
/proc/1229713/stat : 1229713 (kat_xcsp_2ccb88) S 1229709 1229709 1229605 0 -1 1077936128 3364120 0 434 0 81217 475 0 0 20 0 3 0 222178826 946589696 178066 117440512000 23254311178240 23254318974944 140732132089856 0 0 0 0 4096 8406082 0 0 0 17 135 0 0 0 0 0 23254319089024 23254319110224 93825005318144 140732132092662 140732132093076 140732132093076 140732132106197 0
/proc/1229713/statm: 231101 178066 358 1904 0 206978 0
[pid=1229713/tid=1229714] ppid=1229709 vsize=924404 memory=712264 CPUtime=816.91 cores=0,2,4,6,8,14-17,22-25,37-40,44,50,56-60,62-63,65,67,112,114,116,118,120,126-129,134-137,149-152,156,162,168-172,174-175,177,179
/proc/1229713/task/1229714/stat : 1229714 (kat_xcsp_2ccb88) R 1229709 1229709 1229605 0 -1 4194368 3363839 0 432 0 81217 474 0 0 20 0 3 0 222178827 946589696 178066 117440512000 23254311178240 23254318974944 140732132089856 0 0 0 0 4096 8406082 0 0 0 -1 14 0 0 0 0 0 23254319089024 23254319110224 93825005318144 140732132092662 140732132093076 140732132093076 140732132106197 0
[pid=1229713/tid=1229715] ppid=1229709 vsize=924404 memory=3088 CPUtime=0 cores=0,2,4,6,8,14-17,22-25,37-40,44,50,56-60,62-63,65,67,112,114,116,118,120,126-129,134-137,149-152,156,162,168-172,174-175,177,179
/proc/1229713/task/1229715/stat : 1229715 (kat_xcsp_2ccb88) S 1229709 1229709 1229605 0 -1 1077936192 2 0 0 0 0 0 0 0 20 0 3 0 222178827 946589696 178066 117440512000 23254311178240 23254318974944 140732132089856 0 0 0 0 4096 8406082 0 0 0 -1 16 0 0 0 0 0 23254319089024 23254319110224 93825005318144 140732132092662 140732132093076 140732132093076 140732132106197 0
Current children cumulated CPU time: 816.92 s
Current children cumulated vsize: 928652 KiB
Current children cumulated memory: 715352 KiB

[startup+882.3 s]
/proc/loadavg: 58.28 58.27 58.52 59/3642 1231834
/proc/meminfo: memFree=468992512/527542224 swapFree=32515420/33554428
[pid=1229709] ppid=1229707 vsize=4248 memory=3088 CPUtime=0 cores=0,2,4,6,8,14-17,22-25,37-40,44,50,56-60,62-63,65,67,112,114,116,118,120,126-129,134-137,149-152,156,162,168-172,174-175,177,179
/proc/1229709/stat : 1229709 (bash) S 1229707 1229709 1229605 0 -1 4194304 284 138 0 0 0 0 0 0 20 0 1 0 222178825 4349952 772 117440512000 94275269922816 94275270904733 140723309907376 0 0 0 65536 4 65538 0 0 0 17 134 0 0 0 0 0 94275271138032 94275271186276 94275280584704 140723309915139 140723309915315 140723309915315 140723309928426 0
/proc/1229709/statm: 1062 772 676 240 0 188 0
[pid=1229713] ppid=1229709 vsize=935416 memory=716356 CPUtime=876.51 cores=0,2,4,6,8,14-17,22-25,37-40,44,50,56-60,62-63,65,67,112,114,116,118,120,126-129,134-137,149-152,156,162,168-172,174-175,177,179
/proc/1229713/stat : 1229713 (kat_xcsp_2ccb88) S 1229709 1229709 1229605 0 -1 1077936128 3532031 0 434 0 87147 504 0 0 20 0 3 0 222178826 957865984 179089 117440512000 23254311178240 23254318974944 140732132089856 0 0 0 0 4096 8406082 0 0 0 17 135 0 0 0 0 0 23254319089024 23254319110224 93825005318144 140732132092662 140732132093076 140732132093076 140732132106197 0
/proc/1229713/statm: 233854 179089 380 1904 0 210027 0
[pid=1229713/tid=1229714] ppid=1229709 vsize=935416 memory=722708 CPUtime=876.51 cores=0,2,4,6,8,14-17,22-25,37-40,44,50,56-60,62-63,65,67,112,114,116,118,120,126-129,134-137,149-152,156,162,168-172,174-175,177,179
/proc/1229713/task/1229714/stat : 1229714 (kat_xcsp_2ccb88) R 1229709 1229709 1229605 0 -1 4194368 3531750 0 432 0 87147 504 0 0 20 0 3 0 222178827 957865984 179089 117440512000 23254311178240 23254318974944 140732132089856 0 0 0 0 4096 8406082 0 0 0 -1 14 0 0 0 0 0 23254319089024 23254319110224 93825005318144 140732132092662 140732132093076 140732132093076 140732132106197 0
[pid=1229713/tid=1229715] ppid=1229709 vsize=935416 memory=722708 CPUtime=0 cores=0,2,4,6,8,14-17,22-25,37-40,44,50,56-60,62-63,65,67,112,114,116,118,120,126-129,134-137,149-152,156,162,168-172,174-175,177,179
/proc/1229713/task/1229715/stat : 1229715 (kat_xcsp_2ccb88) S 1229709 1229709 1229605 0 -1 1077936192 2 0 0 0 0 0 0 0 20 0 3 0 222178827 957865984 179089 117440512000 23254311178240 23254318974944 140732132089856 0 0 0 0 4096 8406082 0 0 0 -1 16 0 0 0 0 0 23254319089024 23254319110224 93825005318144 140732132092662 140732132093076 140732132093076 140732132106197 0
Current children cumulated CPU time: 876.51 s
Current children cumulated vsize: 939664 KiB
Current children cumulated memory: 719444 KiB

[startup+942.3 s]
/proc/loadavg: 58.21 58.25 58.50 59/3645 1232157
/proc/meminfo: memFree=466564340/527542224 swapFree=32515420/33554428
[pid=1229709] ppid=1229707 vsize=4248 memory=3088 CPUtime=0 cores=0,2,4,6,8,14-17,22-25,37-40,44,50,56-60,62-63,65,67,112,114,116,118,120,126-129,134-137,149-152,156,162,168-172,174-175,177,179
/proc/1229709/stat : 1229709 (bash) S 1229707 1229709 1229605 0 -1 4194304 284 138 0 0 0 0 0 0 20 0 1 0 222178825 4349952 772 117440512000 94275269922816 94275270904733 140723309907376 0 0 0 65536 4 65538 0 0 0 17 134 0 0 0 0 0 94275271138032 94275271186276 94275280584704 140723309915139 140723309915315 140723309915315 140723309928426 0
/proc/1229709/statm: 1062 772 676 240 0 188 0
[pid=1229713] ppid=1229709 vsize=933660 memory=714600 CPUtime=936.13 cores=0,2,4,6,8,14-17,22-25,37-40,44,50,56-60,62-63,65,67,112,114,116,118,120,126-129,134-137,149-152,156,162,168-172,174-175,177,179
/proc/1229713/stat : 1229713 (kat_xcsp_2ccb88) S 1229709 1229709 1229605 0 -1 1077936128 3782486 0 434 0 93065 548 0 0 20 0 3 0 222178826 956067840 178650 117440512000 23254311178240 23254318974944 140732132089856 0 0 0 0 4096 8406082 0 0 0 17 135 0 0 0 0 0 23254319089024 23254319110224 93825005318144 140732132092662 140732132093076 140732132093076 140732132106197 0
/proc/1229713/statm: 233415 178650 380 1904 0 209588 0
[pid=1229713/tid=1229714] ppid=1229709 vsize=933660 memory=44157085 CPUtime=936.13 cores=0,2,4,6,8,14-17,22-25,37-40,44,50,56-60,62-63,65,67,112,114,116,118,120,126-129,134-137,149-152,156,162,168-172,174-175,177,179
/proc/1229713/task/1229714/stat : 1229714 (kat_xcsp_2ccb88) R 1229709 1229709 1229605 0 -1 4194368 3782205 0 432 0 93065 548 0 0 20 0 3 0 222178827 956067840 178650 117440512000 23254311178240 23254318974944 140732132089856 0 0 0 0 4096 8406082 0 0 0 -1 14 0 0 0 0 0 23254319089024 23254319110224 93825005318144 140732132092662 140732132093076 140732132093076 140732132106197 0
[pid=1229713/tid=1229715] ppid=1229709 vsize=933660 memory=3530880627770733143 CPUtime=0 cores=0,2,4,6,8,14-17,22-25,37-40,44,50,56-60,62-63,65,67,112,114,116,118,120,126-129,134-137,149-152,156,162,168-172,174-175,177,179
/proc/1229713/task/1229715/stat : 1229715 (kat_xcsp_2ccb88) S 1229709 1229709 1229605 0 -1 1077936192 2 0 0 0 0 0 0 0 20 0 3 0 222178827 956067840 178650 117440512000 23254311178240 23254318974944 140732132089856 0 0 0 0 4096 8406082 0 0 0 -1 16 0 0 0 0 0 23254319089024 23254319110224 93825005318144 140732132092662 140732132093076 140732132093076 140732132106197 0
Current children cumulated CPU time: 936.13 s
Current children cumulated vsize: 937908 KiB
Current children cumulated memory: 717688 KiB

[startup+1002.3 s]
/proc/loadavg: 58.52 58.33 58.51 61/3657 1232276
/proc/meminfo: memFree=464160516/527542224 swapFree=32515420/33554428
[pid=1229709] ppid=1229707 vsize=4248 memory=3088 CPUtime=0 cores=0,2,4,6,8,14-17,22-25,37-40,44,50,56-60,62-63,65,67,112,114,116,118,120,126-129,134-137,149-152,156,162,168-172,174-175,177,179
/proc/1229709/stat : 1229709 (bash) S 1229707 1229709 1229605 0 -1 4194304 284 138 0 0 0 0 0 0 20 0 1 0 222178825 4349952 772 117440512000 94275269922816 94275270904733 140723309907376 0 0 0 65536 4 65538 0 0 0 17 134 0 0 0 0 0 94275271138032 94275271186276 94275280584704 140723309915139 140723309915315 140723309915315 140723309928426 0
/proc/1229709/statm: 1062 772 676 240 0 188 0
[pid=1229713] ppid=1229709 vsize=933660 memory=713140 CPUtime=995.74 cores=0,2,4,6,8,14-17,22-25,37-40,44,50,56-60,62-63,65,67,112,114,116,118,120,126-129,134-137,149-152,156,162,168-172,174-175,177,179
/proc/1229713/stat : 1229713 (kat_xcsp_2ccb88) S 1229709 1229709 1229605 0 -1 1077936128 4036080 0 500 0 98991 583 0 0 20 0 3 0 222178826 956067840 178285 117440512000 23254311178240 23254318974944 140732132089856 0 0 0 0 4096 8406082 0 0 0 17 135 0 0 0 0 0 23254319089024 23254319110224 93825005318144 140732132092662 140732132093076 140732132093076 140732132106197 0
/proc/1229713/statm: 233415 178285 15 1904 0 209588 0
[pid=1229713/tid=1229714] ppid=1229709 vsize=933660 memory=3088 CPUtime=995.73 cores=0,2,4,6,8,14-17,22-25,37-40,44,50,56-60,62-63,65,67,112,114,116,118,120,126-129,134-137,149-152,156,162,168-172,174-175,177,179
/proc/1229713/task/1229714/stat : 1229714 (kat_xcsp_2ccb88) R 1229709 1229709 1229605 0 -1 4194368 4035799 0 498 0 98991 582 0 0 20 0 3 0 222178827 956067840 178285 117440512000 23254311178240 23254318974944 140732132089856 0 0 0 0 4096 8406082 0 0 0 -1 14 0 0 0 0 0 23254319089024 23254319110224 93825005318144 140732132092662 140732132093076 140732132093076 140732132106197 0
[pid=1229713/tid=1229715] ppid=1229709 vsize=933660 memory=0 CPUtime=0 cores=0,2,4,6,8,14-17,22-25,37-40,44,50,56-60,62-63,65,67,112,114,116,118,120,126-129,134-137,149-152,156,162,168-172,174-175,177,179
/proc/1229713/task/1229715/stat : 1229715 (kat_xcsp_2ccb88) S 1229709 1229709 1229605 0 -1 1077936192 2 0 0 0 0 0 0 0 20 0 3 0 222178827 956067840 178285 117440512000 23254311178240 23254318974944 140732132089856 0 0 0 0 4096 8406082 0 0 0 -1 16 0 0 0 0 0 23254319089024 23254319110224 93825005318144 140732132092662 140732132093076 140732132093076 140732132106197 0
Current children cumulated CPU time: 995.74 s
Current children cumulated vsize: 937908 KiB
Current children cumulated memory: 716228 KiB

[startup+1062.3 s]
/proc/loadavg: 58.41 58.34 58.50 59/3643 1232522
/proc/meminfo: memFree=461865368/527542224 swapFree=32515420/33554428
[pid=1229709] ppid=1229707 vsize=4248 memory=3088 CPUtime=0 cores=0,2,4,6,8,14-17,22-25,37-40,44,50,56-60,62-63,65,67,112,114,116,118,120,126-129,134-137,149-152,156,162,168-172,174-175,177,179
/proc/1229709/stat : 1229709 (bash) S 1229707 1229709 1229605 0 -1 4194304 284 138 0 0 0 0 0 0 20 0 1 0 222178825 4349952 772 117440512000 94275269922816 94275270904733 140723309907376 0 0 0 65536 4 65538 0 0 0 17 134 0 0 0 0 0 94275271138032 94275271186276 94275280584704 140723309915139 140723309915315 140723309915315 140723309928426 0
/proc/1229709/statm: 1062 772 676 240 0 188 0
[pid=1229713] ppid=1229709 vsize=935236 memory=719724 CPUtime=1055.35 cores=0,2,4,6,8,14-17,22-25,37-40,44,50,56-60,62-63,65,67,112,114,116,118,120,126-129,134-137,149-152,156,162,168-172,174-175,177,179
/proc/1229713/stat : 1229713 (kat_xcsp_2ccb88) S 1229709 1229709 1229605 0 -1 1077936128 4118008 0 520 0 104938 597 0 0 20 0 3 0 222178826 957681664 179931 117440512000 23254311178240 23254318974944 140732132089856 0 0 0 0 4096 8406082 0 0 0 17 135 0 0 0 0 0 23254319089024 23254319110224 93825005318144 140732132092662 140732132093076 140732132093076 140732132106197 0
/proc/1229713/statm: 233809 179931 35 1904 0 210702 0
[pid=1229713/tid=1229714] ppid=1229709 vsize=935236 memory=719724 CPUtime=1055.34 cores=0,2,4,6,8,14-17,22-25,37-40,44,50,56-60,62-63,65,67,112,114,116,118,120,126-129,134-137,149-152,156,162,168-172,174-175,177,179
/proc/1229713/task/1229714/stat : 1229714 (kat_xcsp_2ccb88) R 1229709 1229709 1229605 0 -1 4194368 4117727 0 518 0 104938 596 0 0 20 0 3 0 222178827 957681664 179931 117440512000 23254311178240 23254318974944 140732132089856 0 0 0 0 4096 8406082 0 0 0 -1 14 0 0 0 0 0 23254319089024 23254319110224 93825005318144 140732132092662 140732132093076 140732132093076 140732132106197 0
[pid=1229713/tid=1229715] ppid=1229709 vsize=935236 memory=3088 CPUtime=0 cores=0,2,4,6,8,14-17,22-25,37-40,44,50,56-60,62-63,65,67,112,114,116,118,120,126-129,134-137,149-152,156,162,168-172,174-175,177,179
/proc/1229713/task/1229715/stat : 1229715 (kat_xcsp_2ccb88) S 1229709 1229709 1229605 0 -1 1077936192 2 0 0 0 0 0 0 0 20 0 3 0 222178827 957681664 179931 117440512000 23254311178240 23254318974944 140732132089856 0 0 0 0 4096 8406082 0 0 0 -1 16 0 0 0 0 0 23254319089024 23254319110224 93825005318144 140732132092662 140732132093076 140732132093076 140732132106197 0
Current children cumulated CPU time: 1055.35 s
Current children cumulated vsize: 939484 KiB
Current children cumulated memory: 722812 KiB

[startup+1122.3 s]
/proc/loadavg: 58.28 58.32 58.48 59/3643 1233118
/proc/meminfo: memFree=459212888/527542224 swapFree=32515420/33554428
[pid=1229709] ppid=1229707 vsize=4248 memory=3088 CPUtime=0 cores=0,2,4,6,8,14-17,22-25,37-40,44,50,56-60,62-63,65,67,112,114,116,118,120,126-129,134-137,149-152,156,162,168-172,174-175,177,179
/proc/1229709/stat : 1229709 (bash) S 1229707 1229709 1229605 0 -1 4194304 284 138 0 0 0 0 0 0 20 0 1 0 222178825 4349952 772 117440512000 94275269922816 94275270904733 140723309907376 0 0 0 65536 4 65538 0 0 0 17 134 0 0 0 0 0 94275271138032 94275271186276 94275280584704 140723309915139 140723309915315 140723309915315 140723309928426 0
/proc/1229709/statm: 1062 772 676 240 0 188 0
[pid=1229713] ppid=1229709 vsize=930548 memory=712988 CPUtime=1114.97 cores=0,2,4,6,8,14-17,22-25,37-40,44,50,56-60,62-63,65,67,112,114,116,118,120,126-129,134-137,149-152,156,162,168-172,174-175,177,179
/proc/1229713/stat : 1229713 (kat_xcsp_2ccb88) S 1229709 1229709 1229605 0 -1 1077936128 4372963 0 520 0 110868 629 0 0 20 0 3 0 222178826 952881152 178247 117440512000 23254311178240 23254318974944 140732132089856 0 0 0 0 4096 8406082 0 0 0 17 135 0 0 0 0 0 23254319089024 23254319110224 93825005318144 140732132092662 140732132093076 140732132093076 140732132106197 0
/proc/1229713/statm: 232637 178247 35 1904 0 209530 0
[pid=1229713/tid=1229714] ppid=1229709 vsize=930548 memory=719724 CPUtime=1114.96 cores=0,2,4,6,8,14-17,22-25,37-40,44,50,56-60,62-63,65,67,112,114,116,118,120,126-129,134-137,149-152,156,162,168-172,174-175,177,179
/proc/1229713/task/1229714/stat : 1229714 (kat_xcsp_2ccb88) R 1229709 1229709 1229605 0 -1 4194368 4372682 0 518 0 110868 628 0 0 20 0 3 0 222178827 952881152 178247 117440512000 23254311178240 23254318974944 140732132089856 0 0 0 0 4096 8406082 0 0 0 -1 14 0 0 0 0 0 23254319089024 23254319110224 93825005318144 140732132092662 140732132093076 140732132093076 140732132106197 0
[pid=1229713/tid=1229715] ppid=1229709 vsize=930548 memory=719724 CPUtime=0 cores=0,2,4,6,8,14-17,22-25,37-40,44,50,56-60,62-63,65,67,112,114,116,118,120,126-129,134-137,149-152,156,162,168-172,174-175,177,179
/proc/1229713/task/1229715/stat : 1229715 (kat_xcsp_2ccb88) S 1229709 1229709 1229605 0 -1 1077936192 2 0 0 0 0 0 0 0 20 0 3 0 222178827 952881152 178247 117440512000 23254311178240 23254318974944 140732132089856 0 0 0 0 4096 8406082 0 0 0 -1 16 0 0 0 0 0 23254319089024 23254319110224 93825005318144 140732132092662 140732132093076 140732132093076 140732132106197 0
Current children cumulated CPU time: 1114.97 s
Current children cumulated vsize: 934796 KiB
Current children cumulated memory: 716076 KiB

[startup+1182.3 s]
/proc/loadavg: 58.14 58.27 58.45 59/3643 1233158
/proc/meminfo: memFree=457046128/527542224 swapFree=32515420/33554428
[pid=1229709] ppid=1229707 vsize=4248 memory=3088 CPUtime=0 cores=0,2,4,6,8,14-17,22-25,37-40,44,50,56-60,62-63,65,67,112,114,116,118,120,126-129,134-137,149-152,156,162,168-172,174-175,177,179
/proc/1229709/stat : 1229709 (bash) S 1229707 1229709 1229605 0 -1 4194304 284 138 0 0 0 0 0 0 20 0 1 0 222178825 4349952 772 117440512000 94275269922816 94275270904733 140723309907376 0 0 0 65536 4 65538 0 0 0 17 134 0 0 0 0 0 94275271138032 94275271186276 94275280584704 140723309915139 140723309915315 140723309915315 140723309928426 0
/proc/1229709/statm: 1062 772 676 240 0 188 0
[pid=1229713] ppid=1229709 vsize=930548 memory=712988 CPUtime=1174.6 cores=0,2,4,6,8,14-17,22-25,37-40,44,50,56-60,62-63,65,67,112,114,116,118,120,126-129,134-137,149-152,156,162,168-172,174-175,177,179
/proc/1229713/stat : 1229713 (kat_xcsp_2ccb88) S 1229709 1229709 1229605 0 -1 1077936128 4650869 0 520 0 116789 671 0 0 20 0 3 0 222178826 952881152 178247 117440512000 23254311178240 23254318974944 140732132089856 0 0 0 0 4096 8406082 0 0 0 17 135 0 0 0 0 0 23254319089024 23254319110224 93825005318144 140732132092662 140732132093076 140732132093076 140732132106197 0
/proc/1229713/statm: 232637 178247 35 1904 0 209530 0
[pid=1229713/tid=1229714] ppid=1229709 vsize=930548 memory=0 CPUtime=1174.59 cores=0,2,4,6,8,14-17,22-25,37-40,44,50,56-60,62-63,65,67,112,114,116,118,120,126-129,134-137,149-152,156,162,168-172,174-175,177,179
/proc/1229713/task/1229714/stat : 1229714 (kat_xcsp_2ccb88) R 1229709 1229709 1229605 0 -1 4194368 4650588 0 518 0 116789 670 0 0 20 0 3 0 222178827 952881152 178247 117440512000 23254311178240 23254318974944 140732132089856 0 0 0 0 4096 8406082 0 0 0 -1 14 0 0 0 0 0 23254319089024 23254319110224 93825005318144 140732132092662 140732132093076 140732132093076 140732132106197 0
[pid=1229713/tid=1229715] ppid=1229709 vsize=930548 memory=7300 CPUtime=0 cores=0,2,4,6,8,14-17,22-25,37-40,44,50,56-60,62-63,65,67,112,114,116,118,120,126-129,134-137,149-152,156,162,168-172,174-175,177,179
/proc/1229713/task/1229715/stat : 1229715 (kat_xcsp_2ccb88) S 1229709 1229709 1229605 0 -1 1077936192 2 0 0 0 0 0 0 0 20 0 3 0 222178827 952881152 178247 117440512000 23254311178240 23254318974944 140732132089856 0 0 0 0 4096 8406082 0 0 0 -1 16 0 0 0 0 0 23254319089024 23254319110224 93825005318144 140732132092662 140732132093076 140732132093076 140732132106197 0
Current children cumulated CPU time: 1174.6 s
Current children cumulated vsize: 934796 KiB
Current children cumulated memory: 716076 KiB

[startup+1242.3 s]*
/proc/loadavg: 58.19 58.27 58.44 59/3641 1233481
/proc/meminfo: memFree=454622388/527542224 swapFree=32515932/33554428
[pid=1229709] ppid=1229707 vsize=4248 memory=3088 CPUtime=0 cores=0,2,4,6,8,14-17,22-25,37-40,44,50,56-60,62-63,65,67,112,114,116,118,120,126-129,134-137,149-152,156,162,168-172,174-175,177,179
/proc/1229709/stat : 1229709 (bash) S 1229707 1229709 1229605 0 -1 4194304 284 138 0 0 0 0 0 0 20 0 1 0 222178825 4349952 772 117440512000 94275269922816 94275270904733 140723309907376 0 0 0 65536 4 65538 0 0 0 17 134 0 0 0 0 0 94275271138032 94275271186276 94275280584704 140723309915139 140723309915315 140723309915315 140723309928426 0
/proc/1229709/statm: 1062 772 676 240 0 188 0
[pid=1229713] ppid=1229709 vsize=931008 memory=713452 CPUtime=1234.34 cores=0,2,4,6,8,14-17,22-25,37-40,44,50,56-60,62-63,65,67,112,114,116,118,120,126-129,134-137,149-152,156,162,168-172,174-175,177,179
/proc/1229713/stat : 1229713 (kat_xcsp_2ccb88) S 1229709 1229709 1229605 0 -1 1077936128 4818746 0 521 0 122740 694 0 0 20 0 3 0 222178826 953352192 178363 117440512000 23254311178240 23254318974944 140732132089856 0 0 0 0 4096 8406082 0 0 0 17 135 0 0 0 0 0 23254319089024 23254319110224 93825005318144 140732132092662 140732132093076 140732132093076 140732132106197 0
/proc/1229713/statm: 232752 178363 36 1904 0 209645 0
[pid=1229713/tid=1229714] ppid=1229709 vsize=931008 memory=6944652177228980320 CPUtime=1234.33 cores=0,2,4,6,8,14-17,22-25,37-40,44,50,56-60,62-63,65,67,112,114,116,118,120,126-129,134-137,149-152,156,162,168-172,174-175,177,179
/proc/1229713/task/1229714/stat : 1229714 (kat_xcsp_2ccb88) R 1229709 1229709 1229605 0 -1 4194368 4818466 0 519 0 122740 693 0 0 20 0 3 0 222178827 953352192 178363 117440512000 23254311178240 23254318974944 140732132089856 0 0 0 0 4096 8406082 0 0 0 -1 14 0 0 0 0 0 23254319089024 23254319110224 93825005318144 140732132092662 140732132093076 140732132093076 140732132106197 0
[pid=1229713/tid=1229715] ppid=1229709 vsize=931008 memory=-9174445032661854264 CPUtime=0 cores=0,2,4,6,8,14-17,22-25,37-40,44,50,56-60,62-63,65,67,112,114,116,118,120,126-129,134-137,149-152,156,162,168-172,174-175,177,179
/proc/1229713/task/1229715/stat : 1229715 (kat_xcsp_2ccb88) S 1229709 1229709 1229605 0 -1 1077936192 2 0 0 0 0 0 0 0 20 0 3 0 222178827 953352192 178363 117440512000 23254311178240 23254318974944 140732132089856 0 0 0 0 4096 8406082 0 0 0 -1 16 0 0 0 0 0 23254319089024 23254319110224 93825005318144 140732132092662 140732132093076 140732132093076 140732132106197 0
Current children cumulated CPU time: 1234.34 s
Current children cumulated vsize: 935256 KiB
Current children cumulated memory: 716540 KiB

[startup+1302.3 s]
/proc/loadavg: 58.33 58.28 58.43 59/3641 1233797
/proc/meminfo: memFree=452227904/527542224 swapFree=32515932/33554428
[pid=1229709] ppid=1229707 vsize=4248 memory=3088 CPUtime=0 cores=0,2,4,6,8,14-17,22-25,37-40,44,50,56-60,62-63,65,67,112,114,116,118,120,126-129,134-137,149-152,156,162,168-172,174-175,177,179
/proc/1229709/stat : 1229709 (bash) S 1229707 1229709 1229605 0 -1 4194304 284 138 0 0 0 0 0 0 20 0 1 0 222178825 4349952 772 117440512000 94275269922816 94275270904733 140723309907376 0 0 0 65536 4 65538 0 0 0 17 134 0 0 0 0 0 94275271138032 94275271186276 94275280584704 140723309915139 140723309915315 140723309915315 140723309928426 0
/proc/1229709/statm: 1062 772 676 240 0 188 0
[pid=1229713] ppid=1229709 vsize=929580 memory=722532 CPUtime=1293.84 cores=0,2,4,6,8,14-17,22-25,37-40,44,50,56-60,62-63,65,67,112,114,116,118,120,126-129,134-137,149-152,156,162,168-172,174-175,177,179
/proc/1229713/stat : 1229713 (kat_xcsp_2ccb88) S 1229709 1229709 1229605 0 -1 1077936128 4870885 0 540 0 128676 708 0 0 20 0 3 0 222178826 951889920 180633 117440512000 23254311178240 23254318974944 140732132089856 0 0 0 0 4096 8406082 0 0 0 17 135 0 0 0 0 0 23254319089024 23254319110224 93825005318144 140732132092662 140732132093076 140732132093076 140732132106197 0
/proc/1229713/statm: 232395 180633 55 1904 0 211384 0
[pid=1229713/tid=1229714] ppid=1229709 vsize=929580 memory=7661018044719129172 CPUtime=1293.83 cores=0,2,4,6,8,14-17,22-25,37-40,44,50,56-60,62-63,65,67,112,114,116,118,120,126-129,134-137,149-152,156,162,168-172,174-175,177,179
/proc/1229713/task/1229714/stat : 1229714 (kat_xcsp_2ccb88) R 1229709 1229709 1229605 0 -1 4194368 4870604 0 538 0 128676 707 0 0 20 0 3 0 222178827 951889920 180633 117440512000 23254311178240 23254318974944 140732132089856 0 0 0 0 4096 8406082 0 0 0 -1 14 0 0 0 0 0 23254319089024 23254319110224 93825005318144 140732132092662 140732132093076 140732132093076 140732132106197 0
[pid=1229713/tid=1229715] ppid=1229709 vsize=929580 memory=25333125866717268 CPUtime=0 cores=0,2,4,6,8,14-17,22-25,37-40,44,50,56-60,62-63,65,67,112,114,116,118,120,126-129,134-137,149-152,156,162,168-172,174-175,177,179
/proc/1229713/task/1229715/stat : 1229715 (kat_xcsp_2ccb88) S 1229709 1229709 1229605 0 -1 1077936192 2 0 0 0 0 0 0 0 20 0 3 0 222178827 951889920 180633 117440512000 23254311178240 23254318974944 140732132089856 0 0 0 0 4096 8406082 0 0 0 -1 16 0 0 0 0 0 23254319089024 23254319110224 93825005318144 140732132092662 140732132093076 140732132093076 140732132106197 0
Current children cumulated CPU time: 1293.84 s
Current children cumulated vsize: 933828 KiB
Current children cumulated memory: 725620 KiB

[startup+1362.42 s]
/proc/loadavg: 58.58 58.33 58.44 60/3642 1234396
/proc/meminfo: memFree=449800888/527542224 swapFree=32515932/33554428
[pid=1229709] ppid=1229707 vsize=4248 memory=3088 CPUtime=0 cores=0,2,4,6,8,14-17,22-25,37-40,44,50,56-60,62-63,65,67,112,114,116,118,120,126-129,134-137,149-152,156,162,168-172,174-175,177,179
/proc/1229709/stat : 1229709 (bash) S 1229707 1229709 1229605 0 -1 4194304 284 138 0 0 0 0 0 0 20 0 1 0 222178825 4349952 772 117440512000 94275269922816 94275270904733 140723309907376 0 0 0 65536 4 65538 0 0 0 17 134 0 0 0 0 0 94275271138032 94275271186276 94275280584704 140723309915139 140723309915315 140723309915315 140723309928426 0
/proc/1229709/statm: 1062 772 676 240 0 188 0
[pid=1229713] ppid=1229709 vsize=925292 memory=718164 CPUtime=1353.57 cores=0,2,4,6,8,14-17,22-25,37-40,44,50,56-60,62-63,65,67,112,114,116,118,120,126-129,134-137,149-152,156,162,168-172,174-175,177,179
/proc/1229713/stat : 1229713 (kat_xcsp_2ccb88) S 1229709 1229709 1229605 0 -1 1077936128 5065002 0 540 0 134623 734 0 0 20 0 3 0 222178826 947499008 179541 117440512000 23254311178240 23254318974944 140732132089856 0 0 0 0 4096 8406082 0 0 0 17 135 0 0 0 0 0 23254319089024 23254319110224 93825005318144 140732132092662 140732132093076 140732132093076 140732132106197 0
/proc/1229713/statm: 231323 179541 35 1904 0 210312 0
[pid=1229713/tid=1229714] ppid=1229709 vsize=925292 memory=3088 CPUtime=1353.56 cores=0,2,4,6,8,14-17,22-25,37-40,44,50,56-60,62-63,65,67,112,114,116,118,120,126-129,134-137,149-152,156,162,168-172,174-175,177,179
/proc/1229713/task/1229714/stat : 1229714 (kat_xcsp_2ccb88) R 1229709 1229709 1229605 0 -1 4194368 5064721 0 538 0 134623 733 0 0 20 0 3 0 222178827 947499008 179541 117440512000 23254311178240 23254318974944 140732132089856 0 0 0 0 4096 8406082 0 0 0 -1 14 0 0 0 0 0 23254319089024 23254319110224 93825005318144 140732132092662 140732132093076 140732132093076 140732132106197 0
[pid=1229713/tid=1229715] ppid=1229709 vsize=925292 memory=3088 CPUtime=0 cores=0,2,4,6,8,14-17,22-25,37-40,44,50,56-60,62-63,65,67,112,114,116,118,120,126-129,134-137,149-152,156,162,168-172,174-175,177,179
/proc/1229713/task/1229715/stat : 1229715 (kat_xcsp_2ccb88) S 1229709 1229709 1229605 0 -1 1077936192 2 0 0 0 0 0 0 0 20 0 3 0 222178827 947499008 179541 117440512000 23254311178240 23254318974944 140732132089856 0 0 0 0 4096 8406082 0 0 0 -1 16 0 0 0 0 0 23254319089024 23254319110224 93825005318144 140732132092662 140732132093076 140732132093076 140732132106197 0
Current children cumulated CPU time: 1353.57 s
Current children cumulated vsize: 929540 KiB
Current children cumulated memory: 721252 KiB

[startup+1422.3 s]
/proc/loadavg: 58.95 58.50 58.49 59/3642 1234992
/proc/meminfo: memFree=447392180/527542224 swapFree=32515932/33554428
[pid=1229709] ppid=1229707 vsize=4248 memory=3088 CPUtime=0 cores=0,2,4,6,8,14-17,22-25,37-40,44,50,56-60,62-63,65,67,112,114,116,118,120,126-129,134-137,149-152,156,162,168-172,174-175,177,179
/proc/1229709/stat : 1229709 (bash) S 1229707 1229709 1229605 0 -1 4194304 284 138 0 0 0 0 0 0 20 0 1 0 222178825 4349952 772 117440512000 94275269922816 94275270904733 140723309907376 0 0 0 65536 4 65538 0 0 0 17 134 0 0 0 0 0 94275271138032 94275271186276 94275280584704 140723309915139 140723309915315 140723309915315 140723309928426 0
/proc/1229709/statm: 1062 772 676 240 0 188 0
[pid=1229713] ppid=1229709 vsize=925292 memory=718164 CPUtime=1413.07 cores=0,2,4,6,8,14-17,22-25,37-40,44,50,56-60,62-63,65,67,112,114,116,118,120,126-129,134-137,149-152,156,162,168-172,174-175,177,179
/proc/1229713/stat : 1229713 (kat_xcsp_2ccb88) S 1229709 1229709 1229605 0 -1 1077936128 5214188 0 540 0 140556 751 0 0 20 0 3 0 222178826 947499008 179541 117440512000 23254311178240 23254318974944 140732132089856 0 0 0 0 4096 8406082 0 0 0 17 135 0 0 0 0 0 23254319089024 23254319110224 93825005318144 140732132092662 140732132093076 140732132093076 140732132106197 0
/proc/1229713/statm: 231323 179541 35 1904 0 210312 0
[pid=1229713/tid=1229714] ppid=1229709 vsize=925292 memory=50304659 CPUtime=1413.06 cores=0,2,4,6,8,14-17,22-25,37-40,44,50,56-60,62-63,65,67,112,114,116,118,120,126-129,134-137,149-152,156,162,168-172,174-175,177,179
/proc/1229713/task/1229714/stat : 1229714 (kat_xcsp_2ccb88) R 1229709 1229709 1229605 0 -1 4194368 5213907 0 538 0 140556 750 0 0 20 0 3 0 222178827 947499008 179541 117440512000 23254311178240 23254318974944 140732132089856 0 0 0 0 4096 8406082 0 0 0 -1 14 0 0 0 0 0 23254319089024 23254319110224 93825005318144 140732132092662 140732132093076 140732132093076 140732132106197 0
[pid=1229713/tid=1229715] ppid=1229709 vsize=925292 memory=48219789 CPUtime=0 cores=0,2,4,6,8,14-17,22-25,37-40,44,50,56-60,62-63,65,67,112,114,116,118,120,126-129,134-137,149-152,156,162,168-172,174-175,177,179
/proc/1229713/task/1229715/stat : 1229715 (kat_xcsp_2ccb88) S 1229709 1229709 1229605 0 -1 1077936192 2 0 0 0 0 0 0 0 20 0 3 0 222178827 947499008 179541 117440512000 23254311178240 23254318974944 140732132089856 0 0 0 0 4096 8406082 0 0 0 -1 16 0 0 0 0 0 23254319089024 23254319110224 93825005318144 140732132092662 140732132093076 140732132093076 140732132106197 0
Current children cumulated CPU time: 1413.07 s
Current children cumulated vsize: 929540 KiB
Current children cumulated memory: 721252 KiB

[startup+1482.32 s]
/proc/loadavg: 58.52 58.47 58.48 59/3641 1235031
/proc/meminfo: memFree=444958640/527542224 swapFree=32515932/33554428
[pid=1229709] ppid=1229707 vsize=4248 memory=3088 CPUtime=0 cores=0,2,4,6,8,14-17,22-25,37-40,44,50,56-60,62-63,65,67,112,114,116,118,120,126-129,134-137,149-152,156,162,168-172,174-175,177,179
/proc/1229709/stat : 1229709 (bash) S 1229707 1229709 1229605 0 -1 4194304 284 138 0 0 0 0 0 0 20 0 1 0 222178825 4349952 772 117440512000 94275269922816 94275270904733 140723309907376 0 0 0 65536 4 65538 0 0 0 17 134 0 0 0 0 0 94275271138032 94275271186276 94275280584704 140723309915139 140723309915315 140723309915315 140723309928426 0
/proc/1229709/statm: 1062 772 676 240 0 188 0
[pid=1229713] ppid=1229709 vsize=923996 memory=716876 CPUtime=1472.7 cores=0,2,4,6,8,14-17,22-25,37-40,44,50,56-60,62-63,65,67,112,114,116,118,120,126-129,134-137,149-152,156,162,168-172,174-175,177,179
/proc/1229713/stat : 1229713 (kat_xcsp_2ccb88) S 1229709 1229709 1229605 0 -1 1077936128 5305822 0 542 0 146504 766 0 0 20 0 3 0 222178826 946171904 179219 117440512000 23254311178240 23254318974944 140732132089856 0 0 0 0 4096 8406082 0 0 0 17 135 0 0 0 0 0 23254319089024 23254319110224 93825005318144 140732132092662 140732132093076 140732132093076 140732132106197 0
/proc/1229713/statm: 230999 179219 37 1904 0 209988 0
[pid=1229713/tid=1229714] ppid=1229709 vsize=923996 memory=3088 CPUtime=1472.71 cores=0,2,4,6,8,14-17,22-25,37-40,44,50,56-60,62-63,65,67,112,114,116,118,120,126-129,134-137,149-152,156,162,168-172,174-175,177,179
/proc/1229713/task/1229714/stat : 1229714 (kat_xcsp_2ccb88) R 1229709 1229709 1229605 0 -1 4194368 5305541 0 540 0 146505 766 0 0 20 0 3 0 222178827 946171904 179219 117440512000 23254311178240 23254318974944 140732132089856 0 0 0 0 4096 8406082 0 0 0 -1 14 0 0 0 0 0 23254319089024 23254319110224 93825005318144 140732132092662 140732132093076 140732132093076 140732132106197 0
[pid=1229713/tid=1229715] ppid=1229709 vsize=923996 memory=7222209874174837011 CPUtime=0 cores=0,2,4,6,8,14-17,22-25,37-40,44,50,56-60,62-63,65,67,112,114,116,118,120,126-129,134-137,149-152,156,162,168-172,174-175,177,179
/proc/1229713/task/1229715/stat : 1229715 (kat_xcsp_2ccb88) S 1229709 1229709 1229605 0 -1 1077936192 2 0 0 0 0 0 0 0 20 0 3 0 222178827 946171904 179219 117440512000 23254311178240 23254318974944 140732132089856 0 0 0 0 4096 8406082 0 0 0 -1 16 0 0 0 0 0 23254319089024 23254319110224 93825005318144 140732132092662 140732132093076 140732132093076 140732132106197 0
Current children cumulated CPU time: 1472.7 s
Current children cumulated vsize: 928244 KiB
Current children cumulated memory: 719964 KiB

[startup+1542.3 s]
/proc/loadavg: 58.29 58.41 58.46 59/3639 1235068
/proc/meminfo: memFree=442589208/527542224 swapFree=32515932/33554428
[pid=1229709] ppid=1229707 vsize=4248 memory=3088 CPUtime=0 cores=0,2,4,6,8,14-17,22-25,37-40,44,50,56-60,62-63,65,67,112,114,116,118,120,126-129,134-137,149-152,156,162,168-172,174-175,177,179
/proc/1229709/stat : 1229709 (bash) S 1229707 1229709 1229605 0 -1 4194304 284 138 0 0 0 0 0 0 20 0 1 0 222178825 4349952 772 117440512000 94275269922816 94275270904733 140723309907376 0 0 0 65536 4 65538 0 0 0 17 134 0 0 0 0 0 94275271138032 94275271186276 94275280584704 140723309915139 140723309915315 140723309915315 140723309928426 0
/proc/1229709/statm: 1062 772 676 240 0 188 0
[pid=1229713] ppid=1229709 vsize=922400 memory=715280 CPUtime=1532.3 cores=0,2,4,6,8,14-17,22-25,37-40,44,50,56-60,62-63,65,67,112,114,116,118,120,126-129,134-137,149-152,156,162,168-172,174-175,177,179
/proc/1229713/stat : 1229713 (kat_xcsp_2ccb88) S 1229709 1229709 1229605 0 -1 1077936128 5348843 0 542 0 152454 776 0 0 20 0 3 0 222178826 944537600 178820 117440512000 23254311178240 23254318974944 140732132089856 0 0 0 0 4096 8406082 0 0 0 17 135 0 0 0 0 0 23254319089024 23254319110224 93825005318144 140732132092662 140732132093076 140732132093076 140732132106197 0
/proc/1229713/statm: 230600 178820 37 1904 0 209589 0
[pid=1229713/tid=1229714] ppid=1229709 vsize=922400 memory=3088 CPUtime=1532.29 cores=0,2,4,6,8,14-17,22-25,37-40,44,50,56-60,62-63,65,67,112,114,116,118,120,126-129,134-137,149-152,156,162,168-172,174-175,177,179
/proc/1229713/task/1229714/stat : 1229714 (kat_xcsp_2ccb88) R 1229709 1229709 1229605 0 -1 4194368 5348562 0 540 0 152454 775 0 0 20 0 3 0 222178827 944537600 178820 117440512000 23254311178240 23254318974944 140732132089856 0 0 0 0 4096 8406082 0 0 0 -1 14 0 0 0 0 0 23254319089024 23254319110224 93825005318144 140732132092662 140732132093076 140732132093076 140732132106197 0
[pid=1229713/tid=1229715] ppid=1229709 vsize=922400 memory=715280 CPUtime=0 cores=0,2,4,6,8,14-17,22-25,37-40,44,50,56-60,62-63,65,67,112,114,116,118,120,126-129,134-137,149-152,156,162,168-172,174-175,177,179
/proc/1229713/task/1229715/stat : 1229715 (kat_xcsp_2ccb88) S 1229709 1229709 1229605 0 -1 1077936192 2 0 0 0 0 0 0 0 20 0 3 0 222178827 944537600 178820 117440512000 23254311178240 23254318974944 140732132089856 0 0 0 0 4096 8406082 0 0 0 -1 16 0 0 0 0 0 23254319089024 23254319110224 93825005318144 140732132092662 140732132093076 140732132093076 140732132106197 0
Current children cumulated CPU time: 1532.3 s
Current children cumulated vsize: 926648 KiB
Current children cumulated memory: 718368 KiB

[startup+1602.3 s]
/proc/loadavg: 58.26 58.38 58.44 59/3639 1235117
/proc/meminfo: memFree=440159956/527542224 swapFree=32515932/33554428
[pid=1229709] ppid=1229707 vsize=4248 memory=3088 CPUtime=0 cores=0,2,4,6,8,14-17,22-25,37-40,44,50,56-60,62-63,65,67,112,114,116,118,120,126-129,134-137,149-152,156,162,168-172,174-175,177,179
/proc/1229709/stat : 1229709 (bash) S 1229707 1229709 1229605 0 -1 4194304 284 138 0 0 0 0 0 0 20 0 1 0 222178825 4349952 772 117440512000 94275269922816 94275270904733 140723309907376 0 0 0 65536 4 65538 0 0 0 17 134 0 0 0 0 0 94275271138032 94275271186276 94275280584704 140723309915139 140723309915315 140723309915315 140723309928426 0
/proc/1229709/statm: 1062 772 676 240 0 188 0
[pid=1229713] ppid=1229709 vsize=922400 memory=715280 CPUtime=1591.91 cores=0,2,4,6,8,14-17,22-25,37-40,44,50,56-60,62-63,65,67,112,114,116,118,120,126-129,134-137,149-152,156,162,168-172,174-175,177,179
/proc/1229713/stat : 1229713 (kat_xcsp_2ccb88) S 1229709 1229709 1229605 0 -1 1077936128 5363229 0 542 0 158413 778 0 0 20 0 3 0 222178826 944537600 178820 117440512000 23254311178240 23254318974944 140732132089856 0 0 0 0 4096 8406082 0 0 0 17 135 0 0 0 0 0 23254319089024 23254319110224 93825005318144 140732132092662 140732132093076 140732132093076 140732132106197 0
/proc/1229713/statm: 230600 178820 37 1904 0 209589 0
[pid=1229713/tid=1229714] ppid=1229709 vsize=922400 memory=3148 CPUtime=1591.92 cores=0,2,4,6,8,14-17,22-25,37-40,44,50,56-60,62-63,65,67,112,114,116,118,120,126-129,134-137,149-152,156,162,168-172,174-175,177,179
/proc/1229713/task/1229714/stat : 1229714 (kat_xcsp_2ccb88) R 1229709 1229709 1229605 0 -1 4194368 5362948 0 540 0 158414 778 0 0 20 0 3 0 222178827 944537600 178820 117440512000 23254311178240 23254318974944 140732132089856 0 0 0 0 4096 8406082 0 0 0 -1 112 0 0 0 0 0 23254319089024 23254319110224 93825005318144 140732132092662 140732132093076 140732132093076 140732132106197 0
[pid=1229713/tid=1229715] ppid=1229709 vsize=922400 memory=8896 CPUtime=0 cores=0,2,4,6,8,14-17,22-25,37-40,44,50,56-60,62-63,65,67,112,114,116,118,120,126-129,134-137,149-152,156,162,168-172,174-175,177,179
/proc/1229713/task/1229715/stat : 1229715 (kat_xcsp_2ccb88) S 1229709 1229709 1229605 0 -1 1077936192 2 0 0 0 0 0 0 0 20 0 3 0 222178827 944537600 178820 117440512000 23254311178240 23254318974944 140732132089856 0 0 0 0 4096 8406082 0 0 0 -1 16 0 0 0 0 0 23254319089024 23254319110224 93825005318144 140732132092662 140732132093076 140732132093076 140732132106197 0
Current children cumulated CPU time: 1591.91 s
Current children cumulated vsize: 926648 KiB
Current children cumulated memory: 718368 KiB

[startup+1662.3 s]
/proc/loadavg: 58.17 58.34 58.43 59/3638 1235154
/proc/meminfo: memFree=437722424/527542224 swapFree=32515932/33554428
[pid=1229709] ppid=1229707 vsize=4248 memory=3088 CPUtime=0 cores=0,2,4,6,8,14-17,22-25,37-40,44,50,56-60,62-63,65,67,112,114,116,118,120,126-129,134-137,149-152,156,162,168-172,174-175,177,179
/proc/1229709/stat : 1229709 (bash) S 1229707 1229709 1229605 0 -1 4194304 284 138 0 0 0 0 0 0 20 0 1 0 222178825 4349952 772 117440512000 94275269922816 94275270904733 140723309907376 0 0 0 65536 4 65538 0 0 0 17 134 0 0 0 0 0 94275271138032 94275271186276 94275280584704 140723309915139 140723309915315 140723309915315 140723309928426 0
/proc/1229709/statm: 1062 772 676 240 0 188 0
[pid=1229713] ppid=1229709 vsize=934620 memory=733680 CPUtime=1651.55 cores=0,2,4,6,8,14-17,22-25,37-40,44,50,56-60,62-63,65,67,112,114,116,118,120,126-129,134-137,149-152,156,162,168-172,174-175,177,179
/proc/1229713/stat : 1229713 (kat_xcsp_2ccb88) S 1229709 1229709 1229605 0 -1 1077936128 5556352 0 543 0 164344 811 0 0 20 0 3 0 222178826 957050880 183420 117440512000 23254311178240 23254318974944 140732132089856 0 0 0 0 4096 8406082 0 0 0 17 135 0 0 0 0 0 23254319089024 23254319110224 93825005318144 140732132092662 140732132093076 140732132093076 140732132106197 0
/proc/1229713/statm: 233655 183420 58 1904 0 214172 0
[pid=1229713/tid=1229714] ppid=1229709 vsize=934620 memory=7318452475133972 CPUtime=1651.55 cores=0,2,4,6,8,14-17,22-25,37-40,44,50,56-60,62-63,65,67,112,114,116,118,120,126-129,134-137,149-152,156,162,168-172,174-175,177,179
/proc/1229713/task/1229714/stat : 1229714 (kat_xcsp_2ccb88) R 1229709 1229709 1229605 0 -1 4194368 5556071 0 541 0 164344 811 0 0 20 0 3 0 222178827 957050880 183420 117440512000 23254311178240 23254318974944 140732132089856 0 0 0 0 4096 8406082 0 0 0 -1 14 0 0 0 0 0 23254319089024 23254319110224 93825005318144 140732132092662 140732132093076 140732132093076 140732132106197 0
[pid=1229713/tid=1229715] ppid=1229709 vsize=934620 memory=3764 CPUtime=0 cores=0,2,4,6,8,14-17,22-25,37-40,44,50,56-60,62-63,65,67,112,114,116,118,120,126-129,134-137,149-152,156,162,168-172,174-175,177,179
/proc/1229713/task/1229715/stat : 1229715 (kat_xcsp_2ccb88) S 1229709 1229709 1229605 0 -1 1077936192 2 0 0 0 0 0 0 0 20 0 3 0 222178827 957050880 183420 117440512000 23254311178240 23254318974944 140732132089856 0 0 0 0 4096 8406082 0 0 0 -1 16 0 0 0 0 0 23254319089024 23254319110224 93825005318144 140732132092662 140732132093076 140732132093076 140732132106197 0
Current children cumulated CPU time: 1651.55 s
Current children cumulated vsize: 938868 KiB
Current children cumulated memory: 736768 KiB

[startup+1722.3 s]
/proc/loadavg: 58.13 58.30 58.41 59/3638 1235195
/proc/meminfo: memFree=435582136/527542224 swapFree=32515932/33554428
[pid=1229709] ppid=1229707 vsize=4248 memory=3088 CPUtime=0 cores=0,2,4,6,8,14-17,22-25,37-40,44,50,56-60,62-63,65,67,112,114,116,118,120,126-129,134-137,149-152,156,162,168-172,174-175,177,179
/proc/1229709/stat : 1229709 (bash) S 1229707 1229709 1229605 0 -1 4194304 284 138 0 0 0 0 0 0 20 0 1 0 222178825 4349952 772 117440512000 94275269922816 94275270904733 140723309907376 0 0 0 65536 4 65538 0 0 0 17 134 0 0 0 0 0 94275271138032 94275271186276 94275280584704 140723309915139 140723309915315 140723309915315 140723309928426 0
/proc/1229709/statm: 1062 772 676 240 0 188 0
[pid=1229713] ppid=1229709 vsize=934620 memory=733508 CPUtime=1711.13 cores=0,2,4,6,8,14-17,22-25,37-40,44,50,56-60,62-63,65,67,112,114,116,118,120,126-129,134-137,149-152,156,162,168-172,174-175,177,179
/proc/1229713/stat : 1229713 (kat_xcsp_2ccb88) S 1229709 1229709 1229605 0 -1 1077936128 5749949 0 845 0 170281 832 0 0 20 0 3 0 222178826 957050880 183377 117440512000 23254311178240 23254318974944 140732132089856 0 0 0 0 4096 8406082 0 0 0 17 135 0 0 0 0 0 23254319089024 23254319110224 93825005318144 140732132092662 140732132093076 140732132093076 140732132106197 0
/proc/1229713/statm: 233655 183377 15 1904 0 214172 0
[pid=1229713/tid=1229714] ppid=1229709 vsize=934620 memory=3088 CPUtime=1711.13 cores=0,2,4,6,8,14-17,22-25,37-40,44,50,56-60,62-63,65,67,112,114,116,118,120,126-129,134-137,149-152,156,162,168-172,174-175,177,179
/proc/1229713/task/1229714/stat : 1229714 (kat_xcsp_2ccb88) R 1229709 1229709 1229605 0 -1 4194368 5749668 0 843 0 170281 832 0 0 20 0 3 0 222178827 957050880 183377 117440512000 23254311178240 23254318974944 140732132089856 0 0 0 0 4096 8406082 0 0 0 -1 14 0 0 0 0 0 23254319089024 23254319110224 93825005318144 140732132092662 140732132093076 140732132093076 140732132106197 0
[pid=1229713/tid=1229715] ppid=1229709 vsize=934620 memory=3088 CPUtime=0 cores=0,2,4,6,8,14-17,22-25,37-40,44,50,56-60,62-63,65,67,112,114,116,118,120,126-129,134-137,149-152,156,162,168-172,174-175,177,179
/proc/1229713/task/1229715/stat : 1229715 (kat_xcsp_2ccb88) S 1229709 1229709 1229605 0 -1 1077936192 2 0 0 0 0 0 0 0 20 0 3 0 222178827 957050880 183377 117440512000 23254311178240 23254318974944 140732132089856 0 0 0 0 4096 8406082 0 0 0 -1 16 0 0 0 0 0 23254319089024 23254319110224 93825005318144 140732132092662 140732132093076 140732132093076 140732132106197 0
Current children cumulated CPU time: 1711.13 s
Current children cumulated vsize: 938868 KiB
Current children cumulated memory: 736596 KiB

[startup+1782.3 s]
/proc/loadavg: 58.29 58.32 58.41 59/3636 1235232
/proc/meminfo: memFree=436105704/527542224 swapFree=32515932/33554428
[pid=1229709] ppid=1229707 vsize=4248 memory=3088 CPUtime=0 cores=0,2,4,6,8,14-17,22-25,37-40,44,50,56-60,62-63,65,67,112,114,116,118,120,126-129,134-137,149-152,156,162,168-172,174-175,177,179
/proc/1229709/stat : 1229709 (bash) S 1229707 1229709 1229605 0 -1 4194304 284 138 0 0 0 0 0 0 20 0 1 0 222178825 4349952 772 117440512000 94275269922816 94275270904733 140723309907376 0 0 0 65536 4 65538 0 0 0 17 134 0 0 0 0 0 94275271138032 94275271186276 94275280584704 140723309915139 140723309915315 140723309915315 140723309928426 0
/proc/1229709/statm: 1062 772 676 240 0 188 0
[pid=1229713] ppid=1229709 vsize=934620 memory=733508 CPUtime=1770.01 cores=0,2,4,6,8,14-17,22-25,37-40,44,50,56-60,62-63,65,67,112,114,116,118,120,126-129,134-137,149-152,156,162,168-172,174-175,177,179
/proc/1229713/stat : 1229713 (kat_xcsp_2ccb88) S 1229709 1229709 1229605 0 -1 1077936128 5998140 0 6198 0 176129 872 0 0 20 0 3 0 222178826 957050880 183377 117440512000 23254311178240 23254318974944 140732132089856 0 0 0 0 4096 8406082 0 0 0 17 135 0 0 0 0 0 23254319089024 23254319110224 93825005318144 140732132092662 140732132093076 140732132093076 140732132106197 0
/proc/1229713/statm: 233655 183377 15 1904 0 214172 0
[pid=1229713/tid=1229714] ppid=1229709 vsize=934620 memory=3088 CPUtime=1770.01 cores=0,2,4,6,8,14-17,22-25,37-40,44,50,56-60,62-63,65,67,112,114,116,118,120,126-129,134-137,149-152,156,162,168-172,174-175,177,179
/proc/1229713/task/1229714/stat : 1229714 (kat_xcsp_2ccb88) R 1229709 1229709 1229605 0 -1 4194368 5997859 0 6196 0 176129 872 0 0 20 0 3 0 222178827 957050880 183377 117440512000 23254311178240 23254318974944 140732132089856 0 0 0 0 4096 8406082 0 0 0 -1 126 0 0 0 0 0 23254319089024 23254319110224 93825005318144 140732132092662 140732132093076 140732132093076 140732132106197 0
[pid=1229713/tid=1229715] ppid=1229709 vsize=934620 memory=3088 CPUtime=0 cores=0,2,4,6,8,14-17,22-25,37-40,44,50,56-60,62-63,65,67,112,114,116,118,120,126-129,134-137,149-152,156,162,168-172,174-175,177,179
/proc/1229713/task/1229715/stat : 1229715 (kat_xcsp_2ccb88) S 1229709 1229709 1229605 0 -1 1077936192 2 0 0 0 0 0 0 0 20 0 3 0 222178827 957050880 183377 117440512000 23254311178240 23254318974944 140732132089856 0 0 0 0 4096 8406082 0 0 0 -1 16 0 0 0 0 0 23254319089024 23254319110224 93825005318144 140732132092662 140732132093076 140732132093076 140732132106197 0
Current children cumulated CPU time: 1770.01 s
Current children cumulated vsize: 938868 KiB
Current children cumulated memory: 736596 KiB



Maximum wall clock time exceeded: sending SIGTERM then SIGKILL

[startup+1800 s]*
/proc/loadavg: 58.34 58.33 58.41 59/3636 1235244
/proc/meminfo: memFree=436275380/527542224 swapFree=32515676/33554428
[pid=1229709] ppid=1229707 vsize=4248 memory=3088 CPUtime=0 cores=0,2,4,6,8,14-17,22-25,37-40,44,50,56-60,62-63,65,67,112,114,116,118,120,126-129,134-137,149-152,156,162,168-172,174-175,177,179
/proc/1229709/stat : 1229709 (bash) S 1229707 1229709 1229605 0 -1 4194304 284 138 0 0 0 0 0 0 20 0 1 0 222178825 4349952 772 117440512000 94275269922816 94275270904733 140723309907376 0 0 0 65536 4 65538 0 0 0 17 134 0 0 0 0 0 94275271138032 94275271186276 94275280584704 140723309915139 140723309915315 140723309915315 140723309928426 0
/proc/1229709/statm: 1062 772 676 240 0 188 0
[pid=1229713] ppid=1229709 vsize=934376 memory=733264 CPUtime=1787.52 cores=0,2,4,6,8,14-17,22-25,37-40,44,50,56-60,62-63,65,67,112,114,116,118,120,126-129,134-137,149-152,156,162,168-172,174-175,177,179
/proc/1229713/stat : 1229713 (kat_xcsp_2ccb88) S 1229709 1229709 1229605 0 -1 1077936128 6138972 0 7620 0 177858 894 0 0 20 0 3 0 222178826 956801024 183316 117440512000 23254311178240 23254318974944 140732132089856 0 0 0 0 4096 8406082 0 0 0 17 135 0 0 0 0 0 23254319089024 23254319110224 93825005318144 140732132092662 140732132093076 140732132093076 140732132106197 0
/proc/1229713/statm: 233594 183316 15 1904 0 214111 0
[pid=1229713/tid=1229714] ppid=1229709 vsize=934376 memory=6656426216303648864 CPUtime=1787.51 cores=0,2,4,6,8,14-17,22-25,37-40,44,50,56-60,62-63,65,67,112,114,116,118,120,126-129,134-137,149-152,156,162,168-172,174-175,177,179
/proc/1229713/task/1229714/stat : 1229714 (kat_xcsp_2ccb88) R 1229709 1229709 1229605 0 -1 4194368 6138693 0 7618 0 177858 893 0 0 20 0 3 0 222178827 956801024 183316 117440512000 23254311178240 23254318974944 140732132089856 0 0 0 0 4096 8406082 0 0 0 -1 14 0 0 0 0 0 23254319089024 23254319110224 93825005318144 140732132092662 140732132093076 140732132093076 140732132106197 0
[pid=1229713/tid=1229715] ppid=1229709 vsize=934376 memory=7230079859686532928 CPUtime=0 cores=0,2,4,6,8,14-17,22-25,37-40,44,50,56-60,62-63,65,67,112,114,116,118,120,126-129,134-137,149-152,156,162,168-172,174-175,177,179
/proc/1229713/task/1229715/stat : 1229715 (kat_xcsp_2ccb88) S 1229709 1229709 1229605 0 -1 1077936192 2 0 0 0 0 0 0 0 20 0 3 0 222178827 956801024 183316 117440512000 23254311178240 23254318974944 140732132089856 0 0 0 0 4096 8406082 0 0 0 -1 16 0 0 0 0 0 23254319089024 23254319110224 93825005318144 140732132092662 140732132093076 140732132093076 140732132106197 0
Current children cumulated CPU time: 1787.52 s
Current children cumulated vsize: 938624 KiB
Current children cumulated memory: 736352 KiB

Sending SIGTERM to process tree (bottom up)
Sleeping 2 seconds

[startup+1800.13 s]
# the end of solver process 1229709 was just reported to runsolver
# cumulated CPU time of all completed processes:  user=0.003098 s, system=0.003652 s

[startup+1800.16 s]
# the end of solver process 1229713 was just reported to runsolver
# cumulated CPU time of all completed processes:  user=1778.61 s, system=8.96415 s
# this solver process was not waited by its parent and was adopted by runsolver

Solver just ended.
??? end of watcher thread
Dumping a history of the last processes samples

Child status: 143
Real time (s): 1800.16
CPU time (s): 1787.58
CPU user time (s): 1778.61
CPU system time (s): 8.96415
CPU usage (%): 99.3009
Max. virtual memory (cumulated for all children) (KiB): 1191968
Max. memory (cumulated for all children) (KiB): 978228

getrusage(RUSAGE_CHILDREN,...) data:
user time used= 1778.61
system time used= 8.96415
maximum resident set size= 976020
integral shared memory size= 0
integral unshared data size= 0
integral unshared stack size= 0
page reclaims= 6139645
page faults= 7732
swaps= 0
block input operations= 80008
block output operations= 232
messages sent= 0
messages received= 0
signals received= 0
voluntary context switches= 7845
involuntary context switches= 2049


# summary of solver processes directly reported to runsolver:
#   pid: 1229709,1229713
#   total CPU time (s): 1787.58
#   total CPU user time (s): 1778.61
#   total CPU system time (s): 8.96415

??? end of timestamper thread
runsolver used 46.3573 second user time and 156.678 second system time

The end
