================ Slurm Info ================
DATE      = 2026-05-27T01:31:36+09:00
PARTITION = gr10672b
JOB_ID    = 19875378_137
JOB_NAME  = xcsp-parse-cop-cumulative-165-order-ge-cumexact-timerd-20260526-2ccb88e9-q10672
NNODES    = 1
RSC_OPT   = p=1:t=28:c=28:m=112000M
============================================
job_id=19876586 task_id=137 instance_id=137
instance_relpath=COP22to25/AircraftAssemblyLine-3-628-100-1_c24.xml.lzma
row_file=/LARGE0/gr10672/b39275/xcsp3instances/results/kat-cop-cumulative-165-order-ge-guarded-basic-directexpr-inchard-cnf-mdd-tl-linkcost-eqne2-cumexact-timerd-1800-20260526-2ccb88e9-q10672/rows/row-19876586-137-137.csv
runsolver_values_log=/LARGE0/gr10672/b39275/xcsp3instances/slurm-logs/runsolver/runsolver-kat-cop-cumulative-165-order-ge-guarded-basic-directexpr-inchard-cnf-mdd-tl-linkcost-eqne2-cumexact-timerd-1800-20260526-2ccb88e9-q10672-19876586-137-137/values.log
runsolver_solver_log=/LARGE0/gr10672/b39275/xcsp3instances/slurm-logs/runsolver/runsolver-kat-cop-cumulative-165-order-ge-guarded-basic-directexpr-inchard-cnf-mdd-tl-linkcost-eqne2-cumexact-timerd-1800-20260526-2ccb88e9-q10672-19876586-137-137/output.log
runsolver version 3.4.1 (svn: 3018) Copyright (C) 2010-2013 Olivier ROUSSEL

This program is distributed in the hope that it will be useful,
but WITHOUT ANY WARRANTY; without even the implied warranty of
MERCHANTABILITY or FITNESS FOR A PARTICULAR PURPOSE.  See the
GNU General Public License for more details.

NUMA information:
  number of nodes: 8
  memory of node 0: 63700 MiB (40790 MiB free)
  memory of node 1: 64504 MiB (45349 MiB free)
  memory of node 2: 64461 MiB (59597 MiB free)
  memory of node 3: 64504 MiB (62505 MiB free)
  memory of node 4: 64504 MiB (63280 MiB free)
  memory of node 5: 64504 MiB (48582 MiB free)
  memory of node 6: 64504 MiB (44979 MiB free)
  memory of node 7: 64491 MiB (54521 MiB free)
  node distances:
     10  12  12  12  21  21  21  21
     12  10  12  12  21  21  21  21
     12  12  10  12  21  21  21  21
     12  12  12  10  21  21  21  21
     21  21  21  21  10  12  12  12
     21  21  21  21  12  10  12  12
     21  21  21  21  12  12  10  12
     21  21  21  21  12  12  12  10

command line: runsolver -W 1800 -C 1800 -v /logs/runsolver/runsolver-kat-cop-cumulative-165-order-ge-guarded-basic-directexpr-inchard-cnf-mdd-tl-linkcost-eqne2-cumexact-timerd-1800-20260526-2ccb88e9-q10672-19876586-137-137/values.log -o /logs/runsolver/runsolver-kat-cop-cumulative-165-order-ge-guarded-basic-directexpr-inchard-cnf-mdd-tl-linkcost-eqne2-cumexact-timerd-1800-20260526-2ccb88e9-q10672-19876586-137-137/output.log bash -lc 
set -euo pipefail
if [[ -n "${PARSER_ARGS:-}" ]]; then
  eval "set -- ${PARSER_ARGS}"
  "$PARSER_BIN" "$INSTANCE_PATH" "$@"
else
  "$PARSER_BIN" "$INSTANCE_PATH"
fi
 

running on 42 cores: 30-31,36,55-59,144-148,167-175,180-187,60-67,72-75

Enforcing wall clock limit (soft limit, will send SIGTERM then SIGKILL): 1800 seconds
Enforcing CPUTime limit (soft limit, will send SIGTERM then SIGKILL): 1800 seconds
Enforcing CPUTime limit (hard limit, will send SIGXCPU): 1830 seconds
Linux 4.18.0-553.111.1.el8_10.x86_64
solver pid=1685939, runsolver pid=1685938
Current StackSize limit: 18014398509481983 KiB


[startup+0.100084 s]*
/proc/loadavg: 42.39 42.18 41.73 41/3097 1685944
/proc/meminfo: memFree=429666604/527542228 swapFree=31593752/33554428
[pid=1685939] ppid=1685938 vsize=4248 memory=3060 CPUtime=0 cores=30-36,55-75,142-148,167-187
/proc/1685939/stat : 1685939 (bash) S 1685938 1685939 1685836 0 -1 4194304 281 138 0 0 0 0 0 0 20 0 1 0 221651314 4349952 765 117440512000 93847320092672 93847321074589 140727587978576 0 0 0 65536 4 65538 0 0 0 17 183 0 0 0 0 0 93847321307888 93847321356132 93847341436928 140727587986414 140727587986590 140727587986590 140727587999722 0
/proc/1685939/statm: 1062 765 668 240 0 188 0
[pid=1685942] ppid=1685939 vsize=206804 memory=17732 CPUtime=0.15 cores=30-36,55-75,142-148,167-187
/proc/1685942/stat : 1685942 (kat_xcsp_2ccb88) S 1685939 1685939 1685836 0 -1 1077936128 5601 0 2 0 14 1 0 0 20 0 3 0 221651315 211767296 4433 117440512000 22855613566976 22855621363680 140736188524560 0 0 0 0 4096 8406082 0 0 0 17 182 0 0 0 0 0 22855621477760 22855621498960 93824999464960 140736188529363 140736188529791 140736188529791 140736188542933 0
/proc/1685942/statm: 51701 4433 464 1904 0 21009 0
[pid=1685942/tid=1685943] ppid=1685939 vsize=206804 memory=3905809677455471443 CPUtime=0.15 cores=30-36,55-75,142-148,167-187
/proc/1685942/task/1685943/stat : 1685943 (kat_xcsp_2ccb88) R 1685939 1685939 1685836 0 -1 4194368 5322 0 0 0 14 1 0 0 20 0 3 0 221651316 211767296 4433 117440512000 22855613566976 22855621363680 140736188524560 0 0 0 0 4096 8406082 0 0 0 -1 144 0 0 0 0 0 22855621477760 22855621498960 93824999464960 140736188529363 140736188529791 140736188529791 140736188542933 0
[pid=1685942/tid=1685944] ppid=1685939 vsize=206804 memory=3761129344697906521 CPUtime=0 cores=30-36,55-75,142-148,167-187
/proc/1685942/task/1685944/stat : 1685944 (kat_xcsp_2ccb88) S 1685939 1685939 1685836 0 -1 1077936192 2 0 0 0 0 0 0 0 20 0 3 0 221651316 211767296 4433 117440512000 22855613566976 22855621363680 140736188524560 0 0 0 0 4096 8406082 0 0 0 -1 34 0 0 0 0 0 22855621477760 22855621498960 93824999464960 140736188529363 140736188529791 140736188529791 140736188542933 0
Current children cumulated CPU time: 0.15 s
Current children cumulated vsize: 211052 KiB
Current children cumulated memory: 20792 KiB

[startup+0.313152 s]*
/proc/loadavg: 42.39 42.18 41.73 40/3097 1685944
/proc/meminfo: memFree=429333476/527542228 swapFree=31593752/33554428
[pid=1685939] ppid=1685938 vsize=4248 memory=3060 CPUtime=0 cores=30-36,55-75,142-148,167-187
/proc/1685939/stat : 1685939 (bash) S 1685938 1685939 1685836 0 -1 4194304 281 138 0 0 0 0 0 0 20 0 1 0 221651314 4349952 765 117440512000 93847320092672 93847321074589 140727587978576 0 0 0 65536 4 65538 0 0 0 17 183 0 0 0 0 0 93847321307888 93847321356132 93847341436928 140727587986414 140727587986590 140727587986590 140727587999722 0
/proc/1685939/statm: 1062 765 668 240 0 188 0
[pid=1685942] ppid=1685939 vsize=209944 memory=29876 CPUtime=0.36 cores=30-36,55-75,142-148,167-187
/proc/1685942/stat : 1685942 (kat_xcsp_2ccb88) S 1685939 1685939 1685836 0 -1 1077936128 8598 0 2 0 34 2 0 0 20 0 3 0 221651315 214982656 7469 117440512000 22855613566976 22855621363680 140736188524560 0 0 0 0 4096 8406082 0 0 0 17 182 0 0 0 0 0 22855621477760 22855621498960 93824999464960 140736188529363 140736188529791 140736188529791 140736188542933 0
/proc/1685942/statm: 52486 7469 464 1904 0 24227 0
[pid=1685942/tid=1685943] ppid=1685939 vsize=209944 memory=3905809677455471443 CPUtime=0.36 cores=30-36,55-75,142-148,167-187
/proc/1685942/task/1685943/stat : 1685943 (kat_xcsp_2ccb88) R 1685939 1685939 1685836 0 -1 4194368 8324 0 0 0 34 2 0 0 20 0 3 0 221651316 214982656 7469 117440512000 22855613566976 22855621363680 140736188524560 0 0 0 0 4096 8406082 0 0 0 -1 144 0 0 0 0 0 22855621477760 22855621498960 93824999464960 140736188529363 140736188529791 140736188529791 140736188542933 0
[pid=1685942/tid=1685944] ppid=1685939 vsize=209944 memory=3761129344697906521 CPUtime=0 cores=30-36,55-75,142-148,167-187
/proc/1685942/task/1685944/stat : 1685944 (kat_xcsp_2ccb88) S 1685939 1685939 1685836 0 -1 1077936192 2 0 0 0 0 0 0 0 20 0 3 0 221651316 214982656 7469 117440512000 22855613566976 22855621363680 140736188524560 0 0 0 0 4096 8406082 0 0 0 -1 34 0 0 0 0 0 22855621477760 22855621498960 93824999464960 140736188529363 140736188529791 140736188529791 140736188542933 0
Current children cumulated CPU time: 0.36 s
Current children cumulated vsize: 214192 KiB
Current children cumulated memory: 32936 KiB

[startup+0.508334 s]*
/proc/loadavg: 42.39 42.18 41.73 40/3097 1685944
/proc/meminfo: memFree=429629868/527542228 swapFree=31593752/33554428
[pid=1685939] ppid=1685938 vsize=4248 memory=3060 CPUtime=0 cores=30-36,55-75,142-148,167-187
/proc/1685939/stat : 1685939 (bash) S 1685938 1685939 1685836 0 -1 4194304 281 138 0 0 0 0 0 0 20 0 1 0 221651314 4349952 765 117440512000 93847320092672 93847321074589 140727587978576 0 0 0 65536 4 65538 0 0 0 17 183 0 0 0 0 0 93847321307888 93847321356132 93847341436928 140727587986414 140727587986590 140727587986590 140727587999722 0
/proc/1685939/statm: 1062 765 668 240 0 188 0
[pid=1685942] ppid=1685939 vsize=218204 memory=46132 CPUtime=0.56 cores=30-36,55-75,142-148,167-187
/proc/1685942/stat : 1685942 (kat_xcsp_2ccb88) S 1685939 1685939 1685836 0 -1 1077936128 11538 0 2 0 53 3 0 0 20 0 3 0 221651315 223440896 11533 117440512000 22855613566976 22855621363680 140736188524560 0 0 0 0 4096 8406082 0 0 0 17 182 0 0 0 0 0 22855621477760 22855621498960 93824999464960 140736188529363 140736188529791 140736188529791 140736188542933 0
/proc/1685942/statm: 54551 11533 464 1904 0 28787 0
[pid=1685942/tid=1685943] ppid=1685939 vsize=218204 memory=3905809677455471443 CPUtime=0.55 cores=30-36,55-75,142-148,167-187
/proc/1685942/task/1685943/stat : 1685943 (kat_xcsp_2ccb88) R 1685939 1685939 1685836 0 -1 4194368 11259 0 0 0 53 2 0 0 20 0 3 0 221651316 223440896 11533 117440512000 22855613566976 22855621363680 140736188524560 0 0 0 0 4096 8406082 0 0 0 -1 144 0 0 0 0 0 22855621477760 22855621498960 93824999464960 140736188529363 140736188529791 140736188529791 140736188542933 0
[pid=1685942/tid=1685944] ppid=1685939 vsize=218204 memory=3761129344697906521 CPUtime=0 cores=30-36,55-75,142-148,167-187
/proc/1685942/task/1685944/stat : 1685944 (kat_xcsp_2ccb88) S 1685939 1685939 1685836 0 -1 1077936192 2 0 0 0 0 0 0 0 20 0 3 0 221651316 223440896 11533 117440512000 22855613566976 22855621363680 140736188524560 0 0 0 0 4096 8406082 0 0 0 -1 34 0 0 0 0 0 22855621477760 22855621498960 93824999464960 140736188529363 140736188529791 140736188529791 140736188542933 0
Current children cumulated CPU time: 0.56 s
Current children cumulated vsize: 222452 KiB
Current children cumulated memory: 49192 KiB

[startup+0.707201 s]*
/proc/loadavg: 42.39 42.18 41.73 40/3097 1685944
/proc/meminfo: memFree=429621948/527542228 swapFree=31593752/33554428
[pid=1685939] ppid=1685938 vsize=4248 memory=3060 CPUtime=0 cores=30-36,55-75,142-148,167-187
/proc/1685939/stat : 1685939 (bash) S 1685938 1685939 1685836 0 -1 4194304 281 138 0 0 0 0 0 0 20 0 1 0 221651314 4349952 765 117440512000 93847320092672 93847321074589 140727587978576 0 0 0 65536 4 65538 0 0 0 17 183 0 0 0 0 0 93847321307888 93847321356132 93847341436928 140727587986414 140727587986590 140727587986590 140727587999722 0
/proc/1685939/statm: 1062 765 668 240 0 188 0
[pid=1685942] ppid=1685939 vsize=218204 memory=55832 CPUtime=0.75 cores=30-36,55-75,142-148,167-187
/proc/1685942/stat : 1685942 (kat_xcsp_2ccb88) S 1685939 1685939 1685836 0 -1 1077936128 13438 0 2 0 72 3 0 0 20 0 3 0 221651315 223440896 13958 117440512000 22855613566976 22855621363680 140736188524560 0 0 0 0 4096 8406082 0 0 0 17 182 0 0 0 0 0 22855621477760 22855621498960 93824999464960 140736188529363 140736188529791 140736188529791 140736188542933 0
/proc/1685942/statm: 54551 13958 464 1904 0 31029 0
[pid=1685942/tid=1685943] ppid=1685939 vsize=218204 memory=3905809677455471443 CPUtime=0.75 cores=30-36,55-75,142-148,167-187
/proc/1685942/task/1685943/stat : 1685943 (kat_xcsp_2ccb88) R 1685939 1685939 1685836 0 -1 4194368 13159 0 0 0 72 3 0 0 20 0 3 0 221651316 223440896 13958 117440512000 22855613566976 22855621363680 140736188524560 0 0 0 0 4096 8406082 0 0 0 -1 144 0 0 0 0 0 22855621477760 22855621498960 93824999464960 140736188529363 140736188529791 140736188529791 140736188542933 0
[pid=1685942/tid=1685944] ppid=1685939 vsize=218204 memory=3761129344697906521 CPUtime=0 cores=30-36,55-75,142-148,167-187
/proc/1685942/task/1685944/stat : 1685944 (kat_xcsp_2ccb88) S 1685939 1685939 1685836 0 -1 1077936192 2 0 0 0 0 0 0 0 20 0 3 0 221651316 223440896 13958 117440512000 22855613566976 22855621363680 140736188524560 0 0 0 0 4096 8406082 0 0 0 -1 34 0 0 0 0 0 22855621477760 22855621498960 93824999464960 140736188529363 140736188529791 140736188529791 140736188542933 0
Current children cumulated CPU time: 0.75 s
Current children cumulated vsize: 222452 KiB
Current children cumulated memory: 58892 KiB

[startup+1.5003 s]*
/proc/loadavg: 42.39 42.18 41.73 41/3097 1685945
/proc/meminfo: memFree=429580600/527542228 swapFree=31593752/33554428
[pid=1685939] ppid=1685938 vsize=4248 memory=3060 CPUtime=0 cores=30-36,55-75,142-148,167-187
/proc/1685939/stat : 1685939 (bash) S 1685938 1685939 1685836 0 -1 4194304 281 138 0 0 0 0 0 0 20 0 1 0 221651314 4349952 765 117440512000 93847320092672 93847321074589 140727587978576 0 0 0 65536 4 65538 0 0 0 17 183 0 0 0 0 0 93847321307888 93847321356132 93847341436928 140727587986414 140727587986590 140727587986590 140727587999722 0
/proc/1685939/statm: 1062 765 668 240 0 188 0
[pid=1685942] ppid=1685939 vsize=307424 memory=98272 CPUtime=1.54 cores=30-36,55-75,142-148,167-187
/proc/1685942/stat : 1685942 (kat_xcsp_2ccb88) S 1685939 1685939 1685836 0 -1 1077936128 30218 0 2 0 149 5 0 0 20 0 3 0 221651315 314802176 24568 117440512000 22855613566976 22855621363680 140736188524560 0 0 0 0 4096 8406082 0 0 0 17 182 0 0 0 0 0 22855621477760 22855621498960 93824999464960 140736188529363 140736188529791 140736188529791 140736188542933 0
/proc/1685942/statm: 76856 24568 464 1904 0 42755 0
[pid=1685942/tid=1685943] ppid=1685939 vsize=307424 memory=3905809677455471443 CPUtime=1.54 cores=30-36,55-75,142-148,167-187
/proc/1685942/task/1685943/stat : 1685943 (kat_xcsp_2ccb88) R 1685939 1685939 1685836 0 -1 4194368 29938 0 0 0 149 5 0 0 20 0 3 0 221651316 314802176 24568 117440512000 22855613566976 22855621363680 140736188524560 0 0 0 0 4096 8406082 0 0 0 -1 144 0 0 0 0 0 22855621477760 22855621498960 93824999464960 140736188529363 140736188529791 140736188529791 140736188542933 0
[pid=1685942/tid=1685944] ppid=1685939 vsize=307424 memory=3544956562584121682 CPUtime=0 cores=30-36,55-75,142-148,167-187
/proc/1685942/task/1685944/stat : 1685944 (kat_xcsp_2ccb88) S 1685939 1685939 1685836 0 -1 1077936192 2 0 0 0 0 0 0 0 20 0 3 0 221651316 314802176 24568 117440512000 22855613566976 22855621363680 140736188524560 0 0 0 0 4096 8406082 0 0 0 -1 34 0 0 0 0 0 22855621477760 22855621498960 93824999464960 140736188529363 140736188529791 140736188529791 140736188542933 0
Current children cumulated CPU time: 1.54 s
Current children cumulated vsize: 311672 KiB
Current children cumulated memory: 101332 KiB

[startup+3.1003 s]
/proc/loadavg: 42.39 42.18 41.73 40/3097 1685945
/proc/meminfo: memFree=429201568/527542228 swapFree=31593752/33554428
[pid=1685939] ppid=1685938 vsize=4248 memory=3060 CPUtime=0 cores=30-36,55-75,142-148,167-187
/proc/1685939/stat : 1685939 (bash) S 1685938 1685939 1685836 0 -1 4194304 281 138 0 0 0 0 0 0 20 0 1 0 221651314 4349952 765 117440512000 93847320092672 93847321074589 140727587978576 0 0 0 65536 4 65538 0 0 0 17 183 0 0 0 0 0 93847321307888 93847321356132 93847341436928 140727587986414 140727587986590 140727587986590 140727587999722 0
/proc/1685939/statm: 1062 765 668 240 0 188 0
[pid=1685942] ppid=1685939 vsize=342496 memory=180092 CPUtime=3.03 cores=30-36,55-75,142-148,167-187
/proc/1685942/stat : 1685942 (kat_xcsp_2ccb88) S 1685939 1685939 1685836 0 -1 1077936128 44910 0 2 0 293 10 0 0 20 0 3 0 221651315 350715904 45023 117440512000 22855613566976 22855621363680 140736188524560 0 0 0 0 4096 8406082 0 0 0 17 182 0 0 0 0 0 22855621477760 22855621498960 93824999464960 140736188529363 140736188529791 140736188529791 140736188542933 0
/proc/1685942/statm: 85624 45023 464 1904 0 65943 0
[pid=1685942/tid=1685943] ppid=1685939 vsize=342496 memory=148108 CPUtime=3.02 cores=30-36,55-75,142-148,167-187
/proc/1685942/task/1685943/stat : 1685943 (kat_xcsp_2ccb88) R 1685939 1685939 1685836 0 -1 4194368 44630 0 0 0 293 9 0 0 20 0 3 0 221651316 350715904 45023 117440512000 22855613566976 22855621363680 140736188524560 0 0 0 0 4096 8406082 0 0 0 -1 144 0 0 0 0 0 22855621477760 22855621498960 93824999464960 140736188529363 140736188529791 140736188529791 140736188542933 0
[pid=1685942/tid=1685944] ppid=1685939 vsize=342496 memory=3060 CPUtime=0 cores=30-36,55-75,142-148,167-187
/proc/1685942/task/1685944/stat : 1685944 (kat_xcsp_2ccb88) S 1685939 1685939 1685836 0 -1 1077936192 2 0 0 0 0 0 0 0 20 0 3 0 221651316 350715904 45023 117440512000 22855613566976 22855621363680 140736188524560 0 0 0 0 4096 8406082 0 0 0 -1 34 0 0 0 0 0 22855621477760 22855621498960 93824999464960 140736188529363 140736188529791 140736188529791 140736188542933 0
Current children cumulated CPU time: 3.03 s
Current children cumulated vsize: 346744 KiB
Current children cumulated memory: 183152 KiB

[startup+6.3003 s]
/proc/loadavg: 42.12 42.12 41.71 40/3097 1685945
/proc/meminfo: memFree=429340692/527542228 swapFree=31593752/33554428
[pid=1685939] ppid=1685938 vsize=4248 memory=3060 CPUtime=0 cores=30-36,55-75,142-148,167-187
/proc/1685939/stat : 1685939 (bash) S 1685938 1685939 1685836 0 -1 4194304 281 138 0 0 0 0 0 0 20 0 1 0 221651314 4349952 765 117440512000 93847320092672 93847321074589 140727587978576 0 0 0 65536 4 65538 0 0 0 17 183 0 0 0 0 0 93847321307888 93847321356132 93847341436928 140727587986414 140727587986590 140727587986590 140727587999722 0
/proc/1685939/statm: 1062 765 668 240 0 188 0
[pid=1685942] ppid=1685939 vsize=543712 memory=354968 CPUtime=6.22 cores=30-36,55-75,142-148,167-187
/proc/1685942/stat : 1685942 (kat_xcsp_2ccb88) S 1685939 1685939 1685836 0 -1 1077936128 92163 0 2 0 602 20 0 0 20 0 3 0 221651315 556761088 88742 117440512000 22855613566976 22855621363680 140736188524560 0 0 0 0 4096 8406082 0 0 0 17 182 0 0 0 0 0 22855621477760 22855621498960 93824999464960 140736188529363 140736188529791 140736188529791 140736188542933 0
/proc/1685942/statm: 135928 88742 464 1904 0 113084 0
[pid=1685942/tid=1685943] ppid=1685939 vsize=543712 memory=296 CPUtime=6.21 cores=30-36,55-75,142-148,167-187
/proc/1685942/task/1685943/stat : 1685943 (kat_xcsp_2ccb88) R 1685939 1685939 1685836 0 -1 4194368 91883 0 0 0 602 19 0 0 20 0 3 0 221651316 556761088 88742 117440512000 22855613566976 22855621363680 140736188524560 0 0 0 0 4096 8406082 0 0 0 -1 144 0 0 0 0 0 22855621477760 22855621498960 93824999464960 140736188529363 140736188529791 140736188529791 140736188542933 0
[pid=1685942/tid=1685944] ppid=1685939 vsize=543712 memory=114665923 CPUtime=0 cores=30-36,55-75,142-148,167-187
/proc/1685942/task/1685944/stat : 1685944 (kat_xcsp_2ccb88) S 1685939 1685939 1685836 0 -1 1077936192 2 0 0 0 0 0 0 0 20 0 3 0 221651316 556761088 88742 117440512000 22855613566976 22855621363680 140736188524560 0 0 0 0 4096 8406082 0 0 0 -1 34 0 0 0 0 0 22855621477760 22855621498960 93824999464960 140736188529363 140736188529791 140736188529791 140736188542933 0
Current children cumulated CPU time: 6.22 s
Current children cumulated vsize: 547960 KiB
Current children cumulated memory: 358028 KiB

[startup+12.7093 s]
/proc/loadavg: 41.87 42.07 41.70 40/3095 1685958
/proc/meminfo: memFree=428988324/527542228 swapFree=31593752/33554428
[pid=1685939] ppid=1685938 vsize=4248 memory=3060 CPUtime=0 cores=30-36,55-75,142-148,167-187
/proc/1685939/stat : 1685939 (bash) S 1685938 1685939 1685836 0 -1 4194304 281 138 0 0 0 0 0 0 20 0 1 0 221651314 4349952 765 117440512000 93847320092672 93847321074589 140727587978576 0 0 0 65536 4 65538 0 0 0 17 183 0 0 0 0 0 93847321307888 93847321356132 93847341436928 140727587986414 140727587986590 140727587986590 140727587999722 0
/proc/1685939/statm: 1062 765 668 240 0 188 0
[pid=1685942] ppid=1685939 vsize=940008 memory=702660 CPUtime=12.6 cores=30-36,55-75,142-148,167-187
/proc/1685942/stat : 1685942 (kat_xcsp_2ccb88) S 1685939 1685939 1685836 0 -1 1077936128 171063 0 2 0 1224 36 0 0 20 0 3 0 221651315 962568192 175665 117440512000 22855613566976 22855621363680 140736188524560 0 0 0 0 4096 8406082 0 0 0 17 182 0 0 0 0 0 22855621477760 22855621498960 93824999464960 140736188529363 140736188529791 140736188529791 140736188542933 0
/proc/1685942/statm: 235002 175665 464 1904 0 207909 0
[pid=1685942/tid=1685943] ppid=1685939 vsize=940008 memory=680232 CPUtime=12.6 cores=30-36,55-75,142-148,167-187
/proc/1685942/task/1685943/stat : 1685943 (kat_xcsp_2ccb88) R 1685939 1685939 1685836 0 -1 4194368 170783 0 0 0 1224 36 0 0 20 0 3 0 221651316 962568192 175665 117440512000 22855613566976 22855621363680 140736188524560 0 0 0 0 4096 8406082 0 0 0 -1 144 0 0 0 0 0 22855621477760 22855621498960 93824999464960 140736188529363 140736188529791 140736188529791 140736188542933 0
[pid=1685942/tid=1685944] ppid=1685939 vsize=940008 memory=587484 CPUtime=0 cores=30-36,55-75,142-148,167-187
/proc/1685942/task/1685944/stat : 1685944 (kat_xcsp_2ccb88) S 1685939 1685939 1685836 0 -1 1077936192 2 0 0 0 0 0 0 0 20 0 3 0 221651316 962568192 175665 117440512000 22855613566976 22855621363680 140736188524560 0 0 0 0 4096 8406082 0 0 0 -1 34 0 0 0 0 0 22855621477760 22855621498960 93824999464960 140736188529363 140736188529791 140736188529791 140736188542933 0
Current children cumulated CPU time: 12.6 s
Current children cumulated vsize: 944256 KiB
Current children cumulated memory: 705720 KiB

[startup+25.5003 s]
/proc/loadavg: 41.79 42.05 41.69 40/3095 1685962
/proc/meminfo: memFree=427790508/527542228 swapFree=31593752/33554428
[pid=1685939] ppid=1685938 vsize=4248 memory=3060 CPUtime=0 cores=30-36,55-75,142-148,167-187
/proc/1685939/stat : 1685939 (bash) S 1685938 1685939 1685836 0 -1 4194304 281 138 0 0 0 0 0 0 20 0 1 0 221651314 4349952 765 117440512000 93847320092672 93847321074589 140727587978576 0 0 0 65536 4 65538 0 0 0 17 183 0 0 0 0 0 93847321307888 93847321356132 93847341436928 140727587986414 140727587986590 140727587986590 140727587999722 0
/proc/1685939/statm: 1062 765 668 240 0 188 0
[pid=1685942] ppid=1685939 vsize=2364488 memory=1995804 CPUtime=25.34 cores=30-36,55-75,142-148,167-187
/proc/1685942/stat : 1685942 (kat_xcsp_2ccb88) S 1685939 1685939 1685836 0 -1 1077936128 368978 0 2 0 2436 98 0 0 20 0 3 0 221651315 2421235712 498951 117440512000 22855613566976 22855621363680 140736188524560 0 0 0 0 4096 8406082 0 0 0 17 182 0 0 0 0 0 22855621477760 22855621498960 93824999464960 140736188529363 140736188529791 140736188529791 140736188542933 0
/proc/1685942/statm: 591122 498951 567 1904 0 560616 0
[pid=1685942/tid=1685943] ppid=1685939 vsize=2364488 memory=7292 CPUtime=25.33 cores=30-36,55-75,142-148,167-187
/proc/1685942/task/1685943/stat : 1685943 (kat_xcsp_2ccb88) R 1685939 1685939 1685836 0 -1 4194368 368698 0 0 0 2436 97 0 0 20 0 3 0 221651316 2421235712 498951 117440512000 22855613566976 22855621363680 140736188524560 0 0 0 0 4096 8406082 0 0 0 -1 144 0 0 0 0 0 22855621477760 22855621498960 93824999464960 140736188529363 140736188529791 140736188529791 140736188542933 0
[pid=1685942/tid=1685944] ppid=1685939 vsize=2364488 memory=0 CPUtime=0 cores=30-36,55-75,142-148,167-187
/proc/1685942/task/1685944/stat : 1685944 (kat_xcsp_2ccb88) S 1685939 1685939 1685836 0 -1 1077936192 2 0 0 0 0 0 0 0 20 0 3 0 221651316 2421235712 498951 117440512000 22855613566976 22855621363680 140736188524560 0 0 0 0 4096 8406082 0 0 0 -1 34 0 0 0 0 0 22855621477760 22855621498960 93824999464960 140736188529363 140736188529791 140736188529791 140736188542933 0
Current children cumulated CPU time: 25.34 s
Current children cumulated vsize: 2368736 KiB
Current children cumulated memory: 1998864 KiB

[startup+51.2086 s]
/proc/loadavg: 42.37 42.17 41.75 40/3095 1685967
/proc/meminfo: memFree=420560440/527542228 swapFree=31593752/33554428
[pid=1685939] ppid=1685938 vsize=4248 memory=3060 CPUtime=0 cores=30-36,55-75,142-148,167-187
/proc/1685939/stat : 1685939 (bash) S 1685938 1685939 1685836 0 -1 4194304 281 138 0 0 0 0 0 0 20 0 1 0 221651314 4349952 765 117440512000 93847320092672 93847321074589 140727587978576 0 0 0 65536 4 65538 0 0 0 17 183 0 0 0 0 0 93847321307888 93847321356132 93847341436928 140727587986414 140727587986590 140727587986590 140727587999722 0
/proc/1685939/statm: 1062 765 668 240 0 188 0
[pid=1685942] ppid=1685939 vsize=9892948 memory=9115080 CPUtime=50.94 cores=30-36,55-75,142-148,167-187
/proc/1685942/stat : 1685942 (kat_xcsp_2ccb88) S 1685939 1685939 1685836 0 -1 1077936128 1551799 0 2 0 4675 419 0 0 20 0 3 0 221651315 10130378752 2278770 117440512000 22855613566976 22855621363680 140736188524560 0 0 0 0 4096 8406082 0 0 0 17 182 0 0 0 0 0 22855621477760 22855621498960 93824999464960 140736188529363 140736188529791 140736188529791 140736188542933 0
/proc/1685942/statm: 2473237 2278770 695 1904 0 2435725 0
[pid=1685942/tid=1685943] ppid=1685939 vsize=9892948 memory=3060 CPUtime=50.93 cores=30-36,55-75,142-148,167-187
/proc/1685942/task/1685943/stat : 1685943 (kat_xcsp_2ccb88) R 1685939 1685939 1685836 0 -1 4194368 1551519 0 0 0 4675 418 0 0 20 0 3 0 221651316 10130378752 2278770 117440512000 22855613566976 22855621363680 140736188524560 0 0 0 0 4096 8406082 0 0 0 -1 144 0 0 0 0 0 22855621477760 22855621498960 93824999464960 140736188529363 140736188529791 140736188529791 140736188542933 0
[pid=1685942/tid=1685944] ppid=1685939 vsize=9892948 memory=3060 CPUtime=0 cores=30-36,55-75,142-148,167-187
/proc/1685942/task/1685944/stat : 1685944 (kat_xcsp_2ccb88) S 1685939 1685939 1685836 0 -1 1077936192 2 0 0 0 0 0 0 0 20 0 3 0 221651316 10130378752 2278770 117440512000 22855613566976 22855621363680 140736188524560 0 0 0 0 4096 8406082 0 0 0 -1 34 0 0 0 0 0 22855621477760 22855621498960 93824999464960 140736188529363 140736188529791 140736188529791 140736188542933 0
Current children cumulated CPU time: 50.94 s
Current children cumulated vsize: 9897196 KiB
Current children cumulated memory: 9118140 KiB

[startup+102.3 s]
/proc/loadavg: 43.00 42.33 41.82 40/3095 1685980
/proc/meminfo: memFree=420558996/527542228 swapFree=31593752/33554428
[pid=1685939] ppid=1685938 vsize=4248 memory=3060 CPUtime=0 cores=30-36,55-75,142-148,167-187
/proc/1685939/stat : 1685939 (bash) S 1685938 1685939 1685836 0 -1 4194304 281 138 0 0 0 0 0 0 20 0 1 0 221651314 4349952 765 117440512000 93847320092672 93847321074589 140727587978576 0 0 0 65536 4 65538 0 0 0 17 183 0 0 0 0 0 93847321307888 93847321356132 93847341436928 140727587986414 140727587986590 140727587986590 140727587999722 0
/proc/1685939/statm: 1062 765 668 240 0 188 0
[pid=1685942] ppid=1685939 vsize=9819036 memory=9120244 CPUtime=101.82 cores=30-36,55-75,142-148,167-187
/proc/1685942/stat : 1685942 (kat_xcsp_2ccb88) S 1685939 1685939 1685836 0 -1 1077936128 2179549 0 2 0 9693 489 0 0 20 0 3 0 221651315 10054692864 2280061 117440512000 22855613566976 22855621363680 140736188524560 0 0 0 0 4096 8406082 0 0 0 17 182 0 0 0 0 0 22855621477760 22855621498960 93824999464960 140736188529363 140736188529791 140736188529791 140736188542933 0
/proc/1685942/statm: 2454759 2280061 750 1904 0 2420595 0
[pid=1685942/tid=1685943] ppid=1685939 vsize=9819036 memory=267248 CPUtime=101.82 cores=30-36,55-75,142-148,167-187
/proc/1685942/task/1685943/stat : 1685943 (kat_xcsp_2ccb88) R 1685939 1685939 1685836 0 -1 4194368 2179269 0 0 0 9693 489 0 0 20 0 3 0 221651316 10054692864 2280061 117440512000 22855613566976 22855621363680 140736188524560 0 0 0 0 4096 8406082 0 0 0 -1 30 0 0 0 0 0 22855621477760 22855621498960 93824999464960 140736188529363 140736188529791 140736188529791 140736188542933 0
[pid=1685942/tid=1685944] ppid=1685939 vsize=9819036 memory=5156 CPUtime=0 cores=30-36,55-75,142-148,167-187
/proc/1685942/task/1685944/stat : 1685944 (kat_xcsp_2ccb88) S 1685939 1685939 1685836 0 -1 1077936192 2 0 0 0 0 0 0 0 20 0 3 0 221651316 10054692864 2280061 117440512000 22855613566976 22855621363680 140736188524560 0 0 0 0 4096 8406082 0 0 0 -1 34 0 0 0 0 0 22855621477760 22855621498960 93824999464960 140736188529363 140736188529791 140736188529791 140736188542933 0
Current children cumulated CPU time: 101.82 s
Current children cumulated vsize: 9823284 KiB
Current children cumulated memory: 9123304 KiB

[startup+162.308 s]
/proc/loadavg: 42.90 42.36 41.86 40/3095 1685996
/proc/meminfo: memFree=420557616/527542228 swapFree=31593752/33554428
[pid=1685939] ppid=1685938 vsize=4248 memory=3060 CPUtime=0 cores=30-36,55-75,142-148,167-187
/proc/1685939/stat : 1685939 (bash) S 1685938 1685939 1685836 0 -1 4194304 281 138 0 0 0 0 0 0 20 0 1 0 221651314 4349952 765 117440512000 93847320092672 93847321074589 140727587978576 0 0 0 65536 4 65538 0 0 0 17 183 0 0 0 0 0 93847321307888 93847321356132 93847341436928 140727587986414 140727587986590 140727587986590 140727587999722 0
/proc/1685939/statm: 1062 765 668 240 0 188 0
[pid=1685942] ppid=1685939 vsize=9819036 memory=9124652 CPUtime=161.58 cores=30-36,55-75,142-148,167-187
/proc/1685942/stat : 1685942 (kat_xcsp_2ccb88) S 1685939 1685939 1685836 0 -1 1077936128 2544422 0 2 0 15631 527 0 0 20 0 3 0 221651315 10054692864 2281163 117440512000 22855613566976 22855621363680 140736188524560 0 0 0 0 4096 8406082 0 0 0 17 182 0 0 0 0 0 22855621477760 22855621498960 93824999464960 140736188529363 140736188529791 140736188529791 140736188542933 0
/proc/1685942/statm: 2454759 2281163 750 1904 0 2420595 0
[pid=1685942/tid=1685943] ppid=1685939 vsize=9819036 memory=9122464 CPUtime=161.58 cores=30-36,55-75,142-148,167-187
/proc/1685942/task/1685943/stat : 1685943 (kat_xcsp_2ccb88) R 1685939 1685939 1685836 0 -1 4194368 2544142 0 0 0 15631 527 0 0 20 0 3 0 221651316 10054692864 2281163 117440512000 22855613566976 22855621363680 140736188524560 0 0 0 0 4096 8406082 0 0 0 -1 30 0 0 0 0 0 22855621477760 22855621498960 93824999464960 140736188529363 140736188529791 140736188529791 140736188542933 0
[pid=1685942/tid=1685944] ppid=1685939 vsize=9819036 memory=3060 CPUtime=0 cores=30-36,55-75,142-148,167-187
/proc/1685942/task/1685944/stat : 1685944 (kat_xcsp_2ccb88) S 1685939 1685939 1685836 0 -1 1077936192 2 0 0 0 0 0 0 0 20 0 3 0 221651316 10054692864 2281163 117440512000 22855613566976 22855621363680 140736188524560 0 0 0 0 4096 8406082 0 0 0 -1 34 0 0 0 0 0 22855621477760 22855621498960 93824999464960 140736188529363 140736188529791 140736188529791 140736188542933 0
Current children cumulated CPU time: 161.58 s
Current children cumulated vsize: 9823284 KiB
Current children cumulated memory: 9127712 KiB

[startup+222.3 s]
/proc/loadavg: 40.14 41.67 41.65 41/3095 1686019
/proc/meminfo: memFree=420564732/527542228 swapFree=31593752/33554428
[pid=1685939] ppid=1685938 vsize=4248 memory=3060 CPUtime=0 cores=30-36,55-75,142-148,167-187
/proc/1685939/stat : 1685939 (bash) S 1685938 1685939 1685836 0 -1 4194304 281 138 0 0 0 0 0 0 20 0 1 0 221651314 4349952 765 117440512000 93847320092672 93847321074589 140727587978576 0 0 0 65536 4 65538 0 0 0 17 183 0 0 0 0 0 93847321307888 93847321356132 93847341436928 140727587986414 140727587986590 140727587986590 140727587999722 0
/proc/1685939/statm: 1062 765 668 240 0 188 0
[pid=1685942] ppid=1685939 vsize=9819036 memory=9124652 CPUtime=221.33 cores=30-36,55-75,142-148,167-187
/proc/1685942/stat : 1685942 (kat_xcsp_2ccb88) S 1685939 1685939 1685836 0 -1 1077936128 2894507 0 2 0 21571 562 0 0 20 0 3 0 221651315 10054692864 2281163 117440512000 22855613566976 22855621363680 140736188524560 0 0 0 0 4096 8406082 0 0 0 17 182 0 0 0 0 0 22855621477760 22855621498960 93824999464960 140736188529363 140736188529791 140736188529791 140736188542933 0
/proc/1685942/statm: 2454759 2281163 750 1904 0 2420595 0
[pid=1685942/tid=1685943] ppid=1685939 vsize=9819036 memory=3060 CPUtime=221.33 cores=30-36,55-75,142-148,167-187
/proc/1685942/task/1685943/stat : 1685943 (kat_xcsp_2ccb88) R 1685939 1685939 1685836 0 -1 4194368 2894227 0 0 0 21571 562 0 0 20 0 3 0 221651316 10054692864 2281163 117440512000 22855613566976 22855621363680 140736188524560 0 0 0 0 4096 8406082 0 0 0 -1 30 0 0 0 0 0 22855621477760 22855621498960 93824999464960 140736188529363 140736188529791 140736188529791 140736188542933 0
[pid=1685942/tid=1685944] ppid=1685939 vsize=9819036 memory=9124652 CPUtime=0 cores=30-36,55-75,142-148,167-187
/proc/1685942/task/1685944/stat : 1685944 (kat_xcsp_2ccb88) S 1685939 1685939 1685836 0 -1 1077936192 2 0 0 0 0 0 0 0 20 0 3 0 221651316 10054692864 2281163 117440512000 22855613566976 22855621363680 140736188524560 0 0 0 0 4096 8406082 0 0 0 -1 34 0 0 0 0 0 22855621477760 22855621498960 93824999464960 140736188529363 140736188529791 140736188529791 140736188542933 0
Current children cumulated CPU time: 221.33 s
Current children cumulated vsize: 9823284 KiB
Current children cumulated memory: 9127712 KiB

[startup+282.3 s]
/proc/loadavg: 41.84 41.81 41.70 40/3095 1686036
/proc/meminfo: memFree=420533904/527542228 swapFree=31593752/33554428
[pid=1685939] ppid=1685938 vsize=4248 memory=3060 CPUtime=0 cores=30-36,55-75,142-148,167-187
/proc/1685939/stat : 1685939 (bash) S 1685938 1685939 1685836 0 -1 4194304 281 138 0 0 0 0 0 0 20 0 1 0 221651314 4349952 765 117440512000 93847320092672 93847321074589 140727587978576 0 0 0 65536 4 65538 0 0 0 17 183 0 0 0 0 0 93847321307888 93847321356132 93847341436928 140727587986414 140727587986590 140727587986590 140727587999722 0
/proc/1685939/statm: 1062 765 668 240 0 188 0
[pid=1685942] ppid=1685939 vsize=9897768 memory=9152240 CPUtime=281.09 cores=30-36,55-75,142-148,167-187
/proc/1685942/stat : 1685942 (kat_xcsp_2ccb88) S 1685939 1685939 1685836 0 -1 1077936128 3243600 0 2 0 27511 598 0 0 20 0 3 0 221651315 10135314432 2288060 117440512000 22855613566976 22855621363680 140736188524560 0 0 0 0 4096 8406082 0 0 0 17 182 0 0 0 0 0 22855621477760 22855621498960 93824999464960 140736188529363 140736188529791 140736188529791 140736188542933 0
/proc/1685942/statm: 2474442 2288060 750 1904 0 2440278 0
[pid=1685942/tid=1685943] ppid=1685939 vsize=9897768 memory=6300 CPUtime=281.08 cores=30-36,55-75,142-148,167-187
/proc/1685942/task/1685943/stat : 1685943 (kat_xcsp_2ccb88) R 1685939 1685939 1685836 0 -1 4194368 3243320 0 0 0 27511 597 0 0 20 0 3 0 221651316 10135314432 2288060 117440512000 22855613566976 22855621363680 140736188524560 0 0 0 0 4096 8406082 0 0 0 -1 30 0 0 0 0 0 22855621477760 22855621498960 93824999464960 140736188529363 140736188529791 140736188529791 140736188542933 0
[pid=1685942/tid=1685944] ppid=1685939 vsize=9897768 memory=912 CPUtime=0 cores=30-36,55-75,142-148,167-187
/proc/1685942/task/1685944/stat : 1685944 (kat_xcsp_2ccb88) S 1685939 1685939 1685836 0 -1 1077936192 2 0 0 0 0 0 0 0 20 0 3 0 221651316 10135314432 2288060 117440512000 22855613566976 22855621363680 140736188524560 0 0 0 0 4096 8406082 0 0 0 -1 34 0 0 0 0 0 22855621477760 22855621498960 93824999464960 140736188529363 140736188529791 140736188529791 140736188542933 0
Current children cumulated CPU time: 281.09 s
Current children cumulated vsize: 9902016 KiB
Current children cumulated memory: 9155300 KiB

[startup+342.3 s]
/proc/loadavg: 41.36 41.67 41.65 40/3085 1686051
/proc/meminfo: memFree=420224296/527542228 swapFree=31593752/33554428
[pid=1685939] ppid=1685938 vsize=4248 memory=3060 CPUtime=0 cores=30-36,55-75,142-148,167-187
/proc/1685939/stat : 1685939 (bash) S 1685938 1685939 1685836 0 -1 4194304 281 138 0 0 0 0 0 0 20 0 1 0 221651314 4349952 765 117440512000 93847320092672 93847321074589 140727587978576 0 0 0 65536 4 65538 0 0 0 17 183 0 0 0 0 0 93847321307888 93847321356132 93847341436928 140727587986414 140727587986590 140727587986590 140727587999722 0
/proc/1685939/statm: 1062 765 668 240 0 188 0
[pid=1685942] ppid=1685939 vsize=9897768 memory=9152240 CPUtime=340.84 cores=30-36,55-75,142-148,167-187
/proc/1685942/stat : 1685942 (kat_xcsp_2ccb88) S 1685939 1685939 1685836 0 -1 1077936128 3645951 0 2 0 33449 635 0 0 20 0 3 0 221651315 10135314432 2288060 117440512000 22855613566976 22855621363680 140736188524560 0 0 0 0 4096 8406082 0 0 0 17 182 0 0 0 0 0 22855621477760 22855621498960 93824999464960 140736188529363 140736188529791 140736188529791 140736188542933 0
/proc/1685942/statm: 2474442 2288060 750 1904 0 2440278 0
[pid=1685942/tid=1685943] ppid=1685939 vsize=9897768 memory=3060 CPUtime=340.84 cores=30-36,55-75,142-148,167-187
/proc/1685942/task/1685943/stat : 1685943 (kat_xcsp_2ccb88) R 1685939 1685939 1685836 0 -1 4194368 3645671 0 0 0 33449 635 0 0 20 0 3 0 221651316 10135314432 2288060 117440512000 22855613566976 22855621363680 140736188524560 0 0 0 0 4096 8406082 0 0 0 -1 30 0 0 0 0 0 22855621477760 22855621498960 93824999464960 140736188529363 140736188529791 140736188529791 140736188542933 0
[pid=1685942/tid=1685944] ppid=1685939 vsize=9897768 memory=692 CPUtime=0 cores=30-36,55-75,142-148,167-187
/proc/1685942/task/1685944/stat : 1685944 (kat_xcsp_2ccb88) S 1685939 1685939 1685836 0 -1 1077936192 2 0 0 0 0 0 0 0 20 0 3 0 221651316 10135314432 2288060 117440512000 22855613566976 22855621363680 140736188524560 0 0 0 0 4096 8406082 0 0 0 -1 34 0 0 0 0 0 22855621477760 22855621498960 93824999464960 140736188529363 140736188529791 140736188529791 140736188542933 0
Current children cumulated CPU time: 340.84 s
Current children cumulated vsize: 9902016 KiB
Current children cumulated memory: 9155300 KiB

[startup+402.3 s]
/proc/loadavg: 39.79 41.19 41.49 41/3085 1686066
/proc/meminfo: memFree=420534516/527542228 swapFree=31593752/33554428
[pid=1685939] ppid=1685938 vsize=4248 memory=3060 CPUtime=0 cores=30-36,55-75,142-148,167-187
/proc/1685939/stat : 1685939 (bash) S 1685938 1685939 1685836 0 -1 4194304 281 138 0 0 0 0 0 0 20 0 1 0 221651314 4349952 765 117440512000 93847320092672 93847321074589 140727587978576 0 0 0 65536 4 65538 0 0 0 17 183 0 0 0 0 0 93847321307888 93847321356132 93847341436928 140727587986414 140727587986590 140727587986590 140727587999722 0
/proc/1685939/statm: 1062 765 668 240 0 188 0
[pid=1685942] ppid=1685939 vsize=9897768 memory=9152240 CPUtime=400.6 cores=30-36,55-75,142-148,167-187
/proc/1685942/stat : 1685942 (kat_xcsp_2ccb88) S 1685939 1685939 1685836 0 -1 1077936128 4045084 0 2 0 39382 678 0 0 20 0 3 0 221651315 10135314432 2288060 117440512000 22855613566976 22855621363680 140736188524560 0 0 0 0 4096 8406082 0 0 0 17 182 0 0 0 0 0 22855621477760 22855621498960 93824999464960 140736188529363 140736188529791 140736188529791 140736188542933 0
/proc/1685942/statm: 2474442 2288060 750 1904 0 2440278 0
[pid=1685942/tid=1685943] ppid=1685939 vsize=9897768 memory=9152240 CPUtime=400.6 cores=30-36,55-75,142-148,167-187
/proc/1685942/task/1685943/stat : 1685943 (kat_xcsp_2ccb88) R 1685939 1685939 1685836 0 -1 4194368 4044804 0 0 0 39382 678 0 0 20 0 3 0 221651316 10135314432 2288060 117440512000 22855613566976 22855621363680 140736188524560 0 0 0 0 4096 8406082 0 0 0 -1 30 0 0 0 0 0 22855621477760 22855621498960 93824999464960 140736188529363 140736188529791 140736188529791 140736188542933 0
[pid=1685942/tid=1685944] ppid=1685939 vsize=9897768 memory=268172 CPUtime=0 cores=30-36,55-75,142-148,167-187
/proc/1685942/task/1685944/stat : 1685944 (kat_xcsp_2ccb88) S 1685939 1685939 1685836 0 -1 1077936192 2 0 0 0 0 0 0 0 20 0 3 0 221651316 10135314432 2288060 117440512000 22855613566976 22855621363680 140736188524560 0 0 0 0 4096 8406082 0 0 0 -1 34 0 0 0 0 0 22855621477760 22855621498960 93824999464960 140736188529363 140736188529791 140736188529791 140736188542933 0
Current children cumulated CPU time: 400.6 s
Current children cumulated vsize: 9902016 KiB
Current children cumulated memory: 9155300 KiB

[startup+462.3 s]
/proc/loadavg: 40.37 41.14 41.45 40/3085 1686079
/proc/meminfo: memFree=420533360/527542228 swapFree=31593752/33554428
[pid=1685939] ppid=1685938 vsize=4248 memory=3060 CPUtime=0 cores=30-36,55-75,142-148,167-187
/proc/1685939/stat : 1685939 (bash) S 1685938 1685939 1685836 0 -1 4194304 281 138 0 0 0 0 0 0 20 0 1 0 221651314 4349952 765 117440512000 93847320092672 93847321074589 140727587978576 0 0 0 65536 4 65538 0 0 0 17 183 0 0 0 0 0 93847321307888 93847321356132 93847341436928 140727587986414 140727587986590 140727587986590 140727587999722 0
/proc/1685939/statm: 1062 765 668 240 0 188 0
[pid=1685942] ppid=1685939 vsize=9897768 memory=9152240 CPUtime=460.36 cores=30-36,55-75,142-148,167-187
/proc/1685942/stat : 1685942 (kat_xcsp_2ccb88) S 1685939 1685939 1685836 0 -1 1077936128 4744713 0 2 0 45282 754 0 0 20 0 3 0 221651315 10135314432 2288060 117440512000 22855613566976 22855621363680 140736188524560 0 0 0 0 4096 8406082 0 0 0 17 182 0 0 0 0 0 22855621477760 22855621498960 93824999464960 140736188529363 140736188529791 140736188529791 140736188542933 0
/proc/1685942/statm: 2474442 2288060 750 1904 0 2440278 0
[pid=1685942/tid=1685943] ppid=1685939 vsize=9897768 memory=3060 CPUtime=460.35 cores=30-36,55-75,142-148,167-187
/proc/1685942/task/1685943/stat : 1685943 (kat_xcsp_2ccb88) R 1685939 1685939 1685836 0 -1 4194368 4744433 0 0 0 45281 754 0 0 20 0 3 0 221651316 10135314432 2288060 117440512000 22855613566976 22855621363680 140736188524560 0 0 0 0 4096 8406082 0 0 0 -1 30 0 0 0 0 0 22855621477760 22855621498960 93824999464960 140736188529363 140736188529791 140736188529791 140736188542933 0
[pid=1685942/tid=1685944] ppid=1685939 vsize=9897768 memory=9152240 CPUtime=0 cores=30-36,55-75,142-148,167-187
/proc/1685942/task/1685944/stat : 1685944 (kat_xcsp_2ccb88) S 1685939 1685939 1685836 0 -1 1077936192 2 0 0 0 0 0 0 0 20 0 3 0 221651316 10135314432 2288060 117440512000 22855613566976 22855621363680 140736188524560 0 0 0 0 4096 8406082 0 0 0 -1 34 0 0 0 0 0 22855621477760 22855621498960 93824999464960 140736188529363 140736188529791 140736188529791 140736188542933 0
Current children cumulated CPU time: 460.36 s
Current children cumulated vsize: 9902016 KiB
Current children cumulated memory: 9155300 KiB

[startup+522.3 s]
/proc/loadavg: 41.04 41.07 41.40 43/3085 1686094
/proc/meminfo: memFree=420532952/527542228 swapFree=31593752/33554428
[pid=1685939] ppid=1685938 vsize=4248 memory=3060 CPUtime=0 cores=30-36,55-75,142-148,167-187
/proc/1685939/stat : 1685939 (bash) S 1685938 1685939 1685836 0 -1 4194304 281 138 0 0 0 0 0 0 20 0 1 0 221651314 4349952 765 117440512000 93847320092672 93847321074589 140727587978576 0 0 0 65536 4 65538 0 0 0 17 183 0 0 0 0 0 93847321307888 93847321356132 93847341436928 140727587986414 140727587986590 140727587986590 140727587999722 0
/proc/1685939/statm: 1062 765 668 240 0 188 0
[pid=1685942] ppid=1685939 vsize=9897768 memory=9154288 CPUtime=520.11 cores=30-36,55-75,142-148,167-187
/proc/1685942/stat : 1685942 (kat_xcsp_2ccb88) S 1685939 1685939 1685836 0 -1 1077936128 5605416 0 2 0 51166 845 0 0 20 0 3 0 221651315 10135314432 2288572 117440512000 22855613566976 22855621363680 140736188524560 0 0 0 0 4096 8406082 0 0 0 17 182 0 0 0 0 0 22855621477760 22855621498960 93824999464960 140736188529363 140736188529791 140736188529791 140736188542933 0
/proc/1685942/statm: 2474442 2288572 750 1904 0 2440278 0
[pid=1685942/tid=1685943] ppid=1685939 vsize=9897768 memory=3060 CPUtime=520.11 cores=30-36,55-75,142-148,167-187
/proc/1685942/task/1685943/stat : 1685943 (kat_xcsp_2ccb88) R 1685939 1685939 1685836 0 -1 4194368 5605136 0 0 0 51166 845 0 0 20 0 3 0 221651316 10135314432 2288572 117440512000 22855613566976 22855621363680 140736188524560 0 0 0 0 4096 8406082 0 0 0 -1 30 0 0 0 0 0 22855621477760 22855621498960 93824999464960 140736188529363 140736188529791 140736188529791 140736188542933 0
[pid=1685942/tid=1685944] ppid=1685939 vsize=9897768 memory=9154288 CPUtime=0 cores=30-36,55-75,142-148,167-187
/proc/1685942/task/1685944/stat : 1685944 (kat_xcsp_2ccb88) S 1685939 1685939 1685836 0 -1 1077936192 2 0 0 0 0 0 0 0 20 0 3 0 221651316 10135314432 2288572 117440512000 22855613566976 22855621363680 140736188524560 0 0 0 0 4096 8406082 0 0 0 -1 34 0 0 0 0 0 22855621477760 22855621498960 93824999464960 140736188529363 140736188529791 140736188529791 140736188542933 0
Current children cumulated CPU time: 520.11 s
Current children cumulated vsize: 9902016 KiB
Current children cumulated memory: 9157348 KiB

[startup+582.3 s]*
/proc/loadavg: 42.94 41.39 41.48 40/3084 1686110
/proc/meminfo: memFree=420533228/527542228 swapFree=31593752/33554428
[pid=1685939] ppid=1685938 vsize=4248 memory=3060 CPUtime=0 cores=30-36,55-75,142-148,167-187
/proc/1685939/stat : 1685939 (bash) S 1685938 1685939 1685836 0 -1 4194304 281 138 0 0 0 0 0 0 20 0 1 0 221651314 4349952 765 117440512000 93847320092672 93847321074589 140727587978576 0 0 0 65536 4 65538 0 0 0 17 183 0 0 0 0 0 93847321307888 93847321356132 93847341436928 140727587986414 140727587986590 140727587986590 140727587999722 0
/proc/1685939/statm: 1062 765 668 240 0 188 0
[pid=1685942] ppid=1685939 vsize=9897768 memory=9154288 CPUtime=579.98 cores=30-36,55-75,142-148,167-187
/proc/1685942/stat : 1685942 (kat_xcsp_2ccb88) S 1685939 1685939 1685836 0 -1 1077936128 6200440 0 2 0 57092 906 0 0 20 0 3 0 221651315 10135314432 2288572 117440512000 22855613566976 22855621363680 140736188524560 0 0 0 0 4096 8406082 0 0 0 17 182 0 0 0 0 0 22855621477760 22855621498960 93824999464960 140736188529363 140736188529791 140736188529791 140736188542933 0
/proc/1685942/statm: 2474442 2288572 750 1904 0 2440278 0
[pid=1685942/tid=1685943] ppid=1685939 vsize=9897768 memory=-6018304573732187505 CPUtime=579.97 cores=30-36,55-75,142-148,167-187
/proc/1685942/task/1685943/stat : 1685943 (kat_xcsp_2ccb88) R 1685939 1685939 1685836 0 -1 4194368 6200160 0 0 0 57092 905 0 0 20 0 3 0 221651316 10135314432 2288572 117440512000 22855613566976 22855621363680 140736188524560 0 0 0 0 4096 8406082 0 0 0 -1 142 0 0 0 0 0 22855621477760 22855621498960 93824999464960 140736188529363 140736188529791 140736188529791 140736188542933 0
[pid=1685942/tid=1685944] ppid=1685939 vsize=9897768 memory=6944652177228980320 CPUtime=0 cores=30-36,55-75,142-148,167-187
/proc/1685942/task/1685944/stat : 1685944 (kat_xcsp_2ccb88) S 1685939 1685939 1685836 0 -1 1077936192 2 0 0 0 0 0 0 0 20 0 3 0 221651316 10135314432 2288572 117440512000 22855613566976 22855621363680 140736188524560 0 0 0 0 4096 8406082 0 0 0 -1 34 0 0 0 0 0 22855621477760 22855621498960 93824999464960 140736188529363 140736188529791 140736188529791 140736188542933 0
Current children cumulated CPU time: 579.98 s
Current children cumulated vsize: 9902016 KiB
Current children cumulated memory: 9157348 KiB

[startup+642.3 s]
/proc/loadavg: 42.15 41.34 41.45 41/3083 1686124
/proc/meminfo: memFree=420533356/527542228 swapFree=31593752/33554428
[pid=1685939] ppid=1685938 vsize=4248 memory=3060 CPUtime=0 cores=30-36,55-75,142-148,167-187
/proc/1685939/stat : 1685939 (bash) S 1685938 1685939 1685836 0 -1 4194304 281 138 0 0 0 0 0 0 20 0 1 0 221651314 4349952 765 117440512000 93847320092672 93847321074589 140727587978576 0 0 0 65536 4 65538 0 0 0 17 183 0 0 0 0 0 93847321307888 93847321356132 93847341436928 140727587986414 140727587986590 140727587986590 140727587999722 0
/proc/1685939/statm: 1062 765 668 240 0 188 0
[pid=1685942] ppid=1685939 vsize=9897768 memory=9154288 CPUtime=639.62 cores=30-36,55-75,142-148,167-187
/proc/1685942/stat : 1685942 (kat_xcsp_2ccb88) S 1685939 1685939 1685836 0 -1 1077936128 6600708 0 2 0 63016 946 0 0 20 0 3 0 221651315 10135314432 2288572 117440512000 22855613566976 22855621363680 140736188524560 0 0 0 0 4096 8406082 0 0 0 17 182 0 0 0 0 0 22855621477760 22855621498960 93824999464960 140736188529363 140736188529791 140736188529791 140736188542933 0
/proc/1685942/statm: 2474442 2288572 750 1904 0 2440278 0
[pid=1685942/tid=1685943] ppid=1685939 vsize=9897768 memory=3060 CPUtime=639.61 cores=30-36,55-75,142-148,167-187
/proc/1685942/task/1685943/stat : 1685943 (kat_xcsp_2ccb88) R 1685939 1685939 1685836 0 -1 4194368 6600428 0 0 0 63016 945 0 0 20 0 3 0 221651316 10135314432 2288572 117440512000 22855613566976 22855621363680 140736188524560 0 0 0 0 4096 8406082 0 0 0 -1 142 0 0 0 0 0 22855621477760 22855621498960 93824999464960 140736188529363 140736188529791 140736188529791 140736188542933 0
[pid=1685942/tid=1685944] ppid=1685939 vsize=9897768 memory=976 CPUtime=0 cores=30-36,55-75,142-148,167-187
/proc/1685942/task/1685944/stat : 1685944 (kat_xcsp_2ccb88) S 1685939 1685939 1685836 0 -1 1077936192 2 0 0 0 0 0 0 0 20 0 3 0 221651316 10135314432 2288572 117440512000 22855613566976 22855621363680 140736188524560 0 0 0 0 4096 8406082 0 0 0 -1 34 0 0 0 0 0 22855621477760 22855621498960 93824999464960 140736188529363 140736188529791 140736188529791 140736188542933 0
Current children cumulated CPU time: 639.62 s
Current children cumulated vsize: 9902016 KiB
Current children cumulated memory: 9157348 KiB

[startup+702.407 s]
/proc/loadavg: 42.82 41.57 41.51 40/3083 1686140
/proc/meminfo: memFree=420533320/527542228 swapFree=31593752/33554428
[pid=1685939] ppid=1685938 vsize=4248 memory=3060 CPUtime=0 cores=30-36,55-75,142-148,167-187
/proc/1685939/stat : 1685939 (bash) S 1685938 1685939 1685836 0 -1 4194304 281 138 0 0 0 0 0 0 20 0 1 0 221651314 4349952 765 117440512000 93847320092672 93847321074589 140727587978576 0 0 0 65536 4 65538 0 0 0 17 183 0 0 0 0 0 93847321307888 93847321356132 93847341436928 140727587986414 140727587986590 140727587986590 140727587999722 0
/proc/1685939/statm: 1062 765 668 240 0 188 0
[pid=1685942] ppid=1685939 vsize=9897768 memory=9156580 CPUtime=699.48 cores=30-36,55-75,142-148,167-187
/proc/1685942/stat : 1685942 (kat_xcsp_2ccb88) S 1685939 1685939 1685836 0 -1 1077936128 7034132 0 2 0 68953 995 0 0 20 0 3 0 221651315 10135314432 2289145 117440512000 22855613566976 22855621363680 140736188524560 0 0 0 0 4096 8406082 0 0 0 17 182 0 0 0 0 0 22855621477760 22855621498960 93824999464960 140736188529363 140736188529791 140736188529791 140736188542933 0
/proc/1685942/statm: 2474442 2289145 750 1904 0 2440278 0
[pid=1685942/tid=1685943] ppid=1685939 vsize=9897768 memory=3060 CPUtime=699.48 cores=30-36,55-75,142-148,167-187
/proc/1685942/task/1685943/stat : 1685943 (kat_xcsp_2ccb88) R 1685939 1685939 1685836 0 -1 4194368 7033852 0 0 0 68953 995 0 0 20 0 3 0 221651316 10135314432 2289145 117440512000 22855613566976 22855621363680 140736188524560 0 0 0 0 4096 8406082 0 0 0 -1 30 0 0 0 0 0 22855621477760 22855621498960 93824999464960 140736188529363 140736188529791 140736188529791 140736188542933 0
[pid=1685942/tid=1685944] ppid=1685939 vsize=9897768 memory=3060 CPUtime=0 cores=30-36,55-75,142-148,167-187
/proc/1685942/task/1685944/stat : 1685944 (kat_xcsp_2ccb88) S 1685939 1685939 1685836 0 -1 1077936192 2 0 0 0 0 0 0 0 20 0 3 0 221651316 10135314432 2289145 117440512000 22855613566976 22855621363680 140736188524560 0 0 0 0 4096 8406082 0 0 0 -1 34 0 0 0 0 0 22855621477760 22855621498960 93824999464960 140736188529363 140736188529791 140736188529791 140736188542933 0
Current children cumulated CPU time: 699.48 s
Current children cumulated vsize: 9902016 KiB
Current children cumulated memory: 9159640 KiB

[startup+762.3 s]
/proc/loadavg: 41.58 41.43 41.47 40/3083 1686153
/proc/meminfo: memFree=421200348/527542228 swapFree=31593752/33554428
[pid=1685939] ppid=1685938 vsize=4248 memory=3060 CPUtime=0 cores=30-36,55-75,142-148,167-187
/proc/1685939/stat : 1685939 (bash) S 1685938 1685939 1685836 0 -1 4194304 281 138 0 0 0 0 0 0 20 0 1 0 221651314 4349952 765 117440512000 93847320092672 93847321074589 140727587978576 0 0 0 65536 4 65538 0 0 0 17 183 0 0 0 0 0 93847321307888 93847321356132 93847341436928 140727587986414 140727587986590 140727587986590 140727587999722 0
/proc/1685939/statm: 1062 765 668 240 0 188 0
[pid=1685942] ppid=1685939 vsize=9897768 memory=9155652 CPUtime=759.13 cores=30-36,55-75,142-148,167-187
/proc/1685942/stat : 1685942 (kat_xcsp_2ccb88) S 1685939 1685939 1685836 0 -1 1077936128 7559605 0 2 0 74868 1045 0 0 20 0 3 0 221651315 10135314432 2288913 117440512000 22855613566976 22855621363680 140736188524560 0 0 0 0 4096 8406082 0 0 0 17 182 0 0 0 0 0 22855621477760 22855621498960 93824999464960 140736188529363 140736188529791 140736188529791 140736188542933 0
/proc/1685942/statm: 2474442 2288913 0 1904 0 2440278 0
[pid=1685942/tid=1685943] ppid=1685939 vsize=9897768 memory=4512 CPUtime=759.13 cores=30-36,55-75,142-148,167-187
/proc/1685942/task/1685943/stat : 1685943 (kat_xcsp_2ccb88) R 1685939 1685939 1685836 0 -1 4194368 7559325 0 0 0 74868 1045 0 0 20 0 3 0 221651316 10135314432 2288913 117440512000 22855613566976 22855621363680 140736188524560 0 0 0 0 4096 8406082 0 0 0 -1 30 0 0 0 0 0 22855621477760 22855621498960 93824999464960 140736188529363 140736188529791 140736188529791 140736188542933 0
[pid=1685942/tid=1685944] ppid=1685939 vsize=9897768 memory=4568 CPUtime=0 cores=30-36,55-75,142-148,167-187
/proc/1685942/task/1685944/stat : 1685944 (kat_xcsp_2ccb88) S 1685939 1685939 1685836 0 -1 1077936192 2 0 0 0 0 0 0 0 20 0 3 0 221651316 10135314432 2288913 117440512000 22855613566976 22855621363680 140736188524560 0 0 0 0 4096 8406082 0 0 0 -1 34 0 0 0 0 0 22855621477760 22855621498960 93824999464960 140736188529363 140736188529791 140736188529791 140736188542933 0
Current children cumulated CPU time: 759.13 s
Current children cumulated vsize: 9902016 KiB
Current children cumulated memory: 9158712 KiB

[startup+822.305 s]
/proc/loadavg: 42.64 41.69 41.55 40/3083 1686177
/proc/meminfo: memFree=420944196/527542228 swapFree=31593752/33554428
[pid=1685939] ppid=1685938 vsize=4248 memory=3060 CPUtime=0 cores=30-36,55-75,142-148,167-187
/proc/1685939/stat : 1685939 (bash) S 1685938 1685939 1685836 0 -1 4194304 281 138 0 0 0 0 0 0 20 0 1 0 221651314 4349952 765 117440512000 93847320092672 93847321074589 140727587978576 0 0 0 65536 4 65538 0 0 0 17 183 0 0 0 0 0 93847321307888 93847321356132 93847341436928 140727587986414 140727587986590 140727587986590 140727587999722 0
/proc/1685939/statm: 1062 765 668 240 0 188 0
[pid=1685942] ppid=1685939 vsize=9897768 memory=9155800 CPUtime=818.88 cores=30-36,55-75,142-148,167-187
/proc/1685942/stat : 1685942 (kat_xcsp_2ccb88) S 1685939 1685939 1685836 0 -1 1077936128 7940853 0 81 0 80798 1090 0 0 20 0 3 0 221651315 10135314432 2288950 117440512000 22855613566976 22855621363680 140736188524560 0 0 0 0 4096 8406082 0 0 0 17 182 0 0 0 0 0 22855621477760 22855621498960 93824999464960 140736188529363 140736188529791 140736188529791 140736188542933 0
/proc/1685942/statm: 2474442 2288950 29 1904 0 2440278 0
[pid=1685942/tid=1685943] ppid=1685939 vsize=9897768 memory=3060 CPUtime=818.87 cores=30-36,55-75,142-148,167-187
/proc/1685942/task/1685943/stat : 1685943 (kat_xcsp_2ccb88) R 1685939 1685939 1685836 0 -1 4194368 7940573 0 79 0 80797 1090 0 0 20 0 3 0 221651316 10135314432 2288950 117440512000 22855613566976 22855621363680 140736188524560 0 0 0 0 4096 8406082 0 0 0 -1 142 0 0 0 0 0 22855621477760 22855621498960 93824999464960 140736188529363 140736188529791 140736188529791 140736188542933 0
[pid=1685942/tid=1685944] ppid=1685939 vsize=9897768 memory=3060 CPUtime=0 cores=30-36,55-75,142-148,167-187
/proc/1685942/task/1685944/stat : 1685944 (kat_xcsp_2ccb88) S 1685939 1685939 1685836 0 -1 1077936192 2 0 0 0 0 0 0 0 20 0 3 0 221651316 10135314432 2288950 117440512000 22855613566976 22855621363680 140736188524560 0 0 0 0 4096 8406082 0 0 0 -1 34 0 0 0 0 0 22855621477760 22855621498960 93824999464960 140736188529363 140736188529791 140736188529791 140736188542933 0
Current children cumulated CPU time: 818.88 s
Current children cumulated vsize: 9902016 KiB
Current children cumulated memory: 9158860 KiB

[startup+882.3 s]
/proc/loadavg: 40.66 41.40 41.46 40/3083 1686191
/proc/meminfo: memFree=421069780/527542228 swapFree=31593752/33554428
[pid=1685939] ppid=1685938 vsize=4248 memory=3060 CPUtime=0 cores=30-36,55-75,142-148,167-187
/proc/1685939/stat : 1685939 (bash) S 1685938 1685939 1685836 0 -1 4194304 281 138 0 0 0 0 0 0 20 0 1 0 221651314 4349952 765 117440512000 93847320092672 93847321074589 140727587978576 0 0 0 65536 4 65538 0 0 0 17 183 0 0 0 0 0 93847321307888 93847321356132 93847341436928 140727587986414 140727587986590 140727587986590 140727587999722 0
/proc/1685939/statm: 1062 765 668 240 0 188 0
[pid=1685942] ppid=1685939 vsize=9897768 memory=9159752 CPUtime=878.62 cores=30-36,55-75,142-148,167-187
/proc/1685942/stat : 1685942 (kat_xcsp_2ccb88) S 1685939 1685939 1685836 0 -1 1077936128 8256598 0 81 0 86741 1121 0 0 20 0 3 0 221651315 10135314432 2289938 117440512000 22855613566976 22855621363680 140736188524560 0 0 0 0 4096 8406082 0 0 0 17 182 0 0 0 0 0 22855621477760 22855621498960 93824999464960 140736188529363 140736188529791 140736188529791 140736188542933 0
/proc/1685942/statm: 2474442 2289938 29 1904 0 2440278 0
[pid=1685942/tid=1685943] ppid=1685939 vsize=9897768 memory=3060 CPUtime=878.61 cores=30-36,55-75,142-148,167-187
/proc/1685942/task/1685943/stat : 1685943 (kat_xcsp_2ccb88) R 1685939 1685939 1685836 0 -1 4194368 8256318 0 79 0 86741 1120 0 0 20 0 3 0 221651316 10135314432 2289938 117440512000 22855613566976 22855621363680 140736188524560 0 0 0 0 4096 8406082 0 0 0 -1 142 0 0 0 0 0 22855621477760 22855621498960 93824999464960 140736188529363 140736188529791 140736188529791 140736188542933 0
[pid=1685942/tid=1685944] ppid=1685939 vsize=9897768 memory=3060 CPUtime=0 cores=30-36,55-75,142-148,167-187
/proc/1685942/task/1685944/stat : 1685944 (kat_xcsp_2ccb88) S 1685939 1685939 1685836 0 -1 1077936192 2 0 0 0 0 0 0 0 20 0 3 0 221651316 10135314432 2289938 117440512000 22855613566976 22855621363680 140736188524560 0 0 0 0 4096 8406082 0 0 0 -1 34 0 0 0 0 0 22855621477760 22855621498960 93824999464960 140736188529363 140736188529791 140736188529791 140736188542933 0
Current children cumulated CPU time: 878.62 s
Current children cumulated vsize: 9902016 KiB
Current children cumulated memory: 9162812 KiB

[startup+942.3 s]
/proc/loadavg: 43.41 41.98 41.65 40/3082 1686205
/proc/meminfo: memFree=421036392/527542228 swapFree=31593752/33554428
[pid=1685939] ppid=1685938 vsize=4248 memory=3060 CPUtime=0 cores=30-36,55-75,142-148,167-187
/proc/1685939/stat : 1685939 (bash) S 1685938 1685939 1685836 0 -1 4194304 281 138 0 0 0 0 0 0 20 0 1 0 221651314 4349952 765 117440512000 93847320092672 93847321074589 140727587978576 0 0 0 65536 4 65538 0 0 0 17 183 0 0 0 0 0 93847321307888 93847321356132 93847341436928 140727587986414 140727587986590 140727587986590 140727587999722 0
/proc/1685939/statm: 1062 765 668 240 0 188 0
[pid=1685942] ppid=1685939 vsize=9963304 memory=9192008 CPUtime=938.37 cores=30-36,55-75,142-148,167-187
/proc/1685942/stat : 1685942 (kat_xcsp_2ccb88) S 1685939 1685939 1685836 0 -1 1077936128 9028228 0 82 0 92625 1212 0 0 20 0 3 0 221651315 10202423296 2298002 117440512000 22855613566976 22855621363680 140736188524560 0 0 0 0 4096 8406082 0 0 0 17 182 0 0 0 0 0 22855621477760 22855621498960 93824999464960 140736188529363 140736188529791 140736188529791 140736188542933 0
/proc/1685942/statm: 2490826 2298002 30 1904 0 2448015 0
[pid=1685942/tid=1685943] ppid=1685939 vsize=9963304 memory=6908 CPUtime=938.36 cores=30-36,55-75,142-148,167-187
/proc/1685942/task/1685943/stat : 1685943 (kat_xcsp_2ccb88) R 1685939 1685939 1685836 0 -1 4194368 9027948 0 80 0 92625 1211 0 0 20 0 3 0 221651316 10202423296 2298002 117440512000 22855613566976 22855621363680 140736188524560 0 0 0 0 4096 8406082 0 0 0 -1 30 0 0 0 0 0 22855621477760 22855621498960 93824999464960 140736188529363 140736188529791 140736188529791 140736188542933 0
[pid=1685942/tid=1685944] ppid=1685939 vsize=9963304 memory=3128 CPUtime=0 cores=30-36,55-75,142-148,167-187
/proc/1685942/task/1685944/stat : 1685944 (kat_xcsp_2ccb88) S 1685939 1685939 1685836 0 -1 1077936192 2 0 0 0 0 0 0 0 20 0 3 0 221651316 10202423296 2298002 117440512000 22855613566976 22855621363680 140736188524560 0 0 0 0 4096 8406082 0 0 0 -1 34 0 0 0 0 0 22855621477760 22855621498960 93824999464960 140736188529363 140736188529791 140736188529791 140736188542933 0
Current children cumulated CPU time: 938.37 s
Current children cumulated vsize: 9967552 KiB
Current children cumulated memory: 9195068 KiB

[startup+1002.3 s]
/proc/loadavg: 41.24 41.41 41.46 41/3082 1686220
/proc/meminfo: memFree=421037396/527542228 swapFree=31593752/33554428
[pid=1685939] ppid=1685938 vsize=4248 memory=3060 CPUtime=0 cores=30-36,55-75,142-148,167-187
/proc/1685939/stat : 1685939 (bash) S 1685938 1685939 1685836 0 -1 4194304 281 138 0 0 0 0 0 0 20 0 1 0 221651314 4349952 765 117440512000 93847320092672 93847321074589 140727587978576 0 0 0 65536 4 65538 0 0 0 17 183 0 0 0 0 0 93847321307888 93847321356132 93847341436928 140727587986414 140727587986590 140727587986590 140727587999722 0
/proc/1685939/statm: 1062 765 668 240 0 188 0
[pid=1685942] ppid=1685939 vsize=9963304 memory=9192052 CPUtime=998.12 cores=30-36,55-75,142-148,167-187
/proc/1685942/stat : 1685942 (kat_xcsp_2ccb88) S 1685939 1685939 1685836 0 -1 1077936128 9598436 0 82 0 98539 1273 0 0 20 0 3 0 221651315 10202423296 2298013 117440512000 22855613566976 22855621363680 140736188524560 0 0 0 0 4096 8406082 0 0 0 17 182 0 0 0 0 0 22855621477760 22855621498960 93824999464960 140736188529363 140736188529791 140736188529791 140736188542933 0
/proc/1685942/statm: 2490826 2298013 30 1904 0 2448015 0
[pid=1685942/tid=1685943] ppid=1685939 vsize=9963304 memory=9192052 CPUtime=998.11 cores=30-36,55-75,142-148,167-187
/proc/1685942/task/1685943/stat : 1685943 (kat_xcsp_2ccb88) R 1685939 1685939 1685836 0 -1 4194368 9598156 0 80 0 98539 1272 0 0 20 0 3 0 221651316 10202423296 2298013 117440512000 22855613566976 22855621363680 140736188524560 0 0 0 0 4096 8406082 0 0 0 -1 30 0 0 0 0 0 22855621477760 22855621498960 93824999464960 140736188529363 140736188529791 140736188529791 140736188542933 0
[pid=1685942/tid=1685944] ppid=1685939 vsize=9963304 memory=296 CPUtime=0 cores=30-36,55-75,142-148,167-187
/proc/1685942/task/1685944/stat : 1685944 (kat_xcsp_2ccb88) S 1685939 1685939 1685836 0 -1 1077936192 2 0 0 0 0 0 0 0 20 0 3 0 221651316 10202423296 2298013 117440512000 22855613566976 22855621363680 140736188524560 0 0 0 0 4096 8406082 0 0 0 -1 34 0 0 0 0 0 22855621477760 22855621498960 93824999464960 140736188529363 140736188529791 140736188529791 140736188542933 0
Current children cumulated CPU time: 998.12 s
Current children cumulated vsize: 9967552 KiB
Current children cumulated memory: 9195112 KiB

[startup+1062.3 s]
/proc/loadavg: 42.42 41.62 41.52 40/3083 1686236
/proc/meminfo: memFree=421027004/527542228 swapFree=31593752/33554428
[pid=1685939] ppid=1685938 vsize=4248 memory=3060 CPUtime=0 cores=30-36,55-75,142-148,167-187
/proc/1685939/stat : 1685939 (bash) S 1685938 1685939 1685836 0 -1 4194304 281 138 0 0 0 0 0 0 20 0 1 0 221651314 4349952 765 117440512000 93847320092672 93847321074589 140727587978576 0 0 0 65536 4 65538 0 0 0 17 183 0 0 0 0 0 93847321307888 93847321356132 93847341436928 140727587986414 140727587986590 140727587986590 140727587999722 0
/proc/1685939/statm: 1062 765 668 240 0 188 0
[pid=1685942] ppid=1685939 vsize=9963304 memory=9203128 CPUtime=1057.87 cores=30-36,55-75,142-148,167-187
/proc/1685942/stat : 1685942 (kat_xcsp_2ccb88) S 1685939 1685939 1685836 0 -1 1077936128 10069294 0 82 0 104468 1319 0 0 20 0 3 0 221651315 10202423296 2300782 117440512000 22855613566976 22855621363680 140736188524560 0 0 0 0 4096 8406082 0 0 0 17 182 0 0 0 0 0 22855621477760 22855621498960 93824999464960 140736188529363 140736188529791 140736188529791 140736188542933 0
/proc/1685942/statm: 2490826 2300782 30 1904 0 2450826 0
[pid=1685942/tid=1685943] ppid=1685939 vsize=9963304 memory=9203128 CPUtime=1057.87 cores=30-36,55-75,142-148,167-187
/proc/1685942/task/1685943/stat : 1685943 (kat_xcsp_2ccb88) R 1685939 1685939 1685836 0 -1 4194368 10069014 0 80 0 104468 1319 0 0 20 0 3 0 221651316 10202423296 2300782 117440512000 22855613566976 22855621363680 140736188524560 0 0 0 0 4096 8406082 0 0 0 -1 30 0 0 0 0 0 22855621477760 22855621498960 93824999464960 140736188529363 140736188529791 140736188529791 140736188542933 0
[pid=1685942/tid=1685944] ppid=1685939 vsize=9963304 memory=3060 CPUtime=0 cores=30-36,55-75,142-148,167-187
/proc/1685942/task/1685944/stat : 1685944 (kat_xcsp_2ccb88) S 1685939 1685939 1685836 0 -1 1077936192 2 0 0 0 0 0 0 0 20 0 3 0 221651316 10202423296 2300782 117440512000 22855613566976 22855621363680 140736188524560 0 0 0 0 4096 8406082 0 0 0 -1 34 0 0 0 0 0 22855621477760 22855621498960 93824999464960 140736188529363 140736188529791 140736188529791 140736188542933 0
Current children cumulated CPU time: 1057.87 s
Current children cumulated vsize: 9967552 KiB
Current children cumulated memory: 9206188 KiB

[startup+1122.3 s]
/proc/loadavg: 42.80 41.80 41.58 40/3083 1686250
/proc/meminfo: memFree=421027324/527542228 swapFree=31593752/33554428
[pid=1685939] ppid=1685938 vsize=4248 memory=3060 CPUtime=0 cores=30-36,55-75,142-148,167-187
/proc/1685939/stat : 1685939 (bash) S 1685938 1685939 1685836 0 -1 4194304 281 138 0 0 0 0 0 0 20 0 1 0 221651314 4349952 765 117440512000 93847320092672 93847321074589 140727587978576 0 0 0 65536 4 65538 0 0 0 17 183 0 0 0 0 0 93847321307888 93847321356132 93847341436928 140727587986414 140727587986590 140727587986590 140727587999722 0
/proc/1685939/statm: 1062 765 668 240 0 188 0
[pid=1685942] ppid=1685939 vsize=9963304 memory=9203176 CPUtime=1117.63 cores=30-36,55-75,142-148,167-187
/proc/1685942/stat : 1685942 (kat_xcsp_2ccb88) S 1685939 1685939 1685836 0 -1 1077936128 10516449 0 82 0 110397 1366 0 0 20 0 3 0 221651315 10202423296 2300794 117440512000 22855613566976 22855621363680 140736188524560 0 0 0 0 4096 8406082 0 0 0 17 182 0 0 0 0 0 22855621477760 22855621498960 93824999464960 140736188529363 140736188529791 140736188529791 140736188542933 0
/proc/1685942/statm: 2490826 2300794 30 1904 0 2450826 0
[pid=1685942/tid=1685943] ppid=1685939 vsize=9963304 memory=9203176 CPUtime=1117.63 cores=30-36,55-75,142-148,167-187
/proc/1685942/task/1685943/stat : 1685943 (kat_xcsp_2ccb88) R 1685939 1685939 1685836 0 -1 4194368 10516169 0 80 0 110397 1366 0 0 20 0 3 0 221651316 10202423296 2300794 117440512000 22855613566976 22855621363680 140736188524560 0 0 0 0 4096 8406082 0 0 0 -1 30 0 0 0 0 0 22855621477760 22855621498960 93824999464960 140736188529363 140736188529791 140736188529791 140736188542933 0
[pid=1685942/tid=1685944] ppid=1685939 vsize=9963304 memory=296 CPUtime=0 cores=30-36,55-75,142-148,167-187
/proc/1685942/task/1685944/stat : 1685944 (kat_xcsp_2ccb88) S 1685939 1685939 1685836 0 -1 1077936192 2 0 0 0 0 0 0 0 20 0 3 0 221651316 10202423296 2300794 117440512000 22855613566976 22855621363680 140736188524560 0 0 0 0 4096 8406082 0 0 0 -1 34 0 0 0 0 0 22855621477760 22855621498960 93824999464960 140736188529363 140736188529791 140736188529791 140736188542933 0
Current children cumulated CPU time: 1117.63 s
Current children cumulated vsize: 9967552 KiB
Current children cumulated memory: 9206236 KiB

[startup+1182.3 s]
/proc/loadavg: 41.87 41.61 41.53 40/3083 1686264
/proc/meminfo: memFree=421027636/527542228 swapFree=31593752/33554428
[pid=1685939] ppid=1685938 vsize=4248 memory=3060 CPUtime=0 cores=30-36,55-75,142-148,167-187
/proc/1685939/stat : 1685939 (bash) S 1685938 1685939 1685836 0 -1 4194304 281 138 0 0 0 0 0 0 20 0 1 0 221651314 4349952 765 117440512000 93847320092672 93847321074589 140727587978576 0 0 0 65536 4 65538 0 0 0 17 183 0 0 0 0 0 93847321307888 93847321356132 93847341436928 140727587986414 140727587986590 140727587986590 140727587999722 0
/proc/1685939/statm: 1062 765 668 240 0 188 0
[pid=1685942] ppid=1685939 vsize=9963304 memory=9203176 CPUtime=1177.39 cores=30-36,55-75,142-148,167-187
/proc/1685942/stat : 1685942 (kat_xcsp_2ccb88) S 1685939 1685939 1685836 0 -1 1077936128 10868843 0 82 0 116337 1402 0 0 20 0 3 0 221651315 10202423296 2300794 117440512000 22855613566976 22855621363680 140736188524560 0 0 0 0 4096 8406082 0 0 0 17 182 0 0 0 0 0 22855621477760 22855621498960 93824999464960 140736188529363 140736188529791 140736188529791 140736188542933 0
/proc/1685942/statm: 2490826 2300794 30 1904 0 2450826 0
[pid=1685942/tid=1685943] ppid=1685939 vsize=9963304 memory=7669749334657422178 CPUtime=1177.38 cores=30-36,55-75,142-148,167-187
/proc/1685942/task/1685943/stat : 1685943 (kat_xcsp_2ccb88) R 1685939 1685939 1685836 0 -1 4194368 10868563 0 80 0 116337 1401 0 0 20 0 3 0 221651316 10202423296 2300794 117440512000 22855613566976 22855621363680 140736188524560 0 0 0 0 4096 8406082 0 0 0 -1 30 0 0 0 0 0 22855621477760 22855621498960 93824999464960 140736188529363 140736188529791 140736188529791 140736188542933 0
[pid=1685942/tid=1685944] ppid=1685939 vsize=9963304 memory=0 CPUtime=0 cores=30-36,55-75,142-148,167-187
/proc/1685942/task/1685944/stat : 1685944 (kat_xcsp_2ccb88) S 1685939 1685939 1685836 0 -1 1077936192 2 0 0 0 0 0 0 0 20 0 3 0 221651316 10202423296 2300794 117440512000 22855613566976 22855621363680 140736188524560 0 0 0 0 4096 8406082 0 0 0 -1 34 0 0 0 0 0 22855621477760 22855621498960 93824999464960 140736188529363 140736188529791 140736188529791 140736188542933 0
Current children cumulated CPU time: 1177.39 s
Current children cumulated vsize: 9967552 KiB
Current children cumulated memory: 9206236 KiB

[startup+1242.3 s]*
/proc/loadavg: 42.27 41.76 41.58 59/3083 1686280
/proc/meminfo: memFree=421015920/527542228 swapFree=31593752/33554428
[pid=1685939] ppid=1685938 vsize=4248 memory=3060 CPUtime=0 cores=30-36,55-75,142-148,167-187
/proc/1685939/stat : 1685939 (bash) S 1685938 1685939 1685836 0 -1 4194304 281 138 0 0 0 0 0 0 20 0 1 0 221651314 4349952 765 117440512000 93847320092672 93847321074589 140727587978576 0 0 0 65536 4 65538 0 0 0 17 183 0 0 0 0 0 93847321307888 93847321356132 93847341436928 140727587986414 140727587986590 140727587986590 140727587999722 0
/proc/1685939/statm: 1062 765 668 240 0 188 0
[pid=1685942] ppid=1685939 vsize=9963304 memory=9213340 CPUtime=1237.25 cores=30-36,55-75,142-148,167-187
/proc/1685942/stat : 1685942 (kat_xcsp_2ccb88) S 1685939 1685939 1685836 0 -1 1077936128 11416726 0 82 0 122266 1459 0 0 20 0 3 0 221651315 10202423296 2303335 117440512000 22855613566976 22855621363680 140736188524560 0 0 0 0 4096 8406082 0 0 0 17 182 0 0 0 0 0 22855621477760 22855621498960 93824999464960 140736188529363 140736188529791 140736188529791 140736188542933 0
/proc/1685942/statm: 2490826 2303335 30 1904 0 2454698 0
[pid=1685942/tid=1685943] ppid=1685939 vsize=9963304 memory=-7446555665333773690 CPUtime=1237.25 cores=30-36,55-75,142-148,167-187
/proc/1685942/task/1685943/stat : 1685943 (kat_xcsp_2ccb88) R 1685939 1685939 1685836 0 -1 4194368 11416446 0 80 0 122266 1459 0 0 20 0 3 0 221651316 10202423296 2303335 117440512000 22855613566976 22855621363680 140736188524560 0 0 0 0 4096 8406082 0 0 0 -1 142 0 0 0 0 0 22855621477760 22855621498960 93824999464960 140736188529363 140736188529791 140736188529791 140736188542933 0
[pid=1685942/tid=1685944] ppid=1685939 vsize=9963304 memory=-3616216690276340325 CPUtime=0 cores=30-36,55-75,142-148,167-187
/proc/1685942/task/1685944/stat : 1685944 (kat_xcsp_2ccb88) S 1685939 1685939 1685836 0 -1 1077936192 2 0 0 0 0 0 0 0 20 0 3 0 221651316 10202423296 2303335 117440512000 22855613566976 22855621363680 140736188524560 0 0 0 0 4096 8406082 0 0 0 -1 34 0 0 0 0 0 22855621477760 22855621498960 93824999464960 140736188529363 140736188529791 140736188529791 140736188542933 0
Current children cumulated CPU time: 1237.25 s
Current children cumulated vsize: 9967552 KiB
Current children cumulated memory: 9216400 KiB

[startup+1302.3 s]
/proc/loadavg: 42.85 42.02 41.68 40/3084 1686295
/proc/meminfo: memFree=420997268/527542228 swapFree=31593752/33554428
[pid=1685939] ppid=1685938 vsize=4248 memory=3060 CPUtime=0 cores=30-36,55-75,142-148,167-187
/proc/1685939/stat : 1685939 (bash) S 1685938 1685939 1685836 0 -1 4194304 281 138 0 0 0 0 0 0 20 0 1 0 221651314 4349952 765 117440512000 93847320092672 93847321074589 140727587978576 0 0 0 65536 4 65538 0 0 0 17 183 0 0 0 0 0 93847321307888 93847321356132 93847341436928 140727587986414 140727587986590 140727587986590 140727587999722 0
/proc/1685939/statm: 1062 765 668 240 0 188 0
[pid=1685942] ppid=1685939 vsize=10152188 memory=9231808 CPUtime=1296.88 cores=30-36,55-75,142-148,167-187
/proc/1685942/stat : 1685942 (kat_xcsp_2ccb88) S 1685939 1685939 1685836 0 -1 1077936128 13127895 0 89 0 128068 1620 0 0 20 0 3 0 221651315 10395840512 2307952 117440512000 22855613566976 22855621363680 140736188524560 0 0 0 0 4096 8406082 0 0 0 17 182 0 0 0 0 0 22855621477760 22855621498960 93824999464960 140736188529363 140736188529791 140736188529791 140736188542933 0
/proc/1685942/statm: 2538047 2307952 37 1904 0 2501919 0
[pid=1685942/tid=1685943] ppid=1685939 vsize=10152188 memory=3060 CPUtime=1296.88 cores=30-36,55-75,142-148,167-187
/proc/1685942/task/1685943/stat : 1685943 (kat_xcsp_2ccb88) R 1685939 1685939 1685836 0 -1 4194368 13127615 0 87 0 128068 1620 0 0 20 0 3 0 221651316 10395840512 2307952 117440512000 22855613566976 22855621363680 140736188524560 0 0 0 0 4096 8406082 0 0 0 -1 30 0 0 0 0 0 22855621477760 22855621498960 93824999464960 140736188529363 140736188529791 140736188529791 140736188542933 0
[pid=1685942/tid=1685944] ppid=1685939 vsize=10152188 memory=9231808 CPUtime=0 cores=30-36,55-75,142-148,167-187
/proc/1685942/task/1685944/stat : 1685944 (kat_xcsp_2ccb88) S 1685939 1685939 1685836 0 -1 1077936192 2 0 0 0 0 0 0 0 20 0 3 0 221651316 10395840512 2307952 117440512000 22855613566976 22855621363680 140736188524560 0 0 0 0 4096 8406082 0 0 0 -1 34 0 0 0 0 0 22855621477760 22855621498960 93824999464960 140736188529363 140736188529791 140736188529791 140736188542933 0
Current children cumulated CPU time: 1296.88 s
Current children cumulated vsize: 10156436 KiB
Current children cumulated memory: 9234868 KiB

[startup+1362.41 s]
/proc/loadavg: 41.93 41.86 41.64 40/3082 1686338
/proc/meminfo: memFree=420996088/527542228 swapFree=31593752/33554428
[pid=1685939] ppid=1685938 vsize=4248 memory=3060 CPUtime=0 cores=30-36,55-75,142-148,167-187
/proc/1685939/stat : 1685939 (bash) S 1685938 1685939 1685836 0 -1 4194304 281 138 0 0 0 0 0 0 20 0 1 0 221651314 4349952 765 117440512000 93847320092672 93847321074589 140727587978576 0 0 0 65536 4 65538 0 0 0 17 183 0 0 0 0 0 93847321307888 93847321356132 93847341436928 140727587986414 140727587986590 140727587986590 140727587999722 0
/proc/1685939/statm: 1062 765 668 240 0 188 0
[pid=1685942] ppid=1685939 vsize=10152188 memory=9233392 CPUtime=1356.71 cores=30-36,55-75,142-148,167-187
/proc/1685942/stat : 1685942 (kat_xcsp_2ccb88) S 1685939 1685939 1685836 0 -1 1077936128 14056357 0 89 0 133949 1722 0 0 20 0 3 0 221651315 10395840512 2308348 117440512000 22855613566976 22855621363680 140736188524560 0 0 0 0 4096 8406082 0 0 0 17 182 0 0 0 0 0 22855621477760 22855621498960 93824999464960 140736188529363 140736188529791 140736188529791 140736188542933 0
/proc/1685942/statm: 2538047 2308348 37 1904 0 2501919 0
[pid=1685942/tid=1685943] ppid=1685939 vsize=10152188 memory=3060 CPUtime=1356.71 cores=30-36,55-75,142-148,167-187
/proc/1685942/task/1685943/stat : 1685943 (kat_xcsp_2ccb88) R 1685939 1685939 1685836 0 -1 4194368 14056077 0 87 0 133949 1722 0 0 20 0 3 0 221651316 10395840512 2308348 117440512000 22855613566976 22855621363680 140736188524560 0 0 0 0 4096 8406082 0 0 0 -1 30 0 0 0 0 0 22855621477760 22855621498960 93824999464960 140736188529363 140736188529791 140736188529791 140736188542933 0
[pid=1685942/tid=1685944] ppid=1685939 vsize=10152188 memory=3060 CPUtime=0 cores=30-36,55-75,142-148,167-187
/proc/1685942/task/1685944/stat : 1685944 (kat_xcsp_2ccb88) S 1685939 1685939 1685836 0 -1 1077936192 2 0 0 0 0 0 0 0 20 0 3 0 221651316 10395840512 2308348 117440512000 22855613566976 22855621363680 140736188524560 0 0 0 0 4096 8406082 0 0 0 -1 34 0 0 0 0 0 22855621477760 22855621498960 93824999464960 140736188529363 140736188529791 140736188529791 140736188542933 0
Current children cumulated CPU time: 1356.71 s
Current children cumulated vsize: 10156436 KiB
Current children cumulated memory: 9236452 KiB

[startup+1422.3 s]
/proc/loadavg: 40.25 41.40 41.50 40/3083 1686362
/proc/meminfo: memFree=420975052/527542228 swapFree=31593752/33554428
[pid=1685939] ppid=1685938 vsize=4248 memory=3060 CPUtime=0 cores=30-36,55-75,142-148,167-187
/proc/1685939/stat : 1685939 (bash) S 1685938 1685939 1685836 0 -1 4194304 281 138 0 0 0 0 0 0 20 0 1 0 221651314 4349952 765 117440512000 93847320092672 93847321074589 140727587978576 0 0 0 65536 4 65538 0 0 0 17 183 0 0 0 0 0 93847321307888 93847321356132 93847341436928 140727587986414 140727587986590 140727587986590 140727587999722 0
/proc/1685939/statm: 1062 765 668 240 0 188 0
[pid=1685942] ppid=1685939 vsize=10152188 memory=9252104 CPUtime=1416.37 cores=30-36,55-75,142-148,167-187
/proc/1685942/stat : 1685942 (kat_xcsp_2ccb88) S 1685939 1685939 1685836 0 -1 1077936128 14827061 0 89 0 139835 1802 0 0 20 0 3 0 221651315 10395840512 2313026 117440512000 22855613566976 22855621363680 140736188524560 0 0 0 0 4096 8406082 0 0 0 17 182 0 0 0 0 0 22855621477760 22855621498960 93824999464960 140736188529363 140736188529791 140736188529791 140736188542933 0
/proc/1685942/statm: 2538047 2313026 37 1904 0 2501919 0
[pid=1685942/tid=1685943] ppid=1685939 vsize=10152188 memory=45354856246272 CPUtime=1416.36 cores=30-36,55-75,142-148,167-187
/proc/1685942/task/1685943/stat : 1685943 (kat_xcsp_2ccb88) R 1685939 1685939 1685836 0 -1 4194368 14826781 0 87 0 139835 1801 0 0 20 0 3 0 221651316 10395840512 2313026 117440512000 22855613566976 22855621363680 140736188524560 0 0 0 0 4096 8406082 0 0 0 -1 30 0 0 0 0 0 22855621477760 22855621498960 93824999464960 140736188529363 140736188529791 140736188529791 140736188542933 0
[pid=1685942/tid=1685944] ppid=1685939 vsize=10152188 memory=198340509722 CPUtime=0 cores=30-36,55-75,142-148,167-187
/proc/1685942/task/1685944/stat : 1685944 (kat_xcsp_2ccb88) S 1685939 1685939 1685836 0 -1 1077936192 2 0 0 0 0 0 0 0 20 0 3 0 221651316 10395840512 2313026 117440512000 22855613566976 22855621363680 140736188524560 0 0 0 0 4096 8406082 0 0 0 -1 34 0 0 0 0 0 22855621477760 22855621498960 93824999464960 140736188529363 140736188529791 140736188529791 140736188542933 0
Current children cumulated CPU time: 1416.37 s
Current children cumulated vsize: 10156436 KiB
Current children cumulated memory: 9255164 KiB

[startup+1482.31 s]
/proc/loadavg: 39.79 41.02 41.36 40/3083 1686376
/proc/meminfo: memFree=420961256/527542228 swapFree=31593752/33554428
[pid=1685939] ppid=1685938 vsize=4248 memory=3060 CPUtime=0 cores=30-36,55-75,142-148,167-187
/proc/1685939/stat : 1685939 (bash) S 1685938 1685939 1685836 0 -1 4194304 281 138 0 0 0 0 0 0 20 0 1 0 221651314 4349952 765 117440512000 93847320092672 93847321074589 140727587978576 0 0 0 65536 4 65538 0 0 0 17 183 0 0 0 0 0 93847321307888 93847321356132 93847341436928 140727587986414 140727587986590 140727587986590 140727587999722 0
/proc/1685939/statm: 1062 765 668 240 0 188 0
[pid=1685942] ppid=1685939 vsize=10152188 memory=9263164 CPUtime=1476.12 cores=30-36,55-75,142-148,167-187
/proc/1685942/stat : 1685942 (kat_xcsp_2ccb88) S 1685939 1685939 1685836 0 -1 1077936128 15673592 0 89 0 145693 1919 0 0 20 0 3 0 221651315 10395840512 2315791 117440512000 22855613566976 22855621363680 140736188524560 0 0 0 0 4096 8406082 0 0 0 17 182 0 0 0 0 0 22855621477760 22855621498960 93824999464960 140736188529363 140736188529791 140736188529791 140736188542933 0
/proc/1685942/statm: 2538047 2315791 37 1904 0 2501919 0
[pid=1685942/tid=1685943] ppid=1685939 vsize=10152188 memory=3060 CPUtime=1476.12 cores=30-36,55-75,142-148,167-187
/proc/1685942/task/1685943/stat : 1685943 (kat_xcsp_2ccb88) R 1685939 1685939 1685836 0 -1 4194368 15673312 0 87 0 145693 1919 0 0 20 0 3 0 221651316 10395840512 2315791 117440512000 22855613566976 22855621363680 140736188524560 0 0 0 0 4096 8406082 0 0 0 -1 30 0 0 0 0 0 22855621477760 22855621498960 93824999464960 140736188529363 140736188529791 140736188529791 140736188542933 0
[pid=1685942/tid=1685944] ppid=1685939 vsize=10152188 memory=3060 CPUtime=0 cores=30-36,55-75,142-148,167-187
/proc/1685942/task/1685944/stat : 1685944 (kat_xcsp_2ccb88) S 1685939 1685939 1685836 0 -1 1077936192 2 0 0 0 0 0 0 0 20 0 3 0 221651316 10395840512 2315791 117440512000 22855613566976 22855621363680 140736188524560 0 0 0 0 4096 8406082 0 0 0 -1 34 0 0 0 0 0 22855621477760 22855621498960 93824999464960 140736188529363 140736188529791 140736188529791 140736188542933 0
Current children cumulated CPU time: 1476.12 s
Current children cumulated vsize: 10156436 KiB
Current children cumulated memory: 9266224 KiB

[startup+1542.3 s]
/proc/loadavg: 39.36 40.68 41.22 41/3083 1686391
/proc/meminfo: memFree=420961072/527542228 swapFree=31593752/33554428
[pid=1685939] ppid=1685938 vsize=4248 memory=3060 CPUtime=0 cores=30-36,55-75,142-148,167-187
/proc/1685939/stat : 1685939 (bash) S 1685938 1685939 1685836 0 -1 4194304 281 138 0 0 0 0 0 0 20 0 1 0 221651314 4349952 765 117440512000 93847320092672 93847321074589 140727587978576 0 0 0 65536 4 65538 0 0 0 17 183 0 0 0 0 0 93847321307888 93847321356132 93847341436928 140727587986414 140727587986590 140727587986590 140727587999722 0
/proc/1685939/statm: 1062 765 668 240 0 188 0
[pid=1685942] ppid=1685939 vsize=10152188 memory=9266164 CPUtime=1535.87 cores=30-36,55-75,142-148,167-187
/proc/1685942/stat : 1685942 (kat_xcsp_2ccb88) S 1685939 1685939 1685836 0 -1 1077936128 16188415 0 89 0 151612 1975 0 0 20 0 3 0 221651315 10395840512 2316541 117440512000 22855613566976 22855621363680 140736188524560 0 0 0 0 4096 8406082 0 0 0 17 182 0 0 0 0 0 22855621477760 22855621498960 93824999464960 140736188529363 140736188529791 140736188529791 140736188542933 0
/proc/1685942/statm: 2538047 2316541 37 1904 0 2501919 0
[pid=1685942/tid=1685943] ppid=1685939 vsize=10152188 memory=3060 CPUtime=1535.87 cores=30-36,55-75,142-148,167-187
/proc/1685942/task/1685943/stat : 1685943 (kat_xcsp_2ccb88) R 1685939 1685939 1685836 0 -1 4194368 16188135 0 87 0 151612 1975 0 0 20 0 3 0 221651316 10395840512 2316541 117440512000 22855613566976 22855621363680 140736188524560 0 0 0 0 4096 8406082 0 0 0 -1 30 0 0 0 0 0 22855621477760 22855621498960 93824999464960 140736188529363 140736188529791 140736188529791 140736188542933 0
[pid=1685942/tid=1685944] ppid=1685939 vsize=10152188 memory=3060 CPUtime=0 cores=30-36,55-75,142-148,167-187
/proc/1685942/task/1685944/stat : 1685944 (kat_xcsp_2ccb88) S 1685939 1685939 1685836 0 -1 1077936192 2 0 0 0 0 0 0 0 20 0 3 0 221651316 10395840512 2316541 117440512000 22855613566976 22855621363680 140736188524560 0 0 0 0 4096 8406082 0 0 0 -1 34 0 0 0 0 0 22855621477760 22855621498960 93824999464960 140736188529363 140736188529791 140736188529791 140736188542933 0
Current children cumulated CPU time: 1535.87 s
Current children cumulated vsize: 10156436 KiB
Current children cumulated memory: 9269224 KiB

[startup+1602.3 s]
/proc/loadavg: 39.57 40.53 41.13 41/3082 1686405
/proc/meminfo: memFree=420789328/527542228 swapFree=31593752/33554428
[pid=1685939] ppid=1685938 vsize=4248 memory=3060 CPUtime=0 cores=30-36,55-75,142-148,167-187
/proc/1685939/stat : 1685939 (bash) S 1685938 1685939 1685836 0 -1 4194304 281 138 0 0 0 0 0 0 20 0 1 0 221651314 4349952 765 117440512000 93847320092672 93847321074589 140727587978576 0 0 0 65536 4 65538 0 0 0 17 183 0 0 0 0 0 93847321307888 93847321356132 93847341436928 140727587986414 140727587986590 140727587986590 140727587999722 0
/proc/1685939/statm: 1062 765 668 240 0 188 0
[pid=1685942] ppid=1685939 vsize=10152188 memory=9266520 CPUtime=1595.63 cores=30-36,55-75,142-148,167-187
/proc/1685942/stat : 1685942 (kat_xcsp_2ccb88) S 1685939 1685939 1685836 0 -1 1077936128 16542331 0 89 0 157549 2014 0 0 20 0 3 0 221651315 10395840512 2316630 117440512000 22855613566976 22855621363680 140736188524560 0 0 0 0 4096 8406082 0 0 0 17 182 0 0 0 0 0 22855621477760 22855621498960 93824999464960 140736188529363 140736188529791 140736188529791 140736188542933 0
/proc/1685942/statm: 2538047 2316630 37 1904 0 2501919 0
[pid=1685942/tid=1685943] ppid=1685939 vsize=10152188 memory=3144 CPUtime=1595.62 cores=30-36,55-75,142-148,167-187
/proc/1685942/task/1685943/stat : 1685943 (kat_xcsp_2ccb88) R 1685939 1685939 1685836 0 -1 4194368 16542051 0 87 0 157549 2013 0 0 20 0 3 0 221651316 10395840512 2316630 117440512000 22855613566976 22855621363680 140736188524560 0 0 0 0 4096 8406082 0 0 0 -1 30 0 0 0 0 0 22855621477760 22855621498960 93824999464960 140736188529363 140736188529791 140736188529791 140736188542933 0
[pid=1685942/tid=1685944] ppid=1685939 vsize=10152188 memory=1372 CPUtime=0 cores=30-36,55-75,142-148,167-187
/proc/1685942/task/1685944/stat : 1685944 (kat_xcsp_2ccb88) S 1685939 1685939 1685836 0 -1 1077936192 2 0 0 0 0 0 0 0 20 0 3 0 221651316 10395840512 2316630 117440512000 22855613566976 22855621363680 140736188524560 0 0 0 0 4096 8406082 0 0 0 -1 34 0 0 0 0 0 22855621477760 22855621498960 93824999464960 140736188529363 140736188529791 140736188529791 140736188542933 0
Current children cumulated CPU time: 1595.63 s
Current children cumulated vsize: 10156436 KiB
Current children cumulated memory: 9269580 KiB

[startup+1662.3 s]
/proc/loadavg: 42.07 40.95 41.23 40/3083 1686420
/proc/meminfo: memFree=420787660/527542228 swapFree=31593752/33554428
[pid=1685939] ppid=1685938 vsize=4248 memory=3060 CPUtime=0 cores=30-36,55-75,142-148,167-187
/proc/1685939/stat : 1685939 (bash) S 1685938 1685939 1685836 0 -1 4194304 281 138 0 0 0 0 0 0 20 0 1 0 221651314 4349952 765 117440512000 93847320092672 93847321074589 140727587978576 0 0 0 65536 4 65538 0 0 0 17 183 0 0 0 0 0 93847321307888 93847321356132 93847341436928 140727587986414 140727587986590 140727587986590 140727587999722 0
/proc/1685939/statm: 1062 765 668 240 0 188 0
[pid=1685942] ppid=1685939 vsize=10152188 memory=9266520 CPUtime=1655.4 cores=30-36,55-75,142-148,167-187
/proc/1685942/stat : 1685942 (kat_xcsp_2ccb88) S 1685939 1685939 1685836 0 -1 1077936128 16748684 0 89 0 163503 2037 0 0 20 0 3 0 221651315 10395840512 2316630 117440512000 22855613566976 22855621363680 140736188524560 0 0 0 0 4096 8406082 0 0 0 17 182 0 0 0 0 0 22855621477760 22855621498960 93824999464960 140736188529363 140736188529791 140736188529791 140736188542933 0
/proc/1685942/statm: 2538047 2316630 37 1904 0 2501919 0
[pid=1685942/tid=1685943] ppid=1685939 vsize=10152188 memory=9266520 CPUtime=1655.38 cores=30-36,55-75,142-148,167-187
/proc/1685942/task/1685943/stat : 1685943 (kat_xcsp_2ccb88) R 1685939 1685939 1685836 0 -1 4194368 16748404 0 87 0 163502 2036 0 0 20 0 3 0 221651316 10395840512 2316630 117440512000 22855613566976 22855621363680 140736188524560 0 0 0 0 4096 8406082 0 0 0 -1 30 0 0 0 0 0 22855621477760 22855621498960 93824999464960 140736188529363 140736188529791 140736188529791 140736188542933 0
[pid=1685942/tid=1685944] ppid=1685939 vsize=10152188 memory=344 CPUtime=0 cores=30-36,55-75,142-148,167-187
/proc/1685942/task/1685944/stat : 1685944 (kat_xcsp_2ccb88) S 1685939 1685939 1685836 0 -1 1077936192 2 0 0 0 0 0 0 0 20 0 3 0 221651316 10395840512 2316630 117440512000 22855613566976 22855621363680 140736188524560 0 0 0 0 4096 8406082 0 0 0 -1 34 0 0 0 0 0 22855621477760 22855621498960 93824999464960 140736188529363 140736188529791 140736188529791 140736188542933 0
Current children cumulated CPU time: 1655.4 s
Current children cumulated vsize: 10156436 KiB
Current children cumulated memory: 9269580 KiB

[startup+1722.3 s]
/proc/loadavg: 42.80 41.27 41.31 40/3082 1686434
/proc/meminfo: memFree=420766620/527542228 swapFree=31593752/33554428
[pid=1685939] ppid=1685938 vsize=4248 memory=3060 CPUtime=0 cores=30-36,55-75,142-148,167-187
/proc/1685939/stat : 1685939 (bash) S 1685938 1685939 1685836 0 -1 4194304 281 138 0 0 0 0 0 0 20 0 1 0 221651314 4349952 765 117440512000 93847320092672 93847321074589 140727587978576 0 0 0 65536 4 65538 0 0 0 17 183 0 0 0 0 0 93847321307888 93847321356132 93847341436928 140727587986414 140727587986590 140727587986590 140727587999722 0
/proc/1685939/statm: 1062 765 668 240 0 188 0
[pid=1685942] ppid=1685939 vsize=10152188 memory=9289728 CPUtime=1715.14 cores=30-36,55-75,142-148,167-187
/proc/1685942/stat : 1685942 (kat_xcsp_2ccb88) S 1685939 1685939 1685836 0 -1 1077936128 17372050 0 89 0 169409 2105 0 0 20 0 3 0 221651315 10395840512 2322432 117440512000 22855613566976 22855621363680 140736188524560 0 0 0 0 4096 8406082 0 0 0 17 182 0 0 0 0 0 22855621477760 22855621498960 93824999464960 140736188529363 140736188529791 140736188529791 140736188542933 0
/proc/1685942/statm: 2538047 2322432 37 1904 0 2501919 0
[pid=1685942/tid=1685943] ppid=1685939 vsize=10152188 memory=269204 CPUtime=1715.14 cores=30-36,55-75,142-148,167-187
/proc/1685942/task/1685943/stat : 1685943 (kat_xcsp_2ccb88) R 1685939 1685939 1685836 0 -1 4194368 17371770 0 87 0 169409 2105 0 0 20 0 3 0 221651316 10395840512 2322432 117440512000 22855613566976 22855621363680 140736188524560 0 0 0 0 4096 8406082 0 0 0 -1 30 0 0 0 0 0 22855621477760 22855621498960 93824999464960 140736188529363 140736188529791 140736188529791 140736188542933 0
[pid=1685942/tid=1685944] ppid=1685939 vsize=10152188 memory=3060 CPUtime=0 cores=30-36,55-75,142-148,167-187
/proc/1685942/task/1685944/stat : 1685944 (kat_xcsp_2ccb88) S 1685939 1685939 1685836 0 -1 1077936192 2 0 0 0 0 0 0 0 20 0 3 0 221651316 10395840512 2322432 117440512000 22855613566976 22855621363680 140736188524560 0 0 0 0 4096 8406082 0 0 0 -1 34 0 0 0 0 0 22855621477760 22855621498960 93824999464960 140736188529363 140736188529791 140736188529791 140736188542933 0
Current children cumulated CPU time: 1715.14 s
Current children cumulated vsize: 10156436 KiB
Current children cumulated memory: 9292788 KiB

[startup+1762.14 s]
# the end of solver process 1685939 was just reported to runsolver
# cumulated CPU time of all completed processes:  user=1732.52 s, system=22.2225 s

Solver just ended.
??? end of watcher thread
Dumping a history of the last processes samples

[startup+1746.4 s]
/proc/loadavg: 41.98 41.20 41.29 40/3082 1686440
/proc/meminfo: memFree=420714952/527542228 swapFree=31593752/33554428
[pid=1685939] ppid=1685938 vsize=4248 memory=3060 CPUtime=0 cores=30-36,55-75,142-148,167-187
/proc/1685939/stat : 1685939 (bash) S 1685938 1685939 1685836 0 -1 4194304 281 138 0 0 0 0 0 0 20 0 1 0 221651314 4349952 765 117440512000 93847320092672 93847321074589 140727587978576 0 0 0 65536 4 65538 0 0 0 17 183 0 0 0 0 0 93847321307888 93847321356132 93847341436928 140727587986414 140727587986590 140727587986590 140727587999722 0
/proc/1685939/statm: 1062 765 668 240 0 188 0
[pid=1685942] ppid=1685939 vsize=10157244 memory=9341044 CPUtime=1739.14 cores=30-36,55-75,142-148,167-187
/proc/1685942/stat : 1685942 (kat_xcsp_2ccb88) S 1685939 1685939 1685836 0 -1 1077936128 17423355 0 184 0 171803 2111 0 0 20 0 3 0 221651315 10401017856 2335261 117440512000 22855613566976 22855621363680 140736188524560 0 0 0 0 4096 8406082 0 0 0 17 182 0 0 0 0 0 22855621477760 22855621498960 93824999464960 140736188529363 140736188529791 140736188529791 140736188542933 0
/proc/1685942/statm: 2539311 2335261 59 1904 0 2504619 0
[pid=1685942/tid=1685943] ppid=1685939 vsize=10157244 memory=9275716 CPUtime=1739.12 cores=30-36,55-75,142-148,167-187
/proc/1685942/task/1685943/stat : 1685943 (kat_xcsp_2ccb88) R 1685939 1685939 1685836 0 -1 4194368 17423075 0 182 0 171802 2110 0 0 20 0 3 0 221651316 10401017856 2335261 117440512000 22855613566976 22855621363680 140736188524560 0 0 0 0 4096 8406082 0 0 0 -1 30 0 0 0 0 0 22855621477760 22855621498960 93824999464960 140736188529363 140736188529791 140736188529791 140736188542933 0
[pid=1685942/tid=1685944] ppid=1685939 vsize=10157244 memory=3060 CPUtime=0 cores=30-36,55-75,142-148,167-187
/proc/1685942/task/1685944/stat : 1685944 (kat_xcsp_2ccb88) S 1685939 1685939 1685836 0 -1 1077936192 2 0 0 0 0 0 0 0 20 0 3 0 221651316 10401017856 2335261 117440512000 22855613566976 22855621363680 140736188524560 0 0 0 0 4096 8406082 0 0 0 -1 34 0 0 0 0 0 22855621477760 22855621498960 93824999464960 140736188529363 140736188529791 140736188529791 140736188542933 0
Current children cumulated CPU time: 1739.14 s
Current children cumulated vsize: 10161492 KiB
Current children cumulated memory: 9344104 KiB

[startup+1753.4 s]
/proc/loadavg: 43.26 41.48 41.38 59/3082 1686442
/proc/meminfo: memFree=420715556/527542228 swapFree=31593752/33554428
[pid=1685939] ppid=1685938 vsize=4248 memory=3060 CPUtime=0 cores=30-36,55-75,142-148,167-187
/proc/1685939/stat : 1685939 (bash) S 1685938 1685939 1685836 0 -1 4194304 281 138 0 0 0 0 0 0 20 0 1 0 221651314 4349952 765 117440512000 93847320092672 93847321074589 140727587978576 0 0 0 65536 4 65538 0 0 0 17 183 0 0 0 0 0 93847321307888 93847321356132 93847341436928 140727587986414 140727587986590 140727587986590 140727587999722 0
/proc/1685939/statm: 1062 765 668 240 0 188 0
[pid=1685942] ppid=1685939 vsize=10219144 memory=9406988 CPUtime=1746.08 cores=30-36,55-75,142-148,167-187
/proc/1685942/stat : 1685942 (kat_xcsp_2ccb88) S 1685939 1685939 1685836 0 -1 1077936128 17567106 0 275 0 172483 2125 0 0 20 0 3 0 221651315 10464403456 2351747 117440512000 22855613566976 22855621363680 140736188524560 0 0 0 0 4096 8406082 0 0 0 17 182 0 0 0 0 0 22855621477760 22855621498960 93824999464960 140736188529363 140736188529791 140736188529791 140736188542933 0
/proc/1685942/statm: 2554786 2351747 152 1904 0 2520909 0
[pid=1685942/tid=1685943] ppid=1685939 vsize=10219144 memory=976 CPUtime=1746.08 cores=30-36,55-75,142-148,167-187
/proc/1685942/task/1685943/stat : 1685943 (kat_xcsp_2ccb88) R 1685939 1685939 1685836 0 -1 4194368 17566844 0 273 0 172483 2125 0 0 20 0 3 0 221651316 10464403456 2351747 117440512000 22855613566976 22855621363680 140736188524560 0 0 0 0 4096 8406082 0 0 0 -1 30 0 0 0 0 0 22855621477760 22855621498960 93824999464960 140736188529363 140736188529791 140736188529791 140736188542933 0
[pid=1685942/tid=1685944] ppid=1685939 vsize=10219144 memory=7292 CPUtime=0 cores=30-36,55-75,142-148,167-187
/proc/1685942/task/1685944/stat : 1685944 (kat_xcsp_2ccb88) S 1685939 1685939 1685836 0 -1 1077936192 2 0 0 0 0 0 0 0 20 0 3 0 221651316 10464403456 2351747 117440512000 22855613566976 22855621363680 140736188524560 0 0 0 0 4096 8406082 0 0 0 -1 34 0 0 0 0 0 22855621477760 22855621498960 93824999464960 140736188529363 140736188529791 140736188529791 140736188542933 0
Current children cumulated CPU time: 1746.08 s
Current children cumulated vsize: 10223392 KiB
Current children cumulated memory: 9410048 KiB

[startup+1756.9 s]
/proc/loadavg: 42.92 41.44 41.37 40/3082 1686442
/proc/meminfo: memFree=420724700/527542228 swapFree=31593752/33554428
[pid=1685939] ppid=1685938 vsize=4248 memory=3060 CPUtime=0 cores=30-36,55-75,142-148,167-187
/proc/1685939/stat : 1685939 (bash) S 1685938 1685939 1685836 0 -1 4194304 281 138 0 0 0 0 0 0 20 0 1 0 221651314 4349952 765 117440512000 93847320092672 93847321074589 140727587978576 0 0 0 65536 4 65538 0 0 0 17 183 0 0 0 0 0 93847321307888 93847321356132 93847341436928 140727587986414 140727587986590 140727587986590 140727587999722 0
/proc/1685939/statm: 1062 765 668 240 0 188 0
[pid=1685942] ppid=1685939 vsize=10140348 memory=9330364 CPUtime=1749.53 cores=30-36,55-75,142-148,167-187
/proc/1685942/stat : 1685942 (kat_xcsp_2ccb88) S 1685939 1685939 1685836 0 -1 1077936128 17920946 0 378 0 172795 2158 0 0 20 0 3 0 221651315 10383716352 2332591 117440512000 22855613566976 22855621363680 140736188524560 0 0 0 0 4096 8406082 0 0 0 17 182 0 0 0 0 0 22855621477760 22855621498960 93824999464960 140736188529363 140736188529791 140736188529791 140736188542933 0
/proc/1685942/statm: 2535087 2332591 276 1904 0 2501210 0
[pid=1685942/tid=1685943] ppid=1685939 vsize=10140348 memory=296 CPUtime=1749.53 cores=30-36,55-75,142-148,167-187
/proc/1685942/task/1685943/stat : 1685943 (kat_xcsp_2ccb88) R 1685939 1685939 1685836 0 -1 4194368 17920684 0 376 0 172795 2158 0 0 20 0 3 0 221651316 10383716352 2332591 117440512000 22855613566976 22855621363680 140736188524560 0 0 0 0 4096 8406082 0 0 0 -1 30 0 0 0 0 0 22855621477760 22855621498960 93824999464960 140736188529363 140736188529791 140736188529791 140736188542933 0
[pid=1685942/tid=1685944] ppid=1685939 vsize=10140348 memory=5156 CPUtime=0 cores=30-36,55-75,142-148,167-187
/proc/1685942/task/1685944/stat : 1685944 (kat_xcsp_2ccb88) S 1685939 1685939 1685836 0 -1 1077936192 2 0 0 0 0 0 0 0 20 0 3 0 221651316 10383716352 2332591 117440512000 22855613566976 22855621363680 140736188524560 0 0 0 0 4096 8406082 0 0 0 -1 34 0 0 0 0 0 22855621477760 22855621498960 93824999464960 140736188529363 140736188529791 140736188529791 140736188542933 0
Current children cumulated CPU time: 1749.53 s
Current children cumulated vsize: 10144596 KiB
Current children cumulated memory: 9333424 KiB

[startup+1760.4 s]*
/proc/loadavg: 42.92 41.44 41.37 40/3082 1686443
/proc/meminfo: memFree=421253912/527542228 swapFree=31593752/33554428
[pid=1685939] ppid=1685938 vsize=4248 memory=3060 CPUtime=0 cores=30-36,55-75,142-148,167-187
/proc/1685939/stat : 1685939 (bash) S 1685938 1685939 1685836 0 -1 4194304 281 138 0 0 0 0 0 0 20 0 1 0 221651314 4349952 765 117440512000 93847320092672 93847321074589 140727587978576 0 0 0 65536 4 65538 0 0 0 17 183 0 0 0 0 0 93847321307888 93847321356132 93847341436928 140727587986414 140727587986590 140727587986590 140727587999722 0
/proc/1685939/statm: 1062 765 668 240 0 188 0
[pid=1685942] ppid=1685939 vsize=9230556 memory=8801072 CPUtime=1753.11 cores=30-36,55-75,142-148,167-187
/proc/1685942/stat : 1685942 (kat_xcsp_2ccb88) S 1685939 1685939 1685836 0 -1 1077936128 18287883 0 378 0 173123 2188 0 0 20 0 3 0 221651315 9452089344 2200268 117440512000 22855613566976 22855621363680 140736188524560 0 0 0 0 4096 8406082 0 0 0 17 182 0 0 0 0 0 22855621477760 22855621498960 93824999464960 140736188529363 140736188529791 140736188529791 140736188542933 0
/proc/1685942/statm: 2307639 2200268 278 1904 0 2273762 0
[pid=1685942/tid=1685943] ppid=1685939 vsize=9230556 memory=15352 CPUtime=1753.11 cores=30-36,55-75,142-148,167-187
/proc/1685942/task/1685943/stat : 1685943 (kat_xcsp_2ccb88) R 1685939 1685939 1685836 0 -1 4194368 18287616 0 376 0 173123 2188 0 0 20 0 3 0 221651316 9452089344 2200268 117440512000 22855613566976 22855621363680 140736188524560 0 0 0 0 4096 8406082 0 0 0 -1 30 0 0 0 0 0 22855621477760 22855621498960 93824999464960 140736188529363 140736188529791 140736188529791 140736188542933 0
[pid=1685942/tid=1685944] ppid=1685939 vsize=9230556 memory=6076 CPUtime=0 cores=30-36,55-75,142-148,167-187
/proc/1685942/task/1685944/stat : 1685944 (kat_xcsp_2ccb88) S 1685939 1685939 1685836 0 -1 1077936192 2 0 0 0 0 0 0 0 20 0 3 0 221651316 9452089344 2200268 117440512000 22855613566976 22855621363680 140736188524560 0 0 0 0 4096 8406082 0 0 0 -1 34 0 0 0 0 0 22855621477760 22855621498960 93824999464960 140736188529363 140736188529791 140736188529791 140736188542933 0
Current children cumulated CPU time: 1753.11 s
Current children cumulated vsize: 9234804 KiB
Current children cumulated memory: 8804132 KiB

[startup+1761.3 s]
/proc/loadavg: 42.92 41.44 41.37 40/3082 1686443
/proc/meminfo: memFree=421253912/527542228 swapFree=31593752/33554428
[pid=1685939] ppid=1685938 vsize=4248 memory=3060 CPUtime=0 cores=30-36,55-75,142-148,167-187
/proc/1685939/stat : 1685939 (bash) S 1685938 1685939 1685836 0 -1 4194304 281 138 0 0 0 0 0 0 20 0 1 0 221651314 4349952 765 117440512000 93847320092672 93847321074589 140727587978576 0 0 0 65536 4 65538 0 0 0 17 183 0 0 0 0 0 93847321307888 93847321356132 93847341436928 140727587986414 140727587986590 140727587986590 140727587999722 0
/proc/1685939/statm: 1062 765 668 240 0 188 0
[pid=1685942] ppid=1685939 vsize=9230556 memory=8801072 CPUtime=1753.91 cores=30-36,55-75,142-148,167-187
/proc/1685942/stat : 1685942 (kat_xcsp_2ccb88) S 1685939 1685939 1685836 0 -1 1077936128 18328283 0 378 0 173198 2193 0 0 20 0 3 0 221651315 9452089344 2200268 117440512000 22855613566976 22855621363680 140736188524560 0 0 0 0 4096 8406082 0 0 0 17 182 0 0 0 0 0 22855621477760 22855621498960 93824999464960 140736188529363 140736188529791 140736188529791 140736188542933 0
/proc/1685942/statm: 2307639 2200268 278 1904 0 2273762 0
[pid=1685942/tid=1685943] ppid=1685939 vsize=9230556 memory=148 CPUtime=1753.91 cores=30-36,55-75,142-148,167-187
/proc/1685942/task/1685943/stat : 1685943 (kat_xcsp_2ccb88) R 1685939 1685939 1685836 0 -1 4194368 18328003 0 376 0 173198 2193 0 0 20 0 3 0 221651316 9452089344 2200268 117440512000 22855613566976 22855621363680 140736188524560 0 0 0 0 4096 8406082 0 0 0 -1 30 0 0 0 0 0 22855621477760 22855621498960 93824999464960 140736188529363 140736188529791 140736188529791 140736188542933 0
[pid=1685942/tid=1685944] ppid=1685939 vsize=9230556 memory=1884 CPUtime=0 cores=30-36,55-75,142-148,167-187
/proc/1685942/task/1685944/stat : 1685944 (kat_xcsp_2ccb88) S 1685939 1685939 1685836 0 -1 1077936192 2 0 0 0 0 0 0 0 20 0 3 0 221651316 9452089344 2200268 117440512000 22855613566976 22855621363680 140736188524560 0 0 0 0 4096 8406082 0 0 0 -1 34 0 0 0 0 0 22855621477760 22855621498960 93824999464960 140736188529363 140736188529791 140736188529791 140736188542933 0
Current children cumulated CPU time: 1753.91 s
Current children cumulated vsize: 9234804 KiB
Current children cumulated memory: 8804132 KiB

[startup+1761.8 s]
/proc/loadavg: 42.77 41.43 41.36 40/3082 1686443
/proc/meminfo: memFree=421253740/527542228 swapFree=31593752/33554428
[pid=1685939] ppid=1685938 vsize=4248 memory=3060 CPUtime=0 cores=30-36,55-75,142-148,167-187
/proc/1685939/stat : 1685939 (bash) S 1685938 1685939 1685836 0 -1 4194304 281 138 0 0 0 0 0 0 20 0 1 0 221651314 4349952 765 117440512000 93847320092672 93847321074589 140727587978576 0 0 0 65536 4 65538 0 0 0 17 183 0 0 0 0 0 93847321307888 93847321356132 93847341436928 140727587986414 140727587986590 140727587986590 140727587999722 0
/proc/1685939/statm: 1062 765 668 240 0 188 0
[pid=1685942] ppid=1685939 vsize=6655236 memory=6266464 CPUtime=1754.41 cores=30-36,55-75,142-148,167-187
/proc/1685942/stat : 1685942 (kat_xcsp_2ccb88) S 1685939 1685939 1685836 0 -1 1077936128 18330512 0 379 0 173247 2194 0 0 20 0 3 0 221651315 6814961664 1566616 117440512000 22855613566976 22855621363680 140736188524560 0 0 0 0 4096 8406082 0 0 0 17 182 0 0 0 0 0 22855621477760 22855621498960 93824999464960 140736188529363 140736188529791 140736188529791 140736188542933 0
/proc/1685942/statm: 1663809 1566616 279 1904 0 1629932 0
[pid=1685942/tid=1685943] ppid=1685939 vsize=6655236 memory=9330364 CPUtime=1754.41 cores=30-36,55-75,142-148,167-187
/proc/1685942/task/1685943/stat : 1685943 (kat_xcsp_2ccb88) R 1685939 1685939 1685836 0 -1 4194368 18330232 0 377 0 173247 2194 0 0 20 0 3 0 221651316 6814961664 1566616 117440512000 22855613566976 22855621363680 140736188524560 0 0 0 0 4096 8406082 0 0 0 -1 30 0 0 0 0 0 22855621477760 22855621498960 93824999464960 140736188529363 140736188529791 140736188529791 140736188542933 0
[pid=1685942/tid=1685944] ppid=1685939 vsize=6655236 memory=3060 CPUtime=0 cores=30-36,55-75,142-148,167-187
/proc/1685942/task/1685944/stat : 1685944 (kat_xcsp_2ccb88) S 1685939 1685939 1685836 0 -1 1077936192 2 0 0 0 0 0 0 0 20 0 3 0 221651316 6814961664 1566616 117440512000 22855613566976 22855621363680 140736188524560 0 0 0 0 4096 8406082 0 0 0 -1 34 0 0 0 0 0 22855621477760 22855621498960 93824999464960 140736188529363 140736188529791 140736188529791 140736188542933 0
Current children cumulated CPU time: 1754.41 s
Current children cumulated vsize: 6659484 KiB
Current children cumulated memory: 6269524 KiB

[startup+1762 s]
/proc/loadavg: 42.77 41.43 41.36 40/3082 1686443
/proc/meminfo: memFree=421253740/527542228 swapFree=31593752/33554428
[pid=1685939] ppid=1685938 vsize=4248 memory=3060 CPUtime=0 cores=30-36,55-75,142-148,167-187
/proc/1685939/stat : 1685939 (bash) S 1685938 1685939 1685836 0 -1 4194304 281 138 0 0 0 0 0 0 20 0 1 0 221651314 4349952 765 117440512000 93847320092672 93847321074589 140727587978576 0 0 0 65536 4 65538 0 0 0 17 183 0 0 0 0 0 93847321307888 93847321356132 93847341436928 140727587986414 140727587986590 140727587986590 140727587999722 0
/proc/1685939/statm: 1062 765 668 240 0 188 0
Current children cumulated CPU time: 0 s
Current children cumulated vsize: 4248 KiB
Current children cumulated memory: 3060 KiB

[startup+1762.1 s]
/proc/loadavg: 42.77 41.43 41.36 40/3082 1686443
/proc/meminfo: memFree=421253740/527542228 swapFree=31593752/33554428
[pid=1685939] ppid=1685938 vsize=4248 memory=3060 CPUtime=0 cores=30-36,55-75,142-148,167-187
/proc/1685939/stat : 1685939 (bash) S 1685938 1685939 1685836 0 -1 4194304 281 138 0 0 0 0 0 0 20 0 1 0 221651314 4349952 765 117440512000 93847320092672 93847321074589 140727587978576 0 0 0 65536 4 65538 0 0 0 17 183 0 0 0 0 0 93847321307888 93847321356132 93847341436928 140727587986414 140727587986590 140727587986590 140727587999722 0
/proc/1685939/statm: 1062 765 668 240 0 188 0
Current children cumulated CPU time: 0 s
Current children cumulated vsize: 4248 KiB
Current children cumulated memory: 3060 KiB

Child status: 0
Real time (s): 1762.14
CPU time (s): 1754.74
CPU user time (s): 1732.52
CPU system time (s): 22.2225
CPU usage (%): 99.5802
Max. virtual memory (cumulated for all children) (KiB): 10513024
Max. memory (cumulated for all children) (KiB): 9524232

getrusage(RUSAGE_CHILDREN,...) data:
user time used= 1732.52
system time used= 22.2225
maximum resident set size= 9592688
integral shared memory size= 0
integral unshared data size= 0
integral unshared stack size= 0
page reclaims= 18331827
page faults= 470
swaps= 0
block input operations= 21928
block output operations= 200
messages sent= 0
messages received= 0
signals received= 0
voluntary context switches= 570
involuntary context switches= 2089


# summary of solver processes directly reported to runsolver:
#   pid: 1685939
#   total CPU time (s): 1754.74
#   total CPU user time (s): 1732.52
#   total CPU system time (s): 22.2225

??? end of timestamper thread
runsolver used 40.2248 second user time and 135.451 second system time

The end
