================ Slurm Info ================
DATE      = 2026-05-27T16:13:34+09:00
PARTITION = gr10672b
JOB_ID    = 19875383_101
JOB_NAME  = xcsp-parse-cop-cumulative-165-log-scop-cumext-boundprop-20260526-2ccb88e9-q10672
NNODES    = 1
RSC_OPT   = p=1:t=28:c=28:m=112000M
============================================
job_id=19903255 task_id=101 instance_id=101
instance_relpath=COP22to25/AircraftAssemblyLine-1-178-70-0_c23.xml.lzma
row_file=/LARGE0/gr10672/b39275/xcsp3instances/results/kat-cop-cumulative-165-log-scop-guarded-basic-directexpr-inchard-cnf-mdd-tl-autopb-autobdd-agg-eqne2-cumext-boundprop-1800-20260526-2ccb88e9-q10672/rows/row-19903255-101-101.csv
runsolver_values_log=/LARGE0/gr10672/b39275/xcsp3instances/slurm-logs/runsolver/runsolver-kat-cop-cumulative-165-log-scop-guarded-basic-directexpr-inchard-cnf-mdd-tl-autopb-autobdd-agg-eqne2-cumext-boundprop-1800-20260526-2ccb88e9-q10672-19903255-101-101/values.log
runsolver_solver_log=/LARGE0/gr10672/b39275/xcsp3instances/slurm-logs/runsolver/runsolver-kat-cop-cumulative-165-log-scop-guarded-basic-directexpr-inchard-cnf-mdd-tl-autopb-autobdd-agg-eqne2-cumext-boundprop-1800-20260526-2ccb88e9-q10672-19903255-101-101/output.log
runsolver version 3.4.1 (svn: 3018) Copyright (C) 2010-2013 Olivier ROUSSEL

This program is distributed in the hope that it will be useful,
but WITHOUT ANY WARRANTY; without even the implied warranty of
MERCHANTABILITY or FITNESS FOR A PARTICULAR PURPOSE.  See the
GNU General Public License for more details.

NUMA information:
  number of nodes: 8
  memory of node 0: 63700 MiB (31219 MiB free)
  memory of node 1: 64461 MiB (48897 MiB free)
  memory of node 2: 64504 MiB (38645 MiB free)
  memory of node 3: 64504 MiB (39766 MiB free)
  memory of node 4: 64504 MiB (47906 MiB free)
  memory of node 5: 64504 MiB (62460 MiB free)
  memory of node 6: 64504 MiB (57955 MiB free)
  memory of node 7: 64491 MiB (56459 MiB free)
  node distances:
     10  12  12  12  21  21  21  21
     12  10  12  12  21  21  21  21
     12  12  10  12  21  21  21  21
     12  12  12  10  21  21  21  21
     21  21  21  21  10  12  12  12
     21  21  21  21  12  10  12  12
     21  21  21  21  12  12  10  12
     21  21  21  21  12  12  12  10

command line: runsolver -W 1800 -C 1800 -v /logs/runsolver/runsolver-kat-cop-cumulative-165-log-scop-guarded-basic-directexpr-inchard-cnf-mdd-tl-autopb-autobdd-agg-eqne2-cumext-boundprop-1800-20260526-2ccb88e9-q10672-19903255-101-101/values.log -o /logs/runsolver/runsolver-kat-cop-cumulative-165-log-scop-guarded-basic-directexpr-inchard-cnf-mdd-tl-autopb-autobdd-agg-eqne2-cumext-boundprop-1800-20260526-2ccb88e9-q10672-19903255-101-101/output.log bash -lc 
set -euo pipefail
if [[ -n "${PARSER_ARGS:-}" ]]; then
  eval "set -- ${PARSER_ARGS}"
  "$PARSER_BIN" "$INSTANCE_PATH" "$@"
else
  "$PARSER_BIN" "$INSTANCE_PATH"
fi
 

running on 56 cores: 0-2,4-9,13-16,18-25,43,45,52,125-128,130-137,155,157,164,172-173,175,60-61,63,94,112-114,116-121,206

Enforcing wall clock limit (soft limit, will send SIGTERM then SIGKILL): 1800 seconds
Enforcing CPUTime limit (soft limit, will send SIGTERM then SIGKILL): 1800 seconds
Enforcing CPUTime limit (hard limit, will send SIGXCPU): 1830 seconds
Linux 4.18.0-553.111.1.el8_10.x86_64
solver pid=3207399, runsolver pid=3207398
Current StackSize limit: 18014398509481983 KiB


[startup+0.100162 s]*
/proc/loadavg: 49.27 49.48 49.68 53/3545 3207404
/proc/meminfo: memFree=392497724/527542244 swapFree=32867240/33554428
[pid=3207399] ppid=3207398 vsize=4248 memory=3144 CPUtime=0 cores=0-2,4-9,13-16,18-25,43,45,52,60-61,63,94,112-114,116-121,125-128,130-137,155,157,164,172-173,175,206
/proc/3207399/stat : 3207399 (bash) S 3207398 3207399 3207295 0 -1 4194304 285 139 0 0 0 0 0 0 20 0 1 0 226941999 4349952 786 117440512000 94797563224064 94797564205981 140727091553072 0 0 0 65536 4 65538 0 0 0 17 175 0 0 0 0 0 94797564439280 94797564487524 94797590196224 140727091555201 140727091555377 140727091555377 140727091568618 0
/proc/3207399/statm: 1062 786 690 240 0 188 0
[pid=3207402] ppid=3207399 vsize=207320 memory=6792 CPUtime=0.19 cores=0-2,4-9,13-16,18-25,43,45,52,60-61,63,94,112-114,116-121,125-128,130-137,155,157,164,172-173,175,206
/proc/3207402/stat : 3207402 (kat_xcsp_2ccb88) S 3207399 3207399 3207295 0 -1 1077936128 1978 0 2 0 19 0 0 0 20 0 3 0 226942000 212295680 1698 117440512000 23350591250432 23350599047136 140722862157920 0 0 0 0 4096 8406082 0 0 0 17 175 0 0 0 0 0 23350599161216 23350599182416 93825004457984 140722862160422 140722862160914 140722862160914 140722862174165 0
/proc/3207402/statm: 51830 1698 491 1904 0 18278 0
[pid=3207402/tid=3207403] ppid=3207399 vsize=207320 memory=83074445 CPUtime=0.19 cores=0-2,4-9,13-16,18-25,43,45,52,60-61,63,94,112-114,116-121,125-128,130-137,155,157,164,172-173,175,206
/proc/3207402/task/3207403/stat : 3207403 (kat_xcsp_2ccb88) R 3207399 3207399 3207295 0 -1 4194368 1697 0 0 0 19 0 0 0 20 0 3 0 226942000 212295680 1698 117440512000 23350591250432 23350599047136 140722862157920 0 0 0 0 4096 8406082 0 0 0 -1 173 0 0 0 0 0 23350599161216 23350599182416 93825004457984 140722862160422 140722862160914 140722862160914 140722862174165 0
[pid=3207402/tid=3207404] ppid=3207399 vsize=207320 memory=83394770 CPUtime=0 cores=0-2,4-9,13-16,18-25,43,45,52,60-61,63,94,112-114,116-121,125-128,130-137,155,157,164,172-173,175,206
/proc/3207402/task/3207404/stat : 3207404 (kat_xcsp_2ccb88) S 3207399 3207399 3207295 0 -1 1077936192 2 0 0 0 0 0 0 0 20 0 3 0 226942000 212295680 1698 117440512000 23350591250432 23350599047136 140722862157920 0 0 0 0 4096 8406082 0 0 0 -1 128 0 0 0 0 0 23350599161216 23350599182416 93825004457984 140722862160422 140722862160914 140722862160914 140722862174165 0
Current children cumulated CPU time: 0.19 s
Current children cumulated vsize: 211568 KiB
Current children cumulated memory: 9936 KiB

[startup+0.320056 s]*
/proc/loadavg: 49.27 49.48 49.68 53/3545 3207404
/proc/meminfo: memFree=392449584/527542244 swapFree=32867240/33554428
[pid=3207399] ppid=3207398 vsize=4248 memory=3144 CPUtime=0 cores=0-2,4-9,13-16,18-25,43,45,52,60-61,63,94,112-114,116-121,125-128,130-137,155,157,164,172-173,175,206
/proc/3207399/stat : 3207399 (bash) S 3207398 3207399 3207295 0 -1 4194304 285 139 0 0 0 0 0 0 20 0 1 0 226941999 4349952 786 117440512000 94797563224064 94797564205981 140727091553072 0 0 0 65536 4 65538 0 0 0 17 175 0 0 0 0 0 94797564439280 94797564487524 94797590196224 140727091555201 140727091555377 140727091555377 140727091568618 0
/proc/3207399/statm: 1062 786 690 240 0 188 0
[pid=3207402] ppid=3207399 vsize=290728 memory=116932 CPUtime=0.41 cores=0-2,4-9,13-16,18-25,43,45,52,60-61,63,94,112-114,116-121,125-128,130-137,155,157,164,172-173,175,206
/proc/3207402/stat : 3207402 (kat_xcsp_2ccb88) S 3207399 3207399 3207295 0 -1 1077936128 22066 0 2 0 37 4 0 0 20 0 3 0 226942000 297705472 29233 117440512000 23350591250432 23350599047136 140722862157920 0 0 0 0 4096 8406082 0 0 0 17 175 0 0 0 0 0 23350599161216 23350599182416 93825004457984 140722862160422 140722862160914 140722862160914 140722862174165 0
/proc/3207402/statm: 72682 29233 726 1904 0 46237 0
[pid=3207402/tid=3207403] ppid=3207399 vsize=290728 memory=83074445 CPUtime=0.41 cores=0-2,4-9,13-16,18-25,43,45,52,60-61,63,94,112-114,116-121,125-128,130-137,155,157,164,172-173,175,206
/proc/3207402/task/3207403/stat : 3207403 (kat_xcsp_2ccb88) R 3207399 3207399 3207295 0 -1 4194368 21795 0 0 0 37 4 0 0 20 0 3 0 226942000 297705472 29233 117440512000 23350591250432 23350599047136 140722862157920 0 0 0 0 4096 8406082 0 0 0 -1 173 0 0 0 0 0 23350599161216 23350599182416 93825004457984 140722862160422 140722862160914 140722862160914 140722862174165 0
[pid=3207402/tid=3207404] ppid=3207399 vsize=290728 memory=83394770 CPUtime=0 cores=0-2,4-9,13-16,18-25,43,45,52,60-61,63,94,112-114,116-121,125-128,130-137,155,157,164,172-173,175,206
/proc/3207402/task/3207404/stat : 3207404 (kat_xcsp_2ccb88) S 3207399 3207399 3207295 0 -1 1077936192 2 0 0 0 0 0 0 0 20 0 3 0 226942000 297705472 29233 117440512000 23350591250432 23350599047136 140722862157920 0 0 0 0 4096 8406082 0 0 0 -1 128 0 0 0 0 0 23350599161216 23350599182416 93825004457984 140722862160422 140722862160914 140722862160914 140722862174165 0
Current children cumulated CPU time: 0.41 s
Current children cumulated vsize: 294976 KiB
Current children cumulated memory: 120076 KiB

[startup+0.521841 s]*
/proc/loadavg: 49.27 49.48 49.68 53/3545 3207404
/proc/meminfo: memFree=392385796/527542244 swapFree=32867240/33554428
[pid=3207399] ppid=3207398 vsize=4248 memory=3144 CPUtime=0 cores=0-2,4-9,13-16,18-25,43,45,52,60-61,63,94,112-114,116-121,125-128,130-137,155,157,164,172-173,175,206
/proc/3207399/stat : 3207399 (bash) S 3207398 3207399 3207295 0 -1 4194304 285 139 0 0 0 0 0 0 20 0 1 0 226941999 4349952 786 117440512000 94797563224064 94797564205981 140727091553072 0 0 0 65536 4 65538 0 0 0 17 175 0 0 0 0 0 94797564439280 94797564487524 94797590196224 140727091555201 140727091555377 140727091555377 140727091568618 0
/proc/3207399/statm: 1062 786 690 240 0 188 0
[pid=3207402] ppid=3207399 vsize=290728 memory=117196 CPUtime=0.61 cores=0-2,4-9,13-16,18-25,43,45,52,60-61,63,94,112-114,116-121,125-128,130-137,155,157,164,172-173,175,206
/proc/3207402/stat : 3207402 (kat_xcsp_2ccb88) S 3207399 3207399 3207295 0 -1 1077936128 22107 0 2 0 57 4 0 0 20 0 3 0 226942000 297705472 29299 117440512000 23350591250432 23350599047136 140722862157920 0 0 0 0 4096 8406082 0 0 0 17 175 0 0 0 0 0 23350599161216 23350599182416 93825004457984 140722862160422 140722862160914 140722862160914 140722862174165 0
/proc/3207402/statm: 72682 29299 737 1904 0 46237 0
[pid=3207402/tid=3207403] ppid=3207399 vsize=290728 memory=83266323 CPUtime=0.61 cores=0-2,4-9,13-16,18-25,43,45,52,60-61,63,94,112-114,116-121,125-128,130-137,155,157,164,172-173,175,206
/proc/3207402/task/3207403/stat : 3207403 (kat_xcsp_2ccb88) R 3207399 3207399 3207295 0 -1 4194368 21826 0 0 0 57 4 0 0 20 0 3 0 226942000 297705472 29299 117440512000 23350591250432 23350599047136 140722862157920 0 0 0 0 4096 8406082 0 0 0 -1 173 0 0 0 0 0 23350599161216 23350599182416 93825004457984 140722862160422 140722862160914 140722862160914 140722862174165 0
[pid=3207402/tid=3207404] ppid=3207399 vsize=290728 memory=83441522 CPUtime=0 cores=0-2,4-9,13-16,18-25,43,45,52,60-61,63,94,112-114,116-121,125-128,130-137,155,157,164,172-173,175,206
/proc/3207402/task/3207404/stat : 3207404 (kat_xcsp_2ccb88) S 3207399 3207399 3207295 0 -1 1077936192 2 0 0 0 0 0 0 0 20 0 3 0 226942000 297705472 29299 117440512000 23350591250432 23350599047136 140722862157920 0 0 0 0 4096 8406082 0 0 0 -1 128 0 0 0 0 0 23350599161216 23350599182416 93825004457984 140722862160422 140722862160914 140722862160914 140722862174165 0
Current children cumulated CPU time: 0.61 s
Current children cumulated vsize: 294976 KiB
Current children cumulated memory: 120340 KiB

[startup+0.719404 s]*
/proc/loadavg: 49.27 49.48 49.68 46/3545 3207404
/proc/meminfo: memFree=392383272/527542244 swapFree=32867240/33554428
[pid=3207399] ppid=3207398 vsize=4248 memory=3144 CPUtime=0 cores=0-2,4-9,13-16,18-25,43,45,52,60-61,63,94,112-114,116-121,125-128,130-137,155,157,164,172-173,175,206
/proc/3207399/stat : 3207399 (bash) S 3207398 3207399 3207295 0 -1 4194304 285 139 0 0 0 0 0 0 20 0 1 0 226941999 4349952 786 117440512000 94797563224064 94797564205981 140727091553072 0 0 0 65536 4 65538 0 0 0 17 175 0 0 0 0 0 94797564439280 94797564487524 94797590196224 140727091555201 140727091555377 140727091555377 140727091568618 0
/proc/3207399/statm: 1062 786 690 240 0 188 0
[pid=3207402] ppid=3207399 vsize=290728 memory=122672 CPUtime=0.81 cores=0-2,4-9,13-16,18-25,43,45,52,60-61,63,94,112-114,116-121,125-128,130-137,155,157,164,172-173,175,206
/proc/3207402/stat : 3207402 (kat_xcsp_2ccb88) S 3207399 3207399 3207295 0 -1 1077936128 22952 0 2 0 77 4 0 0 20 0 3 0 226942000 297705472 30668 117440512000 23350591250432 23350599047136 140722862157920 0 0 0 0 4096 8406082 0 0 0 17 175 0 0 0 0 0 23350599161216 23350599182416 93825004457984 140722862160422 140722862160914 140722862160914 140722862174165 0
/proc/3207402/statm: 72682 30668 745 1904 0 48120 0
[pid=3207402/tid=3207403] ppid=3207399 vsize=290728 memory=83074445 CPUtime=0.81 cores=0-2,4-9,13-16,18-25,43,45,52,60-61,63,94,112-114,116-121,125-128,130-137,155,157,164,172-173,175,206
/proc/3207402/task/3207403/stat : 3207403 (kat_xcsp_2ccb88) R 3207399 3207399 3207295 0 -1 4194368 22671 0 0 0 77 4 0 0 20 0 3 0 226942000 297705472 30668 117440512000 23350591250432 23350599047136 140722862157920 0 0 0 0 4096 8406082 0 0 0 -1 173 0 0 0 0 0 23350599161216 23350599182416 93825004457984 140722862160422 140722862160914 140722862160914 140722862174165 0
[pid=3207402/tid=3207404] ppid=3207399 vsize=290728 memory=83394770 CPUtime=0 cores=0-2,4-9,13-16,18-25,43,45,52,60-61,63,94,112-114,116-121,125-128,130-137,155,157,164,172-173,175,206
/proc/3207402/task/3207404/stat : 3207404 (kat_xcsp_2ccb88) S 3207399 3207399 3207295 0 -1 1077936192 2 0 0 0 0 0 0 0 20 0 3 0 226942000 297705472 30668 117440512000 23350591250432 23350599047136 140722862157920 0 0 0 0 4096 8406082 0 0 0 -1 128 0 0 0 0 0 23350599161216 23350599182416 93825004457984 140722862160422 140722862160914 140722862160914 140722862174165 0
Current children cumulated CPU time: 0.81 s
Current children cumulated vsize: 294976 KiB
Current children cumulated memory: 125816 KiB

[startup+1.50036 s]*
/proc/loadavg: 49.27 49.48 49.68 46/3545 3207404
/proc/meminfo: memFree=392376536/527542244 swapFree=32867240/33554428
[pid=3207399] ppid=3207398 vsize=4248 memory=3144 CPUtime=0 cores=0-2,4-9,13-16,18-25,43,45,52,60-61,63,94,112-114,116-121,125-128,130-137,155,157,164,172-173,175,206
/proc/3207399/stat : 3207399 (bash) S 3207398 3207399 3207295 0 -1 4194304 285 139 0 0 0 0 0 0 20 0 1 0 226941999 4349952 786 117440512000 94797563224064 94797564205981 140727091553072 0 0 0 65536 4 65538 0 0 0 17 175 0 0 0 0 0 94797564439280 94797564487524 94797590196224 140727091555201 140727091555377 140727091555377 140727091568618 0
/proc/3207399/statm: 1062 786 690 240 0 188 0
[pid=3207402] ppid=3207399 vsize=290728 memory=122884 CPUtime=1.58 cores=0-2,4-9,13-16,18-25,43,45,52,60-61,63,94,112-114,116-121,125-128,130-137,155,157,164,172-173,175,206
/proc/3207402/stat : 3207402 (kat_xcsp_2ccb88) S 3207399 3207399 3207295 0 -1 1077936128 35516 0 2 0 153 5 0 0 20 0 3 0 226942000 297705472 30721 117440512000 23350591250432 23350599047136 140722862157920 0 0 0 0 4096 8406082 0 0 0 17 175 0 0 0 0 0 23350599161216 23350599182416 93825004457984 140722862160422 140722862160914 140722862160914 140722862174165 0
/proc/3207402/statm: 72682 30721 746 1904 0 48120 0
[pid=3207402/tid=3207403] ppid=3207399 vsize=290728 memory=83074445 CPUtime=1.58 cores=0-2,4-9,13-16,18-25,43,45,52,60-61,63,94,112-114,116-121,125-128,130-137,155,157,164,172-173,175,206
/proc/3207402/task/3207403/stat : 3207403 (kat_xcsp_2ccb88) R 3207399 3207399 3207295 0 -1 4194368 35236 0 0 0 153 5 0 0 20 0 3 0 226942000 297705472 30721 117440512000 23350591250432 23350599047136 140722862157920 0 0 0 0 4096 8406082 0 0 0 -1 173 0 0 0 0 0 23350599161216 23350599182416 93825004457984 140722862160422 140722862160914 140722862160914 140722862174165 0
[pid=3207402/tid=3207404] ppid=3207399 vsize=290728 memory=83394770 CPUtime=0 cores=0-2,4-9,13-16,18-25,43,45,52,60-61,63,94,112-114,116-121,125-128,130-137,155,157,164,172-173,175,206
/proc/3207402/task/3207404/stat : 3207404 (kat_xcsp_2ccb88) S 3207399 3207399 3207295 0 -1 1077936192 2 0 0 0 0 0 0 0 20 0 3 0 226942000 297705472 30721 117440512000 23350591250432 23350599047136 140722862157920 0 0 0 0 4096 8406082 0 0 0 -1 128 0 0 0 0 0 23350599161216 23350599182416 93825004457984 140722862160422 140722862160914 140722862160914 140722862174165 0
Current children cumulated CPU time: 1.58 s
Current children cumulated vsize: 294976 KiB
Current children cumulated memory: 126028 KiB

[startup+3.10036 s]
/proc/loadavg: 49.27 49.48 49.68 53/3545 3207404
/proc/meminfo: memFree=392360284/527542244 swapFree=32867240/33554428
[pid=3207399] ppid=3207398 vsize=4248 memory=3144 CPUtime=0 cores=0-2,4-9,13-16,18-25,43,45,52,60-61,63,94,112-114,116-121,125-128,130-137,155,157,164,172-173,175,206
/proc/3207399/stat : 3207399 (bash) S 3207398 3207399 3207295 0 -1 4194304 285 139 0 0 0 0 0 0 20 0 1 0 226941999 4349952 786 117440512000 94797563224064 94797564205981 140727091553072 0 0 0 65536 4 65538 0 0 0 17 175 0 0 0 0 0 94797564439280 94797564487524 94797590196224 140727091555201 140727091555377 140727091555377 140727091568618 0
/proc/3207399/statm: 1062 786 690 240 0 188 0
[pid=3207402] ppid=3207399 vsize=301780 memory=133940 CPUtime=3.06 cores=0-2,4-9,13-16,18-25,43,45,52,60-61,63,94,112-114,116-121,125-128,130-137,155,157,164,172-173,175,206
/proc/3207402/stat : 3207402 (kat_xcsp_2ccb88) S 3207399 3207399 3207295 0 -1 1077936128 48772 0 2 0 299 7 0 0 20 0 3 0 226942000 309022720 33485 117440512000 23350591250432 23350599047136 140722862157920 0 0 0 0 4096 8406082 0 0 0 17 175 0 0 0 0 0 23350599161216 23350599182416 93825004457984 140722862160422 140722862160914 140722862160914 140722862174165 0
/proc/3207402/statm: 75445 33485 747 1904 0 50883 0
[pid=3207402/tid=3207403] ppid=3207399 vsize=301780 memory=161 CPUtime=3.05 cores=0-2,4-9,13-16,18-25,43,45,52,60-61,63,94,112-114,116-121,125-128,130-137,155,157,164,172-173,175,206
/proc/3207402/task/3207403/stat : 3207403 (kat_xcsp_2ccb88) R 3207399 3207399 3207295 0 -1 4194368 48518 0 0 0 299 6 0 0 20 0 3 0 226942000 309022720 33485 117440512000 23350591250432 23350599047136 140722862157920 0 0 0 0 4096 8406082 0 0 0 -1 173 0 0 0 0 0 23350599161216 23350599182416 93825004457984 140722862160422 140722862160914 140722862160914 140722862174165 0
[pid=3207402/tid=3207404] ppid=3207399 vsize=301780 memory=3144 CPUtime=0 cores=0-2,4-9,13-16,18-25,43,45,52,60-61,63,94,112-114,116-121,125-128,130-137,155,157,164,172-173,175,206
/proc/3207402/task/3207404/stat : 3207404 (kat_xcsp_2ccb88) S 3207399 3207399 3207295 0 -1 1077936192 2 0 0 0 0 0 0 0 20 0 3 0 226942000 309022720 33485 117440512000 23350591250432 23350599047136 140722862157920 0 0 0 0 4096 8406082 0 0 0 -1 128 0 0 0 0 0 23350599161216 23350599182416 93825004457984 140722862160422 140722862160914 140722862160914 140722862174165 0
Current children cumulated CPU time: 3.06 s
Current children cumulated vsize: 306028 KiB
Current children cumulated memory: 137084 KiB

[startup+6.3004 s]
/proc/loadavg: 49.09 49.44 49.67 53/3545 3207404
/proc/meminfo: memFree=392350396/527542244 swapFree=32867240/33554428
[pid=3207399] ppid=3207398 vsize=4248 memory=3144 CPUtime=0 cores=0-2,4-9,13-16,18-25,43,45,52,60-61,63,94,112-114,116-121,125-128,130-137,155,157,164,172-173,175,206
/proc/3207399/stat : 3207399 (bash) S 3207398 3207399 3207295 0 -1 4194304 285 139 0 0 0 0 0 0 20 0 1 0 226941999 4349952 786 117440512000 94797563224064 94797564205981 140727091553072 0 0 0 65536 4 65538 0 0 0 17 175 0 0 0 0 0 94797564439280 94797564487524 94797590196224 140727091555201 140727091555377 140727091555377 140727091568618 0
/proc/3207399/statm: 1062 786 690 240 0 188 0
[pid=3207402] ppid=3207399 vsize=301780 memory=134520 CPUtime=6.24 cores=0-2,4-9,13-16,18-25,43,45,52,60-61,63,94,112-114,116-121,125-128,130-137,155,157,164,172-173,175,206
/proc/3207402/stat : 3207402 (kat_xcsp_2ccb88) S 3207399 3207399 3207295 0 -1 1077936128 68665 0 2 0 616 8 0 0 20 0 3 0 226942000 309022720 33630 117440512000 23350591250432 23350599047136 140722862157920 0 0 0 0 4096 8406082 0 0 0 17 175 0 0 0 0 0 23350599161216 23350599182416 93825004457984 140722862160422 140722862160914 140722862160914 140722862174165 0
/proc/3207402/statm: 75445 33630 749 1904 0 50883 0
[pid=3207402/tid=3207403] ppid=3207399 vsize=301780 memory=3144 CPUtime=6.24 cores=0-2,4-9,13-16,18-25,43,45,52,60-61,63,94,112-114,116-121,125-128,130-137,155,157,164,172-173,175,206
/proc/3207402/task/3207403/stat : 3207403 (kat_xcsp_2ccb88) R 3207399 3207399 3207295 0 -1 4194368 68384 0 0 0 616 8 0 0 20 0 3 0 226942000 309022720 33630 117440512000 23350591250432 23350599047136 140722862157920 0 0 0 0 4096 8406082 0 0 0 -1 173 0 0 0 0 0 23350599161216 23350599182416 93825004457984 140722862160422 140722862160914 140722862160914 140722862174165 0
[pid=3207402/tid=3207404] ppid=3207399 vsize=301780 memory=75436436237058309 CPUtime=0 cores=0-2,4-9,13-16,18-25,43,45,52,60-61,63,94,112-114,116-121,125-128,130-137,155,157,164,172-173,175,206
/proc/3207402/task/3207404/stat : 3207404 (kat_xcsp_2ccb88) S 3207399 3207399 3207295 0 -1 1077936192 2 0 0 0 0 0 0 0 20 0 3 0 226942000 309022720 33630 117440512000 23350591250432 23350599047136 140722862157920 0 0 0 0 4096 8406082 0 0 0 -1 128 0 0 0 0 0 23350599161216 23350599182416 93825004457984 140722862160422 140722862160914 140722862160914 140722862174165 0
Current children cumulated CPU time: 6.24 s
Current children cumulated vsize: 306028 KiB
Current children cumulated memory: 137664 KiB

[startup+12.7197 s]
/proc/loadavg: 49.32 49.48 49.68 47/3547 3207420
/proc/meminfo: memFree=392218952/527542244 swapFree=32867240/33554428
[pid=3207399] ppid=3207398 vsize=4248 memory=3144 CPUtime=0 cores=0-2,4-9,13-16,18-25,43,45,52,60-61,63,94,112-114,116-121,125-128,130-137,155,157,164,172-173,175,206
/proc/3207399/stat : 3207399 (bash) S 3207398 3207399 3207295 0 -1 4194304 285 139 0 0 0 0 0 0 20 0 1 0 226941999 4349952 786 117440512000 94797563224064 94797564205981 140727091553072 0 0 0 65536 4 65538 0 0 0 17 175 0 0 0 0 0 94797564439280 94797564487524 94797590196224 140727091555201 140727091555377 140727091555377 140727091568618 0
/proc/3207399/statm: 1062 786 690 240 0 188 0
[pid=3207402] ppid=3207399 vsize=290800 memory=145392 CPUtime=12.63 cores=0-2,4-9,13-16,18-25,43,45,52,60-61,63,94,112-114,116-121,125-128,130-137,155,157,164,172-173,175,206
/proc/3207402/stat : 3207402 (kat_xcsp_2ccb88) S 3207399 3207399 3207295 0 -1 1077936128 90970 0 2 0 1250 13 0 0 20 0 3 0 226942000 297779200 36348 117440512000 23350591250432 23350599047136 140722862157920 0 0 0 0 4096 8406082 0 0 0 17 175 0 0 0 0 0 23350599161216 23350599182416 93825004457984 140722862160422 140722862160914 140722862160914 140722862174165 0
/proc/3207402/statm: 72700 36348 816 1904 0 52742 0
[pid=3207402/tid=3207403] ppid=3207399 vsize=290800 memory=732 CPUtime=12.63 cores=0-2,4-9,13-16,18-25,43,45,52,60-61,63,94,112-114,116-121,125-128,130-137,155,157,164,172-173,175,206
/proc/3207402/task/3207403/stat : 3207403 (kat_xcsp_2ccb88) R 3207399 3207399 3207295 0 -1 4194368 90689 0 0 0 1250 13 0 0 20 0 3 0 226942000 297779200 36348 117440512000 23350591250432 23350599047136 140722862157920 0 0 0 0 4096 8406082 0 0 0 -1 173 0 0 0 0 0 23350599161216 23350599182416 93825004457984 140722862160422 140722862160914 140722862160914 140722862174165 0
[pid=3207402/tid=3207404] ppid=3207399 vsize=290800 memory=193820 CPUtime=0 cores=0-2,4-9,13-16,18-25,43,45,52,60-61,63,94,112-114,116-121,125-128,130-137,155,157,164,172-173,175,206
/proc/3207402/task/3207404/stat : 3207404 (kat_xcsp_2ccb88) S 3207399 3207399 3207295 0 -1 1077936192 2 0 0 0 0 0 0 0 20 0 3 0 226942000 297779200 36348 117440512000 23350591250432 23350599047136 140722862157920 0 0 0 0 4096 8406082 0 0 0 -1 128 0 0 0 0 0 23350599161216 23350599182416 93825004457984 140722862160422 140722862160914 140722862160914 140722862174165 0
Current children cumulated CPU time: 12.63 s
Current children cumulated vsize: 295048 KiB
Current children cumulated memory: 148536 KiB

[startup+25.5004 s]
/proc/loadavg: 48.95 49.39 49.65 53/3544 3207695
/proc/meminfo: memFree=391917960/527542244 swapFree=32867240/33554428
[pid=3207399] ppid=3207398 vsize=4248 memory=3144 CPUtime=0 cores=0-2,4-9,13-16,18-25,43,45,52,60-61,63,94,112-114,116-121,125-128,130-137,155,157,164,172-173,175,206
/proc/3207399/stat : 3207399 (bash) S 3207398 3207399 3207295 0 -1 4194304 285 139 0 0 0 0 0 0 20 0 1 0 226941999 4349952 786 117440512000 94797563224064 94797564205981 140727091553072 0 0 0 65536 4 65538 0 0 0 17 175 0 0 0 0 0 94797564439280 94797564487524 94797590196224 140727091555201 140727091555377 140727091555377 140727091568618 0
/proc/3207399/statm: 1062 786 690 240 0 188 0
[pid=3207402] ppid=3207399 vsize=290800 memory=147440 CPUtime=25.35 cores=0-2,4-9,13-16,18-25,43,45,52,60-61,63,94,112-114,116-121,125-128,130-137,155,157,164,172-173,175,206
/proc/3207402/stat : 3207402 (kat_xcsp_2ccb88) S 3207399 3207399 3207295 0 -1 1077936128 127275 0 2 0 2517 18 0 0 20 0 3 0 226942000 297779200 36860 117440512000 23350591250432 23350599047136 140722862157920 0 0 0 0 4096 8406082 0 0 0 17 175 0 0 0 0 0 23350599161216 23350599182416 93825004457984 140722862160422 140722862160914 140722862160914 140722862174165 0
/proc/3207402/statm: 72700 36860 822 1904 0 53174 0
[pid=3207402/tid=3207403] ppid=3207399 vsize=290800 memory=7748 CPUtime=25.35 cores=0-2,4-9,13-16,18-25,43,45,52,60-61,63,94,112-114,116-121,125-128,130-137,155,157,164,172-173,175,206
/proc/3207402/task/3207403/stat : 3207403 (kat_xcsp_2ccb88) R 3207399 3207399 3207295 0 -1 4194368 126994 0 0 0 2517 18 0 0 20 0 3 0 226942000 297779200 36860 117440512000 23350591250432 23350599047136 140722862157920 0 0 0 0 4096 8406082 0 0 0 -1 173 0 0 0 0 0 23350599161216 23350599182416 93825004457984 140722862160422 140722862160914 140722862160914 140722862174165 0
[pid=3207402/tid=3207404] ppid=3207399 vsize=290800 memory=0 CPUtime=0 cores=0-2,4-9,13-16,18-25,43,45,52,60-61,63,94,112-114,116-121,125-128,130-137,155,157,164,172-173,175,206
/proc/3207402/task/3207404/stat : 3207404 (kat_xcsp_2ccb88) S 3207399 3207399 3207295 0 -1 1077936192 2 0 0 0 0 0 0 0 20 0 3 0 226942000 297779200 36860 117440512000 23350591250432 23350599047136 140722862157920 0 0 0 0 4096 8406082 0 0 0 -1 128 0 0 0 0 0 23350599161216 23350599182416 93825004457984 140722862160422 140722862160914 140722862160914 140722862174165 0
Current children cumulated CPU time: 25.35 s
Current children cumulated vsize: 295048 KiB
Current children cumulated memory: 150584 KiB

[startup+51.2192 s]
/proc/loadavg: 49.11 49.39 49.64 46/3544 3207697
/proc/meminfo: memFree=391721788/527542244 swapFree=32867240/33554428
[pid=3207399] ppid=3207398 vsize=4248 memory=3144 CPUtime=0 cores=0-2,4-9,13-16,18-25,43,45,52,60-61,63,94,112-114,116-121,125-128,130-137,155,157,164,172-173,175,206
/proc/3207399/stat : 3207399 (bash) S 3207398 3207399 3207295 0 -1 4194304 285 139 0 0 0 0 0 0 20 0 1 0 226941999 4349952 786 117440512000 94797563224064 94797564205981 140727091553072 0 0 0 65536 4 65538 0 0 0 17 175 0 0 0 0 0 94797564439280 94797564487524 94797590196224 140727091555201 140727091555377 140727091555377 140727091568618 0
/proc/3207399/statm: 1062 786 690 240 0 188 0
[pid=3207402] ppid=3207399 vsize=330232 memory=171416 CPUtime=50.95 cores=0-2,4-9,13-16,18-25,43,45,52,60-61,63,94,112-114,116-121,125-128,130-137,155,157,164,172-173,175,206
/proc/3207402/stat : 3207402 (kat_xcsp_2ccb88) S 3207399 3207399 3207295 0 -1 1077936128 167950 0 2 0 5072 23 0 0 20 0 3 0 226942000 338157568 42854 117440512000 23350591250432 23350599047136 140722862157920 0 0 0 0 4096 8406082 0 0 0 17 175 0 0 0 0 0 23350599161216 23350599182416 93825004457984 140722862160422 140722862160914 140722862160914 140722862174165 0
/proc/3207402/statm: 82558 42854 822 1904 0 63032 0
[pid=3207402/tid=3207403] ppid=3207399 vsize=330232 memory=171416 CPUtime=50.94 cores=0-2,4-9,13-16,18-25,43,45,52,60-61,63,94,112-114,116-121,125-128,130-137,155,157,164,172-173,175,206
/proc/3207402/task/3207403/stat : 3207403 (kat_xcsp_2ccb88) R 3207399 3207399 3207295 0 -1 4194368 167669 0 0 0 5072 22 0 0 20 0 3 0 226942000 338157568 42854 117440512000 23350591250432 23350599047136 140722862157920 0 0 0 0 4096 8406082 0 0 0 -1 61 0 0 0 0 0 23350599161216 23350599182416 93825004457984 140722862160422 140722862160914 140722862160914 140722862174165 0
[pid=3207402/tid=3207404] ppid=3207399 vsize=330232 memory=193820 CPUtime=0 cores=0-2,4-9,13-16,18-25,43,45,52,60-61,63,94,112-114,116-121,125-128,130-137,155,157,164,172-173,175,206
/proc/3207402/task/3207404/stat : 3207404 (kat_xcsp_2ccb88) S 3207399 3207399 3207295 0 -1 1077936192 2 0 0 0 0 0 0 0 20 0 3 0 226942000 338157568 42854 117440512000 23350591250432 23350599047136 140722862157920 0 0 0 0 4096 8406082 0 0 0 -1 128 0 0 0 0 0 23350599161216 23350599182416 93825004457984 140722862160422 140722862160914 140722862160914 140722862174165 0
Current children cumulated CPU time: 50.95 s
Current children cumulated vsize: 334480 KiB
Current children cumulated memory: 174560 KiB

[startup+102.3 s]
/proc/loadavg: 49.09 49.37 49.62 53/3547 3208269
/proc/meminfo: memFree=391410484/527542244 swapFree=32867240/33554428
[pid=3207399] ppid=3207398 vsize=4248 memory=3144 CPUtime=0 cores=0-2,4-9,13-16,18-25,43,45,52,60-61,63,94,112-114,116-121,125-128,130-137,155,157,164,172-173,175,206
/proc/3207399/stat : 3207399 (bash) S 3207398 3207399 3207295 0 -1 4194304 285 139 0 0 0 0 0 0 20 0 1 0 226941999 4349952 786 117440512000 94797563224064 94797564205981 140727091553072 0 0 0 65536 4 65538 0 0 0 17 175 0 0 0 0 0 94797564439280 94797564487524 94797590196224 140727091555201 140727091555377 140727091555377 140727091568618 0
/proc/3207399/statm: 1062 786 690 240 0 188 0
[pid=3207402] ppid=3207399 vsize=335972 memory=173060 CPUtime=101.78 cores=0-2,4-9,13-16,18-25,43,45,52,60-61,63,94,112-114,116-121,125-128,130-137,155,157,164,172-173,175,206
/proc/3207402/stat : 3207402 (kat_xcsp_2ccb88) S 3207399 3207399 3207295 0 -1 1077936128 204940 0 2 0 10150 28 0 0 20 0 3 0 226942000 344035328 43265 117440512000 23350591250432 23350599047136 140722862157920 0 0 0 0 4096 8406082 0 0 0 17 175 0 0 0 0 0 23350599161216 23350599182416 93825004457984 140722862160422 140722862160914 140722862160914 140722862174165 0
/proc/3207402/statm: 83993 43265 822 1904 0 64467 0
[pid=3207402/tid=3207403] ppid=3207399 vsize=335972 memory=0 CPUtime=101.77 cores=0-2,4-9,13-16,18-25,43,45,52,60-61,63,94,112-114,116-121,125-128,130-137,155,157,164,172-173,175,206
/proc/3207402/task/3207403/stat : 3207403 (kat_xcsp_2ccb88) R 3207399 3207399 3207295 0 -1 4194368 204659 0 0 0 10150 27 0 0 20 0 3 0 226942000 344035328 43265 117440512000 23350591250432 23350599047136 140722862157920 0 0 0 0 4096 8406082 0 0 0 -1 61 0 0 0 0 0 23350599161216 23350599182416 93825004457984 140722862160422 140722862160914 140722862160914 140722862174165 0
[pid=3207402/tid=3207404] ppid=3207399 vsize=335972 memory=4132774494331964790 CPUtime=0 cores=0-2,4-9,13-16,18-25,43,45,52,60-61,63,94,112-114,116-121,125-128,130-137,155,157,164,172-173,175,206
/proc/3207402/task/3207404/stat : 3207404 (kat_xcsp_2ccb88) S 3207399 3207399 3207295 0 -1 1077936192 2 0 0 0 0 0 0 0 20 0 3 0 226942000 344035328 43265 117440512000 23350591250432 23350599047136 140722862157920 0 0 0 0 4096 8406082 0 0 0 -1 128 0 0 0 0 0 23350599161216 23350599182416 93825004457984 140722862160422 140722862160914 140722862160914 140722862174165 0
Current children cumulated CPU time: 101.78 s
Current children cumulated vsize: 340220 KiB
Current children cumulated memory: 176204 KiB

[startup+162.319 s]
/proc/loadavg: 48.99 49.35 49.60 53/3546 3208553
/proc/meminfo: memFree=390971924/527542244 swapFree=32867240/33554428
[pid=3207399] ppid=3207398 vsize=4248 memory=3144 CPUtime=0 cores=0-2,4-9,13-16,18-25,43,45,52,60-61,63,94,112-114,116-121,125-128,130-137,155,157,164,172-173,175,206
/proc/3207399/stat : 3207399 (bash) S 3207398 3207399 3207295 0 -1 4194304 285 139 0 0 0 0 0 0 20 0 1 0 226941999 4349952 786 117440512000 94797563224064 94797564205981 140727091553072 0 0 0 65536 4 65538 0 0 0 17 175 0 0 0 0 0 94797564439280 94797564487524 94797590196224 140727091555201 140727091555377 140727091555377 140727091568618 0
/proc/3207399/statm: 1062 786 690 240 0 188 0
[pid=3207402] ppid=3207399 vsize=467784 memory=279264 CPUtime=161.5 cores=0-2,4-9,13-16,18-25,43,45,52,60-61,63,94,112-114,116-121,125-128,130-137,155,157,164,172-173,175,206
/proc/3207402/stat : 3207402 (kat_xcsp_2ccb88) S 3207399 3207399 3207295 0 -1 1077936128 248782 0 2 0 16111 39 0 0 20 0 3 0 226942000 479010816 69816 117440512000 23350591250432 23350599047136 140722862157920 0 0 0 0 4096 8406082 0 0 0 17 175 0 0 0 0 0 23350599161216 23350599182416 93825004457984 140722862160422 140722862160914 140722862160914 140722862174165 0
/proc/3207402/statm: 116946 69816 822 1904 0 92210 0
[pid=3207402/tid=3207403] ppid=3207399 vsize=467784 memory=6016 CPUtime=161.49 cores=0-2,4-9,13-16,18-25,43,45,52,60-61,63,94,112-114,116-121,125-128,130-137,155,157,164,172-173,175,206
/proc/3207402/task/3207403/stat : 3207403 (kat_xcsp_2ccb88) R 3207399 3207399 3207295 0 -1 4194368 248501 0 0 0 16111 38 0 0 20 0 3 0 226942000 479010816 69816 117440512000 23350591250432 23350599047136 140722862157920 0 0 0 0 4096 8406082 0 0 0 -1 61 0 0 0 0 0 23350599161216 23350599182416 93825004457984 140722862160422 140722862160914 140722862160914 140722862174165 0
[pid=3207402/tid=3207404] ppid=3207399 vsize=467784 memory=7748 CPUtime=0 cores=0-2,4-9,13-16,18-25,43,45,52,60-61,63,94,112-114,116-121,125-128,130-137,155,157,164,172-173,175,206
/proc/3207402/task/3207404/stat : 3207404 (kat_xcsp_2ccb88) S 3207399 3207399 3207295 0 -1 1077936192 2 0 0 0 0 0 0 0 20 0 3 0 226942000 479010816 69816 117440512000 23350591250432 23350599047136 140722862157920 0 0 0 0 4096 8406082 0 0 0 -1 128 0 0 0 0 0 23350599161216 23350599182416 93825004457984 140722862160422 140722862160914 140722862160914 140722862174165 0
Current children cumulated CPU time: 161.5 s
Current children cumulated vsize: 472032 KiB
Current children cumulated memory: 282408 KiB

[startup+222.3 s]
/proc/loadavg: 49.72 49.52 49.65 46/3545 3209128
/proc/meminfo: memFree=390596740/527542244 swapFree=32867240/33554428
[pid=3207399] ppid=3207398 vsize=4248 memory=3144 CPUtime=0 cores=0-2,4-9,13-16,18-25,43,45,52,60-61,63,94,112-114,116-121,125-128,130-137,155,157,164,172-173,175,206
/proc/3207399/stat : 3207399 (bash) S 3207398 3207399 3207295 0 -1 4194304 285 139 0 0 0 0 0 0 20 0 1 0 226941999 4349952 786 117440512000 94797563224064 94797564205981 140727091553072 0 0 0 65536 4 65538 0 0 0 17 175 0 0 0 0 0 94797564439280 94797564487524 94797590196224 140727091555201 140727091555377 140727091555377 140727091568618 0
/proc/3207399/statm: 1062 786 690 240 0 188 0
[pid=3207402] ppid=3207399 vsize=470720 memory=309044 CPUtime=221.19 cores=0-2,4-9,13-16,18-25,43,45,52,60-61,63,94,112-114,116-121,125-128,130-137,155,157,164,172-173,175,206
/proc/3207402/stat : 3207402 (kat_xcsp_2ccb88) S 3207399 3207399 3207295 0 -1 1077936128 278551 0 2 0 22072 47 0 0 20 0 3 0 226942000 482017280 77261 117440512000 23350591250432 23350599047136 140722862157920 0 0 0 0 4096 8406082 0 0 0 17 175 0 0 0 0 0 23350599161216 23350599182416 93825004457984 140722862160422 140722862160914 140722862160914 140722862174165 0
/proc/3207402/statm: 117680 77261 822 1904 0 98640 0
[pid=3207402/tid=3207403] ppid=3207399 vsize=470720 memory=7748 CPUtime=221.18 cores=0-2,4-9,13-16,18-25,43,45,52,60-61,63,94,112-114,116-121,125-128,130-137,155,157,164,172-173,175,206
/proc/3207402/task/3207403/stat : 3207403 (kat_xcsp_2ccb88) R 3207399 3207399 3207295 0 -1 4194368 278270 0 0 0 22072 46 0 0 20 0 3 0 226942000 482017280 77261 117440512000 23350591250432 23350599047136 140722862157920 0 0 0 0 4096 8406082 0 0 0 -1 61 0 0 0 0 0 23350599161216 23350599182416 93825004457984 140722862160422 140722862160914 140722862160914 140722862174165 0
[pid=3207402/tid=3207404] ppid=3207399 vsize=470720 memory=3144 CPUtime=0 cores=0-2,4-9,13-16,18-25,43,45,52,60-61,63,94,112-114,116-121,125-128,130-137,155,157,164,172-173,175,206
/proc/3207402/task/3207404/stat : 3207404 (kat_xcsp_2ccb88) S 3207399 3207399 3207295 0 -1 1077936192 2 0 0 0 0 0 0 0 20 0 3 0 226942000 482017280 77261 117440512000 23350591250432 23350599047136 140722862157920 0 0 0 0 4096 8406082 0 0 0 -1 128 0 0 0 0 0 23350599161216 23350599182416 93825004457984 140722862160422 140722862160914 140722862160914 140722862174165 0
Current children cumulated CPU time: 221.19 s
Current children cumulated vsize: 474968 KiB
Current children cumulated memory: 312188 KiB

[startup+282.3 s]
/proc/loadavg: 49.61 49.50 49.63 53/3542 3209130
/proc/meminfo: memFree=390270228/527542244 swapFree=32867240/33554428
[pid=3207399] ppid=3207398 vsize=4248 memory=3144 CPUtime=0 cores=0-2,4-9,13-16,18-25,43,45,52,60-61,63,94,112-114,116-121,125-128,130-137,155,157,164,172-173,175,206
/proc/3207399/stat : 3207399 (bash) S 3207398 3207399 3207295 0 -1 4194304 285 139 0 0 0 0 0 0 20 0 1 0 226941999 4349952 786 117440512000 94797563224064 94797564205981 140727091553072 0 0 0 65536 4 65538 0 0 0 17 175 0 0 0 0 0 94797564439280 94797564487524 94797590196224 140727091555201 140727091555377 140727091555377 140727091568618 0
/proc/3207399/statm: 1062 786 690 240 0 188 0
[pid=3207402] ppid=3207399 vsize=434604 memory=292776 CPUtime=280.89 cores=0-2,4-9,13-16,18-25,43,45,52,60-61,63,94,112-114,116-121,125-128,130-137,155,157,164,172-173,175,206
/proc/3207402/stat : 3207402 (kat_xcsp_2ccb88) S 3207399 3207399 3207295 0 -1 1077936128 299125 0 2 0 28039 50 0 0 20 0 3 0 226942000 445034496 73194 117440512000 23350591250432 23350599047136 140722862157920 0 0 0 0 4096 8406082 0 0 0 17 175 0 0 0 0 0 23350599161216 23350599182416 93825004457984 140722862160422 140722862160914 140722862160914 140722862174165 0
/proc/3207402/statm: 108651 73194 822 1904 0 89611 0
[pid=3207402/tid=3207403] ppid=3207399 vsize=434604 memory=6840 CPUtime=280.89 cores=0-2,4-9,13-16,18-25,43,45,52,60-61,63,94,112-114,116-121,125-128,130-137,155,157,164,172-173,175,206
/proc/3207402/task/3207403/stat : 3207403 (kat_xcsp_2ccb88) R 3207399 3207399 3207295 0 -1 4194368 298844 0 0 0 28039 50 0 0 20 0 3 0 226942000 445034496 73194 117440512000 23350591250432 23350599047136 140722862157920 0 0 0 0 4096 8406082 0 0 0 -1 173 0 0 0 0 0 23350599161216 23350599182416 93825004457984 140722862160422 140722862160914 140722862160914 140722862174165 0
[pid=3207402/tid=3207404] ppid=3207399 vsize=434604 memory=3388 CPUtime=0 cores=0-2,4-9,13-16,18-25,43,45,52,60-61,63,94,112-114,116-121,125-128,130-137,155,157,164,172-173,175,206
/proc/3207402/task/3207404/stat : 3207404 (kat_xcsp_2ccb88) S 3207399 3207399 3207295 0 -1 1077936192 2 0 0 0 0 0 0 0 20 0 3 0 226942000 445034496 73194 117440512000 23350591250432 23350599047136 140722862157920 0 0 0 0 4096 8406082 0 0 0 -1 128 0 0 0 0 0 23350599161216 23350599182416 93825004457984 140722862160422 140722862160914 140722862160914 140722862174165 0
Current children cumulated CPU time: 280.89 s
Current children cumulated vsize: 438852 KiB
Current children cumulated memory: 295920 KiB

[startup+342.3 s]
/proc/loadavg: 49.31 49.40 49.59 46/3571 3209385
/proc/meminfo: memFree=390033232/527542244 swapFree=32867240/33554428
[pid=3207399] ppid=3207398 vsize=4248 memory=3144 CPUtime=0 cores=0-2,4-9,13-16,18-25,43,45,52,60-61,63,94,112-114,116-121,125-128,130-137,155,157,164,172-173,175,206
/proc/3207399/stat : 3207399 (bash) S 3207398 3207399 3207295 0 -1 4194304 285 139 0 0 0 0 0 0 20 0 1 0 226941999 4349952 786 117440512000 94797563224064 94797564205981 140727091553072 0 0 0 65536 4 65538 0 0 0 17 175 0 0 0 0 0 94797564439280 94797564487524 94797590196224 140727091555201 140727091555377 140727091555377 140727091568618 0
/proc/3207399/statm: 1062 786 690 240 0 188 0
[pid=3207402] ppid=3207399 vsize=465964 memory=301992 CPUtime=340.57 cores=0-2,4-9,13-16,18-25,43,45,52,60-61,63,94,112-114,116-121,125-128,130-137,155,157,164,172-173,175,206
/proc/3207402/stat : 3207402 (kat_xcsp_2ccb88) S 3207399 3207399 3207295 0 -1 1077936128 336598 0 99 0 33997 60 0 0 20 0 3 0 226942000 477147136 75498 117440512000 23350591250432 23350599047136 140722862157920 0 0 0 0 4096 8406082 0 0 0 17 175 0 0 0 0 0 23350599161216 23350599182416 93825004457984 140722862160422 140722862160914 140722862160914 140722862174165 0
/proc/3207402/statm: 116491 75498 46 1904 0 97451 0
[pid=3207402/tid=3207403] ppid=3207399 vsize=465964 memory=3144 CPUtime=340.57 cores=0-2,4-9,13-16,18-25,43,45,52,60-61,63,94,112-114,116-121,125-128,130-137,155,157,164,172-173,175,206
/proc/3207402/task/3207403/stat : 3207403 (kat_xcsp_2ccb88) R 3207399 3207399 3207295 0 -1 4194368 336317 0 97 0 33997 60 0 0 20 0 3 0 226942000 477147136 75498 117440512000 23350591250432 23350599047136 140722862157920 0 0 0 0 4096 8406082 0 0 0 -1 173 0 0 0 0 0 23350599161216 23350599182416 93825004457984 140722862160422 140722862160914 140722862160914 140722862174165 0
[pid=3207402/tid=3207404] ppid=3207399 vsize=465964 memory=152 CPUtime=0 cores=0-2,4-9,13-16,18-25,43,45,52,60-61,63,94,112-114,116-121,125-128,130-137,155,157,164,172-173,175,206
/proc/3207402/task/3207404/stat : 3207404 (kat_xcsp_2ccb88) S 3207399 3207399 3207295 0 -1 1077936192 2 0 0 0 0 0 0 0 20 0 3 0 226942000 477147136 75498 117440512000 23350591250432 23350599047136 140722862157920 0 0 0 0 4096 8406082 0 0 0 -1 128 0 0 0 0 0 23350599161216 23350599182416 93825004457984 140722862160422 140722862160914 140722862160914 140722862174165 0
Current children cumulated CPU time: 340.57 s
Current children cumulated vsize: 470212 KiB
Current children cumulated memory: 305136 KiB

[startup+402.3 s]
/proc/loadavg: 48.83 49.26 49.53 46/3570 3209396
/proc/meminfo: memFree=389912088/527542244 swapFree=32867240/33554428
[pid=3207399] ppid=3207398 vsize=4248 memory=3144 CPUtime=0 cores=0-2,4-9,13-16,18-25,43,45,52,60-61,63,94,112-114,116-121,125-128,130-137,155,157,164,172-173,175,206
/proc/3207399/stat : 3207399 (bash) S 3207398 3207399 3207295 0 -1 4194304 285 139 0 0 0 0 0 0 20 0 1 0 226941999 4349952 786 117440512000 94797563224064 94797564205981 140727091553072 0 0 0 65536 4 65538 0 0 0 17 175 0 0 0 0 0 94797564439280 94797564487524 94797590196224 140727091555201 140727091555377 140727091555377 140727091568618 0
/proc/3207399/statm: 1062 786 690 240 0 188 0
[pid=3207402] ppid=3207399 vsize=477452 memory=313548 CPUtime=400.27 cores=0-2,4-9,13-16,18-25,43,45,52,60-61,63,94,112-114,116-121,125-128,130-137,155,157,164,172-173,175,206
/proc/3207402/stat : 3207402 (kat_xcsp_2ccb88) S 3207399 3207399 3207295 0 -1 1077936128 361110 0 118 0 39962 65 0 0 20 0 3 0 226942000 488910848 78387 117440512000 23350591250432 23350599047136 140722862157920 0 0 0 0 4096 8406082 0 0 0 17 175 0 0 0 0 0 23350599161216 23350599182416 93825004457984 140722862160422 140722862160914 140722862160914 140722862174165 0
/proc/3207402/statm: 119363 78387 63 1904 0 100323 0
[pid=3207402/tid=3207403] ppid=3207399 vsize=477452 memory=3144 CPUtime=400.27 cores=0-2,4-9,13-16,18-25,43,45,52,60-61,63,94,112-114,116-121,125-128,130-137,155,157,164,172-173,175,206
/proc/3207402/task/3207403/stat : 3207403 (kat_xcsp_2ccb88) R 3207399 3207399 3207295 0 -1 4194368 360829 0 116 0 39962 65 0 0 20 0 3 0 226942000 488910848 78387 117440512000 23350591250432 23350599047136 140722862157920 0 0 0 0 4096 8406082 0 0 0 -1 173 0 0 0 0 0 23350599161216 23350599182416 93825004457984 140722862160422 140722862160914 140722862160914 140722862174165 0
[pid=3207402/tid=3207404] ppid=3207399 vsize=477452 memory=311924 CPUtime=0 cores=0-2,4-9,13-16,18-25,43,45,52,60-61,63,94,112-114,116-121,125-128,130-137,155,157,164,172-173,175,206
/proc/3207402/task/3207404/stat : 3207404 (kat_xcsp_2ccb88) S 3207399 3207399 3207295 0 -1 1077936192 2 0 0 0 0 0 0 0 20 0 3 0 226942000 488910848 78387 117440512000 23350591250432 23350599047136 140722862157920 0 0 0 0 4096 8406082 0 0 0 -1 128 0 0 0 0 0 23350599161216 23350599182416 93825004457984 140722862160422 140722862160914 140722862160914 140722862174165 0
Current children cumulated CPU time: 400.27 s
Current children cumulated vsize: 481700 KiB
Current children cumulated memory: 316692 KiB

[startup+462.3 s]
/proc/loadavg: 48.99 49.26 49.51 53/3566 3209403
/proc/meminfo: memFree=389689192/527542244 swapFree=32867240/33554428
[pid=3207399] ppid=3207398 vsize=4248 memory=3144 CPUtime=0 cores=0-2,4-9,13-16,18-25,43,45,52,60-61,63,94,112-114,116-121,125-128,130-137,155,157,164,172-173,175,206
/proc/3207399/stat : 3207399 (bash) S 3207398 3207399 3207295 0 -1 4194304 285 139 0 0 0 0 0 0 20 0 1 0 226941999 4349952 786 117440512000 94797563224064 94797564205981 140727091553072 0 0 0 65536 4 65538 0 0 0 17 175 0 0 0 0 0 94797564439280 94797564487524 94797590196224 140727091555201 140727091555377 140727091555377 140727091568618 0
/proc/3207399/statm: 1062 786 690 240 0 188 0
[pid=3207402] ppid=3207399 vsize=530712 memory=351528 CPUtime=459.98 cores=0-2,4-9,13-16,18-25,43,45,52,60-61,63,94,112-114,116-121,125-128,130-137,155,157,164,172-173,175,206
/proc/3207402/stat : 3207402 (kat_xcsp_2ccb88) S 3207399 3207399 3207295 0 -1 1077936128 412158 0 131 0 45917 81 0 0 20 0 3 0 226942000 543449088 87882 117440512000 23350591250432 23350599047136 140722862157920 0 0 0 0 4096 8406082 0 0 0 17 175 0 0 0 0 0 23350599161216 23350599182416 93825004457984 140722862160422 140722862160914 140722862160914 140722862174165 0
/proc/3207402/statm: 132678 87882 25 1904 0 113638 0
[pid=3207402/tid=3207403] ppid=3207399 vsize=530712 memory=3144 CPUtime=459.97 cores=0-2,4-9,13-16,18-25,43,45,52,60-61,63,94,112-114,116-121,125-128,130-137,155,157,164,172-173,175,206
/proc/3207402/task/3207403/stat : 3207403 (kat_xcsp_2ccb88) R 3207399 3207399 3207295 0 -1 4194368 411877 0 129 0 45917 80 0 0 20 0 3 0 226942000 543449088 87882 117440512000 23350591250432 23350599047136 140722862157920 0 0 0 0 4096 8406082 0 0 0 -1 61 0 0 0 0 0 23350599161216 23350599182416 93825004457984 140722862160422 140722862160914 140722862160914 140722862174165 0
[pid=3207402/tid=3207404] ppid=3207399 vsize=530712 memory=3144 CPUtime=0 cores=0-2,4-9,13-16,18-25,43,45,52,60-61,63,94,112-114,116-121,125-128,130-137,155,157,164,172-173,175,206
/proc/3207402/task/3207404/stat : 3207404 (kat_xcsp_2ccb88) S 3207399 3207399 3207295 0 -1 1077936192 2 0 0 0 0 0 0 0 20 0 3 0 226942000 543449088 87882 117440512000 23350591250432 23350599047136 140722862157920 0 0 0 0 4096 8406082 0 0 0 -1 128 0 0 0 0 0 23350599161216 23350599182416 93825004457984 140722862160422 140722862160914 140722862160914 140722862174165 0
Current children cumulated CPU time: 459.98 s
Current children cumulated vsize: 534960 KiB
Current children cumulated memory: 354672 KiB

[startup+522.3 s]
/proc/loadavg: 48.88 49.16 49.46 46/3567 3209407
/proc/meminfo: memFree=389351536/527542244 swapFree=32867240/33554428
[pid=3207399] ppid=3207398 vsize=4248 memory=3144 CPUtime=0 cores=0-2,4-9,13-16,18-25,43,45,52,60-61,63,94,112-114,116-121,125-128,130-137,155,157,164,172-173,175,206
/proc/3207399/stat : 3207399 (bash) S 3207398 3207399 3207295 0 -1 4194304 285 139 0 0 0 0 0 0 20 0 1 0 226941999 4349952 786 117440512000 94797563224064 94797564205981 140727091553072 0 0 0 65536 4 65538 0 0 0 17 175 0 0 0 0 0 94797564439280 94797564487524 94797590196224 140727091555201 140727091555377 140727091555377 140727091568618 0
/proc/3207399/statm: 1062 786 690 240 0 188 0
[pid=3207402] ppid=3207399 vsize=541612 memory=363584 CPUtime=519.68 cores=0-2,4-9,13-16,18-25,43,45,52,60-61,63,94,112-114,116-121,125-128,130-137,155,157,164,172-173,175,206
/proc/3207402/stat : 3207402 (kat_xcsp_2ccb88) S 3207399 3207399 3207295 0 -1 1077936128 474321 0 131 0 51876 92 0 0 20 0 3 0 226942000 554610688 90896 117440512000 23350591250432 23350599047136 140722862157920 0 0 0 0 4096 8406082 0 0 0 17 175 0 0 0 0 0 23350599161216 23350599182416 93825004457984 140722862160422 140722862160914 140722862160914 140722862174165 0
/proc/3207402/statm: 135403 90896 72 1904 0 116363 0
[pid=3207402/tid=3207403] ppid=3207399 vsize=541612 memory=363584 CPUtime=519.68 cores=0-2,4-9,13-16,18-25,43,45,52,60-61,63,94,112-114,116-121,125-128,130-137,155,157,164,172-173,175,206
/proc/3207402/task/3207403/stat : 3207403 (kat_xcsp_2ccb88) R 3207399 3207399 3207295 0 -1 4194368 474040 0 129 0 51876 92 0 0 20 0 3 0 226942000 554610688 90896 117440512000 23350591250432 23350599047136 140722862157920 0 0 0 0 4096 8406082 0 0 0 -1 61 0 0 0 0 0 23350599161216 23350599182416 93825004457984 140722862160422 140722862160914 140722862160914 140722862174165 0
[pid=3207402/tid=3207404] ppid=3207399 vsize=541612 memory=363584 CPUtime=0 cores=0-2,4-9,13-16,18-25,43,45,52,60-61,63,94,112-114,116-121,125-128,130-137,155,157,164,172-173,175,206
/proc/3207402/task/3207404/stat : 3207404 (kat_xcsp_2ccb88) S 3207399 3207399 3207295 0 -1 1077936192 2 0 0 0 0 0 0 0 20 0 3 0 226942000 554610688 90896 117440512000 23350591250432 23350599047136 140722862157920 0 0 0 0 4096 8406082 0 0 0 -1 128 0 0 0 0 0 23350599161216 23350599182416 93825004457984 140722862160422 140722862160914 140722862160914 140722862174165 0
Current children cumulated CPU time: 519.68 s
Current children cumulated vsize: 545860 KiB
Current children cumulated memory: 366728 KiB

[startup+582.3 s]*
/proc/loadavg: 48.58 49.06 49.41 53/3567 3209415
/proc/meminfo: memFree=389078416/527542244 swapFree=32867240/33554428
[pid=3207399] ppid=3207398 vsize=4248 memory=3144 CPUtime=0 cores=0-2,4-9,13-16,18-25,43,45,52,60-61,63,94,112-114,116-121,125-128,130-137,155,157,164,172-173,175,206
/proc/3207399/stat : 3207399 (bash) S 3207398 3207399 3207295 0 -1 4194304 285 139 0 0 0 0 0 0 20 0 1 0 226941999 4349952 786 117440512000 94797563224064 94797564205981 140727091553072 0 0 0 65536 4 65538 0 0 0 17 175 0 0 0 0 0 94797564439280 94797564487524 94797590196224 140727091555201 140727091555377 140727091555377 140727091568618 0
/proc/3207399/statm: 1062 786 690 240 0 188 0
[pid=3207402] ppid=3207399 vsize=554160 memory=376132 CPUtime=579.51 cores=0-2,4-9,13-16,18-25,43,45,52,60-61,63,94,112-114,116-121,125-128,130-137,155,157,164,172-173,175,206
/proc/3207402/stat : 3207402 (kat_xcsp_2ccb88) S 3207399 3207399 3207295 0 -1 1077936128 488358 0 131 0 57855 96 0 0 20 0 3 0 226942000 567459840 94033 117440512000 23350591250432 23350599047136 140722862157920 0 0 0 0 4096 8406082 0 0 0 17 175 0 0 0 0 0 23350599161216 23350599182416 93825004457984 140722862160422 140722862160914 140722862160914 140722862174165 0
/proc/3207402/statm: 138540 94033 72 1904 0 119500 0
[pid=3207402/tid=3207403] ppid=3207399 vsize=554160 memory=3994525092637062481 CPUtime=579.5 cores=0-2,4-9,13-16,18-25,43,45,52,60-61,63,94,112-114,116-121,125-128,130-137,155,157,164,172-173,175,206
/proc/3207402/task/3207403/stat : 3207403 (kat_xcsp_2ccb88) R 3207399 3207399 3207295 0 -1 4194368 488080 0 129 0 57855 95 0 0 20 0 3 0 226942000 567459840 94033 117440512000 23350591250432 23350599047136 140722862157920 0 0 0 0 4096 8406082 0 0 0 -1 173 0 0 0 0 0 23350599161216 23350599182416 93825004457984 140722862160422 140722862160914 140722862160914 140722862174165 0
[pid=3207402/tid=3207404] ppid=3207399 vsize=554160 memory=3977585779370374488 CPUtime=0 cores=0-2,4-9,13-16,18-25,43,45,52,60-61,63,94,112-114,116-121,125-128,130-137,155,157,164,172-173,175,206
/proc/3207402/task/3207404/stat : 3207404 (kat_xcsp_2ccb88) S 3207399 3207399 3207295 0 -1 1077936192 2 0 0 0 0 0 0 0 20 0 3 0 226942000 567459840 94033 117440512000 23350591250432 23350599047136 140722862157920 0 0 0 0 4096 8406082 0 0 0 -1 128 0 0 0 0 0 23350599161216 23350599182416 93825004457984 140722862160422 140722862160914 140722862160914 140722862174165 0
Current children cumulated CPU time: 579.51 s
Current children cumulated vsize: 558408 KiB
Current children cumulated memory: 379276 KiB

[startup+642.301 s]
/proc/loadavg: 49.27 49.18 49.43 46/3567 3209419
/proc/meminfo: memFree=388808628/527542244 swapFree=32867240/33554428
[pid=3207399] ppid=3207398 vsize=4248 memory=3144 CPUtime=0 cores=0-2,4-9,13-16,18-25,43,45,52,60-61,63,94,112-114,116-121,125-128,130-137,155,157,164,172-173,175,206
/proc/3207399/stat : 3207399 (bash) S 3207398 3207399 3207295 0 -1 4194304 285 139 0 0 0 0 0 0 20 0 1 0 226941999 4349952 786 117440512000 94797563224064 94797564205981 140727091553072 0 0 0 65536 4 65538 0 0 0 17 175 0 0 0 0 0 94797564439280 94797564487524 94797590196224 140727091555201 140727091555377 140727091555377 140727091568618 0
/proc/3207399/statm: 1062 786 690 240 0 188 0
[pid=3207402] ppid=3207399 vsize=570688 memory=392668 CPUtime=639.1 cores=0-2,4-9,13-16,18-25,43,45,52,60-61,63,94,112-114,116-121,125-128,130-137,155,157,164,172-173,175,206
/proc/3207402/stat : 3207402 (kat_xcsp_2ccb88) S 3207399 3207399 3207295 0 -1 1077936128 511959 0 131 0 63809 101 0 0 20 0 3 0 226942000 584384512 98167 117440512000 23350591250432 23350599047136 140722862157920 0 0 0 0 4096 8406082 0 0 0 17 175 0 0 0 0 0 23350599161216 23350599182416 93825004457984 140722862160422 140722862160914 140722862160914 140722862174165 0
/proc/3207402/statm: 142672 98167 74 1904 0 123632 0
[pid=3207402/tid=3207403] ppid=3207399 vsize=570688 memory=3144 CPUtime=639.09 cores=0-2,4-9,13-16,18-25,43,45,52,60-61,63,94,112-114,116-121,125-128,130-137,155,157,164,172-173,175,206
/proc/3207402/task/3207403/stat : 3207403 (kat_xcsp_2ccb88) R 3207399 3207399 3207295 0 -1 4194368 511678 0 129 0 63809 100 0 0 20 0 3 0 226942000 584384512 98167 117440512000 23350591250432 23350599047136 140722862157920 0 0 0 0 4096 8406082 0 0 0 -1 173 0 0 0 0 0 23350599161216 23350599182416 93825004457984 140722862160422 140722862160914 140722862160914 140722862174165 0
[pid=3207402/tid=3207404] ppid=3207399 vsize=570688 memory=3144 CPUtime=0 cores=0-2,4-9,13-16,18-25,43,45,52,60-61,63,94,112-114,116-121,125-128,130-137,155,157,164,172-173,175,206
/proc/3207402/task/3207404/stat : 3207404 (kat_xcsp_2ccb88) S 3207399 3207399 3207295 0 -1 1077936192 2 0 0 0 0 0 0 0 20 0 3 0 226942000 584384512 98167 117440512000 23350591250432 23350599047136 140722862157920 0 0 0 0 4096 8406082 0 0 0 -1 128 0 0 0 0 0 23350599161216 23350599182416 93825004457984 140722862160422 140722862160914 140722862160914 140722862174165 0
Current children cumulated CPU time: 639.1 s
Current children cumulated vsize: 574936 KiB
Current children cumulated memory: 395812 KiB

[startup+702.42 s]
/proc/loadavg: 49.88 49.33 49.46 46/3565 3209430
/proc/meminfo: memFree=388501904/527542244 swapFree=32867240/33554428
[pid=3207399] ppid=3207398 vsize=4248 memory=3144 CPUtime=0 cores=0-2,4-9,13-16,18-25,43,45,52,60-61,63,94,112-114,116-121,125-128,130-137,155,157,164,172-173,175,206
/proc/3207399/stat : 3207399 (bash) S 3207398 3207399 3207295 0 -1 4194304 285 139 0 0 0 0 0 0 20 0 1 0 226941999 4349952 786 117440512000 94797563224064 94797564205981 140727091553072 0 0 0 65536 4 65538 0 0 0 17 175 0 0 0 0 0 94797564439280 94797564487524 94797590196224 140727091555201 140727091555377 140727091555377 140727091568618 0
/proc/3207399/statm: 1062 786 690 240 0 188 0
[pid=3207402] ppid=3207399 vsize=576372 memory=405652 CPUtime=698.92 cores=0-2,4-9,13-16,18-25,43,45,52,60-61,63,94,112-114,116-121,125-128,130-137,155,157,164,172-173,175,206
/proc/3207402/stat : 3207402 (kat_xcsp_2ccb88) S 3207399 3207399 3207295 0 -1 1077936128 577659 0 133 0 69779 113 0 0 20 0 3 0 226942000 590204928 101413 117440512000 23350591250432 23350599047136 140722862157920 0 0 0 0 4096 8406082 0 0 0 17 175 0 0 0 0 0 23350599161216 23350599182416 93825004457984 140722862160422 140722862160914 140722862160914 140722862174165 0
/proc/3207402/statm: 144093 101413 76 1904 0 125133 0
[pid=3207402/tid=3207403] ppid=3207399 vsize=576372 memory=3144 CPUtime=698.92 cores=0-2,4-9,13-16,18-25,43,45,52,60-61,63,94,112-114,116-121,125-128,130-137,155,157,164,172-173,175,206
/proc/3207402/task/3207403/stat : 3207403 (kat_xcsp_2ccb88) R 3207399 3207399 3207295 0 -1 4194368 577378 0 131 0 69779 113 0 0 20 0 3 0 226942000 590204928 101413 117440512000 23350591250432 23350599047136 140722862157920 0 0 0 0 4096 8406082 0 0 0 -1 173 0 0 0 0 0 23350599161216 23350599182416 93825004457984 140722862160422 140722862160914 140722862160914 140722862174165 0
[pid=3207402/tid=3207404] ppid=3207399 vsize=576372 memory=7293982686077682451 CPUtime=0 cores=0-2,4-9,13-16,18-25,43,45,52,60-61,63,94,112-114,116-121,125-128,130-137,155,157,164,172-173,175,206
/proc/3207402/task/3207404/stat : 3207404 (kat_xcsp_2ccb88) S 3207399 3207399 3207295 0 -1 1077936192 2 0 0 0 0 0 0 0 20 0 3 0 226942000 590204928 101413 117440512000 23350591250432 23350599047136 140722862157920 0 0 0 0 4096 8406082 0 0 0 -1 128 0 0 0 0 0 23350599161216 23350599182416 93825004457984 140722862160422 140722862160914 140722862160914 140722862174165 0
Current children cumulated CPU time: 698.92 s
Current children cumulated vsize: 580620 KiB
Current children cumulated memory: 408796 KiB

[startup+762.3 s]
/proc/loadavg: 50.01 49.43 49.49 53/3564 3209433
/proc/meminfo: memFree=388291136/527542244 swapFree=32867240/33554428
[pid=3207399] ppid=3207398 vsize=4248 memory=3144 CPUtime=0 cores=0-2,4-9,13-16,18-25,43,45,52,60-61,63,94,112-114,116-121,125-128,130-137,155,157,164,172-173,175,206
/proc/3207399/stat : 3207399 (bash) S 3207398 3207399 3207295 0 -1 4194304 285 139 0 0 0 0 0 0 20 0 1 0 226941999 4349952 786 117440512000 94797563224064 94797564205981 140727091553072 0 0 0 65536 4 65538 0 0 0 17 175 0 0 0 0 0 94797564439280 94797564487524 94797590196224 140727091555201 140727091555377 140727091555377 140727091568618 0
/proc/3207399/statm: 1062 786 690 240 0 188 0
[pid=3207402] ppid=3207399 vsize=575896 memory=405176 CPUtime=758.52 cores=0-2,4-9,13-16,18-25,43,45,52,60-61,63,94,112-114,116-121,125-128,130-137,155,157,164,172-173,175,206
/proc/3207402/stat : 3207402 (kat_xcsp_2ccb88) S 3207399 3207399 3207295 0 -1 1077936128 602944 0 133 0 75731 121 0 0 20 0 3 0 226942000 589717504 101294 117440512000 23350591250432 23350599047136 140722862157920 0 0 0 0 4096 8406082 0 0 0 17 175 0 0 0 0 0 23350599161216 23350599182416 93825004457984 140722862160422 140722862160914 140722862160914 140722862174165 0
/proc/3207402/statm: 143974 101294 76 1904 0 125014 0
[pid=3207402/tid=3207403] ppid=3207399 vsize=575896 memory=29893885 CPUtime=758.51 cores=0-2,4-9,13-16,18-25,43,45,52,60-61,63,94,112-114,116-121,125-128,130-137,155,157,164,172-173,175,206
/proc/3207402/task/3207403/stat : 3207403 (kat_xcsp_2ccb88) R 3207399 3207399 3207295 0 -1 4194368 602663 0 131 0 75731 120 0 0 20 0 3 0 226942000 589717504 101294 117440512000 23350591250432 23350599047136 140722862157920 0 0 0 0 4096 8406082 0 0 0 -1 173 0 0 0 0 0 23350599161216 23350599182416 93825004457984 140722862160422 140722862160914 140722862160914 140722862174165 0
[pid=3207402/tid=3207404] ppid=3207399 vsize=575896 memory=950528 CPUtime=0 cores=0-2,4-9,13-16,18-25,43,45,52,60-61,63,94,112-114,116-121,125-128,130-137,155,157,164,172-173,175,206
/proc/3207402/task/3207404/stat : 3207404 (kat_xcsp_2ccb88) S 3207399 3207399 3207295 0 -1 1077936192 2 0 0 0 0 0 0 0 20 0 3 0 226942000 589717504 101294 117440512000 23350591250432 23350599047136 140722862157920 0 0 0 0 4096 8406082 0 0 0 -1 128 0 0 0 0 0 23350599161216 23350599182416 93825004457984 140722862160422 140722862160914 140722862160914 140722862174165 0
Current children cumulated CPU time: 758.52 s
Current children cumulated vsize: 580144 KiB
Current children cumulated memory: 408320 KiB

[startup+822.321 s]
/proc/loadavg: 49.38 49.38 49.47 53/3566 3209531
/proc/meminfo: memFree=388097332/527542244 swapFree=32867240/33554428
[pid=3207399] ppid=3207398 vsize=4248 memory=3144 CPUtime=0 cores=0-2,4-9,13-16,18-25,43,45,52,60-61,63,94,112-114,116-121,125-128,130-137,155,157,164,172-173,175,206
/proc/3207399/stat : 3207399 (bash) S 3207398 3207399 3207295 0 -1 4194304 285 139 0 0 0 0 0 0 20 0 1 0 226941999 4349952 786 117440512000 94797563224064 94797564205981 140727091553072 0 0 0 65536 4 65538 0 0 0 17 175 0 0 0 0 0 94797564439280 94797564487524 94797590196224 140727091555201 140727091555377 140727091555377 140727091568618 0
/proc/3207399/statm: 1062 786 690 240 0 188 0
[pid=3207402] ppid=3207399 vsize=593864 memory=418632 CPUtime=818.24 cores=0-2,4-9,13-16,18-25,43,45,52,60-61,63,94,112-114,116-121,125-128,130-137,155,157,164,172-173,175,206
/proc/3207402/stat : 3207402 (kat_xcsp_2ccb88) S 3207399 3207399 3207295 0 -1 1077936128 723931 0 133 0 81675 149 0 0 20 0 3 0 226942000 608116736 104658 117440512000 23350591250432 23350599047136 140722862157920 0 0 0 0 4096 8406082 0 0 0 17 175 0 0 0 0 0 23350599161216 23350599182416 93825004457984 140722862160422 140722862160914 140722862160914 140722862174165 0
/proc/3207402/statm: 148466 104658 77 1904 0 129506 0
[pid=3207402/tid=3207403] ppid=3207399 vsize=593864 memory=7748 CPUtime=818.24 cores=0-2,4-9,13-16,18-25,43,45,52,60-61,63,94,112-114,116-121,125-128,130-137,155,157,164,172-173,175,206
/proc/3207402/task/3207403/stat : 3207403 (kat_xcsp_2ccb88) R 3207399 3207399 3207295 0 -1 4194368 723650 0 131 0 81675 149 0 0 20 0 3 0 226942000 608116736 104658 117440512000 23350591250432 23350599047136 140722862157920 0 0 0 0 4096 8406082 0 0 0 -1 61 0 0 0 0 0 23350599161216 23350599182416 93825004457984 140722862160422 140722862160914 140722862160914 140722862174165 0
[pid=3207402/tid=3207404] ppid=3207399 vsize=593864 memory=194072 CPUtime=0 cores=0-2,4-9,13-16,18-25,43,45,52,60-61,63,94,112-114,116-121,125-128,130-137,155,157,164,172-173,175,206
/proc/3207402/task/3207404/stat : 3207404 (kat_xcsp_2ccb88) S 3207399 3207399 3207295 0 -1 1077936192 2 0 0 0 0 0 0 0 20 0 3 0 226942000 608116736 104658 117440512000 23350591250432 23350599047136 140722862157920 0 0 0 0 4096 8406082 0 0 0 -1 128 0 0 0 0 0 23350599161216 23350599182416 93825004457984 140722862160422 140722862160914 140722862160914 140722862174165 0
Current children cumulated CPU time: 818.24 s
Current children cumulated vsize: 598112 KiB
Current children cumulated memory: 421776 KiB

[startup+882.3 s]
/proc/loadavg: 49.65 49.46 49.49 53/3567 3209534
/proc/meminfo: memFree=387931904/527542244 swapFree=32867240/33554428
[pid=3207399] ppid=3207398 vsize=4248 memory=3144 CPUtime=0 cores=0-2,4-9,13-16,18-25,43,45,52,60-61,63,94,112-114,116-121,125-128,130-137,155,157,164,172-173,175,206
/proc/3207399/stat : 3207399 (bash) S 3207398 3207399 3207295 0 -1 4194304 285 139 0 0 0 0 0 0 20 0 1 0 226941999 4349952 786 117440512000 94797563224064 94797564205981 140727091553072 0 0 0 65536 4 65538 0 0 0 17 175 0 0 0 0 0 94797564439280 94797564487524 94797590196224 140727091555201 140727091555377 140727091555377 140727091568618 0
/proc/3207399/statm: 1062 786 690 240 0 188 0
[pid=3207402] ppid=3207399 vsize=599044 memory=423812 CPUtime=877.92 cores=0-2,4-9,13-16,18-25,43,45,52,60-61,63,94,112-114,116-121,125-128,130-137,155,157,164,172-173,175,206
/proc/3207402/stat : 3207402 (kat_xcsp_2ccb88) S 3207399 3207399 3207295 0 -1 1077936128 745966 0 133 0 87637 155 0 0 20 0 3 0 226942000 613421056 105953 117440512000 23350591250432 23350599047136 140722862157920 0 0 0 0 4096 8406082 0 0 0 17 175 0 0 0 0 0 23350599161216 23350599182416 93825004457984 140722862160422 140722862160914 140722862160914 140722862174165 0
/proc/3207402/statm: 149761 105953 77 1904 0 130801 0
[pid=3207402/tid=3207403] ppid=3207399 vsize=599044 memory=3144 CPUtime=877.92 cores=0-2,4-9,13-16,18-25,43,45,52,60-61,63,94,112-114,116-121,125-128,130-137,155,157,164,172-173,175,206
/proc/3207402/task/3207403/stat : 3207403 (kat_xcsp_2ccb88) R 3207399 3207399 3207295 0 -1 4194368 745685 0 131 0 87637 155 0 0 20 0 3 0 226942000 613421056 105953 117440512000 23350591250432 23350599047136 140722862157920 0 0 0 0 4096 8406082 0 0 0 -1 61 0 0 0 0 0 23350599161216 23350599182416 93825004457984 140722862160422 140722862160914 140722862160914 140722862174165 0
[pid=3207402/tid=3207404] ppid=3207399 vsize=599044 memory=3144 CPUtime=0 cores=0-2,4-9,13-16,18-25,43,45,52,60-61,63,94,112-114,116-121,125-128,130-137,155,157,164,172-173,175,206
/proc/3207402/task/3207404/stat : 3207404 (kat_xcsp_2ccb88) S 3207399 3207399 3207295 0 -1 1077936192 2 0 0 0 0 0 0 0 20 0 3 0 226942000 613421056 105953 117440512000 23350591250432 23350599047136 140722862157920 0 0 0 0 4096 8406082 0 0 0 -1 128 0 0 0 0 0 23350599161216 23350599182416 93825004457984 140722862160422 140722862160914 140722862160914 140722862174165 0
Current children cumulated CPU time: 877.92 s
Current children cumulated vsize: 603292 KiB
Current children cumulated memory: 426956 KiB

[startup+942.3 s]
/proc/loadavg: 49.25 49.35 49.45 53/3567 3209536
/proc/meminfo: memFree=387476768/527542244 swapFree=32867240/33554428
[pid=3207399] ppid=3207398 vsize=4248 memory=3144 CPUtime=0 cores=0-2,4-9,13-16,18-25,43,45,52,60-61,63,94,112-114,116-121,125-128,130-137,155,157,164,172-173,175,206
/proc/3207399/stat : 3207399 (bash) S 3207398 3207399 3207295 0 -1 4194304 285 139 0 0 0 0 0 0 20 0 1 0 226941999 4349952 786 117440512000 94797563224064 94797564205981 140727091553072 0 0 0 65536 4 65538 0 0 0 17 175 0 0 0 0 0 94797564439280 94797564487524 94797590196224 140727091555201 140727091555377 140727091555377 140727091568618 0
/proc/3207399/statm: 1062 786 690 240 0 188 0
[pid=3207402] ppid=3207399 vsize=569612 memory=407872 CPUtime=937.63 cores=0-2,4-9,13-16,18-25,43,45,52,60-61,63,94,112-114,116-121,125-128,130-137,155,157,164,172-173,175,206
/proc/3207402/stat : 3207402 (kat_xcsp_2ccb88) S 3207399 3207399 3207295 0 -1 1077936128 832064 0 133 0 93585 178 0 0 20 0 3 0 226942000 583282688 101968 117440512000 23350591250432 23350599047136 140722862157920 0 0 0 0 4096 8406082 0 0 0 17 175 0 0 0 0 0 23350599161216 23350599182416 93825004457984 140722862160422 140722862160914 140722862160914 140722862174165 0
/proc/3207402/statm: 142403 101968 77 1904 0 123443 0
[pid=3207402/tid=3207403] ppid=3207399 vsize=569612 memory=1556062 CPUtime=937.62 cores=0-2,4-9,13-16,18-25,43,45,52,60-61,63,94,112-114,116-121,125-128,130-137,155,157,164,172-173,175,206
/proc/3207402/task/3207403/stat : 3207403 (kat_xcsp_2ccb88) R 3207399 3207399 3207295 0 -1 4194368 831783 0 131 0 93585 177 0 0 20 0 3 0 226942000 583282688 101968 117440512000 23350591250432 23350599047136 140722862157920 0 0 0 0 4096 8406082 0 0 0 -1 173 0 0 0 0 0 23350599161216 23350599182416 93825004457984 140722862160422 140722862160914 140722862160914 140722862174165 0
[pid=3207402/tid=3207404] ppid=3207399 vsize=569612 memory=2305904797572929457 CPUtime=0 cores=0-2,4-9,13-16,18-25,43,45,52,60-61,63,94,112-114,116-121,125-128,130-137,155,157,164,172-173,175,206
/proc/3207402/task/3207404/stat : 3207404 (kat_xcsp_2ccb88) S 3207399 3207399 3207295 0 -1 1077936192 2 0 0 0 0 0 0 0 20 0 3 0 226942000 583282688 101968 117440512000 23350591250432 23350599047136 140722862157920 0 0 0 0 4096 8406082 0 0 0 -1 128 0 0 0 0 0 23350599161216 23350599182416 93825004457984 140722862160422 140722862160914 140722862160914 140722862174165 0
Current children cumulated CPU time: 937.63 s
Current children cumulated vsize: 573860 KiB
Current children cumulated memory: 411016 KiB

[startup+1002.3 s]
/proc/loadavg: 49.34 49.35 49.45 46/3566 3209538
/proc/meminfo: memFree=387302272/527542244 swapFree=32867240/33554428
[pid=3207399] ppid=3207398 vsize=4248 memory=3144 CPUtime=0 cores=0-2,4-9,13-16,18-25,43,45,52,60-61,63,94,112-114,116-121,125-128,130-137,155,157,164,172-173,175,206
/proc/3207399/stat : 3207399 (bash) S 3207398 3207399 3207295 0 -1 4194304 285 139 0 0 0 0 0 0 20 0 1 0 226941999 4349952 786 117440512000 94797563224064 94797564205981 140727091553072 0 0 0 65536 4 65538 0 0 0 17 175 0 0 0 0 0 94797564439280 94797564487524 94797590196224 140727091555201 140727091555377 140727091555377 140727091568618 0
/proc/3207399/statm: 1062 786 690 240 0 188 0
[pid=3207402] ppid=3207399 vsize=575100 memory=413360 CPUtime=997.33 cores=0-2,4-9,13-16,18-25,43,45,52,60-61,63,94,112-114,116-121,125-128,130-137,155,157,164,172-173,175,206
/proc/3207402/stat : 3207402 (kat_xcsp_2ccb88) S 3207399 3207399 3207295 0 -1 1077936128 849504 0 133 0 99552 181 0 0 20 0 3 0 226942000 588902400 103340 117440512000 23350591250432 23350599047136 140722862157920 0 0 0 0 4096 8406082 0 0 0 17 175 0 0 0 0 0 23350599161216 23350599182416 93825004457984 140722862160422 140722862160914 140722862160914 140722862174165 0
/proc/3207402/statm: 143775 103340 77 1904 0 124815 0
[pid=3207402/tid=3207403] ppid=3207399 vsize=575100 memory=732 CPUtime=997.33 cores=0-2,4-9,13-16,18-25,43,45,52,60-61,63,94,112-114,116-121,125-128,130-137,155,157,164,172-173,175,206
/proc/3207402/task/3207403/stat : 3207403 (kat_xcsp_2ccb88) R 3207399 3207399 3207295 0 -1 4194368 849223 0 131 0 99552 181 0 0 20 0 3 0 226942000 588902400 103340 117440512000 23350591250432 23350599047136 140722862157920 0 0 0 0 4096 8406082 0 0 0 -1 61 0 0 0 0 0 23350599161216 23350599182416 93825004457984 140722862160422 140722862160914 140722862160914 140722862174165 0
[pid=3207402/tid=3207404] ppid=3207399 vsize=575100 memory=3144 CPUtime=0 cores=0-2,4-9,13-16,18-25,43,45,52,60-61,63,94,112-114,116-121,125-128,130-137,155,157,164,172-173,175,206
/proc/3207402/task/3207404/stat : 3207404 (kat_xcsp_2ccb88) S 3207399 3207399 3207295 0 -1 1077936192 2 0 0 0 0 0 0 0 20 0 3 0 226942000 588902400 103340 117440512000 23350591250432 23350599047136 140722862157920 0 0 0 0 4096 8406082 0 0 0 -1 128 0 0 0 0 0 23350599161216 23350599182416 93825004457984 140722862160422 140722862160914 140722862160914 140722862174165 0
Current children cumulated CPU time: 997.33 s
Current children cumulated vsize: 579348 KiB
Current children cumulated memory: 416504 KiB

[startup+1062.3 s]
/proc/loadavg: 48.65 49.18 49.38 53/3566 3209541
/proc/meminfo: memFree=387126528/527542244 swapFree=32867240/33554428
[pid=3207399] ppid=3207398 vsize=4248 memory=3144 CPUtime=0 cores=0-2,4-9,13-16,18-25,43,45,52,60-61,63,94,112-114,116-121,125-128,130-137,155,157,164,172-173,175,206
/proc/3207399/stat : 3207399 (bash) S 3207398 3207399 3207295 0 -1 4194304 285 139 0 0 0 0 0 0 20 0 1 0 226941999 4349952 786 117440512000 94797563224064 94797564205981 140727091553072 0 0 0 65536 4 65538 0 0 0 17 175 0 0 0 0 0 94797564439280 94797564487524 94797590196224 140727091555201 140727091555377 140727091555377 140727091568618 0
/proc/3207399/statm: 1062 786 690 240 0 188 0
[pid=3207402] ppid=3207399 vsize=598128 memory=436388 CPUtime=1057.04 cores=0-2,4-9,13-16,18-25,43,45,52,60-61,63,94,112-114,116-121,125-128,130-137,155,157,164,172-173,175,206
/proc/3207402/stat : 3207402 (kat_xcsp_2ccb88) S 3207399 3207399 3207295 0 -1 1077936128 869816 0 133 0 105518 186 0 0 20 0 3 0 226942000 612483072 109097 117440512000 23350591250432 23350599047136 140722862157920 0 0 0 0 4096 8406082 0 0 0 17 175 0 0 0 0 0 23350599161216 23350599182416 93825004457984 140722862160422 140722862160914 140722862160914 140722862174165 0
/proc/3207402/statm: 149532 109097 77 1904 0 130572 0
[pid=3207402/tid=3207403] ppid=3207399 vsize=598128 memory=194072 CPUtime=1057.04 cores=0-2,4-9,13-16,18-25,43,45,52,60-61,63,94,112-114,116-121,125-128,130-137,155,157,164,172-173,175,206
/proc/3207402/task/3207403/stat : 3207403 (kat_xcsp_2ccb88) R 3207399 3207399 3207295 0 -1 4194368 869535 0 131 0 105518 186 0 0 20 0 3 0 226942000 612483072 109097 117440512000 23350591250432 23350599047136 140722862157920 0 0 0 0 4096 8406082 0 0 0 -1 173 0 0 0 0 0 23350599161216 23350599182416 93825004457984 140722862160422 140722862160914 140722862160914 140722862174165 0
[pid=3207402/tid=3207404] ppid=3207399 vsize=598128 memory=194072 CPUtime=0 cores=0-2,4-9,13-16,18-25,43,45,52,60-61,63,94,112-114,116-121,125-128,130-137,155,157,164,172-173,175,206
/proc/3207402/task/3207404/stat : 3207404 (kat_xcsp_2ccb88) S 3207399 3207399 3207295 0 -1 1077936192 2 0 0 0 0 0 0 0 20 0 3 0 226942000 612483072 109097 117440512000 23350591250432 23350599047136 140722862157920 0 0 0 0 4096 8406082 0 0 0 -1 128 0 0 0 0 0 23350599161216 23350599182416 93825004457984 140722862160422 140722862160914 140722862160914 140722862174165 0
Current children cumulated CPU time: 1057.04 s
Current children cumulated vsize: 602376 KiB
Current children cumulated memory: 439532 KiB

[startup+1122.3 s]
/proc/loadavg: 48.94 49.20 49.38 46/3565 3209544
/proc/meminfo: memFree=387000336/527542244 swapFree=32867240/33554428
[pid=3207399] ppid=3207398 vsize=4248 memory=3144 CPUtime=0 cores=0-2,4-9,13-16,18-25,43,45,52,60-61,63,94,112-114,116-121,125-128,130-137,155,157,164,172-173,175,206
/proc/3207399/stat : 3207399 (bash) S 3207398 3207399 3207295 0 -1 4194304 285 139 0 0 0 0 0 0 20 0 1 0 226941999 4349952 786 117440512000 94797563224064 94797564205981 140727091553072 0 0 0 65536 4 65538 0 0 0 17 175 0 0 0 0 0 94797564439280 94797564487524 94797590196224 140727091555201 140727091555377 140727091555377 140727091568618 0
/proc/3207399/statm: 1062 786 690 240 0 188 0
[pid=3207402] ppid=3207399 vsize=588860 memory=427420 CPUtime=1116.74 cores=0-2,4-9,13-16,18-25,43,45,52,60-61,63,94,112-114,116-121,125-128,130-137,155,157,164,172-173,175,206
/proc/3207402/stat : 3207402 (kat_xcsp_2ccb88) S 3207399 3207399 3207295 0 -1 1077936128 979723 0 133 0 111459 215 0 0 20 0 3 0 226942000 602992640 106855 117440512000 23350591250432 23350599047136 140722862157920 0 0 0 0 4096 8406082 0 0 0 17 175 0 0 0 0 0 23350599161216 23350599182416 93825004457984 140722862160422 140722862160914 140722862160914 140722862174165 0
/proc/3207402/statm: 147215 106855 80 1904 0 128255 0
[pid=3207402/tid=3207403] ppid=3207399 vsize=588860 memory=427420 CPUtime=1116.74 cores=0-2,4-9,13-16,18-25,43,45,52,60-61,63,94,112-114,116-121,125-128,130-137,155,157,164,172-173,175,206
/proc/3207402/task/3207403/stat : 3207403 (kat_xcsp_2ccb88) R 3207399 3207399 3207295 0 -1 4194368 979442 0 131 0 111459 215 0 0 20 0 3 0 226942000 602992640 106855 117440512000 23350591250432 23350599047136 140722862157920 0 0 0 0 4096 8406082 0 0 0 -1 173 0 0 0 0 0 23350599161216 23350599182416 93825004457984 140722862160422 140722862160914 140722862160914 140722862174165 0
[pid=3207402/tid=3207404] ppid=3207399 vsize=588860 memory=7748 CPUtime=0 cores=0-2,4-9,13-16,18-25,43,45,52,60-61,63,94,112-114,116-121,125-128,130-137,155,157,164,172-173,175,206
/proc/3207402/task/3207404/stat : 3207404 (kat_xcsp_2ccb88) S 3207399 3207399 3207295 0 -1 1077936192 2 0 0 0 0 0 0 0 20 0 3 0 226942000 602992640 106855 117440512000 23350591250432 23350599047136 140722862157920 0 0 0 0 4096 8406082 0 0 0 -1 128 0 0 0 0 0 23350599161216 23350599182416 93825004457984 140722862160422 140722862160914 140722862160914 140722862174165 0
Current children cumulated CPU time: 1116.74 s
Current children cumulated vsize: 593108 KiB
Current children cumulated memory: 430564 KiB

[startup+1182.3 s]
/proc/loadavg: 49.16 49.21 49.37 53/3565 3209548
/proc/meminfo: memFree=386833464/527542244 swapFree=32867240/33554428
[pid=3207399] ppid=3207398 vsize=4248 memory=3144 CPUtime=0 cores=0-2,4-9,13-16,18-25,43,45,52,60-61,63,94,112-114,116-121,125-128,130-137,155,157,164,172-173,175,206
/proc/3207399/stat : 3207399 (bash) S 3207398 3207399 3207295 0 -1 4194304 285 139 0 0 0 0 0 0 20 0 1 0 226941999 4349952 786 117440512000 94797563224064 94797564205981 140727091553072 0 0 0 65536 4 65538 0 0 0 17 175 0 0 0 0 0 94797564439280 94797564487524 94797590196224 140727091555201 140727091555377 140727091555377 140727091568618 0
/proc/3207399/statm: 1062 786 690 240 0 188 0
[pid=3207402] ppid=3207399 vsize=620440 memory=459000 CPUtime=1176.44 cores=0-2,4-9,13-16,18-25,43,45,52,60-61,63,94,112-114,116-121,125-128,130-137,155,157,164,172-173,175,206
/proc/3207402/stat : 3207402 (kat_xcsp_2ccb88) S 3207399 3207399 3207295 0 -1 1077936128 1005983 0 133 0 117423 221 0 0 20 0 3 0 226942000 635330560 114750 117440512000 23350591250432 23350599047136 140722862157920 0 0 0 0 4096 8406082 0 0 0 17 175 0 0 0 0 0 23350599161216 23350599182416 93825004457984 140722862160422 140722862160914 140722862160914 140722862174165 0
/proc/3207402/statm: 155110 114750 80 1904 0 136150 0
[pid=3207402/tid=3207403] ppid=3207399 vsize=620440 memory=3144 CPUtime=1176.43 cores=0-2,4-9,13-16,18-25,43,45,52,60-61,63,94,112-114,116-121,125-128,130-137,155,157,164,172-173,175,206
/proc/3207402/task/3207403/stat : 3207403 (kat_xcsp_2ccb88) R 3207399 3207399 3207295 0 -1 4194368 1005702 0 131 0 117423 220 0 0 20 0 3 0 226942000 635330560 114750 117440512000 23350591250432 23350599047136 140722862157920 0 0 0 0 4096 8406082 0 0 0 -1 61 0 0 0 0 0 23350599161216 23350599182416 93825004457984 140722862160422 140722862160914 140722862160914 140722862174165 0
[pid=3207402/tid=3207404] ppid=3207399 vsize=620440 memory=0 CPUtime=0 cores=0-2,4-9,13-16,18-25,43,45,52,60-61,63,94,112-114,116-121,125-128,130-137,155,157,164,172-173,175,206
/proc/3207402/task/3207404/stat : 3207404 (kat_xcsp_2ccb88) S 3207399 3207399 3207295 0 -1 1077936192 2 0 0 0 0 0 0 0 20 0 3 0 226942000 635330560 114750 117440512000 23350591250432 23350599047136 140722862157920 0 0 0 0 4096 8406082 0 0 0 -1 128 0 0 0 0 0 23350599161216 23350599182416 93825004457984 140722862160422 140722862160914 140722862160914 140722862174165 0
Current children cumulated CPU time: 1176.44 s
Current children cumulated vsize: 624688 KiB
Current children cumulated memory: 462144 KiB

[startup+1242.3 s]*
/proc/loadavg: 49.06 49.16 49.34 53/3565 3209551
/proc/meminfo: memFree=386652308/527542244 swapFree=32867240/33554428
[pid=3207399] ppid=3207398 vsize=4248 memory=3144 CPUtime=0 cores=0-2,4-9,13-16,18-25,43,45,52,60-61,63,94,112-114,116-121,125-128,130-137,155,157,164,172-173,175,206
/proc/3207399/stat : 3207399 (bash) S 3207398 3207399 3207295 0 -1 4194304 285 139 0 0 0 0 0 0 20 0 1 0 226941999 4349952 786 117440512000 94797563224064 94797564205981 140727091553072 0 0 0 65536 4 65538 0 0 0 17 175 0 0 0 0 0 94797564439280 94797564487524 94797590196224 140727091555201 140727091555377 140727091555377 140727091568618 0
/proc/3207399/statm: 1062 786 690 240 0 188 0
[pid=3207402] ppid=3207399 vsize=613580 memory=452140 CPUtime=1236.24 cores=0-2,4-9,13-16,18-25,43,45,52,60-61,63,94,112-114,116-121,125-128,130-137,155,157,164,172-173,175,206
/proc/3207402/stat : 3207402 (kat_xcsp_2ccb88) S 3207399 3207399 3207295 0 -1 1077936128 1031604 0 133 0 123399 225 0 0 20 0 3 0 226942000 628305920 113035 117440512000 23350591250432 23350599047136 140722862157920 0 0 0 0 4096 8406082 0 0 0 17 175 0 0 0 0 0 23350599161216 23350599182416 93825004457984 140722862160422 140722862160914 140722862160914 140722862174165 0
/proc/3207402/statm: 153395 113035 80 1904 0 134435 0
[pid=3207402/tid=3207403] ppid=3207399 vsize=613580 memory=-5302812751526771752 CPUtime=1236.25 cores=0-2,4-9,13-16,18-25,43,45,52,60-61,63,94,112-114,116-121,125-128,130-137,155,157,164,172-173,175,206
/proc/3207402/task/3207403/stat : 3207403 (kat_xcsp_2ccb88) R 3207399 3207399 3207295 0 -1 4194368 1031336 0 131 0 123400 225 0 0 20 0 3 0 226942000 628305920 113035 117440512000 23350591250432 23350599047136 140722862157920 0 0 0 0 4096 8406082 0 0 0 -1 61 0 0 0 0 0 23350599161216 23350599182416 93825004457984 140722862160422 140722862160914 140722862160914 140722862174165 0
[pid=3207402/tid=3207404] ppid=3207399 vsize=613580 memory=-8025521633831376985 CPUtime=0 cores=0-2,4-9,13-16,18-25,43,45,52,60-61,63,94,112-114,116-121,125-128,130-137,155,157,164,172-173,175,206
/proc/3207402/task/3207404/stat : 3207404 (kat_xcsp_2ccb88) S 3207399 3207399 3207295 0 -1 1077936192 2 0 0 0 0 0 0 0 20 0 3 0 226942000 628305920 113035 117440512000 23350591250432 23350599047136 140722862157920 0 0 0 0 4096 8406082 0 0 0 -1 128 0 0 0 0 0 23350599161216 23350599182416 93825004457984 140722862160422 140722862160914 140722862160914 140722862174165 0
Current children cumulated CPU time: 1236.24 s
Current children cumulated vsize: 617828 KiB
Current children cumulated memory: 455284 KiB

[startup+1302.3 s]
/proc/loadavg: 49.23 49.19 49.34 46/3565 3209562
/proc/meminfo: memFree=386491656/527542244 swapFree=32867240/33554428
[pid=3207399] ppid=3207398 vsize=4248 memory=3144 CPUtime=0 cores=0-2,4-9,13-16,18-25,43,45,52,60-61,63,94,112-114,116-121,125-128,130-137,155,157,164,172-173,175,206
/proc/3207399/stat : 3207399 (bash) S 3207398 3207399 3207295 0 -1 4194304 285 139 0 0 0 0 0 0 20 0 1 0 226941999 4349952 786 117440512000 94797563224064 94797564205981 140727091553072 0 0 0 65536 4 65538 0 0 0 17 175 0 0 0 0 0 94797564439280 94797564487524 94797590196224 140727091555201 140727091555377 140727091555377 140727091568618 0
/proc/3207399/statm: 1062 786 690 240 0 188 0
[pid=3207402] ppid=3207399 vsize=626180 memory=464740 CPUtime=1295.82 cores=0-2,4-9,13-16,18-25,43,45,52,60-61,63,94,112-114,116-121,125-128,130-137,155,157,164,172-173,175,206
/proc/3207402/stat : 3207402 (kat_xcsp_2ccb88) S 3207399 3207399 3207295 0 -1 1077936128 1054044 0 133 0 129352 230 0 0 20 0 3 0 226942000 641208320 116185 117440512000 23350591250432 23350599047136 140722862157920 0 0 0 0 4096 8406082 0 0 0 17 175 0 0 0 0 0 23350599161216 23350599182416 93825004457984 140722862160422 140722862160914 140722862160914 140722862174165 0
/proc/3207402/statm: 156545 116185 80 1904 0 137585 0
[pid=3207402/tid=3207403] ppid=3207399 vsize=626180 memory=3144 CPUtime=1295.82 cores=0-2,4-9,13-16,18-25,43,45,52,60-61,63,94,112-114,116-121,125-128,130-137,155,157,164,172-173,175,206
/proc/3207402/task/3207403/stat : 3207403 (kat_xcsp_2ccb88) R 3207399 3207399 3207295 0 -1 4194368 1053763 0 131 0 129352 230 0 0 20 0 3 0 226942000 641208320 116185 117440512000 23350591250432 23350599047136 140722862157920 0 0 0 0 4096 8406082 0 0 0 -1 61 0 0 0 0 0 23350599161216 23350599182416 93825004457984 140722862160422 140722862160914 140722862160914 140722862174165 0
[pid=3207402/tid=3207404] ppid=3207399 vsize=626180 memory=3144 CPUtime=0 cores=0-2,4-9,13-16,18-25,43,45,52,60-61,63,94,112-114,116-121,125-128,130-137,155,157,164,172-173,175,206
/proc/3207402/task/3207404/stat : 3207404 (kat_xcsp_2ccb88) S 3207399 3207399 3207295 0 -1 1077936192 2 0 0 0 0 0 0 0 20 0 3 0 226942000 641208320 116185 117440512000 23350591250432 23350599047136 140722862157920 0 0 0 0 4096 8406082 0 0 0 -1 128 0 0 0 0 0 23350599161216 23350599182416 93825004457984 140722862160422 140722862160914 140722862160914 140722862174165 0
Current children cumulated CPU time: 1295.82 s
Current children cumulated vsize: 630428 KiB
Current children cumulated memory: 467884 KiB

[startup+1362.42 s]
/proc/loadavg: 49.39 49.21 49.34 53/3565 3209565
/proc/meminfo: memFree=386328004/527542244 swapFree=32867240/33554428
[pid=3207399] ppid=3207398 vsize=4248 memory=3144 CPUtime=0 cores=0-2,4-9,13-16,18-25,43,45,52,60-61,63,94,112-114,116-121,125-128,130-137,155,157,164,172-173,175,206
/proc/3207399/stat : 3207399 (bash) S 3207398 3207399 3207295 0 -1 4194304 285 139 0 0 0 0 0 0 20 0 1 0 226941999 4349952 786 117440512000 94797563224064 94797564205981 140727091553072 0 0 0 65536 4 65538 0 0 0 17 175 0 0 0 0 0 94797564439280 94797564487524 94797590196224 140727091555201 140727091555377 140727091555377 140727091568618 0
/proc/3207399/statm: 1062 786 690 240 0 188 0
[pid=3207402] ppid=3207399 vsize=629764 memory=470220 CPUtime=1355.63 cores=0-2,4-9,13-16,18-25,43,45,52,60-61,63,94,112-114,116-121,125-128,130-137,155,157,164,172-173,175,206
/proc/3207402/stat : 3207402 (kat_xcsp_2ccb88) S 3207399 3207399 3207295 0 -1 1077936128 1190800 0 133 0 135301 262 0 0 20 0 3 0 226942000 644878336 117555 117440512000 23350591250432 23350599047136 140722862157920 0 0 0 0 4096 8406082 0 0 0 17 175 0 0 0 0 0 23350599161216 23350599182416 93825004457984 140722862160422 140722862160914 140722862160914 140722862174165 0
/proc/3207402/statm: 157441 117555 42 1904 0 138481 0
[pid=3207402/tid=3207403] ppid=3207399 vsize=629764 memory=612556 CPUtime=1355.63 cores=0-2,4-9,13-16,18-25,43,45,52,60-61,63,94,112-114,116-121,125-128,130-137,155,157,164,172-173,175,206
/proc/3207402/task/3207403/stat : 3207403 (kat_xcsp_2ccb88) R 3207399 3207399 3207295 0 -1 4194368 1190519 0 131 0 135301 262 0 0 20 0 3 0 226942000 644878336 117555 117440512000 23350591250432 23350599047136 140722862157920 0 0 0 0 4096 8406082 0 0 0 -1 173 0 0 0 0 0 23350599161216 23350599182416 93825004457984 140722862160422 140722862160914 140722862160914 140722862174165 0
[pid=3207402/tid=3207404] ppid=3207399 vsize=629764 memory=7748 CPUtime=0 cores=0-2,4-9,13-16,18-25,43,45,52,60-61,63,94,112-114,116-121,125-128,130-137,155,157,164,172-173,175,206
/proc/3207402/task/3207404/stat : 3207404 (kat_xcsp_2ccb88) S 3207399 3207399 3207295 0 -1 1077936192 2 0 0 0 0 0 0 0 20 0 3 0 226942000 644878336 117555 117440512000 23350591250432 23350599047136 140722862157920 0 0 0 0 4096 8406082 0 0 0 -1 128 0 0 0 0 0 23350599161216 23350599182416 93825004457984 140722862160422 140722862160914 140722862160914 140722862174165 0
Current children cumulated CPU time: 1355.63 s
Current children cumulated vsize: 634012 KiB
Current children cumulated memory: 473364 KiB

[startup+1422.3 s]
/proc/loadavg: 49.06 49.13 49.30 46/3565 3209568
/proc/meminfo: memFree=385978876/527542244 swapFree=32867240/33554428
[pid=3207399] ppid=3207398 vsize=4248 memory=3144 CPUtime=0 cores=0-2,4-9,13-16,18-25,43,45,52,60-61,63,94,112-114,116-121,125-128,130-137,155,157,164,172-173,175,206
/proc/3207399/stat : 3207399 (bash) S 3207398 3207399 3207295 0 -1 4194304 285 139 0 0 0 0 0 0 20 0 1 0 226941999 4349952 786 117440512000 94797563224064 94797564205981 140727091553072 0 0 0 65536 4 65538 0 0 0 17 175 0 0 0 0 0 94797564439280 94797564487524 94797590196224 140727091555201 140727091555377 140727091555377 140727091568618 0
/proc/3207399/statm: 1062 786 690 240 0 188 0
[pid=3207402] ppid=3207399 vsize=629764 memory=470236 CPUtime=1415.21 cores=0-2,4-9,13-16,18-25,43,45,52,60-61,63,94,112-114,116-121,125-128,130-137,155,157,164,172-173,175,206
/proc/3207402/stat : 3207402 (kat_xcsp_2ccb88) S 3207399 3207399 3207295 0 -1 1077936128 1202572 0 133 0 141258 263 0 0 20 0 3 0 226942000 644878336 117559 117440512000 23350591250432 23350599047136 140722862157920 0 0 0 0 4096 8406082 0 0 0 17 175 0 0 0 0 0 23350599161216 23350599182416 93825004457984 140722862160422 140722862160914 140722862160914 140722862174165 0
/proc/3207402/statm: 157441 117559 46 1904 0 138481 0
[pid=3207402/tid=3207403] ppid=3207399 vsize=629764 memory=3690762778102216278 CPUtime=1415.21 cores=0-2,4-9,13-16,18-25,43,45,52,60-61,63,94,112-114,116-121,125-128,130-137,155,157,164,172-173,175,206
/proc/3207402/task/3207403/stat : 3207403 (kat_xcsp_2ccb88) R 3207399 3207399 3207295 0 -1 4194368 1202291 0 131 0 141258 263 0 0 20 0 3 0 226942000 644878336 117559 117440512000 23350591250432 23350599047136 140722862157920 0 0 0 0 4096 8406082 0 0 0 -1 173 0 0 0 0 0 23350599161216 23350599182416 93825004457984 140722862160422 140722862160914 140722862160914 140722862174165 0
[pid=3207402/tid=3207404] ppid=3207399 vsize=629764 memory=3705165530928527449 CPUtime=0 cores=0-2,4-9,13-16,18-25,43,45,52,60-61,63,94,112-114,116-121,125-128,130-137,155,157,164,172-173,175,206
/proc/3207402/task/3207404/stat : 3207404 (kat_xcsp_2ccb88) S 3207399 3207399 3207295 0 -1 1077936192 2 0 0 0 0 0 0 0 20 0 3 0 226942000 644878336 117559 117440512000 23350591250432 23350599047136 140722862157920 0 0 0 0 4096 8406082 0 0 0 -1 128 0 0 0 0 0 23350599161216 23350599182416 93825004457984 140722862160422 140722862160914 140722862160914 140722862174165 0
Current children cumulated CPU time: 1415.21 s
Current children cumulated vsize: 634012 KiB
Current children cumulated memory: 473380 KiB

[startup+1482.32 s]
/proc/loadavg: 48.62 49.02 49.25 46/3562 3209571
/proc/meminfo: memFree=385821884/527542244 swapFree=32867240/33554428
[pid=3207399] ppid=3207398 vsize=4248 memory=3144 CPUtime=0 cores=0-2,4-9,13-16,18-25,43,45,52,60-61,63,94,112-114,116-121,125-128,130-137,155,157,164,172-173,175,206
/proc/3207399/stat : 3207399 (bash) S 3207398 3207399 3207295 0 -1 4194304 285 139 0 0 0 0 0 0 20 0 1 0 226941999 4349952 786 117440512000 94797563224064 94797564205981 140727091553072 0 0 0 65536 4 65538 0 0 0 17 175 0 0 0 0 0 94797564439280 94797564487524 94797590196224 140727091555201 140727091555377 140727091555377 140727091568618 0
/proc/3207399/statm: 1062 786 690 240 0 188 0
[pid=3207402] ppid=3207399 vsize=659420 memory=499904 CPUtime=1474.93 cores=0-2,4-9,13-16,18-25,43,45,52,60-61,63,94,112-114,116-121,125-128,130-137,155,157,164,172-173,175,206
/proc/3207402/stat : 3207402 (kat_xcsp_2ccb88) S 3207399 3207399 3207295 0 -1 1077936128 1238529 0 133 0 147222 271 0 0 20 0 3 0 226942000 675246080 124976 117440512000 23350591250432 23350599047136 140722862157920 0 0 0 0 4096 8406082 0 0 0 17 175 0 0 0 0 0 23350599161216 23350599182416 93825004457984 140722862160422 140722862160914 140722862160914 140722862174165 0
/proc/3207402/statm: 164855 124976 49 1904 0 145895 0
[pid=3207402/tid=3207403] ppid=3207399 vsize=659420 memory=3144 CPUtime=1474.93 cores=0-2,4-9,13-16,18-25,43,45,52,60-61,63,94,112-114,116-121,125-128,130-137,155,157,164,172-173,175,206
/proc/3207402/task/3207403/stat : 3207403 (kat_xcsp_2ccb88) R 3207399 3207399 3207295 0 -1 4194368 1238248 0 131 0 147222 271 0 0 20 0 3 0 226942000 675246080 124976 117440512000 23350591250432 23350599047136 140722862157920 0 0 0 0 4096 8406082 0 0 0 -1 173 0 0 0 0 0 23350599161216 23350599182416 93825004457984 140722862160422 140722862160914 140722862160914 140722862174165 0
[pid=3207402/tid=3207404] ppid=3207399 vsize=659420 memory=3144 CPUtime=0 cores=0-2,4-9,13-16,18-25,43,45,52,60-61,63,94,112-114,116-121,125-128,130-137,155,157,164,172-173,175,206
/proc/3207402/task/3207404/stat : 3207404 (kat_xcsp_2ccb88) S 3207399 3207399 3207295 0 -1 1077936192 2 0 0 0 0 0 0 0 20 0 3 0 226942000 675246080 124976 117440512000 23350591250432 23350599047136 140722862157920 0 0 0 0 4096 8406082 0 0 0 -1 128 0 0 0 0 0 23350599161216 23350599182416 93825004457984 140722862160422 140722862160914 140722862160914 140722862174165 0
Current children cumulated CPU time: 1474.93 s
Current children cumulated vsize: 663668 KiB
Current children cumulated memory: 503048 KiB

[startup+1542.3 s]
/proc/loadavg: 49.91 49.32 49.34 46/3562 3209573
/proc/meminfo: memFree=385696396/527542244 swapFree=32867240/33554428
[pid=3207399] ppid=3207398 vsize=4248 memory=3144 CPUtime=0 cores=0-2,4-9,13-16,18-25,43,45,52,60-61,63,94,112-114,116-121,125-128,130-137,155,157,164,172-173,175,206
/proc/3207399/stat : 3207399 (bash) S 3207398 3207399 3207295 0 -1 4194304 285 139 0 0 0 0 0 0 20 0 1 0 226941999 4349952 786 117440512000 94797563224064 94797564205981 140727091553072 0 0 0 65536 4 65538 0 0 0 17 175 0 0 0 0 0 94797564439280 94797564487524 94797590196224 140727091555201 140727091555377 140727091555377 140727091568618 0
/proc/3207399/statm: 1062 786 690 240 0 188 0
[pid=3207402] ppid=3207399 vsize=675696 memory=516104 CPUtime=1534.6 cores=0-2,4-9,13-16,18-25,43,45,52,60-61,63,94,112-114,116-121,125-128,130-137,155,157,164,172-173,175,206
/proc/3207402/stat : 3207402 (kat_xcsp_2ccb88) S 3207399 3207399 3207295 0 -1 1077936128 1274986 0 133 0 153182 278 0 0 20 0 3 0 226942000 691912704 129026 117440512000 23350591250432 23350599047136 140722862157920 0 0 0 0 4096 8406082 0 0 0 17 175 0 0 0 0 0 23350599161216 23350599182416 93825004457984 140722862160422 140722862160914 140722862160914 140722862174165 0
/proc/3207402/statm: 168924 129026 56 1904 0 149964 0
[pid=3207402/tid=3207403] ppid=3207399 vsize=675696 memory=3144 CPUtime=1534.6 cores=0-2,4-9,13-16,18-25,43,45,52,60-61,63,94,112-114,116-121,125-128,130-137,155,157,164,172-173,175,206
/proc/3207402/task/3207403/stat : 3207403 (kat_xcsp_2ccb88) R 3207399 3207399 3207295 0 -1 4194368 1274705 0 131 0 153182 278 0 0 20 0 3 0 226942000 691912704 129026 117440512000 23350591250432 23350599047136 140722862157920 0 0 0 0 4096 8406082 0 0 0 -1 173 0 0 0 0 0 23350599161216 23350599182416 93825004457984 140722862160422 140722862160914 140722862160914 140722862174165 0
[pid=3207402/tid=3207404] ppid=3207399 vsize=675696 memory=3144 CPUtime=0 cores=0-2,4-9,13-16,18-25,43,45,52,60-61,63,94,112-114,116-121,125-128,130-137,155,157,164,172-173,175,206
/proc/3207402/task/3207404/stat : 3207404 (kat_xcsp_2ccb88) S 3207399 3207399 3207295 0 -1 1077936192 2 0 0 0 0 0 0 0 20 0 3 0 226942000 691912704 129026 117440512000 23350591250432 23350599047136 140722862157920 0 0 0 0 4096 8406082 0 0 0 -1 128 0 0 0 0 0 23350599161216 23350599182416 93825004457984 140722862160422 140722862160914 140722862160914 140722862174165 0
Current children cumulated CPU time: 1534.6 s
Current children cumulated vsize: 679944 KiB
Current children cumulated memory: 519248 KiB

[startup+1602.3 s]
/proc/loadavg: 49.34 49.23 49.31 46/3563 3209576
/proc/meminfo: memFree=385525628/527542244 swapFree=32867240/33554428
[pid=3207399] ppid=3207398 vsize=4248 memory=3144 CPUtime=0 cores=0-2,4-9,13-16,18-25,43,45,52,60-61,63,94,112-114,116-121,125-128,130-137,155,157,164,172-173,175,206
/proc/3207399/stat : 3207399 (bash) S 3207398 3207399 3207295 0 -1 4194304 285 139 0 0 0 0 0 0 20 0 1 0 226941999 4349952 786 117440512000 94797563224064 94797564205981 140727091553072 0 0 0 65536 4 65538 0 0 0 17 175 0 0 0 0 0 94797564439280 94797564487524 94797590196224 140727091555201 140727091555377 140727091555377 140727091568618 0
/proc/3207399/statm: 1062 786 690 240 0 188 0
[pid=3207402] ppid=3207399 vsize=675696 memory=516104 CPUtime=1594.3 cores=0-2,4-9,13-16,18-25,43,45,52,60-61,63,94,112-114,116-121,125-128,130-137,155,157,164,172-173,175,206
/proc/3207402/stat : 3207402 (kat_xcsp_2ccb88) S 3207399 3207399 3207295 0 -1 1077936128 1297198 0 133 0 159149 281 0 0 20 0 3 0 226942000 691912704 129026 117440512000 23350591250432 23350599047136 140722862157920 0 0 0 0 4096 8406082 0 0 0 17 175 0 0 0 0 0 23350599161216 23350599182416 93825004457984 140722862160422 140722862160914 140722862160914 140722862174165 0
/proc/3207402/statm: 168924 129026 56 1904 0 149964 0
[pid=3207402/tid=3207403] ppid=3207399 vsize=675696 memory=14200 CPUtime=1594.3 cores=0-2,4-9,13-16,18-25,43,45,52,60-61,63,94,112-114,116-121,125-128,130-137,155,157,164,172-173,175,206
/proc/3207402/task/3207403/stat : 3207403 (kat_xcsp_2ccb88) R 3207399 3207399 3207295 0 -1 4194368 1296917 0 131 0 159149 281 0 0 20 0 3 0 226942000 691912704 129026 117440512000 23350591250432 23350599047136 140722862157920 0 0 0 0 4096 8406082 0 0 0 -1 173 0 0 0 0 0 23350599161216 23350599182416 93825004457984 140722862160422 140722862160914 140722862160914 140722862174165 0
[pid=3207402/tid=3207404] ppid=3207399 vsize=675696 memory=7293982686077682451 CPUtime=0 cores=0-2,4-9,13-16,18-25,43,45,52,60-61,63,94,112-114,116-121,125-128,130-137,155,157,164,172-173,175,206
/proc/3207402/task/3207404/stat : 3207404 (kat_xcsp_2ccb88) S 3207399 3207399 3207295 0 -1 1077936192 2 0 0 0 0 0 0 0 20 0 3 0 226942000 691912704 129026 117440512000 23350591250432 23350599047136 140722862157920 0 0 0 0 4096 8406082 0 0 0 -1 128 0 0 0 0 0 23350599161216 23350599182416 93825004457984 140722862160422 140722862160914 140722862160914 140722862174165 0
Current children cumulated CPU time: 1594.3 s
Current children cumulated vsize: 679944 KiB
Current children cumulated memory: 519248 KiB

[startup+1662.3 s]
/proc/loadavg: 49.12 49.21 49.30 53/3563 3209579
/proc/meminfo: memFree=384883948/527542244 swapFree=32867240/33554428
[pid=3207399] ppid=3207398 vsize=4248 memory=3144 CPUtime=0 cores=0-2,4-9,13-16,18-25,43,45,52,60-61,63,94,112-114,116-121,125-128,130-137,155,157,164,172-173,175,206
/proc/3207399/stat : 3207399 (bash) S 3207398 3207399 3207295 0 -1 4194304 285 139 0 0 0 0 0 0 20 0 1 0 226941999 4349952 786 117440512000 94797563224064 94797564205981 140727091553072 0 0 0 65536 4 65538 0 0 0 17 175 0 0 0 0 0 94797564439280 94797564487524 94797590196224 140727091555201 140727091555377 140727091555377 140727091568618 0
/proc/3207399/statm: 1062 786 690 240 0 188 0
[pid=3207402] ppid=3207399 vsize=1246528 memory=1023840 CPUtime=1653.97 cores=0-2,4-9,13-16,18-25,43,45,52,60-61,63,94,112-114,116-121,125-128,130-137,155,157,164,172-173,175,206
/proc/3207402/stat : 3207402 (kat_xcsp_2ccb88) S 3207399 3207399 3207295 0 -1 1077936128 1427886 0 262 0 165078 319 0 0 20 0 3 0 226942000 1276444672 255960 117440512000 23350591250432 23350599047136 140722862157920 0 0 0 0 4096 8406082 0 0 0 17 175 0 0 0 0 0 23350599161216 23350599182416 93825004457984 140722862160422 140722862160914 140722862160914 140722862174165 0
/proc/3207402/statm: 311632 255960 77 1904 0 289576 0
[pid=3207402/tid=3207403] ppid=3207399 vsize=1246528 memory=528372 CPUtime=1653.96 cores=0-2,4-9,13-16,18-25,43,45,52,60-61,63,94,112-114,116-121,125-128,130-137,155,157,164,172-173,175,206
/proc/3207402/task/3207403/stat : 3207403 (kat_xcsp_2ccb88) R 3207399 3207399 3207295 0 -1 4194368 1427605 0 260 0 165078 318 0 0 20 0 3 0 226942000 1276444672 255960 117440512000 23350591250432 23350599047136 140722862157920 0 0 0 0 4096 8406082 0 0 0 -1 173 0 0 0 0 0 23350599161216 23350599182416 93825004457984 140722862160422 140722862160914 140722862160914 140722862174165 0
[pid=3207402/tid=3207404] ppid=3207399 vsize=1246528 memory=6016 CPUtime=0 cores=0-2,4-9,13-16,18-25,43,45,52,60-61,63,94,112-114,116-121,125-128,130-137,155,157,164,172-173,175,206
/proc/3207402/task/3207404/stat : 3207404 (kat_xcsp_2ccb88) S 3207399 3207399 3207295 0 -1 1077936192 2 0 0 0 0 0 0 0 20 0 3 0 226942000 1276444672 255960 117440512000 23350591250432 23350599047136 140722862157920 0 0 0 0 4096 8406082 0 0 0 -1 128 0 0 0 0 0 23350599161216 23350599182416 93825004457984 140722862160422 140722862160914 140722862160914 140722862174165 0
Current children cumulated CPU time: 1653.97 s
Current children cumulated vsize: 1250776 KiB
Current children cumulated memory: 1026984 KiB

[startup+1722.3 s]
/proc/loadavg: 48.86 49.19 49.29 53/3563 3209581
/proc/meminfo: memFree=384753212/527542244 swapFree=32867240/33554428
[pid=3207399] ppid=3207398 vsize=4248 memory=3144 CPUtime=0 cores=0-2,4-9,13-16,18-25,43,45,52,60-61,63,94,112-114,116-121,125-128,130-137,155,157,164,172-173,175,206
/proc/3207399/stat : 3207399 (bash) S 3207398 3207399 3207295 0 -1 4194304 285 139 0 0 0 0 0 0 20 0 1 0 226941999 4349952 786 117440512000 94797563224064 94797564205981 140727091553072 0 0 0 65536 4 65538 0 0 0 17 175 0 0 0 0 0 94797564439280 94797564487524 94797590196224 140727091555201 140727091555377 140727091555377 140727091568618 0
/proc/3207399/statm: 1062 786 690 240 0 188 0
[pid=3207402] ppid=3207399 vsize=1270392 memory=1047908 CPUtime=1713.67 cores=0-2,4-9,13-16,18-25,43,45,52,60-61,63,94,112-114,116-121,125-128,130-137,155,157,164,172-173,175,206
/proc/3207402/stat : 3207402 (kat_xcsp_2ccb88) S 3207399 3207399 3207295 0 -1 1077936128 1439400 0 264 0 171040 327 0 0 20 0 3 0 226942000 1300881408 261977 117440512000 23350591250432 23350599047136 140722862157920 0 0 0 0 4096 8406082 0 0 0 17 175 0 0 0 0 0 23350599161216 23350599182416 93825004457984 140722862160422 140722862160914 140722862160914 140722862174165 0
/proc/3207402/statm: 317598 261977 80 1904 0 295542 0
[pid=3207402/tid=3207403] ppid=3207399 vsize=1270392 memory=3144 CPUtime=1713.67 cores=0-2,4-9,13-16,18-25,43,45,52,60-61,63,94,112-114,116-121,125-128,130-137,155,157,164,172-173,175,206
/proc/3207402/task/3207403/stat : 3207403 (kat_xcsp_2ccb88) R 3207399 3207399 3207295 0 -1 4194368 1439119 0 262 0 171040 327 0 0 20 0 3 0 226942000 1300881408 261977 117440512000 23350591250432 23350599047136 140722862157920 0 0 0 0 4096 8406082 0 0 0 -1 173 0 0 0 0 0 23350599161216 23350599182416 93825004457984 140722862160422 140722862160914 140722862160914 140722862174165 0
[pid=3207402/tid=3207404] ppid=3207399 vsize=1270392 memory=3144 CPUtime=0 cores=0-2,4-9,13-16,18-25,43,45,52,60-61,63,94,112-114,116-121,125-128,130-137,155,157,164,172-173,175,206
/proc/3207402/task/3207404/stat : 3207404 (kat_xcsp_2ccb88) S 3207399 3207399 3207295 0 -1 1077936192 2 0 0 0 0 0 0 0 20 0 3 0 226942000 1300881408 261977 117440512000 23350591250432 23350599047136 140722862157920 0 0 0 0 4096 8406082 0 0 0 -1 128 0 0 0 0 0 23350599161216 23350599182416 93825004457984 140722862160422 140722862160914 140722862160914 140722862174165 0
Current children cumulated CPU time: 1713.67 s
Current children cumulated vsize: 1274640 KiB
Current children cumulated memory: 1051052 KiB

[startup+1782.3 s]
/proc/loadavg: 49.27 49.29 49.32 53/3563 3209586
/proc/meminfo: memFree=384845888/527542244 swapFree=32867240/33554428
[pid=3207399] ppid=3207398 vsize=4248 memory=3144 CPUtime=0 cores=0-2,4-9,13-16,18-25,43,45,52,60-61,63,94,112-114,116-121,125-128,130-137,155,157,164,172-173,175,206
/proc/3207399/stat : 3207399 (bash) S 3207398 3207399 3207295 0 -1 4194304 285 139 0 0 0 0 0 0 20 0 1 0 226941999 4349952 786 117440512000 94797563224064 94797564205981 140727091553072 0 0 0 65536 4 65538 0 0 0 17 175 0 0 0 0 0 94797564439280 94797564487524 94797590196224 140727091555201 140727091555377 140727091555377 140727091568618 0
/proc/3207399/statm: 1062 786 690 240 0 188 0
[pid=3207402] ppid=3207399 vsize=1270392 memory=1047908 CPUtime=1773.39 cores=0-2,4-9,13-16,18-25,43,45,52,60-61,63,94,112-114,116-121,125-128,130-137,155,157,164,172-173,175,206
/proc/3207402/stat : 3207402 (kat_xcsp_2ccb88) S 3207399 3207399 3207295 0 -1 1077936128 1453208 0 264 0 177009 330 0 0 20 0 3 0 226942000 1300881408 261977 117440512000 23350591250432 23350599047136 140722862157920 0 0 0 0 4096 8406082 0 0 0 17 175 0 0 0 0 0 23350599161216 23350599182416 93825004457984 140722862160422 140722862160914 140722862160914 140722862174165 0
/proc/3207402/statm: 317598 261977 80 1904 0 295542 0
[pid=3207402/tid=3207403] ppid=3207399 vsize=1270392 memory=3144 CPUtime=1773.38 cores=0-2,4-9,13-16,18-25,43,45,52,60-61,63,94,112-114,116-121,125-128,130-137,155,157,164,172-173,175,206
/proc/3207402/task/3207403/stat : 3207403 (kat_xcsp_2ccb88) R 3207399 3207399 3207295 0 -1 4194368 1452927 0 262 0 177009 329 0 0 20 0 3 0 226942000 1300881408 261977 117440512000 23350591250432 23350599047136 140722862157920 0 0 0 0 4096 8406082 0 0 0 -1 173 0 0 0 0 0 23350599161216 23350599182416 93825004457984 140722862160422 140722862160914 140722862160914 140722862174165 0
[pid=3207402/tid=3207404] ppid=3207399 vsize=1270392 memory=3144 CPUtime=0 cores=0-2,4-9,13-16,18-25,43,45,52,60-61,63,94,112-114,116-121,125-128,130-137,155,157,164,172-173,175,206
/proc/3207402/task/3207404/stat : 3207404 (kat_xcsp_2ccb88) S 3207399 3207399 3207295 0 -1 1077936192 2 0 0 0 0 0 0 0 20 0 3 0 226942000 1300881408 261977 117440512000 23350591250432 23350599047136 140722862157920 0 0 0 0 4096 8406082 0 0 0 -1 128 0 0 0 0 0 23350599161216 23350599182416 93825004457984 140722862160422 140722862160914 140722862160914 140722862174165 0
Current children cumulated CPU time: 1773.39 s
Current children cumulated vsize: 1274640 KiB
Current children cumulated memory: 1051052 KiB



Maximum wall clock time exceeded: sending SIGTERM then SIGKILL

[startup+1800 s]*
/proc/loadavg: 49.61 49.36 49.34 54/3564 3209587
/proc/meminfo: memFree=384800488/527542244 swapFree=32867240/33554428
[pid=3207399] ppid=3207398 vsize=4248 memory=3144 CPUtime=0 cores=0-2,4-9,13-16,18-25,43,45,52,60-61,63,94,112-114,116-121,125-128,130-137,155,157,164,172-173,175,206
/proc/3207399/stat : 3207399 (bash) S 3207398 3207399 3207295 0 -1 4194304 285 139 0 0 0 0 0 0 20 0 1 0 226941999 4349952 786 117440512000 94797563224064 94797564205981 140727091553072 0 0 0 65536 4 65538 0 0 0 17 175 0 0 0 0 0 94797564439280 94797564487524 94797590196224 140727091555201 140727091555377 140727091555377 140727091568618 0
/proc/3207399/statm: 1062 786 690 240 0 188 0
[pid=3207402] ppid=3207399 vsize=1270392 memory=1047908 CPUtime=1791.11 cores=0-2,4-9,13-16,18-25,43,45,52,60-61,63,94,112-114,116-121,125-128,130-137,155,157,164,172-173,175,206
/proc/3207402/stat : 3207402 (kat_xcsp_2ccb88) S 3207399 3207399 3207295 0 -1 1077936128 1454640 0 264 0 178781 330 0 0 20 0 3 0 226942000 1300881408 261977 117440512000 23350591250432 23350599047136 140722862157920 0 0 0 0 4096 8406082 0 0 0 17 175 0 0 0 0 0 23350599161216 23350599182416 93825004457984 140722862160422 140722862160914 140722862160914 140722862174165 0
/proc/3207402/statm: 317598 261977 80 1904 0 295542 0
[pid=3207402/tid=3207403] ppid=3207399 vsize=1270392 memory=3054156605267021189 CPUtime=1791.12 cores=0-2,4-9,13-16,18-25,43,45,52,60-61,63,94,112-114,116-121,125-128,130-137,155,157,164,172-173,175,206
/proc/3207402/task/3207403/stat : 3207403 (kat_xcsp_2ccb88) R 3207399 3207399 3207295 0 -1 4194368 1454359 0 262 0 178782 330 0 0 20 0 3 0 226942000 1300881408 261977 117440512000 23350591250432 23350599047136 140722862157920 0 0 0 0 4096 8406082 0 0 0 -1 173 0 0 0 0 0 23350599161216 23350599182416 93825004457984 140722862160422 140722862160914 140722862160914 140722862174165 0
[pid=3207402/tid=3207404] ppid=3207399 vsize=1270392 memory=-7749694995119233653 CPUtime=0 cores=0-2,4-9,13-16,18-25,43,45,52,60-61,63,94,112-114,116-121,125-128,130-137,155,157,164,172-173,175,206
/proc/3207402/task/3207404/stat : 3207404 (kat_xcsp_2ccb88) S 3207399 3207399 3207295 0 -1 1077936192 2 0 0 0 0 0 0 0 20 0 3 0 226942000 1300881408 261977 117440512000 23350591250432 23350599047136 140722862157920 0 0 0 0 4096 8406082 0 0 0 -1 128 0 0 0 0 0 23350599161216 23350599182416 93825004457984 140722862160422 140722862160914 140722862160914 140722862174165 0
Current children cumulated CPU time: 1791.11 s
Current children cumulated vsize: 1274640 KiB
Current children cumulated memory: 1051052 KiB

Sending SIGTERM to process tree (bottom up)
Sleeping 2 seconds

[startup+1800.13 s]
# the end of solver process 3207399 was just reported to runsolver
# cumulated CPU time of all completed processes:  user=0.0023 s, system=0.004916 s

[startup+1800.17 s]
# the end of solver process 3207402 was just reported to runsolver
# cumulated CPU time of all completed processes:  user=1787.85 s, system=3.33983 s
# this solver process was not waited by its parent and was adopted by runsolver

Solver just ended.
??? end of watcher thread
Dumping a history of the last processes samples

Child status: 143
Real time (s): 1800.17
CPU time (s): 1791.19
CPU user time (s): 1787.85
CPU system time (s): 3.33983
CPU usage (%): 99.5011
Max. virtual memory (cumulated for all children) (KiB): 1613060
Max. memory (cumulated for all children) (KiB): 1366784

getrusage(RUSAGE_CHILDREN,...) data:
user time used= 1787.85
system time used= 3.33983
maximum resident set size= 1363640
integral shared memory size= 0
integral unshared data size= 0
integral unshared stack size= 0
page reclaims= 1455110
page faults= 364
swaps= 0
block input operations= 19432
block output operations= 104
messages sent= 0
messages received= 0
signals received= 0
voluntary context switches= 469
involuntary context switches= 1265


# summary of solver processes directly reported to runsolver:
#   pid: 3207399,3207402
#   total CPU time (s): 1791.19
#   total CPU user time (s): 1787.85
#   total CPU system time (s): 3.33983

??? end of timestamper thread
runsolver used 46.5265 second user time and 151.171 second system time

The end
