instance_id,instance,sense,issue,detail
2,competition/2022-2025/COP22to25/AircraftAssemblyLine-1-178-20-0_c23.xml.lzma,minimize,unsat_with_value,"UNSAT from f85951b8-direct-order-extprop8196-s40-extobj-norootlp-nomaxarity; values from 261d4b72-direct-order-extprop8196-s40-extobj-norootlp-nomaxarity=31, 10c9c43b-dirty-noinc203-cegar-norootlp=29, ace64g-rr-20260505=26, pycsp3-extra-ortools-20260505=21, pycsp3-extra-ortools-1t-rerun1-20260505=21, pycsp3-extra-ortools-1t-verbose1-20260509=21"
2,competition/2022-2025/COP22to25/AircraftAssemblyLine-1-178-20-0_c23.xml.lzma,minimize,incumbent_beats_optimum,optimum=31; 10c9c43b-dirty-noinc203-cegar-norootlp=29; ace64g-rr-20260505=26; pycsp3-extra-ortools-20260505=21; pycsp3-extra-ortools-1t-rerun1-20260505=21; pycsp3-extra-ortools-1t-verbose1-20260509=21
37,competition/2022-2025/COP22to25/AircraftLanding-table-airland01_c22.xml.lzma,minimize,optimal_mismatch,1d1a452a-direct-order=70000; 1d1a452a-log-scop=70000; a32997fd-direct-order=70000; 31b6e7a3-scip-log-scop-rerun2=70000; 9c976720-scip-log-scop-dynamic=70000; 10c9c43b-dirty-log-scop-dadda-norootlp=70000; 1173b3f4-scip-direct-order-extge-eager-dynwatch=70000; 1173b3f4-direct-order-extprop8196-s40-20260512=70000; 261d4b72-direct-order-extprop8196-s40-extobj-norootlp-nomaxarity=3335000; f85951b8-direct-order-extprop8196-s40-extobj-norootlp-nomaxarity=70000; ace64g-rr-20260505=70000; pycsp3-extra-ortools-20260505=70000; pycsp3-extra-ortools-1t-rerun1-20260505=70000; pycsp3-extra-ortools-1t-verbose1-20260509=70000
38,competition/2022-2025/COP22to25/AircraftLanding-table-airland02_c22.xml.lzma,minimize,optimal_mismatch,1d1a452a-log-scop=148000; 31b6e7a3-scip-log-scop-rerun2=148000; 9c976720-scip-log-scop-dynamic=148000; 1173b3f4-scip-direct-order-extge-eager-dynwatch=148000; 261d4b72-direct-order-extprop8196-s40-extobj-norootlp-nomaxarity=7562000; f85951b8-direct-order-extprop8196-s40-extobj-norootlp-nomaxarity=397000; ace64g-rr-20260505=148000; pycsp3-extra-ortools-20260505=148000; pycsp3-extra-ortools-1t-rerun1-20260505=148000; pycsp3-extra-ortools-1t-verbose1-20260509=148000
39,competition/2022-2025/COP22to25/AircraftLanding-table-airland03_c22.xml.lzma,minimize,optimal_mismatch,1d1a452a-log-scop=82000; 31b6e7a3-scip-log-scop-rerun2=82000; 9c976720-scip-log-scop-dynamic=82000; 1173b3f4-scip-direct-order-extge-eager-dynwatch=82000; 261d4b72-direct-order-extprop8196-s40-extobj-norootlp-nomaxarity=5865000; f85951b8-direct-order-extprop8196-s40-extobj-norootlp-nomaxarity=702000; ace64g-rr-20260505=82000; pycsp3-extra-ortools-20260505=82000; pycsp3-extra-ortools-1t-rerun1-20260505=82000; pycsp3-extra-ortools-1t-verbose1-20260509=82000
40,competition/2022-2025/COP22to25/AircraftLanding-table-airland04_c22.xml.lzma,minimize,optimal_mismatch,1d1a452a-log-scop=252000; 31b6e7a3-scip-log-scop-rerun2=252000; 1173b3f4-scip-direct-order-extge-eager-dynwatch=252000; 261d4b72-direct-order-extprop8196-s40-extobj-norootlp-nomaxarity=11734000; ace64g-rr-20260505=252000; pycsp3-extra-ortools-1t-rerun1-20260505=252000; pycsp3-extra-ortools-1t-verbose1-20260509=252000
41,competition/2022-2025/COP22to25/AircraftLanding-table-airland05_c22.xml.lzma,minimize,optimal_mismatch,1173b3f4-scip-direct-order-extge-eager-dynwatch=310000; 261d4b72-direct-order-extprop8196-s40-extobj-norootlp-nomaxarity=7873000; f85951b8-direct-order-extprop8196-s40-extobj-norootlp-nomaxarity=7992000; pycsp3-extra-ortools-1t-rerun1-20260505=310000; pycsp3-extra-ortools-1t-verbose1-20260509=310000
43,competition/2022-2025/COP22to25/AircraftLanding-table-airland07_c22.xml.lzma,minimize,optimal_mismatch,1d1a452a-direct-order=155000; 1d1a452a-log-scop=155000; a32997fd-direct-order=155000; 31b6e7a3-scip-log-scop-rerun2=155000; 9c976720-scip-log-scop-dynamic=155000; 261d4b72-direct-order-extprop8196-s40-extobj-norootlp-nomaxarity=733700; f85951b8-direct-order-extprop8196-s40-extobj-norootlp-nomaxarity=155000; ace64g-rr-20260505=155000; pycsp3-extra-ortools-20260505=155000; pycsp3-extra-ortools-1t-rerun1-20260505=155000; pycsp3-extra-ortools-1t-verbose1-20260509=155000
44,competition/2022-2025/COP22to25/AircraftLanding-table-airland08_c22.xml.lzma,minimize,optimal_mismatch,261d4b72-direct-order-extprop8196-s40-extobj-norootlp-nomaxarity=33914500; f85951b8-direct-order-extprop8196-s40-extobj-norootlp-nomaxarity=9160000
45,competition/2022-2025/COP22to25/AircraftLanding-table-airland09_c22.xml.lzma,minimize,incumbent_beats_optimum,optimum=17191128; 1d1a452a-log-scop=10776330; 31b6e7a3-scip-rerun1=4004601; 31b6e7a3-scip-log-scop-rerun2=10776330; 9c976720-scip-log-scop-dynamic=10776330; 9c976720-scip-direct-order-dynamic=3831151; bd3c9f7d-scip-log-scop-dynamic=10776330; 835f8aaf-scip-log-scop-dynamic=6050974; 10c9c43b-dirty-log-scop-dadda-norootlp=7544380; 10c9c43b-dirty-log-scop-autobdd-norootlp-rerun1=5682479; a5249e5b-log-scop-autobdd-norootlp=5682479; f85951b8-log-scop-autobdd-norootlp=5682479; 1173b3f4-scip-direct-order-extge-eager-dynwatch=16971146; ace64g-rr-20260505=571171; pycsp3-extra-ortools-20260505=1461584; pycsp3-extra-ortools-1t-rerun1-20260505=1236257; pycsp3-extra-ortools-1t-verbose1-20260509=1236257
46,competition/2022-2025/COP22to25/AircraftLanding-table-airland10_c22.xml.lzma,minimize,incumbent_beats_optimum,optimum=29650057; 1d1a452a-log-scop=16174373; 31b6e7a3-scip-rerun1=5952221; 31b6e7a3-scip-log-scop-rerun2=16174373; 9c976720-scip-log-scop-dynamic=16174373; 9c976720-scip-direct-order-dynamic=6512655; bd3c9f7d-scip-log-scop-dynamic=16174373; 835f8aaf-scip-log-scop-dynamic=9007852; 10c9c43b-dirty-log-scop-dadda-norootlp=9729878; 10c9c43b-dirty-log-scop-autobdd-norootlp-rerun1=9262957; a5249e5b-log-scop-autobdd-norootlp=9262957; f85951b8-log-scop-autobdd-norootlp=9262957; 1173b3f4-scip-direct-order-extge-eager-dynwatch=26571193; f85951b8-direct-order-extprop8196-s40-extobj-norootlp-nomaxarity=29639481; ace64g-rr-20260505=1520206; pycsp3-extra-ortools-20260505=3172953; pycsp3-extra-ortools-1t-rerun1-20260505=3925164; pycsp3-extra-ortools-1t-verbose1-20260509=3925264
47,competition/2022-2025/COP22to25/AircraftLanding-table-airland11_c22.xml.lzma,minimize,incumbent_beats_optimum,optimum=38581903; 1d1a452a-direct-order=9612481; 1d1a452a-log-scop=12705255; a32997fd-direct-order=9612481; 31b6e7a3-scip-rerun1=7901563; 31b6e7a3-scip-log-scop-rerun2=12705255; 9c976720-scip-log-scop-dynamic=12705255; 9c976720-scip-direct-order-dynamic=7189852; bd3c9f7d-scip-direct-order-dynamic=9612481; bd3c9f7d-scip-log-scop-dynamic=12705255; 835f8aaf-scip-direct-order-dynamic=9612481; 835f8aaf-scip-log-scop-dynamic=11939749; 10c9c43b-dirty-log-scop-dadda-norootlp=14266382; 10c9c43b-dirty-log-scop-autobdd-norootlp-rerun1=13205876; a5249e5b-log-scop-autobdd-norootlp=13205876; f85951b8-log-scop-autobdd-norootlp=13205876; 1173b3f4-scip-direct-order-extge-eager-dynwatch=8832365; 1173b3f4-direct-order-extprop8196-s40-20260512=9612481; ace64g-rr-20260505=1342404; pycsp3-extra-ortools-20260505=4010249; pycsp3-extra-ortools-1t-rerun1-20260505=3294893; pycsp3-extra-ortools-1t-verbose1-20260509=3294893
51,competition/2022-2025/COP22to25/AlteredStates-03_c25.xml.lzma,maximize,unsat_with_value,"UNSAT from f85951b8-direct-order-extprop8196-s40-extobj-norootlp-nomaxarity; values from 1d1a452a-direct-order=35, 1d1a452a-log-scop=35, a32997fd-direct-order=35, 31b6e7a3-scip-rerun1=35, 31b6e7a3-scip-log-scop-rerun2=35, 9c976720-scip-log-scop-dynamic=35, 9c976720-scip-direct-order-dynamic=35, bd3c9f7d-scip-direct-order-dynamic=35"
52,competition/2022-2025/COP22to25/AlteredStates-04_c25.xml.lzma,maximize,optimal_mismatch,261d4b72-direct-order-extprop8196-s40-extobj-norootlp-nomaxarity=13; f85951b8-direct-order-extprop8196-s40-extobj-norootlp-nomaxarity=33
53,competition/2022-2025/COP22to25/AlteredStates-05_c25.xml.lzma,maximize,incumbent_beats_optimum,optimum=26; 1d1a452a-direct-order=78; 1d1a452a-log-scop=60; a32997fd-direct-order=78; 31b6e7a3-scip-rerun1=78; 31b6e7a3-scip-log-scop-rerun2=60; 9c976720-scip-log-scop-dynamic=80; 9c976720-scip-direct-order-dynamic=76; bd3c9f7d-scip-direct-order-dynamic=71; bd3c9f7d-scip-log-scop-dynamic=66; aac6b714-scip-direct-order-dynamic=62; 835f8aaf-scip-direct-order-dynamic=65; 835f8aaf-scip-log-scop-dynamic=64; 10c9c43b-dirty-log-scop-dadda-norootlp=60; 10c9c43b-dirty-log-scop-autobdd-norootlp-rerun1=67; 1173b3f4-scip-direct-order-extge-eager-dynwatch=83; 1173b3f4-direct-order-extprop8196-s40-20260512=79; 261d4b72-direct-order-extprop8196-s40-extobj-norootlp-nomaxarity=28; ace64g-rr-20260505=86; pycsp3-extra-ortools-20260505=81; pycsp3-extra-ortools-1t-rerun1-20260505=92; pycsp3-extra-ortools-1t-verbose1-20260509=92
54,competition/2022-2025/COP22to25/AlteredStates-06_c25.xml.lzma,maximize,optimal_mismatch,261d4b72-direct-order-extprop8196-s40-extobj-norootlp-nomaxarity=46; f85951b8-direct-order-extprop8196-s40-extobj-norootlp-nomaxarity=41
55,competition/2022-2025/COP22to25/AlteredStates-08_c25.xml.lzma,maximize,optimal_mismatch,261d4b72-direct-order-extprop8196-s40-extobj-norootlp-nomaxarity=46; f85951b8-direct-order-extprop8196-s40-extobj-norootlp-nomaxarity=76
56,competition/2022-2025/COP22to25/AlteredStates-10_c25.xml.lzma,maximize,optimal_mismatch,261d4b72-direct-order-extprop8196-s40-extobj-norootlp-nomaxarity=28; f85951b8-direct-order-extprop8196-s40-extobj-norootlp-nomaxarity=163
57,competition/2022-2025/COP22to25/AlteredStates-12_c25.xml.lzma,maximize,optimal_mismatch,261d4b72-direct-order-extprop8196-s40-extobj-norootlp-nomaxarity=53; f85951b8-direct-order-extprop8196-s40-extobj-norootlp-nomaxarity=195
58,competition/2022-2025/COP22to25/AlteredStates-15_c25.xml.lzma,maximize,optimal_mismatch,261d4b72-direct-order-extprop8196-s40-extobj-norootlp-nomaxarity=28; f85951b8-direct-order-extprop8196-s40-extobj-norootlp-nomaxarity=216; ace64g-rr-20260505=412
59,competition/2022-2025/COP22to25/AlteredStates-bis-02_c25.xml.lzma,maximize,optimal_mismatch,10c9c43b-dirty-log-scop-dadda-norootlp=29145505; 1173b3f4-scip-direct-order-extge-eager-dynwatch=29145505; 261d4b72-direct-order-extprop8196-s40-extobj-norootlp-nomaxarity=16828923; ace64g-rr-20260505=29145505; pycsp3-extra-ortools-20260505=29145505; pycsp3-extra-ortools-1t-rerun1-20260505=29145505; pycsp3-extra-ortools-1t-verbose1-20260509=29145505
61,competition/2022-2025/COP22to25/AlteredStates-bis-04_c25.xml.lzma,maximize,incumbent_beats_optimum,optimum=17405774; 1d1a452a-log-scop=23242733; 31b6e7a3-scip-log-scop-rerun2=17475570; 10c9c43b-dirty-log-scop-dadda-norootlp=98059579; 1173b3f4-scip-direct-order-extge-eager-dynwatch=188546404; ace64g-rr-20260505=179429556; pycsp3-extra-ortools-20260505=158283765; pycsp3-extra-ortools-1t-rerun1-20260505=174595288; pycsp3-extra-ortools-1t-verbose1-20260509=174595288
62,competition/2022-2025/COP22to25/AlteredStates-bis-05_c25.xml.lzma,maximize,incumbent_beats_optimum,optimum=14818927; 1d1a452a-log-scop=38434499; 9c976720-scip-log-scop-dynamic=17816807; 10c9c43b-dirty-log-scop-dadda-norootlp=111049731; 1173b3f4-scip-direct-order-extge-eager-dynwatch=226131641; ace64g-rr-20260505=224390101; pycsp3-extra-ortools-20260505=194615934; pycsp3-extra-ortools-1t-rerun1-20260505=209217002; pycsp3-extra-ortools-1t-verbose1-20260509=209217002
63,competition/2022-2025/COP22to25/AlteredStates-bis-06_c25.xml.lzma,maximize,incumbent_beats_optimum,optimum=35963500; 1d1a452a-log-scop=48026373; 10c9c43b-dirty-log-scop-dadda-norootlp=107155563; 1173b3f4-scip-direct-order-extge-eager-dynwatch=247557356; ace64g-rr-20260505=268601823; pycsp3-extra-ortools-20260505=207812637; pycsp3-extra-ortools-1t-rerun1-20260505=242242709; pycsp3-extra-ortools-1t-verbose1-20260509=242242709
64,competition/2022-2025/COP22to25/AlteredStates-bis-08_c25.xml.lzma,maximize,incumbent_beats_optimum,optimum=60141262; 1d1a452a-log-scop=136256173; 31b6e7a3-scip-log-scop-rerun2=136256173; 9c976720-scip-log-scop-dynamic=136256173; bd3c9f7d-scip-log-scop-dynamic=136256173; 835f8aaf-scip-log-scop-dynamic=65915877; a5249e5b-log-scop-autobdd-norootlp=130076561; f85951b8-log-scop-autobdd-norootlp=130076561; 1173b3f4-scip-direct-order-extge-eager-dynwatch=246633636; ace64g-rr-20260505=300108000; pycsp3-extra-ortools-20260505=272888755; pycsp3-extra-ortools-1t-rerun1-20260505=275976236; pycsp3-extra-ortools-1t-verbose1-20260509=275976236
65,competition/2022-2025/COP22to25/AlteredStates-bis-10_c25.xml.lzma,maximize,optimal_mismatch,261d4b72-direct-order-extprop8196-s40-extobj-norootlp-nomaxarity=78543881; ace64g-rr-20260505=330759736
66,competition/2022-2025/COP22to25/AlteredStates-bis-12_c25.xml.lzma,maximize,optimal_mismatch,261d4b72-direct-order-extprop8196-s40-extobj-norootlp-nomaxarity=110834975; ace64g-rr-20260505=330759736; pycsp3-extra-ortools-1t-rerun1-20260505=330759736; pycsp3-extra-ortools-1t-verbose1-20260509=330759736
67,competition/2022-2025/COP22to25/AlteredStates-bis-15_c25.xml.lzma,maximize,optimal_mismatch,261d4b72-direct-order-extprop8196-s40-extobj-norootlp-nomaxarity=127413789; ace64g-rr-20260505=330759736; pycsp3-extra-ortools-20260505=330759736; pycsp3-extra-ortools-1t-rerun1-20260505=330759736; pycsp3-extra-ortools-1t-verbose1-20260509=330759736
68,competition/2022-2025/COP22to25/AztecDiamondSym-03_c24.xml.lzma,minimize,optimal_mismatch,1d1a452a-log-scop=69; a32997fd-direct-order=69; 31b6e7a3-scip-rerun1=69; 31b6e7a3-scip-log-scop-rerun2=69; 9c976720-scip-log-scop-dynamic=69; 9c976720-scip-direct-order-dynamic=69; bd3c9f7d-scip-direct-order-dynamic=69; bd3c9f7d-scip-log-scop-dynamic=69; aac6b714-scip-direct-order-dynamic=69; 835f8aaf-scip-direct-order-dynamic=69; 835f8aaf-scip-log-scop-dynamic=69; 10c9c43b-dirty-log-scop-dadda-norootlp=69; 10c9c43b-dirty-log-scop-autobdd-norootlp-rerun1=69; 1173b3f4-scip-direct-order-extge-eager-dynwatch=69; 1173b3f4-direct-order-extprop8196-s40-20260512=69; 261d4b72-direct-order-extprop8196-s40-extobj-norootlp-nomaxarity=183; ace64g-rr-20260505=69; pycsp3-extra-ortools-20260505=69; pycsp3-extra-ortools-1t-rerun1-20260505=69; pycsp3-extra-ortools-1t-verbose1-20260509=69
69,competition/2022-2025/COP22to25/AztecDiamondSym-04_c24.xml.lzma,minimize,optimal_mismatch,f85951b8-direct-order-extprop8196-s40-extobj-norootlp-nomaxarity=783; pycsp3-extra-ortools-20260505=341
70,competition/2022-2025/COP22to25/AztecDiamondSym-05_c24.xml.lzma,minimize,incumbent_beats_optimum,optimum=2283; 1d1a452a-log-scop=1581; a32997fd-direct-order=1516; 31b6e7a3-scip-rerun1=1877; 31b6e7a3-scip-log-scop-rerun2=1567; 9c976720-scip-log-scop-dynamic=1452; 9c976720-scip-direct-order-dynamic=1877; bd3c9f7d-scip-log-scop-dynamic=1522; aac6b714-scip-direct-order-dynamic=1301; 835f8aaf-scip-log-scop-dynamic=1495; 10c9c43b-dirty-log-scop-dadda-norootlp=1333; 10c9c43b-dirty-log-scop-autobdd-norootlp-rerun1=1457; 1173b3f4-scip-direct-order-extge-eager-dynwatch=1248; 1173b3f4-direct-order-extprop8196-s40-20260512=1532; ace64g-rr-20260505=1189; pycsp3-extra-ortools-20260505=1189; pycsp3-extra-ortools-1t-rerun1-20260505=1191; pycsp3-extra-ortools-1t-verbose1-20260509=1191
74,competition/2022-2025/COP22to25/AztecDiamondSym-09_c24.xml.lzma,minimize,incumbent_beats_optimum,optimum=63554; 10c9c43b-dirty-log-scop-dadda-norootlp=56812; 1173b3f4-scip-direct-order-extge-eager-dynwatch=57820; ace64g-rr-20260505=33509
79,competition/2022-2025/COP22to25/BeerJugs-dec-03_c23.xml.lzma,maximize,optimal_mismatch,72769ef1-guarded-basic-2m=37; 1d1a452a-direct-order=37; 1d1a452a-log-scop=37; a32997fd-direct-order=37; 31b6e7a3-scip-rerun1=37; 31b6e7a3-scip-log-scop-rerun2=37; 9c976720-scip-log-scop-dynamic=37; 9c976720-scip-direct-order-dynamic=37; bd3c9f7d-scip-direct-order-dynamic=37; bd3c9f7d-scip-log-scop-dynamic=37; aac6b714-scip-direct-order-dynamic=37; 835f8aaf-scip-direct-order-dynamic=37; 835f8aaf-scip-log-scop-dynamic=37; 10c9c43b-dirty-log-scop-dadda-norootlp=37; 10c9c43b-dirty-log-scop-autobdd-norootlp-rerun1=37; a5249e5b-log-scop-autobdd-norootlp=37; f85951b8-log-scop-autobdd-norootlp=37; 1173b3f4-scip-direct-order-extge-eager-dynwatch=37; 1173b3f4-direct-order-extprop8196-s40-20260512=37; 261d4b72-direct-order-extprop8196-s40-extobj-norootlp-nomaxarity=37; f85951b8-direct-order-extprop8196-s40-extobj-norootlp-nomaxarity=35; ace64g-rr-20260505=37; pycsp3-extra-ortools-20260505=37; pycsp3-extra-ortools-1t-rerun1-20260505=37; pycsp3-extra-ortools-1t-verbose1-20260509=37
81,competition/2022-2025/COP22to25/BeerJugs-dec-06_c23.xml.lzma,maximize,optimal_mismatch,72769ef1-guarded-basic-2m=45; 1d1a452a-direct-order=45; 1d1a452a-log-scop=45; a32997fd-direct-order=45; 31b6e7a3-scip-rerun1=45; 31b6e7a3-scip-log-scop-rerun2=45; 9c976720-scip-log-scop-dynamic=45; 9c976720-scip-direct-order-dynamic=45; bd3c9f7d-scip-direct-order-dynamic=45; bd3c9f7d-scip-log-scop-dynamic=45; aac6b714-scip-direct-order-dynamic=45; 835f8aaf-scip-direct-order-dynamic=45; 835f8aaf-scip-log-scop-dynamic=45; 10c9c43b-dirty-log-scop-dadda-norootlp=45; 10c9c43b-dirty-log-scop-autobdd-norootlp-rerun1=45; a5249e5b-log-scop-autobdd-norootlp=45; f85951b8-log-scop-autobdd-norootlp=45; 1173b3f4-scip-direct-order-extge-eager-dynwatch=45; 1173b3f4-direct-order-extprop8196-s40-20260512=45; 261d4b72-direct-order-extprop8196-s40-extobj-norootlp-nomaxarity=45; f85951b8-direct-order-extprop8196-s40-extobj-norootlp-nomaxarity=12; ace64g-rr-20260505=45; pycsp3-extra-ortools-20260505=45; pycsp3-extra-ortools-1t-rerun1-20260505=45; pycsp3-extra-ortools-1t-verbose1-20260509=45
85,competition/2022-2025/COP22to25/BeerJugs-dec-10_c23.xml.lzma,maximize,unsat_with_value,"UNSAT from f85951b8-direct-order-extprop8196-s40-extobj-norootlp-nomaxarity; values from 72769ef1-guarded-basic-2m=61, 1d1a452a-direct-order=61, 1d1a452a-log-scop=61, a32997fd-direct-order=61, 31b6e7a3-scip-rerun1=61, 31b6e7a3-scip-log-scop-rerun2=61, 9c976720-scip-log-scop-dynamic=61, 9c976720-scip-direct-order-dynamic=61"
87,competition/2022-2025/COP22to25/Benzenoide-07_c23.xml.lzma,minimize,optimal_mismatch,a32997fd-direct-order=87; 31b6e7a3-scip-log-scop-rerun2=87; 9c976720-scip-log-scop-dynamic=87; aac6b714-scip-direct-order-dynamic=87; 835f8aaf-scip-log-scop-dynamic=87; 10c9c43b-dirty-log-scop-dadda-norootlp=87; 10c9c43b-dirty-log-scop-autobdd-norootlp-rerun1=87; 1173b3f4-scip-direct-order-extge-eager-dynwatch=87; 1173b3f4-direct-order-extprop8196-s40-20260512=87; 261d4b72-direct-order-extprop8196-s40-extobj-norootlp-nomaxarity=100; ace64g-rr-20260505=87
100,competition/2022-2025/COP22to25/BinPacking-n3c3w4a_c24.xml.lzma,minimize,incumbent_beats_optimum,optimum=100; 1d1a452a-log-scop=90; a32997fd-direct-order=90; 31b6e7a3-scip-rerun1=90; 31b6e7a3-scip-log-scop-rerun2=90; 9c976720-scip-log-scop-dynamic=90; 9c976720-scip-direct-order-dynamic=90; bd3c9f7d-scip-direct-order-dynamic=90; bd3c9f7d-scip-log-scop-dynamic=90; aac6b714-scip-direct-order-dynamic=90; 835f8aaf-scip-direct-order-dynamic=90; 835f8aaf-scip-log-scop-dynamic=90; 10c9c43b-dirty-log-scop-dadda-norootlp=90; 10c9c43b-dirty-log-scop-autobdd-norootlp-rerun1=90; a5249e5b-log-scop-autobdd-norootlp=90; f85951b8-log-scop-autobdd-norootlp=90; 1173b3f4-scip-direct-order-extge-eager-dynwatch=90; 1173b3f4-direct-order-extprop8196-s40-20260512=90; 261d4b72-direct-order-extprop8196-s40-extobj-norootlp-nomaxarity=90; ace64g-rr-20260505=90; pycsp3-extra-ortools-20260505=90; pycsp3-extra-ortools-1t-rerun1-20260505=90; pycsp3-extra-ortools-1t-verbose1-20260509=90
103,competition/2022-2025/COP22to25/BinPacking-table-n3c3w2a_c24.xml.lzma,minimize,incumbent_beats_optimum,optimum=89; 1d1a452a-log-scop=85; a32997fd-direct-order=85; 31b6e7a3-scip-rerun1=85; 31b6e7a3-scip-log-scop-rerun2=85; 9c976720-scip-log-scop-dynamic=86; 9c976720-scip-direct-order-dynamic=86; bd3c9f7d-scip-direct-order-dynamic=85; bd3c9f7d-scip-log-scop-dynamic=85; aac6b714-scip-direct-order-dynamic=86; 835f8aaf-scip-direct-order-dynamic=86; 835f8aaf-scip-log-scop-dynamic=86; 10c9c43b-dirty-log-scop-dadda-norootlp=87; 10c9c43b-dirty-log-scop-autobdd-norootlp-rerun1=85; a5249e5b-log-scop-autobdd-norootlp=85; f85951b8-log-scop-autobdd-norootlp=85; 1173b3f4-scip-direct-order-extge-eager-dynwatch=86; 261d4b72-direct-order-extprop8196-s40-extobj-norootlp-nomaxarity=85; ace64g-rr-20260505=85; pycsp3-extra-ortools-1t-rerun1-20260505=86; pycsp3-extra-ortools-1t-verbose1-20260509=88
104,competition/2022-2025/COP22to25/BinPacking-table-n3c3w4a_c24.xml.lzma,minimize,incumbent_beats_optimum,optimum=97; 1d1a452a-log-scop=90; a32997fd-direct-order=90; 31b6e7a3-scip-rerun1=90; 31b6e7a3-scip-log-scop-rerun2=90; 9c976720-scip-log-scop-dynamic=90; 9c976720-scip-direct-order-dynamic=90; bd3c9f7d-scip-direct-order-dynamic=90; bd3c9f7d-scip-log-scop-dynamic=90; aac6b714-scip-direct-order-dynamic=90; 835f8aaf-scip-direct-order-dynamic=90; 835f8aaf-scip-log-scop-dynamic=90; 10c9c43b-dirty-log-scop-dadda-norootlp=90; 10c9c43b-dirty-log-scop-autobdd-norootlp-rerun1=90; a5249e5b-log-scop-autobdd-norootlp=90; f85951b8-log-scop-autobdd-norootlp=90; 1173b3f4-scip-direct-order-extge-eager-dynwatch=90; 1173b3f4-direct-order-extprop8196-s40-20260512=90; 261d4b72-direct-order-extprop8196-s40-extobj-norootlp-nomaxarity=90; ace64g-rr-20260505=90; pycsp3-extra-ortools-20260505=90; pycsp3-extra-ortools-1t-rerun1-20260505=90; pycsp3-extra-ortools-1t-verbose1-20260509=90
105,competition/2022-2025/COP22to25/BinPacking2-n1c1w1a_c24.xml.lzma,minimize,optimal_mismatch,a32997fd-direct-order=25; 31b6e7a3-scip-rerun1=25; 31b6e7a3-scip-log-scop-rerun2=25; 9c976720-scip-log-scop-dynamic=25; 9c976720-scip-direct-order-dynamic=25; bd3c9f7d-scip-direct-order-dynamic=25; bd3c9f7d-scip-log-scop-dynamic=25; aac6b714-scip-direct-order-dynamic=25; 835f8aaf-scip-direct-order-dynamic=25; 835f8aaf-scip-log-scop-dynamic=25; 10c9c43b-dirty-log-scop-dadda-norootlp=25; 10c9c43b-dirty-log-scop-autobdd-norootlp-rerun1=25; 1173b3f4-scip-direct-order-extge-eager-dynwatch=25; 1173b3f4-direct-order-extprop8196-s40-20260512=25; 261d4b72-direct-order-extprop8196-s40-extobj-norootlp-nomaxarity=25; f85951b8-direct-order-extprop8196-s40-extobj-norootlp-nomaxarity=27; ace64g-rr-20260505=25; pycsp3-extra-ortools-20260505=25; pycsp3-extra-ortools-1t-rerun1-20260505=25; pycsp3-extra-ortools-1t-verbose1-20260509=25
107,competition/2022-2025/COP22to25/BinPacking2-n3c3w1a_c24.xml.lzma,minimize,optimal_mismatch,31b6e7a3-scip-log-scop-rerun2=66; 9c976720-scip-log-scop-dynamic=66; bd3c9f7d-scip-log-scop-dynamic=66; 835f8aaf-scip-log-scop-dynamic=66; f85951b8-direct-order-extprop8196-s40-extobj-norootlp-nomaxarity=68; ace64g-rr-20260505=66; pycsp3-extra-ortools-20260505=66; pycsp3-extra-ortools-1t-rerun1-20260505=66; pycsp3-extra-ortools-1t-verbose1-20260509=66
127,competition/2022-2025/COP22to25/BusScheduling-c1_c25.xml.lzma,minimize,optimal_mismatch,261d4b72-direct-order-extprop8196-s40-extobj-norootlp-nomaxarity=30; f85951b8-direct-order-extprop8196-s40-extobj-norootlp-nomaxarity=30; pycsp3-extra-ortools-20260505=26
131,competition/2022-2025/COP22to25/BusScheduling-r1a_c25.xml.lzma,minimize,optimal_mismatch,f85951b8-direct-order-extprop8196-s40-extobj-norootlp-nomaxarity=18; pycsp3-extra-ortools-20260505=11
132,competition/2022-2025/COP22to25/BusScheduling-r2_c25.xml.lzma,minimize,optimal_mismatch,f85951b8-direct-order-extprop8196-s40-extobj-norootlp-nomaxarity=18; pycsp3-extra-ortools-20260505=14
135,competition/2022-2025/COP22to25/BusScheduling-r5_c25.xml.lzma,minimize,optimal_mismatch,f85951b8-direct-order-extprop8196-s40-extobj-norootlp-nomaxarity=30; pycsp3-extra-ortools-20260505=29
160,competition/2022-2025/COP22to25/Cargo-01-0s-1913_c24.xml.lzma,minimize,optimal_mismatch,31b6e7a3-scip-log-scop-rerun2=0; 9c976720-scip-log-scop-dynamic=0; bd3c9f7d-scip-log-scop-dynamic=0; 835f8aaf-scip-log-scop-dynamic=0; 10c9c43b-dirty-log-scop-autobdd-norootlp-rerun1=0; a5249e5b-log-scop-autobdd-norootlp=0; f85951b8-log-scop-autobdd-norootlp=0; 261d4b72-direct-order-extprop8196-s40-extobj-norootlp-nomaxarity=26586; ace64g-rr-20260505=0; pycsp3-extra-ortools-20260505=0; pycsp3-extra-ortools-1t-rerun1-20260505=0; pycsp3-extra-ortools-1t-verbose1-20260509=0
161,competition/2022-2025/COP22to25/Cargo-02-0s-1139_c24.xml.lzma,minimize,optimal_mismatch,31b6e7a3-scip-log-scop-rerun2=25; 9c976720-scip-log-scop-dynamic=25; bd3c9f7d-scip-log-scop-dynamic=25; 835f8aaf-scip-log-scop-dynamic=25; 10c9c43b-dirty-log-scop-autobdd-norootlp-rerun1=25; a5249e5b-log-scop-autobdd-norootlp=25; f85951b8-log-scop-autobdd-norootlp=25; 261d4b72-direct-order-extprop8196-s40-extobj-norootlp-nomaxarity=33304; ace64g-rr-20260505=25; pycsp3-extra-ortools-20260505=25; pycsp3-extra-ortools-1t-rerun1-20260505=25; pycsp3-extra-ortools-1t-verbose1-20260509=25
162,competition/2022-2025/COP22to25/Cargo-04-1s-626_c24.xml.lzma,minimize,optimal_mismatch,31b6e7a3-scip-log-scop-rerun2=714; 9c976720-scip-log-scop-dynamic=714; bd3c9f7d-scip-log-scop-dynamic=714; 835f8aaf-scip-log-scop-dynamic=714; 10c9c43b-dirty-log-scop-autobdd-norootlp-rerun1=714; a5249e5b-log-scop-autobdd-norootlp=714; f85951b8-log-scop-autobdd-norootlp=714; f85951b8-direct-order-extprop8196-s40-extobj-norootlp-nomaxarity=11129; ace64g-rr-20260505=714; pycsp3-extra-ortools-20260505=714; pycsp3-extra-ortools-1t-rerun1-20260505=714; pycsp3-extra-ortools-1t-verbose1-20260509=714
163,competition/2022-2025/COP22to25/Cargo-05-1s-954_c24.xml.lzma,minimize,optimal_mismatch,31b6e7a3-scip-log-scop-rerun2=2883; 9c976720-scip-log-scop-dynamic=2883; 835f8aaf-scip-log-scop-dynamic=2883; 10c9c43b-dirty-log-scop-autobdd-norootlp-rerun1=2883; a5249e5b-log-scop-autobdd-norootlp=2883; f85951b8-log-scop-autobdd-norootlp=2883; 261d4b72-direct-order-extprop8196-s40-extobj-norootlp-nomaxarity=35189; ace64g-rr-20260505=2883; pycsp3-extra-ortools-20260505=2883; pycsp3-extra-ortools-1t-rerun1-20260505=2883; pycsp3-extra-ortools-1t-verbose1-20260509=2883
164,competition/2022-2025/COP22to25/Cargo-06-1s-3927_c24.xml.lzma,minimize,unsat_with_value,"UNSAT from f85951b8-direct-order-extprop8196-s40-extobj-norootlp-nomaxarity; values from 1d1a452a-direct-order=56107, 1d1a452a-log-scop=18030, 31b6e7a3-scip-rerun1=56107, 31b6e7a3-scip-log-scop-rerun2=13788, 9c976720-scip-log-scop-dynamic=14849, 9c976720-scip-direct-order-dynamic=56107, bd3c9f7d-scip-direct-order-dynamic=56107, bd3c9f7d-scip-log-scop-dynamic=18001"
164,competition/2022-2025/COP22to25/Cargo-06-1s-3927_c24.xml.lzma,minimize,optimal_mismatch,261d4b72-direct-order-extprop8196-s40-extobj-norootlp-nomaxarity=50485; pycsp3-extra-ortools-20260505=3394; pycsp3-extra-ortools-1t-rerun1-20260505=3394; pycsp3-extra-ortools-1t-verbose1-20260509=3394
165,competition/2022-2025/COP22to25/Cargo-07-1s-133_c24.xml.lzma,minimize,optimal_mismatch,10c9c43b-dirty-log-scop-autobdd-norootlp-rerun1=328; a5249e5b-log-scop-autobdd-norootlp=328; f85951b8-log-scop-autobdd-norootlp=328; 261d4b72-direct-order-extprop8196-s40-extobj-norootlp-nomaxarity=57228; ace64g-rr-20260505=328; pycsp3-extra-ortools-20260505=328; pycsp3-extra-ortools-1t-rerun1-20260505=328; pycsp3-extra-ortools-1t-verbose1-20260509=328
173,competition/2022-2025/COP22to25/Cargo-22_c24.xml.lzma,minimize,optimal_mismatch,31b6e7a3-scip-log-scop-rerun2=884; 9c976720-scip-log-scop-dynamic=884; 835f8aaf-scip-log-scop-dynamic=884; 10c9c43b-dirty-log-scop-autobdd-norootlp-rerun1=884; a5249e5b-log-scop-autobdd-norootlp=884; f85951b8-log-scop-autobdd-norootlp=884; 261d4b72-direct-order-extprop8196-s40-extobj-norootlp-nomaxarity=40983; f85951b8-direct-order-extprop8196-s40-extobj-norootlp-nomaxarity=33495; ace64g-rr-20260505=884; pycsp3-extra-ortools-20260505=884; pycsp3-extra-ortools-1t-rerun1-20260505=884; pycsp3-extra-ortools-1t-verbose1-20260509=884
174,competition/2022-2025/COP22to25/Cargo-24_c24.xml.lzma,minimize,optimal_mismatch,31b6e7a3-scip-log-scop-rerun2=0; 9c976720-scip-log-scop-dynamic=0; bd3c9f7d-scip-log-scop-dynamic=0; 835f8aaf-scip-log-scop-dynamic=0; 10c9c43b-dirty-log-scop-dadda-norootlp=0; 10c9c43b-dirty-log-scop-autobdd-norootlp-rerun1=0; a5249e5b-log-scop-autobdd-norootlp=0; f85951b8-log-scop-autobdd-norootlp=0; 261d4b72-direct-order-extprop8196-s40-extobj-norootlp-nomaxarity=20313; ace64g-rr-20260505=0; pycsp3-extra-ortools-20260505=0; pycsp3-extra-ortools-1t-rerun1-20260505=0; pycsp3-extra-ortools-1t-verbose1-20260509=0
175,competition/2022-2025/COP22to25/Cargo-25_c24.xml.lzma,minimize,optimal_mismatch,31b6e7a3-scip-log-scop-rerun2=0; 9c976720-scip-log-scop-dynamic=0; bd3c9f7d-scip-log-scop-dynamic=0; 835f8aaf-scip-log-scop-dynamic=0; 10c9c43b-dirty-log-scop-dadda-norootlp=0; 10c9c43b-dirty-log-scop-autobdd-norootlp-rerun1=0; a5249e5b-log-scop-autobdd-norootlp=0; f85951b8-log-scop-autobdd-norootlp=0; 261d4b72-direct-order-extprop8196-s40-extobj-norootlp-nomaxarity=25975; ace64g-rr-20260505=0; pycsp3-extra-ortools-20260505=0; pycsp3-extra-ortools-1t-rerun1-20260505=0; pycsp3-extra-ortools-1t-verbose1-20260509=0
211,competition/2022-2025/COP22to25/Charlotte-06-1_c24.xml.lzma,minimize,optimal_mismatch,aac6b714-scip-direct-order-dynamic=5099; 10c9c43b-dirty-log-scop-dadda-norootlp=5099; 1173b3f4-scip-direct-order-extge-eager-dynwatch=5099; f85951b8-direct-order-extprop8196-s40-extobj-norootlp-nomaxarity=6045; ace64g-rr-20260505=5099
214,competition/2022-2025/COP22to25/Charlotte-12-1_c24.xml.lzma,minimize,incumbent_beats_optimum,optimum=11638; 1d1a452a-log-scop=11003; a32997fd-direct-order=11060; 31b6e7a3-scip-log-scop-rerun2=11372; 9c976720-scip-log-scop-dynamic=11372; bd3c9f7d-scip-log-scop-dynamic=11372; aac6b714-scip-direct-order-dynamic=10879; 10c9c43b-dirty-log-scop-dadda-norootlp=10661; 1173b3f4-scip-direct-order-extge-eager-dynwatch=10593; 1173b3f4-direct-order-extprop8196-s40-20260512=10877; ace64g-rr-20260505=10682
218,competition/2022-2025/COP22to25/Charlotte-18-2_c24.xml.lzma,minimize,incumbent_beats_optimum,optimum=16952; 1d1a452a-log-scop=16100; a32997fd-direct-order=16732; 31b6e7a3-scip-log-scop-rerun2=16687; 9c976720-scip-log-scop-dynamic=16687; bd3c9f7d-scip-log-scop-dynamic=16687; 835f8aaf-scip-log-scop-dynamic=16254; 10c9c43b-dirty-log-scop-dadda-norootlp=15359; 10c9c43b-dirty-log-scop-autobdd-norootlp-rerun1=16838; a5249e5b-log-scop-autobdd-norootlp=16838; f85951b8-log-scop-autobdd-norootlp=16838; 1173b3f4-scip-direct-order-extge-eager-dynwatch=16368; 1173b3f4-direct-order-extprop8196-s40-20260512=15588; ace64g-rr-20260505=14549
220,competition/2022-2025/COP22to25/Charlotte-24-1_c24.xml.lzma,minimize,incumbent_beats_optimum,optimum=21763; 1d1a452a-log-scop=21691; 10c9c43b-dirty-log-scop-dadda-norootlp=21120; 1173b3f4-scip-direct-order-extge-eager-dynwatch=21550; 1173b3f4-direct-order-extprop8196-s40-20260512=21167; ace64g-rr-20260505=20049
221,competition/2022-2025/COP22to25/Charlotte-24-2_c24.xml.lzma,minimize,incumbent_beats_optimum,optimum=22402; 1d1a452a-log-scop=21784; 10c9c43b-dirty-log-scop-dadda-norootlp=21511; 1173b3f4-scip-direct-order-extge-eager-dynwatch=22011; 1173b3f4-direct-order-extprop8196-s40-20260512=21983; 261d4b72-direct-order-extprop8196-s40-extobj-norootlp-nomaxarity=22327; ace64g-rr-20260505=20369
232,competition/2022-2025/COP22to25/CoinsGrid-08-04_c22.xml.lzma,minimize,optimal_mismatch,1d1a452a-log-scop=80; a32997fd-direct-order=80; 31b6e7a3-scip-rerun1=80; 31b6e7a3-scip-log-scop-rerun2=80; 9c976720-scip-log-scop-dynamic=80; 9c976720-scip-direct-order-dynamic=80; bd3c9f7d-scip-direct-order-dynamic=80; bd3c9f7d-scip-log-scop-dynamic=80; aac6b714-scip-direct-order-dynamic=80; 835f8aaf-scip-direct-order-dynamic=80; 835f8aaf-scip-log-scop-dynamic=80; 10c9c43b-dirty-log-scop-dadda-norootlp=80; 10c9c43b-dirty-log-scop-autobdd-norootlp-rerun1=80; a5249e5b-log-scop-autobdd-norootlp=80; f85951b8-log-scop-autobdd-norootlp=80; 1173b3f4-scip-direct-order-extge-eager-dynwatch=80; 1173b3f4-direct-order-extprop8196-s40-20260512=80; f85951b8-direct-order-extprop8196-s40-extobj-norootlp-nomaxarity=246; ace64g-rr-20260505=80; pycsp3-extra-ortools-20260505=80; pycsp3-extra-ortools-1t-rerun1-20260505=80; pycsp3-extra-ortools-1t-verbose1-20260509=80
234,competition/2022-2025/COP22to25/CoinsGrid-12-06_c22.xml.lzma,minimize,optimal_mismatch,31b6e7a3-scip-log-scop-rerun2=420; 9c976720-scip-log-scop-dynamic=420; 835f8aaf-scip-log-scop-dynamic=420; 10c9c43b-dirty-log-scop-dadda-norootlp=420; 261d4b72-direct-order-extprop8196-s40-extobj-norootlp-nomaxarity=1720; pycsp3-extra-ortools-20260505=420; pycsp3-extra-ortools-1t-rerun1-20260505=420; pycsp3-extra-ortools-1t-verbose1-20260509=420
236,competition/2022-2025/COP22to25/CoinsGrid-16-08_c22.xml.lzma,minimize,optimal_mismatch,9c976720-scip-log-scop-dynamic=1344; f85951b8-direct-order-extprop8196-s40-extobj-norootlp-nomaxarity=4188; pycsp3-extra-ortools-20260505=1344; pycsp3-extra-ortools-1t-rerun1-20260505=1344; pycsp3-extra-ortools-1t-verbose1-20260509=1344
237,competition/2022-2025/COP22to25/CoinsGrid-19-09_c22.xml.lzma,minimize,optimal_mismatch,f85951b8-direct-order-extprop8196-s40-extobj-norootlp-nomaxarity=9512; pycsp3-extra-ortools-20260505=2236; pycsp3-extra-ortools-1t-rerun1-20260505=2236; pycsp3-extra-ortools-1t-verbose1-20260509=2236
238,competition/2022-2025/COP22to25/CoinsGrid-22-10_c22.xml.lzma,minimize,optimal_mismatch,261d4b72-direct-order-extprop8196-s40-extobj-norootlp-nomaxarity=17334; f85951b8-direct-order-extprop8196-s40-extobj-norootlp-nomaxarity=14592; pycsp3-extra-ortools-20260505=3532; pycsp3-extra-ortools-1t-rerun1-20260505=3532; pycsp3-extra-ortools-1t-verbose1-20260509=3532
239,competition/2022-2025/COP22to25/CoinsGrid-25-11_c22.xml.lzma,minimize,optimal_mismatch,f85951b8-direct-order-extprop8196-s40-extobj-norootlp-nomaxarity=33048; pycsp3-extra-ortools-20260505=5312; pycsp3-extra-ortools-1t-rerun1-20260505=5312; pycsp3-extra-ortools-1t-verbose1-20260509=5312
240,competition/2022-2025/COP22to25/CoinsGrid-28-12_c22.xml.lzma,minimize,optimal_mismatch,f85951b8-direct-order-extprop8196-s40-extobj-norootlp-nomaxarity=47024; pycsp3-extra-ortools-20260505=7696; pycsp3-extra-ortools-1t-rerun1-20260505=7696; pycsp3-extra-ortools-1t-verbose1-20260509=7696
241,competition/2022-2025/COP22to25/CoinsGrid-31-14_c22.xml.lzma,minimize,optimal_mismatch,261d4b72-direct-order-extprop8196-s40-extobj-norootlp-nomaxarity=59060; pycsp3-extra-ortools-20260505=13668; pycsp3-extra-ortools-1t-rerun1-20260505=13668; pycsp3-extra-ortools-1t-verbose1-20260509=13668
258,competition/2022-2025/COP22to25/Cutstock-00-0_c25.xml.lzma,minimize,optimal_mismatch,72769ef1-guarded-basic-2m=4; 1d1a452a-log-scop=4; a32997fd-direct-order=4; 31b6e7a3-scip-rerun1=4; 31b6e7a3-scip-log-scop-rerun2=4; 9c976720-scip-log-scop-dynamic=4; 9c976720-scip-direct-order-dynamic=4; bd3c9f7d-scip-direct-order-dynamic=4; bd3c9f7d-scip-log-scop-dynamic=4; aac6b714-scip-direct-order-dynamic=4; 835f8aaf-scip-direct-order-dynamic=4; 835f8aaf-scip-log-scop-dynamic=4; 10c9c43b-dirty-log-scop-dadda-norootlp=4; 10c9c43b-dirty-log-scop-autobdd-norootlp-rerun1=4; a5249e5b-log-scop-autobdd-norootlp=4; f85951b8-log-scop-autobdd-norootlp=4; 1173b3f4-scip-direct-order-extge-eager-dynwatch=4; 1173b3f4-direct-order-extprop8196-s40-20260512=4; 261d4b72-direct-order-extprop8196-s40-extobj-norootlp-nomaxarity=4; f85951b8-direct-order-extprop8196-s40-extobj-norootlp-nomaxarity=7; ace64g-rr-20260505=4; pycsp3-extra-ortools-20260505=4; pycsp3-extra-ortools-1t-rerun1-20260505=4; pycsp3-extra-ortools-1t-verbose1-20260509=4
259,competition/2022-2025/COP22to25/Cutstock-01-0_c25.xml.lzma,minimize,optimal_mismatch,a32997fd-direct-order=13; 31b6e7a3-scip-rerun1=13; 31b6e7a3-scip-log-scop-rerun2=13; 9c976720-scip-log-scop-dynamic=13; 9c976720-scip-direct-order-dynamic=13; bd3c9f7d-scip-direct-order-dynamic=13; bd3c9f7d-scip-log-scop-dynamic=13; aac6b714-scip-direct-order-dynamic=13; 835f8aaf-scip-direct-order-dynamic=13; 835f8aaf-scip-log-scop-dynamic=13; 1173b3f4-scip-direct-order-extge-eager-dynwatch=13; f85951b8-direct-order-extprop8196-s40-extobj-norootlp-nomaxarity=18; pycsp3-extra-ortools-20260505=13; pycsp3-extra-ortools-1t-rerun1-20260505=13; pycsp3-extra-ortools-1t-verbose1-20260509=13
261,competition/2022-2025/COP22to25/Cutstock-03-0_c25.xml.lzma,minimize,optimal_mismatch,a32997fd-direct-order=23; 31b6e7a3-scip-log-scop-rerun2=23; 9c976720-scip-log-scop-dynamic=23; bd3c9f7d-scip-log-scop-dynamic=23; 835f8aaf-scip-log-scop-dynamic=23; 1173b3f4-scip-direct-order-extge-eager-dynwatch=23; 261d4b72-direct-order-extprop8196-s40-extobj-norootlp-nomaxarity=34; pycsp3-extra-ortools-20260505=23; pycsp3-extra-ortools-1t-rerun1-20260505=23; pycsp3-extra-ortools-1t-verbose1-20260509=23
263,competition/2022-2025/COP22to25/Cutstock-07-0_c25.xml.lzma,minimize,optimal_mismatch,1d1a452a-log-scop=58; a32997fd-direct-order=58; 31b6e7a3-scip-log-scop-rerun2=58; 9c976720-scip-log-scop-dynamic=58; bd3c9f7d-scip-log-scop-dynamic=58; 835f8aaf-scip-direct-order-dynamic=58; 835f8aaf-scip-log-scop-dynamic=58; 10c9c43b-dirty-log-scop-dadda-norootlp=58; 10c9c43b-dirty-log-scop-autobdd-norootlp-rerun1=58; a5249e5b-log-scop-autobdd-norootlp=58; f85951b8-log-scop-autobdd-norootlp=58; 1173b3f4-scip-direct-order-extge-eager-dynwatch=58; 1173b3f4-direct-order-extprop8196-s40-20260512=58; 261d4b72-direct-order-extprop8196-s40-extobj-norootlp-nomaxarity=58; f85951b8-direct-order-extprop8196-s40-extobj-norootlp-nomaxarity=72; ace64g-rr-20260505=58; pycsp3-extra-ortools-20260505=58; pycsp3-extra-ortools-1t-rerun1-20260505=58; pycsp3-extra-ortools-1t-verbose1-20260509=58
264,competition/2022-2025/COP22to25/Cutstock-08-0_c25.xml.lzma,minimize,optimal_mismatch,1d1a452a-log-scop=579; 31b6e7a3-scip-log-scop-rerun2=579; 9c976720-scip-log-scop-dynamic=579; bd3c9f7d-scip-log-scop-dynamic=579; 835f8aaf-scip-log-scop-dynamic=579; 10c9c43b-dirty-log-scop-dadda-norootlp=579; 10c9c43b-dirty-log-scop-autobdd-norootlp-rerun1=579; a5249e5b-log-scop-autobdd-norootlp=579; f85951b8-log-scop-autobdd-norootlp=579; 1173b3f4-scip-direct-order-extge-eager-dynwatch=579; 1173b3f4-direct-order-extprop8196-s40-20260512=579; 261d4b72-direct-order-extprop8196-s40-extobj-norootlp-nomaxarity=579; f85951b8-direct-order-extprop8196-s40-extobj-norootlp-nomaxarity=651; ace64g-rr-20260505=579; pycsp3-extra-ortools-20260505=579; pycsp3-extra-ortools-1t-rerun1-20260505=579; pycsp3-extra-ortools-1t-verbose1-20260509=579
265,competition/2022-2025/COP22to25/Cutstock-09-0_c25.xml.lzma,minimize,optimal_mismatch,1d1a452a-log-scop=98; 31b6e7a3-scip-log-scop-rerun2=98; 9c976720-scip-log-scop-dynamic=98; bd3c9f7d-scip-log-scop-dynamic=98; 835f8aaf-scip-log-scop-dynamic=98; 10c9c43b-dirty-log-scop-dadda-norootlp=98; 10c9c43b-dirty-log-scop-autobdd-norootlp-rerun1=98; a5249e5b-log-scop-autobdd-norootlp=98; f85951b8-log-scop-autobdd-norootlp=98; 1173b3f4-scip-direct-order-extge-eager-dynwatch=98; 1173b3f4-direct-order-extprop8196-s40-20260512=98; 261d4b72-direct-order-extprop8196-s40-extobj-norootlp-nomaxarity=98; f85951b8-direct-order-extprop8196-s40-extobj-norootlp-nomaxarity=133; ace64g-rr-20260505=98; pycsp3-extra-ortools-20260505=98; pycsp3-extra-ortools-1t-rerun1-20260505=98; pycsp3-extra-ortools-1t-verbose1-20260509=98
266,competition/2022-2025/COP22to25/Cutstock-10-0_c25.xml.lzma,minimize,optimal_mismatch,1d1a452a-log-scop=983; f85951b8-direct-order-extprop8196-s40-extobj-norootlp-nomaxarity=1206; ace64g-rr-20260505=983; pycsp3-extra-ortools-20260505=983; pycsp3-extra-ortools-1t-rerun1-20260505=983; pycsp3-extra-ortools-1t-verbose1-20260509=983
267,competition/2022-2025/COP22to25/Cutstock-13-0_c25.xml.lzma,minimize,optimal_mismatch,72769ef1-guarded-basic-2m=65; 1d1a452a-log-scop=65; a32997fd-direct-order=65; 31b6e7a3-scip-rerun1=65; 31b6e7a3-scip-log-scop-rerun2=65; 9c976720-scip-log-scop-dynamic=65; 9c976720-scip-direct-order-dynamic=65; bd3c9f7d-scip-direct-order-dynamic=65; bd3c9f7d-scip-log-scop-dynamic=65; aac6b714-scip-direct-order-dynamic=65; 835f8aaf-scip-direct-order-dynamic=65; 835f8aaf-scip-log-scop-dynamic=65; 10c9c43b-dirty-log-scop-dadda-norootlp=65; 10c9c43b-dirty-log-scop-autobdd-norootlp-rerun1=65; a5249e5b-log-scop-autobdd-norootlp=65; f85951b8-log-scop-autobdd-norootlp=65; 1173b3f4-scip-direct-order-extge-eager-dynwatch=65; 1173b3f4-direct-order-extprop8196-s40-20260512=65; 261d4b72-direct-order-extprop8196-s40-extobj-norootlp-nomaxarity=65; f85951b8-direct-order-extprop8196-s40-extobj-norootlp-nomaxarity=80; ace64g-rr-20260505=65; pycsp3-extra-ortools-20260505=65; pycsp3-extra-ortools-1t-rerun1-20260505=65; pycsp3-extra-ortools-1t-verbose1-20260509=65
269,competition/2022-2025/COP22to25/Cutstock-15-0_c25.xml.lzma,minimize,optimal_mismatch,1d1a452a-log-scop=130; 31b6e7a3-scip-log-scop-rerun2=130; 9c976720-scip-log-scop-dynamic=130; bd3c9f7d-scip-log-scop-dynamic=130; 835f8aaf-scip-log-scop-dynamic=130; 10c9c43b-dirty-log-scop-dadda-norootlp=130; 10c9c43b-dirty-log-scop-autobdd-norootlp-rerun1=130; a5249e5b-log-scop-autobdd-norootlp=130; f85951b8-log-scop-autobdd-norootlp=130; 1173b3f4-scip-direct-order-extge-eager-dynwatch=130; 1173b3f4-direct-order-extprop8196-s40-20260512=130; 261d4b72-direct-order-extprop8196-s40-extobj-norootlp-nomaxarity=130; f85951b8-direct-order-extprop8196-s40-extobj-norootlp-nomaxarity=146; ace64g-rr-20260505=130; pycsp3-extra-ortools-20260505=130; pycsp3-extra-ortools-1t-rerun1-20260505=130; pycsp3-extra-ortools-1t-verbose1-20260509=130
270,competition/2022-2025/COP22to25/Cutstock-16-0_c25.xml.lzma,minimize,optimal_mismatch,1d1a452a-log-scop=1305; 261d4b72-direct-order-extprop8196-s40-extobj-norootlp-nomaxarity=1305; f85951b8-direct-order-extprop8196-s40-extobj-norootlp-nomaxarity=1393; ace64g-rr-20260505=1305; pycsp3-extra-ortools-20260505=1305; pycsp3-extra-ortools-1t-rerun1-20260505=1305; pycsp3-extra-ortools-1t-verbose1-20260509=1305
271,competition/2022-2025/COP22to25/Cutstock-16-1_c25.xml.lzma,minimize,optimal_mismatch,1d1a452a-log-scop=1216; 261d4b72-direct-order-extprop8196-s40-extobj-norootlp-nomaxarity=1216; f85951b8-direct-order-extprop8196-s40-extobj-norootlp-nomaxarity=1366; ace64g-rr-20260505=1216; pycsp3-extra-ortools-20260505=1216; pycsp3-extra-ortools-1t-rerun1-20260505=1216; pycsp3-extra-ortools-1t-verbose1-20260509=1216
272,competition/2022-2025/COP22to25/Cutstock-16-2_c25.xml.lzma,minimize,optimal_mismatch,f85951b8-direct-order-extprop8196-s40-extobj-norootlp-nomaxarity=1369; pycsp3-extra-ortools-20260505=1223; pycsp3-extra-ortools-1t-rerun1-20260505=1223; pycsp3-extra-ortools-1t-verbose1-20260509=1223
273,competition/2022-2025/COP22to25/CyclicBandwidth-caterpillar13_c22.xml.lzma,minimize,optimal_mismatch,1d1a452a-direct-order=52; a32997fd-direct-order=52; ace64g-rr-20260505=10
274,competition/2022-2025/COP22to25/CyclicBandwidth-caterpillar16_c22.xml.lzma,minimize,optimal_mismatch,1d1a452a-direct-order=75; a32997fd-direct-order=75; ace64g-rr-20260505=13
275,competition/2022-2025/COP22to25/CyclicBandwidth-caterpillar19_c22.xml.lzma,minimize,optimal_mismatch,1d1a452a-direct-order=104; a32997fd-direct-order=104; ace64g-rr-20260505=15
276,competition/2022-2025/COP22to25/CyclicBandwidth-caterpillar23_c22.xml.lzma,minimize,optimal_mismatch,1d1a452a-direct-order=149; a32997fd-direct-order=149; ace64g-rr-20260505=19
279,competition/2022-2025/COP22to25/CyclicBandwidth-mesh2D05x08_c22.xml.lzma,minimize,optimal_mismatch,1d1a452a-direct-order=20; 1d1a452a-log-scop=5; a32997fd-direct-order=20; 31b6e7a3-scip-log-scop-rerun2=5; 9c976720-scip-log-scop-dynamic=5; bd3c9f7d-scip-log-scop-dynamic=5; aac6b714-scip-direct-order-dynamic=5; 835f8aaf-scip-log-scop-dynamic=5; 10c9c43b-dirty-log-scop-autobdd-norootlp-rerun1=5; a5249e5b-log-scop-autobdd-norootlp=5; f85951b8-log-scop-autobdd-norootlp=5; 1173b3f4-direct-order-extprop8196-s40-20260512=5; ace64g-rr-20260505=5; pycsp3-extra-ortools-20260505=5; pycsp3-extra-ortools-1t-rerun1-20260505=5; pycsp3-extra-ortools-1t-verbose1-20260509=5
280,competition/2022-2025/COP22to25/CyclicBandwidth-mesh2D10x10_c22.xml.lzma,minimize,incumbent_beats_optimum,optimum=50; 1d1a452a-log-scop=34; 31b6e7a3-scip-log-scop-rerun2=29; 9c976720-scip-log-scop-dynamic=37; bd3c9f7d-scip-log-scop-dynamic=40; aac6b714-scip-direct-order-dynamic=13; 835f8aaf-scip-log-scop-dynamic=22; 10c9c43b-dirty-log-scop-dadda-norootlp=44; 10c9c43b-dirty-log-scop-autobdd-norootlp-rerun1=13; a5249e5b-log-scop-autobdd-norootlp=11; f85951b8-log-scop-autobdd-norootlp=13; 1173b3f4-direct-order-extprop8196-s40-20260512=42; ace64g-rr-20260505=10; pycsp3-extra-ortools-20260505=10; pycsp3-extra-ortools-1t-rerun1-20260505=10; pycsp3-extra-ortools-1t-verbose1-20260509=10
282,competition/2022-2025/COP22to25/CyclicBandwidth-path100_c22.xml.lzma,minimize,optimal_mismatch,1d1a452a-direct-order=50; 1d1a452a-log-scop=1; a32997fd-direct-order=50; aac6b714-scip-direct-order-dynamic=1; 835f8aaf-scip-log-scop-dynamic=1; 10c9c43b-dirty-log-scop-autobdd-norootlp-rerun1=1; a5249e5b-log-scop-autobdd-norootlp=1; f85951b8-log-scop-autobdd-norootlp=1; ace64g-rr-20260505=1; pycsp3-extra-ortools-20260505=1; pycsp3-extra-ortools-1t-rerun1-20260505=1; pycsp3-extra-ortools-1t-verbose1-20260509=1
283,competition/2022-2025/COP22to25/CyclicBandwidth-path200_c22.xml.lzma,minimize,optimal_mismatch,1d1a452a-direct-order=100; 1d1a452a-log-scop=1; a32997fd-direct-order=100; ace64g-rr-20260505=1; pycsp3-extra-ortools-20260505=1
284,competition/2022-2025/COP22to25/CyclicBandwidth-path300_c22.xml.lzma,minimize,optimal_mismatch,1d1a452a-direct-order=149; a32997fd-direct-order=149; ace64g-rr-20260505=1; pycsp3-extra-ortools-20260505=1; pycsp3-extra-ortools-1t-rerun1-20260505=1; pycsp3-extra-ortools-1t-verbose1-20260509=1
285,competition/2022-2025/COP22to25/DC-midori-xor4-d1-t0-r03-v128_c22.xml.lzma,minimize,optimal_mismatch,72769ef1-guarded-basic-2m=3; 1d1a452a-log-scop=3; a32997fd-direct-order=3; 31b6e7a3-scip-rerun1=3; 31b6e7a3-scip-log-scop-rerun2=3; 9c976720-scip-log-scop-dynamic=3; 9c976720-scip-direct-order-dynamic=3; bd3c9f7d-scip-direct-order-dynamic=3; bd3c9f7d-scip-log-scop-dynamic=3; aac6b714-scip-direct-order-dynamic=3; 835f8aaf-scip-direct-order-dynamic=3; 835f8aaf-scip-log-scop-dynamic=3; 10c9c43b-dirty-log-scop-dadda-norootlp=3; 10c9c43b-dirty-log-scop-autobdd-norootlp-rerun1=3; a5249e5b-log-scop-autobdd-norootlp=3; f85951b8-log-scop-autobdd-norootlp=3; 1173b3f4-scip-direct-order-extge-eager-dynwatch=3; 1173b3f4-direct-order-extprop8196-s40-20260512=3; 261d4b72-direct-order-extprop8196-s40-extobj-norootlp-nomaxarity=45; f85951b8-direct-order-extprop8196-s40-extobj-norootlp-nomaxarity=34; ace64g-rr-20260505=3; pycsp3-extra-ortools-20260505=3; pycsp3-extra-ortools-1t-rerun1-20260505=3; pycsp3-extra-ortools-1t-verbose1-20260509=3
286,competition/2022-2025/COP22to25/DC-midori-xor4-d1-t0-r04-v128_c22.xml.lzma,minimize,optimal_mismatch,72769ef1-guarded-basic-2m=4; 1d1a452a-log-scop=4; a32997fd-direct-order=4; 31b6e7a3-scip-rerun1=4; 31b6e7a3-scip-log-scop-rerun2=4; 9c976720-scip-log-scop-dynamic=4; 9c976720-scip-direct-order-dynamic=4; bd3c9f7d-scip-direct-order-dynamic=4; bd3c9f7d-scip-log-scop-dynamic=4; aac6b714-scip-direct-order-dynamic=4; 835f8aaf-scip-direct-order-dynamic=4; 835f8aaf-scip-log-scop-dynamic=4; 10c9c43b-dirty-log-scop-dadda-norootlp=4; 10c9c43b-dirty-log-scop-autobdd-norootlp-rerun1=4; a5249e5b-log-scop-autobdd-norootlp=4; f85951b8-log-scop-autobdd-norootlp=4; 1173b3f4-scip-direct-order-extge-eager-dynwatch=4; 1173b3f4-direct-order-extprop8196-s40-20260512=4; 261d4b72-direct-order-extprop8196-s40-extobj-norootlp-nomaxarity=62; f85951b8-direct-order-extprop8196-s40-extobj-norootlp-nomaxarity=40; ace64g-rr-20260505=4; pycsp3-extra-ortools-20260505=4; pycsp3-extra-ortools-1t-rerun1-20260505=4; pycsp3-extra-ortools-1t-verbose1-20260509=4
287,competition/2022-2025/COP22to25/DC-midori-xor4-d1-t0-r05-v128_c22.xml.lzma,minimize,optimal_mismatch,72769ef1-guarded-basic-2m=5; 1d1a452a-log-scop=5; a32997fd-direct-order=5; 31b6e7a3-scip-rerun1=5; 31b6e7a3-scip-log-scop-rerun2=5; 9c976720-scip-log-scop-dynamic=5; 9c976720-scip-direct-order-dynamic=5; bd3c9f7d-scip-direct-order-dynamic=5; bd3c9f7d-scip-log-scop-dynamic=5; aac6b714-scip-direct-order-dynamic=5; 835f8aaf-scip-direct-order-dynamic=5; 835f8aaf-scip-log-scop-dynamic=5; 10c9c43b-dirty-log-scop-dadda-norootlp=5; 10c9c43b-dirty-log-scop-autobdd-norootlp-rerun1=5; a5249e5b-log-scop-autobdd-norootlp=5; f85951b8-log-scop-autobdd-norootlp=5; 1173b3f4-direct-order-extprop8196-s40-20260512=5; 261d4b72-direct-order-extprop8196-s40-extobj-norootlp-nomaxarity=79; f85951b8-direct-order-extprop8196-s40-extobj-norootlp-nomaxarity=56; ace64g-rr-20260505=5; pycsp3-extra-ortools-20260505=5; pycsp3-extra-ortools-1t-rerun1-20260505=5; pycsp3-extra-ortools-1t-verbose1-20260509=5
288,competition/2022-2025/COP22to25/DC-midori-xor4-d1-t0-r06-v128_c22.xml.lzma,minimize,optimal_mismatch,72769ef1-guarded-basic-2m=6; 1d1a452a-log-scop=6; a32997fd-direct-order=6; 31b6e7a3-scip-rerun1=6; 31b6e7a3-scip-log-scop-rerun2=6; 9c976720-scip-log-scop-dynamic=6; 9c976720-scip-direct-order-dynamic=6; bd3c9f7d-scip-direct-order-dynamic=6; bd3c9f7d-scip-log-scop-dynamic=6; aac6b714-scip-direct-order-dynamic=6; 835f8aaf-scip-direct-order-dynamic=6; 835f8aaf-scip-log-scop-dynamic=6; 10c9c43b-dirty-log-scop-dadda-norootlp=6; 10c9c43b-dirty-log-scop-autobdd-norootlp-rerun1=6; a5249e5b-log-scop-autobdd-norootlp=6; f85951b8-log-scop-autobdd-norootlp=6; 1173b3f4-direct-order-extprop8196-s40-20260512=6; 261d4b72-direct-order-extprop8196-s40-extobj-norootlp-nomaxarity=94; f85951b8-direct-order-extprop8196-s40-extobj-norootlp-nomaxarity=88; ace64g-rr-20260505=6; pycsp3-extra-ortools-20260505=6; pycsp3-extra-ortools-1t-rerun1-20260505=6; pycsp3-extra-ortools-1t-verbose1-20260509=6
289,competition/2022-2025/COP22to25/DC-midori-xor4-d1-t0-r08-v128_c22.xml.lzma,minimize,optimal_mismatch,1d1a452a-log-scop=8; a32997fd-direct-order=8; 31b6e7a3-scip-rerun1=8; 31b6e7a3-scip-log-scop-rerun2=8; 9c976720-scip-log-scop-dynamic=8; 9c976720-scip-direct-order-dynamic=8; bd3c9f7d-scip-direct-order-dynamic=8; bd3c9f7d-scip-log-scop-dynamic=8; aac6b714-scip-direct-order-dynamic=8; 835f8aaf-scip-direct-order-dynamic=8; 835f8aaf-scip-log-scop-dynamic=8; 10c9c43b-dirty-log-scop-dadda-norootlp=8; 10c9c43b-dirty-log-scop-autobdd-norootlp-rerun1=8; a5249e5b-log-scop-autobdd-norootlp=8; f85951b8-log-scop-autobdd-norootlp=8; 1173b3f4-direct-order-extprop8196-s40-20260512=8; 261d4b72-direct-order-extprop8196-s40-extobj-norootlp-nomaxarity=126; f85951b8-direct-order-extprop8196-s40-extobj-norootlp-nomaxarity=104; ace64g-rr-20260505=8; pycsp3-extra-ortools-20260505=8; pycsp3-extra-ortools-1t-rerun1-20260505=8; pycsp3-extra-ortools-1t-verbose1-20260509=8
290,competition/2022-2025/COP22to25/DC-midori-xor4-d1-t0-r09-v128_c22.xml.lzma,minimize,optimal_mismatch,1d1a452a-log-scop=9; a32997fd-direct-order=9; 31b6e7a3-scip-rerun1=9; 31b6e7a3-scip-log-scop-rerun2=9; 9c976720-scip-log-scop-dynamic=9; 9c976720-scip-direct-order-dynamic=9; bd3c9f7d-scip-direct-order-dynamic=9; bd3c9f7d-scip-log-scop-dynamic=9; aac6b714-scip-direct-order-dynamic=9; 835f8aaf-scip-direct-order-dynamic=9; 835f8aaf-scip-log-scop-dynamic=9; 10c9c43b-dirty-log-scop-dadda-norootlp=9; 10c9c43b-dirty-log-scop-autobdd-norootlp-rerun1=9; a5249e5b-log-scop-autobdd-norootlp=9; f85951b8-log-scop-autobdd-norootlp=9; 1173b3f4-direct-order-extprop8196-s40-20260512=9; 261d4b72-direct-order-extprop8196-s40-extobj-norootlp-nomaxarity=143; f85951b8-direct-order-extprop8196-s40-extobj-norootlp-nomaxarity=120; pycsp3-extra-ortools-20260505=9; pycsp3-extra-ortools-1t-rerun1-20260505=9; pycsp3-extra-ortools-1t-verbose1-20260509=9
291,competition/2022-2025/COP22to25/DC-midori-xor4-d1-t0-r14-v128_c22.xml.lzma,minimize,optimal_mismatch,1d1a452a-log-scop=14; 31b6e7a3-scip-log-scop-rerun2=14; 9c976720-scip-log-scop-dynamic=14; 9c976720-scip-direct-order-dynamic=14; bd3c9f7d-scip-log-scop-dynamic=14; aac6b714-scip-direct-order-dynamic=14; 835f8aaf-scip-log-scop-dynamic=14; 10c9c43b-dirty-log-scop-dadda-norootlp=14; 10c9c43b-dirty-log-scop-autobdd-norootlp-rerun1=14; a5249e5b-log-scop-autobdd-norootlp=14; f85951b8-log-scop-autobdd-norootlp=14; 1173b3f4-direct-order-extprop8196-s40-20260512=14; 261d4b72-direct-order-extprop8196-s40-extobj-norootlp-nomaxarity=223; f85951b8-direct-order-extprop8196-s40-extobj-norootlp-nomaxarity=200; pycsp3-extra-ortools-20260505=14
292,competition/2022-2025/COP22to25/DC-rijndael-xor5-d1-t0-r03-keysize7-plainsize4_c22.xml.lzma,minimize,optimal_mismatch,72769ef1-guarded-basic-2m=1; 1d1a452a-log-scop=1; a32997fd-direct-order=1; 31b6e7a3-scip-rerun1=1; 31b6e7a3-scip-log-scop-rerun2=1; 9c976720-scip-log-scop-dynamic=1; 9c976720-scip-direct-order-dynamic=1; bd3c9f7d-scip-direct-order-dynamic=3; bd3c9f7d-scip-log-scop-dynamic=1; aac6b714-scip-direct-order-dynamic=1; 835f8aaf-scip-direct-order-dynamic=1; 835f8aaf-scip-log-scop-dynamic=1; 10c9c43b-dirty-log-scop-dadda-norootlp=1; 10c9c43b-dirty-log-scop-autobdd-norootlp-rerun1=1; a5249e5b-log-scop-autobdd-norootlp=1; f85951b8-log-scop-autobdd-norootlp=1; 1173b3f4-scip-direct-order-extge-eager-dynwatch=1; 1173b3f4-direct-order-extprop8196-s40-20260512=1; 261d4b72-direct-order-extprop8196-s40-extobj-norootlp-nomaxarity=58; f85951b8-direct-order-extprop8196-s40-extobj-norootlp-nomaxarity=51; ace64g-rr-20260505=1; pycsp3-extra-ortools-20260505=1; pycsp3-extra-ortools-1t-rerun1-20260505=1; pycsp3-extra-ortools-1t-verbose1-20260509=1
293,competition/2022-2025/COP22to25/DC-rijndael-xor5-d1-t0-r04-keysize7-plainsize4_c22.xml.lzma,minimize,optimal_mismatch,72769ef1-guarded-basic-2m=3; 1d1a452a-log-scop=3; a32997fd-direct-order=3; 31b6e7a3-scip-rerun1=3; 31b6e7a3-scip-log-scop-rerun2=3; 9c976720-scip-log-scop-dynamic=3; 9c976720-scip-direct-order-dynamic=3; bd3c9f7d-scip-direct-order-dynamic=3; bd3c9f7d-scip-log-scop-dynamic=3; aac6b714-scip-direct-order-dynamic=3; 835f8aaf-scip-direct-order-dynamic=3; 835f8aaf-scip-log-scop-dynamic=3; 10c9c43b-dirty-log-scop-dadda-norootlp=3; 10c9c43b-dirty-log-scop-autobdd-norootlp-rerun1=3; a5249e5b-log-scop-autobdd-norootlp=3; f85951b8-log-scop-autobdd-norootlp=3; 1173b3f4-direct-order-extprop8196-s40-20260512=3; 261d4b72-direct-order-extprop8196-s40-extobj-norootlp-nomaxarity=76; f85951b8-direct-order-extprop8196-s40-extobj-norootlp-nomaxarity=51; ace64g-rr-20260505=3; pycsp3-extra-ortools-20260505=3; pycsp3-extra-ortools-1t-rerun1-20260505=3; pycsp3-extra-ortools-1t-verbose1-20260509=3
294,competition/2022-2025/COP22to25/DC-rijndael-xor5-d1-t0-r05-keysize7-plainsize4_c22.xml.lzma,minimize,optimal_mismatch,72769ef1-guarded-basic-2m=6; 1d1a452a-log-scop=6; a32997fd-direct-order=6; 31b6e7a3-scip-rerun1=6; 31b6e7a3-scip-log-scop-rerun2=6; 9c976720-scip-log-scop-dynamic=6; 9c976720-scip-direct-order-dynamic=6; bd3c9f7d-scip-direct-order-dynamic=6; bd3c9f7d-scip-log-scop-dynamic=6; aac6b714-scip-direct-order-dynamic=6; 835f8aaf-scip-direct-order-dynamic=6; 835f8aaf-scip-log-scop-dynamic=6; 10c9c43b-dirty-log-scop-dadda-norootlp=6; 10c9c43b-dirty-log-scop-autobdd-norootlp-rerun1=6; a5249e5b-log-scop-autobdd-norootlp=6; f85951b8-log-scop-autobdd-norootlp=6; 1173b3f4-direct-order-extprop8196-s40-20260512=6; 261d4b72-direct-order-extprop8196-s40-extobj-norootlp-nomaxarity=98; f85951b8-direct-order-extprop8196-s40-extobj-norootlp-nomaxarity=68; pycsp3-extra-ortools-20260505=6; pycsp3-extra-ortools-1t-rerun1-20260505=6; pycsp3-extra-ortools-1t-verbose1-20260509=6
295,competition/2022-2025/COP22to25/DC-rijndael-xor5-d1-t0-r06-keysize7-plainsize4_c22.xml.lzma,minimize,optimal_mismatch,1d1a452a-log-scop=9; a32997fd-direct-order=9; 31b6e7a3-scip-rerun1=9; 31b6e7a3-scip-log-scop-rerun2=9; 9c976720-scip-log-scop-dynamic=9; 9c976720-scip-direct-order-dynamic=9; aac6b714-scip-direct-order-dynamic=9; 835f8aaf-scip-log-scop-dynamic=9; 10c9c43b-dirty-log-scop-dadda-norootlp=9; 10c9c43b-dirty-log-scop-autobdd-norootlp-rerun1=9; a5249e5b-log-scop-autobdd-norootlp=9; f85951b8-log-scop-autobdd-norootlp=9; 1173b3f4-direct-order-extprop8196-s40-20260512=9; 261d4b72-direct-order-extprop8196-s40-extobj-norootlp-nomaxarity=123; f85951b8-direct-order-extprop8196-s40-extobj-norootlp-nomaxarity=104; pycsp3-extra-ortools-20260505=9; pycsp3-extra-ortools-1t-rerun1-20260505=9; pycsp3-extra-ortools-1t-verbose1-20260509=9
296,competition/2022-2025/COP22to25/DC-rijndael-xor5-d1-t0-r07-keysize7-plainsize4_c22.xml.lzma,minimize,optimal_mismatch,1d1a452a-log-scop=15; 31b6e7a3-scip-log-scop-rerun2=15; 9c976720-scip-log-scop-dynamic=15; 835f8aaf-scip-log-scop-dynamic=15; 10c9c43b-dirty-log-scop-dadda-norootlp=15; 10c9c43b-dirty-log-scop-autobdd-norootlp-rerun1=15; a5249e5b-log-scop-autobdd-norootlp=15; f85951b8-log-scop-autobdd-norootlp=15; 261d4b72-direct-order-extprop8196-s40-extobj-norootlp-nomaxarity=143; f85951b8-direct-order-extprop8196-s40-extobj-norootlp-nomaxarity=124
297,competition/2022-2025/COP22to25/DC-rijndael-xor5-d1-t0-r08-keysize7-plainsize4_c22.xml.lzma,minimize,optimal_mismatch,1d1a452a-log-scop=18; 31b6e7a3-scip-log-scop-rerun2=18; 9c976720-scip-log-scop-dynamic=18; 835f8aaf-scip-log-scop-dynamic=18; 10c9c43b-dirty-log-scop-autobdd-norootlp-rerun1=18; a5249e5b-log-scop-autobdd-norootlp=18; f85951b8-log-scop-autobdd-norootlp=18; 261d4b72-direct-order-extprop8196-s40-extobj-norootlp-nomaxarity=162; f85951b8-direct-order-extprop8196-s40-extobj-norootlp-nomaxarity=144
298,competition/2022-2025/COP22to25/DC-skinny-xor0-d0-t0-r06-v64-z0_c22.xml.lzma,minimize,optimal_mismatch,72769ef1-guarded-basic-2m=16; 1d1a452a-log-scop=16; a32997fd-direct-order=16; 31b6e7a3-scip-rerun1=16; 31b6e7a3-scip-log-scop-rerun2=16; 9c976720-scip-log-scop-dynamic=16; 9c976720-scip-direct-order-dynamic=16; bd3c9f7d-scip-direct-order-dynamic=20; bd3c9f7d-scip-log-scop-dynamic=16; aac6b714-scip-direct-order-dynamic=16; 835f8aaf-scip-direct-order-dynamic=16; 835f8aaf-scip-log-scop-dynamic=16; 10c9c43b-dirty-log-scop-dadda-norootlp=16; 10c9c43b-dirty-log-scop-autobdd-norootlp-rerun1=16; a5249e5b-log-scop-autobdd-norootlp=16; f85951b8-log-scop-autobdd-norootlp=16; 1173b3f4-scip-direct-order-extge-eager-dynwatch=16; 1173b3f4-direct-order-extprop8196-s40-20260512=16; 261d4b72-direct-order-extprop8196-s40-extobj-norootlp-nomaxarity=95; f85951b8-direct-order-extprop8196-s40-extobj-norootlp-nomaxarity=92; ace64g-rr-20260505=16; pycsp3-extra-ortools-20260505=16; pycsp3-extra-ortools-1t-rerun1-20260505=16; pycsp3-extra-ortools-1t-verbose1-20260509=16
299,competition/2022-2025/COP22to25/DC-skinny-xor0-d0-t0-r07-v64-z0_c22.xml.lzma,minimize,optimal_mismatch,72769ef1-guarded-basic-2m=26; 1d1a452a-log-scop=26; a32997fd-direct-order=26; 31b6e7a3-scip-rerun1=26; 31b6e7a3-scip-log-scop-rerun2=26; 9c976720-scip-log-scop-dynamic=26; 9c976720-scip-direct-order-dynamic=26; bd3c9f7d-scip-direct-order-dynamic=26; bd3c9f7d-scip-log-scop-dynamic=26; aac6b714-scip-direct-order-dynamic=26; 835f8aaf-scip-direct-order-dynamic=26; 835f8aaf-scip-log-scop-dynamic=26; 10c9c43b-dirty-log-scop-dadda-norootlp=26; 10c9c43b-dirty-log-scop-autobdd-norootlp-rerun1=26; a5249e5b-log-scop-autobdd-norootlp=26; f85951b8-log-scop-autobdd-norootlp=26; 1173b3f4-scip-direct-order-extge-eager-dynwatch=26; 1173b3f4-direct-order-extprop8196-s40-20260512=26; 261d4b72-direct-order-extprop8196-s40-extobj-norootlp-nomaxarity=109; f85951b8-direct-order-extprop8196-s40-extobj-norootlp-nomaxarity=108; ace64g-rr-20260505=26; pycsp3-extra-ortools-20260505=26; pycsp3-extra-ortools-1t-rerun1-20260505=26; pycsp3-extra-ortools-1t-verbose1-20260509=26
300,competition/2022-2025/COP22to25/DC-skinny-xor0-d0-t0-r08-v64-z0_c22.xml.lzma,minimize,optimal_mismatch,1d1a452a-log-scop=36; a32997fd-direct-order=36; 31b6e7a3-scip-rerun1=36; 31b6e7a3-scip-log-scop-rerun2=36; 9c976720-scip-log-scop-dynamic=36; 9c976720-scip-direct-order-dynamic=36; bd3c9f7d-scip-direct-order-dynamic=36; bd3c9f7d-scip-log-scop-dynamic=36; aac6b714-scip-direct-order-dynamic=36; 835f8aaf-scip-direct-order-dynamic=36; 835f8aaf-scip-log-scop-dynamic=36; 10c9c43b-dirty-log-scop-dadda-norootlp=36; 10c9c43b-dirty-log-scop-autobdd-norootlp-rerun1=36; a5249e5b-log-scop-autobdd-norootlp=36; f85951b8-log-scop-autobdd-norootlp=36; 1173b3f4-direct-order-extprop8196-s40-20260512=36; 261d4b72-direct-order-extprop8196-s40-extobj-norootlp-nomaxarity=127; f85951b8-direct-order-extprop8196-s40-extobj-norootlp-nomaxarity=124; ace64g-rr-20260505=36; pycsp3-extra-ortools-20260505=36; pycsp3-extra-ortools-1t-rerun1-20260505=36; pycsp3-extra-ortools-1t-verbose1-20260509=36
301,competition/2022-2025/COP22to25/DC-skinny-xor0-d0-t0-r09-v64-z0_c22.xml.lzma,minimize,optimal_mismatch,1d1a452a-log-scop=41; a32997fd-direct-order=41; 31b6e7a3-scip-rerun1=41; 31b6e7a3-scip-log-scop-rerun2=41; 9c976720-scip-log-scop-dynamic=41; 9c976720-scip-direct-order-dynamic=41; bd3c9f7d-scip-direct-order-dynamic=41; bd3c9f7d-scip-log-scop-dynamic=41; aac6b714-scip-direct-order-dynamic=41; 835f8aaf-scip-direct-order-dynamic=41; 835f8aaf-scip-log-scop-dynamic=41; 10c9c43b-dirty-log-scop-autobdd-norootlp-rerun1=41; a5249e5b-log-scop-autobdd-norootlp=41; f85951b8-log-scop-autobdd-norootlp=41; 261d4b72-direct-order-extprop8196-s40-extobj-norootlp-nomaxarity=141; f85951b8-direct-order-extprop8196-s40-extobj-norootlp-nomaxarity=140; pycsp3-extra-ortools-20260505=41
302,competition/2022-2025/COP22to25/DC-skinny-xor0-d0-t0-r10-v64-z0_c22.xml.lzma,minimize,optimal_mismatch,1d1a452a-log-scop=46; a32997fd-direct-order=46; 31b6e7a3-scip-rerun1=46; 31b6e7a3-scip-log-scop-rerun2=46; 9c976720-scip-log-scop-dynamic=46; 9c976720-scip-direct-order-dynamic=46; bd3c9f7d-scip-direct-order-dynamic=46; bd3c9f7d-scip-log-scop-dynamic=46; aac6b714-scip-direct-order-dynamic=46; 835f8aaf-scip-direct-order-dynamic=46; 835f8aaf-scip-log-scop-dynamic=46; 10c9c43b-dirty-log-scop-dadda-norootlp=46; 10c9c43b-dirty-log-scop-autobdd-norootlp-rerun1=46; a5249e5b-log-scop-autobdd-norootlp=46; f85951b8-log-scop-autobdd-norootlp=46; 261d4b72-direct-order-extprop8196-s40-extobj-norootlp-nomaxarity=158; f85951b8-direct-order-extprop8196-s40-extobj-norootlp-nomaxarity=156; pycsp3-extra-ortools-20260505=46
303,competition/2022-2025/COP22to25/DC-skinny-xor0-d0-t0-r11-v64-z0_c22.xml.lzma,minimize,optimal_mismatch,1d1a452a-log-scop=51; 31b6e7a3-scip-log-scop-rerun2=51; 9c976720-scip-log-scop-dynamic=51; 10c9c43b-dirty-log-scop-autobdd-norootlp-rerun1=51; a5249e5b-log-scop-autobdd-norootlp=51; f85951b8-log-scop-autobdd-norootlp=51; 261d4b72-direct-order-extprop8196-s40-extobj-norootlp-nomaxarity=174; f85951b8-direct-order-extprop8196-s40-extobj-norootlp-nomaxarity=172
304,competition/2022-2025/COP22to25/DC-skinny-xor0-d0-t0-r12-v64-z0_c22.xml.lzma,minimize,optimal_mismatch,1d1a452a-log-scop=55; 31b6e7a3-scip-log-scop-rerun2=55; 9c976720-scip-log-scop-dynamic=55; 10c9c43b-dirty-log-scop-autobdd-norootlp-rerun1=55; a5249e5b-log-scop-autobdd-norootlp=55; f85951b8-log-scop-autobdd-norootlp=55; 261d4b72-direct-order-extprop8196-s40-extobj-norootlp-nomaxarity=191; f85951b8-direct-order-extprop8196-s40-extobj-norootlp-nomaxarity=188
305,competition/2022-2025/COP22to25/DC-skinny-xor0-d0-t0-r13-v64-z0_c22.xml.lzma,minimize,optimal_mismatch,1d1a452a-log-scop=58; 31b6e7a3-scip-log-scop-rerun2=58; 9c976720-scip-log-scop-dynamic=58; 10c9c43b-dirty-log-scop-autobdd-norootlp-rerun1=58; a5249e5b-log-scop-autobdd-norootlp=58; f85951b8-log-scop-autobdd-norootlp=58; 261d4b72-direct-order-extprop8196-s40-extobj-norootlp-nomaxarity=206; f85951b8-direct-order-extprop8196-s40-extobj-norootlp-nomaxarity=204
306,competition/2022-2025/COP22to25/DC-skinny-xor0-d0-t0-r14-v64-z0_c22.xml.lzma,minimize,optimal_mismatch,1d1a452a-log-scop=61; 31b6e7a3-scip-log-scop-rerun2=61; 9c976720-scip-log-scop-dynamic=61; 10c9c43b-dirty-log-scop-autobdd-norootlp-rerun1=61; a5249e5b-log-scop-autobdd-norootlp=61; f85951b8-log-scop-autobdd-norootlp=61; 261d4b72-direct-order-extprop8196-s40-extobj-norootlp-nomaxarity=223; f85951b8-direct-order-extprop8196-s40-extobj-norootlp-nomaxarity=220
307,competition/2022-2025/COP22to25/DC-skinny-xor0-d0-t0-r15-v64-z0_c22.xml.lzma,minimize,optimal_mismatch,9c976720-scip-log-scop-dynamic=66; 261d4b72-direct-order-extprop8196-s40-extobj-norootlp-nomaxarity=237; f85951b8-direct-order-extprop8196-s40-extobj-norootlp-nomaxarity=236
308,competition/2022-2025/COP22to25/DC-skinny-xor0-d0-t0-r16-v64-z0_c22.xml.lzma,minimize,optimal_mismatch,261d4b72-direct-order-extprop8196-s40-extobj-norootlp-nomaxarity=253; f85951b8-direct-order-extprop8196-s40-extobj-norootlp-nomaxarity=252
309,competition/2022-2025/COP22to25/DC-skinny-xor0-d0-t0-r17-v64-z0_c22.xml.lzma,minimize,optimal_mismatch,261d4b72-direct-order-extprop8196-s40-extobj-norootlp-nomaxarity=270; f85951b8-direct-order-extprop8196-s40-extobj-norootlp-nomaxarity=268
310,competition/2022-2025/COP22to25/DC-skinny-xor0-d0-t0-r18-v64-z0_c22.xml.lzma,minimize,optimal_mismatch,261d4b72-direct-order-extprop8196-s40-extobj-norootlp-nomaxarity=286; f85951b8-direct-order-extprop8196-s40-extobj-norootlp-nomaxarity=284
311,competition/2022-2025/COP22to25/Drinking-000050_c24.xml.lzma,minimize,optimal_mismatch,72769ef1-guarded-basic-2m=5; 1d1a452a-log-scop=5; a32997fd-direct-order=5; 31b6e7a3-scip-rerun1=5; 31b6e7a3-scip-log-scop-rerun2=5; 9c976720-scip-log-scop-dynamic=5; 9c976720-scip-direct-order-dynamic=5; bd3c9f7d-scip-direct-order-dynamic=5; bd3c9f7d-scip-log-scop-dynamic=5; aac6b714-scip-direct-order-dynamic=5; 835f8aaf-scip-direct-order-dynamic=5; 835f8aaf-scip-log-scop-dynamic=5; 10c9c43b-dirty-log-scop-dadda-norootlp=5; 10c9c43b-dirty-log-scop-autobdd-norootlp-rerun1=5; 1173b3f4-scip-direct-order-extge-eager-dynwatch=5; 1173b3f4-direct-order-extprop8196-s40-20260512=5; f85951b8-direct-order-extprop8196-s40-extobj-norootlp-nomaxarity=7; ace64g-rr-20260505=5; pycsp3-extra-ortools-20260505=5; pycsp3-extra-ortools-1t-rerun1-20260505=5; pycsp3-extra-ortools-1t-verbose1-20260509=5
313,competition/2022-2025/COP22to25/Drinking-000200_c24.xml.lzma,minimize,optimal_mismatch,1d1a452a-log-scop=20; 31b6e7a3-scip-log-scop-rerun2=20; 9c976720-scip-log-scop-dynamic=20; bd3c9f7d-scip-log-scop-dynamic=20; 835f8aaf-scip-log-scop-dynamic=20; 10c9c43b-dirty-log-scop-dadda-norootlp=20; 10c9c43b-dirty-log-scop-autobdd-norootlp-rerun1=20; 261d4b72-direct-order-extprop8196-s40-extobj-norootlp-nomaxarity=26; pycsp3-extra-ortools-20260505=20; pycsp3-extra-ortools-1t-rerun1-20260505=20; pycsp3-extra-ortools-1t-verbose1-20260509=20
314,competition/2022-2025/COP22to25/Drinking-000400_c24.xml.lzma,minimize,optimal_mismatch,1d1a452a-log-scop=40; 31b6e7a3-scip-log-scop-rerun2=40; 9c976720-scip-log-scop-dynamic=40; bd3c9f7d-scip-log-scop-dynamic=40; 835f8aaf-scip-log-scop-dynamic=40; 10c9c43b-dirty-log-scop-dadda-norootlp=40; 10c9c43b-dirty-log-scop-autobdd-norootlp-rerun1=40; f85951b8-direct-order-extprop8196-s40-extobj-norootlp-nomaxarity=52; pycsp3-extra-ortools-20260505=40; pycsp3-extra-ortools-1t-rerun1-20260505=40; pycsp3-extra-ortools-1t-verbose1-20260509=40
315,competition/2022-2025/COP22to25/Drinking-000700_c24.xml.lzma,minimize,optimal_mismatch,1d1a452a-log-scop=70; 31b6e7a3-scip-log-scop-rerun2=70; 9c976720-scip-log-scop-dynamic=70; 835f8aaf-scip-log-scop-dynamic=70; 10c9c43b-dirty-log-scop-dadda-norootlp=70; 10c9c43b-dirty-log-scop-autobdd-norootlp-rerun1=70; 261d4b72-direct-order-extprop8196-s40-extobj-norootlp-nomaxarity=91; pycsp3-extra-ortools-20260505=70; pycsp3-extra-ortools-1t-rerun1-20260505=70; pycsp3-extra-ortools-1t-verbose1-20260509=70
316,competition/2022-2025/COP22to25/Drinking-010000_c24.xml.lzma,minimize,optimal_mismatch,261d4b72-direct-order-extprop8196-s40-extobj-norootlp-nomaxarity=1286; pycsp3-extra-ortools-20260505=1000; pycsp3-extra-ortools-1t-rerun1-20260505=1000; pycsp3-extra-ortools-1t-verbose1-20260509=1000
317,competition/2022-2025/COP22to25/Drinking-020000_c24.xml.lzma,minimize,optimal_mismatch,f85951b8-direct-order-extprop8196-s40-extobj-norootlp-nomaxarity=3000; pycsp3-extra-ortools-20260505=2000; pycsp3-extra-ortools-1t-rerun1-20260505=2000; pycsp3-extra-ortools-1t-verbose1-20260509=2000
331,competition/2022-2025/COP22to25/FAPP-aux-01-0200_c25.xml.lzma,minimize,incumbent_beats_optimum,optimum=98830044; 1d1a452a-log-scop=62701419; ace64g-rr-20260505=35758826; pycsp3-extra-ortools-20260505=35777861; pycsp3-extra-ortools-1t-rerun1-20260505=89700657; pycsp3-extra-ortools-1t-verbose1-20260509=89700657
333,competition/2022-2025/COP22to25/FAPP-aux-03-0300_c25.xml.lzma,minimize,incumbent_beats_optimum,optimum=467835455; 1173b3f4-direct-order-extprop8196-s40-20260512=466973999; ace64g-rr-20260505=462317142
334,competition/2022-2025/COP22to25/FAPP-aux-04-0300_c25.xml.lzma,minimize,incumbent_beats_optimum,optimum=270634025; ace64g-rr-20260505=194953519; pycsp3-extra-ortools-20260505=122398725
336,competition/2022-2025/COP22to25/FAPP-aux-06-0500_c25.xml.lzma,minimize,incumbent_beats_optimum,optimum=1077944111; 1d1a452a-direct-order=1077058505; 1d1a452a-log-scop=1050121199; 31b6e7a3-scip-rerun1=1077058505; 31b6e7a3-scip-log-scop-rerun2=1053053525; 9c976720-scip-log-scop-dynamic=1046792830; 9c976720-scip-direct-order-dynamic=1077058505; bd3c9f7d-scip-direct-order-dynamic=1077058505; bd3c9f7d-scip-log-scop-dynamic=1046792830; 835f8aaf-scip-direct-order-dynamic=1077058505; 835f8aaf-scip-log-scop-dynamic=1048564318; 10c9c43b-dirty-log-scop-dadda-norootlp=1045601369; 10c9c43b-dirty-log-scop-autobdd-norootlp-rerun1=1056321406; a5249e5b-log-scop-autobdd-norootlp=1056321406; f85951b8-log-scop-autobdd-norootlp=1056321406; 1173b3f4-scip-direct-order-extge-eager-dynwatch=1076875288; 1173b3f4-direct-order-extprop8196-s40-20260512=1076264464; ace64g-rr-20260505=1028437711; pycsp3-extra-ortools-20260505=1038912831
337,competition/2022-2025/COP22to25/FAPP-aux-07-0600_c25.xml.lzma,minimize,incumbent_beats_optimum,optimum=2010023137; 1d1a452a-log-scop=2000697042; 31b6e7a3-scip-log-scop-rerun2=2000697042; 9c976720-scip-log-scop-dynamic=1991668750; bd3c9f7d-scip-log-scop-dynamic=1991668750; 835f8aaf-scip-log-scop-dynamic=1996098321; 10c9c43b-dirty-log-scop-dadda-norootlp=1995381462; 10c9c43b-dirty-log-scop-autobdd-norootlp-rerun1=1994495299; a5249e5b-log-scop-autobdd-norootlp=2003481297; f85951b8-log-scop-autobdd-norootlp=2003481297; ace64g-rr-20260505=1967367051; pycsp3-extra-ortools-20260505=1988882999
338,competition/2022-2025/COP22to25/FAPP-aux-08-0700_c25.xml.lzma,minimize,incumbent_beats_optimum,optimum=1246470094; 1d1a452a-direct-order=1228544138; 1d1a452a-log-scop=1218019457; 31b6e7a3-scip-rerun1=1228544138; 31b6e7a3-scip-log-scop-rerun2=1221013018; 9c976720-scip-log-scop-dynamic=1214303511; 9c976720-scip-direct-order-dynamic=1224860995; bd3c9f7d-scip-direct-order-dynamic=1228544138; bd3c9f7d-scip-log-scop-dynamic=1214303511; 835f8aaf-scip-direct-order-dynamic=1228544138; 835f8aaf-scip-log-scop-dynamic=1216605454; 10c9c43b-dirty-log-scop-dadda-norootlp=1210980881; 10c9c43b-dirty-log-scop-autobdd-norootlp-rerun1=1219630987; a5249e5b-log-scop-autobdd-norootlp=1224071635; f85951b8-log-scop-autobdd-norootlp=1224071635; 1173b3f4-scip-direct-order-extge-eager-dynwatch=1224104970; 1173b3f4-direct-order-extprop8196-s40-20260512=1246174065; ace64g-rr-20260505=1192068454
340,competition/2022-2025/COP22to25/FAPP-aux-10-0900_c25.xml.lzma,minimize,incumbent_beats_optimum,optimum=3215287358; 1d1a452a-log-scop=3207743795; 31b6e7a3-scip-log-scop-rerun2=3207743795; 9c976720-scip-log-scop-dynamic=3179808663; 835f8aaf-scip-log-scop-dynamic=3181720472; 10c9c43b-dirty-log-scop-autobdd-norootlp-rerun1=3198874323; a5249e5b-log-scop-autobdd-norootlp=3189740065; f85951b8-log-scop-autobdd-norootlp=3189740065; 1173b3f4-direct-order-extprop8196-s40-20260512=3214543759; ace64g-rr-20260505=3136364832
342,competition/2022-2025/COP22to25/FAPP-aux-18-0350_c25.xml.lzma,minimize,optimal_mismatch,1d1a452a-log-scop=162507055; 261d4b72-direct-order-extprop8196-s40-extobj-norootlp-nomaxarity=223953458; ace64g-rr-20260505=162507055; pycsp3-extra-ortools-20260505=162507055; pycsp3-extra-ortools-1t-rerun1-20260505=162507055; pycsp3-extra-ortools-1t-verbose1-20260509=162507055
343,competition/2022-2025/COP22to25/FAPP-aux-19-0350_c25.xml.lzma,minimize,optimal_mismatch,1173b3f4-scip-direct-order-extge-eager-dynwatch=456780091; 261d4b72-direct-order-extprop8196-s40-extobj-norootlp-nomaxarity=456780092; ace64g-rr-20260505=456780091; pycsp3-extra-ortools-20260505=456780091
345,competition/2022-2025/COP22to25/FAPP-aux-21-0500_c25.xml.lzma,minimize,optimal_mismatch,1d1a452a-log-scop=63832030; 1173b3f4-scip-direct-order-extge-eager-dynwatch=63832030; 261d4b72-direct-order-extprop8196-s40-extobj-norootlp-nomaxarity=95722790; ace64g-rr-20260505=63832030; pycsp3-extra-ortools-20260505=63832030; pycsp3-extra-ortools-1t-rerun1-20260505=63832030; pycsp3-extra-ortools-1t-verbose1-20260509=63832030
347,competition/2022-2025/COP22to25/FAPP-aux-test01-0150_c25.xml.lzma,minimize,incumbent_beats_optimum,optimum=41270635; 1d1a452a-log-scop=18407713; ace64g-rr-20260505=18292585; pycsp3-extra-ortools-20260505=18292586; pycsp3-extra-ortools-1t-rerun1-20260505=18380616; pycsp3-extra-ortools-1t-verbose1-20260509=18380620
348,competition/2022-2025/COP22to25/FAPP-aux-test03-0400_c25.xml.lzma,minimize,incumbent_beats_optimum,optimum=465750394; 1d1a452a-direct-order=461806865; 1d1a452a-log-scop=458794686; a32997fd-direct-order=461806865; 31b6e7a3-scip-rerun1=461806865; 31b6e7a3-scip-log-scop-rerun2=458814564; 9c976720-scip-log-scop-dynamic=457661983; 9c976720-scip-direct-order-dynamic=461564608; bd3c9f7d-scip-direct-order-dynamic=461806865; bd3c9f7d-scip-log-scop-dynamic=457661983; 835f8aaf-scip-direct-order-dynamic=461806865; 835f8aaf-scip-log-scop-dynamic=458127205; 10c9c43b-dirty-log-scop-dadda-norootlp=458612022; 10c9c43b-dirty-log-scop-autobdd-norootlp-rerun1=460027939; a5249e5b-log-scop-autobdd-norootlp=456651670; f85951b8-log-scop-autobdd-norootlp=456651670; 1173b3f4-scip-direct-order-extge-eager-dynwatch=461059201; 1173b3f4-direct-order-extprop8196-s40-20260512=453334479; ace64g-rr-20260505=163559582; pycsp3-extra-ortools-20260505=455942787; pycsp3-extra-ortools-1t-rerun1-20260505=457783505; pycsp3-extra-ortools-1t-verbose1-20260509=457783505
372,competition/2022-2025/COP22to25/FoolSolitaire-dec2-0-2_c24.xml.lzma,minimize,optimal_mismatch,72769ef1-guarded-basic-2m=9; 1d1a452a-log-scop=9; a32997fd-direct-order=9; 31b6e7a3-scip-rerun1=9; 31b6e7a3-scip-log-scop-rerun2=9; 9c976720-scip-log-scop-dynamic=9; 9c976720-scip-direct-order-dynamic=9; bd3c9f7d-scip-direct-order-dynamic=9; bd3c9f7d-scip-log-scop-dynamic=9; aac6b714-scip-direct-order-dynamic=9; 835f8aaf-scip-direct-order-dynamic=9; 835f8aaf-scip-log-scop-dynamic=9; 10c9c43b-dirty-log-scop-dadda-norootlp=9; 10c9c43b-dirty-log-scop-autobdd-norootlp-rerun1=9; a5249e5b-log-scop-autobdd-norootlp=9; f85951b8-log-scop-autobdd-norootlp=9; 1173b3f4-scip-direct-order-extge-eager-dynwatch=9; 1173b3f4-direct-order-extprop8196-s40-20260512=9; 261d4b72-direct-order-extprop8196-s40-extobj-norootlp-nomaxarity=9; f85951b8-direct-order-extprop8196-s40-extobj-norootlp-nomaxarity=19; ace64g-rr-20260505=9; pycsp3-extra-ortools-20260505=9; pycsp3-extra-ortools-1t-rerun1-20260505=9; pycsp3-extra-ortools-1t-verbose1-20260509=9
373,competition/2022-2025/COP22to25/FoolSolitaire-dec2-0-3_c24.xml.lzma,minimize,optimal_mismatch,72769ef1-guarded-basic-2m=6; 1d1a452a-log-scop=6; a32997fd-direct-order=6; 31b6e7a3-scip-rerun1=6; 31b6e7a3-scip-log-scop-rerun2=6; 9c976720-scip-log-scop-dynamic=6; 9c976720-scip-direct-order-dynamic=6; bd3c9f7d-scip-direct-order-dynamic=6; bd3c9f7d-scip-log-scop-dynamic=6; aac6b714-scip-direct-order-dynamic=6; 835f8aaf-scip-direct-order-dynamic=6; 835f8aaf-scip-log-scop-dynamic=6; 10c9c43b-dirty-log-scop-dadda-norootlp=6; 10c9c43b-dirty-log-scop-autobdd-norootlp-rerun1=6; a5249e5b-log-scop-autobdd-norootlp=6; f85951b8-log-scop-autobdd-norootlp=6; 1173b3f4-scip-direct-order-extge-eager-dynwatch=6; 1173b3f4-direct-order-extprop8196-s40-20260512=6; 261d4b72-direct-order-extprop8196-s40-extobj-norootlp-nomaxarity=6; f85951b8-direct-order-extprop8196-s40-extobj-norootlp-nomaxarity=24; ace64g-rr-20260505=6; pycsp3-extra-ortools-20260505=6; pycsp3-extra-ortools-1t-rerun1-20260505=6; pycsp3-extra-ortools-1t-verbose1-20260509=6
374,competition/2022-2025/COP22to25/FoolSolitaire-dec2-0-4_c24.xml.lzma,minimize,optimal_mismatch,72769ef1-guarded-basic-2m=9; 1d1a452a-log-scop=9; a32997fd-direct-order=9; 31b6e7a3-scip-rerun1=9; 31b6e7a3-scip-log-scop-rerun2=9; 9c976720-scip-log-scop-dynamic=9; 9c976720-scip-direct-order-dynamic=9; bd3c9f7d-scip-direct-order-dynamic=9; bd3c9f7d-scip-log-scop-dynamic=9; aac6b714-scip-direct-order-dynamic=9; 835f8aaf-scip-direct-order-dynamic=9; 835f8aaf-scip-log-scop-dynamic=9; 10c9c43b-dirty-log-scop-dadda-norootlp=9; 10c9c43b-dirty-log-scop-autobdd-norootlp-rerun1=9; a5249e5b-log-scop-autobdd-norootlp=9; f85951b8-log-scop-autobdd-norootlp=9; 1173b3f4-scip-direct-order-extge-eager-dynwatch=9; 1173b3f4-direct-order-extprop8196-s40-20260512=9; 261d4b72-direct-order-extprop8196-s40-extobj-norootlp-nomaxarity=9; f85951b8-direct-order-extprop8196-s40-extobj-norootlp-nomaxarity=25; ace64g-rr-20260505=9; pycsp3-extra-ortools-20260505=9; pycsp3-extra-ortools-1t-rerun1-20260505=9; pycsp3-extra-ortools-1t-verbose1-20260509=9
375,competition/2022-2025/COP22to25/FoolSolitaire-dec2-1-2_c24.xml.lzma,minimize,optimal_mismatch,1d1a452a-log-scop=13; a32997fd-direct-order=13; 31b6e7a3-scip-rerun1=13; 31b6e7a3-scip-log-scop-rerun2=13; 9c976720-scip-log-scop-dynamic=13; 9c976720-scip-direct-order-dynamic=13; bd3c9f7d-scip-direct-order-dynamic=13; bd3c9f7d-scip-log-scop-dynamic=13; aac6b714-scip-direct-order-dynamic=13; 835f8aaf-scip-direct-order-dynamic=13; 835f8aaf-scip-log-scop-dynamic=13; 10c9c43b-dirty-log-scop-dadda-norootlp=13; 10c9c43b-dirty-log-scop-autobdd-norootlp-rerun1=13; a5249e5b-log-scop-autobdd-norootlp=13; f85951b8-log-scop-autobdd-norootlp=13; 1173b3f4-scip-direct-order-extge-eager-dynwatch=13; 1173b3f4-direct-order-extprop8196-s40-20260512=13; 261d4b72-direct-order-extprop8196-s40-extobj-norootlp-nomaxarity=13; f85951b8-direct-order-extprop8196-s40-extobj-norootlp-nomaxarity=23; ace64g-rr-20260505=13; pycsp3-extra-ortools-20260505=13; pycsp3-extra-ortools-1t-rerun1-20260505=13; pycsp3-extra-ortools-1t-verbose1-20260509=13
376,competition/2022-2025/COP22to25/FoolSolitaire-dec2-1-3_c24.xml.lzma,minimize,optimal_mismatch,72769ef1-guarded-basic-2m=10; 1d1a452a-log-scop=10; a32997fd-direct-order=10; 31b6e7a3-scip-rerun1=10; 31b6e7a3-scip-log-scop-rerun2=10; 9c976720-scip-log-scop-dynamic=10; 9c976720-scip-direct-order-dynamic=10; bd3c9f7d-scip-direct-order-dynamic=10; bd3c9f7d-scip-log-scop-dynamic=10; aac6b714-scip-direct-order-dynamic=10; 835f8aaf-scip-direct-order-dynamic=10; 835f8aaf-scip-log-scop-dynamic=10; 10c9c43b-dirty-log-scop-dadda-norootlp=10; 10c9c43b-dirty-log-scop-autobdd-norootlp-rerun1=10; a5249e5b-log-scop-autobdd-norootlp=10; f85951b8-log-scop-autobdd-norootlp=10; 1173b3f4-scip-direct-order-extge-eager-dynwatch=10; 1173b3f4-direct-order-extprop8196-s40-20260512=10; 261d4b72-direct-order-extprop8196-s40-extobj-norootlp-nomaxarity=10; f85951b8-direct-order-extprop8196-s40-extobj-norootlp-nomaxarity=24; ace64g-rr-20260505=10; pycsp3-extra-ortools-20260505=10; pycsp3-extra-ortools-1t-rerun1-20260505=10; pycsp3-extra-ortools-1t-verbose1-20260509=10
377,competition/2022-2025/COP22to25/FoolSolitaire-dec2-1-4_c24.xml.lzma,minimize,optimal_mismatch,1d1a452a-log-scop=13; a32997fd-direct-order=13; 31b6e7a3-scip-rerun1=13; 31b6e7a3-scip-log-scop-rerun2=13; 9c976720-scip-log-scop-dynamic=13; 9c976720-scip-direct-order-dynamic=13; bd3c9f7d-scip-direct-order-dynamic=13; bd3c9f7d-scip-log-scop-dynamic=13; aac6b714-scip-direct-order-dynamic=13; 835f8aaf-scip-direct-order-dynamic=13; 835f8aaf-scip-log-scop-dynamic=13; 10c9c43b-dirty-log-scop-dadda-norootlp=13; 10c9c43b-dirty-log-scop-autobdd-norootlp-rerun1=13; a5249e5b-log-scop-autobdd-norootlp=13; f85951b8-log-scop-autobdd-norootlp=13; 1173b3f4-scip-direct-order-extge-eager-dynwatch=13; 1173b3f4-direct-order-extprop8196-s40-20260512=13; 261d4b72-direct-order-extprop8196-s40-extobj-norootlp-nomaxarity=13; f85951b8-direct-order-extprop8196-s40-extobj-norootlp-nomaxarity=22; pycsp3-extra-ortools-20260505=13; pycsp3-extra-ortools-1t-rerun1-20260505=13; pycsp3-extra-ortools-1t-verbose1-20260509=13
378,competition/2022-2025/COP22to25/FoolSolitaire-dec2-2-0_c24.xml.lzma,minimize,optimal_mismatch,72769ef1-guarded-basic-2m=9; 1d1a452a-log-scop=9; a32997fd-direct-order=9; 31b6e7a3-scip-rerun1=9; 31b6e7a3-scip-log-scop-rerun2=9; 9c976720-scip-log-scop-dynamic=9; 9c976720-scip-direct-order-dynamic=9; bd3c9f7d-scip-direct-order-dynamic=9; bd3c9f7d-scip-log-scop-dynamic=9; aac6b714-scip-direct-order-dynamic=9; 835f8aaf-scip-direct-order-dynamic=9; 835f8aaf-scip-log-scop-dynamic=9; 10c9c43b-dirty-log-scop-dadda-norootlp=9; 10c9c43b-dirty-log-scop-autobdd-norootlp-rerun1=9; a5249e5b-log-scop-autobdd-norootlp=9; f85951b8-log-scop-autobdd-norootlp=9; 1173b3f4-scip-direct-order-extge-eager-dynwatch=9; 1173b3f4-direct-order-extprop8196-s40-20260512=9; 261d4b72-direct-order-extprop8196-s40-extobj-norootlp-nomaxarity=9; f85951b8-direct-order-extprop8196-s40-extobj-norootlp-nomaxarity=20; ace64g-rr-20260505=9; pycsp3-extra-ortools-20260505=9; pycsp3-extra-ortools-1t-rerun1-20260505=9; pycsp3-extra-ortools-1t-verbose1-20260509=9
380,competition/2022-2025/COP22to25/FoolSolitaire-dec2-2-2_c24.xml.lzma,minimize,optimal_mismatch,1d1a452a-log-scop=13; a32997fd-direct-order=13; 31b6e7a3-scip-rerun1=13; 31b6e7a3-scip-log-scop-rerun2=13; 9c976720-scip-log-scop-dynamic=13; 9c976720-scip-direct-order-dynamic=13; bd3c9f7d-scip-direct-order-dynamic=13; bd3c9f7d-scip-log-scop-dynamic=13; aac6b714-scip-direct-order-dynamic=13; 835f8aaf-scip-direct-order-dynamic=13; 835f8aaf-scip-log-scop-dynamic=13; 10c9c43b-dirty-log-scop-dadda-norootlp=13; 10c9c43b-dirty-log-scop-autobdd-norootlp-rerun1=13; a5249e5b-log-scop-autobdd-norootlp=13; f85951b8-log-scop-autobdd-norootlp=13; 1173b3f4-scip-direct-order-extge-eager-dynwatch=13; 1173b3f4-direct-order-extprop8196-s40-20260512=13; 261d4b72-direct-order-extprop8196-s40-extobj-norootlp-nomaxarity=13; f85951b8-direct-order-extprop8196-s40-extobj-norootlp-nomaxarity=15; pycsp3-extra-ortools-20260505=13; pycsp3-extra-ortools-1t-rerun1-20260505=13; pycsp3-extra-ortools-1t-verbose1-20260509=13
381,competition/2022-2025/COP22to25/FoolSolitaire-dec2-2-3_c24.xml.lzma,minimize,optimal_mismatch,72769ef1-guarded-basic-2m=9; 1d1a452a-log-scop=9; a32997fd-direct-order=9; 31b6e7a3-scip-rerun1=9; 31b6e7a3-scip-log-scop-rerun2=9; 9c976720-scip-log-scop-dynamic=9; 9c976720-scip-direct-order-dynamic=9; bd3c9f7d-scip-direct-order-dynamic=9; bd3c9f7d-scip-log-scop-dynamic=9; aac6b714-scip-direct-order-dynamic=9; 835f8aaf-scip-direct-order-dynamic=9; 835f8aaf-scip-log-scop-dynamic=9; 10c9c43b-dirty-log-scop-dadda-norootlp=9; 10c9c43b-dirty-log-scop-autobdd-norootlp-rerun1=9; a5249e5b-log-scop-autobdd-norootlp=9; f85951b8-log-scop-autobdd-norootlp=9; 1173b3f4-scip-direct-order-extge-eager-dynwatch=9; 1173b3f4-direct-order-extprop8196-s40-20260512=9; 261d4b72-direct-order-extprop8196-s40-extobj-norootlp-nomaxarity=9; f85951b8-direct-order-extprop8196-s40-extobj-norootlp-nomaxarity=10; ace64g-rr-20260505=9; pycsp3-extra-ortools-20260505=9; pycsp3-extra-ortools-1t-rerun1-20260505=9; pycsp3-extra-ortools-1t-verbose1-20260509=9
382,competition/2022-2025/COP22to25/FoolSolitaire-dec2-2-4_c24.xml.lzma,minimize,optimal_mismatch,1d1a452a-log-scop=13; a32997fd-direct-order=13; 31b6e7a3-scip-rerun1=13; 31b6e7a3-scip-log-scop-rerun2=13; 9c976720-scip-log-scop-dynamic=13; 9c976720-scip-direct-order-dynamic=13; bd3c9f7d-scip-direct-order-dynamic=13; bd3c9f7d-scip-log-scop-dynamic=13; aac6b714-scip-direct-order-dynamic=13; 835f8aaf-scip-direct-order-dynamic=13; 835f8aaf-scip-log-scop-dynamic=13; 10c9c43b-dirty-log-scop-dadda-norootlp=13; 10c9c43b-dirty-log-scop-autobdd-norootlp-rerun1=13; a5249e5b-log-scop-autobdd-norootlp=13; f85951b8-log-scop-autobdd-norootlp=13; 1173b3f4-scip-direct-order-extge-eager-dynwatch=13; 1173b3f4-direct-order-extprop8196-s40-20260512=13; 261d4b72-direct-order-extprop8196-s40-extobj-norootlp-nomaxarity=13; f85951b8-direct-order-extprop8196-s40-extobj-norootlp-nomaxarity=15; pycsp3-extra-ortools-20260505=13; pycsp3-extra-ortools-1t-rerun1-20260505=13; pycsp3-extra-ortools-1t-verbose1-20260509=13
383,competition/2022-2025/COP22to25/FoolSolitaire-dec2-2-5_c24.xml.lzma,minimize,optimal_mismatch,1d1a452a-log-scop=13; a32997fd-direct-order=13; 31b6e7a3-scip-rerun1=13; 31b6e7a3-scip-log-scop-rerun2=13; 9c976720-scip-log-scop-dynamic=13; 9c976720-scip-direct-order-dynamic=13; bd3c9f7d-scip-direct-order-dynamic=13; bd3c9f7d-scip-log-scop-dynamic=13; aac6b714-scip-direct-order-dynamic=13; 835f8aaf-scip-direct-order-dynamic=13; 835f8aaf-scip-log-scop-dynamic=13; 10c9c43b-dirty-log-scop-dadda-norootlp=13; 10c9c43b-dirty-log-scop-autobdd-norootlp-rerun1=13; a5249e5b-log-scop-autobdd-norootlp=13; f85951b8-log-scop-autobdd-norootlp=13; 1173b3f4-scip-direct-order-extge-eager-dynwatch=13; 1173b3f4-direct-order-extprop8196-s40-20260512=13; 261d4b72-direct-order-extprop8196-s40-extobj-norootlp-nomaxarity=13; f85951b8-direct-order-extprop8196-s40-extobj-norootlp-nomaxarity=25; pycsp3-extra-ortools-20260505=13; pycsp3-extra-ortools-1t-rerun1-20260505=13; pycsp3-extra-ortools-1t-verbose1-20260509=13
384,competition/2022-2025/COP22to25/FoolSolitaire-dec2-2-6_c24.xml.lzma,minimize,optimal_mismatch,72769ef1-guarded-basic-2m=9; 1d1a452a-log-scop=9; a32997fd-direct-order=9; 31b6e7a3-scip-rerun1=9; 31b6e7a3-scip-log-scop-rerun2=9; 9c976720-scip-log-scop-dynamic=9; 9c976720-scip-direct-order-dynamic=9; bd3c9f7d-scip-direct-order-dynamic=9; bd3c9f7d-scip-log-scop-dynamic=9; aac6b714-scip-direct-order-dynamic=9; 835f8aaf-scip-direct-order-dynamic=9; 835f8aaf-scip-log-scop-dynamic=9; 10c9c43b-dirty-log-scop-dadda-norootlp=9; 10c9c43b-dirty-log-scop-autobdd-norootlp-rerun1=9; a5249e5b-log-scop-autobdd-norootlp=9; f85951b8-log-scop-autobdd-norootlp=9; 1173b3f4-scip-direct-order-extge-eager-dynwatch=9; 1173b3f4-direct-order-extprop8196-s40-20260512=9; 261d4b72-direct-order-extprop8196-s40-extobj-norootlp-nomaxarity=9; f85951b8-direct-order-extprop8196-s40-extobj-norootlp-nomaxarity=18; ace64g-rr-20260505=9; pycsp3-extra-ortools-20260505=9; pycsp3-extra-ortools-1t-rerun1-20260505=9; pycsp3-extra-ortools-1t-verbose1-20260509=9
386,competition/2022-2025/COP22to25/FoolSolitaire-dec2-3-1_c24.xml.lzma,minimize,optimal_mismatch,72769ef1-guarded-basic-2m=10; 1d1a452a-log-scop=10; a32997fd-direct-order=10; 31b6e7a3-scip-rerun1=10; 31b6e7a3-scip-log-scop-rerun2=10; 9c976720-scip-log-scop-dynamic=10; 9c976720-scip-direct-order-dynamic=10; bd3c9f7d-scip-direct-order-dynamic=10; bd3c9f7d-scip-log-scop-dynamic=10; aac6b714-scip-direct-order-dynamic=10; 835f8aaf-scip-direct-order-dynamic=10; 835f8aaf-scip-log-scop-dynamic=10; 10c9c43b-dirty-log-scop-dadda-norootlp=10; 10c9c43b-dirty-log-scop-autobdd-norootlp-rerun1=10; a5249e5b-log-scop-autobdd-norootlp=10; f85951b8-log-scop-autobdd-norootlp=10; 1173b3f4-scip-direct-order-extge-eager-dynwatch=10; 1173b3f4-direct-order-extprop8196-s40-20260512=10; 261d4b72-direct-order-extprop8196-s40-extobj-norootlp-nomaxarity=10; f85951b8-direct-order-extprop8196-s40-extobj-norootlp-nomaxarity=21; ace64g-rr-20260505=10; pycsp3-extra-ortools-20260505=10; pycsp3-extra-ortools-1t-rerun1-20260505=10; pycsp3-extra-ortools-1t-verbose1-20260509=10
389,competition/2022-2025/COP22to25/Fortress1-03_c25.xml.lzma,minimize,optimal_mismatch,1d1a452a-log-scop=459518; 31b6e7a3-scip-log-scop-rerun2=459518; 9c976720-scip-log-scop-dynamic=459518; 835f8aaf-scip-log-scop-dynamic=459518; 10c9c43b-dirty-log-scop-dadda-norootlp=459518; 10c9c43b-dirty-log-scop-autobdd-norootlp-rerun1=459518; a5249e5b-log-scop-autobdd-norootlp=459518; f85951b8-log-scop-autobdd-norootlp=459518; 261d4b72-direct-order-extprop8196-s40-extobj-norootlp-nomaxarity=1259607; pycsp3-extra-ortools-20260505=459518
391,competition/2022-2025/COP22to25/Fortress1-05_c25.xml.lzma,minimize,optimal_mismatch,261d4b72-direct-order-extprop8196-s40-extobj-norootlp-nomaxarity=5699509; pycsp3-extra-ortools-20260505=1079078
396,competition/2022-2025/COP22to25/Fortress1-10_c25.xml.lzma,minimize,optimal_mismatch,261d4b72-direct-order-extprop8196-s40-extobj-norootlp-nomaxarity=8849238; pycsp3-extra-ortools-20260505=1798536
399,competition/2022-2025/COP22to25/Fortress2-05_c25.xml.lzma,minimize,optimal_mismatch,261d4b72-direct-order-extprop8196-s40-extobj-norootlp-nomaxarity=4230623; pycsp3-extra-ortools-20260505=1080651
403,competition/2022-2025/COP22to25/Fortress2-09_c25.xml.lzma,minimize,optimal_mismatch,261d4b72-direct-order-extprop8196-s40-extobj-norootlp-nomaxarity=6731273; pycsp3-extra-ortools-20260505=1461381
441,competition/2022-2025/COP22to25/HCPizza-12-12-2-6-00_c23.xml.lzma,maximize,optimal_mismatch,f85951b8-direct-order-extprop8196-s40-extobj-norootlp-nomaxarity=92; pycsp3-extra-ortools-20260505=141; pycsp3-extra-ortools-1t-rerun1-20260505=141; pycsp3-extra-ortools-1t-verbose1-20260509=141
443,competition/2022-2025/COP22to25/HCPizza-12-12-2-6-02_c23.xml.lzma,maximize,unsat_with_value,"UNSAT from f85951b8-direct-order-extprop8196-s40-extobj-norootlp-nomaxarity; values from 1d1a452a-direct-order=128, 1d1a452a-log-scop=136, a32997fd-direct-order=133, 31b6e7a3-scip-rerun1=133, 31b6e7a3-scip-log-scop-rerun2=137, 9c976720-scip-log-scop-dynamic=140, 9c976720-scip-direct-order-dynamic=142, bd3c9f7d-scip-direct-order-dynamic=136"
446,competition/2022-2025/COP22to25/HCPizza-15-15-2-7-02_c23.xml.lzma,maximize,unsat_with_value,"UNSAT from f85951b8-direct-order-extprop8196-s40-extobj-norootlp-nomaxarity; values from 1d1a452a-direct-order=204, 1d1a452a-log-scop=216, a32997fd-direct-order=205, 31b6e7a3-scip-rerun1=205, 31b6e7a3-scip-log-scop-rerun2=216, 9c976720-scip-log-scop-dynamic=223, 9c976720-scip-direct-order-dynamic=207, bd3c9f7d-scip-direct-order-dynamic=205"
450,competition/2022-2025/COP22to25/HSP-10405_c23.xml.lzma,minimize,optimal_mismatch,1d1a452a-log-scop=198; a32997fd-direct-order=198; 31b6e7a3-scip-rerun1=198; 31b6e7a3-scip-log-scop-rerun2=198; 9c976720-scip-log-scop-dynamic=198; 9c976720-scip-direct-order-dynamic=198; bd3c9f7d-scip-direct-order-dynamic=198; bd3c9f7d-scip-log-scop-dynamic=198; aac6b714-scip-direct-order-dynamic=198; 835f8aaf-scip-direct-order-dynamic=198; 835f8aaf-scip-log-scop-dynamic=198; 10c9c43b-dirty-log-scop-dadda-norootlp=198; 10c9c43b-dirty-log-scop-autobdd-norootlp-rerun1=198; a5249e5b-log-scop-autobdd-norootlp=198; f85951b8-log-scop-autobdd-norootlp=198; 1173b3f4-scip-direct-order-extge-eager-dynwatch=418; 1173b3f4-direct-order-extprop8196-s40-20260512=198; 261d4b72-direct-order-extprop8196-s40-extobj-norootlp-nomaxarity=198; f85951b8-direct-order-extprop8196-s40-extobj-norootlp-nomaxarity=198; ace64g-rr-20260505=198; pycsp3-extra-ortools-20260505=198; pycsp3-extra-ortools-1t-rerun1-20260505=198; pycsp3-extra-ortools-1t-verbose1-20260509=198
452,competition/2022-2025/COP22to25/HSP-12407_c23.xml.lzma,minimize,optimal_mismatch,1d1a452a-log-scop=200; a32997fd-direct-order=200; 31b6e7a3-scip-rerun1=200; 31b6e7a3-scip-log-scop-rerun2=200; 9c976720-scip-log-scop-dynamic=200; 9c976720-scip-direct-order-dynamic=200; bd3c9f7d-scip-direct-order-dynamic=200; bd3c9f7d-scip-log-scop-dynamic=200; aac6b714-scip-direct-order-dynamic=200; 835f8aaf-scip-direct-order-dynamic=200; 835f8aaf-scip-log-scop-dynamic=200; 10c9c43b-dirty-log-scop-dadda-norootlp=200; 10c9c43b-dirty-log-scop-autobdd-norootlp-rerun1=200; a5249e5b-log-scop-autobdd-norootlp=200; f85951b8-log-scop-autobdd-norootlp=200; 1173b3f4-scip-direct-order-extge-eager-dynwatch=200; 1173b3f4-direct-order-extprop8196-s40-20260512=200; 261d4b72-direct-order-extprop8196-s40-extobj-norootlp-nomaxarity=200; f85951b8-direct-order-extprop8196-s40-extobj-norootlp-nomaxarity=203; ace64g-rr-20260505=200; pycsp3-extra-ortools-20260505=200; pycsp3-extra-ortools-1t-rerun1-20260505=200; pycsp3-extra-ortools-1t-verbose1-20260509=200
458,competition/2022-2025/COP22to25/HSP-aux-12407_c23.xml.lzma,minimize,optimal_mismatch,1d1a452a-direct-order=200; 1d1a452a-log-scop=200; a32997fd-direct-order=200; 31b6e7a3-scip-rerun1=200; 31b6e7a3-scip-log-scop-rerun2=200; 9c976720-scip-log-scop-dynamic=200; 9c976720-scip-direct-order-dynamic=200; bd3c9f7d-scip-direct-order-dynamic=200; bd3c9f7d-scip-log-scop-dynamic=200; aac6b714-scip-direct-order-dynamic=200; 835f8aaf-scip-direct-order-dynamic=200; 835f8aaf-scip-log-scop-dynamic=200; 10c9c43b-dirty-log-scop-dadda-norootlp=200; 10c9c43b-dirty-log-scop-autobdd-norootlp-rerun1=200; a5249e5b-log-scop-autobdd-norootlp=200; f85951b8-log-scop-autobdd-norootlp=200; 1173b3f4-scip-direct-order-extge-eager-dynwatch=200; 1173b3f4-direct-order-extprop8196-s40-20260512=200; 261d4b72-direct-order-extprop8196-s40-extobj-norootlp-nomaxarity=200; f85951b8-direct-order-extprop8196-s40-extobj-norootlp-nomaxarity=229; ace64g-rr-20260505=200; pycsp3-extra-ortools-20260505=200; pycsp3-extra-ortools-1t-rerun1-20260505=200; pycsp3-extra-ortools-1t-verbose1-20260509=200
463,competition/2022-2025/COP22to25/HSP-table-11406_c23.xml.lzma,minimize,optimal_mismatch,1d1a452a-direct-order=137; 1d1a452a-log-scop=137; a32997fd-direct-order=137; 31b6e7a3-scip-rerun1=137; 31b6e7a3-scip-log-scop-rerun2=137; 9c976720-scip-log-scop-dynamic=137; 9c976720-scip-direct-order-dynamic=137; bd3c9f7d-scip-direct-order-dynamic=137; bd3c9f7d-scip-log-scop-dynamic=137; aac6b714-scip-direct-order-dynamic=137; 835f8aaf-scip-direct-order-dynamic=137; 835f8aaf-scip-log-scop-dynamic=137; 10c9c43b-dirty-log-scop-dadda-norootlp=137; 10c9c43b-dirty-log-scop-autobdd-norootlp-rerun1=137; a5249e5b-log-scop-autobdd-norootlp=137; f85951b8-log-scop-autobdd-norootlp=137; 1173b3f4-scip-direct-order-extge-eager-dynwatch=325; 1173b3f4-direct-order-extprop8196-s40-20260512=137; 261d4b72-direct-order-extprop8196-s40-extobj-norootlp-nomaxarity=137; f85951b8-direct-order-extprop8196-s40-extobj-norootlp-nomaxarity=168; ace64g-rr-20260505=137; pycsp3-extra-ortools-20260505=137; pycsp3-extra-ortools-1t-rerun1-20260505=137; pycsp3-extra-ortools-1t-verbose1-20260509=137
464,competition/2022-2025/COP22to25/HSP-table-12407_c23.xml.lzma,minimize,optimal_mismatch,1d1a452a-direct-order=200; 1d1a452a-log-scop=200; a32997fd-direct-order=200; 31b6e7a3-scip-rerun1=200; 31b6e7a3-scip-log-scop-rerun2=200; 9c976720-scip-log-scop-dynamic=200; 9c976720-scip-direct-order-dynamic=200; bd3c9f7d-scip-direct-order-dynamic=200; bd3c9f7d-scip-log-scop-dynamic=200; aac6b714-scip-direct-order-dynamic=200; 835f8aaf-scip-direct-order-dynamic=200; 835f8aaf-scip-log-scop-dynamic=200; 10c9c43b-dirty-log-scop-dadda-norootlp=200; 10c9c43b-dirty-log-scop-autobdd-norootlp-rerun1=200; a5249e5b-log-scop-autobdd-norootlp=200; f85951b8-log-scop-autobdd-norootlp=200; 1173b3f4-scip-direct-order-extge-eager-dynwatch=200; 1173b3f4-direct-order-extprop8196-s40-20260512=200; 261d4b72-direct-order-extprop8196-s40-extobj-norootlp-nomaxarity=200; f85951b8-direct-order-extprop8196-s40-extobj-norootlp-nomaxarity=366; ace64g-rr-20260505=200; pycsp3-extra-ortools-20260505=200; pycsp3-extra-ortools-1t-rerun1-20260505=200; pycsp3-extra-ortools-1t-verbose1-20260509=200
469,competition/2022-2025/COP22to25/IHTC-i02_c25.xml.lzma,minimize,optimal_mismatch,a32997fd-direct-order=0; 31b6e7a3-scip-rerun1=0; 31b6e7a3-scip-log-scop-rerun2=0; 9c976720-scip-log-scop-dynamic=0; 9c976720-scip-direct-order-dynamic=0; bd3c9f7d-scip-direct-order-dynamic=0; bd3c9f7d-scip-log-scop-dynamic=0; aac6b714-scip-direct-order-dynamic=0; 835f8aaf-scip-direct-order-dynamic=0; 835f8aaf-scip-log-scop-dynamic=0; 10c9c43b-dirty-log-scop-dadda-norootlp=0; 10c9c43b-dirty-log-scop-autobdd-norootlp-rerun1=0; 1173b3f4-scip-direct-order-extge-eager-dynwatch=0; 1173b3f4-direct-order-extprop8196-s40-20260512=0; 261d4b72-direct-order-extprop8196-s40-extobj-norootlp-nomaxarity=0; f85951b8-direct-order-extprop8196-s40-extobj-norootlp-nomaxarity=300; ace64g-rr-20260505=0; pycsp3-extra-ortools-20260505=0; pycsp3-extra-ortools-1t-rerun1-20260505=0; pycsp3-extra-ortools-1t-verbose1-20260509=0
471,competition/2022-2025/COP22to25/IHTC-i04_c25.xml.lzma,minimize,optimal_mismatch,a32997fd-direct-order=0; 31b6e7a3-scip-rerun1=0; 31b6e7a3-scip-log-scop-rerun2=0; 9c976720-scip-log-scop-dynamic=0; 9c976720-scip-direct-order-dynamic=0; bd3c9f7d-scip-direct-order-dynamic=0; bd3c9f7d-scip-log-scop-dynamic=0; aac6b714-scip-direct-order-dynamic=0; 835f8aaf-scip-direct-order-dynamic=0; 835f8aaf-scip-log-scop-dynamic=0; 10c9c43b-dirty-log-scop-dadda-norootlp=0; 10c9c43b-dirty-log-scop-autobdd-norootlp-rerun1=0; 1173b3f4-scip-direct-order-extge-eager-dynwatch=0; 1173b3f4-direct-order-extprop8196-s40-20260512=0; 261d4b72-direct-order-extprop8196-s40-extobj-norootlp-nomaxarity=0; f85951b8-direct-order-extprop8196-s40-extobj-norootlp-nomaxarity=600; ace64g-rr-20260505=0; pycsp3-extra-ortools-20260505=0; pycsp3-extra-ortools-1t-rerun1-20260505=0; pycsp3-extra-ortools-1t-verbose1-20260509=0
484,competition/2022-2025/COP22to25/ItemsetMining-k1-anneal_c22.xml.lzma,maximize,optimal_mismatch,1d1a452a-log-scop=494; a32997fd-direct-order=494; 31b6e7a3-scip-log-scop-rerun2=494; 9c976720-scip-log-scop-dynamic=494; bd3c9f7d-scip-log-scop-dynamic=494; 835f8aaf-scip-log-scop-dynamic=494; 10c9c43b-dirty-log-scop-dadda-norootlp=494; 10c9c43b-dirty-log-scop-autobdd-norootlp-rerun1=494; 1173b3f4-scip-direct-order-extge-eager-dynwatch=494; 1173b3f4-direct-order-extprop8196-s40-20260512=494; 261d4b72-direct-order-extprop8196-s40-extobj-norootlp-nomaxarity=1; f85951b8-direct-order-extprop8196-s40-extobj-norootlp-nomaxarity=1; ace64g-rr-20260505=494; pycsp3-extra-ortools-20260505=494; pycsp3-extra-ortools-1t-rerun1-20260505=494; pycsp3-extra-ortools-1t-verbose1-20260509=494
487,competition/2022-2025/COP22to25/ItemsetMining-k1-ionosphere_c22.xml.lzma,maximize,optimal_mismatch,261d4b72-direct-order-extprop8196-s40-extobj-norootlp-nomaxarity=1; f85951b8-direct-order-extprop8196-s40-extobj-norootlp-nomaxarity=5; ace64g-rr-20260505=195; pycsp3-extra-ortools-20260505=195; pycsp3-extra-ortools-1t-rerun1-20260505=195; pycsp3-extra-ortools-1t-verbose1-20260509=195
491,competition/2022-2025/COP22to25/ItemsetMining-k1-vehicle_c22.xml.lzma,maximize,optimal_mismatch,261d4b72-direct-order-extprop8196-s40-extobj-norootlp-nomaxarity=1; ace64g-rr-20260505=148; pycsp3-extra-ortools-20260505=148; pycsp3-extra-ortools-1t-rerun1-20260505=148; pycsp3-extra-ortools-1t-verbose1-20260509=148
492,competition/2022-2025/COP22to25/ItemsetMining-k2-audiology_c22.xml.lzma,maximize,optimal_mismatch,1d1a452a-log-scop=54; a32997fd-direct-order=54; 31b6e7a3-scip-rerun1=54; 31b6e7a3-scip-log-scop-rerun2=54; 9c976720-scip-log-scop-dynamic=54; 9c976720-scip-direct-order-dynamic=54; bd3c9f7d-scip-direct-order-dynamic=54; bd3c9f7d-scip-log-scop-dynamic=54; aac6b714-scip-direct-order-dynamic=54; 835f8aaf-scip-direct-order-dynamic=54; 835f8aaf-scip-log-scop-dynamic=54; 10c9c43b-dirty-log-scop-dadda-norootlp=54; 10c9c43b-dirty-log-scop-autobdd-norootlp-rerun1=54; 1173b3f4-scip-direct-order-extge-eager-dynwatch=54; 1173b3f4-direct-order-extprop8196-s40-20260512=54; 261d4b72-direct-order-extprop8196-s40-extobj-norootlp-nomaxarity=1; ace64g-rr-20260505=54; pycsp3-extra-ortools-20260505=54; pycsp3-extra-ortools-1t-rerun1-20260505=54; pycsp3-extra-ortools-1t-verbose1-20260509=54
494,competition/2022-2025/COP22to25/ItemsetMining-k2-hepatitis_c22.xml.lzma,maximize,optimal_mismatch,1d1a452a-log-scop=96; a32997fd-direct-order=96; 31b6e7a3-scip-rerun1=96; 31b6e7a3-scip-log-scop-rerun2=96; 9c976720-scip-log-scop-dynamic=96; 9c976720-scip-direct-order-dynamic=96; bd3c9f7d-scip-direct-order-dynamic=96; bd3c9f7d-scip-log-scop-dynamic=96; aac6b714-scip-direct-order-dynamic=96; 835f8aaf-scip-direct-order-dynamic=96; 835f8aaf-scip-log-scop-dynamic=96; 10c9c43b-dirty-log-scop-dadda-norootlp=96; 10c9c43b-dirty-log-scop-autobdd-norootlp-rerun1=96; a5249e5b-log-scop-autobdd-norootlp=96; f85951b8-log-scop-autobdd-norootlp=96; 1173b3f4-scip-direct-order-extge-eager-dynwatch=96; 1173b3f4-direct-order-extprop8196-s40-20260512=96; f85951b8-direct-order-extprop8196-s40-extobj-norootlp-nomaxarity=81; pycsp3-extra-ortools-20260505=96; pycsp3-extra-ortools-1t-rerun1-20260505=96; pycsp3-extra-ortools-1t-verbose1-20260509=96
499,competition/2022-2025/COP22to25/KMedian-aux-pmed01_c23.xml.lzma,minimize,optimal_mismatch,261d4b72-direct-order-extprop8196-s40-extobj-norootlp-nomaxarity=5922; f85951b8-direct-order-extprop8196-s40-extobj-norootlp-nomaxarity=5978
502,competition/2022-2025/COP22to25/KMedian-aux-pmed04_c23.xml.lzma,minimize,incumbent_beats_optimum,optimum=3782; 1173b3f4-scip-direct-order-extge-eager-dynwatch=3715; ace64g-rr-20260505=3043; pycsp3-extra-ortools-20260505=3431; pycsp3-extra-ortools-1t-rerun1-20260505=3470; pycsp3-extra-ortools-1t-verbose1-20260509=3470
503,competition/2022-2025/COP22to25/KMedian-aux-pmed05_c23.xml.lzma,minimize,incumbent_beats_optimum,optimum=3739; 1d1a452a-direct-order=2497; 1d1a452a-log-scop=2285; a32997fd-direct-order=2223; 31b6e7a3-scip-rerun1=2405; 31b6e7a3-scip-log-scop-rerun2=2541; 9c976720-scip-log-scop-dynamic=2541; 9c976720-scip-direct-order-dynamic=2434; bd3c9f7d-scip-direct-order-dynamic=2972; bd3c9f7d-scip-log-scop-dynamic=2541; 835f8aaf-scip-direct-order-dynamic=2972; 835f8aaf-scip-log-scop-dynamic=3501; 10c9c43b-dirty-log-scop-autobdd-norootlp-rerun1=2568; a5249e5b-log-scop-autobdd-norootlp=2568; f85951b8-log-scop-autobdd-norootlp=2568; 1173b3f4-scip-direct-order-extge-eager-dynwatch=1568; 1173b3f4-direct-order-extprop8196-s40-20260512=2221; f85951b8-direct-order-extprop8196-s40-extobj-norootlp-nomaxarity=1705; ace64g-rr-20260505=1358; pycsp3-extra-ortools-20260505=1827; pycsp3-extra-ortools-1t-rerun1-20260505=1468; pycsp3-extra-ortools-1t-verbose1-20260509=1468
504,competition/2022-2025/COP22to25/KMedian-aux-pmed06_c23.xml.lzma,minimize,optimal_mismatch,261d4b72-direct-order-extprop8196-s40-extobj-norootlp-nomaxarity=8674; f85951b8-direct-order-extprop8196-s40-extobj-norootlp-nomaxarity=8854
505,competition/2022-2025/COP22to25/KMedian-aux-pmed07_c23.xml.lzma,minimize,optimal_mismatch,261d4b72-direct-order-extprop8196-s40-extobj-norootlp-nomaxarity=6488; f85951b8-direct-order-extprop8196-s40-extobj-norootlp-nomaxarity=6623
506,competition/2022-2025/COP22to25/KMedian-aux-pmed08_c23.xml.lzma,minimize,incumbent_beats_optimum,optimum=5661; 1173b3f4-scip-direct-order-extge-eager-dynwatch=5473; ace64g-rr-20260505=4534; pycsp3-extra-ortools-1t-rerun1-20260505=4918; pycsp3-extra-ortools-1t-verbose1-20260509=4918
507,competition/2022-2025/COP22to25/KMedian-aux-pmed09_c23.xml.lzma,minimize,optimal_mismatch,261d4b72-direct-order-extprop8196-s40-extobj-norootlp-nomaxarity=4119; f85951b8-direct-order-extprop8196-s40-extobj-norootlp-nomaxarity=3858
508,competition/2022-2025/COP22to25/KMedian-aux-pmed10_c23.xml.lzma,minimize,unsat_with_value,"UNSAT from f85951b8-direct-order-extprop8196-s40-extobj-norootlp-nomaxarity; values from 1d1a452a-direct-order=2213, 1d1a452a-log-scop=2197, a32997fd-direct-order=2201, 31b6e7a3-scip-rerun1=2377, 31b6e7a3-scip-log-scop-rerun2=2597, 9c976720-scip-log-scop-dynamic=2597, 9c976720-scip-direct-order-dynamic=2100, bd3c9f7d-scip-direct-order-dynamic=2377"
508,competition/2022-2025/COP22to25/KMedian-aux-pmed10_c23.xml.lzma,minimize,incumbent_beats_optimum,optimum=3445; 1d1a452a-direct-order=2213; 1d1a452a-log-scop=2197; a32997fd-direct-order=2201; 31b6e7a3-scip-rerun1=2377; 31b6e7a3-scip-log-scop-rerun2=2597; 9c976720-scip-log-scop-dynamic=2597; 9c976720-scip-direct-order-dynamic=2100; bd3c9f7d-scip-direct-order-dynamic=2377; bd3c9f7d-scip-log-scop-dynamic=2597; 835f8aaf-scip-direct-order-dynamic=2377; 835f8aaf-scip-log-scop-dynamic=2351; 10c9c43b-dirty-log-scop-autobdd-norootlp-rerun1=2432; a5249e5b-log-scop-autobdd-norootlp=2432; f85951b8-log-scop-autobdd-norootlp=2432; 1173b3f4-scip-direct-order-extge-eager-dynwatch=2096; 1173b3f4-direct-order-extprop8196-s40-20260512=2324; pycsp3-extra-ortools-1t-rerun1-20260505=1964; pycsp3-extra-ortools-1t-verbose1-20260509=1965
509,competition/2022-2025/COP22to25/KMedian-aux-pmed11_c23.xml.lzma,minimize,optimal_mismatch,261d4b72-direct-order-extprop8196-s40-extobj-norootlp-nomaxarity=8200; f85951b8-direct-order-extprop8196-s40-extobj-norootlp-nomaxarity=8778
510,competition/2022-2025/COP22to25/KMedian-aux-pmed12_c23.xml.lzma,minimize,optimal_mismatch,261d4b72-direct-order-extprop8196-s40-extobj-norootlp-nomaxarity=7458; f85951b8-direct-order-extprop8196-s40-extobj-norootlp-nomaxarity=7397
511,competition/2022-2025/COP22to25/KMedian-aux-pmed13_c23.xml.lzma,minimize,optimal_mismatch,261d4b72-direct-order-extprop8196-s40-extobj-norootlp-nomaxarity=6568; f85951b8-direct-order-extprop8196-s40-extobj-norootlp-nomaxarity=5825
512,competition/2022-2025/COP22to25/KMedian-aux-pmed14_c23.xml.lzma,minimize,incumbent_beats_optimum,optimum=6038; 31b6e7a3-scip-rerun1=5070; 9c976720-scip-direct-order-dynamic=4892; 1173b3f4-scip-direct-order-extge-eager-dynwatch=4290; ace64g-rr-20260505=3155
513,competition/2022-2025/COP22to25/KMedian-aux-pmed15_c23.xml.lzma,minimize,incumbent_beats_optimum,optimum=3440; 1d1a452a-direct-order=2874; 31b6e7a3-scip-rerun1=2996; 9c976720-scip-direct-order-dynamic=2839; bd3c9f7d-scip-direct-order-dynamic=2996; f85951b8-direct-order-extprop8196-s40-extobj-norootlp-nomaxarity=2644; 10c9c43b-dirty-noinc203-cegar-norootlp=2996; ace64g-rr-20260505=2068
514,competition/2022-2025/COP22to25/KidneyExchange-4-041_c23.xml.lzma,maximize,optimal_mismatch,a32997fd-direct-order=1; 31b6e7a3-scip-rerun1=1; 31b6e7a3-scip-log-scop-rerun2=1; 9c976720-scip-log-scop-dynamic=1; 9c976720-scip-direct-order-dynamic=1; bd3c9f7d-scip-direct-order-dynamic=1; bd3c9f7d-scip-log-scop-dynamic=1; aac6b714-scip-direct-order-dynamic=1; 835f8aaf-scip-direct-order-dynamic=1; 835f8aaf-scip-log-scop-dynamic=1; 10c9c43b-dirty-log-scop-dadda-norootlp=1; 10c9c43b-dirty-log-scop-autobdd-norootlp-rerun1=1; 1173b3f4-scip-direct-order-extge-eager-dynwatch=1; 1173b3f4-direct-order-extprop8196-s40-20260512=1; 261d4b72-direct-order-extprop8196-s40-extobj-norootlp-nomaxarity=-9; f85951b8-direct-order-extprop8196-s40-extobj-norootlp-nomaxarity=1; ace64g-rr-20260505=1
515,competition/2022-2025/COP22to25/KidneyExchange-4-051_c23.xml.lzma,maximize,optimal_mismatch,a32997fd-direct-order=1; 31b6e7a3-scip-rerun1=1; 31b6e7a3-scip-log-scop-rerun2=1; 9c976720-scip-log-scop-dynamic=1; 9c976720-scip-direct-order-dynamic=1; bd3c9f7d-scip-direct-order-dynamic=1; bd3c9f7d-scip-log-scop-dynamic=1; aac6b714-scip-direct-order-dynamic=1; 835f8aaf-scip-direct-order-dynamic=1; 835f8aaf-scip-log-scop-dynamic=1; 10c9c43b-dirty-log-scop-dadda-norootlp=1; 10c9c43b-dirty-log-scop-autobdd-norootlp-rerun1=1; 1173b3f4-scip-direct-order-extge-eager-dynwatch=1; 1173b3f4-direct-order-extprop8196-s40-20260512=1; 261d4b72-direct-order-extprop8196-s40-extobj-norootlp-nomaxarity=-13; f85951b8-direct-order-extprop8196-s40-extobj-norootlp-nomaxarity=1; ace64g-rr-20260505=1
544,competition/2022-2025/COP22to25/LitPuzzle-30_c24.xml.lzma,minimize,incumbent_beats_optimum,optimum=414; 1d1a452a-log-scop=412; a32997fd-direct-order=404; 31b6e7a3-scip-rerun1=404; 31b6e7a3-scip-log-scop-rerun2=412; 9c976720-scip-log-scop-dynamic=402; 9c976720-scip-direct-order-dynamic=398; aac6b714-scip-direct-order-dynamic=410; 10c9c43b-dirty-log-scop-dadda-norootlp=394; 10c9c43b-dirty-log-scop-autobdd-norootlp-rerun1=400; a5249e5b-log-scop-autobdd-norootlp=400; f85951b8-log-scop-autobdd-norootlp=400; 1173b3f4-scip-direct-order-extge-eager-dynwatch=384; 1173b3f4-direct-order-extprop8196-s40-20260512=396; 261d4b72-direct-order-extprop8196-s40-extobj-norootlp-nomaxarity=400; ace64g-rr-20260505=396; pycsp3-extra-ortools-20260505=384; pycsp3-extra-ortools-1t-rerun1-20260505=396; pycsp3-extra-ortools-1t-verbose1-20260509=396
559,competition/2022-2025/COP22to25/MaximumDensityOscillatingLife-5-2_c24.xml.lzma,maximize,optimal_mismatch,72769ef1-guarded-basic-2m=28; 1d1a452a-direct-order=28; 1d1a452a-log-scop=28; a32997fd-direct-order=28; 31b6e7a3-scip-rerun1=28; 31b6e7a3-scip-log-scop-rerun2=28; 9c976720-scip-log-scop-dynamic=28; 9c976720-scip-direct-order-dynamic=28; bd3c9f7d-scip-direct-order-dynamic=6; bd3c9f7d-scip-log-scop-dynamic=28; aac6b714-scip-direct-order-dynamic=28; 835f8aaf-scip-direct-order-dynamic=28; 835f8aaf-scip-log-scop-dynamic=28; 10c9c43b-dirty-log-scop-dadda-norootlp=28; 10c9c43b-dirty-log-scop-autobdd-norootlp-rerun1=28; a5249e5b-log-scop-autobdd-norootlp=28; f85951b8-log-scop-autobdd-norootlp=28; 1173b3f4-scip-direct-order-extge-eager-dynwatch=28; 1173b3f4-direct-order-extprop8196-s40-20260512=28; f85951b8-direct-order-extprop8196-s40-extobj-norootlp-nomaxarity=28; ace64g-rr-20260505=28; pycsp3-extra-ortools-20260505=28; pycsp3-extra-ortools-1t-rerun1-20260505=28; pycsp3-extra-ortools-1t-verbose1-20260509=28
564,competition/2022-2025/COP22to25/MaximumDensityOscillatingLife-6-2_c24.xml.lzma,maximize,optimal_mismatch,72769ef1-guarded-basic-2m=40; 1d1a452a-direct-order=40; 1d1a452a-log-scop=40; a32997fd-direct-order=40; 31b6e7a3-scip-rerun1=40; 31b6e7a3-scip-log-scop-rerun2=40; 9c976720-scip-log-scop-dynamic=40; 9c976720-scip-direct-order-dynamic=40; bd3c9f7d-scip-direct-order-dynamic=12; bd3c9f7d-scip-log-scop-dynamic=40; aac6b714-scip-direct-order-dynamic=40; 835f8aaf-scip-direct-order-dynamic=40; 835f8aaf-scip-log-scop-dynamic=40; 10c9c43b-dirty-log-scop-dadda-norootlp=40; 10c9c43b-dirty-log-scop-autobdd-norootlp-rerun1=40; a5249e5b-log-scop-autobdd-norootlp=40; f85951b8-log-scop-autobdd-norootlp=40; 1173b3f4-scip-direct-order-extge-eager-dynwatch=40; 1173b3f4-direct-order-extprop8196-s40-20260512=40; 261d4b72-direct-order-extprop8196-s40-extobj-norootlp-nomaxarity=22; f85951b8-direct-order-extprop8196-s40-extobj-norootlp-nomaxarity=40; ace64g-rr-20260505=40; pycsp3-extra-ortools-20260505=40; pycsp3-extra-ortools-1t-rerun1-20260505=40; pycsp3-extra-ortools-1t-verbose1-20260509=40
566,competition/2022-2025/COP22to25/MaximumDensityOscillatingLife-6-4_c24.xml.lzma,maximize,optimal_mismatch,1d1a452a-direct-order=80; 1d1a452a-log-scop=80; a32997fd-direct-order=80; 31b6e7a3-scip-rerun1=80; 31b6e7a3-scip-log-scop-rerun2=80; 9c976720-scip-log-scop-dynamic=80; 9c976720-scip-direct-order-dynamic=80; bd3c9f7d-scip-direct-order-dynamic=76; bd3c9f7d-scip-log-scop-dynamic=80; aac6b714-scip-direct-order-dynamic=80; 835f8aaf-scip-direct-order-dynamic=80; 835f8aaf-scip-log-scop-dynamic=80; 10c9c43b-dirty-log-scop-dadda-norootlp=80; 10c9c43b-dirty-log-scop-autobdd-norootlp-rerun1=80; a5249e5b-log-scop-autobdd-norootlp=80; f85951b8-log-scop-autobdd-norootlp=80; 1173b3f4-scip-direct-order-extge-eager-dynwatch=80; 1173b3f4-direct-order-extprop8196-s40-20260512=80; f85951b8-direct-order-extprop8196-s40-extobj-norootlp-nomaxarity=80; ace64g-rr-20260505=80; pycsp3-extra-ortools-20260505=80; pycsp3-extra-ortools-1t-rerun1-20260505=80; pycsp3-extra-ortools-1t-verbose1-20260509=80
569,competition/2022-2025/COP22to25/MaximumDensityOscillatingLife-7-2_c24.xml.lzma,maximize,optimal_mismatch,72769ef1-guarded-basic-2m=52; 1d1a452a-direct-order=52; 1d1a452a-log-scop=52; a32997fd-direct-order=52; 31b6e7a3-scip-rerun1=52; 31b6e7a3-scip-log-scop-rerun2=52; 9c976720-scip-log-scop-dynamic=52; 9c976720-scip-direct-order-dynamic=52; bd3c9f7d-scip-direct-order-dynamic=44; bd3c9f7d-scip-log-scop-dynamic=52; aac6b714-scip-direct-order-dynamic=52; 835f8aaf-scip-direct-order-dynamic=52; 835f8aaf-scip-log-scop-dynamic=52; 10c9c43b-dirty-log-scop-dadda-norootlp=52; 10c9c43b-dirty-log-scop-autobdd-norootlp-rerun1=52; a5249e5b-log-scop-autobdd-norootlp=52; f85951b8-log-scop-autobdd-norootlp=52; 1173b3f4-scip-direct-order-extge-eager-dynwatch=52; 1173b3f4-direct-order-extprop8196-s40-20260512=52; f85951b8-direct-order-extprop8196-s40-extobj-norootlp-nomaxarity=52; ace64g-rr-20260505=52; pycsp3-extra-ortools-20260505=52; pycsp3-extra-ortools-1t-rerun1-20260505=52; pycsp3-extra-ortools-1t-verbose1-20260509=52
570,competition/2022-2025/COP22to25/MaximumDensityOscillatingLife-7-3_c24.xml.lzma,maximize,optimal_mismatch,1d1a452a-direct-order=84; 1d1a452a-log-scop=84; a32997fd-direct-order=84; 31b6e7a3-scip-rerun1=84; 31b6e7a3-scip-log-scop-rerun2=84; 9c976720-scip-log-scop-dynamic=84; 9c976720-scip-direct-order-dynamic=84; bd3c9f7d-scip-direct-order-dynamic=63; bd3c9f7d-scip-log-scop-dynamic=84; aac6b714-scip-direct-order-dynamic=84; 835f8aaf-scip-direct-order-dynamic=84; 835f8aaf-scip-log-scop-dynamic=84; 10c9c43b-dirty-log-scop-dadda-norootlp=84; 10c9c43b-dirty-log-scop-autobdd-norootlp-rerun1=84; a5249e5b-log-scop-autobdd-norootlp=84; f85951b8-log-scop-autobdd-norootlp=84; 1173b3f4-scip-direct-order-extge-eager-dynwatch=84; 1173b3f4-direct-order-extprop8196-s40-20260512=84; f85951b8-direct-order-extprop8196-s40-extobj-norootlp-nomaxarity=84; ace64g-rr-20260505=84; pycsp3-extra-ortools-1t-rerun1-20260505=84; pycsp3-extra-ortools-1t-verbose1-20260509=84
571,competition/2022-2025/COP22to25/MaximumDensityOscillatingLife-7-4_c24.xml.lzma,maximize,optimal_mismatch,1d1a452a-direct-order=108; 1d1a452a-log-scop=108; a32997fd-direct-order=108; 31b6e7a3-scip-rerun1=108; 31b6e7a3-scip-log-scop-rerun2=108; 9c976720-scip-log-scop-dynamic=108; 9c976720-scip-direct-order-dynamic=108; bd3c9f7d-scip-direct-order-dynamic=94; bd3c9f7d-scip-log-scop-dynamic=108; aac6b714-scip-direct-order-dynamic=108; 835f8aaf-scip-direct-order-dynamic=108; 835f8aaf-scip-log-scop-dynamic=108; 10c9c43b-dirty-log-scop-dadda-norootlp=108; 10c9c43b-dirty-log-scop-autobdd-norootlp-rerun1=108; a5249e5b-log-scop-autobdd-norootlp=108; f85951b8-log-scop-autobdd-norootlp=108; 1173b3f4-scip-direct-order-extge-eager-dynwatch=108; 1173b3f4-direct-order-extprop8196-s40-20260512=108; f85951b8-direct-order-extprop8196-s40-extobj-norootlp-nomaxarity=108
577,competition/2022-2025/COP22to25/MetabolicNetwork-16_c25.xml.lzma,minimize,optimal_mismatch,72769ef1-guarded-basic-2m=2; 1d1a452a-log-scop=2; a32997fd-direct-order=2; 31b6e7a3-scip-rerun1=2; 31b6e7a3-scip-log-scop-rerun2=2; 9c976720-scip-log-scop-dynamic=2; 9c976720-scip-direct-order-dynamic=2; bd3c9f7d-scip-direct-order-dynamic=2; bd3c9f7d-scip-log-scop-dynamic=2; aac6b714-scip-direct-order-dynamic=2; 835f8aaf-scip-direct-order-dynamic=2; 835f8aaf-scip-log-scop-dynamic=2; 10c9c43b-dirty-log-scop-dadda-norootlp=2; 10c9c43b-dirty-log-scop-autobdd-norootlp-rerun1=2; a5249e5b-log-scop-autobdd-norootlp=2; f85951b8-log-scop-autobdd-norootlp=2; 1173b3f4-scip-direct-order-extge-eager-dynwatch=2; 1173b3f4-direct-order-extprop8196-s40-20260512=2; 261d4b72-direct-order-extprop8196-s40-extobj-norootlp-nomaxarity=40; f85951b8-direct-order-extprop8196-s40-extobj-norootlp-nomaxarity=20; ace64g-rr-20260505=2; pycsp3-extra-ortools-20260505=2; pycsp3-extra-ortools-1t-rerun1-20260505=2; pycsp3-extra-ortools-1t-verbose1-20260509=2
581,competition/2022-2025/COP22to25/MetabolicNetwork-38_c25.xml.lzma,minimize,unsat_with_value,"UNSAT from 2c9fbcd6-order-ge-guarded-1800s, 72769ef1-cumcegar-2m, 1d1a452a-direct-order, 1d1a452a-log-scop, a32997fd-direct-order, 31b6e7a3-scip-rerun1, 31b6e7a3-scip-log-scop-rerun2, 9c976720-scip-log-scop-dynamic, 9c976720-scip-direct-order-dynamic, bd3c9f7d-scip-direct-order-dynamic, bd3c9f7d-scip-log-scop-dynamic; values from ace64g-rr-20260505=2, pycsp3-extra-ortools-20260505=2, pycsp3-extra-ortools-1t-rerun1-20260505=2, pycsp3-extra-ortools-1t-verbose1-20260509=2"
594,competition/2022-2025/COP22to25/MultiAgentPathFinding-table-g32-p10-a05_c22.xml.lzma,minimize,optimal_mismatch,72769ef1-guarded-basic-2m=124; a32997fd-direct-order=124; 31b6e7a3-scip-rerun1=124; 9c976720-scip-direct-order-dynamic=124; bd3c9f7d-scip-direct-order-dynamic=124; aac6b714-scip-direct-order-dynamic=124; 835f8aaf-scip-direct-order-dynamic=124; 1173b3f4-scip-direct-order-extge-eager-dynwatch=124; 261d4b72-direct-order-extprop8196-s40-extobj-norootlp-nomaxarity=124; f85951b8-direct-order-extprop8196-s40-extobj-norootlp-nomaxarity=307; ace64g-rr-20260505=124; pycsp3-extra-ortools-20260505=124; pycsp3-extra-ortools-1t-rerun1-20260505=124; pycsp3-extra-ortools-1t-verbose1-20260509=124
609,competition/2022-2025/COP22to25/NurseRostering-01_c22.xml.lzma,minimize,optimal_mismatch,a32997fd-direct-order=607; 31b6e7a3-scip-log-scop-rerun2=607; 9c976720-scip-log-scop-dynamic=607; bd3c9f7d-scip-log-scop-dynamic=607; aac6b714-scip-direct-order-dynamic=607; 835f8aaf-scip-log-scop-dynamic=607; 10c9c43b-dirty-log-scop-dadda-norootlp=607; 10c9c43b-dirty-log-scop-autobdd-norootlp-rerun1=607; 1173b3f4-scip-direct-order-extge-eager-dynwatch=607; 1173b3f4-direct-order-extprop8196-s40-20260512=607; 261d4b72-direct-order-extprop8196-s40-extobj-norootlp-nomaxarity=2537; f85951b8-direct-order-extprop8196-s40-extobj-norootlp-nomaxarity=607; ace64g-rr-20260505=607; pycsp3-extra-ortools-20260505=607; pycsp3-extra-ortools-1t-rerun1-20260505=607; pycsp3-extra-ortools-1t-verbose1-20260509=607
611,competition/2022-2025/COP22to25/NurseRostering-03_c22.xml.lzma,minimize,optimal_mismatch,261d4b72-direct-order-extprop8196-s40-extobj-norootlp-nomaxarity=7300; pycsp3-extra-ortools-20260505=1005
612,competition/2022-2025/COP22to25/NurseRostering-04_c22.xml.lzma,minimize,incumbent_beats_optimum,optimum=8568; a32997fd-direct-order=4331; 31b6e7a3-scip-log-scop-rerun2=2362; 9c976720-scip-log-scop-dynamic=2565; bd3c9f7d-scip-log-scop-dynamic=3467; aac6b714-scip-direct-order-dynamic=3475; 835f8aaf-scip-log-scop-dynamic=2472; 10c9c43b-dirty-log-scop-dadda-norootlp=1828; 10c9c43b-dirty-log-scop-autobdd-norootlp-rerun1=2166; 1173b3f4-scip-direct-order-extge-eager-dynwatch=1719; 1173b3f4-direct-order-extprop8196-s40-20260512=5009; f85951b8-direct-order-extprop8196-s40-extobj-norootlp-nomaxarity=1821; ace64g-rr-20260505=1726; pycsp3-extra-ortools-20260505=1719; pycsp3-extra-ortools-1t-rerun1-20260505=1720; pycsp3-extra-ortools-1t-verbose1-20260509=1720
613,competition/2022-2025/COP22to25/NurseRostering-05_c22.xml.lzma,minimize,incumbent_beats_optimum,optimum=6654; a32997fd-direct-order=4712; 31b6e7a3-scip-log-scop-rerun2=3109; 9c976720-scip-log-scop-dynamic=2912; bd3c9f7d-scip-log-scop-dynamic=4587; aac6b714-scip-direct-order-dynamic=6553; 835f8aaf-scip-log-scop-dynamic=2792; 10c9c43b-dirty-log-scop-dadda-norootlp=2587; 10c9c43b-dirty-log-scop-autobdd-norootlp-rerun1=2111; 1173b3f4-scip-direct-order-extge-eager-dynwatch=1262; 1173b3f4-direct-order-extprop8196-s40-20260512=6254; f85951b8-direct-order-extprop8196-s40-extobj-norootlp-nomaxarity=1732; ace64g-rr-20260505=1354; pycsp3-extra-ortools-20260505=1241; pycsp3-extra-ortools-1t-rerun1-20260505=1550; pycsp3-extra-ortools-1t-verbose1-20260509=1550
614,competition/2022-2025/COP22to25/NurseRostering-06_c22.xml.lzma,minimize,incumbent_beats_optimum,optimum=10911; 1d1a452a-direct-order=9592; a32997fd-direct-order=8783; 31b6e7a3-scip-rerun1=9392; 31b6e7a3-scip-log-scop-rerun2=4928; 9c976720-scip-log-scop-dynamic=5236; 9c976720-scip-direct-order-dynamic=8988; bd3c9f7d-scip-direct-order-dynamic=9592; bd3c9f7d-scip-log-scop-dynamic=7670; aac6b714-scip-direct-order-dynamic=8496; 835f8aaf-scip-direct-order-dynamic=9272; 835f8aaf-scip-log-scop-dynamic=5335; 10c9c43b-dirty-log-scop-dadda-norootlp=6550; 10c9c43b-dirty-log-scop-autobdd-norootlp-rerun1=4453; a5249e5b-log-scop-autobdd-norootlp=9914; f85951b8-log-scop-autobdd-norootlp=9914; 1173b3f4-scip-direct-order-extge-eager-dynwatch=3845; 1173b3f4-direct-order-extprop8196-s40-20260512=7981; f85951b8-direct-order-extprop8196-s40-extobj-norootlp-nomaxarity=5516; ace64g-rr-20260505=2557; pycsp3-extra-ortools-20260505=2154; pycsp3-extra-ortools-1t-rerun1-20260505=2876; pycsp3-extra-ortools-1t-verbose1-20260509=2876
618,competition/2022-2025/COP22to25/NurseRostering-10_c22.xml.lzma,minimize,incumbent_beats_optimum,optimum=19348; 10c9c43b-dirty-log-scop-dadda-norootlp=17559; 10c9c43b-dirty-log-scop-autobdd-norootlp-rerun1=12358; a5249e5b-log-scop-autobdd-norootlp=17246; f85951b8-log-scop-autobdd-norootlp=17246; 1173b3f4-scip-direct-order-extge-eager-dynwatch=15565; f85951b8-direct-order-extprop8196-s40-extobj-norootlp-nomaxarity=15972; ace64g-rr-20260505=5282; pycsp3-extra-ortools-20260505=5765; pycsp3-extra-ortools-1t-rerun1-20260505=11753; pycsp3-extra-ortools-1t-verbose1-20260509=11754
619,competition/2022-2025/COP22to25/NurseRostering-11_c22.xml.lzma,minimize,incumbent_beats_optimum,optimum=21694; 9c976720-scip-direct-order-dynamic=19985; bd3c9f7d-scip-direct-order-dynamic=19985; 1173b3f4-scip-direct-order-extge-eager-dynwatch=20978; f85951b8-direct-order-extprop8196-s40-extobj-norootlp-nomaxarity=21122; ace64g-rr-20260505=5246; pycsp3-extra-ortools-20260505=5203
620,competition/2022-2025/COP22to25/NurseRostering-12_c22.xml.lzma,minimize,incumbent_beats_optimum,optimum=33164; 1173b3f4-scip-direct-order-extge-eager-dynwatch=31676; f85951b8-direct-order-extprop8196-s40-extobj-norootlp-nomaxarity=29336; ace64g-rr-20260505=7135; pycsp3-extra-ortools-20260505=8986
622,competition/2022-2025/COP22to25/NurseRostering-14_c22.xml.lzma,minimize,incumbent_beats_optimum,optimum=17067; 9c976720-scip-direct-order-dynamic=16945; 835f8aaf-scip-direct-order-dynamic=16629; 10c9c43b-dirty-log-scop-dadda-norootlp=16350; 1173b3f4-scip-direct-order-extge-eager-dynwatch=15424; f85951b8-direct-order-extprop8196-s40-extobj-norootlp-nomaxarity=13751; ace64g-rr-20260505=2495
623,competition/2022-2025/COP22to25/NurseRostering-15_c22.xml.lzma,minimize,incumbent_beats_optimum,optimum=33026; 1d1a452a-log-scop=31591; 31b6e7a3-scip-rerun1=28320; 31b6e7a3-scip-log-scop-rerun2=31591; 9c976720-scip-log-scop-dynamic=31591; 9c976720-scip-direct-order-dynamic=32990; bd3c9f7d-scip-direct-order-dynamic=32990; bd3c9f7d-scip-log-scop-dynamic=31591; 835f8aaf-scip-direct-order-dynamic=30549; 835f8aaf-scip-log-scop-dynamic=31591; 10c9c43b-dirty-log-scop-dadda-norootlp=28670; a5249e5b-log-scop-autobdd-norootlp=30880; f85951b8-log-scop-autobdd-norootlp=30880; 1173b3f4-scip-direct-order-extge-eager-dynwatch=30442; f85951b8-direct-order-extprop8196-s40-extobj-norootlp-nomaxarity=27465; ace64g-rr-20260505=6913
624,competition/2022-2025/COP22to25/NurseRostering-16_c22.xml.lzma,minimize,incumbent_beats_optimum,optimum=14632; 31b6e7a3-scip-rerun1=14346; 9c976720-scip-direct-order-dynamic=13763; 835f8aaf-scip-direct-order-dynamic=14142; 1173b3f4-scip-direct-order-extge-eager-dynwatch=14566; f85951b8-direct-order-extprop8196-s40-extobj-norootlp-nomaxarity=12649; ace64g-rr-20260505=5295
626,competition/2022-2025/COP22to25/NurseRostering-18_c22.xml.lzma,minimize,incumbent_beats_optimum,optimum=28487; 31b6e7a3-scip-rerun1=27744; 9c976720-scip-direct-order-dynamic=28169; bd3c9f7d-scip-direct-order-dynamic=28169; 835f8aaf-scip-direct-order-dynamic=27546; 10c9c43b-dirty-log-scop-dadda-norootlp=26227; 10c9c43b-dirty-log-scop-autobdd-norootlp-rerun1=28343; a5249e5b-log-scop-autobdd-norootlp=28343; f85951b8-log-scop-autobdd-norootlp=28343; f85951b8-direct-order-extprop8196-s40-extobj-norootlp-nomaxarity=23632; ace64g-rr-20260505=9509
641,competition/2022-2025/COP22to25/PSP1-001_c23.xml.lzma,minimize,incumbent_beats_optimum,optimum=149868; 1d1a452a-log-scop=28373; 31b6e7a3-scip-rerun1=149760; 31b6e7a3-scip-log-scop-rerun2=115795; 9c976720-scip-log-scop-dynamic=115795; 9c976720-scip-direct-order-dynamic=146800; bd3c9f7d-scip-log-scop-dynamic=115795; 835f8aaf-scip-direct-order-dynamic=74033; 835f8aaf-scip-log-scop-dynamic=115795; 10c9c43b-dirty-log-scop-dadda-norootlp=27693; 10c9c43b-dirty-log-scop-autobdd-norootlp-rerun1=142436; a5249e5b-log-scop-autobdd-norootlp=142436; f85951b8-log-scop-autobdd-norootlp=142436; 1173b3f4-scip-direct-order-extge-eager-dynwatch=20269; 1173b3f4-direct-order-extprop8196-s40-20260512=25497; f85951b8-direct-order-extprop8196-s40-extobj-norootlp-nomaxarity=91326; ace64g-rr-20260505=14097; pycsp3-extra-ortools-20260505=14051; pycsp3-extra-ortools-1t-rerun1-20260505=14861; pycsp3-extra-ortools-1t-verbose1-20260509=14861
642,competition/2022-2025/COP22to25/PSP1-002_c23.xml.lzma,minimize,optimal_mismatch,261d4b72-direct-order-extprop8196-s40-extobj-norootlp-nomaxarity=141900; f85951b8-direct-order-extprop8196-s40-extobj-norootlp-nomaxarity=79844
643,competition/2022-2025/COP22to25/PSP1-003_c23.xml.lzma,minimize,incumbent_beats_optimum,optimum=142827; 1d1a452a-log-scop=50948; 31b6e7a3-scip-log-scop-rerun2=127630; 9c976720-scip-log-scop-dynamic=127630; bd3c9f7d-scip-log-scop-dynamic=127630; 835f8aaf-scip-direct-order-dynamic=29599; 835f8aaf-scip-log-scop-dynamic=127630; 10c9c43b-dirty-log-scop-dadda-norootlp=27513; 10c9c43b-dirty-log-scop-autobdd-norootlp-rerun1=140902; a5249e5b-log-scop-autobdd-norootlp=140902; f85951b8-log-scop-autobdd-norootlp=140902; 1173b3f4-scip-direct-order-extge-eager-dynwatch=17350; 1173b3f4-direct-order-extprop8196-s40-20260512=20538; f85951b8-direct-order-extprop8196-s40-extobj-norootlp-nomaxarity=81876; ace64g-rr-20260505=11544; pycsp3-extra-ortools-20260505=11531; pycsp3-extra-ortools-1t-rerun1-20260505=12112; pycsp3-extra-ortools-1t-verbose1-20260509=12112
644,competition/2022-2025/COP22to25/PSP1-004_c23.xml.lzma,minimize,optimal_mismatch,261d4b72-direct-order-extprop8196-s40-extobj-norootlp-nomaxarity=65438; f85951b8-direct-order-extprop8196-s40-extobj-norootlp-nomaxarity=112552
645,competition/2022-2025/COP22to25/PSP1-301_c23.xml.lzma,minimize,unsat_with_value,"UNSAT from f85951b8-direct-order-extprop8196-s40-extobj-norootlp-nomaxarity; values from 1d1a452a-direct-order=267386, 1d1a452a-log-scop=109942, a32997fd-direct-order=267386, 31b6e7a3-scip-rerun1=267036, 31b6e7a3-scip-log-scop-rerun2=109985, 9c976720-scip-log-scop-dynamic=109985, 9c976720-scip-direct-order-dynamic=267003, bd3c9f7d-scip-direct-order-dynamic=267386"
646,competition/2022-2025/COP22to25/PSP1-302_c23.xml.lzma,minimize,incumbent_beats_optimum,optimum=205380; 1d1a452a-log-scop=185978; 10c9c43b-dirty-log-scop-autobdd-norootlp-rerun1=164360; a5249e5b-log-scop-autobdd-norootlp=164360; f85951b8-log-scop-autobdd-norootlp=164360; 1173b3f4-direct-order-extprop8196-s40-20260512=78995; pycsp3-extra-ortools-20260505=43703; pycsp3-extra-ortools-1t-rerun1-20260505=49969; pycsp3-extra-ortools-1t-verbose1-20260509=49969
648,competition/2022-2025/COP22to25/PSP1-304_c23.xml.lzma,minimize,incumbent_beats_optimum,optimum=206584; 1d1a452a-log-scop=158696; 31b6e7a3-scip-log-scop-rerun2=189753; 9c976720-scip-log-scop-dynamic=189753; bd3c9f7d-scip-log-scop-dynamic=189753; 835f8aaf-scip-log-scop-dynamic=189753; a5249e5b-log-scop-autobdd-norootlp=169251; f85951b8-log-scop-autobdd-norootlp=169251; 1173b3f4-scip-direct-order-extge-eager-dynwatch=194612; 1173b3f4-direct-order-extprop8196-s40-20260512=84300; ace64g-rr-20260505=47535; pycsp3-extra-ortools-20260505=47543; pycsp3-extra-ortools-1t-rerun1-20260505=58649; pycsp3-extra-ortools-1t-verbose1-20260509=58649
657,competition/2022-2025/COP22to25/ProgressiveParty-rally-red12-05_c23.xml.lzma,minimize,optimal_mismatch,72769ef1-guarded-basic-2m=5; 1d1a452a-log-scop=5; a32997fd-direct-order=5; 31b6e7a3-scip-rerun1=5; 31b6e7a3-scip-log-scop-rerun2=5; 9c976720-scip-log-scop-dynamic=5; 9c976720-scip-direct-order-dynamic=5; bd3c9f7d-scip-direct-order-dynamic=5; bd3c9f7d-scip-log-scop-dynamic=5; aac6b714-scip-direct-order-dynamic=5; 835f8aaf-scip-direct-order-dynamic=5; 835f8aaf-scip-log-scop-dynamic=5; 10c9c43b-dirty-log-scop-dadda-norootlp=5; 10c9c43b-dirty-log-scop-autobdd-norootlp-rerun1=5; a5249e5b-log-scop-autobdd-norootlp=5; f85951b8-log-scop-autobdd-norootlp=5; 1173b3f4-scip-direct-order-extge-eager-dynwatch=5; 1173b3f4-direct-order-extprop8196-s40-20260512=5; 261d4b72-direct-order-extprop8196-s40-extobj-norootlp-nomaxarity=7; f85951b8-direct-order-extprop8196-s40-extobj-norootlp-nomaxarity=5; ace64g-rr-20260505=5
660,competition/2022-2025/COP22to25/ProgressiveParty-rally-red42-03_c23.xml.lzma,minimize,optimal_mismatch,a32997fd-direct-order=12; 31b6e7a3-scip-rerun1=12; 9c976720-scip-log-scop-dynamic=12; bd3c9f7d-scip-direct-order-dynamic=12; 261d4b72-direct-order-extprop8196-s40-extobj-norootlp-nomaxarity=26; f85951b8-direct-order-extprop8196-s40-extobj-norootlp-nomaxarity=14
677,competition/2022-2025/COP22to25/RCPSP-j120-01-04_c22.xml.lzma,minimize,optimal_mismatch,72769ef1-guarded-basic-2m=97; 1d1a452a-log-scop=97; 31b6e7a3-scip-log-scop-rerun2=97; 9c976720-scip-log-scop-dynamic=97; bd3c9f7d-scip-log-scop-dynamic=97; 835f8aaf-scip-direct-order-dynamic=97; 835f8aaf-scip-log-scop-dynamic=97; 10c9c43b-dirty-log-scop-dadda-norootlp=97; 10c9c43b-dirty-log-scop-autobdd-norootlp-rerun1=97; a5249e5b-log-scop-autobdd-norootlp=97; f85951b8-log-scop-autobdd-norootlp=97; 1173b3f4-scip-direct-order-extge-eager-dynwatch=111; 1173b3f4-direct-order-extprop8196-s40-20260512=97; 261d4b72-direct-order-extprop8196-s40-extobj-norootlp-nomaxarity=97; f85951b8-direct-order-extprop8196-s40-extobj-norootlp-nomaxarity=99; ace64g-rr-20260505=97; pycsp3-extra-ortools-20260505=97; pycsp3-extra-ortools-1t-rerun1-20260505=97; pycsp3-extra-ortools-1t-verbose1-20260509=97
678,competition/2022-2025/COP22to25/RCPSP-j120-01-05_c22.xml.lzma,minimize,optimal_mismatch,72769ef1-guarded-basic-2m=112; 1d1a452a-log-scop=112; 31b6e7a3-scip-log-scop-rerun2=112; 9c976720-scip-log-scop-dynamic=112; bd3c9f7d-scip-log-scop-dynamic=112; 835f8aaf-scip-direct-order-dynamic=112; 835f8aaf-scip-log-scop-dynamic=112; 10c9c43b-dirty-log-scop-dadda-norootlp=112; 10c9c43b-dirty-log-scop-autobdd-norootlp-rerun1=112; a5249e5b-log-scop-autobdd-norootlp=112; f85951b8-log-scop-autobdd-norootlp=112; 1173b3f4-scip-direct-order-extge-eager-dynwatch=112; 261d4b72-direct-order-extprop8196-s40-extobj-norootlp-nomaxarity=112; f85951b8-direct-order-extprop8196-s40-extobj-norootlp-nomaxarity=142; ace64g-rr-20260505=112; pycsp3-extra-ortools-20260505=112; pycsp3-extra-ortools-1t-rerun1-20260505=112; pycsp3-extra-ortools-1t-verbose1-20260509=112
684,competition/2022-2025/COP22to25/RIP-25-0-j060-01-01_c23.xml.lzma,minimize,optimal_mismatch,72769ef1-guarded-basic-2m=187; 1d1a452a-log-scop=187; 31b6e7a3-scip-rerun1=187; 31b6e7a3-scip-log-scop-rerun2=187; 9c976720-scip-log-scop-dynamic=187; 9c976720-scip-direct-order-dynamic=187; bd3c9f7d-scip-log-scop-dynamic=187; aac6b714-scip-direct-order-dynamic=187; 835f8aaf-scip-direct-order-dynamic=187; 835f8aaf-scip-log-scop-dynamic=187; 10c9c43b-dirty-log-scop-dadda-norootlp=187; 10c9c43b-dirty-log-scop-autobdd-norootlp-rerun1=187; a5249e5b-log-scop-autobdd-norootlp=187; f85951b8-log-scop-autobdd-norootlp=187; 1173b3f4-scip-direct-order-extge-eager-dynwatch=187; 261d4b72-direct-order-extprop8196-s40-extobj-norootlp-nomaxarity=974; f85951b8-direct-order-extprop8196-s40-extobj-norootlp-nomaxarity=187; ace64g-rr-20260505=187; pycsp3-extra-ortools-20260505=187; pycsp3-extra-ortools-1t-rerun1-20260505=187; pycsp3-extra-ortools-1t-verbose1-20260509=187
685,competition/2022-2025/COP22to25/RIP-25-0-j090-01-01_c23.xml.lzma,minimize,optimal_mismatch,1d1a452a-log-scop=214; 31b6e7a3-scip-log-scop-rerun2=214; 9c976720-scip-log-scop-dynamic=214; bd3c9f7d-scip-log-scop-dynamic=214; 835f8aaf-scip-log-scop-dynamic=214; 10c9c43b-dirty-log-scop-dadda-norootlp=214; 10c9c43b-dirty-log-scop-autobdd-norootlp-rerun1=214; a5249e5b-log-scop-autobdd-norootlp=214; f85951b8-log-scop-autobdd-norootlp=214; 1173b3f4-scip-direct-order-extge-eager-dynwatch=214; 261d4b72-direct-order-extprop8196-s40-extobj-norootlp-nomaxarity=1660; f85951b8-direct-order-extprop8196-s40-extobj-norootlp-nomaxarity=214; ace64g-rr-20260505=214; pycsp3-extra-ortools-20260505=214; pycsp3-extra-ortools-1t-rerun1-20260505=214; pycsp3-extra-ortools-1t-verbose1-20260509=214
686,competition/2022-2025/COP22to25/RIP-25-0-j120-01-01_c23.xml.lzma,minimize,optimal_mismatch,1d1a452a-log-scop=199; 31b6e7a3-scip-log-scop-rerun2=199; 9c976720-scip-log-scop-dynamic=199; bd3c9f7d-scip-log-scop-dynamic=199; 835f8aaf-scip-log-scop-dynamic=199; 10c9c43b-dirty-log-scop-autobdd-norootlp-rerun1=199; a5249e5b-log-scop-autobdd-norootlp=199; f85951b8-log-scop-autobdd-norootlp=199; 1173b3f4-scip-direct-order-extge-eager-dynwatch=199; 261d4b72-direct-order-extprop8196-s40-extobj-norootlp-nomaxarity=1639; f85951b8-direct-order-extprop8196-s40-extobj-norootlp-nomaxarity=207; pycsp3-extra-ortools-20260505=199
687,competition/2022-2025/COP22to25/RIP-25-1-j060-10-01_c23.xml.lzma,minimize,optimal_mismatch,261d4b72-direct-order-extprop8196-s40-extobj-norootlp-nomaxarity=3930; f85951b8-direct-order-extprop8196-s40-extobj-norootlp-nomaxarity=818
688,competition/2022-2025/COP22to25/RIP-25-1-j090-10-01_c23.xml.lzma,minimize,optimal_mismatch,261d4b72-direct-order-extprop8196-s40-extobj-norootlp-nomaxarity=5816; f85951b8-direct-order-extprop8196-s40-extobj-norootlp-nomaxarity=1104
689,competition/2022-2025/COP22to25/RIP-25-1-j120-10-01_c23.xml.lzma,minimize,incumbent_beats_optimum,optimum=4977; 1d1a452a-log-scop=360; 31b6e7a3-scip-rerun1=1180; 31b6e7a3-scip-log-scop-rerun2=361; 9c976720-scip-log-scop-dynamic=356; 9c976720-scip-direct-order-dynamic=1180; bd3c9f7d-scip-log-scop-dynamic=364; 835f8aaf-scip-log-scop-dynamic=354; 10c9c43b-dirty-log-scop-dadda-norootlp=424; 10c9c43b-dirty-log-scop-autobdd-norootlp-rerun1=362; a5249e5b-log-scop-autobdd-norootlp=362; f85951b8-log-scop-autobdd-norootlp=362; 1173b3f4-scip-direct-order-extge-eager-dynwatch=1221; f85951b8-direct-order-extprop8196-s40-extobj-norootlp-nomaxarity=384; ace64g-rr-20260505=360; pycsp3-extra-ortools-20260505=359; pycsp3-extra-ortools-1t-rerun1-20260505=1056; pycsp3-extra-ortools-1t-verbose1-20260509=1056
691,competition/2022-2025/COP22to25/RIP-25-2-j090-20-01_c23.xml.lzma,minimize,optimal_mismatch,72769ef1-guarded-basic-2m=123; 1d1a452a-log-scop=123; 31b6e7a3-scip-rerun1=123; 31b6e7a3-scip-log-scop-rerun2=123; 9c976720-scip-log-scop-dynamic=123; 9c976720-scip-direct-order-dynamic=123; bd3c9f7d-scip-log-scop-dynamic=123; aac6b714-scip-direct-order-dynamic=123; 835f8aaf-scip-direct-order-dynamic=123; 835f8aaf-scip-log-scop-dynamic=123; 10c9c43b-dirty-log-scop-dadda-norootlp=123; 10c9c43b-dirty-log-scop-autobdd-norootlp-rerun1=123; a5249e5b-log-scop-autobdd-norootlp=123; f85951b8-log-scop-autobdd-norootlp=123; 1173b3f4-scip-direct-order-extge-eager-dynwatch=123; 261d4b72-direct-order-extprop8196-s40-extobj-norootlp-nomaxarity=260; f85951b8-direct-order-extprop8196-s40-extobj-norootlp-nomaxarity=123; ace64g-rr-20260505=123; pycsp3-extra-ortools-20260505=123; pycsp3-extra-ortools-1t-rerun1-20260505=123; pycsp3-extra-ortools-1t-verbose1-20260509=123
693,competition/2022-2025/COP22to25/RIP-25-3-j060-30-01_c23.xml.lzma,minimize,incumbent_beats_optimum,optimum=5740; 1d1a452a-log-scop=617; 31b6e7a3-scip-rerun1=1170; 31b6e7a3-scip-log-scop-rerun2=617; 9c976720-scip-log-scop-dynamic=636; 9c976720-scip-direct-order-dynamic=1170; bd3c9f7d-scip-log-scop-dynamic=634; 835f8aaf-scip-log-scop-dynamic=618; 10c9c43b-dirty-log-scop-dadda-norootlp=622; 10c9c43b-dirty-log-scop-autobdd-norootlp-rerun1=614; a5249e5b-log-scop-autobdd-norootlp=614; f85951b8-log-scop-autobdd-norootlp=614; 1173b3f4-scip-direct-order-extge-eager-dynwatch=619; f85951b8-direct-order-extprop8196-s40-extobj-norootlp-nomaxarity=629; ace64g-rr-20260505=627; pycsp3-extra-ortools-20260505=610; pycsp3-extra-ortools-1t-rerun1-20260505=611; pycsp3-extra-ortools-1t-verbose1-20260509=611
695,competition/2022-2025/COP22to25/RIP-25-3-j120-30-01_c23.xml.lzma,minimize,incumbent_beats_optimum,optimum=676; 1d1a452a-log-scop=493; 31b6e7a3-scip-log-scop-rerun2=496; 9c976720-scip-log-scop-dynamic=487; bd3c9f7d-scip-log-scop-dynamic=495; 835f8aaf-scip-log-scop-dynamic=482; 10c9c43b-dirty-log-scop-dadda-norootlp=528; 10c9c43b-dirty-log-scop-autobdd-norootlp-rerun1=485; a5249e5b-log-scop-autobdd-norootlp=485; f85951b8-log-scop-autobdd-norootlp=485; 1173b3f4-scip-direct-order-extge-eager-dynwatch=524; ace64g-rr-20260505=493; pycsp3-extra-ortools-20260505=488
700,competition/2022-2025/COP22to25/RLFAP-graph-05-opt_c22.xml.lzma,minimize,optimal_mismatch,31b6e7a3-scip-log-scop-rerun2=221; 9c976720-scip-log-scop-dynamic=221; 261d4b72-direct-order-extprop8196-s40-extobj-norootlp-nomaxarity=166037; f85951b8-direct-order-extprop8196-s40-extobj-norootlp-nomaxarity=108621; ace64g-rr-20260505=221; pycsp3-extra-ortools-20260505=221; pycsp3-extra-ortools-1t-rerun1-20260505=221; pycsp3-extra-ortools-1t-verbose1-20260509=221
701,competition/2022-2025/COP22to25/RLFAP-graph-06-opt_c22.xml.lzma,minimize,optimal_mismatch,f85951b8-direct-order-extprop8196-s40-extobj-norootlp-nomaxarity=279919; pycsp3-extra-ortools-20260505=4123
702,competition/2022-2025/COP22to25/RLFAP-graph-07-opt_c22.xml.lzma,minimize,optimal_mismatch,261d4b72-direct-order-extprop8196-s40-extobj-norootlp-nomaxarity=280225; ace64g-rr-20260505=4324; pycsp3-extra-ortools-20260505=4324
706,competition/2022-2025/COP22to25/RLFAP-graph-11-opt_c22.xml.lzma,minimize,incumbent_beats_optimum,optimum=439468; 1d1a452a-log-scop=392424; 31b6e7a3-scip-log-scop-rerun2=392424; 9c976720-scip-log-scop-dynamic=392424; bd3c9f7d-scip-log-scop-dynamic=392424; 835f8aaf-scip-log-scop-dynamic=392424; 10c9c43b-dirty-log-scop-dadda-norootlp=339323; 10c9c43b-dirty-log-scop-autobdd-norootlp-rerun1=408990; a5249e5b-log-scop-autobdd-norootlp=408990; f85951b8-log-scop-autobdd-norootlp=408990; 1173b3f4-direct-order-extprop8196-s40-20260512=431797; ace64g-rr-20260505=10907; pycsp3-extra-ortools-20260505=3080; pycsp3-extra-ortools-1t-rerun1-20260505=62859; pycsp3-extra-ortools-1t-verbose1-20260509=62859
707,competition/2022-2025/COP22to25/RLFAP-graph-12-opt_c22.xml.lzma,minimize,optimal_mismatch,261d4b72-direct-order-extprop8196-s40-extobj-norootlp-nomaxarity=540667; pycsp3-extra-ortools-20260505=11827
715,competition/2022-2025/COP22to25/RLFAP-scen-06-opt_c22.xml.lzma,minimize,optimal_mismatch,261d4b72-direct-order-extprop8196-s40-extobj-norootlp-nomaxarity=195098; f85951b8-direct-order-extprop8196-s40-extobj-norootlp-nomaxarity=173993
716,competition/2022-2025/COP22to25/RLFAP-scen-07-opt_c22.xml.lzma,minimize,incumbent_beats_optimum,optimum=348360728; 1d1a452a-log-scop=244809430; 31b6e7a3-scip-log-scop-rerun2=244809430; 9c976720-scip-log-scop-dynamic=244809430; bd3c9f7d-scip-log-scop-dynamic=244809430; 835f8aaf-scip-log-scop-dynamic=244809430; 10c9c43b-dirty-log-scop-dadda-norootlp=202565238; 10c9c43b-dirty-log-scop-autobdd-norootlp-rerun1=228989624; a5249e5b-log-scop-autobdd-norootlp=228989624; f85951b8-log-scop-autobdd-norootlp=228989624; 1173b3f4-scip-direct-order-extge-eager-dynwatch=224551348; 1173b3f4-direct-order-extprop8196-s40-20260512=295767160; ace64g-rr-20260505=343592; pycsp3-extra-ortools-20260505=343690; pycsp3-extra-ortools-1t-rerun1-20260505=36853105; pycsp3-extra-ortools-1t-verbose1-20260509=37554781
717,competition/2022-2025/COP22to25/RLFAP-scen-08-opt_c22.xml.lzma,minimize,incumbent_beats_optimum,optimum=8615; 1d1a452a-log-scop=6153; 31b6e7a3-scip-log-scop-rerun2=6153; 9c976720-scip-log-scop-dynamic=6153; bd3c9f7d-scip-log-scop-dynamic=6153; 835f8aaf-scip-log-scop-dynamic=6153; 10c9c43b-dirty-log-scop-dadda-norootlp=5716; 10c9c43b-dirty-log-scop-autobdd-norootlp-rerun1=6232; a5249e5b-log-scop-autobdd-norootlp=6232; f85951b8-log-scop-autobdd-norootlp=6232; 1173b3f4-scip-direct-order-extge-eager-dynwatch=8256; 1173b3f4-direct-order-extprop8196-s40-20260512=7252; f85951b8-direct-order-extprop8196-s40-extobj-norootlp-nomaxarity=7545; ace64g-rr-20260505=631; pycsp3-extra-ortools-20260505=279; pycsp3-extra-ortools-1t-rerun1-20260505=1314; pycsp3-extra-ortools-1t-verbose1-20260509=1314
718,competition/2022-2025/COP22to25/RLFAP-scen-09-opt_c22.xml.lzma,minimize,optimal_mismatch,261d4b72-direct-order-extprop8196-s40-extobj-norootlp-nomaxarity=539055; pycsp3-extra-ortools-20260505=15571
719,competition/2022-2025/COP22to25/RLFAP-scen-10-opt_c22.xml.lzma,minimize,optimal_mismatch,261d4b72-direct-order-extprop8196-s40-extobj-norootlp-nomaxarity=12282936; ace64g-rr-20260505=31516; pycsp3-extra-ortools-20260505=31516; pycsp3-extra-ortools-1t-rerun1-20260505=31516; pycsp3-extra-ortools-1t-verbose1-20260509=31516
722,competition/2022-2025/COP22to25/RoadefPlaning2-2021-05_c25.xml.lzma,minimize,optimal_mismatch,1d1a452a-log-scop=0; a32997fd-direct-order=0; 31b6e7a3-scip-rerun1=0; 31b6e7a3-scip-log-scop-rerun2=0; 9c976720-scip-log-scop-dynamic=0; 9c976720-scip-direct-order-dynamic=0; bd3c9f7d-scip-direct-order-dynamic=1; bd3c9f7d-scip-log-scop-dynamic=0; aac6b714-scip-direct-order-dynamic=0; 835f8aaf-scip-direct-order-dynamic=0; 835f8aaf-scip-log-scop-dynamic=0; 10c9c43b-dirty-log-scop-dadda-norootlp=0; 10c9c43b-dirty-log-scop-autobdd-norootlp-rerun1=0; 1173b3f4-scip-direct-order-extge-eager-dynwatch=0; 1173b3f4-direct-order-extprop8196-s40-20260512=0; 261d4b72-direct-order-extprop8196-s40-extobj-norootlp-nomaxarity=0; f85951b8-direct-order-extprop8196-s40-extobj-norootlp-nomaxarity=0; ace64g-rr-20260505=0; pycsp3-extra-ortools-20260505=0; pycsp3-extra-ortools-1t-rerun1-20260505=0; pycsp3-extra-ortools-1t-verbose1-20260509=0
723,competition/2022-2025/COP22to25/RoadefPlaning2-2021-06_c25.xml.lzma,minimize,optimal_mismatch,1d1a452a-log-scop=0; a32997fd-direct-order=0; 31b6e7a3-scip-rerun1=0; 31b6e7a3-scip-log-scop-rerun2=0; 9c976720-scip-log-scop-dynamic=0; 9c976720-scip-direct-order-dynamic=0; bd3c9f7d-scip-direct-order-dynamic=1; bd3c9f7d-scip-log-scop-dynamic=0; aac6b714-scip-direct-order-dynamic=0; 835f8aaf-scip-direct-order-dynamic=0; 835f8aaf-scip-log-scop-dynamic=0; 10c9c43b-dirty-log-scop-dadda-norootlp=0; 10c9c43b-dirty-log-scop-autobdd-norootlp-rerun1=0; 1173b3f4-scip-direct-order-extge-eager-dynwatch=0; 1173b3f4-direct-order-extprop8196-s40-20260512=0; 261d4b72-direct-order-extprop8196-s40-extobj-norootlp-nomaxarity=0; f85951b8-direct-order-extprop8196-s40-extobj-norootlp-nomaxarity=0; ace64g-rr-20260505=0; pycsp3-extra-ortools-20260505=0; pycsp3-extra-ortools-1t-rerun1-20260505=0; pycsp3-extra-ortools-1t-verbose1-20260509=0
734,competition/2022-2025/COP22to25/RollerSplat-05a-30_c25.xml.lzma,minimize,optimal_mismatch,1d1a452a-direct-order=10; 1d1a452a-log-scop=10; a32997fd-direct-order=10; 31b6e7a3-scip-rerun1=10; 31b6e7a3-scip-log-scop-rerun2=10; 9c976720-scip-log-scop-dynamic=10; 9c976720-scip-direct-order-dynamic=10; bd3c9f7d-scip-direct-order-dynamic=10; bd3c9f7d-scip-log-scop-dynamic=10; aac6b714-scip-direct-order-dynamic=10; 835f8aaf-scip-direct-order-dynamic=10; 835f8aaf-scip-log-scop-dynamic=10; 10c9c43b-dirty-log-scop-dadda-norootlp=10; 10c9c43b-dirty-log-scop-autobdd-norootlp-rerun1=10; a5249e5b-log-scop-autobdd-norootlp=10; f85951b8-log-scop-autobdd-norootlp=10; 1173b3f4-scip-direct-order-extge-eager-dynwatch=10; 1173b3f4-direct-order-extprop8196-s40-20260512=10; 261d4b72-direct-order-extprop8196-s40-extobj-norootlp-nomaxarity=10; f85951b8-direct-order-extprop8196-s40-extobj-norootlp-nomaxarity=19; ace64g-rr-20260505=10; pycsp3-extra-ortools-20260505=10; pycsp3-extra-ortools-1t-rerun1-20260505=10; pycsp3-extra-ortools-1t-verbose1-20260509=10
735,competition/2022-2025/COP22to25/RollerSplat-05b-50_c25.xml.lzma,minimize,optimal_mismatch,1d1a452a-direct-order=22; 1d1a452a-log-scop=22; a32997fd-direct-order=22; 31b6e7a3-scip-rerun1=22; 31b6e7a3-scip-log-scop-rerun2=22; 9c976720-scip-log-scop-dynamic=22; 9c976720-scip-direct-order-dynamic=22; bd3c9f7d-scip-direct-order-dynamic=22; bd3c9f7d-scip-log-scop-dynamic=22; aac6b714-scip-direct-order-dynamic=22; 835f8aaf-scip-direct-order-dynamic=22; 835f8aaf-scip-log-scop-dynamic=22; 10c9c43b-dirty-log-scop-dadda-norootlp=22; 10c9c43b-dirty-log-scop-autobdd-norootlp-rerun1=22; a5249e5b-log-scop-autobdd-norootlp=22; f85951b8-log-scop-autobdd-norootlp=22; 1173b3f4-scip-direct-order-extge-eager-dynwatch=22; 1173b3f4-direct-order-extprop8196-s40-20260512=22; 261d4b72-direct-order-extprop8196-s40-extobj-norootlp-nomaxarity=22; f85951b8-direct-order-extprop8196-s40-extobj-norootlp-nomaxarity=44; ace64g-rr-20260505=22; pycsp3-extra-ortools-20260505=22; pycsp3-extra-ortools-1t-rerun1-20260505=22; pycsp3-extra-ortools-1t-verbose1-20260509=22
736,competition/2022-2025/COP22to25/RollerSplat-05c-70_c25.xml.lzma,minimize,optimal_mismatch,1d1a452a-direct-order=38; 1d1a452a-log-scop=38; a32997fd-direct-order=38; 31b6e7a3-scip-rerun1=38; 31b6e7a3-scip-log-scop-rerun2=38; 9c976720-scip-log-scop-dynamic=38; 9c976720-scip-direct-order-dynamic=38; bd3c9f7d-scip-direct-order-dynamic=38; bd3c9f7d-scip-log-scop-dynamic=38; aac6b714-scip-direct-order-dynamic=38; 835f8aaf-scip-direct-order-dynamic=38; 835f8aaf-scip-log-scop-dynamic=38; 10c9c43b-dirty-log-scop-dadda-norootlp=38; 10c9c43b-dirty-log-scop-autobdd-norootlp-rerun1=38; a5249e5b-log-scop-autobdd-norootlp=38; f85951b8-log-scop-autobdd-norootlp=38; 1173b3f4-scip-direct-order-extge-eager-dynwatch=38; 1173b3f4-direct-order-extprop8196-s40-20260512=38; 261d4b72-direct-order-extprop8196-s40-extobj-norootlp-nomaxarity=38; f85951b8-direct-order-extprop8196-s40-extobj-norootlp-nomaxarity=62; ace64g-rr-20260505=38; pycsp3-extra-ortools-20260505=38; pycsp3-extra-ortools-1t-rerun1-20260505=38; pycsp3-extra-ortools-1t-verbose1-20260509=38
737,competition/2022-2025/COP22to25/RollerSplat-05d-90_c25.xml.lzma,minimize,optimal_mismatch,1d1a452a-direct-order=75; 1d1a452a-log-scop=75; a32997fd-direct-order=75; 31b6e7a3-scip-rerun1=75; 31b6e7a3-scip-log-scop-rerun2=75; 9c976720-scip-log-scop-dynamic=75; 9c976720-scip-direct-order-dynamic=75; bd3c9f7d-scip-direct-order-dynamic=75; bd3c9f7d-scip-log-scop-dynamic=75; aac6b714-scip-direct-order-dynamic=75; 835f8aaf-scip-direct-order-dynamic=75; 835f8aaf-scip-log-scop-dynamic=75; 10c9c43b-dirty-log-scop-autobdd-norootlp-rerun1=75; a5249e5b-log-scop-autobdd-norootlp=75; f85951b8-log-scop-autobdd-norootlp=75; 1173b3f4-scip-direct-order-extge-eager-dynwatch=75; 1173b3f4-direct-order-extprop8196-s40-20260512=75; 261d4b72-direct-order-extprop8196-s40-extobj-norootlp-nomaxarity=75; f85951b8-direct-order-extprop8196-s40-extobj-norootlp-nomaxarity=83; ace64g-rr-20260505=75; pycsp3-extra-ortools-20260505=75; pycsp3-extra-ortools-1t-rerun1-20260505=75; pycsp3-extra-ortools-1t-verbose1-20260509=75
738,competition/2022-2025/COP22to25/RollerSplat-06a-30_c25.xml.lzma,minimize,optimal_mismatch,1d1a452a-direct-order=18; 1d1a452a-log-scop=18; a32997fd-direct-order=18; 31b6e7a3-scip-rerun1=18; 31b6e7a3-scip-log-scop-rerun2=18; 9c976720-scip-log-scop-dynamic=18; 9c976720-scip-direct-order-dynamic=18; bd3c9f7d-scip-direct-order-dynamic=18; bd3c9f7d-scip-log-scop-dynamic=18; aac6b714-scip-direct-order-dynamic=18; 835f8aaf-scip-direct-order-dynamic=18; 835f8aaf-scip-log-scop-dynamic=18; 10c9c43b-dirty-log-scop-dadda-norootlp=18; 10c9c43b-dirty-log-scop-autobdd-norootlp-rerun1=18; a5249e5b-log-scop-autobdd-norootlp=18; f85951b8-log-scop-autobdd-norootlp=18; 1173b3f4-scip-direct-order-extge-eager-dynwatch=18; 1173b3f4-direct-order-extprop8196-s40-20260512=18; 261d4b72-direct-order-extprop8196-s40-extobj-norootlp-nomaxarity=18; f85951b8-direct-order-extprop8196-s40-extobj-norootlp-nomaxarity=22; ace64g-rr-20260505=18; pycsp3-extra-ortools-20260505=18; pycsp3-extra-ortools-1t-rerun1-20260505=18; pycsp3-extra-ortools-1t-verbose1-20260509=18
740,competition/2022-2025/COP22to25/RollerSplat-06c-70_c25.xml.lzma,minimize,optimal_mismatch,1d1a452a-direct-order=68; 1d1a452a-log-scop=68; a32997fd-direct-order=68; 31b6e7a3-scip-rerun1=68; 31b6e7a3-scip-log-scop-rerun2=68; 9c976720-scip-log-scop-dynamic=68; 9c976720-scip-direct-order-dynamic=68; bd3c9f7d-scip-direct-order-dynamic=68; bd3c9f7d-scip-log-scop-dynamic=68; aac6b714-scip-direct-order-dynamic=68; 835f8aaf-scip-direct-order-dynamic=68; 835f8aaf-scip-log-scop-dynamic=68; 10c9c43b-dirty-log-scop-autobdd-norootlp-rerun1=68; a5249e5b-log-scop-autobdd-norootlp=68; f85951b8-log-scop-autobdd-norootlp=68; 1173b3f4-direct-order-extprop8196-s40-20260512=68; 261d4b72-direct-order-extprop8196-s40-extobj-norootlp-nomaxarity=69; f85951b8-direct-order-extprop8196-s40-extobj-norootlp-nomaxarity=68; ace64g-rr-20260505=68; pycsp3-extra-ortools-20260505=68; pycsp3-extra-ortools-1t-rerun1-20260505=68; pycsp3-extra-ortools-1t-verbose1-20260509=68
744,competition/2022-2025/COP22to25/RollerSplat-07c-70_c25.xml.lzma,minimize,optimal_mismatch,1d1a452a-direct-order=42; 1d1a452a-log-scop=42; a32997fd-direct-order=42; 31b6e7a3-scip-rerun1=42; 31b6e7a3-scip-log-scop-rerun2=42; 9c976720-scip-log-scop-dynamic=42; 9c976720-scip-direct-order-dynamic=42; bd3c9f7d-scip-direct-order-dynamic=42; bd3c9f7d-scip-log-scop-dynamic=42; aac6b714-scip-direct-order-dynamic=42; 835f8aaf-scip-direct-order-dynamic=42; 835f8aaf-scip-log-scop-dynamic=42; 10c9c43b-dirty-log-scop-autobdd-norootlp-rerun1=42; a5249e5b-log-scop-autobdd-norootlp=42; f85951b8-log-scop-autobdd-norootlp=42; 1173b3f4-scip-direct-order-extge-eager-dynwatch=42; 1173b3f4-direct-order-extprop8196-s40-20260512=42; 261d4b72-direct-order-extprop8196-s40-extobj-norootlp-nomaxarity=42; f85951b8-direct-order-extprop8196-s40-extobj-norootlp-nomaxarity=60; pycsp3-extra-ortools-20260505=42; pycsp3-extra-ortools-1t-rerun1-20260505=42; pycsp3-extra-ortools-1t-verbose1-20260509=42
784,competition/2022-2025/COP22to25/SameQueensKnights-b-10_c24.xml.lzma,maximize,optimal_mismatch,bd3c9f7d-scip-direct-order-dynamic=15; 10c9c43b-dirty-log-scop-dadda-norootlp=15; 10c9c43b-dirty-log-scop-autobdd-norootlp-rerun1=15; a5249e5b-log-scop-autobdd-norootlp=15; f85951b8-log-scop-autobdd-norootlp=15; 261d4b72-direct-order-extprop8196-s40-extobj-norootlp-nomaxarity=11; f85951b8-direct-order-extprop8196-s40-extobj-norootlp-nomaxarity=14
786,competition/2022-2025/COP22to25/SameQueensKnights-b-20_c24.xml.lzma,maximize,incumbent_beats_optimum,optimum=30; 1d1a452a-log-scop=33; a32997fd-direct-order=32; 31b6e7a3-scip-rerun1=33; 31b6e7a3-scip-log-scop-rerun2=33; 9c976720-scip-log-scop-dynamic=33; 9c976720-scip-direct-order-dynamic=32; bd3c9f7d-scip-direct-order-dynamic=32; bd3c9f7d-scip-log-scop-dynamic=32; aac6b714-scip-direct-order-dynamic=32; 835f8aaf-scip-direct-order-dynamic=33; 835f8aaf-scip-log-scop-dynamic=33; 10c9c43b-dirty-log-scop-autobdd-norootlp-rerun1=33; a5249e5b-log-scop-autobdd-norootlp=33; f85951b8-log-scop-autobdd-norootlp=33; 1173b3f4-scip-direct-order-extge-eager-dynwatch=33; 1173b3f4-direct-order-extprop8196-s40-20260512=33; f85951b8-direct-order-extprop8196-s40-extobj-norootlp-nomaxarity=33; ace64g-rr-20260505=33; pycsp3-extra-ortools-20260505=34; pycsp3-extra-ortools-1t-rerun1-20260505=33; pycsp3-extra-ortools-1t-verbose1-20260509=33
787,competition/2022-2025/COP22to25/SameQueensKnights-b-25_c24.xml.lzma,maximize,optimal_mismatch,261d4b72-direct-order-extprop8196-s40-extobj-norootlp-nomaxarity=39; f85951b8-direct-order-extprop8196-s40-extobj-norootlp-nomaxarity=38
788,competition/2022-2025/COP22to25/SameQueensKnights-b-30_c24.xml.lzma,maximize,incumbent_beats_optimum,optimum=45; 1173b3f4-scip-direct-order-extge-eager-dynwatch=49; f85951b8-direct-order-extprop8196-s40-extobj-norootlp-nomaxarity=49; ace64g-rr-20260505=52; pycsp3-extra-ortools-20260505=50; pycsp3-extra-ortools-1t-rerun1-20260505=50; pycsp3-extra-ortools-1t-verbose1-20260509=50
789,competition/2022-2025/COP22to25/SameQueensKnights-b-35_c24.xml.lzma,maximize,unsat_with_value,"UNSAT from f85951b8-direct-order-extprop8196-s40-extobj-norootlp-nomaxarity; values from 1d1a452a-direct-order=29, 1d1a452a-log-scop=44, 31b6e7a3-scip-rerun1=29, 31b6e7a3-scip-log-scop-rerun2=36, 9c976720-scip-log-scop-dynamic=36, 9c976720-scip-direct-order-dynamic=44, bd3c9f7d-scip-direct-order-dynamic=29, bd3c9f7d-scip-log-scop-dynamic=39"
790,competition/2022-2025/COP22to25/SameQueensKnights-b-40_c24.xml.lzma,maximize,unsat_with_value,"UNSAT from f85951b8-direct-order-extprop8196-s40-extobj-norootlp-nomaxarity; values from 1d1a452a-direct-order=34, 1d1a452a-log-scop=42, 31b6e7a3-scip-rerun1=34, 31b6e7a3-scip-log-scop-rerun2=42, 9c976720-scip-log-scop-dynamic=42, 9c976720-scip-direct-order-dynamic=34, bd3c9f7d-scip-direct-order-dynamic=34, bd3c9f7d-scip-log-scop-dynamic=42"
790,competition/2022-2025/COP22to25/SameQueensKnights-b-40_c24.xml.lzma,maximize,incumbent_beats_optimum,optimum=36; 1d1a452a-log-scop=42; 31b6e7a3-scip-log-scop-rerun2=42; 9c976720-scip-log-scop-dynamic=42; bd3c9f7d-scip-log-scop-dynamic=42; 835f8aaf-scip-log-scop-dynamic=40; 10c9c43b-dirty-log-scop-autobdd-norootlp-rerun1=41; a5249e5b-log-scop-autobdd-norootlp=41; f85951b8-log-scop-autobdd-norootlp=41; 1173b3f4-direct-order-extprop8196-s40-20260512=60; ace64g-rr-20260505=69; pycsp3-extra-ortools-20260505=69; pycsp3-extra-ortools-1t-rerun1-20260505=64; pycsp3-extra-ortools-1t-verbose1-20260509=64
812,competition/2022-2025/COP22to25/Sonet-s2ring02_c23.xml.lzma,minimize,optimal_mismatch,72769ef1-guarded-basic-2m=14; 1d1a452a-log-scop=14; a32997fd-direct-order=14; 31b6e7a3-scip-rerun1=14; 31b6e7a3-scip-log-scop-rerun2=14; 9c976720-scip-log-scop-dynamic=14; 9c976720-scip-direct-order-dynamic=14; bd3c9f7d-scip-direct-order-dynamic=14; bd3c9f7d-scip-log-scop-dynamic=14; aac6b714-scip-direct-order-dynamic=14; 835f8aaf-scip-direct-order-dynamic=14; 835f8aaf-scip-log-scop-dynamic=14; 10c9c43b-dirty-log-scop-dadda-norootlp=14; 10c9c43b-dirty-log-scop-autobdd-norootlp-rerun1=14; a5249e5b-log-scop-autobdd-norootlp=14; f85951b8-log-scop-autobdd-norootlp=14; 1173b3f4-scip-direct-order-extge-eager-dynwatch=14; 1173b3f4-direct-order-extprop8196-s40-20260512=14; f85951b8-direct-order-extprop8196-s40-extobj-norootlp-nomaxarity=25; ace64g-rr-20260505=14; pycsp3-extra-ortools-20260505=14; pycsp3-extra-ortools-1t-rerun1-20260505=14; pycsp3-extra-ortools-1t-verbose1-20260509=14
813,competition/2022-2025/COP22to25/Sonet-s3ring01_c23.xml.lzma,minimize,optimal_mismatch,1d1a452a-log-scop=22; 31b6e7a3-scip-log-scop-rerun2=22; 9c976720-scip-log-scop-dynamic=22; bd3c9f7d-scip-log-scop-dynamic=22; 835f8aaf-scip-log-scop-dynamic=22; 10c9c43b-dirty-log-scop-autobdd-norootlp-rerun1=22; a5249e5b-log-scop-autobdd-norootlp=22; f85951b8-log-scop-autobdd-norootlp=22; 261d4b72-direct-order-extprop8196-s40-extobj-norootlp-nomaxarity=34; pycsp3-extra-ortools-20260505=22
814,competition/2022-2025/COP22to25/Sonet-s3ring02_c23.xml.lzma,minimize,optimal_mismatch,1d1a452a-log-scop=20; a32997fd-direct-order=20; 31b6e7a3-scip-rerun1=20; 31b6e7a3-scip-log-scop-rerun2=20; 9c976720-scip-log-scop-dynamic=20; 9c976720-scip-direct-order-dynamic=20; bd3c9f7d-scip-direct-order-dynamic=20; bd3c9f7d-scip-log-scop-dynamic=20; aac6b714-scip-direct-order-dynamic=20; 835f8aaf-scip-direct-order-dynamic=20; 835f8aaf-scip-log-scop-dynamic=20; 10c9c43b-dirty-log-scop-autobdd-norootlp-rerun1=20; a5249e5b-log-scop-autobdd-norootlp=20; f85951b8-log-scop-autobdd-norootlp=20; 261d4b72-direct-order-extprop8196-s40-extobj-norootlp-nomaxarity=35; f85951b8-direct-order-extprop8196-s40-extobj-norootlp-nomaxarity=31; pycsp3-extra-ortools-20260505=20
815,competition/2022-2025/COP22to25/Sonet-s3ring03_c23.xml.lzma,minimize,optimal_mismatch,1d1a452a-log-scop=22; 31b6e7a3-scip-log-scop-rerun2=22; 9c976720-scip-log-scop-dynamic=22; bd3c9f7d-scip-log-scop-dynamic=22; 835f8aaf-scip-log-scop-dynamic=22; 10c9c43b-dirty-log-scop-dadda-norootlp=22; 10c9c43b-dirty-log-scop-autobdd-norootlp-rerun1=22; a5249e5b-log-scop-autobdd-norootlp=22; f85951b8-log-scop-autobdd-norootlp=22; 261d4b72-direct-order-extprop8196-s40-extobj-norootlp-nomaxarity=32; f85951b8-direct-order-extprop8196-s40-extobj-norootlp-nomaxarity=32; pycsp3-extra-ortools-20260505=22
816,competition/2022-2025/COP22to25/Sonet-s3ring04_c23.xml.lzma,minimize,optimal_mismatch,261d4b72-direct-order-extprop8196-s40-extobj-norootlp-nomaxarity=34; f85951b8-direct-order-extprop8196-s40-extobj-norootlp-nomaxarity=32; pycsp3-extra-ortools-20260505=23
817,competition/2022-2025/COP22to25/Sonet-s3ring05_c23.xml.lzma,minimize,optimal_mismatch,1d1a452a-log-scop=20; a32997fd-direct-order=20; 31b6e7a3-scip-rerun1=20; 31b6e7a3-scip-log-scop-rerun2=20; 9c976720-scip-log-scop-dynamic=20; 9c976720-scip-direct-order-dynamic=20; bd3c9f7d-scip-direct-order-dynamic=20; bd3c9f7d-scip-log-scop-dynamic=20; aac6b714-scip-direct-order-dynamic=20; 835f8aaf-scip-direct-order-dynamic=20; 835f8aaf-scip-log-scop-dynamic=20; 10c9c43b-dirty-log-scop-dadda-norootlp=20; 10c9c43b-dirty-log-scop-autobdd-norootlp-rerun1=20; a5249e5b-log-scop-autobdd-norootlp=20; f85951b8-log-scop-autobdd-norootlp=20; 1173b3f4-direct-order-extprop8196-s40-20260512=20; f85951b8-direct-order-extprop8196-s40-extobj-norootlp-nomaxarity=33; pycsp3-extra-ortools-20260505=20; pycsp3-extra-ortools-1t-rerun1-20260505=20; pycsp3-extra-ortools-1t-verbose1-20260509=20
818,competition/2022-2025/COP22to25/Sonet-s3ring06_c23.xml.lzma,minimize,optimal_mismatch,1d1a452a-log-scop=22; 31b6e7a3-scip-log-scop-rerun2=22; 9c976720-scip-log-scop-dynamic=22; bd3c9f7d-scip-log-scop-dynamic=22; aac6b714-scip-direct-order-dynamic=22; 835f8aaf-scip-direct-order-dynamic=22; 835f8aaf-scip-log-scop-dynamic=22; 10c9c43b-dirty-log-scop-autobdd-norootlp-rerun1=22; a5249e5b-log-scop-autobdd-norootlp=22; f85951b8-log-scop-autobdd-norootlp=22; 261d4b72-direct-order-extprop8196-s40-extobj-norootlp-nomaxarity=34; f85951b8-direct-order-extprop8196-s40-extobj-norootlp-nomaxarity=31; pycsp3-extra-ortools-20260505=22
819,competition/2022-2025/COP22to25/Sonet-s3ring07_c23.xml.lzma,minimize,optimal_mismatch,1d1a452a-log-scop=20; a32997fd-direct-order=20; 31b6e7a3-scip-rerun1=20; 31b6e7a3-scip-log-scop-rerun2=20; 9c976720-scip-log-scop-dynamic=20; 9c976720-scip-direct-order-dynamic=20; bd3c9f7d-scip-direct-order-dynamic=20; bd3c9f7d-scip-log-scop-dynamic=20; aac6b714-scip-direct-order-dynamic=20; 835f8aaf-scip-direct-order-dynamic=20; 835f8aaf-scip-log-scop-dynamic=20; 10c9c43b-dirty-log-scop-dadda-norootlp=20; 10c9c43b-dirty-log-scop-autobdd-norootlp-rerun1=20; a5249e5b-log-scop-autobdd-norootlp=20; f85951b8-log-scop-autobdd-norootlp=20; 261d4b72-direct-order-extprop8196-s40-extobj-norootlp-nomaxarity=34; f85951b8-direct-order-extprop8196-s40-extobj-norootlp-nomaxarity=33; pycsp3-extra-ortools-20260505=20
821,competition/2022-2025/COP22to25/Sonet-s3ring09_c23.xml.lzma,minimize,optimal_mismatch,1d1a452a-log-scop=22; a32997fd-direct-order=22; 31b6e7a3-scip-rerun1=22; 31b6e7a3-scip-log-scop-rerun2=22; 9c976720-scip-log-scop-dynamic=22; 9c976720-scip-direct-order-dynamic=22; bd3c9f7d-scip-direct-order-dynamic=22; bd3c9f7d-scip-log-scop-dynamic=22; aac6b714-scip-direct-order-dynamic=22; 835f8aaf-scip-direct-order-dynamic=22; 835f8aaf-scip-log-scop-dynamic=22; 10c9c43b-dirty-log-scop-autobdd-norootlp-rerun1=22; a5249e5b-log-scop-autobdd-norootlp=22; f85951b8-log-scop-autobdd-norootlp=22; 261d4b72-direct-order-extprop8196-s40-extobj-norootlp-nomaxarity=34; pycsp3-extra-ortools-20260505=22
822,competition/2022-2025/COP22to25/Sonet-s3ring10_c23.xml.lzma,minimize,optimal_mismatch,1d1a452a-log-scop=23; 261d4b72-direct-order-extprop8196-s40-extobj-norootlp-nomaxarity=34; pycsp3-extra-ortools-20260505=23
824,competition/2022-2025/COP22to25/Sonet-s3ring12_c23.xml.lzma,minimize,optimal_mismatch,1d1a452a-log-scop=20; a32997fd-direct-order=20; 31b6e7a3-scip-rerun1=20; 31b6e7a3-scip-log-scop-rerun2=20; 9c976720-scip-log-scop-dynamic=20; 9c976720-scip-direct-order-dynamic=20; bd3c9f7d-scip-direct-order-dynamic=20; bd3c9f7d-scip-log-scop-dynamic=20; aac6b714-scip-direct-order-dynamic=20; 835f8aaf-scip-direct-order-dynamic=20; 835f8aaf-scip-log-scop-dynamic=20; 10c9c43b-dirty-log-scop-dadda-norootlp=20; 10c9c43b-dirty-log-scop-autobdd-norootlp-rerun1=20; a5249e5b-log-scop-autobdd-norootlp=20; f85951b8-log-scop-autobdd-norootlp=20; 261d4b72-direct-order-extprop8196-s40-extobj-norootlp-nomaxarity=34; pycsp3-extra-ortools-20260505=20
825,competition/2022-2025/COP22to25/Sonet-s3ring13_c23.xml.lzma,minimize,optimal_mismatch,1d1a452a-log-scop=21; a32997fd-direct-order=21; 31b6e7a3-scip-rerun1=21; 31b6e7a3-scip-log-scop-rerun2=21; 9c976720-scip-log-scop-dynamic=21; 9c976720-scip-direct-order-dynamic=21; bd3c9f7d-scip-direct-order-dynamic=21; bd3c9f7d-scip-log-scop-dynamic=21; aac6b714-scip-direct-order-dynamic=21; 835f8aaf-scip-direct-order-dynamic=21; 835f8aaf-scip-log-scop-dynamic=21; 10c9c43b-dirty-log-scop-autobdd-norootlp-rerun1=21; a5249e5b-log-scop-autobdd-norootlp=21; f85951b8-log-scop-autobdd-norootlp=21; 261d4b72-direct-order-extprop8196-s40-extobj-norootlp-nomaxarity=29; f85951b8-direct-order-extprop8196-s40-extobj-norootlp-nomaxarity=33; pycsp3-extra-ortools-20260505=21
826,competition/2022-2025/COP22to25/Sonet-s3ring14_c23.xml.lzma,minimize,optimal_mismatch,9c976720-scip-log-scop-dynamic=23; 835f8aaf-scip-log-scop-dynamic=23; 10c9c43b-dirty-log-scop-autobdd-norootlp-rerun1=23; a5249e5b-log-scop-autobdd-norootlp=23; f85951b8-log-scop-autobdd-norootlp=23; 261d4b72-direct-order-extprop8196-s40-extobj-norootlp-nomaxarity=33; pycsp3-extra-ortools-20260505=23
827,competition/2022-2025/COP22to25/Sonet-s3ring15_c23.xml.lzma,minimize,optimal_mismatch,1d1a452a-log-scop=22; 31b6e7a3-scip-log-scop-rerun2=22; bd3c9f7d-scip-log-scop-dynamic=22; 10c9c43b-dirty-log-scop-autobdd-norootlp-rerun1=22; a5249e5b-log-scop-autobdd-norootlp=22; f85951b8-log-scop-autobdd-norootlp=22; 261d4b72-direct-order-extprop8196-s40-extobj-norootlp-nomaxarity=34; f85951b8-direct-order-extprop8196-s40-extobj-norootlp-nomaxarity=31; pycsp3-extra-ortools-20260505=22
840,competition/2022-2025/COP22to25/StillLife-08-10_c24.xml.lzma,maximize,optimal_mismatch,1d1a452a-log-scop=44; a32997fd-direct-order=44; 31b6e7a3-scip-rerun1=44; 31b6e7a3-scip-log-scop-rerun2=44; 9c976720-scip-log-scop-dynamic=44; 9c976720-scip-direct-order-dynamic=44; bd3c9f7d-scip-log-scop-dynamic=44; aac6b714-scip-direct-order-dynamic=44; 835f8aaf-scip-direct-order-dynamic=44; 835f8aaf-scip-log-scop-dynamic=44; 10c9c43b-dirty-log-scop-dadda-norootlp=44; 10c9c43b-dirty-log-scop-autobdd-norootlp-rerun1=44; a5249e5b-log-scop-autobdd-norootlp=44; f85951b8-log-scop-autobdd-norootlp=44; 261d4b72-direct-order-extprop8196-s40-extobj-norootlp-nomaxarity=32; f85951b8-direct-order-extprop8196-s40-extobj-norootlp-nomaxarity=42; pycsp3-extra-ortools-20260505=44; pycsp3-extra-ortools-1t-rerun1-20260505=44; pycsp3-extra-ortools-1t-verbose1-20260509=44
841,competition/2022-2025/COP22to25/StillLife-09-09_c24.xml.lzma,maximize,optimal_mismatch,1d1a452a-log-scop=43; 31b6e7a3-scip-log-scop-rerun2=43; 9c976720-scip-log-scop-dynamic=43; bd3c9f7d-scip-log-scop-dynamic=43; aac6b714-scip-direct-order-dynamic=43; 835f8aaf-scip-direct-order-dynamic=43; 835f8aaf-scip-log-scop-dynamic=43; 10c9c43b-dirty-log-scop-dadda-norootlp=43; 10c9c43b-dirty-log-scop-autobdd-norootlp-rerun1=43; a5249e5b-log-scop-autobdd-norootlp=43; f85951b8-log-scop-autobdd-norootlp=43; 261d4b72-direct-order-extprop8196-s40-extobj-norootlp-nomaxarity=36; pycsp3-extra-ortools-20260505=43; pycsp3-extra-ortools-1t-rerun1-20260505=43; pycsp3-extra-ortools-1t-verbose1-20260509=43
842,competition/2022-2025/COP22to25/StillLife-09-12_c24.xml.lzma,maximize,optimal_mismatch,1d1a452a-log-scop=58; 31b6e7a3-scip-log-scop-rerun2=58; 9c976720-scip-log-scop-dynamic=58; bd3c9f7d-scip-log-scop-dynamic=58; 835f8aaf-scip-log-scop-dynamic=58; 10c9c43b-dirty-log-scop-autobdd-norootlp-rerun1=58; a5249e5b-log-scop-autobdd-norootlp=58; f85951b8-log-scop-autobdd-norootlp=58; f85951b8-direct-order-extprop8196-s40-extobj-norootlp-nomaxarity=52; pycsp3-extra-ortools-20260505=58
843,competition/2022-2025/COP22to25/StillLife-10-10_c24.xml.lzma,maximize,optimal_mismatch,1d1a452a-log-scop=54; 31b6e7a3-scip-log-scop-rerun2=54; 9c976720-scip-log-scop-dynamic=54; bd3c9f7d-scip-log-scop-dynamic=54; 835f8aaf-scip-log-scop-dynamic=54; 10c9c43b-dirty-log-scop-autobdd-norootlp-rerun1=54; a5249e5b-log-scop-autobdd-norootlp=54; f85951b8-log-scop-autobdd-norootlp=54; 261d4b72-direct-order-extprop8196-s40-extobj-norootlp-nomaxarity=48; f85951b8-direct-order-extprop8196-s40-extobj-norootlp-nomaxarity=53; pycsp3-extra-ortools-20260505=54; pycsp3-extra-ortools-1t-rerun1-20260505=54; pycsp3-extra-ortools-1t-verbose1-20260509=54
844,competition/2022-2025/COP22to25/StillLife-10-14_c24.xml.lzma,maximize,incumbent_beats_optimum,optimum=62; 1d1a452a-log-scop=74; a32997fd-direct-order=73; 31b6e7a3-scip-rerun1=73; 31b6e7a3-scip-log-scop-rerun2=74; 9c976720-scip-log-scop-dynamic=74; 9c976720-scip-direct-order-dynamic=74; bd3c9f7d-scip-direct-order-dynamic=74; bd3c9f7d-scip-log-scop-dynamic=74; aac6b714-scip-direct-order-dynamic=74; 835f8aaf-scip-direct-order-dynamic=74; 835f8aaf-scip-log-scop-dynamic=74; 10c9c43b-dirty-log-scop-dadda-norootlp=73; 10c9c43b-dirty-log-scop-autobdd-norootlp-rerun1=74; a5249e5b-log-scop-autobdd-norootlp=74; f85951b8-log-scop-autobdd-norootlp=74; 1173b3f4-scip-direct-order-extge-eager-dynwatch=73; 1173b3f4-direct-order-extprop8196-s40-20260512=72; f85951b8-direct-order-extprop8196-s40-extobj-norootlp-nomaxarity=67; ace64g-rr-20260505=74; pycsp3-extra-ortools-20260505=74; pycsp3-extra-ortools-1t-rerun1-20260505=74; pycsp3-extra-ortools-1t-verbose1-20260509=74
845,competition/2022-2025/COP22to25/StillLife-12-12_c24.xml.lzma,maximize,incumbent_beats_optimum,optimum=62; 1d1a452a-log-scop=76; a32997fd-direct-order=76; 31b6e7a3-scip-rerun1=76; 31b6e7a3-scip-log-scop-rerun2=76; 9c976720-scip-log-scop-dynamic=76; 9c976720-scip-direct-order-dynamic=76; bd3c9f7d-scip-direct-order-dynamic=75; bd3c9f7d-scip-log-scop-dynamic=76; aac6b714-scip-direct-order-dynamic=76; 835f8aaf-scip-direct-order-dynamic=76; 835f8aaf-scip-log-scop-dynamic=76; 10c9c43b-dirty-log-scop-dadda-norootlp=76; 10c9c43b-dirty-log-scop-autobdd-norootlp-rerun1=76; a5249e5b-log-scop-autobdd-norootlp=76; f85951b8-log-scop-autobdd-norootlp=76; 1173b3f4-scip-direct-order-extge-eager-dynwatch=75; 1173b3f4-direct-order-extprop8196-s40-20260512=73; f85951b8-direct-order-extprop8196-s40-extobj-norootlp-nomaxarity=65; ace64g-rr-20260505=76; pycsp3-extra-ortools-20260505=76; pycsp3-extra-ortools-1t-rerun1-20260505=76; pycsp3-extra-ortools-1t-verbose1-20260509=76
855,competition/2022-2025/COP22to25/TAL-02_c22.xml.lzma,minimize,optimal_mismatch,72769ef1-guarded-basic-2m=86; 1d1a452a-log-scop=86; a32997fd-direct-order=86; 31b6e7a3-scip-rerun1=86; 31b6e7a3-scip-log-scop-rerun2=86; 9c976720-scip-log-scop-dynamic=86; 9c976720-scip-direct-order-dynamic=86; bd3c9f7d-scip-direct-order-dynamic=94; bd3c9f7d-scip-log-scop-dynamic=86; aac6b714-scip-direct-order-dynamic=86; 835f8aaf-scip-direct-order-dynamic=86; 835f8aaf-scip-log-scop-dynamic=86; 10c9c43b-dirty-log-scop-dadda-norootlp=86; 10c9c43b-dirty-log-scop-autobdd-norootlp-rerun1=86; 1173b3f4-scip-direct-order-extge-eager-dynwatch=86; 1173b3f4-direct-order-extprop8196-s40-20260512=86; 261d4b72-direct-order-extprop8196-s40-extobj-norootlp-nomaxarity=124; f85951b8-direct-order-extprop8196-s40-extobj-norootlp-nomaxarity=86; ace64g-rr-20260505=86
856,competition/2022-2025/COP22to25/TAL-03_c22.xml.lzma,minimize,optimal_mismatch,1d1a452a-log-scop=96; a32997fd-direct-order=96; 31b6e7a3-scip-rerun1=96; 31b6e7a3-scip-log-scop-rerun2=96; 9c976720-scip-log-scop-dynamic=96; 9c976720-scip-direct-order-dynamic=96; bd3c9f7d-scip-direct-order-dynamic=172; bd3c9f7d-scip-log-scop-dynamic=96; aac6b714-scip-direct-order-dynamic=96; 835f8aaf-scip-direct-order-dynamic=96; 835f8aaf-scip-log-scop-dynamic=96; 10c9c43b-dirty-log-scop-dadda-norootlp=96; 10c9c43b-dirty-log-scop-autobdd-norootlp-rerun1=96; 1173b3f4-scip-direct-order-extge-eager-dynwatch=96; 1173b3f4-direct-order-extprop8196-s40-20260512=96; 261d4b72-direct-order-extprop8196-s40-extobj-norootlp-nomaxarity=172; f85951b8-direct-order-extprop8196-s40-extobj-norootlp-nomaxarity=96; ace64g-rr-20260505=96
857,competition/2022-2025/COP22to25/TAL-04_c22.xml.lzma,minimize,optimal_mismatch,1d1a452a-log-scop=142; a32997fd-direct-order=142; 31b6e7a3-scip-rerun1=142; 31b6e7a3-scip-log-scop-rerun2=142; 9c976720-scip-log-scop-dynamic=142; 9c976720-scip-direct-order-dynamic=142; bd3c9f7d-scip-direct-order-dynamic=260; bd3c9f7d-scip-log-scop-dynamic=142; aac6b714-scip-direct-order-dynamic=142; 835f8aaf-scip-direct-order-dynamic=142; 835f8aaf-scip-log-scop-dynamic=142; 10c9c43b-dirty-log-scop-dadda-norootlp=142; 10c9c43b-dirty-log-scop-autobdd-norootlp-rerun1=142; 1173b3f4-scip-direct-order-extge-eager-dynwatch=142; 1173b3f4-direct-order-extprop8196-s40-20260512=142; f85951b8-direct-order-extprop8196-s40-extobj-norootlp-nomaxarity=142; ace64g-rr-20260505=142
858,competition/2022-2025/COP22to25/TAL-05_c22.xml.lzma,minimize,optimal_mismatch,1d1a452a-log-scop=16; a32997fd-direct-order=16; 31b6e7a3-scip-rerun1=16; 31b6e7a3-scip-log-scop-rerun2=16; 9c976720-scip-log-scop-dynamic=16; 9c976720-scip-direct-order-dynamic=16; bd3c9f7d-scip-direct-order-dynamic=65; bd3c9f7d-scip-log-scop-dynamic=16; aac6b714-scip-direct-order-dynamic=16; 835f8aaf-scip-direct-order-dynamic=16; 835f8aaf-scip-log-scop-dynamic=16; 10c9c43b-dirty-log-scop-dadda-norootlp=16; 10c9c43b-dirty-log-scop-autobdd-norootlp-rerun1=16; 1173b3f4-scip-direct-order-extge-eager-dynwatch=16; 1173b3f4-direct-order-extprop8196-s40-20260512=16; f85951b8-direct-order-extprop8196-s40-extobj-norootlp-nomaxarity=16; ace64g-rr-20260505=16
859,competition/2022-2025/COP22to25/TAL-06_c22.xml.lzma,minimize,optimal_mismatch,1d1a452a-log-scop=94; a32997fd-direct-order=94; 31b6e7a3-scip-rerun1=94; 31b6e7a3-scip-log-scop-rerun2=94; 9c976720-scip-log-scop-dynamic=94; 9c976720-scip-direct-order-dynamic=94; bd3c9f7d-scip-direct-order-dynamic=190; bd3c9f7d-scip-log-scop-dynamic=94; aac6b714-scip-direct-order-dynamic=94; 835f8aaf-scip-direct-order-dynamic=94; 835f8aaf-scip-log-scop-dynamic=94; 10c9c43b-dirty-log-scop-dadda-norootlp=94; 10c9c43b-dirty-log-scop-autobdd-norootlp-rerun1=94; 1173b3f4-scip-direct-order-extge-eager-dynwatch=94; 1173b3f4-direct-order-extprop8196-s40-20260512=94; f85951b8-direct-order-extprop8196-s40-extobj-norootlp-nomaxarity=94; ace64g-rr-20260505=94
860,competition/2022-2025/COP22to25/TAL-07_c22.xml.lzma,minimize,optimal_mismatch,1d1a452a-log-scop=122; 31b6e7a3-scip-log-scop-rerun2=122; 9c976720-scip-log-scop-dynamic=122; bd3c9f7d-scip-direct-order-dynamic=230; bd3c9f7d-scip-log-scop-dynamic=122; aac6b714-scip-direct-order-dynamic=122; 835f8aaf-scip-log-scop-dynamic=122; 10c9c43b-dirty-log-scop-dadda-norootlp=122; 10c9c43b-dirty-log-scop-autobdd-norootlp-rerun1=122
861,competition/2022-2025/COP22to25/TAL-08_c22.xml.lzma,minimize,optimal_mismatch,1d1a452a-log-scop=142; 31b6e7a3-scip-log-scop-rerun2=142; 9c976720-scip-log-scop-dynamic=142; bd3c9f7d-scip-log-scop-dynamic=142; aac6b714-scip-direct-order-dynamic=142; 835f8aaf-scip-log-scop-dynamic=142; 10c9c43b-dirty-log-scop-dadda-norootlp=142; 10c9c43b-dirty-log-scop-autobdd-norootlp-rerun1=142; 261d4b72-direct-order-extprop8196-s40-extobj-norootlp-nomaxarity=272
862,competition/2022-2025/COP22to25/TAL-09_c22.xml.lzma,minimize,incumbent_beats_optimum,optimum=182; 1d1a452a-direct-order=166; 1d1a452a-log-scop=102; a32997fd-direct-order=130; 31b6e7a3-scip-rerun1=102; 31b6e7a3-scip-log-scop-rerun2=102; 9c976720-scip-log-scop-dynamic=86; 9c976720-scip-direct-order-dynamic=102; bd3c9f7d-scip-direct-order-dynamic=166; bd3c9f7d-scip-log-scop-dynamic=102; aac6b714-scip-direct-order-dynamic=90; 835f8aaf-scip-log-scop-dynamic=86; 10c9c43b-dirty-log-scop-dadda-norootlp=98; 10c9c43b-dirty-log-scop-autobdd-norootlp-rerun1=102; 1173b3f4-direct-order-extprop8196-s40-20260512=102; f85951b8-direct-order-extprop8196-s40-extobj-norootlp-nomaxarity=102; ace64g-rr-20260505=102
863,competition/2022-2025/COP22to25/TAL-10_c22.xml.lzma,minimize,incumbent_beats_optimum,optimum=360; 1d1a452a-log-scop=196; 31b6e7a3-scip-rerun1=214; 31b6e7a3-scip-log-scop-rerun2=196; 9c976720-scip-log-scop-dynamic=190; 9c976720-scip-direct-order-dynamic=238; bd3c9f7d-scip-log-scop-dynamic=202; aac6b714-scip-direct-order-dynamic=202; 835f8aaf-scip-log-scop-dynamic=194; 10c9c43b-dirty-log-scop-dadda-norootlp=216; 10c9c43b-dirty-log-scop-autobdd-norootlp-rerun1=194; 1173b3f4-scip-direct-order-extge-eager-dynwatch=328; 1173b3f4-direct-order-extprop8196-s40-20260512=238; f85951b8-direct-order-extprop8196-s40-extobj-norootlp-nomaxarity=212; ace64g-rr-20260505=190
865,competition/2022-2025/COP22to25/TSPTW1-n020w040-1_c23.xml.lzma,minimize,optimal_mismatch,1d1a452a-direct-order=254; 1d1a452a-log-scop=254; a32997fd-direct-order=254; 31b6e7a3-scip-log-scop-rerun2=254; 9c976720-scip-log-scop-dynamic=254; bd3c9f7d-scip-log-scop-dynamic=254; aac6b714-scip-direct-order-dynamic=254; 835f8aaf-scip-log-scop-dynamic=254; 10c9c43b-dirty-log-scop-dadda-norootlp=254; 10c9c43b-dirty-log-scop-autobdd-norootlp-rerun1=254; 1173b3f4-scip-direct-order-extge-eager-dynwatch=254; 1173b3f4-direct-order-extprop8196-s40-20260512=254; f85951b8-direct-order-extprop8196-s40-extobj-norootlp-nomaxarity=261; ace64g-rr-20260505=254; pycsp3-extra-ortools-20260505=254; pycsp3-extra-ortools-1t-rerun1-20260505=254; pycsp3-extra-ortools-1t-verbose1-20260509=254
867,competition/2022-2025/COP22to25/TSPTW1-n020w080-1_c23.xml.lzma,minimize,optimal_mismatch,1d1a452a-direct-order=329; 1d1a452a-log-scop=329; a32997fd-direct-order=329; 31b6e7a3-scip-log-scop-rerun2=329; 9c976720-scip-log-scop-dynamic=329; bd3c9f7d-scip-log-scop-dynamic=329; aac6b714-scip-direct-order-dynamic=329; 835f8aaf-scip-log-scop-dynamic=329; 10c9c43b-dirty-log-scop-dadda-norootlp=329; 10c9c43b-dirty-log-scop-autobdd-norootlp-rerun1=329; 1173b3f4-scip-direct-order-extge-eager-dynwatch=329; 1173b3f4-direct-order-extprop8196-s40-20260512=329; 261d4b72-direct-order-extprop8196-s40-extobj-norootlp-nomaxarity=350; pycsp3-extra-ortools-20260505=329; pycsp3-extra-ortools-1t-rerun1-20260505=329; pycsp3-extra-ortools-1t-verbose1-20260509=329
869,competition/2022-2025/COP22to25/TSPTW1-n040w040-1_c23.xml.lzma,minimize,optimal_mismatch,1d1a452a-direct-order=465; 1d1a452a-log-scop=465; a32997fd-direct-order=465; 31b6e7a3-scip-log-scop-rerun2=465; 9c976720-scip-log-scop-dynamic=465; bd3c9f7d-scip-log-scop-dynamic=465; aac6b714-scip-direct-order-dynamic=465; 835f8aaf-scip-log-scop-dynamic=465; 10c9c43b-dirty-log-scop-dadda-norootlp=465; 10c9c43b-dirty-log-scop-autobdd-norootlp-rerun1=465; 1173b3f4-direct-order-extprop8196-s40-20260512=465; f85951b8-direct-order-extprop8196-s40-extobj-norootlp-nomaxarity=467; pycsp3-extra-ortools-20260505=465; pycsp3-extra-ortools-1t-rerun1-20260505=465; pycsp3-extra-ortools-1t-verbose1-20260509=465
870,competition/2022-2025/COP22to25/TSPTW1-n040w060-1_c23.xml.lzma,minimize,optimal_mismatch,1d1a452a-direct-order=494; 1d1a452a-log-scop=494; a32997fd-direct-order=494; 31b6e7a3-scip-log-scop-rerun2=494; aac6b714-scip-direct-order-dynamic=494; 835f8aaf-scip-log-scop-dynamic=494; 10c9c43b-dirty-log-scop-autobdd-norootlp-rerun1=494; f85951b8-direct-order-extprop8196-s40-extobj-norootlp-nomaxarity=522
871,competition/2022-2025/COP22to25/TSPTW1-n040w080-1_c23.xml.lzma,minimize,unsat_with_value,"UNSAT from f85951b8-direct-order-extprop8196-s40-extobj-norootlp-nomaxarity; values from 1d1a452a-direct-order=419, 1d1a452a-log-scop=400, a32997fd-direct-order=417, 31b6e7a3-scip-rerun1=445, 31b6e7a3-scip-log-scop-rerun2=407, 9c976720-scip-log-scop-dynamic=398, 9c976720-scip-direct-order-dynamic=426, bd3c9f7d-scip-direct-order-dynamic=455"
873,competition/2022-2025/COP22to25/TSPTW2-n040w040-1_c23.xml.lzma,minimize,optimal_mismatch,1d1a452a-direct-order=465; 1d1a452a-log-scop=465; a32997fd-direct-order=465; 31b6e7a3-scip-log-scop-rerun2=465; 9c976720-scip-log-scop-dynamic=465; bd3c9f7d-scip-log-scop-dynamic=465; aac6b714-scip-direct-order-dynamic=465; 835f8aaf-scip-log-scop-dynamic=465; 10c9c43b-dirty-log-scop-dadda-norootlp=465; 10c9c43b-dirty-log-scop-autobdd-norootlp-rerun1=465; a5249e5b-log-scop-autobdd-norootlp=465; f85951b8-log-scop-autobdd-norootlp=465; 1173b3f4-scip-direct-order-extge-eager-dynwatch=465; 1173b3f4-direct-order-extprop8196-s40-20260512=465; 261d4b72-direct-order-extprop8196-s40-extobj-norootlp-nomaxarity=498; pycsp3-extra-ortools-20260505=465; pycsp3-extra-ortools-1t-rerun1-20260505=465; pycsp3-extra-ortools-1t-verbose1-20260509=465
874,competition/2022-2025/COP22to25/TSPTW2-n040w060-1_c23.xml.lzma,minimize,optimal_mismatch,1d1a452a-log-scop=494; 31b6e7a3-scip-log-scop-rerun2=494; 9c976720-scip-log-scop-dynamic=494; aac6b714-scip-direct-order-dynamic=494; 261d4b72-direct-order-extprop8196-s40-extobj-norootlp-nomaxarity=508; pycsp3-extra-ortools-20260505=494; pycsp3-extra-ortools-1t-rerun1-20260505=494; pycsp3-extra-ortools-1t-verbose1-20260509=494
875,competition/2022-2025/COP22to25/TSPTW2-n040w080-1_c23.xml.lzma,minimize,optimal_mismatch,aac6b714-scip-direct-order-dynamic=395; 261d4b72-direct-order-extprop8196-s40-extobj-norootlp-nomaxarity=494; pycsp3-extra-ortools-20260505=395; pycsp3-extra-ortools-1t-rerun1-20260505=395; pycsp3-extra-ortools-1t-verbose1-20260509=395
878,competition/2022-2025/COP22to25/TSPTW2-n060w060-1_c23.xml.lzma,minimize,optimal_mismatch,aac6b714-scip-direct-order-dynamic=609; 261d4b72-direct-order-extprop8196-s40-extobj-norootlp-nomaxarity=672; pycsp3-extra-ortools-20260505=609; pycsp3-extra-ortools-1t-rerun1-20260505=609; pycsp3-extra-ortools-1t-verbose1-20260509=609
879,competition/2022-2025/COP22to25/TSPTW2-n060w080-1_c23.xml.lzma,minimize,optimal_mismatch,261d4b72-direct-order-extprop8196-s40-extobj-norootlp-nomaxarity=573; pycsp3-extra-ortools-20260505=458
920,competition/2022-2025/COP22to25/TravelingTournament-galaxy06_c24.xml.lzma,minimize,incumbent_beats_optimum,optimum=1460; 31b6e7a3-scip-log-scop-rerun2=1431; 9c976720-scip-log-scop-dynamic=1413; bd3c9f7d-scip-log-scop-dynamic=1391; aac6b714-scip-direct-order-dynamic=1393; 835f8aaf-scip-log-scop-dynamic=1399; 10c9c43b-dirty-log-scop-dadda-norootlp=1441; 10c9c43b-dirty-log-scop-autobdd-norootlp-rerun1=1440; a5249e5b-log-scop-autobdd-norootlp=1440; f85951b8-log-scop-autobdd-norootlp=1440; 1173b3f4-scip-direct-order-extge-eager-dynwatch=1380; 1173b3f4-direct-order-extprop8196-s40-20260512=1449; ace64g-rr-20260505=1375; pycsp3-extra-ortools-20260505=1413; pycsp3-extra-ortools-1t-rerun1-20260505=1410; pycsp3-extra-ortools-1t-verbose1-20260509=1410
922,competition/2022-2025/COP22to25/TravelingTournament-galaxy10_c24.xml.lzma,minimize,optimal_mismatch,261d4b72-direct-order-extprop8196-s40-extobj-norootlp-nomaxarity=6362; f85951b8-direct-order-extprop8196-s40-extobj-norootlp-nomaxarity=6297
923,competition/2022-2025/COP22to25/TravelingTournament-galaxy12_c24.xml.lzma,minimize,incumbent_beats_optimum,optimum=10764; 31b6e7a3-scip-rerun1=10715; 9c976720-scip-direct-order-dynamic=10473; 10c9c43b-dirty-log-scop-dadda-norootlp=10175; 1173b3f4-scip-direct-order-extge-eager-dynwatch=10177; 1173b3f4-direct-order-extprop8196-s40-20260512=10328; f85951b8-direct-order-extprop8196-s40-extobj-norootlp-nomaxarity=10477; ace64g-rr-20260505=8185; pycsp3-extra-ortools-20260505=9101; pycsp3-extra-ortools-1t-rerun1-20260505=9477; pycsp3-extra-ortools-1t-verbose1-20260509=9477
924,competition/2022-2025/COP22to25/TravelingTournament-galaxy14_c24.xml.lzma,minimize,incumbent_beats_optimum,optimum=16490; 10c9c43b-dirty-log-scop-dadda-norootlp=15982; 1173b3f4-scip-direct-order-extge-eager-dynwatch=15905; 1173b3f4-direct-order-extprop8196-s40-20260512=16321; ace64g-rr-20260505=12550; pycsp3-extra-ortools-20260505=14794; pycsp3-extra-ortools-1t-rerun1-20260505=15502; pycsp3-extra-ortools-1t-verbose1-20260509=15502
925,competition/2022-2025/COP22to25/TravelingTournament-galaxy16_c24.xml.lzma,minimize,incumbent_beats_optimum,optimum=23427; 10c9c43b-dirty-log-scop-dadda-norootlp=22553; 1173b3f4-scip-direct-order-extge-eager-dynwatch=22520; 1173b3f4-direct-order-extprop8196-s40-20260512=22984; ace64g-rr-20260505=17882; pycsp3-extra-ortools-20260505=20838; pycsp3-extra-ortools-1t-rerun1-20260505=22526; pycsp3-extra-ortools-1t-verbose1-20260509=22526
927,competition/2022-2025/COP22to25/TravelingTournament-galaxy20_c24.xml.lzma,minimize,incumbent_beats_optimum,optimum=40847; 31b6e7a3-scip-rerun1=40530; 10c9c43b-dirty-log-scop-dadda-norootlp=40125; 1173b3f4-direct-order-extprop8196-s40-20260512=40269; ace64g-rr-20260505=31760; pycsp3-extra-ortools-20260505=39914; pycsp3-extra-ortools-1t-rerun1-20260505=39706; pycsp3-extra-ortools-1t-verbose1-20260509=39706
928,competition/2022-2025/COP22to25/TravelingTournament-galaxy24_c24.xml.lzma,minimize,optimal_mismatch,261d4b72-direct-order-extprop8196-s40-extobj-norootlp-nomaxarity=68503; f85951b8-direct-order-extprop8196-s40-extobj-norootlp-nomaxarity=69207
929,competition/2022-2025/COP22to25/TravelingTournament-galaxy28_c24.xml.lzma,minimize,incumbent_beats_optimum,optimum=116966; 31b6e7a3-scip-rerun1=115909; 9c976720-scip-direct-order-dynamic=116209; 835f8aaf-scip-direct-order-dynamic=116066; 835f8aaf-scip-log-scop-dynamic=116876; 1173b3f4-scip-direct-order-extge-eager-dynwatch=116066; 1173b3f4-direct-order-extprop8196-s40-20260512=116896; ace64g-rr-20260505=96379
933,competition/2022-2025/COP22to25/Triangular-10_c22.xml.lzma,maximize,optimal_mismatch,1d1a452a-direct-order=20; 1d1a452a-log-scop=20; a32997fd-direct-order=20; 31b6e7a3-scip-rerun1=20; 31b6e7a3-scip-log-scop-rerun2=20; 9c976720-scip-log-scop-dynamic=20; 9c976720-scip-direct-order-dynamic=20; bd3c9f7d-scip-direct-order-dynamic=20; bd3c9f7d-scip-log-scop-dynamic=20; aac6b714-scip-direct-order-dynamic=20; 835f8aaf-scip-direct-order-dynamic=20; 835f8aaf-scip-log-scop-dynamic=20; 10c9c43b-dirty-log-scop-dadda-norootlp=20; 10c9c43b-dirty-log-scop-autobdd-norootlp-rerun1=20; 261d4b72-direct-order-extprop8196-s40-extobj-norootlp-nomaxarity=11; f85951b8-direct-order-extprop8196-s40-extobj-norootlp-nomaxarity=13; pycsp3-extra-ortools-20260505=20; pycsp3-extra-ortools-1t-rerun1-20260505=20; pycsp3-extra-ortools-1t-verbose1-20260509=20
934,competition/2022-2025/COP22to25/Triangular-15_c22.xml.lzma,maximize,optimal_mismatch,261d4b72-direct-order-extprop8196-s40-extobj-norootlp-nomaxarity=18; f85951b8-direct-order-extprop8196-s40-extobj-norootlp-nomaxarity=14
935,competition/2022-2025/COP22to25/Triangular-20_c22.xml.lzma,maximize,optimal_mismatch,261d4b72-direct-order-extprop8196-s40-extobj-norootlp-nomaxarity=22; f85951b8-direct-order-extprop8196-s40-extobj-norootlp-nomaxarity=23
936,competition/2022-2025/COP22to25/Triangular-22_c22.xml.lzma,maximize,optimal_mismatch,261d4b72-direct-order-extprop8196-s40-extobj-norootlp-nomaxarity=23; f85951b8-direct-order-extprop8196-s40-extobj-norootlp-nomaxarity=12
937,competition/2022-2025/COP22to25/Triangular-25_c22.xml.lzma,maximize,optimal_mismatch,261d4b72-direct-order-extprop8196-s40-extobj-norootlp-nomaxarity=26; f85951b8-direct-order-extprop8196-s40-extobj-norootlp-nomaxarity=27
938,competition/2022-2025/COP22to25/Triangular-28_c22.xml.lzma,maximize,optimal_mismatch,261d4b72-direct-order-extprop8196-s40-extobj-norootlp-nomaxarity=29; f85951b8-direct-order-extprop8196-s40-extobj-norootlp-nomaxarity=13
939,competition/2022-2025/COP22to25/Triangular-30_c22.xml.lzma,maximize,optimal_mismatch,261d4b72-direct-order-extprop8196-s40-extobj-norootlp-nomaxarity=31; f85951b8-direct-order-extprop8196-s40-extobj-norootlp-nomaxarity=29
940,competition/2022-2025/COP22to25/Triangular-32_c22.xml.lzma,maximize,optimal_mismatch,261d4b72-direct-order-extprop8196-s40-extobj-norootlp-nomaxarity=34; f85951b8-direct-order-extprop8196-s40-extobj-norootlp-nomaxarity=21
941,competition/2022-2025/COP22to25/Triangular-35_c22.xml.lzma,maximize,incumbent_beats_optimum,optimum=36; 1d1a452a-direct-order=83; 1d1a452a-log-scop=87; 31b6e7a3-scip-rerun1=83; 31b6e7a3-scip-log-scop-rerun2=86; 9c976720-scip-log-scop-dynamic=89; 9c976720-scip-direct-order-dynamic=88; bd3c9f7d-scip-direct-order-dynamic=81; aac6b714-scip-direct-order-dynamic=87; 835f8aaf-scip-direct-order-dynamic=85; 835f8aaf-scip-log-scop-dynamic=85; 10c9c43b-dirty-log-scop-dadda-norootlp=88; 10c9c43b-dirty-log-scop-autobdd-norootlp-rerun1=89; 1173b3f4-scip-direct-order-extge-eager-dynwatch=51; 1173b3f4-direct-order-extprop8196-s40-20260512=82; ace64g-rr-20260505=89; pycsp3-extra-ortools-20260505=96; pycsp3-extra-ortools-1t-rerun1-20260505=83; pycsp3-extra-ortools-1t-verbose1-20260509=83
942,competition/2022-2025/COP22to25/Triangular-38_c22.xml.lzma,maximize,optimal_mismatch,261d4b72-direct-order-extprop8196-s40-extobj-norootlp-nomaxarity=39; f85951b8-direct-order-extprop8196-s40-extobj-norootlp-nomaxarity=18
943,competition/2022-2025/COP22to25/VRP_LC-09-05-10-s1_c24.xml.lzma,minimize,optimal_mismatch,1d1a452a-log-scop=351; a32997fd-direct-order=351; 31b6e7a3-scip-rerun1=351; 31b6e7a3-scip-log-scop-rerun2=351; 9c976720-scip-log-scop-dynamic=351; 9c976720-scip-direct-order-dynamic=351; bd3c9f7d-scip-log-scop-dynamic=351; aac6b714-scip-direct-order-dynamic=351; 835f8aaf-scip-direct-order-dynamic=351; 835f8aaf-scip-log-scop-dynamic=351; 10c9c43b-dirty-log-scop-dadda-norootlp=351; 10c9c43b-dirty-log-scop-autobdd-norootlp-rerun1=351; a5249e5b-log-scop-autobdd-norootlp=351; f85951b8-log-scop-autobdd-norootlp=351; 1173b3f4-scip-direct-order-extge-eager-dynwatch=351; 1173b3f4-direct-order-extprop8196-s40-20260512=351; f85951b8-direct-order-extprop8196-s40-extobj-norootlp-nomaxarity=383; pycsp3-extra-ortools-20260505=351; pycsp3-extra-ortools-1t-rerun1-20260505=351; pycsp3-extra-ortools-1t-verbose1-20260509=351
944,competition/2022-2025/COP22to25/VRP_LC-09-05-10-s2_c24.xml.lzma,minimize,optimal_mismatch,1d1a452a-log-scop=329; a32997fd-direct-order=329; 31b6e7a3-scip-rerun1=329; 31b6e7a3-scip-log-scop-rerun2=329; 9c976720-scip-log-scop-dynamic=329; 9c976720-scip-direct-order-dynamic=329; bd3c9f7d-scip-log-scop-dynamic=329; aac6b714-scip-direct-order-dynamic=329; 835f8aaf-scip-direct-order-dynamic=329; 835f8aaf-scip-log-scop-dynamic=329; 10c9c43b-dirty-log-scop-autobdd-norootlp-rerun1=329; a5249e5b-log-scop-autobdd-norootlp=329; f85951b8-log-scop-autobdd-norootlp=329; 1173b3f4-scip-direct-order-extge-eager-dynwatch=329; 1173b3f4-direct-order-extprop8196-s40-20260512=329; f85951b8-direct-order-extprop8196-s40-extobj-norootlp-nomaxarity=422; pycsp3-extra-ortools-20260505=329; pycsp3-extra-ortools-1t-rerun1-20260505=329; pycsp3-extra-ortools-1t-verbose1-20260509=329
946,competition/2022-2025/COP22to25/VRP_LC-09-05-15-s2_c24.xml.lzma,minimize,optimal_mismatch,aac6b714-scip-direct-order-dynamic=411; 1173b3f4-direct-order-extprop8196-s40-20260512=411; 261d4b72-direct-order-extprop8196-s40-extobj-norootlp-nomaxarity=637
947,competition/2022-2025/COP22to25/VRP_LC-09-05-15-s3_c24.xml.lzma,minimize,optimal_mismatch,aac6b714-scip-direct-order-dynamic=411; 1173b3f4-direct-order-extprop8196-s40-20260512=411; f85951b8-direct-order-extprop8196-s40-extobj-norootlp-nomaxarity=761
948,competition/2022-2025/COP22to25/VRP_LC-10-05-20-s3_c24.xml.lzma,minimize,optimal_mismatch,261d4b72-direct-order-extprop8196-s40-extobj-norootlp-nomaxarity=587; f85951b8-direct-order-extprop8196-s40-extobj-norootlp-nomaxarity=617
949,competition/2022-2025/COP22to25/VRP_LC-11-05-15-s3_c24.xml.lzma,minimize,incumbent_beats_optimum,optimum=510; 1d1a452a-log-scop=379; a32997fd-direct-order=363; 31b6e7a3-scip-rerun1=363; 31b6e7a3-scip-log-scop-rerun2=387; 9c976720-scip-log-scop-dynamic=433; 9c976720-scip-direct-order-dynamic=356; bd3c9f7d-scip-log-scop-dynamic=446; aac6b714-scip-direct-order-dynamic=332; 835f8aaf-scip-log-scop-dynamic=368; 10c9c43b-dirty-log-scop-dadda-norootlp=398; 10c9c43b-dirty-log-scop-autobdd-norootlp-rerun1=368; a5249e5b-log-scop-autobdd-norootlp=368; f85951b8-log-scop-autobdd-norootlp=368; 1173b3f4-scip-direct-order-extge-eager-dynwatch=334; 1173b3f4-direct-order-extprop8196-s40-20260512=348; ace64g-rr-20260505=332; pycsp3-extra-ortools-20260505=332; pycsp3-extra-ortools-1t-rerun1-20260505=332; pycsp3-extra-ortools-1t-verbose1-20260509=332
950,competition/2022-2025/COP22to25/VRP_LC-11-05-15-s4_c24.xml.lzma,minimize,incumbent_beats_optimum,optimum=565; 1d1a452a-log-scop=379; a32997fd-direct-order=355; 31b6e7a3-scip-rerun1=355; 31b6e7a3-scip-log-scop-rerun2=379; 9c976720-scip-log-scop-dynamic=386; 9c976720-scip-direct-order-dynamic=342; bd3c9f7d-scip-log-scop-dynamic=386; aac6b714-scip-direct-order-dynamic=339; 835f8aaf-scip-log-scop-dynamic=386; 10c9c43b-dirty-log-scop-dadda-norootlp=386; 10c9c43b-dirty-log-scop-autobdd-norootlp-rerun1=400; a5249e5b-log-scop-autobdd-norootlp=400; f85951b8-log-scop-autobdd-norootlp=400; 1173b3f4-scip-direct-order-extge-eager-dynwatch=332; 1173b3f4-direct-order-extprop8196-s40-20260512=339; ace64g-rr-20260505=332; pycsp3-extra-ortools-20260505=332; pycsp3-extra-ortools-1t-rerun1-20260505=339; pycsp3-extra-ortools-1t-verbose1-20260509=339
952,competition/2022-2025/COP22to25/VRP_LC-13-11-20-s4_c24.xml.lzma,minimize,optimal_mismatch,261d4b72-direct-order-extprop8196-s40-extobj-norootlp-nomaxarity=876; f85951b8-direct-order-extprop8196-s40-extobj-norootlp-nomaxarity=885
953,competition/2022-2025/COP22to25/WarOrPeace-08_c22.xml.lzma,minimize,optimal_mismatch,72769ef1-guarded-basic-2m=12; 1d1a452a-log-scop=12; a32997fd-direct-order=12; 31b6e7a3-scip-rerun1=12; 31b6e7a3-scip-log-scop-rerun2=12; 9c976720-scip-log-scop-dynamic=12; 9c976720-scip-direct-order-dynamic=12; bd3c9f7d-scip-direct-order-dynamic=12; bd3c9f7d-scip-log-scop-dynamic=12; aac6b714-scip-direct-order-dynamic=12; 835f8aaf-scip-direct-order-dynamic=12; 835f8aaf-scip-log-scop-dynamic=12; 10c9c43b-dirty-log-scop-dadda-norootlp=12; 10c9c43b-dirty-log-scop-autobdd-norootlp-rerun1=12; 1173b3f4-scip-direct-order-extge-eager-dynwatch=12; 1173b3f4-direct-order-extprop8196-s40-20260512=12; f85951b8-direct-order-extprop8196-s40-extobj-norootlp-nomaxarity=17; ace64g-rr-20260505=12; pycsp3-extra-ortools-20260505=12; pycsp3-extra-ortools-1t-rerun1-20260505=12; pycsp3-extra-ortools-1t-verbose1-20260509=12
954,competition/2022-2025/COP22to25/WarOrPeace-09_c22.xml.lzma,minimize,optimal_mismatch,72769ef1-guarded-basic-2m=16; 1d1a452a-log-scop=16; a32997fd-direct-order=16; 31b6e7a3-scip-rerun1=16; 31b6e7a3-scip-log-scop-rerun2=16; 9c976720-scip-log-scop-dynamic=16; 9c976720-scip-direct-order-dynamic=16; bd3c9f7d-scip-direct-order-dynamic=16; bd3c9f7d-scip-log-scop-dynamic=16; aac6b714-scip-direct-order-dynamic=16; 835f8aaf-scip-direct-order-dynamic=16; 835f8aaf-scip-log-scop-dynamic=16; 10c9c43b-dirty-log-scop-dadda-norootlp=16; 10c9c43b-dirty-log-scop-autobdd-norootlp-rerun1=16; 1173b3f4-scip-direct-order-extge-eager-dynwatch=16; 1173b3f4-direct-order-extprop8196-s40-20260512=16; 261d4b72-direct-order-extprop8196-s40-extobj-norootlp-nomaxarity=24; f85951b8-direct-order-extprop8196-s40-extobj-norootlp-nomaxarity=24; ace64g-rr-20260505=16; pycsp3-extra-ortools-20260505=16; pycsp3-extra-ortools-1t-rerun1-20260505=16; pycsp3-extra-ortools-1t-verbose1-20260509=16
955,competition/2022-2025/COP22to25/WarOrPeace-10_c22.xml.lzma,minimize,optimal_mismatch,72769ef1-guarded-basic-2m=20; 1d1a452a-log-scop=20; a32997fd-direct-order=20; 31b6e7a3-scip-rerun1=20; 31b6e7a3-scip-log-scop-rerun2=20; 9c976720-scip-log-scop-dynamic=20; 9c976720-scip-direct-order-dynamic=20; bd3c9f7d-scip-direct-order-dynamic=20; bd3c9f7d-scip-log-scop-dynamic=20; aac6b714-scip-direct-order-dynamic=20; 835f8aaf-scip-direct-order-dynamic=20; 835f8aaf-scip-log-scop-dynamic=20; 10c9c43b-dirty-log-scop-dadda-norootlp=20; 10c9c43b-dirty-log-scop-autobdd-norootlp-rerun1=20; 1173b3f4-scip-direct-order-extge-eager-dynwatch=20; 1173b3f4-direct-order-extprop8196-s40-20260512=20; 261d4b72-direct-order-extprop8196-s40-extobj-norootlp-nomaxarity=25; f85951b8-direct-order-extprop8196-s40-extobj-norootlp-nomaxarity=25; ace64g-rr-20260505=20; pycsp3-extra-ortools-20260505=20; pycsp3-extra-ortools-1t-rerun1-20260505=20; pycsp3-extra-ortools-1t-verbose1-20260509=20
956,competition/2022-2025/COP22to25/WarOrPeace-12_c22.xml.lzma,minimize,optimal_mismatch,1d1a452a-log-scop=30; a32997fd-direct-order=30; 31b6e7a3-scip-rerun1=30; 31b6e7a3-scip-log-scop-rerun2=30; 9c976720-scip-log-scop-dynamic=30; 9c976720-scip-direct-order-dynamic=30; bd3c9f7d-scip-direct-order-dynamic=30; bd3c9f7d-scip-log-scop-dynamic=30; aac6b714-scip-direct-order-dynamic=30; 835f8aaf-scip-direct-order-dynamic=30; 835f8aaf-scip-log-scop-dynamic=30; 10c9c43b-dirty-log-scop-dadda-norootlp=30; 10c9c43b-dirty-log-scop-autobdd-norootlp-rerun1=30; 261d4b72-direct-order-extprop8196-s40-extobj-norootlp-nomaxarity=43; f85951b8-direct-order-extprop8196-s40-extobj-norootlp-nomaxarity=43; pycsp3-extra-ortools-20260505=30
958,competition/2022-2025/COP22to25/WarOrPeace-or-08_c22.xml.lzma,minimize,optimal_mismatch,72769ef1-guarded-basic-2m=12; 1d1a452a-direct-order=12; 1d1a452a-log-scop=12; a32997fd-direct-order=12; 31b6e7a3-scip-rerun1=12; 31b6e7a3-scip-log-scop-rerun2=12; 9c976720-scip-log-scop-dynamic=12; 9c976720-scip-direct-order-dynamic=12; bd3c9f7d-scip-direct-order-dynamic=12; bd3c9f7d-scip-log-scop-dynamic=12; aac6b714-scip-direct-order-dynamic=12; 835f8aaf-scip-direct-order-dynamic=12; 835f8aaf-scip-log-scop-dynamic=12; 10c9c43b-dirty-log-scop-dadda-norootlp=12; 10c9c43b-dirty-log-scop-autobdd-norootlp-rerun1=12; 1173b3f4-scip-direct-order-extge-eager-dynwatch=12; 1173b3f4-direct-order-extprop8196-s40-20260512=12; 261d4b72-direct-order-extprop8196-s40-extobj-norootlp-nomaxarity=21; f85951b8-direct-order-extprop8196-s40-extobj-norootlp-nomaxarity=16; ace64g-rr-20260505=12; pycsp3-extra-ortools-20260505=12; pycsp3-extra-ortools-1t-rerun1-20260505=12; pycsp3-extra-ortools-1t-verbose1-20260509=12
959,competition/2022-2025/COP22to25/WarOrPeace-or-09_c22.xml.lzma,minimize,optimal_mismatch,72769ef1-guarded-basic-2m=16; 1d1a452a-direct-order=16; 1d1a452a-log-scop=16; a32997fd-direct-order=16; 31b6e7a3-scip-rerun1=16; 31b6e7a3-scip-log-scop-rerun2=16; 9c976720-scip-log-scop-dynamic=16; 9c976720-scip-direct-order-dynamic=16; bd3c9f7d-scip-direct-order-dynamic=16; bd3c9f7d-scip-log-scop-dynamic=16; aac6b714-scip-direct-order-dynamic=16; 835f8aaf-scip-direct-order-dynamic=16; 835f8aaf-scip-log-scop-dynamic=16; 10c9c43b-dirty-log-scop-dadda-norootlp=16; 10c9c43b-dirty-log-scop-autobdd-norootlp-rerun1=16; 1173b3f4-scip-direct-order-extge-eager-dynwatch=16; 1173b3f4-direct-order-extprop8196-s40-20260512=16; 261d4b72-direct-order-extprop8196-s40-extobj-norootlp-nomaxarity=26; ace64g-rr-20260505=16; pycsp3-extra-ortools-20260505=16; pycsp3-extra-ortools-1t-rerun1-20260505=16; pycsp3-extra-ortools-1t-verbose1-20260509=16
960,competition/2022-2025/COP22to25/WarOrPeace-or-10_c22.xml.lzma,minimize,optimal_mismatch,72769ef1-guarded-basic-2m=20; 1d1a452a-direct-order=20; 1d1a452a-log-scop=20; a32997fd-direct-order=20; 31b6e7a3-scip-rerun1=20; 31b6e7a3-scip-log-scop-rerun2=20; 9c976720-scip-log-scop-dynamic=20; 9c976720-scip-direct-order-dynamic=20; bd3c9f7d-scip-direct-order-dynamic=20; bd3c9f7d-scip-log-scop-dynamic=20; aac6b714-scip-direct-order-dynamic=20; 835f8aaf-scip-direct-order-dynamic=20; 835f8aaf-scip-log-scop-dynamic=20; 10c9c43b-dirty-log-scop-dadda-norootlp=20; 10c9c43b-dirty-log-scop-autobdd-norootlp-rerun1=20; 1173b3f4-scip-direct-order-extge-eager-dynwatch=20; 1173b3f4-direct-order-extprop8196-s40-20260512=20; 261d4b72-direct-order-extprop8196-s40-extobj-norootlp-nomaxarity=36; f85951b8-direct-order-extprop8196-s40-extobj-norootlp-nomaxarity=29; ace64g-rr-20260505=20; pycsp3-extra-ortools-20260505=20; pycsp3-extra-ortools-1t-rerun1-20260505=20; pycsp3-extra-ortools-1t-verbose1-20260509=20
961,competition/2022-2025/COP22to25/WarOrPeace-or-12_c22.xml.lzma,minimize,optimal_mismatch,72769ef1-guarded-basic-2m=30; 1d1a452a-direct-order=30; 1d1a452a-log-scop=30; a32997fd-direct-order=30; 31b6e7a3-scip-rerun1=30; 31b6e7a3-scip-log-scop-rerun2=30; 9c976720-scip-log-scop-dynamic=30; 9c976720-scip-direct-order-dynamic=30; bd3c9f7d-scip-direct-order-dynamic=30; bd3c9f7d-scip-log-scop-dynamic=30; aac6b714-scip-direct-order-dynamic=30; 835f8aaf-scip-direct-order-dynamic=30; 835f8aaf-scip-log-scop-dynamic=30; 10c9c43b-dirty-log-scop-dadda-norootlp=30; 10c9c43b-dirty-log-scop-autobdd-norootlp-rerun1=30; 261d4b72-direct-order-extprop8196-s40-extobj-norootlp-nomaxarity=55; f85951b8-direct-order-extprop8196-s40-extobj-norootlp-nomaxarity=46; pycsp3-extra-ortools-20260505=30
962,competition/2022-2025/COP22to25/WarOrPeace-or-14_c22.xml.lzma,minimize,optimal_mismatch,1d1a452a-log-scop=42; 31b6e7a3-scip-log-scop-rerun2=42; 9c976720-scip-log-scop-dynamic=42; bd3c9f7d-scip-log-scop-dynamic=42; 835f8aaf-scip-log-scop-dynamic=42; 10c9c43b-dirty-log-scop-dadda-norootlp=42; 10c9c43b-dirty-log-scop-autobdd-norootlp-rerun1=42; 261d4b72-direct-order-extprop8196-s40-extobj-norootlp-nomaxarity=78; f85951b8-direct-order-extprop8196-s40-extobj-norootlp-nomaxarity=67; pycsp3-extra-ortools-20260505=42
972,competition/2022-2025/COP22to25/WordGolf-4-ogd2008-50-0_c24.xml.lzma,minimize,optimal_mismatch,72769ef1-guarded-basic-2m=6; a32997fd-direct-order=6; 31b6e7a3-scip-rerun1=6; 9c976720-scip-direct-order-dynamic=6; bd3c9f7d-scip-direct-order-dynamic=6; aac6b714-scip-direct-order-dynamic=6; 835f8aaf-scip-direct-order-dynamic=6; 1173b3f4-scip-direct-order-extge-eager-dynwatch=6; 1173b3f4-direct-order-extprop8196-s40-20260512=6; 261d4b72-direct-order-extprop8196-s40-extobj-norootlp-nomaxarity=6; f85951b8-direct-order-extprop8196-s40-extobj-norootlp-nomaxarity=7; ace64g-rr-20260505=6; pycsp3-extra-ortools-20260505=6; pycsp3-extra-ortools-1t-rerun1-20260505=6; pycsp3-extra-ortools-1t-verbose1-20260509=6
974,competition/2022-2025/COP22to25/WordGolf-4-ogd2008-50-2_c24.xml.lzma,minimize,optimal_mismatch,72769ef1-guarded-basic-2m=8; a32997fd-direct-order=8; 31b6e7a3-scip-rerun1=8; 9c976720-scip-direct-order-dynamic=8; bd3c9f7d-scip-direct-order-dynamic=8; aac6b714-scip-direct-order-dynamic=8; 835f8aaf-scip-direct-order-dynamic=8; 1173b3f4-direct-order-extprop8196-s40-20260512=8; 261d4b72-direct-order-extprop8196-s40-extobj-norootlp-nomaxarity=8; f85951b8-direct-order-extprop8196-s40-extobj-norootlp-nomaxarity=27; ace64g-rr-20260505=8; pycsp3-extra-ortools-20260505=8; pycsp3-extra-ortools-1t-rerun1-20260505=8; pycsp3-extra-ortools-1t-verbose1-20260509=8
976,competition/2022-2025/COP22to25/WordGolf-5-ogd2008-50-0_c24.xml.lzma,minimize,optimal_mismatch,a32997fd-direct-order=7; 31b6e7a3-scip-rerun1=7; 9c976720-scip-direct-order-dynamic=7; bd3c9f7d-scip-direct-order-dynamic=7; aac6b714-scip-direct-order-dynamic=7; 835f8aaf-scip-direct-order-dynamic=7; 1173b3f4-scip-direct-order-extge-eager-dynwatch=7; 261d4b72-direct-order-extprop8196-s40-extobj-norootlp-nomaxarity=7; f85951b8-direct-order-extprop8196-s40-extobj-norootlp-nomaxarity=47; ace64g-rr-20260505=7; pycsp3-extra-ortools-20260505=7; pycsp3-extra-ortools-1t-rerun1-20260505=7; pycsp3-extra-ortools-1t-verbose1-20260509=7
978,competition/2022-2025/COP22to25/WordGolf-5-ogd2008-50-2_c24.xml.lzma,minimize,optimal_mismatch,a32997fd-direct-order=6; 31b6e7a3-scip-rerun1=6; 9c976720-scip-direct-order-dynamic=6; bd3c9f7d-scip-direct-order-dynamic=6; aac6b714-scip-direct-order-dynamic=6; 835f8aaf-scip-direct-order-dynamic=6; 261d4b72-direct-order-extprop8196-s40-extobj-norootlp-nomaxarity=6; f85951b8-direct-order-extprop8196-s40-extobj-norootlp-nomaxarity=36; ace64g-rr-20260505=6; pycsp3-extra-ortools-20260505=6; pycsp3-extra-ortools-1t-rerun1-20260505=6; pycsp3-extra-ortools-1t-verbose1-20260509=6
979,competition/2022-2025/COP22to25/WordGolf-5-ogd2008-50-3_c24.xml.lzma,minimize,optimal_mismatch,a32997fd-direct-order=7; 31b6e7a3-scip-rerun1=7; 9c976720-scip-direct-order-dynamic=7; bd3c9f7d-scip-direct-order-dynamic=7; aac6b714-scip-direct-order-dynamic=7; 835f8aaf-scip-direct-order-dynamic=7; 1173b3f4-scip-direct-order-extge-eager-dynwatch=7; 261d4b72-direct-order-extprop8196-s40-extobj-norootlp-nomaxarity=7; f85951b8-direct-order-extprop8196-s40-extobj-norootlp-nomaxarity=33; ace64g-rr-20260505=7; pycsp3-extra-ortools-20260505=7; pycsp3-extra-ortools-1t-rerun1-20260505=7; pycsp3-extra-ortools-1t-verbose1-20260509=7
983,competition/2022-2025/COP22to25/WordGolf-6-ogd2008-50-3_c24.xml.lzma,minimize,optimal_mismatch,a32997fd-direct-order=7; 261d4b72-direct-order-extprop8196-s40-extobj-norootlp-nomaxarity=7; f85951b8-direct-order-extprop8196-s40-extobj-norootlp-nomaxarity=44; ace64g-rr-20260505=7; pycsp3-extra-ortools-1t-rerun1-20260505=7; pycsp3-extra-ortools-1t-verbose1-20260509=7
989,competition/2022-2025/COP22to25/Wordpress-04-06-500_c24.xml.lzma,minimize,optimal_mismatch,1d1a452a-log-scop=1866; 31b6e7a3-scip-log-scop-rerun2=1866; 9c976720-scip-log-scop-dynamic=1866; bd3c9f7d-scip-log-scop-dynamic=1866; 835f8aaf-scip-log-scop-dynamic=1866; 10c9c43b-dirty-log-scop-dadda-norootlp=1866; 10c9c43b-dirty-log-scop-autobdd-norootlp-rerun1=1866; a5249e5b-log-scop-autobdd-norootlp=1866; f85951b8-log-scop-autobdd-norootlp=1866; 1173b3f4-scip-direct-order-extge-eager-dynwatch=1866; 1173b3f4-direct-order-extprop8196-s40-20260512=1866; 261d4b72-direct-order-extprop8196-s40-extobj-norootlp-nomaxarity=26801; f85951b8-direct-order-extprop8196-s40-extobj-norootlp-nomaxarity=1866; ace64g-rr-20260505=1866; pycsp3-extra-ortools-20260505=1866; pycsp3-extra-ortools-1t-rerun1-20260505=1866; pycsp3-extra-ortools-1t-verbose1-20260509=1866
990,competition/2022-2025/COP22to25/Wordpress-04-07-500_c24.xml.lzma,minimize,optimal_mismatch,1d1a452a-log-scop=1748; 31b6e7a3-scip-log-scop-rerun2=1748; 9c976720-scip-log-scop-dynamic=1748; bd3c9f7d-scip-log-scop-dynamic=1748; 835f8aaf-scip-log-scop-dynamic=1748; 10c9c43b-dirty-log-scop-dadda-norootlp=1748; 10c9c43b-dirty-log-scop-autobdd-norootlp-rerun1=1748; a5249e5b-log-scop-autobdd-norootlp=1748; f85951b8-log-scop-autobdd-norootlp=1748; 1173b3f4-scip-direct-order-extge-eager-dynwatch=1748; 1173b3f4-direct-order-extprop8196-s40-20260512=1748; 261d4b72-direct-order-extprop8196-s40-extobj-norootlp-nomaxarity=13433; ace64g-rr-20260505=1748; pycsp3-extra-ortools-20260505=1748; pycsp3-extra-ortools-1t-rerun1-20260505=1748; pycsp3-extra-ortools-1t-verbose1-20260509=1748
991,competition/2022-2025/COP22to25/Wordpress-04-08-500_c24.xml.lzma,minimize,optimal_mismatch,1d1a452a-log-scop=1630; 31b6e7a3-scip-log-scop-rerun2=1630; 9c976720-scip-log-scop-dynamic=1630; 835f8aaf-scip-log-scop-dynamic=1630; 10c9c43b-dirty-log-scop-autobdd-norootlp-rerun1=1630; a5249e5b-log-scop-autobdd-norootlp=1630; f85951b8-log-scop-autobdd-norootlp=1630; 1173b3f4-scip-direct-order-extge-eager-dynwatch=1630; 261d4b72-direct-order-extprop8196-s40-extobj-norootlp-nomaxarity=31591; f85951b8-direct-order-extprop8196-s40-extobj-norootlp-nomaxarity=1678; ace64g-rr-20260505=1630; pycsp3-extra-ortools-20260505=1630; pycsp3-extra-ortools-1t-rerun1-20260505=1630; pycsp3-extra-ortools-1t-verbose1-20260509=1630
992,competition/2022-2025/COP22to25/Wordpress-04-09-500_c24.xml.lzma,minimize,optimal_mismatch,1d1a452a-log-scop=1536; 31b6e7a3-scip-log-scop-rerun2=1536; 9c976720-scip-log-scop-dynamic=1536; 835f8aaf-scip-log-scop-dynamic=1536; 10c9c43b-dirty-log-scop-dadda-norootlp=1536; 10c9c43b-dirty-log-scop-autobdd-norootlp-rerun1=1536; a5249e5b-log-scop-autobdd-norootlp=1536; f85951b8-log-scop-autobdd-norootlp=1536; 261d4b72-direct-order-extprop8196-s40-extobj-norootlp-nomaxarity=23344; f85951b8-direct-order-extprop8196-s40-extobj-norootlp-nomaxarity=1536; ace64g-rr-20260505=1536; pycsp3-extra-ortools-20260505=1536; pycsp3-extra-ortools-1t-rerun1-20260505=1536; pycsp3-extra-ortools-1t-verbose1-20260509=1536
993,competition/2022-2025/COP22to25/Wordpress-04-10-500_c24.xml.lzma,minimize,optimal_mismatch,1d1a452a-log-scop=1442; 31b6e7a3-scip-log-scop-rerun2=1442; 9c976720-scip-log-scop-dynamic=1442; 835f8aaf-scip-log-scop-dynamic=1442; 10c9c43b-dirty-log-scop-autobdd-norootlp-rerun1=1442; a5249e5b-log-scop-autobdd-norootlp=1442; f85951b8-log-scop-autobdd-norootlp=1442; 261d4b72-direct-order-extprop8196-s40-extobj-norootlp-nomaxarity=32496; f85951b8-direct-order-extprop8196-s40-extobj-norootlp-nomaxarity=12124; ace64g-rr-20260505=1442; pycsp3-extra-ortools-20260505=1442; pycsp3-extra-ortools-1t-rerun1-20260505=1442; pycsp3-extra-ortools-1t-verbose1-20260509=1442
994,competition/2022-2025/COP22to25/Wordpress-08-20-500_c24.xml.lzma,minimize,optimal_mismatch,261d4b72-direct-order-extprop8196-s40-extobj-norootlp-nomaxarity=40766; pycsp3-extra-ortools-20260505=2674; pycsp3-extra-ortools-1t-rerun1-20260505=2674; pycsp3-extra-ortools-1t-verbose1-20260509=2674
995,competition/2022-2025/COP22to25/Wordpress-12-30-500_c24.xml.lzma,minimize,optimal_mismatch,261d4b72-direct-order-extprop8196-s40-extobj-norootlp-nomaxarity=49036; pycsp3-extra-ortools-20260505=3580; pycsp3-extra-ortools-1t-rerun1-20260505=3580; pycsp3-extra-ortools-1t-verbose1-20260509=3580
997,competition/2022-2025/COP22to25/Wordpress-20-50-500_c24.xml.lzma,minimize,optimal_mismatch,261d4b72-direct-order-extprop8196-s40-extobj-norootlp-nomaxarity=376662; pycsp3-extra-ortools-20260505=5834
