instance_id,instance_relpath,data_relpath_1
2008_debruijn_binary_debruijn_binary_02_03,2008/debruijn_binary/debruijn_binary.mzn,2008/debruijn_binary/02_03.dzn
2008_debruijn_binary_debruijn_binary_02_07,2008/debruijn_binary/debruijn_binary.mzn,2008/debruijn_binary/02_07.dzn
2008_debruijn_binary_debruijn_binary_02_08,2008/debruijn_binary/debruijn_binary.mzn,2008/debruijn_binary/02_08.dzn
2008_debruijn_binary_debruijn_binary_02_09,2008/debruijn_binary/debruijn_binary.mzn,2008/debruijn_binary/02_09.dzn
2008_debruijn_binary_debruijn_binary_02_10,2008/debruijn_binary/debruijn_binary.mzn,2008/debruijn_binary/02_10.dzn
2008_debruijn_binary_debruijn_binary_03_06,2008/debruijn_binary/debruijn_binary.mzn,2008/debruijn_binary/03_06.dzn
2008_debruijn_binary_debruijn_binary_03_07,2008/debruijn_binary/debruijn_binary.mzn,2008/debruijn_binary/03_07.dzn
2008_debruijn_binary_debruijn_binary_03_08,2008/debruijn_binary/debruijn_binary.mzn,2008/debruijn_binary/03_08.dzn
2008_debruijn_binary_debruijn_binary_04_06,2008/debruijn_binary/debruijn_binary.mzn,2008/debruijn_binary/04_06.dzn
2008_debruijn_binary_debruijn_binary_04_07,2008/debruijn_binary/debruijn_binary.mzn,2008/debruijn_binary/04_07.dzn
2008_debruijn_binary_debruijn_binary_04_08,2008/debruijn_binary/debruijn_binary.mzn,2008/debruijn_binary/04_08.dzn
2008_nmseq_nmseq_020,2008/nmseq/nmseq.mzn,2008/nmseq/020.dzn
2008_nmseq_nmseq_040,2008/nmseq/nmseq.mzn,2008/nmseq/040.dzn
2008_nmseq_nmseq_060,2008/nmseq/nmseq.mzn,2008/nmseq/060.dzn
2008_nmseq_nmseq_080,2008/nmseq/nmseq.mzn,2008/nmseq/080.dzn
2008_nmseq_nmseq_100,2008/nmseq/nmseq.mzn,2008/nmseq/100.dzn
2008_nmseq_nmseq_150,2008/nmseq/nmseq.mzn,2008/nmseq/150.dzn
2008_nmseq_nmseq_200,2008/nmseq/nmseq.mzn,2008/nmseq/200.dzn
2008_nmseq_nmseq_300,2008/nmseq/nmseq.mzn,2008/nmseq/300.dzn
2008_nmseq_nmseq_400,2008/nmseq/nmseq.mzn,2008/nmseq/400.dzn
2008_nmseq_nmseq_500,2008/nmseq/nmseq.mzn,2008/nmseq/500.dzn
2008_pentominoes-int_pentominoes-int_01,2008/pentominoes-int/pentominoes-int.mzn,2008/pentominoes-int/01.dzn
2008_pentominoes-int_pentominoes-int_02,2008/pentominoes-int/pentominoes-int.mzn,2008/pentominoes-int/02.dzn
2008_pentominoes-int_pentominoes-int_03,2008/pentominoes-int/pentominoes-int.mzn,2008/pentominoes-int/03.dzn
2008_pentominoes-int_pentominoes-int_04,2008/pentominoes-int/pentominoes-int.mzn,2008/pentominoes-int/04.dzn
2008_pentominoes-int_pentominoes-int_05,2008/pentominoes-int/pentominoes-int.mzn,2008/pentominoes-int/05.dzn
2008_pentominoes-int_pentominoes-int_06,2008/pentominoes-int/pentominoes-int.mzn,2008/pentominoes-int/06.dzn
2008_pentominoes-int_pentominoes-int_07,2008/pentominoes-int/pentominoes-int.mzn,2008/pentominoes-int/07.dzn
2008_quasigroup7_quasigroup7_05,2008/quasigroup7/quasigroup7.mzn,2008/quasigroup7/05.dzn
2008_quasigroup7_quasigroup7_06,2008/quasigroup7/quasigroup7.mzn,2008/quasigroup7/06.dzn
2008_quasigroup7_quasigroup7_07,2008/quasigroup7/quasigroup7.mzn,2008/quasigroup7/07.dzn
2008_quasigroup7_quasigroup7_08,2008/quasigroup7/quasigroup7.mzn,2008/quasigroup7/08.dzn
2008_quasigroup7_quasigroup7_09,2008/quasigroup7/quasigroup7.mzn,2008/quasigroup7/09.dzn
2008_quasigroup7_quasigroup7_10,2008/quasigroup7/quasigroup7.mzn,2008/quasigroup7/10.dzn
2008_quasigroup7_quasigroup7_11,2008/quasigroup7/quasigroup7.mzn,2008/quasigroup7/11.dzn
2008_quasigroup7_quasigroup7_12,2008/quasigroup7/quasigroup7.mzn,2008/quasigroup7/12.dzn
2008_quasigroup7_quasigroup7_13,2008/quasigroup7/quasigroup7.mzn,2008/quasigroup7/13.dzn
2008_quasigroup7_quasigroup7_14,2008/quasigroup7/quasigroup7.mzn,2008/quasigroup7/14.dzn
2008_radiation_radiation_01,2008/radiation/radiation.mzn,2008/radiation/01.dzn
2008_radiation_radiation_02,2008/radiation/radiation.mzn,2008/radiation/02.dzn
2008_radiation_radiation_03,2008/radiation/radiation.mzn,2008/radiation/03.dzn
2008_radiation_radiation_04,2008/radiation/radiation.mzn,2008/radiation/04.dzn
2008_radiation_radiation_05,2008/radiation/radiation.mzn,2008/radiation/05.dzn
2008_radiation_radiation_06,2008/radiation/radiation.mzn,2008/radiation/06.dzn
2008_radiation_radiation_07,2008/radiation/radiation.mzn,2008/radiation/07.dzn
2008_radiation_radiation_08,2008/radiation/radiation.mzn,2008/radiation/08.dzn
2008_radiation_radiation_09,2008/radiation/radiation.mzn,2008/radiation/09.dzn
2008_rcpsp_rcpsp_00,2008/rcpsp/rcpsp.mzn,2008/rcpsp/00.dzn
2008_rcpsp_rcpsp_01,2008/rcpsp/rcpsp.mzn,2008/rcpsp/01.dzn
2008_rcpsp_rcpsp_02,2008/rcpsp/rcpsp.mzn,2008/rcpsp/02.dzn
2008_rcpsp_rcpsp_03,2008/rcpsp/rcpsp.mzn,2008/rcpsp/03.dzn
2008_rcpsp_rcpsp_04,2008/rcpsp/rcpsp.mzn,2008/rcpsp/04.dzn
2008_rcpsp_rcpsp_05,2008/rcpsp/rcpsp.mzn,2008/rcpsp/05.dzn
2008_rcpsp_rcpsp_06,2008/rcpsp/rcpsp.mzn,2008/rcpsp/06.dzn
2008_rcpsp_rcpsp_07,2008/rcpsp/rcpsp.mzn,2008/rcpsp/07.dzn
2008_rcpsp_rcpsp_08,2008/rcpsp/rcpsp.mzn,2008/rcpsp/08.dzn
2008_rcpsp_rcpsp_09,2008/rcpsp/rcpsp.mzn,2008/rcpsp/09.dzn
2008_search_stress_search_stress_04_04,2008/search_stress/search_stress.mzn,2008/search_stress/04_04.dzn
2008_search_stress_search_stress_08_04,2008/search_stress/search_stress.mzn,2008/search_stress/08_04.dzn
2008_search_stress_search_stress_08_08,2008/search_stress/search_stress.mzn,2008/search_stress/08_08.dzn
2008_shortest_path_shortest_path_00,2008/shortest_path/shortest_path.mzn,2008/shortest_path/00.dzn
2008_shortest_path_shortest_path_01,2008/shortest_path/shortest_path.mzn,2008/shortest_path/01.dzn
2008_shortest_path_shortest_path_02,2008/shortest_path/shortest_path.mzn,2008/shortest_path/02.dzn
2008_shortest_path_shortest_path_03,2008/shortest_path/shortest_path.mzn,2008/shortest_path/03.dzn
2008_shortest_path_shortest_path_04,2008/shortest_path/shortest_path.mzn,2008/shortest_path/04.dzn
2008_shortest_path_shortest_path_05,2008/shortest_path/shortest_path.mzn,2008/shortest_path/05.dzn
2008_shortest_path_shortest_path_06,2008/shortest_path/shortest_path.mzn,2008/shortest_path/06.dzn
2008_shortest_path_shortest_path_07,2008/shortest_path/shortest_path.mzn,2008/shortest_path/07.dzn
2008_shortest_path_shortest_path_08,2008/shortest_path/shortest_path.mzn,2008/shortest_path/08.dzn
2008_shortest_path_shortest_path_09,2008/shortest_path/shortest_path.mzn,2008/shortest_path/09.dzn
2008_slow_convergence_slow_convergence_0100,2008/slow_convergence/slow_convergence.mzn,2008/slow_convergence/0100.dzn
2008_slow_convergence_slow_convergence_0200,2008/slow_convergence/slow_convergence.mzn,2008/slow_convergence/0200.dzn
2008_slow_convergence_slow_convergence_0300,2008/slow_convergence/slow_convergence.mzn,2008/slow_convergence/0300.dzn
2008_slow_convergence_slow_convergence_0400,2008/slow_convergence/slow_convergence.mzn,2008/slow_convergence/0400.dzn
2008_slow_convergence_slow_convergence_0500,2008/slow_convergence/slow_convergence.mzn,2008/slow_convergence/0500.dzn
2008_slow_convergence_slow_convergence_0600,2008/slow_convergence/slow_convergence.mzn,2008/slow_convergence/0600.dzn
2008_slow_convergence_slow_convergence_0700,2008/slow_convergence/slow_convergence.mzn,2008/slow_convergence/0700.dzn
2008_slow_convergence_slow_convergence_0800,2008/slow_convergence/slow_convergence.mzn,2008/slow_convergence/0800.dzn
2008_slow_convergence_slow_convergence_0900,2008/slow_convergence/slow_convergence.mzn,2008/slow_convergence/0900.dzn
2008_slow_convergence_slow_convergence_1000,2008/slow_convergence/slow_convergence.mzn,2008/slow_convergence/1000.dzn
2008_trucking_trucking_01,2008/trucking/trucking.mzn,2008/trucking/01.dzn
2008_trucking_trucking_02,2008/trucking/trucking.mzn,2008/trucking/02.dzn
2008_trucking_trucking_03,2008/trucking/trucking.mzn,2008/trucking/03.dzn
2008_trucking_trucking_04,2008/trucking/trucking.mzn,2008/trucking/04.dzn
2008_trucking_trucking_05,2008/trucking/trucking.mzn,2008/trucking/05.dzn
2008_trucking_trucking_06,2008/trucking/trucking.mzn,2008/trucking/06.dzn
2008_trucking_trucking_07,2008/trucking/trucking.mzn,2008/trucking/07.dzn
2008_trucking_trucking_08,2008/trucking/trucking.mzn,2008/trucking/08.dzn
2008_trucking_trucking_09,2008/trucking/trucking.mzn,2008/trucking/09.dzn
2008_trucking_trucking_10,2008/trucking/trucking.mzn,2008/trucking/10.dzn
2008_trucking_trucking_11,2008/trucking/trucking.mzn,2008/trucking/11.dzn
2008_trucking_trucking_12,2008/trucking/trucking.mzn,2008/trucking/12.dzn
2008_trucking_trucking_13,2008/trucking/trucking.mzn,2008/trucking/13.dzn
2008_trucking_trucking_14,2008/trucking/trucking.mzn,2008/trucking/14.dzn
2008_trucking_trucking_15,2008/trucking/trucking.mzn,2008/trucking/15.dzn
2009_black-hole_black-hole_01,2009/black-hole/black-hole.mzn,2009/black-hole/01.dzn
2009_black-hole_black-hole_03,2009/black-hole/black-hole.mzn,2009/black-hole/03.dzn
2009_black-hole_black-hole_05,2009/black-hole/black-hole.mzn,2009/black-hole/05.dzn
2009_black-hole_black-hole_07,2009/black-hole/black-hole.mzn,2009/black-hole/07.dzn
2009_black-hole_black-hole_09,2009/black-hole/black-hole.mzn,2009/black-hole/09.dzn
2009_black-hole_black-hole_11,2009/black-hole/black-hole.mzn,2009/black-hole/11.dzn
2009_black-hole_black-hole_13,2009/black-hole/black-hole.mzn,2009/black-hole/13.dzn
2009_black-hole_black-hole_15,2009/black-hole/black-hole.mzn,2009/black-hole/15.dzn
2009_black-hole_black-hole_17,2009/black-hole/black-hole.mzn,2009/black-hole/17.dzn
2009_black-hole_black-hole_19,2009/black-hole/black-hole.mzn,2009/black-hole/19.dzn
2009_fillomino_fillomino_08,2009/fillomino/fillomino.mzn,2009/fillomino/08.dzn
2009_fillomino_fillomino_11,2009/fillomino/fillomino.mzn,2009/fillomino/11.dzn
2009_fillomino_fillomino_13,2009/fillomino/fillomino.mzn,2009/fillomino/13.dzn
2009_fillomino_fillomino_14,2009/fillomino/fillomino.mzn,2009/fillomino/14.dzn
2009_fillomino_fillomino_15,2009/fillomino/fillomino.mzn,2009/fillomino/15.dzn
2009_fillomino_fillomino_16,2009/fillomino/fillomino.mzn,2009/fillomino/16.dzn
2009_fillomino_fillomino_17,2009/fillomino/fillomino.mzn,2009/fillomino/17.dzn
2009_fillomino_fillomino_18,2009/fillomino/fillomino.mzn,2009/fillomino/18.dzn
2009_fillomino_fillomino_20,2009/fillomino/fillomino.mzn,2009/fillomino/20.dzn
2009_fillomino_fillomino_21,2009/fillomino/fillomino.mzn,2009/fillomino/21.dzn
2009_nonogram_non_non_awful_2,2009/nonogram/non.mzn,2009/nonogram/non_awful_2.dzn
2009_nonogram_non_non_awful_4,2009/nonogram/non.mzn,2009/nonogram/non_awful_4.dzn
2009_nonogram_non_non_fast_1,2009/nonogram/non.mzn,2009/nonogram/non_fast_1.dzn
2009_nonogram_non_non_fast_10,2009/nonogram/non.mzn,2009/nonogram/non_fast_10.dzn
2009_nonogram_non_non_fast_11,2009/nonogram/non.mzn,2009/nonogram/non_fast_11.dzn
2009_nonogram_non_non_fast_5,2009/nonogram/non.mzn,2009/nonogram/non_fast_5.dzn
2009_nonogram_non_non_fast_7,2009/nonogram/non.mzn,2009/nonogram/non_fast_7.dzn
2009_nonogram_non_non_fast_9,2009/nonogram/non.mzn,2009/nonogram/non_fast_9.dzn
2009_nonogram_non_non_med_2,2009/nonogram/non.mzn,2009/nonogram/non_med_2.dzn
2009_nonogram_non_non_med_4,2009/nonogram/non.mzn,2009/nonogram/non_med_4.dzn
2009_open_stacks_open_stacks_01_gp50by50_1,2009/open_stacks/open_stacks_01.mzn,2009/open_stacks/gp50by50_1.dzn
2009_open_stacks_open_stacks_01_nrwsLarger4_1,2009/open_stacks/open_stacks_01.mzn,2009/open_stacks/nrwsLarger4_1.dzn
2009_open_stacks_open_stacks_01_problem_15_15_1,2009/open_stacks/open_stacks_01.mzn,2009/open_stacks/problem_15_15_1.dzn
2009_open_stacks_open_stacks_01_problem_20_10_1,2009/open_stacks/open_stacks_01.mzn,2009/open_stacks/problem_20_10_1.dzn
2009_open_stacks_open_stacks_01_wbo_15_30_1,2009/open_stacks/open_stacks_01.mzn,2009/open_stacks/wbo_15_30_1.dzn
2009_open_stacks_open_stacks_01_wbo_30_15_1,2009/open_stacks/open_stacks_01.mzn,2009/open_stacks/wbo_30_15_1.dzn
2009_open_stacks_open_stacks_01_wbo_30_30_1,2009/open_stacks/open_stacks_01.mzn,2009/open_stacks/wbo_30_30_1.dzn
2009_open_stacks_open_stacks_01_wbop_20_10_1,2009/open_stacks/open_stacks_01.mzn,2009/open_stacks/wbop_20_10_1.dzn
2009_open_stacks_open_stacks_01_wbp_20_10_1,2009/open_stacks/open_stacks_01.mzn,2009/open_stacks/wbp_20_10_1.dzn
2009_open_stacks_open_stacks_01_wbp_30_10_1,2009/open_stacks/open_stacks_01.mzn,2009/open_stacks/wbp_30_10_1.dzn
2009_p1f_p1f_03,2009/p1f/p1f.mzn,2009/p1f/03.dzn
2009_p1f_p1f_04,2009/p1f/p1f.mzn,2009/p1f/04.dzn
2009_p1f_p1f_05,2009/p1f/p1f.mzn,2009/p1f/05.dzn
2009_p1f_p1f_06,2009/p1f/p1f.mzn,2009/p1f/06.dzn
2009_p1f_p1f_07,2009/p1f/p1f.mzn,2009/p1f/07.dzn
2009_p1f_p1f_08,2009/p1f/p1f.mzn,2009/p1f/08.dzn
2009_p1f_p1f_09,2009/p1f/p1f.mzn,2009/p1f/09.dzn
2009_p1f_p1f_10,2009/p1f/p1f.mzn,2009/p1f/10.dzn
2009_p1f_p1f_11,2009/p1f/p1f.mzn,2009/p1f/11.dzn
2009_p1f_p1f_12,2009/p1f/p1f.mzn,2009/p1f/12.dzn
2009_prop_stress_prop_stress_0100,2009/prop_stress/prop_stress.mzn,2009/prop_stress/0100.dzn
2009_prop_stress_prop_stress_0200,2009/prop_stress/prop_stress.mzn,2009/prop_stress/0200.dzn
2009_prop_stress_prop_stress_0300,2009/prop_stress/prop_stress.mzn,2009/prop_stress/0300.dzn
2009_prop_stress_prop_stress_0400,2009/prop_stress/prop_stress.mzn,2009/prop_stress/0400.dzn
2009_prop_stress_prop_stress_0500,2009/prop_stress/prop_stress.mzn,2009/prop_stress/0500.dzn
2009_prop_stress_prop_stress_0600,2009/prop_stress/prop_stress.mzn,2009/prop_stress/0600.dzn
2009_prop_stress_prop_stress_0700,2009/prop_stress/prop_stress.mzn,2009/prop_stress/0700.dzn
2009_prop_stress_prop_stress_0800,2009/prop_stress/prop_stress.mzn,2009/prop_stress/0800.dzn
2009_prop_stress_prop_stress_0900,2009/prop_stress/prop_stress.mzn,2009/prop_stress/0900.dzn
2009_prop_stress_prop_stress_1000,2009/prop_stress/prop_stress.mzn,2009/prop_stress/1000.dzn
2009_rectangle-packing_rect_packing_rpp05_true,2009/rectangle-packing/rect_packing.mzn,2009/rectangle-packing/rpp05_true.dzn
2009_rectangle-packing_rect_packing_rpp09_false,2009/rectangle-packing/rect_packing.mzn,2009/rectangle-packing/rpp09_false.dzn
2009_rectangle-packing_rect_packing_rpp12_true,2009/rectangle-packing/rect_packing.mzn,2009/rectangle-packing/rpp12_true.dzn
2009_rectangle-packing_rect_packing_rpp14_false,2009/rectangle-packing/rect_packing.mzn,2009/rectangle-packing/rpp14_false.dzn
2009_rectangle-packing_rect_packing_rpp15_true,2009/rectangle-packing/rect_packing.mzn,2009/rectangle-packing/rpp15_true.dzn
2009_rectangle-packing_rect_packing_rpp19_false,2009/rectangle-packing/rect_packing.mzn,2009/rectangle-packing/rpp19_false.dzn
2009_rectangle-packing_rect_packing_rpp22_true,2009/rectangle-packing/rect_packing.mzn,2009/rectangle-packing/rpp22_true.dzn
2009_rectangle-packing_rect_packing_rpp24_false,2009/rectangle-packing/rect_packing.mzn,2009/rectangle-packing/rpp24_false.dzn
2009_rectangle-packing_rect_packing_rpp26_true,2009/rectangle-packing/rect_packing.mzn,2009/rectangle-packing/rpp26_true.dzn
2009_rectangle-packing_rect_packing_rpp30_false,2009/rectangle-packing/rect_packing.mzn,2009/rectangle-packing/rpp30_false.dzn
2009_roster_roster_model_chicroster_dataset_11,2009/roster/roster_model.mzn,2009/roster/chicroster_dataset_11.dzn
2009_roster_roster_model_chicroster_dataset_14,2009/roster/roster_model.mzn,2009/roster/chicroster_dataset_14.dzn
2009_roster_roster_model_chicroster_dataset_17,2009/roster/roster_model.mzn,2009/roster/chicroster_dataset_17.dzn
2009_roster_roster_model_chicroster_dataset_3,2009/roster/roster_model.mzn,2009/roster/chicroster_dataset_3.dzn
2009_roster_roster_model_chicroster_dataset_5,2009/roster/roster_model.mzn,2009/roster/chicroster_dataset_5.dzn
2009_roster_roster_model_chicroster_dataset_7,2009/roster/roster_model.mzn,2009/roster/chicroster_dataset_7.dzn
2009_roster_roster_model_chicroster_dataset_8,2009/roster/roster_model.mzn,2009/roster/chicroster_dataset_8.dzn
2009_roster_roster_model_chicroster_dataset_large_13,2009/roster/roster_model.mzn,2009/roster/chicroster_dataset_large_13.dzn
2009_roster_roster_model_chicroster_dataset_large_15,2009/roster/roster_model.mzn,2009/roster/chicroster_dataset_large_15.dzn
2009_roster_roster_model_chicroster_dataset_large_19,2009/roster/roster_model.mzn,2009/roster/chicroster_dataset_large_19.dzn
2009_search_stress2_search_stress2_02_07,2009/search_stress2/search_stress2.mzn,2009/search_stress2/02_07.dzn
2009_search_stress2_search_stress2_03_06,2009/search_stress2/search_stress2.mzn,2009/search_stress2/03_06.dzn
2009_search_stress2_search_stress2_04_05,2009/search_stress2/search_stress2.mzn,2009/search_stress2/04_05.dzn
2009_search_stress2_search_stress2_04_06,2009/search_stress2/search_stress2.mzn,2009/search_stress2/04_06.dzn
2009_search_stress2_search_stress2_05_05,2009/search_stress2/search_stress2.mzn,2009/search_stress2/05_05.dzn
2009_search_stress2_search_stress2_05_06,2009/search_stress2/search_stress2.mzn,2009/search_stress2/05_06.dzn
2009_search_stress2_search_stress2_06_04,2009/search_stress2/search_stress2.mzn,2009/search_stress2/06_04.dzn
2009_search_stress2_search_stress2_06_05,2009/search_stress2/search_stress2.mzn,2009/search_stress2/06_05.dzn
2009_search_stress2_search_stress2_06_06,2009/search_stress2/search_stress2.mzn,2009/search_stress2/06_06.dzn
2009_search_stress2_search_stress2_07_02,2009/search_stress2/search_stress2.mzn,2009/search_stress2/07_02.dzn
2009_still_life_still_life_still_life_5,2009/still_life/still_life.mzn,2009/still_life/still_life_5.dzn
2009_still_life_still_life_still_life_6,2009/still_life/still_life.mzn,2009/still_life/still_life_6.dzn
2009_still_life_still_life_still_life_7,2009/still_life/still_life.mzn,2009/still_life/still_life_7.dzn
2009_still_life_still_life_still_life_9,2009/still_life/still_life.mzn,2009/still_life/still_life_9.dzn
2009_vrp_vrp_A-n34-k5.vrp,2009/vrp/vrp.mzn,2009/vrp/A-n34-k5.vrp.dzn
2009_vrp_vrp_A-n44-k7.vrp,2009/vrp/vrp.mzn,2009/vrp/A-n44-k7.vrp.dzn
2009_vrp_vrp_A-n55-k9.vrp,2009/vrp/vrp.mzn,2009/vrp/A-n55-k9.vrp.dzn
2009_vrp_vrp_A-n65-k9.vrp,2009/vrp/vrp.mzn,2009/vrp/A-n65-k9.vrp.dzn
2009_vrp_vrp_B-n39-k5.vrp,2009/vrp/vrp.mzn,2009/vrp/B-n39-k5.vrp.dzn
2009_vrp_vrp_B-n50-k8.vrp,2009/vrp/vrp.mzn,2009/vrp/B-n50-k8.vrp.dzn
2009_vrp_vrp_B-n64-k9.vrp,2009/vrp/vrp.mzn,2009/vrp/B-n64-k9.vrp.dzn
2009_vrp_vrp_P-n19-k2.vrp,2009/vrp/vrp.mzn,2009/vrp/P-n19-k2.vrp.dzn
2009_vrp_vrp_P-n45-k5.vrp,2009/vrp/vrp.mzn,2009/vrp/P-n45-k5.vrp.dzn
2009_vrp_vrp_P-n55-k7.vrp,2009/vrp/vrp.mzn,2009/vrp/P-n55-k7.vrp.dzn
2010_bacp_bacp-1,2010/bacp/bacp-1.mzn,
2010_bacp_bacp-10,2010/bacp/bacp-10.mzn,
2010_bacp_bacp-11,2010/bacp/bacp-11.mzn,
2010_bacp_bacp-12,2010/bacp/bacp-12.mzn,
2010_bacp_bacp-14,2010/bacp/bacp-14.mzn,
2010_bacp_bacp-16,2010/bacp/bacp-16.mzn,
2010_bacp_bacp-18,2010/bacp/bacp-18.mzn,
2010_bacp_bacp-2,2010/bacp/bacp-2.mzn,
2010_bacp_bacp-21,2010/bacp/bacp-21.mzn,
2010_bacp_bacp-23,2010/bacp/bacp-23.mzn,
2010_bacp_bacp-25,2010/bacp/bacp-25.mzn,
2010_bacp_bacp-27,2010/bacp/bacp-27.mzn,
2010_bacp_bacp-4,2010/bacp/bacp-4.mzn,
2010_bacp_bacp-6,2010/bacp/bacp-6.mzn,
2010_bacp_bacp-8,2010/bacp/bacp-8.mzn,
2010_costas_array_CostasArray_14,2010/costas_array/CostasArray.mzn,2010/costas_array/14.dzn
2010_costas_array_CostasArray_15,2010/costas_array/CostasArray.mzn,2010/costas_array/15.dzn
2010_costas_array_CostasArray_16,2010/costas_array/CostasArray.mzn,2010/costas_array/16.dzn
2010_costas_array_CostasArray_17,2010/costas_array/CostasArray.mzn,2010/costas_array/17.dzn
2010_costas_array_CostasArray_19,2010/costas_array/CostasArray.mzn,2010/costas_array/19.dzn
2010_depot_placement_depot_placement_a280_4,2010/depot_placement/depot_placement.mzn,2010/depot_placement/a280_4.dzn
2010_depot_placement_depot_placement_a280_6,2010/depot_placement/depot_placement.mzn,2010/depot_placement/a280_6.dzn
2010_depot_placement_depot_placement_att48_5,2010/depot_placement/depot_placement.mzn,2010/depot_placement/att48_5.dzn
2010_depot_placement_depot_placement_rat99_4,2010/depot_placement/depot_placement.mzn,2010/depot_placement/rat99_4.dzn
2010_depot_placement_depot_placement_rat99_5,2010/depot_placement/depot_placement.mzn,2010/depot_placement/rat99_5.dzn
2010_depot_placement_depot_placement_rat99_6,2010/depot_placement/depot_placement.mzn,2010/depot_placement/rat99_6.dzn
2010_depot_placement_depot_placement_st70_4,2010/depot_placement/depot_placement.mzn,2010/depot_placement/st70_4.dzn
2010_depot_placement_depot_placement_st70_5,2010/depot_placement/depot_placement.mzn,2010/depot_placement/st70_5.dzn
2010_depot_placement_depot_placement_st70_6,2010/depot_placement/depot_placement.mzn,2010/depot_placement/st70_6.dzn
2010_depot_placement_depot_placement_ts225_5,2010/depot_placement/depot_placement.mzn,2010/depot_placement/ts225_5.dzn
2010_depot_placement_depot_placement_u159_4,2010/depot_placement/depot_placement.mzn,2010/depot_placement/u159_4.dzn
2010_depot_placement_depot_placement_u159_6,2010/depot_placement/depot_placement.mzn,2010/depot_placement/u159_6.dzn
2010_depot_placement_depot_placement_ulysses16_5,2010/depot_placement/depot_placement.mzn,2010/depot_placement/ulysses16_5.dzn
2010_depot_placement_depot_placement_ulysses22_4,2010/depot_placement/depot_placement.mzn,2010/depot_placement/ulysses22_4.dzn
2010_depot_placement_depot_placement_ulysses22_6,2010/depot_placement/depot_placement.mzn,2010/depot_placement/ulysses22_6.dzn
2010_filters_filter_ar_1_1,2010/filters/filter.mzn,2010/filters/ar_1_1.dzn
2010_filters_filter_ar_1_3,2010/filters/filter.mzn,2010/filters/ar_1_3.dzn
2010_filters_filter_ar_2_4,2010/filters/filter.mzn,2010/filters/ar_2_4.dzn
2010_filters_filter_dct_1_2,2010/filters/filter.mzn,2010/filters/dct_1_2.dzn
2010_filters_filter_dct_2_3,2010/filters/filter.mzn,2010/filters/dct_2_3.dzn
2010_filters_filter_dct_3_4,2010/filters/filter.mzn,2010/filters/dct_3_4.dzn
2010_filters_filter_ewf_4_3,2010/filters/filter.mzn,2010/filters/ewf_4_3.dzn
2010_filters_filter_fir16_1_2,2010/filters/filter.mzn,2010/filters/fir16_1_2.dzn
2010_filters_filter_fir_1_2,2010/filters/filter.mzn,2010/filters/fir_1_2.dzn
2010_filters_filter_fir_2_2,2010/filters/filter.mzn,2010/filters/fir_2_2.dzn
2010_ghoulomb_ghoulomb_3-10-20,2010/ghoulomb/ghoulomb.mzn,2010/ghoulomb/3-10-20.dzn
2010_ghoulomb_ghoulomb_3-7-20,2010/ghoulomb/ghoulomb.mzn,2010/ghoulomb/3-7-20.dzn
2010_ghoulomb_ghoulomb_3-8-20,2010/ghoulomb/ghoulomb.mzn,2010/ghoulomb/3-8-20.dzn
2010_ghoulomb_ghoulomb_3-9-16,2010/ghoulomb/ghoulomb.mzn,2010/ghoulomb/3-9-16.dzn
2010_ghoulomb_ghoulomb_4-10-16,2010/ghoulomb/ghoulomb.mzn,2010/ghoulomb/4-10-16.dzn
2010_ghoulomb_ghoulomb_4-7-16,2010/ghoulomb/ghoulomb.mzn,2010/ghoulomb/4-7-16.dzn
2010_ghoulomb_ghoulomb_4-8-16,2010/ghoulomb/ghoulomb.mzn,2010/ghoulomb/4-8-16.dzn
2010_ghoulomb_ghoulomb_4-9-10,2010/ghoulomb/ghoulomb.mzn,2010/ghoulomb/4-9-10.dzn
2010_ghoulomb_ghoulomb_4-9-14,2010/ghoulomb/ghoulomb.mzn,2010/ghoulomb/4-9-14.dzn
2010_ghoulomb_ghoulomb_4-9-18,2010/ghoulomb/ghoulomb.mzn,2010/ghoulomb/4-9-18.dzn
2010_grid_colouring_GridColoring_10_10,2010/grid_colouring/GridColoring.mzn,2010/grid_colouring/10_10.dzn
2010_grid_colouring_GridColoring_12_13,2010/grid_colouring/GridColoring.mzn,2010/grid_colouring/12_13.dzn
2010_grid_colouring_GridColoring_15_16,2010/grid_colouring/GridColoring.mzn,2010/grid_colouring/15_16.dzn
2010_grid_colouring_GridColoring_5_6,2010/grid_colouring/GridColoring.mzn,2010/grid_colouring/5_6.dzn
2010_grid_colouring_GridColoring_7_8,2010/grid_colouring/GridColoring.mzn,2010/grid_colouring/7_8.dzn
2010_rcpsp_max_rcpsp_max_psp_c_314,2010/rcpsp_max/rcpsp_max.mzn,2010/rcpsp_max/psp_c_314.dzn
2010_rcpsp_max_rcpsp_max_psp_c_51,2010/rcpsp_max/rcpsp_max.mzn,2010/rcpsp_max/psp_c_51.dzn
2010_rcpsp_max_rcpsp_max_psp_d_244,2010/rcpsp_max/rcpsp_max.mzn,2010/rcpsp_max/psp_d_244.dzn
2010_rcpsp_max_rcpsp_max_psp_d_335,2010/rcpsp_max/rcpsp_max.mzn,2010/rcpsp_max/psp_d_335.dzn
2010_rcpsp_max_rcpsp_max_psp_j20_34,2010/rcpsp_max/rcpsp_max.mzn,2010/rcpsp_max/psp_j20_34.dzn
2010_rcpsp_max_rcpsp_max_psp_j30_123,2010/rcpsp_max/rcpsp_max.mzn,2010/rcpsp_max/psp_j30_123.dzn
2010_rcpsp_max_rcpsp_max_psp_j30_169,2010/rcpsp_max/rcpsp_max.mzn,2010/rcpsp_max/psp_j30_169.dzn
2010_rcpsp_max_rcpsp_max_psp_j30_33,2010/rcpsp_max/rcpsp_max.mzn,2010/rcpsp_max/psp_j30_33.dzn
2010_rcpsp_max_rcpsp_max_psp_ubo200_57,2010/rcpsp_max/rcpsp_max.mzn,2010/rcpsp_max/psp_ubo200_57.dzn
2010_rcpsp_max_rcpsp_max_psp_ubo500_33,2010/rcpsp_max/rcpsp_max.mzn,2010/rcpsp_max/psp_ubo500_33.dzn
2010_solbat_sb_sb_12_12_5_0,2010/solbat/sb.mzn,2010/solbat/sb_12_12_5_0.dzn
2010_solbat_sb_sb_12_12_5_2,2010/solbat/sb.mzn,2010/solbat/sb_12_12_5_2.dzn
2010_solbat_sb_sb_12_12_5_4,2010/solbat/sb.mzn,2010/solbat/sb_12_12_5_4.dzn
2010_solbat_sb_sb_12_12_6_1,2010/solbat/sb.mzn,2010/solbat/sb_12_12_6_1.dzn
2010_solbat_sb_sb_12_12_6_3,2010/solbat/sb.mzn,2010/solbat/sb_12_12_6_3.dzn
2010_solbat_sb_sb_13_13_5_0,2010/solbat/sb.mzn,2010/solbat/sb_13_13_5_0.dzn
2010_solbat_sb_sb_13_13_6_4,2010/solbat/sb.mzn,2010/solbat/sb_13_13_6_4.dzn
2010_solbat_sb_sb_14_14_6_1,2010/solbat/sb.mzn,2010/solbat/sb_14_14_6_1.dzn
2010_solbat_sb_sb_14_14_6_3,2010/solbat/sb.mzn,2010/solbat/sb_14_14_6_3.dzn
2010_solbat_sb_sb_15_15_6_0,2010/solbat/sb.mzn,2010/solbat/sb_15_15_6_0.dzn
2010_solbat_sb_sb_15_15_6_2,2010/solbat/sb.mzn,2010/solbat/sb_15_15_6_2.dzn
2010_solbat_sb_sb_15_15_6_4,2010/solbat/sb.mzn,2010/solbat/sb_15_15_6_4.dzn
2010_solbat_sb_sb_15_15_7_0,2010/solbat/sb.mzn,2010/solbat/sb_15_15_7_0.dzn
2010_solbat_sb_sb_15_15_7_2,2010/solbat/sb.mzn,2010/solbat/sb_15_15_7_2.dzn
2010_solbat_sb_sb_15_15_7_4,2010/solbat/sb.mzn,2010/solbat/sb_15_15_7_4.dzn
2010_sugiyama_sugiyama2_g3_8_8_2,2010/sugiyama/sugiyama2.mzn,2010/sugiyama/g3_8_8_2.dzn
2010_sugiyama_sugiyama2_g3_8_8_4,2010/sugiyama/sugiyama2.mzn,2010/sugiyama/g3_8_8_4.dzn
2010_sugiyama_sugiyama2_g3_8_8_6,2010/sugiyama/sugiyama2.mzn,2010/sugiyama/g3_8_8_6.dzn
2010_sugiyama_sugiyama2_g4_7_7_7_3,2010/sugiyama/sugiyama2.mzn,2010/sugiyama/g4_7_7_7_3.dzn
2010_sugiyama_sugiyama2_g5_7_7_7_7_2,2010/sugiyama/sugiyama2.mzn,2010/sugiyama/g5_7_7_7_7_2.dzn
2010_wwtp_random_wwtpp_ex05100_2600_100,2010/wwtp_random/wwtpp.mzn,2010/wwtp_random/ex05100_2600_100.dzn
2010_wwtp_random_wwtpp_ex12300_2600_100,2010/wwtp_random/wwtpp.mzn,2010/wwtp_random/ex12300_2600_100.dzn
2010_wwtp_random_wwtpp_ex16000_2600_100,2010/wwtp_random/wwtpp.mzn,2010/wwtp_random/ex16000_2600_100.dzn
2010_wwtp_random_wwtpp_ex19500_2600_100,2010/wwtp_random/wwtpp.mzn,2010/wwtp_random/ex19500_2600_100.dzn
2010_wwtp_random_wwtpp_ex23200_2600_100,2010/wwtp_random/wwtpp.mzn,2010/wwtp_random/ex23200_2600_100.dzn
2010_wwtp_real_wwtpp_ex04240_2400_100,2010/wwtp_real/wwtpp.mzn,2010/wwtp_real/ex04240_2400_100.dzn
2010_wwtp_real_wwtpp_ex05680_2400_100,2010/wwtp_real/wwtpp.mzn,2010/wwtp_real/ex05680_2400_100.dzn
2010_wwtp_real_wwtpp_ex07120_2400_100,2010/wwtp_real/wwtpp.mzn,2010/wwtp_real/ex07120_2400_100.dzn
2010_wwtp_real_wwtpp_ex08560_2400_100,2010/wwtp_real/wwtpp.mzn,2010/wwtp_real/ex08560_2400_100.dzn
2010_wwtp_real_wwtpp_ex10000_2400_100,2010/wwtp_real/wwtpp.mzn,2010/wwtp_real/ex10000_2400_100.dzn
2011_bacp_bacp-19,2011/bacp/bacp-19.mzn,
2011_bacp_bacp-22,2011/bacp/bacp-22.mzn,
2011_bacp_bacp-24,2011/bacp/bacp-24.mzn,
2011_bacp_bacp-28,2011/bacp/bacp-28.mzn,
2011_bacp_bacp-9,2011/bacp/bacp-9.mzn,
2011_black-hole_black-hole_10,2011/black-hole/black-hole.mzn,2011/black-hole/10.dzn
2011_black-hole_black-hole_14,2011/black-hole/black-hole.mzn,2011/black-hole/14.dzn
2011_black-hole_black-hole_17,2011/black-hole/black-hole.mzn,2011/black-hole/17.dzn
2011_black-hole_black-hole_20,2011/black-hole/black-hole.mzn,2011/black-hole/20.dzn
2011_black-hole_black-hole_9,2011/black-hole/black-hole.mzn,2011/black-hole/9.dzn
2011_carpet-cutting_cc_base_mzn_rnd_test.04,2011/carpet-cutting/cc_base.mzn,2011/carpet-cutting/mzn_rnd_test.04.dzn
2011_carpet-cutting_cc_base_mzn_rnd_test.07,2011/carpet-cutting/cc_base.mzn,2011/carpet-cutting/mzn_rnd_test.07.dzn
2011_carpet-cutting_cc_base_mzn_rnd_test.08,2011/carpet-cutting/cc_base.mzn,2011/carpet-cutting/mzn_rnd_test.08.dzn
2011_carpet-cutting_cc_base_mzn_rnd_test.15,2011/carpet-cutting/cc_base.mzn,2011/carpet-cutting/mzn_rnd_test.15.dzn
2011_carpet-cutting_cc_base_mzn_rnd_test.18,2011/carpet-cutting/cc_base.mzn,2011/carpet-cutting/mzn_rnd_test.18.dzn
2011_costas-array_CostasArray_14,2011/costas-array/CostasArray.mzn,2011/costas-array/14.dzn
2011_costas-array_CostasArray_15,2011/costas-array/CostasArray.mzn,2011/costas-array/15.dzn
2011_costas-array_CostasArray_16,2011/costas-array/CostasArray.mzn,2011/costas-array/16.dzn
2011_costas-array_CostasArray_17,2011/costas-array/CostasArray.mzn,2011/costas-array/17.dzn
2011_costas-array_CostasArray_18,2011/costas-array/CostasArray.mzn,2011/costas-array/18.dzn
2011_cyclic-rcpsp_rcmsp_easy_4,2011/cyclic-rcpsp/rcmsp.mzn,2011/cyclic-rcpsp/easy_4.dzn
2011_cyclic-rcpsp_rcmsp_easy_6,2011/cyclic-rcpsp/rcmsp.mzn,2011/cyclic-rcpsp/easy_6.dzn
2011_cyclic-rcpsp_rcmsp_hard_11,2011/cyclic-rcpsp/rcmsp.mzn,2011/cyclic-rcpsp/hard_11.dzn
2011_cyclic-rcpsp_rcmsp_medium_1,2011/cyclic-rcpsp/rcmsp.mzn,2011/cyclic-rcpsp/medium_1.dzn
2011_cyclic-rcpsp_rcmsp_medium_3,2011/cyclic-rcpsp/rcmsp.mzn,2011/cyclic-rcpsp/medium_3.dzn
2011_depot-placement_depot_placement_att48_5,2011/depot-placement/depot_placement.mzn,2011/depot-placement/att48_5.dzn
2011_depot-placement_depot_placement_rat99_5,2011/depot-placement/depot_placement.mzn,2011/depot-placement/rat99_5.dzn
2011_depot-placement_depot_placement_st70_6,2011/depot-placement/depot_placement.mzn,2011/depot-placement/st70_6.dzn
2011_depot-placement_depot_placement_ts225_6,2011/depot-placement/depot_placement.mzn,2011/depot-placement/ts225_6.dzn
2011_depot-placement_depot_placement_ulysses16_5,2011/depot-placement/depot_placement.mzn,2011/depot-placement/ulysses16_5.dzn
2011_fast-food_fastfood_ff10,2011/fast-food/fastfood.mzn,2011/fast-food/ff10.dzn
2011_fast-food_fastfood_ff2,2011/fast-food/fastfood.mzn,2011/fast-food/ff2.dzn
2011_fast-food_fastfood_ff21,2011/fast-food/fastfood.mzn,2011/fast-food/ff21.dzn
2011_fast-food_fastfood_ff53,2011/fast-food/fastfood.mzn,2011/fast-food/ff53.dzn
2011_fast-food_fastfood_ff71,2011/fast-food/fastfood.mzn,2011/fast-food/ff71.dzn
2011_fillomino_fillomino_08,2011/fillomino/fillomino.mzn,2011/fillomino/08.dzn
2011_fillomino_fillomino_13,2011/fillomino/fillomino.mzn,2011/fillomino/13.dzn
2011_fillomino_fillomino_15,2011/fillomino/fillomino.mzn,2011/fillomino/15.dzn
2011_fillomino_fillomino_17,2011/fillomino/fillomino.mzn,2011/fillomino/17.dzn
2011_fillomino_fillomino_19,2011/fillomino/fillomino.mzn,2011/fillomino/19.dzn
2011_grid-colouring_GridColoring_10_10,2011/grid-colouring/GridColoring.mzn,2011/grid-colouring/10_10.dzn
2011_grid-colouring_GridColoring_12_13,2011/grid-colouring/GridColoring.mzn,2011/grid-colouring/12_13.dzn
2011_grid-colouring_GridColoring_15_16,2011/grid-colouring/GridColoring.mzn,2011/grid-colouring/15_16.dzn
2011_grid-colouring_GridColoring_5_6,2011/grid-colouring/GridColoring.mzn,2011/grid-colouring/5_6.dzn
2011_grid-colouring_GridColoring_7_8,2011/grid-colouring/GridColoring.mzn,2011/grid-colouring/7_8.dzn
2011_nonogram_non_non_awful_1,2011/nonogram/non.mzn,2011/nonogram/non_awful_1.dzn
2011_nonogram_non_non_fast_3,2011/nonogram/non.mzn,2011/nonogram/non_fast_3.dzn
2011_nonogram_non_non_fast_6,2011/nonogram/non.mzn,2011/nonogram/non_fast_6.dzn
2011_nonogram_non_non_med_1,2011/nonogram/non.mzn,2011/nonogram/non_med_1.dzn
2011_nonogram_non_non_med_3,2011/nonogram/non.mzn,2011/nonogram/non_med_3.dzn
2011_open-stacks_open_stacks_01_problem_10_20_1,2011/open-stacks/open_stacks_01.mzn,2011/open-stacks/problem_10_20_1.dzn
2011_open-stacks_open_stacks_01_problem_15_15,2011/open-stacks/open_stacks_01.mzn,2011/open-stacks/problem_15_15.dzn
2011_open-stacks_open_stacks_01_problem_30_15_1,2011/open-stacks/open_stacks_01.mzn,2011/open-stacks/problem_30_15_1.dzn
2011_open-stacks_open_stacks_01_wbo_20_20_1,2011/open-stacks/open_stacks_01.mzn,2011/open-stacks/wbo_20_20_1.dzn
2011_open-stacks_open_stacks_01_wbp_15_30_1,2011/open-stacks/open_stacks_01.mzn,2011/open-stacks/wbp_15_30_1.dzn
2011_pattern-set-mining_pattern_set_mining_german-credit-k1,2011/pattern-set-mining/pattern_set_mining.mzn,2011/pattern-set-mining/german-credit-k1.dzn
2011_pattern-set-mining_pattern_set_mining_hepatitis-k2,2011/pattern-set-mining/pattern_set_mining.mzn,2011/pattern-set-mining/hepatitis-k2.dzn
2011_pattern-set-mining_pattern_set_mining_pendigits-k1,2011/pattern-set-mining/pattern_set_mining.mzn,2011/pattern-set-mining/pendigits-k1.dzn
2011_pattern-set-mining_pattern_set_mining_sonar-k2,2011/pattern-set-mining/pattern_set_mining.mzn,2011/pattern-set-mining/sonar-k2.dzn
2011_pattern-set-mining_pattern_set_mining_vehicle-k1,2011/pattern-set-mining/pattern_set_mining.mzn,2011/pattern-set-mining/vehicle-k1.dzn
2011_pentominoes_pentominoes-int_02,2011/pentominoes/pentominoes-int.mzn,2011/pentominoes/02.dzn
2011_pentominoes_pentominoes-int_04,2011/pentominoes/pentominoes-int.mzn,2011/pentominoes/04.dzn
2011_pentominoes_pentominoes-int_05,2011/pentominoes/pentominoes-int.mzn,2011/pentominoes/05.dzn
2011_pentominoes_pentominoes-int_06,2011/pentominoes/pentominoes-int.mzn,2011/pentominoes/06.dzn
2011_pentominoes_pentominoes-int_07,2011/pentominoes/pentominoes-int.mzn,2011/pentominoes/07.dzn
2011_prize-collecting_pc_25-5-5-9,2011/prize-collecting/pc.mzn,2011/prize-collecting/25-5-5-9.dzn
2011_prize-collecting_pc_28-4-7-4,2011/prize-collecting/pc.mzn,2011/prize-collecting/28-4-7-4.dzn
2011_prize-collecting_pc_30-5-6-7,2011/prize-collecting/pc.mzn,2011/prize-collecting/30-5-6-7.dzn
2011_prize-collecting_pc_32-4-8-0,2011/prize-collecting/pc.mzn,2011/prize-collecting/32-4-8-0.dzn
2011_prize-collecting_pc_32-4-8-2,2011/prize-collecting/pc.mzn,2011/prize-collecting/32-4-8-2.dzn
2011_roster_roster_model_chicroster_dataset_10,2011/roster/roster_model.mzn,2011/roster/chicroster_dataset_10.dzn
2011_roster_roster_model_chicroster_dataset_12,2011/roster/roster_model.mzn,2011/roster/chicroster_dataset_12.dzn
2011_roster_roster_model_chicroster_dataset_large_16,2011/roster/roster_model.mzn,2011/roster/chicroster_dataset_large_16.dzn
2011_roster_roster_model_chicroster_dataset_large_18,2011/roster/roster_model.mzn,2011/roster/chicroster_dataset_large_18.dzn
2011_roster_roster_model_chicroster_dataset_large_20,2011/roster/roster_model.mzn,2011/roster/chicroster_dataset_large_20.dzn
2011_ship-schedule_ship-schedule.cp_4Ships,2011/ship-schedule/ship-schedule.cp.mzn,2011/ship-schedule/4Ships.dzn
2011_ship-schedule_ship-schedule.cp_5ShipsMixed,2011/ship-schedule/ship-schedule.cp.mzn,2011/ship-schedule/5ShipsMixed.dzn
2011_ship-schedule_ship-schedule.cp_6ShipsMixedUnconst,2011/ship-schedule/ship-schedule.cp.mzn,2011/ship-schedule/6ShipsMixedUnconst.dzn
2011_ship-schedule_ship-schedule.cp_7ShipsUnconst,2011/ship-schedule/ship-schedule.cp.mzn,2011/ship-schedule/7ShipsUnconst.dzn
2011_ship-schedule_ship-schedule.cp_8Ships,2011/ship-schedule/ship-schedule.cp.mzn,2011/ship-schedule/8Ships.dzn
2011_solbat_sb_sb_12_12_5_3,2011/solbat/sb.mzn,2011/solbat/sb_12_12_5_3.dzn
2011_solbat_sb_sb_13_13_5_1,2011/solbat/sb.mzn,2011/solbat/sb_13_13_5_1.dzn
2011_solbat_sb_sb_13_13_5_3,2011/solbat/sb.mzn,2011/solbat/sb_13_13_5_3.dzn
2011_solbat_sb_sb_14_14_6_2,2011/solbat/sb.mzn,2011/solbat/sb_14_14_6_2.dzn
2011_solbat_sb_sb_15_15_7_3,2011/solbat/sb.mzn,2011/solbat/sb_15_15_7_3.dzn
2011_table-layout_TableLayout_en-1000-1274-line521,2011/table-layout/TableLayout.mzn,2011/table-layout/en-1000-1274-line521.dzn
2011_table-layout_TableLayout_en-1000-1439-line292,2011/table-layout/TableLayout.mzn,2011/table-layout/en-1000-1439-line292.dzn
2011_table-layout_TableLayout_en-1000-1615-line479,2011/table-layout/TableLayout.mzn,2011/table-layout/en-1000-1615-line479.dzn
2011_table-layout_TableLayout_en-1250-1074-line298,2011/table-layout/TableLayout.mzn,2011/table-layout/en-1250-1074-line298.dzn
2011_table-layout_TableLayout_en-760-310-line795,2011/table-layout/TableLayout.mzn,2011/table-layout/en-760-310-line795.dzn
2011_vrp_vrp_A-n32-k5.vrp,2011/vrp/vrp.mzn,2011/vrp/A-n32-k5.vrp.dzn
2011_vrp_vrp_A-n64-k9.vrp,2011/vrp/vrp.mzn,2011/vrp/A-n64-k9.vrp.dzn
2011_vrp_vrp_B-n43-k6.vrp,2011/vrp/vrp.mzn,2011/vrp/B-n43-k6.vrp.dzn
2011_vrp_vrp_B-n56-k7.vrp,2011/vrp/vrp.mzn,2011/vrp/B-n56-k7.vrp.dzn
2011_vrp_vrp_P-n50-k10.vrp,2011/vrp/vrp.mzn,2011/vrp/P-n50-k10.vrp.dzn
2011_wwtpp-real_wwtpp_ex02840_2400_100,2011/wwtpp-real/wwtpp.mzn,2011/wwtpp-real/ex02840_2400_100.dzn
2011_wwtpp-real_wwtpp_ex04020_2400_100,2011/wwtpp-real/wwtpp.mzn,2011/wwtpp-real/ex04020_2400_100.dzn
2011_wwtpp-real_wwtpp_ex04140_2400_100,2011/wwtpp-real/wwtpp.mzn,2011/wwtpp-real/ex04140_2400_100.dzn
2011_wwtpp-real_wwtpp_ex05080_2400_100,2011/wwtpp-real/wwtpp.mzn,2011/wwtpp-real/ex05080_2400_100.dzn
2011_wwtpp-real_wwtpp_ex05160_2400_100,2011/wwtpp-real/wwtpp.mzn,2011/wwtpp-real/ex05160_2400_100.dzn
2012_amaze_amaze_2012-03-08,2012/amaze/amaze.mzn,2012/amaze/2012-03-08.dzn
2012_amaze_amaze_2012-03-15,2012/amaze/amaze.mzn,2012/amaze/2012-03-15.dzn
2012_amaze_amaze_2012-03-19,2012/amaze/amaze.mzn,2012/amaze/2012-03-19.dzn
2012_amaze_amaze_2012-06-22,2012/amaze/amaze.mzn,2012/amaze/2012-06-22.dzn
2012_amaze_amaze_2012-06-29,2012/amaze/amaze.mzn,2012/amaze/2012-06-29.dzn
2012_amaze_amaze_2012-07-04,2012/amaze/amaze.mzn,2012/amaze/2012-07-04.dzn
2012_amaze2_amaze2_2012-03-08,2012/amaze2/amaze2.mzn,2012/amaze2/2012-03-08.dzn
2012_amaze2_amaze2_2012-03-15,2012/amaze2/amaze2.mzn,2012/amaze2/2012-03-15.dzn
2012_amaze2_amaze2_2012-06-22,2012/amaze2/amaze2.mzn,2012/amaze2/2012-06-22.dzn
2012_amaze2_amaze2_2012-06-28,2012/amaze2/amaze2.mzn,2012/amaze2/2012-06-28.dzn
2012_amaze2_amaze2_2012-06-29,2012/amaze2/amaze2.mzn,2012/amaze2/2012-06-29.dzn
2012_amaze2_amaze2_2012-07-04,2012/amaze2/amaze2.mzn,2012/amaze2/2012-07-04.dzn
2012_carpet-cutting_cc_base_mzn_rnd_test.05,2012/carpet-cutting/cc_base.mzn,2012/carpet-cutting/mzn_rnd_test.05.dzn
2012_carpet-cutting_cc_base_mzn_rnd_test.10,2012/carpet-cutting/cc_base.mzn,2012/carpet-cutting/mzn_rnd_test.10.dzn
2012_carpet-cutting_cc_base_mzn_rnd_test.14,2012/carpet-cutting/cc_base.mzn,2012/carpet-cutting/mzn_rnd_test.14.dzn
2012_carpet-cutting_cc_base_mzn_rnd_test.16,2012/carpet-cutting/cc_base.mzn,2012/carpet-cutting/mzn_rnd_test.16.dzn
2012_carpet-cutting_cc_base_mzn_rnd_test.17,2012/carpet-cutting/cc_base.mzn,2012/carpet-cutting/mzn_rnd_test.17.dzn
2012_fast-food_fastfood_ff3,2012/fast-food/fastfood.mzn,2012/fast-food/ff3.dzn
2012_fast-food_fastfood_ff58,2012/fast-food/fastfood.mzn,2012/fast-food/ff58.dzn
2012_fast-food_fastfood_ff59,2012/fast-food/fastfood.mzn,2012/fast-food/ff59.dzn
2012_fast-food_fastfood_ff61,2012/fast-food/fastfood.mzn,2012/fast-food/ff61.dzn
2012_fast-food_fastfood_ff63,2012/fast-food/fastfood.mzn,2012/fast-food/ff63.dzn
2012_filters_filter_ar_1_2,2012/filters/filter.mzn,2012/filters/ar_1_2.dzn
2012_filters_filter_dct_1_1,2012/filters/filter.mzn,2012/filters/dct_1_1.dzn
2012_filters_filter_ewf_1_1,2012/filters/filter.mzn,2012/filters/ewf_1_1.dzn
2012_filters_filter_fir16_1_1,2012/filters/filter.mzn,2012/filters/fir16_1_1.dzn
2012_filters_filter_fir_1_1,2012/filters/filter.mzn,2012/filters/fir_1_1.dzn
2012_league_league_model100-21-12,2012/league/league.mzn,2012/league/model100-21-12.dzn
2012_league_league_model20-3-5,2012/league/league.mzn,2012/league/model20-3-5.dzn
2012_league_league_model30-4-6,2012/league/league.mzn,2012/league/model30-4-6.dzn
2012_league_league_model50-4-4,2012/league/league.mzn,2012/league/model50-4-4.dzn
2012_league_league_model55-3-12,2012/league/league.mzn,2012/league/model55-3-12.dzn
2012_league_league_model90-18-20,2012/league/league.mzn,2012/league/model90-18-20.dzn
2012_mspsp_mspsp_easy_01,2012/mspsp/mspsp.mzn,2012/mspsp/easy_01.dzn
2012_mspsp_mspsp_hard_01,2012/mspsp/mspsp.mzn,2012/mspsp/hard_01.dzn
2012_mspsp_mspsp_hard_03,2012/mspsp/mspsp.mzn,2012/mspsp/hard_03.dzn
2012_mspsp_mspsp_medium_02,2012/mspsp/mspsp.mzn,2012/mspsp/medium_02.dzn
2012_mspsp_mspsp_medium_03,2012/mspsp/mspsp.mzn,2012/mspsp/medium_03.dzn
2012_mspsp_mspsp_medium_05,2012/mspsp/mspsp.mzn,2012/mspsp/medium_05.dzn
2012_nonogram_non_non_awful_3,2012/nonogram/non.mzn,2012/nonogram/non_awful_3.dzn
2012_nonogram_non_non_awful_5,2012/nonogram/non.mzn,2012/nonogram/non_awful_5.dzn
2012_nonogram_non_non_fast_11,2012/nonogram/non.mzn,2012/nonogram/non_fast_11.dzn
2012_nonogram_non_non_fast_4,2012/nonogram/non.mzn,2012/nonogram/non_fast_4.dzn
2012_nonogram_non_non_fast_8,2012/nonogram/non.mzn,2012/nonogram/non_fast_8.dzn
2012_parity-learning_parity-learning_44_22_5.2,2012/parity-learning/parity-learning.mzn,2012/parity-learning/44_22_5.2.dzn
2012_parity-learning_parity-learning_44_22_5.3,2012/parity-learning/parity-learning.mzn,2012/parity-learning/44_22_5.3.dzn
2012_parity-learning_parity-learning_48_24_6.1,2012/parity-learning/parity-learning.mzn,2012/parity-learning/48_24_6.1.dzn
2012_parity-learning_parity-learning_48_24_6.2,2012/parity-learning/parity-learning.mzn,2012/parity-learning/48_24_6.2.dzn
2012_parity-learning_parity-learning_52_26_6.1,2012/parity-learning/parity-learning.mzn,2012/parity-learning/52_26_6.1.dzn
2012_parity-learning_parity-learning_52_26_6.2,2012/parity-learning/parity-learning.mzn,2012/parity-learning/52_26_6.2.dzn
2012_parity-learning_parity-learning_52_26_6.3,2012/parity-learning/parity-learning.mzn,2012/parity-learning/52_26_6.3.dzn
2012_pattern-set-mining-k1_pattern_set_mining_k1_ionosphere,2012/pattern-set-mining-k1/pattern_set_mining_k1.mzn,2012/pattern-set-mining-k1/ionosphere.dzn
2012_pattern-set-mining-k1_pattern_set_mining_k1_mushroom,2012/pattern-set-mining-k1/pattern_set_mining_k1.mzn,2012/pattern-set-mining-k1/mushroom.dzn
2012_pattern-set-mining-k2_pattern_set_mining_k2_audiology,2012/pattern-set-mining-k2/pattern_set_mining_k2.mzn,2012/pattern-set-mining-k2/audiology.dzn
2012_pattern-set-mining-k2_pattern_set_mining_k2_german-credit,2012/pattern-set-mining-k2/pattern_set_mining_k2.mzn,2012/pattern-set-mining-k2/german-credit.dzn
2012_pattern-set-mining-k2_pattern_set_mining_k2_segment,2012/pattern-set-mining-k2/pattern_set_mining_k2.mzn,2012/pattern-set-mining-k2/segment.dzn
2012_project-planning_ProjectPlannertest_12_8,2012/project-planning/ProjectPlannertest_12_8.mzn,
2012_project-planning_ProjectPlannertest_13_6,2012/project-planning/ProjectPlannertest_13_6.mzn,
2012_project-planning_ProjectPlannertest_13_8,2012/project-planning/ProjectPlannertest_13_8.mzn,
2012_project-planning_ProjectPlannertest_14_8,2012/project-planning/ProjectPlannertest_14_8.mzn,
2012_project-planning_ProjectPlannertest_16_7,2012/project-planning/ProjectPlannertest_16_7.mzn,
2012_project-planning_ProjectPlannertest_17_9,2012/project-planning/ProjectPlannertest_17_9.mzn,
2012_radiation_radiation_m06_15_15,2012/radiation/radiation.mzn,2012/radiation/m06_15_15.dzn
2012_radiation_radiation_m07_07_20,2012/radiation/radiation.mzn,2012/radiation/m07_07_20.dzn
2012_radiation_radiation_m12_10_20,2012/radiation/radiation.mzn,2012/radiation/m12_10_20.dzn
2012_radiation_radiation_m18_12_05,2012/radiation/radiation.mzn,2012/radiation/m18_12_05.dzn
2012_radiation_radiation_m40_10_02,2012/radiation/radiation.mzn,2012/radiation/m40_10_02.dzn
2012_ship-schedule_ship-schedule.cp_5Ships,2012/ship-schedule/ship-schedule.cp.mzn,2012/ship-schedule/5Ships.dzn
2012_ship-schedule_ship-schedule.cp_6ShipsMixed,2012/ship-schedule/ship-schedule.cp.mzn,2012/ship-schedule/6ShipsMixed.dzn
2012_ship-schedule_ship-schedule.cp_7ShipsMixed,2012/ship-schedule/ship-schedule.cp.mzn,2012/ship-schedule/7ShipsMixed.dzn
2012_ship-schedule_ship-schedule.cp_7ShipsMixedUnconst,2012/ship-schedule/ship-schedule.cp.mzn,2012/ship-schedule/7ShipsMixedUnconst.dzn
2012_ship-schedule_ship-schedule.cp_8ShipsUnconst,2012/ship-schedule/ship-schedule.cp.mzn,2012/ship-schedule/8ShipsUnconst.dzn
2012_solbat_sb_sb_12_12_5_1,2012/solbat/sb.mzn,2012/solbat/sb_12_12_5_1.dzn
2012_solbat_sb_sb_13_13_5_4,2012/solbat/sb.mzn,2012/solbat/sb_13_13_5_4.dzn
2012_solbat_sb_sb_14_14_6_0,2012/solbat/sb.mzn,2012/solbat/sb_14_14_6_0.dzn
2012_solbat_sb_sb_14_14_6_4,2012/solbat/sb.mzn,2012/solbat/sb_14_14_6_4.dzn
2012_solbat_sb_sb_15_15_6_3,2012/solbat/sb.mzn,2012/solbat/sb_15_15_6_3.dzn
2012_still-life-wastage_still-life_09,2012/still-life-wastage/still-life.mzn,2012/still-life-wastage/09.dzn
2012_still-life-wastage_still-life_10,2012/still-life-wastage/still-life.mzn,2012/still-life-wastage/10.dzn
2012_still-life-wastage_still-life_11,2012/still-life-wastage/still-life.mzn,2012/still-life-wastage/11.dzn
2012_still-life-wastage_still-life_12,2012/still-life-wastage/still-life.mzn,2012/still-life-wastage/12.dzn
2012_still-life-wastage_still-life_13,2012/still-life-wastage/still-life.mzn,2012/still-life-wastage/13.dzn
2012_tpp_tpp_tpp_3_3_30_1,2012/tpp/tpp.mzn,2012/tpp/tpp_3_3_30_1.dzn
2012_tpp_tpp_tpp_3_5_20_1,2012/tpp/tpp.mzn,2012/tpp/tpp_3_5_20_1.dzn
2012_tpp_tpp_tpp_5_3_20_1,2012/tpp/tpp.mzn,2012/tpp/tpp_5_3_20_1.dzn
2012_tpp_tpp_tpp_5_5_20_1,2012/tpp/tpp.mzn,2012/tpp/tpp_5_5_20_1.dzn
2012_tpp_tpp_tpp_7_3_20_1,2012/tpp/tpp.mzn,2012/tpp/tpp_7_3_20_1.dzn
2012_tpp_tpp_tpp_7_5_20_1,2012/tpp/tpp.mzn,2012/tpp/tpp_7_5_20_1.dzn
2012_tpp_tpp_tpp_7_5_30_1,2012/tpp/tpp.mzn,2012/tpp/tpp_7_5_30_1.dzn
2012_train_train_instance.12,2012/train/train.mzn,2012/train/instance.12.dzn
2012_train_train_instance.15,2012/train/train.mzn,2012/train/instance.15.dzn
2012_train_train_instance.2,2012/train/train.mzn,2012/train/instance.2.dzn
2012_train_train_instance.3,2012/train/train.mzn,2012/train/instance.3.dzn
2012_train_train_instance.6,2012/train/train.mzn,2012/train/instance.6.dzn
2012_train_train_instance.7,2012/train/train.mzn,2012/train/instance.7.dzn
2012_vrp_vrp_A-n38-k5.vrp,2012/vrp/vrp.mzn,2012/vrp/A-n38-k5.vrp.dzn
2012_vrp_vrp_A-n62-k8.vrp,2012/vrp/vrp.mzn,2012/vrp/A-n62-k8.vrp.dzn
2012_vrp_vrp_B-n51-k7.vrp,2012/vrp/vrp.mzn,2012/vrp/B-n51-k7.vrp.dzn
2012_vrp_vrp_P-n20-k2.vrp,2012/vrp/vrp.mzn,2012/vrp/P-n20-k2.vrp.dzn
2012_vrp_vrp_P-n60-k15.vrp,2012/vrp/vrp.mzn,2012/vrp/P-n60-k15.vrp.dzn
2013_black-hole_black-hole_12,2013/black-hole/black-hole.mzn,2013/black-hole/12.dzn
2013_black-hole_black-hole_16,2013/black-hole/black-hole.mzn,2013/black-hole/16.dzn
2013_black-hole_black-hole_18,2013/black-hole/black-hole.mzn,2013/black-hole/18.dzn
2013_black-hole_black-hole_4,2013/black-hole/black-hole.mzn,2013/black-hole/4.dzn
2013_black-hole_black-hole_6,2013/black-hole/black-hole.mzn,2013/black-hole/6.dzn
2013_cargo_cargo_coarsePiles_challenge04_1s_626,2013/cargo/cargo_coarsePiles.mzn,2013/cargo/challenge04_1s_626.dzn
2013_cargo_cargo_coarsePiles_challenge05_1s_954,2013/cargo/cargo_coarsePiles.mzn,2013/cargo/challenge05_1s_954.dzn
2013_cargo_cargo_coarsePiles_challenge07_1s_133,2013/cargo/cargo_coarsePiles.mzn,2013/cargo/challenge07_1s_133.dzn
2013_cargo_cargo_coarsePiles_challenge08_222f_3475,2013/cargo/cargo_coarsePiles.mzn,2013/cargo/challenge08_222f_3475.dzn
2013_cargo_cargo_coarsePiles_challenge10_15966f_2060,2013/cargo/cargo_coarsePiles.mzn,2013/cargo/challenge10_15966f_2060.dzn
2013_celar_celar_CELAR6-SUB2,2013/celar/celar.mzn,2013/celar/CELAR6-SUB2.dzn
2013_celar_celar_CELAR6-SUB3,2013/celar/celar.mzn,2013/celar/CELAR6-SUB3.dzn
2013_celar_celar_CELAR7-SUB3,2013/celar/celar.mzn,2013/celar/CELAR7-SUB3.dzn
2013_celar_celar_graph11,2013/celar/celar.mzn,2013/celar/graph11.dzn
2013_celar_celar_scen06,2013/celar/celar.mzn,2013/celar/scen06.dzn
2013_filters_filter_ar_2_3,2013/filters/filter.mzn,2013/filters/ar_2_3.dzn
2013_filters_filter_dct_2_2,2013/filters/filter.mzn,2013/filters/dct_2_2.dzn
2013_filters_filter_dfq_1_1,2013/filters/filter.mzn,2013/filters/dfq_1_1.dzn
2013_filters_filter_ewf_2_1,2013/filters/filter.mzn,2013/filters/ewf_2_1.dzn
2013_filters_filter_fir_2_3,2013/filters/filter.mzn,2013/filters/fir_2_3.dzn
2013_fjsp_fjsp_easy01,2013/fjsp/fjsp.mzn,2013/fjsp/easy01.dzn
2013_fjsp_fjsp_easy02,2013/fjsp/fjsp.mzn,2013/fjsp/easy02.dzn
2013_fjsp_fjsp_hard19,2013/fjsp/fjsp.mzn,2013/fjsp/hard19.dzn
2013_fjsp_fjsp_med04,2013/fjsp/fjsp.mzn,2013/fjsp/med04.dzn
2013_fjsp_fjsp_med10,2013/fjsp/fjsp.mzn,2013/fjsp/med10.dzn
2013_ghoulomb_ghoulomb_3-11-29,2013/ghoulomb/ghoulomb.mzn,2013/ghoulomb/3-11-29.dzn
2013_ghoulomb_ghoulomb_3-9-16,2013/ghoulomb/ghoulomb.mzn,2013/ghoulomb/3-9-16.dzn
2013_ghoulomb_ghoulomb_4-9-10,2013/ghoulomb/ghoulomb.mzn,2013/ghoulomb/4-9-10.dzn
2013_ghoulomb_ghoulomb_4-9-20,2013/ghoulomb/ghoulomb.mzn,2013/ghoulomb/4-9-20.dzn
2013_ghoulomb_ghoulomb_5-7-22,2013/ghoulomb/ghoulomb.mzn,2013/ghoulomb/5-7-22.dzn
2013_javarouting_empty,2013/javarouting/empty.mzn,
2013_javarouting_trip_6_3,2013/javarouting/trip_6_3.mzn,
2013_javarouting_trip_7_1,2013/javarouting/trip_7_1.mzn,
2013_javarouting_trip_7_2,2013/javarouting/trip_7_2.mzn,
2013_javarouting_trip_8_1,2013/javarouting/trip_8_1.mzn,
2013_javarouting_trip_8_5,2013/javarouting/trip_8_5.mzn,
2013_l2p_linear-to-program_l2p1,2013/l2p/linear-to-program.mzn,2013/l2p/l2p1.dzn
2013_l2p_linear-to-program_l2p12,2013/l2p/linear-to-program.mzn,2013/l2p/l2p12.dzn
2013_l2p_linear-to-program_l2p13,2013/l2p/linear-to-program.mzn,2013/l2p/l2p13.dzn
2013_l2p_linear-to-program_l2p16,2013/l2p/linear-to-program.mzn,2013/l2p/l2p16.dzn
2013_l2p_linear-to-program_l2p2,2013/l2p/linear-to-program.mzn,2013/l2p/l2p2.dzn
2013_league_league_model15-4-3,2013/league/league.mzn,2013/league/model15-4-3.dzn
2013_league_league_model20-5-4,2013/league/league.mzn,2013/league/model20-5-4.dzn
2013_league_league_model30-8-4,2013/league/league.mzn,2013/league/model30-8-4.dzn
2013_league_league_model40-5-11,2013/league/league.mzn,2013/league/model40-5-11.dzn
2013_league_league_model55-13-15,2013/league/league.mzn,2013/league/model55-13-15.dzn
2013_mario_mario_mario_easy_2,2013/mario/mario.mzn,2013/mario/mario_easy_2.dzn
2013_mario_mario_mario_easy_4,2013/mario/mario.mzn,2013/mario/mario_easy_4.dzn
2013_mario_mario_mario_n_medium_2,2013/mario/mario.mzn,2013/mario/mario_n_medium_2.dzn
2013_mario_mario_mario_n_medium_4,2013/mario/mario.mzn,2013/mario/mario_n_medium_4.dzn
2013_mario_mario_mario_t_hard_1,2013/mario/mario.mzn,2013/mario/mario_t_hard_1.dzn
2013_nmseq_nmseq_143,2013/nmseq/nmseq.mzn,2013/nmseq/143.dzn
2013_nmseq_nmseq_202,2013/nmseq/nmseq.mzn,2013/nmseq/202.dzn
2013_nmseq_nmseq_395,2013/nmseq/nmseq.mzn,2013/nmseq/395.dzn
2013_nmseq_nmseq_478,2013/nmseq/nmseq.mzn,2013/nmseq/478.dzn
2013_nmseq_nmseq_99,2013/nmseq/nmseq.mzn,2013/nmseq/99.dzn
2013_nonogram_non_dom_06,2013/nonogram/non.mzn,2013/nonogram/dom_06.dzn
2013_nonogram_non_dom_08,2013/nonogram/non.mzn,2013/nonogram/dom_08.dzn
2013_nonogram_non_dom_10,2013/nonogram/non.mzn,2013/nonogram/dom_10.dzn
2013_nonogram_non_dom_12,2013/nonogram/non.mzn,2013/nonogram/dom_12.dzn
2013_nonogram_non_dom_14,2013/nonogram/non.mzn,2013/nonogram/dom_14.dzn
2013_on-call-rostering_oc-roster_10s-150d,2013/on-call-rostering/oc-roster.mzn,2013/on-call-rostering/10s-150d.dzn
2013_on-call-rostering_oc-roster_10s-50d,2013/on-call-rostering/oc-roster.mzn,2013/on-call-rostering/10s-50d.dzn
2013_on-call-rostering_oc-roster_20s-200d,2013/on-call-rostering/oc-roster.mzn,2013/on-call-rostering/20s-200d.dzn
2013_on-call-rostering_oc-roster_4s-10d,2013/on-call-rostering/oc-roster.mzn,2013/on-call-rostering/4s-10d.dzn
2013_on-call-rostering_oc-roster_4s-23d,2013/on-call-rostering/oc-roster.mzn,2013/on-call-rostering/4s-23d.dzn
2013_pattern-set-mining_pattern_set_mining_anneal-k1,2013/pattern-set-mining/pattern_set_mining.mzn,2013/pattern-set-mining/anneal-k1.dzn
2013_pattern-set-mining_pattern_set_mining_hypothyroid-k1,2013/pattern-set-mining/pattern_set_mining.mzn,2013/pattern-set-mining/hypothyroid-k1.dzn
2013_pattern-set-mining_pattern_set_mining_kr-vs-kp-k2,2013/pattern-set-mining/pattern_set_mining.mzn,2013/pattern-set-mining/kr-vs-kp-k2.dzn
2013_pattern-set-mining_pattern_set_mining_splice-1-k1,2013/pattern-set-mining/pattern_set_mining.mzn,2013/pattern-set-mining/splice-1-k1.dzn
2013_pattern-set-mining_pattern_set_mining_yeast-k2,2013/pattern-set-mining/pattern_set_mining.mzn,2013/pattern-set-mining/yeast-k2.dzn
2013_pentominoes-int_pentominoes-int_02,2013/pentominoes-int/pentominoes-int.mzn,2013/pentominoes-int/02.dzn
2013_pentominoes-int_pentominoes-int_04,2013/pentominoes-int/pentominoes-int.mzn,2013/pentominoes-int/04.dzn
2013_pentominoes-int_pentominoes-int_05,2013/pentominoes-int/pentominoes-int.mzn,2013/pentominoes-int/05.dzn
2013_pentominoes-int_pentominoes-int_06,2013/pentominoes-int/pentominoes-int.mzn,2013/pentominoes-int/06.dzn
2013_pentominoes-int_pentominoes-int_07,2013/pentominoes-int/pentominoes-int.mzn,2013/pentominoes-int/07.dzn
2013_proteindesign12_wcsp_1HZ5.12p.19aa.usingEref_self,2013/proteindesign12/wcsp.mzn,2013/proteindesign12/1HZ5.12p.19aa.usingEref_self.dzn
2013_proteindesign12_wcsp_1HZ5.12p.9aa.usingEref_self,2013/proteindesign12/wcsp.mzn,2013/proteindesign12/1HZ5.12p.9aa.usingEref_self.dzn
2013_proteindesign12_wcsp_1PGB.11p.9aa.usingEref_self,2013/proteindesign12/wcsp.mzn,2013/proteindesign12/1PGB.11p.9aa.usingEref_self.dzn
2013_proteindesign12_wcsp_1UBI.13p.9aa.usingEref_self,2013/proteindesign12/wcsp.mzn,2013/proteindesign12/1UBI.13p.9aa.usingEref_self.dzn
2013_proteindesign12_wcsp_2TRX.11p.8aa.usingEref_self,2013/proteindesign12/wcsp.mzn,2013/proteindesign12/2TRX.11p.8aa.usingEref_self.dzn
2013_radiation_radiation_i6-11,2013/radiation/radiation.mzn,2013/radiation/i6-11.dzn
2013_radiation_radiation_i6-7,2013/radiation/radiation.mzn,2013/radiation/i6-7.dzn
2013_radiation_radiation_i7-15,2013/radiation/radiation.mzn,2013/radiation/i7-15.dzn
2013_radiation_radiation_i8-7,2013/radiation/radiation.mzn,2013/radiation/i8-7.dzn
2013_radiation_radiation_i9-23,2013/radiation/radiation.mzn,2013/radiation/i9-23.dzn
2013_rcpsp_rcpsp_11,2013/rcpsp/rcpsp.mzn,2013/rcpsp/11.dzn
2013_rcpsp_rcpsp_12,2013/rcpsp/rcpsp.mzn,2013/rcpsp/12.dzn
2013_rcpsp_rcpsp_13,2013/rcpsp/rcpsp.mzn,2013/rcpsp/13.dzn
2013_rcpsp_rcpsp_14,2013/rcpsp/rcpsp.mzn,2013/rcpsp/14.dzn
2013_rcpsp_rcpsp_15,2013/rcpsp/rcpsp.mzn,2013/rcpsp/15.dzn
2013_rubik_4-cube,2013/rubik/4-cube.mzn,
2013_rubik_5-cube,2013/rubik/5-cube.mzn,
2013_rubik_6-cube,2013/rubik/6-cube.mzn,
2013_rubik_7-cube,2013/rubik/7-cube.mzn,
2013_rubik_8-cube,2013/rubik/8-cube.mzn,
2013_rubik_empty,2013/rubik/empty.mzn,
2013_vrp_vrp_A-n33-k6.vrp,2013/vrp/vrp.mzn,2013/vrp/A-n33-k6.vrp.dzn
2013_vrp_vrp_A-n63-k10.vrp,2013/vrp/vrp.mzn,2013/vrp/A-n63-k10.vrp.dzn
2013_vrp_vrp_B-n52-k7.vrp,2013/vrp/vrp.mzn,2013/vrp/B-n52-k7.vrp.dzn
2013_vrp_vrp_P-n16-k8.vrp,2013/vrp/vrp.mzn,2013/vrp/P-n16-k8.vrp.dzn
2013_vrp_vrp_P-n51-k10.vrp,2013/vrp/vrp.mzn,2013/vrp/P-n51-k10.vrp.dzn
2014_amaze_amaze3_2012-04-27,2014/amaze/amaze3.mzn,2014/amaze/2012-04-27.dzn
2014_amaze_amaze3_2012-05-31,2014/amaze/amaze3.mzn,2014/amaze/2012-05-31.dzn
2014_amaze_amaze3_2012-06-15,2014/amaze/amaze3.mzn,2014/amaze/2012-06-15.dzn
2014_amaze_amaze3_mod2012-03-19,2014/amaze/amaze3.mzn,2014/amaze/mod2012-03-19.dzn
2014_amaze_amaze3_mod2012-06-22,2014/amaze/amaze3.mzn,2014/amaze/mod2012-06-22.dzn
2014_cyclic-rcpsp_rcmsp_easy_3,2014/cyclic-rcpsp/rcmsp.mzn,2014/cyclic-rcpsp/easy_3.dzn
2014_cyclic-rcpsp_rcmsp_easy_5,2014/cyclic-rcpsp/rcmsp.mzn,2014/cyclic-rcpsp/easy_5.dzn
2014_cyclic-rcpsp_rcmsp_hard_1,2014/cyclic-rcpsp/rcmsp.mzn,2014/cyclic-rcpsp/hard_1.dzn
2014_cyclic-rcpsp_rcmsp_hard_2,2014/cyclic-rcpsp/rcmsp.mzn,2014/cyclic-rcpsp/hard_2.dzn
2014_cyclic-rcpsp_rcmsp_medium_2,2014/cyclic-rcpsp/rcmsp.mzn,2014/cyclic-rcpsp/medium_2.dzn
2014_elitserien_handball_handball11,2014/elitserien/handball.mzn,2014/elitserien/handball11.dzn
2014_elitserien_handball_handball12,2014/elitserien/handball.mzn,2014/elitserien/handball12.dzn
2014_elitserien_handball_handball13,2014/elitserien/handball.mzn,2014/elitserien/handball13.dzn
2014_elitserien_handball_handball14,2014/elitserien/handball.mzn,2014/elitserien/handball14.dzn
2014_elitserien_handball_handball19,2014/elitserien/handball.mzn,2014/elitserien/handball19.dzn
2014_fillomino_fillomino_5x5_1,2014/fillomino/fillomino.mzn,2014/fillomino/5x5_1.dzn
2014_fillomino_fillomino_5x5_6,2014/fillomino/fillomino.mzn,2014/fillomino/5x5_6.dzn
2014_fillomino_fillomino_6x6_0,2014/fillomino/fillomino.mzn,2014/fillomino/6x6_0.dzn
2014_fillomino_fillomino_6x6_5,2014/fillomino/fillomino.mzn,2014/fillomino/6x6_5.dzn
2014_fillomino_fillomino_7x7_0,2014/fillomino/fillomino.mzn,2014/fillomino/7x7_0.dzn
2014_jp-encoding_jp-encoding_data100,2014/jp-encoding/jp-encoding.mzn,2014/jp-encoding/data100.dzn
2014_jp-encoding_jp-encoding_data1000,2014/jp-encoding/jp-encoding.mzn,2014/jp-encoding/data1000.dzn
2014_jp-encoding_jp-encoding_data1700,2014/jp-encoding/jp-encoding.mzn,2014/jp-encoding/data1700.dzn
2014_jp-encoding_jp-encoding_data400,2014/jp-encoding/jp-encoding.mzn,2014/jp-encoding/data400.dzn
2014_jp-encoding_jp-encoding_data800,2014/jp-encoding/jp-encoding.mzn,2014/jp-encoding/data800.dzn
2014_liner-sf-repositioning_fm3_11,2014/liner-sf-repositioning/fm3_11.mzn,
2014_liner-sf-repositioning_fm3_5,2014/liner-sf-repositioning/fm3_5.mzn,
2014_liner-sf-repositioning_tp7_0,2014/liner-sf-repositioning/tp7_0.mzn,
2014_liner-sf-repositioning_tp7_10,2014/liner-sf-repositioning/tp7_10.mzn,
2014_liner-sf-repositioning_tp7_8,2014/liner-sf-repositioning/tp7_8.mzn,
2014_mario_mario_mario_easy_5,2014/mario/mario.mzn,2014/mario/mario_easy_5.dzn
2014_mario_mario_mario_n_medium_3,2014/mario/mario.mzn,2014/mario/mario_n_medium_3.dzn
2014_mario_mario_mario_n_medium_5,2014/mario/mario.mzn,2014/mario/mario_n_medium_5.dzn
2014_mario_mario_mario_t_hard_2,2014/mario/mario.mzn,2014/mario/mario_t_hard_2.dzn
2014_mario_mario_mario_t_hard_5,2014/mario/mario.mzn,2014/mario/mario_t_hard_5.dzn
2014_mqueens_mqueens2_n11,2014/mqueens/mqueens2.mzn,2014/mqueens/n11.dzn
2014_mqueens_mqueens2_n12,2014/mqueens/mqueens2.mzn,2014/mqueens/n12.dzn
2014_mqueens_mqueens2_n13,2014/mqueens/mqueens2.mzn,2014/mqueens/n13.dzn
2014_mqueens_mqueens2_n20,2014/mqueens/mqueens2.mzn,2014/mqueens/n20.dzn
2014_mqueens_mqueens2_n31,2014/mqueens/mqueens2.mzn,2014/mqueens/n31.dzn
2014_multi-knapsack_mknapsack_mknap1-6,2014/multi-knapsack/mknapsack.mzn,2014/multi-knapsack/mknap1-6.dzn
2014_multi-knapsack_mknapsack_mknap2-1,2014/multi-knapsack/mknapsack.mzn,2014/multi-knapsack/mknap2-1.dzn
2014_multi-knapsack_mknapsack_mknap2-10,2014/multi-knapsack/mknapsack.mzn,2014/multi-knapsack/mknap2-10.dzn
2014_multi-knapsack_mknapsack_mknap2-20,2014/multi-knapsack/mknapsack.mzn,2014/multi-knapsack/mknap2-20.dzn
2014_multi-knapsack_mknapsack_mknap2-31,2014/multi-knapsack/mknapsack.mzn,2014/multi-knapsack/mknap2-31.dzn
2014_openshop_openshop_gp10-4,2014/openshop/openshop.mzn,2014/openshop/gp10-4.dzn
2014_openshop_openshop_j7per10-1,2014/openshop/openshop.mzn,2014/openshop/j7per10-1.dzn
2014_openshop_openshop_j8per0-2,2014/openshop/openshop.mzn,2014/openshop/j8per0-2.dzn
2014_openshop_openshop_tai20-4,2014/openshop/openshop.mzn,2014/openshop/tai20-4.dzn
2014_openshop_openshop_tai20-6,2014/openshop/openshop.mzn,2014/openshop/tai20-6.dzn
2014_rectangle-packing_rect_packing_rpp18_true,2014/rectangle-packing/rect_packing.mzn,2014/rectangle-packing/rpp18_true.dzn
2014_rectangle-packing_rect_packing_rpp21_false,2014/rectangle-packing/rect_packing.mzn,2014/rectangle-packing/rpp21_false.dzn
2014_rectangle-packing_rect_packing_rpp22_false,2014/rectangle-packing/rect_packing.mzn,2014/rectangle-packing/rpp22_false.dzn
2014_rectangle-packing_rect_packing_rpp23_false,2014/rectangle-packing/rect_packing.mzn,2014/rectangle-packing/rpp23_false.dzn
2014_rectangle-packing_rect_packing_rpp26_false,2014/rectangle-packing/rect_packing.mzn,2014/rectangle-packing/rpp26_false.dzn
2014_road-cons_road_naive_road_11,2014/road-cons/road_naive.mzn,2014/road-cons/road_11.dzn
2014_road-cons_road_naive_road_14,2014/road-cons/road_naive.mzn,2014/road-cons/road_14.dzn
2014_road-cons_road_naive_road_16,2014/road-cons/road_naive.mzn,2014/road-cons/road_16.dzn
2014_road-cons_road_naive_road_20,2014/road-cons/road_naive.mzn,2014/road-cons/road_20.dzn
2014_road-cons_road_naive_road_9,2014/road-cons/road_naive.mzn,2014/road-cons/road_9.dzn
2014_ship-schedule_ship-schedule.cp_3Ships,2014/ship-schedule/ship-schedule.cp.mzn,2014/ship-schedule/3Ships.dzn
2014_ship-schedule_ship-schedule.cp_6Ships,2014/ship-schedule/ship-schedule.cp.mzn,2014/ship-schedule/6Ships.dzn
2014_ship-schedule_ship-schedule.cp_7Ships,2014/ship-schedule/ship-schedule.cp.mzn,2014/ship-schedule/7Ships.dzn
2014_ship-schedule_ship-schedule.cp_8ShipsMixed,2014/ship-schedule/ship-schedule.cp.mzn,2014/ship-schedule/8ShipsMixed.dzn
2014_ship-schedule_ship-schedule.cp_8ShipsMixedUnconstr,2014/ship-schedule/ship-schedule.cp.mzn,2014/ship-schedule/8ShipsMixedUnconstr.dzn
2014_smelt_smelt_smelt_11,2014/smelt/smelt.mzn,2014/smelt/smelt_11.dzn
2014_smelt_smelt_smelt_2,2014/smelt/smelt.mzn,2014/smelt/smelt_2.dzn
2014_smelt_smelt_smelt_3,2014/smelt/smelt.mzn,2014/smelt/smelt_3.dzn
2014_smelt_smelt_smelt_4,2014/smelt/smelt.mzn,2014/smelt/smelt_4.dzn
2014_smelt_smelt_smelt_5,2014/smelt/smelt.mzn,2014/smelt/smelt_5.dzn
2014_solbat_sb_sb_13_13_5_5,2014/solbat/sb.mzn,2014/solbat/sb_13_13_5_5.dzn
2014_solbat_sb_sb_13_13_6_5,2014/solbat/sb.mzn,2014/solbat/sb_13_13_6_5.dzn
2014_solbat_sb_sb_15_15_6_1,2014/solbat/sb.mzn,2014/solbat/sb_15_15_6_1.dzn
2014_solbat_sb_sb_15_15_7_1,2014/solbat/sb.mzn,2014/solbat/sb_15_15_7_1.dzn
2014_solbat_sb_sb_15_15_7_6,2014/solbat/sb.mzn,2014/solbat/sb_15_15_7_6.dzn
2014_spot5_spot5_1502,2014/spot5/spot5.mzn,2014/spot5/1502.dzn
2014_spot5_spot5_29,2014/spot5/spot5.mzn,2014/spot5/29.dzn
2014_spot5_spot5_412,2014/spot5/spot5.mzn,2014/spot5/412.dzn
2014_spot5_spot5_42,2014/spot5/spot5.mzn,2014/spot5/42.dzn
2014_spot5_spot5_5,2014/spot5/spot5.mzn,2014/spot5/5.dzn
2014_stochastic-fjsp_fjsp-a1-s2_fjsp-t15-j3-m3-a1_det,2014/stochastic-fjsp/fjsp-a1-s2_fjsp-t15-j3-m3-a1_det.mzn,
2014_stochastic-fjsp_fjsp-a1-s3_fjsp-t20-j4-m3-a1_det,2014/stochastic-fjsp/fjsp-a1-s3_fjsp-t20-j4-m3-a1_det.mzn,
2014_stochastic-fjsp_fjsp-a1-s4_fjsp-t8-j2-m3-a1_det,2014/stochastic-fjsp/fjsp-a1-s4_fjsp-t8-j2-m3-a1_det.mzn,
2014_stochastic-fjsp_fjsp-a1-s5_fjsp-t8-j2-m3-a1_det,2014/stochastic-fjsp/fjsp-a1-s5_fjsp-t8-j2-m3-a1_det.mzn,
2014_stochastic-fjsp_fjsp-a1-s6_fjsp-t8-j2-m3-a1_det,2014/stochastic-fjsp/fjsp-a1-s6_fjsp-t8-j2-m3-a1_det.mzn,
2014_stochastic-vrp_vrp-s2-v2-c7_vrp-v2-c7_det,2014/stochastic-vrp/vrp-s2-v2-c7_vrp-v2-c7_det.mzn,
2014_stochastic-vrp_vrp-s3-v2-c6_vrp-v2-c6_det,2014/stochastic-vrp/vrp-s3-v2-c6_vrp-v2-c6_det.mzn,
2014_stochastic-vrp_vrp-s3-v2-c7_vrp-v2-c7_det,2014/stochastic-vrp/vrp-s3-v2-c7_vrp-v2-c7_det.mzn,
2014_stochastic-vrp_vrp-s4-v2-c6_vrp-v2-c6_det,2014/stochastic-vrp/vrp-s4-v2-c6_vrp-v2-c6_det.mzn,
2014_stochastic-vrp_vrp-s5-v2-c8_vrp-v2-c8_det,2014/stochastic-vrp/vrp-s5-v2-c8_vrp-v2-c8_det.mzn,
2014_train_train_instance.1,2014/train/train.mzn,2014/train/instance.1.dzn
2014_train_train_instance.13,2014/train/train.mzn,2014/train/instance.13.dzn
2014_train_train_instance.14,2014/train/train.mzn,2014/train/instance.14.dzn
2014_train_train_instance.8,2014/train/train.mzn,2014/train/instance.8.dzn
2014_train_train_instance.9,2014/train/train.mzn,2014/train/instance.9.dzn
2014_traveling-tppv_ttppv_circ14bnonbal,2014/traveling-tppv/ttppv.mzn,2014/traveling-tppv/circ14bnonbal.dzn
2014_traveling-tppv_ttppv_circ20gnonbal,2014/traveling-tppv/ttppv.mzn,2014/traveling-tppv/circ20gnonbal.dzn
2014_traveling-tppv_ttppv_circ8bbal,2014/traveling-tppv/ttppv.mzn,2014/traveling-tppv/circ8bbal.dzn
2014_traveling-tppv_ttppv_circ8cbal,2014/traveling-tppv/ttppv.mzn,2014/traveling-tppv/circ8cbal.dzn
2014_traveling-tppv_ttppv_circ8ebal,2014/traveling-tppv/ttppv.mzn,2014/traveling-tppv/circ8ebal.dzn
2015_costas-array_CostasArray_16,2015/costas-array/CostasArray.mzn,2015/costas-array/16.dzn
2015_costas-array_CostasArray_17,2015/costas-array/CostasArray.mzn,2015/costas-array/17.dzn
2015_costas-array_CostasArray_18,2015/costas-array/CostasArray.mzn,2015/costas-array/18.dzn
2015_costas-array_CostasArray_19,2015/costas-array/CostasArray.mzn,2015/costas-array/19.dzn
2015_costas-array_CostasArray_20,2015/costas-array/CostasArray.mzn,2015/costas-array/20.dzn
2015_cvrp_cvrp_A-n37-k5.vrp,2015/cvrp/cvrp.mzn,2015/cvrp/A-n37-k5.vrp.dzn
2015_cvrp_cvrp_A-n64-k9.vrp,2015/cvrp/cvrp.mzn,2015/cvrp/A-n64-k9.vrp.dzn
2015_cvrp_cvrp_B-n45-k5.vrp,2015/cvrp/cvrp.mzn,2015/cvrp/B-n45-k5.vrp.dzn
2015_cvrp_cvrp_P-n16-k8.vrp,2015/cvrp/cvrp.mzn,2015/cvrp/P-n16-k8.vrp.dzn
2015_cvrp_cvrp_simple2,2015/cvrp/cvrp.mzn,2015/cvrp/simple2.dzn
2015_freepizza_freepizza_pizza27,2015/freepizza/freepizza.mzn,2015/freepizza/pizza27.dzn
2015_freepizza_freepizza_pizza39,2015/freepizza/freepizza.mzn,2015/freepizza/pizza39.dzn
2015_freepizza_freepizza_pizza45,2015/freepizza/freepizza.mzn,2015/freepizza/pizza45.dzn
2015_freepizza_freepizza_pizza6,2015/freepizza/freepizza.mzn,2015/freepizza/pizza6.dzn
2015_freepizza_freepizza_pizza78,2015/freepizza/freepizza.mzn,2015/freepizza/pizza78.dzn
2015_gfd-schedule_gfd-schedule_n120f5d50m50k20,2015/gfd-schedule/gfd-schedule.mzn,2015/gfd-schedule/n120f5d50m50k20.dzn
2015_gfd-schedule_gfd-schedule_n180f7d50m30k18,2015/gfd-schedule/gfd-schedule.mzn,2015/gfd-schedule/n180f7d50m30k18.dzn
2015_gfd-schedule_gfd-schedule_n30f3d30m7k4,2015/gfd-schedule/gfd-schedule.mzn,2015/gfd-schedule/n30f3d30m7k4.dzn
2015_gfd-schedule_gfd-schedule_n50f7d40m10k4,2015/gfd-schedule/gfd-schedule.mzn,2015/gfd-schedule/n50f7d40m10k4.dzn
2015_gfd-schedule_gfd-schedule_n75f5d30m20k20,2015/gfd-schedule/gfd-schedule.mzn,2015/gfd-schedule/n75f5d30m20k20.dzn
2015_grid-colouring_GridColoring_10_5,2015/grid-colouring/GridColoring.mzn,2015/grid-colouring/10_5.dzn
2015_grid-colouring_GridColoring_13_11,2015/grid-colouring/GridColoring.mzn,2015/grid-colouring/13_11.dzn
2015_grid-colouring_GridColoring_19_17,2015/grid-colouring/GridColoring.mzn,2015/grid-colouring/19_17.dzn
2015_grid-colouring_GridColoring_4_11,2015/grid-colouring/GridColoring.mzn,2015/grid-colouring/4_11.dzn
2015_grid-colouring_GridColoring_4_8,2015/grid-colouring/GridColoring.mzn,2015/grid-colouring/4_8.dzn
2015_is_model_1YHXeG1xYs,2015/is/model.mzn,2015/is/1YHXeG1xYs.dzn
2015_is_model_A3PZaPjnUz,2015/is/model.mzn,2015/is/A3PZaPjnUz.dzn
2015_is_model_HgSWGJHxY5,2015/is/model.mzn,2015/is/HgSWGJHxY5.dzn
2015_is_model_jZ9pQqRxJ2,2015/is/model.mzn,2015/is/jZ9pQqRxJ2.dzn
2015_is_model_y21PnVA2Hj,2015/is/model.mzn,2015/is/y21PnVA2Hj.dzn
2015_largescheduling_largecumulative_instance-0100-1,2015/largescheduling/largecumulative.mzn,2015/largescheduling/instance-0100-1.dzn
2015_largescheduling_largecumulative_instance-0400-2,2015/largescheduling/largecumulative.mzn,2015/largescheduling/instance-0400-2.dzn
2015_largescheduling_largecumulative_instance-0800-1,2015/largescheduling/largecumulative.mzn,2015/largescheduling/instance-0800-1.dzn
2015_largescheduling_largecumulative_instance-1600-2,2015/largescheduling/largecumulative.mzn,2015/largescheduling/instance-1600-2.dzn
2015_largescheduling_largecumulative_instance-3200-3,2015/largescheduling/largecumulative.mzn,2015/largescheduling/instance-3200-3.dzn
2015_mapping_mapping_full2x2,2015/mapping/mapping.mzn,2015/mapping/full2x2.dzn
2015_mapping_mapping_mesh2x2_mpeg,2015/mapping/mapping.mzn,2015/mapping/mesh2x2_mpeg.dzn
2015_mapping_mapping_mesh3x3_2,2015/mapping/mapping.mzn,2015/mapping/mesh3x3_2.dzn
2015_mapping_mapping_mesh3x3_mpeg_2,2015/mapping/mapping.mzn,2015/mapping/mesh3x3_mpeg_2.dzn
2015_mapping_mapping_ring_2,2015/mapping/mapping.mzn,2015/mapping/ring_2.dzn
2015_multi-knapsack_mknapsack_global_mknap1-6,2015/multi-knapsack/mknapsack_global.mzn,2015/multi-knapsack/mknap1-6.dzn
2015_multi-knapsack_mknapsack_global_mknap2-1,2015/multi-knapsack/mknapsack_global.mzn,2015/multi-knapsack/mknap2-1.dzn
2015_multi-knapsack_mknapsack_global_mknap2-2,2015/multi-knapsack/mknapsack_global.mzn,2015/multi-knapsack/mknap2-2.dzn
2015_multi-knapsack_mknapsack_global_mknap2-20,2015/multi-knapsack/mknapsack_global.mzn,2015/multi-knapsack/mknap2-20.dzn
2015_multi-knapsack_mknapsack_global_mknap2-32,2015/multi-knapsack/mknapsack_global.mzn,2015/multi-knapsack/mknap2-32.dzn
2015_nmseq_nmseq_176,2015/nmseq/nmseq.mzn,2015/nmseq/176.dzn
2015_nmseq_nmseq_207,2015/nmseq/nmseq.mzn,2015/nmseq/207.dzn
2015_nmseq_nmseq_269,2015/nmseq/nmseq.mzn,2015/nmseq/269.dzn
2015_nmseq_nmseq_393,2015/nmseq/nmseq.mzn,2015/nmseq/393.dzn
2015_nmseq_nmseq_83,2015/nmseq/nmseq.mzn,2015/nmseq/83.dzn
2015_opd_opd_flener_et_al_10_350_100,2015/opd/opd.mzn,2015/opd/flener_et_al_10_350_100.dzn
2015_opd_opd_medium_10_100_30,2015/opd/opd.mzn,2015/opd/medium_10_100_30.dzn
2015_opd_opd_small_bibd_10_30_09,2015/opd/opd.mzn,2015/opd/small_bibd_10_30_09.dzn
2015_opd_opd_small_bibd_11_22_10,2015/opd/opd.mzn,2015/opd/small_bibd_11_22_10.dzn
2015_opd_opd_small_bibd_13_26_06,2015/opd/opd.mzn,2015/opd/small_bibd_13_26_06.dzn
2015_open_stacks_open_stacks_01_problem_20_20_1,2015/open_stacks/open_stacks_01.mzn,2015/open_stacks/problem_20_20_1.dzn
2015_open_stacks_open_stacks_01_problem_30_15_1,2015/open_stacks/open_stacks_01.mzn,2015/open_stacks/problem_30_15_1.dzn
2015_open_stacks_open_stacks_01_wbo_10_20_1,2015/open_stacks/open_stacks_01.mzn,2015/open_stacks/wbo_10_20_1.dzn
2015_open_stacks_open_stacks_01_wbop_15_30_1,2015/open_stacks/open_stacks_01.mzn,2015/open_stacks/wbop_15_30_1.dzn
2015_open_stacks_open_stacks_01_wbp_20_20_1,2015/open_stacks/open_stacks_01.mzn,2015/open_stacks/wbp_20_20_1.dzn
2015_p1f_p1f_12,2015/p1f/p1f.mzn,2015/p1f/12.dzn
2015_p1f_p1f_13,2015/p1f/p1f.mzn,2015/p1f/13.dzn
2015_p1f_p1f_14,2015/p1f/p1f.mzn,2015/p1f/14.dzn
2015_p1f_p1f_15,2015/p1f/p1f.mzn,2015/p1f/15.dzn
2015_p1f_p1f_17,2015/p1f/p1f.mzn,2015/p1f/17.dzn
2015_project-planning_ProjectPlannertest_12_7,2015/project-planning/ProjectPlannertest_12_7.mzn,
2015_project-planning_ProjectPlannertest_14_7,2015/project-planning/ProjectPlannertest_14_7.mzn,
2015_project-planning_ProjectPlannertest_15_6,2015/project-planning/ProjectPlannertest_15_6.mzn,
2015_project-planning_ProjectPlannertest_16_6,2015/project-planning/ProjectPlannertest_16_6.mzn,
2015_project-planning_ProjectPlannertest_16_8,2015/project-planning/ProjectPlannertest_16_8.mzn,
2015_radiation_radiation_i14-9,2015/radiation/radiation.mzn,2015/radiation/i14-9.dzn
2015_radiation_radiation_i6-11,2015/radiation/radiation.mzn,2015/radiation/i6-11.dzn
2015_radiation_radiation_i6-21,2015/radiation/radiation.mzn,2015/radiation/i6-21.dzn
2015_radiation_radiation_i7-9,2015/radiation/radiation.mzn,2015/radiation/i7-9.dzn
2015_radiation_radiation_i9-11,2015/radiation/radiation.mzn,2015/radiation/i9-11.dzn
2015_roster_roster_model_chicroster_dataset_11,2015/roster/roster_model.mzn,2015/roster/chicroster_dataset_11.dzn
2015_roster_roster_model_chicroster_dataset_17,2015/roster/roster_model.mzn,2015/roster/chicroster_dataset_17.dzn
2015_roster_roster_model_chicroster_dataset_2,2015/roster/roster_model.mzn,2015/roster/chicroster_dataset_2.dzn
2015_roster_roster_model_chicroster_dataset_5,2015/roster/roster_model.mzn,2015/roster/chicroster_dataset_5.dzn
2015_roster_roster_model_chicroster_dataset_7,2015/roster/roster_model.mzn,2015/roster/chicroster_dataset_7.dzn
2015_spot5_spot5_1401,2015/spot5/spot5.mzn,2015/spot5/1401.dzn
2015_spot5_spot5_28,2015/spot5/spot5.mzn,2015/spot5/28.dzn
2015_spot5_spot5_414,2015/spot5/spot5.mzn,2015/spot5/414.dzn
2015_spot5_spot5_503,2015/spot5/spot5.mzn,2015/spot5/503.dzn
2015_spot5_spot5_54,2015/spot5/spot5.mzn,2015/spot5/54.dzn
2015_tdtsp_tdtsp_inst_10_24_10,2015/tdtsp/tdtsp.mzn,2015/tdtsp/inst_10_24_10.dzn
2015_tdtsp_tdtsp_inst_10_34_00,2015/tdtsp/tdtsp.mzn,2015/tdtsp/inst_10_34_00.dzn
2015_tdtsp_tdtsp_inst_10_42_10,2015/tdtsp/tdtsp.mzn,2015/tdtsp/inst_10_42_10.dzn
2015_tdtsp_tdtsp_inst_20_14_10,2015/tdtsp/tdtsp.mzn,2015/tdtsp/inst_20_14_10.dzn
2015_tdtsp_tdtsp_inst_20_25_00,2015/tdtsp/tdtsp.mzn,2015/tdtsp/inst_20_25_00.dzn
2015_triangular_triangular_n10,2015/triangular/triangular.mzn,2015/triangular/n10.dzn
2015_triangular_triangular_n16,2015/triangular/triangular.mzn,2015/triangular/n16.dzn
2015_triangular_triangular_n22,2015/triangular/triangular.mzn,2015/triangular/n22.dzn
2015_triangular_triangular_n28,2015/triangular/triangular.mzn,2015/triangular/n28.dzn
2015_triangular_triangular_n37,2015/triangular/triangular.mzn,2015/triangular/n37.dzn
2015_zephyrus_zephyrus-FH-2-15,2015/zephyrus/zephyrus-FH-2-15.mzn,
2015_zephyrus_zephyrus_15_10,2015/zephyrus/zephyrus_15_10.mzn,
2015_zephyrus_zephyrus_20_20,2015/zephyrus/zephyrus_20_20.mzn,
2015_zephyrus_zephyrus_5_20,2015/zephyrus/zephyrus_5_20.mzn,
2015_zephyrus_zephyrus_5_4,2015/zephyrus/zephyrus_5_4.mzn,
2016_carpet-cutting_cc_base_mzn_rnd_test.02,2016/carpet-cutting/cc_base.mzn,2016/carpet-cutting/mzn_rnd_test.02.dzn
2016_carpet-cutting_cc_base_mzn_rnd_test.06,2016/carpet-cutting/cc_base.mzn,2016/carpet-cutting/mzn_rnd_test.06.dzn
2016_carpet-cutting_cc_base_mzn_rnd_test.11,2016/carpet-cutting/cc_base.mzn,2016/carpet-cutting/mzn_rnd_test.11.dzn
2016_carpet-cutting_cc_base_mzn_rnd_test.13,2016/carpet-cutting/cc_base.mzn,2016/carpet-cutting/mzn_rnd_test.13.dzn
2016_carpet-cutting_cc_base_mzn_rnd_test.20,2016/carpet-cutting/cc_base.mzn,2016/carpet-cutting/mzn_rnd_test.20.dzn
2016_celar_celar_CELAR6-SUB0,2016/celar/celar.mzn,2016/celar/CELAR6-SUB0.dzn
2016_celar_celar_CELAR6-SUB4,2016/celar/celar.mzn,2016/celar/CELAR6-SUB4.dzn
2016_celar_celar_CELAR7-SUB4,2016/celar/celar.mzn,2016/celar/CELAR7-SUB4.dzn
2016_celar_celar_graph05,2016/celar/celar.mzn,2016/celar/graph05.dzn
2016_celar_celar_scen07,2016/celar/celar.mzn,2016/celar/scen07.dzn
2016_cryptanalysis_step1_aes_kb128_n5_obj11,2016/cryptanalysis/step1_aes.mzn,2016/cryptanalysis/kb128_n5_obj11.dzn
2016_cryptanalysis_step1_aes_kb128_n5_obj14,2016/cryptanalysis/step1_aes.mzn,2016/cryptanalysis/kb128_n5_obj14.dzn
2016_cryptanalysis_step1_aes_kb128_n5_obj16,2016/cryptanalysis/step1_aes.mzn,2016/cryptanalysis/kb128_n5_obj16.dzn
2016_cryptanalysis_step1_aes_kb128_n5_obj17,2016/cryptanalysis/step1_aes.mzn,2016/cryptanalysis/kb128_n5_obj17.dzn
2016_cryptanalysis_step1_aes_kb192_n7_obj10,2016/cryptanalysis/step1_aes.mzn,2016/cryptanalysis/kb192_n7_obj10.dzn
2016_depot-placement_depot_placement_att48_6,2016/depot-placement/depot_placement.mzn,2016/depot-placement/att48_6.dzn
2016_depot-placement_depot_placement_rat99_5,2016/depot-placement/depot_placement.mzn,2016/depot-placement/rat99_5.dzn
2016_depot-placement_depot_placement_rat99_6,2016/depot-placement/depot_placement.mzn,2016/depot-placement/rat99_6.dzn
2016_depot-placement_depot_placement_st70_5,2016/depot-placement/depot_placement.mzn,2016/depot-placement/st70_5.dzn
2016_depot-placement_depot_placement_ulysses22_5,2016/depot-placement/depot_placement.mzn,2016/depot-placement/ulysses22_5.dzn
2016_diameterc-mst_dcmst_c_v15_a105_d7,2016/diameterc-mst/dcmst.mzn,2016/diameterc-mst/c_v15_a105_d7.dzn
2016_diameterc-mst_dcmst_c_v20_a190_d5,2016/diameterc-mst/dcmst.mzn,2016/diameterc-mst/c_v20_a190_d5.dzn
2016_diameterc-mst_dcmst_s_v20_a50_d4,2016/diameterc-mst/dcmst.mzn,2016/diameterc-mst/s_v20_a50_d4.dzn
2016_diameterc-mst_dcmst_s_v20_a50_d5,2016/diameterc-mst/dcmst.mzn,2016/diameterc-mst/s_v20_a50_d5.dzn
2016_diameterc-mst_dcmst_s_v40_a100_d5,2016/diameterc-mst/dcmst.mzn,2016/diameterc-mst/s_v40_a100_d5.dzn
2016_elitserien_handball_handball17,2016/elitserien/handball.mzn,2016/elitserien/handball17.dzn
2016_elitserien_handball_handball20,2016/elitserien/handball.mzn,2016/elitserien/handball20.dzn
2016_elitserien_handball_handball3,2016/elitserien/handball.mzn,2016/elitserien/handball3.dzn
2016_elitserien_handball_handball5,2016/elitserien/handball.mzn,2016/elitserien/handball5.dzn
2016_elitserien_handball_handball7,2016/elitserien/handball.mzn,2016/elitserien/handball7.dzn
2016_filters_filter_ar_1_3,2016/filters/filter.mzn,2016/filters/ar_1_3.dzn
2016_filters_filter_dct_1_3,2016/filters/filter.mzn,2016/filters/dct_1_3.dzn
2016_filters_filter_ewf_1_2,2016/filters/filter.mzn,2016/filters/ewf_1_2.dzn
2016_filters_filter_fir_1_3,2016/filters/filter.mzn,2016/filters/fir_1_3.dzn
2016_filters_filter_fir_1_4,2016/filters/filter.mzn,2016/filters/fir_1_4.dzn
2016_gbac_gbac_UD3-gbac,2016/gbac/gbac.mzn,2016/gbac/UD3-gbac.dzn
2016_gbac_gbac_UD5-gbac,2016/gbac/gbac.mzn,2016/gbac/UD5-gbac.dzn
2016_gbac_gbac_reduced_UD10-gbac,2016/gbac/gbac.mzn,2016/gbac/reduced_UD10-gbac.dzn
2016_gbac_gbac_reduced_UD3-gbac,2016/gbac/gbac.mzn,2016/gbac/reduced_UD3-gbac.dzn
2016_gbac_gbac_reduced_UD6-gbac,2016/gbac/gbac.mzn,2016/gbac/reduced_UD6-gbac.dzn
2016_gfd-schedule_gfd-schedule2_n180f7d50m30k18,2016/gfd-schedule/gfd-schedule2.mzn,2016/gfd-schedule/n180f7d50m30k18.dzn
2016_gfd-schedule_gfd-schedule2_n25f5d20m10k3,2016/gfd-schedule/gfd-schedule2.mzn,2016/gfd-schedule/n25f5d20m10k3.dzn
2016_gfd-schedule_gfd-schedule2_n35f5d20m10k3,2016/gfd-schedule/gfd-schedule2.mzn,2016/gfd-schedule/n35f5d20m10k3.dzn
2016_gfd-schedule_gfd-schedule2_n55f2d50m30k3,2016/gfd-schedule/gfd-schedule2.mzn,2016/gfd-schedule/n55f2d50m30k3.dzn
2016_gfd-schedule_gfd-schedule2_n60f7d50m30k10,2016/gfd-schedule/gfd-schedule2.mzn,2016/gfd-schedule/n60f7d50m30k10.dzn
2016_java-auto-gen_binpack_11,2016/java-auto-gen/binpack_11.mzn,
2016_java-auto-gen_pizza_8_3,2016/java-auto-gen/pizza_8_3.mzn,
2016_java-auto-gen_plusexample_6,2016/java-auto-gen/plusexample_6.mzn,
2016_java-auto-gen_projplan1_15_15,2016/java-auto-gen/projplan1_15_15.mzn,
2016_java-auto-gen_routing_7,2016/java-auto-gen/routing_7.mzn,
2016_mapping_mapping_mesh2x2_1,2016/mapping/mapping.mzn,2016/mapping/mesh2x2_1.dzn
2016_mapping_mapping_mesh2x2_mp3,2016/mapping/mapping.mzn,2016/mapping/mesh2x2_mp3.dzn
2016_mapping_mapping_mesh3x3_mp3,2016/mapping/mapping.mzn,2016/mapping/mesh3x3_mp3.dzn
2016_mapping_mapping_mesh4x4_1,2016/mapping/mapping.mzn,2016/mapping/mesh4x4_1.dzn
2016_mapping_mapping_ring_1,2016/mapping/mapping.mzn,2016/mapping/ring_1.dzn
2016_maximum-dag_maximum-dag_25_01,2016/maximum-dag/maximum-dag.mzn,2016/maximum-dag/25_01.dzn
2016_maximum-dag_maximum-dag_25_03,2016/maximum-dag/maximum-dag.mzn,2016/maximum-dag/25_03.dzn
2016_maximum-dag_maximum-dag_25_04,2016/maximum-dag/maximum-dag.mzn,2016/maximum-dag/25_04.dzn
2016_maximum-dag_maximum-dag_25_06,2016/maximum-dag/maximum-dag.mzn,2016/maximum-dag/25_06.dzn
2016_maximum-dag_maximum-dag_31_02,2016/maximum-dag/maximum-dag.mzn,2016/maximum-dag/31_02.dzn
2016_mrcpsp_mrcpsp_j30_15_5,2016/mrcpsp/mrcpsp.mzn,2016/mrcpsp/j30_15_5.dzn
2016_mrcpsp_mrcpsp_j30_17_10,2016/mrcpsp/mrcpsp.mzn,2016/mrcpsp/j30_17_10.dzn
2016_mrcpsp_mrcpsp_j30_1_10,2016/mrcpsp/mrcpsp.mzn,2016/mrcpsp/j30_1_10.dzn
2016_mrcpsp_mrcpsp_j30_37_4,2016/mrcpsp/mrcpsp.mzn,2016/mrcpsp/j30_37_4.dzn
2016_mrcpsp_mrcpsp_j30_53_3,2016/mrcpsp/mrcpsp.mzn,2016/mrcpsp/j30_53_3.dzn
2016_nfc_nfc_12_2_10,2016/nfc/nfc.mzn,2016/nfc/12_2_10.dzn
2016_nfc_nfc_12_2_5,2016/nfc/nfc.mzn,2016/nfc/12_2_5.dzn
2016_nfc_nfc_18_3_10,2016/nfc/nfc.mzn,2016/nfc/18_3_10.dzn
2016_nfc_nfc_18_3_5,2016/nfc/nfc.mzn,2016/nfc/18_3_5.dzn
2016_nfc_nfc_24_4_10,2016/nfc/nfc.mzn,2016/nfc/24_4_10.dzn
2016_oocsp_racks_oocsp_racks_oocsp_racks_030_e6_cc,2016/oocsp_racks/oocsp_racks.mzn,2016/oocsp_racks/oocsp_racks_030_e6_cc.dzn
2016_oocsp_racks_oocsp_racks_oocsp_racks_030_ea4_cc,2016/oocsp_racks/oocsp_racks.mzn,2016/oocsp_racks/oocsp_racks_030_ea4_cc.dzn
2016_oocsp_racks_oocsp_racks_oocsp_racks_030_f7_cc,2016/oocsp_racks/oocsp_racks.mzn,2016/oocsp_racks/oocsp_racks_030_f7_cc.dzn
2016_oocsp_racks_oocsp_racks_oocsp_racks_030_mii8,2016/oocsp_racks/oocsp_racks.mzn,2016/oocsp_racks/oocsp_racks_030_mii8.dzn
2016_oocsp_racks_oocsp_racks_oocsp_racks_100_r1,2016/oocsp_racks/oocsp_racks.mzn,2016/oocsp_racks/oocsp_racks_100_r1.dzn
2016_prize-collecting_pc_28-4-7-1,2016/prize-collecting/pc.mzn,2016/prize-collecting/28-4-7-1.dzn
2016_prize-collecting_pc_30-5-6-2,2016/prize-collecting/pc.mzn,2016/prize-collecting/30-5-6-2.dzn
2016_prize-collecting_pc_30-5-6-8,2016/prize-collecting/pc.mzn,2016/prize-collecting/30-5-6-8.dzn
2016_prize-collecting_pc_32-4-8-2,2016/prize-collecting/pc.mzn,2016/prize-collecting/32-4-8-2.dzn
2016_prize-collecting_pc_32-4-8-5,2016/prize-collecting/pc.mzn,2016/prize-collecting/32-4-8-5.dzn
2016_rcpsp-wet_rcpsp-wet_j30_27_5-wet,2016/rcpsp-wet/rcpsp-wet.mzn,2016/rcpsp-wet/j30_27_5-wet.dzn
2016_rcpsp-wet_rcpsp-wet_j30_44_8-wet,2016/rcpsp-wet/rcpsp-wet.mzn,2016/rcpsp-wet/j30_44_8-wet.dzn
2016_rcpsp-wet_rcpsp-wet_j60_36_8-wet,2016/rcpsp-wet/rcpsp-wet.mzn,2016/rcpsp-wet/j60_36_8-wet.dzn
2016_rcpsp-wet_rcpsp-wet_j90_10_10-wet,2016/rcpsp-wet/rcpsp-wet.mzn,2016/rcpsp-wet/j90_10_10-wet.dzn
2016_rcpsp-wet_rcpsp-wet_j90_19_7-wet,2016/rcpsp-wet/rcpsp-wet.mzn,2016/rcpsp-wet/j90_19_7-wet.dzn
2016_solbat_sb_sb_13_13_5_1,2016/solbat/sb.mzn,2016/solbat/sb_13_13_5_1.dzn
2016_solbat_sb_sb_13_13_5_5,2016/solbat/sb.mzn,2016/solbat/sb_13_13_5_5.dzn
2016_solbat_sb_sb_15_15_6_0,2016/solbat/sb.mzn,2016/solbat/sb_15_15_6_0.dzn
2016_solbat_sb_sb_15_15_7_3,2016/solbat/sb.mzn,2016/solbat/sb_15_15_7_3.dzn
2016_solbat_sb_sb_15_15_7_5,2016/solbat/sb.mzn,2016/solbat/sb_15_15_7_5.dzn
2016_tpp_tpp_tpp_4_5_20_1,2016/tpp/tpp.mzn,2016/tpp/tpp_4_5_20_1.dzn
2016_tpp_tpp_tpp_5_3_30_1,2016/tpp/tpp.mzn,2016/tpp/tpp_5_3_30_1.dzn
2016_tpp_tpp_tpp_6_3_20_1,2016/tpp/tpp.mzn,2016/tpp/tpp_6_3_20_1.dzn
2016_tpp_tpp_tpp_7_3_20_1,2016/tpp/tpp.mzn,2016/tpp/tpp_7_3_20_1.dzn
2016_tpp_tpp_tpp_7_3_30_1,2016/tpp/tpp.mzn,2016/tpp/tpp_7_3_30_1.dzn
2016_zephyrus_zephyrus_12__6__8__3,2016/zephyrus/zephyrus.mzn,2016/zephyrus/12__6__8__3.dzn
2016_zephyrus_zephyrus_12__8__6__3,2016/zephyrus/zephyrus.mzn,2016/zephyrus/12__8__6__3.dzn
2016_zephyrus_zephyrus_14__10__8__3,2016/zephyrus/zephyrus.mzn,2016/zephyrus/14__10__8__3.dzn
2016_zephyrus_zephyrus_14__6__8__3,2016/zephyrus/zephyrus.mzn,2016/zephyrus/14__6__8__3.dzn
2016_zephyrus_zephyrus_14__8__6__3,2016/zephyrus/zephyrus.mzn,2016/zephyrus/14__8__6__3.dzn
2017_cargo_cargo_coarsePiles_challenge01_0s_1913,2017/cargo/cargo_coarsePiles.mzn,2017/cargo/challenge01_0s_1913.dzn
2017_cargo_cargo_coarsePiles_challenge02_0s_1139,2017/cargo/cargo_coarsePiles.mzn,2017/cargo/challenge02_0s_1139.dzn
2017_cargo_cargo_coarsePiles_challenge06_1s_3927,2017/cargo/cargo_coarsePiles.mzn,2017/cargo/challenge06_1s_3927.dzn
2017_cargo_cargo_coarsePiles_challenge16_10720f_4243,2017/cargo/cargo_coarsePiles.mzn,2017/cargo/challenge16_10720f_4243.dzn
2017_cargo_cargo_coarsePiles_challenge19_31058f_2548,2017/cargo/cargo_coarsePiles.mzn,2017/cargo/challenge19_31058f_2548.dzn
2017_city-position_city-position_city-5-05,2017/city-position/city-position.mzn,2017/city-position/city-5-05.dzn
2017_city-position_city-position_city-5-06,2017/city-position/city-position.mzn,2017/city-position/city-5-06.dzn
2017_city-position_city-position_city-5-08,2017/city-position/city-position.mzn,2017/city-position/city-5-08.dzn
2017_city-position_city-position_city-7-04,2017/city-position/city-position.mzn,2017/city-position/city-7-04.dzn
2017_city-position_city-position_city-8-06,2017/city-position/city-position.mzn,2017/city-position/city-8-06.dzn
2017_community-detection_community-detection_Sampson.s10.k3,2017/community-detection/community-detection.mzn,2017/community-detection/Sampson.s10.k3.dzn
2017_community-detection_community-detection_Strike.s2.k8,2017/community-detection/community-detection.mzn,2017/community-detection/Strike.s2.k8.dzn
2017_community-detection_community-detection_Strike.s6.k5,2017/community-detection/community-detection.mzn,2017/community-detection/Strike.s6.k5.dzn
2017_community-detection_community-detection_dolphin.s62.k3,2017/community-detection/community-detection.mzn,2017/community-detection/dolphin.s62.k3.dzn
2017_community-detection_community-detection_mexican.s26.k4,2017/community-detection/community-detection.mzn,2017/community-detection/mexican.s26.k4.dzn
2017_crosswords_crossword_opt_grid-05.02_dict-55,2017/crosswords/crossword_opt.mzn,2017/crosswords/grid-05.02_dict-55.dzn
2017_crosswords_crossword_opt_grid-05.04_dict-80,2017/crosswords/crossword_opt.mzn,2017/crosswords/grid-05.04_dict-80.dzn
2017_crosswords_crossword_opt_grid-19.05_dict-80,2017/crosswords/crossword_opt.mzn,2017/crosswords/grid-19.05_dict-80.dzn
2017_crosswords_crossword_opt_grid-23.10_dict-35,2017/crosswords/crossword_opt.mzn,2017/crosswords/grid-23.10_dict-35.dzn
2017_crosswords_crossword_opt_grid-puzzle06_dict-55,2017/crosswords/crossword_opt.mzn,2017/crosswords/grid-puzzle06_dict-55.dzn
2017_gbac_gbac_UD2-gbac,2017/gbac/gbac.mzn,2017/gbac/UD2-gbac.dzn
2017_gbac_gbac_UD4-gbac,2017/gbac/gbac.mzn,2017/gbac/UD4-gbac.dzn
2017_gbac_gbac_UD5-gbac,2017/gbac/gbac.mzn,2017/gbac/UD5-gbac.dzn
2017_gbac_gbac_UD8-gbac,2017/gbac/gbac.mzn,2017/gbac/UD8-gbac.dzn
2017_gbac_gbac_reduced_UD4-gbac,2017/gbac/gbac.mzn,2017/gbac/reduced_UD4-gbac.dzn
2017_groupsplitter_group_u12g1pref0,2017/groupsplitter/group.mzn,2017/groupsplitter/u12g1pref0.dzn
2017_groupsplitter_group_u12g1pref1,2017/groupsplitter/group.mzn,2017/groupsplitter/u12g1pref1.dzn
2017_groupsplitter_group_u15g3pref2,2017/groupsplitter/group.mzn,2017/groupsplitter/u15g3pref2.dzn
2017_groupsplitter_group_u5g1pref0,2017/groupsplitter/group.mzn,2017/groupsplitter/u5g1pref0.dzn
2017_groupsplitter_group_u6g3pref0,2017/groupsplitter/group.mzn,2017/groupsplitter/u6g3pref0.dzn
2017_hrc_hrc_exp1-1-5145,2017/hrc/hrc.mzn,2017/hrc/exp1-1-5145.dzn
2017_hrc_hrc_exp1-1-5670,2017/hrc/hrc.mzn,2017/hrc/exp1-1-5670.dzn
2017_hrc_hrc_exp1-1-945,2017/hrc/hrc.mzn,2017/hrc/exp1-1-945.dzn
2017_hrc_hrc_exp2-1-4795,2017/hrc/hrc.mzn,2017/hrc/exp2-1-4795.dzn
2017_hrc_hrc_exp2-1-5180,2017/hrc/hrc.mzn,2017/hrc/exp2-1-5180.dzn
2017_jp-encoding_jp-encoding_data1400,2017/jp-encoding/jp-encoding.mzn,2017/jp-encoding/data1400.dzn
2017_jp-encoding_jp-encoding_data1900,2017/jp-encoding/jp-encoding.mzn,2017/jp-encoding/data1900.dzn
2017_jp-encoding_jp-encoding_data200,2017/jp-encoding/jp-encoding.mzn,2017/jp-encoding/data200.dzn
2017_jp-encoding_jp-encoding_data300,2017/jp-encoding/jp-encoding.mzn,2017/jp-encoding/data300.dzn
2017_jp-encoding_jp-encoding_data900,2017/jp-encoding/jp-encoding.mzn,2017/jp-encoding/data900.dzn
2017_ma-path-finding_mapf_ins_g16_p10_a10,2017/ma-path-finding/mapf.mzn,2017/ma-path-finding/ins_g16_p10_a10.dzn
2017_ma-path-finding_mapf_ins_g16_p10_a20,2017/ma-path-finding/mapf.mzn,2017/ma-path-finding/ins_g16_p10_a20.dzn
2017_ma-path-finding_mapf_ins_g16_p20_a20,2017/ma-path-finding/mapf.mzn,2017/ma-path-finding/ins_g16_p20_a20.dzn
2017_ma-path-finding_mapf_ins_g16_p20_a40,2017/ma-path-finding/mapf.mzn,2017/ma-path-finding/ins_g16_p20_a40.dzn
2017_ma-path-finding_mapf_ins_g24_p10_a05,2017/ma-path-finding/mapf.mzn,2017/ma-path-finding/ins_g24_p10_a05.dzn
2017_mario_mario_mario_medium_1,2017/mario/mario.mzn,2017/mario/mario_medium_1.dzn
2017_mario_mario_mario_medium_3,2017/mario/mario.mzn,2017/mario/mario_medium_3.dzn
2017_mario_mario_mario_medium_4,2017/mario/mario.mzn,2017/mario/mario_medium_4.dzn
2017_mario_mario_mario_medium_5,2017/mario/mario.mzn,2017/mario/mario_medium_5.dzn
2017_mario_mario_mario_n_medium_1,2017/mario/mario.mzn,2017/mario/mario_n_medium_1.dzn
2017_opd_opd_flener_et_al_15_350_100,2017/opd/opd.mzn,2017/opd/flener_et_al_15_350_100.dzn
2017_opd_opd_medium_13_250_80,2017/opd/opd.mzn,2017/opd/medium_13_250_80.dzn
2017_opd_opd_small_bibd_06_50_25,2017/opd/opd.mzn,2017/opd/small_bibd_06_50_25.dzn
2017_opd_opd_small_bibd_06_60_30,2017/opd/opd.mzn,2017/opd/small_bibd_06_60_30.dzn
2017_opd_opd_small_bibd_08_28_14,2017/opd/opd.mzn,2017/opd/small_bibd_08_28_14.dzn
2017_opt-cryptanalysis_mznc2017_aes_opt_r11,2017/opt-cryptanalysis/mznc2017_aes_opt.mzn,2017/opt-cryptanalysis/r11.dzn
2017_opt-cryptanalysis_mznc2017_aes_opt_r15,2017/opt-cryptanalysis/mznc2017_aes_opt.mzn,2017/opt-cryptanalysis/r15.dzn
2017_opt-cryptanalysis_mznc2017_aes_opt_r5,2017/opt-cryptanalysis/mznc2017_aes_opt.mzn,2017/opt-cryptanalysis/r5.dzn
2017_opt-cryptanalysis_mznc2017_aes_opt_r7,2017/opt-cryptanalysis/mznc2017_aes_opt.mzn,2017/opt-cryptanalysis/r7.dzn
2017_opt-cryptanalysis_mznc2017_aes_opt_r9,2017/opt-cryptanalysis/mznc2017_aes_opt.mzn,2017/opt-cryptanalysis/r9.dzn
2017_rcpsp-wet_rcpsp-wet_j30_1_3-wet,2017/rcpsp-wet/rcpsp-wet.mzn,2017/rcpsp-wet/j30_1_3-wet.dzn
2017_rcpsp-wet_rcpsp-wet_j30_43_10-wet,2017/rcpsp-wet/rcpsp-wet.mzn,2017/rcpsp-wet/j30_43_10-wet.dzn
2017_rcpsp-wet_rcpsp-wet_j60_19_6-wet,2017/rcpsp-wet/rcpsp-wet.mzn,2017/rcpsp-wet/j60_19_6-wet.dzn
2017_rcpsp-wet_rcpsp-wet_j60_28_3-wet,2017/rcpsp-wet/rcpsp-wet.mzn,2017/rcpsp-wet/j60_28_3-wet.dzn
2017_rcpsp-wet_rcpsp-wet_j90_48_4-wet,2017/rcpsp-wet/rcpsp-wet.mzn,2017/rcpsp-wet/j90_48_4-wet.dzn
2017_rel2onto_rel2onto_3_9,2017/rel2onto/rel2onto.mzn,2017/rel2onto/3_9.dzn
2017_rel2onto_rel2onto_5_17,2017/rel2onto/rel2onto.mzn,2017/rel2onto/5_17.dzn
2017_rel2onto_rel2onto_5_28,2017/rel2onto/rel2onto.mzn,2017/rel2onto/5_28.dzn
2017_rel2onto_rel2onto_5_5,2017/rel2onto/rel2onto.mzn,2017/rel2onto/5_5.dzn
2017_rel2onto_rel2onto_5_6,2017/rel2onto/rel2onto.mzn,2017/rel2onto/5_6.dzn
2017_road-cons_road_naive_road_17,2017/road-cons/road_naive.mzn,2017/road-cons/road_17.dzn
2017_road-cons_road_naive_road_18,2017/road-cons/road_naive.mzn,2017/road-cons/road_18.dzn
2017_road-cons_road_naive_road_25,2017/road-cons/road_naive.mzn,2017/road-cons/road_25.dzn
2017_road-cons_road_naive_road_26,2017/road-cons/road_naive.mzn,2017/road-cons/road_26.dzn
2017_road-cons_road_naive_road_33,2017/road-cons/road_naive.mzn,2017/road-cons/road_33.dzn
2017_routing-flexible_routing_GCM_0001,2017/routing-flexible/routing_GCM_0001.mzn,
2017_routing-flexible_routing_GCM_0005,2017/routing-flexible/routing_GCM_0005.mzn,
2017_routing-flexible_routing_GCM_0006,2017/routing-flexible/routing_GCM_0006.mzn,
2017_routing-flexible_routing_GCM_0007,2017/routing-flexible/routing_GCM_0007.mzn,
2017_routing-flexible_routing_GCM_0022,2017/routing-flexible/routing_GCM_0022.mzn,
2017_steelmillslab_steelmillslab_bench_13_0,2017/steelmillslab/steelmillslab.mzn,2017/steelmillslab/bench_13_0.dzn
2017_steelmillslab_steelmillslab_bench_14_1,2017/steelmillslab/steelmillslab.mzn,2017/steelmillslab/bench_14_1.dzn
2017_steelmillslab_steelmillslab_bench_15_11,2017/steelmillslab/steelmillslab.mzn,2017/steelmillslab/bench_15_11.dzn
2017_steelmillslab_steelmillslab_bench_16_10,2017/steelmillslab/steelmillslab.mzn,2017/steelmillslab/bench_16_10.dzn
2017_steelmillslab_steelmillslab_bench_19_5,2017/steelmillslab/steelmillslab.mzn,2017/steelmillslab/bench_19_5.dzn
2017_tc-graph-color_tcgc2_k10_31,2017/tc-graph-color/tcgc2.mzn,2017/tc-graph-color/k10_31.dzn
2017_tc-graph-color_tcgc2_k10_34,2017/tc-graph-color/tcgc2.mzn,2017/tc-graph-color/k10_34.dzn
2017_tc-graph-color_tcgc2_k2_42,2017/tc-graph-color/tcgc2.mzn,2017/tc-graph-color/k2_42.dzn
2017_tc-graph-color_tcgc2_k5_05,2017/tc-graph-color/tcgc2.mzn,2017/tc-graph-color/k5_05.dzn
2017_tc-graph-color_tcgc2_k9_39,2017/tc-graph-color/tcgc2.mzn,2017/tc-graph-color/k9_39.dzn
2017_tdtsp_tdtsp_inst_10_35_20,2017/tdtsp/tdtsp.mzn,2017/tdtsp/inst_10_35_20.dzn
2017_tdtsp_tdtsp_inst_10_42_00,2017/tdtsp/tdtsp.mzn,2017/tdtsp/inst_10_42_00.dzn
2017_tdtsp_tdtsp_inst_10_58_20,2017/tdtsp/tdtsp.mzn,2017/tdtsp/inst_10_58_20.dzn
2017_tdtsp_tdtsp_inst_20_26_00,2017/tdtsp/tdtsp.mzn,2017/tdtsp/inst_20_26_00.dzn
2017_tdtsp_tdtsp_inst_20_36_10,2017/tdtsp/tdtsp.mzn,2017/tdtsp/inst_20_36_10.dzn
2017_traveling-tppv_ttppv_circ14anonbal,2017/traveling-tppv/ttppv.mzn,2017/traveling-tppv/circ14anonbal.dzn
2017_traveling-tppv_ttppv_circ20hnonbal,2017/traveling-tppv/ttppv.mzn,2017/traveling-tppv/circ20hnonbal.dzn
2017_traveling-tppv_ttppv_circ20inonbal,2017/traveling-tppv/ttppv.mzn,2017/traveling-tppv/circ20inonbal.dzn
2017_traveling-tppv_ttppv_circ8abal,2017/traveling-tppv/ttppv.mzn,2017/traveling-tppv/circ8abal.dzn
2017_traveling-tppv_ttppv_circ8dbal,2017/traveling-tppv/ttppv.mzn,2017/traveling-tppv/circ8dbal.dzn
2018_cargo_cargo_coarsePiles_challenge12_1422f_1644,2018/cargo/cargo_coarsePiles.mzn,2018/cargo/challenge12_1422f_1644.dzn
2018_cargo_cargo_coarsePiles_challenge20_27613f_2435,2018/cargo/cargo_coarsePiles.mzn,2018/cargo/challenge20_27613f_2435.dzn
2018_cargo_cargo_coarsePiles_challenge22,2018/cargo/cargo_coarsePiles.mzn,2018/cargo/challenge22.dzn
2018_cargo_cargo_coarsePiles_challenge24,2018/cargo/cargo_coarsePiles.mzn,2018/cargo/challenge24.dzn
2018_cargo_cargo_coarsePiles_challenge25,2018/cargo/cargo_coarsePiles.mzn,2018/cargo/challenge25.dzn
2018_concert-hall-cap_concert-hall-cap_concert-cap.mznc2018.02,2018/concert-hall-cap/concert-hall-cap.mzn,2018/concert-hall-cap/concert-cap.mznc2018.02.dzn
2018_concert-hall-cap_concert-hall-cap_concert-cap.mznc2018.03,2018/concert-hall-cap/concert-hall-cap.mzn,2018/concert-hall-cap/concert-cap.mznc2018.03.dzn
2018_concert-hall-cap_concert-hall-cap_concert-cap.mznc2018.06,2018/concert-hall-cap/concert-hall-cap.mzn,2018/concert-hall-cap/concert-cap.mznc2018.06.dzn
2018_concert-hall-cap_concert-hall-cap_concert-cap.mznc2018.148,2018/concert-hall-cap/concert-hall-cap.mzn,2018/concert-hall-cap/concert-cap.mznc2018.148.dzn
2018_concert-hall-cap_concert-hall-cap_concert-cap.mznc2018.318,2018/concert-hall-cap/concert-hall-cap.mzn,2018/concert-hall-cap/concert-cap.mznc2018.318.dzn
2018_elitserien_handball_handball1,2018/elitserien/handball.mzn,2018/elitserien/handball1.dzn
2018_elitserien_handball_handball15,2018/elitserien/handball.mzn,2018/elitserien/handball15.dzn
2018_elitserien_handball_handball16,2018/elitserien/handball.mzn,2018/elitserien/handball16.dzn
2018_elitserien_handball_handball18,2018/elitserien/handball.mzn,2018/elitserien/handball18.dzn
2018_elitserien_handball_handball6,2018/elitserien/handball.mzn,2018/elitserien/handball6.dzn
2018_gfd-schedule_gfd-schedule2_n100f7d50m20k10,2018/gfd-schedule/gfd-schedule2.mzn,2018/gfd-schedule/n100f7d50m20k10.dzn
2018_gfd-schedule_gfd-schedule2_n200f5d50m40k6,2018/gfd-schedule/gfd-schedule2.mzn,2018/gfd-schedule/n200f5d50m40k6.dzn
2018_gfd-schedule_gfd-schedule2_n65f2d50m20k10,2018/gfd-schedule/gfd-schedule2.mzn,2018/gfd-schedule/n65f2d50m20k10.dzn
2018_gfd-schedule_gfd-schedule2_n80f7d30m7k7,2018/gfd-schedule/gfd-schedule2.mzn,2018/gfd-schedule/n80f7d30m7k7.dzn
2018_gfd-schedule_gfd-schedule2_n90f5d40m30k6,2018/gfd-schedule/gfd-schedule2.mzn,2018/gfd-schedule/n90f5d40m30k6.dzn
2018_largescheduling_largecumulative_instance-0100-4,2018/largescheduling/largecumulative.mzn,2018/largescheduling/instance-0100-4.dzn
2018_largescheduling_largecumulative_instance-0400-4,2018/largescheduling/largecumulative.mzn,2018/largescheduling/instance-0400-4.dzn
2018_largescheduling_largecumulative_instance-0800-4,2018/largescheduling/largecumulative.mzn,2018/largescheduling/instance-0800-4.dzn
2018_largescheduling_largecumulative_instance-1600-4,2018/largescheduling/largecumulative.mzn,2018/largescheduling/instance-1600-4.dzn
2018_largescheduling_largecumulative_instance-3200-4,2018/largescheduling/largecumulative.mzn,2018/largescheduling/instance-3200-4.dzn
2018_mapping_mapping_full2x2_mp3,2018/mapping/mapping.mzn,2018/mapping/full2x2_mp3.dzn
2018_mapping_mapping_mesh3x3_mp3_2,2018/mapping/mapping.mzn,2018/mapping/mesh3x3_mp3_2.dzn
2018_mapping_mapping_mesh3x3_mpeg,2018/mapping/mapping.mzn,2018/mapping/mesh3x3_mpeg.dzn
2018_mapping_mapping_mesh_star_2,2018/mapping/mapping.mzn,2018/mapping/mesh_star_2.dzn
2018_mapping_mapping_ring_mp3,2018/mapping/mapping.mzn,2018/mapping/ring_mp3.dzn
2018_neighbours_neighbours-rect_neighbours1,2018/neighbours/neighbours-rect.mzn,2018/neighbours/neighbours1.dzn
2018_neighbours_neighbours-rect_neighbours3,2018/neighbours/neighbours-rect.mzn,2018/neighbours/neighbours3.dzn
2018_neighbours_neighbours-rect_neighbours5,2018/neighbours/neighbours-rect.mzn,2018/neighbours/neighbours5.dzn
2018_neighbours_neighbours-rect_neighbours7,2018/neighbours/neighbours-rect.mzn,2018/neighbours/neighbours7.dzn
2018_neighbours_neighbours-rect_neighbours9,2018/neighbours/neighbours-rect.mzn,2018/neighbours/neighbours9.dzn
2018_on-call-rostering_oc-roster_10s-100d-C,2018/on-call-rostering/oc-roster.mzn,2018/on-call-rostering/10s-100d-C.dzn
2018_on-call-rostering_oc-roster_20s-100d-B,2018/on-call-rostering/oc-roster.mzn,2018/on-call-rostering/20s-100d-B.dzn
2018_on-call-rostering_oc-roster_2s-200d,2018/on-call-rostering/oc-roster.mzn,2018/on-call-rostering/2s-200d.dzn
2018_on-call-rostering_oc-roster_30s-400d-A,2018/on-call-rostering/oc-roster.mzn,2018/on-call-rostering/30s-400d-A.dzn
2018_on-call-rostering_oc-roster_4s-100d,2018/on-call-rostering/oc-roster.mzn,2018/on-call-rostering/4s-100d.dzn
2018_oocsp_racks_oocsp_racks_oocsp_racks_030_f7,2018/oocsp_racks/oocsp_racks.mzn,2018/oocsp_racks/oocsp_racks_030_f7.dzn
2018_oocsp_racks_oocsp_racks_oocsp_racks_030_mii8_cc,2018/oocsp_racks/oocsp_racks.mzn,2018/oocsp_racks/oocsp_racks_030_mii8_cc.dzn
2018_oocsp_racks_oocsp_racks_oocsp_racks_050_e5,2018/oocsp_racks/oocsp_racks.mzn,2018/oocsp_racks/oocsp_racks_050_e5.dzn
2018_oocsp_racks_oocsp_racks_oocsp_racks_050_r1,2018/oocsp_racks/oocsp_racks.mzn,2018/oocsp_racks/oocsp_racks_050_r1.dzn
2018_oocsp_racks_oocsp_racks_oocsp_racks_100_r1_cc,2018/oocsp_racks/oocsp_racks.mzn,2018/oocsp_racks/oocsp_racks_100_r1_cc.dzn
2018_opt-cryptanalysis_mznc2017_aes_opt_r10,2018/opt-cryptanalysis/mznc2017_aes_opt.mzn,2018/opt-cryptanalysis/r10.dzn
2018_opt-cryptanalysis_mznc2017_aes_opt_r12,2018/opt-cryptanalysis/mznc2017_aes_opt.mzn,2018/opt-cryptanalysis/r12.dzn
2018_opt-cryptanalysis_mznc2017_aes_opt_r14,2018/opt-cryptanalysis/mznc2017_aes_opt.mzn,2018/opt-cryptanalysis/r14.dzn
2018_opt-cryptanalysis_mznc2017_aes_opt_r6,2018/opt-cryptanalysis/mznc2017_aes_opt.mzn,2018/opt-cryptanalysis/r6.dzn
2018_opt-cryptanalysis_mznc2017_aes_opt_r8,2018/opt-cryptanalysis/mznc2017_aes_opt.mzn,2018/opt-cryptanalysis/r8.dzn
2018_proteindesign12_wcsp_1CM1.17p.19aa.usingEref_self,2018/proteindesign12/wcsp.mzn,2018/proteindesign12/1CM1.17p.19aa.usingEref_self.dzn
2018_proteindesign12_wcsp_1HZ5.12p.9aa.usingEref_self_x,2018/proteindesign12/wcsp.mzn,2018/proteindesign12/1HZ5.12p.9aa.usingEref_self_x.dzn
2018_proteindesign12_wcsp_1PGB.11p.9aa.usingEref_self_x,2018/proteindesign12/wcsp.mzn,2018/proteindesign12/1PGB.11p.9aa.usingEref_self_x.dzn
2018_proteindesign12_wcsp_2DHC.14p.19aa.usingEref_self,2018/proteindesign12/wcsp.mzn,2018/proteindesign12/2DHC.14p.19aa.usingEref_self.dzn
2018_proteindesign12_wcsp_2PCY.18p.8aa.usingEref_self,2018/proteindesign12/wcsp.mzn,2018/proteindesign12/2PCY.18p.8aa.usingEref_self.dzn
2018_racp_racp_j30_13_6_1.25,2018/racp/racp.mzn,2018/racp/j30_13_6_1.25.dzn
2018_racp_racp_j30_14_7_1.25,2018/racp/racp.mzn,2018/racp/j30_14_7_1.25.dzn
2018_racp_racp_j30_26_2_1.0,2018/racp/racp.mzn,2018/racp/j30_26_2_1.0.dzn
2018_racp_racp_j60_14_7_1.25,2018/racp/racp.mzn,2018/racp/j60_14_7_1.25.dzn
2018_racp_racp_j60_29_10_1.0,2018/racp/racp.mzn,2018/racp/j60_29_10_1.0.dzn
2018_rotating-workforce_rotating-workforce_Example1014,2018/rotating-workforce/rotating-workforce.mzn,2018/rotating-workforce/Example1014.dzn
2018_rotating-workforce_rotating-workforce_Example103,2018/rotating-workforce/rotating-workforce.mzn,2018/rotating-workforce/Example103.dzn
2018_rotating-workforce_rotating-workforce_Example1479,2018/rotating-workforce/rotating-workforce.mzn,2018/rotating-workforce/Example1479.dzn
2018_rotating-workforce_rotating-workforce_Example1780,2018/rotating-workforce/rotating-workforce.mzn,2018/rotating-workforce/Example1780.dzn
2018_rotating-workforce_rotating-workforce_Example593,2018/rotating-workforce/rotating-workforce.mzn,2018/rotating-workforce/Example593.dzn
2018_seat-moving_seat-moving_sm-10-12-00,2018/seat-moving/seat-moving.mzn,2018/seat-moving/sm-10-12-00.dzn
2018_seat-moving_seat-moving_sm-10-20-05,2018/seat-moving/seat-moving.mzn,2018/seat-moving/sm-10-20-05.dzn
2018_seat-moving_seat-moving_sm-15-12-00,2018/seat-moving/seat-moving.mzn,2018/seat-moving/sm-15-12-00.dzn
2018_seat-moving_seat-moving_sm-15-20-00,2018/seat-moving/seat-moving.mzn,2018/seat-moving/sm-15-20-00.dzn
2018_seat-moving_seat-moving_sm-20-20-00,2018/seat-moving/seat-moving.mzn,2018/seat-moving/sm-20-20-00.dzn
2018_soccer-computational_ecp_xIGData_22_12_22_5,2018/soccer-computational/ecp.mzn,2018/soccer-computational/xIGData_22_12_22_5.dzn
2018_soccer-computational_ecp_xIGData_22_17_16_1,2018/soccer-computational/ecp.mzn,2018/soccer-computational/xIGData_22_17_16_1.dzn
2018_soccer-computational_ecp_xIGData_24_16_14_2,2018/soccer-computational/ecp.mzn,2018/soccer-computational/xIGData_24_16_14_2.dzn
2018_soccer-computational_ecp_xIGData_26_16_20_4,2018/soccer-computational/ecp.mzn,2018/soccer-computational/xIGData_26_16_20_4.dzn
2018_soccer-computational_ecp_xIGData_28_23_9_2,2018/soccer-computational/ecp.mzn,2018/soccer-computational/xIGData_28_23_9_2.dzn
2018_steiner-tree_steiner-tree_es10fst03.stp,2018/steiner-tree/steiner-tree.mzn,2018/steiner-tree/es10fst03.stp.dzn
2018_steiner-tree_steiner-tree_es10fst10.stp,2018/steiner-tree/steiner-tree.mzn,2018/steiner-tree/es10fst10.stp.dzn
2018_steiner-tree_steiner-tree_es20fst08.stp,2018/steiner-tree/steiner-tree.mzn,2018/steiner-tree/es20fst08.stp.dzn
2018_steiner-tree_steiner-tree_es20fst09.stp,2018/steiner-tree/steiner-tree.mzn,2018/steiner-tree/es20fst09.stp.dzn
2018_steiner-tree_steiner-tree_es20fst14.stp,2018/steiner-tree/steiner-tree.mzn,2018/steiner-tree/es20fst14.stp.dzn
2018_team-assignment_model_data1_6_24,2018/team-assignment/model.mzn,2018/team-assignment/data1_6_24.dzn
2018_team-assignment_model_data2_4_15,2018/team-assignment/model.mzn,2018/team-assignment/data2_4_15.dzn
2018_team-assignment_model_data2_5_6,2018/team-assignment/model.mzn,2018/team-assignment/data2_5_6.dzn
2018_team-assignment_model_data2_6_12,2018/team-assignment/model.mzn,2018/team-assignment/data2_6_12.dzn
2018_team-assignment_model_data3_6_28,2018/team-assignment/model.mzn,2018/team-assignment/data3_6_28.dzn
2018_test-scheduling_test-scheduling_t100m10r3-2,2018/test-scheduling/test-scheduling.mzn,2018/test-scheduling/t100m10r3-2.dzn
2018_test-scheduling_test-scheduling_t30m10r10-5,2018/test-scheduling/test-scheduling.mzn,2018/test-scheduling/t30m10r10-5.dzn
2018_test-scheduling_test-scheduling_t30m10r3-15,2018/test-scheduling/test-scheduling.mzn,2018/test-scheduling/t30m10r3-15.dzn
2018_test-scheduling_test-scheduling_t500m100r10-13,2018/test-scheduling/test-scheduling.mzn,2018/test-scheduling/t500m100r10-13.dzn
2018_test-scheduling_test-scheduling_t50m10r5-6,2018/test-scheduling/test-scheduling.mzn,2018/test-scheduling/t50m10r5-6.dzn
2018_train_train_instance.10,2018/train/train.mzn,2018/train/instance.10.dzn
2018_train_train_instance.16,2018/train/train.mzn,2018/train/instance.16.dzn
2018_train_train_instance.17,2018/train/train.mzn,2018/train/instance.17.dzn
2018_train_train_instance.4,2018/train/train.mzn,2018/train/instance.4.dzn
2018_train_train_instance.5,2018/train/train.mzn,2018/train/instance.5.dzn
2018_vrplc_vrplc_service_vrplc11_5_15_s3,2018/vrplc/vrplc_service.mzn,2018/vrplc/vrplc11_5_15_s3.dzn
2018_vrplc_vrplc_service_vrplc13_11_15_s3,2018/vrplc/vrplc_service.mzn,2018/vrplc/vrplc13_11_15_s3.dzn
2018_vrplc_vrplc_service_vrplc9_5_10_s1,2018/vrplc/vrplc_service.mzn,2018/vrplc/vrplc9_5_10_s1.dzn
2018_vrplc_vrplc_service_vrplc9_5_10_s3,2018/vrplc/vrplc_service.mzn,2018/vrplc/vrplc9_5_10_s3.dzn
2018_vrplc_vrplc_service_vrplc9_5_15_s3,2018/vrplc/vrplc_service.mzn,2018/vrplc/vrplc9_5_15_s3.dzn
2019_accap_accap_accap_instance3,2019/accap/accap.mzn,2019/accap/accap_instance3.dzn
2019_accap_accap_accap_instance5,2019/accap/accap.mzn,2019/accap/accap_instance5.dzn
2019_accap_accap_accap_instance6,2019/accap/accap.mzn,2019/accap/accap_instance6.dzn
2019_accap_accap_accap_instance8,2019/accap/accap.mzn,2019/accap/accap_instance8.dzn
2019_accap_accap_accap_instance9,2019/accap/accap.mzn,2019/accap/accap_instance9.dzn
2019_amaze_amaze3_2012-03-19,2019/amaze/amaze3.mzn,2019/amaze/2012-03-19.dzn
2019_amaze_amaze3_2012-03-29,2019/amaze/amaze3.mzn,2019/amaze/2012-03-29.dzn
2019_amaze_amaze3_2012-07-13,2019/amaze/amaze3.mzn,2019/amaze/2012-07-13.dzn
2019_amaze_amaze3_2012-07-27,2019/amaze/amaze3.mzn,2019/amaze/2012-07-27.dzn
2019_amaze_amaze3_mod2012-03-29,2019/amaze/amaze3.mzn,2019/amaze/mod2012-03-29.dzn
2019_code-generator_unison_mips_gcc.cfgrtl.update_br_prob_note,2019/code-generator/unison.mzn,2019/code-generator/mips_gcc.cfgrtl.update_br_prob_note.dzn
2019_code-generator_unison_mips_gcc.function.use_return_register,2019/code-generator/unison.mzn,2019/code-generator/mips_gcc.function.use_return_register.dzn
2019_code-generator_unison_mips_gobmk.helpers.dragon_weak,2019/code-generator/unison.mzn,2019/code-generator/mips_gobmk.helpers.dragon_weak.dzn
2019_code-generator_unison_mips_gobmk.patterns.autohelperpat1114,2019/code-generator/unison.mzn,2019/code-generator/mips_gobmk.patterns.autohelperpat1114.dzn
2019_code-generator_unison_mips_mesa.shapes.auxWireBox,2019/code-generator/unison.mzn,2019/code-generator/mips_mesa.shapes.auxWireBox.dzn
2019_fox-geese-corn_foxgeesecorn_fgc_06_07_08_00,2019/fox-geese-corn/foxgeesecorn.mzn,2019/fox-geese-corn/fgc_06_07_08_00.dzn
2019_fox-geese-corn_foxgeesecorn_fgc_50_50_50_00,2019/fox-geese-corn/foxgeesecorn.mzn,2019/fox-geese-corn/fgc_50_50_50_00.dzn
2019_fox-geese-corn_foxgeesecorn_foxgeesecorn_13,2019/fox-geese-corn/foxgeesecorn.mzn,2019/fox-geese-corn/foxgeesecorn_13.dzn
2019_fox-geese-corn_foxgeesecorn_foxgeesecorn_54,2019/fox-geese-corn/foxgeesecorn.mzn,2019/fox-geese-corn/foxgeesecorn_54.dzn
2019_fox-geese-corn_foxgeesecorn_foxgeesecorn_60,2019/fox-geese-corn/foxgeesecorn.mzn,2019/fox-geese-corn/foxgeesecorn_60.dzn
2019_groupsplitter_group_u12g2pref1,2019/groupsplitter/group.mzn,2019/groupsplitter/u12g2pref1.dzn
2019_groupsplitter_group_u15g5pref0,2019/groupsplitter/group.mzn,2019/groupsplitter/u15g5pref0.dzn
2019_groupsplitter_group_u6g1pref1,2019/groupsplitter/group.mzn,2019/groupsplitter/u6g1pref1.dzn
2019_groupsplitter_group_u7g2pref1,2019/groupsplitter/group.mzn,2019/groupsplitter/u7g2pref1.dzn
2019_groupsplitter_group_u9g1pref1,2019/groupsplitter/group.mzn,2019/groupsplitter/u9g1pref1.dzn
2019_hrc_hrc_exp1-1-5110,2019/hrc/hrc.mzn,2019/hrc/exp1-1-5110.dzn
2019_hrc_hrc_exp1-1-5425,2019/hrc/hrc.mzn,2019/hrc/exp1-1-5425.dzn
2019_hrc_hrc_exp1-1-5460,2019/hrc/hrc.mzn,2019/hrc/exp1-1-5460.dzn
2019_hrc_hrc_exp2-1-5145,2019/hrc/hrc.mzn,2019/hrc/exp2-1-5145.dzn
2019_hrc_hrc_exp2-1-5600,2019/hrc/hrc.mzn,2019/hrc/exp2-1-5600.dzn
2019_kidney-exchange_ccmcp_3_20_0.25_2,2019/kidney-exchange/ccmcp.mzn,2019/kidney-exchange/3_20_0.25_2.dzn
2019_kidney-exchange_ccmcp_3_20_0.25_5,2019/kidney-exchange/ccmcp.mzn,2019/kidney-exchange/3_20_0.25_5.dzn
2019_kidney-exchange_ccmcp_3_20_0.30_5,2019/kidney-exchange/ccmcp.mzn,2019/kidney-exchange/3_20_0.30_5.dzn
2019_kidney-exchange_ccmcp_3_20_0.40_3,2019/kidney-exchange/ccmcp.mzn,2019/kidney-exchange/3_20_0.40_3.dzn
2019_kidney-exchange_ccmcp_3_25_0.20_3,2019/kidney-exchange/ccmcp.mzn,2019/kidney-exchange/3_25_0.20_3.dzn
2019_liner-sf-repositioning_fm3_0,2019/liner-sf-repositioning/fm3_0.mzn,
2019_liner-sf-repositioning_fm3_3,2019/liner-sf-repositioning/fm3_3.mzn,
2019_liner-sf-repositioning_tp7_12,2019/liner-sf-repositioning/tp7_12.mzn,
2019_liner-sf-repositioning_tp7_2,2019/liner-sf-repositioning/tp7_2.mzn,
2019_liner-sf-repositioning_tp7_4,2019/liner-sf-repositioning/tp7_4.mzn,
2019_lot-sizing_lot_sizing_cp_pigment15a.psp,2019/lot-sizing/lot_sizing_cp.mzn,2019/lot-sizing/pigment15a.psp.dzn
2019_lot-sizing_lot_sizing_cp_pigment15d.psp,2019/lot-sizing/lot_sizing_cp.mzn,2019/lot-sizing/pigment15d.psp.dzn
2019_lot-sizing_lot_sizing_cp_pigment20a.psp,2019/lot-sizing/lot_sizing_cp.mzn,2019/lot-sizing/pigment20a.psp.dzn
2019_lot-sizing_lot_sizing_cp_pigment20c.psp,2019/lot-sizing/lot_sizing_cp.mzn,2019/lot-sizing/pigment20c.psp.dzn
2019_lot-sizing_lot_sizing_cp_pigment30b.psp,2019/lot-sizing/lot_sizing_cp.mzn,2019/lot-sizing/pigment30b.psp.dzn
2019_median-string_median_string_dp_p1_15_20-1,2019/median-string/median_string_dp.mzn,2019/median-string/p1_15_20-1.dzn
2019_median-string_median_string_dp_p2_10_8-0,2019/median-string/median_string_dp.mzn,2019/median-string/p2_10_8-0.dzn
2019_median-string_median_string_dp_p2_10_8-3,2019/median-string/median_string_dp.mzn,2019/median-string/p2_10_8-3.dzn
2019_median-string_median_string_dp_p2_2_20-2,2019/median-string/median_string_dp.mzn,2019/median-string/p2_2_20-2.dzn
2019_median-string_median_string_dp_p2_4_20-0,2019/median-string/median_string_dp.mzn,2019/median-string/p2_4_20-0.dzn
2019_multi-knapsack_mknapsack_global_mknap1-5,2019/multi-knapsack/mknapsack_global.mzn,2019/multi-knapsack/mknap1-5.dzn
2019_multi-knapsack_mknapsack_global_mknap2-1,2019/multi-knapsack/mknapsack_global.mzn,2019/multi-knapsack/mknap2-1.dzn
2019_multi-knapsack_mknapsack_global_mknap2-10,2019/multi-knapsack/mknapsack_global.mzn,2019/multi-knapsack/mknap2-10.dzn
2019_multi-knapsack_mknapsack_global_mknap2-2,2019/multi-knapsack/mknapsack_global.mzn,2019/multi-knapsack/mknap2-2.dzn
2019_multi-knapsack_mknapsack_global_mknap2-40,2019/multi-knapsack/mknapsack_global.mzn,2019/multi-knapsack/mknap2-40.dzn
2019_nside_full_EASY_200_50,2019/nside/full.mzn,2019/nside/EASY_200_50.dzn
2019_nside_full_HARD_2000_500,2019/nside/full.mzn,2019/nside/HARD_2000_500.dzn
2019_nside_full_HARD_200_50,2019/nside/full.mzn,2019/nside/HARD_200_50.dzn
2019_nside_full_MEDIUM_1000_100,2019/nside/full.mzn,2019/nside/MEDIUM_1000_100.dzn
2019_nside_full_MEDIUM_200_50,2019/nside/full.mzn,2019/nside/MEDIUM_200_50.dzn
2019_ptv_pax_model_pax_period_20_1c,2019/ptv/pax_model.mzn,2019/ptv/pax_period_20_1c.dzn
2019_ptv_pax_model_pax_period_20_2b,2019/ptv/pax_model.mzn,2019/ptv/pax_period_20_2b.dzn
2019_ptv_pax_model_pax_period_20_3b,2019/ptv/pax_model.mzn,2019/ptv/pax_period_20_3b.dzn
2019_ptv_pax_model_pax_period_20_5a,2019/ptv/pax_model.mzn,2019/ptv/pax_period_20_5a.dzn
2019_ptv_pax_model_pax_period_20_5b,2019/ptv/pax_model.mzn,2019/ptv/pax_period_20_5b.dzn
2019_rcpsp-wet-diverse_rcpsp-wet-diverse_j30_27_5-wet-diverse-3,2019/rcpsp-wet-diverse/rcpsp-wet-diverse.mzn,2019/rcpsp-wet-diverse/j30_27_5-wet-diverse-3.dzn
2019_rcpsp-wet-diverse_rcpsp-wet-diverse_j30_27_5-wet-diverse-4,2019/rcpsp-wet-diverse/rcpsp-wet-diverse.mzn,2019/rcpsp-wet-diverse/j30_27_5-wet-diverse-4.dzn
2019_rcpsp-wet-diverse_rcpsp-wet-diverse_j30_44_8-wet-diverse-4,2019/rcpsp-wet-diverse/rcpsp-wet-diverse.mzn,2019/rcpsp-wet-diverse/j30_44_8-wet-diverse-4.dzn
2019_rcpsp-wet-diverse_rcpsp-wet-diverse_j60_19_6-wet-diverse-3,2019/rcpsp-wet-diverse/rcpsp-wet-diverse.mzn,2019/rcpsp-wet-diverse/j60_19_6-wet-diverse-3.dzn
2019_rcpsp-wet-diverse_rcpsp-wet-diverse_j90_48_4-wet-diverse-3,2019/rcpsp-wet-diverse/rcpsp-wet-diverse.mzn,2019/rcpsp-wet-diverse/j90_48_4-wet-diverse-3.dzn
2019_rotating-workforce_rotating-workforce_Example1174,2019/rotating-workforce/rotating-workforce.mzn,2019/rotating-workforce/Example1174.dzn
2019_rotating-workforce_rotating-workforce_Example1242,2019/rotating-workforce/rotating-workforce.mzn,2019/rotating-workforce/Example1242.dzn
2019_rotating-workforce_rotating-workforce_Example1337,2019/rotating-workforce/rotating-workforce.mzn,2019/rotating-workforce/Example1337.dzn
2019_rotating-workforce_rotating-workforce_Example1370,2019/rotating-workforce/rotating-workforce.mzn,2019/rotating-workforce/Example1370.dzn
2019_rotating-workforce_rotating-workforce_Example789,2019/rotating-workforce/rotating-workforce.mzn,2019/rotating-workforce/Example789.dzn
2019_stack-cuttingstock_stack-cutstock-cumu_d14,2019/stack-cuttingstock/stack-cutstock-cumu.mzn,2019/stack-cuttingstock/d14.dzn
2019_stack-cuttingstock_stack-cutstock-cumu_d3,2019/stack-cuttingstock/stack-cutstock-cumu.mzn,2019/stack-cuttingstock/d3.dzn
2019_stack-cuttingstock_stack-cutstock-cumu_d5,2019/stack-cuttingstock/stack-cutstock-cumu.mzn,2019/stack-cuttingstock/d5.dzn
2019_stack-cuttingstock_stack-cutstock-cumu_d7,2019/stack-cuttingstock/stack-cutstock-cumu.mzn,2019/stack-cuttingstock/d7.dzn
2019_stack-cuttingstock_stack-cutstock-cumu_d8,2019/stack-cuttingstock/stack-cutstock-cumu.mzn,2019/stack-cuttingstock/d8.dzn
2019_steelmillslab_steelmillslab_bench_17_7,2019/steelmillslab/steelmillslab.mzn,2019/steelmillslab/bench_17_7.dzn
2019_steelmillslab_steelmillslab_bench_19_6,2019/steelmillslab/steelmillslab.mzn,2019/steelmillslab/bench_19_6.dzn
2019_steelmillslab_steelmillslab_bench_20_15,2019/steelmillslab/steelmillslab.mzn,2019/steelmillslab/bench_20_15.dzn
2019_steelmillslab_steelmillslab_bench_20_8,2019/steelmillslab/steelmillslab.mzn,2019/steelmillslab/bench_20_8.dzn
2019_steelmillslab_steelmillslab_bench_2_19,2019/steelmillslab/steelmillslab.mzn,2019/steelmillslab/bench_2_19.dzn
2019_stochastic-vrp_vrp-s2-v2-c8_vrp-v2-c8_det,2019/stochastic-vrp/vrp-s2-v2-c8_vrp-v2-c8_det.mzn,
2019_stochastic-vrp_vrp-s2-v2-c9_vrp-v2-c9_det,2019/stochastic-vrp/vrp-s2-v2-c9_vrp-v2-c9_det.mzn,
2019_stochastic-vrp_vrp-s3-v2-c7_vrp-v2-c7_det,2019/stochastic-vrp/vrp-s3-v2-c7_vrp-v2-c7_det.mzn,
2019_stochastic-vrp_vrp-s4-v2-c3_svrp-v2-c3_det,2019/stochastic-vrp/vrp-s4-v2-c3_svrp-v2-c3_det.mzn,
2019_stochastic-vrp_vrp-s5-v2-c6_vrp-v2-c6_det,2019/stochastic-vrp/vrp-s5-v2-c6_vrp-v2-c6_det.mzn,
2019_triangular_triangular_n10,2019/triangular/triangular.mzn,2019/triangular/n10.dzn
2019_triangular_triangular_n17,2019/triangular/triangular.mzn,2019/triangular/n17.dzn
2019_triangular_triangular_n23,2019/triangular/triangular.mzn,2019/triangular/n23.dzn
2019_triangular_triangular_n29,2019/triangular/triangular.mzn,2019/triangular/n29.dzn
2019_triangular_triangular_n37,2019/triangular/triangular.mzn,2019/triangular/n37.dzn
2019_zephyrus_zephyrus_12__10__8__3,2019/zephyrus/zephyrus.mzn,2019/zephyrus/12__10__8__3.dzn
2019_zephyrus_zephyrus_12__6__6__3,2019/zephyrus/zephyrus.mzn,2019/zephyrus/12__6__6__3.dzn
2019_zephyrus_zephyrus_12__8__6__3,2019/zephyrus/zephyrus.mzn,2019/zephyrus/12__8__6__3.dzn
2019_zephyrus_zephyrus_14__10__6__3,2019/zephyrus/zephyrus.mzn,2019/zephyrus/14__10__6__3.dzn
2019_zephyrus_zephyrus_14__6__6__3,2019/zephyrus/zephyrus.mzn,2019/zephyrus/14__6__6__3.dzn
2020_bnn-planner_cellda_y_10s,2020/bnn-planner/cellda_y_10s.mzn,
2020_bnn-planner_inventory_4_8s,2020/bnn-planner/inventory_4_8s.mzn,
2020_bnn-planner_navigation_5x5_10s,2020/bnn-planner/navigation_5x5_10s.mzn,
2020_bnn-planner_sysadmin_4_2s,2020/bnn-planner/sysadmin_4_2s.mzn,
2020_bnn-planner_sysadmin_5_4s,2020/bnn-planner/sysadmin_5_4s.mzn,
2020_cable_tree_wiring_ctw_A031,2020/cable_tree_wiring/ctw.mzn,2020/cable_tree_wiring/A031.dzn
2020_cable_tree_wiring_ctw_A073,2020/cable_tree_wiring/ctw.mzn,2020/cable_tree_wiring/A073.dzn
2020_cable_tree_wiring_ctw_R046,2020/cable_tree_wiring/ctw.mzn,2020/cable_tree_wiring/R046.dzn
2020_cable_tree_wiring_ctw_R189,2020/cable_tree_wiring/ctw.mzn,2020/cable_tree_wiring/R189.dzn
2020_cable_tree_wiring_ctw_R196,2020/cable_tree_wiring/ctw.mzn,2020/cable_tree_wiring/R196.dzn
2020_code-generator_unison_hexagon_gcc.reload1.gen_reload,2020/code-generator/unison.mzn,2020/code-generator/hexagon_gcc.reload1.gen_reload.dzn
2020_code-generator_unison_mips_gcc.cfgbuild.control_flow_insn_p,2020/code-generator/unison.mzn,2020/code-generator/mips_gcc.cfgbuild.control_flow_insn_p.dzn
2020_code-generator_unison_mips_gcc.real.eiremain,2020/code-generator/unison.mzn,2020/code-generator/mips_gcc.real.eiremain.dzn
2020_code-generator_unison_mips_gobmk.patterns.autohelperpat508,2020/code-generator/unison.mzn,2020/code-generator/mips_gobmk.patterns.autohelperpat508.dzn
2020_code-generator_unison_mips_pgp.crypto.encryptfile,2020/code-generator/unison.mzn,2020/code-generator/mips_pgp.crypto.encryptfile.dzn
2020_collaborative-construction_macc_175,2020/collaborative-construction/macc.mzn,2020/collaborative-construction/175.dzn
2020_collaborative-construction_macc_307,2020/collaborative-construction/macc.mzn,2020/collaborative-construction/307.dzn
2020_collaborative-construction_macc_37,2020/collaborative-construction/macc.mzn,2020/collaborative-construction/37.dzn
2020_collaborative-construction_macc_455,2020/collaborative-construction/macc.mzn,2020/collaborative-construction/455.dzn
2020_collaborative-construction_macc_46,2020/collaborative-construction/macc.mzn,2020/collaborative-construction/46.dzn
2020_gbac_gbac_UD10-gbac,2020/gbac/gbac.mzn,2020/gbac/UD10-gbac.dzn
2020_gbac_gbac_UD9-gbac,2020/gbac/gbac.mzn,2020/gbac/UD9-gbac.dzn
2020_gbac_gbac_reduced_UD2-gbac,2020/gbac/gbac.mzn,2020/gbac/reduced_UD2-gbac.dzn
2020_gbac_gbac_reduced_UD5-gbac,2020/gbac/gbac.mzn,2020/gbac/reduced_UD5-gbac.dzn
2020_gbac_gbac_reduced_UD7-gbac,2020/gbac/gbac.mzn,2020/gbac/reduced_UD7-gbac.dzn
2020_hoist-benchmark_hoist-benchmark_PU_1_2_2,2020/hoist-benchmark/hoist-benchmark.mzn,2020/hoist-benchmark/PU_1_2_2.dzn
2020_hoist-benchmark_hoist-benchmark_PU_2_8_1,2020/hoist-benchmark/hoist-benchmark.mzn,2020/hoist-benchmark/PU_2_8_1.dzn
2020_hoist-benchmark_hoist-benchmark_PU_3_2_5,2020/hoist-benchmark/hoist-benchmark.mzn,2020/hoist-benchmark/PU_3_2_5.dzn
2020_hoist-benchmark_hoist-benchmark_PU_3_4_1,2020/hoist-benchmark/hoist-benchmark.mzn,2020/hoist-benchmark/PU_3_4_1.dzn
2020_hoist-benchmark_hoist-benchmark_PU_3_8_5,2020/hoist-benchmark/hoist-benchmark.mzn,2020/hoist-benchmark/PU_3_8_5.dzn
2020_is_model_A3PZaPjnUz,2020/is/model.mzn,2020/is/A3PZaPjnUz.dzn
2020_is_model_LeTaZW8Ij5,2020/is/model.mzn,2020/is/LeTaZW8Ij5.dzn
2020_is_model_Ws5Q6fhGi5,2020/is/model.mzn,2020/is/Ws5Q6fhGi5.dzn
2020_is_model_YfFfEiuCQo,2020/is/model.mzn,2020/is/YfFfEiuCQo.dzn
2020_is_model_v1HjuSBQMb,2020/is/model.mzn,2020/is/v1HjuSBQMb.dzn
2020_lot-sizing_lot_sizing_cp_pigment15b.psp,2020/lot-sizing/lot_sizing_cp.mzn,2020/lot-sizing/pigment15b.psp.dzn
2020_lot-sizing_lot_sizing_cp_pigment15c.psp,2020/lot-sizing/lot_sizing_cp.mzn,2020/lot-sizing/pigment15c.psp.dzn
2020_lot-sizing_lot_sizing_cp_pigment20b.psp,2020/lot-sizing/lot_sizing_cp.mzn,2020/lot-sizing/pigment20b.psp.dzn
2020_lot-sizing_lot_sizing_cp_pigment30a.psp,2020/lot-sizing/lot_sizing_cp.mzn,2020/lot-sizing/pigment30a.psp.dzn
2020_lot-sizing_lot_sizing_cp_pigment30c.psp,2020/lot-sizing/lot_sizing_cp.mzn,2020/lot-sizing/pigment30c.psp.dzn
2020_minimal-decision-sets_sparse_mds_australian_train5,2020/minimal-decision-sets/sparse_mds.mzn,2020/minimal-decision-sets/australian_train5.dzn
2020_minimal-decision-sets_sparse_mds_backache_train4,2020/minimal-decision-sets/sparse_mds.mzn,2020/minimal-decision-sets/backache_train4.dzn
2020_minimal-decision-sets_sparse_mds_breast-cancer_train4,2020/minimal-decision-sets/sparse_mds.mzn,2020/minimal-decision-sets/breast-cancer_train4.dzn
2020_minimal-decision-sets_sparse_mds_cleve_train5,2020/minimal-decision-sets/sparse_mds.mzn,2020/minimal-decision-sets/cleve_train5.dzn
2020_minimal-decision-sets_sparse_mds_colic_train4,2020/minimal-decision-sets/sparse_mds.mzn,2020/minimal-decision-sets/colic_train4.dzn
2020_p1f-pjs_p1f-pjs_10,2020/p1f-pjs/p1f-pjs.mzn,2020/p1f-pjs/10.dzn
2020_p1f-pjs_p1f-pjs_16,2020/p1f-pjs/p1f-pjs.mzn,2020/p1f-pjs/16.dzn
2020_p1f-pjs_p1f-pjs_17,2020/p1f-pjs/p1f-pjs.mzn,2020/p1f-pjs/17.dzn
2020_p1f-pjs_p1f-pjs_20,2020/p1f-pjs/p1f-pjs.mzn,2020/p1f-pjs/20.dzn
2020_p1f-pjs_p1f-pjs_21,2020/p1f-pjs/p1f-pjs.mzn,2020/p1f-pjs/21.dzn
2020_pentominoes_pentominoes-int_02,2020/pentominoes/pentominoes-int.mzn,2020/pentominoes/02.dzn
2020_pentominoes_pentominoes-int_04,2020/pentominoes/pentominoes-int.mzn,2020/pentominoes/04.dzn
2020_pentominoes_pentominoes-int_05,2020/pentominoes/pentominoes-int.mzn,2020/pentominoes/05.dzn
2020_pentominoes_pentominoes-int_06,2020/pentominoes/pentominoes-int.mzn,2020/pentominoes/06.dzn
2020_pentominoes_pentominoes-int_07,2020/pentominoes/pentominoes-int.mzn,2020/pentominoes/07.dzn
2020_pillars-and-planks_pillars-planks-solution_p-d10,2020/pillars-and-planks/pillars-planks-solution.mzn,2020/pillars-and-planks/p-d10.dzn
2020_pillars-and-planks_pillars-planks-solution_p-d12,2020/pillars-and-planks/pillars-planks-solution.mzn,2020/pillars-and-planks/p-d12.dzn
2020_pillars-and-planks_pillars-planks-solution_p-d17,2020/pillars-and-planks/pillars-planks-solution.mzn,2020/pillars-and-planks/p-d17.dzn
2020_pillars-and-planks_pillars-planks-solution_p-d2,2020/pillars-and-planks/pillars-planks-solution.mzn,2020/pillars-and-planks/p-d2.dzn
2020_pillars-and-planks_pillars-planks-solution_p-d7,2020/pillars-and-planks/pillars-planks-solution.mzn,2020/pillars-and-planks/p-d7.dzn
2020_racp_racp_j30_26_2_1.0,2020/racp/racp.mzn,2020/racp/j30_26_2_1.0.dzn
2020_racp_racp_j60_10_6_1.25,2020/racp/racp.mzn,2020/racp/j60_10_6_1.25.dzn
2020_racp_racp_j60_13_4_1.0,2020/racp/racp.mzn,2020/racp/j60_13_4_1.0.dzn
2020_racp_racp_j60_48_9_1.0,2020/racp/racp.mzn,2020/racp/j60_48_9_1.0.dzn
2020_racp_racp_j60_9_9_1.25,2020/racp/racp.mzn,2020/racp/j60_9_9_1.25.dzn
2020_radiation_radiation_i6-9,2020/radiation/radiation.mzn,2020/radiation/i6-9.dzn
2020_radiation_radiation_i7-21,2020/radiation/radiation.mzn,2020/radiation/i7-21.dzn
2020_radiation_radiation_i8-40,2020/radiation/radiation.mzn,2020/radiation/i8-40.dzn
2020_radiation_radiation_i8-9,2020/radiation/radiation.mzn,2020/radiation/i8-9.dzn
2020_radiation_radiation_i9-21,2020/radiation/radiation.mzn,2020/radiation/i9-21.dzn
2020_sdn-chain_model_d10n780-1,2020/sdn-chain/model.mzn,2020/sdn-chain/d10n780-1.dzn
2020_sdn-chain_model_d10n780-2,2020/sdn-chain/model.mzn,2020/sdn-chain/d10n780-2.dzn
2020_sdn-chain_model_d24n600-3,2020/sdn-chain/model.mzn,2020/sdn-chain/d24n600-3.dzn
2020_sdn-chain_model_d26n600-2,2020/sdn-chain/model.mzn,2020/sdn-chain/d26n600-2.dzn
2020_sdn-chain_model_d30n600-5,2020/sdn-chain/model.mzn,2020/sdn-chain/d30n600-5.dzn
2020_skill-allocation_skill_allocation_only_skill_allocation_mzn_1m_1,2020/skill-allocation/skill_allocation_only.mzn,2020/skill-allocation/skill_allocation_mzn_1m_1.dzn
2020_skill-allocation_skill_allocation_only_skill_allocation_mzn_2m_1,2020/skill-allocation/skill_allocation_only.mzn,2020/skill-allocation/skill_allocation_mzn_2m_1.dzn
2020_skill-allocation_skill_allocation_only_skill_allocation_mzn_2m_3,2020/skill-allocation/skill_allocation_only.mzn,2020/skill-allocation/skill_allocation_mzn_2m_3.dzn
2020_skill-allocation_skill_allocation_only_skill_allocation_mzn_2w_1,2020/skill-allocation/skill_allocation_only.mzn,2020/skill-allocation/skill_allocation_mzn_2w_1.dzn
2020_skill-allocation_skill_allocation_only_skill_allocation_mzn_3m_3,2020/skill-allocation/skill_allocation_only.mzn,2020/skill-allocation/skill_allocation_mzn_3m_3.dzn
2020_soccer-computational_ecp_xIGData_22_12_22_5,2020/soccer-computational/ecp.mzn,2020/soccer-computational/xIGData_22_12_22_5.dzn
2020_soccer-computational_ecp_xIGData_24_24_16_1,2020/soccer-computational/ecp.mzn,2020/soccer-computational/xIGData_24_24_16_1.dzn
2020_soccer-computational_ecp_xIGData_28_22_7_4,2020/soccer-computational/ecp.mzn,2020/soccer-computational/xIGData_28_22_7_4.dzn
2020_soccer-computational_ecp_xIGData_28_23_16_1,2020/soccer-computational/ecp.mzn,2020/soccer-computational/xIGData_28_23_16_1.dzn
2020_soccer-computational_ecp_xIGData_30_25_15_4,2020/soccer-computational/ecp.mzn,2020/soccer-computational/xIGData_30_25_15_4.dzn
2020_stable-goods_stable-goods-solution_s-d16,2020/stable-goods/stable-goods-solution.mzn,2020/stable-goods/s-d16.dzn
2020_stable-goods_stable-goods-solution_s-d19,2020/stable-goods/stable-goods-solution.mzn,2020/stable-goods/s-d19.dzn
2020_stable-goods_stable-goods-solution_s-d6,2020/stable-goods/stable-goods-solution.mzn,2020/stable-goods/s-d6.dzn
2020_stable-goods_stable-goods-solution_s-d7,2020/stable-goods/stable-goods-solution.mzn,2020/stable-goods/s-d7.dzn
2020_stable-goods_stable-goods-solution_s-d8,2020/stable-goods/stable-goods-solution.mzn,2020/stable-goods/s-d8.dzn
2020_tower_challenge_tower_tower_070_070_15_070-04,2020/tower_challenge/tower.mzn,2020/tower_challenge/tower_070_070_15_070-04.dzn
2020_tower_challenge_tower_tower_070_070_15_070-06,2020/tower_challenge/tower.mzn,2020/tower_challenge/tower_070_070_15_070-06.dzn
2020_tower_challenge_tower_tower_070_070_15_100-04,2020/tower_challenge/tower.mzn,2020/tower_challenge/tower_070_070_15_100-04.dzn
2020_tower_challenge_tower_tower_070_070_15_100-05,2020/tower_challenge/tower.mzn,2020/tower_challenge/tower_070_070_15_100-05.dzn
2020_tower_challenge_tower_tower_070_070_30_100-05,2020/tower_challenge/tower.mzn,2020/tower_challenge/tower_070_070_30_100-05.dzn
2020_whirlpool_whirlpool-x_d12,2020/whirlpool/whirlpool-x.mzn,2020/whirlpool/d12.dzn
2020_whirlpool_whirlpool-x_d21,2020/whirlpool/whirlpool-x.mzn,2020/whirlpool/d21.dzn
2020_whirlpool_whirlpool-x_d29,2020/whirlpool/whirlpool-x.mzn,2020/whirlpool/d29.dzn
2020_whirlpool_whirlpool-x_d30,2020/whirlpool/whirlpool-x.mzn,2020/whirlpool/d30.dzn
2020_whirlpool_whirlpool-x_d8,2020/whirlpool/whirlpool-x.mzn,2020/whirlpool/d8.dzn
2021_ATSP_atsp_instance10_0p25,2021/ATSP/atsp.mzn,2021/ATSP/instance10_0p25.dzn
2021_ATSP_atsp_instance16_0p35,2021/ATSP/atsp.mzn,2021/ATSP/instance16_0p35.dzn
2021_ATSP_atsp_instance19_0p35,2021/ATSP/atsp.mzn,2021/ATSP/instance19_0p35.dzn
2021_ATSP_atsp_instance5_0p15,2021/ATSP/atsp.mzn,2021/ATSP/instance5_0p15.dzn
2021_ATSP_atsp_instance9_0p25,2021/ATSP/atsp.mzn,2021/ATSP/instance9_0p25.dzn
2021_carpet-cutting_cc_base_mzn_rnd_test.01,2021/carpet-cutting/cc_base.mzn,2021/carpet-cutting/mzn_rnd_test.01.dzn
2021_carpet-cutting_cc_base_mzn_rnd_test.03,2021/carpet-cutting/cc_base.mzn,2021/carpet-cutting/mzn_rnd_test.03.dzn
2021_carpet-cutting_cc_base_mzn_rnd_test.09,2021/carpet-cutting/cc_base.mzn,2021/carpet-cutting/mzn_rnd_test.09.dzn
2021_carpet-cutting_cc_base_mzn_rnd_test.12,2021/carpet-cutting/cc_base.mzn,2021/carpet-cutting/mzn_rnd_test.12.dzn
2021_carpet-cutting_cc_base_mzn_rnd_test.19,2021/carpet-cutting/cc_base.mzn,2021/carpet-cutting/mzn_rnd_test.19.dzn
2021_community-detection_community-detection_rnd_n100_e1000_s50_d30_c6_p70.json,2021/community-detection/community-detection.mzn,2021/community-detection/rnd_n100_e1000_s50_d30_c6_p70.json
2021_community-detection_community-detection_rnd_n100_e5000_s500_d300_c4_p50.json,2021/community-detection/community-detection.mzn,2021/community-detection/rnd_n100_e5000_s500_d300_c4_p50.json
2021_community-detection_community-detection_rnd_n100_e50_s10_d5_c10_p30.json,2021/community-detection/community-detection.mzn,2021/community-detection/rnd_n100_e50_s10_d5_c10_p30.json
2021_community-detection_community-detection_rnd_n100_e50_s50_d30_c9_p30.json,2021/community-detection/community-detection.mzn,2021/community-detection/rnd_n100_e50_s50_d30_c9_p30.json
2021_community-detection_community-detection_rnd_n50_e2500_s10_d5_c4_p90.json,2021/community-detection/community-detection.mzn,2021/community-detection/rnd_n50_e2500_s10_d5_c4_p90.json
2021_connect_connect__0018,2021/connect/connect__0018.mzn,
2021_connect_connect__0041_02,2021/connect/connect__0041_02.mzn,
2021_connect_connect__0061,2021/connect/connect__0061.mzn,
2021_connect_connect__0083_02,2021/connect/connect__0083_02.mzn,
2021_connect_connect__0086_02,2021/connect/connect__0086_02.mzn,
2021_flowshop-workers_flowshop-workers_5stat_ex3,2021/flowshop-workers/flowshop-workers.mzn,2021/flowshop-workers/5stat_ex3.dzn
2021_flowshop-workers_flowshop-workers_5stat_ex6,2021/flowshop-workers/flowshop-workers.mzn,2021/flowshop-workers/5stat_ex6.dzn
2021_flowshop-workers_flowshop-workers_8s_ex3,2021/flowshop-workers/flowshop-workers.mzn,2021/flowshop-workers/8s_ex3.dzn
2021_flowshop-workers_flowshop-workers_ex4,2021/flowshop-workers/flowshop-workers.mzn,2021/flowshop-workers/ex4.dzn
2021_flowshop-workers_flowshop-workers_real_ex2,2021/flowshop-workers/flowshop-workers.mzn,2021/flowshop-workers/real_ex2.dzn
2021_java-routing_trip_6_2,2021/java-routing/trip_6_2.mzn,
2021_java-routing_trip_7_4,2021/java-routing/trip_7_4.mzn,
2021_java-routing_trip_7_5,2021/java-routing/trip_7_5.mzn,
2021_java-routing_trip_8_2,2021/java-routing/trip_8_2.mzn,
2021_java-routing_trip_8_3,2021/java-routing/trip_8_3.mzn,
2021_mapping_mapping_mesh2x2_2,2021/mapping/mapping.mzn,2021/mapping/mesh2x2_2.dzn
2021_mapping_mapping_mesh3x3_4,2021/mapping/mapping.mzn,2021/mapping/mesh3x3_4.dzn
2021_mapping_mapping_mesh4x4_2,2021/mapping/mapping.mzn,2021/mapping/mesh4x4_2.dzn
2021_mapping_mapping_mesh_star_mpeg,2021/mapping/mapping.mzn,2021/mapping/mesh_star_mpeg.dzn
2021_mapping_mapping_ring_3,2021/mapping/mapping.mzn,2021/mapping/ring_3.dzn
2021_monomatch_monomatch_data_n_3_percentage_0.97,2021/monomatch/monomatch.mzn,2021/monomatch/data_n_3_percentage_0.97.dzn
2021_monomatch_monomatch_data_n_4_percentage_0.75,2021/monomatch/monomatch.mzn,2021/monomatch/data_n_4_percentage_0.75.dzn
2021_monomatch_monomatch_data_n_4_percentage_0.97,2021/monomatch/monomatch.mzn,2021/monomatch/data_n_4_percentage_0.97.dzn
2021_monomatch_monomatch_data_n_5_percentage_0.5,2021/monomatch/monomatch.mzn,2021/monomatch/data_n_5_percentage_0.5.dzn
2021_monomatch_monomatch_data_n_6_percentage_0.5,2021/monomatch/monomatch.mzn,2021/monomatch/data_n_6_percentage_0.5.dzn
2021_neighbours_neighbours-rect_neightbours-new-14,2021/neighbours/neighbours-rect.mzn,2021/neighbours/neightbours-new-14.dzn
2021_neighbours_neighbours-rect_neightbours-new-17,2021/neighbours/neighbours-rect.mzn,2021/neighbours/neightbours-new-17.dzn
2021_neighbours_neighbours-rect_neightbours-new-19,2021/neighbours/neighbours-rect.mzn,2021/neighbours/neightbours-new-19.dzn
2021_neighbours_neighbours-rect_neightbours-new-20,2021/neighbours/neighbours-rect.mzn,2021/neighbours/neightbours-new-20.dzn
2021_neighbours_neighbours-rect_neightbours-new-4,2021/neighbours/neighbours-rect.mzn,2021/neighbours/neightbours-new-4.dzn
2021_opt-cryptoanalysis_mznc2017_aes_opt_r1,2021/opt-cryptoanalysis/mznc2017_aes_opt.mzn,2021/opt-cryptoanalysis/r1.dzn
2021_opt-cryptoanalysis_mznc2017_aes_opt_r13,2021/opt-cryptoanalysis/mznc2017_aes_opt.mzn,2021/opt-cryptoanalysis/r13.dzn
2021_opt-cryptoanalysis_mznc2017_aes_opt_r2,2021/opt-cryptoanalysis/mznc2017_aes_opt.mzn,2021/opt-cryptoanalysis/r2.dzn
2021_opt-cryptoanalysis_mznc2017_aes_opt_r3,2021/opt-cryptoanalysis/mznc2017_aes_opt.mzn,2021/opt-cryptoanalysis/r3.dzn
2021_opt-cryptoanalysis_mznc2017_aes_opt_r4,2021/opt-cryptoanalysis/mznc2017_aes_opt.mzn,2021/opt-cryptoanalysis/r4.dzn
2021_p1f-pjs_p1f-pjs_12,2021/p1f-pjs/p1f-pjs.mzn,2021/p1f-pjs/12.dzn
2021_p1f-pjs_p1f-pjs_14,2021/p1f-pjs/p1f-pjs.mzn,2021/p1f-pjs/14.dzn
2021_p1f-pjs_p1f-pjs_17,2021/p1f-pjs/p1f-pjs.mzn,2021/p1f-pjs/17.dzn
2021_p1f-pjs_p1f-pjs_18,2021/p1f-pjs/p1f-pjs.mzn,2021/p1f-pjs/18.dzn
2021_p1f-pjs_p1f-pjs_22,2021/p1f-pjs/p1f-pjs.mzn,2021/p1f-pjs/22.dzn
2021_peacable_queens_peaceable_queens_mznc2021_11,2021/peacable_queens/peaceable_queens_mznc2021.mzn,2021/peacable_queens/11.dzn
2021_peacable_queens_peaceable_queens_mznc2021_25,2021/peacable_queens/peaceable_queens_mznc2021.mzn,2021/peacable_queens/25.dzn
2021_peacable_queens_peaceable_queens_mznc2021_40,2021/peacable_queens/peaceable_queens_mznc2021.mzn,2021/peacable_queens/40.dzn
2021_peacable_queens_peaceable_queens_mznc2021_50,2021/peacable_queens/peaceable_queens_mznc2021.mzn,2021/peacable_queens/50.dzn
2021_peacable_queens_peaceable_queens_mznc2021_8,2021/peacable_queens/peaceable_queens_mznc2021.mzn,2021/peacable_queens/8.dzn
2021_pentominoes-zayenz_pentominoes_size_10_tiles_10_seed_17_strategy_target,2021/pentominoes-zayenz/pentominoes.mzn,2021/pentominoes-zayenz/size_10_tiles_10_seed_17_strategy_target.dzn
2021_pentominoes-zayenz_pentominoes_size_15_tiles_15_seed_17_strategy_source,2021/pentominoes-zayenz/pentominoes.mzn,2021/pentominoes-zayenz/size_15_tiles_15_seed_17_strategy_source.dzn
2021_pentominoes-zayenz_pentominoes_size_20_tiles_10_seed_42_strategy_far,2021/pentominoes-zayenz/pentominoes.mzn,2021/pentominoes-zayenz/size_20_tiles_10_seed_42_strategy_far.dzn
2021_pentominoes-zayenz_pentominoes_size_20_tiles_15_seed_4711_strategy_source,2021/pentominoes-zayenz/pentominoes.mzn,2021/pentominoes-zayenz/size_20_tiles_15_seed_4711_strategy_source.dzn
2021_pentominoes-zayenz_pentominoes_size_5_tiles_20_seed_17_strategy_close,2021/pentominoes-zayenz/pentominoes.mzn,2021/pentominoes-zayenz/size_5_tiles_20_seed_17_strategy_close.dzn
2021_perfect_square_perfect_square_102,2021/perfect_square/perfect_square.mzn,2021/perfect_square/data/102.dzn
2021_perfect_square_perfect_square_195,2021/perfect_square/perfect_square.mzn,2021/perfect_square/data/195.dzn
2021_perfect_square_perfect_square_205,2021/perfect_square/perfect_square.mzn,2021/perfect_square/data/205.dzn
2021_perfect_square_perfect_square_57,2021/perfect_square/perfect_square.mzn,2021/perfect_square/data/57.dzn
2021_perfect_square_perfect_square_92,2021/perfect_square/perfect_square.mzn,2021/perfect_square/data/92.dzn
2021_physician-scheduling_physician-scheduling_instance03_0.34,2021/physician-scheduling/physician-scheduling.mzn,2021/physician-scheduling/instance03_0.34.dzn
2021_physician-scheduling_physician-scheduling_instance10-duplicated_0.23,2021/physician-scheduling/physician-scheduling.mzn,2021/physician-scheduling/instance10-duplicated_0.23.dzn
2021_physician-scheduling_physician-scheduling_instance13-duplicated_0.56,2021/physician-scheduling/physician-scheduling.mzn,2021/physician-scheduling/instance13-duplicated_0.56.dzn
2021_physician-scheduling_physician-scheduling_instance17_oneweek_real,2021/physician-scheduling/physician-scheduling.mzn,2021/physician-scheduling/instance17_oneweek_real.dzn
2021_physician-scheduling_physician-scheduling_instance18_real,2021/physician-scheduling/physician-scheduling.mzn,2021/physician-scheduling/instance18_real.dzn
2021_seat-moving_seat-moving_sm-10-11-00,2021/seat-moving/seat-moving.mzn,2021/seat-moving/sm-10-11-00.dzn
2021_seat-moving_seat-moving_sm-10-13-00,2021/seat-moving/seat-moving.mzn,2021/seat-moving/sm-10-13-00.dzn
2021_seat-moving_seat-moving_sm-20-13-00,2021/seat-moving/seat-moving.mzn,2021/seat-moving/sm-20-13-00.dzn
2021_seat-moving_seat-moving_sm-20-16-00,2021/seat-moving/seat-moving.mzn,2021/seat-moving/sm-20-16-00.dzn
2021_seat-moving_seat-moving_sm-20-20-02,2021/seat-moving/seat-moving.mzn,2021/seat-moving/sm-20-20-02.dzn
2021_steiner-systems_steiner-systems_steiner_t2_k7_N21.json,2021/steiner-systems/steiner-systems.mzn,2021/steiner-systems/steiner_t2_k7_N21.json
2021_steiner-systems_steiner-systems_steiner_t3_k3_N11.json,2021/steiner-systems/steiner-systems.mzn,2021/steiner-systems/steiner_t3_k3_N11.json
2021_steiner-systems_steiner-systems_steiner_t3_k4_N8.json,2021/steiner-systems/steiner-systems.mzn,2021/steiner-systems/steiner_t3_k4_N8.json
2021_steiner-systems_steiner-systems_steiner_t4_k4_N10.json,2021/steiner-systems/steiner-systems.mzn,2021/steiner-systems/steiner_t4_k4_N10.json
2021_steiner-systems_steiner-systems_steiner_t6_k6_N7.json,2021/steiner-systems/steiner-systems.mzn,2021/steiner-systems/steiner_t6_k6_N7.json
2021_vrp-submission_cvrptw_w_reload_A_1v_7l_w_reload.json,2021/vrp-submission/cvrptw_w_reload.mzn,2021/vrp-submission/A_1v_7l_w_reload.json
2021_vrp-submission_cvrptw_w_reload_A_4v_22l.json,2021/vrp-submission/cvrptw_w_reload.mzn,2021/vrp-submission/A_4v_22l.json
2021_vrp-submission_cvrptw_w_reload_A_7v_48l.json,2021/vrp-submission/cvrptw_w_reload.mzn,2021/vrp-submission/A_7v_48l.json
2021_vrp-submission_cvrptw_w_reload_D_3v_25l_w_reload.json,2021/vrp-submission/cvrptw_w_reload.mzn,2021/vrp-submission/D_3v_25l_w_reload.json
2021_vrp-submission_cvrptw_w_reload_toy_D_2v_4l_w_reload.json,2021/vrp-submission/cvrptw_w_reload.mzn,2021/vrp-submission/toy_D_2v_4l_w_reload.json
2021_wmsmc-int_multisetcover_batch_0_case_115_instance_0_small_subset_elements_3_sumreqs_1295_candidates_41,2021/wmsmc-int/multisetcover.mzn,2021/wmsmc-int/batch_0_case_115_instance_0_small_subset_elements_3_sumreqs_1295_candidates_41.dzn
2021_wmsmc-int_multisetcover_batch_0_case_115_instance_1_base_full_elements_3_sumreqs_702_candidates_86,2021/wmsmc-int/multisetcover.mzn,2021/wmsmc-int/batch_0_case_115_instance_1_base_full_elements_3_sumreqs_702_candidates_86.dzn
2021_wmsmc-int_multisetcover_batch_0_case_253_instance_6_small_cost_elements_4_sumreqs_472_candidates_16,2021/wmsmc-int/multisetcover.mzn,2021/wmsmc-int/batch_0_case_253_instance_6_small_cost_elements_4_sumreqs_472_candidates_16.dzn
2021_wmsmc-int_multisetcover_batch_1_case_426_instance_3_base_full_elements_3_sumreqs_117_candidates_59,2021/wmsmc-int/multisetcover.mzn,2021/wmsmc-int/batch_1_case_426_instance_3_base_full_elements_3_sumreqs_117_candidates_59.dzn
2021_wmsmc-int_multisetcover_batch_2_case_710_instance_4_base_subset_elements_6_sumreqs_161_candidates_70,2021/wmsmc-int/multisetcover.mzn,2021/wmsmc-int/batch_2_case_710_instance_4_base_subset_elements_6_sumreqs_161_candidates_70.dzn
2021_yumi-dynamic_yumi-dynamic_p_10_SSSSSS_SSSS_yumi_grid_setup_3_3_zones,2021/yumi-dynamic/yumi-dynamic.mzn,2021/yumi-dynamic/p_10_SSSSSS_SSSS_yumi_grid_setup_3_3_zones.dzn
2021_yumi-dynamic_yumi-dynamic_p_4_GG_GG_yumi_grid_setup_3_4_zones,2021/yumi-dynamic/yumi-dynamic.mzn,2021/yumi-dynamic/p_4_GG_GG_yumi_grid_setup_3_4_zones.dzn
2021_yumi-dynamic_yumi-dynamic_p_4_GG_GG_yumi_grid_setup_7_7_zones,2021/yumi-dynamic/yumi-dynamic.mzn,2021/yumi-dynamic/p_4_GG_GG_yumi_grid_setup_7_7_zones.dzn
2021_yumi-dynamic_yumi-dynamic_p_4_SG_SG_yumi_grid_setup_3_4_zones,2021/yumi-dynamic/yumi-dynamic.mzn,2021/yumi-dynamic/p_4_SG_SG_yumi_grid_setup_3_4_zones.dzn
2021_yumi-dynamic_yumi-dynamic_p_7_SGSG_GSG_yumi_grid_setup_5_5_zones,2021/yumi-dynamic/yumi-dynamic.mzn,2021/yumi-dynamic/p_7_SGSG_GSG_yumi_grid_setup_5_5_zones.dzn
2022_accap_accap_accap_a12_f100_t60.json,2022/accap/accap.mzn,2022/accap/accap_a12_f100_t60.json
2022_accap_accap_accap_a18_f140_t85.json,2022/accap/accap.mzn,2022/accap/accap_a18_f140_t85.json
2022_accap_accap_accap_a40_f800_t180.json,2022/accap/accap.mzn,2022/accap/accap_a40_f800_t180.json
2022_accap_accap_accap_a4_f30_t15.json,2022/accap/accap.mzn,2022/accap/accap_a4_f30_t15.json
2022_accap_accap_accap_a5_f40_t20.json,2022/accap/accap.mzn,2022/accap/accap_a5_f40_t20.json
2022_arithmetic-target_model_4108_with_1_2_2_3_3_5_6_6_7_8_9.json,2022/arithmetic-target/model.mzn,2022/arithmetic-target/4108_with_1_2_2_3_3_5_6_6_7_8_9.json
2022_arithmetic-target_model_6872_with_1_2_3_3_4_4_5_6_7_9_10.json,2022/arithmetic-target/model.mzn,2022/arithmetic-target/6872_with_1_2_3_3_4_4_5_6_7_9_10.json
2022_arithmetic-target_model_814_with_1_2_4_6_6_7_8_9.json,2022/arithmetic-target/model.mzn,2022/arithmetic-target/814_with_1_2_4_6_6_7_8_9.json
2022_arithmetic-target_model_8657_with_1_1_2_3_4_4_5_5_8_9_50.json,2022/arithmetic-target/model.mzn,2022/arithmetic-target/8657_with_1_1_2_3_4_4_5_5_8_9_50.json
2022_arithmetic-target_model_910_with_1_2_3_6_12_25_50_87.json,2022/arithmetic-target/model.mzn,2022/arithmetic-target/910_with_1_2_3_6_12_25_50_87.json
2022_blocks-world_blocks_16-4-13,2022/blocks-world/blocks.mzn,2022/blocks-world/16-4-13.dzn
2022_blocks-world_blocks_16-4-40,2022/blocks-world/blocks.mzn,2022/blocks-world/16-4-40.dzn
2022_blocks-world_blocks_16-4-45,2022/blocks-world/blocks.mzn,2022/blocks-world/16-4-45.dzn
2022_blocks-world_blocks_16-4-5,2022/blocks-world/blocks.mzn,2022/blocks-world/16-4-5.dzn
2022_blocks-world_blocks_16-4-83,2022/blocks-world/blocks.mzn,2022/blocks-world/16-4-83.dzn
2022_diameterc-mst_dcmst_c_v15_a105_d6,2022/diameterc-mst/dcmst.mzn,2022/diameterc-mst/c_v15_a105_d6.dzn
2022_diameterc-mst_dcmst_c_v15_a105_d9,2022/diameterc-mst/dcmst.mzn,2022/diameterc-mst/c_v15_a105_d9.dzn
2022_diameterc-mst_dcmst_c_v20_a190_d4,2022/diameterc-mst/dcmst.mzn,2022/diameterc-mst/c_v20_a190_d4.dzn
2022_diameterc-mst_dcmst_c_v20_a190_d9,2022/diameterc-mst/dcmst.mzn,2022/diameterc-mst/c_v20_a190_d9.dzn
2022_diameterc-mst_dcmst_s_v40_a100_d7,2022/diameterc-mst/dcmst.mzn,2022/diameterc-mst/s_v40_a100_d7.dzn
2022_generalized-peacable-queens_peaceable_queens_n11_q5.json,2022/generalized-peacable-queens/peaceable_queens.mzn,2022/generalized-peacable-queens/n11_q5.json
2022_generalized-peacable-queens_peaceable_queens_n13_q5.json,2022/generalized-peacable-queens/peaceable_queens.mzn,2022/generalized-peacable-queens/n13_q5.json
2022_generalized-peacable-queens_peaceable_queens_n25_q4.json,2022/generalized-peacable-queens/peaceable_queens.mzn,2022/generalized-peacable-queens/n25_q4.json
2022_generalized-peacable-queens_peaceable_queens_n8_q3.json,2022/generalized-peacable-queens/peaceable_queens.mzn,2022/generalized-peacable-queens/n8_q3.json
2022_generalized-peacable-queens_peaceable_queens_n9_q5.json,2022/generalized-peacable-queens/peaceable_queens.mzn,2022/generalized-peacable-queens/n9_q5.json
2022_gfd-schedule_gfd-schedule2_n180f7d50m30k18_10124,2022/gfd-schedule/gfd-schedule2.mzn,2022/gfd-schedule/n180f7d50m30k18_10124.dzn
2022_gfd-schedule_gfd-schedule2_n200f5d50m40k6_10124,2022/gfd-schedule/gfd-schedule2.mzn,2022/gfd-schedule/n200f5d50m40k6_10124.dzn
2022_gfd-schedule_gfd-schedule2_n55f2d50m30k3_10124,2022/gfd-schedule/gfd-schedule2.mzn,2022/gfd-schedule/n55f2d50m30k3_10124.dzn
2022_gfd-schedule_gfd-schedule2_n60f7d50m30k10_10124,2022/gfd-schedule/gfd-schedule2.mzn,2022/gfd-schedule/n60f7d50m30k10_10124.dzn
2022_gfd-schedule_gfd-schedule2_n85f3d50m8k20_10124,2022/gfd-schedule/gfd-schedule2.mzn,2022/gfd-schedule/n85f3d50m8k20_10124.dzn
2022_ma-path-finding_mapf_ins_g16_p10_a20,2022/ma-path-finding/mapf.mzn,2022/ma-path-finding/ins_g16_p10_a20.dzn
2022_ma-path-finding_mapf_ins_g16_p10_a30,2022/ma-path-finding/mapf.mzn,2022/ma-path-finding/ins_g16_p10_a30.dzn
2022_ma-path-finding_mapf_ins_g16_p20_a30,2022/ma-path-finding/mapf.mzn,2022/ma-path-finding/ins_g16_p20_a30.dzn
2022_ma-path-finding_mapf_ins_g24_p20_a10,2022/ma-path-finding/mapf.mzn,2022/ma-path-finding/ins_g24_p20_a10.dzn
2022_ma-path-finding_mapf_ins_g32_p20_a10,2022/ma-path-finding/mapf.mzn,2022/ma-path-finding/ins_g32_p20_a10.dzn
2022_nfc_nfc_12_2_11,2022/nfc/nfc.mzn,2022/nfc/12_2_11.dzn
2022_nfc_nfc_18_3_12,2022/nfc/nfc.mzn,2022/nfc/18_3_12.dzn
2022_nfc_nfc_24_4_2,2022/nfc/nfc.mzn,2022/nfc/24_4_2.dzn
2022_nfc_nfc_30_5_12,2022/nfc/nfc.mzn,2022/nfc/30_5_12.dzn
2022_nfc_nfc_30_5_6,2022/nfc/nfc.mzn,2022/nfc/30_5_6.dzn
2022_roster-sickness_bool-model-sickness_large-2-2,2022/roster-sickness/bool-model-sickness.mzn,2022/roster-sickness/large-2-2.dzn
2022_roster-sickness_bool-model-sickness_large-2,2022/roster-sickness/bool-model-sickness.mzn,2022/roster-sickness/large-2.dzn
2022_roster-sickness_bool-model-sickness_large-4-2,2022/roster-sickness/bool-model-sickness.mzn,2022/roster-sickness/large-4-2.dzn
2022_roster-sickness_bool-model-sickness_large-4,2022/roster-sickness/bool-model-sickness.mzn,2022/roster-sickness/large-4.dzn
2022_roster-sickness_bool-model-sickness_small-4,2022/roster-sickness/bool-model-sickness.mzn,2022/roster-sickness/small-4.dzn
2022_rotating-workforce-scheduling_rotating-workforce-scheduling_rws-instance-e-100-s-2,2022/rotating-workforce-scheduling/rotating-workforce-scheduling.mzn,2022/rotating-workforce-scheduling/rws-instance-e-100-s-2.dzn
2022_rotating-workforce-scheduling_rotating-workforce-scheduling_rws-instance-e-25-s-7,2022/rotating-workforce-scheduling/rotating-workforce-scheduling.mzn,2022/rotating-workforce-scheduling/rws-instance-e-25-s-7.dzn
2022_rotating-workforce-scheduling_rotating-workforce-scheduling_rws-instance-e-30-s-9,2022/rotating-workforce-scheduling/rotating-workforce-scheduling.mzn,2022/rotating-workforce-scheduling/rws-instance-e-30-s-9.dzn
2022_rotating-workforce-scheduling_rotating-workforce-scheduling_rws-instance-e-80-s-1,2022/rotating-workforce-scheduling/rotating-workforce-scheduling.mzn,2022/rotating-workforce-scheduling/rws-instance-e-80-s-1.dzn
2022_rotating-workforce-scheduling_rotating-workforce-scheduling_rws-instance-e-90-s-2,2022/rotating-workforce-scheduling/rotating-workforce-scheduling.mzn,2022/rotating-workforce-scheduling/rws-instance-e-90-s-2.dzn
2022_spot5_spot5_1405,2022/spot5/spot5.mzn,2022/spot5/1405.dzn
2022_spot5_spot5_1506,2022/spot5/spot5.mzn,2022/spot5/1506.dzn
2022_spot5_spot5_404,2022/spot5/spot5.mzn,2022/spot5/404.dzn
2022_spot5_spot5_507,2022/spot5/spot5.mzn,2022/spot5/507.dzn
2022_spot5_spot5_509,2022/spot5/spot5.mzn,2022/spot5/509.dzn
2022_stripboard_stripboard_common-emitter-complex,2022/stripboard/stripboard.mzn,2022/stripboard/common-emitter-complex.dzn
2022_stripboard_stripboard_common-emitter-simple,2022/stripboard/stripboard.mzn,2022/stripboard/common-emitter-simple.dzn
2022_stripboard_stripboard_envelope-detector,2022/stripboard/stripboard.mzn,2022/stripboard/envelope-detector.dzn
2022_stripboard_stripboard_nand-gate,2022/stripboard/stripboard.mzn,2022/stripboard/nand-gate.dzn
2022_stripboard_stripboard_opamp-integrator,2022/stripboard/stripboard.mzn,2022/stripboard/opamp-integrator.dzn
2022_sudoku_opt_sudoku_opt_sudoku_p20,2022/sudoku_opt/sudoku_opt.mzn,2022/sudoku_opt/sudoku_p20.dzn
2022_sudoku_opt_sudoku_opt_sudoku_p22,2022/sudoku_opt/sudoku_opt.mzn,2022/sudoku_opt/sudoku_p22.dzn
2022_sudoku_opt_sudoku_opt_sudoku_p23,2022/sudoku_opt/sudoku_opt.mzn,2022/sudoku_opt/sudoku_p23.dzn
2022_sudoku_opt_sudoku_opt_sudoku_p29,2022/sudoku_opt/sudoku_opt.mzn,2022/sudoku_opt/sudoku_p29.dzn
2022_sudoku_opt_sudoku_opt_sudoku_p90,2022/sudoku_opt/sudoku_opt.mzn,2022/sudoku_opt/sudoku_p90.dzn
2022_team-assignment_model_data1_4_6,2022/team-assignment/model.mzn,2022/team-assignment/data1_4_6.dzn
2022_team-assignment_model_data1_6_6,2022/team-assignment/model.mzn,2022/team-assignment/data1_6_6.dzn
2022_team-assignment_model_data2_6_15,2022/team-assignment/model.mzn,2022/team-assignment/data2_6_15.dzn
2022_team-assignment_model_data3_4_31,2022/team-assignment/model.mzn,2022/team-assignment/data3_4_31.dzn
2022_team-assignment_model_data3_5_31,2022/team-assignment/model.mzn,2022/team-assignment/data3_5_31.dzn
2022_tower_tower_100_100_20_100-04,2022/tower/tower.mzn,2022/tower/100_100_20_100-04.dzn
2022_tower_tower_tower_070_070_15_070-09,2022/tower/tower.mzn,2022/tower/tower_070_070_15_070-09.dzn
2022_tower_tower_tower_070_070_15_085-09,2022/tower/tower.mzn,2022/tower/tower_070_070_15_085-09.dzn
2022_tower_tower_tower_300_300_40_200-00,2022/tower/tower.mzn,2022/tower/tower_300_300_40_200-00.dzn
2022_tower_tower_tower_500_500_50_300-01,2022/tower/tower.mzn,2022/tower/tower_500_500_50_300-01.dzn
2022_traveling-tppv_ttppv_circ14cnonbal,2022/traveling-tppv/ttppv.mzn,2022/traveling-tppv/circ14cnonbal.dzn
2022_traveling-tppv_ttppv_circ14enonbal,2022/traveling-tppv/ttppv.mzn,2022/traveling-tppv/circ14enonbal.dzn
2022_traveling-tppv_ttppv_circ20bnonbal,2022/traveling-tppv/ttppv.mzn,2022/traveling-tppv/circ20bnonbal.dzn
2022_traveling-tppv_ttppv_circ20fnonbal,2022/traveling-tppv/ttppv.mzn,2022/traveling-tppv/circ20fnonbal.dzn
2022_traveling-tppv_ttppv_circ20jnonbal,2022/traveling-tppv/ttppv.mzn,2022/traveling-tppv/circ20jnonbal.dzn
2022_triangular_triangular_n10,2022/triangular/triangular.mzn,2022/triangular/n10.dzn
2022_triangular_triangular_n18,2022/triangular/triangular.mzn,2022/triangular/n18.dzn
2022_triangular_triangular_n24,2022/triangular/triangular.mzn,2022/triangular/n24.dzn
2022_triangular_triangular_n30,2022/triangular/triangular.mzn,2022/triangular/n30.dzn
2022_triangular_triangular_n39,2022/triangular/triangular.mzn,2022/triangular/n39.dzn
2022_vaccine_vaccine_v11,2022/vaccine/vaccine.mzn,2022/vaccine/v11.dzn
2022_vaccine_vaccine_v7,2022/vaccine/vaccine.mzn,2022/vaccine/v7.dzn
2022_vaccine_vaccine_v8,2022/vaccine/vaccine.mzn,2022/vaccine/v8.dzn
2022_vaccine_vaccine_v857,2022/vaccine/vaccine.mzn,2022/vaccine/v857.dzn
2022_vaccine_vaccine_v946,2022/vaccine/vaccine.mzn,2022/vaccine/v946.dzn
2022_wordpress_wordpress_Wordpress10_Offers500,2022/wordpress/wordpress.mzn,2022/wordpress/Wordpress10_Offers500.dzn
2022_wordpress_wordpress_Wordpress11_Offers500,2022/wordpress/wordpress.mzn,2022/wordpress/Wordpress11_Offers500.dzn
2022_wordpress_wordpress_Wordpress12_Offers500,2022/wordpress/wordpress.mzn,2022/wordpress/Wordpress12_Offers500.dzn
2022_wordpress_wordpress_Wordpress7_Offers500,2022/wordpress/wordpress.mzn,2022/wordpress/Wordpress7_Offers500.dzn
2022_wordpress_wordpress_Wordpress8_Offers500,2022/wordpress/wordpress.mzn,2022/wordpress/Wordpress8_Offers500.dzn
2022_yumi-static_yumi-static_example_instance_4_GS_SG_yumi_grid_setup_7_7,2022/yumi-static/yumi-static.mzn,2022/yumi-static/example_instance_4_GS_SG_yumi_grid_setup_7_7.dzn
2022_yumi-static_yumi-static_p_10_GGGGG_GGGGG_yumi_grid_setup_5_5,2022/yumi-static/yumi-static.mzn,2022/yumi-static/p_10_GGGGG_GGGGG_yumi_grid_setup_5_5.dzn
2022_yumi-static_yumi-static_p_4_GG_GG_yumi_grid_setup_3_3,2022/yumi-static/yumi-static.mzn,2022/yumi-static/p_4_GG_GG_yumi_grid_setup_3_3.dzn
2022_yumi-static_yumi-static_p_4_GS_SG_yumi_grid_setup_3_3,2022/yumi-static/yumi-static.mzn,2022/yumi-static/p_4_GS_SG_yumi_grid_setup_3_3.dzn
2022_yumi-static_yumi-static_p_8_SSSSS_SSS_yumi_grid_setup_3_4,2022/yumi-static/yumi-static.mzn,2022/yumi-static/p_8_SSSSS_SSS_yumi_grid_setup_3_4.dzn
2023_chessboard_chessboard_chessboard3,2023/chessboard/chessboard.mzn,2023/chessboard/chessboard3.dzn
2023_chessboard_chessboard_chessboard4,2023/chessboard/chessboard.mzn,2023/chessboard/chessboard4.dzn
2023_chessboard_chessboard_chessboard_n12_1.json,2023/chessboard/chessboard.mzn,2023/chessboard/chessboard_n12_1.json
2023_chessboard_chessboard_chessboard_n39_2.json,2023/chessboard/chessboard.mzn,2023/chessboard/chessboard_n39_2.json
2023_chessboard_chessboard_chessboard_n9_1.json,2023/chessboard/chessboard.mzn,2023/chessboard/chessboard_n9_1.json
2023_code-generator_unison_mips_gcc.flow.find_regno_partial,2023/code-generator/unison.mzn,2023/code-generator/mips_gcc.flow.find_regno_partial.dzn
2023_code-generator_unison_mips_gcc.varasm.default_named_section_asm_out_destructor,2023/code-generator/unison.mzn,2023/code-generator/mips_gcc.varasm.default_named_section_asm_out_destructor.dzn
2023_code-generator_unison_mips_mesa.eval.gl_Map1f,2023/code-generator/unison.mzn,2023/code-generator/mips_mesa.eval.gl_Map1f.dzn
2023_code-generator_unison_mips_pegwit.ec_vlong.vlShortLshift,2023/code-generator/unison.mzn,2023/code-generator/mips_pegwit.ec_vlong.vlShortLshift.dzn
2023_code-generator_unison_mips_rasta.mapping.comp_Jboundaries,2023/code-generator/unison.mzn,2023/code-generator/mips_rasta.mapping.comp_Jboundaries.dzn
2023_elitserien_handball_handball10,2023/elitserien/handball.mzn,2023/elitserien/handball10.dzn
2023_elitserien_handball_handball2,2023/elitserien/handball.mzn,2023/elitserien/handball2.dzn
2023_elitserien_handball_handball4,2023/elitserien/handball.mzn,2023/elitserien/handball4.dzn
2023_elitserien_handball_handball8,2023/elitserien/handball.mzn,2023/elitserien/handball8.dzn
2023_elitserien_handball_handball9,2023/elitserien/handball.mzn,2023/elitserien/handball9.dzn
2023_evm-super-compilation_evmopt-generic_BDARUMA_run_code_of_0_block_108_233_1_extended_input,2023/evm-super-compilation/evmopt-generic.mzn,2023/evm-super-compilation/BDARUMA_run_code_of_0_block_108_233_1_extended_input.dzn
2023_evm-super-compilation_evmopt-generic_BDARUMA_run_code_of_0_block_284_170_0_input,2023/evm-super-compilation/evmopt-generic.mzn,2023/evm-super-compilation/BDARUMA_run_code_of_0_block_284_170_0_input.dzn
2023_evm-super-compilation_evmopt-generic_Kongu_run_code_of_0_block_240_0_input,2023/evm-super-compilation/evmopt-generic.mzn,2023/evm-super-compilation/Kongu_run_code_of_0_block_240_0_input.dzn
2023_evm-super-compilation_evmopt-generic_PlaylinkAirdrop_run_code_of_0_block_216_0_input,2023/evm-super-compilation/evmopt-generic.mzn,2023/evm-super-compilation/PlaylinkAirdrop_run_code_of_0_block_216_0_input.dzn
2023_evm-super-compilation_evmopt-generic_isolated_block_6_0_input,2023/evm-super-compilation/evmopt-generic.mzn,2023/evm-super-compilation/isolated_block_6_0_input.dzn
2023_gametes_gametes_gamete_nl20_m30_12983649.json,2023/gametes/gametes.mzn,2023/gametes/gamete_nl20_m30_12983649.json
2023_gametes_gametes_gamete_nl20_m30_778477.json,2023/gametes/gametes.mzn,2023/gametes/gamete_nl20_m30_778477.json
2023_gametes_gametes_gamete_nl20_m40_10408565.json,2023/gametes/gametes.mzn,2023/gametes/gamete_nl20_m40_10408565.json
2023_gametes_gametes_gamete_nl7_m10_134.json,2023/gametes/gametes.mzn,2023/gametes/gamete_nl7_m10_134.json
2023_gametes_gametes_gamete_nl7_m10_181.json,2023/gametes/gametes.mzn,2023/gametes/gamete_nl7_m10_181.json
2023_kidney-exchange_ccmcp_3_20_0.15_3,2023/kidney-exchange/ccmcp.mzn,2023/kidney-exchange/3_20_0.15_3.dzn
2023_kidney-exchange_ccmcp_3_20_0.30_4,2023/kidney-exchange/ccmcp.mzn,2023/kidney-exchange/3_20_0.30_4.dzn
2023_kidney-exchange_ccmcp_3_20_0.40_2,2023/kidney-exchange/ccmcp.mzn,2023/kidney-exchange/3_20_0.40_2.dzn
2023_kidney-exchange_ccmcp_3_25_0.10_2,2023/kidney-exchange/ccmcp.mzn,2023/kidney-exchange/3_25_0.10_2.dzn
2023_kidney-exchange_ccmcp_3_25_0.15_4,2023/kidney-exchange/ccmcp.mzn,2023/kidney-exchange/3_25_0.15_4.dzn
2023_mrcpsp_mrcpsp_j30_25_5,2023/mrcpsp/mrcpsp.mzn,2023/mrcpsp/j30_25_5.dzn
2023_mrcpsp_mrcpsp_j30_29_3,2023/mrcpsp/mrcpsp.mzn,2023/mrcpsp/j30_29_3.dzn
2023_mrcpsp_mrcpsp_j30_33_5,2023/mrcpsp/mrcpsp.mzn,2023/mrcpsp/j30_33_5.dzn
2023_mrcpsp_mrcpsp_j30_41_8,2023/mrcpsp/mrcpsp.mzn,2023/mrcpsp/j30_41_8.dzn
2023_mrcpsp_mrcpsp_j30_54_2,2023/mrcpsp/mrcpsp.mzn,2023/mrcpsp/j30_54_2.dzn
2023_multi-agent-graph-coverage_graph-scan-revised_rnd_n10_p1500_c15_s1,2023/multi-agent-graph-coverage/graph-scan-revised.mzn,2023/multi-agent-graph-coverage/rnd_n10_p1500_c15_s1.dzn
2023_multi-agent-graph-coverage_graph-scan-revised_rnd_n10_p2000_c15_s1,2023/multi-agent-graph-coverage/graph-scan-revised.mzn,2023/multi-agent-graph-coverage/rnd_n10_p2000_c15_s1.dzn
2023_multi-agent-graph-coverage_graph-scan-revised_rnd_n20_p1000_c10_s1,2023/multi-agent-graph-coverage/graph-scan-revised.mzn,2023/multi-agent-graph-coverage/rnd_n20_p1000_c10_s1.dzn
2023_multi-agent-graph-coverage_graph-scan-revised_rnd_n40_p1000_c20_s1,2023/multi-agent-graph-coverage/graph-scan-revised.mzn,2023/multi-agent-graph-coverage/rnd_n40_p1000_c20_s1.dzn
2023_multi-agent-graph-coverage_graph-scan-revised_rnd_n75_p1000_c50_s1,2023/multi-agent-graph-coverage/graph-scan-revised.mzn,2023/multi-agent-graph-coverage/rnd_n75_p1000_c50_s1.dzn
2023_pennies-opt_pennies_n12,2023/pennies-opt/pennies.mzn,2023/pennies-opt/n12.dzn
2023_pennies-opt_pennies_n5,2023/pennies-opt/pennies.mzn,2023/pennies-opt/n5.dzn
2023_pennies-opt_pennies_n7,2023/pennies-opt/pennies.mzn,2023/pennies-opt/n7.dzn
2023_pennies-opt_pennies_n8,2023/pennies-opt/pennies.mzn,2023/pennies-opt/n8.dzn
2023_pennies-opt_pennies_n9,2023/pennies-opt/pennies.mzn,2023/pennies-opt/n9.dzn
2023_roster_roster_model_chicroster_dataset_10,2023/roster/roster_model.mzn,2023/roster/chicroster_dataset_10.dzn
2023_roster_roster_model_chicroster_dataset_12,2023/roster/roster_model.mzn,2023/roster/chicroster_dataset_12.dzn
2023_roster_roster_model_chicroster_dataset_8,2023/roster/roster_model.mzn,2023/roster/chicroster_dataset_8.dzn
2023_roster_roster_model_chicroster_dataset_9,2023/roster/roster_model.mzn,2023/roster/chicroster_dataset_9.dzn
2023_roster_roster_model_chicroster_dataset_large_16,2023/roster/roster_model.mzn,2023/roster/chicroster_dataset_large_16.dzn
2023_roster-shifts-bool_bool-model_large,2023/roster-shifts-bool/bool-model.mzn,2023/roster-shifts-bool/large.dzn
2023_roster-shifts-bool_bool-model_s100_e20_c8.json,2023/roster-shifts-bool/bool-model.mzn,2023/roster-shifts-bool/s100_e20_c8.json
2023_roster-shifts-bool_bool-model_s200_e50_c8.json,2023/roster-shifts-bool/bool-model.mzn,2023/roster-shifts-bool/s200_e50_c8.json
2023_roster-shifts-bool_bool-model_s50_e50_c3.json,2023/roster-shifts-bool/bool-model.mzn,2023/roster-shifts-bool/s50_e50_c3.json
2023_roster-shifts-bool_bool-model_small,2023/roster-shifts-bool/bool-model.mzn,2023/roster-shifts-bool/small.dzn
2023_speck-optimisation_SPECK-Optimisation_easy_1,2023/speck-optimisation/SPECK-Optimisation.mzn,2023/speck-optimisation/easy_1.dzn
2023_speck-optimisation_SPECK-Optimisation_easy_3,2023/speck-optimisation/SPECK-Optimisation.mzn,2023/speck-optimisation/easy_3.dzn
2023_speck-optimisation_SPECK-Optimisation_hard_0,2023/speck-optimisation/SPECK-Optimisation.mzn,2023/speck-optimisation/hard_0.dzn
2023_speck-optimisation_SPECK-Optimisation_medium_6,2023/speck-optimisation/SPECK-Optimisation.mzn,2023/speck-optimisation/medium_6.dzn
2023_speck-optimisation_SPECK-Optimisation_very_hard_5,2023/speck-optimisation/SPECK-Optimisation.mzn,2023/speck-optimisation/very_hard_5.dzn
2023_sudoku_fixed_sudoku_fixed_sudoku_p20,2023/sudoku_fixed/sudoku_fixed.mzn,2023/sudoku_fixed/sudoku_p20.dzn
2023_sudoku_fixed_sudoku_fixed_sudoku_p26,2023/sudoku_fixed/sudoku_fixed.mzn,2023/sudoku_fixed/sudoku_p26.dzn
2023_sudoku_fixed_sudoku_fixed_sudoku_p28,2023/sudoku_fixed/sudoku_fixed.mzn,2023/sudoku_fixed/sudoku_p28.dzn
2023_sudoku_fixed_sudoku_fixed_sudoku_p48,2023/sudoku_fixed/sudoku_fixed.mzn,2023/sudoku_fixed/sudoku_p48.dzn
2023_sudoku_fixed_sudoku_fixed_sudoku_p89,2023/sudoku_fixed/sudoku_fixed.mzn,2023/sudoku_fixed/sudoku_p89.dzn
2023_table-layout_TableLayout_p1000_m10_r200_c15,2023/table-layout/TableLayout.mzn,2023/table-layout/p1000_m10_r200_c15.dzn
2023_table-layout_TableLayout_p1000_m20_r200_c20,2023/table-layout/TableLayout.mzn,2023/table-layout/p1000_m20_r200_c20.dzn
2023_table-layout_TableLayout_p1000_m3_r100_c10,2023/table-layout/TableLayout.mzn,2023/table-layout/p1000_m3_r100_c10.dzn
2023_table-layout_TableLayout_p2000_m10_r500_c20,2023/table-layout/TableLayout.mzn,2023/table-layout/p2000_m10_r500_c20.dzn
2023_table-layout_TableLayout_p2000_m16_r1000_c200,2023/table-layout/TableLayout.mzn,2023/table-layout/p2000_m16_r1000_c200.dzn
2023_test-scheduling_test-scheduling_t100m20r3-14,2023/test-scheduling/test-scheduling.mzn,2023/test-scheduling/t100m20r3-14.dzn
2023_test-scheduling_test-scheduling_t20m10r10-17,2023/test-scheduling/test-scheduling.mzn,2023/test-scheduling/t20m10r10-17.dzn
2023_test-scheduling_test-scheduling_t30m20r3-20,2023/test-scheduling/test-scheduling.mzn,2023/test-scheduling/t30m20r3-20.dzn
2023_test-scheduling_test-scheduling_t500m50r10-8,2023/test-scheduling/test-scheduling.mzn,2023/test-scheduling/t500m50r10-8.dzn
2023_test-scheduling_test-scheduling_t50m20r10-17,2023/test-scheduling/test-scheduling.mzn,2023/test-scheduling/t50m20r10-17.dzn
2023_travelling-thief_ttp_n10_k15_c5000_l10000_u11000_r49,2023/travelling-thief/ttp.mzn,2023/travelling-thief/data/n10_k15_c5000_l10000_u11000_r49.dzn
2023_travelling-thief_ttp_n10_k3_c5000_l10000_u10100_r46,2023/travelling-thief/ttp.mzn,2023/travelling-thief/data/n10_k3_c5000_l10000_u10100_r46.dzn
2023_travelling-thief_ttp_n20_k15_c5000_l100_u200_r32,2023/travelling-thief/ttp.mzn,2023/travelling-thief/data/n20_k15_c5000_l100_u200_r32.dzn
2023_travelling-thief_ttp_n20_k20_c1000_l1000_u2000_r46,2023/travelling-thief/ttp.mzn,2023/travelling-thief/data/n20_k20_c1000_l1000_u2000_r46.dzn
2023_travelling-thief_ttp_n20_k3_c10000_l100_u200_r81,2023/travelling-thief/ttp.mzn,2023/travelling-thief/data/n20_k3_c10000_l100_u200_r81.dzn
2023_unit-commitment_Unit-Commitment_L10-T48G10L10,2023/unit-commitment/Unit-Commitment.mzn,2023/unit-commitment/L10-T48G10L10.dzn
2023_unit-commitment_Unit-Commitment_L12-T48G15L10,2023/unit-commitment/Unit-Commitment.mzn,2023/unit-commitment/L12-T48G15L10.dzn
2023_unit-commitment_Unit-Commitment_L15-T48G30L15,2023/unit-commitment/Unit-Commitment.mzn,2023/unit-commitment/L15-T48G30L15.dzn
2023_unit-commitment_Unit-Commitment_L3-T6G5L5,2023/unit-commitment/Unit-Commitment.mzn,2023/unit-commitment/L3-T6G5L5.dzn
2023_unit-commitment_Unit-Commitment_L7-T12G5L5,2023/unit-commitment/Unit-Commitment.mzn,2023/unit-commitment/L7-T12G5L5.dzn
2023_valve-network_valve-network_horizon12,2023/valve-network/valve-network.mzn,2023/valve-network/horizon12.dzn
2023_valve-network_valve-network_horizon19,2023/valve-network/valve-network.mzn,2023/valve-network/horizon19.dzn
2023_valve-network_valve-network_horizon20,2023/valve-network/valve-network.mzn,2023/valve-network/horizon20.dzn
2023_valve-network_valve-network_horizon28,2023/valve-network/valve-network.mzn,2023/valve-network/horizon28.dzn
2023_valve-network_valve-network_horizon6,2023/valve-network/valve-network.mzn,2023/valve-network/horizon6.dzn
2023_vrplc_vrplc_service_vrplc10_5_20_s3,2023/vrplc/vrplc_service.mzn,2023/vrplc/vrplc10_5_20_s3.dzn
2023_vrplc_vrplc_service_vrplc11_5_15_s4,2023/vrplc/vrplc_service.mzn,2023/vrplc/vrplc11_5_15_s4.dzn
2023_vrplc_vrplc_service_vrplc13_11_20_s4,2023/vrplc/vrplc_service.mzn,2023/vrplc/vrplc13_11_20_s4.dzn
2023_vrplc_vrplc_service_vrplc9_5_10_s2,2023/vrplc/vrplc_service.mzn,2023/vrplc/vrplc9_5_10_s2.dzn
2023_vrplc_vrplc_service_vrplc9_5_15_s2,2023/vrplc/vrplc_service.mzn,2023/vrplc/vrplc9_5_15_s2.dzn
2023_yumi-static_yumi-static_p_4_GG_GG_yumi_grid_setup_7_7,2023/yumi-static/yumi-static.mzn,2023/yumi-static/p_4_GG_GG_yumi_grid_setup_7_7.dzn
2023_yumi-static_yumi-static_p_4_SG_SG_yumi_grid_setup_3_3,2023/yumi-static/yumi-static.mzn,2023/yumi-static/p_4_SG_SG_yumi_grid_setup_3_3.dzn
2023_yumi-static_yumi-static_p_5_GG_GGG_yumi_grid_setup_7_7,2023/yumi-static/yumi-static.mzn,2023/yumi-static/p_5_GG_GGG_yumi_grid_setup_7_7.dzn
2023_yumi-static_yumi-static_p_7_GGG_GGGG_yumi_grid_setup_3_4,2023/yumi-static/yumi-static.mzn,2023/yumi-static/p_7_GGG_GGGG_yumi_grid_setup_3_4.dzn
2023_yumi-static_yumi-static_p_9_GGGG_GGGGG_yumi_grid_setup_3_4,2023/yumi-static/yumi-static.mzn,2023/yumi-static/p_9_GGGG_GGGGG_yumi_grid_setup_3_4.dzn
2024_accap_accap_accap_a10_f80_t50.json,2024/accap/accap.mzn,2024/accap/accap_a10_f80_t50.json
2024_accap_accap_accap_a20_f160_t90.json,2024/accap/accap.mzn,2024/accap/accap_a20_f160_t90.json
2024_accap_accap_accap_a30_f300_t120.json,2024/accap/accap.mzn,2024/accap/accap_a30_f300_t120.json
2024_accap_accap_accap_a3_f20_t10.json,2024/accap/accap.mzn,2024/accap/accap_a3_f20_t10.json
2024_accap_accap_accap_a8_f50_t30.json,2024/accap/accap.mzn,2024/accap/accap_a8_f50_t30.json
2024_aircraft-disassembly_aircraft_B737NG-600-01-Anon.json,2024/aircraft-disassembly/aircraft.mzn,2024/aircraft-disassembly/B737NG-600-01-Anon.json.dzn
2024_aircraft-disassembly_aircraft_B737NG-600-02-Anon.json,2024/aircraft-disassembly/aircraft.mzn,2024/aircraft-disassembly/B737NG-600-02-Anon.json.dzn
2024_aircraft-disassembly_aircraft_B737NG-600-04-Anon.json,2024/aircraft-disassembly/aircraft.mzn,2024/aircraft-disassembly/B737NG-600-04-Anon.json.dzn
2024_aircraft-disassembly_aircraft_B737NG-600-06-Anon.json,2024/aircraft-disassembly/aircraft.mzn,2024/aircraft-disassembly/B737NG-600-06-Anon.json.dzn
2024_aircraft-disassembly_aircraft_B737NG-600-09-Anon.json,2024/aircraft-disassembly/aircraft.mzn,2024/aircraft-disassembly/B737NG-600-09-Anon.json.dzn
2024_cable-tree-wiring_ctw_A022,2024/cable-tree-wiring/ctw.mzn,2024/cable-tree-wiring/A022.dzn
2024_cable-tree-wiring_ctw_A033,2024/cable-tree-wiring/ctw.mzn,2024/cable-tree-wiring/A033.dzn
2024_cable-tree-wiring_ctw_A041,2024/cable-tree-wiring/ctw.mzn,2024/cable-tree-wiring/A041.dzn
2024_cable-tree-wiring_ctw_A046,2024/cable-tree-wiring/ctw.mzn,2024/cable-tree-wiring/A046.dzn
2024_cable-tree-wiring_ctw_R193,2024/cable-tree-wiring/ctw.mzn,2024/cable-tree-wiring/R193.dzn
2024_community-detection_community-detection_Polblogs.s2480.k2,2024/community-detection/community-detection.mzn,2024/community-detection/Polblogs.s2480.k2.dzn
2024_community-detection_community-detection_Zakhary.s12.k3,2024/community-detection/community-detection.mzn,2024/community-detection/Zakhary.s12.k3.dzn
2024_community-detection_community-detection_Zakhary.s12.k4,2024/community-detection/community-detection.mzn,2024/community-detection/Zakhary.s12.k4.dzn
2024_community-detection_community-detection_adjourn.s200.k3,2024/community-detection/community-detection.mzn,2024/community-detection/adjourn.s200.k3.dzn
2024_community-detection_community-detection_mexican.s26.k4,2024/community-detection/community-detection.mzn,2024/community-detection/mexican.s26.k4.dzn
2024_compression_compression_bin_10.json,2024/compression/compression.mzn,2024/compression/bin_10.json
2024_compression_compression_bin_20.json,2024/compression/compression.mzn,2024/compression/bin_20.json
2024_compression_compression_bin_7.json,2024/compression/compression.mzn,2024/compression/bin_7.json
2024_compression_compression_bin_8.json,2024/compression/compression.mzn,2024/compression/bin_8.json
2024_compression_compression_lipsum_10.json,2024/compression/compression.mzn,2024/compression/lipsum_10.json
2024_concert-hall-cap_concert-hall-cap_concert-cap.mznc2018.04,2024/concert-hall-cap/concert-hall-cap.mzn,2024/concert-hall-cap/concert-cap.mznc2018.04.dzn
2024_concert-hall-cap_concert-hall-cap_concert_100_20.json,2024/concert-hall-cap/concert-hall-cap.mzn,2024/concert-hall-cap/concert_100_20.json
2024_concert-hall-cap_concert-hall-cap_concert_150_20.json,2024/concert-hall-cap/concert-hall-cap.mzn,2024/concert-hall-cap/concert_150_20.json
2024_concert-hall-cap_concert-hall-cap_concert_200_20.json,2024/concert-hall-cap/concert-hall-cap.mzn,2024/concert-hall-cap/concert_200_20.json
2024_concert-hall-cap_concert-hall-cap_concert_60_50.json,2024/concert-hall-cap/concert-hall-cap.mzn,2024/concert-hall-cap/concert_60_50.json
2024_fox-geese-corn_foxgeesecorn_fgc_06_26_08_00,2024/fox-geese-corn/foxgeesecorn.mzn,2024/fox-geese-corn/fgc_06_26_08_00.dzn
2024_fox-geese-corn_foxgeesecorn_fgc_20_20_22_00,2024/fox-geese-corn/foxgeesecorn.mzn,2024/fox-geese-corn/fgc_20_20_22_00.dzn
2024_fox-geese-corn_foxgeesecorn_foxgeesecorn_17,2024/fox-geese-corn/foxgeesecorn.mzn,2024/fox-geese-corn/foxgeesecorn_17.dzn
2024_fox-geese-corn_foxgeesecorn_foxgeesecorn_19,2024/fox-geese-corn/foxgeesecorn.mzn,2024/fox-geese-corn/foxgeesecorn_19.dzn
2024_fox-geese-corn_foxgeesecorn_foxgeesecorn_61,2024/fox-geese-corn/foxgeesecorn.mzn,2024/fox-geese-corn/foxgeesecorn_61.dzn
2024_graph-clear_graph_clear_cp_planar_n20_seed2022_14.json,2024/graph-clear/graph_clear_cp.mzn,2024/graph-clear/planar_n20_seed2022_14.json
2024_graph-clear_graph_clear_cp_planar_n20_seed2022_15.json,2024/graph-clear/graph_clear_cp.mzn,2024/graph-clear/planar_n20_seed2022_15.json
2024_graph-clear_graph_clear_cp_planar_n20_seed2022_16.json,2024/graph-clear/graph_clear_cp.mzn,2024/graph-clear/planar_n20_seed2022_16.json
2024_graph-clear_graph_clear_cp_planar_n30_seed2022_4.json,2024/graph-clear/graph_clear_cp.mzn,2024/graph-clear/planar_n30_seed2022_4.json
2024_graph-clear_graph_clear_cp_planar_n30_seed2022_8.json,2024/graph-clear/graph_clear_cp.mzn,2024/graph-clear/planar_n30_seed2022_8.json
2024_harmony_harmony_brother,2024/harmony/harmony.mzn,2024/harmony/brother.dzn
2024_harmony_harmony_canon,2024/harmony/harmony.mzn,2024/harmony/canon.dzn
2024_harmony_harmony_minuet,2024/harmony/harmony.mzn,2024/harmony/minuet.dzn
2024_harmony_harmony_ode,2024/harmony/harmony.mzn,2024/harmony/ode.dzn
2024_harmony_harmony_twinkle,2024/harmony/harmony.mzn,2024/harmony/twinkle.dzn
2024_hoist-benchmark_hoist-benchmark_PU_2_2_3,2024/hoist-benchmark/hoist-benchmark.mzn,2024/hoist-benchmark/PU_2_2_3.dzn
2024_hoist-benchmark_hoist-benchmark_PU_2_4_3,2024/hoist-benchmark/hoist-benchmark.mzn,2024/hoist-benchmark/PU_2_4_3.dzn
2024_hoist-benchmark_hoist-benchmark_PU_2_8_4,2024/hoist-benchmark/hoist-benchmark.mzn,2024/hoist-benchmark/PU_2_8_4.dzn
2024_hoist-benchmark_hoist-benchmark_PU_3_2_1,2024/hoist-benchmark/hoist-benchmark.mzn,2024/hoist-benchmark/PU_3_2_1.dzn
2024_hoist-benchmark_hoist-benchmark_PU_3_4_3,2024/hoist-benchmark/hoist-benchmark.mzn,2024/hoist-benchmark/PU_3_4_3.dzn
2024_monitor-placement-1id_monitor_1id_hop_counting_based_caida_139203,2024/monitor-placement-1id/monitor_1id.mzn,2024/monitor-placement-1id/hop_counting_based_caida_139203.dzn
2024_monitor-placement-1id_monitor_1id_hop_counting_based_zoo_Forthnet,2024/monitor-placement-1id/monitor_1id.mzn,2024/monitor-placement-1id/hop_counting_based_zoo_Forthnet.dzn
2024_monitor-placement-1id_monitor_1id_igp_weight_based_defo_rf6461_real_hard,2024/monitor-placement-1id/monitor_1id.mzn,2024/monitor-placement-1id/igp_weight_based_defo_rf6461_real_hard.dzn
2024_monitor-placement-1id_monitor_1id_igp_weight_based_rocketfuel_rf1755_real_hard,2024/monitor-placement-1id/monitor_1id.mzn,2024/monitor-placement-1id/igp_weight_based_rocketfuel_rf1755_real_hard.dzn
2024_monitor-placement-1id_monitor_1id_igp_weight_based_rocketfuel_rf6461_real_hard,2024/monitor-placement-1id/monitor_1id.mzn,2024/monitor-placement-1id/igp_weight_based_rocketfuel_rf6461_real_hard.dzn
2024_neighbours_neighbours-rect_neightbours-new-15,2024/neighbours/neighbours-rect.mzn,2024/neighbours/neightbours-new-15.dzn
2024_neighbours_neighbours-rect_neightbours-new-2,2024/neighbours/neighbours-rect.mzn,2024/neighbours/neightbours-new-2.dzn
2024_neighbours_neighbours-rect_neightbours-new-5,2024/neighbours/neighbours-rect.mzn,2024/neighbours/neightbours-new-5.dzn
2024_neighbours_neighbours-rect_neightbours-new-6,2024/neighbours/neighbours-rect.mzn,2024/neighbours/neightbours-new-6.dzn
2024_neighbours_neighbours-rect_neightbours-new-7,2024/neighbours/neighbours-rect.mzn,2024/neighbours/neightbours-new-7.dzn
2024_network_50_cstr_efm_cstr_MODEL1507180015,2024/network_50_cstr/efm_cstr.mzn,2024/network_50_cstr/MODEL1507180015.dzn
2024_network_50_cstr_efm_cstr_MODEL1507180022,2024/network_50_cstr/efm_cstr.mzn,2024/network_50_cstr/MODEL1507180022.dzn
2024_network_50_cstr_efm_cstr_MODEL2204150001,2024/network_50_cstr/efm_cstr.mzn,2024/network_50_cstr/MODEL2204150001.dzn
2024_network_50_cstr_efm_cstr_MODEL2204190004,2024/network_50_cstr/efm_cstr.mzn,2024/network_50_cstr/MODEL2204190004.dzn
2024_network_50_cstr_efm_cstr_toy_network_1000_m,2024/network_50_cstr/efm_cstr.mzn,2024/network_50_cstr/toy_network_1000_m.dzn
2024_peacable_queens_peaceable_queens_mznc2021_pq_n12,2024/peacable_queens/peaceable_queens_mznc2021.mzn,2024/peacable_queens/pq_n12.dzn
2024_peacable_queens_peaceable_queens_mznc2021_pq_n19,2024/peacable_queens/peaceable_queens_mznc2021.mzn,2024/peacable_queens/pq_n19.dzn
2024_peacable_queens_peaceable_queens_mznc2021_pq_n35,2024/peacable_queens/peaceable_queens_mznc2021.mzn,2024/peacable_queens/pq_n35.dzn
2024_peacable_queens_peaceable_queens_mznc2021_pq_n7,2024/peacable_queens/peaceable_queens_mznc2021.mzn,2024/peacable_queens/pq_n7.dzn
2024_peacable_queens_peaceable_queens_mznc2021_pq_n9,2024/peacable_queens/peaceable_queens_mznc2021.mzn,2024/peacable_queens/pq_n9.dzn
2024_portal_portal_random_10_0_100.json,2024/portal/portal.mzn,2024/portal/random_10_0_100.json
2024_portal_portal_random_10_9_10.json,2024/portal/portal.mzn,2024/portal/random_10_9_10.json
2024_portal_portal_random_20_1_100.json,2024/portal/portal.mzn,2024/portal/random_20_1_100.json
2024_portal_portal_random_20_9_100.json,2024/portal/portal.mzn,2024/portal/random_20_9_100.json
2024_portal_portal_small_3,2024/portal/portal.mzn,2024/portal/small_3.dzn
2024_tiny-cvrp_TinyCVRP_ExactlyOneSolution_easy_instance_04,2024/tiny-cvrp/TinyCVRP_ExactlyOneSolution.mzn,2024/tiny-cvrp/easy_instance_04.dzn
2024_tiny-cvrp_TinyCVRP_ExactlyOneSolution_hard_instance_18,2024/tiny-cvrp/TinyCVRP_ExactlyOneSolution.mzn,2024/tiny-cvrp/hard_instance_18.dzn
2024_tiny-cvrp_TinyCVRP_ExactlyOneSolution_medium_instance_06,2024/tiny-cvrp/TinyCVRP_ExactlyOneSolution.mzn,2024/tiny-cvrp/medium_instance_06.dzn
2024_tiny-cvrp_TinyCVRP_ExactlyOneSolution_medium_instance_11,2024/tiny-cvrp/TinyCVRP_ExactlyOneSolution.mzn,2024/tiny-cvrp/medium_instance_11.dzn
2024_tiny-cvrp_TinyCVRP_ExactlyOneSolution_medium_instance_13,2024/tiny-cvrp/TinyCVRP_ExactlyOneSolution.mzn,2024/tiny-cvrp/medium_instance_13.dzn
2024_train-scheduling_trains_trains05,2024/train-scheduling/trains.mzn,2024/train-scheduling/trains05.dzn
2024_train-scheduling_trains_trains09,2024/train-scheduling/trains.mzn,2024/train-scheduling/trains09.dzn
2024_train-scheduling_trains_trains12,2024/train-scheduling/trains.mzn,2024/train-scheduling/trains12.dzn
2024_train-scheduling_trains_trains15,2024/train-scheduling/trains.mzn,2024/train-scheduling/trains15.dzn
2024_train-scheduling_trains_trains18,2024/train-scheduling/trains.mzn,2024/train-scheduling/trains18.dzn
2024_triangular_triangular_n11,2024/triangular/triangular.mzn,2024/triangular/n11.dzn
2024_triangular_triangular_n14,2024/triangular/triangular.mzn,2024/triangular/n14.dzn
2024_triangular_triangular_n20,2024/triangular/triangular.mzn,2024/triangular/n20.dzn
2024_triangular_triangular_n31,2024/triangular/triangular.mzn,2024/triangular/n31.dzn
2024_triangular_triangular_n9,2024/triangular/triangular.mzn,2024/triangular/n9.dzn
2024_word-equations_word_equations_01_track_123-int,2024/word-equations/word_equations_01_track_123-int.mzn,
2024_word-equations_word_equations_01_track_140-int,2024/word-equations/word_equations_01_track_140-int.mzn,
2024_word-equations_word_equations_02_track_8-int,2024/word-equations/word_equations_02_track_8-int.mzn,
2024_word-equations_word_equations_03_track_133-int,2024/word-equations/word_equations_03_track_133-int.mzn,
2024_word-equations_word_equations_03_track_31-int,2024/word-equations/word_equations_03_track_31-int.mzn,
2024_yumi-dynamic_yumi-dynamic_p_4_GG_GG_yumi_grid_setup_5_5_zones,2024/yumi-dynamic/yumi-dynamic.mzn,2024/yumi-dynamic/p_4_GG_GG_yumi_grid_setup_5_5_zones.dzn
2024_yumi-dynamic_yumi-dynamic_p_5_GG_GGG_yumi_grid_setup_5_5_zones,2024/yumi-dynamic/yumi-dynamic.mzn,2024/yumi-dynamic/p_5_GG_GGG_yumi_grid_setup_5_5_zones.dzn
2024_yumi-dynamic_yumi-dynamic_p_5_GSS_SG_yumi_grid_setup_3_4_zones,2024/yumi-dynamic/yumi-dynamic.mzn,2024/yumi-dynamic/p_5_GSS_SG_yumi_grid_setup_3_4_zones.dzn
2024_yumi-dynamic_yumi-dynamic_p_7_SSSS_SSS_yumi_grid_setup_3_3_zones,2024/yumi-dynamic/yumi-dynamic.mzn,2024/yumi-dynamic/p_7_SSSS_SSS_yumi_grid_setup_3_3_zones.dzn
2024_yumi-dynamic_yumi-dynamic_p_9_GSGS_GSGSG_yumi_grid_setup_7_7_zones,2024/yumi-dynamic/yumi-dynamic.mzn,2024/yumi-dynamic/p_9_GSGS_GSGSG_yumi_grid_setup_7_7_zones.dzn
2025_EchoSched_JSP0_12-12-0-1_7,2025/EchoSched/JSP0.mzn,2025/EchoSched/12-12-0-1_7.dzn
2025_EchoSched_JSP0_13-14-0-2_6,2025/EchoSched/JSP0.mzn,2025/EchoSched/13-14-0-2_6.dzn
2025_EchoSched_JSP0_14-10-0-2_1,2025/EchoSched/JSP0.mzn,2025/EchoSched/14-10-0-2_1.dzn
2025_EchoSched_JSP0_14-10-0-2_3,2025/EchoSched/JSP0.mzn,2025/EchoSched/14-10-0-2_3.dzn
2025_EchoSched_JSP0_15-15-0-1_3,2025/EchoSched/JSP0.mzn,2025/EchoSched/15-15-0-1_3.dzn
2025_atsp_atsp_instance11_0p25,2025/atsp/atsp.mzn,2025/atsp/instance11_0p25.dzn
2025_atsp_atsp_instance14_0p25,2025/atsp/atsp.mzn,2025/atsp/instance14_0p25.dzn
2025_atsp_atsp_instance1_0p05,2025/atsp/atsp.mzn,2025/atsp/instance1_0p05.dzn
2025_atsp_atsp_instance20_0p35,2025/atsp/atsp.mzn,2025/atsp/instance20_0p35.dzn
2025_atsp_atsp_instance4_0p15,2025/atsp/atsp.mzn,2025/atsp/instance4_0p15.dzn
2025_black-hole_black-hole_layout_14.json,2025/black-hole/black-hole.mzn,2025/black-hole/layout_14.json
2025_black-hole_black-hole_layout_17.json,2025/black-hole/black-hole.mzn,2025/black-hole/layout_17.json
2025_black-hole_black-hole_layout_25.json,2025/black-hole/black-hole.mzn,2025/black-hole/layout_25.json
2025_black-hole_black-hole_layout_27.json,2025/black-hole/black-hole.mzn,2025/black-hole/layout_27.json
2025_black-hole_black-hole_layout_3.json,2025/black-hole/black-hole.mzn,2025/black-hole/layout_3.json
2025_carpet-cutting_cc_base_cc_rnd_12_3.json,2025/carpet-cutting/cc_base.mzn,2025/carpet-cutting/cc_rnd_12_3.json
2025_carpet-cutting_cc_base_cc_rnd_16_1.json,2025/carpet-cutting/cc_base.mzn,2025/carpet-cutting/cc_rnd_16_1.json
2025_carpet-cutting_cc_base_cc_rnd_4_4.json,2025/carpet-cutting/cc_base.mzn,2025/carpet-cutting/cc_rnd_4_4.json
2025_carpet-cutting_cc_base_cc_rnd_8_1.json,2025/carpet-cutting/cc_base.mzn,2025/carpet-cutting/cc_rnd_8_1.json
2025_carpet-cutting_cc_base_cc_rnd_8_2.json,2025/carpet-cutting/cc_base.mzn,2025/carpet-cutting/cc_rnd_8_2.json
2025_cgt_cgt_cgt_12_h27_r0.05_s0.5_3.json,2025/cgt/cgt.mzn,2025/cgt/cgt_12_h27_r0.05_s0.5_3.json
2025_cgt_cgt_cgt_3_h39_r0.05_s0.5_0.json,2025/cgt/cgt.mzn,2025/cgt/cgt_3_h39_r0.05_s0.5_0.json
2025_cgt_cgt_cgt_3_h39_r0.05_s1_3.json,2025/cgt/cgt.mzn,2025/cgt/cgt_3_h39_r0.05_s1_3.json
2025_cgt_cgt_cgt_5_h27_r0.05_s0.8_0.json,2025/cgt/cgt.mzn,2025/cgt/cgt_5_h27_r0.05_s0.8_0.json
2025_cgt_cgt_cgt_8_h16_r0.05_s0.5_3.json,2025/cgt/cgt.mzn,2025/cgt/cgt_8_h16_r0.05_s0.5_3.json
2025_fbd1_FBD1_FBDk04,2025/fbd1/FBD1.mzn,2025/fbd1/FBDk04.dzn
2025_fbd1_FBD1_FBDk06,2025/fbd1/FBD1.mzn,2025/fbd1/FBDk06.dzn
2025_fbd1_FBD1_FBDk07,2025/fbd1/FBD1.mzn,2025/fbd1/FBDk07.dzn
2025_fbd1_FBD1_FBDk08,2025/fbd1/FBD1.mzn,2025/fbd1/FBDk08.dzn
2025_fbd1_FBD1_FBDk09,2025/fbd1/FBD1.mzn,2025/fbd1/FBDk09.dzn
2025_groupsplitter_group_u12g2pref0,2025/groupsplitter/group.mzn,2025/groupsplitter/u12g2pref0.dzn
2025_groupsplitter_group_u12g2pref2,2025/groupsplitter/group.mzn,2025/groupsplitter/u12g2pref2.dzn
2025_groupsplitter_group_u15g1pref2,2025/groupsplitter/group.mzn,2025/groupsplitter/u15g1pref2.dzn
2025_groupsplitter_group_u15g3pref0,2025/groupsplitter/group.mzn,2025/groupsplitter/u15g3pref0.dzn
2025_groupsplitter_group_u15g5pref1,2025/groupsplitter/group.mzn,2025/groupsplitter/u15g5pref1.dzn
2025_gt-sort_gt-sort_n13_ub20_50.0_BEST.json,2025/gt-sort/gt-sort.mzn,2025/gt-sort/n13_ub20_50.0_BEST.json
2025_gt-sort_gt-sort_n7_ub20_75.0_BEST.json,2025/gt-sort/gt-sort.mzn,2025/gt-sort/n7_ub20_75.0_BEST.json
2025_gt-sort_gt-sort_n9_ub10_50.0_BEST.json,2025/gt-sort/gt-sort.mzn,2025/gt-sort/n9_ub10_50.0_BEST.json
2025_gt-sort_gt-sort_n9_ub10_75.0_BEST.json,2025/gt-sort/gt-sort.mzn,2025/gt-sort/n9_ub10_75.0_BEST.json
2025_gt-sort_gt-sort_n9_ub30_35.0_BEST.json,2025/gt-sort/gt-sort.mzn,2025/gt-sort/n9_ub30_35.0_BEST.json
2025_hitori_hitori_h11-1,2025/hitori/hitori.mzn,2025/hitori/h11-1.dzn
2025_hitori_hitori_h14-1,2025/hitori/hitori.mzn,2025/hitori/h14-1.dzn
2025_hitori_hitori_h15-1,2025/hitori/hitori.mzn,2025/hitori/h15-1.dzn
2025_hitori_hitori_h20-2,2025/hitori/hitori.mzn,2025/hitori/h20-2.dzn
2025_hitori_hitori_h5-1,2025/hitori/hitori.mzn,2025/hitori/h5-1.dzn
2025_ihtc-2024-kletzander_model4_opt_i02,2025/ihtc-2024-kletzander/model4_opt.mzn,2025/ihtc-2024-kletzander/i02.dzn
2025_ihtc-2024-kletzander_model4_opt_i07,2025/ihtc-2024-kletzander/model4_opt.mzn,2025/ihtc-2024-kletzander/i07.dzn
2025_ihtc-2024-kletzander_model4_opt_i09,2025/ihtc-2024-kletzander/model4_opt.mzn,2025/ihtc-2024-kletzander/i09.dzn
2025_ihtc-2024-kletzander_model4_opt_test03,2025/ihtc-2024-kletzander/model4_opt.mzn,2025/ihtc-2024-kletzander/test03.dzn
2025_ihtc-2024-kletzander_model4_opt_test05,2025/ihtc-2024-kletzander/model4_opt.mzn,2025/ihtc-2024-kletzander/test05.dzn
2025_ihtc-2024-marte_model_i01.json,2025/ihtc-2024-marte/model.mzn,2025/ihtc-2024-marte/i01.json
2025_ihtc-2024-marte_model_i03.json,2025/ihtc-2024-marte/model.mzn,2025/ihtc-2024-marte/i03.json
2025_ihtc-2024-marte_model_i06.json,2025/ihtc-2024-marte/model.mzn,2025/ihtc-2024-marte/i06.json
2025_ihtc-2024-marte_model_i11.json,2025/ihtc-2024-marte/model.mzn,2025/ihtc-2024-marte/i11.json
2025_ihtc-2024-marte_model_i14.json,2025/ihtc-2024-marte/model.mzn,2025/ihtc-2024-marte/i14.json
2025_is_model_1vERFuvviS,2025/is/model.mzn,2025/is/1vERFuvviS.dzn
2025_is_model_9aGFgDaHX7,2025/is/model.mzn,2025/is/9aGFgDaHX7.dzn
2025_is_model_BnMUR3YMRk,2025/is/model.mzn,2025/is/BnMUR3YMRk.dzn
2025_is_model_avdoaYnfXq,2025/is/model.mzn,2025/is/avdoaYnfXq.dzn
2025_is_model_vWQp9idqMs,2025/is/model.mzn,2025/is/vWQp9idqMs.dzn
2025_mondoku_mondoku-gcc-model-balance_10-10-6,2025/mondoku/mondoku-gcc-model-balance.mzn,2025/mondoku/10-10-6.dzn
2025_mondoku_mondoku-gcc-model-balance_12-12-8,2025/mondoku/mondoku-gcc-model-balance.mzn,2025/mondoku/12-12-8.dzn
2025_mondoku_mondoku-gcc-model-balance_14-14-8,2025/mondoku/mondoku-gcc-model-balance.mzn,2025/mondoku/14-14-8.dzn
2025_mondoku_mondoku-gcc-model-balance_20-18-9,2025/mondoku/mondoku-gcc-model-balance.mzn,2025/mondoku/20-18-9.dzn
2025_mondoku_mondoku-gcc-model-balance_8-8-4,2025/mondoku/mondoku-gcc-model-balance.mzn,2025/mondoku/8-8-4.dzn
2025_products-and-shelves_product-and-shelves_ps-25-01,2025/products-and-shelves/product-and-shelves.mzn,2025/products-and-shelves/ps-25-01.dzn
2025_products-and-shelves_product-and-shelves_ps-25-03,2025/products-and-shelves/product-and-shelves.mzn,2025/products-and-shelves/ps-25-03.dzn
2025_products-and-shelves_product-and-shelves_ps-50-06,2025/products-and-shelves/product-and-shelves.mzn,2025/products-and-shelves/ps-50-06.dzn
2025_products-and-shelves_product-and-shelves_ps-50-09,2025/products-and-shelves/product-and-shelves.mzn,2025/products-and-shelves/ps-50-09.dzn
2025_products-and-shelves_product-and-shelves_toy,2025/products-and-shelves/product-and-shelves.mzn,2025/products-and-shelves/toy.dzn
2025_proteindesign12_wcsp_1HZ5.12p.19aa.usingEref_self,2025/proteindesign12/wcsp.mzn,2025/proteindesign12/1HZ5.12p.19aa.usingEref_self.dzn
2025_proteindesign12_wcsp_1HZ5.12p.9aa.usingEref_self,2025/proteindesign12/wcsp.mzn,2025/proteindesign12/1HZ5.12p.9aa.usingEref_self.dzn
2025_proteindesign12_wcsp_1UBI.13p.19aa.usingEref_self,2025/proteindesign12/wcsp.mzn,2025/proteindesign12/1UBI.13p.19aa.usingEref_self.dzn
2025_proteindesign12_wcsp_1UBI.13p.9aa.usingEref_self_x,2025/proteindesign12/wcsp.mzn,2025/proteindesign12/1UBI.13p.9aa.usingEref_self_x.dzn
2025_proteindesign12_wcsp_2TRX.11p.8aa.usingEref_self_x,2025/proteindesign12/wcsp.mzn,2025/proteindesign12/2TRX.11p.8aa.usingEref_self_x.dzn
2025_skill-allocation_skill_allocation_only_skill_allocation_mzn_1m_2,2025/skill-allocation/skill_allocation_only.mzn,2025/skill-allocation/skill_allocation_mzn_1m_2.dzn
2025_skill-allocation_skill_allocation_only_skill_allocation_mzn_2m_2,2025/skill-allocation/skill_allocation_only.mzn,2025/skill-allocation/skill_allocation_mzn_2m_2.dzn
2025_skill-allocation_skill_allocation_only_skill_allocation_mzn_2w_2,2025/skill-allocation/skill_allocation_only.mzn,2025/skill-allocation/skill_allocation_mzn_2w_2.dzn
2025_skill-allocation_skill_allocation_only_skill_allocation_mzn_3m_3,2025/skill-allocation/skill_allocation_only.mzn,2025/skill-allocation/skill_allocation_mzn_3m_3.dzn
2025_skill-allocation_skill_allocation_only_skill_allocation_mzn_5d_1,2025/skill-allocation/skill_allocation_only.mzn,2025/skill-allocation/skill_allocation_mzn_5d_1.dzn
2025_stripboard_stripboard_stripboard_w10_h10_l12_c4_n24.json,2025/stripboard/stripboard.mzn,2025/stripboard/stripboard_w10_h10_l12_c4_n24.json
2025_stripboard_stripboard_stripboard_w15_h10_l12_c6_n12.json,2025/stripboard/stripboard.mzn,2025/stripboard/stripboard_w15_h10_l12_c6_n12.json
2025_stripboard_stripboard_stripboard_w20_h15_l12_c6_n12.json,2025/stripboard/stripboard.mzn,2025/stripboard/stripboard_w20_h15_l12_c6_n12.json
2025_stripboard_stripboard_stripboard_w20_h15_l4_c4_n24.json,2025/stripboard/stripboard.mzn,2025/stripboard/stripboard_w20_h15_l4_c4_n24.json
2025_stripboard_stripboard_stripboard_w20_h15_l7_c6_n24.json,2025/stripboard/stripboard.mzn,2025/stripboard/stripboard_w20_h15_l7_c6_n24.json
2025_tower_tower_tower_050_050_10_050-03,2025/tower/tower.mzn,2025/tower/tower_050_050_10_050-03.dzn
2025_tower_tower_tower_070_070_15_070-02,2025/tower/tower.mzn,2025/tower/tower_070_070_15_070-02.dzn
2025_tower_tower_tower_070_070_15_070-08,2025/tower/tower.mzn,2025/tower/tower_070_070_15_070-08.dzn
2025_tower_tower_tower_070_070_30_100-02,2025/tower/tower.mzn,2025/tower/tower_070_070_30_100-02.dzn
2025_tower_tower_tower_500_500_50_300-05,2025/tower/tower.mzn,2025/tower/tower_500_500_50_300-05.dzn
2025_tsptw_tsptw_n100w120.003,2025/tsptw/tsptw.mzn,2025/tsptw/n100w120.003.dzn
2025_tsptw_tsptw_n20w140.005,2025/tsptw/tsptw.mzn,2025/tsptw/n20w140.005.dzn
2025_tsptw_tsptw_n20w160.001,2025/tsptw/tsptw.mzn,2025/tsptw/n20w160.001.dzn
2025_tsptw_tsptw_n20w180.004,2025/tsptw/tsptw.mzn,2025/tsptw/n20w180.004.dzn
2025_tsptw_tsptw_n80w180.003,2025/tsptw/tsptw.mzn,2025/tsptw/n80w180.003.dzn
2025_work-task-variation_work-task-variation_generated-seed-1-length-16-open-14-workers-12-block-15,2025/work-task-variation/work-task-variation.mzn,2025/work-task-variation/generated-seed-1-length-16-open-14-workers-12-block-15.dzn
2025_work-task-variation_work-task-variation_generated-seed-10-length-12-open-10-workers-12-block-5,2025/work-task-variation/work-task-variation.mzn,2025/work-task-variation/generated-seed-10-length-12-open-10-workers-12-block-5.dzn
2025_work-task-variation_work-task-variation_generated-seed-3-length-10-open-8-workers-12-block-15,2025/work-task-variation/work-task-variation.mzn,2025/work-task-variation/generated-seed-3-length-10-open-8-workers-12-block-15.dzn
2025_work-task-variation_work-task-variation_generated-seed-4-length-14-open-12-workers-12-block-15,2025/work-task-variation/work-task-variation.mzn,2025/work-task-variation/generated-seed-4-length-14-open-12-workers-12-block-15.dzn
2025_work-task-variation_work-task-variation_generated-seed-8-length-12-open-10-workers-10-block-15,2025/work-task-variation/work-task-variation.mzn,2025/work-task-variation/generated-seed-8-length-12-open-10-workers-10-block-15.dzn
