================ Slurm Info ================
DATE      = 2026-05-26T11:31:06+09:00
PARTITION = gr10609b
JOB_ID    = 19856577_73
JOB_NAME  = xcsp-parse-cop165-log-scop-cumext-20260526-c609ccd4-dirty-q10609-rerun1
NNODES    = 1
RSC_OPT   = p=1:t=28:c=28:m=128000M
============================================
job_id=19858345 task_id=73 instance_id=73
instance_relpath=COP22to25/CarpetCutting-test08_c23.xml.lzma
row_file=/LARGE0/gr10609/b39275/xcsp3instances/results/kat-cop165-log-scop-cumext-20260526-c609ccd4-dirty-q10609-rerun1/rows/row-19858345-73-73.csv
runsolver_values_log=/LARGE0/gr10609/b39275/xcsp3instances/slurm-logs/runsolver/runsolver-cop165-log-scop-cumext-20260526-c609ccd4-dirty-q10609-rerun1-19858345-73-73/values.log
runsolver_solver_log=/LARGE0/gr10609/b39275/xcsp3instances/slurm-logs/runsolver/runsolver-cop165-log-scop-cumext-20260526-c609ccd4-dirty-q10609-rerun1-19858345-73-73/output.log
runsolver version 3.4.1 (svn: 3018) Copyright (C) 2010-2013 Olivier ROUSSEL

This program is distributed in the hope that it will be useful,
but WITHOUT ANY WARRANTY; without even the implied warranty of
MERCHANTABILITY or FITNESS FOR A PARTICULAR PURPOSE.  See the
GNU General Public License for more details.

NUMA information:
  number of nodes: 8
  memory of node 0: 63700 MiB (42707 MiB free)
  memory of node 1: 64504 MiB (61567 MiB free)
  memory of node 2: 64504 MiB (59020 MiB free)
  memory of node 3: 64504 MiB (61704 MiB free)
  memory of node 4: 64504 MiB (60688 MiB free)
  memory of node 5: 64504 MiB (62399 MiB free)
  memory of node 6: 64461 MiB (62301 MiB free)
  memory of node 7: 64491 MiB (55535 MiB free)
  node distances:
     10  12  12  12  21  21  21  21
     12  10  12  12  21  21  21  21
     12  12  10  12  21  21  21  21
     12  12  12  10  21  21  21  21
     21  21  21  21  10  12  12  12
     21  21  21  21  12  10  12  12
     21  21  21  21  12  12  10  12
     21  21  21  21  12  12  12  10

command line: runsolver -W 1800 -C 1800 -v /logs/runsolver/runsolver-cop165-log-scop-cumext-20260526-c609ccd4-dirty-q10609-rerun1-19858345-73-73/values.log -o /logs/runsolver/runsolver-cop165-log-scop-cumext-20260526-c609ccd4-dirty-q10609-rerun1-19858345-73-73/output.log bash -lc 
set -euo pipefail
if [[ -n "${PARSER_ARGS:-}" ]]; then
  eval "set -- ${PARSER_ARGS}"
  "$PARSER_BIN" "$INSTANCE_PATH" "$@"
else
  "$PARSER_BIN" "$INSTANCE_PATH"
fi
 

running on 48 cores: 19,131,174-175,180-187,62-67,72-82,84-85,87,91,93-94,188-194,196-197,199,203,205-206

Enforcing wall clock limit (soft limit, will send SIGTERM then SIGKILL): 1800 seconds
Enforcing CPUTime limit (soft limit, will send SIGTERM then SIGKILL): 1800 seconds
Enforcing CPUTime limit (hard limit, will send SIGXCPU): 1830 seconds
Linux 4.18.0-553.111.1.el8_10.x86_64
Current StackSize limit: 18014398509481983 KiB
solver pid=1923581, runsolver pid=1923580


[startup+0.100081 s]*
/proc/loadavg: 62.20 63.58 62.47 65/3104 1923586
/proc/meminfo: memFree=477080904/527542224 swapFree=31764092/33554428
[pid=1923581] ppid=1923580 vsize=4244 memory=2892 CPUtime=0 cores=19,62-82,84-85,87,91,93-94,131,174-194,196-197,199,203,205-206
/proc/1923581/stat : 1923581 (bash) S 1923580 1923581 1923479 0 -1 4194304 276 138 0 0 0 0 0 0 20 0 1 0 216609659 4345856 723 134175784960 94474934820864 94474935802781 140729714067376 0 0 0 65536 4 65538 0 0 0 17 181 0 0 0 0 0 94474936036080 94474936084324 94474956546048 140729714077212 140729714077388 140729714077388 140729714089962 0
/proc/1923581/statm: 1061 723 628 240 0 187 0
[pid=1923584] ppid=1923581 vsize=293284 memory=96508 CPUtime=0.18 cores=19,62-82,84-85,87,91,93-94,131,174-194,196-197,199,203,205-206
/proc/1923584/stat : 1923584 (kat_xcsp_c609cc) S 1923581 1923581 1923479 0 -1 1077936128 18988 0 0 0 15 3 0 0 20 0 3 0 216609660 300322816 24127 134175784960 22463878909952 22463886677376 140733175991408 0 0 0 0 4096 8406082 0 0 0 17 131 0 0 0 0 0 22463886791304 22463886812528 93824997212160 140733175995841 140733175996065 140733175996065 140733176008655 0
/proc/1923584/statm: 73321 24127 664 1897 0 41675 0
[pid=1923584/tid=1923585] ppid=1923581 vsize=293284 memory=4050197561594884691 CPUtime=0.19 cores=19,62-82,84-85,87,91,93-94,131,174-194,196-197,199,203,205-206
/proc/1923584/task/1923585/stat : 1923585 (kat_xcsp_c609cc) R 1923581 1923581 1923479 0 -1 4194368 19214 0 0 0 16 3 0 0 20 0 3 0 216609660 300322816 25165 134175784960 22463878909952 22463886677376 140733175991408 0 0 0 0 4096 8406082 0 0 0 -1 181 0 0 0 0 0 22463886791304 22463886812528 93824997212160 140733175995841 140733175996065 140733175996065 140733176008655 0
[pid=1923584/tid=1923586] ppid=1923581 vsize=293284 memory=34738678 CPUtime=0 cores=19,62-82,84-85,87,91,93-94,131,174-194,196-197,199,203,205-206
/proc/1923584/task/1923586/stat : 1923586 (kat_xcsp_c609cc) S 1923581 1923581 1923479 0 -1 1077936192 2 0 0 0 0 0 0 0 20 0 3 0 216609660 300322816 25165 134175784960 22463878909952 22463886677376 140733175991408 0 0 0 0 4096 8406082 0 0 0 -1 131 0 0 0 0 0 22463886791304 22463886812528 93824997212160 140733175995841 140733175996065 140733175996065 140733176008655 0
Current children cumulated CPU time: 0.18 s
Current children cumulated vsize: 297528 KiB
Current children cumulated memory: 99400 KiB

[startup+0.309476 s]*
/proc/loadavg: 62.20 63.58 62.47 67/3104 1923586
/proc/meminfo: memFree=476679776/527542224 swapFree=31764092/33554428
[pid=1923581] ppid=1923580 vsize=4244 memory=2892 CPUtime=0 cores=19,62-82,84-85,87,91,93-94,131,174-194,196-197,199,203,205-206
/proc/1923581/stat : 1923581 (bash) S 1923580 1923581 1923479 0 -1 4194304 276 138 0 0 0 0 0 0 20 0 1 0 216609659 4345856 723 134175784960 94474934820864 94474935802781 140729714067376 0 0 0 65536 4 65538 0 0 0 17 181 0 0 0 0 0 94474936036080 94474936084324 94474956546048 140729714077212 140729714077388 140729714077388 140729714089962 0
/proc/1923581/statm: 1061 723 628 240 0 187 0
[pid=1923584] ppid=1923581 vsize=288860 memory=118160 CPUtime=0.39 cores=19,62-82,84-85,87,91,93-94,131,174-194,196-197,199,203,205-206
/proc/1923584/stat : 1923584 (kat_xcsp_c609cc) S 1923581 1923581 1923479 0 -1 1077936128 23948 0 0 0 34 5 0 0 20 0 3 0 216609660 295792640 29540 134175784960 22463878909952 22463886677376 140733175991408 0 0 0 0 4096 8406082 0 0 0 17 131 0 0 0 0 0 22463886791304 22463886812528 93824997212160 140733175995841 140733175996065 140733175996065 140733176008655 0
/proc/1923584/statm: 72215 29540 744 1897 0 46705 0
[pid=1923584/tid=1923585] ppid=1923581 vsize=288860 memory=4050197561594884691 CPUtime=0.39 cores=19,62-82,84-85,87,91,93-94,131,174-194,196-197,199,203,205-206
/proc/1923584/task/1923585/stat : 1923585 (kat_xcsp_c609cc) R 1923581 1923581 1923479 0 -1 4194368 23656 0 0 0 34 5 0 0 20 0 3 0 216609660 295792640 29540 134175784960 22463878909952 22463886677376 140733175991408 0 0 0 0 4096 8406082 0 0 0 -1 181 0 0 0 0 0 22463886791304 22463886812528 93824997212160 140733175995841 140733175996065 140733175996065 140733176008655 0
[pid=1923584/tid=1923586] ppid=1923581 vsize=288860 memory=34738678 CPUtime=0 cores=19,62-82,84-85,87,91,93-94,131,174-194,196-197,199,203,205-206
/proc/1923584/task/1923586/stat : 1923586 (kat_xcsp_c609cc) S 1923581 1923581 1923479 0 -1 1077936192 2 0 0 0 0 0 0 0 20 0 3 0 216609660 295792640 29540 134175784960 22463878909952 22463886677376 140733175991408 0 0 0 0 4096 8406082 0 0 0 -1 131 0 0 0 0 0 22463886791304 22463886812528 93824997212160 140733175995841 140733175996065 140733175996065 140733176008655 0
Current children cumulated CPU time: 0.39 s
Current children cumulated vsize: 293104 KiB
Current children cumulated memory: 121052 KiB

[startup+0.507334 s]*
/proc/loadavg: 62.20 63.58 62.47 65/3104 1923586
/proc/meminfo: memFree=476991764/527542224 swapFree=31764092/33554428
[pid=1923581] ppid=1923580 vsize=4244 memory=2892 CPUtime=0 cores=19,62-82,84-85,87,91,93-94,131,174-194,196-197,199,203,205-206
/proc/1923581/stat : 1923581 (bash) S 1923580 1923581 1923479 0 -1 4194304 276 138 0 0 0 0 0 0 20 0 1 0 216609659 4345856 723 134175784960 94474934820864 94474935802781 140729714067376 0 0 0 65536 4 65538 0 0 0 17 181 0 0 0 0 0 94474936036080 94474936084324 94474956546048 140729714077212 140729714077388 140729714077388 140729714089962 0
/proc/1923581/statm: 1061 723 628 240 0 187 0
[pid=1923584] ppid=1923581 vsize=288860 memory=118952 CPUtime=0.59 cores=19,62-82,84-85,87,91,93-94,131,174-194,196-197,199,203,205-206
/proc/1923584/stat : 1923584 (kat_xcsp_c609cc) S 1923581 1923581 1923479 0 -1 1077936128 24196 0 0 0 54 5 0 0 20 0 3 0 216609660 295792640 29738 134175784960 22463878909952 22463886677376 140733175991408 0 0 0 0 4096 8406082 0 0 0 17 131 0 0 0 0 0 22463886791304 22463886812528 93824997212160 140733175995841 140733175996065 140733175996065 140733176008655 0
/proc/1923584/statm: 72215 29738 744 1897 0 46903 0
[pid=1923584/tid=1923585] ppid=1923581 vsize=288860 memory=-8713501434067910341 CPUtime=0.59 cores=19,62-82,84-85,87,91,93-94,131,174-194,196-197,199,203,205-206
/proc/1923584/task/1923585/stat : 1923585 (kat_xcsp_c609cc) R 1923581 1923581 1923479 0 -1 4194368 23906 0 0 0 54 5 0 0 20 0 3 0 216609660 295792640 29804 134175784960 22463878909952 22463886677376 140733175991408 0 0 0 0 4096 8406082 0 0 0 -1 181 0 0 0 0 0 22463886791304 22463886812528 93824997212160 140733175995841 140733175996065 140733175996065 140733176008655 0
[pid=1923584/tid=1923586] ppid=1923581 vsize=288860 memory=4426083617403573102 CPUtime=0 cores=19,62-82,84-85,87,91,93-94,131,174-194,196-197,199,203,205-206
/proc/1923584/task/1923586/stat : 1923586 (kat_xcsp_c609cc) S 1923581 1923581 1923479 0 -1 1077936192 2 0 0 0 0 0 0 0 20 0 3 0 216609660 295792640 29804 134175784960 22463878909952 22463886677376 140733175991408 0 0 0 0 4096 8406082 0 0 0 -1 131 0 0 0 0 0 22463886791304 22463886812528 93824997212160 140733175995841 140733175996065 140733175996065 140733176008655 0
Current children cumulated CPU time: 0.59 s
Current children cumulated vsize: 293104 KiB
Current children cumulated memory: 121844 KiB

[startup+0.706489 s]*
/proc/loadavg: 62.20 63.58 62.47 67/3104 1923586
/proc/meminfo: memFree=476983980/527542224 swapFree=31764092/33554428
[pid=1923581] ppid=1923580 vsize=4244 memory=2892 CPUtime=0 cores=19,62-82,84-85,87,91,93-94,131,174-194,196-197,199,203,205-206
/proc/1923581/stat : 1923581 (bash) S 1923580 1923581 1923479 0 -1 4194304 276 138 0 0 0 0 0 0 20 0 1 0 216609659 4345856 723 134175784960 94474934820864 94474935802781 140729714067376 0 0 0 65536 4 65538 0 0 0 17 181 0 0 0 0 0 94474936036080 94474936084324 94474956546048 140729714077212 140729714077388 140729714077388 140729714089962 0
/proc/1923581/statm: 1061 723 628 240 0 187 0
[pid=1923584] ppid=1923581 vsize=288860 memory=126736 CPUtime=0.79 cores=19,62-82,84-85,87,91,93-94,131,174-194,196-197,199,203,205-206
/proc/1923584/stat : 1923584 (kat_xcsp_c609cc) S 1923581 1923581 1923479 0 -1 1077936128 25118 0 0 0 74 5 0 0 20 0 3 0 216609660 295792640 31684 134175784960 22463878909952 22463886677376 140733175991408 0 0 0 0 4096 8406082 0 0 0 17 131 0 0 0 0 0 22463886791304 22463886812528 93824997212160 140733175995841 140733175996065 140733175996065 140733176008655 0
/proc/1923584/statm: 72215 31684 750 1897 0 49577 0
[pid=1923584/tid=1923585] ppid=1923581 vsize=288860 memory=4050197561594884691 CPUtime=0.79 cores=19,62-82,84-85,87,91,93-94,131,174-194,196-197,199,203,205-206
/proc/1923584/task/1923585/stat : 1923585 (kat_xcsp_c609cc) R 1923581 1923581 1923479 0 -1 4194368 24826 0 0 0 74 5 0 0 20 0 3 0 216609660 295792640 31684 134175784960 22463878909952 22463886677376 140733175991408 0 0 0 0 4096 8406082 0 0 0 -1 181 0 0 0 0 0 22463886791304 22463886812528 93824997212160 140733175995841 140733175996065 140733175996065 140733176008655 0
[pid=1923584/tid=1923586] ppid=1923581 vsize=288860 memory=34738678 CPUtime=0 cores=19,62-82,84-85,87,91,93-94,131,174-194,196-197,199,203,205-206
/proc/1923584/task/1923586/stat : 1923586 (kat_xcsp_c609cc) S 1923581 1923581 1923479 0 -1 1077936192 2 0 0 0 0 0 0 0 20 0 3 0 216609660 295792640 31684 134175784960 22463878909952 22463886677376 140733175991408 0 0 0 0 4096 8406082 0 0 0 -1 131 0 0 0 0 0 22463886791304 22463886812528 93824997212160 140733175995841 140733175996065 140733175996065 140733176008655 0
Current children cumulated CPU time: 0.79 s
Current children cumulated vsize: 293104 KiB
Current children cumulated memory: 129628 KiB

[startup+1.50034 s]*
/proc/loadavg: 62.20 63.58 62.47 65/3103 1923586
/proc/meminfo: memFree=476984528/527542224 swapFree=31764092/33554428
[pid=1923581] ppid=1923580 vsize=4244 memory=2892 CPUtime=0 cores=19,62-82,84-85,87,91,93-94,131,174-194,196-197,199,203,205-206
/proc/1923581/stat : 1923581 (bash) S 1923580 1923581 1923479 0 -1 4194304 276 138 0 0 0 0 0 0 20 0 1 0 216609659 4345856 723 134175784960 94474934820864 94474935802781 140729714067376 0 0 0 65536 4 65538 0 0 0 17 181 0 0 0 0 0 94474936036080 94474936084324 94474956546048 140729714077212 140729714077388 140729714077388 140729714089962 0
/proc/1923581/statm: 1061 723 628 240 0 187 0
[pid=1923584] ppid=1923581 vsize=288860 memory=127444 CPUtime=1.58 cores=19,62-82,84-85,87,91,93-94,131,174-194,196-197,199,203,205-206
/proc/1923584/stat : 1923584 (kat_xcsp_c609cc) S 1923581 1923581 1923479 0 -1 1077936128 41510 0 0 0 151 7 0 0 20 0 3 0 216609660 295792640 31861 134175784960 22463878909952 22463886677376 140733175991408 0 0 0 0 4096 8406082 0 0 0 17 131 0 0 0 0 0 22463886791304 22463886812528 93824997212160 140733175995841 140733175996065 140733175996065 140733176008655 0
/proc/1923584/statm: 72215 31861 750 1897 0 49577 0
[pid=1923584/tid=1923585] ppid=1923581 vsize=288860 memory=34646152 CPUtime=1.59 cores=19,62-82,84-85,87,91,93-94,131,174-194,196-197,199,203,205-206
/proc/1923584/task/1923585/stat : 1923585 (kat_xcsp_c609cc) R 1923581 1923581 1923479 0 -1 4194368 41218 0 0 0 152 7 0 0 20 0 3 0 216609660 295792640 31861 134175784960 22463878909952 22463886677376 140733175991408 0 0 0 0 4096 8406082 0 0 0 -1 181 0 0 0 0 0 22463886791304 22463886812528 93824997212160 140733175995841 140733175996065 140733175996065 140733176008655 0
[pid=1923584/tid=1923586] ppid=1923581 vsize=288860 memory=3559924451451877459 CPUtime=0 cores=19,62-82,84-85,87,91,93-94,131,174-194,196-197,199,203,205-206
/proc/1923584/task/1923586/stat : 1923586 (kat_xcsp_c609cc) S 1923581 1923581 1923479 0 -1 1077936192 2 0 0 0 0 0 0 0 20 0 3 0 216609660 295792640 31861 134175784960 22463878909952 22463886677376 140733175991408 0 0 0 0 4096 8406082 0 0 0 -1 131 0 0 0 0 0 22463886791304 22463886812528 93824997212160 140733175995841 140733175996065 140733175996065 140733176008655 0
Current children cumulated CPU time: 1.58 s
Current children cumulated vsize: 293104 KiB
Current children cumulated memory: 130336 KiB

[startup+3.10032 s]
/proc/loadavg: 62.50 63.62 62.49 63/3103 1923586
/proc/meminfo: memFree=476646548/527542224 swapFree=31764092/33554428
[pid=1923581] ppid=1923580 vsize=4244 memory=2892 CPUtime=0 cores=19,62-82,84-85,87,91,93-94,131,174-194,196-197,199,203,205-206
/proc/1923581/stat : 1923581 (bash) S 1923580 1923581 1923479 0 -1 4194304 276 138 0 0 0 0 0 0 20 0 1 0 216609659 4345856 723 134175784960 94474934820864 94474935802781 140729714067376 0 0 0 65536 4 65538 0 0 0 17 181 0 0 0 0 0 94474936036080 94474936084324 94474956546048 140729714077212 140729714077388 140729714077388 140729714089962 0
/proc/1923581/statm: 1061 723 628 240 0 187 0
[pid=1923584] ppid=1923581 vsize=304388 memory=152208 CPUtime=3.06 cores=19,62-82,84-85,87,91,93-94,131,174-194,196-197,199,203,205-206
/proc/1923584/stat : 1923584 (kat_xcsp_c609cc) S 1923581 1923581 1923479 0 -1 1077936128 59485 0 0 0 298 8 0 0 20 0 3 0 216609660 311693312 38052 134175784960 22463878909952 22463886677376 140733175991408 0 0 0 0 4096 8406082 0 0 0 17 131 0 0 0 0 0 22463886791304 22463886812528 93824997212160 140733175995841 140733175996065 140733175996065 140733176008655 0
/proc/1923584/statm: 76097 38052 782 1897 0 55222 0
[pid=1923584/tid=1923585] ppid=1923581 vsize=304388 memory=179 CPUtime=3.06 cores=19,62-82,84-85,87,91,93-94,131,174-194,196-197,199,203,205-206
/proc/1923584/task/1923585/stat : 1923585 (kat_xcsp_c609cc) R 1923581 1923581 1923479 0 -1 4194368 59200 0 0 0 298 8 0 0 20 0 3 0 216609660 311693312 38052 134175784960 22463878909952 22463886677376 140733175991408 0 0 0 0 4096 8406082 0 0 0 -1 181 0 0 0 0 0 22463886791304 22463886812528 93824997212160 140733175995841 140733175996065 140733175996065 140733176008655 0
[pid=1923584/tid=1923586] ppid=1923581 vsize=304388 memory=5096 CPUtime=0 cores=19,62-82,84-85,87,91,93-94,131,174-194,196-197,199,203,205-206
/proc/1923584/task/1923586/stat : 1923586 (kat_xcsp_c609cc) S 1923581 1923581 1923479 0 -1 1077936192 2 0 0 0 0 0 0 0 20 0 3 0 216609660 311693312 38052 134175784960 22463878909952 22463886677376 140733175991408 0 0 0 0 4096 8406082 0 0 0 -1 131 0 0 0 0 0 22463886791304 22463886812528 93824997212160 140733175995841 140733175996065 140733175996065 140733176008655 0
Current children cumulated CPU time: 3.06 s
Current children cumulated vsize: 308632 KiB
Current children cumulated memory: 155100 KiB

[startup+6.30034 s]
/proc/loadavg: 62.50 63.62 62.49 66/3103 1923586
/proc/meminfo: memFree=476926964/527542224 swapFree=31764092/33554428
[pid=1923581] ppid=1923580 vsize=4244 memory=2892 CPUtime=0 cores=19,62-82,84-85,87,91,93-94,131,174-194,196-197,199,203,205-206
/proc/1923581/stat : 1923581 (bash) S 1923580 1923581 1923479 0 -1 4194304 276 138 0 0 0 0 0 0 20 0 1 0 216609659 4345856 723 134175784960 94474934820864 94474935802781 140729714067376 0 0 0 65536 4 65538 0 0 0 17 181 0 0 0 0 0 94474936036080 94474936084324 94474956546048 140729714077212 140729714077388 140729714077388 140729714089962 0
/proc/1923581/statm: 1061 723 628 240 0 187 0
[pid=1923584] ppid=1923581 vsize=292264 memory=151500 CPUtime=6.25 cores=19,62-82,84-85,87,91,93-94,131,174-194,196-197,199,203,205-206
/proc/1923584/stat : 1923584 (kat_xcsp_c609cc) S 1923581 1923581 1923479 0 -1 1077936128 89866 0 0 0 610 15 0 0 20 0 3 0 216609660 299278336 37875 134175784960 22463878909952 22463886677376 140733175991408 0 0 0 0 4096 8406082 0 0 0 17 131 0 0 0 0 0 22463886791304 22463886812528 93824997212160 140733175995841 140733175996065 140733175996065 140733176008655 0
/proc/1923584/statm: 73066 37875 803 1897 0 54619 0
[pid=1923584/tid=1923585] ppid=1923581 vsize=292264 memory=10088 CPUtime=6.25 cores=19,62-82,84-85,87,91,93-94,131,174-194,196-197,199,203,205-206
/proc/1923584/task/1923585/stat : 1923585 (kat_xcsp_c609cc) R 1923581 1923581 1923479 0 -1 4194368 89574 0 0 0 610 15 0 0 20 0 3 0 216609660 299278336 37875 134175784960 22463878909952 22463886677376 140733175991408 0 0 0 0 4096 8406082 0 0 0 -1 181 0 0 0 0 0 22463886791304 22463886812528 93824997212160 140733175995841 140733175996065 140733175996065 140733176008655 0
[pid=1923584/tid=1923586] ppid=1923581 vsize=292264 memory=161484 CPUtime=0 cores=19,62-82,84-85,87,91,93-94,131,174-194,196-197,199,203,205-206
/proc/1923584/task/1923586/stat : 1923586 (kat_xcsp_c609cc) S 1923581 1923581 1923479 0 -1 1077936192 2 0 0 0 0 0 0 0 20 0 3 0 216609660 299278336 37875 134175784960 22463878909952 22463886677376 140733175991408 0 0 0 0 4096 8406082 0 0 0 -1 131 0 0 0 0 0 22463886791304 22463886812528 93824997212160 140733175995841 140733175996065 140733175996065 140733176008655 0
Current children cumulated CPU time: 6.25 s
Current children cumulated vsize: 296508 KiB
Current children cumulated memory: 154392 KiB

[startup+12.7184 s]
/proc/loadavg: 62.80 63.65 62.51 67/3101 1923597
/proc/meminfo: memFree=476857540/527542224 swapFree=31764092/33554428
[pid=1923581] ppid=1923580 vsize=4244 memory=2892 CPUtime=0 cores=19,62-82,84-85,87,91,93-94,131,174-194,196-197,199,203,205-206
/proc/1923581/stat : 1923581 (bash) S 1923580 1923581 1923479 0 -1 4194304 276 138 0 0 0 0 0 0 20 0 1 0 216609659 4345856 723 134175784960 94474934820864 94474935802781 140729714067376 0 0 0 65536 4 65538 0 0 0 17 181 0 0 0 0 0 94474936036080 94474936084324 94474956546048 140729714077212 140729714077388 140729714077388 140729714089962 0
/proc/1923581/statm: 1061 723 628 240 0 187 0
[pid=1923584] ppid=1923581 vsize=301216 memory=160616 CPUtime=12.64 cores=19,62-82,84-85,87,91,93-94,131,174-194,196-197,199,203,205-206
/proc/1923584/stat : 1923584 (kat_xcsp_c609cc) S 1923581 1923581 1923479 0 -1 1077936128 111708 0 0 0 1244 20 0 0 20 0 3 0 216609660 308445184 40154 134175784960 22463878909952 22463886677376 140733175991408 0 0 0 0 4096 8406082 0 0 0 17 131 0 0 0 0 0 22463886791304 22463886812528 93824997212160 140733175995841 140733175996065 140733175996065 140733176008655 0
/proc/1923584/statm: 75304 40154 807 1897 0 56857 0
[pid=1923584/tid=1923585] ppid=1923581 vsize=301216 memory=2892 CPUtime=12.64 cores=19,62-82,84-85,87,91,93-94,131,174-194,196-197,199,203,205-206
/proc/1923584/task/1923585/stat : 1923585 (kat_xcsp_c609cc) R 1923581 1923581 1923479 0 -1 4194368 111416 0 0 0 1244 20 0 0 20 0 3 0 216609660 308445184 40154 134175784960 22463878909952 22463886677376 140733175991408 0 0 0 0 4096 8406082 0 0 0 -1 62 0 0 0 0 0 22463886791304 22463886812528 93824997212160 140733175995841 140733175996065 140733175996065 140733176008655 0
[pid=1923584/tid=1923586] ppid=1923581 vsize=301216 memory=2892 CPUtime=0 cores=19,62-82,84-85,87,91,93-94,131,174-194,196-197,199,203,205-206
/proc/1923584/task/1923586/stat : 1923586 (kat_xcsp_c609cc) S 1923581 1923581 1923479 0 -1 1077936192 2 0 0 0 0 0 0 0 20 0 3 0 216609660 308445184 40154 134175784960 22463878909952 22463886677376 140733175991408 0 0 0 0 4096 8406082 0 0 0 -1 131 0 0 0 0 0 22463886791304 22463886812528 93824997212160 140733175995841 140733175996065 140733175996065 140733176008655 0
Current children cumulated CPU time: 12.64 s
Current children cumulated vsize: 305460 KiB
Current children cumulated memory: 163508 KiB

[startup+25.5003 s]
/proc/loadavg: 63.37 63.74 62.55 63/3101 1923597
/proc/meminfo: memFree=476848212/527542224 swapFree=31764092/33554428
[pid=1923581] ppid=1923580 vsize=4244 memory=2892 CPUtime=0 cores=19,62-82,84-85,87,91,93-94,131,174-194,196-197,199,203,205-206
/proc/1923581/stat : 1923581 (bash) S 1923580 1923581 1923479 0 -1 4194304 276 138 0 0 0 0 0 0 20 0 1 0 216609659 4345856 723 134175784960 94474934820864 94474935802781 140729714067376 0 0 0 65536 4 65538 0 0 0 17 181 0 0 0 0 0 94474936036080 94474936084324 94474956546048 140729714077212 140729714077388 140729714077388 140729714089962 0
/proc/1923581/statm: 1061 723 628 240 0 187 0
[pid=1923584] ppid=1923581 vsize=313988 memory=173388 CPUtime=25.36 cores=19,62-82,84-85,87,91,93-94,131,174-194,196-197,199,203,205-206
/proc/1923584/stat : 1923584 (kat_xcsp_c609cc) S 1923581 1923581 1923479 0 -1 1077936128 166586 0 0 0 2507 29 0 0 20 0 3 0 216609660 321523712 43347 134175784960 22463878909952 22463886677376 140733175991408 0 0 0 0 4096 8406082 0 0 0 17 131 0 0 0 0 0 22463886791304 22463886812528 93824997212160 140733175995841 140733175996065 140733175996065 140733176008655 0
/proc/1923584/statm: 78497 43347 807 1897 0 60050 0
[pid=1923584/tid=1923585] ppid=1923581 vsize=313988 memory=0 CPUtime=25.35 cores=19,62-82,84-85,87,91,93-94,131,174-194,196-197,199,203,205-206
/proc/1923584/task/1923585/stat : 1923585 (kat_xcsp_c609cc) R 1923581 1923581 1923479 0 -1 4194368 166294 0 0 0 2507 28 0 0 20 0 3 0 216609660 321523712 43347 134175784960 22463878909952 22463886677376 140733175991408 0 0 0 0 4096 8406082 0 0 0 -1 62 0 0 0 0 0 22463886791304 22463886812528 93824997212160 140733175995841 140733175996065 140733175996065 140733176008655 0
[pid=1923584/tid=1923586] ppid=1923581 vsize=313988 memory=240876 CPUtime=0 cores=19,62-82,84-85,87,91,93-94,131,174-194,196-197,199,203,205-206
/proc/1923584/task/1923586/stat : 1923586 (kat_xcsp_c609cc) S 1923581 1923581 1923479 0 -1 1077936192 2 0 0 0 0 0 0 0 20 0 3 0 216609660 321523712 43347 134175784960 22463878909952 22463886677376 140733175991408 0 0 0 0 4096 8406082 0 0 0 -1 131 0 0 0 0 0 22463886791304 22463886812528 93824997212160 140733175995841 140733175996065 140733175996065 140733176008655 0
Current children cumulated CPU time: 25.36 s
Current children cumulated vsize: 318232 KiB
Current children cumulated memory: 176280 KiB

[startup+51.2075 s]
/proc/loadavg: 63.46 63.73 62.58 67/3101 1923597
/proc/meminfo: memFree=476742076/527542224 swapFree=31764092/33554428
[pid=1923581] ppid=1923580 vsize=4244 memory=2892 CPUtime=0 cores=19,62-82,84-85,87,91,93-94,131,174-194,196-197,199,203,205-206
/proc/1923581/stat : 1923581 (bash) S 1923580 1923581 1923479 0 -1 4194304 276 138 0 0 0 0 0 0 20 0 1 0 216609659 4345856 723 134175784960 94474934820864 94474935802781 140729714067376 0 0 0 65536 4 65538 0 0 0 17 181 0 0 0 0 0 94474936036080 94474936084324 94474956546048 140729714077212 140729714077388 140729714077388 140729714089962 0
/proc/1923581/statm: 1061 723 628 240 0 187 0
[pid=1923584] ppid=1923581 vsize=312304 memory=171748 CPUtime=50.94 cores=19,62-82,84-85,87,91,93-94,131,174-194,196-197,199,203,205-206
/proc/1923584/stat : 1923584 (kat_xcsp_c609cc) S 1923581 1923581 1923479 0 -1 1077936128 275495 0 0 0 5048 46 0 0 20 0 3 0 216609660 319799296 42937 134175784960 22463878909952 22463886677376 140733175991408 0 0 0 0 4096 8406082 0 0 0 17 131 0 0 0 0 0 22463886791304 22463886812528 93824997212160 140733175995841 140733175996065 140733175996065 140733176008655 0
/proc/1923584/statm: 78076 42937 808 1897 0 59629 0
[pid=1923584/tid=1923585] ppid=1923581 vsize=312304 memory=2892 CPUtime=50.94 cores=19,62-82,84-85,87,91,93-94,131,174-194,196-197,199,203,205-206
/proc/1923584/task/1923585/stat : 1923585 (kat_xcsp_c609cc) R 1923581 1923581 1923479 0 -1 4194368 275203 0 0 0 5048 46 0 0 20 0 3 0 216609660 319799296 42937 134175784960 22463878909952 22463886677376 140733175991408 0 0 0 0 4096 8406082 0 0 0 -1 62 0 0 0 0 0 22463886791304 22463886812528 93824997212160 140733175995841 140733175996065 140733175996065 140733176008655 0
[pid=1923584/tid=1923586] ppid=1923581 vsize=312304 memory=2892 CPUtime=0 cores=19,62-82,84-85,87,91,93-94,131,174-194,196-197,199,203,205-206
/proc/1923584/task/1923586/stat : 1923586 (kat_xcsp_c609cc) S 1923581 1923581 1923479 0 -1 1077936192 2 0 0 0 0 0 0 0 20 0 3 0 216609660 319799296 42937 134175784960 22463878909952 22463886677376 140733175991408 0 0 0 0 4096 8406082 0 0 0 -1 131 0 0 0 0 0 22463886791304 22463886812528 93824997212160 140733175995841 140733175996065 140733175996065 140733176008655 0
Current children cumulated CPU time: 50.94 s
Current children cumulated vsize: 316548 KiB
Current children cumulated memory: 174640 KiB

[startup+102.3 s]
/proc/loadavg: 64.24 63.90 62.70 39/3101 1923600
/proc/meminfo: memFree=476194600/527542224 swapFree=31764092/33554428
[pid=1923581] ppid=1923580 vsize=4244 memory=2892 CPUtime=0 cores=19,62-82,84-85,87,91,93-94,131,174-194,196-197,199,203,205-206
/proc/1923581/stat : 1923581 (bash) S 1923580 1923581 1923479 0 -1 4194304 276 138 0 0 0 0 0 0 20 0 1 0 216609659 4345856 723 134175784960 94474934820864 94474935802781 140729714067376 0 0 0 65536 4 65538 0 0 0 17 181 0 0 0 0 0 94474936036080 94474936084324 94474956546048 140729714077212 140729714077388 140729714077388 140729714089962 0
/proc/1923581/statm: 1061 723 628 240 0 187 0
[pid=1923584] ppid=1923581 vsize=363276 memory=201924 CPUtime=101.8 cores=19,62-82,84-85,87,91,93-94,131,174-194,196-197,199,203,205-206
/proc/1923584/stat : 1923584 (kat_xcsp_c609cc) S 1923581 1923581 1923479 0 -1 1077936128 427271 0 0 0 10116 64 0 0 20 0 3 0 216609660 371994624 50481 134175784960 22463878909952 22463886677376 140733175991408 0 0 0 0 4096 8406082 0 0 0 17 131 0 0 0 0 0 22463886791304 22463886812528 93824997212160 140733175995841 140733175996065 140733175996065 140733176008655 0
/proc/1923584/statm: 90819 50481 808 1897 0 72372 0
[pid=1923584/tid=1923585] ppid=1923581 vsize=363276 memory=1864 CPUtime=101.79 cores=19,62-82,84-85,87,91,93-94,131,174-194,196-197,199,203,205-206
/proc/1923584/task/1923585/stat : 1923585 (kat_xcsp_c609cc) R 1923581 1923581 1923479 0 -1 4194368 426979 0 0 0 10115 64 0 0 20 0 3 0 216609660 371994624 50481 134175784960 22463878909952 22463886677376 140733175991408 0 0 0 0 4096 8406082 0 0 0 -1 62 0 0 0 0 0 22463886791304 22463886812528 93824997212160 140733175995841 140733175996065 140733175996065 140733176008655 0
[pid=1923584/tid=1923586] ppid=1923581 vsize=363276 memory=3296 CPUtime=0 cores=19,62-82,84-85,87,91,93-94,131,174-194,196-197,199,203,205-206
/proc/1923584/task/1923586/stat : 1923586 (kat_xcsp_c609cc) S 1923581 1923581 1923479 0 -1 1077936192 2 0 0 0 0 0 0 0 20 0 3 0 216609660 371994624 50481 134175784960 22463878909952 22463886677376 140733175991408 0 0 0 0 4096 8406082 0 0 0 -1 131 0 0 0 0 0 22463886791304 22463886812528 93824997212160 140733175995841 140733175996065 140733175996065 140733176008655 0
Current children cumulated CPU time: 101.8 s
Current children cumulated vsize: 367520 KiB
Current children cumulated memory: 204816 KiB

[startup+162.312 s]
/proc/loadavg: 64.40 64.01 62.82 63/3101 1923605
/proc/meminfo: memFree=475789500/527542224 swapFree=31764092/33554428
[pid=1923581] ppid=1923580 vsize=4244 memory=2892 CPUtime=0 cores=19,62-82,84-85,87,91,93-94,131,174-194,196-197,199,203,205-206
/proc/1923581/stat : 1923581 (bash) S 1923580 1923581 1923479 0 -1 4194304 276 138 0 0 0 0 0 0 20 0 1 0 216609659 4345856 723 134175784960 94474934820864 94474935802781 140729714067376 0 0 0 65536 4 65538 0 0 0 17 181 0 0 0 0 0 94474936036080 94474936084324 94474956546048 140729714077212 140729714077388 140729714077388 140729714089962 0
/proc/1923581/statm: 1061 723 628 240 0 187 0
[pid=1923584] ppid=1923581 vsize=514540 memory=349592 CPUtime=161.5 cores=19,62-82,84-85,87,91,93-94,131,174-194,196-197,199,203,205-206
/proc/1923584/stat : 1923584 (kat_xcsp_c609cc) S 1923581 1923581 1923479 0 -1 1077936128 609264 0 0 0 16057 93 0 0 20 0 3 0 216609660 526888960 87398 134175784960 22463878909952 22463886677376 140733175991408 0 0 0 0 4096 8406082 0 0 0 17 131 0 0 0 0 0 22463886791304 22463886812528 93824997212160 140733175995841 140733175996065 140733175996065 140733176008655 0
/proc/1923584/statm: 128635 87398 808 1897 0 109289 0
[pid=1923584/tid=1923585] ppid=1923581 vsize=514540 memory=2892 CPUtime=161.5 cores=19,62-82,84-85,87,91,93-94,131,174-194,196-197,199,203,205-206
/proc/1923584/task/1923585/stat : 1923585 (kat_xcsp_c609cc) R 1923581 1923581 1923479 0 -1 4194368 608972 0 0 0 16057 93 0 0 20 0 3 0 216609660 526888960 87398 134175784960 22463878909952 22463886677376 140733175991408 0 0 0 0 4096 8406082 0 0 0 -1 62 0 0 0 0 0 22463886791304 22463886812528 93824997212160 140733175995841 140733175996065 140733175996065 140733176008655 0
[pid=1923584/tid=1923586] ppid=1923581 vsize=514540 memory=2892 CPUtime=0 cores=19,62-82,84-85,87,91,93-94,131,174-194,196-197,199,203,205-206
/proc/1923584/task/1923586/stat : 1923586 (kat_xcsp_c609cc) S 1923581 1923581 1923479 0 -1 1077936192 2 0 0 0 0 0 0 0 20 0 3 0 216609660 526888960 87398 134175784960 22463878909952 22463886677376 140733175991408 0 0 0 0 4096 8406082 0 0 0 -1 131 0 0 0 0 0 22463886791304 22463886812528 93824997212160 140733175995841 140733175996065 140733175996065 140733176008655 0
Current children cumulated CPU time: 161.5 s
Current children cumulated vsize: 518784 KiB
Current children cumulated memory: 352484 KiB

[startup+222.3 s]
/proc/loadavg: 64.34 64.08 62.91 62/3100 1923607
/proc/meminfo: memFree=474254272/527542224 swapFree=31764092/33554428
[pid=1923581] ppid=1923580 vsize=4244 memory=2892 CPUtime=0 cores=19,62-82,84-85,87,91,93-94,131,174-194,196-197,199,203,205-206
/proc/1923581/stat : 1923581 (bash) S 1923580 1923581 1923479 0 -1 4194304 276 138 0 0 0 0 0 0 20 0 1 0 216609659 4345856 723 134175784960 94474934820864 94474935802781 140729714067376 0 0 0 65536 4 65538 0 0 0 17 181 0 0 0 0 0 94474936036080 94474936084324 94474956546048 140729714077212 140729714077388 140729714077388 140729714089962 0
/proc/1923581/statm: 1061 723 628 240 0 187 0
[pid=1923584] ppid=1923581 vsize=645612 memory=426356 CPUtime=221.17 cores=19,62-82,84-85,87,91,93-94,131,174-194,196-197,199,203,205-206
/proc/1923584/stat : 1923584 (kat_xcsp_c609cc) S 1923581 1923581 1923479 0 -1 1077936128 811763 0 0 0 21991 126 0 0 20 0 3 0 216609660 661106688 106589 134175784960 22463878909952 22463886677376 140733175991408 0 0 0 0 4096 8406082 0 0 0 17 131 0 0 0 0 0 22463886791304 22463886812528 93824997212160 140733175995841 140733175996065 140733175996065 140733176008655 0
/proc/1923584/statm: 161403 106589 808 1897 0 131005 0
[pid=1923584/tid=1923585] ppid=1923581 vsize=645612 memory=2892 CPUtime=221.17 cores=19,62-82,84-85,87,91,93-94,131,174-194,196-197,199,203,205-206
/proc/1923584/task/1923585/stat : 1923585 (kat_xcsp_c609cc) R 1923581 1923581 1923479 0 -1 4194368 811471 0 0 0 21991 126 0 0 20 0 3 0 216609660 661106688 106589 134175784960 22463878909952 22463886677376 140733175991408 0 0 0 0 4096 8406082 0 0 0 -1 62 0 0 0 0 0 22463886791304 22463886812528 93824997212160 140733175995841 140733175996065 140733175996065 140733176008655 0
[pid=1923584/tid=1923586] ppid=1923581 vsize=645612 memory=2892 CPUtime=0 cores=19,62-82,84-85,87,91,93-94,131,174-194,196-197,199,203,205-206
/proc/1923584/task/1923586/stat : 1923586 (kat_xcsp_c609cc) S 1923581 1923581 1923479 0 -1 1077936192 2 0 0 0 0 0 0 0 20 0 3 0 216609660 661106688 106589 134175784960 22463878909952 22463886677376 140733175991408 0 0 0 0 4096 8406082 0 0 0 -1 131 0 0 0 0 0 22463886791304 22463886812528 93824997212160 140733175995841 140733175996065 140733175996065 140733176008655 0
Current children cumulated CPU time: 221.17 s
Current children cumulated vsize: 649856 KiB
Current children cumulated memory: 429248 KiB

[startup+282.3 s]
/proc/loadavg: 64.70 64.23 63.05 65/3094 1923619
/proc/meminfo: memFree=476240112/527542224 swapFree=31764092/33554428
[pid=1923581] ppid=1923580 vsize=4244 memory=2892 CPUtime=0 cores=19,62-82,84-85,87,91,93-94,131,174-194,196-197,199,203,205-206
/proc/1923581/stat : 1923581 (bash) S 1923580 1923581 1923479 0 -1 4194304 276 138 0 0 0 0 0 0 20 0 1 0 216609659 4345856 723 134175784960 94474934820864 94474935802781 140729714067376 0 0 0 65536 4 65538 0 0 0 17 181 0 0 0 0 0 94474936036080 94474936084324 94474956546048 140729714077212 140729714077388 140729714077388 140729714089962 0
/proc/1923581/statm: 1061 723 628 240 0 187 0
[pid=1923584] ppid=1923581 vsize=711148 memory=491988 CPUtime=280.87 cores=19,62-82,84-85,87,91,93-94,131,174-194,196-197,199,203,205-206
/proc/1923584/stat : 1923584 (kat_xcsp_c609cc) S 1923581 1923581 1923479 0 -1 1077936128 1015790 0 0 0 27932 155 0 0 20 0 3 0 216609660 728215552 122997 134175784960 22463878909952 22463886677376 140733175991408 0 0 0 0 4096 8406082 0 0 0 17 131 0 0 0 0 0 22463886791304 22463886812528 93824997212160 140733175995841 140733175996065 140733175996065 140733176008655 0
/proc/1923584/statm: 177787 122997 808 1897 0 147839 0
[pid=1923584/tid=1923585] ppid=1923581 vsize=711148 memory=7162201569425187929 CPUtime=280.86 cores=19,62-82,84-85,87,91,93-94,131,174-194,196-197,199,203,205-206
/proc/1923584/task/1923585/stat : 1923585 (kat_xcsp_c609cc) R 1923581 1923581 1923479 0 -1 4194368 1015498 0 0 0 27932 154 0 0 20 0 3 0 216609660 728215552 122997 134175784960 22463878909952 22463886677376 140733175991408 0 0 0 0 4096 8406082 0 0 0 -1 62 0 0 0 0 0 22463886791304 22463886812528 93824997212160 140733175995841 140733175996065 140733175996065 140733176008655 0
[pid=1923584/tid=1923586] ppid=1923581 vsize=711148 memory=7296235568257138963 CPUtime=0 cores=19,62-82,84-85,87,91,93-94,131,174-194,196-197,199,203,205-206
/proc/1923584/task/1923586/stat : 1923586 (kat_xcsp_c609cc) S 1923581 1923581 1923479 0 -1 1077936192 2 0 0 0 0 0 0 0 20 0 3 0 216609660 728215552 122997 134175784960 22463878909952 22463886677376 140733175991408 0 0 0 0 4096 8406082 0 0 0 -1 131 0 0 0 0 0 22463886791304 22463886812528 93824997212160 140733175995841 140733175996065 140733175996065 140733176008655 0
Current children cumulated CPU time: 280.87 s
Current children cumulated vsize: 715392 KiB
Current children cumulated memory: 494880 KiB

[startup+342.3 s]
/proc/loadavg: 64.42 64.20 63.10 67/3090 1923622
/proc/meminfo: memFree=476097132/527542224 swapFree=31764092/33554428
[pid=1923581] ppid=1923580 vsize=4244 memory=2892 CPUtime=0 cores=19,62-82,84-85,87,91,93-94,131,174-194,196-197,199,203,205-206
/proc/1923581/stat : 1923581 (bash) S 1923580 1923581 1923479 0 -1 4194304 276 138 0 0 0 0 0 0 20 0 1 0 216609659 4345856 723 134175784960 94474934820864 94474935802781 140729714067376 0 0 0 65536 4 65538 0 0 0 17 181 0 0 0 0 0 94474936036080 94474936084324 94474956546048 140729714077212 140729714077388 140729714077388 140729714089962 0
/proc/1923581/statm: 1061 723 628 240 0 187 0
[pid=1923584] ppid=1923581 vsize=776684 memory=543300 CPUtime=340.57 cores=19,62-82,84-85,87,91,93-94,131,174-194,196-197,199,203,205-206
/proc/1923584/stat : 1923584 (kat_xcsp_c609cc) S 1923581 1923581 1923479 0 -1 1077936128 1285869 0 0 0 33867 190 0 0 20 0 3 0 216609660 795324416 135825 134175784960 22463878909952 22463886677376 140733175991408 0 0 0 0 4096 8406082 0 0 0 17 131 0 0 0 0 0 22463886791304 22463886812528 93824997212160 140733175995841 140733175996065 140733175996065 140733176008655 0
/proc/1923584/statm: 194171 135825 808 1897 0 160749 0
[pid=1923584/tid=1923585] ppid=1923581 vsize=776684 memory=2892 CPUtime=340.56 cores=19,62-82,84-85,87,91,93-94,131,174-194,196-197,199,203,205-206
/proc/1923584/task/1923585/stat : 1923585 (kat_xcsp_c609cc) R 1923581 1923581 1923479 0 -1 4194368 1285577 0 0 0 33866 190 0 0 20 0 3 0 216609660 795324416 135825 134175784960 22463878909952 22463886677376 140733175991408 0 0 0 0 4096 8406082 0 0 0 -1 62 0 0 0 0 0 22463886791304 22463886812528 93824997212160 140733175995841 140733175996065 140733175996065 140733176008655 0
[pid=1923584/tid=1923586] ppid=1923581 vsize=776684 memory=0 CPUtime=0 cores=19,62-82,84-85,87,91,93-94,131,174-194,196-197,199,203,205-206
/proc/1923584/task/1923586/stat : 1923586 (kat_xcsp_c609cc) S 1923581 1923581 1923479 0 -1 1077936192 2 0 0 0 0 0 0 0 20 0 3 0 216609660 795324416 135825 134175784960 22463878909952 22463886677376 140733175991408 0 0 0 0 4096 8406082 0 0 0 -1 131 0 0 0 0 0 22463886791304 22463886812528 93824997212160 140733175995841 140733175996065 140733175996065 140733176008655 0
Current children cumulated CPU time: 340.57 s
Current children cumulated vsize: 780928 KiB
Current children cumulated memory: 546192 KiB

[startup+402.3 s]
/proc/loadavg: 64.04 64.17 63.17 65/3089 1923625
/proc/meminfo: memFree=475460108/527542224 swapFree=31765884/33554428
[pid=1923581] ppid=1923580 vsize=4244 memory=2892 CPUtime=0 cores=19,62-82,84-85,87,91,93-94,131,174-194,196-197,199,203,205-206
/proc/1923581/stat : 1923581 (bash) S 1923580 1923581 1923479 0 -1 4194304 276 138 0 0 0 0 0 0 20 0 1 0 216609659 4345856 723 134175784960 94474934820864 94474935802781 140729714067376 0 0 0 65536 4 65538 0 0 0 17 181 0 0 0 0 0 94474936036080 94474936084324 94474956546048 140729714077212 140729714077388 140729714077388 140729714089962 0
/proc/1923581/statm: 1061 723 628 240 0 187 0
[pid=1923584] ppid=1923581 vsize=776684 memory=587228 CPUtime=400.27 cores=19,62-82,84-85,87,91,93-94,131,174-194,196-197,199,203,205-206
/proc/1923584/stat : 1923584 (kat_xcsp_c609cc) S 1923581 1923581 1923479 0 -1 1077936128 1596577 0 0 0 39799 228 0 0 20 0 3 0 216609660 795324416 146807 134175784960 22463878909952 22463886677376 140733175991408 0 0 0 0 4096 8406082 0 0 0 17 131 0 0 0 0 0 22463886791304 22463886812528 93824997212160 140733175995841 140733175996065 140733175996065 140733176008655 0
/proc/1923584/statm: 194171 146807 808 1897 0 171280 0
[pid=1923584/tid=1923585] ppid=1923581 vsize=776684 memory=2008 CPUtime=400.27 cores=19,62-82,84-85,87,91,93-94,131,174-194,196-197,199,203,205-206
/proc/1923584/task/1923585/stat : 1923585 (kat_xcsp_c609cc) R 1923581 1923581 1923479 0 -1 4194368 1596285 0 0 0 39799 228 0 0 20 0 3 0 216609660 795324416 146807 134175784960 22463878909952 22463886677376 140733175991408 0 0 0 0 4096 8406082 0 0 0 -1 174 0 0 0 0 0 22463886791304 22463886812528 93824997212160 140733175995841 140733175996065 140733175996065 140733176008655 0
[pid=1923584/tid=1923586] ppid=1923581 vsize=776684 memory=2892 CPUtime=0 cores=19,62-82,84-85,87,91,93-94,131,174-194,196-197,199,203,205-206
/proc/1923584/task/1923586/stat : 1923586 (kat_xcsp_c609cc) S 1923581 1923581 1923479 0 -1 1077936192 2 0 0 0 0 0 0 0 20 0 3 0 216609660 795324416 146807 134175784960 22463878909952 22463886677376 140733175991408 0 0 0 0 4096 8406082 0 0 0 -1 131 0 0 0 0 0 22463886791304 22463886812528 93824997212160 140733175995841 140733175996065 140733175996065 140733176008655 0
Current children cumulated CPU time: 400.27 s
Current children cumulated vsize: 780928 KiB
Current children cumulated memory: 590120 KiB

[startup+462.3 s]
/proc/loadavg: 61.94 63.38 62.94 65/3090 1923628
/proc/meminfo: memFree=475834584/527542224 swapFree=31765884/33554428
[pid=1923581] ppid=1923580 vsize=4244 memory=2892 CPUtime=0 cores=19,62-82,84-85,87,91,93-94,131,174-194,196-197,199,203,205-206
/proc/1923581/stat : 1923581 (bash) S 1923580 1923581 1923479 0 -1 4194304 276 138 0 0 0 0 0 0 20 0 1 0 216609659 4345856 723 134175784960 94474934820864 94474935802781 140729714067376 0 0 0 65536 4 65538 0 0 0 17 181 0 0 0 0 0 94474936036080 94474936084324 94474956546048 140729714077212 140729714077388 140729714077388 140729714089962 0
/proc/1923581/statm: 1061 723 628 240 0 187 0
[pid=1923584] ppid=1923581 vsize=842220 memory=623600 CPUtime=459.97 cores=19,62-82,84-85,87,91,93-94,131,174-194,196-197,199,203,205-206
/proc/1923584/stat : 1923584 (kat_xcsp_c609cc) S 1923581 1923581 1923479 0 -1 1077936128 1795805 0 0 0 45739 258 0 0 20 0 3 0 216609660 862433280 155900 134175784960 22463878909952 22463886677376 140733175991408 0 0 0 0 4096 8406082 0 0 0 17 131 0 0 0 0 0 22463886791304 22463886812528 93824997212160 140733175995841 140733175996065 140733175996065 140733176008655 0
/proc/1923584/statm: 210555 155900 20 1897 0 180773 0
[pid=1923584/tid=1923585] ppid=1923581 vsize=842220 memory=2892 CPUtime=459.97 cores=19,62-82,84-85,87,91,93-94,131,174-194,196-197,199,203,205-206
/proc/1923584/task/1923585/stat : 1923585 (kat_xcsp_c609cc) R 1923581 1923581 1923479 0 -1 4194368 1795513 0 0 0 45739 258 0 0 20 0 3 0 216609660 862433280 155900 134175784960 22463878909952 22463886677376 140733175991408 0 0 0 0 4096 8406082 0 0 0 -1 174 0 0 0 0 0 22463886791304 22463886812528 93824997212160 140733175995841 140733175996065 140733175996065 140733176008655 0
[pid=1923584/tid=1923586] ppid=1923581 vsize=842220 memory=11780 CPUtime=0 cores=19,62-82,84-85,87,91,93-94,131,174-194,196-197,199,203,205-206
/proc/1923584/task/1923586/stat : 1923586 (kat_xcsp_c609cc) S 1923581 1923581 1923479 0 -1 1077936192 2 0 0 0 0 0 0 0 20 0 3 0 216609660 862433280 155900 134175784960 22463878909952 22463886677376 140733175991408 0 0 0 0 4096 8406082 0 0 0 -1 131 0 0 0 0 0 22463886791304 22463886812528 93824997212160 140733175995841 140733175996065 140733175996065 140733176008655 0
Current children cumulated CPU time: 459.97 s
Current children cumulated vsize: 846464 KiB
Current children cumulated memory: 626492 KiB

[startup+522.3 s]
/proc/loadavg: 63.71 63.65 63.07 66/3090 1923630
/proc/meminfo: memFree=475519152/527542224 swapFree=31766140/33554428
[pid=1923581] ppid=1923580 vsize=4244 memory=2892 CPUtime=0 cores=19,62-82,84-85,87,91,93-94,131,174-194,196-197,199,203,205-206
/proc/1923581/stat : 1923581 (bash) S 1923580 1923581 1923479 0 -1 4194304 276 138 0 0 0 0 0 0 20 0 1 0 216609659 4345856 723 134175784960 94474934820864 94474935802781 140729714067376 0 0 0 65536 4 65538 0 0 0 17 181 0 0 0 0 0 94474936036080 94474936084324 94474956546048 140729714077212 140729714077388 140729714077388 140729714089962 0
/proc/1923581/statm: 1061 723 628 240 0 187 0
[pid=1923584] ppid=1923581 vsize=842220 memory=663224 CPUtime=519.67 cores=19,62-82,84-85,87,91,93-94,131,174-194,196-197,199,203,205-206
/proc/1923584/stat : 1923584 (kat_xcsp_c609cc) S 1923581 1923581 1923479 0 -1 1077936128 2072509 0 0 0 51674 293 0 0 20 0 3 0 216609660 862433280 165806 134175784960 22463878909952 22463886677376 140733175991408 0 0 0 0 4096 8406082 0 0 0 17 131 0 0 0 0 0 22463886791304 22463886812528 93824997212160 140733175995841 140733175996065 140733175996065 140733176008655 0
/proc/1923584/statm: 210555 165806 20 1897 0 190488 0
[pid=1923584/tid=1923585] ppid=1923581 vsize=842220 memory=663224 CPUtime=519.67 cores=19,62-82,84-85,87,91,93-94,131,174-194,196-197,199,203,205-206
/proc/1923584/task/1923585/stat : 1923585 (kat_xcsp_c609cc) R 1923581 1923581 1923479 0 -1 4194368 2072217 0 0 0 51674 293 0 0 20 0 3 0 216609660 862433280 165806 134175784960 22463878909952 22463886677376 140733175991408 0 0 0 0 4096 8406082 0 0 0 -1 62 0 0 0 0 0 22463886791304 22463886812528 93824997212160 140733175995841 140733175996065 140733175996065 140733176008655 0
[pid=1923584/tid=1923586] ppid=1923581 vsize=842220 memory=2892 CPUtime=0 cores=19,62-82,84-85,87,91,93-94,131,174-194,196-197,199,203,205-206
/proc/1923584/task/1923586/stat : 1923586 (kat_xcsp_c609cc) S 1923581 1923581 1923479 0 -1 1077936192 2 0 0 0 0 0 0 0 20 0 3 0 216609660 862433280 165806 134175784960 22463878909952 22463886677376 140733175991408 0 0 0 0 4096 8406082 0 0 0 -1 131 0 0 0 0 0 22463886791304 22463886812528 93824997212160 140733175995841 140733175996065 140733175996065 140733176008655 0
Current children cumulated CPU time: 519.67 s
Current children cumulated vsize: 846464 KiB
Current children cumulated memory: 666116 KiB

[startup+582.3 s]*
/proc/loadavg: 64.21 63.79 63.15 67/3090 1923633
/proc/meminfo: memFree=476094036/527542224 swapFree=31766140/33554428
[pid=1923581] ppid=1923580 vsize=4244 memory=2892 CPUtime=0 cores=19,62-82,84-85,87,91,93-94,131,174-194,196-197,199,203,205-206
/proc/1923581/stat : 1923581 (bash) S 1923580 1923581 1923479 0 -1 4194304 276 138 0 0 0 0 0 0 20 0 1 0 216609659 4345856 723 134175784960 94474934820864 94474935802781 140729714067376 0 0 0 65536 4 65538 0 0 0 17 181 0 0 0 0 0 94474936036080 94474936084324 94474956546048 140729714077212 140729714077388 140729714077388 140729714089962 0
/proc/1923581/statm: 1061 723 628 240 0 187 0
[pid=1923584] ppid=1923581 vsize=907756 memory=692484 CPUtime=579.49 cores=19,62-82,84-85,87,91,93-94,131,174-194,196-197,199,203,205-206
/proc/1923584/stat : 1923584 (kat_xcsp_c609cc) S 1923581 1923581 1923479 0 -1 1077936128 2338589 0 0 0 57625 324 0 0 20 0 3 0 216609660 929542144 173121 134175784960 22463878909952 22463886677376 140733175991408 0 0 0 0 4096 8406082 0 0 0 17 131 0 0 0 0 0 22463886791304 22463886812528 93824997212160 140733175995841 140733175996065 140733175996065 140733176008655 0
/proc/1923584/statm: 226939 173121 20 1897 0 198029 0
[pid=1923584/tid=1923585] ppid=1923581 vsize=907756 memory=4426083617403573102 CPUtime=579.5 cores=19,62-82,84-85,87,91,93-94,131,174-194,196-197,199,203,205-206
/proc/1923584/task/1923585/stat : 1923585 (kat_xcsp_c609cc) R 1923581 1923581 1923479 0 -1 4194368 2338299 0 0 0 57626 324 0 0 20 0 3 0 216609660 929542144 173121 134175784960 22463878909952 22463886677376 140733175991408 0 0 0 0 4096 8406082 0 0 0 -1 174 0 0 0 0 0 22463886791304 22463886812528 93824997212160 140733175995841 140733175996065 140733175996065 140733176008655 0
[pid=1923584/tid=1923586] ppid=1923581 vsize=907756 memory=45364 CPUtime=0 cores=19,62-82,84-85,87,91,93-94,131,174-194,196-197,199,203,205-206
/proc/1923584/task/1923586/stat : 1923586 (kat_xcsp_c609cc) S 1923581 1923581 1923479 0 -1 1077936192 2 0 0 0 0 0 0 0 20 0 3 0 216609660 929542144 173121 134175784960 22463878909952 22463886677376 140733175991408 0 0 0 0 4096 8406082 0 0 0 -1 131 0 0 0 0 0 22463886791304 22463886812528 93824997212160 140733175995841 140733175996065 140733175996065 140733176008655 0
Current children cumulated CPU time: 579.49 s
Current children cumulated vsize: 912000 KiB
Current children cumulated memory: 695376 KiB

[startup+642.3 s]
/proc/loadavg: 64.45 63.95 63.25 65/3089 1923635
/proc/meminfo: memFree=475716336/527542224 swapFree=31766140/33554428
[pid=1923581] ppid=1923580 vsize=4244 memory=2892 CPUtime=0 cores=19,62-82,84-85,87,91,93-94,131,174-194,196-197,199,203,205-206
/proc/1923581/stat : 1923581 (bash) S 1923580 1923581 1923479 0 -1 4194304 276 138 0 0 0 0 0 0 20 0 1 0 216609659 4345856 723 134175784960 94474934820864 94474935802781 140729714067376 0 0 0 65536 4 65538 0 0 0 17 181 0 0 0 0 0 94474936036080 94474936084324 94474956546048 140729714077212 140729714077388 140729714077388 140729714089962 0
/proc/1923581/statm: 1061 723 628 240 0 187 0
[pid=1923584] ppid=1923581 vsize=907756 memory=720772 CPUtime=639.1 cores=19,62-82,84-85,87,91,93-94,131,174-194,196-197,199,203,205-206
/proc/1923584/stat : 1923584 (kat_xcsp_c609cc) S 1923581 1923581 1923479 0 -1 1077936128 2602568 0 0 0 63554 356 0 0 20 0 3 0 216609660 929542144 180193 134175784960 22463878909952 22463886677376 140733175991408 0 0 0 0 4096 8406082 0 0 0 17 131 0 0 0 0 0 22463886791304 22463886812528 93824997212160 140733175995841 140733175996065 140733175996065 140733176008655 0
/proc/1923584/statm: 226939 180193 20 1897 0 204984 0
[pid=1923584/tid=1923585] ppid=1923581 vsize=907756 memory=716336 CPUtime=639.1 cores=19,62-82,84-85,87,91,93-94,131,174-194,196-197,199,203,205-206
/proc/1923584/task/1923585/stat : 1923585 (kat_xcsp_c609cc) R 1923581 1923581 1923479 0 -1 4194368 2602276 0 0 0 63554 356 0 0 20 0 3 0 216609660 929542144 180193 134175784960 22463878909952 22463886677376 140733175991408 0 0 0 0 4096 8406082 0 0 0 -1 62 0 0 0 0 0 22463886791304 22463886812528 93824997212160 140733175995841 140733175996065 140733175996065 140733176008655 0
[pid=1923584/tid=1923586] ppid=1923581 vsize=907756 memory=716208 CPUtime=0 cores=19,62-82,84-85,87,91,93-94,131,174-194,196-197,199,203,205-206
/proc/1923584/task/1923586/stat : 1923586 (kat_xcsp_c609cc) S 1923581 1923581 1923479 0 -1 1077936192 2 0 0 0 0 0 0 0 20 0 3 0 216609660 929542144 180193 134175784960 22463878909952 22463886677376 140733175991408 0 0 0 0 4096 8406082 0 0 0 -1 131 0 0 0 0 0 22463886791304 22463886812528 93824997212160 140733175995841 140733175996065 140733175996065 140733176008655 0
Current children cumulated CPU time: 639.1 s
Current children cumulated vsize: 912000 KiB
Current children cumulated memory: 723664 KiB

[startup+702.409 s]
/proc/loadavg: 64.82 64.12 63.35 65/3088 1923637
/proc/meminfo: memFree=475405960/527542224 swapFree=31766140/33554428
[pid=1923581] ppid=1923580 vsize=4244 memory=2892 CPUtime=0 cores=19,62-82,84-85,87,91,93-94,131,174-194,196-197,199,203,205-206
/proc/1923581/stat : 1923581 (bash) S 1923580 1923581 1923479 0 -1 4194304 276 138 0 0 0 0 0 0 20 0 1 0 216609659 4345856 723 134175784960 94474934820864 94474935802781 140729714067376 0 0 0 65536 4 65538 0 0 0 17 181 0 0 0 0 0 94474936036080 94474936084324 94474956546048 140729714077212 140729714077388 140729714077388 140729714089962 0
/proc/1923581/statm: 1061 723 628 240 0 187 0
[pid=1923584] ppid=1923581 vsize=973292 memory=751676 CPUtime=698.93 cores=19,62-82,84-85,87,91,93-94,131,174-194,196-197,199,203,205-206
/proc/1923584/stat : 1923584 (kat_xcsp_c609cc) S 1923581 1923581 1923479 0 -1 1077936128 2856148 0 0 0 69507 386 0 0 20 0 3 0 216609660 996651008 187919 134175784960 22463878909952 22463886677376 140733175991408 0 0 0 0 4096 8406082 0 0 0 17 131 0 0 0 0 0 22463886791304 22463886812528 93824997212160 140733175995841 140733175996065 140733175996065 140733176008655 0
/proc/1923584/statm: 243323 187919 20 1897 0 212979 0
[pid=1923584/tid=1923585] ppid=1923581 vsize=973292 memory=2892 CPUtime=698.91 cores=19,62-82,84-85,87,91,93-94,131,174-194,196-197,199,203,205-206
/proc/1923584/task/1923585/stat : 1923585 (kat_xcsp_c609cc) R 1923581 1923581 1923479 0 -1 4194368 2855856 0 0 0 69506 385 0 0 20 0 3 0 216609660 996651008 187919 134175784960 22463878909952 22463886677376 140733175991408 0 0 0 0 4096 8406082 0 0 0 -1 174 0 0 0 0 0 22463886791304 22463886812528 93824997212160 140733175995841 140733175996065 140733175996065 140733176008655 0
[pid=1923584/tid=1923586] ppid=1923581 vsize=973292 memory=740400 CPUtime=0 cores=19,62-82,84-85,87,91,93-94,131,174-194,196-197,199,203,205-206
/proc/1923584/task/1923586/stat : 1923586 (kat_xcsp_c609cc) S 1923581 1923581 1923479 0 -1 1077936192 2 0 0 0 0 0 0 0 20 0 3 0 216609660 996651008 187919 134175784960 22463878909952 22463886677376 140733175991408 0 0 0 0 4096 8406082 0 0 0 -1 131 0 0 0 0 0 22463886791304 22463886812528 93824997212160 140733175995841 140733175996065 140733175996065 140733176008655 0
Current children cumulated CPU time: 698.93 s
Current children cumulated vsize: 977536 KiB
Current children cumulated memory: 754568 KiB

[startup+762.3 s]
/proc/loadavg: 64.79 64.23 63.44 40/3087 1923639
/proc/meminfo: memFree=475299912/527542224 swapFree=31766140/33554428
[pid=1923581] ppid=1923580 vsize=4244 memory=2892 CPUtime=0 cores=19,62-82,84-85,87,91,93-94,131,174-194,196-197,199,203,205-206
/proc/1923581/stat : 1923581 (bash) S 1923580 1923581 1923479 0 -1 4194304 276 138 0 0 0 0 0 0 20 0 1 0 216609659 4345856 723 134175784960 94474934820864 94474935802781 140729714067376 0 0 0 65536 4 65538 0 0 0 17 181 0 0 0 0 0 94474936036080 94474936084324 94474956546048 140729714077212 140729714077388 140729714077388 140729714089962 0
/proc/1923581/statm: 1061 723 628 240 0 187 0
[pid=1923584] ppid=1923581 vsize=973292 memory=778000 CPUtime=758.54 cores=19,62-82,84-85,87,91,93-94,131,174-194,196-197,199,203,205-206
/proc/1923584/stat : 1923584 (kat_xcsp_c609cc) S 1923581 1923581 1923479 0 -1 1077936128 3043680 0 0 0 75442 412 0 0 20 0 3 0 216609660 996651008 194500 134175784960 22463878909952 22463886677376 140733175991408 0 0 0 0 4096 8406082 0 0 0 17 131 0 0 0 0 0 22463886791304 22463886812528 93824997212160 140733175995841 140733175996065 140733175996065 140733176008655 0
/proc/1923584/statm: 243323 194500 20 1897 0 220140 0
[pid=1923584/tid=1923585] ppid=1923581 vsize=973292 memory=8468 CPUtime=758.54 cores=19,62-82,84-85,87,91,93-94,131,174-194,196-197,199,203,205-206
/proc/1923584/task/1923585/stat : 1923585 (kat_xcsp_c609cc) R 1923581 1923581 1923479 0 -1 4194368 3043388 0 0 0 75442 412 0 0 20 0 3 0 216609660 996651008 194500 134175784960 22463878909952 22463886677376 140733175991408 0 0 0 0 4096 8406082 0 0 0 -1 62 0 0 0 0 0 22463886791304 22463886812528 93824997212160 140733175995841 140733175996065 140733175996065 140733176008655 0
[pid=1923584/tid=1923586] ppid=1923581 vsize=973292 memory=7296235568257138963 CPUtime=0 cores=19,62-82,84-85,87,91,93-94,131,174-194,196-197,199,203,205-206
/proc/1923584/task/1923586/stat : 1923586 (kat_xcsp_c609cc) S 1923581 1923581 1923479 0 -1 1077936192 2 0 0 0 0 0 0 0 20 0 3 0 216609660 996651008 194500 134175784960 22463878909952 22463886677376 140733175991408 0 0 0 0 4096 8406082 0 0 0 -1 131 0 0 0 0 0 22463886791304 22463886812528 93824997212160 140733175995841 140733175996065 140733175996065 140733176008655 0
Current children cumulated CPU time: 758.54 s
Current children cumulated vsize: 977536 KiB
Current children cumulated memory: 780892 KiB

[startup+822.312 s]
/proc/loadavg: 65.22 64.47 63.58 67/3088 1923643
/proc/meminfo: memFree=475276620/527542224 swapFree=31766140/33554428
[pid=1923581] ppid=1923580 vsize=4244 memory=2892 CPUtime=0 cores=19,62-82,84-85,87,91,93-94,131,174-194,196-197,199,203,205-206
/proc/1923581/stat : 1923581 (bash) S 1923580 1923581 1923479 0 -1 4194304 276 138 0 0 0 0 0 0 20 0 1 0 216609659 4345856 723 134175784960 94474934820864 94474935802781 140729714067376 0 0 0 65536 4 65538 0 0 0 17 181 0 0 0 0 0 94474936036080 94474936084324 94474956546048 140729714077212 140729714077388 140729714077388 140729714089962 0
/proc/1923581/statm: 1061 723 628 240 0 187 0
[pid=1923584] ppid=1923581 vsize=1038828 memory=802064 CPUtime=818.28 cores=19,62-82,84-85,87,91,93-94,131,174-194,196-197,199,203,205-206
/proc/1923584/stat : 1923584 (kat_xcsp_c609cc) S 1923581 1923581 1923479 0 -1 1077936128 3186043 0 0 0 81395 433 0 0 20 0 3 0 216609660 1063759872 200516 134175784960 22463878909952 22463886677376 140733175991408 0 0 0 0 4096 8406082 0 0 0 17 131 0 0 0 0 0 22463886791304 22463886812528 93824997212160 140733175995841 140733175996065 140733175996065 140733176008655 0
/proc/1923584/statm: 259707 200516 20 1897 0 226137 0
[pid=1923584/tid=1923585] ppid=1923581 vsize=1038828 memory=797956 CPUtime=818.27 cores=19,62-82,84-85,87,91,93-94,131,174-194,196-197,199,203,205-206
/proc/1923584/task/1923585/stat : 1923585 (kat_xcsp_c609cc) R 1923581 1923581 1923479 0 -1 4194368 3185751 0 0 0 81395 432 0 0 20 0 3 0 216609660 1063759872 200516 134175784960 22463878909952 22463886677376 140733175991408 0 0 0 0 4096 8406082 0 0 0 -1 62 0 0 0 0 0 22463886791304 22463886812528 93824997212160 140733175995841 140733175996065 140733175996065 140733176008655 0
[pid=1923584/tid=1923586] ppid=1923581 vsize=1038828 memory=2892 CPUtime=0 cores=19,62-82,84-85,87,91,93-94,131,174-194,196-197,199,203,205-206
/proc/1923584/task/1923586/stat : 1923586 (kat_xcsp_c609cc) S 1923581 1923581 1923479 0 -1 1077936192 2 0 0 0 0 0 0 0 20 0 3 0 216609660 1063759872 200516 134175784960 22463878909952 22463886677376 140733175991408 0 0 0 0 4096 8406082 0 0 0 -1 131 0 0 0 0 0 22463886791304 22463886812528 93824997212160 140733175995841 140733175996065 140733175996065 140733176008655 0
Current children cumulated CPU time: 818.28 s
Current children cumulated vsize: 1043072 KiB
Current children cumulated memory: 804956 KiB

[startup+882.3 s]
/proc/loadavg: 65.14 64.58 63.67 67/3089 1923655
/proc/meminfo: memFree=474823508/527542224 swapFree=31766140/33554428
[pid=1923581] ppid=1923580 vsize=4244 memory=2892 CPUtime=0 cores=19,62-82,84-85,87,91,93-94,131,174-194,196-197,199,203,205-206
/proc/1923581/stat : 1923581 (bash) S 1923580 1923581 1923479 0 -1 4194304 276 138 0 0 0 0 0 0 20 0 1 0 216609659 4345856 723 134175784960 94474934820864 94474935802781 140729714067376 0 0 0 65536 4 65538 0 0 0 17 181 0 0 0 0 0 94474936036080 94474936084324 94474956546048 140729714077212 140729714077388 140729714077388 140729714089962 0
/proc/1923581/statm: 1061 723 628 240 0 187 0
[pid=1923584] ppid=1923581 vsize=1073832 memory=835864 CPUtime=877.99 cores=19,62-82,84-85,87,91,93-94,131,174-194,196-197,199,203,205-206
/proc/1923584/stat : 1923584 (kat_xcsp_c609cc) S 1923581 1923581 1923479 0 -1 1077936128 3354140 0 0 0 87345 454 0 0 20 0 3 0 216609660 1099603968 208966 134175784960 22463878909952 22463886677376 140733175991408 0 0 0 0 4096 8406082 0 0 0 17 131 0 0 0 0 0 22463886791304 22463886812528 93824997212160 140733175995841 140733175996065 140733175996065 140733176008655 0
/proc/1923584/statm: 268458 208966 20 1897 0 238724 0
[pid=1923584/tid=1923585] ppid=1923581 vsize=1073832 memory=2892 CPUtime=877.99 cores=19,62-82,84-85,87,91,93-94,131,174-194,196-197,199,203,205-206
/proc/1923584/task/1923585/stat : 1923585 (kat_xcsp_c609cc) R 1923581 1923581 1923479 0 -1 4194368 3353848 0 0 0 87345 454 0 0 20 0 3 0 216609660 1099603968 208966 134175784960 22463878909952 22463886677376 140733175991408 0 0 0 0 4096 8406082 0 0 0 -1 62 0 0 0 0 0 22463886791304 22463886812528 93824997212160 140733175995841 140733175996065 140733175996065 140733176008655 0
[pid=1923584/tid=1923586] ppid=1923581 vsize=1073832 memory=0 CPUtime=0 cores=19,62-82,84-85,87,91,93-94,131,174-194,196-197,199,203,205-206
/proc/1923584/task/1923586/stat : 1923586 (kat_xcsp_c609cc) S 1923581 1923581 1923479 0 -1 1077936192 2 0 0 0 0 0 0 0 20 0 3 0 216609660 1099603968 208966 134175784960 22463878909952 22463886677376 140733175991408 0 0 0 0 4096 8406082 0 0 0 -1 131 0 0 0 0 0 22463886791304 22463886812528 93824997212160 140733175995841 140733175996065 140733175996065 140733176008655 0
Current children cumulated CPU time: 877.99 s
Current children cumulated vsize: 1078076 KiB
Current children cumulated memory: 838756 KiB

[startup+942.3 s]
/proc/loadavg: 65.01 64.63 63.75 65/3089 1923658
/proc/meminfo: memFree=474303216/527542224 swapFree=31766140/33554428
[pid=1923581] ppid=1923580 vsize=4244 memory=2892 CPUtime=0 cores=19,62-82,84-85,87,91,93-94,131,174-194,196-197,199,203,205-206
/proc/1923581/stat : 1923581 (bash) S 1923580 1923581 1923479 0 -1 4194304 276 138 0 0 0 0 0 0 20 0 1 0 216609659 4345856 723 134175784960 94474934820864 94474935802781 140729714067376 0 0 0 65536 4 65538 0 0 0 17 181 0 0 0 0 0 94474936036080 94474936084324 94474956546048 140729714077212 140729714077388 140729714077388 140729714089962 0
/proc/1923581/statm: 1061 723 628 240 0 187 0
[pid=1923584] ppid=1923581 vsize=1073832 memory=847436 CPUtime=937.72 cores=19,62-82,84-85,87,91,93-94,131,174-194,196-197,199,203,205-206
/proc/1923584/stat : 1923584 (kat_xcsp_c609cc) S 1923581 1923581 1923479 0 -1 1077936128 3464801 0 0 0 93304 468 0 0 20 0 3 0 216609660 1099603968 211859 134175784960 22463878909952 22463886677376 140733175991408 0 0 0 0 4096 8406082 0 0 0 17 131 0 0 0 0 0 22463886791304 22463886812528 93824997212160 140733175995841 140733175996065 140733175996065 140733176008655 0
/proc/1923584/statm: 268458 211859 20 1897 0 241627 0
[pid=1923584/tid=1923585] ppid=1923581 vsize=1073832 memory=6648 CPUtime=937.72 cores=19,62-82,84-85,87,91,93-94,131,174-194,196-197,199,203,205-206
/proc/1923584/task/1923585/stat : 1923585 (kat_xcsp_c609cc) R 1923581 1923581 1923479 0 -1 4194368 3464509 0 0 0 93304 468 0 0 20 0 3 0 216609660 1099603968 211859 134175784960 22463878909952 22463886677376 140733175991408 0 0 0 0 4096 8406082 0 0 0 -1 62 0 0 0 0 0 22463886791304 22463886812528 93824997212160 140733175995841 140733175996065 140733175996065 140733176008655 0
[pid=1923584/tid=1923586] ppid=1923581 vsize=1073832 memory=2732 CPUtime=0 cores=19,62-82,84-85,87,91,93-94,131,174-194,196-197,199,203,205-206
/proc/1923584/task/1923586/stat : 1923586 (kat_xcsp_c609cc) S 1923581 1923581 1923479 0 -1 1077936192 2 0 0 0 0 0 0 0 20 0 3 0 216609660 1099603968 211859 134175784960 22463878909952 22463886677376 140733175991408 0 0 0 0 4096 8406082 0 0 0 -1 131 0 0 0 0 0 22463886791304 22463886812528 93824997212160 140733175995841 140733175996065 140733175996065 140733176008655 0
Current children cumulated CPU time: 937.72 s
Current children cumulated vsize: 1078076 KiB
Current children cumulated memory: 850328 KiB

[startup+1002.3 s]
/proc/loadavg: 65.05 64.71 63.83 65/3089 1923661
/proc/meminfo: memFree=471753052/527542224 swapFree=31766140/33554428
[pid=1923581] ppid=1923580 vsize=4244 memory=2892 CPUtime=0 cores=19,62-82,84-85,87,91,93-94,131,174-194,196-197,199,203,205-206
/proc/1923581/stat : 1923581 (bash) S 1923580 1923581 1923479 0 -1 4194304 276 138 0 0 0 0 0 0 20 0 1 0 216609659 4345856 723 134175784960 94474934820864 94474935802781 140729714067376 0 0 0 65536 4 65538 0 0 0 17 181 0 0 0 0 0 94474936036080 94474936084324 94474956546048 140729714077212 140729714077388 140729714077388 140729714089962 0
/proc/1923581/statm: 1061 723 628 240 0 187 0
[pid=1923584] ppid=1923581 vsize=1073832 memory=869724 CPUtime=997.45 cores=19,62-82,84-85,87,91,93-94,131,174-194,196-197,199,203,205-206
/proc/1923584/stat : 1923584 (kat_xcsp_c609cc) S 1923581 1923581 1923479 0 -1 1077936128 3487291 0 0 0 99271 474 0 0 20 0 3 0 216609660 1099603968 217431 134175784960 22463878909952 22463886677376 140733175991408 0 0 0 0 4096 8406082 0 0 0 17 131 0 0 0 0 0 22463886791304 22463886812528 93824997212160 140733175995841 140733175996065 140733175996065 140733176008655 0
/proc/1923584/statm: 268458 217431 20 1897 0 247961 0
[pid=1923584/tid=1923585] ppid=1923581 vsize=1073832 memory=2892 CPUtime=997.45 cores=19,62-82,84-85,87,91,93-94,131,174-194,196-197,199,203,205-206
/proc/1923584/task/1923585/stat : 1923585 (kat_xcsp_c609cc) R 1923581 1923581 1923479 0 -1 4194368 3486999 0 0 0 99271 474 0 0 20 0 3 0 216609660 1099603968 217431 134175784960 22463878909952 22463886677376 140733175991408 0 0 0 0 4096 8406082 0 0 0 -1 62 0 0 0 0 0 22463886791304 22463886812528 93824997212160 140733175995841 140733175996065 140733175996065 140733176008655 0
[pid=1923584/tid=1923586] ppid=1923581 vsize=1073832 memory=868932 CPUtime=0 cores=19,62-82,84-85,87,91,93-94,131,174-194,196-197,199,203,205-206
/proc/1923584/task/1923586/stat : 1923586 (kat_xcsp_c609cc) S 1923581 1923581 1923479 0 -1 1077936192 2 0 0 0 0 0 0 0 20 0 3 0 216609660 1099603968 217431 134175784960 22463878909952 22463886677376 140733175991408 0 0 0 0 4096 8406082 0 0 0 -1 131 0 0 0 0 0 22463886791304 22463886812528 93824997212160 140733175995841 140733175996065 140733175996065 140733176008655 0
Current children cumulated CPU time: 997.45 s
Current children cumulated vsize: 1078076 KiB
Current children cumulated memory: 872616 KiB

[startup+1062.3 s]
/proc/loadavg: 64.82 64.71 63.89 62/3089 1923663
/proc/meminfo: memFree=475050656/527542224 swapFree=31766140/33554428
[pid=1923581] ppid=1923580 vsize=4244 memory=2892 CPUtime=0 cores=19,62-82,84-85,87,91,93-94,131,174-194,196-197,199,203,205-206
/proc/1923581/stat : 1923581 (bash) S 1923580 1923581 1923479 0 -1 4194304 276 138 0 0 0 0 0 0 20 0 1 0 216609659 4345856 723 134175784960 94474934820864 94474935802781 140729714067376 0 0 0 65536 4 65538 0 0 0 17 181 0 0 0 0 0 94474936036080 94474936084324 94474956546048 140729714077212 140729714077388 140729714077388 140729714089962 0
/proc/1923581/statm: 1061 723 628 240 0 187 0
[pid=1923584] ppid=1923581 vsize=1139368 memory=892908 CPUtime=1057.19 cores=19,62-82,84-85,87,91,93-94,131,174-194,196-197,199,203,205-206
/proc/1923584/stat : 1923584 (kat_xcsp_c609cc) S 1923581 1923581 1923479 0 -1 1077936128 3672405 0 0 0 105221 498 0 0 20 0 3 0 216609660 1166712832 223227 134175784960 22463878909952 22463886677376 140733175991408 0 0 0 0 4096 8406082 0 0 0 17 131 0 0 0 0 0 22463886791304 22463886812528 93824997212160 140733175995841 140733175996065 140733175996065 140733176008655 0
/proc/1923584/statm: 284842 223227 20 1897 0 253278 0
[pid=1923584/tid=1923585] ppid=1923581 vsize=1139368 memory=2892 CPUtime=1057.19 cores=19,62-82,84-85,87,91,93-94,131,174-194,196-197,199,203,205-206
/proc/1923584/task/1923585/stat : 1923585 (kat_xcsp_c609cc) R 1923581 1923581 1923479 0 -1 4194368 3672113 0 0 0 105221 498 0 0 20 0 3 0 216609660 1166712832 223227 134175784960 22463878909952 22463886677376 140733175991408 0 0 0 0 4096 8406082 0 0 0 -1 62 0 0 0 0 0 22463886791304 22463886812528 93824997212160 140733175995841 140733175996065 140733175996065 140733176008655 0
[pid=1923584/tid=1923586] ppid=1923581 vsize=1139368 memory=877432 CPUtime=0 cores=19,62-82,84-85,87,91,93-94,131,174-194,196-197,199,203,205-206
/proc/1923584/task/1923586/stat : 1923586 (kat_xcsp_c609cc) S 1923581 1923581 1923479 0 -1 1077936192 2 0 0 0 0 0 0 0 20 0 3 0 216609660 1166712832 223227 134175784960 22463878909952 22463886677376 140733175991408 0 0 0 0 4096 8406082 0 0 0 -1 131 0 0 0 0 0 22463886791304 22463886812528 93824997212160 140733175995841 140733175996065 140733175996065 140733176008655 0
Current children cumulated CPU time: 1057.19 s
Current children cumulated vsize: 1143612 KiB
Current children cumulated memory: 895800 KiB

[startup+1122.3 s]
/proc/loadavg: 65.08 64.79 63.97 65/3088 1923665
/proc/meminfo: memFree=475036044/527542224 swapFree=31766140/33554428
[pid=1923581] ppid=1923580 vsize=4244 memory=2892 CPUtime=0 cores=19,62-82,84-85,87,91,93-94,131,174-194,196-197,199,203,205-206
/proc/1923581/stat : 1923581 (bash) S 1923580 1923581 1923479 0 -1 4194304 276 138 0 0 0 0 0 0 20 0 1 0 216609659 4345856 723 134175784960 94474934820864 94474935802781 140729714067376 0 0 0 65536 4 65538 0 0 0 17 181 0 0 0 0 0 94474936036080 94474936084324 94474956546048 140729714077212 140729714077388 140729714077388 140729714089962 0
/proc/1923581/statm: 1061 723 628 240 0 187 0
[pid=1923584] ppid=1923581 vsize=1139368 memory=911872 CPUtime=1116.92 cores=19,62-82,84-85,87,91,93-94,131,174-194,196-197,199,203,205-206
/proc/1923584/stat : 1923584 (kat_xcsp_c609cc) S 1923581 1923581 1923479 0 -1 1077936128 3821559 0 0 0 111173 519 0 0 20 0 3 0 216609660 1166712832 227968 134175784960 22463878909952 22463886677376 140733175991408 0 0 0 0 4096 8406082 0 0 0 17 131 0 0 0 0 0 22463886791304 22463886812528 93824997212160 140733175995841 140733175996065 140733175996065 140733176008655 0
/proc/1923584/statm: 284842 227968 20 1897 0 258050 0
[pid=1923584/tid=1923585] ppid=1923581 vsize=1139368 memory=2892 CPUtime=1116.92 cores=19,62-82,84-85,87,91,93-94,131,174-194,196-197,199,203,205-206
/proc/1923584/task/1923585/stat : 1923585 (kat_xcsp_c609cc) R 1923581 1923581 1923479 0 -1 4194368 3821267 0 0 0 111173 519 0 0 20 0 3 0 216609660 1166712832 227968 134175784960 22463878909952 22463886677376 140733175991408 0 0 0 0 4096 8406082 0 0 0 -1 174 0 0 0 0 0 22463886791304 22463886812528 93824997212160 140733175995841 140733175996065 140733175996065 140733176008655 0
[pid=1923584/tid=1923586] ppid=1923581 vsize=1139368 memory=2892 CPUtime=0 cores=19,62-82,84-85,87,91,93-94,131,174-194,196-197,199,203,205-206
/proc/1923584/task/1923586/stat : 1923586 (kat_xcsp_c609cc) S 1923581 1923581 1923479 0 -1 1077936192 2 0 0 0 0 0 0 0 20 0 3 0 216609660 1166712832 227968 134175784960 22463878909952 22463886677376 140733175991408 0 0 0 0 4096 8406082 0 0 0 -1 131 0 0 0 0 0 22463886791304 22463886812528 93824997212160 140733175995841 140733175996065 140733175996065 140733176008655 0
Current children cumulated CPU time: 1116.92 s
Current children cumulated vsize: 1143612 KiB
Current children cumulated memory: 914764 KiB

[startup+1182.3 s]
/proc/loadavg: 64.84 64.78 64.02 65/3088 1923669
/proc/meminfo: memFree=473909032/527542224 swapFree=31766140/33554428
[pid=1923581] ppid=1923580 vsize=4244 memory=2892 CPUtime=0 cores=19,62-82,84-85,87,91,93-94,131,174-194,196-197,199,203,205-206
/proc/1923581/stat : 1923581 (bash) S 1923580 1923581 1923479 0 -1 4194304 276 138 0 0 0 0 0 0 20 0 1 0 216609659 4345856 723 134175784960 94474934820864 94474935802781 140729714067376 0 0 0 65536 4 65538 0 0 0 17 181 0 0 0 0 0 94474936036080 94474936084324 94474956546048 140729714077212 140729714077388 140729714077388 140729714089962 0
/proc/1923581/statm: 1061 723 628 240 0 187 0
[pid=1923584] ppid=1923581 vsize=1139368 memory=934124 CPUtime=1176.65 cores=19,62-82,84-85,87,91,93-94,131,174-194,196-197,199,203,205-206
/proc/1923584/stat : 1923584 (kat_xcsp_c609cc) S 1923581 1923581 1923479 0 -1 1077936128 3939140 0 0 0 117130 535 0 0 20 0 3 0 216609660 1166712832 233531 134175784960 22463878909952 22463886677376 140733175991408 0 0 0 0 4096 8406082 0 0 0 17 131 0 0 0 0 0 22463886791304 22463886812528 93824997212160 140733175995841 140733175996065 140733175996065 140733176008655 0
/proc/1923584/statm: 284842 233531 20 1897 0 262521 0
[pid=1923584/tid=1923585] ppid=1923581 vsize=1139368 memory=933980 CPUtime=1176.65 cores=19,62-82,84-85,87,91,93-94,131,174-194,196-197,199,203,205-206
/proc/1923584/task/1923585/stat : 1923585 (kat_xcsp_c609cc) R 1923581 1923581 1923479 0 -1 4194368 3938848 0 0 0 117130 535 0 0 20 0 3 0 216609660 1166712832 233531 134175784960 22463878909952 22463886677376 140733175991408 0 0 0 0 4096 8406082 0 0 0 -1 70 0 0 0 0 0 22463886791304 22463886812528 93824997212160 140733175995841 140733175996065 140733175996065 140733176008655 0
[pid=1923584/tid=1923586] ppid=1923581 vsize=1139368 memory=2892 CPUtime=0 cores=19,62-82,84-85,87,91,93-94,131,174-194,196-197,199,203,205-206
/proc/1923584/task/1923586/stat : 1923586 (kat_xcsp_c609cc) S 1923581 1923581 1923479 0 -1 1077936192 2 0 0 0 0 0 0 0 20 0 3 0 216609660 1166712832 233531 134175784960 22463878909952 22463886677376 140733175991408 0 0 0 0 4096 8406082 0 0 0 -1 131 0 0 0 0 0 22463886791304 22463886812528 93824997212160 140733175995841 140733175996065 140733175996065 140733176008655 0
Current children cumulated CPU time: 1176.65 s
Current children cumulated vsize: 1143612 KiB
Current children cumulated memory: 937016 KiB

[startup+1242.3 s]*
/proc/loadavg: 63.71 64.39 63.93 67/3088 1923671
/proc/meminfo: memFree=471825360/527542224 swapFree=31766140/33554428
[pid=1923581] ppid=1923580 vsize=4244 memory=2892 CPUtime=0 cores=19,62-82,84-85,87,91,93-94,131,174-194,196-197,199,203,205-206
/proc/1923581/stat : 1923581 (bash) S 1923580 1923581 1923479 0 -1 4194304 276 138 0 0 0 0 0 0 20 0 1 0 216609659 4345856 723 134175784960 94474934820864 94474935802781 140729714067376 0 0 0 65536 4 65538 0 0 0 17 181 0 0 0 0 0 94474936036080 94474936084324 94474956546048 140729714077212 140729714077388 140729714077388 140729714089962 0
/proc/1923581/statm: 1061 723 628 240 0 187 0
[pid=1923584] ppid=1923581 vsize=1204904 memory=951836 CPUtime=1236.49 cores=19,62-82,84-85,87,91,93-94,131,174-194,196-197,199,203,205-206
/proc/1923584/stat : 1923584 (kat_xcsp_c609cc) S 1923581 1923581 1923479 0 -1 1077936128 4274600 0 0 0 123078 571 0 0 20 0 3 0 216609660 1233821696 237959 134175784960 22463878909952 22463886677376 140733175991408 0 0 0 0 4096 8406082 0 0 0 17 131 0 0 0 0 0 22463886791304 22463886812528 93824997212160 140733175995841 140733175996065 140733175996065 140733176008655 0
/proc/1923584/statm: 301226 237959 20 1897 0 266801 0
[pid=1923584/tid=1923585] ppid=1923581 vsize=1204904 memory=-8713501434067910341 CPUtime=1236.49 cores=19,62-82,84-85,87,91,93-94,131,174-194,196-197,199,203,205-206
/proc/1923584/task/1923585/stat : 1923585 (kat_xcsp_c609cc) R 1923581 1923581 1923479 0 -1 4194368 4274309 0 0 0 123078 571 0 0 20 0 3 0 216609660 1233821696 237959 134175784960 22463878909952 22463886677376 140733175991408 0 0 0 0 4096 8406082 0 0 0 -1 62 0 0 0 0 0 22463886791304 22463886812528 93824997212160 140733175995841 140733175996065 140733175996065 140733176008655 0
[pid=1923584/tid=1923586] ppid=1923581 vsize=1204904 memory=4426083617403573102 CPUtime=0 cores=19,62-82,84-85,87,91,93-94,131,174-194,196-197,199,203,205-206
/proc/1923584/task/1923586/stat : 1923586 (kat_xcsp_c609cc) S 1923581 1923581 1923479 0 -1 1077936192 2 0 0 0 0 0 0 0 20 0 3 0 216609660 1233821696 237959 134175784960 22463878909952 22463886677376 140733175991408 0 0 0 0 4096 8406082 0 0 0 -1 131 0 0 0 0 0 22463886791304 22463886812528 93824997212160 140733175995841 140733175996065 140733175996065 140733176008655 0
Current children cumulated CPU time: 1236.49 s
Current children cumulated vsize: 1209148 KiB
Current children cumulated memory: 954728 KiB

[startup+1302.3 s]
/proc/loadavg: 64.71 64.54 64.01 67/3091 1924046
/proc/meminfo: memFree=475679748/527542224 swapFree=31766140/33554428
[pid=1923581] ppid=1923580 vsize=4244 memory=2892 CPUtime=0 cores=19,62-82,84-85,87,91,93-94,131,174-194,196-197,199,203,205-206
/proc/1923581/stat : 1923581 (bash) S 1923580 1923581 1923479 0 -1 4194304 276 138 0 0 0 0 0 0 20 0 1 0 216609659 4345856 723 134175784960 94474934820864 94474935802781 140729714067376 0 0 0 65536 4 65538 0 0 0 17 181 0 0 0 0 0 94474936036080 94474936084324 94474956546048 140729714077212 140729714077388 140729714077388 140729714089962 0
/proc/1923581/statm: 1061 723 628 240 0 187 0
[pid=1923584] ppid=1923581 vsize=1204904 memory=969012 CPUtime=1296.11 cores=19,62-82,84-85,87,91,93-94,131,174-194,196-197,199,203,205-206
/proc/1923584/stat : 1923584 (kat_xcsp_c609cc) S 1923581 1923581 1923479 0 -1 1077936128 4405480 0 3 0 129022 589 0 0 20 0 3 0 216609660 1233821696 242253 134175784960 22463878909952 22463886677376 140733175991408 0 0 0 0 4096 8406082 0 0 0 17 131 0 0 0 0 0 22463886791304 22463886812528 93824997212160 140733175995841 140733175996065 140733175996065 140733176008655 0
/proc/1923584/statm: 301226 242253 20 1897 0 270974 0
[pid=1923584/tid=1923585] ppid=1923581 vsize=1204904 memory=2892 CPUtime=1296.11 cores=19,62-82,84-85,87,91,93-94,131,174-194,196-197,199,203,205-206
/proc/1923584/task/1923585/stat : 1923585 (kat_xcsp_c609cc) R 1923581 1923581 1923479 0 -1 4194368 4405188 0 3 0 129022 589 0 0 20 0 3 0 216609660 1233821696 242253 134175784960 22463878909952 22463886677376 140733175991408 0 0 0 0 4096 8406082 0 0 0 -1 174 0 0 0 0 0 22463886791304 22463886812528 93824997212160 140733175995841 140733175996065 140733175996065 140733176008655 0
[pid=1923584/tid=1923586] ppid=1923581 vsize=1204904 memory=951064 CPUtime=0 cores=19,62-82,84-85,87,91,93-94,131,174-194,196-197,199,203,205-206
/proc/1923584/task/1923586/stat : 1923586 (kat_xcsp_c609cc) S 1923581 1923581 1923479 0 -1 1077936192 2 0 0 0 0 0 0 0 20 0 3 0 216609660 1233821696 242253 134175784960 22463878909952 22463886677376 140733175991408 0 0 0 0 4096 8406082 0 0 0 -1 131 0 0 0 0 0 22463886791304 22463886812528 93824997212160 140733175995841 140733175996065 140733175996065 140733176008655 0
Current children cumulated CPU time: 1296.11 s
Current children cumulated vsize: 1209148 KiB
Current children cumulated memory: 971904 KiB

[startup+1362.41 s]
/proc/loadavg: 65.18 64.73 64.11 70/3093 1924050
/proc/meminfo: memFree=475202680/527542224 swapFree=31766396/33554428
[pid=1923581] ppid=1923580 vsize=4244 memory=2892 CPUtime=0 cores=19,62-82,84-85,87,91,93-94,131,174-194,196-197,199,203,205-206
/proc/1923581/stat : 1923581 (bash) S 1923580 1923581 1923479 0 -1 4194304 276 138 0 0 0 0 0 0 20 0 1 0 216609659 4345856 723 134175784960 94474934820864 94474935802781 140729714067376 0 0 0 65536 4 65538 0 0 0 17 181 0 0 0 0 0 94474936036080 94474936084324 94474956546048 140729714077212 140729714077388 140729714077388 140729714089962 0
/proc/1923581/statm: 1061 723 628 240 0 187 0
[pid=1923584] ppid=1923581 vsize=1559980 memory=1381024 CPUtime=1355.95 cores=19,62-82,84-85,87,91,93-94,131,174-194,196-197,199,203,205-206
/proc/1923584/stat : 1923584 (kat_xcsp_c609cc) S 1923581 1923581 1923479 0 -1 1077936128 4859915 0 3 0 134949 646 0 0 20 0 3 0 216609660 1597419520 345256 134175784960 22463878909952 22463886677376 140733175991408 0 0 0 0 4096 8406082 0 0 0 17 131 0 0 0 0 0 22463886791304 22463886812528 93824997212160 140733175995841 140733175996065 140733175996065 140733176008655 0
/proc/1923584/statm: 389995 345256 46 1897 0 368578 0
[pid=1923584/tid=1923585] ppid=1923581 vsize=1559980 memory=971328 CPUtime=1355.94 cores=19,62-82,84-85,87,91,93-94,131,174-194,196-197,199,203,205-206
/proc/1923584/task/1923585/stat : 1923585 (kat_xcsp_c609cc) R 1923581 1923581 1923479 0 -1 4194368 4859623 0 3 0 134948 646 0 0 20 0 3 0 216609660 1597419520 345256 134175784960 22463878909952 22463886677376 140733175991408 0 0 0 0 4096 8406082 0 0 0 -1 174 0 0 0 0 0 22463886791304 22463886812528 93824997212160 140733175995841 140733175996065 140733175996065 140733176008655 0
[pid=1923584/tid=1923586] ppid=1923581 vsize=1559980 memory=2892 CPUtime=0 cores=19,62-82,84-85,87,91,93-94,131,174-194,196-197,199,203,205-206
/proc/1923584/task/1923586/stat : 1923586 (kat_xcsp_c609cc) S 1923581 1923581 1923479 0 -1 1077936192 2 0 0 0 0 0 0 0 20 0 3 0 216609660 1597419520 345256 134175784960 22463878909952 22463886677376 140733175991408 0 0 0 0 4096 8406082 0 0 0 -1 131 0 0 0 0 0 22463886791304 22463886812528 93824997212160 140733175995841 140733175996065 140733175996065 140733176008655 0
Current children cumulated CPU time: 1355.95 s
Current children cumulated vsize: 1564224 KiB
Current children cumulated memory: 1383916 KiB

[startup+1422.3 s]
/proc/loadavg: 65.21 64.82 64.18 66/3093 1924052
/proc/meminfo: memFree=475852460/527542224 swapFree=31766396/33554428
[pid=1923581] ppid=1923580 vsize=4244 memory=2892 CPUtime=0 cores=19,62-82,84-85,87,91,93-94,131,174-194,196-197,199,203,205-206
/proc/1923581/stat : 1923581 (bash) S 1923580 1923581 1923479 0 -1 4194304 276 138 0 0 0 0 0 0 20 0 1 0 216609659 4345856 723 134175784960 94474934820864 94474935802781 140729714067376 0 0 0 65536 4 65538 0 0 0 17 181 0 0 0 0 0 94474936036080 94474936084324 94474956546048 140729714077212 140729714077388 140729714077388 140729714089962 0
/proc/1923581/statm: 1061 723 628 240 0 187 0
[pid=1923584] ppid=1923581 vsize=948272 memory=758300 CPUtime=1415.55 cores=19,62-82,84-85,87,91,93-94,131,174-194,196-197,199,203,205-206
/proc/1923584/stat : 1923584 (kat_xcsp_c609cc) S 1923581 1923581 1923479 0 -1 1077936128 5229327 0 3 0 140832 723 0 0 20 0 3 0 216609660 971030528 189575 134175784960 22463878909952 22463886677376 140733175991408 0 0 0 0 4096 8406082 0 0 0 17 131 0 0 0 0 0 22463886791304 22463886812528 93824997212160 140733175995841 140733175996065 140733175996065 140733176008655 0
/proc/1923584/statm: 237068 189575 64 1897 0 212911 0
[pid=1923584/tid=1923585] ppid=1923581 vsize=948272 memory=321658 CPUtime=1415.55 cores=19,62-82,84-85,87,91,93-94,131,174-194,196-197,199,203,205-206
/proc/1923584/task/1923585/stat : 1923585 (kat_xcsp_c609cc) R 1923581 1923581 1923479 0 -1 4194368 5229036 0 3 0 140832 723 0 0 20 0 3 0 216609660 971030528 189575 134175784960 22463878909952 22463886677376 140733175991408 0 0 0 0 4096 8406082 0 0 0 -1 62 0 0 0 0 0 22463886791304 22463886812528 93824997212160 140733175995841 140733175996065 140733175996065 140733176008655 0
[pid=1923584/tid=1923586] ppid=1923581 vsize=948272 memory=321727 CPUtime=0 cores=19,62-82,84-85,87,91,93-94,131,174-194,196-197,199,203,205-206
/proc/1923584/task/1923586/stat : 1923586 (kat_xcsp_c609cc) S 1923581 1923581 1923479 0 -1 1077936192 2 0 0 0 0 0 0 0 20 0 3 0 216609660 971030528 189575 134175784960 22463878909952 22463886677376 140733175991408 0 0 0 0 4096 8406082 0 0 0 -1 131 0 0 0 0 0 22463886791304 22463886812528 93824997212160 140733175995841 140733175996065 140733175996065 140733176008655 0
Current children cumulated CPU time: 1415.55 s
Current children cumulated vsize: 952516 KiB
Current children cumulated memory: 761192 KiB

[startup+1482.31 s]
/proc/loadavg: 64.89 64.80 64.21 64/3094 1924066
/proc/meminfo: memFree=475657448/527542224 swapFree=31766396/33554428
[pid=1923581] ppid=1923580 vsize=4244 memory=2892 CPUtime=0 cores=19,62-82,84-85,87,91,93-94,131,174-194,196-197,199,203,205-206
/proc/1923581/stat : 1923581 (bash) S 1923580 1923581 1923479 0 -1 4194304 276 138 0 0 0 0 0 0 20 0 1 0 216609659 4345856 723 134175784960 94474934820864 94474935802781 140729714067376 0 0 0 65536 4 65538 0 0 0 17 181 0 0 0 0 0 94474936036080 94474936084324 94474956546048 140729714077212 140729714077388 140729714077388 140729714089962 0
/proc/1923581/statm: 1061 723 628 240 0 187 0
[pid=1923584] ppid=1923581 vsize=1027224 memory=846620 CPUtime=1475.28 cores=19,62-82,84-85,87,91,93-94,131,174-194,196-197,199,203,205-206
/proc/1923584/stat : 1923584 (kat_xcsp_c609cc) S 1923581 1923581 1923479 0 -1 1077936128 5606892 0 3 0 146720 808 0 0 20 0 3 0 216609660 1051877376 211655 134175784960 22463878909952 22463886677376 140733175991408 0 0 0 0 4096 8406082 0 0 0 17 131 0 0 0 0 0 22463886791304 22463886812528 93824997212160 140733175995841 140733175996065 140733175996065 140733176008655 0
/proc/1923584/statm: 256806 211655 69 1897 0 234587 0
[pid=1923584/tid=1923585] ppid=1923581 vsize=1027224 memory=2892 CPUtime=1475.28 cores=19,62-82,84-85,87,91,93-94,131,174-194,196-197,199,203,205-206
/proc/1923584/task/1923585/stat : 1923585 (kat_xcsp_c609cc) R 1923581 1923581 1923479 0 -1 4194368 5606604 0 3 0 146720 808 0 0 20 0 3 0 216609660 1051877376 211655 134175784960 22463878909952 22463886677376 140733175991408 0 0 0 0 4096 8406082 0 0 0 -1 69 0 0 0 0 0 22463886791304 22463886812528 93824997212160 140733175995841 140733175996065 140733175996065 140733176008655 0
[pid=1923584/tid=1923586] ppid=1923581 vsize=1027224 memory=796308 CPUtime=0 cores=19,62-82,84-85,87,91,93-94,131,174-194,196-197,199,203,205-206
/proc/1923584/task/1923586/stat : 1923586 (kat_xcsp_c609cc) S 1923581 1923581 1923479 0 -1 1077936192 2 0 0 0 0 0 0 0 20 0 3 0 216609660 1051877376 211655 134175784960 22463878909952 22463886677376 140733175991408 0 0 0 0 4096 8406082 0 0 0 -1 131 0 0 0 0 0 22463886791304 22463886812528 93824997212160 140733175995841 140733175996065 140733175996065 140733176008655 0
Current children cumulated CPU time: 1475.28 s
Current children cumulated vsize: 1031468 KiB
Current children cumulated memory: 849512 KiB

[startup+1542.3 s]
/proc/loadavg: 64.97 64.82 64.26 65/3094 1924068
/proc/meminfo: memFree=475431628/527542224 swapFree=31766396/33554428
[pid=1923581] ppid=1923580 vsize=4244 memory=2892 CPUtime=0 cores=19,62-82,84-85,87,91,93-94,131,174-194,196-197,199,203,205-206
/proc/1923581/stat : 1923581 (bash) S 1923580 1923581 1923479 0 -1 4194304 276 138 0 0 0 0 0 0 20 0 1 0 216609659 4345856 723 134175784960 94474934820864 94474935802781 140729714067376 0 0 0 65536 4 65538 0 0 0 17 181 0 0 0 0 0 94474936036080 94474936084324 94474956546048 140729714077212 140729714077388 140729714077388 140729714089962 0
/proc/1923581/statm: 1061 723 628 240 0 187 0
[pid=1923584] ppid=1923581 vsize=1322192 memory=1143972 CPUtime=1534.97 cores=19,62-82,84-85,87,91,93-94,131,174-194,196-197,199,203,205-206
/proc/1923584/stat : 1923584 (kat_xcsp_c609cc) S 1923581 1923581 1923479 0 -1 1077936128 5980826 0 3 0 152625 872 0 0 20 0 3 0 216609660 1353924608 285993 134175784960 22463878909952 22463886677376 140733175991408 0 0 0 0 4096 8406082 0 0 0 17 131 0 0 0 0 0 22463886791304 22463886812528 93824997212160 140733175995841 140733175996065 140733175996065 140733176008655 0
/proc/1923584/statm: 330548 285993 69 1897 0 309887 0
[pid=1923584/tid=1923585] ppid=1923581 vsize=1322192 memory=2892 CPUtime=1534.97 cores=19,62-82,84-85,87,91,93-94,131,174-194,196-197,199,203,205-206
/proc/1923584/task/1923585/stat : 1923585 (kat_xcsp_c609cc) R 1923581 1923581 1923479 0 -1 4194368 5980534 0 3 0 152625 872 0 0 20 0 3 0 216609660 1353924608 285993 134175784960 22463878909952 22463886677376 140733175991408 0 0 0 0 4096 8406082 0 0 0 -1 62 0 0 0 0 0 22463886791304 22463886812528 93824997212160 140733175995841 140733175996065 140733175996065 140733176008655 0
[pid=1923584/tid=1923586] ppid=1923581 vsize=1322192 memory=796308 CPUtime=0 cores=19,62-82,84-85,87,91,93-94,131,174-194,196-197,199,203,205-206
/proc/1923584/task/1923586/stat : 1923586 (kat_xcsp_c609cc) S 1923581 1923581 1923479 0 -1 1077936192 2 0 0 0 0 0 0 0 20 0 3 0 216609660 1353924608 285993 134175784960 22463878909952 22463886677376 140733175991408 0 0 0 0 4096 8406082 0 0 0 -1 131 0 0 0 0 0 22463886791304 22463886812528 93824997212160 140733175995841 140733175996065 140733175996065 140733176008655 0
Current children cumulated CPU time: 1534.97 s
Current children cumulated vsize: 1326436 KiB
Current children cumulated memory: 1146864 KiB

[startup+1602.3 s]
/proc/loadavg: 64.69 64.77 64.28 68/3091 1924070
/proc/meminfo: memFree=475530724/527542224 swapFree=31766652/33554428
[pid=1923581] ppid=1923580 vsize=4244 memory=2892 CPUtime=0 cores=19,62-82,84-85,87,91,93-94,131,174-194,196-197,199,203,205-206
/proc/1923581/stat : 1923581 (bash) S 1923580 1923581 1923479 0 -1 4194304 276 138 0 0 0 0 0 0 20 0 1 0 216609659 4345856 723 134175784960 94474934820864 94474935802781 140729714067376 0 0 0 65536 4 65538 0 0 0 17 181 0 0 0 0 0 94474936036080 94474936084324 94474956546048 140729714077212 140729714077388 140729714077388 140729714089962 0
/proc/1923581/statm: 1061 723 628 240 0 187 0
[pid=1923584] ppid=1923581 vsize=1339284 memory=1173484 CPUtime=1594.69 cores=19,62-82,84-85,87,91,93-94,131,174-194,196-197,199,203,205-206
/proc/1923584/stat : 1923584 (kat_xcsp_c609cc) S 1923581 1923581 1923479 0 -1 1077936128 6311115 0 3 0 158519 950 0 0 20 0 3 0 216609660 1371426816 293371 134175784960 22463878909952 22463886677376 140733175991408 0 0 0 0 4096 8406082 0 0 0 17 131 0 0 0 0 0 22463886791304 22463886812528 93824997212160 140733175995841 140733175996065 140733175996065 140733176008655 0
/proc/1923584/statm: 334821 293371 69 1897 0 315869 0
[pid=1923584/tid=1923585] ppid=1923581 vsize=1339284 memory=2852 CPUtime=1594.69 cores=19,62-82,84-85,87,91,93-94,131,174-194,196-197,199,203,205-206
/proc/1923584/task/1923585/stat : 1923585 (kat_xcsp_c609cc) R 1923581 1923581 1923479 0 -1 4194368 6310823 0 3 0 158519 950 0 0 20 0 3 0 216609660 1371426816 293371 134175784960 22463878909952 22463886677376 140733175991408 0 0 0 0 4096 8406082 0 0 0 -1 62 0 0 0 0 0 22463886791304 22463886812528 93824997212160 140733175995841 140733175996065 140733175996065 140733176008655 0
[pid=1923584/tid=1923586] ppid=1923581 vsize=1339284 memory=14600 CPUtime=0 cores=19,62-82,84-85,87,91,93-94,131,174-194,196-197,199,203,205-206
/proc/1923584/task/1923586/stat : 1923586 (kat_xcsp_c609cc) S 1923581 1923581 1923479 0 -1 1077936192 2 0 0 0 0 0 0 0 20 0 3 0 216609660 1371426816 293371 134175784960 22463878909952 22463886677376 140733175991408 0 0 0 0 4096 8406082 0 0 0 -1 131 0 0 0 0 0 22463886791304 22463886812528 93824997212160 140733175995841 140733175996065 140733175996065 140733176008655 0
Current children cumulated CPU time: 1594.69 s
Current children cumulated vsize: 1343528 KiB
Current children cumulated memory: 1176376 KiB

[startup+1662.3 s]
/proc/loadavg: 65.00 64.83 64.32 67/3088 1924072
/proc/meminfo: memFree=475596428/527542224 swapFree=31766652/33554428
[pid=1923581] ppid=1923580 vsize=4244 memory=2892 CPUtime=0 cores=19,62-82,84-85,87,91,93-94,131,174-194,196-197,199,203,205-206
/proc/1923581/stat : 1923581 (bash) S 1923580 1923581 1923479 0 -1 4194304 276 138 0 0 0 0 0 0 20 0 1 0 216609659 4345856 723 134175784960 94474934820864 94474935802781 140729714067376 0 0 0 65536 4 65538 0 0 0 17 181 0 0 0 0 0 94474936036080 94474936084324 94474956546048 140729714077212 140729714077388 140729714077388 140729714089962 0
/proc/1923581/statm: 1061 723 628 240 0 187 0
[pid=1923584] ppid=1923581 vsize=1375344 memory=1209544 CPUtime=1654.39 cores=19,62-82,84-85,87,91,93-94,131,174-194,196-197,199,203,205-206
/proc/1923584/stat : 1923584 (kat_xcsp_c609cc) S 1923581 1923581 1923479 0 -1 1077936128 6610095 0 3 0 164434 1005 0 0 20 0 3 0 216609660 1408352256 302386 134175784960 22463878909952 22463886677376 140733175991408 0 0 0 0 4096 8406082 0 0 0 17 131 0 0 0 0 0 22463886791304 22463886812528 93824997212160 140733175995841 140733175996065 140733175996065 140733176008655 0
/proc/1923584/statm: 343836 302386 69 1897 0 324884 0
[pid=1923584/tid=1923585] ppid=1923581 vsize=1375344 memory=5096 CPUtime=1654.39 cores=19,62-82,84-85,87,91,93-94,131,174-194,196-197,199,203,205-206
/proc/1923584/task/1923585/stat : 1923585 (kat_xcsp_c609cc) R 1923581 1923581 1923479 0 -1 4194368 6609803 0 3 0 164434 1005 0 0 20 0 3 0 216609660 1408352256 302386 134175784960 22463878909952 22463886677376 140733175991408 0 0 0 0 4096 8406082 0 0 0 -1 62 0 0 0 0 0 22463886791304 22463886812528 93824997212160 140733175995841 140733175996065 140733175996065 140733176008655 0
[pid=1923584/tid=1923586] ppid=1923581 vsize=1375344 memory=241172 CPUtime=0 cores=19,62-82,84-85,87,91,93-94,131,174-194,196-197,199,203,205-206
/proc/1923584/task/1923586/stat : 1923586 (kat_xcsp_c609cc) S 1923581 1923581 1923479 0 -1 1077936192 2 0 0 0 0 0 0 0 20 0 3 0 216609660 1408352256 302386 134175784960 22463878909952 22463886677376 140733175991408 0 0 0 0 4096 8406082 0 0 0 -1 131 0 0 0 0 0 22463886791304 22463886812528 93824997212160 140733175995841 140733175996065 140733175996065 140733176008655 0
Current children cumulated CPU time: 1654.39 s
Current children cumulated vsize: 1379588 KiB
Current children cumulated memory: 1212436 KiB

[startup+1722.3 s]
/proc/loadavg: 64.91 64.86 64.37 63/3089 1924076
/proc/meminfo: memFree=475443012/527542224 swapFree=31766652/33554428
[pid=1923581] ppid=1923580 vsize=4244 memory=2892 CPUtime=0 cores=19,62-82,84-85,87,91,93-94,131,174-194,196-197,199,203,205-206
/proc/1923581/stat : 1923581 (bash) S 1923580 1923581 1923479 0 -1 4194304 276 138 0 0 0 0 0 0 20 0 1 0 216609659 4345856 723 134175784960 94474934820864 94474935802781 140729714067376 0 0 0 65536 4 65538 0 0 0 17 181 0 0 0 0 0 94474936036080 94474936084324 94474956546048 140729714077212 140729714077388 140729714077388 140729714089962 0
/proc/1923581/statm: 1061 723 628 240 0 187 0
[pid=1923584] ppid=1923581 vsize=1375344 memory=1209344 CPUtime=1714.09 cores=19,62-82,84-85,87,91,93-94,131,174-194,196-197,199,203,205-206
/proc/1923584/stat : 1923584 (kat_xcsp_c609cc) S 1923581 1923581 1923479 0 -1 1077936128 6765401 0 3 0 170386 1023 0 0 20 0 3 0 216609660 1408352256 302336 134175784960 22463878909952 22463886677376 140733175991408 0 0 0 0 4096 8406082 0 0 0 17 131 0 0 0 0 0 22463886791304 22463886812528 93824997212160 140733175995841 140733175996065 140733175996065 140733176008655 0
/proc/1923584/statm: 343836 302336 19 1897 0 324884 0
[pid=1923584/tid=1923585] ppid=1923581 vsize=1375344 memory=241172 CPUtime=1714.09 cores=19,62-82,84-85,87,91,93-94,131,174-194,196-197,199,203,205-206
/proc/1923584/task/1923585/stat : 1923585 (kat_xcsp_c609cc) R 1923581 1923581 1923479 0 -1 4194368 6765109 0 3 0 170386 1023 0 0 20 0 3 0 216609660 1408352256 302336 134175784960 22463878909952 22463886677376 140733175991408 0 0 0 0 4096 8406082 0 0 0 -1 62 0 0 0 0 0 22463886791304 22463886812528 93824997212160 140733175995841 140733175996065 140733175996065 140733176008655 0
[pid=1923584/tid=1923586] ppid=1923581 vsize=1375344 memory=2892 CPUtime=0 cores=19,62-82,84-85,87,91,93-94,131,174-194,196-197,199,203,205-206
/proc/1923584/task/1923586/stat : 1923586 (kat_xcsp_c609cc) S 1923581 1923581 1923479 0 -1 1077936192 2 0 0 0 0 0 0 0 20 0 3 0 216609660 1408352256 302336 134175784960 22463878909952 22463886677376 140733175991408 0 0 0 0 4096 8406082 0 0 0 -1 131 0 0 0 0 0 22463886791304 22463886812528 93824997212160 140733175995841 140733175996065 140733175996065 140733176008655 0
Current children cumulated CPU time: 1714.09 s
Current children cumulated vsize: 1379588 KiB
Current children cumulated memory: 1212236 KiB

[startup+1782.3 s]
/proc/loadavg: 65.17 64.93 64.42 65/3088 1924078
/proc/meminfo: memFree=475098560/527542224 swapFree=31766652/33554428
[pid=1923581] ppid=1923580 vsize=4244 memory=2892 CPUtime=0 cores=19,62-82,84-85,87,91,93-94,131,174-194,196-197,199,203,205-206
/proc/1923581/stat : 1923581 (bash) S 1923580 1923581 1923479 0 -1 4194304 276 138 0 0 0 0 0 0 20 0 1 0 216609659 4345856 723 134175784960 94474934820864 94474935802781 140729714067376 0 0 0 65536 4 65538 0 0 0 17 181 0 0 0 0 0 94474936036080 94474936084324 94474956546048 140729714077212 140729714077388 140729714077388 140729714089962 0
/proc/1923581/statm: 1061 723 628 240 0 187 0
[pid=1923584] ppid=1923581 vsize=1440880 memory=1211924 CPUtime=1773.78 cores=19,62-82,84-85,87,91,93-94,131,174-194,196-197,199,203,205-206
/proc/1923584/stat : 1923584 (kat_xcsp_c609cc) S 1923581 1923581 1923479 0 -1 1077936128 6955252 0 3 0 176331 1047 0 0 20 0 3 0 216609660 1475461120 302981 134175784960 22463878909952 22463886677376 140733175991408 0 0 0 0 4096 8406082 0 0 0 17 131 0 0 0 0 0 22463886791304 22463886812528 93824997212160 140733175995841 140733175996065 140733175996065 140733176008655 0
/proc/1923584/statm: 360220 302981 20 1897 0 325780 0
[pid=1923584/tid=1923585] ppid=1923581 vsize=1440880 memory=2892 CPUtime=1773.78 cores=19,62-82,84-85,87,91,93-94,131,174-194,196-197,199,203,205-206
/proc/1923584/task/1923585/stat : 1923585 (kat_xcsp_c609cc) R 1923581 1923581 1923479 0 -1 4194368 6954960 0 3 0 176331 1047 0 0 20 0 3 0 216609660 1475461120 302981 134175784960 22463878909952 22463886677376 140733175991408 0 0 0 0 4096 8406082 0 0 0 -1 62 0 0 0 0 0 22463886791304 22463886812528 93824997212160 140733175995841 140733175996065 140733175996065 140733176008655 0
[pid=1923584/tid=1923586] ppid=1923581 vsize=1440880 memory=5152 CPUtime=0 cores=19,62-82,84-85,87,91,93-94,131,174-194,196-197,199,203,205-206
/proc/1923584/task/1923586/stat : 1923586 (kat_xcsp_c609cc) S 1923581 1923581 1923479 0 -1 1077936192 2 0 0 0 0 0 0 0 20 0 3 0 216609660 1475461120 302981 134175784960 22463878909952 22463886677376 140733175991408 0 0 0 0 4096 8406082 0 0 0 -1 131 0 0 0 0 0 22463886791304 22463886812528 93824997212160 140733175995841 140733175996065 140733175996065 140733176008655 0
Current children cumulated CPU time: 1773.78 s
Current children cumulated vsize: 1445124 KiB
Current children cumulated memory: 1214816 KiB



Maximum wall clock time exceeded: sending SIGTERM then SIGKILL

[startup+1800 s]*
/proc/loadavg: 65.25 64.96 64.44 65/3089 1924092
/proc/meminfo: memFree=475038612/527542224 swapFree=31766652/33554428
[pid=1923581] ppid=1923580 vsize=4244 memory=2892 CPUtime=0 cores=19,62-82,84-85,87,91,93-94,131,174-194,196-197,199,203,205-206
/proc/1923581/stat : 1923581 (bash) S 1923580 1923581 1923479 0 -1 4194304 276 138 0 0 0 0 0 0 20 0 1 0 216609659 4345856 723 134175784960 94474934820864 94474935802781 140729714067376 0 0 0 65536 4 65538 0 0 0 17 181 0 0 0 0 0 94474936036080 94474936084324 94474956546048 140729714077212 140729714077388 140729714077388 140729714089962 0
/proc/1923581/statm: 1061 723 628 240 0 187 0
[pid=1923584] ppid=1923581 vsize=1440880 memory=1230116 CPUtime=1791.5 cores=19,62-82,84-85,87,91,93-94,131,174-194,196-197,199,203,205-206
/proc/1923584/stat : 1923584 (kat_xcsp_c609cc) S 1923581 1923581 1923479 0 -1 1077936128 7001857 0 3 0 178095 1055 0 0 20 0 3 0 216609660 1475461120 307529 134175784960 22463878909952 22463886677376 140733175991408 0 0 0 0 4096 8406082 0 0 0 17 131 0 0 0 0 0 22463886791304 22463886812528 93824997212160 140733175995841 140733175996065 140733175996065 140733176008655 0
/proc/1923584/statm: 360220 307529 20 1897 0 330514 0
[pid=1923584/tid=1923585] ppid=1923581 vsize=1440880 memory=-8713501434067910341 CPUtime=1791.5 cores=19,62-82,84-85,87,91,93-94,131,174-194,196-197,199,203,205-206
/proc/1923584/task/1923585/stat : 1923585 (kat_xcsp_c609cc) R 1923581 1923581 1923479 0 -1 4194368 7001567 0 3 0 178095 1055 0 0 20 0 3 0 216609660 1475461120 307529 134175784960 22463878909952 22463886677376 140733175991408 0 0 0 0 4096 8406082 0 0 0 -1 62 0 0 0 0 0 22463886791304 22463886812528 93824997212160 140733175995841 140733175996065 140733175996065 140733176008655 0
[pid=1923584/tid=1923586] ppid=1923581 vsize=1440880 memory=4426083617403573102 CPUtime=0 cores=19,62-82,84-85,87,91,93-94,131,174-194,196-197,199,203,205-206
/proc/1923584/task/1923586/stat : 1923586 (kat_xcsp_c609cc) S 1923581 1923581 1923479 0 -1 1077936192 2 0 0 0 0 0 0 0 20 0 3 0 216609660 1475461120 307529 134175784960 22463878909952 22463886677376 140733175991408 0 0 0 0 4096 8406082 0 0 0 -1 131 0 0 0 0 0 22463886791304 22463886812528 93824997212160 140733175995841 140733175996065 140733175996065 140733176008655 0
Current children cumulated CPU time: 1791.5 s
Current children cumulated vsize: 1445124 KiB
Current children cumulated memory: 1233008 KiB

Sending SIGTERM to process tree (bottom up)
Sleeping 2 seconds

[startup+1800.12 s]
# the end of solver process 1923581 was just reported to runsolver
# cumulated CPU time of all completed processes:  user=0.002349 s, system=0.004749 s

[startup+1800.15 s]
# the end of solver process 1923584 was just reported to runsolver
# cumulated CPU time of all completed processes:  user=1780.97 s, system=10.591 s
# this solver process was not waited by its parent and was adopted by runsolver

Solver just ended.
??? end of watcher thread
Dumping a history of the last processes samples

Child status: 143
Real time (s): 1800.15
CPU time (s): 1791.56
CPU user time (s): 1780.97
CPU system time (s): 10.591
CPU usage (%): 99.5226
Max. virtual memory (cumulated for all children) (KiB): 3095908
Max. memory (cumulated for all children) (KiB): 2406624

getrusage(RUSAGE_CHILDREN,...) data:
user time used= 1780.97
system time used= 10.591
maximum resident set size= 2403732
integral shared memory size= 0
integral unshared data size= 0
integral unshared stack size= 0
page reclaims= 7002588
page faults= 3
swaps= 0
block input operations= 18096
block output operations= 1392
messages sent= 0
messages received= 0
signals received= 0
voluntary context switches= 105
involuntary context switches= 2707


# summary of solver processes directly reported to runsolver:
#   pid: 1923581,1923584
#   total CPU time (s): 1791.56
#   total CPU user time (s): 1780.97
#   total CPU system time (s): 10.591

??? end of timestamper thread
runsolver used 40.9036 second user time and 141.668 second system time

The end
