
ACE v2.6 

  instance
    name:Filters-ewf-1-1_c22
    args:/work/19331299_354/Filters-ewf-1-1_c22.xml -rr=true -rlog=false -npc=true

 ...Parsing /work/19331299_354/Filters-ewf-1-1_c22.xml

 ...Loading variables

 ...Loading constraints

  WARNING: Discarding a cumulative constraint because the sum of height is always less than or equal to the limit

  domains
    types:5  values:5,631  sizes:[1:34,2:325,4:353,101:35]
  variables
    count:747  fixed:34  auxiliary:679  arrays:[t:34,r:34,_ax_:679]  degrees:[1:678,7:8,9:7,10:2...53:4,54:15,55:3,56:4]
  constraints
    count:736  specific:736  backtrackable:1  groups:1  arities:[1:2,2:55,3:325,5:353,26:1]
    objective:[ObjVarGE,ObjVarLE]
    non_unary:[CumulativeCst:1,Disjonctive2Reified2Cst:353,DisjonctiveReified:325,Sub2GE:55]
    wck:0.34  cpu:0.743  mem:184M549
  objective
    way:min  type:ObjVarLE  arity:1  bounds:2..102

 ...Building solver

  solver
    nNotAC:354  decoder:Decoder1
    wck:0.39  cpu:0.776  mem:201M326

  preprocessing
    effs:446  entailed:2  values:4,394  removedByAC:1,237  singletons:34  unsat:false
    wck:0.006  cpu:0.783  mem:201M326

  search
 ...Discarding 34 singleton variables
o 28   0.41  ham=0 (0 0 0 0)  opth=0
    run1  dpts:20..35  robin:PickOnDom-First  effs:4,502  asgs:(128,noefs=3,fails=50)  fails:50  wrgs:84  wck:0.04  ngds:5  sols:1  bounds:2..27
    run2  dpts:0..14  robin:WdegOnDom-Last  effs:11,039  asgs:(94,noefs=1,fails=50)  fails:100  wrgs:155  wck:0.05  ngds:7  sols:1  bounds:2..27
    run3  dpts:1..104  robin:FrbaOnDom-Rand  effs:14,520  asgs:(173,noefs=46,fails=52)  fails:152  wrgs:228  wck:0.07  ngds:49  sols:1  bounds:2..27
    run4  dpts:21..27  robin:Wdeg-First  effs:17,259  asgs:(109,noefs=0,fails=55)  fails:207  wrgs:314  wck:0.07  ngds:55  sols:1  bounds:2..27
    run5  dpts:11..23  robin:PickOnDom-Last  effs:20,134  asgs:(109,noefs=2,fails=57)  fails:264  wrgs:389  wck:0.08  ngds:62  sols:1  bounds:2..27
    run6  dpts:3..14  robin:WdegOnDom-Rand  effs:26,448  asgs:(105,noefs=0,fails=60)  fails:324  wrgs:475  wck:0.09  ngds:76  sols:1  bounds:2..27
    run7  dpts:159..178  robin:FrbaOnDom-First  effs:33,515  asgs:(308,noefs=175,fails=63)  fails:387  wrgs:613  wck:0.10  ngds:83  sols:1  bounds:2..27
    run8  dpts:8..16  robin:Wdeg-Last  effs:38,177  asgs:(126,noefs=1,fails=67)  fails:454  wrgs:714  wck:0.11  ngds:94  sols:1  bounds:2..27
    run9  dpts:0..11  robin:PickOnDom-Rand  effs:43,932  asgs:(130,noefs=0,fails=70)  fails:524  wrgs:821  wck:0.12  ngds:102  sols:1  bounds:2..27
    run10  dpts:8..16  robin:WdegOnDom-First  effs:49,960  asgs:(159,noefs=0,fails=73)  fails:597  wrgs:955  wck:0.12  ngds:113  sols:1  bounds:2..27
 ...Discarding 168 singleton variables
    run11  dpts:3..57  robin:FrbaOnDom-Last  effs:55,855  asgs:(171,noefs=1,fails=77)  fails:674  wrgs:1,058  wck:0.13  ngds:154  sols:1  bounds:2..27
    run12  dpts:2..14  robin:Wdeg-Rand  effs:62,939  asgs:(132,noefs=0,fails=81)  fails:755  wrgs:1,170  wck:0.14  ngds:166  sols:1  bounds:2..27
    run13  dpts:1..12  robin:PickOnDom-First  effs:67,556  asgs:(159,noefs=1,fails=85)  fails:840  wrgs:1,309  wck:0.14  ngds:172  sols:1  bounds:2..27
 ...Starting SOS
    run14  dpts:8..17  robin:WdegOnDom-Last  effs:75,359  asgs:(178,noefs=1,fails=89)  fails:929  wrgs:1,465  wck:0.15  ngds:183  sols:1  bounds:2..27
    run15  dpts:187..202  robin:FrbaOnDom-Rand  effs:82,711  asgs:(383,noefs=176,fails=94)  fails:1,023  wrgs:1,629  wck:0.16  ngds:192  sols:1  bounds:2..27
    run16  dpts:5..10  robin:Wdeg-First  effs:89,108  asgs:(153,noefs=0,fails=98)  fails:1,121  wrgs:1,764  wck:0.17  ngds:198  sols:1  bounds:2..27
    run17  dpts:6..17  robin:PickOnDom-Last  effs:94,652  asgs:(186,noefs=4,fails=103)  fails:1,224  wrgs:1,927  wck:0.17  ngds:203  sols:1  bounds:2..27
    run18  dpts:13..21  robin:WdegOnDom-Rand  effs:103,273  asgs:(222,noefs=0,fails=109)  fails:1,333  wrgs:2,111  wck:0.18  ngds:210  sols:1  bounds:2..27
    run19  dpts:201..210  robin:FrbaOnDom-First  effs:111,352  asgs:(417,noefs=183,fails=114)  fails:1,447  wrgs:2,303  wck:0.19  ngds:218  sols:1  bounds:2..27
    run20  dpts:5..12  robin:Wdeg-Last  effs:123,501  asgs:(215,noefs=0,fails=120)  fails:1,567  wrgs:2,498  wck:0.20  ngds:227  sols:1  bounds:2..27
    run21  dpts:7..18  robin:PickOnDom-Rand  effs:133,433  asgs:(272,noefs=2,fails=126)  fails:1,693  wrgs:2,719  wck:0.21  ngds:233  sols:1  bounds:2..27
    run22  dpts:13..21  robin:WdegOnDom-First  effs:144,112  asgs:(247,noefs=0,fails=132)  fails:1,825  wrgs:2,929  wck:0.22  ngds:241  sols:1  bounds:2..27
    run23  dpts:160..211  robin:FrbaOnDom-Last  effs:156,056  asgs:(447,noefs=180,fails=139)  fails:1,964  wrgs:3,196  wck:0.24  ngds:251  sols:1  bounds:2..27
    run24  dpts:6..12  robin:Wdeg-Rand  effs:167,331  asgs:(236,noefs=0,fails=146)  fails:2,110  wrgs:3,404  wck:0.25  ngds:262  sols:1  bounds:2..27
    run25  dpts:7..15  robin:PickOnDom-First  effs:181,379  asgs:(314,noefs=0,fails=153)  fails:2,263  wrgs:3,667  wck:0.26  ngds:267  sols:1  bounds:2..27
    run26  dpts:11..20  robin:WdegOnDom-Last  effs:194,051  asgs:(315,noefs=0,fails=161)  fails:2,424  wrgs:3,944  wck:0.27  ngds:273  sols:1  bounds:2..27
    run27  dpts:92..104  robin:FrbaOnDom-Rand  effs:207,560  asgs:(422,noefs=82,fails=169)  fails:2,593  wrgs:4,221  wck:0.29  ngds:278  sols:1  bounds:2..27
    run28  dpts:3..13  robin:Wdeg-First  effs:220,333  asgs:(324,noefs=0,fails=177)  fails:2,770  wrgs:4,512  wck:0.30  ngds:289  sols:1  bounds:2..27
    run29  dpts:8..18  robin:PickOnDom-Last  effs:234,179  asgs:(376,noefs=3,fails=186)  fails:2,956  wrgs:4,810  wck:0.31  ngds:294  sols:1  bounds:2..27
    run30  dpts:12..21  robin:WdegOnDom-Rand  effs:248,132  asgs:(399,noefs=1,fails=196)  fails:3,152  wrgs:5,145  wck:0.33  ngds:303  sols:1  bounds:2..27
 ...resetting heuristics data (nValues:1,615 - nSingletons:202 - nEntailed:80)
    run31  dpts:180..198  robin:FrbaOnDom-First  effs:259,977  asgs:(595,noefs=189,fails=205)  fails:3,357  wrgs:5,506  wck:0.35  ngds:305  sols:1  bounds:2..27
    run32  dpts:18..25  robin:Wdeg-Last  effs:271,902  asgs:(385,noefs=0,fails=216)  fails:3,573  wrgs:5,842  wck:0.36  ngds:314  sols:1  bounds:2..27
    run33  dpts:18..26  robin:PickOnDom-Rand  effs:284,566  asgs:(460,noefs=10,fails=226)  fails:3,799  wrgs:6,219  wck:0.37  ngds:320  sols:1  bounds:2..27
    run34  dpts:18..25  robin:WdegOnDom-First  effs:298,144  asgs:(429,noefs=0,fails=238)  fails:4,037  wrgs:6,593  wck:0.39  ngds:327  sols:1  bounds:2..27
    run35  dpts:160..191  robin:FrbaOnDom-Last  effs:327,051  asgs:(699,noefs=179,fails=250)  fails:4,287  wrgs:7,099  wck:0.41  ngds:333  sols:1  bounds:2..27
    run36  dpts:6..17  robin:Wdeg-Rand  effs:353,681  asgs:(450,noefs=6,fails=262)  fails:4,549  wrgs:7,499  wck:0.44  ngds:341  sols:1  bounds:2..27
    run37  dpts:4..17  robin:PickOnDom-First  effs:375,079  asgs:(504,noefs=21,fails=275)  fails:4,824  wrgs:7,946  wck:0.46  ngds:349  sols:1  bounds:2..27
    run38  dpts:5..21  robin:WdegOnDom-Last  effs:395,420  asgs:(574,noefs=19,fails=289)  fails:5,113  wrgs:8,476  wck:0.47  ngds:358  sols:1  bounds:2..27
    run39  dpts:112..122  robin:FrbaOnDom-Rand  effs:423,878  asgs:(685,noefs=94,fails=304)  fails:5,417  wrgs:8,978  wck:0.50  ngds:371  sols:1  bounds:2..27
    run40  dpts:5..14  robin:Wdeg-First  effs:446,397  asgs:(588,noefs=0,fails=319)  fails:5,736  wrgs:9,513  wck:0.53  ngds:383  sols:1  bounds:2..27
    run41  dpts:10..23  robin:PickOnDom-Last  effs:469,755  asgs:(675,noefs=14,fails=335)  fails:6,071  wrgs:10,110  wck:0.55  ngds:397  sols:1  bounds:2..27
    run42  dpts:5..17  robin:WdegOnDom-Rand  effs:497,526  asgs:(664,noefs=0,fails=351)  fails:6,422  wrgs:10,694  wck:0.57  ngds:418  sols:1  bounds:2..27
    run43  dpts:120..142  robin:FrbaOnDom-First  effs:524,506  asgs:(821,noefs=117,fails=369)  fails:6,791  wrgs:11,285  wck:0.59  ngds:428  sols:1  bounds:2..27
    run44  dpts:5..15  robin:Wdeg-Last  effs:568,270  asgs:(691,noefs=0,fails=388)  fails:7,179  wrgs:11,939  wck:0.63  ngds:434  sols:1  bounds:2..27
    run45  dpts:8..20  robin:PickOnDom-Rand  effs:601,741  asgs:(932,noefs=6,fails=407)  fails:7,586  wrgs:12,722  wck:0.66  ngds:442  sols:1  bounds:2..27
    run46  dpts:8..17  robin:WdegOnDom-First  effs:631,730  asgs:(822,noefs=1,fails=427)  fails:8,013  wrgs:13,431  wck:0.69  ngds:459  sols:1  bounds:2..27
    run47  dpts:13..44  robin:FrbaOnDom-Last  effs:662,827  asgs:(863,noefs=24,fails=449)  fails:8,462  wrgs:14,228  wck:0.72  ngds:467  sols:1  bounds:2..27
    run48  dpts:3..11  robin:Wdeg-Rand  effs:701,455  asgs:(763,noefs=0,fails=471)  fails:8,933  wrgs:14,942  wck:0.75  ngds:480  sols:1  bounds:2..27
    run49  dpts:7..17  robin:PickOnDom-First  effs:743,791  asgs:(882,noefs=9,fails=495)  fails:9,428  wrgs:15,719  wck:0.79  ngds:492  sols:1  bounds:2..27
    run50  dpts:11..21  robin:WdegOnDom-Last  effs:776,444  asgs:(981,noefs=0,fails=520)  fails:9,948  wrgs:16,575  wck:0.82  ngds:507  sols:1  bounds:2..27
    run51  dpts:118..139  robin:FrbaOnDom-Rand  effs:815,428  asgs:(1167,noefs=118,fails=546)  fails:10,494  wrgs:17,503  wck:0.86  ngds:522  sols:1  bounds:2..27
    run52  dpts:4..14  robin:Wdeg-First  effs:855,757  asgs:(947,noefs=3,fails=573)  fails:11,067  wrgs:18,369  wck:0.89  ngds:527  sols:1  bounds:2..27
    run53  dpts:10..23  robin:PickOnDom-Last  effs:902,972  asgs:(1189,noefs=18,fails=602)  fails:11,669  wrgs:19,342  wck:0.93  ngds:541  sols:1  bounds:2..27
    run54  dpts:9..18  robin:WdegOnDom-Rand  effs:946,261  asgs:(1177,noefs=0,fails=632)  fails:12,301  wrgs:20,360  wck:0.97  ngds:554  sols:1  bounds:2..27
    run55  dpts:29..97  robin:FrbaOnDom-First  effs:1,016,344  asgs:(1238,noefs=87,fails=663)  fails:12,964  wrgs:21,439  wck:1.03  ngds:569  sols:1  bounds:2..27
    run56  dpts:9..17  robin:Wdeg-Last  effs:1,055,628  asgs:(1133,noefs=0,fails=696)  fails:13,660  wrgs:22,529  wck:1.06  ngds:583  sols:1  bounds:2..27
    run57  dpts:6..18  robin:PickOnDom-Rand  effs:1,112,980  asgs:(1309,noefs=5,fails=731)  fails:14,391  wrgs:23,688  wck:1.11  ngds:587  sols:1  bounds:2..27
    run58  dpts:8..17  robin:WdegOnDom-First  effs:1,177,198  asgs:(1517,noefs=0,fails=768)  fails:15,159  wrgs:25,008  wck:1.17  ngds:599  sols:1  bounds:2..27
    run59  dpts:161..177  robin:FrbaOnDom-Last  effs:1,235,848  asgs:(1651,noefs=165,fails=806)  fails:15,965  wrgs:26,346  wck:1.23  ngds:609  sols:1  bounds:2..27
    run60  dpts:3..14  robin:Wdeg-Rand  effs:1,319,601  asgs:(1455,noefs=1,fails=847)  fails:16,812  wrgs:27,657  wck:1.31  ngds:617  sols:1  bounds:2..27
 ...resetting heuristics data (nValues:1,615 - nSingletons:202 - nEntailed:80)
    run61  dpts:17..27  robin:PickOnDom-First  effs:1,371,704  asgs:(1792,noefs=26,fails=889)  fails:17,701  wrgs:29,181  wck:1.36  ngds:635  sols:1  bounds:2..27
    run62  dpts:16..28  robin:WdegOnDom-Last  effs:1,439,563  asgs:(1819,noefs=3,fails=933)  fails:18,634  wrgs:30,776  wck:1.42  ngds:644  sols:1  bounds:2..27
    run63  dpts:53..90  robin:FrbaOnDom-Rand  effs:1,504,158  asgs:(2113,noefs=153,fails=980)  fails:19,614  wrgs:32,501  wck:1.48  ngds:654  sols:1  bounds:2..27
    run64  dpts:18..26  robin:Wdeg-First  effs:1,560,000  asgs:(1821,noefs=3,fails=1029)  fails:20,643  wrgs:34,147  wck:1.53  ngds:669  sols:1  bounds:2..27
    run65  dpts:6..20  robin:PickOnDom-Last  effs:1,630,902  asgs:(2054,noefs=32,fails=1081)  fails:21,724  wrgs:36,030  wck:1.59  ngds:684  sols:1  bounds:2..27
    run66  dpts:5..23  robin:WdegOnDom-Rand  effs:1,730,033  asgs:(2019,noefs=32,fails=1135)  fails:22,859  wrgs:37,823  wck:1.68  ngds:694  sols:1  bounds:2..27
    run67  dpts:245..273  robin:FrbaOnDom-First  effs:1,840,807  asgs:(2466,noefs=269,fails=1191)  fails:24,050  wrgs:39,849  wck:1.79  ngds:706  sols:1  bounds:2..27
    run68  dpts:6..19  robin:Wdeg-Last  effs:1,932,705  asgs:(2143,noefs=32,fails=1251)  fails:25,301  wrgs:41,901  wck:1.87  ngds:727  sols:1  bounds:2..27
    run69  dpts:7..18  robin:PickOnDom-Rand  effs:2,007,821  asgs:(2675,noefs=59,fails=1314)  fails:26,615  wrgs:44,130  wck:1.94  ngds:733  sols:1  bounds:2..27
    run70  dpts:4..13  robin:WdegOnDom-First  effs:2,087,755  asgs:(2457,noefs=1,fails=1379)  fails:27,994  wrgs:46,381  wck:2.02  ngds:750  sols:1  bounds:2..27
    run71  dpts:33..52  robin:FrbaOnDom-Last  effs:2,211,283  asgs:(3061,noefs=27,fails=1448)  fails:29,442  wrgs:49,111  wck:2.13  ngds:764  sols:1  bounds:2..27
    run72  dpts:4..13  robin:Wdeg-Rand  effs:2,335,589  asgs:(2421,noefs=0,fails=1521)  fails:30,963  wrgs:51,342  wck:2.23  ngds:773  sols:1  bounds:2..27
    run73  dpts:5..15  robin:PickOnDom-First  effs:2,468,543  asgs:(3102,noefs=4,fails=1597)  fails:32,560  wrgs:54,063  wck:2.35  ngds:796  sols:1  bounds:2..27
    run74  dpts:4..19  robin:WdegOnDom-Last  effs:2,618,962  asgs:(3185,noefs=1,fails=1677)  fails:34,237  wrgs:56,863  wck:2.48  ngds:808  sols:1  bounds:2..27
    run75  dpts:15..138  robin:FrbaOnDom-Rand  effs:2,778,119  asgs:(3376,noefs=174,fails=1761)  fails:35,998  wrgs:59,897  wck:2.62  ngds:820  sols:1  bounds:2..27
    run76  dpts:3..14  robin:Wdeg-First  effs:2,905,550  asgs:(2919,noefs=0,fails=1849)  fails:37,847  wrgs:62,587  wck:2.73  ngds:840  sols:1  bounds:2..27
    run77  dpts:7..16  robin:PickOnDom-Last  effs:3,041,103  asgs:(3359,noefs=4,fails=1941)  fails:39,788  wrgs:65,591  wck:2.84  ngds:850  sols:1  bounds:2..27
    run78  dpts:5..19  robin:WdegOnDom-Rand  effs:3,205,392  asgs:(3783,noefs=0,fails=2038)  fails:41,826  wrgs:68,942  wck:2.97  ngds:869  sols:1  bounds:2..27
    run79  dpts:244..289  robin:FrbaOnDom-First  effs:3,376,927  asgs:(4239,noefs=282,fails=2140)  fails:43,966  wrgs:72,536  wck:3.13  ngds:879  sols:1  bounds:2..27
    run80  dpts:4..15  robin:Wdeg-Last  effs:3,540,409  asgs:(3655,noefs=4,fails=2247)  fails:46,213  wrgs:76,015  wck:3.27  ngds:891  sols:1  bounds:2..27
    run81  dpts:7..20  robin:PickOnDom-Rand  effs:3,695,821  asgs:(4564,noefs=121,fails=2360)  fails:48,573  wrgs:79,913  wck:3.40  ngds:899  sols:1  bounds:2..27
    run82  dpts:8..17  robin:WdegOnDom-First  effs:3,906,228  asgs:(4428,noefs=0,fails=2478)  fails:51,051  wrgs:83,837  wck:3.57  ngds:921  sols:1  bounds:2..27
    run83  dpts:24..40  robin:FrbaOnDom-Last  effs:4,137,728  asgs:(5076,noefs=38,fails=2601)  fails:53,652  wrgs:88,351  wck:3.79  ngds:934  sols:1  bounds:2..27
    run84  dpts:4..14  robin:Wdeg-Rand  effs:4,385,712  asgs:(4624,noefs=0,fails=2732)  fails:56,384  wrgs:92,536  wck:4.00  ngds:946  sols:1  bounds:2..27
    run85  dpts:4..17  robin:PickOnDom-First  effs:4,639,635  asgs:(5297,noefs=69,fails=2868)  fails:59,252  wrgs:97,231  wck:4.21  ngds:957  sols:1  bounds:2..27
    run86  dpts:7..18  robin:WdegOnDom-Last  effs:4,852,358  asgs:(5763,noefs=0,fails=3012)  fails:62,264  wrgs:102,371  wck:4.40  ngds:962  sols:1  bounds:2..27
    run87  dpts:13..29  robin:FrbaOnDom-Rand  effs:5,139,343  asgs:(6053,noefs=23,fails=3162)  fails:65,426  wrgs:107,692  wck:4.65  ngds:973  sols:1  bounds:2..27
    run88  dpts:4..16  robin:Wdeg-First  effs:5,389,494  asgs:(5670,noefs=2,fails=3320)  fails:68,746  wrgs:112,858  wck:4.85  ngds:988  sols:1  bounds:2..27
    run89  dpts:6..19  robin:PickOnDom-Last  effs:5,639,175  asgs:(6733,noefs=13,fails=3486)  fails:72,232  wrgs:118,656  wck:5.08  ngds:1,005  sols:1  bounds:2..27
    run90  dpts:8..19  robin:WdegOnDom-Rand  effs:5,932,290  asgs:(6476,noefs=0,fails=3661)  fails:75,893  wrgs:124,478  wck:5.32  ngds:1,024  sols:1  bounds:2..27
 ...resetting restart cutoff to 55
 ...resetting heuristics data (nValues:1,615 - nSingletons:202 - nEntailed:80)
    run91  dpts:27..37  robin:FrbaOnDom-First  effs:5,938,362  asgs:(126,noefs=17,fails=55)  fails:75,948  wrgs:124,564  wck:5.32  ngds:1,034  sols:1  bounds:2..27
    run92  dpts:16..22  robin:Wdeg-Last  effs:5,942,446  asgs:(98,noefs=0,fails=57)  fails:76,005  wrgs:124,640  wck:5.33  ngds:1,043  sols:1  bounds:2..27
    run93  dpts:20..27  robin:PickOnDom-Rand  effs:5,945,701  asgs:(128,noefs=3,fails=60)  fails:76,065  wrgs:124,734  wck:5.33  ngds:1,053  sols:1  bounds:2..27
    run94  dpts:18..26  robin:WdegOnDom-First  effs:5,949,655  asgs:(137,noefs=2,fails=63)  fails:76,128  wrgs:124,839  wck:5.33  ngds:1,060  sols:1  bounds:2..27
    run95  dpts:196..223  robin:FrbaOnDom-Last  effs:5,956,175  asgs:(356,noefs=207,fails=66)  fails:76,194  wrgs:124,968  wck:5.35  ngds:1,068  sols:1  bounds:2..27
    run96  dpts:6..16  robin:Wdeg-Rand  effs:5,962,652  asgs:(121,noefs=1,fails=70)  fails:76,264  wrgs:125,074  wck:5.35  ngds:1,070  sols:1  bounds:2..27
    run97  dpts:6..15  robin:PickOnDom-First  effs:5,969,941  asgs:(156,noefs=1,fails=73)  fails:76,337  wrgs:125,199  wck:5.36  ngds:1,076  sols:1  bounds:2..27
    run98  dpts:9..18  robin:WdegOnDom-Last  effs:5,975,681  asgs:(162,noefs=12,fails=77)  fails:76,414  wrgs:125,347  wck:5.37  ngds:1,088  sols:1  bounds:2..27
    run99  dpts:227..238  robin:FrbaOnDom-Rand  effs:5,984,881  asgs:(372,noefs=207,fails=81)  fails:76,495  wrgs:125,484  wck:5.38  ngds:1,098  sols:1  bounds:2..27
    run100  dpts:7..13  robin:Wdeg-First  effs:5,991,262  asgs:(138,noefs=0,fails=85)  fails:76,580  wrgs:125,602  wck:5.38  ngds:1,110  sols:1  bounds:2..27
    run101  dpts:6..18  robin:PickOnDom-Last  effs:5,996,553  asgs:(197,noefs=0,fails=89)  fails:76,669  wrgs:125,752  wck:5.39  ngds:1,123  sols:1  bounds:2..27
    run102  dpts:11..18  robin:WdegOnDom-Rand  effs:6,002,267  asgs:(164,noefs=2,fails=94)  fails:76,763  wrgs:125,893  wck:5.39  ngds:1,132  sols:1  bounds:2..27
    run103  dpts:34..44  robin:FrbaOnDom-First  effs:6,013,356  asgs:(192,noefs=23,fails=98)  fails:76,861  wrgs:126,039  wck:5.41  ngds:1,134  sols:1  bounds:2..27
    run104  dpts:7..13  robin:Wdeg-Last  effs:6,020,760  asgs:(203,noefs=1,fails=103)  fails:76,964  wrgs:126,217  wck:5.41  ngds:1,141  sols:1  bounds:2..27
    run105  dpts:8..15  robin:PickOnDom-Rand  effs:6,030,953  asgs:(213,noefs=2,fails=108)  fails:77,072  wrgs:126,394  wck:5.42  ngds:1,148  sols:1  bounds:2..27
    run106  dpts:5..17  robin:WdegOnDom-First  effs:6,038,143  asgs:(207,noefs=1,fails=114)  fails:77,186  wrgs:126,573  wck:5.43  ngds:1,156  sols:1  bounds:2..27
    run107  dpts:112..124  robin:FrbaOnDom-Last  effs:6,046,507  asgs:(352,noefs=96,fails=120)  fails:77,306  wrgs:126,791  wck:5.44  ngds:1,165  sols:1  bounds:2..27
    run108  dpts:6..16  robin:Wdeg-Rand  effs:6,054,013  asgs:(209,noefs=3,fails=126)  fails:77,432  wrgs:126,973  wck:5.45  ngds:1,170  sols:1  bounds:2..27
    run109  dpts:6..17  robin:PickOnDom-First  effs:6,066,361  asgs:(331,noefs=0,fails=132)  fails:77,564  wrgs:127,229  wck:5.46  ngds:1,177  sols:1  bounds:2..27
    run110  dpts:13..22  robin:WdegOnDom-Last  effs:6,080,114  asgs:(301,noefs=2,fails=138)  fails:77,702  wrgs:127,478  wck:5.47  ngds:1,194  sols:1  bounds:2..27
    run111  dpts:103..122  robin:FrbaOnDom-Rand  effs:6,093,416  asgs:(383,noefs=100,fails=145)  fails:77,847  wrgs:127,734  wck:5.49  ngds:1,204  sols:1  bounds:2..27
    run112  dpts:5..12  robin:Wdeg-First  effs:6,102,314  asgs:(248,noefs=1,fails=153)  fails:78,000  wrgs:127,956  wck:5.50  ngds:1,215  sols:1  bounds:2..27
    run113  dpts:10..20  robin:PickOnDom-Last  effs:6,117,425  asgs:(348,noefs=2,fails=160)  fails:78,160  wrgs:128,236  wck:5.51  ngds:1,225  sols:1  bounds:2..27
    run114  dpts:7..16  robin:WdegOnDom-Rand  effs:6,128,863  asgs:(331,noefs=0,fails=168)  fails:78,328  wrgs:128,521  wck:5.52  ngds:1,235  sols:1  bounds:2..27
    run115  dpts:192..213  robin:FrbaOnDom-First  effs:6,143,889  asgs:(535,noefs=182,fails=177)  fails:78,505  wrgs:128,823  wck:5.54  ngds:1,236  sols:1  bounds:2..27
    run116  dpts:5..13  robin:Wdeg-Last  effs:6,164,730  asgs:(372,noefs=0,fails=186)  fails:78,691  wrgs:129,155  wck:5.56  ngds:1,248  sols:1  bounds:2..27
    run117  dpts:8..18  robin:PickOnDom-Rand  effs:6,176,360  asgs:(356,noefs=2,fails=195)  fails:78,886  wrgs:129,462  wck:5.57  ngds:1,257  sols:1  bounds:2..27
    run118  dpts:4..15  robin:WdegOnDom-First  effs:6,202,213  asgs:(418,noefs=3,fails=205)  fails:79,091  wrgs:129,808  wck:5.60  ngds:1,274  sols:1  bounds:2..27
    run119  dpts:56..67  robin:FrbaOnDom-Last  effs:6,219,261  asgs:(430,noefs=44,fails=215)  fails:79,306  wrgs:130,155  wck:5.61  ngds:1,287  sols:1  bounds:2..27
    run120  dpts:7..16  robin:Wdeg-Rand  effs:6,236,885  asgs:(367,noefs=0,fails=226)  fails:79,532  wrgs:130,491  wck:5.63  ngds:1,299  sols:1  bounds:2..27
 ...resetting heuristics data (nValues:1,615 - nSingletons:202 - nEntailed:80)
    run121  dpts:17..27  robin:PickOnDom-First  effs:6,251,347  asgs:(431,noefs=7,fails=237)  fails:79,769  wrgs:130,857  wck:5.64  ngds:1,306  sols:1  bounds:2..27
    run122  dpts:16..24  robin:WdegOnDom-Last  effs:6,268,295  asgs:(487,noefs=0,fails=249)  fails:80,018  wrgs:131,267  wck:5.66  ngds:1,326  sols:1  bounds:2..27
    run123  dpts:20..75  robin:FrbaOnDom-Rand  effs:6,294,404  asgs:(634,noefs=115,fails=262)  fails:80,280  wrgs:131,771  wck:5.68  ngds:1,329  sols:1  bounds:2..27
    run124  dpts:16..26  robin:Wdeg-First  effs:6,310,888  asgs:(458,noefs=3,fails=275)  fails:80,555  wrgs:132,176  wck:5.70  ngds:1,336  sols:1  bounds:2..27
    run125  dpts:7..22  robin:PickOnDom-Last  effs:6,339,871  asgs:(646,noefs=16,fails=288)  fails:80,843  wrgs:132,741  wck:5.73  ngds:1,341  sols:1  bounds:2..27
    run126  dpts:5..14  robin:WdegOnDom-Rand  effs:6,369,156  asgs:(561,noefs=1,fails=303)  fails:81,146  wrgs:133,247  wck:5.75  ngds:1,348  sols:1  bounds:2..27
    run127  dpts:343..359  robin:FrbaOnDom-First  effs:6,391,593  asgs:(958,noefs=327,fails=318)  fails:81,464  wrgs:133,761  wck:5.79  ngds:1,358  sols:1  bounds:2..27
    run128  dpts:8..22  robin:Wdeg-Last  effs:6,419,445  asgs:(599,noefs=5,fails=334)  fails:81,798  wrgs:134,323  wck:5.81  ngds:1,369  sols:1  bounds:2..27
    run129  dpts:9..17  robin:PickOnDom-Rand  effs:6,443,300  asgs:(689,noefs=9,fails=351)  fails:82,149  wrgs:134,920  wck:5.83  ngds:1,379  sols:1  bounds:2..27
    run130  dpts:4..16  robin:WdegOnDom-First  effs:6,467,441  asgs:(649,noefs=0,fails=368)  fails:82,517  wrgs:135,483  wck:5.86  ngds:1,386  sols:1  bounds:2..27
    run131  dpts:37..49  robin:FrbaOnDom-Last  effs:6,505,425  asgs:(805,noefs=30,fails=387)  fails:82,904  wrgs:136,162  wck:5.89  ngds:1,396  sols:1  bounds:2..27
    run132  dpts:4..14  robin:Wdeg-Rand  effs:6,531,761  asgs:(668,noefs=0,fails=406)  fails:83,310  wrgs:136,781  wck:5.92  ngds:1,420  sols:1  bounds:2..27
    run133  dpts:5..16  robin:PickOnDom-First  effs:6,573,410  asgs:(938,noefs=9,fails=426)  fails:83,736  wrgs:137,547  wck:5.96  ngds:1,432  sols:1  bounds:2..27
    run134  dpts:11..20  robin:WdegOnDom-Last  effs:6,610,179  asgs:(837,noefs=0,fails=448)  fails:84,184  wrgs:138,300  wck:5.99  ngds:1,443  sols:1  bounds:2..27
    run135  dpts:20..35  robin:FrbaOnDom-Rand  effs:6,647,627  asgs:(955,noefs=11,fails=470)  fails:84,654  wrgs:139,109  wck:6.03  ngds:1,457  sols:1  bounds:2..27
    run136  dpts:6..15  robin:Wdeg-First  effs:6,686,336  asgs:(838,noefs=0,fails=494)  fails:85,148  wrgs:139,879  wck:6.06  ngds:1,463  sols:1  bounds:2..27
    run137  dpts:6..16  robin:PickOnDom-Last  effs:6,741,235  asgs:(1068,noefs=3,fails=518)  fails:85,666  wrgs:140,771  wck:6.11  ngds:1,469  sols:1  bounds:2..27
    run138  dpts:10..19  robin:WdegOnDom-Rand  effs:6,782,514  asgs:(954,noefs=0,fails=544)  fails:86,210  wrgs:141,615  wck:6.14  ngds:1,477  sols:1  bounds:2..27
    run139  dpts:57..154  robin:FrbaOnDom-First  effs:6,838,931  asgs:(1251,noefs=151,fails=572)  fails:86,782  wrgs:142,684  wck:6.20  ngds:1,481  sols:1  bounds:2..27
    run140  dpts:5..14  robin:Wdeg-Last  effs:6,887,544  asgs:(1054,noefs=1,fails=600)  fails:87,382  wrgs:143,661  wck:6.25  ngds:1,494  sols:1  bounds:2..27
    run141  dpts:5..17  robin:PickOnDom-Rand  effs:6,943,692  asgs:(1144,noefs=6,fails=630)  fails:88,012  wrgs:144,681  wck:6.29  ngds:1,502  sols:1  bounds:2..27
    run142  dpts:8..18  robin:WdegOnDom-First  effs:7,008,531  asgs:(1322,noefs=0,fails=662)  fails:88,674  wrgs:145,847  wck:6.35  ngds:1,514  sols:1  bounds:2..27
    run143  dpts:225..248  robin:FrbaOnDom-Last  effs:7,077,033  asgs:(1632,noefs=236,fails=695)  fails:89,369  wrgs:147,121  wck:6.44  ngds:1,517  sols:1  bounds:2..27
    run144  dpts:4..14  robin:Wdeg-Rand  effs:7,139,239  asgs:(1234,noefs=0,fails=730)  fails:90,099  wrgs:148,259  wck:6.49  ngds:1,530  sols:1  bounds:2..27
    run145  dpts:7..16  robin:PickOnDom-First  effs:7,190,526  asgs:(1329,noefs=1,fails=766)  fails:90,865  wrgs:149,490  wck:6.53  ngds:1,548  sols:1  bounds:2..27
    run146  dpts:5..16  robin:WdegOnDom-Last  effs:7,262,656  asgs:(1494,noefs=1,fails=804)  fails:91,669  wrgs:150,862  wck:6.59  ngds:1,561  sols:1  bounds:2..27
    run147  dpts:64..76  robin:FrbaOnDom-Rand  effs:7,332,136  asgs:(1538,noefs=64,fails=845)  fails:92,514  wrgs:152,186  wck:6.65  ngds:1,574  sols:1  bounds:2..27
    run148  dpts:3..13  robin:Wdeg-First  effs:7,411,235  asgs:(1623,noefs=0,fails=887)  fails:93,401  wrgs:153,588  wck:6.72  ngds:1,586  sols:1  bounds:2..27
    run149  dpts:8..17  robin:PickOnDom-Last  effs:7,491,371  asgs:(1856,noefs=1,fails=931)  fails:94,332  wrgs:155,209  wck:6.80  ngds:1,606  sols:1  bounds:2..27
    run150  dpts:6..16  robin:WdegOnDom-Rand  effs:7,580,391  asgs:(1664,noefs=0,fails=978)  fails:95,310  wrgs:156,679  wck:6.87  ngds:1,619  sols:1  bounds:2..27
 ...resetting heuristics data (nValues:1,615 - nSingletons:202 - nEntailed:80)
    run151  dpts:21..56  robin:FrbaOnDom-First  effs:7,658,328  asgs:(1982,noefs=87,fails=1027)  fails:96,337  wrgs:158,297  wck:6.94  ngds:1,637  sols:1  bounds:2..27
    run152  dpts:15..23  robin:Wdeg-Last  effs:7,731,817  asgs:(1848,noefs=3,fails=1078)  fails:97,415  wrgs:159,989  wck:7.01  ngds:1,656  sols:1  bounds:2..27
    run153  dpts:14..25  robin:PickOnDom-Rand  effs:7,809,941  asgs:(2223,noefs=104,fails=1132)  fails:98,547  wrgs:161,883  wck:7.08  ngds:1,674  sols:1  bounds:2..27
    run154  dpts:16..26  robin:WdegOnDom-First  effs:7,893,675  asgs:(2208,noefs=1,fails=1189)  fails:99,736  wrgs:163,825  wck:7.15  ngds:1,698  sols:1  bounds:2..27
    run155  dpts:334..369  robin:FrbaOnDom-Last  effs:7,999,720  asgs:(3055,noefs=422,fails=1248)  fails:100,984  wrgs:166,253  wck:7.28  ngds:1,703  sols:1  bounds:2..27
    run156  dpts:5..18  robin:Wdeg-Rand  effs:8,114,777  asgs:(2334,noefs=5,fails=1311)  fails:102,295  wrgs:168,320  wck:7.38  ngds:1,716  sols:1  bounds:2..27
    run157  dpts:4..19  robin:PickOnDom-First  effs:8,195,878  asgs:(2868,noefs=72,fails=1376)  fails:103,671  wrgs:170,712  wck:7.46  ngds:1,734  sols:1  bounds:2..27
    run158  dpts:7..18  robin:WdegOnDom-Last  effs:8,324,696  asgs:(2864,noefs=17,fails=1445)  fails:105,116  wrgs:173,406  wck:7.58  ngds:1,747  sols:1  bounds:2..27
    run159  dpts:33..159  robin:FrbaOnDom-Rand  effs:8,455,380  asgs:(2995,noefs=167,fails=1517)  fails:106,633  wrgs:176,046  wck:7.71  ngds:1,755  sols:1  bounds:2..27
    run160  dpts:4..15  robin:Wdeg-First  effs:8,595,891  asgs:(2967,noefs=0,fails=1593)  fails:108,226  wrgs:178,687  wck:7.85  ngds:1,767  sols:1  bounds:2..27
    run161  dpts:7..20  robin:PickOnDom-Last  effs:8,727,860  asgs:(3960,noefs=42,fails=1673)  fails:109,899  wrgs:181,943  wck:7.98  ngds:1,779  sols:1  bounds:2..27
    run162  dpts:11..21  robin:WdegOnDom-Rand  effs:8,861,019  asgs:(3167,noefs=1,fails=1757)  fails:111,656  wrgs:184,648  wck:8.09  ngds:1,798  sols:1  bounds:2..27
    run163  dpts:200..223  robin:FrbaOnDom-First  effs:9,003,358  asgs:(3873,noefs=231,fails=1844)  fails:113,500  wrgs:187,941  wck:8.24  ngds:1,822  sols:1  bounds:2..27
    run164  dpts:6..13  robin:Wdeg-Last  effs:9,136,841  asgs:(3337,noefs=0,fails=1937)  fails:115,437  wrgs:191,034  wck:8.37  ngds:1,844  sols:1  bounds:2..27
    run165  dpts:6..18  robin:PickOnDom-Rand  effs:9,306,962  asgs:(4429,noefs=60,fails=2034)  fails:117,471  wrgs:194,655  wck:8.51  ngds:1,851  sols:1  bounds:2..27
    run166  dpts:3..16  robin:WdegOnDom-First  effs:9,446,563  asgs:(3893,noefs=0,fails=2135)  fails:119,606  wrgs:198,140  wck:8.63  ngds:1,856  sols:1  bounds:2..27
    run167  dpts:15..40  robin:FrbaOnDom-Last  effs:9,623,702  asgs:(4379,noefs=30,fails=2242)  fails:121,848  wrgs:201,994  wck:8.81  ngds:1,870  sols:1  bounds:2..27
    run168  dpts:3..14  robin:Wdeg-Rand  effs:9,855,225  asgs:(3969,noefs=1,fails=2354)  fails:124,202  wrgs:205,622  wck:9.03  ngds:1,882  sols:1  bounds:2..27
    run169  dpts:0..20  robin:PickOnDom-First  effs:10,035,000  asgs:(5379,noefs=82,fails=2472)  fails:126,674  wrgs:209,999  wck:9.21  ngds:1,890  sols:1  bounds:2..27
    run170  dpts:4..19  robin:WdegOnDom-Last  effs:10,270,687  asgs:(4780,noefs=2,fails=2596)  fails:129,270  wrgs:214,523  wck:9.41  ngds:1,903  sols:1  bounds:2..27
 ...Discarding 2 singleton variables
    run171  dpts:23..35  robin:FrbaOnDom-Rand  effs:10,491,017  asgs:(5043,noefs=38,fails=2725)  fails:131,995  wrgs:218,935  wck:9.62  ngds:1,919  sols:1  bounds:2..27
    run172  dpts:3..14  robin:Wdeg-First  effs:10,694,569  asgs:(5002,noefs=6,fails=2862)  fails:134,857  wrgs:223,490  wck:9.81  ngds:1,942  sols:1  bounds:2..27
    run173  dpts:2..17  robin:PickOnDom-Last  effs:10,945,076  asgs:(6927,noefs=58,fails=3005)  fails:137,862  wrgs:229,194  wck:10.1  ngds:1,951  sols:1  bounds:2..27
    run174  dpts:7..19  robin:WdegOnDom-Rand  effs:11,212,240  asgs:(5764,noefs=0,fails=3155)  fails:141,017  wrgs:234,219  wck:10.3  ngds:1,977  sols:1  bounds:2..27
    run175  dpts:10..25  robin:FrbaOnDom-First  effs:11,458,020  asgs:(6156,noefs=14,fails=3313)  fails:144,330  wrgs:239,753  wck:10.5  ngds:2,001  sols:1  bounds:2..27
    run176  dpts:3..13  robin:Wdeg-Last  effs:11,772,892  asgs:(5936,noefs=0,fails=3478)  fails:147,808  wrgs:245,462  wck:10.8  ngds:2,019  sols:1  bounds:2..27
    run177  dpts:10..23  robin:PickOnDom-Rand  effs:12,044,335  asgs:(8112,noefs=86,fails=3652)  fails:151,460  wrgs:251,913  wck:11.0  ngds:2,029  sols:1  bounds:2..27
    run178  dpts:5..19  robin:WdegOnDom-First  effs:12,303,543  asgs:(7169,noefs=0,fails=3835)  fails:155,295  wrgs:258,441  wck:11.3  ngds:2,044  sols:1  bounds:2..27
    run179  dpts:9..26  robin:FrbaOnDom-Last  effs:12,672,624  asgs:(8076,noefs=33,fails=4027)  fails:159,322  wrgs:265,752  wck:11.6  ngds:2,063  sols:1  bounds:2..27
    run180  dpts:1..14  robin:Wdeg-Rand  effs:13,030,866  asgs:(7071,noefs=0,fails=4228)  fails:163,550  wrgs:272,223  wck:11.9  ngds:2,076  sols:1  bounds:2..27
 ...resetting restart cutoff to 60
 ...resetting heuristics data (nValues:1,611 - nSingletons:204 - nEntailed:82)
    run181  dpts:17..24  robin:PickOnDom-First  effs:13,034,596  asgs:(127,noefs=0,fails=60)  fails:163,610  wrgs:272,323  wck:11.9  ngds:2,084  sols:1  bounds:2..27
    run182  dpts:14..22  robin:WdegOnDom-Last  effs:13,039,586  asgs:(141,noefs=0,fails=63)  fails:163,673  wrgs:272,429  wck:11.9  ngds:2,090  sols:1  bounds:2..27
    run183  dpts:33..78  robin:FrbaOnDom-Rand  effs:13,047,510  asgs:(193,noefs=62,fails=66)  fails:163,739  wrgs:272,575  wck:11.9  ngds:2,096  sols:1  bounds:2..27
    run184  dpts:16..25  robin:Wdeg-First  effs:13,051,279  asgs:(130,noefs=3,fails=69)  fails:163,808  wrgs:272,682  wck:11.9  ngds:2,103  sols:1  bounds:2..27
    run185  dpts:12..28  robin:PickOnDom-Last  effs:13,056,965  asgs:(166,noefs=10,fails=72)  fails:163,880  wrgs:272,823  wck:11.9  ngds:2,106  sols:1  bounds:2..27
    run186  dpts:6..13  robin:WdegOnDom-Rand  effs:13,063,638  asgs:(143,noefs=0,fails=76)  fails:163,956  wrgs:272,943  wck:12.0  ngds:2,116  sols:1  bounds:2..27
    run187  dpts:354..362  robin:FrbaOnDom-First  effs:13,068,021  asgs:(490,noefs=329,fails=80)  fails:164,036  wrgs:273,065  wck:12.0  ngds:2,124  sols:1  bounds:2..27
    run188  dpts:6..19  robin:Wdeg-Last  effs:13,074,999  asgs:(152,noefs=4,fails=84)  fails:164,120  wrgs:273,204  wck:12.0  ngds:2,128  sols:1  bounds:2..27
    run189  dpts:12..23  robin:PickOnDom-Rand  effs:13,079,693  asgs:(178,noefs=8,fails=88)  fails:164,208  wrgs:273,336  wck:12.0  ngds:2,135  sols:1  bounds:2..27
    run190  dpts:1..13  robin:WdegOnDom-First  effs:13,086,253  asgs:(183,noefs=0,fails=93)  fails:164,301  wrgs:273,489  wck:12.0  ngds:2,152  sols:1  bounds:2..27
    run191  dpts:93..104  robin:FrbaOnDom-Last  effs:13,095,488  asgs:(278,noefs=78,fails=97)  fails:164,398  wrgs:273,658  wck:12.0  ngds:2,163  sols:1  bounds:2..27
    run192  dpts:5..12  robin:Wdeg-Rand  effs:13,106,375  asgs:(171,noefs=0,fails=102)  fails:164,500  wrgs:273,811  wck:12.0  ngds:2,165  sols:1  bounds:2..27
    run193  dpts:11..18  robin:PickOnDom-First  effs:13,111,716  asgs:(205,noefs=2,fails=107)  fails:164,607  wrgs:273,971  wck:12.0  ngds:2,168  sols:1  bounds:2..27
    run194  dpts:10..20  robin:WdegOnDom-Last  effs:13,119,990  asgs:(211,noefs=1,fails=113)  fails:164,720  wrgs:274,166  wck:12.0  ngds:2,174  sols:1  bounds:2..27
    run195  dpts:18..26  robin:FrbaOnDom-Rand  effs:13,127,765  asgs:(251,noefs=5,fails=118)  fails:164,838  wrgs:274,360  wck:12.1  ngds:2,190  sols:1  bounds:2..27
    run196  dpts:7..13  robin:Wdeg-First  effs:13,135,771  asgs:(247,noefs=0,fails=124)  fails:164,962  wrgs:274,581  wck:12.1  ngds:2,201  sols:1  bounds:2..27
    run197  dpts:9..15  robin:PickOnDom-Last  effs:13,142,763  asgs:(222,noefs=0,fails=130)  fails:165,092  wrgs:274,777  wck:12.1  ngds:2,212  sols:1  bounds:2..27
    run198  dpts:11..19  robin:WdegOnDom-Rand  effs:13,156,422  asgs:(286,noefs=0,fails=137)  fails:165,229  wrgs:275,015  wck:12.1  ngds:2,221  sols:1  bounds:2..27
    run199  dpts:6..13  robin:FrbaOnDom-First  effs:13,166,848  asgs:(251,noefs=0,fails=144)  fails:165,373  wrgs:275,240  wck:12.1  ngds:2,231  sols:1  bounds:2..27
    run200  dpts:5..12  robin:Wdeg-Last  effs:13,175,558  asgs:(250,noefs=0,fails=151)  fails:165,524  wrgs:275,469  wck:12.1  ngds:2,246  sols:1  bounds:2..27
    run201  dpts:9..15  robin:PickOnDom-Rand  effs:13,186,601  asgs:(294,noefs=5,fails=159)  fails:165,683  wrgs:275,723  wck:12.1  ngds:2,259  sols:1  bounds:2..27
    run202  dpts:10..18  robin:WdegOnDom-First  effs:13,195,844  asgs:(339,noefs=0,fails=167)  fails:165,850  wrgs:276,031  wck:12.1  ngds:2,271  sols:1  bounds:2..27
    run203  dpts:13..35  robin:FrbaOnDom-Last  effs:13,211,675  asgs:(340,noefs=15,fails=175)  fails:166,025  wrgs:276,326  wck:12.1  ngds:2,279  sols:1  bounds:2..27
    run204  dpts:4..12  robin:Wdeg-Rand  effs:13,225,626  asgs:(282,noefs=2,fails=184)  fails:166,209  wrgs:276,583  wck:12.2  ngds:2,295  sols:1  bounds:2..27
    run205  dpts:5..13  robin:PickOnDom-First  effs:13,241,628  asgs:(347,noefs=0,fails=193)  fails:166,402  wrgs:276,878  wck:12.2  ngds:2,302  sols:1  bounds:2..27
    run206  dpts:12..20  robin:WdegOnDom-Last  effs:13,259,459  asgs:(403,noefs=1,fails=203)  fails:166,605  wrgs:277,222  wck:12.2  ngds:2,313  sols:1  bounds:2..27
    run207  dpts:142..180  robin:FrbaOnDom-Rand  effs:13,274,039  asgs:(549,noefs=146,fails=213)  fails:166,818  wrgs:277,589  wck:12.2  ngds:2,319  sols:1  bounds:2..27
    run208  dpts:5..13  robin:Wdeg-First  effs:13,293,217  asgs:(378,noefs=0,fails=224)  fails:167,042  wrgs:277,918  wck:12.2  ngds:2,335  sols:1  bounds:2..27
    run209  dpts:6..14  robin:PickOnDom-Last  effs:13,313,134  asgs:(414,noefs=10,fails=235)  fails:167,277  wrgs:278,287  wck:12.3  ngds:2,346  sols:1  bounds:2..27
    run210  dpts:9..16  robin:WdegOnDom-Rand  effs:13,327,127  asgs:(490,noefs=0,fails=246)  fails:167,523  wrgs:278,704  wck:12.3  ngds:2,367  sols:1  bounds:2..27
 ...resetting heuristics data (nValues:1,611 - nSingletons:204 - nEntailed:82)
    run211  dpts:21..44  robin:FrbaOnDom-First  effs:13,342,097  asgs:(563,noefs=21,fails=259)  fails:167,782  wrgs:279,110  wck:12.3  ngds:2,377  sols:1  bounds:2..27
    run212  dpts:14..24  robin:Wdeg-Last  effs:13,357,229  asgs:(517,noefs=4,fails=272)  fails:168,054  wrgs:279,542  wck:12.3  ngds:2,396  sols:1  bounds:2..27
    run213  dpts:14..23  robin:PickOnDom-Rand  effs:13,376,720  asgs:(570,noefs=4,fails=285)  fails:168,339  wrgs:280,016  wck:12.3  ngds:2,407  sols:1  bounds:2..27
    run214  dpts:15..23  robin:WdegOnDom-First  effs:13,404,010  asgs:(556,noefs=1,fails=300)  fails:168,639  wrgs:280,513  wck:12.4  ngds:2,423  sols:1  bounds:2..27
    run215  dpts:227..351  robin:FrbaOnDom-Last  effs:13,430,669  asgs:(978,noefs=357,fails=315)  fails:168,954  wrgs:281,208  wck:12.4  ngds:2,433  sols:1  bounds:2..27
    run216  dpts:5..16  robin:Wdeg-Rand  effs:13,457,242  asgs:(587,noefs=4,fails=330)  fails:169,284  wrgs:281,722  wck:12.4  ngds:2,445  sols:1  bounds:2..27
    run217  dpts:4..15  robin:PickOnDom-First  effs:13,482,976  asgs:(803,noefs=25,fails=347)  fails:169,631  wrgs:282,362  wck:12.4  ngds:2,459  sols:1  bounds:2..27
    run218  dpts:7..17  robin:WdegOnDom-Last  effs:13,524,129  asgs:(697,noefs=5,fails=364)  fails:169,995  wrgs:283,012  wck:12.5  ngds:2,468  sols:1  bounds:2..27
    run219  dpts:116..136  robin:FrbaOnDom-Rand  effs:13,566,417  asgs:(804,noefs=129,fails=383)  fails:170,378  wrgs:283,628  wck:12.5  ngds:2,482  sols:1  bounds:2..27
    run220  dpts:6..14  robin:Wdeg-First  effs:13,594,119  asgs:(633,noefs=0,fails=402)  fails:170,780  wrgs:284,213  wck:12.6  ngds:2,495  sols:1  bounds:2..27
    run221  dpts:5..20  robin:PickOnDom-Last  effs:13,627,373  asgs:(1070,noefs=58,fails=422)  fails:171,202  wrgs:285,080  wck:12.6  ngds:2,504  sols:1  bounds:2..27
    run222  dpts:13..22  robin:WdegOnDom-Rand  effs:13,670,833  asgs:(842,noefs=0,fails=443)  fails:171,645  wrgs:285,794  wck:12.6  ngds:2,513  sols:1  bounds:2..27
    run223  dpts:211..251  robin:FrbaOnDom-First  effs:13,701,787  asgs:(1099,noefs=237,fails=465)  fails:172,110  wrgs:286,566  wck:12.7  ngds:2,528  sols:1  bounds:2..27
    run224  dpts:4..18  robin:Wdeg-Last  effs:13,749,855  asgs:(882,noefs=0,fails=488)  fails:172,598  wrgs:287,391  wck:12.7  ngds:2,538  sols:1  bounds:2..27
    run225  dpts:6..17  robin:PickOnDom-Rand  effs:13,789,999  asgs:(1058,noefs=16,fails=513)  fails:173,111  wrgs:288,265  wck:12.8  ngds:2,546  sols:1  bounds:2..27
    run226  dpts:4..12  robin:WdegOnDom-First  effs:13,830,128  asgs:(1037,noefs=0,fails=539)  fails:173,650  wrgs:289,198  wck:12.8  ngds:2,558  sols:1  bounds:2..27
    run227  dpts:195..213  robin:FrbaOnDom-Last  effs:13,880,458  asgs:(1270,noefs=200,fails=566)  fails:174,216  wrgs:290,178  wck:12.9  ngds:2,570  sols:1  bounds:2..27
    run228  dpts:5..14  robin:Wdeg-Rand  effs:13,928,968  asgs:(1020,noefs=0,fails=594)  fails:174,810  wrgs:291,091  wck:12.9  ngds:2,578  sols:1  bounds:2..27
    run229  dpts:5..17  robin:PickOnDom-First  effs:13,980,981  asgs:(1317,noefs=34,fails=624)  fails:175,434  wrgs:292,196  wck:13.0  ngds:2,587  sols:1  bounds:2..27
    run230  dpts:4..15  robin:WdegOnDom-Last  effs:14,042,724  asgs:(1254,noefs=2,fails=655)  fails:176,089  wrgs:293,369  wck:13.0  ngds:2,600  sols:1  bounds:2..27
    run231  dpts:24..36  robin:FrbaOnDom-Rand  effs:14,112,439  asgs:(1353,noefs=19,fails=688)  fails:176,777  wrgs:294,526  wck:13.1  ngds:2,611  sols:1  bounds:2..27
    run232  dpts:4..14  robin:Wdeg-First  effs:14,166,949  asgs:(1229,noefs=0,fails=722)  fails:177,499  wrgs:295,599  wck:13.2  ngds:2,622  sols:1  bounds:2..27
    run233  dpts:5..19  robin:PickOnDom-Last  effs:14,235,484  asgs:(1701,noefs=38,fails=758)  fails:178,257  wrgs:296,990  wck:13.2  ngds:2,637  sols:1  bounds:2..27
    run234  dpts:9..18  robin:WdegOnDom-Rand  effs:14,294,014  asgs:(1376,noefs=0,fails=796)  fails:179,053  wrgs:298,221  wck:13.3  ngds:2,652  sols:1  bounds:2..27
    run235  dpts:6..23  robin:FrbaOnDom-First  effs:14,354,552  asgs:(1561,noefs=8,fails=836)  fails:179,889  wrgs:299,609  wck:13.4  ngds:2,674  sols:1  bounds:2..27
    run236  dpts:3..13  robin:Wdeg-Last  effs:14,432,532  asgs:(1465,noefs=0,fails=878)  fails:180,767  wrgs:300,964  wck:13.4  ngds:2,689  sols:1  bounds:2..27
    run237  dpts:5..16  robin:PickOnDom-Rand  effs:14,505,419  asgs:(1896,noefs=20,fails=922)  fails:181,689  wrgs:302,561  wck:13.5  ngds:2,701  sols:1  bounds:2..27
    run238  dpts:2..19  robin:WdegOnDom-First  effs:14,560,907  asgs:(1753,noefs=0,fails=968)  fails:182,657  wrgs:304,168  wck:13.6  ngds:2,724  sols:1  bounds:2..27
    run239  dpts:15..26  robin:FrbaOnDom-Last  effs:14,634,682  asgs:(1928,noefs=9,fails=1016)  fails:183,673  wrgs:305,896  wck:13.6  ngds:2,739  sols:1  bounds:2..27
    run240  dpts:4..12  robin:Wdeg-Rand  effs:14,716,194  asgs:(1803,noefs=0,fails=1067)  fails:184,740  wrgs:307,554  wck:13.7  ngds:2,758  sols:1  bounds:2..27
 ...resetting heuristics data (nValues:1,611 - nSingletons:204 - nEntailed:82)
    run241  dpts:13..26  robin:PickOnDom-First  effs:14,788,116  asgs:(2219,noefs=24,fails=1120)  fails:185,860  wrgs:309,436  wck:13.8  ngds:2,773  sols:1  bounds:2..27
    run242  dpts:15..25  robin:WdegOnDom-Last  effs:14,872,078  asgs:(2306,noefs=7,fails=1176)  fails:187,036  wrgs:311,447  wck:13.9  ngds:2,788  sols:1  bounds:2..27
    run243  dpts:17..63  robin:FrbaOnDom-Rand  effs:15,003,354  asgs:(3009,noefs=296,fails=1235)  fails:188,271  wrgs:313,933  wck:14.0  ngds:2,791  sols:1  bounds:2..27
    run244  dpts:17..27  robin:Wdeg-First  effs:15,080,333  asgs:(2142,noefs=0,fails=1297)  fails:189,568  wrgs:315,845  wck:14.1  ngds:2,812  sols:1  bounds:2..27
    run245  dpts:5..20  robin:PickOnDom-Last  effs:15,193,553  asgs:(2993,noefs=24,fails=1362)  fails:190,930  wrgs:318,448  wck:14.2  ngds:2,822  sols:1  bounds:2..27
    run246  dpts:5..20  robin:WdegOnDom-Rand  effs:15,308,192  asgs:(2761,noefs=15,fails=1430)  fails:192,360  wrgs:320,799  wck:14.3  ngds:2,837  sols:1  bounds:2..27
    run247  dpts:247..268  robin:FrbaOnDom-First  effs:15,425,200  asgs:(3104,noefs=240,fails=1501)  fails:193,861  wrgs:323,298  wck:14.5  ngds:2,858  sols:1  bounds:2..27
    run248  dpts:2..13  robin:Wdeg-Last  effs:15,539,983  asgs:(2807,noefs=11,fails=1577)  fails:195,438  wrgs:325,979  wck:14.6  ngds:2,880  sols:1  bounds:2..27
    run249  dpts:8..20  robin:PickOnDom-Rand  effs:15,670,272  asgs:(3403,noefs=51,fails=1655)  fails:197,093  wrgs:328,821  wck:14.7  ngds:2,892  sols:1  bounds:2..27
    run250  dpts:9..18  robin:WdegOnDom-First  effs:15,791,425  asgs:(3300,noefs=0,fails=1738)  fails:198,831  wrgs:331,780  wck:14.8  ngds:2,901  sols:1  bounds:2..27
    run251  dpts:21..136  robin:FrbaOnDom-Last  effs:15,934,172  asgs:(3726,noefs=174,fails=1825)  fails:200,656  wrgs:335,100  wck:15.0  ngds:2,923  sols:1  bounds:2..27
    run252  dpts:3..12  robin:Wdeg-Rand  effs:16,120,858  asgs:(3101,noefs=0,fails=1916)  fails:202,572  wrgs:337,923  wck:15.2  ngds:2,939  sols:1  bounds:2..27
    run253  dpts:3..21  robin:PickOnDom-First  effs:16,290,975  asgs:(4291,noefs=98,fails=2012)  fails:204,584  wrgs:341,535  wck:15.3  ngds:2,945  sols:1  bounds:2..27
    run254  dpts:4..14  robin:WdegOnDom-Last  effs:16,493,829  asgs:(4345,noefs=0,fails=2113)  fails:206,697  wrgs:345,411  wck:15.5  ngds:2,951  sols:1  bounds:2..27
    run255  dpts:13..72  robin:FrbaOnDom-Rand  effs:16,691,971  asgs:(4231,noefs=46,fails=2219)  fails:208,916  wrgs:349,103  wck:15.8  ngds:2,962  sols:1  bounds:2..27
    run256  dpts:1..14  robin:Wdeg-First  effs:16,845,525  asgs:(3725,noefs=0,fails=2329)  fails:211,245  wrgs:352,466  wck:15.9  ngds:2,976  sols:1  bounds:2..27
    run257  dpts:6..17  robin:PickOnDom-Last  effs:17,037,467  asgs:(5360,noefs=36,fails=2446)  fails:213,691  wrgs:356,800  wck:16.1  ngds:2,987  sols:1  bounds:2..27
    run258  dpts:6..18  robin:WdegOnDom-Rand  effs:17,239,025  asgs:(4553,noefs=0,fails=2568)  fails:216,259  wrgs:360,838  wck:16.3  ngds:3,001  sols:1  bounds:2..27
    run259  dpts:173..196  robin:FrbaOnDom-First  effs:17,422,298  asgs:(5418,noefs=161,fails=2697)  fails:218,956  wrgs:365,539  wck:16.5  ngds:3,017  sols:1  bounds:2..27
    run260  dpts:5..14  robin:Wdeg-Last  effs:17,638,807  asgs:(4587,noefs=0,fails=2832)  fails:221,788  wrgs:369,860  wck:16.7  ngds:3,033  sols:1  bounds:2..27
    run261  dpts:4..18  robin:PickOnDom-Rand  effs:17,881,792  asgs:(5671,noefs=93,fails=2973)  fails:224,761  wrgs:374,786  wck:16.9  ngds:3,041  sols:1  bounds:2..27
    run262  dpts:4..18  robin:WdegOnDom-First  effs:18,145,602  asgs:(5536,noefs=0,fails=3122)  fails:227,883  wrgs:379,511  wck:17.2  ngds:3,069  sols:1  bounds:2..27
    run263  dpts:17..28  robin:FrbaOnDom-Last  effs:18,389,385  asgs:(6269,noefs=2,fails=3278)  fails:231,161  wrgs:385,090  wck:17.4  ngds:3,091  sols:1  bounds:2..27
    run264  dpts:3..14  robin:Wdeg-Rand  effs:18,738,096  asgs:(6091,noefs=1,fails=3442)  fails:234,603  wrgs:390,601  wck:17.8  ngds:3,105  sols:1  bounds:2..27
    run265  dpts:3..18  robin:PickOnDom-First  effs:19,014,616  asgs:(7986,noefs=81,fails=3614)  fails:238,217  wrgs:397,325  wck:18.1  ngds:3,113  sols:1  bounds:2..27
    run266  dpts:7..19  robin:WdegOnDom-Last  effs:19,294,709  asgs:(7013,noefs=0,fails=3795)  fails:242,012  wrgs:403,366  wck:18.3  ngds:3,137  sols:1  bounds:2..27
    run267  dpts:27..42  robin:FrbaOnDom-Rand  effs:19,570,182  asgs:(7284,noefs=24,fails=3985)  fails:245,997  wrgs:409,840  wck:18.6  ngds:3,159  sols:1  bounds:2..27
    run268  dpts:3..15  robin:Wdeg-First  effs:19,872,615  asgs:(7029,noefs=2,fails=4184)  fails:250,181  wrgs:416,015  wck:18.9  ngds:3,181  sols:1  bounds:2..27
    run269  dpts:3..19  robin:PickOnDom-Last  effs:20,250,815  asgs:(10543,noefs=207,fails=4393)  fails:254,574  wrgs:424,733  wck:19.3  ngds:3,197  sols:1  bounds:2..27
    run270  dpts:8..20  robin:WdegOnDom-Rand  effs:20,637,372  asgs:(8434,noefs=1,fails=4613)  fails:259,187  wrgs:432,222  wck:19.7  ngds:3,209  sols:1  bounds:2..27
 ...resetting restart cutoff to 65
 ...resetting heuristics data (nValues:1,611 - nSingletons:204 - nEntailed:82)
    run271  dpts:25..31  robin:FrbaOnDom-First  effs:20,641,206  asgs:(138,noefs=12,fails=65)  fails:259,252  wrgs:432,325  wck:19.7  ngds:3,213  sols:1  bounds:2..27
    run272  dpts:15..24  robin:Wdeg-Last  effs:20,645,049  asgs:(127,noefs=0,fails=68)  fails:259,320  wrgs:432,423  wck:19.7  ngds:3,222  sols:1  bounds:2..27
    run273  dpts:17..26  robin:PickOnDom-Rand  effs:20,650,307  asgs:(138,noefs=2,fails=71)  fails:259,391  wrgs:432,530  wck:19.7  ngds:3,233  sols:1  bounds:2..27
    run274  dpts:17..24  robin:WdegOnDom-First  effs:20,656,385  asgs:(166,noefs=0,fails=75)  fails:259,466  wrgs:432,663  wck:19.7  ngds:3,238  sols:1  bounds:2..27
    run275  dpts:27..63  robin:FrbaOnDom-Last  effs:20,664,854  asgs:(218,noefs=56,fails=79)  fails:259,545  wrgs:432,833  wck:19.7  ngds:3,241  sols:1  bounds:2..27
    run276  dpts:3..12  robin:Wdeg-Rand  effs:20,674,193  asgs:(134,noefs=0,fails=82)  fails:259,627  wrgs:432,954  wck:19.7  ngds:3,243  sols:1  bounds:2..27
    run277  dpts:8..17  robin:PickOnDom-First  effs:20,680,717  asgs:(185,noefs=4,fails=87)  fails:259,714  wrgs:433,108  wck:19.7  ngds:3,249  sols:1  bounds:2..27
    run278  dpts:8..17  robin:WdegOnDom-Last  effs:20,688,418  asgs:(163,noefs=2,fails=91)  fails:259,805  wrgs:433,258  wck:19.7  ngds:3,254  sols:1  bounds:2..27
    run279  dpts:377..390  robin:FrbaOnDom-Rand  effs:20,695,974  asgs:(557,noefs=361,fails=96)  fails:259,901  wrgs:433,416  wck:19.7  ngds:3,258  sols:1  bounds:2..27
    run280  dpts:4..10  robin:Wdeg-First  effs:20,703,656  asgs:(152,noefs=0,fails=100)  fails:260,001  wrgs:433,547  wck:19.7  ngds:3,268  sols:1  bounds:2..27
    run281  dpts:7..15  robin:PickOnDom-Last  effs:20,710,125  asgs:(197,noefs=3,fails=105)  fails:260,106  wrgs:433,720  wck:19.7  ngds:3,274  sols:1  bounds:2..27
    run282  dpts:11..17  robin:WdegOnDom-Rand  effs:20,718,446  asgs:(211,noefs=0,fails=111)  fails:260,217  wrgs:433,898  wck:19.8  ngds:3,284  sols:1  bounds:2..27
    run283  dpts:54..63  robin:FrbaOnDom-First  effs:20,725,132  asgs:(257,noefs=37,fails=116)  fails:260,333  wrgs:434,078  wck:19.8  ngds:3,297  sols:1  bounds:2..27
    run284  dpts:5..14  robin:Wdeg-Last  effs:20,735,671  asgs:(236,noefs=0,fails=122)  fails:260,455  wrgs:434,289  wck:19.8  ngds:3,307  sols:1  bounds:2..27
    run285  dpts:8..16  robin:PickOnDom-Rand  effs:20,742,663  asgs:(282,noefs=20,fails=128)  fails:260,583  wrgs:434,515  wck:19.8  ngds:3,314  sols:1  bounds:2..27
    run286  dpts:7..16  robin:WdegOnDom-First  effs:20,748,816  asgs:(266,noefs=1,fails=135)  fails:260,718  wrgs:434,745  wck:19.8  ngds:3,328  sols:1  bounds:2..27
    run287  dpts:27..39  robin:FrbaOnDom-Last  effs:20,765,458  asgs:(271,noefs=11,fails=141)  fails:260,859  wrgs:434,964  wck:19.8  ngds:3,335  sols:1  bounds:2..27
    run288  dpts:5..15  robin:Wdeg-Rand  effs:20,779,296  asgs:(267,noefs=3,fails=148)  fails:261,007  wrgs:435,199  wck:19.8  ngds:3,347  sols:1  bounds:2..27
    run289  dpts:5..14  robin:PickOnDom-First  effs:20,793,957  asgs:(364,noefs=3,fails=156)  fails:261,163  wrgs:435,496  wck:19.8  ngds:3,351  sols:1  bounds:2..27
    run290  dpts:10..18  robin:WdegOnDom-Last  effs:20,806,458  asgs:(338,noefs=2,fails=164)  fails:261,327  wrgs:435,786  wck:19.9  ngds:3,360  sols:1  bounds:2..27
    run291  dpts:138..148  robin:FrbaOnDom-Rand  effs:20,821,579  asgs:(468,noefs=128,fails=172)  fails:261,499  wrgs:436,083  wck:19.9  ngds:3,368  sols:1  bounds:2..27
    run292  dpts:8..14  robin:Wdeg-First  effs:20,833,565  asgs:(311,noefs=1,fails=181)  fails:261,680  wrgs:436,359  wck:19.9  ngds:3,380  sols:1  bounds:2..27
    run293  dpts:9..23  robin:PickOnDom-Last  effs:20,849,030  asgs:(434,noefs=25,fails=190)  fails:261,870  wrgs:436,718  wck:19.9  ngds:3,388  sols:1  bounds:2..27
    run294  dpts:12..20  robin:WdegOnDom-Rand  effs:20,868,478  asgs:(412,noefs=0,fails=199)  fails:262,069  wrgs:437,069  wck:19.9  ngds:3,397  sols:1  bounds:2..27
    run295  dpts:209..218  robin:FrbaOnDom-First  effs:20,886,293  asgs:(594,noefs=192,fails=209)  fails:262,278  wrgs:437,420  wck:20.0  ngds:3,408  sols:1  bounds:2..27
    run296  dpts:7..15  robin:Wdeg-Last  effs:20,899,009  asgs:(378,noefs=5,fails=220)  fails:262,498  wrgs:437,765  wck:20.0  ngds:3,412  sols:1  bounds:2..27
    run297  dpts:7..17  robin:PickOnDom-Rand  effs:20,921,571  asgs:(479,noefs=5,fails=231)  fails:262,729  wrgs:438,173  wck:20.0  ngds:3,418  sols:1  bounds:2..27
    run298  dpts:8..16  robin:WdegOnDom-First  effs:20,939,665  asgs:(426,noefs=0,fails=242)  fails:262,971  wrgs:438,547  wck:20.0  ngds:3,429  sols:1  bounds:2..27
    run299  dpts:123..132  robin:FrbaOnDom-Last  effs:20,954,524  asgs:(567,noefs=104,fails=254)  fails:263,225  wrgs:438,946  wck:20.0  ngds:3,433  sols:1  bounds:2..27
    run300  dpts:7..15  robin:Wdeg-Rand  effs:20,972,437  asgs:(456,noefs=0,fails=267)  fails:263,492  wrgs:439,356  wck:20.1  ngds:3,449  sols:1  bounds:2..27
 ...resetting heuristics data (nValues:1,611 - nSingletons:204 - nEntailed:82)
    run301  dpts:16..25  robin:PickOnDom-First  effs:20,989,569  asgs:(575,noefs=8,fails=280)  fails:263,772  wrgs:439,845  wck:20.1  ngds:3,462  sols:1  bounds:2..27
    run302  dpts:15..25  robin:WdegOnDom-Last  effs:21,007,902  asgs:(596,noefs=1,fails=294)  fails:264,066  wrgs:440,342  wck:20.1  ngds:3,479  sols:1  bounds:2..27
    run303  dpts:34..45  robin:FrbaOnDom-Rand  effs:21,034,865  asgs:(693,noefs=26,fails=309)  fails:264,375  wrgs:440,873  wck:20.1  ngds:3,492  sols:1  bounds:2..27
    run304  dpts:18..25  robin:Wdeg-First  effs:21,051,290  asgs:(569,noefs=0,fails=325)  fails:264,700  wrgs:441,381  wck:20.2  ngds:3,500  sols:1  bounds:2..27
    run305  dpts:8..22  robin:PickOnDom-Last  effs:21,083,579  asgs:(788,noefs=29,fails=341)  fails:265,041  wrgs:442,052  wck:20.2  ngds:3,508  sols:1  bounds:2..27
    run306  dpts:7..19  robin:WdegOnDom-Rand  effs:21,112,336  asgs:(701,noefs=1,fails=358)  fails:265,399  wrgs:442,639  wck:20.2  ngds:3,520  sols:1  bounds:2..27
    run307  dpts:24..256  robin:FrbaOnDom-First  effs:21,157,780  asgs:(872,noefs=241,fails=376)  fails:265,775  wrgs:443,412  wck:20.3  ngds:3,525  sols:1  bounds:2..27
    run308  dpts:3..15  robin:Wdeg-Last  effs:21,187,989  asgs:(737,noefs=57,fails=395)  fails:266,170  wrgs:444,118  wck:20.3  ngds:3,530  sols:1  bounds:2..27
    run309  dpts:9..19  robin:PickOnDom-Rand  effs:21,214,717  asgs:(817,noefs=14,fails=415)  fails:266,585  wrgs:444,819  wck:20.3  ngds:3,538  sols:1  bounds:2..27
    run310  dpts:2..14  robin:WdegOnDom-First  effs:21,239,137  asgs:(805,noefs=0,fails=435)  fails:267,020  wrgs:445,554  wck:20.3  ngds:3,545  sols:1  bounds:2..27
    run311  dpts:202..217  robin:FrbaOnDom-Last  effs:21,279,658  asgs:(1114,noefs=192,fails=457)  fails:267,477  wrgs:446,374  wck:20.4  ngds:3,553  sols:1  bounds:2..27
    run312  dpts:3..13  robin:Wdeg-Rand  effs:21,311,867  asgs:(788,noefs=0,fails=480)  fails:267,957  wrgs:447,087  wck:20.4  ngds:3,561  sols:1  bounds:2..27
    run313  dpts:7..17  robin:PickOnDom-First  effs:21,350,124  asgs:(1116,noefs=9,fails=504)  fails:268,461  wrgs:448,009  wck:20.5  ngds:3,575  sols:1  bounds:2..27
    run314  dpts:7..16  robin:WdegOnDom-Last  effs:21,398,227  asgs:(1016,noefs=2,fails=529)  fails:268,990  wrgs:448,973  wck:20.5  ngds:3,593  sols:1  bounds:2..27
    run315  dpts:26..47  robin:FrbaOnDom-Rand  effs:21,443,727  asgs:(1105,noefs=30,fails=556)  fails:269,546  wrgs:449,914  wck:20.6  ngds:3,602  sols:1  bounds:2..27
    run316  dpts:1..11  robin:Wdeg-First  effs:21,487,910  asgs:(921,noefs=0,fails=584)  fails:270,130  wrgs:450,748  wck:20.6  ngds:3,627  sols:1  bounds:2..27
    run317  dpts:8..19  robin:PickOnDom-Last  effs:21,548,682  asgs:(1543,noefs=44,fails=613)  fails:270,743  wrgs:452,057  wck:20.7  ngds:3,642  sols:1  bounds:2..27
    run318  dpts:9..19  robin:WdegOnDom-Rand  effs:21,605,905  asgs:(1213,noefs=0,fails=643)  fails:271,386  wrgs:453,122  wck:20.7  ngds:3,659  sols:1  bounds:2..27
    run319  dpts:18..69  robin:FrbaOnDom-First  effs:21,669,498  asgs:(1452,noefs=42,fails=676)  fails:272,062  wrgs:454,397  wck:20.8  ngds:3,672  sols:1  bounds:2..27
    run320  dpts:4..12  robin:Wdeg-Last  effs:21,733,755  asgs:(1268,noefs=0,fails=709)  fails:272,771  wrgs:455,601  wck:20.9  ngds:3,687  sols:1  bounds:2..27
    run321  dpts:10..19  robin:PickOnDom-Rand  effs:21,799,380  asgs:(1573,noefs=4,fails=745)  fails:273,516  wrgs:456,915  wck:21.0  ngds:3,697  sols:1  bounds:2..27
    run322  dpts:7..18  robin:WdegOnDom-First  effs:21,843,418  asgs:(1435,noefs=0,fails=782)  fails:274,298  wrgs:458,181  wck:21.0  ngds:3,704  sols:1  bounds:2..27
    run323  dpts:352..379  robin:FrbaOnDom-Last  effs:21,902,317  asgs:(1885,noefs=377,fails=821)  fails:275,119  wrgs:459,603  wck:21.1  ngds:3,712  sols:1  bounds:2..27
    run324  dpts:3..13  robin:Wdeg-Rand  effs:21,971,301  asgs:(1382,noefs=0,fails=862)  fails:275,981  wrgs:460,867  wck:21.2  ngds:3,722  sols:1  bounds:2..27
    run325  dpts:3..15  robin:PickOnDom-First  effs:22,038,828  asgs:(1905,noefs=26,fails=906)  fails:276,887  wrgs:462,446  wck:21.2  ngds:3,733  sols:1  bounds:2..27
    run326  dpts:8..18  robin:WdegOnDom-Last  effs:22,104,271  asgs:(1682,noefs=0,fails=951)  fails:277,838  wrgs:463,966  wck:21.3  ngds:3,748  sols:1  bounds:2..27
    run327  dpts:30..42  robin:FrbaOnDom-Rand  effs:22,203,752  asgs:(1923,noefs=21,fails=998)  fails:278,836  wrgs:465,580  wck:21.4  ngds:3,761  sols:1  bounds:2..27
    run328  dpts:5..13  robin:Wdeg-First  effs:22,259,272  asgs:(1876,noefs=1,fails=1048)  fails:279,884  wrgs:467,274  wck:21.5  ngds:3,773  sols:1  bounds:2..27
    run329  dpts:5..18  robin:PickOnDom-Last  effs:22,350,746  asgs:(2510,noefs=5,fails=1101)  fails:280,985  wrgs:469,337  wck:21.6  ngds:3,789  sols:1  bounds:2..27
    run330  dpts:9..18  robin:WdegOnDom-Rand  effs:22,450,987  asgs:(2079,noefs=0,fails=1156)  fails:282,141  wrgs:471,169  wck:21.7  ngds:3,807  sols:1  bounds:2..27
 ...resetting heuristics data (nValues:1,611 - nSingletons:204 - nEntailed:82)
    run331  dpts:6..107  robin:FrbaOnDom-First  effs:22,572,290  asgs:(2672,noefs=311,fails=1214)  fails:283,355  wrgs:473,419  wck:21.8  ngds:3,821  sols:1  bounds:2..27
    run332  dpts:15..24  robin:Wdeg-Last  effs:22,649,016  asgs:(2238,noefs=2,fails=1274)  fails:284,629  wrgs:475,435  wck:21.9  ngds:3,839  sols:1  bounds:2..27
    run333  dpts:15..25  robin:PickOnDom-Rand  effs:22,755,749  asgs:(2672,noefs=27,fails=1338)  fails:285,967  wrgs:477,762  wck:22.0  ngds:3,854  sols:1  bounds:2..27
    run334  dpts:16..27  robin:WdegOnDom-First  effs:22,852,586  asgs:(2703,noefs=3,fails=1405)  fails:287,372  wrgs:480,113  wck:22.1  ngds:3,867  sols:1  bounds:2..27
    run335  dpts:187..211  robin:FrbaOnDom-Last  effs:22,954,455  asgs:(2862,noefs=187,fails=1475)  fails:288,847  wrgs:482,582  wck:22.2  ngds:3,877  sols:1  bounds:2..27
    run336  dpts:3..16  robin:Wdeg-Rand  effs:23,076,093  asgs:(2628,noefs=9,fails=1549)  fails:290,396  wrgs:484,946  wck:22.3  ngds:3,902  sols:1  bounds:2..27
    run337  dpts:3..17  robin:PickOnDom-First  effs:23,193,532  asgs:(3475,noefs=109,fails=1627)  fails:292,023  wrgs:487,872  wck:22.4  ngds:3,912  sols:1  bounds:2..27
    run338  dpts:4..17  robin:WdegOnDom-Last  effs:23,363,821  asgs:(3256,noefs=40,fails=1708)  fails:293,731  wrgs:490,934  wck:22.6  ngds:3,932  sols:1  bounds:2..27
    run339  dpts:11..24  robin:FrbaOnDom-Rand  effs:23,479,568  asgs:(3290,noefs=2,fails=1793)  fails:295,524  wrgs:493,881  wck:22.7  ngds:3,954  sols:1  bounds:2..27
    run340  dpts:1..11  robin:Wdeg-First  effs:23,638,807  asgs:(3175,noefs=2,fails=1883)  fails:297,407  wrgs:496,721  wck:22.8  ngds:3,984  sols:1  bounds:2..27
    run341  dpts:6..14  robin:PickOnDom-Last  effs:23,812,978  asgs:(3574,noefs=3,fails=1977)  fails:299,384  wrgs:499,939  wck:23.0  ngds:3,999  sols:1  bounds:2..27
    run342  dpts:4..18  robin:WdegOnDom-Rand  effs:23,965,671  asgs:(3762,noefs=2,fails=2076)  fails:301,460  wrgs:503,286  wck:23.1  ngds:4,016  sols:1  bounds:2..27
    run343  dpts:19..78  robin:FrbaOnDom-First  effs:24,148,208  asgs:(4217,noefs=137,fails=2180)  fails:303,640  wrgs:507,005  wck:23.3  ngds:4,031  sols:1  bounds:2..27
    run344  dpts:3..14  robin:Wdeg-Last  effs:24,429,508  asgs:(4450,noefs=0,fails=2289)  fails:305,929  wrgs:511,233  wck:23.6  ngds:4,040  sols:1  bounds:2..27
    run345  dpts:4..16  robin:PickOnDom-Rand  effs:24,671,682  asgs:(4751,noefs=5,fails=2403)  fails:308,332  wrgs:515,309  wck:23.8  ngds:4,049  sols:1  bounds:2..27
    run346  dpts:8..19  robin:WdegOnDom-First  effs:24,848,270  asgs:(4662,noefs=0,fails=2524)  fails:310,856  wrgs:519,568  wck:24.0  ngds:4,054  sols:1  bounds:2..27
    run347  dpts:258..279  robin:FrbaOnDom-Last  effs:25,016,080  asgs:(5134,noefs=263,fails=2650)  fails:313,506  wrgs:523,902  wck:24.2  ngds:4,067  sols:1  bounds:2..27
    run348  dpts:4..14  robin:Wdeg-Rand  effs:25,272,507  asgs:(4618,noefs=1,fails=2782)  fails:316,288  wrgs:528,136  wck:24.5  ngds:4,086  sols:1  bounds:2..27
    run349  dpts:4..19  robin:PickOnDom-First  effs:25,489,105  asgs:(5448,noefs=47,fails=2921)  fails:319,209  wrgs:533,050  wck:24.6  ngds:4,104  sols:1  bounds:2..27
    run350  dpts:9..22  robin:WdegOnDom-Last  effs:25,701,982  asgs:(5874,noefs=0,fails=3068)  fails:322,277  wrgs:538,286  wck:24.9  ngds:4,117  sols:1  bounds:2..27
    run351  dpts:17..31  robin:FrbaOnDom-Rand  effs:25,939,893  asgs:(5582,noefs=16,fails=3221)  fails:325,498  wrgs:543,271  wck:25.1  ngds:4,138  sols:1  bounds:2..27
    run352  dpts:3..16  robin:Wdeg-First  effs:26,229,770  asgs:(5718,noefs=4,fails=3382)  fails:328,880  wrgs:548,432  wck:25.4  ngds:4,150  sols:1  bounds:2..27
    run353  dpts:4..18  robin:PickOnDom-Last  effs:26,508,056  asgs:(6722,noefs=11,fails=3551)  fails:332,431  wrgs:554,437  wck:25.7  ngds:4,156  sols:1  bounds:2..27
    run354  dpts:9..19  robin:WdegOnDom-Rand  effs:26,771,567  asgs:(7131,noefs=0,fails=3729)  fails:336,160  wrgs:560,591  wck:25.9  ngds:4,180  sols:1  bounds:2..27
    run355  dpts:12..28  robin:FrbaOnDom-First  effs:27,015,436  asgs:(6976,noefs=8,fails=3915)  fails:340,075  wrgs:566,909  wck:26.2  ngds:4,200  sols:1  bounds:2..27
    run356  dpts:5..15  robin:Wdeg-Last  effs:27,355,380  asgs:(7112,noefs=2,fails=4111)  fails:344,186  wrgs:573,557  wck:26.5  ngds:4,223  sols:1  bounds:2..27
    run357  dpts:4..18  robin:PickOnDom-Rand  effs:27,724,116  asgs:(7994,noefs=19,fails=4317)  fails:348,503  wrgs:580,555  wck:26.9  ngds:4,237  sols:1  bounds:2..27
    run358  dpts:9..21  robin:WdegOnDom-First  effs:28,041,157  asgs:(8271,noefs=0,fails=4532)  fails:353,035  wrgs:588,077  wck:27.2  ngds:4,256  sols:1  bounds:2..27
    run359  dpts:21..37  robin:FrbaOnDom-Last  effs:28,327,804  asgs:(8214,noefs=17,fails=4759)  fails:357,794  wrgs:595,531  wck:27.5  ngds:4,269  sols:1  bounds:2..27
    run360  dpts:3..15  robin:Wdeg-Rand  effs:28,769,264  asgs:(8746,noefs=1,fails=4997)  fails:362,791  wrgs:603,399  wck:27.9  ngds:4,289  sols:1  bounds:2..27
 ...resetting restart cutoff to 70
 ...resetting heuristics data (nValues:1,611 - nSingletons:204 - nEntailed:82)
    run361  dpts:19..27  robin:PickOnDom-First  effs:28,773,090  asgs:(140,noefs=3,fails=70)  fails:362,861  wrgs:603,511  wck:27.9  ngds:4,295  sols:1  bounds:2..27
    run362  dpts:16..23  robin:WdegOnDom-Last  effs:28,779,148  asgs:(156,noefs=0,fails=73)  fails:362,934  wrgs:603,637  wck:28.0  ngds:4,301  sols:1  bounds:2..27
    run363  dpts:27..45  robin:FrbaOnDom-Rand  effs:28,788,003  asgs:(216,noefs=38,fails=77)  fails:363,011  wrgs:603,783  wck:28.0  ngds:4,305  sols:1  bounds:2..27
    run364  dpts:20..28  robin:Wdeg-First  effs:28,791,460  asgs:(148,noefs=1,fails=81)  fails:363,092  wrgs:603,901  wck:28.0  ngds:4,314  sols:1  bounds:2..27
    run365  dpts:10..25  robin:PickOnDom-Last  effs:28,796,471  asgs:(166,noefs=4,fails=85)  fails:363,177  wrgs:604,042  wck:28.0  ngds:4,319  sols:1  bounds:2..27
    run366  dpts:6..16  robin:WdegOnDom-Rand  effs:28,804,056  asgs:(169,noefs=1,fails=89)  fails:363,266  wrgs:604,183  wck:28.0  ngds:4,325  sols:1  bounds:2..27
    run367  dpts:419..430  robin:FrbaOnDom-First  effs:28,810,709  asgs:(581,noefs=406,fails=93)  fails:363,359  wrgs:604,330  wck:28.0  ngds:4,334  sols:1  bounds:2..27
    run368  dpts:12..25  robin:Wdeg-Last  effs:28,816,493  asgs:(172,noefs=3,fails=98)  fails:363,457  wrgs:604,479  wck:28.0  ngds:4,339  sols:1  bounds:2..27
    run369  dpts:8..22  robin:PickOnDom-Rand  effs:28,824,860  asgs:(234,noefs=6,fails=103)  fails:363,560  wrgs:604,658  wck:28.0  ngds:4,346  sols:1  bounds:2..27
    run370  dpts:1..13  robin:WdegOnDom-First  effs:28,834,395  asgs:(195,noefs=0,fails=108)  fails:363,668  wrgs:604,831  wck:28.0  ngds:4,366  sols:1  bounds:2..27
    run371  dpts:41..52  robin:FrbaOnDom-Last  effs:28,847,270  asgs:(269,noefs=32,fails=114)  fails:363,782  wrgs:605,035  wck:28.0  ngds:4,372  sols:1  bounds:2..27
    run372  dpts:6..11  robin:Wdeg-Rand  effs:28,859,528  asgs:(199,noefs=0,fails=119)  fails:363,901  wrgs:605,215  wck:28.1  ngds:4,386  sols:1  bounds:2..27
    run373  dpts:6..13  robin:PickOnDom-First  effs:28,872,716  asgs:(255,noefs=4,fails=125)  fails:364,026  wrgs:605,439  wck:28.1  ngds:4,397  sols:1  bounds:2..27
    run374  dpts:10..19  robin:WdegOnDom-Last  effs:28,883,882  asgs:(266,noefs=0,fails=131)  fails:364,157  wrgs:605,672  wck:28.1  ngds:4,407  sols:1  bounds:2..27
    run375  dpts:23..91  robin:FrbaOnDom-Rand  effs:28,900,089  asgs:(344,noefs=81,fails=138)  fails:364,295  wrgs:605,960  wck:28.1  ngds:4,412  sols:1  bounds:2..27
    run376  dpts:2..10  robin:Wdeg-First  effs:28,911,658  asgs:(220,noefs=0,fails=145)  fails:364,440  wrgs:606,163  wck:28.1  ngds:4,420  sols:1  bounds:2..27
    run377  dpts:6..16  robin:PickOnDom-Last  effs:28,927,856  asgs:(356,noefs=4,fails=152)  fails:364,592  wrgs:606,468  wck:28.1  ngds:4,422  sols:1  bounds:2..27
    run378  dpts:9..18  robin:WdegOnDom-Rand  effs:28,942,671  asgs:(297,noefs=0,fails=160)  fails:364,752  wrgs:606,725  wck:28.2  ngds:4,425  sols:1  bounds:2..27
    run379  dpts:325..334  robin:FrbaOnDom-First  effs:28,954,397  asgs:(646,noefs=313,fails=168)  fails:364,920  wrgs:607,020  wck:28.2  ngds:4,429  sols:1  bounds:2..27
    run380  dpts:4..10  robin:Wdeg-Last  effs:28,978,787  asgs:(326,noefs=0,fails=176)  fails:365,096  wrgs:607,320  wck:28.2  ngds:4,437  sols:1  bounds:2..27
    run381  dpts:6..16  robin:PickOnDom-Rand  effs:28,996,860  asgs:(343,noefs=10,fails=185)  fails:365,281  wrgs:607,624  wck:28.2  ngds:4,438  sols:1  bounds:2..27
    run382  dpts:10..16  robin:WdegOnDom-First  effs:29,011,976  asgs:(358,noefs=0,fails=195)  fails:365,476  wrgs:607,934  wck:28.2  ngds:4,446  sols:1  bounds:2..27
    run383  dpts:42..54  robin:FrbaOnDom-Last  effs:29,040,515  asgs:(415,noefs=39,fails=204)  fails:365,680  wrgs:608,269  wck:28.3  ngds:4,449  sols:1  bounds:2..27
    run384  dpts:3..15  robin:Wdeg-Rand  effs:29,053,240  asgs:(361,noefs=0,fails=215)  fails:365,895  wrgs:608,589  wck:28.3  ngds:4,464  sols:1  bounds:2..27
    run385  dpts:2..14  robin:PickOnDom-First  effs:29,072,133  asgs:(527,noefs=4,fails=225)  fails:366,120  wrgs:609,000  wck:28.3  ngds:4,472  sols:1  bounds:2..27
    run386  dpts:6..14  robin:WdegOnDom-Last  effs:29,095,800  asgs:(393,noefs=0,fails=237)  fails:366,357  wrgs:609,371  wck:28.3  ngds:4,483  sols:1  bounds:2..27
    run387  dpts:23..42  robin:FrbaOnDom-Rand  effs:29,129,389  asgs:(483,noefs=25,fails=248)  fails:366,605  wrgs:609,774  wck:28.4  ngds:4,498  sols:1  bounds:2..27
    run388  dpts:4..12  robin:Wdeg-First  effs:29,149,830  asgs:(443,noefs=1,fails=261)  fails:366,866  wrgs:610,158  wck:28.4  ngds:4,504  sols:1  bounds:2..27
    run389  dpts:6..19  robin:PickOnDom-Last  effs:29,169,285  asgs:(642,noefs=6,fails=274)  fails:367,140  wrgs:610,690  wck:28.4  ngds:4,510  sols:1  bounds:2..27
    run390  dpts:11..20  robin:WdegOnDom-Rand  effs:29,194,960  asgs:(501,noefs=0,fails=288)  fails:367,428  wrgs:611,116  wck:28.4  ngds:4,525  sols:1  bounds:2..27
 ...resetting heuristics data (nValues:1,611 - nSingletons:204 - nEntailed:82)
    run391  dpts:12..166  robin:FrbaOnDom-First  effs:29,228,510  asgs:(814,noefs=217,fails=302)  fails:367,730  wrgs:611,758  wck:28.5  ngds:4,533  sols:1  bounds:2..27
    run392  dpts:14..22  robin:Wdeg-Last  effs:29,250,679  asgs:(585,noefs=0,fails=317)  fails:368,047  wrgs:612,275  wck:28.5  ngds:4,544  sols:1  bounds:2..27
    run393  dpts:15..27  robin:PickOnDom-Rand  effs:29,273,525  asgs:(615,noefs=3,fails=333)  fails:368,380  wrgs:612,804  wck:28.5  ngds:4,558  sols:1  bounds:2..27
    run394  dpts:17..27  robin:WdegOnDom-First  effs:29,296,727  asgs:(657,noefs=1,fails=350)  fails:368,730  wrgs:613,377  wck:28.6  ngds:4,576  sols:1  bounds:2..27
    run395  dpts:214..224  robin:FrbaOnDom-Last  effs:29,325,888  asgs:(921,noefs=207,fails=367)  fails:369,097  wrgs:614,022  wck:28.6  ngds:4,579  sols:1  bounds:2..27
    run396  dpts:4..16  robin:Wdeg-Rand  effs:29,357,677  asgs:(637,noefs=2,fails=386)  fails:369,483  wrgs:614,602  wck:28.6  ngds:4,590  sols:1  bounds:2..27
    run397  dpts:2..18  robin:PickOnDom-First  effs:29,382,837  asgs:(789,noefs=31,fails=405)  fails:369,888  wrgs:615,233  wck:28.7  ngds:4,597  sols:1  bounds:2..27
    run398  dpts:5..15  robin:WdegOnDom-Last  effs:29,427,201  asgs:(785,noefs=4,fails=425)  fails:370,313  wrgs:615,987  wck:28.7  ngds:4,605  sols:1  bounds:2..27
    run399  dpts:55..66  robin:FrbaOnDom-Rand  effs:29,455,010  asgs:(851,noefs=39,fails=446)  fails:370,759  wrgs:616,695  wck:28.7  ngds:4,618  sols:1  bounds:2..27
    run400  dpts:4..14  robin:Wdeg-First  effs:29,498,470  asgs:(828,noefs=0,fails=469)  fails:371,228  wrgs:617,425  wck:28.8  ngds:4,631  sols:1  bounds:2..27
    run401  dpts:8..20  robin:PickOnDom-Last  effs:29,534,671  asgs:(1130,noefs=15,fails=492)  fails:371,720  wrgs:618,316  wck:28.8  ngds:4,641  sols:1  bounds:2..27
    run402  dpts:8..22  robin:WdegOnDom-Rand  effs:29,578,254  asgs:(982,noefs=0,fails=517)  fails:372,237  wrgs:619,157  wck:28.9  ngds:4,657  sols:1  bounds:2..27
    run403  dpts:10..23  robin:FrbaOnDom-First  effs:29,618,211  asgs:(1006,noefs=6,fails=543)  fails:372,780  wrgs:620,075  wck:28.9  ngds:4,674  sols:1  bounds:2..27
    run404  dpts:6..13  robin:Wdeg-Last  effs:29,656,126  asgs:(870,noefs=0,fails=570)  fails:373,350  wrgs:620,890  wck:29.0  ngds:4,692  sols:1  bounds:2..27
    run405  dpts:4..15  robin:PickOnDom-Rand  effs:29,714,192  asgs:(1356,noefs=4,fails=599)  fails:373,949  wrgs:621,992  wck:29.0  ngds:4,702  sols:1  bounds:2..27
    run406  dpts:5..13  robin:WdegOnDom-First  effs:29,759,106  asgs:(1102,noefs=0,fails=628)  fails:374,577  wrgs:623,000  wck:29.1  ngds:4,711  sols:1  bounds:2..27
    run407  dpts:29..44  robin:FrbaOnDom-Last  effs:29,810,956  asgs:(1456,noefs=30,fails=660)  fails:375,237  wrgs:624,234  wck:29.2  ngds:4,727  sols:1  bounds:2..27
    run408  dpts:4..13  robin:Wdeg-Rand  effs:29,880,599  asgs:(1259,noefs=1,fails=693)  fails:375,930  wrgs:625,358  wck:29.2  ngds:4,750  sols:1  bounds:2..27
    run409  dpts:8..19  robin:PickOnDom-First  effs:29,936,009  asgs:(1403,noefs=12,fails=728)  fails:376,658  wrgs:626,634  wck:29.3  ngds:4,759  sols:1  bounds:2..27
    run410  dpts:7..18  robin:WdegOnDom-Last  effs:30,005,462  asgs:(1503,noefs=0,fails=764)  fails:377,422  wrgs:628,022  wck:29.4  ngds:4,773  sols:1  bounds:2..27
    run411  dpts:31..114  robin:FrbaOnDom-Rand  effs:30,078,772  asgs:(1786,noefs=181,fails=802)  fails:378,224  wrgs:629,543  wck:29.5  ngds:4,782  sols:1  bounds:2..27
    run412  dpts:5..14  robin:Wdeg-First  effs:30,138,433  asgs:(1403,noefs=0,fails=842)  fails:379,066  wrgs:630,796  wck:29.5  ngds:4,797  sols:1  bounds:2..27
    run413  dpts:3..17  robin:PickOnDom-Last  effs:30,214,511  asgs:(1816,noefs=13,fails=884)  fails:379,950  wrgs:632,276  wck:29.6  ngds:4,800  sols:1  bounds:2..27
    run414  dpts:10..20  robin:WdegOnDom-Rand  effs:30,293,856  asgs:(1760,noefs=0,fails=929)  fails:380,879  wrgs:633,803  wck:29.7  ngds:4,811  sols:1  bounds:2..27
    run415  dpts:256..274  robin:FrbaOnDom-First  effs:30,375,599  asgs:(2096,noefs=250,fails=975)  fails:381,854  wrgs:635,417  wck:29.8  ngds:4,824  sols:1  bounds:2..27
    run416  dpts:3..13  robin:Wdeg-Last  effs:30,477,858  asgs:(1891,noefs=0,fails=1024)  fails:382,878  wrgs:637,179  wck:29.9  ngds:4,833  sols:1  bounds:2..27
    run417  dpts:9..20  robin:PickOnDom-Rand  effs:30,579,892  asgs:(2194,noefs=38,fails=1075)  fails:383,953  wrgs:638,999  wck:30.0  ngds:4,849  sols:1  bounds:2..27
    run418  dpts:6..15  robin:WdegOnDom-First  effs:30,656,612  asgs:(2121,noefs=0,fails=1129)  fails:385,082  wrgs:640,867  wck:30.1  ngds:4,872  sols:1  bounds:2..27
    run419  dpts:9..22  robin:FrbaOnDom-Last  effs:30,751,597  asgs:(2191,noefs=2,fails=1185)  fails:386,267  wrgs:642,840  wck:30.2  ngds:4,891  sols:1  bounds:2..27
    run420  dpts:4..14  robin:Wdeg-Rand  effs:30,824,473  asgs:(2136,noefs=0,fails=1245)  fails:387,512  wrgs:644,745  wck:30.3  ngds:4,901  sols:1  bounds:2..27
 ...resetting heuristics data (nValues:1,611 - nSingletons:204 - nEntailed:82)
    run421  dpts:14..26  robin:PickOnDom-First  effs:30,904,096  asgs:(2548,noefs=36,fails=1307)  fails:388,819  wrgs:646,886  wck:30.4  ngds:4,916  sols:1  bounds:2..27
    run422  dpts:13..25  robin:WdegOnDom-Last  effs:30,998,800  asgs:(2724,noefs=1,fails=1372)  fails:390,191  wrgs:649,213  wck:30.5  ngds:4,929  sols:1  bounds:2..27
    run423  dpts:15..93  robin:FrbaOnDom-Rand  effs:31,114,274  asgs:(3119,noefs=163,fails=1441)  fails:391,632  wrgs:651,765  wck:30.6  ngds:4,941  sols:1  bounds:2..27
    run424  dpts:16..26  robin:Wdeg-First  effs:31,202,535  asgs:(2550,noefs=3,fails=1513)  fails:393,145  wrgs:654,082  wck:30.7  ngds:4,950  sols:1  bounds:2..27
    run425  dpts:4..19  robin:PickOnDom-Last  effs:31,325,633  asgs:(3526,noefs=37,fails=1589)  fails:394,734  wrgs:657,140  wck:30.9  ngds:4,963  sols:1  bounds:2..27
    run426  dpts:6..19  robin:WdegOnDom-Rand  effs:31,471,757  asgs:(3268,noefs=9,fails=1668)  fails:396,402  wrgs:659,922  wck:31.0  ngds:4,990  sols:1  bounds:2..27
    run427  dpts:286..306  robin:FrbaOnDom-First  effs:31,610,243  asgs:(3578,noefs=311,fails=1752)  fails:398,154  wrgs:662,799  wck:31.2  ngds:5,011  sols:1  bounds:2..27
    run428  dpts:6..18  robin:Wdeg-Last  effs:31,735,047  asgs:(3221,noefs=28,fails=1839)  fails:399,993  wrgs:665,886  wck:31.3  ngds:5,024  sols:1  bounds:2..27
    run429  dpts:5..21  robin:PickOnDom-Rand  effs:31,885,478  asgs:(3963,noefs=140,fails=1931)  fails:401,924  wrgs:669,248  wck:31.5  ngds:5,029  sols:1  bounds:2..27
    run430  dpts:1..14  robin:WdegOnDom-First  effs:32,021,852  asgs:(3569,noefs=0,fails=2028)  fails:403,952  wrgs:672,426  wck:31.6  ngds:5,053  sols:1  bounds:2..27
    run431  dpts:37..169  robin:FrbaOnDom-Last  effs:32,232,899  asgs:(4462,noefs=318,fails=2129)  fails:406,081  wrgs:676,372  wck:31.9  ngds:5,059  sols:1  bounds:2..27
    run432  dpts:3..14  robin:Wdeg-Rand  effs:32,399,088  asgs:(3686,noefs=0,fails=2236)  fails:408,317  wrgs:679,758  wck:32.1  ngds:5,071  sols:1  bounds:2..27
    run433  dpts:7..17  robin:PickOnDom-First  effs:32,544,871  asgs:(5110,noefs=89,fails=2348)  fails:410,665  wrgs:684,175  wck:32.2  ngds:5,082  sols:1  bounds:2..27
    run434  dpts:4..18  robin:WdegOnDom-Last  effs:32,768,430  asgs:(4595,noefs=3,fails=2465)  fails:413,130  wrgs:688,425  wck:32.4  ngds:5,091  sols:1  bounds:2..27
    run435  dpts:176..191  robin:FrbaOnDom-Rand  effs:32,996,098  asgs:(5236,noefs=214,fails=2588)  fails:415,718  wrgs:692,858  wck:32.7  ngds:5,106  sols:1  bounds:2..27
    run436  dpts:3..16  robin:Wdeg-First  effs:33,196,129  asgs:(4526,noefs=2,fails=2718)  fails:418,436  wrgs:696,950  wck:32.9  ngds:5,128  sols:1  bounds:2..27
    run437  dpts:4..19  robin:PickOnDom-Last  effs:33,428,592  asgs:(6874,noefs=41,fails=2854)  fails:421,290  wrgs:702,712  wck:33.2  ngds:5,140  sols:1  bounds:2..27
    run438  dpts:9..21  robin:WdegOnDom-Rand  effs:33,670,126  asgs:(5708,noefs=0,fails=2996)  fails:424,286  wrgs:707,636  wck:33.4  ngds:5,151  sols:1  bounds:2..27
    run439  dpts:14..29  robin:FrbaOnDom-First  effs:33,962,703  asgs:(6247,noefs=46,fails=3146)  fails:427,432  wrgs:713,181  wck:33.8  ngds:5,169  sols:1  bounds:2..27
    run440  dpts:4..13  robin:Wdeg-Last  effs:34,214,172  asgs:(5546,noefs=2,fails=3304)  fails:430,736  wrgs:718,296  wck:34.0  ngds:5,186  sols:1  bounds:2..27
    run441  dpts:7..18  robin:PickOnDom-Rand  effs:34,535,669  asgs:(7274,noefs=65,fails=3469)  fails:434,205  wrgs:724,327  wck:34.3  ngds:5,197  sols:1  bounds:2..27
    run442  dpts:7..18  robin:WdegOnDom-First  effs:34,768,226  asgs:(6737,noefs=3,fails=3642)  fails:437,847  wrgs:730,254  wck:34.6  ngds:5,213  sols:1  bounds:2..27
    run443  dpts:13..25  robin:FrbaOnDom-Last  effs:35,073,320  asgs:(7369,noefs=7,fails=3824)  fails:441,671  wrgs:736,950  wck:34.9  ngds:5,232  sols:1  bounds:2..27
    run444  dpts:3..12  robin:Wdeg-Rand  effs:35,494,095  asgs:(6242,noefs=2,fails=4016)  fails:445,687  wrgs:742,741  wck:35.4  ngds:5,252  sols:1  bounds:2..27
    run445  dpts:3..19  robin:PickOnDom-First  effs:35,832,481  asgs:(9062,noefs=81,fails=4216)  fails:449,903  wrgs:750,356  wck:35.7  ngds:5,270  sols:1  bounds:2..27
    run446  dpts:5..18  robin:WdegOnDom-Last  effs:36,198,825  asgs:(8499,noefs=1,fails=4427)  fails:454,330  wrgs:757,741  wck:36.1  ngds:5,274  sols:1  bounds:2..27
    run447  dpts:8..23  robin:FrbaOnDom-Rand  effs:36,646,836  asgs:(8920,noefs=35,fails=4649)  fails:458,979  wrgs:765,526  wck:36.6  ngds:5,288  sols:1  bounds:2..27
    run448  dpts:0..14  robin:Wdeg-First  effs:37,013,322  asgs:(8154,noefs=1,fails=4881)  fails:463,860  wrgs:772,782  wck:37.0  ngds:5,314  sols:1  bounds:2..27
    run449  dpts:5..18  robin:PickOnDom-Last  effs:37,395,314  asgs:(11404,noefs=78,fails=5125)  fails:468,985  wrgs:782,219  wck:37.4  ngds:5,326  sols:1  bounds:2..27
    run450  dpts:3..16  robin:WdegOnDom-Rand  effs:37,878,593  asgs:(9450,noefs=0,fails=5382)  fails:474,367  wrgs:790,703  wck:37.8  ngds:5,338  sols:1  bounds:2..27
 ...resetting restart cutoff to 75
 ...resetting heuristics data (nValues:1,609 - nSingletons:204 - nEntailed:82)
    run451  dpts:30..46  robin:FrbaOnDom-First  effs:37,888,080  asgs:(181,noefs=24,fails=75)  fails:474,442  wrgs:790,828  wck:37.8  ngds:5,345  sols:1  bounds:2..27
    run452  dpts:15..26  robin:Wdeg-Last  effs:37,893,162  asgs:(145,noefs=2,fails=78)  fails:474,520  wrgs:790,942  wck:37.8  ngds:5,354  sols:1  bounds:2..27
    run453  dpts:15..25  robin:PickOnDom-Rand  effs:37,897,492  asgs:(155,noefs=4,fails=82)  fails:474,602  wrgs:791,066  wck:37.8  ngds:5,368  sols:1  bounds:2..27
    run454  dpts:19..27  robin:WdegOnDom-First  effs:37,902,278  asgs:(178,noefs=1,fails=86)  fails:474,688  wrgs:791,199  wck:37.8  ngds:5,376  sols:1  bounds:2..27
    run455  dpts:23..47  robin:FrbaOnDom-Last  effs:37,914,471  asgs:(240,noefs=24,fails=91)  fails:474,779  wrgs:791,390  wck:37.8  ngds:5,384  sols:1  bounds:2..27
    run456  dpts:5..16  robin:Wdeg-Rand  effs:37,921,321  asgs:(172,noefs=10,fails=95)  fails:474,874  wrgs:791,544  wck:37.8  ngds:5,392  sols:1  bounds:2..27
    run457  dpts:3..18  robin:PickOnDom-First  effs:37,927,640  asgs:(187,noefs=0,fails=100)  fails:474,974  wrgs:791,708  wck:37.8  ngds:5,414  sols:1  bounds:2..27
    run458  dpts:13..27  robin:WdegOnDom-Last  effs:37,935,262  asgs:(224,noefs=1,fails=105)  fails:475,079  wrgs:791,900  wck:37.9  ngds:5,419  sols:1  bounds:2..27
    run459  dpts:365..377  robin:FrbaOnDom-Rand  effs:37,939,955  asgs:(559,noefs=349,fails=110)  fails:475,189  wrgs:792,072  wck:37.9  ngds:5,424  sols:1  bounds:2..27
    run460  dpts:4..12  robin:Wdeg-First  effs:37,948,985  asgs:(175,noefs=0,fails=116)  fails:475,305  wrgs:792,235  wck:37.9  ngds:5,444  sols:1  bounds:2..27
    run461  dpts:7..14  robin:PickOnDom-Last  effs:37,956,568  asgs:(217,noefs=2,fails=122)  fails:475,427  wrgs:792,429  wck:37.9  ngds:5,451  sols:1  bounds:2..27
    run462  dpts:5..13  robin:WdegOnDom-Rand  effs:37,968,228  asgs:(241,noefs=1,fails=128)  fails:475,555  wrgs:792,644  wck:37.9  ngds:5,461  sols:1  bounds:2..27
    run463  dpts:88..100  robin:FrbaOnDom-First  effs:37,981,967  asgs:(354,noefs=74,fails=134)  fails:475,689  wrgs:792,885  wck:37.9  ngds:5,466  sols:1  bounds:2..27
    run464  dpts:4..12  robin:Wdeg-Last  effs:37,992,003  asgs:(231,noefs=0,fails=141)  fails:475,830  wrgs:793,093  wck:37.9  ngds:5,478  sols:1  bounds:2..27
    run465  dpts:10..20  robin:PickOnDom-Rand  effs:38,001,178  asgs:(274,noefs=3,fails=148)  fails:475,978  wrgs:793,330  wck:37.9  ngds:5,481  sols:1  bounds:2..27
    run466  dpts:11..20  robin:WdegOnDom-First  effs:38,012,295  asgs:(276,noefs=1,fails=155)  fails:476,133  wrgs:793,566  wck:38.0  ngds:5,487  sols:1  bounds:2..27
    run467  dpts:8..23  robin:FrbaOnDom-Last  effs:38,024,238  asgs:(320,noefs=1,fails=163)  fails:476,296  wrgs:793,839  wck:38.0  ngds:5,496  sols:1  bounds:2..27
    run468  dpts:5..13  robin:Wdeg-Rand  effs:38,038,372  asgs:(291,noefs=0,fails=171)  fails:476,467  wrgs:794,111  wck:38.0  ngds:5,504  sols:1  bounds:2..27
    run469  dpts:7..15  robin:PickOnDom-First  effs:38,049,994  asgs:(326,noefs=0,fails=180)  fails:476,647  wrgs:794,396  wck:38.0  ngds:5,520  sols:1  bounds:2..27
    run470  dpts:8..16  robin:WdegOnDom-Last  effs:38,066,724  asgs:(327,noefs=1,fails=189)  fails:476,836  wrgs:794,692  wck:38.0  ngds:5,530  sols:1  bounds:2..27
    run471  dpts:21..50  robin:FrbaOnDom-Rand  effs:38,096,512  asgs:(391,noefs=24,fails=198)  fails:477,034  wrgs:795,026  wck:38.1  ngds:5,535  sols:1  bounds:2..27
    run472  dpts:5..12  robin:Wdeg-First  effs:38,112,485  asgs:(380,noefs=0,fails=208)  fails:477,242  wrgs:795,364  wck:38.1  ngds:5,541  sols:1  bounds:2..27
    run473  dpts:3..11  robin:PickOnDom-Last  effs:38,129,921  asgs:(394,noefs=2,fails=219)  fails:477,461  wrgs:795,722  wck:38.1  ngds:5,553  sols:1  bounds:2..27
    run474  dpts:6..15  robin:WdegOnDom-Rand  effs:38,149,824  asgs:(426,noefs=1,fails=230)  fails:477,691  wrgs:796,101  wck:38.1  ngds:5,558  sols:1  bounds:2..27
    run475  dpts:340..364  robin:FrbaOnDom-First  effs:38,165,083  asgs:(834,noefs=347,fails=241)  fails:477,932  wrgs:796,538  wck:38.2  ngds:5,564  sols:1  bounds:2..27
    run476  dpts:4..12  robin:Wdeg-Last  effs:38,183,395  asgs:(424,noefs=0,fails=253)  fails:478,185  wrgs:796,931  wck:38.2  ngds:5,576  sols:1  bounds:2..27
    run477  dpts:10..20  robin:PickOnDom-Rand  effs:38,205,698  asgs:(503,noefs=9,fails=266)  fails:478,451  wrgs:797,360  wck:38.2  ngds:5,585  sols:1  bounds:2..27
    run478  dpts:9..16  robin:WdegOnDom-First  effs:38,219,784  asgs:(514,noefs=0,fails=280)  fails:478,731  wrgs:797,812  wck:38.2  ngds:5,592  sols:1  bounds:2..27
    run479  dpts:77..88  robin:FrbaOnDom-Last  effs:38,245,682  asgs:(686,noefs=69,fails=294)  fails:479,025  wrgs:798,365  wck:38.3  ngds:5,600  sols:1  bounds:2..27
    run480  dpts:4..13  robin:Wdeg-Rand  effs:38,278,613  asgs:(549,noefs=0,fails=308)  fails:479,333  wrgs:798,846  wck:38.3  ngds:5,609  sols:1  bounds:2..27
 ...resetting heuristics data (nValues:1,609 - nSingletons:204 - nEntailed:82)
    run481  dpts:17..28  robin:PickOnDom-First  effs:38,295,310  asgs:(609,noefs=4,fails=324)  fails:479,657  wrgs:799,369  wck:38.3  ngds:5,625  sols:1  bounds:2..27
    run482  dpts:15..25  robin:WdegOnDom-Last  effs:38,316,967  asgs:(619,noefs=2,fails=340)  fails:479,997  wrgs:799,892  wck:38.3  ngds:5,635  sols:1  bounds:2..27
    run483  dpts:18..81  robin:FrbaOnDom-Rand  effs:38,357,041  asgs:(859,noefs=148,fails=357)  fails:480,354  wrgs:800,605  wck:38.4  ngds:5,643  sols:1  bounds:2..27
    run484  dpts:17..27  robin:Wdeg-First  effs:38,377,169  asgs:(668,noefs=1,fails=375)  fails:480,729  wrgs:801,196  wck:38.4  ngds:5,648  sols:1  bounds:2..27
    run485  dpts:5..18  robin:PickOnDom-Last  effs:38,412,945  asgs:(935,noefs=32,fails=394)  fails:481,123  wrgs:801,999  wck:38.5  ngds:5,649  sols:1  bounds:2..27
    run486  dpts:8..19  robin:WdegOnDom-Rand  effs:38,450,456  asgs:(753,noefs=1,fails=413)  fails:481,536  wrgs:802,651  wck:38.5  ngds:5,663  sols:1  bounds:2..27
    run487  dpts:313..328  robin:FrbaOnDom-First  effs:38,497,821  asgs:(1133,noefs=304,fails=434)  fails:481,970  wrgs:803,407  wck:38.6  ngds:5,674  sols:1  bounds:2..27
    run488  dpts:5..21  robin:Wdeg-Last  effs:38,538,103  asgs:(941,noefs=103,fails=456)  fails:482,426  wrgs:804,313  wck:38.6  ngds:5,689  sols:1  bounds:2..27
    run489  dpts:9..18  robin:PickOnDom-Rand  effs:38,580,153  asgs:(1015,noefs=16,fails=478)  fails:482,904  wrgs:805,173  wck:38.7  ngds:5,711  sols:1  bounds:2..27
    run490  dpts:4..19  robin:WdegOnDom-First  effs:38,610,777  asgs:(890,noefs=0,fails=502)  fails:483,406  wrgs:805,963  wck:38.7  ngds:5,722  sols:1  bounds:2..27
    run491  dpts:37..58  robin:FrbaOnDom-Last  effs:38,657,790  asgs:(950,noefs=39,fails=527)  fails:483,933  wrgs:806,801  wck:38.8  ngds:5,743  sols:1  bounds:2..27
    run492  dpts:5..13  robin:Wdeg-Rand  effs:38,701,680  asgs:(858,noefs=0,fails=554)  fails:484,487  wrgs:807,603  wck:38.8  ngds:5,761  sols:1  bounds:2..27
    run493  dpts:4..17  robin:PickOnDom-First  effs:38,752,384  asgs:(1241,noefs=7,fails=582)  fails:485,069  wrgs:808,676  wck:38.9  ngds:5,771  sols:1  bounds:2..27
    run494  dpts:10..21  robin:WdegOnDom-Last  effs:38,794,533  asgs:(1146,noefs=0,fails=611)  fails:485,680  wrgs:809,664  wck:38.9  ngds:5,790  sols:1  bounds:2..27
    run495  dpts:31..92  robin:FrbaOnDom-Rand  effs:38,874,248  asgs:(1295,noefs=117,fails=641)  fails:486,321  wrgs:810,799  wck:39.0  ngds:5,801  sols:1  bounds:2..27
    run496  dpts:5..14  robin:Wdeg-First  effs:38,930,406  asgs:(1187,noefs=2,fails=673)  fails:486,994  wrgs:811,872  wck:39.1  ngds:5,815  sols:1  bounds:2..27
    run497  dpts:4..19  robin:PickOnDom-Last  effs:38,978,913  asgs:(1344,noefs=22,fails=707)  fails:487,701  wrgs:812,968  wck:39.2  ngds:5,828  sols:1  bounds:2..27
    run498  dpts:8..16  robin:WdegOnDom-Rand  effs:39,032,298  asgs:(1329,noefs=0,fails=742)  fails:488,443  wrgs:814,140  wck:39.2  ngds:5,835  sols:1  bounds:2..27
    run499  dpts:292..306  robin:FrbaOnDom-First  effs:39,089,811  asgs:(1680,noefs=284,fails=780)  fails:489,223  wrgs:815,353  wck:39.3  ngds:5,840  sols:1  bounds:2..27
    run500  dpts:6..14  robin:Wdeg-Last  effs:39,144,370  asgs:(1304,noefs=0,fails=819)  fails:490,042  wrgs:816,562  wck:39.4  ngds:5,855  sols:1  bounds:2..27
    run501  dpts:6..17  robin:PickOnDom-Rand  effs:39,225,134  asgs:(1843,noefs=1,fails=860)  fails:490,902  wrgs:818,091  wck:39.5  ngds:5,872  sols:1  bounds:2..27
    run502  dpts:8..20  robin:WdegOnDom-First  effs:39,277,505  asgs:(1578,noefs=0,fails=903)  fails:491,805  wrgs:819,514  wck:39.5  ngds:5,879  sols:1  bounds:2..27
    run503  dpts:46..65  robin:FrbaOnDom-Last  effs:39,372,619  asgs:(1715,noefs=52,fails=948)  fails:492,753  wrgs:821,061  wck:39.6  ngds:5,893  sols:1  bounds:2..27
    run504  dpts:4..13  robin:Wdeg-Rand  effs:39,463,624  asgs:(1620,noefs=2,fails=995)  fails:493,748  wrgs:822,544  wck:39.7  ngds:5,907  sols:1  bounds:2..27
    run505  dpts:4..15  robin:PickOnDom-First  effs:39,561,083  asgs:(2043,noefs=4,fails=1045)  fails:494,793  wrgs:824,262  wck:39.8  ngds:5,923  sols:1  bounds:2..27
    run506  dpts:5..16  robin:WdegOnDom-Last  effs:39,669,182  asgs:(2047,noefs=1,fails=1097)  fails:495,890  wrgs:826,156  wck:40.0  ngds:5,940  sols:1  bounds:2..27
    run507  dpts:27..44  robin:FrbaOnDom-Rand  effs:39,801,937  asgs:(2124,noefs=26,fails=1152)  fails:497,042  wrgs:828,042  wck:40.1  ngds:5,952  sols:1  bounds:2..27
    run508  dpts:2..13  robin:Wdeg-First  effs:39,925,258  asgs:(2038,noefs=1,fails=1210)  fails:498,252  wrgs:829,871  wck:40.3  ngds:5,968  sols:1  bounds:2..27
    run509  dpts:6..16  robin:PickOnDom-Last  effs:40,031,969  asgs:(2544,noefs=1,fails=1270)  fails:499,522  wrgs:832,081  wck:40.4  ngds:5,973  sols:1  bounds:2..27
    run510  dpts:7..19  robin:WdegOnDom-Rand  effs:40,136,883  asgs:(2475,noefs=3,fails=1334)  fails:500,856  wrgs:834,262  wck:40.5  ngds:5,996  sols:1  bounds:2..27
 ...resetting heuristics data (nValues:1,609 - nSingletons:204 - nEntailed:82)
    run511  dpts:20..70  robin:FrbaOnDom-First  effs:40,273,962  asgs:(2852,noefs=245,fails=1400)  fails:502,256  wrgs:836,777  wck:40.7  ngds:5,998  sols:1  bounds:2..27
    run512  dpts:15..24  robin:Wdeg-Last  effs:40,364,579  asgs:(2596,noefs=3,fails=1470)  fails:503,726  wrgs:839,119  wck:40.8  ngds:6,019  sols:1  bounds:2..27
    run513  dpts:14..25  robin:PickOnDom-Rand  effs:40,461,178  asgs:(3087,noefs=58,fails=1544)  fails:505,270  wrgs:841,717  wck:40.9  ngds:6,035  sols:1  bounds:2..27
    run514  dpts:13..25  robin:WdegOnDom-First  effs:40,575,040  asgs:(3178,noefs=0,fails=1621)  fails:506,891  wrgs:844,461  wck:41.0  ngds:6,050  sols:1  bounds:2..27
    run515  dpts:233..386  robin:FrbaOnDom-Last  effs:40,791,694  asgs:(3758,noefs=429,fails=1702)  fails:508,593  wrgs:847,600  wck:41.3  ngds:6,067  sols:1  bounds:2..27
    run516  dpts:5..16  robin:Wdeg-Rand  effs:40,960,965  asgs:(3328,noefs=20,fails=1787)  fails:510,380  wrgs:850,468  wck:41.5  ngds:6,095  sols:1  bounds:2..27
    run517  dpts:4..22  robin:PickOnDom-First  effs:41,114,822  asgs:(4033,noefs=132,fails=1877)  fails:512,257  wrgs:853,795  wck:41.6  ngds:6,108  sols:1  bounds:2..27
    run518  dpts:4..20  robin:WdegOnDom-Last  effs:41,308,376  asgs:(3816,noefs=10,fails=1971)  fails:514,228  wrgs:857,304  wck:41.8  ngds:6,115  sols:1  bounds:2..27
    run519  dpts:123..140  robin:FrbaOnDom-Rand  effs:41,468,659  asgs:(4113,noefs=123,fails=2069)  fails:516,297  wrgs:860,734  wck:42.1  ngds:6,131  sols:1  bounds:2..27
    run520  dpts:1..13  robin:Wdeg-First  effs:41,594,262  asgs:(3433,noefs=1,fails=2173)  fails:518,470  wrgs:863,856  wck:42.2  ngds:6,141  sols:1  bounds:2..27
    run521  dpts:3..19  robin:PickOnDom-Last  effs:41,777,248  asgs:(5067,noefs=107,fails=2281)  fails:520,751  wrgs:868,169  wck:42.4  ngds:6,148  sols:1  bounds:2..27
    run522  dpts:9..19  robin:WdegOnDom-Rand  effs:41,985,157  asgs:(4268,noefs=0,fails=2396)  fails:523,147  wrgs:871,979  wck:42.6  ngds:6,166  sols:1  bounds:2..27
    run523  dpts:134..148  robin:FrbaOnDom-First  effs:42,166,982  asgs:(4590,noefs=126,fails=2515)  fails:525,662  wrgs:876,141  wck:42.8  ngds:6,196  sols:1  bounds:2..27
    run524  dpts:3..13  robin:Wdeg-Last  effs:42,412,261  asgs:(4496,noefs=0,fails=2641)  fails:528,303  wrgs:880,401  wck:43.1  ngds:6,220  sols:1  bounds:2..27
    run525  dpts:4..16  robin:PickOnDom-Rand  effs:42,683,983  asgs:(5357,noefs=20,fails=2773)  fails:531,076  wrgs:885,013  wck:43.3  ngds:6,228  sols:1  bounds:2..27
    run526  dpts:1..14  robin:WdegOnDom-First  effs:42,870,930  asgs:(5407,noefs=1,fails=2912)  fails:533,988  wrgs:889,862  wck:43.5  ngds:6,261  sols:1  bounds:2..27
    run527  dpts:5..22  robin:FrbaOnDom-Last  effs:43,089,925  asgs:(5324,noefs=7,fails=3058)  fails:537,046  wrgs:894,806  wck:43.8  ngds:6,275  sols:1  bounds:2..27
    run528  dpts:4..15  robin:Wdeg-Rand  effs:43,421,084  asgs:(5511,noefs=4,fails=3210)  fails:540,256  wrgs:899,830  wck:44.1  ngds:6,290  sols:1  bounds:2..27
    run529  dpts:4..18  robin:PickOnDom-First  effs:43,666,250  asgs:(7393,noefs=94,fails=3371)  fails:543,627  wrgs:905,972  wck:44.4  ngds:6,303  sols:1  bounds:2..27
    run530  dpts:7..18  robin:WdegOnDom-Last  effs:43,928,370  asgs:(6504,noefs=0,fails=3540)  fails:547,167  wrgs:911,964  wck:44.7  ngds:6,310  sols:1  bounds:2..27
    run531  dpts:14..30  robin:FrbaOnDom-Rand  effs:44,171,846  asgs:(6078,noefs=6,fails=3717)  fails:550,884  wrgs:917,487  wck:45.0  ngds:6,318  sols:1  bounds:2..27
    run532  dpts:4..15  robin:Wdeg-First  effs:44,481,222  asgs:(6402,noefs=2,fails=3902)  fails:554,786  wrgs:923,268  wck:45.3  ngds:6,344  sols:1  bounds:2..27
    run533  dpts:5..18  robin:PickOnDom-Last  effs:44,817,446  asgs:(9502,noefs=172,fails=4098)  fails:558,884  wrgs:930,893  wck:45.7  ngds:6,355  sols:1  bounds:2..27
    run534  dpts:2..15  robin:WdegOnDom-Rand  effs:45,236,238  asgs:(7932,noefs=2,fails=4303)  fails:563,187  wrgs:937,890  wck:46.0  ngds:6,363  sols:1  bounds:2..27
    run535  dpts:10..22  robin:FrbaOnDom-First  effs:45,540,544  asgs:(7918,noefs=2,fails=4518)  fails:567,705  wrgs:945,180  wck:46.4  ngds:6,376  sols:1  bounds:2..27
    run536  dpts:3..15  robin:Wdeg-Last  effs:46,031,109  asgs:(8522,noefs=0,fails=4744)  fails:572,449  wrgs:953,178  wck:47.0  ngds:6,395  sols:1  bounds:2..27
    run537  dpts:8..22  robin:PickOnDom-Rand  effs:46,473,077  asgs:(10632,noefs=134,fails=4981)  fails:577,430  wrgs:961,957  wck:47.4  ngds:6,411  sols:1  bounds:2..27
    run538  dpts:10..20  robin:WdegOnDom-First  effs:46,776,641  asgs:(9494,noefs=1,fails=5230)  fails:582,660  wrgs:970,570  wck:47.7  ngds:6,428  sols:1  bounds:2..27
    run539  dpts:18..32  robin:FrbaOnDom-Last  effs:47,078,855  asgs:(9420,noefs=9,fails=5491)  fails:588,151  wrgs:979,206  wck:48.0  ngds:6,446  sols:1  bounds:2..27
    run540  dpts:4..16  robin:Wdeg-Rand  effs:47,464,229  asgs:(9893,noefs=3,fails=5766)  fails:593,917  wrgs:988,091  wck:48.4  ngds:6,460  sols:1  bounds:2..27
 ...resetting restart cutoff to 80
 ...resetting heuristics data (nValues:1,609 - nSingletons:204 - nEntailed:82)
    run541  dpts:19..28  robin:PickOnDom-First  effs:47,468,487  asgs:(183,noefs=6,fails=80)  fails:593,997  wrgs:988,239  wck:48.4  ngds:6,469  sols:1  bounds:2..27
    run542  dpts:15..23  robin:WdegOnDom-Last  effs:47,475,240  asgs:(184,noefs=0,fails=84)  fails:594,081  wrgs:988,387  wck:48.4  ngds:6,480  sols:1  bounds:2..27
    run543  dpts:17..38  robin:FrbaOnDom-Rand  effs:47,485,352  asgs:(212,noefs=31,fails=88)  fails:594,169  wrgs:988,547  wck:48.4  ngds:6,490  sols:1  bounds:2..27
    run544  dpts:20..25  robin:Wdeg-First  effs:47,490,239  asgs:(179,noefs=0,fails=92)  fails:594,261  wrgs:988,690  wck:48.4  ngds:6,499  sols:1  bounds:2..27
    run545  dpts:4..12  robin:PickOnDom-Last  effs:47,499,688  asgs:(140,noefs=2,fails=97)  fails:594,358  wrgs:988,820  wck:48.4  ngds:6,511  sols:1  bounds:2..27
    run546  dpts:6..19  robin:WdegOnDom-Rand  effs:47,510,128  asgs:(194,noefs=4,fails=102)  fails:594,460  wrgs:988,986  wck:48.5  ngds:6,528  sols:1  bounds:2..27
    run547  dpts:34..107  robin:FrbaOnDom-First  effs:47,523,347  asgs:(340,noefs=146,fails=107)  fails:594,567  wrgs:989,273  wck:48.5  ngds:6,540  sols:1  bounds:2..27
    run548  dpts:7..13  robin:Wdeg-Last  effs:47,531,983  asgs:(183,noefs=0,fails=112)  fails:594,679  wrgs:989,443  wck:48.5  ngds:6,545  sols:1  bounds:2..27
    run549  dpts:11..22  robin:PickOnDom-Rand  effs:47,539,471  asgs:(243,noefs=4,fails=118)  fails:594,797  wrgs:989,638  wck:48.5  ngds:6,550  sols:1  bounds:2..27
    run550  dpts:6..14  robin:WdegOnDom-First  effs:47,549,597  asgs:(243,noefs=0,fails=124)  fails:594,921  wrgs:989,849  wck:48.5  ngds:6,560  sols:1  bounds:2..27
    run551  dpts:257..270  robin:FrbaOnDom-Last  effs:47,563,696  asgs:(517,noefs=244,fails=130)  fails:595,051  wrgs:990,083  wck:48.5  ngds:6,566  sols:1  bounds:2..27
    run552  dpts:2..13  robin:Wdeg-Rand  effs:47,575,098  asgs:(242,noefs=0,fails=136)  fails:595,187  wrgs:990,294  wck:48.5  ngds:6,578  sols:1  bounds:2..27
    run553  dpts:10..17  robin:PickOnDom-First  effs:47,584,758  asgs:(279,noefs=2,fails=143)  fails:595,330  wrgs:990,539  wck:48.6  ngds:6,588  sols:1  bounds:2..27
    run554  dpts:10..18  robin:WdegOnDom-Last  effs:47,596,674  asgs:(273,noefs=0,fails=150)  fails:595,480  wrgs:990,777  wck:48.6  ngds:6,601  sols:1  bounds:2..27
    run555  dpts:46..65  robin:FrbaOnDom-Rand  effs:47,611,703  asgs:(359,noefs=37,fails=158)  fails:595,638  wrgs:991,047  wck:48.6  ngds:6,607  sols:1  bounds:2..27
    run556  dpts:7..13  robin:Wdeg-First  effs:47,620,183  asgs:(324,noefs=0,fails=166)  fails:595,804  wrgs:991,327  wck:48.6  ngds:6,616  sols:1  bounds:2..27
    run557  dpts:11..20  robin:PickOnDom-Last  effs:47,632,303  asgs:(445,noefs=17,fails=174)  fails:595,978  wrgs:991,684  wck:48.6  ngds:6,622  sols:1  bounds:2..27
    run558  dpts:7..18  robin:WdegOnDom-Rand  effs:47,651,363  asgs:(334,noefs=2,fails=183)  fails:596,161  wrgs:991,976  wck:48.6  ngds:6,634  sols:1  bounds:2..27
    run559  dpts:26..43  robin:FrbaOnDom-First  effs:47,676,043  asgs:(418,noefs=24,fails=192)  fails:596,353  wrgs:992,324  wck:48.7  ngds:6,643  sols:1  bounds:2..27
    run560  dpts:4..12  robin:Wdeg-Last  effs:47,692,424  asgs:(345,noefs=1,fails=202)  fails:596,555  wrgs:992,646  wck:48.7  ngds:6,654  sols:1  bounds:2..27
    run561  dpts:6..13  robin:PickOnDom-Rand  effs:47,713,838  asgs:(437,noefs=2,fails=212)  fails:596,767  wrgs:993,002  wck:48.7  ngds:6,660  sols:1  bounds:2..27
    run562  dpts:7..14  robin:WdegOnDom-First  effs:47,735,664  asgs:(391,noefs=0,fails=222)  fails:596,989  wrgs:993,349  wck:48.8  ngds:6,684  sols:1  bounds:2..27
    run563  dpts:24..112  robin:FrbaOnDom-Last  effs:47,755,757  asgs:(562,noefs=88,fails=234)  fails:597,223  wrgs:993,846  wck:48.8  ngds:6,700  sols:1  bounds:2..27
    run564  dpts:5..10  robin:Wdeg-Rand  effs:47,774,053  asgs:(391,noefs=0,fails=245)  fails:597,468  wrgs:994,197  wck:48.8  ngds:6,713  sols:1  bounds:2..27
    run565  dpts:8..19  robin:PickOnDom-First  effs:47,800,210  asgs:(568,noefs=10,fails=258)  fails:597,726  wrgs:994,662  wck:48.8  ngds:6,730  sols:1  bounds:2..27
    run566  dpts:7..15  robin:WdegOnDom-Last  effs:47,825,003  asgs:(492,noefs=0,fails=270)  fails:597,996  wrgs:995,095  wck:48.9  ngds:6,744  sols:1  bounds:2..27
    run567  dpts:118..138  robin:FrbaOnDom-Rand  effs:47,846,316  asgs:(651,noefs=108,fails=284)  fails:598,280  wrgs:995,571  wck:48.9  ngds:6,754  sols:1  bounds:2..27
    run568  dpts:5..12  robin:Wdeg-First  effs:47,872,273  asgs:(486,noefs=0,fails=298)  fails:598,578  wrgs:996,014  wck:49.0  ngds:6,766  sols:1  bounds:2..27
    run569  dpts:7..16  robin:PickOnDom-Last  effs:47,900,441  asgs:(744,noefs=4,fails=313)  fails:598,891  wrgs:996,642  wck:49.0  ngds:6,781  sols:1  bounds:2..27
    run570  dpts:3..16  robin:WdegOnDom-Rand  effs:47,926,642  asgs:(583,noefs=0,fails=329)  fails:599,220  wrgs:997,159  wck:49.0  ngds:6,792  sols:1  bounds:2..27
 ...resetting heuristics data (nValues:1,609 - nSingletons:204 - nEntailed:82)
    run571  dpts:21..51  robin:FrbaOnDom-First  effs:47,963,971  asgs:(751,noefs=59,fails=345)  fails:599,565  wrgs:997,768  wck:49.1  ngds:6,798  sols:1  bounds:2..27
    run572  dpts:15..22  robin:Wdeg-Last  effs:47,982,826  asgs:(650,noefs=0,fails=363)  fails:599,928  wrgs:998,353  wck:49.1  ngds:6,806  sols:1  bounds:2..27
    run573  dpts:15..26  robin:PickOnDom-Rand  effs:48,006,202  asgs:(790,noefs=27,fails=381)  fails:600,309  wrgs:999,000  wck:49.1  ngds:6,814  sols:1  bounds:2..27
    run574  dpts:18..27  robin:WdegOnDom-First  effs:48,031,689  asgs:(755,noefs=1,fails=400)  fails:600,709  wrgs:999,667  wck:49.2  ngds:6,819  sols:1  bounds:2..27
    run575  dpts:300..321  robin:FrbaOnDom-Last  effs:48,057,713  asgs:(1273,noefs=319,fails=420)  fails:601,129  wrgs:1,000,535  wck:49.2  ngds:6,825  sols:1  bounds:2..27
    run576  dpts:5..14  robin:Wdeg-Rand  effs:48,105,229  asgs:(865,noefs=0,fails=441)  fails:601,570  wrgs:1,001,254  wck:49.3  ngds:6,839  sols:1  bounds:2..27
    run577  dpts:3..17  robin:PickOnDom-First  effs:48,136,726  asgs:(982,noefs=20,fails=463)  fails:602,033  wrgs:1,002,092  wck:49.3  ngds:6,846  sols:1  bounds:2..27
    run578  dpts:6..20  robin:WdegOnDom-Last  effs:48,179,409  asgs:(933,noefs=5,fails=486)  fails:602,519  wrgs:1,002,951  wck:49.4  ngds:6,858  sols:1  bounds:2..27
    run579  dpts:129..162  robin:FrbaOnDom-Rand  effs:48,233,448  asgs:(1072,noefs=153,fails=510)  fails:603,029  wrgs:1,003,777  wck:49.4  ngds:6,864  sols:1  bounds:2..27
    run580  dpts:2..12  robin:Wdeg-First  effs:48,270,143  asgs:(826,noefs=0,fails=536)  fails:603,565  wrgs:1,004,556  wck:49.5  ngds:6,875  sols:1  bounds:2..27
    run581  dpts:5..17  robin:PickOnDom-Last  effs:48,314,458  asgs:(1133,noefs=14,fails=563)  fails:604,128  wrgs:1,005,505  wck:49.5  ngds:6,889  sols:1  bounds:2..27
    run582  dpts:9..21  robin:WdegOnDom-Rand  effs:48,351,216  asgs:(1139,noefs=0,fails=591)  fails:604,719  wrgs:1,006,463  wck:49.6  ngds:6,901  sols:1  bounds:2..27
    run583  dpts:31..46  robin:FrbaOnDom-First  effs:48,410,536  asgs:(1293,noefs=25,fails=620)  fails:605,339  wrgs:1,007,581  wck:49.7  ngds:6,908  sols:1  bounds:2..27
    run584  dpts:4..12  robin:Wdeg-Last  effs:48,460,848  asgs:(1025,noefs=0,fails=651)  fails:605,990  wrgs:1,008,534  wck:49.7  ngds:6,916  sols:1  bounds:2..27
    run585  dpts:4..17  robin:PickOnDom-Rand  effs:48,514,484  asgs:(1349,noefs=16,fails=684)  fails:606,674  wrgs:1,009,673  wck:49.8  ngds:6,930  sols:1  bounds:2..27
    run586  dpts:4..18  robin:WdegOnDom-First  effs:48,558,451  asgs:(1301,noefs=1,fails=718)  fails:607,392  wrgs:1,010,878  wck:49.8  ngds:6,948  sols:1  bounds:2..27
    run587  dpts:168..268  robin:FrbaOnDom-Last  effs:48,618,857  asgs:(1712,noefs=325,fails=754)  fails:608,146  wrgs:1,012,273  wck:49.9  ngds:6,953  sols:1  bounds:2..27
    run588  dpts:3..16  robin:Wdeg-Rand  effs:48,701,398  asgs:(1379,noefs=1,fails=792)  fails:608,938  wrgs:1,013,504  wck:50.1  ngds:6,970  sols:1  bounds:2..27
    run589  dpts:3..18  robin:PickOnDom-First  effs:48,764,318  asgs:(1817,noefs=21,fails=832)  fails:609,770  wrgs:1,015,043  wck:50.1  ngds:6,984  sols:1  bounds:2..27
    run590  dpts:4..14  robin:WdegOnDom-Last  effs:48,843,589  asgs:(1641,noefs=0,fails=873)  fails:610,643  wrgs:1,016,509  wck:50.2  ngds:6,996  sols:1  bounds:2..27
    run591  dpts:76..92  robin:FrbaOnDom-Rand  effs:48,927,925  asgs:(1738,noefs=98,fails=917)  fails:611,560  wrgs:1,017,991  wck:50.4  ngds:7,015  sols:1  bounds:2..27
    run592  dpts:5..15  robin:Wdeg-First  effs:48,993,691  asgs:(1686,noefs=0,fails=963)  fails:612,523  wrgs:1,019,535  wck:50.4  ngds:7,020  sols:1  bounds:2..27
    run593  dpts:4..15  robin:PickOnDom-Last  effs:49,075,706  asgs:(2125,noefs=11,fails=1011)  fails:613,534  wrgs:1,021,332  wck:50.5  ngds:7,038  sols:1  bounds:2..27
    run594  dpts:7..17  robin:WdegOnDom-Rand  effs:49,173,867  asgs:(2050,noefs=0,fails=1061)  fails:614,595  wrgs:1,023,084  wck:50.6  ngds:7,050  sols:1  bounds:2..27
    run595  dpts:20..32  robin:FrbaOnDom-First  effs:49,260,528  asgs:(2178,noefs=19,fails=1115)  fails:615,710  wrgs:1,024,941  wck:50.7  ngds:7,077  sols:1  bounds:2..27
    run596  dpts:4..12  robin:Wdeg-Last  effs:49,351,979  asgs:(2046,noefs=0,fails=1170)  fails:616,880  wrgs:1,026,825  wck:50.9  ngds:7,090  sols:1  bounds:2..27
    run597  dpts:3..18  robin:PickOnDom-Rand  effs:49,460,213  asgs:(2286,noefs=12,fails=1229)  fails:618,109  wrgs:1,028,809  wck:51.0  ngds:7,098  sols:1  bounds:2..27
    run598  dpts:5..15  robin:WdegOnDom-First  effs:49,542,923  asgs:(2403,noefs=0,fails=1290)  fails:619,399  wrgs:1,030,972  wck:51.0  ngds:7,118  sols:1  bounds:2..27
    run599  dpts:11..24  robin:FrbaOnDom-Last  effs:49,693,874  asgs:(2605,noefs=6,fails=1355)  fails:620,754  wrgs:1,033,231  wck:51.2  ngds:7,136  sols:1  bounds:2..27
    run600  dpts:4..14  robin:Wdeg-Rand  effs:49,800,556  asgs:(2358,noefs=0,fails=1423)  fails:622,177  wrgs:1,035,377  wck:51.4  ngds:7,147  sols:1  bounds:2..27
 ...resetting heuristics data (nValues:1,609 - nSingletons:204 - nEntailed:82)
    run601  dpts:16..27  robin:PickOnDom-First  effs:49,891,052  asgs:(2651,noefs=40,fails=1494)  fails:623,671  wrgs:1,037,725  wck:51.5  ngds:7,171  sols:1  bounds:2..27
    run602  dpts:13..24  robin:WdegOnDom-Last  effs:50,006,059  asgs:(3125,noefs=2,fails=1569)  fails:625,240  wrgs:1,040,372  wck:51.6  ngds:7,186  sols:1  bounds:2..27
    run603  dpts:17..76  robin:FrbaOnDom-Rand  effs:50,195,978  asgs:(3483,noefs=208,fails=1647)  fails:626,887  wrgs:1,043,398  wck:51.9  ngds:7,201  sols:1  bounds:2..27
    run604  dpts:14..24  robin:Wdeg-First  effs:50,313,554  asgs:(3016,noefs=1,fails=1729)  fails:628,616  wrgs:1,046,145  wck:52.0  ngds:7,224  sols:1  bounds:2..27
    run605  dpts:5..22  robin:PickOnDom-Last  effs:50,467,179  asgs:(3984,noefs=37,fails=1816)  fails:630,432  wrgs:1,049,576  wck:52.2  ngds:7,234  sols:1  bounds:2..27
    run606  dpts:4..20  robin:WdegOnDom-Rand  effs:50,642,857  asgs:(3629,noefs=14,fails=1907)  fails:632,339  wrgs:1,052,716  wck:52.4  ngds:7,246  sols:1  bounds:2..27
    run607  dpts:270..289  robin:FrbaOnDom-First  effs:50,805,757  asgs:(4219,noefs=265,fails=2002)  fails:634,341  wrgs:1,056,143  wck:52.6  ngds:7,252  sols:1  bounds:2..27
    run608  dpts:4..15  robin:Wdeg-Last  effs:50,999,953  asgs:(3899,noefs=0,fails=2102)  fails:636,443  wrgs:1,059,824  wck:52.8  ngds:7,270  sols:1  bounds:2..27
    run609  dpts:6..22  robin:PickOnDom-Rand  effs:51,184,998  asgs:(4176,noefs=42,fails=2207)  fails:638,650  wrgs:1,063,400  wck:53.0  ngds:7,289  sols:1  bounds:2..27
    run610  dpts:4..15  robin:WdegOnDom-First  effs:51,338,022  asgs:(4297,noefs=0,fails=2318)  fails:640,968  wrgs:1,067,267  wck:53.2  ngds:7,310  sols:1  bounds:2..27
    run611  dpts:14..65  robin:FrbaOnDom-Last  effs:51,577,664  asgs:(4828,noefs=86,fails=2434)  fails:643,402  wrgs:1,071,561  wck:53.5  ngds:7,321  sols:1  bounds:2..27
    run612  dpts:4..14  robin:Wdeg-Rand  effs:51,819,310  asgs:(4199,noefs=1,fails=2555)  fails:645,957  wrgs:1,075,408  wck:53.8  ngds:7,328  sols:1  bounds:2..27
    run613  dpts:5..15  robin:PickOnDom-First  effs:52,009,153  asgs:(5653,noefs=41,fails=2683)  fails:648,640  wrgs:1,080,047  wck:54.0  ngds:7,346  sols:1  bounds:2..27
    run614  dpts:7..19  robin:WdegOnDom-Last  effs:52,205,128  asgs:(5094,noefs=1,fails=2817)  fails:651,457  wrgs:1,084,518  wck:54.2  ngds:7,358  sols:1  bounds:2..27
    run615  dpts:296..314  robin:FrbaOnDom-Rand  effs:52,419,057  asgs:(5645,noefs=292,fails=2958)  fails:654,415  wrgs:1,089,155  wck:54.6  ngds:7,379  sols:1  bounds:2..27
    run616  dpts:4..12  robin:Wdeg-First  effs:52,626,594  asgs:(5062,noefs=0,fails=3106)  fails:657,521  wrgs:1,093,838  wck:54.8  ngds:7,397  sols:1  bounds:2..27
    run617  dpts:2..16  robin:PickOnDom-Last  effs:52,944,385  asgs:(7410,noefs=84,fails=3261)  fails:660,782  wrgs:1,100,105  wck:55.2  ngds:7,414  sols:1  bounds:2..27
    run618  dpts:4..18  robin:WdegOnDom-Rand  effs:53,339,948  asgs:(6360,noefs=21,fails=3425)  fails:664,207  wrgs:1,105,705  wck:55.6  ngds:7,439  sols:1  bounds:2..27
    run619  dpts:68..89  robin:FrbaOnDom-First  effs:53,569,700  asgs:(6398,noefs=65,fails=3596)  fails:667,803  wrgs:1,111,535  wck:55.9  ngds:7,447  sols:1  bounds:2..27
    run620  dpts:4..14  robin:Wdeg-Last  effs:53,852,356  asgs:(6117,noefs=0,fails=3776)  fails:671,579  wrgs:1,117,394  wck:56.2  ngds:7,463  sols:1  bounds:2..27
    run621  dpts:8..22  robin:PickOnDom-Rand  effs:54,159,251  asgs:(7700,noefs=162,fails=3964)  fails:675,543  wrgs:1,123,985  wck:56.5  ngds:7,474  sols:1  bounds:2..27
    run622  dpts:4..15  robin:WdegOnDom-First  effs:54,415,516  asgs:(7253,noefs=0,fails=4163)  fails:679,706  wrgs:1,130,560  wck:56.7  ngds:7,492  sols:1  bounds:2..27
    run623  dpts:18..36  robin:FrbaOnDom-Last  effs:54,729,113  asgs:(7662,noefs=11,fails=4371)  fails:684,077  wrgs:1,137,265  wck:57.2  ngds:7,512  sols:1  bounds:2..27
    run624  dpts:1..12  robin:Wdeg-Rand  effs:55,101,393  asgs:(7489,noefs=0,fails=4589)  fails:688,666  wrgs:1,144,163  wck:57.6  ngds:7,533  sols:1  bounds:2..27
    run625  dpts:3..19  robin:PickOnDom-First  effs:55,452,298  asgs:(10213,noefs=151,fails=4819)  fails:693,485  wrgs:1,152,863  wck:58.0  ngds:7,548  sols:1  bounds:2..27
    run626  dpts:6..18  robin:WdegOnDom-Last  effs:55,843,408  asgs:(9526,noefs=0,fails=5060)  fails:698,545  wrgs:1,161,622  wck:58.4  ngds:7,559  sols:1  bounds:2..27
    run627  dpts:20..43  robin:FrbaOnDom-Rand  effs:56,450,262  asgs:(9581,noefs=19,fails=5313)  fails:703,858  wrgs:1,170,150  wck:59.1  ngds:7,577  sols:1  bounds:2..27
    run628  dpts:3..16  robin:Wdeg-First  effs:56,931,531  asgs:(9635,noefs=8,fails=5579)  fails:709,437  wrgs:1,178,789  wck:59.7  ngds:7,589  sols:1  bounds:2..27
    run629  dpts:4..19  robin:PickOnDom-Last  effs:57,453,522  asgs:(13466,noefs=98,fails=5857)  fails:715,294  wrgs:1,189,743  wck:60.3  ngds:7,601  sols:1  bounds:2..27
    run630  dpts:8..20  robin:WdegOnDom-Rand  effs:58,045,026  asgs:(11316,noefs=0,fails=6150)  fails:721,444  wrgs:1,199,772  wck:60.9  ngds:7,636  sols:1  bounds:2..27
 ...resetting restart cutoff to 85
 ...resetting heuristics data (nValues:1,609 - nSingletons:204 - nEntailed:82)
    run631  dpts:24..37  robin:FrbaOnDom-First  effs:58,049,344  asgs:(176,noefs=12,fails=85)  fails:721,529  wrgs:1,199,903  wck:60.9  ngds:7,642  sols:1  bounds:2..27
    run632  dpts:15..22  robin:Wdeg-Last  effs:58,054,328  asgs:(145,noefs=0,fails=89)  fails:721,618  wrgs:1,200,023  wck:60.9  ngds:7,663  sols:1  bounds:2..27
    run633  dpts:14..23  robin:PickOnDom-Rand  effs:58,062,115  asgs:(185,noefs=0,fails=93)  fails:721,711  wrgs:1,200,173  wck:60.9  ngds:7,664  sols:1  bounds:2..27
    run634  dpts:19..25  robin:WdegOnDom-First  effs:58,068,271  asgs:(202,noefs=2,fails=98)  fails:721,809  wrgs:1,200,333  wck:60.9  ngds:7,678  sols:1  bounds:2..27
    run635  dpts:24..173  robin:FrbaOnDom-Last  effs:58,080,202  asgs:(356,noefs=164,fails=103)  fails:721,912  wrgs:1,200,628  wck:60.9  ngds:7,692  sols:1  bounds:2..27
    run636  dpts:4..15  robin:Wdeg-Rand  effs:58,088,346  asgs:(174,noefs=1,fails=108)  fails:722,020  wrgs:1,200,785  wck:60.9  ngds:7,699  sols:1  bounds:2..27
    run637  dpts:4..13  robin:PickOnDom-First  effs:58,093,880  asgs:(231,noefs=17,fails=113)  fails:722,133  wrgs:1,200,962  wck:60.9  ngds:7,708  sols:1  bounds:2..27
    run638  dpts:10..22  robin:WdegOnDom-Last  effs:58,103,315  asgs:(232,noefs=3,fails=119)  fails:722,252  wrgs:1,201,161  wck:61.0  ngds:7,718  sols:1  bounds:2..27
    run639  dpts:297..308  robin:FrbaOnDom-Rand  effs:58,113,413  asgs:(565,noefs=285,fails=125)  fails:722,377  wrgs:1,201,378  wck:61.0  ngds:7,729  sols:1  bounds:2..27
    run640  dpts:4..11  robin:Wdeg-First  effs:58,128,276  asgs:(227,noefs=0,fails=131)  fails:722,508  wrgs:1,201,581  wck:61.0  ngds:7,746  sols:1  bounds:2..27
    run641  dpts:6..17  robin:PickOnDom-Last  effs:58,141,853  asgs:(305,noefs=1,fails=138)  fails:722,646  wrgs:1,201,835  wck:61.0  ngds:7,748  sols:1  bounds:2..27
    run642  dpts:7..18  robin:WdegOnDom-Rand  effs:58,152,617  asgs:(268,noefs=0,fails=145)  fails:722,791  wrgs:1,202,064  wck:61.0  ngds:7,758  sols:1  bounds:2..27
    run643  dpts:16..25  robin:FrbaOnDom-First  effs:58,166,774  asgs:(309,noefs=7,fails=152)  fails:722,943  wrgs:1,202,315  wck:61.1  ngds:7,775  sols:1  bounds:2..27
    run644  dpts:6..13  robin:Wdeg-Last  effs:58,178,627  asgs:(245,noefs=0,fails=160)  fails:723,103  wrgs:1,202,546  wck:61.1  ngds:7,791  sols:1  bounds:2..27
    run645  dpts:6..16  robin:PickOnDom-Rand  effs:58,193,043  asgs:(390,noefs=5,fails=168)  fails:723,271  wrgs:1,202,863  wck:61.1  ngds:7,799  sols:1  bounds:2..27
    run646  dpts:9..18  robin:WdegOnDom-First  effs:58,209,279  asgs:(327,noefs=0,fails=176)  fails:723,447  wrgs:1,203,149  wck:61.1  ngds:7,810  sols:1  bounds:2..27
    run647  dpts:17..33  robin:FrbaOnDom-Last  effs:58,226,353  asgs:(358,noefs=17,fails=185)  fails:723,632  wrgs:1,203,450  wck:61.2  ngds:7,815  sols:1  bounds:2..27
    run648  dpts:5..12  robin:Wdeg-Rand  effs:58,242,918  asgs:(339,noefs=0,fails=194)  fails:723,826  wrgs:1,203,738  wck:61.2  ngds:7,825  sols:1  bounds:2..27
    run649  dpts:6..15  robin:PickOnDom-First  effs:58,259,084  asgs:(456,noefs=6,fails=204)  fails:724,030  wrgs:1,204,095  wck:61.2  ngds:7,830  sols:1  bounds:2..27
    run650  dpts:10..17  robin:WdegOnDom-Last  effs:58,274,602  asgs:(395,noefs=0,fails=214)  fails:724,244  wrgs:1,204,444  wck:61.2  ngds:7,843  sols:1  bounds:2..27
    run651  dpts:20..36  robin:FrbaOnDom-Rand  effs:58,292,002  asgs:(455,noefs=10,fails=225)  fails:724,469  wrgs:1,204,818  wck:61.3  ngds:7,858  sols:1  bounds:2..27
    run652  dpts:3..12  robin:Wdeg-First  effs:58,306,242  asgs:(362,noefs=0,fails=236)  fails:724,705  wrgs:1,205,143  wck:61.3  ngds:7,866  sols:1  bounds:2..27
    run653  dpts:5..16  robin:PickOnDom-Last  effs:58,326,193  asgs:(568,noefs=2,fails=248)  fails:724,953  wrgs:1,205,638  wck:61.3  ngds:7,874  sols:1  bounds:2..27
    run654  dpts:10..21  robin:WdegOnDom-Rand  effs:58,342,310  asgs:(478,noefs=0,fails=261)  fails:725,214  wrgs:1,206,053  wck:61.3  ngds:7,879  sols:1  bounds:2..27
    run655  dpts:41..92  robin:FrbaOnDom-First  effs:58,365,915  asgs:(597,noefs=75,fails=274)  fails:725,488  wrgs:1,206,535  wck:61.4  ngds:7,884  sols:1  bounds:2..27
    run656  dpts:4..13  robin:Wdeg-Last  effs:58,389,801  asgs:(500,noefs=0,fails=287)  fails:725,775  wrgs:1,206,979  wck:61.4  ngds:7,892  sols:1  bounds:2..27
    run657  dpts:12..19  robin:PickOnDom-Rand  effs:58,413,087  asgs:(679,noefs=0,fails=302)  fails:726,077  wrgs:1,207,537  wck:61.4  ngds:7,903  sols:1  bounds:2..27
    run658  dpts:4..14  robin:WdegOnDom-First  effs:58,436,328  asgs:(585,noefs=0,fails=317)  fails:726,394  wrgs:1,208,040  wck:61.4  ngds:7,909  sols:1  bounds:2..27
    run659  dpts:337..355  robin:FrbaOnDom-Last  effs:58,464,860  asgs:(967,noefs=342,fails=333)  fails:726,727  wrgs:1,208,618  wck:61.5  ngds:7,913  sols:1  bounds:2..27
    run660  dpts:5..14  robin:Wdeg-Rand  effs:58,486,164  asgs:(574,noefs=0,fails=349)  fails:727,076  wrgs:1,209,136  wck:61.5  ngds:7,920  sols:1  bounds:2..27
 ...resetting heuristics data (nValues:1,609 - nSingletons:204 - nEntailed:82)
    run661  dpts:17..27  robin:PickOnDom-First  effs:58,507,492  asgs:(669,noefs=6,fails=367)  fails:727,443  wrgs:1,209,697  wck:61.5  ngds:7,931  sols:1  bounds:2..27
    run662  dpts:15..23  robin:WdegOnDom-Last  effs:58,535,112  asgs:(745,noefs=5,fails=385)  fails:727,828  wrgs:1,210,322  wck:61.6  ngds:7,952  sols:1  bounds:2..27
    run663  dpts:21..46  robin:FrbaOnDom-Rand  effs:58,563,957  asgs:(1018,noefs=111,fails=405)  fails:728,233  wrgs:1,211,139  wck:61.6  ngds:7,959  sols:1  bounds:2..27
    run664  dpts:16..25  robin:Wdeg-First  effs:58,589,267  asgs:(767,noefs=4,fails=425)  fails:728,658  wrgs:1,211,810  wck:61.7  ngds:7,969  sols:1  bounds:2..27
    run665  dpts:8..21  robin:PickOnDom-Last  effs:58,620,216  asgs:(910,noefs=17,fails=446)  fails:729,104  wrgs:1,212,581  wck:61.7  ngds:7,975  sols:1  bounds:2..27
    run666  dpts:3..16  robin:WdegOnDom-Rand  effs:58,669,654  asgs:(829,noefs=5,fails=468)  fails:729,572  wrgs:1,213,299  wck:61.8  ngds:7,987  sols:1  bounds:2..27
    run667  dpts:269..299  robin:FrbaOnDom-First  effs:58,706,500  asgs:(1205,noefs=293,fails=492)  fails:730,064  wrgs:1,214,128  wck:61.8  ngds:7,993  sols:1  bounds:2..27
    run668  dpts:5..16  robin:Wdeg-Last  effs:58,748,755  asgs:(939,noefs=7,fails=516)  fails:730,580  wrgs:1,215,019  wck:61.9  ngds:8,001  sols:1  bounds:2..27
    run669  dpts:8..17  robin:PickOnDom-Rand  effs:58,798,978  asgs:(1055,noefs=14,fails=542)  fails:731,122  wrgs:1,215,928  wck:61.9  ngds:8,008  sols:1  bounds:2..27
    run670  dpts:7..18  robin:WdegOnDom-First  effs:58,849,294  asgs:(1080,noefs=1,fails=569)  fails:731,691  wrgs:1,216,865  wck:62.0  ngds:8,030  sols:1  bounds:2..27
    run671  dpts:92..103  robin:FrbaOnDom-Last  effs:58,903,025  asgs:(1254,noefs=82,fails=598)  fails:732,289  wrgs:1,217,917  wck:62.1  ngds:8,043  sols:1  bounds:2..27
    run672  dpts:3..12  robin:Wdeg-Rand  effs:58,979,063  asgs:(1076,noefs=1,fails=628)  fails:732,917  wrgs:1,218,894  wck:62.2  ngds:8,050  sols:1  bounds:2..27
    run673  dpts:4..15  robin:PickOnDom-First  effs:59,017,691  asgs:(1329,noefs=16,fails=659)  fails:733,576  wrgs:1,219,984  wck:62.2  ngds:8,061  sols:1  bounds:2..27
    run674  dpts:9..19  robin:WdegOnDom-Last  effs:59,067,156  asgs:(1250,noefs=4,fails=692)  fails:734,268  wrgs:1,221,096  wck:62.3  ngds:8,070  sols:1  bounds:2..27
    run675  dpts:36..125  robin:FrbaOnDom-Rand  effs:59,141,232  asgs:(1499,noefs=207,fails=727)  fails:734,995  wrgs:1,222,408  wck:62.4  ngds:8,092  sols:1  bounds:2..27
    run676  dpts:1..13  robin:Wdeg-First  effs:59,201,443  asgs:(1158,noefs=6,fails=763)  fails:735,758  wrgs:1,223,451  wck:62.4  ngds:8,118  sols:1  bounds:2..27
    run677  dpts:5..18  robin:PickOnDom-Last  effs:59,278,186  asgs:(1793,noefs=24,fails=801)  fails:736,559  wrgs:1,224,921  wck:62.5  ngds:8,127  sols:1  bounds:2..27
    run678  dpts:6..18  robin:WdegOnDom-Rand  effs:59,363,707  asgs:(1578,noefs=1,fails=842)  fails:737,401  wrgs:1,226,291  wck:62.6  ngds:8,137  sols:1  bounds:2..27
    run679  dpts:201..220  robin:FrbaOnDom-First  effs:59,440,638  asgs:(1805,noefs=201,fails=884)  fails:738,285  wrgs:1,227,682  wck:62.7  ngds:8,145  sols:1  bounds:2..27
    run680  dpts:3..14  robin:Wdeg-Last  effs:59,543,107  asgs:(1768,noefs=4,fails=928)  fails:739,213  wrgs:1,229,346  wck:62.9  ngds:8,151  sols:1  bounds:2..27
    run681  dpts:5..16  robin:PickOnDom-Rand  effs:59,631,720  asgs:(2083,noefs=5,fails=974)  fails:740,187  wrgs:1,231,108  wck:62.9  ngds:8,158  sols:1  bounds:2..27
    run682  dpts:4..16  robin:WdegOnDom-First  effs:59,693,592  asgs:(1947,noefs=1,fails=1023)  fails:741,210  wrgs:1,232,847  wck:63.0  ngds:8,166  sols:1  bounds:2..27
    run683  dpts:19..33  robin:FrbaOnDom-Last  effs:59,777,987  asgs:(1992,noefs=9,fails=1074)  fails:742,284  wrgs:1,234,655  wck:63.1  ngds:8,184  sols:1  bounds:2..27
    run684  dpts:5..14  robin:Wdeg-Rand  effs:59,861,042  asgs:(2006,noefs=0,fails=1128)  fails:743,412  wrgs:1,236,425  wck:63.2  ngds:8,201  sols:1  bounds:2..27
    run685  dpts:6..16  robin:PickOnDom-First  effs:59,941,149  asgs:(2730,noefs=5,fails=1184)  fails:744,596  wrgs:1,238,674  wck:63.3  ngds:8,211  sols:1  bounds:2..27
    run686  dpts:6..18  robin:WdegOnDom-Last  effs:60,057,066  asgs:(2383,noefs=1,fails=1244)  fails:745,840  wrgs:1,240,924  wck:63.5  ngds:8,224  sols:1  bounds:2..27
    run687  dpts:24..41  robin:FrbaOnDom-Rand  effs:60,175,261  asgs:(2333,noefs=16,fails=1306)  fails:747,146  wrgs:1,242,945  wck:63.6  ngds:8,248  sols:1  bounds:2..27
    run688  dpts:2..13  robin:Wdeg-First  effs:60,269,793  asgs:(2276,noefs=2,fails=1371)  fails:748,517  wrgs:1,245,011  wck:63.7  ngds:8,264  sols:1  bounds:2..27
    run689  dpts:5..16  robin:PickOnDom-Last  effs:60,390,877  asgs:(3167,noefs=6,fails=1440)  fails:749,957  wrgs:1,247,678  wck:63.9  ngds:8,271  sols:1  bounds:2..27
    run690  dpts:6..20  robin:WdegOnDom-Rand  effs:60,508,331  asgs:(2787,noefs=4,fails=1512)  fails:751,469  wrgs:1,250,091  wck:64.0  ngds:8,289  sols:1  bounds:2..27
 ...resetting heuristics data (nValues:1,609 - nSingletons:204 - nEntailed:82)
    run691  dpts:16..94  robin:FrbaOnDom-First  effs:60,637,190  asgs:(2839,noefs=211,fails=1587)  fails:753,056  wrgs:1,252,497  wck:64.2  ngds:8,291  sols:1  bounds:2..27
    run692  dpts:15..23  robin:Wdeg-Last  effs:60,745,453  asgs:(2991,noefs=3,fails=1667)  fails:754,723  wrgs:1,255,200  wck:64.3  ngds:8,321  sols:1  bounds:2..27
    run693  dpts:15..27  robin:PickOnDom-Rand  effs:60,893,076  asgs:(3402,noefs=29,fails=1750)  fails:756,473  wrgs:1,258,128  wck:64.4  ngds:8,334  sols:1  bounds:2..27
    run694  dpts:13..26  robin:WdegOnDom-First  effs:61,028,240  asgs:(3565,noefs=2,fails=1837)  fails:758,310  wrgs:1,261,212  wck:64.6  ngds:8,359  sols:1  bounds:2..27
    run695  dpts:237..314  robin:FrbaOnDom-Last  effs:61,256,390  asgs:(4147,noefs=342,fails=1929)  fails:760,239  wrgs:1,264,700  wck:64.9  ngds:8,364  sols:1  bounds:2..27
    run696  dpts:4..18  robin:Wdeg-Rand  effs:61,427,348  asgs:(3503,noefs=44,fails=2026)  fails:762,265  wrgs:1,267,816  wck:65.1  ngds:8,382  sols:1  bounds:2..27
    run697  dpts:4..17  robin:PickOnDom-First  effs:61,607,353  asgs:(4481,noefs=46,fails=2127)  fails:764,392  wrgs:1,271,616  wck:65.3  ngds:8,389  sols:1  bounds:2..27
    run698  dpts:3..18  robin:WdegOnDom-Last  effs:61,812,867  asgs:(4278,noefs=7,fails=2234)  fails:766,626  wrgs:1,275,561  wck:65.6  ngds:8,412  sols:1  bounds:2..27
    run699  dpts:8..220  robin:FrbaOnDom-Rand  effs:62,074,276  asgs:(4590,noefs=223,fails=2345)  fails:768,971  wrgs:1,279,652  wck:66.0  ngds:8,425  sols:1  bounds:2..27
    run700  dpts:1..15  robin:Wdeg-First  effs:62,286,622  asgs:(4229,noefs=3,fails=2463)  fails:771,434  wrgs:1,283,319  wck:66.2  ngds:8,444  sols:1  bounds:2..27
    run701  dpts:5..17  robin:PickOnDom-Last  effs:62,499,308  asgs:(5724,noefs=77,fails=2586)  fails:774,020  wrgs:1,287,793  wck:66.5  ngds:8,460  sols:1  bounds:2..27
    run702  dpts:10..22  robin:WdegOnDom-Rand  effs:62,723,270  asgs:(4896,noefs=1,fails=2715)  fails:776,735  wrgs:1,292,081  wck:66.7  ngds:8,475  sols:1  bounds:2..27
    run703  dpts:86..107  robin:FrbaOnDom-First  effs:62,999,622  asgs:(5385,noefs=84,fails=2851)  fails:779,586  wrgs:1,296,797  wck:67.1  ngds:8,488  sols:1  bounds:2..27
    run704  dpts:4..14  robin:Wdeg-Last  effs:63,258,291  asgs:(5148,noefs=0,fails=2993)  fails:782,579  wrgs:1,301,750  wck:67.4  ngds:8,507  sols:1  bounds:2..27
    run705  dpts:3..17  robin:PickOnDom-Rand  effs:63,532,661  asgs:(6854,noefs=22,fails=3143)  fails:785,722  wrgs:1,307,324  wck:67.7  ngds:8,513  sols:1  bounds:2..27
    run706  dpts:2..16  robin:WdegOnDom-First  effs:63,759,220  asgs:(5833,noefs=0,fails=3300)  fails:789,022  wrgs:1,312,502  wck:67.9  ngds:8,535  sols:1  bounds:2..27
    run707  dpts:32..47  robin:FrbaOnDom-Last  effs:64,102,752  asgs:(6794,noefs=29,fails=3465)  fails:792,487  wrgs:1,318,674  wck:68.4  ngds:8,566  sols:1  bounds:2..27
    run708  dpts:3..15  robin:Wdeg-Rand  effs:64,376,704  asgs:(5825,noefs=3,fails=3639)  fails:796,126  wrgs:1,324,046  wck:68.7  ngds:8,579  sols:1  bounds:2..27
    run709  dpts:6..20  robin:PickOnDom-First  effs:64,714,803  asgs:(7442,noefs=17,fails=3821)  fails:799,947  wrgs:1,330,739  wck:69.1  ngds:8,594  sols:1  bounds:2..27
    run710  dpts:7..19  robin:WdegOnDom-Last  effs:65,053,265  asgs:(7308,noefs=0,fails=4012)  fails:803,959  wrgs:1,337,515  wck:69.5  ngds:8,610  sols:1  bounds:2..27
    run711  dpts:6..19  robin:FrbaOnDom-Rand  effs:65,430,362  asgs:(7350,noefs=1,fails=4212)  fails:808,171  wrgs:1,344,057  wck:70.0  ngds:8,628  sols:1  bounds:2..27
    run712  dpts:1..13  robin:Wdeg-First  effs:65,789,044  asgs:(7084,noefs=2,fails=4423)  fails:812,594  wrgs:1,350,539  wck:70.4  ngds:8,645  sols:1  bounds:2..27
    run713  dpts:3..18  robin:PickOnDom-Last  effs:66,199,012  asgs:(10451,noefs=252,fails=4644)  fails:817,238  wrgs:1,359,182  wck:70.9  ngds:8,656  sols:1  bounds:2..27
    run714  dpts:7..20  robin:WdegOnDom-Rand  effs:66,606,985  asgs:(9588,noefs=0,fails=4876)  fails:822,114  wrgs:1,367,257  wck:71.4  ngds:8,671  sols:1  bounds:2..27
    run715  dpts:5..19  robin:FrbaOnDom-First  effs:67,022,927  asgs:(9350,noefs=1,fails=5120)  fails:827,234  wrgs:1,375,699  wck:71.8  ngds:8,682  sols:1  bounds:2..27
    run716  dpts:4..15  robin:Wdeg-Last  effs:67,438,232  asgs:(8624,noefs=0,fails=5376)  fails:832,610  wrgs:1,383,696  wck:72.3  ngds:8,701  sols:1  bounds:2..27
    run717  dpts:4..17  robin:PickOnDom-Rand  effs:67,973,191  asgs:(11133,noefs=30,fails=5645)  fails:838,255  wrgs:1,393,255  wck:72.9  ngds:8,732  sols:1  bounds:2..27
    run718  dpts:1..16  robin:WdegOnDom-First  effs:68,360,217  asgs:(10525,noefs=0,fails=5927)  fails:844,182  wrgs:1,402,511  wck:73.3  ngds:8,758  sols:1  bounds:2..27
    run719  dpts:6..23  robin:FrbaOnDom-Last  effs:68,978,497  asgs:(12014,noefs=9,fails=6224)  fails:850,406  wrgs:1,413,333  wck:74.2  ngds:8,768  sols:1  bounds:2..27
    run720  dpts:2..14  robin:Wdeg-Rand  effs:69,638,448  asgs:(11533,noefs=0,fails=6535)  fails:856,941  wrgs:1,423,608  wck:75.0  ngds:8,779  sols:1  bounds:2..27
 ...resetting restart cutoff to 90
 ...resetting heuristics data (nValues:1,609 - nSingletons:204 - nEntailed:82)
    run721  dpts:18..26  robin:PickOnDom-First  effs:69,644,171  asgs:(170,noefs=4,fails=90)  fails:857,031  wrgs:1,423,748  wck:75.0  ngds:8,786  sols:1  bounds:2..27
    run722  dpts:15..25  robin:WdegOnDom-Last  effs:69,651,524  asgs:(196,noefs=0,fails=94)  fails:857,125  wrgs:1,423,908  wck:75.0  ngds:8,795  sols:1  bounds:2..27
    run723  dpts:18..51  robin:FrbaOnDom-Rand  effs:69,659,641  asgs:(307,noefs=64,fails=99)  fails:857,224  wrgs:1,424,133  wck:75.0  ngds:8,802  sols:1  bounds:2..27
    run724  dpts:16..25  robin:Wdeg-First  effs:69,666,433  asgs:(199,noefs=1,fails=104)  fails:857,328  wrgs:1,424,299  wck:75.0  ngds:8,809  sols:1  bounds:2..27
    run725  dpts:7..17  robin:PickOnDom-Last  effs:69,676,615  asgs:(221,noefs=7,fails=109)  fails:857,437  wrgs:1,424,503  wck:75.1  ngds:8,814  sols:1  bounds:2..27
    run726  dpts:9..18  robin:WdegOnDom-Rand  effs:69,686,896  asgs:(223,noefs=2,fails=114)  fails:857,551  wrgs:1,424,693  wck:75.1  ngds:8,818  sols:1  bounds:2..27
    run727  dpts:34..150  robin:FrbaOnDom-First  effs:69,699,902  asgs:(385,noefs=138,fails=120)  fails:857,671  wrgs:1,424,993  wck:75.1  ngds:8,823  sols:1  bounds:2..27
    run728  dpts:4..13  robin:Wdeg-Last  effs:69,709,885  asgs:(225,noefs=0,fails=126)  fails:857,797  wrgs:1,425,199  wck:75.1  ngds:8,837  sols:1  bounds:2..27
    run729  dpts:9..17  robin:PickOnDom-Rand  effs:69,720,928  asgs:(294,noefs=1,fails=132)  fails:857,929  wrgs:1,425,436  wck:75.1  ngds:8,841  sols:1  bounds:2..27
    run730  dpts:7..14  robin:WdegOnDom-First  effs:69,733,872  asgs:(271,noefs=0,fails=139)  fails:858,068  wrgs:1,425,660  wck:75.1  ngds:8,851  sols:1  bounds:2..27
    run731  dpts:258..271  robin:FrbaOnDom-Last  effs:69,750,109  asgs:(521,noefs=251,fails=146)  fails:858,214  wrgs:1,425,893  wck:75.2  ngds:8,856  sols:1  bounds:2..27
    run732  dpts:3..8  robin:Wdeg-Rand  effs:69,761,916  asgs:(267,noefs=0,fails=153)  fails:858,367  wrgs:1,426,135  wck:75.2  ngds:8,860  sols:1  bounds:2..27
    run733  dpts:7..19  robin:PickOnDom-First  effs:69,774,855  asgs:(297,noefs=0,fails=161)  fails:858,528  wrgs:1,426,394  wck:75.2  ngds:8,864  sols:1  bounds:2..27
    run734  dpts:10..20  robin:WdegOnDom-Last  effs:69,787,382  asgs:(366,noefs=0,fails=169)  fails:858,697  wrgs:1,426,695  wck:75.2  ngds:8,867  sols:1  bounds:2..27
    run735  dpts:27..38  robin:FrbaOnDom-Rand  effs:69,801,943  asgs:(399,noefs=25,fails=178)  fails:858,875  wrgs:1,427,007  wck:75.3  ngds:8,872  sols:1  bounds:2..27
    run736  dpts:4..13  robin:Wdeg-First  effs:69,815,278  asgs:(296,noefs=1,fails=187)  fails:859,062  wrgs:1,427,261  wck:75.3  ngds:8,876  sols:1  bounds:2..27
    run737  dpts:6..15  robin:PickOnDom-Last  effs:69,829,832  asgs:(446,noefs=8,fails=196)  fails:859,258  wrgs:1,427,613  wck:75.3  ngds:8,877  sols:1  bounds:2..27
    run738  dpts:8..15  robin:WdegOnDom-Rand  effs:69,846,736  asgs:(366,noefs=0,fails=206)  fails:859,464  wrgs:1,427,935  wck:75.3  ngds:8,889  sols:1  bounds:2..27
    run739  dpts:24..41  robin:FrbaOnDom-First  effs:69,871,549  asgs:(405,noefs=17,fails=216)  fails:859,680  wrgs:1,428,274  wck:75.4  ngds:8,898  sols:1  bounds:2..27
    run740  dpts:5..13  robin:Wdeg-Last  effs:69,892,361  asgs:(393,noefs=0,fails=227)  fails:859,907  wrgs:1,428,628  wck:75.4  ngds:8,914  sols:1  bounds:2..27
    run741  dpts:4..15  robin:PickOnDom-Rand  effs:69,913,829  asgs:(483,noefs=4,fails=238)  fails:860,145  wrgs:1,429,035  wck:75.4  ngds:8,927  sols:1  bounds:2..27
    run742  dpts:7..20  robin:WdegOnDom-First  effs:69,932,347  asgs:(462,noefs=1,fails=250)  fails:860,395  wrgs:1,429,455  wck:75.4  ngds:8,940  sols:1  bounds:2..27
    run743  dpts:17..157  robin:FrbaOnDom-Last  effs:69,951,886  asgs:(604,noefs=138,fails=263)  fails:860,658  wrgs:1,429,987  wck:75.5  ngds:8,950  sols:1  bounds:2..27
    run744  dpts:4..11  robin:Wdeg-Rand  effs:69,975,732  asgs:(401,noefs=0,fails=276)  fails:860,934  wrgs:1,430,370  wck:75.5  ngds:8,962  sols:1  bounds:2..27
    run745  dpts:5..17  robin:PickOnDom-First  effs:70,001,879  asgs:(663,noefs=14,fails=290)  fails:861,224  wrgs:1,430,904  wck:75.5  ngds:8,976  sols:1  bounds:2..27
    run746  dpts:9..17  robin:WdegOnDom-Last  effs:70,020,577  asgs:(577,noefs=0,fails=304)  fails:861,528  wrgs:1,431,418  wck:75.5  ngds:8,992  sols:1  bounds:2..27
    run747  dpts:283..294  robin:FrbaOnDom-Rand  effs:70,048,170  asgs:(920,noefs=273,fails=320)  fails:861,848  wrgs:1,431,969  wck:75.6  ngds:9,000  sols:1  bounds:2..27
    run748  dpts:5..13  robin:Wdeg-First  effs:70,072,609  asgs:(573,noefs=0,fails=336)  fails:862,184  wrgs:1,432,499  wck:75.6  ngds:9,011  sols:1  bounds:2..27
    run749  dpts:7..17  robin:PickOnDom-Last  effs:70,105,945  asgs:(786,noefs=8,fails=352)  fails:862,536  wrgs:1,433,114  wck:75.7  ngds:9,019  sols:1  bounds:2..27
    run750  dpts:6..15  robin:WdegOnDom-Rand  effs:70,137,706  asgs:(638,noefs=0,fails=370)  fails:862,906  wrgs:1,433,680  wck:75.7  ngds:9,030  sols:1  bounds:2..27
 ...resetting heuristics data (nValues:1,609 - nSingletons:204 - nEntailed:82)
    run751  dpts:16..139  robin:FrbaOnDom-First  effs:70,184,123  asgs:(1021,noefs=195,fails=388)  fails:863,294  wrgs:1,434,535  wck:75.8  ngds:9,040  sols:1  bounds:2..27
    run752  dpts:14..22  robin:Wdeg-Last  effs:70,212,049  asgs:(717,noefs=0,fails=408)  fails:863,702  wrgs:1,435,179  wck:75.8  ngds:9,051  sols:1  bounds:2..27
    run753  dpts:17..27  robin:PickOnDom-Rand  effs:70,239,754  asgs:(833,noefs=10,fails=428)  fails:864,130  wrgs:1,435,895  wck:75.9  ngds:9,059  sols:1  bounds:2..27
    run754  dpts:17..27  robin:WdegOnDom-First  effs:70,268,830  asgs:(844,noefs=3,fails=450)  fails:864,580  wrgs:1,436,629  wck:75.9  ngds:9,074  sols:1  bounds:2..27
    run755  dpts:260..273  robin:FrbaOnDom-Last  effs:70,308,525  asgs:(1237,noefs=249,fails=472)  fails:865,052  wrgs:1,437,533  wck:76.0  ngds:9,082  sols:1  bounds:2..27
    run756  dpts:5..16  robin:Wdeg-Rand  effs:70,353,738  asgs:(852,noefs=0,fails=496)  fails:865,548  wrgs:1,438,290  wck:76.0  ngds:9,103  sols:1  bounds:2..27
    run757  dpts:3..15  robin:PickOnDom-First  effs:70,393,419  asgs:(1065,noefs=15,fails=521)  fails:866,069  wrgs:1,439,161  wck:76.1  ngds:9,114  sols:1  bounds:2..27
    run758  dpts:9..17  robin:WdegOnDom-Last  effs:70,440,927  asgs:(1030,noefs=6,fails=547)  fails:866,616  wrgs:1,440,129  wck:76.1  ngds:9,129  sols:1  bounds:2..27
    run759  dpts:44..56  robin:FrbaOnDom-Rand  effs:70,475,040  asgs:(1125,noefs=30,fails=574)  fails:867,190  wrgs:1,441,071  wck:76.2  ngds:9,137  sols:1  bounds:2..27
    run760  dpts:4..13  robin:Wdeg-First  effs:70,523,834  asgs:(1025,noefs=0,fails=603)  fails:867,793  wrgs:1,441,998  wck:76.2  ngds:9,141  sols:1  bounds:2..27
    run761  dpts:6..21  robin:PickOnDom-Last  effs:70,577,246  asgs:(1404,noefs=21,fails=633)  fails:868,426  wrgs:1,443,160  wck:76.3  ngds:9,157  sols:1  bounds:2..27
    run762  dpts:9..19  robin:WdegOnDom-Rand  effs:70,629,663  asgs:(1209,noefs=0,fails=665)  fails:869,091  wrgs:1,444,225  wck:76.4  ngds:9,163  sols:1  bounds:2..27
    run763  dpts:13..34  robin:FrbaOnDom-First  effs:70,692,444  asgs:(1418,noefs=14,fails=698)  fails:869,789  wrgs:1,445,431  wck:76.5  ngds:9,168  sols:1  bounds:2..27
    run764  dpts:5..16  robin:Wdeg-Last  effs:70,755,144  asgs:(1298,noefs=1,fails=733)  fails:870,522  wrgs:1,446,657  wck:76.6  ngds:9,182  sols:1  bounds:2..27
    run765  dpts:4..18  robin:PickOnDom-Rand  effs:70,824,228  asgs:(1572,noefs=2,fails=770)  fails:871,292  wrgs:1,447,971  wck:76.6  ngds:9,192  sols:1  bounds:2..27
    run766  dpts:5..14  robin:WdegOnDom-First  effs:70,870,895  asgs:(1485,noefs=0,fails=808)  fails:872,100  wrgs:1,449,277  wck:76.7  ngds:9,212  sols:1  bounds:2..27
    run767  dpts:26..39  robin:FrbaOnDom-Last  effs:70,921,601  asgs:(1558,noefs=11,fails=849)  fails:872,949  wrgs:1,450,628  wck:76.8  ngds:9,222  sols:1  bounds:2..27
    run768  dpts:4..14  robin:Wdeg-Rand  effs:70,999,519  asgs:(1504,noefs=0,fails=891)  fails:873,840  wrgs:1,451,988  wck:76.9  ngds:9,234  sols:1  bounds:2..27
    run769  dpts:6..19  robin:PickOnDom-First  effs:71,088,934  asgs:(2119,noefs=13,fails=936)  fails:874,776  wrgs:1,453,724  wck:77.0  ngds:9,246  sols:1  bounds:2..27
    run770  dpts:6..16  robin:WdegOnDom-Last  effs:71,187,318  asgs:(1896,noefs=0,fails=982)  fails:875,758  wrgs:1,455,485  wck:77.1  ngds:9,255  sols:1  bounds:2..27
    run771  dpts:327..352  robin:FrbaOnDom-Rand  effs:71,247,052  asgs:(2321,noefs=351,fails=1032)  fails:876,790  wrgs:1,457,223  wck:77.2  ngds:9,270  sols:1  bounds:2..27
    run772  dpts:3..12  robin:Wdeg-First  effs:71,315,580  asgs:(1838,noefs=5,fails=1083)  fails:877,873  wrgs:1,458,871  wck:77.3  ngds:9,283  sols:1  bounds:2..27
    run773  dpts:5..18  robin:PickOnDom-Last  effs:71,416,866  asgs:(2555,noefs=8,fails=1137)  fails:879,010  wrgs:1,460,939  wck:77.5  ngds:9,299  sols:1  bounds:2..27
    run774  dpts:6..18  robin:WdegOnDom-Rand  effs:71,497,854  asgs:(2093,noefs=0,fails=1194)  fails:880,204  wrgs:1,462,804  wck:77.6  ngds:9,309  sols:1  bounds:2..27
    run775  dpts:65..78  robin:FrbaOnDom-First  effs:71,586,193  asgs:(2423,noefs=51,fails=1254)  fails:881,458  wrgs:1,464,840  wck:77.7  ngds:9,319  sols:1  bounds:2..27
    run776  dpts:3..14  robin:Wdeg-Last  effs:71,700,516  asgs:(2419,noefs=0,fails=1317)  fails:882,775  wrgs:1,467,092  wck:77.9  ngds:9,334  sols:1  bounds:2..27
    run777  dpts:9..22  robin:PickOnDom-Rand  effs:71,820,121  asgs:(2808,noefs=26,fails=1383)  fails:884,158  wrgs:1,469,451  wck:78.0  ngds:9,350  sols:1  bounds:2..27
    run778  dpts:8..19  robin:WdegOnDom-First  effs:71,941,553  asgs:(2657,noefs=0,fails=1452)  fails:885,610  wrgs:1,471,821  wck:78.2  ngds:9,366  sols:1  bounds:2..27
    run779  dpts:10..23  robin:FrbaOnDom-Last  effs:72,052,249  asgs:(2748,noefs=2,fails=1524)  fails:887,134  wrgs:1,474,241  wck:78.3  ngds:9,377  sols:1  bounds:2..27
    run780  dpts:4..13  robin:Wdeg-Rand  effs:72,228,600  asgs:(2642,noefs=0,fails=1601)  fails:888,735  wrgs:1,476,645  wck:78.5  ngds:9,390  sols:1  bounds:2..27
 ...resetting heuristics data (nValues:1,609 - nSingletons:204 - nEntailed:82)
    run781  dpts:13..27  robin:PickOnDom-First  effs:72,346,829  asgs:(3079,noefs=17,fails=1681)  fails:890,416  wrgs:1,479,366  wck:78.7  ngds:9,406  sols:1  bounds:2..27
    run782  dpts:13..25  robin:WdegOnDom-Last  effs:72,476,001  asgs:(3628,noefs=1,fails=1765)  fails:892,181  wrgs:1,482,461  wck:78.8  ngds:9,415  sols:1  bounds:2..27
    run783  dpts:22..110  robin:FrbaOnDom-Rand  effs:72,643,973  asgs:(4108,noefs=265,fails=1853)  fails:894,034  wrgs:1,485,908  wck:79.1  ngds:9,423  sols:1  bounds:2..27
    run784  dpts:14..26  robin:Wdeg-First  effs:72,756,484  asgs:(3313,noefs=5,fails=1946)  fails:895,980  wrgs:1,488,917  wck:79.2  ngds:9,437  sols:1  bounds:2..27
    run785  dpts:3..20  robin:PickOnDom-Last  effs:72,931,194  asgs:(4528,noefs=97,fails=2043)  fails:898,023  wrgs:1,492,753  wck:79.4  ngds:9,448  sols:1  bounds:2..27
    run786  dpts:4..18  robin:WdegOnDom-Rand  effs:73,164,451  asgs:(3881,noefs=21,fails=2145)  fails:900,168  wrgs:1,496,187  wck:79.6  ngds:9,456  sols:1  bounds:2..27
    run787  dpts:221..238  robin:FrbaOnDom-First  effs:73,306,250  asgs:(4458,noefs=230,fails=2252)  fails:902,420  wrgs:1,499,959  wck:79.9  ngds:9,472  sols:1  bounds:2..27
    run788  dpts:4..20  robin:Wdeg-Last  effs:73,528,623  asgs:(4413,noefs=10,fails=2365)  fails:904,785  wrgs:1,504,073  wck:80.1  ngds:9,493  sols:1  bounds:2..27
    run789  dpts:4..16  robin:PickOnDom-Rand  effs:73,763,020  asgs:(4950,noefs=11,fails=2483)  fails:907,268  wrgs:1,508,273  wck:80.4  ngds:9,503  sols:1  bounds:2..27
    run790  dpts:7..20  robin:WdegOnDom-First  effs:73,934,385  asgs:(4762,noefs=0,fails=2607)  fails:909,875  wrgs:1,512,484  wck:80.6  ngds:9,529  sols:1  bounds:2..27
    run791  dpts:30..54  robin:FrbaOnDom-Last  effs:74,103,532  asgs:(4724,noefs=33,fails=2738)  fails:912,613  wrgs:1,516,765  wck:80.8  ngds:9,545  sols:1  bounds:2..27
    run792  dpts:4..12  robin:Wdeg-Rand  effs:74,348,816  asgs:(4651,noefs=0,fails=2875)  fails:915,488  wrgs:1,521,029  wck:81.1  ngds:9,563  sols:1  bounds:2..27
    run793  dpts:2..16  robin:PickOnDom-First  effs:74,593,845  asgs:(6455,noefs=72,fails=3019)  fails:918,507  wrgs:1,526,480  wck:81.4  ngds:9,588  sols:1  bounds:2..27
    run794  dpts:6..17  robin:WdegOnDom-Last  effs:74,807,968  asgs:(5437,noefs=1,fails=3170)  fails:921,677  wrgs:1,531,319  wck:81.7  ngds:9,617  sols:1  bounds:2..27
    run795  dpts:19..168  robin:FrbaOnDom-Rand  effs:75,145,884  asgs:(6149,noefs=283,fails=3328)  fails:925,005  wrgs:1,536,788  wck:82.1  ngds:9,631  sols:1  bounds:2..27
    run796  dpts:2..15  robin:Wdeg-First  effs:75,410,423  asgs:(6297,noefs=0,fails=3494)  fails:928,499  wrgs:1,542,421  wck:82.5  ngds:9,651  sols:1  bounds:2..27
    run797  dpts:5..18  robin:PickOnDom-Last  effs:75,700,196  asgs:(8096,noefs=179,fails=3669)  fails:932,168  wrgs:1,548,924  wck:82.8  ngds:9,666  sols:1  bounds:2..27
    run798  dpts:7..18  robin:WdegOnDom-Rand  effs:76,041,511  asgs:(7028,noefs=0,fails=3853)  fails:936,021  wrgs:1,555,049  wck:83.2  ngds:9,692  sols:1  bounds:2..27
    run799  dpts:189..211  robin:FrbaOnDom-First  effs:76,366,986  asgs:(7548,noefs=216,fails=4045)  fails:940,066  wrgs:1,561,641  wck:83.6  ngds:9,706  sols:1  bounds:2..27
    run800  dpts:2..11  robin:Wdeg-Last  effs:76,712,024  asgs:(7429,noefs=0,fails=4248)  fails:944,314  wrgs:1,568,461  wck:84.0  ngds:9,716  sols:1  bounds:2..27
    run801  dpts:5..17  robin:PickOnDom-Rand  effs:77,091,065  asgs:(8193,noefs=54,fails=4460)  fails:948,774  wrgs:1,575,509  wck:84.3  ngds:9,739  sols:1  bounds:2..27
    run802  dpts:1..17  robin:WdegOnDom-First  effs:77,404,246  asgs:(8552,noefs=0,fails=4683)  fails:953,457  wrgs:1,583,105  wck:84.6  ngds:9,763  sols:1  bounds:2..27
    run803  dpts:9..26  robin:FrbaOnDom-Last  effs:77,784,183  asgs:(8806,noefs=7,fails=4917)  fails:958,374  wrgs:1,590,903  wck:85.1  ngds:9,779  sols:1  bounds:2..27
    run804  dpts:3..15  robin:Wdeg-Rand  effs:78,284,357  asgs:(9431,noefs=1,fails=5163)  fails:963,537  wrgs:1,599,172  wck:85.7  ngds:9,789  sols:1  bounds:2..27
    run805  dpts:2..15  robin:PickOnDom-First  effs:78,741,707  asgs:(9972,noefs=51,fails=5421)  fails:968,958  wrgs:1,607,811  wck:86.2  ngds:9,803  sols:1  bounds:2..27
    run806  dpts:5..18  robin:WdegOnDom-Last  effs:79,231,616  asgs:(10634,noefs=2,fails=5692)  fails:974,650  wrgs:1,617,554  wck:86.8  ngds:9,824  sols:1  bounds:2..27
    run807  dpts:12..33  robin:FrbaOnDom-Rand  effs:79,825,103  asgs:(11146,noefs=30,fails=5977)  fails:980,627  wrgs:1,627,312  wck:87.6  ngds:9,837  sols:1  bounds:2..27
    run808  dpts:2..13  robin:Wdeg-First  effs:80,340,018  asgs:(10692,noefs=0,fails=6276)  fails:986,903  wrgs:1,637,000  wck:88.2  ngds:9,864  sols:1  bounds:2..27
    run809  dpts:6..18  robin:PickOnDom-Last  effs:80,830,072  asgs:(12568,noefs=7,fails=6590)  fails:993,493  wrgs:1,648,057  wck:88.7  ngds:9,878  sols:1  bounds:2..27
    run810  dpts:6..19  robin:WdegOnDom-Rand  effs:81,415,196  asgs:(13152,noefs=0,fails=6919)  fails:1,000,412  wrgs:1,659,529  wck:89.4  ngds:9,909  sols:1  bounds:2..27
 ...resetting restart cutoff to 95
 ...resetting heuristics data (nValues:1,609 - nSingletons:204 - nEntailed:82)
    run811  dpts:15..34  robin:FrbaOnDom-First  effs:81,425,116  asgs:(227,noefs=15,fails=95)  fails:1,000,507  wrgs:1,659,687  wck:89.4  ngds:9,915  sols:1  bounds:2..27
    run812  dpts:15..23  robin:Wdeg-Last  effs:81,431,807  asgs:(203,noefs=0,fails=99)  fails:1,000,606  wrgs:1,659,856  wck:89.4  ngds:9,931  sols:1  bounds:2..27
    run813  dpts:15..25  robin:PickOnDom-Rand  effs:81,440,629  asgs:(213,noefs=2,fails=104)  fails:1,000,710  wrgs:1,660,022  wck:89.4  ngds:9,936  sols:1  bounds:2..27
    run814  dpts:19..26  robin:WdegOnDom-First  effs:81,447,159  asgs:(204,noefs=1,fails=109)  fails:1,000,819  wrgs:1,660,190  wck:89.4  ngds:9,940  sols:1  bounds:2..27
    run815  dpts:40..156  robin:FrbaOnDom-Last  effs:81,460,000  asgs:(470,noefs=182,fails=115)  fails:1,000,934  wrgs:1,660,580  wck:89.5  ngds:9,951  sols:1  bounds:2..27
    run816  dpts:4..16  robin:Wdeg-Rand  effs:81,468,815  asgs:(224,noefs=6,fails=121)  fails:1,001,055  wrgs:1,660,771  wck:89.5  ngds:9,957  sols:1  bounds:2..27
    run817  dpts:5..14  robin:PickOnDom-First  effs:81,474,971  asgs:(275,noefs=0,fails=127)  fails:1,001,182  wrgs:1,661,001  wck:89.5  ngds:9,961  sols:1  bounds:2..27
    run818  dpts:9..22  robin:WdegOnDom-Last  effs:81,487,829  asgs:(267,noefs=2,fails=133)  fails:1,001,315  wrgs:1,661,240  wck:89.5  ngds:9,968  sols:1  bounds:2..27
    run819  dpts:286..299  robin:FrbaOnDom-Rand  effs:81,498,801  asgs:(550,noefs=274,fails=140)  fails:1,001,455  wrgs:1,661,466  wck:89.5  ngds:9,971  sols:1  bounds:2..27
    run820  dpts:2..12  robin:Wdeg-First  effs:81,507,147  asgs:(231,noefs=0,fails=147)  fails:1,001,602  wrgs:1,661,669  wck:89.5  ngds:9,979  sols:1  bounds:2..27
    run821  dpts:7..22  robin:PickOnDom-Last  effs:81,522,655  asgs:(317,noefs=6,fails=154)  fails:1,001,756  wrgs:1,661,934  wck:89.6  ngds:9,988  sols:1  bounds:2..27
    run822  dpts:4..16  robin:WdegOnDom-Rand  effs:81,540,793  asgs:(283,noefs=1,fails=162)  fails:1,001,918  wrgs:1,662,183  wck:89.6  ngds:10,000  sols:1  bounds:2..27
    run823  dpts:23..36  robin:FrbaOnDom-First  effs:81,554,412  asgs:(362,noefs=12,fails=170)  fails:1,002,088  wrgs:1,662,464  wck:89.6  ngds:10,004  sols:1  bounds:2..27
    run824  dpts:4..11  robin:Wdeg-Last  effs:81,576,754  asgs:(306,noefs=0,fails=179)  fails:1,002,267  wrgs:1,662,754  wck:89.7  ngds:10,010  sols:1  bounds:2..27
    run825  dpts:11..19  robin:PickOnDom-Rand  effs:81,591,623  asgs:(438,noefs=3,fails=188)  fails:1,002,455  wrgs:1,663,097  wck:89.7  ngds:10,012  sols:1  bounds:2..27
    run826  dpts:8..18  robin:WdegOnDom-First  effs:81,606,601  asgs:(357,noefs=1,fails=197)  fails:1,002,652  wrgs:1,663,400  wck:89.7  ngds:10,024  sols:1  bounds:2..27
    run827  dpts:17..38  robin:FrbaOnDom-Last  effs:81,624,686  asgs:(384,noefs=15,fails=207)  fails:1,002,859  wrgs:1,663,738  wck:89.7  ngds:10,032  sols:1  bounds:2..27
    run828  dpts:6..16  robin:Wdeg-Rand  effs:81,637,343  asgs:(390,noefs=1,fails=217)  fails:1,003,076  wrgs:1,664,067  wck:89.7  ngds:10,037  sols:1  bounds:2..27
    run829  dpts:5..20  robin:PickOnDom-First  effs:81,654,339  asgs:(481,noefs=8,fails=228)  fails:1,003,304  wrgs:1,664,454  wck:89.8  ngds:10,042  sols:1  bounds:2..27
    run830  dpts:8..17  robin:WdegOnDom-Last  effs:81,668,753  asgs:(431,noefs=1,fails=240)  fails:1,003,544  wrgs:1,664,825  wck:89.8  ngds:10,054  sols:1  bounds:2..27
    run831  dpts:12..32  robin:FrbaOnDom-Rand  effs:81,689,546  asgs:(450,noefs=9,fails=252)  fails:1,003,796  wrgs:1,665,206  wck:89.8  ngds:10,064  sols:1  bounds:2..27
    run832  dpts:4..10  robin:Wdeg-First  effs:81,715,531  asgs:(408,noefs=0,fails=264)  fails:1,004,060  wrgs:1,665,585  wck:89.9  ngds:10,081  sols:1  bounds:2..27
    run833  dpts:5..15  robin:PickOnDom-Last  effs:81,741,877  asgs:(625,noefs=15,fails=277)  fails:1,004,337  wrgs:1,666,075  wck:89.9  ngds:10,092  sols:1  bounds:2..27
    run834  dpts:10..18  robin:WdegOnDom-Rand  effs:81,770,660  asgs:(553,noefs=0,fails=291)  fails:1,004,628  wrgs:1,666,548  wck:89.9  ngds:10,101  sols:1  bounds:2..27
    run835  dpts:360..371  robin:FrbaOnDom-First  effs:81,786,756  asgs:(973,noefs=357,fails=306)  fails:1,004,934  wrgs:1,667,096  wck:90.0  ngds:10,112  sols:1  bounds:2..27
    run836  dpts:3..12  robin:Wdeg-Last  effs:81,818,546  asgs:(574,noefs=0,fails=321)  fails:1,005,255  wrgs:1,667,618  wck:90.0  ngds:10,127  sols:1  bounds:2..27
    run837  dpts:6..16  robin:PickOnDom-Rand  effs:81,844,361  asgs:(738,noefs=0,fails=337)  fails:1,005,592  wrgs:1,668,233  wck:90.1  ngds:10,137  sols:1  bounds:2..27
    run838  dpts:6..15  robin:WdegOnDom-First  effs:81,876,145  asgs:(607,noefs=0,fails=354)  fails:1,005,946  wrgs:1,668,757  wck:90.1  ngds:10,151  sols:1  bounds:2..27
    run839  dpts:87..101  robin:FrbaOnDom-Last  effs:81,896,742  asgs:(708,noefs=86,fails=372)  fails:1,006,318  wrgs:1,669,325  wck:90.1  ngds:10,173  sols:1  bounds:2..27
    run840  dpts:4..13  robin:Wdeg-Rand  effs:81,934,142  asgs:(731,noefs=0,fails=391)  fails:1,006,709  wrgs:1,669,965  wck:90.2  ngds:10,183  sols:1  bounds:2..27
 ...resetting heuristics data (nValues:1,609 - nSingletons:204 - nEntailed:82)
    run841  dpts:17..27  robin:PickOnDom-First  effs:81,959,433  asgs:(733,noefs=2,fails=410)  fails:1,007,119  wrgs:1,670,602  wck:90.2  ngds:10,196  sols:1  bounds:2..27
    run842  dpts:15..25  robin:WdegOnDom-Last  effs:81,989,922  asgs:(847,noefs=1,fails=431)  fails:1,007,550  wrgs:1,671,308  wck:90.3  ngds:10,205  sols:1  bounds:2..27
    run843  dpts:19..55  robin:FrbaOnDom-Rand  effs:82,024,738  asgs:(1077,noefs=78,fails=452)  fails:1,008,002  wrgs:1,672,098  wck:90.3  ngds:10,216  sols:1  bounds:2..27
    run844  dpts:17..26  robin:Wdeg-First  effs:82,050,904  asgs:(809,noefs=2,fails=475)  fails:1,008,477  wrgs:1,672,826  wck:90.4  ngds:10,232  sols:1  bounds:2..27
    run845  dpts:9..21  robin:PickOnDom-Last  effs:82,089,139  asgs:(1038,noefs=7,fails=499)  fails:1,008,976  wrgs:1,673,696  wck:90.4  ngds:10,240  sols:1  bounds:2..27
    run846  dpts:6..18  robin:WdegOnDom-Rand  effs:82,136,908  asgs:(1003,noefs=7,fails=524)  fails:1,009,500  wrgs:1,674,548  wck:90.5  ngds:10,253  sols:1  bounds:2..27
    run847  dpts:19..82  robin:FrbaOnDom-First  effs:82,200,480  asgs:(1162,noefs=154,fails=550)  fails:1,010,050  wrgs:1,675,576  wck:90.6  ngds:10,256  sols:1  bounds:2..27
    run848  dpts:5..14  robin:Wdeg-Last  effs:82,254,765  asgs:(992,noefs=2,fails=577)  fails:1,010,627  wrgs:1,676,507  wck:90.7  ngds:10,273  sols:1  bounds:2..27
    run849  dpts:7..20  robin:PickOnDom-Rand  effs:82,314,646  asgs:(1238,noefs=8,fails=606)  fails:1,011,233  wrgs:1,677,538  wck:90.7  ngds:10,281  sols:1  bounds:2..27
    run850  dpts:10..20  robin:WdegOnDom-First  effs:82,356,372  asgs:(1206,noefs=0,fails=636)  fails:1,011,869  wrgs:1,678,621  wck:90.8  ngds:10,301  sols:1  bounds:2..27
    run851  dpts:242..256  robin:FrbaOnDom-Last  effs:82,429,287  asgs:(1487,noefs=231,fails=668)  fails:1,012,537  wrgs:1,679,744  wck:90.9  ngds:10,318  sols:1  bounds:2..27
    run852  dpts:4..14  robin:Wdeg-Rand  effs:82,494,878  asgs:(1196,noefs=0,fails=702)  fails:1,013,239  wrgs:1,680,814  wck:91.0  ngds:10,326  sols:1  bounds:2..27
    run853  dpts:5..17  robin:PickOnDom-First  effs:82,544,213  asgs:(1505,noefs=35,fails=737)  fails:1,013,976  wrgs:1,682,139  wck:91.1  ngds:10,336  sols:1  bounds:2..27
    run854  dpts:7..17  robin:WdegOnDom-Last  effs:82,616,738  asgs:(1411,noefs=0,fails=774)  fails:1,014,750  wrgs:1,683,458  wck:91.2  ngds:10,354  sols:1  bounds:2..27
    run855  dpts:29..108  robin:FrbaOnDom-Rand  effs:82,694,146  asgs:(1605,noefs=229,fails=812)  fails:1,015,562  wrgs:1,684,814  wck:91.3  ngds:10,359  sols:1  bounds:2..27
    run856  dpts:3..13  robin:Wdeg-First  effs:82,771,429  asgs:(1468,noefs=1,fails=853)  fails:1,016,415  wrgs:1,686,162  wck:91.4  ngds:10,372  sols:1  bounds:2..27
    run857  dpts:6..18  robin:PickOnDom-Last  effs:82,848,998  asgs:(2072,noefs=36,fails=896)  fails:1,017,311  wrgs:1,687,819  wck:91.5  ngds:10,383  sols:1  bounds:2..27
    run858  dpts:12..20  robin:WdegOnDom-Rand  effs:82,915,039  asgs:(1707,noefs=0,fails=941)  fails:1,018,252  wrgs:1,689,342  wck:91.6  ngds:10,401  sols:1  bounds:2..27
    run859  dpts:42..107  robin:FrbaOnDom-First  effs:83,018,327  asgs:(1924,noefs=94,fails=988)  fails:1,019,240  wrgs:1,691,034  wck:91.7  ngds:10,421  sols:1  bounds:2..27
    run860  dpts:3..15  robin:Wdeg-Last  effs:83,123,956  asgs:(1930,noefs=0,fails=1037)  fails:1,020,277  wrgs:1,692,879  wck:91.9  ngds:10,428  sols:1  bounds:2..27
    run861  dpts:6..18  robin:PickOnDom-Rand  effs:83,228,793  asgs:(2361,noefs=11,fails=1089)  fails:1,021,366  wrgs:1,694,830  wck:92.0  ngds:10,436  sols:1  bounds:2..27
    run862  dpts:3..14  robin:WdegOnDom-First  effs:83,294,018  asgs:(2096,noefs=0,fails=1143)  fails:1,022,509  wrgs:1,696,691  wck:92.1  ngds:10,452  sols:1  bounds:2..27
    run863  dpts:180..193  robin:FrbaOnDom-Last  effs:83,431,812  asgs:(2508,noefs=181,fails=1201)  fails:1,023,710  wrgs:1,698,712  wck:92.3  ngds:10,467  sols:1  bounds:2..27
    run864  dpts:3..13  robin:Wdeg-Rand  effs:83,551,350  asgs:(2310,noefs=0,fails=1261)  fails:1,024,971  wrgs:1,700,700  wck:92.4  ngds:10,472  sols:1  bounds:2..27
    run865  dpts:6..14  robin:PickOnDom-First  effs:83,660,437  asgs:(2949,noefs=0,fails=1324)  fails:1,026,295  wrgs:1,703,194  wck:92.5  ngds:10,492  sols:1  bounds:2..27
    run866  dpts:6..17  robin:WdegOnDom-Last  effs:83,788,222  asgs:(2595,noefs=1,fails=1390)  fails:1,027,685  wrgs:1,705,598  wck:92.7  ngds:10,502  sols:1  bounds:2..27
    run867  dpts:14..39  robin:FrbaOnDom-Rand  effs:83,962,958  asgs:(2654,noefs=36,fails=1459)  fails:1,029,144  wrgs:1,707,917  wck:92.9  ngds:10,521  sols:1  bounds:2..27
    run868  dpts:4..14  robin:Wdeg-First  effs:84,087,742  asgs:(2374,noefs=0,fails=1532)  fails:1,030,676  wrgs:1,710,106  wck:93.1  ngds:10,544  sols:1  bounds:2..27
    run869  dpts:5..16  robin:PickOnDom-Last  effs:84,217,391  asgs:(3422,noefs=9,fails=1609)  fails:1,032,285  wrgs:1,712,941  wck:93.2  ngds:10,555  sols:1  bounds:2..27
    run870  dpts:7..19  robin:WdegOnDom-Rand  effs:84,341,293  asgs:(2969,noefs=0,fails=1690)  fails:1,033,975  wrgs:1,715,562  wck:93.4  ngds:10,581  sols:1  bounds:2..27
 ...resetting heuristics data (nValues:1,609 - nSingletons:204 - nEntailed:82)
    run871  dpts:20..141  robin:FrbaOnDom-First  effs:84,517,514  asgs:(3647,noefs=335,fails=1774)  fails:1,035,749  wrgs:1,718,685  wck:93.7  ngds:10,586  sols:1  bounds:2..27
    run872  dpts:14..23  robin:Wdeg-Last  effs:84,639,237  asgs:(3232,noefs=0,fails=1863)  fails:1,037,612  wrgs:1,721,621  wck:93.8  ngds:10,591  sols:1  bounds:2..27
    run873  dpts:13..24  robin:PickOnDom-Rand  effs:84,810,579  asgs:(3809,noefs=17,fails=1956)  fails:1,039,568  wrgs:1,724,904  wck:94.0  ngds:10,602  sols:1  bounds:2..27
    run874  dpts:13..24  robin:WdegOnDom-First  effs:84,952,039  asgs:(4006,noefs=0,fails=2054)  fails:1,041,622  wrgs:1,728,454  wck:94.2  ngds:10,618  sols:1  bounds:2..27
    run875  dpts:202..250  robin:FrbaOnDom-Last  effs:85,159,103  asgs:(4450,noefs=379,fails=2156)  fails:1,043,778  wrgs:1,732,380  wck:94.5  ngds:10,630  sols:1  bounds:2..27
    run876  dpts:3..15  robin:Wdeg-Rand  effs:85,361,025  asgs:(4065,noefs=9,fails=2264)  fails:1,046,042  wrgs:1,735,948  wck:94.7  ngds:10,635  sols:1  bounds:2..27
    run877  dpts:3..17  robin:PickOnDom-First  effs:85,492,298  asgs:(4094,noefs=36,fails=2378)  fails:1,048,420  wrgs:1,739,577  wck:94.9  ngds:10,646  sols:1  bounds:2..27
    run878  dpts:3..16  robin:WdegOnDom-Last  effs:85,688,523  asgs:(4652,noefs=9,fails=2496)  fails:1,050,916  wrgs:1,743,872  wck:95.1  ngds:10,661  sols:1  bounds:2..27
    run879  dpts:272..301  robin:FrbaOnDom-Rand  effs:85,904,629  asgs:(5247,noefs=308,fails=2621)  fails:1,053,537  wrgs:1,748,187  wck:95.5  ngds:10,674  sols:1  bounds:2..27
    run880  dpts:3..13  robin:Wdeg-First  effs:86,080,089  asgs:(4489,noefs=0,fails=2752)  fails:1,056,289  wrgs:1,752,354  wck:95.7  ngds:10,690  sols:1  bounds:2..27
    run881  dpts:2..15  robin:PickOnDom-Last  effs:86,444,223  asgs:(6055,noefs=23,fails=2890)  fails:1,059,179  wrgs:1,757,844  wck:96.1  ngds:10,711  sols:1  bounds:2..27
    run882  dpts:9..20  robin:WdegOnDom-Rand  effs:86,714,308  asgs:(5427,noefs=1,fails=3035)  fails:1,062,214  wrgs:1,762,658  wck:96.5  ngds:10,733  sols:1  bounds:2..27
    run883  dpts:12..38  robin:FrbaOnDom-First  effs:86,975,815  asgs:(6256,noefs=122,fails=3186)  fails:1,065,400  wrgs:1,768,204  wck:96.8  ngds:10,761  sols:1  bounds:2..27
    run884  dpts:3..13  robin:Wdeg-Last  effs:87,331,521  asgs:(6226,noefs=2,fails=3346)  fails:1,068,746  wrgs:1,774,020  wck:97.3  ngds:10,784  sols:1  bounds:2..27
    run885  dpts:4..18  robin:PickOnDom-Rand  effs:87,582,333  asgs:(6552,noefs=58,fails=3513)  fails:1,072,259  wrgs:1,779,789  wck:97.5  ngds:10,800  sols:1  bounds:2..27
    run886  dpts:6..18  robin:WdegOnDom-First  effs:87,888,437  asgs:(7011,noefs=0,fails=3689)  fails:1,075,948  wrgs:1,786,134  wck:97.9  ngds:10,813  sols:1  bounds:2..27
    run887  dpts:13..31  robin:FrbaOnDom-Last  effs:88,225,830  asgs:(7380,noefs=62,fails=3873)  fails:1,079,821  wrgs:1,792,883  wck:98.4  ngds:10,829  sols:1  bounds:2..27
    run888  dpts:3..15  robin:Wdeg-Rand  effs:88,587,307  asgs:(6816,noefs=1,fails=4067)  fails:1,083,888  wrgs:1,799,052  wck:98.8  ngds:10,854  sols:1  bounds:2..27
    run889  dpts:2..16  robin:PickOnDom-First  effs:88,890,050  asgs:(7841,noefs=31,fails=4270)  fails:1,088,158  wrgs:1,806,221  wck:99.1  ngds:10,875  sols:1  bounds:2..27
    run890  dpts:3..17  robin:WdegOnDom-Last  effs:89,314,730  asgs:(8568,noefs=2,fails=4484)  fails:1,092,642  wrgs:1,814,316  wck:99.6  ngds:10,889  sols:1  bounds:2..27
    run891  dpts:36..60  robin:FrbaOnDom-Rand  effs:89,705,476  asgs:(8341,noefs=36,fails=4708)  fails:1,097,350  wrgs:1,821,734  wck:100.1  ngds:10,901  sols:1  bounds:2..27
    run892  dpts:3..14  robin:Wdeg-First  effs:90,064,935  asgs:(8044,noefs=5,fails=4943)  fails:1,102,293  wrgs:1,829,203  wck:100.5  ngds:10,926  sols:1  bounds:2..27
    run893  dpts:4..16  robin:PickOnDom-Last  effs:90,434,303  asgs:(9531,noefs=41,fails=5190)  fails:1,107,483  wrgs:1,837,586  wck:100.9  ngds:10,932  sols:1  bounds:2..27
    run894  dpts:4..16  robin:WdegOnDom-Rand  effs:90,923,594  asgs:(9920,noefs=1,fails=5450)  fails:1,112,933  wrgs:1,846,423  wck:101.4  ngds:10,939  sols:1  bounds:2..27
    run895  dpts:7..26  robin:FrbaOnDom-First  effs:91,528,894  asgs:(10847,noefs=57,fails=5723)  fails:1,118,656  wrgs:1,856,124  wck:102.2  ngds:10,954  sols:1  bounds:2..27
    run896  dpts:2..14  robin:Wdeg-Last  effs:92,200,544  asgs:(11290,noefs=2,fails=6009)  fails:1,124,665  wrgs:1,866,703  wck:103.2  ngds:10,969  sols:1  bounds:2..27
    run897  dpts:3..19  robin:PickOnDom-Rand  effs:92,794,286  asgs:(12017,noefs=143,fails=6309)  fails:1,130,974  wrgs:1,877,150  wck:103.8  ngds:10,990  sols:1  bounds:2..27
    run898  dpts:7..20  robin:WdegOnDom-First  effs:93,239,128  asgs:(12033,noefs=2,fails=6625)  fails:1,137,599  wrgs:1,887,914  wck:104.3  ngds:11,022  sols:1  bounds:2..27
    run899  dpts:5..19  robin:FrbaOnDom-Last  effs:93,901,092  asgs:(13613,noefs=25,fails=6956)  fails:1,144,555  wrgs:1,900,353  wck:105.2  ngds:11,034  sols:1  bounds:2..27
    run900  dpts:2..15  robin:Wdeg-Rand  effs:94,532,636  asgs:(11881,noefs=8,fails=7304)  fails:1,151,859  wrgs:1,911,259  wck:105.9  ngds:11,047  sols:1  bounds:2..27
 ...resetting restart cutoff to 100
 ...resetting heuristics data (nValues:1,609 - nSingletons:204 - nEntailed:82)
    run901  dpts:19..28  robin:PickOnDom-First  effs:94,538,865  asgs:(228,noefs=6,fails=100)  fails:1,151,959  wrgs:1,911,430  wck:105.9  ngds:11,055  sols:1  bounds:2..27
    run902  dpts:15..23  robin:WdegOnDom-Last  effs:94,546,490  asgs:(207,noefs=0,fails=105)  fails:1,152,064  wrgs:1,911,596  wck:105.9  ngds:11,069  sols:1  bounds:2..27
    run903  dpts:18..47  robin:FrbaOnDom-Rand  effs:94,558,305  asgs:(295,noefs=47,fails=110)  fails:1,152,174  wrgs:1,911,798  wck:105.9  ngds:11,074  sols:1  bounds:2..27
    run904  dpts:19..26  robin:Wdeg-First  effs:94,564,267  asgs:(209,noefs=0,fails=115)  fails:1,152,289  wrgs:1,911,977  wck:105.9  ngds:11,083  sols:1  bounds:2..27
    run905  dpts:7..21  robin:PickOnDom-Last  effs:94,575,699  asgs:(258,noefs=3,fails=121)  fails:1,152,410  wrgs:1,912,199  wck:106.0  ngds:11,085  sols:1  bounds:2..27
    run906  dpts:6..14  robin:WdegOnDom-Rand  effs:94,585,557  asgs:(231,noefs=2,fails=127)  fails:1,152,537  wrgs:1,912,404  wck:106.0  ngds:11,094  sols:1  bounds:2..27
    run907  dpts:278..294  robin:FrbaOnDom-First  effs:94,593,612  asgs:(525,noefs=269,fails=134)  fails:1,152,671  wrgs:1,912,615  wck:106.0  ngds:11,098  sols:1  bounds:2..27
    run908  dpts:8..22  robin:Wdeg-Last  effs:94,602,673  asgs:(282,noefs=27,fails=140)  fails:1,152,811  wrgs:1,912,878  wck:106.0  ngds:11,101  sols:1  bounds:2..27
    run909  dpts:6..16  robin:PickOnDom-Rand  effs:94,616,856  asgs:(273,noefs=6,fails=147)  fails:1,152,958  wrgs:1,913,116  wck:106.0  ngds:11,104  sols:1  bounds:2..27
    run910  dpts:5..14  robin:WdegOnDom-First  effs:94,634,264  asgs:(278,noefs=1,fails=155)  fails:1,153,113  wrgs:1,913,359  wck:106.1  ngds:11,118  sols:1  bounds:2..27
    run911  dpts:174..198  robin:FrbaOnDom-Last  effs:94,653,705  asgs:(497,noefs=174,fails=162)  fails:1,153,275  wrgs:1,913,648  wck:106.1  ngds:11,127  sols:1  bounds:2..27
    run912  dpts:7..14  robin:Wdeg-Rand  effs:94,666,932  asgs:(284,noefs=0,fails=171)  fails:1,153,446  wrgs:1,913,908  wck:106.1  ngds:11,147  sols:1  bounds:2..27
    run913  dpts:5..15  robin:PickOnDom-First  effs:94,682,128  asgs:(390,noefs=3,fails=179)  fails:1,153,625  wrgs:1,914,233  wck:106.1  ngds:11,149  sols:1  bounds:2..27
    run914  dpts:11..19  robin:WdegOnDom-Last  effs:94,693,477  asgs:(351,noefs=0,fails=188)  fails:1,153,813  wrgs:1,914,536  wck:106.1  ngds:11,160  sols:1  bounds:2..27
    run915  dpts:35..45  robin:FrbaOnDom-Rand  effs:94,710,044  asgs:(416,noefs=26,fails=197)  fails:1,154,010  wrgs:1,914,853  wck:106.2  ngds:11,167  sols:1  bounds:2..27
    run916  dpts:5..12  robin:Wdeg-First  effs:94,725,069  asgs:(327,noefs=0,fails=207)  fails:1,154,217  wrgs:1,915,146  wck:106.2  ngds:11,180  sols:1  bounds:2..27
    run917  dpts:4..15  robin:PickOnDom-Last  effs:94,747,064  asgs:(443,noefs=2,fails=218)  fails:1,154,435  wrgs:1,915,528  wck:106.2  ngds:11,189  sols:1  bounds:2..27
    run918  dpts:7..17  robin:WdegOnDom-Rand  effs:94,767,134  asgs:(385,noefs=1,fails=229)  fails:1,154,664  wrgs:1,915,855  wck:106.3  ngds:11,199  sols:1  bounds:2..27
    run919  dpts:13..25  robin:FrbaOnDom-First  effs:94,789,745  asgs:(489,noefs=6,fails=240)  fails:1,154,904  wrgs:1,916,262  wck:106.3  ngds:11,212  sols:1  bounds:2..27
    run920  dpts:4..13  robin:Wdeg-Last  effs:94,809,697  asgs:(417,noefs=0,fails=252)  fails:1,155,156  wrgs:1,916,649  wck:106.3  ngds:11,230  sols:1  bounds:2..27
    run921  dpts:7..18  robin:PickOnDom-Rand  effs:94,829,980  asgs:(619,noefs=7,fails=265)  fails:1,155,421  wrgs:1,917,143  wck:106.4  ngds:11,233  sols:1  bounds:2..27
    run922  dpts:11..17  robin:WdegOnDom-First  effs:94,844,697  asgs:(535,noefs=0,fails=278)  fails:1,155,699  wrgs:1,917,628  wck:106.4  ngds:11,243  sols:1  bounds:2..27
    run923  dpts:127..285  robin:FrbaOnDom-Last  effs:94,866,457  asgs:(753,noefs=264,fails=292)  fails:1,155,991  wrgs:1,918,233  wck:106.4  ngds:11,253  sols:1  bounds:2..27
    run924  dpts:3..13  robin:Wdeg-Rand  effs:94,887,954  asgs:(491,noefs=0,fails=307)  fails:1,156,298  wrgs:1,918,682  wck:106.5  ngds:11,271  sols:1  bounds:2..27
    run925  dpts:4..15  robin:PickOnDom-First  effs:94,908,165  asgs:(667,noefs=1,fails=322)  fails:1,156,620  wrgs:1,919,263  wck:106.5  ngds:11,284  sols:1  bounds:2..27
    run926  dpts:10..18  robin:WdegOnDom-Last  effs:94,935,768  asgs:(628,noefs=0,fails=338)  fails:1,156,958  wrgs:1,919,792  wck:106.5  ngds:11,302  sols:1  bounds:2..27
    run927  dpts:153..168  robin:FrbaOnDom-Rand  effs:94,980,288  asgs:(808,noefs=161,fails=355)  fails:1,157,313  wrgs:1,920,372  wck:106.6  ngds:11,308  sols:1  bounds:2..27
    run928  dpts:2..10  robin:Wdeg-First  effs:95,023,676  asgs:(616,noefs=0,fails=373)  fails:1,157,686  wrgs:1,920,940  wck:106.7  ngds:11,320  sols:1  bounds:2..27
    run929  dpts:4..15  robin:PickOnDom-Last  effs:95,064,207  asgs:(923,noefs=4,fails=392)  fails:1,158,078  wrgs:1,921,707  wck:106.7  ngds:11,330  sols:1  bounds:2..27
    run930  dpts:5..15  robin:WdegOnDom-Rand  effs:95,103,505  asgs:(725,noefs=1,fails=411)  fails:1,158,489  wrgs:1,922,356  wck:106.8  ngds:11,344  sols:1  bounds:2..27
 ...resetting heuristics data (nValues:1,609 - nSingletons:204 - nEntailed:82)
    run931  dpts:15..166  robin:FrbaOnDom-First  effs:95,151,884  asgs:(976,noefs=183,fails=432)  fails:1,158,921  wrgs:1,923,194  wck:106.8  ngds:11,351  sols:1  bounds:2..27
    run932  dpts:15..23  robin:Wdeg-Last  effs:95,179,354  asgs:(825,noefs=1,fails=453)  fails:1,159,374  wrgs:1,923,925  wck:106.9  ngds:11,365  sols:1  bounds:2..27
    run933  dpts:15..27  robin:PickOnDom-Rand  effs:95,213,060  asgs:(933,noefs=21,fails=476)  fails:1,159,850  wrgs:1,924,721  wck:106.9  ngds:11,385  sols:1  bounds:2..27
    run934  dpts:14..26  robin:WdegOnDom-First  effs:95,251,023  asgs:(977,noefs=0,fails=500)  fails:1,160,350  wrgs:1,925,592  wck:107.0  ngds:11,395  sols:1  bounds:2..27
    run935  dpts:287..320  robin:FrbaOnDom-Last  effs:95,302,986  asgs:(1404,noefs=312,fails=525)  fails:1,160,875  wrgs:1,926,569  wck:107.1  ngds:11,404  sols:1  bounds:2..27
    run936  dpts:5..14  robin:Wdeg-Rand  effs:95,349,357  asgs:(922,noefs=2,fails=551)  fails:1,161,426  wrgs:1,927,385  wck:107.1  ngds:11,414  sols:1  bounds:2..27
    run937  dpts:2..15  robin:PickOnDom-First  effs:95,404,184  asgs:(1230,noefs=41,fails=579)  fails:1,162,005  wrgs:1,928,383  wck:107.2  ngds:11,430  sols:1  bounds:2..27
    run938  dpts:3..16  robin:WdegOnDom-Last  effs:95,472,277  asgs:(1286,noefs=1,fails=608)  fails:1,162,613  wrgs:1,929,528  wck:107.3  ngds:11,444  sols:1  bounds:2..27
    run939  dpts:22..87  robin:FrbaOnDom-Rand  effs:95,539,146  asgs:(1220,noefs=79,fails=638)  fails:1,163,251  wrgs:1,930,600  wck:107.4  ngds:11,449  sols:1  bounds:2..27
    run940  dpts:2..14  robin:Wdeg-First  effs:95,597,388  asgs:(1150,noefs=0,fails=670)  fails:1,163,921  wrgs:1,931,616  wck:107.5  ngds:11,466  sols:1  bounds:2..27
    run941  dpts:4..16  robin:PickOnDom-Last  effs:95,659,654  asgs:(1532,noefs=27,fails=703)  fails:1,164,624  wrgs:1,932,787  wck:107.6  ngds:11,474  sols:1  bounds:2..27
    run942  dpts:4..19  robin:WdegOnDom-Rand  effs:95,717,875  asgs:(1385,noefs=0,fails=739)  fails:1,165,363  wrgs:1,933,984  wck:107.6  ngds:11,489  sols:1  bounds:2..27
    run943  dpts:276..294  robin:FrbaOnDom-First  effs:95,772,881  asgs:(1739,noefs=282,fails=776)  fails:1,166,139  wrgs:1,935,300  wck:107.8  ngds:11,501  sols:1  bounds:2..27
    run944  dpts:6..15  robin:Wdeg-Last  effs:95,831,066  asgs:(1312,noefs=0,fails=814)  fails:1,166,953  wrgs:1,936,479  wck:107.8  ngds:11,511  sols:1  bounds:2..27
    run945  dpts:5..15  robin:PickOnDom-Rand  effs:95,894,684  asgs:(1846,noefs=4,fails=855)  fails:1,167,808  wrgs:1,937,980  wck:107.9  ngds:11,519  sols:1  bounds:2..27
    run946  dpts:6..18  robin:WdegOnDom-First  effs:95,970,089  asgs:(1649,noefs=0,fails=898)  fails:1,168,706  wrgs:1,939,483  wck:108.0  ngds:11,539  sols:1  bounds:2..27
    run947  dpts:27..41  robin:FrbaOnDom-Last  effs:96,043,644  asgs:(1821,noefs=17,fails=943)  fails:1,169,649  wrgs:1,941,053  wck:108.1  ngds:11,558  sols:1  bounds:2..27
    run948  dpts:3..14  robin:Wdeg-Rand  effs:96,130,201  asgs:(1572,noefs=1,fails=990)  fails:1,170,639  wrgs:1,942,482  wck:108.3  ngds:11,580  sols:1  bounds:2..27
    run949  dpts:4..16  robin:PickOnDom-First  effs:96,221,593  asgs:(2114,noefs=16,fails=1040)  fails:1,171,679  wrgs:1,944,257  wck:108.4  ngds:11,596  sols:1  bounds:2..27
    run950  dpts:5..17  robin:WdegOnDom-Last  effs:96,324,389  asgs:(2143,noefs=0,fails=1092)  fails:1,172,771  wrgs:1,946,233  wck:108.5  ngds:11,609  sols:1  bounds:2..27
    run951  dpts:24..43  robin:FrbaOnDom-Rand  effs:96,459,104  asgs:(2077,noefs=26,fails=1146)  fails:1,173,917  wrgs:1,948,056  wck:108.7  ngds:11,616  sols:1  bounds:2..27
    run952  dpts:3..13  robin:Wdeg-First  effs:96,563,072  asgs:(1865,noefs=1,fails=1204)  fails:1,175,121  wrgs:1,949,740  wck:108.9  ngds:11,637  sols:1  bounds:2..27
    run953  dpts:5..19  robin:PickOnDom-Last  effs:96,662,246  asgs:(2777,noefs=44,fails=1264)  fails:1,176,385  wrgs:1,952,011  wck:109.0  ngds:11,649  sols:1  bounds:2..27
    run954  dpts:8..19  robin:WdegOnDom-Rand  effs:96,773,613  asgs:(2562,noefs=0,fails=1327)  fails:1,177,712  wrgs:1,954,232  wck:109.1  ngds:11,661  sols:1  bounds:2..27
    run955  dpts:28..222  robin:FrbaOnDom-First  effs:96,902,105  asgs:(2693,noefs=197,fails=1393)  fails:1,179,105  wrgs:1,956,589  wck:109.3  ngds:11,680  sols:1  bounds:2..27
    run956  dpts:2..13  robin:Wdeg-Last  effs:97,059,457  asgs:(2679,noefs=0,fails=1463)  fails:1,180,568  wrgs:1,959,093  wck:109.5  ngds:11,702  sols:1  bounds:2..27
    run957  dpts:4..16  robin:PickOnDom-Rand  effs:97,217,387  asgs:(3162,noefs=6,fails=1536)  fails:1,182,104  wrgs:1,961,735  wck:109.7  ngds:11,726  sols:1  bounds:2..27
    run958  dpts:7..17  robin:WdegOnDom-First  effs:97,321,704  asgs:(2876,noefs=0,fails=1613)  fails:1,183,717  wrgs:1,964,282  wck:109.8  ngds:11,760  sols:1  bounds:2..27
    run959  dpts:8..24  robin:FrbaOnDom-Last  effs:97,461,516  asgs:(3013,noefs=5,fails=1694)  fails:1,185,411  wrgs:1,966,967  wck:110.0  ngds:11,774  sols:1  bounds:2..27
    run960  dpts:3..13  robin:Wdeg-Rand  effs:97,592,928  asgs:(2905,noefs=0,fails=1778)  fails:1,187,189  wrgs:1,969,608  wck:110.2  ngds:11,782  sols:1  bounds:2..27
 ...resetting heuristics data (nValues:1,609 - nSingletons:204 - nEntailed:82)
    run961  dpts:13..25  robin:PickOnDom-First  effs:97,719,153  asgs:(3474,noefs=11,fails=1867)  fails:1,189,056  wrgs:1,972,705  wck:110.3  ngds:11,792  sols:1  bounds:2..27
    run962  dpts:13..25  robin:WdegOnDom-Last  effs:97,850,004  asgs:(3833,noefs=0,fails=1961)  fails:1,191,017  wrgs:1,975,974  wck:110.5  ngds:11,802  sols:1  bounds:2..27
    run963  dpts:17..47  robin:FrbaOnDom-Rand  effs:98,009,059  asgs:(3934,noefs=139,fails=2059)  fails:1,193,076  wrgs:1,979,336  wck:110.7  ngds:11,819  sols:1  bounds:2..27
    run964  dpts:13..24  robin:Wdeg-First  effs:98,138,701  asgs:(3714,noefs=0,fails=2162)  fails:1,195,238  wrgs:1,982,697  wck:110.9  ngds:11,835  sols:1  bounds:2..27
    run965  dpts:4..21  robin:PickOnDom-Last  effs:98,338,825  asgs:(4535,noefs=24,fails=2270)  fails:1,197,508  wrgs:1,986,688  wck:111.1  ngds:11,843  sols:1  bounds:2..27
    run966  dpts:1..18  robin:WdegOnDom-Rand  effs:98,554,609  asgs:(4449,noefs=5,fails=2383)  fails:1,199,891  wrgs:1,990,526  wck:111.4  ngds:11,862  sols:1  bounds:2..27
    run967  dpts:285..322  robin:FrbaOnDom-First  effs:98,765,202  asgs:(5058,noefs=368,fails=2503)  fails:1,202,394  wrgs:1,994,709  wck:111.8  ngds:11,887  sols:1  bounds:2..27
    run968  dpts:3..16  robin:Wdeg-Last  effs:99,008,088  asgs:(4680,noefs=1,fails=2628)  fails:1,205,022  wrgs:1,999,260  wck:112.1  ngds:11,892  sols:1  bounds:2..27
    run969  dpts:6..19  robin:PickOnDom-Rand  effs:99,226,253  asgs:(5407,noefs=29,fails=2759)  fails:1,207,781  wrgs:2,003,913  wck:112.3  ngds:11,913  sols:1  bounds:2..27
    run970  dpts:5..19  robin:WdegOnDom-First  effs:99,442,743  asgs:(5101,noefs=1,fails=2897)  fails:1,210,678  wrgs:2,008,464  wck:112.6  ngds:11,942  sols:1  bounds:2..27
    run971  dpts:38..165  robin:FrbaOnDom-Last  effs:99,695,363  asgs:(6000,noefs=237,fails=3042)  fails:1,213,720  wrgs:2,013,737  wck:113.1  ngds:11,950  sols:1  bounds:2..27
    run972  dpts:0..12  robin:Wdeg-Rand  effs:99,967,761  asgs:(5182,noefs=0,fails=3194)  fails:1,216,914  wrgs:2,018,516  wck:113.4  ngds:11,959  sols:1  bounds:2..27
    run973  dpts:5..15  robin:PickOnDom-First  effs:100,210,093  asgs:(6072,noefs=2,fails=3354)  fails:1,220,268  wrgs:2,023,788  wck:113.7  ngds:11,979  sols:1  bounds:2..27
    run974  dpts:8..20  robin:WdegOnDom-Last  effs:100,414,278  asgs:(6688,noefs=0,fails=3522)  fails:1,223,790  wrgs:2,029,505  wck:113.9  ngds:11,991  sols:1  bounds:2..27
    run975  dpts:184..205  robin:FrbaOnDom-Rand  effs:100,768,192  asgs:(6824,noefs=194,fails=3698)  fails:1,227,488  wrgs:2,035,303  wck:114.5  ngds:11,998  sols:1  bounds:2..27
    run976  dpts:4..13  robin:Wdeg-First  effs:101,090,934  asgs:(6276,noefs=1,fails=3883)  fails:1,231,371  wrgs:2,041,192  wck:114.8  ngds:12,013  sols:1  bounds:2..27
    run977  dpts:3..17  robin:PickOnDom-Last  effs:101,495,301  asgs:(8449,noefs=13,fails=4077)  fails:1,235,448  wrgs:2,048,644  wck:115.3  ngds:12,028  sols:1  bounds:2..27
    run978  dpts:6..20  robin:WdegOnDom-Rand  effs:101,873,531  asgs:(7828,noefs=2,fails=4281)  fails:1,239,729  wrgs:2,055,564  wck:115.8  ngds:12,050  sols:1  bounds:2..27
    run979  dpts:44..74  robin:FrbaOnDom-First  effs:102,239,226  asgs:(8336,noefs=79,fails=4495)  fails:1,244,224  wrgs:2,062,874  wck:116.3  ngds:12,077  sols:1  bounds:2..27
    run980  dpts:1..14  robin:Wdeg-Last  effs:102,681,561  asgs:(8871,noefs=1,fails=4720)  fails:1,248,944  wrgs:2,071,112  wck:116.9  ngds:12,094  sols:1  bounds:2..27
 ...Discarding 2 singleton variables
    run981  dpts:3..18  robin:PickOnDom-Rand  effs:103,107,116  asgs:(9723,noefs=135,fails=4956)  fails:1,253,900  wrgs:2,079,541  wck:117.4  ngds:12,108  sols:1  bounds:2..27
    run982  dpts:1..17  robin:WdegOnDom-First  effs:103,418,421  asgs:(9581,noefs=1,fails=5203)  fails:1,259,103  wrgs:2,088,217  wck:117.7  ngds:12,142  sols:1  bounds:2..27
    run983  dpts:8..24  robin:FrbaOnDom-Last  effs:103,970,599  asgs:(10345,noefs=47,fails=5464)  fails:1,264,567  wrgs:2,097,542  wck:118.5  ngds:12,163  sols:1  bounds:2..27
    run984  dpts:2..14  robin:Wdeg-Rand  effs:104,495,661  asgs:(9366,noefs=2,fails=5737)  fails:1,270,304  wrgs:2,106,015  wck:119.1  ngds:12,175  sols:1  bounds:2..27
    run985  dpts:4..18  robin:PickOnDom-First  effs:104,904,498  asgs:(11014,noefs=48,fails=6024)  fails:1,276,328  wrgs:2,115,990  wck:119.5  ngds:12,204  sols:1  bounds:2..27
    run986  dpts:5..20  robin:WdegOnDom-Last  effs:105,554,084  asgs:(12693,noefs=5,fails=6325)  fails:1,282,653  wrgs:2,127,777  wck:120.3  ngds:12,225  sols:1  bounds:2..27
    run987  dpts:19..45  robin:FrbaOnDom-Rand  effs:106,232,246  asgs:(12447,noefs=83,fails=6641)  fails:1,289,294  wrgs:2,138,663  wck:121.3  ngds:12,242  sols:1  bounds:2..27
    run988  dpts:1..13  robin:Wdeg-First  effs:106,724,547  asgs:(11029,noefs=4,fails=6973)  fails:1,296,267  wrgs:2,148,905  wck:121.8  ngds:12,260  sols:1  bounds:2..27
    run989  dpts:2..18  robin:PickOnDom-Last  effs:107,247,614  asgs:(13991,noefs=31,fails=7322)  fails:1,303,589  wrgs:2,160,946  wck:122.4  ngds:12,273  sols:1  bounds:2..27
    run990  dpts:6..19  robin:WdegOnDom-Rand  effs:107,838,880  asgs:(14859,noefs=10,fails=7688)  fails:1,311,277  wrgs:2,173,768  wck:123.0  ngds:12,311  sols:1  bounds:2..27
 ...resetting restart cutoff to 105
 ...resetting heuristics data (nValues:1,605 - nSingletons:206 - nEntailed:82)
    run991  dpts:38..66  robin:FrbaOnDom-First  effs:107,851,684  asgs:(234,noefs=45,fails=105)  fails:1,311,382  wrgs:2,173,938  wck:123.0  ngds:12,316  sols:1  bounds:2..27
    run992  dpts:15..22  robin:Wdeg-Last  effs:107,858,438  asgs:(207,noefs=0,fails=110)  fails:1,311,492  wrgs:2,174,111  wck:123.0  ngds:12,325  sols:1  bounds:2..27
    run993  dpts:15..22  robin:PickOnDom-Rand  effs:107,866,074  asgs:(246,noefs=2,fails=115)  fails:1,311,607  wrgs:2,174,310  wck:123.1  ngds:12,336  sols:1  bounds:2..27
    run994  dpts:17..23  robin:WdegOnDom-First  effs:107,872,886  asgs:(250,noefs=0,fails=121)  fails:1,311,728  wrgs:2,174,519  wck:123.1  ngds:12,339  sols:1  bounds:2..27
    run995  dpts:68..294  robin:FrbaOnDom-Last  effs:107,885,812  asgs:(510,noefs=271,fails=127)  fails:1,311,855  wrgs:2,174,940  wck:123.1  ngds:12,345  sols:1  bounds:2..27
    run996  dpts:7..17  robin:Wdeg-Rand  effs:107,896,704  asgs:(224,noefs=0,fails=134)  fails:1,311,989  wrgs:2,175,133  wck:123.1  ngds:12,360  sols:1  bounds:2..27
    run997  dpts:2..14  robin:PickOnDom-First  effs:107,909,753  asgs:(294,noefs=1,fails=140)  fails:1,312,129  wrgs:2,175,376  wck:123.1  ngds:12,371  sols:1  bounds:2..27
    run998  dpts:7..17  robin:WdegOnDom-Last  effs:107,921,857  asgs:(296,noefs=14,fails=147)  fails:1,312,276  wrgs:2,175,644  wck:123.2  ngds:12,379  sols:1  bounds:2..27
    run999  dpts:174..195  robin:FrbaOnDom-Rand  effs:107,937,421  asgs:(478,noefs=171,fails=155)  fails:1,312,431  wrgs:2,175,909  wck:123.2  ngds:12,382  sols:1  bounds:2..27
    run1,000  dpts:5..12  robin:Wdeg-First  effs:107,948,629  asgs:(243,noefs=0,fails=162)  fails:1,312,593  wrgs:2,176,124  wck:123.2  ngds:12,396  sols:1  bounds:2..27
    run1,001  dpts:8..14  robin:PickOnDom-Last  effs:107,967,215  asgs:(342,noefs=0,fails=171)  fails:1,312,764  wrgs:2,176,424  wck:123.2  ngds:12,405  sols:1  bounds:2..27
    run1,002  dpts:13..20  robin:WdegOnDom-Rand  effs:107,979,087  asgs:(346,noefs=1,fails=179)  fails:1,312,943  wrgs:2,176,720  wck:123.2  ngds:12,413  sols:1  bounds:2..27
    run1,003  dpts:21..33  robin:FrbaOnDom-First  effs:107,994,327  asgs:(366,noefs=16,fails=188)  fails:1,313,131  wrgs:2,177,014  wck:123.3  ngds:12,425  sols:1  bounds:2..27
    run1,004  dpts:4..12  robin:Wdeg-Last  effs:108,009,631  asgs:(321,noefs=0,fails=197)  fails:1,313,328  wrgs:2,177,308  wck:123.3  ngds:12,434  sols:1  bounds:2..27
    run1,005  dpts:3..15  robin:PickOnDom-Rand  effs:108,030,240  asgs:(372,noefs=0,fails=207)  fails:1,313,535  wrgs:2,177,637  wck:123.3  ngds:12,446  sols:1  bounds:2..27
    run1,006  dpts:7..16  robin:WdegOnDom-First  effs:108,046,656  asgs:(384,noefs=0,fails=218)  fails:1,313,753  wrgs:2,177,980  wck:123.4  ngds:12,460  sols:1  bounds:2..27
    run1,007  dpts:12..44  robin:FrbaOnDom-Last  effs:108,075,355  asgs:(530,noefs=21,fails=229)  fails:1,313,982  wrgs:2,178,436  wck:123.4  ngds:12,467  sols:1  bounds:2..27
    run1,008  dpts:3..12  robin:Wdeg-Rand  effs:108,094,652  asgs:(427,noefs=0,fails=240)  fails:1,314,222  wrgs:2,178,803  wck:123.5  ngds:12,481  sols:1  bounds:2..27
    run1,009  dpts:6..18  robin:PickOnDom-First  effs:108,108,912  asgs:(450,noefs=2,fails=252)  fails:1,314,474  wrgs:2,179,188  wck:123.5  ngds:12,496  sols:1  bounds:2..27
    run1,010  dpts:9..17  robin:WdegOnDom-Last  effs:108,127,167  asgs:(472,noefs=0,fails=265)  fails:1,314,739  wrgs:2,179,615  wck:123.5  ngds:12,508  sols:1  bounds:2..27
    run1,011  dpts:330..341  robin:FrbaOnDom-Rand  effs:108,144,796  asgs:(838,noefs=319,fails=278)  fails:1,315,017  wrgs:2,180,059  wck:123.6  ngds:12,521  sols:1  bounds:2..27
    run1,012  dpts:4..12  robin:Wdeg-First  effs:108,170,186  asgs:(480,noefs=0,fails=292)  fails:1,315,309  wrgs:2,180,471  wck:123.6  ngds:12,537  sols:1  bounds:2..27
    run1,013  dpts:8..18  robin:PickOnDom-Last  effs:108,192,118  asgs:(574,noefs=1,fails=307)  fails:1,315,616  wrgs:2,180,968  wck:123.6  ngds:12,551  sols:1  bounds:2..27
    run1,014  dpts:8..16  robin:WdegOnDom-Rand  effs:108,216,461  asgs:(606,noefs=0,fails=322)  fails:1,315,938  wrgs:2,181,495  wck:123.6  ngds:12,568  sols:1  bounds:2..27
    run1,015  dpts:79..86  robin:FrbaOnDom-First  effs:108,238,859  asgs:(655,noefs=71,fails=338)  fails:1,316,276  wrgs:2,182,030  wck:123.7  ngds:12,584  sols:1  bounds:2..27
    run1,016  dpts:4..13  robin:Wdeg-Last  effs:108,267,330  asgs:(623,noefs=0,fails=355)  fails:1,316,631  wrgs:2,182,616  wck:123.7  ngds:12,588  sols:1  bounds:2..27
    run1,017  dpts:7..14  robin:PickOnDom-Rand  effs:108,291,665  asgs:(793,noefs=1,fails=373)  fails:1,317,004  wrgs:2,183,287  wck:123.8  ngds:12,597  sols:1  bounds:2..27
    run1,018  dpts:9..17  robin:WdegOnDom-First  effs:108,312,219  asgs:(747,noefs=0,fails=392)  fails:1,317,396  wrgs:2,183,969  wck:123.8  ngds:12,610  sols:1  bounds:2..27
    run1,019  dpts:13..30  robin:FrbaOnDom-Last  effs:108,345,250  asgs:(783,noefs=10,fails=411)  fails:1,317,807  wrgs:2,184,654  wck:123.8  ngds:12,623  sols:1  bounds:2..27
    run1,020  dpts:3..13  robin:Wdeg-Rand  effs:108,382,650  asgs:(685,noefs=0,fails=432)  fails:1,318,239  wrgs:2,185,286  wck:123.9  ngds:12,633  sols:1  bounds:2..27
 ...resetting heuristics data (nValues:1,605 - nSingletons:206 - nEntailed:82)
    run1,021  dpts:14..27  robin:PickOnDom-First  effs:108,409,964  asgs:(887,noefs=14,fails=453)  fails:1,318,692  wrgs:2,186,053  wck:123.9  ngds:12,640  sols:1  bounds:2..27
    run1,022  dpts:14..23  robin:WdegOnDom-Last  effs:108,445,609  asgs:(957,noefs=0,fails=476)  fails:1,319,168  wrgs:2,186,863  wck:124.0  ngds:12,643  sols:1  bounds:2..27
    run1,023  dpts:10..41  robin:FrbaOnDom-Rand  effs:108,491,232  asgs:(1098,noefs=56,fails=500)  fails:1,319,668  wrgs:2,187,748  wck:124.0  ngds:12,649  sols:1  bounds:2..27
    run1,024  dpts:16..24  robin:Wdeg-First  effs:108,521,707  asgs:(936,noefs=0,fails=525)  fails:1,320,193  wrgs:2,188,593  wck:124.1  ngds:12,653  sols:1  bounds:2..27
    run1,025  dpts:4..18  robin:PickOnDom-Last  effs:108,568,809  asgs:(1139,noefs=6,fails=551)  fails:1,320,744  wrgs:2,189,583  wck:124.1  ngds:12,657  sols:1  bounds:2..27
    run1,026  dpts:3..20  robin:WdegOnDom-Rand  effs:108,624,194  asgs:(1107,noefs=4,fails=579)  fails:1,321,323  wrgs:2,190,535  wck:124.2  ngds:12,664  sols:1  bounds:2..27
    run1,027  dpts:366..401  robin:FrbaOnDom-First  effs:108,662,427  asgs:(1569,noefs=411,fails=608)  fails:1,321,931  wrgs:2,191,554  wck:124.3  ngds:12,672  sols:1  bounds:2..27
    run1,028  dpts:6..14  robin:Wdeg-Last  effs:108,724,742  asgs:(1176,noefs=1,fails=638)  fails:1,322,569  wrgs:2,192,668  wck:124.4  ngds:12,688  sols:1  bounds:2..27
    run1,029  dpts:4..17  robin:PickOnDom-Rand  effs:108,764,603  asgs:(1359,noefs=2,fails=670)  fails:1,323,239  wrgs:2,193,844  wck:124.4  ngds:12,700  sols:1  bounds:2..27
    run1,030  dpts:8..21  robin:WdegOnDom-First  effs:108,808,012  asgs:(1312,noefs=1,fails=703)  fails:1,323,942  wrgs:2,195,018  wck:124.5  ngds:12,714  sols:1  bounds:2..27
    run1,031  dpts:44..85  robin:FrbaOnDom-Last  effs:108,895,810  asgs:(1585,noefs=81,fails=739)  fails:1,324,681  wrgs:2,196,378  wck:124.7  ngds:12,719  sols:1  bounds:2..27
    run1,032  dpts:3..13  robin:Wdeg-Rand  effs:108,968,820  asgs:(1312,noefs=1,fails=776)  fails:1,325,457  wrgs:2,197,579  wck:124.8  ngds:12,741  sols:1  bounds:2..27
    run1,033  dpts:5..13  robin:PickOnDom-First  effs:109,024,846  asgs:(1472,noefs=0,fails=814)  fails:1,326,271  wrgs:2,198,908  wck:124.8  ngds:12,762  sols:1  bounds:2..27
    run1,034  dpts:7..17  robin:WdegOnDom-Last  effs:109,097,353  asgs:(1561,noefs=0,fails=855)  fails:1,327,126  wrgs:2,200,291  wck:125.0  ngds:12,781  sols:1  bounds:2..27
    run1,035  dpts:249..333  robin:FrbaOnDom-Rand  effs:109,158,538  asgs:(1868,noefs=329,fails=898)  fails:1,328,024  wrgs:2,201,771  wck:125.1  ngds:12,787  sols:1  bounds:2..27
    run1,036  dpts:3..12  robin:Wdeg-First  effs:109,228,967  asgs:(1449,noefs=1,fails=943)  fails:1,328,967  wrgs:2,203,127  wck:125.2  ngds:12,808  sols:1  bounds:2..27
    run1,037  dpts:4..14  robin:PickOnDom-Last  effs:109,320,416  asgs:(1938,noefs=7,fails=990)  fails:1,329,957  wrgs:2,204,845  wck:125.3  ngds:12,819  sols:1  bounds:2..27
    run1,038  dpts:8..20  robin:WdegOnDom-Rand  effs:109,415,939  asgs:(1878,noefs=0,fails=1040)  fails:1,330,997  wrgs:2,206,480  wck:125.4  ngds:12,826  sols:1  bounds:2..27
    run1,039  dpts:40..55  robin:FrbaOnDom-First  effs:109,550,961  asgs:(2146,noefs=49,fails=1092)  fails:1,332,089  wrgs:2,208,303  wck:125.7  ngds:12,840  sols:1  bounds:2..27
    run1,040  dpts:3..13  robin:Wdeg-Last  effs:109,618,479  asgs:(2018,noefs=0,fails=1146)  fails:1,333,235  wrgs:2,210,107  wck:125.8  ngds:12,851  sols:1  bounds:2..27
    run1,041  dpts:4..19  robin:PickOnDom-Rand  effs:109,717,770  asgs:(2315,noefs=15,fails=1204)  fails:1,334,439  wrgs:2,212,154  wck:125.9  ngds:12,857  sols:1  bounds:2..27
    run1,042  dpts:9..18  robin:WdegOnDom-First  effs:109,807,626  asgs:(2367,noefs=2,fails=1264)  fails:1,335,703  wrgs:2,214,330  wck:126.0  ngds:12,880  sols:1  bounds:2..27
    run1,043  dpts:11..25  robin:FrbaOnDom-Last  effs:109,941,411  asgs:(2552,noefs=7,fails=1327)  fails:1,337,030  wrgs:2,216,576  wck:126.3  ngds:12,890  sols:1  bounds:2..27
    run1,044  dpts:4..13  robin:Wdeg-Rand  effs:110,070,115  asgs:(2467,noefs=0,fails=1393)  fails:1,338,423  wrgs:2,218,731  wck:126.4  ngds:12,909  sols:1  bounds:2..27
    run1,045  dpts:5..16  robin:PickOnDom-First  effs:110,161,480  asgs:(2742,noefs=24,fails=1463)  fails:1,339,886  wrgs:2,221,233  wck:126.5  ngds:12,919  sols:1  bounds:2..27
    run1,046  dpts:8..19  robin:WdegOnDom-Last  effs:110,257,152  asgs:(2722,noefs=0,fails=1536)  fails:1,341,422  wrgs:2,223,656  wck:126.7  ngds:12,932  sols:1  bounds:2..27
    run1,047  dpts:30..49  robin:FrbaOnDom-Rand  effs:110,428,108  asgs:(2926,noefs=39,fails=1613)  fails:1,343,035  wrgs:2,226,221  wck:126.9  ngds:12,941  sols:1  bounds:2..27
    run1,048  dpts:2..13  robin:Wdeg-First  effs:110,558,214  asgs:(2815,noefs=0,fails=1694)  fails:1,344,729  wrgs:2,228,709  wck:127.0  ngds:12,959  sols:1  bounds:2..27
    run1,049  dpts:6..20  robin:PickOnDom-Last  effs:110,708,956  asgs:(3484,noefs=24,fails=1778)  fails:1,346,507  wrgs:2,231,763  wck:127.2  ngds:12,976  sols:1  bounds:2..27
    run1,050  dpts:3..16  robin:WdegOnDom-Rand  effs:110,919,409  asgs:(3408,noefs=1,fails=1867)  fails:1,348,374  wrgs:2,234,784  wck:127.5  ngds:12,998  sols:1  bounds:2..27
 ...resetting heuristics data (nValues:1,605 - nSingletons:206 - nEntailed:82)
    run1,051  dpts:6..80  robin:FrbaOnDom-First  effs:111,126,447  asgs:(3928,noefs=299,fails=1961)  fails:1,350,335  wrgs:2,238,253  wck:127.8  ngds:13,003  sols:1  bounds:2..27
    run1,052  dpts:13..22  robin:Wdeg-Last  effs:111,251,727  asgs:(3620,noefs=2,fails=2059)  fails:1,352,394  wrgs:2,241,518  wck:127.9  ngds:13,028  sols:1  bounds:2..27
    run1,053  dpts:12..24  robin:PickOnDom-Rand  effs:111,392,255  asgs:(4673,noefs=37,fails=2162)  fails:1,354,556  wrgs:2,245,359  wck:128.1  ngds:13,046  sols:1  bounds:2..27
    run1,054  dpts:14..27  robin:WdegOnDom-First  effs:111,571,154  asgs:(4283,noefs=2,fails=2270)  fails:1,356,826  wrgs:2,249,121  wck:128.4  ngds:13,076  sols:1  bounds:2..27
    run1,055  dpts:172..272  robin:FrbaOnDom-Last  effs:111,788,193  asgs:(5000,noefs=395,fails=2383)  fails:1,359,209  wrgs:2,253,526  wck:128.7  ngds:13,096  sols:1  bounds:2..27
    run1,056  dpts:2..19  robin:Wdeg-Rand  effs:111,996,387  asgs:(4298,noefs=45,fails=2503)  fails:1,361,712  wrgs:2,257,376  wck:129.0  ngds:13,106  sols:1  bounds:2..27
    run1,057  dpts:2..15  robin:PickOnDom-First  effs:112,190,538  asgs:(5822,noefs=38,fails=2628)  fails:1,364,340  wrgs:2,262,283  wck:129.2  ngds:13,116  sols:1  bounds:2..27
    run1,058  dpts:4..19  robin:WdegOnDom-Last  effs:112,469,603  asgs:(5537,noefs=9,fails=2759)  fails:1,367,099  wrgs:2,267,400  wck:129.6  ngds:13,137  sols:1  bounds:2..27
    run1,059  dpts:194..210  robin:FrbaOnDom-Rand  effs:112,745,997  asgs:(5604,noefs=208,fails=2897)  fails:1,369,996  wrgs:2,272,105  wck:130.0  ngds:13,156  sols:1  bounds:2..27
    run1,060  dpts:1..13  robin:Wdeg-First  effs:112,977,414  asgs:(5118,noefs=1,fails=3042)  fails:1,373,038  wrgs:2,276,690  wck:130.3  ngds:13,177  sols:1  bounds:2..27
    run1,061  dpts:6..16  robin:PickOnDom-Last  effs:113,258,135  asgs:(6711,noefs=6,fails=3194)  fails:1,376,232  wrgs:2,282,186  wck:130.6  ngds:13,197  sols:1  bounds:2..27
    run1,062  dpts:5..18  robin:WdegOnDom-Rand  effs:113,552,074  asgs:(6136,noefs=0,fails=3354)  fails:1,379,586  wrgs:2,287,579  wck:131.0  ngds:13,216  sols:1  bounds:2..27
    run1,063  dpts:20..35  robin:FrbaOnDom-First  effs:113,928,810  asgs:(6698,noefs=25,fails=3522)  fails:1,383,108  wrgs:2,293,451  wck:131.5  ngds:13,232  sols:1  bounds:2..27
    run1,064  dpts:2..14  robin:Wdeg-Last  effs:114,336,330  asgs:(7348,noefs=0,fails=3698)  fails:1,386,806  wrgs:2,300,265  wck:132.0  ngds:13,246  sols:1  bounds:2..27
    run1,065  dpts:3..16  robin:PickOnDom-Rand  effs:114,667,543  asgs:(8658,noefs=0,fails=3883)  fails:1,390,689  wrgs:2,307,378  wck:132.4  ngds:13,262  sols:1  bounds:2..27
    run1,066  dpts:4..18  robin:WdegOnDom-First  effs:114,918,857  asgs:(7464,noefs=0,fails=4077)  fails:1,394,766  wrgs:2,313,930  wck:132.7  ngds:13,285  sols:1  bounds:2..27
    run1,067  dpts:9..27  robin:FrbaOnDom-Last  effs:115,265,973  asgs:(8032,noefs=58,fails=4281)  fails:1,399,047  wrgs:2,321,114  wck:133.2  ngds:13,299  sols:1  bounds:2..27
    run1,068  dpts:3..14  robin:Wdeg-Rand  effs:115,693,377  asgs:(7139,noefs=0,fails=4495)  fails:1,403,542  wrgs:2,327,683  wck:133.7  ngds:13,323  sols:1  bounds:2..27
    run1,069  dpts:4..15  robin:PickOnDom-First  effs:116,117,450  asgs:(10775,noefs=2,fails=4720)  fails:1,408,262  wrgs:2,336,822  wck:134.2  ngds:13,340  sols:1  bounds:2..27
    run1,070  dpts:6..18  robin:WdegOnDom-Last  effs:116,434,935  asgs:(8914,noefs=0,fails=4956)  fails:1,413,218  wrgs:2,344,801  wck:134.6  ngds:13,371  sols:1  bounds:2..27
    run1,071  dpts:8..37  robin:FrbaOnDom-Rand  effs:116,948,788  asgs:(10032,noefs=63,fails=5203)  fails:1,418,421  wrgs:2,353,457  wck:135.4  ngds:13,382  sols:1  bounds:2..27
    run1,072  dpts:3..13  robin:Wdeg-First  effs:117,348,884  asgs:(8932,noefs=4,fails=5464)  fails:1,423,885  wrgs:2,361,592  wck:135.9  ngds:13,410  sols:1  bounds:2..27
    run1,073  dpts:2..16  robin:PickOnDom-Last  effs:117,862,992  asgs:(13036,noefs=29,fails=5737)  fails:1,429,622  wrgs:2,372,603  wck:136.5  ngds:13,425  sols:1  bounds:2..27
    run1,074  dpts:2..17  robin:WdegOnDom-Rand  effs:118,475,446  asgs:(11239,noefs=4,fails=6024)  fails:1,435,646  wrgs:2,382,418  wck:137.2  ngds:13,441  sols:1  bounds:2..27
    run1,075  dpts:9..41  robin:FrbaOnDom-First  effs:118,957,227  asgs:(11537,noefs=37,fails=6325)  fails:1,441,971  wrgs:2,392,806  wck:137.8  ngds:13,461  sols:1  bounds:2..27
    run1,076  dpts:3..13  robin:Wdeg-Last  effs:119,528,901  asgs:(11069,noefs=0,fails=6641)  fails:1,448,612  wrgs:2,403,253  wck:138.5  ngds:13,500  sols:1  bounds:2..27
    run1,077  dpts:4..16  robin:PickOnDom-Rand  effs:120,155,371  asgs:(13170,noefs=26,fails=6973)  fails:1,455,585  wrgs:2,414,711  wck:139.1  ngds:13,511  sols:1  bounds:2..27
    run1,078  dpts:7..19  robin:WdegOnDom-First  effs:120,716,406  asgs:(13725,noefs=3,fails=7322)  fails:1,462,907  wrgs:2,426,839  wck:139.8  ngds:13,559  sols:1  bounds:2..27
    run1,079  dpts:14..33  robin:FrbaOnDom-Last  effs:121,197,223  asgs:(12810,noefs=278,fails=7688)  fails:1,470,595  wrgs:2,438,538  wck:140.5  ngds:13,584  sols:1  bounds:2..27
    run1,080  dpts:2..13  robin:Wdeg-Rand  effs:121,945,056  asgs:(13835,noefs=1,fails=8073)  fails:1,478,668  wrgs:2,450,944  wck:141.3  ngds:13,602  sols:1  bounds:2..27
 ...resetting restart cutoff to 110
 ...resetting heuristics data (nValues:1,605 - nSingletons:206 - nEntailed:82)
    run1,081  dpts:16..26  robin:PickOnDom-First  effs:121,952,890  asgs:(222,noefs=1,fails=110)  fails:1,478,778  wrgs:2,451,132  wck:141.3  ngds:13,609  sols:1  bounds:2..27
    run1,082  dpts:12..23  robin:WdegOnDom-Last  effs:121,958,792  asgs:(217,noefs=0,fails=115)  fails:1,478,893  wrgs:2,451,319  wck:141.3  ngds:13,622  sols:1  bounds:2..27
    run1,083  dpts:21..53  robin:FrbaOnDom-Rand  effs:121,971,971  asgs:(326,noefs=56,fails=121)  fails:1,479,014  wrgs:2,451,571  wck:141.4  ngds:13,627  sols:1  bounds:2..27
    run1,084  dpts:14..26  robin:Wdeg-First  effs:121,979,717  asgs:(232,noefs=0,fails=127)  fails:1,479,141  wrgs:2,451,776  wck:141.4  ngds:13,636  sols:1  bounds:2..27
    run1,085  dpts:7..16  robin:PickOnDom-Last  effs:121,992,623  asgs:(285,noefs=1,fails=133)  fails:1,479,274  wrgs:2,452,016  wck:141.4  ngds:13,638  sols:1  bounds:2..27
    run1,086  dpts:3..19  robin:WdegOnDom-Rand  effs:122,005,764  asgs:(277,noefs=3,fails=140)  fails:1,479,414  wrgs:2,452,251  wck:141.4  ngds:13,651  sols:1  bounds:2..27
    run1,087  dpts:292..305  robin:FrbaOnDom-First  effs:122,014,248  asgs:(583,noefs=285,fails=147)  fails:1,479,561  wrgs:2,452,489  wck:141.4  ngds:13,665  sols:1  bounds:2..27
    run1,088  dpts:3..16  robin:Wdeg-Last  effs:122,026,411  asgs:(267,noefs=4,fails=154)  fails:1,479,715  wrgs:2,452,739  wck:141.5  ngds:13,679  sols:1  bounds:2..27
    run1,089  dpts:5..18  robin:PickOnDom-Rand  effs:122,042,515  asgs:(320,noefs=5,fails=162)  fails:1,479,877  wrgs:2,453,003  wck:141.5  ngds:13,686  sols:1  bounds:2..27
    run1,090  dpts:4..13  robin:WdegOnDom-First  effs:122,053,879  asgs:(328,noefs=0,fails=170)  fails:1,480,047  wrgs:2,453,291  wck:141.5  ngds:13,699  sols:1  bounds:2..27
    run1,091  dpts:129..144  robin:FrbaOnDom-Last  effs:122,066,676  asgs:(471,noefs=125,fails=179)  fails:1,480,226  wrgs:2,453,604  wck:141.5  ngds:13,704  sols:1  bounds:2..27
    run1,092  dpts:3..11  robin:Wdeg-Rand  effs:122,079,926  asgs:(296,noefs=0,fails=188)  fails:1,480,414  wrgs:2,453,871  wck:141.5  ngds:13,715  sols:1  bounds:2..27
    run1,093  dpts:4..13  robin:PickOnDom-First  effs:122,098,994  asgs:(442,noefs=1,fails=197)  fails:1,480,611  wrgs:2,454,232  wck:141.6  ngds:13,728  sols:1  bounds:2..27
    run1,094  dpts:5..13  robin:WdegOnDom-Last  effs:122,120,103  asgs:(413,noefs=0,fails=207)  fails:1,480,818  wrgs:2,454,599  wck:141.6  ngds:13,741  sols:1  bounds:2..27
    run1,095  dpts:18..40  robin:FrbaOnDom-Rand  effs:122,144,029  asgs:(433,noefs=24,fails=217)  fails:1,481,035  wrgs:2,454,964  wck:141.7  ngds:13,752  sols:1  bounds:2..27
    run1,096  dpts:2..14  robin:Wdeg-First  effs:122,160,926  asgs:(359,noefs=0,fails=228)  fails:1,481,263  wrgs:2,455,286  wck:141.7  ngds:13,760  sols:1  bounds:2..27
    run1,097  dpts:5..15  robin:PickOnDom-Last  effs:122,183,955  asgs:(499,noefs=2,fails=240)  fails:1,481,503  wrgs:2,455,714  wck:141.7  ngds:13,770  sols:1  bounds:2..27
    run1,098  dpts:8..18  robin:WdegOnDom-Rand  effs:122,207,324  asgs:(496,noefs=3,fails=252)  fails:1,481,755  wrgs:2,456,130  wck:141.7  ngds:13,780  sols:1  bounds:2..27
    run1,099  dpts:29..45  robin:FrbaOnDom-First  effs:122,238,219  asgs:(537,noefs=22,fails=264)  fails:1,482,019  wrgs:2,456,584  wck:141.8  ngds:13,795  sols:1  bounds:2..27
    run1,100  dpts:3..12  robin:Wdeg-Last  effs:122,262,186  asgs:(490,noefs=0,fails=277)  fails:1,482,296  wrgs:2,457,043  wck:141.8  ngds:13,801  sols:1  bounds:2..27
    run1,101  dpts:4..15  robin:PickOnDom-Rand  effs:122,293,879  asgs:(544,noefs=6,fails=291)  fails:1,482,587  wrgs:2,457,509  wck:141.9  ngds:13,808  sols:1  bounds:2..27
    run1,102  dpts:3..17  robin:WdegOnDom-First  effs:122,314,840  asgs:(581,noefs=0,fails=306)  fails:1,482,893  wrgs:2,458,019  wck:141.9  ngds:13,824  sols:1  bounds:2..27
    run1,103  dpts:327..343  robin:FrbaOnDom-Last  effs:122,331,952  asgs:(954,noefs=313,fails=321)  fails:1,483,214  wrgs:2,458,568  wck:142.0  ngds:13,846  sols:1  bounds:2..27
    run1,104  dpts:4..13  robin:Wdeg-Rand  effs:122,359,421  asgs:(597,noefs=0,fails=337)  fails:1,483,551  wrgs:2,459,091  wck:142.0  ngds:13,863  sols:1  bounds:2..27
    run1,105  dpts:3..15  robin:PickOnDom-First  effs:122,389,637  asgs:(738,noefs=18,fails=354)  fails:1,483,905  wrgs:2,459,713  wck:142.0  ngds:13,871  sols:1  bounds:2..27
    run1,106  dpts:5..14  robin:WdegOnDom-Last  effs:122,419,746  asgs:(685,noefs=0,fails=372)  fails:1,484,277  wrgs:2,460,357  wck:142.1  ngds:13,885  sols:1  bounds:2..27
    run1,107  dpts:61..73  robin:FrbaOnDom-Rand  effs:122,448,049  asgs:(783,noefs=52,fails=391)  fails:1,484,668  wrgs:2,460,975  wck:142.1  ngds:13,896  sols:1  bounds:2..27
    run1,108  dpts:3..12  robin:Wdeg-First  effs:122,475,444  asgs:(648,noefs=0,fails=410)  fails:1,485,078  wrgs:2,461,566  wck:142.2  ngds:13,906  sols:1  bounds:2..27
    run1,109  dpts:7..15  robin:PickOnDom-Last  effs:122,505,360  asgs:(959,noefs=12,fails=431)  fails:1,485,509  wrgs:2,462,347  wck:142.2  ngds:13,915  sols:1  bounds:2..27
    run1,110  dpts:9..18  robin:WdegOnDom-Rand  effs:122,551,734  asgs:(788,noefs=0,fails=452)  fails:1,485,961  wrgs:2,463,037  wck:142.3  ngds:13,923  sols:1  bounds:2..27
 ...resetting heuristics data (nValues:1,605 - nSingletons:206 - nEntailed:82)
    run1,111  dpts:19..38  robin:FrbaOnDom-First  effs:122,589,206  asgs:(909,noefs=27,fails=475)  fails:1,486,436  wrgs:2,463,807  wck:142.4  ngds:13,930  sols:1  bounds:2..27
    run1,112  dpts:12..22  robin:Wdeg-Last  effs:122,616,427  asgs:(937,noefs=1,fails=499)  fails:1,486,935  wrgs:2,464,635  wck:142.4  ngds:13,943  sols:1  bounds:2..27
    run1,113  dpts:12..23  robin:PickOnDom-Rand  effs:122,656,687  asgs:(1075,noefs=15,fails=524)  fails:1,487,459  wrgs:2,465,537  wck:142.5  ngds:13,951  sols:1  bounds:2..27
    run1,114  dpts:13..24  robin:WdegOnDom-First  effs:122,699,423  asgs:(1093,noefs=0,fails=550)  fails:1,488,009  wrgs:2,466,479  wck:142.5  ngds:13,964  sols:1  bounds:2..27
    run1,115  dpts:31..103  robin:FrbaOnDom-Last  effs:122,767,489  asgs:(1272,noefs=216,fails=577)  fails:1,488,586  wrgs:2,467,620  wck:142.6  ngds:13,976  sols:1  bounds:2..27
    run1,116  dpts:4..14  robin:Wdeg-Rand  effs:122,818,654  asgs:(1066,noefs=2,fails=606)  fails:1,489,192  wrgs:2,468,559  wck:142.7  ngds:13,987  sols:1  bounds:2..27
    run1,117  dpts:2..15  robin:PickOnDom-First  effs:122,870,435  asgs:(1184,noefs=10,fails=637)  fails:1,489,829  wrgs:2,469,596  wck:142.8  ngds:13,994  sols:1  bounds:2..27
    run1,118  dpts:5..18  robin:WdegOnDom-Last  effs:122,936,408  asgs:(1387,noefs=5,fails=668)  fails:1,490,497  wrgs:2,470,794  wck:142.9  ngds:14,012  sols:1  bounds:2..27
    run1,119  dpts:222..239  robin:FrbaOnDom-Rand  effs:123,016,544  asgs:(1456,noefs=234,fails=702)  fails:1,491,199  wrgs:2,471,883  wck:143.0  ngds:14,022  sols:1  bounds:2..27
    run1,120  dpts:2..12  robin:Wdeg-First  effs:123,068,782  asgs:(1258,noefs=2,fails=737)  fails:1,491,936  wrgs:2,473,020  wck:143.1  ngds:14,024  sols:1  bounds:2..27
    run1,121  dpts:5..17  robin:PickOnDom-Last  effs:123,117,527  asgs:(1301,noefs=0,fails=774)  fails:1,492,710  wrgs:2,474,207  wck:143.1  ngds:14,032  sols:1  bounds:2..27
    run1,122  dpts:3..16  robin:WdegOnDom-Rand  effs:123,182,203  asgs:(1361,noefs=0,fails=813)  fails:1,493,523  wrgs:2,475,420  wck:143.2  ngds:14,052  sols:1  bounds:2..27
    run1,123  dpts:11..150  robin:FrbaOnDom-First  effs:123,265,145  asgs:(1880,noefs=218,fails=853)  fails:1,494,376  wrgs:2,477,036  wck:143.4  ngds:14,060  sols:1  bounds:2..27
    run1,124  dpts:2..14  robin:Wdeg-Last  effs:123,339,305  asgs:(1498,noefs=0,fails=896)  fails:1,495,272  wrgs:2,478,417  wck:143.5  ngds:14,079  sols:1  bounds:2..27
    run1,125  dpts:5..17  robin:PickOnDom-Rand  effs:123,423,766  asgs:(1736,noefs=7,fails=941)  fails:1,496,213  wrgs:2,479,944  wck:143.6  ngds:14,090  sols:1  bounds:2..27
    run1,126  dpts:5..17  robin:WdegOnDom-First  effs:123,486,398  asgs:(1781,noefs=1,fails=988)  fails:1,497,201  wrgs:2,481,469  wck:143.6  ngds:14,105  sols:1  bounds:2..27
    run1,127  dpts:8..60  robin:FrbaOnDom-Last  effs:123,579,982  asgs:(1930,noefs=47,fails=1037)  fails:1,498,238  wrgs:2,483,155  wck:143.8  ngds:14,109  sols:1  bounds:2..27
    run1,128  dpts:3..12  robin:Wdeg-Rand  effs:123,673,615  asgs:(1792,noefs=2,fails=1089)  fails:1,499,327  wrgs:2,484,807  wck:143.9  ngds:14,130  sols:1  bounds:2..27
    run1,129  dpts:4..17  robin:PickOnDom-First  effs:123,763,112  asgs:(2087,noefs=36,fails=1144)  fails:1,500,471  wrgs:2,486,676  wck:144.1  ngds:14,150  sols:1  bounds:2..27
    run1,130  dpts:8..19  robin:WdegOnDom-Last  effs:123,831,832  asgs:(2110,noefs=0,fails=1201)  fails:1,501,672  wrgs:2,488,540  wck:144.1  ngds:14,173  sols:1  bounds:2..27
    run1,131  dpts:119..133  robin:FrbaOnDom-Rand  effs:123,961,769  asgs:(2456,noefs=119,fails=1261)  fails:1,502,933  wrgs:2,490,552  wck:144.3  ngds:14,183  sols:1  bounds:2..27
    run1,132  dpts:3..12  robin:Wdeg-First  effs:124,059,515  asgs:(2234,noefs=0,fails=1324)  fails:1,504,257  wrgs:2,492,593  wck:144.5  ngds:14,198  sols:1  bounds:2..27
    run1,133  dpts:4..18  robin:PickOnDom-Last  effs:124,180,356  asgs:(2593,noefs=26,fails=1390)  fails:1,505,647  wrgs:2,494,969  wck:144.7  ngds:14,209  sols:1  bounds:2..27
    run1,134  dpts:6..16  robin:WdegOnDom-Rand  effs:124,308,024  asgs:(2616,noefs=1,fails=1460)  fails:1,507,107  wrgs:2,497,253  wck:144.8  ngds:14,226  sols:1  bounds:2..27
    run1,135  dpts:3..17  robin:FrbaOnDom-First  effs:124,432,116  asgs:(2772,noefs=26,fails=1533)  fails:1,508,640  wrgs:2,499,693  wck:145.0  ngds:14,237  sols:1  bounds:2..27
    run1,136  dpts:3..11  robin:Wdeg-Last  effs:124,560,918  asgs:(2815,noefs=0,fails=1609)  fails:1,510,249  wrgs:2,502,278  wck:145.2  ngds:14,253  sols:1  bounds:2..27
    run1,137  dpts:7..19  robin:PickOnDom-Rand  effs:124,714,216  asgs:(3138,noefs=4,fails=1690)  fails:1,511,939  wrgs:2,505,015  wck:145.4  ngds:14,283  sols:1  bounds:2..27
    run1,138  dpts:2..13  robin:WdegOnDom-First  effs:124,832,019  asgs:(3137,noefs=0,fails=1774)  fails:1,513,713  wrgs:2,507,822  wck:145.5  ngds:14,309  sols:1  bounds:2..27
    run1,139  dpts:47..62  robin:FrbaOnDom-Last  effs:125,004,042  asgs:(3647,noefs=77,fails=1863)  fails:1,515,576  wrgs:2,511,022  wck:145.8  ngds:14,326  sols:1  bounds:2..27
    run1,140  dpts:3..13  robin:Wdeg-Rand  effs:125,160,505  asgs:(3299,noefs=0,fails=1956)  fails:1,517,532  wrgs:2,513,980  wck:146.0  ngds:14,341  sols:1  bounds:2..27
 ...resetting heuristics data (nValues:1,605 - nSingletons:206 - nEntailed:82)
    run1,141  dpts:14..28  robin:PickOnDom-First  effs:125,298,235  asgs:(4113,noefs=50,fails=2054)  fails:1,519,586  wrgs:2,517,407  wck:146.2  ngds:14,356  sols:1  bounds:2..27
    run1,142  dpts:12..25  robin:WdegOnDom-Last  effs:125,420,892  asgs:(4032,noefs=0,fails=2157)  fails:1,521,743  wrgs:2,520,970  wck:146.4  ngds:14,377  sols:1  bounds:2..27
    run1,143  dpts:13..51  robin:FrbaOnDom-Rand  effs:125,630,143  asgs:(4477,noefs=128,fails=2265)  fails:1,524,008  wrgs:2,524,813  wck:146.7  ngds:14,401  sols:1  bounds:2..27
    run1,144  dpts:13..24  robin:Wdeg-First  effs:125,787,757  asgs:(4003,noefs=1,fails=2378)  fails:1,526,386  wrgs:2,528,452  wck:146.9  ngds:14,426  sols:1  bounds:2..27
    run1,145  dpts:4..21  robin:PickOnDom-Last  effs:126,017,779  asgs:(5770,noefs=16,fails=2497)  fails:1,528,883  wrgs:2,533,489  wck:147.2  ngds:14,433  sols:1  bounds:2..27
    run1,146  dpts:2..20  robin:WdegOnDom-Rand  effs:126,262,232  asgs:(4929,noefs=31,fails=2622)  fails:1,531,505  wrgs:2,537,806  wck:147.5  ngds:14,450  sols:1  bounds:2..27
    run1,147  dpts:281..321  robin:FrbaOnDom-First  effs:126,476,194  asgs:(5416,noefs=342,fails=2753)  fails:1,534,258  wrgs:2,542,371  wck:147.9  ngds:14,463  sols:1  bounds:2..27
    run1,148  dpts:3..15  robin:Wdeg-Last  effs:126,713,458  asgs:(4997,noefs=7,fails=2891)  fails:1,537,149  wrgs:2,547,131  wck:148.3  ngds:14,473  sols:1  bounds:2..27
    run1,149  dpts:5..20  robin:PickOnDom-Rand  effs:126,940,971  asgs:(6747,noefs=35,fails=3035)  fails:1,540,184  wrgs:2,552,650  wck:148.6  ngds:14,491  sols:1  bounds:2..27
    run1,150  dpts:4..19  robin:WdegOnDom-First  effs:127,161,608  asgs:(5979,noefs=0,fails=3187)  fails:1,543,371  wrgs:2,557,918  wck:148.8  ngds:14,509  sols:1  bounds:2..27
    run1,151  dpts:33..168  robin:FrbaOnDom-Last  effs:127,513,224  asgs:(6893,noefs=409,fails=3346)  fails:1,546,717  wrgs:2,564,156  wck:149.4  ngds:14,520  sols:1  bounds:2..27
    run1,152  dpts:3..13  robin:Wdeg-Rand  effs:127,845,328  asgs:(6056,noefs=3,fails=3514)  fails:1,550,231  wrgs:2,569,636  wck:149.8  ngds:14,538  sols:1  bounds:2..27
    run1,153  dpts:2..16  robin:PickOnDom-First  effs:128,160,373  asgs:(7810,noefs=42,fails=3689)  fails:1,553,920  wrgs:2,576,148  wck:150.2  ngds:14,550  sols:1  bounds:2..27
    run1,154  dpts:10..20  robin:WdegOnDom-Last  effs:128,404,491  asgs:(7099,noefs=1,fails=3874)  fails:1,557,794  wrgs:2,582,267  wck:150.5  ngds:14,567  sols:1  bounds:2..27
    run1,155  dpts:52..79  robin:FrbaOnDom-Rand  effs:128,822,618  asgs:(7474,noefs=66,fails=4068)  fails:1,561,862  wrgs:2,588,802  wck:151.0  ngds:14,579  sols:1  bounds:2..27
    run1,156  dpts:3..14  robin:Wdeg-First  effs:129,136,743  asgs:(6957,noefs=2,fails=4271)  fails:1,566,133  wrgs:2,595,025  wck:151.4  ngds:14,601  sols:1  bounds:2..27
    run1,157  dpts:4..15  robin:PickOnDom-Last  effs:129,517,386  asgs:(10010,noefs=15,fails=4485)  fails:1,570,618  wrgs:2,603,307  wck:151.9  ngds:14,619  sols:1  bounds:2..27
    run1,158  dpts:3..17  robin:WdegOnDom-Rand  effs:129,997,014  asgs:(8351,noefs=0,fails=4709)  fails:1,575,327  wrgs:2,610,774  wck:152.3  ngds:14,639  sols:1  bounds:2..27
    run1,159  dpts:5..24  robin:FrbaOnDom-First  effs:130,426,412  asgs:(9389,noefs=26,fails=4944)  fails:1,580,271  wrgs:2,619,075  wck:153.0  ngds:14,658  sols:1  bounds:2..27
    run1,160  dpts:1..14  robin:Wdeg-Last  effs:130,953,249  asgs:(9196,noefs=2,fails=5192)  fails:1,585,463  wrgs:2,627,682  wck:153.8  ngds:14,676  sols:1  bounds:2..27
    run1,161  dpts:3..17  robin:PickOnDom-Rand  effs:131,460,002  asgs:(11726,noefs=37,fails=5451)  fails:1,590,914  wrgs:2,637,433  wck:154.3  ngds:14,691  sols:1  bounds:2..27
    run1,162  dpts:7..18  robin:WdegOnDom-First  effs:131,943,228  asgs:(11020,noefs=3,fails=5724)  fails:1,596,638  wrgs:2,647,040  wck:154.9  ngds:14,700  sols:1  bounds:2..27
    run1,163  dpts:5..38  robin:FrbaOnDom-Last  effs:132,527,849  asgs:(11738,noefs=44,fails=6010)  fails:1,602,648  wrgs:2,657,209  wck:155.8  ngds:14,705  sols:1  bounds:2..27
    run1,164  dpts:3..15  robin:Wdeg-Rand  effs:133,068,280  asgs:(10822,noefs=11,fails=6311)  fails:1,608,959  wrgs:2,666,878  wck:156.5  ngds:14,721  sols:1  bounds:2..27
    run1,165  dpts:3..21  robin:PickOnDom-First  effs:133,614,309  asgs:(14064,noefs=117,fails=6626)  fails:1,615,585  wrgs:2,679,090  wck:157.2  ngds:14,735  sols:1  bounds:2..27
    run1,166  dpts:8..19  robin:WdegOnDom-Last  effs:134,011,152  asgs:(12588,noefs=3,fails=6957)  fails:1,622,542  wrgs:2,690,099  wck:157.6  ngds:14,756  sols:1  bounds:2..27
    run1,167  dpts:31..46  robin:FrbaOnDom-Rand  effs:134,627,562  asgs:(13402,noefs=35,fails=7305)  fails:1,629,847  wrgs:2,701,844  wck:158.4  ngds:14,787  sols:1  bounds:2..27
    run1,168  dpts:4..15  robin:Wdeg-First  effs:135,127,239  asgs:(12858,noefs=0,fails=7671)  fails:1,637,518  wrgs:2,713,814  wck:159.1  ngds:14,806  sols:1  bounds:2..27
    run1,169  dpts:2..17  robin:PickOnDom-Last  effs:135,890,539  asgs:(17769,noefs=83,fails=8054)  fails:1,645,572  wrgs:2,728,410  wck:160.1  ngds:14,820  sols:1  bounds:2..27
    run1,170  dpts:1..17  robin:WdegOnDom-Rand  effs:136,572,491  asgs:(15294,noefs=6,fails=8457)  fails:1,654,029  wrgs:2,741,912  wck:160.8  ngds:14,838  sols:1  bounds:2..27
 ...resetting restart cutoff to 115
 ...resetting heuristics data (nValues:1,605 - nSingletons:206 - nEntailed:82)
    run1,171  dpts:21..48  robin:FrbaOnDom-First  effs:136,586,609  asgs:(280,noefs=41,fails=115)  fails:1,654,144  wrgs:2,742,137  wck:160.8  ngds:14,845  sols:1  bounds:2..27
    run1,172  dpts:13..18  robin:Wdeg-Last  effs:136,594,710  asgs:(185,noefs=1,fails=120)  fails:1,654,264  wrgs:2,742,304  wck:160.8  ngds:14,859  sols:1  bounds:2..27
    run1,173  dpts:13..22  robin:PickOnDom-Rand  effs:136,606,096  asgs:(268,noefs=1,fails=126)  fails:1,654,390  wrgs:2,742,508  wck:160.8  ngds:14,867  sols:1  bounds:2..27
    run1,174  dpts:19..26  robin:WdegOnDom-First  effs:136,613,953  asgs:(266,noefs=2,fails=133)  fails:1,654,523  wrgs:2,742,738  wck:160.9  ngds:14,879  sols:1  bounds:2..27
    run1,175  dpts:29..146  robin:FrbaOnDom-Last  effs:136,630,276  asgs:(490,noefs=212,fails=139)  fails:1,654,662  wrgs:2,743,170  wck:160.9  ngds:14,884  sols:1  bounds:2..27
    run1,176  dpts:4..13  robin:Wdeg-Rand  effs:136,643,145  asgs:(226,noefs=1,fails=146)  fails:1,654,808  wrgs:2,743,373  wck:160.9  ngds:14,899  sols:1  bounds:2..27
    run1,177  dpts:2..17  robin:PickOnDom-First  effs:136,652,455  asgs:(343,noefs=16,fails=154)  fails:1,654,962  wrgs:2,743,649  wck:160.9  ngds:14,905  sols:1  bounds:2..27
    run1,178  dpts:7..19  robin:WdegOnDom-Last  effs:136,672,029  asgs:(310,noefs=3,fails=161)  fails:1,655,123  wrgs:2,743,927  wck:161.0  ngds:14,915  sols:1  bounds:2..27
    run1,179  dpts:211..222  robin:FrbaOnDom-Rand  effs:136,683,052  asgs:(478,noefs=197,fails=169)  fails:1,655,292  wrgs:2,744,170  wck:161.0  ngds:14,916  sols:1  bounds:2..27
    run1,180  dpts:3..11  robin:Wdeg-First  effs:136,700,154  asgs:(268,noefs=1,fails=178)  fails:1,655,470  wrgs:2,744,418  wck:161.0  ngds:14,928  sols:1  bounds:2..27
    run1,181  dpts:7..18  robin:PickOnDom-Last  effs:136,714,371  asgs:(422,noefs=2,fails=187)  fails:1,655,657  wrgs:2,744,776  wck:161.0  ngds:14,939  sols:1  bounds:2..27
    run1,182  dpts:10..19  robin:WdegOnDom-Rand  effs:136,729,962  asgs:(366,noefs=2,fails=196)  fails:1,655,853  wrgs:2,745,083  wck:161.1  ngds:14,948  sols:1  bounds:2..27
    run1,183  dpts:27..39  robin:FrbaOnDom-First  effs:136,754,184  asgs:(401,noefs=24,fails=206)  fails:1,656,059  wrgs:2,745,421  wck:161.1  ngds:14,958  sols:1  bounds:2..27
    run1,184  dpts:6..13  robin:Wdeg-Last  effs:136,771,752  asgs:(351,noefs=0,fails=216)  fails:1,656,275  wrgs:2,745,748  wck:161.1  ngds:14,965  sols:1  bounds:2..27
    run1,185  dpts:11..24  robin:PickOnDom-Rand  effs:136,787,907  asgs:(515,noefs=26,fails=227)  fails:1,656,502  wrgs:2,746,150  wck:161.2  ngds:14,971  sols:1  bounds:2..27
    run1,186  dpts:6..15  robin:WdegOnDom-First  effs:136,804,056  asgs:(413,noefs=0,fails=239)  fails:1,656,741  wrgs:2,746,508  wck:161.2  ngds:14,977  sols:1  bounds:2..27
    run1,187  dpts:16..33  robin:FrbaOnDom-Last  effs:136,827,633  asgs:(487,noefs=9,fails=251)  fails:1,656,992  wrgs:2,746,946  wck:161.2  ngds:14,989  sols:1  bounds:2..27
    run1,188  dpts:3..10  robin:Wdeg-Rand  effs:136,855,191  asgs:(408,noefs=1,fails=263)  fails:1,657,255  wrgs:2,747,328  wck:161.3  ngds:15,004  sols:1  bounds:2..27
    run1,189  dpts:8..17  robin:PickOnDom-First  effs:136,873,897  asgs:(576,noefs=20,fails=276)  fails:1,657,531  wrgs:2,747,831  wck:161.3  ngds:15,016  sols:1  bounds:2..27
    run1,190  dpts:7..16  robin:WdegOnDom-Last  effs:136,900,524  asgs:(554,noefs=0,fails=290)  fails:1,657,821  wrgs:2,748,354  wck:161.3  ngds:15,033  sols:1  bounds:2..27
    run1,191  dpts:24..104  robin:FrbaOnDom-Rand  effs:136,930,730  asgs:(649,noefs=135,fails=305)  fails:1,658,126  wrgs:2,748,923  wck:161.4  ngds:15,039  sols:1  bounds:2..27
    run1,192  dpts:5..13  robin:Wdeg-First  effs:136,954,902  asgs:(560,noefs=0,fails=320)  fails:1,658,446  wrgs:2,749,437  wck:161.4  ngds:15,052  sols:1  bounds:2..27
    run1,193  dpts:9..19  robin:PickOnDom-Last  effs:136,976,214  asgs:(682,noefs=7,fails=336)  fails:1,658,782  wrgs:2,750,010  wck:161.5  ngds:15,060  sols:1  bounds:2..27
    run1,194  dpts:5..14  robin:WdegOnDom-Rand  effs:137,006,169  asgs:(650,noefs=0,fails=353)  fails:1,659,135  wrgs:2,750,592  wck:161.5  ngds:15,076  sols:1  bounds:2..27
    run1,195  dpts:247..257  robin:FrbaOnDom-First  effs:137,028,654  asgs:(947,noefs=233,fails=370)  fails:1,659,505  wrgs:2,751,243  wck:161.6  ngds:15,085  sols:1  bounds:2..27
    run1,196  dpts:2..12  robin:Wdeg-Last  effs:137,062,646  asgs:(675,noefs=0,fails=389)  fails:1,659,894  wrgs:2,751,869  wck:161.6  ngds:15,096  sols:1  bounds:2..27
    run1,197  dpts:5..16  robin:PickOnDom-Rand  effs:137,101,168  asgs:(870,noefs=9,fails=408)  fails:1,660,302  wrgs:2,752,587  wck:161.7  ngds:15,105  sols:1  bounds:2..27
    run1,198  dpts:4..16  robin:WdegOnDom-First  effs:137,127,447  asgs:(715,noefs=1,fails=429)  fails:1,660,731  wrgs:2,753,233  wck:161.7  ngds:15,118  sols:1  bounds:2..27
    run1,199  dpts:31..39  robin:FrbaOnDom-Last  effs:137,171,055  asgs:(874,noefs=23,fails=450)  fails:1,661,181  wrgs:2,754,006  wck:161.8  ngds:15,140  sols:1  bounds:2..27
    run1,200  dpts:3..12  robin:Wdeg-Rand  effs:137,211,822  asgs:(799,noefs=0,fails=473)  fails:1,661,654  wrgs:2,754,727  wck:161.8  ngds:15,153  sols:1  bounds:2..27
 ...resetting heuristics data (nValues:1,605 - nSingletons:206 - nEntailed:82)
    run1,201  dpts:17..26  robin:PickOnDom-First  effs:137,244,231  asgs:(940,noefs=4,fails=497)  fails:1,662,151  wrgs:2,755,526  wck:161.9  ngds:15,180  sols:1  bounds:2..27
    run1,202  dpts:12..21  robin:WdegOnDom-Last  effs:137,284,948  asgs:(971,noefs=2,fails=521)  fails:1,662,672  wrgs:2,756,386  wck:161.9  ngds:15,199  sols:1  bounds:2..27
    run1,203  dpts:15..32  robin:FrbaOnDom-Rand  effs:137,333,090  asgs:(1107,noefs=25,fails=547)  fails:1,663,219  wrgs:2,757,290  wck:162.0  ngds:15,208  sols:1  bounds:2..27
    run1,204  dpts:14..25  robin:Wdeg-First  effs:137,365,608  asgs:(968,noefs=0,fails=575)  fails:1,663,794  wrgs:2,758,170  wck:162.1  ngds:15,213  sols:1  bounds:2..27
    run1,205  dpts:5..17  robin:PickOnDom-Last  effs:137,417,619  asgs:(1228,noefs=10,fails=604)  fails:1,664,398  wrgs:2,759,224  wck:162.1  ngds:15,222  sols:1  bounds:2..27
    run1,206  dpts:8..21  robin:WdegOnDom-Rand  effs:137,474,205  asgs:(1198,noefs=14,fails=634)  fails:1,665,032  wrgs:2,760,270  wck:162.2  ngds:15,236  sols:1  bounds:2..27
    run1,207  dpts:33..185  robin:FrbaOnDom-First  effs:137,546,045  asgs:(1531,noefs=243,fails=666)  fails:1,665,698  wrgs:2,761,564  wck:162.4  ngds:15,245  sols:1  bounds:2..27
    run1,208  dpts:5..17  robin:Wdeg-Last  effs:137,611,090  asgs:(1208,noefs=8,fails=699)  fails:1,666,397  wrgs:2,762,716  wck:162.5  ngds:15,251  sols:1  bounds:2..27
    run1,209  dpts:9..22  robin:PickOnDom-Rand  effs:137,670,248  asgs:(1633,noefs=27,fails=734)  fails:1,667,131  wrgs:2,764,054  wck:162.5  ngds:15,258  sols:1  bounds:2..27
    run1,210  dpts:10..18  robin:WdegOnDom-First  effs:137,722,818  asgs:(1414,noefs=0,fails=771)  fails:1,667,902  wrgs:2,765,314  wck:162.6  ngds:15,279  sols:1  bounds:2..27
    run1,211  dpts:196..212  robin:FrbaOnDom-Last  effs:137,805,336  asgs:(1724,noefs=190,fails=809)  fails:1,668,711  wrgs:2,766,669  wck:162.8  ngds:15,293  sols:1  bounds:2..27
    run1,212  dpts:3..10  robin:Wdeg-Rand  effs:137,870,902  asgs:(1360,noefs=0,fails=850)  fails:1,669,561  wrgs:2,767,924  wck:162.9  ngds:15,306  sols:1  bounds:2..27
    run1,213  dpts:1..14  robin:PickOnDom-First  effs:137,933,138  asgs:(1880,noefs=11,fails=892)  fails:1,670,453  wrgs:2,769,542  wck:163.0  ngds:15,310  sols:1  bounds:2..27
    run1,214  dpts:6..16  robin:WdegOnDom-Last  effs:138,013,076  asgs:(1834,noefs=0,fails=937)  fails:1,671,390  wrgs:2,771,205  wck:163.1  ngds:15,317  sols:1  bounds:2..27
    run1,215  dpts:15..35  robin:FrbaOnDom-Rand  effs:138,127,946  asgs:(1868,noefs=37,fails=984)  fails:1,672,374  wrgs:2,772,819  wck:163.3  ngds:15,334  sols:1  bounds:2..27
    run1,216  dpts:2..12  robin:Wdeg-First  effs:138,219,477  asgs:(1766,noefs=0,fails=1033)  fails:1,673,407  wrgs:2,774,442  wck:163.4  ngds:15,342  sols:1  bounds:2..27
    run1,217  dpts:4..16  robin:PickOnDom-Last  effs:138,329,482  asgs:(2425,noefs=55,fails=1084)  fails:1,674,491  wrgs:2,776,486  wck:163.6  ngds:15,356  sols:1  bounds:2..27
    run1,218  dpts:8..17  robin:WdegOnDom-Rand  effs:138,414,169  asgs:(2165,noefs=0,fails=1139)  fails:1,675,630  wrgs:2,778,389  wck:163.7  ngds:15,364  sols:1  bounds:2..27
    run1,219  dpts:12..27  robin:FrbaOnDom-First  effs:138,563,624  asgs:(2297,noefs=11,fails=1196)  fails:1,676,826  wrgs:2,780,383  wck:163.9  ngds:15,383  sols:1  bounds:2..27
    run1,220  dpts:4..13  robin:Wdeg-Last  effs:138,664,889  asgs:(2118,noefs=0,fails=1255)  fails:1,678,081  wrgs:2,782,372  wck:164.1  ngds:15,401  sols:1  bounds:2..27
    run1,221  dpts:5..19  robin:PickOnDom-Rand  effs:138,791,661  asgs:(2622,noefs=19,fails=1318)  fails:1,679,399  wrgs:2,784,602  wck:164.2  ngds:15,409  sols:1  bounds:2..27
    run1,222  dpts:4..17  robin:WdegOnDom-First  effs:138,913,303  asgs:(2610,noefs=4,fails=1384)  fails:1,680,783  wrgs:2,786,932  wck:164.4  ngds:15,431  sols:1  bounds:2..27
    run1,223  dpts:7..105  robin:FrbaOnDom-Last  effs:139,075,468  asgs:(2871,noefs=194,fails=1453)  fails:1,682,236  wrgs:2,789,504  wck:164.7  ngds:15,454  sols:1  bounds:2..27
    run1,224  dpts:2..14  robin:Wdeg-Rand  effs:139,201,941  asgs:(2497,noefs=0,fails=1526)  fails:1,683,762  wrgs:2,791,765  wck:164.9  ngds:15,471  sols:1  bounds:2..27
    run1,225  dpts:2..16  robin:PickOnDom-First  effs:139,337,299  asgs:(3322,noefs=112,fails=1602)  fails:1,685,364  wrgs:2,794,438  wck:165.0  ngds:15,483  sols:1  bounds:2..27
    run1,226  dpts:4..17  robin:WdegOnDom-Last  effs:139,467,025  asgs:(3073,noefs=0,fails=1683)  fails:1,687,047  wrgs:2,797,281  wck:165.2  ngds:15,494  sols:1  bounds:2..27
    run1,227  dpts:19..168  robin:FrbaOnDom-Rand  effs:139,681,330  asgs:(3205,noefs=178,fails=1767)  fails:1,688,814  wrgs:2,800,125  wck:165.6  ngds:15,513  sols:1  bounds:2..27
    run1,228  dpts:3..12  robin:Wdeg-First  effs:139,833,853  asgs:(3002,noefs=0,fails=1855)  fails:1,690,669  wrgs:2,802,895  wck:165.8  ngds:15,524  sols:1  bounds:2..27
    run1,229  dpts:3..18  robin:PickOnDom-Last  effs:140,002,451  asgs:(4421,noefs=152,fails=1948)  fails:1,692,617  wrgs:2,806,661  wck:166.0  ngds:15,534  sols:1  bounds:2..27
    run1,230  dpts:7..18  robin:WdegOnDom-Rand  effs:140,192,729  asgs:(3721,noefs=0,fails=2045)  fails:1,694,662  wrgs:2,809,913  wck:166.2  ngds:15,557  sols:1  bounds:2..27
 ...resetting heuristics data (nValues:1,605 - nSingletons:206 - nEntailed:82)
    run1,231  dpts:12..70  robin:FrbaOnDom-First  effs:140,345,214  asgs:(4081,noefs=196,fails=2148)  fails:1,696,810  wrgs:2,813,447  wck:166.5  ngds:15,574  sols:1  bounds:2..27
    run1,232  dpts:12..21  robin:Wdeg-Last  effs:140,481,283  asgs:(3837,noefs=0,fails=2255)  fails:1,699,065  wrgs:2,816,896  wck:166.7  ngds:15,588  sols:1  bounds:2..27
    run1,233  dpts:12..25  robin:PickOnDom-Rand  effs:140,671,367  asgs:(4684,noefs=31,fails=2368)  fails:1,701,433  wrgs:2,820,906  wck:166.9  ngds:15,607  sols:1  bounds:2..27
    run1,234  dpts:12..26  robin:WdegOnDom-First  effs:140,852,223  asgs:(4905,noefs=1,fails=2486)  fails:1,703,919  wrgs:2,825,238  wck:167.1  ngds:15,631  sols:1  bounds:2..27
    run1,235  dpts:239..306  robin:FrbaOnDom-Last  effs:141,126,316  asgs:(5513,noefs=487,fails=2611)  fails:1,706,530  wrgs:2,830,052  wck:167.5  ngds:15,643  sols:1  bounds:2..27
    run1,236  dpts:3..17  robin:Wdeg-Rand  effs:141,337,215  asgs:(4421,noefs=8,fails=2741)  fails:1,709,271  wrgs:2,834,121  wck:167.8  ngds:15,665  sols:1  bounds:2..27
    run1,237  dpts:2..20  robin:PickOnDom-First  effs:141,540,017  asgs:(5316,noefs=22,fails=2878)  fails:1,712,149  wrgs:2,838,883  wck:168.1  ngds:15,681  sols:1  bounds:2..27
    run1,238  dpts:5..16  robin:WdegOnDom-Last  effs:141,858,476  asgs:(6291,noefs=3,fails=3022)  fails:1,715,171  wrgs:2,844,732  wck:168.5  ngds:15,690  sols:1  bounds:2..27
    run1,239  dpts:20..261  robin:FrbaOnDom-Rand  effs:142,176,389  asgs:(5982,noefs=296,fails=3173)  fails:1,718,344  wrgs:2,850,046  wck:169.0  ngds:15,702  sols:1  bounds:2..27
    run1,240  dpts:3..15  robin:Wdeg-First  effs:142,471,121  asgs:(5649,noefs=3,fails=3332)  fails:1,721,676  wrgs:2,855,174  wck:169.5  ngds:15,727  sols:1  bounds:2..27
    run1,241  dpts:3..15  robin:PickOnDom-Last  effs:142,749,633  asgs:(6841,noefs=0,fails=3499)  fails:1,725,175  wrgs:2,861,145  wck:169.8  ngds:15,743  sols:1  bounds:2..27
    run1,242  dpts:5..20  robin:WdegOnDom-Rand  effs:143,103,323  asgs:(6680,noefs=1,fails=3673)  fails:1,728,848  wrgs:2,867,025  wck:170.3  ngds:15,767  sols:1  bounds:2..27
    run1,243  dpts:27..44  robin:FrbaOnDom-First  effs:143,458,457  asgs:(7687,noefs=60,fails=3857)  fails:1,732,705  wrgs:2,873,851  wck:170.8  ngds:15,791  sols:1  bounds:2..27
    run1,244  dpts:4..15  robin:Wdeg-Last  effs:143,730,754  asgs:(6905,noefs=0,fails=4050)  fails:1,736,755  wrgs:2,880,234  wck:171.2  ngds:15,805  sols:1  bounds:2..27
    run1,245  dpts:3..16  robin:PickOnDom-Rand  effs:144,038,423  asgs:(8182,noefs=5,fails=4253)  fails:1,741,008  wrgs:2,887,423  wck:171.6  ngds:15,824  sols:1  bounds:2..27
    run1,246  dpts:4..17  robin:WdegOnDom-First  effs:144,324,983  asgs:(8378,noefs=0,fails=4465)  fails:1,745,473  wrgs:2,894,881  wck:171.9  ngds:15,847  sols:1  bounds:2..27
    run1,247  dpts:15..40  robin:FrbaOnDom-Last  effs:144,798,920  asgs:(9246,noefs=72,fails=4689)  fails:1,750,162  wrgs:2,902,958  wck:172.7  ngds:15,874  sols:1  bounds:2..27
    run1,248  dpts:1..15  robin:Wdeg-Rand  effs:145,291,356  asgs:(7736,noefs=3,fails=4923)  fails:1,755,085  wrgs:2,910,117  wck:173.3  ngds:15,889  sols:1  bounds:2..27
    run1,249  dpts:2..14  robin:PickOnDom-First  effs:145,713,610  asgs:(9695,noefs=0,fails=5169)  fails:1,760,254  wrgs:2,918,827  wck:173.9  ngds:15,907  sols:1  bounds:2..27
    run1,250  dpts:6..18  robin:WdegOnDom-Last  effs:146,189,035  asgs:(10613,noefs=0,fails=5428)  fails:1,765,682  wrgs:2,928,542  wck:174.5  ngds:15,927  sols:1  bounds:2..27
    run1,251  dpts:10..31  robin:FrbaOnDom-Rand  effs:146,818,642  asgs:(10193,noefs=66,fails=5699)  fails:1,771,381  wrgs:2,937,544  wck:175.4  ngds:15,948  sols:1  bounds:2..27
    run1,252  dpts:3..16  robin:Wdeg-First  effs:147,255,193  asgs:(9908,noefs=0,fails=5984)  fails:1,777,365  wrgs:2,946,525  wck:175.9  ngds:15,962  sols:1  bounds:2..27
    run1,253  dpts:3..18  robin:PickOnDom-Last  effs:147,701,990  asgs:(12233,noefs=52,fails=6283)  fails:1,783,648  wrgs:2,956,858  wck:176.4  ngds:15,976  sols:1  bounds:2..27
    run1,254  dpts:7..20  robin:WdegOnDom-Rand  effs:148,236,886  asgs:(12651,noefs=0,fails=6597)  fails:1,790,245  wrgs:2,967,816  wck:177.1  ngds:15,991  sols:1  bounds:2..27
    run1,255  dpts:9..28  robin:FrbaOnDom-First  effs:148,734,348  asgs:(12627,noefs=118,fails=6927)  fails:1,797,172  wrgs:2,979,271  wck:177.8  ngds:16,013  sols:1  bounds:2..27
    run1,256  dpts:2..14  robin:Wdeg-Last  effs:149,396,977  asgs:(13263,noefs=2,fails=7274)  fails:1,804,446  wrgs:2,991,826  wck:178.6  ngds:16,037  sols:1  bounds:2..27
    run1,257  dpts:1..18  robin:PickOnDom-Rand  effs:150,249,313  asgs:(13394,noefs=112,fails=7637)  fails:1,812,083  wrgs:3,003,765  wck:179.5  ngds:16,061  sols:1  bounds:2..27
    run1,258  dpts:2..15  robin:WdegOnDom-First  effs:150,736,900  asgs:(14615,noefs=3,fails=8019)  fails:1,820,102  wrgs:3,016,847  wck:180.1  ngds:16,082  sols:1  bounds:2..27
    run1,259  dpts:6..35  robin:FrbaOnDom-Last  effs:151,545,620  asgs:(16236,noefs=84,fails=8420)  fails:1,828,522  wrgs:3,031,060  wck:181.3  ngds:16,096  sols:1  bounds:2..27
    run1,260  dpts:3..14  robin:Wdeg-Rand  effs:152,286,313  asgs:(14564,noefs=2,fails=8841)  fails:1,837,363  wrgs:3,044,438  wck:182.1  ngds:16,112  sols:1  bounds:2..27
 ...resetting restart cutoff to 120
 ...resetting heuristics data (nValues:1,605 - nSingletons:206 - nEntailed:82)
    run1,261  dpts:18..25  robin:PickOnDom-First  effs:152,292,648  asgs:(231,noefs=3,fails=120)  fails:1,837,483  wrgs:3,044,621  wck:182.1  ngds:16,125  sols:1  bounds:2..27
    run1,262  dpts:14..23  robin:WdegOnDom-Last  effs:152,302,055  asgs:(266,noefs=0,fails=126)  fails:1,837,609  wrgs:3,044,838  wck:182.2  ngds:16,135  sols:1  bounds:2..27
    run1,263  dpts:18..108  robin:FrbaOnDom-Rand  effs:152,321,646  asgs:(451,noefs=163,fails=132)  fails:1,837,741  wrgs:3,045,193  wck:182.2  ngds:16,145  sols:1  bounds:2..27
    run1,264  dpts:16..29  robin:Wdeg-First  effs:152,330,550  asgs:(271,noefs=2,fails=138)  fails:1,837,879  wrgs:3,045,414  wck:182.2  ngds:16,154  sols:1  bounds:2..27
    run1,265  dpts:7..19  robin:PickOnDom-Last  effs:152,342,690  asgs:(284,noefs=2,fails=145)  fails:1,838,024  wrgs:3,045,662  wck:182.2  ngds:16,160  sols:1  bounds:2..27
    run1,266  dpts:5..19  robin:WdegOnDom-Rand  effs:152,355,729  asgs:(296,noefs=3,fails=153)  fails:1,838,177  wrgs:3,045,912  wck:182.2  ngds:16,168  sols:1  bounds:2..27
    run1,267  dpts:319..329  robin:FrbaOnDom-First  effs:152,366,720  asgs:(627,noefs=301,fails=160)  fails:1,838,337  wrgs:3,046,166  wck:182.3  ngds:16,172  sols:1  bounds:2..27
    run1,268  dpts:4..12  robin:Wdeg-Last  effs:152,383,329  asgs:(309,noefs=0,fails=168)  fails:1,838,505  wrgs:3,046,448  wck:182.3  ngds:16,191  sols:1  bounds:2..27
    run1,269  dpts:6..15  robin:PickOnDom-Rand  effs:152,401,396  asgs:(355,noefs=2,fails=177)  fails:1,838,682  wrgs:3,046,729  wck:182.3  ngds:16,204  sols:1  bounds:2..27
    run1,270  dpts:4..14  robin:WdegOnDom-First  effs:152,422,441  asgs:(348,noefs=0,fails=186)  fails:1,838,868  wrgs:3,047,020  wck:182.4  ngds:16,211  sols:1  bounds:2..27
    run1,271  dpts:29..40  robin:FrbaOnDom-Last  effs:152,448,071  asgs:(396,noefs=23,fails=195)  fails:1,839,063  wrgs:3,047,350  wck:182.4  ngds:16,216  sols:1  bounds:2..27
    run1,272  dpts:3..13  robin:Wdeg-Rand  effs:152,462,448  asgs:(322,noefs=0,fails=205)  fails:1,839,268  wrgs:3,047,641  wck:182.5  ngds:16,230  sols:1  bounds:2..27
    run1,273  dpts:4..15  robin:PickOnDom-First  effs:152,480,705  asgs:(436,noefs=4,fails=215)  fails:1,839,483  wrgs:3,048,015  wck:182.5  ngds:16,242  sols:1  bounds:2..27
    run1,274  dpts:7..16  robin:WdegOnDom-Last  effs:152,497,627  asgs:(393,noefs=0,fails=226)  fails:1,839,709  wrgs:3,048,371  wck:182.5  ngds:16,253  sols:1  bounds:2..27
    run1,275  dpts:20..29  robin:FrbaOnDom-Rand  effs:152,518,389  asgs:(438,noefs=11,fails=237)  fails:1,839,946  wrgs:3,048,738  wck:182.6  ngds:16,267  sols:1  bounds:2..27
    run1,276  dpts:3..12  robin:Wdeg-First  effs:152,534,977  asgs:(369,noefs=0,fails=249)  fails:1,840,195  wrgs:3,049,073  wck:182.6  ngds:16,276  sols:1  bounds:2..27
    run1,277  dpts:5..14  robin:PickOnDom-Last  effs:152,551,390  asgs:(526,noefs=10,fails=261)  fails:1,840,456  wrgs:3,049,502  wck:182.6  ngds:16,285  sols:1  bounds:2..27
    run1,278  dpts:8..24  robin:WdegOnDom-Rand  effs:152,573,370  asgs:(557,noefs=0,fails=275)  fails:1,840,731  wrgs:3,049,960  wck:182.6  ngds:16,303  sols:1  bounds:2..27
    run1,279  dpts:42..56  robin:FrbaOnDom-First  effs:152,604,069  asgs:(592,noefs=35,fails=288)  fails:1,841,019  wrgs:3,050,444  wck:182.7  ngds:16,323  sols:1  bounds:2..27
    run1,280  dpts:4..12  robin:Wdeg-Last  effs:152,632,005  asgs:(521,noefs=0,fails=303)  fails:1,841,322  wrgs:3,050,923  wck:182.8  ngds:16,332  sols:1  bounds:2..27
    run1,281  dpts:5..14  robin:PickOnDom-Rand  effs:152,658,432  asgs:(570,noefs=0,fails=318)  fails:1,841,640  wrgs:3,051,425  wck:182.8  ngds:16,343  sols:1  bounds:2..27
    run1,282  dpts:7..14  robin:WdegOnDom-First  effs:152,683,862  asgs:(591,noefs=0,fails=334)  fails:1,841,974  wrgs:3,051,948  wck:182.8  ngds:16,358  sols:1  bounds:2..27
    run1,283  dpts:30..221  robin:FrbaOnDom-Last  effs:152,726,592  asgs:(790,noefs=222,fails=351)  fails:1,842,325  wrgs:3,052,664  wck:182.9  ngds:16,367  sols:1  bounds:2..27
    run1,284  dpts:5..13  robin:Wdeg-Rand  effs:152,758,043  asgs:(597,noefs=1,fails=368)  fails:1,842,693  wrgs:3,053,206  wck:182.9  ngds:16,380  sols:1  bounds:2..27
    run1,285  dpts:5..12  robin:PickOnDom-First  effs:152,782,422  asgs:(772,noefs=0,fails=387)  fails:1,843,080  wrgs:3,053,884  wck:183.0  ngds:16,386  sols:1  bounds:2..27
    run1,286  dpts:6..15  robin:WdegOnDom-Last  effs:152,812,825  asgs:(717,noefs=0,fails=406)  fails:1,843,486  wrgs:3,054,498  wck:183.0  ngds:16,404  sols:1  bounds:2..27
    run1,287  dpts:169..181  robin:FrbaOnDom-Rand  effs:152,846,310  asgs:(962,noefs=158,fails=426)  fails:1,843,912  wrgs:3,055,189  wck:183.1  ngds:16,416  sols:1  bounds:2..27
    run1,288  dpts:4..12  robin:Wdeg-First  effs:152,886,329  asgs:(709,noefs=0,fails=448)  fails:1,844,360  wrgs:3,055,837  wck:183.2  ngds:16,432  sols:1  bounds:2..27
    run1,289  dpts:3..13  robin:PickOnDom-Last  effs:152,935,802  asgs:(945,noefs=1,fails=470)  fails:1,844,830  wrgs:3,056,653  wck:183.2  ngds:16,442  sols:1  bounds:2..27
    run1,290  dpts:6..18  robin:WdegOnDom-Rand  effs:152,967,850  asgs:(887,noefs=1,fails=493)  fails:1,845,323  wrgs:3,057,437  wck:183.3  ngds:16,450  sols:1  bounds:2..27
 ...resetting heuristics data (nValues:1,605 - nSingletons:206 - nEntailed:82)
    run1,291  dpts:21..93  robin:FrbaOnDom-First  effs:153,012,594  asgs:(1283,noefs=217,fails=518)  fails:1,845,841  wrgs:3,058,441  wck:183.4  ngds:16,452  sols:1  bounds:2..27
    run1,292  dpts:13..21  robin:Wdeg-Last  effs:153,045,356  asgs:(928,noefs=0,fails=544)  fails:1,846,385  wrgs:3,059,270  wck:183.4  ngds:16,466  sols:1  bounds:2..27
    run1,293  dpts:13..25  robin:PickOnDom-Rand  effs:153,089,263  asgs:(1151,noefs=14,fails=571)  fails:1,846,956  wrgs:3,060,243  wck:183.5  ngds:16,475  sols:1  bounds:2..27
    run1,294  dpts:13..25  robin:WdegOnDom-First  effs:153,130,001  asgs:(1150,noefs=2,fails=600)  fails:1,847,556  wrgs:3,061,245  wck:183.5  ngds:16,490  sols:1  bounds:2..27
    run1,295  dpts:215..242  robin:FrbaOnDom-Last  effs:153,187,343  asgs:(1537,noefs=237,fails=630)  fails:1,848,186  wrgs:3,062,426  wck:183.7  ngds:16,503  sols:1  bounds:2..27
    run1,296  dpts:2..15  robin:Wdeg-Rand  effs:153,253,029  asgs:(1168,noefs=2,fails=661)  fails:1,848,847  wrgs:3,063,474  wck:183.8  ngds:16,524  sols:1  bounds:2..27
    run1,297  dpts:3..14  robin:PickOnDom-First  effs:153,307,967  asgs:(1529,noefs=12,fails=695)  fails:1,849,542  wrgs:3,064,734  wck:183.8  ngds:16,544  sols:1  bounds:2..27
    run1,298  dpts:6..16  robin:WdegOnDom-Last  effs:153,390,282  asgs:(1578,noefs=1,fails=729)  fails:1,850,271  wrgs:3,066,186  wck:183.9  ngds:16,560  sols:1  bounds:2..27
    run1,299  dpts:36..59  robin:FrbaOnDom-Rand  effs:153,438,792  asgs:(1413,noefs=47,fails=766)  fails:1,851,037  wrgs:3,067,403  wck:184.0  ngds:16,574  sols:1  bounds:2..27
    run1,300  dpts:3..13  robin:Wdeg-First  effs:153,485,490  asgs:(1284,noefs=0,fails=804)  fails:1,851,841  wrgs:3,068,606  wck:184.1  ngds:16,581  sols:1  bounds:2..27
    run1,301  dpts:3..15  robin:PickOnDom-Last  effs:153,558,992  asgs:(1756,noefs=25,fails=844)  fails:1,852,685  wrgs:3,070,039  wck:184.2  ngds:16,594  sols:1  bounds:2..27
    run1,302  dpts:6..15  robin:WdegOnDom-Rand  effs:153,633,800  asgs:(1659,noefs=1,fails=887)  fails:1,853,572  wrgs:3,071,484  wck:184.3  ngds:16,607  sols:1  bounds:2..27
    run1,303  dpts:18..40  robin:FrbaOnDom-First  effs:153,713,016  asgs:(1718,noefs=25,fails=931)  fails:1,854,503  wrgs:3,072,969  wck:184.4  ngds:16,622  sols:1  bounds:2..27
    run1,304  dpts:4..13  robin:Wdeg-Last  effs:153,798,200  asgs:(1633,noefs=0,fails=977)  fails:1,855,480  wrgs:3,074,543  wck:184.5  ngds:16,632  sols:1  bounds:2..27
    run1,305  dpts:6..18  robin:PickOnDom-Rand  effs:153,888,019  asgs:(2066,noefs=14,fails=1026)  fails:1,856,506  wrgs:3,076,279  wck:184.6  ngds:16,644  sols:1  bounds:2..27
    run1,306  dpts:7..17  robin:WdegOnDom-First  effs:153,963,254  asgs:(1988,noefs=0,fails=1078)  fails:1,857,584  wrgs:3,078,053  wck:184.7  ngds:16,668  sols:1  bounds:2..27
    run1,307  dpts:18..33  robin:FrbaOnDom-Last  effs:154,046,227  asgs:(2157,noefs=8,fails=1132)  fails:1,858,716  wrgs:3,079,968  wck:184.9  ngds:16,671  sols:1  bounds:2..27
    run1,308  dpts:4..13  robin:Wdeg-Rand  effs:154,137,667  asgs:(1882,noefs=0,fails=1188)  fails:1,859,904  wrgs:3,081,700  wck:185.0  ngds:16,692  sols:1  bounds:2..27
    run1,309  dpts:4..17  robin:PickOnDom-First  effs:154,219,857  asgs:(2578,noefs=80,fails=1248)  fails:1,861,152  wrgs:3,083,965  wck:185.1  ngds:16,709  sols:1  bounds:2..27
    run1,310  dpts:6..18  robin:WdegOnDom-Last  effs:154,302,983  asgs:(2505,noefs=0,fails=1310)  fails:1,862,462  wrgs:3,086,105  wck:185.3  ngds:16,727  sols:1  bounds:2..27
    run1,311  dpts:11..24  robin:FrbaOnDom-Rand  effs:154,380,139  asgs:(2409,noefs=5,fails=1376)  fails:1,863,838  wrgs:3,088,242  wck:185.4  ngds:16,745  sols:1  bounds:2..27
    run1,312  dpts:1..12  robin:Wdeg-First  effs:154,504,515  asgs:(2408,noefs=1,fails=1444)  fails:1,865,282  wrgs:3,090,432  wck:185.6  ngds:16,754  sols:1  bounds:2..27
    run1,313  dpts:2..15  robin:PickOnDom-Last  effs:154,640,413  asgs:(3286,noefs=69,fails=1517)  fails:1,866,799  wrgs:3,093,126  wck:185.8  ngds:16,757  sols:1  bounds:2..27
    run1,314  dpts:3..17  robin:WdegOnDom-Rand  effs:154,740,970  asgs:(2965,noefs=0,fails=1592)  fails:1,868,391  wrgs:3,095,712  wck:185.9  ngds:16,777  sols:1  bounds:2..27
    run1,315  dpts:7..22  robin:FrbaOnDom-First  effs:154,868,642  asgs:(3124,noefs=6,fails=1672)  fails:1,870,063  wrgs:3,098,462  wck:186.1  ngds:16,784  sols:1  bounds:2..27
    run1,316  dpts:4..13  robin:Wdeg-Last  effs:155,015,095  asgs:(3029,noefs=0,fails=1756)  fails:1,871,819  wrgs:3,101,352  wck:186.3  ngds:16,793  sols:1  bounds:2..27
    run1,317  dpts:4..17  robin:PickOnDom-Rand  effs:155,194,743  asgs:(3725,noefs=24,fails=1844)  fails:1,873,663  wrgs:3,104,483  wck:186.5  ngds:16,801  sols:1  bounds:2..27
    run1,318  dpts:6..20  robin:WdegOnDom-First  effs:155,330,727  asgs:(3698,noefs=0,fails=1936)  fails:1,875,599  wrgs:3,107,821  wck:186.7  ngds:16,824  sols:1  bounds:2..27
    run1,319  dpts:15..143  robin:FrbaOnDom-Last  effs:155,536,200  asgs:(3886,noefs=209,fails=2033)  fails:1,877,632  wrgs:3,111,269  wck:187.1  ngds:16,836  sols:1  bounds:2..27
    run1,320  dpts:4..16  robin:Wdeg-Rand  effs:155,676,442  asgs:(3514,noefs=7,fails=2134)  fails:1,879,766  wrgs:3,114,513  wck:187.3  ngds:16,846  sols:1  bounds:2..27
 ...resetting heuristics data (nValues:1,605 - nSingletons:206 - nEntailed:82)
    run1,321  dpts:12..26  robin:PickOnDom-First  effs:155,810,803  asgs:(4350,noefs=6,fails=2241)  fails:1,882,007  wrgs:3,118,250  wck:187.4  ngds:16,864  sols:1  bounds:2..27
    run1,322  dpts:11..23  robin:WdegOnDom-Last  effs:155,981,438  asgs:(4334,noefs=0,fails=2353)  fails:1,884,360  wrgs:3,122,033  wck:187.7  ngds:16,877  sols:1  bounds:2..27
    run1,323  dpts:11..93  robin:FrbaOnDom-Rand  effs:156,237,803  asgs:(5003,noefs=267,fails=2471)  fails:1,886,831  wrgs:3,126,276  wck:188.1  ngds:16,890  sols:1  bounds:2..27
    run1,324  dpts:13..22  robin:Wdeg-First  effs:156,392,810  asgs:(4376,noefs=0,fails=2594)  fails:1,889,425  wrgs:3,130,266  wck:188.3  ngds:16,898  sols:1  bounds:2..27
    run1,325  dpts:3..18  robin:PickOnDom-Last  effs:156,659,576  asgs:(5718,noefs=8,fails=2724)  fails:1,892,149  wrgs:3,135,284  wck:188.6  ngds:16,908  sols:1  bounds:2..27
    run1,326  dpts:4..19  robin:WdegOnDom-Rand  effs:156,930,931  asgs:(5336,noefs=6,fails=2860)  fails:1,895,009  wrgs:3,139,919  wck:189.0  ngds:16,935  sols:1  bounds:2..27
    run1,327  dpts:194..212  robin:FrbaOnDom-First  effs:157,181,135  asgs:(5620,noefs=193,fails=3003)  fails:1,898,012  wrgs:3,144,717  wck:189.5  ngds:16,949  sols:1  bounds:2..27
    run1,328  dpts:2..15  robin:Wdeg-Last  effs:157,444,657  asgs:(5533,noefs=5,fails=3154)  fails:1,901,166  wrgs:3,149,937  wck:189.8  ngds:16,959  sols:1  bounds:2..27
    run1,329  dpts:5..16  robin:PickOnDom-Rand  effs:157,713,649  asgs:(6267,noefs=10,fails=3311)  fails:1,904,477  wrgs:3,155,415  wck:190.1  ngds:16,987  sols:1  bounds:2..27
    run1,330  dpts:6..20  robin:WdegOnDom-First  effs:157,968,299  asgs:(6741,noefs=3,fails=3477)  fails:1,907,954  wrgs:3,161,463  wck:190.5  ngds:17,013  sols:1  bounds:2..27
    run1,331  dpts:16..234  robin:FrbaOnDom-Last  effs:158,343,552  asgs:(7195,noefs=285,fails=3651)  fails:1,911,605  wrgs:3,167,801  wck:191.1  ngds:17,025  sols:1  bounds:2..27
    run1,332  dpts:4..15  robin:Wdeg-Rand  effs:158,681,051  asgs:(6754,noefs=2,fails=3833)  fails:1,915,438  wrgs:3,173,831  wck:191.5  ngds:17,053  sols:1  bounds:2..27
    run1,333  dpts:3..14  robin:PickOnDom-First  effs:158,978,987  asgs:(7060,noefs=5,fails=4025)  fails:1,919,463  wrgs:3,180,138  wck:191.9  ngds:17,075  sols:1  bounds:2..27
    run1,334  dpts:6..18  robin:WdegOnDom-Last  effs:159,265,263  asgs:(7987,noefs=6,fails=4226)  fails:1,923,689  wrgs:3,187,082  wck:192.2  ngds:17,089  sols:1  bounds:2..27
    run1,335  dpts:127..143  robin:FrbaOnDom-Rand  effs:159,785,307  asgs:(8471,noefs=155,fails=4438)  fails:1,928,127  wrgs:3,194,346  wck:193.0  ngds:17,113  sols:1  bounds:2..27
    run1,336  dpts:2..12  robin:Wdeg-First  effs:160,138,906  asgs:(7703,noefs=2,fails=4659)  fails:1,932,786  wrgs:3,201,393  wck:193.5  ngds:17,136  sols:1  bounds:2..27
    run1,337  dpts:0..20  robin:PickOnDom-Last  effs:160,533,082  asgs:(9495,noefs=49,fails=4892)  fails:1,937,678  wrgs:3,209,584  wck:194.0  ngds:17,152  sols:1  bounds:2..27
    run1,338  dpts:8..20  robin:WdegOnDom-Rand  effs:160,968,037  asgs:(10072,noefs=3,fails=5137)  fails:1,942,815  wrgs:3,218,221  wck:194.6  ngds:17,171  sols:1  bounds:2..27
    run1,339  dpts:12..25  robin:FrbaOnDom-First  effs:161,385,680  asgs:(9792,noefs=11,fails=5394)  fails:1,948,209  wrgs:3,227,099  wck:195.2  ngds:17,189  sols:1  bounds:2..27
    run1,340  dpts:4..13  robin:Wdeg-Last  effs:161,816,163  asgs:(9064,noefs=0,fails=5664)  fails:1,953,873  wrgs:3,235,873  wck:195.7  ngds:17,204  sols:1  bounds:2..27
    run1,341  dpts:2..16  robin:PickOnDom-Rand  effs:162,383,305  asgs:(11360,noefs=84,fails=5947)  fails:1,959,820  wrgs:3,245,683  wck:196.5  ngds:17,232  sols:1  bounds:2..27
    run1,342  dpts:1..17  robin:WdegOnDom-First  effs:162,862,674  asgs:(11514,noefs=33,fails=6244)  fails:1,966,064  wrgs:3,255,975  wck:197.0  ngds:17,265  sols:1  bounds:2..27
    run1,343  dpts:31..45  robin:FrbaOnDom-Last  effs:163,639,993  asgs:(12563,noefs=25,fails=6556)  fails:1,972,620  wrgs:3,267,053  wck:198.2  ngds:17,273  sols:1  bounds:2..27
    run1,344  dpts:2..13  robin:Wdeg-Rand  effs:164,256,003  asgs:(11096,noefs=3,fails=6884)  fails:1,979,504  wrgs:3,277,258  wck:199.0  ngds:17,286  sols:1  bounds:2..27
    run1,345  dpts:2..15  robin:PickOnDom-First  effs:164,823,896  asgs:(13807,noefs=19,fails=7229)  fails:1,986,733  wrgs:3,289,612  wck:199.7  ngds:17,319  sols:1  bounds:2..27
    run1,346  dpts:3..18  robin:WdegOnDom-Last  effs:165,365,032  asgs:(14044,noefs=1,fails=7590)  fails:1,994,323  wrgs:3,302,160  wck:200.5  ngds:17,328  sols:1  bounds:2..27
    run1,347  dpts:9..27  robin:FrbaOnDom-Rand  effs:165,980,645  asgs:(14566,noefs=9,fails=7970)  fails:2,002,293  wrgs:3,314,916  wck:201.3  ngds:17,344  sols:1  bounds:2..27
    run1,348  dpts:0..15  robin:Wdeg-First  effs:166,748,450  asgs:(13872,noefs=0,fails=8368)  fails:2,010,661  wrgs:3,327,551  wck:202.6  ngds:17,365  sols:1  bounds:2..27
    run1,349  dpts:1..15  robin:PickOnDom-Last  effs:167,438,228  asgs:(18189,noefs=47,fails=8786)  fails:2,019,447  wrgs:3,342,832  wck:203.5  ngds:17,374  sols:1  bounds:2..27
    run1,350  dpts:6..18  robin:WdegOnDom-Rand  effs:168,212,677  asgs:(17032,noefs=2,fails=9226)  fails:2,028,673  wrgs:3,357,673  wck:204.5  ngds:17,388  sols:1  bounds:2..27
 ...resetting restart cutoff to 125
 ...Discarding 7 singleton variables
 ...resetting heuristics data (nValues:1,594 - nSingletons:213 - nEntailed:86)
    run1,351  dpts:18..33  robin:FrbaOnDom-First  effs:168,233,206  asgs:(280,noefs=17,fails=125)  fails:2,028,798  wrgs:3,357,884  wck:204.5  ngds:17,395  sols:1  bounds:2..27
    run1,352  dpts:11..20  robin:Wdeg-Last  effs:168,242,267  asgs:(237,noefs=2,fails=131)  fails:2,028,929  wrgs:3,358,087  wck:204.5  ngds:17,408  sols:1  bounds:2..27
    run1,353  dpts:13..23  robin:PickOnDom-Rand  effs:168,252,795  asgs:(249,noefs=7,fails=137)  fails:2,029,066  wrgs:3,358,291  wck:204.5  ngds:17,422  sols:1  bounds:2..27
    run1,354  dpts:18..26  robin:WdegOnDom-First  effs:168,263,041  asgs:(281,noefs=0,fails=144)  fails:2,029,210  wrgs:3,358,528  wck:204.6  ngds:17,431  sols:1  bounds:2..27
    run1,355  dpts:25..161  robin:FrbaOnDom-Last  effs:168,286,469  asgs:(519,noefs=206,fails=151)  fails:2,029,361  wrgs:3,358,976  wck:204.6  ngds:17,436  sols:1  bounds:2..27
    run1,356  dpts:4..12  robin:Wdeg-Rand  effs:168,307,291  asgs:(281,noefs=1,fails=159)  fails:2,029,520  wrgs:3,359,227  wck:204.6  ngds:17,451  sols:1  bounds:2..27
    run1,357  dpts:3..13  robin:PickOnDom-First  effs:168,320,123  asgs:(308,noefs=6,fails=167)  fails:2,029,687  wrgs:3,359,489  wck:204.6  ngds:17,466  sols:1  bounds:2..27
    run1,358  dpts:7..24  robin:WdegOnDom-Last  effs:168,329,133  asgs:(301,noefs=12,fails=175)  fails:2,029,862  wrgs:3,359,762  wck:204.7  ngds:17,469  sols:1  bounds:2..27
    run1,359  dpts:237..247  robin:FrbaOnDom-Rand  effs:168,343,511  asgs:(598,noefs=224,fails=184)  fails:2,030,046  wrgs:3,360,065  wck:204.7  ngds:17,475  sols:1  bounds:2..27
    run1,360  dpts:3..8  robin:Wdeg-First  effs:168,354,062  asgs:(312,noefs=0,fails=193)  fails:2,030,239  wrgs:3,360,356  wck:204.7  ngds:17,484  sols:1  bounds:2..27
    run1,361  dpts:4..14  robin:PickOnDom-Last  effs:168,375,397  asgs:(407,noefs=4,fails=203)  fails:2,030,442  wrgs:3,360,702  wck:204.7  ngds:17,497  sols:1  bounds:2..27
    run1,362  dpts:11..19  robin:WdegOnDom-Rand  effs:168,391,611  asgs:(406,noefs=0,fails=213)  fails:2,030,655  wrgs:3,361,056  wck:204.8  ngds:17,503  sols:1  bounds:2..27
    run1,363  dpts:7..17  robin:FrbaOnDom-First  effs:168,410,981  asgs:(450,noefs=1,fails=224)  fails:2,030,879  wrgs:3,361,428  wck:204.8  ngds:17,515  sols:1  bounds:2..27
    run1,364  dpts:4..12  robin:Wdeg-Last  effs:168,437,530  asgs:(455,noefs=0,fails=235)  fails:2,031,114  wrgs:3,361,846  wck:204.9  ngds:17,527  sols:1  bounds:2..27
    run1,365  dpts:5..17  robin:PickOnDom-Rand  effs:168,461,234  asgs:(556,noefs=13,fails=247)  fails:2,031,361  wrgs:3,362,322  wck:204.9  ngds:17,529  sols:1  bounds:2..27
    run1,366  dpts:7..16  robin:WdegOnDom-First  effs:168,480,883  asgs:(403,noefs=0,fails=259)  fails:2,031,620  wrgs:3,362,700  wck:204.9  ngds:17,534  sols:1  bounds:2..27
    run1,367  dpts:25..36  robin:FrbaOnDom-Last  effs:168,503,265  asgs:(503,noefs=14,fails=272)  fails:2,031,892  wrgs:3,363,122  wck:205.0  ngds:17,551  sols:1  bounds:2..27
    run1,368  dpts:4..11  robin:Wdeg-Rand  effs:168,524,742  asgs:(441,noefs=0,fails=286)  fails:2,032,178  wrgs:3,363,526  wck:205.0  ngds:17,560  sols:1  bounds:2..27
    run1,369  dpts:2..16  robin:PickOnDom-First  effs:168,552,305  asgs:(594,noefs=6,fails=300)  fails:2,032,478  wrgs:3,364,040  wck:205.1  ngds:17,578  sols:1  bounds:2..27
    run1,370  dpts:11..19  robin:WdegOnDom-Last  effs:168,575,186  asgs:(578,noefs=2,fails=315)  fails:2,032,793  wrgs:3,364,556  wck:205.1  ngds:17,590  sols:1  bounds:2..27
    run1,371  dpts:21..42  robin:FrbaOnDom-Rand  effs:168,612,513  asgs:(614,noefs=25,fails=331)  fails:2,033,124  wrgs:3,365,077  wck:205.2  ngds:17,598  sols:1  bounds:2..27
    run1,372  dpts:4..12  robin:Wdeg-First  effs:168,643,402  asgs:(572,noefs=0,fails=348)  fails:2,033,472  wrgs:3,365,602  wck:205.2  ngds:17,604  sols:1  bounds:2..27
    run1,373  dpts:3..17  robin:PickOnDom-Last  effs:168,680,171  asgs:(841,noefs=2,fails=365)  fails:2,033,837  wrgs:3,366,323  wck:205.3  ngds:17,612  sols:1  bounds:2..27
    run1,374  dpts:4..17  robin:WdegOnDom-Rand  effs:168,718,868  asgs:(714,noefs=0,fails=383)  fails:2,034,220  wrgs:3,366,952  wck:205.3  ngds:17,624  sols:1  bounds:2..27
    run1,375  dpts:29..224  robin:FrbaOnDom-First  effs:168,761,857  asgs:(965,noefs=217,fails=403)  fails:2,034,623  wrgs:3,367,818  wck:205.4  ngds:17,630  sols:1  bounds:2..27
    run1,376  dpts:3..14  robin:Wdeg-Last  effs:168,795,180  asgs:(750,noefs=0,fails=423)  fails:2,035,046  wrgs:3,368,520  wck:205.5  ngds:17,640  sols:1  bounds:2..27
    run1,377  dpts:7..19  robin:PickOnDom-Rand  effs:168,834,044  asgs:(910,noefs=10,fails=444)  fails:2,035,490  wrgs:3,369,280  wck:205.5  ngds:17,651  sols:1  bounds:2..27
    run1,378  dpts:11..19  robin:WdegOnDom-First  effs:168,867,255  asgs:(939,noefs=0,fails=466)  fails:2,035,956  wrgs:3,370,087  wck:205.6  ngds:17,659  sols:1  bounds:2..27
    run1,379  dpts:178..191  robin:FrbaOnDom-Last  effs:168,911,302  asgs:(1147,noefs=168,fails=490)  fails:2,036,446  wrgs:3,370,971  wck:205.6  ngds:17,673  sols:1  bounds:2..27
    run1,380  dpts:4..14  robin:Wdeg-Rand  effs:168,951,040  asgs:(872,noefs=0,fails=514)  fails:2,036,960  wrgs:3,371,746  wck:205.7  ngds:17,691  sols:1  bounds:2..27
 ...resetting heuristics data (nValues:1,594 - nSingletons:213 - nEntailed:86)
    run1,381  dpts:16..26  robin:PickOnDom-First  effs:168,988,320  asgs:(1004,noefs=11,fails=540)  fails:2,037,500  wrgs:3,372,636  wck:205.8  ngds:17,711  sols:1  bounds:2..27
    run1,382  dpts:11..21  robin:WdegOnDom-Last  effs:169,030,033  asgs:(1060,noefs=0,fails=567)  fails:2,038,067  wrgs:3,373,551  wck:205.8  ngds:17,724  sols:1  bounds:2..27
    run1,383  dpts:12..98  robin:FrbaOnDom-Rand  effs:169,109,151  asgs:(1410,noefs=231,fails=595)  fails:2,038,662  wrgs:3,374,725  wck:206.0  ngds:17,728  sols:1  bounds:2..27
    run1,384  dpts:14..26  robin:Wdeg-First  effs:169,152,742  asgs:(1059,noefs=1,fails=625)  fails:2,039,287  wrgs:3,375,686  wck:206.0  ngds:17,748  sols:1  bounds:2..27
    run1,385  dpts:2..17  robin:PickOnDom-Last  effs:169,215,160  asgs:(1398,noefs=10,fails=656)  fails:2,039,943  wrgs:3,376,886  wck:206.1  ngds:17,752  sols:1  bounds:2..27
    run1,386  dpts:4..17  robin:WdegOnDom-Rand  effs:169,275,082  asgs:(1270,noefs=3,fails=689)  fails:2,040,632  wrgs:3,377,987  wck:206.2  ngds:17,762  sols:1  bounds:2..27
    run1,387  dpts:231..245  robin:FrbaOnDom-First  effs:169,333,935  asgs:(1542,noefs=222,fails=723)  fails:2,041,355  wrgs:3,379,129  wck:206.4  ngds:17,781  sols:1  bounds:2..27
    run1,388  dpts:7..17  robin:Wdeg-Last  effs:169,403,114  asgs:(1316,noefs=2,fails=760)  fails:2,042,115  wrgs:3,380,411  wck:206.5  ngds:17,795  sols:1  bounds:2..27
    run1,389  dpts:4..17  robin:PickOnDom-Rand  effs:169,462,278  asgs:(1593,noefs=36,fails=798)  fails:2,042,913  wrgs:3,381,748  wck:206.5  ngds:17,801  sols:1  bounds:2..27
    run1,390  dpts:4..15  robin:WdegOnDom-First  effs:169,534,501  asgs:(1485,noefs=0,fails=838)  fails:2,043,751  wrgs:3,383,087  wck:206.6  ngds:17,813  sols:1  bounds:2..27
    run1,391  dpts:10..38  robin:FrbaOnDom-Last  effs:169,638,735  asgs:(1568,noefs=29,fails=879)  fails:2,044,630  wrgs:3,384,496  wck:206.8  ngds:17,824  sols:1  bounds:2..27
    run1,392  dpts:4..13  robin:Wdeg-Rand  effs:169,693,005  asgs:(1542,noefs=0,fails=923)  fails:2,045,553  wrgs:3,385,897  wck:206.9  ngds:17,835  sols:1  bounds:2..27
    run1,393  dpts:4..14  robin:PickOnDom-First  effs:169,762,642  asgs:(1807,noefs=9,fails=970)  fails:2,046,523  wrgs:3,387,526  wck:207.0  ngds:17,856  sols:1  bounds:2..27
    run1,394  dpts:4..16  robin:WdegOnDom-Last  effs:169,856,293  asgs:(1853,noefs=0,fails=1018)  fails:2,047,541  wrgs:3,389,290  wck:207.1  ngds:17,864  sols:1  bounds:2..27
    run1,395  dpts:9..27  robin:FrbaOnDom-Rand  effs:169,966,866  asgs:(1939,noefs=10,fails=1069)  fails:2,048,610  wrgs:3,390,991  wck:207.4  ngds:17,881  sols:1  bounds:2..27
    run1,396  dpts:2..10  robin:Wdeg-First  effs:170,047,223  asgs:(1899,noefs=0,fails=1123)  fails:2,049,733  wrgs:3,392,731  wck:207.5  ngds:17,887  sols:1  bounds:2..27
    run1,397  dpts:4..16  robin:PickOnDom-Last  effs:170,166,630  asgs:(2394,noefs=11,fails=1179)  fails:2,050,912  wrgs:3,394,809  wck:207.6  ngds:17,899  sols:1  bounds:2..27
    run1,398  dpts:6..15  robin:WdegOnDom-Rand  effs:170,268,536  asgs:(2381,noefs=4,fails=1238)  fails:2,052,150  wrgs:3,396,869  wck:207.7  ngds:17,915  sols:1  bounds:2..27
    run1,399  dpts:11..37  robin:FrbaOnDom-First  effs:170,385,635  asgs:(2539,noefs=22,fails=1300)  fails:2,053,450  wrgs:3,399,071  wck:208.0  ngds:17,929  sols:1  bounds:2..27
    run1,400  dpts:2..15  robin:Wdeg-Last  effs:170,519,917  asgs:(2531,noefs=0,fails=1365)  fails:2,054,815  wrgs:3,401,454  wck:208.2  ngds:17,948  sols:1  bounds:2..27
    run1,401  dpts:6..19  robin:PickOnDom-Rand  effs:170,642,945  asgs:(2788,noefs=2,fails=1433)  fails:2,056,248  wrgs:3,403,872  wck:208.3  ngds:17,964  sols:1  bounds:2..27
    run1,402  dpts:3..16  robin:WdegOnDom-First  effs:170,735,662  asgs:(2822,noefs=0,fails=1505)  fails:2,057,753  wrgs:3,406,426  wck:208.5  ngds:17,980  sols:1  bounds:2..27
    run1,403  dpts:14..101  robin:FrbaOnDom-Last  effs:170,930,357  asgs:(3154,noefs=123,fails=1580)  fails:2,059,333  wrgs:3,409,181  wck:208.8  ngds:17,994  sols:1  bounds:2..27
    run1,404  dpts:3..12  robin:Wdeg-Rand  effs:171,053,865  asgs:(2700,noefs=0,fails=1659)  fails:2,060,992  wrgs:3,411,648  wck:209.0  ngds:18,007  sols:1  bounds:2..27
    run1,405  dpts:2..14  robin:PickOnDom-First  effs:171,189,659  asgs:(3311,noefs=18,fails=1742)  fails:2,062,734  wrgs:3,414,557  wck:209.2  ngds:18,022  sols:1  bounds:2..27
    run1,406  dpts:7..17  robin:WdegOnDom-Last  effs:171,332,673  asgs:(3292,noefs=0,fails=1829)  fails:2,064,563  wrgs:3,417,590  wck:209.4  ngds:18,037  sols:1  bounds:2..27
    run1,407  dpts:5..135  robin:FrbaOnDom-Rand  effs:171,532,724  asgs:(3566,noefs=128,fails=1920)  fails:2,066,483  wrgs:3,420,653  wck:209.7  ngds:18,047  sols:1  bounds:2..27
    run1,408  dpts:2..13  robin:Wdeg-First  effs:171,677,342  asgs:(3255,noefs=0,fails=2016)  fails:2,068,499  wrgs:3,423,652  wck:209.9  ngds:18,067  sols:1  bounds:2..27
    run1,409  dpts:3..15  robin:PickOnDom-Last  effs:171,886,217  asgs:(4448,noefs=25,fails=2117)  fails:2,070,616  wrgs:3,427,440  wck:210.2  ngds:18,085  sols:1  bounds:2..27
    run1,410  dpts:6..17  robin:WdegOnDom-Rand  effs:172,070,630  asgs:(4265,noefs=1,fails=2223)  fails:2,072,839  wrgs:3,431,142  wck:210.4  ngds:18,109  sols:1  bounds:2..27
 ...resetting heuristics data (nValues:1,594 - nSingletons:213 - nEntailed:86)
    run1,411  dpts:5..98  robin:FrbaOnDom-First  effs:172,354,073  asgs:(4715,noefs=367,fails=2334)  fails:2,075,173  wrgs:3,435,256  wck:210.8  ngds:18,132  sols:1  bounds:2..27
    run1,412  dpts:11..24  robin:Wdeg-Last  effs:172,506,465  asgs:(3876,noefs=0,fails=2451)  fails:2,077,624  wrgs:3,438,854  wck:211.0  ngds:18,150  sols:1  bounds:2..27
    run1,413  dpts:13..24  robin:PickOnDom-Rand  effs:172,707,922  asgs:(5185,noefs=124,fails=2574)  fails:2,080,198  wrgs:3,443,310  wck:211.3  ngds:18,164  sols:1  bounds:2..27
    run1,414  dpts:13..25  robin:WdegOnDom-First  effs:172,877,049  asgs:(5086,noefs=1,fails=2702)  fails:2,082,900  wrgs:3,447,875  wck:211.5  ngds:18,180  sols:1  bounds:2..27
    run1,415  dpts:126..153  robin:FrbaOnDom-Last  effs:173,049,576  asgs:(5421,noefs=130,fails=2838)  fails:2,085,738  wrgs:3,452,627  wck:211.8  ngds:18,205  sols:1  bounds:2..27
    run1,416  dpts:2..15  robin:Wdeg-Rand  effs:173,345,531  asgs:(5238,noefs=1,fails=2979)  fails:2,088,717  wrgs:3,457,319  wck:212.2  ngds:18,222  sols:1  bounds:2..27
    run1,417  dpts:1..17  robin:PickOnDom-First  effs:173,613,050  asgs:(6724,noefs=82,fails=3128)  fails:2,091,845  wrgs:3,462,688  wck:212.6  ngds:18,241  sols:1  bounds:2..27
    run1,418  dpts:4..19  robin:WdegOnDom-Last  effs:173,924,726  asgs:(6637,noefs=8,fails=3285)  fails:2,095,130  wrgs:3,468,739  wck:213.0  ngds:18,251  sols:1  bounds:2..27
    run1,419  dpts:2..105  robin:FrbaOnDom-Rand  effs:174,342,876  asgs:(6388,noefs=316,fails=3449)  fails:2,098,579  wrgs:3,474,438  wck:213.6  ngds:18,265  sols:1  bounds:2..27
    run1,420  dpts:3..16  robin:Wdeg-First  effs:174,615,292  asgs:(5995,noefs=0,fails=3622)  fails:2,102,201  wrgs:3,479,924  wck:214.0  ngds:18,274  sols:1  bounds:2..27
    run1,421  dpts:7..19  robin:PickOnDom-Last  effs:174,978,632  asgs:(7967,noefs=20,fails=3803)  fails:2,106,004  wrgs:3,486,602  wck:214.5  ngds:18,289  sols:1  bounds:2..27
    run1,422  dpts:6..18  robin:WdegOnDom-Rand  effs:175,355,666  asgs:(7054,noefs=4,fails=3993)  fails:2,109,997  wrgs:3,492,851  wck:215.0  ngds:18,318  sols:1  bounds:2..27
    run1,423  dpts:2..23  robin:FrbaOnDom-First  effs:175,736,570  asgs:(8006,noefs=41,fails=4193)  fails:2,114,190  wrgs:3,499,738  wck:215.5  ngds:18,337  sols:1  bounds:2..27
    run1,424  dpts:3..14  robin:Wdeg-Last  effs:176,084,419  asgs:(7767,noefs=0,fails=4402)  fails:2,118,592  wrgs:3,506,937  wck:216.0  ngds:18,366  sols:1  bounds:2..27
    run1,425  dpts:2..16  robin:PickOnDom-Rand  effs:176,549,051  asgs:(9746,noefs=45,fails=4622)  fails:2,123,214  wrgs:3,515,083  wck:216.6  ngds:18,380  sols:1  bounds:2..27
    run1,426  dpts:1..15  robin:WdegOnDom-First  effs:176,881,890  asgs:(9221,noefs=19,fails=4854)  fails:2,128,068  wrgs:3,523,391  wck:217.0  ngds:18,391  sols:1  bounds:2..27
    run1,427  dpts:1..23  robin:FrbaOnDom-Last  effs:177,271,634  asgs:(9660,noefs=38,fails=5096)  fails:2,133,164  wrgs:3,531,995  wck:217.6  ngds:18,414  sols:1  bounds:2..27
    run1,428  dpts:3..15  robin:Wdeg-Rand  effs:177,763,734  asgs:(9107,noefs=2,fails=5351)  fails:2,138,515  wrgs:3,540,147  wck:218.2  ngds:18,425  sols:1  bounds:2..27
    run1,429  dpts:3..18  robin:PickOnDom-First  effs:178,245,812  asgs:(11462,noefs=68,fails=5619)  fails:2,144,134  wrgs:3,550,289  wck:218.7  ngds:18,441  sols:1  bounds:2..27
    run1,430  dpts:6..18  robin:WdegOnDom-Last  effs:178,703,715  asgs:(11288,noefs=0,fails=5900)  fails:2,150,034  wrgs:3,560,265  wck:219.4  ngds:18,452  sols:1  bounds:2..27
    run1,431  dpts:1..38  robin:FrbaOnDom-Rand  effs:179,331,453  asgs:(11348,noefs=46,fails=6195)  fails:2,156,229  wrgs:3,570,329  wck:220.2  ngds:18,477  sols:1  bounds:2..27
    run1,432  dpts:2..15  robin:Wdeg-First  effs:179,847,518  asgs:(10858,noefs=8,fails=6504)  fails:2,162,733  wrgs:3,580,197  wck:221.1  ngds:18,503  sols:1  bounds:2..27
    run1,433  dpts:2..15  robin:PickOnDom-Last  effs:180,468,888  asgs:(14820,noefs=205,fails=6830)  fails:2,169,563  wrgs:3,592,447  wck:221.9  ngds:18,513  sols:1  bounds:2..27
    run1,434  dpts:1..18  robin:WdegOnDom-Rand  effs:181,137,550  asgs:(13285,noefs=6,fails=7171)  fails:2,176,734  wrgs:3,604,130  wck:222.6  ngds:18,530  sols:1  bounds:2..27
    run1,435  dpts:1..25  robin:FrbaOnDom-First  effs:181,768,903  asgs:(14105,noefs=33,fails=7530)  fails:2,184,264  wrgs:3,616,782  wck:223.5  ngds:18,552  sols:1  bounds:2..27
    run1,436  dpts:3..15  robin:Wdeg-Last  effs:182,422,837  asgs:(13485,noefs=1,fails=7906)  fails:2,192,170  wrgs:3,629,721  wck:224.4  ngds:18,563  sols:1  bounds:2..27
    run1,437  dpts:3..17  robin:PickOnDom-Rand  effs:183,135,559  asgs:(18239,noefs=74,fails=8302)  fails:2,200,472  wrgs:3,644,616  wck:225.3  ngds:18,576  sols:1  bounds:2..27
    run1,438  dpts:5..18  robin:WdegOnDom-First  effs:183,740,123  asgs:(17108,noefs=1,fails=8717)  fails:2,209,189  wrgs:3,660,111  wck:226.0  ngds:18,591  sols:1  bounds:2..27
    run1,439  dpts:34..53  robin:FrbaOnDom-Last  effs:184,523,067  asgs:(17178,noefs=62,fails=9153)  fails:2,218,342  wrgs:3,675,432  wck:227.0  ngds:18,623  sols:1  bounds:2..27
    run1,440  dpts:2..15  robin:Wdeg-Rand  effs:185,297,047  asgs:(16376,noefs=2,fails=9610)  fails:2,227,952  wrgs:3,690,312  wck:228.2  ngds:18,638  sols:1  bounds:2..27
 ...resetting restart cutoff to 130
 ...resetting heuristics data (nValues:1,594 - nSingletons:213 - nEntailed:86)
    run1,441  dpts:17..26  robin:PickOnDom-First  effs:185,304,819  asgs:(260,noefs=4,fails=130)  fails:2,228,082  wrgs:3,690,518  wck:228.2  ngds:18,653  sols:1  bounds:2..27
    run1,442  dpts:13..22  robin:WdegOnDom-Last  effs:185,315,013  asgs:(265,noefs=0,fails=136)  fails:2,228,218  wrgs:3,690,730  wck:228.2  ngds:18,664  sols:1  bounds:2..27
    run1,443  dpts:26..48  robin:FrbaOnDom-Rand  effs:185,331,585  asgs:(293,noefs=34,fails=143)  fails:2,228,361  wrgs:3,690,962  wck:228.2  ngds:18,668  sols:1  bounds:2..27
    run1,444  dpts:16..23  robin:Wdeg-First  effs:185,341,919  asgs:(284,noefs=1,fails=150)  fails:2,228,511  wrgs:3,691,196  wck:228.3  ngds:18,680  sols:1  bounds:2..27
    run1,445  dpts:7..19  robin:PickOnDom-Last  effs:185,353,501  asgs:(331,noefs=8,fails=158)  fails:2,228,669  wrgs:3,691,476  wck:228.3  ngds:18,687  sols:1  bounds:2..27
    run1,446  dpts:2..17  robin:WdegOnDom-Rand  effs:185,369,785  asgs:(312,noefs=2,fails=165)  fails:2,228,834  wrgs:3,691,743  wck:228.3  ngds:18,707  sols:1  bounds:2..27
    run1,447  dpts:6..70  robin:FrbaOnDom-First  effs:185,397,752  asgs:(444,noefs=101,fails=174)  fails:2,229,008  wrgs:3,692,138  wck:228.3  ngds:18,715  sols:1  bounds:2..27
    run1,448  dpts:5..16  robin:Wdeg-Last  effs:185,414,555  asgs:(358,noefs=9,fails=182)  fails:2,229,190  wrgs:3,692,457  wck:228.4  ngds:18,723  sols:1  bounds:2..27
    run1,449  dpts:6..18  robin:PickOnDom-Rand  effs:185,430,731  asgs:(403,noefs=21,fails=192)  fails:2,229,382  wrgs:3,692,790  wck:228.4  ngds:18,728  sols:1  bounds:2..27
    run1,450  dpts:3..15  robin:WdegOnDom-First  effs:185,452,599  asgs:(367,noefs=2,fails=201)  fails:2,229,583  wrgs:3,693,122  wck:228.4  ngds:18,743  sols:1  bounds:2..27
    run1,451  dpts:285..301  robin:FrbaOnDom-Last  effs:185,471,712  asgs:(683,noefs=284,fails=211)  fails:2,229,794  wrgs:3,693,496  wck:228.5  ngds:18,755  sols:1  bounds:2..27
    run1,452  dpts:5..13  robin:Wdeg-Rand  effs:185,488,854  asgs:(377,noefs=0,fails=222)  fails:2,230,016  wrgs:3,693,833  wck:228.5  ngds:18,758  sols:1  bounds:2..27
    run1,453  dpts:4..12  robin:PickOnDom-First  effs:185,508,583  asgs:(512,noefs=6,fails=233)  fails:2,230,249  wrgs:3,694,251  wck:228.5  ngds:18,770  sols:1  bounds:2..27
    run1,454  dpts:6..15  robin:WdegOnDom-Last  effs:185,528,800  asgs:(449,noefs=0,fails=245)  fails:2,230,494  wrgs:3,694,659  wck:228.6  ngds:18,785  sols:1  bounds:2..27
    run1,455  dpts:26..62  robin:FrbaOnDom-Rand  effs:185,563,161  asgs:(485,noefs=38,fails=257)  fails:2,230,751  wrgs:3,695,062  wck:228.6  ngds:18,790  sols:1  bounds:2..27
    run1,456  dpts:0..14  robin:Wdeg-First  effs:185,582,143  asgs:(471,noefs=0,fails=270)  fails:2,231,021  wrgs:3,695,492  wck:228.7  ngds:18,801  sols:1  bounds:2..27
    run1,457  dpts:6..16  robin:PickOnDom-Last  effs:185,607,369  asgs:(534,noefs=2,fails=283)  fails:2,231,304  wrgs:3,695,968  wck:228.7  ngds:18,806  sols:1  bounds:2..27
    run1,458  dpts:9..17  robin:WdegOnDom-Rand  effs:185,631,704  asgs:(547,noefs=0,fails=297)  fails:2,231,601  wrgs:3,696,436  wck:228.8  ngds:18,822  sols:1  bounds:2..27
    run1,459  dpts:25..96  robin:FrbaOnDom-First  effs:185,660,367  asgs:(687,noefs=79,fails=312)  fails:2,231,913  wrgs:3,697,010  wck:228.8  ngds:18,828  sols:1  bounds:2..27
    run1,460  dpts:6..15  robin:Wdeg-Last  effs:185,687,364  asgs:(574,noefs=0,fails=328)  fails:2,232,241  wrgs:3,697,544  wck:228.9  ngds:18,845  sols:1  bounds:2..27
    run1,461  dpts:6..17  robin:PickOnDom-Rand  effs:185,709,956  asgs:(574,noefs=2,fails=344)  fails:2,232,585  wrgs:3,698,051  wck:228.9  ngds:18,852  sols:1  bounds:2..27
    run1,462  dpts:7..16  robin:WdegOnDom-First  effs:185,732,760  asgs:(665,noefs=0,fails=362)  fails:2,232,947  wrgs:3,698,677  wck:228.9  ngds:18,859  sols:1  bounds:2..27
    run1,463  dpts:4..15  robin:FrbaOnDom-Last  effs:185,774,146  asgs:(745,noefs=0,fails=380)  fails:2,233,327  wrgs:3,699,338  wck:229.0  ngds:18,867  sols:1  bounds:2..27
    run1,464  dpts:3..12  robin:Wdeg-Rand  effs:185,804,877  asgs:(668,noefs=0,fails=399)  fails:2,233,726  wrgs:3,699,929  wck:229.1  ngds:18,870  sols:1  bounds:2..27
    run1,465  dpts:3..15  robin:PickOnDom-First  effs:185,828,915  asgs:(741,noefs=5,fails=419)  fails:2,234,145  wrgs:3,700,597  wck:229.1  ngds:18,885  sols:1  bounds:2..27
    run1,466  dpts:4..14  robin:WdegOnDom-Last  effs:185,866,974  asgs:(839,noefs=1,fails=440)  fails:2,234,585  wrgs:3,701,359  wck:229.2  ngds:18,898  sols:1  bounds:2..27
    run1,467  dpts:5..30  robin:FrbaOnDom-Rand  effs:185,920,087  asgs:(887,noefs=15,fails=462)  fails:2,235,047  wrgs:3,702,125  wck:229.2  ngds:18,907  sols:1  bounds:2..27
    run1,468  dpts:3..12  robin:Wdeg-First  effs:185,959,135  asgs:(802,noefs=3,fails=485)  fails:2,235,532  wrgs:3,702,860  wck:229.3  ngds:18,927  sols:1  bounds:2..27
    run1,469  dpts:5..15  robin:PickOnDom-Last  effs:185,991,977  asgs:(1032,noefs=7,fails=509)  fails:2,236,041  wrgs:3,703,766  wck:229.3  ngds:18,939  sols:1  bounds:2..27
    run1,470  dpts:6..16  robin:WdegOnDom-Rand  effs:186,046,475  asgs:(942,noefs=1,fails=535)  fails:2,236,576  wrgs:3,704,600  wck:229.4  ngds:18,955  sols:1  bounds:2..27
 ...resetting heuristics data (nValues:1,593 - nSingletons:213 - nEntailed:86)
    run1,471  dpts:4..36  robin:FrbaOnDom-First  effs:186,078,666  asgs:(1315,noefs=79,fails=561)  fails:2,237,137  wrgs:3,705,584  wck:229.5  ngds:18,976  sols:1  bounds:2..27
    run1,472  dpts:13..22  robin:Wdeg-Last  effs:186,117,366  asgs:(1033,noefs=0,fails=589)  fails:2,237,726  wrgs:3,706,485  wck:229.5  ngds:18,985  sols:1  bounds:2..27
    run1,473  dpts:12..22  robin:PickOnDom-Rand  effs:186,169,120  asgs:(1167,noefs=1,fails=619)  fails:2,238,345  wrgs:3,707,500  wck:229.6  ngds:19,002  sols:1  bounds:2..27
    run1,474  dpts:14..24  robin:WdegOnDom-First  effs:186,212,647  asgs:(1249,noefs=1,fails=650)  fails:2,238,995  wrgs:3,708,585  wck:229.7  ngds:19,013  sols:1  bounds:2..27
    run1,475  dpts:14..96  robin:FrbaOnDom-Last  effs:186,272,652  asgs:(1442,noefs=153,fails=682)  fails:2,239,677  wrgs:3,709,827  wck:229.8  ngds:19,035  sols:1  bounds:2..27
    run1,476  dpts:4..14  robin:Wdeg-Rand  effs:186,333,004  asgs:(1198,noefs=2,fails=717)  fails:2,240,394  wrgs:3,710,902  wck:229.9  ngds:19,048  sols:1  bounds:2..27
    run1,477  dpts:1..13  robin:PickOnDom-First  effs:186,403,181  asgs:(1444,noefs=6,fails=752)  fails:2,241,146  wrgs:3,712,159  wck:229.9  ngds:19,064  sols:1  bounds:2..27
    run1,478  dpts:7..19  robin:WdegOnDom-Last  effs:186,478,882  asgs:(1580,noefs=3,fails=790)  fails:2,241,936  wrgs:3,713,561  wck:230.1  ngds:19,070  sols:1  bounds:2..27
    run1,479  dpts:205..228  robin:FrbaOnDom-Rand  effs:186,559,756  asgs:(1829,noefs=227,fails=830)  fails:2,242,766  wrgs:3,714,969  wck:230.2  ngds:19,090  sols:1  bounds:2..27
    run1,480  dpts:3..11  robin:Wdeg-First  effs:186,633,372  asgs:(1402,noefs=0,fails=871)  fails:2,243,637  wrgs:3,716,247  wck:230.3  ngds:19,105  sols:1  bounds:2..27
    run1,481  dpts:4..16  robin:PickOnDom-Last  effs:186,700,708  asgs:(1873,noefs=3,fails=915)  fails:2,244,552  wrgs:3,717,820  wck:230.4  ngds:19,111  sols:1  bounds:2..27
    run1,482  dpts:5..18  robin:WdegOnDom-Rand  effs:186,765,403  asgs:(1738,noefs=8,fails=960)  fails:2,245,512  wrgs:3,719,349  wck:230.5  ngds:19,125  sols:1  bounds:2..27
    run1,483  dpts:13..32  robin:FrbaOnDom-First  effs:186,874,546  asgs:(1965,noefs=14,fails=1009)  fails:2,246,521  wrgs:3,721,042  wck:230.7  ngds:19,141  sols:1  bounds:2..27
    run1,484  dpts:2..12  robin:Wdeg-Last  effs:186,956,861  asgs:(1684,noefs=0,fails=1059)  fails:2,247,580  wrgs:3,722,618  wck:230.8  ngds:19,151  sols:1  bounds:2..27
    run1,485  dpts:8..20  robin:PickOnDom-Rand  effs:187,048,274  asgs:(2026,noefs=1,fails=1112)  fails:2,248,692  wrgs:3,724,376  wck:231.0  ngds:19,164  sols:1  bounds:2..27
    run1,486  dpts:4..19  robin:WdegOnDom-First  effs:187,122,935  asgs:(2106,noefs=0,fails=1168)  fails:2,249,860  wrgs:3,726,272  wck:231.1  ngds:19,175  sols:1  bounds:2..27
    run1,487  dpts:7..19  robin:FrbaOnDom-Last  effs:187,241,382  asgs:(2431,noefs=6,fails=1226)  fails:2,251,086  wrgs:3,728,390  wck:231.3  ngds:19,198  sols:1  bounds:2..27
    run1,488  dpts:4..13  robin:Wdeg-Rand  effs:187,354,771  asgs:(2167,noefs=1,fails=1287)  fails:2,252,373  wrgs:3,730,378  wck:231.4  ngds:19,216  sols:1  bounds:2..27
    run1,489  dpts:6..17  robin:PickOnDom-First  effs:187,455,740  asgs:(2568,noefs=8,fails=1352)  fails:2,253,725  wrgs:3,732,642  wck:231.6  ngds:19,220  sols:1  bounds:2..27
    run1,490  dpts:2..14  robin:WdegOnDom-Last  effs:187,596,290  asgs:(2604,noefs=5,fails=1419)  fails:2,255,144  wrgs:3,735,027  wck:231.8  ngds:19,226  sols:1  bounds:2..27
    run1,491  dpts:6..46  robin:FrbaOnDom-Rand  effs:187,721,806  asgs:(2631,noefs=25,fails=1490)  fails:2,256,634  wrgs:3,737,324  wck:231.9  ngds:19,242  sols:1  bounds:2..27
    run1,492  dpts:2..14  robin:Wdeg-First  effs:187,806,720  asgs:(2693,noefs=2,fails=1565)  fails:2,258,199  wrgs:3,739,641  wck:232.1  ngds:19,267  sols:1  bounds:2..27
    run1,493  dpts:3..17  robin:PickOnDom-Last  effs:187,958,075  asgs:(3506,noefs=26,fails=1643)  fails:2,259,842  wrgs:3,742,673  wck:232.3  ngds:19,274  sols:1  bounds:2..27
    run1,494  dpts:6..20  robin:WdegOnDom-Rand  effs:188,106,022  asgs:(3171,noefs=0,fails=1725)  fails:2,261,567  wrgs:3,745,459  wck:232.5  ngds:19,292  sols:1  bounds:2..27
    run1,495  dpts:11..34  robin:FrbaOnDom-First  effs:188,255,078  asgs:(3521,noefs=31,fails=1812)  fails:2,263,379  wrgs:3,748,447  wck:232.7  ngds:19,311  sols:1  bounds:2..27
    run1,496  dpts:3..12  robin:Wdeg-Last  effs:188,397,090  asgs:(2942,noefs=0,fails=1902)  fails:2,265,281  wrgs:3,751,257  wck:232.9  ngds:19,334  sols:1  bounds:2..27
    run1,497  dpts:4..19  robin:PickOnDom-Rand  effs:188,575,294  asgs:(4034,noefs=10,fails=1997)  fails:2,267,278  wrgs:3,754,645  wck:233.2  ngds:19,352  sols:1  bounds:2..27
    run1,498  dpts:7..20  robin:WdegOnDom-First  effs:188,731,907  asgs:(4031,noefs=0,fails=2097)  fails:2,269,375  wrgs:3,758,278  wck:233.4  ngds:19,375  sols:1  bounds:2..27
    run1,499  dpts:1..15  robin:FrbaOnDom-Last  effs:188,918,080  asgs:(4425,noefs=4,fails=2202)  fails:2,271,577  wrgs:3,762,237  wck:233.6  ngds:19,401  sols:1  bounds:2..27
    run1,500  dpts:3..13  robin:Wdeg-Rand  effs:189,137,181  asgs:(4006,noefs=0,fails=2312)  fails:2,273,889  wrgs:3,765,830  wck:233.9  ngds:19,423  sols:1  bounds:2..27
 ...resetting heuristics data (nValues:1,593 - nSingletons:213 - nEntailed:86)
    run1,501  dpts:13..25  robin:PickOnDom-First  effs:189,275,728  asgs:(4444,noefs=58,fails=2428)  fails:2,276,317  wrgs:3,769,765  wck:234.1  ngds:19,445  sols:1  bounds:2..27
    run1,502  dpts:11..24  robin:WdegOnDom-Last  effs:189,440,425  asgs:(4660,noefs=6,fails=2549)  fails:2,278,866  wrgs:3,773,813  wck:234.3  ngds:19,469  sols:1  bounds:2..27
    run1,503  dpts:11..93  robin:FrbaOnDom-Rand  effs:189,677,463  asgs:(5165,noefs=253,fails=2677)  fails:2,281,543  wrgs:3,778,297  wck:234.7  ngds:19,476  sols:1  bounds:2..27
    run1,504  dpts:12..25  robin:Wdeg-First  effs:189,832,201  asgs:(4863,noefs=2,fails=2811)  fails:2,284,354  wrgs:3,782,737  wck:234.9  ngds:19,489  sols:1  bounds:2..27
    run1,505  dpts:3..18  robin:PickOnDom-Last  effs:190,068,325  asgs:(6212,noefs=25,fails=2951)  fails:2,287,305  wrgs:3,787,871  wck:235.2  ngds:19,497  sols:1  bounds:2..27
    run1,506  dpts:4..17  robin:WdegOnDom-Rand  effs:190,380,231  asgs:(6073,noefs=10,fails=3099)  fails:2,290,404  wrgs:3,793,036  wck:235.6  ngds:19,514  sols:1  bounds:2..27
    run1,507  dpts:1..118  robin:FrbaOnDom-First  effs:190,647,503  asgs:(6465,noefs=204,fails=3254)  fails:2,293,658  wrgs:3,798,549  wck:236.0  ngds:19,527  sols:1  bounds:2..27
    run1,508  dpts:3..17  robin:Wdeg-Last  effs:190,958,273  asgs:(5994,noefs=7,fails=3416)  fails:2,297,074  wrgs:3,804,268  wck:236.5  ngds:19,537  sols:1  bounds:2..27
    run1,509  dpts:6..18  robin:PickOnDom-Rand  effs:191,269,462  asgs:(6937,noefs=36,fails=3587)  fails:2,300,661  wrgs:3,810,230  wck:236.8  ngds:19,552  sols:1  bounds:2..27
    run1,510  dpts:3..17  robin:WdegOnDom-First  effs:191,546,832  asgs:(6790,noefs=6,fails=3767)  fails:2,304,428  wrgs:3,816,270  wck:237.2  ngds:19,573  sols:1  bounds:2..27
    run1,511  dpts:47..75  robin:FrbaOnDom-Last  effs:191,850,080  asgs:(7583,noefs=75,fails=3955)  fails:2,308,383  wrgs:3,822,749  wck:237.7  ngds:19,594  sols:1  bounds:2..27
    run1,512  dpts:1..13  robin:Wdeg-Rand  effs:192,255,385  asgs:(6877,noefs=0,fails=4153)  fails:2,312,536  wrgs:3,829,007  wck:238.3  ngds:19,607  sols:1  bounds:2..27
    run1,513  dpts:2..15  robin:PickOnDom-First  effs:192,623,422  asgs:(7938,noefs=4,fails=4360)  fails:2,316,896  wrgs:3,836,269  wck:238.7  ngds:19,623  sols:1  bounds:2..27
    run1,514  dpts:6..17  robin:WdegOnDom-Last  effs:192,934,282  asgs:(8569,noefs=1,fails=4578)  fails:2,321,474  wrgs:3,843,782  wck:239.2  ngds:19,644  sols:1  bounds:2..27
    run1,515  dpts:2..72  robin:FrbaOnDom-Rand  effs:193,311,004  asgs:(9162,noefs=70,fails=4807)  fails:2,326,281  wrgs:3,851,715  wck:239.9  ngds:19,655  sols:1  bounds:2..27
    run1,516  dpts:2..13  robin:Wdeg-First  effs:193,733,594  asgs:(8846,noefs=10,fails=5048)  fails:2,331,329  wrgs:3,859,663  wck:240.6  ngds:19,672  sols:1  bounds:2..27
    run1,517  dpts:2..15  robin:PickOnDom-Last  effs:194,195,355  asgs:(11267,noefs=68,fails=5300)  fails:2,336,629  wrgs:3,868,986  wck:241.2  ngds:19,690  sols:1  bounds:2..27
    run1,518  dpts:6..17  robin:WdegOnDom-Rand  effs:194,703,802  asgs:(10042,noefs=1,fails=5565)  fails:2,342,194  wrgs:3,877,892  wck:241.9  ngds:19,713  sols:1  bounds:2..27
    run1,519  dpts:1..307  robin:FrbaOnDom-First  effs:195,141,753  asgs:(12114,noefs=317,fails=5843)  fails:2,348,037  wrgs:3,888,231  wck:242.8  ngds:19,735  sols:1  bounds:2..27
    run1,520  dpts:2..13  robin:Wdeg-Last  effs:195,659,524  asgs:(11465,noefs=2,fails=6136)  fails:2,354,173  wrgs:3,898,931  wck:243.5  ngds:19,760  sols:1  bounds:2..27
    run1,521  dpts:3..17  robin:PickOnDom-Rand  effs:196,203,234  asgs:(12000,noefs=19,fails=6442)  fails:2,360,615  wrgs:3,909,352  wck:244.1  ngds:19,778  sols:1  bounds:2..27
    run1,522  dpts:0..17  robin:WdegOnDom-First  effs:196,738,202  asgs:(12545,noefs=15,fails=6765)  fails:2,367,380  wrgs:3,920,422  wck:245.0  ngds:19,803  sols:1  bounds:2..27
    run1,523  dpts:20..37  robin:FrbaOnDom-Last  effs:197,409,719  asgs:(14100,noefs=24,fails=7103)  fails:2,374,483  wrgs:3,933,104  wck:246.0  ngds:19,822  sols:1  bounds:2..27
    run1,524  dpts:3..13  robin:Wdeg-Rand  effs:198,129,175  asgs:(12437,noefs=1,fails=7458)  fails:2,381,941  wrgs:3,944,270  wck:246.9  ngds:19,853  sols:1  bounds:2..27
    run1,525  dpts:1..16  robin:PickOnDom-First  effs:198,721,036  asgs:(14981,noefs=39,fails=7831)  fails:2,389,772  wrgs:3,957,641  wck:247.7  ngds:19,870  sols:1  bounds:2..27
    run1,526  dpts:2..18  robin:WdegOnDom-Last  effs:199,733,871  asgs:(17938,noefs=13,fails=8223)  fails:2,397,995  wrgs:3,973,144  wck:248.8  ngds:19,882  sols:1  bounds:2..27
    run1,527  dpts:8..24  robin:FrbaOnDom-Rand  effs:200,481,993  asgs:(16139,noefs=18,fails=8634)  fails:2,406,629  wrgs:3,987,270  wck:250.0  ngds:19,891  sols:1  bounds:2..27
    run1,528  dpts:2..16  robin:Wdeg-First  effs:201,175,413  asgs:(15353,noefs=5,fails=9065)  fails:2,415,694  wrgs:4,001,325  wck:250.9  ngds:19,913  sols:1  bounds:2..27
    run1,529  dpts:1..16  robin:PickOnDom-Last  effs:201,953,315  asgs:(18977,noefs=94,fails=9519)  fails:2,425,213  wrgs:4,017,432  wck:251.9  ngds:19,929  sols:1  bounds:2..27
    run1,530  dpts:5..17  robin:WdegOnDom-Rand  effs:202,922,288  asgs:(18589,noefs=1,fails=9995)  fails:2,435,208  wrgs:4,033,742  wck:253.2  ngds:19,962  sols:1  bounds:2..27
 ...resetting restart cutoff to 135
 ...Discarding 4 singleton variables
 ...resetting heuristics data (nValues:1,587 - nSingletons:217 - nEntailed:88)
    run1,531  dpts:2..59  robin:FrbaOnDom-First  effs:202,934,532  asgs:(351,noefs=57,fails=135)  fails:2,435,343  wrgs:4,033,971  wck:253.3  ngds:19,972  sols:1  bounds:2..27
    run1,532  dpts:13..20  robin:Wdeg-Last  effs:202,943,012  asgs:(245,noefs=0,fails=141)  fails:2,435,484  wrgs:4,034,176  wck:253.3  ngds:19,976  sols:1  bounds:2..27
    run1,533  dpts:14..25  robin:PickOnDom-Rand  effs:202,953,111  asgs:(308,noefs=7,fails=148)  fails:2,435,632  wrgs:4,034,428  wck:253.3  ngds:19,984  sols:1  bounds:2..27
    run1,534  dpts:16..26  robin:WdegOnDom-First  effs:202,962,551  asgs:(307,noefs=0,fails=156)  fails:2,435,788  wrgs:4,034,691  wck:253.3  ngds:19,996  sols:1  bounds:2..27
    run1,535  dpts:1..173  robin:FrbaOnDom-Last  effs:202,980,697  asgs:(483,noefs=152,fails=164)  fails:2,435,952  wrgs:4,035,100  wck:253.4  ngds:20,000  sols:1  bounds:2..27
    run1,536  dpts:3..13  robin:Wdeg-Rand  effs:202,991,378  asgs:(318,noefs=0,fails=172)  fails:2,436,124  wrgs:4,035,366  wck:253.4  ngds:20,014  sols:1  bounds:2..27
    run1,537  dpts:5..15  robin:PickOnDom-First  effs:203,002,289  asgs:(408,noefs=8,fails=180)  fails:2,436,304  wrgs:4,035,707  wck:253.4  ngds:20,021  sols:1  bounds:2..27
    run1,538  dpts:8..16  robin:WdegOnDom-Last  effs:203,020,145  asgs:(354,noefs=1,fails=189)  fails:2,436,493  wrgs:4,036,032  wck:253.4  ngds:20,023  sols:1  bounds:2..27
    run1,539  dpts:251..267  robin:FrbaOnDom-Rand  effs:203,036,639  asgs:(635,noefs=250,fails=199)  fails:2,436,692  wrgs:4,036,371  wck:253.5  ngds:20,034  sols:1  bounds:2..27
    run1,540  dpts:3..14  robin:Wdeg-First  effs:203,046,191  asgs:(374,noefs=0,fails=209)  fails:2,436,901  wrgs:4,036,700  wck:253.5  ngds:20,049  sols:1  bounds:2..27
    run1,541  dpts:10..19  robin:PickOnDom-Last  effs:203,061,624  asgs:(470,noefs=14,fails=219)  fails:2,437,120  wrgs:4,037,110  wck:253.5  ngds:20,056  sols:1  bounds:2..27
    run1,542  dpts:12..20  robin:WdegOnDom-Rand  effs:203,087,433  asgs:(412,noefs=0,fails=230)  fails:2,437,350  wrgs:4,037,472  wck:253.6  ngds:20,073  sols:1  bounds:2..27
    run1,543  dpts:0..29  robin:FrbaOnDom-First  effs:203,113,870  asgs:(514,noefs=10,fails=242)  fails:2,437,592  wrgs:4,037,896  wck:253.6  ngds:20,081  sols:1  bounds:2..27
    run1,544  dpts:4..11  robin:Wdeg-Last  effs:203,139,180  asgs:(486,noefs=0,fails=254)  fails:2,437,846  wrgs:4,038,362  wck:253.7  ngds:20,085  sols:1  bounds:2..27
    run1,545  dpts:8..20  robin:PickOnDom-Rand  effs:203,161,989  asgs:(529,noefs=13,fails=267)  fails:2,438,113  wrgs:4,038,806  wck:253.7  ngds:20,090  sols:1  bounds:2..27
    run1,546  dpts:8..17  robin:WdegOnDom-First  effs:203,181,924  asgs:(536,noefs=0,fails=280)  fails:2,438,393  wrgs:4,039,277  wck:253.7  ngds:20,097  sols:1  bounds:2..27
    run1,547  dpts:4..18  robin:FrbaOnDom-Last  effs:203,208,539  asgs:(555,noefs=5,fails=294)  fails:2,438,687  wrgs:4,039,778  wck:253.8  ngds:20,113  sols:1  bounds:2..27
    run1,548  dpts:6..12  robin:Wdeg-Rand  effs:203,232,843  asgs:(461,noefs=0,fails=309)  fails:2,438,996  wrgs:4,040,209  wck:253.8  ngds:20,135  sols:1  bounds:2..27
    run1,549  dpts:5..16  robin:PickOnDom-First  effs:203,271,631  asgs:(713,noefs=0,fails=324)  fails:2,439,320  wrgs:4,040,827  wck:253.9  ngds:20,140  sols:1  bounds:2..27
    run1,550  dpts:4..12  robin:WdegOnDom-Last  effs:203,302,881  asgs:(644,noefs=0,fails=341)  fails:2,439,661  wrgs:4,041,395  wck:253.9  ngds:20,150  sols:1  bounds:2..27
 ...Discarding 1 singleton variables
    run1,551  dpts:18..36  robin:FrbaOnDom-Rand  effs:203,334,076  asgs:(696,noefs=17,fails=358)  fails:2,440,019  wrgs:4,041,974  wck:254.0  ngds:20,163  sols:1  bounds:2..27
    run1,552  dpts:3..10  robin:Wdeg-First  effs:203,363,021  asgs:(570,noefs=0,fails=376)  fails:2,440,395  wrgs:4,042,503  wck:254.0  ngds:20,183  sols:1  bounds:2..27
    run1,553  dpts:8..17  robin:PickOnDom-Last  effs:203,390,929  asgs:(794,noefs=1,fails=394)  fails:2,440,789  wrgs:4,043,172  wck:254.1  ngds:20,192  sols:1  bounds:2..27
    run1,554  dpts:7..16  robin:WdegOnDom-Rand  effs:203,434,421  asgs:(761,noefs=0,fails=414)  fails:2,441,203  wrgs:4,043,841  wck:254.1  ngds:20,200  sols:1  bounds:2..27
    run1,555  dpts:7..18  robin:FrbaOnDom-First  effs:203,471,841  asgs:(795,noefs=2,fails=435)  fails:2,441,638  wrgs:4,044,519  wck:254.2  ngds:20,207  sols:1  bounds:2..27
    run1,556  dpts:4..12  robin:Wdeg-Last  effs:203,526,887  asgs:(821,noefs=0,fails=457)  fails:2,442,095  wrgs:4,045,287  wck:254.3  ngds:20,224  sols:1  bounds:2..27
    run1,557  dpts:7..19  robin:PickOnDom-Rand  effs:203,564,305  asgs:(871,noefs=2,fails=480)  fails:2,442,575  wrgs:4,046,032  wck:254.3  ngds:20,234  sols:1  bounds:2..27
    run1,558  dpts:7..18  robin:WdegOnDom-First  effs:203,604,348  asgs:(959,noefs=0,fails=504)  fails:2,443,079  wrgs:4,046,929  wck:254.4  ngds:20,244  sols:1  bounds:2..27
    run1,559  dpts:3..15  robin:FrbaOnDom-Last  effs:203,682,305  asgs:(1081,noefs=1,fails=529)  fails:2,443,608  wrgs:4,047,868  wck:254.5  ngds:20,258  sols:1  bounds:2..27
    run1,560  dpts:4..12  robin:Wdeg-Rand  effs:203,730,500  asgs:(902,noefs=0,fails=555)  fails:2,444,163  wrgs:4,048,706  wck:254.6  ngds:20,267  sols:1  bounds:2..27
 ...resetting heuristics data (nValues:1,586 - nSingletons:218 - nEntailed:88)
    run1,561  dpts:12..26  robin:PickOnDom-First  effs:203,764,547  asgs:(1108,noefs=4,fails=583)  fails:2,444,746  wrgs:4,049,672  wck:254.6  ngds:20,281  sols:1  bounds:2..27
    run1,562  dpts:12..22  robin:WdegOnDom-Last  effs:203,804,723  asgs:(1223,noefs=1,fails=612)  fails:2,445,358  wrgs:4,050,700  wck:254.7  ngds:20,297  sols:1  bounds:2..27
    run1,563  dpts:6..43  robin:FrbaOnDom-Rand  effs:203,859,236  asgs:(1379,noefs=86,fails=643)  fails:2,446,001  wrgs:4,051,843  wck:254.8  ngds:20,318  sols:1  bounds:2..27
    run1,564  dpts:12..23  robin:Wdeg-First  effs:203,897,276  asgs:(1209,noefs=1,fails=675)  fails:2,446,676  wrgs:4,052,911  wck:254.9  ngds:20,332  sols:1  bounds:2..27
    run1,565  dpts:6..20  robin:PickOnDom-Last  effs:203,949,973  asgs:(1405,noefs=44,fails=709)  fails:2,447,385  wrgs:4,054,163  wck:254.9  ngds:20,342  sols:1  bounds:2..27
    run1,566  dpts:5..17  robin:WdegOnDom-Rand  effs:204,029,612  asgs:(1510,noefs=0,fails=744)  fails:2,448,129  wrgs:4,055,447  wck:255.1  ngds:20,349  sols:1  bounds:2..27
    run1,567  dpts:7..108  robin:FrbaOnDom-First  effs:204,129,325  asgs:(1684,noefs=167,fails=781)  fails:2,448,910  wrgs:4,056,943  wck:255.2  ngds:20,366  sols:1  bounds:2..27
    run1,568  dpts:3..15  robin:Wdeg-Last  effs:204,211,768  asgs:(1659,noefs=10,fails=820)  fails:2,449,730  wrgs:4,058,487  wck:255.3  ngds:20,390  sols:1  bounds:2..27
    run1,569  dpts:11..19  robin:PickOnDom-Rand  effs:204,273,973  asgs:(1680,noefs=0,fails=862)  fails:2,450,592  wrgs:4,059,924  wck:255.4  ngds:20,401  sols:1  bounds:2..27
    run1,570  dpts:4..16  robin:WdegOnDom-First  effs:204,344,445  asgs:(1662,noefs=0,fails=905)  fails:2,451,497  wrgs:4,061,364  wck:255.5  ngds:20,409  sols:1  bounds:2..27
    run1,571  dpts:0..205  robin:FrbaOnDom-Last  effs:204,443,174  asgs:(2072,noefs=185,fails=950)  fails:2,452,447  wrgs:4,063,006  wck:255.7  ngds:20,423  sols:1  bounds:2..27
    run1,572  dpts:3..13  robin:Wdeg-Rand  effs:204,547,695  asgs:(1754,noefs=0,fails=997)  fails:2,453,444  wrgs:4,064,599  wck:255.9  ngds:20,432  sols:1  bounds:2..27
    run1,573  dpts:4..13  robin:PickOnDom-First  effs:204,630,271  asgs:(1865,noefs=1,fails=1047)  fails:2,454,491  wrgs:4,066,276  wck:256.0  ngds:20,454  sols:1  bounds:2..27
    run1,574  dpts:8..19  robin:WdegOnDom-Last  effs:204,712,034  asgs:(2024,noefs=0,fails=1100)  fails:2,455,591  wrgs:4,068,116  wck:256.2  ngds:20,461  sols:1  bounds:2..27
    run1,575  dpts:6..18  robin:FrbaOnDom-Rand  effs:204,814,750  asgs:(2108,noefs=5,fails=1155)  fails:2,456,746  wrgs:4,069,975  wck:256.4  ngds:20,486  sols:1  bounds:2..27
    run1,576  dpts:3..13  robin:Wdeg-First  effs:204,917,473  asgs:(1990,noefs=0,fails=1212)  fails:2,457,958  wrgs:4,071,831  wck:256.5  ngds:20,512  sols:1  bounds:2..27
    run1,577  dpts:2..15  robin:PickOnDom-Last  effs:205,041,819  asgs:(2604,noefs=12,fails=1273)  fails:2,459,231  wrgs:4,074,123  wck:256.7  ngds:20,521  sols:1  bounds:2..27
    run1,578  dpts:5..21  robin:WdegOnDom-Rand  effs:205,152,811  asgs:(2465,noefs=1,fails=1337)  fails:2,460,568  wrgs:4,076,288  wck:256.9  ngds:20,533  sols:1  bounds:2..27
    run1,579  dpts:5..21  robin:FrbaOnDom-First  effs:205,265,465  asgs:(2515,noefs=2,fails=1404)  fails:2,461,972  wrgs:4,078,548  wck:257.1  ngds:20,540  sols:1  bounds:2..27
    run1,580  dpts:3..15  robin:Wdeg-Last  effs:205,379,239  asgs:(2586,noefs=0,fails=1474)  fails:2,463,446  wrgs:4,080,912  wck:257.3  ngds:20,559  sols:1  bounds:2..27
 ...Discarding 1 singleton variables
    run1,581  dpts:5..20  robin:PickOnDom-Rand  effs:205,496,781  asgs:(2808,noefs=21,fails=1548)  fails:2,464,994  wrgs:4,083,398  wck:257.4  ngds:20,576  sols:1  bounds:2..27
    run1,582  dpts:8..19  robin:WdegOnDom-First  effs:205,599,604  asgs:(3177,noefs=0,fails=1625)  fails:2,466,619  wrgs:4,086,210  wck:257.5  ngds:20,596  sols:1  bounds:2..27
    run1,583  dpts:14..39  robin:FrbaOnDom-Last  effs:205,784,220  asgs:(3294,noefs=34,fails=1706)  fails:2,468,325  wrgs:4,089,114  wck:257.8  ngds:20,610  sols:1  bounds:2..27
    run1,584  dpts:3..12  robin:Wdeg-Rand  effs:205,973,566  asgs:(3020,noefs=0,fails=1792)  fails:2,470,117  wrgs:4,091,860  wck:258.1  ngds:20,626  sols:1  bounds:2..27
    run1,585  dpts:3..17  robin:PickOnDom-First  effs:206,120,111  asgs:(3706,noefs=25,fails=1881)  fails:2,471,998  wrgs:4,095,188  wck:258.3  ngds:20,637  sols:1  bounds:2..27
    run1,586  dpts:5..16  robin:WdegOnDom-Last  effs:206,292,951  asgs:(3817,noefs=0,fails=1975)  fails:2,473,973  wrgs:4,098,596  wck:258.5  ngds:20,658  sols:1  bounds:2..27
    run1,587  dpts:15..208  robin:FrbaOnDom-Rand  effs:206,489,728  asgs:(4079,noefs=272,fails=2074)  fails:2,476,047  wrgs:4,102,115  wck:258.9  ngds:20,668  sols:1  bounds:2..27
    run1,588  dpts:2..11  robin:Wdeg-First  effs:206,654,314  asgs:(3552,noefs=4,fails=2178)  fails:2,478,225  wrgs:4,105,341  wck:259.1  ngds:20,678  sols:1  bounds:2..27
    run1,589  dpts:4..16  robin:PickOnDom-Last  effs:206,849,983  asgs:(4743,noefs=23,fails=2287)  fails:2,480,512  wrgs:4,109,365  wck:259.4  ngds:20,687  sols:1  bounds:2..27
    run1,590  dpts:4..19  robin:WdegOnDom-Rand  effs:207,116,503  asgs:(4537,noefs=8,fails=2401)  fails:2,482,913  wrgs:4,113,358  wck:259.7  ngds:20,701  sols:1  bounds:2..27
 ...resetting heuristics data (nValues:1,585 - nSingletons:219 - nEntailed:88)
    run1,591  dpts:13..53  robin:FrbaOnDom-First  effs:207,268,746  asgs:(4921,noefs=213,fails=2521)  fails:2,485,434  wrgs:4,117,522  wck:260.0  ngds:20,711  sols:1  bounds:2..27
    run1,592  dpts:10..24  robin:Wdeg-Last  effs:207,411,886  asgs:(4461,noefs=2,fails=2647)  fails:2,488,081  wrgs:4,121,654  wck:260.2  ngds:20,735  sols:1  bounds:2..27
    run1,593  dpts:11..24  robin:PickOnDom-Rand  effs:207,598,759  asgs:(5566,noefs=70,fails=2780)  fails:2,490,861  wrgs:4,126,363  wck:260.5  ngds:20,741  sols:1  bounds:2..27
    run1,594  dpts:13..25  robin:WdegOnDom-First  effs:207,820,634  asgs:(5677,noefs=1,fails=2919)  fails:2,493,780  wrgs:4,131,380  wck:260.9  ngds:20,762  sols:1  bounds:2..27
    run1,595  dpts:252..277  robin:FrbaOnDom-Last  effs:208,064,133  asgs:(6205,noefs=293,fails=3065)  fails:2,496,845  wrgs:4,136,505  wck:261.3  ngds:20,784  sols:1  bounds:2..27
    run1,596  dpts:3..16  robin:Wdeg-Rand  effs:208,384,209  asgs:(5624,noefs=1,fails=3218)  fails:2,500,063  wrgs:4,141,490  wck:261.8  ngds:20,795  sols:1  bounds:2..27
    run1,597  dpts:3..16  robin:PickOnDom-First  effs:208,719,948  asgs:(6751,noefs=9,fails=3379)  fails:2,503,442  wrgs:4,147,412  wck:262.2  ngds:20,818  sols:1  bounds:2..27
    run1,598  dpts:2..17  robin:WdegOnDom-Last  effs:209,116,508  asgs:(7264,noefs=20,fails=3548)  fails:2,506,990  wrgs:4,154,137  wck:262.8  ngds:20,844  sols:1  bounds:2..27
    run1,599  dpts:15..102  robin:FrbaOnDom-Rand  effs:209,484,421  asgs:(6948,noefs=329,fails=3725)  fails:2,510,715  wrgs:4,160,315  wck:263.5  ngds:20,854  sols:1  bounds:2..27
    run1,600  dpts:1..14  robin:Wdeg-First  effs:209,851,671  asgs:(6482,noefs=5,fails=3911)  fails:2,514,626  wrgs:4,166,126  wck:264.0  ngds:20,859  sols:1  bounds:2..27
    run1,601  dpts:6..16  robin:PickOnDom-Last  effs:210,157,704  asgs:(8264,noefs=0,fails=4107)  fails:2,518,733  wrgs:4,173,053  wck:264.4  ngds:20,880  sols:1  bounds:2..27
    run1,602  dpts:7..19  robin:WdegOnDom-Rand  effs:210,506,262  asgs:(7903,noefs=5,fails=4312)  fails:2,523,045  wrgs:4,179,976  wck:264.9  ngds:20,892  sols:1  bounds:2..27
    run1,603  dpts:6..130  robin:FrbaOnDom-First  effs:210,894,354  asgs:(8845,noefs=212,fails=4528)  fails:2,527,573  wrgs:4,187,851  wck:265.6  ngds:20,907  sols:1  bounds:2..27
    run1,604  dpts:3..14  robin:Wdeg-Last  effs:211,393,458  asgs:(9144,noefs=3,fails=4755)  fails:2,532,328  wrgs:4,196,421  wck:266.3  ngds:20,922  sols:1  bounds:2..27
    run1,605  dpts:2..15  robin:PickOnDom-Rand  effs:211,811,893  asgs:(9257,noefs=39,fails=4992)  fails:2,537,320  wrgs:4,204,467  wck:266.8  ngds:20,939  sols:1  bounds:2..27
    run1,606  dpts:1..16  robin:WdegOnDom-First  effs:212,154,063  asgs:(9888,noefs=0,fails=5242)  fails:2,542,562  wrgs:4,213,348  wck:267.2  ngds:20,962  sols:1  bounds:2..27
    run1,607  dpts:6..86  robin:FrbaOnDom-Last  effs:212,645,913  asgs:(10508,noefs=157,fails=5504)  fails:2,548,066  wrgs:4,222,570  wck:268.0  ngds:20,973  sols:1  bounds:2..27
    run1,608  dpts:2..15  robin:Wdeg-Rand  effs:213,151,875  asgs:(9828,noefs=1,fails=5779)  fails:2,553,845  wrgs:4,231,414  wck:268.6  ngds:20,990  sols:1  bounds:2..27
    run1,609  dpts:3..19  robin:PickOnDom-First  effs:213,529,721  asgs:(12056,noefs=94,fails=6068)  fails:2,559,913  wrgs:4,242,042  wck:269.1  ngds:21,021  sols:1  bounds:2..27
    run1,610  dpts:6..19  robin:WdegOnDom-Last  effs:214,031,752  asgs:(11654,noefs=0,fails=6372)  fails:2,566,285  wrgs:4,252,533  wck:269.8  ngds:21,043  sols:1  bounds:2..27
    run1,611  dpts:6..92  robin:FrbaOnDom-Rand  effs:214,619,476  asgs:(12596,noefs=188,fails=6690)  fails:2,572,975  wrgs:4,263,453  wck:270.9  ngds:21,059  sols:1  bounds:2..27
    run1,612  dpts:3..14  robin:Wdeg-First  effs:215,123,852  asgs:(11529,noefs=0,fails=7025)  fails:2,580,000  wrgs:4,273,981  wck:271.6  ngds:21,080  sols:1  bounds:2..27
    run1,613  dpts:2..17  robin:PickOnDom-Last  effs:215,808,219  asgs:(15745,noefs=46,fails=7376)  fails:2,587,376  wrgs:4,287,194  wck:272.5  ngds:21,096  sols:1  bounds:2..27
    run1,614  dpts:2..17  robin:WdegOnDom-Rand  effs:216,551,447  asgs:(14020,noefs=0,fails=7745)  fails:2,595,121  wrgs:4,299,644  wck:273.4  ngds:21,120  sols:1  bounds:2..27
    run1,615  dpts:4..326  robin:FrbaOnDom-First  effs:217,230,459  asgs:(15909,noefs=393,fails=8132)  fails:2,603,253  wrgs:4,314,008  wck:274.7  ngds:21,148  sols:1  bounds:2..27
    run1,616  dpts:2..13  robin:Wdeg-Last  effs:217,972,118  asgs:(14570,noefs=0,fails=8539)  fails:2,611,792  wrgs:4,328,009  wck:275.8  ngds:21,165  sols:1  bounds:2..27
    run1,617  dpts:4..19  robin:PickOnDom-Rand  effs:218,720,995  asgs:(17019,noefs=58,fails=8966)  fails:2,620,758  wrgs:4,342,745  wck:276.7  ngds:21,177  sols:1  bounds:2..27
    run1,618  dpts:3..20  robin:WdegOnDom-First  effs:219,360,322  asgs:(17064,noefs=2,fails=9414)  fails:2,630,172  wrgs:4,358,121  wck:277.6  ngds:21,200  sols:1  bounds:2..27
    run1,619  dpts:2..24  robin:FrbaOnDom-Last  effs:220,245,743  asgs:(18927,noefs=85,fails=9885)  fails:2,640,057  wrgs:4,375,085  wck:278.9  ngds:21,214  sols:1  bounds:2..27
    run1,620  dpts:2..14  robin:Wdeg-Rand  effs:221,303,677  asgs:(18302,noefs=7,fails=10379)  fails:2,650,436  wrgs:4,391,400  wck:280.3  ngds:21,230  sols:1  bounds:2..27
 ...resetting restart cutoff to 140
 ...resetting heuristics data (nValues:1,585 - nSingletons:219 - nEntailed:88)
    run1,621  dpts:17..25  robin:PickOnDom-First  effs:221,312,215  asgs:(261,noefs=7,fails=140)  fails:2,650,576  wrgs:4,391,628  wck:280.4  ngds:21,240  sols:1  bounds:2..27
    run1,622  dpts:13..20  robin:WdegOnDom-Last  effs:221,323,005  asgs:(271,noefs=2,fails=147)  fails:2,650,723  wrgs:4,391,869  wck:280.4  ngds:21,249  sols:1  bounds:2..27
    run1,623  dpts:14..34  robin:FrbaOnDom-Rand  effs:221,339,993  asgs:(352,noefs=20,fails=154)  fails:2,650,877  wrgs:4,392,148  wck:280.4  ngds:21,259  sols:1  bounds:2..27
    run1,624  dpts:17..25  robin:Wdeg-First  effs:221,349,904  asgs:(306,noefs=5,fails=162)  fails:2,651,039  wrgs:4,392,408  wck:280.4  ngds:21,264  sols:1  bounds:2..27
    run1,625  dpts:4..15  robin:PickOnDom-Last  effs:221,364,909  asgs:(335,noefs=7,fails=170)  fails:2,651,209  wrgs:4,392,708  wck:280.4  ngds:21,275  sols:1  bounds:2..27
    run1,626  dpts:6..14  robin:WdegOnDom-Rand  effs:221,382,657  asgs:(373,noefs=0,fails=178)  fails:2,651,387  wrgs:4,393,010  wck:280.5  ngds:21,278  sols:1  bounds:2..27
    run1,627  dpts:39..82  robin:FrbaOnDom-First  effs:221,403,179  asgs:(503,noefs=139,fails=187)  fails:2,651,574  wrgs:4,393,395  wck:280.5  ngds:21,289  sols:1  bounds:2..27
    run1,628  dpts:5..14  robin:Wdeg-Last  effs:221,418,349  asgs:(322,noefs=2,fails=196)  fails:2,651,770  wrgs:4,393,699  wck:280.5  ngds:21,297  sols:1  bounds:2..27
    run1,629  dpts:8..16  robin:PickOnDom-Rand  effs:221,432,523  asgs:(476,noefs=11,fails=206)  fails:2,651,976  wrgs:4,394,097  wck:280.6  ngds:21,308  sols:1  bounds:2..27
    run1,630  dpts:3..13  robin:WdegOnDom-First  effs:221,453,312  asgs:(394,noefs=0,fails=217)  fails:2,652,193  wrgs:4,394,448  wck:280.6  ngds:21,326  sols:1  bounds:2..27
    run1,631  dpts:277..291  robin:FrbaOnDom-Last  effs:221,476,301  asgs:(743,noefs=264,fails=228)  fails:2,652,421  wrgs:4,394,886  wck:280.7  ngds:21,330  sols:1  bounds:2..27
    run1,632  dpts:4..13  robin:Wdeg-Rand  effs:221,494,253  asgs:(407,noefs=0,fails=239)  fails:2,652,660  wrgs:4,395,243  wck:280.7  ngds:21,343  sols:1  bounds:2..27
    run1,633  dpts:5..18  robin:PickOnDom-First  effs:221,509,651  asgs:(487,noefs=5,fails=251)  fails:2,652,911  wrgs:4,395,663  wck:280.7  ngds:21,359  sols:1  bounds:2..27
    run1,634  dpts:8..16  robin:WdegOnDom-Last  effs:221,532,599  asgs:(510,noefs=0,fails=263)  fails:2,653,174  wrgs:4,396,132  wck:280.7  ngds:21,372  sols:1  bounds:2..27
    run1,635  dpts:20..36  robin:FrbaOnDom-Rand  effs:221,553,482  asgs:(510,noefs=12,fails=277)  fails:2,653,451  wrgs:4,396,564  wck:280.8  ngds:21,384  sols:1  bounds:2..27
    run1,636  dpts:3..11  robin:Wdeg-First  effs:221,571,003  asgs:(455,noefs=0,fails=291)  fails:2,653,742  wrgs:4,396,982  wck:280.8  ngds:21,398  sols:1  bounds:2..27
    run1,637  dpts:4..13  robin:PickOnDom-Last  effs:221,599,907  asgs:(609,noefs=1,fails=305)  fails:2,654,047  wrgs:4,397,507  wck:280.9  ngds:21,409  sols:1  bounds:2..27
    run1,638  dpts:7..20  robin:WdegOnDom-Rand  effs:221,625,503  asgs:(640,noefs=1,fails=320)  fails:2,654,367  wrgs:4,398,045  wck:280.9  ngds:21,419  sols:1  bounds:2..27
    run1,639  dpts:8..34  robin:FrbaOnDom-First  effs:221,662,857  asgs:(665,noefs=20,fails=336)  fails:2,654,703  wrgs:4,398,627  wck:281.0  ngds:21,433  sols:1  bounds:2..27
    run1,640  dpts:5..15  robin:Wdeg-Last  effs:221,692,416  asgs:(618,noefs=0,fails=353)  fails:2,655,056  wrgs:4,399,211  wck:281.1  ngds:21,440  sols:1  bounds:2..27
    run1,641  dpts:3..13  robin:PickOnDom-Rand  effs:221,725,510  asgs:(628,noefs=7,fails=371)  fails:2,655,427  wrgs:4,399,776  wck:281.1  ngds:21,450  sols:1  bounds:2..27
    run1,642  dpts:7..16  robin:WdegOnDom-First  effs:221,752,301  asgs:(709,noefs=0,fails=390)  fails:2,655,817  wrgs:4,400,387  wck:281.1  ngds:21,461  sols:1  bounds:2..27
    run1,643  dpts:13..23  robin:FrbaOnDom-Last  effs:221,795,703  asgs:(736,noefs=10,fails=409)  fails:2,656,226  wrgs:4,401,021  wck:281.2  ngds:21,473  sols:1  bounds:2..27
    run1,644  dpts:5..14  robin:Wdeg-Rand  effs:221,830,814  asgs:(698,noefs=0,fails=430)  fails:2,656,656  wrgs:4,401,643  wck:281.3  ngds:21,486  sols:1  bounds:2..27
    run1,645  dpts:2..14  robin:PickOnDom-First  effs:221,866,632  asgs:(879,noefs=7,fails=451)  fails:2,657,107  wrgs:4,402,418  wck:281.3  ngds:21,498  sols:1  bounds:2..27
    run1,646  dpts:8..17  robin:WdegOnDom-Last  effs:221,908,993  asgs:(826,noefs=0,fails=474)  fails:2,657,581  wrgs:4,403,145  wck:281.4  ngds:21,518  sols:1  bounds:2..27
    run1,647  dpts:56..141  robin:FrbaOnDom-Rand  effs:221,945,596  asgs:(1023,noefs=121,fails=497)  fails:2,658,078  wrgs:4,404,013  wck:281.5  ngds:21,528  sols:1  bounds:2..27
    run1,648  dpts:2..11  robin:Wdeg-First  effs:221,977,070  asgs:(822,noefs=2,fails=522)  fails:2,658,600  wrgs:4,404,743  wck:281.5  ngds:21,553  sols:1  bounds:2..27
    run1,649  dpts:3..15  robin:PickOnDom-Last  effs:222,030,907  asgs:(1131,noefs=4,fails=548)  fails:2,659,148  wrgs:4,405,727  wck:281.6  ngds:21,563  sols:1  bounds:2..27
    run1,650  dpts:5..18  robin:WdegOnDom-Rand  effs:222,096,518  asgs:(1131,noefs=1,fails=576)  fails:2,659,724  wrgs:4,406,702  wck:281.7  ngds:21,565  sols:1  bounds:2..27
 ...resetting heuristics data (nValues:1,585 - nSingletons:219 - nEntailed:88)
    run1,651  dpts:12..40  robin:FrbaOnDom-First  effs:222,130,564  asgs:(1301,noefs=77,fails=605)  fails:2,660,329  wrgs:4,407,738  wck:281.8  ngds:21,584  sols:1  bounds:2..27
    run1,652  dpts:11..20  robin:Wdeg-Last  effs:222,171,493  asgs:(1107,noefs=0,fails=635)  fails:2,660,964  wrgs:4,408,743  wck:281.8  ngds:21,596  sols:1  bounds:2..27
    run1,653  dpts:13..27  robin:PickOnDom-Rand  effs:222,230,298  asgs:(1260,noefs=7,fails=667)  fails:2,661,631  wrgs:4,409,843  wck:281.9  ngds:21,610  sols:1  bounds:2..27
    run1,654  dpts:15..25  robin:WdegOnDom-First  effs:222,280,371  asgs:(1267,noefs=1,fails=700)  fails:2,662,331  wrgs:4,410,943  wck:282.0  ngds:21,624  sols:1  bounds:2..27
    run1,655  dpts:14..171  robin:FrbaOnDom-Last  effs:222,349,273  asgs:(1537,noefs=172,fails=735)  fails:2,663,066  wrgs:4,412,300  wck:282.1  ngds:21,630  sols:1  bounds:2..27
    run1,656  dpts:2..19  robin:Wdeg-Rand  effs:222,409,099  asgs:(1364,noefs=10,fails=772)  fails:2,663,838  wrgs:4,413,499  wck:282.2  ngds:21,641  sols:1  bounds:2..27
    run1,657  dpts:3..15  robin:PickOnDom-First  effs:222,472,219  asgs:(1812,noefs=10,fails=810)  fails:2,664,648  wrgs:4,415,037  wck:282.3  ngds:21,660  sols:1  bounds:2..27
    run1,658  dpts:4..18  robin:WdegOnDom-Last  effs:222,548,051  asgs:(1730,noefs=12,fails=851)  fails:2,665,499  wrgs:4,416,577  wck:282.4  ngds:21,678  sols:1  bounds:2..27
    run1,659  dpts:132..156  robin:FrbaOnDom-Rand  effs:222,624,091  asgs:(1760,noefs=144,fails=893)  fails:2,666,392  wrgs:4,418,018  wck:282.6  ngds:21,694  sols:1  bounds:2..27
    run1,660  dpts:2..12  robin:Wdeg-First  effs:222,691,393  asgs:(1533,noefs=3,fails=938)  fails:2,667,330  wrgs:4,419,392  wck:282.7  ngds:21,708  sols:1  bounds:2..27
    run1,661  dpts:5..16  robin:PickOnDom-Last  effs:222,769,465  asgs:(2059,noefs=17,fails=985)  fails:2,668,315  wrgs:4,421,147  wck:282.8  ngds:21,717  sols:1  bounds:2..27
    run1,662  dpts:5..16  robin:WdegOnDom-Rand  effs:222,884,024  asgs:(1912,noefs=1,fails=1034)  fails:2,669,349  wrgs:4,422,817  wck:282.9  ngds:21,741  sols:1  bounds:2..27
    run1,663  dpts:8..19  robin:FrbaOnDom-First  effs:222,987,450  asgs:(2045,noefs=7,fails=1086)  fails:2,670,435  wrgs:4,424,604  wck:283.1  ngds:21,764  sols:1  bounds:2..27
    run1,664  dpts:3..12  robin:Wdeg-Last  effs:223,103,854  asgs:(2027,noefs=0,fails=1140)  fails:2,671,575  wrgs:4,426,535  wck:283.3  ngds:21,780  sols:1  bounds:2..27
    run1,665  dpts:4..15  robin:PickOnDom-Rand  effs:223,197,837  asgs:(2377,noefs=8,fails=1198)  fails:2,672,773  wrgs:4,428,584  wck:283.5  ngds:21,800  sols:1  bounds:2..27
    run1,666  dpts:6..18  robin:WdegOnDom-First  effs:223,312,444  asgs:(2404,noefs=0,fails=1257)  fails:2,674,030  wrgs:4,430,764  wck:283.6  ngds:21,804  sols:1  bounds:2..27
    run1,667  dpts:54..72  robin:FrbaOnDom-Last  effs:223,437,432  asgs:(2472,noefs=58,fails=1320)  fails:2,675,350  wrgs:4,432,905  wck:283.9  ngds:21,829  sols:1  bounds:2..27
    run1,668  dpts:3..13  robin:Wdeg-Rand  effs:223,572,923  asgs:(2388,noefs=0,fails=1386)  fails:2,676,736  wrgs:4,435,039  wck:284.1  ngds:21,849  sols:1  bounds:2..27
    run1,669  dpts:4..15  robin:PickOnDom-First  effs:223,667,808  asgs:(2885,noefs=9,fails=1456)  fails:2,678,192  wrgs:4,437,600  wck:284.2  ngds:21,866  sols:1  bounds:2..27
    run1,670  dpts:7..18  robin:WdegOnDom-Last  effs:223,794,229  asgs:(2791,noefs=2,fails=1528)  fails:2,679,720  wrgs:4,440,034  wck:284.4  ngds:21,883  sols:1  bounds:2..27
    run1,671  dpts:14..39  robin:FrbaOnDom-Rand  effs:223,945,426  asgs:(2901,noefs=35,fails=1605)  fails:2,681,325  wrgs:4,442,585  wck:284.7  ngds:21,890  sols:1  bounds:2..27
    run1,672  dpts:3..12  robin:Wdeg-First  effs:224,093,370  asgs:(2780,noefs=1,fails=1685)  fails:2,683,010  wrgs:4,445,200  wck:284.9  ngds:21,908  sols:1  bounds:2..27
    run1,673  dpts:3..14  robin:PickOnDom-Last  effs:224,243,061  asgs:(3641,noefs=27,fails=1769)  fails:2,684,779  wrgs:4,448,253  wck:285.2  ngds:21,918  sols:1  bounds:2..27
    run1,674  dpts:3..18  robin:WdegOnDom-Rand  effs:224,395,120  asgs:(3537,noefs=62,fails=1858)  fails:2,686,637  wrgs:4,451,408  wck:285.3  ngds:21,944  sols:1  bounds:2..27
    run1,675  dpts:38..102  robin:FrbaOnDom-First  effs:224,586,618  asgs:(3903,noefs=84,fails=1951)  fails:2,688,588  wrgs:4,454,929  wck:285.7  ngds:21,952  sols:1  bounds:2..27
    run1,676  dpts:4..13  robin:Wdeg-Last  effs:224,766,654  asgs:(3608,noefs=0,fails=2048)  fails:2,690,636  wrgs:4,458,391  wck:286.0  ngds:21,963  sols:1  bounds:2..27
    run1,677  dpts:4..18  robin:PickOnDom-Rand  effs:224,963,555  asgs:(4435,noefs=38,fails=2151)  fails:2,692,787  wrgs:4,462,148  wck:286.2  ngds:21,983  sols:1  bounds:2..27
    run1,678  dpts:5..16  robin:WdegOnDom-First  effs:225,129,913  asgs:(4156,noefs=0,fails=2259)  fails:2,695,046  wrgs:4,466,016  wck:286.5  ngds:22,007  sols:1  bounds:2..27
    run1,679  dpts:1..100  robin:FrbaOnDom-Last  effs:225,374,093  asgs:(4470,noefs=95,fails=2371)  fails:2,697,417  wrgs:4,470,078  wck:286.9  ngds:22,024  sols:1  bounds:2..27
    run1,680  dpts:2..14  robin:Wdeg-Rand  effs:225,579,441  asgs:(4272,noefs=2,fails=2490)  fails:2,699,907  wrgs:4,473,874  wck:287.2  ngds:22,033  sols:1  bounds:2..27
 ...resetting heuristics data (nValues:1,585 - nSingletons:219 - nEntailed:88)
    run1,681  dpts:14..25  robin:PickOnDom-First  effs:225,737,215  asgs:(4950,noefs=57,fails=2615)  fails:2,702,522  wrgs:4,478,195  wck:287.5  ngds:22,050  sols:1  bounds:2..27
    run1,682  dpts:10..21  robin:WdegOnDom-Last  effs:225,924,114  asgs:(5417,noefs=1,fails=2745)  fails:2,705,267  wrgs:4,482,879  wck:287.8  ngds:22,062  sols:1  bounds:2..27
    run1,683  dpts:9..198  robin:FrbaOnDom-Rand  effs:226,220,880  asgs:(5607,noefs=318,fails=2883)  fails:2,708,150  wrgs:4,487,796  wck:288.2  ngds:22,084  sols:1  bounds:2..27
    run1,684  dpts:13..24  robin:Wdeg-First  effs:226,426,595  asgs:(5200,noefs=1,fails=3027)  fails:2,711,177  wrgs:4,492,484  wck:288.5  ngds:22,092  sols:1  bounds:2..27
    run1,685  dpts:3..17  robin:PickOnDom-Last  effs:226,687,023  asgs:(6846,noefs=72,fails=3178)  fails:2,714,355  wrgs:4,498,329  wck:288.9  ngds:22,102  sols:1  bounds:2..27
    run1,686  dpts:4..18  robin:WdegOnDom-Rand  effs:226,928,267  asgs:(6393,noefs=0,fails=3337)  fails:2,717,692  wrgs:4,503,924  wck:289.2  ngds:22,124  sols:1  bounds:2..27
    run1,687  dpts:106..127  robin:FrbaOnDom-First  effs:227,201,416  asgs:(6438,noefs=125,fails=3504)  fails:2,721,196  wrgs:4,509,387  wck:289.7  ngds:22,140  sols:1  bounds:2..27
    run1,688  dpts:2..14  robin:Wdeg-Last  effs:227,559,871  asgs:(7153,noefs=6,fails=3679)  fails:2,724,875  wrgs:4,516,068  wck:290.2  ngds:22,159  sols:1  bounds:2..27
    run1,689  dpts:4..18  robin:PickOnDom-Rand  effs:227,837,061  asgs:(8368,noefs=295,fails=3863)  fails:2,728,738  wrgs:4,522,994  wck:290.5  ngds:22,167  sols:1  bounds:2..27
    run1,690  dpts:1..16  robin:WdegOnDom-First  effs:228,203,367  asgs:(7328,noefs=1,fails=4056)  fails:2,732,794  wrgs:4,529,524  wck:291.0  ngds:22,174  sols:1  bounds:2..27
    run1,691  dpts:5..44  robin:FrbaOnDom-Last  effs:228,730,283  asgs:(8305,noefs=60,fails=4259)  fails:2,737,053  wrgs:4,537,171  wck:291.8  ngds:22,194  sols:1  bounds:2..27
    run1,692  dpts:2..13  robin:Wdeg-Rand  effs:229,082,056  asgs:(7428,noefs=0,fails=4472)  fails:2,741,525  wrgs:4,543,930  wck:292.3  ngds:22,225  sols:1  bounds:2..27
    run1,693  dpts:2..18  robin:PickOnDom-First  effs:229,417,508  asgs:(9906,noefs=195,fails=4696)  fails:2,746,221  wrgs:4,552,494  wck:292.8  ngds:22,239  sols:1  bounds:2..27
    run1,694  dpts:6..16  robin:WdegOnDom-Last  effs:229,809,978  asgs:(8993,noefs=0,fails=4931)  fails:2,751,152  wrgs:4,560,519  wck:293.4  ngds:22,268  sols:1  bounds:2..27
    run1,695  dpts:42..318  robin:FrbaOnDom-Rand  effs:230,280,672  asgs:(9898,noefs=341,fails=5177)  fails:2,756,329  wrgs:4,569,171  wck:294.2  ngds:22,279  sols:1  bounds:2..27
    run1,696  dpts:1..13  robin:Wdeg-First  effs:230,703,963  asgs:(9073,noefs=0,fails=5436)  fails:2,761,765  wrgs:4,577,412  wck:294.9  ngds:22,301  sols:1  bounds:2..27
    run1,697  dpts:4..15  robin:PickOnDom-Last  effs:231,153,241  asgs:(12200,noefs=36,fails=5708)  fails:2,767,473  wrgs:4,587,339  wck:295.6  ngds:22,313  sols:1  bounds:2..27
    run1,698  dpts:5..18  robin:WdegOnDom-Rand  effs:231,652,120  asgs:(11126,noefs=0,fails=5993)  fails:2,773,466  wrgs:4,597,099  wck:296.3  ngds:22,333  sols:1  bounds:2..27
    run1,699  dpts:66..79  robin:FrbaOnDom-First  effs:232,088,036  asgs:(11197,noefs=84,fails=6293)  fails:2,779,759  wrgs:4,607,180  wck:296.9  ngds:22,366  sols:1  bounds:2..27
    run1,700  dpts:2..13  robin:Wdeg-Last  effs:232,563,889  asgs:(11408,noefs=0,fails=6608)  fails:2,786,367  wrgs:4,617,690  wck:297.5  ngds:22,381  sols:1  bounds:2..27
    run1,701  dpts:3..18  robin:PickOnDom-Rand  effs:233,112,458  asgs:(14719,noefs=79,fails=6938)  fails:2,793,305  wrgs:4,630,095  wck:298.2  ngds:22,401  sols:1  bounds:2..27
    run1,702  dpts:1..16  robin:WdegOnDom-First  effs:233,710,002  asgs:(13748,noefs=15,fails=7285)  fails:2,800,590  wrgs:4,641,940  wck:299.1  ngds:22,416  sols:1  bounds:2..27
    run1,703  dpts:5..22  robin:FrbaOnDom-Last  effs:234,560,123  asgs:(15686,noefs=9,fails=7649)  fails:2,808,239  wrgs:4,655,979  wck:300.3  ngds:22,439  sols:1  bounds:2..27
    run1,704  dpts:2..17  robin:Wdeg-Rand  effs:235,402,950  asgs:(14499,noefs=0,fails=8032)  fails:2,816,271  wrgs:4,668,766  wck:301.3  ngds:22,448  sols:1  bounds:2..27
    run1,705  dpts:4..17  robin:PickOnDom-First  effs:236,018,537  asgs:(17088,noefs=21,fails=8433)  fails:2,824,704  wrgs:4,683,703  wck:302.1  ngds:22,470  sols:1  bounds:2..27
    run1,706  dpts:4..17  robin:WdegOnDom-Last  effs:236,708,526  asgs:(16129,noefs=2,fails=8855)  fails:2,833,559  wrgs:4,698,287  wck:303.3  ngds:22,479  sols:1  bounds:2..27
    run1,707  dpts:4..25  robin:FrbaOnDom-Rand  effs:237,545,275  asgs:(16652,noefs=10,fails=9298)  fails:2,842,857  wrgs:4,713,053  wck:304.5  ngds:22,504  sols:1  bounds:2..27
    run1,708  dpts:2..14  robin:Wdeg-First  effs:238,376,891  asgs:(16651,noefs=4,fails=9763)  fails:2,852,620  wrgs:4,728,049  wck:305.6  ngds:22,532  sols:1  bounds:2..27
    run1,709  dpts:2..16  robin:PickOnDom-Last  effs:239,244,223  asgs:(20562,noefs=36,fails=10251)  fails:2,862,871  wrgs:4,745,752  wck:306.7  ngds:22,554  sols:1  bounds:2..27
    run1,710  dpts:3..18  robin:WdegOnDom-Rand  effs:240,286,620  asgs:(20170,noefs=5,fails=10764)  fails:2,873,635  wrgs:4,763,392  wck:308.0  ngds:22,567  sols:1  bounds:2..27
 ...resetting restart cutoff to 145
 ...resetting heuristics data (nValues:1,585 - nSingletons:219 - nEntailed:88)
    run1,711  dpts:13..29  robin:FrbaOnDom-First  effs:240,298,783  asgs:(278,noefs=14,fails=145)  fails:2,873,780  wrgs:4,763,623  wck:308.0  ngds:22,579  sols:1  bounds:2..27
    run1,712  dpts:14..20  robin:Wdeg-Last  effs:240,309,290  asgs:(260,noefs=2,fails=152)  fails:2,873,932  wrgs:4,763,852  wck:308.1  ngds:22,582  sols:1  bounds:2..27
    run1,713  dpts:15..25  robin:PickOnDom-Rand  effs:240,322,442  asgs:(338,noefs=10,fails=159)  fails:2,874,091  wrgs:4,764,123  wck:308.1  ngds:22,591  sols:1  bounds:2..27
    run1,714  dpts:19..28  robin:WdegOnDom-First  effs:240,331,197  asgs:(320,noefs=6,fails=167)  fails:2,874,258  wrgs:4,764,395  wck:308.1  ngds:22,602  sols:1  bounds:2..27
    run1,715  dpts:8..21  robin:FrbaOnDom-Last  effs:240,349,942  asgs:(403,noefs=22,fails=176)  fails:2,874,434  wrgs:4,764,722  wck:308.1  ngds:22,613  sols:1  bounds:2..27
    run1,716  dpts:4..17  robin:Wdeg-Rand  effs:240,368,220  asgs:(348,noefs=2,fails=185)  fails:2,874,619  wrgs:4,765,022  wck:308.2  ngds:22,623  sols:1  bounds:2..27
    run1,717  dpts:6..14  robin:PickOnDom-First  effs:240,383,551  asgs:(402,noefs=0,fails=194)  fails:2,874,813  wrgs:4,765,346  wck:308.2  ngds:22,638  sols:1  bounds:2..27
    run1,718  dpts:8..22  robin:WdegOnDom-Last  effs:240,399,716  asgs:(403,noefs=7,fails=204)  fails:2,875,017  wrgs:4,765,698  wck:308.2  ngds:22,646  sols:1  bounds:2..27
    run1,719  dpts:69..241  robin:FrbaOnDom-Rand  effs:240,418,151  asgs:(638,noefs=226,fails=214)  fails:2,875,231  wrgs:4,766,202  wck:308.3  ngds:22,655  sols:1  bounds:2..27
    run1,720  dpts:5..12  robin:Wdeg-First  effs:240,433,593  asgs:(395,noefs=0,fails=224)  fails:2,875,455  wrgs:4,766,559  wck:308.3  ngds:22,659  sols:1  bounds:2..27
    run1,721  dpts:4..19  robin:PickOnDom-Last  effs:240,453,291  asgs:(466,noefs=15,fails=236)  fails:2,875,691  wrgs:4,766,960  wck:308.4  ngds:22,670  sols:1  bounds:2..27
    run1,722  dpts:10..20  robin:WdegOnDom-Rand  effs:240,475,160  asgs:(458,noefs=2,fails=247)  fails:2,875,938  wrgs:4,767,346  wck:308.4  ngds:22,680  sols:1  bounds:2..27
    run1,723  dpts:185..199  robin:FrbaOnDom-First  effs:240,499,584  asgs:(694,noefs=178,fails=260)  fails:2,876,198  wrgs:4,767,786  wck:308.5  ngds:22,702  sols:1  bounds:2..27
    run1,724  dpts:5..12  robin:Wdeg-Last  effs:240,521,628  asgs:(425,noefs=0,fails=273)  fails:2,876,471  wrgs:4,768,199  wck:308.5  ngds:22,712  sols:1  bounds:2..27
    run1,725  dpts:9..22  robin:PickOnDom-Rand  effs:240,542,565  asgs:(587,noefs=6,fails=287)  fails:2,876,758  wrgs:4,768,684  wck:308.5  ngds:22,716  sols:1  bounds:2..27
    run1,726  dpts:3..18  robin:WdegOnDom-First  effs:240,564,985  asgs:(544,noefs=0,fails=301)  fails:2,877,059  wrgs:4,769,176  wck:308.6  ngds:22,734  sols:1  bounds:2..27
    run1,727  dpts:9..21  robin:FrbaOnDom-Last  effs:240,603,024  asgs:(622,noefs=11,fails=316)  fails:2,877,375  wrgs:4,769,739  wck:308.6  ngds:22,739  sols:1  bounds:2..27
    run1,728  dpts:2..9  robin:Wdeg-Rand  effs:240,628,475  asgs:(535,noefs=0,fails=332)  fails:2,877,707  wrgs:4,770,233  wck:308.7  ngds:22,749  sols:1  bounds:2..27
    run1,729  dpts:8..18  robin:PickOnDom-First  effs:240,648,813  asgs:(769,noefs=35,fails=348)  fails:2,878,055  wrgs:4,770,886  wck:308.7  ngds:22,762  sols:1  bounds:2..27
    run1,730  dpts:6..15  robin:WdegOnDom-Last  effs:240,684,642  asgs:(747,noefs=1,fails=366)  fails:2,878,421  wrgs:4,771,592  wck:308.8  ngds:22,770  sols:1  bounds:2..27
    run1,731  dpts:16..48  robin:FrbaOnDom-Rand  effs:240,728,948  asgs:(739,noefs=37,fails=384)  fails:2,878,805  wrgs:4,772,238  wck:308.8  ngds:22,782  sols:1  bounds:2..27
    run1,732  dpts:2..13  robin:Wdeg-First  effs:240,756,342  asgs:(657,noefs=0,fails=403)  fails:2,879,208  wrgs:4,772,804  wck:308.9  ngds:22,787  sols:1  bounds:2..27
    run1,733  dpts:8..18  robin:PickOnDom-Last  effs:240,796,643  asgs:(923,noefs=20,fails=424)  fails:2,879,632  wrgs:4,773,595  wck:309.0  ngds:22,797  sols:1  bounds:2..27
    run1,734  dpts:8..16  robin:WdegOnDom-Rand  effs:240,826,780  asgs:(886,noefs=0,fails=445)  fails:2,880,077  wrgs:4,774,351  wck:309.0  ngds:22,817  sols:1  bounds:2..27
    run1,735  dpts:202..221  robin:FrbaOnDom-First  effs:240,851,917  asgs:(1125,noefs=195,fails=467)  fails:2,880,544  wrgs:4,775,133  wck:309.1  ngds:22,827  sols:1  bounds:2..27
    run1,736  dpts:5..13  robin:Wdeg-Last  effs:240,889,386  asgs:(854,noefs=0,fails=491)  fails:2,881,035  wrgs:4,775,935  wck:309.1  ngds:22,837  sols:1  bounds:2..27
    run1,737  dpts:6..16  robin:PickOnDom-Rand  effs:240,926,062  asgs:(1070,noefs=8,fails=515)  fails:2,881,550  wrgs:4,776,818  wck:309.2  ngds:22,843  sols:1  bounds:2..27
    run1,738  dpts:9..18  robin:WdegOnDom-First  effs:240,959,557  asgs:(974,noefs=0,fails=541)  fails:2,882,091  wrgs:4,777,705  wck:309.3  ngds:22,850  sols:1  bounds:2..27
    run1,739  dpts:176..195  robin:FrbaOnDom-Last  effs:241,007,864  asgs:(1304,noefs=174,fails=568)  fails:2,882,659  wrgs:4,778,690  wck:309.3  ngds:22,869  sols:1  bounds:2..27
    run1,740  dpts:3..11  robin:Wdeg-Rand  effs:241,060,381  asgs:(985,noefs=0,fails=596)  fails:2,883,255  wrgs:4,779,589  wck:309.4  ngds:22,884  sols:1  bounds:2..27
 ...resetting heuristics data (nValues:1,585 - nSingletons:219 - nEntailed:88)
    run1,741  dpts:16..28  robin:PickOnDom-First  effs:241,102,078  asgs:(1153,noefs=6,fails=626)  fails:2,883,881  wrgs:4,780,607  wck:309.5  ngds:22,894  sols:1  bounds:2..27
    run1,742  dpts:11..20  robin:WdegOnDom-Last  effs:241,155,214  asgs:(1273,noefs=1,fails=658)  fails:2,884,539  wrgs:4,781,678  wck:309.6  ngds:22,910  sols:1  bounds:2..27
    run1,743  dpts:17..74  robin:FrbaOnDom-Rand  effs:241,232,638  asgs:(1600,noefs=213,fails=690)  fails:2,885,229  wrgs:4,782,980  wck:309.7  ngds:22,924  sols:1  bounds:2..27
    run1,744  dpts:14..23  robin:Wdeg-First  effs:241,281,071  asgs:(1248,noefs=0,fails=725)  fails:2,885,954  wrgs:4,784,085  wck:309.8  ngds:22,932  sols:1  bounds:2..27
    run1,745  dpts:4..16  robin:PickOnDom-Last  effs:241,347,371  asgs:(1569,noefs=14,fails=761)  fails:2,886,715  wrgs:4,785,442  wck:309.9  ngds:22,942  sols:1  bounds:2..27
    run1,746  dpts:5..15  robin:WdegOnDom-Rand  effs:241,428,729  asgs:(1654,noefs=1,fails=799)  fails:2,887,514  wrgs:4,786,839  wck:310.0  ngds:22,954  sols:1  bounds:2..27
    run1,747  dpts:221..241  robin:FrbaOnDom-First  effs:241,487,109  asgs:(1770,noefs=226,fails=839)  fails:2,888,353  wrgs:4,788,211  wck:310.2  ngds:22,968  sols:1  bounds:2..27
    run1,748  dpts:4..15  robin:Wdeg-Last  effs:241,588,645  asgs:(1720,noefs=2,fails=881)  fails:2,889,234  wrgs:4,789,814  wck:310.3  ngds:22,980  sols:1  bounds:2..27
    run1,749  dpts:5..17  robin:PickOnDom-Rand  effs:241,665,461  asgs:(1935,noefs=16,fails=925)  fails:2,890,159  wrgs:4,791,447  wck:310.4  ngds:22,987  sols:1  bounds:2..27
    run1,750  dpts:2..16  robin:WdegOnDom-First  effs:241,726,002  asgs:(1854,noefs=0,fails=972)  fails:2,891,131  wrgs:4,793,151  wck:310.5  ngds:23,001  sols:1  bounds:2..27
    run1,751  dpts:14..47  robin:FrbaOnDom-Last  effs:241,805,649  asgs:(1896,noefs=25,fails=1020)  fails:2,892,151  wrgs:4,794,831  wck:310.7  ngds:23,006  sols:1  bounds:2..27
    run1,752  dpts:3..12  robin:Wdeg-Rand  effs:241,884,142  asgs:(1861,noefs=0,fails=1071)  fails:2,893,222  wrgs:4,796,493  wck:310.8  ngds:23,023  sols:1  bounds:2..27
    run1,753  dpts:1..15  robin:PickOnDom-First  effs:241,993,664  asgs:(2168,noefs=1,fails=1125)  fails:2,894,347  wrgs:4,798,436  wck:311.0  ngds:23,046  sols:1  bounds:2..27
    run1,754  dpts:7..16  robin:WdegOnDom-Last  effs:242,085,460  asgs:(2312,noefs=0,fails=1181)  fails:2,895,528  wrgs:4,800,480  wck:311.1  ngds:23,062  sols:1  bounds:2..27
    run1,755  dpts:14..32  robin:FrbaOnDom-Rand  effs:242,183,270  asgs:(2270,noefs=23,fails=1240)  fails:2,896,768  wrgs:4,802,458  wck:311.2  ngds:23,074  sols:1  bounds:2..27
    run1,756  dpts:3..13  robin:Wdeg-First  effs:242,295,047  asgs:(2119,noefs=1,fails=1302)  fails:2,898,070  wrgs:4,804,420  wck:311.4  ngds:23,088  sols:1  bounds:2..27
    run1,757  dpts:3..15  robin:PickOnDom-Last  effs:242,408,313  asgs:(2907,noefs=31,fails=1367)  fails:2,899,437  wrgs:4,806,897  wck:311.6  ngds:23,100  sols:1  bounds:2..27
    run1,758  dpts:4..15  robin:WdegOnDom-Rand  effs:242,571,318  asgs:(2719,noefs=0,fails=1436)  fails:2,900,873  wrgs:4,809,298  wck:311.8  ngds:23,118  sols:1  bounds:2..27
    run1,759  dpts:6..21  robin:FrbaOnDom-First  effs:242,694,476  asgs:(2802,noefs=6,fails=1508)  fails:2,902,381  wrgs:4,811,850  wck:312.0  ngds:23,136  sols:1  bounds:2..27
    run1,760  dpts:4..14  robin:Wdeg-Last  effs:242,818,918  asgs:(2616,noefs=0,fails=1583)  fails:2,903,964  wrgs:4,814,334  wck:312.2  ngds:23,153  sols:1  bounds:2..27
    run1,761  dpts:5..17  robin:PickOnDom-Rand  effs:242,954,288  asgs:(3519,noefs=53,fails=1662)  fails:2,905,626  wrgs:4,817,256  wck:312.4  ngds:23,169  sols:1  bounds:2..27
    run1,762  dpts:9..21  robin:WdegOnDom-First  effs:243,087,404  asgs:(3478,noefs=1,fails=1745)  fails:2,907,371  wrgs:4,820,346  wck:312.6  ngds:23,190  sols:1  bounds:2..27
    run1,763  dpts:9..25  robin:FrbaOnDom-Last  effs:243,225,999  asgs:(3427,noefs=5,fails=1833)  fails:2,909,204  wrgs:4,823,361  wck:312.9  ngds:23,204  sols:1  bounds:2..27
    run1,764  dpts:3..13  robin:Wdeg-Rand  effs:243,397,857  asgs:(3168,noefs=0,fails=1924)  fails:2,911,128  wrgs:4,826,243  wck:313.1  ngds:23,219  sols:1  bounds:2..27
    run1,765  dpts:2..15  robin:PickOnDom-First  effs:243,541,713  asgs:(4209,noefs=44,fails=2021)  fails:2,913,149  wrgs:4,829,814  wck:313.3  ngds:23,229  sols:1  bounds:2..27
    run1,766  dpts:5..17  robin:WdegOnDom-Last  effs:243,736,648  asgs:(4003,noefs=1,fails=2122)  fails:2,915,271  wrgs:4,833,428  wck:313.6  ngds:23,250  sols:1  bounds:2..27
    run1,767  dpts:4..25  robin:FrbaOnDom-Rand  effs:243,938,139  asgs:(4072,noefs=17,fails=2228)  fails:2,917,499  wrgs:4,836,979  wck:314.0  ngds:23,269  sols:1  bounds:2..27
    run1,768  dpts:3..14  robin:Wdeg-First  effs:244,100,988  asgs:(3838,noefs=0,fails=2339)  fails:2,919,838  wrgs:4,840,460  wck:314.2  ngds:23,284  sols:1  bounds:2..27
    run1,769  dpts:5..15  robin:PickOnDom-Last  effs:244,295,938  asgs:(5138,noefs=21,fails=2456)  fails:2,922,294  wrgs:4,844,827  wck:314.5  ngds:23,299  sols:1  bounds:2..27
    run1,770  dpts:6..20  robin:WdegOnDom-Rand  effs:244,543,898  asgs:(4567,noefs=0,fails=2579)  fails:2,924,873  wrgs:4,848,899  wck:314.9  ngds:23,306  sols:1  bounds:2..27
 ...resetting heuristics data (nValues:1,585 - nSingletons:219 - nEntailed:88)
    run1,771  dpts:5..123  robin:FrbaOnDom-First  effs:244,765,149  asgs:(5239,noefs=287,fails=2708)  fails:2,927,581  wrgs:4,853,481  wck:315.2  ngds:23,318  sols:1  bounds:2..27
    run1,772  dpts:11..21  robin:Wdeg-Last  effs:244,932,356  asgs:(4997,noefs=1,fails=2843)  fails:2,930,424  wrgs:4,858,048  wck:315.5  ngds:23,353  sols:1  bounds:2..27
    run1,773  dpts:11..25  robin:PickOnDom-Rand  effs:245,177,217  asgs:(5910,noefs=52,fails=2986)  fails:2,933,410  wrgs:4,863,120  wck:315.8  ngds:23,366  sols:1  bounds:2..27
    run1,774  dpts:13..27  robin:WdegOnDom-First  effs:245,395,928  asgs:(5844,noefs=0,fails=3135)  fails:2,936,545  wrgs:4,868,302  wck:316.2  ngds:23,374  sols:1  bounds:2..27
    run1,775  dpts:155..173  robin:FrbaOnDom-Last  effs:245,797,694  asgs:(7035,noefs=185,fails=3292)  fails:2,939,837  wrgs:4,874,575  wck:316.7  ngds:23,387  sols:1  bounds:2..27
    run1,776  dpts:2..14  robin:Wdeg-Rand  effs:246,140,690  asgs:(5981,noefs=2,fails=3456)  fails:2,943,293  wrgs:4,879,936  wck:317.3  ngds:23,403  sols:1  bounds:2..27
    run1,777  dpts:2..18  robin:PickOnDom-First  effs:246,464,514  asgs:(7142,noefs=39,fails=3629)  fails:2,946,922  wrgs:4,886,085  wck:317.8  ngds:23,420  sols:1  bounds:2..27
    run1,778  dpts:5..19  robin:WdegOnDom-Last  effs:246,894,763  asgs:(7817,noefs=21,fails=3811)  fails:2,950,733  wrgs:4,893,278  wck:318.5  ngds:23,432  sols:1  bounds:2..27
    run1,779  dpts:11..163  robin:FrbaOnDom-Rand  effs:247,232,012  asgs:(7497,noefs=226,fails=4001)  fails:2,954,734  wrgs:4,899,756  wck:319.0  ngds:23,436  sols:1  bounds:2..27
    run1,780  dpts:2..13  robin:Wdeg-First  effs:247,511,822  asgs:(7113,noefs=22,fails=4201)  fails:2,958,935  wrgs:4,906,415  wck:319.4  ngds:23,453  sols:1  bounds:2..27
    run1,781  dpts:3..17  robin:PickOnDom-Last  effs:247,801,094  asgs:(8585,noefs=42,fails=4411)  fails:2,963,346  wrgs:4,913,910  wck:319.8  ngds:23,473  sols:1  bounds:2..27
    run1,782  dpts:5..19  robin:WdegOnDom-Rand  effs:248,178,588  asgs:(8498,noefs=3,fails=4632)  fails:2,967,978  wrgs:4,921,107  wck:320.4  ngds:23,488  sols:1  bounds:2..27
    run1,783  dpts:2..162  robin:FrbaOnDom-First  effs:248,628,828  asgs:(9314,noefs=153,fails=4864)  fails:2,972,842  wrgs:4,929,275  wck:321.2  ngds:23,518  sols:1  bounds:2..27
    run1,784  dpts:2..14  robin:Wdeg-Last  effs:249,028,815  asgs:(8394,noefs=0,fails=5107)  fails:2,977,949  wrgs:4,937,282  wck:321.9  ngds:23,540  sols:1  bounds:2..27
    run1,785  dpts:4..19  robin:PickOnDom-Rand  effs:249,509,056  asgs:(10145,noefs=72,fails=5362)  fails:2,983,311  wrgs:4,946,190  wck:322.5  ngds:23,553  sols:1  bounds:2..27
    run1,786  dpts:2..19  robin:WdegOnDom-First  effs:249,813,508  asgs:(10461,noefs=1,fails=5630)  fails:2,988,941  wrgs:4,955,312  wck:323.0  ngds:23,569  sols:1  bounds:2..27
    run1,787  dpts:15..35  robin:FrbaOnDom-Last  effs:250,313,774  asgs:(10902,noefs=22,fails=5912)  fails:2,994,853  wrgs:4,964,918  wck:323.8  ngds:23,574  sols:1  bounds:2..27
    run1,788  dpts:2..14  robin:Wdeg-Rand  effs:250,856,217  asgs:(10830,noefs=5,fails=6207)  fails:3,001,060  wrgs:4,974,698  wck:324.7  ngds:23,587  sols:1  bounds:2..27
    run1,789  dpts:2..19  robin:PickOnDom-First  effs:251,309,115  asgs:(12837,noefs=163,fails=6518)  fails:3,007,578  wrgs:4,986,337  wck:325.3  ngds:23,610  sols:1  bounds:2..27
    run1,790  dpts:6..18  robin:WdegOnDom-Last  effs:251,795,896  asgs:(13036,noefs=0,fails=6844)  fails:3,014,422  wrgs:4,998,002  wck:326.0  ngds:23,630  sols:1  bounds:2..27
    run1,791  dpts:3..20  robin:FrbaOnDom-Rand  effs:252,360,504  asgs:(13472,noefs=1,fails=7186)  fails:3,021,608  wrgs:5,009,758  wck:327.0  ngds:23,640  sols:1  bounds:2..27
    run1,792  dpts:2..13  robin:Wdeg-First  effs:252,881,443  asgs:(12288,noefs=1,fails=7545)  fails:3,029,153  wrgs:5,021,029  wck:327.7  ngds:23,667  sols:1  bounds:2..27
    run1,793  dpts:1..16  robin:PickOnDom-Last  effs:253,509,263  asgs:(15121,noefs=144,fails=7923)  fails:3,037,076  wrgs:5,033,927  wck:328.6  ngds:23,685  sols:1  bounds:2..27
    run1,794  dpts:2..18  robin:WdegOnDom-Rand  effs:254,143,552  asgs:(15952,noefs=2,fails=8319)  fails:3,045,395  wrgs:5,047,859  wck:329.5  ngds:23,706  sols:1  bounds:2..27
    run1,795  dpts:4..20  robin:FrbaOnDom-First  effs:254,786,039  asgs:(16362,noefs=0,fails=8735)  fails:3,054,130  wrgs:5,062,528  wck:330.6  ngds:23,719  sols:1  bounds:2..27
    run1,796  dpts:1..13  robin:Wdeg-Last  effs:255,552,644  asgs:(15896,noefs=0,fails=9171)  fails:3,063,301  wrgs:5,077,607  wck:331.8  ngds:23,737  sols:1  bounds:2..27
    run1,797  dpts:4..17  robin:PickOnDom-Rand  effs:256,408,849  asgs:(17681,noefs=28,fails=9630)  fails:3,072,931  wrgs:5,093,046  wck:333.1  ngds:23,764  sols:1  bounds:2..27
    run1,798  dpts:4..16  robin:WdegOnDom-First  effs:257,047,422  asgs:(20160,noefs=0,fails=10111)  fails:3,083,042  wrgs:5,110,770  wck:334.0  ngds:23,798  sols:1  bounds:2..27
    run1,799  dpts:5..25  robin:FrbaOnDom-Last  effs:258,076,296  asgs:(21197,noefs=8,fails=10617)  fails:3,093,659  wrgs:5,129,988  wck:335.7  ngds:23,812  sols:1  bounds:2..27
    run1,800  dpts:3..15  robin:Wdeg-Rand  effs:259,044,042  asgs:(18884,noefs=4,fails=11148)  fails:3,104,807  wrgs:5,146,905  wck:337.1  ngds:23,852  sols:1  bounds:2..27
 ...resetting restart cutoff to 150
 ...resetting heuristics data (nValues:1,585 - nSingletons:219 - nEntailed:88)
    run1,801  dpts:19..25  robin:PickOnDom-First  effs:259,050,836  asgs:(281,noefs=4,fails=150)  fails:3,104,957  wrgs:5,147,146  wck:337.1  ngds:23,869  sols:1  bounds:2..27
    run1,802  dpts:11..19  robin:WdegOnDom-Last  effs:259,063,628  asgs:(300,noefs=3,fails=157)  fails:3,105,114  wrgs:5,147,393  wck:337.1  ngds:23,880  sols:1  bounds:2..27
    run1,803  dpts:12..32  robin:FrbaOnDom-Rand  effs:259,080,968  asgs:(354,noefs=23,fails=165)  fails:3,105,279  wrgs:5,147,669  wck:337.2  ngds:23,889  sols:1  bounds:2..27
    run1,804  dpts:17..26  robin:Wdeg-First  effs:259,091,799  asgs:(293,noefs=1,fails=173)  fails:3,105,452  wrgs:5,147,915  wck:337.2  ngds:23,900  sols:1  bounds:2..27
    run1,805  dpts:6..17  robin:PickOnDom-Last  effs:259,105,303  asgs:(367,noefs=23,fails=182)  fails:3,105,634  wrgs:5,148,222  wck:337.2  ngds:23,905  sols:1  bounds:2..27
    run1,806  dpts:7..15  robin:WdegOnDom-Rand  effs:259,123,490  asgs:(398,noefs=0,fails=191)  fails:3,105,825  wrgs:5,148,547  wck:337.2  ngds:23,919  sols:1  bounds:2..27
    run1,807  dpts:11..220  robin:FrbaOnDom-First  effs:259,150,477  asgs:(593,noefs=218,fails=201)  fails:3,106,026  wrgs:5,149,077  wck:337.3  ngds:23,929  sols:1  bounds:2..27
    run1,808  dpts:4..13  robin:Wdeg-Last  effs:259,170,094  asgs:(401,noefs=0,fails=211)  fails:3,106,237  wrgs:5,149,431  wck:337.3  ngds:23,934  sols:1  bounds:2..27
    run1,809  dpts:9..19  robin:PickOnDom-Rand  effs:259,189,881  asgs:(413,noefs=17,fails=221)  fails:3,106,458  wrgs:5,149,787  wck:337.4  ngds:23,953  sols:1  bounds:2..27
    run1,810  dpts:3..17  robin:WdegOnDom-First  effs:259,212,570  asgs:(436,noefs=1,fails=232)  fails:3,106,690  wrgs:5,150,174  wck:337.4  ngds:23,957  sols:1  bounds:2..27
    run1,811  dpts:212..223  robin:FrbaOnDom-Last  effs:259,235,400  asgs:(684,noefs=200,fails=244)  fails:3,106,934  wrgs:5,150,578  wck:337.4  ngds:23,971  sols:1  bounds:2..27
    run1,812  dpts:4..12  robin:Wdeg-Rand  effs:259,259,538  asgs:(398,noefs=0,fails=256)  fails:3,107,190  wrgs:5,150,937  wck:337.5  ngds:23,985  sols:1  bounds:2..27
    run1,813  dpts:9..17  robin:PickOnDom-First  effs:259,277,859  asgs:(564,noefs=4,fails=269)  fails:3,107,459  wrgs:5,151,406  wck:337.5  ngds:23,992  sols:1  bounds:2..27
    run1,814  dpts:9..17  robin:WdegOnDom-Last  effs:259,293,088  asgs:(511,noefs=0,fails=282)  fails:3,107,741  wrgs:5,151,861  wck:337.6  ngds:23,999  sols:1  bounds:2..27
    run1,815  dpts:13..22  robin:FrbaOnDom-Rand  effs:259,322,460  asgs:(506,noefs=3,fails=296)  fails:3,108,037  wrgs:5,152,293  wck:337.6  ngds:24,011  sols:1  bounds:2..27
    run1,816  dpts:4..12  robin:Wdeg-First  effs:259,342,183  asgs:(524,noefs=0,fails=311)  fails:3,108,348  wrgs:5,152,773  wck:337.6  ngds:24,020  sols:1  bounds:2..27
    run1,817  dpts:5..18  robin:PickOnDom-Last  effs:259,376,375  asgs:(749,noefs=25,fails=327)  fails:3,108,675  wrgs:5,153,412  wck:337.7  ngds:24,029  sols:1  bounds:2..27
    run1,818  dpts:8..18  robin:WdegOnDom-Rand  effs:259,410,582  asgs:(629,noefs=0,fails=343)  fails:3,109,018  wrgs:5,153,962  wck:337.8  ngds:24,040  sols:1  bounds:2..27
    run1,819  dpts:13..24  robin:FrbaOnDom-First  effs:259,454,934  asgs:(705,noefs=5,fails=360)  fails:3,109,378  wrgs:5,154,563  wck:337.9  ngds:24,059  sols:1  bounds:2..27
    run1,820  dpts:4..13  robin:Wdeg-Last  effs:259,488,430  asgs:(739,noefs=0,fails=379)  fails:3,109,757  wrgs:5,155,219  wck:337.9  ngds:24,078  sols:1  bounds:2..27
    run1,821  dpts:13..22  robin:PickOnDom-Rand  effs:259,515,640  asgs:(795,noefs=6,fails=397)  fails:3,110,154  wrgs:5,155,884  wck:338.0  ngds:24,088  sols:1  bounds:2..27
    run1,822  dpts:8..16  robin:WdegOnDom-First  effs:259,541,114  asgs:(735,noefs=0,fails=417)  fails:3,110,571  wrgs:5,156,566  wck:338.0  ngds:24,094  sols:1  bounds:2..27
    run1,823  dpts:7..36  robin:FrbaOnDom-Last  effs:259,600,397  asgs:(853,noefs=31,fails=438)  fails:3,111,009  wrgs:5,157,325  wck:338.1  ngds:24,104  sols:1  bounds:2..27
    run1,824  dpts:5..14  robin:Wdeg-Rand  effs:259,643,531  asgs:(822,noefs=0,fails=460)  fails:3,111,469  wrgs:5,158,060  wck:338.2  ngds:24,113  sols:1  bounds:2..27
    run1,825  dpts:7..15  robin:PickOnDom-First  effs:259,679,559  asgs:(874,noefs=0,fails=483)  fails:3,111,952  wrgs:5,158,835  wck:338.2  ngds:24,126  sols:1  bounds:2..27
    run1,826  dpts:9..18  robin:WdegOnDom-Last  effs:259,709,119  asgs:(923,noefs=0,fails=507)  fails:3,112,459  wrgs:5,159,648  wck:338.3  ngds:24,138  sols:1  bounds:2..27
    run1,827  dpts:6..89  robin:FrbaOnDom-Rand  effs:259,744,292  asgs:(1004,noefs=72,fails=533)  fails:3,112,992  wrgs:5,160,541  wck:338.4  ngds:24,152  sols:1  bounds:2..27
    run1,828  dpts:2..13  robin:Wdeg-First  effs:259,778,333  asgs:(890,noefs=0,fails=560)  fails:3,113,552  wrgs:5,161,343  wck:338.4  ngds:24,161  sols:1  bounds:2..27
    run1,829  dpts:9..20  robin:PickOnDom-Last  effs:259,821,577  asgs:(1185,noefs=4,fails=588)  fails:3,114,140  wrgs:5,162,367  wck:338.5  ngds:24,170  sols:1  bounds:2..27
    run1,830  dpts:4..17  robin:WdegOnDom-Rand  effs:259,877,667  asgs:(1098,noefs=1,fails=617)  fails:3,114,757  wrgs:5,163,345  wck:338.6  ngds:24,178  sols:1  bounds:2..27
 ...resetting heuristics data (nValues:1,585 - nSingletons:219 - nEntailed:88)
    run1,831  dpts:15..103  robin:FrbaOnDom-First  effs:259,949,515  asgs:(1544,noefs=298,fails=648)  fails:3,115,405  wrgs:5,164,628  wck:338.7  ngds:24,199  sols:1  bounds:2..27
    run1,832  dpts:11..19  robin:Wdeg-Last  effs:259,990,640  asgs:(1187,noefs=1,fails=680)  fails:3,116,085  wrgs:5,165,701  wck:338.8  ngds:24,212  sols:1  bounds:2..27
    run1,833  dpts:12..25  robin:PickOnDom-Rand  effs:260,051,115  asgs:(1481,noefs=32,fails=714)  fails:3,116,799  wrgs:5,166,916  wck:338.9  ngds:24,223  sols:1  bounds:2..27
    run1,834  dpts:16..25  robin:WdegOnDom-First  effs:260,102,477  asgs:(1418,noefs=2,fails=750)  fails:3,117,549  wrgs:5,168,125  wck:339.0  ngds:24,239  sols:1  bounds:2..27
    run1,835  dpts:146..164  robin:FrbaOnDom-Last  effs:260,168,160  asgs:(1693,noefs=148,fails=788)  fails:3,118,337  wrgs:5,169,490  wck:339.1  ngds:24,252  sols:1  bounds:2..27
    run1,836  dpts:2..14  robin:Wdeg-Rand  effs:260,235,443  asgs:(1430,noefs=2,fails=827)  fails:3,119,164  wrgs:5,170,744  wck:339.2  ngds:24,269  sols:1  bounds:2..27
    run1,837  dpts:5..18  robin:PickOnDom-First  effs:260,289,287  asgs:(1696,noefs=48,fails=868)  fails:3,120,032  wrgs:5,172,230  wck:339.3  ngds:24,280  sols:1  bounds:2..27
    run1,838  dpts:4..14  robin:WdegOnDom-Last  effs:260,392,566  asgs:(1784,noefs=2,fails=912)  fails:3,120,944  wrgs:5,173,873  wck:339.5  ngds:24,292  sols:1  bounds:2..27
    run1,839  dpts:12..28  robin:FrbaOnDom-Rand  effs:260,497,631  asgs:(1707,noefs=6,fails=957)  fails:3,121,901  wrgs:5,175,404  wck:339.6  ngds:24,305  sols:1  bounds:2..27
    run1,840  dpts:2..12  robin:Wdeg-First  effs:260,567,368  asgs:(1527,noefs=0,fails=1005)  fails:3,122,906  wrgs:5,176,782  wck:339.7  ngds:24,332  sols:1  bounds:2..27
    run1,841  dpts:3..15  robin:PickOnDom-Last  effs:260,653,173  asgs:(1947,noefs=7,fails=1055)  fails:3,123,961  wrgs:5,178,527  wck:339.9  ngds:24,340  sols:1  bounds:2..27
    run1,842  dpts:9..19  robin:WdegOnDom-Rand  effs:260,737,160  asgs:(2094,noefs=0,fails=1108)  fails:3,125,069  wrgs:5,180,355  wck:340.0  ngds:24,349  sols:1  bounds:2..27
    run1,843  dpts:22..38  robin:FrbaOnDom-First  effs:260,862,314  asgs:(2182,noefs=15,fails=1164)  fails:3,126,233  wrgs:5,182,310  wck:340.2  ngds:24,357  sols:1  bounds:2..27
    run1,844  dpts:3..12  robin:Wdeg-Last  effs:260,953,143  asgs:(1932,noefs=0,fails=1222)  fails:3,127,455  wrgs:5,184,163  wck:340.3  ngds:24,372  sols:1  bounds:2..27
    run1,845  dpts:3..17  robin:PickOnDom-Rand  effs:261,047,172  asgs:(2374,noefs=6,fails=1283)  fails:3,128,738  wrgs:5,186,194  wck:340.4  ngds:24,379  sols:1  bounds:2..27
    run1,846  dpts:10..19  robin:WdegOnDom-First  effs:261,151,904  asgs:(2539,noefs=1,fails=1347)  fails:3,130,085  wrgs:5,188,465  wck:340.6  ngds:24,391  sols:1  bounds:2..27
    run1,847  dpts:13..72  robin:FrbaOnDom-Last  effs:261,305,673  asgs:(2796,noefs=138,fails=1415)  fails:3,131,500  wrgs:5,190,977  wck:340.9  ngds:24,415  sols:1  bounds:2..27
    run1,848  dpts:3..13  robin:Wdeg-Rand  effs:261,436,403  asgs:(2411,noefs=0,fails=1485)  fails:3,132,985  wrgs:5,193,214  wck:341.1  ngds:24,422  sols:1  bounds:2..27
    run1,849  dpts:3..14  robin:PickOnDom-First  effs:261,553,005  asgs:(2938,noefs=1,fails=1560)  fails:3,134,545  wrgs:5,195,814  wck:341.2  ngds:24,445  sols:1  bounds:2..27
    run1,850  dpts:5..18  robin:WdegOnDom-Last  effs:261,692,945  asgs:(3333,noefs=1,fails=1638)  fails:3,136,183  wrgs:5,198,866  wck:341.4  ngds:24,468  sols:1  bounds:2..27
    run1,851  dpts:5..245  robin:FrbaOnDom-Rand  effs:261,884,186  asgs:(3086,noefs=239,fails=1720)  fails:3,137,903  wrgs:5,201,679  wck:341.8  ngds:24,483  sols:1  bounds:2..27
    run1,852  dpts:2..11  robin:Wdeg-First  effs:262,026,257  asgs:(2809,noefs=0,fails=1806)  fails:3,139,709  wrgs:5,204,283  wck:342.0  ngds:24,496  sols:1  bounds:2..27
    run1,853  dpts:2..15  robin:PickOnDom-Last  effs:262,173,604  asgs:(3542,noefs=10,fails=1896)  fails:3,141,605  wrgs:5,207,394  wck:342.2  ngds:24,513  sols:1  bounds:2..27
    run1,854  dpts:11..21  robin:WdegOnDom-Rand  effs:262,301,736  asgs:(3779,noefs=0,fails=1991)  fails:3,143,596  wrgs:5,210,710  wck:342.4  ngds:24,537  sols:1  bounds:2..27
    run1,855  dpts:4..19  robin:FrbaOnDom-First  effs:262,513,649  asgs:(3814,noefs=13,fails=2090)  fails:3,145,686  wrgs:5,214,156  wck:342.8  ngds:24,551  sols:1  bounds:2..27
    run1,856  dpts:2..14  robin:Wdeg-Last  effs:262,695,488  asgs:(3733,noefs=0,fails=2195)  fails:3,147,881  wrgs:5,217,724  wck:343.1  ngds:24,566  sols:1  bounds:2..27
    run1,857  dpts:6..17  robin:PickOnDom-Rand  effs:262,872,506  asgs:(4322,noefs=14,fails=2305)  fails:3,150,186  wrgs:5,221,485  wck:343.4  ngds:24,582  sols:1  bounds:2..27
    run1,858  dpts:5..18  robin:WdegOnDom-First  effs:263,063,487  asgs:(4513,noefs=1,fails=2420)  fails:3,152,606  wrgs:5,225,388  wck:343.7  ngds:24,606  sols:1  bounds:2..27
    run1,859  dpts:4..18  robin:FrbaOnDom-Last  effs:263,325,277  asgs:(4851,noefs=28,fails=2541)  fails:3,155,147  wrgs:5,229,731  wck:344.1  ngds:24,628  sols:1  bounds:2..27
    run1,860  dpts:2..14  robin:Wdeg-Rand  effs:263,539,749  asgs:(4450,noefs=0,fails=2668)  fails:3,157,815  wrgs:5,233,757  wck:344.4  ngds:24,649  sols:1  bounds:2..27
 ...resetting heuristics data (nValues:1,585 - nSingletons:219 - nEntailed:88)
    run1,861  dpts:14..28  robin:PickOnDom-First  effs:263,708,462  asgs:(5388,noefs=100,fails=2801)  fails:3,160,616  wrgs:5,238,380  wck:344.7  ngds:24,664  sols:1  bounds:2..27
    run1,862  dpts:10..22  robin:WdegOnDom-Last  effs:263,907,889  asgs:(5724,noefs=3,fails=2941)  fails:3,163,557  wrgs:5,243,400  wck:345.0  ngds:24,677  sols:1  bounds:2..27
    run1,863  dpts:12..108  robin:FrbaOnDom-Rand  effs:264,214,899  asgs:(5965,noefs=273,fails=3089)  fails:3,166,646  wrgs:5,248,531  wck:345.5  ngds:24,700  sols:1  bounds:2..27
    run1,864  dpts:16..25  robin:Wdeg-First  effs:264,417,849  asgs:(5690,noefs=8,fails=3243)  fails:3,169,889  wrgs:5,253,634  wck:345.9  ngds:24,726  sols:1  bounds:2..27
    run1,865  dpts:3..16  robin:PickOnDom-Last  effs:264,683,844  asgs:(7390,noefs=119,fails=3405)  fails:3,173,294  wrgs:5,259,675  wck:346.2  ngds:24,734  sols:1  bounds:2..27
    run1,866  dpts:4..18  robin:WdegOnDom-Rand  effs:265,049,541  asgs:(6621,noefs=8,fails=3575)  fails:3,176,869  wrgs:5,265,417  wck:346.8  ngds:24,741  sols:1  bounds:2..27
    run1,867  dpts:155..174  robin:FrbaOnDom-First  effs:265,317,962  asgs:(7344,noefs=155,fails=3754)  fails:3,180,623  wrgs:5,271,737  wck:347.3  ngds:24,754  sols:1  bounds:2..27
    run1,868  dpts:2..15  robin:Wdeg-Last  effs:265,693,020  asgs:(7551,noefs=2,fails=3942)  fails:3,184,565  wrgs:5,278,693  wck:347.9  ngds:24,765  sols:1  bounds:2..27
    run1,869  dpts:4..19  robin:PickOnDom-Rand  effs:266,033,760  asgs:(9027,noefs=131,fails=4139)  fails:3,188,704  wrgs:5,286,064  wck:348.3  ngds:24,781  sols:1  bounds:2..27
    run1,870  dpts:6..22  robin:WdegOnDom-First  effs:266,340,153  asgs:(8381,noefs=0,fails=4346)  fails:3,193,050  wrgs:5,293,639  wck:348.7  ngds:24,817  sols:1  bounds:2..27
    run1,871  dpts:26..81  robin:FrbaOnDom-Last  effs:266,689,691  asgs:(8895,noefs=112,fails=4563)  fails:3,197,613  wrgs:5,301,357  wck:349.4  ngds:24,829  sols:1  bounds:2..27
    run1,872  dpts:2..15  robin:Wdeg-Rand  effs:267,187,273  asgs:(8260,noefs=6,fails=4792)  fails:3,202,405  wrgs:5,308,820  wck:350.1  ngds:24,849  sols:1  bounds:2..27
    run1,873  dpts:4..18  robin:PickOnDom-First  effs:267,662,242  asgs:(10674,noefs=34,fails=5031)  fails:3,207,436  wrgs:5,317,947  wck:350.8  ngds:24,872  sols:1  bounds:2..27
    run1,874  dpts:5..16  robin:WdegOnDom-Last  effs:268,066,701  asgs:(9693,noefs=1,fails=5283)  fails:3,212,719  wrgs:5,326,741  wck:351.4  ngds:24,900  sols:1  bounds:2..27
    run1,875  dpts:6..49  robin:FrbaOnDom-Rand  effs:268,559,483  asgs:(10543,noefs=144,fails=5547)  fails:3,218,266  wrgs:5,335,784  wck:352.3  ngds:24,917  sols:1  bounds:2..27
    run1,876  dpts:2..13  robin:Wdeg-First  effs:269,002,741  asgs:(9758,noefs=2,fails=5824)  fails:3,224,090  wrgs:5,344,769  wck:353.0  ngds:24,949  sols:1  bounds:2..27
    run1,877  dpts:5..19  robin:PickOnDom-Last  effs:269,382,440  asgs:(12648,noefs=127,fails=6116)  fails:3,230,206  wrgs:5,355,051  wck:353.5  ngds:24,962  sols:1  bounds:2..27
    run1,878  dpts:4..19  robin:WdegOnDom-Rand  effs:269,855,106  asgs:(12004,noefs=0,fails=6421)  fails:3,236,627  wrgs:5,365,615  wck:354.0  ngds:24,988  sols:1  bounds:2..27
    run1,879  dpts:5..33  robin:FrbaOnDom-First  effs:270,490,835  asgs:(13058,noefs=104,fails=6743)  fails:3,243,370  wrgs:5,377,233  wck:355.1  ngds:25,009  sols:1  bounds:2..27
    run1,880  dpts:2..14  robin:Wdeg-Last  effs:271,251,653  asgs:(13292,noefs=1,fails=7080)  fails:3,250,450  wrgs:5,389,587  wck:356.3  ngds:25,036  sols:1  bounds:2..27
    run1,881  dpts:2..19  robin:PickOnDom-Rand  effs:271,894,168  asgs:(14673,noefs=61,fails=7434)  fails:3,257,884  wrgs:5,402,222  wck:357.2  ngds:25,048  sols:1  bounds:2..27
    run1,882  dpts:7..19  robin:WdegOnDom-First  effs:272,468,694  asgs:(14931,noefs=0,fails=7805)  fails:3,265,689  wrgs:5,415,424  wck:358.1  ngds:25,068  sols:1  bounds:2..27
    run1,883  dpts:2..36  robin:FrbaOnDom-Last  effs:273,245,717  asgs:(15971,noefs=57,fails=8196)  fails:3,273,885  wrgs:5,429,460  wck:359.3  ngds:25,087  sols:1  bounds:2..27
    run1,884  dpts:1..15  robin:Wdeg-Rand  effs:274,100,176  asgs:(14725,noefs=3,fails=8606)  fails:3,282,491  wrgs:5,442,740  wck:360.7  ngds:25,101  sols:1  bounds:2..27
    run1,885  dpts:4..16  robin:PickOnDom-First  effs:274,737,841  asgs:(18102,noefs=43,fails=9036)  fails:3,291,527  wrgs:5,459,011  wck:361.5  ngds:25,114  sols:1  bounds:2..27
    run1,886  dpts:3..17  robin:WdegOnDom-Last  effs:275,667,126  asgs:(18407,noefs=22,fails=9488)  fails:3,301,015  wrgs:5,475,016  wck:362.6  ngds:25,127  sols:1  bounds:2..27
    run1,887  dpts:5..127  robin:FrbaOnDom-Rand  effs:276,579,041  asgs:(19156,noefs=191,fails=9962)  fails:3,310,977  wrgs:5,491,642  wck:364.0  ngds:25,139  sols:1  bounds:2..27
    run1,888  dpts:2..13  robin:Wdeg-First  effs:277,320,094  asgs:(17542,noefs=9,fails=10460)  fails:3,321,437  wrgs:5,507,498  wck:365.1  ngds:25,163  sols:1  bounds:2..27
    run1,889  dpts:2..16  robin:PickOnDom-Last  effs:278,260,218  asgs:(22819,noefs=49,fails=10983)  fails:3,332,420  wrgs:5,527,046  wck:366.5  ngds:25,186  sols:1  bounds:2..27
    run1,890  dpts:1..18  robin:WdegOnDom-Rand  effs:279,474,293  asgs:(20806,noefs=6,fails=11532)  fails:3,343,952  wrgs:5,545,387  wck:367.9  ngds:25,209  sols:1  bounds:2..27
 ...resetting restart cutoff to 155
 ...resetting heuristics data (nValues:1,585 - nSingletons:219 - nEntailed:88)
    run1,891  dpts:7..37  robin:FrbaOnDom-First  effs:279,486,342  asgs:(321,noefs=24,fails=155)  fails:3,344,107  wrgs:5,545,654  wck:367.9  ngds:25,223  sols:1  bounds:2..27
    run1,892  dpts:13..20  robin:Wdeg-Last  effs:279,499,190  asgs:(264,noefs=1,fails=162)  fails:3,344,269  wrgs:5,545,886  wck:368.0  ngds:25,230  sols:1  bounds:2..27
    run1,893  dpts:14..24  robin:PickOnDom-Rand  effs:279,514,963  asgs:(344,noefs=4,fails=170)  fails:3,344,439  wrgs:5,546,171  wck:368.0  ngds:25,235  sols:1  bounds:2..27
    run1,894  dpts:14..25  robin:WdegOnDom-First  effs:279,530,383  asgs:(331,noefs=2,fails=179)  fails:3,344,618  wrgs:5,546,458  wck:368.0  ngds:25,245  sols:1  bounds:2..27
    run1,895  dpts:19..154  robin:FrbaOnDom-Last  effs:279,554,874  asgs:(495,noefs=137,fails=188)  fails:3,344,806  wrgs:5,546,911  wck:368.1  ngds:25,251  sols:1  bounds:2..27
    run1,896  dpts:2..11  robin:Wdeg-Rand  effs:279,574,526  asgs:(325,noefs=0,fails=197)  fails:3,345,003  wrgs:5,547,208  wck:368.1  ngds:25,256  sols:1  bounds:2..27
    run1,897  dpts:2..14  robin:PickOnDom-First  effs:279,586,227  asgs:(419,noefs=9,fails=207)  fails:3,345,210  wrgs:5,547,570  wck:368.1  ngds:25,269  sols:1  bounds:2..27
    run1,898  dpts:5..16  robin:WdegOnDom-Last  effs:279,605,462  asgs:(422,noefs=9,fails=218)  fails:3,345,428  wrgs:5,547,955  wck:368.1  ngds:25,272  sols:1  bounds:2..27
    run1,899  dpts:172..183  robin:FrbaOnDom-Rand  effs:279,626,257  asgs:(587,noefs=171,fails=229)  fails:3,345,657  wrgs:5,548,318  wck:368.2  ngds:25,282  sols:1  bounds:2..27
    run1,900  dpts:3..12  robin:Wdeg-First  effs:279,656,585  asgs:(457,noefs=0,fails=240)  fails:3,345,897  wrgs:5,548,702  wck:368.2  ngds:25,300  sols:1  bounds:2..27
    run1,901  dpts:4..15  robin:PickOnDom-Last  effs:279,679,710  asgs:(557,noefs=1,fails=252)  fails:3,346,149  wrgs:5,549,159  wck:368.3  ngds:25,315  sols:1  bounds:2..27
    run1,902  dpts:6..15  robin:WdegOnDom-Rand  effs:279,700,851  asgs:(495,noefs=0,fails=265)  fails:3,346,414  wrgs:5,549,593  wck:368.3  ngds:25,329  sols:1  bounds:2..27
    run1,903  dpts:110..124  robin:FrbaOnDom-First  effs:279,731,263  asgs:(640,noefs=105,fails=278)  fails:3,346,692  wrgs:5,550,059  wck:368.4  ngds:25,333  sols:1  bounds:2..27
    run1,904  dpts:4..14  robin:Wdeg-Last  effs:279,755,942  asgs:(480,noefs=0,fails=292)  fails:3,346,984  wrgs:5,550,507  wck:368.4  ngds:25,345  sols:1  bounds:2..27
    run1,905  dpts:7..17  robin:PickOnDom-Rand  effs:279,772,910  asgs:(597,noefs=11,fails=306)  fails:3,347,290  wrgs:5,551,008  wck:368.4  ngds:25,360  sols:1  bounds:2..27
    run1,906  dpts:9..18  robin:WdegOnDom-First  effs:279,794,024  asgs:(592,noefs=0,fails=322)  fails:3,347,612  wrgs:5,551,538  wck:368.5  ngds:25,374  sols:1  bounds:2..27
    run1,907  dpts:5..28  robin:FrbaOnDom-Last  effs:279,820,091  asgs:(656,noefs=9,fails=338)  fails:3,347,950  wrgs:5,552,088  wck:368.5  ngds:25,389  sols:1  bounds:2..27
    run1,908  dpts:3..15  robin:Wdeg-Rand  effs:279,852,130  asgs:(631,noefs=0,fails=355)  fails:3,348,305  wrgs:5,552,651  wck:368.6  ngds:25,404  sols:1  bounds:2..27
    run1,909  dpts:5..14  robin:PickOnDom-First  effs:279,879,775  asgs:(856,noefs=8,fails=373)  fails:3,348,678  wrgs:5,553,360  wck:368.6  ngds:25,416  sols:1  bounds:2..27
    run1,910  dpts:8..18  robin:WdegOnDom-Last  effs:279,915,007  asgs:(738,noefs=1,fails=391)  fails:3,349,069  wrgs:5,554,001  wck:368.7  ngds:25,428  sols:1  bounds:2..27
    run1,911  dpts:7..23  robin:FrbaOnDom-Rand  effs:279,952,660  asgs:(797,noefs=2,fails=411)  fails:3,349,480  wrgs:5,554,676  wck:368.8  ngds:25,450  sols:1  bounds:2..27
    run1,912  dpts:3..15  robin:Wdeg-First  effs:279,982,716  asgs:(672,noefs=1,fails=431)  fails:3,349,911  wrgs:5,555,299  wck:368.8  ngds:25,466  sols:1  bounds:2..27
    run1,913  dpts:6..15  robin:PickOnDom-Last  effs:280,017,211  asgs:(894,noefs=1,fails=453)  fails:3,350,364  wrgs:5,556,061  wck:368.9  ngds:25,475  sols:1  bounds:2..27
    run1,914  dpts:5..15  robin:WdegOnDom-Rand  effs:280,055,153  asgs:(786,noefs=0,fails=476)  fails:3,350,840  wrgs:5,556,761  wck:369.0  ngds:25,490  sols:1  bounds:2..27
    run1,915  dpts:33..54  robin:FrbaOnDom-First  effs:280,091,629  asgs:(989,noefs=33,fails=499)  fails:3,351,339  wrgs:5,557,614  wck:369.1  ngds:25,505  sols:1  bounds:2..27
    run1,916  dpts:4..12  robin:Wdeg-Last  effs:280,124,579  asgs:(821,noefs=0,fails=524)  fails:3,351,863  wrgs:5,558,359  wck:369.1  ngds:25,520  sols:1  bounds:2..27
    run1,917  dpts:6..15  robin:PickOnDom-Rand  effs:280,178,335  asgs:(1007,noefs=1,fails=551)  fails:3,352,414  wrgs:5,559,222  wck:369.2  ngds:25,545  sols:1  bounds:2..27
    run1,918  dpts:12..20  robin:WdegOnDom-First  effs:280,217,308  asgs:(1154,noefs=0,fails=578)  fails:3,352,992  wrgs:5,560,277  wck:369.2  ngds:25,560  sols:1  bounds:2..27
    run1,919  dpts:37..181  robin:FrbaOnDom-Last  effs:280,286,614  asgs:(1341,noefs=158,fails=607)  fails:3,353,599  wrgs:5,561,470  wck:369.4  ngds:25,573  sols:1  bounds:2..27
    run1,920  dpts:3..10  robin:Wdeg-Rand  effs:280,354,557  asgs:(1024,noefs=0,fails=638)  fails:3,354,237  wrgs:5,562,415  wck:369.5  ngds:25,593  sols:1  bounds:2..27
 ...resetting heuristics data (nValues:1,585 - nSingletons:219 - nEntailed:88)
    run1,921  dpts:16..27  robin:PickOnDom-First  effs:280,395,656  asgs:(1268,noefs=25,fails=669)  fails:3,354,906  wrgs:5,563,519  wck:369.6  ngds:25,598  sols:1  bounds:2..27
    run1,922  dpts:11..21  robin:WdegOnDom-Last  effs:280,452,791  asgs:(1281,noefs=0,fails=703)  fails:3,355,609  wrgs:5,564,640  wck:369.6  ngds:25,619  sols:1  bounds:2..27
    run1,923  dpts:5..92  robin:FrbaOnDom-Rand  effs:280,531,848  asgs:(1680,noefs=267,fails=738)  fails:3,356,347  wrgs:5,566,064  wck:369.8  ngds:25,634  sols:1  bounds:2..27
    run1,924  dpts:13..27  robin:Wdeg-First  effs:280,577,810  asgs:(1331,noefs=0,fails=775)  fails:3,357,122  wrgs:5,567,260  wck:369.9  ngds:25,647  sols:1  bounds:2..27
    run1,925  dpts:3..17  robin:PickOnDom-Last  effs:280,661,287  asgs:(1775,noefs=30,fails=814)  fails:3,357,936  wrgs:5,568,847  wck:370.0  ngds:25,660  sols:1  bounds:2..27
    run1,926  dpts:4..17  robin:WdegOnDom-Rand  effs:280,759,391  asgs:(1620,noefs=1,fails=854)  fails:3,358,790  wrgs:5,570,242  wck:370.1  ngds:25,678  sols:1  bounds:2..27
    run1,927  dpts:187..210  robin:FrbaOnDom-First  effs:280,852,812  asgs:(1869,noefs=200,fails=897)  fails:3,359,687  wrgs:5,571,724  wck:370.3  ngds:25,679  sols:1  bounds:2..27
    run1,928  dpts:4..13  robin:Wdeg-Last  effs:280,930,151  asgs:(1660,noefs=0,fails=942)  fails:3,360,629  wrgs:5,573,288  wck:370.5  ngds:25,702  sols:1  bounds:2..27
    run1,929  dpts:8..22  robin:PickOnDom-Rand  effs:281,003,865  asgs:(2093,noefs=38,fails=989)  fails:3,361,618  wrgs:5,575,020  wck:370.6  ngds:25,714  sols:1  bounds:2..27
    run1,930  dpts:6..17  robin:WdegOnDom-First  effs:281,077,598  asgs:(2018,noefs=0,fails=1039)  fails:3,362,657  wrgs:5,576,825  wck:370.7  ngds:25,718  sols:1  bounds:2..27
    run1,931  dpts:4..72  robin:FrbaOnDom-Last  effs:281,191,109  asgs:(2091,noefs=131,fails=1091)  fails:3,363,748  wrgs:5,578,729  wck:370.9  ngds:25,730  sols:1  bounds:2..27
    run1,932  dpts:3..13  robin:Wdeg-Rand  effs:281,299,891  asgs:(1973,noefs=0,fails=1145)  fails:3,364,893  wrgs:5,580,498  wck:371.1  ngds:25,735  sols:1  bounds:2..27
    run1,933  dpts:2..14  robin:PickOnDom-First  effs:281,388,278  asgs:(2568,noefs=11,fails=1203)  fails:3,366,096  wrgs:5,582,590  wck:371.2  ngds:25,761  sols:1  bounds:2..27
    run1,934  dpts:7..18  robin:WdegOnDom-Last  effs:281,477,006  asgs:(2334,noefs=0,fails=1263)  fails:3,367,359  wrgs:5,584,711  wck:371.3  ngds:25,772  sols:1  bounds:2..27
    run1,935  dpts:2..152  robin:FrbaOnDom-Rand  effs:281,604,176  asgs:(2318,noefs=169,fails=1326)  fails:3,368,685  wrgs:5,586,815  wck:371.5  ngds:25,779  sols:1  bounds:2..27
    run1,936  dpts:2..13  robin:Wdeg-First  effs:281,680,486  asgs:(2277,noefs=0,fails=1392)  fails:3,370,077  wrgs:5,588,904  wck:371.7  ngds:25,799  sols:1  bounds:2..27
    run1,937  dpts:5..15  robin:PickOnDom-Last  effs:281,786,016  asgs:(3137,noefs=15,fails=1462)  fails:3,371,539  wrgs:5,591,432  wck:371.8  ngds:25,818  sols:1  bounds:2..27
    run1,938  dpts:3..14  robin:WdegOnDom-Rand  effs:281,911,732  asgs:(2700,noefs=3,fails=1535)  fails:3,373,074  wrgs:5,593,851  wck:372.0  ngds:25,836  sols:1  bounds:2..27
    run1,939  dpts:4..22  robin:FrbaOnDom-First  effs:282,079,956  asgs:(2988,noefs=22,fails=1612)  fails:3,374,686  wrgs:5,596,497  wck:372.3  ngds:25,851  sols:1  bounds:2..27
    run1,940  dpts:3..13  robin:Wdeg-Last  effs:282,233,959  asgs:(2742,noefs=0,fails=1692)  fails:3,376,378  wrgs:5,599,108  wck:372.5  ngds:25,871  sols:1  bounds:2..27
    run1,941  dpts:2..18  robin:PickOnDom-Rand  effs:282,406,188  asgs:(3759,noefs=5,fails=1777)  fails:3,378,155  wrgs:5,602,250  wck:372.8  ngds:25,884  sols:1  bounds:2..27
    run1,942  dpts:4..20  robin:WdegOnDom-First  effs:282,547,150  asgs:(3538,noefs=3,fails=1866)  fails:3,380,021  wrgs:5,605,373  wck:373.0  ngds:25,911  sols:1  bounds:2..27
    run1,943  dpts:5..33  robin:FrbaOnDom-Last  effs:282,749,964  asgs:(3748,noefs=29,fails=1959)  fails:3,381,980  wrgs:5,608,765  wck:373.4  ngds:25,933  sols:1  bounds:2..27
    run1,944  dpts:3..13  robin:Wdeg-Rand  effs:282,959,930  asgs:(3511,noefs=1,fails=2057)  fails:3,384,037  wrgs:5,611,951  wck:373.7  ngds:25,940  sols:1  bounds:2..27
    run1,945  dpts:4..16  robin:PickOnDom-First  effs:283,157,864  asgs:(4053,noefs=21,fails=2160)  fails:3,386,197  wrgs:5,615,649  wck:373.9  ngds:25,955  sols:1  bounds:2..27
    run1,946  dpts:4..16  robin:WdegOnDom-Last  effs:283,390,532  asgs:(4291,noefs=0,fails=2268)  fails:3,388,465  wrgs:5,619,623  wck:374.3  ngds:25,969  sols:1  bounds:2..27
    run1,947  dpts:5..28  robin:FrbaOnDom-Rand  effs:283,583,215  asgs:(4301,noefs=7,fails=2381)  fails:3,390,846  wrgs:5,623,409  wck:374.6  ngds:25,984  sols:1  bounds:2..27
    run1,948  dpts:4..12  robin:Wdeg-First  effs:283,756,913  asgs:(4004,noefs=0,fails=2501)  fails:3,393,347  wrgs:5,627,140  wck:374.9  ngds:26,018  sols:1  bounds:2..27
    run1,949  dpts:3..17  robin:PickOnDom-Last  effs:283,981,373  asgs:(5903,noefs=72,fails=2626)  fails:3,395,973  wrgs:5,632,189  wck:375.2  ngds:26,034  sols:1  bounds:2..27
    run1,950  dpts:6..18  robin:WdegOnDom-Rand  effs:284,244,565  asgs:(5173,noefs=0,fails=2757)  fails:3,398,730  wrgs:5,636,675  wck:375.7  ngds:26,051  sols:1  bounds:2..27
 ...resetting heuristics data (nValues:1,585 - nSingletons:219 - nEntailed:88)
    run1,951  dpts:4..141  robin:FrbaOnDom-First  effs:284,501,382  asgs:(5899,noefs=301,fails=2895)  fails:3,401,625  wrgs:5,641,774  wck:376.1  ngds:26,075  sols:1  bounds:2..27
    run1,952  dpts:11..20  robin:Wdeg-Last  effs:284,695,513  asgs:(5340,noefs=5,fails=3040)  fails:3,404,665  wrgs:5,646,648  wck:376.4  ngds:26,099  sols:1  bounds:2..27
    run1,953  dpts:11..23  robin:PickOnDom-Rand  effs:284,974,518  asgs:(6391,noefs=76,fails=3192)  fails:3,407,857  wrgs:5,652,086  wck:376.8  ngds:26,130  sols:1  bounds:2..27
    run1,954  dpts:14..27  robin:WdegOnDom-First  effs:285,236,005  asgs:(6557,noefs=2,fails=3351)  fails:3,411,208  wrgs:5,657,809  wck:377.2  ngds:26,150  sols:1  bounds:2..27
    run1,955  dpts:110..133  robin:FrbaOnDom-Last  effs:285,536,770  asgs:(7061,noefs=126,fails=3519)  fails:3,414,727  wrgs:5,664,039  wck:377.7  ngds:26,164  sols:1  bounds:2..27
    run1,956  dpts:1..16  robin:Wdeg-Rand  effs:285,866,345  asgs:(6468,noefs=11,fails=3695)  fails:3,418,422  wrgs:5,669,809  wck:378.2  ngds:26,181  sols:1  bounds:2..27
    run1,957  dpts:3..15  robin:PickOnDom-First  effs:286,185,697  asgs:(7774,noefs=73,fails=3879)  fails:3,422,301  wrgs:5,676,465  wck:378.6  ngds:26,199  sols:1  bounds:2..27
    run1,958  dpts:2..15  robin:WdegOnDom-Last  effs:286,656,240  asgs:(8808,noefs=1,fails=4073)  fails:3,426,374  wrgs:5,684,504  wck:379.4  ngds:26,220  sols:1  bounds:2..27
    run1,959  dpts:7..23  robin:FrbaOnDom-Rand  effs:287,047,335  asgs:(7753,noefs=70,fails=4277)  fails:3,430,651  wrgs:5,691,313  wck:380.1  ngds:26,232  sols:1  bounds:2..27
    run1,960  dpts:2..14  robin:Wdeg-First  effs:287,398,229  asgs:(7251,noefs=0,fails=4491)  fails:3,435,142  wrgs:5,697,938  wck:380.6  ngds:26,256  sols:1  bounds:2..27
    run1,961  dpts:3..17  robin:PickOnDom-Last  effs:287,772,886  asgs:(10151,noefs=90,fails=4716)  fails:3,439,858  wrgs:5,706,430  wck:381.2  ngds:26,275  sols:1  bounds:2..27
    run1,962  dpts:6..18  robin:WdegOnDom-Rand  effs:288,236,417  asgs:(9204,noefs=1,fails=4951)  fails:3,444,809  wrgs:5,714,473  wck:381.9  ngds:26,286  sols:1  bounds:2..27
    run1,963  dpts:6..23  robin:FrbaOnDom-First  effs:288,620,319  asgs:(9726,noefs=30,fails=5199)  fails:3,450,008  wrgs:5,723,089  wck:382.6  ngds:26,308  sols:1  bounds:2..27
    run1,964  dpts:2..13  robin:Wdeg-Last  effs:289,187,198  asgs:(10192,noefs=4,fails=5459)  fails:3,455,467  wrgs:5,732,682  wck:383.4  ngds:26,328  sols:1  bounds:2..27
    run1,965  dpts:5..18  robin:PickOnDom-Rand  effs:289,623,924  asgs:(11517,noefs=4,fails=5732)  fails:3,461,199  wrgs:5,742,536  wck:384.0  ngds:26,352  sols:1  bounds:2..27
    run1,966  dpts:4..17  robin:WdegOnDom-First  effs:290,075,303  asgs:(11531,noefs=0,fails=6019)  fails:3,467,218  wrgs:5,752,938  wck:384.8  ngds:26,376  sols:1  bounds:2..27
    run1,967  dpts:2..110  robin:FrbaOnDom-Last  effs:290,682,941  asgs:(12233,noefs=202,fails=6320)  fails:3,473,538  wrgs:5,763,963  wck:385.9  ngds:26,394  sols:1  bounds:2..27
    run1,968  dpts:2..14  robin:Wdeg-Rand  effs:291,315,480  asgs:(11605,noefs=0,fails=6636)  fails:3,480,174  wrgs:5,774,279  wck:387.0  ngds:26,403  sols:1  bounds:2..27
    run1,969  dpts:2..17  robin:PickOnDom-First  effs:291,850,723  asgs:(13637,noefs=43,fails=6967)  fails:3,487,141  wrgs:5,786,329  wck:387.7  ngds:26,422  sols:1  bounds:2..27
    run1,970  dpts:2..16  robin:WdegOnDom-Last  effs:292,449,303  asgs:(13931,noefs=47,fails=7316)  fails:3,494,457  wrgs:5,799,147  wck:388.5  ngds:26,432  sols:1  bounds:2..27
    run1,971  dpts:27..108  robin:FrbaOnDom-Rand  effs:293,142,385  asgs:(14684,noefs=156,fails=7682)  fails:3,502,139  wrgs:5,811,944  wck:389.6  ngds:26,447  sols:1  bounds:2..27
    run1,972  dpts:2..13  robin:Wdeg-First  effs:293,749,212  asgs:(13030,noefs=0,fails=8066)  fails:3,510,205  wrgs:5,823,906  wck:390.4  ngds:26,469  sols:1  bounds:2..27
    run1,973  dpts:1..17  robin:PickOnDom-Last  effs:294,539,966  asgs:(17458,noefs=75,fails=8469)  fails:3,518,674  wrgs:5,838,901  wck:391.6  ngds:26,478  sols:1  bounds:2..27
    run1,974  dpts:5..16  robin:WdegOnDom-Rand  effs:295,436,578  asgs:(16566,noefs=2,fails=8892)  fails:3,527,566  wrgs:5,853,399  wck:393.1  ngds:26,500  sols:1  bounds:2..27
    run1,975  dpts:107..128  robin:FrbaOnDom-First  effs:296,232,317  asgs:(18030,noefs=191,fails=9337)  fails:3,536,903  wrgs:5,869,358  wck:394.5  ngds:26,524  sols:1  bounds:2..27
    run1,976  dpts:2..13  robin:Wdeg-Last  effs:297,043,538  asgs:(16360,noefs=0,fails=9804)  fails:3,546,707  wrgs:5,884,783  wck:395.7  ngds:26,547  sols:1  bounds:2..27
    run1,977  dpts:3..15  robin:PickOnDom-Rand  effs:297,981,295  asgs:(20593,noefs=55,fails=10294)  fails:3,557,001  wrgs:5,902,344  wck:397.0  ngds:26,554  sols:1  bounds:2..27
    run1,978  dpts:7..20  robin:WdegOnDom-First  effs:298,702,861  asgs:(21986,noefs=3,fails=10809)  fails:3,567,810  wrgs:5,922,051  wck:398.1  ngds:26,576  sols:1  bounds:2..27
    run1,979  dpts:15..39  robin:FrbaOnDom-Last  effs:299,863,348  asgs:(22567,noefs=116,fails=11349)  fails:3,579,159  wrgs:5,942,547  wck:400.0  ngds:26,600  sols:1  bounds:2..27
    run1,980  dpts:2..14  robin:Wdeg-Rand  effs:301,009,719  asgs:(20724,noefs=5,fails=11917)  fails:3,591,076  wrgs:5,961,124  wck:401.6  ngds:26,627  sols:1  bounds:2..27
 ...resetting restart cutoff to 160
 ...resetting heuristics data (nValues:1,585 - nSingletons:219 - nEntailed:88)
    run1,981  dpts:17..28  robin:PickOnDom-First  effs:301,019,564  asgs:(316,noefs=0,fails=160)  fails:3,591,236  wrgs:5,961,374  wck:401.6  ngds:26,634  sols:1  bounds:2..27
    run1,982  dpts:11..21  robin:WdegOnDom-Last  effs:301,031,385  asgs:(317,noefs=0,fails=168)  fails:3,591,404  wrgs:5,961,635  wck:401.7  ngds:26,655  sols:1  bounds:2..27
    run1,983  dpts:8..31  robin:FrbaOnDom-Rand  effs:301,047,733  asgs:(341,noefs=20,fails=176)  fails:3,591,580  wrgs:5,961,917  wck:401.7  ngds:26,662  sols:1  bounds:2..27
    run1,984  dpts:19..27  robin:Wdeg-First  effs:301,056,405  asgs:(336,noefs=2,fails=185)  fails:3,591,765  wrgs:5,962,204  wck:401.7  ngds:26,676  sols:1  bounds:2..27
    run1,985  dpts:7..17  robin:PickOnDom-Last  effs:301,069,364  asgs:(410,noefs=6,fails=194)  fails:3,591,959  wrgs:5,962,535  wck:401.7  ngds:26,684  sols:1  bounds:2..27
    run1,986  dpts:8..15  robin:WdegOnDom-Rand  effs:301,093,573  asgs:(411,noefs=1,fails=204)  fails:3,592,163  wrgs:5,962,870  wck:401.8  ngds:26,688  sols:1  bounds:2..27
    run1,987  dpts:10..83  robin:FrbaOnDom-First  effs:301,118,043  asgs:(515,noefs=102,fails=214)  fails:3,592,377  wrgs:5,963,314  wck:401.8  ngds:26,696  sols:1  bounds:2..27
    run1,988  dpts:3..12  robin:Wdeg-Last  effs:301,139,717  asgs:(401,noefs=2,fails=225)  fails:3,592,602  wrgs:5,963,686  wck:401.9  ngds:26,706  sols:1  bounds:2..27
    run1,989  dpts:10..18  robin:PickOnDom-Rand  effs:301,158,105  asgs:(413,noefs=1,fails=236)  fails:3,592,838  wrgs:5,964,055  wck:401.9  ngds:26,721  sols:1  bounds:2..27
    run1,990  dpts:8..15  robin:WdegOnDom-First  effs:301,182,139  asgs:(472,noefs=0,fails=248)  fails:3,593,086  wrgs:5,964,457  wck:401.9  ngds:26,738  sols:1  bounds:2..27
    run1,991  dpts:207..225  robin:FrbaOnDom-Last  effs:301,203,529  asgs:(711,noefs=202,fails=260)  fails:3,593,346  wrgs:5,964,893  wck:402.0  ngds:26,749  sols:1  bounds:2..27
    run1,992  dpts:4..11  robin:Wdeg-Rand  effs:301,229,728  asgs:(456,noefs=0,fails=273)  fails:3,593,619  wrgs:5,965,308  wck:402.0  ngds:26,765  sols:1  bounds:2..27
    run1,993  dpts:3..14  robin:PickOnDom-First  effs:301,249,500  asgs:(518,noefs=2,fails=287)  fails:3,593,906  wrgs:5,965,773  wck:402.1  ngds:26,779  sols:1  bounds:2..27
    run1,994  dpts:9..18  robin:WdegOnDom-Last  effs:301,270,478  asgs:(547,noefs=0,fails=301)  fails:3,594,207  wrgs:5,966,260  wck:402.1  ngds:26,790  sols:1  bounds:2..27
    run1,995  dpts:96..107  robin:FrbaOnDom-Rand  effs:301,296,950  asgs:(667,noefs=86,fails=316)  fails:3,594,523  wrgs:5,966,773  wck:402.2  ngds:26,799  sols:1  bounds:2..27
    run1,996  dpts:2..11  robin:Wdeg-First  effs:301,326,336  asgs:(546,noefs=0,fails=332)  fails:3,594,855  wrgs:5,967,279  wck:402.2  ngds:26,816  sols:1  bounds:2..27
    run1,997  dpts:4..14  robin:PickOnDom-Last  effs:301,354,561  asgs:(676,noefs=9,fails=349)  fails:3,595,204  wrgs:5,967,875  wck:402.3  ngds:26,826  sols:1  bounds:2..27
    run1,998  dpts:6..14  robin:WdegOnDom-Rand  effs:301,387,456  asgs:(666,noefs=0,fails=366)  fails:3,595,570  wrgs:5,968,461  wck:402.3  ngds:26,833  sols:1  bounds:2..27
    run1,999  dpts:11..23  robin:FrbaOnDom-First  effs:301,410,909  asgs:(688,noefs=3,fails=385)  fails:3,595,955  wrgs:5,969,064  wck:402.4  ngds:26,851  sols:1  bounds:2..27
    run2,000  dpts:3..13  robin:Wdeg-Last  effs:301,452,223  asgs:(763,noefs=0,fails=404)  fails:3,596,359  wrgs:5,969,747  wck:402.5  ngds:26,857  sols:1  bounds:2..27
    run2,001  dpts:4..16  robin:PickOnDom-Rand  effs:301,486,075  asgs:(739,noefs=8,fails=424)  fails:3,596,783  wrgs:5,970,387  wck:402.5  ngds:26,869  sols:1  bounds:2..27
    run2,002  dpts:6..17  robin:WdegOnDom-First  effs:301,513,182  asgs:(835,noefs=0,fails=445)  fails:3,597,228  wrgs:5,971,133  wck:402.6  ngds:26,885  sols:1  bounds:2..27
    run2,003  dpts:32..41  robin:FrbaOnDom-Last  effs:301,537,625  asgs:(890,noefs=28,fails=468)  fails:3,597,696  wrgs:5,971,911  wck:402.6  ngds:26,891  sols:1  bounds:2..27
    run2,004  dpts:5..13  robin:Wdeg-Rand  effs:301,571,940  asgs:(783,noefs=0,fails=491)  fails:3,598,187  wrgs:5,972,627  wck:402.7  ngds:26,904  sols:1  bounds:2..27
    run2,005  dpts:5..16  robin:PickOnDom-First  effs:301,623,747  asgs:(1012,noefs=4,fails=516)  fails:3,598,703  wrgs:5,973,522  wck:402.8  ngds:26,920  sols:1  bounds:2..27
    run2,006  dpts:5..18  robin:WdegOnDom-Last  effs:301,663,391  asgs:(1038,noefs=0,fails=541)  fails:3,599,244  wrgs:5,974,425  wck:402.8  ngds:26,939  sols:1  bounds:2..27
    run2,007  dpts:9..23  robin:FrbaOnDom-Rand  effs:301,712,454  asgs:(1029,noefs=3,fails=568)  fails:3,599,812  wrgs:5,975,321  wck:402.9  ngds:26,952  sols:1  bounds:2..27
    run2,008  dpts:2..11  robin:Wdeg-First  effs:301,756,983  asgs:(960,noefs=1,fails=597)  fails:3,600,409  wrgs:5,976,193  wck:403.0  ngds:26,971  sols:1  bounds:2..27
    run2,009  dpts:4..16  robin:PickOnDom-Last  effs:301,804,739  asgs:(1227,noefs=18,fails=627)  fails:3,601,036  wrgs:5,977,257  wck:403.1  ngds:26,975  sols:1  bounds:2..27
    run2,010  dpts:1..17  robin:WdegOnDom-Rand  effs:301,866,223  asgs:(1198,noefs=3,fails=658)  fails:3,601,694  wrgs:5,978,312  wck:403.2  ngds:26,991  sols:1  bounds:2..27
 ...resetting heuristics data (nValues:1,585 - nSingletons:219 - nEntailed:88)
    run2,011  dpts:13..54  robin:FrbaOnDom-First  effs:301,906,084  asgs:(1331,noefs=84,fails=691)  fails:3,602,385  wrgs:5,979,438  wck:403.3  ngds:27,009  sols:1  bounds:2..27
    run2,012  dpts:11..21  robin:Wdeg-Last  effs:301,950,857  asgs:(1234,noefs=2,fails=726)  fails:3,603,111  wrgs:5,980,546  wck:403.4  ngds:27,022  sols:1  bounds:2..27
    run2,013  dpts:11..23  robin:PickOnDom-Rand  effs:302,016,288  asgs:(1450,noefs=13,fails=762)  fails:3,603,873  wrgs:5,981,793  wck:403.5  ngds:27,037  sols:1  bounds:2..27
    run2,014  dpts:16..25  robin:WdegOnDom-First  effs:302,069,241  asgs:(1536,noefs=0,fails=800)  fails:3,604,673  wrgs:5,983,102  wck:403.6  ngds:27,057  sols:1  bounds:2..27
    run2,015  dpts:2..107  robin:FrbaOnDom-Last  effs:302,138,016  asgs:(1841,noefs=171,fails=840)  fails:3,605,513  wrgs:5,984,598  wck:403.7  ngds:27,062  sols:1  bounds:2..27
    run2,016  dpts:2..14  robin:Wdeg-Rand  effs:302,225,448  asgs:(1653,noefs=12,fails=882)  fails:3,606,395  wrgs:5,986,026  wck:403.8  ngds:27,073  sols:1  bounds:2..27
    run2,017  dpts:2..13  robin:PickOnDom-First  effs:302,292,518  asgs:(1870,noefs=19,fails=926)  fails:3,607,321  wrgs:5,987,616  wck:403.9  ngds:27,090  sols:1  bounds:2..27
    run2,018  dpts:2..13  robin:WdegOnDom-Last  effs:302,390,995  asgs:(2149,noefs=0,fails=973)  fails:3,608,294  wrgs:5,989,530  wck:404.1  ngds:27,104  sols:1  bounds:2..27
    run2,019  dpts:166..181  robin:FrbaOnDom-Rand  effs:302,502,098  asgs:(1950,noefs=182,fails=1021)  fails:3,609,315  wrgs:5,991,136  wck:404.3  ngds:27,109  sols:1  bounds:2..27
    run2,020  dpts:2..11  robin:Wdeg-First  effs:302,570,169  asgs:(1809,noefs=3,fails=1072)  fails:3,610,387  wrgs:5,992,790  wck:404.4  ngds:27,121  sols:1  bounds:2..27
    run2,021  dpts:4..19  robin:PickOnDom-Last  effs:302,688,750  asgs:(2518,noefs=111,fails=1126)  fails:3,611,513  wrgs:5,994,925  wck:404.5  ngds:27,132  sols:1  bounds:2..27
    run2,022  dpts:6..20  robin:WdegOnDom-Rand  effs:302,799,821  asgs:(2188,noefs=2,fails=1182)  fails:3,612,695  wrgs:5,996,815  wck:404.7  ngds:27,147  sols:1  bounds:2..27
    run2,023  dpts:3..32  robin:FrbaOnDom-First  effs:302,930,185  asgs:(2205,noefs=32,fails=1241)  fails:3,613,936  wrgs:5,998,758  wck:404.9  ngds:27,169  sols:1  bounds:2..27
    run2,024  dpts:4..11  robin:Wdeg-Last  effs:303,021,169  asgs:(1997,noefs=0,fails=1303)  fails:3,615,239  wrgs:6,000,705  wck:405.1  ngds:27,187  sols:1  bounds:2..27
    run2,025  dpts:3..17  robin:PickOnDom-Rand  effs:303,155,308  asgs:(2827,noefs=35,fails=1369)  fails:3,616,608  wrgs:6,003,118  wck:405.3  ngds:27,202  sols:1  bounds:2..27
    run2,026  dpts:6..17  robin:WdegOnDom-First  effs:303,275,341  asgs:(2769,noefs=0,fails=1437)  fails:3,618,045  wrgs:6,005,568  wck:405.5  ngds:27,212  sols:1  bounds:2..27
    run2,027  dpts:16..121  robin:FrbaOnDom-Last  effs:303,448,390  asgs:(2937,noefs=150,fails=1509)  fails:3,619,554  wrgs:6,008,181  wck:405.8  ngds:27,225  sols:1  bounds:2..27
    run2,028  dpts:2..12  robin:Wdeg-Rand  effs:303,616,298  asgs:(2526,noefs=0,fails=1584)  fails:3,621,138  wrgs:6,010,505  wck:406.1  ngds:27,235  sols:1  bounds:2..27
    run2,029  dpts:7..19  robin:PickOnDom-First  effs:303,712,111  asgs:(3349,noefs=70,fails=1664)  fails:3,622,802  wrgs:6,013,495  wck:406.2  ngds:27,254  sols:1  bounds:2..27
    run2,030  dpts:7..21  robin:WdegOnDom-Last  effs:303,812,650  asgs:(3265,noefs=0,fails=1747)  fails:3,624,549  wrgs:6,016,369  wck:406.4  ngds:27,273  sols:1  bounds:2..27
    run2,031  dpts:3..124  robin:FrbaOnDom-Rand  effs:304,021,944  asgs:(3327,noefs=118,fails=1834)  fails:3,626,383  wrgs:6,019,217  wck:406.7  ngds:27,280  sols:1  bounds:2..27
    run2,032  dpts:2..11  robin:Wdeg-First  effs:304,151,265  asgs:(3357,noefs=0,fails=1926)  fails:3,628,309  wrgs:6,022,347  wck:406.9  ngds:27,302  sols:1  bounds:2..27
    run2,033  dpts:3..17  robin:PickOnDom-Last  effs:304,318,982  asgs:(4233,noefs=14,fails=2022)  fails:3,630,331  wrgs:6,025,922  wck:407.2  ngds:27,311  sols:1  bounds:2..27
    run2,034  dpts:3..17  robin:WdegOnDom-Rand  effs:304,531,360  asgs:(3781,noefs=0,fails=2123)  fails:3,632,454  wrgs:6,029,288  wck:407.5  ngds:27,324  sols:1  bounds:2..27
    run2,035  dpts:3..32  robin:FrbaOnDom-First  effs:304,700,012  asgs:(4168,noefs=30,fails=2230)  fails:3,634,684  wrgs:6,032,978  wck:407.8  ngds:27,345  sols:1  bounds:2..27
    run2,036  dpts:2..12  robin:Wdeg-Last  effs:304,903,555  asgs:(4066,noefs=0,fails=2341)  fails:3,637,025  wrgs:6,036,862  wck:408.1  ngds:27,370  sols:1  bounds:2..27
    run2,037  dpts:4..15  robin:PickOnDom-Rand  effs:305,120,810  asgs:(4860,noefs=5,fails=2458)  fails:3,639,483  wrgs:6,041,024  wck:408.4  ngds:27,388  sols:1  bounds:2..27
    run2,038  dpts:7..18  robin:WdegOnDom-First  effs:305,272,068  asgs:(4939,noefs=0,fails=2581)  fails:3,642,064  wrgs:6,045,391  wck:408.6  ngds:27,413  sols:1  bounds:2..27
    run2,039  dpts:2..132  robin:FrbaOnDom-Last  effs:305,563,808  asgs:(5776,noefs=137,fails=2710)  fails:3,644,774  wrgs:6,050,441  wck:409.2  ngds:27,433  sols:1  bounds:2..27
    run2,040  dpts:2..14  robin:Wdeg-Rand  effs:305,793,145  asgs:(4815,noefs=1,fails=2846)  fails:3,647,620  wrgs:6,054,703  wck:409.5  ngds:27,452  sols:1  bounds:2..27
 ...resetting heuristics data (nValues:1,585 - nSingletons:219 - nEntailed:88)
    run2,041  dpts:13..27  robin:PickOnDom-First  effs:305,982,056  asgs:(6363,noefs=79,fails=2988)  fails:3,650,608  wrgs:6,060,167  wck:409.9  ngds:27,480  sols:1  bounds:2..27
    run2,042  dpts:10..22  robin:WdegOnDom-Last  effs:306,218,585  asgs:(6139,noefs=2,fails=3138)  fails:3,653,746  wrgs:6,065,544  wck:410.2  ngds:27,496  sols:1  bounds:2..27
    run2,043  dpts:4..109  robin:FrbaOnDom-Rand  effs:306,501,777  asgs:(6521,noefs=340,fails=3295)  fails:3,657,041  wrgs:6,071,130  wck:410.7  ngds:27,526  sols:1  bounds:2..27
    run2,044  dpts:14..27  robin:Wdeg-First  effs:306,720,361  asgs:(5945,noefs=3,fails=3459)  fails:3,660,500  wrgs:6,076,496  wck:411.0  ngds:27,544  sols:1  bounds:2..27
    run2,045  dpts:1..16  robin:PickOnDom-Last  effs:307,036,315  asgs:(8011,noefs=58,fails=3632)  fails:3,664,132  wrgs:6,083,444  wck:411.5  ngds:27,557  sols:1  bounds:2..27
    run2,046  dpts:4..18  robin:WdegOnDom-Rand  effs:307,467,823  asgs:(7416,noefs=5,fails=3814)  fails:3,667,946  wrgs:6,089,774  wck:412.1  ngds:27,559  sols:1  bounds:2..27
    run2,047  dpts:2..33  robin:FrbaOnDom-First  effs:307,797,217  asgs:(7562,noefs=90,fails=4005)  fails:3,671,951  wrgs:6,096,547  wck:412.7  ngds:27,582  sols:1  bounds:2..27
    run2,048  dpts:3..16  robin:Wdeg-Last  effs:308,240,556  asgs:(8163,noefs=9,fails=4205)  fails:3,676,156  wrgs:6,104,159  wck:413.4  ngds:27,603  sols:1  bounds:2..27
    run2,049  dpts:5..17  robin:PickOnDom-Rand  effs:308,634,090  asgs:(9256,noefs=4,fails=4415)  fails:3,680,571  wrgs:6,111,912  wck:414.0  ngds:27,616  sols:1  bounds:2..27
    run2,050  dpts:6..18  robin:WdegOnDom-First  effs:308,964,799  asgs:(8796,noefs=1,fails=4636)  fails:3,685,207  wrgs:6,119,864  wck:414.5  ngds:27,638  sols:1  bounds:2..27
    run2,051  dpts:93..114  robin:FrbaOnDom-Last  effs:309,370,099  asgs:(9277,noefs=145,fails=4868)  fails:3,690,075  wrgs:6,127,810  wck:415.2  ngds:27,660  sols:1  bounds:2..27
    run2,052  dpts:3..13  robin:Wdeg-Rand  effs:309,840,153  asgs:(8518,noefs=0,fails=5111)  fails:3,695,186  wrgs:6,135,571  wck:415.8  ngds:27,669  sols:1  bounds:2..27
    run2,053  dpts:2..17  robin:PickOnDom-First  effs:310,242,960  asgs:(10570,noefs=3,fails=5367)  fails:3,700,553  wrgs:6,145,016  wck:416.4  ngds:27,683  sols:1  bounds:2..27
    run2,054  dpts:8..20  robin:WdegOnDom-Last  effs:310,632,832  asgs:(10926,noefs=1,fails=5635)  fails:3,706,188  wrgs:6,154,393  wck:417.1  ngds:27,700  sols:1  bounds:2..27
    run2,055  dpts:1..96  robin:FrbaOnDom-Rand  effs:311,148,586  asgs:(11351,noefs=212,fails=5917)  fails:3,712,105  wrgs:6,164,337  wck:418.0  ngds:27,709  sols:1  bounds:2..27
    run2,056  dpts:2..13  robin:Wdeg-First  effs:311,626,609  asgs:(10414,noefs=0,fails=6213)  fails:3,718,318  wrgs:6,173,897  wck:418.7  ngds:27,736  sols:1  bounds:2..27
    run2,057  dpts:3..15  robin:PickOnDom-Last  effs:312,201,439  asgs:(13329,noefs=22,fails=6523)  fails:3,724,841  wrgs:6,185,361  wck:419.6  ngds:27,753  sols:1  bounds:2..27
    run2,058  dpts:4..19  robin:WdegOnDom-Rand  effs:312,909,811  asgs:(13003,noefs=44,fails=6850)  fails:3,731,691  wrgs:6,196,844  wck:420.6  ngds:27,765  sols:1  bounds:2..27
    run2,059  dpts:0..74  robin:FrbaOnDom-First  effs:313,473,053  asgs:(13463,noefs=151,fails=7192)  fails:3,738,883  wrgs:6,209,033  wck:421.5  ngds:27,784  sols:1  bounds:2..27
    run2,060  dpts:2..13  robin:Wdeg-Last  effs:314,103,412  asgs:(13184,noefs=2,fails=7552)  fails:3,746,435  wrgs:6,221,314  wck:422.5  ngds:27,800  sols:1  bounds:2..27
 ...Discarding 1 singleton variables
    run2,061  dpts:2..16  robin:PickOnDom-Rand  effs:315,065,123  asgs:(14640,noefs=43,fails=7929)  fails:3,754,364  wrgs:6,233,996  wck:423.7  ngds:27,818  sols:1  bounds:2..27
    run2,062  dpts:6..19  robin:WdegOnDom-First  effs:315,703,450  asgs:(15406,noefs=0,fails=8326)  fails:3,762,690  wrgs:6,247,962  wck:424.7  ngds:27,839  sols:1  bounds:2..27
    run2,063  dpts:1..39  robin:FrbaOnDom-Last  effs:316,490,716  asgs:(16616,noefs=85,fails=8742)  fails:3,771,432  wrgs:6,262,978  wck:426.0  ngds:27,872  sols:1  bounds:2..27
    run2,064  dpts:2..15  robin:Wdeg-Rand  effs:317,280,848  asgs:(15340,noefs=5,fails=9179)  fails:3,780,611  wrgs:6,276,745  wck:427.3  ngds:27,882  sols:1  bounds:2..27
    run2,065  dpts:3..18  robin:PickOnDom-First  effs:318,167,151  asgs:(20370,noefs=121,fails=9638)  fails:3,790,249  wrgs:6,294,508  wck:428.6  ngds:27,898  sols:1  bounds:2..27
    run2,066  dpts:5..18  robin:WdegOnDom-Last  effs:318,887,279  asgs:(20232,noefs=0,fails=10120)  fails:3,800,369  wrgs:6,312,633  wck:429.8  ngds:27,936  sols:1  bounds:2..27
    run2,067  dpts:0..37  robin:FrbaOnDom-Rand  effs:319,924,333  asgs:(19426,noefs=51,fails=10626)  fails:3,810,995  wrgs:6,329,807  wck:431.5  ngds:27,961  sols:1  bounds:2..27
    run2,068  dpts:3..15  robin:Wdeg-First  effs:320,734,635  asgs:(19039,noefs=2,fails=11158)  fails:3,822,153  wrgs:6,347,356  wck:432.8  ngds:27,976  sols:1  bounds:2..27
    run2,069  dpts:3..18  robin:PickOnDom-Last  effs:321,634,636  asgs:(23554,noefs=257,fails=11715)  fails:3,833,868  wrgs:6,367,147  wck:434.1  ngds:27,992  sols:1  bounds:2..27
    run2,070  dpts:2..18  robin:WdegOnDom-Rand  effs:322,937,228  asgs:(23218,noefs=9,fails=12301)  fails:3,846,169  wrgs:6,386,964  wck:435.9  ngds:28,010  sols:1  bounds:2..27
 ...resetting restart cutoff to 165
 ...Discarding 1 singleton variables
 ...resetting heuristics data (nValues:1,583 - nSingletons:221 - nEntailed:88)
    run2,071  dpts:6..85  robin:FrbaOnDom-First  effs:322,953,639  asgs:(449,noefs=117,fails=165)  fails:3,846,334  wrgs:6,387,340  wck:436.0  ngds:28,027  sols:1  bounds:2..27
    run2,072  dpts:11..19  robin:Wdeg-Last  effs:322,965,101  asgs:(301,noefs=0,fails=173)  fails:3,846,507  wrgs:6,387,594  wck:436.0  ngds:28,039  sols:1  bounds:2..27
    run2,073  dpts:13..26  robin:PickOnDom-Rand  effs:322,980,786  asgs:(354,noefs=4,fails=181)  fails:3,846,688  wrgs:6,387,893  wck:436.0  ngds:28,049  sols:1  bounds:2..27
    run2,074  dpts:17..27  robin:WdegOnDom-First  effs:322,993,617  asgs:(363,noefs=2,fails=191)  fails:3,846,879  wrgs:6,388,192  wck:436.0  ngds:28,063  sols:1  bounds:2..27
    run2,075  dpts:2..253  robin:FrbaOnDom-Last  effs:323,012,235  asgs:(595,noefs=234,fails=200)  fails:3,847,079  wrgs:6,388,525  wck:436.1  ngds:28,069  sols:1  bounds:2..27
    run2,076  dpts:5..14  robin:Wdeg-Rand  effs:323,030,583  asgs:(336,noefs=0,fails=210)  fails:3,847,289  wrgs:6,388,828  wck:436.1  ngds:28,079  sols:1  bounds:2..27
    run2,077  dpts:2..10  robin:PickOnDom-First  effs:323,046,127  asgs:(467,noefs=9,fails=221)  fails:3,847,510  wrgs:6,389,216  wck:436.1  ngds:28,088  sols:1  bounds:2..27
    run2,078  dpts:6..13  robin:WdegOnDom-Last  effs:323,071,350  asgs:(446,noefs=1,fails=232)  fails:3,847,742  wrgs:6,389,638  wck:436.2  ngds:28,091  sols:1  bounds:2..27
    run2,079  dpts:98..116  robin:FrbaOnDom-Rand  effs:323,097,640  asgs:(543,noefs=94,fails=243)  fails:3,847,985  wrgs:6,390,028  wck:436.2  ngds:28,098  sols:1  bounds:2..27
    run2,080  dpts:4..12  robin:Wdeg-First  effs:323,113,840  asgs:(452,noefs=0,fails=255)  fails:3,848,240  wrgs:6,390,447  wck:436.3  ngds:28,109  sols:1  bounds:2..27
    run2,081  dpts:3..15  robin:PickOnDom-Last  effs:323,143,837  asgs:(536,noefs=9,fails=268)  fails:3,848,508  wrgs:6,390,909  wck:436.3  ngds:28,114  sols:1  bounds:2..27
    run2,082  dpts:9..17  robin:WdegOnDom-Rand  effs:323,167,155  asgs:(546,noefs=0,fails=282)  fails:3,848,790  wrgs:6,391,384  wck:436.4  ngds:28,117  sols:1  bounds:2..27
    run2,083  dpts:2..126  robin:FrbaOnDom-First  effs:323,214,056  asgs:(650,noefs=134,fails=296)  fails:3,849,086  wrgs:6,391,972  wck:436.4  ngds:28,122  sols:1  bounds:2..27
    run2,084  dpts:3..12  robin:Wdeg-Last  effs:323,247,504  asgs:(528,noefs=0,fails=311)  fails:3,849,397  wrgs:6,392,480  wck:436.5  ngds:28,130  sols:1  bounds:2..27
    run2,085  dpts:6..14  robin:PickOnDom-Rand  effs:323,274,709  asgs:(688,noefs=4,fails=326)  fails:3,849,723  wrgs:6,393,051  wck:436.5  ngds:28,140  sols:1  bounds:2..27
    run2,086  dpts:2..11  robin:WdegOnDom-First  effs:323,301,528  asgs:(581,noefs=0,fails=343)  fails:3,850,066  wrgs:6,393,578  wck:436.6  ngds:28,157  sols:1  bounds:2..27
    run2,087  dpts:13..211  robin:FrbaOnDom-Last  effs:323,345,601  asgs:(893,noefs=187,fails=360)  fails:3,850,426  wrgs:6,394,344  wck:436.7  ngds:28,166  sols:1  bounds:2..27
    run2,088  dpts:4..13  robin:Wdeg-Rand  effs:323,376,129  asgs:(666,noefs=0,fails=378)  fails:3,850,804  wrgs:6,394,936  wck:436.7  ngds:28,175  sols:1  bounds:2..27
    run2,089  dpts:5..16  robin:PickOnDom-First  effs:323,406,449  asgs:(874,noefs=1,fails=397)  fails:3,851,201  wrgs:6,395,655  wck:436.8  ngds:28,196  sols:1  bounds:2..27
    run2,090  dpts:7..15  robin:WdegOnDom-Last  effs:323,444,929  asgs:(793,noefs=0,fails=416)  fails:3,851,617  wrgs:6,396,366  wck:436.9  ngds:28,209  sols:1  bounds:2..27
    run2,091  dpts:1..99  robin:FrbaOnDom-Rand  effs:323,479,310  asgs:(880,noefs=78,fails=437)  fails:3,852,054  wrgs:6,397,042  wck:436.9  ngds:28,231  sols:1  bounds:2..27
    run2,092  dpts:3..10  robin:Wdeg-First  effs:323,508,145  asgs:(759,noefs=0,fails=459)  fails:3,852,513  wrgs:6,397,731  wck:437.0  ngds:28,249  sols:1  bounds:2..27
    run2,093  dpts:6..16  robin:PickOnDom-Last  effs:323,547,893  asgs:(1084,noefs=7,fails=482)  fails:3,852,995  wrgs:6,398,631  wck:437.1  ngds:28,264  sols:1  bounds:2..27
    run2,094  dpts:6..18  robin:WdegOnDom-Rand  effs:323,588,902  asgs:(995,noefs=0,fails=506)  fails:3,853,501  wrgs:6,399,468  wck:437.1  ngds:28,291  sols:1  bounds:2..27
    run2,095  dpts:50..71  robin:FrbaOnDom-First  effs:323,635,482  asgs:(1068,noefs=56,fails=532)  fails:3,854,033  wrgs:6,400,378  wck:437.2  ngds:28,307  sols:1  bounds:2..27
    run2,096  dpts:4..10  robin:Wdeg-Last  effs:323,688,536  asgs:(897,noefs=0,fails=558)  fails:3,854,591  wrgs:6,401,257  wck:437.3  ngds:28,320  sols:1  bounds:2..27
    run2,097  dpts:3..14  robin:PickOnDom-Rand  effs:323,751,322  asgs:(1111,noefs=3,fails=586)  fails:3,855,177  wrgs:6,402,239  wck:437.4  ngds:28,332  sols:1  bounds:2..27
    run2,098  dpts:2..13  robin:WdegOnDom-First  effs:323,802,992  asgs:(1214,noefs=0,fails=616)  fails:3,855,793  wrgs:6,403,326  wck:437.5  ngds:28,363  sols:1  bounds:2..27
    run2,099  dpts:1..18  robin:FrbaOnDom-Last  effs:323,859,975  asgs:(1162,noefs=8,fails=646)  fails:3,856,439  wrgs:6,404,339  wck:437.6  ngds:28,385  sols:1  bounds:2..27
    run2,100  dpts:3..11  robin:Wdeg-Rand  effs:323,930,028  asgs:(1052,noefs=0,fails=679)  fails:3,857,118  wrgs:6,405,303  wck:437.7  ngds:28,405  sols:1  bounds:2..27
 ...resetting heuristics data (nValues:1,583 - nSingletons:221 - nEntailed:88)
    run2,101  dpts:16..27  robin:PickOnDom-First  effs:323,972,134  asgs:(1456,noefs=19,fails=713)  fails:3,857,831  wrgs:6,406,491  wck:437.8  ngds:28,410  sols:1  bounds:2..27
    run2,102  dpts:11..21  robin:WdegOnDom-Last  effs:324,023,930  asgs:(1434,noefs=0,fails=748)  fails:3,858,579  wrgs:6,407,767  wck:437.9  ngds:28,418  sols:1  bounds:2..27
    run2,103  dpts:9..89  robin:FrbaOnDom-Rand  effs:324,107,575  asgs:(2042,noefs=370,fails=786)  fails:3,859,365  wrgs:6,409,277  wck:438.0  ngds:28,424  sols:1  bounds:2..27
    run2,104  dpts:17..25  robin:Wdeg-First  effs:324,160,642  asgs:(1445,noefs=1,fails=825)  fails:3,860,190  wrgs:6,410,554  wck:438.1  ngds:28,432  sols:1  bounds:2..27
    run2,105  dpts:4..17  robin:PickOnDom-Last  effs:324,240,346  asgs:(1888,noefs=15,fails=866)  fails:3,861,056  wrgs:6,412,211  wck:438.2  ngds:28,436  sols:1  bounds:2..27
    run2,106  dpts:5..17  robin:WdegOnDom-Rand  effs:324,344,194  asgs:(1804,noefs=2,fails=910)  fails:3,861,966  wrgs:6,413,759  wck:438.4  ngds:28,448  sols:1  bounds:2..27
    run2,107  dpts:133..170  robin:FrbaOnDom-First  effs:324,431,468  asgs:(1915,noefs=160,fails=955)  fails:3,862,921  wrgs:6,415,337  wck:438.5  ngds:28,456  sols:1  bounds:2..27
    run2,108  dpts:2..16  robin:Wdeg-Last  effs:324,520,734  asgs:(1831,noefs=4,fails=1003)  fails:3,863,924  wrgs:6,417,052  wck:438.7  ngds:28,475  sols:1  bounds:2..27
    run2,109  dpts:2..15  robin:PickOnDom-Rand  effs:324,611,554  asgs:(2186,noefs=18,fails=1053)  fails:3,864,977  wrgs:6,418,917  wck:438.8  ngds:28,492  sols:1  bounds:2..27
    run2,110  dpts:8..20  robin:WdegOnDom-First  effs:324,681,069  asgs:(2019,noefs=0,fails=1106)  fails:3,866,083  wrgs:6,420,775  wck:438.9  ngds:28,507  sols:1  bounds:2..27
    run2,111  dpts:50..120  robin:FrbaOnDom-Last  effs:324,778,905  asgs:(2367,noefs=253,fails=1161)  fails:3,867,244  wrgs:6,422,835  wck:439.1  ngds:28,514  sols:1  bounds:2..27
    run2,112  dpts:2..12  robin:Wdeg-Rand  effs:324,892,282  asgs:(1975,noefs=1,fails=1219)  fails:3,868,463  wrgs:6,424,654  wck:439.3  ngds:28,531  sols:1  bounds:2..27
    run2,113  dpts:5..16  robin:PickOnDom-First  effs:324,971,659  asgs:(2273,noefs=5,fails=1280)  fails:3,869,743  wrgs:6,426,763  wck:439.4  ngds:28,542  sols:1  bounds:2..27
    run2,114  dpts:8..18  robin:WdegOnDom-Last  effs:325,063,102  asgs:(2475,noefs=0,fails=1344)  fails:3,871,087  wrgs:6,428,985  wck:439.6  ngds:28,558  sols:1  bounds:2..27
    run2,115  dpts:1..93  robin:FrbaOnDom-Rand  effs:325,179,379  asgs:(2786,noefs=82,fails=1411)  fails:3,872,498  wrgs:6,431,427  wck:439.7  ngds:28,573  sols:1  bounds:2..27
    run2,116  dpts:4..13  robin:Wdeg-First  effs:325,286,393  asgs:(2502,noefs=0,fails=1482)  fails:3,873,980  wrgs:6,433,731  wck:439.9  ngds:28,592  sols:1  bounds:2..27
    run2,117  dpts:4..15  robin:PickOnDom-Last  effs:325,409,892  asgs:(3248,noefs=3,fails=1556)  fails:3,875,536  wrgs:6,436,448  wck:440.1  ngds:28,597  sols:1  bounds:2..27
    run2,118  dpts:3..18  robin:WdegOnDom-Rand  effs:325,536,117  asgs:(2918,noefs=1,fails=1634)  fails:3,877,170  wrgs:6,439,088  wck:440.3  ngds:28,607  sols:1  bounds:2..27
    run2,119  dpts:2..18  robin:FrbaOnDom-First  effs:325,685,833  asgs:(3445,noefs=61,fails=1716)  fails:3,878,886  wrgs:6,442,125  wck:440.6  ngds:28,630  sols:1  bounds:2..27
    run2,120  dpts:2..12  robin:Wdeg-Last  effs:325,836,584  asgs:(3013,noefs=0,fails=1802)  fails:3,880,688  wrgs:6,445,008  wck:440.8  ngds:28,648  sols:1  bounds:2..27
    run2,121  dpts:1..13  robin:PickOnDom-Rand  effs:326,017,212  asgs:(3624,noefs=6,fails=1892)  fails:3,882,580  wrgs:6,448,127  wck:441.1  ngds:28,653  sols:1  bounds:2..27
    run2,122  dpts:1..14  robin:WdegOnDom-First  effs:326,169,644  asgs:(3609,noefs=6,fails=1986)  fails:3,884,566  wrgs:6,451,325  wck:441.3  ngds:28,682  sols:1  bounds:2..27
    run2,123  dpts:2..88  robin:FrbaOnDom-Last  effs:326,352,088  asgs:(4034,noefs=169,fails=2086)  fails:3,886,652  wrgs:6,454,971  wck:441.6  ngds:28,699  sols:1  bounds:2..27
    run2,124  dpts:3..13  robin:Wdeg-Rand  effs:326,538,935  asgs:(3605,noefs=1,fails=2190)  fails:3,888,842  wrgs:6,458,235  wck:441.9  ngds:28,716  sols:1  bounds:2..27
    run2,125  dpts:7..18  robin:PickOnDom-First  effs:326,673,330  asgs:(4440,noefs=18,fails=2299)  fails:3,891,141  wrgs:6,462,320  wck:442.1  ngds:28,728  sols:1  bounds:2..27
    run2,126  dpts:5..18  robin:WdegOnDom-Last  effs:326,889,678  asgs:(4754,noefs=7,fails=2414)  fails:3,893,555  wrgs:6,466,710  wck:442.5  ngds:28,740  sols:1  bounds:2..27
    run2,127  dpts:1..32  robin:FrbaOnDom-Rand  effs:327,121,662  asgs:(4505,noefs=43,fails=2535)  fails:3,896,090  wrgs:6,470,666  wck:442.8  ngds:28,749  sols:1  bounds:2..27
    run2,128  dpts:2..12  robin:Wdeg-First  effs:327,359,546  asgs:(4547,noefs=1,fails=2662)  fails:3,898,752  wrgs:6,474,900  wck:443.2  ngds:28,766  sols:1  bounds:2..27
    run2,129  dpts:2..14  robin:PickOnDom-Last  effs:327,601,031  asgs:(5468,noefs=0,fails=2795)  fails:3,901,547  wrgs:6,479,686  wck:443.6  ngds:28,782  sols:1  bounds:2..27
    run2,130  dpts:6..17  robin:WdegOnDom-Rand  effs:327,894,202  asgs:(5530,noefs=1,fails=2935)  fails:3,904,482  wrgs:6,484,518  wck:444.0  ngds:28,809  sols:1  bounds:2..27
 ...resetting heuristics data (nValues:1,583 - nSingletons:221 - nEntailed:88)
    run2,131  dpts:3..67  robin:FrbaOnDom-First  effs:328,147,586  asgs:(5743,noefs=301,fails=3082)  fails:3,907,564  wrgs:6,489,607  wck:444.4  ngds:28,821  sols:1  bounds:2..27
    run2,132  dpts:11..20  robin:Wdeg-Last  effs:328,348,107  asgs:(5616,noefs=1,fails=3236)  fails:3,910,800  wrgs:6,494,768  wck:444.7  ngds:28,834  sols:1  bounds:2..27
    run2,133  dpts:11..23  robin:PickOnDom-Rand  effs:328,624,484  asgs:(6627,noefs=9,fails=3397)  fails:3,914,197  wrgs:6,500,492  wck:445.1  ngds:28,861  sols:1  bounds:2..27
    run2,134  dpts:13..26  robin:WdegOnDom-First  effs:328,881,911  asgs:(6930,noefs=2,fails=3567)  fails:3,917,764  wrgs:6,506,556  wck:445.5  ngds:28,873  sols:1  bounds:2..27
    run2,135  dpts:4..129  robin:FrbaOnDom-Last  effs:329,251,332  asgs:(7722,noefs=223,fails=3746)  fails:3,921,510  wrgs:6,513,387  wck:446.1  ngds:28,900  sols:1  bounds:2..27
    run2,136  dpts:3..13  robin:Wdeg-Rand  effs:329,660,198  asgs:(6874,noefs=0,fails=3933)  fails:3,925,443  wrgs:6,519,560  wck:446.8  ngds:28,915  sols:1  bounds:2..27
    run2,137  dpts:3..15  robin:PickOnDom-First  effs:330,018,672  asgs:(8854,noefs=15,fails=4130)  fails:3,929,573  wrgs:6,527,161  wck:447.3  ngds:28,933  sols:1  bounds:2..27
    run2,138  dpts:3..16  robin:WdegOnDom-Last  effs:330,497,963  asgs:(9228,noefs=11,fails=4336)  fails:3,933,909  wrgs:6,535,582  wck:448.1  ngds:28,947  sols:1  bounds:2..27
    run2,139  dpts:34..259  robin:FrbaOnDom-Rand  effs:330,842,859  asgs:(8952,noefs=253,fails=4553)  fails:3,938,462  wrgs:6,543,216  wck:448.9  ngds:28,961  sols:1  bounds:2..27
    run2,140  dpts:1..14  robin:Wdeg-First  effs:331,162,548  asgs:(8113,noefs=1,fails=4781)  fails:3,943,243  wrgs:6,550,545  wck:449.4  ngds:28,981  sols:1  bounds:2..27
    run2,141  dpts:4..16  robin:PickOnDom-Last  effs:331,510,601  asgs:(9416,noefs=39,fails=5020)  fails:3,948,263  wrgs:6,558,607  wck:449.9  ngds:29,003  sols:1  bounds:2..27
    run2,142  dpts:6..18  robin:WdegOnDom-Rand  effs:332,070,397  asgs:(9832,noefs=4,fails=5271)  fails:3,953,534  wrgs:6,567,202  wck:450.9  ngds:29,017  sols:1  bounds:2..27
    run2,143  dpts:3..45  robin:FrbaOnDom-First  effs:332,505,371  asgs:(10934,noefs=31,fails=5534)  fails:3,959,068  wrgs:6,576,638  wck:451.9  ngds:29,046  sols:1  bounds:2..27
    run2,144  dpts:2..14  robin:Wdeg-Last  effs:333,095,793  asgs:(11416,noefs=6,fails=5811)  fails:3,964,879  wrgs:6,587,443  wck:452.8  ngds:29,059  sols:1  bounds:2..27
    run2,145  dpts:2..16  robin:PickOnDom-Rand  effs:333,670,074  asgs:(11514,noefs=20,fails=6102)  fails:3,970,981  wrgs:6,597,334  wck:453.6  ngds:29,095  sols:1  bounds:2..27
    run2,146  dpts:7..18  robin:WdegOnDom-First  effs:334,153,162  asgs:(12206,noefs=1,fails=6407)  fails:3,977,388  wrgs:6,608,455  wck:454.4  ngds:29,116  sols:1  bounds:2..27
    run2,147  dpts:6..21  robin:FrbaOnDom-Last  effs:334,674,881  asgs:(12602,noefs=5,fails=6727)  fails:3,984,115  wrgs:6,619,488  wck:455.3  ngds:29,136  sols:1  bounds:2..27
    run2,148  dpts:1..15  robin:Wdeg-Rand  effs:335,367,715  asgs:(12396,noefs=11,fails=7064)  fails:3,991,179  wrgs:6,630,488  wck:456.5  ngds:29,156  sols:1  bounds:2..27
    run2,149  dpts:3..16  robin:PickOnDom-First  effs:335,914,747  asgs:(14708,noefs=84,fails=7417)  fails:3,998,596  wrgs:6,643,667  wck:457.3  ngds:29,193  sols:1  bounds:2..27
    run2,150  dpts:2..17  robin:WdegOnDom-Last  effs:336,675,901  asgs:(15034,noefs=7,fails=7788)  fails:4,006,384  wrgs:6,657,349  wck:458.5  ngds:29,210  sols:1  bounds:2..27
    run2,151  dpts:9..25  robin:FrbaOnDom-Rand  effs:337,407,230  asgs:(15910,noefs=9,fails=8177)  fails:4,014,561  wrgs:6,671,070  wck:459.5  ngds:29,231  sols:1  bounds:2..27
    run2,152  dpts:2..14  robin:Wdeg-First  effs:338,013,770  asgs:(14881,noefs=1,fails=8586)  fails:4,023,147  wrgs:6,684,355  wck:460.5  ngds:29,258  sols:1  bounds:2..27
    run2,153  dpts:6..20  robin:PickOnDom-Last  effs:338,531,840  asgs:(16678,noefs=78,fails=9015)  fails:4,032,162  wrgs:6,698,220  wck:461.1  ngds:29,282  sols:1  bounds:2..27
    run2,154  dpts:5..18  robin:WdegOnDom-Rand  effs:339,428,204  asgs:(18161,noefs=4,fails=9466)  fails:4,041,628  wrgs:6,713,957  wck:462.4  ngds:29,311  sols:1  bounds:2..27
    run2,155  dpts:5..19  robin:FrbaOnDom-First  effs:340,314,256  asgs:(19235,noefs=3,fails=9939)  fails:4,051,567  wrgs:6,730,987  wck:463.8  ngds:29,339  sols:1  bounds:2..27
    run2,156  dpts:3..13  robin:Wdeg-Last  effs:341,035,403  asgs:(17503,noefs=0,fails=10436)  fails:4,062,003  wrgs:6,747,304  wck:465.1  ngds:29,364  sols:1  bounds:2..27
    run2,157  dpts:2..18  robin:PickOnDom-Rand  effs:341,945,895  asgs:(19983,noefs=89,fails=10958)  fails:4,072,961  wrgs:6,764,907  wck:466.3  ngds:29,378  sols:1  bounds:2..27
    run2,158  dpts:10..21  robin:WdegOnDom-First  effs:342,740,978  asgs:(22700,noefs=0,fails=11506)  fails:4,084,467  wrgs:6,785,126  wck:467.6  ngds:29,404  sols:1  bounds:2..27
    run2,159  dpts:7..84  robin:FrbaOnDom-Last  effs:343,684,775  asgs:(23652,noefs=66,fails=12082)  fails:4,096,549  wrgs:6,806,092  wck:469.3  ngds:29,431  sols:1  bounds:2..27
    run2,160  dpts:1..13  robin:Wdeg-Rand  effs:344,793,062  asgs:(21792,noefs=1,fails=12686)  fails:4,109,235  wrgs:6,825,593  wck:470.8  ngds:29,447  sols:1  bounds:2..27
 ...resetting restart cutoff to 170
 ...resetting heuristics data (nValues:1,583 - nSingletons:221 - nEntailed:88)
    run2,161  dpts:18..26  robin:PickOnDom-First  effs:344,802,408  asgs:(342,noefs=3,fails=170)  fails:4,109,405  wrgs:6,825,873  wck:470.8  ngds:29,457  sols:1  bounds:2..27
    run2,162  dpts:13..20  robin:WdegOnDom-Last  effs:344,817,994  asgs:(345,noefs=0,fails=178)  fails:4,109,583  wrgs:6,826,165  wck:470.9  ngds:29,464  sols:1  bounds:2..27
    run2,163  dpts:1..58  robin:FrbaOnDom-Rand  effs:344,835,566  asgs:(402,noefs=36,fails=187)  fails:4,109,770  wrgs:6,826,475  wck:470.9  ngds:29,473  sols:1  bounds:2..27
    run2,164  dpts:17..24  robin:Wdeg-First  effs:344,846,237  asgs:(327,noefs=2,fails=196)  fails:4,109,966  wrgs:6,826,753  wck:470.9  ngds:29,488  sols:1  bounds:2..27
    run2,165  dpts:9..21  robin:PickOnDom-Last  effs:344,864,315  asgs:(462,noefs=5,fails=206)  fails:4,110,172  wrgs:6,827,143  wck:471.0  ngds:29,494  sols:1  bounds:2..27
    run2,166  dpts:5..14  robin:WdegOnDom-Rand  effs:344,881,843  asgs:(448,noefs=0,fails=216)  fails:4,110,388  wrgs:6,827,493  wck:471.0  ngds:29,500  sols:1  bounds:2..27
    run2,167  dpts:13..72  robin:FrbaOnDom-First  effs:344,908,827  asgs:(525,noefs=116,fails=227)  fails:4,110,615  wrgs:6,827,950  wck:471.0  ngds:29,508  sols:1  bounds:2..27
    run2,168  dpts:3..11  robin:Wdeg-Last  effs:344,932,281  asgs:(427,noefs=0,fails=239)  fails:4,110,854  wrgs:6,828,356  wck:471.1  ngds:29,521  sols:1  bounds:2..27
    run2,169  dpts:5..13  robin:PickOnDom-Rand  effs:344,953,366  asgs:(483,noefs=7,fails=251)  fails:4,111,105  wrgs:6,828,772  wck:471.1  ngds:29,529  sols:1  bounds:2..27
    run2,170  dpts:3..13  robin:WdegOnDom-First  effs:344,974,934  asgs:(506,noefs=0,fails=263)  fails:4,111,368  wrgs:6,829,203  wck:471.2  ngds:29,553  sols:1  bounds:2..27
    run2,171  dpts:272..316  robin:FrbaOnDom-Last  effs:345,005,346  asgs:(791,noefs=302,fails=276)  fails:4,111,644  wrgs:6,829,679  wck:471.2  ngds:29,558  sols:1  bounds:2..27
    run2,172  dpts:4..12  robin:Wdeg-Rand  effs:345,033,009  asgs:(478,noefs=0,fails=290)  fails:4,111,934  wrgs:6,830,111  wck:471.3  ngds:29,572  sols:1  bounds:2..27
    run2,173  dpts:3..14  robin:PickOnDom-First  effs:345,052,099  asgs:(549,noefs=0,fails=305)  fails:4,112,239  wrgs:6,830,608  wck:471.3  ngds:29,582  sols:1  bounds:2..27
    run2,174  dpts:9..17  robin:WdegOnDom-Last  effs:345,078,745  asgs:(661,noefs=0,fails=320)  fails:4,112,559  wrgs:6,831,178  wck:471.3  ngds:29,591  sols:1  bounds:2..27
    run2,175  dpts:12..57  robin:FrbaOnDom-Rand  effs:345,116,629  asgs:(624,noefs=36,fails=336)  fails:4,112,895  wrgs:6,831,689  wck:471.4  ngds:29,607  sols:1  bounds:2..27
    run2,176  dpts:2..10  robin:Wdeg-First  effs:345,142,247  asgs:(557,noefs=0,fails=353)  fails:4,113,248  wrgs:6,832,189  wck:471.5  ngds:29,622  sols:1  bounds:2..27
    run2,177  dpts:3..16  robin:PickOnDom-Last  effs:345,167,787  asgs:(718,noefs=6,fails=371)  fails:4,113,619  wrgs:6,832,821  wck:471.5  ngds:29,633  sols:1  bounds:2..27
    run2,178  dpts:5..13  robin:WdegOnDom-Rand  effs:345,207,892  asgs:(712,noefs=0,fails=389)  fails:4,114,008  wrgs:6,833,458  wck:471.6  ngds:29,642  sols:1  bounds:2..27
    run2,179  dpts:1..100  robin:FrbaOnDom-First  effs:345,253,737  asgs:(890,noefs=150,fails=409)  fails:4,114,417  wrgs:6,834,186  wck:471.7  ngds:29,656  sols:1  bounds:2..27
    run2,180  dpts:3..10  robin:Wdeg-Last  effs:345,285,004  asgs:(687,noefs=0,fails=429)  fails:4,114,846  wrgs:6,834,836  wck:471.7  ngds:29,671  sols:1  bounds:2..27
    run2,181  dpts:8..18  robin:PickOnDom-Rand  effs:345,313,978  asgs:(772,noefs=1,fails=451)  fails:4,115,297  wrgs:6,835,524  wck:471.8  ngds:29,686  sols:1  bounds:2..27
    run2,182  dpts:8..17  robin:WdegOnDom-First  effs:345,359,111  asgs:(886,noefs=0,fails=473)  fails:4,115,770  wrgs:6,836,330  wck:471.8  ngds:29,702  sols:1  bounds:2..27
    run2,183  dpts:6..179  robin:FrbaOnDom-Last  effs:345,403,441  asgs:(1166,noefs=159,fails=497)  fails:4,116,267  wrgs:6,837,220  wck:472.0  ngds:29,717  sols:1  bounds:2..27
    run2,184  dpts:3..11  robin:Wdeg-Rand  effs:345,449,641  asgs:(779,noefs=0,fails=522)  fails:4,116,789  wrgs:6,837,950  wck:472.0  ngds:29,721  sols:1  bounds:2..27
    run2,185  dpts:5..14  robin:PickOnDom-First  effs:345,494,836  asgs:(1065,noefs=0,fails=548)  fails:4,117,337  wrgs:6,838,875  wck:472.1  ngds:29,729  sols:1  bounds:2..27
    run2,186  dpts:6..18  robin:WdegOnDom-Last  effs:345,538,287  asgs:(1116,noefs=0,fails=575)  fails:4,117,912  wrgs:6,839,808  wck:472.2  ngds:29,739  sols:1  bounds:2..27
    run2,187  dpts:2..36  robin:FrbaOnDom-Rand  effs:345,587,885  asgs:(1112,noefs=13,fails=604)  fails:4,118,516  wrgs:6,840,775  wck:472.3  ngds:29,749  sols:1  bounds:2..27
    run2,188  dpts:2..11  robin:Wdeg-First  effs:345,646,331  asgs:(1049,noefs=0,fails=634)  fails:4,119,150  wrgs:6,841,744  wck:472.4  ngds:29,770  sols:1  bounds:2..27
    run2,189  dpts:2..12  robin:PickOnDom-Last  effs:345,698,878  asgs:(1295,noefs=2,fails=666)  fails:4,119,816  wrgs:6,842,872  wck:472.5  ngds:29,789  sols:1  bounds:2..27
    run2,190  dpts:5..16  robin:WdegOnDom-Rand  effs:345,771,488  asgs:(1261,noefs=0,fails=699)  fails:4,120,515  wrgs:6,843,985  wck:472.6  ngds:29,799  sols:1  bounds:2..27
 ...resetting heuristics data (nValues:1,583 - nSingletons:221 - nEntailed:88)
    run2,191  dpts:3..41  robin:FrbaOnDom-First  effs:345,825,680  asgs:(1555,noefs=84,fails=734)  fails:4,121,249  wrgs:6,845,267  wck:472.7  ngds:29,825  sols:1  bounds:2..27
    run2,192  dpts:11..20  robin:Wdeg-Last  effs:345,875,129  asgs:(1296,noefs=2,fails=771)  fails:4,122,020  wrgs:6,846,446  wck:472.8  ngds:29,838  sols:1  bounds:2..27
    run2,193  dpts:13..22  robin:PickOnDom-Rand  effs:345,938,179  asgs:(1650,noefs=21,fails=810)  fails:4,122,830  wrgs:6,847,868  wck:472.8  ngds:29,847  sols:1  bounds:2..27
    run2,194  dpts:16..27  robin:WdegOnDom-First  effs:345,992,188  asgs:(1583,noefs=1,fails=850)  fails:4,123,680  wrgs:6,849,262  wck:472.9  ngds:29,857  sols:1  bounds:2..27
    run2,195  dpts:11..162  robin:FrbaOnDom-Last  effs:346,088,804  asgs:(1916,noefs=272,fails=893)  fails:4,124,573  wrgs:6,851,039  wck:473.1  ngds:29,863  sols:1  bounds:2..27
    run2,196  dpts:2..13  robin:Wdeg-Rand  effs:346,186,269  asgs:(1666,noefs=16,fails=937)  fails:4,125,510  wrgs:6,852,517  wck:473.3  ngds:29,871  sols:1  bounds:2..27
    run2,197  dpts:2..14  robin:PickOnDom-First  effs:346,288,756  asgs:(1850,noefs=3,fails=984)  fails:4,126,494  wrgs:6,854,132  wck:473.4  ngds:29,885  sols:1  bounds:2..27
    run2,198  dpts:6..19  robin:WdegOnDom-Last  effs:346,399,130  asgs:(2024,noefs=12,fails=1033)  fails:4,127,527  wrgs:6,856,024  wck:473.7  ngds:29,899  sols:1  bounds:2..27
    run2,199  dpts:46..72  robin:FrbaOnDom-Rand  effs:346,506,488  asgs:(2064,noefs=75,fails=1085)  fails:4,128,612  wrgs:6,857,772  wck:473.9  ngds:29,904  sols:1  bounds:2..27
    run2,200  dpts:2..12  robin:Wdeg-First  effs:346,592,157  asgs:(1927,noefs=0,fails=1139)  fails:4,129,751  wrgs:6,859,535  wck:474.0  ngds:29,921  sols:1  bounds:2..27
    run2,201  dpts:3..20  robin:PickOnDom-Last  effs:346,693,927  asgs:(2383,noefs=4,fails=1196)  fails:4,130,947  wrgs:6,861,582  wck:474.2  ngds:29,928  sols:1  bounds:2..27
    run2,202  dpts:10..21  robin:WdegOnDom-Rand  effs:346,800,301  asgs:(2378,noefs=2,fails=1256)  fails:4,132,203  wrgs:6,863,659  wck:474.3  ngds:29,950  sols:1  bounds:2..27
    run2,203  dpts:68..243  robin:FrbaOnDom-First  effs:346,937,980  asgs:(2696,noefs=300,fails=1319)  fails:4,133,522  wrgs:6,866,038  wck:474.6  ngds:29,956  sols:1  bounds:2..27
    run2,204  dpts:4..12  robin:Wdeg-Last  effs:347,052,339  asgs:(2310,noefs=0,fails=1385)  fails:4,134,907  wrgs:6,868,227  wck:474.8  ngds:29,971  sols:1  bounds:2..27
    run2,205  dpts:3..16  robin:PickOnDom-Rand  effs:347,202,549  asgs:(3016,noefs=8,fails=1454)  fails:4,136,361  wrgs:6,870,787  wck:475.1  ngds:29,988  sols:1  bounds:2..27
    run2,206  dpts:10..19  robin:WdegOnDom-First  effs:347,277,282  asgs:(3092,noefs=0,fails=1527)  fails:4,137,888  wrgs:6,873,590  wck:475.2  ngds:29,999  sols:1  bounds:2..27
    run2,207  dpts:6..46  robin:FrbaOnDom-Last  effs:347,429,990  asgs:(3262,noefs=54,fails=1603)  fails:4,139,491  wrgs:6,876,429  wck:475.5  ngds:30,019  sols:1  bounds:2..27
    run2,208  dpts:3..14  robin:Wdeg-Rand  effs:347,587,855  asgs:(3149,noefs=4,fails=1684)  fails:4,141,175  wrgs:6,879,201  wck:475.7  ngds:30,039  sols:1  bounds:2..27
    run2,209  dpts:5..16  robin:PickOnDom-First  effs:347,681,434  asgs:(3550,noefs=11,fails=1768)  fails:4,142,943  wrgs:6,882,294  wck:475.9  ngds:30,054  sols:1  bounds:2..27
    run2,210  dpts:4..17  robin:WdegOnDom-Last  effs:347,822,171  asgs:(3454,noefs=0,fails=1856)  fails:4,144,799  wrgs:6,885,440  wck:476.1  ngds:30,073  sols:1  bounds:2..27
    run2,211  dpts:4..114  robin:FrbaOnDom-Rand  effs:348,000,888  asgs:(3638,noefs=107,fails=1949)  fails:4,146,748  wrgs:6,888,569  wck:476.4  ngds:30,091  sols:1  bounds:2..27
    run2,212  dpts:1..14  robin:Wdeg-First  effs:348,156,232  asgs:(3630,noefs=0,fails=2046)  fails:4,148,794  wrgs:6,891,796  wck:476.6  ngds:30,103  sols:1  bounds:2..27
    run2,213  dpts:3..14  robin:PickOnDom-Last  effs:348,332,861  asgs:(4276,noefs=14,fails=2149)  fails:4,150,943  wrgs:6,895,401  wck:476.9  ngds:30,115  sols:1  bounds:2..27
    run2,214  dpts:7..20  robin:WdegOnDom-Rand  effs:348,492,865  asgs:(4183,noefs=0,fails=2256)  fails:4,153,199  wrgs:6,899,042  wck:477.1  ngds:30,122  sols:1  bounds:2..27
    run2,215  dpts:17..29  robin:FrbaOnDom-First  effs:348,714,128  asgs:(4494,noefs=19,fails=2369)  fails:4,155,568  wrgs:6,902,939  wck:477.5  ngds:30,139  sols:1  bounds:2..27
    run2,216  dpts:2..13  robin:Wdeg-Last  effs:348,914,451  asgs:(4189,noefs=0,fails=2488)  fails:4,158,056  wrgs:6,906,973  wck:477.9  ngds:30,154  sols:1  bounds:2..27
    run2,217  dpts:4..17  robin:PickOnDom-Rand  effs:349,177,221  asgs:(5405,noefs=9,fails=2612)  fails:4,160,668  wrgs:6,911,601  wck:478.2  ngds:30,175  sols:1  bounds:2..27
    run2,218  dpts:4..16  robin:WdegOnDom-First  effs:349,402,631  asgs:(5297,noefs=0,fails=2743)  fails:4,163,411  wrgs:6,916,182  wck:478.6  ngds:30,184  sols:1  bounds:2..27
    run2,219  dpts:4..27  robin:FrbaOnDom-Last  effs:349,656,816  asgs:(5481,noefs=29,fails=2880)  fails:4,166,291  wrgs:6,920,948  wck:479.1  ngds:30,204  sols:1  bounds:2..27
    run2,220  dpts:2..13  robin:Wdeg-Rand  effs:349,928,952  asgs:(5005,noefs=5,fails=3024)  fails:4,169,315  wrgs:6,925,528  wck:479.5  ngds:30,218  sols:1  bounds:2..27
 ...resetting heuristics data (nValues:1,583 - nSingletons:221 - nEntailed:88)
    run2,221  dpts:14..27  robin:PickOnDom-First  effs:350,149,355  asgs:(6485,noefs=62,fails=3175)  fails:4,172,490  wrgs:6,931,040  wck:479.9  ngds:30,238  sols:1  bounds:2..27
    run2,222  dpts:12..24  robin:WdegOnDom-Last  effs:350,390,317  asgs:(6571,noefs=0,fails=3334)  fails:4,175,824  wrgs:6,936,776  wck:480.3  ngds:30,260  sols:1  bounds:2..27
    run2,223  dpts:2..80  robin:FrbaOnDom-Rand  effs:350,716,003  asgs:(7273,noefs=413,fails=3500)  fails:4,179,324  wrgs:6,942,633  wck:480.8  ngds:30,279  sols:1  bounds:2..27
    run2,224  dpts:15..26  robin:Wdeg-First  effs:350,942,466  asgs:(6582,noefs=0,fails=3675)  fails:4,182,999  wrgs:6,948,605  wck:481.1  ngds:30,296  sols:1  bounds:2..27
    run2,225  dpts:1..16  robin:PickOnDom-Last  effs:351,336,103  asgs:(8291,noefs=112,fails=3859)  fails:4,186,858  wrgs:6,955,806  wck:481.7  ngds:30,307  sols:1  bounds:2..27
    run2,226  dpts:4..19  robin:WdegOnDom-Rand  effs:351,749,106  asgs:(7691,noefs=8,fails=4052)  fails:4,190,910  wrgs:6,962,511  wck:482.3  ngds:30,327  sols:1  bounds:2..27
    run2,227  dpts:66..104  robin:FrbaOnDom-First  effs:352,098,987  asgs:(8217,noefs=117,fails=4255)  fails:4,195,165  wrgs:6,969,573  wck:483.1  ngds:30,348  sols:1  bounds:2..27
    run2,228  dpts:2..12  robin:Wdeg-Last  effs:352,541,289  asgs:(8158,noefs=0,fails=4468)  fails:4,199,633  wrgs:6,977,371  wck:483.9  ngds:30,371  sols:1  bounds:2..27
    run2,229  dpts:1..16  robin:PickOnDom-Rand  effs:352,957,841  asgs:(9219,noefs=10,fails=4691)  fails:4,204,324  wrgs:6,985,407  wck:484.6  ngds:30,387  sols:1  bounds:2..27
    run2,230  dpts:7..19  robin:WdegOnDom-First  effs:353,356,395  asgs:(9296,noefs=1,fails=4926)  fails:4,209,250  wrgs:6,993,828  wck:485.2  ngds:30,396  sols:1  bounds:2..27
    run2,231  dpts:2..25  robin:FrbaOnDom-Last  effs:353,889,848  asgs:(9892,noefs=93,fails=5172)  fails:4,214,422  wrgs:7,002,577  wck:486.1  ngds:30,427  sols:1  bounds:2..27
    run2,232  dpts:1..14  robin:Wdeg-Rand  effs:354,456,724  asgs:(9786,noefs=4,fails=5431)  fails:4,219,853  wrgs:7,011,376  wck:487.0  ngds:30,434  sols:1  bounds:2..27
    run2,233  dpts:3..15  robin:PickOnDom-First  effs:354,901,819  asgs:(11328,noefs=0,fails=5702)  fails:4,225,555  wrgs:7,021,370  wck:487.6  ngds:30,458  sols:1  bounds:2..27
    run2,234  dpts:3..17  robin:WdegOnDom-Last  effs:355,525,443  asgs:(11885,noefs=0,fails=5987)  fails:4,231,542  wrgs:7,032,541  wck:488.5  ngds:30,478  sols:1  bounds:2..27
    run2,235  dpts:1..34  robin:FrbaOnDom-Rand  effs:356,063,772  asgs:(11699,noefs=45,fails=6287)  fails:4,237,829  wrgs:7,042,745  wck:489.4  ngds:30,488  sols:1  bounds:2..27
    run2,236  dpts:3..14  robin:Wdeg-First  effs:356,574,249  asgs:(11396,noefs=3,fails=6601)  fails:4,244,430  wrgs:7,053,169  wck:490.2  ngds:30,504  sols:1  bounds:2..27
    run2,237  dpts:3..16  robin:PickOnDom-Last  effs:357,053,273  asgs:(13249,noefs=47,fails=6931)  fails:4,251,361  wrgs:7,064,594  wck:490.9  ngds:30,520  sols:1  bounds:2..27
    run2,238  dpts:4..18  robin:WdegOnDom-Rand  effs:357,784,966  asgs:(13434,noefs=3,fails=7278)  fails:4,258,639  wrgs:7,076,464  wck:492.0  ngds:30,527  sols:1  bounds:2..27
    run2,239  dpts:50..220  robin:FrbaOnDom-First  effs:358,341,373  asgs:(14383,noefs=305,fails=7642)  fails:4,266,281  wrgs:7,089,351  wck:493.1  ngds:30,547  sols:1  bounds:2..27
    run2,240  dpts:2..13  robin:Wdeg-Last  effs:359,169,836  asgs:(15597,noefs=3,fails=8024)  fails:4,274,305  wrgs:7,104,024  wck:494.4  ngds:30,560  sols:1  bounds:2..27
    run2,241  dpts:2..16  robin:PickOnDom-Rand  effs:360,022,770  asgs:(16969,noefs=76,fails=8425)  fails:4,282,730  wrgs:7,118,490  wck:495.7  ngds:30,570  sols:1  bounds:2..27
    run2,242  dpts:10..21  robin:WdegOnDom-First  effs:360,586,453  asgs:(17775,noefs=5,fails=8846)  fails:4,291,576  wrgs:7,134,174  wck:496.6  ngds:30,581  sols:1  bounds:2..27
    run2,243  dpts:4..51  robin:FrbaOnDom-Last  effs:361,306,549  asgs:(17573,noefs=82,fails=9289)  fails:4,300,865  wrgs:7,149,753  wck:497.8  ngds:30,599  sols:1  bounds:2..27
    run2,244  dpts:2..12  robin:Wdeg-Rand  effs:362,221,474  asgs:(15726,noefs=4,fails=9753)  fails:4,310,618  wrgs:7,164,084  wck:499.5  ngds:30,629  sols:1  bounds:2..27
    run2,245  dpts:1..16  robin:PickOnDom-First  effs:362,955,168  asgs:(20813,noefs=21,fails=10241)  fails:4,320,859  wrgs:7,182,302  wck:500.6  ngds:30,657  sols:1  bounds:2..27
    run2,246  dpts:2..17  robin:WdegOnDom-Last  effs:363,820,127  asgs:(20397,noefs=1,fails=10753)  fails:4,331,612  wrgs:7,200,497  wck:502.1  ngds:30,683  sols:1  bounds:2..27
    run2,247  dpts:14..33  robin:FrbaOnDom-Rand  effs:364,627,002  asgs:(20826,noefs=11,fails=11290)  fails:4,342,902  wrgs:7,218,969  wck:503.4  ngds:30,702  sols:1  bounds:2..27
    run2,248  dpts:1..15  robin:Wdeg-First  effs:365,578,542  asgs:(20902,noefs=5,fails=11855)  fails:4,354,757  wrgs:7,237,590  wck:504.8  ngds:30,728  sols:1  bounds:2..27
    run2,249  dpts:1..18  robin:PickOnDom-Last  effs:366,724,419  asgs:(25175,noefs=117,fails=12448)  fails:4,367,205  wrgs:7,259,509  wck:506.6  ngds:30,747  sols:1  bounds:2..27
    run2,250  dpts:4..19  robin:WdegOnDom-Rand  effs:367,938,463  asgs:(24622,noefs=2,fails=13070)  fails:4,380,275  wrgs:7,281,062  wck:508.4  ngds:30,778  sols:1  bounds:2..27
 ...resetting restart cutoff to 175
 ...resetting heuristics data (nValues:1,583 - nSingletons:221 - nEntailed:88)
    run2,251  dpts:8..49  robin:FrbaOnDom-First  effs:367,958,953  asgs:(362,noefs=37,fails=175)  fails:4,380,450  wrgs:7,281,363  wck:508.5  ngds:30,787  sols:1  bounds:2..27
    run2,252  dpts:13..21  robin:Wdeg-Last  effs:367,970,861  asgs:(325,noefs=1,fails=183)  fails:4,380,633  wrgs:7,281,657  wck:508.5  ngds:30,798  sols:1  bounds:2..27
    run2,253  dpts:11..23  robin:PickOnDom-Rand  effs:367,986,098  asgs:(387,noefs=5,fails=192)  fails:4,380,825  wrgs:7,281,970  wck:508.5  ngds:30,809  sols:1  bounds:2..27
    run2,254  dpts:14..23  robin:WdegOnDom-First  effs:368,003,544  asgs:(402,noefs=1,fails=202)  fails:4,381,027  wrgs:7,282,313  wck:508.6  ngds:30,822  sols:1  bounds:2..27
    run2,255  dpts:1..98  robin:FrbaOnDom-Last  effs:368,028,882  asgs:(604,noefs=176,fails=212)  fails:4,381,239  wrgs:7,282,824  wck:508.6  ngds:30,828  sols:1  bounds:2..27
    run2,256  dpts:3..11  robin:Wdeg-Rand  effs:368,048,866  asgs:(411,noefs=0,fails=223)  fails:4,381,462  wrgs:7,283,186  wck:508.6  ngds:30,849  sols:1  bounds:2..27
    run2,257  dpts:2..17  robin:PickOnDom-First  effs:368,062,546  asgs:(492,noefs=4,fails=234)  fails:4,381,696  wrgs:7,283,560  wck:508.7  ngds:30,866  sols:1  bounds:2..27
    run2,258  dpts:3..10  robin:WdegOnDom-Last  effs:368,081,444  asgs:(503,noefs=0,fails=246)  fails:4,381,942  wrgs:7,283,995  wck:508.7  ngds:30,880  sols:1  bounds:2..27
    run2,259  dpts:190..220  robin:FrbaOnDom-Rand  effs:368,102,747  asgs:(655,noefs=204,fails=258)  fails:4,382,200  wrgs:7,284,394  wck:508.7  ngds:30,892  sols:1  bounds:2..27
    run2,260  dpts:5..11  robin:Wdeg-First  effs:368,122,087  asgs:(407,noefs=0,fails=271)  fails:4,382,471  wrgs:7,284,774  wck:508.8  ngds:30,905  sols:1  bounds:2..27
    run2,261  dpts:7..16  robin:PickOnDom-Last  effs:368,144,934  asgs:(602,noefs=10,fails=285)  fails:4,382,756  wrgs:7,285,276  wck:508.8  ngds:30,914  sols:1  bounds:2..27
    run2,262  dpts:4..13  robin:WdegOnDom-Rand  effs:368,178,398  asgs:(593,noefs=0,fails=299)  fails:4,383,055  wrgs:7,285,775  wck:508.9  ngds:30,928  sols:1  bounds:2..27
    run2,263  dpts:34..81  robin:FrbaOnDom-First  effs:368,211,134  asgs:(681,noefs=64,fails=314)  fails:4,383,369  wrgs:7,286,321  wck:508.9  ngds:30,936  sols:1  bounds:2..27
    run2,264  dpts:4..12  robin:Wdeg-Last  effs:368,237,040  asgs:(598,noefs=0,fails=329)  fails:4,383,698  wrgs:7,286,888  wck:509.0  ngds:30,954  sols:1  bounds:2..27
    run2,265  dpts:6..15  robin:PickOnDom-Rand  effs:368,267,749  asgs:(755,noefs=21,fails=346)  fails:4,384,044  wrgs:7,287,492  wck:509.0  ngds:30,967  sols:1  bounds:2..27
    run2,266  dpts:2..19  robin:WdegOnDom-First  effs:368,289,094  asgs:(689,noefs=0,fails=363)  fails:4,384,407  wrgs:7,288,094  wck:509.1  ngds:30,986  sols:1  bounds:2..27
    run2,267  dpts:4..131  robin:FrbaOnDom-Last  effs:368,327,678  asgs:(932,noefs=287,fails=382)  fails:4,384,789  wrgs:7,288,852  wck:509.1  ngds:31,004  sols:1  bounds:2..27
    run2,268  dpts:2..11  robin:Wdeg-Rand  effs:368,363,848  asgs:(609,noefs=0,fails=401)  fails:4,385,190  wrgs:7,289,422  wck:509.2  ngds:31,024  sols:1  bounds:2..27
    run2,269  dpts:4..12  robin:PickOnDom-First  effs:368,389,627  asgs:(900,noefs=1,fails=421)  fails:4,385,611  wrgs:7,290,181  wck:509.2  ngds:31,037  sols:1  bounds:2..27
    run2,270  dpts:4..14  robin:WdegOnDom-Last  effs:368,430,413  asgs:(825,noefs=0,fails=442)  fails:4,386,053  wrgs:7,290,899  wck:509.3  ngds:31,051  sols:1  bounds:2..27
    run2,271  dpts:2..99  robin:FrbaOnDom-Rand  effs:368,473,675  asgs:(989,noefs=88,fails=464)  fails:4,386,517  wrgs:7,291,682  wck:509.4  ngds:31,066  sols:1  bounds:2..27
    run2,272  dpts:2..10  robin:Wdeg-First  effs:368,504,326  asgs:(839,noefs=0,fails=487)  fails:4,387,004  wrgs:7,292,471  wck:509.5  ngds:31,080  sols:1  bounds:2..27
    run2,273  dpts:4..15  robin:PickOnDom-Last  effs:368,565,696  asgs:(1044,noefs=6,fails=511)  fails:4,387,515  wrgs:7,293,415  wck:509.6  ngds:31,088  sols:1  bounds:2..27
    run2,274  dpts:7..17  robin:WdegOnDom-Rand  effs:368,608,347  asgs:(1001,noefs=0,fails=537)  fails:4,388,052  wrgs:7,294,287  wck:509.6  ngds:31,094  sols:1  bounds:2..27
    run2,275  dpts:2..29  robin:FrbaOnDom-First  effs:368,666,179  asgs:(1099,noefs=15,fails=564)  fails:4,388,616  wrgs:7,295,229  wck:509.8  ngds:31,127  sols:1  bounds:2..27
    run2,276  dpts:2..11  robin:Wdeg-Last  effs:368,714,835  asgs:(1007,noefs=0,fails=592)  fails:4,389,208  wrgs:7,296,179  wck:509.8  ngds:31,144  sols:1  bounds:2..27
    run2,277  dpts:4..15  robin:PickOnDom-Rand  effs:368,756,718  asgs:(1326,noefs=20,fails=622)  fails:4,389,830  wrgs:7,297,276  wck:509.9  ngds:31,167  sols:1  bounds:2..27
    run2,278  dpts:3..14  robin:WdegOnDom-First  effs:368,798,478  asgs:(1231,noefs=0,fails=653)  fails:4,390,483  wrgs:7,298,353  wck:510.0  ngds:31,179  sols:1  bounds:2..27
    run2,279  dpts:2..21  robin:FrbaOnDom-Last  effs:368,865,843  asgs:(1362,noefs=13,fails=686)  fails:4,391,169  wrgs:7,299,584  wck:510.1  ngds:31,196  sols:1  bounds:2..27
    run2,280  dpts:3..11  robin:Wdeg-Rand  effs:368,943,878  asgs:(1222,noefs=0,fails=720)  fails:4,391,889  wrgs:7,300,703  wck:510.2  ngds:31,206  sols:1  bounds:2..27
 ...resetting heuristics data (nValues:1,583 - nSingletons:221 - nEntailed:88)
    run2,281  dpts:13..28  robin:PickOnDom-First  effs:368,992,567  asgs:(1530,noefs=15,fails=756)  fails:4,392,645  wrgs:7,302,024  wck:510.3  ngds:31,214  sols:1  bounds:2..27
    run2,282  dpts:12..23  robin:WdegOnDom-Last  effs:369,051,250  asgs:(1578,noefs=1,fails=794)  fails:4,393,439  wrgs:7,303,399  wck:510.4  ngds:31,220  sols:1  bounds:2..27
    run2,283  dpts:10..80  robin:FrbaOnDom-Rand  effs:369,132,501  asgs:(1759,noefs=142,fails=833)  fails:4,394,272  wrgs:7,304,864  wck:510.6  ngds:31,227  sols:1  bounds:2..27
    run2,284  dpts:17..29  robin:Wdeg-First  effs:369,182,655  asgs:(1556,noefs=1,fails=875)  fails:4,395,147  wrgs:7,306,243  wck:510.7  ngds:31,245  sols:1  bounds:2..27
    run2,285  dpts:4..14  robin:PickOnDom-Last  effs:369,269,844  asgs:(1919,noefs=55,fails=919)  fails:4,396,066  wrgs:7,307,931  wck:510.8  ngds:31,257  sols:1  bounds:2..27
    run2,286  dpts:5..17  robin:WdegOnDom-Rand  effs:369,358,569  asgs:(1909,noefs=3,fails=965)  fails:4,397,031  wrgs:7,309,564  wck:511.0  ngds:31,270  sols:1  bounds:2..27
    run2,287  dpts:1..58  robin:FrbaOnDom-First  effs:369,443,774  asgs:(1972,noefs=110,fails=1013)  fails:4,398,044  wrgs:7,311,297  wck:511.1  ngds:31,288  sols:1  bounds:2..27
    run2,288  dpts:4..14  robin:Wdeg-Last  effs:369,548,506  asgs:(1989,noefs=8,fails=1064)  fails:4,399,108  wrgs:7,313,170  wck:511.3  ngds:31,304  sols:1  bounds:2..27
    run2,289  dpts:4..16  robin:PickOnDom-Rand  effs:369,632,321  asgs:(2399,noefs=3,fails=1117)  fails:4,400,225  wrgs:7,315,103  wck:511.5  ngds:31,314  sols:1  bounds:2..27
    run2,290  dpts:5..16  robin:WdegOnDom-First  effs:369,742,714  asgs:(2185,noefs=0,fails=1173)  fails:4,401,398  wrgs:7,317,051  wck:511.6  ngds:31,337  sols:1  bounds:2..27
    run2,291  dpts:131..145  robin:FrbaOnDom-Last  effs:369,836,630  asgs:(2550,noefs=124,fails=1231)  fails:4,402,629  wrgs:7,319,114  wck:511.9  ngds:31,360  sols:1  bounds:2..27
    run2,292  dpts:3..11  robin:Wdeg-Rand  effs:369,963,243  asgs:(2046,noefs=0,fails=1293)  fails:4,403,922  wrgs:7,320,993  wck:512.1  ngds:31,385  sols:1  bounds:2..27
    run2,293  dpts:2..15  robin:PickOnDom-First  effs:370,081,848  asgs:(2932,noefs=6,fails=1358)  fails:4,405,280  wrgs:7,323,527  wck:512.3  ngds:31,397  sols:1  bounds:2..27
    run2,294  dpts:2..11  robin:WdegOnDom-Last  effs:370,201,936  asgs:(2728,noefs=0,fails=1426)  fails:4,406,706  wrgs:7,325,971  wck:512.6  ngds:31,408  sols:1  bounds:2..27
    run2,295  dpts:43..59  robin:FrbaOnDom-Rand  effs:370,328,849  asgs:(2844,noefs=41,fails=1497)  fails:4,408,203  wrgs:7,328,439  wck:512.8  ngds:31,413  sols:1  bounds:2..27
    run2,296  dpts:2..11  robin:Wdeg-First  effs:370,483,297  asgs:(2501,noefs=0,fails=1572)  fails:4,409,775  wrgs:7,330,698  wck:513.1  ngds:31,432  sols:1  bounds:2..27
    run2,297  dpts:4..18  robin:PickOnDom-Last  effs:370,620,194  asgs:(3261,noefs=26,fails=1650)  fails:4,411,425  wrgs:7,333,466  wck:513.3  ngds:31,445  sols:1  bounds:2..27
    run2,298  dpts:4..18  robin:WdegOnDom-Rand  effs:370,784,434  asgs:(3270,noefs=0,fails=1733)  fails:4,413,158  wrgs:7,336,295  wck:513.5  ngds:31,460  sols:1  bounds:2..27
    run2,299  dpts:6..19  robin:FrbaOnDom-First  effs:370,963,187  asgs:(3619,noefs=1,fails=1820)  fails:4,414,978  wrgs:7,339,501  wck:513.9  ngds:31,486  sols:1  bounds:2..27
    run2,300  dpts:4..13  robin:Wdeg-Last  effs:371,151,746  asgs:(3554,noefs=0,fails=1911)  fails:4,416,889  wrgs:7,342,842  wck:514.2  ngds:31,508  sols:1  bounds:2..27
    run2,301  dpts:2..15  robin:PickOnDom-Rand  effs:371,322,106  asgs:(3997,noefs=25,fails=2006)  fails:4,418,895  wrgs:7,346,283  wck:514.5  ngds:31,526  sols:1  bounds:2..27
    run2,302  dpts:5..16  robin:WdegOnDom-First  effs:371,476,771  asgs:(4228,noefs=0,fails=2107)  fails:4,421,002  wrgs:7,349,913  wck:514.8  ngds:31,549  sols:1  bounds:2..27
    run2,303  dpts:4..17  robin:FrbaOnDom-Last  effs:371,682,181  asgs:(4357,noefs=1,fails=2212)  fails:4,423,214  wrgs:7,353,632  wck:515.2  ngds:31,572  sols:1  bounds:2..27
    run2,304  dpts:2..11  robin:Wdeg-Rand  effs:371,889,647  asgs:(3860,noefs=0,fails=2323)  fails:4,425,537  wrgs:7,357,140  wck:515.5  ngds:31,599  sols:1  bounds:2..27
    run2,305  dpts:5..17  robin:PickOnDom-First  effs:372,073,644  asgs:(5124,noefs=0,fails=2439)  fails:4,427,976  wrgs:7,361,706  wck:515.8  ngds:31,617  sols:1  bounds:2..27
    run2,306  dpts:6..18  robin:WdegOnDom-Last  effs:372,262,295  asgs:(4923,noefs=1,fails=2561)  fails:4,430,537  wrgs:7,365,906  wck:516.1  ngds:31,636  sols:1  bounds:2..27
    run2,307  dpts:19..33  robin:FrbaOnDom-Rand  effs:372,531,398  asgs:(4976,noefs=33,fails=2689)  fails:4,433,226  wrgs:7,370,231  wck:516.7  ngds:31,659  sols:1  bounds:2..27
    run2,308  dpts:0..12  robin:Wdeg-First  effs:372,737,342  asgs:(4580,noefs=3,fails=2823)  fails:4,436,049  wrgs:7,374,392  wck:517.1  ngds:31,677  sols:1  bounds:2..27
    run2,309  dpts:1..17  robin:PickOnDom-Last  effs:372,959,970  asgs:(6087,noefs=7,fails=2964)  fails:4,439,013  wrgs:7,379,417  wck:517.4  ngds:31,695  sols:1  bounds:2..27
    run2,310  dpts:7..18  robin:WdegOnDom-Rand  effs:373,244,244  asgs:(5974,noefs=0,fails=3113)  fails:4,442,126  wrgs:7,384,603  wck:517.9  ngds:31,712  sols:1  bounds:2..27
 ...resetting heuristics data (nValues:1,582 - nSingletons:221 - nEntailed:88)
    run2,311  dpts:6..85  robin:FrbaOnDom-First  effs:373,523,037  asgs:(6536,noefs=289,fails=3268)  fails:4,445,394  wrgs:7,390,137  wck:518.5  ngds:31,734  sols:1  bounds:2..27
    run2,312  dpts:10..22  robin:Wdeg-Last  effs:373,755,592  asgs:(6050,noefs=1,fails=3432)  fails:4,448,826  wrgs:7,395,714  wck:518.9  ngds:31,752  sols:1  bounds:2..27
    run2,313  dpts:11..23  robin:PickOnDom-Rand  effs:374,055,646  asgs:(7009,noefs=20,fails=3603)  fails:4,452,429  wrgs:7,401,794  wck:519.3  ngds:31,766  sols:1  bounds:2..27
    run2,314  dpts:14..25  robin:WdegOnDom-First  effs:374,329,250  asgs:(7470,noefs=4,fails=3784)  fails:4,456,213  wrgs:7,408,383  wck:519.7  ngds:31,784  sols:1  bounds:2..27
    run2,315  dpts:2..120  robin:FrbaOnDom-Last  effs:374,683,148  asgs:(7830,noefs=119,fails=3973)  fails:4,460,186  wrgs:7,415,383  wck:520.3  ngds:31,813  sols:1  bounds:2..27
    run2,316  dpts:2..12  robin:Wdeg-Rand  effs:375,091,115  asgs:(6889,noefs=0,fails=4171)  fails:4,464,357  wrgs:7,421,624  wck:521.0  ngds:31,836  sols:1  bounds:2..27
    run2,317  dpts:2..16  robin:PickOnDom-First  effs:375,434,348  asgs:(8546,noefs=24,fails=4380)  fails:4,468,737  wrgs:7,428,911  wck:521.5  ngds:31,854  sols:1  bounds:2..27
    run2,318  dpts:1..15  robin:WdegOnDom-Last  effs:375,933,858  asgs:(9688,noefs=3,fails=4599)  fails:4,473,336  wrgs:7,437,500  wck:522.4  ngds:31,871  sols:1  bounds:2..27
    run2,319  dpts:0..33  robin:FrbaOnDom-Rand  effs:376,318,831  asgs:(9037,noefs=31,fails=4829)  fails:4,478,165  wrgs:7,445,344  wck:522.9  ngds:31,889  sols:1  bounds:2..27
    run2,320  dpts:2..14  robin:Wdeg-First  effs:376,704,646  asgs:(8594,noefs=2,fails=5071)  fails:4,483,236  wrgs:7,453,069  wck:523.5  ngds:31,909  sols:1  bounds:2..27
 ...Discarding 1 singleton variables
    run2,321  dpts:2..16  robin:PickOnDom-Last  effs:377,124,108  asgs:(11154,noefs=61,fails=5324)  fails:4,488,560  wrgs:7,462,488  wck:524.2  ngds:31,928  sols:1  bounds:2..27
    run2,322  dpts:5..17  robin:WdegOnDom-Rand  effs:377,710,079  asgs:(10596,noefs=2,fails=5590)  fails:4,494,150  wrgs:7,471,662  wck:525.4  ngds:31,942  sols:1  bounds:2..27
    run2,323  dpts:19..42  robin:FrbaOnDom-First  effs:378,186,388  asgs:(11365,noefs=28,fails=5870)  fails:4,500,020  wrgs:7,481,578  wck:526.2  ngds:31,960  sols:1  bounds:2..27
    run2,324  dpts:2..13  robin:Wdeg-Last  effs:378,721,969  asgs:(10604,noefs=0,fails=6163)  fails:4,506,183  wrgs:7,491,659  wck:527.0  ngds:31,980  sols:1  bounds:2..27
    run2,325  dpts:3..18  robin:PickOnDom-Rand  effs:379,324,826  asgs:(13295,noefs=63,fails=6472)  fails:4,512,655  wrgs:7,502,927  wck:527.9  ngds:31,992  sols:1  bounds:2..27
    run2,326  dpts:5..18  robin:WdegOnDom-First  effs:379,810,849  asgs:(13662,noefs=1,fails=6795)  fails:4,519,450  wrgs:7,514,917  wck:528.7  ngds:32,019  sols:1  bounds:2..27
    run2,327  dpts:22..193  robin:FrbaOnDom-Last  effs:380,448,673  asgs:(14385,noefs=336,fails=7135)  fails:4,526,585  wrgs:7,527,460  wck:529.8  ngds:32,042  sols:1  bounds:2..27
    run2,328  dpts:1..13  robin:Wdeg-Rand  effs:381,206,787  asgs:(12741,noefs=0,fails=7492)  fails:4,534,077  wrgs:7,539,081  wck:531.0  ngds:32,068  sols:1  bounds:2..27
    run2,329  dpts:4..17  robin:PickOnDom-First  effs:381,733,120  asgs:(15208,noefs=8,fails=7866)  fails:4,541,943  wrgs:7,552,985  wck:531.8  ngds:32,082  sols:1  bounds:2..27
    run2,330  dpts:5..20  robin:WdegOnDom-Last  effs:382,276,987  asgs:(16384,noefs=2,fails=8260)  fails:4,550,203  wrgs:7,567,360  wck:532.8  ngds:32,095  sols:1  bounds:2..27
    run2,331  dpts:0..48  robin:FrbaOnDom-Rand  effs:383,135,560  asgs:(16248,noefs=32,fails=8673)  fails:4,558,876  wrgs:7,581,328  wck:534.1  ngds:32,112  sols:1  bounds:2..27
    run2,332  dpts:2..14  robin:Wdeg-First  effs:383,887,740  asgs:(15721,noefs=5,fails=9106)  fails:4,567,982  wrgs:7,595,514  wck:535.3  ngds:32,143  sols:1  bounds:2..27
    run2,333  dpts:2..17  robin:PickOnDom-Last  effs:384,511,292  asgs:(17770,noefs=16,fails=9562)  fails:4,577,544  wrgs:7,610,789  wck:536.3  ngds:32,163  sols:1  bounds:2..27
    run2,334  dpts:2..18  robin:WdegOnDom-Rand  effs:385,504,467  asgs:(18193,noefs=11,fails=10040)  fails:4,587,584  wrgs:7,626,923  wck:537.6  ngds:32,195  sols:1  bounds:2..27
    run2,335  dpts:1..32  robin:FrbaOnDom-First  effs:386,389,401  asgs:(20019,noefs=28,fails=10542)  fails:4,598,126  wrgs:7,644,548  wck:539.1  ngds:32,221  sols:1  bounds:2..27
    run2,336  dpts:1..13  robin:Wdeg-Last  effs:387,524,149  asgs:(20580,noefs=1,fails=11069)  fails:4,609,195  wrgs:7,664,011  wck:541.0  ngds:32,234  sols:1  bounds:2..27
    run2,337  dpts:3..16  robin:PickOnDom-Rand  effs:388,689,205  asgs:(22142,noefs=2,fails=11622)  fails:4,620,817  wrgs:7,683,131  wck:542.7  ngds:32,256  sols:1  bounds:2..27
    run2,338  dpts:5..18  robin:WdegOnDom-First  effs:389,604,467  asgs:(25240,noefs=2,fails=12204)  fails:4,633,021  wrgs:7,705,843  wck:544.2  ngds:32,279  sols:1  bounds:2..27
    run2,339  dpts:1..44  robin:FrbaOnDom-Last  effs:390,599,646  asgs:(24896,noefs=22,fails=12814)  fails:4,645,835  wrgs:7,727,399  wck:546.0  ngds:32,318  sols:1  bounds:2..27
    run2,340  dpts:2..15  robin:Wdeg-Rand  effs:391,862,297  asgs:(23650,noefs=1,fails=13455)  fails:4,659,290  wrgs:7,748,480  wck:548.3  ngds:32,339  sols:1  bounds:2..27
 ...resetting restart cutoff to 180
 ...Discarding 1 singleton variables
 ...resetting heuristics data (nValues:1,580 - nSingletons:223 - nEntailed:88)
    run2,341  dpts:17..28  robin:PickOnDom-First  effs:391,872,248  asgs:(358,noefs=2,fails=180)  fails:4,659,470  wrgs:7,748,775  wck:548.4  ngds:32,349  sols:1  bounds:2..27
    run2,342  dpts:11..21  robin:WdegOnDom-Last  effs:391,887,900  asgs:(369,noefs=1,fails=189)  fails:4,659,659  wrgs:7,749,084  wck:548.4  ngds:32,359  sols:1  bounds:2..27
    run2,343  dpts:5..31  robin:FrbaOnDom-Rand  effs:391,907,892  asgs:(416,noefs=27,fails=198)  fails:4,659,857  wrgs:7,749,420  wck:548.4  ngds:32,369  sols:1  bounds:2..27
    run2,344  dpts:17..27  robin:Wdeg-First  effs:391,918,798  asgs:(374,noefs=2,fails=208)  fails:4,660,065  wrgs:7,749,744  wck:548.5  ngds:32,379  sols:1  bounds:2..27
    run2,345  dpts:7..17  robin:PickOnDom-Last  effs:391,936,121  asgs:(480,noefs=1,fails=218)  fails:4,660,283  wrgs:7,750,167  wck:548.5  ngds:32,383  sols:1  bounds:2..27
    run2,346  dpts:3..15  robin:WdegOnDom-Rand  effs:391,966,925  asgs:(401,noefs=3,fails=229)  fails:4,660,512  wrgs:7,750,530  wck:548.5  ngds:32,390  sols:1  bounds:2..27
    run2,347  dpts:6..89  robin:FrbaOnDom-First  effs:391,989,089  asgs:(556,noefs=121,fails=241)  fails:4,660,753  wrgs:7,751,006  wck:548.6  ngds:32,400  sols:1  bounds:2..27
    run2,348  dpts:5..17  robin:Wdeg-Last  effs:392,010,273  asgs:(449,noefs=3,fails=253)  fails:4,661,006  wrgs:7,751,426  wck:548.6  ngds:32,407  sols:1  bounds:2..27
    run2,349  dpts:5..14  robin:PickOnDom-Rand  effs:392,036,098  asgs:(499,noefs=1,fails=265)  fails:4,661,271  wrgs:7,751,859  wck:548.7  ngds:32,415  sols:1  bounds:2..27
    run2,350  dpts:6..13  robin:WdegOnDom-First  effs:392,066,405  asgs:(521,noefs=3,fails=279)  fails:4,661,550  wrgs:7,752,298  wck:548.7  ngds:32,427  sols:1  bounds:2..27
    run2,351  dpts:13..178  robin:FrbaOnDom-Last  effs:392,101,336  asgs:(734,noefs=167,fails=293)  fails:4,661,843  wrgs:7,752,805  wck:548.8  ngds:32,442  sols:1  bounds:2..27
    run2,352  dpts:3..13  robin:Wdeg-Rand  effs:392,130,331  asgs:(504,noefs=0,fails=307)  fails:4,662,150  wrgs:7,753,261  wck:548.9  ngds:32,452  sols:1  bounds:2..27
    run2,353  dpts:3..16  robin:PickOnDom-First  effs:392,157,981  asgs:(630,noefs=0,fails=323)  fails:4,662,473  wrgs:7,753,782  wck:548.9  ngds:32,459  sols:1  bounds:2..27
    run2,354  dpts:7..15  robin:WdegOnDom-Last  effs:392,176,314  asgs:(621,noefs=2,fails=339)  fails:4,662,812  wrgs:7,754,341  wck:548.9  ngds:32,466  sols:1  bounds:2..27
    run2,355  dpts:4..30  robin:FrbaOnDom-Rand  effs:392,212,278  asgs:(690,noefs=25,fails=356)  fails:4,663,168  wrgs:7,754,940  wck:549.0  ngds:32,476  sols:1  bounds:2..27
    run2,356  dpts:4..14  robin:Wdeg-First  effs:392,239,769  asgs:(636,noefs=1,fails=374)  fails:4,663,542  wrgs:7,755,512  wck:549.1  ngds:32,493  sols:1  bounds:2..27
    run2,357  dpts:2..15  robin:PickOnDom-Last  effs:392,281,548  asgs:(845,noefs=1,fails=392)  fails:4,663,934  wrgs:7,756,259  wck:549.1  ngds:32,500  sols:1  bounds:2..27
    run2,358  dpts:2..15  robin:WdegOnDom-Rand  effs:392,320,725  asgs:(814,noefs=0,fails=412)  fails:4,664,346  wrgs:7,756,957  wck:549.2  ngds:32,508  sols:1  bounds:2..27
    run2,359  dpts:106..118  robin:FrbaOnDom-First  effs:392,353,133  asgs:(896,noefs=108,fails=433)  fails:4,664,779  wrgs:7,757,671  wck:549.3  ngds:32,522  sols:1  bounds:2..27
    run2,360  dpts:2..11  robin:Wdeg-Last  effs:392,402,246  asgs:(749,noefs=0,fails=454)  fails:4,665,233  wrgs:7,758,379  wck:549.4  ngds:32,534  sols:1  bounds:2..27
    run2,361  dpts:4..14  robin:PickOnDom-Rand  effs:392,448,035  asgs:(947,noefs=0,fails=477)  fails:4,665,710  wrgs:7,759,186  wck:549.4  ngds:32,541  sols:1  bounds:2..27
    run2,362  dpts:7..18  robin:WdegOnDom-First  effs:392,503,074  asgs:(1026,noefs=1,fails=501)  fails:4,666,211  wrgs:7,760,088  wck:549.5  ngds:32,554  sols:1  bounds:2..27
    run2,363  dpts:5..25  robin:FrbaOnDom-Last  effs:392,556,428  asgs:(1002,noefs=5,fails=526)  fails:4,666,737  wrgs:7,760,944  wck:549.7  ngds:32,561  sols:1  bounds:2..27
    run2,364  dpts:3..14  robin:Wdeg-Rand  effs:392,602,179  asgs:(947,noefs=1,fails=552)  fails:4,667,289  wrgs:7,761,779  wck:549.7  ngds:32,581  sols:1  bounds:2..27
    run2,365  dpts:3..15  robin:PickOnDom-First  effs:392,648,899  asgs:(1148,noefs=0,fails=580)  fails:4,667,869  wrgs:7,762,797  wck:549.8  ngds:32,590  sols:1  bounds:2..27
    run2,366  dpts:5..16  robin:WdegOnDom-Last  effs:392,705,928  asgs:(1206,noefs=19,fails=609)  fails:4,668,478  wrgs:7,763,879  wck:549.9  ngds:32,602  sols:1  bounds:2..27
    run2,367  dpts:14..32  robin:FrbaOnDom-Rand  effs:392,768,393  asgs:(1145,noefs=10,fails=640)  fails:4,669,118  wrgs:7,764,885  wck:550.0  ngds:32,622  sols:1  bounds:2..27
    run2,368  dpts:1..11  robin:Wdeg-First  effs:392,805,398  asgs:(1124,noefs=1,fails=672)  fails:4,669,790  wrgs:7,765,898  wck:550.1  ngds:32,630  sols:1  bounds:2..27
    run2,369  dpts:4..13  robin:PickOnDom-Last  effs:392,854,252  asgs:(1289,noefs=0,fails=705)  fails:4,670,495  wrgs:7,766,995  wck:550.2  ngds:32,632  sols:1  bounds:2..27
    run2,370  dpts:5..17  robin:WdegOnDom-Rand  effs:392,921,136  asgs:(1322,noefs=4,fails=740)  fails:4,671,235  wrgs:7,768,176  wck:550.3  ngds:32,647  sols:1  bounds:2..27
 ...resetting heuristics data (nValues:1,580 - nSingletons:223 - nEntailed:88)
    run2,371  dpts:4..58  robin:FrbaOnDom-First  effs:392,994,966  asgs:(1583,noefs=154,fails=777)  fails:4,672,012  wrgs:7,769,550  wck:550.4  ngds:32,659  sols:1  bounds:2..27
    run2,372  dpts:11..21  robin:Wdeg-Last  effs:393,051,806  asgs:(1463,noefs=2,fails=816)  fails:4,672,828  wrgs:7,770,870  wck:550.5  ngds:32,678  sols:1  bounds:2..27
    run2,373  dpts:11..23  robin:PickOnDom-Rand  effs:393,123,273  asgs:(1639,noefs=14,fails=857)  fails:4,673,685  wrgs:7,772,244  wck:550.6  ngds:32,686  sols:1  bounds:2..27
    run2,374  dpts:16..25  robin:WdegOnDom-First  effs:393,180,074  asgs:(1716,noefs=0,fails=900)  fails:4,674,585  wrgs:7,773,755  wck:550.7  ngds:32,702  sols:1  bounds:2..27
    run2,375  dpts:7..199  robin:FrbaOnDom-Last  effs:393,269,769  asgs:(1883,noefs=224,fails=945)  fails:4,675,530  wrgs:7,775,426  wck:550.9  ngds:32,719  sols:1  bounds:2..27
    run2,376  dpts:3..14  robin:Wdeg-Rand  effs:393,358,840  asgs:(1682,noefs=0,fails=992)  fails:4,676,522  wrgs:7,776,905  wck:551.0  ngds:32,737  sols:1  bounds:2..27
    run2,377  dpts:3..16  robin:PickOnDom-First  effs:393,432,390  asgs:(1954,noefs=16,fails=1042)  fails:4,677,564  wrgs:7,778,622  wck:551.2  ngds:32,756  sols:1  bounds:2..27
    run2,378  dpts:3..13  robin:WdegOnDom-Last  effs:393,543,951  asgs:(2124,noefs=1,fails=1094)  fails:4,678,658  wrgs:7,780,534  wck:551.4  ngds:32,765  sols:1  bounds:2..27
    run2,379  dpts:1..64  robin:FrbaOnDom-Rand  effs:393,666,505  asgs:(2180,noefs=58,fails=1149)  fails:4,679,807  wrgs:7,782,411  wck:551.6  ngds:32,782  sols:1  bounds:2..27
    run2,380  dpts:1..13  robin:Wdeg-First  effs:393,753,374  asgs:(2062,noefs=0,fails=1206)  fails:4,681,013  wrgs:7,784,264  wck:551.7  ngds:32,808  sols:1  bounds:2..27
    run2,381  dpts:4..15  robin:PickOnDom-Last  effs:393,872,988  asgs:(2699,noefs=16,fails=1267)  fails:4,682,280  wrgs:7,786,557  wck:551.9  ngds:32,831  sols:1  bounds:2..27
    run2,382  dpts:8..19  robin:WdegOnDom-Rand  effs:393,970,673  asgs:(2489,noefs=1,fails=1330)  fails:4,683,610  wrgs:7,788,754  wck:552.1  ngds:32,839  sols:1  bounds:2..27
    run2,383  dpts:2..24  robin:FrbaOnDom-First  effs:394,099,510  asgs:(2627,noefs=30,fails=1397)  fails:4,685,007  wrgs:7,791,086  wck:552.3  ngds:32,874  sols:1  bounds:2..27
    run2,384  dpts:3..13  robin:Wdeg-Last  effs:394,207,588  asgs:(2435,noefs=0,fails=1466)  fails:4,686,473  wrgs:7,793,445  wck:552.5  ngds:32,887  sols:1  bounds:2..27
    run2,385  dpts:3..15  robin:PickOnDom-Rand  effs:394,349,750  asgs:(3089,noefs=9,fails=1540)  fails:4,688,013  wrgs:7,796,114  wck:552.8  ngds:32,898  sols:1  bounds:2..27
    run2,386  dpts:3..14  robin:WdegOnDom-First  effs:394,438,606  asgs:(2960,noefs=0,fails=1617)  fails:4,689,630  wrgs:7,798,739  wck:552.9  ngds:32,916  sols:1  bounds:2..27
    run2,387  dpts:1..25  robin:FrbaOnDom-Last  effs:394,564,206  asgs:(3107,noefs=10,fails=1698)  fails:4,691,328  wrgs:7,801,430  wck:553.1  ngds:32,937  sols:1  bounds:2..27
    run2,388  dpts:2..11  robin:Wdeg-Rand  effs:394,729,894  asgs:(2933,noefs=0,fails=1783)  fails:4,693,111  wrgs:7,804,079  wck:553.4  ngds:32,951  sols:1  bounds:2..27
    run2,389  dpts:6..16  robin:PickOnDom-First  effs:394,831,925  asgs:(3620,noefs=8,fails=1872)  fails:4,694,983  wrgs:7,807,393  wck:553.6  ngds:32,958  sols:1  bounds:2..27
    run2,390  dpts:6..18  robin:WdegOnDom-Last  effs:394,949,542  asgs:(3593,noefs=1,fails=1965)  fails:4,696,948  wrgs:7,810,635  wck:553.8  ngds:32,970  sols:1  bounds:2..27
    run2,391  dpts:1..174  robin:FrbaOnDom-Rand  effs:395,123,863  asgs:(3937,noefs=159,fails=2064)  fails:4,699,012  wrgs:7,814,124  wck:554.1  ngds:32,989  sols:1  bounds:2..27
    run2,392  dpts:1..12  robin:Wdeg-First  effs:395,279,419  asgs:(3662,noefs=0,fails=2167)  fails:4,701,179  wrgs:7,817,509  wck:554.3  ngds:33,004  sols:1  bounds:2..27
    run2,393  dpts:3..14  robin:PickOnDom-Last  effs:395,494,790  asgs:(4731,noefs=0,fails=2275)  fails:4,703,454  wrgs:7,821,601  wck:554.7  ngds:33,019  sols:1  bounds:2..27
    run2,394  dpts:3..14  robin:WdegOnDom-Rand  effs:395,754,030  asgs:(4359,noefs=0,fails=2389)  fails:4,705,843  wrgs:7,825,424  wck:555.1  ngds:33,028  sols:1  bounds:2..27
    run2,395  dpts:1..15  robin:FrbaOnDom-First  effs:395,931,053  asgs:(4629,noefs=7,fails=2508)  fails:4,708,351  wrgs:7,829,591  wck:555.4  ngds:33,049  sols:1  bounds:2..27
    run2,396  dpts:2..13  robin:Wdeg-Last  effs:396,167,228  asgs:(4405,noefs=0,fails=2634)  fails:4,710,985  wrgs:7,833,752  wck:555.8  ngds:33,065  sols:1  bounds:2..27
    run2,397  dpts:3..17  robin:PickOnDom-Rand  effs:396,481,124  asgs:(5281,noefs=12,fails=2766)  fails:4,713,751  wrgs:7,838,300  wck:556.3  ngds:33,075  sols:1  bounds:2..27
    run2,398  dpts:4..15  robin:WdegOnDom-First  effs:396,725,709  asgs:(5474,noefs=0,fails=2904)  fails:4,716,655  wrgs:7,843,159  wck:556.7  ngds:33,100  sols:1  bounds:2..27
    run2,399  dpts:2..15  robin:FrbaOnDom-Last  effs:396,950,630  asgs:(5637,noefs=0,fails=3049)  fails:4,719,704  wrgs:7,848,023  wck:557.1  ngds:33,117  sols:1  bounds:2..27
    run2,400  dpts:2..13  robin:Wdeg-Rand  effs:397,263,215  asgs:(5602,noefs=2,fails=3202)  fails:4,722,906  wrgs:7,853,029  wck:557.6  ngds:33,137  sols:1  bounds:2..27
 ...resetting heuristics data (nValues:1,580 - nSingletons:223 - nEntailed:88)
    run2,401  dpts:13..27  robin:PickOnDom-First  effs:397,450,719  asgs:(6538,noefs=85,fails=3362)  fails:4,726,268  wrgs:7,858,641  wck:558.0  ngds:33,161  sols:1  bounds:2..27
    run2,402  dpts:11..23  robin:WdegOnDom-Last  effs:397,700,241  asgs:(7016,noefs=1,fails=3530)  fails:4,729,798  wrgs:7,864,774  wck:558.4  ngds:33,187  sols:1  bounds:2..27
    run2,403  dpts:8..71  robin:FrbaOnDom-Rand  effs:398,057,955  asgs:(7389,noefs=322,fails=3706)  fails:4,733,504  wrgs:7,870,898  wck:559.0  ngds:33,208  sols:1  bounds:2..27
    run2,404  dpts:14..26  robin:Wdeg-First  effs:398,289,050  asgs:(6891,noefs=4,fails=3892)  fails:4,737,396  wrgs:7,877,088  wck:559.4  ngds:33,235  sols:1  bounds:2..27
    run2,405  dpts:2..16  robin:PickOnDom-Last  effs:398,643,636  asgs:(8477,noefs=60,fails=4086)  fails:4,741,482  wrgs:7,884,207  wck:560.0  ngds:33,251  sols:1  bounds:2..27
    run2,406  dpts:1..16  robin:WdegOnDom-Rand  effs:399,103,536  asgs:(8178,noefs=0,fails=4291)  fails:4,745,773  wrgs:7,891,241  wck:560.6  ngds:33,267  sols:1  bounds:2..27
    run2,407  dpts:156..174  robin:FrbaOnDom-First  effs:399,493,098  asgs:(8704,noefs=160,fails=4505)  fails:4,750,278  wrgs:7,898,883  wck:561.4  ngds:33,287  sols:1  bounds:2..27
    run2,408  dpts:3..16  robin:Wdeg-Last  effs:399,958,664  asgs:(8824,noefs=9,fails=4731)  fails:4,755,009  wrgs:7,907,286  wck:562.3  ngds:33,305  sols:1  bounds:2..27
    run2,409  dpts:2..19  robin:PickOnDom-Rand  effs:400,422,361  asgs:(9498,noefs=153,fails=4967)  fails:4,759,976  wrgs:7,915,440  wck:562.9  ngds:33,315  sols:1  bounds:2..27
    run2,410  dpts:2..15  robin:WdegOnDom-First  effs:400,849,160  asgs:(9428,noefs=2,fails=5215)  fails:4,765,191  wrgs:7,923,758  wck:563.6  ngds:33,350  sols:1  bounds:2..27
    run2,411  dpts:0..28  robin:FrbaOnDom-Last  effs:401,248,965  asgs:(10375,noefs=16,fails=5476)  fails:4,770,667  wrgs:7,932,940  wck:564.4  ngds:33,373  sols:1  bounds:2..27
    run2,412  dpts:2..16  robin:Wdeg-Rand  effs:401,753,510  asgs:(9630,noefs=1,fails=5750)  fails:4,776,417  wrgs:7,941,607  wck:565.1  ngds:33,389  sols:1  bounds:2..27
    run2,413  dpts:1..18  robin:PickOnDom-First  effs:402,274,618  asgs:(11892,noefs=106,fails=6038)  fails:4,782,455  wrgs:7,952,072  wck:565.8  ngds:33,409  sols:1  bounds:2..27
    run2,414  dpts:4..17  robin:WdegOnDom-Last  effs:402,830,617  asgs:(12211,noefs=4,fails=6340)  fails:4,788,795  wrgs:7,963,013  wck:566.9  ngds:33,441  sols:1  bounds:2..27
    run2,415  dpts:0..43  robin:FrbaOnDom-Rand  effs:403,407,670  asgs:(12437,noefs=39,fails=6657)  fails:4,795,452  wrgs:7,973,762  wck:567.9  ngds:33,459  sols:1  bounds:2..27
    run2,416  dpts:1..15  robin:Wdeg-First  effs:403,830,373  asgs:(12060,noefs=0,fails=6989)  fails:4,802,441  wrgs:7,984,499  wck:568.6  ngds:33,495  sols:1  bounds:2..27
    run2,417  dpts:2..16  robin:PickOnDom-Last  effs:404,473,289  asgs:(15021,noefs=45,fails=7339)  fails:4,809,780  wrgs:7,997,361  wck:569.6  ngds:33,516  sols:1  bounds:2..27
    run2,418  dpts:5..18  robin:WdegOnDom-Rand  effs:405,216,543  asgs:(14591,noefs=0,fails=7706)  fails:4,817,486  wrgs:8,010,003  wck:570.8  ngds:33,549  sols:1  bounds:2..27
    run2,419  dpts:7..248  robin:FrbaOnDom-First  effs:405,939,620  asgs:(15484,noefs=247,fails=8091)  fails:4,825,577  wrgs:8,023,691  wck:572.2  ngds:33,571  sols:1  bounds:2..27
    run2,420  dpts:2..14  robin:Wdeg-Last  effs:406,804,179  asgs:(16177,noefs=1,fails=8496)  fails:4,834,073  wrgs:8,039,043  wck:573.5  ngds:33,591  sols:1  bounds:2..27
 ...Discarding 2 singleton variables
    run2,421  dpts:4..18  robin:PickOnDom-Rand  effs:407,607,704  asgs:(17506,noefs=207,fails=8921)  fails:4,842,994  wrgs:8,054,028  wck:574.9  ngds:33,611  sols:1  bounds:2..27
    run2,422  dpts:5..17  robin:WdegOnDom-First  effs:408,299,732  asgs:(17388,noefs=18,fails=9367)  fails:4,852,361  wrgs:8,069,713  wck:576.1  ngds:33,633  sols:1  bounds:2..27
    run2,423  dpts:6..27  robin:FrbaOnDom-Last  effs:409,036,179  asgs:(18214,noefs=13,fails=9835)  fails:4,862,196  wrgs:8,085,635  wck:577.5  ngds:33,658  sols:1  bounds:2..27
    run2,424  dpts:2..14  robin:Wdeg-Rand  effs:409,958,534  asgs:(17323,noefs=4,fails=10327)  fails:4,872,523  wrgs:8,101,259  wck:579.1  ngds:33,684  sols:1  bounds:2..27
    run2,425  dpts:2..19  robin:PickOnDom-First  effs:410,744,227  asgs:(22385,noefs=36,fails=10843)  fails:4,883,366  wrgs:8,121,059  wck:580.3  ngds:33,707  sols:1  bounds:2..27
    run2,426  dpts:6..19  robin:WdegOnDom-Last  effs:411,588,494  asgs:(23024,noefs=0,fails=11385)  fails:4,894,751  wrgs:8,141,808  wck:581.7  ngds:33,719  sols:1  bounds:2..27
    run2,427  dpts:6..19  robin:FrbaOnDom-Rand  effs:412,627,811  asgs:(21879,noefs=7,fails=11955)  fails:4,906,706  wrgs:8,160,980  wck:583.4  ngds:33,739  sols:1  bounds:2..27
    run2,428  dpts:0..13  robin:Wdeg-First  effs:413,672,445  asgs:(20757,noefs=16,fails=12552)  fails:4,919,258  wrgs:8,180,105  wck:585.2  ngds:33,767  sols:1  bounds:2..27
    run2,429  dpts:1..17  robin:PickOnDom-Last  effs:414,683,573  asgs:(27995,noefs=159,fails=13180)  fails:4,932,438  wrgs:8,203,171  wck:586.8  ngds:33,778  sols:1  bounds:2..27
    run2,430  dpts:2..16  robin:WdegOnDom-Rand  effs:415,966,837  asgs:(25621,noefs=6,fails=13839)  fails:4,946,277  wrgs:8,225,690  wck:588.6  ngds:33,802  sols:1  bounds:2..27
 ...resetting restart cutoff to 185
 ...Discarding 2 singleton variables
 ...resetting heuristics data (nValues:1,574 - nSingletons:227 - nEntailed:88)
    run2,431  dpts:11..33  robin:FrbaOnDom-First  effs:415,980,243  asgs:(342,noefs=22,fails=185)  fails:4,946,462  wrgs:8,225,984  wck:588.6  ngds:33,813  sols:1  bounds:2..27
    run2,432  dpts:13..22  robin:Wdeg-Last  effs:415,993,307  asgs:(357,noefs=1,fails=194)  fails:4,946,656  wrgs:8,226,310  wck:588.7  ngds:33,825  sols:1  bounds:2..27
    run2,433  dpts:11..24  robin:PickOnDom-Rand  effs:416,009,900  asgs:(439,noefs=8,fails=203)  fails:4,946,859  wrgs:8,226,667  wck:588.7  ngds:33,833  sols:1  bounds:2..27
    run2,434  dpts:17..25  robin:WdegOnDom-First  effs:416,022,416  asgs:(425,noefs=1,fails=214)  fails:4,947,073  wrgs:8,227,028  wck:588.7  ngds:33,845  sols:1  bounds:2..27
    run2,435  dpts:21..69  robin:FrbaOnDom-Last  effs:416,045,944  asgs:(590,noefs=82,fails=224)  fails:4,947,297  wrgs:8,227,510  wck:588.8  ngds:33,850  sols:1  bounds:2..27
    run2,436  dpts:4..14  robin:Wdeg-Rand  effs:416,070,645  asgs:(391,noefs=1,fails=236)  fails:4,947,533  wrgs:8,227,860  wck:588.8  ngds:33,858  sols:1  bounds:2..27
    run2,437  dpts:4..15  robin:PickOnDom-First  effs:416,090,174  asgs:(463,noefs=15,fails=247)  fails:4,947,780  wrgs:8,228,249  wck:588.8  ngds:33,866  sols:1  bounds:2..27
    run2,438  dpts:3..13  robin:WdegOnDom-Last  effs:416,122,185  asgs:(493,noefs=1,fails=260)  fails:4,948,040  wrgs:8,228,703  wck:588.9  ngds:33,874  sols:1  bounds:2..27
    run2,439  dpts:199..222  robin:FrbaOnDom-Rand  effs:416,140,924  asgs:(713,noefs=197,fails=273)  fails:4,948,313  wrgs:8,229,148  wck:589.0  ngds:33,883  sols:1  bounds:2..27
    run2,440  dpts:4..12  robin:Wdeg-First  effs:416,157,486  asgs:(511,noefs=0,fails=286)  fails:4,948,599  wrgs:8,229,600  wck:589.0  ngds:33,892  sols:1  bounds:2..27
    run2,441  dpts:3..15  robin:PickOnDom-Last  effs:416,182,978  asgs:(638,noefs=9,fails=301)  fails:4,948,900  wrgs:8,230,171  wck:589.0  ngds:33,905  sols:1  bounds:2..27
    run2,442  dpts:7..17  robin:WdegOnDom-Rand  effs:416,214,889  asgs:(631,noefs=0,fails=316)  fails:4,949,216  wrgs:8,230,714  wck:589.1  ngds:33,914  sols:1  bounds:2..27
    run2,443  dpts:120..136  robin:FrbaOnDom-First  effs:416,247,923  asgs:(742,noefs=120,fails=332)  fails:4,949,548  wrgs:8,231,250  wck:589.2  ngds:33,922  sols:1  bounds:2..27
    run2,444  dpts:3..9  robin:Wdeg-Last  effs:416,270,133  asgs:(548,noefs=0,fails=348)  fails:4,949,896  wrgs:8,231,750  wck:589.2  ngds:33,932  sols:1  bounds:2..27
    run2,445  dpts:6..15  robin:PickOnDom-Rand  effs:416,298,741  asgs:(726,noefs=5,fails=366)  fails:4,950,262  wrgs:8,232,362  wck:589.3  ngds:33,943  sols:1  bounds:2..27
    run2,446  dpts:6..15  robin:WdegOnDom-First  effs:416,325,415  asgs:(740,noefs=0,fails=384)  fails:4,950,646  wrgs:8,233,002  wck:589.3  ngds:33,959  sols:1  bounds:2..27
    run2,447  dpts:37..54  robin:FrbaOnDom-Last  effs:416,371,408  asgs:(795,noefs=42,fails=403)  fails:4,951,049  wrgs:8,233,685  wck:589.4  ngds:33,967  sols:1  bounds:2..27
    run2,448  dpts:2..10  robin:Wdeg-Rand  effs:416,414,762  asgs:(717,noefs=0,fails=424)  fails:4,951,473  wrgs:8,234,328  wck:589.5  ngds:33,980  sols:1  bounds:2..27
    run2,449  dpts:2..19  robin:PickOnDom-First  effs:416,443,232  asgs:(866,noefs=9,fails=445)  fails:4,951,918  wrgs:8,235,108  wck:589.6  ngds:34,004  sols:1  bounds:2..27
    run2,450  dpts:5..14  robin:WdegOnDom-Last  effs:416,490,072  asgs:(940,noefs=1,fails=467)  fails:4,952,385  wrgs:8,235,948  wck:589.7  ngds:34,022  sols:1  bounds:2..27
    run2,451  dpts:4..19  robin:FrbaOnDom-Rand  effs:416,542,581  asgs:(902,noefs=6,fails=490)  fails:4,952,875  wrgs:8,236,731  wck:589.8  ngds:34,030  sols:1  bounds:2..27
    run2,452  dpts:3..12  robin:Wdeg-First  effs:416,575,302  asgs:(887,noefs=0,fails=515)  fails:4,953,390  wrgs:8,237,536  wck:589.8  ngds:34,044  sols:1  bounds:2..27
    run2,453  dpts:6..15  robin:PickOnDom-Last  effs:416,619,599  asgs:(1159,noefs=1,fails=541)  fails:4,953,931  wrgs:8,238,491  wck:589.9  ngds:34,056  sols:1  bounds:2..27
    run2,454  dpts:3..14  robin:WdegOnDom-Rand  effs:416,676,225  asgs:(1090,noefs=1,fails=568)  fails:4,954,499  wrgs:8,239,444  wck:590.0  ngds:34,067  sols:1  bounds:2..27
    run2,455  dpts:3..61  robin:FrbaOnDom-First  effs:416,721,623  asgs:(1107,noefs=74,fails=596)  fails:4,955,095  wrgs:8,240,457  wck:590.1  ngds:34,088  sols:1  bounds:2..27
    run2,456  dpts:5..15  robin:Wdeg-Last  effs:416,778,551  asgs:(1087,noefs=0,fails=626)  fails:4,955,721  wrgs:8,241,510  wck:590.2  ngds:34,096  sols:1  bounds:2..27
    run2,457  dpts:5..17  robin:PickOnDom-Rand  effs:416,823,641  asgs:(1349,noefs=17,fails=657)  fails:4,956,378  wrgs:8,242,642  wck:590.3  ngds:34,106  sols:1  bounds:2..27
    run2,458  dpts:7..18  robin:WdegOnDom-First  effs:416,865,586  asgs:(1237,noefs=0,fails=690)  fails:4,957,068  wrgs:8,243,731  wck:590.4  ngds:34,117  sols:1  bounds:2..27
    run2,459  dpts:19..147  robin:FrbaOnDom-Last  effs:416,935,939  asgs:(1664,noefs=164,fails=725)  fails:4,957,793  wrgs:8,245,193  wck:590.5  ngds:34,128  sols:1  bounds:2..27
    run2,460  dpts:3..13  robin:Wdeg-Rand  effs:417,005,888  asgs:(1221,noefs=0,fails=761)  fails:4,958,554  wrgs:8,246,319  wck:590.6  ngds:34,141  sols:1  bounds:2..27
 ...resetting heuristics data (nValues:1,574 - nSingletons:227 - nEntailed:88)
    run2,461  dpts:13..27  robin:PickOnDom-First  effs:417,050,054  asgs:(1459,noefs=12,fails=799)  fails:4,959,353  wrgs:8,247,574  wck:590.7  ngds:34,151  sols:1  bounds:2..27
    run2,462  dpts:11..25  robin:WdegOnDom-Last  effs:417,109,830  asgs:(1565,noefs=1,fails=839)  fails:4,960,192  wrgs:8,248,983  wck:590.8  ngds:34,157  sols:1  bounds:2..27
    run2,463  dpts:4..65  robin:FrbaOnDom-Rand  effs:417,208,901  asgs:(1906,noefs=160,fails=881)  fails:4,961,073  wrgs:8,250,560  wck:591.0  ngds:34,169  sols:1  bounds:2..27
    run2,464  dpts:14..28  robin:Wdeg-First  effs:417,273,557  asgs:(1620,noefs=1,fails=925)  fails:4,961,998  wrgs:8,252,026  wck:591.1  ngds:34,176  sols:1  bounds:2..27
    run2,465  dpts:3..16  robin:PickOnDom-Last  effs:417,360,822  asgs:(2017,noefs=12,fails=971)  fails:4,962,969  wrgs:8,253,748  wck:591.3  ngds:34,185  sols:1  bounds:2..27
    run2,466  dpts:3..13  robin:WdegOnDom-Rand  effs:417,464,421  asgs:(1932,noefs=2,fails=1020)  fails:4,963,989  wrgs:8,255,417  wck:591.4  ngds:34,210  sols:1  bounds:2..27
    run2,467  dpts:232..255  robin:FrbaOnDom-First  effs:417,554,453  asgs:(2328,noefs=255,fails=1071)  fails:4,965,060  wrgs:8,257,219  wck:591.6  ngds:34,220  sols:1  bounds:2..27
    run2,468  dpts:4..14  robin:Wdeg-Last  effs:417,671,980  asgs:(2193,noefs=0,fails=1125)  fails:4,966,185  wrgs:8,259,271  wck:591.8  ngds:34,238  sols:1  bounds:2..27
    run2,469  dpts:6..17  robin:PickOnDom-Rand  effs:417,771,007  asgs:(2432,noefs=30,fails=1181)  fails:4,967,366  wrgs:8,261,334  wck:592.0  ngds:34,251  sols:1  bounds:2..27
    run2,470  dpts:3..14  robin:WdegOnDom-First  effs:417,850,077  asgs:(2328,noefs=0,fails=1240)  fails:4,968,606  wrgs:8,263,374  wck:592.1  ngds:34,273  sols:1  bounds:2..27
    run2,471  dpts:43..61  robin:FrbaOnDom-Last  effs:417,936,416  asgs:(2454,noefs=42,fails=1302)  fails:4,969,908  wrgs:8,265,496  wck:592.3  ngds:34,295  sols:1  bounds:2..27
    run2,472  dpts:2..12  robin:Wdeg-Rand  effs:418,062,692  asgs:(2321,noefs=0,fails=1367)  fails:4,971,275  wrgs:8,267,612  wck:592.6  ngds:34,308  sols:1  bounds:2..27
    run2,473  dpts:2..14  robin:PickOnDom-First  effs:418,194,206  asgs:(2738,noefs=0,fails=1435)  fails:4,972,710  wrgs:8,270,009  wck:592.8  ngds:34,320  sols:1  bounds:2..27
    run2,474  dpts:7..20  robin:WdegOnDom-Last  effs:418,303,741  asgs:(2821,noefs=0,fails=1507)  fails:4,974,217  wrgs:8,272,488  wck:592.9  ngds:34,334  sols:1  bounds:2..27
    run2,475  dpts:8..26  robin:FrbaOnDom-Rand  effs:418,438,164  asgs:(2835,noefs=7,fails=1583)  fails:4,975,800  wrgs:8,274,978  wck:593.2  ngds:34,352  sols:1  bounds:2..27
    run2,476  dpts:2..11  robin:Wdeg-First  effs:418,543,604  asgs:(2854,noefs=3,fails=1662)  fails:4,977,462  wrgs:8,277,610  wck:593.4  ngds:34,378  sols:1  bounds:2..27
    run2,477  dpts:3..17  robin:PickOnDom-Last  effs:418,666,233  asgs:(3271,noefs=6,fails=1745)  fails:4,979,207  wrgs:8,280,443  wck:593.6  ngds:34,395  sols:1  bounds:2..27
    run2,478  dpts:5..16  robin:WdegOnDom-Rand  effs:418,858,790  asgs:(3251,noefs=0,fails=1832)  fails:4,981,039  wrgs:8,283,367  wck:593.9  ngds:34,405  sols:1  bounds:2..27
    run2,479  dpts:9..27  robin:FrbaOnDom-First  effs:419,017,201  asgs:(3762,noefs=18,fails=1924)  fails:4,982,963  wrgs:8,286,655  wck:594.2  ngds:34,430  sols:1  bounds:2..27
    run2,480  dpts:2..12  robin:Wdeg-Last  effs:419,176,374  asgs:(3302,noefs=0,fails=2020)  fails:4,984,983  wrgs:8,289,800  wck:594.5  ngds:34,444  sols:1  bounds:2..27
    run2,481  dpts:2..15  robin:PickOnDom-Rand  effs:419,375,251  asgs:(3982,noefs=3,fails=2121)  fails:4,987,104  wrgs:8,293,259  wck:594.8  ngds:34,461  sols:1  bounds:2..27
    run2,482  dpts:4..15  robin:WdegOnDom-First  effs:419,554,683  asgs:(4197,noefs=2,fails=2227)  fails:4,989,331  wrgs:8,296,901  wck:595.1  ngds:34,482  sols:1  bounds:2..27
    run2,483  dpts:7..103  robin:FrbaOnDom-Last  effs:419,736,309  asgs:(4474,noefs=159,fails=2338)  fails:4,991,669  wrgs:8,300,871  wck:595.5  ngds:34,489  sols:1  bounds:2..27
    run2,484  dpts:1..12  robin:Wdeg-Rand  effs:419,990,279  asgs:(3814,noefs=1,fails=2455)  fails:4,994,124  wrgs:8,304,425  wck:595.9  ngds:34,504  sols:1  bounds:2..27
    run2,485  dpts:1..14  robin:PickOnDom-First  effs:420,191,810  asgs:(5124,noefs=0,fails=2578)  fails:4,996,702  wrgs:8,309,123  wck:596.2  ngds:34,518  sols:1  bounds:2..27
    run2,486  dpts:4..17  robin:WdegOnDom-Last  effs:420,429,238  asgs:(5031,noefs=6,fails=2707)  fails:4,999,409  wrgs:8,313,604  wck:596.7  ngds:34,533  sols:1  bounds:2..27
    run2,487  dpts:7..92  robin:FrbaOnDom-Rand  effs:420,692,582  asgs:(5447,noefs=85,fails=2842)  fails:5,002,251  wrgs:8,318,235  wck:597.3  ngds:34,557  sols:1  bounds:2..27
    run2,488  dpts:2..12  robin:Wdeg-First  effs:420,937,105  asgs:(4775,noefs=6,fails=2985)  fails:5,005,236  wrgs:8,322,625  wck:597.6  ngds:34,576  sols:1  bounds:2..27
    run2,489  dpts:1..13  robin:PickOnDom-Last  effs:421,191,357  asgs:(6586,noefs=2,fails=3134)  fails:5,008,370  wrgs:8,328,221  wck:598.1  ngds:34,589  sols:1  bounds:2..27
    run2,490  dpts:5..19  robin:WdegOnDom-Rand  effs:421,480,618  asgs:(5878,noefs=2,fails=3291)  fails:5,011,661  wrgs:8,333,412  wck:598.5  ngds:34,592  sols:1  bounds:2..27
 ...resetting heuristics data (nValues:1,574 - nSingletons:227 - nEntailed:88)
    run2,491  dpts:7..78  robin:FrbaOnDom-First  effs:421,706,262  asgs:(6881,noefs=228,fails=3455)  fails:5,015,116  wrgs:8,339,331  wck:599.0  ngds:34,603  sols:1  bounds:2..27
    run2,492  dpts:12..25  robin:Wdeg-Last  effs:421,926,927  asgs:(6519,noefs=1,fails=3628)  fails:5,018,744  wrgs:8,345,269  wck:599.3  ngds:34,614  sols:1  bounds:2..27
    run2,493  dpts:11..22  robin:PickOnDom-Rand  effs:422,229,880  asgs:(7541,noefs=53,fails=3809)  fails:5,022,553  wrgs:8,351,703  wck:599.8  ngds:34,628  sols:1  bounds:2..27
    run2,494  dpts:13..28  robin:WdegOnDom-First  effs:422,539,981  asgs:(7863,noefs=2,fails=4000)  fails:5,026,553  wrgs:8,358,588  wck:600.3  ngds:34,647  sols:1  bounds:2..27
    run2,495  dpts:198..213  robin:FrbaOnDom-Last  effs:422,833,964  asgs:(7891,noefs=201,fails=4200)  fails:5,030,753  wrgs:8,365,670  wck:600.9  ngds:34,663  sols:1  bounds:2..27
    run2,496  dpts:2..16  robin:Wdeg-Rand  effs:423,279,680  asgs:(7609,noefs=0,fails=4410)  fails:5,035,163  wrgs:8,372,490  wck:601.6  ngds:34,681  sols:1  bounds:2..27
    run2,497  dpts:1..17  robin:PickOnDom-First  effs:423,533,719  asgs:(7940,noefs=159,fails=4630)  fails:5,039,793  wrgs:8,379,668  wck:602.0  ngds:34,700  sols:1  bounds:2..27
    run2,498  dpts:2..16  robin:WdegOnDom-Last  effs:424,027,619  asgs:(9898,noefs=0,fails=4862)  fails:5,044,655  wrgs:8,388,698  wck:602.9  ngds:34,709  sols:1  bounds:2..27
    run2,499  dpts:28..46  robin:FrbaOnDom-Rand  effs:424,494,176  asgs:(9365,noefs=54,fails=5105)  fails:5,049,760  wrgs:8,396,762  wck:603.8  ngds:34,735  sols:1  bounds:2..27
    run2,500  dpts:1..13  robin:Wdeg-First  effs:424,897,243  asgs:(8697,noefs=1,fails=5360)  fails:5,055,120  wrgs:8,404,721  wck:604.4  ngds:34,743  sols:1  bounds:2..27
    run2,501  dpts:4..17  robin:PickOnDom-Last  effs:425,399,173  asgs:(11768,noefs=52,fails=5628)  fails:5,060,748  wrgs:8,414,835  wck:605.2  ngds:34,754  sols:1  bounds:2..27
    run2,502  dpts:3..18  robin:WdegOnDom-Rand  effs:426,057,913  asgs:(10796,noefs=1,fails=5910)  fails:5,066,658  wrgs:8,424,308  wck:606.5  ngds:34,770  sols:1  bounds:2..27
    run2,503  dpts:2..22  robin:FrbaOnDom-First  effs:426,541,269  asgs:(11652,noefs=8,fails=6205)  fails:5,072,863  wrgs:8,434,798  wck:607.3  ngds:34,798  sols:1  bounds:2..27
    run2,504  dpts:3..13  robin:Wdeg-Last  effs:427,058,284  asgs:(10679,noefs=0,fails=6516)  fails:5,079,379  wrgs:8,445,086  wck:608.2  ngds:34,813  sols:1  bounds:2..27
    run2,505  dpts:5..19  robin:PickOnDom-Rand  effs:427,560,337  asgs:(13730,noefs=107,fails=6841)  fails:5,086,220  wrgs:8,456,800  wck:609.0  ngds:34,827  sols:1  bounds:2..27
    run2,506  dpts:1..16  robin:WdegOnDom-First  effs:428,131,331  asgs:(13213,noefs=6,fails=7184)  fails:5,093,404  wrgs:8,468,237  wck:609.8  ngds:34,864  sols:1  bounds:2..27
    run2,507  dpts:2..24  robin:FrbaOnDom-Last  effs:428,702,646  asgs:(14135,noefs=29,fails=7543)  fails:5,100,947  wrgs:8,480,708  wck:610.9  ngds:34,889  sols:1  bounds:2..27
    run2,508  dpts:1..15  robin:Wdeg-Rand  effs:429,398,579  asgs:(13790,noefs=15,fails=7920)  fails:5,108,867  wrgs:8,493,069  wck:612.0  ngds:34,919  sols:1  bounds:2..27
    run2,509  dpts:0..17  robin:PickOnDom-First  effs:430,127,023  asgs:(16225,noefs=55,fails=8316)  fails:5,117,183  wrgs:8,507,371  wck:613.1  ngds:34,936  sols:1  bounds:2..27
    run2,510  dpts:4..18  robin:WdegOnDom-Last  effs:430,866,896  asgs:(16873,noefs=7,fails=8732)  fails:5,125,915  wrgs:8,522,272  wck:614.5  ngds:34,961  sols:1  bounds:2..27
 ...Discarding 5 singleton variables
    run2,511  dpts:2..20  robin:FrbaOnDom-Rand  effs:431,589,125  asgs:(17095,noefs=10,fails=9168)  fails:5,135,083  wrgs:8,537,226  wck:615.7  ngds:34,979  sols:1  bounds:2..27
    run2,512  dpts:1..14  robin:Wdeg-First  effs:432,360,830  asgs:(16238,noefs=13,fails=9627)  fails:5,144,710  wrgs:8,551,851  wck:617.1  ngds:35,001  sols:1  bounds:2..27
    run2,513  dpts:2..16  robin:PickOnDom-Last  effs:433,171,414  asgs:(19699,noefs=29,fails=10108)  fails:5,154,818  wrgs:8,568,682  wck:618.5  ngds:35,020  sols:1  bounds:2..27
    run2,514  dpts:4..19  robin:WdegOnDom-Rand  effs:434,142,097  asgs:(20197,noefs=9,fails=10614)  fails:5,165,432  wrgs:8,586,259  wck:620.2  ngds:35,050  sols:1  bounds:2..27
    run2,515  dpts:2..20  robin:FrbaOnDom-First  effs:434,924,244  asgs:(21768,noefs=2,fails=11144)  fails:5,176,576  wrgs:8,605,565  wck:621.7  ngds:35,077  sols:1  bounds:2..27
    run2,516  dpts:1..14  robin:Wdeg-Last  effs:435,939,054  asgs:(21013,noefs=0,fails=11702)  fails:5,188,278  wrgs:8,624,961  wck:623.3  ngds:35,094  sols:1  bounds:2..27
    run2,517  dpts:6..19  robin:PickOnDom-Rand  effs:436,956,868  asgs:(23671,noefs=30,fails=12287)  fails:5,200,565  wrgs:8,645,317  wck:624.9  ngds:35,125  sols:1  bounds:2..27
    run2,518  dpts:2..19  robin:WdegOnDom-First  effs:437,844,752  asgs:(23623,noefs=34,fails=12901)  fails:5,213,466  wrgs:8,666,330  wck:626.2  ngds:35,139  sols:1  bounds:2..27
    run2,519  dpts:18..94  robin:FrbaOnDom-Last  effs:439,095,595  asgs:(25620,noefs=155,fails=13546)  fails:5,227,012  wrgs:8,689,123  wck:628.2  ngds:35,163  sols:1  bounds:2..27
    run2,520  dpts:1..14  robin:Wdeg-Rand  effs:440,476,042  asgs:(23522,noefs=5,fails=14223)  fails:5,241,235  wrgs:8,710,573  wck:630.7  ngds:35,204  sols:1  bounds:2..27
 ...resetting restart cutoff to 190
 ...resetting heuristics data (nValues:1,567 - nSingletons:232 - nEntailed:90)
    run2,521  dpts:16..25  robin:PickOnDom-First  effs:440,491,134  asgs:(408,noefs=1,fails=190)  fails:5,241,425  wrgs:8,710,914  wck:630.7  ngds:35,211  sols:1  bounds:2..27
    run2,522  dpts:13..22  robin:WdegOnDom-Last  effs:440,505,430  asgs:(391,noefs=0,fails=199)  fails:5,241,624  wrgs:8,711,257  wck:630.8  ngds:35,219  sols:1  bounds:2..27
    run2,523  dpts:14..66  robin:FrbaOnDom-Rand  effs:440,530,569  asgs:(569,noefs=126,fails=209)  fails:5,241,833  wrgs:8,711,703  wck:630.8  ngds:35,230  sols:1  bounds:2..27
    run2,524  dpts:14..27  robin:Wdeg-First  effs:440,544,956  asgs:(385,noefs=1,fails=219)  fails:5,242,052  wrgs:8,712,037  wck:630.9  ngds:35,241  sols:1  bounds:2..27
    run2,525  dpts:3..13  robin:PickOnDom-Last  effs:440,569,803  asgs:(466,noefs=0,fails=230)  fails:5,242,282  wrgs:8,712,461  wck:630.9  ngds:35,247  sols:1  bounds:2..27
    run2,526  dpts:2..13  robin:WdegOnDom-Rand  effs:440,599,130  asgs:(441,noefs=0,fails=242)  fails:5,242,524  wrgs:8,712,855  wck:630.9  ngds:35,256  sols:1  bounds:2..27
    run2,527  dpts:25..169  robin:FrbaOnDom-First  effs:440,624,168  asgs:(591,noefs=156,fails=254)  fails:5,242,778  wrgs:8,713,368  wck:631.0  ngds:35,273  sols:1  bounds:2..27
    run2,528  dpts:5..15  robin:Wdeg-Last  effs:440,647,635  asgs:(490,noefs=1,fails=267)  fails:5,243,045  wrgs:8,713,832  wck:631.0  ngds:35,278  sols:1  bounds:2..27
    run2,529  dpts:8..19  robin:PickOnDom-Rand  effs:440,663,598  asgs:(548,noefs=9,fails=280)  fails:5,243,325  wrgs:8,714,304  wck:631.1  ngds:35,285  sols:1  bounds:2..27
    run2,530  dpts:6..14  robin:WdegOnDom-First  effs:440,680,995  asgs:(590,noefs=0,fails=294)  fails:5,243,619  wrgs:8,714,822  wck:631.1  ngds:35,302  sols:1  bounds:2..27
    run2,531  dpts:116..130  robin:FrbaOnDom-Last  effs:440,718,307  asgs:(759,noefs=112,fails=309)  fails:5,243,928  wrgs:8,715,403  wck:631.2  ngds:35,310  sols:1  bounds:2..27
    run2,532  dpts:3..10  robin:Wdeg-Rand  effs:440,743,721  asgs:(544,noefs=0,fails=324)  fails:5,244,252  wrgs:8,715,887  wck:631.2  ngds:35,317  sols:1  bounds:2..27
    run2,533  dpts:3..12  robin:PickOnDom-First  effs:440,763,205  asgs:(631,noefs=1,fails=341)  fails:5,244,593  wrgs:8,716,467  wck:631.3  ngds:35,334  sols:1  bounds:2..27
    run2,534  dpts:10..17  robin:WdegOnDom-Last  effs:440,794,052  asgs:(671,noefs=0,fails=358)  fails:5,244,951  wrgs:8,717,054  wck:631.3  ngds:35,354  sols:1  bounds:2..27
    run2,535  dpts:27..51  robin:FrbaOnDom-Rand  effs:440,839,766  asgs:(707,noefs=41,fails=376)  fails:5,245,327  wrgs:8,717,655  wck:631.4  ngds:35,361  sols:1  bounds:2..27
    run2,536  dpts:3..12  robin:Wdeg-First  effs:440,874,015  asgs:(641,noefs=0,fails=394)  fails:5,245,721  wrgs:8,718,248  wck:631.5  ngds:35,375  sols:1  bounds:2..27
    run2,537  dpts:3..13  robin:PickOnDom-Last  effs:440,915,634  asgs:(836,noefs=0,fails=414)  fails:5,246,135  wrgs:8,718,946  wck:631.6  ngds:35,383  sols:1  bounds:2..27
    run2,538  dpts:5..14  robin:WdegOnDom-Rand  effs:440,953,386  asgs:(884,noefs=0,fails=435)  fails:5,246,570  wrgs:8,719,701  wck:631.6  ngds:35,398  sols:1  bounds:2..27
    run2,539  dpts:2..13  robin:FrbaOnDom-First  effs:441,009,979  asgs:(850,noefs=1,fails=457)  fails:5,247,027  wrgs:8,720,445  wck:631.7  ngds:35,407  sols:1  bounds:2..27
    run2,540  dpts:3..11  robin:Wdeg-Last  effs:441,051,334  asgs:(769,noefs=0,fails=480)  fails:5,247,507  wrgs:8,721,164  wck:631.8  ngds:35,424  sols:1  bounds:2..27
    run2,541  dpts:3..14  robin:PickOnDom-Rand  effs:441,089,541  asgs:(1004,noefs=1,fails=504)  fails:5,248,011  wrgs:8,722,014  wck:631.9  ngds:35,442  sols:1  bounds:2..27
    run2,542  dpts:1..16  robin:WdegOnDom-First  effs:441,124,502  asgs:(991,noefs=0,fails=529)  fails:5,248,540  wrgs:8,722,884  wck:631.9  ngds:35,458  sols:1  bounds:2..27
    run2,543  dpts:5..20  robin:FrbaOnDom-Last  effs:441,180,088  asgs:(1098,noefs=3,fails=555)  fails:5,249,095  wrgs:8,723,857  wck:632.0  ngds:35,480  sols:1  bounds:2..27
    run2,544  dpts:2..10  robin:Wdeg-Rand  effs:441,243,325  asgs:(1022,noefs=0,fails=583)  fails:5,249,678  wrgs:8,724,799  wck:632.1  ngds:35,492  sols:1  bounds:2..27
    run2,545  dpts:3..14  robin:PickOnDom-First  effs:441,307,640  asgs:(1196,noefs=0,fails=612)  fails:5,250,290  wrgs:8,725,816  wck:632.2  ngds:35,505  sols:1  bounds:2..27
    run2,546  dpts:4..14  robin:WdegOnDom-Last  effs:441,363,397  asgs:(1178,noefs=2,fails=643)  fails:5,250,933  wrgs:8,726,894  wck:632.4  ngds:35,513  sols:1  bounds:2..27
    run2,547  dpts:2..32  robin:FrbaOnDom-Rand  effs:441,427,225  asgs:(1252,noefs=12,fails=675)  fails:5,251,608  wrgs:8,727,968  wck:632.5  ngds:35,519  sols:1  bounds:2..27
    run2,548  dpts:2..11  robin:Wdeg-First  effs:441,486,724  asgs:(1224,noefs=1,fails=709)  fails:5,252,317  wrgs:8,729,097  wck:632.6  ngds:35,539  sols:1  bounds:2..27
    run2,549  dpts:3..16  robin:PickOnDom-Last  effs:441,551,713  asgs:(1710,noefs=3,fails=744)  fails:5,253,061  wrgs:8,730,527  wck:632.7  ngds:35,552  sols:1  bounds:2..27
    run2,550  dpts:7..18  robin:WdegOnDom-Rand  effs:441,628,643  asgs:(1405,noefs=2,fails=782)  fails:5,253,843  wrgs:8,731,776  wck:632.9  ngds:35,572  sols:1  bounds:2..27
 ...resetting heuristics data (nValues:1,567 - nSingletons:232 - nEntailed:90)
    run2,551  dpts:8..74  robin:FrbaOnDom-First  effs:441,708,391  asgs:(1669,noefs=135,fails=821)  fails:5,254,664  wrgs:8,733,168  wck:633.0  ngds:35,585  sols:1  bounds:2..27
    run2,552  dpts:12..22  robin:Wdeg-Last  effs:441,764,901  asgs:(1577,noefs=0,fails=862)  fails:5,255,526  wrgs:8,734,611  wck:633.1  ngds:35,591  sols:1  bounds:2..27
    run2,553  dpts:11..22  robin:PickOnDom-Rand  effs:441,835,525  asgs:(1765,noefs=17,fails=905)  fails:5,256,431  wrgs:8,736,147  wck:633.2  ngds:35,603  sols:1  bounds:2..27
    run2,554  dpts:13..26  robin:WdegOnDom-First  effs:441,901,788  asgs:(1807,noefs=0,fails=950)  fails:5,257,381  wrgs:8,737,721  wck:633.4  ngds:35,609  sols:1  bounds:2..27
    run2,555  dpts:7..146  robin:FrbaOnDom-Last  effs:441,977,944  asgs:(1994,noefs=149,fails=998)  fails:5,258,379  wrgs:8,739,465  wck:633.5  ngds:35,618  sols:1  bounds:2..27
    run2,556  dpts:2..15  robin:Wdeg-Rand  effs:442,079,533  asgs:(2015,noefs=5,fails=1048)  fails:5,259,427  wrgs:8,741,221  wck:633.7  ngds:35,627  sols:1  bounds:2..27
    run2,557  dpts:2..13  robin:PickOnDom-First  effs:442,173,531  asgs:(2036,noefs=15,fails=1100)  fails:5,260,527  wrgs:8,743,031  wck:633.9  ngds:35,650  sols:1  bounds:2..27
    run2,558  dpts:1..13  robin:WdegOnDom-Last  effs:442,297,955  asgs:(2263,noefs=0,fails=1155)  fails:5,261,682  wrgs:8,745,068  wck:634.1  ngds:35,662  sols:1  bounds:2..27
    run2,559  dpts:132..146  robin:FrbaOnDom-Rand  effs:442,412,696  asgs:(2335,noefs=145,fails=1213)  fails:5,262,895  wrgs:8,747,008  wck:634.3  ngds:35,676  sols:1  bounds:2..27
    run2,560  dpts:4..15  robin:Wdeg-First  effs:442,491,136  asgs:(1942,noefs=0,fails=1273)  fails:5,264,168  wrgs:8,748,802  wck:634.4  ngds:35,694  sols:1  bounds:2..27
    run2,561  dpts:2..14  robin:PickOnDom-Last  effs:442,585,295  asgs:(2766,noefs=27,fails=1337)  fails:5,265,505  wrgs:8,751,103  wck:634.6  ngds:35,712  sols:1  bounds:2..27
    run2,562  dpts:5..18  robin:WdegOnDom-Rand  effs:442,697,604  asgs:(2645,noefs=0,fails=1404)  fails:5,266,909  wrgs:8,753,356  wck:634.8  ngds:35,721  sols:1  bounds:2..27
    run2,563  dpts:14..30  robin:FrbaOnDom-First  effs:442,843,812  asgs:(2792,noefs=24,fails=1474)  fails:5,268,383  wrgs:8,755,803  wck:635.2  ngds:35,753  sols:1  bounds:2..27
    run2,564  dpts:2..11  robin:Wdeg-Last  effs:442,987,831  asgs:(2510,noefs=0,fails=1548)  fails:5,269,931  wrgs:8,758,227  wck:635.4  ngds:35,776  sols:1  bounds:2..27
    run2,565  dpts:2..15  robin:PickOnDom-Rand  effs:443,163,639  asgs:(3147,noefs=8,fails=1625)  fails:5,271,556  wrgs:8,760,917  wck:635.7  ngds:35,794  sols:1  bounds:2..27
    run2,566  dpts:5..16  robin:WdegOnDom-First  effs:443,282,353  asgs:(3005,noefs=0,fails=1707)  fails:5,273,263  wrgs:8,763,602  wck:635.9  ngds:35,804  sols:1  bounds:2..27
    run2,567  dpts:7..23  robin:FrbaOnDom-Last  effs:443,443,185  asgs:(3440,noefs=7,fails=1792)  fails:5,275,055  wrgs:8,766,602  wck:636.3  ngds:35,823  sols:1  bounds:2..27
    run2,568  dpts:2..13  robin:Wdeg-Rand  effs:443,606,771  asgs:(3105,noefs=0,fails=1882)  fails:5,276,937  wrgs:8,769,390  wck:636.6  ngds:35,851  sols:1  bounds:2..27
    run2,569  dpts:2..17  robin:PickOnDom-First  effs:443,790,842  asgs:(3907,noefs=7,fails=1976)  fails:5,278,913  wrgs:8,772,808  wck:636.9  ngds:35,868  sols:1  bounds:2..27
    run2,570  dpts:3..16  robin:WdegOnDom-Last  effs:443,947,545  asgs:(3911,noefs=0,fails=2075)  fails:5,280,988  wrgs:8,776,292  wck:637.2  ngds:35,884  sols:1  bounds:2..27
    run2,571  dpts:3..18  robin:FrbaOnDom-Rand  effs:444,168,646  asgs:(3799,noefs=9,fails=2178)  fails:5,283,166  wrgs:8,779,717  wck:637.5  ngds:35,906  sols:1  bounds:2..27
    run2,572  dpts:0..12  robin:Wdeg-First  effs:444,347,647  asgs:(3652,noefs=0,fails=2287)  fails:5,285,453  wrgs:8,783,105  wck:637.9  ngds:35,916  sols:1  bounds:2..27
    run2,573  dpts:1..17  robin:PickOnDom-Last  effs:444,568,980  asgs:(5043,noefs=9,fails=2402)  fails:5,287,855  wrgs:8,787,477  wck:638.2  ngds:35,929  sols:1  bounds:2..27
    run2,574  dpts:5..14  robin:WdegOnDom-Rand  effs:444,847,869  asgs:(4618,noefs=0,fails=2522)  fails:5,290,377  wrgs:8,791,518  wck:638.8  ngds:35,965  sols:1  bounds:2..27
    run2,575  dpts:1..28  robin:FrbaOnDom-First  effs:445,098,179  asgs:(4981,noefs=43,fails=2648)  fails:5,293,025  wrgs:8,796,000  wck:639.2  ngds:35,979  sols:1  bounds:2..27
    run2,576  dpts:3..13  robin:Wdeg-Last  effs:445,330,465  asgs:(4688,noefs=1,fails=2780)  fails:5,295,805  wrgs:8,800,490  wck:639.6  ngds:36,007  sols:1  bounds:2..27
    run2,577  dpts:3..15  robin:PickOnDom-Rand  effs:445,578,234  asgs:(5977,noefs=0,fails=2919)  fails:5,298,724  wrgs:8,805,585  wck:640.0  ngds:36,016  sols:1  bounds:2..27
    run2,578  dpts:1..17  robin:WdegOnDom-First  effs:445,887,168  asgs:(5740,noefs=6,fails=3065)  fails:5,301,789  wrgs:8,810,613  wck:640.5  ngds:36,032  sols:1  bounds:2..27
    run2,579  dpts:1..332  robin:FrbaOnDom-Last  effs:446,095,030  asgs:(6401,noefs=337,fails=3219)  fails:5,305,008  wrgs:8,816,178  wck:641.1  ngds:36,054  sols:1  bounds:2..27
    run2,580  dpts:1..13  robin:Wdeg-Rand  effs:446,385,625  asgs:(5607,noefs=1,fails=3380)  fails:5,308,388  wrgs:8,821,309  wck:641.5  ngds:36,067  sols:1  bounds:2..27
 ...Discarding 4 singleton variables
 ...resetting heuristics data (nValues:1,562 - nSingletons:236 - nEntailed:93)
    run2,581  dpts:12..26  robin:PickOnDom-First  effs:446,612,686  asgs:(7270,noefs=187,fails=3549)  fails:5,311,937  wrgs:8,827,645  wck:641.9  ngds:36,086  sols:1  bounds:2..27
    run2,582  dpts:10..23  robin:WdegOnDom-Last  effs:446,875,065  asgs:(7445,noefs=1,fails=3726)  fails:5,315,663  wrgs:8,834,134  wck:642.3  ngds:36,101  sols:1  bounds:2..27
    run2,583  dpts:0..67  robin:FrbaOnDom-Rand  effs:447,291,743  asgs:(7665,noefs=312,fails=3912)  fails:5,319,575  wrgs:8,840,670  wck:643.2  ngds:36,118  sols:1  bounds:2..27
    run2,584  dpts:13..22  robin:Wdeg-First  effs:447,531,341  asgs:(7266,noefs=2,fails=4108)  fails:5,323,683  wrgs:8,847,315  wck:643.6  ngds:36,144  sols:1  bounds:2..27
    run2,585  dpts:1..15  robin:PickOnDom-Last  effs:447,875,487  asgs:(9054,noefs=86,fails=4313)  fails:5,327,996  wrgs:8,855,087  wck:644.2  ngds:36,155  sols:1  bounds:2..27
    run2,586  dpts:3..15  robin:WdegOnDom-Rand  effs:448,311,530  asgs:(8554,noefs=0,fails=4529)  fails:5,332,525  wrgs:8,862,516  wck:644.9  ngds:36,171  sols:1  bounds:2..27
    run2,587  dpts:111..131  robin:FrbaOnDom-First  effs:448,787,354  asgs:(9131,noefs=137,fails=4756)  fails:5,337,281  wrgs:8,870,593  wck:645.9  ngds:36,194  sols:1  bounds:2..27
    run2,588  dpts:2..16  robin:Wdeg-Last  effs:449,228,582  asgs:(9010,noefs=15,fails=4993)  fails:5,342,274  wrgs:8,879,213  wck:646.7  ngds:36,205  sols:1  bounds:2..27
    run2,589  dpts:6..20  robin:PickOnDom-Rand  effs:449,660,024  asgs:(10635,noefs=101,fails=5243)  fails:5,347,517  wrgs:8,888,168  wck:647.4  ngds:36,222  sols:1  bounds:2..27
    run2,590  dpts:4..18  robin:WdegOnDom-First  effs:450,074,837  asgs:(10208,noefs=3,fails=5505)  fails:5,353,022  wrgs:8,897,324  wck:648.2  ngds:36,258  sols:1  bounds:2..27
 ...Discarding 1 singleton variables
    run2,591  dpts:4..25  robin:FrbaOnDom-Last  effs:450,590,901  asgs:(11007,noefs=15,fails=5781)  fails:5,358,803  wrgs:8,906,784  wck:649.3  ngds:36,284  sols:1  bounds:2..27
    run2,592  dpts:1..13  robin:Wdeg-Rand  effs:451,125,583  asgs:(10370,noefs=2,fails=6070)  fails:5,364,873  wrgs:8,916,134  wck:650.4  ngds:36,309  sols:1  bounds:2..27
    run2,593  dpts:3..15  robin:PickOnDom-First  effs:451,570,305  asgs:(13533,noefs=41,fails=6373)  fails:5,371,246  wrgs:8,927,734  wck:651.0  ngds:36,318  sols:1  bounds:2..27
    run2,594  dpts:5..17  robin:WdegOnDom-Last  effs:452,054,042  asgs:(12581,noefs=1,fails=6692)  fails:5,377,938  wrgs:8,938,784  wck:652.0  ngds:36,328  sols:1  bounds:2..27
    run2,595  dpts:5..21  robin:FrbaOnDom-Rand  effs:452,773,680  asgs:(13006,noefs=12,fails=7026)  fails:5,384,964  wrgs:8,950,025  wck:653.4  ngds:36,346  sols:1  bounds:2..27
    run2,596  dpts:2..11  robin:Wdeg-First  effs:453,200,288  asgs:(12009,noefs=6,fails=7378)  fails:5,392,342  wrgs:8,961,076  wck:654.1  ngds:36,369  sols:1  bounds:2..27
    run2,597  dpts:1..15  robin:PickOnDom-Last  effs:453,946,550  asgs:(16003,noefs=90,fails=7747)  fails:5,400,089  wrgs:8,975,016  wck:655.4  ngds:36,388  sols:1  bounds:2..27
    run2,598  dpts:2..18  robin:WdegOnDom-Rand  effs:454,745,683  asgs:(15336,noefs=36,fails=8134)  fails:5,408,223  wrgs:8,988,368  wck:656.4  ngds:36,409  sols:1  bounds:2..27
    run2,599  dpts:2..21  robin:FrbaOnDom-First  effs:455,449,568  asgs:(16520,noefs=8,fails=8541)  fails:5,416,764  wrgs:9,003,158  wck:657.7  ngds:36,430  sols:1  bounds:2..27
    run2,600  dpts:0..12  robin:Wdeg-Last  effs:456,213,523  asgs:(16044,noefs=1,fails=8968)  fails:5,425,732  wrgs:9,018,377  wck:658.8  ngds:36,459  sols:1  bounds:2..27
    run2,601  dpts:1..17  robin:PickOnDom-Rand  effs:456,842,485  asgs:(19372,noefs=56,fails=9416)  fails:5,435,148  wrgs:9,034,776  wck:659.8  ngds:36,472  sols:1  bounds:2..27
    run2,602  dpts:2..15  robin:WdegOnDom-First  effs:457,401,595  asgs:(19516,noefs=7,fails=9887)  fails:5,445,035  wrgs:9,052,308  wck:660.8  ngds:36,481  sols:1  bounds:2..27
    run2,603  dpts:1..24  robin:FrbaOnDom-Last  effs:458,290,731  asgs:(19327,noefs=14,fails=10381)  fails:5,455,416  wrgs:9,069,419  wck:662.4  ngds:36,519  sols:1  bounds:2..27
    run2,604  dpts:1..14  robin:Wdeg-Rand  effs:459,315,263  asgs:(18653,noefs=5,fails=10900)  fails:5,466,316  wrgs:9,086,364  wck:664.2  ngds:36,535  sols:1  bounds:2..27
    run2,605  dpts:1..16  robin:PickOnDom-First  effs:460,171,610  asgs:(23029,noefs=94,fails=11446)  fails:5,477,762  wrgs:9,106,503  wck:665.5  ngds:36,554  sols:1  bounds:2..27
    run2,606  dpts:2..19  robin:WdegOnDom-Last  effs:461,298,669  asgs:(23828,noefs=50,fails=12018)  fails:5,489,780  wrgs:9,127,566  wck:667.2  ngds:36,575  sols:1  bounds:2..27
    run2,607  dpts:7..65  robin:FrbaOnDom-Rand  effs:462,491,973  asgs:(23033,noefs=69,fails=12619)  fails:5,502,399  wrgs:9,147,866  wck:669.6  ngds:36,591  sols:1  bounds:2..27
    run2,608  dpts:2..14  robin:Wdeg-First  effs:463,422,832  asgs:(23106,noefs=1,fails=13250)  fails:5,515,649  wrgs:9,169,151  wck:671.2  ngds:36,624  sols:1  bounds:2..27
    run2,609  dpts:0..14  robin:PickOnDom-Last  effs:464,481,054  asgs:(27917,noefs=93,fails=13912)  fails:5,529,561  wrgs:9,193,634  wck:673.0  ngds:36,648  sols:1  bounds:2..27
    run2,610  dpts:5..19  robin:WdegOnDom-Rand  effs:465,555,018  asgs:(28357,noefs=0,fails=14608)  fails:5,544,169  wrgs:9,218,093  wck:674.7  ngds:36,660  sols:1  bounds:2..27
 ...resetting restart cutoff to 195
 ...resetting heuristics data (nValues:1,558 - nSingletons:237 - nEntailed:93)
    run2,611  dpts:1..45  robin:FrbaOnDom-First  effs:465,575,196  asgs:(432,noefs=53,fails=195)  fails:5,544,364  wrgs:9,218,445  wck:674.7  ngds:36,676  sols:1  bounds:2..27
    run2,612  dpts:11..20  robin:Wdeg-Last  effs:465,588,165  asgs:(373,noefs=2,fails=204)  fails:5,544,568  wrgs:9,218,771  wck:674.8  ngds:36,692  sols:1  bounds:2..27
    run2,613  dpts:11..26  robin:PickOnDom-Rand  effs:465,604,445  asgs:(462,noefs=8,fails=214)  fails:5,544,782  wrgs:9,219,134  wck:674.8  ngds:36,700  sols:1  bounds:2..27
    run2,614  dpts:12..25  robin:WdegOnDom-First  effs:465,622,972  asgs:(429,noefs=0,fails=225)  fails:5,545,007  wrgs:9,219,502  wck:674.8  ngds:36,715  sols:1  bounds:2..27
    run2,615  dpts:4..40  robin:FrbaOnDom-Last  effs:465,652,389  asgs:(522,noefs=66,fails=237)  fails:5,545,244  wrgs:9,219,973  wck:674.9  ngds:36,726  sols:1  bounds:2..27
    run2,616  dpts:3..12  robin:Wdeg-Rand  effs:465,671,947  asgs:(378,noefs=0,fails=248)  fails:5,545,492  wrgs:9,220,313  wck:674.9  ngds:36,741  sols:1  bounds:2..27
    run2,617  dpts:1..15  robin:PickOnDom-First  effs:465,699,647  asgs:(506,noefs=2,fails=261)  fails:5,545,753  wrgs:9,220,742  wck:675.0  ngds:36,757  sols:1  bounds:2..27
    run2,618  dpts:4..15  robin:WdegOnDom-Last  effs:465,724,340  asgs:(561,noefs=2,fails=274)  fails:5,546,027  wrgs:9,221,244  wck:675.0  ngds:36,775  sols:1  bounds:2..27
    run2,619  dpts:0..261  robin:FrbaOnDom-Rand  effs:465,748,674  asgs:(766,noefs=234,fails=288)  fails:5,546,315  wrgs:9,221,703  wck:675.1  ngds:36,783  sols:1  bounds:2..27
    run2,620  dpts:2..12  robin:Wdeg-First  effs:465,774,709  asgs:(498,noefs=1,fails=302)  fails:5,546,617  wrgs:9,222,166  wck:675.1  ngds:36,797  sols:1  bounds:2..27
 ...Discarding 1 singleton variables
    run2,621  dpts:2..17  robin:PickOnDom-Last  effs:465,799,493  asgs:(649,noefs=9,fails=317)  fails:5,546,934  wrgs:9,222,718  wck:675.2  ngds:36,802  sols:1  bounds:2..27
    run2,622  dpts:5..15  robin:WdegOnDom-Rand  effs:465,824,669  asgs:(693,noefs=0,fails=333)  fails:5,547,267  wrgs:9,223,307  wck:675.2  ngds:36,820  sols:1  bounds:2..27
    run2,623  dpts:57..67  robin:FrbaOnDom-First  effs:465,866,154  asgs:(737,noefs=54,fails=350)  fails:5,547,617  wrgs:9,223,914  wck:675.3  ngds:36,833  sols:1  bounds:2..27
    run2,624  dpts:3..11  robin:Wdeg-Last  effs:465,896,251  asgs:(588,noefs=1,fails=367)  fails:5,547,984  wrgs:9,224,482  wck:675.4  ngds:36,840  sols:1  bounds:2..27
    run2,625  dpts:1..12  robin:PickOnDom-Rand  effs:465,930,626  asgs:(744,noefs=4,fails=386)  fails:5,548,370  wrgs:9,225,129  wck:675.4  ngds:36,847  sols:1  bounds:2..27
    run2,626  dpts:2..17  robin:WdegOnDom-First  effs:465,962,612  asgs:(751,noefs=1,fails=405)  fails:5,548,775  wrgs:9,225,793  wck:675.5  ngds:36,867  sols:1  bounds:2..27
    run2,627  dpts:2..15  robin:FrbaOnDom-Last  effs:466,005,617  asgs:(769,noefs=1,fails=425)  fails:5,549,200  wrgs:9,226,473  wck:675.5  ngds:36,874  sols:1  bounds:2..27
    run2,628  dpts:2..12  robin:Wdeg-Rand  effs:466,053,739  asgs:(813,noefs=0,fails=446)  fails:5,549,646  wrgs:9,227,190  wck:675.6  ngds:36,885  sols:1  bounds:2..27
    run2,629  dpts:7..15  robin:PickOnDom-First  effs:466,074,176  asgs:(1015,noefs=3,fails=469)  fails:5,550,115  wrgs:9,228,046  wck:675.6  ngds:36,894  sols:1  bounds:2..27
    run2,630  dpts:6..16  robin:WdegOnDom-Last  effs:466,112,360  asgs:(932,noefs=0,fails=492)  fails:5,550,607  wrgs:9,228,879  wck:675.7  ngds:36,913  sols:1  bounds:2..27
    run2,631  dpts:2..14  robin:FrbaOnDom-Rand  effs:466,153,354  asgs:(904,noefs=1,fails=517)  fails:5,551,124  wrgs:9,229,671  wck:675.8  ngds:36,932  sols:1  bounds:2..27
    run2,632  dpts:0..12  robin:Wdeg-First  effs:466,188,328  asgs:(915,noefs=0,fails=543)  fails:5,551,667  wrgs:9,230,525  wck:675.9  ngds:36,945  sols:1  bounds:2..27
    run2,633  dpts:5..15  robin:PickOnDom-Last  effs:466,220,614  asgs:(1063,noefs=1,fails=570)  fails:5,552,237  wrgs:9,231,419  wck:675.9  ngds:36,956  sols:1  bounds:2..27
    run2,634  dpts:4..17  robin:WdegOnDom-Rand  effs:466,280,995  asgs:(1115,noefs=2,fails=598)  fails:5,552,835  wrgs:9,232,392  wck:676.0  ngds:36,964  sols:1  bounds:2..27
    run2,635  dpts:0..14  robin:FrbaOnDom-First  effs:466,335,142  asgs:(1080,noefs=1,fails=628)  fails:5,553,463  wrgs:9,233,358  wck:676.1  ngds:36,976  sols:1  bounds:2..27
    run2,636  dpts:1..10  robin:Wdeg-Last  effs:466,391,492  asgs:(1059,noefs=0,fails=660)  fails:5,554,123  wrgs:9,234,369  wck:676.3  ngds:36,992  sols:1  bounds:2..27
    run2,637  dpts:3..12  robin:PickOnDom-Rand  effs:466,457,535  asgs:(1267,noefs=0,fails=693)  fails:5,554,816  wrgs:9,235,491  wck:676.4  ngds:37,000  sols:1  bounds:2..27
    run2,638  dpts:4..17  robin:WdegOnDom-First  effs:466,515,456  asgs:(1428,noefs=0,fails=728)  fails:5,555,544  wrgs:9,236,746  wck:676.5  ngds:37,020  sols:1  bounds:2..27
    run2,639  dpts:0..45  robin:FrbaOnDom-Last  effs:466,580,091  asgs:(1431,noefs=21,fails=764)  fails:5,556,308  wrgs:9,237,969  wck:676.6  ngds:37,023  sols:1  bounds:2..27
    run2,640  dpts:3..10  robin:Wdeg-Rand  effs:466,659,537  asgs:(1236,noefs=0,fails=802)  fails:5,557,110  wrgs:9,239,117  wck:676.8  ngds:37,026  sols:1  bounds:2..27
 ...Discarding 8 singleton variables
 ...resetting heuristics data (nValues:1,545 - nSingletons:246 - nEntailed:95)
    run2,641  dpts:10..24  robin:PickOnDom-First  effs:466,715,387  asgs:(1743,noefs=55,fails=842)  fails:5,557,952  wrgs:9,240,664  wck:676.9  ngds:37,043  sols:1  bounds:2..27
    run2,642  dpts:11..21  robin:WdegOnDom-Last  effs:466,776,455  asgs:(1718,noefs=1,fails=884)  fails:5,558,836  wrgs:9,242,136  wck:677.0  ngds:37,063  sols:1  bounds:2..27
    run2,643  dpts:13..91  robin:FrbaOnDom-Rand  effs:466,863,188  asgs:(2090,noefs=260,fails=929)  fails:5,559,765  wrgs:9,243,826  wck:677.1  ngds:37,079  sols:1  bounds:2..27
    run2,644  dpts:13..23  robin:Wdeg-First  effs:466,914,499  asgs:(1756,noefs=2,fails=975)  fails:5,560,740  wrgs:9,245,387  wck:677.2  ngds:37,093  sols:1  bounds:2..27
    run2,645  dpts:3..17  robin:PickOnDom-Last  effs:467,006,929  asgs:(2166,noefs=29,fails=1024)  fails:5,561,764  wrgs:9,247,265  wck:677.4  ngds:37,101  sols:1  bounds:2..27
    run2,646  dpts:3..18  robin:WdegOnDom-Rand  effs:467,113,541  asgs:(2144,noefs=3,fails=1075)  fails:5,562,839  wrgs:9,249,098  wck:677.6  ngds:37,111  sols:1  bounds:2..27
    run2,647  dpts:2..74  robin:FrbaOnDom-First  effs:467,227,388  asgs:(2256,noefs=91,fails=1129)  fails:5,563,968  wrgs:9,251,090  wck:677.8  ngds:37,125  sols:1  bounds:2..27
    run2,648  dpts:2..14  robin:Wdeg-Last  effs:467,340,545  asgs:(2282,noefs=0,fails=1185)  fails:5,565,153  wrgs:9,253,227  wck:678.0  ngds:37,144  sols:1  bounds:2..27
    run2,649  dpts:8..20  robin:PickOnDom-Rand  effs:467,444,624  asgs:(2563,noefs=34,fails=1245)  fails:5,566,398  wrgs:9,255,340  wck:678.2  ngds:37,159  sols:1  bounds:2..27
    run2,650  dpts:3..14  robin:WdegOnDom-First  effs:467,546,297  asgs:(2411,noefs=0,fails=1307)  fails:5,567,705  wrgs:9,257,417  wck:678.4  ngds:37,181  sols:1  bounds:2..27
    run2,651  dpts:12..35  robin:FrbaOnDom-Last  effs:467,669,016  asgs:(2837,noefs=23,fails=1372)  fails:5,569,077  wrgs:9,259,860  wck:678.6  ngds:37,195  sols:1  bounds:2..27
    run2,652  dpts:1..13  robin:Wdeg-Rand  effs:467,812,493  asgs:(2422,noefs=1,fails=1441)  fails:5,570,518  wrgs:9,262,070  wck:678.9  ngds:37,216  sols:1  bounds:2..27
    run2,653  dpts:1..14  robin:PickOnDom-First  effs:467,957,586  asgs:(2972,noefs=26,fails=1513)  fails:5,572,031  wrgs:9,264,683  wck:679.1  ngds:37,226  sols:1  bounds:2..27
    run2,654  dpts:3..16  robin:WdegOnDom-Last  effs:468,110,297  asgs:(3074,noefs=0,fails=1589)  fails:5,573,620  wrgs:9,267,520  wck:679.4  ngds:37,238  sols:1  bounds:2..27
    run2,655  dpts:1..23  robin:FrbaOnDom-Rand  effs:468,261,349  asgs:(3193,noefs=11,fails=1668)  fails:5,575,288  wrgs:9,270,241  wck:679.7  ngds:37,246  sols:1  bounds:2..27
    run2,656  dpts:1..12  robin:Wdeg-First  effs:468,364,516  asgs:(3075,noefs=0,fails=1752)  fails:5,577,040  wrgs:9,273,004  wck:679.9  ngds:37,267  sols:1  bounds:2..27
    run2,657  dpts:0..16  robin:PickOnDom-Last  effs:468,522,878  asgs:(3889,noefs=36,fails=1839)  fails:5,578,879  wrgs:9,276,397  wck:680.2  ngds:37,278  sols:1  bounds:2..27
    run2,658  dpts:3..21  robin:WdegOnDom-Rand  effs:468,691,816  asgs:(3518,noefs=15,fails=1931)  fails:5,580,810  wrgs:9,279,463  wck:680.5  ngds:37,292  sols:1  bounds:2..27
    run2,659  dpts:70..116  robin:FrbaOnDom-First  effs:468,877,715  asgs:(3965,noefs=118,fails=2028)  fails:5,582,838  wrgs:9,282,887  wck:680.9  ngds:37,321  sols:1  bounds:2..27
    run2,660  dpts:2..12  robin:Wdeg-Last  effs:469,064,005  asgs:(3816,noefs=0,fails=2129)  fails:5,584,967  wrgs:9,286,569  wck:681.2  ngds:37,341  sols:1  bounds:2..27
 ...Discarding 7 singleton variables
    run2,661  dpts:4..17  robin:PickOnDom-Rand  effs:469,216,848  asgs:(4484,noefs=82,fails=2236)  fails:5,587,203  wrgs:9,290,403  wck:681.5  ngds:37,356  sols:1  bounds:2..27
    run2,662  dpts:10..20  robin:WdegOnDom-First  effs:469,343,648  asgs:(4809,noefs=0,fails=2347)  fails:5,589,550  wrgs:9,294,631  wck:681.7  ngds:37,370  sols:1  bounds:2..27
    run2,663  dpts:2..76  robin:FrbaOnDom-Last  effs:469,586,926  asgs:(4746,noefs=68,fails=2465)  fails:5,592,015  wrgs:9,298,845  wck:682.1  ngds:37,393  sols:1  bounds:2..27
    run2,664  dpts:2..12  robin:Wdeg-Rand  effs:469,848,489  asgs:(4695,noefs=2,fails=2588)  fails:5,594,603  wrgs:9,303,053  wck:682.6  ngds:37,418  sols:1  bounds:2..27
    run2,665  dpts:3..17  robin:PickOnDom-First  effs:470,037,164  asgs:(5502,noefs=22,fails=2718)  fails:5,597,321  wrgs:9,307,959  wck:682.9  ngds:37,436  sols:1  bounds:2..27
    run2,666  dpts:5..17  robin:WdegOnDom-Last  effs:470,241,666  asgs:(5570,noefs=2,fails=2853)  fails:5,600,174  wrgs:9,312,807  wck:683.2  ngds:37,462  sols:1  bounds:2..27
    run2,667  dpts:2..216  robin:FrbaOnDom-Rand  effs:470,580,468  asgs:(5634,noefs=208,fails=2996)  fails:5,603,170  wrgs:9,317,764  wck:683.9  ngds:37,483  sols:1  bounds:2..27
    run2,668  dpts:3..12  robin:Wdeg-First  effs:470,810,036  asgs:(4832,noefs=1,fails=3146)  fails:5,606,316  wrgs:9,322,238  wck:684.3  ngds:37,521  sols:1  bounds:2..27
    run2,669  dpts:3..15  robin:PickOnDom-Last  effs:471,085,072  asgs:(6689,noefs=5,fails=3303)  fails:5,609,619  wrgs:9,327,967  wck:684.8  ngds:37,529  sols:1  bounds:2..27
    run2,670  dpts:2..16  robin:WdegOnDom-Rand  effs:471,458,815  asgs:(6391,noefs=1,fails=3468)  fails:5,613,087  wrgs:9,333,538  wck:685.4  ngds:37,549  sols:1  bounds:2..27
 ...resetting heuristics data (nValues:1,532 - nSingletons:253 - nEntailed:99)
    run2,671  dpts:2..70  robin:FrbaOnDom-First  effs:471,742,656  asgs:(7077,noefs=240,fails=3642)  fails:5,616,729  wrgs:9,339,672  wck:685.9  ngds:37,567  sols:1  bounds:2..27
    run2,672  dpts:11..20  robin:Wdeg-Last  effs:471,973,248  asgs:(6850,noefs=3,fails=3824)  fails:5,620,553  wrgs:9,345,942  wck:686.3  ngds:37,593  sols:1  bounds:2..27
    run2,673  dpts:11..23  robin:PickOnDom-Rand  effs:472,315,692  asgs:(7922,noefs=5,fails=4015)  fails:5,624,568  wrgs:9,352,705  wck:686.8  ngds:37,611  sols:1  bounds:2..27
    run2,674  dpts:13..25  robin:WdegOnDom-First  effs:472,567,006  asgs:(8268,noefs=1,fails=4216)  fails:5,628,784  wrgs:9,359,904  wck:687.3  ngds:37,638  sols:1  bounds:2..27
    run2,675  dpts:136..181  robin:FrbaOnDom-Last  effs:472,979,730  asgs:(9202,noefs=205,fails=4427)  fails:5,633,211  wrgs:9,368,013  wck:688.0  ngds:37,661  sols:1  bounds:2..27
    run2,676  dpts:2..13  robin:Wdeg-Rand  effs:473,406,845  asgs:(8517,noefs=1,fails=4648)  fails:5,637,859  wrgs:9,375,537  wck:688.9  ngds:37,683  sols:1  bounds:2..27
    run2,677  dpts:1..19  robin:PickOnDom-First  effs:473,798,533  asgs:(9573,noefs=30,fails=4881)  fails:5,642,740  wrgs:9,383,802  wck:689.5  ngds:37,714  sols:1  bounds:2..27
    run2,678  dpts:2..15  robin:WdegOnDom-Last  effs:474,171,308  asgs:(10194,noefs=1,fails=5125)  fails:5,647,865  wrgs:9,392,688  wck:690.2  ngds:37,731  sols:1  bounds:2..27
    run2,679  dpts:19..44  robin:FrbaOnDom-Rand  effs:474,635,421  asgs:(10092,noefs=87,fails=5381)  fails:5,653,246  wrgs:9,401,428  wck:691.0  ngds:37,762  sols:1  bounds:2..27
    run2,680  dpts:2..12  robin:Wdeg-First  effs:474,957,374  asgs:(9727,noefs=0,fails=5650)  fails:5,658,896  wrgs:9,410,302  wck:691.5  ngds:37,777  sols:1  bounds:2..27
    run2,681  dpts:0..14  robin:PickOnDom-Last  effs:475,398,610  asgs:(12291,noefs=25,fails=5933)  fails:5,664,829  wrgs:9,420,564  wck:692.3  ngds:37,796  sols:1  bounds:2..27
    run2,682  dpts:2..16  robin:WdegOnDom-Rand  effs:475,987,607  asgs:(11632,noefs=3,fails=6229)  fails:5,671,058  wrgs:9,430,694  wck:693.1  ngds:37,810  sols:1  bounds:2..27
    run2,683  dpts:4..52  robin:FrbaOnDom-First  effs:476,460,395  asgs:(12353,noefs=95,fails=6541)  fails:5,677,599  wrgs:9,441,917  wck:694.0  ngds:37,835  sols:1  bounds:2..27
    run2,684  dpts:2..13  robin:Wdeg-Last  effs:477,013,696  asgs:(11430,noefs=2,fails=6868)  fails:5,684,467  wrgs:9,452,876  wck:694.9  ngds:37,857  sols:1  bounds:2..27
    run2,685  dpts:1..15  robin:PickOnDom-Rand  effs:477,774,451  asgs:(14476,noefs=21,fails=7211)  fails:5,691,678  wrgs:9,465,168  wck:696.0  ngds:37,885  sols:1  bounds:2..27
    run2,686  dpts:4..16  robin:WdegOnDom-First  effs:478,192,603  asgs:(15523,noefs=0,fails=7572)  fails:5,699,250  wrgs:9,479,109  wck:696.7  ngds:37,904  sols:1  bounds:2..27
    run2,687  dpts:16..216  robin:FrbaOnDom-Last  effs:478,620,296  asgs:(14233,noefs=222,fails=7950)  fails:5,707,200  wrgs:9,491,805  wck:697.6  ngds:37,933  sols:1  bounds:2..27
    run2,688  dpts:2..14  robin:Wdeg-Rand  effs:479,355,993  asgs:(14163,noefs=2,fails=8348)  fails:5,715,548  wrgs:9,504,561  wck:699.0  ngds:37,955  sols:1  bounds:2..27
    run2,689  dpts:1..16  robin:PickOnDom-First  effs:479,882,048  asgs:(18870,noefs=119,fails=8765)  fails:5,724,313  wrgs:9,521,095  wck:699.9  ngds:37,970  sols:1  bounds:2..27
    run2,690  dpts:1..16  robin:WdegOnDom-Last  effs:480,729,484  asgs:(18022,noefs=0,fails=9204)  fails:5,733,517  wrgs:9,537,424  wck:701.2  ngds:37,978  sols:1  bounds:2..27
 ...Discarding 7 singleton variables
    run2,691  dpts:4..106  robin:FrbaOnDom-Rand  effs:481,663,648  asgs:(17626,noefs=113,fails=9664)  fails:5,743,181  wrgs:9,552,934  wck:702.8  ngds:37,997  sols:1  bounds:2..27
    run2,692  dpts:0..12  robin:Wdeg-First  effs:482,265,777  asgs:(17132,noefs=9,fails=10147)  fails:5,753,328  wrgs:9,568,607  wck:703.8  ngds:38,024  sols:1  bounds:2..27
    run2,693  dpts:2..16  robin:PickOnDom-Last  effs:483,248,591  asgs:(21780,noefs=53,fails=10655)  fails:5,763,983  wrgs:9,587,410  wck:705.6  ngds:38,056  sols:1  bounds:2..27
    run2,694  dpts:2..18  robin:WdegOnDom-Rand  effs:484,241,113  asgs:(21570,noefs=2,fails=11187)  fails:5,775,170  wrgs:9,606,024  wck:707.4  ngds:38,081  sols:1  bounds:2..27
    run2,695  dpts:2..20  robin:FrbaOnDom-First  effs:485,161,597  asgs:(22740,noefs=61,fails=11747)  fails:5,786,917  wrgs:9,626,609  wck:709.1  ngds:38,110  sols:1  bounds:2..27
    run2,696  dpts:1..15  robin:Wdeg-Last  effs:486,381,239  asgs:(23503,noefs=12,fails=12334)  fails:5,799,251  wrgs:9,649,065  wck:711.1  ngds:38,130  sols:1  bounds:2..27
    run2,697  dpts:1..17  robin:PickOnDom-Rand  effs:487,704,025  asgs:(27265,noefs=87,fails=12951)  fails:5,812,202  wrgs:9,672,104  wck:713.3  ngds:38,150  sols:1  bounds:2..27
    run2,698  dpts:1..14  robin:WdegOnDom-First  effs:488,455,154  asgs:(27827,noefs=1,fails=13598)  fails:5,825,800  wrgs:9,696,840  wck:714.7  ngds:38,185  sols:1  bounds:2..27
    run2,699  dpts:2..46  robin:FrbaOnDom-Last  effs:489,607,181  asgs:(26723,noefs=68,fails=14278)  fails:5,840,078  wrgs:9,720,471  wck:716.7  ngds:38,204  sols:1  bounds:2..27
    run2,700  dpts:1..14  robin:Wdeg-Rand  effs:491,001,308  asgs:(25624,noefs=3,fails=14992)  fails:5,855,070  wrgs:9,743,575  wck:719.0  ngds:38,236  sols:1  bounds:2..27
 ...resetting restart cutoff to 200
 ...Discarding 4 singleton variables
 ...resetting heuristics data (nValues:1,512 - nSingletons:264 - nEntailed:106)
    run2,701  dpts:17..25  robin:PickOnDom-First  effs:491,012,823  asgs:(386,noefs=4,fails=200)  fails:5,855,270  wrgs:9,743,906  wck:719.0  ngds:38,245  sols:1  bounds:2..27
    run2,702  dpts:12..21  robin:WdegOnDom-Last  effs:491,029,610  asgs:(416,noefs=0,fails=210)  fails:5,855,480  wrgs:9,744,260  wck:719.0  ngds:38,252  sols:1  bounds:2..27
    run2,703  dpts:1..26  robin:FrbaOnDom-Rand  effs:491,059,244  asgs:(501,noefs=42,fails=220)  fails:5,855,700  wrgs:9,744,646  wck:719.1  ngds:38,263  sols:1  bounds:2..27
    run2,704  dpts:16..24  robin:Wdeg-First  effs:491,072,901  asgs:(427,noefs=0,fails=231)  fails:5,855,931  wrgs:9,745,010  wck:719.1  ngds:38,271  sols:1  bounds:2..27
    run2,705  dpts:5..17  robin:PickOnDom-Last  effs:491,094,360  asgs:(504,noefs=9,fails=243)  fails:5,856,174  wrgs:9,745,466  wck:719.1  ngds:38,278  sols:1  bounds:2..27
    run2,706  dpts:1..16  robin:WdegOnDom-Rand  effs:491,115,822  asgs:(544,noefs=0,fails=255)  fails:5,856,429  wrgs:9,745,924  wck:719.2  ngds:38,289  sols:1  bounds:2..27
    run2,707  dpts:6..77  robin:FrbaOnDom-First  effs:491,140,429  asgs:(599,noefs=96,fails=268)  fails:5,856,697  wrgs:9,746,440  wck:719.2  ngds:38,294  sols:1  bounds:2..27
    run2,708  dpts:3..13  robin:Wdeg-Last  effs:491,169,311  asgs:(488,noefs=2,fails=281)  fails:5,856,978  wrgs:9,746,883  wck:719.3  ngds:38,304  sols:1  bounds:2..27
    run2,709  dpts:5..16  robin:PickOnDom-Rand  effs:491,189,963  asgs:(595,noefs=5,fails=295)  fails:5,857,273  wrgs:9,747,382  wck:719.3  ngds:38,323  sols:1  bounds:2..27
    run2,710  dpts:2..14  robin:WdegOnDom-First  effs:491,218,098  asgs:(549,noefs=0,fails=310)  fails:5,857,583  wrgs:9,747,840  wck:719.4  ngds:38,333  sols:1  bounds:2..27
    run2,711  dpts:19..135  robin:FrbaOnDom-Last  effs:491,247,362  asgs:(722,noefs=134,fails=325)  fails:5,857,908  wrgs:9,748,487  wck:719.5  ngds:38,342  sols:1  bounds:2..27
    run2,712  dpts:2..10  robin:Wdeg-Rand  effs:491,272,830  asgs:(540,noefs=0,fails=342)  fails:5,858,250  wrgs:9,748,980  wck:719.5  ngds:38,357  sols:1  bounds:2..27
    run2,713  dpts:3..13  robin:PickOnDom-First  effs:491,296,847  asgs:(715,noefs=3,fails=359)  fails:5,858,609  wrgs:9,749,564  wck:719.6  ngds:38,366  sols:1  bounds:2..27
    run2,714  dpts:5..16  robin:WdegOnDom-Last  effs:491,319,902  asgs:(706,noefs=0,fails=377)  fails:5,858,986  wrgs:9,750,174  wck:719.6  ngds:38,397  sols:1  bounds:2..27
    run2,715  dpts:111..132  robin:FrbaOnDom-Rand  effs:491,361,100  asgs:(858,noefs=123,fails=395)  fails:5,859,381  wrgs:9,750,826  wck:719.7  ngds:38,411  sols:1  bounds:2..27
    run2,716  dpts:2..10  robin:Wdeg-First  effs:491,390,006  asgs:(635,noefs=0,fails=415)  fails:5,859,796  wrgs:9,751,402  wck:719.7  ngds:38,437  sols:1  bounds:2..27
    run2,717  dpts:1..13  robin:PickOnDom-Last  effs:491,433,481  asgs:(904,noefs=9,fails=436)  fails:5,860,232  wrgs:9,752,191  wck:719.8  ngds:38,447  sols:1  bounds:2..27
    run2,718  dpts:7..17  robin:WdegOnDom-Rand  effs:491,462,322  asgs:(910,noefs=0,fails=458)  fails:5,860,690  wrgs:9,752,951  wck:719.9  ngds:38,457  sols:1  bounds:2..27
    run2,719  dpts:1..23  robin:FrbaOnDom-First  effs:491,517,829  asgs:(933,noefs=18,fails=481)  fails:5,861,171  wrgs:9,753,772  wck:720.0  ngds:38,465  sols:1  bounds:2..27
    run2,720  dpts:1..12  robin:Wdeg-Last  effs:491,566,840  asgs:(869,noefs=0,fails=505)  fails:5,861,676  wrgs:9,754,601  wck:720.1  ngds:38,473  sols:1  bounds:2..27
    run2,721  dpts:2..14  robin:PickOnDom-Rand  effs:491,620,524  asgs:(1084,noefs=7,fails=530)  fails:5,862,206  wrgs:9,755,536  wck:720.1  ngds:38,485  sols:1  bounds:2..27
    run2,722  dpts:1..12  robin:WdegOnDom-First  effs:491,656,312  asgs:(1028,noefs=0,fails=557)  fails:5,862,763  wrgs:9,756,459  wck:720.2  ngds:38,494  sols:1  bounds:2..27
    run2,723  dpts:10..43  robin:FrbaOnDom-Last  effs:491,701,275  asgs:(1119,noefs=16,fails=585)  fails:5,863,348  wrgs:9,757,377  wck:720.4  ngds:38,512  sols:1  bounds:2..27
    run2,724  dpts:1..12  robin:Wdeg-Rand  effs:491,766,236  asgs:(1061,noefs=0,fails=614)  fails:5,863,962  wrgs:9,758,333  wck:720.5  ngds:38,522  sols:1  bounds:2..27
    run2,725  dpts:6..15  robin:PickOnDom-First  effs:491,798,458  asgs:(1266,noefs=2,fails=645)  fails:5,864,607  wrgs:9,759,438  wck:720.5  ngds:38,532  sols:1  bounds:2..27
    run2,726  dpts:6..17  robin:WdegOnDom-Last  effs:491,850,852  asgs:(1370,noefs=0,fails=677)  fails:5,865,284  wrgs:9,760,629  wck:720.6  ngds:38,540  sols:1  bounds:2..27
    run2,727  dpts:1..16  robin:FrbaOnDom-Rand  effs:491,923,211  asgs:(1341,noefs=3,fails=711)  fails:5,865,995  wrgs:9,761,795  wck:720.7  ngds:38,554  sols:1  bounds:2..27
    run2,728  dpts:1..14  robin:Wdeg-First  effs:491,979,150  asgs:(1211,noefs=0,fails=746)  fails:5,866,741  wrgs:9,762,897  wck:720.8  ngds:38,568  sols:1  bounds:2..27
    run2,729  dpts:3..14  robin:PickOnDom-Last  effs:492,039,611  asgs:(1581,noefs=0,fails=784)  fails:5,867,525  wrgs:9,764,223  wck:720.9  ngds:38,576  sols:1  bounds:2..27
    run2,730  dpts:10..19  robin:WdegOnDom-Rand  effs:492,092,175  asgs:(1608,noefs=0,fails=823)  fails:5,868,348  wrgs:9,765,605  wck:721.0  ngds:38,585  sols:1  bounds:2..27
 ...resetting heuristics data (nValues:1,512 - nSingletons:264 - nEntailed:106)
    run2,731  dpts:2..47  robin:FrbaOnDom-First  effs:492,155,370  asgs:(1832,noefs=139,fails=864)  fails:5,869,212  wrgs:9,767,062  wck:721.1  ngds:38,605  sols:1  bounds:2..27
    run2,732  dpts:13..22  robin:Wdeg-Last  effs:492,210,479  asgs:(1584,noefs=0,fails=907)  fails:5,870,119  wrgs:9,768,505  wck:721.2  ngds:38,617  sols:1  bounds:2..27
    run2,733  dpts:11..26  robin:PickOnDom-Rand  effs:492,285,338  asgs:(1780,noefs=2,fails=952)  fails:5,871,071  wrgs:9,770,073  wck:721.3  ngds:38,620  sols:1  bounds:2..27
    run2,734  dpts:14..25  robin:WdegOnDom-First  effs:492,356,789  asgs:(1984,noefs=1,fails=1000)  fails:5,872,071  wrgs:9,771,813  wck:721.5  ngds:38,639  sols:1  bounds:2..27
    run2,735  dpts:4..83  robin:FrbaOnDom-Last  effs:492,465,551  asgs:(2266,noefs=190,fails=1050)  fails:5,873,121  wrgs:9,773,801  wck:721.7  ngds:38,653  sols:1  bounds:2..27
    run2,736  dpts:1..13  robin:Wdeg-Rand  effs:492,576,141  asgs:(2065,noefs=1,fails=1103)  fails:5,874,224  wrgs:9,775,639  wck:721.9  ngds:38,668  sols:1  bounds:2..27
    run2,737  dpts:1..14  robin:PickOnDom-First  effs:492,670,431  asgs:(2280,noefs=1,fails=1158)  fails:5,875,382  wrgs:9,777,613  wck:722.1  ngds:38,683  sols:1  bounds:2..27
    run2,738  dpts:3..15  robin:WdegOnDom-Last  effs:492,811,593  asgs:(2561,noefs=0,fails=1216)  fails:5,876,598  wrgs:9,779,868  wck:722.3  ngds:38,705  sols:1  bounds:2..27
    run2,739  dpts:63..75  robin:FrbaOnDom-Rand  effs:492,903,071  asgs:(2658,noefs=61,fails=1277)  fails:5,877,875  wrgs:9,782,086  wck:722.5  ngds:38,723  sols:1  bounds:2..27
    run2,740  dpts:3..13  robin:Wdeg-First  effs:492,998,530  asgs:(2363,noefs=0,fails=1340)  fails:5,879,215  wrgs:9,784,251  wck:722.7  ngds:38,737  sols:1  bounds:2..27
    run2,741  dpts:2..13  robin:PickOnDom-Last  effs:493,129,525  asgs:(2995,noefs=1,fails=1407)  fails:5,880,622  wrgs:9,786,854  wck:722.9  ngds:38,748  sols:1  bounds:2..27
    run2,742  dpts:5..19  robin:WdegOnDom-Rand  effs:493,250,165  asgs:(2759,noefs=1,fails=1478)  fails:5,882,100  wrgs:9,789,272  wck:723.2  ngds:38,762  sols:1  bounds:2..27
    run2,743  dpts:19..76  robin:FrbaOnDom-First  effs:493,396,908  asgs:(2959,noefs=78,fails=1552)  fails:5,883,652  wrgs:9,791,878  wck:723.5  ngds:38,787  sols:1  bounds:2..27
    run2,744  dpts:2..13  robin:Wdeg-Last  effs:493,516,113  asgs:(2791,noefs=0,fails=1629)  fails:5,885,281  wrgs:9,794,504  wck:723.7  ngds:38,813  sols:1  bounds:2..27
    run2,745  dpts:4..15  robin:PickOnDom-Rand  effs:493,636,900  asgs:(3332,noefs=34,fails=1711)  fails:5,886,992  wrgs:9,797,359  wck:723.8  ngds:38,822  sols:1  bounds:2..27
    run2,746  dpts:4..20  robin:WdegOnDom-First  effs:493,773,272  asgs:(3400,noefs=2,fails=1797)  fails:5,888,789  wrgs:9,800,272  wck:724.1  ngds:38,838  sols:1  bounds:2..27
    run2,747  dpts:3..22  robin:FrbaOnDom-Last  effs:493,947,721  asgs:(3602,noefs=19,fails=1886)  fails:5,890,675  wrgs:9,803,405  wck:724.4  ngds:38,855  sols:1  bounds:2..27
    run2,748  dpts:2..12  robin:Wdeg-Rand  effs:494,121,057  asgs:(3204,noefs=0,fails=1981)  fails:5,892,656  wrgs:9,806,336  wck:724.8  ngds:38,867  sols:1  bounds:2..27
    run2,749  dpts:1..16  robin:PickOnDom-First  effs:494,264,190  asgs:(4194,noefs=15,fails=2080)  fails:5,894,736  wrgs:9,810,155  wck:725.0  ngds:38,877  sols:1  bounds:2..27
    run2,750  dpts:2..18  robin:WdegOnDom-Last  effs:494,409,758  asgs:(4157,noefs=3,fails=2184)  fails:5,896,920  wrgs:9,813,892  wck:725.3  ngds:38,899  sols:1  bounds:2..27
    run2,751  dpts:3..89  robin:FrbaOnDom-Rand  effs:494,622,329  asgs:(4336,noefs=81,fails=2293)  fails:5,899,213  wrgs:9,817,732  wck:725.7  ngds:38,912  sols:1  bounds:2..27
    run2,752  dpts:1..13  robin:Wdeg-First  effs:494,810,540  asgs:(4019,noefs=2,fails=2408)  fails:5,901,621  wrgs:9,821,401  wck:726.0  ngds:38,940  sols:1  bounds:2..27
    run2,753  dpts:0..14  robin:PickOnDom-Last  effs:495,028,720  asgs:(5184,noefs=4,fails=2528)  fails:5,904,149  wrgs:9,825,931  wck:726.4  ngds:38,951  sols:1  bounds:2..27
    run2,754  dpts:7..20  robin:WdegOnDom-Rand  effs:495,232,282  asgs:(5135,noefs=0,fails=2654)  fails:5,906,803  wrgs:9,830,413  wck:726.8  ngds:38,965  sols:1  bounds:2..27
    run2,755  dpts:2..113  robin:FrbaOnDom-First  effs:495,425,674  asgs:(5192,noefs=104,fails=2787)  fails:5,909,590  wrgs:9,835,080  wck:727.1  ngds:38,997  sols:1  bounds:2..27
    run2,756  dpts:2..14  robin:Wdeg-Last  effs:495,672,076  asgs:(4991,noefs=0,fails=2927)  fails:5,912,517  wrgs:9,839,773  wck:727.5  ngds:39,014  sols:1  bounds:2..27
    run2,757  dpts:4..15  robin:PickOnDom-Rand  effs:495,880,977  asgs:(5832,noefs=18,fails=3073)  fails:5,915,590  wrgs:9,844,833  wck:727.8  ngds:39,022  sols:1  bounds:2..27
    run2,758  dpts:1..18  robin:WdegOnDom-First  effs:496,174,489  asgs:(6018,noefs=0,fails=3227)  fails:5,918,817  wrgs:9,850,017  wck:728.3  ngds:39,051  sols:1  bounds:2..27
    run2,759  dpts:2..77  robin:FrbaOnDom-Last  effs:496,453,255  asgs:(6438,noefs=74,fails=3388)  fails:5,922,205  wrgs:9,855,694  wck:728.8  ngds:39,059  sols:1  bounds:2..27
    run2,760  dpts:2..13  robin:Wdeg-Rand  effs:496,757,951  asgs:(5923,noefs=1,fails=3557)  fails:5,925,762  wrgs:9,861,068  wck:729.4  ngds:39,089  sols:1  bounds:2..27
 ...resetting heuristics data (nValues:1,511 - nSingletons:264 - nEntailed:106)
    run2,761  dpts:12..27  robin:PickOnDom-First  effs:496,957,693  asgs:(7031,noefs=72,fails=3735)  fails:5,929,497  wrgs:9,867,252  wck:729.8  ngds:39,099  sols:1  bounds:2..27
    run2,762  dpts:10..22  robin:WdegOnDom-Last  effs:497,227,362  asgs:(7751,noefs=2,fails=3922)  fails:5,933,419  wrgs:9,873,956  wck:730.2  ngds:39,105  sols:1  bounds:2..27
    run2,763  dpts:1..61  robin:FrbaOnDom-Rand  effs:497,643,200  asgs:(8380,noefs=254,fails=4118)  fails:5,937,537  wrgs:9,881,037  wck:730.8  ngds:39,127  sols:1  bounds:2..27
    run2,764  dpts:10..21  robin:Wdeg-First  effs:497,905,241  asgs:(7851,noefs=14,fails=4324)  fails:5,941,861  wrgs:9,888,111  wck:731.3  ngds:39,142  sols:1  bounds:2..27
    run2,765  dpts:1..17  robin:PickOnDom-Last  effs:498,279,117  asgs:(9819,noefs=77,fails=4540)  fails:5,946,401  wrgs:9,896,655  wck:732.0  ngds:39,157  sols:1  bounds:2..27
    run2,766  dpts:2..16  robin:WdegOnDom-Rand  effs:498,797,788  asgs:(9155,noefs=8,fails=4767)  fails:5,951,168  wrgs:9,904,538  wck:732.8  ngds:39,166  sols:1  bounds:2..27
    run2,767  dpts:3..117  robin:FrbaOnDom-First  effs:499,139,338  asgs:(9820,noefs=283,fails=5006)  fails:5,956,174  wrgs:9,913,272  wck:733.5  ngds:39,198  sols:1  bounds:2..27
    run2,768  dpts:2..12  robin:Wdeg-Last  effs:499,570,548  asgs:(8991,noefs=1,fails=5256)  fails:5,961,430  wrgs:9,921,849  wck:734.1  ngds:39,214  sols:1  bounds:2..27
    run2,769  dpts:1..18  robin:PickOnDom-Rand  effs:500,093,808  asgs:(11113,noefs=102,fails=5519)  fails:5,966,949  wrgs:9,931,211  wck:735.0  ngds:39,233  sols:1  bounds:2..27
    run2,770  dpts:2..18  robin:WdegOnDom-First  effs:500,511,002  asgs:(11108,noefs=1,fails=5795)  fails:5,972,744  wrgs:9,940,853  wck:735.7  ngds:39,247  sols:1  bounds:2..27
    run2,771  dpts:8..24  robin:FrbaOnDom-Last  effs:500,939,491  asgs:(10965,noefs=11,fails=6085)  fails:5,978,829  wrgs:9,950,540  wck:736.5  ngds:39,281  sols:1  bounds:2..27
    run2,772  dpts:1..11  robin:Wdeg-Rand  effs:501,449,756  asgs:(10646,noefs=1,fails=6389)  fails:5,985,218  wrgs:9,960,214  wck:737.2  ngds:39,296  sols:1  bounds:2..27
    run2,773  dpts:0..16  robin:PickOnDom-First  effs:501,907,714  asgs:(14498,noefs=339,fails=6709)  fails:5,991,927  wrgs:9,973,014  wck:738.1  ngds:39,327  sols:1  bounds:2..27
    run2,774  dpts:1..15  robin:WdegOnDom-Last  effs:502,485,893  asgs:(13035,noefs=2,fails=7044)  fails:5,998,971  wrgs:9,984,469  wck:739.3  ngds:39,351  sols:1  bounds:2..27
    run2,775  dpts:5..71  robin:FrbaOnDom-Rand  effs:503,146,424  asgs:(14016,noefs=114,fails=7396)  fails:6,006,367  wrgs:9,996,721  wck:740.4  ngds:39,384  sols:1  bounds:2..27
    run2,776  dpts:0..13  robin:Wdeg-First  effs:503,745,260  asgs:(12854,noefs=1,fails=7766)  fails:6,014,133  wrgs:10,008,614  wck:741.4  ngds:39,412  sols:1  bounds:2..27
    run2,777  dpts:0..15  robin:PickOnDom-Last  effs:504,321,683  asgs:(16321,noefs=62,fails=8154)  fails:6,022,287  wrgs:10,021,942  wck:742.4  ngds:39,422  sols:1  bounds:2..27
    run2,778  dpts:2..16  robin:WdegOnDom-Rand  effs:505,192,077  asgs:(15399,noefs=14,fails=8562)  fails:6,030,849  wrgs:10,035,485  wck:744.1  ngds:39,456  sols:1  bounds:2..27
    run2,779  dpts:2..88  robin:FrbaOnDom-First  effs:505,819,124  asgs:(17707,noefs=82,fails=8990)  fails:6,039,839  wrgs:10,051,434  wck:745.2  ngds:39,488  sols:1  bounds:2..27
    run2,780  dpts:1..14  robin:Wdeg-Last  effs:506,544,156  asgs:(16463,noefs=4,fails=9440)  fails:6,049,279  wrgs:10,066,943  wck:746.5  ngds:39,508  sols:1  bounds:2..27
 ...Discarding 38 singleton variables
    run2,781  dpts:3..16  robin:PickOnDom-Rand  effs:507,202,212  asgs:(20476,noefs=89,fails=9912)  fails:6,059,191  wrgs:10,084,377  wck:747.5  ngds:39,528  sols:1  bounds:2..27
    run2,782  dpts:3..17  robin:WdegOnDom-First  effs:507,838,859  asgs:(20721,noefs=5,fails=10407)  fails:6,069,598  wrgs:10,103,031  wck:748.6  ngds:39,555  sols:1  bounds:2..27
    run2,783  dpts:2..24  robin:FrbaOnDom-Last  effs:508,662,144  asgs:(20267,noefs=13,fails=10928)  fails:6,080,526  wrgs:10,120,758  wck:750.1  ngds:39,575  sols:1  bounds:2..27
    run2,784  dpts:1..14  robin:Wdeg-Rand  effs:509,525,249  asgs:(18953,noefs=4,fails=11474)  fails:6,092,000  wrgs:10,138,112  wck:751.6  ngds:39,600  sols:1  bounds:2..27
    run2,785  dpts:0..14  robin:PickOnDom-First  effs:510,366,299  asgs:(25124,noefs=57,fails=12048)  fails:6,104,048  wrgs:10,160,336  wck:753.1  ngds:39,614  sols:1  bounds:2..27
    run2,786  dpts:1..17  robin:WdegOnDom-Last  effs:511,194,873  asgs:(24566,noefs=1,fails=12650)  fails:6,116,698  wrgs:10,182,419  wck:754.5  ngds:39,634  sols:1  bounds:2..27
    run2,787  dpts:2..33  robin:FrbaOnDom-Rand  effs:512,379,448  asgs:(24229,noefs=64,fails=13283)  fails:6,129,981  wrgs:10,203,857  wck:756.6  ngds:39,657  sols:1  bounds:2..27
    run2,788  dpts:1..13  robin:Wdeg-First  effs:513,264,274  asgs:(23995,noefs=1,fails=13947)  fails:6,143,928  wrgs:10,226,026  wck:757.9  ngds:39,663  sols:1  bounds:2..27
    run2,789  dpts:0..15  robin:PickOnDom-Last  effs:514,534,776  asgs:(30442,noefs=79,fails=14644)  fails:6,158,572  wrgs:10,252,294  wck:760.2  ngds:39,680  sols:1  bounds:2..27
    run2,790  dpts:1..17  robin:WdegOnDom-Rand  effs:516,006,113  asgs:(28389,noefs=8,fails=15377)  fails:6,173,949  wrgs:10,277,065  wck:762.8  ngds:39,703  sols:1  bounds:2..27
 ...resetting restart cutoff to 205
 ...Discarding 37 singleton variables
 ...resetting heuristics data (nValues:1,380 - nSingletons:339 - nEntailed:145)
    run2,791  dpts:4..27  robin:FrbaOnDom-First  effs:516,018,230  asgs:(425,noefs=17,fails=205)  fails:6,174,154  wrgs:10,277,401  wck:762.8  ngds:39,723  sols:1  bounds:2..27
    run2,792  dpts:11..20  robin:Wdeg-Last  effs:516,030,874  asgs:(381,noefs=2,fails=215)  fails:6,174,369  wrgs:10,277,738  wck:762.8  ngds:39,742  sols:1  bounds:2..27
    run2,793  dpts:11..23  robin:PickOnDom-Rand  effs:516,043,016  asgs:(446,noefs=13,fails=226)  fails:6,174,595  wrgs:10,278,123  wck:762.8  ngds:39,751  sols:1  bounds:2..27
    run2,794  dpts:13..22  robin:WdegOnDom-First  effs:516,053,965  asgs:(454,noefs=2,fails=237)  fails:6,174,832  wrgs:10,278,527  wck:762.8  ngds:39,761  sols:1  bounds:2..27
    run2,795  dpts:7..62  robin:FrbaOnDom-Last  effs:516,076,918  asgs:(605,noefs=122,fails=249)  fails:6,175,081  wrgs:10,279,043  wck:762.9  ngds:39,773  sols:1  bounds:2..27
    run2,796  dpts:1..12  robin:Wdeg-Rand  effs:516,094,321  asgs:(449,noefs=0,fails=261)  fails:6,175,342  wrgs:10,279,449  wck:762.9  ngds:39,778  sols:1  bounds:2..27
    run2,797  dpts:1..15  robin:PickOnDom-First  effs:516,111,003  asgs:(533,noefs=17,fails=274)  fails:6,175,616  wrgs:10,279,916  wck:762.9  ngds:39,790  sols:1  bounds:2..27
    run2,798  dpts:6..16  robin:WdegOnDom-Last  effs:516,143,796  asgs:(548,noefs=7,fails=288)  fails:6,175,904  wrgs:10,280,434  wck:763.0  ngds:39,795  sols:1  bounds:2..27
    run2,799  dpts:4..151  robin:FrbaOnDom-Rand  effs:516,164,061  asgs:(678,noefs=135,fails=302)  fails:6,176,206  wrgs:10,280,909  wck:763.1  ngds:39,808  sols:1  bounds:2..27
    run2,800  dpts:1..12  robin:Wdeg-First  effs:516,185,591  asgs:(545,noefs=0,fails=318)  fails:6,176,524  wrgs:10,281,400  wck:763.1  ngds:39,824  sols:1  bounds:2..27
    run2,801  dpts:1..14  robin:PickOnDom-Last  effs:516,214,126  asgs:(716,noefs=8,fails=333)  fails:6,176,857  wrgs:10,282,028  wck:763.2  ngds:39,834  sols:1  bounds:2..27
    run2,802  dpts:6..16  robin:WdegOnDom-Rand  effs:516,243,455  asgs:(636,noefs=1,fails=350)  fails:6,177,207  wrgs:10,282,584  wck:763.2  ngds:39,846  sols:1  bounds:2..27
    run2,803  dpts:23..36  robin:FrbaOnDom-First  effs:516,270,286  asgs:(630,noefs=16,fails=368)  fails:6,177,575  wrgs:10,283,140  wck:763.3  ngds:39,849  sols:1  bounds:2..27
    run2,804  dpts:1..10  robin:Wdeg-Last  effs:516,299,440  asgs:(679,noefs=0,fails=386)  fails:6,177,961  wrgs:10,283,763  wck:763.3  ngds:39,863  sols:1  bounds:2..27
    run2,805  dpts:3..13  robin:PickOnDom-Rand  effs:516,329,049  asgs:(743,noefs=0,fails=405)  fails:6,178,366  wrgs:10,284,427  wck:763.4  ngds:39,867  sols:1  bounds:2..27
    run2,806  dpts:0..13  robin:WdegOnDom-First  effs:516,356,786  asgs:(819,noefs=0,fails=426)  fails:6,178,792  wrgs:10,285,131  wck:763.4  ngds:39,888  sols:1  bounds:2..27
    run2,807  dpts:7..19  robin:FrbaOnDom-Last  effs:516,389,409  asgs:(810,noefs=7,fails=447)  fails:6,179,239  wrgs:10,285,850  wck:763.5  ngds:39,906  sols:1  bounds:2..27
    run2,808  dpts:2..10  robin:Wdeg-Rand  effs:516,423,508  asgs:(787,noefs=0,fails=469)  fails:6,179,708  wrgs:10,286,576  wck:763.6  ngds:39,917  sols:1  bounds:2..27
    run2,809  dpts:1..14  robin:PickOnDom-First  effs:516,464,273  asgs:(956,noefs=0,fails=493)  fails:6,180,201  wrgs:10,287,424  wck:763.7  ngds:39,926  sols:1  bounds:2..27
    run2,810  dpts:4..17  robin:WdegOnDom-Last  effs:516,509,181  asgs:(987,noefs=2,fails=518)  fails:6,180,719  wrgs:10,288,307  wck:763.7  ngds:39,938  sols:1  bounds:2..27
 ...Discarding 3 singleton variables
    run2,811  dpts:2..18  robin:FrbaOnDom-Rand  effs:516,553,200  asgs:(1018,noefs=5,fails=543)  fails:6,181,262  wrgs:10,289,193  wck:763.8  ngds:39,950  sols:1  bounds:2..27
    run2,812  dpts:2..12  robin:Wdeg-First  effs:516,586,919  asgs:(839,noefs=0,fails=571)  fails:6,181,833  wrgs:10,289,980  wck:763.9  ngds:39,969  sols:1  bounds:2..27
    run2,813  dpts:3..13  robin:PickOnDom-Last  effs:516,636,927  asgs:(1196,noefs=5,fails=599)  fails:6,182,432  wrgs:10,291,000  wck:764.0  ngds:39,979  sols:1  bounds:2..27
    run2,814  dpts:6..18  robin:WdegOnDom-Rand  effs:516,683,362  asgs:(1247,noefs=0,fails=629)  fails:6,183,061  wrgs:10,292,062  wck:764.1  ngds:39,994  sols:1  bounds:2..27
    run2,815  dpts:2..19  robin:FrbaOnDom-First  effs:516,719,951  asgs:(1209,noefs=6,fails=661)  fails:6,183,722  wrgs:10,293,157  wck:764.1  ngds:40,013  sols:1  bounds:2..27
    run2,816  dpts:3..12  robin:Wdeg-Last  effs:516,780,661  asgs:(1102,noefs=0,fails=694)  fails:6,184,416  wrgs:10,294,182  wck:764.3  ngds:40,032  sols:1  bounds:2..27
    run2,817  dpts:2..15  robin:PickOnDom-Rand  effs:516,829,130  asgs:(1341,noefs=1,fails=728)  fails:6,185,144  wrgs:10,295,369  wck:764.4  ngds:40,042  sols:1  bounds:2..27
    run2,818  dpts:4..15  robin:WdegOnDom-First  effs:516,871,904  asgs:(1495,noefs=0,fails=765)  fails:6,185,909  wrgs:10,296,695  wck:764.4  ngds:40,048  sols:1  bounds:2..27
    run2,819  dpts:1..17  robin:FrbaOnDom-Last  effs:516,928,379  asgs:(1462,noefs=4,fails=803)  fails:6,186,712  wrgs:10,298,001  wck:764.5  ngds:40,067  sols:1  bounds:2..27
    run2,820  dpts:1..10  robin:Wdeg-Rand  effs:516,992,029  asgs:(1337,noefs=0,fails=843)  fails:6,187,555  wrgs:10,299,259  wck:764.6  ngds:40,082  sols:1  bounds:2..27
 ...resetting heuristics data (nValues:1,375 - nSingletons:342 - nEntailed:148)
    run2,821  dpts:10..24  robin:PickOnDom-First  effs:517,036,204  asgs:(1587,noefs=10,fails=885)  fails:6,188,440  wrgs:10,300,621  wck:764.7  ngds:40,098  sols:1  bounds:2..27
    run2,822  dpts:11..22  robin:WdegOnDom-Last  effs:517,103,045  asgs:(1853,noefs=3,fails=930)  fails:6,189,370  wrgs:10,302,219  wck:764.8  ngds:40,110  sols:1  bounds:2..27
    run2,823  dpts:0..43  robin:FrbaOnDom-Rand  effs:517,182,132  asgs:(1943,noefs=124,fails=976)  fails:6,190,346  wrgs:10,303,831  wck:765.0  ngds:40,122  sols:1  bounds:2..27
    run2,824  dpts:12..23  robin:Wdeg-First  effs:517,230,192  asgs:(1710,noefs=2,fails=1025)  fails:6,191,371  wrgs:10,305,411  wck:765.0  ngds:40,149  sols:1  bounds:2..27
    run2,825  dpts:3..18  robin:PickOnDom-Last  effs:517,304,087  asgs:(2326,noefs=40,fails=1076)  fails:6,192,447  wrgs:10,307,420  wck:765.2  ngds:40,154  sols:1  bounds:2..27
    run2,826  dpts:2..16  robin:WdegOnDom-Rand  effs:517,411,285  asgs:(2139,noefs=8,fails=1130)  fails:6,193,577  wrgs:10,309,283  wck:765.4  ngds:40,167  sols:1  bounds:2..27
    run2,827  dpts:2..28  robin:FrbaOnDom-First  effs:517,491,037  asgs:(2264,noefs=61,fails=1187)  fails:6,194,764  wrgs:10,311,274  wck:765.5  ngds:40,200  sols:1  bounds:2..27
    run2,828  dpts:1..12  robin:Wdeg-Last  effs:517,610,242  asgs:(2126,noefs=0,fails=1246)  fails:6,196,010  wrgs:10,313,254  wck:765.7  ngds:40,220  sols:1  bounds:2..27
    run2,829  dpts:3..19  robin:PickOnDom-Rand  effs:517,713,463  asgs:(2546,noefs=10,fails=1309)  fails:6,197,319  wrgs:10,315,443  wck:765.9  ngds:40,224  sols:1  bounds:2..27
    run2,830  dpts:3..17  robin:WdegOnDom-First  effs:517,786,589  asgs:(2606,noefs=1,fails=1374)  fails:6,198,693  wrgs:10,317,785  wck:766.0  ngds:40,244  sols:1  bounds:2..27
 ...Discarding 1 singleton variables
    run2,831  dpts:0..76  robin:FrbaOnDom-Last  effs:517,945,888  asgs:(2913,noefs=122,fails=1443)  fails:6,200,136  wrgs:10,320,409  wck:766.3  ngds:40,250  sols:1  bounds:2..27
    run2,832  dpts:2..13  robin:Wdeg-Rand  effs:518,076,385  asgs:(2528,noefs=0,fails=1515)  fails:6,201,651  wrgs:10,322,710  wck:766.5  ngds:40,260  sols:1  bounds:2..27
    run2,833  dpts:1..12  robin:PickOnDom-First  effs:518,166,831  asgs:(3062,noefs=2,fails=1591)  fails:6,203,242  wrgs:10,325,379  wck:766.7  ngds:40,279  sols:1  bounds:2..27
    run2,834  dpts:2..15  robin:WdegOnDom-Last  effs:518,332,244  asgs:(3078,noefs=4,fails=1670)  fails:6,204,912  wrgs:10,328,181  wck:767.0  ngds:40,295  sols:1  bounds:2..27
    run2,835  dpts:11..37  robin:FrbaOnDom-Rand  effs:518,495,436  asgs:(3165,noefs=28,fails=1754)  fails:6,206,666  wrgs:10,331,003  wck:767.3  ngds:40,309  sols:1  bounds:2..27
    run2,836  dpts:2..13  robin:Wdeg-First  effs:518,649,563  asgs:(3126,noefs=3,fails=1841)  fails:6,208,507  wrgs:10,333,900  wck:767.6  ngds:40,338  sols:1  bounds:2..27
    run2,837  dpts:3..17  robin:PickOnDom-Last  effs:518,826,702  asgs:(4251,noefs=24,fails=1934)  fails:6,210,441  wrgs:10,337,528  wck:767.8  ngds:40,351  sols:1  bounds:2..27
    run2,838  dpts:3..15  robin:WdegOnDom-Rand  effs:519,042,958  asgs:(3690,noefs=2,fails=2030)  fails:6,212,471  wrgs:10,340,775  wck:768.3  ngds:40,371  sols:1  bounds:2..27
    run2,839  dpts:1..18  robin:FrbaOnDom-First  effs:519,183,615  asgs:(3949,noefs=54,fails=2132)  fails:6,214,603  wrgs:10,344,378  wck:768.6  ngds:40,393  sols:1  bounds:2..27
    run2,840  dpts:0..12  robin:Wdeg-Last  effs:519,428,792  asgs:(4256,noefs=2,fails=2238)  fails:6,216,841  wrgs:10,348,352  wck:768.9  ngds:40,418  sols:1  bounds:2..27
 ...Discarding 1 singleton variables
    run2,841  dpts:2..15  robin:PickOnDom-Rand  effs:519,678,266  asgs:(4728,noefs=27,fails=2350)  fails:6,219,191  wrgs:10,352,378  wck:769.3  ngds:40,426  sols:1  bounds:2..27
    run2,842  dpts:1..14  robin:WdegOnDom-First  effs:519,874,725  asgs:(4849,noefs=4,fails=2468)  fails:6,221,659  wrgs:10,356,662  wck:769.7  ngds:40,465  sols:1  bounds:2..27
    run2,843  dpts:3..20  robin:FrbaOnDom-Last  effs:520,100,200  asgs:(4900,noefs=7,fails=2591)  fails:6,224,250  wrgs:10,360,991  wck:770.1  ngds:40,485  sols:1  bounds:2..27
    run2,844  dpts:2..12  robin:Wdeg-Rand  effs:520,364,597  asgs:(4367,noefs=0,fails=2721)  fails:6,226,971  wrgs:10,364,988  wck:770.5  ngds:40,498  sols:1  bounds:2..27
    run2,845  dpts:1..16  robin:PickOnDom-First  effs:520,522,683  asgs:(5514,noefs=1,fails=2857)  fails:6,229,828  wrgs:10,369,872  wck:770.8  ngds:40,521  sols:1  bounds:2..27
    run2,846  dpts:2..17  robin:WdegOnDom-Last  effs:520,746,572  asgs:(5438,noefs=0,fails=3000)  fails:6,232,828  wrgs:10,374,652  wck:771.2  ngds:40,539  sols:1  bounds:2..27
    run2,847  dpts:0..24  robin:FrbaOnDom-Rand  effs:521,007,125  asgs:(5747,noefs=12,fails=3150)  fails:6,235,978  wrgs:10,379,658  wck:771.7  ngds:40,554  sols:1  bounds:2..27
    run2,848  dpts:0..13  robin:Wdeg-First  effs:521,216,672  asgs:(5770,noefs=0,fails=3307)  fails:6,239,285  wrgs:10,384,776  wck:772.0  ngds:40,577  sols:1  bounds:2..27
    run2,849  dpts:1..16  robin:PickOnDom-Last  effs:521,598,484  asgs:(7266,noefs=11,fails=3473)  fails:6,242,758  wrgs:10,391,162  wck:772.6  ngds:40,590  sols:1  bounds:2..27
    run2,850  dpts:2..16  robin:WdegOnDom-Rand  effs:521,990,271  asgs:(6845,noefs=10,fails=3646)  fails:6,246,404  wrgs:10,397,114  wck:773.3  ngds:40,609  sols:1  bounds:2..27
 ...Discarding 15 singleton variables
 ...resetting heuristics data (nValues:1,348 - nSingletons:359 - nEntailed:152)
    run2,851  dpts:1..67  robin:FrbaOnDom-First  effs:522,211,939  asgs:(7740,noefs=256,fails=3829)  fails:6,250,233  wrgs:10,403,470  wck:773.7  ngds:40,637  sols:1  bounds:2..27
    run2,852  dpts:3..20  robin:Wdeg-Last  effs:522,502,144  asgs:(6820,noefs=1,fails=4020)  fails:6,254,253  wrgs:10,409,769  wck:774.2  ngds:40,646  sols:1  bounds:2..27
    run2,853  dpts:1..18  robin:PickOnDom-Rand  effs:522,855,513  asgs:(8130,noefs=85,fails=4221)  fails:6,258,474  wrgs:10,416,762  wck:774.8  ngds:40,651  sols:1  bounds:2..27
    run2,854  dpts:5..22  robin:WdegOnDom-First  effs:523,146,407  asgs:(8586,noefs=3,fails=4432)  fails:6,262,906  wrgs:10,424,230  wck:775.3  ngds:40,679  sols:1  bounds:2..27
    run2,855  dpts:0..81  robin:FrbaOnDom-Last  effs:523,533,056  asgs:(8726,noefs=136,fails=4654)  fails:6,267,560  wrgs:10,432,075  wck:776.0  ngds:40,699  sols:1  bounds:2..27
    run2,856  dpts:0..13  robin:Wdeg-Rand  effs:524,065,916  asgs:(8416,noefs=3,fails=4887)  fails:6,272,447  wrgs:10,439,695  wck:776.8  ngds:40,704  sols:1  bounds:2..27
    run2,857  dpts:0..13  robin:PickOnDom-First  effs:524,247,135  asgs:(4271,noefs=26,fails=2235)  fails:6,274,682  wrgs:10,443,505  wck:777.1  ngds:40,704  sols:1  bounds:28..27

  global
    effs:524,247,135  noefs:105,895  ngds:40,704
    stop:FULL_EXPLORATION  wrgs:10,443,505  bound:28  boundWck:0.41  sols:1  sol1Cpu:0.794
    wck:777.5  cpu:775.317  mem:419M430


  Solution 1 in JSON-like format:
   {
    t: [0, 1, 2, 3, 4, 5, 7, 7, 9, 8, 10, 11, 9, 12, 12, 13, 14, 15, 16, 17, 18, 16, 19, 20, 19, 21, 23, 21, 22, 23, 24, 25, 26, 27],
    r: [1, 1, 1, 1, 1, 1, 1, 1, 1, 1, 1, 1, 1, 1, 1, 1, 1, 1, 1, 1, 1, 1, 1, 1, 1, 1, 1, 1, 1, 1, 1, 1, 1, 1]
   }

s OPTIMUM FOUND

v  <instantiation id='sol1' type='solution' cost='28'> <list> t[] r[] </list> <values> 0 1 2 3 4 5 7 7 9 8 10 11 9 12 12 13 14 15 16 17 18 16 19 20 19 21 23 21 22 23 24 25 26 27   1x34 </values> </instantiation>

d BOUND  28  (1 sols)

d WRONG DECISIONS  10,443,505  (13438.35 wrg/s)

d WCK SOL 1  0.41 (28)
d WCK SOL-1  0.41 (28)
d CPU        775.325

d COMPLETE EXPLORATION
