
ACE v2.6 

  instance
    name:PseudoB-BeauxArts-K68_c22
    args:/work/17416277_886/PseudoB-BeauxArts-K68_c22.xml -rr=true -rlog=false -npc=true

 ...Parsing /work/17416277_886/PseudoB-BeauxArts-K68_c22.xml

 ...Loading variables

 ...Loading constraints

  domains
    types:1  values:7,480  sizes:[2:3740]
  variables
    count:3,740  arrays:[x:3740]  degrees:[3:1,4:128,5:558,6:1990,7:599,8:332,9:132]
  constraints
    count:3,878  specific:3,878  groups:7  arities:[1:2,2:670,3:1943,4:603,5:335,6:134,55:136,68:55]
    unary:[Extension1:2]
    non_unary:[SumSimpleGE:123,SumSimpleLE:68,SumWeightedGE:3685]
    wck:0.64  cpu:1.046  mem:402M653

 ...Building solver

  solver
    decoder:Decoder1
    wck:0.73  cpu:1.121  mem:477M762

  preprocessing
    effs:296  entailed:412  values:7,025  removedByAC:455  singletons:455  unsat:false
    wck:0.009  cpu:1.132  mem:477M762

  search
 ...Discarding 455 singleton variables
    run1  dpts:422..426  robin:PickOnDom-First  effs:2,217  asgs:(434,noefs=331,fails=5)  fails:5  wrgs:8  wck:0.06  ngds:2
    run2  dpts:0..8  robin:WdegOnDom-Last  effs:2,241  asgs:(13,noefs=0,fails=5)  fails:10  wrgs:13  wck:0.06  ngds:6
    run3  dpts:0..21  robin:FrbaOnDom-Rand  effs:3,625  asgs:(26,noefs=10,fails=5)  fails:15  wrgs:18  wck:0.07  ngds:10
    run4  dpts:419..425  robin:Wdeg-First  effs:5,743  asgs:(432,noefs=329,fails=5)  fails:20  wrgs:28  wck:0.12  ngds:11
    run5  dpts:3..11  robin:PickOnDom-Last  effs:6,285  asgs:(17,noefs=0,fails=6)  fails:26  wrgs:34  wck:0.12  ngds:17
    run6  dpts:6..21  robin:WdegOnDom-Rand  effs:6,968  asgs:(27,noefs=6,fails=6)  fails:32  wrgs:40  wck:0.12  ngds:23
    run7  dpts:289..350  robin:FrbaOnDom-First  effs:16,690  asgs:(437,noefs=289,fails=6)  fails:38  wrgs:137  wck:0.17  ngds:26
    run8  dpts:2..15  robin:Wdeg-Last  effs:17,208  asgs:(22,noefs=0,fails=7)  fails:45  wrgs:144  wck:0.17  ngds:33
    run9  dpts:4..21  robin:PickOnDom-Rand  effs:17,911  asgs:(28,noefs=6,fails=7)  fails:52  wrgs:151  wck:0.17  ngds:40
    run10  dpts:415..475  robin:WdegOnDom-First  effs:24,701  asgs:(490,noefs=359,fails=7)  fails:59  wrgs:196  wck:0.20  ngds:42
 ...Discarding 2 singleton variables
    run11  dpts:4..21  robin:FrbaOnDom-Last  effs:26,780  asgs:(29,noefs=0,fails=8)  fails:67  wrgs:204  wck:0.20  ngds:50
    run12  dpts:9..47  robin:Wdeg-Rand  effs:28,259  asgs:(55,noefs=17,fails=8)  fails:75  wrgs:212  wck:0.20  ngds:58
    run13  dpts:470..478  robin:PickOnDom-First  effs:31,574  asgs:(496,noefs=351,fails=8)  fails:83  wrgs:226  wck:0.23  ngds:60
    run14  dpts:4..18  robin:WdegOnDom-Last  effs:32,799  asgs:(27,noefs=0,fails=9)  fails:92  wrgs:235  wck:0.23  ngds:69
    run15  dpts:21..44  robin:FrbaOnDom-Rand  effs:35,115  asgs:(53,noefs=15,fails=9)  fails:101  wrgs:244  wck:0.23  ngds:78
    run16  dpts:376..564  robin:Wdeg-First  effs:39,481  asgs:(591,noefs=386,fails=10)  fails:111  wrgs:271  wck:0.26  ngds:84
    run17  dpts:4..24  robin:PickOnDom-Last  effs:41,127  asgs:(34,noefs=0,fails=10)  fails:121  wrgs:281  wck:0.26  ngds:94
    run18  dpts:2..72  robin:WdegOnDom-Rand  effs:42,924  asgs:(83,noefs=31,fails=11)  fails:132  wrgs:292  wck:0.27  ngds:105
    run19  dpts:509..536  robin:FrbaOnDom-First  effs:67,916  asgs:(548,noefs=439,fails=12)  fails:144  wrgs:331  wck:0.33  ngds:106
    run20  dpts:17..38  robin:Wdeg-Last  effs:70,052  asgs:(50,noefs=0,fails=12)  fails:156  wrgs:344  wck:0.33  ngds:116
    run21  dpts:5..49  robin:PickOnDom-Rand  effs:71,485  asgs:(62,noefs=17,fails=13)  fails:169  wrgs:357  wck:0.33  ngds:129
    run22  dpts:590..657  robin:WdegOnDom-First  effs:77,077  asgs:(708,noefs=467,fails=13)  fails:182  wrgs:418  wck:0.36  ngds:135
    run23  dpts:5..16  robin:FrbaOnDom-Last  effs:79,453  asgs:(34,noefs=0,fails=14)  fails:196  wrgs:433  wck:0.37  ngds:144
    run24  dpts:21..47  robin:Wdeg-Rand  effs:82,448  asgs:(62,noefs=11,fails=15)  fails:211  wrgs:457  wck:0.37  ngds:152
    run25  dpts:525..556  robin:PickOnDom-First  effs:86,937  asgs:(596,noefs=389,fails=16)  fails:227  wrgs:501  wck:0.40  ngds:160
    run26  dpts:5..30  robin:WdegOnDom-Last  effs:89,427  asgs:(46,noefs=0,fails=16)  fails:243  wrgs:517  wck:0.41  ngds:176
    run27  dpts:3..43  robin:FrbaOnDom-Rand  effs:92,411  asgs:(60,noefs=16,fails=17)  fails:260  wrgs:534  wck:0.41  ngds:193
    run28  dpts:400..457  robin:Wdeg-First  effs:98,179  asgs:(529,noefs=340,fails=18)  fails:278  wrgs:616  wck:0.43  ngds:196
    run29  dpts:4..41  robin:PickOnDom-Last  effs:99,963  asgs:(60,noefs=0,fails=19)  fails:297  wrgs:635  wck:0.44  ngds:215
 ...resetting heuristics data (nValues:7,023 - nSingletons:457 - nEntailed:414)
    run30  dpts:0..82  robin:WdegOnDom-Rand  effs:102,795  asgs:(102,noefs=38,fails=20)  fails:317  wrgs:655  wck:0.45  ngds:234
 ...Discarding 1 singleton variables
    run31  dpts:391..533  robin:FrbaOnDom-First  effs:127,438  asgs:(723,noefs=477,fails=21)  fails:338  wrgs:867  wck:0.52  ngds:237
    run32  dpts:0..44  robin:Wdeg-Last  effs:128,151  asgs:(66,noefs=0,fails=22)  fails:360  wrgs:889  wck:0.52  ngds:258
    run33  dpts:2..72  robin:PickOnDom-Rand  effs:129,375  asgs:(95,noefs=34,fails=23)  fails:383  wrgs:912  wck:0.53  ngds:281
    run34  dpts:471..606  robin:WdegOnDom-First  effs:137,791  asgs:(706,noefs=464,fails=25)  fails:408  wrgs:1,018  wck:0.56  ngds:286
    run35  dpts:2..42  robin:FrbaOnDom-Last  effs:141,578  asgs:(68,noefs=0,fails=26)  fails:434  wrgs:1,044  wck:0.56  ngds:312
    run36  dpts:17..71  robin:Wdeg-Rand  effs:144,466  asgs:(117,noefs=25,fails=27)  fails:461  wrgs:1,081  wck:0.57  ngds:330
    run37  dpts:484..760  robin:PickOnDom-First  effs:157,492  asgs:(920,noefs=545,fails=28)  fails:489  wrgs:1,241  wck:0.61  ngds:338
    run38  dpts:4..34  robin:WdegOnDom-Last  effs:161,021  asgs:(79,noefs=0,fails=30)  fails:519  wrgs:1,279  wck:0.62  ngds:355
    run39  dpts:0..78  robin:FrbaOnDom-Rand  effs:165,124  asgs:(114,noefs=33,fails=31)  fails:550  wrgs:1,318  wck:0.63  ngds:381
    run40  dpts:362..493  robin:Wdeg-First  effs:174,031  asgs:(665,noefs=437,fails=33)  fails:583  wrgs:1,488  wck:0.65  ngds:387
 ...Discarding 2 singleton variables
    run41  dpts:4..44  robin:PickOnDom-Last  effs:177,564  asgs:(92,noefs=0,fails=35)  fails:618  wrgs:1,524  wck:0.66  ngds:409
    run42  dpts:11..36  robin:WdegOnDom-Rand  effs:184,617  asgs:(127,noefs=31,fails=36)  fails:654  wrgs:1,596  wck:0.67  ngds:418
    run43  dpts:729..969  robin:FrbaOnDom-First  effs:203,901  asgs:(1104,noefs=848,fails=38)  fails:692  wrgs:1,811  wck:0.74  ngds:425
    run44  dpts:2..54  robin:Wdeg-Last  effs:207,572  asgs:(108,noefs=0,fails=40)  fails:732  wrgs:1,854  wck:0.75  ngds:448
    run45  dpts:3..111  robin:PickOnDom-Rand  effs:211,248  asgs:(153,noefs=30,fails=42)  fails:774  wrgs:1,898  wck:0.76  ngds:479
    run46  dpts:218..310  robin:WdegOnDom-First  effs:227,372  asgs:(505,noefs=279,fails=44)  fails:818  wrgs:2,132  wck:0.79  ngds:482
    run47  dpts:1..66  robin:FrbaOnDom-Last  effs:232,136  asgs:(114,noefs=0,fails=47)  fails:865  wrgs:2,180  wck:0.79  ngds:529
    run48  dpts:9..60  robin:Wdeg-Rand  effs:237,250  asgs:(173,noefs=39,fails=49)  fails:914  wrgs:2,285  wck:0.80  ngds:537
    run49  dpts:661..713  robin:PickOnDom-First  effs:249,347  asgs:(1016,noefs=489,fails=52)  fails:966  wrgs:2,574  wck:0.84  ngds:540
    run50  dpts:8..53  robin:WdegOnDom-Last  effs:254,474  asgs:(127,noefs=0,fails=54)  fails:1,020  wrgs:2,631  wck:0.85  ngds:570
    run51  dpts:20..65  robin:FrbaOnDom-Rand  effs:259,460  asgs:(173,noefs=45,fails=57)  fails:1,077  wrgs:2,717  wck:0.86  ngds:593
    run52  dpts:318..615  robin:Wdeg-First  effs:304,807  asgs:(887,noefs=608,fails=60)  fails:1,137  wrgs:2,999  wck:0.92  ngds:599
    run53  dpts:1..55  robin:PickOnDom-Last  effs:308,835  asgs:(143,noefs=0,fails=63)  fails:1,200  wrgs:3,070  wck:0.93  ngds:625
    run54  dpts:7..64  robin:WdegOnDom-Rand  effs:315,364  asgs:(219,noefs=56,fails=66)  fails:1,266  wrgs:3,189  wck:0.94  ngds:637
    run55  dpts:1080..1216  robin:FrbaOnDom-First  effs:348,196  asgs:(1599,noefs=1122,fails=69)  fails:1,335  wrgs:3,634  wck:1.04  ngds:640
    run56  dpts:7..43  robin:Wdeg-Last  effs:353,097  asgs:(172,noefs=0,fails=73)  fails:1,408  wrgs:3,721  wck:1.05  ngds:654
    run57  dpts:1..114  robin:PickOnDom-Rand  effs:359,348  asgs:(273,noefs=64,fails=76)  fails:1,484  wrgs:3,862  wck:1.06  ngds:686
    run58  dpts:225..277  robin:WdegOnDom-First  effs:415,060  asgs:(647,noefs=364,fails=80)  fails:1,564  wrgs:4,223  wck:1.13  ngds:689
    run59  dpts:1..58  robin:FrbaOnDom-Last  effs:421,947  asgs:(180,noefs=0,fails=84)  fails:1,648  wrgs:4,309  wck:1.14  ngds:724
 ...resetting heuristics data (nValues:7,020 - nSingletons:460 - nEntailed:417)
    run60  dpts:5..86  robin:Wdeg-Rand  effs:428,677  asgs:(269,noefs=62,fails=88)  fails:1,736  wrgs:4,468  wck:1.16  ngds:745
    run61  dpts:414..633  robin:PickOnDom-First  effs:447,108  asgs:(1029,noefs=535,fails=93)  fails:1,829  wrgs:4,859  wck:1.20  ngds:754
    run62  dpts:0..105  robin:WdegOnDom-Last  effs:451,344  asgs:(252,noefs=0,fails=98)  fails:1,927  wrgs:4,970  wck:1.22  ngds:806
    run63  dpts:5..106  robin:FrbaOnDom-Rand  effs:462,314  asgs:(314,noefs=74,fails=102)  fails:2,029  wrgs:5,133  wck:1.23  ngds:835
    run64  dpts:224..353  robin:Wdeg-First  effs:505,457  asgs:(1080,noefs=531,fails=108)  fails:2,137  wrgs:5,805  wck:1.29  ngds:841
    run65  dpts:2..85  robin:PickOnDom-Last  effs:522,887  asgs:(267,noefs=0,fails=113)  fails:2,250  wrgs:5,940  wck:1.31  ngds:856
    run66  dpts:7..102  robin:WdegOnDom-Rand  effs:538,355  asgs:(374,noefs=73,fails=119)  fails:2,369  wrgs:6,161  wck:1.33  ngds:872
    run67  dpts:885..1050  robin:FrbaOnDom-First  effs:663,809  asgs:(2091,noefs=1429,fails=125)  fails:2,494  wrgs:7,276  wck:1.53  ngds:874
    run68  dpts:3..69  robin:Wdeg-Last  effs:676,835  asgs:(296,noefs=0,fails=131)  fails:2,625  wrgs:7,428  wck:1.54  ngds:925
    run69  dpts:2..69  robin:PickOnDom-Rand  effs:689,073  asgs:(404,noefs=54,fails=137)  fails:2,762  wrgs:7,684  wck:1.56  ngds:934
    run70  dpts:213..360  robin:WdegOnDom-First  effs:751,803  asgs:(1284,noefs=786,fails=144)  fails:2,906  wrgs:8,540  wck:1.64  ngds:940
 ...Discarding 1 singleton variables
    run71  dpts:2..57  robin:FrbaOnDom-Last  effs:760,922  asgs:(322,noefs=0,fails=152)  fails:3,058  wrgs:8,713  wck:1.66  ngds:978
    run72  dpts:2..100  robin:Wdeg-Rand  effs:776,639  asgs:(454,noefs=68,fails=159)  fails:3,217  wrgs:8,991  wck:1.68  ngds:1,005
    run73  dpts:461..609  robin:PickOnDom-First  effs:877,394  asgs:(1918,noefs=659,fails=167)  fails:3,384  wrgs:10,275  wck:1.83  ngds:1,008
    run74  dpts:7..64  robin:WdegOnDom-Last  effs:890,873  asgs:(372,noefs=0,fails=176)  fails:3,560  wrgs:10,475  wck:1.84  ngds:1,031
    run75  dpts:8..146  robin:FrbaOnDom-Rand  effs:916,439  asgs:(612,noefs=183,fails=184)  fails:3,744  wrgs:10,872  wck:1.87  ngds:1,044
    run76  dpts:485..560  robin:Wdeg-First  effs:961,514  asgs:(1715,noefs=845,fails=194)  fails:3,938  wrgs:11,908  wck:1.96  ngds:1,048
    run77  dpts:1..84  robin:PickOnDom-Last  effs:974,014  asgs:(465,noefs=0,fails=203)  fails:4,141  wrgs:12,188  wck:1.98  ngds:1,104
    run78  dpts:10..70  robin:WdegOnDom-Rand  effs:1,009,303  asgs:(624,noefs=144,fails=214)  fails:4,355  wrgs:12,604  wck:2.03  ngds:1,112
    run79  dpts:804..1158  robin:FrbaOnDom-First  effs:1,108,512  asgs:(2174,noefs=1216,fails=224)  fails:4,579  wrgs:13,619  wck:2.19  ngds:1,115
    run80  dpts:7..105  robin:Wdeg-Last  effs:1,123,477  asgs:(520,noefs=0,fails=236)  fails:4,815  wrgs:13,890  wck:2.21  ngds:1,190
    run81  dpts:4..134  robin:PickOnDom-Rand  effs:1,147,913  asgs:(725,noefs=82,fails=247)  fails:5,062  wrgs:14,334  wck:2.24  ngds:1,223
    run82  dpts:300..402  robin:WdegOnDom-First  effs:1,276,063  asgs:(1768,noefs=1061,fails=260)  fails:5,322  wrgs:15,582  wck:2.40  ngds:1,225
    run83  dpts:1..112  robin:FrbaOnDom-Last  effs:1,292,465  asgs:(569,noefs=0,fails=273)  fails:5,595  wrgs:15,877  wck:2.42  ngds:1,274
    run84  dpts:8..115  robin:Wdeg-Rand  effs:1,323,190  asgs:(883,noefs=186,fails=286)  fails:5,881  wrgs:16,437  wck:2.47  ngds:1,304
    run85  dpts:662..821  robin:PickOnDom-First  effs:1,502,555  asgs:(3718,noefs=1557,fails=301)  fails:6,182  wrgs:19,201  wck:2.68  ngds:1,309
    run86  dpts:4..64  robin:WdegOnDom-Last  effs:1,523,022  asgs:(667,noefs=0,fails=316)  fails:6,498  wrgs:19,579  wck:2.71  ngds:1,350
    run87  dpts:5..203  robin:FrbaOnDom-Rand  effs:1,563,689  asgs:(995,noefs=245,fails=332)  fails:6,830  wrgs:20,179  wck:2.76  ngds:1,400
    run88  dpts:708..823  robin:Wdeg-First  effs:1,614,208  asgs:(2213,noefs=1026,fails=348)  fails:7,178  wrgs:21,412  wck:2.86  ngds:1,404
    run89  dpts:2..78  robin:PickOnDom-Last  effs:1,636,479  asgs:(793,noefs=0,fails=366)  fails:7,544  wrgs:21,839  wck:2.89  ngds:1,451
 ...resetting heuristics data (nValues:7,019 - nSingletons:461 - nEntailed:418)
    run90  dpts:1..95  robin:WdegOnDom-Rand  effs:1,681,790  asgs:(1156,noefs=246,fails=384)  fails:7,928  wrgs:22,577  wck:2.96  ngds:1,473
 ...resetting restart cutoff to 10
    run91  dpts:937..987  robin:FrbaOnDom-First  effs:1,688,513  asgs:(1012,noefs=622,fails=10)  fails:7,938  wrgs:22,612  wck:3.02  ngds:1,475
    run92  dpts:0..21  robin:Wdeg-Last  effs:1,689,308  asgs:(31,noefs=0,fails=10)  fails:7,948  wrgs:22,622  wck:3.02  ngds:1,484
    run93  dpts:2..49  robin:PickOnDom-Rand  effs:1,690,606  asgs:(60,noefs=22,fails=11)  fails:7,959  wrgs:22,633  wck:3.03  ngds:1,495
    run94  dpts:325..367  robin:WdegOnDom-First  effs:1,703,285  asgs:(440,noefs=372,fails=11)  fails:7,970  wrgs:22,730  wck:3.05  ngds:1,498
    run95  dpts:2..22  robin:FrbaOnDom-Last  effs:1,707,245  asgs:(34,noefs=0,fails=12)  fails:7,982  wrgs:22,742  wck:3.06  ngds:1,510
    run96  dpts:9..42  robin:Wdeg-Rand  effs:1,708,473  asgs:(54,noefs=10,fails=12)  fails:7,994  wrgs:22,754  wck:3.06  ngds:1,522
    run97  dpts:587..609  robin:PickOnDom-First  effs:1,712,933  asgs:(638,noefs=394,fails=13)  fails:8,007  wrgs:22,794  wck:3.09  ngds:1,524
    run98  dpts:6..25  robin:WdegOnDom-Last  effs:1,715,699  asgs:(39,noefs=0,fails=14)  fails:8,021  wrgs:22,808  wck:3.09  ngds:1,538
    run99  dpts:14..41  robin:FrbaOnDom-Rand  effs:1,718,653  asgs:(55,noefs=16,fails=14)  fails:8,035  wrgs:22,822  wck:3.10  ngds:1,552
    run100  dpts:430..546  robin:Wdeg-First  effs:1,730,480  asgs:(681,noefs=434,fails=15)  fails:8,050  wrgs:22,958  wck:3.12  ngds:1,557
 ...Discarding 4 singleton variables
    run101  dpts:3..33  robin:PickOnDom-Last  effs:1,733,008  asgs:(49,noefs=0,fails=16)  fails:8,066  wrgs:22,974  wck:3.13  ngds:1,573
    run102  dpts:12..66  robin:WdegOnDom-Rand  effs:1,736,012  asgs:(83,noefs=37,fails=17)  fails:8,083  wrgs:22,991  wck:3.13  ngds:1,590
    run103  dpts:999..1059  robin:FrbaOnDom-First  effs:1,751,645  asgs:(1172,noefs=877,fails=17)  fails:8,100  wrgs:23,119  wck:3.21  ngds:1,592
    run104  dpts:4..43  robin:Wdeg-Last  effs:1,753,752  asgs:(61,noefs=0,fails=18)  fails:8,118  wrgs:23,137  wck:3.21  ngds:1,610
    run105  dpts:3..73  robin:PickOnDom-Rand  effs:1,756,695  asgs:(92,noefs=22,fails=19)  fails:8,137  wrgs:23,156  wck:3.21  ngds:1,629
    run106  dpts:327..379  robin:WdegOnDom-First  effs:1,767,091  asgs:(448,noefs=352,fails=20)  fails:8,157  wrgs:23,259  wck:3.24  ngds:1,630
    run107  dpts:0..31  robin:FrbaOnDom-Last  effs:1,770,490  asgs:(52,noefs=0,fails=21)  fails:8,178  wrgs:23,280  wck:3.24  ngds:1,650
    run108  dpts:9..64  robin:Wdeg-Rand  effs:1,772,996  asgs:(94,noefs=20,fails=22)  fails:8,200  wrgs:23,314  wck:3.25  ngds:1,665
    run109  dpts:460..773  robin:PickOnDom-First  effs:1,788,552  asgs:(852,noefs=448,fails=24)  fails:8,224  wrgs:23,439  wck:3.29  ngds:1,670
    run110  dpts:5..41  robin:WdegOnDom-Last  effs:1,791,502  asgs:(66,noefs=0,fails=25)  fails:8,249  wrgs:23,464  wck:3.29  ngds:1,695
 ...Discarding 1 singleton variables
    run111  dpts:14..65  robin:FrbaOnDom-Rand  effs:1,795,119  asgs:(91,noefs=22,fails=26)  fails:8,275  wrgs:23,490  wck:3.30  ngds:1,721
    run112  dpts:626..657  robin:Wdeg-First  effs:1,798,590  asgs:(735,noefs=448,fails=27)  fails:8,302  wrgs:23,574  wck:3.32  ngds:1,724
    run113  dpts:8..35  robin:PickOnDom-Last  effs:1,803,078  asgs:(82,noefs=0,fails=29)  fails:8,331  wrgs:23,614  wck:3.33  ngds:1,740
    run114  dpts:9..66  robin:WdegOnDom-Rand  effs:1,807,790  asgs:(109,noefs=35,fails=30)  fails:8,361  wrgs:23,665  wck:3.33  ngds:1,751
    run115  dpts:1099..1231  robin:FrbaOnDom-First  effs:1,834,002  asgs:(1378,noefs=940,fails=32)  fails:8,393  wrgs:23,912  wck:3.42  ngds:1,753
    run116  dpts:7..28  robin:Wdeg-Last  effs:1,837,387  asgs:(94,noefs=0,fails=33)  fails:8,426  wrgs:23,958  wck:3.42  ngds:1,759
    run117  dpts:3..56  robin:PickOnDom-Rand  effs:1,842,704  asgs:(116,noefs=20,fails=35)  fails:8,461  wrgs:24,015  wck:3.43  ngds:1,773
    run118  dpts:315..352  robin:WdegOnDom-First  effs:1,868,625  asgs:(594,noefs=443,fails=37)  fails:8,498  wrgs:24,251  wck:3.47  ngds:1,776
    run119  dpts:3..59  robin:FrbaOnDom-Last  effs:1,873,379  asgs:(98,noefs=0,fails=39)  fails:8,537  wrgs:24,290  wck:3.48  ngds:1,815
 ...resetting heuristics data (nValues:7,014 - nSingletons:466 - nEntailed:423)
    run120  dpts:1..89  robin:Wdeg-Rand  effs:1,879,996  asgs:(171,noefs=55,fails=41)  fails:8,578  wrgs:24,363  wck:3.49  ngds:1,839
    run121  dpts:409..585  robin:PickOnDom-First  effs:1,890,905  asgs:(733,noefs=436,fails=43)  fails:8,621  wrgs:24,522  wck:3.52  ngds:1,844
    run122  dpts:0..86  robin:WdegOnDom-Last  effs:1,892,191  asgs:(131,noefs=0,fails=45)  fails:8,666  wrgs:24,567  wck:3.52  ngds:1,888
    run123  dpts:4..72  robin:FrbaOnDom-Rand  effs:1,899,360  asgs:(178,noefs=49,fails=47)  fails:8,713  wrgs:24,656  wck:3.54  ngds:1,912
    run124  dpts:138..538  robin:Wdeg-First  effs:1,912,022  asgs:(765,noefs=459,fails=50)  fails:8,763  wrgs:24,940  wck:3.56  ngds:1,923
    run125  dpts:12..60  robin:PickOnDom-Last  effs:1,917,727  asgs:(132,noefs=0,fails=52)  fails:8,815  wrgs:24,995  wck:3.57  ngds:1,928
    run126  dpts:22..75  robin:WdegOnDom-Rand  effs:1,924,793  asgs:(196,noefs=41,fails=55)  fails:8,870  wrgs:25,106  wck:3.58  ngds:1,933
    run127  dpts:1095..1175  robin:FrbaOnDom-First  effs:1,972,191  asgs:(1512,noefs=1022,fails=57)  fails:8,927  wrgs:25,475  wck:3.69  ngds:1,935
    run128  dpts:3..33  robin:Wdeg-Last  effs:1,976,247  asgs:(151,noefs=0,fails=60)  fails:8,987  wrgs:25,554  wck:3.70  ngds:1,943
    run129  dpts:12..101  robin:PickOnDom-Rand  effs:1,983,521  asgs:(225,noefs=50,fails=63)  fails:9,050  wrgs:25,657  wck:3.71  ngds:1,971
    run130  dpts:430..475  robin:WdegOnDom-First  effs:2,015,054  asgs:(952,noefs=628,fails=67)  fails:9,117  wrgs:26,098  wck:3.76  ngds:1,975
 ...Discarding 4 singleton variables
    run131  dpts:4..82  robin:FrbaOnDom-Last  effs:2,022,071  asgs:(152,noefs=0,fails=70)  fails:9,187  wrgs:26,168  wck:3.77  ngds:2,045
    run132  dpts:3..46  robin:Wdeg-Rand  effs:2,026,420  asgs:(222,noefs=36,fails=73)  fails:9,260  wrgs:26,304  wck:3.79  ngds:2,049
    run133  dpts:531..775  robin:PickOnDom-First  effs:2,052,155  asgs:(1248,noefs=621,fails=77)  fails:9,337  wrgs:26,774  wck:3.84  ngds:2,054
    run134  dpts:3..50  robin:WdegOnDom-Last  effs:2,057,605  asgs:(177,noefs=0,fails=81)  fails:9,418  wrgs:26,861  wck:3.85  ngds:2,085
    run135  dpts:6..83  robin:FrbaOnDom-Rand  effs:2,067,968  asgs:(279,noefs=69,fails=85)  fails:9,503  wrgs:27,035  wck:3.86  ngds:2,103
    run136  dpts:549..590  robin:Wdeg-First  effs:2,083,561  asgs:(982,noefs=592,fails=89)  fails:9,592  wrgs:27,389  wck:3.90  ngds:2,109
    run137  dpts:2..56  robin:PickOnDom-Last  effs:2,092,990  asgs:(206,noefs=0,fails=94)  fails:9,686  wrgs:27,490  wck:3.91  ngds:2,141
    run138  dpts:9..86  robin:WdegOnDom-Rand  effs:2,103,703  asgs:(319,noefs=96,fails=99)  fails:9,785  wrgs:27,685  wck:3.93  ngds:2,150
    run139  dpts:976..1198  robin:FrbaOnDom-First  effs:2,204,833  asgs:(1746,noefs=1125,fails=104)  fails:9,889  wrgs:28,392  wck:4.09  ngds:2,151
    run140  dpts:5..52  robin:Wdeg-Last  effs:2,210,681  asgs:(262,noefs=0,fails=109)  fails:9,998  wrgs:28,524  wck:4.10  ngds:2,163
    run141  dpts:2..89  robin:PickOnDom-Rand  effs:2,222,923  asgs:(365,noefs=60,fails=114)  fails:10,112  wrgs:28,730  wck:4.12  ngds:2,186
    run142  dpts:250..425  robin:WdegOnDom-First  effs:2,250,186  asgs:(935,noefs=529,fails=120)  fails:10,232  wrgs:29,207  wck:4.17  ngds:2,191
    run143  dpts:7..70  robin:FrbaOnDom-Last  effs:2,262,213  asgs:(270,noefs=0,fails=126)  fails:10,358  wrgs:29,348  wck:4.18  ngds:2,244
    run144  dpts:12..82  robin:Wdeg-Rand  effs:2,270,026  asgs:(392,noefs=64,fails=132)  fails:10,490  wrgs:29,593  wck:4.20  ngds:2,261
    run145  dpts:557..726  robin:PickOnDom-First  effs:2,319,805  asgs:(1373,noefs=551,fails=139)  fails:10,629  wrgs:30,317  wck:4.28  ngds:2,265
    run146  dpts:3..35  robin:WdegOnDom-Last  effs:2,336,675  asgs:(311,noefs=0,fails=146)  fails:10,775  wrgs:30,482  wck:4.29  ngds:2,280
    run147  dpts:6..98  robin:FrbaOnDom-Rand  effs:2,357,125  asgs:(452,noefs=110,fails=153)  fails:10,928  wrgs:30,784  wck:4.32  ngds:2,286
    run148  dpts:559..666  robin:Wdeg-First  effs:2,379,649  asgs:(1233,noefs=616,fails=161)  fails:11,089  wrgs:31,270  wck:4.37  ngds:2,292
    run149  dpts:8..90  robin:PickOnDom-Last  effs:2,387,280  asgs:(365,noefs=0,fails=169)  fails:11,258  wrgs:31,452  wck:4.38  ngds:2,316
 ...resetting heuristics data (nValues:7,010 - nSingletons:470 - nEntailed:427)
    run150  dpts:0..116  robin:WdegOnDom-Rand  effs:2,402,390  asgs:(537,noefs=116,fails=177)  fails:11,435  wrgs:31,759  wck:4.41  ngds:2,346
 ...Discarding 1 singleton variables
    run151  dpts:798..995  robin:FrbaOnDom-First  effs:2,546,099  asgs:(2132,noefs=1048,fails=186)  fails:11,621  wrgs:32,971  wck:4.62  ngds:2,348
    run152  dpts:0..110  robin:Wdeg-Last  effs:2,556,263  asgs:(472,noefs=0,fails=196)  fails:11,817  wrgs:33,212  wck:4.64  ngds:2,390
    run153  dpts:0..178  robin:PickOnDom-Rand  effs:2,578,240  asgs:(638,noefs=142,fails=205)  fails:12,022  wrgs:33,573  wck:4.67  ngds:2,445
    run154  dpts:154..441  robin:WdegOnDom-First  effs:2,670,499  asgs:(1886,noefs=1060,fails=216)  fails:12,238  wrgs:34,926  wck:4.80  ngds:2,454
    run155  dpts:3..83  robin:FrbaOnDom-Last  effs:2,683,741  asgs:(469,noefs=0,fails=227)  fails:12,465  wrgs:35,163  wck:4.82  ngds:2,529
    run156  dpts:3..101  robin:Wdeg-Rand  effs:2,720,350  asgs:(731,noefs=155,fails=238)  fails:12,703  wrgs:35,626  wck:4.87  ngds:2,552
    run157  dpts:630..759  robin:PickOnDom-First  effs:2,796,047  asgs:(2146,noefs=861,fails=250)  fails:12,953  wrgs:36,929  wck:5.00  ngds:2,556
    run158  dpts:2..57  robin:WdegOnDom-Last  effs:2,812,925  asgs:(559,noefs=0,fails=262)  fails:13,215  wrgs:37,219  wck:5.03  ngds:2,596
    run159  dpts:2..169  robin:FrbaOnDom-Rand  effs:2,838,720  asgs:(849,noefs=228,fails=275)  fails:13,490  wrgs:37,710  wck:5.07  ngds:2,671
    run160  dpts:433..530  robin:Wdeg-First  effs:2,869,960  asgs:(1717,noefs=878,fails=289)  fails:13,779  wrgs:38,763  wck:5.14  ngds:2,678
 ...Discarding 2 singleton variables
    run161  dpts:4..58  robin:PickOnDom-Last  effs:2,893,348  asgs:(698,noefs=0,fails=304)  fails:14,083  wrgs:39,164  wck:5.16  ngds:2,702
    run162  dpts:12..101  robin:WdegOnDom-Rand  effs:2,941,057  asgs:(957,noefs=254,fails=319)  fails:14,402  wrgs:39,811  wck:5.22  ngds:2,712
    run163  dpts:1059..1211  robin:FrbaOnDom-First  effs:3,181,985  asgs:(3179,noefs=1498,fails=335)  fails:14,737  wrgs:41,679  wck:5.55  ngds:2,715
    run164  dpts:6..85  robin:Wdeg-Last  effs:3,206,897  asgs:(765,noefs=0,fails=352)  fails:15,089  wrgs:42,085  wck:5.58  ngds:2,748
    run165  dpts:3..97  robin:PickOnDom-Rand  effs:3,260,656  asgs:(1098,noefs=116,fails=369)  fails:15,458  wrgs:42,784  wck:5.64  ngds:2,775
    run166  dpts:381..442  robin:WdegOnDom-First  effs:3,340,382  asgs:(2380,noefs=1190,fails=388)  fails:15,846  wrgs:44,506  wck:5.76  ngds:2,778
    run167  dpts:6..79  robin:FrbaOnDom-Last  effs:3,364,366  asgs:(849,noefs=0,fails=407)  fails:16,253  wrgs:44,941  wck:5.79  ngds:2,814
    run168  dpts:14..101  robin:Wdeg-Rand  effs:3,427,717  asgs:(1289,noefs=305,fails=428)  fails:16,681  wrgs:45,801  wck:5.88  ngds:2,828
    run169  dpts:394..557  robin:PickOnDom-First  effs:3,626,372  asgs:(4509,noefs=1971,fails=449)  fails:17,130  wrgs:49,588  wck:6.16  ngds:2,834
    run170  dpts:5..107  robin:WdegOnDom-Last  effs:3,680,031  asgs:(1011,noefs=0,fails=472)  fails:17,602  wrgs:50,150  wck:6.23  ngds:2,875
    run171  dpts:7..164  robin:FrbaOnDom-Rand  effs:3,744,235  asgs:(1490,noefs=337,fails=495)  fails:18,097  wrgs:51,143  wck:6.31  ngds:2,892
    run172  dpts:648..740  robin:Wdeg-First  effs:3,878,849  asgs:(3309,noefs=1525,fails=520)  fails:18,617  wrgs:53,432  wck:6.50  ngds:2,895
    run173  dpts:1..106  robin:PickOnDom-Last  effs:3,909,425  asgs:(1162,noefs=0,fails=546)  fails:19,163  wrgs:54,072  wck:6.54  ngds:2,970
    run174  dpts:8..114  robin:WdegOnDom-Rand  effs:3,958,549  asgs:(1673,noefs=364,fails=573)  fails:19,736  wrgs:55,182  wck:6.61  ngds:3,000
    run175  dpts:1059..1289  robin:FrbaOnDom-First  effs:4,212,344  asgs:(3927,noefs=1555,fails=602)  fails:20,338  wrgs:57,535  wck:6.96  ngds:3,004
    run176  dpts:3..53  robin:Wdeg-Last  effs:4,235,196  asgs:(1429,noefs=0,fails=632)  fails:20,970  wrgs:58,394  wck:7.02  ngds:3,013
    run177  dpts:1..152  robin:PickOnDom-Rand  effs:4,323,770  asgs:(2086,noefs=293,fails=664)  fails:21,634  wrgs:59,797  wck:7.12  ngds:3,051
    run178  dpts:353..514  robin:WdegOnDom-First  effs:4,609,897  asgs:(3818,noefs=1982,fails=697)  fails:22,331  wrgs:62,744  wck:7.49  ngds:3,056
    run179  dpts:6..114  robin:FrbaOnDom-Last  effs:4,655,955  asgs:(1498,noefs=0,fails=732)  fails:23,063  wrgs:63,533  wck:7.55  ngds:3,082
 ...resetting heuristics data (nValues:7,007 - nSingletons:473 - nEntailed:430)
    run180  dpts:1..108  robin:Wdeg-Rand  effs:4,733,454  asgs:(2218,noefs=372,fails=768)  fails:23,831  wrgs:65,046  wck:7.67  ngds:3,116
 ...resetting restart cutoff to 15
    run181  dpts:404..486  robin:PickOnDom-First  effs:4,741,093  asgs:(540,noefs=366,fails=15)  fails:23,846  wrgs:65,112  wck:7.70  ngds:3,120
    run182  dpts:0..30  robin:WdegOnDom-Last  effs:4,741,901  asgs:(45,noefs=0,fails=15)  fails:23,861  wrgs:65,127  wck:7.70  ngds:3,134
    run183  dpts:0..52  robin:FrbaOnDom-Rand  effs:4,745,376  asgs:(68,noefs=26,fails=16)  fails:23,877  wrgs:65,143  wck:7.71  ngds:3,149
    run184  dpts:363..557  robin:Wdeg-First  effs:4,752,136  asgs:(642,noefs=485,fails=17)  fails:23,894  wrgs:65,263  wck:7.73  ngds:3,154
    run185  dpts:6..38  robin:PickOnDom-Last  effs:4,754,147  asgs:(56,noefs=0,fails=18)  fails:23,912  wrgs:65,281  wck:7.73  ngds:3,172
    run186  dpts:24..79  robin:WdegOnDom-Rand  effs:4,756,674  asgs:(100,noefs=28,fails=19)  fails:23,931  wrgs:65,302  wck:7.74  ngds:3,191
    run187  dpts:771..844  robin:FrbaOnDom-First  effs:4,781,589  asgs:(966,noefs=632,fails=20)  fails:23,951  wrgs:65,458  wck:7.81  ngds:3,193
    run188  dpts:6..42  robin:Wdeg-Last  effs:4,784,878  asgs:(63,noefs=0,fails=21)  fails:23,972  wrgs:65,479  wck:7.81  ngds:3,214
    run189  dpts:6..63  robin:PickOnDom-Rand  effs:4,787,046  asgs:(85,noefs=18,fails=22)  fails:23,994  wrgs:65,501  wck:7.82  ngds:3,236
    run190  dpts:60..84  robin:WdegOnDom-First  effs:4,798,686  asgs:(109,noefs=68,fails=23)  fails:24,017  wrgs:65,549  wck:7.83  ngds:3,237
 ...Discarding 3 singleton variables
    run191  dpts:2..37  robin:FrbaOnDom-Last  effs:4,802,812  asgs:(61,noefs=0,fails=24)  fails:24,041  wrgs:65,573  wck:7.84  ngds:3,261
    run192  dpts:9..69  robin:Wdeg-Rand  effs:4,807,005  asgs:(99,noefs=27,fails=25)  fails:24,066  wrgs:65,613  wck:7.85  ngds:3,277
    run193  dpts:814..868  robin:PickOnDom-First  effs:4,819,537  asgs:(1097,noefs=623,fails=26)  fails:24,092  wrgs:65,870  wck:7.89  ngds:3,278
    run194  dpts:5..46  robin:WdegOnDom-Last  effs:4,823,174  asgs:(74,noefs=0,fails=28)  fails:24,120  wrgs:65,898  wck:7.89  ngds:3,306
    run195  dpts:3..94  robin:FrbaOnDom-Rand  effs:4,827,109  asgs:(126,noefs=44,fails=29)  fails:24,149  wrgs:65,944  wck:7.90  ngds:3,329
    run196  dpts:495..544  robin:Wdeg-First  effs:4,837,193  asgs:(747,noefs=505,fails=31)  fails:24,180  wrgs:66,156  wck:7.93  ngds:3,332
    run197  dpts:1..47  robin:PickOnDom-Last  effs:4,839,670  asgs:(79,noefs=0,fails=32)  fails:24,212  wrgs:66,188  wck:7.94  ngds:3,364
    run198  dpts:6..50  robin:WdegOnDom-Rand  effs:4,844,442  asgs:(116,noefs=24,fails=34)  fails:24,246  wrgs:66,245  wck:7.95  ngds:3,376
    run199  dpts:1118..1257  robin:FrbaOnDom-First  effs:4,880,711  asgs:(1485,noefs=1065,fails=36)  fails:24,282  wrgs:66,588  wck:8.05  ngds:3,377
    run200  dpts:13..66  robin:Wdeg-Last  effs:4,886,452  asgs:(103,noefs=0,fails=37)  fails:24,319  wrgs:66,625  wck:8.06  ngds:3,414
    run201  dpts:3..86  robin:PickOnDom-Rand  effs:4,890,053  asgs:(146,noefs=24,fails=39)  fails:24,358  wrgs:66,681  wck:8.06  ngds:3,441
    run202  dpts:405..425  robin:WdegOnDom-First  effs:4,899,623  asgs:(605,noefs=364,fails=41)  fails:24,399  wrgs:66,844  wck:8.09  ngds:3,444
    run203  dpts:5..51  robin:FrbaOnDom-Last  effs:4,903,717  asgs:(101,noefs=0,fails=43)  fails:24,442  wrgs:66,889  wck:8.09  ngds:3,460
    run204  dpts:7..94  robin:Wdeg-Rand  effs:4,908,928  asgs:(161,noefs=41,fails=46)  fails:24,488  wrgs:66,955  wck:8.10  ngds:3,488
    run205  dpts:629..918  robin:PickOnDom-First  effs:4,948,129  asgs:(1402,noefs=707,fails=48)  fails:24,536  wrgs:67,529  wck:8.17  ngds:3,493
    run206  dpts:5..54  robin:WdegOnDom-Last  effs:4,951,395  asgs:(119,noefs=0,fails=50)  fails:24,586  wrgs:67,586  wck:8.18  ngds:3,517
    run207  dpts:4..124  robin:FrbaOnDom-Rand  effs:4,959,326  asgs:(182,noefs=59,fails=53)  fails:24,639  wrgs:67,656  wck:8.19  ngds:3,562
    run208  dpts:365..417  robin:Wdeg-First  effs:4,993,803  asgs:(601,noefs=416,fails=56)  fails:24,695  wrgs:67,859  wck:8.24  ngds:3,565
    run209  dpts:2..85  robin:PickOnDom-Last  effs:4,997,480  asgs:(143,noefs=0,fails=58)  fails:24,753  wrgs:67,917  wck:8.25  ngds:3,623
 ...resetting heuristics data (nValues:7,004 - nSingletons:476 - nEntailed:433)
    run210  dpts:2..116  robin:WdegOnDom-Rand  effs:5,005,166  asgs:(226,noefs=57,fails=61)  fails:24,814  wrgs:68,009  wck:8.26  ngds:3,658
    run211  dpts:831..930  robin:FrbaOnDom-First  effs:5,083,331  asgs:(1305,noefs=764,fails=64)  fails:24,878  wrgs:68,450  wck:8.40  ngds:3,660
    run212  dpts:0..107  robin:Wdeg-Last  effs:5,085,299  asgs:(187,noefs=0,fails=68)  fails:24,946  wrgs:68,523  wck:8.41  ngds:3,716
    run213  dpts:1..113  robin:PickOnDom-Rand  effs:5,092,172  asgs:(220,noefs=48,fails=71)  fails:25,017  wrgs:68,617  wck:8.43  ngds:3,771
    run214  dpts:112..446  robin:WdegOnDom-First  effs:5,119,812  asgs:(936,noefs=498,fails=75)  fails:25,092  wrgs:69,093  wck:8.47  ngds:3,777
    run215  dpts:2..89  robin:FrbaOnDom-Last  effs:5,126,983  asgs:(167,noefs=0,fails=78)  fails:25,170  wrgs:69,171  wck:8.48  ngds:3,855
    run216  dpts:1..59  robin:Wdeg-Rand  effs:5,132,411  asgs:(262,noefs=31,fails=82)  fails:25,252  wrgs:69,317  wck:8.49  ngds:3,865
    run217  dpts:425..727  robin:PickOnDom-First  effs:5,171,287  asgs:(1484,noefs=809,fails=86)  fails:25,338  wrgs:70,063  wck:8.56  ngds:3,870
    run218  dpts:3..57  robin:WdegOnDom-Last  effs:5,179,617  asgs:(200,noefs=0,fails=91)  fails:25,429  wrgs:70,158  wck:8.57  ngds:3,913
    run219  dpts:1..149  robin:FrbaOnDom-Rand  effs:5,186,596  asgs:(313,noefs=75,fails=95)  fails:25,524  wrgs:70,319  wck:8.58  ngds:3,955
    run220  dpts:266..578  robin:Wdeg-First  effs:5,222,097  asgs:(1247,noefs=725,fails=100)  fails:25,624  wrgs:70,967  wck:8.64  ngds:3,962
 ...Discarding 1 singleton variables
    run221  dpts:6..119  robin:PickOnDom-Last  effs:5,227,510  asgs:(232,noefs=0,fails=105)  fails:25,729  wrgs:71,073  wck:8.64  ngds:4,039
    run222  dpts:4..59  robin:WdegOnDom-Rand  effs:5,239,383  asgs:(336,noefs=58,fails=110)  fails:25,839  wrgs:71,276  wck:8.66  ngds:4,055
    run223  dpts:1111..1232  robin:FrbaOnDom-First  effs:5,314,192  asgs:(1803,noefs=1155,fails=116)  fails:25,955  wrgs:71,863  wck:8.81  ngds:4,059
    run224  dpts:6..62  robin:Wdeg-Last  effs:5,323,051  asgs:(283,noefs=0,fails=122)  fails:26,077  wrgs:72,005  wck:8.83  ngds:4,101
    run225  dpts:7..135  robin:PickOnDom-Rand  effs:5,330,376  asgs:(384,noefs=73,fails=128)  fails:26,205  wrgs:72,220  wck:8.84  ngds:4,135
    run226  dpts:297..482  robin:WdegOnDom-First  effs:5,365,160  asgs:(1051,noefs=539,fails=134)  fails:26,339  wrgs:72,765  wck:8.90  ngds:4,140
    run227  dpts:3..55  robin:FrbaOnDom-Last  effs:5,376,678  asgs:(294,noefs=0,fails=141)  fails:26,480  wrgs:72,913  wck:8.92  ngds:4,185
    run228  dpts:19..72  robin:Wdeg-Rand  effs:5,385,423  asgs:(463,noefs=83,fails=148)  fails:26,628  wrgs:73,191  wck:8.94  ngds:4,193
    run229  dpts:594..735  robin:PickOnDom-First  effs:5,450,638  asgs:(2099,noefs=944,fails=156)  fails:26,784  wrgs:74,574  wck:9.06  ngds:4,194
    run230  dpts:2..64  robin:WdegOnDom-Last  effs:5,458,116  asgs:(361,noefs=0,fails=163)  fails:26,947  wrgs:74,763  wck:9.07  ngds:4,231
    run231  dpts:7..95  robin:FrbaOnDom-Rand  effs:5,473,048  asgs:(509,noefs=108,fails=172)  fails:27,119  wrgs:75,066  wck:9.09  ngds:4,283
    run232  dpts:589..657  robin:Wdeg-First  effs:5,501,959  asgs:(1401,noefs=725,fails=180)  fails:27,299  wrgs:75,773  wck:9.16  ngds:4,287
    run233  dpts:0..117  robin:PickOnDom-Last  effs:5,513,394  asgs:(414,noefs=0,fails=189)  fails:27,488  wrgs:75,989  wck:9.18  ngds:4,370
    run234  dpts:11..69  robin:WdegOnDom-Rand  effs:5,534,917  asgs:(622,noefs=150,fails=199)  fails:27,687  wrgs:76,396  wck:9.21  ngds:4,384
    run235  dpts:1090..1279  robin:FrbaOnDom-First  effs:5,683,989  asgs:(2503,noefs=1407,fails=209)  fails:27,896  wrgs:77,648  wck:9.45  ngds:4,387
    run236  dpts:8..61  robin:Wdeg-Last  effs:5,694,625  asgs:(519,noefs=0,fails=219)  fails:28,115  wrgs:77,946  wck:9.47  ngds:4,406
    run237  dpts:0..182  robin:PickOnDom-Rand  effs:5,727,043  asgs:(698,noefs=118,fails=230)  fails:28,345  wrgs:78,365  wck:9.51  ngds:4,432
    run238  dpts:416..496  robin:WdegOnDom-First  effs:5,833,392  asgs:(1825,noefs=1098,fails=242)  fails:28,587  wrgs:79,547  wck:9.64  ngds:4,441
    run239  dpts:1..99  robin:FrbaOnDom-Last  effs:5,848,401  asgs:(538,noefs=0,fails=254)  fails:28,841  wrgs:79,823  wck:9.67  ngds:4,521
 ...resetting heuristics data (nValues:6,986 - nSingletons:494 - nEntailed:451)
    run240  dpts:1..122  robin:Wdeg-Rand  effs:5,882,179  asgs:(785,noefs=161,fails=266)  fails:29,107  wrgs:80,305  wck:9.72  ngds:4,545
 ...Discarding 17 singleton variables
    run241  dpts:421..658  robin:PickOnDom-First  effs:5,950,617  asgs:(2145,noefs=880,fails=280)  fails:29,387  wrgs:81,716  wck:9.81  ngds:4,550
    run242  dpts:0..110  robin:WdegOnDom-Last  effs:5,971,120  asgs:(664,noefs=0,fails=294)  fails:29,681  wrgs:82,056  wck:9.84  ngds:4,590
    run243  dpts:2..154  robin:FrbaOnDom-Rand  effs:6,002,334  asgs:(898,noefs=201,fails=308)  fails:29,989  wrgs:82,615  wck:9.89  ngds:4,636
    run244  dpts:373..429  robin:Wdeg-First  effs:6,050,630  asgs:(2008,noefs=953,fails=324)  fails:30,313  wrgs:83,998  wck:9.96  ngds:4,639
    run245  dpts:2..95  robin:PickOnDom-Last  effs:6,077,379  asgs:(737,noefs=0,fails=340)  fails:30,653  wrgs:84,380  wck:9.99  ngds:4,709
    run246  dpts:2..121  robin:WdegOnDom-Rand  effs:6,142,413  asgs:(1068,noefs=211,fails=357)  fails:31,010  wrgs:85,053  wck:10.1  ngds:4,729
    run247  dpts:987..1214  robin:FrbaOnDom-First  effs:6,326,231  asgs:(2797,noefs=1425,fails=375)  fails:31,385  wrgs:86,598  wck:10.3  ngds:4,732
    run248  dpts:5..107  robin:Wdeg-Last  effs:6,368,060  asgs:(859,noefs=0,fails=394)  fails:31,779  wrgs:87,047  wck:10.4  ngds:4,797
    run249  dpts:4..105  robin:PickOnDom-Rand  effs:6,420,991  asgs:(1283,noefs=185,fails=413)  fails:32,192  wrgs:87,894  wck:10.5  ngds:4,814
    run250  dpts:280..407  robin:WdegOnDom-First  effs:6,580,984  asgs:(2983,noefs=1647,fails=434)  fails:32,626  wrgs:90,251  wck:10.7  ngds:4,819
 ...Discarding 4 singleton variables
    run251  dpts:5..130  robin:FrbaOnDom-Last  effs:6,604,534  asgs:(941,noefs=0,fails=456)  fails:33,082  wrgs:90,729  wck:10.7  ngds:4,877
    run252  dpts:5..142  robin:Wdeg-Rand  effs:6,673,356  asgs:(1458,noefs=302,fails=479)  fails:33,561  wrgs:91,657  wck:10.8  ngds:4,919
    run253  dpts:304..494  robin:PickOnDom-First  effs:6,934,190  asgs:(4618,noefs=1790,fails=503)  fails:34,064  wrgs:95,616  wck:11.2  ngds:4,922
    run254  dpts:2..55  robin:WdegOnDom-Last  effs:6,983,684  asgs:(1129,noefs=0,fails=528)  fails:34,592  wrgs:96,244  wck:11.3  ngds:4,949
    run255  dpts:12..133  robin:FrbaOnDom-Rand  effs:7,037,262  asgs:(1695,noefs=372,fails=554)  fails:35,146  wrgs:97,363  wck:11.3  ngds:4,971
    run256  dpts:552..633  robin:Wdeg-First  effs:7,149,380  asgs:(3823,noefs=1758,fails=582)  fails:35,728  wrgs:100,184  wck:11.5  ngds:4,975
    run257  dpts:0..145  robin:PickOnDom-Last  effs:7,194,043  asgs:(1392,noefs=0,fails=611)  fails:36,339  wrgs:100,973  wck:11.6  ngds:5,066
    run258  dpts:8..61  robin:WdegOnDom-Rand  effs:7,277,446  asgs:(1804,noefs=382,fails=642)  fails:36,981  wrgs:102,220  wck:11.7  ngds:5,076
    run259  dpts:903..1208  robin:FrbaOnDom-First  effs:7,785,503  asgs:(5106,noefs=2426,fails=674)  fails:37,655  wrgs:105,895  wck:12.3  ngds:5,081
    run260  dpts:1..71  robin:Wdeg-Last  effs:7,830,402  asgs:(1515,noefs=0,fails=708)  fails:38,363  wrgs:106,705  wck:12.4  ngds:5,135
 ...Discarding 1 singleton variables
    run261  dpts:0..258  robin:PickOnDom-Rand  effs:7,894,321  asgs:(2175,noefs=280,fails=743)  fails:39,106  wrgs:108,107  wck:12.5  ngds:5,229
    run262  dpts:122..587  robin:WdegOnDom-First  effs:8,231,453  asgs:(5339,noefs=2983,fails=780)  fails:39,886  wrgs:112,414  wck:12.9  ngds:5,233
    run263  dpts:3..132  robin:FrbaOnDom-Last  effs:8,279,192  asgs:(1681,noefs=0,fails=819)  fails:40,705  wrgs:113,283  wck:13.0  ngds:5,288
    run264  dpts:8..110  robin:Wdeg-Rand  effs:8,358,923  asgs:(2545,noefs=490,fails=860)  fails:41,565  wrgs:114,999  wck:13.1  ngds:5,324
    run265  dpts:551..831  robin:PickOnDom-First  effs:8,718,020  asgs:(8108,noefs=3214,fails=903)  fails:42,468  wrgs:121,851  wck:13.6  ngds:5,327
    run266  dpts:4..75  robin:WdegOnDom-Last  effs:8,769,061  asgs:(2059,noefs=0,fails=948)  fails:43,416  wrgs:123,010  wck:13.6  ngds:5,341
    run267  dpts:3..137  robin:FrbaOnDom-Rand  effs:8,865,552  asgs:(2882,noefs=593,fails=996)  fails:44,412  wrgs:124,905  wck:13.8  ngds:5,358
    run268  dpts:656..747  robin:Wdeg-First  effs:9,146,781  asgs:(5504,noefs=2255,fails=1046)  fails:45,458  wrgs:129,043  wck:14.1  ngds:5,365
    run269  dpts:4..106  robin:PickOnDom-Last  effs:9,247,702  asgs:(2416,noefs=0,fails=1098)  fails:46,556  wrgs:130,381  wck:14.3  ngds:5,410
 ...resetting heuristics data (nValues:6,978 - nSingletons:502 - nEntailed:459)
    run270  dpts:1..139  robin:WdegOnDom-Rand  effs:9,474,450  asgs:(3391,noefs=692,fails=1153)  fails:47,709  wrgs:132,625  wck:14.5  ngds:5,450
 ...resetting restart cutoff to 20
 ...Discarding 3 singleton variables
    run271  dpts:669..957  robin:FrbaOnDom-First  effs:9,490,888  asgs:(1068,noefs=594,fails=20)  fails:47,729  wrgs:132,796  wck:14.6  ngds:5,453
    run272  dpts:0..42  robin:Wdeg-Last  effs:9,492,087  asgs:(63,noefs=0,fails=21)  fails:47,750  wrgs:132,817  wck:14.6  ngds:5,473
    run273  dpts:0..58  robin:PickOnDom-Rand  effs:9,493,955  asgs:(80,noefs=22,fails=22)  fails:47,772  wrgs:132,839  wck:14.6  ngds:5,494
    run274  dpts:319..354  robin:WdegOnDom-First  effs:9,508,728  asgs:(516,noefs=356,fails=23)  fails:47,795  wrgs:133,009  wck:14.6  ngds:5,497
    run275  dpts:1..34  robin:FrbaOnDom-Last  effs:9,512,055  asgs:(58,noefs=0,fails=24)  fails:47,819  wrgs:133,033  wck:14.6  ngds:5,521
    run276  dpts:26..68  robin:Wdeg-Rand  effs:9,515,442  asgs:(108,noefs=25,fails=25)  fails:47,844  wrgs:133,066  wck:14.6  ngds:5,538
    run277  dpts:318..617  robin:PickOnDom-First  effs:9,520,126  asgs:(683,noefs=408,fails=26)  fails:47,870  wrgs:133,136  wck:14.7  ngds:5,546
    run278  dpts:4..42  robin:WdegOnDom-Last  effs:9,523,018  asgs:(77,noefs=0,fails=28)  fails:47,898  wrgs:133,167  wck:14.7  ngds:5,562
    run279  dpts:4..58  robin:FrbaOnDom-Rand  effs:9,526,540  asgs:(87,noefs=13,fails=29)  fails:47,927  wrgs:133,196  wck:14.7  ngds:5,591
    run280  dpts:239..357  robin:Wdeg-First  effs:9,539,635  asgs:(537,noefs=317,fails=31)  fails:47,958  wrgs:133,371  wck:14.7  ngds:5,594
 ...Discarding 3 singleton variables
    run281  dpts:4..42  robin:PickOnDom-Last  effs:9,542,331  asgs:(85,noefs=0,fails=32)  fails:47,990  wrgs:133,410  wck:14.7  ngds:5,616
    run282  dpts:4..72  robin:WdegOnDom-Rand  effs:9,548,967  asgs:(143,noefs=50,fails=34)  fails:48,024  wrgs:133,475  wck:14.7  ngds:5,626
    run283  dpts:1088..1173  robin:FrbaOnDom-First  effs:9,581,714  asgs:(1379,noefs=961,fails=35)  fails:48,059  wrgs:133,735  wck:14.8  ngds:5,627
    run284  dpts:1..46  robin:Wdeg-Last  effs:9,584,541  asgs:(99,noefs=0,fails=37)  fails:48,096  wrgs:133,776  wck:14.8  ngds:5,648
    run285  dpts:8..77  robin:PickOnDom-Rand  effs:9,590,234  asgs:(140,noefs=27,fails=39)  fails:48,135  wrgs:133,850  wck:14.8  ngds:5,658
    run286  dpts:323..361  robin:WdegOnDom-First  effs:9,612,347  asgs:(619,noefs=413,fails=41)  fails:48,176  wrgs:134,088  wck:14.9  ngds:5,663
    run287  dpts:6..53  robin:FrbaOnDom-Last  effs:9,617,272  asgs:(96,noefs=0,fails=43)  fails:48,219  wrgs:134,131  wck:14.9  ngds:5,706
    run288  dpts:2..53  robin:Wdeg-Rand  effs:9,621,236  asgs:(142,noefs=26,fails=45)  fails:48,264  wrgs:134,215  wck:14.9  ngds:5,710
    run289  dpts:642..845  robin:PickOnDom-First  effs:9,642,939  asgs:(1216,noefs=623,fails=48)  fails:48,312  wrgs:134,598  wck:14.9  ngds:5,718
    run290  dpts:7..45  robin:WdegOnDom-Last  effs:9,646,872  asgs:(127,noefs=0,fails=50)  fails:48,362  wrgs:134,657  wck:14.9  ngds:5,733
    run291  dpts:6..136  robin:FrbaOnDom-Rand  effs:9,652,085  asgs:(189,noefs=43,fails=53)  fails:48,415  wrgs:134,710  wck:14.9  ngds:5,786
    run292  dpts:303..494  robin:Wdeg-First  effs:9,674,860  asgs:(771,noefs=477,fails=55)  fails:48,470  wrgs:135,006  wck:15.0  ngds:5,791
    run293  dpts:1..79  robin:PickOnDom-Last  effs:9,678,720  asgs:(143,noefs=0,fails=58)  fails:48,528  wrgs:135,067  wck:15.0  ngds:5,832
    run294  dpts:5..39  robin:WdegOnDom-Rand  effs:9,686,303  asgs:(173,noefs=35,fails=61)  fails:48,589  wrgs:135,178  wck:15.0  ngds:5,844
    run295  dpts:1312..1456  robin:FrbaOnDom-First  effs:9,724,624  asgs:(1662,noefs=1120,fails=64)  fails:48,653  wrgs:135,477  wck:15.1  ngds:5,846
    run296  dpts:10..50  robin:Wdeg-Last  effs:9,728,920  asgs:(159,noefs=0,fails=67)  fails:48,720  wrgs:135,551  wck:15.1  ngds:5,854
    run297  dpts:5..151  robin:PickOnDom-Rand  effs:9,733,487  asgs:(256,noefs=71,fails=71)  fails:48,791  wrgs:135,654  wck:15.1  ngds:5,890
    run298  dpts:339..375  robin:WdegOnDom-First  effs:9,797,532  asgs:(874,noefs=596,fails=74)  fails:48,865  wrgs:136,128  wck:15.2  ngds:5,891
    run299  dpts:1..71  robin:FrbaOnDom-Last  effs:9,805,111  asgs:(171,noefs=0,fails=78)  fails:48,943  wrgs:136,208  wck:15.2  ngds:5,949
 ...resetting heuristics data (nValues:6,975 - nSingletons:505 - nEntailed:462)
    run300  dpts:0..128  robin:Wdeg-Rand  effs:9,817,422  asgs:(287,noefs=80,fails=82)  fails:49,025  wrgs:136,341  wck:15.2  ngds:5,973
 ...Discarding 1 singleton variables
    run301  dpts:413..617  robin:PickOnDom-First  effs:9,836,637  asgs:(942,noefs=509,fails=86)  fails:49,111  wrgs:136,728  wck:15.3  ngds:5,976
    run302  dpts:0..89  robin:WdegOnDom-Last  effs:9,841,433  asgs:(221,noefs=0,fails=90)  fails:49,201  wrgs:136,823  wck:15.3  ngds:6,008
    run303  dpts:3..104  robin:FrbaOnDom-Rand  effs:9,853,781  asgs:(288,noefs=53,fails=95)  fails:49,296  wrgs:136,975  wck:15.3  ngds:6,041
    run304  dpts:250..381  robin:Wdeg-First  effs:9,870,023  asgs:(853,noefs=416,fails=100)  fails:49,396  wrgs:137,399  wck:15.3  ngds:6,048
    run305  dpts:4..70  robin:PickOnDom-Last  effs:9,878,359  asgs:(232,noefs=0,fails=105)  fails:49,501  wrgs:137,510  wck:15.4  ngds:6,101
    run306  dpts:4..89  robin:WdegOnDom-Rand  effs:9,887,169  asgs:(355,noefs=84,fails=110)  fails:49,611  wrgs:137,718  wck:15.4  ngds:6,116
    run307  dpts:1021..1239  robin:FrbaOnDom-First  effs:9,977,184  asgs:(1805,noefs=1092,fails=115)  fails:49,726  wrgs:138,423  wck:15.5  ngds:6,117
    run308  dpts:2..71  robin:Wdeg-Last  effs:9,987,582  asgs:(276,noefs=0,fails=121)  fails:49,847  wrgs:138,556  wck:15.6  ngds:6,157
    run309  dpts:4..88  robin:PickOnDom-Rand  effs:10,000,033  asgs:(382,noefs=77,fails=127)  fails:49,974  wrgs:138,788  wck:15.6  ngds:6,175
    run310  dpts:163..313  robin:WdegOnDom-First  effs:10,027,000  asgs:(966,noefs=525,fails=134)  fails:50,108  wrgs:139,389  wck:15.6  ngds:6,180
 ...Discarding 1 singleton variables
    run311  dpts:0..57  robin:FrbaOnDom-Last  effs:10,034,611  asgs:(299,noefs=0,fails=140)  fails:50,248  wrgs:139,540  wck:15.6  ngds:6,219
    run312  dpts:21..78  robin:Wdeg-Rand  effs:10,051,283  asgs:(465,noefs=96,fails=147)  fails:50,395  wrgs:139,820  wck:15.7  ngds:6,237
    run313  dpts:518..838  robin:PickOnDom-First  effs:10,131,855  asgs:(2047,noefs=1020,fails=155)  fails:50,550  wrgs:141,112  wck:15.8  ngds:6,245
    run314  dpts:3..51  robin:WdegOnDom-Last  effs:10,142,558  asgs:(373,noefs=0,fails=162)  fails:50,712  wrgs:141,317  wck:15.8  ngds:6,262
    run315  dpts:1..92  robin:FrbaOnDom-Rand  effs:10,155,114  asgs:(537,noefs=132,fails=171)  fails:50,883  wrgs:141,642  wck:15.8  ngds:6,304
    run316  dpts:615..692  robin:Wdeg-First  effs:10,192,989  asgs:(1518,noefs=808,fails=179)  fails:51,062  wrgs:142,363  wck:15.9  ngds:6,312
    run317  dpts:1..76  robin:PickOnDom-Last  effs:10,211,171  asgs:(403,noefs=0,fails=188)  fails:51,250  wrgs:142,571  wck:15.9  ngds:6,348
    run318  dpts:0..101  robin:WdegOnDom-Rand  effs:10,235,212  asgs:(610,noefs=132,fails=198)  fails:51,448  wrgs:142,951  wck:15.9  ngds:6,372
    run319  dpts:859..1051  robin:FrbaOnDom-First  effs:10,442,682  asgs:(2154,noefs=1286,fails=208)  fails:51,656  wrgs:144,134  wck:16.2  ngds:6,375
    run320  dpts:4..70  robin:Wdeg-Last  effs:10,460,477  asgs:(502,noefs=0,fails=218)  fails:51,874  wrgs:144,403  wck:16.3  ngds:6,398
 ...Discarding 2 singleton variables
    run321  dpts:3..128  robin:PickOnDom-Rand  effs:10,474,291  asgs:(645,noefs=118,fails=229)  fails:52,103  wrgs:144,801  wck:16.3  ngds:6,419
    run322  dpts:233..512  robin:WdegOnDom-First  effs:10,605,719  asgs:(1857,noefs=1001,fails=240)  fails:52,343  wrgs:146,212  wck:16.5  ngds:6,420
    run323  dpts:2..111  robin:FrbaOnDom-Last  effs:10,622,483  asgs:(525,noefs=0,fails=252)  fails:52,595  wrgs:146,479  wck:16.5  ngds:6,506
    run324  dpts:13..65  robin:Wdeg-Rand  effs:10,637,519  asgs:(803,noefs=134,fails=265)  fails:52,860  wrgs:147,021  wck:16.5  ngds:6,517
    run325  dpts:383..499  robin:PickOnDom-First  effs:10,769,869  asgs:(2373,noefs=989,fails=278)  fails:53,138  wrgs:148,843  wck:16.7  ngds:6,519
    run326  dpts:0..77  robin:WdegOnDom-Last  effs:10,800,370  asgs:(628,noefs=0,fails=292)  fails:53,430  wrgs:149,174  wck:16.8  ngds:6,546
    run327  dpts:1..82  robin:FrbaOnDom-Rand  effs:10,834,155  asgs:(915,noefs=151,fails=307)  fails:53,737  wrgs:149,778  wck:16.8  ngds:6,566
    run328  dpts:577..690  robin:Wdeg-First  effs:10,924,749  asgs:(2479,noefs=1258,fails=322)  fails:54,059  wrgs:151,393  wck:17.0  ngds:6,570
    run329  dpts:1..78  robin:PickOnDom-Last  effs:10,934,477  asgs:(725,noefs=0,fails=338)  fails:54,397  wrgs:151,797  wck:17.0  ngds:6,605
 ...resetting heuristics data (nValues:6,970 - nSingletons:510 - nEntailed:467)
    run330  dpts:2..172  robin:WdegOnDom-Rand  effs:11,000,435  asgs:(1095,noefs=214,fails=355)  fails:54,752  wrgs:152,476  wck:17.1  ngds:6,641
 ...Discarding 1 singleton variables
    run331  dpts:743..959  robin:FrbaOnDom-First  effs:11,212,162  asgs:(3070,noefs=1366,fails=373)  fails:55,125  wrgs:154,533  wck:17.4  ngds:6,644
    run332  dpts:0..92  robin:Wdeg-Last  effs:11,247,452  asgs:(850,noefs=0,fails=392)  fails:55,517  wrgs:154,969  wck:17.4  ngds:6,670
    run333  dpts:0..188  robin:PickOnDom-Rand  effs:11,306,775  asgs:(1259,noefs=285,fails=411)  fails:55,928  wrgs:155,737  wck:17.5  ngds:6,711
    run334  dpts:262..311  robin:WdegOnDom-First  effs:11,407,013  asgs:(2229,noefs=972,fails=432)  fails:56,360  wrgs:157,426  wck:17.7  ngds:6,718
    run335  dpts:2..134  robin:FrbaOnDom-Last  effs:11,434,850  asgs:(938,noefs=0,fails=454)  fails:56,814  wrgs:157,901  wck:17.7  ngds:6,822
    run336  dpts:3..136  robin:Wdeg-Rand  effs:11,514,963  asgs:(1387,noefs=236,fails=476)  fails:57,290  wrgs:158,818  wck:17.8  ngds:6,838
    run337  dpts:112..764  robin:PickOnDom-First  effs:11,718,882  asgs:(3768,noefs=1074,fails=500)  fails:57,790  wrgs:161,546  wck:18.1  ngds:6,844
    run338  dpts:2..51  robin:WdegOnDom-Last  effs:11,741,340  asgs:(1127,noefs=0,fails=525)  fails:58,315  wrgs:162,169  wck:18.1  ngds:6,857
    run339  dpts:2..121  robin:FrbaOnDom-Rand  effs:11,787,006  asgs:(1644,noefs=345,fails=551)  fails:58,866  wrgs:163,243  wck:18.2  ngds:6,892
    run340  dpts:376..554  robin:Wdeg-First  effs:12,064,914  asgs:(4582,noefs=2404,fails=579)  fails:59,445  wrgs:167,057  wck:18.5  ngds:6,898
 ...Discarding 3 singleton variables
    run341  dpts:2..87  robin:PickOnDom-Last  effs:12,090,720  asgs:(1305,noefs=0,fails=608)  fails:60,053  wrgs:167,794  wck:18.6  ngds:6,930
    run342  dpts:15..93  robin:WdegOnDom-Rand  effs:12,173,806  asgs:(1846,noefs=378,fails=638)  fails:60,691  wrgs:169,087  wck:18.7  ngds:6,939
    run343  dpts:777..1296  robin:FrbaOnDom-First  effs:12,547,605  asgs:(4341,noefs=1867,fails=670)  fails:61,361  wrgs:171,989  wck:19.2  ngds:6,948
    run344  dpts:1..70  robin:Wdeg-Last  effs:12,587,320  asgs:(1612,noefs=0,fails=704)  fails:62,065  wrgs:172,931  wck:19.2  ngds:6,968
    run345  dpts:7..166  robin:PickOnDom-Rand  effs:12,701,304  asgs:(2271,noefs=350,fails=739)  fails:62,804  wrgs:174,407  wck:19.4  ngds:7,015
    run346  dpts:495..550  robin:WdegOnDom-First  effs:12,859,895  asgs:(3622,noefs=1686,fails=776)  fails:63,580  wrgs:177,046  wck:19.6  ngds:7,023
    run347  dpts:3..79  robin:FrbaOnDom-Last  effs:12,889,112  asgs:(1702,noefs=0,fails=815)  fails:64,395  wrgs:177,935  wck:19.7  ngds:7,056
    run348  dpts:4..81  robin:Wdeg-Rand  effs:12,951,101  asgs:(2482,noefs=465,fails=856)  fails:65,251  wrgs:179,628  wck:19.7  ngds:7,072
    run349  dpts:381..596  robin:PickOnDom-First  effs:13,283,992  asgs:(6587,noefs=2463,fails=899)  fails:66,150  wrgs:185,056  wck:20.2  ngds:7,076
    run350  dpts:1..74  robin:WdegOnDom-Last  effs:13,367,131  asgs:(1996,noefs=0,fails=944)  fails:67,094  wrgs:186,152  wck:20.3  ngds:7,121
    run351  dpts:16..172  robin:FrbaOnDom-Rand  effs:13,451,425  asgs:(2917,noefs=618,fails=991)  fails:68,085  wrgs:188,094  wck:20.5  ngds:7,154
    run352  dpts:562..701  robin:Wdeg-First  effs:13,957,222  asgs:(6820,noefs=2577,fails=1040)  fails:69,125  wrgs:193,663  wck:21.2  ngds:7,157
    run353  dpts:1..53  robin:PickOnDom-Last  effs:14,045,000  asgs:(2450,noefs=0,fails=1092)  fails:70,217  wrgs:195,125  wck:21.3  ngds:7,190
    run354  dpts:3..108  robin:WdegOnDom-Rand  effs:14,218,083  asgs:(3244,noefs=634,fails=1147)  fails:71,364  wrgs:197,377  wck:21.5  ngds:7,213
    run355  dpts:851..1072  robin:FrbaOnDom-First  effs:14,850,362  asgs:(7432,noefs=2860,fails=1204)  fails:72,568  wrgs:202,938  wck:22.3  ngds:7,215
    run356  dpts:1..83  robin:Wdeg-Last  effs:14,933,933  asgs:(2684,noefs=0,fails=1265)  fails:73,833  wrgs:204,428  wck:22.4  ngds:7,279
    run357  dpts:11..95  robin:PickOnDom-Rand  effs:15,060,751  asgs:(3735,noefs=421,fails=1328)  fails:75,161  wrgs:207,048  wck:22.6  ngds:7,289
    run358  dpts:495..645  robin:WdegOnDom-First  effs:15,288,435  asgs:(6867,noefs=2960,fails=1394)  fails:76,555  wrgs:212,442  wck:22.9  ngds:7,299
    run359  dpts:3..137  robin:FrbaOnDom-Last  effs:15,409,546  asgs:(3005,noefs=0,fails=1464)  fails:78,019  wrgs:214,000  wck:23.1  ngds:7,357
 ...resetting heuristics data (nValues:6,967 - nSingletons:513 - nEntailed:470)
    run360  dpts:0..140  robin:Wdeg-Rand  effs:15,627,561  asgs:(4456,noefs=796,fails=1537)  fails:79,556  wrgs:217,004  wck:23.4  ngds:7,374
 ...resetting restart cutoff to 25
 ...Discarding 1 singleton variables
    run361  dpts:459..508  robin:PickOnDom-First  effs:15,639,842  asgs:(533,noefs=363,fails=25)  fails:79,581  wrgs:217,076  wck:23.4  ngds:7,375
    run362  dpts:0..51  robin:WdegOnDom-Last  effs:15,640,650  asgs:(77,noefs=0,fails=26)  fails:79,607  wrgs:217,102  wck:23.4  ngds:7,400
    run363  dpts:0..67  robin:FrbaOnDom-Rand  effs:15,645,394  asgs:(96,noefs=22,fails=27)  fails:79,634  wrgs:217,137  wck:23.4  ngds:7,420
    run364  dpts:362..523  robin:Wdeg-First  effs:15,651,513  asgs:(643,noefs=445,fails=28)  fails:79,662  wrgs:217,254  wck:23.4  ngds:7,428
    run365  dpts:12..56  robin:PickOnDom-Last  effs:15,654,317  asgs:(86,noefs=0,fails=30)  fails:79,692  wrgs:217,284  wck:23.4  ngds:7,458
    run366  dpts:31..83  robin:WdegOnDom-Rand  effs:15,658,887  asgs:(140,noefs=33,fails=31)  fails:79,723  wrgs:217,336  wck:23.4  ngds:7,468
    run367  dpts:766..930  robin:FrbaOnDom-First  effs:15,679,901  asgs:(1074,noefs=660,fails=33)  fails:79,756  wrgs:217,518  wck:23.5  ngds:7,475
    run368  dpts:1..49  robin:Wdeg-Last  effs:15,683,749  asgs:(84,noefs=0,fails=35)  fails:79,791  wrgs:217,553  wck:23.5  ngds:7,510
    run369  dpts:27..68  robin:PickOnDom-Rand  effs:15,690,963  asgs:(147,noefs=31,fails=36)  fails:79,827  wrgs:217,633  wck:23.5  ngds:7,514
    run370  dpts:286..330  robin:WdegOnDom-First  effs:15,706,393  asgs:(634,noefs=407,fails=38)  fails:79,865  wrgs:217,928  wck:23.5  ngds:7,519
 ...Discarding 2 singleton variables
    run371  dpts:3..31  robin:FrbaOnDom-Last  effs:15,711,723  asgs:(88,noefs=0,fails=40)  fails:79,905  wrgs:217,970  wck:23.6  ngds:7,542
    run372  dpts:6..106  robin:Wdeg-Rand  effs:15,715,292  asgs:(148,noefs=34,fails=42)  fails:79,947  wrgs:218,012  wck:23.6  ngds:7,584
    run373  dpts:172..696  robin:PickOnDom-First  effs:15,764,780  asgs:(1352,noefs=604,fails=44)  fails:79,991  wrgs:218,642  wck:23.6  ngds:7,592
    run374  dpts:1..66  robin:WdegOnDom-Last  effs:15,768,699  asgs:(113,noefs=0,fails=47)  fails:80,038  wrgs:218,690  wck:23.6  ngds:7,626
    run375  dpts:6..124  robin:FrbaOnDom-Rand  effs:15,774,397  asgs:(188,noefs=56,fails=49)  fails:80,087  wrgs:218,772  wck:23.7  ngds:7,653
    run376  dpts:464..492  robin:Wdeg-First  effs:15,782,048  asgs:(752,noefs=494,fails=51)  fails:80,138  wrgs:219,019  wck:23.7  ngds:7,656
    run377  dpts:1..80  robin:PickOnDom-Last  effs:15,785,000  asgs:(134,noefs=0,fails=54)  fails:80,192  wrgs:219,073  wck:23.7  ngds:7,710
    run378  dpts:9..62  robin:WdegOnDom-Rand  effs:15,794,250  asgs:(183,noefs=48,fails=57)  fails:80,249  wrgs:219,171  wck:23.7  ngds:7,722
    run379  dpts:981..1099  robin:FrbaOnDom-First  effs:15,832,975  asgs:(1404,noefs=967,fails=60)  fails:80,309  wrgs:219,551  wck:23.8  ngds:7,724
    run380  dpts:11..66  robin:Wdeg-Last  effs:15,838,528  asgs:(151,noefs=0,fails=63)  fails:80,372  wrgs:219,620  wck:23.8  ngds:7,760
    run381  dpts:2..138  robin:PickOnDom-Rand  effs:15,844,889  asgs:(236,noefs=56,fails=66)  fails:80,438  wrgs:219,709  wck:23.8  ngds:7,798
    run382  dpts:290..348  robin:WdegOnDom-First  effs:15,883,981  asgs:(629,noefs=340,fails=69)  fails:80,507  wrgs:219,993  wck:23.9  ngds:7,802
    run383  dpts:3..53  robin:FrbaOnDom-Last  effs:15,891,274  asgs:(168,noefs=0,fails=73)  fails:80,580  wrgs:220,075  wck:23.9  ngds:7,844
    run384  dpts:3..112  robin:Wdeg-Rand  effs:15,901,080  asgs:(260,noefs=61,fails=76)  fails:80,656  wrgs:220,208  wck:23.9  ngds:7,873
    run385  dpts:522..730  robin:PickOnDom-First  effs:15,946,364  asgs:(1157,noefs=495,fails=80)  fails:80,736  wrgs:220,728  wck:24.0  ngds:7,877
    run386  dpts:2..57  robin:WdegOnDom-Last  effs:15,956,637  asgs:(192,noefs=0,fails=84)  fails:80,820  wrgs:220,823  wck:24.0  ngds:7,903
    run387  dpts:3..153  robin:FrbaOnDom-Rand  effs:15,963,683  asgs:(302,noefs=87,fails=88)  fails:80,908  wrgs:220,991  wck:24.0  ngds:7,924
    run388  dpts:563..642  robin:Wdeg-First  effs:15,996,711  asgs:(1087,noefs=683,fails=93)  fails:81,001  wrgs:221,449  wck:24.1  ngds:7,927
    run389  dpts:3..95  robin:PickOnDom-Last  effs:16,000,556  asgs:(216,noefs=0,fails=98)  fails:81,099  wrgs:221,552  wck:24.1  ngds:7,982
 ...resetting heuristics data (nValues:6,964 - nSingletons:516 - nEntailed:473)
    run390  dpts:0..95  robin:WdegOnDom-Rand  effs:16,015,333  asgs:(325,noefs=70,fails=102)  fails:81,201  wrgs:221,724  wck:24.1  ngds:8,008
 ...Discarding 1 singleton variables
    run391  dpts:577..1001  robin:FrbaOnDom-First  effs:16,078,721  asgs:(1594,noefs=821,fails=108)  fails:81,309  wrgs:222,372  wck:24.2  ngds:8,011
    run392  dpts:0..105  robin:Wdeg-Last  effs:16,085,558  asgs:(280,noefs=0,fails=113)  fails:81,422  wrgs:222,499  wck:24.2  ngds:8,049
    run393  dpts:1..186  robin:PickOnDom-Rand  effs:16,092,234  asgs:(395,noefs=95,fails=119)  fails:81,541  wrgs:222,672  wck:24.2  ngds:8,108
    run394  dpts:152..439  robin:WdegOnDom-First  effs:16,119,720  asgs:(1032,noefs=587,fails=125)  fails:81,666  wrgs:223,215  wck:24.3  ngds:8,113
    run395  dpts:3..56  robin:FrbaOnDom-Last  effs:16,128,573  asgs:(280,noefs=0,fails=131)  fails:81,797  wrgs:223,366  wck:24.3  ngds:8,157
    run396  dpts:7..62  robin:Wdeg-Rand  effs:16,140,432  asgs:(377,noefs=57,fails=137)  fails:81,934  wrgs:223,615  wck:24.3  ngds:8,162
    run397  dpts:84..763  robin:PickOnDom-First  effs:16,195,392  asgs:(1600,noefs=617,fails=144)  fails:82,078  wrgs:224,400  wck:24.4  ngds:8,167
    run398  dpts:6..63  robin:WdegOnDom-Last  effs:16,204,640  asgs:(329,noefs=0,fails=152)  fails:82,230  wrgs:224,568  wck:24.4  ngds:8,196
    run399  dpts:5..94  robin:FrbaOnDom-Rand  effs:16,224,355  asgs:(480,noefs=106,fails=159)  fails:82,389  wrgs:224,858  wck:24.5  ngds:8,222
    run400  dpts:479..559  robin:Wdeg-First  effs:16,275,558  asgs:(1470,noefs=760,fails=167)  fails:82,556  wrgs:225,699  wck:24.5  ngds:8,224
 ...Discarding 1 singleton variables
    run401  dpts:2..83  robin:PickOnDom-Last  effs:16,285,173  asgs:(380,noefs=0,fails=175)  fails:82,731  wrgs:225,892  wck:24.6  ngds:8,264
    run402  dpts:6..82  robin:WdegOnDom-Rand  effs:16,312,924  asgs:(546,noefs=135,fails=184)  fails:82,915  wrgs:226,232  wck:24.6  ngds:8,273
    run403  dpts:1126..1293  robin:FrbaOnDom-First  effs:16,457,920  asgs:(2413,noefs=1330,fails=194)  fails:83,109  wrgs:227,362  wck:24.8  ngds:8,279
    run404  dpts:8..69  robin:Wdeg-Last  effs:16,472,964  asgs:(447,noefs=0,fails=203)  fails:83,312  wrgs:227,591  wck:24.8  ngds:8,313
    run405  dpts:12..110  robin:PickOnDom-Rand  effs:16,492,231  asgs:(639,noefs=124,fails=213)  fails:83,525  wrgs:227,989  wck:24.9  ngds:8,328
    run406  dpts:309..534  robin:WdegOnDom-First  effs:16,609,627  asgs:(1690,noefs=942,fails=224)  fails:83,749  wrgs:229,191  wck:25.0  ngds:8,332
    run407  dpts:1..138  robin:FrbaOnDom-Last  effs:16,622,677  asgs:(490,noefs=0,fails=235)  fails:83,984  wrgs:229,444  wck:25.1  ngds:8,393
    run408  dpts:8..82  robin:Wdeg-Rand  effs:16,659,912  asgs:(746,noefs=145,fails=247)  fails:84,231  wrgs:229,930  wck:25.1  ngds:8,429
    run409  dpts:413..786  robin:PickOnDom-First  effs:16,749,138  asgs:(2229,noefs=954,fails=260)  fails:84,491  wrgs:231,380  wck:25.2  ngds:8,435
    run410  dpts:8..61  robin:WdegOnDom-Last  effs:16,761,625  asgs:(595,noefs=0,fails=273)  fails:84,764  wrgs:231,707  wck:25.3  ngds:8,451
    run411  dpts:5..151  robin:FrbaOnDom-Rand  effs:16,789,545  asgs:(881,noefs=222,fails=286)  fails:85,050  wrgs:232,264  wck:25.3  ngds:8,481
    run412  dpts:556..747  robin:Wdeg-First  effs:16,837,174  asgs:(1879,noefs=911,fails=301)  fails:85,351  wrgs:233,353  wck:25.4  ngds:8,489
    run413  dpts:2..74  robin:PickOnDom-Last  effs:16,852,854  asgs:(695,noefs=0,fails=316)  fails:85,667  wrgs:233,734  wck:25.4  ngds:8,511
    run414  dpts:7..62  robin:WdegOnDom-Rand  effs:16,901,568  asgs:(958,noefs=193,fails=331)  fails:85,998  wrgs:234,406  wck:25.5  ngds:8,524
    run415  dpts:1071..1192  robin:FrbaOnDom-First  effs:17,090,607  asgs:(2993,noefs=1542,fails=348)  fails:86,346  wrgs:236,002  wck:25.8  ngds:8,529
    run416  dpts:7..41  robin:Wdeg-Last  effs:17,113,902  asgs:(822,noefs=0,fails=365)  fails:86,711  wrgs:236,472  wck:25.8  ngds:8,538
    run417  dpts:5..149  robin:PickOnDom-Rand  effs:17,143,432  asgs:(1105,noefs=126,fails=384)  fails:87,095  wrgs:237,152  wck:25.9  ngds:8,587
    run418  dpts:418..507  robin:WdegOnDom-First  effs:17,269,052  asgs:(2268,noefs=1209,fails=403)  fails:87,498  wrgs:238,714  wck:26.1  ngds:8,591
    run419  dpts:2..65  robin:FrbaOnDom-Last  effs:17,296,828  asgs:(895,noefs=0,fails=423)  fails:87,921  wrgs:239,190  wck:26.1  ngds:8,608
 ...resetting heuristics data (nValues:6,962 - nSingletons:518 - nEntailed:475)
    run420  dpts:1..141  robin:Wdeg-Rand  effs:17,355,242  asgs:(1374,noefs=316,fails=444)  fails:88,365  wrgs:240,076  wck:26.2  ngds:8,643
    run421  dpts:448..547  robin:PickOnDom-First  effs:17,454,379  asgs:(2839,noefs=955,fails=466)  fails:88,831  wrgs:242,124  wck:26.3  ngds:8,646
    run422  dpts:0..112  robin:WdegOnDom-Last  effs:17,513,536  asgs:(1073,noefs=0,fails=490)  fails:89,321  wrgs:242,680  wck:26.4  ngds:8,681
    run423  dpts:4..142  robin:FrbaOnDom-Rand  effs:17,565,897  asgs:(1527,noefs=337,fails=514)  fails:89,835  wrgs:243,650  wck:26.4  ngds:8,726
    run424  dpts:410..485  robin:Wdeg-First  effs:17,657,062  asgs:(3077,noefs=1157,fails=540)  fails:90,375  wrgs:245,843  wck:26.6  ngds:8,730
    run425  dpts:1..143  robin:PickOnDom-Last  effs:17,692,628  asgs:(1206,noefs=0,fails=567)  fails:90,942  wrgs:246,463  wck:26.6  ngds:8,789
    run426  dpts:12..117  robin:WdegOnDom-Rand  effs:17,747,709  asgs:(1710,noefs=293,fails=595)  fails:91,537  wrgs:247,597  wck:26.7  ngds:8,806
    run427  dpts:815..1094  robin:FrbaOnDom-First  effs:18,160,486  asgs:(4762,noefs=2291,fails=625)  fails:92,162  wrgs:251,208  wck:27.3  ngds:8,808
    run428  dpts:10..79  robin:Wdeg-Last  effs:18,213,511  asgs:(1402,noefs=0,fails=657)  fails:92,819  wrgs:251,964  wck:27.4  ngds:8,831
    run429  dpts:9..152  robin:PickOnDom-Rand  effs:18,259,005  asgs:(1978,noefs=380,fails=689)  fails:93,508  wrgs:253,255  wck:27.5  ngds:8,890
    run430  dpts:190..266  robin:WdegOnDom-First  effs:18,574,007  asgs:(4171,noefs=2312,fails=724)  fails:94,232  wrgs:256,830  wck:27.9  ngds:8,896
 ...Discarding 3 singleton variables
    run431  dpts:3..97  robin:FrbaOnDom-Last  effs:18,622,519  asgs:(1573,noefs=0,fails=760)  fails:94,992  wrgs:257,661  wck:27.9  ngds:8,915
    run432  dpts:11..105  robin:Wdeg-Rand  effs:18,687,426  asgs:(2205,noefs=435,fails=798)  fails:95,790  wrgs:259,273  wck:28.0  ngds:8,931
    run433  dpts:433..576  robin:PickOnDom-First  effs:18,904,633  asgs:(4905,noefs=1392,fails=838)  fails:96,628  wrgs:263,058  wck:28.3  ngds:8,935
    run434  dpts:3..72  robin:WdegOnDom-Last  effs:18,967,778  asgs:(1859,noefs=0,fails=880)  fails:97,508  wrgs:264,041  wck:28.4  ngds:8,959
    run435  dpts:6..162  robin:FrbaOnDom-Rand  effs:19,081,695  asgs:(2771,noefs=639,fails=924)  fails:98,432  wrgs:265,840  wck:28.6  ngds:9,016
    run436  dpts:637..816  robin:Wdeg-First  effs:19,489,012  asgs:(5352,noefs=2671,fails=970)  fails:99,402  wrgs:270,085  wck:29.1  ngds:9,021
    run437  dpts:1..100  robin:PickOnDom-Last  effs:19,561,393  asgs:(2215,noefs=0,fails=1019)  fails:100,421  wrgs:271,308  wck:29.1  ngds:9,053
    run438  dpts:5..95  robin:WdegOnDom-Rand  effs:19,714,254  asgs:(3134,noefs=698,fails=1070)  fails:101,491  wrgs:273,422  wck:29.4  ngds:9,068
    run439  dpts:790..1147  robin:FrbaOnDom-First  effs:20,517,737  asgs:(6942,noefs=3062,fails=1123)  fails:102,614  wrgs:278,681  wck:30.4  ngds:9,073
    run440  dpts:15..72  robin:Wdeg-Last  effs:20,577,863  asgs:(2567,noefs=0,fails=1180)  fails:103,794  wrgs:280,170  wck:30.5  ngds:9,101
    run441  dpts:14..117  robin:PickOnDom-Rand  effs:20,720,603  asgs:(3632,noefs=536,fails=1239)  fails:105,033  wrgs:282,601  wck:30.7  ngds:9,115
    run442  dpts:157..381  robin:WdegOnDom-First  effs:21,178,756  asgs:(6822,noefs=2844,fails=1300)  fails:106,333  wrgs:288,240  wck:31.3  ngds:9,119
    run443  dpts:2..156  robin:FrbaOnDom-Last  effs:21,266,351  asgs:(2789,noefs=0,fails=1366)  fails:107,699  wrgs:289,687  wck:31.4  ngds:9,141
    run444  dpts:7..103  robin:Wdeg-Rand  effs:21,442,354  asgs:(4234,noefs=767,fails=1434)  fails:109,133  wrgs:292,585  wck:31.7  ngds:9,153
    run445  dpts:434..733  robin:PickOnDom-First  effs:21,858,870  asgs:(12315,noefs=5522,fails=1506)  fails:110,639  wrgs:303,147  wck:32.3  ngds:9,163
    run446  dpts:3..104  robin:WdegOnDom-Last  effs:21,929,491  asgs:(3339,noefs=0,fails=1581)  fails:112,220  wrgs:305,001  wck:32.4  ngds:9,178
    run447  dpts:5..167  robin:FrbaOnDom-Rand  effs:22,196,099  asgs:(4872,noefs=1052,fails=1660)  fails:113,880  wrgs:308,213  wck:32.8  ngds:9,227
    run448  dpts:673..904  robin:Wdeg-First  effs:22,761,069  asgs:(10828,noefs=4488,fails=1743)  fails:115,623  wrgs:316,925  wck:33.6  ngds:9,233
    run449  dpts:2..78  robin:PickOnDom-Last  effs:22,875,655  asgs:(4035,noefs=0,fails=1830)  fails:117,453  wrgs:319,180  wck:33.7  ngds:9,287
 ...resetting heuristics data (nValues:6,959 - nSingletons:521 - nEntailed:478)
    run450  dpts:1..145  robin:WdegOnDom-Rand  effs:23,275,510  asgs:(5582,noefs=1212,fails=1922)  fails:119,375  wrgs:322,960  wck:34.2  ngds:9,323
 ...resetting restart cutoff to 30
    run451  dpts:749..835  robin:FrbaOnDom-First  effs:23,305,211  asgs:(915,noefs=540,fails=30)  fails:119,405  wrgs:323,100  wck:34.2  ngds:9,328
    run452  dpts:0..70  robin:Wdeg-Last  effs:23,306,392  asgs:(101,noefs=0,fails=31)  fails:119,436  wrgs:323,131  wck:34.2  ngds:9,358
    run453  dpts:1..115  robin:PickOnDom-Rand  effs:23,309,543  asgs:(148,noefs=46,fails=33)  fails:119,469  wrgs:323,164  wck:34.2  ngds:9,391
    run454  dpts:198..316  robin:WdegOnDom-First  effs:23,317,237  asgs:(449,noefs=320,fails=34)  fails:119,503  wrgs:323,321  wck:34.3  ngds:9,395
    run455  dpts:3..50  robin:FrbaOnDom-Last  effs:23,321,554  asgs:(86,noefs=0,fails=36)  fails:119,539  wrgs:323,357  wck:34.3  ngds:9,431
    run456  dpts:20..88  robin:Wdeg-Rand  effs:23,326,022  asgs:(152,noefs=25,fails=38)  fails:119,577  wrgs:323,410  wck:34.3  ngds:9,445
    run457  dpts:713..848  robin:PickOnDom-First  effs:23,344,190  asgs:(1157,noefs=587,fails=40)  fails:119,617  wrgs:323,759  wck:34.3  ngds:9,450
    run458  dpts:4..55  robin:WdegOnDom-Last  effs:23,346,964  asgs:(100,noefs=0,fails=42)  fails:119,659  wrgs:323,828  wck:34.3  ngds:9,466
    run459  dpts:8..115  robin:FrbaOnDom-Rand  effs:23,352,728  asgs:(178,noefs=60,fails=44)  fails:119,703  wrgs:323,886  wck:34.3  ngds:9,505
    run460  dpts:361..406  robin:Wdeg-First  effs:23,364,445  asgs:(664,noefs=384,fails=46)  fails:119,749  wrgs:324,154  wck:34.4  ngds:9,509
 ...Discarding 2 singleton variables
    run461  dpts:8..62  robin:PickOnDom-Last  effs:23,368,714  asgs:(117,noefs=0,fails=48)  fails:119,797  wrgs:324,205  wck:34.4  ngds:9,531
    run462  dpts:5..60  robin:WdegOnDom-Rand  effs:23,373,486  asgs:(147,noefs=30,fails=51)  fails:119,848  wrgs:324,287  wck:34.4  ngds:9,540
    run463  dpts:1118..1210  robin:FrbaOnDom-First  effs:23,425,990  asgs:(1383,noefs=945,fails=53)  fails:119,901  wrgs:324,524  wck:34.5  ngds:9,542
    run464  dpts:8..35  robin:Wdeg-Last  effs:23,429,360  asgs:(136,noefs=0,fails=56)  fails:119,957  wrgs:324,592  wck:34.5  ngds:9,549
    run465  dpts:10..138  robin:PickOnDom-Rand  effs:23,432,615  asgs:(197,noefs=49,fails=59)  fails:120,016  wrgs:324,651  wck:34.5  ngds:9,608
    run466  dpts:85..224  robin:WdegOnDom-First  effs:23,473,837  asgs:(789,noefs=571,fails=62)  fails:120,078  wrgs:325,167  wck:34.6  ngds:9,616
    run467  dpts:3..47  robin:FrbaOnDom-Last  effs:23,480,286  asgs:(140,noefs=0,fails=65)  fails:120,143  wrgs:325,235  wck:34.6  ngds:9,654
    run468  dpts:13..70  robin:Wdeg-Rand  effs:23,486,134  asgs:(230,noefs=54,fails=68)  fails:120,211  wrgs:325,365  wck:34.6  ngds:9,664
    run469  dpts:465..590  robin:PickOnDom-First  effs:23,529,588  asgs:(1460,noefs=753,fails=72)  fails:120,283  wrgs:326,185  wck:34.7  ngds:9,670
    run470  dpts:14..54  robin:WdegOnDom-Last  effs:23,536,703  asgs:(181,noefs=0,fails=75)  fails:120,358  wrgs:326,277  wck:34.7  ngds:9,695
    run471  dpts:6..73  robin:FrbaOnDom-Rand  effs:23,545,390  asgs:(255,noefs=58,fails=79)  fails:120,437  wrgs:326,419  wck:34.7  ngds:9,722
    run472  dpts:455..490  robin:Wdeg-First  effs:23,561,332  asgs:(927,noefs=519,fails=83)  fails:120,520  wrgs:326,821  wck:34.7  ngds:9,725
    run473  dpts:4..104  robin:PickOnDom-Last  effs:23,564,914  asgs:(201,noefs=0,fails=87)  fails:120,607  wrgs:326,912  wck:34.7  ngds:9,787
    run474  dpts:2..71  robin:WdegOnDom-Rand  effs:23,579,012  asgs:(275,noefs=62,fails=92)  fails:120,699  wrgs:327,072  wck:34.8  ngds:9,801
    run475  dpts:1133..1243  robin:FrbaOnDom-First  effs:23,679,938  asgs:(1842,noefs=1097,fails=96)  fails:120,795  wrgs:327,709  wck:34.9  ngds:9,803
    run476  dpts:5..42  robin:Wdeg-Last  effs:23,688,782  asgs:(241,noefs=0,fails=101)  fails:120,896  wrgs:327,836  wck:34.9  ngds:9,820
    run477  dpts:3..161  robin:PickOnDom-Rand  effs:23,698,973  asgs:(355,noefs=63,fails=106)  fails:121,002  wrgs:328,009  wck:35.0  ngds:9,858
    run478  dpts:202..253  robin:WdegOnDom-First  effs:23,744,080  asgs:(832,noefs=505,fails=112)  fails:121,114  wrgs:328,539  wck:35.0  ngds:9,861
    run479  dpts:1..119  robin:FrbaOnDom-Last  effs:23,750,776  asgs:(243,noefs=0,fails=117)  fails:121,231  wrgs:328,657  wck:35.0  ngds:9,948
 ...resetting heuristics data (nValues:6,957 - nSingletons:523 - nEntailed:480)
    run480  dpts:0..125  robin:Wdeg-Rand  effs:23,761,844  asgs:(413,noefs=115,fails=123)  fails:121,354  wrgs:328,873  wck:35.1  ngds:9,991
 ...Discarding 2 singleton variables
    run481  dpts:439..500  robin:PickOnDom-First  effs:23,788,747  asgs:(1068,noefs=523,fails=129)  fails:121,483  wrgs:329,412  wck:35.1  ngds:9,993
    run482  dpts:0..89  robin:WdegOnDom-Last  effs:23,798,160  asgs:(329,noefs=0,fails=136)  fails:121,619  wrgs:329,566  wck:35.1  ngds:10,029
    run483  dpts:1..169  robin:FrbaOnDom-Rand  effs:23,815,444  asgs:(459,noefs=107,fails=142)  fails:121,761  wrgs:329,809  wck:35.1  ngds:10,091
    run484  dpts:438..484  robin:Wdeg-First  effs:23,846,601  asgs:(1285,noefs=756,fails=150)  fails:121,911  wrgs:330,525  wck:35.2  ngds:10,094
    run485  dpts:2..72  robin:PickOnDom-Last  effs:23,858,041  asgs:(352,noefs=0,fails=157)  fails:122,068  wrgs:330,701  wck:35.2  ngds:10,141
    run486  dpts:4..62  robin:WdegOnDom-Rand  effs:23,881,625  asgs:(510,noefs=104,fails=165)  fails:122,233  wrgs:331,033  wck:35.3  ngds:10,155
    run487  dpts:822..1037  robin:FrbaOnDom-First  effs:23,956,530  asgs:(1721,noefs=949,fails=173)  fails:122,406  wrgs:331,797  wck:35.4  ngds:10,159
    run488  dpts:3..74  robin:Wdeg-Last  effs:23,967,527  asgs:(418,noefs=0,fails=182)  fails:122,588  wrgs:332,009  wck:35.4  ngds:10,203
    run489  dpts:3..139  robin:PickOnDom-Rand  effs:23,993,554  asgs:(586,noefs=102,fails=191)  fails:122,779  wrgs:332,359  wck:35.5  ngds:10,233
    run490  dpts:122..277  robin:WdegOnDom-First  effs:24,013,055  asgs:(1055,noefs=469,fails=201)  fails:122,980  wrgs:333,026  wck:35.5  ngds:10,237
 ...Discarding 1 singleton variables
    run491  dpts:1..95  robin:FrbaOnDom-Last  effs:24,027,275  asgs:(443,noefs=0,fails=211)  fails:123,191  wrgs:333,248  wck:35.5  ngds:10,277
    run492  dpts:9..116  robin:Wdeg-Rand  effs:24,064,547  asgs:(697,noefs=160,fails=221)  fails:123,412  wrgs:333,679  wck:35.6  ngds:10,301
    run493  dpts:351..475  robin:PickOnDom-First  effs:24,168,562  asgs:(1801,noefs=562,fails=232)  fails:123,644  wrgs:334,917  wck:35.7  ngds:10,304
    run494  dpts:1..61  robin:WdegOnDom-Last  effs:24,179,153  asgs:(535,noefs=0,fails=244)  fails:123,888  wrgs:335,243  wck:35.8  ngds:10,329
    run495  dpts:10..108  robin:FrbaOnDom-Rand  effs:24,236,723  asgs:(740,noefs=173,fails=256)  fails:124,144  wrgs:335,732  wck:35.8  ngds:10,344
    run496  dpts:496..531  robin:Wdeg-First  effs:24,293,465  asgs:(1630,noefs=771,fails=269)  fails:124,413  wrgs:336,706  wck:35.9  ngds:10,348
    run497  dpts:1..90  robin:PickOnDom-Last  effs:24,318,874  asgs:(629,noefs=0,fails=283)  fails:124,696  wrgs:337,052  wck:36.0  ngds:10,368
    run498  dpts:5..101  robin:WdegOnDom-Rand  effs:24,337,676  asgs:(898,noefs=182,fails=297)  fails:124,993  wrgs:337,623  wck:36.0  ngds:10,382
    run499  dpts:730..1003  robin:FrbaOnDom-First  effs:24,549,993  asgs:(2914,noefs=1548,fails=312)  fails:125,305  wrgs:339,505  wck:36.3  ngds:10,387
    run500  dpts:11..71  robin:Wdeg-Last  effs:24,567,269  asgs:(714,noefs=0,fails=327)  fails:125,632  wrgs:339,929  wck:36.3  ngds:10,405
    run501  dpts:1..229  robin:PickOnDom-Rand  effs:24,621,210  asgs:(1058,noefs=187,fails=344)  fails:125,976  wrgs:340,540  wck:36.4  ngds:10,493
    run502  dpts:245..437  robin:WdegOnDom-First  effs:24,848,423  asgs:(2652,noefs=1635,fails=361)  fails:126,337  wrgs:342,494  wck:36.7  ngds:10,499
    run503  dpts:4..109  robin:FrbaOnDom-Last  effs:24,874,313  asgs:(791,noefs=0,fails=379)  fails:126,716  wrgs:342,898  wck:36.7  ngds:10,551
    run504  dpts:14..94  robin:Wdeg-Rand  effs:24,922,944  asgs:(1182,noefs=203,fails=398)  fails:127,114  wrgs:343,691  wck:36.8  ngds:10,574
    run505  dpts:556..681  robin:PickOnDom-First  effs:25,063,107  asgs:(3435,noefs=1270,fails=418)  fails:127,532  wrgs:346,223  wck:37.0  ngds:10,580
    run506  dpts:5..50  robin:WdegOnDom-Last  effs:25,113,865  asgs:(937,noefs=0,fails=439)  fails:127,971  wrgs:346,751  wck:37.0  ngds:10,593
    run507  dpts:9..159  robin:FrbaOnDom-Rand  effs:25,182,320  asgs:(1372,noefs=283,fails=461)  fails:128,432  wrgs:347,648  wck:37.1  ngds:10,612
    run508  dpts:711..764  robin:Wdeg-First  effs:25,312,636  asgs:(2850,noefs=1111,fails=484)  fails:128,916  wrgs:349,463  wck:37.3  ngds:10,617
    run509  dpts:7..67  robin:PickOnDom-Last  effs:25,352,904  asgs:(1094,noefs=0,fails=508)  fails:129,424  wrgs:350,050  wck:37.3  ngds:10,637
 ...resetting heuristics data (nValues:6,954 - nSingletons:526 - nEntailed:483)
    run510  dpts:2..141  robin:WdegOnDom-Rand  effs:25,465,097  asgs:(1653,noefs=371,fails=533)  fails:129,957  wrgs:351,127  wck:37.5  ngds:10,658
    run511  dpts:644..807  robin:FrbaOnDom-First  effs:25,744,838  asgs:(3368,noefs=1241,fails=560)  fails:130,517  wrgs:353,434  wck:37.9  ngds:10,664
    run512  dpts:0..132  robin:Wdeg-Last  effs:25,790,845  asgs:(1283,noefs=0,fails=588)  fails:131,105  wrgs:354,095  wck:37.9  ngds:10,713
    run513  dpts:0..143  robin:PickOnDom-Rand  effs:25,875,400  asgs:(1905,noefs=388,fails=617)  fails:131,722  wrgs:355,355  wck:38.0  ngds:10,732
    run514  dpts:427..474  robin:WdegOnDom-First  effs:26,091,555  asgs:(3652,noefs=1819,fails=648)  fails:132,370  wrgs:358,139  wck:38.3  ngds:10,735
    run515  dpts:2..161  robin:FrbaOnDom-Last  effs:26,126,435  asgs:(1401,noefs=0,fails=681)  fails:133,051  wrgs:358,852  wck:38.4  ngds:10,847
    run516  dpts:8..137  robin:Wdeg-Rand  effs:26,218,544  asgs:(2099,noefs=375,fails=715)  fails:133,766  wrgs:360,215  wck:38.5  ngds:10,890
    run517  dpts:85..723  robin:PickOnDom-First  effs:26,514,596  asgs:(7102,noefs=3706,fails=750)  fails:134,516  wrgs:366,247  wck:38.9  ngds:10,896
    run518  dpts:3..113  robin:WdegOnDom-Last  effs:26,591,698  asgs:(1632,noefs=0,fails=788)  fails:135,304  wrgs:367,117  wck:39.0  ngds:10,937
    run519  dpts:9..161  robin:FrbaOnDom-Rand  effs:26,688,996  asgs:(2507,noefs=516,fails=827)  fails:136,131  wrgs:368,796  wck:39.2  ngds:10,959
    run520  dpts:575..674  robin:Wdeg-First  effs:26,844,736  asgs:(5302,noefs=2379,fails=869)  fails:137,000  wrgs:372,847  wck:39.4  ngds:10,965
 ...Discarding 3 singleton variables
    run521  dpts:2..79  robin:PickOnDom-Last  effs:26,920,545  asgs:(1952,noefs=0,fails=912)  fails:137,912  wrgs:373,942  wck:39.5  ngds:11,003
    run522  dpts:5..96  robin:WdegOnDom-Rand  effs:27,062,190  asgs:(2789,noefs=540,fails=958)  fails:138,870  wrgs:375,869  wck:39.7  ngds:11,023
    run523  dpts:899..1168  robin:FrbaOnDom-First  effs:27,784,924  asgs:(6638,noefs=2483,fails=1006)  fails:139,876  wrgs:380,848  wck:40.6  ngds:11,029
    run524  dpts:1..62  robin:Wdeg-Last  effs:27,829,161  asgs:(2358,noefs=0,fails=1056)  fails:140,932  wrgs:382,224  wck:40.7  ngds:11,052
    run525  dpts:3..140  robin:PickOnDom-Rand  effs:27,916,131  asgs:(3182,noefs=515,fails=1109)  fails:142,041  wrgs:384,415  wck:40.9  ngds:11,079
    run526  dpts:251..499  robin:WdegOnDom-First  effs:28,464,317  asgs:(6420,noefs=3104,fails=1164)  fails:143,205  wrgs:389,727  wck:41.6  ngds:11,086
    run527  dpts:4..100  robin:FrbaOnDom-Last  effs:28,523,109  asgs:(2540,noefs=0,fails=1223)  fails:144,428  wrgs:391,087  wck:41.7  ngds:11,158
    run528  dpts:25..123  robin:Wdeg-Rand  effs:28,586,021  asgs:(3533,noefs=586,fails=1284)  fails:145,712  wrgs:393,669  wck:41.8  ngds:11,175
    run529  dpts:388..542  robin:PickOnDom-First  effs:28,909,730  asgs:(7388,noefs=1886,fails=1348)  fails:147,060  wrgs:399,715  wck:42.2  ngds:11,180
    run530  dpts:3..61  robin:WdegOnDom-Last  effs:29,019,457  asgs:(2969,noefs=0,fails=1416)  fails:148,476  wrgs:401,539  wck:42.4  ngds:11,194
    run531  dpts:4..159  robin:FrbaOnDom-Rand  effs:29,162,443  asgs:(4437,noefs=906,fails=1486)  fails:149,962  wrgs:404,488  wck:42.6  ngds:11,226
    run532  dpts:32..705  robin:Wdeg-First  effs:29,573,981  asgs:(8105,noefs=3415,fails=1561)  fails:151,523  wrgs:411,011  wck:43.2  ngds:11,234
    run533  dpts:7..77  robin:PickOnDom-Last  effs:29,695,163  asgs:(3497,noefs=0,fails=1639)  fails:153,162  wrgs:412,967  wck:43.4  ngds:11,263
    run534  dpts:18..88  robin:WdegOnDom-Rand  effs:29,920,768  asgs:(4785,noefs=1093,fails=1721)  fails:154,883  wrgs:416,398  wck:43.8  ngds:11,269
    run535  dpts:604..1047  robin:FrbaOnDom-First  effs:31,296,792  asgs:(11193,noefs=4171,fails=1807)  fails:156,690  wrgs:425,420  wck:45.6  ngds:11,273
    run536  dpts:5..80  robin:Wdeg-Last  effs:31,374,172  asgs:(4239,noefs=0,fails=1897)  fails:158,587  wrgs:427,950  wck:45.7  ngds:11,291
    run537  dpts:2..137  robin:PickOnDom-Rand  effs:31,563,385  asgs:(5784,noefs=638,fails=1992)  fails:160,579  wrgs:431,889  wck:46.0  ngds:11,321
    run538  dpts:296..457  robin:WdegOnDom-First  effs:32,097,387  asgs:(10017,noefs=4632,fails=2092)  fails:162,671  wrgs:440,052  wck:46.7  ngds:11,326
    run539  dpts:2..115  robin:FrbaOnDom-Last  effs:32,231,072  asgs:(4570,noefs=0,fails=2196)  fails:164,867  wrgs:442,482  wck:46.9  ngds:11,410
 ...resetting heuristics data (nValues:6,951 - nSingletons:529 - nEntailed:486)
    run540  dpts:1..170  robin:Wdeg-Rand  effs:32,607,235  asgs:(6706,noefs=1476,fails=2306)  fails:167,173  wrgs:446,976  wck:47.4  ngds:11,442
 ...resetting restart cutoff to 35
    run541  dpts:437..467  robin:PickOnDom-First  effs:32,616,324  asgs:(599,noefs=367,fails=35)  fails:167,208  wrgs:447,115  wck:47.4  ngds:11,444
    run542  dpts:0..86  robin:WdegOnDom-Last  effs:32,617,086  asgs:(122,noefs=0,fails=36)  fails:167,244  wrgs:447,151  wck:47.4  ngds:11,479
    run543  dpts:10..95  robin:FrbaOnDom-Rand  effs:32,623,127  asgs:(147,noefs=39,fails=38)  fails:167,282  wrgs:447,198  wck:47.4  ngds:11,510
    run544  dpts:373..578  robin:Wdeg-First  effs:32,633,269  asgs:(749,noefs=497,fails=40)  fails:167,322  wrgs:447,378  wck:47.4  ngds:11,517
    run545  dpts:2..61  robin:PickOnDom-Last  effs:32,636,447  asgs:(103,noefs=0,fails=42)  fails:167,364  wrgs:447,420  wck:47.4  ngds:11,559
    run546  dpts:18..54  robin:WdegOnDom-Rand  effs:32,645,528  asgs:(143,noefs=31,fails=44)  fails:167,408  wrgs:447,510  wck:47.4  ngds:11,564
    run547  dpts:688..1071  robin:FrbaOnDom-First  effs:32,665,852  asgs:(1266,noefs=845,fails=46)  fails:167,454  wrgs:447,807  wck:47.5  ngds:11,566
    run548  dpts:1..59  robin:Wdeg-Last  effs:32,668,540  asgs:(108,noefs=0,fails=49)  fails:167,503  wrgs:447,856  wck:47.5  ngds:11,615
    run549  dpts:6..130  robin:PickOnDom-Rand  effs:32,674,888  asgs:(196,noefs=47,fails=51)  fails:167,554  wrgs:447,924  wck:47.5  ngds:11,650
    run550  dpts:361..437  robin:WdegOnDom-First  effs:32,703,675  asgs:(865,noefs=570,fails=54)  fails:167,608  wrgs:448,368  wck:47.6  ngds:11,653
 ...Discarding 2 singleton variables
    run551  dpts:1..54  robin:FrbaOnDom-Last  effs:32,714,099  asgs:(123,noefs=0,fails=57)  fails:167,665  wrgs:448,426  wck:47.6  ngds:11,699
    run552  dpts:2..121  robin:Wdeg-Rand  effs:32,718,988  asgs:(210,noefs=50,fails=59)  fails:167,724  wrgs:448,504  wck:47.6  ngds:11,738
    run553  dpts:378..756  robin:PickOnDom-First  effs:32,729,698  asgs:(1086,noefs=541,fails=62)  fails:167,786  wrgs:448,820  wck:47.6  ngds:11,743
    run554  dpts:3..60  robin:WdegOnDom-Last  effs:32,735,757  asgs:(150,noefs=0,fails=65)  fails:167,851  wrgs:448,889  wck:47.7  ngds:11,764
    run555  dpts:1..105  robin:FrbaOnDom-Rand  effs:32,742,283  asgs:(238,noefs=71,fails=69)  fails:167,920  wrgs:449,014  wck:47.7  ngds:11,795
    run556  dpts:562..609  robin:Wdeg-First  effs:32,755,641  asgs:(904,noefs=557,fails=72)  fails:167,992  wrgs:449,304  wck:47.7  ngds:11,799
    run557  dpts:2..66  robin:PickOnDom-Last  effs:32,761,416  asgs:(180,noefs=0,fails=76)  fails:168,068  wrgs:449,386  wck:47.7  ngds:11,843
    run558  dpts:9..87  robin:WdegOnDom-Rand  effs:32,771,508  asgs:(261,noefs=70,fails=80)  fails:168,148  wrgs:449,527  wck:47.7  ngds:11,866
    run559  dpts:1151..1258  robin:FrbaOnDom-First  effs:32,815,191  asgs:(1593,noefs=1057,fails=84)  fails:168,232  wrgs:449,905  wck:47.8  ngds:11,868
    run560  dpts:13..54  robin:Wdeg-Last  effs:32,820,961  asgs:(220,noefs=0,fails=88)  fails:168,320  wrgs:450,026  wck:47.9  ngds:11,888
    run561  dpts:3..111  robin:PickOnDom-Rand  effs:32,829,331  asgs:(295,noefs=58,fails=92)  fails:168,412  wrgs:450,191  wck:47.9  ngds:11,902
    run562  dpts:288..459  robin:WdegOnDom-First  effs:32,881,128  asgs:(589,noefs=381,fails=97)  fails:168,509  wrgs:450,487  wck:48.0  ngds:11,903
    run563  dpts:3..58  robin:FrbaOnDom-Last  effs:32,887,979  asgs:(214,noefs=0,fails=102)  fails:168,611  wrgs:450,595  wck:48.0  ngds:11,923
    run564  dpts:7..114  robin:Wdeg-Rand  effs:32,898,542  asgs:(331,noefs=79,fails=107)  fails:168,718  wrgs:450,766  wck:48.0  ngds:11,952
    run565  dpts:554..706  robin:PickOnDom-First  effs:32,953,099  asgs:(1369,noefs=542,fails=112)  fails:168,830  wrgs:451,501  wck:48.1  ngds:11,954
    run566  dpts:1..63  robin:WdegOnDom-Last  effs:32,964,047  asgs:(263,noefs=0,fails=118)  fails:168,948  wrgs:451,629  wck:48.1  ngds:11,990
    run567  dpts:18..91  robin:FrbaOnDom-Rand  effs:32,975,841  asgs:(395,noefs=87,fails=124)  fails:169,072  wrgs:451,855  wck:48.1  ngds:12,017
    run568  dpts:489..697  robin:Wdeg-First  effs:33,009,574  asgs:(1259,noefs=736,fails=130)  fails:169,202  wrgs:452,413  wck:48.2  ngds:12,022
    run569  dpts:0..82  robin:PickOnDom-Last  effs:33,018,540  asgs:(325,noefs=0,fails=137)  fails:169,339  wrgs:452,586  wck:48.2  ngds:12,062
 ...resetting heuristics data (nValues:6,948 - nSingletons:532 - nEntailed:489)
    run570  dpts:0..119  robin:WdegOnDom-Rand  effs:33,042,999  asgs:(485,noefs=113,fails=144)  fails:169,483  wrgs:452,847  wck:48.2  ngds:12,097
 ...Discarding 2 singleton variables
    run571  dpts:740..918  robin:FrbaOnDom-First  effs:33,150,501  asgs:(1967,noefs=1023,fails=151)  fails:169,634  wrgs:453,947  wck:48.4  ngds:12,102
    run572  dpts:0..102  robin:Wdeg-Last  effs:33,162,076  asgs:(372,noefs=0,fails=158)  fails:169,792  wrgs:454,119  wck:48.4  ngds:12,136
    run573  dpts:5..211  robin:PickOnDom-Rand  effs:33,181,818  asgs:(547,noefs=126,fails=166)  fails:169,958  wrgs:454,376  wck:48.5  ngds:12,220
    run574  dpts:174..385  robin:WdegOnDom-First  effs:33,279,259  asgs:(1695,noefs=938,fails=175)  fails:170,133  wrgs:455,613  wck:48.6  ngds:12,228
    run575  dpts:2..109  robin:FrbaOnDom-Last  effs:33,288,337  asgs:(382,noefs=0,fails=183)  fails:170,316  wrgs:455,802  wck:48.6  ngds:12,270
    run576  dpts:17..114  robin:Wdeg-Rand  effs:33,307,010  asgs:(610,noefs=143,fails=193)  fails:170,509  wrgs:456,179  wck:48.6  ngds:12,286
    run577  dpts:242..362  robin:PickOnDom-First  effs:33,418,246  asgs:(2201,noefs=1003,fails=202)  fails:170,711  wrgs:457,961  wck:48.8  ngds:12,288
    run578  dpts:1..59  robin:WdegOnDom-Last  effs:33,429,761  asgs:(461,noefs=0,fails=212)  fails:170,923  wrgs:458,202  wck:48.8  ngds:12,318
    run579  dpts:16..220  robin:FrbaOnDom-Rand  effs:33,450,171  asgs:(685,noefs=197,fails=223)  fails:171,146  wrgs:458,598  wck:48.9  ngds:12,368
    run580  dpts:381..567  robin:Wdeg-First  effs:33,493,343  asgs:(1452,noefs=616,fails=234)  fails:171,380  wrgs:459,470  wck:48.9  ngds:12,373
 ...Discarding 1 singleton variables
    run581  dpts:1..120  robin:PickOnDom-Last  effs:33,506,969  asgs:(527,noefs=0,fails=246)  fails:171,626  wrgs:459,730  wck:49.0  ngds:12,446
    run582  dpts:25..108  robin:WdegOnDom-Rand  effs:33,528,768  asgs:(780,noefs=190,fails=258)  fails:171,884  wrgs:460,219  wck:49.0  ngds:12,461
    run583  dpts:885..1106  robin:FrbaOnDom-First  effs:33,674,607  asgs:(2348,noefs=1173,fails=271)  fails:172,155  wrgs:461,459  wck:49.2  ngds:12,464
    run584  dpts:11..84  robin:Wdeg-Last  effs:33,691,137  asgs:(625,noefs=0,fails=285)  fails:172,440  wrgs:461,790  wck:49.3  ngds:12,494
    run585  dpts:2..154  robin:PickOnDom-Rand  effs:33,718,906  asgs:(895,noefs=165,fails=299)  fails:172,739  wrgs:462,322  wck:49.3  ngds:12,553
    run586  dpts:512..613  robin:WdegOnDom-First  effs:33,860,394  asgs:(2312,noefs=1306,fails=314)  fails:173,053  wrgs:463,875  wck:49.5  ngds:12,556
    run587  dpts:2..128  robin:FrbaOnDom-Last  effs:33,875,377  asgs:(672,noefs=0,fails=330)  fails:173,383  wrgs:464,215  wck:49.5  ngds:12,565
    run588  dpts:19..89  robin:Wdeg-Rand  effs:33,917,003  asgs:(1062,noefs=274,fails=346)  fails:173,729  wrgs:464,892  wck:49.6  ngds:12,593
    run589  dpts:482..659  robin:PickOnDom-First  effs:34,020,436  asgs:(2573,noefs=1006,fails=364)  fails:174,093  wrgs:466,766  wck:49.8  ngds:12,596
    run590  dpts:6..56  robin:WdegOnDom-Last  effs:34,036,150  asgs:(800,noefs=0,fails=382)  fails:174,475  wrgs:467,201  wck:49.8  ngds:12,604
    run591  dpts:6..175  robin:FrbaOnDom-Rand  effs:34,071,268  asgs:(1190,noefs=273,fails=401)  fails:174,876  wrgs:467,955  wck:49.9  ngds:12,670
    run592  dpts:511..631  robin:Wdeg-First  effs:34,145,011  asgs:(2573,noefs=1160,fails=421)  fails:175,297  wrgs:469,647  wck:50.0  ngds:12,674
    run593  dpts:2..113  robin:PickOnDom-Last  effs:34,170,418  asgs:(977,noefs=0,fails=442)  fails:175,739  wrgs:470,173  wck:50.0  ngds:12,715
    run594  dpts:10..65  robin:WdegOnDom-Rand  effs:34,201,944  asgs:(1240,noefs=265,fails=464)  fails:176,203  wrgs:471,057  wck:50.1  ngds:12,732
    run595  dpts:901..1136  robin:FrbaOnDom-First  effs:34,450,287  asgs:(3540,noefs=1732,fails=487)  fails:176,690  wrgs:473,295  wck:50.5  ngds:12,735
    run596  dpts:3..68  robin:Wdeg-Last  effs:34,474,944  asgs:(1142,noefs=0,fails=512)  fails:177,202  wrgs:473,951  wck:50.5  ngds:12,750
    run597  dpts:3..138  robin:PickOnDom-Rand  effs:34,544,671  asgs:(1626,noefs=245,fails=537)  fails:177,739  wrgs:475,024  wck:50.6  ngds:12,768
    run598  dpts:361..452  robin:WdegOnDom-First  effs:34,832,361  asgs:(3471,noefs=1737,fails=564)  fails:178,303  wrgs:477,774  wck:51.0  ngds:12,772
    run599  dpts:5..96  robin:FrbaOnDom-Last  effs:34,907,456  asgs:(1231,noefs=0,fails=592)  fails:178,895  wrgs:478,425  wck:51.1  ngds:12,803
 ...resetting heuristics data (nValues:6,946 - nSingletons:534 - nEntailed:491)
    run600  dpts:1..127  robin:Wdeg-Rand  effs:35,018,322  asgs:(1840,noefs=394,fails=622)  fails:179,517  wrgs:479,639  wck:51.2  ngds:12,820
    run601  dpts:389..479  robin:PickOnDom-First  effs:35,167,947  asgs:(4026,noefs=1457,fails=653)  fails:180,170  wrgs:482,789  wck:51.4  ngds:12,826
    run602  dpts:0..110  robin:WdegOnDom-Last  effs:35,246,384  asgs:(1513,noefs=0,fails=686)  fails:180,856  wrgs:483,607  wck:51.5  ngds:12,881
    run603  dpts:10..180  robin:FrbaOnDom-Rand  effs:35,326,213  asgs:(2130,noefs=462,fails=720)  fails:181,576  wrgs:485,021  wck:51.6  ngds:12,916
    run604  dpts:340..464  robin:Wdeg-First  effs:35,565,438  asgs:(5112,noefs=2181,fails=756)  fails:182,332  wrgs:489,176  wck:52.0  ngds:12,919
    run605  dpts:1..102  robin:PickOnDom-Last  effs:35,631,288  asgs:(1671,noefs=0,fails=794)  fails:183,126  wrgs:490,037  wck:52.0  ngds:12,948
    run606  dpts:6..110  robin:WdegOnDom-Rand  effs:35,793,421  asgs:(2456,noefs=444,fails=834)  fails:183,960  wrgs:491,711  wck:52.3  ngds:12,966
    run607  dpts:1015..1212  robin:FrbaOnDom-First  effs:36,109,211  asgs:(5136,noefs=2186,fails=876)  fails:184,836  wrgs:495,152  wck:52.7  ngds:12,972
    run608  dpts:12..141  robin:Wdeg-Last  effs:36,186,608  asgs:(2021,noefs=0,fails=919)  fails:185,755  wrgs:496,278  wck:52.8  ngds:13,058
    run609  dpts:3..123  robin:PickOnDom-Rand  effs:36,324,747  asgs:(2793,noefs=345,fails=965)  fails:186,720  wrgs:498,156  wck:53.0  ngds:13,085
    run610  dpts:245..381  robin:WdegOnDom-First  effs:36,800,989  asgs:(5724,noefs=2677,fails=1014)  fails:187,734  wrgs:502,950  wck:53.6  ngds:13,095
 ...Discarding 2 singleton variables
    run611  dpts:1..133  robin:FrbaOnDom-Last  effs:36,850,842  asgs:(2171,noefs=0,fails=1064)  fails:188,798  wrgs:504,073  wck:53.7  ngds:13,126
    run612  dpts:11..160  robin:Wdeg-Rand  effs:36,959,183  asgs:(3320,noefs=489,fails=1118)  fails:189,916  wrgs:506,331  wck:53.8  ngds:13,166
    run613  dpts:347..648  robin:PickOnDom-First  effs:37,703,971  asgs:(10503,noefs=4218,fails=1174)  fails:191,090  wrgs:515,528  wck:54.8  ngds:13,169
    run614  dpts:9..89  robin:WdegOnDom-Last  effs:37,810,103  asgs:(2592,noefs=0,fails=1232)  fails:192,322  wrgs:517,000  wck:54.9  ngds:13,196
    run615  dpts:11..283  robin:FrbaOnDom-Rand  effs:38,016,626  asgs:(3880,noefs=919,fails=1294)  fails:193,616  wrgs:519,609  wck:55.2  ngds:13,204
    run616  dpts:775..847  robin:Wdeg-First  effs:38,232,562  asgs:(7002,noefs=3002,fails=1359)  fails:194,975  wrgs:524,975  wck:55.6  ngds:13,209
    run617  dpts:3..107  robin:PickOnDom-Last  effs:38,324,547  asgs:(2972,noefs=0,fails=1427)  fails:196,402  wrgs:526,548  wck:55.7  ngds:13,257
    run618  dpts:1..69  robin:WdegOnDom-Rand  effs:38,472,120  asgs:(4329,noefs=746,fails=1498)  fails:197,900  wrgs:529,521  wck:55.9  ngds:13,271
    run619  dpts:692..993  robin:FrbaOnDom-First  effs:39,134,356  asgs:(8055,noefs=2671,fails=1573)  fails:199,473  wrgs:535,518  wck:56.8  ngds:13,277
    run620  dpts:2..127  robin:Wdeg-Last  effs:39,241,277  asgs:(3476,noefs=0,fails=1652)  fails:201,125  wrgs:537,400  wck:57.0  ngds:13,336
    run621  dpts:2..148  robin:PickOnDom-Rand  effs:39,391,641  asgs:(4921,noefs=630,fails=1734)  fails:202,859  wrgs:540,826  wck:57.2  ngds:13,393
    run622  dpts:106..506  robin:WdegOnDom-First  effs:40,249,457  asgs:(8536,noefs=3732,fails=1821)  fails:204,680  wrgs:547,741  wck:58.3  ngds:13,400
    run623  dpts:2..126  robin:FrbaOnDom-Last  effs:40,337,113  asgs:(3974,noefs=0,fails=1912)  fails:206,592  wrgs:549,857  wck:58.4  ngds:13,470
    run624  dpts:16..143  robin:Wdeg-Rand  effs:40,598,526  asgs:(5813,noefs=914,fails=2008)  fails:208,600  wrgs:553,849  wck:58.8  ngds:13,492
    run625  dpts:412..627  robin:PickOnDom-First  effs:40,976,778  asgs:(10848,noefs=2725,fails=2108)  fails:210,708  wrgs:562,686  wck:59.4  ngds:13,497
    run626  dpts:8..92  robin:WdegOnDom-Last  effs:41,131,661  asgs:(4733,noefs=0,fails=2213)  fails:212,921  wrgs:565,402  wck:59.6  ngds:13,553
    run627  dpts:2..153  robin:FrbaOnDom-Rand  effs:41,517,185  asgs:(6864,noefs=1406,fails=2324)  fails:215,245  wrgs:570,024  wck:60.1  ngds:13,575
    run628  dpts:620..806  robin:Wdeg-First  effs:42,475,442  asgs:(13925,noefs=6360,fails=2440)  fails:217,685  wrgs:581,777  wck:61.3  ngds:13,580
    run629  dpts:2..126  robin:PickOnDom-Last  effs:42,580,407  asgs:(5349,noefs=0,fails=2562)  fails:220,247  wrgs:584,659  wck:61.4  ngds:13,684
 ...resetting heuristics data (nValues:6,944 - nSingletons:536 - nEntailed:493)
    run630  dpts:0..131  robin:WdegOnDom-Rand  effs:43,018,645  asgs:(7989,noefs=1713,fails=2691)  fails:222,938  wrgs:590,076  wck:62.0  ngds:13,718
 ...resetting restart cutoff to 40
 ...Discarding 1 singleton variables
    run631  dpts:696..869  robin:FrbaOnDom-First  effs:43,052,137  asgs:(978,noefs=551,fails=40)  fails:222,978  wrgs:590,289  wck:62.0  ngds:13,722
    run632  dpts:0..81  robin:Wdeg-Last  effs:43,053,864  asgs:(133,noefs=0,fails=42)  fails:223,020  wrgs:590,335  wck:62.1  ngds:13,756
    run633  dpts:0..105  robin:PickOnDom-Rand  effs:43,058,067  asgs:(164,noefs=41,fails=44)  fails:223,064  wrgs:590,398  wck:62.1  ngds:13,776
    run634  dpts:249..388  robin:WdegOnDom-First  effs:43,083,869  asgs:(646,noefs=479,fails=46)  fails:223,110  wrgs:590,637  wck:62.1  ngds:13,784
    run635  dpts:3..45  robin:FrbaOnDom-Last  effs:43,090,373  asgs:(110,noefs=0,fails=48)  fails:223,158  wrgs:590,695  wck:62.1  ngds:13,812
    run636  dpts:33..59  robin:Wdeg-Rand  effs:43,097,039  asgs:(187,noefs=43,fails=51)  fails:223,209  wrgs:590,793  wck:62.1  ngds:13,822
    run637  dpts:475..512  robin:PickOnDom-First  effs:43,113,016  asgs:(746,noefs=359,fails=53)  fails:223,262  wrgs:591,026  wck:62.2  ngds:13,823
    run638  dpts:7..54  robin:WdegOnDom-Last  effs:43,117,772  asgs:(134,noefs=0,fails=56)  fails:223,318  wrgs:591,088  wck:62.2  ngds:13,854
    run639  dpts:7..69  robin:FrbaOnDom-Rand  effs:43,128,427  asgs:(169,noefs=32,fails=59)  fails:223,377  wrgs:591,195  wck:62.2  ngds:13,873
    run640  dpts:223..372  robin:Wdeg-First  effs:43,151,073  asgs:(764,noefs=448,fails=62)  fails:223,439  wrgs:591,574  wck:62.2  ngds:13,878
 ...Discarding 3 singleton variables
    run641  dpts:0..86  robin:PickOnDom-Last  effs:43,157,228  asgs:(154,noefs=0,fails=65)  fails:223,504  wrgs:591,640  wck:62.3  ngds:13,940
    run642  dpts:11..73  robin:WdegOnDom-Rand  effs:43,165,021  asgs:(217,noefs=65,fails=68)  fails:223,572  wrgs:591,752  wck:62.3  ngds:13,955
    run643  dpts:831..1235  robin:FrbaOnDom-First  effs:43,228,546  asgs:(1493,noefs=983,fails=71)  fails:223,643  wrgs:592,140  wck:62.4  ngds:13,958
    run644  dpts:3..48  robin:Wdeg-Last  effs:43,234,753  asgs:(179,noefs=0,fails=75)  fails:223,718  wrgs:592,229  wck:62.4  ngds:13,987
    run645  dpts:0..151  robin:PickOnDom-Rand  effs:43,241,980  asgs:(304,noefs=70,fails=79)  fails:223,797  wrgs:592,363  wck:62.4  ngds:14,023
    run646  dpts:340..395  robin:WdegOnDom-First  effs:43,257,925  asgs:(868,noefs=579,fails=83)  fails:223,880  wrgs:592,783  wck:62.5  ngds:14,028
    run647  dpts:1..68  robin:FrbaOnDom-Last  effs:43,270,613  asgs:(192,noefs=0,fails=87)  fails:223,967  wrgs:592,878  wck:62.5  ngds:14,071
    run648  dpts:3..107  robin:Wdeg-Rand  effs:43,281,323  asgs:(299,noefs=61,fails=91)  fails:224,058  wrgs:593,050  wck:62.5  ngds:14,084
    run649  dpts:635..781  robin:PickOnDom-First  effs:43,354,265  asgs:(1624,noefs=754,fails=96)  fails:224,154  wrgs:593,963  wck:62.6  ngds:14,086
    run650  dpts:8..49  robin:WdegOnDom-Last  effs:43,361,927  asgs:(227,noefs=0,fails=101)  fails:224,255  wrgs:594,084  wck:62.6  ngds:14,113
 ...Discarding 2 singleton variables
    run651  dpts:15..104  robin:FrbaOnDom-Rand  effs:43,378,314  asgs:(329,noefs=86,fails=106)  fails:224,361  wrgs:594,295  wck:62.7  ngds:14,118
    run652  dpts:460..543  robin:Wdeg-First  effs:43,404,589  asgs:(1076,noefs=613,fails=111)  fails:224,472  wrgs:594,813  wck:62.7  ngds:14,122
    run653  dpts:2..59  robin:PickOnDom-Last  effs:43,412,271  asgs:(262,noefs=0,fails=117)  fails:224,589  wrgs:594,941  wck:62.7  ngds:14,141
    run654  dpts:11..84  robin:WdegOnDom-Rand  effs:43,437,428  asgs:(416,noefs=131,fails=122)  fails:224,711  wrgs:595,185  wck:62.8  ngds:14,166
    run655  dpts:1036..1282  robin:FrbaOnDom-First  effs:43,535,562  asgs:(1750,noefs=1118,fails=129)  fails:224,840  wrgs:595,744  wck:62.9  ngds:14,168
    run656  dpts:9..52  robin:Wdeg-Last  effs:43,546,042  asgs:(320,noefs=0,fails=135)  fails:224,975  wrgs:595,913  wck:63.0  ngds:14,188
    run657  dpts:2..202  robin:PickOnDom-Rand  effs:43,563,640  asgs:(445,noefs=76,fails=142)  fails:225,117  wrgs:596,148  wck:63.0  ngds:14,244
    run658  dpts:357..419  robin:WdegOnDom-First  effs:43,649,771  asgs:(1486,noefs=995,fails=149)  fails:225,266  wrgs:597,129  wck:63.1  ngds:14,250
    run659  dpts:5..59  robin:FrbaOnDom-Last  effs:43,662,672  asgs:(331,noefs=0,fails=156)  fails:225,422  wrgs:597,300  wck:63.1  ngds:14,284
 ...resetting heuristics data (nValues:6,938 - nSingletons:542 - nEntailed:499)
    run660  dpts:2..130  robin:Wdeg-Rand  effs:43,689,435  asgs:(561,noefs=147,fails=164)  fails:225,586  wrgs:597,637  wck:63.2  ngds:14,307
    run661  dpts:426..481  robin:PickOnDom-First  effs:43,730,349  asgs:(1243,noefs=532,fails=172)  fails:225,758  wrgs:598,335  wck:63.2  ngds:14,310
    run662  dpts:0..89  robin:WdegOnDom-Last  effs:43,749,332  asgs:(422,noefs=0,fails=181)  fails:225,939  wrgs:598,538  wck:63.3  ngds:14,347
    run663  dpts:6..127  robin:FrbaOnDom-Rand  effs:43,764,468  asgs:(545,noefs=115,fails=190)  fails:226,129  wrgs:598,867  wck:63.3  ngds:14,379
    run664  dpts:408..476  robin:Wdeg-First  effs:43,826,444  asgs:(1877,noefs=908,fails=200)  fails:226,329  wrgs:600,145  wck:63.4  ngds:14,382
    run665  dpts:0..122  robin:PickOnDom-Last  effs:43,836,076  asgs:(454,noefs=0,fails=210)  fails:226,539  wrgs:600,362  wck:63.4  ngds:14,429
    run666  dpts:7..88  robin:WdegOnDom-Rand  effs:43,869,333  asgs:(665,noefs=136,fails=220)  fails:226,759  wrgs:600,798  wck:63.5  ngds:14,445
    run667  dpts:860..1048  robin:FrbaOnDom-First  effs:44,059,439  asgs:(2267,noefs=1215,fails=231)  fails:226,990  wrgs:602,054  wck:63.7  ngds:14,448
    run668  dpts:1..74  robin:Wdeg-Last  effs:44,078,399  asgs:(527,noefs=0,fails=243)  fails:227,233  wrgs:602,330  wck:63.8  ngds:14,471
    run669  dpts:6..228  robin:PickOnDom-Rand  effs:44,110,198  asgs:(790,noefs=168,fails=255)  fails:227,488  wrgs:602,767  wck:63.8  ngds:14,541
    run670  dpts:240..323  robin:WdegOnDom-First  effs:44,251,532  asgs:(2465,noefs=1290,fails=268)  fails:227,756  wrgs:604,770  wck:64.0  ngds:14,544
 ...Discarding 2 singleton variables
    run671  dpts:4..93  robin:FrbaOnDom-Last  effs:44,264,573  asgs:(581,noefs=0,fails=281)  fails:228,037  wrgs:605,066  wck:64.0  ngds:14,567
    run672  dpts:6..90  robin:Wdeg-Rand  effs:44,286,310  asgs:(886,noefs=177,fails=295)  fails:228,332  wrgs:605,629  wck:64.1  ngds:14,583
    run673  dpts:508..655  robin:PickOnDom-First  effs:44,386,889  asgs:(2145,noefs=739,fails=310)  fails:228,642  wrgs:607,043  wck:64.2  ngds:14,587
    run674  dpts:6..85  robin:WdegOnDom-Last  effs:44,412,246  asgs:(699,noefs=0,fails=325)  fails:228,967  wrgs:607,411  wck:64.3  ngds:14,628
    run675  dpts:5..158  robin:FrbaOnDom-Rand  effs:44,448,999  asgs:(1008,noefs=229,fails=342)  fails:229,309  wrgs:608,083  wck:64.3  ngds:14,643
    run676  dpts:385..615  robin:Wdeg-First  effs:44,588,570  asgs:(2451,noefs=1103,fails=359)  fails:229,668  wrgs:609,786  wck:64.5  ngds:14,649
    run677  dpts:1..117  robin:PickOnDom-Last  effs:44,603,435  asgs:(801,noefs=0,fails=377)  fails:230,045  wrgs:610,203  wck:64.5  ngds:14,706
    run678  dpts:9..76  robin:WdegOnDom-Rand  effs:44,662,606  asgs:(1167,noefs=317,fails=396)  fails:230,441  wrgs:610,974  wck:64.6  ngds:14,719
    run679  dpts:929..1164  robin:FrbaOnDom-First  effs:44,841,754  asgs:(2922,noefs=1353,fails=416)  fails:230,857  wrgs:612,691  wck:64.9  ngds:14,721
    run680  dpts:4..83  robin:Wdeg-Last  effs:44,873,741  asgs:(958,noefs=0,fails=436)  fails:231,293  wrgs:613,204  wck:64.9  ngds:14,751
    run681  dpts:5..213  robin:PickOnDom-Rand  effs:44,950,030  asgs:(1401,noefs=233,fails=458)  fails:231,751  wrgs:614,061  wck:65.0  ngds:14,791
    run682  dpts:264..498  robin:WdegOnDom-First  effs:45,214,835  asgs:(2464,noefs=1080,fails=481)  fails:232,232  wrgs:615,934  wck:65.4  ngds:14,795
    run683  dpts:5..92  robin:FrbaOnDom-Last  effs:45,241,664  asgs:(1057,noefs=0,fails=505)  fails:232,737  wrgs:616,497  wck:65.4  ngds:14,877
    run684  dpts:24..157  robin:Wdeg-Rand  effs:45,300,740  asgs:(1598,noefs=364,fails=530)  fails:233,267  wrgs:617,534  wck:65.5  ngds:14,917
    run685  dpts:251..406  robin:PickOnDom-First  effs:45,673,191  asgs:(4613,noefs=1407,fails=557)  fails:233,824  wrgs:621,392  wck:65.9  ngds:14,922
    run686  dpts:10..44  robin:WdegOnDom-Last  effs:45,715,989  asgs:(1274,noefs=0,fails=585)  fails:234,409  wrgs:622,130  wck:66.0  ngds:14,937
    run687  dpts:1..103  robin:FrbaOnDom-Rand  effs:45,807,242  asgs:(1880,noefs=385,fails=614)  fails:235,023  wrgs:623,386  wck:66.1  ngds:14,957
    run688  dpts:517..721  robin:Wdeg-First  effs:45,919,442  asgs:(4057,noefs=1848,fails=645)  fails:235,668  wrgs:626,290  wck:66.3  ngds:14,965
    run689  dpts:1..162  robin:PickOnDom-Last  effs:45,982,625  asgs:(1434,noefs=0,fails=677)  fails:236,345  wrgs:627,034  wck:66.4  ngds:15,034
 ...resetting heuristics data (nValues:6,936 - nSingletons:544 - nEntailed:501)
    run690  dpts:0..110  robin:WdegOnDom-Rand  effs:46,134,871  asgs:(2079,noefs=426,fails=711)  fails:237,056  wrgs:628,370  wck:66.6  ngds:15,053
 ...Discarding 2 singleton variables
    run691  dpts:667..862  robin:FrbaOnDom-First  effs:46,642,805  asgs:(5694,noefs=2248,fails=747)  fails:237,803  wrgs:632,865  wck:67.3  ngds:15,061
    run692  dpts:0..120  robin:Wdeg-Last  effs:46,706,927  asgs:(1718,noefs=0,fails=784)  fails:238,587  wrgs:633,780  wck:67.4  ngds:15,113
    run693  dpts:1..158  robin:PickOnDom-Rand  effs:46,797,970  asgs:(2460,noefs=442,fails=823)  fails:239,410  wrgs:635,392  wck:67.5  ngds:15,150
    run694  dpts:161..368  robin:WdegOnDom-First  effs:47,124,363  asgs:(4973,noefs=2357,fails=864)  fails:240,274  wrgs:639,473  wck:67.9  ngds:15,160
    run695  dpts:0..121  robin:FrbaOnDom-Last  effs:47,169,980  asgs:(1898,noefs=0,fails=908)  fails:241,182  wrgs:640,467  wck:68.0  ngds:15,255
    run696  dpts:7..92  robin:Wdeg-Rand  effs:47,241,809  asgs:(2756,noefs=502,fails=953)  fails:242,135  wrgs:642,338  wck:68.1  ngds:15,281
    run697  dpts:402..686  robin:PickOnDom-First  effs:47,651,086  asgs:(8904,noefs=3831,fails=1001)  fails:243,136  wrgs:650,087  wck:68.7  ngds:15,285
    run698  dpts:5..64  robin:WdegOnDom-Last  effs:47,734,419  asgs:(2264,noefs=0,fails=1051)  fails:244,187  wrgs:651,407  wck:68.8  ngds:15,293
    run699  dpts:4..168  robin:FrbaOnDom-Rand  effs:47,865,837  asgs:(3288,noefs=757,fails=1103)  fails:245,290  wrgs:653,557  wck:69.0  ngds:15,334
    run700  dpts:500..593  robin:Wdeg-First  effs:48,148,444  asgs:(6097,noefs=2615,fails=1159)  fails:246,449  wrgs:658,317  wck:69.4  ngds:15,339
 ...Discarding 2 singleton variables
    run701  dpts:1..128  robin:PickOnDom-Last  effs:48,278,228  asgs:(2521,noefs=0,fails=1217)  fails:247,666  wrgs:659,613  wck:69.6  ngds:15,437
    run702  dpts:7..66  robin:WdegOnDom-Rand  effs:48,483,241  asgs:(3679,noefs=925,fails=1277)  fails:248,943  wrgs:662,164  wck:69.9  ngds:15,452
    run703  dpts:737..1022  robin:FrbaOnDom-First  effs:49,034,883  asgs:(6385,noefs=2158,fails=1341)  fails:250,284  wrgs:666,583  wck:70.7  ngds:15,454
    run704  dpts:3..67  robin:Wdeg-Last  effs:49,095,859  asgs:(3079,noefs=0,fails=1408)  fails:251,692  wrgs:668,353  wck:70.8  ngds:15,471
    run705  dpts:3..185  robin:PickOnDom-Rand  effs:49,321,543  asgs:(4312,noefs=572,fails=1479)  fails:253,171  wrgs:671,226  wck:71.1  ngds:15,508
    run706  dpts:220..374  robin:WdegOnDom-First  effs:49,598,736  asgs:(6626,noefs=2754,fails=1553)  fails:254,724  wrgs:676,655  wck:71.6  ngds:15,513
    run707  dpts:5..151  robin:FrbaOnDom-Last  effs:49,707,616  asgs:(3335,noefs=0,fails=1630)  fails:256,354  wrgs:678,372  wck:71.8  ngds:15,552
    run708  dpts:25..106  robin:Wdeg-Rand  effs:49,845,352  asgs:(4933,noefs=922,fails=1712)  fails:258,066  wrgs:681,732  wck:72.0  ngds:15,562
    run709  dpts:343..575  robin:PickOnDom-First  effs:50,803,225  asgs:(12891,noefs=4293,fails=1798)  fails:259,864  wrgs:692,932  wck:73.3  ngds:15,567
    run710  dpts:3..52  robin:WdegOnDom-Last  effs:51,039,849  asgs:(4049,noefs=0,fails=1888)  fails:261,752  wrgs:695,480  wck:73.6  ngds:15,592
    run711  dpts:1..157  robin:FrbaOnDom-Rand  effs:51,271,695  asgs:(5897,noefs=1269,fails=1982)  fails:263,734  wrgs:699,409  wck:73.9  ngds:15,622
    run712  dpts:777..869  robin:Wdeg-First  effs:51,849,410  asgs:(10346,noefs=3681,fails=2081)  fails:265,815  wrgs:707,811  wck:74.7  ngds:15,625
    run713  dpts:1..65  robin:PickOnDom-Last  effs:51,968,582  asgs:(4858,noefs=0,fails=2185)  fails:268,000  wrgs:710,642  wck:74.8  ngds:15,648
    run714  dpts:4..91  robin:WdegOnDom-Rand  effs:52,232,381  asgs:(6703,noefs=1488,fails=2294)  fails:270,294  wrgs:715,242  wck:75.2  ngds:15,663
    run715  dpts:825..1159  robin:FrbaOnDom-First  effs:53,053,780  asgs:(11843,noefs=3632,fails=2409)  fails:272,703  wrgs:724,230  wck:76.3  ngds:15,671
    run716  dpts:8..70  robin:Wdeg-Last  effs:53,171,572  asgs:(5497,noefs=0,fails=2530)  fails:275,233  wrgs:727,387  wck:76.5  ngds:15,694
    run717  dpts:5..116  robin:PickOnDom-Rand  effs:53,367,247  asgs:(7740,noefs=1026,fails=2656)  fails:277,889  wrgs:732,708  wck:76.8  ngds:15,729
    run718  dpts:470..563  robin:WdegOnDom-First  effs:55,369,963  asgs:(13343,noefs=6493,fails=2789)  fails:280,678  wrgs:743,976  wck:79.2  ngds:15,733
    run719  dpts:1..107  robin:FrbaOnDom-Last  effs:55,598,884  asgs:(6027,noefs=0,fails=2928)  fails:283,606  wrgs:747,141  wck:79.6  ngds:15,774
 ...resetting heuristics data (nValues:6,932 - nSingletons:548 - nEntailed:505)
    run720  dpts:0..187  robin:Wdeg-Rand  effs:56,070,893  asgs:(9086,noefs=1771,fails=3075)  fails:286,681  wrgs:753,259  wck:80.2  ngds:15,792
 ...resetting restart cutoff to 45
 ...Discarding 2 singleton variables
    run721  dpts:415..465  robin:PickOnDom-First  effs:56,089,863  asgs:(842,noefs=470,fails=45)  fails:286,726  wrgs:753,619  wck:80.2  ngds:15,796
    run722  dpts:2..86  robin:WdegOnDom-Last  effs:56,090,979  asgs:(144,noefs=0,fails=47)  fails:286,773  wrgs:753,668  wck:80.2  ngds:15,825
    run723  dpts:11..55  robin:FrbaOnDom-Rand  effs:56,097,503  asgs:(149,noefs=30,fails=49)  fails:286,822  wrgs:753,742  wck:80.2  ngds:15,840
    run724  dpts:379..533  robin:Wdeg-First  effs:56,119,412  asgs:(840,noefs=500,fails=52)  fails:286,874  wrgs:754,055  wck:80.3  ngds:15,845
    run725  dpts:2..72  robin:PickOnDom-Last  effs:56,121,926  asgs:(126,noefs=0,fails=54)  fails:286,928  wrgs:754,109  wck:80.3  ngds:15,899
    run726  dpts:3..72  robin:WdegOnDom-Rand  effs:56,129,587  asgs:(187,noefs=34,fails=57)  fails:286,985  wrgs:754,204  wck:80.3  ngds:15,912
    run727  dpts:768..894  robin:FrbaOnDom-First  effs:56,182,627  asgs:(1137,noefs=690,fails=60)  fails:287,045  wrgs:754,462  wck:80.4  ngds:15,916
    run728  dpts:2..63  robin:Wdeg-Last  effs:56,188,120  asgs:(153,noefs=0,fails=63)  fails:287,108  wrgs:754,533  wck:80.4  ngds:15,949
    run729  dpts:7..141  robin:PickOnDom-Rand  effs:56,193,878  asgs:(215,noefs=46,fails=66)  fails:287,174  wrgs:754,614  wck:80.4  ngds:15,993
    run730  dpts:163..217  robin:WdegOnDom-First  effs:56,225,657  asgs:(633,noefs=337,fails=69)  fails:287,243  wrgs:755,021  wck:80.5  ngds:15,996
    run731  dpts:3..71  robin:FrbaOnDom-Last  effs:56,232,362  asgs:(158,noefs=0,fails=73)  fails:287,316  wrgs:755,095  wck:80.5  ngds:16,056
    run732  dpts:9..84  robin:Wdeg-Rand  effs:56,238,485  asgs:(238,noefs=51,fails=76)  fails:287,392  wrgs:755,220  wck:80.5  ngds:16,078
    run733  dpts:717..742  robin:PickOnDom-First  effs:56,250,380  asgs:(1015,noefs=467,fails=80)  fails:287,472  wrgs:755,443  wck:80.5  ngds:16,084
    run734  dpts:7..63  robin:WdegOnDom-Last  effs:56,255,359  asgs:(191,noefs=0,fails=84)  fails:287,556  wrgs:755,533  wck:80.5  ngds:16,127
    run735  dpts:1..113  robin:FrbaOnDom-Rand  effs:56,263,563  asgs:(294,noefs=78,fails=89)  fails:287,645  wrgs:755,664  wck:80.6  ngds:16,166
    run736  dpts:601..664  robin:Wdeg-First  effs:56,276,340  asgs:(1061,noefs=597,fails=93)  fails:287,738  wrgs:756,037  wck:80.6  ngds:16,171
    run737  dpts:4..74  robin:PickOnDom-Last  effs:56,282,990  asgs:(224,noefs=0,fails=98)  fails:287,836  wrgs:756,144  wck:80.6  ngds:16,194
    run738  dpts:13..75  robin:WdegOnDom-Rand  effs:56,290,460  asgs:(331,noefs=92,fails=103)  fails:287,939  wrgs:756,354  wck:80.6  ngds:16,200
    run739  dpts:939..1177  robin:FrbaOnDom-First  effs:56,351,012  asgs:(1731,noefs=1117,fails=108)  fails:288,047  wrgs:756,951  wck:80.8  ngds:16,204
    run740  dpts:12..49  robin:Wdeg-Last  effs:56,373,190  asgs:(265,noefs=0,fails=113)  fails:288,160  wrgs:757,085  wck:80.8  ngds:16,226
    run741  dpts:6..142  robin:PickOnDom-Rand  effs:56,387,769  asgs:(381,noefs=69,fails=119)  fails:288,279  wrgs:757,302  wck:80.8  ngds:16,251
    run742  dpts:293..495  robin:WdegOnDom-First  effs:56,450,556  asgs:(1125,noefs=678,fails=125)  fails:288,404  wrgs:757,942  wck:80.9  ngds:16,255
    run743  dpts:2..67  robin:FrbaOnDom-Last  effs:56,460,888  asgs:(277,noefs=0,fails=131)  fails:288,535  wrgs:758,083  wck:80.9  ngds:16,312
    run744  dpts:3..119  robin:Wdeg-Rand  effs:56,474,311  asgs:(454,noefs=110,fails=138)  fails:288,673  wrgs:758,344  wck:80.9  ngds:16,348
    run745  dpts:576..701  robin:PickOnDom-First  effs:56,571,466  asgs:(1887,noefs=780,fails=145)  fails:288,818  wrgs:759,521  wck:81.1  ngds:16,355
    run746  dpts:4..49  robin:WdegOnDom-Last  effs:56,584,379  asgs:(341,noefs=0,fails=152)  fails:288,970  wrgs:759,697  wck:81.1  ngds:16,364
    run747  dpts:3..170  robin:FrbaOnDom-Rand  effs:56,601,378  asgs:(469,noefs=91,fails=160)  fails:289,130  wrgs:759,951  wck:81.1  ngds:16,437
    run748  dpts:683..744  robin:Wdeg-First  effs:56,674,821  asgs:(1649,noefs=980,fails=168)  fails:289,298  wrgs:760,792  wck:81.3  ngds:16,440
    run749  dpts:4..88  robin:PickOnDom-Last  effs:56,688,297  asgs:(387,noefs=0,fails=176)  fails:289,474  wrgs:760,985  wck:81.3  ngds:16,463
 ...resetting heuristics data (nValues:6,930 - nSingletons:550 - nEntailed:507)
    run750  dpts:2..112  robin:WdegOnDom-Rand  effs:56,718,908  asgs:(592,noefs=138,fails=185)  fails:289,659  wrgs:761,338  wck:81.3  ngds:16,493
    run751  dpts:741..965  robin:FrbaOnDom-First  effs:56,883,677  asgs:(1857,noefs=902,fails=194)  fails:289,853  wrgs:762,288  wck:81.6  ngds:16,498
    run752  dpts:3..95  robin:Wdeg-Last  effs:56,894,755  asgs:(481,noefs=0,fails=204)  fails:290,057  wrgs:762,524  wck:81.6  ngds:16,524
    run753  dpts:4..158  robin:PickOnDom-Rand  effs:56,922,694  asgs:(664,noefs=134,fails=214)  fails:290,271  wrgs:762,902  wck:81.6  ngds:16,578
    run754  dpts:141..272  robin:WdegOnDom-First  effs:57,001,589  asgs:(1845,noefs=1086,fails=225)  fails:290,496  wrgs:764,382  wck:81.8  ngds:16,582
    run755  dpts:2..77  robin:FrbaOnDom-Last  effs:57,018,615  asgs:(492,noefs=0,fails=236)  fails:290,732  wrgs:764,631  wck:81.8  ngds:16,606
    run756  dpts:18..102  robin:Wdeg-Rand  effs:57,053,684  asgs:(756,noefs=156,fails=248)  fails:290,980  wrgs:765,102  wck:81.8  ngds:16,627
    run757  dpts:501..628  robin:PickOnDom-First  effs:57,167,423  asgs:(1849,noefs=606,fails=260)  fails:291,240  wrgs:766,196  wck:82.0  ngds:16,633
    run758  dpts:6..51  robin:WdegOnDom-Last  effs:57,189,757  asgs:(584,noefs=0,fails=273)  fails:291,513  wrgs:766,497  wck:82.0  ngds:16,662
    run759  dpts:4..202  robin:FrbaOnDom-Rand  effs:57,225,116  asgs:(836,noefs=186,fails=287)  fails:291,800  wrgs:767,010  wck:82.1  ngds:16,691
    run760  dpts:360..533  robin:Wdeg-First  effs:57,316,574  asgs:(2134,noefs=1019,fails=301)  fails:292,101  wrgs:768,491  wck:82.2  ngds:16,697
    run761  dpts:4..67  robin:PickOnDom-Last  effs:57,339,225  asgs:(697,noefs=0,fails=316)  fails:292,417  wrgs:768,916  wck:82.3  ngds:16,725
    run762  dpts:3..93  robin:WdegOnDom-Rand  effs:57,364,206  asgs:(990,noefs=219,fails=332)  fails:292,749  wrgs:769,569  wck:82.3  ngds:16,732
    run763  dpts:856..1066  robin:FrbaOnDom-First  effs:57,557,573  asgs:(2696,noefs=1417,fails=349)  fails:293,098  wrgs:771,165  wck:82.6  ngds:16,736
    run764  dpts:1..81  robin:Wdeg-Last  effs:57,581,381  asgs:(826,noefs=0,fails=366)  fails:293,464  wrgs:771,609  wck:82.6  ngds:16,764
    run765  dpts:4..65  robin:PickOnDom-Rand  effs:57,620,491  asgs:(1121,noefs=172,fails=385)  fails:293,849  wrgs:772,353  wck:82.7  ngds:16,787
    run766  dpts:212..295  robin:WdegOnDom-First  effs:57,708,449  asgs:(2428,noefs=1290,fails=404)  fails:294,253  wrgs:774,238  wck:82.8  ngds:16,790
    run767  dpts:4..152  robin:FrbaOnDom-Last  effs:57,735,723  asgs:(886,noefs=0,fails=424)  fails:294,677  wrgs:774,695  wck:82.9  ngds:16,839
    run768  dpts:3..126  robin:Wdeg-Rand  effs:57,784,498  asgs:(1346,noefs=271,fails=445)  fails:295,122  wrgs:775,608  wck:83.0  ngds:16,852
    run769  dpts:444..652  robin:PickOnDom-First  effs:58,013,604  asgs:(4123,noefs=1556,fails=468)  fails:295,590  wrgs:778,883  wck:83.3  ngds:16,857
    run770  dpts:3..48  robin:WdegOnDom-Last  effs:58,040,156  asgs:(1074,noefs=0,fails=491)  fails:296,081  wrgs:779,469  wck:83.3  ngds:16,873
    run771  dpts:6..170  robin:FrbaOnDom-Rand  effs:58,098,417  asgs:(1569,noefs=358,fails=516)  fails:296,597  wrgs:780,502  wck:83.5  ngds:16,911
    run772  dpts:555..623  robin:Wdeg-First  effs:58,299,862  asgs:(4756,noefs=2295,fails=541)  fails:297,138  wrgs:784,275  wck:83.8  ngds:16,912
    run773  dpts:15..61  robin:PickOnDom-Last  effs:58,323,359  asgs:(1198,noefs=0,fails=568)  fails:297,706  wrgs:784,901  wck:83.8  ngds:16,931
    run774  dpts:8..65  robin:WdegOnDom-Rand  effs:58,379,089  asgs:(1822,noefs=432,fails=597)  fails:298,303  wrgs:786,138  wck:83.9  ngds:16,941
    run775  dpts:943..1114  robin:FrbaOnDom-First  effs:58,891,477  asgs:(5127,noefs=2352,fails=627)  fails:298,930  wrgs:789,786  wck:84.6  ngds:16,945
    run776  dpts:9..94  robin:Wdeg-Last  effs:58,940,005  asgs:(1422,noefs=0,fails=658)  fails:299,588  wrgs:790,579  wck:84.7  ngds:16,975
    run777  dpts:5..99  robin:PickOnDom-Rand  effs:59,005,571  asgs:(2000,noefs=323,fails=691)  fails:300,279  wrgs:791,935  wck:84.8  ngds:16,998
    run778  dpts:215..433  robin:WdegOnDom-First  effs:59,145,973  asgs:(3737,noefs=1528,fails=726)  fails:301,005  wrgs:794,821  wck:85.0  ngds:17,006
    run779  dpts:3..126  robin:FrbaOnDom-Last  effs:59,197,916  asgs:(1589,noefs=0,fails=762)  fails:301,767  wrgs:795,657  wck:85.1  ngds:17,122
 ...resetting heuristics data (nValues:6,930 - nSingletons:550 - nEntailed:507)
    run780  dpts:5..167  robin:Wdeg-Rand  effs:59,320,895  asgs:(2403,noefs=463,fails=800)  fails:302,567  wrgs:797,240  wck:85.3  ngds:17,155
    run781  dpts:357..498  robin:PickOnDom-First  effs:59,473,706  asgs:(5137,noefs=1868,fails=840)  fails:303,407  wrgs:801,244  wck:85.5  ngds:17,161
    run782  dpts:4..112  robin:WdegOnDom-Last  effs:59,600,241  asgs:(1902,noefs=0,fails=882)  fails:304,289  wrgs:802,247  wck:85.7  ngds:17,222
    run783  dpts:2..298  robin:FrbaOnDom-Rand  effs:59,704,303  asgs:(2712,noefs=597,fails=926)  fails:305,215  wrgs:803,991  wck:85.8  ngds:17,286
    run784  dpts:417..501  robin:Wdeg-First  effs:59,899,324  asgs:(5446,noefs=2329,fails=973)  fails:306,188  wrgs:808,201  wck:86.1  ngds:17,292
    run785  dpts:2..125  robin:PickOnDom-Last  effs:59,965,543  asgs:(2149,noefs=0,fails=1021)  fails:307,209  wrgs:809,326  wck:86.2  ngds:17,336
    run786  dpts:2..95  robin:WdegOnDom-Rand  effs:60,130,122  asgs:(3147,noefs=556,fails=1072)  fails:308,281  wrgs:811,470  wck:86.4  ngds:17,348
    run787  dpts:916..1182  robin:FrbaOnDom-First  effs:60,709,379  asgs:(7464,noefs=3418,fails=1126)  fails:309,407  wrgs:817,151  wck:87.2  ngds:17,352
    run788  dpts:7..74  robin:Wdeg-Last  effs:60,768,609  asgs:(2569,noefs=0,fails=1182)  fails:310,589  wrgs:818,701  wck:87.3  ngds:17,386
    run789  dpts:2..118  robin:PickOnDom-Rand  effs:60,926,427  asgs:(3697,noefs=477,fails=1241)  fails:311,830  wrgs:821,198  wck:87.5  ngds:17,418
    run790  dpts:372..513  robin:WdegOnDom-First  effs:61,490,297  asgs:(8173,noefs=4139,fails=1303)  fails:313,133  wrgs:828,247  wck:88.3  ngds:17,423
    run791  dpts:4..127  robin:FrbaOnDom-Last  effs:61,553,637  asgs:(2793,noefs=0,fails=1369)  fails:314,502  wrgs:829,674  wck:88.5  ngds:17,463
    run792  dpts:5..96  robin:Wdeg-Rand  effs:61,724,437  asgs:(4151,noefs=778,fails=1437)  fails:315,939  wrgs:832,556  wck:88.7  ngds:17,487
    run793  dpts:309..516  robin:PickOnDom-First  effs:62,220,945  asgs:(9333,noefs=2948,fails=1509)  fails:317,448  wrgs:840,359  wck:89.4  ngds:17,491
    run794  dpts:13..80  robin:WdegOnDom-Last  effs:62,337,036  asgs:(3405,noefs=0,fails=1585)  fails:319,033  wrgs:842,308  wck:89.5  ngds:17,512
    run795  dpts:13..189  robin:FrbaOnDom-Rand  effs:62,494,622  asgs:(4957,noefs=1103,fails=1664)  fails:320,697  wrgs:845,651  wck:89.8  ngds:17,534
    run796  dpts:518..748  robin:Wdeg-First  effs:62,688,472  asgs:(8071,noefs=2945,fails=1747)  fails:322,444  wrgs:851,746  wck:90.2  ngds:17,542
    run797  dpts:4..140  robin:PickOnDom-Last  effs:62,831,369  asgs:(3826,noefs=0,fails=1834)  fails:324,278  wrgs:853,758  wck:90.4  ngds:17,604
    run798  dpts:8..114  robin:WdegOnDom-Rand  effs:63,077,435  asgs:(5564,noefs=1097,fails=1926)  fails:326,204  wrgs:857,618  wck:90.8  ngds:17,627
    run799  dpts:720..973  robin:FrbaOnDom-First  effs:64,327,218  asgs:(11084,noefs=3582,fails=2022)  fails:328,226  wrgs:866,314  wck:92.4  ngds:17,631
    run800  dpts:6..85  robin:Wdeg-Last  effs:64,443,849  asgs:(4574,noefs=0,fails=2124)  fails:330,350  wrgs:868,954  wck:92.6  ngds:17,681
    run801  dpts:5..197  robin:PickOnDom-Rand  effs:64,696,926  asgs:(6615,noefs=895,fails=2230)  fails:332,580  wrgs:873,414  wck:92.9  ngds:17,725
    run802  dpts:416..544  robin:WdegOnDom-First  effs:65,974,879  asgs:(12063,noefs=5471,fails=2341)  fails:334,921  wrgs:883,841  wck:94.4  ngds:17,729
    run803  dpts:1..114  robin:FrbaOnDom-Last  effs:66,066,042  asgs:(5093,noefs=0,fails=2458)  fails:337,379  wrgs:886,545  wck:94.6  ngds:17,791
    run804  dpts:5..90  robin:Wdeg-Rand  effs:66,276,118  asgs:(7555,noefs=1506,fails=2581)  fails:339,960  wrgs:891,780  wck:94.9  ngds:17,803
    run805  dpts:422..634  robin:PickOnDom-First  effs:67,617,654  asgs:(18068,noefs=5056,fails=2710)  fails:342,670  wrgs:907,816  wck:96.6  ngds:17,810
    run806  dpts:4..166  robin:WdegOnDom-Last  effs:67,890,885  asgs:(5878,noefs=0,fails=2846)  fails:345,516  wrgs:910,909  wck:97.0  ngds:17,875
    run807  dpts:2..158  robin:FrbaOnDom-Rand  effs:68,255,223  asgs:(8922,noefs=2035,fails=2988)  fails:348,504  wrgs:916,948  wck:97.6  ngds:17,904
    run808  dpts:339..578  robin:Wdeg-First  effs:69,458,280  asgs:(19099,noefs=8062,fails=3138)  fails:351,642  wrgs:933,590  wck:99.4  ngds:17,907
    run809  dpts:3..183  robin:PickOnDom-Last  effs:69,654,579  asgs:(6935,noefs=0,fails=3295)  fails:354,937  wrgs:937,345  wck:99.6  ngds:18,005
 ...resetting heuristics data (nValues:6,930 - nSingletons:550 - nEntailed:507)
    run810  dpts:5..145  robin:WdegOnDom-Rand  effs:70,370,026  asgs:(10007,noefs=1885,fails=3459)  fails:358,396  wrgs:944,123  wck:100.5  ngds:18,033
 ...resetting restart cutoff to 50
    run811  dpts:806..888  robin:FrbaOnDom-First  effs:70,395,374  asgs:(1079,noefs=549,fails=50)  fails:358,446  wrgs:944,342  wck:100.6  ngds:18,036
    run812  dpts:5..83  robin:Wdeg-Last  effs:70,396,710  asgs:(152,noefs=0,fails=52)  fails:358,498  wrgs:944,397  wck:100.6  ngds:18,064
    run813  dpts:5..109  robin:PickOnDom-Rand  effs:70,405,462  asgs:(212,noefs=60,fails=55)  fails:358,553  wrgs:944,491  wck:100.6  ngds:18,080
    run814  dpts:255..302  robin:WdegOnDom-First  effs:70,443,932  asgs:(796,noefs=543,fails=57)  fails:358,610  wrgs:944,958  wck:100.7  ngds:18,084
    run815  dpts:0..69  robin:FrbaOnDom-Last  effs:70,450,729  asgs:(129,noefs=0,fails=60)  fails:358,670  wrgs:945,018  wck:100.7  ngds:18,143
    run816  dpts:1..61  robin:Wdeg-Rand  effs:70,457,943  asgs:(211,noefs=45,fails=63)  fails:358,733  wrgs:945,137  wck:100.7  ngds:18,157
    run817  dpts:118..729  robin:PickOnDom-First  effs:70,473,649  asgs:(1022,noefs=527,fails=67)  fails:358,800  wrgs:945,415  wck:100.7  ngds:18,169
    run818  dpts:1..76  robin:WdegOnDom-Last  effs:70,479,542  asgs:(158,noefs=0,fails=70)  fails:358,870  wrgs:945,490  wck:100.8  ngds:18,201
    run819  dpts:11..139  robin:FrbaOnDom-Rand  effs:70,484,492  asgs:(233,noefs=55,fails=73)  fails:358,943  wrgs:945,590  wck:100.8  ngds:18,241
    run820  dpts:460..493  robin:Wdeg-First  effs:70,500,547  asgs:(796,noefs=438,fails=77)  fails:359,020  wrgs:945,850  wck:100.8  ngds:18,243
 ...Discarding 1 singleton variables
    run821  dpts:3..93  robin:PickOnDom-Last  effs:70,503,454  asgs:(187,noefs=0,fails=81)  fails:359,101  wrgs:945,932  wck:100.8  ngds:18,311
    run822  dpts:11..111  robin:WdegOnDom-Rand  effs:70,514,500  asgs:(283,noefs=81,fails=85)  fails:359,186  wrgs:946,074  wck:100.8  ngds:18,330
    run823  dpts:1050..1124  robin:FrbaOnDom-First  effs:70,573,965  asgs:(1536,noefs=1010,fails=89)  fails:359,275  wrgs:946,509  wck:101.0  ngds:18,331
    run824  dpts:8..32  robin:Wdeg-Last  effs:70,579,168  asgs:(215,noefs=0,fails=94)  fails:359,369  wrgs:946,629  wck:101.0  ngds:18,342
    run825  dpts:9..193  robin:PickOnDom-Rand  effs:70,585,956  asgs:(328,noefs=68,fails=98)  fails:359,467  wrgs:946,752  wck:101.0  ngds:18,415
    run826  dpts:264..302  robin:WdegOnDom-First  effs:70,629,602  asgs:(877,noefs=505,fails=103)  fails:359,570  wrgs:947,280  wck:101.1  ngds:18,420
    run827  dpts:0..71  robin:FrbaOnDom-Last  effs:70,637,739  asgs:(239,noefs=0,fails=109)  fails:359,679  wrgs:947,403  wck:101.1  ngds:18,436
    run828  dpts:17..62  robin:Wdeg-Rand  effs:70,648,795  asgs:(357,noefs=55,fails=114)  fails:359,793  wrgs:947,631  wck:101.1  ngds:18,447
    run829  dpts:351..605  robin:PickOnDom-First  effs:70,693,913  asgs:(1224,noefs=475,fails=120)  fails:359,913  wrgs:948,202  wck:101.2  ngds:18,451
    run830  dpts:1..73  robin:WdegOnDom-Last  effs:70,702,470  asgs:(273,noefs=0,fails=126)  fails:360,039  wrgs:948,337  wck:101.2  ngds:18,494
 ...Discarding 1 singleton variables
    run831  dpts:2..123  robin:FrbaOnDom-Rand  effs:70,718,185  asgs:(408,noefs=93,fails=132)  fails:360,171  wrgs:948,596  wck:101.2  ngds:18,509
    run832  dpts:662..703  robin:Wdeg-First  effs:70,754,945  asgs:(1389,noefs=786,fails=139)  fails:360,310  wrgs:949,206  wck:101.3  ngds:18,512
    run833  dpts:12..75  robin:PickOnDom-Last  effs:70,763,068  asgs:(339,noefs=0,fails=146)  fails:360,456  wrgs:949,381  wck:101.3  ngds:18,529
    run834  dpts:7..101  robin:WdegOnDom-Rand  effs:70,784,732  asgs:(503,noefs=138,fails=153)  fails:360,609  wrgs:949,688  wck:101.3  ngds:18,550
    run835  dpts:887..1186  robin:FrbaOnDom-First  effs:70,884,824  asgs:(1709,noefs=966,fails=161)  fails:360,770  wrgs:950,423  wck:101.5  ngds:18,551
    run836  dpts:9..68  robin:Wdeg-Last  effs:70,903,619  asgs:(392,noefs=0,fails=169)  fails:360,939  wrgs:950,634  wck:101.6  ngds:18,588
    run837  dpts:9..85  robin:PickOnDom-Rand  effs:70,919,074  asgs:(518,noefs=71,fails=177)  fails:361,116  wrgs:950,974  wck:101.6  ngds:18,607
    run838  dpts:266..333  robin:WdegOnDom-First  effs:70,985,332  asgs:(1294,noefs=679,fails=186)  fails:361,302  wrgs:951,841  wck:101.7  ngds:18,610
    run839  dpts:3..76  robin:FrbaOnDom-Last  effs:70,993,098  asgs:(416,noefs=0,fails=196)  fails:361,498  wrgs:952,050  wck:101.7  ngds:18,674
 ...resetting heuristics data (nValues:6,928 - nSingletons:552 - nEntailed:509)
    run840  dpts:2..122  robin:Wdeg-Rand  effs:71,017,763  asgs:(656,noefs=174,fails=205)  fails:361,703  wrgs:952,449  wck:101.8  ngds:18,693
    run841  dpts:376..572  robin:PickOnDom-First  effs:71,079,560  asgs:(1759,noefs=729,fails=216)  fails:361,919  wrgs:953,577  wck:101.8  ngds:18,696
    run842  dpts:6..103  robin:WdegOnDom-Last  effs:71,095,406  asgs:(510,noefs=0,fails=226)  fails:362,145  wrgs:953,825  wck:101.9  ngds:18,738
    run843  dpts:7..118  robin:FrbaOnDom-Rand  effs:71,113,039  asgs:(711,noefs=150,fails=238)  fails:362,383  wrgs:954,263  wck:101.9  ngds:18,760
    run844  dpts:306..554  robin:Wdeg-First  effs:71,182,052  asgs:(1910,noefs=919,fails=250)  fails:362,633  wrgs:955,507  wck:102.0  ngds:18,765
    run845  dpts:3..68  robin:PickOnDom-Last  effs:71,203,941  asgs:(566,noefs=0,fails=262)  fails:362,895  wrgs:955,794  wck:102.0  ngds:18,787
    run846  dpts:14..76  robin:WdegOnDom-Rand  effs:71,251,608  asgs:(828,noefs=140,fails=275)  fails:363,170  wrgs:956,324  wck:102.1  ngds:18,800
    run847  dpts:790..993  robin:FrbaOnDom-First  effs:71,458,854  asgs:(2231,noefs=1165,fails=289)  fails:363,459  wrgs:957,619  wck:102.4  ngds:18,803
    run848  dpts:1..59  robin:Wdeg-Last  effs:71,469,507  asgs:(687,noefs=0,fails=304)  fails:363,763  wrgs:958,005  wck:102.4  ngds:18,830
    run849  dpts:19..82  robin:PickOnDom-Rand  effs:71,507,337  asgs:(943,noefs=150,fails=319)  fails:364,082  wrgs:958,636  wck:102.5  ngds:18,839
    run850  dpts:371..480  robin:WdegOnDom-First  effs:71,621,782  asgs:(2457,noefs=1328,fails=335)  fails:364,417  wrgs:960,429  wck:102.7  ngds:18,849
    run851  dpts:6..191  robin:FrbaOnDom-Last  effs:71,650,231  asgs:(724,noefs=0,fails=351)  fails:364,768  wrgs:960,803  wck:102.7  ngds:18,861
    run852  dpts:23..112  robin:Wdeg-Rand  effs:71,694,804  asgs:(1094,noefs=220,fails=369)  fails:365,137  wrgs:961,528  wck:102.8  ngds:18,892
    run853  dpts:407..827  robin:PickOnDom-First  effs:71,913,146  asgs:(4602,noefs=1901,fails=388)  fails:365,525  wrgs:965,206  wck:103.1  ngds:18,896
    run854  dpts:0..70  robin:WdegOnDom-Last  effs:71,966,071  asgs:(896,noefs=0,fails=407)  fails:365,932  wrgs:965,738  wck:103.2  ngds:18,936
    run855  dpts:13..255  robin:FrbaOnDom-Rand  effs:72,016,217  asgs:(1324,noefs=320,fails=427)  fails:366,359  wrgs:966,509  wck:103.3  ngds:19,041
    run856  dpts:355..707  robin:Wdeg-First  effs:72,088,840  asgs:(2585,noefs=1148,fails=449)  fails:366,808  wrgs:968,127  wck:103.4  ngds:19,049
    run857  dpts:1..155  robin:PickOnDom-Last  effs:72,122,777  asgs:(1039,noefs=0,fails=471)  fails:367,279  wrgs:968,693  wck:103.5  ngds:19,174
    run858  dpts:10..70  robin:WdegOnDom-Rand  effs:72,186,055  asgs:(1425,noefs=292,fails=495)  fails:367,774  wrgs:969,670  wck:103.6  ngds:19,181
    run859  dpts:934..1120  robin:FrbaOnDom-First  effs:72,416,841  asgs:(3666,noefs=1696,fails=520)  fails:368,294  wrgs:972,051  wck:103.9  ngds:19,190
    run860  dpts:5..86  robin:Wdeg-Last  effs:72,466,744  asgs:(1159,noefs=0,fails=546)  fails:368,840  wrgs:972,676  wck:104.0  ngds:19,264
 ...Discarding 1 singleton variables
    run861  dpts:4..230  robin:PickOnDom-Rand  effs:72,515,100  asgs:(1718,noefs=241,fails=573)  fails:369,413  wrgs:973,749  wck:104.1  ngds:19,339
    run862  dpts:342..445  robin:WdegOnDom-First  effs:72,689,762  asgs:(3266,noefs=1623,fails=602)  fails:370,015  wrgs:976,209  wck:104.3  ngds:19,346
    run863  dpts:2..92  robin:FrbaOnDom-Last  effs:72,731,338  asgs:(1315,noefs=0,fails=632)  fails:370,647  wrgs:976,919  wck:104.4  ngds:19,388
    run864  dpts:9..91  robin:Wdeg-Rand  effs:72,776,929  asgs:(1873,noefs=316,fails=663)  fails:371,310  wrgs:978,206  wck:104.5  ngds:19,407
    run865  dpts:496..593  robin:PickOnDom-First  effs:72,911,019  asgs:(4090,noefs=1337,fails=696)  fails:372,006  wrgs:981,303  wck:104.7  ngds:19,411
    run866  dpts:5..91  robin:WdegOnDom-Last  effs:72,959,623  asgs:(1528,noefs=0,fails=731)  fails:372,737  wrgs:982,153  wck:104.8  ngds:19,451
    run867  dpts:6..126  robin:FrbaOnDom-Rand  effs:73,023,073  asgs:(2290,noefs=459,fails=768)  fails:373,505  wrgs:983,665  wck:104.9  ngds:19,469
    run868  dpts:462..695  robin:Wdeg-First  effs:73,243,768  asgs:(5114,noefs=2150,fails=806)  fails:374,311  wrgs:987,493  wck:105.2  ngds:19,474
    run869  dpts:6..99  robin:PickOnDom-Last  effs:73,295,941  asgs:(1802,noefs=0,fails=847)  fails:375,158  wrgs:988,487  wck:105.3  ngds:19,520
 ...resetting heuristics data (nValues:6,927 - nSingletons:553 - nEntailed:510)
    run870  dpts:6..117  robin:WdegOnDom-Rand  effs:73,479,246  asgs:(2662,noefs=553,fails=889)  fails:376,047  wrgs:990,234  wck:105.5  ngds:19,542
    run871  dpts:702..919  robin:FrbaOnDom-First  effs:74,185,410  asgs:(6935,noefs=2707,fails=933)  fails:376,980  wrgs:995,722  wck:106.5  ngds:19,544
    run872  dpts:7..119  robin:Wdeg-Last  effs:74,265,014  asgs:(2115,noefs=0,fails=980)  fails:377,960  wrgs:996,841  wck:106.6  ngds:19,564
    run873  dpts:5..317  robin:PickOnDom-Rand  effs:74,381,819  asgs:(3055,noefs=580,fails=1029)  fails:378,989  wrgs:998,756  wck:106.7  ngds:19,692
    run874  dpts:154..319  robin:WdegOnDom-First  effs:74,746,504  asgs:(6409,noefs=3028,fails=1081)  fails:380,070  wrgs:1,004,021  wck:107.3  ngds:19,698
    run875  dpts:1..141  robin:FrbaOnDom-Last  effs:74,846,630  asgs:(2324,noefs=0,fails=1135)  fails:381,205  wrgs:1,005,220  wck:107.4  ngds:19,733
    run876  dpts:1..153  robin:Wdeg-Rand  effs:75,059,496  asgs:(3456,noefs=577,fails=1191)  fails:382,396  wrgs:1,007,532  wck:107.7  ngds:19,772
    run877  dpts:180..443  robin:PickOnDom-First  effs:75,580,853  asgs:(10567,noefs=5379,fails=1251)  fails:383,647  wrgs:1,016,936  wck:108.4  ngds:19,775
    run878  dpts:7..62  robin:WdegOnDom-Last  effs:75,695,930  asgs:(2843,noefs=0,fails=1314)  fails:384,961  wrgs:1,018,573  wck:108.6  ngds:19,799
    run879  dpts:6..160  robin:FrbaOnDom-Rand  effs:75,857,292  asgs:(3988,noefs=855,fails=1379)  fails:386,340  wrgs:1,021,232  wck:108.8  ngds:19,817
    run880  dpts:445..601  robin:Wdeg-First  effs:76,029,121  asgs:(6187,noefs=2386,fails=1448)  fails:387,788  wrgs:1,025,881  wck:109.1  ngds:19,823
    run881  dpts:1..152  robin:PickOnDom-Last  effs:76,111,261  asgs:(3347,noefs=0,fails=1521)  fails:389,309  wrgs:1,027,838  wck:109.3  ngds:19,905
    run882  dpts:4..85  robin:WdegOnDom-Rand  effs:76,334,277  asgs:(4525,noefs=801,fails=1597)  fails:390,906  wrgs:1,031,013  wck:109.7  ngds:19,923
    run883  dpts:683..952  robin:FrbaOnDom-First  effs:77,457,142  asgs:(9671,noefs=3046,fails=1677)  fails:392,583  wrgs:1,038,531  wck:111.1  ngds:19,925
    run884  dpts:6..84  robin:Wdeg-Last  effs:77,562,817  asgs:(3884,noefs=0,fails=1761)  fails:394,344  wrgs:1,040,758  wck:111.3  ngds:19,970
    run885  dpts:6..202  robin:PickOnDom-Rand  effs:77,834,857  asgs:(5558,noefs=831,fails=1849)  fails:396,193  wrgs:1,044,430  wck:111.6  ngds:20,033
    run886  dpts:273..485  robin:WdegOnDom-First  effs:78,266,932  asgs:(8407,noefs=3287,fails=1941)  fails:398,134  wrgs:1,051,216  wck:112.2  ngds:20,043
    run887  dpts:3..107  robin:FrbaOnDom-Last  effs:78,407,122  asgs:(4216,noefs=0,fails=2038)  fails:400,172  wrgs:1,053,436  wck:112.4  ngds:20,125
    run888  dpts:6..86  robin:Wdeg-Rand  effs:78,594,198  asgs:(5964,noefs=840,fails=2140)  fails:402,312  wrgs:1,057,692  wck:112.8  ngds:20,148
    run889  dpts:101..524  robin:PickOnDom-First  effs:79,494,104  asgs:(17687,noefs=6960,fails=2247)  fails:404,559  wrgs:1,073,261  wck:114.0  ngds:20,154
    run890  dpts:9..75  robin:WdegOnDom-Last  effs:79,686,119  asgs:(4929,noefs=0,fails=2360)  fails:406,919  wrgs:1,075,955  wck:114.3  ngds:20,192
    run891  dpts:7..202  robin:FrbaOnDom-Rand  effs:80,086,256  asgs:(7258,noefs=1729,fails=2478)  fails:409,397  wrgs:1,080,832  wck:114.9  ngds:20,265
    run892  dpts:638..732  robin:Wdeg-First  effs:80,918,305  asgs:(13860,noefs=5197,fails=2601)  fails:411,998  wrgs:1,092,344  wck:116.0  ngds:20,269
    run893  dpts:2..78  robin:PickOnDom-Last  effs:81,084,648  asgs:(5874,noefs=0,fails=2732)  fails:414,730  wrgs:1,095,571  wck:116.3  ngds:20,291
    run894  dpts:4..109  robin:WdegOnDom-Rand  effs:81,315,413  asgs:(8174,noefs=1928,fails=2868)  fails:417,598  wrgs:1,101,237  wck:116.7  ngds:20,309
    run895  dpts:742..1067  robin:FrbaOnDom-First  effs:85,223,086  asgs:(22831,noefs=7552,fails=3012)  fails:420,610  wrgs:1,120,767  wck:121.5  ngds:20,311
    run896  dpts:2..81  robin:Wdeg-Last  effs:85,378,883  asgs:(6733,noefs=0,fails=3162)  fails:423,772  wrgs:1,124,685  wck:121.8  ngds:20,336
    run897  dpts:8..213  robin:PickOnDom-Rand  effs:85,771,196  asgs:(9561,noefs=1323,fails=3320)  fails:427,092  wrgs:1,131,191  wck:122.4  ngds:20,369
    run898  dpts:291..411  robin:WdegOnDom-First  effs:87,337,016  asgs:(21183,noefs=11317,fails=3486)  fails:430,578  wrgs:1,149,627  wck:124.6  ngds:20,372
    run899  dpts:2..129  robin:FrbaOnDom-Last  effs:87,518,375  asgs:(7503,noefs=0,fails=3661)  fails:434,239  wrgs:1,153,538  wck:124.9  ngds:20,407
 ...resetting heuristics data (nValues:6,927 - nSingletons:553 - nEntailed:510)
    run900  dpts:5..178  robin:Wdeg-Rand  effs:88,142,545  asgs:(11445,noefs=2144,fails=3844)  fails:438,083  wrgs:1,161,242  wck:125.7  ngds:20,442
 ...resetting restart cutoff to 55
    run901  dpts:423..475  robin:PickOnDom-First  effs:88,163,708  asgs:(624,noefs=354,fails=55)  fails:438,138  wrgs:1,161,401  wck:125.8  ngds:20,446
    run902  dpts:8..74  robin:WdegOnDom-Last  effs:88,166,723  asgs:(161,noefs=0,fails=57)  fails:438,195  wrgs:1,161,465  wck:125.8  ngds:20,480
    run903  dpts:15..157  robin:FrbaOnDom-Rand  effs:88,171,724  asgs:(217,noefs=58,fails=60)  fails:438,255  wrgs:1,161,525  wck:125.8  ngds:20,540
    run904  dpts:448..512  robin:Wdeg-First  effs:88,197,652  asgs:(832,noefs=507,fails=63)  fails:438,318  wrgs:1,161,854  wck:125.8  ngds:20,544
    run905  dpts:3..93  robin:PickOnDom-Last  effs:88,200,503  asgs:(159,noefs=0,fails=66)  fails:438,384  wrgs:1,161,920  wck:125.8  ngds:20,610
    run906  dpts:4..87  robin:WdegOnDom-Rand  effs:88,209,477  asgs:(240,noefs=66,fails=70)  fails:438,454  wrgs:1,162,044  wck:125.9  ngds:20,630
    run907  dpts:819..936  robin:FrbaOnDom-First  effs:88,264,280  asgs:(1208,noefs=707,fails=73)  fails:438,527  wrgs:1,162,371  wck:126.0  ngds:20,631
    run908  dpts:4..62  robin:Wdeg-Last  effs:88,270,198  asgs:(187,noefs=0,fails=77)  fails:438,604  wrgs:1,162,475  wck:126.0  ngds:20,667
    run909  dpts:5..122  robin:PickOnDom-Rand  effs:88,277,438  asgs:(266,noefs=61,fails=81)  fails:438,685  wrgs:1,162,596  wck:126.0  ngds:20,705
    run910  dpts:98..163  robin:WdegOnDom-First  effs:88,310,848  asgs:(635,noefs=292,fails=85)  fails:438,770  wrgs:1,163,062  wck:126.1  ngds:20,706
    run911  dpts:3..73  robin:FrbaOnDom-Last  effs:88,315,965  asgs:(188,noefs=0,fails=89)  fails:438,859  wrgs:1,163,154  wck:126.1  ngds:20,737
    run912  dpts:6..101  robin:Wdeg-Rand  effs:88,323,566  asgs:(316,noefs=76,fails=94)  fails:438,953  wrgs:1,163,329  wck:126.1  ngds:20,762
    run913  dpts:645..734  robin:PickOnDom-First  effs:88,347,369  asgs:(1185,noefs=503,fails=98)  fails:439,051  wrgs:1,163,769  wck:126.2  ngds:20,765
    run914  dpts:8..53  robin:WdegOnDom-Last  effs:88,354,104  asgs:(234,noefs=0,fails=103)  fails:439,154  wrgs:1,163,894  wck:126.2  ngds:20,782
    run915  dpts:7..120  robin:FrbaOnDom-Rand  effs:88,362,829  asgs:(362,noefs=100,fails=108)  fails:439,262  wrgs:1,164,082  wck:126.2  ngds:20,823
    run916  dpts:569..624  robin:Wdeg-First  effs:88,399,629  asgs:(1408,noefs=833,fails=114)  fails:439,376  wrgs:1,164,816  wck:126.3  ngds:20,826
    run917  dpts:1..98  robin:PickOnDom-Last  effs:88,407,752  asgs:(260,noefs=0,fails=120)  fails:439,496  wrgs:1,164,939  wck:126.3  ngds:20,886
    run918  dpts:9..72  robin:WdegOnDom-Rand  effs:88,420,298  asgs:(385,noefs=82,fails=126)  fails:439,622  wrgs:1,165,181  wck:126.3  ngds:20,902
    run919  dpts:964..1105  robin:FrbaOnDom-First  effs:88,516,564  asgs:(1646,noefs=941,fails=132)  fails:439,754  wrgs:1,165,770  wck:126.5  ngds:20,903
    run920  dpts:4..60  robin:Wdeg-Last  effs:88,530,221  asgs:(324,noefs=0,fails=138)  fails:439,892  wrgs:1,165,937  wck:126.5  ngds:20,926
    run921  dpts:1..148  robin:PickOnDom-Rand  effs:88,540,716  asgs:(449,noefs=81,fails=145)  fails:440,037  wrgs:1,166,177  wck:126.5  ngds:20,979
    run922  dpts:240..423  robin:WdegOnDom-First  effs:88,579,171  asgs:(1110,noefs=588,fails=153)  fails:440,190  wrgs:1,166,807  wck:126.6  ngds:20,984
    run923  dpts:3..84  robin:FrbaOnDom-Last  effs:88,589,370  asgs:(345,noefs=0,fails=160)  fails:440,350  wrgs:1,166,982  wck:126.6  ngds:21,032
    run924  dpts:5..128  robin:Wdeg-Rand  effs:88,605,437  asgs:(526,noefs=107,fails=168)  fails:440,518  wrgs:1,167,289  wck:126.6  ngds:21,077
    run925  dpts:539..652  robin:PickOnDom-First  effs:88,688,250  asgs:(2003,noefs=781,fails=177)  fails:440,695  wrgs:1,168,556  wck:126.8  ngds:21,080
    run926  dpts:2..53  robin:WdegOnDom-Last  effs:88,699,068  asgs:(396,noefs=0,fails=186)  fails:440,881  wrgs:1,168,760  wck:126.8  ngds:21,093
    run927  dpts:17..127  robin:FrbaOnDom-Rand  effs:88,717,462  asgs:(586,noefs=126,fails=195)  fails:441,076  wrgs:1,169,124  wck:126.8  ngds:21,122
    run928  dpts:601..710  robin:Wdeg-First  effs:88,794,767  asgs:(1849,noefs=1072,fails=205)  fails:441,281  wrgs:1,170,169  wck:127.0  ngds:21,127
    run929  dpts:0..86  robin:PickOnDom-Last  effs:88,804,367  asgs:(472,noefs=0,fails=215)  fails:441,496  wrgs:1,170,412  wck:127.0  ngds:21,172
 ...resetting heuristics data (nValues:6,926 - nSingletons:554 - nEntailed:511)
    run930  dpts:7..122  robin:WdegOnDom-Rand  effs:88,855,046  asgs:(739,noefs=178,fails=226)  fails:441,722  wrgs:1,170,884  wck:127.0  ngds:21,196
 ...Discarding 1 singleton variables
    run931  dpts:827..989  robin:FrbaOnDom-First  effs:89,001,639  asgs:(2197,noefs=1008,fails=237)  fails:441,959  wrgs:1,172,045  wck:127.3  ngds:21,198
    run932  dpts:9..91  robin:Wdeg-Last  effs:89,015,008  asgs:(568,noefs=0,fails=249)  fails:442,208  wrgs:1,172,333  wck:127.3  ngds:21,233
    run933  dpts:6..117  robin:PickOnDom-Rand  effs:89,050,093  asgs:(826,noefs=185,fails=262)  fails:442,470  wrgs:1,172,855  wck:127.4  ngds:21,250
    run934  dpts:285..443  robin:WdegOnDom-First  effs:89,180,889  asgs:(2196,noefs=1269,fails=275)  fails:442,745  wrgs:1,174,426  wck:127.6  ngds:21,255
    run935  dpts:1..72  robin:FrbaOnDom-Last  effs:89,196,045  asgs:(600,noefs=0,fails=288)  fails:443,033  wrgs:1,174,734  wck:127.6  ngds:21,293
    run936  dpts:3..119  robin:Wdeg-Rand  effs:89,257,175  asgs:(885,noefs=155,fails=303)  fails:443,336  wrgs:1,175,288  wck:127.7  ngds:21,333
    run937  dpts:475..599  robin:PickOnDom-First  effs:89,338,758  asgs:(2337,noefs=919,fails=318)  fails:443,654  wrgs:1,176,914  wck:127.8  ngds:21,334
    run938  dpts:5..53  robin:WdegOnDom-Last  effs:89,358,864  asgs:(699,noefs=0,fails=334)  fails:443,988  wrgs:1,177,267  wck:127.8  ngds:21,365
    run939  dpts:4..140  robin:FrbaOnDom-Rand  effs:89,382,071  asgs:(1035,noefs=218,fails=351)  fails:444,339  wrgs:1,177,949  wck:127.9  ngds:21,388
    run940  dpts:426..501  robin:Wdeg-First  effs:89,434,652  asgs:(2202,noefs=1039,fails=368)  fails:444,707  wrgs:1,179,426  wck:128.0  ngds:21,391
    run941  dpts:5..55  robin:PickOnDom-Last  effs:89,463,271  asgs:(887,noefs=0,fails=387)  fails:445,094  wrgs:1,179,923  wck:128.0  ngds:21,410
    run942  dpts:7..125  robin:WdegOnDom-Rand  effs:89,518,868  asgs:(1235,noefs=348,fails=406)  fails:445,500  wrgs:1,180,717  wck:128.1  ngds:21,432
    run943  dpts:1018..1174  robin:FrbaOnDom-First  effs:89,700,441  asgs:(2935,noefs=1365,fails=426)  fails:445,926  wrgs:1,182,272  wck:128.4  ngds:21,434
    run944  dpts:2..49  robin:Wdeg-Last  effs:89,724,864  asgs:(1020,noefs=0,fails=448)  fails:446,374  wrgs:1,182,877  wck:128.5  ngds:21,454
    run945  dpts:13..143  robin:PickOnDom-Rand  effs:89,755,120  asgs:(1380,noefs=247,fails=470)  fails:446,844  wrgs:1,183,773  wck:128.5  ngds:21,482
    run946  dpts:457..539  robin:WdegOnDom-First  effs:90,046,401  asgs:(2936,noefs=1572,fails=494)  fails:447,338  wrgs:1,185,932  wck:128.9  ngds:21,486
    run947  dpts:2..80  robin:FrbaOnDom-Last  effs:90,069,642  asgs:(1080,noefs=0,fails=518)  fails:447,856  wrgs:1,186,501  wck:128.9  ngds:21,524
    run948  dpts:2..57  robin:Wdeg-Rand  effs:90,099,004  asgs:(1472,noefs=258,fails=544)  fails:448,400  wrgs:1,187,614  wck:129.0  ngds:21,532
    run949  dpts:496..632  robin:PickOnDom-First  effs:90,260,294  asgs:(3314,noefs=995,fails=572)  fails:448,972  wrgs:1,189,946  wck:129.2  ngds:21,536
    run950  dpts:2..64  robin:WdegOnDom-Last  effs:90,290,542  asgs:(1319,noefs=0,fails=600)  fails:449,572  wrgs:1,190,694  wck:129.3  ngds:21,561
    run951  dpts:5..179  robin:FrbaOnDom-Rand  effs:90,352,216  asgs:(1869,noefs=390,fails=630)  fails:450,202  wrgs:1,191,916  wck:129.4  ngds:21,609
    run952  dpts:366..594  robin:Wdeg-First  effs:90,471,428  asgs:(3725,noefs=1501,fails=662)  fails:450,864  wrgs:1,194,693  wck:129.6  ngds:21,615
    run953  dpts:5..83  robin:PickOnDom-Last  effs:90,513,844  asgs:(1461,noefs=0,fails=695)  fails:451,559  wrgs:1,195,460  wck:129.7  ngds:21,655
    run954  dpts:10..64  robin:WdegOnDom-Rand  effs:90,595,809  asgs:(2054,noefs=441,fails=730)  fails:452,289  wrgs:1,196,908  wck:129.8  ngds:21,662
    run955  dpts:835..1003  robin:FrbaOnDom-First  effs:90,850,208  asgs:(4006,noefs=1243,fails=766)  fails:453,055  wrgs:1,199,373  wck:130.2  ngds:21,664
    run956  dpts:16..77  robin:Wdeg-Last  effs:90,890,709  asgs:(1833,noefs=0,fails=804)  fails:453,859  wrgs:1,200,434  wck:130.3  ngds:21,697
    run957  dpts:12..150  robin:PickOnDom-Rand  effs:90,976,563  asgs:(2533,noefs=395,fails=845)  fails:454,704  wrgs:1,202,113  wck:130.4  ngds:21,717
    run958  dpts:138..540  robin:WdegOnDom-First  effs:91,387,115  asgs:(5386,noefs=2936,fails=887)  fails:455,591  wrgs:1,206,387  wck:130.9  ngds:21,723
    run959  dpts:2..114  robin:FrbaOnDom-Last  effs:91,443,745  asgs:(1954,noefs=0,fails=931)  fails:456,522  wrgs:1,207,442  wck:131.0  ngds:21,755
 ...resetting heuristics data (nValues:6,926 - nSingletons:554 - nEntailed:511)
    run960  dpts:3..179  robin:Wdeg-Rand  effs:91,583,712  asgs:(2871,noefs=636,fails=978)  fails:457,500  wrgs:1,209,288  wck:131.2  ngds:21,810
    run961  dpts:356..477  robin:PickOnDom-First  effs:91,828,247  asgs:(5645,noefs=1955,fails=1027)  fails:458,527  wrgs:1,213,822  wck:131.5  ngds:21,813
    run962  dpts:10..88  robin:WdegOnDom-Last  effs:91,976,881  asgs:(2313,noefs=0,fails=1078)  fails:459,605  wrgs:1,215,043  wck:131.7  ngds:21,850
    run963  dpts:10..177  robin:FrbaOnDom-Rand  effs:92,088,112  asgs:(3359,noefs=724,fails=1132)  fails:460,737  wrgs:1,217,320  wck:131.9  ngds:21,866
    run964  dpts:217..561  robin:Wdeg-First  effs:92,364,520  asgs:(7443,noefs=2818,fails=1189)  fails:461,926  wrgs:1,223,473  wck:132.3  ngds:21,869
    run965  dpts:9..86  robin:PickOnDom-Last  effs:92,453,705  asgs:(2672,noefs=0,fails=1248)  fails:463,174  wrgs:1,224,917  wck:132.5  ngds:21,891
    run966  dpts:15..89  robin:WdegOnDom-Rand  effs:92,679,932  asgs:(3865,noefs=822,fails=1311)  fails:464,485  wrgs:1,227,560  wck:132.7  ngds:21,907
    run967  dpts:932..1237  robin:FrbaOnDom-First  effs:93,333,746  asgs:(8323,noefs=3010,fails=1376)  fails:465,861  wrgs:1,233,854  wck:133.7  ngds:21,911
    run968  dpts:6..111  robin:Wdeg-Last  effs:93,411,775  asgs:(3238,noefs=0,fails=1445)  fails:467,306  wrgs:1,235,768  wck:133.8  ngds:21,955
    run969  dpts:10..117  robin:PickOnDom-Rand  effs:93,572,136  asgs:(4438,noefs=588,fails=1517)  fails:468,823  wrgs:1,238,743  wck:134.0  ngds:21,985
    run970  dpts:165..386  robin:WdegOnDom-First  effs:94,136,430  asgs:(9592,noefs=4775,fails=1593)  fails:470,416  wrgs:1,246,980  wck:134.9  ngds:21,994
    run971  dpts:4..152  robin:FrbaOnDom-Last  effs:94,245,645  asgs:(3388,noefs=0,fails=1673)  fails:472,089  wrgs:1,248,713  wck:135.1  ngds:22,033
    run972  dpts:11..89  robin:Wdeg-Rand  effs:94,478,158  asgs:(4889,noefs=790,fails=1757)  fails:473,846  wrgs:1,252,278  wck:135.4  ngds:22,042
    run973  dpts:489..742  robin:PickOnDom-First  effs:95,288,588  asgs:(13917,noefs=5678,fails=1844)  fails:475,690  wrgs:1,264,428  wck:136.7  ngds:22,046
    run974  dpts:1..68  robin:WdegOnDom-Last  effs:95,493,606  asgs:(4130,noefs=0,fails=1937)  fails:477,627  wrgs:1,266,905  wck:136.9  ngds:22,070
    run975  dpts:2..132  robin:FrbaOnDom-Rand  effs:95,655,360  asgs:(5865,noefs=984,fails=2034)  fails:479,661  wrgs:1,270,992  wck:137.2  ngds:22,082
    run976  dpts:561..765  robin:Wdeg-First  effs:96,126,400  asgs:(9729,noefs=3643,fails=2135)  fails:481,796  wrgs:1,278,778  wck:138.0  ngds:22,088
    run977  dpts:1..104  robin:PickOnDom-Last  effs:96,266,489  asgs:(5038,noefs=0,fails=2242)  fails:484,038  wrgs:1,281,835  wck:138.2  ngds:22,125
    run978  dpts:7..84  robin:WdegOnDom-Rand  effs:96,562,324  asgs:(6705,noefs=1235,fails=2354)  fails:486,392  wrgs:1,286,522  wck:138.7  ngds:22,139
    run979  dpts:730..1041  robin:FrbaOnDom-First  effs:98,363,785  asgs:(17238,noefs=5727,fails=2472)  fails:488,864  wrgs:1,301,141  wck:141.2  ngds:22,142
    run980  dpts:3..112  robin:Wdeg-Last  effs:98,526,040  asgs:(5432,noefs=0,fails=2596)  fails:491,460  wrgs:1,304,121  wck:141.4  ngds:22,147
    run981  dpts:14..169  robin:PickOnDom-Rand  effs:98,865,862  asgs:(7991,noefs=1060,fails=2725)  fails:494,185  wrgs:1,309,465  wck:141.9  ngds:22,182
    run982  dpts:172..493  robin:WdegOnDom-First  effs:99,985,311  asgs:(13443,noefs=6685,fails=2862)  fails:497,047  wrgs:1,320,722  wck:143.3  ngds:22,191
    run983  dpts:2..204  robin:FrbaOnDom-Last  effs:100,159,708  asgs:(6216,noefs=0,fails=3005)  fails:500,052  wrgs:1,324,005  wck:143.6  ngds:22,318
    run984  dpts:6..89  robin:Wdeg-Rand  effs:100,485,234  asgs:(8826,noefs=1314,fails=3155)  fails:503,207  wrgs:1,330,350  wck:144.1  ngds:22,329
    run985  dpts:492..601  robin:PickOnDom-First  effs:101,426,039  asgs:(15821,noefs=3305,fails=3313)  fails:506,520  wrgs:1,343,151  wck:145.3  ngds:22,333
    run986  dpts:4..77  robin:WdegOnDom-Last  effs:101,644,842  asgs:(7341,noefs=0,fails=3478)  fails:509,998  wrgs:1,347,454  wck:145.7  ngds:22,341
    run987  dpts:15..249  robin:FrbaOnDom-Rand  effs:102,048,561  asgs:(10705,noefs=2475,fails=3652)  fails:513,650  wrgs:1,354,677  wck:146.3  ngds:22,378
    run988  dpts:661..796  robin:Wdeg-First  effs:103,741,674  asgs:(21894,noefs=9938,fails=3835)  fails:517,485  wrgs:1,373,662  wck:148.5  ngds:22,380
    run989  dpts:4..143  robin:PickOnDom-Last  effs:104,052,668  asgs:(8382,noefs=0,fails=4027)  fails:521,512  wrgs:1,378,131  wck:148.9  ngds:22,450
 ...resetting heuristics data (nValues:6,926 - nSingletons:554 - nEntailed:511)
    run990  dpts:5..130  robin:WdegOnDom-Rand  effs:104,975,257  asgs:(12275,noefs=2491,fails=4228)  fails:525,740  wrgs:1,386,464  wck:150.1  ngds:22,468
 ...resetting restart cutoff to 60
    run991  dpts:748..896  robin:FrbaOnDom-First  effs:105,014,627  asgs:(1279,noefs=668,fails=60)  fails:525,800  wrgs:1,386,883  wck:150.2  ngds:22,471
    run992  dpts:11..69  robin:Wdeg-Last  effs:105,016,835  asgs:(171,noefs=0,fails=63)  fails:525,863  wrgs:1,386,954  wck:150.2  ngds:22,492
    run993  dpts:5..159  robin:PickOnDom-Rand  effs:105,019,124  asgs:(225,noefs=65,fails=66)  fails:525,929  wrgs:1,387,020  wck:150.2  ngds:22,558
    run994  dpts:221..291  robin:WdegOnDom-First  effs:105,047,158  asgs:(855,noefs=555,fails=69)  fails:525,998  wrgs:1,387,543  wck:150.2  ngds:22,564
    run995  dpts:1..53  robin:FrbaOnDom-Last  effs:105,053,918  asgs:(158,noefs=0,fails=72)  fails:526,070  wrgs:1,387,631  wck:150.2  ngds:22,579
    run996  dpts:5..83  robin:Wdeg-Rand  effs:105,072,252  asgs:(246,noefs=52,fails=76)  fails:526,146  wrgs:1,387,764  wck:150.3  ngds:22,589
    run997  dpts:335..584  robin:PickOnDom-First  effs:105,093,408  asgs:(1050,noefs=504,fails=80)  fails:526,226  wrgs:1,388,236  wck:150.3  ngds:22,595
    run998  dpts:3..46  robin:WdegOnDom-Last  effs:105,098,219  asgs:(193,noefs=0,fails=84)  fails:526,310  wrgs:1,388,332  wck:150.3  ngds:22,618
    run999  dpts:1..151  robin:FrbaOnDom-Rand  effs:105,109,269  asgs:(302,noefs=82,fails=88)  fails:526,398  wrgs:1,388,458  wck:150.4  ngds:22,671
    run1,000  dpts:257..534  robin:Wdeg-First  effs:105,119,014  asgs:(965,noefs=532,fails=93)  fails:526,491  wrgs:1,388,836  wck:150.4  ngds:22,678
    run1,001  dpts:1..57  robin:PickOnDom-Last  effs:105,123,932  asgs:(225,noefs=0,fails=97)  fails:526,588  wrgs:1,388,953  wck:150.4  ngds:22,709
    run1,002  dpts:4..98  robin:WdegOnDom-Rand  effs:105,134,139  asgs:(325,noefs=73,fails=102)  fails:526,690  wrgs:1,389,149  wck:150.4  ngds:22,724
    run1,003  dpts:997..1121  robin:FrbaOnDom-First  effs:105,191,029  asgs:(1597,noefs=944,fails=107)  fails:526,797  wrgs:1,389,666  wck:150.5  ngds:22,727
    run1,004  dpts:14..38  robin:Wdeg-Last  effs:105,197,174  asgs:(277,noefs=0,fails=113)  fails:526,910  wrgs:1,389,820  wck:150.6  ngds:22,739
    run1,005  dpts:5..117  robin:PickOnDom-Rand  effs:105,204,552  asgs:(369,noefs=79,fails=118)  fails:527,028  wrgs:1,390,015  wck:150.6  ngds:22,780
    run1,006  dpts:215..306  robin:WdegOnDom-First  effs:105,295,336  asgs:(1802,noefs=1154,fails=124)  fails:527,152  wrgs:1,391,443  wck:150.7  ngds:22,784
    run1,007  dpts:3..64  robin:FrbaOnDom-Last  effs:105,302,611  asgs:(280,noefs=0,fails=130)  fails:527,282  wrgs:1,391,587  wck:150.7  ngds:22,820
    run1,008  dpts:19..43  robin:Wdeg-Rand  effs:105,312,759  asgs:(432,noefs=80,fails=137)  fails:527,419  wrgs:1,391,870  wck:150.7  ngds:22,828
    run1,009  dpts:344..643  robin:PickOnDom-First  effs:105,413,896  asgs:(1632,noefs=652,fails=144)  fails:527,563  wrgs:1,392,892  wck:150.9  ngds:22,831
    run1,010  dpts:13..50  robin:WdegOnDom-Last  effs:105,424,262  asgs:(330,noefs=0,fails=151)  fails:527,714  wrgs:1,393,071  wck:150.9  ngds:22,863
    run1,011  dpts:14..94  robin:FrbaOnDom-Rand  effs:105,436,435  asgs:(474,noefs=93,fails=159)  fails:527,873  wrgs:1,393,353  wck:150.9  ngds:22,884
    run1,012  dpts:514..600  robin:Wdeg-First  effs:105,461,715  asgs:(1245,noefs=656,fails=167)  fails:528,040  wrgs:1,393,933  wck:151.0  ngds:22,887
    run1,013  dpts:5..106  robin:PickOnDom-Last  effs:105,466,944  asgs:(380,noefs=0,fails=175)  fails:528,215  wrgs:1,394,119  wck:151.0  ngds:22,941
    run1,014  dpts:15..66  robin:WdegOnDom-Rand  effs:105,481,390  asgs:(509,noefs=84,fails=184)  fails:528,399  wrgs:1,394,469  wck:151.0  ngds:22,952
    run1,015  dpts:1091..1285  robin:FrbaOnDom-First  effs:105,596,102  asgs:(2105,noefs=1152,fails=193)  fails:528,592  wrgs:1,395,322  wck:151.2  ngds:22,954
    run1,016  dpts:2..44  robin:Wdeg-Last  effs:105,604,264  asgs:(499,noefs=0,fails=203)  fails:528,795  wrgs:1,395,631  wck:151.3  ngds:22,967
    run1,017  dpts:6..143  robin:PickOnDom-Rand  effs:105,640,060  asgs:(627,noefs=104,fails=213)  fails:529,008  wrgs:1,395,983  wck:151.3  ngds:23,014
    run1,018  dpts:244..327  robin:WdegOnDom-First  effs:105,701,798  asgs:(1629,noefs=934,fails=224)  fails:529,232  wrgs:1,397,164  wck:151.4  ngds:23,018
    run1,019  dpts:5..87  robin:FrbaOnDom-Last  effs:105,715,629  asgs:(490,noefs=0,fails=235)  fails:529,467  wrgs:1,397,417  wck:151.4  ngds:23,082
 ...resetting heuristics data (nValues:6,926 - nSingletons:554 - nEntailed:511)
    run1,020  dpts:6..134  robin:Wdeg-Rand  effs:105,756,440  asgs:(776,noefs=172,fails=246)  fails:529,713  wrgs:1,397,903  wck:151.5  ngds:23,105
    run1,021  dpts:376..579  robin:PickOnDom-First  effs:105,815,651  asgs:(1932,noefs=751,fails=259)  fails:529,972  wrgs:1,399,202  wck:151.6  ngds:23,107
    run1,022  dpts:12..81  robin:WdegOnDom-Last  effs:105,843,476  asgs:(605,noefs=0,fails=272)  fails:530,244  wrgs:1,399,502  wck:151.6  ngds:23,126
    run1,023  dpts:5..115  robin:FrbaOnDom-Rand  effs:105,873,799  asgs:(869,noefs=187,fails=285)  fails:530,529  wrgs:1,400,044  wck:151.7  ngds:23,174
    run1,024  dpts:438..562  robin:Wdeg-First  effs:105,977,167  asgs:(2186,noefs=977,fails=300)  fails:530,829  wrgs:1,401,537  wck:151.9  ngds:23,179
    run1,025  dpts:4..71  robin:PickOnDom-Last  effs:105,998,445  asgs:(677,noefs=0,fails=315)  fails:531,144  wrgs:1,401,896  wck:151.9  ngds:23,192
    run1,026  dpts:11..87  robin:WdegOnDom-Rand  effs:106,061,110  asgs:(987,noefs=208,fails=330)  fails:531,474  wrgs:1,402,548  wck:152.0  ngds:23,203
    run1,027  dpts:772..990  robin:FrbaOnDom-First  effs:106,208,374  asgs:(2475,noefs=1156,fails=347)  fails:531,821  wrgs:1,403,977  wck:152.2  ngds:23,207
    run1,028  dpts:6..68  robin:Wdeg-Last  effs:106,232,200  asgs:(780,noefs=0,fails=364)  fails:532,185  wrgs:1,404,385  wck:152.3  ngds:23,227
    run1,029  dpts:26..105  robin:PickOnDom-Rand  effs:106,269,289  asgs:(1121,noefs=176,fails=383)  fails:532,568  wrgs:1,405,079  wck:152.3  ngds:23,259
    run1,030  dpts:326..413  robin:WdegOnDom-First  effs:106,456,589  asgs:(2457,noefs=1287,fails=402)  fails:532,970  wrgs:1,406,926  wck:152.6  ngds:23,263
    run1,031  dpts:1..118  robin:FrbaOnDom-Last  effs:106,485,833  asgs:(868,noefs=0,fails=422)  fails:533,392  wrgs:1,407,368  wck:152.6  ngds:23,344
    run1,032  dpts:5..70  robin:Wdeg-Rand  effs:106,520,519  asgs:(1270,noefs=217,fails=443)  fails:533,835  wrgs:1,408,241  wck:152.7  ngds:23,350
    run1,033  dpts:403..927  robin:PickOnDom-First  effs:106,789,757  asgs:(4925,noefs=2101,fails=465)  fails:534,300  wrgs:1,412,106  wck:153.1  ngds:23,357
    run1,034  dpts:2..48  robin:WdegOnDom-Last  effs:106,824,672  asgs:(1054,noefs=0,fails=488)  fails:534,788  wrgs:1,412,755  wck:153.2  ngds:23,376
    run1,035  dpts:9..125  robin:FrbaOnDom-Rand  effs:106,858,637  asgs:(1538,noefs=339,fails=513)  fails:535,301  wrgs:1,413,738  wck:153.2  ngds:23,441
    run1,036  dpts:554..743  robin:Wdeg-First  effs:106,964,380  asgs:(3373,noefs=1376,fails=539)  fails:535,840  wrgs:1,416,039  wck:153.4  ngds:23,446
    run1,037  dpts:1..105  robin:PickOnDom-Last  effs:106,985,089  asgs:(1200,noefs=0,fails=566)  fails:536,406  wrgs:1,416,662  wck:153.5  ngds:23,501
    run1,038  dpts:3..74  robin:WdegOnDom-Rand  effs:107,034,107  asgs:(1728,noefs=321,fails=594)  fails:537,000  wrgs:1,417,837  wck:153.5  ngds:23,517
    run1,039  dpts:906..1281  robin:FrbaOnDom-First  effs:107,443,190  asgs:(4167,noefs=1955,fails=624)  fails:537,624  wrgs:1,420,745  wck:154.2  ngds:23,520
    run1,040  dpts:14..94  robin:Wdeg-Last  effs:107,490,573  asgs:(1423,noefs=0,fails=655)  fails:538,279  wrgs:1,421,528  wck:154.3  ngds:23,548
    run1,041  dpts:6..146  robin:PickOnDom-Rand  effs:107,561,570  asgs:(2056,noefs=300,fails=688)  fails:538,967  wrgs:1,422,896  wck:154.4  ngds:23,583
    run1,042  dpts:383..452  robin:WdegOnDom-First  effs:107,779,466  asgs:(4222,noefs=2127,fails=722)  fails:539,689  wrgs:1,426,177  wck:154.7  ngds:23,591
    run1,043  dpts:4..152  robin:FrbaOnDom-Last  effs:107,846,434  asgs:(1552,noefs=0,fails=758)  fails:540,447  wrgs:1,426,974  wck:154.8  ngds:23,609
    run1,044  dpts:10..83  robin:Wdeg-Rand  effs:107,910,730  asgs:(2320,noefs=406,fails=796)  fails:541,243  wrgs:1,428,589  wck:155.0  ngds:23,628
    run1,045  dpts:511..687  robin:PickOnDom-First  effs:108,129,057  asgs:(4282,noefs=1280,fails=836)  fails:542,079  wrgs:1,431,702  wck:155.2  ngds:23,631
    run1,046  dpts:1..57  robin:WdegOnDom-Last  effs:108,181,084  asgs:(1909,noefs=0,fails=878)  fails:542,957  wrgs:1,432,852  wck:155.3  ngds:23,662
    run1,047  dpts:1..173  robin:FrbaOnDom-Rand  effs:108,267,163  asgs:(2637,noefs=522,fails=922)  fails:543,879  wrgs:1,434,574  wck:155.5  ngds:23,733
    run1,048  dpts:585..659  robin:Wdeg-First  effs:108,512,777  asgs:(5687,noefs=2623,fails=968)  fails:544,847  wrgs:1,438,984  wck:155.9  ngds:23,739
    run1,049  dpts:7..96  robin:PickOnDom-Last  effs:108,590,425  asgs:(2198,noefs=0,fails=1016)  fails:545,863  wrgs:1,440,194  wck:156.0  ngds:23,773
 ...resetting heuristics data (nValues:6,926 - nSingletons:554 - nEntailed:511)
    run1,050  dpts:9..109  robin:WdegOnDom-Rand  effs:108,852,946  asgs:(3189,noefs=725,fails=1067)  fails:546,930  wrgs:1,442,286  wck:156.3  ngds:23,801
    run1,051  dpts:616..918  robin:FrbaOnDom-First  effs:109,673,902  asgs:(7078,noefs=2865,fails=1120)  fails:548,050  wrgs:1,447,995  wck:157.4  ngds:23,804
    run1,052  dpts:13..106  robin:Wdeg-Last  effs:109,784,795  asgs:(2528,noefs=0,fails=1176)  fails:549,226  wrgs:1,449,346  wck:157.5  ngds:23,826
    run1,053  dpts:5..135  robin:PickOnDom-Rand  effs:109,926,862  asgs:(3700,noefs=746,fails=1235)  fails:550,461  wrgs:1,451,827  wck:157.7  ngds:23,847
    run1,054  dpts:245..319  robin:WdegOnDom-First  effs:110,387,031  asgs:(6969,noefs=3299,fails=1297)  fails:551,758  wrgs:1,457,622  wck:158.3  ngds:23,852
    run1,055  dpts:3..145  robin:FrbaOnDom-Last  effs:110,419,965  asgs:(2812,noefs=0,fails=1362)  fails:553,120  wrgs:1,459,082  wck:158.4  ngds:23,901
    run1,056  dpts:7..132  robin:Wdeg-Rand  effs:110,758,841  asgs:(4263,noefs=818,fails=1430)  fails:554,550  wrgs:1,461,956  wck:158.8  ngds:23,932
    run1,057  dpts:230..565  robin:PickOnDom-First  effs:111,347,094  asgs:(9062,noefs=3146,fails=1501)  fails:556,051  wrgs:1,469,624  wck:159.6  ngds:23,939
    run1,058  dpts:6..46  robin:WdegOnDom-Last  effs:111,521,385  asgs:(3363,noefs=0,fails=1577)  fails:557,628  wrgs:1,471,745  wck:159.9  ngds:23,953
    run1,059  dpts:3..201  robin:FrbaOnDom-Rand  effs:111,717,746  asgs:(4846,noefs=1064,fails=1655)  fails:559,283  wrgs:1,474,906  wck:160.2  ngds:24,015
    run1,060  dpts:407..583  robin:Wdeg-First  effs:112,328,824  asgs:(7739,noefs=2755,fails=1738)  fails:561,021  wrgs:1,481,160  wck:161.0  ngds:24,019
    run1,061  dpts:3..95  robin:PickOnDom-Last  effs:112,406,587  asgs:(3868,noefs=0,fails=1825)  fails:562,846  wrgs:1,483,244  wck:161.1  ngds:24,066
    run1,062  dpts:10..126  robin:WdegOnDom-Rand  effs:112,672,414  asgs:(5621,noefs=1499,fails=1916)  fails:564,762  wrgs:1,487,140  wck:161.5  ngds:24,085
    run1,063  dpts:664..904  robin:FrbaOnDom-First  effs:113,205,109  asgs:(10501,noefs=3424,fails=2012)  fails:566,774  wrgs:1,495,267  wck:162.4  ngds:24,092
    run1,064  dpts:4..112  robin:Wdeg-Last  effs:113,376,746  asgs:(4588,noefs=0,fails=2113)  fails:568,887  wrgs:1,497,828  wck:162.6  ngds:24,120
    run1,065  dpts:6..142  robin:PickOnDom-Rand  effs:113,638,839  asgs:(6598,noefs=984,fails=2219)  fails:571,106  wrgs:1,502,283  wck:163.0  ngds:24,142
    run1,066  dpts:289..419  robin:WdegOnDom-First  effs:114,362,412  asgs:(12847,noefs=6456,fails=2329)  fails:573,435  wrgs:1,513,284  wck:164.0  ngds:24,148
    run1,067  dpts:5..198  robin:FrbaOnDom-Last  effs:114,478,424  asgs:(5032,noefs=0,fails=2446)  fails:575,881  wrgs:1,515,905  wck:164.2  ngds:24,308
    run1,068  dpts:2..109  robin:Wdeg-Rand  effs:114,719,055  asgs:(7356,noefs=1135,fails=2568)  fails:578,449  wrgs:1,521,088  wck:164.6  ngds:24,325
    run1,069  dpts:355..616  robin:PickOnDom-First  effs:115,524,504  asgs:(18380,noefs=6599,fails=2697)  fails:581,146  wrgs:1,537,054  wck:165.9  ngds:24,332
    run1,070  dpts:2..55  robin:WdegOnDom-Last  effs:115,706,728  asgs:(6219,noefs=0,fails=2832)  fails:583,978  wrgs:1,540,834  wck:166.2  ngds:24,347
    run1,071  dpts:9..234  robin:FrbaOnDom-Rand  effs:116,147,748  asgs:(8764,noefs=1866,fails=2973)  fails:586,951  wrgs:1,546,796  wck:166.8  ngds:24,392
    run1,072  dpts:301..678  robin:Wdeg-First  effs:117,188,652  asgs:(15295,noefs=5792,fails=3122)  fails:590,073  wrgs:1,559,690  wck:168.2  ngds:24,397
    run1,073  dpts:1..97  robin:PickOnDom-Last  effs:117,404,611  asgs:(6933,noefs=0,fails=3278)  fails:593,351  wrgs:1,563,425  wck:168.5  ngds:24,465
    run1,074  dpts:19..151  robin:WdegOnDom-Rand  effs:117,940,370  asgs:(9811,noefs=2144,fails=3442)  fails:596,793  wrgs:1,570,315  wck:169.3  ngds:24,482
    run1,075  dpts:710..1045  robin:FrbaOnDom-First  effs:119,793,876  asgs:(21791,noefs=8171,fails=3614)  fails:600,407  wrgs:1,588,452  wck:171.9  ngds:24,486
    run1,076  dpts:4..112  robin:Wdeg-Last  effs:120,028,095  asgs:(8071,noefs=0,fails=3795)  fails:604,202  wrgs:1,593,029  wck:172.3  ngds:24,531
    run1,077  dpts:1..199  robin:PickOnDom-Rand  effs:120,470,747  asgs:(11741,noefs=1600,fails=3985)  fails:608,187  wrgs:1,600,914  wck:172.8  ngds:24,565
    run1,078  dpts:324..426  robin:WdegOnDom-First  effs:121,479,223  asgs:(18254,noefs=7285,fails=4184)  fails:612,371  wrgs:1,616,079  wck:174.4  ngds:24,570
    run1,079  dpts:3..226  robin:FrbaOnDom-Last  effs:121,726,085  asgs:(8974,noefs=0,fails=4393)  fails:616,764  wrgs:1,620,694  wck:174.7  ngds:24,656
 ...resetting heuristics data (nValues:6,926 - nSingletons:554 - nEntailed:511)
    run1,080  dpts:7..184  robin:Wdeg-Rand  effs:122,351,086  asgs:(13370,noefs=2696,fails=4613)  fails:621,377  wrgs:1,629,753  wck:175.6  ngds:24,684
 ...resetting restart cutoff to 65
    run1,081  dpts:423..485  robin:PickOnDom-First  effs:122,374,222  asgs:(645,noefs=363,fails=65)  fails:621,442  wrgs:1,629,944  wck:175.6  ngds:24,688
    run1,082  dpts:14..69  robin:WdegOnDom-Last  effs:122,377,787  asgs:(178,noefs=0,fails=68)  fails:621,510  wrgs:1,630,022  wck:175.6  ngds:24,719
    run1,083  dpts:7..77  robin:FrbaOnDom-Rand  effs:122,386,422  asgs:(247,noefs=57,fails=71)  fails:621,581  wrgs:1,630,157  wck:175.6  ngds:24,747
    run1,084  dpts:495..562  robin:Wdeg-First  effs:122,414,174  asgs:(1095,noefs=694,fails=75)  fails:621,656  wrgs:1,630,669  wck:175.7  ngds:24,750
    run1,085  dpts:3..79  robin:PickOnDom-Last  effs:122,420,485  asgs:(188,noefs=0,fails=79)  fails:621,735  wrgs:1,630,752  wck:175.7  ngds:24,788
    run1,086  dpts:2..95  robin:WdegOnDom-Rand  effs:122,434,938  asgs:(265,noefs=61,fails=82)  fails:621,817  wrgs:1,630,907  wck:175.7  ngds:24,808
    run1,087  dpts:826..938  robin:FrbaOnDom-First  effs:122,482,361  asgs:(1318,noefs=834,fails=87)  fails:621,904  wrgs:1,631,294  wck:175.9  ngds:24,810
    run1,088  dpts:3..66  robin:Wdeg-Last  effs:122,486,596  asgs:(214,noefs=0,fails=91)  fails:621,995  wrgs:1,631,414  wck:175.9  ngds:24,831
    run1,089  dpts:5..181  robin:PickOnDom-Rand  effs:122,499,105  asgs:(366,noefs=102,fails=96)  fails:622,091  wrgs:1,631,563  wck:175.9  ngds:24,892
    run1,090  dpts:150..229  robin:WdegOnDom-First  effs:122,572,700  asgs:(927,noefs=473,fails=100)  fails:622,191  wrgs:1,632,240  wck:176.0  ngds:24,894
    run1,091  dpts:1..100  robin:FrbaOnDom-Last  effs:122,583,698  asgs:(224,noefs=0,fails=105)  fails:622,296  wrgs:1,632,349  wck:176.0  ngds:24,963
    run1,092  dpts:4..87  robin:Wdeg-Rand  effs:122,591,791  asgs:(351,noefs=50,fails=111)  fails:622,407  wrgs:1,632,576  wck:176.0  ngds:24,986
    run1,093  dpts:279..678  robin:PickOnDom-First  effs:122,616,582  asgs:(1026,noefs=416,fails=116)  fails:622,523  wrgs:1,632,953  wck:176.1  ngds:24,993
    run1,094  dpts:2..41  robin:WdegOnDom-Last  effs:122,625,793  asgs:(268,noefs=0,fails=122)  fails:622,645  wrgs:1,633,095  wck:176.1  ngds:25,006
    run1,095  dpts:1..133  robin:FrbaOnDom-Rand  effs:122,634,383  asgs:(396,noefs=89,fails=128)  fails:622,773  wrgs:1,633,303  wck:176.1  ngds:25,047
    run1,096  dpts:539..609  robin:Wdeg-First  effs:122,659,835  asgs:(1255,noefs=727,fails=135)  fails:622,908  wrgs:1,633,884  wck:176.2  ngds:25,053
    run1,097  dpts:3..71  robin:PickOnDom-Last  effs:122,669,702  asgs:(309,noefs=0,fails=141)  fails:623,049  wrgs:1,634,044  wck:176.2  ngds:25,084
    run1,098  dpts:7..72  robin:WdegOnDom-Rand  effs:122,682,030  asgs:(449,noefs=104,fails=148)  fails:623,197  wrgs:1,634,318  wck:176.2  ngds:25,098
    run1,099  dpts:962..1177  robin:FrbaOnDom-First  effs:122,791,054  asgs:(1991,noefs=1180,fails=156)  fails:623,353  wrgs:1,635,211  wck:176.4  ngds:25,100
    run1,100  dpts:14..32  robin:Wdeg-Last  effs:122,813,060  asgs:(380,noefs=0,fails=164)  fails:623,517  wrgs:1,635,425  wck:176.4  ngds:25,107
    run1,101  dpts:10..153  robin:PickOnDom-Rand  effs:122,840,249  asgs:(575,noefs=81,fails=172)  fails:623,689  wrgs:1,635,762  wck:176.5  ngds:25,132
    run1,102  dpts:212..429  robin:WdegOnDom-First  effs:122,906,096  asgs:(1381,noefs=690,fails=181)  fails:623,870  wrgs:1,636,687  wck:176.6  ngds:25,135
    run1,103  dpts:6..100  robin:FrbaOnDom-Last  effs:122,922,551  asgs:(402,noefs=0,fails=190)  fails:624,060  wrgs:1,636,890  wck:176.6  ngds:25,187
    run1,104  dpts:8..62  robin:Wdeg-Rand  effs:122,952,636  asgs:(557,noefs=93,fails=199)  fails:624,259  wrgs:1,637,253  wck:176.7  ngds:25,214
    run1,105  dpts:267..584  robin:PickOnDom-First  effs:123,028,741  asgs:(2122,noefs=767,fails=209)  fails:624,468  wrgs:1,638,687  wck:176.8  ngds:25,222
    run1,106  dpts:5..45  robin:WdegOnDom-Last  effs:123,042,157  asgs:(501,noefs=0,fails=220)  fails:624,688  wrgs:1,638,978  wck:176.8  ngds:25,233
    run1,107  dpts:5..101  robin:FrbaOnDom-Rand  effs:123,064,887  asgs:(709,noefs=158,fails=231)  fails:624,919  wrgs:1,639,429  wck:176.9  ngds:25,263
    run1,108  dpts:604..680  robin:Wdeg-First  effs:123,129,808  asgs:(1889,noefs=1025,fails=242)  fails:625,161  wrgs:1,640,542  wck:177.0  ngds:25,269
    run1,109  dpts:3..62  robin:PickOnDom-Last  effs:123,147,532  asgs:(559,noefs=0,fails=254)  fails:625,415  wrgs:1,640,846  wck:177.0  ngds:25,302
 ...resetting heuristics data (nValues:6,926 - nSingletons:554 - nEntailed:511)
    run1,110  dpts:3..95  robin:WdegOnDom-Rand  effs:123,195,803  asgs:(810,noefs=161,fails=267)  fails:625,682  wrgs:1,641,363  wck:177.1  ngds:25,320
    run1,111  dpts:677..874  robin:FrbaOnDom-First  effs:123,484,469  asgs:(2946,noefs=1415,fails=280)  fails:625,962  wrgs:1,643,445  wck:177.5  ngds:25,325
    run1,112  dpts:15..74  robin:Wdeg-Last  effs:123,499,017  asgs:(654,noefs=0,fails=294)  fails:626,256  wrgs:1,643,784  wck:177.6  ngds:25,357
    run1,113  dpts:5..306  robin:PickOnDom-Rand  effs:123,526,775  asgs:(962,noefs=198,fails=309)  fails:626,565  wrgs:1,644,307  wck:177.6  ngds:25,457
    run1,114  dpts:177..314  robin:WdegOnDom-First  effs:123,618,218  asgs:(2204,noefs=1126,fails=325)  fails:626,890  wrgs:1,645,956  wck:177.8  ngds:25,464
    run1,115  dpts:2..91  robin:FrbaOnDom-Last  effs:123,644,686  asgs:(697,noefs=0,fails=341)  fails:627,231  wrgs:1,646,306  wck:177.8  ngds:25,494
    run1,116  dpts:6..115  robin:Wdeg-Rand  effs:123,710,239  asgs:(1090,noefs=200,fails=358)  fails:627,589  wrgs:1,646,981  wck:177.9  ngds:25,532
    run1,117  dpts:234..415  robin:PickOnDom-First  effs:123,969,910  asgs:(3729,noefs=1582,fails=376)  fails:627,965  wrgs:1,650,109  wck:178.3  ngds:25,535
    run1,118  dpts:5..73  robin:WdegOnDom-Last  effs:123,993,600  asgs:(819,noefs=0,fails=395)  fails:628,360  wrgs:1,650,522  wck:178.3  ngds:25,569
    run1,119  dpts:11..128  robin:FrbaOnDom-Rand  effs:124,046,507  asgs:(1281,noefs=326,fails=415)  fails:628,775  wrgs:1,651,368  wck:178.4  ngds:25,596
    run1,120  dpts:392..487  robin:Wdeg-First  effs:124,138,759  asgs:(2643,noefs=1148,fails=435)  fails:629,210  wrgs:1,653,279  wck:178.6  ngds:25,601
    run1,121  dpts:1..83  robin:PickOnDom-Last  effs:124,165,016  asgs:(962,noefs=0,fails=457)  fails:629,667  wrgs:1,653,773  wck:178.6  ngds:25,639
    run1,122  dpts:7..90  robin:WdegOnDom-Rand  effs:124,211,683  asgs:(1389,noefs=354,fails=480)  fails:630,147  wrgs:1,654,712  wck:178.7  ngds:25,645
    run1,123  dpts:835..1148  robin:FrbaOnDom-First  effs:124,553,750  asgs:(3682,noefs=1644,fails=504)  fails:630,651  wrgs:1,657,097  wck:179.2  ngds:25,650
    run1,124  dpts:14..40  robin:Wdeg-Last  effs:124,580,921  asgs:(1179,noefs=0,fails=529)  fails:631,180  wrgs:1,657,872  wck:179.2  ngds:25,659
    run1,125  dpts:2..153  robin:PickOnDom-Rand  effs:124,631,284  asgs:(1692,noefs=326,fails=556)  fails:631,736  wrgs:1,658,965  wck:179.3  ngds:25,709
    run1,126  dpts:403..517  robin:WdegOnDom-First  effs:124,990,297  asgs:(3548,noefs=2078,fails=584)  fails:632,320  wrgs:1,661,729  wck:179.8  ngds:25,716
    run1,127  dpts:5..118  robin:FrbaOnDom-Last  effs:125,033,355  asgs:(1266,noefs=0,fails=613)  fails:632,933  wrgs:1,662,394  wck:179.8  ngds:25,730
    run1,128  dpts:15..52  robin:Wdeg-Rand  effs:125,091,506  asgs:(1771,noefs=275,fails=643)  fails:633,576  wrgs:1,663,692  wck:180.0  ngds:25,742
    run1,129  dpts:112..557  robin:PickOnDom-First  effs:125,358,825  asgs:(6623,noefs=3359,fails=676)  fails:634,252  wrgs:1,669,343  wck:180.3  ngds:25,745
    run1,130  dpts:1..70  robin:WdegOnDom-Last  effs:125,405,282  asgs:(1556,noefs=0,fails=709)  fails:634,961  wrgs:1,670,200  wck:180.4  ngds:25,775
    run1,131  dpts:9..161  robin:FrbaOnDom-Rand  effs:125,539,093  asgs:(2184,noefs=497,fails=745)  fails:635,706  wrgs:1,671,609  wck:180.6  ngds:25,830
    run1,132  dpts:527..651  robin:Wdeg-First  effs:125,995,061  asgs:(6061,noefs=3043,fails=782)  fails:636,488  wrgs:1,676,579  wck:181.2  ngds:25,837
    run1,133  dpts:1..150  robin:PickOnDom-Last  effs:126,054,321  asgs:(1724,noefs=0,fails=821)  fails:637,309  wrgs:1,677,473  wck:181.3  ngds:25,948
    run1,134  dpts:17..95  robin:WdegOnDom-Rand  effs:126,147,480  asgs:(2569,noefs=685,fails=862)  fails:638,171  wrgs:1,679,188  wck:181.5  ngds:25,965
    run1,135  dpts:765..1099  robin:FrbaOnDom-First  effs:126,503,124  asgs:(5049,noefs=1941,fails=906)  fails:639,077  wrgs:1,682,673  wck:182.0  ngds:25,970
    run1,136  dpts:1..84  robin:Wdeg-Last  effs:126,564,461  asgs:(2096,noefs=0,fails=951)  fails:640,028  wrgs:1,683,994  wck:182.1  ngds:26,000
    run1,137  dpts:3..204  robin:PickOnDom-Rand  effs:126,681,040  asgs:(3033,noefs=518,fails=998)  fails:641,026  wrgs:1,686,013  wck:182.3  ngds:26,072
    run1,138  dpts:432..533  robin:WdegOnDom-First  effs:127,110,398  asgs:(5986,noefs=3285,fails=1048)  fails:642,074  wrgs:1,690,766  wck:182.9  ngds:26,079
    run1,139  dpts:6..135  robin:FrbaOnDom-Last  effs:127,206,406  asgs:(2266,noefs=0,fails=1101)  fails:643,175  wrgs:1,691,955  wck:183.0  ngds:26,183
 ...resetting heuristics data (nValues:6,926 - nSingletons:554 - nEntailed:511)
    run1,140  dpts:5..147  robin:Wdeg-Rand  effs:127,418,967  asgs:(3480,noefs=722,fails=1156)  fails:644,331  wrgs:1,694,266  wck:183.3  ngds:26,212
    run1,141  dpts:378..468  robin:PickOnDom-First  effs:127,628,135  asgs:(6173,noefs=1739,fails=1214)  fails:645,545  wrgs:1,699,147  wck:183.6  ngds:26,218
    run1,142  dpts:16..79  robin:WdegOnDom-Last  effs:127,809,279  asgs:(2735,noefs=0,fails=1274)  fails:646,819  wrgs:1,700,609  wck:183.8  ngds:26,252
    run1,143  dpts:5..218  robin:FrbaOnDom-Rand  effs:127,995,765  asgs:(3934,noefs=788,fails=1338)  fails:648,157  wrgs:1,703,194  wck:184.1  ngds:26,269
    run1,144  dpts:446..529  robin:Wdeg-First  effs:128,379,321  asgs:(7782,noefs=2544,fails=1405)  fails:649,562  wrgs:1,709,553  wck:184.6  ngds:26,272
    run1,145  dpts:5..92  robin:PickOnDom-Last  effs:128,474,012  asgs:(3177,noefs=0,fails=1475)  fails:651,037  wrgs:1,711,272  wck:184.8  ngds:26,309
    run1,146  dpts:2..111  robin:WdegOnDom-Rand  effs:128,725,419  asgs:(4530,noefs=870,fails=1549)  fails:652,586  wrgs:1,714,386  wck:185.1  ngds:26,336
    run1,147  dpts:780..1139  robin:FrbaOnDom-First  effs:129,897,040  asgs:(10448,noefs=4754,fails=1627)  fails:654,213  wrgs:1,723,035  wck:186.8  ngds:26,338
    run1,148  dpts:4..88  robin:Wdeg-Last  effs:130,018,679  asgs:(3685,noefs=0,fails=1708)  fails:655,921  wrgs:1,725,119  wck:187.0  ngds:26,388
    run1,149  dpts:10..135  robin:PickOnDom-Rand  effs:130,252,667  asgs:(5339,noefs=678,fails=1793)  fails:657,714  wrgs:1,728,723  wck:187.3  ngds:26,405
    run1,150  dpts:243..310  robin:WdegOnDom-First  effs:131,097,587  asgs:(9771,noefs=5340,fails=1883)  fails:659,597  wrgs:1,737,079  wck:188.5  ngds:26,409
    run1,151  dpts:1..115  robin:FrbaOnDom-Last  effs:131,206,848  asgs:(4052,noefs=0,fails=1977)  fails:661,574  wrgs:1,739,160  wck:188.6  ngds:26,496
    run1,152  dpts:6..57  robin:Wdeg-Rand  effs:131,342,554  asgs:(5488,noefs=755,fails=2076)  fails:663,650  wrgs:1,743,295  wck:188.9  ngds:26,501
    run1,153  dpts:398..765  robin:PickOnDom-First  effs:132,123,043  asgs:(17798,noefs=7952,fails=2180)  fails:665,830  wrgs:1,758,768  wck:190.2  ngds:26,507
    run1,154  dpts:8..45  robin:WdegOnDom-Last  effs:132,258,946  asgs:(4959,noefs=0,fails=2289)  fails:668,119  wrgs:1,761,742  wck:190.5  ngds:26,514
    run1,155  dpts:3..212  robin:FrbaOnDom-Rand  effs:132,604,438  asgs:(7032,noefs=1401,fails=2403)  fails:670,522  wrgs:1,766,445  wck:191.0  ngds:26,559
    run1,156  dpts:543..649  robin:Wdeg-First  effs:133,537,771  asgs:(12568,noefs=4757,fails=2524)  fails:673,046  wrgs:1,776,830  wck:192.2  ngds:26,563
    run1,157  dpts:1..69  robin:PickOnDom-Last  effs:133,704,291  asgs:(6118,noefs=0,fails=2650)  fails:675,696  wrgs:1,780,504  wck:192.5  ngds:26,581
    run1,158  dpts:5..80  robin:WdegOnDom-Rand  effs:134,110,708  asgs:(7969,noefs=1627,fails=2782)  fails:678,478  wrgs:1,786,036  wck:193.2  ngds:26,606
    run1,159  dpts:759..1027  robin:FrbaOnDom-First  effs:135,960,111  asgs:(18703,noefs=6192,fails=2921)  fails:681,399  wrgs:1,801,516  wck:195.8  ngds:26,612
    run1,160  dpts:7..110  robin:Wdeg-Last  effs:136,103,479  asgs:(6704,noefs=0,fails=3068)  fails:684,467  wrgs:1,805,470  wck:196.1  ngds:26,678
    run1,161  dpts:3..130  robin:PickOnDom-Rand  effs:136,330,093  asgs:(9164,noefs=1086,fails=3221)  fails:687,688  wrgs:1,811,832  wck:196.4  ngds:26,716
    run1,162  dpts:328..400  robin:WdegOnDom-First  effs:137,842,548  asgs:(17945,noefs=8733,fails=3382)  fails:691,070  wrgs:1,827,053  wck:198.5  ngds:26,722
    run1,163  dpts:5..121  robin:FrbaOnDom-Last  effs:138,078,958  asgs:(7321,noefs=0,fails=3551)  fails:694,621  wrgs:1,830,892  wck:198.9  ngds:26,796
    run1,164  dpts:19..86  robin:Wdeg-Rand  effs:138,341,624  asgs:(10209,noefs=1758,fails=3729)  fails:698,350  wrgs:1,838,149  wck:199.4  ngds:26,822
    run1,165  dpts:469..647  robin:PickOnDom-First  effs:139,468,105  asgs:(22755,noefs=5196,fails=3915)  fails:702,265  wrgs:1,857,474  wck:200.8  ngds:26,826
    run1,166  dpts:4..93  robin:WdegOnDom-Last  effs:139,790,222  asgs:(8751,noefs=0,fails=4111)  fails:706,376  wrgs:1,862,401  wck:201.2  ngds:26,858
    run1,167  dpts:3..219  robin:FrbaOnDom-Rand  effs:140,568,052  asgs:(12797,noefs=2644,fails=4317)  fails:710,693  wrgs:1,870,939  wck:202.4  ngds:26,916
    run1,168  dpts:655..843  robin:Wdeg-First  effs:141,629,651  asgs:(24695,noefs=9938,fails=4532)  fails:715,225  wrgs:1,891,579  wck:204.0  ngds:26,924
    run1,169  dpts:2..84  robin:PickOnDom-Last  effs:141,864,884  asgs:(10264,noefs=0,fails=4759)  fails:719,984  wrgs:1,897,331  wck:204.3  ngds:26,951
 ...resetting heuristics data (nValues:6,926 - nSingletons:554 - nEntailed:511)
    run1,170  dpts:6..142  robin:WdegOnDom-Rand  effs:142,855,214  asgs:(14537,noefs=3170,fails=4997)  fails:724,981  wrgs:1,907,297  wck:205.6  ngds:26,981
 ...resetting restart cutoff to 70
    run1,171  dpts:733..857  robin:FrbaOnDom-First  effs:142,906,562  asgs:(1227,noefs=678,fails=70)  fails:725,051  wrgs:1,907,640  wck:205.7  ngds:26,985
    run1,172  dpts:17..59  robin:Wdeg-Last  effs:142,909,152  asgs:(187,noefs=0,fails=73)  fails:725,124  wrgs:1,907,722  wck:205.7  ngds:27,004
    run1,173  dpts:7..105  robin:PickOnDom-Rand  effs:142,916,101  asgs:(259,noefs=63,fails=77)  fails:725,201  wrgs:1,907,844  wck:205.7  ngds:27,038
    run1,174  dpts:288..405  robin:WdegOnDom-First  effs:142,946,489  asgs:(967,noefs=684,fails=81)  fails:725,282  wrgs:1,908,397  wck:205.8  ngds:27,041
    run1,175  dpts:0..66  robin:FrbaOnDom-Last  effs:142,952,057  asgs:(184,noefs=0,fails=85)  fails:725,367  wrgs:1,908,489  wck:205.8  ngds:27,069
    run1,176  dpts:1..86  robin:Wdeg-Rand  effs:142,959,743  asgs:(289,noefs=69,fails=89)  fails:725,456  wrgs:1,908,643  wck:205.8  ngds:27,101
    run1,177  dpts:124..542  robin:PickOnDom-First  effs:142,993,626  asgs:(1231,noefs=634,fails=93)  fails:725,549  wrgs:1,909,301  wck:205.9  ngds:27,107
    run1,178  dpts:5..52  robin:WdegOnDom-Last  effs:143,001,012  asgs:(218,noefs=0,fails=98)  fails:725,647  wrgs:1,909,437  wck:205.9  ngds:27,133
    run1,179  dpts:6..109  robin:FrbaOnDom-Rand  effs:143,009,393  asgs:(323,noefs=74,fails=103)  fails:725,750  wrgs:1,909,605  wck:205.9  ngds:27,160
    run1,180  dpts:327..422  robin:Wdeg-First  effs:143,026,863  asgs:(854,noefs=420,fails=108)  fails:725,858  wrgs:1,910,047  wck:206.0  ngds:27,165
 ...Discarding 1 singleton variables
    run1,181  dpts:1..108  robin:PickOnDom-Last  effs:143,031,845  asgs:(240,noefs=0,fails=114)  fails:725,972  wrgs:1,910,168  wck:206.0  ngds:27,233
    run1,182  dpts:5..86  robin:WdegOnDom-Rand  effs:143,042,876  asgs:(395,noefs=113,fails=119)  fails:726,091  wrgs:1,910,403  wck:206.0  ngds:27,239
    run1,183  dpts:1135..1250  robin:FrbaOnDom-First  effs:143,123,233  asgs:(2064,noefs=1250,fails=125)  fails:726,216  wrgs:1,911,246  wck:206.2  ngds:27,242
    run1,184  dpts:15..42  robin:Wdeg-Last  effs:143,131,179  asgs:(307,noefs=0,fails=131)  fails:726,347  wrgs:1,911,413  wck:206.2  ngds:27,255
    run1,185  dpts:1..175  robin:PickOnDom-Rand  effs:143,140,389  asgs:(413,noefs=82,fails=138)  fails:726,485  wrgs:1,911,609  wck:206.2  ngds:27,328
    run1,186  dpts:371..403  robin:WdegOnDom-First  effs:143,206,588  asgs:(1329,noefs=901,fails=145)  fails:726,630  wrgs:1,912,427  wck:206.3  ngds:27,331
    run1,187  dpts:1..86  robin:FrbaOnDom-Last  effs:143,214,420  asgs:(319,noefs=0,fails=152)  fails:726,782  wrgs:1,912,590  wck:206.4  ngds:27,343
    run1,188  dpts:23..57  robin:Wdeg-Rand  effs:143,225,714  asgs:(507,noefs=115,fails=160)  fails:726,942  wrgs:1,912,916  wck:206.4  ngds:27,354
    run1,189  dpts:449..769  robin:PickOnDom-First  effs:143,341,853  asgs:(2171,noefs=870,fails=168)  fails:727,110  wrgs:1,914,401  wck:206.6  ngds:27,359
    run1,190  dpts:2..43  robin:WdegOnDom-Last  effs:143,355,011  asgs:(379,noefs=0,fails=176)  fails:727,286  wrgs:1,914,633  wck:206.6  ngds:27,380
    run1,191  dpts:0..105  robin:FrbaOnDom-Rand  effs:143,366,690  asgs:(546,noefs=113,fails=185)  fails:727,471  wrgs:1,914,963  wck:206.6  ngds:27,401
    run1,192  dpts:465..546  robin:Wdeg-First  effs:143,463,791  asgs:(1989,noefs=1169,fails=195)  fails:727,666  wrgs:1,916,341  wck:206.8  ngds:27,404
    run1,193  dpts:1..103  robin:PickOnDom-Last  effs:143,481,783  asgs:(446,noefs=0,fails=204)  fails:727,870  wrgs:1,916,564  wck:206.8  ngds:27,482
    run1,194  dpts:7..46  robin:WdegOnDom-Rand  effs:143,503,382  asgs:(644,noefs=145,fails=215)  fails:728,085  wrgs:1,916,997  wck:206.8  ngds:27,493
    run1,195  dpts:1064..1217  robin:FrbaOnDom-First  effs:143,645,002  asgs:(2408,noefs=1371,fails=225)  fails:728,310  wrgs:1,918,180  wck:207.1  ngds:27,494
    run1,196  dpts:2..61  robin:Wdeg-Last  effs:143,660,803  asgs:(514,noefs=0,fails=237)  fails:728,547  wrgs:1,918,449  wck:207.1  ngds:27,529
    run1,197  dpts:4..190  robin:PickOnDom-Rand  effs:143,691,248  asgs:(750,noefs=142,fails=248)  fails:728,795  wrgs:1,918,864  wck:207.1  ngds:27,577
    run1,198  dpts:340..399  robin:WdegOnDom-First  effs:143,845,483  asgs:(2215,noefs=1539,fails=261)  fails:729,056  wrgs:1,920,484  wck:207.3  ngds:27,580
    run1,199  dpts:2..76  robin:FrbaOnDom-Last  effs:143,861,608  asgs:(566,noefs=0,fails=274)  fails:729,330  wrgs:1,920,775  wck:207.4  ngds:27,608
 ...resetting heuristics data (nValues:6,924 - nSingletons:556 - nEntailed:513)
    run1,200  dpts:11..125  robin:Wdeg-Rand  effs:143,895,249  asgs:(889,noefs=200,fails=288)  fails:729,618  wrgs:1,921,337  wck:207.4  ngds:27,625
 ...Discarding 1 singleton variables
    run1,201  dpts:375..494  robin:PickOnDom-First  effs:143,964,138  asgs:(1739,noefs=626,fails=302)  fails:729,920  wrgs:1,922,441  wck:207.5  ngds:27,627
    run1,202  dpts:18..72  robin:WdegOnDom-Last  effs:144,001,158  asgs:(691,noefs=0,fails=317)  fails:730,237  wrgs:1,922,796  wck:207.6  ngds:27,636
    run1,203  dpts:7..142  robin:FrbaOnDom-Rand  effs:144,045,931  asgs:(1030,noefs=224,fails=333)  fails:730,570  wrgs:1,923,472  wck:207.7  ngds:27,655
    run1,204  dpts:223..463  robin:Wdeg-First  effs:144,132,654  asgs:(2202,noefs=927,fails=350)  fails:730,920  wrgs:1,925,039  wck:207.8  ngds:27,661
    run1,205  dpts:2..83  robin:PickOnDom-Last  effs:144,150,585  asgs:(782,noefs=0,fails=367)  fails:731,287  wrgs:1,925,440  wck:207.8  ngds:27,696
    run1,206  dpts:1..97  robin:WdegOnDom-Rand  effs:144,205,193  asgs:(1149,noefs=216,fails=386)  fails:731,673  wrgs:1,926,183  wck:207.9  ngds:27,727
    run1,207  dpts:765..996  robin:FrbaOnDom-First  effs:144,550,752  asgs:(3961,noefs=1758,fails=405)  fails:732,078  wrgs:1,929,032  wck:208.5  ngds:27,729
    run1,208  dpts:7..70  robin:Wdeg-Last  effs:144,580,733  asgs:(942,noefs=0,fails=425)  fails:732,503  wrgs:1,929,585  wck:208.5  ngds:27,758
    run1,209  dpts:7..121  robin:PickOnDom-Rand  effs:144,640,889  asgs:(1338,noefs=232,fails=446)  fails:732,949  wrgs:1,930,464  wck:208.6  ngds:27,786
    run1,210  dpts:329..465  robin:WdegOnDom-First  effs:144,756,817  asgs:(3188,noefs=1659,fails=469)  fails:733,418  wrgs:1,932,884  wck:208.8  ngds:27,789
    run1,211  dpts:3..120  robin:FrbaOnDom-Last  effs:144,784,025  asgs:(1025,noefs=0,fails=492)  fails:733,910  wrgs:1,933,421  wck:208.9  ngds:27,893
    run1,212  dpts:16..80  robin:Wdeg-Rand  effs:144,832,372  asgs:(1551,noefs=320,fails=517)  fails:734,427  wrgs:1,934,475  wck:208.9  ngds:27,903
    run1,213  dpts:328..437  robin:PickOnDom-First  effs:145,010,142  asgs:(3546,noefs=1179,fails=543)  fails:734,970  wrgs:1,937,328  wck:209.2  ngds:27,905
    run1,214  dpts:3..75  robin:WdegOnDom-Last  effs:145,048,048  asgs:(1188,noefs=0,fails=570)  fails:735,540  wrgs:1,937,941  wck:209.3  ngds:27,934
    run1,215  dpts:5..114  robin:FrbaOnDom-Rand  effs:145,113,862  asgs:(1779,noefs=404,fails=599)  fails:736,139  wrgs:1,939,131  wck:209.4  ngds:27,955
    run1,216  dpts:533..609  robin:Wdeg-First  effs:145,258,817  asgs:(3344,noefs=1536,fails=628)  fails:736,767  wrgs:1,941,520  wck:209.6  ngds:27,961
    run1,217  dpts:3..107  robin:PickOnDom-Last  effs:145,319,228  asgs:(1443,noefs=0,fails=660)  fails:737,427  wrgs:1,942,311  wck:209.7  ngds:28,001
    run1,218  dpts:15..132  robin:WdegOnDom-Rand  effs:145,438,354  asgs:(1995,noefs=506,fails=693)  fails:738,120  wrgs:1,943,670  wck:209.9  ngds:28,015
    run1,219  dpts:566..885  robin:FrbaOnDom-First  effs:145,956,935  asgs:(5315,noefs=2146,fails=728)  fails:738,848  wrgs:1,947,717  wck:210.6  ngds:28,020
    run1,220  dpts:19..50  robin:Wdeg-Last  effs:145,989,383  asgs:(1727,noefs=0,fails=764)  fails:739,612  wrgs:1,948,725  wck:210.7  ngds:28,034
    run1,221  dpts:12..161  robin:PickOnDom-Rand  effs:146,068,060  asgs:(2475,noefs=448,fails=802)  fails:740,414  wrgs:1,950,379  wck:210.8  ngds:28,066
    run1,222  dpts:412..508  robin:WdegOnDom-First  effs:146,361,999  asgs:(4994,noefs=2734,fails=842)  fails:741,256  wrgs:1,954,363  wck:211.2  ngds:28,070
    run1,223  dpts:2..124  robin:FrbaOnDom-Last  effs:146,397,484  asgs:(1822,noefs=0,fails=884)  fails:742,140  wrgs:1,955,328  wck:211.3  ngds:28,088
    run1,224  dpts:27..88  robin:Wdeg-Rand  effs:146,496,142  asgs:(2694,noefs=490,fails=929)  fails:743,069  wrgs:1,957,161  wck:211.4  ngds:28,107
    run1,225  dpts:428..631  robin:PickOnDom-First  effs:146,819,362  asgs:(6911,noefs=2557,fails=975)  fails:744,044  wrgs:1,962,913  wck:211.9  ngds:28,113
    run1,226  dpts:4..61  robin:WdegOnDom-Last  effs:146,877,001  asgs:(2170,noefs=0,fails=1024)  fails:745,068  wrgs:1,964,226  wck:212.1  ngds:28,130
    run1,227  dpts:6..142  robin:FrbaOnDom-Rand  effs:146,993,707  asgs:(3182,noefs=554,fails=1075)  fails:746,143  wrgs:1,966,343  wck:212.3  ngds:28,159
    run1,228  dpts:664..862  robin:Wdeg-First  effs:147,314,689  asgs:(6069,noefs=2690,fails=1129)  fails:747,272  wrgs:1,971,030  wck:212.7  ngds:28,164
    run1,229  dpts:2..102  robin:PickOnDom-Last  effs:147,388,273  asgs:(2457,noefs=0,fails=1185)  fails:748,457  wrgs:1,972,304  wck:212.8  ngds:28,234
 ...resetting heuristics data (nValues:6,924 - nSingletons:556 - nEntailed:513)
    run1,230  dpts:16..115  robin:WdegOnDom-Rand  effs:147,655,909  asgs:(3664,noefs=853,fails=1245)  fails:749,702  wrgs:1,974,815  wck:213.2  ngds:28,243
    run1,231  dpts:628..903  robin:FrbaOnDom-First  effs:148,376,486  asgs:(8605,noefs=3574,fails=1307)  fails:751,009  wrgs:1,981,590  wck:214.3  ngds:28,250
    run1,232  dpts:19..102  robin:Wdeg-Last  effs:148,509,564  asgs:(2921,noefs=0,fails=1372)  fails:752,381  wrgs:1,983,141  wck:214.4  ngds:28,298
    run1,233  dpts:4..299  robin:PickOnDom-Rand  effs:148,666,798  asgs:(4332,noefs=842,fails=1441)  fails:753,822  wrgs:1,985,950  wck:214.7  ngds:28,403
    run1,234  dpts:161..298  robin:WdegOnDom-First  effs:148,987,220  asgs:(10369,noefs=3989,fails=1513)  fails:755,335  wrgs:1,994,877  wck:215.3  ngds:28,409
    run1,235  dpts:2..143  robin:FrbaOnDom-Last  effs:149,085,178  asgs:(3245,noefs=0,fails=1589)  fails:756,924  wrgs:1,996,543  wck:215.4  ngds:28,484
    run1,236  dpts:2..109  robin:Wdeg-Rand  effs:149,402,392  asgs:(4874,noefs=883,fails=1668)  fails:758,592  wrgs:1,999,844  wck:215.9  ngds:28,511
    run1,237  dpts:228..436  robin:PickOnDom-First  effs:150,276,105  asgs:(17904,noefs=8627,fails=1752)  fails:760,344  wrgs:2,016,137  wck:217.2  ngds:28,512
    run1,238  dpts:3..100  robin:WdegOnDom-Last  effs:150,425,516  asgs:(3844,noefs=0,fails=1839)  fails:762,183  wrgs:2,018,341  wck:217.4  ngds:28,536
    run1,239  dpts:6..244  robin:FrbaOnDom-Rand  effs:150,708,434  asgs:(5688,noefs=1355,fails=1931)  fails:764,114  wrgs:2,022,126  wck:217.8  ngds:28,605
    run1,240  dpts:536..630  robin:Wdeg-First  effs:150,985,667  asgs:(9966,noefs=4064,fails=2028)  fails:766,142  wrgs:2,030,080  wck:218.3  ngds:28,611
    run1,241  dpts:4..113  robin:PickOnDom-Last  effs:151,074,189  asgs:(4495,noefs=0,fails=2129)  fails:768,271  wrgs:2,032,508  wck:218.5  ngds:28,673
    run1,242  dpts:17..102  robin:WdegOnDom-Rand  effs:151,309,374  asgs:(6380,noefs=1489,fails=2236)  fails:770,507  wrgs:2,036,860  wck:218.8  ngds:28,685
    run1,243  dpts:738..1048  robin:FrbaOnDom-First  effs:152,876,252  asgs:(14716,noefs=5162,fails=2348)  fails:772,855  wrgs:2,048,918  wck:221.0  ngds:28,688
    run1,244  dpts:17..60  robin:Wdeg-Last  effs:153,044,945  asgs:(5435,noefs=0,fails=2465)  fails:775,320  wrgs:2,052,017  wck:221.2  ngds:28,706
    run1,245  dpts:7..137  robin:PickOnDom-Rand  effs:153,278,079  asgs:(7605,noefs=1089,fails=2588)  fails:777,908  wrgs:2,057,151  wck:221.6  ngds:28,734
    run1,246  dpts:380..553  robin:WdegOnDom-First  effs:153,987,667  asgs:(12581,noefs=5186,fails=2718)  fails:780,626  wrgs:2,067,507  wck:222.6  ngds:28,741
    run1,247  dpts:3..115  robin:FrbaOnDom-Last  effs:154,084,454  asgs:(5876,noefs=0,fails=2854)  fails:783,480  wrgs:2,070,562  wck:222.7  ngds:28,784
    run1,248  dpts:31..125  robin:Wdeg-Rand  effs:154,475,722  asgs:(8803,noefs=1578,fails=2996)  fails:786,476  wrgs:2,076,568  wck:223.3  ngds:28,801
    run1,249  dpts:152..549  robin:PickOnDom-First  effs:155,294,315  asgs:(19847,noefs=6643,fails=3146)  fails:789,622  wrgs:2,093,715  wck:224.5  ngds:28,810
    run1,250  dpts:1..71  robin:WdegOnDom-Last  effs:155,429,497  asgs:(6890,noefs=0,fails=3304)  fails:792,926  wrgs:2,097,527  wck:224.7  ngds:28,862
    run1,251  dpts:5..232  robin:FrbaOnDom-Rand  effs:155,765,245  asgs:(10275,noefs=2266,fails=3469)  fails:796,395  wrgs:2,104,450  wck:225.3  ngds:28,908
    run1,252  dpts:701..856  robin:Wdeg-First  effs:156,827,222  asgs:(18721,noefs=7024,fails=3642)  fails:800,037  wrgs:2,120,128  wck:226.8  ngds:28,917
    run1,253  dpts:2..165  robin:PickOnDom-Last  effs:157,068,705  asgs:(7850,noefs=0,fails=3824)  fails:803,861  wrgs:2,124,466  wck:227.1  ngds:28,987
    run1,254  dpts:11..125  robin:WdegOnDom-Rand  effs:157,730,697  asgs:(11372,noefs=2363,fails=4016)  fails:807,877  wrgs:2,132,539  wck:228.1  ngds:29,006
    run1,255  dpts:762..926  robin:FrbaOnDom-First  effs:159,482,383  asgs:(26078,noefs=8293,fails=4216)  fails:812,093  wrgs:2,154,336  wck:230.6  ngds:29,011
    run1,256  dpts:5..102  robin:Wdeg-Last  effs:159,658,287  asgs:(9497,noefs=0,fails=4427)  fails:816,520  wrgs:2,159,960  wck:230.9  ngds:29,050
    run1,257  dpts:1..152  robin:PickOnDom-Rand  effs:160,156,009  asgs:(13271,noefs=1447,fails=4649)  fails:821,169  wrgs:2,169,228  wck:231.6  ngds:29,087
    run1,258  dpts:293..397  robin:WdegOnDom-First  effs:161,774,716  asgs:(24853,noefs=11185,fails=4881)  fails:826,050  wrgs:2,190,695  wck:234.1  ngds:29,094
    run1,259  dpts:4..191  robin:FrbaOnDom-Last  effs:162,147,321  asgs:(10468,noefs=0,fails=5125)  fails:831,175  wrgs:2,196,097  wck:234.6  ngds:29,152
 ...resetting heuristics data (nValues:6,924 - nSingletons:556 - nEntailed:513)
    run1,260  dpts:15..123  robin:Wdeg-Rand  effs:162,836,863  asgs:(15791,noefs=2946,fails=5382)  fails:836,557  wrgs:2,206,808  wck:235.6  ngds:29,171
 ...resetting restart cutoff to 75
    run1,261  dpts:375..469  robin:PickOnDom-First  effs:162,856,539  asgs:(684,noefs=367,fails=75)  fails:836,632  wrgs:2,207,012  wck:235.6  ngds:29,178
    run1,262  dpts:20..49  robin:WdegOnDom-Last  effs:162,862,126  asgs:(193,noefs=0,fails=78)  fails:836,710  wrgs:2,207,101  wck:235.7  ngds:29,184
    run1,263  dpts:5..124  robin:FrbaOnDom-Rand  effs:162,870,083  asgs:(268,noefs=59,fails=82)  fails:836,792  wrgs:2,207,235  wck:235.7  ngds:29,227
    run1,264  dpts:485..560  robin:Wdeg-First  effs:162,921,529  asgs:(1244,noefs=780,fails=86)  fails:836,878  wrgs:2,207,907  wck:235.8  ngds:29,230
    run1,265  dpts:5..73  robin:PickOnDom-Last  effs:162,927,941  asgs:(205,noefs=0,fails=91)  fails:836,969  wrgs:2,208,000  wck:235.8  ngds:29,275
    run1,266  dpts:10..77  robin:WdegOnDom-Rand  effs:162,938,776  asgs:(293,noefs=67,fails=95)  fails:837,064  wrgs:2,208,170  wck:235.8  ngds:29,293
    run1,267  dpts:836..990  robin:FrbaOnDom-First  effs:163,048,345  asgs:(1660,noefs=989,fails=100)  fails:837,164  wrgs:2,208,916  wck:236.0  ngds:29,295
    run1,268  dpts:2..66  robin:Wdeg-Last  effs:163,053,370  asgs:(245,noefs=0,fails=105)  fails:837,269  wrgs:2,209,041  wck:236.0  ngds:29,328
    run1,269  dpts:15..87  robin:PickOnDom-Rand  effs:163,064,256  asgs:(347,noefs=62,fails=110)  fails:837,379  wrgs:2,209,256  wck:236.0  ngds:29,343
    run1,270  dpts:266..392  robin:WdegOnDom-First  effs:163,109,677  asgs:(1081,noefs=659,fails=116)  fails:837,495  wrgs:2,209,873  wck:236.1  ngds:29,348
    run1,271  dpts:6..119  robin:FrbaOnDom-Last  effs:163,116,851  asgs:(264,noefs=0,fails=122)  fails:837,617  wrgs:2,210,006  wck:236.1  ngds:29,408
    run1,272  dpts:8..86  robin:Wdeg-Rand  effs:163,127,621  asgs:(363,noefs=41,fails=128)  fails:837,745  wrgs:2,210,208  wck:236.2  ngds:29,440
    run1,273  dpts:576..677  robin:PickOnDom-First  effs:163,179,465  asgs:(1646,noefs=789,fails=134)  fails:837,879  wrgs:2,211,157  wck:236.3  ngds:29,442
    run1,274  dpts:14..48  robin:WdegOnDom-Last  effs:163,185,595  asgs:(312,noefs=0,fails=141)  fails:838,020  wrgs:2,211,324  wck:236.3  ngds:29,448
    run1,275  dpts:8..142  robin:FrbaOnDom-Rand  effs:163,197,846  asgs:(456,noefs=106,fails=148)  fails:838,168  wrgs:2,211,596  wck:236.3  ngds:29,472
    run1,276  dpts:456..632  robin:Wdeg-First  effs:163,258,957  asgs:(1345,noefs=722,fails=155)  fails:838,323  wrgs:2,212,252  wck:236.4  ngds:29,478
    run1,277  dpts:6..73  robin:PickOnDom-Last  effs:163,268,353  asgs:(359,noefs=0,fails=163)  fails:838,486  wrgs:2,212,432  wck:236.4  ngds:29,504
    run1,278  dpts:20..73  robin:WdegOnDom-Rand  effs:163,280,270  asgs:(533,noefs=143,fails=171)  fails:838,657  wrgs:2,212,761  wck:236.4  ngds:29,513
    run1,279  dpts:1012..1150  robin:FrbaOnDom-First  effs:163,361,827  asgs:(2029,noefs=1022,fails=180)  fails:838,837  wrgs:2,213,624  wck:236.6  ngds:29,517
    run1,280  dpts:15..45  robin:Wdeg-Last  effs:163,379,915  asgs:(439,noefs=0,fails=189)  fails:839,026  wrgs:2,213,861  wck:236.7  ngds:29,539
    run1,281  dpts:5..63  robin:PickOnDom-Rand  effs:163,405,378  asgs:(578,noefs=59,fails=198)  fails:839,224  wrgs:2,214,242  wck:236.7  ngds:29,557
    run1,282  dpts:409..495  robin:WdegOnDom-First  effs:163,510,488  asgs:(1464,noefs=893,fails=208)  fails:839,432  wrgs:2,215,151  wck:236.9  ngds:29,562
    run1,283  dpts:4..79  robin:FrbaOnDom-Last  effs:163,524,643  asgs:(455,noefs=0,fails=219)  fails:839,651  wrgs:2,215,388  wck:236.9  ngds:29,609
    run1,284  dpts:12..88  robin:Wdeg-Rand  effs:163,546,180  asgs:(705,noefs=121,fails=230)  fails:839,881  wrgs:2,215,835  wck:236.9  ngds:29,630
    run1,285  dpts:612..745  robin:PickOnDom-First  effs:163,600,951  asgs:(2036,noefs=841,fails=241)  fails:840,122  wrgs:2,217,075  wck:237.1  ngds:29,632
    run1,286  dpts:5..46  robin:WdegOnDom-Last  effs:163,616,071  asgs:(557,noefs=0,fails=253)  fails:840,375  wrgs:2,217,385  wck:237.1  ngds:29,657
    run1,287  dpts:3..116  robin:FrbaOnDom-Rand  effs:163,643,816  asgs:(830,noefs=185,fails=266)  fails:840,641  wrgs:2,217,888  wck:237.1  ngds:29,707
    run1,288  dpts:659..730  robin:Wdeg-First  effs:163,689,023  asgs:(2277,noefs=1167,fails=280)  fails:840,921  wrgs:2,219,279  wck:237.2  ngds:29,711
    run1,289  dpts:3..96  robin:PickOnDom-Last  effs:163,709,281  asgs:(616,noefs=0,fails=294)  fails:841,215  wrgs:2,219,613  wck:237.3  ngds:29,760
 ...resetting heuristics data (nValues:6,924 - nSingletons:556 - nEntailed:513)
    run1,290  dpts:7..126  robin:WdegOnDom-Rand  effs:163,767,341  asgs:(940,noefs=189,fails=308)  fails:841,523  wrgs:2,220,210  wck:237.4  ngds:29,773
    run1,291  dpts:772..908  robin:FrbaOnDom-First  effs:164,028,074  asgs:(2809,noefs=1282,fails=324)  fails:841,847  wrgs:2,222,007  wck:237.8  ngds:29,776
    run1,292  dpts:21..77  robin:Wdeg-Last  effs:164,050,545  asgs:(749,noefs=0,fails=340)  fails:842,187  wrgs:2,222,410  wck:237.8  ngds:29,788
    run1,293  dpts:4..171  robin:PickOnDom-Rand  effs:164,085,999  asgs:(1091,noefs=263,fails=357)  fails:842,544  wrgs:2,223,084  wck:237.9  ngds:29,831
    run1,294  dpts:140..355  robin:WdegOnDom-First  effs:164,199,033  asgs:(2830,noefs=1580,fails=375)  fails:842,919  wrgs:2,225,343  wck:238.0  ngds:29,835
    run1,295  dpts:4..121  robin:FrbaOnDom-Last  effs:164,228,194  asgs:(811,noefs=0,fails=394)  fails:843,313  wrgs:2,225,759  wck:238.1  ngds:29,925
    run1,296  dpts:3..105  robin:Wdeg-Rand  effs:164,289,650  asgs:(1232,noefs=235,fails=413)  fails:843,726  wrgs:2,226,535  wck:238.2  ngds:29,955
    run1,297  dpts:305..496  robin:PickOnDom-First  effs:164,427,548  asgs:(4073,noefs=2028,fails=434)  fails:844,160  wrgs:2,229,883  wck:238.4  ngds:29,960
    run1,298  dpts:1..73  robin:WdegOnDom-Last  effs:164,464,767  asgs:(958,noefs=0,fails=456)  fails:844,616  wrgs:2,230,380  wck:238.5  ngds:29,985
    run1,299  dpts:6..136  robin:FrbaOnDom-Rand  effs:164,513,218  asgs:(1405,noefs=303,fails=478)  fails:845,094  wrgs:2,231,315  wck:238.5  ngds:29,995
    run1,300  dpts:340..571  robin:Wdeg-First  effs:164,658,556  asgs:(4075,noefs=2061,fails=502)  fails:845,596  wrgs:2,234,516  wck:238.8  ngds:30,003
    run1,301  dpts:1..109  robin:PickOnDom-Last  effs:164,690,640  asgs:(1108,noefs=0,fails=527)  fails:846,123  wrgs:2,235,093  wck:238.9  ngds:30,075
    run1,302  dpts:12..89  robin:WdegOnDom-Rand  effs:164,754,476  asgs:(1643,noefs=311,fails=554)  fails:846,677  wrgs:2,236,193  wck:239.0  ngds:30,093
    run1,303  dpts:815..1046  robin:FrbaOnDom-First  effs:165,060,769  asgs:(3480,noefs=1293,fails=582)  fails:847,259  wrgs:2,238,344  wck:239.5  ngds:30,094
    run1,304  dpts:2..68  robin:Wdeg-Last  effs:165,096,098  asgs:(1325,noefs=0,fails=611)  fails:847,870  wrgs:2,239,062  wck:239.5  ngds:30,124
    run1,305  dpts:6..154  robin:PickOnDom-Rand  effs:165,152,158  asgs:(1847,noefs=336,fails=641)  fails:848,511  wrgs:2,240,261  wck:239.6  ngds:30,163
    run1,306  dpts:399..576  robin:WdegOnDom-First  effs:165,350,141  asgs:(3705,noefs=1585,fails=673)  fails:849,184  wrgs:2,243,011  wck:239.9  ngds:30,169
    run1,307  dpts:4..123  robin:FrbaOnDom-Last  effs:165,396,634  asgs:(1462,noefs=0,fails=707)  fails:849,891  wrgs:2,243,773  wck:240.0  ngds:30,260
    run1,308  dpts:6..126  robin:Wdeg-Rand  effs:165,504,908  asgs:(2175,noefs=355,fails=742)  fails:850,633  wrgs:2,245,205  wck:240.2  ngds:30,280
    run1,309  dpts:295..611  robin:PickOnDom-First  effs:165,753,680  asgs:(4680,noefs=1312,fails=780)  fails:851,413  wrgs:2,248,965  wck:240.5  ngds:30,287
    run1,310  dpts:1..63  robin:WdegOnDom-Last  effs:165,804,856  asgs:(1743,noefs=0,fails=819)  fails:852,232  wrgs:2,249,950  wck:240.6  ngds:30,313
    run1,311  dpts:7..141  robin:FrbaOnDom-Rand  effs:165,896,902  asgs:(2542,noefs=589,fails=860)  fails:853,092  wrgs:2,251,655  wck:240.8  ngds:30,346
    run1,312  dpts:498..696  robin:Wdeg-First  effs:166,362,564  asgs:(5314,noefs=2593,fails=903)  fails:853,995  wrgs:2,255,971  wck:241.4  ngds:30,354
    run1,313  dpts:5..93  robin:PickOnDom-Last  effs:166,429,574  asgs:(1958,noefs=0,fails=948)  fails:854,943  wrgs:2,256,998  wck:241.5  ngds:30,373
    run1,314  dpts:18..87  robin:WdegOnDom-Rand  effs:166,490,034  asgs:(2894,noefs=623,fails=995)  fails:855,938  wrgs:2,258,998  wck:241.6  ngds:30,399
    run1,315  dpts:591..820  robin:FrbaOnDom-First  effs:167,050,810  asgs:(6862,noefs=2608,fails=1045)  fails:856,983  wrgs:2,264,383  wck:242.4  ngds:30,406
    run1,316  dpts:13..52  robin:Wdeg-Last  effs:167,133,175  asgs:(2462,noefs=0,fails=1097)  fails:858,080  wrgs:2,265,928  wck:242.5  ngds:30,427
    run1,317  dpts:2..147  robin:PickOnDom-Rand  effs:167,240,100  asgs:(3357,noefs=549,fails=1152)  fails:859,232  wrgs:2,268,182  wck:242.7  ngds:30,446
    run1,318  dpts:634..748  robin:WdegOnDom-First  effs:168,012,866  asgs:(6908,noefs=3797,fails=1210)  fails:860,442  wrgs:2,273,751  wck:243.7  ngds:30,450
    run1,319  dpts:2..102  robin:FrbaOnDom-Last  effs:168,131,426  asgs:(2624,noefs=0,fails=1270)  fails:861,712  wrgs:2,275,126  wck:243.9  ngds:30,525
 ...resetting heuristics data (nValues:6,924 - nSingletons:556 - nEntailed:513)
    run1,320  dpts:8..140  robin:Wdeg-Rand  effs:168,296,682  asgs:(3955,noefs=727,fails=1334)  fails:863,046  wrgs:2,277,745  wck:244.2  ngds:30,550
    run1,321  dpts:355..530  robin:PickOnDom-First  effs:168,612,832  asgs:(7813,noefs=2525,fails=1400)  fails:864,446  wrgs:2,284,152  wck:244.6  ngds:30,555
    run1,322  dpts:19..70  robin:WdegOnDom-Last  effs:168,795,643  asgs:(3149,noefs=0,fails=1470)  fails:865,916  wrgs:2,285,834  wck:244.8  ngds:30,565
    run1,323  dpts:1..217  robin:FrbaOnDom-Rand  effs:168,960,872  asgs:(4639,noefs=1011,fails=1544)  fails:867,460  wrgs:2,288,881  wck:245.1  ngds:30,637
    run1,324  dpts:416..665  robin:Wdeg-First  effs:169,385,073  asgs:(9028,noefs=3665,fails=1621)  fails:869,081  wrgs:2,296,244  wck:245.7  ngds:30,643
    run1,325  dpts:3..94  robin:PickOnDom-Last  effs:169,479,153  asgs:(3668,noefs=0,fails=1702)  fails:870,783  wrgs:2,298,270  wck:245.9  ngds:30,671
    run1,326  dpts:13..100  robin:WdegOnDom-Rand  effs:169,726,980  asgs:(5285,noefs=999,fails=1787)  fails:872,570  wrgs:2,301,878  wck:246.2  ngds:30,696
    run1,327  dpts:929..1262  robin:FrbaOnDom-First  effs:171,053,779  asgs:(12075,noefs=5175,fails=1877)  fails:874,447  wrgs:2,311,545  wck:248.2  ngds:30,699
    run1,328  dpts:4..97  robin:Wdeg-Last  effs:171,203,673  asgs:(4200,noefs=0,fails=1971)  fails:876,418  wrgs:2,313,829  wck:248.4  ngds:30,773
    run1,329  dpts:4..147  robin:PickOnDom-Rand  effs:171,447,326  asgs:(6040,noefs=911,fails=2069)  fails:878,487  wrgs:2,317,859  wck:248.8  ngds:30,805
    run1,330  dpts:220..477  robin:WdegOnDom-First  effs:172,123,297  asgs:(12111,noefs=5805,fails=2173)  fails:880,660  wrgs:2,328,102  wck:249.8  ngds:30,811
    run1,331  dpts:1..125  robin:FrbaOnDom-Last  effs:172,205,178  asgs:(4696,noefs=0,fails=2281)  fails:882,941  wrgs:2,330,601  wck:249.9  ngds:30,872
    run1,332  dpts:5..198  robin:Wdeg-Rand  effs:172,521,044  asgs:(7205,noefs=1669,fails=2396)  fails:885,337  wrgs:2,335,524  wck:250.4  ngds:30,888
    run1,333  dpts:362..735  robin:PickOnDom-First  effs:173,999,759  asgs:(19101,noefs=6283,fails=2515)  fails:887,852  wrgs:2,352,403  wck:252.3  ngds:30,891
    run1,334  dpts:7..58  robin:WdegOnDom-Last  effs:174,178,539  asgs:(5672,noefs=0,fails=2641)  fails:890,493  wrgs:2,355,964  wck:252.7  ngds:30,908
    run1,335  dpts:8..273  robin:FrbaOnDom-Rand  effs:174,477,894  asgs:(8191,noefs=1914,fails=2773)  fails:893,266  wrgs:2,361,416  wck:253.1  ngds:30,951
    run1,336  dpts:809..948  robin:Wdeg-First  effs:176,635,919  asgs:(21657,noefs=10913,fails=2912)  fails:896,178  wrgs:2,380,766  wck:255.8  ngds:30,956
    run1,337  dpts:1..159  robin:PickOnDom-Last  effs:176,716,650  asgs:(6454,noefs=0,fails=3058)  fails:899,236  wrgs:2,384,278  wck:256.0  ngds:31,091
    run1,338  dpts:8..87  robin:WdegOnDom-Rand  effs:177,074,478  asgs:(9081,noefs=1771,fails=3210)  fails:902,446  wrgs:2,390,716  wck:256.6  ngds:31,106
    run1,339  dpts:651..1097  robin:FrbaOnDom-First  effs:179,265,637  asgs:(21946,noefs=7386,fails=3371)  fails:905,817  wrgs:2,408,963  wck:259.5  ngds:31,112
    run1,340  dpts:1..128  robin:Wdeg-Last  effs:179,466,057  asgs:(7686,noefs=0,fails=3540)  fails:909,357  wrgs:2,413,268  wck:259.8  ngds:31,153
    run1,341  dpts:5..215  robin:PickOnDom-Rand  effs:179,664,104  asgs:(10882,noefs=1673,fails=3717)  fails:913,074  wrgs:2,420,703  wck:260.2  ngds:31,212
    run1,342  dpts:471..566  robin:WdegOnDom-First  effs:182,389,384  asgs:(19088,noefs=9395,fails=3902)  fails:916,976  wrgs:2,437,131  wck:263.3  ngds:31,218
    run1,343  dpts:3..227  robin:FrbaOnDom-Last  effs:182,806,605  asgs:(8378,noefs=0,fails=4098)  fails:921,074  wrgs:2,441,464  wck:264.0  ngds:31,256
    run1,344  dpts:6..200  robin:Wdeg-Rand  effs:183,431,665  asgs:(12452,noefs=2381,fails=4303)  fails:925,377  wrgs:2,449,991  wck:264.9  ngds:31,325
    run1,345  dpts:468..638  robin:PickOnDom-First  effs:184,413,862  asgs:(21917,noefs=5104,fails=4518)  fails:929,895  wrgs:2,468,213  wck:266.2  ngds:31,329
    run1,346  dpts:1..87  robin:WdegOnDom-Last  effs:184,765,322  asgs:(10338,noefs=0,fails=4744)  fails:934,639  wrgs:2,474,320  wck:266.9  ngds:31,345
    run1,347  dpts:16..206  robin:FrbaOnDom-Rand  effs:185,366,505  asgs:(14468,noefs=3235,fails=4981)  fails:939,620  wrgs:2,484,057  wck:267.8  ngds:31,398
    run1,348  dpts:878..1008  robin:Wdeg-First  effs:186,944,932  asgs:(28685,noefs=11017,fails=5230)  fails:944,850  wrgs:2,508,160  wck:270.2  ngds:31,405
    run1,349  dpts:3..94  robin:PickOnDom-Last  effs:187,102,654  asgs:(11488,noefs=0,fails=5491)  fails:950,341  wrgs:2,514,472  wck:270.5  ngds:31,443
 ...resetting heuristics data (nValues:6,924 - nSingletons:556 - nEntailed:513)
    run1,350  dpts:21..127  robin:WdegOnDom-Rand  effs:188,273,631  asgs:(16744,noefs=3586,fails=5766)  fails:956,107  wrgs:2,525,862  wck:272.0  ngds:31,484
 ...resetting restart cutoff to 80
    run1,351  dpts:737..830  robin:FrbaOnDom-First  effs:188,295,235  asgs:(1202,noefs=657,fails=80)  fails:956,187  wrgs:2,526,249  wck:272.1  ngds:31,489
    run1,352  dpts:19..51  robin:Wdeg-Last  effs:188,299,846  asgs:(209,noefs=0,fails=84)  fails:956,271  wrgs:2,526,346  wck:272.1  ngds:31,512
    run1,353  dpts:10..210  robin:PickOnDom-Rand  effs:188,306,632  asgs:(315,noefs=77,fails=88)  fails:956,359  wrgs:2,526,442  wck:272.1  ngds:31,591
    run1,354  dpts:339..403  robin:WdegOnDom-First  effs:188,341,744  asgs:(1274,noefs=923,fails=92)  fails:956,451  wrgs:2,527,237  wck:272.2  ngds:31,595
    run1,355  dpts:3..75  robin:FrbaOnDom-Last  effs:188,352,300  asgs:(211,noefs=0,fails=97)  fails:956,548  wrgs:2,527,339  wck:272.2  ngds:31,655
    run1,356  dpts:2..105  robin:Wdeg-Rand  effs:188,365,662  asgs:(327,noefs=70,fails=102)  fails:956,650  wrgs:2,527,520  wck:272.2  ngds:31,681
    run1,357  dpts:466..583  robin:PickOnDom-First  effs:188,440,436  asgs:(1459,noefs=551,fails=107)  fails:956,757  wrgs:2,528,400  wck:272.4  ngds:31,685
    run1,358  dpts:1..81  robin:WdegOnDom-Last  effs:188,448,195  asgs:(245,noefs=0,fails=112)  fails:956,869  wrgs:2,528,520  wck:272.4  ngds:31,728
    run1,359  dpts:10..85  robin:FrbaOnDom-Rand  effs:188,458,739  asgs:(342,noefs=58,fails=118)  fails:956,987  wrgs:2,528,705  wck:272.4  ngds:31,768
    run1,360  dpts:354..532  robin:Wdeg-First  effs:188,497,288  asgs:(1417,noefs=758,fails=124)  fails:957,111  wrgs:2,529,574  wck:272.5  ngds:31,772
    run1,361  dpts:1..86  robin:PickOnDom-Last  effs:188,509,397  asgs:(284,noefs=0,fails=130)  fails:957,241  wrgs:2,529,715  wck:272.5  ngds:31,804
    run1,362  dpts:1..80  robin:WdegOnDom-Rand  effs:188,525,749  asgs:(422,noefs=109,fails=136)  fails:957,377  wrgs:2,529,968  wck:272.5  ngds:31,818
    run1,363  dpts:882..1008  robin:FrbaOnDom-First  effs:188,581,286  asgs:(1848,noefs=1141,fails=143)  fails:957,520  wrgs:2,530,823  wck:272.6  ngds:31,824
    run1,364  dpts:2..80  robin:Wdeg-Last  effs:188,590,327  asgs:(340,noefs=0,fails=150)  fails:957,670  wrgs:2,530,993  wck:272.7  ngds:31,855
    run1,365  dpts:4..194  robin:PickOnDom-Rand  effs:188,613,740  asgs:(511,noefs=103,fails=158)  fails:957,828  wrgs:2,531,242  wck:272.7  ngds:31,921
    run1,366  dpts:358..419  robin:WdegOnDom-First  effs:188,655,072  asgs:(1628,noefs=1067,fails=166)  fails:957,994  wrgs:2,532,393  wck:272.8  ngds:31,927
    run1,367  dpts:0..107  robin:FrbaOnDom-Last  effs:188,668,312  asgs:(367,noefs=0,fails=174)  fails:958,168  wrgs:2,532,579  wck:272.8  ngds:31,972
    run1,368  dpts:7..108  robin:Wdeg-Rand  effs:188,684,946  asgs:(560,noefs=129,fails=183)  fails:958,351  wrgs:2,532,919  wck:272.9  ngds:31,999
    run1,369  dpts:405..715  robin:PickOnDom-First  effs:188,751,968  asgs:(2093,noefs=948,fails=192)  fails:958,543  wrgs:2,534,285  wck:273.0  ngds:32,002
    run1,370  dpts:1..90  robin:WdegOnDom-Last  effs:188,764,580  asgs:(443,noefs=0,fails=202)  fails:958,745  wrgs:2,534,520  wck:273.0  ngds:32,057
 ...Discarding 2 singleton variables
    run1,371  dpts:5..115  robin:FrbaOnDom-Rand  effs:188,781,051  asgs:(644,noefs=133,fails=212)  fails:958,957  wrgs:2,534,910  wck:273.0  ngds:32,094
    run1,372  dpts:545..698  robin:Wdeg-First  effs:188,894,384  asgs:(1543,noefs=859,fails=222)  fails:959,179  wrgs:2,535,778  wck:273.2  ngds:32,098
    run1,373  dpts:1..76  robin:PickOnDom-Last  effs:188,909,555  asgs:(514,noefs=0,fails=234)  fails:959,413  wrgs:2,536,050  wck:273.2  ngds:32,129
    run1,374  dpts:3..85  robin:WdegOnDom-Rand  effs:188,923,007  asgs:(729,noefs=145,fails=245)  fails:959,658  wrgs:2,536,551  wck:273.3  ngds:32,144
    run1,375  dpts:890..1093  robin:FrbaOnDom-First  effs:189,057,889  asgs:(2515,noefs=1309,fails=258)  fails:959,916  wrgs:2,537,982  wck:273.5  ngds:32,147
    run1,376  dpts:6..59  robin:Wdeg-Last  effs:189,073,856  asgs:(598,noefs=0,fails=270)  fails:960,186  wrgs:2,538,312  wck:273.6  ngds:32,177
    run1,377  dpts:11..143  robin:PickOnDom-Rand  effs:189,097,673  asgs:(812,noefs=114,fails=284)  fails:960,470  wrgs:2,538,807  wck:273.6  ngds:32,211
    run1,378  dpts:336..422  robin:WdegOnDom-First  effs:189,225,510  asgs:(1577,noefs=796,fails=298)  fails:960,768  wrgs:2,539,809  wck:273.8  ngds:32,217
    run1,379  dpts:6..77  robin:FrbaOnDom-Last  effs:189,240,231  asgs:(655,noefs=0,fails=313)  fails:961,081  wrgs:2,540,156  wck:273.8  ngds:32,257
 ...resetting heuristics data (nValues:6,922 - nSingletons:558 - nEntailed:515)
    run1,380  dpts:14..139  robin:Wdeg-Rand  effs:189,286,605  asgs:(1056,noefs=252,fails=329)  fails:961,410  wrgs:2,540,822  wck:273.9  ngds:32,282
    run1,381  dpts:355..479  robin:PickOnDom-First  effs:189,340,225  asgs:(1888,noefs=668,fails=345)  fails:961,755  wrgs:2,542,052  wck:274.0  ngds:32,287
    run1,382  dpts:19..52  robin:WdegOnDom-Last  effs:189,392,668  asgs:(785,noefs=0,fails=363)  fails:962,118  wrgs:2,542,462  wck:274.1  ngds:32,314
    run1,383  dpts:6..102  robin:FrbaOnDom-Rand  effs:189,422,923  asgs:(1179,noefs=248,fails=381)  fails:962,499  wrgs:2,543,237  wck:274.1  ngds:32,348
    run1,384  dpts:403..465  robin:Wdeg-First  effs:189,508,500  asgs:(2481,noefs=975,fails=400)  fails:962,899  wrgs:2,545,043  wck:274.3  ngds:32,352
    run1,385  dpts:3..106  robin:PickOnDom-Last  effs:189,542,040  asgs:(903,noefs=0,fails=420)  fails:963,319  wrgs:2,545,508  wck:274.3  ngds:32,373
    run1,386  dpts:2..95  robin:WdegOnDom-Rand  effs:189,611,881  asgs:(1301,noefs=268,fails=441)  fails:963,760  wrgs:2,546,357  wck:274.5  ngds:32,405
    run1,387  dpts:777..997  robin:FrbaOnDom-First  effs:189,914,766  asgs:(3351,noefs=1436,fails=463)  fails:964,223  wrgs:2,548,626  wck:275.0  ngds:32,409
    run1,388  dpts:12..41  robin:Wdeg-Last  effs:189,939,072  asgs:(1125,noefs=0,fails=486)  fails:964,709  wrgs:2,549,302  wck:275.0  ngds:32,423
    run1,389  dpts:3..120  robin:PickOnDom-Rand  effs:189,994,947  asgs:(1468,noefs=257,fails=510)  fails:965,219  wrgs:2,550,290  wck:275.1  ngds:32,439
    run1,390  dpts:312..353  robin:WdegOnDom-First  effs:190,112,930  asgs:(2587,noefs=1155,fails=536)  fails:965,755  wrgs:2,552,190  wck:275.3  ngds:32,444
    run1,391  dpts:3..116  robin:FrbaOnDom-Last  effs:190,141,793  asgs:(1166,noefs=0,fails=563)  fails:966,318  wrgs:2,552,794  wck:275.4  ngds:32,499
    run1,392  dpts:13..78  robin:Wdeg-Rand  effs:190,224,502  asgs:(1786,noefs=388,fails=591)  fails:966,909  wrgs:2,554,003  wck:275.5  ngds:32,508
    run1,393  dpts:310..551  robin:PickOnDom-First  effs:190,472,572  asgs:(4295,noefs=1400,fails=620)  fails:967,529  wrgs:2,557,487  wck:275.9  ngds:32,512
    run1,394  dpts:5..70  robin:WdegOnDom-Last  effs:190,511,918  asgs:(1362,noefs=0,fails=651)  fails:968,180  wrgs:2,558,217  wck:275.9  ngds:32,537
    run1,395  dpts:8..153  robin:FrbaOnDom-Rand  effs:190,586,077  asgs:(2071,noefs=460,fails=684)  fails:968,864  wrgs:2,559,594  wck:276.1  ngds:32,557
    run1,396  dpts:455..568  robin:Wdeg-First  effs:190,881,636  asgs:(5457,noefs=2890,fails=718)  fails:969,582  wrgs:2,564,090  wck:276.5  ngds:32,560
    run1,397  dpts:2..100  robin:PickOnDom-Last  effs:190,930,522  asgs:(1585,noefs=0,fails=754)  fails:970,336  wrgs:2,564,934  wck:276.6  ngds:32,602
    run1,398  dpts:14..98  robin:WdegOnDom-Rand  effs:191,073,873  asgs:(2207,noefs=508,fails=792)  fails:971,128  wrgs:2,566,423  wck:276.8  ngds:32,633
    run1,399  dpts:680..1097  robin:FrbaOnDom-First  effs:191,808,269  asgs:(4798,noefs=1703,fails=832)  fails:971,960  wrgs:2,569,887  wck:277.9  ngds:32,635
    run1,400  dpts:8..79  robin:Wdeg-Last  effs:191,861,941  asgs:(1864,noefs=0,fails=873)  fails:972,833  wrgs:2,570,972  wck:278.0  ngds:32,652
    run1,401  dpts:4..147  robin:PickOnDom-Rand  effs:191,977,148  asgs:(2686,noefs=447,fails=917)  fails:973,750  wrgs:2,572,748  wck:278.1  ngds:32,677
    run1,402  dpts:310..475  robin:WdegOnDom-First  effs:192,472,357  asgs:(5698,noefs=2908,fails=963)  fails:974,713  wrgs:2,577,311  wck:278.8  ngds:32,684
    run1,403  dpts:2..202  robin:FrbaOnDom-Last  effs:192,562,008  asgs:(2073,noefs=0,fails=1011)  fails:975,724  wrgs:2,578,388  wck:278.9  ngds:32,869
    run1,404  dpts:16..152  robin:Wdeg-Rand  effs:192,670,201  asgs:(3010,noefs=556,fails=1061)  fails:976,785  wrgs:2,580,481  wck:279.1  ngds:32,898
    run1,405  dpts:517..675  robin:PickOnDom-First  effs:193,289,549  asgs:(8522,noefs=2633,fails=1115)  fails:977,900  wrgs:2,587,712  wck:279.9  ngds:32,900
    run1,406  dpts:2..71  robin:WdegOnDom-Last  effs:193,339,016  asgs:(2438,noefs=0,fails=1170)  fails:979,070  wrgs:2,589,025  wck:280.0  ngds:32,924
    run1,407  dpts:11..159  robin:FrbaOnDom-Rand  effs:193,530,356  asgs:(3620,noefs=737,fails=1229)  fails:980,299  wrgs:2,591,455  wck:280.2  ngds:32,958
    run1,408  dpts:670..744  robin:Wdeg-First  effs:193,881,177  asgs:(8456,noefs=4026,fails=1290)  fails:981,589  wrgs:2,598,322  wck:280.8  ngds:32,963
    run1,409  dpts:14..78  robin:PickOnDom-Last  effs:193,954,705  asgs:(2933,noefs=0,fails=1355)  fails:982,944  wrgs:2,599,972  wck:280.9  ngds:32,997
 ...resetting heuristics data (nValues:6,922 - nSingletons:558 - nEntailed:515)
    run1,410  dpts:9..145  robin:WdegOnDom-Rand  effs:194,261,765  asgs:(4190,noefs=842,fails=1423)  fails:984,367  wrgs:2,602,737  wck:281.3  ngds:33,016
    run1,411  dpts:723..944  robin:FrbaOnDom-First  effs:195,164,091  asgs:(8815,noefs=3231,fails=1494)  fails:985,861  wrgs:2,609,732  wck:282.6  ngds:33,022
    run1,412  dpts:19..74  robin:Wdeg-Last  effs:195,312,877  asgs:(3355,noefs=0,fails=1569)  fails:987,430  wrgs:2,611,533  wck:282.8  ngds:33,054
    run1,413  dpts:14..143  robin:PickOnDom-Rand  effs:195,516,647  asgs:(4861,noefs=818,fails=1647)  fails:989,077  wrgs:2,614,777  wck:283.1  ngds:33,073
    run1,414  dpts:415..529  robin:WdegOnDom-First  effs:196,279,639  asgs:(12508,noefs=6975,fails=1729)  fails:990,806  wrgs:2,625,349  wck:284.2  ngds:33,078
    run1,415  dpts:2..165  robin:FrbaOnDom-Last  effs:196,432,391  asgs:(3709,noefs=0,fails=1816)  fails:992,622  wrgs:2,627,241  wck:284.4  ngds:33,140
    run1,416  dpts:1..128  robin:Wdeg-Rand  effs:196,644,318  asgs:(5544,noefs=934,fails=1907)  fails:994,529  wrgs:2,631,037  wck:284.7  ngds:33,174
    run1,417  dpts:83..629  robin:PickOnDom-First  effs:197,675,330  asgs:(15855,noefs=6060,fails=2002)  fails:996,531  wrgs:2,644,911  wck:286.0  ngds:33,180
    run1,418  dpts:6..85  robin:WdegOnDom-Last  effs:197,752,251  asgs:(4464,noefs=0,fails=2102)  fails:998,633  wrgs:2,647,497  wck:286.2  ngds:33,226
    run1,419  dpts:7..172  robin:FrbaOnDom-Rand  effs:198,014,273  asgs:(6522,noefs=1364,fails=2207)  fails:1,000,840  wrgs:2,651,930  wck:286.6  ngds:33,250
    run1,420  dpts:513..619  robin:Wdeg-First  effs:198,653,772  asgs:(11970,noefs=4513,fails=2318)  fails:1,003,158  wrgs:2,661,791  wck:287.5  ngds:33,255
    run1,421  dpts:9..100  robin:PickOnDom-Last  effs:198,752,443  asgs:(5199,noefs=0,fails=2434)  fails:1,005,592  wrgs:2,664,631  wck:287.7  ngds:33,284
    run1,422  dpts:4..87  robin:WdegOnDom-Rand  effs:198,973,316  asgs:(7377,noefs=1609,fails=2555)  fails:1,008,147  wrgs:2,669,707  wck:288.1  ngds:33,301
    run1,423  dpts:775..1155  robin:FrbaOnDom-First  effs:200,607,862  asgs:(16797,noefs=5864,fails=2683)  fails:1,010,830  wrgs:2,683,528  wck:290.3  ngds:33,310
    run1,424  dpts:8..76  robin:Wdeg-Last  effs:200,832,860  asgs:(6110,noefs=0,fails=2817)  fails:1,013,647  wrgs:2,687,042  wck:290.7  ngds:33,318
    run1,425  dpts:10..131  robin:PickOnDom-Rand  effs:201,222,969  asgs:(8717,noefs=1079,fails=2958)  fails:1,016,605  wrgs:2,692,950  wck:291.2  ngds:33,337
    run1,426  dpts:402..586  robin:WdegOnDom-First  effs:202,138,338  asgs:(16669,noefs=8670,fails=3106)  fails:1,019,711  wrgs:2,707,495  wck:292.7  ngds:33,349
    run1,427  dpts:5..120  robin:FrbaOnDom-Last  effs:202,378,251  asgs:(6744,noefs=0,fails=3261)  fails:1,022,972  wrgs:2,711,090  wck:293.1  ngds:33,461
    run1,428  dpts:11..93  robin:Wdeg-Rand  effs:203,151,353  asgs:(9665,noefs=1453,fails=3425)  fails:1,026,397  wrgs:2,718,000  wck:294.0  ngds:33,493
    run1,429  dpts:435..644  robin:PickOnDom-First  effs:204,466,199  asgs:(25447,noefs=8313,fails=3596)  fails:1,029,993  wrgs:2,740,363  wck:295.9  ngds:33,503
    run1,430  dpts:3..64  robin:WdegOnDom-Last  effs:204,806,771  asgs:(7975,noefs=0,fails=3776)  fails:1,033,769  wrgs:2,744,873  wck:296.4  ngds:33,529
    run1,431  dpts:2..145  robin:FrbaOnDom-Rand  effs:205,242,147  asgs:(11577,noefs=1881,fails=3964)  fails:1,037,733  wrgs:2,752,733  wck:297.1  ngds:33,575
    run1,432  dpts:759..980  robin:Wdeg-First  effs:206,464,530  asgs:(21939,noefs=8760,fails=4163)  fails:1,041,896  wrgs:2,771,143  wck:298.8  ngds:33,580
    run1,433  dpts:1..98  robin:PickOnDom-Last  effs:206,714,489  asgs:(9197,noefs=0,fails=4371)  fails:1,046,267  wrgs:2,776,089  wck:299.2  ngds:33,640
    run1,434  dpts:12..132  robin:WdegOnDom-Rand  effs:207,387,215  asgs:(13084,noefs=3319,fails=4589)  fails:1,050,856  wrgs:2,785,098  wck:300.1  ngds:33,681
    run1,435  dpts:601..883  robin:FrbaOnDom-First  effs:210,833,906  asgs:(27698,noefs=9825,fails=4819)  fails:1,055,675  wrgs:2,808,195  wck:304.6  ngds:33,685
    run1,436  dpts:4..81  robin:Wdeg-Last  effs:211,057,600  asgs:(11269,noefs=0,fails=5060)  fails:1,060,735  wrgs:2,815,070  wck:305.1  ngds:33,704
    run1,437  dpts:9..125  robin:PickOnDom-Rand  effs:211,586,859  asgs:(15344,noefs=1985,fails=5313)  fails:1,066,048  wrgs:2,825,572  wck:305.8  ngds:33,743
    run1,438  dpts:476..584  robin:WdegOnDom-First  effs:215,257,183  asgs:(28219,noefs=13489,fails=5579)  fails:1,071,627  wrgs:2,850,247  wck:310.3  ngds:33,747
    run1,439  dpts:3..138  robin:FrbaOnDom-Last  effs:215,567,588  asgs:(12293,noefs=0,fails=5857)  fails:1,077,484  wrgs:2,856,902  wck:310.8  ngds:33,830
 ...resetting heuristics data (nValues:6,922 - nSingletons:558 - nEntailed:515)
    run1,440  dpts:3..180  robin:Wdeg-Rand  effs:216,462,540  asgs:(17769,noefs=3341,fails=6150)  fails:1,083,634  wrgs:2,868,924  wck:312.1  ngds:33,852
 ...resetting restart cutoff to 85
    run1,441  dpts:355..533  robin:PickOnDom-First  effs:216,485,819  asgs:(1027,noefs=501,fails=85)  fails:1,083,719  wrgs:2,869,399  wck:312.2  ngds:33,857
    run1,442  dpts:20..43  robin:WdegOnDom-Last  effs:216,494,917  asgs:(210,noefs=0,fails=89)  fails:1,083,808  wrgs:2,869,499  wck:312.2  ngds:33,863
    run1,443  dpts:15..85  robin:FrbaOnDom-Rand  effs:216,505,194  asgs:(302,noefs=71,fails=93)  fails:1,083,901  wrgs:2,869,670  wck:312.2  ngds:33,892
    run1,444  dpts:537..580  robin:Wdeg-First  effs:216,543,049  asgs:(1123,noefs=657,fails=98)  fails:1,083,999  wrgs:2,870,172  wck:312.3  ngds:33,896
    run1,445  dpts:3..73  robin:PickOnDom-Last  effs:216,548,404  asgs:(233,noefs=0,fails=103)  fails:1,084,102  wrgs:2,870,281  wck:312.3  ngds:33,925
    run1,446  dpts:4..75  robin:WdegOnDom-Rand  effs:216,562,227  asgs:(364,noefs=107,fails=108)  fails:1,084,210  wrgs:2,870,500  wck:312.3  ngds:33,946
    run1,447  dpts:910..1095  robin:FrbaOnDom-First  effs:216,611,460  asgs:(1493,noefs=947,fails=113)  fails:1,084,323  wrgs:2,871,056  wck:312.4  ngds:33,947
    run1,448  dpts:3..67  robin:Wdeg-Last  effs:216,616,250  asgs:(278,noefs=0,fails=119)  fails:1,084,442  wrgs:2,871,198  wck:312.5  ngds:33,977
    run1,449  dpts:1..112  robin:PickOnDom-Rand  effs:216,632,637  asgs:(387,noefs=64,fails=125)  fails:1,084,567  wrgs:2,871,435  wck:312.5  ngds:33,994
    run1,450  dpts:326..369  robin:WdegOnDom-First  effs:216,680,046  asgs:(1087,noefs=504,fails=131)  fails:1,084,698  wrgs:2,872,082  wck:312.6  ngds:33,997
    run1,451  dpts:10..105  robin:FrbaOnDom-Last  effs:216,688,173  asgs:(291,noefs=0,fails=138)  fails:1,084,836  wrgs:2,872,235  wck:312.6  ngds:34,036
    run1,452  dpts:3..88  robin:Wdeg-Rand  effs:216,695,993  asgs:(451,noefs=117,fails=145)  fails:1,084,981  wrgs:2,872,521  wck:312.6  ngds:34,053
    run1,453  dpts:457..770  robin:PickOnDom-First  effs:216,778,998  asgs:(2167,noefs=1084,fails=152)  fails:1,085,133  wrgs:2,873,923  wck:312.7  ngds:34,060
    run1,454  dpts:3..46  robin:WdegOnDom-Last  effs:216,791,539  asgs:(359,noefs=0,fails=160)  fails:1,085,293  wrgs:2,874,124  wck:312.8  ngds:34,082
    run1,455  dpts:8..160  robin:FrbaOnDom-Rand  effs:216,809,447  asgs:(496,noefs=109,fails=168)  fails:1,085,461  wrgs:2,874,414  wck:312.8  ngds:34,106
    run1,456  dpts:549..622  robin:Wdeg-First  effs:216,838,453  asgs:(1284,noefs=649,fails=176)  fails:1,085,637  wrgs:2,875,008  wck:312.9  ngds:34,108
    run1,457  dpts:1..56  robin:PickOnDom-Last  effs:216,859,279  asgs:(413,noefs=0,fails=185)  fails:1,085,822  wrgs:2,875,221  wck:312.9  ngds:34,143
    run1,458  dpts:5..66  robin:WdegOnDom-Rand  effs:216,881,354  asgs:(589,noefs=129,fails=194)  fails:1,086,016  wrgs:2,875,604  wck:312.9  ngds:34,162
    run1,459  dpts:788..1002  robin:FrbaOnDom-First  effs:217,011,405  asgs:(1928,noefs=1078,fails=204)  fails:1,086,220  wrgs:2,876,551  wck:313.2  ngds:34,167
    run1,460  dpts:18..66  robin:Wdeg-Last  effs:217,028,166  asgs:(471,noefs=0,fails=214)  fails:1,086,434  wrgs:2,876,819  wck:313.2  ngds:34,200
    run1,461  dpts:5..115  robin:PickOnDom-Rand  effs:217,060,721  asgs:(664,noefs=114,fails=225)  fails:1,086,659  wrgs:2,877,238  wck:313.2  ngds:34,214
    run1,462  dpts:335..407  robin:WdegOnDom-First  effs:217,225,844  asgs:(1633,noefs=802,fails=236)  fails:1,086,895  wrgs:2,878,365  wck:313.5  ngds:34,219
    run1,463  dpts:3..135  robin:FrbaOnDom-Last  effs:217,247,971  asgs:(512,noefs=0,fails=248)  fails:1,087,143  wrgs:2,878,624  wck:313.5  ngds:34,339
    run1,464  dpts:18..96  robin:Wdeg-Rand  effs:217,275,350  asgs:(761,noefs=194,fails=261)  fails:1,087,404  wrgs:2,879,145  wck:313.6  ngds:34,358
    run1,465  dpts:377..602  robin:PickOnDom-First  effs:217,392,878  asgs:(2314,noefs=859,fails=274)  fails:1,087,678  wrgs:2,880,844  wck:313.8  ngds:34,360
    run1,466  dpts:6..54  robin:WdegOnDom-Last  effs:217,413,492  asgs:(654,noefs=0,fails=287)  fails:1,087,965  wrgs:2,881,227  wck:313.8  ngds:34,376
    run1,467  dpts:15..99  robin:FrbaOnDom-Rand  effs:217,441,555  asgs:(922,noefs=226,fails=302)  fails:1,088,267  wrgs:2,881,850  wck:313.9  ngds:34,387
    run1,468  dpts:470..609  robin:Wdeg-First  effs:217,520,644  asgs:(2254,noefs=1175,fails=317)  fails:1,088,584  wrgs:2,883,306  wck:314.0  ngds:34,394
    run1,469  dpts:1..64  robin:PickOnDom-Last  effs:217,541,954  asgs:(716,noefs=0,fails=333)  fails:1,088,917  wrgs:2,883,681  wck:314.0  ngds:34,426
 ...resetting heuristics data (nValues:6,922 - nSingletons:558 - nEntailed:515)
    run1,470  dpts:13..109  robin:WdegOnDom-Rand  effs:217,615,976  asgs:(1057,noefs=208,fails=349)  fails:1,089,266  wrgs:2,884,350  wck:314.2  ngds:34,443
    run1,471  dpts:461..898  robin:FrbaOnDom-First  effs:217,907,211  asgs:(3012,noefs=1339,fails=367)  fails:1,089,633  wrgs:2,886,395  wck:314.6  ngds:34,447
    run1,472  dpts:19..59  robin:Wdeg-Last  effs:217,953,748  asgs:(846,noefs=0,fails=385)  fails:1,090,018  wrgs:2,886,868  wck:314.7  ngds:34,470
    run1,473  dpts:10..145  robin:PickOnDom-Rand  effs:217,998,008  asgs:(1222,noefs=269,fails=405)  fails:1,090,423  wrgs:2,887,641  wck:314.8  ngds:34,510
    run1,474  dpts:143..406  robin:WdegOnDom-First  effs:218,245,891  asgs:(3143,noefs=1780,fails=425)  fails:1,090,848  wrgs:2,890,117  wck:315.1  ngds:34,518
    run1,475  dpts:1..88  robin:FrbaOnDom-Last  effs:218,272,726  asgs:(920,noefs=0,fails=446)  fails:1,091,294  wrgs:2,890,588  wck:315.1  ngds:34,559
    run1,476  dpts:6..90  robin:Wdeg-Rand  effs:218,307,790  asgs:(1342,noefs=194,fails=468)  fails:1,091,762  wrgs:2,891,459  wck:315.2  ngds:34,586
    run1,477  dpts:410..540  robin:PickOnDom-First  effs:218,413,968  asgs:(3578,noefs=1415,fails=492)  fails:1,092,254  wrgs:2,894,223  wck:315.4  ngds:34,592
    run1,478  dpts:5..75  robin:WdegOnDom-Last  effs:218,438,907  asgs:(1086,noefs=0,fails=516)  fails:1,092,770  wrgs:2,894,814  wck:315.5  ngds:34,624
    run1,479  dpts:7..158  robin:FrbaOnDom-Rand  effs:218,486,717  asgs:(1694,noefs=398,fails=542)  fails:1,093,312  wrgs:2,895,943  wck:315.6  ngds:34,657
    run1,480  dpts:482..628  robin:Wdeg-First  effs:218,744,087  asgs:(5221,noefs=2298,fails=569)  fails:1,093,881  wrgs:2,900,191  wck:316.0  ngds:34,662
    run1,481  dpts:1..82  robin:PickOnDom-Last  effs:218,778,295  asgs:(1283,noefs=0,fails=598)  fails:1,094,479  wrgs:2,900,876  wck:316.0  ngds:34,690
    run1,482  dpts:10..84  robin:WdegOnDom-Rand  effs:218,826,016  asgs:(1886,noefs=401,fails=628)  fails:1,095,107  wrgs:2,902,188  wck:316.1  ngds:34,711
    run1,483  dpts:633..921  robin:FrbaOnDom-First  effs:219,368,946  asgs:(4686,noefs=2224,fails=659)  fails:1,095,766  wrgs:2,905,711  wck:316.9  ngds:34,715
    run1,484  dpts:7..59  robin:Wdeg-Last  effs:219,411,380  asgs:(1554,noefs=0,fails=692)  fails:1,096,458  wrgs:2,906,609  wck:317.0  ngds:34,738
    run1,485  dpts:2..115  robin:PickOnDom-Rand  effs:219,506,782  asgs:(2090,noefs=309,fails=727)  fails:1,097,185  wrgs:2,907,997  wck:317.1  ngds:34,754
    run1,486  dpts:385..472  robin:WdegOnDom-First  effs:219,777,700  asgs:(3727,noefs=1973,fails=763)  fails:1,097,948  wrgs:2,910,931  wck:317.5  ngds:34,756
    run1,487  dpts:2..128  robin:FrbaOnDom-Last  effs:219,819,884  asgs:(1649,noefs=0,fails=801)  fails:1,098,749  wrgs:2,911,775  wck:317.6  ngds:34,821
    run1,488  dpts:10..121  robin:Wdeg-Rand  effs:219,889,692  asgs:(2401,noefs=416,fails=842)  fails:1,099,591  wrgs:2,913,420  wck:317.7  ngds:34,852
    run1,489  dpts:288..539  robin:PickOnDom-First  effs:220,263,263  asgs:(9088,noefs=4514,fails=884)  fails:1,100,475  wrgs:2,921,293  wck:318.3  ngds:34,855
    run1,490  dpts:1..115  robin:WdegOnDom-Last  effs:220,331,584  asgs:(1930,noefs=0,fails=928)  fails:1,101,403  wrgs:2,922,298  wck:318.4  ngds:34,890
    run1,491  dpts:2..163  robin:FrbaOnDom-Rand  effs:220,463,190  asgs:(2948,noefs=682,fails=974)  fails:1,102,377  wrgs:2,924,261  wck:318.6  ngds:34,929
    run1,492  dpts:623..725  robin:Wdeg-First  effs:220,666,608  asgs:(5087,noefs=1766,fails=1023)  fails:1,103,400  wrgs:2,927,946  wck:319.0  ngds:34,932
    run1,493  dpts:1..123  robin:PickOnDom-Last  effs:220,728,699  asgs:(2234,noefs=0,fails=1074)  fails:1,104,474  wrgs:2,929,101  wck:319.1  ngds:34,976
    run1,494  dpts:11..76  robin:WdegOnDom-Rand  effs:220,874,026  asgs:(3369,noefs=771,fails=1128)  fails:1,105,602  wrgs:2,931,453  wck:319.3  ngds:34,991
    run1,495  dpts:576..846  robin:FrbaOnDom-First  effs:221,573,983  asgs:(8976,noefs=3316,fails=1184)  fails:1,106,786  wrgs:2,938,693  wck:320.3  ngds:34,996
    run1,496  dpts:4..61  robin:Wdeg-Last  effs:221,629,027  asgs:(2872,noefs=0,fails=1244)  fails:1,108,030  wrgs:2,940,514  wck:320.4  ngds:35,022
    run1,497  dpts:2..151  robin:PickOnDom-Rand  effs:221,813,716  asgs:(3906,noefs=519,fails=1306)  fails:1,109,336  wrgs:2,943,125  wck:320.7  ngds:35,051
    run1,498  dpts:244..438  robin:WdegOnDom-First  effs:222,485,813  asgs:(6814,noefs=3398,fails=1371)  fails:1,110,707  wrgs:2,948,825  wck:321.5  ngds:35,055
    run1,499  dpts:1..88  robin:FrbaOnDom-Last  effs:222,590,102  asgs:(3008,noefs=0,fails=1440)  fails:1,112,147  wrgs:2,950,422  wck:321.7  ngds:35,113
 ...resetting heuristics data (nValues:6,922 - nSingletons:558 - nEntailed:515)
    run1,500  dpts:7..169  robin:Wdeg-Rand  effs:222,816,628  asgs:(4551,noefs=1028,fails=1512)  fails:1,113,659  wrgs:2,953,469  wck:322.0  ngds:35,146
    run1,501  dpts:355..557  robin:PickOnDom-First  effs:223,267,497  asgs:(8264,noefs=2729,fails=1587)  fails:1,115,246  wrgs:2,960,245  wck:322.5  ngds:35,150
    run1,502  dpts:18..71  robin:WdegOnDom-Last  effs:223,487,184  asgs:(3568,noefs=0,fails=1667)  fails:1,116,913  wrgs:2,962,177  wck:322.9  ngds:35,171
    run1,503  dpts:2..212  robin:FrbaOnDom-Rand  effs:223,774,511  asgs:(5288,noefs=1174,fails=1750)  fails:1,118,663  wrgs:2,965,753  wck:323.3  ngds:35,194
    run1,504  dpts:309..435  robin:Wdeg-First  effs:224,412,319  asgs:(8106,noefs=2817,fails=1837)  fails:1,120,500  wrgs:2,972,345  wck:324.1  ngds:35,200
    run1,505  dpts:2..99  robin:PickOnDom-Last  effs:224,532,551  asgs:(4088,noefs=0,fails=1929)  fails:1,122,429  wrgs:2,974,512  wck:324.3  ngds:35,252
    run1,506  dpts:14..86  robin:WdegOnDom-Rand  effs:224,838,648  asgs:(5750,noefs=1064,fails=2026)  fails:1,124,455  wrgs:2,978,487  wck:324.7  ngds:35,277
    run1,507  dpts:859..1158  robin:FrbaOnDom-First  effs:226,273,422  asgs:(12511,noefs=4860,fails=2127)  fails:1,126,582  wrgs:2,988,696  wck:326.8  ngds:35,281
    run1,508  dpts:8..82  robin:Wdeg-Last  effs:226,425,277  asgs:(4899,noefs=0,fails=2234)  fails:1,128,816  wrgs:2,991,521  wck:327.0  ngds:35,343
    run1,509  dpts:3..222  robin:PickOnDom-Rand  effs:226,775,403  asgs:(6872,noefs=902,fails=2345)  fails:1,131,161  wrgs:2,996,091  wck:327.4  ngds:35,360
    run1,510  dpts:328..414  robin:WdegOnDom-First  effs:228,041,816  asgs:(14516,noefs=7080,fails=2463)  fails:1,133,624  wrgs:3,008,595  wck:329.3  ngds:35,363
    run1,511  dpts:0..129  robin:FrbaOnDom-Last  effs:228,181,294  asgs:(5324,noefs=0,fails=2586)  fails:1,136,210  wrgs:3,011,386  wck:329.5  ngds:35,419
    run1,512  dpts:13..140  robin:Wdeg-Rand  effs:228,401,082  asgs:(7858,noefs=1472,fails=2715)  fails:1,138,925  wrgs:3,016,818  wck:329.9  ngds:35,453
    run1,513  dpts:346..767  robin:PickOnDom-First  effs:229,267,873  asgs:(20631,noefs=9395,fails=2851)  fails:1,141,776  wrgs:3,035,075  wck:331.3  ngds:35,457
    run1,514  dpts:4..67  robin:WdegOnDom-Last  effs:229,421,650  asgs:(6600,noefs=0,fails=2993)  fails:1,144,769  wrgs:3,039,059  wck:331.7  ngds:35,465
    run1,515  dpts:5..181  robin:FrbaOnDom-Rand  effs:229,802,886  asgs:(9238,noefs=1916,fails=3143)  fails:1,147,912  wrgs:3,045,251  wck:332.3  ngds:35,543
    run1,516  dpts:517..717  robin:Wdeg-First  effs:232,880,802  asgs:(22344,noefs=10377,fails=3300)  fails:1,151,212  wrgs:3,065,718  wck:335.7  ngds:35,550
    run1,517  dpts:1..122  robin:PickOnDom-Last  effs:233,082,628  asgs:(7498,noefs=0,fails=3465)  fails:1,154,677  wrgs:3,069,901  wck:336.0  ngds:35,611
    run1,518  dpts:3..136  robin:WdegOnDom-Rand  effs:233,688,097  asgs:(10530,noefs=2467,fails=3639)  fails:1,158,316  wrgs:3,077,212  wck:337.0  ngds:35,628
    run1,519  dpts:867..1083  robin:FrbaOnDom-First  effs:234,796,731  asgs:(16287,noefs=3687,fails=3821)  fails:1,162,137  wrgs:3,089,544  wck:338.7  ngds:35,630
    run1,520  dpts:7..124  robin:Wdeg-Last  effs:235,049,041  asgs:(8644,noefs=0,fails=4012)  fails:1,166,149  wrgs:3,094,389  wck:339.1  ngds:35,666
 ...Discarding 2 singleton variables
    run1,521  dpts:4..173  robin:PickOnDom-Rand  effs:235,531,261  asgs:(12426,noefs=1835,fails=4212)  fails:1,170,361  wrgs:3,102,756  wck:339.9  ngds:35,717
    run1,522  dpts:311..453  robin:WdegOnDom-First  effs:236,871,294  asgs:(25312,noefs=12518,fails=4423)  fails:1,174,784  wrgs:3,124,633  wck:342.0  ngds:35,724
    run1,523  dpts:1..158  robin:FrbaOnDom-Last  effs:237,275,341  asgs:(9515,noefs=0,fails=4644)  fails:1,179,428  wrgs:3,129,586  wck:342.6  ngds:35,832
    run1,524  dpts:4..230  robin:Wdeg-Rand  effs:238,070,135  asgs:(14338,noefs=2964,fails=4876)  fails:1,184,304  wrgs:3,139,405  wck:343.7  ngds:35,865
    run1,525  dpts:181..470  robin:PickOnDom-First  effs:239,609,789  asgs:(23180,noefs=4513,fails=5120)  fails:1,189,424  wrgs:3,158,184  wck:345.7  ngds:35,872
    run1,526  dpts:4..83  robin:WdegOnDom-Last  effs:240,021,108  asgs:(11360,noefs=0,fails=5376)  fails:1,194,800  wrgs:3,164,605  wck:346.4  ngds:35,890
    run1,527  dpts:16..277  robin:FrbaOnDom-Rand  effs:240,657,725  asgs:(16895,noefs=3705,fails=5645)  fails:1,200,445  wrgs:3,175,882  wck:347.4  ngds:35,979
    run1,528  dpts:671..811  robin:Wdeg-First  effs:242,424,255  asgs:(25422,noefs=8181,fails=5927)  fails:1,206,372  wrgs:3,196,987  wck:350.0  ngds:35,984
    run1,529  dpts:1..103  robin:PickOnDom-Last  effs:242,864,615  asgs:(12967,noefs=0,fails=6224)  fails:1,212,596  wrgs:3,203,864  wck:350.6  ngds:36,026
 ...resetting heuristics data (nValues:6,920 - nSingletons:560 - nEntailed:517)
    run1,530  dpts:9..143  robin:WdegOnDom-Rand  effs:244,162,497  asgs:(19082,noefs=4059,fails=6535)  fails:1,219,131  wrgs:3,216,789  wck:352.4  ngds:36,040
 ...resetting restart cutoff to 90
    run1,531  dpts:473..630  robin:FrbaOnDom-First  effs:244,244,383  asgs:(1566,noefs=850,fails=90)  fails:1,219,221  wrgs:3,217,802  wck:352.6  ngds:36,043
    run1,532  dpts:18..61  robin:Wdeg-Last  effs:244,250,603  asgs:(229,noefs=0,fails=94)  fails:1,219,315  wrgs:3,217,910  wck:352.6  ngds:36,051
    run1,533  dpts:13..218  robin:PickOnDom-Rand  effs:244,253,785  asgs:(317,noefs=77,fails=99)  fails:1,219,414  wrgs:3,218,009  wck:352.6  ngds:36,150
    run1,534  dpts:294..351  robin:WdegOnDom-First  effs:244,349,953  asgs:(1170,noefs=807,fails=104)  fails:1,219,518  wrgs:3,218,788  wck:352.8  ngds:36,153
    run1,535  dpts:1..65  robin:FrbaOnDom-Last  effs:244,361,180  asgs:(239,noefs=0,fails=109)  fails:1,219,627  wrgs:3,218,907  wck:352.8  ngds:36,174
    run1,536  dpts:3..94  robin:Wdeg-Rand  effs:244,377,205  asgs:(356,noefs=61,fails=114)  fails:1,219,741  wrgs:3,219,107  wck:352.8  ngds:36,203
    run1,537  dpts:554..654  robin:PickOnDom-First  effs:244,449,640  asgs:(1702,noefs=794,fails=120)  fails:1,219,861  wrgs:3,220,155  wck:352.9  ngds:36,207
    run1,538  dpts:1..70  robin:WdegOnDom-Last  effs:244,455,773  asgs:(277,noefs=0,fails=126)  fails:1,219,987  wrgs:3,220,301  wck:353.0  ngds:36,266
    run1,539  dpts:2..79  robin:FrbaOnDom-Rand  effs:244,463,915  asgs:(374,noefs=65,fails=132)  fails:1,220,119  wrgs:3,220,509  wck:353.0  ngds:36,302
    run1,540  dpts:402..449  robin:Wdeg-First  effs:244,479,444  asgs:(904,noefs=428,fails=139)  fails:1,220,258  wrgs:3,220,912  wck:353.0  ngds:36,303
    run1,541  dpts:15..105  robin:PickOnDom-Last  effs:244,490,348  asgs:(323,noefs=0,fails=146)  fails:1,220,404  wrgs:3,221,065  wck:353.0  ngds:36,338
    run1,542  dpts:1..64  robin:WdegOnDom-Rand  effs:244,512,605  asgs:(464,noefs=109,fails=153)  fails:1,220,557  wrgs:3,221,355  wck:353.1  ngds:36,359
    run1,543  dpts:883..1115  robin:FrbaOnDom-First  effs:244,625,640  asgs:(1962,noefs=1172,fails=161)  fails:1,220,718  wrgs:3,222,326  wck:353.3  ngds:36,361
    run1,544  dpts:10..40  robin:Wdeg-Last  effs:244,636,238  asgs:(394,noefs=0,fails=169)  fails:1,220,887  wrgs:3,222,541  wck:353.3  ngds:36,375
    run1,545  dpts:7..200  robin:PickOnDom-Rand  effs:244,654,693  asgs:(562,noefs=128,fails=178)  fails:1,221,065  wrgs:3,222,858  wck:353.3  ngds:36,431
    run1,546  dpts:307..362  robin:WdegOnDom-First  effs:244,827,443  asgs:(1726,noefs=1057,fails=187)  fails:1,221,252  wrgs:3,224,086  wck:353.5  ngds:36,435
    run1,547  dpts:2..98  robin:FrbaOnDom-Last  effs:244,839,275  asgs:(411,noefs=0,fails=196)  fails:1,221,448  wrgs:3,224,293  wck:353.6  ngds:36,470
    run1,548  dpts:15..78  robin:Wdeg-Rand  effs:244,858,735  asgs:(626,noefs=103,fails=206)  fails:1,221,654  wrgs:3,224,693  wck:353.6  ngds:36,483
    run1,549  dpts:452..700  robin:PickOnDom-First  effs:244,989,694  asgs:(2827,noefs=1456,fails=216)  fails:1,221,870  wrgs:3,226,857  wck:353.8  ngds:36,487
    run1,550  dpts:1..54  robin:WdegOnDom-Last  effs:245,007,277  asgs:(494,noefs=0,fails=227)  fails:1,222,097  wrgs:3,227,112  wck:353.9  ngds:36,500
    run1,551  dpts:8..132  robin:FrbaOnDom-Rand  effs:245,059,255  asgs:(737,noefs=208,fails=238)  fails:1,222,335  wrgs:3,227,585  wck:353.9  ngds:36,520
    run1,552  dpts:301..687  robin:Wdeg-First  effs:245,163,660  asgs:(2015,noefs=1121,fails=250)  fails:1,222,585  wrgs:3,228,807  wck:354.1  ngds:36,527
    run1,553  dpts:1..157  robin:PickOnDom-Last  effs:245,184,013  asgs:(554,noefs=0,fails=263)  fails:1,222,848  wrgs:3,229,081  wck:354.1  ngds:36,630
    run1,554  dpts:6..84  robin:WdegOnDom-Rand  effs:245,216,101  asgs:(820,noefs=175,fails=276)  fails:1,223,124  wrgs:3,229,602  wck:354.2  ngds:36,658
    run1,555  dpts:676..914  robin:FrbaOnDom-First  effs:245,467,855  asgs:(2837,noefs=1621,fails=290)  fails:1,223,414  wrgs:3,231,464  wck:354.6  ngds:36,663
    run1,556  dpts:7..56  robin:Wdeg-Last  effs:245,478,186  asgs:(669,noefs=0,fails=304)  fails:1,223,718  wrgs:3,231,827  wck:354.6  ngds:36,678
    run1,557  dpts:3..144  robin:PickOnDom-Rand  effs:245,509,724  asgs:(967,noefs=185,fails=320)  fails:1,224,038  wrgs:3,232,452  wck:354.7  ngds:36,724
    run1,558  dpts:147..409  robin:WdegOnDom-First  effs:245,755,920  asgs:(2369,noefs=1443,fails=336)  fails:1,224,374  wrgs:3,234,223  wck:355.0  ngds:36,729
    run1,559  dpts:2..72  robin:FrbaOnDom-Last  effs:245,772,572  asgs:(741,noefs=0,fails=352)  fails:1,224,726  wrgs:3,234,625  wck:355.1  ngds:36,743
 ...resetting heuristics data (nValues:6,920 - nSingletons:560 - nEntailed:517)
    run1,560  dpts:3..155  robin:Wdeg-Rand  effs:245,832,113  asgs:(1139,noefs=270,fails=370)  fails:1,225,096  wrgs:3,235,333  wck:355.2  ngds:36,774
    run1,561  dpts:420..508  robin:PickOnDom-First  effs:245,906,281  asgs:(2479,noefs=903,fails=388)  fails:1,225,484  wrgs:3,237,086  wck:355.3  ngds:36,779
    run1,562  dpts:19..64  robin:WdegOnDom-Last  effs:245,967,168  asgs:(901,noefs=0,fails=408)  fails:1,225,892  wrgs:3,237,565  wck:355.4  ngds:36,791
    run1,563  dpts:14..138  robin:FrbaOnDom-Rand  effs:246,019,069  asgs:(1313,noefs=271,fails=428)  fails:1,226,320  wrgs:3,238,434  wck:355.4  ngds:36,814
    run1,564  dpts:352..495  robin:Wdeg-First  effs:246,193,669  asgs:(3429,noefs=1611,fails=450)  fails:1,226,770  wrgs:3,241,176  wck:355.7  ngds:36,817
    run1,565  dpts:2..108  robin:PickOnDom-Last  effs:246,232,865  asgs:(1004,noefs=0,fails=472)  fails:1,227,242  wrgs:3,241,693  wck:355.8  ngds:36,861
    run1,566  dpts:8..100  robin:WdegOnDom-Rand  effs:246,308,574  asgs:(1433,noefs=262,fails=496)  fails:1,227,738  wrgs:3,242,637  wck:355.9  ngds:36,882
    run1,567  dpts:819..1062  robin:FrbaOnDom-First  effs:246,674,900  asgs:(4120,noefs=1961,fails=521)  fails:1,228,259  wrgs:3,245,567  wck:356.5  ngds:36,888
    run1,568  dpts:4..89  robin:Wdeg-Last  effs:246,702,429  asgs:(1195,noefs=0,fails=547)  fails:1,228,806  wrgs:3,246,233  wck:356.5  ngds:36,941
    run1,569  dpts:2..124  robin:PickOnDom-Rand  effs:246,746,674  asgs:(1708,noefs=278,fails=574)  fails:1,229,380  wrgs:3,247,334  wck:356.6  ngds:36,962
    run1,570  dpts:205..472  robin:WdegOnDom-First  effs:246,801,407  asgs:(2732,noefs=1049,fails=603)  fails:1,229,983  wrgs:3,249,173  wck:356.7  ngds:36,970
    run1,571  dpts:4..111  robin:FrbaOnDom-Last  effs:246,876,615  asgs:(1314,noefs=0,fails=633)  fails:1,230,616  wrgs:3,249,869  wck:356.9  ngds:36,993
    run1,572  dpts:7..111  robin:Wdeg-Rand  effs:246,938,242  asgs:(1957,noefs=390,fails=665)  fails:1,231,281  wrgs:3,251,189  wck:357.0  ngds:37,009
    run1,573  dpts:269..792  robin:PickOnDom-First  effs:247,228,774  asgs:(6078,noefs=2545,fails=698)  fails:1,231,979  wrgs:3,256,122  wck:357.4  ngds:37,015
    run1,574  dpts:2..117  robin:WdegOnDom-Last  effs:247,299,118  asgs:(1517,noefs=0,fails=733)  fails:1,232,712  wrgs:3,256,893  wck:357.5  ngds:37,054
    run1,575  dpts:6..226  robin:FrbaOnDom-Rand  effs:247,434,124  asgs:(2228,noefs=498,fails=770)  fails:1,233,482  wrgs:3,258,423  wck:357.8  ngds:37,072
    run1,576  dpts:571..659  robin:Wdeg-First  effs:247,616,239  asgs:(4473,noefs=1860,fails=808)  fails:1,234,290  wrgs:3,261,709  wck:358.1  ngds:37,076
    run1,577  dpts:1..167  robin:PickOnDom-Last  effs:247,675,792  asgs:(1817,noefs=0,fails=849)  fails:1,235,139  wrgs:3,262,694  wck:358.2  ngds:37,206
    run1,578  dpts:4..155  robin:WdegOnDom-Rand  effs:247,808,203  asgs:(2704,noefs=643,fails=891)  fails:1,236,030  wrgs:3,264,529  wck:358.4  ngds:37,227
    run1,579  dpts:678..966  robin:FrbaOnDom-First  effs:248,386,314  asgs:(6062,noefs=2512,fails=936)  fails:1,236,966  wrgs:3,269,183  wck:359.3  ngds:37,229
    run1,580  dpts:14..44  robin:Wdeg-Last  effs:248,435,045  asgs:(2260,noefs=0,fails=982)  fails:1,237,948  wrgs:3,270,582  wck:359.4  ngds:37,237
    run1,581  dpts:9..162  robin:PickOnDom-Rand  effs:248,584,846  asgs:(3056,noefs=476,fails=1032)  fails:1,238,980  wrgs:3,272,595  wck:359.6  ngds:37,277
    run1,582  dpts:543..688  robin:WdegOnDom-First  effs:249,008,455  asgs:(4836,noefs=1977,fails=1083)  fails:1,240,063  wrgs:3,276,213  wck:360.2  ngds:37,281
    run1,583  dpts:2..126  robin:FrbaOnDom-Last  effs:249,084,214  asgs:(2368,noefs=0,fails=1137)  fails:1,241,200  wrgs:3,277,464  wck:360.4  ngds:37,393
    run1,584  dpts:15..59  robin:Wdeg-Rand  effs:249,184,068  asgs:(3440,noefs=623,fails=1194)  fails:1,242,394  wrgs:3,279,849  wck:360.5  ngds:37,402
    run1,585  dpts:381..600  robin:PickOnDom-First  effs:249,553,518  asgs:(7205,noefs=2728,fails=1254)  fails:1,243,648  wrgs:3,285,757  wck:361.1  ngds:37,406
    run1,586  dpts:5..68  robin:WdegOnDom-Last  effs:249,630,629  asgs:(2783,noefs=0,fails=1317)  fails:1,244,965  wrgs:3,287,331  wck:361.3  ngds:37,434
    run1,587  dpts:10..130  robin:FrbaOnDom-Rand  effs:249,828,646  asgs:(4171,noefs=884,fails=1383)  fails:1,246,348  wrgs:3,290,140  wck:361.6  ngds:37,464
    run1,588  dpts:652..776  robin:Wdeg-First  effs:250,261,691  asgs:(8179,noefs=3283,fails=1452)  fails:1,247,800  wrgs:3,296,665  wck:362.2  ngds:37,469
    run1,589  dpts:2..90  robin:PickOnDom-Last  effs:250,371,343  asgs:(3184,noefs=0,fails=1524)  fails:1,249,324  wrgs:3,298,340  wck:362.3  ngds:37,503
 ...resetting heuristics data (nValues:6,920 - nSingletons:560 - nEntailed:517)
    run1,590  dpts:7..143  robin:WdegOnDom-Rand  effs:250,640,072  asgs:(4719,noefs=947,fails=1601)  fails:1,250,925  wrgs:3,301,524  wck:362.7  ngds:37,531
    run1,591  dpts:585..883  robin:FrbaOnDom-First  effs:251,682,929  asgs:(10845,noefs=4405,fails=1681)  fails:1,252,606  wrgs:3,310,489  wck:364.1  ngds:37,536
    run1,592  dpts:19..104  robin:Wdeg-Last  effs:251,849,829  asgs:(3752,noefs=0,fails=1765)  fails:1,254,371  wrgs:3,312,495  wck:364.4  ngds:37,580
    run1,593  dpts:18..270  robin:PickOnDom-Rand  effs:252,100,019  asgs:(5680,noefs=1179,fails=1853)  fails:1,256,224  wrgs:3,316,312  wck:364.8  ngds:37,636
    run1,594  dpts:175..368  robin:WdegOnDom-First  effs:252,684,536  asgs:(11425,noefs=6395,fails=1946)  fails:1,258,170  wrgs:3,325,871  wck:365.7  ngds:37,645
    run1,595  dpts:2..242  robin:FrbaOnDom-Last  effs:252,782,429  asgs:(4141,noefs=0,fails=2043)  fails:1,260,213  wrgs:3,327,984  wck:365.9  ngds:37,770
    run1,596  dpts:5..83  robin:Wdeg-Rand  effs:252,892,775  asgs:(5994,noefs=743,fails=2145)  fails:1,262,358  wrgs:3,332,232  wck:366.1  ngds:37,791
    run1,597  dpts:212..483  robin:PickOnDom-First  effs:253,803,851  asgs:(18202,noefs=7172,fails=2252)  fails:1,264,610  wrgs:3,348,558  wck:367.6  ngds:37,794
    run1,598  dpts:4..77  robin:WdegOnDom-Last  effs:253,942,352  asgs:(4909,noefs=0,fails=2365)  fails:1,266,975  wrgs:3,351,146  wck:367.8  ngds:37,813
    run1,599  dpts:10..249  robin:FrbaOnDom-Rand  effs:254,176,249  asgs:(7351,noefs=1422,fails=2483)  fails:1,269,458  wrgs:3,356,056  wck:368.2  ngds:37,872
    run1,600  dpts:417..486  robin:Wdeg-First  effs:254,657,475  asgs:(10992,noefs=3845,fails=2607)  fails:1,272,065  wrgs:3,365,061  wck:369.0  ngds:37,878
    run1,601  dpts:3..178  robin:PickOnDom-Last  effs:254,780,290  asgs:(5781,noefs=0,fails=2738)  fails:1,274,803  wrgs:3,368,252  wck:369.2  ngds:38,011
    run1,602  dpts:8..95  robin:WdegOnDom-Rand  effs:255,104,655  asgs:(8205,noefs=2183,fails=2875)  fails:1,277,678  wrgs:3,374,085  wck:369.8  ngds:38,025
    run1,603  dpts:705..1028  robin:FrbaOnDom-First  effs:256,938,937  asgs:(18475,noefs=6248,fails=3019)  fails:1,280,697  wrgs:3,389,245  wck:372.4  ngds:38,031
    run1,604  dpts:5..83  robin:Wdeg-Last  effs:257,083,432  asgs:(6841,noefs=0,fails=3170)  fails:1,283,867  wrgs:3,393,283  wck:372.7  ngds:38,067
    run1,605  dpts:9..215  robin:PickOnDom-Rand  effs:257,373,128  asgs:(9764,noefs=1666,fails=3328)  fails:1,287,195  wrgs:3,399,798  wck:373.1  ngds:38,130
    run1,606  dpts:420..665  robin:WdegOnDom-First  effs:258,665,026  asgs:(17936,noefs=8261,fails=3494)  fails:1,290,689  wrgs:3,414,973  wck:374.9  ngds:38,138
    run1,607  dpts:2..170  robin:FrbaOnDom-Last  effs:258,884,838  asgs:(7601,noefs=0,fails=3669)  fails:1,294,358  wrgs:3,419,025  wck:375.3  ngds:38,183
    run1,608  dpts:13..139  robin:Wdeg-Rand  effs:259,211,599  asgs:(11067,noefs=1907,fails=3853)  fails:1,298,211  wrgs:3,426,703  wck:375.9  ngds:38,205
    run1,609  dpts:183..570  robin:PickOnDom-First  effs:260,955,891  asgs:(35533,noefs=13337,fails=4045)  fails:1,302,256  wrgs:3,459,134  wck:378.4  ngds:38,211
    run1,610  dpts:3..91  robin:WdegOnDom-Last  effs:261,121,284  asgs:(9002,noefs=0,fails=4248)  fails:1,306,504  wrgs:3,464,348  wck:378.8  ngds:38,251
    run1,611  dpts:2..249  robin:FrbaOnDom-Rand  effs:261,713,989  asgs:(13146,noefs=3033,fails=4460)  fails:1,310,964  wrgs:3,473,191  wck:379.8  ngds:38,314
    run1,612  dpts:417..618  robin:Wdeg-First  effs:263,707,485  asgs:(25394,noefs=9431,fails=4683)  fails:1,315,647  wrgs:3,495,525  wck:382.3  ngds:38,319
    run1,613  dpts:2..156  robin:PickOnDom-Last  effs:263,971,230  asgs:(10862,noefs=0,fails=4917)  fails:1,320,564  wrgs:3,501,781  wck:382.7  ngds:38,407
    run1,614  dpts:3..192  robin:WdegOnDom-Rand  effs:264,788,844  asgs:(15005,noefs=3149,fails=5163)  fails:1,325,727  wrgs:3,512,205  wck:383.8  ngds:38,439
    run1,615  dpts:666..1014  robin:FrbaOnDom-First  effs:267,616,727  asgs:(29502,noefs=8525,fails=5421)  fails:1,331,148  wrgs:3,536,412  wck:387.9  ngds:38,446
    run1,616  dpts:4..105  robin:Wdeg-Last  effs:267,915,582  asgs:(12024,noefs=0,fails=5692)  fails:1,336,840  wrgs:3,543,072  wck:388.4  ngds:38,483
    run1,617  dpts:2..161  robin:PickOnDom-Rand  effs:268,535,522  asgs:(17607,noefs=2013,fails=5977)  fails:1,342,817  wrgs:3,554,999  wck:389.2  ngds:38,537
    run1,618  dpts:449..562  robin:WdegOnDom-First  effs:272,206,167  asgs:(26431,noefs=9459,fails=6276)  fails:1,349,093  wrgs:3,577,122  wck:394.0  ngds:38,543
    run1,619  dpts:3..196  robin:FrbaOnDom-Last  effs:272,525,015  asgs:(13490,noefs=0,fails=6590)  fails:1,355,683  wrgs:3,584,132  wck:394.5  ngds:38,626
 ...resetting heuristics data (nValues:6,920 - nSingletons:560 - nEntailed:517)
    run1,620  dpts:8..233  robin:Wdeg-Rand  effs:273,759,350  asgs:(20599,noefs=4666,fails=6919)  fails:1,362,602  wrgs:3,598,119  wck:396.1  ngds:38,648
 ...resetting restart cutoff to 95
    run1,621  dpts:418..475  robin:PickOnDom-First  effs:273,772,080  asgs:(860,noefs=440,fails=95)  fails:1,362,697  wrgs:3,598,481  wck:396.2  ngds:38,651
    run1,622  dpts:19..51  robin:WdegOnDom-Last  effs:273,780,469  asgs:(234,noefs=0,fails=99)  fails:1,362,796  wrgs:3,598,593  wck:396.2  ngds:38,670
    run1,623  dpts:1..176  robin:FrbaOnDom-Rand  effs:273,792,104  asgs:(332,noefs=78,fails=104)  fails:1,362,900  wrgs:3,598,735  wck:396.2  ngds:38,738
    run1,624  dpts:501..659  robin:Wdeg-First  effs:273,827,073  asgs:(1216,noefs=727,fails=109)  fails:1,363,009  wrgs:3,599,275  wck:396.3  ngds:38,741
    run1,625  dpts:11..116  robin:PickOnDom-Last  effs:273,832,725  asgs:(254,noefs=0,fails=115)  fails:1,363,124  wrgs:3,599,393  wck:396.3  ngds:38,834
    run1,626  dpts:4..81  robin:WdegOnDom-Rand  effs:273,845,937  asgs:(387,noefs=79,fails=121)  fails:1,363,245  wrgs:3,599,615  wck:396.3  ngds:38,854
    run1,627  dpts:993..1196  robin:FrbaOnDom-First  effs:273,940,780  asgs:(1646,noefs=1034,fails=127)  fails:1,363,372  wrgs:3,600,216  wck:396.5  ngds:38,858
    run1,628  dpts:1..46  robin:Wdeg-Last  effs:273,947,306  asgs:(312,noefs=0,fails=133)  fails:1,363,505  wrgs:3,600,397  wck:396.5  ngds:38,872
    run1,629  dpts:16..54  robin:PickOnDom-Rand  effs:273,957,933  asgs:(426,noefs=74,fails=140)  fails:1,363,645  wrgs:3,600,660  wck:396.6  ngds:38,876
    run1,630  dpts:354..398  robin:WdegOnDom-First  effs:274,014,771  asgs:(1178,noefs=718,fails=147)  fails:1,363,792  wrgs:3,601,369  wck:396.7  ngds:38,880
    run1,631  dpts:1..82  robin:FrbaOnDom-Last  effs:274,023,360  asgs:(329,noefs=0,fails=154)  fails:1,363,946  wrgs:3,601,538  wck:396.7  ngds:38,947
    run1,632  dpts:2..80  robin:Wdeg-Rand  effs:274,034,809  asgs:(498,noefs=80,fails=162)  fails:1,364,108  wrgs:3,601,843  wck:396.7  ngds:38,973
    run1,633  dpts:468..601  robin:PickOnDom-First  effs:274,133,626  asgs:(1856,noefs=669,fails=170)  fails:1,364,278  wrgs:3,603,077  wck:396.9  ngds:38,977
    run1,634  dpts:5..91  robin:WdegOnDom-Last  effs:274,150,662  asgs:(387,noefs=0,fails=179)  fails:1,364,457  wrgs:3,603,274  wck:396.9  ngds:39,012
    run1,635  dpts:9..186  robin:FrbaOnDom-Rand  effs:274,163,582  asgs:(577,noefs=133,fails=188)  fails:1,364,645  wrgs:3,603,613  wck:396.9  ngds:39,041
    run1,636  dpts:692..744  robin:Wdeg-First  effs:274,239,420  asgs:(1865,noefs=995,fails=197)  fails:1,364,842  wrgs:3,604,612  wck:397.0  ngds:39,046
    run1,637  dpts:1..65  robin:PickOnDom-Last  effs:274,252,816  asgs:(452,noefs=0,fails=207)  fails:1,365,049  wrgs:3,604,848  wck:397.1  ngds:39,085
    run1,638  dpts:8..81  robin:WdegOnDom-Rand  effs:274,270,899  asgs:(665,noefs=157,fails=217)  fails:1,365,266  wrgs:3,605,281  wck:397.1  ngds:39,101
    run1,639  dpts:1061..1234  robin:FrbaOnDom-First  effs:274,350,384  asgs:(2045,noefs=1129,fails=228)  fails:1,365,494  wrgs:3,606,102  wck:397.3  ngds:39,106
    run1,640  dpts:7..31  robin:Wdeg-Last  effs:274,368,704  asgs:(563,noefs=0,fails=240)  fails:1,365,734  wrgs:3,606,492  wck:397.3  ngds:39,119
    run1,641  dpts:6..150  robin:PickOnDom-Rand  effs:274,393,746  asgs:(800,noefs=151,fails=252)  fails:1,365,986  wrgs:3,606,969  wck:397.4  ngds:39,162
    run1,642  dpts:250..496  robin:WdegOnDom-First  effs:274,601,620  asgs:(1393,noefs=693,fails=264)  fails:1,366,250  wrgs:3,607,785  wck:397.6  ngds:39,165
    run1,643  dpts:2..56  robin:FrbaOnDom-Last  effs:274,624,328  asgs:(586,noefs=0,fails=277)  fails:1,366,527  wrgs:3,608,097  wck:397.7  ngds:39,194
    run1,644  dpts:2..149  robin:Wdeg-Rand  effs:274,640,702  asgs:(865,noefs=121,fails=291)  fails:1,366,818  wrgs:3,608,647  wck:397.7  ngds:39,242
    run1,645  dpts:533..739  robin:PickOnDom-First  effs:274,771,637  asgs:(3337,noefs=1556,fails=306)  fails:1,367,124  wrgs:3,611,152  wck:397.9  ngds:39,250
    run1,646  dpts:4..57  robin:WdegOnDom-Last  effs:274,794,604  asgs:(677,noefs=0,fails=321)  fails:1,367,445  wrgs:3,611,558  wck:398.0  ngds:39,264
    run1,647  dpts:2..192  robin:FrbaOnDom-Rand  effs:274,840,507  asgs:(989,noefs=223,fails=337)  fails:1,367,782  wrgs:3,612,187  wck:398.1  ngds:39,336
    run1,648  dpts:582..660  robin:Wdeg-First  effs:274,917,743  asgs:(2114,noefs=948,fails=354)  fails:1,368,136  wrgs:3,613,523  wck:398.2  ngds:39,338
    run1,649  dpts:7..68  robin:PickOnDom-Last  effs:274,953,237  asgs:(790,noefs=0,fails=372)  fails:1,368,508  wrgs:3,613,927  wck:398.3  ngds:39,376
 ...resetting heuristics data (nValues:6,920 - nSingletons:560 - nEntailed:517)
    run1,650  dpts:5..122  robin:WdegOnDom-Rand  effs:274,993,152  asgs:(1217,noefs=260,fails=391)  fails:1,368,899  wrgs:3,614,701  wck:398.4  ngds:39,391
    run1,651  dpts:633..858  robin:FrbaOnDom-First  effs:275,150,513  asgs:(2878,noefs=1191,fails=410)  fails:1,369,309  wrgs:3,616,632  wck:398.7  ngds:39,392
    run1,652  dpts:19..73  robin:Wdeg-Last  effs:275,197,260  asgs:(933,noefs=0,fails=431)  fails:1,369,740  wrgs:3,617,119  wck:398.7  ngds:39,426
    run1,653  dpts:11..101  robin:PickOnDom-Rand  effs:275,255,191  asgs:(1354,noefs=251,fails=452)  fails:1,370,192  wrgs:3,617,995  wck:398.8  ngds:39,461
    run1,654  dpts:268..398  robin:WdegOnDom-First  effs:275,333,587  asgs:(2591,noefs=1336,fails=475)  fails:1,370,667  wrgs:3,619,923  wck:399.0  ngds:39,465
    run1,655  dpts:1..96  robin:FrbaOnDom-Last  effs:275,365,458  asgs:(1043,noefs=0,fails=499)  fails:1,371,166  wrgs:3,620,469  wck:399.0  ngds:39,526
    run1,656  dpts:2..147  robin:Wdeg-Rand  effs:275,459,121  asgs:(1531,noefs=267,fails=524)  fails:1,371,690  wrgs:3,621,450  wck:399.2  ngds:39,577
    run1,657  dpts:262..548  robin:PickOnDom-First  effs:275,692,518  asgs:(4964,noefs=2409,fails=550)  fails:1,372,240  wrgs:3,625,627  wck:399.5  ngds:39,582
    run1,658  dpts:5..84  robin:WdegOnDom-Last  effs:275,736,963  asgs:(1191,noefs=0,fails=577)  fails:1,372,817  wrgs:3,626,234  wck:399.6  ngds:39,652
    run1,659  dpts:7..284  robin:FrbaOnDom-Rand  effs:275,790,349  asgs:(1782,noefs=427,fails=606)  fails:1,373,423  wrgs:3,627,291  wck:399.7  ngds:39,751
    run1,660  dpts:471..529  robin:Wdeg-First  effs:275,949,306  asgs:(4044,noefs=2094,fails=636)  fails:1,374,059  wrgs:3,630,367  wck:400.0  ngds:39,755
    run1,661  dpts:1..107  robin:PickOnDom-Last  effs:275,987,216  asgs:(1416,noefs=0,fails=668)  fails:1,374,727  wrgs:3,631,132  wck:400.0  ngds:39,793
    run1,662  dpts:17..87  robin:WdegOnDom-Rand  effs:276,023,632  asgs:(1913,noefs=466,fails=702)  fails:1,375,429  wrgs:3,632,476  wck:400.1  ngds:39,808
    run1,663  dpts:927..1157  robin:FrbaOnDom-First  effs:276,502,915  asgs:(5529,noefs=2684,fails=737)  fails:1,376,166  wrgs:3,636,414  wck:400.8  ngds:39,816
    run1,664  dpts:2..50  robin:Wdeg-Last  effs:276,539,384  asgs:(1841,noefs=0,fails=774)  fails:1,376,940  wrgs:3,637,590  wck:400.9  ngds:39,839
    run1,665  dpts:2..155  robin:PickOnDom-Rand  effs:276,646,999  asgs:(2413,noefs=357,fails=812)  fails:1,377,752  wrgs:3,639,165  wck:401.0  ngds:39,873
    run1,666  dpts:210..333  robin:WdegOnDom-First  effs:276,861,506  asgs:(5195,noefs=2591,fails=853)  fails:1,378,605  wrgs:3,643,551  wck:401.5  ngds:39,879
    run1,667  dpts:2..88  robin:FrbaOnDom-Last  effs:276,912,606  asgs:(1862,noefs=0,fails=896)  fails:1,379,501  wrgs:3,644,545  wck:401.6  ngds:39,910
    run1,668  dpts:7..71  robin:Wdeg-Rand  effs:276,970,919  asgs:(2654,noefs=397,fails=941)  fails:1,380,442  wrgs:3,646,398  wck:401.7  ngds:39,920
    run1,669  dpts:390..755  robin:PickOnDom-First  effs:277,466,696  asgs:(8040,noefs=3348,fails=988)  fails:1,381,430  wrgs:3,653,307  wck:402.4  ngds:39,926
    run1,670  dpts:2..78  robin:WdegOnDom-Last  effs:277,545,161  asgs:(2174,noefs=0,fails=1037)  fails:1,382,467  wrgs:3,654,480  wck:402.5  ngds:39,954
    run1,671  dpts:12..109  robin:FrbaOnDom-Rand  effs:277,680,476  asgs:(3262,noefs=648,fails=1089)  fails:1,383,556  wrgs:3,656,659  wck:402.7  ngds:39,982
    run1,672  dpts:580..650  robin:Wdeg-First  effs:278,001,476  asgs:(6409,noefs=2654,fails=1143)  fails:1,384,699  wrgs:3,661,656  wck:403.2  ngds:39,987
    run1,673  dpts:1..96  robin:PickOnDom-Last  effs:278,059,936  asgs:(2523,noefs=0,fails=1201)  fails:1,385,900  wrgs:3,663,012  wck:403.3  ngds:40,019
    run1,674  dpts:5..121  robin:WdegOnDom-Rand  effs:278,192,847  asgs:(3636,noefs=962,fails=1261)  fails:1,387,161  wrgs:3,665,464  wck:403.5  ngds:40,040
    run1,675  dpts:792..1013  robin:FrbaOnDom-First  effs:279,001,770  asgs:(9533,noefs=4051,fails=1324)  fails:1,388,485  wrgs:3,673,068  wck:404.8  ngds:40,046
    run1,676  dpts:4..75  robin:Wdeg-Last  effs:279,092,046  asgs:(3053,noefs=0,fails=1390)  fails:1,389,875  wrgs:3,674,841  wck:404.9  ngds:40,063
    run1,677  dpts:2..151  robin:PickOnDom-Rand  effs:279,227,562  asgs:(4225,noefs=777,fails=1459)  fails:1,391,334  wrgs:3,677,663  wck:405.2  ngds:40,104
    run1,678  dpts:438..598  robin:WdegOnDom-First  effs:279,678,738  asgs:(7160,noefs=3089,fails=1532)  fails:1,392,866  wrgs:3,683,518  wck:405.9  ngds:40,110
    run1,679  dpts:2..126  robin:FrbaOnDom-Last  effs:279,792,914  asgs:(3307,noefs=0,fails=1609)  fails:1,394,475  wrgs:3,685,240  wck:406.0  ngds:40,152
 ...resetting heuristics data (nValues:6,920 - nSingletons:560 - nEntailed:517)
    run1,680  dpts:8..166  robin:Wdeg-Rand  effs:280,043,675  asgs:(5086,noefs=1057,fails=1690)  fails:1,396,165  wrgs:3,688,619  wck:406.4  ngds:40,187
    run1,681  dpts:354..464  robin:PickOnDom-First  effs:280,499,134  asgs:(9084,noefs=2779,fails=1774)  fails:1,397,939  wrgs:3,695,957  wck:407.0  ngds:40,192
    run1,682  dpts:18..69  robin:WdegOnDom-Last  effs:280,748,182  asgs:(4016,noefs=0,fails=1863)  fails:1,399,802  wrgs:3,698,188  wck:407.4  ngds:40,217
    run1,683  dpts:4..300  robin:FrbaOnDom-Rand  effs:280,975,018  asgs:(5892,noefs=1387,fails=1956)  fails:1,401,758  wrgs:3,702,063  wck:407.8  ngds:40,291
    run1,684  dpts:365..663  robin:Wdeg-First  effs:281,565,545  asgs:(12274,noefs=5183,fails=2054)  fails:1,403,812  wrgs:3,712,462  wck:408.6  ngds:40,298
    run1,685  dpts:1..110  robin:PickOnDom-Last  effs:281,717,126  asgs:(4611,noefs=0,fails=2156)  fails:1,405,968  wrgs:3,714,977  wck:408.9  ngds:40,342
    run1,686  dpts:2..132  robin:WdegOnDom-Rand  effs:282,032,503  asgs:(6645,noefs=1334,fails=2264)  fails:1,408,232  wrgs:3,719,518  wck:409.4  ngds:40,361
    run1,687  dpts:846..1233  robin:FrbaOnDom-First  effs:283,971,427  asgs:(13267,noefs=5192,fails=2378)  fails:1,410,610  wrgs:3,730,072  wck:411.9  ngds:40,368
    run1,688  dpts:2..94  robin:Wdeg-Last  effs:284,201,709  asgs:(5393,noefs=0,fails=2496)  fails:1,413,106  wrgs:3,733,116  wck:412.2  ngds:40,436
    run1,689  dpts:12..167  robin:PickOnDom-Rand  effs:284,568,416  asgs:(7821,noefs=1048,fails=2621)  fails:1,415,727  wrgs:3,738,422  wck:412.7  ngds:40,464
    run1,690  dpts:239..467  robin:WdegOnDom-First  effs:285,492,442  asgs:(14343,noefs=6873,fails=2752)  fails:1,418,479  wrgs:3,750,712  wck:414.2  ngds:40,471
    run1,691  dpts:2..148  robin:FrbaOnDom-Last  effs:285,764,072  asgs:(5899,noefs=0,fails=2890)  fails:1,421,369  wrgs:3,753,776  wck:414.7  ngds:40,563
    run1,692  dpts:3..174  robin:Wdeg-Rand  effs:286,149,107  asgs:(8549,noefs=1667,fails=3035)  fails:1,424,404  wrgs:3,759,772  wck:415.2  ngds:40,592
    run1,693  dpts:364..764  robin:PickOnDom-First  effs:287,403,602  asgs:(20301,noefs=6721,fails=3186)  fails:1,427,590  wrgs:3,777,249  wck:417.2  ngds:40,598
    run1,694  dpts:3..79  robin:WdegOnDom-Last  effs:287,762,129  asgs:(7142,noefs=0,fails=3346)  fails:1,430,936  wrgs:3,781,413  wck:417.7  ngds:40,611
    run1,695  dpts:1..183  robin:FrbaOnDom-Rand  effs:288,277,778  asgs:(10361,noefs=2251,fails=3513)  fails:1,434,449  wrgs:3,788,470  wck:418.6  ngds:40,633
    run1,696  dpts:161..1074  robin:Wdeg-First  effs:289,746,505  asgs:(22660,noefs=9798,fails=3689)  fails:1,438,138  wrgs:3,808,236  wck:420.7  ngds:40,637
    run1,697  dpts:12..94  robin:PickOnDom-Last  effs:290,024,584  asgs:(8097,noefs=0,fails=3873)  fails:1,442,011  wrgs:3,812,525  wck:421.1  ngds:40,655
    run1,698  dpts:3..97  robin:WdegOnDom-Rand  effs:290,418,995  asgs:(11690,noefs=2387,fails=4067)  fails:1,446,078  wrgs:3,820,695  wck:421.8  ngds:40,678
    run1,699  dpts:629..957  robin:FrbaOnDom-First  effs:292,469,140  asgs:(23388,noefs=7825,fails=4270)  fails:1,450,348  wrgs:3,839,852  wck:424.6  ngds:40,685
    run1,700  dpts:14..121  robin:Wdeg-Last  effs:292,844,875  asgs:(9440,noefs=0,fails=4484)  fails:1,454,832  wrgs:3,845,170  wck:425.2  ngds:40,716
    run1,701  dpts:17..114  robin:PickOnDom-Rand  effs:293,301,623  asgs:(13914,noefs=1943,fails=4708)  fails:1,459,540  wrgs:3,854,674  wck:426.0  ngds:40,726
    run1,702  dpts:377..460  robin:WdegOnDom-First  effs:294,333,773  asgs:(22650,noefs=9413,fails=4943)  fails:1,464,483  wrgs:3,873,769  wck:427.7  ngds:40,733
    run1,703  dpts:3..101  robin:FrbaOnDom-Last  effs:294,635,205  asgs:(10916,noefs=0,fails=5190)  fails:1,469,673  wrgs:3,879,809  wck:428.1  ngds:40,781
    run1,704  dpts:4..125  robin:Wdeg-Rand  effs:295,098,688  asgs:(15447,noefs=2824,fails=5450)  fails:1,475,123  wrgs:3,890,736  wck:428.9  ngds:40,806
    run1,705  dpts:91..566  robin:PickOnDom-First  effs:296,696,189  asgs:(30225,noefs=7905,fails=5723)  fails:1,480,846  wrgs:3,916,428  wck:431.4  ngds:40,811
    run1,706  dpts:2..105  robin:WdegOnDom-Last  effs:297,017,763  asgs:(12503,noefs=0,fails=6009)  fails:1,486,855  wrgs:3,923,398  wck:432.0  ngds:40,846
    run1,707  dpts:9..210  robin:FrbaOnDom-Rand  effs:297,816,128  asgs:(18711,noefs=3955,fails=6309)  fails:1,493,164  wrgs:3,935,859  wck:433.3  ngds:40,911
    run1,708  dpts:689..823  robin:Wdeg-First  effs:299,343,572  asgs:(30522,noefs=11668,fails=6625)  fails:1,499,789  wrgs:3,961,513  wck:435.8  ngds:40,916
    run1,709  dpts:3..104  robin:PickOnDom-Last  effs:299,688,379  asgs:(14806,noefs=0,fails=6956)  fails:1,506,745  wrgs:3,969,789  wck:436.3  ngds:40,974
 ...resetting heuristics data (nValues:6,920 - nSingletons:560 - nEntailed:517)
    run1,710  dpts:5..160  robin:WdegOnDom-Rand  effs:301,288,082  asgs:(21474,noefs=4518,fails=7304)  fails:1,514,049  wrgs:3,984,419  wck:438.5  ngds:40,990
 ...resetting restart cutoff to 100
    run1,711  dpts:851..1000  robin:FrbaOnDom-First  effs:301,346,113  asgs:(1501,noefs=740,fails=100)  fails:1,514,149  wrgs:3,985,018  wck:438.6  ngds:40,994
    run1,712  dpts:18..58  robin:Wdeg-Last  effs:301,355,590  asgs:(245,noefs=0,fails=105)  fails:1,514,254  wrgs:3,985,135  wck:438.7  ngds:41,006
    run1,713  dpts:17..111  robin:PickOnDom-Rand  effs:301,371,209  asgs:(366,noefs=74,fails=110)  fails:1,514,364  wrgs:3,985,330  wck:438.7  ngds:41,025
    run1,714  dpts:120..314  robin:WdegOnDom-First  effs:301,472,175  asgs:(1076,noefs=712,fails=115)  fails:1,514,479  wrgs:3,986,061  wck:438.8  ngds:41,031
    run1,715  dpts:5..82  robin:FrbaOnDom-Last  effs:301,479,862  asgs:(257,noefs=0,fails=121)  fails:1,514,600  wrgs:3,986,189  wck:438.9  ngds:41,091
    run1,716  dpts:2..72  robin:Wdeg-Rand  effs:301,494,216  asgs:(397,noefs=70,fails=127)  fails:1,514,727  wrgs:3,986,446  wck:438.9  ngds:41,112
    run1,717  dpts:513..613  robin:PickOnDom-First  effs:301,552,740  asgs:(1645,noefs=824,fails=134)  fails:1,514,861  wrgs:3,987,441  wck:439.0  ngds:41,117
    run1,718  dpts:2..35  robin:WdegOnDom-Last  effs:301,567,420  asgs:(314,noefs=0,fails=140)  fails:1,515,001  wrgs:3,987,609  wck:439.0  ngds:41,135
    run1,719  dpts:2..178  robin:FrbaOnDom-Rand  effs:301,580,391  asgs:(466,noefs=114,fails=147)  fails:1,515,148  wrgs:3,987,868  wck:439.0  ngds:41,173
    run1,720  dpts:368..483  robin:Wdeg-First  effs:301,692,170  asgs:(1184,noefs=718,fails=155)  fails:1,515,303  wrgs:3,988,595  wck:439.2  ngds:41,176
    run1,721  dpts:1..119  robin:PickOnDom-Last  effs:301,704,817  asgs:(366,noefs=0,fails=162)  fails:1,515,465  wrgs:3,988,776  wck:439.2  ngds:41,243
    run1,722  dpts:4..46  robin:WdegOnDom-Rand  effs:301,745,448  asgs:(535,noefs=156,fails=171)  fails:1,515,636  wrgs:3,989,120  wck:439.3  ngds:41,259
    run1,723  dpts:1051..1179  robin:FrbaOnDom-First  effs:301,852,841  asgs:(2205,noefs=1204,fails=179)  fails:1,515,815  wrgs:3,990,141  wck:439.5  ngds:41,260
    run1,724  dpts:3..45  robin:Wdeg-Last  effs:301,868,200  asgs:(421,noefs=0,fails=188)  fails:1,516,003  wrgs:3,990,373  wck:439.5  ngds:41,267
    run1,725  dpts:11..169  robin:PickOnDom-Rand  effs:301,889,267  asgs:(670,noefs=151,fails=197)  fails:1,516,200  wrgs:3,990,759  wck:439.6  ngds:41,301
    run1,726  dpts:118..151  robin:WdegOnDom-First  effs:302,031,923  asgs:(1037,noefs=540,fails=207)  fails:1,516,407  wrgs:3,991,554  wck:439.8  ngds:41,303
    run1,727  dpts:2..96  robin:FrbaOnDom-Last  effs:302,040,493  asgs:(454,noefs=0,fails=218)  fails:1,516,625  wrgs:3,991,788  wck:439.8  ngds:41,321
    run1,728  dpts:3..88  robin:Wdeg-Rand  effs:302,068,148  asgs:(681,noefs=139,fails=229)  fails:1,516,854  wrgs:3,992,226  wck:439.9  ngds:41,355
    run1,729  dpts:637..801  robin:PickOnDom-First  effs:302,174,109  asgs:(2228,noefs=865,fails=240)  fails:1,517,094  wrgs:3,993,601  wck:440.0  ngds:41,358
    run1,730  dpts:1..34  robin:WdegOnDom-Last  effs:302,213,754  asgs:(573,noefs=0,fails=252)  fails:1,517,346  wrgs:3,993,939  wck:440.1  ngds:41,381
    run1,731  dpts:0..122  robin:FrbaOnDom-Rand  effs:302,232,407  asgs:(838,noefs=211,fails=265)  fails:1,517,611  wrgs:3,994,446  wck:440.1  ngds:41,429
    run1,732  dpts:482..557  robin:Wdeg-First  effs:302,337,836  asgs:(1705,noefs=794,fails=278)  fails:1,517,889  wrgs:3,995,484  wck:440.3  ngds:41,432
    run1,733  dpts:1..85  robin:PickOnDom-Last  effs:302,350,646  asgs:(646,noefs=0,fails=292)  fails:1,518,181  wrgs:3,995,860  wck:440.3  ngds:41,466
    run1,734  dpts:14..39  robin:WdegOnDom-Rand  effs:302,384,338  asgs:(892,noefs=237,fails=307)  fails:1,518,488  wrgs:3,996,467  wck:440.4  ngds:41,471
    run1,735  dpts:630..1262  robin:FrbaOnDom-First  effs:302,689,202  asgs:(3009,noefs=1528,fails=322)  fails:1,518,810  wrgs:3,998,168  wck:440.9  ngds:41,475
    run1,736  dpts:2..79  robin:Wdeg-Last  effs:302,706,332  asgs:(734,noefs=0,fails=338)  fails:1,519,148  wrgs:3,998,585  wck:441.0  ngds:41,513
    run1,737  dpts:4..230  robin:PickOnDom-Rand  effs:302,724,499  asgs:(1077,noefs=224,fails=355)  fails:1,519,503  wrgs:3,999,198  wck:441.0  ngds:41,595
    run1,738  dpts:149..292  robin:WdegOnDom-First  effs:302,878,199  asgs:(3127,noefs=1883,fails=373)  fails:1,519,876  wrgs:4,001,799  wck:441.2  ngds:41,605
    run1,739  dpts:4..105  robin:FrbaOnDom-Last  effs:302,898,277  asgs:(822,noefs=0,fails=392)  fails:1,520,268  wrgs:4,002,238  wck:441.3  ngds:41,658
 ...resetting heuristics data (nValues:6,919 - nSingletons:561 - nEntailed:518)
    run1,740  dpts:6..136  robin:Wdeg-Rand  effs:302,958,565  asgs:(1215,noefs=208,fails=411)  fails:1,520,679  wrgs:4,002,976  wck:441.4  ngds:41,705
 ...Discarding 1 singleton variables
    run1,741  dpts:355..476  robin:PickOnDom-First  effs:303,065,122  asgs:(2692,noefs=901,fails=432)  fails:1,521,111  wrgs:4,004,938  wck:441.5  ngds:41,711
    run1,742  dpts:18..66  robin:WdegOnDom-Last  effs:303,127,575  asgs:(980,noefs=0,fails=453)  fails:1,521,564  wrgs:4,005,452  wck:441.6  ngds:41,728
    run1,743  dpts:11..173  robin:FrbaOnDom-Rand  effs:303,182,172  asgs:(1431,noefs=327,fails=476)  fails:1,522,040  wrgs:4,006,376  wck:441.7  ngds:41,756
    run1,744  dpts:235..402  robin:Wdeg-First  effs:303,257,983  asgs:(2683,noefs=1027,fails=500)  fails:1,522,540  wrgs:4,008,381  wck:441.9  ngds:41,762
    run1,745  dpts:2..91  robin:PickOnDom-Last  effs:303,291,598  asgs:(1125,noefs=0,fails=525)  fails:1,523,065  wrgs:4,008,960  wck:441.9  ngds:41,790
    run1,746  dpts:8..69  robin:WdegOnDom-Rand  effs:303,398,447  asgs:(1673,noefs=372,fails=551)  fails:1,523,616  wrgs:4,010,075  wck:442.1  ngds:41,807
    run1,747  dpts:831..1143  robin:FrbaOnDom-First  effs:303,832,657  asgs:(4375,noefs=2103,fails=579)  fails:1,524,195  wrgs:4,013,229  wck:442.8  ngds:41,810
    run1,748  dpts:1..65  robin:Wdeg-Last  effs:303,869,475  asgs:(1344,noefs=0,fails=608)  fails:1,524,803  wrgs:4,013,992  wck:442.9  ngds:41,842
    run1,749  dpts:4..95  robin:PickOnDom-Rand  effs:303,916,615  asgs:(1904,noefs=341,fails=638)  fails:1,525,441  wrgs:4,015,260  wck:443.0  ngds:41,855
    run1,750  dpts:313..403  robin:WdegOnDom-First  effs:304,112,979  asgs:(4145,noefs=2097,fails=670)  fails:1,526,111  wrgs:4,018,558  wck:443.4  ngds:41,859
    run1,751  dpts:3..155  robin:FrbaOnDom-Last  effs:304,163,917  asgs:(1440,noefs=0,fails=703)  fails:1,526,814  wrgs:4,019,311  wck:443.4  ngds:41,986
    run1,752  dpts:9..111  robin:Wdeg-Rand  effs:304,260,706  asgs:(2239,noefs=425,fails=739)  fails:1,527,553  wrgs:4,020,810  wck:443.6  ngds:42,005
    run1,753  dpts:205..671  robin:PickOnDom-First  effs:304,540,134  asgs:(7275,noefs=3510,fails=776)  fails:1,528,329  wrgs:4,027,129  wck:444.1  ngds:42,008
    run1,754  dpts:1..69  robin:WdegOnDom-Last  effs:304,620,010  asgs:(1777,noefs=0,fails=814)  fails:1,529,143  wrgs:4,028,134  wck:444.3  ngds:42,035
    run1,755  dpts:2..178  robin:FrbaOnDom-Rand  effs:304,752,905  asgs:(2403,noefs=525,fails=855)  fails:1,529,998  wrgs:4,029,702  wck:444.5  ngds:42,075
    run1,756  dpts:632..766  robin:Wdeg-First  effs:305,104,337  asgs:(6720,noefs=3157,fails=898)  fails:1,530,896  wrgs:4,035,103  wck:445.0  ngds:42,077
    run1,757  dpts:1..95  robin:PickOnDom-Last  effs:305,177,042  asgs:(1951,noefs=0,fails=943)  fails:1,531,839  wrgs:4,036,102  wck:445.1  ngds:42,125
    run1,758  dpts:23..71  robin:WdegOnDom-Rand  effs:305,307,561  asgs:(2753,noefs=521,fails=990)  fails:1,532,829  wrgs:4,038,070  wck:445.3  ngds:42,131
    run1,759  dpts:783..1074  robin:FrbaOnDom-First  effs:305,931,517  asgs:(6780,noefs=2496,fails=1040)  fails:1,533,869  wrgs:4,043,226  wck:446.3  ngds:42,136
    run1,760  dpts:4..97  robin:Wdeg-Last  effs:305,988,325  asgs:(2438,noefs=0,fails=1092)  fails:1,534,961  wrgs:4,044,636  wck:446.4  ngds:42,188
    run1,761  dpts:3..195  robin:PickOnDom-Rand  effs:306,122,541  asgs:(3325,noefs=424,fails=1146)  fails:1,536,107  wrgs:4,046,832  wck:446.6  ngds:42,249
    run1,762  dpts:227..450  robin:WdegOnDom-First  effs:306,671,638  asgs:(7618,noefs=3481,fails=1204)  fails:1,537,311  wrgs:4,053,324  wck:447.4  ngds:42,252
    run1,763  dpts:1..138  robin:FrbaOnDom-Last  effs:306,783,252  asgs:(2579,noefs=0,fails=1264)  fails:1,538,575  wrgs:4,054,665  wck:447.6  ngds:42,291
    run1,764  dpts:3..190  robin:Wdeg-Rand  effs:306,924,433  asgs:(3782,noefs=604,fails=1327)  fails:1,539,902  wrgs:4,057,230  wck:447.9  ngds:42,321
    run1,765  dpts:376..636  robin:PickOnDom-First  effs:307,499,409  asgs:(9548,noefs=2943,fails=1393)  fails:1,541,295  wrgs:4,065,451  wck:448.7  ngds:42,323
    run1,766  dpts:3..60  robin:WdegOnDom-Last  effs:307,661,662  asgs:(3041,noefs=0,fails=1463)  fails:1,542,758  wrgs:4,067,158  wck:449.0  ngds:42,359
    run1,767  dpts:13..133  robin:FrbaOnDom-Rand  effs:307,822,605  asgs:(4518,noefs=914,fails=1536)  fails:1,544,294  wrgs:4,070,234  wck:449.3  ngds:42,406
    run1,768  dpts:684..900  robin:Wdeg-First  effs:308,306,153  asgs:(9281,noefs=4197,fails=1613)  fails:1,545,907  wrgs:4,077,694  wck:450.0  ngds:42,411
    run1,769  dpts:3..120  robin:PickOnDom-Last  effs:308,369,716  asgs:(3527,noefs=0,fails=1694)  fails:1,547,601  wrgs:4,079,582  wck:450.1  ngds:42,448
 ...resetting heuristics data (nValues:6,919 - nSingletons:561 - nEntailed:518)
    run1,770  dpts:3..154  robin:WdegOnDom-Rand  effs:308,740,323  asgs:(5137,noefs=1051,fails=1778)  fails:1,549,379  wrgs:4,083,076  wck:450.7  ngds:42,475
    run1,771  dpts:643..807  robin:FrbaOnDom-First  effs:309,715,159  asgs:(11146,noefs=3622,fails=1867)  fails:1,551,246  wrgs:4,091,939  wck:452.0  ngds:42,481
    run1,772  dpts:18..106  robin:Wdeg-Last  effs:309,887,649  asgs:(4169,noefs=0,fails=1961)  fails:1,553,207  wrgs:4,094,193  wck:452.3  ngds:42,496
    run1,773  dpts:8..160  robin:PickOnDom-Rand  effs:310,142,506  asgs:(6026,noefs=965,fails=2059)  fails:1,555,266  wrgs:4,098,233  wck:452.7  ngds:42,516
    run1,774  dpts:226..310  robin:WdegOnDom-First  effs:310,582,786  asgs:(10669,noefs=4549,fails=2162)  fails:1,557,428  wrgs:4,107,004  wck:453.5  ngds:42,518
    run1,775  dpts:4..181  robin:FrbaOnDom-Last  effs:310,670,058  asgs:(4638,noefs=0,fails=2270)  fails:1,559,698  wrgs:4,109,406  wck:453.7  ngds:42,642
    run1,776  dpts:10..132  robin:Wdeg-Rand  effs:311,071,095  asgs:(6986,noefs=1451,fails=2383)  fails:1,562,081  wrgs:4,114,182  wck:454.3  ngds:42,662
    run1,777  dpts:177..359  robin:PickOnDom-First  effs:312,460,711  asgs:(23831,noefs=11271,fails=2503)  fails:1,564,584  wrgs:4,135,969  wck:456.4  ngds:42,664
    run1,778  dpts:8..82  robin:WdegOnDom-Last  effs:312,584,351  asgs:(5402,noefs=0,fails=2628)  fails:1,567,212  wrgs:4,138,953  wck:456.7  ngds:42,711
    run1,779  dpts:6..278  robin:FrbaOnDom-Rand  effs:312,829,576  asgs:(8267,noefs=2173,fails=2759)  fails:1,569,971  wrgs:4,144,463  wck:457.1  ngds:42,774
    run1,780  dpts:819..874  robin:Wdeg-First  effs:313,193,810  asgs:(13679,noefs=4954,fails=2897)  fails:1,572,868  wrgs:4,155,419  wck:457.9  ngds:42,779
    run1,781  dpts:3..209  robin:PickOnDom-Last  effs:313,404,198  asgs:(6377,noefs=0,fails=3042)  fails:1,575,910  wrgs:4,158,791  wck:458.2  ngds:42,886
    run1,782  dpts:14..102  robin:WdegOnDom-Rand  effs:314,023,512  asgs:(9329,noefs=2443,fails=3194)  fails:1,579,104  wrgs:4,165,245  wck:459.1  ngds:42,904
    run1,783  dpts:752..984  robin:FrbaOnDom-First  effs:315,561,998  asgs:(16930,noefs=5514,fails=3354)  fails:1,582,458  wrgs:4,178,582  wck:461.2  ngds:42,912
    run1,784  dpts:6..146  robin:Wdeg-Last  effs:315,919,887  asgs:(7514,noefs=0,fails=3522)  fails:1,585,980  wrgs:4,182,670  wck:461.7  ngds:42,986
    run1,785  dpts:4..284  robin:PickOnDom-Rand  effs:316,196,412  asgs:(10910,noefs=1918,fails=3698)  fails:1,589,678  wrgs:4,190,046  wck:462.2  ngds:43,068
    run1,786  dpts:155..371  robin:WdegOnDom-First  effs:317,768,939  asgs:(20298,noefs=9751,fails=3883)  fails:1,593,561  wrgs:4,208,045  wck:464.4  ngds:43,073
    run1,787  dpts:3..156  robin:FrbaOnDom-Last  effs:318,065,792  asgs:(8407,noefs=0,fails=4077)  fails:1,597,638  wrgs:4,212,431  wck:464.8  ngds:43,112
    run1,788  dpts:8..191  robin:Wdeg-Rand  effs:318,493,641  asgs:(12398,noefs=2394,fails=4281)  fails:1,601,919  wrgs:4,220,935  wck:465.5  ngds:43,157
    run1,789  dpts:86..609  robin:PickOnDom-First  effs:320,445,931  asgs:(37809,noefs=15133,fails=4495)  fails:1,606,414  wrgs:4,255,192  wck:468.4  ngds:43,166
    run1,790  dpts:6..81  robin:WdegOnDom-Last  effs:320,807,730  asgs:(9822,noefs=0,fails=4720)  fails:1,611,134  wrgs:4,260,434  wck:469.0  ngds:43,184
    run1,791  dpts:6..140  robin:FrbaOnDom-Rand  effs:321,220,537  asgs:(14607,noefs=3040,fails=4956)  fails:1,616,090  wrgs:4,270,287  wck:469.8  ngds:43,212
    run1,792  dpts:530..898  robin:Wdeg-First  effs:324,243,131  asgs:(25856,noefs=9406,fails=5203)  fails:1,621,293  wrgs:4,292,308  wck:473.7  ngds:43,219
    run1,793  dpts:1..97  robin:PickOnDom-Last  effs:324,605,335  asgs:(11879,noefs=0,fails=5464)  fails:1,626,757  wrgs:4,299,096  wck:474.2  ngds:43,263
    run1,794  dpts:3..102  robin:WdegOnDom-Rand  effs:325,195,148  asgs:(16288,noefs=3835,fails=5737)  fails:1,632,494  wrgs:4,310,445  wck:475.2  ngds:43,285
    run1,795  dpts:774..996  robin:FrbaOnDom-First  effs:328,180,113  asgs:(38623,noefs=11930,fails=6024)  fails:1,638,518  wrgs:4,343,182  wck:479.3  ngds:43,289
    run1,796  dpts:9..99  robin:Wdeg-Last  effs:328,401,897  asgs:(13510,noefs=0,fails=6325)  fails:1,644,843  wrgs:4,351,038  wck:479.8  ngds:43,304
    run1,797  dpts:10..194  robin:PickOnDom-Rand  effs:329,189,042  asgs:(19565,noefs=2742,fails=6641)  fails:1,651,484  wrgs:4,364,157  wck:480.8  ngds:43,334
    run1,798  dpts:533..658  robin:WdegOnDom-First  effs:331,309,693  asgs:(32626,noefs=12677,fails=6973)  fails:1,658,457  wrgs:4,391,062  wck:483.7  ngds:43,341
    run1,799  dpts:2..194  robin:FrbaOnDom-Last  effs:331,687,224  asgs:(14933,noefs=0,fails=7322)  fails:1,665,779  wrgs:4,398,755  wck:484.3  ngds:43,415
 ...resetting heuristics data (nValues:6,919 - nSingletons:561 - nEntailed:518)
    run1,800  dpts:4..200  robin:Wdeg-Rand  effs:332,788,501  asgs:(22568,noefs=4239,fails=7688)  fails:1,673,467  wrgs:4,414,081  wck:486.1  ngds:43,464
 ...resetting restart cutoff to 105
    run1,801  dpts:355..469  robin:PickOnDom-First  effs:332,809,745  asgs:(779,noefs=389,fails=105)  fails:1,673,572  wrgs:4,414,380  wck:486.1  ngds:43,471
    run1,802  dpts:18..42  robin:WdegOnDom-Last  effs:332,825,943  asgs:(256,noefs=0,fails=110)  fails:1,673,682  wrgs:4,414,509  wck:486.1  ngds:43,478
    run1,803  dpts:5..117  robin:FrbaOnDom-Rand  effs:332,835,004  asgs:(360,noefs=80,fails=115)  fails:1,673,797  wrgs:4,414,704  wck:486.2  ngds:43,514
    run1,804  dpts:452..614  robin:Wdeg-First  effs:332,881,053  asgs:(1387,noefs=781,fails=121)  fails:1,673,918  wrgs:4,415,439  wck:486.2  ngds:43,520
    run1,805  dpts:3..75  robin:PickOnDom-Last  effs:332,890,791  asgs:(281,noefs=0,fails=127)  fails:1,674,045  wrgs:4,415,574  wck:486.3  ngds:43,561
    run1,806  dpts:2..63  robin:WdegOnDom-Rand  effs:332,909,297  asgs:(403,noefs=84,fails=134)  fails:1,674,179  wrgs:4,415,820  wck:486.3  ngds:43,585
    run1,807  dpts:744..938  robin:FrbaOnDom-First  effs:332,995,599  asgs:(1419,noefs=783,fails=140)  fails:1,674,319  wrgs:4,416,408  wck:486.5  ngds:43,588
    run1,808  dpts:6..34  robin:Wdeg-Last  effs:333,017,234  asgs:(335,noefs=0,fails=147)  fails:1,674,466  wrgs:4,416,583  wck:486.5  ngds:43,604
    run1,809  dpts:3..80  robin:PickOnDom-Rand  effs:333,029,432  asgs:(472,noefs=73,fails=155)  fails:1,674,621  wrgs:4,416,867  wck:486.6  ngds:43,632
    run1,810  dpts:159..313  robin:WdegOnDom-First  effs:333,096,930  asgs:(1286,noefs=686,fails=162)  fails:1,674,783  wrgs:4,417,788  wck:486.7  ngds:43,636
    run1,811  dpts:1..128  robin:FrbaOnDom-Last  effs:333,112,476  asgs:(360,noefs=0,fails=171)  fails:1,674,954  wrgs:4,417,972  wck:486.7  ngds:43,742
    run1,812  dpts:9..82  robin:Wdeg-Rand  effs:333,125,043  asgs:(552,noefs=97,fails=179)  fails:1,675,133  wrgs:4,418,347  wck:486.7  ngds:43,756
    run1,813  dpts:502..660  robin:PickOnDom-First  effs:333,218,883  asgs:(1920,noefs=802,fails=188)  fails:1,675,321  wrgs:4,419,608  wck:486.9  ngds:43,758
    run1,814  dpts:3..47  robin:WdegOnDom-Last  effs:333,233,174  asgs:(455,noefs=0,fails=197)  fails:1,675,518  wrgs:4,419,859  wck:486.9  ngds:43,786
    run1,815  dpts:2..135  robin:FrbaOnDom-Rand  effs:333,252,402  asgs:(615,noefs=144,fails=207)  fails:1,675,725  wrgs:4,420,216  wck:487.0  ngds:43,836
    run1,816  dpts:517..690  robin:Wdeg-First  effs:333,283,039  asgs:(1571,noefs=726,fails=218)  fails:1,675,943  wrgs:4,420,983  wck:487.0  ngds:43,842
    run1,817  dpts:1..68  robin:PickOnDom-Last  effs:333,300,488  asgs:(581,noefs=0,fails=229)  fails:1,676,172  wrgs:4,421,335  wck:487.1  ngds:43,875
    run1,818  dpts:2..91  robin:WdegOnDom-Rand  effs:333,341,289  asgs:(704,noefs=159,fails=240)  fails:1,676,412  wrgs:4,421,785  wck:487.1  ngds:43,906
    run1,819  dpts:1054..1253  robin:FrbaOnDom-First  effs:333,486,765  asgs:(2586,noefs=1350,fails=252)  fails:1,676,664  wrgs:4,423,136  wck:487.4  ngds:43,910
    run1,820  dpts:13..32  robin:Wdeg-Last  effs:333,504,612  asgs:(630,noefs=0,fails=265)  fails:1,676,929  wrgs:4,423,539  wck:487.5  ngds:43,915
    run1,821  dpts:10..109  robin:PickOnDom-Rand  effs:333,533,851  asgs:(849,noefs=122,fails=278)  fails:1,677,207  wrgs:4,424,063  wck:487.5  ngds:43,943
    run1,822  dpts:126..351  robin:WdegOnDom-First  effs:333,608,457  asgs:(1948,noefs=1088,fails=292)  fails:1,677,499  wrgs:4,425,484  wck:487.7  ngds:43,950
    run1,823  dpts:2..73  robin:FrbaOnDom-Last  effs:333,623,885  asgs:(637,noefs=0,fails=307)  fails:1,677,806  wrgs:4,425,807  wck:487.7  ngds:43,993
    run1,824  dpts:13..78  robin:Wdeg-Rand  effs:333,654,565  asgs:(963,noefs=189,fails=322)  fails:1,678,128  wrgs:4,426,442  wck:487.8  ngds:44,010
    run1,825  dpts:476..804  robin:PickOnDom-First  effs:333,873,519  asgs:(4047,noefs=1870,fails=338)  fails:1,678,466  wrgs:4,429,604  wck:488.1  ngds:44,017
    run1,826  dpts:7..68  robin:WdegOnDom-Last  effs:333,900,882  asgs:(734,noefs=0,fails=355)  fails:1,678,821  wrgs:4,429,976  wck:488.1  ngds:44,070
    run1,827  dpts:6..163  robin:FrbaOnDom-Rand  effs:333,935,497  asgs:(1102,noefs=234,fails=373)  fails:1,679,194  wrgs:4,430,658  wck:488.2  ngds:44,105
    run1,828  dpts:413..733  robin:Wdeg-First  effs:334,082,214  asgs:(2948,noefs=1398,fails=392)  fails:1,679,586  wrgs:4,432,703  wck:488.4  ngds:44,110
    run1,829  dpts:1..111  robin:PickOnDom-Last  effs:334,106,443  asgs:(862,noefs=0,fails=411)  fails:1,679,997  wrgs:4,433,138  wck:488.5  ngds:44,173
 ...resetting heuristics data (nValues:6,919 - nSingletons:561 - nEntailed:518)
    run1,830  dpts:12..127  robin:WdegOnDom-Rand  effs:334,198,831  asgs:(1351,noefs=324,fails=432)  fails:1,680,429  wrgs:4,434,005  wck:488.6  ngds:44,200
    run1,831  dpts:710..880  robin:FrbaOnDom-First  effs:334,442,211  asgs:(3358,noefs=1343,fails=453)  fails:1,680,882  wrgs:4,436,315  wck:489.1  ngds:44,203
    run1,832  dpts:18..75  robin:Wdeg-Last  effs:334,480,074  asgs:(1046,noefs=0,fails=476)  fails:1,681,358  wrgs:4,436,887  wck:489.1  ngds:44,221
    run1,833  dpts:17..135  robin:PickOnDom-Rand  effs:334,539,732  asgs:(1556,noefs=357,fails=500)  fails:1,681,858  wrgs:4,437,916  wck:489.2  ngds:44,245
    run1,834  dpts:138..371  robin:WdegOnDom-First  effs:334,809,069  asgs:(3656,noefs=1882,fails=525)  fails:1,682,383  wrgs:4,440,863  wck:489.6  ngds:44,252
    run1,835  dpts:6..129  robin:FrbaOnDom-Last  effs:334,862,206  asgs:(1129,noefs=0,fails=551)  fails:1,682,934  wrgs:4,441,441  wck:489.7  ngds:44,327
    run1,836  dpts:2..117  robin:Wdeg-Rand  effs:334,934,253  asgs:(1697,noefs=284,fails=579)  fails:1,683,513  wrgs:4,442,576  wck:489.8  ngds:44,350
    run1,837  dpts:79..612  robin:PickOnDom-First  effs:335,219,327  asgs:(6007,noefs=2536,fails=608)  fails:1,684,121  wrgs:4,447,605  wck:490.2  ngds:44,358
    run1,838  dpts:3..63  robin:WdegOnDom-Last  effs:335,264,278  asgs:(1350,noefs=0,fails=638)  fails:1,684,759  wrgs:4,448,331  wck:490.3  ngds:44,393
    run1,839  dpts:3..253  robin:FrbaOnDom-Rand  effs:335,325,313  asgs:(2040,noefs=476,fails=670)  fails:1,685,429  wrgs:4,449,675  wck:490.4  ngds:44,444
    run1,840  dpts:265..426  robin:Wdeg-First  effs:335,560,696  asgs:(3750,noefs=1419,fails=703)  fails:1,686,132  wrgs:4,452,467  wck:490.8  ngds:44,452
    run1,841  dpts:1..138  robin:PickOnDom-Last  effs:335,600,876  asgs:(1559,noefs=0,fails=739)  fails:1,686,871  wrgs:4,453,288  wck:490.9  ngds:44,500
    run1,842  dpts:14..62  robin:WdegOnDom-Rand  effs:335,683,347  asgs:(2243,noefs=541,fails=776)  fails:1,687,647  wrgs:4,454,825  wck:491.1  ngds:44,512
    run1,843  dpts:908..1164  robin:FrbaOnDom-First  effs:336,147,428  asgs:(5773,noefs=2560,fails=814)  fails:1,688,461  wrgs:4,459,052  wck:491.8  ngds:44,517
    run1,844  dpts:10..68  robin:Wdeg-Last  effs:336,191,053  asgs:(1922,noefs=0,fails=855)  fails:1,689,316  wrgs:4,460,177  wck:491.9  ngds:44,543
    run1,845  dpts:4..185  robin:PickOnDom-Rand  effs:336,288,730  asgs:(2742,noefs=565,fails=898)  fails:1,690,214  wrgs:4,461,984  wck:492.0  ngds:44,578
    run1,846  dpts:317..576  robin:WdegOnDom-First  effs:336,838,276  asgs:(4648,noefs=2343,fails=943)  fails:1,691,157  wrgs:4,465,671  wck:492.8  ngds:44,580
    run1,847  dpts:4..127  robin:FrbaOnDom-Last  effs:336,912,134  asgs:(2035,noefs=0,fails=990)  fails:1,692,147  wrgs:4,466,727  wck:492.9  ngds:44,646
    run1,848  dpts:12..112  robin:Wdeg-Rand  effs:336,990,259  asgs:(3014,noefs=617,fails=1040)  fails:1,693,187  wrgs:4,468,748  wck:493.0  ngds:44,660
    run1,849  dpts:187..571  robin:PickOnDom-First  effs:337,359,930  asgs:(9963,noefs=4616,fails=1092)  fails:1,694,279  wrgs:4,477,523  wck:493.7  ngds:44,665
    run1,850  dpts:6..48  robin:WdegOnDom-Last  effs:337,438,895  asgs:(2471,noefs=0,fails=1146)  fails:1,695,425  wrgs:4,478,985  wck:493.9  ngds:44,680
    run1,851  dpts:10..177  robin:FrbaOnDom-Rand  effs:337,671,488  asgs:(3609,noefs=758,fails=1204)  fails:1,696,629  wrgs:4,481,389  wck:494.2  ngds:44,702
    run1,852  dpts:558..721  robin:Wdeg-First  effs:338,095,688  asgs:(8009,noefs=3666,fails=1264)  fails:1,697,893  wrgs:4,487,873  wck:494.9  ngds:44,706
    run1,853  dpts:1..100  robin:PickOnDom-Last  effs:338,166,812  asgs:(2808,noefs=0,fails=1327)  fails:1,699,220  wrgs:4,489,395  wck:495.1  ngds:44,783
    run1,854  dpts:8..97  robin:WdegOnDom-Rand  effs:338,283,450  asgs:(4050,noefs=820,fails=1393)  fails:1,700,613  wrgs:4,492,135  wck:495.3  ngds:44,806
    run1,855  dpts:783..1075  robin:FrbaOnDom-First  effs:338,908,357  asgs:(8529,noefs=3022,fails=1463)  fails:1,702,076  wrgs:4,498,638  wck:496.3  ngds:44,815
    run1,856  dpts:5..101  robin:Wdeg-Last  effs:338,975,905  asgs:(3253,noefs=0,fails=1536)  fails:1,703,612  wrgs:4,500,406  wck:496.4  ngds:44,878
    run1,857  dpts:8..149  robin:PickOnDom-Rand  effs:339,151,973  asgs:(4833,noefs=779,fails=1613)  fails:1,705,225  wrgs:4,503,625  wck:496.7  ngds:44,921
    run1,858  dpts:323..498  robin:WdegOnDom-First  effs:339,593,969  asgs:(8580,noefs=3769,fails=1694)  fails:1,706,919  wrgs:4,510,611  wck:497.4  ngds:44,927
    run1,859  dpts:5..121  robin:FrbaOnDom-Last  effs:339,711,556  asgs:(3642,noefs=0,fails=1778)  fails:1,708,697  wrgs:4,512,495  wck:497.6  ngds:44,971
 ...resetting heuristics data (nValues:6,919 - nSingletons:561 - nEntailed:518)
    run1,860  dpts:5..154  robin:Wdeg-Rand  effs:340,007,179  asgs:(5554,noefs=1107,fails=1867)  fails:1,710,564  wrgs:4,516,234  wck:498.0  ngds:45,018
    run1,861  dpts:353..460  robin:PickOnDom-First  effs:340,376,484  asgs:(9831,noefs=2776,fails=1961)  fails:1,712,525  wrgs:4,524,070  wck:498.6  ngds:45,025
    run1,862  dpts:17..71  robin:WdegOnDom-Last  effs:340,616,103  asgs:(4430,noefs=0,fails=2059)  fails:1,714,584  wrgs:4,526,482  wck:498.9  ngds:45,061
    run1,863  dpts:2..239  robin:FrbaOnDom-Rand  effs:340,840,637  asgs:(6455,noefs=1411,fails=2162)  fails:1,716,746  wrgs:4,530,771  wck:499.3  ngds:45,104
    run1,864  dpts:504..628  robin:Wdeg-First  effs:341,602,071  asgs:(14925,noefs=6568,fails=2270)  fails:1,719,016  wrgs:4,543,400  wck:500.5  ngds:45,107
    run1,865  dpts:13..137  robin:PickOnDom-Last  effs:341,792,658  asgs:(4983,noefs=0,fails=2383)  fails:1,721,399  wrgs:4,546,006  wck:500.7  ngds:45,162
    run1,866  dpts:2..87  robin:WdegOnDom-Rand  effs:342,408,479  asgs:(7189,noefs=1501,fails=2503)  fails:1,723,902  wrgs:4,550,933  wck:501.5  ngds:45,182
    run1,867  dpts:676..965  robin:FrbaOnDom-First  effs:344,338,209  asgs:(18631,noefs=8833,fails=2628)  fails:1,726,530  wrgs:4,566,839  wck:504.2  ngds:45,185
    run1,868  dpts:2..130  robin:Wdeg-Last  effs:344,459,216  asgs:(6135,noefs=0,fails=2759)  fails:1,729,289  wrgs:4,570,384  wck:504.5  ngds:45,265
    run1,869  dpts:15..120  robin:PickOnDom-Rand  effs:344,806,495  asgs:(8580,noefs=1409,fails=2897)  fails:1,732,186  wrgs:4,576,198  wck:505.0  ngds:45,285
    run1,870  dpts:205..458  robin:WdegOnDom-First  effs:345,961,797  asgs:(17360,noefs=8123,fails=3042)  fails:1,735,228  wrgs:4,590,865  wck:506.7  ngds:45,291
    run1,871  dpts:2..156  robin:FrbaOnDom-Last  effs:346,170,189  asgs:(6551,noefs=0,fails=3194)  fails:1,738,422  wrgs:4,594,241  wck:507.0  ngds:45,360
    run1,872  dpts:7..170  robin:Wdeg-Rand  effs:346,549,462  asgs:(9441,noefs=1554,fails=3354)  fails:1,741,776  wrgs:4,600,832  wck:507.7  ngds:45,413
    run1,873  dpts:357..634  robin:PickOnDom-First  effs:347,860,493  asgs:(23746,noefs=7631,fails=3522)  fails:1,745,298  wrgs:4,621,357  wck:509.8  ngds:45,417
    run1,874  dpts:6..111  robin:WdegOnDom-Last  effs:348,188,741  asgs:(7611,noefs=0,fails=3698)  fails:1,748,996  wrgs:4,625,511  wck:510.2  ngds:45,442
    run1,875  dpts:3..141  robin:FrbaOnDom-Rand  effs:348,681,371  asgs:(11658,noefs=2345,fails=3883)  fails:1,752,879  wrgs:4,633,338  wck:510.9  ngds:45,489
    run1,876  dpts:212..716  robin:Wdeg-First  effs:349,586,993  asgs:(18962,noefs=6611,fails=4077)  fails:1,756,956  wrgs:4,648,957  wck:512.3  ngds:45,495
    run1,877  dpts:2..114  robin:PickOnDom-Last  effs:349,811,877  asgs:(8922,noefs=0,fails=4281)  fails:1,761,237  wrgs:4,653,693  wck:512.7  ngds:45,514
    run1,878  dpts:16..98  robin:WdegOnDom-Rand  effs:350,415,148  asgs:(12315,noefs=2747,fails=4495)  fails:1,765,732  wrgs:4,662,473  wck:513.7  ngds:45,537
    run1,879  dpts:720..1039  robin:FrbaOnDom-First  effs:353,902,927  asgs:(30600,noefs=13490,fails=4720)  fails:1,770,452  wrgs:4,688,571  wck:518.8  ngds:45,542
    run1,880  dpts:5..103  robin:Wdeg-Last  effs:354,133,210  asgs:(10727,noefs=0,fails=4956)  fails:1,775,408  wrgs:4,694,867  wck:519.2  ngds:45,588
    run1,881  dpts:6..140  robin:PickOnDom-Rand  effs:354,581,088  asgs:(14846,noefs=2420,fails=5203)  fails:1,780,611  wrgs:4,705,327  wck:519.9  ngds:45,628
    run1,882  dpts:379..487  robin:WdegOnDom-First  effs:356,271,060  asgs:(25864,noefs=10635,fails=5464)  fails:1,786,075  wrgs:4,727,116  wck:522.6  ngds:45,632
    run1,883  dpts:4..150  robin:FrbaOnDom-Last  effs:356,818,960  asgs:(11759,noefs=0,fails=5737)  fails:1,791,812  wrgs:4,733,592  wck:523.4  ngds:45,742
    run1,884  dpts:11..87  robin:Wdeg-Rand  effs:357,323,963  asgs:(17298,noefs=2749,fails=6024)  fails:1,797,836  wrgs:4,745,682  wck:524.4  ngds:45,754
    run1,885  dpts:225..614  robin:PickOnDom-First  effs:359,065,355  asgs:(36096,noefs=11846,fails=6325)  fails:1,804,161  wrgs:4,776,781  wck:527.3  ngds:45,762
    run1,886  dpts:3..143  robin:WdegOnDom-Last  effs:359,574,764  asgs:(13813,noefs=0,fails=6641)  fails:1,810,802  wrgs:4,784,646  wck:528.1  ngds:45,869
    run1,887  dpts:9..214  robin:FrbaOnDom-Rand  effs:360,344,731  asgs:(20622,noefs=4487,fails=6973)  fails:1,817,775  wrgs:4,798,480  wck:529.3  ngds:45,924
    run1,888  dpts:743..904  robin:Wdeg-First  effs:361,862,647  asgs:(31788,noefs=10621,fails=7322)  fails:1,825,097  wrgs:4,824,635  wck:531.5  ngds:45,933
    run1,889  dpts:6..96  robin:PickOnDom-Last  effs:362,264,129  asgs:(16249,noefs=0,fails=7688)  fails:1,832,785  wrgs:4,833,461  wck:532.1  ngds:45,974
 ...resetting heuristics data (nValues:6,919 - nSingletons:561 - nEntailed:518)
    run1,890  dpts:9..169  robin:WdegOnDom-Rand  effs:364,041,748  asgs:(23574,noefs=5291,fails=8073)  fails:1,840,858  wrgs:4,849,420  wck:534.4  ngds:45,989
 ...resetting restart cutoff to 110
    run1,891  dpts:742..868  robin:FrbaOnDom-First  effs:364,099,477  asgs:(1597,noefs=787,fails=110)  fails:1,840,968  wrgs:4,850,138  wck:534.5  ngds:45,994
    run1,892  dpts:17..66  robin:Wdeg-Last  effs:364,104,407  asgs:(272,noefs=0,fails=115)  fails:1,841,083  wrgs:4,850,265  wck:534.5  ngds:46,012
    run1,893  dpts:6..141  robin:PickOnDom-Rand  effs:364,118,415  asgs:(391,noefs=92,fails=121)  fails:1,841,204  wrgs:4,850,461  wck:534.6  ngds:46,046
    run1,894  dpts:412..468  robin:WdegOnDom-First  effs:364,160,632  asgs:(1199,noefs=798,fails=127)  fails:1,841,331  wrgs:4,851,148  wck:534.7  ngds:46,051
    run1,895  dpts:5..55  robin:FrbaOnDom-Last  effs:364,171,350  asgs:(281,noefs=0,fails=133)  fails:1,841,464  wrgs:4,851,289  wck:534.7  ngds:46,089
    run1,896  dpts:2..79  robin:Wdeg-Rand  effs:364,194,364  asgs:(435,noefs=83,fails=140)  fails:1,841,604  wrgs:4,851,544  wck:534.7  ngds:46,116
    run1,897  dpts:478..632  robin:PickOnDom-First  effs:364,263,746  asgs:(1744,noefs=791,fails=147)  fails:1,841,751  wrgs:4,852,636  wck:534.8  ngds:46,120
    run1,898  dpts:6..64  robin:WdegOnDom-Last  effs:364,275,518  asgs:(342,noefs=0,fails=154)  fails:1,841,905  wrgs:4,852,808  wck:534.9  ngds:46,143
    run1,899  dpts:6..116  robin:FrbaOnDom-Rand  effs:364,290,625  asgs:(490,noefs=104,fails=162)  fails:1,842,067  wrgs:4,853,075  wck:534.9  ngds:46,196
    run1,900  dpts:362..461  robin:Wdeg-First  effs:364,316,560  asgs:(1292,noefs=625,fails=170)  fails:1,842,237  wrgs:4,853,819  wck:535.0  ngds:46,200
    run1,901  dpts:5..92  robin:PickOnDom-Last  effs:364,324,686  asgs:(387,noefs=0,fails=179)  fails:1,842,416  wrgs:4,854,010  wck:535.0  ngds:46,211
    run1,902  dpts:2..98  robin:WdegOnDom-Rand  effs:364,349,649  asgs:(566,noefs=144,fails=188)  fails:1,842,604  wrgs:4,854,359  wck:535.0  ngds:46,236
    run1,903  dpts:997..1191  robin:FrbaOnDom-First  effs:364,457,246  asgs:(2262,noefs=1250,fails=197)  fails:1,842,801  wrgs:4,855,377  wck:535.3  ngds:46,241
    run1,904  dpts:2..52  robin:Wdeg-Last  effs:364,471,365  asgs:(478,noefs=0,fails=207)  fails:1,843,008  wrgs:4,855,648  wck:535.3  ngds:46,263
    run1,905  dpts:33..125  robin:PickOnDom-Rand  effs:364,487,811  asgs:(683,noefs=123,fails=217)  fails:1,843,225  wrgs:4,856,073  wck:535.3  ngds:46,292
    run1,906  dpts:375..492  robin:WdegOnDom-First  effs:364,526,353  asgs:(1415,noefs=871,fails=228)  fails:1,843,453  wrgs:4,856,941  wck:535.4  ngds:46,299
    run1,907  dpts:3..85  robin:FrbaOnDom-Last  effs:364,553,674  asgs:(505,noefs=0,fails=240)  fails:1,843,693  wrgs:4,857,205  wck:535.4  ngds:46,315
    run1,908  dpts:2..66  robin:Wdeg-Rand  effs:364,578,943  asgs:(770,noefs=151,fails=252)  fails:1,843,945  wrgs:4,857,693  wck:535.5  ngds:46,334
    run1,909  dpts:499..765  robin:PickOnDom-First  effs:364,694,404  asgs:(2441,noefs=972,fails=264)  fails:1,844,209  wrgs:4,859,386  wck:535.7  ngds:46,338
    run1,910  dpts:1..65  robin:WdegOnDom-Last  effs:364,709,766  asgs:(601,noefs=0,fails=277)  fails:1,844,486  wrgs:4,859,736  wck:535.7  ngds:46,373
    run1,911  dpts:4..108  robin:FrbaOnDom-Rand  effs:364,742,888  asgs:(848,noefs=188,fails=291)  fails:1,844,777  wrgs:4,860,264  wck:535.8  ngds:46,393
    run1,912  dpts:111..653  robin:Wdeg-First  effs:364,831,441  asgs:(1861,noefs=903,fails=306)  fails:1,845,083  wrgs:4,861,342  wck:536.0  ngds:46,400
    run1,913  dpts:4..77  robin:PickOnDom-Last  effs:364,858,157  asgs:(678,noefs=0,fails=321)  fails:1,845,404  wrgs:4,861,684  wck:536.0  ngds:46,424
    run1,914  dpts:1..143  robin:WdegOnDom-Rand  effs:364,899,643  asgs:(1034,noefs=313,fails=337)  fails:1,845,741  wrgs:4,862,324  wck:536.1  ngds:46,474
    run1,915  dpts:993..1211  robin:FrbaOnDom-First  effs:365,156,450  asgs:(3482,noefs=1766,fails=354)  fails:1,846,095  wrgs:4,864,500  wck:536.5  ngds:46,477
    run1,916  dpts:3..61  robin:Wdeg-Last  effs:365,173,264  asgs:(822,noefs=0,fails=372)  fails:1,846,467  wrgs:4,864,948  wck:536.5  ngds:46,497
    run1,917  dpts:11..173  robin:PickOnDom-Rand  effs:365,207,228  asgs:(1175,noefs=211,fails=391)  fails:1,846,858  wrgs:4,865,674  wck:536.6  ngds:46,548
    run1,918  dpts:437..487  robin:WdegOnDom-First  effs:365,317,799  asgs:(2699,noefs=1427,fails=410)  fails:1,847,268  wrgs:4,867,587  wck:536.8  ngds:46,553
    run1,919  dpts:4..91  robin:FrbaOnDom-Last  effs:365,342,753  asgs:(893,noefs=0,fails=431)  fails:1,847,699  wrgs:4,868,049  wck:536.8  ngds:46,574
 ...resetting heuristics data (nValues:6,919 - nSingletons:561 - nEntailed:518)
    run1,920  dpts:11..138  robin:Wdeg-Rand  effs:365,401,851  asgs:(1378,noefs=300,fails=452)  fails:1,848,151  wrgs:4,868,954  wck:536.9  ngds:46,597
    run1,921  dpts:355..462  robin:PickOnDom-First  effs:365,523,807  asgs:(2843,noefs=1099,fails=475)  fails:1,848,626  wrgs:4,871,084  wck:537.1  ngds:46,601
    run1,922  dpts:18..65  robin:WdegOnDom-Last  effs:365,595,719  asgs:(1087,noefs=0,fails=499)  fails:1,849,125  wrgs:4,871,655  wck:537.2  ngds:46,618
    run1,923  dpts:8..152  robin:FrbaOnDom-Rand  effs:365,642,730  asgs:(1586,noefs=335,fails=524)  fails:1,849,649  wrgs:4,872,684  wck:537.3  ngds:46,670
    run1,924  dpts:275..486  robin:Wdeg-First  effs:365,733,669  asgs:(3086,noefs=1182,fails=550)  fails:1,850,199  wrgs:4,874,932  wck:537.5  ngds:46,678
    run1,925  dpts:8..82  robin:PickOnDom-Last  effs:365,777,017  asgs:(1218,noefs=0,fails=577)  fails:1,850,776  wrgs:4,875,553  wck:537.6  ngds:46,710
    run1,926  dpts:2..110  robin:WdegOnDom-Rand  effs:365,896,107  asgs:(1838,noefs=400,fails=606)  fails:1,851,382  wrgs:4,876,790  wck:537.8  ngds:46,729
    run1,927  dpts:920..1117  robin:FrbaOnDom-First  effs:366,233,869  asgs:(4739,noefs=2034,fails=637)  fails:1,852,019  wrgs:4,880,187  wck:538.4  ngds:46,730
    run1,928  dpts:15..53  robin:Wdeg-Last  effs:366,268,741  asgs:(1486,noefs=0,fails=668)  fails:1,852,687  wrgs:4,881,034  wck:538.4  ngds:46,746
    run1,929  dpts:3..158  robin:PickOnDom-Rand  effs:366,344,953  asgs:(2080,noefs=364,fails=702)  fails:1,853,389  wrgs:4,882,364  wck:538.6  ngds:46,808
    run1,930  dpts:267..373  robin:WdegOnDom-First  effs:366,564,843  asgs:(4420,noefs=2118,fails=737)  fails:1,854,126  wrgs:4,885,890  wck:538.9  ngds:46,815
    run1,931  dpts:4..149  robin:FrbaOnDom-Last  effs:366,624,517  asgs:(1591,noefs=0,fails=774)  fails:1,854,900  wrgs:4,886,730  wck:539.0  ngds:46,896
    run1,932  dpts:11..96  robin:Wdeg-Rand  effs:366,708,818  asgs:(2333,noefs=470,fails=813)  fails:1,855,713  wrgs:4,888,316  wck:539.2  ngds:46,911
    run1,933  dpts:445..772  robin:PickOnDom-First  effs:367,225,146  asgs:(7301,noefs=2855,fails=853)  fails:1,856,566  wrgs:4,894,471  wck:539.9  ngds:46,914
    run1,934  dpts:4..54  robin:WdegOnDom-Last  effs:367,282,614  asgs:(1895,noefs=0,fails=896)  fails:1,857,462  wrgs:4,895,513  wck:540.0  ngds:46,932
    run1,935  dpts:4..183  robin:FrbaOnDom-Rand  effs:367,417,334  asgs:(2793,noefs=614,fails=941)  fails:1,858,403  wrgs:4,897,380  wck:540.2  ngds:46,949
    run1,936  dpts:564..757  robin:Wdeg-First  effs:367,859,184  asgs:(6999,noefs=3340,fails=988)  fails:1,859,391  wrgs:4,902,997  wck:540.9  ngds:46,953
    run1,937  dpts:1..121  robin:PickOnDom-Last  effs:367,923,127  asgs:(2193,noefs=0,fails=1037)  fails:1,860,428  wrgs:4,904,176  wck:541.0  ngds:47,008
    run1,938  dpts:4..84  robin:WdegOnDom-Rand  effs:368,083,263  asgs:(3124,noefs=633,fails=1089)  fails:1,861,517  wrgs:4,906,347  wck:541.3  ngds:47,017
    run1,939  dpts:879..1169  robin:FrbaOnDom-First  effs:368,572,976  asgs:(6482,noefs=2408,fails=1144)  fails:1,862,661  wrgs:4,911,077  wck:542.2  ngds:47,020
    run1,940  dpts:5..113  robin:Wdeg-Last  effs:368,662,160  asgs:(2552,noefs=0,fails=1201)  fails:1,863,862  wrgs:4,912,502  wck:542.3  ngds:47,078
    run1,941  dpts:4..130  robin:PickOnDom-Rand  effs:368,781,880  asgs:(3686,noefs=543,fails=1261)  fails:1,865,123  wrgs:4,914,930  wck:542.5  ngds:47,101
    run1,942  dpts:159..380  robin:WdegOnDom-First  effs:369,386,721  asgs:(7277,noefs=3536,fails=1324)  fails:1,866,447  wrgs:4,920,952  wck:543.4  ngds:47,108
    run1,943  dpts:5..161  robin:FrbaOnDom-Last  effs:369,537,722  asgs:(2840,noefs=0,fails=1390)  fails:1,867,837  wrgs:4,922,413  wck:543.6  ngds:47,140
    run1,944  dpts:10..116  robin:Wdeg-Rand  effs:369,679,452  asgs:(4140,noefs=545,fails=1460)  fails:1,869,297  wrgs:4,925,301  wck:543.9  ngds:47,164
    run1,945  dpts:405..619  robin:PickOnDom-First  effs:370,159,453  asgs:(9498,noefs=2583,fails=1533)  fails:1,870,830  wrgs:4,933,349  wck:544.8  ngds:47,167
    run1,946  dpts:7..58  robin:WdegOnDom-Last  effs:370,285,829  asgs:(3408,noefs=0,fails=1609)  fails:1,872,439  wrgs:4,935,329  wck:545.0  ngds:47,179
    run1,947  dpts:5..208  robin:FrbaOnDom-Rand  effs:370,561,817  asgs:(5025,noefs=1085,fails=1690)  fails:1,874,129  wrgs:4,938,710  wck:545.5  ngds:47,198
    run1,948  dpts:193..761  robin:Wdeg-First  effs:370,931,604  asgs:(7305,noefs=2182,fails=1774)  fails:1,875,903  wrgs:4,944,098  wck:546.2  ngds:47,204
    run1,949  dpts:9..96  robin:PickOnDom-Last  effs:370,989,848  asgs:(3897,noefs=0,fails=1863)  fails:1,877,766  wrgs:4,946,252  wck:546.3  ngds:47,240
 ...resetting heuristics data (nValues:6,919 - nSingletons:561 - nEntailed:518)
    run1,950  dpts:16..142  robin:WdegOnDom-Rand  effs:371,384,975  asgs:(5722,noefs=1234,fails=1956)  fails:1,879,722  wrgs:4,950,071  wck:546.8  ngds:47,269
    run1,951  dpts:736..983  robin:FrbaOnDom-First  effs:372,501,287  asgs:(12957,noefs=4643,fails=2054)  fails:1,881,776  wrgs:4,960,514  wck:548.5  ngds:47,276
    run1,952  dpts:19..122  robin:Wdeg-Last  effs:372,705,780  asgs:(4565,noefs=0,fails=2157)  fails:1,883,933  wrgs:4,962,952  wck:548.8  ngds:47,312
    run1,953  dpts:5..306  robin:PickOnDom-Rand  effs:372,973,476  asgs:(6655,noefs=1195,fails=2265)  fails:1,886,198  wrgs:4,967,303  wck:549.2  ngds:47,405
    run1,954  dpts:187..369  robin:WdegOnDom-First  effs:374,043,698  asgs:(14868,noefs=7133,fails=2378)  fails:1,888,576  wrgs:4,980,141  wck:550.9  ngds:47,414
    run1,955  dpts:0..254  robin:FrbaOnDom-Last  effs:374,246,106  asgs:(5136,noefs=0,fails=2497)  fails:1,891,073  wrgs:4,982,819  wck:551.2  ngds:47,432
    run1,956  dpts:3..127  robin:Wdeg-Rand  effs:374,695,566  asgs:(7519,noefs=1269,fails=2622)  fails:1,893,695  wrgs:4,987,964  wck:551.9  ngds:47,457
    run1,957  dpts:338..509  robin:PickOnDom-First  effs:376,087,592  asgs:(25393,noefs=8925,fails=2753)  fails:1,896,448  wrgs:5,010,728  wck:554.2  ngds:47,460
    run1,958  dpts:6..69  robin:WdegOnDom-Last  effs:376,382,517  asgs:(6167,noefs=0,fails=2891)  fails:1,899,339  wrgs:5,014,134  wck:554.6  ngds:47,487
    run1,959  dpts:4..242  robin:FrbaOnDom-Rand  effs:376,693,057  asgs:(8985,noefs=1891,fails=3035)  fails:1,902,374  wrgs:5,020,203  wck:555.2  ngds:47,509
    run1,960  dpts:559..694  robin:Wdeg-First  effs:377,837,350  asgs:(15246,noefs=5578,fails=3187)  fails:1,905,561  wrgs:5,032,916  wck:556.7  ngds:47,517
 ...Discarding 1 singleton variables
    run1,961  dpts:2..220  robin:PickOnDom-Last  effs:377,997,879  asgs:(7060,noefs=0,fails=3346)  fails:1,908,907  wrgs:5,036,727  wck:557.0  ngds:47,662
    run1,962  dpts:9..76  robin:WdegOnDom-Rand  effs:378,505,022  asgs:(10296,noefs=2063,fails=3514)  fails:1,912,421  wrgs:5,043,830  wck:557.8  ngds:47,676
    run1,963  dpts:717..869  robin:FrbaOnDom-First  effs:379,799,057  asgs:(17620,noefs=4579,fails=3689)  fails:1,916,110  wrgs:5,057,644  wck:559.8  ngds:47,683
    run1,964  dpts:2..67  robin:Wdeg-Last  effs:380,077,332  asgs:(8487,noefs=0,fails=3874)  fails:1,919,984  wrgs:5,062,733  wck:560.3  ngds:47,738
    run1,965  dpts:4..235  robin:PickOnDom-Rand  effs:380,592,310  asgs:(11937,noefs=1564,fails=4068)  fails:1,924,052  wrgs:5,070,656  wck:561.0  ngds:47,811
    run1,966  dpts:372..476  robin:WdegOnDom-First  effs:381,855,545  asgs:(21608,noefs=10249,fails=4271)  fails:1,928,323  wrgs:5,088,839  wck:562.9  ngds:47,815
    run1,967  dpts:3..108  robin:FrbaOnDom-Last  effs:382,030,053  asgs:(9303,noefs=0,fails=4485)  fails:1,932,808  wrgs:5,093,787  wck:563.2  ngds:47,861
    run1,968  dpts:32..71  robin:Wdeg-Rand  effs:382,319,618  asgs:(13105,noefs=1478,fails=4709)  fails:1,937,517  wrgs:5,103,184  wck:563.8  ngds:47,868
    run1,969  dpts:165..732  robin:PickOnDom-First  effs:384,086,569  asgs:(35154,noefs=11759,fails=4944)  fails:1,942,461  wrgs:5,134,570  wck:566.5  ngds:47,874
    run1,970  dpts:6..74  robin:WdegOnDom-Last  effs:384,305,516  asgs:(11055,noefs=0,fails=5192)  fails:1,947,653  wrgs:5,140,835  wck:567.1  ngds:47,888
    run1,971  dpts:6..251  robin:FrbaOnDom-Rand  effs:384,795,080  asgs:(16156,noefs=3581,fails=5451)  fails:1,953,104  wrgs:5,151,692  wck:568.0  ngds:47,911
    run1,972  dpts:630..833  robin:Wdeg-First  effs:387,588,287  asgs:(28706,noefs=11393,fails=5724)  fails:1,958,828  wrgs:5,176,837  wck:571.7  ngds:47,915
    run1,973  dpts:1..101  robin:PickOnDom-Last  effs:387,889,538  asgs:(12767,noefs=0,fails=6010)  fails:1,964,838  wrgs:5,183,766  wck:572.1  ngds:47,955
    run1,974  dpts:2..129  robin:WdegOnDom-Rand  effs:388,536,852  asgs:(18294,noefs=4709,fails=6311)  fails:1,971,149  wrgs:5,196,251  wck:573.2  ngds:47,999
    run1,975  dpts:778..1096  robin:FrbaOnDom-First  effs:391,374,480  asgs:(35153,noefs=11456,fails=6626)  fails:1,977,775  wrgs:5,225,118  wck:577.9  ngds:48,002
    run1,976  dpts:3..83  robin:Wdeg-Last  effs:391,828,493  asgs:(15193,noefs=0,fails=6957)  fails:1,984,732  wrgs:5,234,953  wck:578.7  ngds:48,056
    run1,977  dpts:9..107  robin:PickOnDom-Rand  effs:392,464,132  asgs:(21196,noefs=2439,fails=7305)  fails:1,992,037  wrgs:5,249,539  wck:579.7  ngds:48,075
    run1,978  dpts:527..647  robin:WdegOnDom-First  effs:395,114,066  asgs:(39524,noefs=18405,fails=7671)  fails:1,999,708  wrgs:5,283,847  wck:583.7  ngds:48,084
    run1,979  dpts:5..101  robin:FrbaOnDom-Last  effs:395,452,575  asgs:(16991,noefs=0,fails=8054)  fails:2,007,762  wrgs:5,293,003  wck:584.3  ngds:48,154
 ...resetting heuristics data (nValues:6,918 - nSingletons:562 - nEntailed:519)
    run1,980  dpts:5..239  robin:Wdeg-Rand  effs:396,848,175  asgs:(24713,noefs=4923,fails=8457)  fails:2,016,219  wrgs:5,309,741  wck:586.3  ngds:48,194
 ...resetting restart cutoff to 115
    run1,981  dpts:354..461  robin:PickOnDom-First  effs:396,874,551  asgs:(871,noefs=411,fails=115)  fails:2,016,334  wrgs:5,310,157  wck:586.4  ngds:48,204
    run1,982  dpts:20..65  robin:WdegOnDom-Last  effs:396,885,130  asgs:(277,noefs=0,fails=120)  fails:2,016,454  wrgs:5,310,292  wck:586.4  ngds:48,233
    run1,983  dpts:7..118  robin:FrbaOnDom-Rand  effs:396,898,369  asgs:(408,noefs=90,fails=126)  fails:2,016,580  wrgs:5,310,505  wck:586.4  ngds:48,271
    run1,984  dpts:635..721  robin:Wdeg-First  effs:396,975,004  asgs:(1864,noefs=1096,fails=133)  fails:2,016,713  wrgs:5,311,599  wck:586.6  ngds:48,273
    run1,985  dpts:5..83  robin:PickOnDom-Last  effs:396,989,251  asgs:(314,noefs=0,fails=139)  fails:2,016,852  wrgs:5,311,746  wck:586.6  ngds:48,310
    run1,986  dpts:7..81  robin:WdegOnDom-Rand  effs:397,008,274  asgs:(475,noefs=106,fails=146)  fails:2,016,998  wrgs:5,312,033  wck:586.6  ngds:48,329
    run1,987  dpts:860..1079  robin:FrbaOnDom-First  effs:397,128,532  asgs:(1857,noefs=1094,fails=154)  fails:2,017,152  wrgs:5,312,895  wck:586.9  ngds:48,332
    run1,988  dpts:8..73  robin:Wdeg-Last  effs:397,137,416  asgs:(370,noefs=0,fails=161)  fails:2,017,313  wrgs:5,313,103  wck:586.9  ngds:48,380
    run1,989  dpts:16..227  robin:PickOnDom-Rand  effs:397,148,628  asgs:(549,noefs=127,fails=169)  fails:2,017,482  wrgs:5,313,371  wck:586.9  ngds:48,453
    run1,990  dpts:251..413  robin:WdegOnDom-First  effs:397,196,357  asgs:(1331,noefs=770,fails=178)  fails:2,017,660  wrgs:5,314,234  wck:587.0  ngds:48,459
    run1,991  dpts:3..77  robin:FrbaOnDom-Last  effs:397,207,678  asgs:(394,noefs=0,fails=187)  fails:2,017,847  wrgs:5,314,439  wck:587.1  ngds:48,482
    run1,992  dpts:8..110  robin:Wdeg-Rand  effs:397,226,649  asgs:(609,noefs=133,fails=196)  fails:2,018,043  wrgs:5,314,796  wck:587.1  ngds:48,526
    run1,993  dpts:457..703  robin:PickOnDom-First  effs:397,339,441  asgs:(2925,noefs=1246,fails=206)  fails:2,018,249  wrgs:5,316,972  wck:587.3  ngds:48,533
    run1,994  dpts:11..48  robin:WdegOnDom-Last  effs:397,352,174  asgs:(477,noefs=0,fails=216)  fails:2,018,465  wrgs:5,317,228  wck:587.3  ngds:48,548
    run1,995  dpts:2..145  robin:FrbaOnDom-Rand  effs:397,372,575  asgs:(674,noefs=136,fails=227)  fails:2,018,692  wrgs:5,317,631  wck:587.4  ngds:48,592
    run1,996  dpts:626..736  robin:Wdeg-First  effs:397,393,296  asgs:(1581,noefs=789,fails=239)  fails:2,018,931  wrgs:5,318,381  wck:587.4  ngds:48,598
    run1,997  dpts:3..111  robin:PickOnDom-Last  effs:397,403,010  asgs:(539,noefs=0,fails=251)  fails:2,019,182  wrgs:5,318,657  wck:587.5  ngds:48,647
    run1,998  dpts:5..65  robin:WdegOnDom-Rand  effs:397,430,348  asgs:(788,noefs=130,fails=263)  fails:2,019,445  wrgs:5,319,185  wck:587.5  ngds:48,658
    run1,999  dpts:773..1113  robin:FrbaOnDom-First  effs:397,690,484  asgs:(2534,noefs=1302,fails=276)  fails:2,019,721  wrgs:5,320,742  wck:588.0  ngds:48,660
    run2,000  dpts:12..63  robin:Wdeg-Last  effs:397,704,027  asgs:(633,noefs=0,fails=290)  fails:2,020,011  wrgs:5,321,087  wck:588.0  ngds:48,685
    run2,001  dpts:3..187  robin:PickOnDom-Rand  effs:397,757,816  asgs:(962,noefs=152,fails=305)  fails:2,020,316  wrgs:5,321,682  wck:588.1  ngds:48,718
    run2,002  dpts:347..392  robin:WdegOnDom-First  effs:397,885,305  asgs:(1872,noefs=875,fails=320)  fails:2,020,636  wrgs:5,322,930  wck:588.3  ngds:48,723
    run2,003  dpts:3..124  robin:FrbaOnDom-Last  effs:397,904,759  asgs:(696,noefs=0,fails=336)  fails:2,020,972  wrgs:5,323,283  wck:588.3  ngds:48,782
    run2,004  dpts:12..84  robin:Wdeg-Rand  effs:397,923,266  asgs:(1007,noefs=194,fails=353)  fails:2,021,325  wrgs:5,323,987  wck:588.4  ngds:48,803
    run2,005  dpts:486..608  robin:PickOnDom-First  effs:398,079,012  asgs:(2585,noefs=741,fails=370)  fails:2,021,695  wrgs:5,325,770  wck:588.6  ngds:48,806
    run2,006  dpts:2..72  robin:WdegOnDom-Last  effs:398,106,243  asgs:(821,noefs=0,fails=389)  fails:2,022,084  wrgs:5,326,214  wck:588.7  ngds:48,836
    run2,007  dpts:8..164  robin:FrbaOnDom-Rand  effs:398,154,831  asgs:(1153,noefs=251,fails=408)  fails:2,022,492  wrgs:5,326,965  wck:588.8  ngds:48,859
    run2,008  dpts:615..681  robin:Wdeg-First  effs:398,238,495  asgs:(2465,noefs=1074,fails=429)  fails:2,022,921  wrgs:5,328,471  wck:589.0  ngds:48,862
    run2,009  dpts:8..75  robin:PickOnDom-Last  effs:398,261,066  asgs:(963,noefs=0,fails=450)  fails:2,023,371  wrgs:5,328,977  wck:589.0  ngds:48,914
 ...resetting heuristics data (nValues:6,918 - nSingletons:562 - nEntailed:519)
    run2,010  dpts:24..119  robin:WdegOnDom-Rand  effs:398,345,366  asgs:(1418,noefs=252,fails=473)  fails:2,023,844  wrgs:5,329,891  wck:589.1  ngds:48,929
    run2,011  dpts:413..690  robin:FrbaOnDom-First  effs:398,571,139  asgs:(3369,noefs=1544,fails=497)  fails:2,024,341  wrgs:5,332,511  wck:589.5  ngds:48,934
    run2,012  dpts:21..78  robin:Wdeg-Last  effs:398,619,177  asgs:(1130,noefs=0,fails=521)  fails:2,024,862  wrgs:5,333,109  wck:589.6  ngds:48,963
    run2,013  dpts:9..170  robin:PickOnDom-Rand  effs:398,672,756  asgs:(1623,noefs=257,fails=547)  fails:2,025,409  wrgs:5,334,119  wck:589.7  ngds:49,024
    run2,014  dpts:201..317  robin:WdegOnDom-First  effs:399,026,563  asgs:(4706,noefs=2490,fails=575)  fails:2,025,984  wrgs:5,338,022  wck:590.3  ngds:49,028
    run2,015  dpts:0..135  robin:FrbaOnDom-Last  effs:399,046,886  asgs:(1250,noefs=0,fails=604)  fails:2,026,588  wrgs:5,338,667  wck:590.3  ngds:49,049
    run2,016  dpts:12..103  robin:Wdeg-Rand  effs:399,125,160  asgs:(1852,noefs=320,fails=634)  fails:2,027,222  wrgs:5,339,905  wck:590.4  ngds:49,063
    run2,017  dpts:277..552  robin:PickOnDom-First  effs:399,418,252  asgs:(5031,noefs=1459,fails=666)  fails:2,027,888  wrgs:5,343,946  wck:590.9  ngds:49,067
    run2,018  dpts:1..74  robin:WdegOnDom-Last  effs:399,472,048  asgs:(1521,noefs=0,fails=699)  fails:2,028,587  wrgs:5,344,795  wck:591.0  ngds:49,088
    run2,019  dpts:10..185  robin:FrbaOnDom-Rand  effs:399,550,570  asgs:(2127,noefs=433,fails=734)  fails:2,029,321  wrgs:5,346,190  wck:591.1  ngds:49,148
    run2,020  dpts:485..753  robin:Wdeg-First  effs:399,858,107  asgs:(5757,noefs=2942,fails=771)  fails:2,030,092  wrgs:5,350,833  wck:591.6  ngds:49,152
 ...Discarding 1 singleton variables
    run2,021  dpts:1..102  robin:PickOnDom-Last  effs:399,906,615  asgs:(1708,noefs=0,fails=809)  fails:2,030,901  wrgs:5,351,746  wck:591.7  ngds:49,194
    run2,022  dpts:4..65  robin:WdegOnDom-Rand  effs:400,067,344  asgs:(2489,noefs=666,fails=850)  fails:2,031,751  wrgs:5,353,396  wck:592.0  ngds:49,205
    run2,023  dpts:726..989  robin:FrbaOnDom-First  effs:400,462,650  asgs:(4818,noefs=1706,fails=892)  fails:2,032,643  wrgs:5,356,691  wck:592.6  ngds:49,212
    run2,024  dpts:9..69  robin:Wdeg-Last  effs:400,514,595  asgs:(2020,noefs=0,fails=937)  fails:2,033,580  wrgs:5,357,842  wck:592.7  ngds:49,224
    run2,025  dpts:5..188  robin:PickOnDom-Rand  effs:400,703,811  asgs:(3007,noefs=526,fails=984)  fails:2,034,564  wrgs:5,359,823  wck:593.0  ngds:49,260
    run2,026  dpts:365..501  robin:WdegOnDom-First  effs:400,967,092  asgs:(5986,noefs=2831,fails=1033)  fails:2,035,597  wrgs:5,364,552  wck:593.4  ngds:49,270
    run2,027  dpts:1..91  robin:FrbaOnDom-Last  effs:401,013,993  asgs:(2231,noefs=0,fails=1084)  fails:2,036,681  wrgs:5,365,712  wck:593.5  ngds:49,302
    run2,028  dpts:6..100  robin:Wdeg-Rand  effs:401,108,363  asgs:(3115,noefs=603,fails=1139)  fails:2,037,820  wrgs:5,367,957  wck:593.7  ngds:49,315
    run2,029  dpts:440..563  robin:PickOnDom-First  effs:401,396,214  asgs:(6056,noefs=1557,fails=1196)  fails:2,039,016  wrgs:5,372,679  wck:594.2  ngds:49,319
    run2,030  dpts:1..86  robin:WdegOnDom-Last  effs:401,531,790  asgs:(2658,noefs=0,fails=1255)  fails:2,040,271  wrgs:5,374,099  wck:594.4  ngds:49,350
    run2,031  dpts:9..195  robin:FrbaOnDom-Rand  effs:401,717,755  asgs:(3863,noefs=665,fails=1318)  fails:2,041,589  wrgs:5,376,593  wck:594.7  ngds:49,421
    run2,032  dpts:655..746  robin:Wdeg-First  effs:402,040,238  asgs:(7231,noefs=3059,fails=1384)  fails:2,042,973  wrgs:5,382,154  wck:595.2  ngds:49,427
    run2,033  dpts:2..67  robin:PickOnDom-Last  effs:402,173,033  asgs:(3263,noefs=0,fails=1453)  fails:2,044,426  wrgs:5,384,169  wck:595.4  ngds:49,442
    run2,034  dpts:7..118  robin:WdegOnDom-Rand  effs:402,329,510  asgs:(4519,noefs=1085,fails=1526)  fails:2,045,952  wrgs:5,387,256  wck:595.7  ngds:49,455
    run2,035  dpts:711..881  robin:FrbaOnDom-First  effs:403,593,900  asgs:(10069,noefs=3759,fails=1602)  fails:2,047,554  wrgs:5,395,176  wck:597.6  ngds:49,459
    run2,036  dpts:6..69  robin:Wdeg-Last  effs:403,705,119  asgs:(3755,noefs=0,fails=1683)  fails:2,049,237  wrgs:5,397,428  wck:597.8  ngds:49,476
    run2,037  dpts:3..136  robin:PickOnDom-Rand  effs:403,974,229  asgs:(5294,noefs=534,fails=1767)  fails:2,051,004  wrgs:5,400,997  wck:598.1  ngds:49,497
    run2,038  dpts:270..482  robin:WdegOnDom-First  effs:404,633,298  asgs:(11628,noefs=6740,fails=1855)  fails:2,052,859  wrgs:5,410,769  wck:599.2  ngds:49,501
    run2,039  dpts:2..148  robin:FrbaOnDom-Last  effs:404,699,237  asgs:(4009,noefs=0,fails=1948)  fails:2,054,807  wrgs:5,412,847  wck:599.3  ngds:49,605
 ...resetting heuristics data (nValues:6,917 - nSingletons:563 - nEntailed:520)
    run2,040  dpts:16..193  robin:Wdeg-Rand  effs:405,096,495  asgs:(6146,noefs=1396,fails=2045)  fails:2,056,852  wrgs:5,416,977  wck:599.9  ngds:49,631
    run2,041  dpts:347..460  robin:PickOnDom-First  effs:405,443,931  asgs:(9663,noefs=2882,fails=2148)  fails:2,059,000  wrgs:5,424,869  wck:600.4  ngds:49,635
    run2,042  dpts:17..74  robin:WdegOnDom-Last  effs:405,697,698  asgs:(4827,noefs=0,fails=2255)  fails:2,061,255  wrgs:5,427,497  wck:600.8  ngds:49,657
    run2,043  dpts:1..190  robin:FrbaOnDom-Rand  effs:406,023,989  asgs:(7008,noefs=1344,fails=2368)  fails:2,063,623  wrgs:5,432,164  wck:601.3  ngds:49,722
    run2,044  dpts:542..655  robin:Wdeg-First  effs:406,661,734  asgs:(13845,noefs=5548,fails=2486)  fails:2,066,109  wrgs:5,443,809  wck:602.4  ngds:49,729
    run2,045  dpts:4..76  robin:PickOnDom-Last  effs:406,861,510  asgs:(5462,noefs=0,fails=2611)  fails:2,068,720  wrgs:5,446,723  wck:602.7  ngds:49,771
    run2,046  dpts:19..92  robin:WdegOnDom-Rand  effs:407,267,277  asgs:(7948,noefs=1499,fails=2741)  fails:2,071,461  wrgs:5,452,134  wck:603.3  ngds:49,795
    run2,047  dpts:706..1046  robin:FrbaOnDom-First  effs:408,959,028  asgs:(21051,noefs=10162,fails=2878)  fails:2,074,339  wrgs:5,470,000  wck:606.0  ngds:49,804
    run2,048  dpts:2..99  robin:Wdeg-Last  effs:409,076,655  asgs:(6709,noefs=0,fails=3022)  fails:2,077,361  wrgs:5,474,014  wck:606.2  ngds:49,868
    run2,049  dpts:7..245  robin:PickOnDom-Rand  effs:409,457,429  asgs:(9461,noefs=1763,fails=3173)  fails:2,080,534  wrgs:5,480,381  wck:606.8  ngds:49,909
    run2,050  dpts:322..429  robin:WdegOnDom-First  effs:410,830,234  asgs:(14213,noefs=6842,fails=3332)  fails:2,083,866  wrgs:5,492,998  wck:608.7  ngds:49,912
    run2,051  dpts:2..190  robin:FrbaOnDom-Last  effs:411,009,746  asgs:(7174,noefs=0,fails=3499)  fails:2,087,365  wrgs:5,496,730  wck:609.1  ngds:50,022
    run2,052  dpts:12..128  robin:Wdeg-Rand  effs:411,548,956  asgs:(10653,noefs=2118,fails=3673)  fails:2,091,038  wrgs:5,504,020  wck:609.9  ngds:50,041
    run2,053  dpts:302..605  robin:PickOnDom-First  effs:413,170,914  asgs:(32894,noefs=10989,fails=3857)  fails:2,094,895  wrgs:5,533,511  wck:612.8  ngds:50,046
    run2,054  dpts:1..142  robin:WdegOnDom-Last  effs:413,463,251  asgs:(8793,noefs=0,fails=4050)  fails:2,098,945  wrgs:5,538,497  wck:613.3  ngds:50,149
    run2,055  dpts:3..209  robin:FrbaOnDom-Rand  effs:414,245,770  asgs:(12806,noefs=2269,fails=4253)  fails:2,103,198  wrgs:5,547,154  wck:614.4  ngds:50,187
    run2,056  dpts:665..750  robin:Wdeg-First  effs:415,216,119  asgs:(19774,noefs=7391,fails=4465)  fails:2,107,663  wrgs:5,563,563  wck:616.0  ngds:50,193
    run2,057  dpts:1..145  robin:PickOnDom-Last  effs:415,693,180  asgs:(10002,noefs=0,fails=4689)  fails:2,112,352  wrgs:5,569,108  wck:616.7  ngds:50,246
    run2,058  dpts:8..164  robin:WdegOnDom-Rand  effs:416,275,214  asgs:(14288,noefs=3049,fails=4923)  fails:2,117,275  wrgs:5,579,018  wck:617.7  ngds:50,286
    run2,059  dpts:599..1005  robin:FrbaOnDom-First  effs:419,347,798  asgs:(28222,noefs=9400,fails=5169)  fails:2,122,444  wrgs:5,602,062  wck:622.4  ngds:50,292
    run2,060  dpts:2..81  robin:Wdeg-Last  effs:419,792,798  asgs:(11991,noefs=0,fails=5428)  fails:2,127,872  wrgs:5,609,282  wck:623.0  ngds:50,306
    run2,061  dpts:1..133  robin:PickOnDom-Rand  effs:420,600,409  asgs:(16669,noefs=2078,fails=5699)  fails:2,133,571  wrgs:5,620,750  wck:624.1  ngds:50,325
    run2,062  dpts:330..442  robin:WdegOnDom-First  effs:422,499,616  asgs:(32831,noefs=16321,fails=5984)  fails:2,139,555  wrgs:5,648,981  wck:627.2  ngds:50,332
    run2,063  dpts:2..178  robin:FrbaOnDom-Last  effs:422,966,776  asgs:(12952,noefs=0,fails=6283)  fails:2,145,838  wrgs:5,655,793  wck:628.0  ngds:50,364
    run2,064  dpts:14..83  robin:Wdeg-Rand  effs:423,615,258  asgs:(18204,noefs=3011,fails=6597)  fails:2,152,435  wrgs:5,668,923  wck:629.1  ngds:50,376
    run2,065  dpts:477..623  robin:PickOnDom-First  effs:424,963,750  asgs:(33083,noefs=6652,fails=6927)  fails:2,159,362  wrgs:5,696,280  wck:631.2  ngds:50,380
    run2,066  dpts:9..50  robin:WdegOnDom-Last  effs:425,402,663  asgs:(16095,noefs=0,fails=7274)  fails:2,166,636  wrgs:5,706,265  wck:632.0  ngds:50,414
    run2,067  dpts:6..299  robin:FrbaOnDom-Rand  effs:426,056,691  asgs:(22765,noefs=4803,fails=7637)  fails:2,174,273  wrgs:5,721,558  wck:633.2  ngds:50,468
    run2,068  dpts:755..864  robin:Wdeg-First  effs:430,708,315  asgs:(44481,noefs=17793,fails=8019)  fails:2,182,292  wrgs:5,760,045  wck:639.0  ngds:50,473
    run2,069  dpts:1..145  robin:PickOnDom-Last  effs:431,149,068  asgs:(17573,noefs=0,fails=8420)  fails:2,190,712  wrgs:5,769,468  wck:639.6  ngds:50,523
 ...resetting heuristics data (nValues:6,917 - nSingletons:563 - nEntailed:520)
    run2,070  dpts:8..113  robin:WdegOnDom-Rand  effs:432,806,936  asgs:(25733,noefs=4039,fails=8841)  fails:2,199,553  wrgs:5,787,143  wck:642.0  ngds:50,539
 ...resetting restart cutoff to 120
    run2,071  dpts:661..817  robin:FrbaOnDom-First  effs:432,895,317  asgs:(1485,noefs=710,fails=120)  fails:2,199,673  wrgs:5,787,872  wck:642.2  ngds:50,545
    run2,072  dpts:17..60  robin:Wdeg-Last  effs:432,903,371  asgs:(293,noefs=0,fails=126)  fails:2,199,799  wrgs:5,788,016  wck:642.2  ngds:50,579
    run2,073  dpts:7..124  robin:PickOnDom-Rand  effs:432,916,007  asgs:(441,noefs=102,fails=132)  fails:2,199,931  wrgs:5,788,247  wck:642.3  ngds:50,623
    run2,074  dpts:243..318  robin:WdegOnDom-First  effs:432,988,224  asgs:(1289,noefs=828,fails=138)  fails:2,200,069  wrgs:5,789,126  wck:642.4  ngds:50,628
    run2,075  dpts:3..56  robin:FrbaOnDom-Last  effs:432,999,410  asgs:(307,noefs=0,fails=145)  fails:2,200,214  wrgs:5,789,280  wck:642.4  ngds:50,658
    run2,076  dpts:3..95  robin:Wdeg-Rand  effs:433,020,777  asgs:(458,noefs=94,fails=153)  fails:2,200,367  wrgs:5,789,559  wck:642.5  ngds:50,674
    run2,077  dpts:350..471  robin:PickOnDom-First  effs:433,088,849  asgs:(1158,noefs=386,fails=160)  fails:2,200,527  wrgs:5,790,263  wck:642.6  ngds:50,677
    run2,078  dpts:3..63  robin:WdegOnDom-Last  effs:433,101,727  asgs:(386,noefs=0,fails=168)  fails:2,200,695  wrgs:5,790,475  wck:642.6  ngds:50,713
    run2,079  dpts:2..145  robin:FrbaOnDom-Rand  effs:433,114,914  asgs:(583,noefs=164,fails=177)  fails:2,200,872  wrgs:5,790,820  wck:642.6  ngds:50,762
    run2,080  dpts:225..482  robin:Wdeg-First  effs:433,188,174  asgs:(1652,noefs=723,fails=186)  fails:2,201,058  wrgs:5,791,899  wck:642.8  ngds:50,769
    run2,081  dpts:2..86  robin:PickOnDom-Last  effs:433,194,753  asgs:(422,noefs=0,fails=195)  fails:2,201,253  wrgs:5,792,114  wck:642.8  ngds:50,832
    run2,082  dpts:9..65  robin:WdegOnDom-Rand  effs:433,227,589  asgs:(616,noefs=139,fails=205)  fails:2,201,458  wrgs:5,792,498  wck:642.8  ngds:50,846
    run2,083  dpts:976..1154  robin:FrbaOnDom-First  effs:433,355,564  asgs:(2108,noefs=1243,fails=215)  fails:2,201,673  wrgs:5,793,473  wck:643.1  ngds:50,847
    run2,084  dpts:2..55  robin:Wdeg-Last  effs:433,370,300  asgs:(509,noefs=0,fails=226)  fails:2,201,899  wrgs:5,793,747  wck:643.1  ngds:50,865
    run2,085  dpts:13..83  robin:PickOnDom-Rand  effs:433,391,782  asgs:(693,noefs=123,fails=237)  fails:2,202,136  wrgs:5,794,217  wck:643.2  ngds:50,878
    run2,086  dpts:238..398  robin:WdegOnDom-First  effs:433,485,190  asgs:(1741,noefs=939,fails=249)  fails:2,202,385  wrgs:5,795,430  wck:643.3  ngds:50,883
    run2,087  dpts:0..72  robin:FrbaOnDom-Last  effs:433,498,425  asgs:(542,noefs=0,fails=261)  fails:2,202,646  wrgs:5,795,706  wck:643.4  ngds:50,918
    run2,088  dpts:7..100  robin:Wdeg-Rand  effs:433,530,619  asgs:(835,noefs=150,fails=275)  fails:2,202,921  wrgs:5,796,262  wck:643.4  ngds:50,929
    run2,089  dpts:444..668  robin:PickOnDom-First  effs:433,668,296  asgs:(2358,noefs=908,fails=288)  fails:2,203,209  wrgs:5,797,897  wck:643.6  ngds:50,932
    run2,090  dpts:3..66  robin:WdegOnDom-Last  effs:433,698,391  asgs:(657,noefs=0,fails=303)  fails:2,203,512  wrgs:5,798,245  wck:643.7  ngds:50,965
 ...Discarding 1 singleton variables
    run2,091  dpts:4..135  robin:FrbaOnDom-Rand  effs:433,736,687  asgs:(949,noefs=210,fails=318)  fails:2,203,830  wrgs:5,798,857  wck:643.8  ngds:50,989
    run2,092  dpts:507..603  robin:Wdeg-First  effs:433,792,746  asgs:(2315,noefs=1286,fails=334)  fails:2,204,164  wrgs:5,800,436  wck:643.9  ngds:50,993
    run2,093  dpts:13..91  robin:PickOnDom-Last  effs:433,810,390  asgs:(751,noefs=0,fails=351)  fails:2,204,515  wrgs:5,800,826  wck:643.9  ngds:51,013
    run2,094  dpts:4..93  robin:WdegOnDom-Rand  effs:433,858,204  asgs:(1166,noefs=267,fails=368)  fails:2,204,883  wrgs:5,801,558  wck:644.0  ngds:51,036
    run2,095  dpts:881..1146  robin:FrbaOnDom-First  effs:434,102,324  asgs:(2640,noefs=1166,fails=387)  fails:2,205,270  wrgs:5,803,041  wck:644.4  ngds:51,037
    run2,096  dpts:6..75  robin:Wdeg-Last  effs:434,130,881  asgs:(876,noefs=0,fails=406)  fails:2,205,676  wrgs:5,803,508  wck:644.5  ngds:51,093
    run2,097  dpts:12..178  robin:PickOnDom-Rand  effs:434,174,235  asgs:(1304,noefs=242,fails=426)  fails:2,206,102  wrgs:5,804,313  wck:644.5  ngds:51,145
    run2,098  dpts:243..403  robin:WdegOnDom-First  effs:434,333,379  asgs:(2867,noefs=1484,fails=448)  fails:2,206,550  wrgs:5,806,511  wck:644.8  ngds:51,151
    run2,099  dpts:4..96  robin:FrbaOnDom-Last  effs:434,378,155  asgs:(963,noefs=0,fails=470)  fails:2,207,020  wrgs:5,807,011  wck:644.9  ngds:51,204
 ...resetting heuristics data (nValues:6,916 - nSingletons:564 - nEntailed:521)
    run2,100  dpts:4..144  robin:Wdeg-Rand  effs:434,436,215  asgs:(1500,noefs=328,fails=493)  fails:2,207,513  wrgs:5,807,963  wck:645.0  ngds:51,243
    run2,101  dpts:332..468  robin:PickOnDom-First  effs:434,564,242  asgs:(3711,noefs=1436,fails=518)  fails:2,208,031  wrgs:5,810,896  wck:645.2  ngds:51,248
    run2,102  dpts:18..63  robin:WdegOnDom-Last  effs:434,637,212  asgs:(1174,noefs=0,fails=544)  fails:2,208,575  wrgs:5,811,523  wck:645.3  ngds:51,270
    run2,103  dpts:5..218  robin:FrbaOnDom-Rand  effs:434,713,981  asgs:(1759,noefs=437,fails=571)  fails:2,209,146  wrgs:5,812,710  wck:645.5  ngds:51,303
    run2,104  dpts:307..594  robin:Wdeg-First  effs:434,856,389  asgs:(3355,noefs=1277,fails=600)  fails:2,209,746  wrgs:5,815,163  wck:645.7  ngds:51,307
    run2,105  dpts:1..88  robin:PickOnDom-Last  effs:434,894,599  asgs:(1341,noefs=0,fails=630)  fails:2,210,376  wrgs:5,815,875  wck:645.8  ngds:51,338
    run2,106  dpts:3..92  robin:WdegOnDom-Rand  effs:434,974,540  asgs:(1946,noefs=382,fails=661)  fails:2,211,037  wrgs:5,817,196  wck:645.9  ngds:51,357
    run2,107  dpts:968..1228  robin:FrbaOnDom-First  effs:435,411,382  asgs:(4863,noefs=2219,fails=695)  fails:2,211,732  wrgs:5,820,590  wck:646.7  ngds:51,362
    run2,108  dpts:6..79  robin:Wdeg-Last  effs:435,466,049  asgs:(1572,noefs=0,fails=729)  fails:2,212,461  wrgs:5,821,437  wck:646.8  ngds:51,416
    run2,109  dpts:7..134  robin:PickOnDom-Rand  effs:435,538,540  asgs:(2260,noefs=364,fails=766)  fails:2,213,227  wrgs:5,822,921  wck:646.9  ngds:51,454
    run2,110  dpts:281..420  robin:WdegOnDom-First  effs:435,864,903  asgs:(5096,noefs=2441,fails=804)  fails:2,214,031  wrgs:5,827,126  wck:647.4  ngds:51,460
    run2,111  dpts:0..128  robin:FrbaOnDom-Last  effs:435,916,731  asgs:(1756,noefs=0,fails=844)  fails:2,214,875  wrgs:5,828,057  wck:647.5  ngds:51,560
    run2,112  dpts:12..127  robin:Wdeg-Rand  effs:435,998,359  asgs:(2581,noefs=497,fails=887)  fails:2,215,762  wrgs:5,829,821  wck:647.7  ngds:51,581
    run2,113  dpts:314..756  robin:PickOnDom-First  effs:436,467,346  asgs:(8704,noefs=4123,fails=931)  fails:2,216,693  wrgs:5,837,450  wck:648.4  ngds:51,584
    run2,114  dpts:2..62  robin:WdegOnDom-Last  effs:436,555,007  asgs:(2095,noefs=0,fails=977)  fails:2,217,670  wrgs:5,838,742  wck:648.6  ngds:51,611
    run2,115  dpts:4..160  robin:FrbaOnDom-Rand  effs:436,728,902  asgs:(3088,noefs=678,fails=1026)  fails:2,218,696  wrgs:5,840,812  wck:648.9  ngds:51,626
    run2,116  dpts:598..826  robin:Wdeg-First  effs:437,275,405  asgs:(7229,noefs=3457,fails=1078)  fails:2,219,774  wrgs:5,846,628  wck:649.6  ngds:51,632
    run2,117  dpts:2..139  robin:PickOnDom-Last  effs:437,361,223  asgs:(2402,noefs=0,fails=1132)  fails:2,220,906  wrgs:5,847,908  wck:649.8  ngds:51,683
    run2,118  dpts:14..102  robin:WdegOnDom-Rand  effs:437,498,627  asgs:(3406,noefs=804,fails=1188)  fails:2,222,094  wrgs:5,850,302  wck:650.0  ngds:51,710
    run2,119  dpts:667..1037  robin:FrbaOnDom-First  effs:438,246,410  asgs:(7078,noefs=2573,fails=1248)  fails:2,223,342  wrgs:5,855,716  wck:651.2  ngds:51,714
    run2,120  dpts:3..70  robin:Wdeg-Last  effs:438,297,721  asgs:(2898,noefs=0,fails=1310)  fails:2,224,652  wrgs:5,857,382  wck:651.3  ngds:51,735
 ...Discarding 1 singleton variables
    run2,121  dpts:6..197  robin:PickOnDom-Rand  effs:438,442,873  asgs:(4099,noefs=692,fails=1376)  fails:2,226,028  wrgs:5,860,127  wck:651.6  ngds:51,765
    run2,122  dpts:349..539  robin:WdegOnDom-First  effs:438,910,728  asgs:(8027,noefs=3834,fails=1444)  fails:2,227,472  wrgs:5,866,601  wck:652.4  ngds:51,774
    run2,123  dpts:2..173  robin:FrbaOnDom-Last  effs:438,998,330  asgs:(3102,noefs=0,fails=1517)  fails:2,228,989  wrgs:5,868,200  wck:652.5  ngds:51,818
    run2,124  dpts:18..167  robin:Wdeg-Rand  effs:439,192,095  asgs:(4687,noefs=883,fails=1592)  fails:2,230,581  wrgs:5,871,343  wck:652.9  ngds:51,833
    run2,125  dpts:394..605  robin:PickOnDom-First  effs:439,894,615  asgs:(14935,noefs=6852,fails=1672)  fails:2,232,253  wrgs:5,884,737  wck:654.1  ngds:51,838
    run2,126  dpts:9..79  robin:WdegOnDom-Last  effs:440,004,868  asgs:(3668,noefs=0,fails=1756)  fails:2,234,009  wrgs:5,886,662  wck:654.3  ngds:51,872
    run2,127  dpts:12..163  robin:FrbaOnDom-Rand  effs:440,258,141  asgs:(5479,noefs=1098,fails=1844)  fails:2,235,853  wrgs:5,890,395  wck:654.7  ngds:51,893
    run2,128  dpts:884..1004  robin:Wdeg-First  effs:441,001,214  asgs:(11445,noefs=4793,fails=1936)  fails:2,237,789  wrgs:5,899,470  wck:655.7  ngds:51,899
    run2,129  dpts:2..75  robin:PickOnDom-Last  effs:441,166,378  asgs:(4548,noefs=0,fails=2033)  fails:2,239,822  wrgs:5,902,206  wck:656.0  ngds:51,928
 ...resetting heuristics data (nValues:6,915 - nSingletons:565 - nEntailed:522)
    run2,130  dpts:7..121  robin:WdegOnDom-Rand  effs:441,565,866  asgs:(6259,noefs=1307,fails=2134)  fails:2,241,956  wrgs:5,906,419  wck:656.6  ngds:51,947
    run2,131  dpts:663..928  robin:FrbaOnDom-First  effs:442,403,718  asgs:(11311,noefs=3497,fails=2241)  fails:2,244,197  wrgs:5,915,170  wck:658.1  ngds:51,957
    run2,132  dpts:17..126  robin:Wdeg-Last  effs:442,622,439  asgs:(5007,noefs=0,fails=2353)  fails:2,246,550  wrgs:5,917,869  wck:658.5  ngds:51,991
    run2,133  dpts:14..194  robin:PickOnDom-Rand  effs:442,929,072  asgs:(7251,noefs=1307,fails=2471)  fails:2,249,021  wrgs:5,922,728  wck:659.0  ngds:52,034
    run2,134  dpts:203..344  robin:WdegOnDom-First  effs:443,641,423  asgs:(14504,noefs=6690,fails=2594)  fails:2,251,615  wrgs:5,935,139  wck:660.2  ngds:52,043
    run2,135  dpts:4..173  robin:FrbaOnDom-Last  effs:443,756,075  asgs:(5545,noefs=0,fails=2724)  fails:2,254,339  wrgs:5,937,969  wck:660.4  ngds:52,109
    run2,136  dpts:9..184  robin:Wdeg-Rand  effs:444,247,002  asgs:(8453,noefs=1570,fails=2860)  fails:2,257,199  wrgs:5,943,708  wck:661.2  ngds:52,127
    run2,137  dpts:332..582  robin:PickOnDom-First  effs:445,575,083  asgs:(25150,noefs=10736,fails=3003)  fails:2,260,202  wrgs:5,966,203  wck:663.2  ngds:52,130
    run2,138  dpts:4..116  robin:WdegOnDom-Last  effs:445,820,580  asgs:(6678,noefs=0,fails=3154)  fails:2,263,356  wrgs:5,969,880  wck:663.6  ngds:52,169
    run2,139  dpts:7..232  robin:FrbaOnDom-Rand  effs:446,199,658  asgs:(9791,noefs=2164,fails=3311)  fails:2,266,667  wrgs:5,976,372  wck:664.2  ngds:52,231
    run2,140  dpts:583..708  robin:Wdeg-First  effs:446,941,447  asgs:(17405,noefs=6659,fails=3477)  fails:2,270,144  wrgs:5,990,890  wck:665.3  ngds:52,235
    run2,141  dpts:2..152  robin:PickOnDom-Last  effs:447,080,041  asgs:(7995,noefs=0,fails=3651)  fails:2,273,795  wrgs:5,995,543  wck:665.6  ngds:52,317
    run2,142  dpts:2..121  robin:WdegOnDom-Rand  effs:447,658,138  asgs:(10895,noefs=2760,fails=3833)  fails:2,277,628  wrgs:6,003,333  wck:666.5  ngds:52,339
    run2,143  dpts:684..894  robin:FrbaOnDom-First  effs:449,942,792  asgs:(21959,noefs=7401,fails=4025)  fails:2,281,653  wrgs:6,021,160  wck:669.9  ngds:52,344
    run2,144  dpts:4..80  robin:Wdeg-Last  effs:450,224,632  asgs:(9099,noefs=0,fails=4226)  fails:2,285,879  wrgs:6,026,365  wck:670.5  ngds:52,384
    run2,145  dpts:10..179  robin:PickOnDom-Rand  effs:450,766,509  asgs:(13185,noefs=1881,fails=4438)  fails:2,290,317  wrgs:6,035,275  wck:671.3  ngds:52,400
    run2,146  dpts:316..493  robin:WdegOnDom-First  effs:452,824,501  asgs:(23192,noefs=10917,fails=4659)  fails:2,294,976  wrgs:6,054,933  wck:674.2  ngds:52,408
    run2,147  dpts:3..109  robin:FrbaOnDom-Last  effs:453,065,701  asgs:(10113,noefs=0,fails=4892)  fails:2,299,868  wrgs:6,060,384  wck:674.6  ngds:52,467
    run2,148  dpts:18..79  robin:Wdeg-Rand  effs:453,615,588  asgs:(14912,noefs=2697,fails=5137)  fails:2,305,005  wrgs:6,070,691  wck:675.6  ngds:52,475
    run2,149  dpts:128..589  robin:PickOnDom-First  effs:455,622,452  asgs:(45249,noefs=19233,fails=5394)  fails:2,310,399  wrgs:6,111,555  wck:678.8  ngds:52,482
    run2,150  dpts:3..82  robin:WdegOnDom-Last  effs:456,025,866  asgs:(11903,noefs=0,fails=5664)  fails:2,316,063  wrgs:6,118,361  wck:679.5  ngds:52,532
    run2,151  dpts:16..262  robin:FrbaOnDom-Rand  effs:457,091,683  asgs:(17651,noefs=4259,fails=5947)  fails:2,322,010  wrgs:6,130,279  wck:681.2  ngds:52,573
    run2,152  dpts:529..627  robin:Wdeg-First  effs:458,248,991  asgs:(31486,noefs=10670,fails=6244)  fails:2,328,254  wrgs:6,156,568  wck:683.3  ngds:52,579
    run2,153  dpts:5..120  robin:PickOnDom-Last  effs:458,639,875  asgs:(13932,noefs=0,fails=6556)  fails:2,334,810  wrgs:6,164,211  wck:684.0  ngds:52,607
    run2,154  dpts:3..87  robin:WdegOnDom-Rand  effs:459,423,903  asgs:(19598,noefs=3969,fails=6884)  fails:2,341,694  wrgs:6,177,939  wck:685.4  ngds:52,625
    run2,155  dpts:719..951  robin:FrbaOnDom-First  effs:462,967,199  asgs:(39192,noefs=11702,fails=7229)  fails:2,348,923  wrgs:6,210,524  wck:690.7  ngds:52,632
    run2,156  dpts:10..90  robin:Wdeg-Last  effs:463,506,427  asgs:(16746,noefs=0,fails=7590)  fails:2,356,513  wrgs:6,220,219  wck:691.6  ngds:52,655
    run2,157  dpts:3..135  robin:PickOnDom-Rand  effs:464,298,958  asgs:(23101,noefs=2330,fails=7970)  fails:2,364,483  wrgs:6,236,095  wck:692.9  ngds:52,690
    run2,158  dpts:347..504  robin:WdegOnDom-First  effs:468,695,340  asgs:(54786,noefs=31756,fails=8368)  fails:2,372,851  wrgs:6,284,478  wck:699.5  ngds:52,697
    run2,159  dpts:3..199  robin:FrbaOnDom-Last  effs:469,248,120  asgs:(17879,noefs=0,fails=8786)  fails:2,381,637  wrgs:6,293,833  wck:700.6  ngds:52,793
 ...resetting heuristics data (nValues:6,915 - nSingletons:565 - nEntailed:522)
    run2,160  dpts:5..178  robin:Wdeg-Rand  effs:470,604,878  asgs:(27006,noefs=5097,fails=9226)  fails:2,390,863  wrgs:6,312,385  wck:702.6  ngds:52,804
 ...resetting restart cutoff to 125
    run2,161  dpts:353..515  robin:PickOnDom-First  effs:470,636,713  asgs:(1106,noefs=524,fails=125)  fails:2,390,988  wrgs:6,312,983  wck:702.7  ngds:52,811
    run2,162  dpts:18..56  robin:WdegOnDom-Last  effs:470,650,513  asgs:(299,noefs=0,fails=131)  fails:2,391,119  wrgs:6,313,133  wck:702.7  ngds:52,820
    run2,163  dpts:11..156  robin:FrbaOnDom-Rand  effs:470,676,389  asgs:(432,noefs=109,fails=137)  fails:2,391,256  wrgs:6,313,391  wck:702.8  ngds:52,845
    run2,164  dpts:261..495  robin:Wdeg-First  effs:470,698,949  asgs:(1183,noefs=668,fails=144)  fails:2,391,400  wrgs:6,313,992  wck:702.9  ngds:52,850
    run2,165  dpts:2..68  robin:PickOnDom-Last  effs:470,712,555  asgs:(332,noefs=0,fails=151)  fails:2,391,551  wrgs:6,314,153  wck:702.9  ngds:52,863
    run2,166  dpts:9..80  robin:WdegOnDom-Rand  effs:470,741,493  asgs:(474,noefs=88,fails=159)  fails:2,391,710  wrgs:6,314,446  wck:702.9  ngds:52,885
    run2,167  dpts:795..994  robin:FrbaOnDom-First  effs:470,868,294  asgs:(2012,noefs=1101,fails=167)  fails:2,391,877  wrgs:6,315,425  wck:703.2  ngds:52,889
    run2,168  dpts:16..70  robin:Wdeg-Last  effs:470,876,358  asgs:(404,noefs=0,fails=175)  fails:2,392,052  wrgs:6,315,633  wck:703.2  ngds:52,920
    run2,169  dpts:5..95  robin:PickOnDom-Rand  effs:470,892,652  asgs:(566,noefs=112,fails=184)  fails:2,392,236  wrgs:6,315,979  wck:703.3  ngds:52,949
    run2,170  dpts:194..440  robin:WdegOnDom-First  effs:470,975,972  asgs:(1702,noefs=867,fails=193)  fails:2,392,429  wrgs:6,317,126  wck:703.4  ngds:52,953
    run2,171  dpts:2..121  robin:FrbaOnDom-Last  effs:470,997,312  asgs:(426,noefs=0,fails=203)  fails:2,392,632  wrgs:6,317,353  wck:703.5  ngds:52,975
    run2,172  dpts:5..120  robin:Wdeg-Rand  effs:471,008,532  asgs:(653,noefs=129,fails=213)  fails:2,392,845  wrgs:6,317,756  wck:703.5  ngds:53,008
    run2,173  dpts:418..694  robin:PickOnDom-First  effs:471,121,907  asgs:(2415,noefs=1083,fails=224)  fails:2,393,069  wrgs:6,319,417  wck:703.7  ngds:53,014
    run2,174  dpts:1..27  robin:WdegOnDom-Last  effs:471,131,669  asgs:(541,noefs=0,fails=235)  fails:2,393,304  wrgs:6,319,742  wck:703.7  ngds:53,018
    run2,175  dpts:5..151  robin:FrbaOnDom-Rand  effs:471,167,662  asgs:(740,noefs=181,fails=247)  fails:2,393,551  wrgs:6,320,219  wck:703.8  ngds:53,037
    run2,176  dpts:467..541  robin:Wdeg-First  effs:471,238,447  asgs:(2204,noefs=1136,fails=259)  fails:2,393,810  wrgs:6,321,748  wck:703.9  ngds:53,041
    run2,177  dpts:2..165  robin:PickOnDom-Last  effs:471,255,865  asgs:(590,noefs=0,fails=272)  fails:2,394,082  wrgs:6,322,058  wck:704.0  ngds:53,171
    run2,178  dpts:12..65  robin:WdegOnDom-Rand  effs:471,270,222  asgs:(817,noefs=148,fails=286)  fails:2,394,368  wrgs:6,322,619  wck:704.0  ngds:53,185
    run2,179  dpts:999..1209  robin:FrbaOnDom-First  effs:471,381,435  asgs:(2591,noefs=1390,fails=300)  fails:2,394,668  wrgs:6,324,058  wck:704.3  ngds:53,187
    run2,180  dpts:16..98  robin:Wdeg-Last  effs:471,402,488  asgs:(680,noefs=0,fails=315)  fails:2,394,983  wrgs:6,324,410  wck:704.3  ngds:53,229
    run2,181  dpts:3..154  robin:PickOnDom-Rand  effs:471,430,054  asgs:(964,noefs=133,fails=331)  fails:2,395,314  wrgs:6,324,978  wck:704.4  ngds:53,276
    run2,182  dpts:289..418  robin:WdegOnDom-First  effs:471,592,751  asgs:(2378,noefs=1270,fails=348)  fails:2,395,662  wrgs:6,326,728  wck:704.7  ngds:53,280
    run2,183  dpts:3..127  robin:FrbaOnDom-Last  effs:471,619,527  asgs:(758,noefs=0,fails=365)  fails:2,396,027  wrgs:6,327,127  wck:704.7  ngds:53,343
    run2,184  dpts:16..112  robin:Wdeg-Rand  effs:471,663,011  asgs:(1141,noefs=173,fails=383)  fails:2,396,410  wrgs:6,327,860  wck:704.8  ngds:53,381
    run2,185  dpts:360..510  robin:PickOnDom-First  effs:471,859,548  asgs:(2505,noefs=734,fails=403)  fails:2,396,813  wrgs:6,329,698  wck:705.1  ngds:53,383
    run2,186  dpts:3..55  robin:WdegOnDom-Last  effs:471,887,022  asgs:(893,noefs=0,fails=423)  fails:2,397,236  wrgs:6,330,166  wck:705.2  ngds:53,409
    run2,187  dpts:9..96  robin:FrbaOnDom-Rand  effs:471,926,969  asgs:(1263,noefs=202,fails=444)  fails:2,397,680  wrgs:6,331,020  wck:705.3  ngds:53,433
    run2,188  dpts:611..694  robin:Wdeg-First  effs:472,037,126  asgs:(2956,noefs=1344,fails=466)  fails:2,398,146  wrgs:6,333,005  wck:705.5  ngds:53,441
    run2,189  dpts:1..100  robin:PickOnDom-Last  effs:472,058,687  asgs:(1032,noefs=0,fails=490)  fails:2,398,636  wrgs:6,333,560  wck:705.5  ngds:53,471
 ...resetting heuristics data (nValues:6,915 - nSingletons:565 - nEntailed:522)
    run2,190  dpts:12..109  robin:WdegOnDom-Rand  effs:472,175,082  asgs:(1591,noefs=366,fails=514)  fails:2,399,150  wrgs:6,334,620  wck:705.7  ngds:53,480
    run2,191  dpts:791..984  robin:FrbaOnDom-First  effs:472,494,303  asgs:(4391,noefs=1869,fails=540)  fails:2,399,690  wrgs:6,337,783  wck:706.3  ngds:53,484
    run2,192  dpts:19..79  robin:Wdeg-Last  effs:472,547,385  asgs:(1220,noefs=0,fails=567)  fails:2,400,257  wrgs:6,338,427  wck:706.4  ngds:53,514
    run2,193  dpts:7..199  robin:PickOnDom-Rand  effs:472,608,299  asgs:(1796,noefs=370,fails=595)  fails:2,400,852  wrgs:6,339,584  wck:706.5  ngds:53,570
    run2,194  dpts:142..347  robin:WdegOnDom-First  effs:472,921,022  asgs:(4302,noefs=2461,fails=625)  fails:2,401,477  wrgs:6,343,105  wck:706.9  ngds:53,575
    run2,195  dpts:1..99  robin:FrbaOnDom-Last  effs:472,949,597  asgs:(1357,noefs=0,fails=656)  fails:2,402,133  wrgs:6,343,819  wck:707.0  ngds:53,613
    run2,196  dpts:11..104  robin:Wdeg-Rand  effs:473,058,734  asgs:(2067,noefs=385,fails=689)  fails:2,402,822  wrgs:6,345,209  wck:707.2  ngds:53,633
    run2,197  dpts:217..383  robin:PickOnDom-First  effs:473,466,931  asgs:(6283,noefs=2344,fails=723)  fails:2,403,545  wrgs:6,350,576  wck:707.8  ngds:53,637
    run2,198  dpts:9..43  robin:WdegOnDom-Last  effs:473,536,202  asgs:(1649,noefs=0,fails=760)  fails:2,404,305  wrgs:6,351,486  wck:707.9  ngds:53,652
    run2,199  dpts:3..164  robin:FrbaOnDom-Rand  effs:473,606,209  asgs:(2340,noefs=444,fails=798)  fails:2,405,103  wrgs:6,353,056  wck:708.0  ngds:53,679
    run2,200  dpts:409..507  robin:Wdeg-First  effs:473,851,055  asgs:(5396,noefs=2426,fails=838)  fails:2,405,941  wrgs:6,357,461  wck:708.5  ngds:53,686
    run2,201  dpts:5..86  robin:PickOnDom-Last  effs:473,893,647  asgs:(1861,noefs=0,fails=879)  fails:2,406,820  wrgs:6,358,451  wck:708.6  ngds:53,709
    run2,202  dpts:1..84  robin:WdegOnDom-Rand  effs:474,002,126  asgs:(2651,noefs=596,fails=923)  fails:2,407,743  wrgs:6,360,300  wck:708.8  ngds:53,727
    run2,203  dpts:822..1238  robin:FrbaOnDom-First  effs:474,623,119  asgs:(7199,noefs=3254,fails=970)  fails:2,408,713  wrgs:6,365,661  wck:709.8  ngds:53,729
    run2,204  dpts:5..107  robin:Wdeg-Last  effs:474,674,113  asgs:(2284,noefs=0,fails=1018)  fails:2,409,731  wrgs:6,366,985  wck:709.9  ngds:53,801
    run2,205  dpts:13..173  robin:PickOnDom-Rand  effs:474,812,586  asgs:(3136,noefs=444,fails=1069)  fails:2,410,800  wrgs:6,369,031  wck:710.1  ngds:53,849
    run2,206  dpts:301..391  robin:WdegOnDom-First  effs:475,334,608  asgs:(6489,noefs=3487,fails=1123)  fails:2,411,923  wrgs:6,374,430  wck:710.9  ngds:53,854
    run2,207  dpts:1..125  robin:FrbaOnDom-Last  effs:475,418,360  asgs:(2411,noefs=0,fails=1179)  fails:2,413,102  wrgs:6,375,676  wck:711.1  ngds:53,939
    run2,208  dpts:26..110  robin:Wdeg-Rand  effs:475,515,967  asgs:(3482,noefs=532,fails=1238)  fails:2,414,340  wrgs:6,378,160  wck:711.3  ngds:53,951
    run2,209  dpts:205..666  robin:PickOnDom-First  effs:476,135,382  asgs:(12504,noefs=5227,fails=1300)  fails:2,415,640  wrgs:6,389,251  wck:712.3  ngds:53,957
    run2,210  dpts:4..72  robin:WdegOnDom-Last  effs:476,225,056  asgs:(2860,noefs=0,fails=1365)  fails:2,417,005  wrgs:6,390,841  wck:712.4  ngds:53,963
    run2,211  dpts:7..168  robin:FrbaOnDom-Rand  effs:476,393,450  asgs:(4273,noefs=873,fails=1433)  fails:2,418,438  wrgs:6,393,661  wck:712.8  ngds:54,007
    run2,212  dpts:752..813  robin:Wdeg-First  effs:476,730,429  asgs:(7995,noefs=3316,fails=1505)  fails:2,419,943  wrgs:6,399,936  wck:713.5  ngds:54,012
    run2,213  dpts:7..45  robin:PickOnDom-Last  effs:476,847,130  asgs:(3407,noefs=0,fails=1580)  fails:2,421,523  wrgs:6,401,968  wck:713.7  ngds:54,037
    run2,214  dpts:8..64  robin:WdegOnDom-Rand  effs:477,034,396  asgs:(4675,noefs=986,fails=1659)  fails:2,423,182  wrgs:6,405,242  wck:714.0  ngds:54,048
    run2,215  dpts:875..1038  robin:FrbaOnDom-First  effs:477,741,315  asgs:(9387,noefs=2942,fails=1742)  fails:2,424,924  wrgs:6,412,263  wck:715.1  ngds:54,051
    run2,216  dpts:6..60  robin:Wdeg-Last  effs:477,815,573  asgs:(4219,noefs=0,fails=1829)  fails:2,426,753  wrgs:6,414,845  wck:715.2  ngds:54,062
    run2,217  dpts:13..145  robin:PickOnDom-Rand  effs:477,912,731  asgs:(5711,noefs=1353,fails=1920)  fails:2,428,673  wrgs:6,418,785  wck:715.5  ngds:54,095
    run2,218  dpts:430..576  robin:WdegOnDom-First  effs:478,465,885  asgs:(8385,noefs=3502,fails=2016)  fails:2,430,689  wrgs:6,425,457  wck:716.3  ngds:54,100
    run2,219  dpts:5..177  robin:FrbaOnDom-Last  effs:478,614,197  asgs:(4337,noefs=0,fails=2117)  fails:2,432,806  wrgs:6,427,688  wck:716.6  ngds:54,147
 ...resetting heuristics data (nValues:6,915 - nSingletons:565 - nEntailed:522)
    run2,220  dpts:15..183  robin:Wdeg-Rand  effs:479,003,681  asgs:(6720,noefs=1447,fails=2223)  fails:2,435,029  wrgs:6,432,178  wck:717.1  ngds:54,172
    run2,221  dpts:348..531  robin:PickOnDom-First  effs:479,509,261  asgs:(11180,noefs=3124,fails=2334)  fails:2,437,363  wrgs:6,441,249  wck:717.9  ngds:54,178
    run2,222  dpts:17..81  robin:WdegOnDom-Last  effs:479,794,000  asgs:(5282,noefs=0,fails=2451)  fails:2,439,814  wrgs:6,444,175  wck:718.3  ngds:54,206
    run2,223  dpts:1..222  robin:FrbaOnDom-Rand  effs:480,135,197  asgs:(7653,noefs=1583,fails=2574)  fails:2,442,388  wrgs:6,449,308  wck:718.9  ngds:54,217
    run2,224  dpts:453..594  robin:Wdeg-First  effs:481,342,892  asgs:(17358,noefs=7525,fails=2702)  fails:2,445,090  wrgs:6,464,257  wck:720.5  ngds:54,224
    run2,225  dpts:4..94  robin:PickOnDom-Last  effs:481,504,897  asgs:(6073,noefs=0,fails=2838)  fails:2,447,928  wrgs:6,467,555  wck:720.8  ngds:54,238
    run2,226  dpts:6..97  robin:WdegOnDom-Rand  effs:481,897,339  asgs:(8603,noefs=1842,fails=2979)  fails:2,450,907  wrgs:6,473,466  wck:721.5  ngds:54,257
    run2,227  dpts:828..1085  robin:FrbaOnDom-First  effs:484,770,799  asgs:(23536,noefs=11081,fails=3128)  fails:2,454,035  wrgs:6,493,729  wck:725.8  ngds:54,263
    run2,228  dpts:10..72  robin:Wdeg-Last  effs:485,038,792  asgs:(7041,noefs=0,fails=3285)  fails:2,457,320  wrgs:6,497,616  wck:726.3  ngds:54,274
    run2,229  dpts:11..214  robin:PickOnDom-Rand  effs:485,393,817  asgs:(10350,noefs=1986,fails=3449)  fails:2,460,769  wrgs:6,504,622  wck:726.8  ngds:54,325
    run2,230  dpts:169..418  robin:WdegOnDom-First  effs:486,421,263  asgs:(18529,noefs=8350,fails=3622)  fails:2,464,391  wrgs:6,520,246  wck:728.7  ngds:54,331
    run2,231  dpts:2..163  robin:FrbaOnDom-Last  effs:486,690,724  asgs:(7751,noefs=0,fails=3803)  fails:2,468,194  wrgs:6,524,218  wck:729.1  ngds:54,414
    run2,232  dpts:12..127  robin:Wdeg-Rand  effs:487,202,841  asgs:(11523,noefs=2397,fails=3993)  fails:2,472,187  wrgs:6,532,112  wck:730.0  ngds:54,443
    run2,233  dpts:468..874  robin:PickOnDom-First  effs:488,491,094  asgs:(27111,noefs=10672,fails=4193)  fails:2,476,380  wrgs:6,556,358  wck:732.2  ngds:54,450
    run2,234  dpts:6..80  robin:WdegOnDom-Last  effs:488,791,609  asgs:(9084,noefs=0,fails=4402)  fails:2,480,782  wrgs:6,561,671  wck:732.7  ngds:54,466
    run2,235  dpts:3..191  robin:FrbaOnDom-Rand  effs:489,306,510  asgs:(13693,noefs=2964,fails=4622)  fails:2,485,404  wrgs:6,570,824  wck:733.5  ngds:54,504
    run2,236  dpts:518..636  robin:Wdeg-First  effs:491,160,004  asgs:(20804,noefs=7610,fails=4854)  fails:2,490,258  wrgs:6,588,118  wck:736.1  ngds:54,506
    run2,237  dpts:9..79  robin:PickOnDom-Last  effs:491,390,456  asgs:(10734,noefs=0,fails=5096)  fails:2,495,354  wrgs:6,594,044  wck:736.5  ngds:54,528
    run2,238  dpts:4..97  robin:WdegOnDom-Rand  effs:491,794,394  asgs:(15392,noefs=3506,fails=5351)  fails:2,500,705  wrgs:6,604,715  wck:737.4  ngds:54,538
    run2,239  dpts:628..1027  robin:FrbaOnDom-First  effs:496,462,260  asgs:(35122,noefs=13262,fails=5619)  fails:2,506,324  wrgs:6,634,781  wck:744.7  ngds:54,543
    run2,240  dpts:5..108  robin:Wdeg-Last  effs:497,004,601  asgs:(12327,noefs=0,fails=5900)  fails:2,512,224  wrgs:6,641,738  wck:745.6  ngds:54,570
    run2,241  dpts:9..167  robin:PickOnDom-Rand  effs:497,595,456  asgs:(17969,noefs=3103,fails=6195)  fails:2,518,419  wrgs:6,654,023  wck:746.5  ngds:54,590
    run2,242  dpts:258..359  robin:WdegOnDom-First  effs:499,927,501  asgs:(32046,noefs=15236,fails=6504)  fails:2,524,923  wrgs:6,681,999  wck:750.0  ngds:54,595
    run2,243  dpts:3..144  robin:FrbaOnDom-Last  effs:500,426,397  asgs:(14408,noefs=0,fails=6830)  fails:2,531,753  wrgs:6,689,872  wck:750.7  ngds:54,673
    run2,244  dpts:8..147  robin:Wdeg-Rand  effs:501,172,699  asgs:(19590,noefs=4430,fails=7171)  fails:2,538,924  wrgs:6,704,263  wck:752.2  ngds:54,717
    run2,245  dpts:490..723  robin:PickOnDom-First  effs:503,286,097  asgs:(38663,noefs=10198,fails=7530)  fails:2,546,454  wrgs:6,737,724  wck:755.2  ngds:54,723
    run2,246  dpts:3..102  robin:WdegOnDom-Last  effs:503,930,977  asgs:(16497,noefs=0,fails=7906)  fails:2,554,360  wrgs:6,746,818  wck:756.3  ngds:54,755
    run2,247  dpts:4..118  robin:FrbaOnDom-Rand  effs:504,862,128  asgs:(24663,noefs=4843,fails=8302)  fails:2,562,662  wrgs:6,763,585  wck:757.8  ngds:54,778
    run2,248  dpts:534..721  robin:Wdeg-First  effs:509,709,004  asgs:(55026,noefs=23217,fails=8717)  fails:2,571,379  wrgs:6,812,482  wck:763.8  ngds:54,782
    run2,249  dpts:6..105  robin:PickOnDom-Last  effs:510,142,361  asgs:(19308,noefs=0,fails=9153)  fails:2,580,532  wrgs:6,822,944  wck:764.5  ngds:54,823
 ...resetting heuristics data (nValues:6,915 - nSingletons:565 - nEntailed:522)
    run2,250  dpts:6..156  robin:WdegOnDom-Rand  effs:512,138,627  asgs:(28215,noefs=5524,fails=9610)  fails:2,590,142  wrgs:6,842,096  wck:767.2  ngds:54,846
 ...resetting restart cutoff to 130
    run2,251  dpts:785..896  robin:FrbaOnDom-First  effs:512,205,383  asgs:(1703,noefs=889,fails=130)  fails:2,590,272  wrgs:6,842,955  wck:767.4  ngds:54,848
    run2,252  dpts:18..61  robin:Wdeg-Last  effs:512,216,214  asgs:(306,noefs=0,fails=136)  fails:2,590,408  wrgs:6,843,113  wck:767.4  ngds:54,852
    run2,253  dpts:9..223  robin:PickOnDom-Rand  effs:512,225,918  asgs:(493,noefs=128,fails=143)  fails:2,590,551  wrgs:6,843,332  wck:767.5  ngds:54,929
    run2,254  dpts:225..331  robin:WdegOnDom-First  effs:512,260,266  asgs:(1226,noefs=685,fails=150)  fails:2,590,701  wrgs:6,844,114  wck:767.6  ngds:54,937
    run2,255  dpts:0..78  robin:FrbaOnDom-Last  effs:512,268,549  asgs:(335,noefs=0,fails=158)  fails:2,590,859  wrgs:6,844,279  wck:767.6  ngds:55,002
    run2,256  dpts:22..70  robin:Wdeg-Rand  effs:512,278,250  asgs:(497,noefs=98,fails=165)  fails:2,591,024  wrgs:6,844,589  wck:767.6  ngds:55,014
    run2,257  dpts:430..617  robin:PickOnDom-First  effs:512,356,604  asgs:(1526,noefs=700,fails=174)  fails:2,591,198  wrgs:6,845,533  wck:767.8  ngds:55,018
    run2,258  dpts:1..62  robin:WdegOnDom-Last  effs:512,370,450  asgs:(400,noefs=0,fails=182)  fails:2,591,380  wrgs:6,845,742  wck:767.8  ngds:55,058
    run2,259  dpts:5..114  robin:FrbaOnDom-Rand  effs:512,387,837  asgs:(584,noefs=143,fails=192)  fails:2,591,572  wrgs:6,846,116  wck:767.8  ngds:55,076
    run2,260  dpts:320..438  robin:Wdeg-First  effs:512,456,264  asgs:(1659,noefs=756,fails=201)  fails:2,591,773  wrgs:6,847,287  wck:768.0  ngds:55,082
 ...Discarding 1 singleton variables
    run2,261  dpts:2..87  robin:PickOnDom-Last  effs:512,465,253  asgs:(449,noefs=0,fails=211)  fails:2,591,984  wrgs:6,847,511  wck:768.0  ngds:55,135
    run2,262  dpts:10..66  robin:WdegOnDom-Rand  effs:512,503,345  asgs:(643,noefs=167,fails=222)  fails:2,592,206  wrgs:6,847,951  wck:768.1  ngds:55,147
    run2,263  dpts:917..1128  robin:FrbaOnDom-First  effs:512,588,113  asgs:(2162,noefs=1184,fails=233)  fails:2,592,439  wrgs:6,848,921  wck:768.3  ngds:55,152
    run2,264  dpts:1..66  robin:Wdeg-Last  effs:512,599,535  asgs:(559,noefs=0,fails=245)  fails:2,592,684  wrgs:6,849,250  wck:768.3  ngds:55,184
    run2,265  dpts:6..130  robin:PickOnDom-Rand  effs:512,641,660  asgs:(807,noefs=145,fails=257)  fails:2,592,941  wrgs:6,849,765  wck:768.4  ngds:55,206
    run2,266  dpts:297..346  robin:WdegOnDom-First  effs:512,706,782  asgs:(1832,noefs=912,fails=270)  fails:2,593,211  wrgs:6,851,048  wck:768.5  ngds:55,213
    run2,267  dpts:3..98  robin:FrbaOnDom-Last  effs:512,720,704  asgs:(590,noefs=0,fails=283)  fails:2,593,494  wrgs:6,851,345  wck:768.5  ngds:55,275
    run2,268  dpts:3..84  robin:Wdeg-Rand  effs:512,751,482  asgs:(907,noefs=147,fails=297)  fails:2,593,791  wrgs:6,851,947  wck:768.6  ngds:55,289
    run2,269  dpts:225..690  robin:PickOnDom-First  effs:512,877,165  asgs:(3430,noefs=1211,fails=312)  fails:2,594,103  wrgs:6,854,507  wck:768.8  ngds:55,301
    run2,270  dpts:3..47  robin:WdegOnDom-Last  effs:512,896,697  asgs:(693,noefs=0,fails=328)  fails:2,594,431  wrgs:6,854,898  wck:768.8  ngds:55,317
    run2,271  dpts:7..103  robin:FrbaOnDom-Rand  effs:512,927,158  asgs:(1033,noefs=219,fails=344)  fails:2,594,775  wrgs:6,855,586  wck:768.9  ngds:55,327
    run2,272  dpts:578..724  robin:Wdeg-First  effs:513,016,420  asgs:(2530,noefs=1265,fails=362)  fails:2,595,137  wrgs:6,857,201  wck:769.1  ngds:55,335
    run2,273  dpts:4..63  robin:PickOnDom-Last  effs:513,029,628  asgs:(842,noefs=0,fails=380)  fails:2,595,517  wrgs:6,857,680  wck:769.1  ngds:55,366
    run2,274  dpts:6..110  robin:WdegOnDom-Rand  effs:513,058,629  asgs:(1229,noefs=272,fails=399)  fails:2,595,916  wrgs:6,858,478  wck:769.2  ngds:55,409
    run2,275  dpts:662..928  robin:FrbaOnDom-First  effs:513,367,972  asgs:(3628,noefs=1820,fails=419)  fails:2,596,335  wrgs:6,861,155  wck:769.7  ngds:55,410
    run2,276  dpts:4..59  robin:Wdeg-Last  effs:513,402,686  asgs:(991,noefs=0,fails=440)  fails:2,596,775  wrgs:6,861,732  wck:769.8  ngds:55,429
    run2,277  dpts:5..143  robin:PickOnDom-Rand  effs:513,443,689  asgs:(1396,noefs=221,fails=462)  fails:2,597,237  wrgs:6,862,619  wck:769.8  ngds:55,473
    run2,278  dpts:336..373  robin:WdegOnDom-First  effs:513,666,786  asgs:(2479,noefs=1171,fails=485)  fails:2,597,722  wrgs:6,864,515  wck:770.2  ngds:55,476
    run2,279  dpts:1..83  robin:FrbaOnDom-Last  effs:513,686,698  asgs:(1057,noefs=0,fails=509)  fails:2,598,231  wrgs:6,865,067  wck:770.2  ngds:55,511
 ...resetting heuristics data (nValues:6,914 - nSingletons:566 - nEntailed:523)
    run2,280  dpts:8..114  robin:Wdeg-Rand  effs:513,768,227  asgs:(1633,noefs=373,fails=535)  fails:2,598,766  wrgs:6,866,141  wck:770.4  ngds:55,528
    run2,281  dpts:331..500  robin:PickOnDom-First  effs:513,933,624  asgs:(3727,noefs=1559,fails=561)  fails:2,599,327  wrgs:6,869,130  wck:770.6  ngds:55,531
    run2,282  dpts:17..48  robin:WdegOnDom-Last  effs:514,002,289  asgs:(1291,noefs=0,fails=589)  fails:2,599,916  wrgs:6,869,840  wck:770.8  ngds:55,545
    run2,283  dpts:1..151  robin:FrbaOnDom-Rand  effs:514,073,579  asgs:(1842,noefs=406,fails=619)  fails:2,600,535  wrgs:6,871,056  wck:770.9  ngds:55,573
    run2,284  dpts:346..542  robin:Wdeg-First  effs:514,308,078  asgs:(4762,noefs=2067,fails=650)  fails:2,601,185  wrgs:6,874,917  wck:771.3  ngds:55,579
    run2,285  dpts:1..87  robin:PickOnDom-Last  effs:514,365,263  asgs:(1440,noefs=0,fails=682)  fails:2,601,867  wrgs:6,875,665  wck:771.3  ngds:55,617
    run2,286  dpts:4..78  robin:WdegOnDom-Rand  effs:514,456,115  asgs:(2098,noefs=365,fails=717)  fails:2,602,584  wrgs:6,877,094  wck:771.5  ngds:55,646
    run2,287  dpts:695..1132  robin:FrbaOnDom-First  effs:515,206,729  asgs:(5294,noefs=2336,fails=752)  fails:2,603,336  wrgs:6,881,023  wck:772.7  ngds:55,649
    run2,288  dpts:3..49  robin:Wdeg-Last  effs:515,250,088  asgs:(1780,noefs=0,fails=790)  fails:2,604,126  wrgs:6,882,056  wck:772.8  ngds:55,666
    run2,289  dpts:7..113  robin:PickOnDom-Rand  effs:515,380,034  asgs:(2454,noefs=400,fails=830)  fails:2,604,956  wrgs:6,883,708  wck:773.0  ngds:55,698
    run2,290  dpts:401..486  robin:WdegOnDom-First  effs:515,721,453  asgs:(5024,noefs=2516,fails=871)  fails:2,605,827  wrgs:6,887,737  wck:773.5  ngds:55,702
    run2,291  dpts:2..211  robin:FrbaOnDom-Last  effs:515,801,009  asgs:(1872,noefs=0,fails=915)  fails:2,606,742  wrgs:6,888,691  wck:773.6  ngds:55,853
    run2,292  dpts:9..122  robin:Wdeg-Rand  effs:515,874,719  asgs:(2822,noefs=487,fails=960)  fails:2,607,702  wrgs:6,890,596  wck:773.8  ngds:55,897
    run2,293  dpts:198..391  robin:PickOnDom-First  effs:516,604,014  asgs:(9175,noefs=3986,fails=1009)  fails:2,608,711  wrgs:6,898,828  wck:774.8  ngds:55,901
    run2,294  dpts:2..45  robin:WdegOnDom-Last  effs:516,673,974  asgs:(2294,noefs=0,fails=1059)  fails:2,609,770  wrgs:6,900,269  wck:775.0  ngds:55,920
    run2,295  dpts:7..144  robin:FrbaOnDom-Rand  effs:516,886,021  asgs:(3321,noefs=775,fails=1112)  fails:2,610,882  wrgs:6,902,525  wck:775.4  ngds:55,935
    run2,296  dpts:480..613  robin:Wdeg-First  effs:517,158,611  asgs:(5740,noefs=2345,fails=1168)  fails:2,612,050  wrgs:6,907,064  wck:775.8  ngds:55,941
    run2,297  dpts:7..198  robin:PickOnDom-Last  effs:517,245,626  asgs:(2561,noefs=0,fails=1226)  fails:2,613,276  wrgs:6,908,388  wck:775.9  ngds:56,084
    run2,298  dpts:7..113  robin:WdegOnDom-Rand  effs:517,363,668  asgs:(3623,noefs=708,fails=1287)  fails:2,614,563  wrgs:6,910,855  wck:776.2  ngds:56,114
    run2,299  dpts:679..1022  robin:FrbaOnDom-First  effs:518,573,364  asgs:(8704,noefs=3384,fails=1352)  fails:2,615,915  wrgs:6,917,724  wck:777.9  ngds:56,117
    run2,300  dpts:2..102  robin:Wdeg-Last  effs:518,658,132  asgs:(3141,noefs=0,fails=1419)  fails:2,617,334  wrgs:6,919,515  wck:778.1  ngds:56,146
    run2,301  dpts:14..203  robin:PickOnDom-Rand  effs:518,805,215  asgs:(4547,noefs=1062,fails=1490)  fails:2,618,824  wrgs:6,922,552  wck:778.3  ngds:56,190
    run2,302  dpts:332..433  robin:WdegOnDom-First  effs:519,156,019  asgs:(8418,noefs=4059,fails=1565)  fails:2,620,389  wrgs:6,929,453  wck:779.0  ngds:56,197
    run2,303  dpts:5..140  robin:FrbaOnDom-Last  effs:519,284,051  asgs:(3368,noefs=0,fails=1643)  fails:2,622,032  wrgs:6,931,214  wck:779.2  ngds:56,257
    run2,304  dpts:2..71  robin:Wdeg-Rand  effs:519,427,342  asgs:(4940,noefs=625,fails=1725)  fails:2,623,757  wrgs:6,934,638  wck:779.5  ngds:56,269
    run2,305  dpts:316..435  robin:PickOnDom-First  effs:519,823,140  asgs:(10702,noefs=3406,fails=1812)  fails:2,625,569  wrgs:6,943,720  wck:780.3  ngds:56,272
    run2,306  dpts:5..76  robin:WdegOnDom-Last  effs:519,901,277  asgs:(3986,noefs=0,fails=1902)  fails:2,627,471  wrgs:6,945,994  wck:780.5  ngds:56,290
    run2,307  dpts:9..133  robin:FrbaOnDom-Rand  effs:520,182,751  asgs:(5980,noefs=1323,fails=1997)  fails:2,629,468  wrgs:6,949,983  wck:780.9  ngds:56,318
    run2,308  dpts:818..928  robin:Wdeg-First  effs:520,872,919  asgs:(12041,noefs=4968,fails=2097)  fails:2,631,565  wrgs:6,959,772  wck:782.2  ngds:56,324
    run2,309  dpts:9..80  robin:PickOnDom-Last  effs:521,001,717  asgs:(4886,noefs=0,fails=2202)  fails:2,633,767  wrgs:6,962,507  wck:782.4  ngds:56,360
 ...resetting heuristics data (nValues:6,914 - nSingletons:566 - nEntailed:523)
    run2,310  dpts:10..160  robin:WdegOnDom-Rand  effs:521,623,567  asgs:(6832,noefs=1565,fails=2312)  fails:2,636,079  wrgs:6,967,138  wck:783.2  ngds:56,380
    run2,311  dpts:683..829  robin:FrbaOnDom-First  effs:522,578,145  asgs:(12056,noefs=3762,fails=2428)  fails:2,638,507  wrgs:6,976,668  wck:784.8  ngds:56,387
    run2,312  dpts:17..99  robin:Wdeg-Last  effs:522,768,941  asgs:(5509,noefs=0,fails=2549)  fails:2,641,056  wrgs:6,979,724  wck:785.1  ngds:56,413
    run2,313  dpts:13..135  robin:PickOnDom-Rand  effs:523,035,497  asgs:(8024,noefs=1632,fails=2677)  fails:2,643,733  wrgs:6,985,182  wck:785.6  ngds:56,431
    run2,314  dpts:294..407  robin:WdegOnDom-First  effs:523,994,876  asgs:(15969,noefs=8252,fails=2811)  fails:2,646,544  wrgs:6,998,930  wck:787.3  ngds:56,436
    run2,315  dpts:5..147  robin:FrbaOnDom-Last  effs:524,110,816  asgs:(6036,noefs=0,fails=2951)  fails:2,649,495  wrgs:7,002,041  wck:787.6  ngds:56,552
    run2,316  dpts:10..151  robin:Wdeg-Rand  effs:524,620,167  asgs:(9096,noefs=1480,fails=3099)  fails:2,652,594  wrgs:7,008,188  wck:788.3  ngds:56,594
    run2,317  dpts:104..552  robin:PickOnDom-First  effs:525,974,448  asgs:(26094,noefs=12238,fails=3254)  fails:2,655,848  wrgs:7,031,537  wck:790.4  ngds:56,600
    run2,318  dpts:3..90  robin:WdegOnDom-Last  effs:526,300,380  asgs:(7181,noefs=0,fails=3416)  fails:2,659,264  wrgs:7,035,556  wck:791.0  ngds:56,637
    run2,319  dpts:3..206  robin:FrbaOnDom-Rand  effs:526,833,689  asgs:(10656,noefs=2157,fails=3587)  fails:2,662,851  wrgs:7,042,711  wck:791.8  ngds:56,657
    run2,320  dpts:438..744  robin:Wdeg-First  effs:527,491,549  asgs:(19421,noefs=6675,fails=3767)  fails:2,666,618  wrgs:7,058,739  wck:792.9  ngds:56,661
    run2,321  dpts:2..117  robin:PickOnDom-Last  effs:527,739,119  asgs:(8260,noefs=0,fails=3955)  fails:2,670,573  wrgs:7,063,134  wck:793.3  ngds:56,711
    run2,322  dpts:6..95  robin:WdegOnDom-Rand  effs:528,329,481  asgs:(12065,noefs=2627,fails=4153)  fails:2,674,726  wrgs:7,071,468  wck:794.3  ngds:56,727
    run2,323  dpts:668..1057  robin:FrbaOnDom-First  effs:530,025,059  asgs:(17721,noefs=4329,fails=4360)  fails:2,679,086  wrgs:7,084,704  wck:796.5  ngds:56,731
    run2,324  dpts:1..87  robin:Wdeg-Last  effs:530,347,362  asgs:(9852,noefs=0,fails=4578)  fails:2,683,664  wrgs:7,090,235  wck:797.1  ngds:56,747
    run2,325  dpts:2..245  robin:PickOnDom-Rand  effs:530,832,547  asgs:(14218,noefs=2791,fails=4807)  fails:2,688,471  wrgs:7,099,784  wck:797.9  ngds:56,782
    run2,326  dpts:283..443  robin:WdegOnDom-First  effs:532,865,654  asgs:(28270,noefs=15448,fails=5048)  fails:2,693,519  wrgs:7,124,637  wck:801.0  ngds:56,787
    run2,327  dpts:2..138  robin:FrbaOnDom-Last  effs:533,284,276  asgs:(10948,noefs=0,fails=5300)  fails:2,698,819  wrgs:7,130,512  wck:801.7  ngds:56,849
    run2,328  dpts:4..72  robin:Wdeg-Rand  effs:533,821,823  asgs:(15948,noefs=2841,fails=5565)  fails:2,704,384  wrgs:7,141,744  wck:802.8  ngds:56,857
    run2,329  dpts:447..634  robin:PickOnDom-First  effs:535,437,354  asgs:(40164,noefs=14883,fails=5843)  fails:2,710,227  wrgs:7,177,378  wck:805.9  ngds:56,864
    run2,330  dpts:2..96  robin:WdegOnDom-Last  effs:535,822,665  asgs:(13094,noefs=0,fails=6136)  fails:2,716,363  wrgs:7,184,573  wck:806.5  ngds:56,897
    run2,331  dpts:7..181  robin:FrbaOnDom-Rand  effs:536,679,967  asgs:(18765,noefs=3896,fails=6442)  fails:2,722,805  wrgs:7,197,421  wck:808.1  ngds:56,921
    run2,332  dpts:370..550  robin:Wdeg-First  effs:538,456,943  asgs:(36504,noefs=16427,fails=6765)  fails:2,729,570  wrgs:7,228,917  wck:811.5  ngds:56,927
    run2,333  dpts:1..112  robin:PickOnDom-Last  effs:538,891,138  asgs:(15512,noefs=0,fails=7103)  fails:2,736,673  wrgs:7,237,834  wck:812.2  ngds:56,977
    run2,334  dpts:2..66  robin:WdegOnDom-Rand  effs:539,507,750  asgs:(21186,noefs=3990,fails=7458)  fails:2,744,131  wrgs:7,252,684  wck:813.4  ngds:56,994
    run2,335  dpts:692..849  robin:FrbaOnDom-First  effs:542,511,946  asgs:(41396,noefs=12269,fails=7831)  fails:2,751,962  wrgs:7,286,949  wck:818.0  ngds:57,004
    run2,336  dpts:4..97  robin:Wdeg-Last  effs:543,180,226  asgs:(17552,noefs=0,fails=8223)  fails:2,760,185  wrgs:7,297,123  wck:819.2  ngds:57,020
    run2,337  dpts:5..182  robin:PickOnDom-Rand  effs:544,035,289  asgs:(24781,noefs=3912,fails=8634)  fails:2,768,819  wrgs:7,314,330  wck:820.6  ngds:57,065
    run2,338  dpts:541..686  robin:WdegOnDom-First  effs:547,170,843  asgs:(45828,noefs=21741,fails=9065)  fails:2,777,884  wrgs:7,353,808  wck:825.4  ngds:57,071
    run2,339  dpts:2..199  robin:FrbaOnDom-Last  effs:547,795,549  asgs:(19569,noefs=0,fails=9519)  fails:2,787,403  wrgs:7,364,029  wck:826.4  ngds:57,211
 ...resetting heuristics data (nValues:6,914 - nSingletons:566 - nEntailed:523)
    run2,340  dpts:7..183  robin:Wdeg-Rand  effs:549,682,938  asgs:(29743,noefs=6581,fails=9995)  fails:2,797,398  wrgs:7,384,311  wck:829.3  ngds:57,253
 ...resetting restart cutoff to 135
    run2,341  dpts:351..467  robin:PickOnDom-First  effs:549,707,765  asgs:(896,noefs=415,fails=135)  fails:2,797,533  wrgs:7,384,693  wck:829.3  ngds:57,263
    run2,342  dpts:17..44  robin:WdegOnDom-Last  effs:549,723,999  asgs:(329,noefs=0,fails=141)  fails:2,797,674  wrgs:7,384,863  wck:829.3  ngds:57,283
    run2,343  dpts:3..96  robin:FrbaOnDom-Rand  effs:549,735,632  asgs:(443,noefs=76,fails=148)  fails:2,797,822  wrgs:7,385,113  wck:829.4  ngds:57,326
    run2,344  dpts:471..666  robin:Wdeg-First  effs:549,814,764  asgs:(1925,noefs=1128,fails=156)  fails:2,797,978  wrgs:7,386,295  wck:829.5  ngds:57,329
    run2,345  dpts:17..59  robin:PickOnDom-Last  effs:549,827,325  asgs:(364,noefs=0,fails=164)  fails:2,798,142  wrgs:7,386,474  wck:829.5  ngds:57,358
    run2,346  dpts:8..75  robin:WdegOnDom-Rand  effs:549,842,203  asgs:(545,noefs=116,fails=172)  fails:2,798,314  wrgs:7,386,819  wck:829.6  ngds:57,369
    run2,347  dpts:663..941  robin:FrbaOnDom-First  effs:550,009,305  asgs:(1850,noefs=1049,fails=180)  fails:2,798,494  wrgs:7,387,942  wck:829.9  ngds:57,370
    run2,348  dpts:12..62  robin:Wdeg-Last  effs:550,018,283  asgs:(438,noefs=0,fails=189)  fails:2,798,683  wrgs:7,388,210  wck:830.0  ngds:57,399
    run2,349  dpts:19..175  robin:PickOnDom-Rand  effs:550,042,427  asgs:(637,noefs=135,fails=199)  fails:2,798,882  wrgs:7,388,615  wck:830.0  ngds:57,416
    run2,350  dpts:255..367  robin:WdegOnDom-First  effs:550,122,191  asgs:(1440,noefs=600,fails=209)  fails:2,799,091  wrgs:7,389,577  wck:830.2  ngds:57,420
    run2,351  dpts:2..81  robin:FrbaOnDom-Last  effs:550,138,819  asgs:(460,noefs=0,fails=219)  fails:2,799,310  wrgs:7,389,812  wck:830.2  ngds:57,492
    run2,352  dpts:9..73  robin:Wdeg-Rand  effs:550,154,178  asgs:(664,noefs=101,fails=230)  fails:2,799,540  wrgs:7,390,267  wck:830.2  ngds:57,501
    run2,353  dpts:291..613  robin:PickOnDom-First  effs:550,274,021  asgs:(3094,noefs=1567,fails=242)  fails:2,799,782  wrgs:7,392,558  wck:830.5  ngds:57,506
    run2,354  dpts:8..61  robin:WdegOnDom-Last  effs:550,292,276  asgs:(551,noefs=0,fails=254)  fails:2,800,036  wrgs:7,392,851  wck:830.5  ngds:57,510
    run2,355  dpts:14..126  robin:FrbaOnDom-Rand  effs:550,320,281  asgs:(812,noefs=171,fails=267)  fails:2,800,303  wrgs:7,393,375  wck:830.6  ngds:57,519
    run2,356  dpts:640..757  robin:Wdeg-First  effs:550,398,394  asgs:(2332,noefs=1236,fails=280)  fails:2,800,583  wrgs:7,394,847  wck:830.7  ngds:57,524
    run2,357  dpts:3..82  robin:PickOnDom-Last  effs:550,410,903  asgs:(640,noefs=0,fails=294)  fails:2,800,877  wrgs:7,395,183  wck:830.7  ngds:57,577
    run2,358  dpts:12..118  robin:WdegOnDom-Rand  effs:550,438,442  asgs:(911,noefs=221,fails=309)  fails:2,801,186  wrgs:7,395,773  wck:830.8  ngds:57,605
    run2,359  dpts:847..1090  robin:FrbaOnDom-First  effs:550,627,338  asgs:(2472,noefs=1134,fails=324)  fails:2,801,510  wrgs:7,397,030  wck:831.1  ngds:57,609
    run2,360  dpts:11..52  robin:Wdeg-Last  effs:550,639,076  asgs:(751,noefs=0,fails=341)  fails:2,801,851  wrgs:7,397,495  wck:831.2  ngds:57,624
    run2,361  dpts:6..147  robin:PickOnDom-Rand  effs:550,680,187  asgs:(1069,noefs=200,fails=358)  fails:2,802,209  wrgs:7,398,189  wck:831.3  ngds:57,657
    run2,362  dpts:458..588  robin:WdegOnDom-First  effs:550,884,162  asgs:(2283,noefs=1005,fails=376)  fails:2,802,585  wrgs:7,399,790  wck:831.6  ngds:57,660
    run2,363  dpts:0..55  robin:FrbaOnDom-Last  effs:550,930,212  asgs:(820,noefs=0,fails=394)  fails:2,802,979  wrgs:7,400,224  wck:831.7  ngds:57,698
    run2,364  dpts:17..81  robin:Wdeg-Rand  effs:550,961,178  asgs:(1157,noefs=205,fails=414)  fails:2,803,393  wrgs:7,401,019  wck:831.7  ngds:57,725
    run2,365  dpts:287..508  robin:PickOnDom-First  effs:551,111,179  asgs:(4009,noefs=1794,fails=435)  fails:2,803,828  wrgs:7,404,354  wck:832.1  ngds:57,731
    run2,366  dpts:5..57  robin:WdegOnDom-Last  effs:551,139,773  asgs:(1001,noefs=0,fails=457)  fails:2,804,285  wrgs:7,404,957  wck:832.1  ngds:57,759
    run2,367  dpts:10..162  robin:FrbaOnDom-Rand  effs:551,200,913  asgs:(1400,noefs=320,fails=480)  fails:2,804,765  wrgs:7,405,902  wck:832.2  ngds:57,807
    run2,368  dpts:691..735  robin:Wdeg-First  effs:551,287,739  asgs:(2972,noefs=1338,fails=504)  fails:2,805,269  wrgs:7,407,840  wck:832.4  ngds:57,811
    run2,369  dpts:4..87  robin:PickOnDom-Last  effs:551,323,011  asgs:(1151,noefs=0,fails=529)  fails:2,805,798  wrgs:7,408,474  wck:832.5  ngds:57,838
 ...resetting heuristics data (nValues:6,913 - nSingletons:567 - nEntailed:524)
    run2,370  dpts:11..105  robin:WdegOnDom-Rand  effs:551,445,797  asgs:(1714,noefs=391,fails=555)  fails:2,806,353  wrgs:7,409,594  wck:832.7  ngds:57,855
 ...Discarding 1 singleton variables
    run2,371  dpts:345..832  robin:FrbaOnDom-First  effs:551,798,809  asgs:(4815,noefs=2130,fails=583)  fails:2,806,936  wrgs:7,413,237  wck:833.3  ngds:57,863
    run2,372  dpts:18..72  robin:Wdeg-Last  effs:551,872,251  asgs:(1315,noefs=0,fails=612)  fails:2,807,548  wrgs:7,413,935  wck:833.4  ngds:57,875
    run2,373  dpts:7..166  robin:PickOnDom-Rand  effs:551,948,457  asgs:(1873,noefs=319,fails=643)  fails:2,808,191  wrgs:7,415,126  wck:833.5  ngds:57,933
    run2,374  dpts:243..426  robin:WdegOnDom-First  effs:552,265,341  asgs:(4378,noefs=1966,fails=675)  fails:2,808,866  wrgs:7,418,669  wck:834.0  ngds:57,939
    run2,375  dpts:1..206  robin:FrbaOnDom-Last  effs:552,305,734  asgs:(1457,noefs=0,fails=709)  fails:2,809,575  wrgs:7,419,414  wck:834.1  ngds:58,110
    run2,376  dpts:5..94  robin:Wdeg-Rand  effs:552,424,453  asgs:(2170,noefs=362,fails=744)  fails:2,810,319  wrgs:7,420,878  wck:834.3  ngds:58,129
    run2,377  dpts:304..452  robin:PickOnDom-First  effs:552,679,618  asgs:(7678,noefs=3587,fails=781)  fails:2,811,100  wrgs:7,427,660  wck:834.8  ngds:58,132
    run2,378  dpts:3..75  robin:WdegOnDom-Last  effs:552,769,648  asgs:(1752,noefs=0,fails=820)  fails:2,811,920  wrgs:7,428,635  wck:835.0  ngds:58,159
    run2,379  dpts:1..186  robin:FrbaOnDom-Rand  effs:552,894,201  asgs:(2610,noefs=559,fails=862)  fails:2,812,782  wrgs:7,430,340  wck:835.2  ngds:58,206
    run2,380  dpts:410..656  robin:Wdeg-First  effs:553,336,250  asgs:(7382,noefs=3579,fails=905)  fails:2,813,687  wrgs:7,436,465  wck:835.9  ngds:58,212
    run2,381  dpts:1..103  robin:PickOnDom-Last  effs:553,385,385  asgs:(2009,noefs=0,fails=950)  fails:2,814,637  wrgs:7,437,516  wck:836.0  ngds:58,247
    run2,382  dpts:4..73  robin:WdegOnDom-Rand  effs:553,490,112  asgs:(2935,noefs=577,fails=997)  fails:2,815,634  wrgs:7,439,507  wck:836.2  ngds:58,265
    run2,383  dpts:887..1158  robin:FrbaOnDom-First  effs:554,130,002  asgs:(6066,noefs=2086,fails=1047)  fails:2,816,681  wrgs:7,443,839  wck:837.3  ngds:58,271
    run2,384  dpts:1..76  robin:Wdeg-Last  effs:554,207,357  asgs:(2395,noefs=0,fails=1100)  fails:2,817,781  wrgs:7,445,221  wck:837.4  ngds:58,299
    run2,385  dpts:10..195  robin:PickOnDom-Rand  effs:554,286,930  asgs:(3415,noefs=721,fails=1155)  fails:2,818,936  wrgs:7,447,512  wck:837.6  ngds:58,315
    run2,386  dpts:387..534  robin:WdegOnDom-First  effs:555,031,066  asgs:(7087,noefs=3781,fails=1212)  fails:2,820,148  wrgs:7,453,365  wck:838.6  ngds:58,321
    run2,387  dpts:3..162  robin:FrbaOnDom-Last  effs:555,086,965  asgs:(2617,noefs=0,fails=1273)  fails:2,821,421  wrgs:7,454,719  wck:838.7  ngds:58,392
    run2,388  dpts:2..171  robin:Wdeg-Rand  effs:555,235,051  asgs:(3934,noefs=765,fails=1337)  fails:2,822,758  wrgs:7,457,374  wck:839.0  ngds:58,438
    run2,389  dpts:403..554  robin:PickOnDom-First  effs:555,564,264  asgs:(7682,noefs=2501,fails=1404)  fails:2,824,162  wrgs:7,463,605  wck:839.6  ngds:58,442
    run2,390  dpts:7..65  robin:WdegOnDom-Last  effs:555,660,815  asgs:(3087,noefs=0,fails=1474)  fails:2,825,636  wrgs:7,465,358  wck:839.8  ngds:58,462
    run2,391  dpts:2..171  robin:FrbaOnDom-Rand  effs:555,918,612  asgs:(4580,noefs=942,fails=1548)  fails:2,827,184  wrgs:7,468,405  wck:840.2  ngds:58,506
    run2,392  dpts:729..864  robin:Wdeg-First  effs:556,597,958  asgs:(11696,noefs=5410,fails=1625)  fails:2,828,809  wrgs:7,478,194  wck:841.2  ngds:58,509
    run2,393  dpts:6..107  robin:PickOnDom-Last  effs:556,700,128  asgs:(3611,noefs=0,fails=1706)  fails:2,830,515  wrgs:7,480,110  wck:841.4  ngds:58,550
    run2,394  dpts:4..59  robin:WdegOnDom-Rand  effs:556,854,173  asgs:(5191,noefs=936,fails=1792)  fails:2,832,307  wrgs:7,483,727  wck:841.7  ngds:58,566
    run2,395  dpts:754..944  robin:FrbaOnDom-First  effs:558,029,083  asgs:(11598,noefs=4176,fails=1881)  fails:2,834,188  wrgs:7,492,969  wck:843.6  ngds:58,570
    run2,396  dpts:1..85  robin:Wdeg-Last  effs:558,161,038  asgs:(4171,noefs=0,fails=1975)  fails:2,836,163  wrgs:7,495,351  wck:843.8  ngds:58,584
    run2,397  dpts:8..185  robin:PickOnDom-Rand  effs:558,397,839  asgs:(6160,noefs=803,fails=2074)  fails:2,838,237  wrgs:7,499,518  wck:844.2  ngds:58,633
    run2,398  dpts:373..510  robin:WdegOnDom-First  effs:559,192,929  asgs:(11274,noefs=5203,fails=2178)  fails:2,840,415  wrgs:7,509,106  wck:845.5  ngds:58,637
    run2,399  dpts:8..108  robin:FrbaOnDom-Last  effs:559,292,874  asgs:(4748,noefs=0,fails=2287)  fails:2,842,702  wrgs:7,511,646  wck:845.7  ngds:58,656
 ...resetting heuristics data (nValues:6,913 - nSingletons:567 - nEntailed:524)
    run2,400  dpts:8..202  robin:Wdeg-Rand  effs:559,716,981  asgs:(6992,noefs=1482,fails=2401)  fails:2,845,103  wrgs:7,516,321  wck:846.3  ngds:58,695
    run2,401  dpts:331..572  robin:PickOnDom-First  effs:560,522,486  asgs:(14749,noefs=4822,fails=2521)  fails:2,847,624  wrgs:7,528,892  wck:847.3  ngds:58,700
    run2,402  dpts:16..76  robin:WdegOnDom-Last  effs:560,822,011  asgs:(5709,noefs=0,fails=2647)  fails:2,850,271  wrgs:7,532,065  wck:847.9  ngds:58,728
    run2,403  dpts:8..284  robin:FrbaOnDom-Rand  effs:561,173,903  asgs:(8356,noefs=2005,fails=2780)  fails:2,853,051  wrgs:7,537,635  wck:848.4  ngds:58,782
    run2,404  dpts:486..617  robin:Wdeg-First  effs:561,954,482  asgs:(16445,noefs=6254,fails=2919)  fails:2,855,970  wrgs:7,551,689  wck:849.7  ngds:58,787
    run2,405  dpts:4..98  robin:PickOnDom-Last  effs:562,222,135  asgs:(6584,noefs=0,fails=3065)  fails:2,859,035  wrgs:7,555,271  wck:850.1  ngds:58,856
    run2,406  dpts:4..122  robin:WdegOnDom-Rand  effs:562,603,790  asgs:(9300,noefs=1822,fails=3218)  fails:2,862,253  wrgs:7,561,717  wck:850.8  ngds:58,887
    run2,407  dpts:847..1154  robin:FrbaOnDom-First  effs:564,301,497  asgs:(16335,noefs=6171,fails=3379)  fails:2,865,632  wrgs:7,574,767  wck:853.4  ngds:58,892
    run2,408  dpts:4..78  robin:Wdeg-Last  effs:564,479,060  asgs:(7573,noefs=0,fails=3548)  fails:2,869,180  wrgs:7,579,168  wck:853.8  ngds:58,915
    run2,409  dpts:14..130  robin:PickOnDom-Rand  effs:564,824,665  asgs:(10663,noefs=1256,fails=3725)  fails:2,872,905  wrgs:7,586,554  wck:854.4  ngds:58,943
    run2,410  dpts:243..358  robin:WdegOnDom-First  effs:566,643,552  asgs:(24128,noefs=11083,fails=3911)  fails:2,876,816  wrgs:7,607,353  wck:857.3  ngds:58,950
    run2,411  dpts:4..182  robin:FrbaOnDom-Last  effs:566,788,712  asgs:(8347,noefs=0,fails=4107)  fails:2,880,923  wrgs:7,611,644  wck:857.6  ngds:58,974
    run2,412  dpts:10..221  robin:Wdeg-Rand  effs:567,530,831  asgs:(12570,noefs=2699,fails=4312)  fails:2,885,235  wrgs:7,620,158  wck:858.7  ngds:59,027
    run2,413  dpts:508..791  robin:PickOnDom-First  effs:568,465,817  asgs:(26359,noefs=8675,fails=4528)  fails:2,889,763  wrgs:7,642,816  wck:860.5  ngds:59,031
    run2,414  dpts:1..62  robin:WdegOnDom-Last  effs:568,849,179  asgs:(10023,noefs=0,fails=4755)  fails:2,894,518  wrgs:7,648,453  wck:861.2  ngds:59,069
    run2,415  dpts:8..221  robin:FrbaOnDom-Rand  effs:569,348,540  asgs:(14774,noefs=3455,fails=4992)  fails:2,899,510  wrgs:7,658,290  wck:862.1  ngds:59,136
    run2,416  dpts:716..872  robin:Wdeg-First  effs:571,505,867  asgs:(31583,noefs=13717,fails=5242)  fails:2,904,752  wrgs:7,685,896  wck:865.1  ngds:59,139
    run2,417  dpts:2..112  robin:PickOnDom-Last  effs:571,824,763  asgs:(12129,noefs=0,fails=5504)  fails:2,910,256  wrgs:7,692,845  wck:865.6  ngds:59,189
    run2,418  dpts:13..98  robin:WdegOnDom-Rand  effs:572,715,809  asgs:(16953,noefs=3787,fails=5779)  fails:2,916,035  wrgs:7,704,542  wck:867.0  ngds:59,198
    run2,419  dpts:717..1105  robin:FrbaOnDom-First  effs:576,488,689  asgs:(42095,noefs=16901,fails=6068)  fails:2,922,103  wrgs:7,741,212  wck:873.3  ngds:59,202
    run2,420  dpts:9..105  robin:Wdeg-Last  effs:576,932,173  asgs:(13674,noefs=0,fails=6372)  fails:2,928,475  wrgs:7,749,082  wck:874.0  ngds:59,226
    run2,421  dpts:3..156  robin:PickOnDom-Rand  effs:577,737,128  asgs:(19648,noefs=3279,fails=6690)  fails:2,935,165  wrgs:7,762,442  wck:875.1  ngds:59,241
    run2,422  dpts:306..405  robin:WdegOnDom-First  effs:582,695,822  asgs:(38335,noefs=21449,fails=7025)  fails:2,942,190  wrgs:7,796,105  wck:881.6  ngds:59,245
    run2,423  dpts:1..196  robin:FrbaOnDom-Last  effs:583,199,316  asgs:(15111,noefs=0,fails=7376)  fails:2,949,566  wrgs:7,804,022  wck:882.5  ngds:59,398
    run2,424  dpts:4..170  robin:Wdeg-Rand  effs:584,355,228  asgs:(22513,noefs=4202,fails=7745)  fails:2,957,311  wrgs:7,819,451  wck:884.2  ngds:59,423
    run2,425  dpts:159..499  robin:PickOnDom-First  effs:588,628,735  asgs:(66591,noefs=25500,fails=8132)  fails:2,965,443  wrgs:7,879,659  wck:890.7  ngds:59,429
    run2,426  dpts:2..76  robin:WdegOnDom-Last  effs:589,054,320  asgs:(17786,noefs=0,fails=8539)  fails:2,973,982  wrgs:7,889,725  wck:891.6  ngds:59,452
    run2,427  dpts:2..219  robin:FrbaOnDom-Rand  effs:590,106,899  asgs:(26424,noefs=5866,fails=8966)  fails:2,982,948  wrgs:7,907,763  wck:893.7  ngds:59,485
    run2,428  dpts:709..942  robin:Wdeg-First  effs:593,017,369  asgs:(42904,noefs=14683,fails=9414)  fails:2,992,362  wrgs:7,943,292  wck:897.8  ngds:59,493
    run2,429  dpts:11..114  robin:PickOnDom-Last  effs:593,544,254  asgs:(20820,noefs=0,fails=9885)  fails:3,002,247  wrgs:7,954,916  wck:898.6  ngds:59,530
 ...resetting heuristics data (nValues:6,913 - nSingletons:567 - nEntailed:524)
    run2,430  dpts:7..217  robin:WdegOnDom-Rand  effs:595,701,967  asgs:(30263,noefs=6323,fails=10379)  fails:3,012,626  wrgs:7,975,495  wck:901.6  ngds:59,562
 ...resetting restart cutoff to 140
    run2,431  dpts:707..885  robin:FrbaOnDom-First  effs:595,800,450  asgs:(1601,noefs=767,fails=140)  fails:3,012,766  wrgs:7,976,310  wck:901.9  ngds:59,564
    run2,432  dpts:16..80  robin:Wdeg-Last  effs:595,809,201  asgs:(342,noefs=0,fails=147)  fails:3,012,913  wrgs:7,976,476  wck:901.9  ngds:59,614
    run2,433  dpts:14..192  robin:PickOnDom-Rand  effs:595,822,127  asgs:(491,noefs=129,fails=154)  fails:3,013,067  wrgs:7,976,708  wck:901.9  ngds:59,695
    run2,434  dpts:325..411  robin:WdegOnDom-First  effs:595,884,927  asgs:(1710,noefs=1096,fails=162)  fails:3,013,229  wrgs:7,977,914  wck:902.1  ngds:59,699
    run2,435  dpts:3..92  robin:FrbaOnDom-Last  effs:595,901,676  asgs:(353,noefs=0,fails=170)  fails:3,013,399  wrgs:7,978,088  wck:902.1  ngds:59,783
    run2,436  dpts:20..100  robin:Wdeg-Rand  effs:595,919,741  asgs:(553,noefs=129,fails=178)  fails:3,013,577  wrgs:7,978,421  wck:902.1  ngds:59,802
    run2,437  dpts:360..612  robin:PickOnDom-First  effs:596,128,715  asgs:(2310,noefs=968,fails=187)  fails:3,013,764  wrgs:7,980,180  wck:902.4  ngds:59,805
    run2,438  dpts:2..74  robin:WdegOnDom-Last  effs:596,137,680  asgs:(421,noefs=0,fails=196)  fails:3,013,960  wrgs:7,980,431  wck:902.5  ngds:59,842
    run2,439  dpts:17..136  robin:FrbaOnDom-Rand  effs:596,155,754  asgs:(610,noefs=133,fails=206)  fails:3,014,166  wrgs:7,980,785  wck:902.5  ngds:59,868
    run2,440  dpts:358..591  robin:Wdeg-First  effs:596,226,233  asgs:(2232,noefs=1214,fails=217)  fails:3,014,383  wrgs:7,982,315  wck:902.6  ngds:59,872
    run2,441  dpts:8..49  robin:PickOnDom-Last  effs:596,242,655  asgs:(515,noefs=0,fails=228)  fails:3,014,611  wrgs:7,982,597  wck:902.7  ngds:59,901
    run2,442  dpts:2..108  robin:WdegOnDom-Rand  effs:596,281,001  asgs:(726,noefs=181,fails=239)  fails:3,014,850  wrgs:7,983,061  wck:902.8  ngds:59,921
    run2,443  dpts:977..1108  robin:FrbaOnDom-First  effs:596,399,268  asgs:(2416,noefs=1335,fails=251)  fails:3,015,101  wrgs:7,984,354  wck:903.0  ngds:59,923
    run2,444  dpts:4..79  robin:Wdeg-Last  effs:596,415,230  asgs:(578,noefs=0,fails=263)  fails:3,015,364  wrgs:7,984,670  wck:903.1  ngds:59,959
    run2,445  dpts:4..191  robin:PickOnDom-Rand  effs:596,436,093  asgs:(851,noefs=162,fails=277)  fails:3,015,641  wrgs:7,985,181  wck:903.1  ngds:60,018
    run2,446  dpts:343..419  robin:WdegOnDom-First  effs:596,564,867  asgs:(2158,noefs=1264,fails=291)  fails:3,015,932  wrgs:7,986,799  wck:903.4  ngds:60,021
    run2,447  dpts:0..117  robin:FrbaOnDom-Last  effs:596,585,334  asgs:(636,noefs=0,fails=305)  fails:3,016,237  wrgs:7,987,130  wck:903.4  ngds:60,116
    run2,448  dpts:4..157  robin:Wdeg-Rand  effs:596,625,978  asgs:(993,noefs=208,fails=320)  fails:3,016,557  wrgs:7,987,755  wck:903.5  ngds:60,167
    run2,449  dpts:138..655  robin:PickOnDom-First  effs:596,743,341  asgs:(2766,noefs=1037,fails=336)  fails:3,016,893  wrgs:7,989,783  wck:903.7  ngds:60,173
    run2,450  dpts:8..69  robin:WdegOnDom-Last  effs:596,774,167  asgs:(747,noefs=0,fails=353)  fails:3,017,246  wrgs:7,990,192  wck:903.7  ngds:60,197
 ...Discarding 1 singleton variables
    run2,451  dpts:4..101  robin:FrbaOnDom-Rand  effs:596,813,999  asgs:(1105,noefs=267,fails=371)  fails:3,017,617  wrgs:7,990,904  wck:903.8  ngds:60,241
    run2,452  dpts:650..684  robin:Wdeg-First  effs:596,881,394  asgs:(2160,noefs=896,fails=390)  fails:3,018,007  wrgs:7,992,143  wck:904.0  ngds:60,245
    run2,453  dpts:8..96  robin:PickOnDom-Last  effs:596,906,078  asgs:(923,noefs=0,fails=409)  fails:3,018,416  wrgs:7,992,649  wck:904.0  ngds:60,271
    run2,454  dpts:7..98  robin:WdegOnDom-Rand  effs:596,955,039  asgs:(1304,noefs=294,fails=430)  fails:3,018,846  wrgs:7,993,515  wck:904.1  ngds:60,281
    run2,455  dpts:961..1238  robin:FrbaOnDom-First  effs:597,238,679  asgs:(3741,noefs=1706,fails=451)  fails:3,019,297  wrgs:7,995,876  wck:904.7  ngds:60,284
    run2,456  dpts:4..111  robin:Wdeg-Last  effs:597,272,560  asgs:(1021,noefs=0,fails=474)  fails:3,019,771  wrgs:7,996,419  wck:904.8  ngds:60,344
    run2,457  dpts:18..200  robin:PickOnDom-Rand  effs:597,343,920  asgs:(1528,noefs=235,fails=497)  fails:3,020,268  wrgs:7,997,389  wck:904.9  ngds:60,404
    run2,458  dpts:296..416  robin:WdegOnDom-First  effs:597,698,937  asgs:(3657,noefs=1953,fails=522)  fails:3,020,790  wrgs:8,000,278  wck:905.4  ngds:60,407
    run2,459  dpts:0..74  robin:FrbaOnDom-Last  effs:597,731,673  asgs:(1162,noefs=0,fails=548)  fails:3,021,338  wrgs:8,000,905  wck:905.5  ngds:60,438
 ...resetting heuristics data (nValues:6,910 - nSingletons:570 - nEntailed:527)
    run2,460  dpts:9..127  robin:Wdeg-Rand  effs:597,809,993  asgs:(1663,noefs=303,fails=576)  fails:3,021,914  wrgs:8,001,932  wck:905.6  ngds:60,481
 ...Discarding 2 singleton variables
    run2,461  dpts:350..514  robin:PickOnDom-First  effs:597,995,116  asgs:(3486,noefs=1284,fails=605)  fails:3,022,519  wrgs:8,004,615  wck:905.9  ngds:60,485
    run2,462  dpts:17..71  robin:WdegOnDom-Last  effs:598,085,848  asgs:(1370,noefs=0,fails=635)  fails:3,023,154  wrgs:8,005,341  wck:906.1  ngds:60,509
    run2,463  dpts:4..166  robin:FrbaOnDom-Rand  effs:598,172,872  asgs:(2018,noefs=424,fails=667)  fails:3,023,821  wrgs:8,006,669  wck:906.2  ngds:60,558
    run2,464  dpts:464..615  robin:Wdeg-First  effs:598,287,418  asgs:(3907,noefs=1546,fails=700)  fails:3,024,521  wrgs:8,009,548  wck:906.4  ngds:60,566
    run2,465  dpts:1..85  robin:PickOnDom-Last  effs:598,347,210  asgs:(1559,noefs=0,fails=735)  fails:3,025,256  wrgs:8,010,362  wck:906.5  ngds:60,599
    run2,466  dpts:7..139  robin:WdegOnDom-Rand  effs:598,453,107  asgs:(2260,noefs=438,fails=772)  fails:3,026,028  wrgs:8,011,885  wck:906.7  ngds:60,616
    run2,467  dpts:783..1086  robin:FrbaOnDom-First  effs:599,173,327  asgs:(5378,noefs=2486,fails=810)  fails:3,026,838  wrgs:8,015,782  wck:907.8  ngds:60,622
    run2,468  dpts:3..72  robin:Wdeg-Last  effs:599,239,353  asgs:(1875,noefs=0,fails=851)  fails:3,027,689  wrgs:8,016,858  wck:907.9  ngds:60,668
    run2,469  dpts:11..153  robin:PickOnDom-Rand  effs:599,345,333  asgs:(2603,noefs=457,fails=893)  fails:3,028,582  wrgs:8,018,638  wck:908.1  ngds:60,690
    run2,470  dpts:496..574  robin:WdegOnDom-First  effs:599,830,694  asgs:(6184,noefs=3356,fails=938)  fails:3,029,520  wrgs:8,023,686  wck:908.9  ngds:60,693
    run2,471  dpts:1..106  robin:FrbaOnDom-Last  effs:599,892,941  asgs:(2029,noefs=0,fails=985)  fails:3,030,505  wrgs:8,024,770  wck:909.0  ngds:60,737
    run2,472  dpts:14..131  robin:Wdeg-Rand  effs:600,063,622  asgs:(3065,noefs=638,fails=1034)  fails:3,031,539  wrgs:8,026,830  wck:909.3  ngds:60,747
    run2,473  dpts:334..670  robin:PickOnDom-First  effs:600,739,481  asgs:(9384,noefs=3580,fails=1086)  fails:3,032,625  wrgs:8,034,906  wck:910.3  ngds:60,753
    run2,474  dpts:4..79  robin:WdegOnDom-Last  effs:600,823,595  asgs:(2414,noefs=0,fails=1140)  fails:3,033,765  wrgs:8,036,357  wck:910.5  ngds:60,793
    run2,475  dpts:3..224  robin:FrbaOnDom-Rand  effs:600,983,578  asgs:(3540,noefs=805,fails=1198)  fails:3,034,963  wrgs:8,038,648  wck:910.8  ngds:60,846
    run2,476  dpts:742..802  robin:Wdeg-First  effs:601,291,355  asgs:(6397,noefs=2526,fails=1257)  fails:3,036,220  wrgs:8,043,550  wck:911.4  ngds:60,853
    run2,477  dpts:1..149  robin:PickOnDom-Last  effs:601,354,896  asgs:(2778,noefs=0,fails=1320)  fails:3,037,540  wrgs:8,045,039  wck:911.5  ngds:60,931
    run2,478  dpts:16..161  robin:WdegOnDom-Rand  effs:601,557,860  asgs:(4103,noefs=853,fails=1386)  fails:3,038,926  wrgs:8,047,851  wck:911.9  ngds:60,943
    run2,479  dpts:664..1007  robin:FrbaOnDom-First  effs:602,850,482  asgs:(9983,noefs=4037,fails=1456)  fails:3,040,382  wrgs:8,055,954  wck:914.0  ngds:60,949
    run2,480  dpts:3..78  robin:Wdeg-Last  effs:602,921,098  asgs:(3406,noefs=0,fails=1528)  fails:3,041,910  wrgs:8,057,969  wck:914.1  ngds:60,983
    run2,481  dpts:4..247  robin:PickOnDom-Rand  effs:603,064,197  asgs:(4758,noefs=866,fails=1605)  fails:3,043,515  wrgs:8,061,084  wck:914.4  ngds:61,056
    run2,482  dpts:318..424  robin:WdegOnDom-First  effs:604,076,289  asgs:(8835,noefs=4011,fails=1685)  fails:3,045,200  wrgs:8,068,423  wck:915.8  ngds:61,062
    run2,483  dpts:4..171  robin:FrbaOnDom-Last  effs:604,195,733  asgs:(3635,noefs=0,fails=1769)  fails:3,046,969  wrgs:8,070,317  wck:916.1  ngds:61,115
    run2,484  dpts:8..84  robin:Wdeg-Rand  effs:604,389,231  asgs:(5357,noefs=960,fails=1858)  fails:3,048,827  wrgs:8,073,970  wck:916.4  ngds:61,129
    run2,485  dpts:297..437  robin:PickOnDom-First  effs:604,811,436  asgs:(15202,noefs=6528,fails=1951)  fails:3,050,778  wrgs:8,087,459  wck:917.3  ngds:61,133
    run2,486  dpts:2..98  robin:WdegOnDom-Last  effs:604,925,258  asgs:(4452,noefs=0,fails=2048)  fails:3,052,826  wrgs:8,090,069  wck:917.6  ngds:61,160
    run2,487  dpts:1..229  robin:FrbaOnDom-Rand  effs:605,414,853  asgs:(6414,noefs=1428,fails=2151)  fails:3,054,977  wrgs:8,094,338  wck:918.4  ngds:61,193
    run2,488  dpts:672..824  robin:Wdeg-First  effs:606,028,565  asgs:(11283,noefs=4133,fails=2259)  fails:3,057,236  wrgs:8,103,176  wck:919.4  ngds:61,201
    run2,489  dpts:2..96  robin:PickOnDom-Last  effs:606,166,570  asgs:(5131,noefs=0,fails=2371)  fails:3,059,607  wrgs:8,106,097  wck:919.6  ngds:61,240
 ...resetting heuristics data (nValues:6,910 - nSingletons:570 - nEntailed:527)
    run2,490  dpts:7..182  robin:WdegOnDom-Rand  effs:606,631,632  asgs:(7463,noefs=1420,fails=2490)  fails:3,062,097  wrgs:8,111,117  wck:920.3  ngds:61,269
    run2,491  dpts:620..889  robin:FrbaOnDom-First  effs:608,265,787  asgs:(17197,noefs=6054,fails=2615)  fails:3,064,712  wrgs:8,125,411  wck:922.9  ngds:61,274
    run2,492  dpts:18..98  robin:Wdeg-Last  effs:608,510,700  asgs:(5865,noefs=0,fails=2745)  fails:3,067,457  wrgs:8,128,577  wck:923.3  ngds:61,284
    run2,493  dpts:4..248  robin:PickOnDom-Rand  effs:608,800,523  asgs:(8540,noefs=1503,fails=2883)  fails:3,070,340  wrgs:8,134,286  wck:923.8  ngds:61,334
    run2,494  dpts:264..372  robin:WdegOnDom-First  effs:610,475,542  asgs:(18047,noefs=8930,fails=3027)  fails:3,073,367  wrgs:8,149,667  wck:926.4  ngds:61,337
    run2,495  dpts:3..159  robin:FrbaOnDom-Last  effs:610,665,127  asgs:(6456,noefs=0,fails=3178)  fails:3,076,545  wrgs:8,152,986  wck:926.8  ngds:61,363
    run2,496  dpts:9..143  robin:Wdeg-Rand  effs:611,163,135  asgs:(9692,noefs=1613,fails=3337)  fails:3,079,882  wrgs:8,159,622  wck:927.6  ngds:61,403
    run2,497  dpts:167..580  robin:PickOnDom-First  effs:612,602,143  asgs:(26854,noefs=10379,fails=3504)  fails:3,083,386  wrgs:8,183,563  wck:929.8  ngds:61,412
    run2,498  dpts:6..104  robin:WdegOnDom-Last  effs:612,934,319  asgs:(7664,noefs=0,fails=3679)  fails:3,087,065  wrgs:8,187,819  wck:930.3  ngds:61,427
    run2,499  dpts:10..159  robin:FrbaOnDom-Rand  effs:613,416,207  asgs:(11467,noefs=2260,fails=3863)  fails:3,090,928  wrgs:8,195,573  wck:931.1  ngds:61,437
    run2,500  dpts:550..682  robin:Wdeg-First  effs:615,181,887  asgs:(29070,noefs=12329,fails=4056)  fails:3,094,984  wrgs:8,220,957  wck:933.8  ngds:61,442
    run2,501  dpts:1..146  robin:PickOnDom-Last  effs:615,434,801  asgs:(8955,noefs=0,fails=4259)  fails:3,099,243  wrgs:8,225,777  wck:934.3  ngds:61,522
    run2,502  dpts:5..101  robin:WdegOnDom-Rand  effs:615,902,076  asgs:(12703,noefs=2538,fails=4472)  fails:3,103,715  wrgs:8,234,729  wck:935.2  ngds:61,553
    run2,503  dpts:678..959  robin:FrbaOnDom-First  effs:618,776,212  asgs:(25379,noefs=7047,fails=4696)  fails:3,108,411  wrgs:8,255,625  wck:939.4  ngds:61,559
    run2,504  dpts:1..142  robin:Wdeg-Last  effs:619,182,037  asgs:(10324,noefs=0,fails=4931)  fails:3,113,342  wrgs:8,261,091  wck:940.0  ngds:61,642
    run2,505  dpts:5..197  robin:PickOnDom-Rand  effs:619,726,714  asgs:(15286,noefs=2648,fails=5177)  fails:3,118,519  wrgs:8,271,334  wck:940.8  ngds:61,670
    run2,506  dpts:485..671  robin:WdegOnDom-First  effs:623,812,493  asgs:(28518,noefs=14188,fails=5436)  fails:3,123,955  wrgs:8,295,945  wck:946.4  ngds:61,677
    run2,507  dpts:2..217  robin:FrbaOnDom-Last  effs:624,168,505  asgs:(11653,noefs=0,fails=5708)  fails:3,129,663  wrgs:8,301,981  wck:947.0  ngds:61,784
    run2,508  dpts:6..159  robin:Wdeg-Rand  effs:624,991,122  asgs:(17641,noefs=3722,fails=5993)  fails:3,135,656  wrgs:8,314,198  wck:948.3  ngds:61,814
    run2,509  dpts:130..491  robin:PickOnDom-First  effs:627,030,958  asgs:(52116,noefs=21381,fails=6293)  fails:3,141,949  wrgs:8,361,210  wck:951.7  ngds:61,822
    run2,510  dpts:10..103  robin:WdegOnDom-Last  effs:627,423,537  asgs:(14020,noefs=0,fails=6608)  fails:3,148,557  wrgs:8,369,159  wck:952.4  ngds:61,872
    run2,511  dpts:3..303  robin:FrbaOnDom-Rand  effs:628,461,936  asgs:(20719,noefs=4892,fails=6938)  fails:3,155,495  wrgs:8,383,035  wck:954.3  ngds:61,953
    run2,512  dpts:735..1019  robin:Wdeg-First  effs:630,419,715  asgs:(39008,noefs=15506,fails=7285)  fails:3,162,780  wrgs:8,416,245  wck:957.0  ngds:61,964
    run2,513  dpts:1..103  robin:PickOnDom-Last  effs:630,958,712  asgs:(16078,noefs=0,fails=7649)  fails:3,170,429  wrgs:8,425,011  wck:957.7  ngds:62,018
    run2,514  dpts:11..120  robin:WdegOnDom-Rand  effs:632,165,057  asgs:(23171,noefs=4497,fails=8032)  fails:3,178,461  wrgs:8,441,159  wck:959.7  ngds:62,037
    run2,515  dpts:647..1034  robin:FrbaOnDom-First  effs:636,296,933  asgs:(44065,noefs=13567,fails=8433)  fails:3,186,894  wrgs:8,477,161  wck:966.1  ngds:62,047
    run2,516  dpts:1..86  robin:Wdeg-Last  effs:636,958,155  asgs:(19312,noefs=0,fails=8855)  fails:3,195,749  wrgs:8,488,320  wck:967.2  ngds:62,087
    run2,517  dpts:9..200  robin:PickOnDom-Rand  effs:637,601,141  asgs:(26999,noefs=4583,fails=9298)  fails:3,205,047  wrgs:8,506,866  wck:968.4  ngds:62,114
    run2,518  dpts:540..636  robin:WdegOnDom-First  effs:641,219,173  asgs:(42485,noefs=17417,fails=9763)  fails:3,214,810  wrgs:8,543,559  wck:974.0  ngds:62,119
    run2,519  dpts:2..188  robin:FrbaOnDom-Last  effs:641,871,820  asgs:(20970,noefs=0,fails=10251)  fails:3,225,061  wrgs:8,554,476  wck:975.1  ngds:62,177
 ...resetting heuristics data (nValues:6,910 - nSingletons:570 - nEntailed:527)
    run2,520  dpts:9..181  robin:Wdeg-Rand  effs:643,434,251  asgs:(31472,noefs=6020,fails=10764)  fails:3,235,825  wrgs:8,576,199  wck:977.5  ngds:62,198
 ...resetting restart cutoff to 145
    run2,521  dpts:349..447  robin:PickOnDom-First  effs:643,471,514  asgs:(1123,noefs=502,fails=145)  fails:3,235,970  wrgs:8,576,805  wck:977.6  ngds:62,202
    run2,522  dpts:19..78  robin:WdegOnDom-Last  effs:643,486,789  asgs:(341,noefs=0,fails=152)  fails:3,236,122  wrgs:8,576,970  wck:977.6  ngds:62,216
    run2,523  dpts:1..115  robin:FrbaOnDom-Rand  effs:643,508,621  asgs:(473,noefs=101,fails=159)  fails:3,236,281  wrgs:8,577,264  wck:977.7  ngds:62,250
    run2,524  dpts:392..420  robin:Wdeg-First  effs:643,546,496  asgs:(1193,noefs=623,fails=167)  fails:3,236,448  wrgs:8,577,932  wck:977.8  ngds:62,255
    run2,525  dpts:3..70  robin:PickOnDom-Last  effs:643,561,828  asgs:(381,noefs=0,fails=176)  fails:3,236,624  wrgs:8,578,116  wck:977.8  ngds:62,303
    run2,526  dpts:1..74  robin:WdegOnDom-Rand  effs:643,581,435  asgs:(573,noefs=125,fails=185)  fails:3,236,809  wrgs:8,578,480  wck:977.8  ngds:62,323
    run2,527  dpts:897..1054  robin:FrbaOnDom-First  effs:643,676,611  asgs:(1953,noefs=1088,fails=194)  fails:3,237,003  wrgs:8,579,405  wck:978.1  ngds:62,325
    run2,528  dpts:9..57  robin:Wdeg-Last  effs:643,694,403  asgs:(437,noefs=0,fails=204)  fails:3,237,207  wrgs:8,579,621  wck:978.1  ngds:62,347
    run2,529  dpts:14..113  robin:PickOnDom-Rand  effs:643,716,236  asgs:(646,noefs=150,fails=214)  fails:3,237,421  wrgs:8,580,019  wck:978.1  ngds:62,377
    run2,530  dpts:200..404  robin:WdegOnDom-First  effs:643,756,596  asgs:(1260,noefs=506,fails=224)  fails:3,237,645  wrgs:8,580,772  wck:978.2  ngds:62,379
    run2,531  dpts:2..115  robin:FrbaOnDom-Last  effs:643,775,442  asgs:(501,noefs=0,fails=236)  fails:3,237,881  wrgs:8,581,031  wck:978.3  ngds:62,485
    run2,532  dpts:9..63  robin:Wdeg-Rand  effs:643,811,633  asgs:(709,noefs=116,fails=247)  fails:3,238,128  wrgs:8,581,502  wck:978.4  ngds:62,491
    run2,533  dpts:392..722  robin:PickOnDom-First  effs:643,902,545  asgs:(2682,noefs=1373,fails=260)  fails:3,238,388  wrgs:8,583,421  wck:978.6  ngds:62,496
    run2,534  dpts:10..32  robin:WdegOnDom-Last  effs:643,913,329  asgs:(606,noefs=0,fails=273)  fails:3,238,661  wrgs:8,583,757  wck:978.6  ngds:62,504
    run2,535  dpts:8..104  robin:FrbaOnDom-Rand  effs:643,961,748  asgs:(810,noefs=165,fails=287)  fails:3,238,948  wrgs:8,584,293  wck:978.7  ngds:62,522
    run2,536  dpts:439..511  robin:Wdeg-First  effs:644,039,764  asgs:(2287,noefs=1207,fails=301)  fails:3,239,249  wrgs:8,585,917  wck:978.9  ngds:62,527
    run2,537  dpts:6..61  robin:PickOnDom-Last  effs:644,055,850  asgs:(700,noefs=0,fails=316)  fails:3,239,565  wrgs:8,586,325  wck:978.9  ngds:62,545
    run2,538  dpts:18..137  robin:WdegOnDom-Rand  effs:644,119,483  asgs:(1035,noefs=268,fails=332)  fails:3,239,897  wrgs:8,587,002  wck:979.0  ngds:62,571
    run2,539  dpts:291..940  robin:FrbaOnDom-First  effs:644,352,212  asgs:(2681,noefs=1303,fails=348)  fails:3,240,245  wrgs:8,588,650  wck:979.4  ngds:62,574
    run2,540  dpts:14..55  robin:Wdeg-Last  effs:644,385,918  asgs:(826,noefs=0,fails=366)  fails:3,240,611  wrgs:8,589,128  wck:979.5  ngds:62,608
    run2,541  dpts:6..95  robin:PickOnDom-Rand  effs:644,431,214  asgs:(1173,noefs=174,fails=384)  fails:3,240,995  wrgs:8,589,909  wck:979.6  ngds:62,621
    run2,542  dpts:347..457  robin:WdegOnDom-First  effs:644,662,772  asgs:(2932,noefs=1673,fails=403)  fails:3,241,398  wrgs:8,592,153  wck:979.9  ngds:62,627
    run2,543  dpts:5..80  robin:FrbaOnDom-Last  effs:644,689,440  asgs:(888,noefs=0,fails=424)  fails:3,241,822  wrgs:8,592,622  wck:980.0  ngds:62,672
    run2,544  dpts:4..68  robin:Wdeg-Rand  effs:644,730,495  asgs:(1327,noefs=286,fails=445)  fails:3,242,267  wrgs:8,593,530  wck:980.1  ngds:62,680
    run2,545  dpts:239..667  robin:PickOnDom-First  effs:644,910,618  asgs:(2743,noefs=723,fails=467)  fails:3,242,734  wrgs:8,595,371  wck:980.4  ngds:62,687
    run2,546  dpts:4..48  robin:WdegOnDom-Last  effs:644,939,795  asgs:(1069,noefs=0,fails=491)  fails:3,243,225  wrgs:8,595,966  wck:980.5  ngds:62,710
    run2,547  dpts:6..181  robin:FrbaOnDom-Rand  effs:645,037,830  asgs:(1509,noefs=339,fails=515)  fails:3,243,740  wrgs:8,596,955  wck:980.6  ngds:62,733
    run2,548  dpts:471..632  robin:Wdeg-First  effs:645,283,722  asgs:(3780,noefs=1728,fails=541)  fails:3,244,281  wrgs:8,599,794  wck:981.0  ngds:62,737
    run2,549  dpts:1..71  robin:PickOnDom-Last  effs:645,322,249  asgs:(1215,noefs=0,fails=568)  fails:3,244,849  wrgs:8,600,452  wck:981.1  ngds:62,800
 ...resetting heuristics data (nValues:6,910 - nSingletons:570 - nEntailed:527)
    run2,550  dpts:7..121  robin:WdegOnDom-Rand  effs:645,429,863  asgs:(1822,noefs=436,fails=596)  fails:3,245,445  wrgs:8,601,655  wck:981.3  ngds:62,837
    run2,551  dpts:703..954  robin:FrbaOnDom-First  effs:646,003,060  asgs:(4880,noefs=1923,fails=626)  fails:3,246,071  wrgs:8,605,367  wck:982.2  ngds:62,842
    run2,552  dpts:20..93  robin:Wdeg-Last  effs:646,057,398  asgs:(1428,noefs=0,fails=658)  fails:3,246,729  wrgs:8,606,133  wck:982.3  ngds:62,850
    run2,553  dpts:9..168  robin:PickOnDom-Rand  effs:646,135,987  asgs:(2118,noefs=436,fails=690)  fails:3,247,419  wrgs:8,607,489  wck:982.5  ngds:62,894
    run2,554  dpts:257..351  robin:WdegOnDom-First  effs:646,447,982  asgs:(4902,noefs=2634,fails=725)  fails:3,248,144  wrgs:8,611,574  wck:983.0  ngds:62,898
    run2,555  dpts:3..111  robin:FrbaOnDom-Last  effs:646,519,317  asgs:(1551,noefs=0,fails=761)  fails:3,248,905  wrgs:8,612,370  wck:983.1  ngds:62,996
    run2,556  dpts:3..85  robin:Wdeg-Rand  effs:646,623,467  asgs:(2300,noefs=338,fails=799)  fails:3,249,704  wrgs:8,613,941  wck:983.3  ngds:63,007
    run2,557  dpts:102..641  robin:PickOnDom-First  effs:647,082,921  asgs:(7343,noefs=2761,fails=839)  fails:3,250,543  wrgs:8,620,165  wck:984.0  ngds:63,012
    run2,558  dpts:3..76  robin:WdegOnDom-Last  effs:647,127,834  asgs:(1876,noefs=0,fails=881)  fails:3,251,424  wrgs:8,621,226  wck:984.1  ngds:63,021
    run2,559  dpts:7..194  robin:FrbaOnDom-Rand  effs:647,285,174  asgs:(2722,noefs=671,fails=925)  fails:3,252,349  wrgs:8,623,007  wck:984.4  ngds:63,069
    run2,560  dpts:366..485  robin:Wdeg-First  effs:647,781,936  asgs:(4665,noefs=1669,fails=972)  fails:3,253,321  wrgs:8,626,655  wck:985.1  ngds:63,076
    run2,561  dpts:1..153  robin:PickOnDom-Last  effs:647,843,983  asgs:(2197,noefs=0,fails=1020)  fails:3,254,341  wrgs:8,627,868  wck:985.2  ngds:63,165
    run2,562  dpts:6..85  robin:WdegOnDom-Rand  effs:647,952,138  asgs:(3065,noefs=748,fails=1071)  fails:3,255,412  wrgs:8,630,025  wck:985.5  ngds:63,171
    run2,563  dpts:793..1185  robin:FrbaOnDom-First  effs:648,734,905  asgs:(6616,noefs=2386,fails=1125)  fails:3,256,537  wrgs:8,634,871  wck:986.8  ngds:63,175
    run2,564  dpts:5..66  robin:Wdeg-Last  effs:648,829,073  asgs:(2784,noefs=0,fails=1181)  fails:3,257,718  wrgs:8,636,644  wck:987.0  ngds:63,195
    run2,565  dpts:3..180  robin:PickOnDom-Rand  effs:648,966,644  asgs:(3759,noefs=760,fails=1240)  fails:3,258,958  wrgs:8,639,134  wck:987.2  ngds:63,258
    run2,566  dpts:336..420  robin:WdegOnDom-First  effs:649,541,760  asgs:(7111,noefs=3532,fails=1302)  fails:3,260,260  wrgs:8,645,030  wck:988.2  ngds:63,263
    run2,567  dpts:1..151  robin:FrbaOnDom-Last  effs:649,612,587  asgs:(2811,noefs=0,fails=1367)  fails:3,261,627  wrgs:8,646,483  wck:988.4  ngds:63,334
    run2,568  dpts:6..110  robin:Wdeg-Rand  effs:649,745,673  asgs:(4164,noefs=683,fails=1436)  fails:3,263,063  wrgs:8,649,364  wck:988.6  ngds:63,344
    run2,569  dpts:453..613  robin:PickOnDom-First  effs:650,309,672  asgs:(10257,noefs=3313,fails=1508)  fails:3,264,571  wrgs:8,658,010  wck:989.5  ngds:63,349
    run2,570  dpts:3..61  robin:WdegOnDom-Last  effs:650,379,635  asgs:(3490,noefs=0,fails=1583)  fails:3,266,154  wrgs:8,660,107  wck:989.7  ngds:63,377
    run2,571  dpts:10..218  robin:FrbaOnDom-Rand  effs:650,582,440  asgs:(4891,noefs=989,fails=1662)  fails:3,267,816  wrgs:8,663,349  wck:990.1  ngds:63,405
    run2,572  dpts:355..448  robin:Wdeg-First  effs:651,696,397  asgs:(9958,noefs=5006,fails=1745)  fails:3,269,561  wrgs:8,672,128  wck:991.5  ngds:63,411
    run2,573  dpts:6..108  robin:PickOnDom-Last  effs:651,803,726  asgs:(3856,noefs=0,fails=1833)  fails:3,271,394  wrgs:8,674,204  wck:991.6  ngds:63,451
    run2,574  dpts:3..86  robin:WdegOnDom-Rand  effs:651,965,081  asgs:(5485,noefs=1084,fails=1924)  fails:3,273,318  wrgs:8,678,094  wck:992.0  ngds:63,462
    run2,575  dpts:723..1010  robin:FrbaOnDom-First  effs:653,318,404  asgs:(12146,noefs=3794,fails=2021)  fails:3,275,339  wrgs:8,687,901  wck:994.1  ngds:63,466
    run2,576  dpts:2..121  robin:Wdeg-Last  effs:653,487,932  asgs:(4426,noefs=0,fails=2122)  fails:3,277,461  wrgs:8,690,328  wck:994.4  ngds:63,539
    run2,577  dpts:8..177  robin:PickOnDom-Rand  effs:653,699,084  asgs:(6664,noefs=983,fails=2228)  fails:3,279,689  wrgs:8,694,822  wck:994.7  ngds:63,573
    run2,578  dpts:344..510  robin:WdegOnDom-First  effs:654,813,995  asgs:(12439,noefs=6386,fails=2339)  fails:3,282,028  wrgs:8,705,486  wck:996.5  ngds:63,580
    run2,579  dpts:3..103  robin:FrbaOnDom-Last  effs:654,979,776  asgs:(5076,noefs=0,fails=2456)  fails:3,284,484  wrgs:8,708,232  wck:996.8  ngds:63,646
 ...resetting heuristics data (nValues:6,910 - nSingletons:570 - nEntailed:527)
    run2,580  dpts:9..162  robin:Wdeg-Rand  effs:655,390,272  asgs:(7655,noefs=1523,fails=2579)  fails:3,287,063  wrgs:8,713,480  wck:997.4  ngds:63,657
    run2,581  dpts:330..524  robin:PickOnDom-First  effs:656,181,442  asgs:(15737,noefs=4881,fails=2708)  fails:3,289,771  wrgs:8,726,825  wck:998.6  ngds:63,662
    run2,582  dpts:17..72  robin:WdegOnDom-Last  effs:656,508,944  asgs:(6070,noefs=0,fails=2843)  fails:3,292,614  wrgs:8,730,113  wck:999.1  ngds:63,684
    run2,583  dpts:9..150  robin:FrbaOnDom-Rand  effs:656,776,057  asgs:(8889,noefs=1767,fails=2986)  fails:3,295,600  wrgs:8,736,086  wck:999.7  ngds:63,712
    run2,584  dpts:249..512  robin:Wdeg-First  effs:657,336,801  asgs:(16847,noefs=6270,fails=3135)  fails:3,298,735  wrgs:8,750,341  wck:1000.8  ngds:63,723
    run2,585  dpts:3..178  robin:PickOnDom-Last  effs:657,563,268  asgs:(6888,noefs=0,fails=3292)  fails:3,302,027  wrgs:8,753,987  wck:1001.1  ngds:63,750
    run2,586  dpts:1..91  robin:WdegOnDom-Rand  effs:658,026,343  asgs:(10114,noefs=2158,fails=3456)  fails:3,305,483  wrgs:8,760,873  wck:1001.9  ngds:63,774
    run2,587  dpts:892..1181  robin:FrbaOnDom-First  effs:659,798,165  asgs:(21197,noefs=7014,fails=3629)  fails:3,309,112  wrgs:8,778,525  wck:1005.3  ngds:63,781
    run2,588  dpts:3..92  robin:Wdeg-Last  effs:660,206,888  asgs:(8075,noefs=0,fails=3811)  fails:3,312,923  wrgs:8,782,903  wck:1005.9  ngds:63,828
    run2,589  dpts:7..167  robin:PickOnDom-Rand  effs:660,679,099  asgs:(11778,noefs=1835,fails=4001)  fails:3,316,924  wrgs:8,790,830  wck:1006.7  ngds:63,860
    run2,590  dpts:251..533  robin:WdegOnDom-First  effs:662,468,377  asgs:(22101,noefs=10727,fails=4201)  fails:3,321,125  wrgs:8,809,655  wck:1009.2  ngds:63,869
    run2,591  dpts:5..125  robin:FrbaOnDom-Last  effs:662,675,050  asgs:(9167,noefs=0,fails=4411)  fails:3,325,536  wrgs:8,814,465  wck:1009.6  ngds:63,938
    run2,592  dpts:10..169  robin:Wdeg-Rand  effs:663,267,347  asgs:(13551,noefs=2786,fails=4632)  fails:3,330,168  wrgs:8,823,764  wck:1010.6  ngds:63,948
    run2,593  dpts:296..647  robin:PickOnDom-First  effs:664,866,901  asgs:(28029,noefs=7756,fails=4864)  fails:3,335,032  wrgs:8,847,738  wck:1013.1  ngds:63,955
    run2,594  dpts:4..104  robin:WdegOnDom-Last  effs:665,214,612  asgs:(10560,noefs=0,fails=5107)  fails:3,340,139  wrgs:8,853,731  wck:1013.7  ngds:63,979
    run2,595  dpts:4..215  robin:FrbaOnDom-Rand  effs:665,819,882  asgs:(15883,noefs=3388,fails=5362)  fails:3,345,501  wrgs:8,864,433  wck:1014.8  ngds:64,048
    run2,596  dpts:586..877  robin:Wdeg-First  effs:667,662,917  asgs:(34708,noefs=14811,fails=5630)  fails:3,351,131  wrgs:8,894,650  wck:1017.9  ngds:64,054
    run2,597  dpts:3..100  robin:PickOnDom-Last  effs:668,100,813  asgs:(12303,noefs=0,fails=5912)  fails:3,357,043  wrgs:8,901,177  wck:1018.5  ngds:64,109
    run2,598  dpts:3..128  robin:WdegOnDom-Rand  effs:669,078,778  asgs:(17827,noefs=4606,fails=6207)  fails:3,363,250  wrgs:8,913,500  wck:1020.2  ngds:64,123
    run2,599  dpts:610..893  robin:FrbaOnDom-First  effs:672,295,080  asgs:(37870,noefs=14203,fails=6518)  fails:3,369,768  wrgs:8,945,279  wck:1025.9  ngds:64,128
    run2,600  dpts:2..82  robin:Wdeg-Last  effs:672,549,677  asgs:(15022,noefs=0,fails=6844)  fails:3,376,612  wrgs:8,954,794  wck:1026.4  ngds:64,150
    run2,601  dpts:4..183  robin:PickOnDom-Rand  effs:673,224,319  asgs:(20934,noefs=2569,fails=7186)  fails:3,383,798  wrgs:8,969,068  wck:1027.4  ngds:64,174
    run2,602  dpts:401..533  robin:WdegOnDom-First  effs:675,667,071  asgs:(39522,noefs=19627,fails=7545)  fails:3,391,343  wrgs:9,002,475  wck:1031.3  ngds:64,181
    run2,603  dpts:1..152  robin:FrbaOnDom-Last  effs:676,081,331  asgs:(16562,noefs=0,fails=7923)  fails:3,399,266  wrgs:9,011,328  wck:1032.0  ngds:64,277
    run2,604  dpts:6..130  robin:Wdeg-Rand  effs:676,975,013  asgs:(23874,noefs=4486,fails=8319)  fails:3,407,585  wrgs:9,027,997  wck:1033.5  ngds:64,306
    run2,605  dpts:385..609  robin:PickOnDom-First  effs:679,172,275  asgs:(45218,noefs=11328,fails=8735)  fails:3,416,320  wrgs:9,066,179  wck:1036.7  ngds:64,313
    run2,606  dpts:2..124  robin:WdegOnDom-Last  effs:679,791,871  asgs:(18925,noefs=0,fails=9171)  fails:3,425,491  wrgs:9,076,427  wck:1037.8  ngds:64,360
    run2,607  dpts:7..218  robin:FrbaOnDom-Rand  effs:681,206,622  asgs:(28056,noefs=5414,fails=9630)  fails:3,435,121  wrgs:9,095,620  wck:1040.3  ngds:64,409
    run2,608  dpts:794..926  robin:Wdeg-First  effs:684,311,080  asgs:(50780,noefs=18024,fails=10111)  fails:3,445,232  wrgs:9,138,667  wck:1045.0  ngds:64,411
    run2,609  dpts:2..210  robin:PickOnDom-Last  effs:684,999,217  asgs:(22128,noefs=0,fails=10617)  fails:3,455,849  wrgs:9,150,323  wck:1046.0  ngds:64,497
 ...resetting heuristics data (nValues:6,910 - nSingletons:570 - nEntailed:527)
    run2,610  dpts:8..150  robin:WdegOnDom-Rand  effs:687,298,446  asgs:(32849,noefs=7009,fails=11148)  fails:3,466,997  wrgs:9,172,765  wck:1049.6  ngds:64,511
 ...resetting restart cutoff to 150
    run2,611  dpts:730..884  robin:FrbaOnDom-First  effs:687,389,781  asgs:(1894,noefs=975,fails=150)  fails:3,467,147  wrgs:9,173,824  wck:1049.8  ngds:64,513
    run2,612  dpts:17..71  robin:Wdeg-Last  effs:687,397,205  asgs:(359,noefs=0,fails=157)  fails:3,467,304  wrgs:9,174,002  wck:1049.8  ngds:64,560
    run2,613  dpts:5..102  robin:PickOnDom-Rand  effs:687,421,686  asgs:(552,noefs=120,fails=165)  fails:3,467,469  wrgs:9,174,339  wck:1049.9  ngds:64,581
    run2,614  dpts:187..418  robin:WdegOnDom-First  effs:687,535,369  asgs:(1660,noefs=1111,fails=173)  fails:3,467,642  wrgs:9,175,494  wck:1050.1  ngds:64,586
    run2,615  dpts:1..62  robin:FrbaOnDom-Last  effs:687,546,474  asgs:(387,noefs=0,fails=182)  fails:3,467,824  wrgs:9,175,693  wck:1050.1  ngds:64,600
    run2,616  dpts:13..78  robin:Wdeg-Rand  effs:687,560,536  asgs:(589,noefs=83,fails=191)  fails:3,468,015  wrgs:9,176,076  wck:1050.1  ngds:64,621
    run2,617  dpts:247..510  robin:PickOnDom-First  effs:687,750,183  asgs:(2519,noefs=1012,fails=201)  fails:3,468,216  wrgs:9,178,060  wck:1050.4  ngds:64,628
    run2,618  dpts:2..59  robin:WdegOnDom-Last  effs:687,768,617  asgs:(456,noefs=0,fails=211)  fails:3,468,427  wrgs:9,178,303  wck:1050.5  ngds:64,654
    run2,619  dpts:3..129  robin:FrbaOnDom-Rand  effs:687,787,669  asgs:(680,noefs=194,fails=221)  fails:3,468,648  wrgs:9,178,726  wck:1050.5  ngds:64,666
    run2,620  dpts:339..446  robin:Wdeg-First  effs:687,876,179  asgs:(2115,noefs=1028,fails=232)  fails:3,468,880  wrgs:9,180,285  wck:1050.7  ngds:64,670
    run2,621  dpts:17..60  robin:PickOnDom-Last  effs:687,887,206  asgs:(531,noefs=0,fails=244)  fails:3,469,124  wrgs:9,180,561  wck:1050.7  ngds:64,690
    run2,622  dpts:2..75  robin:WdegOnDom-Rand  effs:687,925,773  asgs:(779,noefs=204,fails=256)  fails:3,469,380  wrgs:9,181,060  wck:1050.8  ngds:64,710
    run2,623  dpts:920..1191  robin:FrbaOnDom-First  effs:688,118,393  asgs:(2515,noefs=1206,fails=269)  fails:3,469,649  wrgs:9,182,419  wck:1051.2  ngds:64,715
    run2,624  dpts:2..89  robin:Wdeg-Last  effs:688,139,025  asgs:(605,noefs=0,fails=282)  fails:3,469,931  wrgs:9,182,734  wck:1051.2  ngds:64,753
    run2,625  dpts:15..181  robin:PickOnDom-Rand  effs:688,162,238  asgs:(922,noefs=188,fails=296)  fails:3,470,227  wrgs:9,183,324  wck:1051.3  ngds:64,779
    run2,626  dpts:336..425  robin:WdegOnDom-First  effs:688,386,518  asgs:(2446,noefs=1409,fails=311)  fails:3,470,538  wrgs:9,185,149  wck:1051.6  ngds:64,785
    run2,627  dpts:4..128  robin:FrbaOnDom-Last  effs:688,399,474  asgs:(684,noefs=0,fails=327)  fails:3,470,865  wrgs:9,185,493  wck:1051.6  ngds:64,871
    run2,628  dpts:9..101  robin:Wdeg-Rand  effs:688,430,305  asgs:(1012,noefs=212,fails=343)  fails:3,471,208  wrgs:9,186,162  wck:1051.7  ngds:64,877
    run2,629  dpts:404..619  robin:PickOnDom-First  effs:688,537,007  asgs:(2482,noefs=1030,fails=360)  fails:3,471,568  wrgs:9,188,006  wck:1051.9  ngds:64,881
    run2,630  dpts:4..45  robin:WdegOnDom-Last  effs:688,564,301  asgs:(803,noefs=0,fails=379)  fails:3,471,947  wrgs:9,188,460  wck:1052.0  ngds:64,902
    run2,631  dpts:9..138  robin:FrbaOnDom-Rand  effs:688,602,977  asgs:(1215,noefs=250,fails=397)  fails:3,472,344  wrgs:9,189,223  wck:1052.1  ngds:64,951
    run2,632  dpts:543..678  robin:Wdeg-First  effs:688,796,293  asgs:(2738,noefs=1406,fails=417)  fails:3,472,761  wrgs:9,191,109  wck:1052.4  ngds:64,958
    run2,633  dpts:6..112  robin:PickOnDom-Last  effs:688,815,387  asgs:(927,noefs=0,fails=438)  fails:3,473,199  wrgs:9,191,598  wck:1052.4  ngds:64,999
    run2,634  dpts:14..92  robin:WdegOnDom-Rand  effs:688,855,476  asgs:(1332,noefs=239,fails=460)  fails:3,473,659  wrgs:9,192,481  wck:1052.5  ngds:65,026
    run2,635  dpts:831..1021  robin:FrbaOnDom-First  effs:689,153,947  asgs:(3410,noefs=1515,fails=483)  fails:3,474,142  wrgs:9,194,686  wck:1053.1  ngds:65,030
    run2,636  dpts:8..67  robin:Wdeg-Last  effs:689,186,057  asgs:(1105,noefs=0,fails=507)  fails:3,474,649  wrgs:9,195,303  wck:1053.1  ngds:65,044
    run2,637  dpts:3..190  robin:PickOnDom-Rand  effs:689,258,782  asgs:(1608,noefs=301,fails=533)  fails:3,475,182  wrgs:9,196,356  wck:1053.2  ngds:65,095
    run2,638  dpts:321..397  robin:WdegOnDom-First  effs:689,694,439  asgs:(3280,noefs=1567,fails=560)  fails:3,475,742  wrgs:9,198,870  wck:1053.8  ngds:65,100
    run2,639  dpts:4..74  robin:FrbaOnDom-Last  effs:689,727,533  asgs:(1237,noefs=0,fails=588)  fails:3,476,330  wrgs:9,199,533  wck:1053.9  ngds:65,155
 ...resetting heuristics data (nValues:6,910 - nSingletons:570 - nEntailed:527)
    run2,640  dpts:6..157  robin:Wdeg-Rand  effs:689,831,536  asgs:(1885,noefs=428,fails=617)  fails:3,476,947  wrgs:9,200,767  wck:1054.1  ngds:65,204
    run2,641  dpts:349..464  robin:PickOnDom-First  effs:690,010,419  asgs:(3857,noefs=1380,fails=648)  fails:3,477,595  wrgs:9,203,813  wck:1054.4  ngds:65,206
    run2,642  dpts:18..74  robin:WdegOnDom-Last  effs:690,095,014  asgs:(1465,noefs=0,fails=680)  fails:3,478,275  wrgs:9,204,585  wck:1054.5  ngds:65,240
    run2,643  dpts:3..162  robin:FrbaOnDom-Rand  effs:690,176,884  asgs:(2169,noefs=485,fails=714)  fails:3,478,989  wrgs:9,206,015  wck:1054.7  ngds:65,257
    run2,644  dpts:258..532  robin:Wdeg-First  effs:690,371,076  asgs:(4222,noefs=1810,fails=750)  fails:3,479,739  wrgs:9,209,313  wck:1055.0  ngds:65,261
    run2,645  dpts:1..89  robin:PickOnDom-Last  effs:690,417,052  asgs:(1663,noefs=0,fails=788)  fails:3,480,527  wrgs:9,210,168  wck:1055.1  ngds:65,321
    run2,646  dpts:1..81  robin:WdegOnDom-Rand  effs:690,589,368  asgs:(2392,noefs=474,fails=827)  fails:3,481,354  wrgs:9,211,778  wck:1055.4  ngds:65,341
    run2,647  dpts:775..1221  robin:FrbaOnDom-First  effs:690,995,988  asgs:(5825,noefs=2484,fails=868)  fails:3,482,222  wrgs:9,215,944  wck:1056.1  ngds:65,345
    run2,648  dpts:3..101  robin:Wdeg-Last  effs:691,077,406  asgs:(1963,noefs=0,fails=912)  fails:3,483,134  wrgs:9,216,989  wck:1056.3  ngds:65,426
    run2,649  dpts:16..151  robin:PickOnDom-Rand  effs:691,185,842  asgs:(2869,noefs=504,fails=957)  fails:3,484,091  wrgs:9,218,897  wck:1056.5  ngds:65,463
    run2,650  dpts:230..454  robin:WdegOnDom-First  effs:691,446,115  asgs:(5569,noefs=2379,fails=1005)  fails:3,485,096  wrgs:9,223,388  wck:1056.9  ngds:65,466
    run2,651  dpts:5..143  robin:FrbaOnDom-Last  effs:691,489,215  asgs:(2182,noefs=0,fails=1055)  fails:3,486,151  wrgs:9,224,538  wck:1057.0  ngds:65,482
    run2,652  dpts:4..95  robin:Wdeg-Rand  effs:691,613,652  asgs:(3245,noefs=567,fails=1108)  fails:3,487,259  wrgs:9,226,733  wck:1057.2  ngds:65,501
    run2,653  dpts:449..640  robin:PickOnDom-First  effs:692,192,451  asgs:(10516,noefs=4896,fails=1164)  fails:3,488,423  wrgs:9,236,032  wck:1058.2  ngds:65,505
    run2,654  dpts:6..49  robin:WdegOnDom-Last  effs:692,309,312  asgs:(2661,noefs=0,fails=1222)  fails:3,489,645  wrgs:9,237,636  wck:1058.4  ngds:65,518
    run2,655  dpts:4..107  robin:FrbaOnDom-Rand  effs:692,461,485  asgs:(3826,noefs=803,fails=1283)  fails:3,490,928  wrgs:9,240,189  wck:1058.7  ngds:65,540
    run2,656  dpts:504..758  robin:Wdeg-First  effs:693,092,734  asgs:(8089,noefs=3340,fails=1347)  fails:3,492,275  wrgs:9,246,764  wck:1059.6  ngds:65,546
    run2,657  dpts:2..105  robin:PickOnDom-Last  effs:693,177,439  asgs:(2953,noefs=0,fails=1415)  fails:3,493,690  wrgs:9,248,304  wck:1059.8  ngds:65,575
    run2,658  dpts:10..77  robin:WdegOnDom-Rand  effs:693,413,011  asgs:(4392,noefs=894,fails=1485)  fails:3,495,175  wrgs:9,251,287  wck:1060.2  ngds:65,603
    run2,659  dpts:722..967  robin:FrbaOnDom-First  effs:694,198,178  asgs:(9240,noefs=3545,fails=1560)  fails:3,496,735  wrgs:9,258,512  wck:1061.4  ngds:65,609
    run2,660  dpts:14..155  robin:Wdeg-Last  effs:694,304,630  asgs:(3439,noefs=0,fails=1638)  fails:3,498,373  wrgs:9,260,367  wck:1061.6  ngds:65,697
    run2,661  dpts:4..114  robin:PickOnDom-Rand  effs:694,507,744  asgs:(5057,noefs=780,fails=1720)  fails:3,500,093  wrgs:9,263,791  wck:1061.9  ngds:65,705
    run2,662  dpts:326..402  robin:WdegOnDom-First  effs:694,800,694  asgs:(7736,noefs=2616,fails=1806)  fails:3,501,899  wrgs:9,270,003  wck:1062.6  ngds:65,714
    run2,663  dpts:2..125  robin:FrbaOnDom-Last  effs:694,937,381  asgs:(3862,noefs=0,fails=1896)  fails:3,503,795  wrgs:9,271,986  wck:1062.8  ngds:65,790
    run2,664  dpts:3..78  robin:Wdeg-Rand  effs:695,052,544  asgs:(5608,noefs=930,fails=1991)  fails:3,505,786  wrgs:9,275,901  wck:1063.1  ngds:65,799
    run2,665  dpts:211..524  robin:PickOnDom-First  effs:695,782,723  asgs:(13685,noefs=5231,fails=2090)  fails:3,507,876  wrgs:9,287,876  wck:1064.3  ngds:65,804
    run2,666  dpts:2..95  robin:WdegOnDom-Last  effs:695,877,738  asgs:(4715,noefs=0,fails=2195)  fails:3,510,071  wrgs:9,290,696  wck:1064.5  ngds:65,828
    run2,667  dpts:5..210  robin:FrbaOnDom-Rand  effs:696,191,215  asgs:(6829,noefs=1505,fails=2305)  fails:3,512,376  wrgs:9,295,267  wck:1065.0  ngds:65,911
    run2,668  dpts:200..796  robin:Wdeg-First  effs:696,543,022  asgs:(10988,noefs=3920,fails=2420)  fails:3,514,796  wrgs:9,304,106  wck:1065.8  ngds:65,917
    run2,669  dpts:11..114  robin:PickOnDom-Last  effs:696,653,070  asgs:(5449,noefs=0,fails=2541)  fails:3,517,337  wrgs:9,307,306  wck:1066.0  ngds:65,970
 ...resetting heuristics data (nValues:6,910 - nSingletons:570 - nEntailed:527)
    run2,670  dpts:8..157  robin:WdegOnDom-Rand  effs:697,016,469  asgs:(7827,noefs=1494,fails=2668)  fails:3,520,005  wrgs:9,312,577  wck:1066.6  ngds:65,995
    run2,671  dpts:436..800  robin:FrbaOnDom-First  effs:698,300,000  asgs:(14620,noefs=4648,fails=2801)  fails:3,522,806  wrgs:9,324,462  wck:1068.5  ngds:65,999
    run2,672  dpts:17..113  robin:Wdeg-Last  effs:698,589,058  asgs:(6235,noefs=0,fails=2941)  fails:3,525,747  wrgs:9,327,801  wck:1069.0  ngds:66,020
    run2,673  dpts:5..189  robin:PickOnDom-Rand  effs:699,070,996  asgs:(9302,noefs=1489,fails=3089)  fails:3,528,836  wrgs:9,334,035  wck:1069.7  ngds:66,081
    run2,674  dpts:317..402  robin:WdegOnDom-First  effs:699,935,562  asgs:(17864,noefs=8436,fails=3243)  fails:3,532,079  wrgs:9,349,171  wck:1071.4  ngds:66,089
    run2,675  dpts:0..213  robin:FrbaOnDom-Last  effs:700,160,561  asgs:(6931,noefs=0,fails=3405)  fails:3,535,484  wrgs:9,352,733  wck:1071.8  ngds:66,218
    run2,676  dpts:1..112  robin:Wdeg-Rand  effs:700,712,047  asgs:(10321,noefs=1776,fails=3575)  fails:3,539,059  wrgs:9,359,893  wck:1072.8  ngds:66,236
    run2,677  dpts:181..552  robin:PickOnDom-First  effs:702,090,860  asgs:(26663,noefs=11332,fails=3754)  fails:3,542,813  wrgs:9,383,196  wck:1075.1  ngds:66,242
    run2,678  dpts:3..115  robin:WdegOnDom-Last  effs:702,279,525  asgs:(8143,noefs=0,fails=3942)  fails:3,546,755  wrgs:9,387,624  wck:1075.6  ngds:66,253
    run2,679  dpts:8..247  robin:FrbaOnDom-Rand  effs:702,890,253  asgs:(12317,noefs=2593,fails=4139)  fails:3,550,894  wrgs:9,395,929  wck:1076.6  ngds:66,276
    run2,680  dpts:768..865  robin:Wdeg-First  effs:703,533,060  asgs:(17578,noefs=5795,fails=4346)  fails:3,555,240  wrgs:9,410,366  wck:1077.8  ngds:66,278
 ...Discarding 1 singleton variables
    run2,681  dpts:1..139  robin:PickOnDom-Last  effs:703,881,839  asgs:(9776,noefs=0,fails=4563)  fails:3,559,803  wrgs:9,415,721  wck:1078.3  ngds:66,347
    run2,682  dpts:4..108  robin:WdegOnDom-Rand  effs:704,302,934  asgs:(13778,noefs=3070,fails=4792)  fails:3,564,595  wrgs:9,425,311  wck:1079.1  ngds:66,372
    run2,683  dpts:787..1061  robin:FrbaOnDom-First  effs:707,122,107  asgs:(27049,noefs=7059,fails=5031)  fails:3,569,626  wrgs:9,447,252  wck:1084.1  ngds:66,377
    run2,684  dpts:10..73  robin:Wdeg-Last  effs:707,445,624  asgs:(11420,noefs=0,fails=5283)  fails:3,574,909  wrgs:9,453,860  wck:1084.7  ngds:66,407
    run2,685  dpts:3..149  robin:PickOnDom-Rand  effs:708,002,784  asgs:(16346,noefs=2575,fails=5547)  fails:3,580,456  wrgs:9,464,816  wck:1085.5  ngds:66,436
    run2,686  dpts:382..452  robin:WdegOnDom-First  effs:709,772,414  asgs:(24960,noefs=9883,fails=5824)  fails:3,586,280  wrgs:9,485,984  wck:1088.4  ngds:66,443
    run2,687  dpts:0..225  robin:FrbaOnDom-Last  effs:710,396,791  asgs:(12536,noefs=0,fails=6116)  fails:3,592,396  wrgs:9,492,527  wck:1089.3  ngds:66,504
    run2,688  dpts:10..94  robin:Wdeg-Rand  effs:710,862,365  asgs:(17607,noefs=3091,fails=6421)  fails:3,598,817  wrgs:9,505,368  wck:1090.3  ngds:66,518
    run2,689  dpts:151..634  robin:PickOnDom-First  effs:712,212,168  asgs:(34677,noefs=9489,fails=6743)  fails:3,605,560  wrgs:9,535,204  wck:1092.7  ngds:66,529
    run2,690  dpts:2..71  robin:WdegOnDom-Last  effs:712,587,441  asgs:(15005,noefs=0,fails=7080)  fails:3,612,640  wrgs:9,543,816  wck:1093.5  ngds:66,553
 ...Discarding 1 singleton variables
    run2,691  dpts:5..229  robin:FrbaOnDom-Rand  effs:713,245,986  asgs:(21877,noefs=3980,fails=7434)  fails:3,620,074  wrgs:9,558,511  wck:1094.6  ngds:66,644
    run2,692  dpts:630..957  robin:Wdeg-First  effs:717,151,585  asgs:(46925,noefs=20548,fails=7805)  fails:3,627,879  wrgs:9,599,120  wck:1100.3  ngds:66,648
    run2,693  dpts:3..89  robin:PickOnDom-Last  effs:717,474,319  asgs:(17624,noefs=0,fails=8196)  fails:3,636,075  wrgs:9,609,096  wck:1100.9  ngds:66,677
    run2,694  dpts:6..87  robin:WdegOnDom-Rand  effs:717,951,778  asgs:(23986,noefs=4690,fails=8606)  fails:3,644,681  wrgs:9,626,349  wck:1102.1  ngds:66,688
    run2,695  dpts:712..974  robin:FrbaOnDom-First  effs:722,519,078  asgs:(53782,noefs=16216,fails=9036)  fails:3,653,717  wrgs:9,671,702  wck:1110.1  ngds:66,696
    run2,696  dpts:2..158  robin:Wdeg-Last  effs:723,310,350  asgs:(19953,noefs=0,fails=9488)  fails:3,663,205  wrgs:9,682,738  wck:1111.5  ngds:66,747
    run2,697  dpts:8..121  robin:PickOnDom-Rand  effs:724,369,780  asgs:(28524,noefs=3171,fails=9962)  fails:3,673,167  wrgs:9,702,684  wck:1113.1  ngds:66,772
    run2,698  dpts:307..499  robin:WdegOnDom-First  effs:729,453,187  asgs:(63433,noefs=35027,fails=10460)  fails:3,683,627  wrgs:9,758,515  wck:1120.8  ngds:66,777
    run2,699  dpts:4..168  robin:FrbaOnDom-Last  effs:730,188,162  asgs:(22509,noefs=0,fails=10983)  fails:3,694,610  wrgs:9,770,231  wck:1122.1  ngds:66,882
 ...resetting heuristics data (nValues:6,908 - nSingletons:572 - nEntailed:529)
    run2,700  dpts:9..219  robin:Wdeg-Rand  effs:732,074,803  asgs:(34046,noefs=6837,fails=11532)  fails:3,706,142  wrgs:9,793,288  wck:1125.0  ngds:66,921
 ...resetting restart cutoff to 155
    run2,701  dpts:349..443  robin:PickOnDom-First  effs:732,110,767  asgs:(1281,noefs=579,fails=155)  fails:3,706,297  wrgs:9,794,070  wck:1125.1  ngds:66,928
    run2,702  dpts:17..61  robin:WdegOnDom-Last  effs:732,126,485  asgs:(366,noefs=0,fails=162)  fails:3,706,459  wrgs:9,794,254  wck:1125.2  ngds:66,954
    run2,703  dpts:2..162  robin:FrbaOnDom-Rand  effs:732,137,535  asgs:(514,noefs=108,fails=170)  fails:3,706,629  wrgs:9,794,525  wck:1125.2  ngds:66,998
    run2,704  dpts:394..572  robin:Wdeg-First  effs:732,214,713  asgs:(1607,noefs=885,fails=179)  fails:3,706,808  wrgs:9,795,444  wck:1125.3  ngds:67,005
    run2,705  dpts:6..70  robin:PickOnDom-Last  effs:732,235,127  asgs:(415,noefs=0,fails=188)  fails:3,706,996  wrgs:9,795,652  wck:1125.4  ngds:67,016
    run2,706  dpts:2..133  robin:WdegOnDom-Rand  effs:732,265,303  asgs:(602,noefs=109,fails=197)  fails:3,707,193  wrgs:9,796,017  wck:1125.4  ngds:67,050
    run2,707  dpts:719..1052  robin:FrbaOnDom-First  effs:732,478,532  asgs:(1975,noefs=1007,fails=207)  fails:3,707,400  wrgs:9,797,070  wck:1125.8  ngds:67,052
    run2,708  dpts:11..66  robin:Wdeg-Last  effs:732,493,657  asgs:(491,noefs=0,fails=218)  fails:3,707,618  wrgs:9,797,347  wck:1125.9  ngds:67,091
    run2,709  dpts:7..108  robin:PickOnDom-Rand  effs:732,511,484  asgs:(697,noefs=139,fails=229)  fails:3,707,847  wrgs:9,797,790  wck:1125.9  ngds:67,116
    run2,710  dpts:316..355  robin:WdegOnDom-First  effs:732,577,983  asgs:(1554,noefs=831,fails=240)  fails:3,708,087  wrgs:9,798,819  wck:1126.1  ngds:67,121
    run2,711  dpts:6..62  robin:FrbaOnDom-Last  effs:732,592,674  asgs:(535,noefs=0,fails=252)  fails:3,708,339  wrgs:9,799,092  wck:1126.1  ngds:67,173
    run2,712  dpts:13..179  robin:Wdeg-Rand  effs:732,612,622  asgs:(796,noefs=186,fails=265)  fails:3,708,604  wrgs:9,799,571  wck:1126.2  ngds:67,221
    run2,713  dpts:434..665  robin:PickOnDom-First  effs:732,745,618  asgs:(2260,noefs=1014,fails=278)  fails:3,708,882  wrgs:9,801,214  wck:1126.4  ngds:67,224
    run2,714  dpts:5..61  robin:WdegOnDom-Last  effs:732,762,531  asgs:(639,noefs=0,fails=292)  fails:3,709,174  wrgs:9,801,554  wck:1126.4  ngds:67,239
    run2,715  dpts:10..150  robin:FrbaOnDom-Rand  effs:732,803,415  asgs:(891,noefs=177,fails=306)  fails:3,709,480  wrgs:9,802,077  wck:1126.5  ngds:67,292
    run2,716  dpts:524..662  robin:Wdeg-First  effs:732,941,317  asgs:(2292,noefs=1159,fails=322)  fails:3,709,802  wrgs:9,803,588  wck:1126.7  ngds:67,298
    run2,717  dpts:3..117  robin:PickOnDom-Last  effs:732,958,359  asgs:(705,noefs=0,fails=338)  fails:3,710,140  wrgs:9,803,949  wck:1126.8  ngds:67,389
    run2,718  dpts:14..51  robin:WdegOnDom-Rand  effs:732,998,823  asgs:(959,noefs=187,fails=355)  fails:3,710,495  wrgs:9,804,643  wck:1126.9  ngds:67,399
    run2,719  dpts:960..1193  robin:FrbaOnDom-First  effs:733,243,306  asgs:(3117,noefs=1574,fails=373)  fails:3,710,868  wrgs:9,806,572  wck:1127.4  ngds:67,402
    run2,720  dpts:16..41  robin:Wdeg-Last  effs:733,318,391  asgs:(875,noefs=0,fails=391)  fails:3,711,259  wrgs:9,807,115  wck:1127.5  ngds:67,419
    run2,721  dpts:9..134  robin:PickOnDom-Rand  effs:733,371,073  asgs:(1177,noefs=143,fails=411)  fails:3,711,670  wrgs:9,807,856  wck:1127.6  ngds:67,453
    run2,722  dpts:300..400  robin:WdegOnDom-First  effs:733,500,313  asgs:(2534,noefs=1171,fails=431)  fails:3,712,101  wrgs:9,809,725  wck:1127.9  ngds:67,463
    run2,723  dpts:4..88  robin:FrbaOnDom-Last  effs:733,536,110  asgs:(935,noefs=0,fails=453)  fails:3,712,554  wrgs:9,810,210  wck:1128.0  ngds:67,545
    run2,724  dpts:18..73  robin:Wdeg-Rand  effs:733,587,888  asgs:(1370,noefs=262,fails=476)  fails:3,713,030  wrgs:9,811,175  wck:1128.1  ngds:67,555
    run2,725  dpts:427..688  robin:PickOnDom-First  effs:733,817,693  asgs:(6017,noefs=2444,fails=499)  fails:3,713,529  wrgs:9,816,191  wck:1128.5  ngds:67,562
    run2,726  dpts:10..53  robin:WdegOnDom-Last  effs:733,845,420  asgs:(1124,noefs=0,fails=524)  fails:3,714,053  wrgs:9,816,842  wck:1128.6  ngds:67,573
    run2,727  dpts:2..120  robin:FrbaOnDom-Rand  effs:733,900,658  asgs:(1636,noefs=354,fails=551)  fails:3,714,604  wrgs:9,817,900  wck:1128.7  ngds:67,611
    run2,728  dpts:666..740  robin:Wdeg-First  effs:734,107,506  asgs:(3583,noefs=1498,fails=578)  fails:3,715,182  wrgs:9,820,420  wck:1129.1  ngds:67,617
    run2,729  dpts:2..88  robin:PickOnDom-Last  effs:734,139,898  asgs:(1294,noefs=0,fails=607)  fails:3,715,789  wrgs:9,821,153  wck:1129.2  ngds:67,664
 ...resetting heuristics data (nValues:6,908 - nSingletons:572 - nEntailed:529)
    run2,730  dpts:7..140  robin:WdegOnDom-Rand  effs:734,269,193  asgs:(1957,noefs=420,fails=638)  fails:3,716,427  wrgs:9,822,447  wck:1129.4  ngds:67,678
    run2,731  dpts:566..897  robin:FrbaOnDom-First  effs:734,574,956  asgs:(5080,noefs=2074,fails=669)  fails:3,717,096  wrgs:9,826,224  wck:1129.9  ngds:67,686
    run2,732  dpts:18..74  robin:Wdeg-Last  effs:734,646,233  asgs:(1531,noefs=0,fails=703)  fails:3,717,799  wrgs:9,827,046  wck:1130.0  ngds:67,717
    run2,733  dpts:9..198  robin:PickOnDom-Rand  effs:734,747,034  asgs:(2247,noefs=447,fails=738)  fails:3,718,537  wrgs:9,828,493  wck:1130.2  ngds:67,780
    run2,734  dpts:209..329  robin:WdegOnDom-First  effs:735,077,752  asgs:(5110,noefs=2746,fails=775)  fails:3,719,312  wrgs:9,832,697  wck:1130.8  ngds:67,786
    run2,735  dpts:4..149  robin:FrbaOnDom-Last  effs:735,146,812  asgs:(1664,noefs=0,fails=814)  fails:3,720,126  wrgs:9,833,542  wck:1130.9  ngds:67,862
    run2,736  dpts:3..148  robin:Wdeg-Rand  effs:735,294,353  asgs:(2506,noefs=447,fails=854)  fails:3,720,980  wrgs:9,835,205  wck:1131.2  ngds:67,899
    run2,737  dpts:461..635  robin:PickOnDom-First  effs:735,684,538  asgs:(7411,noefs=2637,fails=897)  fails:3,721,877  wrgs:9,841,506  wck:1131.8  ngds:67,902
    run2,738  dpts:5..53  robin:WdegOnDom-Last  effs:735,740,805  asgs:(2000,noefs=0,fails=942)  fails:3,722,819  wrgs:9,842,675  wck:1131.9  ngds:67,925
    run2,739  dpts:10..182  robin:FrbaOnDom-Rand  effs:735,862,431  asgs:(2984,noefs=733,fails=989)  fails:3,723,808  wrgs:9,844,633  wck:1132.2  ngds:67,989
    run2,740  dpts:523..641  robin:Wdeg-First  effs:736,243,193  asgs:(6915,noefs=3283,fails=1039)  fails:3,724,847  wrgs:9,850,288  wck:1132.8  ngds:67,997
    run2,741  dpts:0..123  robin:PickOnDom-Last  effs:736,306,939  asgs:(2319,noefs=0,fails=1091)  fails:3,725,938  wrgs:9,851,544  wck:1132.9  ngds:68,030
    run2,742  dpts:9..102  robin:WdegOnDom-Rand  effs:736,471,296  asgs:(3253,noefs=732,fails=1145)  fails:3,727,083  wrgs:9,853,774  wck:1133.2  ngds:68,049
    run2,743  dpts:963..1248  robin:FrbaOnDom-First  effs:737,247,817  asgs:(7541,noefs=2583,fails=1203)  fails:3,728,286  wrgs:9,859,413  wck:1134.7  ngds:68,053
    run2,744  dpts:2..126  robin:Wdeg-Last  effs:737,324,592  asgs:(2774,noefs=0,fails=1263)  fails:3,729,549  wrgs:9,860,969  wck:1134.9  ngds:68,094
    run2,745  dpts:0..172  robin:PickOnDom-Rand  effs:737,462,344  asgs:(3861,noefs=572,fails=1326)  fails:3,730,875  wrgs:9,863,562  wck:1135.1  ngds:68,143
    run2,746  dpts:400..493  robin:WdegOnDom-First  effs:738,182,818  asgs:(7083,noefs=3098,fails=1392)  fails:3,732,267  wrgs:9,869,325  wck:1136.2  ngds:68,151
    run2,747  dpts:3..128  robin:FrbaOnDom-Last  effs:738,304,608  asgs:(2988,noefs=0,fails=1462)  fails:3,733,729  wrgs:9,870,850  wck:1136.4  ngds:68,192
    run2,748  dpts:14..110  robin:Wdeg-Rand  effs:738,461,709  asgs:(4497,noefs=833,fails=1535)  fails:3,735,264  wrgs:9,873,978  wck:1136.7  ngds:68,204
    run2,749  dpts:180..570  robin:PickOnDom-First  effs:738,911,615  asgs:(11720,noefs=4119,fails=1612)  fails:3,736,876  wrgs:9,884,003  wck:1137.5  ngds:68,211
    run2,750  dpts:3..68  robin:WdegOnDom-Last  effs:738,983,681  asgs:(3683,noefs=0,fails=1692)  fails:3,738,568  wrgs:9,886,060  wck:1137.7  ngds:68,234
 ...Discarding 2 singleton variables
    run2,751  dpts:4..227  robin:FrbaOnDom-Rand  effs:739,206,193  asgs:(5333,noefs=1219,fails=1777)  fails:3,740,345  wrgs:9,889,589  wck:1138.1  ngds:68,299
    run2,752  dpts:393..811  robin:Wdeg-First  effs:740,017,109  asgs:(10088,noefs=4474,fails=1866)  fails:3,742,211  wrgs:9,897,607  wck:1139.3  ngds:68,303
    run2,753  dpts:4..98  robin:PickOnDom-Last  effs:740,138,445  asgs:(4123,noefs=0,fails=1959)  fails:3,744,170  wrgs:9,899,801  wck:1139.5  ngds:68,334
    run2,754  dpts:6..142  robin:WdegOnDom-Rand  effs:740,437,013  asgs:(6074,noefs=1429,fails=2057)  fails:3,746,227  wrgs:9,903,972  wck:1140.0  ngds:68,374
    run2,755  dpts:831..1017  robin:FrbaOnDom-First  effs:741,314,454  asgs:(10468,noefs=2798,fails=2160)  fails:3,748,387  wrgs:9,911,788  wck:1141.5  ngds:68,383
    run2,756  dpts:3..113  robin:Wdeg-Last  effs:741,516,606  asgs:(4821,noefs=0,fails=2268)  fails:3,750,655  wrgs:9,914,473  wck:1141.9  ngds:68,416
    run2,757  dpts:6..177  robin:PickOnDom-Rand  effs:741,694,839  asgs:(7059,noefs=1169,fails=2381)  fails:3,753,036  wrgs:9,919,202  wck:1142.2  ngds:68,442
    run2,758  dpts:542..636  robin:WdegOnDom-First  effs:742,551,390  asgs:(11476,noefs=4805,fails=2501)  fails:3,755,537  wrgs:9,928,460  wck:1143.5  ngds:68,445
    run2,759  dpts:1..150  robin:FrbaOnDom-Last  effs:742,713,633  asgs:(5383,noefs=0,fails=2626)  fails:3,758,163  wrgs:9,931,252  wck:1143.8  ngds:68,525
 ...resetting heuristics data (nValues:6,906 - nSingletons:574 - nEntailed:531)
    run2,760  dpts:12..157  robin:Wdeg-Rand  effs:743,122,233  asgs:(8175,noefs=1633,fails=2757)  fails:3,760,920  wrgs:9,936,804  wck:1144.5  ngds:68,549
    run2,761  dpts:331..485  robin:PickOnDom-First  effs:743,920,427  asgs:(18101,noefs=5277,fails=2895)  fails:3,763,815  wrgs:9,952,325  wck:1145.7  ngds:68,554
    run2,762  dpts:16..85  robin:WdegOnDom-Last  effs:744,264,698  asgs:(6518,noefs=0,fails=3040)  fails:3,766,855  wrgs:9,955,882  wck:1146.3  ngds:68,614
    run2,763  dpts:4..205  robin:FrbaOnDom-Rand  effs:744,638,573  asgs:(9530,noefs=2170,fails=3192)  fails:3,770,047  wrgs:9,962,314  wck:1147.0  ngds:68,671
    run2,764  dpts:446..582  robin:Wdeg-First  effs:745,951,432  asgs:(22516,noefs=9984,fails=3351)  fails:3,773,398  wrgs:9,981,910  wck:1149.1  ngds:68,673
    run2,765  dpts:4..120  robin:PickOnDom-Last  effs:746,262,308  asgs:(7512,noefs=0,fails=3519)  fails:3,776,917  wrgs:9,985,982  wck:1149.6  ngds:68,707
    run2,766  dpts:7..108  robin:WdegOnDom-Rand  effs:746,981,924  asgs:(10870,noefs=2138,fails=3695)  fails:3,780,612  wrgs:9,993,362  wck:1150.8  ngds:68,731
    run2,767  dpts:680..917  robin:FrbaOnDom-First  effs:748,277,899  asgs:(19913,noefs=7070,fails=3879)  fails:3,784,491  wrgs:10,009,549  wck:1153.1  ngds:68,738
    run2,768  dpts:19..143  robin:Wdeg-Last  effs:748,567,290  asgs:(8603,noefs=0,fails=4073)  fails:3,788,564  wrgs:10,014,216  wck:1153.6  ngds:68,744
    run2,769  dpts:4..151  robin:PickOnDom-Rand  effs:749,108,081  asgs:(12613,noefs=1911,fails=4277)  fails:3,792,841  wrgs:10,022,731  wck:1154.4  ngds:68,765
    run2,770  dpts:201..484  robin:WdegOnDom-First  effs:750,743,338  asgs:(25042,noefs=11451,fails=4491)  fails:3,797,332  wrgs:10,044,300  wck:1157.2  ngds:68,770
    run2,771  dpts:1..178  robin:FrbaOnDom-Last  effs:751,149,800  asgs:(9631,noefs=0,fails=4716)  fails:3,802,048  wrgs:10,049,294  wck:1157.9  ngds:68,841
    run2,772  dpts:16..153  robin:Wdeg-Rand  effs:751,912,408  asgs:(14243,noefs=2723,fails=4951)  fails:3,806,999  wrgs:10,059,054  wck:1159.0  ngds:68,855
    run2,773  dpts:272..732  robin:PickOnDom-First  effs:753,256,455  asgs:(29839,noefs=8471,fails=5199)  fails:3,812,198  wrgs:10,084,413  wck:1161.2  ngds:68,864
    run2,774  dpts:15..151  robin:WdegOnDom-Last  effs:753,629,852  asgs:(11309,noefs=0,fails=5459)  fails:3,817,657  wrgs:10,090,328  wck:1161.9  ngds:68,879
    run2,775  dpts:5..241  robin:FrbaOnDom-Rand  effs:754,229,697  asgs:(17132,noefs=3463,fails=5732)  fails:3,823,389  wrgs:10,101,864  wck:1163.0  ngds:68,933
    run2,776  dpts:702..891  robin:Wdeg-First  effs:757,627,076  asgs:(39562,noefs=19790,fails=6019)  fails:3,829,408  wrgs:10,136,953  wck:1168.2  ngds:68,943
    run2,777  dpts:3..111  robin:PickOnDom-Last  effs:757,922,161  asgs:(13166,noefs=0,fails=6320)  fails:3,835,728  wrgs:10,143,856  wck:1168.6  ngds:68,959
    run2,778  dpts:11..144  robin:WdegOnDom-Rand  effs:758,984,915  asgs:(18772,noefs=4415,fails=6636)  fails:3,842,364  wrgs:10,157,076  wck:1170.4  ngds:68,977
    run2,779  dpts:598..891  robin:FrbaOnDom-First  effs:761,899,798  asgs:(40461,noefs=16496,fails=6967)  fails:3,849,331  wrgs:10,191,132  wck:1175.4  ngds:68,982
    run2,780  dpts:2..116  robin:Wdeg-Last  effs:762,342,055  asgs:(15494,noefs=0,fails=7316)  fails:3,856,647  wrgs:10,199,850  wck:1176.1  ngds:69,081
    run2,781  dpts:5..110  robin:PickOnDom-Rand  effs:763,025,035  asgs:(22358,noefs=3197,fails=7682)  fails:3,864,329  wrgs:10,215,132  wck:1177.2  ngds:69,100
    run2,782  dpts:305..388  robin:WdegOnDom-First  effs:768,224,588  asgs:(41746,noefs=21579,fails=8066)  fails:3,872,395  wrgs:10,251,320  wck:1184.5  ngds:69,104
    run2,783  dpts:4..199  robin:FrbaOnDom-Last  effs:768,931,041  asgs:(17298,noefs=0,fails=8469)  fails:3,880,864  wrgs:10,260,374  wck:1185.6  ngds:69,216
    run2,784  dpts:7..84  robin:Wdeg-Rand  effs:769,701,217  asgs:(25020,noefs=3369,fails=8892)  fails:3,889,756  wrgs:10,278,019  wck:1187.3  ngds:69,233
    run2,785  dpts:433..571  robin:PickOnDom-First  effs:771,519,336  asgs:(43816,noefs=9034,fails=9337)  fails:3,899,093  wrgs:10,314,572  wck:1190.2  ngds:69,240
    run2,786  dpts:1..99  robin:WdegOnDom-Last  effs:772,272,833  asgs:(20599,noefs=0,fails=9804)  fails:3,908,897  wrgs:10,326,955  wck:1191.7  ngds:69,254
    run2,787  dpts:7..316  robin:FrbaOnDom-Rand  effs:773,587,152  asgs:(30765,noefs=7244,fails=10294)  fails:3,919,191  wrgs:10,347,614  wck:1193.7  ngds:69,340
    run2,788  dpts:765..1035  robin:Wdeg-First  effs:778,949,090  asgs:(58281,noefs=21599,fails=10809)  fails:3,930,000  wrgs:10,397,550  wck:1202.0  ngds:69,345
    run2,789  dpts:2..113  robin:PickOnDom-Last  effs:779,683,558  asgs:(23701,noefs=0,fails=11349)  fails:3,941,349  wrgs:10,410,263  wck:1203.1  ngds:69,368
 ...resetting heuristics data (nValues:6,906 - nSingletons:574 - nEntailed:531)
    run2,790  dpts:4..158  robin:WdegOnDom-Rand  effs:781,702,372  asgs:(33892,noefs=6544,fails=11917)  fails:3,953,266  wrgs:10,434,134  wck:1206.3  ngds:69,404
 ...resetting restart cutoff to 160
    run2,791  dpts:803..1039  robin:FrbaOnDom-First  effs:781,800,630  asgs:(1958,noefs=1030,fails=160)  fails:3,953,426  wrgs:10,435,114  wck:1206.5  ngds:69,407
    run2,792  dpts:16..65  robin:Wdeg-Last  effs:781,814,872  asgs:(391,noefs=0,fails=168)  fails:3,953,594  wrgs:10,435,310  wck:1206.5  ngds:69,427
    run2,793  dpts:10..168  robin:PickOnDom-Rand  effs:781,836,390  asgs:(580,noefs=143,fails=176)  fails:3,953,770  wrgs:10,435,635  wck:1206.5  ngds:69,468
    run2,794  dpts:328..391  robin:WdegOnDom-First  effs:781,989,899  asgs:(1890,noefs=1352,fails=185)  fails:3,953,955  wrgs:10,437,033  wck:1206.8  ngds:69,471
    run2,795  dpts:2..76  robin:FrbaOnDom-Last  effs:781,996,813  asgs:(410,noefs=0,fails=194)  fails:3,954,149  wrgs:10,437,249  wck:1206.8  ngds:69,510
    run2,796  dpts:6..79  robin:Wdeg-Rand  effs:782,029,805  asgs:(637,noefs=128,fails=204)  fails:3,954,353  wrgs:10,437,661  wck:1206.9  ngds:69,526
    run2,797  dpts:395..524  robin:PickOnDom-First  effs:782,115,138  asgs:(2498,noefs=1316,fails=214)  fails:3,954,567  wrgs:10,439,580  wck:1207.0  ngds:69,530
    run2,798  dpts:7..83  robin:WdegOnDom-Last  effs:782,127,910  asgs:(484,noefs=0,fails=225)  fails:3,954,792  wrgs:10,439,842  wck:1207.1  ngds:69,551
    run2,799  dpts:14..109  robin:FrbaOnDom-Rand  effs:782,145,307  asgs:(693,noefs=175,fails=236)  fails:3,955,028  wrgs:10,440,289  wck:1207.1  ngds:69,577
    run2,800  dpts:406..539  robin:Wdeg-First  effs:782,202,853  asgs:(1767,noefs=785,fails=248)  fails:3,955,276  wrgs:10,441,393  wck:1207.3  ngds:69,585
    run2,801  dpts:4..145  robin:PickOnDom-Last  effs:782,214,502  asgs:(559,noefs=0,fails=260)  fails:3,955,536  wrgs:10,441,673  wck:1207.3  ngds:69,653
    run2,802  dpts:14..153  robin:WdegOnDom-Rand  effs:782,266,664  asgs:(851,noefs=178,fails=273)  fails:3,955,809  wrgs:10,442,187  wck:1207.4  ngds:69,697
    run2,803  dpts:1011..1203  robin:FrbaOnDom-First  effs:782,409,741  asgs:(2868,noefs=1584,fails=287)  fails:3,956,096  wrgs:10,443,886  wck:1207.7  ngds:69,698
    run2,804  dpts:15..39  robin:Wdeg-Last  effs:782,426,007  asgs:(722,noefs=0,fails=301)  fails:3,956,397  wrgs:10,444,321  wck:1207.8  ngds:69,706
    run2,805  dpts:5..161  robin:PickOnDom-Rand  effs:782,454,942  asgs:(929,noefs=171,fails=316)  fails:3,956,713  wrgs:10,444,896  wck:1207.9  ngds:69,753
    run2,806  dpts:334..404  robin:WdegOnDom-First  effs:782,622,685  asgs:(2066,noefs=1316,fails=332)  fails:3,957,045  wrgs:10,446,446  wck:1208.1  ngds:69,757
    run2,807  dpts:1..75  robin:FrbaOnDom-Last  effs:782,648,096  asgs:(726,noefs=0,fails=349)  fails:3,957,394  wrgs:10,446,819  wck:1208.2  ngds:69,787
    run2,808  dpts:27..85  robin:Wdeg-Rand  effs:782,672,043  asgs:(1062,noefs=210,fails=366)  fails:3,957,760  wrgs:10,447,509  wck:1208.2  ngds:69,793
    run2,809  dpts:381..580  robin:PickOnDom-First  effs:782,844,258  asgs:(3143,noefs=1205,fails=385)  fails:3,958,145  wrgs:10,449,922  wck:1208.6  ngds:69,802
    run2,810  dpts:7..44  robin:WdegOnDom-Last  effs:782,865,818  asgs:(894,noefs=0,fails=404)  fails:3,958,549  wrgs:10,450,477  wck:1208.6  ngds:69,830
    run2,811  dpts:1..160  robin:FrbaOnDom-Rand  effs:782,912,707  asgs:(1303,noefs=287,fails=424)  fails:3,958,973  wrgs:10,451,315  wck:1208.7  ngds:69,880
    run2,812  dpts:390..482  robin:Wdeg-First  effs:783,083,336  asgs:(2784,noefs=1243,fails=445)  fails:3,959,418  wrgs:10,453,372  wck:1209.0  ngds:69,885
    run2,813  dpts:1..89  robin:PickOnDom-Last  effs:783,110,379  asgs:(1042,noefs=0,fails=468)  fails:3,959,886  wrgs:10,453,948  wck:1209.1  ngds:69,930
    run2,814  dpts:1..89  robin:WdegOnDom-Rand  effs:783,165,367  asgs:(1410,noefs=270,fails=491)  fails:3,960,377  wrgs:10,454,887  wck:1209.2  ngds:69,942
    run2,815  dpts:782..1213  robin:FrbaOnDom-First  effs:783,697,896  asgs:(4500,noefs=1915,fails=516)  fails:3,960,893  wrgs:10,458,000  wck:1210.1  ngds:69,948
    run2,816  dpts:2..70  robin:Wdeg-Last  effs:783,718,787  asgs:(1258,noefs=0,fails=541)  fails:3,961,434  wrgs:10,458,781  wck:1210.1  ngds:69,979
    run2,817  dpts:8..196  robin:PickOnDom-Rand  effs:783,784,825  asgs:(1601,noefs=244,fails=568)  fails:3,962,002  wrgs:10,459,854  wck:1210.3  ngds:70,006
    run2,818  dpts:364..428  robin:WdegOnDom-First  effs:784,291,938  asgs:(4496,noefs=2757,fails=597)  fails:3,962,599  wrgs:10,463,508  wck:1211.0  ngds:70,009
    run2,819  dpts:2..119  robin:FrbaOnDom-Last  effs:784,326,062  asgs:(1303,noefs=0,fails=627)  fails:3,963,226  wrgs:10,464,199  wck:1211.1  ngds:70,060
 ...resetting heuristics data (nValues:6,906 - nSingletons:574 - nEntailed:531)
    run2,820  dpts:15..132  robin:Wdeg-Rand  effs:784,412,471  asgs:(1994,noefs=437,fails=658)  fails:3,963,884  wrgs:10,465,512  wck:1211.3  ngds:70,077
    run2,821  dpts:330..470  robin:PickOnDom-First  effs:784,606,707  asgs:(5017,noefs=2051,fails=691)  fails:3,964,575  wrgs:10,469,584  wck:1211.6  ngds:70,081
    run2,822  dpts:17..87  robin:WdegOnDom-Last  effs:784,700,895  asgs:(1564,noefs=0,fails=726)  fails:3,965,301  wrgs:10,470,417  wck:1211.8  ngds:70,090
    run2,823  dpts:10..151  robin:FrbaOnDom-Rand  effs:784,776,450  asgs:(2208,noefs=451,fails=762)  fails:3,966,063  wrgs:10,471,862  wck:1211.9  ngds:70,131
    run2,824  dpts:318..406  robin:Wdeg-First  effs:784,937,142  asgs:(3943,noefs=1362,fails=800)  fails:3,966,863  wrgs:10,474,946  wck:1212.3  ngds:70,134
    run2,825  dpts:1..96  robin:PickOnDom-Last  effs:784,997,954  asgs:(1774,noefs=0,fails=840)  fails:3,967,703  wrgs:10,475,884  wck:1212.4  ngds:70,156
    run2,826  dpts:8..103  robin:WdegOnDom-Rand  effs:785,159,074  asgs:(2571,noefs=511,fails=882)  fails:3,968,585  wrgs:10,477,608  wck:1212.6  ngds:70,172
    run2,827  dpts:933..1139  robin:FrbaOnDom-First  effs:785,737,931  asgs:(5258,noefs=2281,fails=926)  fails:3,969,511  wrgs:10,481,263  wck:1213.6  ngds:70,176
    run2,828  dpts:9..42  robin:Wdeg-Last  effs:785,785,803  asgs:(2196,noefs=0,fails=973)  fails:3,970,484  wrgs:10,482,621  wck:1213.7  ngds:70,185
    run2,829  dpts:1..203  robin:PickOnDom-Rand  effs:785,900,132  asgs:(2993,noefs=558,fails=1021)  fails:3,971,505  wrgs:10,484,568  wck:1213.9  ngds:70,258
    run2,830  dpts:317..411  robin:WdegOnDom-First  effs:786,325,616  asgs:(5336,noefs=2517,fails=1072)  fails:3,972,577  wrgs:10,488,952  wck:1214.6  ngds:70,262
    run2,831  dpts:1..143  robin:FrbaOnDom-Last  effs:786,414,453  asgs:(2305,noefs=0,fails=1126)  fails:3,973,703  wrgs:10,490,143  wck:1214.7  ngds:70,341
    run2,832  dpts:19..70  robin:Wdeg-Rand  effs:786,553,489  asgs:(3243,noefs=496,fails=1182)  fails:3,974,885  wrgs:10,492,473  wck:1215.0  ngds:70,350
    run2,833  dpts:429..701  robin:PickOnDom-First  effs:787,321,785  asgs:(12099,noefs=5352,fails=1241)  fails:3,976,126  wrgs:10,503,160  wck:1216.3  ngds:70,356
    run2,834  dpts:5..68  robin:WdegOnDom-Last  effs:787,433,996  asgs:(2786,noefs=0,fails=1303)  fails:3,977,429  wrgs:10,504,753  wck:1216.5  ngds:70,388
    run2,835  dpts:5..160  robin:FrbaOnDom-Rand  effs:787,635,241  asgs:(3980,noefs=888,fails=1369)  fails:3,978,798  wrgs:10,507,359  wck:1216.9  ngds:70,421
    run2,836  dpts:696..848  robin:Wdeg-First  effs:788,249,107  asgs:(10016,noefs=4634,fails=1437)  fails:3,980,235  wrgs:10,515,620  wck:1217.9  ngds:70,427
    run2,837  dpts:8..84  robin:PickOnDom-Last  effs:788,356,442  asgs:(3195,noefs=0,fails=1509)  fails:3,981,744  wrgs:10,517,320  wck:1218.1  ngds:70,472
    run2,838  dpts:11..80  robin:WdegOnDom-Rand  effs:788,561,356  asgs:(4604,noefs=983,fails=1584)  fails:3,983,328  wrgs:10,520,543  wck:1218.5  ngds:70,475
    run2,839  dpts:897..1183  robin:FrbaOnDom-First  effs:789,786,020  asgs:(10720,noefs=4318,fails=1664)  fails:3,984,992  wrgs:10,528,972  wck:1220.4  ngds:70,477
    run2,840  dpts:6..137  robin:Wdeg-Last  effs:789,961,614  asgs:(3714,noefs=0,fails=1747)  fails:3,986,739  wrgs:10,531,021  wck:1220.7  ngds:70,538
    run2,841  dpts:8..136  robin:PickOnDom-Rand  effs:790,134,588  asgs:(5241,noefs=558,fails=1834)  fails:3,988,573  wrgs:10,534,587  wck:1221.0  ngds:70,575
    run2,842  dpts:249..368  robin:WdegOnDom-First  effs:790,917,243  asgs:(12101,noefs=6960,fails=1926)  fails:3,990,499  wrgs:10,544,987  wck:1222.2  ngds:70,580
    run2,843  dpts:5..132  robin:FrbaOnDom-Last  effs:791,066,035  asgs:(4138,noefs=0,fails=2022)  fails:3,992,521  wrgs:10,547,114  wck:1222.4  ngds:70,667
    run2,844  dpts:8..132  robin:Wdeg-Rand  effs:791,371,815  asgs:(6061,noefs=1088,fails=2123)  fails:3,994,644  wrgs:10,551,268  wck:1222.9  ngds:70,690
    run2,845  dpts:412..590  robin:PickOnDom-First  effs:792,326,429  asgs:(18764,noefs=6899,fails=2230)  fails:3,996,874  wrgs:10,567,691  wck:1224.4  ngds:70,695
    run2,846  dpts:10..75  robin:WdegOnDom-Last  effs:792,520,350  asgs:(4973,noefs=0,fails=2341)  fails:3,999,215  wrgs:10,570,439  wck:1224.8  ngds:70,709
    run2,847  dpts:3..248  robin:FrbaOnDom-Rand  effs:792,988,158  asgs:(7398,noefs=1649,fails=2458)  fails:4,001,673  wrgs:10,575,442  wck:1225.5  ngds:70,743
    run2,848  dpts:667..833  robin:Wdeg-First  effs:793,513,705  asgs:(13071,noefs=5430,fails=2581)  fails:4,004,254  wrgs:10,585,786  wck:1226.6  ngds:70,750
    run2,849  dpts:4..120  robin:PickOnDom-Last  effs:793,702,833  asgs:(5603,noefs=0,fails=2710)  fails:4,006,964  wrgs:10,588,718  wck:1226.9  ngds:70,759
 ...resetting heuristics data (nValues:6,906 - nSingletons:574 - nEntailed:531)
    run2,850  dpts:7..177  robin:WdegOnDom-Rand  effs:794,275,552  asgs:(8373,noefs=1861,fails=2846)  fails:4,009,810  wrgs:10,594,419  wck:1227.7  ngds:70,798
    run2,851  dpts:548..811  robin:FrbaOnDom-First  effs:796,084,909  asgs:(18098,noefs=5902,fails=2988)  fails:4,012,798  wrgs:10,609,598  wck:1230.9  ngds:70,802
    run2,852  dpts:18..103  robin:Wdeg-Last  effs:796,380,323  asgs:(6645,noefs=0,fails=3138)  fails:4,015,936  wrgs:10,613,145  wck:1231.4  ngds:70,813
    run2,853  dpts:12..183  robin:PickOnDom-Rand  effs:796,766,254  asgs:(9625,noefs=1592,fails=3295)  fails:4,019,231  wrgs:10,619,614  wck:1232.1  ngds:70,858
    run2,854  dpts:285..470  robin:WdegOnDom-First  effs:798,908,776  asgs:(22051,noefs=12256,fails=3459)  fails:4,022,690  wrgs:10,638,833  wck:1235.5  ngds:70,864
    run2,855  dpts:4..136  robin:FrbaOnDom-Last  effs:799,119,228  asgs:(7425,noefs=0,fails=3632)  fails:4,026,322  wrgs:10,642,677  wck:1235.9  ngds:70,942
    run2,856  dpts:6..106  robin:Wdeg-Rand  effs:799,732,348  asgs:(11061,noefs=1990,fails=3814)  fails:4,030,136  wrgs:10,650,313  wck:1236.9  ngds:70,959
    run2,857  dpts:109..548  robin:PickOnDom-First  effs:801,708,620  asgs:(35561,noefs=14319,fails=4005)  fails:4,034,141  wrgs:10,682,417  wck:1240.3  ngds:70,964
    run2,858  dpts:2..101  robin:WdegOnDom-Last  effs:801,923,366  asgs:(9083,noefs=0,fails=4205)  fails:4,038,346  wrgs:10,687,691  wck:1240.8  ngds:70,986
    run2,859  dpts:4..222  robin:FrbaOnDom-Rand  effs:802,436,590  asgs:(13136,noefs=3023,fails=4415)  fails:4,042,761  wrgs:10,696,453  wck:1241.8  ngds:71,061
    run2,860  dpts:519..650  robin:Wdeg-First  effs:802,994,021  asgs:(18992,noefs=6532,fails=4636)  fails:4,047,397  wrgs:10,712,097  wck:1242.7  ngds:71,071
    run2,861  dpts:1..136  robin:PickOnDom-Last  effs:803,350,805  asgs:(10523,noefs=0,fails=4868)  fails:4,052,265  wrgs:10,717,961  wck:1243.3  ngds:71,144
    run2,862  dpts:4..106  robin:WdegOnDom-Rand  effs:804,056,011  asgs:(14274,noefs=3000,fails=5111)  fails:4,057,376  wrgs:10,728,276  wck:1244.6  ngds:71,154
    run2,863  dpts:716..1030  robin:FrbaOnDom-First  effs:806,739,398  asgs:(30143,noefs=8550,fails=5367)  fails:4,062,743  wrgs:10,752,819  wck:1249.1  ngds:71,161
    run2,864  dpts:6..92  robin:Wdeg-Last  effs:807,294,365  asgs:(12259,noefs=0,fails=5635)  fails:4,068,378  wrgs:10,760,025  wck:1250.0  ngds:71,193
    run2,865  dpts:4..214  robin:PickOnDom-Rand  effs:808,051,678  asgs:(17639,noefs=2691,fails=5917)  fails:4,074,295  wrgs:10,771,887  wck:1251.1  ngds:71,229
    run2,866  dpts:273..568  robin:WdegOnDom-First  effs:811,837,027  asgs:(32627,noefs=15568,fails=6213)  fails:4,080,508  wrgs:10,799,847  wck:1256.3  ngds:71,237
    run2,867  dpts:5..154  robin:FrbaOnDom-Last  effs:812,114,128  asgs:(13633,noefs=0,fails=6523)  fails:4,087,031  wrgs:10,807,146  wck:1256.8  ngds:71,340
    run2,868  dpts:18..105  robin:Wdeg-Rand  effs:813,122,100  asgs:(19532,noefs=3512,fails=6850)  fails:4,093,881  wrgs:10,820,844  wck:1258.5  ngds:71,362
    run2,869  dpts:249..534  robin:PickOnDom-First  effs:816,599,198  asgs:(66916,noefs=30381,fails=7192)  fails:4,101,073  wrgs:10,882,528  wck:1264.0  ngds:71,367
    run2,870  dpts:3..99  robin:WdegOnDom-Last  effs:817,094,716  asgs:(16000,noefs=0,fails=7552)  fails:4,108,625  wrgs:10,891,706  wck:1265.0  ngds:71,403
    run2,871  dpts:3..161  robin:FrbaOnDom-Rand  effs:818,158,158  asgs:(23448,noefs=5143,fails=7929)  fails:4,116,554  wrgs:10,907,515  wck:1266.8  ngds:71,444
    run2,872  dpts:632..848  robin:Wdeg-First  effs:820,330,720  asgs:(41550,noefs=16273,fails=8326)  fails:4,124,880  wrgs:10,943,632  wck:1270.6  ngds:71,451
    run2,873  dpts:1..129  robin:PickOnDom-Last  effs:820,768,756  asgs:(18272,noefs=0,fails=8742)  fails:4,133,622  wrgs:10,953,431  wck:1271.3  ngds:71,520
    run2,874  dpts:5..124  robin:WdegOnDom-Rand  effs:821,756,548  asgs:(26635,noefs=5866,fails=9179)  fails:4,142,801  wrgs:10,972,126  wck:1273.2  ngds:71,553
    run2,875  dpts:613..813  robin:FrbaOnDom-First  effs:825,384,123  asgs:(50310,noefs=13131,fails=9638)  fails:4,152,439  wrgs:11,013,642  wck:1279.0  ngds:71,559
    run2,876  dpts:3..135  robin:Wdeg-Last  effs:826,124,014  asgs:(21211,noefs=0,fails=10120)  fails:4,162,559  wrgs:11,025,128  wck:1280.3  ngds:71,643
    run2,877  dpts:3..216  robin:PickOnDom-Rand  effs:826,837,014  asgs:(31078,noefs=5282,fails=10626)  fails:4,173,185  wrgs:11,046,284  wck:1281.7  ngds:71,706
    run2,878  dpts:436..595  robin:WdegOnDom-First  effs:833,189,792  asgs:(56192,noefs=28340,fails=11158)  fails:4,184,343  wrgs:11,095,071  wck:1290.6  ngds:71,709
    run2,879  dpts:1..108  robin:FrbaOnDom-Last  effs:833,999,906  asgs:(24380,noefs=0,fails=11715)  fails:4,196,058  wrgs:11,108,350  wck:1291.8  ngds:71,759
 ...resetting heuristics data (nValues:6,906 - nSingletons:574 - nEntailed:531)
    run2,880  dpts:5..203  robin:Wdeg-Rand  effs:836,167,511  asgs:(35797,noefs=7193,fails=12301)  fails:4,208,359  wrgs:11,132,782  wck:1294.9  ngds:71,778
 ...resetting restart cutoff to 165
    run2,881  dpts:348..445  robin:PickOnDom-First  effs:836,204,309  asgs:(1432,noefs=678,fails=165)  fails:4,208,524  wrgs:11,133,702  wck:1295.0  ngds:71,786
    run2,882  dpts:19..50  robin:WdegOnDom-Last  effs:836,220,210  asgs:(387,noefs=0,fails=173)  fails:4,208,697  wrgs:11,133,898  wck:1295.0  ngds:71,793
    run2,883  dpts:2..182  robin:FrbaOnDom-Rand  effs:836,237,612  asgs:(541,noefs=111,fails=181)  fails:4,208,878  wrgs:11,134,203  wck:1295.0  ngds:71,826
    run2,884  dpts:506..644  robin:Wdeg-First  effs:836,334,867  asgs:(2326,noefs=1367,fails=191)  fails:4,209,069  wrgs:11,135,769  wck:1295.2  ngds:71,830
    run2,885  dpts:1..91  robin:PickOnDom-Last  effs:836,350,766  asgs:(429,noefs=0,fails=200)  fails:4,209,269  wrgs:11,135,976  wck:1295.3  ngds:71,846
    run2,886  dpts:12..86  robin:WdegOnDom-Rand  effs:836,380,821  asgs:(653,noefs=140,fails=210)  fails:4,209,479  wrgs:11,136,395  wck:1295.3  ngds:71,866
    run2,887  dpts:755..943  robin:FrbaOnDom-First  effs:836,542,056  asgs:(1992,noefs=1044,fails=221)  fails:4,209,700  wrgs:11,137,483  wck:1295.7  ngds:71,869
    run2,888  dpts:1..73  robin:Wdeg-Last  effs:836,561,395  asgs:(540,noefs=0,fails=232)  fails:4,209,932  wrgs:11,137,788  wck:1295.7  ngds:71,915
    run2,889  dpts:5..242  robin:PickOnDom-Rand  effs:836,582,900  asgs:(740,noefs=134,fails=243)  fails:4,210,175  wrgs:11,138,182  wck:1295.8  ngds:71,998
    run2,890  dpts:222..402  robin:WdegOnDom-First  effs:836,685,405  asgs:(2121,noefs=1174,fails=255)  fails:4,210,430  wrgs:11,139,698  wck:1296.0  ngds:72,003
    run2,891  dpts:4..74  robin:FrbaOnDom-Last  effs:836,709,556  asgs:(554,noefs=0,fails=268)  fails:4,210,698  wrgs:11,139,986  wck:1296.0  ngds:72,046
    run2,892  dpts:3..96  robin:Wdeg-Rand  effs:836,733,876  asgs:(835,noefs=134,fails=282)  fails:4,210,980  wrgs:11,140,544  wck:1296.1  ngds:72,070
    run2,893  dpts:333..662  robin:PickOnDom-First  effs:836,877,376  asgs:(3350,noefs=1692,fails=296)  fails:4,211,276  wrgs:11,143,207  wck:1296.3  ngds:72,074
    run2,894  dpts:1..65  robin:WdegOnDom-Last  effs:836,904,540  asgs:(657,noefs=0,fails=311)  fails:4,211,587  wrgs:11,143,538  wck:1296.4  ngds:72,104
    run2,895  dpts:3..105  robin:FrbaOnDom-Rand  effs:836,944,808  asgs:(1000,noefs=209,fails=326)  fails:4,211,913  wrgs:11,144,176  wck:1296.5  ngds:72,143
    run2,896  dpts:593..664  robin:Wdeg-First  effs:837,008,356  asgs:(2214,noefs=1099,fails=343)  fails:4,212,256  wrgs:11,145,554  wck:1296.6  ngds:72,150
    run2,897  dpts:2..126  robin:PickOnDom-Last  effs:837,028,866  asgs:(762,noefs=0,fails=360)  fails:4,212,616  wrgs:11,145,948  wck:1296.6  ngds:72,199
    run2,898  dpts:15..91  robin:WdegOnDom-Rand  effs:837,071,796  asgs:(1140,noefs=277,fails=378)  fails:4,212,994  wrgs:11,146,689  wck:1296.7  ngds:72,222
    run2,899  dpts:828..1075  robin:FrbaOnDom-First  effs:837,344,921  asgs:(3016,noefs=1267,fails=397)  fails:4,213,391  wrgs:11,148,561  wck:1297.3  ngds:72,225
    run2,900  dpts:6..88  robin:Wdeg-Last  effs:837,360,845  asgs:(930,noefs=0,fails=416)  fails:4,213,807  wrgs:11,149,119  wck:1297.3  ngds:72,261
    run2,901  dpts:3..150  robin:PickOnDom-Rand  effs:837,391,122  asgs:(1300,noefs=225,fails=437)  fails:4,214,244  wrgs:11,149,934  wck:1297.4  ngds:72,303
    run2,902  dpts:391..463  robin:WdegOnDom-First  effs:837,532,686  asgs:(2442,noefs=1055,fails=459)  fails:4,214,703  wrgs:11,151,603  wck:1297.6  ngds:72,307
    run2,903  dpts:7..134  robin:FrbaOnDom-Last  effs:837,564,613  asgs:(993,noefs=0,fails=482)  fails:4,215,185  wrgs:11,152,115  wck:1297.7  ngds:72,429
    run2,904  dpts:9..122  robin:Wdeg-Rand  effs:837,614,728  asgs:(1530,noefs=314,fails=506)  fails:4,215,691  wrgs:11,153,140  wck:1297.8  ngds:72,460
    run2,905  dpts:490..612  robin:PickOnDom-First  effs:837,736,769  asgs:(3663,noefs=1284,fails=532)  fails:4,216,223  wrgs:11,155,871  wck:1298.1  ngds:72,462
    run2,906  dpts:8..73  robin:WdegOnDom-Last  effs:837,785,865  asgs:(1166,noefs=0,fails=558)  fails:4,216,781  wrgs:11,156,485  wck:1298.2  ngds:72,501
    run2,907  dpts:6..163  robin:FrbaOnDom-Rand  effs:837,878,686  asgs:(1812,noefs=378,fails=586)  fails:4,217,367  wrgs:11,157,652  wck:1298.3  ngds:72,568
    run2,908  dpts:621..731  robin:Wdeg-First  effs:838,045,344  asgs:(3498,noefs=1579,fails=616)  fails:4,217,983  wrgs:11,160,182  wck:1298.6  ngds:72,573
    run2,909  dpts:8..69  robin:PickOnDom-Last  effs:838,105,369  asgs:(1386,noefs=0,fails=646)  fails:4,218,629  wrgs:11,160,966  wck:1298.7  ngds:72,596
 ...resetting heuristics data (nValues:6,906 - nSingletons:574 - nEntailed:531)
    run2,910  dpts:11..100  robin:WdegOnDom-Rand  effs:838,250,435  asgs:(2042,noefs=418,fails=679)  fails:4,219,308  wrgs:11,162,303  wck:1298.9  ngds:72,614
    run2,911  dpts:658..888  robin:FrbaOnDom-First  effs:838,773,856  asgs:(5428,noefs=2397,fails=713)  fails:4,220,021  wrgs:11,166,541  wck:1299.9  ngds:72,616
    run2,912  dpts:19..78  robin:Wdeg-Last  effs:838,838,881  asgs:(1614,noefs=0,fails=748)  fails:4,220,769  wrgs:11,167,406  wck:1300.0  ngds:72,681
    run2,913  dpts:13..148  robin:PickOnDom-Rand  effs:838,944,073  asgs:(2355,noefs=441,fails=786)  fails:4,221,555  wrgs:11,168,935  wck:1300.2  ngds:72,713
    run2,914  dpts:211..328  robin:WdegOnDom-First  effs:839,303,900  asgs:(5632,noefs=3157,fails=825)  fails:4,222,380  wrgs:11,173,685  wck:1300.9  ngds:72,719
    run2,915  dpts:3..116  robin:FrbaOnDom-Last  effs:839,332,769  asgs:(1773,noefs=0,fails=866)  fails:4,223,246  wrgs:11,174,596  wck:1300.9  ngds:72,765
    run2,916  dpts:8..104  robin:Wdeg-Rand  effs:839,455,570  asgs:(2673,noefs=539,fails=910)  fails:4,224,156  wrgs:11,176,378  wck:1301.1  ngds:72,780
    run2,917  dpts:103..417  robin:PickOnDom-First  effs:839,776,541  asgs:(9830,noefs=4213,fails=955)  fails:4,225,111  wrgs:11,185,095  wck:1301.7  ngds:72,788
    run2,918  dpts:3..64  robin:WdegOnDom-Last  effs:839,826,552  asgs:(2101,noefs=0,fails=1003)  fails:4,226,114  wrgs:11,186,226  wck:1301.8  ngds:72,819
    run2,919  dpts:7..207  robin:FrbaOnDom-Rand  effs:840,011,041  asgs:(3112,noefs=766,fails=1053)  fails:4,227,167  wrgs:11,188,315  wck:1302.2  ngds:72,844
    run2,920  dpts:476..518  robin:Wdeg-First  effs:840,152,388  asgs:(4417,noefs=1579,fails=1106)  fails:4,228,273  wrgs:11,191,630  wck:1302.5  ngds:72,849
    run2,921  dpts:1..125  robin:PickOnDom-Last  effs:840,219,261  asgs:(2486,noefs=0,fails=1161)  fails:4,229,434  wrgs:11,193,013  wck:1302.7  ngds:72,876
    run2,922  dpts:1..96  robin:WdegOnDom-Rand  effs:840,343,173  asgs:(3507,noefs=758,fails=1219)  fails:4,230,653  wrgs:11,195,451  wck:1303.0  ngds:72,893
    run2,923  dpts:909..1163  robin:FrbaOnDom-First  effs:840,927,959  asgs:(7981,noefs=2906,fails=1280)  fails:4,231,933  wrgs:11,201,460  wck:1304.2  ngds:72,896
    run2,924  dpts:14..61  robin:Wdeg-Last  effs:840,982,784  asgs:(3014,noefs=0,fails=1344)  fails:4,233,277  wrgs:11,203,226  wck:1304.3  ngds:72,923
    run2,925  dpts:6..201  robin:PickOnDom-Rand  effs:841,104,268  asgs:(4196,noefs=709,fails=1411)  fails:4,234,688  wrgs:11,206,021  wck:1304.6  ngds:72,966
    run2,926  dpts:362..469  robin:WdegOnDom-First  effs:841,716,632  asgs:(6968,noefs=3645,fails=1482)  fails:4,236,170  wrgs:11,211,786  wck:1305.5  ngds:72,968
    run2,927  dpts:3..201  robin:FrbaOnDom-Last  effs:841,800,975  asgs:(3149,noefs=0,fails=1556)  fails:4,237,726  wrgs:11,213,389  wck:1305.7  ngds:73,100
    run2,928  dpts:15..113  robin:Wdeg-Rand  effs:841,921,506  asgs:(4565,noefs=768,fails=1634)  fails:4,239,360  wrgs:11,216,664  wck:1306.0  ngds:73,112
    run2,929  dpts:490..634  robin:PickOnDom-First  effs:842,266,665  asgs:(10182,noefs=3496,fails=1716)  fails:4,241,076  wrgs:11,225,131  wck:1306.7  ngds:73,118
    run2,930  dpts:3..67  robin:WdegOnDom-Last  effs:842,378,040  asgs:(3771,noefs=0,fails=1802)  fails:4,242,878  wrgs:11,227,276  wck:1306.9  ngds:73,135
    run2,931  dpts:1..255  robin:FrbaOnDom-Rand  effs:842,583,642  asgs:(5557,noefs=1347,fails=1892)  fails:4,244,770  wrgs:11,230,901  wck:1307.4  ngds:73,205
    run2,932  dpts:315..705  robin:Wdeg-First  effs:843,273,227  asgs:(9086,noefs=3329,fails=1986)  fails:4,246,756  wrgs:11,238,428  wck:1308.4  ngds:73,211
    run2,933  dpts:8..110  robin:PickOnDom-Last  effs:843,445,500  asgs:(4348,noefs=0,fails=2086)  fails:4,248,842  wrgs:11,240,799  wck:1308.7  ngds:73,222
    run2,934  dpts:4..102  robin:WdegOnDom-Rand  effs:843,837,660  asgs:(6305,noefs=1273,fails=2190)  fails:4,251,032  wrgs:11,245,221  wck:1309.4  ngds:73,249
    run2,935  dpts:690..1003  robin:FrbaOnDom-First  effs:845,413,105  asgs:(14073,noefs=5027,fails=2299)  fails:4,253,331  wrgs:11,256,719  wck:1312.0  ngds:73,253
    run2,936  dpts:4..91  robin:Wdeg-Last  effs:845,586,020  asgs:(5215,noefs=0,fails=2414)  fails:4,255,745  wrgs:11,259,680  wck:1312.4  ngds:73,277
    run2,937  dpts:16..86  robin:PickOnDom-Rand  effs:845,787,095  asgs:(7206,noefs=700,fails=2535)  fails:4,258,280  wrgs:11,264,806  wck:1312.8  ngds:73,296
    run2,938  dpts:347..434  robin:WdegOnDom-First  effs:847,102,990  asgs:(13464,noefs=5983,fails=2662)  fails:4,260,942  wrgs:11,276,379  wck:1314.7  ngds:73,303
    run2,939  dpts:0..107  robin:FrbaOnDom-Last  effs:847,265,366  asgs:(5880,noefs=0,fails=2795)  fails:4,263,737  wrgs:11,279,691  wck:1315.0  ngds:73,336
 ...resetting heuristics data (nValues:6,903 - nSingletons:577 - nEntailed:534)
    run2,940  dpts:14..167  robin:Wdeg-Rand  effs:847,761,875  asgs:(8684,noefs=1752,fails=2935)  fails:4,266,672  wrgs:11,285,552  wck:1315.8  ngds:73,351
 ...Discarding 3 singleton variables
    run2,941  dpts:330..511  robin:PickOnDom-First  effs:848,620,967  asgs:(17986,noefs=5638,fails=3082)  fails:4,269,754  wrgs:11,300,817  wck:1317.1  ngds:73,356
    run2,942  dpts:16..84  robin:WdegOnDom-Last  effs:848,979,398  asgs:(6920,noefs=0,fails=3236)  fails:4,272,990  wrgs:11,304,655  wck:1317.8  ngds:73,385
    run2,943  dpts:7..311  robin:FrbaOnDom-Rand  effs:849,489,591  asgs:(10015,noefs=2143,fails=3397)  fails:4,276,387  wrgs:11,311,365  wck:1318.6  ngds:73,457
    run2,944  dpts:384..599  robin:Wdeg-First  effs:850,416,675  asgs:(21251,noefs=8758,fails=3567)  fails:4,279,954  wrgs:11,329,857  wck:1320.3  ngds:73,467
    run2,945  dpts:1..115  robin:PickOnDom-Last  effs:850,700,760  asgs:(7972,noefs=0,fails=3746)  fails:4,283,700  wrgs:11,334,251  wck:1320.8  ngds:73,477
    run2,946  dpts:9..110  robin:WdegOnDom-Rand  effs:851,442,780  asgs:(11584,noefs=2416,fails=3933)  fails:4,287,633  wrgs:11,342,261  wck:1321.9  ngds:73,503
    run2,947  dpts:787..1128  robin:FrbaOnDom-First  effs:854,640,969  asgs:(28553,noefs=12290,fails=4130)  fails:4,291,763  wrgs:11,366,890  wck:1327.6  ngds:73,505
    run2,948  dpts:1..126  robin:Wdeg-Last  effs:855,069,295  asgs:(9246,noefs=0,fails=4336)  fails:4,296,099  wrgs:11,371,973  wck:1328.3  ngds:73,540
    run2,949  dpts:3..108  robin:PickOnDom-Rand  effs:855,657,535  asgs:(13177,noefs=1518,fails=4553)  fails:4,300,652  wrgs:11,381,150  wck:1329.3  ngds:73,556
    run2,950  dpts:271..394  robin:WdegOnDom-First  effs:857,121,929  asgs:(28610,noefs=14116,fails=4781)  fails:4,305,433  wrgs:11,405,765  wck:1332.1  ngds:73,561
    run2,951  dpts:7..149  robin:FrbaOnDom-Last  effs:857,447,193  asgs:(10370,noefs=0,fails=5020)  fails:4,310,453  wrgs:11,411,261  wck:1332.8  ngds:73,599
    run2,952  dpts:11..82  robin:Wdeg-Rand  effs:857,781,604  asgs:(14510,noefs=2198,fails=5271)  fails:4,315,724  wrgs:11,421,840  wck:1333.5  ngds:73,607
    run2,953  dpts:416..815  robin:PickOnDom-First  effs:859,573,649  asgs:(44552,noefs=18849,fails=5534)  fails:4,321,258  wrgs:11,461,768  wck:1336.9  ngds:73,612
    run2,954  dpts:3..106  robin:WdegOnDom-Last  effs:859,840,977  asgs:(12111,noefs=0,fails=5811)  fails:4,327,069  wrgs:11,468,383  wck:1337.6  ngds:73,643
    run2,955  dpts:7..251  robin:FrbaOnDom-Rand  effs:860,558,981  asgs:(17896,noefs=4181,fails=6102)  fails:4,333,171  wrgs:11,480,376  wck:1338.9  ngds:73,696
    run2,956  dpts:283..633  robin:Wdeg-First  effs:862,076,149  asgs:(33304,noefs=13333,fails=6407)  fails:4,339,578  wrgs:11,508,863  wck:1341.8  ngds:73,703
    run2,957  dpts:1..109  robin:PickOnDom-Last  effs:862,434,502  asgs:(14375,noefs=0,fails=6727)  fails:4,346,305  wrgs:11,516,765  wck:1342.3  ngds:73,767
    run2,958  dpts:9..96  robin:WdegOnDom-Rand  effs:863,177,268  asgs:(20756,noefs=5055,fails=7064)  fails:4,353,369  wrgs:11,531,057  wck:1343.9  ngds:73,781
    run2,959  dpts:536..964  robin:FrbaOnDom-First  effs:868,647,536  asgs:(49241,noefs=22096,fails=7417)  fails:4,360,786  wrgs:11,573,768  wck:1353.1  ngds:73,789
    run2,960  dpts:7..127  robin:Wdeg-Last  effs:869,213,381  asgs:(16691,noefs=0,fails=7788)  fails:4,368,574  wrgs:11,583,534  wck:1354.1  ngds:73,882
    run2,961  dpts:14..150  robin:PickOnDom-Rand  effs:869,888,605  asgs:(24149,noefs=3995,fails=8177)  fails:4,376,751  wrgs:11,600,001  wck:1355.2  ngds:73,914
    run2,962  dpts:370..481  robin:WdegOnDom-First  effs:874,692,025  asgs:(39536,noefs=17811,fails=8586)  fails:4,385,337  wrgs:11,635,068  wck:1362.2  ngds:73,917
    run2,963  dpts:4..132  robin:FrbaOnDom-Last  effs:875,427,111  asgs:(18454,noefs=0,fails=9015)  fails:4,394,352  wrgs:11,644,764  wck:1363.5  ngds:73,968
    run2,964  dpts:3..116  robin:Wdeg-Rand  effs:876,858,984  asgs:(25774,noefs=3750,fails=9466)  fails:4,403,818  wrgs:11,663,784  wck:1365.6  ngds:73,996
    run2,965  dpts:347..506  robin:PickOnDom-First  effs:878,785,716  asgs:(54147,noefs=16164,fails=9939)  fails:4,413,757  wrgs:11,710,028  wck:1369.1  ngds:74,002
    run2,966  dpts:1..134  robin:WdegOnDom-Last  effs:879,466,116  asgs:(21670,noefs=0,fails=10436)  fails:4,424,193  wrgs:11,721,836  wck:1370.3  ngds:74,013
    run2,967  dpts:6..135  robin:FrbaOnDom-Rand  effs:880,696,059  asgs:(31993,noefs=6324,fails=10958)  fails:4,435,151  wrgs:11,743,682  wck:1372.3  ngds:74,062
    run2,968  dpts:728..818  robin:Wdeg-First  effs:883,209,501  asgs:(44408,noefs=14565,fails=11506)  fails:4,446,657  wrgs:11,779,474  wck:1376.3  ngds:74,068
    run2,969  dpts:1..167  robin:PickOnDom-Last  effs:884,070,346  asgs:(25799,noefs=0,fails=12082)  fails:4,458,739  wrgs:11,793,992  wck:1377.7  ngds:74,144
 ...resetting heuristics data (nValues:6,903 - nSingletons:577 - nEntailed:534)
    run2,970  dpts:14..194  robin:WdegOnDom-Rand  effs:886,331,786  asgs:(37648,noefs=6745,fails=12686)  fails:4,471,425  wrgs:11,819,430  wck:1381.2  ngds:74,194
 ...resetting restart cutoff to 170
    run2,971  dpts:781..939  robin:FrbaOnDom-First  effs:886,407,467  asgs:(1930,noefs=988,fails=170)  fails:4,471,595  wrgs:11,820,387  wck:1381.4  ngds:74,199
    run2,972  dpts:17..65  robin:Wdeg-Last  effs:886,417,936  asgs:(404,noefs=0,fails=178)  fails:4,471,773  wrgs:11,820,591  wck:1381.4  ngds:74,231
    run2,973  dpts:8..149  robin:PickOnDom-Rand  effs:886,443,332  asgs:(580,noefs=121,fails=187)  fails:4,471,960  wrgs:11,820,915  wck:1381.5  ngds:74,274
    run2,974  dpts:322..413  robin:WdegOnDom-First  effs:886,542,586  asgs:(1819,noefs=1066,fails=196)  fails:4,472,156  wrgs:11,822,196  wck:1381.7  ngds:74,280
    run2,975  dpts:6..59  robin:FrbaOnDom-Last  effs:886,553,468  asgs:(433,noefs=0,fails=206)  fails:4,472,362  wrgs:11,822,418  wck:1381.7  ngds:74,316
    run2,976  dpts:6..92  robin:Wdeg-Rand  effs:886,589,245  asgs:(654,noefs=132,fails=216)  fails:4,472,578  wrgs:11,822,834  wck:1381.8  ngds:74,326
    run2,977  dpts:574..663  robin:PickOnDom-First  effs:886,650,241  asgs:(1635,noefs=578,fails=227)  fails:4,472,805  wrgs:11,823,739  wck:1381.9  ngds:74,327
    run2,978  dpts:1..81  robin:WdegOnDom-Last  effs:886,668,289  asgs:(535,noefs=0,fails=239)  fails:4,473,044  wrgs:11,824,016  wck:1381.9  ngds:74,341
    run2,979  dpts:17..260  robin:FrbaOnDom-Rand  effs:886,697,041  asgs:(759,noefs=197,fails=251)  fails:4,473,295  wrgs:11,824,420  wck:1382.0  ngds:74,445
    run2,980  dpts:275..585  robin:Wdeg-First  effs:886,740,000  asgs:(1850,noefs=931,fails=263)  fails:4,473,558  wrgs:11,825,545  wck:1382.1  ngds:74,455
    run2,981  dpts:6..61  robin:PickOnDom-Last  effs:886,753,482  asgs:(612,noefs=0,fails=276)  fails:4,473,834  wrgs:11,825,880  wck:1382.2  ngds:74,469
    run2,982  dpts:8..71  robin:WdegOnDom-Rand  effs:886,784,652  asgs:(873,noefs=183,fails=290)  fails:4,474,124  wrgs:11,826,442  wck:1382.2  ngds:74,489
    run2,983  dpts:1013..1118  robin:FrbaOnDom-First  effs:886,888,749  asgs:(2458,noefs=1141,fails=305)  fails:4,474,429  wrgs:11,827,645  wck:1382.5  ngds:74,492
    run2,984  dpts:25..77  robin:Wdeg-Last  effs:886,906,703  asgs:(735,noefs=0,fails=320)  fails:4,474,749  wrgs:11,828,046  wck:1382.5  ngds:74,511
    run2,985  dpts:4..91  robin:PickOnDom-Rand  effs:886,957,301  asgs:(1020,noefs=121,fails=336)  fails:4,475,085  wrgs:11,828,741  wck:1382.6  ngds:74,516
    run2,986  dpts:419..456  robin:WdegOnDom-First  effs:887,140,206  asgs:(2389,noefs=1200,fails=353)  fails:4,475,438  wrgs:11,830,446  wck:1382.9  ngds:74,521
    run2,987  dpts:2..108  robin:FrbaOnDom-Last  effs:887,164,571  asgs:(763,noefs=0,fails=371)  fails:4,475,809  wrgs:11,830,832  wck:1383.0  ngds:74,583
    run2,988  dpts:20..60  robin:Wdeg-Rand  effs:887,201,751  asgs:(1123,noefs=180,fails=389)  fails:4,476,198  wrgs:11,831,573  wck:1383.1  ngds:74,588
    run2,989  dpts:497..597  robin:PickOnDom-First  effs:887,302,081  asgs:(3186,noefs=1348,fails=409)  fails:4,476,607  wrgs:11,833,918  wck:1383.3  ngds:74,592
    run2,990  dpts:1..80  robin:WdegOnDom-Last  effs:887,334,446  asgs:(967,noefs=0,fails=429)  fails:4,477,036  wrgs:11,834,459  wck:1383.4  ngds:74,621
    run2,991  dpts:8..164  robin:FrbaOnDom-Rand  effs:887,432,121  asgs:(1333,noefs=264,fails=451)  fails:4,477,487  wrgs:11,835,352  wck:1383.5  ngds:74,624
    run2,992  dpts:579..642  robin:Wdeg-First  effs:887,546,162  asgs:(2603,noefs=1076,fails=473)  fails:4,477,960  wrgs:11,837,007  wck:1383.8  ngds:74,630
    run2,993  dpts:7..137  robin:PickOnDom-Last  effs:887,571,481  asgs:(1043,noefs=0,fails=497)  fails:4,478,457  wrgs:11,837,574  wck:1383.9  ngds:74,685
    run2,994  dpts:4..103  robin:WdegOnDom-Rand  effs:887,610,201  asgs:(1553,noefs=382,fails=522)  fails:4,478,979  wrgs:11,838,616  wck:1384.0  ngds:74,702
    run2,995  dpts:1083..1212  robin:FrbaOnDom-First  effs:887,870,456  asgs:(3796,noefs=1457,fails=548)  fails:4,479,527  wrgs:11,840,827  wck:1384.5  ngds:74,706
    run2,996  dpts:6..40  robin:Wdeg-Last  effs:887,901,101  asgs:(1315,noefs=0,fails=575)  fails:4,480,102  wrgs:11,841,612  wck:1384.6  ngds:74,722
    run2,997  dpts:6..166  robin:PickOnDom-Rand  effs:887,976,722  asgs:(1775,noefs=270,fails=604)  fails:4,480,706  wrgs:11,842,788  wck:1384.7  ngds:74,746
    run2,998  dpts:450..526  robin:WdegOnDom-First  effs:888,266,458  asgs:(4065,noefs=2042,fails=634)  fails:4,481,340  wrgs:11,845,975  wck:1385.2  ngds:74,753
    run2,999  dpts:2..81  robin:FrbaOnDom-Last  effs:888,299,434  asgs:(1377,noefs=0,fails=666)  fails:4,482,006  wrgs:11,846,709  wck:1385.3  ngds:74,766
 ...resetting heuristics data (nValues:6,903 - nSingletons:577 - nEntailed:534)
    run3,000  dpts:9..175  robin:Wdeg-Rand  effs:888,413,884  asgs:(2136,noefs=493,fails=699)  fails:4,482,705  wrgs:11,848,122  wck:1385.5  ngds:74,798
    run3,001  dpts:329..536  robin:PickOnDom-First  effs:888,627,978  asgs:(5002,noefs=1635,fails=734)  fails:4,483,439  wrgs:11,852,109  wck:1385.8  ngds:74,803
    run3,002  dpts:17..75  robin:WdegOnDom-Last  effs:888,743,296  asgs:(1666,noefs=0,fails=771)  fails:4,484,210  wrgs:11,853,001  wck:1386.0  ngds:74,842
    run3,003  dpts:11..186  robin:FrbaOnDom-Rand  effs:888,827,520  asgs:(2377,noefs=481,fails=810)  fails:4,485,020  wrgs:11,854,514  wck:1386.2  ngds:74,927
    run3,004  dpts:385..610  robin:Wdeg-First  effs:889,101,253  asgs:(5891,noefs=2673,fails=850)  fails:4,485,870  wrgs:11,859,296  wck:1386.7  ngds:74,933
    run3,005  dpts:1..104  robin:PickOnDom-Last  effs:889,159,097  asgs:(1904,noefs=0,fails=893)  fails:4,486,763  wrgs:11,860,303  wck:1386.8  ngds:74,983
    run3,006  dpts:6..93  robin:WdegOnDom-Rand  effs:889,291,596  asgs:(2811,noefs=601,fails=937)  fails:4,487,700  wrgs:11,862,190  wck:1387.0  ngds:75,003
    run3,007  dpts:916..1119  robin:FrbaOnDom-First  effs:889,728,431  asgs:(6317,noefs=2702,fails=984)  fails:4,488,684  wrgs:11,866,835  wck:1388.0  ngds:75,007
    run3,008  dpts:7..104  robin:Wdeg-Last  effs:889,841,963  asgs:(2180,noefs=0,fails=1033)  fails:4,489,717  wrgs:11,867,975  wck:1388.1  ngds:75,073
    run3,009  dpts:11..178  robin:PickOnDom-Rand  effs:889,995,622  asgs:(3151,noefs=429,fails=1085)  fails:4,490,802  wrgs:11,870,034  wck:1388.4  ngds:75,119
    run3,010  dpts:432..518  robin:WdegOnDom-First  effs:890,460,051  asgs:(8221,noefs=4883,fails=1139)  fails:4,491,941  wrgs:11,876,860  wck:1389.2  ngds:75,123
    run3,011  dpts:3..125  robin:FrbaOnDom-Last  effs:890,553,347  asgs:(2455,noefs=0,fails=1196)  fails:4,493,137  wrgs:11,878,128  wck:1389.4  ngds:75,154
    run3,012  dpts:6..145  robin:Wdeg-Rand  effs:890,698,653  asgs:(3627,noefs=779,fails=1256)  fails:4,494,393  wrgs:11,880,567  wck:1389.7  ngds:75,184
    run3,013  dpts:230..770  robin:PickOnDom-First  effs:891,258,531  asgs:(10213,noefs=4405,fails=1319)  fails:4,495,712  wrgs:11,889,154  wck:1390.6  ngds:75,189
    run3,014  dpts:3..68  robin:WdegOnDom-Last  effs:891,376,431  asgs:(2894,noefs=0,fails=1385)  fails:4,497,097  wrgs:11,890,750  wck:1390.9  ngds:75,210
    run3,015  dpts:5..219  robin:FrbaOnDom-Rand  effs:891,590,986  asgs:(4322,noefs=857,fails=1454)  fails:4,498,551  wrgs:11,893,608  wck:1391.2  ngds:75,255
    run3,016  dpts:682..742  robin:Wdeg-First  effs:891,841,772  asgs:(6782,noefs=2290,fails=1527)  fails:4,500,078  wrgs:11,898,799  wck:1391.7  ngds:75,257
    run3,017  dpts:10..84  robin:PickOnDom-Last  effs:891,959,251  asgs:(3555,noefs=0,fails=1603)  fails:4,501,681  wrgs:11,900,842  wck:1391.9  ngds:75,286
    run3,018  dpts:6..76  robin:WdegOnDom-Rand  effs:892,123,337  asgs:(4842,noefs=919,fails=1684)  fails:4,503,365  wrgs:11,904,176  wck:1392.3  ngds:75,299
    run3,019  dpts:864..1081  robin:FrbaOnDom-First  effs:893,009,351  asgs:(8700,noefs=2219,fails=1768)  fails:4,505,133  wrgs:11,910,522  wck:1394.0  ngds:75,305
    run3,020  dpts:2..78  robin:Wdeg-Last  effs:893,105,989  asgs:(4062,noefs=0,fails=1856)  fails:4,506,989  wrgs:11,912,923  wck:1394.2  ngds:75,345
    run3,021  dpts:5..183  robin:PickOnDom-Rand  effs:893,289,522  asgs:(5941,noefs=980,fails=1949)  fails:4,508,938  wrgs:11,916,933  wck:1394.5  ngds:75,370
    run3,022  dpts:254..403  robin:WdegOnDom-First  effs:894,266,794  asgs:(11646,noefs=6333,fails=2046)  fails:4,510,984  wrgs:11,926,816  wck:1396.0  ngds:75,378
    run3,023  dpts:0..92  robin:FrbaOnDom-Last  effs:894,382,163  asgs:(4468,noefs=0,fails=2149)  fails:4,513,133  wrgs:11,929,210  wck:1396.2  ngds:75,437
    run3,024  dpts:15..125  robin:Wdeg-Rand  effs:894,561,522  asgs:(6561,noefs=1102,fails=2256)  fails:4,515,389  wrgs:11,933,834  wck:1396.6  ngds:75,450
    run3,025  dpts:396..650  robin:PickOnDom-First  effs:895,406,892  asgs:(15197,noefs=4845,fails=2369)  fails:4,517,758  wrgs:11,946,996  wck:1398.1  ngds:75,452
    run3,026  dpts:4..63  robin:WdegOnDom-Last  effs:895,612,151  asgs:(5332,noefs=0,fails=2488)  fails:4,520,246  wrgs:11,950,160  wck:1398.4  ngds:75,467
    run3,027  dpts:12..145  robin:FrbaOnDom-Rand  effs:895,917,518  asgs:(7749,noefs=1411,fails=2612)  fails:4,522,858  wrgs:11,955,424  wck:1399.1  ngds:75,519
    run3,028  dpts:836..896  robin:Wdeg-First  effs:896,519,889  asgs:(14020,noefs=5636,fails=2743)  fails:4,525,601  wrgs:11,966,607  wck:1400.2  ngds:75,523
    run3,029  dpts:3..75  robin:PickOnDom-Last  effs:896,762,696  asgs:(6336,noefs=0,fails=2880)  fails:4,528,481  wrgs:11,970,224  wck:1400.6  ngds:75,541
 ...resetting heuristics data (nValues:6,902 - nSingletons:578 - nEntailed:535)
    run3,030  dpts:6..142  robin:WdegOnDom-Rand  effs:897,407,693  asgs:(8962,noefs=1847,fails=3024)  fails:4,531,505  wrgs:11,976,301  wck:1401.6  ngds:75,562
 ...Discarding 1 singleton variables
    run3,031  dpts:685..922  robin:FrbaOnDom-First  effs:899,372,621  asgs:(19926,noefs=7417,fails=3175)  fails:4,534,680  wrgs:11,992,839  wck:1405.0  ngds:75,566
    run3,032  dpts:16..149  robin:Wdeg-Last  effs:899,694,274  asgs:(7120,noefs=0,fails=3334)  fails:4,538,014  wrgs:11,996,731  wck:1405.6  ngds:75,591
    run3,033  dpts:12..278  robin:PickOnDom-Rand  effs:900,064,669  asgs:(10354,noefs=1994,fails=3500)  fails:4,541,514  wrgs:12,003,659  wck:1406.3  ngds:75,687
    run3,034  dpts:222..327  robin:WdegOnDom-First  effs:901,769,743  asgs:(22534,noefs=11768,fails=3675)  fails:4,545,189  wrgs:12,023,272  wck:1409.1  ngds:75,691
    run3,035  dpts:3..129  robin:FrbaOnDom-Last  effs:902,049,922  asgs:(7994,noefs=0,fails=3859)  fails:4,549,048  wrgs:12,027,495  wck:1409.5  ngds:75,722
    run3,036  dpts:22..124  robin:Wdeg-Rand  effs:902,528,435  asgs:(11624,noefs=1896,fails=4052)  fails:4,553,100  wrgs:12,035,514  wck:1410.4  ngds:75,757
    run3,037  dpts:252..543  robin:PickOnDom-First  effs:904,166,415  asgs:(32127,noefs=12273,fails=4255)  fails:4,557,355  wrgs:12,064,545  wck:1413.3  ngds:75,760
    run3,038  dpts:2..62  robin:WdegOnDom-Last  effs:904,448,205  asgs:(9370,noefs=0,fails=4468)  fails:4,561,823  wrgs:12,070,520  wck:1413.9  ngds:75,790
    run3,039  dpts:3..204  robin:FrbaOnDom-Rand  effs:904,978,317  asgs:(13997,noefs=2944,fails=4691)  fails:4,566,514  wrgs:12,079,881  wck:1414.8  ngds:75,833
    run3,040  dpts:665..884  robin:Wdeg-First  effs:906,513,082  asgs:(26535,noefs=10729,fails=4926)  fails:4,571,440  wrgs:12,102,987  wck:1417.3  ngds:75,837
    run3,041  dpts:1..124  robin:PickOnDom-Last  effs:906,902,807  asgs:(11303,noefs=0,fails=5172)  fails:4,576,612  wrgs:12,109,566  wck:1418.0  ngds:75,869
    run3,042  dpts:6..128  robin:WdegOnDom-Rand  effs:907,689,881  asgs:(14188,noefs=3191,fails=5431)  fails:4,582,043  wrgs:12,120,288  wck:1419.4  ngds:75,903
    run3,043  dpts:665..959  robin:FrbaOnDom-First  effs:911,796,946  asgs:(35696,noefs=11705,fails=5702)  fails:4,587,745  wrgs:12,150,440  wck:1426.7  ngds:75,908
    run3,044  dpts:3..59  robin:Wdeg-Last  effs:912,294,355  asgs:(13300,noefs=0,fails=5987)  fails:4,593,732  wrgs:12,158,310  wck:1427.5  ngds:75,919
    run3,045  dpts:4..181  robin:PickOnDom-Rand  effs:913,119,174  asgs:(18365,noefs=2515,fails=6287)  fails:4,600,019  wrgs:12,170,866  wck:1428.8  ngds:75,968
    run3,046  dpts:317..528  robin:WdegOnDom-First  effs:917,237,072  asgs:(33671,noefs=15352,fails=6601)  fails:4,606,620  wrgs:12,200,733  wck:1434.5  ngds:75,976
    run3,047  dpts:2..169  robin:FrbaOnDom-Last  effs:917,713,568  asgs:(14363,noefs=0,fails=6931)  fails:4,613,551  wrgs:12,208,502  wck:1435.3  ngds:76,041
    run3,048  dpts:6..143  robin:Wdeg-Rand  effs:918,278,980  asgs:(20913,noefs=3586,fails=7278)  fails:4,620,829  wrgs:12,223,089  wck:1436.6  ngds:76,067
    run3,049  dpts:59..629  robin:PickOnDom-First  effs:921,675,708  asgs:(60122,noefs=22024,fails=7642)  fails:4,628,471  wrgs:12,277,457  wck:1442.0  ngds:76,074
    run3,050  dpts:4..101  robin:WdegOnDom-Last  effs:922,118,388  asgs:(16899,noefs=0,fails=8024)  fails:4,636,495  wrgs:12,287,036  wck:1443.0  ngds:76,095
    run3,051  dpts:1..163  robin:FrbaOnDom-Rand  effs:923,157,103  asgs:(25319,noefs=5181,fails=8425)  fails:4,644,920  wrgs:12,304,157  wck:1445.0  ngds:76,146
    run3,052  dpts:750..891  robin:Wdeg-First  effs:926,519,470  asgs:(47535,noefs=16757,fails=8846)  fails:4,653,766  wrgs:12,345,578  wck:1450.0  ngds:76,152
    run3,053  dpts:1..151  robin:PickOnDom-Last  effs:926,970,536  asgs:(19504,noefs=0,fails=9289)  fails:4,663,055  wrgs:12,356,200  wck:1450.8  ngds:76,215
    run3,054  dpts:2..146  robin:WdegOnDom-Rand  effs:927,868,163  asgs:(27749,noefs=5593,fails=9753)  fails:4,672,808  wrgs:12,375,473  wck:1452.8  ngds:76,231
    run3,055  dpts:621..864  robin:FrbaOnDom-First  effs:932,890,963  asgs:(59052,noefs=20346,fails=10241)  fails:4,683,049  wrgs:12,425,231  wck:1461.2  ngds:76,235
    run3,056  dpts:13..46  robin:Wdeg-Last  effs:933,399,690  asgs:(24234,noefs=0,fails=10753)  fails:4,693,802  wrgs:12,441,134  wck:1462.4  ngds:76,242
    run3,057  dpts:2..222  robin:PickOnDom-Rand  effs:934,208,491  asgs:(32488,noefs=4154,fails=11290)  fails:4,705,092  wrgs:12,463,609  wck:1464.2  ngds:76,313
    run3,058  dpts:358..529  robin:WdegOnDom-First  effs:940,980,339  asgs:(63084,noefs=32650,fails=11855)  fails:4,716,947  wrgs:12,519,194  wck:1474.4  ngds:76,318
    run3,059  dpts:3..143  robin:FrbaOnDom-Last  effs:941,774,396  asgs:(26010,noefs=0,fails=12448)  fails:4,729,395  wrgs:12,533,512  wck:1475.9  ngds:76,359
 ...resetting heuristics data (nValues:6,902 - nSingletons:578 - nEntailed:535)
    run3,060  dpts:7..188  robin:Wdeg-Rand  effs:943,796,818  asgs:(38398,noefs=7462,fails=13070)  fails:4,742,465  wrgs:12,559,595  wck:1479.3  ngds:76,387
 ...resetting restart cutoff to 175
    run3,061  dpts:349..489  robin:PickOnDom-First  effs:943,837,045  asgs:(1376,noefs=611,fails=175)  fails:4,742,640  wrgs:12,560,432  wck:1479.4  ngds:76,394
    run3,062  dpts:17..46  robin:WdegOnDom-Last  effs:943,863,069  asgs:(413,noefs=0,fails=183)  fails:4,742,823  wrgs:12,560,655  wck:1479.4  ngds:76,398
    run3,063  dpts:15..148  robin:FrbaOnDom-Rand  effs:943,887,997  asgs:(607,noefs=137,fails=192)  fails:4,743,015  wrgs:12,561,033  wck:1479.5  ngds:76,421
    run3,064  dpts:571..619  robin:Wdeg-First  effs:943,952,453  asgs:(1725,noefs=798,fails=202)  fails:4,743,217  wrgs:12,562,024  wck:1479.6  ngds:76,425
    run3,065  dpts:8..84  robin:PickOnDom-Last  effs:943,976,018  asgs:(474,noefs=0,fails=212)  fails:4,743,429  wrgs:12,562,260  wck:1479.7  ngds:76,453
    run3,066  dpts:1..85  robin:WdegOnDom-Rand  effs:944,008,285  asgs:(669,noefs=129,fails=223)  fails:4,743,652  wrgs:12,562,675  wck:1479.7  ngds:76,483
    run3,067  dpts:735..923  robin:FrbaOnDom-First  effs:944,133,922  asgs:(2154,noefs=1052,fails=234)  fails:4,743,886  wrgs:12,563,908  wck:1480.0  ngds:76,487
    run3,068  dpts:5..69  robin:Wdeg-Last  effs:944,148,902  asgs:(550,noefs=0,fails=246)  fails:4,744,132  wrgs:12,564,223  wck:1480.1  ngds:76,518
    run3,069  dpts:5..100  robin:PickOnDom-Rand  effs:944,176,938  asgs:(770,noefs=80,fails=258)  fails:4,744,390  wrgs:12,564,725  wck:1480.1  ngds:76,547
    run3,070  dpts:154..307  robin:WdegOnDom-First  effs:944,283,196  asgs:(2130,noefs=1143,fails=271)  fails:4,744,661  wrgs:12,566,352  wck:1480.3  ngds:76,553
    run3,071  dpts:3..76  robin:FrbaOnDom-Last  effs:944,302,483  asgs:(601,noefs=0,fails=285)  fails:4,744,946  wrgs:12,566,662  wck:1480.4  ngds:76,608
    run3,072  dpts:5..112  robin:Wdeg-Rand  effs:944,322,015  asgs:(909,noefs=191,fails=299)  fails:4,745,245  wrgs:12,567,261  wck:1480.4  ngds:76,629
    run3,073  dpts:488..780  robin:PickOnDom-First  effs:944,464,768  asgs:(3399,noefs=1611,fails=314)  fails:4,745,559  wrgs:12,569,789  wck:1480.7  ngds:76,636
    run3,074  dpts:5..66  robin:WdegOnDom-Last  effs:944,494,139  asgs:(694,noefs=0,fails=329)  fails:4,745,888  wrgs:12,570,153  wck:1480.8  ngds:76,660
    run3,075  dpts:6..172  robin:FrbaOnDom-Rand  effs:944,533,304  asgs:(1055,noefs=248,fails=346)  fails:4,746,234  wrgs:12,570,824  wck:1480.8  ngds:76,710
    run3,076  dpts:627..707  robin:Wdeg-First  effs:944,650,242  asgs:(2951,noefs=1245,fails=363)  fails:4,746,597  wrgs:12,572,867  wck:1481.1  ngds:76,714
    run3,077  dpts:1..130  robin:PickOnDom-Last  effs:944,667,737  asgs:(810,noefs=0,fails=382)  fails:4,746,979  wrgs:12,573,278  wck:1481.1  ngds:76,825
    run3,078  dpts:7..98  robin:WdegOnDom-Rand  effs:944,708,512  asgs:(1127,noefs=276,fails=401)  fails:4,747,380  wrgs:12,574,026  wck:1481.2  ngds:76,855
    run3,079  dpts:868..1106  robin:FrbaOnDom-First  effs:944,939,680  asgs:(3129,noefs=1469,fails=421)  fails:4,747,801  wrgs:12,575,903  wck:1481.7  ngds:76,858
    run3,080  dpts:17..65  robin:Wdeg-Last  effs:944,971,715  asgs:(982,noefs=0,fails=442)  fails:4,748,243  wrgs:12,576,450  wck:1481.8  ngds:76,879
    run3,081  dpts:2..195  robin:PickOnDom-Rand  effs:945,009,214  asgs:(1419,noefs=228,fails=464)  fails:4,748,707  wrgs:12,577,337  wck:1481.9  ngds:76,929
    run3,082  dpts:389..472  robin:WdegOnDom-First  effs:945,155,236  asgs:(3069,noefs=1592,fails=487)  fails:4,749,194  wrgs:12,579,655  wck:1482.2  ngds:76,935
    run3,083  dpts:4..134  robin:FrbaOnDom-Last  effs:945,185,768  asgs:(1065,noefs=0,fails=511)  fails:4,749,705  wrgs:12,580,203  wck:1482.2  ngds:76,966
    run3,084  dpts:5..106  robin:Wdeg-Rand  effs:945,255,210  asgs:(1596,noefs=330,fails=537)  fails:4,750,242  wrgs:12,581,255  wck:1482.4  ngds:76,986
    run3,085  dpts:288..546  robin:PickOnDom-First  effs:945,469,485  asgs:(4034,noefs=1264,fails=564)  fails:4,750,806  wrgs:12,584,364  wck:1482.7  ngds:76,990
    run3,086  dpts:5..61  robin:WdegOnDom-Last  effs:945,501,865  asgs:(1308,noefs=0,fails=592)  fails:4,751,398  wrgs:12,585,098  wck:1482.8  ngds:77,009
    run3,087  dpts:3..145  robin:FrbaOnDom-Rand  effs:945,620,812  asgs:(1867,noefs=357,fails=622)  fails:4,752,020  wrgs:12,586,339  wck:1483.0  ngds:77,034
    run3,088  dpts:657..791  robin:Wdeg-First  effs:945,893,297  asgs:(4468,noefs=1964,fails=653)  fails:4,752,673  wrgs:12,589,621  wck:1483.5  ngds:77,038
    run3,089  dpts:13..68  robin:PickOnDom-Last  effs:945,934,453  asgs:(1459,noefs=0,fails=686)  fails:4,753,359  wrgs:12,590,432  wck:1483.6  ngds:77,054
 ...resetting heuristics data (nValues:6,902 - nSingletons:578 - nEntailed:535)
    run3,090  dpts:7..127  robin:WdegOnDom-Rand  effs:946,071,036  asgs:(2132,noefs=415,fails=720)  fails:4,754,079  wrgs:12,591,818  wck:1483.8  ngds:77,069
    run3,091  dpts:687..953  robin:FrbaOnDom-First  effs:946,622,043  asgs:(5939,noefs=2475,fails=756)  fails:4,754,835  wrgs:12,596,536  wck:1485.0  ngds:77,071
    run3,092  dpts:18..94  robin:Wdeg-Last  effs:946,701,404  asgs:(1704,noefs=0,fails=794)  fails:4,755,629  wrgs:12,597,436  wck:1485.1  ngds:77,100
    run3,093  dpts:9..259  robin:PickOnDom-Rand  effs:946,817,679  asgs:(2497,noefs=498,fails=833)  fails:4,756,462  wrgs:12,599,011  wck:1485.3  ngds:77,181
    run3,094  dpts:246..333  robin:WdegOnDom-First  effs:947,217,316  asgs:(5323,noefs=2844,fails=875)  fails:4,757,337  wrgs:12,603,280  wck:1486.0  ngds:77,185
    run3,095  dpts:1..166  robin:FrbaOnDom-Last  effs:947,279,886  asgs:(1910,noefs=0,fails=919)  fails:4,758,256  wrgs:12,604,285  wck:1486.2  ngds:77,304
    run3,096  dpts:7..64  robin:Wdeg-Rand  effs:947,353,217  asgs:(2810,noefs=393,fails=965)  fails:4,759,221  wrgs:12,606,200  wck:1486.4  ngds:77,320
    run3,097  dpts:352..573  robin:PickOnDom-First  effs:947,834,612  asgs:(7069,noefs=2199,fails=1013)  fails:4,760,234  wrgs:12,612,197  wck:1487.1  ngds:77,324
    run3,098  dpts:5..91  robin:WdegOnDom-Last  effs:947,900,768  asgs:(2230,noefs=0,fails=1064)  fails:4,761,298  wrgs:12,613,430  wck:1487.3  ngds:77,361
    run3,099  dpts:6..169  robin:FrbaOnDom-Rand  effs:948,012,384  asgs:(3395,noefs=716,fails=1117)  fails:4,762,415  wrgs:12,615,661  wck:1487.5  ngds:77,412
    run3,100  dpts:376..498  robin:Wdeg-First  effs:948,274,080  asgs:(4156,noefs=1294,fails=1173)  fails:4,763,588  wrgs:12,618,693  wck:1488.0  ngds:77,415
    run3,101  dpts:5..112  robin:PickOnDom-Last  effs:948,344,616  asgs:(2655,noefs=0,fails=1231)  fails:4,764,819  wrgs:12,620,190  wck:1488.1  ngds:77,451
    run3,102  dpts:9..87  robin:WdegOnDom-Rand  effs:948,479,256  asgs:(3681,noefs=868,fails=1293)  fails:4,766,112  wrgs:12,622,736  wck:1488.4  ngds:77,470
    run3,103  dpts:824..1131  robin:FrbaOnDom-First  effs:949,525,354  asgs:(8967,noefs=3428,fails=1358)  fails:4,767,470  wrgs:12,629,727  wck:1490.2  ngds:77,476
    run3,104  dpts:6..55  robin:Wdeg-Last  effs:949,586,855  asgs:(3207,noefs=0,fails=1426)  fails:4,768,896  wrgs:12,631,775  wck:1490.3  ngds:77,503
    run3,105  dpts:8..146  robin:PickOnDom-Rand  effs:949,729,988  asgs:(4447,noefs=638,fails=1497)  fails:4,770,393  wrgs:12,634,762  wck:1490.6  ngds:77,536
    run3,106  dpts:288..447  robin:WdegOnDom-First  effs:950,221,302  asgs:(8014,noefs=3387,fails=1572)  fails:4,771,965  wrgs:12,641,338  wck:1491.5  ngds:77,543
    run3,107  dpts:2..105  robin:FrbaOnDom-Last  effs:950,352,496  asgs:(3415,noefs=0,fails=1650)  fails:4,773,615  wrgs:12,643,118  wck:1491.7  ngds:77,615
    run3,108  dpts:19..113  robin:Wdeg-Rand  effs:950,525,958  asgs:(5103,noefs=1004,fails=1733)  fails:4,775,348  wrgs:12,646,609  wck:1492.0  ngds:77,636
    run3,109  dpts:535..701  robin:PickOnDom-First  effs:951,085,369  asgs:(11424,noefs=3883,fails=1820)  fails:4,777,168  wrgs:12,656,221  wck:1493.1  ngds:77,639
    run3,110  dpts:5..64  robin:WdegOnDom-Last  effs:951,202,200  asgs:(4056,noefs=0,fails=1911)  fails:4,779,079  wrgs:12,658,458  wck:1493.4  ngds:77,662
    run3,111  dpts:11..175  robin:FrbaOnDom-Rand  effs:951,386,786  asgs:(5932,noefs=1309,fails=2006)  fails:4,781,085  wrgs:12,662,402  wck:1493.8  ngds:77,698
    run3,112  dpts:527..658  robin:Wdeg-First  effs:951,986,456  asgs:(11694,noefs=4562,fails=2107)  fails:4,783,192  wrgs:12,672,270  wck:1494.8  ngds:77,706
    run3,113  dpts:7..95  robin:PickOnDom-Last  effs:952,158,814  asgs:(4595,noefs=0,fails=2212)  fails:4,785,404  wrgs:12,674,742  wck:1495.1  ngds:77,755
    run3,114  dpts:19..106  robin:WdegOnDom-Rand  effs:952,366,078  asgs:(6662,noefs=1513,fails=2323)  fails:4,787,727  wrgs:12,679,358  wck:1495.6  ngds:77,768
    run3,115  dpts:786..1027  robin:FrbaOnDom-First  effs:953,832,817  asgs:(13247,noefs=4425,fails=2439)  fails:4,790,166  wrgs:12,689,728  wck:1498.0  ngds:77,771
    run3,116  dpts:1..88  robin:Wdeg-Last  effs:953,960,819  asgs:(5681,noefs=0,fails=2561)  fails:4,792,727  wrgs:12,693,163  wck:1498.3  ngds:77,815
    run3,117  dpts:11..144  robin:PickOnDom-Rand  effs:954,196,806  asgs:(7823,noefs=898,fails=2689)  fails:4,795,416  wrgs:12,698,522  wck:1498.8  ngds:77,858
    run3,118  dpts:257..481  robin:WdegOnDom-First  effs:955,915,574  asgs:(18597,noefs=10725,fails=2823)  fails:4,798,239  wrgs:12,714,732  wck:1501.4  ngds:77,865
    run3,119  dpts:6..69  robin:FrbaOnDom-Last  effs:956,016,329  asgs:(6316,noefs=0,fails=2964)  fails:4,801,203  wrgs:12,718,221  wck:1501.6  ngds:77,908
 ...resetting heuristics data (nValues:6,902 - nSingletons:578 - nEntailed:535)
    run3,120  dpts:11..193  robin:Wdeg-Rand  effs:956,572,401  asgs:(9123,noefs=1831,fails=3113)  fails:4,804,316  wrgs:12,724,363  wck:1502.5  ngds:77,927
    run3,121  dpts:331..484  robin:PickOnDom-First  effs:957,249,011  asgs:(19338,noefs=5336,fails=3268)  fails:4,807,584  wrgs:12,740,821  wck:1503.7  ngds:77,932
    run3,122  dpts:16..85  robin:WdegOnDom-Last  effs:957,591,939  asgs:(7446,noefs=0,fails=3432)  fails:4,811,016  wrgs:12,744,957  wck:1504.3  ngds:77,965
    run3,123  dpts:6..209  robin:FrbaOnDom-Rand  effs:957,973,295  asgs:(10704,noefs=2249,fails=3603)  fails:4,814,619  wrgs:12,752,161  wck:1505.2  ngds:78,013
    run3,124  dpts:355..660  robin:Wdeg-First  effs:958,936,796  asgs:(22094,noefs=8137,fails=3784)  fails:4,818,403  wrgs:12,771,194  wck:1507.0  ngds:78,021
    run3,125  dpts:3..105  robin:PickOnDom-Last  effs:959,147,894  asgs:(8384,noefs=0,fails=3973)  fails:4,822,376  wrgs:12,775,747  wck:1507.3  ngds:78,031
    run3,126  dpts:12..133  robin:WdegOnDom-Rand  effs:959,861,528  asgs:(11921,noefs=2386,fails=4171)  fails:4,826,547  wrgs:12,783,956  wck:1508.5  ngds:78,056
    run3,127  dpts:814..1068  robin:FrbaOnDom-First  effs:962,234,316  asgs:(24248,noefs=8094,fails=4380)  fails:4,830,927  wrgs:12,804,012  wck:1512.8  ngds:78,058
    run3,128  dpts:6..91  robin:Wdeg-Last  effs:962,571,971  asgs:(9825,noefs=0,fails=4599)  fails:4,835,526  wrgs:12,809,488  wck:1513.4  ngds:78,071
    run3,129  dpts:9..112  robin:PickOnDom-Rand  effs:963,014,515  asgs:(13999,noefs=1876,fails=4829)  fails:4,840,355  wrgs:12,819,112  wck:1514.1  ngds:78,093
    run3,130  dpts:251..443  robin:WdegOnDom-First  effs:965,175,254  asgs:(32653,noefs=17382,fails=5071)  fails:4,845,426  wrgs:12,847,587  wck:1517.9  ngds:78,102
    run3,131  dpts:3..192  robin:FrbaOnDom-Last  effs:965,460,568  asgs:(10994,noefs=0,fails=5324)  fails:4,850,750  wrgs:12,853,480  wck:1518.5  ngds:78,208
    run3,132  dpts:9..167  robin:Wdeg-Rand  effs:966,165,328  asgs:(16261,noefs=3389,fails=5590)  fails:4,856,340  wrgs:12,864,676  wck:1519.8  ngds:78,234
    run3,133  dpts:358..663  robin:PickOnDom-First  effs:969,090,926  asgs:(39979,noefs=12701,fails=5870)  fails:4,862,210  wrgs:12,899,985  wck:1524.8  ngds:78,238
    run3,134  dpts:3..77  robin:WdegOnDom-Last  effs:969,380,207  asgs:(13332,noefs=0,fails=6163)  fails:4,868,373  wrgs:12,908,072  wck:1525.4  ngds:78,271
    run3,135  dpts:13..196  robin:FrbaOnDom-Rand  effs:970,953,207  asgs:(19325,noefs=4487,fails=6472)  fails:4,874,845  wrgs:12,921,064  wck:1527.9  ngds:78,346
    run3,136  dpts:694..1168  robin:Wdeg-First  effs:974,101,507  asgs:(34023,noefs=13590,fails=6795)  fails:4,881,640  wrgs:12,950,331  wck:1532.7  ngds:78,350
    run3,137  dpts:1..141  robin:PickOnDom-Last  effs:974,576,528  asgs:(14707,noefs=0,fails=7135)  fails:4,888,775  wrgs:12,958,383  wck:1533.5  ngds:78,430
    run3,138  dpts:7..144  robin:WdegOnDom-Rand  effs:975,402,221  asgs:(21358,noefs=5342,fails=7492)  fails:4,896,267  wrgs:12,973,295  wck:1535.3  ngds:78,447
    run3,139  dpts:643..1019  robin:FrbaOnDom-First  effs:980,063,014  asgs:(48591,noefs=17668,fails=7866)  fails:4,904,133  wrgs:13,014,586  wck:1543.3  ngds:78,453
    run3,140  dpts:2..86  robin:Wdeg-Last  effs:980,461,697  asgs:(18096,noefs=0,fails=8260)  fails:4,912,393  wrgs:13,025,518  wck:1544.3  ngds:78,489
    run3,141  dpts:0..192  robin:PickOnDom-Rand  effs:981,321,614  asgs:(25331,noefs=4700,fails=8673)  fails:4,921,066  wrgs:13,043,032  wck:1545.7  ngds:78,510
    run3,142  dpts:363..538  robin:WdegOnDom-First  effs:985,936,278  asgs:(54355,noefs=28370,fails=9106)  fails:4,930,172  wrgs:13,090,568  wck:1553.0  ngds:78,515
    run3,143  dpts:2..107  robin:FrbaOnDom-Last  effs:986,577,547  asgs:(19909,noefs=0,fails=9562)  fails:4,939,734  wrgs:13,101,120  wck:1554.1  ngds:78,550
    run3,144  dpts:3..123  robin:Wdeg-Rand  effs:987,369,151  asgs:(28588,noefs=5397,fails=10040)  fails:4,949,774  wrgs:13,121,277  wck:1555.7  ngds:78,573
    run3,145  dpts:281..584  robin:PickOnDom-First  effs:990,941,340  asgs:(68122,noefs=24493,fails=10542)  fails:4,960,316  wrgs:13,181,677  wck:1562.0  ngds:78,582
    run3,146  dpts:2..95  robin:WdegOnDom-Last  effs:991,609,577  asgs:(23198,noefs=0,fails=11069)  fails:4,971,385  wrgs:13,194,769  wck:1563.2  ngds:78,620
    run3,147  dpts:7..207  robin:FrbaOnDom-Rand  effs:993,166,196  asgs:(34264,noefs=6479,fails=11622)  fails:4,983,007  wrgs:13,217,722  wck:1565.8  ngds:78,692
    run3,148  dpts:778..914  robin:Wdeg-First  effs:995,449,272  asgs:(53434,noefs=19149,fails=12204)  fails:4,995,211  wrgs:13,263,136  wck:1570.1  ngds:78,701
    run3,149  dpts:2..147  robin:PickOnDom-Last  effs:996,222,464  asgs:(26798,noefs=0,fails=12814)  fails:5,008,025  wrgs:13,277,416  wck:1571.2  ngds:78,764
 ...resetting heuristics data (nValues:6,901 - nSingletons:579 - nEntailed:536)
    run3,150  dpts:5..124  robin:WdegOnDom-Rand  effs:999,388,724  asgs:(39508,noefs=8957,fails=13455)  fails:5,021,480  wrgs:13,304,329  wck:1576.0  ngds:78,792
 ...resetting restart cutoff to 180
 ...Discarding 1 singleton variables
    run3,151  dpts:709..806  robin:FrbaOnDom-First  effs:999,488,469  asgs:(1992,noefs=939,fails=180)  fails:5,021,660  wrgs:13,305,507  wck:1576.3  ngds:78,794
    run3,152  dpts:17..66  robin:Wdeg-Last  effs:999,505,814  asgs:(422,noefs=0,fails=189)  fails:5,021,849  wrgs:13,305,719  wck:1576.3  ngds:78,830
    run3,153  dpts:8..147  robin:PickOnDom-Rand  effs:999,532,927  asgs:(646,noefs=145,fails=198)  fails:5,022,047  wrgs:13,306,112  wck:1576.3  ngds:78,861
    run3,154  dpts:167..303  robin:WdegOnDom-First  effs:999,746,124  asgs:(1992,noefs=1475,fails=208)  fails:5,022,255  wrgs:13,307,625  wck:1576.7  ngds:78,866
    run3,155  dpts:3..102  robin:FrbaOnDom-Last  effs:999,759,084  asgs:(450,noefs=0,fails=218)  fails:5,022,473  wrgs:13,307,850  wck:1576.7  ngds:78,930
    run3,156  dpts:18..103  robin:Wdeg-Rand  effs:999,786,505  asgs:(684,noefs=136,fails=229)  fails:5,022,702  wrgs:13,308,269  wck:1576.8  ngds:78,970
    run3,157  dpts:150..672  robin:PickOnDom-First  effs:999,849,581  asgs:(2186,noefs=1036,fails=241)  fails:5,022,943  wrgs:13,309,760  wck:1576.9  ngds:78,976
    run3,158  dpts:1..53  robin:WdegOnDom-Last  effs:999,872,650  asgs:(538,noefs=0,fails=253)  fails:5,023,196  wrgs:13,310,037  wck:1577.0  ngds:79,008
    run3,159  dpts:3..191  robin:FrbaOnDom-Rand  effs:999,895,202  asgs:(811,noefs=185,fails=265)  fails:5,023,461  wrgs:13,310,498  wck:1577.1  ngds:79,088
    run3,160  dpts:416..511  robin:Wdeg-First  effs:999,988,679  asgs:(2325,noefs=1188,fails=279)  fails:5,023,740  wrgs:13,312,163  wck:1577.3  ngds:79,095
    run3,161  dpts:1..84  robin:PickOnDom-Last  effs:1,000,002,463  asgs:(642,noefs=0,fails=293)  fails:5,024,033  wrgs:13,312,512  wck:1577.3  ngds:79,142
    run3,162  dpts:5..75  robin:WdegOnDom-Rand  effs:1,000,054,255  asgs:(963,noefs=242,fails=307)  fails:5,024,340  wrgs:13,313,151  wck:1577.4  ngds:79,160
    run3,163  dpts:1088..1231  robin:FrbaOnDom-First  effs:1,000,223,026  asgs:(3240,noefs=1630,fails=323)  fails:5,024,663  wrgs:13,315,014  wck:1577.9  ngds:79,164
    run3,164  dpts:12..67  robin:Wdeg-Last  effs:1,000,241,957  asgs:(756,noefs=0,fails=339)  fails:5,025,002  wrgs:13,315,428  wck:1577.9  ngds:79,194
    run3,165  dpts:6..139  robin:PickOnDom-Rand  effs:1,000,272,219  asgs:(1046,noefs=183,fails=356)  fails:5,025,358  wrgs:13,316,080  wck:1578.0  ngds:79,219
    run3,166  dpts:176..317  robin:WdegOnDom-First  effs:1,000,572,505  asgs:(3011,noefs=2184,fails=374)  fails:5,025,732  wrgs:13,318,497  wck:1578.4  ngds:79,225
    run3,167  dpts:0..147  robin:FrbaOnDom-Last  effs:1,000,594,227  asgs:(821,noefs=0,fails=392)  fails:5,026,124  wrgs:13,318,923  wck:1578.5  ngds:79,310
    run3,168  dpts:31..89  robin:Wdeg-Rand  effs:1,000,640,416  asgs:(1207,noefs=235,fails=412)  fails:5,026,536  wrgs:13,319,704  wck:1578.6  ngds:79,331
    run3,169  dpts:564..834  robin:PickOnDom-First  effs:1,000,792,003  asgs:(3371,noefs=1297,fails=433)  fails:5,026,969  wrgs:13,322,235  wck:1578.8  ngds:79,334
    run3,170  dpts:1..47  robin:WdegOnDom-Last  effs:1,000,838,399  asgs:(974,noefs=0,fails=454)  fails:5,027,423  wrgs:13,322,774  wck:1578.9  ngds:79,365
 ...Discarding 1 singleton variables
    run3,171  dpts:6..144  robin:FrbaOnDom-Rand  effs:1,000,889,172  asgs:(1431,noefs=372,fails=477)  fails:5,027,900  wrgs:13,323,707  wck:1579.0  ngds:79,400
    run3,172  dpts:623..767  robin:Wdeg-First  effs:1,001,006,765  asgs:(2943,noefs=1276,fails=501)  fails:5,028,401  wrgs:13,325,601  wck:1579.3  ngds:79,404
    run3,173  dpts:4..106  robin:PickOnDom-Last  effs:1,001,037,905  asgs:(1109,noefs=0,fails=526)  fails:5,028,927  wrgs:13,326,175  wck:1579.4  ngds:79,475
    run3,174  dpts:5..59  robin:WdegOnDom-Rand  effs:1,001,112,235  asgs:(1545,noefs=241,fails=552)  fails:5,029,479  wrgs:13,327,258  wck:1579.5  ngds:79,497
    run3,175  dpts:921..1077  robin:FrbaOnDom-First  effs:1,001,377,612  asgs:(3894,noefs=1582,fails=580)  fails:5,030,059  wrgs:13,329,794  wck:1580.1  ngds:79,501
    run3,176  dpts:15..77  robin:Wdeg-Last  effs:1,001,421,336  asgs:(1307,noefs=0,fails=609)  fails:5,030,668  wrgs:13,330,486  wck:1580.2  ngds:79,503
    run3,177  dpts:5..188  robin:PickOnDom-Rand  effs:1,001,469,000  asgs:(1869,noefs=277,fails=640)  fails:5,031,308  wrgs:13,331,703  wck:1580.3  ngds:79,537
    run3,178  dpts:252..316  robin:WdegOnDom-First  effs:1,001,953,129  asgs:(4934,noefs=2981,fails=672)  fails:5,031,980  wrgs:13,335,829  wck:1581.0  ngds:79,541
    run3,179  dpts:6..72  robin:FrbaOnDom-Last  effs:1,002,000,022  asgs:(1475,noefs=0,fails=705)  fails:5,032,685  wrgs:13,336,601  wck:1581.0  ngds:79,587
 ...resetting heuristics data (nValues:6,900 - nSingletons:580 - nEntailed:537)
    run3,180  dpts:6..156  robin:Wdeg-Rand  effs:1,002,121,591  asgs:(2223,noefs=454,fails=740)  fails:5,033,425  wrgs:13,338,049  wck:1581.3  ngds:79,604
    run3,181  dpts:330..482  robin:PickOnDom-First  effs:1,002,335,205  asgs:(5079,noefs=1584,fails=777)  fails:5,034,202  wrgs:13,342,230  wck:1581.7  ngds:79,608
    run3,182  dpts:16..86  robin:WdegOnDom-Last  effs:1,002,437,942  asgs:(1774,noefs=0,fails=816)  fails:5,035,018  wrgs:13,343,186  wck:1581.8  ngds:79,672
    run3,183  dpts:2..200  robin:FrbaOnDom-Rand  effs:1,002,542,302  asgs:(2534,noefs=558,fails=857)  fails:5,035,875  wrgs:13,344,880  wck:1582.1  ngds:79,726
    run3,184  dpts:245..512  robin:Wdeg-First  effs:1,002,729,197  asgs:(5029,noefs=2324,fails=900)  fails:5,036,775  wrgs:13,348,858  wck:1582.5  ngds:79,732
    run3,185  dpts:3..124  robin:PickOnDom-Last  effs:1,002,796,802  asgs:(1984,noefs=0,fails=945)  fails:5,037,720  wrgs:13,349,901  wck:1582.6  ngds:79,756
    run3,186  dpts:5..99  robin:WdegOnDom-Rand  effs:1,002,989,802  asgs:(2912,noefs=600,fails=992)  fails:5,038,712  wrgs:13,351,843  wck:1582.9  ngds:79,779
    run3,187  dpts:727..1051  robin:FrbaOnDom-First  effs:1,003,533,826  asgs:(6124,noefs=2771,fails=1042)  fails:5,039,754  wrgs:13,356,561  wck:1584.0  ngds:79,789
    run3,188  dpts:4..106  robin:Wdeg-Last  effs:1,003,612,092  asgs:(2377,noefs=0,fails=1094)  fails:5,040,848  wrgs:13,357,861  wck:1584.1  ngds:79,844
    run3,189  dpts:6..136  robin:PickOnDom-Rand  effs:1,003,761,038  asgs:(3337,noefs=441,fails=1149)  fails:5,041,997  wrgs:13,360,091  wck:1584.4  ngds:79,870
    run3,190  dpts:194..396  robin:WdegOnDom-First  effs:1,004,109,882  asgs:(6592,noefs=2989,fails=1206)  fails:5,043,203  wrgs:13,365,576  wck:1585.0  ngds:79,875
    run3,191  dpts:1..153  robin:FrbaOnDom-Last  effs:1,004,211,327  asgs:(2598,noefs=0,fails=1267)  fails:5,044,470  wrgs:13,366,968  wck:1585.2  ngds:79,916
    run3,192  dpts:12..94  robin:Wdeg-Rand  effs:1,004,335,875  asgs:(3829,noefs=677,fails=1330)  fails:5,045,800  wrgs:13,369,633  wck:1585.4  ngds:79,932
    run3,193  dpts:194..480  robin:PickOnDom-First  effs:1,005,001,493  asgs:(10872,noefs=4755,fails=1397)  fails:5,047,197  wrgs:13,379,207  wck:1586.6  ngds:79,934
    run3,194  dpts:9..89  robin:WdegOnDom-Last  effs:1,005,077,140  asgs:(3127,noefs=0,fails=1466)  fails:5,048,663  wrgs:13,381,005  wck:1586.8  ngds:79,955
    run3,195  dpts:1..236  robin:FrbaOnDom-Rand  effs:1,005,315,315  asgs:(4581,noefs=1060,fails=1540)  fails:5,050,203  wrgs:13,384,071  wck:1587.3  ngds:80,004
    run3,196  dpts:627..742  robin:Wdeg-First  effs:1,005,640,618  asgs:(9402,noefs=4162,fails=1617)  fails:5,051,820  wrgs:13,391,586  wck:1587.9  ngds:80,011
    run3,197  dpts:1..173  robin:PickOnDom-Last  effs:1,005,776,273  asgs:(3588,noefs=0,fails=1698)  fails:5,053,518  wrgs:13,393,513  wck:1588.2  ngds:80,097
    run3,198  dpts:13..92  robin:WdegOnDom-Rand  effs:1,006,060,747  asgs:(4949,noefs=921,fails=1783)  fails:5,055,301  wrgs:13,397,105  wck:1588.7  ngds:80,124
    run3,199  dpts:622..1081  robin:FrbaOnDom-First  effs:1,007,790,924  asgs:(12111,noefs=5823,fails=1872)  fails:5,057,173  wrgs:13,407,132  wck:1591.6  ngds:80,129
    run3,200  dpts:9..132  robin:Wdeg-Last  effs:1,007,944,043  asgs:(4196,noefs=0,fails=1965)  fails:5,059,138  wrgs:13,409,426  wck:1591.9  ngds:80,161
    run3,201  dpts:2..191  robin:PickOnDom-Rand  effs:1,008,195,886  asgs:(6044,noefs=1047,fails=2064)  fails:5,061,202  wrgs:13,413,432  wck:1592.3  ngds:80,238
    run3,202  dpts:301..398  robin:WdegOnDom-First  effs:1,009,166,237  asgs:(12552,noefs=6341,fails=2167)  fails:5,063,369  wrgs:13,424,097  wck:1593.9  ngds:80,242
    run3,203  dpts:3..153  robin:FrbaOnDom-Last  effs:1,009,299,111  asgs:(4709,noefs=0,fails=2275)  fails:5,065,644  wrgs:13,426,662  wck:1594.1  ngds:80,295
    run3,204  dpts:12..76  robin:Wdeg-Rand  effs:1,009,584,604  asgs:(6468,noefs=961,fails=2389)  fails:5,068,033  wrgs:13,431,344  wck:1594.7  ngds:80,310
    run3,205  dpts:288..617  robin:PickOnDom-First  effs:1,010,514,419  asgs:(17794,noefs=7139,fails=2508)  fails:5,070,541  wrgs:13,447,054  wck:1596.3  ngds:80,316
    run3,206  dpts:7..99  robin:WdegOnDom-Last  effs:1,010,682,525  asgs:(5447,noefs=0,fails=2634)  fails:5,073,175  wrgs:13,450,055  wck:1596.7  ngds:80,354
    run3,207  dpts:10..163  robin:FrbaOnDom-Rand  effs:1,010,939,019  asgs:(8196,noefs=1735,fails=2766)  fails:5,075,941  wrgs:13,455,538  wck:1597.2  ngds:80,421
    run3,208  dpts:667..776  robin:Wdeg-First  effs:1,012,120,440  asgs:(14188,noefs=5234,fails=2904)  fails:5,078,845  wrgs:13,467,111  wck:1599.0  ngds:80,425
    run3,209  dpts:2..128  robin:PickOnDom-Last  effs:1,012,221,569  asgs:(6479,noefs=0,fails=3049)  fails:5,081,894  wrgs:13,470,647  wck:1599.2  ngds:80,485
 ...resetting heuristics data (nValues:6,900 - nSingletons:580 - nEntailed:537)
    run3,210  dpts:10..118  robin:WdegOnDom-Rand  effs:1,012,891,587  asgs:(9311,noefs=1998,fails=3202)  fails:5,085,096  wrgs:13,477,000  wck:1600.3  ngds:80,500
    run3,211  dpts:654..996  robin:FrbaOnDom-First  effs:1,015,909,817  asgs:(22879,noefs=8301,fails=3362)  fails:5,088,458  wrgs:13,496,428  wck:1605.4  ngds:80,504
    run3,212  dpts:16..134  robin:Wdeg-Last  effs:1,016,273,478  asgs:(7442,noefs=0,fails=3530)  fails:5,091,988  wrgs:13,500,400  wck:1606.0  ngds:80,532
    run3,213  dpts:9..257  robin:PickOnDom-Rand  effs:1,016,727,651  asgs:(11136,noefs=1992,fails=3706)  fails:5,095,694  wrgs:13,507,888  wck:1606.8  ngds:80,602
    run3,214  dpts:176..417  robin:WdegOnDom-First  effs:1,017,695,798  asgs:(19059,noefs=8327,fails=3892)  fails:5,099,586  wrgs:13,523,480  wck:1608.9  ngds:80,609
    run3,215  dpts:3..123  robin:FrbaOnDom-Last  effs:1,017,887,971  asgs:(8510,noefs=0,fails=4086)  fails:5,103,672  wrgs:13,528,024  wck:1609.2  ngds:80,644
    run3,216  dpts:7..142  robin:Wdeg-Rand  effs:1,018,505,261  asgs:(12395,noefs=2037,fails=4291)  fails:5,107,963  wrgs:13,536,506  wck:1610.3  ngds:80,667
    run3,217  dpts:372..584  robin:PickOnDom-First  effs:1,020,285,229  asgs:(31271,noefs=10388,fails=4505)  fails:5,112,468  wrgs:13,563,944  wck:1613.3  ngds:80,671
    run3,218  dpts:5..70  robin:WdegOnDom-Last  effs:1,020,577,337  asgs:(9829,noefs=0,fails=4731)  fails:5,117,199  wrgs:13,569,373  wck:1613.9  ngds:80,708
    run3,219  dpts:5..261  robin:FrbaOnDom-Rand  effs:1,021,167,023  asgs:(14675,noefs=3418,fails=4967)  fails:5,122,166  wrgs:13,579,224  wck:1615.0  ngds:80,794
    run3,220  dpts:475..658  robin:Wdeg-First  effs:1,022,898,163  asgs:(28991,noefs=11942,fails=5215)  fails:5,127,381  wrgs:13,604,838  wck:1617.9  ngds:80,802
    run3,221  dpts:5..137  robin:PickOnDom-Last  effs:1,023,118,019  asgs:(11423,noefs=0,fails=5476)  fails:5,132,857  wrgs:13,610,882  wck:1618.4  ngds:80,847
    run3,222  dpts:3..83  robin:WdegOnDom-Rand  effs:1,024,090,788  asgs:(16231,noefs=3450,fails=5750)  fails:5,138,607  wrgs:13,622,354  wck:1620.2  ngds:80,872
    run3,223  dpts:718..933  robin:FrbaOnDom-First  effs:1,027,425,558  asgs:(31641,noefs=9190,fails=6038)  fails:5,144,645  wrgs:13,648,238  wck:1626.0  ngds:80,873
    run3,224  dpts:8..165  robin:Wdeg-Last  effs:1,027,852,456  asgs:(13378,noefs=0,fails=6340)  fails:5,150,985  wrgs:13,655,631  wck:1626.8  ngds:80,898
    run3,225  dpts:3..200  robin:PickOnDom-Rand  effs:1,028,582,113  asgs:(19456,noefs=2678,fails=6657)  fails:5,157,642  wrgs:13,668,847  wck:1628.1  ngds:80,950
    run3,226  dpts:264..420  robin:WdegOnDom-First  effs:1,032,277,548  asgs:(38504,noefs=20408,fails=6989)  fails:5,164,631  wrgs:13,702,830  wck:1633.5  ngds:80,954
    run3,227  dpts:4..172  robin:FrbaOnDom-Last  effs:1,032,787,950  asgs:(15149,noefs=0,fails=7339)  fails:5,171,970  wrgs:13,710,750  wck:1634.3  ngds:81,069
    run3,228  dpts:5..171  robin:Wdeg-Rand  effs:1,033,314,772  asgs:(22125,noefs=3242,fails=7706)  fails:5,179,676  wrgs:13,726,232  wck:1635.6  ngds:81,107
    run3,229  dpts:139..634  robin:PickOnDom-First  effs:1,036,055,026  asgs:(58183,noefs=23003,fails=8091)  fails:5,187,767  wrgs:13,778,193  wck:1640.3  ngds:81,114
    run3,230  dpts:2..61  robin:WdegOnDom-Last  effs:1,036,769,970  asgs:(18472,noefs=0,fails=8496)  fails:5,196,263  wrgs:13,789,624  wck:1641.9  ngds:81,159
    run3,231  dpts:5..225  robin:FrbaOnDom-Rand  effs:1,038,023,594  asgs:(26380,noefs=6194,fails=8921)  fails:5,205,184  wrgs:13,807,557  wck:1644.0  ngds:81,185
    run3,232  dpts:468..565  robin:Wdeg-First  effs:1,040,686,642  asgs:(53313,noefs=21315,fails=9367)  fails:5,214,551  wrgs:13,853,533  wck:1648.7  ngds:81,191
    run3,233  dpts:2..95  robin:PickOnDom-Last  effs:1,041,289,003  asgs:(20890,noefs=0,fails=9835)  fails:5,224,386  wrgs:13,865,370  wck:1649.8  ngds:81,229
    run3,234  dpts:5..115  robin:WdegOnDom-Rand  effs:1,042,815,916  asgs:(29577,noefs=6166,fails=10327)  fails:5,234,713  wrgs:13,885,942  wck:1652.6  ngds:81,246
    run3,235  dpts:694..861  robin:FrbaOnDom-First  effs:1,048,425,159  asgs:(61215,noefs=20586,fails=10843)  fails:5,245,556  wrgs:13,937,325  wck:1661.5  ngds:81,253
    run3,236  dpts:10..95  robin:Wdeg-Last  effs:1,049,018,671  asgs:(24852,noefs=0,fails=11385)  fails:5,256,941  wrgs:13,952,048  wck:1662.8  ngds:81,264
    run3,237  dpts:6..126  robin:PickOnDom-Rand  effs:1,050,116,164  asgs:(34829,noefs=4368,fails=11955)  fails:5,268,896  wrgs:13,976,055  wck:1664.8  ngds:81,294
    run3,238  dpts:175..332  robin:WdegOnDom-First  effs:1,055,343,748  asgs:(57476,noefs=27232,fails=12552)  fails:5,281,448  wrgs:14,026,294  wck:1672.9  ngds:81,301
    run3,239  dpts:1..170  robin:FrbaOnDom-Last  effs:1,056,301,698  asgs:(27231,noefs=0,fails=13180)  fails:5,294,628  wrgs:14,040,627  wck:1674.5  ngds:81,435
 ...resetting heuristics data (nValues:6,900 - nSingletons:580 - nEntailed:537)
    run3,240  dpts:10..210  robin:Wdeg-Rand  effs:1,058,665,824  asgs:(40927,noefs=8532,fails=13839)  fails:5,308,467  wrgs:14,068,378  wck:1678.4  ngds:81,474
 ...resetting restart cutoff to 185
    run3,241  dpts:346..451  robin:PickOnDom-First  effs:1,058,718,421  asgs:(1283,noefs=536,fails=185)  fails:5,308,652  wrgs:14,069,211  wck:1678.5  ngds:81,477
    run3,242  dpts:17..45  robin:WdegOnDom-Last  effs:1,058,737,062  asgs:(452,noefs=0,fails=194)  fails:5,308,846  wrgs:14,069,458  wck:1678.5  ngds:81,486
    run3,243  dpts:4..76  robin:FrbaOnDom-Rand  effs:1,058,749,813  asgs:(588,noefs=104,fails=203)  fails:5,309,049  wrgs:14,069,834  wck:1678.6  ngds:81,511
    run3,244  dpts:462..606  robin:Wdeg-First  effs:1,058,825,102  asgs:(2319,noefs=1167,fails=214)  fails:5,309,263  wrgs:14,071,417  wck:1678.7  ngds:81,518
    run3,245  dpts:5..93  robin:PickOnDom-Last  effs:1,058,848,171  asgs:(488,noefs=0,fails=224)  fails:5,309,487  wrgs:14,071,661  wck:1678.8  ngds:81,554
    run3,246  dpts:5..94  robin:WdegOnDom-Rand  effs:1,058,872,708  asgs:(723,noefs=144,fails=236)  fails:5,309,723  wrgs:14,072,121  wck:1678.8  ngds:81,577
    run3,247  dpts:755..1088  robin:FrbaOnDom-First  effs:1,058,996,886  asgs:(2068,noefs=1075,fails=247)  fails:5,309,970  wrgs:14,073,205  wck:1679.2  ngds:81,579
    run3,248  dpts:12..61  robin:Wdeg-Last  effs:1,059,016,825  asgs:(597,noefs=0,fails=260)  fails:5,310,230  wrgs:14,073,534  wck:1679.2  ngds:81,613
    run3,249  dpts:5..202  robin:PickOnDom-Rand  effs:1,059,040,823  asgs:(817,noefs=147,fails=273)  fails:5,310,503  wrgs:14,074,031  wck:1679.3  ngds:81,656
    run3,250  dpts:190..406  robin:WdegOnDom-First  effs:1,059,226,551  asgs:(2145,noefs=1252,fails=286)  fails:5,310,789  wrgs:14,075,658  wck:1679.6  ngds:81,660
    run3,251  dpts:1..109  robin:FrbaOnDom-Last  effs:1,059,242,611  asgs:(627,noefs=0,fails=301)  fails:5,311,090  wrgs:14,075,978  wck:1679.6  ngds:81,695
    run3,252  dpts:4..71  robin:Wdeg-Rand  effs:1,059,263,093  asgs:(980,noefs=250,fails=316)  fails:5,311,406  wrgs:14,076,611  wck:1679.7  ngds:81,706
    run3,253  dpts:409..636  robin:PickOnDom-First  effs:1,059,530,702  asgs:(4458,noefs=2227,fails=332)  fails:5,311,738  wrgs:14,080,285  wck:1680.1  ngds:81,712
    run3,254  dpts:5..45  robin:WdegOnDom-Last  effs:1,059,553,902  asgs:(742,noefs=0,fails=348)  fails:5,312,086  wrgs:14,080,711  wck:1680.2  ngds:81,718
    run3,255  dpts:1..173  robin:FrbaOnDom-Rand  effs:1,059,599,505  asgs:(1094,noefs=256,fails=366)  fails:5,312,452  wrgs:14,081,380  wck:1680.3  ngds:81,760
    run3,256  dpts:646..701  robin:Wdeg-First  effs:1,059,727,794  asgs:(2807,noefs=1285,fails=384)  fails:5,312,836  wrgs:14,083,259  wck:1680.6  ngds:81,764
    run3,257  dpts:1..117  robin:PickOnDom-Last  effs:1,059,757,350  asgs:(893,noefs=0,fails=403)  fails:5,313,239  wrgs:14,083,768  wck:1680.6  ngds:81,824
    run3,258  dpts:7..75  robin:WdegOnDom-Rand  effs:1,059,798,098  asgs:(1306,noefs=321,fails=424)  fails:5,313,663  wrgs:14,084,641  wck:1680.8  ngds:81,842
    run3,259  dpts:846..1068  robin:FrbaOnDom-First  effs:1,060,061,500  asgs:(3661,noefs=1781,fails=445)  fails:5,314,108  wrgs:14,087,167  wck:1681.3  ngds:81,846
    run3,260  dpts:14..91  robin:Wdeg-Last  effs:1,060,095,159  asgs:(995,noefs=0,fails=467)  fails:5,314,575  wrgs:14,087,694  wck:1681.3  ngds:81,857
    run3,261  dpts:6..191  robin:PickOnDom-Rand  effs:1,060,153,906  asgs:(1529,noefs=267,fails=490)  fails:5,315,065  wrgs:14,088,678  wck:1681.4  ngds:81,902
    run3,262  dpts:92..377  robin:WdegOnDom-First  effs:1,060,285,313  asgs:(2523,noefs=1130,fails=515)  fails:5,315,580  wrgs:14,090,531  wck:1681.7  ngds:81,909
    run3,263  dpts:1..122  robin:FrbaOnDom-Last  effs:1,060,360,303  asgs:(1130,noefs=0,fails=541)  fails:5,316,121  wrgs:14,091,126  wck:1681.8  ngds:81,996
    run3,264  dpts:13..149  robin:Wdeg-Rand  effs:1,060,469,675  asgs:(1675,noefs=353,fails=568)  fails:5,316,689  wrgs:14,092,242  wck:1682.0  ngds:82,007
    run3,265  dpts:436..662  robin:PickOnDom-First  effs:1,060,654,570  asgs:(5031,noefs=2203,fails=596)  fails:5,317,285  wrgs:14,096,265  wck:1682.4  ngds:82,014
    run3,266  dpts:7..76  robin:WdegOnDom-Last  effs:1,060,687,761  asgs:(1331,noefs=0,fails=626)  fails:5,317,911  wrgs:14,097,078  wck:1682.5  ngds:82,040
    run3,267  dpts:9..179  robin:FrbaOnDom-Rand  effs:1,060,742,434  asgs:(1949,noefs=434,fails=657)  fails:5,318,568  wrgs:14,098,331  wck:1682.6  ngds:82,065
    run3,268  dpts:743..841  robin:Wdeg-First  effs:1,061,000,364  asgs:(4659,noefs=1915,fails=690)  fails:5,319,258  wrgs:14,101,692  wck:1683.1  ngds:82,068
    run3,269  dpts:2..77  robin:PickOnDom-Last  effs:1,061,038,787  asgs:(1533,noefs=0,fails=725)  fails:5,319,983  wrgs:14,102,568  wck:1683.1  ngds:82,081
 ...resetting heuristics data (nValues:6,900 - nSingletons:580 - nEntailed:537)
    run3,270  dpts:12..140  robin:WdegOnDom-Rand  effs:1,061,182,727  asgs:(2335,noefs=480,fails=761)  fails:5,320,744  wrgs:14,104,117  wck:1683.4  ngds:82,105
    run3,271  dpts:650..897  robin:FrbaOnDom-First  effs:1,061,904,692  asgs:(5980,noefs=2658,fails=799)  fails:5,321,543  wrgs:14,108,947  wck:1684.7  ngds:82,108
    run3,272  dpts:17..97  robin:Wdeg-Last  effs:1,061,989,601  asgs:(1803,noefs=0,fails=839)  fails:5,322,382  wrgs:14,109,909  wck:1684.8  ngds:82,142
    run3,273  dpts:6..245  robin:PickOnDom-Rand  effs:1,062,088,702  asgs:(2696,noefs=555,fails=881)  fails:5,323,263  wrgs:14,111,654  wck:1685.0  ngds:82,209
    run3,274  dpts:295..444  robin:WdegOnDom-First  effs:1,062,476,041  asgs:(5935,noefs=3148,fails=925)  fails:5,324,188  wrgs:14,116,482  wck:1685.7  ngds:82,215
    run3,275  dpts:1..119  robin:FrbaOnDom-Last  effs:1,062,524,478  asgs:(1987,noefs=0,fails=971)  fails:5,325,159  wrgs:14,117,513  wck:1685.8  ngds:82,318
    run3,276  dpts:17..93  robin:Wdeg-Rand  effs:1,062,644,022  asgs:(2985,noefs=519,fails=1020)  fails:5,326,179  wrgs:14,119,556  wck:1686.1  ngds:82,329
    run3,277  dpts:309..569  robin:PickOnDom-First  effs:1,063,134,110  asgs:(10205,noefs=4217,fails=1071)  fails:5,327,250  wrgs:14,128,687  wck:1687.0  ngds:82,332
    run3,278  dpts:8..61  robin:WdegOnDom-Last  effs:1,063,205,833  asgs:(2432,noefs=0,fails=1125)  fails:5,328,375  wrgs:14,130,104  wck:1687.2  ngds:82,352
    run3,279  dpts:6..109  robin:FrbaOnDom-Rand  effs:1,063,343,081  asgs:(3410,noefs=576,fails=1181)  fails:5,329,556  wrgs:14,132,384  wck:1687.4  ngds:82,366
    run3,280  dpts:343..574  robin:Wdeg-First  effs:1,063,836,356  asgs:(7744,noefs=3284,fails=1240)  fails:5,330,796  wrgs:14,139,044  wck:1688.2  ngds:82,370
    run3,281  dpts:13..118  robin:PickOnDom-Last  effs:1,063,898,224  asgs:(2742,noefs=0,fails=1302)  fails:5,332,098  wrgs:14,140,531  wck:1688.4  ngds:82,442
    run3,282  dpts:13..99  robin:WdegOnDom-Rand  effs:1,064,065,194  asgs:(3708,noefs=719,fails=1367)  fails:5,333,465  wrgs:14,143,221  wck:1688.7  ngds:82,454
    run3,283  dpts:747..971  robin:FrbaOnDom-First  effs:1,064,871,417  asgs:(8628,noefs=3835,fails=1435)  fails:5,334,900  wrgs:14,149,893  wck:1690.0  ngds:82,459
    run3,284  dpts:1..97  robin:Wdeg-Last  effs:1,064,963,160  asgs:(3288,noefs=0,fails=1507)  fails:5,336,407  wrgs:14,151,808  wck:1690.3  ngds:82,505
    run3,285  dpts:5..195  robin:PickOnDom-Rand  effs:1,065,132,191  asgs:(4621,noefs=729,fails=1583)  fails:5,337,990  wrgs:14,154,961  wck:1690.6  ngds:82,531
    run3,286  dpts:312..707  robin:WdegOnDom-First  effs:1,066,206,573  asgs:(8763,noefs=3635,fails=1662)  fails:5,339,652  wrgs:14,162,125  wck:1692.3  ngds:82,538
    run3,287  dpts:1..156  robin:FrbaOnDom-Last  effs:1,066,323,053  asgs:(3582,noefs=0,fails=1745)  fails:5,341,397  wrgs:14,163,996  wck:1692.5  ngds:82,634
    run3,288  dpts:3..106  robin:Wdeg-Rand  effs:1,066,507,462  asgs:(5332,noefs=894,fails=1832)  fails:5,343,229  wrgs:14,167,674  wck:1692.9  ngds:82,654
    run3,289  dpts:153..574  robin:PickOnDom-First  effs:1,067,097,822  asgs:(14895,noefs=5585,fails=1924)  fails:5,345,153  wrgs:14,180,695  wck:1694.1  ngds:82,662
    run3,290  dpts:7..86  robin:WdegOnDom-Last  effs:1,067,266,724  asgs:(4297,noefs=0,fails=2020)  fails:5,347,173  wrgs:14,183,177  wck:1694.4  ngds:82,691
    run3,291  dpts:6..206  robin:FrbaOnDom-Rand  effs:1,067,494,708  asgs:(6249,noefs=1456,fails=2121)  fails:5,349,294  wrgs:14,187,331  wck:1694.9  ngds:82,757
    run3,292  dpts:592..702  robin:Wdeg-First  effs:1,067,836,253  asgs:(10553,noefs=3763,fails=2227)  fails:5,351,521  wrgs:14,195,755  wck:1695.7  ngds:82,762
    run3,293  dpts:5..102  robin:PickOnDom-Last  effs:1,068,079,639  asgs:(5194,noefs=0,fails=2338)  fails:5,353,859  wrgs:14,198,871  wck:1696.0  ngds:82,772
    run3,294  dpts:8..121  robin:WdegOnDom-Rand  effs:1,068,436,430  asgs:(7103,noefs=1520,fails=2455)  fails:5,356,314  wrgs:14,203,708  wck:1696.7  ngds:82,797
    run3,295  dpts:766..999  robin:FrbaOnDom-First  effs:1,070,199,209  asgs:(14069,noefs=4632,fails=2578)  fails:5,358,892  wrgs:14,214,843  wck:1699.9  ngds:82,802
    run3,296  dpts:11..77  robin:Wdeg-Last  effs:1,070,426,945  asgs:(5918,noefs=0,fails=2707)  fails:5,361,599  wrgs:14,218,304  wck:1700.3  ngds:82,834
    run3,297  dpts:12..222  robin:PickOnDom-Rand  effs:1,070,661,456  asgs:(8249,noefs=1229,fails=2842)  fails:5,364,441  wrgs:14,224,000  wck:1700.7  ngds:82,872
    run3,298  dpts:369..493  robin:WdegOnDom-First  effs:1,071,701,981  asgs:(16355,noefs=7602,fails=2985)  fails:5,367,426  wrgs:14,237,731  wck:1702.4  ngds:82,881
    run3,299  dpts:2..174  robin:FrbaOnDom-Last  effs:1,071,857,024  asgs:(6366,noefs=0,fails=3134)  fails:5,370,560  wrgs:14,240,980  wck:1702.8  ngds:83,019
 ...resetting heuristics data (nValues:6,900 - nSingletons:580 - nEntailed:537)
    run3,300  dpts:17..181  robin:Wdeg-Rand  effs:1,072,460,104  asgs:(9738,noefs=2226,fails=3291)  fails:5,373,851  wrgs:14,247,474  wck:1703.7  ngds:83,042
    run3,301  dpts:326..492  robin:PickOnDom-First  effs:1,073,376,294  asgs:(19725,noefs=5691,fails=3455)  fails:5,377,306  wrgs:14,264,144  wck:1705.2  ngds:83,044
    run3,302  dpts:16..72  robin:WdegOnDom-Last  effs:1,073,878,622  asgs:(7919,noefs=0,fails=3628)  fails:5,380,934  wrgs:14,268,633  wck:1706.0  ngds:83,086
    run3,303  dpts:4..316  robin:FrbaOnDom-Rand  effs:1,074,460,271  asgs:(11275,noefs=2359,fails=3809)  fails:5,384,743  wrgs:14,276,170  wck:1707.0  ngds:83,120
    run3,304  dpts:479..659  robin:Wdeg-First  effs:1,075,833,577  asgs:(25149,noefs=10065,fails=4000)  fails:5,388,743  wrgs:14,298,500  wck:1709.4  ngds:83,125
    run3,305  dpts:2..119  robin:PickOnDom-Last  effs:1,076,173,264  asgs:(8960,noefs=0,fails=4200)  fails:5,392,943  wrgs:14,303,399  wck:1710.0  ngds:83,166
    run3,306  dpts:9..82  robin:WdegOnDom-Rand  effs:1,076,860,730  asgs:(12984,noefs=2647,fails=4410)  fails:5,397,353  wrgs:14,312,155  wck:1711.1  ngds:83,188
    run3,307  dpts:711..1071  robin:FrbaOnDom-First  effs:1,081,146,043  asgs:(33628,noefs=14580,fails=4630)  fails:5,401,983  wrgs:14,341,822  wck:1718.6  ngds:83,192
    run3,308  dpts:5..95  robin:Wdeg-Last  effs:1,081,465,730  asgs:(10787,noefs=0,fails=4862)  fails:5,406,845  wrgs:14,348,071  wck:1719.2  ngds:83,226
    run3,309  dpts:2..137  robin:PickOnDom-Rand  effs:1,082,168,373  asgs:(14973,noefs=1832,fails=5105)  fails:5,411,950  wrgs:14,358,390  wck:1720.4  ngds:83,252
    run3,310  dpts:436..554  robin:WdegOnDom-First  effs:1,084,789,608  asgs:(28375,noefs=13911,fails=5360)  fails:5,417,310  wrgs:14,382,700  wck:1724.7  ngds:83,257
    run3,311  dpts:3..197  robin:FrbaOnDom-Last  effs:1,085,278,272  asgs:(11573,noefs=0,fails=5628)  fails:5,422,938  wrgs:14,388,764  wck:1725.5  ngds:83,367
    run3,312  dpts:13..164  robin:Wdeg-Rand  effs:1,086,288,675  asgs:(17335,noefs=3123,fails=5910)  fails:5,428,848  wrgs:14,400,509  wck:1727.2  ngds:83,388
    run3,313  dpts:508..741  robin:PickOnDom-First  effs:1,088,985,468  asgs:(47119,noefs=17330,fails=6205)  fails:5,435,053  wrgs:14,442,391  wck:1731.8  ngds:83,395
    run3,314  dpts:2..84  robin:WdegOnDom-Last  effs:1,089,402,078  asgs:(13697,noefs=0,fails=6516)  fails:5,441,569  wrgs:14,450,417  wck:1732.7  ngds:83,420
    run3,315  dpts:2..186  robin:FrbaOnDom-Rand  effs:1,090,599,248  asgs:(20191,noefs=4293,fails=6841)  fails:5,448,410  wrgs:14,463,894  wck:1734.8  ngds:83,474
    run3,316  dpts:794..1068  robin:Wdeg-First  effs:1,093,035,315  asgs:(35604,noefs=12881,fails=7184)  fails:5,455,594  wrgs:14,494,408  wck:1738.9  ngds:83,479
    run3,317  dpts:1..188  robin:PickOnDom-Last  effs:1,093,473,756  asgs:(15761,noefs=0,fails=7543)  fails:5,463,137  wrgs:14,502,808  wck:1739.7  ngds:83,624
    run3,318  dpts:3..176  robin:WdegOnDom-Rand  effs:1,094,310,453  asgs:(22757,noefs=4181,fails=7920)  fails:5,471,057  wrgs:14,518,528  wck:1741.6  ngds:83,674
    run3,319  dpts:653..1067  robin:FrbaOnDom-First  effs:1,101,649,251  asgs:(49083,noefs=16503,fails=8316)  fails:5,479,373  wrgs:14,560,003  wck:1753.3  ngds:83,679
    run3,320  dpts:1..163  robin:Wdeg-Last  effs:1,102,097,104  asgs:(18676,noefs=0,fails=8732)  fails:5,488,105  wrgs:14,570,522  wck:1754.2  ngds:83,727
    run3,321  dpts:2..163  robin:PickOnDom-Rand  effs:1,102,923,620  asgs:(27025,noefs=3746,fails=9168)  fails:5,497,273  wrgs:14,588,860  wck:1755.7  ngds:83,762
    run3,322  dpts:427..517  robin:WdegOnDom-First  effs:1,106,280,841  asgs:(40631,noefs=17212,fails=9627)  fails:5,506,900  wrgs:14,622,747  wck:1760.5  ngds:83,770
    run3,323  dpts:4..193  robin:FrbaOnDom-Last  effs:1,107,106,720  asgs:(20686,noefs=0,fails=10108)  fails:5,517,008  wrgs:14,633,420  wck:1761.8  ngds:83,925
    run3,324  dpts:15..97  robin:Wdeg-Rand  effs:1,107,931,563  asgs:(29746,noefs=4054,fails=10614)  fails:5,527,622  wrgs:14,654,797  wck:1763.9  ngds:83,938
    run3,325  dpts:397..617  robin:PickOnDom-First  effs:1,110,879,712  asgs:(65790,noefs=17788,fails=11144)  fails:5,538,766  wrgs:14,711,823  wck:1769.0  ngds:83,942
    run3,326  dpts:3..66  robin:WdegOnDom-Last  effs:1,111,368,156  asgs:(25254,noefs=0,fails=11702)  fails:5,550,468  wrgs:14,727,204  wck:1770.3  ngds:83,954
    run3,327  dpts:6..209  robin:FrbaOnDom-Rand  effs:1,112,984,496  asgs:(36390,noefs=8724,fails=12287)  fails:5,562,755  wrgs:14,751,906  wck:1773.5  ngds:83,975
    run3,328  dpts:912..1053  robin:Wdeg-First  effs:1,116,444,146  asgs:(61503,noefs=22131,fails=12901)  fails:5,575,656  wrgs:14,804,326  wck:1779.9  ngds:83,982
    run3,329  dpts:2..127  robin:PickOnDom-Last  effs:1,117,385,420  asgs:(28366,noefs=0,fails=13546)  fails:5,589,202  wrgs:14,819,655  wck:1781.5  ngds:84,043
 ...resetting heuristics data (nValues:6,900 - nSingletons:580 - nEntailed:537)
    run3,330  dpts:9..149  robin:WdegOnDom-Rand  effs:1,119,981,683  asgs:(41543,noefs=9281,fails=14223)  fails:5,603,425  wrgs:14,848,115  wck:1785.4  ngds:84,092
 ...resetting restart cutoff to 190
    run3,331  dpts:727..843  robin:FrbaOnDom-First  effs:1,120,111,770  asgs:(1951,noefs=933,fails=190)  fails:5,603,615  wrgs:14,849,215  wck:1785.7  ngds:84,094
    run3,332  dpts:17..68  robin:Wdeg-Last  effs:1,120,121,722  asgs:(455,noefs=0,fails=199)  fails:5,603,814  wrgs:14,849,477  wck:1785.7  ngds:84,103
    run3,333  dpts:7..297  robin:PickOnDom-Rand  effs:1,120,134,442  asgs:(700,noefs=179,fails=209)  fails:5,604,023  wrgs:14,849,814  wck:1785.8  ngds:84,200
    run3,334  dpts:410..556  robin:WdegOnDom-First  effs:1,120,211,771  asgs:(2024,noefs=1233,fails=219)  fails:5,604,242  wrgs:14,851,204  wck:1785.9  ngds:84,208
    run3,335  dpts:2..80  robin:FrbaOnDom-Last  effs:1,120,233,360  asgs:(479,noefs=0,fails=230)  fails:5,604,472  wrgs:14,851,452  wck:1786.0  ngds:84,276
    run3,336  dpts:4..122  robin:Wdeg-Rand  effs:1,120,268,240  asgs:(734,noefs=149,fails=242)  fails:5,604,714  wrgs:14,851,911  wck:1786.1  ngds:84,297
    run3,337  dpts:252..552  robin:PickOnDom-First  effs:1,120,421,477  asgs:(2635,noefs=719,fails=254)  fails:5,604,968  wrgs:14,853,928  wck:1786.4  ngds:84,301
    run3,338  dpts:1..51  robin:WdegOnDom-Last  effs:1,120,437,722  asgs:(582,noefs=0,fails=267)  fails:5,605,235  wrgs:14,854,286  wck:1786.4  ngds:84,335
    run3,339  dpts:8..118  robin:FrbaOnDom-Rand  effs:1,120,455,621  asgs:(815,noefs=157,fails=280)  fails:5,605,515  wrgs:14,854,791  wck:1786.4  ngds:84,366
    run3,340  dpts:404..476  robin:Wdeg-First  effs:1,120,544,668  asgs:(1897,noefs=816,fails=294)  fails:5,605,809  wrgs:14,856,114  wck:1786.6  ngds:84,371
    run3,341  dpts:3..112  robin:PickOnDom-Last  effs:1,120,560,677  asgs:(652,noefs=0,fails=309)  fails:5,606,118  wrgs:14,856,443  wck:1786.7  ngds:84,427
    run3,342  dpts:2..116  robin:WdegOnDom-Rand  effs:1,120,595,313  asgs:(948,noefs=253,fails=324)  fails:5,606,442  wrgs:14,857,064  wck:1786.7  ngds:84,449
    run3,343  dpts:973..1252  robin:FrbaOnDom-First  effs:1,120,916,262  asgs:(3598,noefs=1927,fails=341)  fails:5,606,783  wrgs:14,859,428  wck:1787.4  ngds:84,451
    run3,344  dpts:3..79  robin:Wdeg-Last  effs:1,120,940,586  asgs:(777,noefs=0,fails=358)  fails:5,607,141  wrgs:14,859,836  wck:1787.4  ngds:84,504
    run3,345  dpts:8..126  robin:PickOnDom-Rand  effs:1,120,968,423  asgs:(1134,noefs=211,fails=376)  fails:5,607,517  wrgs:14,860,565  wck:1787.5  ngds:84,532
    run3,346  dpts:409..525  robin:WdegOnDom-First  effs:1,121,148,509  asgs:(3158,noefs=1951,fails=394)  fails:5,607,911  wrgs:14,863,028  wck:1787.9  ngds:84,538
    run3,347  dpts:1..88  robin:FrbaOnDom-Last  effs:1,121,199,500  asgs:(860,noefs=0,fails=414)  fails:5,608,325  wrgs:14,863,476  wck:1788.0  ngds:84,594
    run3,348  dpts:11..121  robin:Wdeg-Rand  effs:1,121,251,898  asgs:(1254,noefs=219,fails=435)  fails:5,608,760  wrgs:14,864,281  wck:1788.1  ngds:84,607
    run3,349  dpts:520..638  robin:PickOnDom-First  effs:1,121,392,710  asgs:(2796,noefs=746,fails=457)  fails:5,609,217  wrgs:14,866,246  wck:1788.4  ngds:84,614
    run3,350  dpts:1..45  robin:WdegOnDom-Last  effs:1,121,419,013  asgs:(1040,noefs=0,fails=480)  fails:5,609,697  wrgs:14,866,886  wck:1788.5  ngds:84,634
    run3,351  dpts:2..143  robin:FrbaOnDom-Rand  effs:1,121,477,844  asgs:(1543,noefs=376,fails=504)  fails:5,610,201  wrgs:14,867,901  wck:1788.6  ngds:84,673
    run3,352  dpts:751..857  robin:Wdeg-First  effs:1,121,562,068  asgs:(3527,noefs=1621,fails=529)  fails:5,610,730  wrgs:14,870,324  wck:1788.8  ngds:84,677
    run3,353  dpts:1..163  robin:PickOnDom-Last  effs:1,121,590,199  asgs:(1151,noefs=0,fails=555)  fails:5,611,285  wrgs:14,870,911  wck:1788.9  ngds:84,763
    run3,354  dpts:3..121  robin:WdegOnDom-Rand  effs:1,121,657,062  asgs:(1671,noefs=318,fails=583)  fails:5,611,868  wrgs:14,872,039  wck:1789.0  ngds:84,784
    run3,355  dpts:918..1181  robin:FrbaOnDom-First  effs:1,122,184,215  asgs:(5016,noefs=2185,fails=612)  fails:5,612,480  wrgs:14,875,664  wck:1790.0  ngds:84,787
    run3,356  dpts:4..84  robin:Wdeg-Last  effs:1,122,217,685  asgs:(1399,noefs=0,fails=643)  fails:5,613,123  wrgs:14,876,453  wck:1790.1  ngds:84,813
    run3,357  dpts:5..217  robin:PickOnDom-Rand  effs:1,122,305,212  asgs:(2029,noefs=334,fails=675)  fails:5,613,798  wrgs:14,877,757  wck:1790.3  ngds:84,861
    run3,358  dpts:422..480  robin:WdegOnDom-First  effs:1,122,590,227  asgs:(3982,noefs=1827,fails=709)  fails:5,614,507  wrgs:14,880,822  wck:1790.7  ngds:84,865
    run3,359  dpts:1..73  robin:FrbaOnDom-Last  effs:1,122,670,020  asgs:(1582,noefs=0,fails=744)  fails:5,615,251  wrgs:14,881,700  wck:1790.9  ngds:84,917
 ...resetting heuristics data (nValues:6,900 - nSingletons:580 - nEntailed:537)
    run3,360  dpts:7..141  robin:Wdeg-Rand  effs:1,122,790,742  asgs:(2368,noefs=477,fails=782)  fails:5,616,033  wrgs:14,883,237  wck:1791.1  ngds:84,970
    run3,361  dpts:345..443  robin:PickOnDom-First  effs:1,122,991,195  asgs:(4537,noefs=1423,fails=821)  fails:5,616,854  wrgs:14,886,824  wck:1791.5  ngds:84,974
    run3,362  dpts:16..86  robin:WdegOnDom-Last  effs:1,123,071,285  asgs:(1860,noefs=0,fails=862)  fails:5,617,716  wrgs:14,887,860  wck:1791.7  ngds:84,981
    run3,363  dpts:4..181  robin:FrbaOnDom-Rand  effs:1,123,171,110  asgs:(2648,noefs=558,fails=905)  fails:5,618,621  wrgs:14,889,597  wck:1791.9  ngds:85,008
    run3,364  dpts:427..549  robin:Wdeg-First  effs:1,123,541,976  asgs:(6178,noefs=2381,fails=950)  fails:5,619,571  wrgs:14,894,630  wck:1792.5  ngds:85,012
    run3,365  dpts:1..121  robin:PickOnDom-Last  effs:1,123,591,642  asgs:(2117,noefs=0,fails=998)  fails:5,620,569  wrgs:14,895,754  wck:1792.6  ngds:85,032
    run3,366  dpts:1..103  robin:WdegOnDom-Rand  effs:1,123,763,938  asgs:(3052,noefs=646,fails=1048)  fails:5,621,617  wrgs:14,897,804  wck:1792.9  ngds:85,050
    run3,367  dpts:903..1078  robin:FrbaOnDom-First  effs:1,124,323,505  asgs:(6969,noefs=2861,fails=1100)  fails:5,622,717  wrgs:14,903,042  wck:1794.0  ngds:85,055
    run3,368  dpts:2..78  robin:Wdeg-Last  effs:1,124,417,233  asgs:(2477,noefs=0,fails=1155)  fails:5,623,872  wrgs:14,904,425  wck:1794.2  ngds:85,099
    run3,369  dpts:9..149  robin:PickOnDom-Rand  effs:1,124,527,205  asgs:(3664,noefs=672,fails=1213)  fails:5,625,085  wrgs:14,906,842  wck:1794.4  ngds:85,143
    run3,370  dpts:386..483  robin:WdegOnDom-First  effs:1,125,076,972  asgs:(7627,noefs=3640,fails=1273)  fails:5,626,358  wrgs:14,913,172  wck:1795.3  ngds:85,147
    run3,371  dpts:5..142  robin:FrbaOnDom-Last  effs:1,125,148,282  asgs:(2751,noefs=0,fails=1337)  fails:5,627,695  wrgs:14,914,594  wck:1795.5  ngds:85,198
    run3,372  dpts:8..157  robin:Wdeg-Rand  effs:1,125,380,887  asgs:(4016,noefs=730,fails=1404)  fails:5,629,099  wrgs:14,917,290  wck:1795.9  ngds:85,233
    run3,373  dpts:361..799  robin:PickOnDom-First  effs:1,125,871,071  asgs:(9547,noefs=3555,fails=1474)  fails:5,630,573  wrgs:14,925,496  wck:1796.8  ngds:85,238
    run3,374  dpts:5..75  robin:WdegOnDom-Last  effs:1,125,999,010  asgs:(3250,noefs=0,fails=1548)  fails:5,632,121  wrgs:14,927,220  wck:1797.0  ngds:85,276
    run3,375  dpts:10..175  robin:FrbaOnDom-Rand  effs:1,126,206,541  asgs:(4647,noefs=900,fails=1625)  fails:5,633,746  wrgs:14,930,262  wck:1797.4  ngds:85,341
    run3,376  dpts:646..720  robin:Wdeg-First  effs:1,126,511,506  asgs:(7733,noefs=2768,fails=1707)  fails:5,635,453  wrgs:14,936,459  wck:1798.0  ngds:85,345
    run3,377  dpts:4..199  robin:PickOnDom-Last  effs:1,126,613,579  asgs:(3698,noefs=0,fails=1792)  fails:5,637,245  wrgs:14,938,425  wck:1798.2  ngds:85,437

s UNKNOWN

d FOUND SOLUTIONS  0

d WRONG DECISIONS  14,939,491  (8307.32 wrg/s)

d CPU        1792.147

d INCOMPLETE EXPLORATION
