
ACE v2.6 

  instance
    name:PegSolitaire-english-1-3-0_c23
    args:/work/17415963_844/PegSolitaire-english-1-3-0_c23.xml -rr=true -rlog=false -npc=true

 ...Parsing /work/17415963_844/PegSolitaire-english-1-3-0_c23.xml

 ...Loading variables

 ...Loading constraints

  domains
    types:2  values:4,468  sizes:[2:1056,76:31]
  variables
    count:1,087  omitted:512  arrays:[x:1056,y:31]  degrees:[4:66,6:990,99:31]
  constraints
    count:3,135  converted:3,069  specific:1,089  generic:2,046  backtrackable:1,023  groups:11  arities:[1:66,3:3069]
    unary:[Extension1:66]
    non_unary:[CT-Table:1023,ExtensionV-Matrix3D:2046]
    tables:[152:1023]  tuples:155,496
    extStructures:(165,shared:2904)
    wck:1.68  cpu:2.075  mem:1610M612

 ...Building solver

  solver
    reviser:Reviser3  decoder:Decoder1
    wck:1.81  cpu:2.196  mem:1711M276

  preprocessing
    effs:349  revisions:(11649,useless=11468)  entailed:290  values:3,906  removedByAC:562  singletons:180  unsat:false
    wck:0.037  cpu:2.234  mem:1711M276

  search
 ...Discarding 180 singleton variables
    run1  dpts:50..73  robin:PickOnDom-First  effs:2,509  asgs:(78,noefs=0,fails=5)  fails:5  wrgs:5  wck:0.06  ngds:5
    run2  dpts:76..79  robin:WdegOnDom-Last  effs:4,387  asgs:(84,noefs=0,fails=5)  fails:10  wrgs:10  wck:0.10  ngds:10
    run3  dpts:31..37  robin:FrbaOnDom-Rand  effs:5,923  asgs:(49,noefs=0,fails=5)  fails:15  wrgs:18  wck:0.13  ngds:12
    run4  dpts:53..62  robin:Wdeg-First  effs:7,814  asgs:(69,noefs=0,fails=5)  fails:20  wrgs:27  wck:0.17  ngds:16
    run5  dpts:35..144  robin:PickOnDom-Last  effs:9,794  asgs:(152,noefs=0,fails=6)  fails:26  wrgs:41  wck:0.22  ngds:20
    run6  dpts:8..53  robin:WdegOnDom-Rand  effs:11,770  asgs:(65,noefs=0,fails=6)  fails:32  wrgs:52  wck:0.24  ngds:23
    run7  dpts:42..51  robin:FrbaOnDom-First  effs:13,913  asgs:(61,noefs=0,fails=6)  fails:38  wrgs:62  wck:0.27  ngds:26
    run8  dpts:12..13  robin:Wdeg-Last  effs:14,209  asgs:(21,noefs=0,fails=7)  fails:45  wrgs:71  wck:0.28  ngds:33
    run9  dpts:45..50  robin:PickOnDom-Rand  effs:15,454  asgs:(61,noefs=0,fails=7)  fails:52  wrgs:81  wck:0.30  ngds:36
    run10  dpts:27..64  robin:WdegOnDom-First  effs:17,501  asgs:(74,noefs=0,fails=7)  fails:59  wrgs:93  wck:0.33  ngds:40
    run11  dpts:67..149  robin:FrbaOnDom-Last  effs:19,122  asgs:(158,noefs=0,fails=8)  fails:67  wrgs:106  wck:0.36  ngds:45
    run12  dpts:3..31  robin:Wdeg-Rand  effs:21,193  asgs:(41,noefs=0,fails=8)  fails:75  wrgs:117  wck:0.37  ngds:49
    run13  dpts:32..56  robin:PickOnDom-First  effs:22,133  asgs:(64,noefs=0,fails=8)  fails:83  wrgs:125  wck:0.39  ngds:57
    run14  dpts:29..35  robin:WdegOnDom-Last  effs:23,192  asgs:(52,noefs=0,fails=9)  fails:92  wrgs:140  wck:0.39  ngds:58
    run15  dpts:43..70  robin:FrbaOnDom-Rand  effs:25,058  asgs:(83,noefs=0,fails=9)  fails:101  wrgs:153  wck:0.41  ngds:66
    run16  dpts:6..7  robin:Wdeg-First  effs:25,406  asgs:(17,noefs=0,fails=10)  fails:111  wrgs:163  wck:0.41  ngds:76
    run17  dpts:17..43  robin:PickOnDom-Last  effs:26,558  asgs:(53,noefs=0,fails=10)  fails:121  wrgs:174  wck:0.43  ngds:86
    run18  dpts:18..42  robin:WdegOnDom-Rand  effs:28,491  asgs:(54,noefs=0,fails=11)  fails:132  wrgs:186  wck:0.44  ngds:95
    run19  dpts:52..89  robin:FrbaOnDom-First  effs:31,506  asgs:(120,noefs=0,fails=12)  fails:144  wrgs:214  wck:0.47  ngds:99
    run20  dpts:3..8  robin:Wdeg-Last  effs:32,258  asgs:(20,noefs=0,fails=12)  fails:156  wrgs:226  wck:0.47  ngds:111
    run21  dpts:23..31  robin:PickOnDom-Rand  effs:32,735  asgs:(47,noefs=0,fails=13)  fails:169  wrgs:245  wck:0.48  ngds:120
    run22  dpts:34..43  robin:WdegOnDom-First  effs:34,903  asgs:(70,noefs=0,fails=13)  fails:182  wrgs:268  wck:0.50  ngds:125
    run23  dpts:122..132  robin:FrbaOnDom-Last  effs:37,253  asgs:(170,noefs=0,fails=14)  fails:196  wrgs:308  wck:0.53  ngds:129
    run24  dpts:3..8  robin:Wdeg-Rand  effs:38,546  asgs:(23,noefs=0,fails=15)  fails:211  wrgs:323  wck:0.53  ngds:144
    run25  dpts:28..73  robin:PickOnDom-First  effs:40,451  asgs:(94,noefs=0,fails=16)  fails:227  wrgs:345  wck:0.55  ngds:159
    run26  dpts:19..33  robin:WdegOnDom-Last  effs:42,231  asgs:(59,noefs=0,fails=16)  fails:243  wrgs:373  wck:0.56  ngds:163
    run27  dpts:1..60  robin:FrbaOnDom-Rand  effs:44,334  asgs:(82,noefs=0,fails=17)  fails:260  wrgs:398  wck:0.58  ngds:176
    run28  dpts:1..4  robin:Wdeg-First  effs:45,267  asgs:(22,noefs=0,fails=18)  fails:278  wrgs:416  wck:0.59  ngds:194
    run29  dpts:18..87  robin:PickOnDom-Last  effs:46,925  asgs:(107,noefs=0,fails=19)  fails:297  wrgs:447  wck:0.61  ngds:200
 ...resetting heuristics data (nValues:3,906 - nSingletons:180 - nEntailed:290)
    run30  dpts:33..42  robin:WdegOnDom-Rand  effs:50,206  asgs:(66,noefs=0,fails=20)  fails:317  wrgs:471  wck:0.63  ngds:220
    run31  dpts:79..96  robin:FrbaOnDom-First  effs:54,716  asgs:(136,noefs=0,fails=21)  fails:338  wrgs:512  wck:0.67  ngds:226
    run32  dpts:74..82  robin:Wdeg-Last  effs:57,688  asgs:(106,noefs=0,fails=22)  fails:360  wrgs:536  wck:0.69  ngds:248
    run33  dpts:30..35  robin:PickOnDom-Rand  effs:60,423  asgs:(60,noefs=0,fails=23)  fails:383  wrgs:561  wck:0.71  ngds:270
    run34  dpts:27..32  robin:WdegOnDom-First  effs:63,663  asgs:(65,noefs=0,fails=25)  fails:408  wrgs:596  wck:0.73  ngds:277
    run35  dpts:11..79  robin:FrbaOnDom-Last  effs:67,976  asgs:(138,noefs=0,fails=26)  fails:434  wrgs:649  wck:0.76  ngds:280
    run36  dpts:1..42  robin:Wdeg-Rand  effs:70,824  asgs:(73,noefs=0,fails=27)  fails:461  wrgs:680  wck:0.78  ngds:305
    run37  dpts:47..51  robin:PickOnDom-First  effs:73,560  asgs:(82,noefs=0,fails=28)  fails:489  wrgs:715  wck:0.80  ngds:313
    run38  dpts:11..26  robin:WdegOnDom-Last  effs:76,847  asgs:(75,noefs=0,fails=30)  fails:519  wrgs:766  wck:0.81  ngds:318
    run39  dpts:6..39  robin:FrbaOnDom-Rand  effs:80,205  asgs:(106,noefs=0,fails=31)  fails:550  wrgs:816  wck:0.83  ngds:324
    run40  dpts:1..19  robin:Wdeg-First  effs:81,667  asgs:(55,noefs=0,fails=33)  fails:583  wrgs:851  wck:0.84  ngds:347
    run41  dpts:21..23  robin:PickOnDom-Last  effs:82,925  asgs:(58,noefs=0,fails=35)  fails:618  wrgs:888  wck:0.85  ngds:354
    run42  dpts:18..42  robin:WdegOnDom-Rand  effs:86,375  asgs:(85,noefs=0,fails=36)  fails:654  wrgs:929  wck:0.87  ngds:376
    run43  dpts:27..132  robin:FrbaOnDom-First  effs:89,999  asgs:(190,noefs=0,fails=38)  fails:692  wrgs:990  wck:0.90  ngds:401
    run44  dpts:3..9  robin:Wdeg-Last  effs:91,542  asgs:(51,noefs=0,fails=40)  fails:732  wrgs:1,034  wck:0.91  ngds:406
    run45  dpts:3..35  robin:PickOnDom-Rand  effs:94,186  asgs:(126,noefs=0,fails=42)  fails:774  wrgs:1,112  wck:0.93  ngds:412
    run46  dpts:45..54  robin:WdegOnDom-First  effs:98,529  asgs:(113,noefs=0,fails=44)  fails:818  wrgs:1,168  wck:0.95  ngds:421
    run47  dpts:162..209  robin:FrbaOnDom-Last  effs:103,952  asgs:(280,noefs=0,fails=47)  fails:865  wrgs:1,252  wck:1.00  ngds:428
    run48  dpts:10..12  robin:Wdeg-Rand  effs:107,454  asgs:(66,noefs=0,fails=49)  fails:914  wrgs:1,307  wck:1.01  ngds:439
    run49  dpts:59..61  robin:PickOnDom-First  effs:110,027  asgs:(126,noefs=0,fails=52)  fails:966  wrgs:1,372  wck:1.03  ngds:457
    run50  dpts:17..57  robin:WdegOnDom-Last  effs:117,618  asgs:(172,noefs=0,fails=54)  fails:1,020  wrgs:1,468  wck:1.07  ngds:462
    run51  dpts:23..85  robin:FrbaOnDom-Rand  effs:124,648  asgs:(193,noefs=0,fails=57)  fails:1,077  wrgs:1,565  wck:1.11  ngds:486
    run52  dpts:8..11  robin:Wdeg-First  effs:126,659  asgs:(78,noefs=0,fails=60)  fails:1,137  wrgs:1,634  wck:1.12  ngds:509
    run53  dpts:2..66  robin:PickOnDom-Last  effs:132,869  asgs:(196,noefs=0,fails=63)  fails:1,200  wrgs:1,738  wck:1.16  ngds:513
    run54  dpts:23..33  robin:WdegOnDom-Rand  effs:138,658  asgs:(113,noefs=0,fails=66)  fails:1,266  wrgs:1,820  wck:1.19  ngds:520
    run55  dpts:30..79  robin:FrbaOnDom-First  effs:143,413  asgs:(174,noefs=0,fails=69)  fails:1,335  wrgs:1,936  wck:1.22  ngds:539
    run56  dpts:3..11  robin:Wdeg-Last  effs:147,248  asgs:(87,noefs=0,fails=73)  fails:1,408  wrgs:2,018  wck:1.23  ngds:572
    run57  dpts:0..55  robin:PickOnDom-Rand  effs:155,079  asgs:(194,noefs=0,fails=76)  fails:1,484  wrgs:2,145  wck:1.28  ngds:589
    run58  dpts:34..46  robin:WdegOnDom-First  effs:163,661  asgs:(174,noefs=0,fails=80)  fails:1,564  wrgs:2,258  wck:1.32  ngds:601
    run59  dpts:104..129  robin:FrbaOnDom-Last  effs:169,914  asgs:(242,noefs=1,fails=84)  fails:1,648  wrgs:2,370  wck:1.37  ngds:661
 ...resetting heuristics data (nValues:3,902 - nSingletons:181 - nEntailed:292)
    run60  dpts:33..38  robin:Wdeg-Rand  effs:175,990  asgs:(132,noefs=0,fails=88)  fails:1,736  wrgs:2,464  wck:1.40  ngds:666
 ...Discarding 1 singleton variables
    run61  dpts:51..81  robin:PickOnDom-First  effs:190,502  asgs:(275,noefs=0,fails=93)  fails:1,829  wrgs:2,643  wck:1.47  ngds:670
    run62  dpts:74..85  robin:WdegOnDom-Last  effs:200,091  asgs:(224,noefs=0,fails=98)  fails:1,927  wrgs:2,767  wck:1.52  ngds:702
    run63  dpts:53..111  robin:FrbaOnDom-Rand  effs:214,732  asgs:(283,noefs=2,fails=102)  fails:2,029  wrgs:2,931  wck:1.60  ngds:747
    run64  dpts:2..49  robin:Wdeg-First  effs:226,069  asgs:(277,noefs=0,fails=108)  fails:2,137  wrgs:3,116  wck:1.68  ngds:764
    run65  dpts:38..67  robin:PickOnDom-Last  effs:235,661  asgs:(250,noefs=0,fails=113)  fails:2,250  wrgs:3,289  wck:1.73  ngds:765
    run66  dpts:38..51  robin:WdegOnDom-Rand  effs:245,017  asgs:(203,noefs=0,fails=119)  fails:2,369  wrgs:3,431  wck:1.78  ngds:823
    run67  dpts:35..125  robin:FrbaOnDom-First  effs:256,362  asgs:(358,noefs=0,fails=125)  fails:2,494  wrgs:3,613  wck:1.84  ngds:835
    run68  dpts:4..21  robin:Wdeg-Last  effs:261,410  asgs:(169,noefs=0,fails=131)  fails:2,625  wrgs:3,761  wck:1.87  ngds:899
    run69  dpts:5..65  robin:PickOnDom-Rand  effs:270,928  asgs:(294,noefs=0,fails=137)  fails:2,762  wrgs:3,964  wck:1.93  ngds:919
    run70  dpts:54..61  robin:WdegOnDom-First  effs:281,606  asgs:(243,noefs=0,fails=144)  fails:2,906  wrgs:4,146  wck:1.97  ngds:922
    run71  dpts:5..158  robin:FrbaOnDom-Last  effs:300,076  asgs:(440,noefs=0,fails=152)  fails:3,058  wrgs:4,396  wck:2.07  ngds:951
    run72  dpts:11..20  robin:Wdeg-Rand  effs:310,350  asgs:(185,noefs=0,fails=159)  fails:3,217  wrgs:4,564  wck:2.11  ngds:965
    run73  dpts:30..94  robin:PickOnDom-First  effs:323,475  asgs:(403,noefs=0,fails=167)  fails:3,384  wrgs:4,810  wck:2.19  ngds:983
    run74  dpts:21..57  robin:WdegOnDom-Last  effs:334,061  asgs:(261,noefs=0,fails=176)  fails:3,560  wrgs:5,026  wck:2.23  ngds:989
    run75  dpts:22..104  robin:FrbaOnDom-Rand  effs:359,019  asgs:(542,noefs=0,fails=184)  fails:3,744  wrgs:5,375  wck:2.38  ngds:1,001
    run76  dpts:3..16  robin:Wdeg-First  effs:369,422  asgs:(221,noefs=0,fails=194)  fails:3,938  wrgs:5,581  wck:2.43  ngds:1,041
    run77  dpts:4..83  robin:PickOnDom-Last  effs:383,232  asgs:(348,noefs=0,fails=203)  fails:4,141  wrgs:5,840  wck:2.49  ngds:1,076
    run78  dpts:18..46  robin:WdegOnDom-Rand  effs:405,517  asgs:(304,noefs=0,fails=214)  fails:4,355  wrgs:6,090  wck:2.57  ngds:1,104
    run79  dpts:14..113  robin:FrbaOnDom-First  effs:434,903  asgs:(539,noefs=0,fails=224)  fails:4,579  wrgs:6,539  wck:2.72  ngds:1,108
    run80  dpts:4..40  robin:Wdeg-Last  effs:447,819  asgs:(297,noefs=0,fails=236)  fails:4,815  wrgs:6,796  wck:2.77  ngds:1,157
    run81  dpts:5..43  robin:PickOnDom-Rand  effs:467,298  asgs:(338,noefs=0,fails=247)  fails:5,062  wrgs:7,081  wck:2.85  ngds:1,161
    run82  dpts:21..38  robin:WdegOnDom-First  effs:482,771  asgs:(355,noefs=0,fails=260)  fails:5,322  wrgs:7,391  wck:2.92  ngds:1,182
    run83  dpts:4..148  robin:FrbaOnDom-Last  effs:506,872  asgs:(499,noefs=0,fails=273)  fails:5,595  wrgs:7,774  wck:3.03  ngds:1,208
    run84  dpts:5..18  robin:Wdeg-Rand  effs:523,363  asgs:(326,noefs=0,fails=286)  fails:5,881  wrgs:8,080  wck:3.09  ngds:1,241
    run85  dpts:33..52  robin:PickOnDom-First  effs:542,841  asgs:(427,noefs=0,fails=301)  fails:6,182  wrgs:8,451  wck:3.17  ngds:1,248
    run86  dpts:25..43  robin:WdegOnDom-Last  effs:579,688  asgs:(419,noefs=0,fails=316)  fails:6,498  wrgs:8,827  wck:3.32  ngds:1,304
    run87  dpts:20..95  robin:FrbaOnDom-Rand  effs:602,450  asgs:(519,noefs=0,fails=332)  fails:6,830  wrgs:9,250  wck:3.43  ngds:1,341
    run88  dpts:1..16  robin:Wdeg-First  effs:628,776  asgs:(409,noefs=0,fails=348)  fails:7,178  wrgs:9,640  wck:3.52  ngds:1,377
    run89  dpts:3..36  robin:PickOnDom-Last  effs:649,408  asgs:(543,noefs=0,fails=366)  fails:7,544  wrgs:10,124  wck:3.61  ngds:1,408
 ...resetting heuristics data (nValues:3,902 - nSingletons:181 - nEntailed:292)
    run90  dpts:33..43  robin:WdegOnDom-Rand  effs:678,966  asgs:(485,noefs=0,fails=384)  fails:7,928  wrgs:10,555  wck:3.72  ngds:1,413
 ...resetting restart cutoff to 10
    run91  dpts:41..84  robin:FrbaOnDom-First  effs:679,865  asgs:(98,noefs=0,fails=10)  fails:7,938  wrgs:10,570  wck:3.74  ngds:1,418
    run92  dpts:76..81  robin:Wdeg-Last  effs:681,698  asgs:(92,noefs=0,fails=10)  fails:7,948  wrgs:10,582  wck:3.75  ngds:1,421
    run93  dpts:40..56  robin:PickOnDom-Rand  effs:684,467  asgs:(75,noefs=0,fails=11)  fails:7,959  wrgs:10,599  wck:3.77  ngds:1,427
    run94  dpts:50..57  robin:WdegOnDom-First  effs:686,978  asgs:(78,noefs=0,fails=11)  fails:7,970  wrgs:10,619  wck:3.79  ngds:1,429
    run95  dpts:78..149  robin:FrbaOnDom-Last  effs:689,176  asgs:(165,noefs=0,fails=12)  fails:7,982  wrgs:10,641  wck:3.82  ngds:1,435
    run96  dpts:6..8  robin:Wdeg-Rand  effs:689,726  asgs:(20,noefs=0,fails=12)  fails:7,994  wrgs:10,653  wck:3.83  ngds:1,447
    run97  dpts:43..50  robin:PickOnDom-First  effs:690,716  asgs:(63,noefs=0,fails=13)  fails:8,007  wrgs:10,668  wck:3.83  ngds:1,450
    run98  dpts:54..61  robin:WdegOnDom-Last  effs:693,574  asgs:(91,noefs=0,fails=14)  fails:8,021  wrgs:10,696  wck:3.85  ngds:1,452
    run99  dpts:16..92  robin:FrbaOnDom-Rand  effs:694,739  asgs:(106,noefs=0,fails=14)  fails:8,035  wrgs:10,713  wck:3.87  ngds:1,461
    run100  dpts:9..57  robin:Wdeg-First  effs:696,940  asgs:(79,noefs=0,fails=15)  fails:8,050  wrgs:10,733  wck:3.89  ngds:1,470
    run101  dpts:35..44  robin:PickOnDom-Last  effs:699,871  asgs:(64,noefs=0,fails=16)  fails:8,066  wrgs:10,757  wck:3.91  ngds:1,473
    run102  dpts:3..36  robin:WdegOnDom-Rand  effs:701,667  asgs:(62,noefs=0,fails=17)  fails:8,083  wrgs:10,778  wck:3.93  ngds:1,482
    run103  dpts:15..99  robin:FrbaOnDom-First  effs:704,544  asgs:(130,noefs=0,fails=17)  fails:8,100  wrgs:10,814  wck:3.95  ngds:1,485
    run104  dpts:11..17  robin:Wdeg-Last  effs:705,997  asgs:(37,noefs=0,fails=18)  fails:8,118  wrgs:10,835  wck:3.96  ngds:1,495
    run105  dpts:6..39  robin:PickOnDom-Rand  effs:707,379  asgs:(62,noefs=0,fails=19)  fails:8,137  wrgs:10,865  wck:3.97  ngds:1,499
    run106  dpts:47..49  robin:WdegOnDom-First  effs:709,228  asgs:(69,noefs=0,fails=20)  fails:8,157  wrgs:10,886  wck:3.98  ngds:1,510
    run107  dpts:63..167  robin:FrbaOnDom-Last  effs:711,826  asgs:(196,noefs=0,fails=21)  fails:8,178  wrgs:10,925  wck:4.01  ngds:1,516
    run108  dpts:9..10  robin:Wdeg-Rand  effs:713,292  asgs:(32,noefs=0,fails=22)  fails:8,200  wrgs:10,947  wck:4.02  ngds:1,538
    run109  dpts:30..36  robin:PickOnDom-First  effs:714,594  asgs:(61,noefs=0,fails=24)  fails:8,224  wrgs:10,976  wck:4.03  ngds:1,552
    run110  dpts:32..69  robin:WdegOnDom-Last  effs:719,474  asgs:(114,noefs=0,fails=25)  fails:8,249  wrgs:11,031  wck:4.06  ngds:1,554
    run111  dpts:25..70  robin:FrbaOnDom-Rand  effs:721,500  asgs:(104,noefs=0,fails=26)  fails:8,275  wrgs:11,066  wck:4.07  ngds:1,569
    run112  dpts:6..11  robin:Wdeg-First  effs:722,056  asgs:(38,noefs=0,fails=27)  fails:8,302  wrgs:11,093  wck:4.08  ngds:1,596
    run113  dpts:0..109  robin:PickOnDom-Last  effs:724,134  asgs:(143,noefs=0,fails=29)  fails:8,331  wrgs:11,130  wck:4.10  ngds:1,618
    run114  dpts:2..40  robin:WdegOnDom-Rand  effs:726,747  asgs:(84,noefs=0,fails=30)  fails:8,361  wrgs:11,171  wck:4.12  ngds:1,634
    run115  dpts:18..82  robin:FrbaOnDom-First  effs:730,644  asgs:(120,noefs=0,fails=32)  fails:8,393  wrgs:11,220  wck:4.14  ngds:1,644
    run116  dpts:3..12  robin:Wdeg-Last  effs:732,431  asgs:(45,noefs=0,fails=33)  fails:8,426  wrgs:11,254  wck:4.15  ngds:1,664
    run117  dpts:22..57  robin:PickOnDom-Rand  effs:736,352  asgs:(99,noefs=0,fails=35)  fails:8,461  wrgs:11,300  wck:4.17  ngds:1,680
    run118  dpts:39..42  robin:WdegOnDom-First  effs:740,131  asgs:(91,noefs=0,fails=37)  fails:8,498  wrgs:11,348  wck:4.19  ngds:1,697
    run119  dpts:28..123  robin:FrbaOnDom-Last  effs:744,325  asgs:(167,noefs=0,fails=39)  fails:8,537  wrgs:11,401  wck:4.22  ngds:1,710
 ...resetting heuristics data (nValues:3,899 - nSingletons:182 - nEntailed:294)
    run120  dpts:36..40  robin:Wdeg-Rand  effs:748,185  asgs:(86,noefs=0,fails=41)  fails:8,578  wrgs:11,446  wck:4.25  ngds:1,715
 ...Discarding 1 singleton variables
    run121  dpts:52..74  robin:PickOnDom-First  effs:758,063  asgs:(164,noefs=0,fails=43)  fails:8,621  wrgs:11,540  wck:4.30  ngds:1,725
    run122  dpts:73..81  robin:WdegOnDom-Last  effs:763,194  asgs:(135,noefs=0,fails=45)  fails:8,666  wrgs:11,596  wck:4.33  ngds:1,729
    run123  dpts:27..53  robin:FrbaOnDom-Rand  effs:765,634  asgs:(100,noefs=0,fails=47)  fails:8,713  wrgs:11,645  wck:4.35  ngds:1,745
    run124  dpts:7..51  robin:Wdeg-First  effs:770,172  asgs:(115,noefs=0,fails=50)  fails:8,763  wrgs:11,709  wck:4.37  ngds:1,773
    run125  dpts:41..49  robin:PickOnDom-Last  effs:792,305  asgs:(115,noefs=0,fails=52)  fails:8,815  wrgs:11,781  wck:4.47  ngds:1,776
    run126  dpts:19..65  robin:WdegOnDom-Rand  effs:799,276  asgs:(166,noefs=0,fails=55)  fails:8,870  wrgs:11,871  wck:4.51  ngds:1,779
    run127  dpts:24..140  robin:FrbaOnDom-First  effs:804,768  asgs:(243,noefs=0,fails=57)  fails:8,927  wrgs:11,980  wck:4.56  ngds:1,785
    run128  dpts:3..18  robin:Wdeg-Last  effs:808,047  asgs:(83,noefs=0,fails=60)  fails:8,987  wrgs:12,048  wck:4.57  ngds:1,800
    run129  dpts:20..68  robin:PickOnDom-Rand  effs:817,604  asgs:(158,noefs=0,fails=63)  fails:9,050  wrgs:12,158  wck:4.63  ngds:1,802
    run130  dpts:66..82  robin:WdegOnDom-First  effs:826,049  asgs:(191,noefs=0,fails=67)  fails:9,117  wrgs:12,261  wck:4.67  ngds:1,821
    run131  dpts:25..154  robin:FrbaOnDom-Last  effs:832,479  asgs:(237,noefs=0,fails=70)  fails:9,187  wrgs:12,370  wck:4.72  ngds:1,838
    run132  dpts:5..9  robin:Wdeg-Rand  effs:836,467  asgs:(82,noefs=0,fails=73)  fails:9,260  wrgs:12,444  wck:4.73  ngds:1,855
    run133  dpts:53..86  robin:PickOnDom-First  effs:845,770  asgs:(243,noefs=0,fails=77)  fails:9,337  wrgs:12,575  wck:4.79  ngds:1,867
    run134  dpts:53..56  robin:WdegOnDom-Last  effs:851,883  asgs:(148,noefs=0,fails=81)  fails:9,418  wrgs:12,666  wck:4.82  ngds:1,906
    run135  dpts:22..40  robin:FrbaOnDom-Rand  effs:858,498  asgs:(175,noefs=0,fails=85)  fails:9,503  wrgs:12,793  wck:4.85  ngds:1,932
    run136  dpts:2..10  robin:Wdeg-First  effs:862,664  asgs:(99,noefs=0,fails=89)  fails:9,592  wrgs:12,886  wck:4.88  ngds:1,943
    run137  dpts:96..114  robin:PickOnDom-Last  effs:869,054  asgs:(229,noefs=0,fails=94)  fails:9,686  wrgs:13,000  wck:4.92  ngds:1,951
    run138  dpts:20..35  robin:WdegOnDom-Rand  effs:878,225  asgs:(167,noefs=0,fails=99)  fails:9,785  wrgs:13,131  wck:4.96  ngds:1,984
    run139  dpts:30..39  robin:FrbaOnDom-First  effs:885,342  asgs:(153,noefs=0,fails=104)  fails:9,889  wrgs:13,244  wck:4.99  ngds:1,999
    run140  dpts:4..15  robin:Wdeg-Last  effs:891,731  asgs:(129,noefs=0,fails=109)  fails:9,998  wrgs:13,362  wck:5.02  ngds:2,022
    run141  dpts:30..58  robin:PickOnDom-Rand  effs:899,762  asgs:(202,noefs=1,fails=114)  fails:10,112  wrgs:13,506  wck:5.07  ngds:2,055
    run142  dpts:41..56  robin:WdegOnDom-First  effs:907,652  asgs:(192,noefs=0,fails=120)  fails:10,232  wrgs:13,644  wck:5.10  ngds:2,058
    run143  dpts:9..162  robin:FrbaOnDom-Last  effs:919,002  asgs:(303,noefs=0,fails=126)  fails:10,358  wrgs:13,797  wck:5.16  ngds:2,082
    run144  dpts:10..14  robin:Wdeg-Rand  effs:925,872  asgs:(146,noefs=0,fails=132)  fails:10,490  wrgs:13,933  wck:5.18  ngds:2,121
    run145  dpts:45..106  robin:PickOnDom-First  effs:941,529  asgs:(316,noefs=0,fails=139)  fails:10,629  wrgs:14,131  wck:5.25  ngds:2,134
    run146  dpts:11..62  robin:WdegOnDom-Last  effs:954,921  asgs:(255,noefs=0,fails=146)  fails:10,775  wrgs:14,308  wck:5.31  ngds:2,185
    run147  dpts:22..72  robin:FrbaOnDom-Rand  effs:961,869  asgs:(268,noefs=0,fails=153)  fails:10,928  wrgs:14,519  wck:5.36  ngds:2,227
    run148  dpts:5..30  robin:Wdeg-First  effs:971,016  asgs:(211,noefs=0,fails=161)  fails:11,089  wrgs:14,699  wck:5.40  ngds:2,300
    run149  dpts:11..34  robin:PickOnDom-Last  effs:986,274  asgs:(250,noefs=0,fails=169)  fails:11,258  wrgs:14,929  wck:5.46  ngds:2,316
 ...resetting heuristics data (nValues:3,899 - nSingletons:182 - nEntailed:294)
    run150  dpts:9..48  robin:WdegOnDom-Rand  effs:999,235  asgs:(233,noefs=0,fails=177)  fails:11,435  wrgs:15,116  wck:5.51  ngds:2,377
    run151  dpts:20..146  robin:FrbaOnDom-First  effs:1,011,675  asgs:(356,noefs=0,fails=186)  fails:11,621  wrgs:15,329  wck:5.58  ngds:2,388
    run152  dpts:73..80  robin:Wdeg-Last  effs:1,024,147  asgs:(295,noefs=0,fails=196)  fails:11,817  wrgs:15,543  wck:5.65  ngds:2,397
    run153  dpts:34..61  robin:PickOnDom-Rand  effs:1,036,395  asgs:(307,noefs=0,fails=205)  fails:12,022  wrgs:15,776  wck:5.71  ngds:2,424
    run154  dpts:29..52  robin:WdegOnDom-First  effs:1,050,140  asgs:(327,noefs=0,fails=216)  fails:12,238  wrgs:16,051  wck:5.77  ngds:2,425
    run155  dpts:11..53  robin:FrbaOnDom-Last  effs:1,061,322  asgs:(307,noefs=0,fails=227)  fails:12,465  wrgs:16,323  wck:5.82  ngds:2,433
    run156  dpts:3..31  robin:Wdeg-Rand  effs:1,077,419  asgs:(313,noefs=0,fails=238)  fails:12,703  wrgs:16,598  wck:5.89  ngds:2,456
    run157  dpts:23..87  robin:PickOnDom-First  effs:1,097,492  asgs:(562,noefs=0,fails=250)  fails:12,953  wrgs:17,004  wck:6.02  ngds:2,468
    run158  dpts:12..73  robin:WdegOnDom-Last  effs:1,111,145  asgs:(369,noefs=0,fails=262)  fails:13,215  wrgs:17,292  wck:6.08  ngds:2,496
    run159  dpts:8..125  robin:FrbaOnDom-Rand  effs:1,141,489  asgs:(570,noefs=0,fails=275)  fails:13,490  wrgs:17,744  wck:6.22  ngds:2,524
    run160  dpts:4..9  robin:Wdeg-First  effs:1,152,347  asgs:(340,noefs=0,fails=289)  fails:13,779  wrgs:18,074  wck:6.29  ngds:2,570
    run161  dpts:10..90  robin:PickOnDom-Last  effs:1,194,689  asgs:(506,noefs=0,fails=304)  fails:14,083  wrgs:18,471  wck:6.46  ngds:2,586
    run162  dpts:23..38  robin:WdegOnDom-Rand  effs:1,221,470  asgs:(443,noefs=0,fails=319)  fails:14,402  wrgs:18,870  wck:6.55  ngds:2,638
    run163  dpts:25..140  robin:FrbaOnDom-First  effs:1,263,263  asgs:(611,noefs=0,fails=335)  fails:14,737  wrgs:19,362  wck:6.71  ngds:2,664
    run164  dpts:4..13  robin:Wdeg-Last  effs:1,283,605  asgs:(388,noefs=0,fails=352)  fails:15,089  wrgs:19,739  wck:6.77  ngds:2,741
    run165  dpts:7..85  robin:PickOnDom-Rand  effs:1,312,889  asgs:(725,noefs=0,fails=369)  fails:15,458  wrgs:20,271  wck:6.93  ngds:2,753
    run166  dpts:61..80  robin:WdegOnDom-First  effs:1,338,540  asgs:(562,noefs=0,fails=388)  fails:15,846  wrgs:20,752  wck:7.04  ngds:2,776
    run167  dpts:39..123  robin:FrbaOnDom-Last  effs:1,372,014  asgs:(670,noefs=1,fails=407)  fails:16,253  wrgs:21,315  wck:7.18  ngds:2,810
    run168  dpts:6..27  robin:Wdeg-Rand  effs:1,398,830  asgs:(500,noefs=0,fails=428)  fails:16,681  wrgs:21,787  wck:7.29  ngds:2,856
    run169  dpts:8..89  robin:PickOnDom-First  effs:1,431,280  asgs:(787,noefs=0,fails=449)  fails:17,130  wrgs:22,434  wck:7.43  ngds:2,885
    run170  dpts:18..57  robin:WdegOnDom-Last  effs:1,458,808  asgs:(565,noefs=0,fails=472)  fails:17,602  wrgs:22,942  wck:7.54  ngds:2,953
    run171  dpts:28..89  robin:FrbaOnDom-Rand  effs:1,494,257  asgs:(806,noefs=0,fails=495)  fails:18,097  wrgs:23,615  wck:7.69  ngds:2,975
    run172  dpts:0..25  robin:Wdeg-First  effs:1,522,917  asgs:(623,noefs=0,fails=520)  fails:18,617  wrgs:24,213  wck:7.82  ngds:3,031
    run173  dpts:72..121  robin:PickOnDom-Last  effs:1,566,318  asgs:(849,noefs=0,fails=546)  fails:19,163  wrgs:24,900  wck:7.99  ngds:3,052
    run174  dpts:4..53  robin:WdegOnDom-Rand  effs:1,604,994  asgs:(712,noefs=0,fails=573)  fails:19,736  wrgs:25,550  wck:8.15  ngds:3,074
    run175  dpts:18..68  robin:FrbaOnDom-First  effs:1,652,572  asgs:(1009,noefs=0,fails=602)  fails:20,338  wrgs:26,369  wck:8.36  ngds:3,089
    run176  dpts:0..18  robin:Wdeg-Last  effs:1,687,538  asgs:(728,noefs=0,fails=632)  fails:20,970  wrgs:27,070  wck:8.50  ngds:3,133
    run177  dpts:32..91  robin:PickOnDom-Rand  effs:1,731,732  asgs:(920,noefs=0,fails=664)  fails:21,634  wrgs:27,890  wck:8.69  ngds:3,154
    run178  dpts:71..78  robin:WdegOnDom-First  effs:1,783,244  asgs:(901,noefs=0,fails=697)  fails:22,331  wrgs:28,698  wck:8.89  ngds:3,222
    run179  dpts:37..140  robin:FrbaOnDom-Last  effs:1,831,277  asgs:(1166,noefs=0,fails=732)  fails:23,063  wrgs:29,733  wck:9.10  ngds:3,227
 ...resetting heuristics data (nValues:3,889 - nSingletons:185 - nEntailed:300)
    run180  dpts:28..37  robin:Wdeg-Rand  effs:1,883,406  asgs:(899,noefs=0,fails=768)  fails:23,831  wrgs:30,580  wck:9.29  ngds:3,262
 ...resetting restart cutoff to 15
 ...Discarding 3 singleton variables
    run181  dpts:51..66  robin:PickOnDom-First  effs:1,887,754  asgs:(107,noefs=0,fails=15)  fails:23,846  wrgs:30,620  wck:9.32  ngds:3,265
    run182  dpts:73..85  robin:WdegOnDom-Last  effs:1,891,639  asgs:(108,noefs=0,fails=15)  fails:23,861  wrgs:30,642  wck:9.34  ngds:3,271
    run183  dpts:12..55  robin:FrbaOnDom-Rand  effs:1,893,303  asgs:(71,noefs=0,fails=16)  fails:23,877  wrgs:30,672  wck:9.36  ngds:3,274
    run184  dpts:1..11  robin:Wdeg-First  effs:1,894,250  asgs:(28,noefs=0,fails=17)  fails:23,894  wrgs:30,689  wck:9.36  ngds:3,291
    run185  dpts:27..42  robin:PickOnDom-Last  effs:1,897,123  asgs:(74,noefs=0,fails=18)  fails:23,912  wrgs:30,725  wck:9.38  ngds:3,296
    run186  dpts:13..57  robin:WdegOnDom-Rand  effs:1,899,983  asgs:(81,noefs=0,fails=19)  fails:23,931  wrgs:30,747  wck:9.40  ngds:3,312
    run187  dpts:69..71  robin:FrbaOnDom-First  effs:1,901,340  asgs:(91,noefs=0,fails=20)  fails:23,951  wrgs:30,768  wck:9.41  ngds:3,332
    run188  dpts:2..58  robin:Wdeg-Last  effs:1,903,380  asgs:(79,noefs=0,fails=21)  fails:23,972  wrgs:30,791  wck:9.43  ngds:3,352
    run189  dpts:12..59  robin:PickOnDom-Rand  effs:1,907,167  asgs:(96,noefs=0,fails=22)  fails:23,994  wrgs:30,833  wck:9.45  ngds:3,355
    run190  dpts:46..49  robin:WdegOnDom-First  effs:1,908,759  asgs:(75,noefs=0,fails=23)  fails:24,017  wrgs:30,860  wck:9.47  ngds:3,374
    run191  dpts:10..107  robin:FrbaOnDom-Last  effs:1,911,157  asgs:(144,noefs=0,fails=24)  fails:24,041  wrgs:30,893  wck:9.49  ngds:3,381
    run192  dpts:1..32  robin:Wdeg-Rand  effs:1,914,115  asgs:(61,noefs=0,fails=25)  fails:24,066  wrgs:30,921  wck:9.51  ngds:3,401
    run193  dpts:65..88  robin:PickOnDom-First  effs:1,915,905  asgs:(116,noefs=0,fails=26)  fails:24,092  wrgs:30,954  wck:9.53  ngds:3,406
    run194  dpts:16..22  robin:WdegOnDom-Last  effs:1,917,169  asgs:(55,noefs=0,fails=28)  fails:24,120  wrgs:30,986  wck:9.53  ngds:3,417
    run195  dpts:10..93  robin:FrbaOnDom-Rand  effs:1,921,754  asgs:(133,noefs=0,fails=29)  fails:24,149  wrgs:31,040  wck:9.56  ngds:3,422
    run196  dpts:8..20  robin:Wdeg-First  effs:1,923,671  asgs:(51,noefs=0,fails=31)  fails:24,180  wrgs:31,071  wck:9.58  ngds:3,453
    run197  dpts:8..51  robin:PickOnDom-Last  effs:1,927,574  asgs:(94,noefs=0,fails=32)  fails:24,212  wrgs:31,116  wck:9.60  ngds:3,463
    run198  dpts:8..50  robin:WdegOnDom-Rand  effs:1,931,649  asgs:(95,noefs=0,fails=34)  fails:24,246  wrgs:31,162  wck:9.62  ngds:3,480
    run199  dpts:55..143  robin:FrbaOnDom-First  effs:1,934,241  asgs:(183,noefs=0,fails=36)  fails:24,282  wrgs:31,228  wck:9.65  ngds:3,489
    run200  dpts:6..15  robin:Wdeg-Last  effs:1,937,255  asgs:(52,noefs=0,fails=37)  fails:24,319  wrgs:31,266  wck:9.67  ngds:3,523
    run201  dpts:20..68  robin:PickOnDom-Rand  effs:1,941,310  asgs:(131,noefs=0,fails=39)  fails:24,358  wrgs:31,321  wck:9.70  ngds:3,548
    run202  dpts:48..61  robin:WdegOnDom-First  effs:1,944,710  asgs:(110,noefs=0,fails=41)  fails:24,399  wrgs:31,373  wck:9.72  ngds:3,555
    run203  dpts:130..170  robin:FrbaOnDom-Last  effs:1,949,554  asgs:(221,noefs=0,fails=43)  fails:24,442  wrgs:31,459  wck:9.76  ngds:3,556
    run204  dpts:6..18  robin:Wdeg-Rand  effs:1,954,067  asgs:(70,noefs=0,fails=46)  fails:24,488  wrgs:31,512  wck:9.78  ngds:3,581
    run205  dpts:80..83  robin:PickOnDom-First  effs:1,959,373  asgs:(141,noefs=0,fails=48)  fails:24,536  wrgs:31,571  wck:9.81  ngds:3,596
    run206  dpts:38..53  robin:WdegOnDom-Last  effs:1,963,275  asgs:(109,noefs=0,fails=50)  fails:24,586  wrgs:31,630  wck:9.84  ngds:3,617
    run207  dpts:21..94  robin:FrbaOnDom-Rand  effs:1,968,575  asgs:(165,noefs=0,fails=53)  fails:24,639  wrgs:31,700  wck:9.87  ngds:3,626
    run208  dpts:11..21  robin:Wdeg-First  effs:1,973,532  asgs:(82,noefs=0,fails=56)  fails:24,695  wrgs:31,763  wck:9.90  ngds:3,643
    run209  dpts:30..81  robin:PickOnDom-Last  effs:1,978,786  asgs:(204,noefs=0,fails=58)  fails:24,753  wrgs:31,897  wck:9.93  ngds:3,644
 ...resetting heuristics data (nValues:3,889 - nSingletons:185 - nEntailed:300)
    run210  dpts:47..56  robin:WdegOnDom-Rand  effs:1,985,125  asgs:(136,noefs=0,fails=61)  fails:24,814  wrgs:31,970  wck:9.97  ngds:3,658
    run211  dpts:43..164  robin:FrbaOnDom-First  effs:1,991,789  asgs:(286,noefs=0,fails=64)  fails:24,878  wrgs:32,097  wck:10.0  ngds:3,669
    run212  dpts:71..77  robin:Wdeg-Last  effs:1,996,385  asgs:(149,noefs=0,fails=68)  fails:24,946  wrgs:32,171  wck:10.1  ngds:3,679
    run213  dpts:33..51  robin:PickOnDom-Rand  effs:2,002,795  asgs:(146,noefs=0,fails=71)  fails:25,017  wrgs:32,257  wck:10.1  ngds:3,721
    run214  dpts:37..77  robin:WdegOnDom-First  effs:2,007,975  asgs:(166,noefs=0,fails=75)  fails:25,092  wrgs:32,344  wck:10.1  ngds:3,740
    run215  dpts:18..155  robin:FrbaOnDom-Last  effs:2,019,421  asgs:(257,noefs=0,fails=78)  fails:25,170  wrgs:32,492  wck:10.2  ngds:3,750
    run216  dpts:7..15  robin:Wdeg-Rand  effs:2,023,721  asgs:(97,noefs=0,fails=82)  fails:25,252  wrgs:32,578  wck:10.2  ngds:3,772
    run217  dpts:44..88  robin:PickOnDom-First  effs:2,030,853  asgs:(209,noefs=0,fails=86)  fails:25,338  wrgs:32,688  wck:10.2  ngds:3,785
    run218  dpts:37..48  robin:WdegOnDom-Last  effs:2,041,157  asgs:(192,noefs=0,fails=91)  fails:25,429  wrgs:32,824  wck:10.3  ngds:3,792
    run219  dpts:15..48  robin:FrbaOnDom-Rand  effs:2,046,561  asgs:(162,noefs=0,fails=95)  fails:25,524  wrgs:32,938  wck:10.3  ngds:3,805
    run220  dpts:4..48  robin:Wdeg-First  effs:2,054,290  asgs:(159,noefs=0,fails=100)  fails:25,624  wrgs:33,049  wck:10.4  ngds:3,825
    run221  dpts:8..69  robin:PickOnDom-Last  effs:2,063,914  asgs:(216,noefs=0,fails=105)  fails:25,729  wrgs:33,190  wck:10.4  ngds:3,845
    run222  dpts:16..31  robin:WdegOnDom-Rand  effs:2,074,135  asgs:(185,noefs=0,fails=110)  fails:25,839  wrgs:33,335  wck:10.5  ngds:3,874
    run223  dpts:20..96  robin:FrbaOnDom-First  effs:2,083,607  asgs:(268,noefs=0,fails=116)  fails:25,955  wrgs:33,555  wck:10.5  ngds:3,881
    run224  dpts:7..9  robin:Wdeg-Last  effs:2,091,089  asgs:(161,noefs=0,fails=122)  fails:26,077  wrgs:33,708  wck:10.5  ngds:3,906
    run225  dpts:21..65  robin:PickOnDom-Rand  effs:2,100,696  asgs:(239,noefs=0,fails=128)  fails:26,205  wrgs:33,875  wck:10.6  ngds:3,920
    run226  dpts:63..88  robin:WdegOnDom-First  effs:2,107,208  asgs:(230,noefs=0,fails=134)  fails:26,339  wrgs:34,015  wck:10.6  ngds:3,931
    run227  dpts:23..116  robin:FrbaOnDom-Last  effs:2,113,179  asgs:(258,noefs=0,fails=141)  fails:26,480  wrgs:34,161  wck:10.7  ngds:3,935
    run228  dpts:6..37  robin:Wdeg-Rand  effs:2,120,890  asgs:(199,noefs=0,fails=148)  fails:26,628  wrgs:34,324  wck:10.7  ngds:3,989
    run229  dpts:4..56  robin:PickOnDom-First  effs:2,131,262  asgs:(242,noefs=0,fails=156)  fails:26,784  wrgs:34,510  wck:10.7  ngds:4,014
    run230  dpts:33..87  robin:WdegOnDom-Last  effs:2,151,020  asgs:(367,noefs=0,fails=163)  fails:26,947  wrgs:34,771  wck:10.9  ngds:4,060
    run231  dpts:39..70  robin:FrbaOnDom-Rand  effs:2,164,893  asgs:(323,noefs=0,fails=172)  fails:27,119  wrgs:35,014  wck:10.9  ngds:4,063
    run232  dpts:1..14  robin:Wdeg-First  effs:2,175,742  asgs:(217,noefs=0,fails=180)  fails:27,299  wrgs:35,218  wck:11.0  ngds:4,146
    run233  dpts:37..91  robin:PickOnDom-Last  effs:2,187,922  asgs:(300,noefs=0,fails=189)  fails:27,488  wrgs:35,425  wck:11.0  ngds:4,205
    run234  dpts:29..52  robin:WdegOnDom-Rand  effs:2,211,815  asgs:(373,noefs=0,fails=199)  fails:27,687  wrgs:35,704  wck:11.1  ngds:4,242
    run235  dpts:23..148  robin:FrbaOnDom-First  effs:2,228,023  asgs:(409,noefs=0,fails=209)  fails:27,896  wrgs:36,006  wck:11.2  ngds:4,265
    run236  dpts:2..15  robin:Wdeg-Last  effs:2,237,626  asgs:(255,noefs=0,fails=219)  fails:28,115  wrgs:36,250  wck:11.3  ngds:4,287
    run237  dpts:20..72  robin:PickOnDom-Rand  effs:2,254,251  asgs:(377,noefs=0,fails=230)  fails:28,345  wrgs:36,551  wck:11.3  ngds:4,314
    run238  dpts:57..116  robin:WdegOnDom-First  effs:2,270,916  asgs:(404,noefs=0,fails=242)  fails:28,587  wrgs:36,836  wck:11.4  ngds:4,347
    run239  dpts:42..117  robin:FrbaOnDom-Last  effs:2,301,513  asgs:(442,noefs=0,fails=254)  fails:28,841  wrgs:37,184  wck:11.5  ngds:4,443
 ...resetting heuristics data (nValues:3,889 - nSingletons:185 - nEntailed:300)
    run240  dpts:30..50  robin:Wdeg-Rand  effs:2,322,662  asgs:(349,noefs=0,fails=266)  fails:29,107  wrgs:37,484  wck:11.6  ngds:4,459
    run241  dpts:50..64  robin:PickOnDom-First  effs:2,340,239  asgs:(386,noefs=0,fails=280)  fails:29,387  wrgs:37,809  wck:11.7  ngds:4,508
    run242  dpts:70..85  robin:WdegOnDom-Last  effs:2,361,904  asgs:(443,noefs=0,fails=294)  fails:29,681  wrgs:38,150  wck:11.8  ngds:4,523
    run243  dpts:5..73  robin:FrbaOnDom-Rand  effs:2,378,931  asgs:(424,noefs=0,fails=308)  fails:29,989  wrgs:38,489  wck:11.9  ngds:4,544
    run244  dpts:1..34  robin:Wdeg-First  effs:2,398,791  asgs:(517,noefs=0,fails=324)  fails:30,313  wrgs:38,960  wck:12.0  ngds:4,560
    run245  dpts:13..58  robin:PickOnDom-Last  effs:2,421,425  asgs:(533,noefs=0,fails=340)  fails:30,653  wrgs:39,418  wck:12.1  ngds:4,566
    run246  dpts:15..25  robin:WdegOnDom-Rand  effs:2,444,121  asgs:(422,noefs=0,fails=357)  fails:31,010  wrgs:39,811  wck:12.2  ngds:4,616
    run247  dpts:30..149  robin:FrbaOnDom-First  effs:2,468,891  asgs:(604,noefs=0,fails=375)  fails:31,385  wrgs:40,288  wck:12.3  ngds:4,632
    run248  dpts:3..9  robin:Wdeg-Last  effs:2,491,605  asgs:(446,noefs=0,fails=394)  fails:31,779  wrgs:40,728  wck:12.4  ngds:4,687
    run249  dpts:9..65  robin:PickOnDom-Rand  effs:2,519,043  asgs:(590,noefs=0,fails=413)  fails:32,192  wrgs:41,226  wck:12.5  ngds:4,702
    run250  dpts:49..67  robin:WdegOnDom-First  effs:2,557,104  asgs:(727,noefs=0,fails=434)  fails:32,626  wrgs:41,807  wck:12.7  ngds:4,717
    run251  dpts:58..206  robin:FrbaOnDom-Last  effs:2,597,500  asgs:(1126,noefs=0,fails=456)  fails:33,082  wrgs:42,537  wck:12.9  ngds:4,734
    run252  dpts:4..23  robin:Wdeg-Rand  effs:2,625,603  asgs:(553,noefs=0,fails=479)  fails:33,561  wrgs:43,064  wck:13.0  ngds:4,805
    run253  dpts:67..87  robin:PickOnDom-First  effs:2,673,590  asgs:(725,noefs=0,fails=503)  fails:34,064  wrgs:43,686  wck:13.2  ngds:4,845
    run254  dpts:31..60  robin:WdegOnDom-Last  effs:2,705,945  asgs:(660,noefs=0,fails=528)  fails:34,592  wrgs:44,287  wck:13.4  ngds:4,944
    run255  dpts:25..77  robin:FrbaOnDom-Rand  effs:2,758,988  asgs:(1035,noefs=0,fails=554)  fails:35,146  wrgs:45,156  wck:13.6  ngds:4,959
    run256  dpts:8..21  robin:Wdeg-First  effs:2,793,207  asgs:(654,noefs=0,fails=582)  fails:35,728  wrgs:45,788  wck:13.8  ngds:5,093
    run257  dpts:85..109  robin:PickOnDom-Last  effs:2,827,291  asgs:(720,noefs=0,fails=611)  fails:36,339  wrgs:46,423  wck:13.9  ngds:5,127
    run258  dpts:30..49  robin:WdegOnDom-Rand  effs:2,875,634  asgs:(775,noefs=0,fails=642)  fails:36,981  wrgs:47,152  wck:14.0  ngds:5,198
    run259  dpts:11..98  robin:FrbaOnDom-First  effs:2,933,144  asgs:(1049,noefs=0,fails=674)  fails:37,655  wrgs:48,016  wck:14.3  ngds:5,208
    run260  dpts:8..22  robin:Wdeg-Last  effs:2,986,044  asgs:(786,noefs=0,fails=708)  fails:38,363  wrgs:48,779  wck:14.5  ngds:5,281
    run261  dpts:17..59  robin:PickOnDom-Rand  effs:3,039,008  asgs:(902,noefs=0,fails=743)  fails:39,106  wrgs:49,622  wck:14.6  ngds:5,335
    run262  dpts:68..91  robin:WdegOnDom-First  effs:3,098,766  asgs:(1076,noefs=0,fails=780)  fails:39,886  wrgs:50,551  wck:14.9  ngds:5,364
    run263  dpts:10..109  robin:FrbaOnDom-Last  effs:3,165,255  asgs:(1529,noefs=0,fails=819)  fails:40,705  wrgs:51,757  wck:15.2  ngds:5,400
    run264  dpts:6..16  robin:Wdeg-Rand  effs:3,232,477  asgs:(1005,noefs=0,fails=860)  fails:41,565  wrgs:52,754  wck:15.4  ngds:5,432
    run265  dpts:32..94  robin:PickOnDom-First  effs:3,288,854  asgs:(1236,noefs=0,fails=903)  fails:42,468  wrgs:53,854  wck:15.7  ngds:5,472
    run266  dpts:44..96  robin:WdegOnDom-Last  effs:3,349,966  asgs:(1236,noefs=0,fails=948)  fails:43,416  wrgs:54,972  wck:15.9  ngds:5,537
    run267  dpts:8..89  robin:FrbaOnDom-Rand  effs:3,426,074  asgs:(1359,noefs=0,fails=996)  fails:44,412  wrgs:56,219  wck:16.2  ngds:5,583
    run268  dpts:3..17  robin:Wdeg-First  effs:3,462,876  asgs:(1181,noefs=0,fails=1046)  fails:45,458  wrgs:57,381  wck:16.4  ngds:5,668
    run269  dpts:14..78  robin:PickOnDom-Last  effs:3,527,512  asgs:(1424,noefs=0,fails=1098)  fails:46,556  wrgs:58,686  wck:16.7  ngds:5,673
 ...resetting heuristics data (nValues:3,889 - nSingletons:185 - nEntailed:300)
    run270  dpts:27..49  robin:WdegOnDom-Rand  effs:3,640,476  asgs:(1784,noefs=0,fails=1153)  fails:47,709  wrgs:60,239  wck:17.3  ngds:5,740
 ...resetting restart cutoff to 20
    run271  dpts:127..206  robin:FrbaOnDom-First  effs:3,644,712  asgs:(241,noefs=0,fails=20)  fails:47,729  wrgs:60,289  wck:17.3  ngds:5,746
    run272  dpts:74..80  robin:Wdeg-Last  effs:3,647,532  asgs:(103,noefs=0,fails=21)  fails:47,750  wrgs:60,315  wck:17.3  ngds:5,763
    run273  dpts:37..45  robin:PickOnDom-Rand  effs:3,650,717  asgs:(76,noefs=0,fails=22)  fails:47,772  wrgs:60,343  wck:17.3  ngds:5,781
    run274  dpts:30..54  robin:WdegOnDom-First  effs:3,652,312  asgs:(78,noefs=0,fails=23)  fails:47,795  wrgs:60,367  wck:17.4  ngds:5,793
    run275  dpts:16..58  robin:FrbaOnDom-Last  effs:3,654,623  asgs:(85,noefs=0,fails=24)  fails:47,819  wrgs:60,410  wck:17.4  ngds:5,799
    run276  dpts:30..33  robin:Wdeg-Rand  effs:3,657,107  asgs:(60,noefs=0,fails=25)  fails:47,844  wrgs:60,436  wck:17.4  ngds:5,823
    run277  dpts:44..54  robin:PickOnDom-First  effs:3,659,278  asgs:(95,noefs=0,fails=26)  fails:47,870  wrgs:60,478  wck:17.4  ngds:5,825
    run278  dpts:31..58  robin:WdegOnDom-Last  effs:3,662,295  asgs:(91,noefs=0,fails=28)  fails:47,898  wrgs:60,511  wck:17.4  ngds:5,838
    run279  dpts:5..23  robin:FrbaOnDom-Rand  effs:3,664,288  asgs:(52,noefs=0,fails=29)  fails:47,927  wrgs:60,544  wck:17.4  ngds:5,852
    run280  dpts:7..16  robin:Wdeg-First  effs:3,665,705  asgs:(47,noefs=0,fails=31)  fails:47,958  wrgs:60,576  wck:17.4  ngds:5,862
    run281  dpts:70..81  robin:PickOnDom-Last  effs:3,669,818  asgs:(120,noefs=0,fails=32)  fails:47,990  wrgs:60,620  wck:17.5  ngds:5,879
    run282  dpts:23..34  robin:WdegOnDom-Rand  effs:3,672,117  asgs:(69,noefs=0,fails=34)  fails:48,024  wrgs:60,657  wck:17.5  ngds:5,894
    run283  dpts:7..146  robin:FrbaOnDom-First  effs:3,675,202  asgs:(187,noefs=0,fails=35)  fails:48,059  wrgs:60,724  wck:17.5  ngds:5,898
    run284  dpts:8..10  robin:Wdeg-Last  effs:3,677,591  asgs:(51,noefs=0,fails=37)  fails:48,096  wrgs:60,766  wck:17.5  ngds:5,931
    run285  dpts:30..42  robin:PickOnDom-Rand  effs:3,682,696  asgs:(116,noefs=0,fails=39)  fails:48,135  wrgs:60,837  wck:17.6  ngds:5,945
    run286  dpts:48..51  robin:WdegOnDom-First  effs:3,685,537  asgs:(96,noefs=0,fails=41)  fails:48,176  wrgs:60,883  wck:17.6  ngds:5,951
    run287  dpts:31..97  robin:FrbaOnDom-Last  effs:3,689,873  asgs:(140,noefs=0,fails=43)  fails:48,219  wrgs:60,971  wck:17.6  ngds:5,954
    run288  dpts:11..12  robin:Wdeg-Rand  effs:3,692,880  asgs:(57,noefs=0,fails=45)  fails:48,264  wrgs:61,017  wck:17.6  ngds:5,960
    run289  dpts:68..74  robin:PickOnDom-First  effs:3,697,532  asgs:(130,noefs=0,fails=48)  fails:48,312  wrgs:61,076  wck:17.6  ngds:5,964
    run290  dpts:28..53  robin:WdegOnDom-Last  effs:3,702,285  asgs:(122,noefs=0,fails=50)  fails:48,362  wrgs:61,157  wck:17.7  ngds:5,995
    run291  dpts:13..144  robin:FrbaOnDom-Rand  effs:3,706,689  asgs:(217,noefs=0,fails=53)  fails:48,415  wrgs:61,250  wck:17.7  ngds:6,012
    run292  dpts:5..9  robin:Wdeg-First  effs:3,708,066  asgs:(69,noefs=0,fails=55)  fails:48,470  wrgs:61,312  wck:17.7  ngds:6,030
    run293  dpts:51..80  robin:PickOnDom-Last  effs:3,713,883  asgs:(207,noefs=0,fails=58)  fails:48,528  wrgs:61,423  wck:17.8  ngds:6,033
    run294  dpts:14..25  robin:WdegOnDom-Rand  effs:3,718,750  asgs:(94,noefs=0,fails=61)  fails:48,589  wrgs:61,492  wck:17.8  ngds:6,044
    run295  dpts:22..95  robin:FrbaOnDom-First  effs:3,723,072  asgs:(202,noefs=0,fails=64)  fails:48,653  wrgs:61,611  wck:17.8  ngds:6,052
    run296  dpts:3..8  robin:Wdeg-Last  effs:3,725,639  asgs:(76,noefs=0,fails=67)  fails:48,720  wrgs:61,679  wck:17.8  ngds:6,080
    run297  dpts:1..50  robin:PickOnDom-Rand  effs:3,732,829  asgs:(181,noefs=0,fails=71)  fails:48,791  wrgs:61,792  wck:17.9  ngds:6,101
    run298  dpts:33..38  robin:WdegOnDom-First  effs:3,739,831  asgs:(135,noefs=0,fails=74)  fails:48,865  wrgs:61,890  wck:17.9  ngds:6,106
    run299  dpts:47..153  robin:FrbaOnDom-Last  effs:3,749,673  asgs:(275,noefs=0,fails=78)  fails:48,943  wrgs:62,004  wck:18.0  ngds:6,131
 ...resetting heuristics data (nValues:3,889 - nSingletons:185 - nEntailed:300)
    run300  dpts:22..42  robin:Wdeg-Rand  effs:3,755,052  asgs:(138,noefs=0,fails=82)  fails:49,025  wrgs:62,098  wck:18.0  ngds:6,156
    run301  dpts:49..77  robin:PickOnDom-First  effs:3,766,517  asgs:(251,noefs=0,fails=86)  fails:49,111  wrgs:62,259  wck:18.1  ngds:6,162
    run302  dpts:71..85  robin:WdegOnDom-Last  effs:3,779,158  asgs:(200,noefs=0,fails=90)  fails:49,201  wrgs:62,374  wck:18.1  ngds:6,185
    run303  dpts:19..100  robin:FrbaOnDom-Rand  effs:3,788,747  asgs:(292,noefs=1,fails=95)  fails:49,296  wrgs:62,547  wck:18.2  ngds:6,200
    run304  dpts:1..43  robin:Wdeg-First  effs:3,794,349  asgs:(155,noefs=0,fails=100)  fails:49,396  wrgs:62,661  wck:18.2  ngds:6,233
    run305  dpts:23..48  robin:PickOnDom-Last  effs:3,799,656  asgs:(171,noefs=0,fails=105)  fails:49,501  wrgs:62,796  wck:18.2  ngds:6,240
    run306  dpts:31..38  robin:WdegOnDom-Rand  effs:3,809,992  asgs:(174,noefs=0,fails=110)  fails:49,611  wrgs:62,925  wck:18.3  ngds:6,272
    run307  dpts:27..172  robin:FrbaOnDom-First  effs:3,821,077  asgs:(345,noefs=0,fails=115)  fails:49,726  wrgs:63,125  wck:18.4  ngds:6,322
    run308  dpts:4..15  robin:Wdeg-Last  effs:3,827,149  asgs:(154,noefs=0,fails=121)  fails:49,847  wrgs:63,268  wck:18.4  ngds:6,337
    run309  dpts:5..38  robin:PickOnDom-Rand  effs:3,832,886  asgs:(196,noefs=0,fails=127)  fails:49,974  wrgs:63,436  wck:18.4  ngds:6,360
    run310  dpts:79..87  robin:WdegOnDom-First  effs:3,837,720  asgs:(232,noefs=0,fails=134)  fails:50,108  wrgs:63,582  wck:18.5  ngds:6,406
    run311  dpts:42..137  robin:FrbaOnDom-Last  effs:3,849,024  asgs:(357,noefs=0,fails=140)  fails:50,248  wrgs:63,855  wck:18.5  ngds:6,419
    run312  dpts:9..10  robin:Wdeg-Rand  effs:3,863,444  asgs:(170,noefs=0,fails=147)  fails:50,395  wrgs:64,016  wck:18.6  ngds:6,469
    run313  dpts:40..97  robin:PickOnDom-First  effs:3,873,492  asgs:(283,noefs=0,fails=155)  fails:50,550  wrgs:64,200  wck:18.6  ngds:6,486
    run314  dpts:26..64  robin:WdegOnDom-Last  effs:3,881,728  asgs:(243,noefs=0,fails=162)  fails:50,712  wrgs:64,383  wck:18.7  ngds:6,497
    run315  dpts:16..81  robin:FrbaOnDom-Rand  effs:3,894,704  asgs:(323,noefs=0,fails=171)  fails:50,883  wrgs:64,615  wck:18.8  ngds:6,512
    run316  dpts:5..28  robin:Wdeg-First  effs:3,902,724  asgs:(216,noefs=0,fails=179)  fails:51,062  wrgs:64,807  wck:18.8  ngds:6,562
    run317  dpts:2..72  robin:PickOnDom-Last  effs:3,922,011  asgs:(354,noefs=0,fails=188)  fails:51,250  wrgs:65,074  wck:18.9  ngds:6,574
    run318  dpts:19..57  robin:WdegOnDom-Rand  effs:3,939,857  asgs:(299,noefs=0,fails=198)  fails:51,448  wrgs:65,319  wck:19.0  ngds:6,633
    run319  dpts:25..124  robin:FrbaOnDom-First  effs:3,959,871  asgs:(476,noefs=1,fails=208)  fails:51,656  wrgs:65,660  wck:19.1  ngds:6,648
    run320  dpts:2..16  robin:Wdeg-Last  effs:3,973,449  asgs:(258,noefs=0,fails=218)  fails:51,874  wrgs:65,902  wck:19.1  ngds:6,680
    run321  dpts:7..46  robin:PickOnDom-Rand  effs:3,990,731  asgs:(352,noefs=0,fails=229)  fails:52,103  wrgs:66,190  wck:19.2  ngds:6,703
    run322  dpts:46..78  robin:WdegOnDom-First  effs:4,006,981  asgs:(343,noefs=0,fails=240)  fails:52,343  wrgs:66,459  wck:19.3  ngds:6,723
    run323  dpts:14..106  robin:FrbaOnDom-Last  effs:4,024,060  asgs:(367,noefs=0,fails=252)  fails:52,595  wrgs:66,753  wck:19.3  ngds:6,742
    run324  dpts:10..19  robin:Wdeg-Rand  effs:4,043,993  asgs:(306,noefs=0,fails=265)  fails:52,860  wrgs:67,044  wck:19.4  ngds:6,794
    run325  dpts:59..75  robin:PickOnDom-First  effs:4,060,268  asgs:(426,noefs=0,fails=278)  fails:53,138  wrgs:67,398  wck:19.5  ngds:6,799
    run326  dpts:35..81  robin:WdegOnDom-Last  effs:4,090,011  asgs:(445,noefs=0,fails=292)  fails:53,430  wrgs:67,779  wck:19.6  ngds:6,814
    run327  dpts:19..68  robin:FrbaOnDom-Rand  effs:4,115,362  asgs:(527,noefs=0,fails=307)  fails:53,737  wrgs:68,201  wck:19.8  ngds:6,836
    run328  dpts:4..15  robin:Wdeg-First  effs:4,134,284  asgs:(364,noefs=0,fails=322)  fails:54,059  wrgs:68,550  wck:19.8  ngds:6,881
    run329  dpts:5..47  robin:PickOnDom-Last  effs:4,154,959  asgs:(494,noefs=0,fails=338)  fails:54,397  wrgs:68,980  wck:19.9  ngds:6,943
 ...resetting heuristics data (nValues:3,889 - nSingletons:185 - nEntailed:300)
    run330  dpts:32..45  robin:WdegOnDom-Rand  effs:4,182,449  asgs:(445,noefs=0,fails=355)  fails:54,752  wrgs:69,376  wck:20.1  ngds:6,952
    run331  dpts:44..164  robin:FrbaOnDom-First  effs:4,225,839  asgs:(900,noefs=0,fails=373)  fails:55,125  wrgs:70,048  wck:20.3  ngds:6,969
    run332  dpts:68..76  robin:Wdeg-Last  effs:4,266,053  asgs:(529,noefs=0,fails=392)  fails:55,517  wrgs:70,494  wck:20.5  ngds:7,006
    run333  dpts:36..54  robin:PickOnDom-Rand  effs:4,308,771  asgs:(622,noefs=0,fails=411)  fails:55,928  wrgs:71,020  wck:20.6  ngds:7,045
    run334  dpts:55..61  robin:WdegOnDom-First  effs:4,332,645  asgs:(560,noefs=0,fails=432)  fails:56,360  wrgs:71,505  wck:20.7  ngds:7,063
    run335  dpts:41..163  robin:FrbaOnDom-Last  effs:4,375,131  asgs:(1183,noefs=0,fails=454)  fails:56,814  wrgs:72,357  wck:21.0  ngds:7,087
    run336  dpts:7..11  robin:Wdeg-Rand  effs:4,403,188  asgs:(506,noefs=0,fails=476)  fails:57,290  wrgs:72,854  wck:21.1  ngds:7,152
    run337  dpts:24..61  robin:PickOnDom-First  effs:4,438,362  asgs:(664,noefs=0,fails=500)  fails:57,790  wrgs:73,462  wck:21.2  ngds:7,179
    run338  dpts:12..79  robin:WdegOnDom-Last  effs:4,472,675  asgs:(869,noefs=0,fails=525)  fails:58,315  wrgs:74,132  wck:21.3  ngds:7,200
    run339  dpts:29..87  robin:FrbaOnDom-Rand  effs:4,510,662  asgs:(825,noefs=0,fails=551)  fails:58,866  wrgs:74,824  wck:21.5  ngds:7,224
    run340  dpts:6..39  robin:Wdeg-First  effs:4,552,992  asgs:(750,noefs=0,fails=579)  fails:59,445  wrgs:75,514  wck:21.7  ngds:7,257
    run341  dpts:20..81  robin:PickOnDom-Last  effs:4,586,141  asgs:(808,noefs=0,fails=608)  fails:60,053  wrgs:76,208  wck:21.9  ngds:7,274
    run342  dpts:6..43  robin:WdegOnDom-Rand  effs:4,621,903  asgs:(778,noefs=0,fails=638)  fails:60,691  wrgs:76,916  wck:22.0  ngds:7,326
    run343  dpts:26..90  robin:FrbaOnDom-First  effs:4,682,047  asgs:(1098,noefs=0,fails=670)  fails:61,361  wrgs:77,836  wck:22.3  ngds:7,356
    run344  dpts:3..14  robin:Wdeg-Last  effs:4,719,144  asgs:(858,noefs=0,fails=704)  fails:62,065  wrgs:78,681  wck:22.5  ngds:7,402
    run345  dpts:28..50  robin:PickOnDom-Rand  effs:4,760,427  asgs:(881,noefs=0,fails=739)  fails:62,804  wrgs:79,488  wck:22.6  ngds:7,443
    run346  dpts:10..57  robin:WdegOnDom-First  effs:4,815,459  asgs:(1040,noefs=0,fails=776)  fails:63,580  wrgs:80,419  wck:22.9  ngds:7,486
    run347  dpts:63..108  robin:FrbaOnDom-Last  effs:4,862,162  asgs:(1039,noefs=0,fails=815)  fails:64,395  wrgs:81,332  wck:23.0  ngds:7,537
    run348  dpts:6..26  robin:Wdeg-Rand  effs:4,907,932  asgs:(960,noefs=0,fails=856)  fails:65,251  wrgs:82,259  wck:23.2  ngds:7,630
    run349  dpts:24..91  robin:PickOnDom-First  effs:4,977,522  asgs:(1373,noefs=0,fails=899)  fails:66,150  wrgs:83,398  wck:23.5  ngds:7,679
    run350  dpts:75..90  robin:WdegOnDom-Last  effs:5,051,581  asgs:(1220,noefs=0,fails=944)  fails:67,094  wrgs:84,504  wck:23.8  ngds:7,692
    run351  dpts:29..75  robin:FrbaOnDom-Rand  effs:5,104,398  asgs:(1248,noefs=1,fails=991)  fails:68,085  wrgs:85,638  wck:24.0  ngds:7,718
    run352  dpts:1..17  robin:Wdeg-First  effs:5,163,094  asgs:(1126,noefs=0,fails=1040)  fails:69,125  wrgs:86,749  wck:24.2  ngds:7,776
    run353  dpts:43..75  robin:PickOnDom-Last  effs:5,253,085  asgs:(1558,noefs=0,fails=1092)  fails:70,217  wrgs:88,120  wck:24.6  ngds:7,795
    run354  dpts:8..38  robin:WdegOnDom-Rand  effs:5,317,288  asgs:(1332,noefs=0,fails=1147)  fails:71,364  wrgs:89,403  wck:24.8  ngds:7,871
    run355  dpts:22..87  robin:FrbaOnDom-First  effs:5,407,474  asgs:(1802,noefs=0,fails=1204)  fails:72,568  wrgs:90,928  wck:25.2  ngds:7,901
    run356  dpts:3..23  robin:Wdeg-Last  effs:5,486,204  asgs:(1417,noefs=0,fails=1265)  fails:73,833  wrgs:92,325  wck:25.6  ngds:8,012
    run357  dpts:3..46  robin:PickOnDom-Rand  effs:5,615,937  asgs:(1710,noefs=0,fails=1328)  fails:75,161  wrgs:93,924  wck:26.1  ngds:8,024
    run358  dpts:26..45  robin:WdegOnDom-First  effs:5,682,313  asgs:(1533,noefs=0,fails=1394)  fails:76,555  wrgs:95,419  wck:26.3  ngds:8,117
    run359  dpts:49..91  robin:FrbaOnDom-Last  effs:5,780,808  asgs:(1770,noefs=0,fails=1464)  fails:78,019  wrgs:97,051  wck:26.7  ngds:8,190
 ...resetting heuristics data (nValues:3,889 - nSingletons:185 - nEntailed:300)
    run360  dpts:30..44  robin:Wdeg-Rand  effs:5,881,123  asgs:(1727,noefs=0,fails=1537)  fails:79,556  wrgs:98,729  wck:27.2  ngds:8,221
 ...resetting restart cutoff to 25
    run361  dpts:50..77  robin:PickOnDom-First  effs:5,886,345  asgs:(130,noefs=0,fails=25)  fails:79,581  wrgs:98,783  wck:27.2  ngds:8,228
    run362  dpts:76..83  robin:WdegOnDom-Last  effs:5,889,054  asgs:(111,noefs=0,fails=26)  fails:79,607  wrgs:98,811  wck:27.2  ngds:8,254
    run363  dpts:42..74  robin:FrbaOnDom-Rand  effs:5,893,827  asgs:(126,noefs=0,fails=27)  fails:79,634  wrgs:98,857  wck:27.2  ngds:8,262
    run364  dpts:6..8  robin:Wdeg-First  effs:5,895,569  asgs:(38,noefs=0,fails=28)  fails:79,662  wrgs:98,887  wck:27.3  ngds:8,273
    run365  dpts:34..50  robin:PickOnDom-Last  effs:5,898,148  asgs:(85,noefs=0,fails=30)  fails:79,692  wrgs:98,931  wck:27.3  ngds:8,291
    run366  dpts:19..29  robin:WdegOnDom-Rand  effs:5,901,615  asgs:(89,noefs=0,fails=31)  fails:79,723  wrgs:98,982  wck:27.3  ngds:8,302
    run367  dpts:12..93  robin:FrbaOnDom-First  effs:5,904,027  asgs:(147,noefs=0,fails=33)  fails:79,756  wrgs:99,030  wck:27.3  ngds:8,315
    run368  dpts:7..8  robin:Wdeg-Last  effs:5,905,791  asgs:(44,noefs=0,fails=35)  fails:79,791  wrgs:99,066  wck:27.3  ngds:8,333
    run369  dpts:10..77  robin:PickOnDom-Rand  effs:5,909,988  asgs:(143,noefs=0,fails=36)  fails:79,827  wrgs:99,122  wck:27.4  ngds:8,350
    run370  dpts:70..79  robin:WdegOnDom-First  effs:5,915,435  asgs:(148,noefs=0,fails=38)  fails:79,865  wrgs:99,181  wck:27.4  ngds:8,355
    run371  dpts:24..89  robin:FrbaOnDom-Last  effs:5,919,105  asgs:(141,noefs=0,fails=40)  fails:79,905  wrgs:99,254  wck:27.4  ngds:8,357
    run372  dpts:6..8  robin:Wdeg-Rand  effs:5,923,172  asgs:(51,noefs=0,fails=42)  fails:79,947  wrgs:99,297  wck:27.4  ngds:8,396
    run373  dpts:50..91  robin:PickOnDom-First  effs:5,927,612  asgs:(157,noefs=0,fails=44)  fails:79,991  wrgs:99,364  wck:27.5  ngds:8,402
    run374  dpts:14..47  robin:WdegOnDom-Last  effs:5,932,714  asgs:(117,noefs=0,fails=47)  fails:80,038  wrgs:99,430  wck:27.5  ngds:8,419
    run375  dpts:3..104  robin:FrbaOnDom-Rand  effs:5,937,138  asgs:(175,noefs=0,fails=49)  fails:80,087  wrgs:99,498  wck:27.5  ngds:8,437
    run376  dpts:4..9  robin:Wdeg-First  effs:5,938,870  asgs:(63,noefs=0,fails=51)  fails:80,138  wrgs:99,552  wck:27.5  ngds:8,459
    run377  dpts:3..80  robin:PickOnDom-Last  effs:5,946,305  asgs:(156,noefs=0,fails=54)  fails:80,192  wrgs:99,630  wck:27.6  ngds:8,466
    run378  dpts:23..31  robin:WdegOnDom-Rand  effs:5,952,669  asgs:(114,noefs=0,fails=57)  fails:80,249  wrgs:99,705  wck:27.6  ngds:8,474
    run379  dpts:51..95  robin:FrbaOnDom-First  effs:5,963,763  asgs:(218,noefs=0,fails=60)  fails:80,309  wrgs:99,810  wck:27.7  ngds:8,483
    run380  dpts:4..23  robin:Wdeg-Last  effs:5,966,197  asgs:(94,noefs=0,fails=63)  fails:80,372  wrgs:99,881  wck:27.7  ngds:8,494
    run381  dpts:24..55  robin:PickOnDom-Rand  effs:5,975,127  asgs:(215,noefs=0,fails=66)  fails:80,438  wrgs:100,002  wck:27.7  ngds:8,502
    run382  dpts:21..52  robin:WdegOnDom-First  effs:5,982,513  asgs:(181,noefs=0,fails=69)  fails:80,507  wrgs:100,109  wck:27.8  ngds:8,527
    run383  dpts:7..107  robin:FrbaOnDom-Last  effs:5,988,524  asgs:(196,noefs=0,fails=73)  fails:80,580  wrgs:100,220  wck:27.8  ngds:8,543
    run384  dpts:7..10  robin:Wdeg-Rand  effs:5,996,280  asgs:(90,noefs=0,fails=76)  fails:80,656  wrgs:100,300  wck:27.8  ngds:8,571
    run385  dpts:54..76  robin:PickOnDom-First  effs:6,004,165  asgs:(189,noefs=0,fails=80)  fails:80,736  wrgs:100,414  wck:27.9  ngds:8,595
    run386  dpts:58..78  robin:WdegOnDom-Last  effs:6,011,409  asgs:(174,noefs=0,fails=84)  fails:80,820  wrgs:100,525  wck:27.9  ngds:8,640
    run387  dpts:30..85  robin:FrbaOnDom-Rand  effs:6,016,367  asgs:(200,noefs=0,fails=88)  fails:80,908  wrgs:100,639  wck:28.0  ngds:8,647
    run388  dpts:2..14  robin:Wdeg-First  effs:6,020,045  asgs:(111,noefs=0,fails=93)  fails:81,001  wrgs:100,741  wck:28.0  ngds:8,675
    run389  dpts:42..85  robin:PickOnDom-Last  effs:6,025,802  asgs:(201,noefs=0,fails=98)  fails:81,099  wrgs:100,860  wck:28.0  ngds:8,688
 ...resetting heuristics data (nValues:3,889 - nSingletons:185 - nEntailed:300)
    run390  dpts:35..51  robin:WdegOnDom-Rand  effs:6,035,970  asgs:(175,noefs=0,fails=102)  fails:81,201  wrgs:100,982  wck:28.1  ngds:8,781
    run391  dpts:48..98  robin:FrbaOnDom-First  effs:6,043,537  asgs:(264,noefs=0,fails=108)  fails:81,309  wrgs:101,177  wck:28.1  ngds:8,784
    run392  dpts:75..84  robin:Wdeg-Last  effs:6,052,583  asgs:(213,noefs=0,fails=113)  fails:81,422  wrgs:101,305  wck:28.2  ngds:8,799
    run393  dpts:34..55  robin:PickOnDom-Rand  effs:6,059,962  asgs:(215,noefs=0,fails=119)  fails:81,541  wrgs:101,456  wck:28.2  ngds:8,803
    run394  dpts:35..83  robin:WdegOnDom-First  effs:6,071,159  asgs:(288,noefs=0,fails=125)  fails:81,666  wrgs:101,643  wck:28.3  ngds:8,805
    run395  dpts:36..110  robin:FrbaOnDom-Last  effs:6,095,392  asgs:(334,noefs=0,fails=131)  fails:81,797  wrgs:101,897  wck:28.4  ngds:8,812
    run396  dpts:2..36  robin:Wdeg-Rand  effs:6,102,793  asgs:(182,noefs=0,fails=137)  fails:81,934  wrgs:102,042  wck:28.4  ngds:8,861
    run397  dpts:14..48  robin:PickOnDom-First  effs:6,112,955  asgs:(228,noefs=0,fails=144)  fails:82,078  wrgs:102,216  wck:28.5  ngds:8,901
    run398  dpts:16..59  robin:WdegOnDom-Last  effs:6,121,638  asgs:(250,noefs=0,fails=152)  fails:82,230  wrgs:102,396  wck:28.5  ngds:8,962
    run399  dpts:22..36  robin:FrbaOnDom-Rand  effs:6,127,908  asgs:(219,noefs=0,fails=159)  fails:82,389  wrgs:102,578  wck:28.6  ngds:8,971
    run400  dpts:4..12  robin:Wdeg-First  effs:6,136,034  asgs:(202,noefs=0,fails=167)  fails:82,556  wrgs:102,761  wck:28.6  ngds:8,993
    run401  dpts:23..62  robin:PickOnDom-Last  effs:6,168,789  asgs:(369,noefs=0,fails=175)  fails:82,731  wrgs:103,028  wck:28.8  ngds:9,003
    run402  dpts:26..49  robin:WdegOnDom-Rand  effs:6,185,280  asgs:(262,noefs=0,fails=184)  fails:82,915  wrgs:103,244  wck:28.9  ngds:9,032
    run403  dpts:4..183  robin:FrbaOnDom-First  effs:6,202,290  asgs:(548,noefs=2,fails=194)  fails:83,109  wrgs:103,552  wck:29.0  ngds:9,047
    run404  dpts:6..11  robin:Wdeg-Last  effs:6,217,103  asgs:(231,noefs=0,fails=203)  fails:83,312  wrgs:103,772  wck:29.0  ngds:9,078
    run405  dpts:8..48  robin:PickOnDom-Rand  effs:6,235,324  asgs:(388,noefs=0,fails=213)  fails:83,525  wrgs:104,073  wck:29.1  ngds:9,112
    run406  dpts:34..46  robin:WdegOnDom-First  effs:6,248,356  asgs:(296,noefs=0,fails=224)  fails:83,749  wrgs:104,324  wck:29.2  ngds:9,161
    run407  dpts:6..96  robin:FrbaOnDom-Last  effs:6,268,811  asgs:(497,noefs=0,fails=235)  fails:83,984  wrgs:104,721  wck:29.3  ngds:9,199
    run408  dpts:3..25  robin:Wdeg-Rand  effs:6,284,917  asgs:(283,noefs=0,fails=247)  fails:84,231  wrgs:104,982  wck:29.4  ngds:9,263
    run409  dpts:23..104  robin:PickOnDom-First  effs:6,312,760  asgs:(498,noefs=0,fails=260)  fails:84,491  wrgs:105,338  wck:29.5  ngds:9,295
    run410  dpts:14..55  robin:WdegOnDom-Last  effs:6,329,760  asgs:(373,noefs=0,fails=273)  fails:84,764  wrgs:105,654  wck:29.6  ngds:9,341
    run411  dpts:15..59  robin:FrbaOnDom-Rand  effs:6,353,547  asgs:(437,noefs=0,fails=286)  fails:85,050  wrgs:106,007  wck:29.7  ngds:9,385
    run412  dpts:3..18  robin:Wdeg-First  effs:6,371,070  asgs:(357,noefs=0,fails=301)  fails:85,351  wrgs:106,345  wck:29.7  ngds:9,487
    run413  dpts:23..63  robin:PickOnDom-Last  effs:6,390,153  asgs:(429,noefs=0,fails=316)  fails:85,667  wrgs:106,713  wck:29.8  ngds:9,517
    run414  dpts:15..31  robin:WdegOnDom-Rand  effs:6,418,095  asgs:(415,noefs=0,fails=331)  fails:85,998  wrgs:107,094  wck:29.9  ngds:9,574
    run415  dpts:26..82  robin:FrbaOnDom-First  effs:6,439,495  asgs:(498,noefs=0,fails=348)  fails:86,346  wrgs:107,500  wck:30.0  ngds:9,582
    run416  dpts:0..17  robin:Wdeg-Last  effs:6,463,679  asgs:(431,noefs=0,fails=365)  fails:86,711  wrgs:107,914  wck:30.1  ngds:9,652
    run417  dpts:12..59  robin:PickOnDom-Rand  effs:6,496,735  asgs:(631,noefs=0,fails=384)  fails:87,095  wrgs:108,427  wck:30.3  ngds:9,673
    run418  dpts:14..46  robin:WdegOnDom-First  effs:6,529,108  asgs:(531,noefs=0,fails=403)  fails:87,498  wrgs:108,903  wck:30.4  ngds:9,709
    run419  dpts:7..100  robin:FrbaOnDom-Last  effs:6,578,361  asgs:(719,noefs=0,fails=423)  fails:87,921  wrgs:109,481  wck:30.6  ngds:9,725
 ...resetting heuristics data (nValues:3,886 - nSingletons:186 - nEntailed:302)
    run420  dpts:29..38  robin:Wdeg-Rand  effs:6,617,955  asgs:(548,noefs=0,fails=444)  fails:88,365  wrgs:109,984  wck:30.8  ngds:9,762
 ...Discarding 1 singleton variables
    run421  dpts:49..74  robin:PickOnDom-First  effs:6,653,011  asgs:(814,noefs=0,fails=466)  fails:88,831  wrgs:110,652  wck:31.0  ngds:9,798
    run422  dpts:67..81  robin:WdegOnDom-Last  effs:6,702,452  asgs:(713,noefs=0,fails=490)  fails:89,321  wrgs:111,257  wck:31.2  ngds:9,838
    run423  dpts:15..85  robin:FrbaOnDom-Rand  effs:6,739,176  asgs:(749,noefs=0,fails=514)  fails:89,835  wrgs:111,929  wck:31.3  ngds:9,851
    run424  dpts:7..45  robin:Wdeg-First  effs:6,779,684  asgs:(757,noefs=0,fails=540)  fails:90,375  wrgs:112,576  wck:31.5  ngds:9,884
    run425  dpts:8..73  robin:PickOnDom-Last  effs:6,825,162  asgs:(1065,noefs=0,fails=567)  fails:90,942  wrgs:113,400  wck:31.8  ngds:9,891
    run426  dpts:17..43  robin:WdegOnDom-Rand  effs:6,862,003  asgs:(737,noefs=0,fails=595)  fails:91,537  wrgs:114,069  wck:31.9  ngds:9,922
    run427  dpts:55..148  robin:FrbaOnDom-First  effs:6,922,024  asgs:(1238,noefs=0,fails=625)  fails:92,162  wrgs:115,060  wck:32.2  ngds:9,944
    run428  dpts:3..27  robin:Wdeg-Last  effs:6,981,024  asgs:(757,noefs=0,fails=657)  fails:92,819  wrgs:115,780  wck:32.5  ngds:10,046
    run429  dpts:14..56  robin:PickOnDom-Rand  effs:7,024,856  asgs:(901,noefs=0,fails=689)  fails:93,508  wrgs:116,597  wck:32.7  ngds:10,060
    run430  dpts:58..89  robin:WdegOnDom-First  effs:7,086,943  asgs:(963,noefs=0,fails=724)  fails:94,232  wrgs:117,445  wck:32.9  ngds:10,106
    run431  dpts:16..168  robin:FrbaOnDom-Last  effs:7,163,842  asgs:(1356,noefs=0,fails=760)  fails:94,992  wrgs:118,632  wck:33.2  ngds:10,131
    run432  dpts:2..20  robin:Wdeg-Rand  effs:7,217,354  asgs:(847,noefs=0,fails=798)  fails:95,790  wrgs:119,461  wck:33.4  ngds:10,212
    run433  dpts:78..97  robin:PickOnDom-First  effs:7,258,521  asgs:(1065,noefs=0,fails=838)  fails:96,628  wrgs:120,432  wck:33.6  ngds:10,250
    run434  dpts:38..93  robin:WdegOnDom-Last  effs:7,326,752  asgs:(1232,noefs=0,fails=880)  fails:97,508  wrgs:121,563  wck:33.8  ngds:10,335
    run435  dpts:15..99  robin:FrbaOnDom-Rand  effs:7,372,198  asgs:(1267,noefs=0,fails=924)  fails:98,432  wrgs:122,703  wck:34.0  ngds:10,356
    run436  dpts:3..14  robin:Wdeg-First  effs:7,420,837  asgs:(1101,noefs=0,fails=970)  fails:99,402  wrgs:123,789  wck:34.2  ngds:10,449
    run437  dpts:8..68  robin:PickOnDom-Last  effs:7,490,234  asgs:(1436,noefs=0,fails=1019)  fails:100,421  wrgs:125,105  wck:34.5  ngds:10,522
    run438  dpts:37..50  robin:WdegOnDom-Rand  effs:7,562,595  asgs:(1348,noefs=0,fails=1070)  fails:101,491  wrgs:126,354  wck:34.8  ngds:10,584
    run439  dpts:60..118  robin:FrbaOnDom-First  effs:7,636,875  asgs:(1499,noefs=0,fails=1123)  fails:102,614  wrgs:127,706  wck:35.1  ngds:10,607
    run440  dpts:8..18  robin:Wdeg-Last  effs:7,711,587  asgs:(1424,noefs=0,fails=1180)  fails:103,794  wrgs:129,107  wck:35.5  ngds:10,649
    run441  dpts:9..80  robin:PickOnDom-Rand  effs:7,768,700  asgs:(1410,noefs=0,fails=1239)  fails:105,033  wrgs:130,437  wck:35.7  ngds:10,755
    run442  dpts:20..37  robin:WdegOnDom-First  effs:7,848,906  asgs:(1469,noefs=0,fails=1300)  fails:106,333  wrgs:131,863  wck:36.0  ngds:10,774
    run443  dpts:5..134  robin:FrbaOnDom-Last  effs:7,977,798  asgs:(2066,noefs=0,fails=1366)  fails:107,699  wrgs:133,687  wck:36.5  ngds:10,822
    run444  dpts:5..9  robin:Wdeg-Rand  effs:8,064,358  asgs:(1557,noefs=0,fails=1434)  fails:109,133  wrgs:135,235  wck:36.8  ngds:10,838
    run445  dpts:51..120  robin:PickOnDom-First  effs:8,171,405  asgs:(2036,noefs=0,fails=1506)  fails:110,639  wrgs:137,101  wck:37.4  ngds:10,853
    run446  dpts:25..50  robin:WdegOnDom-Last  effs:8,328,343  asgs:(2001,noefs=0,fails=1581)  fails:112,220  wrgs:138,995  wck:38.0  ngds:10,883
    run447  dpts:44..88  robin:FrbaOnDom-Rand  effs:8,460,541  asgs:(2098,noefs=0,fails=1660)  fails:113,880  wrgs:140,970  wck:38.6  ngds:10,906
    run448  dpts:3..17  robin:Wdeg-First  effs:8,554,706  asgs:(1972,noefs=0,fails=1743)  fails:115,623  wrgs:142,916  wck:39.0  ngds:11,005
    run449  dpts:81..108  robin:PickOnDom-Last  effs:8,750,941  asgs:(2392,noefs=0,fails=1830)  fails:117,453  wrgs:145,128  wck:39.7  ngds:11,029
 ...resetting heuristics data (nValues:3,886 - nSingletons:186 - nEntailed:302)
    run450  dpts:25..47  robin:WdegOnDom-Rand  effs:8,882,044  asgs:(2385,noefs=0,fails=1922)  fails:119,375  wrgs:147,354  wck:40.2  ngds:11,132
 ...resetting restart cutoff to 30
    run451  dpts:56..155  robin:FrbaOnDom-First  effs:8,886,359  asgs:(203,noefs=1,fails=30)  fails:119,405  wrgs:147,410  wck:40.3  ngds:11,138
    run452  dpts:67..78  robin:Wdeg-Last  effs:8,891,048  asgs:(117,noefs=0,fails=31)  fails:119,436  wrgs:147,448  wck:40.3  ngds:11,166
    run453  dpts:33..41  robin:PickOnDom-Rand  effs:8,894,778  asgs:(83,noefs=0,fails=33)  fails:119,469  wrgs:147,489  wck:40.3  ngds:11,194
    run454  dpts:35..48  robin:WdegOnDom-First  effs:8,899,772  asgs:(128,noefs=0,fails=34)  fails:119,503  wrgs:147,554  wck:40.4  ngds:11,197
    run455  dpts:15..49  robin:FrbaOnDom-Last  effs:8,902,335  asgs:(92,noefs=0,fails=36)  fails:119,539  wrgs:147,602  wck:40.4  ngds:11,219
    run456  dpts:3..58  robin:Wdeg-Rand  effs:8,905,110  asgs:(103,noefs=0,fails=38)  fails:119,577  wrgs:147,645  wck:40.4  ngds:11,248
    run457  dpts:39..53  robin:PickOnDom-First  effs:8,907,928  asgs:(96,noefs=0,fails=40)  fails:119,617  wrgs:147,692  wck:40.4  ngds:11,264
    run458  dpts:10..46  robin:WdegOnDom-Last  effs:8,913,081  asgs:(91,noefs=0,fails=42)  fails:119,659  wrgs:147,738  wck:40.4  ngds:11,281
    run459  dpts:75..105  robin:FrbaOnDom-Rand  effs:8,918,056  asgs:(206,noefs=0,fails=44)  fails:119,703  wrgs:147,817  wck:40.5  ngds:11,288
    run460  dpts:16..22  robin:Wdeg-First  effs:8,920,896  asgs:(72,noefs=0,fails=46)  fails:119,749  wrgs:147,872  wck:40.5  ngds:11,300
    run461  dpts:4..72  robin:PickOnDom-Last  effs:8,926,739  asgs:(178,noefs=0,fails=48)  fails:119,797  wrgs:147,969  wck:40.5  ngds:11,309
    run462  dpts:35..43  robin:WdegOnDom-Rand  effs:8,933,500  asgs:(110,noefs=0,fails=51)  fails:119,848  wrgs:148,035  wck:40.6  ngds:11,327
    run463  dpts:30..101  robin:FrbaOnDom-First  effs:8,936,430  asgs:(157,noefs=0,fails=53)  fails:119,901  wrgs:148,093  wck:40.6  ngds:11,347
    run464  dpts:8..19  robin:Wdeg-Last  effs:8,939,336  asgs:(86,noefs=0,fails=56)  fails:119,957  wrgs:148,163  wck:40.6  ngds:11,366
    run465  dpts:51..58  robin:PickOnDom-Rand  effs:8,946,305  asgs:(136,noefs=0,fails=59)  fails:120,016  wrgs:148,244  wck:40.7  ngds:11,369
    run466  dpts:30..35  robin:WdegOnDom-First  effs:8,949,919  asgs:(97,noefs=0,fails=62)  fails:120,078  wrgs:148,310  wck:40.7  ngds:11,385
    run467  dpts:15..99  robin:FrbaOnDom-Last  effs:8,959,101  asgs:(219,noefs=0,fails=65)  fails:120,143  wrgs:148,440  wck:40.7  ngds:11,389
    run468  dpts:12..18  robin:Wdeg-Rand  effs:8,964,909  asgs:(90,noefs=0,fails=68)  fails:120,211  wrgs:148,513  wck:40.8  ngds:11,404
    run469  dpts:92..98  robin:PickOnDom-First  effs:8,970,753  asgs:(180,noefs=0,fails=72)  fails:120,283  wrgs:148,594  wck:40.8  ngds:11,409
    run470  dpts:53..60  robin:WdegOnDom-Last  effs:8,981,950  asgs:(160,noefs=0,fails=75)  fails:120,358  wrgs:148,696  wck:40.8  ngds:11,417
    run471  dpts:22..97  robin:FrbaOnDom-Rand  effs:8,989,041  asgs:(182,noefs=0,fails=79)  fails:120,437  wrgs:148,830  wck:40.9  ngds:11,446
    run472  dpts:1..11  robin:Wdeg-First  effs:8,991,450  asgs:(101,noefs=0,fails=83)  fails:120,520  wrgs:148,926  wck:40.9  ngds:11,465
    run473  dpts:47..55  robin:PickOnDom-Last  effs:9,005,729  asgs:(159,noefs=0,fails=87)  fails:120,607  wrgs:149,030  wck:41.0  ngds:11,469
    run474  dpts:10..43  robin:WdegOnDom-Rand  effs:9,010,789  asgs:(141,noefs=0,fails=92)  fails:120,699  wrgs:149,133  wck:41.0  ngds:11,474
    run475  dpts:14..114  robin:FrbaOnDom-First  effs:9,018,637  asgs:(238,noefs=0,fails=96)  fails:120,795  wrgs:149,262  wck:41.0  ngds:11,492
    run476  dpts:3..17  robin:Wdeg-Last  effs:9,023,904  asgs:(126,noefs=0,fails=101)  fails:120,896  wrgs:149,371  wck:41.1  ngds:11,543
    run477  dpts:48..58  robin:PickOnDom-Rand  effs:9,035,219  asgs:(209,noefs=0,fails=106)  fails:121,002  wrgs:149,513  wck:41.1  ngds:11,559
    run478  dpts:32..38  robin:WdegOnDom-First  effs:9,047,329  asgs:(190,noefs=0,fails=112)  fails:121,114  wrgs:149,659  wck:41.2  ngds:11,572
    run479  dpts:38..65  robin:FrbaOnDom-Last  effs:9,056,693  asgs:(249,noefs=0,fails=117)  fails:121,231  wrgs:149,819  wck:41.2  ngds:11,583
 ...resetting heuristics data (nValues:3,886 - nSingletons:186 - nEntailed:302)
    run480  dpts:29..43  robin:Wdeg-Rand  effs:9,064,911  asgs:(172,noefs=0,fails=123)  fails:121,354  wrgs:149,949  wck:41.3  ngds:11,599
    run481  dpts:48..88  robin:PickOnDom-First  effs:9,080,757  asgs:(318,noefs=0,fails=129)  fails:121,483  wrgs:150,165  wck:41.4  ngds:11,603
    run482  dpts:66..83  robin:WdegOnDom-Last  effs:9,092,498  asgs:(253,noefs=0,fails=136)  fails:121,619  wrgs:150,333  wck:41.4  ngds:11,631
    run483  dpts:43..118  robin:FrbaOnDom-Rand  effs:9,105,776  asgs:(310,noefs=0,fails=142)  fails:121,761  wrgs:150,563  wck:41.5  ngds:11,633
    run484  dpts:1..43  robin:Wdeg-First  effs:9,116,128  asgs:(244,noefs=0,fails=150)  fails:121,911  wrgs:150,753  wck:41.6  ngds:11,685
    run485  dpts:33..60  robin:PickOnDom-Last  effs:9,140,224  asgs:(282,noefs=0,fails=157)  fails:122,068  wrgs:150,981  wck:41.7  ngds:11,692
    run486  dpts:29..40  robin:WdegOnDom-Rand  effs:9,153,842  asgs:(233,noefs=0,fails=165)  fails:122,233  wrgs:151,171  wck:41.7  ngds:11,725
    run487  dpts:24..131  robin:FrbaOnDom-First  effs:9,170,161  asgs:(477,noefs=0,fails=173)  fails:122,406  wrgs:151,502  wck:41.8  ngds:11,732
    run488  dpts:6..16  robin:Wdeg-Last  effs:9,181,778  asgs:(232,noefs=0,fails=182)  fails:122,588  wrgs:151,722  wck:41.9  ngds:11,800
    run489  dpts:6..50  robin:PickOnDom-Rand  effs:9,200,570  asgs:(437,noefs=0,fails=191)  fails:122,779  wrgs:152,046  wck:42.0  ngds:11,822
    run490  dpts:52..55  robin:WdegOnDom-First  effs:9,210,911  asgs:(275,noefs=0,fails=201)  fails:122,980  wrgs:152,268  wck:42.0  ngds:11,862
    run491  dpts:6..138  robin:FrbaOnDom-Last  effs:9,231,249  asgs:(481,noefs=0,fails=211)  fails:123,191  wrgs:152,577  wck:42.2  ngds:11,876
    run492  dpts:9..12  robin:Wdeg-Rand  effs:9,244,741  asgs:(243,noefs=0,fails=221)  fails:123,412  wrgs:152,809  wck:42.2  ngds:11,898
    run493  dpts:46..111  robin:PickOnDom-First  effs:9,261,312  asgs:(428,noefs=0,fails=232)  fails:123,644  wrgs:153,110  wck:42.3  ngds:11,915
    run494  dpts:4..67  robin:WdegOnDom-Last  effs:9,280,476  asgs:(395,noefs=0,fails=244)  fails:123,888  wrgs:153,424  wck:42.4  ngds:11,968
    run495  dpts:25..84  robin:FrbaOnDom-Rand  effs:9,308,803  asgs:(482,noefs=1,fails=256)  fails:124,144  wrgs:153,794  wck:42.5  ngds:11,997
    run496  dpts:3..22  robin:Wdeg-First  effs:9,330,429  asgs:(330,noefs=0,fails=269)  fails:124,413  wrgs:154,100  wck:42.6  ngds:12,044
    run497  dpts:40..67  robin:PickOnDom-Last  effs:9,355,227  asgs:(541,noefs=0,fails=283)  fails:124,696  wrgs:154,513  wck:42.8  ngds:12,074
    run498  dpts:14..50  robin:WdegOnDom-Rand  effs:9,381,986  asgs:(399,noefs=0,fails=297)  fails:124,993  wrgs:154,869  wck:42.9  ngds:12,091
    run499  dpts:27..69  robin:FrbaOnDom-First  effs:9,398,901  asgs:(420,noefs=0,fails=312)  fails:125,305  wrgs:155,219  wck:43.0  ngds:12,132
    run500  dpts:2..28  robin:Wdeg-Last  effs:9,415,363  asgs:(388,noefs=0,fails=327)  fails:125,632  wrgs:155,587  wck:43.0  ngds:12,170
    run501  dpts:16..69  robin:PickOnDom-Rand  effs:9,433,451  asgs:(466,noefs=0,fails=344)  fails:125,976  wrgs:155,982  wck:43.1  ngds:12,238
    run502  dpts:43..81  robin:WdegOnDom-First  effs:9,456,022  asgs:(506,noefs=0,fails=361)  fails:126,337  wrgs:156,398  wck:43.2  ngds:12,300
    run503  dpts:19..133  robin:FrbaOnDom-Last  effs:9,486,903  asgs:(626,noefs=0,fails=379)  fails:126,716  wrgs:156,910  wck:43.4  ngds:12,329
    run504  dpts:8..20  robin:Wdeg-Rand  effs:9,515,891  asgs:(462,noefs=0,fails=398)  fails:127,114  wrgs:157,353  wck:43.5  ngds:12,421
    run505  dpts:48..127  robin:PickOnDom-First  effs:9,545,189  asgs:(640,noefs=0,fails=418)  fails:127,532  wrgs:157,853  wck:43.6  ngds:12,430
    run506  dpts:48..70  robin:WdegOnDom-Last  effs:9,577,491  asgs:(579,noefs=0,fails=439)  fails:127,971  wrgs:158,375  wck:43.8  ngds:12,439
    run507  dpts:8..72  robin:FrbaOnDom-Rand  effs:9,616,657  asgs:(746,noefs=0,fails=461)  fails:128,432  wrgs:159,004  wck:43.9  ngds:12,459
    run508  dpts:5..17  robin:Wdeg-First  effs:9,648,480  asgs:(546,noefs=0,fails=484)  fails:128,916  wrgs:159,533  wck:44.1  ngds:12,536
    run509  dpts:11..58  robin:PickOnDom-Last  effs:9,715,822  asgs:(878,noefs=0,fails=508)  fails:129,424  wrgs:160,304  wck:44.4  ngds:12,551
 ...resetting heuristics data (nValues:3,886 - nSingletons:186 - nEntailed:302)
    run510  dpts:30..44  robin:WdegOnDom-Rand  effs:9,781,232  asgs:(686,noefs=0,fails=533)  fails:129,957  wrgs:160,933  wck:44.6  ngds:12,579
    run511  dpts:58..131  robin:FrbaOnDom-First  effs:9,840,364  asgs:(804,noefs=0,fails=560)  fails:130,517  wrgs:161,584  wck:44.9  ngds:12,654
    run512  dpts:73..84  robin:Wdeg-Last  effs:9,880,491  asgs:(731,noefs=0,fails=588)  fails:131,105  wrgs:162,229  wck:45.1  ngds:12,679
    run513  dpts:33..61  robin:PickOnDom-Rand  effs:9,915,087  asgs:(781,noefs=0,fails=617)  fails:131,722  wrgs:162,918  wck:45.3  ngds:12,723
    run514  dpts:65..72  robin:WdegOnDom-First  effs:9,957,901  asgs:(831,noefs=0,fails=648)  fails:132,370  wrgs:163,672  wck:45.4  ngds:12,758
    run515  dpts:5..150  robin:FrbaOnDom-Last  effs:10,038,436  asgs:(1612,noefs=2,fails=681)  fails:133,051  wrgs:164,901  wck:45.8  ngds:12,790
    run516  dpts:4..6  robin:Wdeg-Rand  effs:10,083,702  asgs:(745,noefs=0,fails=715)  fails:133,766  wrgs:165,641  wck:46.0  ngds:12,836
    run517  dpts:16..84  robin:PickOnDom-First  effs:10,142,416  asgs:(1195,noefs=0,fails=750)  fails:134,516  wrgs:166,648  wck:46.3  ngds:12,886
    run518  dpts:12..85  robin:WdegOnDom-Last  effs:10,205,423  asgs:(1295,noefs=0,fails=788)  fails:135,304  wrgs:167,720  wck:46.6  ngds:12,947
    run519  dpts:30..79  robin:FrbaOnDom-Rand  effs:10,265,059  asgs:(1244,noefs=0,fails=827)  fails:136,131  wrgs:168,777  wck:46.8  ngds:12,957
    run520  dpts:1..41  robin:Wdeg-First  effs:10,304,952  asgs:(1016,noefs=0,fails=869)  fails:137,000  wrgs:169,731  wck:47.1  ngds:12,984
    run521  dpts:9..137  robin:PickOnDom-Last  effs:10,371,587  asgs:(1317,noefs=0,fails=912)  fails:137,912  wrgs:170,837  wck:47.4  ngds:13,035
    run522  dpts:18..40  robin:WdegOnDom-Rand  effs:10,470,265  asgs:(1165,noefs=0,fails=958)  fails:138,870  wrgs:171,948  wck:47.7  ngds:13,073
    run523  dpts:35..130  robin:FrbaOnDom-First  effs:10,548,088  asgs:(1559,noefs=2,fails=1006)  fails:139,876  wrgs:173,324  wck:48.1  ngds:13,100
    run524  dpts:1..11  robin:Wdeg-Last  effs:10,615,976  asgs:(1176,noefs=0,fails=1056)  fails:140,932  wrgs:174,487  wck:48.3  ngds:13,151
    run525  dpts:50..84  robin:PickOnDom-Rand  effs:10,687,105  asgs:(1411,noefs=0,fails=1109)  fails:142,041  wrgs:175,754  wck:48.6  ngds:13,199
    run526  dpts:73..85  robin:WdegOnDom-First  effs:10,756,082  asgs:(1464,noefs=0,fails=1164)  fails:143,205  wrgs:177,101  wck:48.9  ngds:13,229
    run527  dpts:34..94  robin:FrbaOnDom-Last  effs:10,891,652  asgs:(1626,noefs=0,fails=1223)  fails:144,428  wrgs:178,640  wck:49.4  ngds:13,251
    run528  dpts:2..18  robin:Wdeg-Rand  effs:10,985,486  asgs:(1454,noefs=0,fails=1284)  fails:145,712  wrgs:180,065  wck:49.8  ngds:13,373
    run529  dpts:10..101  robin:PickOnDom-First  effs:11,110,567  asgs:(1814,noefs=0,fails=1348)  fails:147,060  wrgs:181,735  wck:50.3  ngds:13,415
    run530  dpts:55..70  robin:WdegOnDom-Last  effs:11,170,219  asgs:(1583,noefs=0,fails=1416)  fails:148,476  wrgs:183,251  wck:50.5  ngds:13,430
    run531  dpts:21..80  robin:FrbaOnDom-Rand  effs:11,268,563  asgs:(2091,noefs=0,fails=1486)  fails:149,962  wrgs:185,151  wck:50.9  ngds:13,457
    run532  dpts:2..18  robin:Wdeg-First  effs:11,363,692  asgs:(1746,noefs=0,fails=1561)  fails:151,523  wrgs:186,869  wck:51.3  ngds:13,521
    run533  dpts:43..72  robin:PickOnDom-Last  effs:11,481,242  asgs:(2427,noefs=0,fails=1639)  fails:153,162  wrgs:189,064  wck:51.8  ngds:13,551
    run534  dpts:12..66  robin:WdegOnDom-Rand  effs:11,582,889  asgs:(2041,noefs=0,fails=1721)  fails:154,883  wrgs:191,023  wck:52.2  ngds:13,604
    run535  dpts:73..95  robin:FrbaOnDom-First  effs:11,712,164  asgs:(2251,noefs=0,fails=1807)  fails:156,690  wrgs:193,101  wck:52.7  ngds:13,651
    run536  dpts:2..17  robin:Wdeg-Last  effs:11,797,036  asgs:(2171,noefs=0,fails=1897)  fails:158,587  wrgs:195,251  wck:53.1  ngds:13,701
    run537  dpts:10..77  robin:PickOnDom-Rand  effs:11,918,887  asgs:(2479,noefs=0,fails=1992)  fails:160,579  wrgs:197,577  wck:53.6  ngds:13,734
    run538  dpts:37..45  robin:WdegOnDom-First  effs:12,128,364  asgs:(2486,noefs=0,fails=2092)  fails:162,671  wrgs:199,976  wck:54.4  ngds:13,794
    run539  dpts:4..94  robin:FrbaOnDom-Last  effs:12,269,030  asgs:(2797,noefs=0,fails=2196)  fails:164,867  wrgs:202,660  wck:55.0  ngds:13,821
 ...resetting heuristics data (nValues:3,886 - nSingletons:186 - nEntailed:302)
    run540  dpts:32..55  robin:Wdeg-Rand  effs:12,387,657  asgs:(2482,noefs=0,fails=2306)  fails:167,173  wrgs:205,086  wck:55.5  ngds:13,861
 ...resetting restart cutoff to 35
    run541  dpts:49..72  robin:PickOnDom-First  effs:12,394,582  asgs:(165,noefs=0,fails=35)  fails:167,208  wrgs:205,171  wck:55.5  ngds:13,872
    run542  dpts:72..80  robin:WdegOnDom-Last  effs:12,398,398  asgs:(131,noefs=0,fails=36)  fails:167,244  wrgs:205,217  wck:55.6  ngds:13,884
    run543  dpts:63..86  robin:FrbaOnDom-Rand  effs:12,403,373  asgs:(162,noefs=0,fails=38)  fails:167,282  wrgs:205,289  wck:55.6  ngds:13,888
    run544  dpts:1..33  robin:Wdeg-First  effs:12,407,611  asgs:(94,noefs=0,fails=40)  fails:167,322  wrgs:205,347  wck:55.6  ngds:13,907
    run545  dpts:16..113  robin:PickOnDom-Last  effs:12,412,786  asgs:(196,noefs=0,fails=42)  fails:167,364  wrgs:205,419  wck:55.7  ngds:13,919
    run546  dpts:20..31  robin:WdegOnDom-Rand  effs:12,415,765  asgs:(80,noefs=0,fails=44)  fails:167,408  wrgs:205,473  wck:55.7  ngds:13,933
    run547  dpts:26..130  robin:FrbaOnDom-First  effs:12,422,826  asgs:(202,noefs=0,fails=46)  fails:167,454  wrgs:205,538  wck:55.7  ngds:13,939
    run548  dpts:1..4  robin:Wdeg-Last  effs:12,425,698  asgs:(55,noefs=0,fails=49)  fails:167,503  wrgs:205,591  wck:55.7  ngds:13,951
    run549  dpts:12..20  robin:PickOnDom-Rand  effs:12,432,264  asgs:(114,noefs=0,fails=51)  fails:167,554  wrgs:205,675  wck:55.8  ngds:13,963
    run550  dpts:25..71  robin:WdegOnDom-First  effs:12,436,169  asgs:(131,noefs=0,fails=54)  fails:167,608  wrgs:205,738  wck:55.8  ngds:13,979
    run551  dpts:15..47  robin:FrbaOnDom-Last  effs:12,441,359  asgs:(158,noefs=0,fails=57)  fails:167,665  wrgs:205,840  wck:55.8  ngds:13,982
    run552  dpts:5..18  robin:Wdeg-Rand  effs:12,446,784  asgs:(88,noefs=0,fails=59)  fails:167,724  wrgs:205,918  wck:55.9  ngds:13,988
    run553  dpts:71..80  robin:PickOnDom-First  effs:12,453,075  asgs:(168,noefs=0,fails=62)  fails:167,786  wrgs:206,004  wck:55.9  ngds:14,029
    run554  dpts:32..35  robin:WdegOnDom-Last  effs:12,456,683  asgs:(100,noefs=0,fails=65)  fails:167,851  wrgs:206,072  wck:55.9  ngds:14,048
    run555  dpts:22..88  robin:FrbaOnDom-Rand  effs:12,465,187  asgs:(176,noefs=0,fails=69)  fails:167,920  wrgs:206,212  wck:56.0  ngds:14,049
    run556  dpts:1..14  robin:Wdeg-First  effs:12,471,076  asgs:(115,noefs=0,fails=72)  fails:167,992  wrgs:206,313  wck:56.0  ngds:14,066
    run557  dpts:4..65  robin:PickOnDom-Last  effs:12,478,923  asgs:(188,noefs=0,fails=76)  fails:168,068  wrgs:206,423  wck:56.0  ngds:14,079
    run558  dpts:18..43  robin:WdegOnDom-Rand  effs:12,488,972  asgs:(170,noefs=0,fails=80)  fails:168,148  wrgs:206,542  wck:56.1  ngds:14,115
    run559  dpts:63..123  robin:FrbaOnDom-First  effs:12,497,970  asgs:(263,noefs=0,fails=84)  fails:168,232  wrgs:206,685  wck:56.1  ngds:14,120
    run560  dpts:1..15  robin:Wdeg-Last  effs:12,504,035  asgs:(128,noefs=0,fails=88)  fails:168,320  wrgs:206,796  wck:56.2  ngds:14,132
    run561  dpts:15..70  robin:PickOnDom-Rand  effs:12,512,158  asgs:(209,noefs=0,fails=92)  fails:168,412  wrgs:206,927  wck:56.2  ngds:14,187
    run562  dpts:51..95  robin:WdegOnDom-First  effs:12,517,839  asgs:(210,noefs=0,fails=97)  fails:168,509  wrgs:207,038  wck:56.3  ngds:14,221
    run563  dpts:20..109  robin:FrbaOnDom-Last  effs:12,530,295  asgs:(286,noefs=0,fails=102)  fails:168,611  wrgs:207,234  wck:56.3  ngds:14,227
    run564  dpts:3..10  robin:Wdeg-Rand  effs:12,537,177  asgs:(122,noefs=0,fails=107)  fails:168,718  wrgs:207,350  wck:56.3  ngds:14,254
    run565  dpts:53..92  robin:PickOnDom-First  effs:12,547,853  asgs:(275,noefs=0,fails=112)  fails:168,830  wrgs:207,510  wck:56.4  ngds:14,256
    run566  dpts:16..46  robin:WdegOnDom-Last  effs:12,564,227  asgs:(197,noefs=0,fails=118)  fails:168,948  wrgs:207,650  wck:56.5  ngds:14,284
    run567  dpts:16..79  robin:FrbaOnDom-Rand  effs:12,573,048  asgs:(251,noefs=0,fails=124)  fails:169,072  wrgs:207,815  wck:56.5  ngds:14,310
    run568  dpts:3..21  robin:Wdeg-First  effs:12,590,415  asgs:(189,noefs=0,fails=130)  fails:169,202  wrgs:207,978  wck:56.6  ngds:14,332
    run569  dpts:47..60  robin:PickOnDom-Last  effs:12,603,955  asgs:(212,noefs=0,fails=137)  fails:169,339  wrgs:208,136  wck:56.7  ngds:14,339
 ...resetting heuristics data (nValues:3,886 - nSingletons:186 - nEntailed:302)
    run570  dpts:40..53  robin:WdegOnDom-Rand  effs:12,613,449  asgs:(229,noefs=0,fails=144)  fails:169,483  wrgs:208,306  wck:56.7  ngds:14,350
    run571  dpts:36..116  robin:FrbaOnDom-First  effs:12,625,520  asgs:(390,noefs=0,fails=151)  fails:169,634  wrgs:208,569  wck:56.8  ngds:14,359
    run572  dpts:76..85  robin:Wdeg-Last  effs:12,637,129  asgs:(255,noefs=0,fails=158)  fails:169,792  wrgs:208,741  wck:56.9  ngds:14,385
    run573  dpts:39..64  robin:PickOnDom-Rand  effs:12,652,487  asgs:(304,noefs=0,fails=166)  fails:169,958  wrgs:208,962  wck:57.0  ngds:14,399
    run574  dpts:27..38  robin:WdegOnDom-First  effs:12,663,456  asgs:(248,noefs=0,fails=175)  fails:170,133  wrgs:209,177  wck:57.0  ngds:14,410
    run575  dpts:26..43  robin:FrbaOnDom-Last  effs:12,673,279  asgs:(226,noefs=0,fails=183)  fails:170,316  wrgs:209,373  wck:57.1  ngds:14,423
    run576  dpts:7..12  robin:Wdeg-Rand  effs:12,682,990  asgs:(211,noefs=0,fails=193)  fails:170,509  wrgs:209,574  wck:57.1  ngds:14,435
    run577  dpts:47..60  robin:PickOnDom-First  effs:12,697,042  asgs:(331,noefs=0,fails=202)  fails:170,711  wrgs:209,836  wck:57.1  ngds:14,448
    run578  dpts:20..77  robin:WdegOnDom-Last  effs:12,707,499  asgs:(311,noefs=0,fails=212)  fails:170,923  wrgs:210,073  wck:57.2  ngds:14,456
    run579  dpts:44..87  robin:FrbaOnDom-Rand  effs:12,725,676  asgs:(388,noefs=0,fails=223)  fails:171,146  wrgs:210,381  wck:57.3  ngds:14,464
    run580  dpts:1..48  robin:Wdeg-First  effs:12,737,293  asgs:(314,noefs=0,fails=234)  fails:171,380  wrgs:210,648  wck:57.4  ngds:14,553
    run581  dpts:4..71  robin:PickOnDom-Last  effs:12,755,044  asgs:(409,noefs=0,fails=246)  fails:171,626  wrgs:210,969  wck:57.5  ngds:14,567
    run582  dpts:21..44  robin:WdegOnDom-Rand  effs:12,776,003  asgs:(360,noefs=0,fails=258)  fails:171,884  wrgs:211,271  wck:57.6  ngds:14,627
    run583  dpts:40..128  robin:FrbaOnDom-First  effs:12,802,554  asgs:(639,noefs=0,fails=271)  fails:172,155  wrgs:211,725  wck:57.7  ngds:14,658
    run584  dpts:2..14  robin:Wdeg-Last  effs:12,819,139  asgs:(338,noefs=0,fails=285)  fails:172,440  wrgs:212,050  wck:57.8  ngds:14,716
    run585  dpts:47..59  robin:PickOnDom-Rand  effs:12,845,667  asgs:(456,noefs=0,fails=299)  fails:172,739  wrgs:212,432  wck:57.9  ngds:14,723
    run586  dpts:23..71  robin:WdegOnDom-First  effs:12,861,704  asgs:(431,noefs=0,fails=314)  fails:173,053  wrgs:212,789  wck:58.0  ngds:14,735
    run587  dpts:41..115  robin:FrbaOnDom-Last  effs:12,885,888  asgs:(547,noefs=0,fails=330)  fails:173,383  wrgs:213,226  wck:58.1  ngds:14,744
    run588  dpts:3..24  robin:Wdeg-Rand  effs:12,905,325  asgs:(388,noefs=0,fails=346)  fails:173,729  wrgs:213,592  wck:58.2  ngds:14,798
    run589  dpts:38..44  robin:PickOnDom-First  effs:12,920,691  asgs:(479,noefs=0,fails=364)  fails:174,093  wrgs:214,019  wck:58.2  ngds:14,840
    run590  dpts:33..65  robin:WdegOnDom-Last  effs:12,942,631  asgs:(493,noefs=0,fails=382)  fails:174,475  wrgs:214,445  wck:58.3  ngds:14,873
    run591  dpts:29..85  robin:FrbaOnDom-Rand  effs:12,975,007  asgs:(618,noefs=0,fails=401)  fails:174,876  wrgs:214,963  wck:58.5  ngds:14,900
    run592  dpts:5..9  robin:Wdeg-First  effs:13,003,426  asgs:(462,noefs=0,fails=421)  fails:175,297  wrgs:215,417  wck:58.6  ngds:14,982
    run593  dpts:3..71  robin:PickOnDom-Last  effs:13,035,920  asgs:(671,noefs=0,fails=442)  fails:175,739  wrgs:216,018  wck:58.8  ngds:15,018
    run594  dpts:25..45  robin:WdegOnDom-Rand  effs:13,068,493  asgs:(583,noefs=0,fails=464)  fails:176,203  wrgs:216,553  wck:58.9  ngds:15,052
    run595  dpts:3..123  robin:FrbaOnDom-First  effs:13,114,166  asgs:(964,noefs=0,fails=487)  fails:176,690  wrgs:217,318  wck:59.1  ngds:15,082
    run596  dpts:1..21  robin:Wdeg-Last  effs:13,133,451  asgs:(590,noefs=0,fails=512)  fails:177,202  wrgs:217,886  wck:59.2  ngds:15,187
    run597  dpts:4..52  robin:PickOnDom-Rand  effs:13,162,042  asgs:(722,noefs=0,fails=537)  fails:177,739  wrgs:218,519  wck:59.4  ngds:15,228
    run598  dpts:53..61  robin:WdegOnDom-First  effs:13,200,807  asgs:(750,noefs=0,fails=564)  fails:178,303  wrgs:219,193  wck:59.6  ngds:15,275
    run599  dpts:38..119  robin:FrbaOnDom-Last  effs:13,251,647  asgs:(1022,noefs=0,fails=592)  fails:178,895  wrgs:220,017  wck:59.8  ngds:15,308
 ...resetting heuristics data (nValues:3,886 - nSingletons:186 - nEntailed:302)
    run600  dpts:34..40  robin:Wdeg-Rand  effs:13,298,392  asgs:(752,noefs=0,fails=622)  fails:179,517  wrgs:220,718  wck:60.0  ngds:15,333
    run601  dpts:49..87  robin:PickOnDom-First  effs:13,354,664  asgs:(965,noefs=0,fails=653)  fails:180,170  wrgs:221,573  wck:60.2  ngds:15,351
    run602  dpts:71..87  robin:WdegOnDom-Last  effs:13,406,664  asgs:(1011,noefs=0,fails=686)  fails:180,856  wrgs:222,409  wck:60.5  ngds:15,379
    run603  dpts:6..108  robin:FrbaOnDom-Rand  effs:13,476,528  asgs:(1456,noefs=0,fails=720)  fails:181,576  wrgs:223,583  wck:60.9  ngds:15,409
    run604  dpts:1..43  robin:Wdeg-First  effs:13,519,224  asgs:(880,noefs=0,fails=756)  fails:182,332  wrgs:224,420  wck:61.0  ngds:15,454
    run605  dpts:37..61  robin:PickOnDom-Last  effs:13,549,478  asgs:(917,noefs=0,fails=794)  fails:183,126  wrgs:225,266  wck:61.2  ngds:15,492
    run606  dpts:19..63  robin:WdegOnDom-Rand  effs:13,592,586  asgs:(1028,noefs=0,fails=834)  fails:183,960  wrgs:226,201  wck:61.4  ngds:15,503
    run607  dpts:23..157  robin:FrbaOnDom-First  effs:13,657,032  asgs:(1375,noefs=0,fails=876)  fails:184,836  wrgs:227,333  wck:61.7  ngds:15,592
    run608  dpts:5..12  robin:Wdeg-Last  effs:13,715,022  asgs:(1033,noefs=0,fails=919)  fails:185,755  wrgs:228,350  wck:61.9  ngds:15,669
    run609  dpts:9..63  robin:PickOnDom-Rand  effs:13,792,010  asgs:(1308,noefs=0,fails=965)  fails:186,720  wrgs:229,518  wck:62.2  ngds:15,722
    run610  dpts:75..96  robin:WdegOnDom-First  effs:13,874,206  asgs:(1398,noefs=0,fails=1014)  fails:187,734  wrgs:230,782  wck:62.5  ngds:15,778
    run611  dpts:5..110  robin:FrbaOnDom-Last  effs:13,937,868  asgs:(1259,noefs=0,fails=1064)  fails:188,798  wrgs:231,930  wck:62.8  ngds:15,805
    run612  dpts:7..24  robin:Wdeg-Rand  effs:13,990,464  asgs:(1187,noefs=0,fails=1118)  fails:189,916  wrgs:233,093  wck:63.0  ngds:15,865
    run613  dpts:75..165  robin:PickOnDom-First  effs:14,084,454  asgs:(1804,noefs=0,fails=1174)  fails:191,090  wrgs:234,609  wck:63.5  ngds:15,880
    run614  dpts:24..85  robin:WdegOnDom-Last  effs:14,172,196  asgs:(1620,noefs=0,fails=1232)  fails:192,322  wrgs:236,124  wck:63.8  ngds:15,951
    run615  dpts:27..77  robin:FrbaOnDom-Rand  effs:14,263,647  asgs:(1828,noefs=0,fails=1294)  fails:193,616  wrgs:237,757  wck:64.3  ngds:15,972
    run616  dpts:4..24  robin:Wdeg-First  effs:14,356,048  asgs:(1501,noefs=0,fails=1359)  fails:194,975  wrgs:239,230  wck:64.6  ngds:16,052
    run617  dpts:19..97  robin:PickOnDom-Last  effs:14,511,811  asgs:(1909,noefs=0,fails=1427)  fails:196,402  wrgs:240,990  wck:65.3  ngds:16,074
    run618  dpts:23..50  robin:WdegOnDom-Rand  effs:14,638,462  asgs:(1633,noefs=0,fails=1498)  fails:197,900  wrgs:242,571  wck:65.8  ngds:16,138
    run619  dpts:31..119  robin:FrbaOnDom-First  effs:14,774,236  asgs:(2373,noefs=0,fails=1573)  fails:199,473  wrgs:244,566  wck:66.4  ngds:16,172
    run620  dpts:2..21  robin:Wdeg-Last  effs:14,859,005  asgs:(1834,noefs=0,fails=1652)  fails:201,125  wrgs:246,372  wck:66.8  ngds:16,300
    run621  dpts:23..58  robin:PickOnDom-Rand  effs:14,981,144  asgs:(2078,noefs=0,fails=1734)  fails:202,859  wrgs:248,345  wck:67.3  ngds:16,342
    run622  dpts:67..74  robin:WdegOnDom-First  effs:15,102,692  asgs:(2227,noefs=0,fails=1821)  fails:204,680  wrgs:250,444  wck:67.8  ngds:16,406
    run623  dpts:75..111  robin:FrbaOnDom-Last  effs:15,187,211  asgs:(2266,noefs=0,fails=1912)  fails:206,592  wrgs:252,619  wck:68.1  ngds:16,441
    run624  dpts:7..22  robin:Wdeg-Rand  effs:15,297,886  asgs:(2132,noefs=0,fails=2008)  fails:208,600  wrgs:254,725  wck:68.5  ngds:16,540
    run625  dpts:86..138  robin:PickOnDom-First  effs:15,470,030  asgs:(2821,noefs=0,fails=2108)  fails:210,708  wrgs:257,300  wck:69.2  ngds:16,559
    run626  dpts:23..51  robin:WdegOnDom-Last  effs:15,664,930  asgs:(2816,noefs=0,fails=2213)  fails:212,921  wrgs:260,004  wck:70.0  ngds:16,598
    run627  dpts:30..61  robin:FrbaOnDom-Rand  effs:15,846,064  asgs:(2764,noefs=0,fails=2324)  fails:215,245  wrgs:262,680  wck:70.7  ngds:16,615
    run628  dpts:1..17  robin:Wdeg-First  effs:15,967,952  asgs:(2742,noefs=0,fails=2440)  fails:217,685  wrgs:265,389  wck:71.1  ngds:16,720
    run629  dpts:3..84  robin:PickOnDom-Last  effs:16,101,977  asgs:(3645,noefs=0,fails=2562)  fails:220,247  wrgs:268,701  wck:71.8  ngds:16,771
 ...resetting heuristics data (nValues:3,886 - nSingletons:186 - nEntailed:302)
    run630  dpts:32..46  robin:WdegOnDom-Rand  effs:16,220,810  asgs:(2907,noefs=0,fails=2691)  fails:222,938  wrgs:271,539  wck:72.3  ngds:16,811
 ...resetting restart cutoff to 40
    run631  dpts:104..150  robin:FrbaOnDom-First  effs:16,224,290  asgs:(190,noefs=0,fails=40)  fails:222,978  wrgs:271,625  wck:72.4  ngds:16,812
    run632  dpts:71..74  robin:Wdeg-Last  effs:16,228,303  asgs:(119,noefs=0,fails=42)  fails:223,020  wrgs:271,670  wck:72.4  ngds:16,826
    run633  dpts:53..71  robin:PickOnDom-Rand  effs:16,232,854  asgs:(129,noefs=0,fails=44)  fails:223,064  wrgs:271,729  wck:72.4  ngds:16,831
    run634  dpts:42..47  robin:WdegOnDom-First  effs:16,235,922  asgs:(102,noefs=0,fails=46)  fails:223,110  wrgs:271,788  wck:72.4  ngds:16,834
    run635  dpts:42..109  robin:FrbaOnDom-Last  effs:16,239,768  asgs:(207,noefs=0,fails=48)  fails:223,158  wrgs:271,864  wck:72.5  ngds:16,840
    run636  dpts:13..17  robin:Wdeg-Rand  effs:16,243,287  asgs:(68,noefs=0,fails=51)  fails:223,209  wrgs:271,918  wck:72.5  ngds:16,854
    run637  dpts:36..42  robin:PickOnDom-First  effs:16,246,396  asgs:(102,noefs=0,fails=53)  fails:223,262  wrgs:271,983  wck:72.5  ngds:16,864
    run638  dpts:9..18  robin:WdegOnDom-Last  effs:16,250,483  asgs:(83,noefs=0,fails=56)  fails:223,318  wrgs:272,050  wck:72.5  ngds:16,875
    run639  dpts:8..60  robin:FrbaOnDom-Rand  effs:16,255,444  asgs:(155,noefs=1,fails=59)  fails:223,377  wrgs:272,155  wck:72.5  ngds:16,877
    run640  dpts:4..47  robin:Wdeg-First  effs:16,259,698  asgs:(121,noefs=0,fails=62)  fails:223,439  wrgs:272,230  wck:72.6  ngds:16,899
    run641  dpts:4..23  robin:PickOnDom-Last  effs:16,265,725  asgs:(156,noefs=0,fails=65)  fails:223,504  wrgs:272,340  wck:72.6  ngds:16,904
    run642  dpts:32..42  robin:WdegOnDom-Rand  effs:16,278,131  asgs:(190,noefs=0,fails=68)  fails:223,572  wrgs:272,461  wck:72.7  ngds:16,913
    run643  dpts:73..123  robin:FrbaOnDom-First  effs:16,286,588  asgs:(248,noefs=0,fails=71)  fails:223,643  wrgs:272,598  wck:72.7  ngds:16,925
    run644  dpts:2..16  robin:Wdeg-Last  effs:16,289,560  asgs:(93,noefs=0,fails=75)  fails:223,718  wrgs:272,676  wck:72.8  ngds:16,970
    run645  dpts:44..53  robin:PickOnDom-Rand  effs:16,296,118  asgs:(160,noefs=0,fails=79)  fails:223,797  wrgs:272,772  wck:72.8  ngds:16,977
    run646  dpts:42..45  robin:WdegOnDom-First  effs:16,299,919  asgs:(137,noefs=0,fails=83)  fails:223,880  wrgs:272,866  wck:72.8  ngds:17,013
    run647  dpts:5..129  robin:FrbaOnDom-Last  effs:16,308,027  asgs:(262,noefs=0,fails=87)  fails:223,967  wrgs:273,000  wck:72.9  ngds:17,027
    run648  dpts:4..36  robin:Wdeg-Rand  effs:16,314,144  asgs:(134,noefs=0,fails=91)  fails:224,058  wrgs:273,098  wck:72.9  ngds:17,045
    run649  dpts:45..61  robin:PickOnDom-First  effs:16,324,191  asgs:(252,noefs=0,fails=96)  fails:224,154  wrgs:273,257  wck:73.0  ngds:17,048
    run650  dpts:11..60  robin:WdegOnDom-Last  effs:16,336,187  asgs:(211,noefs=0,fails=101)  fails:224,255  wrgs:273,401  wck:73.0  ngds:17,072
    run651  dpts:9..95  robin:FrbaOnDom-Rand  effs:16,346,448  asgs:(260,noefs=0,fails=106)  fails:224,361  wrgs:273,561  wck:73.1  ngds:17,085
    run652  dpts:6..10  robin:Wdeg-First  effs:16,351,035  asgs:(127,noefs=0,fails=111)  fails:224,472  wrgs:273,681  wck:73.1  ngds:17,108
    run653  dpts:50..59  robin:PickOnDom-Last  effs:16,360,630  asgs:(199,noefs=0,fails=117)  fails:224,589  wrgs:273,820  wck:73.1  ngds:17,132
    run654  dpts:11..56  robin:WdegOnDom-Rand  effs:16,374,621  asgs:(235,noefs=0,fails=122)  fails:224,711  wrgs:273,996  wck:73.2  ngds:17,138
    run655  dpts:29..77  robin:FrbaOnDom-First  effs:16,384,600  asgs:(220,noefs=0,fails=129)  fails:224,840  wrgs:274,173  wck:73.3  ngds:17,155
    run656  dpts:3..11  robin:Wdeg-Last  effs:16,394,536  asgs:(154,noefs=0,fails=135)  fails:224,975  wrgs:274,317  wck:73.3  ngds:17,242
    run657  dpts:31..53  robin:PickOnDom-Rand  effs:16,402,668  asgs:(222,noefs=0,fails=142)  fails:225,117  wrgs:274,496  wck:73.3  ngds:17,246
    run658  dpts:32..66  robin:WdegOnDom-First  effs:16,417,515  asgs:(257,noefs=0,fails=149)  fails:225,266  wrgs:274,680  wck:73.4  ngds:17,270
    run659  dpts:10..47  robin:FrbaOnDom-Last  effs:16,424,828  asgs:(215,noefs=0,fails=156)  fails:225,422  wrgs:274,848  wck:73.5  ngds:17,288
 ...resetting heuristics data (nValues:3,886 - nSingletons:186 - nEntailed:302)
    run660  dpts:34..42  robin:Wdeg-Rand  effs:16,435,804  asgs:(218,noefs=0,fails=164)  fails:225,586  wrgs:275,022  wck:73.5  ngds:17,341
    run661  dpts:48..77  robin:PickOnDom-First  effs:16,451,208  asgs:(308,noefs=0,fails=172)  fails:225,758  wrgs:275,250  wck:73.6  ngds:17,350
    run662  dpts:70..82  robin:WdegOnDom-Last  effs:16,467,804  asgs:(331,noefs=0,fails=181)  fails:225,939  wrgs:275,478  wck:73.7  ngds:17,398
    run663  dpts:25..83  robin:FrbaOnDom-Rand  effs:16,487,185  asgs:(380,noefs=0,fails=190)  fails:226,129  wrgs:275,776  wck:73.8  ngds:17,415
    run664  dpts:3..39  robin:Wdeg-First  effs:16,498,649  asgs:(292,noefs=0,fails=200)  fails:226,329  wrgs:276,019  wck:73.8  ngds:17,464
    run665  dpts:40..59  robin:PickOnDom-Last  effs:16,544,131  asgs:(398,noefs=0,fails=210)  fails:226,539  wrgs:276,336  wck:74.0  ngds:17,472
    run666  dpts:13..29  robin:WdegOnDom-Rand  effs:16,558,956  asgs:(275,noefs=0,fails=220)  fails:226,759  wrgs:276,587  wck:74.1  ngds:17,493
    run667  dpts:25..148  robin:FrbaOnDom-First  effs:16,581,474  asgs:(463,noefs=0,fails=231)  fails:226,990  wrgs:276,927  wck:74.2  ngds:17,509
    run668  dpts:2..11  robin:Wdeg-Last  effs:16,595,091  asgs:(266,noefs=0,fails=243)  fails:227,233  wrgs:277,183  wck:74.2  ngds:17,564
    run669  dpts:16..62  robin:PickOnDom-Rand  effs:16,629,375  asgs:(573,noefs=0,fails=255)  fails:227,488  wrgs:277,615  wck:74.4  ngds:17,593
    run670  dpts:43..58  robin:WdegOnDom-First  effs:16,655,386  asgs:(479,noefs=0,fails=268)  fails:227,756  wrgs:277,988  wck:74.6  ngds:17,609
    run671  dpts:18..163  robin:FrbaOnDom-Last  effs:16,680,499  asgs:(585,noefs=0,fails=281)  fails:228,037  wrgs:278,485  wck:74.7  ngds:17,623
    run672  dpts:2..24  robin:Wdeg-Rand  effs:16,695,078  asgs:(332,noefs=0,fails=295)  fails:228,332  wrgs:278,795  wck:74.8  ngds:17,660
    run673  dpts:68..152  robin:PickOnDom-First  effs:16,715,956  asgs:(522,noefs=0,fails=310)  fails:228,642  wrgs:279,163  wck:74.9  ngds:17,691
    run674  dpts:36..92  robin:WdegOnDom-Last  effs:16,756,980  asgs:(504,noefs=0,fails=325)  fails:228,967  wrgs:279,566  wck:75.1  ngds:17,715
    run675  dpts:30..76  robin:FrbaOnDom-Rand  effs:16,779,629  asgs:(455,noefs=0,fails=342)  fails:229,309  wrgs:279,948  wck:75.2  ngds:17,731
    run676  dpts:2..17  robin:Wdeg-First  effs:16,801,059  asgs:(417,noefs=0,fails=359)  fails:229,668  wrgs:280,346  wck:75.3  ngds:17,836
    run677  dpts:34..90  robin:PickOnDom-Last  effs:16,849,018  asgs:(745,noefs=0,fails=377)  fails:230,045  wrgs:280,936  wck:75.5  ngds:17,862
    run678  dpts:16..40  robin:WdegOnDom-Rand  effs:16,874,639  asgs:(443,noefs=0,fails=396)  fails:230,441  wrgs:281,348  wck:75.6  ngds:17,897
    run679  dpts:7..110  robin:FrbaOnDom-First  effs:16,907,068  asgs:(782,noefs=0,fails=416)  fails:230,857  wrgs:281,920  wck:75.8  ngds:17,919
    run680  dpts:3..18  robin:Wdeg-Last  effs:16,927,946  asgs:(479,noefs=0,fails=436)  fails:231,293  wrgs:282,384  wck:75.9  ngds:17,966
    run681  dpts:14..38  robin:PickOnDom-Rand  effs:16,950,266  asgs:(585,noefs=0,fails=458)  fails:231,751  wrgs:282,901  wck:76.1  ngds:17,993
    run682  dpts:37..64  robin:WdegOnDom-First  effs:16,981,554  asgs:(634,noefs=0,fails=481)  fails:232,232  wrgs:283,463  wck:76.2  ngds:18,014
    run683  dpts:13..62  robin:FrbaOnDom-Last  effs:17,002,491  asgs:(635,noefs=0,fails=505)  fails:232,737  wrgs:284,016  wck:76.3  ngds:18,065
    run684  dpts:11..20  robin:Wdeg-Rand  effs:17,039,853  asgs:(588,noefs=0,fails=530)  fails:233,267  wrgs:284,586  wck:76.5  ngds:18,124
    run685  dpts:28..89  robin:PickOnDom-First  effs:17,095,259  asgs:(924,noefs=0,fails=557)  fails:233,824  wrgs:285,345  wck:76.7  ngds:18,146
    run686  dpts:42..64  robin:WdegOnDom-Last  effs:17,179,710  asgs:(789,noefs=0,fails=585)  fails:234,409  wrgs:286,046  wck:77.1  ngds:18,155
    run687  dpts:15..63  robin:FrbaOnDom-Rand  effs:17,231,383  asgs:(887,noefs=2,fails=614)  fails:235,023  wrgs:286,817  wck:77.3  ngds:18,175
    run688  dpts:7..18  robin:Wdeg-First  effs:17,252,167  asgs:(741,noefs=0,fails=645)  fails:235,668  wrgs:287,541  wck:77.4  ngds:18,293
    run689  dpts:52..118  robin:PickOnDom-Last  effs:17,334,828  asgs:(1015,noefs=0,fails=677)  fails:236,345  wrgs:288,438  wck:77.8  ngds:18,310
 ...resetting heuristics data (nValues:3,886 - nSingletons:186 - nEntailed:302)
    run690  dpts:32..54  robin:WdegOnDom-Rand  effs:17,395,464  asgs:(1004,noefs=0,fails=711)  fails:237,056  wrgs:289,317  wck:78.1  ngds:18,357
    run691  dpts:67..171  robin:FrbaOnDom-First  effs:17,474,916  asgs:(1192,noefs=1,fails=747)  fails:237,803  wrgs:290,281  wck:78.4  ngds:18,418
    run692  dpts:77..86  robin:Wdeg-Last  effs:17,529,246  asgs:(980,noefs=0,fails=784)  fails:238,587  wrgs:291,165  wck:78.7  ngds:18,441
    run693  dpts:41..60  robin:PickOnDom-Rand  effs:17,596,108  asgs:(1184,noefs=0,fails=823)  fails:239,410  wrgs:292,205  wck:79.0  ngds:18,500
    run694  dpts:39..78  robin:WdegOnDom-First  effs:17,657,303  asgs:(1228,noefs=0,fails=864)  fails:240,274  wrgs:293,296  wck:79.3  ngds:18,536
    run695  dpts:66..180  robin:FrbaOnDom-Last  effs:17,745,222  asgs:(1749,noefs=1,fails=908)  fails:241,182  wrgs:294,628  wck:79.7  ngds:18,541
    run696  dpts:4..62  robin:Wdeg-Rand  effs:17,809,384  asgs:(1090,noefs=0,fails=953)  fails:242,135  wrgs:295,660  wck:79.9  ngds:18,569
    run697  dpts:51..97  robin:PickOnDom-First  effs:17,891,151  asgs:(1672,noefs=0,fails=1001)  fails:243,136  wrgs:297,085  wck:80.3  ngds:18,615
    run698  dpts:74..84  robin:WdegOnDom-Last  effs:17,964,789  asgs:(1340,noefs=0,fails=1051)  fails:244,187  wrgs:298,302  wck:80.7  ngds:18,682
    run699  dpts:29..109  robin:FrbaOnDom-Rand  effs:18,041,731  asgs:(1541,noefs=1,fails=1103)  fails:245,290  wrgs:299,644  wck:81.0  ngds:18,727
    run700  dpts:3..25  robin:Wdeg-First  effs:18,109,680  asgs:(1288,noefs=0,fails=1159)  fails:246,449  wrgs:300,899  wck:81.2  ngds:18,752
    run701  dpts:56..95  robin:PickOnDom-Last  effs:18,165,661  asgs:(1506,noefs=0,fails=1217)  fails:247,666  wrgs:302,288  wck:81.5  ngds:18,780
    run702  dpts:26..51  robin:WdegOnDom-Rand  effs:18,252,129  asgs:(1539,noefs=0,fails=1277)  fails:248,943  wrgs:303,748  wck:81.8  ngds:18,809
    run703  dpts:48..117  robin:FrbaOnDom-First  effs:18,354,114  asgs:(2108,noefs=0,fails=1341)  fails:250,284  wrgs:305,546  wck:82.3  ngds:18,839
    run704  dpts:1..22  robin:Wdeg-Last  effs:18,428,000  asgs:(1579,noefs=0,fails=1408)  fails:251,692  wrgs:307,084  wck:82.6  ngds:18,964
    run705  dpts:2..52  robin:PickOnDom-Rand  effs:18,521,671  asgs:(2032,noefs=0,fails=1479)  fails:253,171  wrgs:308,920  wck:83.1  ngds:19,003
    run706  dpts:73..81  robin:WdegOnDom-First  effs:18,639,042  asgs:(1882,noefs=0,fails=1553)  fails:254,724  wrgs:310,698  wck:83.5  ngds:19,056
    run707  dpts:24..119  robin:FrbaOnDom-Last  effs:18,757,654  asgs:(2342,noefs=0,fails=1630)  fails:256,354  wrgs:312,842  wck:84.0  ngds:19,114
    run708  dpts:2..20  robin:Wdeg-Rand  effs:18,852,020  asgs:(1905,noefs=0,fails=1712)  fails:258,066  wrgs:314,724  wck:84.4  ngds:19,164
    run709  dpts:40..62  robin:PickOnDom-First  effs:19,042,289  asgs:(2457,noefs=0,fails=1798)  fails:259,864  wrgs:317,080  wck:85.3  ngds:19,204
    run710  dpts:27..34  robin:WdegOnDom-Last  effs:19,134,669  asgs:(2135,noefs=0,fails=1888)  fails:261,752  wrgs:319,162  wck:85.7  ngds:19,274
    run711  dpts:34..90  robin:FrbaOnDom-Rand  effs:19,305,741  asgs:(2678,noefs=2,fails=1982)  fails:263,734  wrgs:321,574  wck:86.4  ngds:19,280
    run712  dpts:3..19  robin:Wdeg-First  effs:19,448,333  asgs:(2409,noefs=0,fails=2081)  fails:265,815  wrgs:323,934  wck:87.0  ngds:19,399
    run713  dpts:14..67  robin:PickOnDom-Last  effs:19,629,934  asgs:(2836,noefs=0,fails=2185)  fails:268,000  wrgs:326,571  wck:87.7  ngds:19,438
    run714  dpts:35..41  robin:WdegOnDom-Rand  effs:19,819,455  asgs:(2664,noefs=0,fails=2294)  fails:270,294  wrgs:329,162  wck:88.5  ngds:19,484
    run715  dpts:40..95  robin:FrbaOnDom-First  effs:19,995,217  asgs:(3313,noefs=1,fails=2409)  fails:272,703  wrgs:332,175  wck:89.3  ngds:19,577
    run716  dpts:1..15  robin:Wdeg-Last  effs:20,101,656  asgs:(2797,noefs=0,fails=2530)  fails:275,233  wrgs:334,951  wck:89.8  ngds:19,633
    run717  dpts:7..68  robin:PickOnDom-Rand  effs:20,279,125  asgs:(3338,noefs=0,fails=2656)  fails:277,889  wrgs:338,074  wck:90.6  ngds:19,696
    run718  dpts:56..69  robin:WdegOnDom-First  effs:20,473,022  asgs:(3313,noefs=0,fails=2789)  fails:280,678  wrgs:341,288  wck:91.3  ngds:19,713
    run719  dpts:44..122  robin:FrbaOnDom-Last  effs:20,686,481  asgs:(4104,noefs=0,fails=2928)  fails:283,606  wrgs:344,939  wck:92.2  ngds:19,788
 ...resetting heuristics data (nValues:3,886 - nSingletons:186 - nEntailed:302)
    run720  dpts:30..37  robin:Wdeg-Rand  effs:20,876,142  asgs:(3439,noefs=0,fails=3075)  fails:286,681  wrgs:348,321  wck:93.0  ngds:19,842
 ...resetting restart cutoff to 45
    run721  dpts:49..58  robin:PickOnDom-First  effs:20,883,605  asgs:(121,noefs=0,fails=45)  fails:286,726  wrgs:348,384  wck:93.1  ngds:19,865
    run722  dpts:80..89  robin:WdegOnDom-Last  effs:20,889,893  asgs:(171,noefs=0,fails=47)  fails:286,773  wrgs:348,454  wck:93.1  ngds:19,891
    run723  dpts:64..74  robin:FrbaOnDom-Rand  effs:20,893,938  asgs:(123,noefs=2,fails=49)  fails:286,822  wrgs:348,511  wck:93.1  ngds:19,898
    run724  dpts:2..45  robin:Wdeg-First  effs:20,897,410  asgs:(105,noefs=0,fails=52)  fails:286,874  wrgs:348,574  wck:93.2  ngds:19,926
    run725  dpts:40..50  robin:PickOnDom-Last  effs:20,905,652  asgs:(114,noefs=0,fails=54)  fails:286,928  wrgs:348,642  wck:93.2  ngds:19,941
    run726  dpts:12..19  robin:WdegOnDom-Rand  effs:20,910,335  asgs:(82,noefs=0,fails=57)  fails:286,985  wrgs:348,708  wck:93.2  ngds:19,943
    run727  dpts:51..166  robin:FrbaOnDom-First  effs:20,919,962  asgs:(254,noefs=1,fails=60)  fails:287,045  wrgs:348,831  wck:93.3  ngds:19,948
    run728  dpts:2..11  robin:Wdeg-Last  effs:20,923,923  asgs:(80,noefs=0,fails=63)  fails:287,108  wrgs:348,904  wck:93.3  ngds:19,978
    run729  dpts:10..68  robin:PickOnDom-Rand  effs:20,932,278  asgs:(154,noefs=0,fails=66)  fails:287,174  wrgs:348,994  wck:93.4  ngds:20,004
    run730  dpts:22..75  robin:WdegOnDom-First  effs:20,939,478  asgs:(200,noefs=0,fails=69)  fails:287,243  wrgs:349,104  wck:93.4  ngds:20,011
    run731  dpts:63..137  robin:FrbaOnDom-Last  effs:20,945,465  asgs:(237,noefs=0,fails=73)  fails:287,316  wrgs:349,245  wck:93.5  ngds:20,017
    run732  dpts:5..6  robin:Wdeg-Rand  effs:20,950,141  asgs:(87,noefs=0,fails=76)  fails:287,392  wrgs:349,326  wck:93.5  ngds:20,035
    run733  dpts:135..145  robin:PickOnDom-First  effs:20,956,488  asgs:(227,noefs=0,fails=80)  fails:287,472  wrgs:349,418  wck:93.5  ngds:20,045
    run734  dpts:13..59  robin:WdegOnDom-Last  effs:20,962,114  asgs:(146,noefs=0,fails=84)  fails:287,556  wrgs:349,507  wck:93.5  ngds:20,065
    run735  dpts:8..81  robin:FrbaOnDom-Rand  effs:20,971,584  asgs:(277,noefs=1,fails=89)  fails:287,645  wrgs:349,664  wck:93.6  ngds:20,074
    run736  dpts:4..27  robin:Wdeg-First  effs:20,976,817  asgs:(135,noefs=0,fails=93)  fails:287,738  wrgs:349,771  wck:93.6  ngds:20,098
    run737  dpts:47..69  robin:PickOnDom-Last  effs:20,985,739  asgs:(230,noefs=0,fails=98)  fails:287,836  wrgs:349,928  wck:93.7  ngds:20,101
    run738  dpts:19..58  robin:WdegOnDom-Rand  effs:20,997,597  asgs:(234,noefs=0,fails=103)  fails:287,939  wrgs:350,086  wck:93.8  ngds:20,112
    run739  dpts:20..63  robin:FrbaOnDom-First  effs:21,005,228  asgs:(215,noefs=0,fails=108)  fails:288,047  wrgs:350,231  wck:93.8  ngds:20,130
    run740  dpts:4..19  robin:Wdeg-Last  effs:21,011,624  asgs:(137,noefs=0,fails=113)  fails:288,160  wrgs:350,350  wck:93.8  ngds:20,205
    run741  dpts:12..63  robin:PickOnDom-Rand  effs:21,024,154  asgs:(350,noefs=0,fails=119)  fails:288,279  wrgs:350,582  wck:93.9  ngds:20,213
    run742  dpts:62..87  robin:WdegOnDom-First  effs:21,031,489  asgs:(235,noefs=0,fails=125)  fails:288,404  wrgs:350,726  wck:94.0  ngds:20,218
    run743  dpts:92..166  robin:FrbaOnDom-Last  effs:21,041,170  asgs:(371,noefs=0,fails=131)  fails:288,535  wrgs:350,932  wck:94.0  ngds:20,234
    run744  dpts:5..7  robin:Wdeg-Rand  effs:21,049,047  asgs:(149,noefs=0,fails=138)  fails:288,673  wrgs:351,075  wck:94.1  ngds:20,267
    run745  dpts:58..72  robin:PickOnDom-First  effs:21,057,769  asgs:(218,noefs=0,fails=145)  fails:288,818  wrgs:351,229  wck:94.1  ngds:20,289
    run746  dpts:15..83  robin:WdegOnDom-Last  effs:21,069,129  asgs:(244,noefs=0,fails=152)  fails:288,970  wrgs:351,397  wck:94.2  ngds:20,323
    run747  dpts:15..72  robin:FrbaOnDom-Rand  effs:21,084,093  asgs:(323,noefs=1,fails=160)  fails:289,130  wrgs:351,653  wck:94.2  ngds:20,341
    run748  dpts:3..15  robin:Wdeg-First  effs:21,092,512  asgs:(194,noefs=0,fails=168)  fails:289,298  wrgs:351,834  wck:94.3  ngds:20,374
    run749  dpts:30..67  robin:PickOnDom-Last  effs:21,100,315  asgs:(321,noefs=0,fails=176)  fails:289,474  wrgs:352,068  wck:94.3  ngds:20,418
 ...resetting heuristics data (nValues:3,886 - nSingletons:186 - nEntailed:302)
    run750  dpts:25..38  robin:WdegOnDom-Rand  effs:21,114,722  asgs:(255,noefs=0,fails=185)  fails:289,659  wrgs:352,277  wck:94.4  ngds:20,436
    run751  dpts:22..136  robin:FrbaOnDom-First  effs:21,129,197  asgs:(518,noefs=0,fails=194)  fails:289,853  wrgs:352,639  wck:94.5  ngds:20,452
    run752  dpts:78..86  robin:Wdeg-Last  effs:21,141,223  asgs:(310,noefs=0,fails=204)  fails:290,057  wrgs:352,866  wck:94.6  ngds:20,455
    run753  dpts:39..50  robin:PickOnDom-Rand  effs:21,158,578  asgs:(332,noefs=0,fails=214)  fails:290,271  wrgs:353,130  wck:94.7  ngds:20,463
    run754  dpts:38..80  robin:WdegOnDom-First  effs:21,168,346  asgs:(336,noefs=0,fails=225)  fails:290,496  wrgs:353,384  wck:94.7  ngds:20,486
    run755  dpts:38..132  robin:FrbaOnDom-Last  effs:21,182,290  asgs:(558,noefs=0,fails=236)  fails:290,732  wrgs:353,713  wck:94.8  ngds:20,509
    run756  dpts:7..12  robin:Wdeg-Rand  effs:21,194,519  asgs:(263,noefs=0,fails=248)  fails:290,980  wrgs:353,968  wck:94.9  ngds:20,549
    run757  dpts:53..64  robin:PickOnDom-First  effs:21,215,991  asgs:(398,noefs=0,fails=260)  fails:291,240  wrgs:354,295  wck:95.0  ngds:20,570
    run758  dpts:41..49  robin:WdegOnDom-Last  effs:21,230,718  asgs:(346,noefs=0,fails=273)  fails:291,513  wrgs:354,596  wck:95.0  ngds:20,595
    run759  dpts:22..85  robin:FrbaOnDom-Rand  effs:21,259,999  asgs:(530,noefs=0,fails=287)  fails:291,800  wrgs:355,049  wck:95.1  ngds:20,615
    run760  dpts:1..47  robin:Wdeg-First  effs:21,273,253  asgs:(384,noefs=0,fails=301)  fails:292,101  wrgs:355,381  wck:95.2  ngds:20,640
    run761  dpts:6..63  robin:PickOnDom-Last  effs:21,297,793  asgs:(474,noefs=0,fails=316)  fails:292,417  wrgs:355,777  wck:95.3  ngds:20,712
    run762  dpts:15..48  robin:WdegOnDom-Rand  effs:21,324,024  asgs:(406,noefs=0,fails=332)  fails:292,749  wrgs:356,142  wck:95.4  ngds:20,718
    run763  dpts:29..53  robin:FrbaOnDom-First  effs:21,341,226  asgs:(422,noefs=0,fails=349)  fails:293,098  wrgs:356,523  wck:95.5  ngds:20,734
    run764  dpts:1..33  robin:Wdeg-Last  effs:21,357,504  asgs:(418,noefs=0,fails=366)  fails:293,464  wrgs:356,907  wck:95.6  ngds:20,831
    run765  dpts:54..62  robin:PickOnDom-Rand  effs:21,378,074  asgs:(494,noefs=0,fails=385)  fails:293,849  wrgs:357,338  wck:95.7  ngds:20,851
    run766  dpts:67..100  robin:WdegOnDom-First  effs:21,410,564  asgs:(681,noefs=0,fails=404)  fails:294,253  wrgs:357,856  wck:95.8  ngds:20,926
    run767  dpts:9..130  robin:FrbaOnDom-Last  effs:21,436,695  asgs:(635,noefs=0,fails=424)  fails:294,677  wrgs:358,394  wck:96.0  ngds:20,948
    run768  dpts:5..22  robin:Wdeg-Rand  effs:21,465,095  asgs:(495,noefs=0,fails=445)  fails:295,122  wrgs:358,866  wck:96.1  ngds:20,986
    run769  dpts:28..104  robin:PickOnDom-First  effs:21,502,839  asgs:(861,noefs=0,fails=468)  fails:295,590  wrgs:359,541  wck:96.3  ngds:20,998
    run770  dpts:17..74  robin:WdegOnDom-Last  effs:21,530,791  asgs:(614,noefs=0,fails=491)  fails:296,081  wrgs:360,084  wck:96.4  ngds:21,057
    run771  dpts:30..75  robin:FrbaOnDom-Rand  effs:21,568,804  asgs:(741,noefs=0,fails=516)  fails:296,597  wrgs:360,697  wck:96.5  ngds:21,095
    run772  dpts:11..15  robin:Wdeg-First  effs:21,601,439  asgs:(626,noefs=0,fails=541)  fails:297,138  wrgs:361,308  wck:96.7  ngds:21,121
    run773  dpts:3..81  robin:PickOnDom-Last  effs:21,645,231  asgs:(988,noefs=0,fails=568)  fails:297,706  wrgs:362,128  wck:96.9  ngds:21,132
    run774  dpts:32..53  robin:WdegOnDom-Rand  effs:21,696,601  asgs:(811,noefs=0,fails=597)  fails:298,303  wrgs:362,857  wck:97.1  ngds:21,179
    run775  dpts:7..86  robin:FrbaOnDom-First  effs:21,720,554  asgs:(750,noefs=0,fails=627)  fails:298,930  wrgs:363,521  wck:97.2  ngds:21,230
    run776  dpts:4..19  robin:Wdeg-Last  effs:21,756,273  asgs:(728,noefs=0,fails=658)  fails:299,588  wrgs:364,238  wck:97.3  ngds:21,286
    run777  dpts:3..29  robin:PickOnDom-Rand  effs:21,837,130  asgs:(937,noefs=0,fails=691)  fails:300,279  wrgs:365,105  wck:97.7  ngds:21,314
    run778  dpts:99..109  robin:WdegOnDom-First  effs:21,903,014  asgs:(945,noefs=0,fails=726)  fails:301,005  wrgs:365,939  wck:98.0  ngds:21,329
    run779  dpts:27..119  robin:FrbaOnDom-Last  effs:21,965,818  asgs:(1226,noefs=0,fails=762)  fails:301,767  wrgs:366,930  wck:98.2  ngds:21,355
 ...resetting heuristics data (nValues:3,886 - nSingletons:186 - nEntailed:302)
    run780  dpts:28..39  robin:Wdeg-Rand  effs:22,002,188  asgs:(888,noefs=0,fails=800)  fails:302,567  wrgs:367,778  wck:98.4  ngds:21,366
    run781  dpts:46..90  robin:PickOnDom-First  effs:22,079,466  asgs:(1197,noefs=0,fails=840)  fails:303,407  wrgs:368,851  wck:98.7  ngds:21,412
    run782  dpts:76..89  robin:WdegOnDom-Last  effs:22,131,235  asgs:(1189,noefs=0,fails=882)  fails:304,289  wrgs:369,869  wck:99.0  ngds:21,445
    run783  dpts:21..77  robin:FrbaOnDom-Rand  effs:22,194,328  asgs:(1095,noefs=0,fails=926)  fails:305,215  wrgs:370,878  wck:99.3  ngds:21,464
    run784  dpts:1..17  robin:Wdeg-First  effs:22,254,814  asgs:(1131,noefs=0,fails=973)  fails:306,188  wrgs:371,990  wck:99.5  ngds:21,525
    run785  dpts:59..84  robin:PickOnDom-Last  effs:22,373,035  asgs:(1567,noefs=0,fails=1021)  fails:307,209  wrgs:373,333  wck:100.0  ngds:21,561
    run786  dpts:6..44  robin:WdegOnDom-Rand  effs:22,435,904  asgs:(1195,noefs=0,fails=1072)  fails:308,281  wrgs:374,468  wck:100.3  ngds:21,618
    run787  dpts:56..150  robin:FrbaOnDom-First  effs:22,518,760  asgs:(1988,noefs=0,fails=1126)  fails:309,407  wrgs:376,034  wck:100.7  ngds:21,641
    run788  dpts:2..56  robin:Wdeg-Last  effs:22,574,007  asgs:(1345,noefs=0,fails=1182)  fails:310,589  wrgs:377,330  wck:101.0  ngds:21,684
    run789  dpts:10..65  robin:PickOnDom-Rand  effs:22,664,744  asgs:(1905,noefs=0,fails=1241)  fails:311,830  wrgs:378,992  wck:101.4  ngds:21,713
    run790  dpts:47..77  robin:WdegOnDom-First  effs:22,750,900  asgs:(1602,noefs=0,fails=1303)  fails:313,133  wrgs:380,472  wck:101.7  ngds:21,749
    run791  dpts:56..151  robin:FrbaOnDom-Last  effs:22,851,381  asgs:(2082,noefs=0,fails=1369)  fails:314,502  wrgs:382,229  wck:102.2  ngds:21,757
    run792  dpts:5..9  robin:Wdeg-Rand  effs:22,943,690  asgs:(1533,noefs=0,fails=1437)  fails:315,939  wrgs:383,753  wck:102.5  ngds:21,802
    run793  dpts:44..115  robin:PickOnDom-First  effs:23,028,646  asgs:(1797,noefs=0,fails=1509)  fails:317,448  wrgs:385,417  wck:102.8  ngds:21,842
    run794  dpts:37..81  robin:WdegOnDom-Last  effs:23,150,003  asgs:(2101,noefs=0,fails=1585)  fails:319,033  wrgs:387,355  wck:103.4  ngds:21,879
    run795  dpts:17..76  robin:FrbaOnDom-Rand  effs:23,303,802  asgs:(2418,noefs=0,fails=1664)  fails:320,697  wrgs:389,528  wck:104.1  ngds:21,971
    run796  dpts:1..26  robin:Wdeg-First  effs:23,405,282  asgs:(1987,noefs=0,fails=1747)  fails:322,444  wrgs:391,464  wck:104.5  ngds:22,041
    run797  dpts:26..86  robin:PickOnDom-Last  effs:23,575,528  asgs:(2887,noefs=0,fails=1834)  fails:324,278  wrgs:394,005  wck:105.2  ngds:22,074
    run798  dpts:36..59  robin:WdegOnDom-Rand  effs:23,685,575  asgs:(2218,noefs=0,fails=1926)  fails:326,204  wrgs:396,134  wck:105.7  ngds:22,117
    run799  dpts:33..99  robin:FrbaOnDom-First  effs:23,826,543  asgs:(2396,noefs=0,fails=2022)  fails:328,226  wrgs:398,402  wck:106.2  ngds:22,143
    run800  dpts:2..20  robin:Wdeg-Last  effs:23,959,619  asgs:(2314,noefs=0,fails=2124)  fails:330,350  wrgs:400,687  wck:106.8  ngds:22,267
    run801  dpts:40..69  robin:PickOnDom-Rand  effs:24,099,153  asgs:(2684,noefs=0,fails=2230)  fails:332,580  wrgs:403,248  wck:107.4  ngds:22,326
    run802  dpts:57..73  robin:WdegOnDom-First  effs:24,256,701  asgs:(2850,noefs=0,fails=2341)  fails:334,921  wrgs:405,943  wck:108.0  ngds:22,361
    run803  dpts:25..108  robin:FrbaOnDom-Last  effs:24,358,645  asgs:(2949,noefs=0,fails=2458)  fails:337,379  wrgs:408,714  wck:108.5  ngds:22,414
    run804  dpts:8..20  robin:Wdeg-Rand  effs:24,548,523  asgs:(2830,noefs=0,fails=2581)  fails:339,960  wrgs:411,510  wck:109.2  ngds:22,456
    run805  dpts:29..100  robin:PickOnDom-First  effs:24,754,558  asgs:(3712,noefs=0,fails=2710)  fails:342,670  wrgs:414,862  wck:110.1  ngds:22,528
    run806  dpts:14..46  robin:WdegOnDom-Last  effs:24,967,999  asgs:(3324,noefs=0,fails=2846)  fails:345,516  wrgs:418,111  wck:110.9  ngds:22,579
    run807  dpts:26..83  robin:FrbaOnDom-Rand  effs:25,200,465  asgs:(4153,noefs=1,fails=2988)  fails:348,504  wrgs:421,825  wck:112.0  ngds:22,610
    run808  dpts:9..13  robin:Wdeg-First  effs:25,362,301  asgs:(3483,noefs=0,fails=3138)  fails:351,642  wrgs:425,294  wck:112.6  ngds:22,730
    run809  dpts:3..123  robin:PickOnDom-Last  effs:25,529,732  asgs:(4180,noefs=0,fails=3295)  fails:354,937  wrgs:429,246  wck:113.3  ngds:22,829
 ...resetting heuristics data (nValues:3,886 - nSingletons:186 - nEntailed:302)
    run810  dpts:33..52  robin:WdegOnDom-Rand  effs:25,874,141  asgs:(4389,noefs=0,fails=3459)  fails:358,396  wrgs:433,419  wck:114.7  ngds:22,880
 ...resetting restart cutoff to 50
    run811  dpts:88..174  robin:FrbaOnDom-First  effs:25,881,705  asgs:(248,noefs=0,fails=50)  fails:358,446  wrgs:433,506  wck:114.8  ngds:22,886
    run812  dpts:75..82  robin:Wdeg-Last  effs:25,886,948  asgs:(148,noefs=0,fails=52)  fails:358,498  wrgs:433,569  wck:114.8  ngds:22,892
    run813  dpts:46..62  robin:PickOnDom-Rand  effs:25,893,568  asgs:(149,noefs=0,fails=55)  fails:358,553  wrgs:433,644  wck:114.9  ngds:22,912
    run814  dpts:54..57  robin:WdegOnDom-First  effs:25,897,883  asgs:(124,noefs=0,fails=57)  fails:358,610  wrgs:433,713  wck:114.9  ngds:22,917
    run815  dpts:9..114  robin:FrbaOnDom-Last  effs:25,903,957  asgs:(176,noefs=0,fails=60)  fails:358,670  wrgs:433,803  wck:114.9  ngds:22,922
    run816  dpts:1..40  robin:Wdeg-Rand  effs:25,907,765  asgs:(105,noefs=0,fails=63)  fails:358,733  wrgs:433,869  wck:114.9  ngds:22,940
    run817  dpts:40..55  robin:PickOnDom-First  effs:25,913,071  asgs:(134,noefs=0,fails=67)  fails:358,800  wrgs:433,956  wck:115.0  ngds:22,947
    run818  dpts:3..35  robin:WdegOnDom-Last  effs:25,918,133  asgs:(117,noefs=0,fails=70)  fails:358,870  wrgs:434,050  wck:115.0  ngds:22,978
    run819  dpts:15..81  robin:FrbaOnDom-Rand  effs:25,929,114  asgs:(211,noefs=0,fails=73)  fails:358,943  wrgs:434,190  wck:115.1  ngds:22,984
    run820  dpts:7..15  robin:Wdeg-First  effs:25,933,473  asgs:(107,noefs=0,fails=77)  fails:359,020  wrgs:434,283  wck:115.1  ngds:23,005
    run821  dpts:5..73  robin:PickOnDom-Last  effs:25,941,211  asgs:(301,noefs=0,fails=81)  fails:359,101  wrgs:434,473  wck:115.2  ngds:23,010
    run822  dpts:3..25  robin:WdegOnDom-Rand  effs:25,948,279  asgs:(121,noefs=0,fails=85)  fails:359,186  wrgs:434,577  wck:115.2  ngds:23,062
    run823  dpts:29..123  robin:FrbaOnDom-First  effs:25,956,820  asgs:(267,noefs=0,fails=89)  fails:359,275  wrgs:434,741  wck:115.2  ngds:23,065
    run824  dpts:5..13  robin:Wdeg-Last  effs:25,962,124  asgs:(109,noefs=0,fails=94)  fails:359,369  wrgs:434,840  wck:115.3  ngds:23,121
    run825  dpts:39..63  robin:PickOnDom-Rand  effs:25,975,681  asgs:(264,noefs=0,fails=98)  fails:359,467  wrgs:435,015  wck:115.3  ngds:23,125
    run826  dpts:52..55  robin:WdegOnDom-First  effs:25,981,543  asgs:(164,noefs=0,fails=103)  fails:359,570  wrgs:435,125  wck:115.4  ngds:23,146
    run827  dpts:20..66  robin:FrbaOnDom-Last  effs:25,989,598  asgs:(281,noefs=0,fails=109)  fails:359,679  wrgs:435,305  wck:115.4  ngds:23,152
    run828  dpts:8..10  robin:Wdeg-Rand  effs:25,997,540  asgs:(138,noefs=0,fails=114)  fails:359,793  wrgs:435,434  wck:115.5  ngds:23,178
    run829  dpts:68..80  robin:PickOnDom-First  effs:26,006,910  asgs:(216,noefs=0,fails=120)  fails:359,913  wrgs:435,581  wck:115.5  ngds:23,200
    run830  dpts:19..72  robin:WdegOnDom-Last  effs:26,020,830  asgs:(336,noefs=0,fails=126)  fails:360,039  wrgs:435,806  wck:115.6  ngds:23,212
    run831  dpts:22..75  robin:FrbaOnDom-Rand  effs:26,029,356  asgs:(240,noefs=0,fails=132)  fails:360,171  wrgs:435,975  wck:115.7  ngds:23,231
    run832  dpts:3..30  robin:Wdeg-First  effs:26,039,192  asgs:(211,noefs=0,fails=139)  fails:360,310  wrgs:436,147  wck:115.7  ngds:23,282
    run833  dpts:56..78  robin:PickOnDom-Last  effs:26,050,968  asgs:(252,noefs=0,fails=146)  fails:360,456  wrgs:436,331  wck:115.8  ngds:23,334
    run834  dpts:14..25  robin:WdegOnDom-Rand  effs:26,062,316  asgs:(228,noefs=0,fails=153)  fails:360,609  wrgs:436,541  wck:115.8  ngds:23,352
    run835  dpts:21..96  robin:FrbaOnDom-First  effs:26,072,243  asgs:(287,noefs=0,fails=161)  fails:360,770  wrgs:436,739  wck:115.9  ngds:23,362
    run836  dpts:1..15  robin:Wdeg-Last  effs:26,079,135  asgs:(197,noefs=0,fails=169)  fails:360,939  wrgs:436,921  wck:115.9  ngds:23,472
    run837  dpts:13..54  robin:PickOnDom-Rand  effs:26,094,019  asgs:(293,noefs=0,fails=177)  fails:361,116  wrgs:437,149  wck:116.0  ngds:23,501
    run838  dpts:45..73  robin:WdegOnDom-First  effs:26,105,765  asgs:(281,noefs=0,fails=186)  fails:361,302  wrgs:437,352  wck:116.1  ngds:23,546
    run839  dpts:13..120  robin:FrbaOnDom-Last  effs:26,124,621  asgs:(420,noefs=0,fails=196)  fails:361,498  wrgs:437,626  wck:116.2  ngds:23,556
 ...resetting heuristics data (nValues:3,886 - nSingletons:186 - nEntailed:302)
    run840  dpts:36..44  robin:Wdeg-Rand  effs:26,139,868  asgs:(269,noefs=0,fails=205)  fails:361,703  wrgs:437,854  wck:116.2  ngds:23,567
    run841  dpts:45..80  robin:PickOnDom-First  effs:26,159,867  asgs:(427,noefs=0,fails=216)  fails:361,919  wrgs:438,175  wck:116.3  ngds:23,573
    run842  dpts:78..92  robin:WdegOnDom-Last  effs:26,180,575  asgs:(416,noefs=0,fails=226)  fails:362,145  wrgs:438,456  wck:116.4  ngds:23,611
    run843  dpts:23..97  robin:FrbaOnDom-Rand  effs:26,202,372  asgs:(508,noefs=0,fails=238)  fails:362,383  wrgs:438,839  wck:116.6  ngds:23,623
    run844  dpts:2..49  robin:Wdeg-First  effs:26,219,673  asgs:(342,noefs=0,fails=250)  fails:362,633  wrgs:439,130  wck:116.6  ngds:23,645
    run845  dpts:42..51  robin:PickOnDom-Last  effs:26,286,273  asgs:(384,noefs=0,fails=262)  fails:362,895  wrgs:439,447  wck:116.9  ngds:23,663
    run846  dpts:27..39  robin:WdegOnDom-Rand  effs:26,306,094  asgs:(485,noefs=0,fails=275)  fails:363,170  wrgs:439,836  wck:117.1  ngds:23,668
    run847  dpts:20..129  robin:FrbaOnDom-First  effs:26,332,814  asgs:(731,noefs=0,fails=289)  fails:363,459  wrgs:440,359  wck:117.2  ngds:23,676
    run848  dpts:1..17  robin:Wdeg-Last  effs:26,347,619  asgs:(334,noefs=0,fails=304)  fails:363,763  wrgs:440,677  wck:117.3  ngds:23,757
    run849  dpts:17..72  robin:PickOnDom-Rand  effs:26,394,154  asgs:(506,noefs=0,fails=319)  fails:364,082  wrgs:441,093  wck:117.5  ngds:23,776
    run850  dpts:71..92  robin:WdegOnDom-First  effs:26,417,160  asgs:(458,noefs=0,fails=335)  fails:364,417  wrgs:441,458  wck:117.6  ngds:23,826
    run851  dpts:36..123  robin:FrbaOnDom-Last  effs:26,441,423  asgs:(577,noefs=0,fails=351)  fails:364,768  wrgs:441,910  wck:117.8  ngds:23,833
    run852  dpts:3..19  robin:Wdeg-Rand  effs:26,462,148  asgs:(418,noefs=0,fails=369)  fails:365,137  wrgs:442,310  wck:117.8  ngds:23,931
    run853  dpts:109..146  robin:PickOnDom-First  effs:26,491,288  asgs:(595,noefs=0,fails=388)  fails:365,525  wrgs:442,774  wck:118.0  ngds:23,984
    run854  dpts:41..51  robin:WdegOnDom-Last  effs:26,529,432  asgs:(574,noefs=0,fails=407)  fails:365,932  wrgs:443,276  wck:118.2  ngds:24,022
    run855  dpts:2..86  robin:FrbaOnDom-Rand  effs:26,554,536  asgs:(600,noefs=0,fails=427)  fails:366,359  wrgs:443,780  wck:118.3  ngds:24,073
    run856  dpts:6..15  robin:Wdeg-First  effs:26,588,382  asgs:(529,noefs=0,fails=449)  fails:366,808  wrgs:444,289  wck:118.4  ngds:24,118
    run857  dpts:86..137  robin:PickOnDom-Last  effs:26,614,264  asgs:(769,noefs=0,fails=471)  fails:367,279  wrgs:444,897  wck:118.6  ngds:24,131
    run858  dpts:20..60  robin:WdegOnDom-Rand  effs:26,646,866  asgs:(600,noefs=0,fails=495)  fails:367,774  wrgs:445,433  wck:118.7  ngds:24,205
    run859  dpts:4..99  robin:FrbaOnDom-First  effs:26,677,254  asgs:(696,noefs=0,fails=520)  fails:368,294  wrgs:446,036  wck:118.8  ngds:24,259
    run860  dpts:3..11  robin:Wdeg-Last  effs:26,710,297  asgs:(710,noefs=0,fails=546)  fails:368,840  wrgs:446,729  wck:119.0  ngds:24,267
    run861  dpts:41..65  robin:PickOnDom-Rand  effs:26,759,836  asgs:(996,noefs=0,fails=573)  fails:369,413  wrgs:447,530  wck:119.2  ngds:24,271
    run862  dpts:66..98  robin:WdegOnDom-First  effs:26,803,218  asgs:(817,noefs=0,fails=602)  fails:370,015  wrgs:448,255  wck:119.4  ngds:24,336
    run863  dpts:21..65  robin:FrbaOnDom-Last  effs:26,874,433  asgs:(935,noefs=0,fails=632)  fails:370,647  wrgs:449,050  wck:119.7  ngds:24,351
    run864  dpts:6..24  robin:Wdeg-Rand  effs:26,916,460  asgs:(759,noefs=0,fails=663)  fails:371,310  wrgs:449,780  wck:119.9  ngds:24,400
    run865  dpts:6..86  robin:PickOnDom-First  effs:26,952,970  asgs:(1044,noefs=0,fails=696)  fails:372,006  wrgs:450,661  wck:120.1  ngds:24,409
    run866  dpts:34..73  robin:WdegOnDom-Last  effs:26,983,000  asgs:(823,noefs=0,fails=731)  fails:372,737  wrgs:451,412  wck:120.2  ngds:24,457
    run867  dpts:50..84  robin:FrbaOnDom-Rand  effs:27,040,190  asgs:(979,noefs=0,fails=768)  fails:373,505  wrgs:452,294  wck:120.4  ngds:24,492
    run868  dpts:7..21  robin:Wdeg-First  effs:27,075,447  asgs:(888,noefs=0,fails=806)  fails:374,311  wrgs:453,161  wck:120.6  ngds:24,580
    run869  dpts:41..125  robin:PickOnDom-Last  effs:27,135,309  asgs:(1311,noefs=0,fails=847)  fails:375,158  wrgs:454,281  wck:120.9  ngds:24,634
 ...resetting heuristics data (nValues:3,886 - nSingletons:186 - nEntailed:302)
    run870  dpts:35..58  robin:WdegOnDom-Rand  effs:27,205,994  asgs:(1200,noefs=0,fails=889)  fails:376,047  wrgs:455,341  wck:121.2  ngds:24,684
    run871  dpts:56..125  robin:FrbaOnDom-First  effs:27,267,340  asgs:(1298,noefs=0,fails=933)  fails:376,980  wrgs:456,485  wck:121.5  ngds:24,748
    run872  dpts:73..85  robin:Wdeg-Last  effs:27,342,044  asgs:(1211,noefs=0,fails=980)  fails:377,960  wrgs:457,602  wck:121.8  ngds:24,765
    run873  dpts:29..53  robin:PickOnDom-Rand  effs:27,416,010  asgs:(1309,noefs=0,fails=1029)  fails:378,989  wrgs:458,806  wck:122.1  ngds:24,771
    run874  dpts:26..70  robin:WdegOnDom-First  effs:27,464,175  asgs:(1337,noefs=0,fails=1081)  fails:380,070  wrgs:460,038  wck:122.3  ngds:24,818
    run875  dpts:16..125  robin:FrbaOnDom-Last  effs:27,549,130  asgs:(1866,noefs=0,fails=1135)  fails:381,205  wrgs:461,637  wck:122.8  ngds:24,844
    run876  dpts:5..34  robin:Wdeg-Rand  effs:27,607,237  asgs:(1295,noefs=0,fails=1191)  fails:382,396  wrgs:462,902  wck:123.0  ngds:24,891
    run877  dpts:48..97  robin:PickOnDom-First  effs:27,671,236  asgs:(1779,noefs=0,fails=1251)  fails:383,647  wrgs:464,430  wck:123.4  ngds:24,912
    run878  dpts:7..60  robin:WdegOnDom-Last  effs:27,758,280  asgs:(1537,noefs=0,fails=1314)  fails:384,961  wrgs:465,889  wck:123.7  ngds:24,988
    run879  dpts:32..78  robin:FrbaOnDom-Rand  effs:27,838,038  asgs:(1831,noefs=0,fails=1379)  fails:386,340  wrgs:467,568  wck:124.1  ngds:24,997
    run880  dpts:5..20  robin:Wdeg-First  effs:27,916,073  asgs:(1548,noefs=0,fails=1448)  fails:387,788  wrgs:469,089  wck:124.3  ngds:25,146
    run881  dpts:19..82  robin:PickOnDom-Last  effs:28,002,490  asgs:(2534,noefs=0,fails=1521)  fails:389,309  wrgs:471,200  wck:124.8  ngds:25,154
    run882  dpts:37..56  robin:WdegOnDom-Rand  effs:28,104,474  asgs:(1846,noefs=0,fails=1597)  fails:390,906  wrgs:472,979  wck:125.2  ngds:25,222
    run883  dpts:86..158  robin:FrbaOnDom-First  effs:28,193,428  asgs:(2097,noefs=0,fails=1677)  fails:392,583  wrgs:474,887  wck:125.6  ngds:25,270
    run884  dpts:6..14  robin:Wdeg-Last  effs:28,300,063  asgs:(1979,noefs=0,fails=1761)  fails:394,344  wrgs:476,847  wck:125.9  ngds:25,320
    run885  dpts:6..63  robin:PickOnDom-Rand  effs:28,426,538  asgs:(2561,noefs=0,fails=1849)  fails:396,193  wrgs:479,160  wck:126.5  ngds:25,334
    run886  dpts:43..65  robin:WdegOnDom-First  effs:28,537,086  asgs:(2256,noefs=0,fails=1941)  fails:398,134  wrgs:481,320  wck:126.9  ngds:25,351
    run887  dpts:42..157  robin:FrbaOnDom-Last  effs:28,675,076  asgs:(2500,noefs=0,fails=2038)  fails:400,172  wrgs:483,737  wck:127.5  ngds:25,383
    run888  dpts:3..19  robin:Wdeg-Rand  effs:28,793,280  asgs:(2314,noefs=0,fails=2140)  fails:402,312  wrgs:486,026  wck:127.9  ngds:25,518
    run889  dpts:52..67  robin:PickOnDom-First  effs:28,911,459  asgs:(2760,noefs=0,fails=2247)  fails:404,559  wrgs:488,669  wck:128.3  ngds:25,533
    run890  dpts:81..91  robin:WdegOnDom-Last  effs:29,305,105  asgs:(3124,noefs=0,fails=2360)  fails:406,919  wrgs:491,539  wck:130.0  ngds:25,542
    run891  dpts:30..69  robin:FrbaOnDom-Rand  effs:29,428,641  asgs:(2973,noefs=1,fails=2478)  fails:409,397  wrgs:494,405  wck:130.5  ngds:25,638
    run892  dpts:1..18  robin:Wdeg-First  effs:29,593,204  asgs:(3055,noefs=0,fails=2601)  fails:411,998  wrgs:497,429  wck:131.1  ngds:25,734
    run893  dpts:10..82  robin:PickOnDom-Last  effs:29,817,625  asgs:(4369,noefs=0,fails=2732)  fails:414,730  wrgs:501,371  wck:132.1  ngds:25,775
    run894  dpts:33..46  robin:WdegOnDom-Rand  effs:30,053,548  asgs:(3429,noefs=0,fails=2868)  fails:417,598  wrgs:504,687  wck:133.1  ngds:25,866
    run895  dpts:39..106  robin:FrbaOnDom-First  effs:30,255,078  asgs:(4012,noefs=0,fails=3012)  fails:420,610  wrgs:508,312  wck:133.9  ngds:25,907
    run896  dpts:4..19  robin:Wdeg-Last  effs:30,482,295  asgs:(3567,noefs=0,fails=3162)  fails:423,772  wrgs:511,847  wck:134.8  ngds:25,979
    run897  dpts:13..75  robin:PickOnDom-Rand  effs:30,681,941  asgs:(3970,noefs=0,fails=3320)  fails:427,092  wrgs:515,649  wck:135.7  ngds:26,062
    run898  dpts:7..51  robin:WdegOnDom-First  effs:30,947,816  asgs:(4219,noefs=0,fails=3486)  fails:430,578  wrgs:519,793  wck:136.8  ngds:26,118
    run899  dpts:34..105  robin:FrbaOnDom-Last  effs:31,158,112  asgs:(4781,noefs=1,fails=3661)  fails:434,239  wrgs:524,211  wck:137.7  ngds:26,141
 ...resetting heuristics data (nValues:3,886 - nSingletons:186 - nEntailed:302)
    run900  dpts:29..41  robin:Wdeg-Rand  effs:31,407,990  asgs:(4310,noefs=0,fails=3844)  fails:438,083  wrgs:528,446  wck:138.7  ngds:26,174
 ...resetting restart cutoff to 55
    run901  dpts:49..72  robin:PickOnDom-First  effs:31,416,151  asgs:(197,noefs=0,fails=55)  fails:438,138  wrgs:528,558  wck:138.8  ngds:26,190
    run902  dpts:79..87  robin:WdegOnDom-Last  effs:31,423,638  asgs:(173,noefs=0,fails=57)  fails:438,195  wrgs:528,634  wck:138.8  ngds:26,208
    run903  dpts:17..63  robin:FrbaOnDom-Rand  effs:31,432,449  asgs:(176,noefs=0,fails=60)  fails:438,255  wrgs:528,754  wck:138.9  ngds:26,213
    run904  dpts:1..43  robin:Wdeg-First  effs:31,437,621  asgs:(113,noefs=0,fails=63)  fails:438,318  wrgs:528,824  wck:138.9  ngds:26,257
    run905  dpts:19..113  robin:PickOnDom-Last  effs:31,447,878  asgs:(256,noefs=0,fails=66)  fails:438,384  wrgs:528,948  wck:139.0  ngds:26,268
    run906  dpts:10..53  robin:WdegOnDom-Rand  effs:31,453,080  asgs:(134,noefs=0,fails=70)  fails:438,454  wrgs:529,029  wck:139.0  ngds:26,307
    run907  dpts:38..113  robin:FrbaOnDom-First  effs:31,457,465  asgs:(195,noefs=0,fails=73)  fails:438,527  wrgs:529,128  wck:139.0  ngds:26,356
    run908  dpts:1..23  robin:Wdeg-Last  effs:31,464,846  asgs:(109,noefs=0,fails=77)  fails:438,604  wrgs:529,212  wck:139.1  ngds:26,383
    run909  dpts:24..74  robin:PickOnDom-Rand  effs:31,472,072  asgs:(187,noefs=0,fails=81)  fails:438,685  wrgs:529,316  wck:139.1  ngds:26,405
    run910  dpts:70..74  robin:WdegOnDom-First  effs:31,477,474  asgs:(174,noefs=0,fails=85)  fails:438,770  wrgs:529,414  wck:139.1  ngds:26,420
    run911  dpts:50..174  robin:FrbaOnDom-Last  effs:31,486,737  asgs:(338,noefs=0,fails=89)  fails:438,859  wrgs:529,594  wck:139.2  ngds:26,427
    run912  dpts:2..28  robin:Wdeg-Rand  effs:31,493,547  asgs:(137,noefs=0,fails=94)  fails:438,953  wrgs:529,703  wck:139.2  ngds:26,453
    run913  dpts:44..135  robin:PickOnDom-First  effs:31,501,407  asgs:(243,noefs=0,fails=98)  fails:439,051  wrgs:529,827  wck:139.3  ngds:26,463
    run914  dpts:7..57  robin:WdegOnDom-Last  effs:31,508,949  asgs:(185,noefs=0,fails=103)  fails:439,154  wrgs:529,953  wck:139.3  ngds:26,487
    run915  dpts:7..51  robin:FrbaOnDom-Rand  effs:31,515,526  asgs:(174,noefs=0,fails=108)  fails:439,262  wrgs:530,084  wck:139.4  ngds:26,496
    run916  dpts:5..18  robin:Wdeg-First  effs:31,522,913  asgs:(141,noefs=0,fails=114)  fails:439,376  wrgs:530,207  wck:139.4  ngds:26,537
    run917  dpts:32..63  robin:PickOnDom-Last  effs:31,532,543  asgs:(216,noefs=0,fails=120)  fails:439,496  wrgs:530,359  wck:139.5  ngds:26,554
    run918  dpts:30..49  robin:WdegOnDom-Rand  effs:31,542,266  asgs:(200,noefs=0,fails=126)  fails:439,622  wrgs:530,511  wck:139.5  ngds:26,590
    run919  dpts:32..124  robin:FrbaOnDom-First  effs:31,554,959  asgs:(362,noefs=0,fails=132)  fails:439,754  wrgs:530,759  wck:139.6  ngds:26,598
    run920  dpts:5..20  robin:Wdeg-Last  effs:31,567,733  asgs:(178,noefs=0,fails=138)  fails:439,892  wrgs:530,918  wck:139.7  ngds:26,656
    run921  dpts:27..62  robin:PickOnDom-Rand  effs:31,575,500  asgs:(234,noefs=0,fails=145)  fails:440,037  wrgs:531,088  wck:139.7  ngds:26,687
    run922  dpts:85..93  robin:WdegOnDom-First  effs:31,600,637  asgs:(270,noefs=0,fails=153)  fails:440,190  wrgs:531,269  wck:139.8  ngds:26,705
    run923  dpts:10..133  robin:FrbaOnDom-Last  effs:31,619,699  asgs:(424,noefs=0,fails=160)  fails:440,350  wrgs:531,567  wck:139.9  ngds:26,726
    run924  dpts:2..6  robin:Wdeg-Rand  effs:31,629,589  asgs:(181,noefs=0,fails=168)  fails:440,518  wrgs:531,744  wck:139.9  ngds:26,737
    run925  dpts:46..58  robin:PickOnDom-First  effs:31,646,926  asgs:(278,noefs=0,fails=177)  fails:440,695  wrgs:531,957  wck:140.0  ngds:26,741
    run926  dpts:29..37  robin:WdegOnDom-Last  effs:31,661,929  asgs:(245,noefs=0,fails=186)  fails:440,881  wrgs:532,165  wck:140.1  ngds:26,796
    run927  dpts:11..66  robin:FrbaOnDom-Rand  effs:31,684,071  asgs:(385,noefs=0,fails=195)  fails:441,076  wrgs:532,470  wck:140.2  ngds:26,833
    run928  dpts:3..14  robin:Wdeg-First  effs:31,695,304  asgs:(238,noefs=0,fails=205)  fails:441,281  wrgs:532,694  wck:140.3  ngds:26,885
    run929  dpts:15..78  robin:PickOnDom-Last  effs:31,708,170  asgs:(379,noefs=0,fails=215)  fails:441,496  wrgs:532,977  wck:140.3  ngds:26,891
 ...resetting heuristics data (nValues:3,886 - nSingletons:186 - nEntailed:302)
    run930  dpts:47..62  robin:WdegOnDom-Rand  effs:31,728,506  asgs:(357,noefs=0,fails=226)  fails:441,722  wrgs:533,263  wck:140.4  ngds:26,904
    run931  dpts:24..162  robin:FrbaOnDom-First  effs:31,748,541  asgs:(460,noefs=0,fails=237)  fails:441,959  wrgs:533,562  wck:140.5  ngds:26,908
    run932  dpts:77..84  robin:Wdeg-Last  effs:31,762,161  asgs:(362,noefs=0,fails=249)  fails:442,208  wrgs:533,839  wck:140.6  ngds:26,951
    run933  dpts:38..68  robin:PickOnDom-Rand  effs:31,783,054  asgs:(407,noefs=0,fails=262)  fails:442,470  wrgs:534,159  wck:140.7  ngds:26,961
    run934  dpts:59..78  robin:WdegOnDom-First  effs:31,808,272  asgs:(589,noefs=0,fails=275)  fails:442,745  wrgs:534,574  wck:140.9  ngds:26,995
    run935  dpts:34..130  robin:FrbaOnDom-Last  effs:31,827,036  asgs:(645,noefs=0,fails=288)  fails:443,033  wrgs:535,007  wck:141.0  ngds:27,056
    run936  dpts:3..6  robin:Wdeg-Rand  effs:31,844,155  asgs:(324,noefs=0,fails=303)  fails:443,336  wrgs:535,326  wck:141.1  ngds:27,118
    run937  dpts:22..64  robin:PickOnDom-First  effs:31,863,513  asgs:(546,noefs=0,fails=318)  fails:443,654  wrgs:535,748  wck:141.2  ngds:27,167
    run938  dpts:41..76  robin:WdegOnDom-Last  effs:31,886,053  asgs:(512,noefs=0,fails=334)  fails:443,988  wrgs:536,169  wck:141.3  ngds:27,200
    run939  dpts:19..94  robin:FrbaOnDom-Rand  effs:31,920,737  asgs:(722,noefs=0,fails=351)  fails:444,339  wrgs:536,752  wck:141.5  ngds:27,233
    run940  dpts:4..50  robin:Wdeg-First  effs:31,936,934  asgs:(452,noefs=0,fails=368)  fails:444,707  wrgs:537,152  wck:141.6  ngds:27,267
    run941  dpts:17..35  robin:PickOnDom-Last  effs:31,964,724  asgs:(763,noefs=0,fails=387)  fails:445,094  wrgs:537,729  wck:141.8  ngds:27,299
    run942  dpts:14..41  robin:WdegOnDom-Rand  effs:31,994,560  asgs:(522,noefs=0,fails=406)  fails:445,500  wrgs:538,215  wck:141.9  ngds:27,312
    run943  dpts:37..104  robin:FrbaOnDom-First  effs:32,024,694  asgs:(779,noefs=0,fails=426)  fails:445,926  wrgs:538,851  wck:142.1  ngds:27,352
    run944  dpts:5..10  robin:Wdeg-Last  effs:32,055,131  asgs:(488,noefs=0,fails=448)  fails:446,374  wrgs:539,332  wck:142.2  ngds:27,368
    run945  dpts:9..70  robin:PickOnDom-Rand  effs:32,093,876  asgs:(643,noefs=0,fails=470)  fails:446,844  wrgs:539,898  wck:142.4  ngds:27,421
    run946  dpts:74..99  robin:WdegOnDom-First  effs:32,118,951  asgs:(658,noefs=0,fails=494)  fails:447,338  wrgs:540,442  wck:142.5  ngds:27,450
    run947  dpts:46..108  robin:FrbaOnDom-Last  effs:32,163,923  asgs:(900,noefs=0,fails=518)  fails:447,856  wrgs:541,140  wck:142.7  ngds:27,459
    run948  dpts:3..15  robin:Wdeg-Rand  effs:32,199,611  asgs:(604,noefs=0,fails=544)  fails:448,400  wrgs:541,730  wck:142.8  ngds:27,505
    run949  dpts:40..87  robin:PickOnDom-First  effs:32,250,952  asgs:(871,noefs=0,fails=572)  fails:448,972  wrgs:542,490  wck:143.1  ngds:27,536
    run950  dpts:15..52  robin:WdegOnDom-Last  effs:32,304,300  asgs:(772,noefs=0,fails=600)  fails:449,572  wrgs:543,190  wck:143.3  ngds:27,575
    run951  dpts:15..78  robin:FrbaOnDom-Rand  effs:32,355,867  asgs:(898,noefs=0,fails=630)  fails:450,202  wrgs:543,974  wck:143.5  ngds:27,590
    run952  dpts:3..20  robin:Wdeg-First  effs:32,388,196  asgs:(741,noefs=0,fails=662)  fails:450,864  wrgs:544,681  wck:143.7  ngds:27,683
    run953  dpts:28..43  robin:PickOnDom-Last  effs:32,434,380  asgs:(1031,noefs=0,fails=695)  fails:451,559  wrgs:545,580  wck:143.9  ngds:27,689
    run954  dpts:28..58  robin:WdegOnDom-Rand  effs:32,489,022  asgs:(857,noefs=0,fails=730)  fails:452,289  wrgs:546,404  wck:144.1  ngds:27,734
    run955  dpts:39..108  robin:FrbaOnDom-First  effs:32,544,493  asgs:(1315,noefs=0,fails=766)  fails:453,055  wrgs:547,532  wck:144.4  ngds:27,749
    run956  dpts:2..20  robin:Wdeg-Last  effs:32,609,241  asgs:(1015,noefs=0,fails=804)  fails:453,859  wrgs:548,531  wck:144.7  ngds:27,829
    run957  dpts:4..36  robin:PickOnDom-Rand  effs:32,660,784  asgs:(1145,noefs=0,fails=845)  fails:454,704  wrgs:549,575  wck:144.9  ngds:27,878
    run958  dpts:55..88  robin:WdegOnDom-First  effs:32,719,891  asgs:(1063,noefs=0,fails=887)  fails:455,591  wrgs:550,560  wck:145.2  ngds:27,918
    run959  dpts:10..110  robin:FrbaOnDom-Last  effs:32,777,622  asgs:(1279,noefs=0,fails=931)  fails:456,522  wrgs:551,657  wck:145.4  ngds:27,939
 ...resetting heuristics data (nValues:3,886 - nSingletons:186 - nEntailed:302)
    run960  dpts:37..43  robin:Wdeg-Rand  effs:32,851,624  asgs:(1169,noefs=0,fails=978)  fails:457,500  wrgs:552,770  wck:145.7  ngds:27,960
    run961  dpts:46..77  robin:PickOnDom-First  effs:32,932,744  asgs:(1412,noefs=0,fails=1027)  fails:458,527  wrgs:554,041  wck:146.1  ngds:27,975
    run962  dpts:76..89  robin:WdegOnDom-Last  effs:33,022,787  asgs:(1409,noefs=0,fails=1078)  fails:459,605  wrgs:555,303  wck:146.5  ngds:28,063
    run963  dpts:7..116  robin:FrbaOnDom-Rand  effs:33,133,480  asgs:(2276,noefs=0,fails=1132)  fails:460,737  wrgs:557,143  wck:147.1  ngds:28,074
    run964  dpts:6..51  robin:Wdeg-First  effs:33,189,464  asgs:(1323,noefs=0,fails=1189)  fails:461,926  wrgs:558,412  wck:147.4  ngds:28,165
    run965  dpts:39..59  robin:PickOnDom-Last  effs:33,367,415  asgs:(1652,noefs=0,fails=1248)  fails:463,174  wrgs:559,947  wck:148.2  ngds:28,195
    run966  dpts:20..47  robin:WdegOnDom-Rand  effs:33,459,881  asgs:(1700,noefs=0,fails=1311)  fails:464,485  wrgs:561,509  wck:148.6  ngds:28,238
    run967  dpts:59..100  robin:FrbaOnDom-First  effs:33,559,039  asgs:(2168,noefs=2,fails=1376)  fails:465,861  wrgs:563,339  wck:149.1  ngds:28,265
    run968  dpts:2..34  robin:Wdeg-Last  effs:33,657,973  asgs:(1612,noefs=0,fails=1445)  fails:467,306  wrgs:564,919  wck:149.5  ngds:28,314
    run969  dpts:33..64  robin:PickOnDom-Rand  effs:33,726,784  asgs:(1825,noefs=0,fails=1517)  fails:468,823  wrgs:566,614  wck:149.9  ngds:28,420
    run970  dpts:17..50  robin:WdegOnDom-First  effs:33,830,590  asgs:(1874,noefs=0,fails=1593)  fails:470,416  wrgs:568,407  wck:150.3  ngds:28,466
    run971  dpts:29..146  robin:FrbaOnDom-Last  effs:33,962,460  asgs:(2659,noefs=2,fails=1673)  fails:472,089  wrgs:570,731  wck:150.9  ngds:28,490
    run972  dpts:6..20  robin:Wdeg-Rand  effs:34,074,790  asgs:(1945,noefs=0,fails=1757)  fails:473,846  wrgs:572,649  wck:151.4  ngds:28,559
    run973  dpts:28..147  robin:PickOnDom-First  effs:34,251,058  asgs:(2535,noefs=0,fails=1844)  fails:475,690  wrgs:574,948  wck:152.1  ngds:28,589
    run974  dpts:28..45  robin:WdegOnDom-Last  effs:34,404,558  asgs:(2448,noefs=0,fails=1937)  fails:477,627  wrgs:577,262  wck:152.8  ngds:28,663
    run975  dpts:29..55  robin:FrbaOnDom-Rand  effs:34,552,467  asgs:(2717,noefs=2,fails=2034)  fails:479,661  wrgs:579,745  wck:153.5  ngds:28,695
    run976  dpts:6..12  robin:Wdeg-First  effs:34,701,691  asgs:(2550,noefs=0,fails=2135)  fails:481,796  wrgs:582,267  wck:154.0  ngds:28,716
    run977  dpts:31..94  robin:PickOnDom-Last  effs:34,882,367  asgs:(3176,noefs=0,fails=2242)  fails:484,038  wrgs:585,180  wck:154.9  ngds:28,769
    run978  dpts:29..45  robin:WdegOnDom-Rand  effs:35,036,029  asgs:(2636,noefs=0,fails=2354)  fails:486,392  wrgs:587,747  wck:155.5  ngds:28,855
    run979  dpts:58..103  robin:FrbaOnDom-First  effs:35,251,855  asgs:(3685,noefs=0,fails=2472)  fails:488,864  wrgs:590,844  wck:156.4  ngds:28,925
    run980  dpts:3..18  robin:Wdeg-Last  effs:35,385,158  asgs:(2923,noefs=0,fails=2596)  fails:491,460  wrgs:593,740  wck:157.0  ngds:29,017
    run981  dpts:4..63  robin:PickOnDom-Rand  effs:35,642,812  asgs:(3643,noefs=0,fails=2725)  fails:494,185  wrgs:597,147  wck:158.0  ngds:29,060
    run982  dpts:44..64  robin:WdegOnDom-First  effs:35,835,136  asgs:(3358,noefs=0,fails=2862)  fails:497,047  wrgs:600,394  wck:158.8  ngds:29,098
    run983  dpts:33..70  robin:FrbaOnDom-Last  effs:36,020,845  asgs:(3269,noefs=0,fails=3005)  fails:500,052  wrgs:603,590  wck:159.4  ngds:29,140
    run984  dpts:4..17  robin:Wdeg-Rand  effs:36,256,466  asgs:(3518,noefs=0,fails=3155)  fails:503,207  wrgs:607,077  wck:160.3  ngds:29,191
    run985  dpts:77..112  robin:PickOnDom-First  effs:36,483,108  asgs:(4252,noefs=0,fails=3313)  fails:506,520  wrgs:611,103  wck:161.2  ngds:29,233
    run986  dpts:47..88  robin:WdegOnDom-Last  effs:36,690,812  asgs:(4084,noefs=0,fails=3478)  fails:509,998  wrgs:615,051  wck:162.0  ngds:29,260
    run987  dpts:53..94  robin:FrbaOnDom-Rand  effs:36,978,479  asgs:(4904,noefs=3,fails=3652)  fails:513,650  wrgs:619,603  wck:163.2  ngds:29,351
    run988  dpts:7..17  robin:Wdeg-First  effs:37,289,698  asgs:(4358,noefs=0,fails=3835)  fails:517,485  wrgs:623,919  wck:164.4  ngds:29,417
    run989  dpts:44..85  robin:PickOnDom-Last  effs:38,047,215  asgs:(5448,noefs=0,fails=4027)  fails:521,512  wrgs:629,093  wck:167.6  ngds:29,433
 ...resetting heuristics data (nValues:3,886 - nSingletons:186 - nEntailed:302)
    run990  dpts:32..56  robin:WdegOnDom-Rand  effs:38,327,179  asgs:(5022,noefs=0,fails=4228)  fails:525,740  wrgs:633,919  wck:168.8  ngds:29,467
 ...resetting restart cutoff to 60
    run991  dpts:158..166  robin:FrbaOnDom-First  effs:38,332,972  asgs:(232,noefs=0,fails=60)  fails:525,800  wrgs:633,991  wck:168.8  ngds:29,478
    run992  dpts:75..83  robin:Wdeg-Last  effs:38,336,464  asgs:(150,noefs=0,fails=63)  fails:525,863  wrgs:634,058  wck:168.9  ngds:29,504
    run993  dpts:33..45  robin:PickOnDom-Rand  effs:38,342,667  asgs:(131,noefs=0,fails=66)  fails:525,929  wrgs:634,141  wck:168.9  ngds:29,536
    run994  dpts:58..62  robin:WdegOnDom-First  effs:38,348,240  asgs:(140,noefs=0,fails=69)  fails:525,998  wrgs:634,218  wck:168.9  ngds:29,570
    run995  dpts:47..129  robin:FrbaOnDom-Last  effs:38,354,546  asgs:(215,noefs=1,fails=72)  fails:526,070  wrgs:634,370  wck:169.0  ngds:29,574
    run996  dpts:1..47  robin:Wdeg-Rand  effs:38,359,229  asgs:(137,noefs=0,fails=76)  fails:526,146  wrgs:634,458  wck:169.0  ngds:29,610
    run997  dpts:36..48  robin:PickOnDom-First  effs:38,365,577  asgs:(158,noefs=0,fails=80)  fails:526,226  wrgs:634,566  wck:169.0  ngds:29,614
    run998  dpts:15..64  robin:WdegOnDom-Last  effs:38,374,682  asgs:(185,noefs=0,fails=84)  fails:526,310  wrgs:634,684  wck:169.1  ngds:29,627
    run999  dpts:14..87  robin:FrbaOnDom-Rand  effs:38,380,411  asgs:(213,noefs=0,fails=88)  fails:526,398  wrgs:634,803  wck:169.1  ngds:29,637
    run1,000  dpts:6..21  robin:Wdeg-First  effs:38,386,152  asgs:(135,noefs=0,fails=93)  fails:526,491  wrgs:634,916  wck:169.2  ngds:29,679
    run1,001  dpts:8..112  robin:PickOnDom-Last  effs:38,393,405  asgs:(244,noefs=0,fails=97)  fails:526,588  wrgs:635,043  wck:169.2  ngds:29,707
    run1,002  dpts:22..35  robin:WdegOnDom-Rand  effs:38,398,770  asgs:(143,noefs=0,fails=102)  fails:526,690  wrgs:635,150  wck:169.2  ngds:29,770
    run1,003  dpts:8..143  robin:FrbaOnDom-First  effs:38,407,989  asgs:(307,noefs=0,fails=107)  fails:526,797  wrgs:635,312  wck:169.3  ngds:29,787
    run1,004  dpts:3..16  robin:Wdeg-Last  effs:38,413,261  asgs:(143,noefs=0,fails=113)  fails:526,910  wrgs:635,439  wck:169.3  ngds:29,808
    run1,005  dpts:4..72  robin:PickOnDom-Rand  effs:38,427,414  asgs:(266,noefs=0,fails=118)  fails:527,028  wrgs:635,608  wck:169.4  ngds:29,848
    run1,006  dpts:62..87  robin:WdegOnDom-First  effs:38,434,033  asgs:(229,noefs=0,fails=124)  fails:527,152  wrgs:635,746  wck:169.5  ngds:29,878
    run1,007  dpts:18..44  robin:FrbaOnDom-Last  effs:38,441,954  asgs:(210,noefs=0,fails=130)  fails:527,282  wrgs:635,900  wck:169.5  ngds:29,921
    run1,008  dpts:9..12  robin:Wdeg-Rand  effs:38,447,501  asgs:(163,noefs=0,fails=137)  fails:527,419  wrgs:636,052  wck:169.5  ngds:30,001
    run1,009  dpts:77..86  robin:PickOnDom-First  effs:38,452,358  asgs:(230,noefs=0,fails=144)  fails:527,563  wrgs:636,200  wck:169.6  ngds:30,010
    run1,010  dpts:15..69  robin:WdegOnDom-Last  effs:38,461,730  asgs:(252,noefs=0,fails=151)  fails:527,714  wrgs:636,394  wck:169.6  ngds:30,024
    run1,011  dpts:7..99  robin:FrbaOnDom-Rand  effs:38,477,147  asgs:(353,noefs=0,fails=159)  fails:527,873  wrgs:636,659  wck:169.7  ngds:30,032
    run1,012  dpts:6..13  robin:Wdeg-First  effs:38,482,793  asgs:(193,noefs=0,fails=167)  fails:528,040  wrgs:636,840  wck:169.8  ngds:30,068
    run1,013  dpts:15..102  robin:PickOnDom-Last  effs:38,497,379  asgs:(340,noefs=0,fails=175)  fails:528,215  wrgs:637,070  wck:169.8  ngds:30,093
    run1,014  dpts:15..59  robin:WdegOnDom-Rand  effs:38,511,669  asgs:(286,noefs=0,fails=184)  fails:528,399  wrgs:637,290  wck:169.9  ngds:30,121
    run1,015  dpts:73..98  robin:FrbaOnDom-First  effs:38,528,235  asgs:(400,noefs=0,fails=193)  fails:528,592  wrgs:637,562  wck:170.0  ngds:30,148
    run1,016  dpts:5..9  robin:Wdeg-Last  effs:38,538,002  asgs:(264,noefs=0,fails=203)  fails:528,795  wrgs:637,819  wck:170.1  ngds:30,156
    run1,017  dpts:3..54  robin:PickOnDom-Rand  effs:38,551,738  asgs:(281,noefs=0,fails=213)  fails:529,008  wrgs:638,058  wck:170.1  ngds:30,162
    run1,018  dpts:62..65  robin:WdegOnDom-First  effs:38,566,853  asgs:(324,noefs=0,fails=224)  fails:529,232  wrgs:638,315  wck:170.2  ngds:30,189
    run1,019  dpts:39..129  robin:FrbaOnDom-Last  effs:38,583,989  asgs:(441,noefs=0,fails=235)  fails:529,467  wrgs:638,652  wck:170.3  ngds:30,207
 ...resetting heuristics data (nValues:3,886 - nSingletons:186 - nEntailed:302)
    run1,020  dpts:36..53  robin:Wdeg-Rand  effs:38,596,754  asgs:(314,noefs=0,fails=246)  fails:529,713  wrgs:638,911  wck:170.4  ngds:30,256
    run1,021  dpts:47..62  robin:PickOnDom-First  effs:38,614,221  asgs:(400,noefs=0,fails=259)  fails:529,972  wrgs:639,233  wck:170.5  ngds:30,285
    run1,022  dpts:74..83  robin:WdegOnDom-Last  effs:38,632,822  asgs:(401,noefs=0,fails=272)  fails:530,244  wrgs:639,540  wck:170.6  ngds:30,309
    run1,023  dpts:35..87  robin:FrbaOnDom-Rand  effs:38,662,873  asgs:(656,noefs=1,fails=285)  fails:530,529  wrgs:640,030  wck:170.7  ngds:30,312
    run1,024  dpts:3..29  robin:Wdeg-First  effs:38,686,101  asgs:(355,noefs=0,fails=300)  fails:530,829  wrgs:640,366  wck:170.8  ngds:30,357
    run1,025  dpts:36..55  robin:PickOnDom-Last  effs:38,738,324  asgs:(502,noefs=0,fails=315)  fails:531,144  wrgs:640,774  wck:171.1  ngds:30,382
    run1,026  dpts:16..51  robin:WdegOnDom-Rand  effs:38,754,462  asgs:(429,noefs=0,fails=330)  fails:531,474  wrgs:641,147  wck:171.2  ngds:30,435
    run1,027  dpts:46..117  robin:FrbaOnDom-First  effs:38,777,484  asgs:(628,noefs=0,fails=347)  fails:531,821  wrgs:641,644  wck:171.3  ngds:30,494
    run1,028  dpts:3..42  robin:Wdeg-Last  effs:38,799,725  asgs:(452,noefs=0,fails=364)  fails:532,185  wrgs:642,048  wck:171.4  ngds:30,564
    run1,029  dpts:20..50  robin:PickOnDom-Rand  effs:38,841,591  asgs:(625,noefs=0,fails=383)  fails:532,568  wrgs:642,588  wck:171.6  ngds:30,585
    run1,030  dpts:38..69  robin:WdegOnDom-First  effs:38,873,148  asgs:(546,noefs=0,fails=402)  fails:532,970  wrgs:643,071  wck:171.7  ngds:30,608
    run1,031  dpts:37..112  robin:FrbaOnDom-Last  effs:38,904,815  asgs:(857,noefs=0,fails=422)  fails:533,392  wrgs:643,739  wck:171.9  ngds:30,633
    run1,032  dpts:5..21  robin:Wdeg-Rand  effs:38,943,019  asgs:(542,noefs=0,fails=443)  fails:533,835  wrgs:644,259  wck:172.1  ngds:30,746
    run1,033  dpts:26..86  robin:PickOnDom-First  effs:39,013,217  asgs:(766,noefs=0,fails=465)  fails:534,300  wrgs:644,926  wck:172.5  ngds:30,755
    run1,034  dpts:16..63  robin:WdegOnDom-Last  effs:39,030,310  asgs:(584,noefs=0,fails=488)  fails:534,788  wrgs:645,441  wck:172.5  ngds:30,800
    run1,035  dpts:35..70  robin:FrbaOnDom-Rand  effs:39,075,076  asgs:(793,noefs=0,fails=513)  fails:535,301  wrgs:646,114  wck:172.7  ngds:30,825
    run1,036  dpts:6..18  robin:Wdeg-First  effs:39,108,363  asgs:(623,noefs=0,fails=539)  fails:535,840  wrgs:646,715  wck:172.9  ngds:30,862
    run1,037  dpts:72..120  robin:PickOnDom-Last  effs:39,140,591  asgs:(867,noefs=0,fails=566)  fails:536,406  wrgs:647,431  wck:173.1  ngds:30,901
    run1,038  dpts:27..66  robin:WdegOnDom-Rand  effs:39,193,108  asgs:(912,noefs=0,fails=594)  fails:537,000  wrgs:648,202  wck:173.3  ngds:30,921
    run1,039  dpts:68..114  robin:FrbaOnDom-First  effs:39,234,938  asgs:(951,noefs=0,fails=624)  fails:537,624  wrgs:648,969  wck:173.5  ngds:30,966
    run1,040  dpts:2..18  robin:Wdeg-Last  effs:39,265,396  asgs:(751,noefs=0,fails=655)  fails:538,279  wrgs:649,698  wck:173.7  ngds:31,050
    run1,041  dpts:26..65  robin:PickOnDom-Rand  effs:39,298,339  asgs:(1011,noefs=0,fails=688)  fails:538,967  wrgs:650,568  wck:174.0  ngds:31,056
    run1,042  dpts:49..69  robin:WdegOnDom-First  effs:39,340,195  asgs:(876,noefs=0,fails=722)  fails:539,689  wrgs:651,365  wck:174.1  ngds:31,114
    run1,043  dpts:22..122  robin:FrbaOnDom-Last  effs:39,398,091  asgs:(1141,noefs=0,fails=758)  fails:540,447  wrgs:652,350  wck:174.5  ngds:31,233
    run1,044  dpts:3..18  robin:Wdeg-Rand  effs:39,445,263  asgs:(879,noefs=0,fails=796)  fails:541,243  wrgs:653,210  wck:174.6  ngds:31,366
    run1,045  dpts:27..108  robin:PickOnDom-First  effs:39,498,079  asgs:(1115,noefs=0,fails=836)  fails:542,079  wrgs:654,162  wck:174.9  ngds:31,395
    run1,046  dpts:49..76  robin:WdegOnDom-Last  effs:39,607,047  asgs:(1095,noefs=0,fails=878)  fails:542,957  wrgs:655,169  wck:175.4  ngds:31,434
    run1,047  dpts:19..72  robin:FrbaOnDom-Rand  effs:39,695,631  asgs:(1255,noefs=0,fails=922)  fails:543,879  wrgs:656,314  wck:175.7  ngds:31,478
    run1,048  dpts:4..8  robin:Wdeg-First  effs:39,740,523  asgs:(1012,noefs=0,fails=968)  fails:544,847  wrgs:657,320  wck:176.0  ngds:31,541
    run1,049  dpts:29..128  robin:PickOnDom-Last  effs:39,811,770  asgs:(1472,noefs=0,fails=1016)  fails:545,863  wrgs:658,576  wck:176.3  ngds:31,559
 ...resetting heuristics data (nValues:3,886 - nSingletons:186 - nEntailed:302)
    run1,050  dpts:31..50  robin:WdegOnDom-Rand  effs:39,890,592  asgs:(1307,noefs=0,fails=1067)  fails:546,930  wrgs:659,810  wck:176.7  ngds:31,596
    run1,051  dpts:43..151  robin:FrbaOnDom-First  effs:39,960,994  asgs:(1783,noefs=0,fails=1120)  fails:548,050  wrgs:661,379  wck:177.0  ngds:31,636
    run1,052  dpts:72..85  robin:Wdeg-Last  effs:40,038,273  asgs:(1402,noefs=0,fails=1176)  fails:549,226  wrgs:662,676  wck:177.4  ngds:31,646
    run1,053  dpts:47..63  robin:PickOnDom-Rand  effs:40,103,104  asgs:(1379,noefs=0,fails=1235)  fails:550,461  wrgs:663,984  wck:177.7  ngds:31,713
    run1,054  dpts:38..51  robin:WdegOnDom-First  effs:40,204,958  asgs:(1609,noefs=0,fails=1297)  fails:551,758  wrgs:665,528  wck:178.1  ngds:31,735
    run1,055  dpts:14..130  robin:FrbaOnDom-Last  effs:40,277,659  asgs:(1889,noefs=0,fails=1362)  fails:553,120  wrgs:667,199  wck:178.4  ngds:31,816
    run1,056  dpts:3..31  robin:Wdeg-Rand  effs:40,367,189  asgs:(1564,noefs=0,fails=1430)  fails:554,550  wrgs:668,730  wck:178.8  ngds:31,842
    run1,057  dpts:38..100  robin:PickOnDom-First  effs:40,484,072  asgs:(2224,noefs=1,fails=1501)  fails:556,051  wrgs:670,684  wck:179.4  ngds:31,865
    run1,058  dpts:12..61  robin:WdegOnDom-Last  effs:40,591,243  asgs:(2079,noefs=0,fails=1577)  fails:557,628  wrgs:672,609  wck:179.9  ngds:31,897
    run1,059  dpts:38..93  robin:FrbaOnDom-Rand  effs:40,738,502  asgs:(2762,noefs=1,fails=1655)  fails:559,283  wrgs:674,907  wck:180.6  ngds:31,916
    run1,060  dpts:3..25  robin:Wdeg-First  effs:40,871,914  asgs:(2192,noefs=0,fails=1738)  fails:561,021  wrgs:677,065  wck:181.1  ngds:31,981
    run1,061  dpts:3..66  robin:PickOnDom-Last  effs:41,257,633  asgs:(2683,noefs=0,fails=1825)  fails:562,846  wrgs:679,428  wck:182.5  ngds:31,997
    run1,062  dpts:29..40  robin:WdegOnDom-Rand  effs:41,359,432  asgs:(2081,noefs=0,fails=1916)  fails:564,762  wrgs:681,467  wck:183.0  ngds:32,005
    run1,063  dpts:34..103  robin:FrbaOnDom-First  effs:41,563,984  asgs:(2738,noefs=1,fails=2012)  fails:566,774  wrgs:684,008  wck:184.0  ngds:32,024
    run1,064  dpts:5..12  robin:Wdeg-Last  effs:41,712,245  asgs:(2295,noefs=0,fails=2113)  fails:568,887  wrgs:686,290  wck:184.5  ngds:32,058
    run1,065  dpts:12..51  robin:PickOnDom-Rand  effs:41,904,097  asgs:(3280,noefs=0,fails=2219)  fails:571,106  wrgs:689,140  wck:185.3  ngds:32,094
    run1,066  dpts:36..62  robin:WdegOnDom-First  effs:42,093,694  asgs:(2945,noefs=0,fails=2329)  fails:573,435  wrgs:691,963  wck:186.1  ngds:32,148
    run1,067  dpts:23..144  robin:FrbaOnDom-Last  effs:42,276,099  asgs:(3651,noefs=0,fails=2446)  fails:575,881  wrgs:695,046  wck:187.0  ngds:32,168
    run1,068  dpts:6..22  robin:Wdeg-Rand  effs:42,418,135  asgs:(2731,noefs=0,fails=2568)  fails:578,449  wrgs:697,754  wck:187.6  ngds:32,196
    run1,069  dpts:77..113  robin:PickOnDom-First  effs:42,631,846  asgs:(4002,noefs=0,fails=2697)  fails:581,146  wrgs:701,494  wck:188.6  ngds:32,260
    run1,070  dpts:23..47  robin:WdegOnDom-Last  effs:42,781,342  asgs:(3135,noefs=0,fails=2832)  fails:583,978  wrgs:704,585  wck:189.1  ngds:32,298
    run1,071  dpts:26..93  robin:FrbaOnDom-Rand  effs:42,975,976  asgs:(4005,noefs=1,fails=2973)  fails:586,951  wrgs:708,215  wck:189.9  ngds:32,354
    run1,072  dpts:6..22  robin:Wdeg-First  effs:43,122,032  asgs:(3308,noefs=0,fails=3122)  fails:590,073  wrgs:711,495  wck:190.8  ngds:32,389
    run1,073  dpts:42..191  robin:PickOnDom-Last  effs:43,387,108  asgs:(5126,noefs=1,fails=3278)  fails:593,351  wrgs:715,997  wck:192.2  ngds:32,418
    run1,074  dpts:13..36  robin:WdegOnDom-Rand  effs:43,619,052  asgs:(4013,noefs=0,fails=3442)  fails:596,793  wrgs:719,897  wck:193.2  ngds:32,507
    run1,075  dpts:6..116  robin:FrbaOnDom-First  effs:43,875,887  asgs:(4569,noefs=0,fails=3614)  fails:600,407  wrgs:724,237  wck:194.4  ngds:32,569
    run1,076  dpts:6..19  robin:Wdeg-Last  effs:44,158,233  asgs:(4216,noefs=0,fails=3795)  fails:604,202  wrgs:728,420  wck:195.5  ngds:32,611
    run1,077  dpts:20..100  robin:PickOnDom-Rand  effs:44,469,583  asgs:(6351,noefs=0,fails=3985)  fails:608,187  wrgs:733,848  wck:197.0  ngds:32,625
    run1,078  dpts:50..77  robin:WdegOnDom-First  effs:44,818,504  asgs:(5076,noefs=0,fails=4184)  fails:612,371  wrgs:738,703  wck:198.5  ngds:32,698
    run1,079  dpts:46..98  robin:FrbaOnDom-Last  effs:45,091,032  asgs:(5577,noefs=3,fails=4393)  fails:616,764  wrgs:743,996  wck:199.6  ngds:32,709
 ...resetting heuristics data (nValues:3,886 - nSingletons:186 - nEntailed:302)
    run1,080  dpts:31..39  robin:Wdeg-Rand  effs:45,433,690  asgs:(5442,noefs=0,fails=4613)  fails:621,377  wrgs:749,348  wck:201.1  ngds:32,725
 ...resetting restart cutoff to 65
    run1,081  dpts:49..93  robin:PickOnDom-First  effs:45,441,167  asgs:(206,noefs=0,fails=65)  fails:621,442  wrgs:749,463  wck:201.1  ngds:32,733
    run1,082  dpts:75..88  robin:WdegOnDom-Last  effs:45,447,322  asgs:(185,noefs=0,fails=68)  fails:621,510  wrgs:749,545  wck:201.2  ngds:32,737
    run1,083  dpts:8..95  robin:FrbaOnDom-Rand  effs:45,453,111  asgs:(193,noefs=0,fails=71)  fails:621,581  wrgs:749,633  wck:201.2  ngds:32,750
    run1,084  dpts:7..36  robin:Wdeg-First  effs:45,457,909  asgs:(127,noefs=0,fails=75)  fails:621,656  wrgs:749,724  wck:201.3  ngds:32,772
    run1,085  dpts:27..32  robin:PickOnDom-Last  effs:45,460,875  asgs:(112,noefs=0,fails=79)  fails:621,735  wrgs:749,807  wck:201.3  ngds:32,785
    run1,086  dpts:20..27  robin:WdegOnDom-Rand  effs:45,466,269  asgs:(122,noefs=0,fails=82)  fails:621,817  wrgs:749,903  wck:201.3  ngds:32,806
    run1,087  dpts:103..150  robin:FrbaOnDom-First  effs:45,474,085  asgs:(253,noefs=0,fails=87)  fails:621,904  wrgs:750,016  wck:201.3  ngds:32,827
    run1,088  dpts:7..18  robin:Wdeg-Last  effs:45,479,667  asgs:(114,noefs=0,fails=91)  fails:621,995  wrgs:750,112  wck:201.4  ngds:32,893
    run1,089  dpts:13..71  robin:PickOnDom-Rand  effs:45,489,080  asgs:(262,noefs=0,fails=96)  fails:622,091  wrgs:750,276  wck:201.4  ngds:32,918
    run1,090  dpts:31..86  robin:WdegOnDom-First  effs:45,496,185  asgs:(215,noefs=0,fails=100)  fails:622,191  wrgs:750,397  wck:201.5  ngds:32,950
    run1,091  dpts:18..153  robin:FrbaOnDom-Last  effs:45,509,942  asgs:(355,noefs=0,fails=105)  fails:622,296  wrgs:750,608  wck:201.6  ngds:32,958
    run1,092  dpts:4..8  robin:Wdeg-Rand  effs:45,515,878  asgs:(122,noefs=0,fails=111)  fails:622,407  wrgs:750,723  wck:201.6  ngds:32,972
    run1,093  dpts:54..122  robin:PickOnDom-First  effs:45,528,753  asgs:(265,noefs=0,fails=116)  fails:622,523  wrgs:750,867  wck:201.7  ngds:32,982
    run1,094  dpts:22..57  robin:WdegOnDom-Last  effs:45,535,901  asgs:(185,noefs=0,fails=122)  fails:622,645  wrgs:750,995  wck:201.7  ngds:33,016
    run1,095  dpts:28..41  robin:FrbaOnDom-Rand  effs:45,540,602  asgs:(184,noefs=0,fails=128)  fails:622,773  wrgs:751,138  wck:201.7  ngds:33,038
    run1,096  dpts:7..28  robin:Wdeg-First  effs:45,553,560  asgs:(191,noefs=0,fails=135)  fails:622,908  wrgs:751,297  wck:201.8  ngds:33,092
    run1,097  dpts:93..105  robin:PickOnDom-Last  effs:45,577,655  asgs:(281,noefs=0,fails=141)  fails:623,049  wrgs:751,463  wck:201.9  ngds:33,116
    run1,098  dpts:5..53  robin:WdegOnDom-Rand  effs:45,592,281  asgs:(249,noefs=0,fails=148)  fails:623,197  wrgs:751,648  wck:202.0  ngds:33,124
    run1,099  dpts:18..92  robin:FrbaOnDom-First  effs:45,602,773  asgs:(305,noefs=0,fails=156)  fails:623,353  wrgs:751,851  wck:202.0  ngds:33,133
    run1,100  dpts:7..22  robin:Wdeg-Last  effs:45,613,474  asgs:(204,noefs=0,fails=164)  fails:623,517  wrgs:752,033  wck:202.1  ngds:33,182
    run1,101  dpts:20..46  robin:PickOnDom-Rand  effs:45,628,159  asgs:(269,noefs=0,fails=172)  fails:623,689  wrgs:752,241  wck:202.2  ngds:33,216
    run1,102  dpts:12..74  robin:WdegOnDom-First  effs:45,638,153  asgs:(280,noefs=0,fails=181)  fails:623,870  wrgs:752,455  wck:202.2  ngds:33,242
    run1,103  dpts:60..115  robin:FrbaOnDom-Last  effs:45,653,635  asgs:(397,noefs=0,fails=190)  fails:624,060  wrgs:752,712  wck:202.3  ngds:33,248
    run1,104  dpts:6..8  robin:Wdeg-Rand  effs:45,663,460  asgs:(217,noefs=0,fails=199)  fails:624,259  wrgs:752,922  wck:202.4  ngds:33,296
    run1,105  dpts:80..108  robin:PickOnDom-First  effs:45,683,448  asgs:(365,noefs=0,fails=209)  fails:624,468  wrgs:753,175  wck:202.5  ngds:33,313
    run1,106  dpts:63..73  robin:WdegOnDom-Last  effs:45,694,752  asgs:(327,noefs=0,fails=220)  fails:624,688  wrgs:753,431  wck:202.5  ngds:33,322
    run1,107  dpts:12..96  robin:FrbaOnDom-Rand  effs:45,716,762  asgs:(471,noefs=0,fails=231)  fails:624,919  wrgs:753,778  wck:202.7  ngds:33,355
    run1,108  dpts:3..20  robin:Wdeg-First  effs:45,729,535  asgs:(283,noefs=0,fails=242)  fails:625,161  wrgs:754,041  wck:202.7  ngds:33,423
    run1,109  dpts:77..87  robin:PickOnDom-Last  effs:45,755,248  asgs:(397,noefs=0,fails=254)  fails:625,415  wrgs:754,333  wck:202.9  ngds:33,443
 ...resetting heuristics data (nValues:3,886 - nSingletons:186 - nEntailed:302)
    run1,110  dpts:31..48  robin:WdegOnDom-Rand  effs:45,776,419  asgs:(404,noefs=0,fails=267)  fails:625,682  wrgs:754,665  wck:203.0  ngds:33,453
    run1,111  dpts:22..188  robin:FrbaOnDom-First  effs:45,816,734  asgs:(758,noefs=1,fails=280)  fails:625,962  wrgs:755,235  wck:203.2  ngds:33,462
    run1,112  dpts:73..80  robin:Wdeg-Last  effs:45,837,360  asgs:(411,noefs=0,fails=294)  fails:626,256  wrgs:755,563  wck:203.3  ngds:33,491
    run1,113  dpts:25..52  robin:PickOnDom-Rand  effs:45,864,028  asgs:(466,noefs=1,fails=309)  fails:626,565  wrgs:755,956  wck:203.4  ngds:33,511
    run1,114  dpts:14..71  robin:WdegOnDom-First  effs:45,884,703  asgs:(490,noefs=0,fails=325)  fails:626,890  wrgs:756,346  wck:203.5  ngds:33,552
    run1,115  dpts:34..129  robin:FrbaOnDom-Last  effs:45,903,979  asgs:(528,noefs=0,fails=341)  fails:627,231  wrgs:756,781  wck:203.6  ngds:33,574
    run1,116  dpts:6..9  robin:Wdeg-Rand  effs:45,926,743  asgs:(395,noefs=0,fails=358)  fails:627,589  wrgs:757,168  wck:203.7  ngds:33,599
    run1,117  dpts:67..83  robin:PickOnDom-First  effs:45,947,111  asgs:(551,noefs=0,fails=376)  fails:627,965  wrgs:757,627  wck:203.8  ngds:33,631
    run1,118  dpts:20..48  robin:WdegOnDom-Last  effs:45,968,443  asgs:(461,noefs=0,fails=395)  fails:628,360  wrgs:758,042  wck:203.9  ngds:33,658
    run1,119  dpts:11..90  robin:FrbaOnDom-Rand  effs:45,999,726  asgs:(597,noefs=0,fails=415)  fails:628,775  wrgs:758,551  wck:204.0  ngds:33,693
    run1,120  dpts:1..44  robin:Wdeg-First  effs:46,017,261  asgs:(526,noefs=0,fails=435)  fails:629,210  wrgs:759,028  wck:204.1  ngds:33,732
    run1,121  dpts:35..76  robin:PickOnDom-Last  effs:46,043,710  asgs:(672,noefs=0,fails=457)  fails:629,667  wrgs:759,582  wck:204.3  ngds:33,777
    run1,122  dpts:23..45  robin:WdegOnDom-Rand  effs:46,078,769  asgs:(598,noefs=0,fails=480)  fails:630,147  wrgs:760,131  wck:204.4  ngds:33,796
    run1,123  dpts:22..147  robin:FrbaOnDom-First  effs:46,124,464  asgs:(977,noefs=1,fails=504)  fails:630,651  wrgs:760,914  wck:204.7  ngds:33,807
    run1,124  dpts:3..22  robin:Wdeg-Last  effs:46,160,715  asgs:(672,noefs=0,fails=529)  fails:631,180  wrgs:761,563  wck:204.8  ngds:33,876
    run1,125  dpts:42..72  robin:PickOnDom-Rand  effs:46,198,929  asgs:(648,noefs=0,fails=556)  fails:631,736  wrgs:762,149  wck:205.0  ngds:33,933
    run1,126  dpts:67..76  robin:WdegOnDom-First  effs:46,250,481  asgs:(775,noefs=0,fails=584)  fails:632,320  wrgs:762,828  wck:205.2  ngds:34,027
    run1,127  dpts:16..88  robin:FrbaOnDom-Last  effs:46,309,275  asgs:(1036,noefs=0,fails=613)  fails:632,933  wrgs:763,660  wck:205.5  ngds:34,052
    run1,128  dpts:10..13  robin:Wdeg-Rand  effs:46,340,863  asgs:(680,noefs=0,fails=643)  fails:633,576  wrgs:764,326  wck:205.6  ngds:34,094
    run1,129  dpts:47..63  robin:PickOnDom-First  effs:46,418,335  asgs:(933,noefs=0,fails=676)  fails:634,252  wrgs:765,161  wck:205.9  ngds:34,105
    run1,130  dpts:46..72  robin:WdegOnDom-Last  effs:46,464,048  asgs:(935,noefs=0,fails=709)  fails:634,961  wrgs:766,025  wck:206.1  ngds:34,200
    run1,131  dpts:22..80  robin:FrbaOnDom-Rand  effs:46,540,761  asgs:(1315,noefs=0,fails=745)  fails:635,706  wrgs:767,152  wck:206.5  ngds:34,250
    run1,132  dpts:3..19  robin:Wdeg-First  effs:46,587,812  asgs:(850,noefs=0,fails=782)  fails:636,488  wrgs:767,984  wck:206.6  ngds:34,281
    run1,133  dpts:60..83  robin:PickOnDom-Last  effs:46,663,169  asgs:(1145,noefs=0,fails=821)  fails:637,309  wrgs:768,969  wck:207.0  ngds:34,308
    run1,134  dpts:30..36  robin:WdegOnDom-Rand  effs:46,712,584  asgs:(946,noefs=0,fails=862)  fails:638,171  wrgs:769,880  wck:207.1  ngds:34,323
    run1,135  dpts:18..83  robin:FrbaOnDom-First  effs:46,775,351  asgs:(1260,noefs=0,fails=906)  fails:639,077  wrgs:770,939  wck:207.4  ngds:34,369
    run1,136  dpts:4..10  robin:Wdeg-Last  effs:46,825,468  asgs:(1230,noefs=0,fails=951)  fails:640,028  wrgs:772,158  wck:207.7  ngds:34,466
    run1,137  dpts:21..40  robin:PickOnDom-Rand  effs:46,911,699  asgs:(1357,noefs=0,fails=998)  fails:641,026  wrgs:773,377  wck:208.0  ngds:34,495
    run1,138  dpts:31..55  robin:WdegOnDom-First  effs:47,013,084  asgs:(1368,noefs=0,fails=1048)  fails:642,074  wrgs:774,623  wck:208.5  ngds:34,568
    run1,139  dpts:10..74  robin:FrbaOnDom-Last  effs:47,102,936  asgs:(1700,noefs=0,fails=1101)  fails:643,175  wrgs:776,142  wck:208.9  ngds:34,587
 ...resetting heuristics data (nValues:3,886 - nSingletons:186 - nEntailed:302)
    run1,140  dpts:34..42  robin:Wdeg-Rand  effs:47,167,386  asgs:(1275,noefs=0,fails=1156)  fails:644,331  wrgs:777,375  wck:209.1  ngds:34,662
    run1,141  dpts:45..98  robin:PickOnDom-First  effs:47,282,803  asgs:(1908,noefs=0,fails=1214)  fails:645,545  wrgs:779,034  wck:209.7  ngds:34,694
    run1,142  dpts:71..88  robin:WdegOnDom-Last  effs:47,399,363  asgs:(1801,noefs=0,fails=1274)  fails:646,819  wrgs:780,647  wck:210.2  ngds:34,710
    run1,143  dpts:31..110  robin:FrbaOnDom-Rand  effs:47,559,454  asgs:(3535,noefs=2,fails=1338)  fails:648,157  wrgs:783,267  wck:211.1  ngds:34,720
    run1,144  dpts:5..47  robin:Wdeg-First  effs:47,644,761  asgs:(1680,noefs=0,fails=1405)  fails:649,562  wrgs:784,884  wck:211.5  ngds:34,778
    run1,145  dpts:30..64  robin:PickOnDom-Last  effs:47,737,783  asgs:(1733,noefs=0,fails=1475)  fails:651,037  wrgs:786,508  wck:211.9  ngds:34,829
    run1,146  dpts:26..56  robin:WdegOnDom-Rand  effs:47,827,566  asgs:(1816,noefs=0,fails=1549)  fails:652,586  wrgs:788,226  wck:212.4  ngds:34,859
    run1,147  dpts:45..113  robin:FrbaOnDom-First  effs:47,976,530  asgs:(2909,noefs=0,fails=1627)  fails:654,213  wrgs:790,493  wck:213.1  ngds:34,888
    run1,148  dpts:5..36  robin:Wdeg-Last  effs:48,060,967  asgs:(1895,noefs=0,fails=1708)  fails:655,921  wrgs:792,352  wck:213.5  ngds:34,991
    run1,149  dpts:2..48  robin:PickOnDom-Rand  effs:48,180,298  asgs:(2468,noefs=1,fails=1793)  fails:657,714  wrgs:794,553  wck:214.1  ngds:35,030
    run1,150  dpts:93..102  robin:WdegOnDom-First  effs:48,297,644  asgs:(2277,noefs=0,fails=1883)  fails:659,597  wrgs:796,693  wck:214.6  ngds:35,094
    run1,151  dpts:22..29  robin:FrbaOnDom-Last  effs:48,399,135  asgs:(2099,noefs=0,fails=1977)  fails:661,574  wrgs:798,765  wck:214.9  ngds:35,124
    run1,152  dpts:2..18  robin:Wdeg-Rand  effs:48,501,065  asgs:(2202,noefs=0,fails=2076)  fails:663,650  wrgs:800,949  wck:215.4  ngds:35,172
    run1,153  dpts:69..109  robin:PickOnDom-First  effs:48,659,338  asgs:(2960,noefs=0,fails=2180)  fails:665,830  wrgs:803,663  wck:216.0  ngds:35,220
    run1,154  dpts:23..57  robin:WdegOnDom-Last  effs:48,796,254  asgs:(2680,noefs=0,fails=2289)  fails:668,119  wrgs:806,257  wck:216.6  ngds:35,312
    run1,155  dpts:2..84  robin:FrbaOnDom-Rand  effs:48,961,937  asgs:(3004,noefs=0,fails=2403)  fails:670,522  wrgs:809,042  wck:217.3  ngds:35,342
    run1,156  dpts:5..14  robin:Wdeg-First  effs:49,118,748  asgs:(2693,noefs=0,fails=2524)  fails:673,046  wrgs:811,722  wck:218.1  ngds:35,374
    run1,157  dpts:12..79  robin:PickOnDom-Last  effs:49,258,677  asgs:(3518,noefs=0,fails=2650)  fails:675,696  wrgs:814,923  wck:218.9  ngds:35,475
    run1,158  dpts:14..53  robin:WdegOnDom-Rand  effs:49,440,622  asgs:(3290,noefs=0,fails=2782)  fails:678,478  wrgs:818,105  wck:219.7  ngds:35,517
    run1,159  dpts:45..133  robin:FrbaOnDom-First  effs:49,644,653  asgs:(4237,noefs=1,fails=2921)  fails:681,399  wrgs:821,863  wck:220.6  ngds:35,531
    run1,160  dpts:5..20  robin:Wdeg-Last  effs:49,860,211  asgs:(3432,noefs=0,fails=3068)  fails:684,467  wrgs:825,272  wck:221.4  ngds:35,684
    run1,161  dpts:11..64  robin:PickOnDom-Rand  effs:50,077,887  asgs:(4198,noefs=0,fails=3221)  fails:687,688  wrgs:829,156  wck:222.3  ngds:35,722
    run1,162  dpts:25..68  robin:WdegOnDom-First  effs:50,347,505  asgs:(3958,noefs=0,fails=3382)  fails:691,070  wrgs:832,939  wck:223.4  ngds:35,752
    run1,163  dpts:20..124  robin:FrbaOnDom-Last  effs:50,587,180  asgs:(4710,noefs=0,fails=3551)  fails:694,621  wrgs:837,280  wck:224.5  ngds:35,806
    run1,164  dpts:10..16  robin:Wdeg-Rand  effs:50,837,593  asgs:(4064,noefs=0,fails=3729)  fails:698,350  wrgs:841,309  wck:225.4  ngds:35,826
    run1,165  dpts:35..82  robin:PickOnDom-First  effs:51,091,394  asgs:(5275,noefs=0,fails=3915)  fails:702,265  wrgs:846,268  wck:226.5  ngds:35,873
    run1,166  dpts:35..62  robin:WdegOnDom-Last  effs:51,395,894  asgs:(4935,noefs=0,fails=4111)  fails:706,376  wrgs:851,033  wck:227.8  ngds:35,922
    run1,167  dpts:23..94  robin:FrbaOnDom-Rand  effs:51,601,386  asgs:(4895,noefs=0,fails=4317)  fails:710,693  wrgs:855,766  wck:228.7  ngds:36,027
    run1,168  dpts:9..20  robin:Wdeg-First  effs:51,931,476  asgs:(5148,noefs=0,fails=4532)  fails:715,225  wrgs:860,845  wck:230.1  ngds:36,096
    run1,169  dpts:48..112  robin:PickOnDom-Last  effs:52,223,050  asgs:(6026,noefs=0,fails=4759)  fails:719,984  wrgs:866,438  wck:231.5  ngds:36,155
 ...resetting heuristics data (nValues:3,886 - nSingletons:186 - nEntailed:302)
    run1,170  dpts:37..49  robin:WdegOnDom-Rand  effs:52,592,733  asgs:(6089,noefs=0,fails=4997)  fails:724,981  wrgs:872,310  wck:233.1  ngds:36,204
 ...resetting restart cutoff to 70
    run1,171  dpts:97..129  robin:FrbaOnDom-First  effs:52,597,341  asgs:(257,noefs=0,fails=70)  fails:725,051  wrgs:872,421  wck:233.1  ngds:36,214
    run1,172  dpts:79..86  robin:Wdeg-Last  effs:52,603,988  asgs:(171,noefs=0,fails=73)  fails:725,124  wrgs:872,508  wck:233.2  ngds:36,244
    run1,173  dpts:35..63  robin:PickOnDom-Rand  effs:52,609,850  asgs:(191,noefs=0,fails=77)  fails:725,201  wrgs:872,611  wck:233.2  ngds:36,274
    run1,174  dpts:44..87  robin:WdegOnDom-First  effs:52,621,238  asgs:(280,noefs=0,fails=81)  fails:725,282  wrgs:872,761  wck:233.3  ngds:36,278
    run1,175  dpts:103..167  robin:FrbaOnDom-Last  effs:52,630,091  asgs:(288,noefs=0,fails=85)  fails:725,367  wrgs:872,923  wck:233.4  ngds:36,291
    run1,176  dpts:2..4  robin:Wdeg-Rand  effs:52,634,945  asgs:(97,noefs=0,fails=89)  fails:725,456  wrgs:873,016  wck:233.4  ngds:36,312
    run1,177  dpts:77..95  robin:PickOnDom-First  effs:52,639,773  asgs:(216,noefs=0,fails=93)  fails:725,549  wrgs:873,138  wck:233.4  ngds:36,326
    run1,178  dpts:19..52  robin:WdegOnDom-Last  effs:52,650,431  asgs:(197,noefs=0,fails=98)  fails:725,647  wrgs:873,273  wck:233.5  ngds:36,335
    run1,179  dpts:3..75  robin:FrbaOnDom-Rand  effs:52,665,223  asgs:(275,noefs=0,fails=103)  fails:725,750  wrgs:873,480  wck:233.6  ngds:36,343
    run1,180  dpts:34..47  robin:Wdeg-First  effs:52,673,351  asgs:(208,noefs=0,fails=108)  fails:725,858  wrgs:873,624  wck:233.6  ngds:36,366
    run1,181  dpts:4..16  robin:PickOnDom-Last  effs:52,682,133  asgs:(158,noefs=0,fails=114)  fails:725,972  wrgs:873,762  wck:233.7  ngds:36,389
    run1,182  dpts:14..39  robin:WdegOnDom-Rand  effs:52,691,684  asgs:(186,noefs=0,fails=119)  fails:726,091  wrgs:873,909  wck:233.7  ngds:36,401
    run1,183  dpts:5..110  robin:FrbaOnDom-First  effs:52,707,711  asgs:(329,noefs=0,fails=125)  fails:726,216  wrgs:874,131  wck:233.8  ngds:36,408
    run1,184  dpts:3..22  robin:Wdeg-Last  effs:52,712,142  asgs:(162,noefs=0,fails=131)  fails:726,347  wrgs:874,272  wck:233.9  ngds:36,446
    run1,185  dpts:4..65  robin:PickOnDom-Rand  effs:52,720,214  asgs:(243,noefs=0,fails=138)  fails:726,485  wrgs:874,440  wck:233.9  ngds:36,466
    run1,186  dpts:51..79  robin:WdegOnDom-First  effs:52,727,225  asgs:(246,noefs=0,fails=145)  fails:726,630  wrgs:874,607  wck:234.0  ngds:36,496
    run1,187  dpts:16..135  robin:FrbaOnDom-Last  effs:52,743,682  asgs:(453,noefs=0,fails=152)  fails:726,782  wrgs:874,937  wck:234.1  ngds:36,501
    run1,188  dpts:14..18  robin:Wdeg-Rand  effs:52,754,768  asgs:(191,noefs=0,fails=160)  fails:726,942  wrgs:875,110  wck:234.1  ngds:36,516
    run1,189  dpts:16..98  robin:PickOnDom-First  effs:52,772,482  asgs:(361,noefs=0,fails=168)  fails:727,110  wrgs:875,361  wck:234.2  ngds:36,550
    run1,190  dpts:48..62  robin:WdegOnDom-Last  effs:52,785,082  asgs:(263,noefs=0,fails=176)  fails:727,286  wrgs:875,575  wck:234.3  ngds:36,592
    run1,191  dpts:18..71  robin:FrbaOnDom-Rand  effs:52,802,986  asgs:(316,noefs=0,fails=185)  fails:727,471  wrgs:875,815  wck:234.4  ngds:36,605
    run1,192  dpts:6..8  robin:Wdeg-First  effs:52,807,166  asgs:(246,noefs=0,fails=195)  fails:727,666  wrgs:876,054  wck:234.4  ngds:36,667
    run1,193  dpts:4..82  robin:PickOnDom-Last  effs:52,818,694  asgs:(327,noefs=0,fails=204)  fails:727,870  wrgs:876,299  wck:234.5  ngds:36,688
    run1,194  dpts:15..54  robin:WdegOnDom-Rand  effs:52,837,421  asgs:(322,noefs=0,fails=215)  fails:728,085  wrgs:876,561  wck:234.6  ngds:36,718
    run1,195  dpts:11..126  robin:FrbaOnDom-First  effs:52,857,728  asgs:(532,noefs=0,fails=225)  fails:728,310  wrgs:876,969  wck:234.7  ngds:36,730
    run1,196  dpts:6..14  robin:Wdeg-Last  effs:52,870,704  asgs:(274,noefs=0,fails=237)  fails:728,547  wrgs:877,233  wck:234.8  ngds:36,796
    run1,197  dpts:8..72  robin:PickOnDom-Rand  effs:52,882,282  asgs:(362,noefs=0,fails=248)  fails:728,795  wrgs:877,517  wck:234.8  ngds:36,812
    run1,198  dpts:59..77  robin:WdegOnDom-First  effs:52,898,510  asgs:(404,noefs=0,fails=261)  fails:729,056  wrgs:877,830  wck:234.9  ngds:36,847
    run1,199  dpts:18..63  robin:FrbaOnDom-Last  effs:52,922,057  asgs:(397,noefs=0,fails=274)  fails:729,330  wrgs:878,179  wck:235.0  ngds:36,852
 ...resetting heuristics data (nValues:3,886 - nSingletons:186 - nEntailed:302)
    run1,200  dpts:33..52  robin:Wdeg-Rand  effs:52,944,356  asgs:(372,noefs=0,fails=288)  fails:729,618  wrgs:878,499  wck:235.1  ngds:36,909
    run1,201  dpts:46..67  robin:PickOnDom-First  effs:52,969,390  asgs:(431,noefs=1,fails=302)  fails:729,920  wrgs:878,862  wck:235.3  ngds:36,948
    run1,202  dpts:75..83  robin:WdegOnDom-Last  effs:52,992,111  asgs:(464,noefs=0,fails=317)  fails:730,237  wrgs:879,235  wck:235.4  ngds:36,979
    run1,203  dpts:18..102  robin:FrbaOnDom-Rand  effs:53,034,480  asgs:(780,noefs=0,fails=333)  fails:730,570  wrgs:879,842  wck:235.6  ngds:36,988
    run1,204  dpts:2..39  robin:Wdeg-First  effs:53,057,697  asgs:(439,noefs=0,fails=350)  fails:730,920  wrgs:880,240  wck:235.7  ngds:37,051
    run1,205  dpts:56..69  robin:PickOnDom-Last  effs:53,118,437  asgs:(507,noefs=1,fails=367)  fails:731,287  wrgs:880,679  wck:236.0  ngds:37,077
    run1,206  dpts:28..40  robin:WdegOnDom-Rand  effs:53,142,233  asgs:(471,noefs=0,fails=386)  fails:731,673  wrgs:881,100  wck:236.1  ngds:37,118
    run1,207  dpts:44..138  robin:FrbaOnDom-First  effs:53,182,449  asgs:(674,noefs=0,fails=405)  fails:732,078  wrgs:881,639  wck:236.3  ngds:37,138
    run1,208  dpts:5..15  robin:Wdeg-Last  effs:53,213,913  asgs:(502,noefs=0,fails=425)  fails:732,503  wrgs:882,124  wck:236.4  ngds:37,237
    run1,209  dpts:26..64  robin:PickOnDom-Rand  effs:53,242,177  asgs:(650,noefs=0,fails=446)  fails:732,949  wrgs:882,671  wck:236.6  ngds:37,261
    run1,210  dpts:45..90  robin:WdegOnDom-First  effs:53,280,592  asgs:(693,noefs=0,fails=469)  fails:733,418  wrgs:883,236  wck:236.8  ngds:37,342
    run1,211  dpts:17..128  robin:FrbaOnDom-Last  effs:53,323,324  asgs:(889,noefs=0,fails=492)  fails:733,910  wrgs:883,973  wck:237.0  ngds:37,394
    run1,212  dpts:8..12  robin:Wdeg-Rand  effs:53,383,415  asgs:(558,noefs=0,fails=517)  fails:734,427  wrgs:884,523  wck:237.2  ngds:37,408
    run1,213  dpts:68..151  robin:PickOnDom-First  effs:53,470,761  asgs:(881,noefs=0,fails=543)  fails:734,970  wrgs:885,205  wck:237.6  ngds:37,424
    run1,214  dpts:30..67  robin:WdegOnDom-Last  effs:53,499,287  asgs:(689,noefs=0,fails=570)  fails:735,540  wrgs:885,827  wck:237.8  ngds:37,457
    run1,215  dpts:11..51  robin:FrbaOnDom-Rand  effs:53,526,130  asgs:(732,noefs=0,fails=599)  fails:736,139  wrgs:886,504  wck:237.9  ngds:37,481
    run1,216  dpts:4..21  robin:Wdeg-First  effs:53,562,453  asgs:(705,noefs=0,fails=628)  fails:736,767  wrgs:887,183  wck:238.1  ngds:37,509
    run1,217  dpts:64..129  robin:PickOnDom-Last  effs:53,656,591  asgs:(954,noefs=0,fails=660)  fails:737,427  wrgs:888,012  wck:238.5  ngds:37,521
    run1,218  dpts:21..38  robin:WdegOnDom-Rand  effs:53,716,379  asgs:(866,noefs=0,fails=693)  fails:738,120  wrgs:888,807  wck:238.7  ngds:37,549
    run1,219  dpts:14..116  robin:FrbaOnDom-First  effs:53,780,332  asgs:(1309,noefs=1,fails=728)  fails:738,848  wrgs:889,818  wck:239.1  ngds:37,600
    run1,220  dpts:7..18  robin:Wdeg-Last  effs:53,814,593  asgs:(873,noefs=0,fails=764)  fails:739,612  wrgs:890,671  wck:239.3  ngds:37,694
    run1,221  dpts:34..54  robin:PickOnDom-Rand  effs:53,892,194  asgs:(1114,noefs=0,fails=802)  fails:740,414  wrgs:891,676  wck:239.6  ngds:37,768
    run1,222  dpts:37..59  robin:WdegOnDom-First  effs:53,951,296  asgs:(1010,noefs=0,fails=842)  fails:741,256  wrgs:892,619  wck:239.9  ngds:37,799
    run1,223  dpts:42..107  robin:FrbaOnDom-Last  effs:54,012,314  asgs:(1201,noefs=0,fails=884)  fails:742,140  wrgs:893,691  wck:240.1  ngds:37,885
    run1,224  dpts:3..18  robin:Wdeg-Rand  effs:54,091,213  asgs:(1044,noefs=0,fails=929)  fails:743,069  wrgs:894,717  wck:240.4  ngds:37,951
    run1,225  dpts:38..79  robin:PickOnDom-First  effs:54,136,884  asgs:(1203,noefs=0,fails=975)  fails:744,044  wrgs:895,841  wck:240.6  ngds:38,021
    run1,226  dpts:6..59  robin:WdegOnDom-Last  effs:54,208,174  asgs:(1269,noefs=0,fails=1024)  fails:745,068  wrgs:897,018  wck:241.0  ngds:38,049
    run1,227  dpts:18..87  robin:FrbaOnDom-Rand  effs:54,305,719  asgs:(1620,noefs=1,fails=1075)  fails:746,143  wrgs:898,434  wck:241.4  ngds:38,059
    run1,228  dpts:4..10  robin:Wdeg-First  effs:54,353,063  asgs:(1314,noefs=0,fails=1129)  fails:747,272  wrgs:899,735  wck:241.7  ngds:38,171
    run1,229  dpts:43..66  robin:PickOnDom-Last  effs:54,464,950  asgs:(1779,noefs=0,fails=1185)  fails:748,457  wrgs:901,290  wck:242.2  ngds:38,214
 ...resetting heuristics data (nValues:3,886 - nSingletons:186 - nEntailed:302)
    run1,230  dpts:42..58  robin:WdegOnDom-Rand  effs:54,539,603  asgs:(1532,noefs=0,fails=1245)  fails:749,702  wrgs:902,704  wck:242.5  ngds:38,261
    run1,231  dpts:82..142  robin:FrbaOnDom-First  effs:54,632,417  asgs:(1718,noefs=0,fails=1307)  fails:751,009  wrgs:904,252  wck:243.0  ngds:38,286
    run1,232  dpts:71..85  robin:Wdeg-Last  effs:54,737,874  asgs:(1662,noefs=0,fails=1372)  fails:752,381  wrgs:905,826  wck:243.4  ngds:38,321
    run1,233  dpts:34..63  robin:PickOnDom-Rand  effs:54,851,078  asgs:(1907,noefs=0,fails=1441)  fails:753,822  wrgs:907,576  wck:244.0  ngds:38,362
    run1,234  dpts:23..71  robin:WdegOnDom-First  effs:54,978,240  asgs:(2344,noefs=0,fails=1513)  fails:755,335  wrgs:909,618  wck:244.7  ngds:38,390
    run1,235  dpts:26..141  robin:FrbaOnDom-Last  effs:55,084,848  asgs:(2486,noefs=0,fails=1589)  fails:756,924  wrgs:911,827  wck:245.2  ngds:38,394
    run1,236  dpts:5..8  robin:Wdeg-Rand  effs:55,205,800  asgs:(1811,noefs=0,fails=1668)  fails:758,592  wrgs:913,628  wck:245.6  ngds:38,430
    run1,237  dpts:25..83  robin:PickOnDom-First  effs:55,308,129  asgs:(2234,noefs=0,fails=1752)  fails:760,344  wrgs:915,672  wck:246.0  ngds:38,470
    run1,238  dpts:23..66  robin:WdegOnDom-Last  effs:55,488,273  asgs:(2263,noefs=0,fails=1839)  fails:762,183  wrgs:917,826  wck:246.8  ngds:38,631
    run1,239  dpts:15..87  robin:FrbaOnDom-Rand  effs:55,623,379  asgs:(2940,noefs=1,fails=1931)  fails:764,114  wrgs:920,402  wck:247.5  ngds:38,660
    run1,240  dpts:5..46  robin:Wdeg-First  effs:55,746,367  asgs:(2419,noefs=0,fails=2028)  fails:766,142  wrgs:922,739  wck:248.1  ngds:38,720
    run1,241  dpts:9..84  robin:PickOnDom-Last  effs:55,875,914  asgs:(2988,noefs=0,fails=2129)  fails:768,271  wrgs:925,388  wck:248.8  ngds:38,809
    run1,242  dpts:12..39  robin:WdegOnDom-Rand  effs:56,044,797  asgs:(2620,noefs=0,fails=2236)  fails:770,507  wrgs:927,920  wck:249.5  ngds:38,841
    run1,243  dpts:58..118  robin:FrbaOnDom-First  effs:56,194,777  asgs:(2836,noefs=0,fails=2348)  fails:772,855  wrgs:930,549  wck:250.3  ngds:38,850
    run1,244  dpts:3..19  robin:Wdeg-Last  effs:56,342,307  asgs:(2784,noefs=0,fails=2465)  fails:775,320  wrgs:933,295  wck:250.9  ngds:38,927
    run1,245  dpts:27..53  robin:PickOnDom-Rand  effs:56,438,792  asgs:(2773,noefs=0,fails=2588)  fails:777,908  wrgs:936,004  wck:251.4  ngds:39,029
    run1,246  dpts:54..99  robin:WdegOnDom-First  effs:56,609,051  asgs:(3279,noefs=0,fails=2718)  fails:780,626  wrgs:939,150  wck:252.1  ngds:39,052
    run1,247  dpts:29..90  robin:FrbaOnDom-Last  effs:56,821,680  asgs:(3576,noefs=1,fails=2854)  fails:783,480  wrgs:942,541  wck:253.0  ngds:39,064
    run1,248  dpts:2..16  robin:Wdeg-Rand  effs:56,937,299  asgs:(3187,noefs=0,fails=2996)  fails:786,476  wrgs:945,709  wck:253.5  ngds:39,157
    run1,249  dpts:73..116  robin:PickOnDom-First  effs:57,259,652  asgs:(4167,noefs=0,fails=3146)  fails:789,622  wrgs:949,580  wck:254.9  ngds:39,184
    run1,250  dpts:16..46  robin:WdegOnDom-Last  effs:57,471,650  asgs:(3807,noefs=0,fails=3304)  fails:792,926  wrgs:953,290  wck:255.8  ngds:39,284
    run1,251  dpts:5..75  robin:FrbaOnDom-Rand  effs:57,707,807  asgs:(4415,noefs=0,fails=3469)  fails:796,395  wrgs:957,386  wck:256.8  ngds:39,406
    run1,252  dpts:2..14  robin:Wdeg-First  effs:57,895,043  asgs:(3939,noefs=0,fails=3642)  fails:800,037  wrgs:961,306  wck:257.8  ngds:39,511
    run1,253  dpts:60..127  robin:PickOnDom-Last  effs:58,125,273  asgs:(5205,noefs=0,fails=3824)  fails:803,861  wrgs:966,093  wck:258.9  ngds:39,564
    run1,254  dpts:14..49  robin:WdegOnDom-Rand  effs:58,276,454  asgs:(4343,noefs=0,fails=4016)  fails:807,877  wrgs:970,381  wck:259.5  ngds:39,665
    run1,255  dpts:21..118  robin:FrbaOnDom-First  effs:58,604,517  asgs:(5993,noefs=0,fails=4216)  fails:812,093  wrgs:975,750  wck:261.0  ngds:39,714
    run1,256  dpts:2..22  robin:Wdeg-Last  effs:58,874,278  asgs:(4862,noefs=0,fails=4427)  fails:816,520  wrgs:980,572  wck:262.1  ngds:39,868
    run1,257  dpts:22..65  robin:PickOnDom-Rand  effs:59,177,017  asgs:(6218,noefs=0,fails=4649)  fails:821,169  wrgs:986,282  wck:263.8  ngds:39,889
    run1,258  dpts:28..45  robin:WdegOnDom-First  effs:59,464,285  asgs:(5515,noefs=0,fails=4881)  fails:826,050  wrgs:991,664  wck:264.9  ngds:39,927
    run1,259  dpts:40..69  robin:FrbaOnDom-Last  effs:59,899,887  asgs:(6334,noefs=0,fails=5125)  fails:831,175  wrgs:997,701  wck:266.7  ngds:39,953
 ...resetting heuristics data (nValues:3,886 - nSingletons:186 - nEntailed:302)
    run1,260  dpts:27..37  robin:Wdeg-Rand  effs:60,322,441  asgs:(6251,noefs=0,fails=5382)  fails:836,557  wrgs:1,003,836  wck:268.6  ngds:39,977
 ...resetting restart cutoff to 75
    run1,261  dpts:46..73  robin:PickOnDom-First  effs:60,330,039  asgs:(184,noefs=0,fails=75)  fails:836,632  wrgs:1,003,949  wck:268.6  ngds:39,981
    run1,262  dpts:71..86  robin:WdegOnDom-Last  effs:60,340,077  asgs:(199,noefs=0,fails=78)  fails:836,710  wrgs:1,004,046  wck:268.7  ngds:39,990
    run1,263  dpts:49..82  robin:FrbaOnDom-Rand  effs:60,349,653  asgs:(240,noefs=0,fails=82)  fails:836,792  wrgs:1,004,191  wck:268.8  ngds:39,996
    run1,264  dpts:1..36  robin:Wdeg-First  effs:60,356,499  asgs:(141,noefs=0,fails=86)  fails:836,878  wrgs:1,004,294  wck:268.8  ngds:40,022
    run1,265  dpts:13..44  robin:PickOnDom-Last  effs:60,362,257  asgs:(243,noefs=0,fails=91)  fails:836,969  wrgs:1,004,458  wck:268.9  ngds:40,029
    run1,266  dpts:27..39  robin:WdegOnDom-Rand  effs:60,371,641  asgs:(182,noefs=0,fails=95)  fails:837,064  wrgs:1,004,588  wck:268.9  ngds:40,044
    run1,267  dpts:76..148  robin:FrbaOnDom-First  effs:60,381,457  asgs:(307,noefs=0,fails=100)  fails:837,164  wrgs:1,004,786  wck:269.0  ngds:40,046
    run1,268  dpts:1..28  robin:Wdeg-Last  effs:60,388,267  asgs:(140,noefs=0,fails=105)  fails:837,269  wrgs:1,004,902  wck:269.0  ngds:40,081
    run1,269  dpts:4..67  robin:PickOnDom-Rand  effs:60,397,563  asgs:(236,noefs=0,fails=110)  fails:837,379  wrgs:1,005,051  wck:269.1  ngds:40,091
    run1,270  dpts:49..66  robin:WdegOnDom-First  effs:60,414,342  asgs:(326,noefs=0,fails=116)  fails:837,495  wrgs:1,005,260  wck:269.2  ngds:40,106
    run1,271  dpts:7..185  robin:FrbaOnDom-Last  effs:60,425,285  asgs:(404,noefs=0,fails=122)  fails:837,617  wrgs:1,005,502  wck:269.3  ngds:40,140
    run1,272  dpts:5..9  robin:Wdeg-Rand  effs:60,433,291  asgs:(141,noefs=0,fails=128)  fails:837,745  wrgs:1,005,638  wck:269.3  ngds:40,158
    run1,273  dpts:78..90  robin:PickOnDom-First  effs:60,445,422  asgs:(250,noefs=0,fails=134)  fails:837,879  wrgs:1,005,805  wck:269.4  ngds:40,171
    run1,274  dpts:55..62  robin:WdegOnDom-Last  effs:60,453,742  asgs:(229,noefs=0,fails=141)  fails:838,020  wrgs:1,005,968  wck:269.4  ngds:40,211
    run1,275  dpts:26..103  robin:FrbaOnDom-Rand  effs:60,468,137  asgs:(354,noefs=0,fails=148)  fails:838,168  wrgs:1,006,219  wck:269.5  ngds:40,227
    run1,276  dpts:12..20  robin:Wdeg-First  effs:60,479,140  asgs:(211,noefs=0,fails=155)  fails:838,323  wrgs:1,006,405  wck:269.6  ngds:40,270
    run1,277  dpts:14..39  robin:PickOnDom-Last  effs:60,487,415  asgs:(245,noefs=0,fails=163)  fails:838,486  wrgs:1,006,612  wck:269.6  ngds:40,333
    run1,278  dpts:25..30  robin:WdegOnDom-Rand  effs:60,505,572  asgs:(229,noefs=0,fails=171)  fails:838,657  wrgs:1,006,809  wck:269.7  ngds:40,350
    run1,279  dpts:39..117  robin:FrbaOnDom-First  effs:60,517,512  asgs:(357,noefs=0,fails=180)  fails:838,837  wrgs:1,007,057  wck:269.8  ngds:40,367
    run1,280  dpts:8..19  robin:Wdeg-Last  effs:60,525,352  asgs:(211,noefs=0,fails=189)  fails:839,026  wrgs:1,007,254  wck:269.8  ngds:40,395
    run1,281  dpts:9..48  robin:PickOnDom-Rand  effs:60,535,506  asgs:(269,noefs=0,fails=198)  fails:839,224  wrgs:1,007,471  wck:269.9  ngds:40,405
    run1,282  dpts:53..78  robin:WdegOnDom-First  effs:60,550,769  asgs:(344,noefs=0,fails=208)  fails:839,432  wrgs:1,007,730  wck:269.9  ngds:40,434
    run1,283  dpts:18..109  robin:FrbaOnDom-Last  effs:60,565,991  asgs:(403,noefs=0,fails=219)  fails:839,651  wrgs:1,008,013  wck:270.0  ngds:40,472
    run1,284  dpts:6..9  robin:Wdeg-Rand  effs:60,580,800  asgs:(256,noefs=0,fails=230)  fails:839,881  wrgs:1,008,260  wck:270.1  ngds:40,497
    run1,285  dpts:35..81  robin:PickOnDom-First  effs:60,596,112  asgs:(406,noefs=0,fails=241)  fails:840,122  wrgs:1,008,571  wck:270.2  ngds:40,511
    run1,286  dpts:11..55  robin:WdegOnDom-Last  effs:60,617,206  asgs:(371,noefs=0,fails=253)  fails:840,375  wrgs:1,008,876  wck:270.3  ngds:40,555
    run1,287  dpts:23..87  robin:FrbaOnDom-Rand  effs:60,641,830  asgs:(524,noefs=0,fails=266)  fails:840,641  wrgs:1,009,278  wck:270.4  ngds:40,568
    run1,288  dpts:5..16  robin:Wdeg-First  effs:60,656,621  asgs:(355,noefs=0,fails=280)  fails:840,921  wrgs:1,009,620  wck:270.5  ngds:40,572
    run1,289  dpts:33..61  robin:PickOnDom-Last  effs:60,675,088  asgs:(469,noefs=0,fails=294)  fails:841,215  wrgs:1,010,016  wck:270.6  ngds:40,588
 ...resetting heuristics data (nValues:3,886 - nSingletons:186 - nEntailed:302)
    run1,290  dpts:32..40  robin:WdegOnDom-Rand  effs:60,705,470  asgs:(427,noefs=0,fails=308)  fails:841,523  wrgs:1,010,389  wck:270.7  ngds:40,610
    run1,291  dpts:50..168  robin:FrbaOnDom-First  effs:60,737,898  asgs:(811,noefs=0,fails=324)  fails:841,847  wrgs:1,010,996  wck:270.9  ngds:40,639
    run1,292  dpts:71..81  robin:Wdeg-Last  effs:60,759,014  asgs:(456,noefs=0,fails=340)  fails:842,187  wrgs:1,011,370  wck:271.1  ngds:40,661
    run1,293  dpts:34..66  robin:PickOnDom-Rand  effs:60,780,887  asgs:(632,noefs=1,fails=357)  fails:842,544  wrgs:1,011,877  wck:271.2  ngds:40,671
    run1,294  dpts:48..55  robin:WdegOnDom-First  effs:60,810,147  asgs:(510,noefs=0,fails=375)  fails:842,919  wrgs:1,012,329  wck:271.3  ngds:40,716
    run1,295  dpts:27..66  robin:FrbaOnDom-Last  effs:60,828,814  asgs:(470,noefs=0,fails=394)  fails:843,313  wrgs:1,012,760  wck:271.4  ngds:40,730
    run1,296  dpts:5..8  robin:Wdeg-Rand  effs:60,852,828  asgs:(468,noefs=0,fails=413)  fails:843,726  wrgs:1,013,219  wck:271.5  ngds:40,768
    run1,297  dpts:29..58  robin:PickOnDom-First  effs:60,884,836  asgs:(619,noefs=0,fails=434)  fails:844,160  wrgs:1,013,764  wck:271.6  ngds:40,810
    run1,298  dpts:31..76  robin:WdegOnDom-Last  effs:60,913,490  asgs:(694,noefs=0,fails=456)  fails:844,616  wrgs:1,014,338  wck:271.8  ngds:40,824
    run1,299  dpts:18..81  robin:FrbaOnDom-Rand  effs:60,959,426  asgs:(888,noefs=0,fails=478)  fails:845,094  wrgs:1,015,066  wck:272.0  ngds:40,843
    run1,300  dpts:1..42  robin:Wdeg-First  effs:60,997,920  asgs:(624,noefs=0,fails=502)  fails:845,596  wrgs:1,015,635  wck:272.2  ngds:40,865
    run1,301  dpts:49..94  robin:PickOnDom-Last  effs:61,014,535  asgs:(697,noefs=0,fails=527)  fails:846,123  wrgs:1,016,222  wck:272.3  ngds:40,868
    run1,302  dpts:16..49  robin:WdegOnDom-Rand  effs:61,066,300  asgs:(712,noefs=0,fails=554)  fails:846,677  wrgs:1,016,868  wck:272.5  ngds:40,901
    run1,303  dpts:4..119  robin:FrbaOnDom-First  effs:61,124,196  asgs:(1152,noefs=0,fails=582)  fails:847,259  wrgs:1,017,690  wck:272.8  ngds:40,912
    run1,304  dpts:2..13  robin:Wdeg-Last  effs:61,161,956  asgs:(693,noefs=0,fails=611)  fails:847,870  wrgs:1,018,371  wck:272.9  ngds:40,952
    run1,305  dpts:3..53  robin:PickOnDom-Rand  effs:61,182,125  asgs:(776,noefs=0,fails=641)  fails:848,511  wrgs:1,019,084  wck:273.1  ngds:40,989
    run1,306  dpts:26..53  robin:WdegOnDom-First  effs:61,224,064  asgs:(857,noefs=0,fails=673)  fails:849,184  wrgs:1,019,872  wck:273.3  ngds:41,009
    run1,307  dpts:63..148  robin:FrbaOnDom-Last  effs:61,289,677  asgs:(1124,noefs=0,fails=707)  fails:849,891  wrgs:1,020,804  wck:273.6  ngds:41,033
    run1,308  dpts:5..26  robin:Wdeg-Rand  effs:61,329,432  asgs:(819,noefs=0,fails=742)  fails:850,633  wrgs:1,021,594  wck:273.7  ngds:41,076
    run1,309  dpts:54..105  robin:PickOnDom-First  effs:61,388,980  asgs:(1174,noefs=0,fails=780)  fails:851,413  wrgs:1,022,599  wck:274.0  ngds:41,094
    run1,310  dpts:67..93  robin:WdegOnDom-Last  effs:61,457,913  asgs:(1097,noefs=0,fails=819)  fails:852,232  wrgs:1,023,594  wck:274.4  ngds:41,184
    run1,311  dpts:18..95  robin:FrbaOnDom-Rand  effs:61,508,993  asgs:(1168,noefs=0,fails=860)  fails:853,092  wrgs:1,024,646  wck:274.6  ngds:41,200
    run1,312  dpts:5..22  robin:Wdeg-First  effs:61,572,350  asgs:(1051,noefs=0,fails=903)  fails:853,995  wrgs:1,025,664  wck:274.9  ngds:41,241
    run1,313  dpts:17..88  robin:PickOnDom-Last  effs:61,637,203  asgs:(1307,noefs=0,fails=948)  fails:854,943  wrgs:1,026,840  wck:275.2  ngds:41,325
    run1,314  dpts:34..50  robin:WdegOnDom-Rand  effs:61,714,851  asgs:(1183,noefs=0,fails=995)  fails:855,938  wrgs:1,027,949  wck:275.5  ngds:41,337
    run1,315  dpts:11..124  robin:FrbaOnDom-First  effs:61,769,962  asgs:(1371,noefs=0,fails=1045)  fails:856,983  wrgs:1,029,171  wck:275.8  ngds:41,385
    run1,316  dpts:4..7  robin:Wdeg-Last  effs:61,806,643  asgs:(1143,noefs=0,fails=1097)  fails:858,080  wrgs:1,030,307  wck:276.1  ngds:41,468
    run1,317  dpts:27..54  robin:PickOnDom-Rand  effs:61,871,880  asgs:(1375,noefs=0,fails=1152)  fails:859,232  wrgs:1,031,605  wck:276.3  ngds:41,492
    run1,318  dpts:66..78  robin:WdegOnDom-First  effs:61,956,141  asgs:(1461,noefs=0,fails=1210)  fails:860,442  wrgs:1,032,982  wck:276.8  ngds:41,513
    run1,319  dpts:34..94  robin:FrbaOnDom-Last  effs:62,035,209  asgs:(1710,noefs=0,fails=1270)  fails:861,712  wrgs:1,034,564  wck:277.1  ngds:41,516
 ...resetting heuristics data (nValues:3,886 - nSingletons:186 - nEntailed:302)
    run1,320  dpts:33..53  robin:Wdeg-Rand  effs:62,110,980  asgs:(1478,noefs=0,fails=1334)  fails:863,046  wrgs:1,035,987  wck:277.4  ngds:41,548
    run1,321  dpts:44..81  robin:PickOnDom-First  effs:62,217,531  asgs:(2061,noefs=0,fails=1400)  fails:864,446  wrgs:1,037,824  wck:277.9  ngds:41,576
    run1,322  dpts:69..88  robin:WdegOnDom-Last  effs:62,349,845  asgs:(1990,noefs=0,fails=1470)  fails:865,916  wrgs:1,039,620  wck:278.5  ngds:41,603
    run1,323  dpts:25..119  robin:FrbaOnDom-Rand  effs:62,459,884  asgs:(2648,noefs=3,fails=1544)  fails:867,460  wrgs:1,041,932  wck:279.1  ngds:41,614
    run1,324  dpts:6..41  robin:Wdeg-First  effs:62,532,559  asgs:(1833,noefs=0,fails=1621)  fails:869,081  wrgs:1,043,708  wck:279.5  ngds:41,704
    run1,325  dpts:5..68  robin:PickOnDom-Last  effs:62,648,909  asgs:(2279,noefs=0,fails=1702)  fails:870,783  wrgs:1,045,778  wck:280.0  ngds:41,728
    run1,326  dpts:16..45  robin:WdegOnDom-Rand  effs:62,761,881  asgs:(2184,noefs=0,fails=1787)  fails:872,570  wrgs:1,047,833  wck:280.6  ngds:41,782
    run1,327  dpts:43..174  robin:FrbaOnDom-First  effs:62,891,049  asgs:(2496,noefs=0,fails=1877)  fails:874,447  wrgs:1,050,104  wck:281.2  ngds:41,795
    run1,328  dpts:5..18  robin:Wdeg-Last  effs:62,987,053  asgs:(2295,noefs=0,fails=1971)  fails:876,418  wrgs:1,052,366  wck:281.7  ngds:41,826
    run1,329  dpts:21..79  robin:PickOnDom-Rand  effs:63,108,239  asgs:(2673,noefs=0,fails=2069)  fails:878,487  wrgs:1,054,835  wck:282.3  ngds:41,862
    run1,330  dpts:84..107  robin:WdegOnDom-First  effs:63,262,408  asgs:(2969,noefs=0,fails=2173)  fails:880,660  wrgs:1,057,503  wck:283.0  ngds:41,928
    run1,331  dpts:4..114  robin:FrbaOnDom-Last  effs:63,447,977  asgs:(2924,noefs=0,fails=2281)  fails:882,941  wrgs:1,060,274  wck:283.8  ngds:42,004
    run1,332  dpts:9..19  robin:Wdeg-Rand  effs:63,635,697  asgs:(2599,noefs=0,fails=2396)  fails:885,337  wrgs:1,062,850  wck:284.4  ngds:42,054
    run1,333  dpts:65..97  robin:PickOnDom-First  effs:63,796,871  asgs:(3171,noefs=0,fails=2515)  fails:887,852  wrgs:1,065,842  wck:285.1  ngds:42,081
    run1,334  dpts:65..87  robin:WdegOnDom-Last  effs:63,967,258  asgs:(3173,noefs=0,fails=2641)  fails:890,493  wrgs:1,068,893  wck:285.8  ngds:42,163
    run1,335  dpts:2..77  robin:FrbaOnDom-Rand  effs:64,079,274  asgs:(3084,noefs=0,fails=2773)  fails:893,266  wrgs:1,071,887  wck:286.3  ngds:42,202
    run1,336  dpts:1..10  robin:Wdeg-First  effs:64,229,983  asgs:(3284,noefs=0,fails=2912)  fails:896,178  wrgs:1,075,156  wck:287.0  ngds:42,263
    run1,337  dpts:11..74  robin:PickOnDom-Last  effs:64,461,132  asgs:(4133,noefs=0,fails=3058)  fails:899,236  wrgs:1,079,092  wck:288.0  ngds:42,293
    run1,338  dpts:20..55  robin:WdegOnDom-Rand  effs:64,900,891  asgs:(3991,noefs=0,fails=3210)  fails:902,446  wrgs:1,082,892  wck:289.9  ngds:42,355
    run1,339  dpts:14..112  robin:FrbaOnDom-First  effs:65,076,021  asgs:(3982,noefs=2,fails=3371)  fails:905,817  wrgs:1,086,627  wck:290.7  ngds:42,405
    run1,340  dpts:5..22  robin:Wdeg-Last  effs:65,243,344  asgs:(3934,noefs=0,fails=3540)  fails:909,357  wrgs:1,090,524  wck:291.5  ngds:42,531
    run1,341  dpts:41..72  robin:PickOnDom-Rand  effs:65,613,827  asgs:(5028,noefs=0,fails=3717)  fails:913,074  wrgs:1,095,160  wck:293.1  ngds:42,598
    run1,342  dpts:7..114  robin:WdegOnDom-First  effs:65,987,439  asgs:(4857,noefs=0,fails=3902)  fails:916,976  wrgs:1,099,829  wck:294.7  ngds:42,633
    run1,343  dpts:27..88  robin:FrbaOnDom-Last  effs:66,307,671  asgs:(5088,noefs=0,fails=4098)  fails:921,074  wrgs:1,104,720  wck:296.1  ngds:42,674
    run1,344  dpts:8..19  robin:Wdeg-Rand  effs:66,648,951  asgs:(4685,noefs=0,fails=4303)  fails:925,377  wrgs:1,109,368  wck:297.6  ngds:42,784
    run1,345  dpts:57..103  robin:PickOnDom-First  effs:67,167,665  asgs:(5972,noefs=0,fails=4518)  fails:929,895  wrgs:1,114,977  wck:300.1  ngds:42,817
    run1,346  dpts:4..56  robin:WdegOnDom-Last  effs:67,600,993  asgs:(5941,noefs=0,fails=4744)  fails:934,639  wrgs:1,120,583  wck:302.1  ngds:42,868
    run1,347  dpts:18..116  robin:FrbaOnDom-Rand  effs:68,023,067  asgs:(6767,noefs=2,fails=4981)  fails:939,620  wrgs:1,126,744  wck:304.0  ngds:42,927
    run1,348  dpts:4..13  robin:Wdeg-First  effs:68,230,524  asgs:(5823,noefs=0,fails=5230)  fails:944,850  wrgs:1,132,543  wck:305.1  ngds:43,037
    run1,349  dpts:57..136  robin:PickOnDom-Last  effs:68,733,624  asgs:(7007,noefs=0,fails=5491)  fails:950,341  wrgs:1,139,177  wck:307.3  ngds:43,076
 ...resetting heuristics data (nValues:3,886 - nSingletons:186 - nEntailed:302)
    run1,350  dpts:31..50  robin:WdegOnDom-Rand  effs:69,193,181  asgs:(6959,noefs=0,fails=5766)  fails:956,107  wrgs:1,145,967  wck:309.2  ngds:43,113
 ...resetting restart cutoff to 80
    run1,351  dpts:72..142  robin:FrbaOnDom-First  effs:69,204,247  asgs:(244,noefs=0,fails=80)  fails:956,187  wrgs:1,146,121  wck:309.3  ngds:43,116
    run1,352  dpts:77..85  robin:Wdeg-Last  effs:69,209,532  asgs:(174,noefs=0,fails=84)  fails:956,271  wrgs:1,146,214  wck:309.3  ngds:43,153
    run1,353  dpts:26..42  robin:PickOnDom-Rand  effs:69,221,105  asgs:(181,noefs=0,fails=88)  fails:956,359  wrgs:1,146,343  wck:309.4  ngds:43,169
    run1,354  dpts:53..62  robin:WdegOnDom-First  effs:69,226,811  asgs:(159,noefs=0,fails=92)  fails:956,451  wrgs:1,146,443  wck:309.4  ngds:43,199
    run1,355  dpts:70..128  robin:FrbaOnDom-Last  effs:69,239,930  asgs:(259,noefs=0,fails=97)  fails:956,548  wrgs:1,146,597  wck:309.5  ngds:43,229
    run1,356  dpts:4..14  robin:Wdeg-Rand  effs:69,245,766  asgs:(123,noefs=0,fails=102)  fails:956,650  wrgs:1,146,713  wck:309.6  ngds:43,241
    run1,357  dpts:47..67  robin:PickOnDom-First  effs:69,252,455  asgs:(196,noefs=0,fails=107)  fails:956,757  wrgs:1,146,840  wck:309.6  ngds:43,268
    run1,358  dpts:53..58  robin:WdegOnDom-Last  effs:69,259,832  asgs:(177,noefs=0,fails=112)  fails:956,869  wrgs:1,146,960  wck:309.6  ngds:43,328
    run1,359  dpts:21..110  robin:FrbaOnDom-Rand  effs:69,270,261  asgs:(346,noefs=1,fails=118)  fails:956,987  wrgs:1,147,190  wck:309.7  ngds:43,346
    run1,360  dpts:42..53  robin:Wdeg-First  effs:69,280,107  asgs:(190,noefs=0,fails=124)  fails:957,111  wrgs:1,147,331  wck:309.8  ngds:43,364
    run1,361  dpts:4..61  robin:PickOnDom-Last  effs:69,288,606  asgs:(256,noefs=0,fails=130)  fails:957,241  wrgs:1,147,513  wck:309.8  ngds:43,403
    run1,362  dpts:35..50  robin:WdegOnDom-Rand  effs:69,297,289  asgs:(211,noefs=0,fails=136)  fails:957,377  wrgs:1,147,678  wck:309.9  ngds:43,449
    run1,363  dpts:41..149  robin:FrbaOnDom-First  effs:69,311,175  asgs:(423,noefs=0,fails=143)  fails:957,520  wrgs:1,147,931  wck:310.0  ngds:43,459
    run1,364  dpts:3..14  robin:Wdeg-Last  effs:69,318,044  asgs:(185,noefs=0,fails=150)  fails:957,670  wrgs:1,148,101  wck:310.0  ngds:43,494
    run1,365  dpts:24..51  robin:PickOnDom-Rand  effs:69,329,648  asgs:(240,noefs=0,fails=158)  fails:957,828  wrgs:1,148,290  wck:310.1  ngds:43,511
    run1,366  dpts:51..64  robin:WdegOnDom-First  effs:69,344,709  asgs:(265,noefs=0,fails=166)  fails:957,994  wrgs:1,148,486  wck:310.1  ngds:43,523
    run1,367  dpts:2..71  robin:FrbaOnDom-Last  effs:69,362,508  asgs:(285,noefs=0,fails=174)  fails:958,168  wrgs:1,148,713  wck:310.2  ngds:43,534
    run1,368  dpts:6..29  robin:Wdeg-Rand  effs:69,374,499  asgs:(243,noefs=0,fails=183)  fails:958,351  wrgs:1,148,922  wck:310.3  ngds:43,563
    run1,369  dpts:51..64  robin:PickOnDom-First  effs:69,390,635  asgs:(306,noefs=0,fails=192)  fails:958,543  wrgs:1,149,170  wck:310.4  ngds:43,585
    run1,370  dpts:50..58  robin:WdegOnDom-Last  effs:69,405,488  asgs:(297,noefs=0,fails=202)  fails:958,745  wrgs:1,149,404  wck:310.5  ngds:43,612
    run1,371  dpts:9..68  robin:FrbaOnDom-Rand  effs:69,424,771  asgs:(463,noefs=0,fails=212)  fails:958,957  wrgs:1,149,758  wck:310.6  ngds:43,625
    run1,372  dpts:6..9  robin:Wdeg-First  effs:69,436,618  asgs:(264,noefs=0,fails=222)  fails:959,179  wrgs:1,150,014  wck:310.6  ngds:43,682
    run1,373  dpts:69..84  robin:PickOnDom-Last  effs:69,452,294  asgs:(358,noefs=0,fails=234)  fails:959,413  wrgs:1,150,289  wck:310.7  ngds:43,694
    run1,374  dpts:31..35  robin:WdegOnDom-Rand  effs:69,474,210  asgs:(324,noefs=0,fails=245)  fails:959,658  wrgs:1,150,575  wck:310.8  ngds:43,742
    run1,375  dpts:8..135  robin:FrbaOnDom-First  effs:69,495,333  asgs:(545,noefs=0,fails=258)  fails:959,916  wrgs:1,151,013  wck:311.0  ngds:43,776
    run1,376  dpts:7..23  robin:Wdeg-Last  effs:69,512,150  asgs:(306,noefs=0,fails=270)  fails:960,186  wrgs:1,151,298  wck:311.0  ngds:43,824
    run1,377  dpts:29..55  robin:PickOnDom-Rand  effs:69,547,565  asgs:(469,noefs=0,fails=284)  fails:960,470  wrgs:1,151,682  wck:311.2  ngds:43,857
    run1,378  dpts:54..59  robin:WdegOnDom-First  effs:69,580,062  asgs:(426,noefs=0,fails=298)  fails:960,768  wrgs:1,152,037  wck:311.4  ngds:43,874
    run1,379  dpts:25..93  robin:FrbaOnDom-Last  effs:69,606,994  asgs:(448,noefs=0,fails=313)  fails:961,081  wrgs:1,152,409  wck:311.5  ngds:43,898
 ...resetting heuristics data (nValues:3,886 - nSingletons:186 - nEntailed:302)
    run1,380  dpts:32..42  robin:Wdeg-Rand  effs:69,625,257  asgs:(400,noefs=0,fails=329)  fails:961,410  wrgs:1,152,766  wck:311.6  ngds:43,944
    run1,381  dpts:52..82  robin:PickOnDom-First  effs:69,652,235  asgs:(590,noefs=0,fails=345)  fails:961,755  wrgs:1,153,249  wck:311.7  ngds:43,970
    run1,382  dpts:75..84  robin:WdegOnDom-Last  effs:69,679,123  asgs:(522,noefs=0,fails=363)  fails:962,118  wrgs:1,153,671  wck:311.9  ngds:43,974
    run1,383  dpts:16..67  robin:FrbaOnDom-Rand  effs:69,712,964  asgs:(685,noefs=0,fails=381)  fails:962,499  wrgs:1,154,220  wck:312.0  ngds:44,020
    run1,384  dpts:34..48  robin:Wdeg-First  effs:69,733,035  asgs:(507,noefs=0,fails=400)  fails:962,899  wrgs:1,154,671  wck:312.2  ngds:44,022
    run1,385  dpts:5..89  robin:PickOnDom-Last  effs:69,762,126  asgs:(625,noefs=0,fails=420)  fails:963,319  wrgs:1,155,207  wck:312.3  ngds:44,040
    run1,386  dpts:22..57  robin:WdegOnDom-Rand  effs:69,796,143  asgs:(674,noefs=0,fails=441)  fails:963,760  wrgs:1,155,766  wck:312.5  ngds:44,045
    run1,387  dpts:59..147  robin:FrbaOnDom-First  effs:69,842,844  asgs:(825,noefs=0,fails=463)  fails:964,223  wrgs:1,156,394  wck:312.7  ngds:44,090
    run1,388  dpts:10..18  robin:Wdeg-Last  effs:69,873,399  asgs:(577,noefs=0,fails=486)  fails:964,709  wrgs:1,156,958  wck:312.9  ngds:44,123
    run1,389  dpts:1..59  robin:PickOnDom-Rand  effs:69,915,682  asgs:(708,noefs=2,fails=510)  fails:965,219  wrgs:1,157,572  wck:313.1  ngds:44,142
    run1,390  dpts:58..79  robin:WdegOnDom-First  effs:69,956,471  asgs:(725,noefs=0,fails=536)  fails:965,755  wrgs:1,158,196  wck:313.3  ngds:44,155
    run1,391  dpts:7..141  robin:FrbaOnDom-Last  effs:70,011,608  asgs:(1144,noefs=0,fails=563)  fails:966,318  wrgs:1,159,054  wck:313.6  ngds:44,189
    run1,392  dpts:8..13  robin:Wdeg-Rand  effs:70,040,951  asgs:(647,noefs=0,fails=591)  fails:966,909  wrgs:1,159,691  wck:313.7  ngds:44,205
    run1,393  dpts:20..112  robin:PickOnDom-First  effs:70,095,017  asgs:(1012,noefs=0,fails=620)  fails:967,529  wrgs:1,160,518  wck:313.9  ngds:44,222
    run1,394  dpts:41..63  robin:WdegOnDom-Last  effs:70,176,724  asgs:(876,noefs=0,fails=651)  fails:968,180  wrgs:1,161,319  wck:314.4  ngds:44,250
    run1,395  dpts:31..81  robin:FrbaOnDom-Rand  effs:70,222,753  asgs:(1046,noefs=0,fails=684)  fails:968,864  wrgs:1,162,245  wck:314.6  ngds:44,258
    run1,396  dpts:7..38  robin:Wdeg-First  effs:70,261,632  asgs:(842,noefs=0,fails=718)  fails:969,582  wrgs:1,163,041  wck:314.8  ngds:44,302
    run1,397  dpts:22..87  robin:PickOnDom-Last  effs:70,306,573  asgs:(1039,noefs=0,fails=754)  fails:970,336  wrgs:1,163,915  wck:315.0  ngds:44,319
    run1,398  dpts:39..55  robin:WdegOnDom-Rand  effs:70,374,262  asgs:(988,noefs=0,fails=792)  fails:971,128  wrgs:1,164,842  wck:315.3  ngds:44,323
    run1,399  dpts:67..107  robin:FrbaOnDom-First  effs:70,432,447  asgs:(1140,noefs=0,fails=832)  fails:971,960  wrgs:1,165,851  wck:315.5  ngds:44,365
    run1,400  dpts:7..25  robin:Wdeg-Last  effs:70,488,566  asgs:(952,noefs=0,fails=873)  fails:972,833  wrgs:1,166,777  wck:315.8  ngds:44,403
    run1,401  dpts:8..69  robin:PickOnDom-Rand  effs:70,556,567  asgs:(1339,noefs=0,fails=917)  fails:973,750  wrgs:1,167,961  wck:316.1  ngds:44,430
    run1,402  dpts:23..49  robin:WdegOnDom-First  effs:70,627,463  asgs:(1211,noefs=0,fails=963)  fails:974,713  wrgs:1,169,094  wck:316.4  ngds:44,509
    run1,403  dpts:15..111  robin:FrbaOnDom-Last  effs:70,705,510  asgs:(1512,noefs=0,fails=1011)  fails:975,724  wrgs:1,170,389  wck:316.8  ngds:44,540
    run1,404  dpts:6..12  robin:Wdeg-Rand  effs:70,774,655  asgs:(1135,noefs=0,fails=1061)  fails:976,785  wrgs:1,171,515  wck:317.1  ngds:44,596
    run1,405  dpts:48..153  robin:PickOnDom-First  effs:70,834,429  asgs:(1482,noefs=0,fails=1115)  fails:977,900  wrgs:1,172,804  wck:317.4  ngds:44,620
    run1,406  dpts:64..72  robin:WdegOnDom-Last  effs:70,885,684  asgs:(1313,noefs=0,fails=1170)  fails:979,070  wrgs:1,174,039  wck:317.6  ngds:44,667
    run1,407  dpts:23..83  robin:FrbaOnDom-Rand  effs:70,970,160  asgs:(1826,noefs=1,fails=1229)  fails:980,299  wrgs:1,175,670  wck:318.0  ngds:44,676
    run1,408  dpts:3..23  robin:Wdeg-First  effs:71,044,946  asgs:(1534,noefs=0,fails=1290)  fails:981,589  wrgs:1,177,174  wck:318.4  ngds:44,744
    run1,409  dpts:8..82  robin:PickOnDom-Last  effs:71,157,324  asgs:(1906,noefs=0,fails=1355)  fails:982,944  wrgs:1,178,918  wck:318.9  ngds:44,820
 ...resetting heuristics data (nValues:3,886 - nSingletons:186 - nEntailed:302)
    run1,410  dpts:40..52  robin:WdegOnDom-Rand  effs:71,231,738  asgs:(1582,noefs=0,fails=1423)  fails:984,367  wrgs:1,180,438  wck:319.2  ngds:44,886
    run1,411  dpts:97..143  robin:FrbaOnDom-First  effs:71,333,898  asgs:(2037,noefs=0,fails=1494)  fails:985,861  wrgs:1,182,236  wck:319.7  ngds:44,900
    run1,412  dpts:72..83  robin:Wdeg-Last  effs:71,422,180  asgs:(1845,noefs=0,fails=1569)  fails:987,430  wrgs:1,183,981  wck:320.2  ngds:44,945
    run1,413  dpts:29..59  robin:PickOnDom-Rand  effs:71,544,599  asgs:(2493,noefs=3,fails=1647)  fails:989,077  wrgs:1,186,133  wck:320.8  ngds:44,953
    run1,414  dpts:22..65  robin:WdegOnDom-First  effs:71,675,026  asgs:(2202,noefs=0,fails=1729)  fails:990,806  wrgs:1,188,169  wck:321.5  ngds:44,962
    run1,415  dpts:27..132  robin:FrbaOnDom-Last  effs:71,805,380  asgs:(2156,noefs=0,fails=1816)  fails:992,622  wrgs:1,190,238  wck:322.0  ngds:44,974
    run1,416  dpts:8..42  robin:Wdeg-Rand  effs:71,919,040  asgs:(2117,noefs=0,fails=1907)  fails:994,529  wrgs:1,192,309  wck:322.5  ngds:45,045
    run1,417  dpts:69..89  robin:PickOnDom-First  effs:72,057,810  asgs:(2639,noefs=0,fails=2002)  fails:996,531  wrgs:1,194,711  wck:323.2  ngds:45,093
    run1,418  dpts:48..61  robin:WdegOnDom-Last  effs:72,275,022  asgs:(2562,noefs=0,fails=2102)  fails:998,633  wrgs:1,197,158  wck:324.3  ngds:45,115
    run1,419  dpts:36..114  robin:FrbaOnDom-Rand  effs:72,442,607  asgs:(3410,noefs=2,fails=2207)  fails:1,000,840  wrgs:1,200,112  wck:325.2  ngds:45,156
    run1,420  dpts:3..9  robin:Wdeg-First  effs:72,566,341  asgs:(2666,noefs=0,fails=2318)  fails:1,003,158  wrgs:1,202,764  wck:325.8  ngds:45,208
    run1,421  dpts:57..95  robin:PickOnDom-Last  effs:72,698,161  asgs:(2999,noefs=0,fails=2434)  fails:1,005,592  wrgs:1,205,581  wck:326.4  ngds:45,239
    run1,422  dpts:22..48  robin:WdegOnDom-Rand  effs:72,891,194  asgs:(3186,noefs=0,fails=2555)  fails:1,008,147  wrgs:1,208,581  wck:327.2  ngds:45,264
    run1,423  dpts:80..122  robin:FrbaOnDom-First  effs:73,072,081  asgs:(4031,noefs=0,fails=2683)  fails:1,010,830  wrgs:1,212,077  wck:328.1  ngds:45,279
    run1,424  dpts:7..11  robin:Wdeg-Last  effs:73,193,390  asgs:(3167,noefs=0,fails=2817)  fails:1,013,647  wrgs:1,215,226  wck:328.6  ngds:45,360
    run1,425  dpts:32..53  robin:PickOnDom-Rand  effs:73,393,099  asgs:(3835,noefs=0,fails=2958)  fails:1,016,605  wrgs:1,218,786  wck:329.4  ngds:45,375
    run1,426  dpts:32..51  robin:WdegOnDom-First  effs:73,585,043  asgs:(3559,noefs=0,fails=3106)  fails:1,019,711  wrgs:1,222,244  wck:330.3  ngds:45,461
    run1,427  dpts:30..74  robin:FrbaOnDom-Last  effs:73,838,620  asgs:(3932,noefs=0,fails=3261)  fails:1,022,972  wrgs:1,225,989  wck:331.3  ngds:45,475
    run1,428  dpts:10..17  robin:Wdeg-Rand  effs:74,128,098  asgs:(3750,noefs=0,fails=3425)  fails:1,026,397  wrgs:1,229,713  wck:332.5  ngds:45,519
    run1,429  dpts:40..95  robin:PickOnDom-First  effs:74,323,187  asgs:(4319,noefs=0,fails=3596)  fails:1,029,993  wrgs:1,233,861  wck:333.3  ngds:45,540
    run1,430  dpts:32..73  robin:WdegOnDom-Last  effs:74,542,122  asgs:(4394,noefs=0,fails=3776)  fails:1,033,769  wrgs:1,238,125  wck:334.2  ngds:45,577
    run1,431  dpts:28..82  robin:FrbaOnDom-Rand  effs:74,793,808  asgs:(5081,noefs=1,fails=3964)  fails:1,037,733  wrgs:1,242,839  wck:335.3  ngds:45,651
    run1,432  dpts:4..22  robin:Wdeg-First  effs:75,038,401  asgs:(4660,noefs=0,fails=4163)  fails:1,041,896  wrgs:1,247,455  wck:336.3  ngds:45,800
    run1,433  dpts:16..64  robin:PickOnDom-Last  effs:75,346,154  asgs:(5694,noefs=1,fails=4371)  fails:1,046,267  wrgs:1,252,895  wck:337.8  ngds:45,869
    run1,434  dpts:43..55  robin:WdegOnDom-Rand  effs:75,705,559  asgs:(5470,noefs=0,fails=4589)  fails:1,050,856  wrgs:1,258,148  wck:339.3  ngds:45,901
    run1,435  dpts:35..102  robin:FrbaOnDom-First  effs:76,057,311  asgs:(6989,noefs=0,fails=4819)  fails:1,055,675  wrgs:1,264,438  wck:340.9  ngds:45,999
    run1,436  dpts:4..21  robin:Wdeg-Last  effs:76,359,761  asgs:(5527,noefs=0,fails=5060)  fails:1,060,735  wrgs:1,269,931  wck:342.2  ngds:46,066
    run1,437  dpts:45..68  robin:PickOnDom-Rand  effs:76,752,354  asgs:(6908,noefs=0,fails=5313)  fails:1,066,048  wrgs:1,276,294  wck:344.0  ngds:46,141
    run1,438  dpts:51..69  robin:WdegOnDom-First  effs:77,066,645  asgs:(6583,noefs=0,fails=5579)  fails:1,071,627  wrgs:1,282,610  wck:345.5  ngds:46,183
    run1,439  dpts:37..117  robin:FrbaOnDom-Last  effs:77,418,532  asgs:(7626,noefs=1,fails=5857)  fails:1,077,484  wrgs:1,289,585  wck:347.0  ngds:46,214
 ...resetting heuristics data (nValues:3,886 - nSingletons:186 - nEntailed:302)
    run1,440  dpts:26..45  robin:Wdeg-Rand  effs:77,786,766  asgs:(6729,noefs=0,fails=6150)  fails:1,083,634  wrgs:1,296,243  wck:348.7  ngds:46,262
 ...resetting restart cutoff to 85
    run1,441  dpts:56..82  robin:PickOnDom-First  effs:77,797,804  asgs:(279,noefs=0,fails=85)  fails:1,083,719  wrgs:1,296,409  wck:348.7  ngds:46,266
    run1,442  dpts:75..84  robin:WdegOnDom-Last  effs:77,807,918  asgs:(202,noefs=0,fails=89)  fails:1,083,808  wrgs:1,296,522  wck:348.8  ngds:46,283
    run1,443  dpts:51..60  robin:FrbaOnDom-Rand  effs:77,816,065  asgs:(153,noefs=0,fails=93)  fails:1,083,901  wrgs:1,296,617  wck:348.8  ngds:46,321
    run1,444  dpts:1..15  robin:Wdeg-First  effs:77,820,982  asgs:(122,noefs=0,fails=98)  fails:1,083,999  wrgs:1,296,724  wck:348.9  ngds:46,350
    run1,445  dpts:3..84  robin:PickOnDom-Last  effs:77,831,030  asgs:(206,noefs=0,fails=103)  fails:1,084,102  wrgs:1,296,846  wck:348.9  ngds:46,356
    run1,446  dpts:12..48  robin:WdegOnDom-Rand  effs:77,843,659  asgs:(248,noefs=0,fails=108)  fails:1,084,210  wrgs:1,297,022  wck:349.0  ngds:46,381
    run1,447  dpts:57..124  robin:FrbaOnDom-First  effs:77,854,506  asgs:(284,noefs=0,fails=113)  fails:1,084,323  wrgs:1,297,219  wck:349.1  ngds:46,409
    run1,448  dpts:1..14  robin:Wdeg-Last  effs:77,858,919  asgs:(140,noefs=0,fails=119)  fails:1,084,442  wrgs:1,297,345  wck:349.1  ngds:46,460
    run1,449  dpts:23..64  robin:PickOnDom-Rand  effs:77,874,131  asgs:(289,noefs=0,fails=125)  fails:1,084,567  wrgs:1,297,543  wck:349.2  ngds:46,467
    run1,450  dpts:58..75  robin:WdegOnDom-First  effs:77,881,052  asgs:(221,noefs=0,fails=131)  fails:1,084,698  wrgs:1,297,692  wck:349.2  ngds:46,484
    run1,451  dpts:80..162  robin:FrbaOnDom-Last  effs:77,892,000  asgs:(339,noefs=0,fails=138)  fails:1,084,836  wrgs:1,297,886  wck:349.3  ngds:46,506
    run1,452  dpts:11..17  robin:Wdeg-Rand  effs:77,899,644  asgs:(173,noefs=0,fails=145)  fails:1,084,981  wrgs:1,298,043  wck:349.3  ngds:46,547
    run1,453  dpts:69..85  robin:PickOnDom-First  effs:77,913,136  asgs:(286,noefs=0,fails=152)  fails:1,085,133  wrgs:1,298,244  wck:349.4  ngds:46,556
    run1,454  dpts:9..63  robin:WdegOnDom-Last  effs:77,929,449  asgs:(267,noefs=0,fails=160)  fails:1,085,293  wrgs:1,298,441  wck:349.5  ngds:46,567
    run1,455  dpts:23..96  robin:FrbaOnDom-Rand  effs:77,948,083  asgs:(436,noefs=0,fails=168)  fails:1,085,461  wrgs:1,298,718  wck:349.6  ngds:46,588
    run1,456  dpts:13..18  robin:Wdeg-First  effs:77,959,978  asgs:(211,noefs=0,fails=176)  fails:1,085,637  wrgs:1,298,912  wck:349.7  ngds:46,603
    run1,457  dpts:56..93  robin:PickOnDom-Last  effs:77,973,867  asgs:(407,noefs=0,fails=185)  fails:1,085,822  wrgs:1,299,165  wck:349.7  ngds:46,619
    run1,458  dpts:21..54  robin:WdegOnDom-Rand  effs:77,994,606  asgs:(306,noefs=0,fails=194)  fails:1,086,016  wrgs:1,299,404  wck:349.8  ngds:46,654
    run1,459  dpts:18..138  robin:FrbaOnDom-First  effs:78,012,928  asgs:(504,noefs=0,fails=204)  fails:1,086,220  wrgs:1,299,762  wck:350.0  ngds:46,678
    run1,460  dpts:11..16  robin:Wdeg-Last  effs:78,024,277  asgs:(250,noefs=0,fails=214)  fails:1,086,434  wrgs:1,299,997  wck:350.0  ngds:46,730
    run1,461  dpts:22..63  robin:PickOnDom-Rand  effs:78,037,678  asgs:(343,noefs=0,fails=225)  fails:1,086,659  wrgs:1,300,276  wck:350.1  ngds:46,735
    run1,462  dpts:41..53  robin:WdegOnDom-First  effs:78,055,475  asgs:(340,noefs=0,fails=236)  fails:1,086,895  wrgs:1,300,564  wck:350.2  ngds:46,753
    run1,463  dpts:35..154  robin:FrbaOnDom-Last  effs:78,067,853  asgs:(425,noefs=0,fails=248)  fails:1,087,143  wrgs:1,300,844  wck:350.2  ngds:46,788
    run1,464  dpts:8..16  robin:Wdeg-Rand  effs:78,084,030  asgs:(298,noefs=0,fails=261)  fails:1,087,404  wrgs:1,301,126  wck:350.3  ngds:46,833
    run1,465  dpts:60..69  robin:PickOnDom-First  effs:78,102,894  asgs:(396,noefs=0,fails=274)  fails:1,087,678  wrgs:1,301,457  wck:350.4  ngds:46,853
    run1,466  dpts:64..74  robin:WdegOnDom-Last  effs:78,130,363  asgs:(435,noefs=0,fails=287)  fails:1,087,965  wrgs:1,301,817  wck:350.6  ngds:46,887
    run1,467  dpts:24..85  robin:FrbaOnDom-Rand  effs:78,158,089  asgs:(584,noefs=0,fails=302)  fails:1,088,267  wrgs:1,302,250  wck:350.7  ngds:46,912
    run1,468  dpts:12..16  robin:Wdeg-First  effs:78,179,051  asgs:(370,noefs=0,fails=317)  fails:1,088,584  wrgs:1,302,604  wck:350.8  ngds:46,932
    run1,469  dpts:19..54  robin:PickOnDom-Last  effs:78,201,298  asgs:(558,noefs=0,fails=333)  fails:1,088,917  wrgs:1,303,075  wck:350.9  ngds:46,938
 ...resetting heuristics data (nValues:3,886 - nSingletons:186 - nEntailed:302)
    run1,470  dpts:29..50  robin:WdegOnDom-Rand  effs:78,230,867  asgs:(579,noefs=0,fails=349)  fails:1,089,266  wrgs:1,303,542  wck:351.1  ngds:46,947
    run1,471  dpts:52..203  robin:FrbaOnDom-First  effs:78,264,291  asgs:(864,noefs=0,fails=367)  fails:1,089,633  wrgs:1,304,203  wck:351.3  ngds:46,959
    run1,472  dpts:74..82  robin:Wdeg-Last  effs:78,285,861  asgs:(493,noefs=0,fails=385)  fails:1,090,018  wrgs:1,304,614  wck:351.4  ngds:46,976
    run1,473  dpts:33..56  robin:PickOnDom-Rand  effs:78,314,056  asgs:(640,noefs=0,fails=405)  fails:1,090,423  wrgs:1,305,126  wck:351.5  ngds:47,016
    run1,474  dpts:51..61  robin:WdegOnDom-First  effs:78,345,008  asgs:(549,noefs=0,fails=425)  fails:1,090,848  wrgs:1,305,612  wck:351.7  ngds:47,050
    run1,475  dpts:18..167  robin:FrbaOnDom-Last  effs:78,384,665  asgs:(815,noefs=0,fails=446)  fails:1,091,294  wrgs:1,306,270  wck:351.9  ngds:47,065
    run1,476  dpts:5..10  robin:Wdeg-Rand  effs:78,411,379  asgs:(505,noefs=0,fails=468)  fails:1,091,762  wrgs:1,306,767  wck:352.0  ngds:47,120
    run1,477  dpts:65..85  robin:PickOnDom-First  effs:78,443,263  asgs:(771,noefs=0,fails=492)  fails:1,092,254  wrgs:1,307,388  wck:352.2  ngds:47,161
    run1,478  dpts:15..79  robin:WdegOnDom-Last  effs:78,481,632  asgs:(845,noefs=0,fails=516)  fails:1,092,770  wrgs:1,308,088  wck:352.4  ngds:47,202
    run1,479  dpts:35..81  robin:FrbaOnDom-Rand  effs:78,520,364  asgs:(759,noefs=0,fails=542)  fails:1,093,312  wrgs:1,308,737  wck:352.6  ngds:47,211
    run1,480  dpts:5..45  robin:Wdeg-First  effs:78,563,265  asgs:(751,noefs=0,fails=569)  fails:1,093,881  wrgs:1,309,442  wck:352.8  ngds:47,250
    run1,481  dpts:61..73  robin:PickOnDom-Last  effs:78,634,924  asgs:(862,noefs=0,fails=598)  fails:1,094,479  wrgs:1,310,193  wck:353.1  ngds:47,265
    run1,482  dpts:14..29  robin:WdegOnDom-Rand  effs:78,681,304  asgs:(711,noefs=0,fails=628)  fails:1,095,107  wrgs:1,310,863  wck:353.3  ngds:47,288
    run1,483  dpts:20..117  robin:FrbaOnDom-First  effs:78,724,613  asgs:(915,noefs=0,fails=659)  fails:1,095,766  wrgs:1,311,664  wck:353.5  ngds:47,334
    run1,484  dpts:6..11  robin:Wdeg-Last  effs:78,767,143  asgs:(820,noefs=0,fails=692)  fails:1,096,458  wrgs:1,312,470  wck:353.7  ngds:47,356
    run1,485  dpts:32..64  robin:PickOnDom-Rand  effs:78,818,652  asgs:(1089,noefs=0,fails=727)  fails:1,097,185  wrgs:1,313,425  wck:354.0  ngds:47,369
    run1,486  dpts:66..77  robin:WdegOnDom-First  effs:78,862,573  asgs:(953,noefs=0,fails=763)  fails:1,097,948  wrgs:1,314,293  wck:354.1  ngds:47,408
    run1,487  dpts:45..87  robin:FrbaOnDom-Last  effs:78,941,681  asgs:(1128,noefs=0,fails=801)  fails:1,098,749  wrgs:1,315,296  wck:354.5  ngds:47,485
    run1,488  dpts:8..28  robin:Wdeg-Rand  effs:78,985,864  asgs:(913,noefs=0,fails=842)  fails:1,099,591  wrgs:1,316,181  wck:354.7  ngds:47,511
    run1,489  dpts:107..117  robin:PickOnDom-First  effs:79,037,048  asgs:(1171,noefs=0,fails=884)  fails:1,100,475  wrgs:1,317,223  wck:355.0  ngds:47,529
    run1,490  dpts:40..51  robin:WdegOnDom-Last  effs:79,095,489  asgs:(1168,noefs=0,fails=928)  fails:1,101,403  wrgs:1,318,311  wck:355.2  ngds:47,551
    run1,491  dpts:34..93  robin:FrbaOnDom-Rand  effs:79,168,263  asgs:(1554,noefs=0,fails=974)  fails:1,102,377  wrgs:1,319,659  wck:355.6  ngds:47,612
    run1,492  dpts:4..21  robin:Wdeg-First  effs:79,225,720  asgs:(1123,noefs=0,fails=1023)  fails:1,103,400  wrgs:1,320,762  wck:355.9  ngds:47,633
    run1,493  dpts:8..106  robin:PickOnDom-Last  effs:79,313,501  asgs:(1537,noefs=1,fails=1074)  fails:1,104,474  wrgs:1,322,117  wck:356.3  ngds:47,668
    run1,494  dpts:6..48  robin:WdegOnDom-Rand  effs:79,406,206  asgs:(1395,noefs=0,fails=1128)  fails:1,105,602  wrgs:1,323,435  wck:356.7  ngds:47,697
    run1,495  dpts:7..143  robin:FrbaOnDom-First  effs:79,496,699  asgs:(1880,noefs=0,fails=1184)  fails:1,106,786  wrgs:1,325,093  wck:357.2  ngds:47,748
    run1,496  dpts:4..19  robin:Wdeg-Last  effs:79,572,770  asgs:(1382,noefs=0,fails=1244)  fails:1,108,030  wrgs:1,326,460  wck:357.5  ngds:47,789
    run1,497  dpts:25..57  robin:PickOnDom-Rand  effs:79,668,291  asgs:(1868,noefs=0,fails=1306)  fails:1,109,336  wrgs:1,328,117  wck:357.9  ngds:47,805
    run1,498  dpts:43..55  robin:WdegOnDom-First  effs:79,789,691  asgs:(1727,noefs=0,fails=1371)  fails:1,110,707  wrgs:1,329,745  wck:358.4  ngds:47,850
    run1,499  dpts:40..109  robin:FrbaOnDom-Last  effs:79,923,824  asgs:(1948,noefs=0,fails=1440)  fails:1,112,147  wrgs:1,331,524  wck:359.0  ngds:47,882
 ...resetting heuristics data (nValues:3,886 - nSingletons:186 - nEntailed:302)
    run1,500  dpts:30..41  robin:Wdeg-Rand  effs:80,002,246  asgs:(1638,noefs=0,fails=1512)  fails:1,113,659  wrgs:1,333,119  wck:359.4  ngds:47,976
    run1,501  dpts:52..78  robin:PickOnDom-First  effs:80,107,528  asgs:(2057,noefs=1,fails=1587)  fails:1,115,246  wrgs:1,335,025  wck:359.9  ngds:48,039
    run1,502  dpts:73..87  robin:WdegOnDom-Last  effs:80,223,877  asgs:(1903,noefs=0,fails=1667)  fails:1,116,913  wrgs:1,336,832  wck:360.4  ngds:48,098
    run1,503  dpts:22..116  robin:FrbaOnDom-Rand  effs:80,372,639  asgs:(3029,noefs=2,fails=1750)  fails:1,118,663  wrgs:1,339,323  wck:361.2  ngds:48,113
    run1,504  dpts:2..44  robin:Wdeg-First  effs:80,457,616  asgs:(2038,noefs=0,fails=1837)  fails:1,120,500  wrgs:1,341,308  wck:361.7  ngds:48,238
    run1,505  dpts:40..69  robin:PickOnDom-Last  effs:80,566,498  asgs:(2191,noefs=0,fails=1929)  fails:1,122,429  wrgs:1,343,412  wck:362.1  ngds:48,243
    run1,506  dpts:2..48  robin:WdegOnDom-Rand  effs:80,693,325  asgs:(2426,noefs=0,fails=2026)  fails:1,124,455  wrgs:1,345,705  wck:362.8  ngds:48,255
    run1,507  dpts:10..132  robin:FrbaOnDom-First  effs:80,857,006  asgs:(3166,noefs=0,fails=2127)  fails:1,126,582  wrgs:1,348,467  wck:363.6  ngds:48,307
    run1,508  dpts:5..12  robin:Wdeg-Last  effs:81,023,864  asgs:(2482,noefs=0,fails=2234)  fails:1,128,816  wrgs:1,350,928  wck:364.3  ngds:48,339
    run1,509  dpts:31..63  robin:PickOnDom-Rand  effs:81,197,187  asgs:(3337,noefs=0,fails=2345)  fails:1,131,161  wrgs:1,353,966  wck:365.2  ngds:48,381
    run1,510  dpts:38..75  robin:WdegOnDom-First  effs:81,360,990  asgs:(2947,noefs=0,fails=2463)  fails:1,133,624  wrgs:1,356,802  wck:366.0  ngds:48,393
    run1,511  dpts:39..106  robin:FrbaOnDom-Last  effs:81,544,801  asgs:(3434,noefs=0,fails=2586)  fails:1,136,210  wrgs:1,359,939  wck:366.7  ngds:48,419
    run1,512  dpts:12..18  robin:Wdeg-Rand  effs:81,751,650  asgs:(2959,noefs=0,fails=2715)  fails:1,138,925  wrgs:1,362,876  wck:367.5  ngds:48,470
    run1,513  dpts:60..147  robin:PickOnDom-First  effs:81,996,526  asgs:(3891,noefs=0,fails=2851)  fails:1,141,776  wrgs:1,366,510  wck:368.6  ngds:48,482
    run1,514  dpts:3..84  robin:WdegOnDom-Last  effs:82,260,143  asgs:(3545,noefs=0,fails=2993)  fails:1,144,769  wrgs:1,369,944  wck:369.7  ngds:48,574
    run1,515  dpts:16..99  robin:FrbaOnDom-Rand  effs:82,484,891  asgs:(4221,noefs=0,fails=3143)  fails:1,147,912  wrgs:1,373,846  wck:370.7  ngds:48,635
    run1,516  dpts:2..25  robin:Wdeg-First  effs:82,720,152  asgs:(3799,noefs=0,fails=3300)  fails:1,151,212  wrgs:1,377,602  wck:371.7  ngds:48,705
    run1,517  dpts:2..124  robin:PickOnDom-Last  effs:83,052,262  asgs:(5472,noefs=0,fails=3465)  fails:1,154,677  wrgs:1,382,515  wck:373.4  ngds:48,729
    run1,518  dpts:16..48  robin:WdegOnDom-Rand  effs:83,333,361  asgs:(4407,noefs=0,fails=3639)  fails:1,158,316  wrgs:1,386,765  wck:374.6  ngds:48,770
    run1,519  dpts:54..98  robin:FrbaOnDom-First  effs:83,600,244  asgs:(5735,noefs=2,fails=3821)  fails:1,162,137  wrgs:1,391,538  wck:376.0  ngds:48,803
    run1,520  dpts:1..15  robin:Wdeg-Last  effs:83,889,299  asgs:(4683,noefs=0,fails=4012)  fails:1,166,149  wrgs:1,396,184  wck:377.3  ngds:48,933
    run1,521  dpts:26..86  robin:PickOnDom-Rand  effs:84,078,680  asgs:(4707,noefs=0,fails=4212)  fails:1,170,361  wrgs:1,400,745  wck:378.2  ngds:49,001
    run1,522  dpts:70..85  robin:WdegOnDom-First  effs:84,379,771  asgs:(5347,noefs=0,fails=4423)  fails:1,174,784  wrgs:1,405,903  wck:379.7  ngds:49,048
    run1,523  dpts:7..114  robin:FrbaOnDom-Last  effs:84,738,586  asgs:(6762,noefs=0,fails=4644)  fails:1,179,428  wrgs:1,411,612  wck:381.4  ngds:49,083
    run1,524  dpts:6..15  robin:Wdeg-Rand  effs:85,046,686  asgs:(5200,noefs=0,fails=4876)  fails:1,184,304  wrgs:1,416,787  wck:382.6  ngds:49,173
    run1,525  dpts:27..112  robin:PickOnDom-First  effs:85,412,895  asgs:(6460,noefs=0,fails=5120)  fails:1,189,424  wrgs:1,422,923  wck:384.2  ngds:49,193
    run1,526  dpts:10..47  robin:WdegOnDom-Last  effs:85,841,313  asgs:(6264,noefs=0,fails=5376)  fails:1,194,800  wrgs:1,429,057  wck:386.1  ngds:49,268
    run1,527  dpts:17..79  robin:FrbaOnDom-Rand  effs:86,190,165  asgs:(6496,noefs=0,fails=5645)  fails:1,200,445  wrgs:1,435,351  wck:387.6  ngds:49,355
    run1,528  dpts:6..13  robin:Wdeg-First  effs:86,513,110  asgs:(6487,noefs=0,fails=5927)  fails:1,206,372  wrgs:1,441,805  wck:389.5  ngds:49,426
    run1,529  dpts:72..109  robin:PickOnDom-Last  effs:87,591,873  asgs:(7952,noefs=0,fails=6224)  fails:1,212,596  wrgs:1,449,426  wck:393.9  ngds:49,473
 ...resetting heuristics data (nValues:3,886 - nSingletons:186 - nEntailed:302)
    run1,530  dpts:45..58  robin:WdegOnDom-Rand  effs:88,088,065  asgs:(7772,noefs=0,fails=6535)  fails:1,219,131  wrgs:1,456,976  wck:396.3  ngds:49,598
 ...resetting restart cutoff to 90
    run1,531  dpts:104..143  robin:FrbaOnDom-First  effs:88,095,894  asgs:(277,noefs=0,fails=90)  fails:1,219,221  wrgs:1,457,130  wck:396.4  ngds:49,624
    run1,532  dpts:76..84  robin:Wdeg-Last  effs:88,108,221  asgs:(215,noefs=0,fails=94)  fails:1,219,315  wrgs:1,457,260  wck:396.5  ngds:49,652
    run1,533  dpts:27..55  robin:PickOnDom-Rand  effs:88,118,031  asgs:(243,noefs=0,fails=99)  fails:1,219,414  wrgs:1,457,415  wck:396.5  ngds:49,668
    run1,534  dpts:37..43  robin:WdegOnDom-First  effs:88,123,381  asgs:(158,noefs=0,fails=104)  fails:1,219,518  wrgs:1,457,533  wck:396.6  ngds:49,680
    run1,535  dpts:121..159  robin:FrbaOnDom-Last  effs:88,133,018  asgs:(321,noefs=0,fails=109)  fails:1,219,627  wrgs:1,457,687  wck:396.6  ngds:49,693
    run1,536  dpts:3..36  robin:Wdeg-Rand  effs:88,141,514  asgs:(160,noefs=0,fails=114)  fails:1,219,741  wrgs:1,457,812  wck:396.7  ngds:49,726
    run1,537  dpts:60..102  robin:PickOnDom-First  effs:88,151,590  asgs:(310,noefs=0,fails=120)  fails:1,219,861  wrgs:1,457,992  wck:396.8  ngds:49,729
    run1,538  dpts:16..24  robin:WdegOnDom-Last  effs:88,158,785  asgs:(159,noefs=0,fails=126)  fails:1,219,987  wrgs:1,458,128  wck:396.8  ngds:49,736
    run1,539  dpts:20..55  robin:FrbaOnDom-Rand  effs:88,167,136  asgs:(224,noefs=0,fails=132)  fails:1,220,119  wrgs:1,458,298  wck:396.8  ngds:49,745
    run1,540  dpts:5..9  robin:Wdeg-First  effs:88,175,290  asgs:(155,noefs=0,fails=139)  fails:1,220,258  wrgs:1,458,446  wck:396.9  ngds:49,753
    run1,541  dpts:64..69  robin:PickOnDom-Last  effs:88,194,479  asgs:(257,noefs=0,fails=146)  fails:1,220,404  wrgs:1,458,625  wck:397.0  ngds:49,777
    run1,542  dpts:3..39  robin:WdegOnDom-Rand  effs:88,202,261  asgs:(221,noefs=0,fails=153)  fails:1,220,557  wrgs:1,458,798  wck:397.0  ngds:49,789
    run1,543  dpts:54..138  robin:FrbaOnDom-First  effs:88,215,217  asgs:(433,noefs=0,fails=161)  fails:1,220,718  wrgs:1,459,104  wck:397.1  ngds:49,797
    run1,544  dpts:3..8  robin:Wdeg-Last  effs:88,225,593  asgs:(194,noefs=0,fails=169)  fails:1,220,887  wrgs:1,459,290  wck:397.2  ngds:49,826
    run1,545  dpts:37..67  robin:PickOnDom-Rand  effs:88,241,126  asgs:(280,noefs=0,fails=178)  fails:1,221,065  wrgs:1,459,507  wck:397.3  ngds:49,849
    run1,546  dpts:25..64  robin:WdegOnDom-First  effs:88,253,865  asgs:(276,noefs=0,fails=187)  fails:1,221,252  wrgs:1,459,716  wck:397.3  ngds:49,968
    run1,547  dpts:31..94  robin:FrbaOnDom-Last  effs:88,273,742  asgs:(351,noefs=0,fails=196)  fails:1,221,448  wrgs:1,459,977  wck:397.4  ngds:49,990
    run1,548  dpts:5..31  robin:Wdeg-Rand  effs:88,283,626  asgs:(249,noefs=0,fails=206)  fails:1,221,654  wrgs:1,460,196  wck:397.5  ngds:50,018
    run1,549  dpts:2..96  robin:PickOnDom-First  effs:88,306,421  asgs:(416,noefs=0,fails=216)  fails:1,221,870  wrgs:1,460,519  wck:397.6  ngds:50,029
    run1,550  dpts:38..49  robin:WdegOnDom-Last  effs:88,331,629  asgs:(389,noefs=0,fails=227)  fails:1,222,097  wrgs:1,460,845  wck:397.8  ngds:50,059
    run1,551  dpts:15..38  robin:FrbaOnDom-Rand  effs:88,355,327  asgs:(415,noefs=0,fails=238)  fails:1,222,335  wrgs:1,461,181  wck:397.9  ngds:50,063
    run1,552  dpts:5..18  robin:Wdeg-First  effs:88,367,630  asgs:(283,noefs=0,fails=250)  fails:1,222,585  wrgs:1,461,446  wck:398.0  ngds:50,113
    run1,553  dpts:17..82  robin:PickOnDom-Last  effs:88,392,662  asgs:(495,noefs=0,fails=263)  fails:1,222,848  wrgs:1,461,812  wck:398.1  ngds:50,125
    run1,554  dpts:14..49  robin:WdegOnDom-Rand  effs:88,403,871  asgs:(341,noefs=0,fails=276)  fails:1,223,124  wrgs:1,462,110  wck:398.2  ngds:50,160
    run1,555  dpts:14..26  robin:FrbaOnDom-First  effs:88,423,028  asgs:(328,noefs=0,fails=290)  fails:1,223,414  wrgs:1,462,414  wck:398.2  ngds:50,163
    run1,556  dpts:8..14  robin:Wdeg-Last  effs:88,446,041  asgs:(354,noefs=0,fails=304)  fails:1,223,718  wrgs:1,462,755  wck:398.3  ngds:50,209
    run1,557  dpts:21..58  robin:PickOnDom-Rand  effs:88,471,910  asgs:(420,noefs=0,fails=320)  fails:1,224,038  wrgs:1,463,116  wck:398.5  ngds:50,223
    run1,558  dpts:43..68  robin:WdegOnDom-First  effs:88,495,929  asgs:(451,noefs=0,fails=336)  fails:1,224,374  wrgs:1,463,495  wck:398.6  ngds:50,269
    run1,559  dpts:23..95  robin:FrbaOnDom-Last  effs:88,532,792  asgs:(573,noefs=0,fails=352)  fails:1,224,726  wrgs:1,463,963  wck:398.8  ngds:50,273
 ...resetting heuristics data (nValues:3,886 - nSingletons:186 - nEntailed:302)
    run1,560  dpts:21..42  robin:Wdeg-Rand  effs:88,552,673  asgs:(427,noefs=0,fails=370)  fails:1,225,096  wrgs:1,464,351  wck:398.9  ngds:50,325
    run1,561  dpts:51..87  robin:PickOnDom-First  effs:88,580,315  asgs:(604,noefs=0,fails=388)  fails:1,225,484  wrgs:1,464,841  wck:399.0  ngds:50,337
    run1,562  dpts:78..93  robin:WdegOnDom-Last  effs:88,618,683  asgs:(643,noefs=0,fails=408)  fails:1,225,892  wrgs:1,465,339  wck:399.2  ngds:50,359
    run1,563  dpts:35..85  robin:FrbaOnDom-Rand  effs:88,651,838  asgs:(729,noefs=0,fails=428)  fails:1,226,320  wrgs:1,465,929  wck:399.4  ngds:50,372
    run1,564  dpts:5..21  robin:Wdeg-First  effs:88,683,113  asgs:(543,noefs=0,fails=450)  fails:1,226,770  wrgs:1,466,455  wck:399.6  ngds:50,436
    run1,565  dpts:39..63  robin:PickOnDom-Last  effs:88,713,675  asgs:(774,noefs=0,fails=472)  fails:1,227,242  wrgs:1,467,110  wck:399.7  ngds:50,460
    run1,566  dpts:12..53  robin:WdegOnDom-Rand  effs:88,762,586  asgs:(790,noefs=0,fails=496)  fails:1,227,738  wrgs:1,467,765  wck:400.0  ngds:50,477
    run1,567  dpts:37..98  robin:FrbaOnDom-First  effs:88,795,711  asgs:(837,noefs=0,fails=521)  fails:1,228,259  wrgs:1,468,463  wck:400.2  ngds:50,494
    run1,568  dpts:5..10  robin:Wdeg-Last  effs:88,839,557  asgs:(672,noefs=0,fails=547)  fails:1,228,806  wrgs:1,469,121  wck:400.3  ngds:50,532
    run1,569  dpts:7..59  robin:PickOnDom-Rand  effs:88,881,587  asgs:(875,noefs=0,fails=574)  fails:1,229,380  wrgs:1,469,881  wck:400.6  ngds:50,650
    run1,570  dpts:53..72  robin:WdegOnDom-First  effs:88,932,866  asgs:(803,noefs=0,fails=603)  fails:1,229,983  wrgs:1,470,590  wck:400.8  ngds:50,670
    run1,571  dpts:83..147  robin:FrbaOnDom-Last  effs:88,978,247  asgs:(1036,noefs=1,fails=633)  fails:1,230,616  wrgs:1,471,373  wck:401.0  ngds:50,692
    run1,572  dpts:5..41  robin:Wdeg-Rand  effs:89,013,432  asgs:(742,noefs=0,fails=665)  fails:1,231,281  wrgs:1,472,078  wck:401.2  ngds:50,794
    run1,573  dpts:31..111  robin:PickOnDom-First  effs:89,052,265  asgs:(1095,noefs=0,fails=698)  fails:1,231,979  wrgs:1,472,971  wck:401.5  ngds:50,837
    run1,574  dpts:83..99  robin:WdegOnDom-Last  effs:89,098,997  asgs:(984,noefs=0,fails=733)  fails:1,232,712  wrgs:1,473,853  wck:401.7  ngds:50,857
    run1,575  dpts:9..110  robin:FrbaOnDom-Rand  effs:89,163,946  asgs:(1370,noefs=1,fails=770)  fails:1,233,482  wrgs:1,474,989  wck:402.0  ngds:50,880
    run1,576  dpts:4..19  robin:Wdeg-First  effs:89,218,737  asgs:(925,noefs=0,fails=808)  fails:1,234,290  wrgs:1,475,891  wck:402.3  ngds:50,945
    run1,577  dpts:25..81  robin:PickOnDom-Last  effs:89,250,665  asgs:(1056,noefs=0,fails=849)  fails:1,235,139  wrgs:1,476,879  wck:402.4  ngds:50,979
    run1,578  dpts:17..55  robin:WdegOnDom-Rand  effs:89,312,807  asgs:(1141,noefs=0,fails=891)  fails:1,236,030  wrgs:1,477,929  wck:402.7  ngds:51,045
    run1,579  dpts:44..130  robin:FrbaOnDom-First  effs:89,359,635  asgs:(1123,noefs=0,fails=936)  fails:1,236,966  wrgs:1,478,928  wck:403.0  ngds:51,095
    run1,580  dpts:4..13  robin:Wdeg-Last  effs:89,412,676  asgs:(1134,noefs=0,fails=982)  fails:1,237,948  wrgs:1,480,046  wck:403.2  ngds:51,199
    run1,581  dpts:20..52  robin:PickOnDom-Rand  effs:89,473,267  asgs:(1249,noefs=0,fails=1032)  fails:1,238,980  wrgs:1,481,230  wck:403.5  ngds:51,225
    run1,582  dpts:20..75  robin:WdegOnDom-First  effs:89,539,432  asgs:(1354,noefs=0,fails=1083)  fails:1,240,063  wrgs:1,482,488  wck:403.8  ngds:51,268
    run1,583  dpts:3..108  robin:FrbaOnDom-Last  effs:89,630,122  asgs:(1654,noefs=0,fails=1137)  fails:1,241,200  wrgs:1,483,924  wck:404.3  ngds:51,305
    run1,584  dpts:0..17  robin:Wdeg-Rand  effs:89,706,417  asgs:(1309,noefs=0,fails=1194)  fails:1,242,394  wrgs:1,485,215  wck:404.5  ngds:51,357
    run1,585  dpts:91..101  robin:PickOnDom-First  effs:89,821,688  asgs:(1689,noefs=0,fails=1254)  fails:1,243,648  wrgs:1,486,769  wck:405.1  ngds:51,393
    run1,586  dpts:14..53  robin:WdegOnDom-Last  effs:89,904,682  asgs:(1606,noefs=0,fails=1317)  fails:1,244,965  wrgs:1,488,286  wck:405.5  ngds:51,409
    run1,587  dpts:4..70  robin:FrbaOnDom-Rand  effs:89,971,470  asgs:(1512,noefs=0,fails=1383)  fails:1,246,348  wrgs:1,489,730  wck:405.8  ngds:51,469
    run1,588  dpts:2..10  robin:Wdeg-First  effs:90,030,408  asgs:(1662,noefs=0,fails=1452)  fails:1,247,800  wrgs:1,491,380  wck:406.1  ngds:51,538
    run1,589  dpts:12..89  robin:PickOnDom-Last  effs:90,141,897  asgs:(1955,noefs=0,fails=1524)  fails:1,249,324  wrgs:1,493,205  wck:406.6  ngds:51,606
 ...resetting heuristics data (nValues:3,884 - nSingletons:186 - nEntailed:302)
    run1,590  dpts:41..56  robin:WdegOnDom-Rand  effs:90,269,121  asgs:(1949,noefs=0,fails=1601)  fails:1,250,925  wrgs:1,495,042  wck:407.2  ngds:51,639
    run1,591  dpts:69..185  robin:FrbaOnDom-First  effs:90,469,445  asgs:(3762,noefs=3,fails=1681)  fails:1,252,606  wrgs:1,497,802  wck:408.3  ngds:51,658
    run1,592  dpts:72..84  robin:Wdeg-Last  effs:90,601,518  asgs:(2086,noefs=0,fails=1765)  fails:1,254,371  wrgs:1,499,780  wck:408.9  ngds:51,691
    run1,593  dpts:28..51  robin:PickOnDom-Rand  effs:90,736,931  asgs:(2402,noefs=0,fails=1853)  fails:1,256,224  wrgs:1,502,013  wck:409.5  ngds:51,755
    run1,594  dpts:32..79  robin:WdegOnDom-First  effs:90,886,716  asgs:(2401,noefs=0,fails=1946)  fails:1,258,170  wrgs:1,504,262  wck:410.2  ngds:51,803
    run1,595  dpts:54..143  robin:FrbaOnDom-Last  effs:91,067,209  asgs:(3742,noefs=0,fails=2043)  fails:1,260,213  wrgs:1,507,472  wck:411.2  ngds:51,840
    run1,596  dpts:4..38  robin:Wdeg-Rand  effs:91,182,141  asgs:(2353,noefs=0,fails=2145)  fails:1,262,358  wrgs:1,509,781  wck:411.7  ngds:51,910
    run1,597  dpts:63..87  robin:PickOnDom-First  effs:91,354,730  asgs:(3105,noefs=0,fails=2252)  fails:1,264,610  wrgs:1,512,623  wck:412.4  ngds:51,935
    run1,598  dpts:8..48  robin:WdegOnDom-Last  effs:91,561,074  asgs:(2801,noefs=0,fails=2365)  fails:1,266,975  wrgs:1,515,342  wck:413.3  ngds:52,008
    run1,599  dpts:30..70  robin:FrbaOnDom-Rand  effs:91,740,858  asgs:(3062,noefs=1,fails=2483)  fails:1,269,458  wrgs:1,518,244  wck:414.1  ngds:52,061
    run1,600  dpts:3..13  robin:Wdeg-First  effs:91,840,420  asgs:(2906,noefs=0,fails=2607)  fails:1,272,065  wrgs:1,521,125  wck:414.7  ngds:52,117
    run1,601  dpts:3..105  robin:PickOnDom-Last  effs:92,040,793  asgs:(4377,noefs=0,fails=2738)  fails:1,274,803  wrgs:1,524,937  wck:415.9  ngds:52,155
    run1,602  dpts:26..55  robin:WdegOnDom-Rand  effs:92,230,022  asgs:(3267,noefs=0,fails=2875)  fails:1,277,678  wrgs:1,528,110  wck:416.8  ngds:52,254
    run1,603  dpts:16..71  robin:FrbaOnDom-First  effs:92,431,098  asgs:(3749,noefs=0,fails=3019)  fails:1,280,697  wrgs:1,531,714  wck:417.7  ngds:52,339
    run1,604  dpts:1..16  robin:Wdeg-Last  effs:92,597,135  asgs:(3376,noefs=0,fails=3170)  fails:1,283,867  wrgs:1,535,064  wck:418.4  ngds:52,449
    run1,605  dpts:7..62  robin:PickOnDom-Rand  effs:92,861,112  asgs:(4754,noefs=0,fails=3328)  fails:1,287,195  wrgs:1,539,332  wck:419.8  ngds:52,482
    run1,606  dpts:67..97  robin:WdegOnDom-First  effs:93,097,053  asgs:(4105,noefs=0,fails=3494)  fails:1,290,689  wrgs:1,543,291  wck:420.7  ngds:52,549
    run1,607  dpts:43..82  robin:FrbaOnDom-Last  effs:93,334,254  asgs:(5045,noefs=3,fails=3669)  fails:1,294,358  wrgs:1,547,753  wck:421.9  ngds:52,647
    run1,608  dpts:8..14  robin:Wdeg-Rand  effs:93,538,405  asgs:(4034,noefs=0,fails=3853)  fails:1,298,211  wrgs:1,551,768  wck:422.8  ngds:52,704
    run1,609  dpts:58..83  robin:PickOnDom-First  effs:94,249,111  asgs:(5836,noefs=0,fails=4045)  fails:1,302,256  wrgs:1,557,330  wck:425.9  ngds:52,720
    run1,610  dpts:36..47  robin:WdegOnDom-Last  effs:94,569,252  asgs:(5243,noefs=0,fails=4248)  fails:1,306,504  wrgs:1,562,356  wck:427.2  ngds:52,752
    run1,611  dpts:9..106  robin:FrbaOnDom-Rand  effs:94,844,642  asgs:(5613,noefs=0,fails=4460)  fails:1,310,964  wrgs:1,567,633  wck:428.5  ngds:52,830
    run1,612  dpts:2..22  robin:Wdeg-First  effs:95,058,045  asgs:(5176,noefs=0,fails=4683)  fails:1,315,647  wrgs:1,572,775  wck:429.6  ngds:52,934
    run1,613  dpts:70..145  robin:PickOnDom-Last  effs:95,579,283  asgs:(6592,noefs=0,fails=4917)  fails:1,320,564  wrgs:1,578,914  wck:432.0  ngds:52,951
    run1,614  dpts:33..53  robin:WdegOnDom-Rand  effs:95,978,879  asgs:(6025,noefs=0,fails=5163)  fails:1,325,727  wrgs:1,584,799  wck:433.8  ngds:52,970
    run1,615  dpts:51..90  robin:FrbaOnDom-First  effs:96,257,847  asgs:(6492,noefs=0,fails=5421)  fails:1,331,148  wrgs:1,591,002  wck:435.1  ngds:53,015
    run1,616  dpts:5..14  robin:Wdeg-Last  effs:96,603,668  asgs:(6195,noefs=0,fails=5692)  fails:1,336,840  wrgs:1,597,172  wck:436.2  ngds:53,112
    run1,617  dpts:41..67  robin:PickOnDom-Rand  effs:96,987,143  asgs:(6845,noefs=0,fails=5977)  fails:1,342,817  wrgs:1,603,786  wck:438.1  ngds:53,154
    run1,618  dpts:88..98  robin:WdegOnDom-First  effs:97,634,443  asgs:(8039,noefs=0,fails=6276)  fails:1,349,093  wrgs:1,611,521  wck:440.9  ngds:53,190
    run1,619  dpts:37..92  robin:FrbaOnDom-Last  effs:98,048,702  asgs:(8013,noefs=1,fails=6590)  fails:1,355,683  wrgs:1,619,043  wck:442.9  ngds:53,230
 ...resetting heuristics data (nValues:3,884 - nSingletons:186 - nEntailed:302)
    run1,620  dpts:30..41  robin:Wdeg-Rand  effs:98,416,020  asgs:(7393,noefs=0,fails=6919)  fails:1,362,602  wrgs:1,626,392  wck:444.5  ngds:53,284
 ...resetting restart cutoff to 95
    run1,621  dpts:53..87  robin:PickOnDom-First  effs:98,428,551  asgs:(260,noefs=0,fails=95)  fails:1,362,697  wrgs:1,626,544  wck:444.5  ngds:53,292
    run1,622  dpts:75..83  robin:WdegOnDom-Last  effs:98,436,466  asgs:(203,noefs=0,fails=99)  fails:1,362,796  wrgs:1,626,660  wck:444.6  ngds:53,307
    run1,623  dpts:52..98  robin:FrbaOnDom-Rand  effs:98,446,779  asgs:(234,noefs=0,fails=104)  fails:1,362,900  wrgs:1,626,815  wck:444.7  ngds:53,310
    run1,624  dpts:5..45  robin:Wdeg-First  effs:98,456,754  asgs:(206,noefs=0,fails=109)  fails:1,363,009  wrgs:1,626,964  wck:444.7  ngds:53,332
    run1,625  dpts:8..37  robin:PickOnDom-Last  effs:98,472,856  asgs:(203,noefs=0,fails=115)  fails:1,363,124  wrgs:1,627,128  wck:444.8  ngds:53,365
    run1,626  dpts:8..52  robin:WdegOnDom-Rand  effs:98,482,863  asgs:(203,noefs=0,fails=121)  fails:1,363,245  wrgs:1,627,278  wck:444.9  ngds:53,377
    run1,627  dpts:71..124  robin:FrbaOnDom-First  effs:98,493,803  asgs:(342,noefs=0,fails=127)  fails:1,363,372  wrgs:1,627,489  wck:445.0  ngds:53,379
    run1,628  dpts:6..31  robin:Wdeg-Last  effs:98,501,237  asgs:(177,noefs=0,fails=133)  fails:1,363,505  wrgs:1,627,637  wck:445.0  ngds:53,462
    run1,629  dpts:11..53  robin:PickOnDom-Rand  effs:98,510,591  asgs:(222,noefs=0,fails=140)  fails:1,363,645  wrgs:1,627,797  wck:445.1  ngds:53,504
    run1,630  dpts:35..72  robin:WdegOnDom-First  effs:98,522,759  asgs:(273,noefs=0,fails=147)  fails:1,363,792  wrgs:1,627,985  wck:445.2  ngds:53,511
    run1,631  dpts:18..128  robin:FrbaOnDom-Last  effs:98,548,937  asgs:(394,noefs=0,fails=154)  fails:1,363,946  wrgs:1,628,270  wck:445.3  ngds:53,523
    run1,632  dpts:5..20  robin:Wdeg-Rand  effs:98,559,258  asgs:(202,noefs=0,fails=162)  fails:1,364,108  wrgs:1,628,452  wck:445.4  ngds:53,584
    run1,633  dpts:39..76  robin:PickOnDom-First  effs:98,574,407  asgs:(369,noefs=0,fails=170)  fails:1,364,278  wrgs:1,628,703  wck:445.5  ngds:53,615
    run1,634  dpts:31..91  robin:WdegOnDom-Last  effs:98,579,116  asgs:(289,noefs=0,fails=179)  fails:1,364,457  wrgs:1,628,905  wck:445.5  ngds:53,662
    run1,635  dpts:32..81  robin:FrbaOnDom-Rand  effs:98,596,606  asgs:(428,noefs=0,fails=188)  fails:1,364,645  wrgs:1,629,236  wck:445.6  ngds:53,674
    run1,636  dpts:5..16  robin:Wdeg-First  effs:98,608,875  asgs:(227,noefs=0,fails=197)  fails:1,364,842  wrgs:1,629,448  wck:445.7  ngds:53,711
    run1,637  dpts:28..73  robin:PickOnDom-Last  effs:98,624,652  asgs:(389,noefs=0,fails=207)  fails:1,365,049  wrgs:1,629,733  wck:445.8  ngds:53,742
    run1,638  dpts:36..59  robin:WdegOnDom-Rand  effs:98,648,245  asgs:(323,noefs=0,fails=217)  fails:1,365,266  wrgs:1,629,996  wck:445.9  ngds:53,764
    run1,639  dpts:27..129  robin:FrbaOnDom-First  effs:98,675,639  asgs:(505,noefs=0,fails=228)  fails:1,365,494  wrgs:1,630,348  wck:446.0  ngds:53,789
    run1,640  dpts:9..19  robin:Wdeg-Last  effs:98,689,081  asgs:(285,noefs=0,fails=240)  fails:1,365,734  wrgs:1,630,615  wck:446.1  ngds:53,848
    run1,641  dpts:24..49  robin:PickOnDom-Rand  effs:98,708,139  asgs:(358,noefs=0,fails=252)  fails:1,365,986  wrgs:1,630,922  wck:446.2  ngds:53,889
    run1,642  dpts:38..56  robin:WdegOnDom-First  effs:98,733,099  asgs:(405,noefs=0,fails=264)  fails:1,366,250  wrgs:1,631,258  wck:446.3  ngds:53,919
    run1,643  dpts:12..50  robin:FrbaOnDom-Last  effs:98,745,945  asgs:(375,noefs=0,fails=277)  fails:1,366,527  wrgs:1,631,584  wck:446.4  ngds:53,955
    run1,644  dpts:3..6  robin:Wdeg-Rand  effs:98,760,596  asgs:(318,noefs=0,fails=291)  fails:1,366,818  wrgs:1,631,898  wck:446.4  ngds:54,014
    run1,645  dpts:54..87  robin:PickOnDom-First  effs:98,784,488  asgs:(471,noefs=0,fails=306)  fails:1,367,124  wrgs:1,632,265  wck:446.6  ngds:54,041
    run1,646  dpts:41..52  robin:WdegOnDom-Last  effs:98,811,431  asgs:(421,noefs=0,fails=321)  fails:1,367,445  wrgs:1,632,634  wck:446.7  ngds:54,068
    run1,647  dpts:15..110  robin:FrbaOnDom-Rand  effs:98,834,963  asgs:(606,noefs=0,fails=337)  fails:1,367,782  wrgs:1,633,127  wck:446.9  ngds:54,105
    run1,648  dpts:2..13  robin:Wdeg-First  effs:98,854,697  asgs:(401,noefs=0,fails=354)  fails:1,368,136  wrgs:1,633,515  wck:447.0  ngds:54,161
    run1,649  dpts:4..72  robin:PickOnDom-Last  effs:98,879,481  asgs:(606,noefs=0,fails=372)  fails:1,368,508  wrgs:1,634,000  wck:447.1  ngds:54,167
 ...resetting heuristics data (nValues:3,884 - nSingletons:186 - nEntailed:302)
    run1,650  dpts:31..45  robin:WdegOnDom-Rand  effs:98,907,751  asgs:(506,noefs=0,fails=391)  fails:1,368,899  wrgs:1,634,447  wck:447.2  ngds:54,226
    run1,651  dpts:74..128  robin:FrbaOnDom-First  effs:98,938,770  asgs:(622,noefs=0,fails=410)  fails:1,369,309  wrgs:1,634,980  wck:447.4  ngds:54,238
    run1,652  dpts:75..86  robin:Wdeg-Last  effs:98,964,604  asgs:(568,noefs=0,fails=431)  fails:1,369,740  wrgs:1,635,461  wck:447.5  ngds:54,244
    run1,653  dpts:27..53  robin:PickOnDom-Rand  effs:98,994,224  asgs:(693,noefs=0,fails=452)  fails:1,370,192  wrgs:1,636,041  wck:447.7  ngds:54,255
    run1,654  dpts:49..63  robin:WdegOnDom-First  effs:99,028,633  asgs:(692,noefs=0,fails=475)  fails:1,370,667  wrgs:1,636,622  wck:447.9  ngds:54,294
    run1,655  dpts:17..128  robin:FrbaOnDom-Last  effs:99,056,942  asgs:(882,noefs=1,fails=499)  fails:1,371,166  wrgs:1,637,354  wck:448.1  ngds:54,327
    run1,656  dpts:3..34  robin:Wdeg-Rand  effs:99,087,161  asgs:(603,noefs=0,fails=524)  fails:1,371,690  wrgs:1,637,916  wck:448.2  ngds:54,379
    run1,657  dpts:55..102  robin:PickOnDom-First  effs:99,122,656  asgs:(1140,noefs=0,fails=550)  fails:1,372,240  wrgs:1,638,755  wck:448.5  ngds:54,387
    run1,658  dpts:16..63  robin:WdegOnDom-Last  effs:99,158,829  asgs:(724,noefs=0,fails=577)  fails:1,372,817  wrgs:1,639,404  wck:448.7  ngds:54,415
    run1,659  dpts:15..70  robin:FrbaOnDom-Rand  effs:99,198,237  asgs:(819,noefs=0,fails=606)  fails:1,373,423  wrgs:1,640,136  wck:448.9  ngds:54,437
    run1,660  dpts:4..25  robin:Wdeg-First  effs:99,234,278  asgs:(839,noefs=0,fails=636)  fails:1,374,059  wrgs:1,640,949  wck:449.1  ngds:54,516
    run1,661  dpts:41..92  robin:PickOnDom-Last  effs:99,284,577  asgs:(961,noefs=0,fails=668)  fails:1,374,727  wrgs:1,641,751  wck:449.3  ngds:54,538
    run1,662  dpts:25..39  robin:WdegOnDom-Rand  effs:99,335,159  asgs:(834,noefs=0,fails=702)  fails:1,375,429  wrgs:1,642,540  wck:449.5  ngds:54,608
    run1,663  dpts:54..118  robin:FrbaOnDom-First  effs:99,392,979  asgs:(1139,noefs=0,fails=737)  fails:1,376,166  wrgs:1,643,525  wck:449.8  ngds:54,634
    run1,664  dpts:5..15  robin:Wdeg-Last  effs:99,429,196  asgs:(873,noefs=0,fails=774)  fails:1,376,940  wrgs:1,644,380  wck:449.9  ngds:54,708
    run1,665  dpts:35..65  robin:PickOnDom-Rand  effs:99,491,382  asgs:(1039,noefs=0,fails=812)  fails:1,377,752  wrgs:1,645,323  wck:450.2  ngds:54,729
    run1,666  dpts:54..76  robin:WdegOnDom-First  effs:99,552,317  asgs:(1110,noefs=0,fails=853)  fails:1,378,605  wrgs:1,646,310  wck:450.6  ngds:54,814
    run1,667  dpts:24..46  robin:FrbaOnDom-Last  effs:99,602,703  asgs:(1121,noefs=0,fails=896)  fails:1,379,501  wrgs:1,647,358  wck:450.8  ngds:54,831
    run1,668  dpts:6..21  robin:Wdeg-Rand  effs:99,657,979  asgs:(1033,noefs=0,fails=941)  fails:1,380,442  wrgs:1,648,371  wck:451.0  ngds:54,916
    run1,669  dpts:72..90  robin:PickOnDom-First  effs:99,768,513  asgs:(1384,noefs=0,fails=988)  fails:1,381,430  wrgs:1,649,626  wck:451.5  ngds:54,954
    run1,670  dpts:10..76  robin:WdegOnDom-Last  effs:99,835,943  asgs:(1292,noefs=0,fails=1037)  fails:1,382,467  wrgs:1,650,822  wck:451.8  ngds:54,976
    run1,671  dpts:10..80  robin:FrbaOnDom-Rand  effs:99,946,054  asgs:(1767,noefs=0,fails=1089)  fails:1,383,556  wrgs:1,652,288  wck:452.4  ngds:55,004
    run1,672  dpts:4..18  robin:Wdeg-First  effs:100,033,291  asgs:(1303,noefs=0,fails=1143)  fails:1,384,699  wrgs:1,653,553  wck:452.8  ngds:55,113
    run1,673  dpts:27..98  robin:PickOnDom-Last  effs:100,112,197  asgs:(1989,noefs=0,fails=1201)  fails:1,385,900  wrgs:1,655,234  wck:453.2  ngds:55,164
    run1,674  dpts:19..58  robin:WdegOnDom-Rand  effs:100,200,709  asgs:(1565,noefs=0,fails=1261)  fails:1,387,161  wrgs:1,656,712  wck:453.7  ngds:55,194
    run1,675  dpts:6..113  robin:FrbaOnDom-First  effs:100,253,469  asgs:(1637,noefs=0,fails=1324)  fails:1,388,485  wrgs:1,658,221  wck:453.9  ngds:55,228
    run1,676  dpts:5..15  robin:Wdeg-Last  effs:100,331,742  asgs:(1546,noefs=0,fails=1390)  fails:1,389,875  wrgs:1,659,747  wck:454.2  ngds:55,337
    run1,677  dpts:2..61  robin:PickOnDom-Rand  effs:100,477,970  asgs:(2060,noefs=0,fails=1459)  fails:1,391,334  wrgs:1,661,642  wck:455.0  ngds:55,367
    run1,678  dpts:78..121  robin:WdegOnDom-First  effs:100,562,646  asgs:(1979,noefs=0,fails=1532)  fails:1,392,866  wrgs:1,663,459  wck:455.4  ngds:55,462
    run1,679  dpts:23..77  robin:FrbaOnDom-Last  effs:100,677,828  asgs:(2569,noefs=0,fails=1609)  fails:1,394,475  wrgs:1,665,675  wck:455.9  ngds:55,495
 ...resetting heuristics data (nValues:3,884 - nSingletons:186 - nEntailed:302)
    run1,680  dpts:33..49  robin:Wdeg-Rand  effs:100,772,965  asgs:(1893,noefs=0,fails=1690)  fails:1,396,165  wrgs:1,667,509  wck:456.3  ngds:55,518
    run1,681  dpts:57..84  robin:PickOnDom-First  effs:100,864,679  asgs:(2185,noefs=0,fails=1774)  fails:1,397,939  wrgs:1,669,534  wck:456.7  ngds:55,562
    run1,682  dpts:71..94  robin:WdegOnDom-Last  effs:100,993,868  asgs:(2284,noefs=0,fails=1863)  fails:1,399,802  wrgs:1,671,657  wck:457.3  ngds:55,631
    run1,683  dpts:8..88  robin:FrbaOnDom-Rand  effs:101,133,418  asgs:(2912,noefs=1,fails=1956)  fails:1,401,758  wrgs:1,674,226  wck:458.1  ngds:55,646
    run1,684  dpts:4..40  robin:Wdeg-First  effs:101,256,940  asgs:(2323,noefs=0,fails=2054)  fails:1,403,812  wrgs:1,676,480  wck:458.8  ngds:55,704
    run1,685  dpts:21..51  robin:PickOnDom-Last  effs:101,407,283  asgs:(3110,noefs=0,fails=2156)  fails:1,405,968  wrgs:1,679,340  wck:459.5  ngds:55,726
    run1,686  dpts:13..49  robin:WdegOnDom-Rand  effs:101,556,802  asgs:(2757,noefs=0,fails=2264)  fails:1,408,232  wrgs:1,681,946  wck:460.3  ngds:55,767
    run1,687  dpts:91..151  robin:FrbaOnDom-First  effs:101,704,123  asgs:(3281,noefs=0,fails=2378)  fails:1,410,610  wrgs:1,684,982  wck:460.9  ngds:55,774
    run1,688  dpts:5..17  robin:Wdeg-Last  effs:101,858,962  asgs:(2647,noefs=0,fails=2496)  fails:1,413,106  wrgs:1,687,606  wck:461.6  ngds:55,818
    run1,689  dpts:6..58  robin:PickOnDom-Rand  effs:102,084,360  asgs:(3410,noefs=0,fails=2621)  fails:1,415,727  wrgs:1,690,780  wck:462.7  ngds:55,843
    run1,690  dpts:65..87  robin:WdegOnDom-First  effs:102,233,484  asgs:(3347,noefs=0,fails=2752)  fails:1,418,479  wrgs:1,693,971  wck:463.3  ngds:55,863
    run1,691  dpts:13..124  robin:FrbaOnDom-Last  effs:102,469,054  asgs:(4339,noefs=2,fails=2890)  fails:1,421,369  wrgs:1,697,739  wck:464.5  ngds:55,928
    run1,692  dpts:5..22  robin:Wdeg-Rand  effs:102,636,393  asgs:(3290,noefs=0,fails=3035)  fails:1,424,404  wrgs:1,700,995  wck:465.1  ngds:55,984
    run1,693  dpts:24..125  robin:PickOnDom-First  effs:102,914,697  asgs:(4187,noefs=2,fails=3186)  fails:1,427,590  wrgs:1,704,852  wck:466.5  ngds:56,000
    run1,694  dpts:22..61  robin:WdegOnDom-Last  effs:103,188,073  asgs:(4010,noefs=0,fails=3346)  fails:1,430,936  wrgs:1,708,690  wck:467.7  ngds:56,103
    run1,695  dpts:16..95  robin:FrbaOnDom-Rand  effs:103,450,254  asgs:(4776,noefs=1,fails=3513)  fails:1,434,449  wrgs:1,713,095  wck:469.0  ngds:56,139
    run1,696  dpts:1..21  robin:Wdeg-First  effs:103,696,758  asgs:(4212,noefs=0,fails=3689)  fails:1,438,138  wrgs:1,717,218  wck:470.1  ngds:56,223
    run1,697  dpts:32..75  robin:PickOnDom-Last  effs:103,922,274  asgs:(4863,noefs=0,fails=3873)  fails:1,442,011  wrgs:1,721,756  wck:471.1  ngds:56,240
    run1,698  dpts:12..45  robin:WdegOnDom-Rand  effs:104,256,755  asgs:(5082,noefs=0,fails=4067)  fails:1,446,078  wrgs:1,726,649  wck:472.6  ngds:56,303
    run1,699  dpts:45..101  robin:FrbaOnDom-First  effs:104,555,885  asgs:(5688,noefs=0,fails=4270)  fails:1,450,348  wrgs:1,731,893  wck:473.9  ngds:56,332
    run1,700  dpts:1..20  robin:Wdeg-Last  effs:104,886,112  asgs:(5086,noefs=0,fails=4484)  fails:1,454,832  wrgs:1,736,945  wck:475.3  ngds:56,443
    run1,701  dpts:15..56  robin:PickOnDom-Rand  effs:105,210,368  asgs:(6140,noefs=0,fails=4708)  fails:1,459,540  wrgs:1,742,608  wck:476.8  ngds:56,471
    run1,702  dpts:64..80  robin:WdegOnDom-First  effs:105,540,060  asgs:(5787,noefs=0,fails=4943)  fails:1,464,483  wrgs:1,748,219  wck:478.4  ngds:56,519
    run1,703  dpts:10..71  robin:FrbaOnDom-Last  effs:105,897,985  asgs:(6375,noefs=0,fails=5190)  fails:1,469,673  wrgs:1,754,312  wck:479.9  ngds:56,572
    run1,704  dpts:8..16  robin:Wdeg-Rand  effs:106,268,555  asgs:(5895,noefs=0,fails=5450)  fails:1,475,123  wrgs:1,760,174  wck:481.3  ngds:56,690
    run1,705  dpts:50..101  robin:PickOnDom-First  effs:106,717,145  asgs:(7512,noefs=0,fails=5723)  fails:1,480,846  wrgs:1,767,048  wck:483.5  ngds:56,729
    run1,706  dpts:29..57  robin:WdegOnDom-Last  effs:107,364,042  asgs:(7361,noefs=0,fails=6009)  fails:1,486,855  wrgs:1,774,125  wck:486.4  ngds:56,773
    run1,707  dpts:26..85  robin:FrbaOnDom-Rand  effs:107,848,591  asgs:(8278,noefs=0,fails=6309)  fails:1,493,164  wrgs:1,781,950  wck:488.7  ngds:56,801
    run1,708  dpts:7..17  robin:Wdeg-First  effs:108,176,374  asgs:(7586,noefs=0,fails=6625)  fails:1,499,789  wrgs:1,789,476  wck:490.4  ngds:56,861
    run1,709  dpts:4..124  robin:PickOnDom-Last  effs:108,663,447  asgs:(9132,noefs=0,fails=6956)  fails:1,506,745  wrgs:1,798,045  wck:492.7  ngds:56,902
 ...resetting heuristics data (nValues:3,884 - nSingletons:186 - nEntailed:302)
    run1,710  dpts:26..42  robin:WdegOnDom-Rand  effs:109,223,751  asgs:(8790,noefs=0,fails=7304)  fails:1,514,049  wrgs:1,806,528  wck:495.2  ngds:56,962
 ...resetting restart cutoff to 100
    run1,711  dpts:126..201  robin:FrbaOnDom-First  effs:109,230,998  asgs:(320,noefs=0,fails=100)  fails:1,514,149  wrgs:1,806,653  wck:495.3  ngds:56,974
    run1,712  dpts:72..80  robin:Wdeg-Last  effs:109,239,802  asgs:(201,noefs=0,fails=105)  fails:1,514,254  wrgs:1,806,770  wck:495.4  ngds:56,993
    run1,713  dpts:33..56  robin:PickOnDom-Rand  effs:109,250,652  asgs:(270,noefs=0,fails=110)  fails:1,514,364  wrgs:1,806,950  wck:495.5  ngds:56,999
    run1,714  dpts:54..64  robin:WdegOnDom-First  effs:109,257,725  asgs:(195,noefs=0,fails=115)  fails:1,514,479  wrgs:1,807,082  wck:495.5  ngds:57,020
    run1,715  dpts:16..147  robin:FrbaOnDom-Last  effs:109,269,423  asgs:(319,noefs=0,fails=121)  fails:1,514,600  wrgs:1,807,319  wck:495.6  ngds:57,025
    run1,716  dpts:7..37  robin:Wdeg-Rand  effs:109,275,967  asgs:(168,noefs=0,fails=127)  fails:1,514,727  wrgs:1,807,453  wck:495.6  ngds:57,037
    run1,717  dpts:45..101  robin:PickOnDom-First  effs:109,287,692  asgs:(365,noefs=0,fails=134)  fails:1,514,861  wrgs:1,807,670  wck:495.7  ngds:57,052
    run1,718  dpts:32..46  robin:WdegOnDom-Last  effs:109,295,756  asgs:(203,noefs=0,fails=140)  fails:1,515,001  wrgs:1,807,834  wck:495.8  ngds:57,098
    run1,719  dpts:31..86  robin:FrbaOnDom-Rand  effs:109,303,537  asgs:(258,noefs=0,fails=147)  fails:1,515,148  wrgs:1,808,008  wck:495.8  ngds:57,130
    run1,720  dpts:13..19  robin:Wdeg-First  effs:109,313,362  asgs:(187,noefs=0,fails=155)  fails:1,515,303  wrgs:1,808,179  wck:495.9  ngds:57,162
    run1,721  dpts:8..36  robin:PickOnDom-Last  effs:109,320,701  asgs:(220,noefs=0,fails=162)  fails:1,515,465  wrgs:1,808,375  wck:495.9  ngds:57,223
    run1,722  dpts:14..28  robin:WdegOnDom-Rand  effs:109,334,464  asgs:(213,noefs=0,fails=171)  fails:1,515,636  wrgs:1,808,569  wck:496.0  ngds:57,232
    run1,723  dpts:17..78  robin:FrbaOnDom-First  effs:109,348,273  asgs:(354,noefs=0,fails=179)  fails:1,515,815  wrgs:1,808,834  wck:496.1  ngds:57,252
    run1,724  dpts:3..8  robin:Wdeg-Last  effs:109,370,916  asgs:(247,noefs=0,fails=188)  fails:1,516,003  wrgs:1,809,074  wck:496.2  ngds:57,279
    run1,725  dpts:1..44  robin:PickOnDom-Rand  effs:109,387,632  asgs:(317,noefs=0,fails=197)  fails:1,516,200  wrgs:1,809,331  wck:496.3  ngds:57,322
    run1,726  dpts:57..61  robin:WdegOnDom-First  effs:109,401,716  asgs:(298,noefs=0,fails=207)  fails:1,516,407  wrgs:1,809,567  wck:496.3  ngds:57,339
    run1,727  dpts:36..147  robin:FrbaOnDom-Last  effs:109,423,517  asgs:(581,noefs=0,fails=218)  fails:1,516,625  wrgs:1,809,994  wck:496.5  ngds:57,352
    run1,728  dpts:5..8  robin:Wdeg-Rand  effs:109,435,636  asgs:(270,noefs=0,fails=229)  fails:1,516,854  wrgs:1,810,256  wck:496.6  ngds:57,380
    run1,729  dpts:73..134  robin:PickOnDom-First  effs:109,448,476  asgs:(407,noefs=0,fails=240)  fails:1,517,094  wrgs:1,810,534  wck:496.6  ngds:57,392
    run1,730  dpts:30..48  robin:WdegOnDom-Last  effs:109,465,888  asgs:(350,noefs=0,fails=252)  fails:1,517,346  wrgs:1,810,847  wck:496.7  ngds:57,422
    run1,731  dpts:5..50  robin:FrbaOnDom-Rand  effs:109,481,330  asgs:(370,noefs=0,fails=265)  fails:1,517,611  wrgs:1,811,168  wck:496.8  ngds:57,440
    run1,732  dpts:4..27  robin:Wdeg-First  effs:109,495,499  asgs:(336,noefs=0,fails=278)  fails:1,517,889  wrgs:1,811,474  wck:496.9  ngds:57,519
    run1,733  dpts:2..61  robin:PickOnDom-Last  effs:109,506,891  asgs:(421,noefs=0,fails=292)  fails:1,518,181  wrgs:1,811,829  wck:496.9  ngds:57,525
    run1,734  dpts:22..35  robin:WdegOnDom-Rand  effs:109,532,579  asgs:(407,noefs=0,fails=307)  fails:1,518,488  wrgs:1,812,187  wck:497.1  ngds:57,548
    run1,735  dpts:5..87  robin:FrbaOnDom-First  effs:109,563,174  asgs:(621,noefs=0,fails=322)  fails:1,518,810  wrgs:1,812,656  wck:497.2  ngds:57,575
    run1,736  dpts:2..30  robin:Wdeg-Last  effs:109,584,881  asgs:(396,noefs=0,fails=338)  fails:1,519,148  wrgs:1,813,022  wck:497.3  ngds:57,620
    run1,737  dpts:8..65  robin:PickOnDom-Rand  effs:109,607,914  asgs:(494,noefs=0,fails=355)  fails:1,519,503  wrgs:1,813,471  wck:497.4  ngds:57,626
    run1,738  dpts:59..63  robin:WdegOnDom-First  effs:109,629,945  asgs:(480,noefs=0,fails=373)  fails:1,519,876  wrgs:1,813,886  wck:497.5  ngds:57,639
    run1,739  dpts:21..81  robin:FrbaOnDom-Last  effs:109,655,867  asgs:(751,noefs=0,fails=392)  fails:1,520,268  wrgs:1,814,398  wck:497.7  ngds:57,656
 ...resetting heuristics data (nValues:3,884 - nSingletons:186 - nEntailed:302)
    run1,740  dpts:34..41  robin:Wdeg-Rand  effs:109,675,497  asgs:(471,noefs=0,fails=411)  fails:1,520,679  wrgs:1,814,829  wck:497.8  ngds:57,711
    run1,741  dpts:52..66  robin:PickOnDom-First  effs:109,719,294  asgs:(653,noefs=0,fails=432)  fails:1,521,111  wrgs:1,815,398  wck:498.0  ngds:57,745
    run1,742  dpts:72..84  robin:WdegOnDom-Last  effs:109,750,954  asgs:(624,noefs=0,fails=453)  fails:1,521,564  wrgs:1,815,920  wck:498.1  ngds:57,782
    run1,743  dpts:14..129  robin:FrbaOnDom-Rand  effs:109,791,886  asgs:(997,noefs=0,fails=476)  fails:1,522,040  wrgs:1,816,772  wck:498.4  ngds:57,796
    run1,744  dpts:8..54  robin:Wdeg-First  effs:109,829,671  asgs:(662,noefs=0,fails=500)  fails:1,522,540  wrgs:1,817,359  wck:498.6  ngds:57,824
    run1,745  dpts:36..57  robin:PickOnDom-Last  effs:109,861,960  asgs:(634,noefs=0,fails=525)  fails:1,523,065  wrgs:1,817,939  wck:498.8  ngds:57,863
    run1,746  dpts:6..49  robin:WdegOnDom-Rand  effs:109,903,284  asgs:(727,noefs=0,fails=551)  fails:1,523,616  wrgs:1,818,591  wck:499.0  ngds:57,876
    run1,747  dpts:58..140  robin:FrbaOnDom-First  effs:109,943,834  asgs:(951,noefs=0,fails=579)  fails:1,524,195  wrgs:1,819,383  wck:499.2  ngds:57,885
    run1,748  dpts:5..12  robin:Wdeg-Last  effs:109,972,088  asgs:(655,noefs=0,fails=608)  fails:1,524,803  wrgs:1,820,028  wck:499.4  ngds:57,915
    run1,749  dpts:5..76  robin:PickOnDom-Rand  effs:110,003,765  asgs:(931,noefs=0,fails=638)  fails:1,525,441  wrgs:1,820,812  wck:499.6  ngds:57,993
    run1,750  dpts:54..75  robin:WdegOnDom-First  effs:110,060,936  asgs:(935,noefs=0,fails=670)  fails:1,526,111  wrgs:1,821,621  wck:499.8  ngds:58,043
    run1,751  dpts:6..120  robin:FrbaOnDom-Last  effs:110,109,413  asgs:(1037,noefs=0,fails=703)  fails:1,526,814  wrgs:1,822,493  wck:500.1  ngds:58,099
    run1,752  dpts:10..19  robin:Wdeg-Rand  effs:110,180,446  asgs:(818,noefs=0,fails=739)  fails:1,527,553  wrgs:1,823,288  wck:500.3  ngds:58,116
    run1,753  dpts:101..122  robin:PickOnDom-First  effs:110,243,559  asgs:(1324,noefs=0,fails=776)  fails:1,528,329  wrgs:1,824,374  wck:500.8  ngds:58,120
    run1,754  dpts:46..54  robin:WdegOnDom-Last  effs:110,283,598  asgs:(921,noefs=0,fails=814)  fails:1,529,143  wrgs:1,825,237  wck:500.9  ngds:58,143
    run1,755  dpts:16..119  robin:FrbaOnDom-Rand  effs:110,351,209  asgs:(1266,noefs=0,fails=855)  fails:1,529,998  wrgs:1,826,362  wck:501.3  ngds:58,163
    run1,756  dpts:2..12  robin:Wdeg-First  effs:110,420,384  asgs:(950,noefs=0,fails=898)  fails:1,530,896  wrgs:1,827,300  wck:501.6  ngds:58,252
    run1,757  dpts:19..98  robin:PickOnDom-Last  effs:110,521,600  asgs:(1333,noefs=0,fails=943)  fails:1,531,839  wrgs:1,828,516  wck:502.1  ngds:58,299
    run1,758  dpts:18..49  robin:WdegOnDom-Rand  effs:110,596,573  asgs:(1275,noefs=0,fails=990)  fails:1,532,829  wrgs:1,829,681  wck:502.5  ngds:58,321
    run1,759  dpts:36..138  robin:FrbaOnDom-First  effs:110,657,148  asgs:(1434,noefs=0,fails=1040)  fails:1,533,869  wrgs:1,830,910  wck:502.8  ngds:58,374
    run1,760  dpts:7..16  robin:Wdeg-Last  effs:110,719,469  asgs:(1160,noefs=0,fails=1092)  fails:1,534,961  wrgs:1,832,055  wck:503.1  ngds:58,384
    run1,761  dpts:21..55  robin:PickOnDom-Rand  effs:110,838,227  asgs:(1625,noefs=0,fails=1146)  fails:1,536,107  wrgs:1,833,533  wck:503.7  ngds:58,398
    run1,762  dpts:15..64  robin:WdegOnDom-First  effs:110,934,612  asgs:(1505,noefs=0,fails=1204)  fails:1,537,311  wrgs:1,834,946  wck:504.1  ngds:58,440
    run1,763  dpts:16..99  robin:FrbaOnDom-Last  effs:111,029,470  asgs:(1795,noefs=0,fails=1264)  fails:1,538,575  wrgs:1,836,528  wck:504.6  ngds:58,478
    run1,764  dpts:19..26  robin:Wdeg-Rand  effs:111,156,639  asgs:(1486,noefs=0,fails=1327)  fails:1,539,902  wrgs:1,837,982  wck:505.1  ngds:58,541
    run1,765  dpts:11..70  robin:PickOnDom-First  effs:111,221,089  asgs:(1798,noefs=1,fails=1393)  fails:1,541,295  wrgs:1,839,655  wck:505.4  ngds:58,571
    run1,766  dpts:40..75  robin:WdegOnDom-Last  effs:111,412,197  asgs:(1937,noefs=0,fails=1463)  fails:1,542,758  wrgs:1,841,436  wck:506.3  ngds:58,623
    run1,767  dpts:40..52  robin:FrbaOnDom-Rand  effs:111,498,844  asgs:(1761,noefs=0,fails=1536)  fails:1,544,294  wrgs:1,843,125  wck:506.7  ngds:58,692
    run1,768  dpts:12..25  robin:Wdeg-First  effs:111,592,191  asgs:(1780,noefs=0,fails=1613)  fails:1,545,907  wrgs:1,844,880  wck:507.2  ngds:58,727
    run1,769  dpts:50..105  robin:PickOnDom-Last  effs:111,716,575  asgs:(2233,noefs=0,fails=1694)  fails:1,547,601  wrgs:1,846,919  wck:507.7  ngds:58,781
 ...resetting heuristics data (nValues:3,884 - nSingletons:186 - nEntailed:302)
    run1,770  dpts:35..45  robin:WdegOnDom-Rand  effs:111,790,060  asgs:(1891,noefs=0,fails=1778)  fails:1,549,379  wrgs:1,848,761  wck:508.2  ngds:58,830
    run1,771  dpts:43..143  robin:FrbaOnDom-First  effs:111,976,072  asgs:(2898,noefs=0,fails=1867)  fails:1,551,246  wrgs:1,851,201  wck:509.2  ngds:58,883
    run1,772  dpts:70..79  robin:Wdeg-Last  effs:112,122,792  asgs:(2297,noefs=0,fails=1961)  fails:1,553,207  wrgs:1,853,388  wck:509.9  ngds:58,949
    run1,773  dpts:31..47  robin:PickOnDom-Rand  effs:112,252,567  asgs:(2508,noefs=0,fails=2059)  fails:1,555,266  wrgs:1,855,743  wck:510.5  ngds:58,962
    run1,774  dpts:60..77  robin:WdegOnDom-First  effs:112,375,856  asgs:(2539,noefs=0,fails=2162)  fails:1,557,428  wrgs:1,858,137  wck:511.1  ngds:58,978
    run1,775  dpts:92..179  robin:FrbaOnDom-Last  effs:112,570,342  asgs:(3027,noefs=1,fails=2270)  fails:1,559,698  wrgs:1,860,869  wck:512.2  ngds:58,992
    run1,776  dpts:5..10  robin:Wdeg-Rand  effs:112,698,318  asgs:(2591,noefs=0,fails=2383)  fails:1,562,081  wrgs:1,863,443  wck:512.6  ngds:59,059
    run1,777  dpts:42..102  robin:PickOnDom-First  effs:112,875,157  asgs:(4037,noefs=1,fails=2503)  fails:1,564,584  wrgs:1,866,890  wck:513.7  ngds:59,098
    run1,778  dpts:30..67  robin:WdegOnDom-Last  effs:113,039,540  asgs:(3123,noefs=0,fails=2628)  fails:1,567,212  wrgs:1,869,867  wck:514.4  ngds:59,151
    run1,779  dpts:43..95  robin:FrbaOnDom-Rand  effs:113,218,574  asgs:(3381,noefs=0,fails=2759)  fails:1,569,971  wrgs:1,873,045  wck:515.4  ngds:59,175
    run1,780  dpts:4..43  robin:Wdeg-First  effs:113,393,447  asgs:(3397,noefs=0,fails=2897)  fails:1,572,868  wrgs:1,876,312  wck:516.2  ngds:59,246
    run1,781  dpts:73..93  robin:PickOnDom-Last  effs:113,619,223  asgs:(4002,noefs=0,fails=3042)  fails:1,575,910  wrgs:1,879,920  wck:517.2  ngds:59,297
    run1,782  dpts:15..53  robin:WdegOnDom-Rand  effs:113,842,440  asgs:(3683,noefs=0,fails=3194)  fails:1,579,104  wrgs:1,883,484  wck:518.1  ngds:59,381
    run1,783  dpts:58..155  robin:FrbaOnDom-First  effs:114,086,065  asgs:(4604,noefs=0,fails=3354)  fails:1,582,458  wrgs:1,887,641  wck:519.3  ngds:59,387
    run1,784  dpts:6..17  robin:Wdeg-Last  effs:114,264,153  asgs:(3826,noefs=0,fails=3522)  fails:1,585,980  wrgs:1,891,450  wck:520.1  ngds:59,446
    run1,785  dpts:25..68  robin:PickOnDom-Rand  effs:114,503,771  asgs:(4850,noefs=0,fails=3698)  fails:1,589,678  wrgs:1,895,957  wck:521.1  ngds:59,493
    run1,786  dpts:38..52  robin:WdegOnDom-First  effs:114,724,539  asgs:(4605,noefs=0,fails=3883)  fails:1,593,561  wrgs:1,900,386  wck:522.1  ngds:59,566
    run1,787  dpts:27..136  robin:FrbaOnDom-Last  effs:114,951,716  asgs:(4781,noefs=0,fails=4077)  fails:1,597,638  wrgs:1,904,936  wck:523.1  ngds:59,635
    run1,788  dpts:5..10  robin:Wdeg-Rand  effs:115,202,367  asgs:(4553,noefs=0,fails=4281)  fails:1,601,919  wrgs:1,909,474  wck:523.9  ngds:59,667
    run1,789  dpts:29..92  robin:PickOnDom-First  effs:115,564,129  asgs:(5929,noefs=0,fails=4495)  fails:1,606,414  wrgs:1,914,983  wck:525.6  ngds:59,765
    run1,790  dpts:13..44  robin:WdegOnDom-Last  effs:115,846,875  asgs:(5178,noefs=0,fails=4720)  fails:1,611,134  wrgs:1,920,090  wck:526.9  ngds:59,850
    run1,791  dpts:30..123  robin:FrbaOnDom-Rand  effs:116,215,125  asgs:(7089,noefs=0,fails=4956)  fails:1,616,090  wrgs:1,926,452  wck:528.8  ngds:59,867
    run1,792  dpts:7..18  robin:Wdeg-First  effs:116,563,834  asgs:(6133,noefs=0,fails=5203)  fails:1,621,293  wrgs:1,932,515  wck:530.5  ngds:59,966
    run1,793  dpts:9..119  robin:PickOnDom-Last  effs:116,934,942  asgs:(7453,noefs=0,fails=5464)  fails:1,626,757  wrgs:1,939,453  wck:532.5  ngds:60,001
    run1,794  dpts:33..52  robin:WdegOnDom-Rand  effs:117,359,427  asgs:(6591,noefs=0,fails=5737)  fails:1,632,494  wrgs:1,945,883  wck:534.1  ngds:60,047
    run1,795  dpts:34..124  robin:FrbaOnDom-First  effs:117,852,618  asgs:(8219,noefs=4,fails=6024)  fails:1,638,518  wrgs:1,953,285  wck:536.4  ngds:60,091
    run1,796  dpts:4..20  robin:Wdeg-Last  effs:118,238,907  asgs:(7156,noefs=0,fails=6325)  fails:1,644,843  wrgs:1,960,369  wck:538.2  ngds:60,201
    run1,797  dpts:49..86  robin:PickOnDom-Rand  effs:118,704,103  asgs:(10355,noefs=0,fails=6641)  fails:1,651,484  wrgs:1,969,320  wck:540.6  ngds:60,227
    run1,798  dpts:13..40  robin:WdegOnDom-First  effs:119,229,550  asgs:(8281,noefs=0,fails=6973)  fails:1,658,457  wrgs:1,977,349  wck:543.0  ngds:60,257
    run1,799  dpts:23..130  robin:FrbaOnDom-Last  effs:119,679,407  asgs:(9128,noefs=1,fails=7322)  fails:1,665,779  wrgs:1,986,134  wck:544.9  ngds:60,262
 ...resetting heuristics data (nValues:3,884 - nSingletons:186 - nEntailed:302)
    run1,800  dpts:31..43  robin:Wdeg-Rand  effs:120,264,397  asgs:(8979,noefs=0,fails=7688)  fails:1,673,467  wrgs:1,994,982  wck:547.7  ngds:60,280
 ...resetting restart cutoff to 105
    run1,801  dpts:51..60  robin:PickOnDom-First  effs:120,275,382  asgs:(205,noefs=0,fails=105)  fails:1,673,572  wrgs:1,995,127  wck:547.7  ngds:60,302
    run1,802  dpts:69..80  robin:WdegOnDom-Last  effs:120,287,906  asgs:(232,noefs=0,fails=110)  fails:1,673,682  wrgs:1,995,263  wck:547.8  ngds:60,308
    run1,803  dpts:49..81  robin:FrbaOnDom-Rand  effs:120,297,136  asgs:(218,noefs=0,fails=115)  fails:1,673,797  wrgs:1,995,396  wck:547.9  ngds:60,321
    run1,804  dpts:5..33  robin:Wdeg-First  effs:120,309,975  asgs:(226,noefs=0,fails=121)  fails:1,673,918  wrgs:1,995,572  wck:548.0  ngds:60,347
    run1,805  dpts:42..59  robin:PickOnDom-Last  effs:120,326,673  asgs:(273,noefs=0,fails=127)  fails:1,674,045  wrgs:1,995,758  wck:548.1  ngds:60,351
    run1,806  dpts:18..29  robin:WdegOnDom-Rand  effs:120,336,274  asgs:(183,noefs=0,fails=134)  fails:1,674,179  wrgs:1,995,910  wck:548.1  ngds:60,375
    run1,807  dpts:64..78  robin:FrbaOnDom-First  effs:120,341,823  asgs:(231,noefs=0,fails=140)  fails:1,674,319  wrgs:1,996,061  wck:548.2  ngds:60,398
    run1,808  dpts:5..9  robin:Wdeg-Last  effs:120,352,927  asgs:(171,noefs=0,fails=147)  fails:1,674,466  wrgs:1,996,221  wck:548.2  ngds:60,424
    run1,809  dpts:6..37  robin:PickOnDom-Rand  effs:120,367,020  asgs:(242,noefs=0,fails=155)  fails:1,674,621  wrgs:1,996,417  wck:548.3  ngds:60,437
    run1,810  dpts:32..38  robin:WdegOnDom-First  effs:120,375,295  asgs:(237,noefs=0,fails=162)  fails:1,674,783  wrgs:1,996,616  wck:548.4  ngds:60,450
    run1,811  dpts:10..138  robin:FrbaOnDom-Last  effs:120,389,143  asgs:(433,noefs=0,fails=171)  fails:1,674,954  wrgs:1,996,952  wck:548.5  ngds:60,456
    run1,812  dpts:8..10  robin:Wdeg-Rand  effs:120,401,785  asgs:(199,noefs=0,fails=179)  fails:1,675,133  wrgs:1,997,142  wck:548.5  ngds:60,496
    run1,813  dpts:100..127  robin:PickOnDom-First  effs:120,420,712  asgs:(383,noefs=0,fails=188)  fails:1,675,321  wrgs:1,997,391  wck:548.6  ngds:60,506
    run1,814  dpts:11..72  robin:WdegOnDom-Last  effs:120,441,770  asgs:(463,noefs=0,fails=197)  fails:1,675,518  wrgs:1,997,711  wck:548.8  ngds:60,527
    run1,815  dpts:30..67  robin:FrbaOnDom-Rand  effs:120,452,784  asgs:(331,noefs=0,fails=207)  fails:1,675,725  wrgs:1,997,987  wck:548.8  ngds:60,548
    run1,816  dpts:13..25  robin:Wdeg-First  effs:120,469,042  asgs:(270,noefs=0,fails=218)  fails:1,675,943  wrgs:1,998,227  wck:548.9  ngds:60,592
    run1,817  dpts:22..55  robin:PickOnDom-Last  effs:120,494,511  asgs:(398,noefs=1,fails=229)  fails:1,676,172  wrgs:1,998,542  wck:549.1  ngds:60,633
    run1,818  dpts:20..23  robin:WdegOnDom-Rand  effs:120,512,146  asgs:(294,noefs=0,fails=240)  fails:1,676,412  wrgs:1,998,810  wck:549.2  ngds:60,656
    run1,819  dpts:48..124  robin:FrbaOnDom-First  effs:120,531,682  asgs:(525,noefs=0,fails=252)  fails:1,676,664  wrgs:1,999,166  wck:549.3  ngds:60,674
    run1,820  dpts:5..7  robin:Wdeg-Last  effs:120,546,559  asgs:(310,noefs=0,fails=265)  fails:1,676,929  wrgs:1,999,468  wck:549.4  ngds:60,704
    run1,821  dpts:33..43  robin:PickOnDom-Rand  effs:120,579,909  asgs:(391,noefs=0,fails=278)  fails:1,677,207  wrgs:1,999,804  wck:549.5  ngds:60,749
    run1,822  dpts:41..62  robin:WdegOnDom-First  effs:120,604,880  asgs:(439,noefs=0,fails=292)  fails:1,677,499  wrgs:2,000,151  wck:549.7  ngds:60,811
    run1,823  dpts:76..110  robin:FrbaOnDom-Last  effs:120,621,168  asgs:(443,noefs=0,fails=307)  fails:1,677,806  wrgs:2,000,510  wck:549.8  ngds:60,821
    run1,824  dpts:5..8  robin:Wdeg-Rand  effs:120,651,258  asgs:(354,noefs=0,fails=322)  fails:1,678,128  wrgs:2,000,856  wck:549.9  ngds:60,840
    run1,825  dpts:41..50  robin:PickOnDom-First  effs:120,671,583  asgs:(406,noefs=0,fails=338)  fails:1,678,466  wrgs:2,001,211  wck:550.0  ngds:60,853
    run1,826  dpts:10..45  robin:WdegOnDom-Last  effs:120,708,805  asgs:(488,noefs=0,fails=355)  fails:1,678,821  wrgs:2,001,652  wck:550.1  ngds:60,886
    run1,827  dpts:37..77  robin:FrbaOnDom-Rand  effs:120,746,315  asgs:(696,noefs=0,fails=373)  fails:1,679,194  wrgs:2,002,216  wck:550.3  ngds:60,891
    run1,828  dpts:5..18  robin:Wdeg-First  effs:120,764,883  asgs:(449,noefs=0,fails=392)  fails:1,679,586  wrgs:2,002,646  wck:550.4  ngds:60,939
    run1,829  dpts:97..120  robin:PickOnDom-Last  effs:120,788,185  asgs:(639,noefs=0,fails=411)  fails:1,679,997  wrgs:2,003,161  wck:550.5  ngds:60,968
 ...resetting heuristics data (nValues:3,884 - nSingletons:186 - nEntailed:302)
    run1,830  dpts:37..48  robin:WdegOnDom-Rand  effs:120,824,881  asgs:(582,noefs=0,fails=432)  fails:1,680,429  wrgs:2,003,687  wck:550.7  ngds:60,992
    run1,831  dpts:33..117  robin:FrbaOnDom-First  effs:120,858,279  asgs:(682,noefs=0,fails=453)  fails:1,680,882  wrgs:2,004,305  wck:550.9  ngds:61,000
    run1,832  dpts:72..82  robin:Wdeg-Last  effs:120,897,861  asgs:(620,noefs=0,fails=476)  fails:1,681,358  wrgs:2,004,836  wck:551.1  ngds:61,046
    run1,833  dpts:42..56  robin:PickOnDom-Rand  effs:120,931,484  asgs:(692,noefs=0,fails=500)  fails:1,681,858  wrgs:2,005,442  wck:551.3  ngds:61,063
    run1,834  dpts:40..45  robin:WdegOnDom-First  effs:120,966,023  asgs:(651,noefs=0,fails=525)  fails:1,682,383  wrgs:2,006,044  wck:551.4  ngds:61,071
    run1,835  dpts:17..137  robin:FrbaOnDom-Last  effs:120,990,409  asgs:(902,noefs=0,fails=551)  fails:1,682,934  wrgs:2,006,826  wck:551.6  ngds:61,099
    run1,836  dpts:3..7  robin:Wdeg-Rand  effs:121,026,983  asgs:(632,noefs=0,fails=579)  fails:1,683,513  wrgs:2,007,451  wck:551.7  ngds:61,151
    run1,837  dpts:39..55  robin:PickOnDom-First  effs:121,069,771  asgs:(851,noefs=0,fails=608)  fails:1,684,121  wrgs:2,008,226  wck:551.9  ngds:61,172
    run1,838  dpts:12..71  robin:WdegOnDom-Last  effs:121,117,427  asgs:(996,noefs=0,fails=638)  fails:1,684,759  wrgs:2,009,058  wck:552.2  ngds:61,204
    run1,839  dpts:2..85  robin:FrbaOnDom-Rand  effs:121,170,672  asgs:(1078,noefs=0,fails=670)  fails:1,685,429  wrgs:2,009,984  wck:552.5  ngds:61,236
    run1,840  dpts:5..47  robin:Wdeg-First  effs:121,199,957  asgs:(796,noefs=0,fails=703)  fails:1,686,132  wrgs:2,010,735  wck:552.7  ngds:61,337
    run1,841  dpts:2..73  robin:PickOnDom-Last  effs:121,256,666  asgs:(1330,noefs=0,fails=739)  fails:1,686,871  wrgs:2,011,820  wck:553.0  ngds:61,375
    run1,842  dpts:24..41  robin:WdegOnDom-Rand  effs:121,309,008  asgs:(898,noefs=0,fails=776)  fails:1,687,647  wrgs:2,012,676  wck:553.3  ngds:61,492
    run1,843  dpts:28..89  robin:FrbaOnDom-First  effs:121,368,776  asgs:(1070,noefs=0,fails=814)  fails:1,688,461  wrgs:2,013,670  wck:553.5  ngds:61,523
    run1,844  dpts:2..10  robin:Wdeg-Last  effs:121,412,305  asgs:(1027,noefs=0,fails=855)  fails:1,689,316  wrgs:2,014,686  wck:553.8  ngds:61,603
    run1,845  dpts:6..65  robin:PickOnDom-Rand  effs:121,477,276  asgs:(1090,noefs=0,fails=898)  fails:1,690,214  wrgs:2,015,698  wck:554.1  ngds:61,612
    run1,846  dpts:23..49  robin:WdegOnDom-First  effs:121,534,908  asgs:(1228,noefs=0,fails=943)  fails:1,691,157  wrgs:2,016,866  wck:554.4  ngds:61,662
    run1,847  dpts:74..137  robin:FrbaOnDom-Last  effs:121,615,469  asgs:(1890,noefs=0,fails=990)  fails:1,692,147  wrgs:2,018,386  wck:554.8  ngds:61,695
    run1,848  dpts:9..18  robin:Wdeg-Rand  effs:121,693,494  asgs:(1137,noefs=0,fails=1040)  fails:1,693,187  wrgs:2,019,508  wck:555.1  ngds:61,741
    run1,849  dpts:61..74  robin:PickOnDom-First  effs:121,775,890  asgs:(1434,noefs=0,fails=1092)  fails:1,694,279  wrgs:2,020,816  wck:555.5  ngds:61,771
    run1,850  dpts:32..68  robin:WdegOnDom-Last  effs:121,863,095  asgs:(1517,noefs=0,fails=1146)  fails:1,695,425  wrgs:2,022,210  wck:555.9  ngds:61,791
    run1,851  dpts:25..83  robin:FrbaOnDom-Rand  effs:121,967,919  asgs:(2220,noefs=0,fails=1204)  fails:1,696,629  wrgs:2,024,056  wck:556.5  ngds:61,806
    run1,852  dpts:5..14  robin:Wdeg-First  effs:122,027,236  asgs:(1402,noefs=0,fails=1264)  fails:1,697,893  wrgs:2,025,446  wck:556.7  ngds:61,839
    run1,853  dpts:66..90  robin:PickOnDom-Last  effs:122,105,987  asgs:(1915,noefs=0,fails=1327)  fails:1,699,220  wrgs:2,027,107  wck:557.1  ngds:61,855
    run1,854  dpts:16..41  robin:WdegOnDom-Rand  effs:122,190,888  asgs:(1649,noefs=0,fails=1393)  fails:1,700,613  wrgs:2,028,672  wck:557.5  ngds:61,880
    run1,855  dpts:46..94  robin:FrbaOnDom-First  effs:122,288,805  asgs:(1861,noefs=0,fails=1463)  fails:1,702,076  wrgs:2,030,348  wck:558.0  ngds:61,956
    run1,856  dpts:2..23  robin:Wdeg-Last  effs:122,389,403  asgs:(1752,noefs=0,fails=1536)  fails:1,703,612  wrgs:2,032,074  wck:558.5  ngds:62,077
    run1,857  dpts:9..54  robin:PickOnDom-Rand  effs:122,550,523  asgs:(2188,noefs=0,fails=1613)  fails:1,705,225  wrgs:2,034,089  wck:559.3  ngds:62,121
    run1,858  dpts:25..58  robin:WdegOnDom-First  effs:122,699,196  asgs:(2204,noefs=0,fails=1694)  fails:1,706,919  wrgs:2,036,136  wck:560.0  ngds:62,194
    run1,859  dpts:17..105  robin:FrbaOnDom-Last  effs:122,833,923  asgs:(2906,noefs=0,fails=1778)  fails:1,708,697  wrgs:2,038,633  wck:560.8  ngds:62,227
 ...resetting heuristics data (nValues:3,884 - nSingletons:186 - nEntailed:302)
    run1,860  dpts:37..55  robin:Wdeg-Rand  effs:122,932,539  asgs:(2079,noefs=0,fails=1867)  fails:1,710,564  wrgs:2,040,655  wck:561.2  ngds:62,250
    run1,861  dpts:49..78  robin:PickOnDom-First  effs:123,058,784  asgs:(2801,noefs=0,fails=1961)  fails:1,712,525  wrgs:2,043,217  wck:561.9  ngds:62,270
    run1,862  dpts:68..87  robin:WdegOnDom-Last  effs:123,238,436  asgs:(2584,noefs=0,fails=2059)  fails:1,714,584  wrgs:2,045,612  wck:562.8  ngds:62,301
    run1,863  dpts:31..120  robin:FrbaOnDom-Rand  effs:123,383,967  asgs:(3261,noefs=0,fails=2162)  fails:1,716,746  wrgs:2,048,437  wck:563.5  ngds:62,371
    run1,864  dpts:4..48  robin:Wdeg-First  effs:123,502,777  asgs:(2582,noefs=0,fails=2270)  fails:1,719,016  wrgs:2,050,940  wck:564.2  ngds:62,463
    run1,865  dpts:29..53  robin:PickOnDom-Last  effs:123,616,302  asgs:(2780,noefs=0,fails=2383)  fails:1,721,399  wrgs:2,053,568  wck:564.7  ngds:62,468
    run1,866  dpts:12..48  robin:WdegOnDom-Rand  effs:123,766,649  asgs:(2776,noefs=0,fails=2503)  fails:1,723,902  wrgs:2,056,272  wck:565.4  ngds:62,513
    run1,867  dpts:32..97  robin:FrbaOnDom-First  effs:123,995,917  asgs:(4176,noefs=0,fails=2628)  fails:1,726,530  wrgs:2,059,813  wck:566.8  ngds:62,538
    run1,868  dpts:6..14  robin:Wdeg-Last  effs:124,179,186  asgs:(3199,noefs=0,fails=2759)  fails:1,729,289  wrgs:2,062,989  wck:567.5  ngds:62,589
    run1,869  dpts:9..71  robin:PickOnDom-Rand  effs:124,333,231  asgs:(3740,noefs=0,fails=2897)  fails:1,732,186  wrgs:2,066,402  wck:568.3  ngds:62,624
    run1,870  dpts:71..88  robin:WdegOnDom-First  effs:124,505,370  asgs:(3585,noefs=0,fails=3042)  fails:1,735,228  wrgs:2,069,870  wck:569.0  ngds:62,637
    run1,871  dpts:17..111  robin:FrbaOnDom-Last  effs:124,662,507  asgs:(3873,noefs=0,fails=3194)  fails:1,738,422  wrgs:2,073,539  wck:569.7  ngds:62,652
    run1,872  dpts:5..10  robin:Wdeg-Rand  effs:124,874,330  asgs:(3616,noefs=0,fails=3354)  fails:1,741,776  wrgs:2,077,139  wck:570.4  ngds:62,669
    run1,873  dpts:69..112  robin:PickOnDom-First  effs:125,156,065  asgs:(4560,noefs=0,fails=3522)  fails:1,745,298  wrgs:2,081,416  wck:571.9  ngds:62,690
    run1,874  dpts:28..49  robin:WdegOnDom-Last  effs:125,444,394  asgs:(4864,noefs=0,fails=3698)  fails:1,748,996  wrgs:2,085,944  wck:573.3  ngds:62,708
    run1,875  dpts:8..70  robin:FrbaOnDom-Rand  effs:125,748,144  asgs:(5598,noefs=1,fails=3883)  fails:1,752,879  wrgs:2,090,947  wck:574.9  ngds:62,792
    run1,876  dpts:3..22  robin:Wdeg-First  effs:126,025,399  asgs:(4509,noefs=0,fails=4077)  fails:1,756,956  wrgs:2,095,422  wck:575.9  ngds:62,838
    run1,877  dpts:76..99  robin:PickOnDom-Last  effs:126,584,889  asgs:(5719,noefs=1,fails=4281)  fails:1,761,237  wrgs:2,100,812  wck:578.5  ngds:62,878
    run1,878  dpts:23..44  robin:WdegOnDom-Rand  effs:126,867,577  asgs:(5050,noefs=0,fails=4495)  fails:1,765,732  wrgs:2,105,773  wck:579.8  ngds:62,927
    run1,879  dpts:33..112  robin:FrbaOnDom-First  effs:127,236,621  asgs:(6931,noefs=0,fails=4720)  fails:1,770,452  wrgs:2,111,984  wck:581.7  ngds:62,964
    run1,880  dpts:2..20  robin:Wdeg-Last  effs:127,559,562  asgs:(5643,noefs=0,fails=4956)  fails:1,775,408  wrgs:2,117,529  wck:583.1  ngds:63,085
    run1,881  dpts:26..68  robin:PickOnDom-Rand  effs:128,058,240  asgs:(7098,noefs=3,fails=5203)  fails:1,780,611  wrgs:2,124,076  wck:585.5  ngds:63,118
    run1,882  dpts:18..68  robin:WdegOnDom-First  effs:128,443,995  asgs:(6271,noefs=0,fails=5464)  fails:1,786,075  wrgs:2,130,217  wck:587.0  ngds:63,229
    run1,883  dpts:8..116  robin:FrbaOnDom-Last  effs:128,836,937  asgs:(7352,noefs=0,fails=5737)  fails:1,791,812  wrgs:2,137,113  wck:588.7  ngds:63,256
    run1,884  dpts:4..15  robin:Wdeg-Rand  effs:129,136,744  asgs:(6240,noefs=0,fails=6024)  fails:1,797,836  wrgs:2,143,335  wck:589.9  ngds:63,358
    run1,885  dpts:152..198  robin:PickOnDom-First  effs:129,720,033  asgs:(8207,noefs=0,fails=6325)  fails:1,804,161  wrgs:2,151,134  wck:592.8  ngds:63,367
    run1,886  dpts:63..73  robin:WdegOnDom-Last  effs:130,189,815  asgs:(8007,noefs=0,fails=6641)  fails:1,810,802  wrgs:2,158,934  wck:594.9  ngds:63,442
    run1,887  dpts:28..68  robin:FrbaOnDom-Rand  effs:130,723,641  asgs:(8716,noefs=1,fails=6973)  fails:1,817,775  wrgs:2,167,022  wck:597.7  ngds:63,456
    run1,888  dpts:1..17  robin:Wdeg-First  effs:131,248,034  asgs:(8404,noefs=0,fails=7322)  fails:1,825,097  wrgs:2,175,323  wck:600.2  ngds:63,534
    run1,889  dpts:68..118  robin:PickOnDom-Last  effs:132,528,176  asgs:(10064,noefs=0,fails=7688)  fails:1,832,785  wrgs:2,184,932  wck:605.7  ngds:63,565
 ...resetting heuristics data (nValues:3,884 - nSingletons:186 - nEntailed:302)
    run1,890  dpts:35..64  robin:WdegOnDom-Rand  effs:133,198,519  asgs:(9802,noefs=0,fails=8073)  fails:1,840,858  wrgs:2,194,376  wck:608.7  ngds:63,635
 ...resetting restart cutoff to 110
    run1,891  dpts:53..149  robin:FrbaOnDom-First  effs:133,211,733  asgs:(363,noefs=0,fails=110)  fails:1,840,968  wrgs:2,194,590  wck:608.8  ngds:63,649
    run1,892  dpts:71..81  robin:Wdeg-Last  effs:133,220,003  asgs:(209,noefs=0,fails=115)  fails:1,841,083  wrgs:2,194,716  wck:608.9  ngds:63,668
    run1,893  dpts:29..47  robin:PickOnDom-Rand  effs:133,230,817  asgs:(224,noefs=0,fails=121)  fails:1,841,204  wrgs:2,194,880  wck:609.0  ngds:63,675
    run1,894  dpts:49..54  robin:WdegOnDom-First  effs:133,239,346  asgs:(209,noefs=0,fails=127)  fails:1,841,331  wrgs:2,195,037  wck:609.0  ngds:63,693
    run1,895  dpts:27..182  robin:FrbaOnDom-Last  effs:133,254,406  asgs:(471,noefs=1,fails=133)  fails:1,841,464  wrgs:2,195,283  wck:609.1  ngds:63,698
    run1,896  dpts:27..34  robin:Wdeg-Rand  effs:133,262,865  asgs:(185,noefs=0,fails=140)  fails:1,841,604  wrgs:2,195,434  wck:609.2  ngds:63,731
    run1,897  dpts:29..80  robin:PickOnDom-First  effs:133,277,292  asgs:(348,noefs=0,fails=147)  fails:1,841,751  wrgs:2,195,665  wck:609.3  ngds:63,750
    run1,898  dpts:36..41  robin:WdegOnDom-Last  effs:133,285,869  asgs:(214,noefs=0,fails=154)  fails:1,841,905  wrgs:2,195,839  wck:609.3  ngds:63,790
    run1,899  dpts:24..127  robin:FrbaOnDom-Rand  effs:133,301,096  asgs:(399,noefs=1,fails=162)  fails:1,842,067  wrgs:2,196,132  wck:609.4  ngds:63,796
    run1,900  dpts:2..14  robin:Wdeg-First  effs:133,309,050  asgs:(191,noefs=0,fails=170)  fails:1,842,237  wrgs:2,196,309  wck:609.5  ngds:63,834
    run1,901  dpts:16..91  robin:PickOnDom-Last  effs:133,327,863  asgs:(292,noefs=0,fails=179)  fails:1,842,416  wrgs:2,196,514  wck:609.6  ngds:63,857
    run1,902  dpts:24..35  robin:WdegOnDom-Rand  effs:133,340,242  asgs:(255,noefs=0,fails=188)  fails:1,842,604  wrgs:2,196,734  wck:609.7  ngds:63,881
    run1,903  dpts:24..53  robin:FrbaOnDom-First  effs:133,356,006  asgs:(413,noefs=0,fails=197)  fails:1,842,801  wrgs:2,197,001  wck:609.8  ngds:63,887
    run1,904  dpts:4..12  robin:Wdeg-Last  effs:133,372,830  asgs:(234,noefs=0,fails=207)  fails:1,843,008  wrgs:2,197,222  wck:609.8  ngds:63,957
    run1,905  dpts:16..53  robin:PickOnDom-Rand  effs:133,395,881  asgs:(390,noefs=0,fails=217)  fails:1,843,225  wrgs:2,197,531  wck:610.0  ngds:63,977
    run1,906  dpts:46..81  robin:WdegOnDom-First  effs:133,406,703  asgs:(350,noefs=0,fails=228)  fails:1,843,453  wrgs:2,197,796  wck:610.0  ngds:63,984
    run1,907  dpts:22..102  robin:FrbaOnDom-Last  effs:133,427,139  asgs:(504,noefs=0,fails=240)  fails:1,843,693  wrgs:2,198,204  wck:610.2  ngds:63,992
    run1,908  dpts:13..15  robin:Wdeg-Rand  effs:133,446,840  asgs:(280,noefs=0,fails=252)  fails:1,843,945  wrgs:2,198,470  wck:610.2  ngds:64,049
    run1,909  dpts:15..66  robin:PickOnDom-First  effs:133,466,719  asgs:(522,noefs=0,fails=264)  fails:1,844,209  wrgs:2,198,858  wck:610.4  ngds:64,085
    run1,910  dpts:30..67  robin:WdegOnDom-Last  effs:133,488,672  asgs:(394,noefs=0,fails=277)  fails:1,844,486  wrgs:2,199,192  wck:610.5  ngds:64,107
    run1,911  dpts:21..65  robin:FrbaOnDom-Rand  effs:133,522,405  asgs:(485,noefs=0,fails=291)  fails:1,844,777  wrgs:2,199,605  wck:610.6  ngds:64,169
    run1,912  dpts:4..12  robin:Wdeg-First  effs:133,536,333  asgs:(349,noefs=0,fails=306)  fails:1,845,083  wrgs:2,199,940  wck:610.7  ngds:64,186
    run1,913  dpts:66..72  robin:PickOnDom-Last  effs:133,552,863  asgs:(430,noefs=0,fails=321)  fails:1,845,404  wrgs:2,200,296  wck:610.8  ngds:64,212
    run1,914  dpts:12..36  robin:WdegOnDom-Rand  effs:133,580,768  asgs:(491,noefs=0,fails=337)  fails:1,845,741  wrgs:2,200,727  wck:610.9  ngds:64,234
    run1,915  dpts:10..86  robin:FrbaOnDom-First  effs:133,613,260  asgs:(582,noefs=0,fails=354)  fails:1,846,095  wrgs:2,201,184  wck:611.1  ngds:64,262
    run1,916  dpts:6..36  robin:Wdeg-Last  effs:133,634,793  asgs:(441,noefs=0,fails=372)  fails:1,846,467  wrgs:2,201,589  wck:611.2  ngds:64,333
    run1,917  dpts:9..40  robin:PickOnDom-Rand  effs:133,650,122  asgs:(508,noefs=0,fails=391)  fails:1,846,858  wrgs:2,202,055  wck:611.2  ngds:64,350
    run1,918  dpts:42..61  robin:WdegOnDom-First  effs:133,669,071  asgs:(530,noefs=0,fails=410)  fails:1,847,268  wrgs:2,202,527  wck:611.4  ngds:64,383
    run1,919  dpts:30..86  robin:FrbaOnDom-Last  effs:133,705,665  asgs:(678,noefs=0,fails=431)  fails:1,847,699  wrgs:2,203,107  wck:611.5  ngds:64,402
 ...resetting heuristics data (nValues:3,884 - nSingletons:186 - nEntailed:302)
    run1,920  dpts:26..37  robin:Wdeg-Rand  effs:133,743,635  asgs:(567,noefs=0,fails=452)  fails:1,848,151  wrgs:2,203,635  wck:611.7  ngds:64,448
    run1,921  dpts:51..89  robin:PickOnDom-First  effs:133,785,937  asgs:(837,noefs=0,fails=475)  fails:1,848,626  wrgs:2,204,321  wck:611.9  ngds:64,486
    run1,922  dpts:72..80  robin:WdegOnDom-Last  effs:133,829,470  asgs:(696,noefs=0,fails=499)  fails:1,849,125  wrgs:2,204,913  wck:612.2  ngds:64,520
    run1,923  dpts:27..113  robin:FrbaOnDom-Rand  effs:133,892,323  asgs:(1226,noefs=1,fails=524)  fails:1,849,649  wrgs:2,205,867  wck:612.5  ngds:64,539
    run1,924  dpts:17..23  robin:Wdeg-First  effs:133,930,187  asgs:(639,noefs=0,fails=550)  fails:1,850,199  wrgs:2,206,483  wck:612.7  ngds:64,586
    run1,925  dpts:3..78  robin:PickOnDom-Last  effs:133,960,739  asgs:(779,noefs=0,fails=577)  fails:1,850,776  wrgs:2,207,150  wck:612.9  ngds:64,644
    run1,926  dpts:23..65  robin:WdegOnDom-Rand  effs:134,001,310  asgs:(859,noefs=0,fails=606)  fails:1,851,382  wrgs:2,207,893  wck:613.1  ngds:64,691
    run1,927  dpts:12..85  robin:FrbaOnDom-First  effs:134,056,674  asgs:(1022,noefs=0,fails=637)  fails:1,852,019  wrgs:2,208,706  wck:613.4  ngds:64,729
    run1,928  dpts:3..9  robin:Wdeg-Last  effs:134,106,099  asgs:(840,noefs=0,fails=668)  fails:1,852,687  wrgs:2,209,525  wck:613.7  ngds:64,741
    run1,929  dpts:10..62  robin:PickOnDom-Rand  effs:134,154,976  asgs:(858,noefs=0,fails=702)  fails:1,853,389  wrgs:2,210,314  wck:613.9  ngds:64,782
    run1,930  dpts:78..87  robin:WdegOnDom-First  effs:134,202,381  asgs:(887,noefs=0,fails=737)  fails:1,854,126  wrgs:2,211,111  wck:614.1  ngds:64,819
    run1,931  dpts:43..102  robin:FrbaOnDom-Last  effs:134,248,892  asgs:(1098,noefs=0,fails=774)  fails:1,854,900  wrgs:2,212,070  wck:614.3  ngds:64,866
    run1,932  dpts:6..11  robin:Wdeg-Rand  effs:134,299,583  asgs:(885,noefs=0,fails=813)  fails:1,855,713  wrgs:2,212,943  wck:614.5  ngds:64,906
    run1,933  dpts:31..50  robin:PickOnDom-First  effs:134,364,382  asgs:(1138,noefs=0,fails=853)  fails:1,856,566  wrgs:2,213,984  wck:614.8  ngds:64,914
    run1,934  dpts:38..53  robin:WdegOnDom-Last  effs:134,421,281  asgs:(1013,noefs=0,fails=896)  fails:1,857,462  wrgs:2,214,932  wck:615.0  ngds:64,987
    run1,935  dpts:16..96  robin:FrbaOnDom-Rand  effs:134,478,216  asgs:(1400,noefs=1,fails=941)  fails:1,858,403  wrgs:2,216,143  wck:615.3  ngds:65,011
    run1,936  dpts:7..32  robin:Wdeg-First  effs:134,523,085  asgs:(1111,noefs=0,fails=988)  fails:1,859,391  wrgs:2,217,226  wck:615.6  ngds:65,054
    run1,937  dpts:10..108  robin:PickOnDom-Last  effs:134,575,732  asgs:(1283,noefs=0,fails=1037)  fails:1,860,428  wrgs:2,218,391  wck:615.9  ngds:65,139
    run1,938  dpts:13..33  robin:WdegOnDom-Rand  effs:134,657,938  asgs:(1259,noefs=0,fails=1089)  fails:1,861,517  wrgs:2,219,605  wck:616.2  ngds:65,198
    run1,939  dpts:65..130  robin:FrbaOnDom-First  effs:134,746,072  asgs:(1572,noefs=0,fails=1144)  fails:1,862,661  wrgs:2,221,008  wck:616.6  ngds:65,212
    run1,940  dpts:1..19  robin:Wdeg-Last  effs:134,832,535  asgs:(1384,noefs=0,fails=1201)  fails:1,863,862  wrgs:2,222,364  wck:617.0  ngds:65,322
    run1,941  dpts:36..67  robin:PickOnDom-Rand  effs:134,930,471  asgs:(1694,noefs=1,fails=1261)  fails:1,865,123  wrgs:2,223,908  wck:617.5  ngds:65,333
    run1,942  dpts:39..56  robin:WdegOnDom-First  effs:135,061,735  asgs:(1637,noefs=0,fails=1324)  fails:1,866,447  wrgs:2,225,462  wck:618.1  ngds:65,380
    run1,943  dpts:35..125  robin:FrbaOnDom-Last  effs:135,222,419  asgs:(2459,noefs=0,fails=1390)  fails:1,867,837  wrgs:2,227,829  wck:618.8  ngds:65,419
    run1,944  dpts:9..21  robin:Wdeg-Rand  effs:135,305,049  asgs:(1622,noefs=0,fails=1460)  fails:1,869,297  wrgs:2,229,433  wck:619.2  ngds:65,458
    run1,945  dpts:56..74  robin:PickOnDom-First  effs:135,524,563  asgs:(1999,noefs=0,fails=1533)  fails:1,870,830  wrgs:2,231,303  wck:620.1  ngds:65,509
    run1,946  dpts:35..57  robin:WdegOnDom-Last  effs:135,705,948  asgs:(2025,noefs=0,fails=1609)  fails:1,872,439  wrgs:2,233,193  wck:620.9  ngds:65,578
    run1,947  dpts:27..68  robin:FrbaOnDom-Rand  effs:135,829,275  asgs:(2162,noefs=0,fails=1690)  fails:1,874,129  wrgs:2,235,223  wck:621.5  ngds:65,594
    run1,948  dpts:1..6  robin:Wdeg-First  effs:135,919,887  asgs:(1860,noefs=0,fails=1774)  fails:1,875,903  wrgs:2,237,078  wck:621.8  ngds:65,680
    run1,949  dpts:50..75  robin:PickOnDom-Last  effs:136,010,539  asgs:(2054,noefs=0,fails=1863)  fails:1,877,766  wrgs:2,239,047  wck:622.2  ngds:65,689
 ...resetting heuristics data (nValues:3,884 - nSingletons:186 - nEntailed:302)
    run1,950  dpts:41..53  robin:WdegOnDom-Rand  effs:136,114,482  asgs:(2158,noefs=0,fails=1956)  fails:1,879,722  wrgs:2,241,136  wck:622.6  ngds:65,713
    run1,951  dpts:115..182  robin:FrbaOnDom-First  effs:136,315,359  asgs:(4116,noefs=4,fails=2054)  fails:1,881,776  wrgs:2,244,246  wck:623.8  ngds:65,751
    run1,952  dpts:67..79  robin:Wdeg-Last  effs:136,490,083  asgs:(2609,noefs=0,fails=2157)  fails:1,883,933  wrgs:2,246,719  wck:624.6  ngds:65,803
    run1,953  dpts:30..64  robin:PickOnDom-Rand  effs:136,615,722  asgs:(2631,noefs=0,fails=2265)  fails:1,886,198  wrgs:2,249,229  wck:625.2  ngds:65,824
    run1,954  dpts:35..84  robin:WdegOnDom-First  effs:136,781,175  asgs:(2969,noefs=0,fails=2378)  fails:1,888,576  wrgs:2,252,014  wck:626.0  ngds:65,906
    run1,955  dpts:34..123  robin:FrbaOnDom-Last  effs:136,850,736  asgs:(2755,noefs=0,fails=2497)  fails:1,891,073  wrgs:2,254,637  wck:626.4  ngds:65,921
    run1,956  dpts:6..31  robin:Wdeg-Rand  effs:136,956,929  asgs:(2803,noefs=0,fails=2622)  fails:1,893,695  wrgs:2,257,411  wck:626.9  ngds:65,968
    run1,957  dpts:67..112  robin:PickOnDom-First  effs:137,145,718  asgs:(4067,noefs=0,fails=2753)  fails:1,896,448  wrgs:2,260,906  wck:627.9  ngds:65,972
    run1,958  dpts:32..66  robin:WdegOnDom-Last  effs:137,353,029  asgs:(3669,noefs=0,fails=2891)  fails:1,899,339  wrgs:2,264,410  wck:628.8  ngds:66,056
    run1,959  dpts:29..72  robin:FrbaOnDom-Rand  effs:137,570,117  asgs:(4027,noefs=1,fails=3035)  fails:1,902,374  wrgs:2,268,067  wck:629.8  ngds:66,127
    run1,960  dpts:3..23  robin:Wdeg-First  effs:137,781,215  asgs:(3511,noefs=0,fails=3187)  fails:1,905,561  wrgs:2,271,540  wck:630.7  ngds:66,228
    run1,961  dpts:19..74  robin:PickOnDom-Last  effs:137,995,976  asgs:(3720,noefs=0,fails=3346)  fails:1,908,907  wrgs:2,275,146  wck:631.4  ngds:66,246
    run1,962  dpts:4..28  robin:WdegOnDom-Rand  effs:138,326,446  asgs:(4152,noefs=0,fails=3514)  fails:1,912,421  wrgs:2,279,194  wck:632.8  ngds:66,307
    run1,963  dpts:29..125  robin:FrbaOnDom-First  effs:138,584,674  asgs:(5189,noefs=0,fails=3689)  fails:1,916,110  wrgs:2,283,840  wck:634.1  ngds:66,345
    run1,964  dpts:5..20  robin:Wdeg-Last  effs:138,805,848  asgs:(4248,noefs=0,fails=3874)  fails:1,919,984  wrgs:2,288,053  wck:635.2  ngds:66,408
    run1,965  dpts:38..66  robin:PickOnDom-Rand  effs:139,109,384  asgs:(5330,noefs=0,fails=4068)  fails:1,924,052  wrgs:2,293,061  wck:636.4  ngds:66,433
    run1,966  dpts:52..65  robin:WdegOnDom-First  effs:139,288,102  asgs:(4577,noefs=0,fails=4271)  fails:1,928,323  wrgs:2,297,577  wck:637.1  ngds:66,459
    run1,967  dpts:52..114  robin:FrbaOnDom-Last  effs:139,547,513  asgs:(6200,noefs=1,fails=4485)  fails:1,932,808  wrgs:2,302,817  wck:638.6  ngds:66,508
    run1,968  dpts:10..22  robin:Wdeg-Rand  effs:139,814,129  asgs:(5065,noefs=0,fails=4709)  fails:1,937,517  wrgs:2,307,853  wck:639.8  ngds:66,633
    run1,969  dpts:14..69  robin:PickOnDom-First  effs:140,175,962  asgs:(7087,noefs=0,fails=4944)  fails:1,942,461  wrgs:2,314,211  wck:641.6  ngds:66,663
    run1,970  dpts:41..68  robin:WdegOnDom-Last  effs:140,501,495  asgs:(5922,noefs=0,fails=5192)  fails:1,947,653  wrgs:2,319,988  wck:643.3  ngds:66,725
    run1,971  dpts:34..76  robin:FrbaOnDom-Rand  effs:140,829,632  asgs:(6796,noefs=0,fails=5451)  fails:1,953,104  wrgs:2,326,460  wck:645.0  ngds:66,740
    run1,972  dpts:7..22  robin:Wdeg-First  effs:141,199,066  asgs:(6402,noefs=0,fails=5724)  fails:1,958,828  wrgs:2,332,792  wck:646.6  ngds:66,852
    run1,973  dpts:54..127  robin:PickOnDom-Last  effs:141,585,952  asgs:(7943,noefs=0,fails=6010)  fails:1,964,838  wrgs:2,340,259  wck:648.5  ngds:66,934
    run1,974  dpts:12..78  robin:WdegOnDom-Rand  effs:142,029,144  asgs:(7215,noefs=0,fails=6311)  fails:1,971,149  wrgs:2,347,344  wck:650.2  ngds:66,984
    run1,975  dpts:3..119  robin:FrbaOnDom-First  effs:142,580,375  asgs:(8663,noefs=0,fails=6626)  fails:1,977,775  wrgs:2,355,257  wck:653.0  ngds:67,015
    run1,976  dpts:9..19  robin:Wdeg-Last  effs:143,061,239  asgs:(7808,noefs=0,fails=6957)  fails:1,984,732  wrgs:2,363,024  wck:654.9  ngds:67,071
    run1,977  dpts:41..93  robin:PickOnDom-Rand  effs:143,455,113  asgs:(7891,noefs=1,fails=7305)  fails:1,992,037  wrgs:2,370,799  wck:656.6  ngds:67,083
    run1,978  dpts:28..44  robin:WdegOnDom-First  effs:144,109,408  asgs:(9409,noefs=0,fails=7671)  fails:1,999,708  wrgs:2,379,979  wck:659.5  ngds:67,132
    run1,979  dpts:37..115  robin:FrbaOnDom-Last  effs:144,769,609  asgs:(12050,noefs=7,fails=8054)  fails:2,007,762  wrgs:2,390,905  wck:662.7  ngds:67,177
 ...resetting heuristics data (nValues:3,884 - nSingletons:186 - nEntailed:302)
    run1,980  dpts:42..54  robin:Wdeg-Rand  effs:145,375,165  asgs:(9699,noefs=0,fails=8457)  fails:2,016,219  wrgs:2,400,485  wck:665.4  ngds:67,250
 ...resetting restart cutoff to 115
    run1,981  dpts:51..92  robin:PickOnDom-First  effs:145,388,907  asgs:(289,noefs=0,fails=115)  fails:2,016,334  wrgs:2,400,667  wck:665.5  ngds:67,253
    run1,982  dpts:76..88  robin:WdegOnDom-Last  effs:145,398,522  asgs:(247,noefs=0,fails=120)  fails:2,016,454  wrgs:2,400,813  wck:665.6  ngds:67,281
    run1,983  dpts:60..86  robin:FrbaOnDom-Rand  effs:145,409,978  asgs:(269,noefs=0,fails=126)  fails:2,016,580  wrgs:2,400,994  wck:665.7  ngds:67,303
    run1,984  dpts:10..17  robin:Wdeg-First  effs:145,417,815  asgs:(162,noefs=0,fails=133)  fails:2,016,713  wrgs:2,401,141  wck:665.7  ngds:67,337
    run1,985  dpts:30..35  robin:PickOnDom-Last  effs:145,424,728  asgs:(180,noefs=0,fails=139)  fails:2,016,852  wrgs:2,401,286  wck:665.7  ngds:67,341
    run1,986  dpts:18..28  robin:WdegOnDom-Rand  effs:145,431,880  asgs:(181,noefs=0,fails=146)  fails:2,016,998  wrgs:2,401,444  wck:665.8  ngds:67,361
    run1,987  dpts:17..102  robin:FrbaOnDom-First  effs:145,445,543  asgs:(350,noefs=0,fails=154)  fails:2,017,152  wrgs:2,401,713  wck:665.9  ngds:67,370
    run1,988  dpts:6..12  robin:Wdeg-Last  effs:145,453,604  asgs:(188,noefs=0,fails=161)  fails:2,017,313  wrgs:2,401,892  wck:665.9  ngds:67,394
    run1,989  dpts:14..28  robin:PickOnDom-Rand  effs:145,463,483  asgs:(233,noefs=0,fails=169)  fails:2,017,482  wrgs:2,402,089  wck:666.0  ngds:67,417
    run1,990  dpts:54..95  robin:WdegOnDom-First  effs:145,479,956  asgs:(421,noefs=0,fails=178)  fails:2,017,660  wrgs:2,402,357  wck:666.1  ngds:67,441
    run1,991  dpts:107..167  robin:FrbaOnDom-Last  effs:145,509,646  asgs:(651,noefs=1,fails=187)  fails:2,017,847  wrgs:2,402,723  wck:666.3  ngds:67,452
    run1,992  dpts:7..10  robin:Wdeg-Rand  effs:145,523,319  asgs:(225,noefs=0,fails=196)  fails:2,018,043  wrgs:2,402,939  wck:666.3  ngds:67,477
    run1,993  dpts:41..100  robin:PickOnDom-First  effs:145,534,965  asgs:(360,noefs=0,fails=206)  fails:2,018,249  wrgs:2,403,188  wck:666.4  ngds:67,499
    run1,994  dpts:42..52  robin:WdegOnDom-Last  effs:145,556,221  asgs:(305,noefs=0,fails=216)  fails:2,018,465  wrgs:2,403,443  wck:666.5  ngds:67,539
    run1,995  dpts:22..96  robin:FrbaOnDom-Rand  effs:145,575,332  asgs:(387,noefs=0,fails=227)  fails:2,018,692  wrgs:2,403,727  wck:666.7  ngds:67,552
    run1,996  dpts:9..15  robin:Wdeg-First  effs:145,590,081  asgs:(288,noefs=0,fails=239)  fails:2,018,931  wrgs:2,404,001  wck:666.7  ngds:67,580
    run1,997  dpts:5..55  robin:PickOnDom-Last  effs:145,623,234  asgs:(378,noefs=0,fails=251)  fails:2,019,182  wrgs:2,404,317  wck:666.9  ngds:67,608
    run1,998  dpts:31..42  robin:WdegOnDom-Rand  effs:145,643,540  asgs:(347,noefs=0,fails=263)  fails:2,019,445  wrgs:2,404,616  wck:667.0  ngds:67,675
    run1,999  dpts:6..122  robin:FrbaOnDom-First  effs:145,670,356  asgs:(563,noefs=0,fails=276)  fails:2,019,721  wrgs:2,405,062  wck:667.1  ngds:67,726
    run2,000  dpts:5..59  robin:Wdeg-Last  effs:145,687,052  asgs:(372,noefs=0,fails=290)  fails:2,020,011  wrgs:2,405,386  wck:667.2  ngds:67,764
    run2,001  dpts:17..54  robin:PickOnDom-Rand  effs:145,711,756  asgs:(406,noefs=0,fails=305)  fails:2,020,316  wrgs:2,405,736  wck:667.4  ngds:67,790
    run2,002  dpts:12..74  robin:WdegOnDom-First  effs:145,732,185  asgs:(430,noefs=0,fails=320)  fails:2,020,636  wrgs:2,406,090  wck:667.5  ngds:67,815
    run2,003  dpts:72..94  robin:FrbaOnDom-Last  effs:145,760,160  asgs:(576,noefs=0,fails=336)  fails:2,020,972  wrgs:2,406,539  wck:667.6  ngds:67,848
    run2,004  dpts:9..11  robin:Wdeg-Rand  effs:145,785,533  asgs:(388,noefs=0,fails=353)  fails:2,021,325  wrgs:2,406,917  wck:667.7  ngds:67,900
    run2,005  dpts:12..139  robin:PickOnDom-First  effs:145,817,091  asgs:(622,noefs=0,fails=370)  fails:2,021,695  wrgs:2,407,375  wck:667.9  ngds:67,921
    run2,006  dpts:99..105  robin:WdegOnDom-Last  effs:145,841,336  asgs:(519,noefs=0,fails=389)  fails:2,022,084  wrgs:2,407,791  wck:668.1  ngds:67,974
    run2,007  dpts:18..89  robin:FrbaOnDom-Rand  effs:145,876,576  asgs:(719,noefs=1,fails=408)  fails:2,022,492  wrgs:2,408,351  wck:668.3  ngds:68,007
    run2,008  dpts:6..27  robin:Wdeg-First  effs:145,899,614  asgs:(509,noefs=0,fails=429)  fails:2,022,921  wrgs:2,408,830  wck:668.4  ngds:68,051
    run2,009  dpts:57..69  robin:PickOnDom-Last  effs:145,965,132  asgs:(649,noefs=0,fails=450)  fails:2,023,371  wrgs:2,409,388  wck:668.7  ngds:68,078
 ...resetting heuristics data (nValues:3,884 - nSingletons:186 - nEntailed:302)
    run2,010  dpts:30..43  robin:WdegOnDom-Rand  effs:145,995,970  asgs:(684,noefs=0,fails=473)  fails:2,023,844  wrgs:2,409,976  wck:668.9  ngds:68,081
    run2,011  dpts:43..141  robin:FrbaOnDom-First  effs:146,040,153  asgs:(1121,noefs=0,fails=497)  fails:2,024,341  wrgs:2,410,742  wck:669.1  ngds:68,114
    run2,012  dpts:72..86  robin:Wdeg-Last  effs:146,083,979  asgs:(695,noefs=0,fails=521)  fails:2,024,862  wrgs:2,411,342  wck:669.4  ngds:68,128
    run2,013  dpts:33..53  robin:PickOnDom-Rand  effs:146,114,444  asgs:(713,noefs=0,fails=547)  fails:2,025,409  wrgs:2,411,970  wck:669.6  ngds:68,179
    run2,014  dpts:43..48  robin:WdegOnDom-First  effs:146,148,452  asgs:(701,noefs=0,fails=575)  fails:2,025,984  wrgs:2,412,622  wck:669.7  ngds:68,203
    run2,015  dpts:16..128  robin:FrbaOnDom-Last  effs:146,208,056  asgs:(1301,noefs=0,fails=604)  fails:2,026,588  wrgs:2,413,681  wck:670.0  ngds:68,207
    run2,016  dpts:5..42  robin:Wdeg-Rand  effs:146,249,159  asgs:(735,noefs=0,fails=634)  fails:2,027,222  wrgs:2,414,375  wck:670.2  ngds:68,259
    run2,017  dpts:20..63  robin:PickOnDom-First  effs:146,285,243  asgs:(876,noefs=0,fails=666)  fails:2,027,888  wrgs:2,415,148  wck:670.4  ngds:68,289
    run2,018  dpts:12..75  robin:WdegOnDom-Last  effs:146,344,893  asgs:(1095,noefs=0,fails=699)  fails:2,028,587  wrgs:2,416,069  wck:670.8  ngds:68,316
    run2,019  dpts:13..46  robin:FrbaOnDom-Rand  effs:146,399,375  asgs:(884,noefs=0,fails=734)  fails:2,029,321  wrgs:2,416,888  wck:671.0  ngds:68,324
    run2,020  dpts:2..25  robin:Wdeg-First  effs:146,456,070  asgs:(929,noefs=0,fails=771)  fails:2,030,092  wrgs:2,417,773  wck:671.2  ngds:68,352
    run2,021  dpts:1..103  robin:PickOnDom-Last  effs:146,534,518  asgs:(1222,noefs=0,fails=809)  fails:2,030,901  wrgs:2,418,812  wck:671.6  ngds:68,368
    run2,022  dpts:21..44  robin:WdegOnDom-Rand  effs:146,599,052  asgs:(1021,noefs=0,fails=850)  fails:2,031,751  wrgs:2,419,784  wck:671.9  ngds:68,427
    run2,023  dpts:31..116  robin:FrbaOnDom-First  effs:146,662,710  asgs:(1261,noefs=0,fails=892)  fails:2,032,643  wrgs:2,420,894  wck:672.3  ngds:68,454
    run2,024  dpts:3..20  robin:Wdeg-Last  effs:146,721,689  asgs:(1015,noefs=0,fails=937)  fails:2,033,580  wrgs:2,421,897  wck:672.6  ngds:68,501
    run2,025  dpts:2..45  robin:PickOnDom-Rand  effs:146,780,117  asgs:(1427,noefs=0,fails=984)  fails:2,034,564  wrgs:2,423,159  wck:672.8  ngds:68,535
    run2,026  dpts:68..78  robin:WdegOnDom-First  effs:146,846,572  asgs:(1287,noefs=0,fails=1033)  fails:2,035,597  wrgs:2,424,329  wck:673.2  ngds:68,585
    run2,027  dpts:14..98  robin:FrbaOnDom-Last  effs:146,939,500  asgs:(1650,noefs=1,fails=1084)  fails:2,036,681  wrgs:2,425,770  wck:673.7  ngds:68,602
    run2,028  dpts:11..17  robin:Wdeg-Rand  effs:147,041,282  asgs:(1199,noefs=0,fails=1139)  fails:2,037,820  wrgs:2,426,954  wck:674.2  ngds:68,614
    run2,029  dpts:1..77  robin:PickOnDom-First  effs:147,110,338  asgs:(1641,noefs=0,fails=1196)  fails:2,039,016  wrgs:2,428,426  wck:674.6  ngds:68,625
    run2,030  dpts:70..80  robin:WdegOnDom-Last  effs:147,293,998  asgs:(1578,noefs=0,fails=1255)  fails:2,040,271  wrgs:2,429,902  wck:675.5  ngds:68,633
    run2,031  dpts:17..87  robin:FrbaOnDom-Rand  effs:147,402,302  asgs:(1984,noefs=0,fails=1318)  fails:2,041,589  wrgs:2,431,647  wck:676.1  ngds:68,672
    run2,032  dpts:2..13  robin:Wdeg-First  effs:147,460,479  asgs:(1480,noefs=0,fails=1384)  fails:2,042,973  wrgs:2,433,114  wck:676.4  ngds:68,734
    run2,033  dpts:96..116  robin:PickOnDom-Last  effs:147,537,462  asgs:(1909,noefs=0,fails=1453)  fails:2,044,426  wrgs:2,434,834  wck:676.8  ngds:68,750
    run2,034  dpts:10..53  robin:WdegOnDom-Rand  effs:147,635,579  asgs:(1681,noefs=0,fails=1526)  fails:2,045,952  wrgs:2,436,485  wck:677.2  ngds:68,806
    run2,035  dpts:53..136  robin:FrbaOnDom-First  effs:147,767,628  asgs:(2286,noefs=0,fails=1602)  fails:2,047,554  wrgs:2,438,521  wck:677.9  ngds:68,939
    run2,036  dpts:4..13  robin:Wdeg-Last  effs:147,858,928  asgs:(1893,noefs=0,fails=1683)  fails:2,049,237  wrgs:2,440,401  wck:678.3  ngds:68,946
    run2,037  dpts:16..58  robin:PickOnDom-Rand  effs:147,998,991  asgs:(2417,noefs=0,fails=1767)  fails:2,051,004  wrgs:2,442,634  wck:679.0  ngds:69,003
    run2,038  dpts:32..40  robin:WdegOnDom-First  effs:148,127,084  asgs:(2252,noefs=0,fails=1855)  fails:2,052,859  wrgs:2,444,778  wck:679.5  ngds:69,034
    run2,039  dpts:13..72  robin:FrbaOnDom-Last  effs:148,215,213  asgs:(2235,noefs=0,fails=1948)  fails:2,054,807  wrgs:2,446,961  wck:679.9  ngds:69,078
 ...resetting heuristics data (nValues:3,884 - nSingletons:186 - nEntailed:302)
    run2,040  dpts:32..45  robin:Wdeg-Rand  effs:148,354,704  asgs:(2347,noefs=0,fails=2045)  fails:2,056,852  wrgs:2,449,244  wck:680.6  ngds:69,120
    run2,041  dpts:48..88  robin:PickOnDom-First  effs:148,544,371  asgs:(3769,noefs=0,fails=2148)  fails:2,059,000  wrgs:2,452,488  wck:681.6  ngds:69,143
    run2,042  dpts:71..86  robin:WdegOnDom-Last  effs:148,673,861  asgs:(2634,noefs=0,fails=2255)  fails:2,061,255  wrgs:2,454,981  wck:682.2  ngds:69,171
    run2,043  dpts:12..107  robin:FrbaOnDom-Rand  effs:148,916,321  asgs:(4091,noefs=6,fails=2368)  fails:2,063,623  wrgs:2,458,389  wck:683.5  ngds:69,193
    run2,044  dpts:8..37  robin:Wdeg-First  effs:149,043,295  asgs:(2838,noefs=0,fails=2486)  fails:2,066,109  wrgs:2,461,174  wck:684.1  ngds:69,278
    run2,045  dpts:2..76  robin:PickOnDom-Last  effs:149,209,558  asgs:(3589,noefs=0,fails=2611)  fails:2,068,720  wrgs:2,464,393  wck:685.0  ngds:69,309
    run2,046  dpts:22..60  robin:WdegOnDom-Rand  effs:149,396,401  asgs:(3370,noefs=0,fails=2741)  fails:2,071,461  wrgs:2,467,575  wck:686.0  ngds:69,366
    run2,047  dpts:42..181  robin:FrbaOnDom-First  effs:149,566,585  asgs:(3972,noefs=0,fails=2878)  fails:2,074,339  wrgs:2,471,163  wck:686.8  ngds:69,420
    run2,048  dpts:6..24  robin:Wdeg-Last  effs:149,730,700  asgs:(3476,noefs=0,fails=3022)  fails:2,077,361  wrgs:2,474,594  wck:687.6  ngds:69,489
    run2,049  dpts:30..69  robin:PickOnDom-Rand  effs:149,937,627  asgs:(3903,noefs=0,fails=3173)  fails:2,080,534  wrgs:2,478,273  wck:688.5  ngds:69,531
    run2,050  dpts:72..94  robin:WdegOnDom-First  effs:150,190,390  asgs:(4003,noefs=0,fails=3332)  fails:2,083,866  wrgs:2,482,081  wck:689.8  ngds:69,636
    run2,051  dpts:34..95  robin:FrbaOnDom-Last  effs:150,523,836  asgs:(4911,noefs=0,fails=3499)  fails:2,087,365  wrgs:2,486,466  wck:691.4  ngds:69,681
    run2,052  dpts:9..18  robin:Wdeg-Rand  effs:150,743,102  asgs:(3979,noefs=0,fails=3673)  fails:2,091,038  wrgs:2,490,419  wck:692.3  ngds:69,711
    run2,053  dpts:42..73  robin:PickOnDom-First  effs:151,032,811  asgs:(4854,noefs=0,fails=3857)  fails:2,094,895  wrgs:2,495,027  wck:693.5  ngds:69,736
    run2,054  dpts:53..62  robin:WdegOnDom-Last  effs:151,324,023  asgs:(4726,noefs=0,fails=4050)  fails:2,098,945  wrgs:2,499,610  wck:694.7  ngds:69,813
    run2,055  dpts:24..117  robin:FrbaOnDom-Rand  effs:151,658,076  asgs:(6088,noefs=5,fails=4253)  fails:2,103,198  wrgs:2,505,064  wck:696.5  ngds:69,839
    run2,056  dpts:6..22  robin:Wdeg-First  effs:151,943,212  asgs:(5012,noefs=0,fails=4465)  fails:2,107,663  wrgs:2,510,022  wck:697.8  ngds:69,913
    run2,057  dpts:21..72  robin:PickOnDom-Last  effs:152,295,862  asgs:(6088,noefs=0,fails=4689)  fails:2,112,352  wrgs:2,515,771  wck:699.5  ngds:70,046
    run2,058  dpts:27..47  robin:WdegOnDom-Rand  effs:152,607,543  asgs:(5597,noefs=0,fails=4923)  fails:2,117,275  wrgs:2,521,262  wck:701.0  ngds:70,068
    run2,059  dpts:18..140  robin:FrbaOnDom-First  effs:152,915,155  asgs:(6825,noefs=3,fails=5169)  fails:2,122,444  wrgs:2,527,714  wck:702.5  ngds:70,113
    run2,060  dpts:4..17  robin:Wdeg-Last  effs:153,173,146  asgs:(6016,noefs=0,fails=5428)  fails:2,127,872  wrgs:2,533,685  wck:703.8  ngds:70,173
    run2,061  dpts:15..69  robin:PickOnDom-Rand  effs:153,569,242  asgs:(7007,noefs=0,fails=5699)  fails:2,133,571  wrgs:2,540,306  wck:705.7  ngds:70,194
    run2,062  dpts:28..68  robin:WdegOnDom-First  effs:154,032,569  asgs:(7271,noefs=0,fails=5984)  fails:2,139,555  wrgs:2,547,348  wck:708.0  ngds:70,284
    run2,063  dpts:6..154  robin:FrbaOnDom-Last  effs:154,454,675  asgs:(8523,noefs=1,fails=6283)  fails:2,145,838  wrgs:2,555,354  wck:710.3  ngds:70,304
    run2,064  dpts:11..18  robin:Wdeg-Rand  effs:154,902,450  asgs:(7147,noefs=0,fails=6597)  fails:2,152,435  wrgs:2,562,471  wck:712.2  ngds:70,323
    run2,065  dpts:42..83  robin:PickOnDom-First  effs:155,476,925  asgs:(8548,noefs=0,fails=6927)  fails:2,159,362  wrgs:2,570,757  wck:714.6  ngds:70,423
    run2,066  dpts:42..80  robin:WdegOnDom-Last  effs:156,086,257  asgs:(8809,noefs=0,fails=7274)  fails:2,166,636  wrgs:2,579,235  wck:717.6  ngds:70,479
    run2,067  dpts:32..97  robin:FrbaOnDom-Rand  effs:156,614,269  asgs:(10099,noefs=9,fails=7637)  fails:2,174,273  wrgs:2,588,480  wck:720.3  ngds:70,519
    run2,068  dpts:4..20  robin:Wdeg-First  effs:157,032,633  asgs:(9203,noefs=0,fails=8019)  fails:2,182,292  wrgs:2,597,613  wck:722.3  ngds:70,568
    run2,069  dpts:92..127  robin:PickOnDom-Last  effs:157,981,859  asgs:(11240,noefs=0,fails=8420)  fails:2,190,712  wrgs:2,608,259  wck:726.6  ngds:70,626
 ...resetting heuristics data (nValues:3,884 - nSingletons:186 - nEntailed:302)
    run2,070  dpts:32..49  robin:WdegOnDom-Rand  effs:158,500,550  asgs:(9946,noefs=0,fails=8841)  fails:2,199,553  wrgs:2,617,952  wck:728.9  ngds:70,661
 ...resetting restart cutoff to 120
    run2,071  dpts:96..170  robin:FrbaOnDom-First  effs:158,520,056  asgs:(416,noefs=0,fails=120)  fails:2,199,673  wrgs:2,618,201  wck:729.1  ngds:70,664
    run2,072  dpts:77..82  robin:Wdeg-Last  effs:158,528,826  asgs:(228,noefs=0,fails=126)  fails:2,199,799  wrgs:2,618,342  wck:729.2  ngds:70,708
    run2,073  dpts:29..43  robin:PickOnDom-Rand  effs:158,540,547  asgs:(211,noefs=0,fails=132)  fails:2,199,931  wrgs:2,618,507  wck:729.2  ngds:70,731
    run2,074  dpts:27..67  robin:WdegOnDom-First  effs:158,553,629  asgs:(269,noefs=0,fails=138)  fails:2,200,069  wrgs:2,618,696  wck:729.3  ngds:70,784
    run2,075  dpts:15..116  robin:FrbaOnDom-Last  effs:158,569,752  asgs:(393,noefs=0,fails=145)  fails:2,200,214  wrgs:2,618,961  wck:729.4  ngds:70,789
    run2,076  dpts:5..9  robin:Wdeg-Rand  effs:158,578,636  asgs:(167,noefs=0,fails=153)  fails:2,200,367  wrgs:2,619,121  wck:729.4  ngds:70,808
    run2,077  dpts:43..67  robin:PickOnDom-First  effs:158,586,379  asgs:(249,noefs=0,fails=160)  fails:2,200,527  wrgs:2,619,309  wck:729.5  ngds:70,832
    run2,078  dpts:7..59  robin:WdegOnDom-Last  effs:158,603,407  asgs:(278,noefs=0,fails=168)  fails:2,200,695  wrgs:2,619,533  wck:729.6  ngds:70,847
    run2,079  dpts:24..98  robin:FrbaOnDom-Rand  effs:158,618,748  asgs:(443,noefs=0,fails=177)  fails:2,200,872  wrgs:2,619,830  wck:729.7  ngds:70,883
    run2,080  dpts:2..45  robin:Wdeg-First  effs:158,630,725  asgs:(252,noefs=0,fails=186)  fails:2,201,058  wrgs:2,620,041  wck:729.8  ngds:70,893
    run2,081  dpts:10..78  robin:PickOnDom-Last  effs:158,642,811  asgs:(322,noefs=0,fails=195)  fails:2,201,253  wrgs:2,620,270  wck:729.8  ngds:70,931
    run2,082  dpts:29..37  robin:WdegOnDom-Rand  effs:158,657,416  asgs:(272,noefs=0,fails=205)  fails:2,201,458  wrgs:2,620,500  wck:729.9  ngds:70,962
    run2,083  dpts:48..116  robin:FrbaOnDom-First  effs:158,676,345  asgs:(470,noefs=0,fails=215)  fails:2,201,673  wrgs:2,620,824  wck:730.1  ngds:71,004
    run2,084  dpts:5..14  robin:Wdeg-Last  effs:158,684,892  asgs:(265,noefs=0,fails=226)  fails:2,201,899  wrgs:2,621,074  wck:730.1  ngds:71,012
    run2,085  dpts:11..61  robin:PickOnDom-Rand  effs:158,703,864  asgs:(434,noefs=0,fails=237)  fails:2,202,136  wrgs:2,621,403  wck:730.2  ngds:71,048
    run2,086  dpts:46..58  robin:WdegOnDom-First  effs:158,718,861  asgs:(337,noefs=0,fails=249)  fails:2,202,385  wrgs:2,621,672  wck:730.3  ngds:71,088
    run2,087  dpts:31..143  robin:FrbaOnDom-Last  effs:158,750,767  asgs:(557,noefs=0,fails=261)  fails:2,202,646  wrgs:2,622,093  wck:730.5  ngds:71,146
    run2,088  dpts:4..20  robin:Wdeg-Rand  effs:158,765,309  asgs:(303,noefs=0,fails=275)  fails:2,202,921  wrgs:2,622,380  wck:730.6  ngds:71,169
    run2,089  dpts:73..77  robin:PickOnDom-First  effs:158,792,871  asgs:(448,noefs=0,fails=288)  fails:2,203,209  wrgs:2,622,730  wck:730.7  ngds:71,211
    run2,090  dpts:41..61  robin:WdegOnDom-Last  effs:158,821,063  asgs:(449,noefs=0,fails=303)  fails:2,203,512  wrgs:2,623,111  wck:730.9  ngds:71,232
    run2,091  dpts:12..98  robin:FrbaOnDom-Rand  effs:158,847,962  asgs:(514,noefs=0,fails=318)  fails:2,203,830  wrgs:2,623,548  wck:731.0  ngds:71,267
    run2,092  dpts:5..11  robin:Wdeg-First  effs:158,868,359  asgs:(366,noefs=0,fails=334)  fails:2,204,164  wrgs:2,623,901  wck:731.1  ngds:71,335
    run2,093  dpts:79..108  robin:PickOnDom-Last  effs:158,895,632  asgs:(592,noefs=0,fails=351)  fails:2,204,515  wrgs:2,624,350  wck:731.3  ngds:71,369
    run2,094  dpts:16..37  robin:WdegOnDom-Rand  effs:158,940,922  asgs:(476,noefs=1,fails=368)  fails:2,204,883  wrgs:2,624,792  wck:731.5  ngds:71,447
    run2,095  dpts:11..84  robin:FrbaOnDom-First  effs:158,971,128  asgs:(593,noefs=0,fails=387)  fails:2,205,270  wrgs:2,625,280  wck:731.6  ngds:71,450
    run2,096  dpts:2..8  robin:Wdeg-Last  effs:158,996,147  asgs:(475,noefs=0,fails=406)  fails:2,205,676  wrgs:2,625,747  wck:731.7  ngds:71,479
    run2,097  dpts:16..74  robin:PickOnDom-Rand  effs:159,020,213  asgs:(583,noefs=0,fails=426)  fails:2,206,102  wrgs:2,626,253  wck:731.9  ngds:71,538
    run2,098  dpts:46..62  robin:WdegOnDom-First  effs:159,046,935  asgs:(561,noefs=0,fails=448)  fails:2,206,550  wrgs:2,626,752  wck:732.0  ngds:71,575
    run2,099  dpts:14..36  robin:FrbaOnDom-Last  effs:159,080,036  asgs:(594,noefs=0,fails=470)  fails:2,207,020  wrgs:2,627,307  wck:732.2  ngds:71,588
 ...resetting heuristics data (nValues:3,884 - nSingletons:186 - nEntailed:302)
    run2,100  dpts:38..45  robin:Wdeg-Rand  effs:159,109,732  asgs:(585,noefs=0,fails=493)  fails:2,207,513  wrgs:2,627,844  wck:732.3  ngds:71,621
    run2,101  dpts:50..87  robin:PickOnDom-First  effs:159,146,422  asgs:(892,noefs=0,fails=518)  fails:2,208,031  wrgs:2,628,583  wck:732.6  ngds:71,634
    run2,102  dpts:72..89  robin:WdegOnDom-Last  effs:159,204,060  asgs:(846,noefs=0,fails=544)  fails:2,208,575  wrgs:2,629,274  wck:732.9  ngds:71,667
    run2,103  dpts:11..92  robin:FrbaOnDom-Rand  effs:159,252,762  asgs:(972,noefs=3,fails=571)  fails:2,209,146  wrgs:2,630,059  wck:733.2  ngds:71,715
    run2,104  dpts:6..42  robin:Wdeg-First  effs:159,290,200  asgs:(703,noefs=0,fails=600)  fails:2,209,746  wrgs:2,630,719  wck:733.4  ngds:71,807
    run2,105  dpts:10..28  robin:PickOnDom-Last  effs:159,336,119  asgs:(981,noefs=0,fails=630)  fails:2,210,376  wrgs:2,631,556  wck:733.6  ngds:71,814
    run2,106  dpts:13..45  robin:WdegOnDom-Rand  effs:159,378,099  asgs:(856,noefs=0,fails=661)  fails:2,211,037  wrgs:2,632,328  wck:733.8  ngds:71,836
    run2,107  dpts:32..182  robin:FrbaOnDom-First  effs:159,445,485  asgs:(1351,noefs=0,fails=695)  fails:2,211,732  wrgs:2,633,371  wck:734.2  ngds:71,848
    run2,108  dpts:1..10  robin:Wdeg-Last  effs:159,475,506  asgs:(771,noefs=0,fails=729)  fails:2,212,461  wrgs:2,634,133  wck:734.4  ngds:71,922
    run2,109  dpts:41..67  robin:PickOnDom-Rand  effs:159,515,412  asgs:(979,noefs=0,fails=766)  fails:2,213,227  wrgs:2,635,002  wck:734.6  ngds:71,999
    run2,110  dpts:91..105  robin:WdegOnDom-First  effs:159,563,509  asgs:(1019,noefs=0,fails=804)  fails:2,214,031  wrgs:2,635,906  wck:734.8  ngds:72,042
    run2,111  dpts:14..58  robin:FrbaOnDom-Last  effs:159,600,715  asgs:(962,noefs=0,fails=844)  fails:2,214,875  wrgs:2,636,806  wck:734.9  ngds:72,123
    run2,112  dpts:8..20  robin:Wdeg-Rand  effs:159,666,069  asgs:(967,noefs=0,fails=887)  fails:2,215,762  wrgs:2,637,753  wck:735.2  ngds:72,198
    run2,113  dpts:53..117  robin:PickOnDom-First  effs:159,744,502  asgs:(1297,noefs=0,fails=931)  fails:2,216,693  wrgs:2,638,886  wck:735.6  ngds:72,233
    run2,114  dpts:15..64  robin:WdegOnDom-Last  effs:159,835,627  asgs:(1258,noefs=0,fails=977)  fails:2,217,670  wrgs:2,640,053  wck:736.1  ngds:72,296
    run2,115  dpts:32..97  robin:FrbaOnDom-Rand  effs:159,924,026  asgs:(1608,noefs=0,fails=1026)  fails:2,218,696  wrgs:2,641,444  wck:736.5  ngds:72,306
    run2,116  dpts:8..14  robin:Wdeg-First  effs:159,973,085  asgs:(1221,noefs=0,fails=1078)  fails:2,219,774  wrgs:2,642,650  wck:736.8  ngds:72,342
    run2,117  dpts:28..111  robin:PickOnDom-Last  effs:160,056,250  asgs:(1585,noefs=0,fails=1132)  fails:2,220,906  wrgs:2,644,050  wck:737.2  ngds:72,353
    run2,118  dpts:28..40  robin:WdegOnDom-Rand  effs:160,138,701  asgs:(1379,noefs=0,fails=1188)  fails:2,222,094  wrgs:2,645,378  wck:737.7  ngds:72,413
    run2,119  dpts:0..85  robin:FrbaOnDom-First  effs:160,213,125  asgs:(1534,noefs=0,fails=1248)  fails:2,223,342  wrgs:2,646,805  wck:738.0  ngds:72,469
    run2,120  dpts:6..22  robin:Wdeg-Last  effs:160,280,669  asgs:(1474,noefs=0,fails=1310)  fails:2,224,652  wrgs:2,648,250  wck:738.3  ngds:72,565
 ...Discarding 1 singleton variables
    run2,121  dpts:20..46  robin:PickOnDom-Rand  effs:160,384,677  asgs:(1824,noefs=0,fails=1376)  fails:2,226,028  wrgs:2,649,931  wck:738.8  ngds:72,601
    run2,122  dpts:6..82  robin:WdegOnDom-First  effs:160,481,832  asgs:(1834,noefs=0,fails=1444)  fails:2,227,472  wrgs:2,651,627  wck:739.3  ngds:72,650
    run2,123  dpts:42..125  robin:FrbaOnDom-Last  effs:160,613,208  asgs:(2577,noefs=0,fails=1517)  fails:2,228,989  wrgs:2,653,673  wck:740.0  ngds:72,672
    run2,124  dpts:3..22  robin:Wdeg-Rand  effs:160,695,286  asgs:(1762,noefs=0,fails=1592)  fails:2,230,581  wrgs:2,655,414  wck:740.3  ngds:72,692
    run2,125  dpts:78..94  robin:PickOnDom-First  effs:160,792,377  asgs:(2131,noefs=0,fails=1672)  fails:2,232,253  wrgs:2,657,421  wck:740.7  ngds:72,725
    run2,126  dpts:30..56  robin:WdegOnDom-Last  effs:160,935,130  asgs:(2078,noefs=0,fails=1756)  fails:2,234,009  wrgs:2,659,396  wck:741.3  ngds:72,783
    run2,127  dpts:27..88  robin:FrbaOnDom-Rand  effs:161,092,081  asgs:(2522,noefs=1,fails=1844)  fails:2,235,853  wrgs:2,661,662  wck:742.1  ngds:72,829
    run2,128  dpts:5..19  robin:Wdeg-First  effs:161,206,340  asgs:(2171,noefs=0,fails=1936)  fails:2,237,789  wrgs:2,663,811  wck:742.6  ngds:72,940
    run2,129  dpts:6..83  robin:PickOnDom-Last  effs:161,368,561  asgs:(2855,noefs=0,fails=2033)  fails:2,239,822  wrgs:2,666,454  wck:743.5  ngds:72,976
 ...resetting heuristics data (nValues:3,881 - nSingletons:187 - nEntailed:304)
    run2,130  dpts:27..39  robin:WdegOnDom-Rand  effs:161,521,751  asgs:(2545,noefs=0,fails=2134)  fails:2,241,956  wrgs:2,668,902  wck:744.2  ngds:73,012
    run2,131  dpts:27..182  robin:FrbaOnDom-First  effs:161,733,770  asgs:(3416,noefs=1,fails=2241)  fails:2,244,197  wrgs:2,671,722  wck:745.4  ngds:73,014
    run2,132  dpts:71..87  robin:Wdeg-Last  effs:161,911,880  asgs:(2878,noefs=0,fails=2353)  fails:2,246,550  wrgs:2,674,470  wck:746.3  ngds:73,030
    run2,133  dpts:33..63  robin:PickOnDom-Rand  effs:162,136,662  asgs:(3200,noefs=0,fails=2471)  fails:2,249,021  wrgs:2,677,483  wck:747.4  ngds:73,060
    run2,134  dpts:35..81  robin:WdegOnDom-First  effs:162,330,625  asgs:(3276,noefs=0,fails=2594)  fails:2,251,615  wrgs:2,680,532  wck:748.4  ngds:73,100
    run2,135  dpts:41..196  robin:FrbaOnDom-Last  effs:162,569,140  asgs:(4091,noefs=0,fails=2724)  fails:2,254,339  wrgs:2,684,174  wck:749.5  ngds:73,126
    run2,136  dpts:4..28  robin:Wdeg-Rand  effs:162,728,182  asgs:(3052,noefs=0,fails=2860)  fails:2,257,199  wrgs:2,687,197  wck:750.3  ngds:73,172
    run2,137  dpts:47..73  robin:PickOnDom-First  effs:162,997,231  asgs:(4389,noefs=0,fails=3003)  fails:2,260,202  wrgs:2,691,251  wck:751.5  ngds:73,191
    run2,138  dpts:41..67  robin:WdegOnDom-Last  effs:163,311,336  asgs:(3864,noefs=0,fails=3154)  fails:2,263,356  wrgs:2,694,940  wck:752.9  ngds:73,252
    run2,139  dpts:15..89  robin:FrbaOnDom-Rand  effs:163,612,992  asgs:(4814,noefs=0,fails=3311)  fails:2,266,667  wrgs:2,699,247  wck:754.4  ngds:73,332
    run2,140  dpts:1..12  robin:Wdeg-First  effs:163,861,832  asgs:(3849,noefs=0,fails=3477)  fails:2,270,144  wrgs:2,703,071  wck:755.4  ngds:73,384
    run2,141  dpts:5..91  robin:PickOnDom-Last  effs:164,115,239  asgs:(5491,noefs=0,fails=3651)  fails:2,273,795  wrgs:2,707,910  wck:756.7  ngds:73,425
    run2,142  dpts:32..63  robin:WdegOnDom-Rand  effs:164,328,316  asgs:(4349,noefs=0,fails=3833)  fails:2,277,628  wrgs:2,712,127  wck:757.7  ngds:73,483
    run2,143  dpts:51..98  robin:FrbaOnDom-First  effs:164,627,210  asgs:(5218,noefs=1,fails=4025)  fails:2,281,653  wrgs:2,716,822  wck:759.1  ngds:73,556
    run2,144  dpts:7..13  robin:Wdeg-Last  effs:164,891,615  asgs:(4706,noefs=0,fails=4226)  fails:2,285,879  wrgs:2,721,499  wck:760.3  ngds:73,585
    run2,145  dpts:7..74  robin:PickOnDom-Rand  effs:165,177,549  asgs:(5835,noefs=0,fails=4438)  fails:2,290,317  wrgs:2,726,883  wck:761.7  ngds:73,598
    run2,146  dpts:16..95  robin:WdegOnDom-First  effs:165,660,478  asgs:(5954,noefs=0,fails=4659)  fails:2,294,976  wrgs:2,732,554  wck:764.1  ngds:73,653
    run2,147  dpts:2..108  robin:FrbaOnDom-Last  effs:166,002,421  asgs:(6807,noefs=2,fails=4892)  fails:2,299,868  wrgs:2,738,544  wck:766.1  ngds:73,691
    run2,148  dpts:5..24  robin:Wdeg-Rand  effs:166,244,953  asgs:(5551,noefs=0,fails=5137)  fails:2,305,005  wrgs:2,744,060  wck:767.2  ngds:73,757
    run2,149  dpts:20..92  robin:PickOnDom-First  effs:166,603,778  asgs:(6783,noefs=0,fails=5394)  fails:2,310,399  wrgs:2,750,464  wck:768.9  ngds:73,787
    run2,150  dpts:49..70  robin:WdegOnDom-Last  effs:167,125,036  asgs:(6555,noefs=0,fails=5664)  fails:2,316,063  wrgs:2,756,908  wck:771.7  ngds:73,831
    run2,151  dpts:31..80  robin:FrbaOnDom-Rand  effs:167,595,790  asgs:(7732,noefs=16,fails=5947)  fails:2,322,010  wrgs:2,764,041  wck:774.1  ngds:73,869
    run2,152  dpts:3..18  robin:Wdeg-First  effs:167,981,812  asgs:(6917,noefs=0,fails=6244)  fails:2,328,254  wrgs:2,770,896  wck:776.1  ngds:73,975
    run2,153  dpts:48..86  robin:PickOnDom-Last  effs:168,585,760  asgs:(8532,noefs=0,fails=6556)  fails:2,334,810  wrgs:2,779,024  wck:779.1  ngds:73,996
    run2,154  dpts:4..32  robin:WdegOnDom-Rand  effs:169,109,936  asgs:(8101,noefs=0,fails=6884)  fails:2,341,694  wrgs:2,786,940  wck:781.3  ngds:74,094
    run2,155  dpts:64..118  robin:FrbaOnDom-First  effs:169,575,171  asgs:(9043,noefs=0,fails=7229)  fails:2,348,923  wrgs:2,795,485  wck:783.5  ngds:74,140
    run2,156  dpts:2..20  robin:Wdeg-Last  effs:169,985,234  asgs:(8371,noefs=0,fails=7590)  fails:2,356,513  wrgs:2,803,817  wck:785.4  ngds:74,272
    run2,157  dpts:17..56  robin:PickOnDom-Rand  effs:170,518,156  asgs:(10590,noefs=0,fails=7970)  fails:2,364,483  wrgs:2,813,490  wck:787.7  ngds:74,286
    run2,158  dpts:10..96  robin:WdegOnDom-First  effs:171,232,321  asgs:(10350,noefs=0,fails=8368)  fails:2,372,851  wrgs:2,823,509  wck:791.0  ngds:74,326
    run2,159  dpts:11..79  robin:FrbaOnDom-Last  effs:172,079,208  asgs:(11515,noefs=0,fails=8786)  fails:2,381,637  wrgs:2,834,393  wck:795.3  ngds:74,353
 ...resetting heuristics data (nValues:3,881 - nSingletons:187 - nEntailed:304)
    run2,160  dpts:35..48  robin:Wdeg-Rand  effs:172,785,086  asgs:(10546,noefs=0,fails=9226)  fails:2,390,863  wrgs:2,844,799  wck:798.5  ngds:74,406
 ...resetting restart cutoff to 125
    run2,161  dpts:54..90  robin:PickOnDom-First  effs:172,793,212  asgs:(240,noefs=0,fails=125)  fails:2,390,988  wrgs:2,844,957  wck:798.6  ngds:74,416
    run2,162  dpts:79..92  robin:WdegOnDom-Last  effs:172,806,999  asgs:(302,noefs=0,fails=131)  fails:2,391,119  wrgs:2,845,141  wck:798.7  ngds:74,436
    run2,163  dpts:12..44  robin:FrbaOnDom-Rand  effs:172,817,374  asgs:(188,noefs=0,fails=137)  fails:2,391,256  wrgs:2,845,287  wck:798.7  ngds:74,457
    run2,164  dpts:3..34  robin:Wdeg-First  effs:172,828,514  asgs:(222,noefs=0,fails=144)  fails:2,391,400  wrgs:2,845,465  wck:798.8  ngds:74,505
    run2,165  dpts:31..50  robin:PickOnDom-Last  effs:172,838,523  asgs:(272,noefs=0,fails=151)  fails:2,391,551  wrgs:2,845,657  wck:798.9  ngds:74,545
    run2,166  dpts:20..31  robin:WdegOnDom-Rand  effs:172,848,907  asgs:(207,noefs=0,fails=159)  fails:2,391,710  wrgs:2,845,836  wck:798.9  ngds:74,562
    run2,167  dpts:98..177  robin:FrbaOnDom-First  effs:172,872,039  asgs:(476,noefs=0,fails=167)  fails:2,391,877  wrgs:2,846,109  wck:799.1  ngds:74,573
    run2,168  dpts:3..11  robin:Wdeg-Last  effs:172,883,269  asgs:(208,noefs=0,fails=175)  fails:2,392,052  wrgs:2,846,307  wck:799.1  ngds:74,612
    run2,169  dpts:8..45  robin:PickOnDom-Rand  effs:172,898,559  asgs:(311,noefs=0,fails=184)  fails:2,392,236  wrgs:2,846,547  wck:799.2  ngds:74,640
    run2,170  dpts:21..70  robin:WdegOnDom-First  effs:172,914,230  asgs:(396,noefs=0,fails=193)  fails:2,392,429  wrgs:2,846,822  wck:799.3  ngds:74,646
    run2,171  dpts:6..220  robin:FrbaOnDom-Last  effs:172,929,256  asgs:(604,noefs=0,fails=203)  fails:2,392,632  wrgs:2,847,212  wck:799.4  ngds:74,659
    run2,172  dpts:6..9  robin:Wdeg-Rand  effs:172,940,263  asgs:(242,noefs=0,fails=213)  fails:2,392,845  wrgs:2,847,446  wck:799.5  ngds:74,684
    run2,173  dpts:69..98  robin:PickOnDom-First  effs:172,957,301  asgs:(410,noefs=0,fails=224)  fails:2,393,069  wrgs:2,847,718  wck:799.6  ngds:74,693
    run2,174  dpts:35..51  robin:WdegOnDom-Last  effs:172,970,679  asgs:(321,noefs=0,fails=235)  fails:2,393,304  wrgs:2,847,996  wck:799.7  ngds:74,704
    run2,175  dpts:24..94  robin:FrbaOnDom-Rand  effs:172,991,643  asgs:(520,noefs=0,fails=247)  fails:2,393,551  wrgs:2,848,369  wck:799.8  ngds:74,739
    run2,176  dpts:7..15  robin:Wdeg-First  effs:172,999,043  asgs:(299,noefs=0,fails=259)  fails:2,393,810  wrgs:2,848,652  wck:799.9  ngds:74,791
    run2,177  dpts:9..62  robin:PickOnDom-Last  effs:173,018,326  asgs:(432,noefs=0,fails=272)  fails:2,394,082  wrgs:2,849,043  wck:800.0  ngds:74,793
    run2,178  dpts:22..28  robin:WdegOnDom-Rand  effs:173,035,639  asgs:(341,noefs=0,fails=286)  fails:2,394,368  wrgs:2,849,355  wck:800.1  ngds:74,813
    run2,179  dpts:17..98  robin:FrbaOnDom-First  effs:173,053,280  asgs:(463,noefs=0,fails=300)  fails:2,394,668  wrgs:2,849,713  wck:800.2  ngds:74,830
    run2,180  dpts:5..10  robin:Wdeg-Last  effs:173,072,290  asgs:(348,noefs=0,fails=315)  fails:2,394,983  wrgs:2,850,053  wck:800.3  ngds:74,895
    run2,181  dpts:20..27  robin:PickOnDom-Rand  effs:173,087,693  asgs:(371,noefs=0,fails=331)  fails:2,395,314  wrgs:2,850,400  wck:800.3  ngds:74,932
    run2,182  dpts:39..68  robin:WdegOnDom-First  effs:173,122,149  asgs:(484,noefs=0,fails=348)  fails:2,395,662  wrgs:2,850,802  wck:800.5  ngds:75,001
    run2,183  dpts:37..111  robin:FrbaOnDom-Last  effs:173,153,006  asgs:(594,noefs=0,fails=365)  fails:2,396,027  wrgs:2,851,284  wck:800.7  ngds:75,012
    run2,184  dpts:6..10  robin:Wdeg-Rand  effs:173,180,922  asgs:(440,noefs=0,fails=383)  fails:2,396,410  wrgs:2,851,714  wck:800.8  ngds:75,035
    run2,185  dpts:65..96  robin:PickOnDom-First  effs:173,210,080  asgs:(605,noefs=0,fails=403)  fails:2,396,813  wrgs:2,852,200  wck:800.9  ngds:75,096
    run2,186  dpts:8..74  robin:WdegOnDom-Last  effs:173,241,343  asgs:(583,noefs=0,fails=423)  fails:2,397,236  wrgs:2,852,689  wck:801.1  ngds:75,110
    run2,187  dpts:31..107  robin:FrbaOnDom-Rand  effs:173,280,680  asgs:(764,noefs=0,fails=444)  fails:2,397,680  wrgs:2,853,342  wck:801.3  ngds:75,141
    run2,188  dpts:5..21  robin:Wdeg-First  effs:173,311,298  asgs:(548,noefs=0,fails=466)  fails:2,398,146  wrgs:2,853,867  wck:801.5  ngds:75,206
    run2,189  dpts:1..64  robin:PickOnDom-Last  effs:173,360,226  asgs:(699,noefs=0,fails=490)  fails:2,398,636  wrgs:2,854,480  wck:801.7  ngds:75,246
 ...resetting heuristics data (nValues:3,881 - nSingletons:187 - nEntailed:304)
    run2,190  dpts:41..58  robin:WdegOnDom-Rand  effs:173,407,953  asgs:(687,noefs=0,fails=514)  fails:2,399,150  wrgs:2,855,090  wck:802.0  ngds:75,272
    run2,191  dpts:54..204  robin:FrbaOnDom-First  effs:173,465,289  asgs:(803,noefs=0,fails=540)  fails:2,399,690  wrgs:2,855,702  wck:802.3  ngds:75,295
    run2,192  dpts:74..85  robin:Wdeg-Last  effs:173,511,392  asgs:(763,noefs=0,fails=567)  fails:2,400,257  wrgs:2,856,378  wck:802.5  ngds:75,312
    run2,193  dpts:24..49  robin:PickOnDom-Rand  effs:173,549,739  asgs:(747,noefs=0,fails=595)  fails:2,400,852  wrgs:2,857,051  wck:802.7  ngds:75,335
    run2,194  dpts:37..49  robin:WdegOnDom-First  effs:173,596,223  asgs:(799,noefs=0,fails=625)  fails:2,401,477  wrgs:2,857,798  wck:802.9  ngds:75,351
    run2,195  dpts:22..175  robin:FrbaOnDom-Last  effs:173,637,142  asgs:(1310,noefs=1,fails=656)  fails:2,402,133  wrgs:2,858,826  wck:803.2  ngds:75,426
    run2,196  dpts:3..42  robin:Wdeg-Rand  effs:173,670,933  asgs:(759,noefs=0,fails=689)  fails:2,402,822  wrgs:2,859,545  wck:803.4  ngds:75,490
    run2,197  dpts:52..67  robin:PickOnDom-First  effs:173,718,693  asgs:(1007,noefs=0,fails=723)  fails:2,403,545  wrgs:2,860,418  wck:803.7  ngds:75,545
    run2,198  dpts:51..70  robin:WdegOnDom-Last  effs:173,771,564  asgs:(1041,noefs=0,fails=760)  fails:2,404,305  wrgs:2,861,345  wck:804.0  ngds:75,587
    run2,199  dpts:7..88  robin:FrbaOnDom-Rand  effs:173,838,159  asgs:(1202,noefs=0,fails=798)  fails:2,405,103  wrgs:2,862,392  wck:804.3  ngds:75,600
    run2,200  dpts:2..20  robin:Wdeg-First  effs:173,883,741  asgs:(938,noefs=0,fails=838)  fails:2,405,941  wrgs:2,863,300  wck:804.5  ngds:75,696
    run2,201  dpts:5..71  robin:PickOnDom-Last  effs:173,982,023  asgs:(1326,noefs=0,fails=879)  fails:2,406,820  wrgs:2,864,464  wck:805.0  ngds:75,738
    run2,202  dpts:27..46  robin:WdegOnDom-Rand  effs:174,042,826  asgs:(1114,noefs=0,fails=923)  fails:2,407,743  wrgs:2,865,512  wck:805.3  ngds:75,755
    run2,203  dpts:67..163  robin:FrbaOnDom-First  effs:174,097,647  asgs:(1229,noefs=0,fails=970)  fails:2,408,713  wrgs:2,866,614  wck:805.6  ngds:75,792
    run2,204  dpts:4..11  robin:Wdeg-Last  effs:174,145,073  asgs:(1080,noefs=0,fails=1018)  fails:2,409,731  wrgs:2,867,681  wck:805.9  ngds:75,833
    run2,205  dpts:21..66  robin:PickOnDom-Rand  effs:174,222,879  asgs:(1410,noefs=0,fails=1069)  fails:2,410,800  wrgs:2,868,959  wck:806.3  ngds:75,845
    run2,206  dpts:58..79  robin:WdegOnDom-First  effs:174,298,456  asgs:(1426,noefs=0,fails=1123)  fails:2,411,923  wrgs:2,870,273  wck:806.6  ngds:75,866
    run2,207  dpts:5..134  robin:FrbaOnDom-Last  effs:174,377,669  asgs:(1685,noefs=1,fails=1179)  fails:2,413,102  wrgs:2,871,736  wck:807.1  ngds:75,883
    run2,208  dpts:12..16  robin:Wdeg-Rand  effs:174,471,681  asgs:(1341,noefs=0,fails=1238)  fails:2,414,340  wrgs:2,873,059  wck:807.5  ngds:75,902
    run2,209  dpts:8..69  robin:PickOnDom-First  effs:174,569,551  asgs:(2108,noefs=0,fails=1300)  fails:2,415,640  wrgs:2,874,889  wck:808.1  ngds:75,927
    run2,210  dpts:80..87  robin:WdegOnDom-Last  effs:174,745,779  asgs:(1681,noefs=0,fails=1365)  fails:2,417,005  wrgs:2,876,461  wck:808.9  ngds:75,947
    run2,211  dpts:26..96  robin:FrbaOnDom-Rand  effs:174,832,361  asgs:(2025,noefs=0,fails=1433)  fails:2,418,438  wrgs:2,878,254  wck:809.3  ngds:76,006
    run2,212  dpts:4..14  robin:Wdeg-First  effs:174,943,653  asgs:(1635,noefs=0,fails=1505)  fails:2,419,943  wrgs:2,879,874  wck:809.8  ngds:76,107
    run2,213  dpts:74..155  robin:PickOnDom-Last  effs:175,065,701  asgs:(2127,noefs=0,fails=1580)  fails:2,421,523  wrgs:2,881,784  wck:810.4  ngds:76,126
    run2,214  dpts:8..49  robin:WdegOnDom-Rand  effs:175,167,263  asgs:(1975,noefs=0,fails=1659)  fails:2,423,182  wrgs:2,883,690  wck:810.9  ngds:76,176
    run2,215  dpts:71..127  robin:FrbaOnDom-First  effs:175,272,660  asgs:(2316,noefs=0,fails=1742)  fails:2,424,924  wrgs:2,885,754  wck:811.4  ngds:76,246
    run2,216  dpts:8..13  robin:Wdeg-Last  effs:175,413,565  asgs:(2233,noefs=0,fails=1829)  fails:2,426,753  wrgs:2,887,948  wck:812.0  ngds:76,291
    run2,217  dpts:52..76  robin:PickOnDom-Rand  effs:175,548,352  asgs:(2507,noefs=0,fails=1920)  fails:2,428,673  wrgs:2,890,225  wck:812.7  ngds:76,336
    run2,218  dpts:1..60  robin:WdegOnDom-First  effs:175,708,870  asgs:(2563,noefs=0,fails=2016)  fails:2,430,689  wrgs:2,892,648  wck:813.6  ngds:76,375
    run2,219  dpts:13..107  robin:FrbaOnDom-Last  effs:175,885,446  asgs:(3155,noefs=5,fails=2117)  fails:2,432,806  wrgs:2,895,426  wck:814.6  ngds:76,426
 ...resetting heuristics data (nValues:3,881 - nSingletons:187 - nEntailed:304)
    run2,220  dpts:35..44  robin:Wdeg-Rand  effs:176,043,958  asgs:(2590,noefs=0,fails=2223)  fails:2,435,029  wrgs:2,897,943  wck:815.4  ngds:76,457
    run2,221  dpts:51..89  robin:PickOnDom-First  effs:176,219,024  asgs:(3323,noefs=0,fails=2334)  fails:2,437,363  wrgs:2,900,981  wck:816.3  ngds:76,495
    run2,222  dpts:70..87  robin:WdegOnDom-Last  effs:176,384,989  asgs:(3017,noefs=0,fails=2451)  fails:2,439,814  wrgs:2,903,771  wck:817.2  ngds:76,543
    run2,223  dpts:16..100  robin:FrbaOnDom-Rand  effs:176,589,755  asgs:(4125,noefs=2,fails=2574)  fails:2,442,388  wrgs:2,907,391  wck:818.3  ngds:76,590
    run2,224  dpts:3..36  robin:Wdeg-First  effs:176,779,431  asgs:(3125,noefs=0,fails=2702)  fails:2,445,090  wrgs:2,910,452  wck:819.1  ngds:76,703
    run2,225  dpts:25..61  robin:PickOnDom-Last  effs:177,059,326  asgs:(4373,noefs=0,fails=2838)  fails:2,447,928  wrgs:2,914,222  wck:820.5  ngds:76,726
    run2,226  dpts:8..44  robin:WdegOnDom-Rand  effs:177,226,249  asgs:(3299,noefs=0,fails=2979)  fails:2,450,907  wrgs:2,917,439  wck:821.4  ngds:76,796
    run2,227  dpts:49..108  robin:FrbaOnDom-First  effs:177,488,683  asgs:(4364,noefs=0,fails=3128)  fails:2,454,035  wrgs:2,921,256  wck:822.7  ngds:76,833
    run2,228  dpts:4..25  robin:Wdeg-Last  effs:177,706,445  asgs:(3743,noefs=0,fails=3285)  fails:2,457,320  wrgs:2,924,945  wck:823.8  ngds:76,972
    run2,229  dpts:1..63  robin:PickOnDom-Rand  effs:177,964,876  asgs:(4385,noefs=0,fails=3449)  fails:2,460,769  wrgs:2,929,056  wck:825.1  ngds:77,015
    run2,230  dpts:56..69  robin:WdegOnDom-First  effs:178,205,136  asgs:(4611,noefs=0,fails=3622)  fails:2,464,391  wrgs:2,933,375  wck:826.4  ngds:77,075
    run2,231  dpts:1..83  robin:FrbaOnDom-Last  effs:178,558,262  asgs:(4819,noefs=0,fails=3803)  fails:2,468,194  wrgs:2,937,994  wck:828.1  ngds:77,116
    run2,232  dpts:4..18  robin:Wdeg-Rand  effs:178,792,585  asgs:(4351,noefs=0,fails=3993)  fails:2,472,187  wrgs:2,942,321  wck:829.1  ngds:77,168
    run2,233  dpts:73..126  robin:PickOnDom-First  effs:179,244,350  asgs:(5901,noefs=0,fails=4193)  fails:2,476,380  wrgs:2,947,668  wck:831.6  ngds:77,180
    run2,234  dpts:67..81  robin:WdegOnDom-Last  effs:179,948,133  asgs:(5366,noefs=0,fails=4402)  fails:2,480,782  wrgs:2,952,882  wck:834.9  ngds:77,256
    run2,235  dpts:20..51  robin:FrbaOnDom-Rand  effs:180,365,474  asgs:(5770,noefs=1,fails=4622)  fails:2,485,404  wrgs:2,958,414  wck:836.8  ngds:77,322
    run2,236  dpts:1..19  robin:Wdeg-First  effs:180,689,796  asgs:(5635,noefs=0,fails=4854)  fails:2,490,258  wrgs:2,964,001  wck:838.4  ngds:77,391
    run2,237  dpts:60..121  robin:PickOnDom-Last  effs:181,201,247  asgs:(6947,noefs=1,fails=5096)  fails:2,495,354  wrgs:2,970,481  wck:840.8  ngds:77,413
    run2,238  dpts:30..47  robin:WdegOnDom-Rand  effs:181,629,921  asgs:(6077,noefs=0,fails=5351)  fails:2,500,705  wrgs:2,976,442  wck:842.7  ngds:77,479
    run2,239  dpts:68..115  robin:FrbaOnDom-First  effs:182,107,692  asgs:(7623,noefs=2,fails=5619)  fails:2,506,324  wrgs:2,983,413  wck:845.2  ngds:77,522
    run2,240  dpts:2..24  robin:Wdeg-Last  effs:182,408,006  asgs:(6348,noefs=0,fails=5900)  fails:2,512,224  wrgs:2,989,726  wck:846.5  ngds:77,586
    run2,241  dpts:14..61  robin:PickOnDom-Rand  effs:182,977,903  asgs:(7684,noefs=0,fails=6195)  fails:2,518,419  wrgs:2,997,082  wck:849.0  ngds:77,649
    run2,242  dpts:41..57  robin:WdegOnDom-First  effs:183,551,249  asgs:(7980,noefs=0,fails=6504)  fails:2,524,923  wrgs:3,004,912  wck:851.8  ngds:77,742
    run2,243  dpts:6..74  robin:FrbaOnDom-Last  effs:184,042,746  asgs:(8828,noefs=3,fails=6830)  fails:2,531,753  wrgs:3,013,025  wck:854.2  ngds:77,774
    run2,244  dpts:4..20  robin:Wdeg-Rand  effs:184,415,357  asgs:(7712,noefs=0,fails=7171)  fails:2,538,924  wrgs:3,020,691  wck:856.2  ngds:77,833
    run2,245  dpts:112..149  robin:PickOnDom-First  effs:185,168,732  asgs:(9799,noefs=1,fails=7530)  fails:2,546,454  wrgs:3,030,042  wck:859.5  ngds:77,864
    run2,246  dpts:50..64  robin:WdegOnDom-Last  effs:185,766,141  asgs:(9445,noefs=0,fails=7906)  fails:2,554,360  wrgs:3,039,249  wck:862.3  ngds:77,888
    run2,247  dpts:15..68  robin:FrbaOnDom-Rand  effs:186,452,840  asgs:(10766,noefs=0,fails=8302)  fails:2,562,662  wrgs:3,049,437  wck:865.7  ngds:77,971
    run2,248  dpts:4..12  robin:Wdeg-First  effs:186,936,634  asgs:(9763,noefs=0,fails=8717)  fails:2,571,379  wrgs:3,059,166  wck:868.1  ngds:78,052
    run2,249  dpts:112..128  robin:PickOnDom-Last  effs:187,981,675  asgs:(11874,noefs=0,fails=9153)  fails:2,580,532  wrgs:3,070,557  wck:872.2  ngds:78,091
 ...resetting heuristics data (nValues:3,881 - nSingletons:187 - nEntailed:304)
    run2,250  dpts:39..63  robin:WdegOnDom-Rand  effs:188,439,571  asgs:(10501,noefs=0,fails=9610)  fails:2,590,142  wrgs:3,080,863  wck:874.4  ngds:78,152
 ...resetting restart cutoff to 130
    run2,251  dpts:61..148  robin:FrbaOnDom-First  effs:188,451,435  asgs:(364,noefs=0,fails=130)  fails:2,590,272  wrgs:3,081,107  wck:874.5  ngds:78,166
    run2,252  dpts:77..84  robin:Wdeg-Last  effs:188,459,965  asgs:(226,noefs=0,fails=136)  fails:2,590,408  wrgs:3,081,252  wck:874.6  ngds:78,191
    run2,253  dpts:27..60  robin:PickOnDom-Rand  effs:188,477,577  asgs:(351,noefs=0,fails=143)  fails:2,590,551  wrgs:3,081,492  wck:874.7  ngds:78,222
    run2,254  dpts:50..56  robin:WdegOnDom-First  effs:188,486,994  asgs:(219,noefs=0,fails=150)  fails:2,590,701  wrgs:3,081,660  wck:874.8  ngds:78,224
    run2,255  dpts:64..130  robin:FrbaOnDom-Last  effs:188,499,430  asgs:(456,noefs=0,fails=158)  fails:2,590,859  wrgs:3,081,960  wck:874.9  ngds:78,240
    run2,256  dpts:6..37  robin:Wdeg-Rand  effs:188,511,355  asgs:(214,noefs=0,fails=165)  fails:2,591,024  wrgs:3,082,135  wck:874.9  ngds:78,261
    run2,257  dpts:58..95  robin:PickOnDom-First  effs:188,521,451  asgs:(296,noefs=0,fails=174)  fails:2,591,198  wrgs:3,082,337  wck:875.0  ngds:78,331
    run2,258  dpts:49..58  robin:WdegOnDom-Last  effs:188,535,770  asgs:(257,noefs=0,fails=182)  fails:2,591,380  wrgs:3,082,542  wck:875.1  ngds:78,364
    run2,259  dpts:30..81  robin:FrbaOnDom-Rand  effs:188,559,026  asgs:(455,noefs=0,fails=192)  fails:2,591,572  wrgs:3,082,880  wck:875.2  ngds:78,404
    run2,260  dpts:3..33  robin:Wdeg-First  effs:188,572,198  asgs:(265,noefs=0,fails=201)  fails:2,591,773  wrgs:3,083,110  wck:875.3  ngds:78,476
    run2,261  dpts:7..82  robin:PickOnDom-Last  effs:188,588,519  asgs:(406,noefs=0,fails=211)  fails:2,591,984  wrgs:3,083,422  wck:875.4  ngds:78,540
    run2,262  dpts:27..40  robin:WdegOnDom-Rand  effs:188,604,682  asgs:(288,noefs=0,fails=222)  fails:2,592,206  wrgs:3,083,670  wck:875.5  ngds:78,553
    run2,263  dpts:34..117  robin:FrbaOnDom-First  effs:188,637,092  asgs:(641,noefs=0,fails=233)  fails:2,592,439  wrgs:3,084,093  wck:875.7  ngds:78,563
    run2,264  dpts:2..31  robin:Wdeg-Last  effs:188,661,789  asgs:(347,noefs=0,fails=245)  fails:2,592,684  wrgs:3,084,409  wck:875.8  ngds:78,642
    run2,265  dpts:16..75  robin:PickOnDom-Rand  effs:188,677,481  asgs:(375,noefs=0,fails=257)  fails:2,592,941  wrgs:3,084,715  wck:875.9  ngds:78,674
    run2,266  dpts:43..56  robin:WdegOnDom-First  effs:188,699,001  asgs:(338,noefs=0,fails=270)  fails:2,593,211  wrgs:3,085,007  wck:876.0  ngds:78,708
    run2,267  dpts:14..106  robin:FrbaOnDom-Last  effs:188,719,550  asgs:(450,noefs=0,fails=283)  fails:2,593,494  wrgs:3,085,369  wck:876.1  ngds:78,715
    run2,268  dpts:3..22  robin:Wdeg-Rand  effs:188,733,807  asgs:(334,noefs=0,fails=297)  fails:2,593,791  wrgs:3,085,683  wck:876.2  ngds:78,779
    run2,269  dpts:101..113  robin:PickOnDom-First  effs:188,751,977  asgs:(500,noefs=0,fails=312)  fails:2,594,103  wrgs:3,086,075  wck:876.3  ngds:78,788
    run2,270  dpts:45..57  robin:WdegOnDom-Last  effs:188,774,106  asgs:(396,noefs=0,fails=328)  fails:2,594,431  wrgs:3,086,425  wck:876.4  ngds:78,809
    run2,271  dpts:22..73  robin:FrbaOnDom-Rand  effs:188,799,962  asgs:(544,noefs=0,fails=344)  fails:2,594,775  wrgs:3,086,875  wck:876.6  ngds:78,825
    run2,272  dpts:7..16  robin:Wdeg-First  effs:188,820,155  asgs:(417,noefs=0,fails=362)  fails:2,595,137  wrgs:3,087,274  wck:876.7  ngds:78,886
    run2,273  dpts:6..72  robin:PickOnDom-Last  effs:188,848,776  asgs:(579,noefs=0,fails=380)  fails:2,595,517  wrgs:3,087,772  wck:876.9  ngds:78,927
    run2,274  dpts:7..50  robin:WdegOnDom-Rand  effs:188,875,245  asgs:(511,noefs=0,fails=399)  fails:2,595,916  wrgs:3,088,217  wck:877.0  ngds:78,950
    run2,275  dpts:29..91  robin:FrbaOnDom-First  effs:188,905,035  asgs:(660,noefs=0,fails=419)  fails:2,596,335  wrgs:3,088,777  wck:877.2  ngds:78,965
    run2,276  dpts:6..21  robin:Wdeg-Last  effs:188,924,192  asgs:(495,noefs=0,fails=440)  fails:2,596,775  wrgs:3,089,251  wck:877.3  ngds:79,046
    run2,277  dpts:18..61  robin:PickOnDom-Rand  effs:188,956,230  asgs:(648,noefs=0,fails=462)  fails:2,597,237  wrgs:3,089,805  wck:877.5  ngds:79,056
    run2,278  dpts:37..81  robin:WdegOnDom-First  effs:188,990,254  asgs:(676,noefs=0,fails=485)  fails:2,597,722  wrgs:3,090,375  wck:877.7  ngds:79,119
    run2,279  dpts:45..119  robin:FrbaOnDom-Last  effs:189,024,386  asgs:(695,noefs=0,fails=509)  fails:2,598,231  wrgs:3,090,959  wck:877.8  ngds:79,165
 ...resetting heuristics data (nValues:3,881 - nSingletons:187 - nEntailed:304)
    run2,280  dpts:31..39  robin:Wdeg-Rand  effs:189,055,133  asgs:(617,noefs=0,fails=535)  fails:2,598,766  wrgs:3,091,532  wck:878.0  ngds:79,182
    run2,281  dpts:53..81  robin:PickOnDom-First  effs:189,097,740  asgs:(974,noefs=0,fails=561)  fails:2,599,327  wrgs:3,092,345  wck:878.3  ngds:79,209
    run2,282  dpts:73..88  robin:WdegOnDom-Last  effs:189,137,341  asgs:(771,noefs=0,fails=589)  fails:2,599,916  wrgs:3,093,003  wck:878.5  ngds:79,219
    run2,283  dpts:63..75  robin:FrbaOnDom-Rand  effs:189,177,339  asgs:(750,noefs=0,fails=619)  fails:2,600,535  wrgs:3,093,677  wck:878.7  ngds:79,277
    run2,284  dpts:3..42  robin:Wdeg-First  effs:189,213,435  asgs:(782,noefs=0,fails=650)  fails:2,601,185  wrgs:3,094,414  wck:878.8  ngds:79,294
    run2,285  dpts:27..54  robin:PickOnDom-Last  effs:189,250,578  asgs:(898,noefs=0,fails=682)  fails:2,601,867  wrgs:3,095,228  wck:879.0  ngds:79,349
    run2,286  dpts:13..68  robin:WdegOnDom-Rand  effs:189,294,221  asgs:(953,noefs=0,fails=717)  fails:2,602,584  wrgs:3,096,072  wck:879.3  ngds:79,391
    run2,287  dpts:57..156  robin:FrbaOnDom-First  effs:189,347,082  asgs:(1289,noefs=0,fails=752)  fails:2,603,336  wrgs:3,097,079  wck:879.6  ngds:79,428
    run2,288  dpts:1..15  robin:Wdeg-Last  effs:189,396,138  asgs:(901,noefs=0,fails=790)  fails:2,604,126  wrgs:3,097,965  wck:879.9  ngds:79,459
    run2,289  dpts:9..61  robin:PickOnDom-Rand  effs:189,443,802  asgs:(1103,noefs=0,fails=830)  fails:2,604,956  wrgs:3,098,945  wck:880.2  ngds:79,502
    run2,290  dpts:67..80  robin:WdegOnDom-First  effs:189,483,140  asgs:(1017,noefs=0,fails=871)  fails:2,605,827  wrgs:3,099,884  wck:880.4  ngds:79,570
    run2,291  dpts:61..69  robin:FrbaOnDom-Last  effs:189,525,437  asgs:(1013,noefs=0,fails=915)  fails:2,606,742  wrgs:3,100,834  wck:880.5  ngds:79,620
    run2,292  dpts:10..18  robin:Wdeg-Rand  effs:189,571,957  asgs:(1026,noefs=0,fails=960)  fails:2,607,702  wrgs:3,101,845  wck:880.8  ngds:79,684
    run2,293  dpts:49..100  robin:PickOnDom-First  effs:189,634,196  asgs:(1304,noefs=0,fails=1009)  fails:2,608,711  wrgs:3,103,028  wck:881.1  ngds:79,729
    run2,294  dpts:46..73  robin:WdegOnDom-Last  effs:189,775,595  asgs:(1389,noefs=0,fails=1059)  fails:2,609,770  wrgs:3,104,331  wck:881.8  ngds:79,786
    run2,295  dpts:11..94  robin:FrbaOnDom-Rand  effs:189,869,110  asgs:(1672,noefs=0,fails=1112)  fails:2,610,882  wrgs:3,105,758  wck:882.3  ngds:79,818
    run2,296  dpts:5..15  robin:Wdeg-First  effs:189,960,328  asgs:(1309,noefs=0,fails=1168)  fails:2,612,050  wrgs:3,107,044  wck:882.7  ngds:79,851
    run2,297  dpts:6..77  robin:PickOnDom-Last  effs:190,067,917  asgs:(1983,noefs=0,fails=1226)  fails:2,613,276  wrgs:3,108,744  wck:883.3  ngds:79,913
    run2,298  dpts:25..46  robin:WdegOnDom-Rand  effs:190,186,732  asgs:(1625,noefs=0,fails=1287)  fails:2,614,563  wrgs:3,110,289  wck:883.9  ngds:80,003
    run2,299  dpts:17..124  robin:FrbaOnDom-First  effs:190,291,090  asgs:(2135,noefs=0,fails=1352)  fails:2,615,915  wrgs:3,112,227  wck:884.4  ngds:80,035
    run2,300  dpts:5..9  robin:Wdeg-Last  effs:190,341,706  asgs:(1586,noefs=0,fails=1419)  fails:2,617,334  wrgs:3,113,800  wck:884.7  ngds:80,118
    run2,301  dpts:7..59  robin:PickOnDom-Rand  effs:190,445,703  asgs:(1887,noefs=1,fails=1490)  fails:2,618,824  wrgs:3,115,581  wck:885.2  ngds:80,153
    run2,302  dpts:35..62  robin:WdegOnDom-First  effs:190,563,140  asgs:(1873,noefs=0,fails=1565)  fails:2,620,389  wrgs:3,117,351  wck:885.8  ngds:80,224
    run2,303  dpts:20..130  robin:FrbaOnDom-Last  effs:190,663,241  asgs:(1991,noefs=0,fails=1643)  fails:2,622,032  wrgs:3,119,147  wck:886.3  ngds:80,307
    run2,304  dpts:14..20  robin:Wdeg-Rand  effs:190,774,283  asgs:(1843,noefs=0,fails=1725)  fails:2,623,757  wrgs:3,120,965  wck:886.8  ngds:80,391
    run2,305  dpts:60..73  robin:PickOnDom-First  effs:191,004,717  asgs:(2539,noefs=1,fails=1812)  fails:2,625,569  wrgs:3,123,378  wck:887.8  ngds:80,397
    run2,306  dpts:62..74  robin:WdegOnDom-Last  effs:191,106,986  asgs:(2205,noefs=0,fails=1902)  fails:2,627,471  wrgs:3,125,480  wck:888.3  ngds:80,436
    run2,307  dpts:56..83  robin:FrbaOnDom-Rand  effs:191,300,848  asgs:(2991,noefs=0,fails=1997)  fails:2,629,468  wrgs:3,128,050  wck:889.2  ngds:80,488
    run2,308  dpts:6..18  robin:Wdeg-First  effs:191,447,734  asgs:(2345,noefs=0,fails=2097)  fails:2,631,565  wrgs:3,130,377  wck:889.8  ngds:80,519
    run2,309  dpts:88..115  robin:PickOnDom-Last  effs:191,601,942  asgs:(3076,noefs=0,fails=2202)  fails:2,633,767  wrgs:3,133,081  wck:890.7  ngds:80,542
 ...resetting heuristics data (nValues:3,881 - nSingletons:187 - nEntailed:304)
    run2,310  dpts:27..44  robin:WdegOnDom-Rand  effs:191,766,064  asgs:(2762,noefs=0,fails=2312)  fails:2,636,079  wrgs:3,135,719  wck:891.5  ngds:80,581
    run2,311  dpts:110..183  robin:FrbaOnDom-First  effs:191,951,637  asgs:(3352,noefs=2,fails=2428)  fails:2,638,507  wrgs:3,138,611  wck:892.5  ngds:80,588
    run2,312  dpts:67..83  robin:Wdeg-Last  effs:192,147,233  asgs:(2908,noefs=0,fails=2549)  fails:2,641,056  wrgs:3,141,405  wck:893.4  ngds:80,611
    run2,313  dpts:24..44  robin:PickOnDom-Rand  effs:192,371,689  asgs:(3614,noefs=1,fails=2677)  fails:2,643,733  wrgs:3,144,771  wck:894.5  ngds:80,638
    run2,314  dpts:48..55  robin:WdegOnDom-First  effs:192,553,207  asgs:(3348,noefs=0,fails=2811)  fails:2,646,544  wrgs:3,148,015  wck:895.2  ngds:80,702
    run2,315  dpts:17..147  robin:FrbaOnDom-Last  effs:192,740,198  asgs:(4430,noefs=0,fails=2951)  fails:2,649,495  wrgs:3,151,741  wck:896.1  ngds:80,740
    run2,316  dpts:6..17  robin:Wdeg-Rand  effs:192,912,552  asgs:(3351,noefs=0,fails=3099)  fails:2,652,594  wrgs:3,155,073  wck:896.7  ngds:80,803
    run2,317  dpts:66..89  robin:PickOnDom-First  effs:193,197,972  asgs:(4433,noefs=0,fails=3254)  fails:2,655,848  wrgs:3,159,179  wck:898.0  ngds:80,826
    run2,318  dpts:4..73  robin:WdegOnDom-Last  effs:193,447,396  asgs:(4139,noefs=0,fails=3416)  fails:2,659,264  wrgs:3,163,152  wck:899.4  ngds:80,861
    run2,319  dpts:8..84  robin:FrbaOnDom-Rand  effs:193,695,463  asgs:(4868,noefs=0,fails=3587)  fails:2,662,851  wrgs:3,167,664  wck:900.8  ngds:80,879
    run2,320  dpts:2..48  robin:Wdeg-First  effs:193,980,316  asgs:(4533,noefs=0,fails=3767)  fails:2,666,618  wrgs:3,172,064  wck:902.3  ngds:80,920
    run2,321  dpts:4..77  robin:PickOnDom-Last  effs:194,187,318  asgs:(5253,noefs=0,fails=3955)  fails:2,670,573  wrgs:3,176,861  wck:903.5  ngds:80,957
    run2,322  dpts:34..49  robin:WdegOnDom-Rand  effs:194,555,231  asgs:(4800,noefs=0,fails=4153)  fails:2,674,726  wrgs:3,181,527  wck:905.2  ngds:81,000
    run2,323  dpts:38..131  robin:FrbaOnDom-First  effs:194,850,091  asgs:(5908,noefs=0,fails=4360)  fails:2,679,086  wrgs:3,187,001  wck:906.6  ngds:81,010
    run2,324  dpts:4..10  robin:Wdeg-Last  effs:195,145,075  asgs:(5103,noefs=0,fails=4578)  fails:2,683,664  wrgs:3,192,075  wck:907.7  ngds:81,114
    run2,325  dpts:12..67  robin:PickOnDom-Rand  effs:195,579,000  asgs:(6598,noefs=0,fails=4807)  fails:2,688,471  wrgs:3,198,117  wck:910.2  ngds:81,120
    run2,326  dpts:63..75  robin:WdegOnDom-First  effs:195,940,867  asgs:(6214,noefs=0,fails=5048)  fails:2,693,519  wrgs:3,204,087  wck:911.7  ngds:81,142
    run2,327  dpts:2..95  robin:FrbaOnDom-Last  effs:196,332,714  asgs:(7082,noefs=1,fails=5300)  fails:2,698,819  wrgs:3,210,724  wck:913.8  ngds:81,198
    run2,328  dpts:4..19  robin:Wdeg-Rand  effs:196,857,836  asgs:(6615,noefs=0,fails=5565)  fails:2,704,384  wrgs:3,217,214  wck:916.3  ngds:81,235
    run2,329  dpts:130..169  robin:PickOnDom-First  effs:197,585,813  asgs:(7974,noefs=0,fails=5843)  fails:2,710,227  wrgs:3,224,549  wck:920.0  ngds:81,256
    run2,330  dpts:38..66  robin:WdegOnDom-Last  effs:198,016,356  asgs:(7209,noefs=0,fails=6136)  fails:2,716,363  wrgs:3,231,607  wck:922.2  ngds:81,386
    run2,331  dpts:14..97  robin:FrbaOnDom-Rand  effs:198,425,178  asgs:(7911,noefs=1,fails=6442)  fails:2,722,805  wrgs:3,238,997  wck:924.3  ngds:81,417
    run2,332  dpts:4..12  robin:Wdeg-First  effs:198,786,146  asgs:(7859,noefs=0,fails=6765)  fails:2,729,570  wrgs:3,246,819  wck:926.1  ngds:81,536
    run2,333  dpts:55..114  robin:PickOnDom-Last  effs:199,428,607  asgs:(9237,noefs=0,fails=7103)  fails:2,736,673  wrgs:3,255,498  wck:928.9  ngds:81,559
    run2,334  dpts:37..57  robin:WdegOnDom-Rand  effs:199,914,209  asgs:(8462,noefs=0,fails=7458)  fails:2,744,131  wrgs:3,263,766  wck:931.1  ngds:81,627
    run2,335  dpts:36..96  robin:FrbaOnDom-First  effs:200,460,883  asgs:(9647,noefs=0,fails=7831)  fails:2,751,962  wrgs:3,273,007  wck:933.7  ngds:81,655
    run2,336  dpts:2..20  robin:Wdeg-Last  effs:201,084,850  asgs:(9532,noefs=0,fails=8223)  fails:2,760,185  wrgs:3,282,390  wck:936.7  ngds:81,792
    run2,337  dpts:37..64  robin:PickOnDom-Rand  effs:201,897,369  asgs:(10724,noefs=0,fails=8634)  fails:2,768,819  wrgs:3,292,730  wck:940.5  ngds:81,808
    run2,338  dpts:30..44  robin:WdegOnDom-First  effs:202,525,337  asgs:(10382,noefs=0,fails=9065)  fails:2,777,884  wrgs:3,302,768  wck:943.6  ngds:81,878
    run2,339  dpts:3..98  robin:FrbaOnDom-Last  effs:203,498,961  asgs:(12188,noefs=0,fails=9519)  fails:2,787,403  wrgs:3,314,388  wck:948.5  ngds:81,920
 ...resetting heuristics data (nValues:3,881 - nSingletons:187 - nEntailed:304)
    run2,340  dpts:34..39  robin:Wdeg-Rand  effs:203,991,323  asgs:(10588,noefs=0,fails=9995)  fails:2,797,398  wrgs:3,324,927  wck:950.9  ngds:81,970
 ...resetting restart cutoff to 135
    run2,341  dpts:58..75  robin:PickOnDom-First  effs:204,000,868  asgs:(255,noefs=0,fails=135)  fails:2,797,533  wrgs:3,325,103  wck:951.0  ngds:82,008
    run2,342  dpts:67..81  robin:WdegOnDom-Last  effs:204,012,292  asgs:(244,noefs=0,fails=141)  fails:2,797,674  wrgs:3,325,261  wck:951.1  ngds:82,035
    run2,343  dpts:4..75  robin:FrbaOnDom-Rand  effs:204,032,891  asgs:(364,noefs=0,fails=148)  fails:2,797,822  wrgs:3,325,522  wck:951.2  ngds:82,057
    run2,344  dpts:2..41  robin:Wdeg-First  effs:204,043,443  asgs:(225,noefs=0,fails=156)  fails:2,797,978  wrgs:3,325,703  wck:951.3  ngds:82,116
    run2,345  dpts:11..37  robin:PickOnDom-Last  effs:204,050,994  asgs:(229,noefs=0,fails=164)  fails:2,798,142  wrgs:3,325,898  wck:951.3  ngds:82,172
    run2,346  dpts:27..36  robin:WdegOnDom-Rand  effs:204,064,622  asgs:(231,noefs=0,fails=172)  fails:2,798,314  wrgs:3,326,100  wck:951.4  ngds:82,211
    run2,347  dpts:25..163  robin:FrbaOnDom-First  effs:204,087,383  asgs:(524,noefs=0,fails=180)  fails:2,798,494  wrgs:3,326,475  wck:951.5  ngds:82,219
    run2,348  dpts:10..26  robin:Wdeg-Last  effs:204,097,656  asgs:(228,noefs=0,fails=189)  fails:2,798,683  wrgs:3,326,682  wck:951.6  ngds:82,300
    run2,349  dpts:6..54  robin:PickOnDom-Rand  effs:204,110,200  asgs:(330,noefs=0,fails=199)  fails:2,798,882  wrgs:3,326,936  wck:951.7  ngds:82,348
    run2,350  dpts:40..79  robin:WdegOnDom-First  effs:204,126,501  asgs:(417,noefs=0,fails=209)  fails:2,799,091  wrgs:3,327,227  wck:951.8  ngds:82,373
    run2,351  dpts:9..146  robin:FrbaOnDom-Last  effs:204,150,382  asgs:(495,noefs=0,fails=219)  fails:2,799,310  wrgs:3,327,592  wck:951.9  ngds:82,382
    run2,352  dpts:2..20  robin:Wdeg-Rand  effs:204,160,710  asgs:(265,noefs=0,fails=230)  fails:2,799,540  wrgs:3,327,838  wck:952.0  ngds:82,403
    run2,353  dpts:49..106  robin:PickOnDom-First  effs:204,181,585  asgs:(421,noefs=0,fails=242)  fails:2,799,782  wrgs:3,328,141  wck:952.1  ngds:82,436
    run2,354  dpts:8..60  robin:WdegOnDom-Last  effs:204,215,394  asgs:(424,noefs=0,fails=254)  fails:2,800,036  wrgs:3,328,498  wck:952.3  ngds:82,449
    run2,355  dpts:24..35  robin:FrbaOnDom-Rand  effs:204,235,720  asgs:(345,noefs=0,fails=267)  fails:2,800,303  wrgs:3,328,800  wck:952.4  ngds:82,466
    run2,356  dpts:2..18  robin:Wdeg-First  effs:204,245,730  asgs:(322,noefs=0,fails=280)  fails:2,800,583  wrgs:3,329,106  wck:952.5  ngds:82,519
    run2,357  dpts:4..82  robin:PickOnDom-Last  effs:204,277,124  asgs:(555,noefs=0,fails=294)  fails:2,800,877  wrgs:3,329,543  wck:952.7  ngds:82,541
    run2,358  dpts:14..49  robin:WdegOnDom-Rand  effs:204,299,756  asgs:(399,noefs=0,fails=309)  fails:2,801,186  wrgs:3,329,897  wck:952.8  ngds:82,572
    run2,359  dpts:109..137  robin:FrbaOnDom-First  effs:204,325,768  asgs:(599,noefs=0,fails=324)  fails:2,801,510  wrgs:3,330,342  wck:952.9  ngds:82,590
    run2,360  dpts:8..13  robin:Wdeg-Last  effs:204,340,121  asgs:(391,noefs=0,fails=341)  fails:2,801,851  wrgs:3,330,723  wck:953.0  ngds:82,668
    run2,361  dpts:8..46  robin:PickOnDom-Rand  effs:204,365,495  asgs:(528,noefs=0,fails=358)  fails:2,802,209  wrgs:3,331,170  wck:953.2  ngds:82,741
    run2,362  dpts:41..56  robin:WdegOnDom-First  effs:204,376,198  asgs:(438,noefs=0,fails=376)  fails:2,802,585  wrgs:3,331,564  wck:953.3  ngds:82,752
    run2,363  dpts:11..121  robin:FrbaOnDom-Last  effs:204,405,110  asgs:(631,noefs=0,fails=394)  fails:2,802,979  wrgs:3,332,062  wck:953.4  ngds:82,782
    run2,364  dpts:1..14  robin:Wdeg-Rand  effs:204,428,267  asgs:(457,noefs=0,fails=414)  fails:2,803,393  wrgs:3,332,506  wck:953.5  ngds:82,830
    run2,365  dpts:64..78  robin:PickOnDom-First  effs:204,459,815  asgs:(605,noefs=0,fails=435)  fails:2,803,828  wrgs:3,333,030  wck:953.7  ngds:82,849
    run2,366  dpts:67..77  robin:WdegOnDom-Last  effs:204,503,212  asgs:(680,noefs=0,fails=457)  fails:2,804,285  wrgs:3,333,612  wck:953.9  ngds:82,872
    run2,367  dpts:23..95  robin:FrbaOnDom-Rand  effs:204,540,375  asgs:(836,noefs=2,fails=480)  fails:2,804,765  wrgs:3,334,323  wck:954.2  ngds:82,886
    run2,368  dpts:7..18  robin:Wdeg-First  effs:204,561,318  asgs:(565,noefs=0,fails=504)  fails:2,805,269  wrgs:3,334,866  wck:954.3  ngds:82,950
    run2,369  dpts:7..31  robin:PickOnDom-Last  effs:204,587,849  asgs:(643,noefs=0,fails=529)  fails:2,805,798  wrgs:3,335,463  wck:954.4  ngds:82,972
 ...resetting heuristics data (nValues:3,881 - nSingletons:187 - nEntailed:304)
    run2,370  dpts:37..49  robin:WdegOnDom-Rand  effs:204,618,470  asgs:(666,noefs=0,fails=555)  fails:2,806,353  wrgs:3,336,081  wck:954.5  ngds:82,985
    run2,371  dpts:24..113  robin:FrbaOnDom-First  effs:204,661,979  asgs:(1142,noefs=0,fails=583)  fails:2,806,936  wrgs:3,336,983  wck:954.8  ngds:82,999
    run2,372  dpts:67..76  robin:Wdeg-Last  effs:204,692,944  asgs:(721,noefs=0,fails=612)  fails:2,807,548  wrgs:3,337,627  wck:955.0  ngds:83,070
    run2,373  dpts:44..74  robin:PickOnDom-Rand  effs:204,736,959  asgs:(937,noefs=0,fails=643)  fails:2,808,191  wrgs:3,338,433  wck:955.2  ngds:83,076
    run2,374  dpts:36..44  robin:WdegOnDom-First  effs:204,777,862  asgs:(823,noefs=0,fails=675)  fails:2,808,866  wrgs:3,339,209  wck:955.4  ngds:83,121
    run2,375  dpts:36..111  robin:FrbaOnDom-Last  effs:204,830,035  asgs:(955,noefs=0,fails=709)  fails:2,809,575  wrgs:3,340,059  wck:955.6  ngds:83,146
    run2,376  dpts:2..9  robin:Wdeg-Rand  effs:204,869,954  asgs:(808,noefs=0,fails=744)  fails:2,810,319  wrgs:3,340,859  wck:955.7  ngds:83,187
    run2,377  dpts:39..91  robin:PickOnDom-First  effs:204,924,160  asgs:(1201,noefs=0,fails=781)  fails:2,811,100  wrgs:3,341,880  wck:956.1  ngds:83,219
    run2,378  dpts:24..30  robin:WdegOnDom-Last  effs:204,962,452  asgs:(914,noefs=0,fails=820)  fails:2,811,920  wrgs:3,342,765  wck:956.2  ngds:83,264
    run2,379  dpts:11..85  robin:FrbaOnDom-Rand  effs:205,043,264  asgs:(1581,noefs=0,fails=862)  fails:2,812,782  wrgs:3,344,094  wck:956.7  ngds:83,286
    run2,380  dpts:2..43  robin:Wdeg-First  effs:205,100,840  asgs:(1155,noefs=0,fails=905)  fails:2,813,687  wrgs:3,345,158  wck:957.1  ngds:83,337
    run2,381  dpts:10..105  robin:PickOnDom-Last  effs:205,235,190  asgs:(1418,noefs=0,fails=950)  fails:2,814,637  wrgs:3,346,385  wck:957.7  ngds:83,361
    run2,382  dpts:46..59  robin:WdegOnDom-Rand  effs:205,303,285  asgs:(1332,noefs=0,fails=997)  fails:2,815,634  wrgs:3,347,577  wck:958.1  ngds:83,407
    run2,383  dpts:7..136  robin:FrbaOnDom-First  effs:205,364,921  asgs:(1452,noefs=0,fails=1047)  fails:2,816,681  wrgs:3,348,819  wck:958.4  ngds:83,409
    run2,384  dpts:6..24  robin:Wdeg-Last  effs:205,421,934  asgs:(1230,noefs=0,fails=1100)  fails:2,817,781  wrgs:3,350,024  wck:958.8  ngds:83,494
    run2,385  dpts:11..49  robin:PickOnDom-Rand  effs:205,520,857  asgs:(1719,noefs=0,fails=1155)  fails:2,818,936  wrgs:3,351,509  wck:959.2  ngds:83,526
    run2,386  dpts:4..54  robin:WdegOnDom-First  effs:205,591,969  asgs:(1430,noefs=0,fails=1212)  fails:2,820,148  wrgs:3,352,857  wck:959.5  ngds:83,561
    run2,387  dpts:54..86  robin:FrbaOnDom-Last  effs:205,671,932  asgs:(1703,noefs=0,fails=1273)  fails:2,821,421  wrgs:3,354,354  wck:960.0  ngds:83,597
    run2,388  dpts:6..19  robin:Wdeg-Rand  effs:205,764,281  asgs:(1476,noefs=0,fails=1337)  fails:2,822,758  wrgs:3,355,812  wck:960.4  ngds:83,620
    run2,389  dpts:7..92  robin:PickOnDom-First  effs:205,865,041  asgs:(1740,noefs=0,fails=1404)  fails:2,824,162  wrgs:3,357,424  wck:960.9  ngds:83,687
    run2,390  dpts:44..61  robin:WdegOnDom-Last  effs:205,955,280  asgs:(1715,noefs=0,fails=1474)  fails:2,825,636  wrgs:3,359,075  wck:961.4  ngds:83,728
    run2,391  dpts:29..97  robin:FrbaOnDom-Rand  effs:206,078,920  asgs:(2437,noefs=0,fails=1548)  fails:2,827,184  wrgs:3,361,193  wck:962.1  ngds:83,763
    run2,392  dpts:7..16  robin:Wdeg-First  effs:206,137,713  asgs:(1748,noefs=0,fails=1625)  fails:2,828,809  wrgs:3,362,929  wck:962.5  ngds:83,848
    run2,393  dpts:24..84  robin:PickOnDom-Last  effs:206,266,345  asgs:(2272,noefs=0,fails=1706)  fails:2,830,515  wrgs:3,365,037  wck:963.2  ngds:83,903
    run2,394  dpts:23..44  robin:WdegOnDom-Rand  effs:206,417,594  asgs:(2174,noefs=0,fails=1792)  fails:2,832,307  wrgs:3,367,120  wck:964.0  ngds:83,951
    run2,395  dpts:20..87  robin:FrbaOnDom-First  effs:206,577,579  asgs:(2840,noefs=0,fails=1881)  fails:2,834,188  wrgs:3,369,789  wck:964.7  ngds:84,017
    run2,396  dpts:8..12  robin:Wdeg-Last  effs:206,666,107  asgs:(2095,noefs=0,fails=1975)  fails:2,836,163  wrgs:3,371,874  wck:965.2  ngds:84,091
    run2,397  dpts:62..88  robin:PickOnDom-Rand  effs:206,833,128  asgs:(2695,noefs=0,fails=2074)  fails:2,838,237  wrgs:3,374,355  wck:966.0  ngds:84,101
    run2,398  dpts:20..37  robin:WdegOnDom-First  effs:206,922,956  asgs:(2338,noefs=0,fails=2178)  fails:2,840,415  wrgs:3,376,669  wck:966.4  ngds:84,113
    run2,399  dpts:30..88  robin:FrbaOnDom-Last  effs:207,087,549  asgs:(3107,noefs=0,fails=2287)  fails:2,842,702  wrgs:3,379,397  wck:967.2  ngds:84,133
 ...resetting heuristics data (nValues:3,881 - nSingletons:187 - nEntailed:304)
    run2,400  dpts:26..41  robin:Wdeg-Rand  effs:207,294,103  asgs:(2782,noefs=0,fails=2401)  fails:2,845,103  wrgs:3,382,118  wck:968.2  ngds:84,165
    run2,401  dpts:54..77  robin:PickOnDom-First  effs:207,454,387  asgs:(3475,noefs=0,fails=2521)  fails:2,847,624  wrgs:3,385,280  wck:969.2  ngds:84,208
    run2,402  dpts:66..87  robin:WdegOnDom-Last  effs:207,660,837  asgs:(3433,noefs=0,fails=2647)  fails:2,850,271  wrgs:3,388,446  wck:970.3  ngds:84,239
    run2,403  dpts:23..118  robin:FrbaOnDom-Rand  effs:207,845,201  asgs:(3992,noefs=1,fails=2780)  fails:2,853,051  wrgs:3,392,046  wck:971.2  ngds:84,246
    run2,404  dpts:2..43  robin:Wdeg-First  effs:208,022,333  asgs:(3368,noefs=0,fails=2919)  fails:2,855,970  wrgs:3,395,313  wck:972.1  ngds:84,317
    run2,405  dpts:32..63  robin:PickOnDom-Last  effs:208,220,595  asgs:(4392,noefs=1,fails=3065)  fails:2,859,035  wrgs:3,399,189  wck:973.0  ngds:84,339
    run2,406  dpts:30..42  robin:WdegOnDom-Rand  effs:208,428,731  asgs:(3626,noefs=0,fails=3218)  fails:2,862,253  wrgs:3,402,748  wck:973.7  ngds:84,407
    run2,407  dpts:53..90  robin:FrbaOnDom-First  effs:208,644,881  asgs:(4255,noefs=0,fails=3379)  fails:2,865,632  wrgs:3,406,739  wck:974.9  ngds:84,446
    run2,408  dpts:7..14  robin:Wdeg-Last  effs:208,809,274  asgs:(4265,noefs=0,fails=3548)  fails:2,869,180  wrgs:3,410,976  wck:975.9  ngds:84,489
    run2,409  dpts:17..82  robin:PickOnDom-Rand  effs:209,026,042  asgs:(4482,noefs=1,fails=3725)  fails:2,872,905  wrgs:3,415,197  wck:977.1  ngds:84,512
    run2,410  dpts:25..43  robin:WdegOnDom-First  effs:209,326,013  asgs:(4936,noefs=0,fails=3911)  fails:2,876,816  wrgs:3,419,881  wck:978.6  ngds:84,528
    run2,411  dpts:8..76  robin:FrbaOnDom-Last  effs:209,696,286  asgs:(5017,noefs=0,fails=4107)  fails:2,880,923  wrgs:3,424,661  wck:980.6  ngds:84,621
    run2,412  dpts:12..19  robin:Wdeg-Rand  effs:210,098,666  asgs:(4949,noefs=0,fails=4312)  fails:2,885,235  wrgs:3,429,550  wck:982.4  ngds:84,682
    run2,413  dpts:32..102  robin:PickOnDom-First  effs:210,414,827  asgs:(5823,noefs=0,fails=4528)  fails:2,889,763  wrgs:3,434,966  wck:984.1  ngds:84,740
    run2,414  dpts:42..53  robin:WdegOnDom-Last  effs:210,837,923  asgs:(5973,noefs=0,fails=4755)  fails:2,894,518  wrgs:3,440,639  wck:986.2  ngds:84,803
    run2,415  dpts:30..83  robin:FrbaOnDom-Rand  effs:211,169,230  asgs:(6459,noefs=1,fails=4992)  fails:2,899,510  wrgs:3,446,677  wck:988.0  ngds:84,875
    run2,416  dpts:2..22  robin:Wdeg-First  effs:211,467,066  asgs:(6037,noefs=1,fails=5242)  fails:2,904,752  wrgs:3,452,660  wck:989.5  ngds:84,995
    run2,417  dpts:52..106  robin:PickOnDom-Last  effs:212,335,312  asgs:(7570,noefs=0,fails=5504)  fails:2,910,256  wrgs:3,459,711  wck:993.8  ngds:85,021
    run2,418  dpts:34..62  robin:WdegOnDom-Rand  effs:212,701,622  asgs:(6570,noefs=0,fails=5779)  fails:2,916,035  wrgs:3,466,112  wck:995.6  ngds:85,079
    run2,419  dpts:44..71  robin:FrbaOnDom-First  effs:213,129,896  asgs:(7573,noefs=0,fails=6068)  fails:2,922,103  wrgs:3,473,271  wck:997.5  ngds:85,109
    run2,420  dpts:4..18  robin:Wdeg-Last  effs:213,509,059  asgs:(7023,noefs=0,fails=6372)  fails:2,928,475  wrgs:3,480,242  wck:999.0  ngds:85,202
    run2,421  dpts:25..71  robin:PickOnDom-Rand  effs:214,066,889  asgs:(9142,noefs=0,fails=6690)  fails:2,935,165  wrgs:3,488,581  wck:1001.7  ngds:85,269
    run2,422  dpts:28..74  robin:WdegOnDom-First  effs:214,580,619  asgs:(8530,noefs=0,fails=7025)  fails:2,942,190  wrgs:3,496,781  wck:1004.5  ngds:85,352
    run2,423  dpts:8..129  robin:FrbaOnDom-Last  effs:215,088,695  asgs:(9999,noefs=1,fails=7376)  fails:2,949,566  wrgs:3,505,972  wck:1007.1  ngds:85,391
    run2,424  dpts:6..18  robin:Wdeg-Rand  effs:215,652,871  asgs:(8854,noefs=0,fails=7745)  fails:2,957,311  wrgs:3,514,733  wck:1009.6  ngds:85,418
    run2,425  dpts:27..123  robin:PickOnDom-First  effs:216,360,034  asgs:(10764,noefs=0,fails=8132)  fails:2,965,443  wrgs:3,524,892  wck:1013.4  ngds:85,448
    run2,426  dpts:70..114  robin:WdegOnDom-Last  effs:216,951,842  asgs:(10301,noefs=0,fails=8539)  fails:2,973,982  wrgs:3,534,853  wck:1015.8  ngds:85,471
    run2,427  dpts:9..60  robin:FrbaOnDom-Rand  effs:217,686,521  asgs:(10991,noefs=0,fails=8966)  fails:2,982,948  wrgs:3,545,334  wck:1019.1  ngds:85,539
    run2,428  dpts:6..14  robin:Wdeg-First  effs:218,160,877  asgs:(10703,noefs=0,fails=9414)  fails:2,992,362  wrgs:3,555,994  wck:1021.8  ngds:85,590
    run2,429  dpts:31..122  robin:PickOnDom-Last  effs:218,735,714  asgs:(12889,noefs=0,fails=9885)  fails:3,002,247  wrgs:3,567,900  wck:1024.3  ngds:85,657
 ...resetting heuristics data (nValues:3,881 - nSingletons:187 - nEntailed:304)
    run2,430  dpts:39..61  robin:WdegOnDom-Rand  effs:219,394,526  asgs:(11822,noefs=0,fails=10379)  fails:3,012,626  wrgs:3,579,436  wck:1027.4  ngds:85,695
 ...resetting restart cutoff to 140
    run2,431  dpts:45..118  robin:FrbaOnDom-First  effs:219,405,049  asgs:(278,noefs=0,fails=140)  fails:3,012,766  wrgs:3,579,610  wck:1027.4  ngds:85,718
    run2,432  dpts:67..77  robin:Wdeg-Last  effs:219,413,809  asgs:(234,noefs=0,fails=147)  fails:3,012,913  wrgs:3,579,770  wck:1027.5  ngds:85,795
    run2,433  dpts:28..45  robin:PickOnDom-Rand  effs:219,429,838  asgs:(240,noefs=0,fails=154)  fails:3,013,067  wrgs:3,579,969  wck:1027.6  ngds:85,797
    run2,434  dpts:62..99  robin:WdegOnDom-First  effs:219,441,952  asgs:(340,noefs=0,fails=162)  fails:3,013,229  wrgs:3,580,185  wck:1027.7  ngds:85,827
    run2,435  dpts:21..147  robin:FrbaOnDom-Last  effs:219,455,982  asgs:(418,noefs=0,fails=170)  fails:3,013,399  wrgs:3,580,497  wck:1027.8  ngds:85,840
    run2,436  dpts:4..34  robin:Wdeg-Rand  effs:219,467,376  asgs:(223,noefs=0,fails=178)  fails:3,013,577  wrgs:3,580,686  wck:1027.9  ngds:85,870
    run2,437  dpts:50..70  robin:PickOnDom-First  effs:219,481,986  asgs:(340,noefs=0,fails=187)  fails:3,013,764  wrgs:3,580,948  wck:1027.9  ngds:85,882
    run2,438  dpts:32..52  robin:WdegOnDom-Last  effs:219,495,575  asgs:(290,noefs=0,fails=196)  fails:3,013,960  wrgs:3,581,183  wck:1028.0  ngds:85,939
    run2,439  dpts:9..27  robin:FrbaOnDom-Rand  effs:219,506,318  asgs:(246,noefs=0,fails=206)  fails:3,014,166  wrgs:3,581,405  wck:1028.1  ngds:85,967
    run2,440  dpts:6..13  robin:Wdeg-First  effs:219,516,616  asgs:(249,noefs=0,fails=217)  fails:3,014,383  wrgs:3,581,640  wck:1028.1  ngds:85,980
    run2,441  dpts:22..86  robin:PickOnDom-Last  effs:219,532,033  asgs:(456,noefs=0,fails=228)  fails:3,014,611  wrgs:3,581,970  wck:1028.3  ngds:86,000
    run2,442  dpts:28..34  robin:WdegOnDom-Rand  effs:219,546,916  asgs:(311,noefs=0,fails=239)  fails:3,014,850  wrgs:3,582,246  wck:1028.3  ngds:86,015
    run2,443  dpts:29..144  robin:FrbaOnDom-First  effs:219,566,201  asgs:(604,noefs=0,fails=251)  fails:3,015,101  wrgs:3,582,698  wck:1028.5  ngds:86,017
    run2,444  dpts:3..12  robin:Wdeg-Last  effs:219,582,596  asgs:(304,noefs=0,fails=263)  fails:3,015,364  wrgs:3,582,991  wck:1028.5  ngds:86,025
    run2,445  dpts:24..57  robin:PickOnDom-Rand  effs:219,602,676  asgs:(556,noefs=0,fails=277)  fails:3,015,641  wrgs:3,583,418  wck:1028.7  ngds:86,031
    run2,446  dpts:58..85  robin:WdegOnDom-First  effs:219,627,055  asgs:(441,noefs=0,fails=291)  fails:3,015,932  wrgs:3,583,763  wck:1028.8  ngds:86,088
    run2,447  dpts:13..58  robin:FrbaOnDom-Last  effs:219,645,478  asgs:(455,noefs=0,fails=305)  fails:3,016,237  wrgs:3,584,133  wck:1028.9  ngds:86,102
    run2,448  dpts:3..31  robin:Wdeg-Rand  effs:219,671,307  asgs:(414,noefs=0,fails=320)  fails:3,016,557  wrgs:3,584,514  wck:1029.0  ngds:86,167
    run2,449  dpts:70..91  robin:PickOnDom-First  effs:219,693,124  asgs:(511,noefs=0,fails=336)  fails:3,016,893  wrgs:3,584,932  wck:1029.1  ngds:86,182
    run2,450  dpts:31..52  robin:WdegOnDom-Last  effs:219,719,525  asgs:(518,noefs=0,fails=353)  fails:3,017,246  wrgs:3,585,383  wck:1029.3  ngds:86,201
    run2,451  dpts:12..87  robin:FrbaOnDom-Rand  effs:219,745,705  asgs:(513,noefs=0,fails=371)  fails:3,017,617  wrgs:3,585,858  wck:1029.4  ngds:86,216
    run2,452  dpts:2..15  robin:Wdeg-First  effs:219,770,128  asgs:(439,noefs=0,fails=390)  fails:3,018,007  wrgs:3,586,281  wck:1029.5  ngds:86,272
    run2,453  dpts:7..63  robin:PickOnDom-Last  effs:219,809,633  asgs:(683,noefs=0,fails=409)  fails:3,018,416  wrgs:3,586,851  wck:1029.7  ngds:86,303
    run2,454  dpts:29..40  robin:WdegOnDom-Rand  effs:219,847,036  asgs:(556,noefs=0,fails=430)  fails:3,018,846  wrgs:3,587,348  wck:1029.9  ngds:86,360
    run2,455  dpts:15..146  robin:FrbaOnDom-First  effs:219,883,461  asgs:(885,noefs=0,fails=451)  fails:3,019,297  wrgs:3,588,140  wck:1030.1  ngds:86,370
    run2,456  dpts:3..18  robin:Wdeg-Last  effs:219,915,961  asgs:(519,noefs=0,fails=474)  fails:3,019,771  wrgs:3,588,642  wck:1030.3  ngds:86,440
    run2,457  dpts:4..80  robin:PickOnDom-Rand  effs:219,954,114  asgs:(770,noefs=0,fails=497)  fails:3,020,268  wrgs:3,589,275  wck:1030.6  ngds:86,468
    run2,458  dpts:50..73  robin:WdegOnDom-First  effs:219,993,401  asgs:(689,noefs=0,fails=522)  fails:3,020,790  wrgs:3,589,879  wck:1030.8  ngds:86,504
    run2,459  dpts:11..129  robin:FrbaOnDom-Last  effs:220,024,015  asgs:(802,noefs=0,fails=548)  fails:3,021,338  wrgs:3,590,597  wck:1031.0  ngds:86,515
 ...resetting heuristics data (nValues:3,881 - nSingletons:187 - nEntailed:304)
    run2,460  dpts:28..35  robin:Wdeg-Rand  effs:220,056,891  asgs:(651,noefs=0,fails=576)  fails:3,021,914  wrgs:3,591,212  wck:1031.1  ngds:86,560
    run2,461  dpts:50..74  robin:PickOnDom-First  effs:220,110,636  asgs:(962,noefs=0,fails=605)  fails:3,022,519  wrgs:3,592,029  wck:1031.5  ngds:86,593
    run2,462  dpts:67..84  robin:WdegOnDom-Last  effs:220,156,256  asgs:(830,noefs=0,fails=635)  fails:3,023,154  wrgs:3,592,764  wck:1031.7  ngds:86,648
    run2,463  dpts:53..113  robin:FrbaOnDom-Rand  effs:220,188,100  asgs:(831,noefs=0,fails=667)  fails:3,023,821  wrgs:3,593,494  wck:1031.9  ngds:86,676
    run2,464  dpts:7..46  robin:Wdeg-First  effs:220,243,203  asgs:(797,noefs=0,fails=700)  fails:3,024,521  wrgs:3,594,244  wck:1032.1  ngds:86,695
    run2,465  dpts:24..55  robin:PickOnDom-Last  effs:220,315,931  asgs:(1410,noefs=1,fails=735)  fails:3,025,256  wrgs:3,595,367  wck:1032.6  ngds:86,707
    run2,466  dpts:28..36  robin:WdegOnDom-Rand  effs:220,365,499  asgs:(897,noefs=0,fails=772)  fails:3,026,028  wrgs:3,596,220  wck:1032.8  ngds:86,728
    run2,467  dpts:27..158  robin:FrbaOnDom-First  effs:220,425,379  asgs:(1525,noefs=0,fails=810)  fails:3,026,838  wrgs:3,597,497  wck:1033.2  ngds:86,798
    run2,468  dpts:5..35  robin:Wdeg-Last  effs:220,463,518  asgs:(957,noefs=0,fails=851)  fails:3,027,689  wrgs:3,598,419  wck:1033.4  ngds:86,879
    run2,469  dpts:7..69  robin:PickOnDom-Rand  effs:220,517,687  asgs:(1100,noefs=0,fails=893)  fails:3,028,582  wrgs:3,599,433  wck:1033.7  ngds:86,911
    run2,470  dpts:37..79  robin:WdegOnDom-First  effs:220,579,196  asgs:(1247,noefs=0,fails=938)  fails:3,029,520  wrgs:3,600,552  wck:1034.1  ngds:86,928
    run2,471  dpts:32..84  robin:FrbaOnDom-Last  effs:220,626,383  asgs:(1221,noefs=0,fails=985)  fails:3,030,505  wrgs:3,601,645  wck:1034.4  ngds:86,951
    run2,472  dpts:8..23  robin:Wdeg-Rand  effs:220,690,238  asgs:(1179,noefs=0,fails=1034)  fails:3,031,539  wrgs:3,602,802  wck:1034.7  ngds:86,985
    run2,473  dpts:83..117  robin:PickOnDom-First  effs:220,742,844  asgs:(1428,noefs=0,fails=1086)  fails:3,032,625  wrgs:3,604,067  wck:1035.0  ngds:86,994
    run2,474  dpts:19..63  robin:WdegOnDom-Last  effs:220,863,715  asgs:(1558,noefs=0,fails=1140)  fails:3,033,765  wrgs:3,605,505  wck:1035.6  ngds:87,064
    run2,475  dpts:16..80  robin:FrbaOnDom-Rand  effs:220,918,717  asgs:(1391,noefs=0,fails=1198)  fails:3,034,963  wrgs:3,606,798  wck:1035.9  ngds:87,086
    run2,476  dpts:11..19  robin:Wdeg-First  effs:220,949,636  asgs:(1441,noefs=0,fails=1257)  fails:3,036,220  wrgs:3,608,221  wck:1036.2  ngds:87,144
    run2,477  dpts:30..74  robin:PickOnDom-Last  effs:221,012,487  asgs:(1787,noefs=0,fails=1320)  fails:3,037,540  wrgs:3,609,798  wck:1036.6  ngds:87,192
    run2,478  dpts:28..55  robin:WdegOnDom-Rand  effs:221,109,436  asgs:(1663,noefs=0,fails=1386)  fails:3,038,926  wrgs:3,611,382  wck:1037.0  ngds:87,222
    run2,479  dpts:7..123  robin:FrbaOnDom-First  effs:221,203,833  asgs:(2026,noefs=0,fails=1456)  fails:3,040,382  wrgs:3,613,224  wck:1037.5  ngds:87,255
    run2,480  dpts:6..23  robin:Wdeg-Last  effs:221,296,797  asgs:(1713,noefs=0,fails=1528)  fails:3,041,910  wrgs:3,614,914  wck:1038.0  ngds:87,318
    run2,481  dpts:19..41  robin:PickOnDom-Rand  effs:221,375,512  asgs:(1812,noefs=0,fails=1605)  fails:3,043,515  wrgs:3,616,658  wck:1038.3  ngds:87,337
    run2,482  dpts:71..89  robin:WdegOnDom-First  effs:221,506,822  asgs:(2060,noefs=0,fails=1685)  fails:3,045,200  wrgs:3,618,597  wck:1039.0  ngds:87,388
    run2,483  dpts:8..135  robin:FrbaOnDom-Last  effs:221,596,474  asgs:(2212,noefs=0,fails=1769)  fails:3,046,969  wrgs:3,620,714  wck:1039.4  ngds:87,420
    run2,484  dpts:6..19  robin:Wdeg-Rand  effs:221,738,933  asgs:(2116,noefs=0,fails=1858)  fails:3,048,827  wrgs:3,622,805  wck:1040.1  ngds:87,489
    run2,485  dpts:47..110  robin:PickOnDom-First  effs:221,839,181  asgs:(2353,noefs=0,fails=1951)  fails:3,050,778  wrgs:3,624,997  wck:1040.6  ngds:87,535
    run2,486  dpts:65..89  robin:WdegOnDom-Last  effs:222,069,607  asgs:(2594,noefs=0,fails=2048)  fails:3,052,826  wrgs:3,627,456  wck:1041.7  ngds:87,565
    run2,487  dpts:19..115  robin:FrbaOnDom-Rand  effs:222,192,662  asgs:(2878,noefs=1,fails=2151)  fails:3,054,977  wrgs:3,630,044  wck:1042.3  ngds:87,628
    run2,488  dpts:5..18  robin:Wdeg-First  effs:222,301,322  asgs:(2527,noefs=0,fails=2259)  fails:3,057,236  wrgs:3,632,550  wck:1043.0  ngds:87,751
    run2,489  dpts:30..93  robin:PickOnDom-Last  effs:222,448,735  asgs:(2898,noefs=0,fails=2371)  fails:3,059,607  wrgs:3,635,269  wck:1043.6  ngds:87,785
 ...resetting heuristics data (nValues:3,881 - nSingletons:187 - nEntailed:304)
    run2,490  dpts:27..45  robin:WdegOnDom-Rand  effs:222,631,634  asgs:(3126,noefs=0,fails=2490)  fails:3,062,097  wrgs:3,638,217  wck:1044.6  ngds:87,800
    run2,491  dpts:70..140  robin:FrbaOnDom-First  effs:222,844,675  asgs:(4015,noefs=0,fails=2615)  fails:3,064,712  wrgs:3,641,664  wck:1045.6  ngds:87,806
    run2,492  dpts:66..72  robin:Wdeg-Last  effs:223,019,005  asgs:(3160,noefs=0,fails=2745)  fails:3,067,457  wrgs:3,644,735  wck:1046.5  ngds:87,872
    run2,493  dpts:46..76  robin:PickOnDom-Rand  effs:223,201,191  asgs:(3937,noefs=0,fails=2883)  fails:3,070,340  wrgs:3,648,272  wck:1047.4  ngds:87,917
    run2,494  dpts:40..80  robin:WdegOnDom-First  effs:223,400,101  asgs:(3643,noefs=0,fails=3027)  fails:3,073,367  wrgs:3,651,780  wck:1048.2  ngds:87,951
    run2,495  dpts:31..118  robin:FrbaOnDom-Last  effs:223,729,689  asgs:(5392,noefs=2,fails=3178)  fails:3,076,545  wrgs:3,656,117  wck:1050.2  ngds:87,980
    run2,496  dpts:4..7  robin:Wdeg-Rand  effs:223,929,796  asgs:(3542,noefs=0,fails=3337)  fails:3,079,882  wrgs:3,659,651  wck:1051.0  ngds:88,009
    run2,497  dpts:31..83  robin:PickOnDom-First  effs:224,189,580  asgs:(5040,noefs=0,fails=3504)  fails:3,083,386  wrgs:3,664,096  wck:1052.6  ngds:88,034
    run2,498  dpts:6..41  robin:WdegOnDom-Last  effs:224,364,813  asgs:(3988,noefs=0,fails=3679)  fails:3,087,065  wrgs:3,668,017  wck:1053.5  ngds:88,071
    run2,499  dpts:12..81  robin:FrbaOnDom-Rand  effs:224,691,200  asgs:(5683,noefs=0,fails=3863)  fails:3,090,928  wrgs:3,673,029  wck:1055.3  ngds:88,122
    run2,500  dpts:5..53  robin:Wdeg-First  effs:224,894,190  asgs:(4459,noefs=0,fails=4056)  fails:3,094,984  wrgs:3,677,437  wck:1056.3  ngds:88,198
    run2,501  dpts:66..92  robin:PickOnDom-Last  effs:225,350,462  asgs:(5680,noefs=0,fails=4259)  fails:3,099,243  wrgs:3,682,808  wck:1058.5  ngds:88,224
    run2,502  dpts:32..48  robin:WdegOnDom-Rand  effs:225,624,409  asgs:(4967,noefs=0,fails=4472)  fails:3,103,715  wrgs:3,687,695  wck:1059.5  ngds:88,274
    run2,503  dpts:75..117  robin:FrbaOnDom-First  effs:225,974,079  asgs:(6745,noefs=3,fails=4696)  fails:3,108,411  wrgs:3,693,607  wck:1061.3  ngds:88,283
    run2,504  dpts:4..16  robin:Wdeg-Last  effs:226,306,020  asgs:(5864,noefs=1,fails=4931)  fails:3,113,342  wrgs:3,699,414  wck:1063.0  ngds:88,312
    run2,505  dpts:23..63  robin:PickOnDom-Rand  effs:226,767,813  asgs:(7462,noefs=0,fails=5177)  fails:3,118,519  wrgs:3,706,094  wck:1065.2  ngds:88,374
    run2,506  dpts:19..42  robin:WdegOnDom-First  effs:227,136,409  asgs:(6423,noefs=0,fails=5436)  fails:3,123,955  wrgs:3,712,347  wck:1067.1  ngds:88,434
    run2,507  dpts:49..119  robin:FrbaOnDom-Last  effs:227,409,831  asgs:(6452,noefs=0,fails=5708)  fails:3,129,663  wrgs:3,718,621  wck:1068.2  ngds:88,473
    run2,508  dpts:4..18  robin:Wdeg-Rand  effs:227,785,366  asgs:(6358,noefs=0,fails=5993)  fails:3,135,656  wrgs:3,724,950  wck:1069.7  ngds:88,541
    run2,509  dpts:10..96  robin:PickOnDom-First  effs:228,210,698  asgs:(9503,noefs=0,fails=6293)  fails:3,141,949  wrgs:3,733,696  wck:1072.0  ngds:88,628
    run2,510  dpts:60..77  robin:WdegOnDom-Last  effs:228,645,212  asgs:(7823,noefs=0,fails=6608)  fails:3,148,557  wrgs:3,741,305  wck:1074.3  ngds:88,715
    run2,511  dpts:11..117  robin:FrbaOnDom-Rand  effs:229,150,557  asgs:(9596,noefs=2,fails=6938)  fails:3,155,495  wrgs:3,750,056  wck:1077.3  ngds:88,746
    run2,512  dpts:3..19  robin:Wdeg-First  effs:229,624,081  asgs:(7958,noefs=0,fails=7285)  fails:3,162,780  wrgs:3,757,933  wck:1079.4  ngds:88,760
    run2,513  dpts:38..139  robin:PickOnDom-Last  effs:230,094,312  asgs:(10033,noefs=0,fails=7649)  fails:3,170,429  wrgs:3,767,285  wck:1081.9  ngds:88,794
    run2,514  dpts:30..41  robin:WdegOnDom-Rand  effs:230,678,098  asgs:(9159,noefs=0,fails=8032)  fails:3,178,461  wrgs:3,776,273  wck:1084.1  ngds:88,830
    run2,515  dpts:59..115  robin:FrbaOnDom-First  effs:231,301,873  asgs:(10865,noefs=0,fails=8433)  fails:3,186,894  wrgs:3,786,337  wck:1087.4  ngds:88,873
    run2,516  dpts:5..18  robin:Wdeg-Last  effs:231,817,905  asgs:(9965,noefs=0,fails=8855)  fails:3,195,749  wrgs:3,796,233  wck:1089.9  ngds:88,980
    run2,517  dpts:43..90  robin:PickOnDom-Rand  effs:232,307,386  asgs:(11057,noefs=1,fails=9298)  fails:3,205,047  wrgs:3,806,908  wck:1092.1  ngds:89,017
    run2,518  dpts:37..58  robin:WdegOnDom-First  effs:232,978,545  asgs:(11491,noefs=0,fails=9763)  fails:3,214,810  wrgs:3,818,154  wck:1095.4  ngds:89,096
    run2,519  dpts:31..83  robin:FrbaOnDom-Last  effs:233,831,050  asgs:(13699,noefs=0,fails=10251)  fails:3,225,061  wrgs:3,830,870  wck:1100.1  ngds:89,116
 ...resetting heuristics data (nValues:3,881 - nSingletons:187 - nEntailed:304)
    run2,520  dpts:30..40  robin:Wdeg-Rand  effs:234,476,488  asgs:(11601,noefs=0,fails=10764)  fails:3,235,825  wrgs:3,842,403  wck:1103.3  ngds:89,224
 ...resetting restart cutoff to 145
    run2,521  dpts:51..77  robin:PickOnDom-First  effs:234,486,977  asgs:(294,noefs=0,fails=145)  fails:3,235,970  wrgs:3,842,612  wck:1103.4  ngds:89,243
    run2,522  dpts:67..81  robin:WdegOnDom-Last  effs:234,504,157  asgs:(299,noefs=0,fails=152)  fails:3,236,122  wrgs:3,842,810  wck:1103.5  ngds:89,290
    run2,523  dpts:54..95  robin:FrbaOnDom-Rand  effs:234,516,662  asgs:(324,noefs=0,fails=159)  fails:3,236,281  wrgs:3,843,036  wck:1103.6  ngds:89,373
    run2,524  dpts:2..37  robin:Wdeg-First  effs:234,523,824  asgs:(216,noefs=0,fails=167)  fails:3,236,448  wrgs:3,843,215  wck:1103.7  ngds:89,420
    run2,525  dpts:14..43  robin:PickOnDom-Last  effs:234,536,780  asgs:(349,noefs=0,fails=176)  fails:3,236,624  wrgs:3,843,485  wck:1103.7  ngds:89,426
    run2,526  dpts:25..29  robin:WdegOnDom-Rand  effs:234,547,168  asgs:(225,noefs=0,fails=185)  fails:3,236,809  wrgs:3,843,681  wck:1103.8  ngds:89,473
    run2,527  dpts:41..154  robin:FrbaOnDom-First  effs:234,568,762  asgs:(510,noefs=0,fails=194)  fails:3,237,003  wrgs:3,844,071  wck:1103.9  ngds:89,479
    run2,528  dpts:2..22  robin:Wdeg-Last  effs:234,578,245  asgs:(236,noefs=0,fails=204)  fails:3,237,207  wrgs:3,844,287  wck:1104.0  ngds:89,554
    run2,529  dpts:7..75  robin:PickOnDom-Rand  effs:234,593,333  asgs:(422,noefs=0,fails=214)  fails:3,237,421  wrgs:3,844,590  wck:1104.1  ngds:89,589
    run2,530  dpts:21..59  robin:WdegOnDom-First  effs:234,615,760  asgs:(388,noefs=0,fails=224)  fails:3,237,645  wrgs:3,844,886  wck:1104.3  ngds:89,624
    run2,531  dpts:58..194  robin:FrbaOnDom-Last  effs:234,631,299  asgs:(485,noefs=1,fails=236)  fails:3,237,881  wrgs:3,845,205  wck:1104.4  ngds:89,637
    run2,532  dpts:3..19  robin:Wdeg-Rand  effs:234,647,369  asgs:(281,noefs=0,fails=247)  fails:3,238,128  wrgs:3,845,469  wck:1104.5  ngds:89,747
    run2,533  dpts:31..84  robin:PickOnDom-First  effs:234,670,864  asgs:(406,noefs=0,fails=260)  fails:3,238,388  wrgs:3,845,778  wck:1104.6  ngds:89,802
    run2,534  dpts:27..64  robin:WdegOnDom-Last  effs:234,687,841  asgs:(405,noefs=0,fails=273)  fails:3,238,661  wrgs:3,846,102  wck:1104.7  ngds:89,828
    run2,535  dpts:21..102  robin:FrbaOnDom-Rand  effs:234,710,292  asgs:(451,noefs=0,fails=287)  fails:3,238,948  wrgs:3,846,491  wck:1104.8  ngds:89,854
    run2,536  dpts:3..19  robin:Wdeg-First  effs:234,721,681  asgs:(362,noefs=0,fails=301)  fails:3,239,249  wrgs:3,846,834  wck:1104.9  ngds:89,947
    run2,537  dpts:2..86  robin:PickOnDom-Last  effs:234,773,648  asgs:(483,noefs=0,fails=316)  fails:3,239,565  wrgs:3,847,220  wck:1105.2  ngds:89,964
    run2,538  dpts:39..53  robin:WdegOnDom-Rand  effs:234,796,059  asgs:(425,noefs=0,fails=332)  fails:3,239,897  wrgs:3,847,589  wck:1105.3  ngds:89,992
    run2,539  dpts:30..60  robin:FrbaOnDom-First  effs:234,812,385  asgs:(450,noefs=0,fails=348)  fails:3,240,245  wrgs:3,847,969  wck:1105.4  ngds:90,055
    run2,540  dpts:7..17  robin:Wdeg-Last  effs:234,836,932  asgs:(467,noefs=0,fails=366)  fails:3,240,611  wrgs:3,848,419  wck:1105.6  ngds:90,098
    run2,541  dpts:10..55  robin:PickOnDom-Rand  effs:234,869,292  asgs:(626,noefs=0,fails=384)  fails:3,240,995  wrgs:3,848,920  wck:1105.8  ngds:90,143
    run2,542  dpts:44..58  robin:WdegOnDom-First  effs:234,896,397  asgs:(510,noefs=0,fails=403)  fails:3,241,398  wrgs:3,849,364  wck:1105.9  ngds:90,211
    run2,543  dpts:9..93  robin:FrbaOnDom-Last  effs:234,927,437  asgs:(633,noefs=0,fails=424)  fails:3,241,822  wrgs:3,849,889  wck:1106.1  ngds:90,220
    run2,544  dpts:3..16  robin:Wdeg-Rand  effs:234,963,662  asgs:(514,noefs=0,fails=445)  fails:3,242,267  wrgs:3,850,388  wck:1106.3  ngds:90,249
    run2,545  dpts:56..162  robin:PickOnDom-First  effs:235,018,118  asgs:(781,noefs=0,fails=467)  fails:3,242,734  wrgs:3,851,103  wck:1106.6  ngds:90,260
    run2,546  dpts:65..104  robin:WdegOnDom-Last  effs:235,052,198  asgs:(689,noefs=0,fails=491)  fails:3,243,225  wrgs:3,851,721  wck:1106.8  ngds:90,317
    run2,547  dpts:28..78  robin:FrbaOnDom-Rand  effs:235,096,561  asgs:(738,noefs=0,fails=515)  fails:3,243,740  wrgs:3,852,376  wck:1107.0  ngds:90,338
    run2,548  dpts:4..19  robin:Wdeg-First  effs:235,123,108  asgs:(610,noefs=0,fails=541)  fails:3,244,281  wrgs:3,852,968  wck:1107.1  ngds:90,475
    run2,549  dpts:39..96  robin:PickOnDom-Last  effs:235,155,954  asgs:(777,noefs=0,fails=568)  fails:3,244,849  wrgs:3,853,646  wck:1107.3  ngds:90,494
 ...resetting heuristics data (nValues:3,881 - nSingletons:187 - nEntailed:304)
    run2,550  dpts:33..46  robin:WdegOnDom-Rand  effs:235,200,718  asgs:(746,noefs=0,fails=596)  fails:3,245,445  wrgs:3,854,326  wck:1107.5  ngds:90,525
    run2,551  dpts:28..191  robin:FrbaOnDom-First  effs:235,249,395  asgs:(1257,noefs=0,fails=626)  fails:3,246,071  wrgs:3,855,385  wck:1107.8  ngds:90,537
    run2,552  dpts:70..76  robin:Wdeg-Last  effs:235,285,335  asgs:(779,noefs=0,fails=658)  fails:3,246,729  wrgs:3,856,088  wck:1108.0  ngds:90,606
    run2,553  dpts:28..64  robin:PickOnDom-Rand  effs:235,331,546  asgs:(993,noefs=0,fails=690)  fails:3,247,419  wrgs:3,856,954  wck:1108.3  ngds:90,623
    run2,554  dpts:44..55  robin:WdegOnDom-First  effs:235,386,931  asgs:(906,noefs=0,fails=725)  fails:3,248,144  wrgs:3,857,778  wck:1108.6  ngds:90,642
    run2,555  dpts:24..142  robin:FrbaOnDom-Last  effs:235,464,097  asgs:(1641,noefs=0,fails=761)  fails:3,248,905  wrgs:3,859,037  wck:1109.0  ngds:90,650
    run2,556  dpts:9..46  robin:Wdeg-Rand  effs:235,504,456  asgs:(906,noefs=0,fails=799)  fails:3,249,704  wrgs:3,859,894  wck:1109.3  ngds:90,744
    run2,557  dpts:61..76  robin:PickOnDom-First  effs:235,550,086  asgs:(1181,noefs=0,fails=839)  fails:3,250,543  wrgs:3,860,943  wck:1109.5  ngds:90,760
    run2,558  dpts:42..68  robin:WdegOnDom-Last  effs:235,613,846  asgs:(1243,noefs=0,fails=881)  fails:3,251,424  wrgs:3,862,039  wck:1109.9  ngds:90,778
    run2,559  dpts:14..90  robin:FrbaOnDom-Rand  effs:235,715,580  asgs:(1541,noefs=0,fails=925)  fails:3,252,349  wrgs:3,863,399  wck:1110.5  ngds:90,789
    run2,560  dpts:2..32  robin:Wdeg-First  effs:235,764,602  asgs:(1113,noefs=0,fails=972)  fails:3,253,321  wrgs:3,864,472  wck:1110.7  ngds:90,892
    run2,561  dpts:3..72  robin:PickOnDom-Last  effs:235,818,115  asgs:(1403,noefs=0,fails=1020)  fails:3,254,341  wrgs:3,865,725  wck:1111.1  ngds:90,959
    run2,562  dpts:37..51  robin:WdegOnDom-Rand  effs:235,877,578  asgs:(1249,noefs=0,fails=1071)  fails:3,255,412  wrgs:3,866,906  wck:1111.4  ngds:90,975
    run2,563  dpts:89..124  robin:FrbaOnDom-First  effs:235,943,937  asgs:(1447,noefs=0,fails=1125)  fails:3,256,537  wrgs:3,868,225  wck:1111.7  ngds:90,983
    run2,564  dpts:1..18  robin:Wdeg-Last  effs:236,020,999  asgs:(1353,noefs=0,fails=1181)  fails:3,257,718  wrgs:3,869,553  wck:1112.1  ngds:91,055
    run2,565  dpts:21..70  robin:PickOnDom-Rand  effs:236,112,131  asgs:(1860,noefs=0,fails=1240)  fails:3,258,958  wrgs:3,871,164  wck:1112.6  ngds:91,069
    run2,566  dpts:26..65  robin:WdegOnDom-First  effs:236,182,801  asgs:(1517,noefs=0,fails=1302)  fails:3,260,260  wrgs:3,872,611  wck:1112.9  ngds:91,077
    run2,567  dpts:23..85  robin:FrbaOnDom-Last  effs:236,257,219  asgs:(1680,noefs=0,fails=1367)  fails:3,261,627  wrgs:3,874,168  wck:1113.3  ngds:91,113
    run2,568  dpts:5..22  robin:Wdeg-Rand  effs:236,341,847  asgs:(1599,noefs=0,fails=1436)  fails:3,263,063  wrgs:3,875,742  wck:1113.7  ngds:91,144
    run2,569  dpts:15..138  robin:PickOnDom-First  effs:236,443,904  asgs:(2181,noefs=0,fails=1508)  fails:3,264,571  wrgs:3,877,764  wck:1114.2  ngds:91,179
    run2,570  dpts:32..58  robin:WdegOnDom-Last  effs:236,572,319  asgs:(1970,noefs=0,fails=1583)  fails:3,266,154  wrgs:3,879,646  wck:1114.9  ngds:91,205
    run2,571  dpts:25..72  robin:FrbaOnDom-Rand  effs:236,685,072  asgs:(2298,noefs=0,fails=1662)  fails:3,267,816  wrgs:3,881,706  wck:1115.5  ngds:91,221
    run2,572  dpts:5..15  robin:Wdeg-First  effs:236,741,176  asgs:(1958,noefs=0,fails=1745)  fails:3,269,561  wrgs:3,883,649  wck:1115.9  ngds:91,308
    run2,573  dpts:22..89  robin:PickOnDom-Last  effs:236,877,822  asgs:(2970,noefs=0,fails=1833)  fails:3,271,394  wrgs:3,886,205  wck:1116.8  ngds:91,324
    run2,574  dpts:4..42  robin:WdegOnDom-Rand  effs:237,062,356  asgs:(2301,noefs=0,fails=1924)  fails:3,273,318  wrgs:3,888,438  wck:1117.7  ngds:91,387
    run2,575  dpts:10..128  robin:FrbaOnDom-First  effs:237,199,102  asgs:(2612,noefs=0,fails=2021)  fails:3,275,339  wrgs:3,890,853  wck:1118.4  ngds:91,413
    run2,576  dpts:2..17  robin:Wdeg-Last  effs:237,319,764  asgs:(2338,noefs=0,fails=2122)  fails:3,277,461  wrgs:3,893,157  wck:1119.0  ngds:91,495
    run2,577  dpts:43..62  robin:PickOnDom-Rand  effs:237,424,443  asgs:(2535,noefs=0,fails=2228)  fails:3,279,689  wrgs:3,895,600  wck:1119.5  ngds:91,530
    run2,578  dpts:41..52  robin:WdegOnDom-First  effs:237,571,593  asgs:(2867,noefs=0,fails=2339)  fails:3,282,028  wrgs:3,898,386  wck:1120.3  ngds:91,598
    run2,579  dpts:35..101  robin:FrbaOnDom-Last  effs:237,758,714  asgs:(3327,noefs=1,fails=2456)  fails:3,284,484  wrgs:3,901,413  wck:1121.3  ngds:91,663
 ...resetting heuristics data (nValues:3,881 - nSingletons:187 - nEntailed:304)
    run2,580  dpts:39..51  robin:Wdeg-Rand  effs:237,910,366  asgs:(2900,noefs=0,fails=2579)  fails:3,287,063  wrgs:3,904,260  wck:1122.1  ngds:91,690
    run2,581  dpts:47..69  robin:PickOnDom-First  effs:238,107,609  asgs:(3802,noefs=0,fails=2708)  fails:3,289,771  wrgs:3,907,774  wck:1123.2  ngds:91,744
    run2,582  dpts:65..87  robin:WdegOnDom-Last  effs:238,342,428  asgs:(3660,noefs=0,fails=2843)  fails:3,292,614  wrgs:3,911,219  wck:1124.4  ngds:91,806
    run2,583  dpts:20..119  robin:FrbaOnDom-Rand  effs:238,580,039  asgs:(4353,noefs=0,fails=2986)  fails:3,295,600  wrgs:3,915,126  wck:1125.6  ngds:91,807
    run2,584  dpts:37..50  robin:Wdeg-First  effs:238,715,060  asgs:(3326,noefs=0,fails=3135)  fails:3,298,735  wrgs:3,918,408  wck:1126.4  ngds:91,874
    run2,585  dpts:38..65  robin:PickOnDom-Last  effs:239,236,136  asgs:(4391,noefs=0,fails=3292)  fails:3,302,027  wrgs:3,922,480  wck:1129.0  ngds:91,948
    run2,586  dpts:13..49  robin:WdegOnDom-Rand  effs:239,449,426  asgs:(4042,noefs=0,fails=3456)  fails:3,305,483  wrgs:3,926,343  wck:1130.1  ngds:91,976
    run2,587  dpts:64..166  robin:FrbaOnDom-First  effs:239,732,639  asgs:(6049,noefs=0,fails=3629)  fails:3,309,112  wrgs:3,931,204  wck:1131.6  ngds:91,981
    run2,588  dpts:1..38  robin:Wdeg-Last  effs:239,960,838  asgs:(4211,noefs=0,fails=3811)  fails:3,312,923  wrgs:3,935,359  wck:1132.6  ngds:92,131
    run2,589  dpts:12..51  robin:PickOnDom-Rand  effs:240,301,687  asgs:(5344,noefs=0,fails=4001)  fails:3,316,924  wrgs:3,940,270  wck:1134.0  ngds:92,211
    run2,590  dpts:28..53  robin:WdegOnDom-First  effs:240,537,048  asgs:(4813,noefs=0,fails=4201)  fails:3,321,125  wrgs:3,944,947  wck:1135.1  ngds:92,244
    run2,591  dpts:9..107  robin:FrbaOnDom-Last  effs:240,894,409  asgs:(5862,noefs=0,fails=4411)  fails:3,325,536  wrgs:3,950,291  wck:1137.0  ngds:92,276
    run2,592  dpts:4..16  robin:Wdeg-Rand  effs:241,273,351  asgs:(5353,noefs=0,fails=4632)  fails:3,330,168  wrgs:3,955,571  wck:1138.9  ngds:92,347
    run2,593  dpts:38..113  robin:PickOnDom-First  effs:241,684,183  asgs:(6233,noefs=0,fails=4864)  fails:3,335,032  wrgs:3,961,317  wck:1141.0  ngds:92,384
    run2,594  dpts:51..67  robin:WdegOnDom-Last  effs:241,987,538  asgs:(5781,noefs=0,fails=5107)  fails:3,340,139  wrgs:3,966,987  wck:1142.2  ngds:92,410
    run2,595  dpts:17..138  robin:FrbaOnDom-Rand  effs:242,381,952  asgs:(7818,noefs=1,fails=5362)  fails:3,345,501  wrgs:3,974,072  wck:1144.5  ngds:92,468
    run2,596  dpts:7..14  robin:Wdeg-First  effs:242,720,140  asgs:(6130,noefs=0,fails=5630)  fails:3,351,131  wrgs:3,980,181  wck:1146.1  ngds:92,519
    run2,597  dpts:18..98  robin:PickOnDom-Last  effs:243,090,650  asgs:(7914,noefs=0,fails=5912)  fails:3,357,043  wrgs:3,987,520  wck:1148.2  ngds:92,547
    run2,598  dpts:20..35  robin:WdegOnDom-Rand  effs:243,563,824  asgs:(7186,noefs=0,fails=6207)  fails:3,363,250  wrgs:3,994,554  wck:1150.4  ngds:92,624
    run2,599  dpts:32..104  robin:FrbaOnDom-First  effs:244,005,084  asgs:(8244,noefs=0,fails=6518)  fails:3,369,768  wrgs:4,002,209  wck:1152.7  ngds:92,732
    run2,600  dpts:3..18  robin:Wdeg-Last  effs:244,476,745  asgs:(7600,noefs=0,fails=6844)  fails:3,376,612  wrgs:4,009,663  wck:1155.1  ngds:92,852
    run2,601  dpts:9..80  robin:PickOnDom-Rand  effs:244,950,920  asgs:(9092,noefs=0,fails=7186)  fails:3,383,798  wrgs:4,018,171  wck:1157.4  ngds:92,905
    run2,602  dpts:75..97  robin:WdegOnDom-First  effs:245,523,876  asgs:(8689,noefs=0,fails=7545)  fails:3,391,343  wrgs:4,026,600  wck:1160.2  ngds:93,023
    run2,603  dpts:52..125  robin:FrbaOnDom-Last  effs:246,139,251  asgs:(10667,noefs=0,fails=7923)  fails:3,399,266  wrgs:4,036,387  wck:1163.6  ngds:93,105
    run2,604  dpts:8..17  robin:Wdeg-Rand  effs:246,481,911  asgs:(8680,noefs=0,fails=8319)  fails:3,407,585  wrgs:4,045,053  wck:1165.3  ngds:93,169
    run2,605  dpts:5..125  robin:PickOnDom-First  effs:247,130,050  asgs:(11755,noefs=0,fails=8735)  fails:3,416,320  wrgs:4,056,106  wck:1168.6  ngds:93,242
    run2,606  dpts:28..67  robin:WdegOnDom-Last  effs:247,960,141  asgs:(11184,noefs=0,fails=9171)  fails:3,425,491  wrgs:4,066,921  wck:1172.5  ngds:93,320
    run2,607  dpts:13..85  robin:FrbaOnDom-Rand  effs:248,596,070  asgs:(12537,noefs=1,fails=9630)  fails:3,435,121  wrgs:4,078,463  wck:1176.0  ngds:93,374
    run2,608  dpts:3..15  robin:Wdeg-First  effs:249,239,875  asgs:(11554,noefs=0,fails=10111)  fails:3,445,232  wrgs:4,089,967  wck:1179.1  ngds:93,490
    run2,609  dpts:75..124  robin:PickOnDom-Last  effs:250,659,367  asgs:(14616,noefs=0,fails=10617)  fails:3,455,849  wrgs:4,103,612  wck:1185.4  ngds:93,525
 ...resetting heuristics data (nValues:3,881 - nSingletons:187 - nEntailed:304)
    run2,610  dpts:34..52  robin:WdegOnDom-Rand  effs:251,429,568  asgs:(12919,noefs=0,fails=11148)  fails:3,466,997  wrgs:4,116,274  wck:1189.6  ngds:93,531
 ...resetting restart cutoff to 150
    run2,611  dpts:57..157  robin:FrbaOnDom-First  effs:251,443,664  asgs:(387,noefs=0,fails=150)  fails:3,467,147  wrgs:4,116,476  wck:1189.7  ngds:93,553
    run2,612  dpts:72..80  robin:Wdeg-Last  effs:251,453,753  asgs:(249,noefs=0,fails=157)  fails:3,467,304  wrgs:4,116,647  wck:1189.8  ngds:93,575
    run2,613  dpts:40..55  robin:PickOnDom-Rand  effs:251,470,194  asgs:(304,noefs=0,fails=165)  fails:3,467,469  wrgs:4,116,869  wck:1189.9  ngds:93,589
    run2,614  dpts:36..46  robin:WdegOnDom-First  effs:251,482,261  asgs:(265,noefs=0,fails=173)  fails:3,467,642  wrgs:4,117,074  wck:1190.0  ngds:93,617
    run2,615  dpts:69..169  robin:FrbaOnDom-Last  effs:251,501,589  asgs:(494,noefs=0,fails=182)  fails:3,467,824  wrgs:4,117,403  wck:1190.2  ngds:93,650
    run2,616  dpts:6..8  robin:Wdeg-Rand  effs:251,511,704  asgs:(210,noefs=0,fails=191)  fails:3,468,015  wrgs:4,117,606  wck:1190.2  ngds:93,686
    run2,617  dpts:29..59  robin:PickOnDom-First  effs:251,526,022  asgs:(322,noefs=0,fails=201)  fails:3,468,216  wrgs:4,117,877  wck:1190.3  ngds:93,698
    run2,618  dpts:25..40  robin:WdegOnDom-Last  effs:251,543,673  asgs:(322,noefs=0,fails=211)  fails:3,468,427  wrgs:4,118,154  wck:1190.4  ngds:93,750
    run2,619  dpts:16..87  robin:FrbaOnDom-Rand  effs:251,559,660  asgs:(458,noefs=0,fails=221)  fails:3,468,648  wrgs:4,118,492  wck:1190.5  ngds:93,779
    run2,620  dpts:3..44  robin:Wdeg-First  effs:251,571,508  asgs:(299,noefs=0,fails=232)  fails:3,468,880  wrgs:4,118,747  wck:1190.6  ngds:93,819
    run2,621  dpts:9..78  robin:PickOnDom-Last  effs:251,589,060  asgs:(447,noefs=0,fails=244)  fails:3,469,124  wrgs:4,119,074  wck:1190.7  ngds:93,842
    run2,622  dpts:6..42  robin:WdegOnDom-Rand  effs:251,610,871  asgs:(361,noefs=0,fails=256)  fails:3,469,380  wrgs:4,119,375  wck:1190.8  ngds:93,870
    run2,623  dpts:29..31  robin:FrbaOnDom-First  effs:251,621,470  asgs:(317,noefs=0,fails=269)  fails:3,469,649  wrgs:4,119,663  wck:1190.9  ngds:93,907
    run2,624  dpts:2..11  robin:Wdeg-Last  effs:251,639,929  asgs:(329,noefs=0,fails=282)  fails:3,469,931  wrgs:4,119,981  wck:1191.0  ngds:93,945
    run2,625  dpts:15..59  robin:PickOnDom-Rand  effs:251,661,665  asgs:(454,noefs=0,fails=296)  fails:3,470,227  wrgs:4,120,355  wck:1191.1  ngds:93,982
    run2,626  dpts:38..42  robin:WdegOnDom-First  effs:251,678,159  asgs:(374,noefs=0,fails=311)  fails:3,470,538  wrgs:4,120,687  wck:1191.2  ngds:94,034
    run2,627  dpts:43..84  robin:FrbaOnDom-Last  effs:251,707,707  asgs:(588,noefs=0,fails=327)  fails:3,470,865  wrgs:4,121,160  wck:1191.4  ngds:94,069
    run2,628  dpts:2..28  robin:Wdeg-Rand  effs:251,732,068  asgs:(391,noefs=0,fails=343)  fails:3,471,208  wrgs:4,121,523  wck:1191.5  ngds:94,170
    run2,629  dpts:41..65  robin:PickOnDom-First  effs:251,762,644  asgs:(514,noefs=0,fails=360)  fails:3,471,568  wrgs:4,121,971  wck:1191.7  ngds:94,197
    run2,630  dpts:58..72  robin:WdegOnDom-Last  effs:251,784,746  asgs:(508,noefs=0,fails=379)  fails:3,471,947  wrgs:4,122,406  wck:1191.8  ngds:94,246
    run2,631  dpts:23..107  robin:FrbaOnDom-Rand  effs:251,813,964  asgs:(571,noefs=0,fails=397)  fails:3,472,344  wrgs:4,122,895  wck:1192.0  ngds:94,256
    run2,632  dpts:2..21  robin:Wdeg-First  effs:251,837,060  asgs:(477,noefs=0,fails=417)  fails:3,472,761  wrgs:4,123,351  wck:1192.1  ngds:94,332
    run2,633  dpts:48..82  robin:PickOnDom-Last  effs:251,928,180  asgs:(618,noefs=0,fails=438)  fails:3,473,199  wrgs:4,123,884  wck:1192.6  ngds:94,356
    run2,634  dpts:5..44  robin:WdegOnDom-Rand  effs:251,964,409  asgs:(598,noefs=0,fails=460)  fails:3,473,659  wrgs:4,124,419  wck:1192.8  ngds:94,391
    run2,635  dpts:69..113  robin:FrbaOnDom-First  effs:252,001,012  asgs:(692,noefs=0,fails=483)  fails:3,474,142  wrgs:4,125,003  wck:1193.0  ngds:94,413
    run2,636  dpts:6..22  robin:Wdeg-Last  effs:252,040,140  asgs:(588,noefs=0,fails=507)  fails:3,474,649  wrgs:4,125,571  wck:1193.2  ngds:94,465
    run2,637  dpts:29..66  robin:PickOnDom-Rand  effs:252,089,528  asgs:(797,noefs=0,fails=533)  fails:3,475,182  wrgs:4,126,264  wck:1193.5  ngds:94,471
    run2,638  dpts:28..41  robin:WdegOnDom-First  effs:252,127,183  asgs:(668,noefs=0,fails=560)  fails:3,475,742  wrgs:4,126,886  wck:1193.7  ngds:94,538
    run2,639  dpts:10..120  robin:FrbaOnDom-Last  effs:252,168,473  asgs:(855,noefs=0,fails=588)  fails:3,476,330  wrgs:4,127,593  wck:1193.9  ngds:94,594
 ...resetting heuristics data (nValues:3,881 - nSingletons:187 - nEntailed:304)
    run2,640  dpts:33..40  robin:Wdeg-Rand  effs:252,203,859  asgs:(719,noefs=0,fails=617)  fails:3,476,947  wrgs:4,128,269  wck:1194.1  ngds:94,632
    run2,641  dpts:46..105  robin:PickOnDom-First  effs:252,256,592  asgs:(985,noefs=0,fails=648)  fails:3,477,595  wrgs:4,129,099  wck:1194.4  ngds:94,648
    run2,642  dpts:71..85  robin:WdegOnDom-Last  effs:252,314,491  asgs:(940,noefs=0,fails=680)  fails:3,478,275  wrgs:4,129,919  wck:1194.8  ngds:94,660
    run2,643  dpts:46..97  robin:FrbaOnDom-Rand  effs:252,376,784  asgs:(1167,noefs=0,fails=714)  fails:3,478,989  wrgs:4,130,912  wck:1195.2  ngds:94,663
    run2,644  dpts:4..48  robin:Wdeg-First  effs:252,401,595  asgs:(852,noefs=0,fails=750)  fails:3,479,739  wrgs:4,131,715  wck:1195.4  ngds:94,675
    run2,645  dpts:46..87  robin:PickOnDom-Last  effs:252,441,965  asgs:(1086,noefs=0,fails=788)  fails:3,480,527  wrgs:4,132,636  wck:1195.6  ngds:94,704
    run2,646  dpts:21..50  robin:WdegOnDom-Rand  effs:252,494,071  asgs:(1011,noefs=0,fails=827)  fails:3,481,354  wrgs:4,133,573  wck:1195.8  ngds:94,745
    run2,647  dpts:73..129  robin:FrbaOnDom-First  effs:252,566,398  asgs:(1391,noefs=2,fails=868)  fails:3,482,222  wrgs:4,134,687  wck:1196.2  ngds:94,748
    run2,648  dpts:6..17  robin:Wdeg-Last  effs:252,611,861  asgs:(1007,noefs=0,fails=912)  fails:3,483,134  wrgs:4,135,675  wck:1196.5  ngds:94,796
    run2,649  dpts:5..50  robin:PickOnDom-Rand  effs:252,687,312  asgs:(1360,noefs=0,fails=957)  fails:3,484,091  wrgs:4,136,890  wck:1196.9  ngds:94,847
    run2,650  dpts:14..49  robin:WdegOnDom-First  effs:252,779,824  asgs:(1438,noefs=0,fails=1005)  fails:3,485,096  wrgs:4,138,143  wck:1197.4  ngds:94,897
    run2,651  dpts:11..173  robin:FrbaOnDom-Last  effs:252,854,619  asgs:(1623,noefs=0,fails=1055)  fails:3,486,151  wrgs:4,139,504  wck:1197.8  ngds:94,949
    run2,652  dpts:3..31  robin:Wdeg-Rand  effs:252,923,092  asgs:(1236,noefs=0,fails=1108)  fails:3,487,259  wrgs:4,140,707  wck:1198.2  ngds:95,017
    run2,653  dpts:86..114  robin:PickOnDom-First  effs:253,063,138  asgs:(1642,noefs=0,fails=1164)  fails:3,488,423  wrgs:4,142,131  wck:1198.9  ngds:95,041
    run2,654  dpts:34..78  robin:WdegOnDom-Last  effs:253,142,616  asgs:(1492,noefs=0,fails=1222)  fails:3,489,645  wrgs:4,143,537  wck:1199.3  ngds:95,088
    run2,655  dpts:37..54  robin:FrbaOnDom-Rand  effs:253,215,602  asgs:(1445,noefs=0,fails=1283)  fails:3,490,928  wrgs:4,144,910  wck:1199.7  ngds:95,187
    run2,656  dpts:10..21  robin:Wdeg-First  effs:253,295,993  asgs:(1540,noefs=0,fails=1347)  fails:3,492,275  wrgs:4,146,430  wck:1200.2  ngds:95,229
    run2,657  dpts:73..119  robin:PickOnDom-Last  effs:253,431,720  asgs:(2166,noefs=0,fails=1415)  fails:3,493,690  wrgs:4,148,369  wck:1200.9  ngds:95,256
    run2,658  dpts:40..54  robin:WdegOnDom-Rand  effs:253,534,490  asgs:(1793,noefs=0,fails=1485)  fails:3,495,175  wrgs:4,150,080  wck:1201.5  ngds:95,324
    run2,659  dpts:9..140  robin:FrbaOnDom-First  effs:253,651,324  asgs:(2727,noefs=1,fails=1560)  fails:3,496,735  wrgs:4,152,225  wck:1202.2  ngds:95,354
    run2,660  dpts:5..16  robin:Wdeg-Last  effs:253,756,291  asgs:(1839,noefs=0,fails=1638)  fails:3,498,373  wrgs:4,154,031  wck:1202.7  ngds:95,433
    run2,661  dpts:26..51  robin:PickOnDom-Rand  effs:253,928,029  asgs:(2159,noefs=0,fails=1720)  fails:3,500,093  wrgs:4,156,065  wck:1203.6  ngds:95,472
    run2,662  dpts:32..52  robin:WdegOnDom-First  effs:254,060,622  asgs:(2143,noefs=0,fails=1806)  fails:3,501,899  wrgs:4,158,126  wck:1204.3  ngds:95,490
    run2,663  dpts:49..115  robin:FrbaOnDom-Last  effs:254,204,246  asgs:(2515,noefs=0,fails=1896)  fails:3,503,795  wrgs:4,160,450  wck:1205.1  ngds:95,517
    run2,664  dpts:14..20  robin:Wdeg-Rand  effs:254,349,930  asgs:(2189,noefs=0,fails=1991)  fails:3,505,786  wrgs:4,162,606  wck:1205.7  ngds:95,568
    run2,665  dpts:75..101  robin:PickOnDom-First  effs:254,519,463  asgs:(2734,noefs=0,fails=2090)  fails:3,507,876  wrgs:4,165,148  wck:1206.5  ngds:95,574
    run2,666  dpts:50..81  robin:WdegOnDom-Last  effs:254,694,868  asgs:(2777,noefs=0,fails=2195)  fails:3,510,071  wrgs:4,167,801  wck:1207.4  ngds:95,615
    run2,667  dpts:23..81  robin:FrbaOnDom-Rand  effs:254,801,916  asgs:(2525,noefs=0,fails=2305)  fails:3,512,376  wrgs:4,170,240  wck:1207.9  ngds:95,671
    run2,668  dpts:3..19  robin:Wdeg-First  effs:254,973,250  asgs:(2751,noefs=0,fails=2420)  fails:3,514,796  wrgs:4,172,945  wck:1208.7  ngds:95,803
    run2,669  dpts:32..83  robin:PickOnDom-Last  effs:255,168,522  asgs:(3214,noefs=0,fails=2541)  fails:3,517,337  wrgs:4,175,990  wck:1209.7  ngds:95,823
 ...resetting heuristics data (nValues:3,881 - nSingletons:187 - nEntailed:304)
    run2,670  dpts:29..47  robin:WdegOnDom-Rand  effs:255,310,498  asgs:(3039,noefs=0,fails=2668)  fails:3,520,005  wrgs:4,178,919  wck:1210.4  ngds:95,872
    run2,671  dpts:110..190  robin:FrbaOnDom-First  effs:255,604,223  asgs:(4951,noefs=2,fails=2801)  fails:3,522,806  wrgs:4,182,981  wck:1212.2  ngds:95,880
    run2,672  dpts:68..80  robin:Wdeg-Last  effs:255,781,754  asgs:(3424,noefs=0,fails=2941)  fails:3,525,747  wrgs:4,186,304  wck:1213.1  ngds:95,948
    run2,673  dpts:41..74  robin:PickOnDom-Rand  effs:256,020,792  asgs:(4429,noefs=0,fails=3089)  fails:3,528,836  wrgs:4,190,254  wck:1214.5  ngds:95,999
    run2,674  dpts:29..77  robin:WdegOnDom-First  effs:256,221,211  asgs:(3941,noefs=0,fails=3243)  fails:3,532,079  wrgs:4,193,961  wck:1215.6  ngds:96,034
    run2,675  dpts:40..141  robin:FrbaOnDom-Last  effs:256,478,882  asgs:(5536,noefs=2,fails=3405)  fails:3,535,484  wrgs:4,198,704  wck:1217.2  ngds:96,054
    run2,676  dpts:7..34  robin:Wdeg-Rand  effs:256,710,863  asgs:(4083,noefs=0,fails=3575)  fails:3,539,059  wrgs:4,202,698  wck:1218.4  ngds:96,122
    run2,677  dpts:52..99  robin:PickOnDom-First  effs:256,906,437  asgs:(4199,noefs=0,fails=3754)  fails:3,542,813  wrgs:4,206,766  wck:1219.5  ngds:96,178
    run2,678  dpts:16..78  robin:WdegOnDom-Last  effs:257,078,449  asgs:(4138,noefs=0,fails=3942)  fails:3,546,755  wrgs:4,210,875  wck:1220.1  ngds:96,195
    run2,679  dpts:12..104  robin:FrbaOnDom-Rand  effs:257,415,742  asgs:(6130,noefs=1,fails=4139)  fails:3,550,894  wrgs:4,216,354  wck:1221.9  ngds:96,225
    run2,680  dpts:5..14  robin:Wdeg-First  effs:257,598,846  asgs:(4762,noefs=0,fails=4346)  fails:3,555,240  wrgs:4,221,093  wck:1222.9  ngds:96,284
    run2,681  dpts:38..97  robin:PickOnDom-Last  effs:257,947,097  asgs:(6539,noefs=0,fails=4563)  fails:3,559,803  wrgs:4,227,006  wck:1224.8  ngds:96,328
    run2,682  dpts:39..50  robin:WdegOnDom-Rand  effs:258,258,537  asgs:(5371,noefs=0,fails=4792)  fails:3,564,595  wrgs:4,232,298  wck:1226.1  ngds:96,383
    run2,683  dpts:57..105  robin:FrbaOnDom-First  effs:258,585,501  asgs:(6470,noefs=1,fails=5031)  fails:3,569,626  wrgs:4,238,428  wck:1227.7  ngds:96,424
    run2,684  dpts:8..25  robin:Wdeg-Last  effs:258,948,307  asgs:(5989,noefs=0,fails=5283)  fails:3,574,909  wrgs:4,244,353  wck:1229.5  ngds:96,574
    run2,685  dpts:25..62  robin:PickOnDom-Rand  effs:259,423,933  asgs:(6961,noefs=0,fails=5547)  fails:3,580,456  wrgs:4,250,999  wck:1231.8  ngds:96,633
    run2,686  dpts:32..47  robin:WdegOnDom-First  effs:259,949,125  asgs:(6791,noefs=0,fails=5824)  fails:3,586,280  wrgs:4,257,658  wck:1234.2  ngds:96,769
    run2,687  dpts:9..114  robin:FrbaOnDom-Last  effs:260,359,784  asgs:(7827,noefs=0,fails=6116)  fails:3,592,396  wrgs:4,264,894  wck:1236.4  ngds:96,860
    run2,688  dpts:9..20  robin:Wdeg-Rand  effs:260,695,259  asgs:(6904,noefs=0,fails=6421)  fails:3,598,817  wrgs:4,271,771  wck:1238.0  ngds:96,952
    run2,689  dpts:103..145  robin:PickOnDom-First  effs:261,162,219  asgs:(8956,noefs=29,fails=6743)  fails:3,605,560  wrgs:4,280,283  wck:1240.2  ngds:96,982
    run2,690  dpts:36..57  robin:WdegOnDom-Last  effs:261,818,799  asgs:(8607,noefs=2,fails=7080)  fails:3,612,640  wrgs:4,288,646  wck:1243.6  ngds:97,031
    run2,691  dpts:28..51  robin:FrbaOnDom-Rand  effs:262,107,417  asgs:(7969,noefs=0,fails=7434)  fails:3,620,074  wrgs:4,296,507  wck:1245.0  ngds:97,087
    run2,692  dpts:5..18  robin:Wdeg-First  effs:262,826,409  asgs:(8914,noefs=0,fails=7805)  fails:3,627,879  wrgs:4,305,281  wck:1248.0  ngds:97,146
    run2,693  dpts:37..107  robin:PickOnDom-Last  effs:263,412,799  asgs:(11489,noefs=0,fails=8196)  fails:3,636,075  wrgs:4,315,753  wck:1251.4  ngds:97,212
    run2,694  dpts:38..54  robin:WdegOnDom-Rand  effs:263,943,835  asgs:(9662,noefs=0,fails=8606)  fails:3,644,681  wrgs:4,325,245  wck:1254.1  ngds:97,274
    run2,695  dpts:38..118  robin:FrbaOnDom-First  effs:264,536,110  asgs:(11555,noefs=0,fails=9036)  fails:3,653,717  wrgs:4,336,071  wck:1257.1  ngds:97,329
    run2,696  dpts:2..12  robin:Wdeg-Last  effs:265,083,868  asgs:(10474,noefs=0,fails=9488)  fails:3,663,205  wrgs:4,346,506  wck:1259.5  ngds:97,464
    run2,697  dpts:14..77  robin:PickOnDom-Rand  effs:265,880,014  asgs:(13693,noefs=0,fails=9962)  fails:3,673,167  wrgs:4,359,032  wck:1263.4  ngds:97,528
    run2,698  dpts:36..49  robin:WdegOnDom-First  effs:266,664,521  asgs:(12496,noefs=0,fails=10460)  fails:3,683,627  wrgs:4,371,086  wck:1267.3  ngds:97,590
    run2,699  dpts:26..87  robin:FrbaOnDom-Last  effs:267,744,318  asgs:(14527,noefs=0,fails=10983)  fails:3,694,610  wrgs:4,384,899  wck:1272.8  ngds:97,636
 ...resetting heuristics data (nValues:3,881 - nSingletons:187 - nEntailed:304)
    run2,700  dpts:30..44  robin:Wdeg-Rand  effs:268,573,030  asgs:(13179,noefs=0,fails=11532)  fails:3,706,142  wrgs:4,397,881  wck:1276.7  ngds:97,715
 ...resetting restart cutoff to 155
    run2,701  dpts:53..79  robin:PickOnDom-First  effs:268,588,847  asgs:(395,noefs=0,fails=155)  fails:3,706,297  wrgs:4,398,144  wck:1276.8  ngds:97,723
    run2,702  dpts:73..85  robin:WdegOnDom-Last  effs:268,604,886  asgs:(309,noefs=0,fails=162)  fails:3,706,459  wrgs:4,398,350  wck:1276.9  ngds:97,765
    run2,703  dpts:48..86  robin:FrbaOnDom-Rand  effs:268,625,189  asgs:(281,noefs=0,fails=170)  fails:3,706,629  wrgs:4,398,548  wck:1277.0  ngds:97,772
    run2,704  dpts:1..18  robin:Wdeg-First  effs:268,632,968  asgs:(208,noefs=0,fails=179)  fails:3,706,808  wrgs:4,398,741  wck:1277.1  ngds:97,810
    run2,705  dpts:3..81  robin:PickOnDom-Last  effs:268,648,273  asgs:(395,noefs=0,fails=188)  fails:3,706,996  wrgs:4,399,017  wck:1277.2  ngds:97,839
    run2,706  dpts:20..53  robin:WdegOnDom-Rand  effs:268,663,771  asgs:(325,noefs=0,fails=197)  fails:3,707,193  wrgs:4,399,264  wck:1277.3  ngds:97,876
    run2,707  dpts:56..163  robin:FrbaOnDom-First  effs:268,685,586  asgs:(471,noefs=1,fails=207)  fails:3,707,400  wrgs:4,399,569  wck:1277.5  ngds:97,885
    run2,708  dpts:9..17  robin:Wdeg-Last  effs:268,700,000  asgs:(262,noefs=0,fails=218)  fails:3,707,618  wrgs:4,399,814  wck:1277.6  ngds:97,918
    run2,709  dpts:48..62  robin:PickOnDom-Rand  effs:268,721,386  asgs:(405,noefs=0,fails=229)  fails:3,707,847  wrgs:4,400,133  wck:1277.7  ngds:97,939
    run2,710  dpts:20..41  robin:WdegOnDom-First  effs:268,741,288  asgs:(385,noefs=0,fails=240)  fails:3,708,087  wrgs:4,400,450  wck:1277.8  ngds:97,962
    run2,711  dpts:53..146  robin:FrbaOnDom-Last  effs:268,761,898  asgs:(601,noefs=0,fails=252)  fails:3,708,339  wrgs:4,400,861  wck:1277.9  ngds:98,025
    run2,712  dpts:14..17  robin:Wdeg-Rand  effs:268,777,449  asgs:(310,noefs=0,fails=265)  fails:3,708,604  wrgs:4,401,152  wck:1278.0  ngds:98,063
    run2,713  dpts:68..79  robin:PickOnDom-First  effs:268,808,302  asgs:(446,noefs=1,fails=278)  fails:3,708,882  wrgs:4,401,512  wck:1278.2  ngds:98,070
    run2,714  dpts:22..61  robin:WdegOnDom-Last  effs:268,825,384  asgs:(396,noefs=0,fails=292)  fails:3,709,174  wrgs:4,401,840  wck:1278.3  ngds:98,146
    run2,715  dpts:24..74  robin:FrbaOnDom-Rand  effs:268,841,937  asgs:(462,noefs=0,fails=306)  fails:3,709,480  wrgs:4,402,211  wck:1278.4  ngds:98,157
    run2,716  dpts:8..20  robin:Wdeg-First  effs:268,857,045  asgs:(359,noefs=0,fails=322)  fails:3,709,802  wrgs:4,402,553  wck:1278.5  ngds:98,210
    run2,717  dpts:39..73  robin:PickOnDom-Last  effs:268,877,102  asgs:(543,noefs=0,fails=338)  fails:3,710,140  wrgs:4,402,999  wck:1278.6  ngds:98,234
    run2,718  dpts:12..42  robin:WdegOnDom-Rand  effs:268,916,916  asgs:(512,noefs=0,fails=355)  fails:3,710,495  wrgs:4,403,444  wck:1278.8  ngds:98,271
    run2,719  dpts:30..137  robin:FrbaOnDom-First  effs:268,950,306  asgs:(837,noefs=0,fails=373)  fails:3,710,868  wrgs:4,404,047  wck:1279.0  ngds:98,295
    run2,720  dpts:12..39  robin:Wdeg-Last  effs:268,973,071  asgs:(486,noefs=0,fails=391)  fails:3,711,259  wrgs:4,404,491  wck:1279.2  ngds:98,354
    run2,721  dpts:20..39  robin:PickOnDom-Rand  effs:268,998,863  asgs:(521,noefs=0,fails=411)  fails:3,711,670  wrgs:4,404,960  wck:1279.3  ngds:98,373
    run2,722  dpts:37..70  robin:WdegOnDom-First  effs:269,035,198  asgs:(592,noefs=0,fails=431)  fails:3,712,101  wrgs:4,405,478  wck:1279.5  ngds:98,398
    run2,723  dpts:33..82  robin:FrbaOnDom-Last  effs:269,081,640  asgs:(710,noefs=0,fails=453)  fails:3,712,554  wrgs:4,406,081  wck:1279.7  ngds:98,411
    run2,724  dpts:9..12  robin:Wdeg-Rand  effs:269,113,191  asgs:(534,noefs=0,fails=476)  fails:3,713,030  wrgs:4,406,602  wck:1279.9  ngds:98,454
    run2,725  dpts:38..90  robin:PickOnDom-First  effs:269,145,773  asgs:(726,noefs=0,fails=499)  fails:3,713,529  wrgs:4,407,208  wck:1280.1  ngds:98,527
    run2,726  dpts:33..66  robin:WdegOnDom-Last  effs:269,210,939  asgs:(741,noefs=0,fails=524)  fails:3,714,053  wrgs:4,407,864  wck:1280.4  ngds:98,551
    run2,727  dpts:10..68  robin:FrbaOnDom-Rand  effs:269,253,462  asgs:(815,noefs=0,fails=551)  fails:3,714,604  wrgs:4,408,570  wck:1280.6  ngds:98,606
    run2,728  dpts:11..22  robin:Wdeg-First  effs:269,291,092  asgs:(665,noefs=0,fails=578)  fails:3,715,182  wrgs:4,409,213  wck:1280.8  ngds:98,672
    run2,729  dpts:10..102  robin:PickOnDom-Last  effs:269,330,571  asgs:(979,noefs=0,fails=607)  fails:3,715,789  wrgs:4,409,985  wck:1281.1  ngds:98,748
 ...resetting heuristics data (nValues:3,881 - nSingletons:187 - nEntailed:304)
    run2,730  dpts:22..46  robin:WdegOnDom-Rand  effs:269,359,276  asgs:(737,noefs=0,fails=638)  fails:3,716,427  wrgs:4,410,668  wck:1281.3  ngds:98,806
    run2,731  dpts:64..76  robin:FrbaOnDom-First  effs:269,400,252  asgs:(787,noefs=0,fails=669)  fails:3,717,096  wrgs:4,411,379  wck:1281.4  ngds:98,822
    run2,732  dpts:69..76  robin:Wdeg-Last  effs:269,453,294  asgs:(883,noefs=0,fails=703)  fails:3,717,799  wrgs:4,412,175  wck:1281.8  ngds:98,915
    run2,733  dpts:27..55  robin:PickOnDom-Rand  effs:269,508,408  asgs:(1040,noefs=0,fails=738)  fails:3,718,537  wrgs:4,413,109  wck:1282.1  ngds:98,944
    run2,734  dpts:42..51  robin:WdegOnDom-First  effs:269,562,872  asgs:(986,noefs=0,fails=775)  fails:3,719,312  wrgs:4,414,035  wck:1282.3  ngds:98,974
    run2,735  dpts:17..175  robin:FrbaOnDom-Last  effs:269,637,147  asgs:(1603,noefs=1,fails=814)  fails:3,720,126  wrgs:4,415,364  wck:1282.8  ngds:98,981
    run2,736  dpts:3..9  robin:Wdeg-Rand  effs:269,710,404  asgs:(916,noefs=0,fails=854)  fails:3,720,980  wrgs:4,416,273  wck:1283.0  ngds:99,046
    run2,737  dpts:43..59  robin:PickOnDom-First  effs:269,760,636  asgs:(1165,noefs=0,fails=897)  fails:3,721,877  wrgs:4,417,342  wck:1283.2  ngds:99,086
    run2,738  dpts:11..67  robin:WdegOnDom-Last  effs:269,834,946  asgs:(1234,noefs=0,fails=942)  fails:3,722,819  wrgs:4,418,468  wck:1283.7  ngds:99,138
    run2,739  dpts:8..99  robin:FrbaOnDom-Rand  effs:269,914,622  asgs:(1443,noefs=0,fails=989)  fails:3,723,808  wrgs:4,419,745  wck:1284.2  ngds:99,184
    run2,740  dpts:3..45  robin:Wdeg-First  effs:269,957,199  asgs:(1220,noefs=0,fails=1039)  fails:3,724,847  wrgs:4,420,908  wck:1284.5  ngds:99,204
    run2,741  dpts:2..80  robin:PickOnDom-Last  effs:270,022,511  asgs:(1596,noefs=0,fails=1091)  fails:3,725,938  wrgs:4,422,320  wck:1284.9  ngds:99,244
    run2,742  dpts:18..30  robin:WdegOnDom-Rand  effs:270,120,816  asgs:(1368,noefs=0,fails=1145)  fails:3,727,083  wrgs:4,423,634  wck:1285.4  ngds:99,294
    run2,743  dpts:37..101  robin:FrbaOnDom-First  effs:270,189,533  asgs:(1476,noefs=0,fails=1203)  fails:3,728,286  wrgs:4,425,001  wck:1285.7  ngds:99,299
    run2,744  dpts:10..30  robin:Wdeg-Last  effs:270,251,316  asgs:(1417,noefs=0,fails=1263)  fails:3,729,549  wrgs:4,426,390  wck:1286.1  ngds:99,376
    run2,745  dpts:7..69  robin:PickOnDom-Rand  effs:270,319,873  asgs:(1523,noefs=0,fails=1326)  fails:3,730,875  wrgs:4,427,827  wck:1286.4  ngds:99,404
    run2,746  dpts:54..68  robin:WdegOnDom-First  effs:270,405,529  asgs:(1722,noefs=0,fails=1392)  fails:3,732,267  wrgs:4,429,456  wck:1286.9  ngds:99,431
    run2,747  dpts:6..88  robin:FrbaOnDom-Last  effs:270,505,967  asgs:(1939,noefs=0,fails=1462)  fails:3,733,729  wrgs:4,431,274  wck:1287.4  ngds:99,479
    run2,748  dpts:9..16  robin:Wdeg-Rand  effs:270,601,940  asgs:(1658,noefs=0,fails=1535)  fails:3,735,264  wrgs:4,432,915  wck:1287.8  ngds:99,510
    run2,749  dpts:73..114  robin:PickOnDom-First  effs:270,685,853  asgs:(1996,noefs=0,fails=1612)  fails:3,736,876  wrgs:4,434,791  wck:1288.2  ngds:99,584
    run2,750  dpts:21..40  robin:WdegOnDom-Last  effs:270,848,114  asgs:(2065,noefs=0,fails=1692)  fails:3,738,568  wrgs:4,436,780  wck:1289.1  ngds:99,619
    run2,751  dpts:11..37  robin:FrbaOnDom-Rand  effs:270,937,855  asgs:(1990,noefs=1,fails=1777)  fails:3,740,345  wrgs:4,438,724  wck:1289.4  ngds:99,628
    run2,752  dpts:4..15  robin:Wdeg-First  effs:271,050,336  asgs:(2128,noefs=0,fails=1866)  fails:3,742,211  wrgs:4,440,806  wck:1290.1  ngds:99,698
    run2,753  dpts:27..91  robin:PickOnDom-Last  effs:271,150,294  asgs:(2393,noefs=0,fails=1959)  fails:3,744,170  wrgs:4,443,051  wck:1290.6  ngds:99,745
    run2,754  dpts:22..50  robin:WdegOnDom-Rand  effs:271,322,317  asgs:(2486,noefs=0,fails=2057)  fails:3,746,227  wrgs:4,445,428  wck:1291.4  ngds:99,760
    run2,755  dpts:42..119  robin:FrbaOnDom-First  effs:271,447,007  asgs:(2562,noefs=0,fails=2160)  fails:3,748,387  wrgs:4,447,849  wck:1292.1  ngds:99,844
    run2,756  dpts:1..18  robin:Wdeg-Last  effs:271,545,184  asgs:(2505,noefs=0,fails=2268)  fails:3,750,655  wrgs:4,450,334  wck:1292.7  ngds:99,903
    run2,757  dpts:37..53  robin:PickOnDom-Rand  effs:271,711,508  asgs:(2792,noefs=0,fails=2381)  fails:3,753,036  wrgs:4,453,003  wck:1293.3  ngds:99,939
    run2,758  dpts:10..74  robin:WdegOnDom-First  effs:271,895,869  asgs:(3105,noefs=0,fails=2501)  fails:3,755,537  wrgs:4,455,997  wck:1294.2  ngds:99,989
    run2,759  dpts:11..108  robin:FrbaOnDom-Last  effs:272,051,891  asgs:(3363,noefs=0,fails=2626)  fails:3,758,163  wrgs:4,459,131  wck:1295.0  ngds:100,013
 ...resetting heuristics data (nValues:3,881 - nSingletons:187 - nEntailed:304)
    run2,760  dpts:44..55  robin:Wdeg-Rand  effs:272,187,095  asgs:(3007,noefs=0,fails=2757)  fails:3,760,920  wrgs:4,462,074  wck:1295.7  ngds:100,069
    run2,761  dpts:53..87  robin:PickOnDom-First  effs:272,368,174  asgs:(3722,noefs=1,fails=2895)  fails:3,763,815  wrgs:4,465,587  wck:1296.8  ngds:100,083
    run2,762  dpts:72..89  robin:WdegOnDom-Last  effs:272,612,703  asgs:(3967,noefs=0,fails=3040)  fails:3,766,855  wrgs:4,469,207  wck:1298.1  ngds:100,138
    run2,763  dpts:10..93  robin:FrbaOnDom-Rand  effs:272,926,090  asgs:(5941,noefs=3,fails=3192)  fails:3,770,047  wrgs:4,474,021  wck:1300.1  ngds:100,167
    run2,764  dpts:27..42  robin:Wdeg-First  effs:273,111,626  asgs:(3791,noefs=0,fails=3351)  fails:3,773,398  wrgs:4,477,736  wck:1301.2  ngds:100,188
    run2,765  dpts:6..84  robin:PickOnDom-Last  effs:273,376,117  asgs:(5583,noefs=0,fails=3519)  fails:3,776,917  wrgs:4,482,629  wck:1302.9  ngds:100,220
    run2,766  dpts:15..47  robin:WdegOnDom-Rand  effs:273,579,020  asgs:(4109,noefs=0,fails=3695)  fails:3,780,612  wrgs:4,486,632  wck:1304.1  ngds:100,257
    run2,767  dpts:60..136  robin:FrbaOnDom-First  effs:273,889,743  asgs:(5780,noefs=1,fails=3879)  fails:3,784,491  wrgs:4,491,667  wck:1305.5  ngds:100,279
    run2,768  dpts:6..15  robin:Wdeg-Last  effs:274,100,693  asgs:(4440,noefs=0,fails=4073)  fails:3,788,564  wrgs:4,496,086  wck:1306.7  ngds:100,359
    run2,769  dpts:27..69  robin:PickOnDom-Rand  effs:274,398,751  asgs:(5415,noefs=0,fails=4277)  fails:3,792,841  wrgs:4,501,213  wck:1308.1  ngds:100,399
    run2,770  dpts:109..124  robin:WdegOnDom-First  effs:274,709,583  asgs:(5408,noefs=0,fails=4491)  fails:3,797,332  wrgs:4,506,398  wck:1309.5  ngds:100,446
    run2,771  dpts:16..81  robin:FrbaOnDom-Last  effs:275,103,935  asgs:(5775,noefs=0,fails=4716)  fails:3,802,048  wrgs:4,511,962  wck:1311.6  ngds:100,512
    run2,772  dpts:10..24  robin:Wdeg-Rand  effs:275,456,217  asgs:(5509,noefs=0,fails=4951)  fails:3,806,999  wrgs:4,517,418  wck:1313.1  ngds:100,596
    run2,773  dpts:91..128  robin:PickOnDom-First  effs:276,037,217  asgs:(7065,noefs=0,fails=5199)  fails:3,812,198  wrgs:4,524,034  wck:1316.0  ngds:100,624
    run2,774  dpts:37..47  robin:WdegOnDom-Last  effs:276,318,756  asgs:(6189,noefs=0,fails=5459)  fails:3,817,657  wrgs:4,530,039  wck:1317.2  ngds:100,666
    run2,775  dpts:34..95  robin:FrbaOnDom-Rand  effs:276,752,166  asgs:(8123,noefs=0,fails=5732)  fails:3,823,389  wrgs:4,537,432  wck:1319.4  ngds:100,748
    run2,776  dpts:3..12  robin:Wdeg-First  effs:277,074,783  asgs:(6420,noefs=0,fails=6019)  fails:3,829,408  wrgs:4,543,833  wck:1320.9  ngds:100,807
    run2,777  dpts:51..105  robin:PickOnDom-Last  effs:277,626,034  asgs:(8771,noefs=0,fails=6320)  fails:3,835,728  wrgs:4,551,997  wck:1323.8  ngds:100,857
    run2,778  dpts:33..47  robin:WdegOnDom-Rand  effs:278,050,107  asgs:(7606,noefs=0,fails=6636)  fails:3,842,364  wrgs:4,559,396  wck:1325.5  ngds:100,875
    run2,779  dpts:50..105  robin:FrbaOnDom-First  effs:278,577,879  asgs:(8642,noefs=0,fails=6967)  fails:3,849,331  wrgs:4,567,467  wck:1328.4  ngds:100,915
    run2,780  dpts:8..17  robin:Wdeg-Last  effs:278,924,584  asgs:(7888,noefs=0,fails=7316)  fails:3,856,647  wrgs:4,575,306  wck:1329.7  ngds:100,982
    run2,781  dpts:21..59  robin:PickOnDom-Rand  effs:279,555,592  asgs:(9643,noefs=0,fails=7682)  fails:3,864,329  wrgs:4,584,488  wck:1333.2  ngds:101,002
    run2,782  dpts:44..70  robin:WdegOnDom-First  effs:280,089,856  asgs:(9689,noefs=0,fails=8066)  fails:3,872,395  wrgs:4,593,860  wck:1336.3  ngds:101,153
    run2,783  dpts:17..79  robin:FrbaOnDom-Last  effs:281,018,401  asgs:(11026,noefs=0,fails=8469)  fails:3,880,864  wrgs:4,604,231  wck:1341.2  ngds:101,209
    run2,784  dpts:5..22  robin:Wdeg-Rand  effs:281,633,303  asgs:(9865,noefs=0,fails=8892)  fails:3,889,756  wrgs:4,614,034  wck:1344.5  ngds:101,302
    run2,785  dpts:42..112  robin:PickOnDom-First  effs:282,917,892  asgs:(13338,noefs=0,fails=9337)  fails:3,899,093  wrgs:4,626,637  wck:1351.1  ngds:101,330
    run2,786  dpts:48..82  robin:WdegOnDom-Last  effs:283,739,656  asgs:(12358,noefs=0,fails=9804)  fails:3,908,897  wrgs:4,638,421  wck:1355.1  ngds:101,436
    run2,787  dpts:8..82  robin:FrbaOnDom-Rand  effs:284,523,919  asgs:(12688,noefs=0,fails=10294)  fails:3,919,191  wrgs:4,650,505  wck:1359.3  ngds:101,461
    run2,788  dpts:3..22  robin:Wdeg-First  effs:285,325,813  asgs:(12682,noefs=0,fails=10809)  fails:3,930,000  wrgs:4,662,998  wck:1363.6  ngds:101,646
    run2,789  dpts:101..125  robin:PickOnDom-Last  effs:286,389,155  asgs:(14506,noefs=0,fails=11349)  fails:3,941,349  wrgs:4,676,964  wck:1367.9  ngds:101,690
 ...resetting heuristics data (nValues:3,881 - nSingletons:187 - nEntailed:304)
    run2,790  dpts:29..49  robin:WdegOnDom-Rand  effs:287,230,796  asgs:(13779,noefs=0,fails=11917)  fails:3,953,266  wrgs:4,690,382  wck:1372.7  ngds:101,753
 ...resetting restart cutoff to 160
    run2,791  dpts:66..118  robin:FrbaOnDom-First  effs:287,241,939  asgs:(281,noefs=0,fails=160)  fails:3,953,426  wrgs:4,690,560  wck:1372.8  ngds:101,757
    run2,792  dpts:78..86  robin:Wdeg-Last  effs:287,250,910  asgs:(273,noefs=0,fails=168)  fails:3,953,594  wrgs:4,690,749  wck:1372.9  ngds:101,821
    run2,793  dpts:27..50  robin:PickOnDom-Rand  effs:287,265,530  asgs:(274,noefs=0,fails=176)  fails:3,953,770  wrgs:4,690,963  wck:1373.0  ngds:101,841
    run2,794  dpts:45..49  robin:WdegOnDom-First  effs:287,280,951  asgs:(265,noefs=0,fails=185)  fails:3,953,955  wrgs:4,691,182  wck:1373.1  ngds:101,861
    run2,795  dpts:55..129  robin:FrbaOnDom-Last  effs:287,298,409  asgs:(429,noefs=0,fails=194)  fails:3,954,149  wrgs:4,691,474  wck:1373.2  ngds:101,896
    run2,796  dpts:9..44  robin:Wdeg-Rand  effs:287,311,612  asgs:(264,noefs=0,fails=204)  fails:3,954,353  wrgs:4,691,693  wck:1373.3  ngds:101,924
    run2,797  dpts:47..87  robin:PickOnDom-First  effs:287,328,232  asgs:(410,noefs=0,fails=214)  fails:3,954,567  wrgs:4,691,990  wck:1373.4  ngds:101,952
    run2,798  dpts:41..49  robin:WdegOnDom-Last  effs:287,343,717  asgs:(291,noefs=0,fails=225)  fails:3,954,792  wrgs:4,692,234  wck:1373.5  ngds:102,009
    run2,799  dpts:15..93  robin:FrbaOnDom-Rand  effs:287,365,069  asgs:(564,noefs=0,fails=236)  fails:3,955,028  wrgs:4,692,653  wck:1373.7  ngds:102,024
    run2,800  dpts:3..19  robin:Wdeg-First  effs:287,385,596  asgs:(296,noefs=0,fails=248)  fails:3,955,276  wrgs:4,692,937  wck:1373.8  ngds:102,046
    run2,801  dpts:13..33  robin:PickOnDom-Last  effs:287,401,803  asgs:(304,noefs=0,fails=260)  fails:3,955,536  wrgs:4,693,216  wck:1373.8  ngds:102,057
    run2,802  dpts:22..32  robin:WdegOnDom-Rand  effs:287,416,358  asgs:(305,noefs=0,fails=273)  fails:3,955,809  wrgs:4,693,498  wck:1373.9  ngds:102,064
    run2,803  dpts:30..101  robin:FrbaOnDom-First  effs:287,444,346  asgs:(746,noefs=0,fails=287)  fails:3,956,096  wrgs:4,693,977  wck:1374.1  ngds:102,078
    run2,804  dpts:4..11  robin:Wdeg-Last  effs:287,459,869  asgs:(327,noefs=0,fails=301)  fails:3,956,397  wrgs:4,694,298  wck:1374.1  ngds:102,088
    run2,805  dpts:45..65  robin:PickOnDom-Rand  effs:287,484,547  asgs:(412,noefs=0,fails=316)  fails:3,956,713  wrgs:4,694,652  wck:1374.3  ngds:102,097
    run2,806  dpts:45..52  robin:WdegOnDom-First  effs:287,511,175  asgs:(438,noefs=0,fails=332)  fails:3,957,045  wrgs:4,695,040  wck:1374.4  ngds:102,121
    run2,807  dpts:13..83  robin:FrbaOnDom-Last  effs:287,530,574  asgs:(466,noefs=0,fails=349)  fails:3,957,394  wrgs:4,695,434  wck:1374.5  ngds:102,160
    run2,808  dpts:7..33  robin:Wdeg-Rand  effs:287,548,405  asgs:(414,noefs=0,fails=366)  fails:3,957,760  wrgs:4,695,813  wck:1374.6  ngds:102,237
    run2,809  dpts:35..74  robin:PickOnDom-First  effs:287,569,986  asgs:(542,noefs=0,fails=385)  fails:3,958,145  wrgs:4,696,290  wck:1374.7  ngds:102,288
    run2,810  dpts:44..52  robin:WdegOnDom-Last  effs:287,598,784  asgs:(529,noefs=0,fails=404)  fails:3,958,549  wrgs:4,696,762  wck:1374.9  ngds:102,327
    run2,811  dpts:7..90  robin:FrbaOnDom-Rand  effs:287,633,573  asgs:(753,noefs=0,fails=424)  fails:3,958,973  wrgs:4,697,371  wck:1375.1  ngds:102,399
    run2,812  dpts:11..22  robin:Wdeg-First  effs:287,653,552  asgs:(544,noefs=0,fails=445)  fails:3,959,418  wrgs:4,697,898  wck:1375.3  ngds:102,448
    run2,813  dpts:15..46  robin:PickOnDom-Last  effs:287,670,043  asgs:(573,noefs=0,fails=468)  fails:3,959,886  wrgs:4,698,429  wck:1375.4  ngds:102,488
    run2,814  dpts:28..34  robin:WdegOnDom-Rand  effs:287,700,626  asgs:(574,noefs=0,fails=491)  fails:3,960,377  wrgs:4,698,969  wck:1375.5  ngds:102,512
    run2,815  dpts:18..95  robin:FrbaOnDom-First  effs:287,735,226  asgs:(819,noefs=0,fails=516)  fails:3,960,893  wrgs:4,699,666  wck:1375.7  ngds:102,540
    run2,816  dpts:14..19  robin:Wdeg-Last  effs:287,760,889  asgs:(595,noefs=0,fails=541)  fails:3,961,434  wrgs:4,700,241  wck:1375.9  ngds:102,583
    run2,817  dpts:18..32  robin:PickOnDom-Rand  effs:287,794,325  asgs:(707,noefs=0,fails=568)  fails:3,962,002  wrgs:4,700,887  wck:1376.0  ngds:102,605
    run2,818  dpts:43..78  robin:WdegOnDom-First  effs:287,831,358  asgs:(875,noefs=0,fails=597)  fails:3,962,599  wrgs:4,701,624  wck:1376.3  ngds:102,641
    run2,819  dpts:6..140  robin:FrbaOnDom-Last  effs:287,870,767  asgs:(1051,noefs=0,fails=627)  fails:3,963,226  wrgs:4,702,512  wck:1376.5  ngds:102,700
 ...resetting heuristics data (nValues:3,881 - nSingletons:187 - nEntailed:304)
    run2,820  dpts:29..37  robin:Wdeg-Rand  effs:287,925,916  asgs:(784,noefs=0,fails=658)  fails:3,963,884  wrgs:4,703,256  wck:1376.8  ngds:102,715
    run2,821  dpts:52..90  robin:PickOnDom-First  effs:287,973,875  asgs:(1047,noefs=0,fails=691)  fails:3,964,575  wrgs:4,704,158  wck:1377.1  ngds:102,726
    run2,822  dpts:74..85  robin:WdegOnDom-Last  effs:288,029,767  asgs:(982,noefs=0,fails=726)  fails:3,965,301  wrgs:4,705,013  wck:1377.5  ngds:102,761
    run2,823  dpts:35..120  robin:FrbaOnDom-Rand  effs:288,131,688  asgs:(1963,noefs=0,fails=762)  fails:3,966,063  wrgs:4,706,540  wck:1378.1  ngds:102,775
    run2,824  dpts:2..39  robin:Wdeg-First  effs:288,165,399  asgs:(887,noefs=0,fails=800)  fails:3,966,863  wrgs:4,707,386  wck:1378.4  ngds:102,886
    run2,825  dpts:25..55  robin:PickOnDom-Last  effs:288,267,285  asgs:(1530,noefs=0,fails=840)  fails:3,967,703  wrgs:4,708,636  wck:1379.0  ngds:102,896
    run2,826  dpts:8..56  robin:WdegOnDom-Rand  effs:288,325,424  asgs:(1238,noefs=0,fails=882)  fails:3,968,585  wrgs:4,709,720  wck:1379.5  ngds:102,947
    run2,827  dpts:55..147  robin:FrbaOnDom-First  effs:288,398,986  asgs:(1636,noefs=0,fails=926)  fails:3,969,511  wrgs:4,711,077  wck:1379.9  ngds:102,954
    run2,828  dpts:2..13  robin:Wdeg-Last  effs:288,440,123  asgs:(1115,noefs=0,fails=973)  fails:3,970,484  wrgs:4,712,180  wck:1380.2  ngds:102,999
    run2,829  dpts:14..62  robin:PickOnDom-Rand  effs:288,502,215  asgs:(1219,noefs=0,fails=1021)  fails:3,971,505  wrgs:4,713,320  wck:1380.5  ngds:103,040
    run2,830  dpts:41..68  robin:WdegOnDom-First  effs:288,577,274  asgs:(1310,noefs=0,fails=1072)  fails:3,972,577  wrgs:4,714,550  wck:1380.9  ngds:103,072
    run2,831  dpts:13..117  robin:FrbaOnDom-Last  effs:288,655,534  asgs:(1522,noefs=0,fails=1126)  fails:3,973,703  wrgs:4,715,904  wck:1381.3  ngds:103,093
    run2,832  dpts:5..17  robin:Wdeg-Rand  effs:288,720,419  asgs:(1252,noefs=0,fails=1182)  fails:3,974,885  wrgs:4,717,139  wck:1381.6  ngds:103,234
    run2,833  dpts:81..100  robin:PickOnDom-First  effs:288,794,308  asgs:(1467,noefs=0,fails=1241)  fails:3,976,126  wrgs:4,718,499  wck:1381.9  ngds:103,280
    run2,834  dpts:36..59  robin:WdegOnDom-Last  effs:288,870,550  asgs:(1550,noefs=0,fails=1303)  fails:3,977,429  wrgs:4,719,958  wck:1382.3  ngds:103,312
    run2,835  dpts:18..75  robin:FrbaOnDom-Rand  effs:288,972,312  asgs:(1810,noefs=0,fails=1369)  fails:3,978,798  wrgs:4,721,628  wck:1382.8  ngds:103,338
    run2,836  dpts:5..11  robin:Wdeg-First  effs:289,029,327  asgs:(1527,noefs=0,fails=1437)  fails:3,980,235  wrgs:4,723,146  wck:1383.1  ngds:103,358
    run2,837  dpts:74..100  robin:PickOnDom-Last  effs:289,204,345  asgs:(1993,noefs=0,fails=1509)  fails:3,981,744  wrgs:4,724,958  wck:1384.1  ngds:103,376
    run2,838  dpts:16..33  robin:WdegOnDom-Rand  effs:289,370,812  asgs:(2030,noefs=0,fails=1584)  fails:3,983,328  wrgs:4,726,913  wck:1385.1  ngds:103,437
    run2,839  dpts:42..106  robin:FrbaOnDom-First  effs:289,507,100  asgs:(2355,noefs=0,fails=1664)  fails:3,984,992  wrgs:4,729,023  wck:1385.8  ngds:103,461
    run2,840  dpts:4..19  robin:Wdeg-Last  effs:289,608,767  asgs:(1877,noefs=0,fails=1747)  fails:3,986,739  wrgs:4,730,880  wck:1386.3  ngds:103,549
    run2,841  dpts:25..49  robin:PickOnDom-Rand  effs:289,759,701  asgs:(2252,noefs=0,fails=1834)  fails:3,988,573  wrgs:4,732,989  wck:1387.1  ngds:103,578
    run2,842  dpts:36..58  robin:WdegOnDom-First  effs:289,917,064  asgs:(2477,noefs=0,fails=1926)  fails:3,990,499  wrgs:4,735,321  wck:1388.0  ngds:103,630
    run2,843  dpts:16..105  robin:FrbaOnDom-Last  effs:290,035,988  asgs:(2517,noefs=1,fails=2022)  fails:3,992,521  wrgs:4,737,660  wck:1388.5  ngds:103,674
    run2,844  dpts:4..23  robin:Wdeg-Rand  effs:290,210,879  asgs:(2429,noefs=0,fails=2123)  fails:3,994,644  wrgs:4,740,037  wck:1389.5  ngds:103,735
    run2,845  dpts:40..90  robin:PickOnDom-First  effs:290,405,846  asgs:(3236,noefs=0,fails=2230)  fails:3,996,874  wrgs:4,742,909  wck:1390.6  ngds:103,780
    run2,846  dpts:31..38  robin:WdegOnDom-Last  effs:290,509,781  asgs:(2542,noefs=0,fails=2341)  fails:3,999,215  wrgs:4,745,414  wck:1391.0  ngds:103,787
    run2,847  dpts:26..84  robin:FrbaOnDom-Rand  effs:290,702,155  asgs:(3245,noefs=0,fails=2458)  fails:4,001,673  wrgs:4,748,425  wck:1392.0  ngds:103,873
    run2,848  dpts:4..21  robin:Wdeg-First  effs:290,848,484  asgs:(2899,noefs=0,fails=2581)  fails:4,004,254  wrgs:4,751,282  wck:1392.8  ngds:103,985
    run2,849  dpts:12..115  robin:PickOnDom-Last  effs:291,124,735  asgs:(4029,noefs=0,fails=2710)  fails:4,006,964  wrgs:4,754,953  wck:1394.5  ngds:104,012
 ...resetting heuristics data (nValues:3,881 - nSingletons:187 - nEntailed:304)
    run2,850  dpts:26..56  robin:WdegOnDom-Rand  effs:291,313,469  asgs:(3211,noefs=0,fails=2846)  fails:4,009,810  wrgs:4,758,054  wck:1395.6  ngds:104,044
    run2,851  dpts:44..160  robin:FrbaOnDom-First  effs:291,633,233  asgs:(4515,noefs=0,fails=2988)  fails:4,012,798  wrgs:4,761,917  wck:1397.3  ngds:104,068
    run2,852  dpts:69..81  robin:Wdeg-Last  effs:291,899,035  asgs:(3742,noefs=0,fails=3138)  fails:4,015,936  wrgs:4,765,510  wck:1398.8  ngds:104,106
    run2,853  dpts:42..63  robin:PickOnDom-Rand  effs:292,173,471  asgs:(4538,noefs=0,fails=3295)  fails:4,019,231  wrgs:4,769,636  wck:1400.4  ngds:104,154
    run2,854  dpts:51..63  robin:WdegOnDom-First  effs:292,508,208  asgs:(4268,noefs=0,fails=3459)  fails:4,022,690  wrgs:4,773,776  wck:1401.8  ngds:104,201
    run2,855  dpts:48..121  robin:FrbaOnDom-Last  effs:292,773,635  asgs:(5511,noefs=0,fails=3632)  fails:4,026,322  wrgs:4,778,417  wck:1403.3  ngds:104,243
    run2,856  dpts:4..40  robin:Wdeg-Rand  effs:292,987,173  asgs:(4127,noefs=0,fails=3814)  fails:4,030,136  wrgs:4,782,492  wck:1404.4  ngds:104,308
    run2,857  dpts:48..97  robin:PickOnDom-First  effs:293,232,467  asgs:(5318,noefs=0,fails=4005)  fails:4,034,141  wrgs:4,787,328  wck:1405.9  ngds:104,367
    run2,858  dpts:28..69  robin:WdegOnDom-Last  effs:293,579,966  asgs:(5465,noefs=0,fails=4205)  fails:4,038,346  wrgs:4,792,501  wck:1407.8  ngds:104,459
    run2,859  dpts:33..101  robin:FrbaOnDom-Rand  effs:293,889,690  asgs:(6075,noefs=0,fails=4415)  fails:4,042,761  wrgs:4,798,104  wck:1409.6  ngds:104,488
    run2,860  dpts:3..19  robin:Wdeg-First  effs:294,163,118  asgs:(5203,noefs=0,fails=4636)  fails:4,047,397  wrgs:4,803,274  wck:1411.1  ngds:104,600
    run2,861  dpts:61..110  robin:PickOnDom-Last  effs:294,690,384  asgs:(6818,noefs=0,fails=4868)  fails:4,052,265  wrgs:4,809,575  wck:1414.0  ngds:104,628
    run2,862  dpts:30..63  robin:WdegOnDom-Rand  effs:295,023,727  asgs:(5899,noefs=0,fails=5111)  fails:4,057,376  wrgs:4,815,315  wck:1415.6  ngds:104,662
    run2,863  dpts:14..123  robin:FrbaOnDom-First  effs:295,389,635  asgs:(6704,noefs=1,fails=5367)  fails:4,062,743  wrgs:4,821,606  wck:1417.4  ngds:104,789
    run2,864  dpts:3..11  robin:Wdeg-Last  effs:295,640,250  asgs:(6007,noefs=0,fails=5635)  fails:4,068,378  wrgs:4,827,594  wck:1418.8  ngds:104,879
    run2,865  dpts:20..58  robin:PickOnDom-Rand  effs:296,081,511  asgs:(8247,noefs=0,fails=5917)  fails:4,074,295  wrgs:4,835,024  wck:1421.1  ngds:104,898
    run2,866  dpts:62..98  robin:WdegOnDom-First  effs:296,531,682  asgs:(7140,noefs=0,fails=6213)  fails:4,080,508  wrgs:4,841,987  wck:1423.0  ngds:104,945
    run2,867  dpts:2..93  robin:FrbaOnDom-Last  effs:297,006,863  asgs:(8576,noefs=1,fails=6523)  fails:4,087,031  wrgs:4,849,904  wck:1425.5  ngds:105,050
    run2,868  dpts:4..20  robin:Wdeg-Rand  effs:297,509,809  asgs:(7753,noefs=0,fails=6850)  fails:4,093,881  wrgs:4,857,574  wck:1428.1  ngds:105,164
    run2,869  dpts:33..93  robin:PickOnDom-First  effs:298,112,553  asgs:(8788,noefs=0,fails=7192)  fails:4,101,073  wrgs:4,865,941  wck:1431.4  ngds:105,223
    run2,870  dpts:25..51  robin:WdegOnDom-Last  effs:298,892,267  asgs:(8847,noefs=0,fails=7552)  fails:4,108,625  wrgs:4,874,406  wck:1435.6  ngds:105,284
    run2,871  dpts:26..62  robin:FrbaOnDom-Rand  effs:299,482,323  asgs:(9806,noefs=0,fails=7929)  fails:4,116,554  wrgs:4,883,709  wck:1438.8  ngds:105,379
    run2,872  dpts:10..18  robin:Wdeg-First  effs:299,880,015  asgs:(9243,noefs=0,fails=8326)  fails:4,124,880  wrgs:4,892,910  wck:1441.0  ngds:105,502
    run2,873  dpts:10..111  robin:PickOnDom-Last  effs:300,533,751  asgs:(12616,noefs=0,fails=8742)  fails:4,133,622  wrgs:4,904,417  wck:1444.9  ngds:105,553
    run2,874  dpts:25..59  robin:WdegOnDom-Rand  effs:301,329,054  asgs:(10226,noefs=0,fails=9179)  fails:4,142,801  wrgs:4,914,499  wck:1448.4  ngds:105,617
    run2,875  dpts:23..130  robin:FrbaOnDom-First  effs:301,975,263  asgs:(12683,noefs=0,fails=9638)  fails:4,152,439  wrgs:4,926,188  wck:1451.9  ngds:105,663
    run2,876  dpts:3..20  robin:Wdeg-Last  effs:302,580,525  asgs:(11253,noefs=0,fails=10120)  fails:4,162,559  wrgs:4,937,342  wck:1454.9  ngds:105,807
    run2,877  dpts:8..60  robin:PickOnDom-Rand  effs:303,193,684  asgs:(12939,noefs=4,fails=10626)  fails:4,173,185  wrgs:4,949,597  wck:1459.1  ngds:105,871
    run2,878  dpts:42..59  robin:WdegOnDom-First  effs:304,088,804  asgs:(12872,noefs=0,fails=11158)  fails:4,184,343  wrgs:4,962,154  wck:1463.5  ngds:105,924
    run2,879  dpts:33..83  robin:FrbaOnDom-Last  effs:304,880,831  asgs:(14199,noefs=0,fails=11715)  fails:4,196,058  wrgs:4,975,530  wck:1467.4  ngds:105,985
 ...resetting heuristics data (nValues:3,881 - nSingletons:187 - nEntailed:304)
    run2,880  dpts:34..46  robin:Wdeg-Rand  effs:305,587,589  asgs:(13212,noefs=0,fails=12301)  fails:4,208,359  wrgs:4,988,674  wck:1471.1  ngds:106,024
 ...resetting restart cutoff to 165
    run2,881  dpts:54..70  robin:PickOnDom-First  effs:305,605,935  asgs:(272,noefs=0,fails=165)  fails:4,208,524  wrgs:4,988,877  wck:1471.3  ngds:106,057
    run2,882  dpts:72..84  robin:WdegOnDom-Last  effs:305,618,322  asgs:(297,noefs=0,fails=173)  fails:4,208,697  wrgs:4,989,079  wck:1471.4  ngds:106,072
    run2,883  dpts:35..42  robin:FrbaOnDom-Rand  effs:305,625,854  asgs:(223,noefs=0,fails=181)  fails:4,208,878  wrgs:4,989,266  wck:1471.4  ngds:106,089
    run2,884  dpts:2..37  robin:Wdeg-First  effs:305,633,146  asgs:(240,noefs=0,fails=191)  fails:4,209,069  wrgs:4,989,470  wck:1471.5  ngds:106,146
    run2,885  dpts:29..57  robin:PickOnDom-Last  effs:305,652,443  asgs:(316,noefs=0,fails=200)  fails:4,209,269  wrgs:4,989,730  wck:1471.6  ngds:106,157
    run2,886  dpts:16..48  robin:WdegOnDom-Rand  effs:305,669,922  asgs:(373,noefs=0,fails=210)  fails:4,209,479  wrgs:4,990,007  wck:1471.8  ngds:106,162
    run2,887  dpts:74..153  robin:FrbaOnDom-First  effs:305,695,230  asgs:(559,noefs=0,fails=221)  fails:4,209,700  wrgs:4,990,372  wck:1471.9  ngds:106,174
    run2,888  dpts:2..29  robin:Wdeg-Last  effs:305,705,301  asgs:(275,noefs=0,fails=232)  fails:4,209,932  wrgs:4,990,625  wck:1472.0  ngds:106,253
    run2,889  dpts:23..35  robin:PickOnDom-Rand  effs:305,722,360  asgs:(393,noefs=0,fails=243)  fails:4,210,175  wrgs:4,990,945  wck:1472.1  ngds:106,280
    run2,890  dpts:79..90  robin:WdegOnDom-First  effs:305,740,488  asgs:(401,noefs=0,fails=255)  fails:4,210,430  wrgs:4,991,248  wck:1472.2  ngds:106,324
    run2,891  dpts:31..139  robin:FrbaOnDom-Last  effs:305,759,168  asgs:(515,noefs=0,fails=268)  fails:4,210,698  wrgs:4,991,578  wck:1472.4  ngds:106,358
    run2,892  dpts:1..23  robin:Wdeg-Rand  effs:305,780,559  asgs:(337,noefs=0,fails=282)  fails:4,210,980  wrgs:4,991,895  wck:1472.5  ngds:106,391
    run2,893  dpts:44..98  robin:PickOnDom-First  effs:305,804,151  asgs:(452,noefs=1,fails=296)  fails:4,211,276  wrgs:4,992,249  wck:1472.6  ngds:106,406
    run2,894  dpts:21..40  robin:WdegOnDom-Last  effs:305,820,587  asgs:(382,noefs=0,fails=311)  fails:4,211,587  wrgs:4,992,605  wck:1472.7  ngds:106,434
    run2,895  dpts:13..65  robin:FrbaOnDom-Rand  effs:305,836,927  asgs:(416,noefs=0,fails=326)  fails:4,211,913  wrgs:4,992,979  wck:1472.8  ngds:106,458
    run2,896  dpts:3..15  robin:Wdeg-First  effs:305,851,658  asgs:(382,noefs=0,fails=343)  fails:4,212,256  wrgs:4,993,344  wck:1472.9  ngds:106,515
    run2,897  dpts:2..18  robin:PickOnDom-Last  effs:305,874,657  asgs:(496,noefs=0,fails=360)  fails:4,212,616  wrgs:4,993,790  wck:1473.0  ngds:106,536
    run2,898  dpts:36..45  robin:WdegOnDom-Rand  effs:305,894,290  asgs:(464,noefs=0,fails=378)  fails:4,212,994  wrgs:4,994,211  wck:1473.1  ngds:106,567
    run2,899  dpts:25..121  robin:FrbaOnDom-First  effs:305,925,348  asgs:(743,noefs=0,fails=397)  fails:4,213,391  wrgs:4,994,847  wck:1473.3  ngds:106,581
    run2,900  dpts:3..12  robin:Wdeg-Last  effs:305,954,827  asgs:(516,noefs=0,fails=416)  fails:4,213,807  wrgs:4,995,351  wck:1473.5  ngds:106,608
    run2,901  dpts:6..71  robin:PickOnDom-Rand  effs:305,982,579  asgs:(646,noefs=0,fails=437)  fails:4,214,244  wrgs:4,995,897  wck:1473.7  ngds:106,623
    run2,902  dpts:18..48  robin:WdegOnDom-First  effs:306,008,845  asgs:(574,noefs=0,fails=459)  fails:4,214,703  wrgs:4,996,411  wck:1473.8  ngds:106,737
    run2,903  dpts:97..115  robin:FrbaOnDom-Last  effs:306,037,687  asgs:(861,noefs=0,fails=482)  fails:4,215,185  wrgs:4,997,106  wck:1474.0  ngds:106,763
    run2,904  dpts:4..17  robin:Wdeg-Rand  effs:306,078,820  asgs:(607,noefs=0,fails=506)  fails:4,215,691  wrgs:4,997,689  wck:1474.3  ngds:106,808
    run2,905  dpts:37..95  robin:PickOnDom-First  effs:306,121,753  asgs:(772,noefs=0,fails=532)  fails:4,216,223  wrgs:4,998,338  wck:1474.5  ngds:106,825
    run2,906  dpts:32..51  robin:WdegOnDom-Last  effs:306,165,467  asgs:(737,noefs=0,fails=558)  fails:4,216,781  wrgs:4,999,027  wck:1474.8  ngds:106,892
    run2,907  dpts:26..85  robin:FrbaOnDom-Rand  effs:306,221,636  asgs:(1239,noefs=0,fails=586)  fails:4,217,367  wrgs:4,999,990  wck:1475.1  ngds:106,898
    run2,908  dpts:3..17  robin:Wdeg-First  effs:306,249,846  asgs:(682,noefs=0,fails=616)  fails:4,217,983  wrgs:5,000,657  wck:1475.3  ngds:107,040
    run2,909  dpts:3..108  robin:PickOnDom-Last  effs:306,337,387  asgs:(945,noefs=0,fails=646)  fails:4,218,629  wrgs:5,001,461  wck:1475.8  ngds:107,063
 ...resetting heuristics data (nValues:3,881 - nSingletons:187 - nEntailed:304)
    run2,910  dpts:25..38  robin:WdegOnDom-Rand  effs:306,403,029  asgs:(888,noefs=0,fails=679)  fails:4,219,308  wrgs:5,002,283  wck:1476.2  ngds:107,095
    run2,911  dpts:81..206  robin:FrbaOnDom-First  effs:306,450,397  asgs:(1030,noefs=0,fails=713)  fails:4,220,021  wrgs:5,003,140  wck:1476.4  ngds:107,113
    run2,912  dpts:70..81  robin:Wdeg-Last  effs:306,509,615  asgs:(941,noefs=0,fails=748)  fails:4,220,769  wrgs:5,003,996  wck:1476.8  ngds:107,206
    run2,913  dpts:39..60  robin:PickOnDom-Rand  effs:306,571,724  asgs:(1157,noefs=0,fails=786)  fails:4,221,555  wrgs:5,004,996  wck:1477.2  ngds:107,212
    run2,914  dpts:56..66  robin:WdegOnDom-First  effs:306,615,163  asgs:(1020,noefs=0,fails=825)  fails:4,222,380  wrgs:5,005,941  wck:1477.4  ngds:107,266
    run2,915  dpts:3..182  robin:FrbaOnDom-Last  effs:306,687,572  asgs:(1313,noefs=1,fails=866)  fails:4,223,246  wrgs:5,007,100  wck:1477.8  ngds:107,281
    run2,916  dpts:5..35  robin:Wdeg-Rand  effs:306,734,353  asgs:(1006,noefs=0,fails=910)  fails:4,224,156  wrgs:5,008,069  wck:1478.1  ngds:107,368
    run2,917  dpts:56..78  robin:PickOnDom-First  effs:306,797,663  asgs:(1255,noefs=0,fails=955)  fails:4,225,111  wrgs:5,009,223  wck:1478.3  ngds:107,373
    run2,918  dpts:7..74  robin:WdegOnDom-Last  effs:306,861,119  asgs:(1300,noefs=0,fails=1003)  fails:4,226,114  wrgs:5,010,405  wck:1478.8  ngds:107,409
    run2,919  dpts:37..87  robin:FrbaOnDom-Rand  effs:306,959,283  asgs:(1652,noefs=0,fails=1053)  fails:4,227,167  wrgs:5,011,824  wck:1479.3  ngds:107,434
    run2,920  dpts:4..11  robin:Wdeg-First  effs:307,001,165  asgs:(1188,noefs=0,fails=1106)  fails:4,228,273  wrgs:5,013,006  wck:1479.6  ngds:107,468
    run2,921  dpts:6..76  robin:PickOnDom-Last  effs:307,087,610  asgs:(1969,noefs=0,fails=1161)  fails:4,229,434  wrgs:5,014,685  wck:1480.1  ngds:107,493
    run2,922  dpts:21..45  robin:WdegOnDom-Rand  effs:307,164,137  asgs:(1450,noefs=0,fails=1219)  fails:4,230,653  wrgs:5,016,071  wck:1480.5  ngds:107,513
    run2,923  dpts:65..118  robin:FrbaOnDom-First  effs:307,264,607  asgs:(1805,noefs=0,fails=1280)  fails:4,231,933  wrgs:5,017,662  wck:1481.1  ngds:107,555
    run2,924  dpts:7..14  robin:Wdeg-Last  effs:307,328,758  asgs:(1418,noefs=0,fails=1344)  fails:4,233,277  wrgs:5,019,065  wck:1481.4  ngds:107,629
    run2,925  dpts:40..68  robin:PickOnDom-Rand  effs:307,426,609  asgs:(1728,noefs=0,fails=1411)  fails:4,234,688  wrgs:5,020,675  wck:1481.9  ngds:107,656
    run2,926  dpts:52..66  robin:WdegOnDom-First  effs:307,532,102  asgs:(1851,noefs=0,fails=1482)  fails:4,236,170  wrgs:5,022,426  wck:1482.4  ngds:107,735
    run2,927  dpts:2..116  robin:FrbaOnDom-Last  effs:307,629,349  asgs:(2096,noefs=0,fails=1556)  fails:4,237,726  wrgs:5,024,334  wck:1482.9  ngds:107,756
    run2,928  dpts:9..27  robin:Wdeg-Rand  effs:307,756,035  asgs:(1861,noefs=0,fails=1634)  fails:4,239,360  wrgs:5,026,156  wck:1483.5  ngds:107,810
    run2,929  dpts:88..112  robin:PickOnDom-First  effs:307,932,557  asgs:(2421,noefs=0,fails=1716)  fails:4,241,076  wrgs:5,028,299  wck:1484.5  ngds:107,842
    run2,930  dpts:50..58  robin:WdegOnDom-Last  effs:308,052,366  asgs:(2201,noefs=0,fails=1802)  fails:4,242,878  wrgs:5,030,416  wck:1485.0  ngds:107,846
    run2,931  dpts:31..64  robin:FrbaOnDom-Rand  effs:308,167,726  asgs:(2311,noefs=0,fails=1892)  fails:4,244,770  wrgs:5,032,595  wck:1485.6  ngds:107,911
    run2,932  dpts:3..12  robin:Wdeg-First  effs:308,253,888  asgs:(2258,noefs=0,fails=1986)  fails:4,246,756  wrgs:5,034,839  wck:1486.1  ngds:107,987
    run2,933  dpts:28..160  robin:PickOnDom-Last  effs:308,424,023  asgs:(2794,noefs=0,fails=2086)  fails:4,248,842  wrgs:5,037,380  wck:1487.0  ngds:108,020
    run2,934  dpts:9..42  robin:WdegOnDom-Rand  effs:308,580,300  asgs:(2509,noefs=0,fails=2190)  fails:4,251,032  wrgs:5,039,807  wck:1487.8  ngds:108,082
    run2,935  dpts:44..81  robin:FrbaOnDom-First  effs:308,724,464  asgs:(2774,noefs=0,fails=2299)  fails:4,253,331  wrgs:5,042,428  wck:1488.6  ngds:108,151
    run2,936  dpts:6..19  robin:Wdeg-Last  effs:308,837,431  asgs:(2780,noefs=0,fails=2414)  fails:4,255,745  wrgs:5,045,193  wck:1489.2  ngds:108,255
    run2,937  dpts:29..62  robin:PickOnDom-Rand  effs:309,023,763  asgs:(3005,noefs=0,fails=2535)  fails:4,258,280  wrgs:5,048,061  wck:1490.2  ngds:108,294
    run2,938  dpts:24..41  robin:WdegOnDom-First  effs:309,210,071  asgs:(3157,noefs=0,fails=2662)  fails:4,260,942  wrgs:5,051,091  wck:1491.2  ngds:108,371
    run2,939  dpts:6..114  robin:FrbaOnDom-Last  effs:309,431,035  asgs:(3705,noefs=1,fails=2795)  fails:4,263,737  wrgs:5,054,498  wck:1492.4  ngds:108,392
 ...resetting heuristics data (nValues:3,881 - nSingletons:187 - nEntailed:304)
    run2,940  dpts:34..43  robin:Wdeg-Rand  effs:309,651,438  asgs:(3325,noefs=0,fails=2935)  fails:4,266,672  wrgs:5,057,764  wck:1493.6  ngds:108,433
    run2,941  dpts:50..81  robin:PickOnDom-First  effs:309,889,478  asgs:(4218,noefs=0,fails=3082)  fails:4,269,754  wrgs:5,061,667  wck:1494.9  ngds:108,451
    run2,942  dpts:68..89  robin:WdegOnDom-Last  effs:310,145,024  asgs:(4095,noefs=0,fails=3236)  fails:4,272,990  wrgs:5,065,467  wck:1496.4  ngds:108,519
    run2,943  dpts:12..77  robin:FrbaOnDom-Rand  effs:310,533,610  asgs:(5172,noefs=1,fails=3397)  fails:4,276,387  wrgs:5,069,986  wck:1498.6  ngds:108,549
    run2,944  dpts:9..44  robin:Wdeg-First  effs:310,721,230  asgs:(4043,noefs=0,fails=3567)  fails:4,279,954  wrgs:5,073,949  wck:1499.6  ngds:108,707
    run2,945  dpts:17..61  robin:PickOnDom-Last  effs:310,976,836  asgs:(5128,noefs=5,fails=3746)  fails:4,283,700  wrgs:5,078,622  wck:1501.0  ngds:108,740
    run2,946  dpts:17..46  robin:WdegOnDom-Rand  effs:311,224,478  asgs:(4534,noefs=0,fails=3933)  fails:4,287,633  wrgs:5,082,980  wck:1502.4  ngds:108,801
    run2,947  dpts:31..125  robin:FrbaOnDom-First  effs:311,475,545  asgs:(5696,noefs=0,fails=4130)  fails:4,291,763  wrgs:5,087,983  wck:1503.6  ngds:108,895
    run2,948  dpts:5..17  robin:Wdeg-Last  effs:311,680,174  asgs:(4989,noefs=0,fails=4336)  fails:4,296,099  wrgs:5,092,915  wck:1504.7  ngds:109,006
    run2,949  dpts:3..58  robin:PickOnDom-Rand  effs:312,018,935  asgs:(5852,noefs=0,fails=4553)  fails:4,300,652  wrgs:5,098,338  wck:1506.5  ngds:109,052
    run2,950  dpts:67..81  robin:WdegOnDom-First  effs:312,324,626  asgs:(5584,noefs=0,fails=4781)  fails:4,305,433  wrgs:5,103,743  wck:1508.0  ngds:109,083
    run2,951  dpts:8..112  robin:FrbaOnDom-Last  effs:312,761,707  asgs:(6906,noefs=0,fails=5020)  fails:4,310,453  wrgs:5,110,130  wck:1510.4  ngds:109,137
    run2,952  dpts:9..17  robin:Wdeg-Rand  effs:313,416,319  asgs:(6148,noefs=0,fails=5271)  fails:4,315,724  wrgs:5,116,213  wck:1513.5  ngds:109,193
    run2,953  dpts:39..139  robin:PickOnDom-First  effs:313,883,688  asgs:(8226,noefs=0,fails=5534)  fails:4,321,258  wrgs:5,123,516  wck:1516.1  ngds:109,273
    run2,954  dpts:65..77  robin:WdegOnDom-Last  effs:314,861,924  asgs:(7582,noefs=0,fails=5811)  fails:4,327,069  wrgs:5,130,813  wck:1520.5  ngds:109,319
    run2,955  dpts:30..58  robin:FrbaOnDom-Rand  effs:315,299,141  asgs:(7548,noefs=0,fails=6102)  fails:4,333,171  wrgs:5,137,873  wck:1522.6  ngds:109,334
    run2,956  dpts:7..25  robin:Wdeg-First  effs:315,674,795  asgs:(7129,noefs=0,fails=6407)  fails:4,339,578  wrgs:5,144,931  wck:1524.4  ngds:109,491
    run2,957  dpts:4..108  robin:PickOnDom-Last  effs:316,185,641  asgs:(10120,noefs=12,fails=6727)  fails:4,346,305  wrgs:5,153,926  wck:1527.2  ngds:109,521
    run2,958  dpts:38..61  robin:WdegOnDom-Rand  effs:316,761,792  asgs:(8297,noefs=0,fails=7064)  fails:4,353,369  wrgs:5,161,998  wck:1529.5  ngds:109,592
    run2,959  dpts:6..158  robin:FrbaOnDom-First  effs:317,183,472  asgs:(9321,noefs=0,fails=7417)  fails:4,360,786  wrgs:5,170,939  wck:1531.6  ngds:109,669
    run2,960  dpts:4..20  robin:Wdeg-Last  effs:317,634,168  asgs:(8863,noefs=0,fails=7788)  fails:4,368,574  wrgs:5,179,761  wck:1534.0  ngds:109,800
    run2,961  dpts:38..70  robin:PickOnDom-Rand  effs:318,240,090  asgs:(10519,noefs=0,fails=8177)  fails:4,376,751  wrgs:5,189,563  wck:1536.9  ngds:109,836
    run2,962  dpts:35..77  robin:WdegOnDom-First  effs:319,065,298  asgs:(10651,noefs=0,fails=8586)  fails:4,385,337  wrgs:5,199,777  wck:1541.4  ngds:109,945
    run2,963  dpts:5..137  robin:FrbaOnDom-Last  effs:319,943,219  asgs:(11718,noefs=0,fails=9015)  fails:4,394,352  wrgs:5,210,797  wck:1546.0  ngds:110,004
    run2,964  dpts:7..15  robin:Wdeg-Rand  effs:320,518,863  asgs:(10265,noefs=0,fails=9466)  fails:4,403,818  wrgs:5,221,014  wck:1548.1  ngds:110,030
    run2,965  dpts:41..67  robin:PickOnDom-First  effs:321,788,116  asgs:(13019,noefs=0,fails=9939)  fails:4,413,757  wrgs:5,233,515  wck:1553.7  ngds:110,107
    run2,966  dpts:4..63  robin:WdegOnDom-Last  effs:322,578,309  asgs:(12686,noefs=0,fails=10436)  fails:4,424,193  wrgs:5,245,884  wck:1557.6  ngds:110,175
    run2,967  dpts:3..91  robin:FrbaOnDom-Rand  effs:323,473,262  asgs:(13456,noefs=1,fails=10958)  fails:4,435,151  wrgs:5,258,732  wck:1562.2  ngds:110,245
    run2,968  dpts:3..20  robin:Wdeg-First  effs:324,248,345  asgs:(12950,noefs=0,fails=11506)  fails:4,446,657  wrgs:5,271,490  wck:1566.4  ngds:110,436
    run2,969  dpts:93..119  robin:PickOnDom-Last  effs:325,587,888  asgs:(15278,noefs=0,fails=12082)  fails:4,458,739  wrgs:5,286,024  wck:1572.2  ngds:110,476
 ...resetting heuristics data (nValues:3,881 - nSingletons:187 - nEntailed:304)
    run2,970  dpts:29..49  robin:WdegOnDom-Rand  effs:326,258,349  asgs:(14051,noefs=0,fails=12686)  fails:4,471,425  wrgs:5,299,821  wck:1576.2  ngds:110,648
 ...resetting restart cutoff to 170
    run2,971  dpts:94..151  robin:FrbaOnDom-First  effs:326,280,402  asgs:(489,noefs=0,fails=170)  fails:4,471,595  wrgs:5,300,100  wck:1576.4  ngds:110,650
    run2,972  dpts:68..80  robin:Wdeg-Last  effs:326,291,614  asgs:(280,noefs=0,fails=178)  fails:4,471,773  wrgs:5,300,302  wck:1576.5  ngds:110,669
    run2,973  dpts:40..53  robin:PickOnDom-Rand  effs:326,302,609  asgs:(305,noefs=0,fails=187)  fails:4,471,960  wrgs:5,300,528  wck:1576.6  ngds:110,699
    run2,974  dpts:41..57  robin:WdegOnDom-First  effs:326,315,776  asgs:(335,noefs=0,fails=196)  fails:4,472,156  wrgs:5,300,772  wck:1576.7  ngds:110,731
    run2,975  dpts:34..113  robin:FrbaOnDom-Last  effs:326,334,780  asgs:(375,noefs=0,fails=206)  fails:4,472,362  wrgs:5,301,066  wck:1576.8  ngds:110,739
    run2,976  dpts:6..11  robin:Wdeg-Rand  effs:326,347,736  asgs:(244,noefs=0,fails=216)  fails:4,472,578  wrgs:5,301,301  wck:1576.9  ngds:110,777
    run2,977  dpts:42..54  robin:PickOnDom-First  effs:326,365,048  asgs:(337,noefs=0,fails=227)  fails:4,472,805  wrgs:5,301,576  wck:1577.0  ngds:110,791
    run2,978  dpts:15..33  robin:WdegOnDom-Last  effs:326,391,245  asgs:(333,noefs=0,fails=239)  fails:4,473,044  wrgs:5,301,864  wck:1577.1  ngds:110,832
    run2,979  dpts:26..90  robin:FrbaOnDom-Rand  effs:326,410,961  asgs:(461,noefs=0,fails=251)  fails:4,473,295  wrgs:5,302,235  wck:1577.2  ngds:110,845
    run2,980  dpts:4..40  robin:Wdeg-First  effs:326,431,006  asgs:(388,noefs=0,fails=263)  fails:4,473,558  wrgs:5,302,565  wck:1577.4  ngds:110,877
    run2,981  dpts:8..43  robin:PickOnDom-Last  effs:326,453,341  asgs:(580,noefs=0,fails=276)  fails:4,473,834  wrgs:5,303,000  wck:1577.5  ngds:110,891
    run2,982  dpts:7..46  robin:WdegOnDom-Rand  effs:326,472,319  asgs:(370,noefs=0,fails=290)  fails:4,474,124  wrgs:5,303,326  wck:1577.6  ngds:110,930
    run2,983  dpts:48..196  robin:FrbaOnDom-First  effs:326,492,620  asgs:(590,noefs=0,fails=305)  fails:4,474,429  wrgs:5,303,722  wck:1577.7  ngds:110,958
    run2,984  dpts:2..21  robin:Wdeg-Last  effs:326,511,360  asgs:(374,noefs=0,fails=320)  fails:4,474,749  wrgs:5,304,073  wck:1577.9  ngds:111,009
    run2,985  dpts:26..53  robin:PickOnDom-Rand  effs:326,532,832  asgs:(528,noefs=0,fails=336)  fails:4,475,085  wrgs:5,304,488  wck:1578.0  ngds:111,014
    run2,986  dpts:28..34  robin:WdegOnDom-First  effs:326,557,447  asgs:(430,noefs=0,fails=353)  fails:4,475,438  wrgs:5,304,884  wck:1578.2  ngds:111,121
    run2,987  dpts:3..92  robin:FrbaOnDom-Last  effs:326,570,697  asgs:(493,noefs=0,fails=371)  fails:4,475,809  wrgs:5,305,307  wck:1578.3  ngds:111,169
    run2,988  dpts:6..26  robin:Wdeg-Rand  effs:326,594,791  asgs:(449,noefs=0,fails=389)  fails:4,476,198  wrgs:5,305,728  wck:1578.4  ngds:111,227
    run2,989  dpts:28..87  robin:PickOnDom-First  effs:326,630,992  asgs:(779,noefs=0,fails=409)  fails:4,476,607  wrgs:5,306,347  wck:1578.7  ngds:111,252
    run2,990  dpts:31..36  robin:WdegOnDom-Last  effs:326,676,591  asgs:(515,noefs=0,fails=429)  fails:4,477,036  wrgs:5,306,825  wck:1578.9  ngds:111,285
    run2,991  dpts:36..76  robin:FrbaOnDom-Rand  effs:326,702,070  asgs:(588,noefs=0,fails=451)  fails:4,477,487  wrgs:5,307,349  wck:1579.1  ngds:111,289
    run2,992  dpts:6..9  robin:Wdeg-First  effs:326,734,888  asgs:(545,noefs=0,fails=473)  fails:4,477,960  wrgs:5,307,883  wck:1579.2  ngds:111,316
    run2,993  dpts:5..76  robin:PickOnDom-Last  effs:326,764,868  asgs:(742,noefs=0,fails=497)  fails:4,478,457  wrgs:5,308,516  wck:1579.4  ngds:111,338
    run2,994  dpts:7..38  robin:WdegOnDom-Rand  effs:326,800,333  asgs:(631,noefs=0,fails=522)  fails:4,478,979  wrgs:5,309,100  wck:1579.6  ngds:111,374
    run2,995  dpts:53..83  robin:FrbaOnDom-First  effs:326,826,888  asgs:(670,noefs=0,fails=548)  fails:4,479,527  wrgs:5,309,695  wck:1579.7  ngds:111,398
    run2,996  dpts:5..21  robin:Wdeg-Last  effs:326,853,405  asgs:(629,noefs=0,fails=575)  fails:4,480,102  wrgs:5,310,303  wck:1579.9  ngds:111,501
    run2,997  dpts:23..48  robin:PickOnDom-Rand  effs:326,885,311  asgs:(731,noefs=1,fails=604)  fails:4,480,706  wrgs:5,310,980  wck:1580.0  ngds:111,525
    run2,998  dpts:29..33  robin:WdegOnDom-First  effs:326,929,030  asgs:(778,noefs=0,fails=634)  fails:4,481,340  wrgs:5,311,708  wck:1580.3  ngds:111,579
    run2,999  dpts:8..82  robin:FrbaOnDom-Last  effs:326,954,529  asgs:(847,noefs=0,fails=666)  fails:4,482,006  wrgs:5,312,461  wck:1580.4  ngds:111,603
 ...resetting heuristics data (nValues:3,881 - nSingletons:187 - nEntailed:304)
    run3,000  dpts:34..45  robin:Wdeg-Rand  effs:327,007,953  asgs:(838,noefs=0,fails=699)  fails:4,482,705  wrgs:5,313,247  wck:1580.7  ngds:111,634
    run3,001  dpts:51..75  robin:PickOnDom-First  effs:327,067,364  asgs:(1017,noefs=0,fails=734)  fails:4,483,439  wrgs:5,314,141  wck:1581.0  ngds:111,682
    run3,002  dpts:69..81  robin:WdegOnDom-Last  effs:327,107,082  asgs:(939,noefs=0,fails=771)  fails:4,484,210  wrgs:5,314,985  wck:1581.3  ngds:111,701
    run3,003  dpts:26..92  robin:FrbaOnDom-Rand  effs:327,170,623  asgs:(1238,noefs=0,fails=810)  fails:4,485,020  wrgs:5,316,080  wck:1581.6  ngds:111,731
    run3,004  dpts:2..13  robin:Wdeg-First  effs:327,230,414  asgs:(967,noefs=0,fails=850)  fails:4,485,870  wrgs:5,317,020  wck:1581.9  ngds:111,776
    run3,005  dpts:33..52  robin:PickOnDom-Last  effs:327,440,640  asgs:(1223,noefs=0,fails=893)  fails:4,486,763  wrgs:5,318,150  wck:1583.0  ngds:111,791
    run3,006  dpts:8..39  robin:WdegOnDom-Rand  effs:327,497,335  asgs:(1051,noefs=0,fails=937)  fails:4,487,700  wrgs:5,319,156  wck:1583.3  ngds:111,864
    run3,007  dpts:62..166  robin:FrbaOnDom-First  effs:327,590,372  asgs:(2161,noefs=1,fails=984)  fails:4,488,684  wrgs:5,320,690  wck:1583.9  ngds:111,874
    run3,008  dpts:2..44  robin:Wdeg-Last  effs:327,648,391  asgs:(1191,noefs=0,fails=1033)  fails:4,489,717  wrgs:5,321,826  wck:1584.2  ngds:111,979
    run3,009  dpts:20..57  robin:PickOnDom-Rand  effs:327,732,828  asgs:(1454,noefs=0,fails=1085)  fails:4,490,802  wrgs:5,323,128  wck:1584.7  ngds:111,997
    run3,010  dpts:54..78  robin:WdegOnDom-First  effs:327,825,052  asgs:(1378,noefs=0,fails=1139)  fails:4,491,941  wrgs:5,324,416  wck:1585.2  ngds:112,056
    run3,011  dpts:30..116  robin:FrbaOnDom-Last  effs:327,921,205  asgs:(1724,noefs=0,fails=1196)  fails:4,493,137  wrgs:5,325,927  wck:1585.7  ngds:112,088
    run3,012  dpts:1..16  robin:Wdeg-Rand  effs:328,006,649  asgs:(1382,noefs=0,fails=1256)  fails:4,494,393  wrgs:5,327,293  wck:1586.2  ngds:112,140
    run3,013  dpts:82..103  robin:PickOnDom-First  effs:328,095,062  asgs:(1711,noefs=0,fails=1319)  fails:4,495,712  wrgs:5,328,840  wck:1586.6  ngds:112,174
    run3,014  dpts:4..46  robin:WdegOnDom-Last  effs:328,205,755  asgs:(1726,noefs=0,fails=1385)  fails:4,497,097  wrgs:5,330,469  wck:1587.3  ngds:112,185
    run3,015  dpts:40..66  robin:FrbaOnDom-Rand  effs:328,314,150  asgs:(1860,noefs=0,fails=1454)  fails:4,498,551  wrgs:5,332,191  wck:1587.9  ngds:112,194
    run3,016  dpts:2..18  robin:Wdeg-First  effs:328,469,945  asgs:(1852,noefs=0,fails=1527)  fails:4,500,078  wrgs:5,333,978  wck:1588.7  ngds:112,281
    run3,017  dpts:4..87  robin:PickOnDom-Last  effs:328,589,704  asgs:(2611,noefs=0,fails=1603)  fails:4,501,681  wrgs:5,336,314  wck:1589.5  ngds:112,325
    run3,018  dpts:24..46  robin:WdegOnDom-Rand  effs:328,704,654  asgs:(2025,noefs=0,fails=1684)  fails:4,503,365  wrgs:5,338,245  wck:1590.2  ngds:112,455
    run3,019  dpts:4..96  robin:FrbaOnDom-First  effs:328,863,025  asgs:(2359,noefs=0,fails=1768)  fails:4,505,133  wrgs:5,340,364  wck:1591.0  ngds:112,523
    run3,020  dpts:4..16  robin:Wdeg-Last  effs:328,963,010  asgs:(2078,noefs=0,fails=1856)  fails:4,506,989  wrgs:5,342,426  wck:1591.6  ngds:112,555
    run3,021  dpts:4..64  robin:PickOnDom-Rand  effs:329,103,149  asgs:(2522,noefs=1,fails=1949)  fails:4,508,938  wrgs:5,344,757  wck:1592.4  ngds:112,626
    run3,022  dpts:34..54  robin:WdegOnDom-First  effs:329,262,982  asgs:(2460,noefs=0,fails=2046)  fails:4,510,984  wrgs:5,347,125  wck:1593.3  ngds:112,657
    run3,023  dpts:63..121  robin:FrbaOnDom-Last  effs:329,417,369  asgs:(3008,noefs=0,fails=2149)  fails:4,513,133  wrgs:5,349,848  wck:1594.0  ngds:112,677
    run3,024  dpts:11..20  robin:Wdeg-Rand  effs:329,586,234  asgs:(2492,noefs=0,fails=2256)  fails:4,515,389  wrgs:5,352,305  wck:1594.9  ngds:112,737
    run3,025  dpts:53..127  robin:PickOnDom-First  effs:329,774,068  asgs:(3540,noefs=0,fails=2369)  fails:4,517,758  wrgs:5,355,455  wck:1595.9  ngds:112,778
    run3,026  dpts:9..51  robin:WdegOnDom-Last  effs:330,000,356  asgs:(3010,noefs=0,fails=2488)  fails:4,520,246  wrgs:5,358,312  wck:1597.0  ngds:112,827
    run3,027  dpts:4..79  robin:FrbaOnDom-Rand  effs:330,154,715  asgs:(2970,noefs=0,fails=2612)  fails:4,522,858  wrgs:5,361,174  wck:1597.8  ngds:112,895
    run3,028  dpts:3..10  robin:Wdeg-First  effs:330,230,138  asgs:(3073,noefs=0,fails=2743)  fails:4,525,601  wrgs:5,364,233  wck:1598.4  ngds:112,969
    run3,029  dpts:47..88  robin:PickOnDom-Last  effs:330,421,589  asgs:(3416,noefs=0,fails=2880)  fails:4,528,481  wrgs:5,367,495  wck:1599.4  ngds:113,002
 ...resetting heuristics data (nValues:3,881 - nSingletons:187 - nEntailed:304)
    run3,030  dpts:28..44  robin:WdegOnDom-Rand  effs:330,671,818  asgs:(3839,noefs=0,fails=3024)  fails:4,531,505  wrgs:5,371,134  wck:1600.7  ngds:113,020
    run3,031  dpts:57..163  robin:FrbaOnDom-First  effs:330,886,044  asgs:(4211,noefs=1,fails=3175)  fails:4,534,680  wrgs:5,374,967  wck:1601.9  ngds:113,073
    run3,032  dpts:66..78  robin:Wdeg-Last  effs:331,136,395  asgs:(3888,noefs=0,fails=3334)  fails:4,538,014  wrgs:5,378,742  wck:1603.2  ngds:113,126
    run3,033  dpts:27..66  robin:PickOnDom-Rand  effs:331,461,316  asgs:(4790,noefs=7,fails=3500)  fails:4,541,514  wrgs:5,383,148  wck:1604.9  ngds:113,159
    run3,034  dpts:52..63  robin:WdegOnDom-First  effs:331,724,159  asgs:(4297,noefs=0,fails=3675)  fails:4,545,189  wrgs:5,387,330  wck:1605.9  ngds:113,204
    run3,035  dpts:70..149  robin:FrbaOnDom-Last  effs:331,897,172  asgs:(4887,noefs=0,fails=3859)  fails:4,549,048  wrgs:5,391,853  wck:1606.8  ngds:113,302
    run3,036  dpts:7..40  robin:Wdeg-Rand  effs:332,123,706  asgs:(4334,noefs=0,fails=4052)  fails:4,553,100  wrgs:5,396,147  wck:1608.0  ngds:113,362
    run3,037  dpts:54..91  robin:PickOnDom-First  effs:332,421,430  asgs:(5587,noefs=0,fails=4255)  fails:4,557,355  wrgs:5,401,300  wck:1609.8  ngds:113,418
    run3,038  dpts:5..78  robin:WdegOnDom-Last  effs:332,701,812  asgs:(5374,noefs=0,fails=4468)  fails:4,561,823  wrgs:5,406,458  wck:1611.3  ngds:113,451
    run3,039  dpts:32..94  robin:FrbaOnDom-Rand  effs:333,019,409  asgs:(6259,noefs=4,fails=4691)  fails:4,566,514  wrgs:5,412,210  wck:1613.1  ngds:113,471
    run3,040  dpts:2..16  robin:Wdeg-First  effs:333,319,003  asgs:(5697,noefs=0,fails=4926)  fails:4,571,440  wrgs:5,417,855  wck:1614.6  ngds:113,599
    run3,041  dpts:88..117  robin:PickOnDom-Last  effs:333,981,722  asgs:(7086,noefs=0,fails=5172)  fails:4,576,612  wrgs:5,424,375  wck:1618.4  ngds:113,631
    run3,042  dpts:27..48  robin:WdegOnDom-Rand  effs:334,364,961  asgs:(6270,noefs=0,fails=5431)  fails:4,582,043  wrgs:5,430,469  wck:1620.2  ngds:113,697
    run3,043  dpts:33..109  robin:FrbaOnDom-First  effs:334,758,255  asgs:(7009,noefs=0,fails=5702)  fails:4,587,745  wrgs:5,437,093  wck:1622.2  ngds:113,799
    run3,044  dpts:7..15  robin:Wdeg-Last  effs:335,090,703  asgs:(6442,noefs=0,fails=5987)  fails:4,593,732  wrgs:5,443,513  wck:1624.1  ngds:113,858
    run3,045  dpts:14..66  robin:PickOnDom-Rand  effs:335,724,813  asgs:(9141,noefs=0,fails=6287)  fails:4,600,019  wrgs:5,451,664  wck:1627.5  ngds:113,885
    run3,046  dpts:41..72  robin:WdegOnDom-First  effs:336,134,498  asgs:(7616,noefs=0,fails=6601)  fails:4,606,620  wrgs:5,459,075  wck:1629.5  ngds:113,958
    run3,047  dpts:33..98  robin:FrbaOnDom-Last  effs:336,550,034  asgs:(8110,noefs=0,fails=6931)  fails:4,613,551  wrgs:5,466,828  wck:1631.4  ngds:114,005
    run3,048  dpts:8..14  robin:Wdeg-Rand  effs:337,042,073  asgs:(7955,noefs=0,fails=7278)  fails:4,620,829  wrgs:5,474,743  wck:1633.5  ngds:114,065
    run3,049  dpts:69..134  robin:PickOnDom-First  effs:337,593,021  asgs:(9591,noefs=0,fails=7642)  fails:4,628,471  wrgs:5,483,798  wck:1636.3  ngds:114,127
    run3,050  dpts:43..83  robin:WdegOnDom-Last  effs:338,710,007  asgs:(9398,noefs=0,fails=8024)  fails:4,636,495  wrgs:5,493,017  wck:1643.2  ngds:114,168
    run3,051  dpts:3..100  robin:FrbaOnDom-Rand  effs:339,384,316  asgs:(12854,noefs=1,fails=8425)  fails:4,644,920  wrgs:5,504,263  wck:1647.0  ngds:114,227
    run3,052  dpts:5..17  robin:Wdeg-First  effs:339,877,093  asgs:(10007,noefs=0,fails=8846)  fails:4,653,766  wrgs:5,514,197  wck:1649.4  ngds:114,358
    run3,053  dpts:78..109  robin:PickOnDom-Last  effs:340,891,012  asgs:(12526,noefs=0,fails=9289)  fails:4,663,055  wrgs:5,526,134  wck:1654.2  ngds:114,372
    run3,054  dpts:32..56  robin:WdegOnDom-Rand  effs:341,613,944  asgs:(11174,noefs=0,fails=9753)  fails:4,672,808  wrgs:5,537,061  wck:1657.9  ngds:114,409
    run3,055  dpts:44..96  robin:FrbaOnDom-First  effs:342,400,982  asgs:(12378,noefs=0,fails=10241)  fails:4,683,049  wrgs:5,548,952  wck:1661.8  ngds:114,465
    run3,056  dpts:2..16  robin:Wdeg-Last  effs:342,941,738  asgs:(11624,noefs=0,fails=10753)  fails:4,693,802  wrgs:5,560,530  wck:1664.9  ngds:114,540
    run3,057  dpts:19..59  robin:PickOnDom-Rand  effs:344,071,819  asgs:(14346,noefs=1,fails=11290)  fails:4,705,092  wrgs:5,574,327  wck:1670.2  ngds:114,578
    run3,058  dpts:40..88  robin:WdegOnDom-First  effs:344,935,334  asgs:(14147,noefs=0,fails=11855)  fails:4,716,947  wrgs:5,588,184  wck:1674.4  ngds:114,657
    run3,059  dpts:25..88  robin:FrbaOnDom-Last  effs:345,787,357  asgs:(15457,noefs=0,fails=12448)  fails:4,729,395  wrgs:5,602,804  wck:1678.7  ngds:114,693
 ...resetting heuristics data (nValues:3,881 - nSingletons:187 - nEntailed:304)
    run3,060  dpts:24..35  robin:Wdeg-Rand  effs:346,421,424  asgs:(13903,noefs=0,fails=13070)  fails:4,742,465  wrgs:5,616,651  wck:1681.9  ngds:114,757
 ...resetting restart cutoff to 175
    run3,061  dpts:55..79  robin:PickOnDom-First  effs:346,437,634  asgs:(350,noefs=0,fails=175)  fails:4,742,640  wrgs:5,616,897  wck:1682.1  ngds:114,769
    run3,062  dpts:67..83  robin:WdegOnDom-Last  effs:346,453,752  asgs:(335,noefs=0,fails=183)  fails:4,742,823  wrgs:5,617,128  wck:1682.2  ngds:114,831
    run3,063  dpts:35..114  robin:FrbaOnDom-Rand  effs:346,475,255  asgs:(517,noefs=0,fails=192)  fails:4,743,015  wrgs:5,617,501  wck:1682.4  ngds:114,842
    run3,064  dpts:2..36  robin:Wdeg-First  effs:346,490,670  asgs:(319,noefs=0,fails=202)  fails:4,743,217  wrgs:5,617,758  wck:1682.5  ngds:114,879
    run3,065  dpts:16..53  robin:PickOnDom-Last  effs:346,505,819  asgs:(323,noefs=0,fails=212)  fails:4,743,429  wrgs:5,618,019  wck:1682.6  ngds:114,884
    run3,066  dpts:20..42  robin:WdegOnDom-Rand  effs:346,519,787  asgs:(291,noefs=0,fails=223)  fails:4,743,652  wrgs:5,618,274  wck:1682.7  ngds:114,892
    run3,067  dpts:54..105  robin:FrbaOnDom-First  effs:346,535,499  asgs:(344,noefs=0,fails=234)  fails:4,743,886  wrgs:5,618,541  wck:1682.8  ngds:114,899
    run3,068  dpts:1..23  robin:Wdeg-Last  effs:346,544,889  asgs:(292,noefs=0,fails=246)  fails:4,744,132  wrgs:5,618,817  wck:1682.9  ngds:114,924
    run3,069  dpts:13..48  robin:PickOnDom-Rand  effs:346,562,472  asgs:(377,noefs=0,fails=258)  fails:4,744,390  wrgs:5,619,124  wck:1683.0  ngds:114,943
    run3,070  dpts:14..63  robin:WdegOnDom-First  effs:346,578,615  asgs:(397,noefs=0,fails=271)  fails:4,744,661  wrgs:5,619,442  wck:1683.1  ngds:114,958
    run3,071  dpts:19..193  robin:FrbaOnDom-Last  effs:346,600,013  asgs:(620,noefs=0,fails=285)  fails:4,744,946  wrgs:5,619,862  wck:1683.2  ngds:114,970
    run3,072  dpts:2..16  robin:Wdeg-Rand  effs:346,628,024  asgs:(358,noefs=0,fails=299)  fails:4,745,245  wrgs:5,620,200  wck:1683.4  ngds:115,014
    run3,073  dpts:49..105  robin:PickOnDom-First  effs:346,648,775  asgs:(518,noefs=0,fails=314)  fails:4,745,559  wrgs:5,620,581  wck:1683.6  ngds:115,036
    run3,074  dpts:22..70  robin:WdegOnDom-Last  effs:346,670,332  asgs:(469,noefs=0,fails=329)  fails:4,745,888  wrgs:5,620,984  wck:1683.7  ngds:115,069
    run3,075  dpts:31..77  robin:FrbaOnDom-Rand  effs:346,695,661  asgs:(505,noefs=0,fails=346)  fails:4,746,234  wrgs:5,621,402  wck:1683.9  ngds:115,080
    run3,076  dpts:10..11  robin:Wdeg-First  effs:346,713,206  asgs:(394,noefs=0,fails=363)  fails:4,746,597  wrgs:5,621,785  wck:1684.0  ngds:115,128
    run3,077  dpts:5..70  robin:PickOnDom-Last  effs:346,733,940  asgs:(527,noefs=0,fails=382)  fails:4,746,979  wrgs:5,622,255  wck:1684.1  ngds:115,155
    run3,078  dpts:38..47  robin:WdegOnDom-Rand  effs:346,756,985  asgs:(480,noefs=0,fails=401)  fails:4,747,380  wrgs:5,622,690  wck:1684.2  ngds:115,175
    run3,079  dpts:30..90  robin:FrbaOnDom-First  effs:346,783,872  asgs:(602,noefs=0,fails=421)  fails:4,747,801  wrgs:5,623,182  wck:1684.4  ngds:115,205
    run3,080  dpts:4..21  robin:Wdeg-Last  effs:346,812,781  asgs:(533,noefs=0,fails=442)  fails:4,748,243  wrgs:5,623,695  wck:1684.5  ngds:115,280
    run3,081  dpts:28..50  robin:PickOnDom-Rand  effs:346,847,906  asgs:(690,noefs=0,fails=464)  fails:4,748,707  wrgs:5,624,287  wck:1684.7  ngds:115,292
    run3,082  dpts:75..85  robin:WdegOnDom-First  effs:346,894,277  asgs:(666,noefs=0,fails=487)  fails:4,749,194  wrgs:5,624,856  wck:1685.0  ngds:115,294
    run3,083  dpts:70..106  robin:FrbaOnDom-Last  effs:346,940,543  asgs:(869,noefs=0,fails=511)  fails:4,749,705  wrgs:5,625,591  wck:1685.3  ngds:115,301
    run3,084  dpts:9..18  robin:Wdeg-Rand  effs:346,976,100  asgs:(602,noefs=0,fails=537)  fails:4,750,242  wrgs:5,626,176  wck:1685.5  ngds:115,355
    run3,085  dpts:37..87  robin:PickOnDom-First  effs:347,015,389  asgs:(918,noefs=0,fails=564)  fails:4,750,806  wrgs:5,626,889  wck:1685.7  ngds:115,379
    run3,086  dpts:53..56  robin:WdegOnDom-Last  effs:347,051,765  asgs:(696,noefs=0,fails=592)  fails:4,751,398  wrgs:5,627,529  wck:1685.9  ngds:115,426
    run3,087  dpts:50..81  robin:FrbaOnDom-Rand  effs:347,094,432  asgs:(851,noefs=0,fails=622)  fails:4,752,020  wrgs:5,628,279  wck:1686.2  ngds:115,433
    run3,088  dpts:6..13  robin:Wdeg-First  effs:347,130,043  asgs:(722,noefs=0,fails=653)  fails:4,752,673  wrgs:5,628,988  wck:1686.3  ngds:115,490
    run3,089  dpts:58..97  robin:PickOnDom-Last  effs:347,181,023  asgs:(1011,noefs=0,fails=686)  fails:4,753,359  wrgs:5,629,866  wck:1686.7  ngds:115,497
 ...resetting heuristics data (nValues:3,881 - nSingletons:187 - nEntailed:304)
    run3,090  dpts:38..57  robin:WdegOnDom-Rand  effs:347,226,648  asgs:(915,noefs=0,fails=720)  fails:4,754,079  wrgs:5,630,689  wck:1687.0  ngds:115,557
    run3,091  dpts:19..148  robin:FrbaOnDom-First  effs:347,322,384  asgs:(1739,noefs=0,fails=756)  fails:4,754,835  wrgs:5,632,048  wck:1687.6  ngds:115,597
    run3,092  dpts:66..73  robin:Wdeg-Last  effs:347,388,833  asgs:(978,noefs=0,fails=794)  fails:4,755,629  wrgs:5,632,938  wck:1688.0  ngds:115,658
    run3,093  dpts:29..69  robin:PickOnDom-Rand  effs:347,430,518  asgs:(1004,noefs=0,fails=833)  fails:4,756,462  wrgs:5,633,847  wck:1688.2  ngds:115,713
    run3,094  dpts:50..67  robin:WdegOnDom-First  effs:347,497,062  asgs:(1290,noefs=0,fails=875)  fails:4,757,337  wrgs:5,634,955  wck:1688.7  ngds:115,732
    run3,095  dpts:47..120  robin:FrbaOnDom-Last  effs:347,571,242  asgs:(1563,noefs=0,fails=919)  fails:4,758,256  wrgs:5,636,300  wck:1689.1  ngds:115,758
    run3,096  dpts:5..13  robin:Wdeg-Rand  effs:347,621,591  asgs:(1045,noefs=0,fails=965)  fails:4,759,221  wrgs:5,637,338  wck:1689.3  ngds:115,773
    run3,097  dpts:20..45  robin:PickOnDom-First  effs:347,690,393  asgs:(1331,noefs=0,fails=1013)  fails:4,760,234  wrgs:5,638,585  wck:1689.7  ngds:115,815
    run3,098  dpts:58..81  robin:WdegOnDom-Last  effs:347,758,494  asgs:(1360,noefs=0,fails=1064)  fails:4,761,298  wrgs:5,639,826  wck:1690.0  ngds:115,837
    run3,099  dpts:18..76  robin:FrbaOnDom-Rand  effs:347,848,678  asgs:(1527,noefs=0,fails=1117)  fails:4,762,415  wrgs:5,641,210  wck:1690.5  ngds:115,846
    run3,100  dpts:4..40  robin:Wdeg-First  effs:347,912,555  asgs:(1336,noefs=0,fails=1173)  fails:4,763,588  wrgs:5,642,479  wck:1690.9  ngds:115,963
    run3,101  dpts:6..70  robin:PickOnDom-Last  effs:347,997,481  asgs:(1832,noefs=0,fails=1231)  fails:4,764,819  wrgs:5,644,105  wck:1691.4  ngds:116,007
    run3,102  dpts:28..47  robin:WdegOnDom-Rand  effs:348,098,823  asgs:(1554,noefs=0,fails=1293)  fails:4,766,112  wrgs:5,645,570  wck:1692.0  ngds:116,043
    run3,103  dpts:16..119  robin:FrbaOnDom-First  effs:348,162,305  asgs:(1524,noefs=0,fails=1358)  fails:4,767,470  wrgs:5,647,018  wck:1692.2  ngds:116,077
    run3,104  dpts:4..17  robin:Wdeg-Last  effs:348,260,050  asgs:(1626,noefs=0,fails=1426)  fails:4,768,896  wrgs:5,648,617  wck:1692.8  ngds:116,207
    run3,105  dpts:29..63  robin:PickOnDom-Rand  effs:348,335,731  asgs:(1723,noefs=0,fails=1497)  fails:4,770,393  wrgs:5,650,262  wck:1693.2  ngds:116,256
    run3,106  dpts:47..84  robin:WdegOnDom-First  effs:348,436,962  asgs:(1893,noefs=0,fails=1572)  fails:4,771,965  wrgs:5,652,004  wck:1693.7  ngds:116,265
    run3,107  dpts:58..105  robin:FrbaOnDom-Last  effs:348,553,840  asgs:(2249,noefs=0,fails=1650)  fails:4,773,615  wrgs:5,654,052  wck:1694.3  ngds:116,345
    run3,108  dpts:9..16  robin:Wdeg-Rand  effs:348,623,566  asgs:(1862,noefs=0,fails=1733)  fails:4,775,348  wrgs:5,655,889  wck:1694.7  ngds:116,371
    run3,109  dpts:65..96  robin:PickOnDom-First  effs:348,743,071  asgs:(2489,noefs=0,fails=1820)  fails:4,777,168  wrgs:5,658,191  wck:1695.4  ngds:116,395
    run3,110  dpts:24..48  robin:WdegOnDom-Last  effs:348,966,219  asgs:(2687,noefs=0,fails=1911)  fails:4,779,079  wrgs:5,660,697  wck:1696.6  ngds:116,419
    run3,111  dpts:37..69  robin:FrbaOnDom-Rand  effs:349,090,974  asgs:(2275,noefs=0,fails=2006)  fails:4,781,085  wrgs:5,662,890  wck:1697.2  ngds:116,518
    run3,112  dpts:10..21  robin:Wdeg-First  effs:349,236,100  asgs:(2348,noefs=0,fails=2107)  fails:4,783,192  wrgs:5,665,200  wck:1698.0  ngds:116,564
    run3,113  dpts:45..78  robin:PickOnDom-Last  effs:349,502,773  asgs:(2953,noefs=0,fails=2212)  fails:4,785,404  wrgs:5,667,937  wck:1699.4  ngds:116,572
    run3,114  dpts:25..34  robin:WdegOnDom-Rand  effs:349,673,254  asgs:(2675,noefs=0,fails=2323)  fails:4,787,727  wrgs:5,670,517  wck:1700.3  ngds:116,627
    run3,115  dpts:13..157  robin:FrbaOnDom-First  effs:349,861,594  asgs:(3191,noefs=0,fails=2439)  fails:4,790,166  wrgs:5,673,446  wck:1701.3  ngds:116,658
    run3,116  dpts:7..20  robin:Wdeg-Last  effs:350,053,906  asgs:(2960,noefs=0,fails=2561)  fails:4,792,727  wrgs:5,676,342  wck:1702.3  ngds:116,831
    run3,117  dpts:28..44  robin:PickOnDom-Rand  effs:350,301,765  asgs:(3300,noefs=0,fails=2689)  fails:4,795,416  wrgs:5,679,521  wck:1703.5  ngds:116,890
    run3,118  dpts:36..60  robin:WdegOnDom-First  effs:350,498,080  asgs:(3346,noefs=0,fails=2823)  fails:4,798,239  wrgs:5,682,748  wck:1704.5  ngds:116,973
    run3,119  dpts:36..99  robin:FrbaOnDom-Last  effs:350,639,911  asgs:(3286,noefs=0,fails=2964)  fails:4,801,203  wrgs:5,685,978  wck:1705.0  ngds:116,995
 ...resetting heuristics data (nValues:3,881 - nSingletons:187 - nEntailed:304)
    run3,120  dpts:32..45  robin:Wdeg-Rand  effs:350,774,161  asgs:(3312,noefs=0,fails=3113)  fails:4,804,316  wrgs:5,689,240  wck:1705.7  ngds:117,060
    run3,121  dpts:52..84  robin:PickOnDom-First  effs:351,003,388  asgs:(4841,noefs=1,fails=3268)  fails:4,807,584  wrgs:5,693,659  wck:1707.1  ngds:117,099
    run3,122  dpts:65..86  robin:WdegOnDom-Last  effs:351,316,143  asgs:(4350,noefs=0,fails=3432)  fails:4,811,016  wrgs:5,697,726  wck:1708.9  ngds:117,147
    run3,123  dpts:10..108  robin:FrbaOnDom-Rand  effs:351,593,718  asgs:(4690,noefs=0,fails=3603)  fails:4,814,619  wrgs:5,702,127  wck:1710.1  ngds:117,178
    run3,124  dpts:8..42  robin:Wdeg-First  effs:351,758,499  asgs:(4072,noefs=0,fails=3784)  fails:4,818,403  wrgs:5,706,156  wck:1711.1  ngds:117,210
    run3,125  dpts:6..64  robin:PickOnDom-Last  effs:352,012,648  asgs:(5835,noefs=0,fails=3973)  fails:4,822,376  wrgs:5,711,387  wck:1712.6  ngds:117,313
    run3,126  dpts:9..40  robin:WdegOnDom-Rand  effs:352,289,120  asgs:(4807,noefs=0,fails=4171)  fails:4,826,547  wrgs:5,716,059  wck:1714.2  ngds:117,450
    run3,127  dpts:52..120  robin:FrbaOnDom-First  effs:352,642,419  asgs:(6364,noefs=0,fails=4380)  fails:4,830,927  wrgs:5,721,521  wck:1716.4  ngds:117,489
    run3,128  dpts:2..25  robin:Wdeg-Last  effs:352,910,336  asgs:(4997,noefs=1,fails=4599)  fails:4,835,526  wrgs:5,726,483  wck:1717.7  ngds:117,579
    run3,129  dpts:8..73  robin:PickOnDom-Rand  effs:353,257,765  asgs:(6157,noefs=0,fails=4829)  fails:4,840,355  wrgs:5,732,250  wck:1719.8  ngds:117,666
    run3,130  dpts:87..98  robin:WdegOnDom-First  effs:353,601,053  asgs:(6190,noefs=0,fails=5071)  fails:4,845,426  wrgs:5,738,264  wck:1721.3  ngds:117,696
    run3,131  dpts:7..101  robin:FrbaOnDom-Last  effs:353,855,754  asgs:(6379,noefs=2,fails=5324)  fails:4,850,750  wrgs:5,744,326  wck:1722.6  ngds:117,739
    run3,132  dpts:7..16  robin:Wdeg-Rand  effs:354,125,794  asgs:(6031,noefs=0,fails=5590)  fails:4,856,340  wrgs:5,750,336  wck:1723.9  ngds:117,799
    run3,133  dpts:71..137  robin:PickOnDom-First  effs:354,608,886  asgs:(7085,noefs=0,fails=5870)  fails:4,862,210  wrgs:5,757,143  wck:1726.4  ngds:117,826
    run3,134  dpts:16..49  robin:WdegOnDom-Last  effs:355,126,584  asgs:(7548,noefs=0,fails=6163)  fails:4,868,373  wrgs:5,764,298  wck:1729.2  ngds:117,953
    run3,135  dpts:11..79  robin:FrbaOnDom-Rand  effs:355,630,478  asgs:(8168,noefs=0,fails=6472)  fails:4,874,845  wrgs:5,772,068  wck:1731.7  ngds:118,013
    run3,136  dpts:4..10  robin:Wdeg-First  effs:356,002,792  asgs:(7828,noefs=0,fails=6795)  fails:4,881,640  wrgs:5,779,861  wck:1733.5  ngds:118,107
    run3,137  dpts:33..64  robin:PickOnDom-Last  effs:356,568,543  asgs:(9037,noefs=0,fails=7135)  fails:4,888,775  wrgs:5,788,439  wck:1736.1  ngds:118,143
    run3,138  dpts:25..51  robin:WdegOnDom-Rand  effs:357,079,211  asgs:(8519,noefs=0,fails=7492)  fails:4,896,267  wrgs:5,796,780  wck:1738.6  ngds:118,196
    run3,139  dpts:45..115  robin:FrbaOnDom-First  effs:357,621,838  asgs:(9804,noefs=0,fails=7866)  fails:4,904,133  wrgs:5,805,796  wck:1741.6  ngds:118,234
    run3,140  dpts:4..20  robin:Wdeg-Last  effs:358,314,372  asgs:(9707,noefs=0,fails=8260)  fails:4,912,393  wrgs:5,815,321  wck:1745.7  ngds:118,357
    run3,141  dpts:26..65  robin:PickOnDom-Rand  effs:359,118,881  asgs:(10753,noefs=0,fails=8673)  fails:4,921,066  wrgs:5,825,643  wck:1750.5  ngds:118,450
    run3,142  dpts:28..87  robin:WdegOnDom-First  effs:359,822,692  asgs:(10720,noefs=0,fails=9106)  fails:4,930,172  wrgs:5,836,013  wck:1754.3  ngds:118,534
    run3,143  dpts:5..85  robin:FrbaOnDom-Last  effs:360,578,756  asgs:(11719,noefs=0,fails=9562)  fails:4,939,734  wrgs:5,847,314  wck:1758.8  ngds:118,574
    run3,144  dpts:4..19  robin:Wdeg-Rand  effs:361,515,621  asgs:(11418,noefs=0,fails=10040)  fails:4,949,774  wrgs:5,858,600  wck:1763.3  ngds:118,645
    run3,145  dpts:14..120  robin:PickOnDom-First  effs:362,274,103  asgs:(12963,noefs=0,fails=10542)  fails:4,960,316  wrgs:5,871,050  wck:1767.4  ngds:118,693
    run3,146  dpts:103..124  robin:WdegOnDom-Last  effs:363,352,932  asgs:(13792,noefs=0,fails=11069)  fails:4,971,385  wrgs:5,884,240  wck:1772.9  ngds:118,739
    run3,147  dpts:12..79  robin:FrbaOnDom-Rand  effs:364,265,008  asgs:(15589,noefs=1,fails=11622)  fails:4,983,007  wrgs:5,898,692  wck:1778.0  ngds:118,810
    run3,148  dpts:2..10  robin:Wdeg-First  effs:364,951,895  asgs:(13233,noefs=0,fails=12204)  fails:4,995,211  wrgs:5,911,881  wck:1781.3  ngds:118,880
    run3,149  dpts:78..111  robin:PickOnDom-Last  effs:366,879,908  asgs:(17318,noefs=0,fails=12814)  fails:5,008,025  wrgs:5,928,186  wck:1791.2  ngds:118,901
 ...resetting heuristics data (nValues:3,881 - nSingletons:187 - nEntailed:304)

s UNKNOWN

d FOUND SOLUTIONS  0

d WRONG DECISIONS  5,933,777  (3309.18 wrg/s)

d CPU        1788.019

d INCOMPLETE EXPLORATION
