c cmd: /host-parser-bin/kat_xcsp_b85de3f1_dirty_memguard64_directexpr_linkcost_20260521 /bench/competition/2022-2025/COP22to25/DC-rijndael-xor5-d1-t0-r08-keysize7-plainsize4_c22.xml.lzma --encoder order-ge --cop-objective-cut direct-expr --order-ge-table mdd-tl --order-ge-eq-ne direct-order --order-ge-direct-eq-ne-max-arity 2 --order-ge-shorten-link-cost --no-root-lp-bound --progress --memory-guard-gib 64 --memory-guard-fallback extprop
c 00h00m00s | solve:start
c 00h00m00s | input: constraints=22683
c 00h00m00s | stage:propagate:start
c 00h00m00s | stage:propagate:done ms=580 pruned=0 changed_domains=0 entailed_tables=0
c 00h00m00s | memory:rss checkpoint=after_propagate bytes=134164480
c 00h00m00s | stage:normalize:start
c 00h00m00s | stage:normalize:done ms=0 high_constraints=22683
c 00h00m00s | stage:lower:start
c 00h00m00s | stage:lower:done ms=93 lowered=22683 unsupported=0
c 00h00m00s | memory:rss checkpoint=after_lower bytes=134356992
c 00h00m00s | stage:post_lower:start
c 00h00m00s | stage:post_lower:done ms=5 rounds=0 tightened=0 removed_cls=0 removed_lits=0 unsat=false precise_hits=0 precise_rounds=0 pivot_recomputes=0 pivot_exact_attempts=0 pivot_general_attempts=0 pivot_general_rest_missing=0 pivot_general_bound_missing=0 pivot_general_no_change=0 pivot_general_tightened=0 setup_ms=1 loop_ms=1 pivot_ms=0 pivot_version_ms=0 pivot_exact_ms=0 pivot_general_ms=0 pivot_general_prepare_ms=0 pivot_general_rest_ms=0 pivot_general_derive_ms=0 apply_ms=2 sat_ms=0 precise_ms=0
c 00h00m00s | memory:rss checkpoint=after_post_lower bytes=134606848
c 00h00m00s | stage:lowered-shape int_vars=3552 bool_vars=0 linear_atoms=1 table_atoms=22682 table_tuples=502816 table_scope=103540 alldiff_atoms=0 circuit_atoms=0 product_atoms=0 logical_clauses=22683
c 00h00m00s | stage:root-lp:skip reason=disabled_by_option ms=0
c 00h00m00s | memory:rss checkpoint=before_preencode bytes=134615040
c 00h00m00s | stage:preencode(order-ge):start
c 00h00m00s | stage:preencode(order-ge):done ms=3 int_vars=3573
c 00h00m00s | memory:rss checkpoint=after_preencode bytes=134799360
c 00h00m00s | memory:guard limit_bytes=68719476736 rss_bytes=134799360 reserve_bytes=10737418240 available_bytes=57847259136 fallback=extprop
c 00h00m00s | stage:encode(order-ge-early-extprop-probe):done ms=261 estimated_total_clauses=131939
c 00h00m00s | memory:rss checkpoint=before_encode bytes=135061504
c 00h00m00s | stage:encode(order-ge):start
c 00h00m01s | stage:encode(order-ge):done ms=299 sat_vars=4012 sat_clauses=131939 ext_ge_specs=0 relaxed_circuits=0
c 00h00m01s | stage:sat:init solver=CaDiCaL vars=4012 clauses=131939
c 00h00m01s | stage:sat:solve:start assumptions=0 phase_lits=0
c 00h00m01s | stage:sat:solve:done ms=11 result=Sat assumptions=0 phase_lits=0
c 00h00m01s | stage:decode:start
c 00h00m01s | stage:decode:done int_assignments=3552
c 00h00m01s | result:Sat
c 00h00m01s | objective:incumbent kind=initial value=164 rounds=1 improvements=0
o 164
c 00h00m01s | stage:sat:init solver=CaDiCaL vars=4013 clauses=131939
c 00h00m01s | stage:sat:solve:start assumptions=1 phase_lits=3552
c 00h00m01s | stage:sat:solve:done ms=2 result=Sat assumptions=1 phase_lits=3552
c 00h00m01s | stage:decode:start
c 00h00m01s | stage:decode:done int_assignments=3552
c 00h00m01s | result:Sat
c 00h00m01s | objective:incumbent kind=improvement value=163 rounds=2 improvements=1
o 163
c 00h00m01s | stage:sat:init solver=CaDiCaL vars=4014 clauses=131940
c 00h00m01s | stage:sat:solve:start assumptions=1 phase_lits=3552
c 00h00m01s | stage:sat:solve:done ms=3 result=Sat assumptions=1 phase_lits=3552
c 00h00m01s | stage:decode:start
c 00h00m01s | stage:decode:done int_assignments=3552
c 00h00m01s | result:Sat
c 00h00m01s | objective:incumbent kind=improvement value=162 rounds=3 improvements=2
o 162
c 00h00m01s | stage:sat:init solver=CaDiCaL vars=4015 clauses=131941
c 00h00m01s | stage:sat:solve:start assumptions=1 phase_lits=3552
c 00h00m01s | stage:sat:solve:done ms=3 result=Sat assumptions=1 phase_lits=3552
c 00h00m01s | stage:decode:start
c 00h00m01s | stage:decode:done int_assignments=3552
c 00h00m01s | result:Sat
c 00h00m01s | objective:incumbent kind=improvement value=161 rounds=4 improvements=3
o 161
c 00h00m01s | stage:sat:init solver=CaDiCaL vars=4016 clauses=131942
c 00h00m01s | stage:sat:solve:start assumptions=1 phase_lits=3552
c 00h00m01s | stage:sat:solve:done ms=3 result=Sat assumptions=1 phase_lits=3552
c 00h00m01s | stage:decode:start
c 00h00m01s | stage:decode:done int_assignments=3552
c 00h00m01s | result:Sat
c 00h00m01s | objective:incumbent kind=improvement value=160 rounds=5 improvements=4
o 160
c 00h00m01s | stage:sat:init solver=CaDiCaL vars=4017 clauses=131943
c 00h00m01s | stage:sat:solve:start assumptions=1 phase_lits=3552
c 00h00m01s | stage:sat:solve:done ms=2 result=Sat assumptions=1 phase_lits=3552
c 00h00m01s | stage:decode:start
c 00h00m01s | stage:decode:done int_assignments=3552
c 00h00m01s | result:Sat
c 00h00m01s | objective:incumbent kind=improvement value=159 rounds=6 improvements=5
o 159
c 00h00m01s | stage:sat:init solver=CaDiCaL vars=4018 clauses=131944
c 00h00m01s | stage:sat:solve:start assumptions=1 phase_lits=3552
c 00h00m01s | stage:sat:solve:done ms=3 result=Sat assumptions=1 phase_lits=3552
c 00h00m01s | stage:decode:start
c 00h00m01s | stage:decode:done int_assignments=3552
c 00h00m01s | result:Sat
c 00h00m01s | objective:incumbent kind=improvement value=158 rounds=7 improvements=6
o 158
c 00h00m01s | stage:sat:init solver=CaDiCaL vars=4019 clauses=131945
c 00h00m01s | stage:sat:solve:start assumptions=1 phase_lits=3552
c 00h00m01s | stage:sat:solve:done ms=3 result=Sat assumptions=1 phase_lits=3552
c 00h00m01s | stage:decode:start
c 00h00m01s | stage:decode:done int_assignments=3552
c 00h00m01s | result:Sat
c 00h00m01s | objective:incumbent kind=improvement value=157 rounds=8 improvements=7
o 157
c 00h00m01s | stage:sat:init solver=CaDiCaL vars=4020 clauses=131946
c 00h00m01s | stage:sat:solve:start assumptions=1 phase_lits=3552
c 00h00m01s | stage:sat:solve:done ms=3 result=Sat assumptions=1 phase_lits=3552
c 00h00m01s | stage:decode:start
c 00h00m01s | stage:decode:done int_assignments=3552
c 00h00m01s | result:Sat
c 00h00m01s | objective:incumbent kind=improvement value=156 rounds=9 improvements=8
o 156
c 00h00m01s | stage:sat:init solver=CaDiCaL vars=4021 clauses=131947
c 00h00m01s | stage:sat:solve:start assumptions=1 phase_lits=3552
c 00h00m01s | stage:sat:solve:done ms=3 result=Sat assumptions=1 phase_lits=3552
c 00h00m01s | stage:decode:start
c 00h00m01s | stage:decode:done int_assignments=3552
c 00h00m01s | result:Sat
c 00h00m01s | objective:incumbent kind=improvement value=155 rounds=10 improvements=9
o 155
c 00h00m01s | stage:sat:init solver=CaDiCaL vars=4022 clauses=131948
c 00h00m01s | stage:sat:solve:start assumptions=1 phase_lits=3552
c 00h00m01s | stage:sat:solve:done ms=3 result=Sat assumptions=1 phase_lits=3552
c 00h00m01s | stage:decode:start
c 00h00m01s | stage:decode:done int_assignments=3552
c 00h00m01s | result:Sat
c 00h00m01s | objective:incumbent kind=improvement value=154 rounds=11 improvements=10
o 154
c 00h00m01s | stage:sat:init solver=CaDiCaL vars=4023 clauses=131949
c 00h00m01s | stage:sat:solve:start assumptions=1 phase_lits=3552
c 00h00m01s | stage:sat:solve:done ms=2 result=Sat assumptions=1 phase_lits=3552
c 00h00m01s | stage:decode:start
c 00h00m01s | stage:decode:done int_assignments=3552
c 00h00m01s | result:Sat
c 00h00m01s | objective:incumbent kind=improvement value=153 rounds=12 improvements=11
o 153
c 00h00m01s | stage:sat:init solver=CaDiCaL vars=4024 clauses=131950
c 00h00m01s | stage:sat:solve:start assumptions=1 phase_lits=3552
c 00h00m01s | stage:sat:solve:done ms=3 result=Sat assumptions=1 phase_lits=3552
c 00h00m01s | stage:decode:start
c 00h00m01s | stage:decode:done int_assignments=3552
c 00h00m01s | result:Sat
c 00h00m01s | objective:incumbent kind=improvement value=152 rounds=13 improvements=12
o 152
c 00h00m01s | stage:sat:init solver=CaDiCaL vars=4025 clauses=131951
c 00h00m01s | stage:sat:solve:start assumptions=1 phase_lits=3552
c 00h00m01s | stage:sat:solve:done ms=4 result=Sat assumptions=1 phase_lits=3552
c 00h00m01s | stage:decode:start
c 00h00m01s | stage:decode:done int_assignments=3552
c 00h00m01s | result:Sat
c 00h00m01s | objective:incumbent kind=improvement value=151 rounds=14 improvements=13
o 151
c 00h00m01s | stage:sat:init solver=CaDiCaL vars=4026 clauses=131952
c 00h00m01s | stage:sat:solve:start assumptions=1 phase_lits=3552
c 00h00m01s | stage:sat:solve:done ms=4 result=Sat assumptions=1 phase_lits=3552
c 00h00m01s | stage:decode:start
c 00h00m01s | stage:decode:done int_assignments=3552
c 00h00m01s | result:Sat
c 00h00m01s | objective:incumbent kind=improvement value=150 rounds=15 improvements=14
o 150
c 00h00m01s | stage:sat:init solver=CaDiCaL vars=4027 clauses=131953
c 00h00m01s | stage:sat:solve:start assumptions=1 phase_lits=3552
c 00h00m01s | stage:sat:solve:done ms=4 result=Sat assumptions=1 phase_lits=3552
c 00h00m01s | stage:decode:start
c 00h00m01s | stage:decode:done int_assignments=3552
c 00h00m01s | result:Sat
c 00h00m01s | objective:incumbent kind=improvement value=149 rounds=16 improvements=15
o 149
c 00h00m01s | stage:sat:init solver=CaDiCaL vars=4028 clauses=131954
c 00h00m01s | stage:sat:solve:start assumptions=1 phase_lits=3552
c 00h00m01s | stage:sat:solve:done ms=4 result=Sat assumptions=1 phase_lits=3552
c 00h00m01s | stage:decode:start
c 00h00m01s | stage:decode:done int_assignments=3552
c 00h00m01s | result:Sat
c 00h00m01s | objective:incumbent kind=improvement value=148 rounds=17 improvements=16
o 148
c 00h00m01s | stage:sat:init solver=CaDiCaL vars=4029 clauses=131955
c 00h00m01s | stage:sat:solve:start assumptions=1 phase_lits=3552
c 00h00m01s | stage:sat:solve:done ms=5 result=Sat assumptions=1 phase_lits=3552
c 00h00m01s | stage:decode:start
c 00h00m01s | stage:decode:done int_assignments=3552
c 00h00m01s | result:Sat
c 00h00m01s | objective:incumbent kind=improvement value=147 rounds=18 improvements=17
o 147
c 00h00m01s | stage:sat:init solver=CaDiCaL vars=4030 clauses=131956
c 00h00m01s | stage:sat:solve:start assumptions=1 phase_lits=3552
c 00h00m01s | stage:sat:solve:done ms=5 result=Sat assumptions=1 phase_lits=3552
c 00h00m01s | stage:decode:start
c 00h00m01s | stage:decode:done int_assignments=3552
c 00h00m01s | result:Sat
c 00h00m01s | objective:incumbent kind=improvement value=146 rounds=19 improvements=18
o 146
c 00h00m01s | stage:sat:init solver=CaDiCaL vars=4031 clauses=131957
c 00h00m01s | stage:sat:solve:start assumptions=1 phase_lits=3552
c 00h00m01s | stage:sat:solve:done ms=2 result=Sat assumptions=1 phase_lits=3552
c 00h00m01s | stage:decode:start
c 00h00m01s | stage:decode:done int_assignments=3552
c 00h00m01s | result:Sat
c 00h00m01s | objective:incumbent kind=improvement value=145 rounds=20 improvements=19
o 145
c 00h00m01s | stage:sat:init solver=CaDiCaL vars=4032 clauses=131958
c 00h00m01s | stage:sat:solve:start assumptions=1 phase_lits=3552
c 00h00m01s | stage:sat:solve:done ms=5 result=Sat assumptions=1 phase_lits=3552
c 00h00m01s | stage:decode:start
c 00h00m01s | stage:decode:done int_assignments=3552
c 00h00m01s | result:Sat
c 00h00m01s | objective:incumbent kind=improvement value=144 rounds=21 improvements=20
o 144
c 00h00m01s | stage:sat:init solver=CaDiCaL vars=4033 clauses=131959
c 00h00m01s | stage:sat:solve:start assumptions=1 phase_lits=3552
c 00h00m02s | stage:sat:solve:done ms=976 result=Sat assumptions=1 phase_lits=3552
c 00h00m02s | stage:decode:start
c 00h00m02s | stage:decode:done int_assignments=3552
c 00h00m02s | result:Sat
c 00h00m02s | objective:incumbent kind=improvement value=143 rounds=22 improvements=21
o 143
c 00h00m02s | stage:sat:init solver=CaDiCaL vars=4034 clauses=131960
c 00h00m02s | stage:sat:solve:start assumptions=1 phase_lits=3552
c 00h00m02s | stage:sat:solve:done ms=271 result=Sat assumptions=1 phase_lits=3552
c 00h00m02s | stage:decode:start
c 00h00m02s | stage:decode:done int_assignments=3552
c 00h00m02s | result:Sat
c 00h00m02s | objective:incumbent kind=improvement value=141 rounds=23 improvements=22
o 141
c 00h00m02s | stage:sat:init solver=CaDiCaL vars=4035 clauses=131961
c 00h00m02s | stage:sat:solve:start assumptions=1 phase_lits=3552
c 00h00m02s | stage:sat:solve:done ms=57 result=Sat assumptions=1 phase_lits=3552
c 00h00m02s | stage:decode:start
c 00h00m02s | stage:decode:done int_assignments=3552
c 00h00m02s | result:Sat
c 00h00m02s | objective:incumbent kind=improvement value=139 rounds=24 improvements=23
o 139
c 00h00m02s | stage:sat:init solver=CaDiCaL vars=4036 clauses=131962
c 00h00m02s | stage:sat:solve:start assumptions=1 phase_lits=3552
c 00h00m02s | stage:sat:solve:done ms=14 result=Sat assumptions=1 phase_lits=3552
c 00h00m02s | stage:decode:start
c 00h00m02s | stage:decode:done int_assignments=3552
c 00h00m02s | result:Sat
c 00h00m02s | objective:incumbent kind=improvement value=137 rounds=25 improvements=24
o 137
c 00h00m02s | stage:sat:init solver=CaDiCaL vars=4037 clauses=131963
c 00h00m02s | stage:sat:solve:start assumptions=1 phase_lits=3552
c 00h00m02s | stage:sat:solve:done ms=7 result=Sat assumptions=1 phase_lits=3552
c 00h00m02s | stage:decode:start
c 00h00m02s | stage:decode:done int_assignments=3552
c 00h00m02s | result:Sat
c 00h00m02s | objective:incumbent kind=improvement value=135 rounds=26 improvements=25
o 135
c 00h00m02s | stage:sat:init solver=CaDiCaL vars=4038 clauses=131964
c 00h00m02s | stage:sat:solve:start assumptions=1 phase_lits=3552
c 00h00m03s | stage:sat:solve:done ms=131 result=Sat assumptions=1 phase_lits=3552
c 00h00m03s | stage:decode:start
c 00h00m03s | stage:decode:done int_assignments=3552
c 00h00m03s | result:Sat
c 00h00m03s | objective:incumbent kind=improvement value=133 rounds=27 improvements=26
o 133
c 00h00m03s | stage:sat:init solver=CaDiCaL vars=4039 clauses=131965
c 00h00m03s | stage:sat:solve:start assumptions=1 phase_lits=3552
c 00h00m03s | stage:sat:solve:done ms=14 result=Sat assumptions=1 phase_lits=3552
c 00h00m03s | stage:decode:start
c 00h00m03s | stage:decode:done int_assignments=3552
c 00h00m03s | result:Sat
c 00h00m03s | objective:incumbent kind=improvement value=132 rounds=28 improvements=27
o 132
c 00h00m03s | stage:sat:init solver=CaDiCaL vars=4040 clauses=131966
c 00h00m03s | stage:sat:solve:start assumptions=1 phase_lits=3552
c 00h00m03s | stage:sat:solve:done ms=14 result=Sat assumptions=1 phase_lits=3552
c 00h00m03s | stage:decode:start
c 00h00m03s | stage:decode:done int_assignments=3552
c 00h00m03s | result:Sat
c 00h00m03s | objective:incumbent kind=improvement value=131 rounds=29 improvements=28
o 131
c 00h00m03s | stage:sat:init solver=CaDiCaL vars=4041 clauses=131967
c 00h00m03s | stage:sat:solve:start assumptions=1 phase_lits=3552
c 00h00m03s | stage:sat:solve:done ms=12 result=Sat assumptions=1 phase_lits=3552
c 00h00m03s | stage:decode:start
c 00h00m03s | stage:decode:done int_assignments=3552
c 00h00m03s | result:Sat
c 00h00m03s | objective:incumbent kind=improvement value=130 rounds=30 improvements=29
o 130
c 00h00m03s | stage:sat:init solver=CaDiCaL vars=4042 clauses=131968
c 00h00m03s | stage:sat:solve:start assumptions=1 phase_lits=3552
c 00h00m03s | stage:sat:solve:done ms=5 result=Sat assumptions=1 phase_lits=3552
c 00h00m03s | stage:decode:start
c 00h00m03s | stage:decode:done int_assignments=3552
c 00h00m03s | result:Sat
c 00h00m03s | objective:incumbent kind=improvement value=129 rounds=31 improvements=30
o 129
c 00h00m03s | stage:sat:init solver=CaDiCaL vars=4043 clauses=131969
c 00h00m03s | stage:sat:solve:start assumptions=1 phase_lits=3552
c 00h00m03s | stage:sat:solve:done ms=68 result=Sat assumptions=1 phase_lits=3552
c 00h00m03s | stage:decode:start
c 00h00m03s | stage:decode:done int_assignments=3552
c 00h00m03s | result:Sat
c 00h00m03s | objective:incumbent kind=improvement value=127 rounds=32 improvements=31
o 127
c 00h00m03s | stage:sat:init solver=CaDiCaL vars=4044 clauses=131970
c 00h00m03s | stage:sat:solve:start assumptions=1 phase_lits=3552
c 00h00m03s | stage:sat:solve:done ms=13 result=Sat assumptions=1 phase_lits=3552
c 00h00m03s | stage:decode:start
c 00h00m03s | stage:decode:done int_assignments=3552
c 00h00m03s | result:Sat
c 00h00m03s | objective:incumbent kind=improvement value=126 rounds=33 improvements=32
o 126
c 00h00m03s | stage:sat:init solver=CaDiCaL vars=4045 clauses=131971
c 00h00m03s | stage:sat:solve:start assumptions=1 phase_lits=3552
c 00h00m03s | stage:sat:solve:done ms=15 result=Sat assumptions=1 phase_lits=3552
c 00h00m03s | stage:decode:start
c 00h00m03s | stage:decode:done int_assignments=3552
c 00h00m03s | result:Sat
c 00h00m03s | objective:incumbent kind=improvement value=125 rounds=34 improvements=33
o 125
c 00h00m03s | stage:sat:init solver=CaDiCaL vars=4046 clauses=131972
c 00h00m03s | stage:sat:solve:start assumptions=1 phase_lits=3552
c 00h00m03s | stage:sat:solve:done ms=15 result=Sat assumptions=1 phase_lits=3552
c 00h00m03s | stage:decode:start
c 00h00m03s | stage:decode:done int_assignments=3552
c 00h00m03s | result:Sat
c 00h00m03s | objective:incumbent kind=improvement value=124 rounds=35 improvements=34
o 124
c 00h00m03s | stage:sat:init solver=CaDiCaL vars=4047 clauses=131973
c 00h00m03s | stage:sat:solve:start assumptions=1 phase_lits=3552
c 00h00m03s | stage:sat:solve:done ms=13 result=Sat assumptions=1 phase_lits=3552
c 00h00m03s | stage:decode:start
c 00h00m03s | stage:decode:done int_assignments=3552
c 00h00m03s | result:Sat
c 00h00m03s | objective:incumbent kind=improvement value=123 rounds=36 improvements=35
o 123
c 00h00m03s | stage:sat:init solver=CaDiCaL vars=4048 clauses=131974
c 00h00m03s | stage:sat:solve:start assumptions=1 phase_lits=3552
c 00h00m03s | stage:sat:solve:done ms=13 result=Sat assumptions=1 phase_lits=3552
c 00h00m03s | stage:decode:start
c 00h00m03s | stage:decode:done int_assignments=3552
c 00h00m03s | result:Sat
c 00h00m03s | objective:incumbent kind=improvement value=122 rounds=37 improvements=36
o 122
c 00h00m03s | stage:sat:init solver=CaDiCaL vars=4049 clauses=131975
c 00h00m03s | stage:sat:solve:start assumptions=1 phase_lits=3552
c 00h00m03s | stage:sat:solve:done ms=15 result=Sat assumptions=1 phase_lits=3552
c 00h00m03s | stage:decode:start
c 00h00m03s | stage:decode:done int_assignments=3552
c 00h00m03s | result:Sat
c 00h00m03s | objective:incumbent kind=improvement value=121 rounds=38 improvements=37
o 121
c 00h00m03s | stage:sat:init solver=CaDiCaL vars=4050 clauses=131976
c 00h00m03s | stage:sat:solve:start assumptions=1 phase_lits=3552
c 00h00m03s | stage:sat:solve:done ms=11 result=Sat assumptions=1 phase_lits=3552
c 00h00m03s | stage:decode:start
c 00h00m03s | stage:decode:done int_assignments=3552
c 00h00m03s | result:Sat
c 00h00m03s | objective:incumbent kind=improvement value=120 rounds=39 improvements=38
o 120
c 00h00m03s | stage:sat:init solver=CaDiCaL vars=4051 clauses=131977
c 00h00m03s | stage:sat:solve:start assumptions=1 phase_lits=3552
c 00h00m03s | stage:sat:solve:done ms=3 result=Sat assumptions=1 phase_lits=3552
c 00h00m03s | stage:decode:start
c 00h00m03s | stage:decode:done int_assignments=3552
c 00h00m03s | result:Sat
c 00h00m03s | objective:incumbent kind=improvement value=119 rounds=40 improvements=39
o 119
c 00h00m03s | stage:sat:init solver=CaDiCaL vars=4052 clauses=131978
c 00h00m03s | stage:sat:solve:start assumptions=1 phase_lits=3552
c 00h00m03s | stage:sat:solve:done ms=10 result=Sat assumptions=1 phase_lits=3552
c 00h00m03s | stage:decode:start
c 00h00m03s | stage:decode:done int_assignments=3552
c 00h00m03s | result:Sat
c 00h00m03s | objective:incumbent kind=improvement value=117 rounds=41 improvements=40
o 117
c 00h00m03s | stage:sat:init solver=CaDiCaL vars=4053 clauses=131979
c 00h00m03s | stage:sat:solve:start assumptions=1 phase_lits=3552
c 00h00m03s | stage:sat:solve:done ms=4 result=Sat assumptions=1 phase_lits=3552
c 00h00m03s | stage:decode:start
c 00h00m03s | stage:decode:done int_assignments=3552
c 00h00m03s | result:Sat
c 00h00m03s | objective:incumbent kind=improvement value=115 rounds=42 improvements=41
o 115
c 00h00m03s | stage:sat:init solver=CaDiCaL vars=4054 clauses=131980
c 00h00m03s | stage:sat:solve:start assumptions=1 phase_lits=3552
c 00h00m03s | stage:sat:solve:done ms=3 result=Sat assumptions=1 phase_lits=3552
c 00h00m03s | stage:decode:start
c 00h00m03s | stage:decode:done int_assignments=3552
c 00h00m03s | result:Sat
c 00h00m03s | objective:incumbent kind=improvement value=114 rounds=43 improvements=42
o 114
c 00h00m03s | stage:sat:init solver=CaDiCaL vars=4055 clauses=131981
c 00h00m03s | stage:sat:solve:start assumptions=1 phase_lits=3552
c 00h00m03s | stage:sat:solve:done ms=3 result=Sat assumptions=1 phase_lits=3552
c 00h00m03s | stage:decode:start
c 00h00m03s | stage:decode:done int_assignments=3552
c 00h00m03s | result:Sat
c 00h00m03s | objective:incumbent kind=improvement value=113 rounds=44 improvements=43
o 113
c 00h00m03s | stage:sat:init solver=CaDiCaL vars=4056 clauses=131982
c 00h00m03s | stage:sat:solve:start assumptions=1 phase_lits=3552
c 00h00m03s | stage:sat:solve:done ms=3 result=Sat assumptions=1 phase_lits=3552
c 00h00m03s | stage:decode:start
c 00h00m03s | stage:decode:done int_assignments=3552
c 00h00m03s | result:Sat
c 00h00m03s | objective:incumbent kind=improvement value=112 rounds=45 improvements=44
o 112
c 00h00m03s | stage:sat:init solver=CaDiCaL vars=4057 clauses=131983
c 00h00m03s | stage:sat:solve:start assumptions=1 phase_lits=3552
c 00h00m03s | stage:sat:solve:done ms=3 result=Sat assumptions=1 phase_lits=3552
c 00h00m03s | stage:decode:start
c 00h00m03s | stage:decode:done int_assignments=3552
c 00h00m03s | result:Sat
c 00h00m03s | objective:incumbent kind=improvement value=111 rounds=46 improvements=45
o 111
c 00h00m03s | stage:sat:init solver=CaDiCaL vars=4058 clauses=131984
c 00h00m03s | stage:sat:solve:start assumptions=1 phase_lits=3552
c 00h00m03s | stage:sat:solve:done ms=3 result=Sat assumptions=1 phase_lits=3552
c 00h00m03s | stage:decode:start
c 00h00m03s | stage:decode:done int_assignments=3552
c 00h00m03s | result:Sat
c 00h00m03s | objective:incumbent kind=improvement value=110 rounds=47 improvements=46
o 110
c 00h00m03s | stage:sat:init solver=CaDiCaL vars=4059 clauses=131985
c 00h00m03s | stage:sat:solve:start assumptions=1 phase_lits=3552
c 00h00m03s | stage:sat:solve:done ms=3 result=Sat assumptions=1 phase_lits=3552
c 00h00m03s | stage:decode:start
c 00h00m03s | stage:decode:done int_assignments=3552
c 00h00m03s | result:Sat
c 00h00m03s | objective:incumbent kind=improvement value=109 rounds=48 improvements=47
o 109
c 00h00m03s | stage:sat:init solver=CaDiCaL vars=4060 clauses=131986
c 00h00m03s | stage:sat:solve:start assumptions=1 phase_lits=3552
c 00h00m03s | stage:sat:solve:done ms=3 result=Sat assumptions=1 phase_lits=3552
c 00h00m03s | stage:decode:start
c 00h00m03s | stage:decode:done int_assignments=3552
c 00h00m03s | result:Sat
c 00h00m03s | objective:incumbent kind=improvement value=108 rounds=49 improvements=48
o 108
c 00h00m03s | stage:sat:init solver=CaDiCaL vars=4061 clauses=131987
c 00h00m03s | stage:sat:solve:start assumptions=1 phase_lits=3552
c 00h00m03s | stage:sat:solve:done ms=3 result=Sat assumptions=1 phase_lits=3552
c 00h00m03s | stage:decode:start
c 00h00m03s | stage:decode:done int_assignments=3552
c 00h00m03s | result:Sat
c 00h00m03s | objective:incumbent kind=improvement value=107 rounds=50 improvements=49
o 107
c 00h00m03s | stage:sat:init solver=CaDiCaL vars=4062 clauses=131988
c 00h00m03s | stage:sat:solve:start assumptions=1 phase_lits=3552
c 00h00m03s | stage:sat:solve:done ms=3 result=Sat assumptions=1 phase_lits=3552
c 00h00m03s | stage:decode:start
c 00h00m03s | stage:decode:done int_assignments=3552
c 00h00m03s | result:Sat
c 00h00m03s | objective:incumbent kind=improvement value=106 rounds=51 improvements=50
o 106
c 00h00m03s | stage:sat:init solver=CaDiCaL vars=4063 clauses=131989
c 00h00m03s | stage:sat:solve:start assumptions=1 phase_lits=3552
c 00h00m03s | stage:sat:solve:done ms=9 result=Sat assumptions=1 phase_lits=3552
c 00h00m03s | stage:decode:start
c 00h00m03s | stage:decode:done int_assignments=3552
c 00h00m03s | result:Sat
c 00h00m03s | objective:incumbent kind=improvement value=105 rounds=52 improvements=51
o 105
c 00h00m03s | stage:sat:init solver=CaDiCaL vars=4064 clauses=131990
c 00h00m03s | stage:sat:solve:start assumptions=1 phase_lits=3552
c 00h00m04s | stage:sat:solve:done ms=1306 result=Sat assumptions=1 phase_lits=3552
c 00h00m04s | stage:decode:start
c 00h00m04s | stage:decode:done int_assignments=3552
c 00h00m04s | result:Sat
c 00h00m04s | objective:incumbent kind=improvement value=104 rounds=53 improvements=52
o 104
c 00h00m04s | stage:sat:init solver=CaDiCaL vars=4065 clauses=131991
c 00h00m04s | stage:sat:solve:start assumptions=1 phase_lits=3552
c 00h00m05s | stage:sat:solve:done ms=595 result=Sat assumptions=1 phase_lits=3552
c 00h00m05s | stage:decode:start
c 00h00m05s | stage:decode:done int_assignments=3552
c 00h00m05s | result:Sat
c 00h00m05s | objective:incumbent kind=improvement value=103 rounds=54 improvements=53
o 103
c 00h00m05s | stage:sat:init solver=CaDiCaL vars=4066 clauses=131992
c 00h00m05s | stage:sat:solve:start assumptions=1 phase_lits=3552
c 00h00m05s | stage:sat:solve:done ms=539 result=Sat assumptions=1 phase_lits=3552
c 00h00m05s | stage:decode:start
c 00h00m05s | stage:decode:done int_assignments=3552
c 00h00m05s | result:Sat
c 00h00m05s | objective:incumbent kind=improvement value=102 rounds=55 improvements=54
o 102
c 00h00m05s | stage:sat:init solver=CaDiCaL vars=4067 clauses=131993
c 00h00m05s | stage:sat:solve:start assumptions=1 phase_lits=3552
c 00h00m06s | stage:sat:solve:done ms=529 result=Sat assumptions=1 phase_lits=3552
c 00h00m06s | stage:decode:start
c 00h00m06s | stage:decode:done int_assignments=3552
c 00h00m06s | result:Sat
c 00h00m06s | objective:incumbent kind=improvement value=101 rounds=56 improvements=55
o 101
c 00h00m06s | stage:sat:init solver=CaDiCaL vars=4068 clauses=131994
c 00h00m06s | stage:sat:solve:start assumptions=1 phase_lits=3552
c 00h00m06s | stage:sat:solve:done ms=541 result=Sat assumptions=1 phase_lits=3552
c 00h00m06s | stage:decode:start
c 00h00m06s | stage:decode:done int_assignments=3552
c 00h00m06s | result:Sat
c 00h00m06s | objective:incumbent kind=improvement value=100 rounds=57 improvements=56
o 100
c 00h00m06s | stage:sat:init solver=CaDiCaL vars=4069 clauses=131995
c 00h00m06s | stage:sat:solve:start assumptions=1 phase_lits=3552
c 00h00m07s | stage:sat:solve:done ms=647 result=Sat assumptions=1 phase_lits=3552
c 00h00m07s | stage:decode:start
c 00h00m07s | stage:decode:done int_assignments=3552
c 00h00m07s | result:Sat
c 00h00m07s | objective:incumbent kind=improvement value=99 rounds=58 improvements=57
o 99
c 00h00m07s | stage:sat:init solver=CaDiCaL vars=4070 clauses=131996
c 00h00m07s | stage:sat:solve:start assumptions=1 phase_lits=3552
c 00h00m08s | stage:sat:solve:done ms=516 result=Sat assumptions=1 phase_lits=3552
c 00h00m08s | stage:decode:start
c 00h00m08s | stage:decode:done int_assignments=3552
c 00h00m08s | result:Sat
c 00h00m08s | objective:incumbent kind=improvement value=98 rounds=59 improvements=58
o 98
c 00h00m08s | stage:sat:init solver=CaDiCaL vars=4071 clauses=131997
c 00h00m08s | stage:sat:solve:start assumptions=1 phase_lits=3552
c 00h00m09s | stage:sat:solve:done ms=1737 result=Sat assumptions=1 phase_lits=3552
c 00h00m09s | stage:decode:start
c 00h00m09s | stage:decode:done int_assignments=3552
c 00h00m09s | result:Sat
c 00h00m09s | objective:incumbent kind=improvement value=97 rounds=60 improvements=59
o 97
c 00h00m09s | stage:sat:init solver=CaDiCaL vars=4072 clauses=131998
c 00h00m09s | stage:sat:solve:start assumptions=1 phase_lits=3552
c 00h00m11s | stage:sat:solve:done ms=1680 result=Sat assumptions=1 phase_lits=3552
c 00h00m11s | stage:decode:start
c 00h00m11s | stage:decode:done int_assignments=3552
c 00h00m11s | result:Sat
c 00h00m11s | objective:incumbent kind=improvement value=96 rounds=61 improvements=60
o 96
c 00h00m11s | stage:sat:init solver=CaDiCaL vars=4073 clauses=131999
c 00h00m11s | stage:sat:solve:start assumptions=1 phase_lits=3552
c 00h00m12s | stage:sat:solve:done ms=548 result=Sat assumptions=1 phase_lits=3552
c 00h00m12s | stage:decode:start
c 00h00m12s | stage:decode:done int_assignments=3552
c 00h00m12s | result:Sat
c 00h00m12s | objective:incumbent kind=improvement value=95 rounds=62 improvements=61
o 95
c 00h00m12s | stage:sat:init solver=CaDiCaL vars=4074 clauses=132000
c 00h00m12s | stage:sat:solve:start assumptions=1 phase_lits=3552
c 00h00m13s | stage:sat:solve:done ms=1652 result=Sat assumptions=1 phase_lits=3552
c 00h00m13s | stage:decode:start
c 00h00m13s | stage:decode:done int_assignments=3552
c 00h00m13s | result:Sat
c 00h00m13s | objective:incumbent kind=improvement value=94 rounds=63 improvements=62
o 94
c 00h00m13s | stage:sat:init solver=CaDiCaL vars=4075 clauses=132001
c 00h00m13s | stage:sat:solve:start assumptions=1 phase_lits=3552
c 00h00m15s | stage:sat:solve:done ms=1569 result=Sat assumptions=1 phase_lits=3552
c 00h00m15s | stage:decode:start
c 00h00m15s | stage:decode:done int_assignments=3552
c 00h00m15s | result:Sat
c 00h00m15s | objective:incumbent kind=improvement value=93 rounds=64 improvements=63
o 93
c 00h00m15s | stage:sat:init solver=CaDiCaL vars=4076 clauses=132002
c 00h00m15s | stage:sat:solve:start assumptions=1 phase_lits=3552
c 00h00m17s | stage:sat:solve:done ms=1711 result=Sat assumptions=1 phase_lits=3552
c 00h00m17s | stage:decode:start
c 00h00m17s | stage:decode:done int_assignments=3552
c 00h00m17s | result:Sat
c 00h00m17s | objective:incumbent kind=improvement value=92 rounds=65 improvements=64
o 92
c 00h00m17s | stage:sat:init solver=CaDiCaL vars=4077 clauses=132003
c 00h00m17s | stage:sat:solve:start assumptions=1 phase_lits=3552
c 00h00m19s | stage:sat:solve:done ms=1961 result=Sat assumptions=1 phase_lits=3552
c 00h00m19s | stage:decode:start
c 00h00m19s | stage:decode:done int_assignments=3552
c 00h00m19s | result:Sat
c 00h00m19s | objective:incumbent kind=improvement value=91 rounds=66 improvements=65
o 91
c 00h00m19s | stage:sat:init solver=CaDiCaL vars=4078 clauses=132004
c 00h00m19s | stage:sat:solve:start assumptions=1 phase_lits=3552
c 00h00m21s | stage:sat:solve:done ms=2909 result=Sat assumptions=1 phase_lits=3552
c 00h00m21s | stage:decode:start
c 00h00m21s | stage:decode:done int_assignments=3552
c 00h00m21s | result:Sat
c 00h00m21s | objective:incumbent kind=improvement value=90 rounds=67 improvements=66
o 90
c 00h00m21s | stage:sat:init solver=CaDiCaL vars=4079 clauses=132005
c 00h00m21s | stage:sat:solve:start assumptions=1 phase_lits=3552
c 00h00m24s | stage:sat:solve:done ms=2287 result=Sat assumptions=1 phase_lits=3552
c 00h00m24s | stage:decode:start
c 00h00m24s | stage:decode:done int_assignments=3552
c 00h00m24s | result:Sat
c 00h00m24s | objective:incumbent kind=improvement value=89 rounds=68 improvements=67
o 89
c 00h00m24s | stage:sat:init solver=CaDiCaL vars=4080 clauses=132006
c 00h00m24s | stage:sat:solve:start assumptions=1 phase_lits=3552
c 00h00m26s | stage:sat:solve:done ms=2530 result=Sat assumptions=1 phase_lits=3552
c 00h00m26s | stage:decode:start
c 00h00m26s | stage:decode:done int_assignments=3552
c 00h00m26s | result:Sat
c 00h00m26s | objective:incumbent kind=improvement value=88 rounds=69 improvements=68
o 88
c 00h00m26s | stage:sat:init solver=CaDiCaL vars=4081 clauses=132007
c 00h00m26s | stage:sat:solve:start assumptions=1 phase_lits=3552
c 00h00m30s | stage:sat:solve:done ms=3518 result=Sat assumptions=1 phase_lits=3552
c 00h00m30s | stage:decode:start
c 00h00m30s | stage:decode:done int_assignments=3552
c 00h00m30s | result:Sat
c 00h00m30s | objective:incumbent kind=improvement value=87 rounds=70 improvements=69
o 87
c 00h00m30s | stage:sat:init solver=CaDiCaL vars=4082 clauses=132008
c 00h00m30s | stage:sat:solve:start assumptions=1 phase_lits=3552
c 00h00m33s | stage:sat:solve:done ms=3175 result=Sat assumptions=1 phase_lits=3552
c 00h00m33s | stage:decode:start
c 00h00m33s | stage:decode:done int_assignments=3552
c 00h00m33s | result:Sat
c 00h00m33s | objective:incumbent kind=improvement value=86 rounds=71 improvements=70
o 86
c 00h00m33s | stage:sat:init solver=CaDiCaL vars=4083 clauses=132009
c 00h00m33s | stage:sat:solve:start assumptions=1 phase_lits=3552
c 00h00m51s | stage:sat:solve:done ms=17503 result=Sat assumptions=1 phase_lits=3552
c 00h00m51s | stage:decode:start
c 00h00m51s | stage:decode:done int_assignments=3552
c 00h00m51s | result:Sat
c 00h00m51s | objective:incumbent kind=improvement value=85 rounds=72 improvements=71
o 85
c 00h00m51s | stage:sat:init solver=CaDiCaL vars=4084 clauses=132010
c 00h00m51s | stage:sat:solve:start assumptions=1 phase_lits=3552
c 00h01m00s | stage:sat:solve:done ms=9389 result=Sat assumptions=1 phase_lits=3552
c 00h01m00s | stage:decode:start
c 00h01m00s | stage:decode:done int_assignments=3552
c 00h01m00s | result:Sat
c 00h01m00s | objective:incumbent kind=improvement value=84 rounds=73 improvements=72
o 84
c 00h01m00s | stage:sat:init solver=CaDiCaL vars=4085 clauses=132011
c 00h01m00s | stage:sat:solve:start assumptions=1 phase_lits=3552
c 00h01m09s | stage:sat:solve:done ms=8792 result=Sat assumptions=1 phase_lits=3552
c 00h01m09s | stage:decode:start
c 00h01m09s | stage:decode:done int_assignments=3552
c 00h01m09s | result:Sat
c 00h01m09s | objective:incumbent kind=improvement value=83 rounds=74 improvements=73
o 83
c 00h01m09s | stage:sat:init solver=CaDiCaL vars=4086 clauses=132012
c 00h01m09s | stage:sat:solve:start assumptions=1 phase_lits=3552
c 00h01m43s | stage:sat:solve:done ms=34077 result=Sat assumptions=1 phase_lits=3552
c 00h01m43s | stage:decode:start
c 00h01m43s | stage:decode:done int_assignments=3552
c 00h01m43s | result:Sat
c 00h01m43s | objective:incumbent kind=improvement value=82 rounds=75 improvements=74
o 82
c 00h01m43s | stage:sat:init solver=CaDiCaL vars=4087 clauses=132013
c 00h01m43s | stage:sat:solve:start assumptions=1 phase_lits=3552
c 00h02m00s | stage:sat:solve:done ms=17468 result=Sat assumptions=1 phase_lits=3552
c 00h02m00s | stage:decode:start
c 00h02m00s | stage:decode:done int_assignments=3552
c 00h02m00s | result:Sat
c 00h02m00s | objective:incumbent kind=improvement value=81 rounds=76 improvements=75
o 81
c 00h02m00s | stage:sat:init solver=CaDiCaL vars=4088 clauses=132014
c 00h02m00s | stage:sat:solve:start assumptions=1 phase_lits=3552
c 00h02m11s | stage:sat:solve:done ms=11058 result=Sat assumptions=1 phase_lits=3552
c 00h02m11s | stage:decode:start
c 00h02m11s | stage:decode:done int_assignments=3552
c 00h02m11s | result:Sat
c 00h02m11s | objective:incumbent kind=improvement value=80 rounds=77 improvements=76
o 80
c 00h02m11s | stage:sat:init solver=CaDiCaL vars=4089 clauses=132015
c 00h02m11s | stage:sat:solve:start assumptions=1 phase_lits=3552
c 00h03m23s | stage:sat:solve:done ms=71733 result=Sat assumptions=1 phase_lits=3552
c 00h03m23s | stage:decode:start
c 00h03m23s | stage:decode:done int_assignments=3552
c 00h03m23s | result:Sat
c 00h03m23s | objective:incumbent kind=improvement value=79 rounds=78 improvements=77
o 79
c 00h03m23s | stage:sat:init solver=CaDiCaL vars=4090 clauses=132016
c 00h03m23s | stage:sat:solve:start assumptions=1 phase_lits=3552
c 00h03m51s | stage:sat:solve:done ms=27966 result=Sat assumptions=1 phase_lits=3552
c 00h03m51s | stage:decode:start
c 00h03m51s | stage:decode:done int_assignments=3552
c 00h03m51s | result:Sat
c 00h03m51s | objective:incumbent kind=improvement value=78 rounds=79 improvements=78
o 78
c 00h03m51s | stage:sat:init solver=CaDiCaL vars=4091 clauses=132017
c 00h03m51s | stage:sat:solve:start assumptions=1 phase_lits=3552
c 00h04m24s | stage:sat:solve:done ms=32761 result=Sat assumptions=1 phase_lits=3552
c 00h04m24s | stage:decode:start
c 00h04m24s | stage:decode:done int_assignments=3552
c 00h04m24s | result:Sat
c 00h04m24s | objective:incumbent kind=improvement value=77 rounds=80 improvements=79
o 77
c 00h04m24s | stage:sat:init solver=CaDiCaL vars=4092 clauses=132018
c 00h04m24s | stage:sat:solve:start assumptions=1 phase_lits=3552
c 00h04m32s | stage:sat:solve:done ms=8078 result=Sat assumptions=1 phase_lits=3552
c 00h04m32s | stage:decode:start
c 00h04m32s | stage:decode:done int_assignments=3552
c 00h04m32s | result:Sat
c 00h04m32s | objective:incumbent kind=improvement value=76 rounds=81 improvements=80
o 76
c 00h04m32s | stage:sat:init solver=CaDiCaL vars=4093 clauses=132019
c 00h04m32s | stage:sat:solve:start assumptions=1 phase_lits=3552
c 00h05m14s | stage:sat:solve:done ms=42147 result=Sat assumptions=1 phase_lits=3552
c 00h05m14s | stage:decode:start
c 00h05m14s | stage:decode:done int_assignments=3552
c 00h05m14s | result:Sat
c 00h05m14s | objective:incumbent kind=improvement value=75 rounds=82 improvements=81
o 75
c 00h05m14s | stage:sat:init solver=CaDiCaL vars=4094 clauses=132020
c 00h05m14s | stage:sat:solve:start assumptions=1 phase_lits=3552
c 00h06m41s | stage:sat:solve:done ms=87154 result=Sat assumptions=1 phase_lits=3552
c 00h06m41s | stage:decode:start
c 00h06m41s | stage:decode:done int_assignments=3552
c 00h06m41s | result:Sat
c 00h06m41s | objective:incumbent kind=improvement value=74 rounds=83 improvements=82
o 74
c 00h06m41s | stage:sat:init solver=CaDiCaL vars=4095 clauses=132021
c 00h06m41s | stage:sat:solve:start assumptions=1 phase_lits=3552
c 00h16m00s | stage:sat:solve:done ms=558633 result=Sat assumptions=1 phase_lits=3552
c 00h16m00s | stage:decode:start
c 00h16m00s | stage:decode:done int_assignments=3552
c 00h16m00s | result:Sat
c 00h16m00s | objective:incumbent kind=improvement value=73 rounds=84 improvements=83
o 73
c 00h16m00s | stage:sat:init solver=CaDiCaL vars=4096 clauses=132022
c 00h16m00s | stage:sat:solve:start assumptions=1 phase_lits=3552
s SATISFIABLE
o 73
v <instantiation>
v   <list> K_0_4 K_0_5 K_0_6 K_1_4 K_1_5 K_1_6 K_2_4 K_2_5 K_2_6 K_3_4 K_3_5 K_3_6 K_1_0_0 K_1_0_1 K_1_0_2 K_1_0_3 K_1_0_4 K_1_0_5 K_1_0_6 K_1_1_0 K_1_1_1 K_1_1_2 K_1_1_3 K_1_1_4 K_1_1_5 K_1_1_6 K_1_2_0 K_1_2_1 K_1_2_2 K_1_2_3 K_1_2_4 K_1_2_5 K_1_2_6 K_1_3_0 K_1_3_1 K_1_3_2 K_1_3_3 K_1_3_4 K_1_3_5 K_1_3_6 K_1_sub_int_0 K_1_sub_int_1 K_1_sub_int_2 K_1_sub_int_3 K_1_sub_rot_0 K_1_sub_rot_1 K_1_sub_rot_2 K_1_sub_rot_3 K_2_0_0 K_2_0_1 K_2_0_2 K_2_0_3 K_2_0_4 K_2_0_5 K_2_0_6 K_2_1_0 K_2_1_1 K_2_1_2 K_2_1_3 K_2_1_4 K_2_1_5 K_2_1_6 K_2_2_0 K_2_2_1 K_2_2_2 K_2_2_3 K_2_2_4 K_2_2_5 K_2_2_6 K_2_3_0 K_2_3_1 K_2_3_2 K_2_3_3 K_2_3_4 K_2_3_5 K_2_3_6 K_2_sub_int_0 K_2_sub_int_1 K_2_sub_int_2 K_2_sub_int_3 K_2_sub_rot_0 K_2_sub_rot_1 K_2_sub_rot_2 K_2_sub_rot_3 K_3_0_0 K_3_0_1 K_3_0_2 K_3_0_3 K_3_0_4 K_3_0_5 K_3_0_6 K_3_1_0 K_3_1_1 K_3_1_2 K_3_1_3 K_3_1_4 K_3_1_5 K_3_1_6 K_3_2_0 K_3_2_1 K_3_2_2 K_3_2_3 K_3_2_4 K_3_2_5 K_3_2_6 K_3_3_0 K_3_3_1 K_3_3_2 K_3_3_3 K_3_3_4 K_3_3_5 K_3_3_6 K_3_sub_int_0 K_3_sub_int_1 K_3_sub_int_2 K_3_sub_int_3 K_3_sub_rot_0 K_3_sub_rot_1 K_3_sub_rot_2 K_3_sub_rot_3 K_4_0_0 K_4_0_1 K_4_0_2 K_4_0_3 K_4_0_4 K_4_0_5 K_4_0_6 K_4_1_0 K_4_1_1 K_4_1_2 K_4_1_3 K_4_1_4 K_4_1_5 K_4_1_6 K_4_2_0 K_4_2_1 K_4_2_2 K_4_2_3 K_4_2_4 K_4_2_5 K_4_2_6 K_4_3_0 K_4_3_1 K_4_3_2 K_4_3_3 K_4_3_4 K_4_3_5 K_4_3_6 K_4_sub_int_0 K_4_sub_int_1 K_4_sub_int_2 K_4_sub_int_3 K_4_sub_rot_0 K_4_sub_rot_1 K_4_sub_rot_2 K_4_sub_rot_3 K_5_sub_rot_0 K_5_sub_rot_1 K_5_sub_rot_2 K_5_sub_rot_3 X_0_0_0 X_0_0_1 X_0_0_2 X_0_0_3 X_0_1_0 X_0_1_1 X_0_1_2 X_0_1_3 X_0_2_0 X_0_2_1 X_0_2_2 X_0_2_3 X_0_3_0 X_0_3_1 X_0_3_2 X_0_3_3 S_1_0_0 S_1_0_1 S_1_0_2 S_1_0_3 S_1_1_0 S_1_1_1 S_1_1_2 S_1_1_3 S_1_2_0 S_1_2_1 S_1_2_2 S_1_2_3 S_1_3_0 S_1_3_1 S_1_3_2 S_1_3_3 MC_1_0_0 MC_1_0_1 MC_1_0_2 MC_1_0_3 MC_1_1_0 MC_1_1_1 MC_1_1_2 MC_1_1_3 MC_1_2_0 MC_1_2_1 MC_1_2_2 MC_1_2_3 MC_1_3_0 MC_1_3_1 MC_1_3_2 MC_1_3_3 X_1_0_0 X_1_0_1 X_1_0_2 X_1_0_3 X_1_1_0 X_1_1_1 X_1_1_2 X_1_1_3 X_1_2_0 X_1_2_1 X_1_2_2 X_1_2_3 X_1_3_0 X_1_3_1 X_1_3_2 X_1_3_3 S_2_0_0 S_2_0_1 S_2_0_2 S_2_0_3 S_2_1_0 S_2_1_1 S_2_1_2 S_2_1_3 S_2_2_0 S_2_2_1 S_2_2_2 S_2_2_3 S_2_3_0 S_2_3_1 S_2_3_2 S_2_3_3 MC_2_0_0 MC_2_0_1 MC_2_0_2 MC_2_0_3 MC_2_1_0 MC_2_1_1 MC_2_1_2 MC_2_1_3 MC_2_2_0 MC_2_2_1 MC_2_2_2 MC_2_2_3 MC_2_3_0 MC_2_3_1 MC_2_3_2 MC_2_3_3 X_2_0_0 X_2_0_1 X_2_0_2 X_2_0_3 X_2_1_0 X_2_1_1 X_2_1_2 X_2_1_3 X_2_2_0 X_2_2_1 X_2_2_2 X_2_2_3 X_2_3_0 X_2_3_1 X_2_3_2 X_2_3_3 S_3_0_0 S_3_0_1 S_3_0_2 S_3_0_3 S_3_1_0 S_3_1_1 S_3_1_2 S_3_1_3 S_3_2_0 S_3_2_1 S_3_2_2 S_3_2_3 S_3_3_0 S_3_3_1 S_3_3_2 S_3_3_3 MC_3_0_0 MC_3_0_1 MC_3_0_2 MC_3_0_3 MC_3_1_0 MC_3_1_1 MC_3_1_2 MC_3_1_3 MC_3_2_0 MC_3_2_1 MC_3_2_2 MC_3_2_3 MC_3_3_0 MC_3_3_1 MC_3_3_2 MC_3_3_3 X_3_0_0 X_3_0_1 X_3_0_2 X_3_0_3 X_3_1_0 X_3_1_1 X_3_1_2 X_3_1_3 X_3_2_0 X_3_2_1 X_3_2_2 X_3_2_3 X_3_3_0 X_3_3_1 X_3_3_2 X_3_3_3 S_4_0_0 S_4_0_1 S_4_0_2 S_4_0_3 S_4_1_0 S_4_1_1 S_4_1_2 S_4_1_3 S_4_2_0 S_4_2_1 S_4_2_2 S_4_2_3 S_4_3_0 S_4_3_1 S_4_3_2 S_4_3_3 MC_4_0_0 MC_4_0_1 MC_4_0_2 MC_4_0_3 MC_4_1_0 MC_4_1_1 MC_4_1_2 MC_4_1_3 MC_4_2_0 MC_4_2_1 MC_4_2_2 MC_4_2_3 MC_4_3_0 MC_4_3_1 MC_4_3_2 MC_4_3_3 X_4_0_0 X_4_0_1 X_4_0_2 X_4_0_3 X_4_1_0 X_4_1_1 X_4_1_2 X_4_1_3 X_4_2_0 X_4_2_1 X_4_2_2 X_4_2_3 X_4_3_0 X_4_3_1 X_4_3_2 X_4_3_3 S_5_0_0 S_5_0_1 S_5_0_2 S_5_0_3 S_5_1_0 S_5_1_1 S_5_1_2 S_5_1_3 S_5_2_0 S_5_2_1 S_5_2_2 S_5_2_3 S_5_3_0 S_5_3_1 S_5_3_2 S_5_3_3 MC_5_0_0 MC_5_0_1 MC_5_0_2 MC_5_0_3 MC_5_1_0 MC_5_1_1 MC_5_1_2 MC_5_1_3 MC_5_2_0 MC_5_2_1 MC_5_2_2 MC_5_2_3 MC_5_3_0 MC_5_3_1 MC_5_3_2 MC_5_3_3 X_5_0_0 X_5_0_1 X_5_0_2 X_5_0_3 X_5_1_0 X_5_1_1 X_5_1_2 X_5_1_3 X_5_2_0 X_5_2_1 X_5_2_2 X_5_2_3 X_5_3_0 X_5_3_1 X_5_3_2 X_5_3_3 S_6_0_0 S_6_0_1 S_6_0_2 S_6_0_3 S_6_1_0 S_6_1_1 S_6_1_2 S_6_1_3 S_6_2_0 S_6_2_1 S_6_2_2 S_6_2_3 S_6_3_0 S_6_3_1 S_6_3_2 S_6_3_3 MC_6_0_0 MC_6_0_1 MC_6_0_2 MC_6_0_3 MC_6_1_0 MC_6_1_1 MC_6_1_2 MC_6_1_3 MC_6_2_0 MC_6_2_1 MC_6_2_2 MC_6_2_3 MC_6_3_0 MC_6_3_1 MC_6_3_2 MC_6_3_3 X_6_0_0 X_6_0_1 X_6_0_2 X_6_0_3 X_6_1_0 X_6_1_1 X_6_1_2 X_6_1_3 X_6_2_0 X_6_2_1 X_6_2_2 X_6_2_3 X_6_3_0 X_6_3_1 X_6_3_2 X_6_3_3 S_7_0_0 S_7_0_1 S_7_0_2 S_7_0_3 S_7_1_0 S_7_1_1 S_7_1_2 S_7_1_3 S_7_2_0 S_7_2_1 S_7_2_2 S_7_2_3 S_7_3_0 S_7_3_1 S_7_3_2 S_7_3_3 MC_7_0_0 MC_7_0_1 MC_7_0_2 MC_7_0_3 MC_7_1_0 MC_7_1_1 MC_7_1_2 MC_7_1_3 MC_7_2_0 MC_7_2_1 MC_7_2_2 MC_7_2_3 MC_7_3_0 MC_7_3_1 MC_7_3_2 MC_7_3_3 X_7_0_0 X_7_0_1 X_7_0_2 X_7_0_3 X_7_1_0 X_7_1_1 X_7_1_2 X_7_1_3 X_7_2_0 X_7_2_1 X_7_2_2 X_7_2_3 X_7_3_0 X_7_3_1 X_7_3_2 X_7_3_3 S_8_0_0 S_8_0_1 S_8_0_2 S_8_0_3 S_8_1_0 S_8_1_1 S_8_1_2 S_8_1_3 S_8_2_0 S_8_2_1 S_8_2_2 S_8_2_3 S_8_3_0 S_8_3_1 S_8_3_2 S_8_3_3 diff_m0_m1_l0_I diff_m0_m1_l0_O diff_m0_m1_l1_I diff_m0_m1_l1_O diff_m0_m1_l2_I diff_m0_m1_l2_O diff_m0_m1_l3_I diff_m0_m1_l3_O diff_m0_m2_l0_I diff_m0_m2_l0_O diff_m0_m2_l1_I diff_m0_m2_l1_O diff_m0_m2_l2_I diff_m0_m2_l2_O diff_m0_m2_l3_I diff_m0_m2_l3_O diff_m0_m3_l0_I diff_m0_m3_l0_O diff_m0_m3_l1_I diff_m0_m3_l1_O diff_m0_m3_l2_I diff_m0_m3_l2_O diff_m0_m3_l3_I diff_m0_m3_l3_O diff_m0_m4_l0_I diff_m0_m4_l0_O diff_m0_m4_l1_I diff_m0_m4_l1_O diff_m0_m4_l2_I diff_m0_m4_l2_O diff_m0_m4_l3_I diff_m0_m4_l3_O diff_m0_m5_l0_I diff_m0_m5_l0_O diff_m0_m5_l1_I diff_m0_m5_l1_O diff_m0_m5_l2_I diff_m0_m5_l2_O diff_m0_m5_l3_I diff_m0_m5_l3_O diff_m0_m6_l0_I diff_m0_m6_l0_O diff_m0_m6_l1_I diff_m0_m6_l1_O diff_m0_m6_l2_I diff_m0_m6_l2_O diff_m0_m6_l3_I diff_m0_m6_l3_O diff_m0_m7_l0_I diff_m0_m7_l0_O diff_m0_m7_l1_I diff_m0_m7_l1_O diff_m0_m7_l2_I diff_m0_m7_l2_O diff_m0_m7_l3_I diff_m0_m7_l3_O diff_m0_m8_l0_I diff_m0_m8_l0_O diff_m0_m8_l1_I diff_m0_m8_l1_O diff_m0_m8_l2_I diff_m0_m8_l2_O diff_m0_m8_l3_I diff_m0_m8_l3_O diff_m0_m9_l0_I diff_m0_m9_l0_O diff_m0_m9_l1_I diff_m0_m9_l1_O diff_m0_m9_l2_I diff_m0_m9_l2_O diff_m0_m9_l3_I diff_m0_m9_l3_O diff_m0_m10_l0_I diff_m0_m10_l0_O diff_m0_m10_l1_I diff_m0_m10_l1_O diff_m0_m10_l2_I diff_m0_m10_l2_O diff_m0_m10_l3_I diff_m0_m10_l3_O diff_m0_m11_l0_I diff_m0_m11_l0_O diff_m0_m11_l1_I diff_m0_m11_l1_O diff_m0_m11_l2_I diff_m0_m11_l2_O diff_m0_m11_l3_I diff_m0_m11_l3_O diff_m0_m12_l0_I diff_m0_m12_l0_O diff_m0_m12_l1_I diff_m0_m12_l1_O diff_m0_m12_l2_I diff_m0_m12_l2_O diff_m0_m12_l3_I diff_m0_m12_l3_O diff_m0_m13_l0_I diff_m0_m13_l0_O diff_m0_m13_l1_I diff_m0_m13_l1_O diff_m0_m13_l2_I diff_m0_m13_l2_O diff_m0_m13_l3_I diff_m0_m13_l3_O diff_m0_m14_l0_I diff_m0_m14_l0_O diff_m0_m14_l1_I diff_m0_m14_l1_O diff_m0_m14_l2_I diff_m0_m14_l2_O diff_m0_m14_l3_I diff_m0_m14_l3_O diff_m0_m15_l0_I diff_m0_m15_l0_O diff_m0_m15_l1_I diff_m0_m15_l1_O diff_m0_m15_l2_I diff_m0_m15_l2_O diff_m0_m15_l3_I diff_m0_m15_l3_O diff_m0_m16_l0_I diff_m0_m16_l0_O diff_m0_m16_l1_I diff_m0_m16_l1_O diff_m0_m16_l2_I diff_m0_m16_l2_O diff_m0_m16_l3_I diff_m0_m16_l3_O diff_m0_m17_l0_I diff_m0_m17_l0_O diff_m0_m17_l1_I diff_m0_m17_l1_O diff_m0_m17_l2_I diff_m0_m17_l2_O diff_m0_m17_l3_I diff_m0_m17_l3_O diff_m0_m18_l0_I diff_m0_m18_l0_O diff_m0_m18_l1_I diff_m0_m18_l1_O diff_m0_m18_l2_I diff_m0_m18_l2_O diff_m0_m18_l3_I diff_m0_m18_l3_O diff_m0_m19_l0_I diff_m0_m19_l0_O diff_m0_m19_l1_I diff_m0_m19_l1_O diff_m0_m19_l2_I diff_m0_m19_l2_O diff_m0_m19_l3_I diff_m0_m19_l3_O diff_m0_m20_l0_I diff_m0_m20_l0_O diff_m0_m20_l1_I diff_m0_m20_l1_O diff_m0_m20_l2_I diff_m0_m20_l2_O diff_m0_m20_l3_I diff_m0_m20_l3_O diff_m0_m21_l0_I diff_m0_m21_l0_O diff_m0_m21_l1_I diff_m0_m21_l1_O diff_m0_m21_l2_I diff_m0_m21_l2_O diff_m0_m21_l3_I diff_m0_m21_l3_O diff_m0_m22_l0_I diff_m0_m22_l0_O diff_m0_m22_l1_I diff_m0_m22_l1_O diff_m0_m22_l2_I diff_m0_m22_l2_O diff_m0_m22_l3_I diff_m0_m22_l3_O diff_m0_m23_l0_I diff_m0_m23_l0_O diff_m0_m23_l1_I diff_m0_m23_l1_O diff_m0_m23_l2_I diff_m0_m23_l2_O diff_m0_m23_l3_I diff_m0_m23_l3_O diff_m0_m24_l0_I diff_m0_m24_l0_O diff_m0_m24_l1_I diff_m0_m24_l1_O diff_m0_m24_l2_I diff_m0_m24_l2_O diff_m0_m24_l3_I diff_m0_m24_l3_O diff_m0_m25_l0_I diff_m0_m25_l0_O diff_m0_m25_l1_I diff_m0_m25_l1_O diff_m0_m25_l2_I diff_m0_m25_l2_O diff_m0_m25_l3_I diff_m0_m25_l3_O diff_m0_m26_l0_I diff_m0_m26_l0_O diff_m0_m26_l1_I diff_m0_m26_l1_O diff_m0_m26_l2_I diff_m0_m26_l2_O diff_m0_m26_l3_I diff_m0_m26_l3_O diff_m0_m27_l0_I diff_m0_m27_l0_O diff_m0_m27_l1_I diff_m0_m27_l1_O diff_m0_m27_l2_I diff_m0_m27_l2_O diff_m0_m27_l3_I diff_m0_m27_l3_O diff_m1_m2_l0_I diff_m1_m2_l0_O diff_m1_m2_l1_I diff_m1_m2_l1_O diff_m1_m2_l2_I diff_m1_m2_l2_O diff_m1_m2_l3_I diff_m1_m2_l3_O diff_m1_m3_l0_I diff_m1_m3_l0_O diff_m1_m3_l1_I diff_m1_m3_l1_O diff_m1_m3_l2_I diff_m1_m3_l2_O diff_m1_m3_l3_I diff_m1_m3_l3_O diff_m1_m4_l0_I diff_m1_m4_l0_O diff_m1_m4_l1_I diff_m1_m4_l1_O diff_m1_m4_l2_I diff_m1_m4_l2_O diff_m1_m4_l3_I diff_m1_m4_l3_O diff_m1_m5_l0_I diff_m1_m5_l0_O diff_m1_m5_l1_I diff_m1_m5_l1_O diff_m1_m5_l2_I diff_m1_m5_l2_O diff_m1_m5_l3_I diff_m1_m5_l3_O diff_m1_m6_l0_I diff_m1_m6_l0_O diff_m1_m6_l1_I diff_m1_m6_l1_O diff_m1_m6_l2_I diff_m1_m6_l2_O diff_m1_m6_l3_I diff_m1_m6_l3_O diff_m1_m7_l0_I diff_m1_m7_l0_O diff_m1_m7_l1_I diff_m1_m7_l1_O diff_m1_m7_l2_I diff_m1_m7_l2_O diff_m1_m7_l3_I diff_m1_m7_l3_O diff_m1_m8_l0_I diff_m1_m8_l0_O diff_m1_m8_l1_I diff_m1_m8_l1_O diff_m1_m8_l2_I diff_m1_m8_l2_O diff_m1_m8_l3_I diff_m1_m8_l3_O diff_m1_m9_l0_I diff_m1_m9_l0_O diff_m1_m9_l1_I diff_m1_m9_l1_O diff_m1_m9_l2_I diff_m1_m9_l2_O diff_m1_m9_l3_I diff_m1_m9_l3_O diff_m1_m10_l0_I diff_m1_m10_l0_O diff_m1_m10_l1_I diff_m1_m10_l1_O diff_m1_m10_l2_I diff_m1_m10_l2_O diff_m1_m10_l3_I diff_m1_m10_l3_O diff_m1_m11_l0_I diff_m1_m11_l0_O diff_m1_m11_l1_I diff_m1_m11_l1_O diff_m1_m11_l2_I diff_m1_m11_l2_O diff_m1_m11_l3_I diff_m1_m11_l3_O diff_m1_m12_l0_I diff_m1_m12_l0_O diff_m1_m12_l1_I diff_m1_m12_l1_O diff_m1_m12_l2_I diff_m1_m12_l2_O diff_m1_m12_l3_I diff_m1_m12_l3_O diff_m1_m13_l0_I diff_m1_m13_l0_O diff_m1_m13_l1_I diff_m1_m13_l1_O diff_m1_m13_l2_I diff_m1_m13_l2_O diff_m1_m13_l3_I diff_m1_m13_l3_O diff_m1_m14_l0_I diff_m1_m14_l0_O diff_m1_m14_l1_I diff_m1_m14_l1_O diff_m1_m14_l2_I diff_m1_m14_l2_O diff_m1_m14_l3_I diff_m1_m14_l3_O diff_m1_m15_l0_I diff_m1_m15_l0_O diff_m1_m15_l1_I diff_m1_m15_l1_O diff_m1_m15_l2_I diff_m1_m15_l2_O diff_m1_m15_l3_I diff_m1_m15_l3_O diff_m1_m16_l0_I diff_m1_m16_l0_O diff_m1_m16_l1_I diff_m1_m16_l1_O diff_m1_m16_l2_I diff_m1_m16_l2_O diff_m1_m16_l3_I diff_m1_m16_l3_O diff_m1_m17_l0_I diff_m1_m17_l0_O diff_m1_m17_l1_I diff_m1_m17_l1_O diff_m1_m17_l2_I diff_m1_m17_l2_O diff_m1_m17_l3_I diff_m1_m17_l3_O diff_m1_m18_l0_I diff_m1_m18_l0_O diff_m1_m18_l1_I diff_m1_m18_l1_O diff_m1_m18_l2_I diff_m1_m18_l2_O diff_m1_m18_l3_I diff_m1_m18_l3_O diff_m1_m19_l0_I diff_m1_m19_l0_O diff_m1_m19_l1_I diff_m1_m19_l1_O diff_m1_m19_l2_I diff_m1_m19_l2_O diff_m1_m19_l3_I diff_m1_m19_l3_O diff_m1_m20_l0_I diff_m1_m20_l0_O diff_m1_m20_l1_I diff_m1_m20_l1_O diff_m1_m20_l2_I diff_m1_m20_l2_O diff_m1_m20_l3_I diff_m1_m20_l3_O diff_m1_m21_l0_I diff_m1_m21_l0_O diff_m1_m21_l1_I diff_m1_m21_l1_O diff_m1_m21_l2_I diff_m1_m21_l2_O diff_m1_m21_l3_I diff_m1_m21_l3_O diff_m1_m22_l0_I diff_m1_m22_l0_O diff_m1_m22_l1_I diff_m1_m22_l1_O diff_m1_m22_l2_I diff_m1_m22_l2_O diff_m1_m22_l3_I diff_m1_m22_l3_O diff_m1_m23_l0_I diff_m1_m23_l0_O diff_m1_m23_l1_I diff_m1_m23_l1_O diff_m1_m23_l2_I diff_m1_m23_l2_O diff_m1_m23_l3_I diff_m1_m23_l3_O diff_m1_m24_l0_I diff_m1_m24_l0_O diff_m1_m24_l1_I diff_m1_m24_l1_O diff_m1_m24_l2_I diff_m1_m24_l2_O diff_m1_m24_l3_I diff_m1_m24_l3_O diff_m1_m25_l0_I diff_m1_m25_l0_O diff_m1_m25_l1_I diff_m1_m25_l1_O diff_m1_m25_l2_I diff_m1_m25_l2_O diff_m1_m25_l3_I diff_m1_m25_l3_O diff_m1_m26_l0_I diff_m1_m26_l0_O diff_m1_m26_l1_I diff_m1_m26_l1_O diff_m1_m26_l2_I diff_m1_m26_l2_O diff_m1_m26_l3_I diff_m1_m26_l3_O diff_m1_m27_l0_I diff_m1_m27_l0_O diff_m1_m27_l1_I diff_m1_m27_l1_O diff_m1_m27_l2_I diff_m1_m27_l2_O diff_m1_m27_l3_I diff_m1_m27_l3_O diff_m2_m3_l0_I diff_m2_m3_l0_O diff_m2_m3_l1_I diff_m2_m3_l1_O diff_m2_m3_l2_I diff_m2_m3_l2_O diff_m2_m3_l3_I diff_m2_m3_l3_O diff_m2_m4_l0_I diff_m2_m4_l0_O diff_m2_m4_l1_I diff_m2_m4_l1_O diff_m2_m4_l2_I diff_m2_m4_l2_O diff_m2_m4_l3_I diff_m2_m4_l3_O diff_m2_m5_l0_I diff_m2_m5_l0_O diff_m2_m5_l1_I diff_m2_m5_l1_O diff_m2_m5_l2_I diff_m2_m5_l2_O diff_m2_m5_l3_I diff_m2_m5_l3_O diff_m2_m6_l0_I diff_m2_m6_l0_O diff_m2_m6_l1_I diff_m2_m6_l1_O diff_m2_m6_l2_I diff_m2_m6_l2_O diff_m2_m6_l3_I diff_m2_m6_l3_O diff_m2_m7_l0_I diff_m2_m7_l0_O diff_m2_m7_l1_I diff_m2_m7_l1_O diff_m2_m7_l2_I diff_m2_m7_l2_O diff_m2_m7_l3_I diff_m2_m7_l3_O diff_m2_m8_l0_I diff_m2_m8_l0_O diff_m2_m8_l1_I diff_m2_m8_l1_O diff_m2_m8_l2_I diff_m2_m8_l2_O diff_m2_m8_l3_I diff_m2_m8_l3_O diff_m2_m9_l0_I diff_m2_m9_l0_O diff_m2_m9_l1_I diff_m2_m9_l1_O diff_m2_m9_l2_I diff_m2_m9_l2_O diff_m2_m9_l3_I diff_m2_m9_l3_O diff_m2_m10_l0_I diff_m2_m10_l0_O diff_m2_m10_l1_I diff_m2_m10_l1_O diff_m2_m10_l2_I diff_m2_m10_l2_O diff_m2_m10_l3_I diff_m2_m10_l3_O diff_m2_m11_l0_I diff_m2_m11_l0_O diff_m2_m11_l1_I diff_m2_m11_l1_O diff_m2_m11_l2_I diff_m2_m11_l2_O diff_m2_m11_l3_I diff_m2_m11_l3_O diff_m2_m12_l0_I diff_m2_m12_l0_O diff_m2_m12_l1_I diff_m2_m12_l1_O diff_m2_m12_l2_I diff_m2_m12_l2_O diff_m2_m12_l3_I diff_m2_m12_l3_O diff_m2_m13_l0_I diff_m2_m13_l0_O diff_m2_m13_l1_I diff_m2_m13_l1_O diff_m2_m13_l2_I diff_m2_m13_l2_O diff_m2_m13_l3_I diff_m2_m13_l3_O diff_m2_m14_l0_I diff_m2_m14_l0_O diff_m2_m14_l1_I diff_m2_m14_l1_O diff_m2_m14_l2_I diff_m2_m14_l2_O diff_m2_m14_l3_I diff_m2_m14_l3_O diff_m2_m15_l0_I diff_m2_m15_l0_O diff_m2_m15_l1_I diff_m2_m15_l1_O diff_m2_m15_l2_I diff_m2_m15_l2_O diff_m2_m15_l3_I diff_m2_m15_l3_O diff_m2_m16_l0_I diff_m2_m16_l0_O diff_m2_m16_l1_I diff_m2_m16_l1_O diff_m2_m16_l2_I diff_m2_m16_l2_O diff_m2_m16_l3_I diff_m2_m16_l3_O diff_m2_m17_l0_I diff_m2_m17_l0_O diff_m2_m17_l1_I diff_m2_m17_l1_O diff_m2_m17_l2_I diff_m2_m17_l2_O diff_m2_m17_l3_I diff_m2_m17_l3_O diff_m2_m18_l0_I diff_m2_m18_l0_O diff_m2_m18_l1_I diff_m2_m18_l1_O diff_m2_m18_l2_I diff_m2_m18_l2_O diff_m2_m18_l3_I diff_m2_m18_l3_O diff_m2_m19_l0_I diff_m2_m19_l0_O diff_m2_m19_l1_I diff_m2_m19_l1_O diff_m2_m19_l2_I diff_m2_m19_l2_O diff_m2_m19_l3_I diff_m2_m19_l3_O diff_m2_m20_l0_I diff_m2_m20_l0_O diff_m2_m20_l1_I diff_m2_m20_l1_O diff_m2_m20_l2_I diff_m2_m20_l2_O diff_m2_m20_l3_I diff_m2_m20_l3_O diff_m2_m21_l0_I diff_m2_m21_l0_O diff_m2_m21_l1_I diff_m2_m21_l1_O diff_m2_m21_l2_I diff_m2_m21_l2_O diff_m2_m21_l3_I diff_m2_m21_l3_O diff_m2_m22_l0_I diff_m2_m22_l0_O diff_m2_m22_l1_I diff_m2_m22_l1_O diff_m2_m22_l2_I diff_m2_m22_l2_O diff_m2_m22_l3_I diff_m2_m22_l3_O diff_m2_m23_l0_I diff_m2_m23_l0_O diff_m2_m23_l1_I diff_m2_m23_l1_O diff_m2_m23_l2_I diff_m2_m23_l2_O diff_m2_m23_l3_I diff_m2_m23_l3_O diff_m2_m24_l0_I diff_m2_m24_l0_O diff_m2_m24_l1_I diff_m2_m24_l1_O diff_m2_m24_l2_I diff_m2_m24_l2_O diff_m2_m24_l3_I diff_m2_m24_l3_O diff_m2_m25_l0_I diff_m2_m25_l0_O diff_m2_m25_l1_I diff_m2_m25_l1_O diff_m2_m25_l2_I diff_m2_m25_l2_O diff_m2_m25_l3_I diff_m2_m25_l3_O diff_m2_m26_l0_I diff_m2_m26_l0_O diff_m2_m26_l1_I diff_m2_m26_l1_O diff_m2_m26_l2_I diff_m2_m26_l2_O diff_m2_m26_l3_I diff_m2_m26_l3_O diff_m2_m27_l0_I diff_m2_m27_l0_O diff_m2_m27_l1_I diff_m2_m27_l1_O diff_m2_m27_l2_I diff_m2_m27_l2_O diff_m2_m27_l3_I diff_m2_m27_l3_O diff_m3_m4_l0_I diff_m3_m4_l0_O diff_m3_m4_l1_I diff_m3_m4_l1_O diff_m3_m4_l2_I diff_m3_m4_l2_O diff_m3_m4_l3_I diff_m3_m4_l3_O diff_m3_m5_l0_I diff_m3_m5_l0_O diff_m3_m5_l1_I diff_m3_m5_l1_O diff_m3_m5_l2_I diff_m3_m5_l2_O diff_m3_m5_l3_I diff_m3_m5_l3_O diff_m3_m6_l0_I diff_m3_m6_l0_O diff_m3_m6_l1_I diff_m3_m6_l1_O diff_m3_m6_l2_I diff_m3_m6_l2_O diff_m3_m6_l3_I diff_m3_m6_l3_O diff_m3_m7_l0_I diff_m3_m7_l0_O diff_m3_m7_l1_I diff_m3_m7_l1_O diff_m3_m7_l2_I diff_m3_m7_l2_O diff_m3_m7_l3_I diff_m3_m7_l3_O diff_m3_m8_l0_I diff_m3_m8_l0_O diff_m3_m8_l1_I diff_m3_m8_l1_O diff_m3_m8_l2_I diff_m3_m8_l2_O diff_m3_m8_l3_I diff_m3_m8_l3_O diff_m3_m9_l0_I diff_m3_m9_l0_O diff_m3_m9_l1_I diff_m3_m9_l1_O diff_m3_m9_l2_I diff_m3_m9_l2_O diff_m3_m9_l3_I diff_m3_m9_l3_O diff_m3_m10_l0_I diff_m3_m10_l0_O diff_m3_m10_l1_I diff_m3_m10_l1_O diff_m3_m10_l2_I diff_m3_m10_l2_O diff_m3_m10_l3_I diff_m3_m10_l3_O diff_m3_m11_l0_I diff_m3_m11_l0_O diff_m3_m11_l1_I diff_m3_m11_l1_O diff_m3_m11_l2_I diff_m3_m11_l2_O diff_m3_m11_l3_I diff_m3_m11_l3_O diff_m3_m12_l0_I diff_m3_m12_l0_O diff_m3_m12_l1_I diff_m3_m12_l1_O diff_m3_m12_l2_I diff_m3_m12_l2_O diff_m3_m12_l3_I diff_m3_m12_l3_O diff_m3_m13_l0_I diff_m3_m13_l0_O diff_m3_m13_l1_I diff_m3_m13_l1_O diff_m3_m13_l2_I diff_m3_m13_l2_O diff_m3_m13_l3_I diff_m3_m13_l3_O diff_m3_m14_l0_I diff_m3_m14_l0_O diff_m3_m14_l1_I diff_m3_m14_l1_O diff_m3_m14_l2_I diff_m3_m14_l2_O diff_m3_m14_l3_I diff_m3_m14_l3_O diff_m3_m15_l0_I diff_m3_m15_l0_O diff_m3_m15_l1_I diff_m3_m15_l1_O diff_m3_m15_l2_I diff_m3_m15_l2_O diff_m3_m15_l3_I diff_m3_m15_l3_O diff_m3_m16_l0_I diff_m3_m16_l0_O diff_m3_m16_l1_I diff_m3_m16_l1_O diff_m3_m16_l2_I diff_m3_m16_l2_O diff_m3_m16_l3_I diff_m3_m16_l3_O diff_m3_m17_l0_I diff_m3_m17_l0_O diff_m3_m17_l1_I diff_m3_m17_l1_O diff_m3_m17_l2_I diff_m3_m17_l2_O diff_m3_m17_l3_I diff_m3_m17_l3_O diff_m3_m18_l0_I diff_m3_m18_l0_O diff_m3_m18_l1_I diff_m3_m18_l1_O diff_m3_m18_l2_I diff_m3_m18_l2_O diff_m3_m18_l3_I diff_m3_m18_l3_O diff_m3_m19_l0_I diff_m3_m19_l0_O diff_m3_m19_l1_I diff_m3_m19_l1_O diff_m3_m19_l2_I diff_m3_m19_l2_O diff_m3_m19_l3_I diff_m3_m19_l3_O diff_m3_m20_l0_I diff_m3_m20_l0_O diff_m3_m20_l1_I diff_m3_m20_l1_O diff_m3_m20_l2_I diff_m3_m20_l2_O diff_m3_m20_l3_I diff_m3_m20_l3_O diff_m3_m21_l0_I diff_m3_m21_l0_O diff_m3_m21_l1_I diff_m3_m21_l1_O diff_m3_m21_l2_I diff_m3_m21_l2_O diff_m3_m21_l3_I diff_m3_m21_l3_O diff_m3_m22_l0_I diff_m3_m22_l0_O diff_m3_m22_l1_I diff_m3_m22_l1_O diff_m3_m22_l2_I diff_m3_m22_l2_O diff_m3_m22_l3_I diff_m3_m22_l3_O diff_m3_m23_l0_I diff_m3_m23_l0_O diff_m3_m23_l1_I diff_m3_m23_l1_O diff_m3_m23_l2_I diff_m3_m23_l2_O diff_m3_m23_l3_I diff_m3_m23_l3_O diff_m3_m24_l0_I diff_m3_m24_l0_O diff_m3_m24_l1_I diff_m3_m24_l1_O diff_m3_m24_l2_I diff_m3_m24_l2_O diff_m3_m24_l3_I diff_m3_m24_l3_O diff_m3_m25_l0_I diff_m3_m25_l0_O diff_m3_m25_l1_I diff_m3_m25_l1_O diff_m3_m25_l2_I diff_m3_m25_l2_O diff_m3_m25_l3_I diff_m3_m25_l3_O diff_m3_m26_l0_I diff_m3_m26_l0_O diff_m3_m26_l1_I diff_m3_m26_l1_O diff_m3_m26_l2_I diff_m3_m26_l2_O diff_m3_m26_l3_I diff_m3_m26_l3_O diff_m3_m27_l0_I diff_m3_m27_l0_O diff_m3_m27_l1_I diff_m3_m27_l1_O diff_m3_m27_l2_I diff_m3_m27_l2_O diff_m3_m27_l3_I diff_m3_m27_l3_O diff_m4_m5_l0_I diff_m4_m5_l0_O diff_m4_m5_l1_I diff_m4_m5_l1_O diff_m4_m5_l2_I diff_m4_m5_l2_O diff_m4_m5_l3_I diff_m4_m5_l3_O diff_m4_m6_l0_I diff_m4_m6_l0_O diff_m4_m6_l1_I diff_m4_m6_l1_O diff_m4_m6_l2_I diff_m4_m6_l2_O diff_m4_m6_l3_I diff_m4_m6_l3_O diff_m4_m7_l0_I diff_m4_m7_l0_O diff_m4_m7_l1_I diff_m4_m7_l1_O diff_m4_m7_l2_I diff_m4_m7_l2_O diff_m4_m7_l3_I diff_m4_m7_l3_O diff_m4_m8_l0_I diff_m4_m8_l0_O diff_m4_m8_l1_I diff_m4_m8_l1_O diff_m4_m8_l2_I diff_m4_m8_l2_O diff_m4_m8_l3_I diff_m4_m8_l3_O diff_m4_m9_l0_I diff_m4_m9_l0_O diff_m4_m9_l1_I diff_m4_m9_l1_O diff_m4_m9_l2_I diff_m4_m9_l2_O diff_m4_m9_l3_I diff_m4_m9_l3_O diff_m4_m10_l0_I diff_m4_m10_l0_O diff_m4_m10_l1_I diff_m4_m10_l1_O diff_m4_m10_l2_I diff_m4_m10_l2_O diff_m4_m10_l3_I diff_m4_m10_l3_O diff_m4_m11_l0_I diff_m4_m11_l0_O diff_m4_m11_l1_I diff_m4_m11_l1_O diff_m4_m11_l2_I diff_m4_m11_l2_O diff_m4_m11_l3_I diff_m4_m11_l3_O diff_m4_m12_l0_I diff_m4_m12_l0_O diff_m4_m12_l1_I diff_m4_m12_l1_O diff_m4_m12_l2_I diff_m4_m12_l2_O diff_m4_m12_l3_I diff_m4_m12_l3_O diff_m4_m13_l0_I diff_m4_m13_l0_O diff_m4_m13_l1_I diff_m4_m13_l1_O diff_m4_m13_l2_I diff_m4_m13_l2_O diff_m4_m13_l3_I diff_m4_m13_l3_O diff_m4_m14_l0_I diff_m4_m14_l0_O diff_m4_m14_l1_I diff_m4_m14_l1_O diff_m4_m14_l2_I diff_m4_m14_l2_O diff_m4_m14_l3_I diff_m4_m14_l3_O diff_m4_m15_l0_I diff_m4_m15_l0_O diff_m4_m15_l1_I diff_m4_m15_l1_O diff_m4_m15_l2_I diff_m4_m15_l2_O diff_m4_m15_l3_I diff_m4_m15_l3_O diff_m4_m16_l0_I diff_m4_m16_l0_O diff_m4_m16_l1_I diff_m4_m16_l1_O diff_m4_m16_l2_I diff_m4_m16_l2_O diff_m4_m16_l3_I diff_m4_m16_l3_O diff_m4_m17_l0_I diff_m4_m17_l0_O diff_m4_m17_l1_I diff_m4_m17_l1_O diff_m4_m17_l2_I diff_m4_m17_l2_O diff_m4_m17_l3_I diff_m4_m17_l3_O diff_m4_m18_l0_I diff_m4_m18_l0_O diff_m4_m18_l1_I diff_m4_m18_l1_O diff_m4_m18_l2_I diff_m4_m18_l2_O diff_m4_m18_l3_I diff_m4_m18_l3_O diff_m4_m19_l0_I diff_m4_m19_l0_O diff_m4_m19_l1_I diff_m4_m19_l1_O diff_m4_m19_l2_I diff_m4_m19_l2_O diff_m4_m19_l3_I diff_m4_m19_l3_O diff_m4_m20_l0_I diff_m4_m20_l0_O diff_m4_m20_l1_I diff_m4_m20_l1_O diff_m4_m20_l2_I diff_m4_m20_l2_O diff_m4_m20_l3_I diff_m4_m20_l3_O diff_m4_m21_l0_I diff_m4_m21_l0_O diff_m4_m21_l1_I diff_m4_m21_l1_O diff_m4_m21_l2_I diff_m4_m21_l2_O diff_m4_m21_l3_I diff_m4_m21_l3_O diff_m4_m22_l0_I diff_m4_m22_l0_O diff_m4_m22_l1_I diff_m4_m22_l1_O diff_m4_m22_l2_I diff_m4_m22_l2_O diff_m4_m22_l3_I diff_m4_m22_l3_O diff_m4_m23_l0_I diff_m4_m23_l0_O diff_m4_m23_l1_I diff_m4_m23_l1_O diff_m4_m23_l2_I diff_m4_m23_l2_O diff_m4_m23_l3_I diff_m4_m23_l3_O diff_m4_m24_l0_I diff_m4_m24_l0_O diff_m4_m24_l1_I diff_m4_m24_l1_O diff_m4_m24_l2_I diff_m4_m24_l2_O diff_m4_m24_l3_I diff_m4_m24_l3_O diff_m4_m25_l0_I diff_m4_m25_l0_O diff_m4_m25_l1_I diff_m4_m25_l1_O diff_m4_m25_l2_I diff_m4_m25_l2_O diff_m4_m25_l3_I diff_m4_m25_l3_O diff_m4_m26_l0_I diff_m4_m26_l0_O diff_m4_m26_l1_I diff_m4_m26_l1_O diff_m4_m26_l2_I diff_m4_m26_l2_O diff_m4_m26_l3_I diff_m4_m26_l3_O diff_m4_m27_l0_I diff_m4_m27_l0_O diff_m4_m27_l1_I diff_m4_m27_l1_O diff_m4_m27_l2_I diff_m4_m27_l2_O diff_m4_m27_l3_I diff_m4_m27_l3_O diff_m5_m6_l0_I diff_m5_m6_l0_O diff_m5_m6_l1_I diff_m5_m6_l1_O diff_m5_m6_l2_I diff_m5_m6_l2_O diff_m5_m6_l3_I diff_m5_m6_l3_O diff_m5_m7_l0_I diff_m5_m7_l0_O diff_m5_m7_l1_I diff_m5_m7_l1_O diff_m5_m7_l2_I diff_m5_m7_l2_O diff_m5_m7_l3_I diff_m5_m7_l3_O diff_m5_m8_l0_I diff_m5_m8_l0_O diff_m5_m8_l1_I diff_m5_m8_l1_O diff_m5_m8_l2_I diff_m5_m8_l2_O diff_m5_m8_l3_I diff_m5_m8_l3_O diff_m5_m9_l0_I diff_m5_m9_l0_O diff_m5_m9_l1_I diff_m5_m9_l1_O diff_m5_m9_l2_I diff_m5_m9_l2_O diff_m5_m9_l3_I diff_m5_m9_l3_O diff_m5_m10_l0_I diff_m5_m10_l0_O diff_m5_m10_l1_I diff_m5_m10_l1_O diff_m5_m10_l2_I diff_m5_m10_l2_O diff_m5_m10_l3_I diff_m5_m10_l3_O diff_m5_m11_l0_I diff_m5_m11_l0_O diff_m5_m11_l1_I diff_m5_m11_l1_O diff_m5_m11_l2_I diff_m5_m11_l2_O diff_m5_m11_l3_I diff_m5_m11_l3_O diff_m5_m12_l0_I diff_m5_m12_l0_O diff_m5_m12_l1_I diff_m5_m12_l1_O diff_m5_m12_l2_I diff_m5_m12_l2_O diff_m5_m12_l3_I diff_m5_m12_l3_O diff_m5_m13_l0_I diff_m5_m13_l0_O diff_m5_m13_l1_I diff_m5_m13_l1_O diff_m5_m13_l2_I diff_m5_m13_l2_O diff_m5_m13_l3_I diff_m5_m13_l3_O diff_m5_m14_l0_I diff_m5_m14_l0_O diff_m5_m14_l1_I diff_m5_m14_l1_O diff_m5_m14_l2_I diff_m5_m14_l2_O diff_m5_m14_l3_I diff_m5_m14_l3_O diff_m5_m15_l0_I diff_m5_m15_l0_O diff_m5_m15_l1_I diff_m5_m15_l1_O diff_m5_m15_l2_I diff_m5_m15_l2_O diff_m5_m15_l3_I diff_m5_m15_l3_O diff_m5_m16_l0_I diff_m5_m16_l0_O diff_m5_m16_l1_I diff_m5_m16_l1_O diff_m5_m16_l2_I diff_m5_m16_l2_O diff_m5_m16_l3_I diff_m5_m16_l3_O diff_m5_m17_l0_I diff_m5_m17_l0_O diff_m5_m17_l1_I diff_m5_m17_l1_O diff_m5_m17_l2_I diff_m5_m17_l2_O diff_m5_m17_l3_I diff_m5_m17_l3_O diff_m5_m18_l0_I diff_m5_m18_l0_O diff_m5_m18_l1_I diff_m5_m18_l1_O diff_m5_m18_l2_I diff_m5_m18_l2_O diff_m5_m18_l3_I diff_m5_m18_l3_O diff_m5_m19_l0_I diff_m5_m19_l0_O diff_m5_m19_l1_I diff_m5_m19_l1_O diff_m5_m19_l2_I diff_m5_m19_l2_O diff_m5_m19_l3_I diff_m5_m19_l3_O diff_m5_m20_l0_I diff_m5_m20_l0_O diff_m5_m20_l1_I diff_m5_m20_l1_O diff_m5_m20_l2_I diff_m5_m20_l2_O diff_m5_m20_l3_I diff_m5_m20_l3_O diff_m5_m21_l0_I diff_m5_m21_l0_O diff_m5_m21_l1_I diff_m5_m21_l1_O diff_m5_m21_l2_I diff_m5_m21_l2_O diff_m5_m21_l3_I diff_m5_m21_l3_O diff_m5_m22_l0_I diff_m5_m22_l0_O diff_m5_m22_l1_I diff_m5_m22_l1_O diff_m5_m22_l2_I diff_m5_m22_l2_O diff_m5_m22_l3_I diff_m5_m22_l3_O diff_m5_m23_l0_I diff_m5_m23_l0_O diff_m5_m23_l1_I diff_m5_m23_l1_O diff_m5_m23_l2_I diff_m5_m23_l2_O diff_m5_m23_l3_I diff_m5_m23_l3_O diff_m5_m24_l0_I diff_m5_m24_l0_O diff_m5_m24_l1_I diff_m5_m24_l1_O diff_m5_m24_l2_I diff_m5_m24_l2_O diff_m5_m24_l3_I diff_m5_m24_l3_O diff_m5_m25_l0_I diff_m5_m25_l0_O diff_m5_m25_l1_I diff_m5_m25_l1_O diff_m5_m25_l2_I diff_m5_m25_l2_O diff_m5_m25_l3_I diff_m5_m25_l3_O diff_m5_m26_l0_I diff_m5_m26_l0_O diff_m5_m26_l1_I diff_m5_m26_l1_O diff_m5_m26_l2_I diff_m5_m26_l2_O diff_m5_m26_l3_I diff_m5_m26_l3_O diff_m5_m27_l0_I diff_m5_m27_l0_O diff_m5_m27_l1_I diff_m5_m27_l1_O diff_m5_m27_l2_I diff_m5_m27_l2_O diff_m5_m27_l3_I diff_m5_m27_l3_O diff_m6_m7_l0_I diff_m6_m7_l0_O diff_m6_m7_l1_I diff_m6_m7_l1_O diff_m6_m7_l2_I diff_m6_m7_l2_O diff_m6_m7_l3_I diff_m6_m7_l3_O diff_m6_m8_l0_I diff_m6_m8_l0_O diff_m6_m8_l1_I diff_m6_m8_l1_O diff_m6_m8_l2_I diff_m6_m8_l2_O diff_m6_m8_l3_I diff_m6_m8_l3_O diff_m6_m9_l0_I diff_m6_m9_l0_O diff_m6_m9_l1_I diff_m6_m9_l1_O diff_m6_m9_l2_I diff_m6_m9_l2_O diff_m6_m9_l3_I diff_m6_m9_l3_O diff_m6_m10_l0_I diff_m6_m10_l0_O diff_m6_m10_l1_I diff_m6_m10_l1_O diff_m6_m10_l2_I diff_m6_m10_l2_O diff_m6_m10_l3_I diff_m6_m10_l3_O diff_m6_m11_l0_I diff_m6_m11_l0_O diff_m6_m11_l1_I diff_m6_m11_l1_O diff_m6_m11_l2_I diff_m6_m11_l2_O diff_m6_m11_l3_I diff_m6_m11_l3_O diff_m6_m12_l0_I diff_m6_m12_l0_O diff_m6_m12_l1_I diff_m6_m12_l1_O diff_m6_m12_l2_I diff_m6_m12_l2_O diff_m6_m12_l3_I diff_m6_m12_l3_O diff_m6_m13_l0_I diff_m6_m13_l0_O diff_m6_m13_l1_I diff_m6_m13_l1_O diff_m6_m13_l2_I diff_m6_m13_l2_O diff_m6_m13_l3_I diff_m6_m13_l3_O diff_m6_m14_l0_I diff_m6_m14_l0_O diff_m6_m14_l1_I diff_m6_m14_l1_O diff_m6_m14_l2_I diff_m6_m14_l2_O diff_m6_m14_l3_I diff_m6_m14_l3_O diff_m6_m15_l0_I diff_m6_m15_l0_O diff_m6_m15_l1_I diff_m6_m15_l1_O diff_m6_m15_l2_I diff_m6_m15_l2_O diff_m6_m15_l3_I diff_m6_m15_l3_O diff_m6_m16_l0_I diff_m6_m16_l0_O diff_m6_m16_l1_I diff_m6_m16_l1_O diff_m6_m16_l2_I diff_m6_m16_l2_O diff_m6_m16_l3_I diff_m6_m16_l3_O diff_m6_m17_l0_I diff_m6_m17_l0_O diff_m6_m17_l1_I diff_m6_m17_l1_O diff_m6_m17_l2_I diff_m6_m17_l2_O diff_m6_m17_l3_I diff_m6_m17_l3_O diff_m6_m18_l0_I diff_m6_m18_l0_O diff_m6_m18_l1_I diff_m6_m18_l1_O diff_m6_m18_l2_I diff_m6_m18_l2_O diff_m6_m18_l3_I diff_m6_m18_l3_O diff_m6_m19_l0_I diff_m6_m19_l0_O diff_m6_m19_l1_I diff_m6_m19_l1_O diff_m6_m19_l2_I diff_m6_m19_l2_O diff_m6_m19_l3_I diff_m6_m19_l3_O diff_m6_m20_l0_I diff_m6_m20_l0_O diff_m6_m20_l1_I diff_m6_m20_l1_O diff_m6_m20_l2_I diff_m6_m20_l2_O diff_m6_m20_l3_I diff_m6_m20_l3_O diff_m6_m21_l0_I diff_m6_m21_l0_O diff_m6_m21_l1_I diff_m6_m21_l1_O diff_m6_m21_l2_I diff_m6_m21_l2_O diff_m6_m21_l3_I diff_m6_m21_l3_O diff_m6_m22_l0_I diff_m6_m22_l0_O diff_m6_m22_l1_I diff_m6_m22_l1_O diff_m6_m22_l2_I diff_m6_m22_l2_O diff_m6_m22_l3_I diff_m6_m22_l3_O diff_m6_m23_l0_I diff_m6_m23_l0_O diff_m6_m23_l1_I diff_m6_m23_l1_O diff_m6_m23_l2_I diff_m6_m23_l2_O diff_m6_m23_l3_I diff_m6_m23_l3_O diff_m6_m24_l0_I diff_m6_m24_l0_O diff_m6_m24_l1_I diff_m6_m24_l1_O diff_m6_m24_l2_I diff_m6_m24_l2_O diff_m6_m24_l3_I diff_m6_m24_l3_O diff_m6_m25_l0_I diff_m6_m25_l0_O diff_m6_m25_l1_I diff_m6_m25_l1_O diff_m6_m25_l2_I diff_m6_m25_l2_O diff_m6_m25_l3_I diff_m6_m25_l3_O diff_m6_m26_l0_I diff_m6_m26_l0_O diff_m6_m26_l1_I diff_m6_m26_l1_O diff_m6_m26_l2_I diff_m6_m26_l2_O diff_m6_m26_l3_I diff_m6_m26_l3_O diff_m6_m27_l0_I diff_m6_m27_l0_O diff_m6_m27_l1_I diff_m6_m27_l1_O diff_m6_m27_l2_I diff_m6_m27_l2_O diff_m6_m27_l3_I diff_m6_m27_l3_O diff_m7_m8_l0_I diff_m7_m8_l0_O diff_m7_m8_l1_I diff_m7_m8_l1_O diff_m7_m8_l2_I diff_m7_m8_l2_O diff_m7_m8_l3_I diff_m7_m8_l3_O diff_m7_m9_l0_I diff_m7_m9_l0_O diff_m7_m9_l1_I diff_m7_m9_l1_O diff_m7_m9_l2_I diff_m7_m9_l2_O diff_m7_m9_l3_I diff_m7_m9_l3_O diff_m7_m10_l0_I diff_m7_m10_l0_O diff_m7_m10_l1_I diff_m7_m10_l1_O diff_m7_m10_l2_I diff_m7_m10_l2_O diff_m7_m10_l3_I diff_m7_m10_l3_O diff_m7_m11_l0_I diff_m7_m11_l0_O diff_m7_m11_l1_I diff_m7_m11_l1_O diff_m7_m11_l2_I diff_m7_m11_l2_O diff_m7_m11_l3_I diff_m7_m11_l3_O diff_m7_m12_l0_I diff_m7_m12_l0_O diff_m7_m12_l1_I diff_m7_m12_l1_O diff_m7_m12_l2_I diff_m7_m12_l2_O diff_m7_m12_l3_I diff_m7_m12_l3_O diff_m7_m13_l0_I diff_m7_m13_l0_O diff_m7_m13_l1_I diff_m7_m13_l1_O diff_m7_m13_l2_I diff_m7_m13_l2_O diff_m7_m13_l3_I diff_m7_m13_l3_O diff_m7_m14_l0_I diff_m7_m14_l0_O diff_m7_m14_l1_I diff_m7_m14_l1_O diff_m7_m14_l2_I diff_m7_m14_l2_O diff_m7_m14_l3_I diff_m7_m14_l3_O diff_m7_m15_l0_I diff_m7_m15_l0_O diff_m7_m15_l1_I diff_m7_m15_l1_O diff_m7_m15_l2_I diff_m7_m15_l2_O diff_m7_m15_l3_I diff_m7_m15_l3_O diff_m7_m16_l0_I diff_m7_m16_l0_O diff_m7_m16_l1_I diff_m7_m16_l1_O diff_m7_m16_l2_I diff_m7_m16_l2_O diff_m7_m16_l3_I diff_m7_m16_l3_O diff_m7_m17_l0_I diff_m7_m17_l0_O diff_m7_m17_l1_I diff_m7_m17_l1_O diff_m7_m17_l2_I diff_m7_m17_l2_O diff_m7_m17_l3_I diff_m7_m17_l3_O diff_m7_m18_l0_I diff_m7_m18_l0_O diff_m7_m18_l1_I diff_m7_m18_l1_O diff_m7_m18_l2_I diff_m7_m18_l2_O diff_m7_m18_l3_I diff_m7_m18_l3_O diff_m7_m19_l0_I diff_m7_m19_l0_O diff_m7_m19_l1_I diff_m7_m19_l1_O diff_m7_m19_l2_I diff_m7_m19_l2_O diff_m7_m19_l3_I diff_m7_m19_l3_O diff_m7_m20_l0_I diff_m7_m20_l0_O diff_m7_m20_l1_I diff_m7_m20_l1_O diff_m7_m20_l2_I diff_m7_m20_l2_O diff_m7_m20_l3_I diff_m7_m20_l3_O diff_m7_m21_l0_I diff_m7_m21_l0_O diff_m7_m21_l1_I diff_m7_m21_l1_O diff_m7_m21_l2_I diff_m7_m21_l2_O diff_m7_m21_l3_I diff_m7_m21_l3_O diff_m7_m22_l0_I diff_m7_m22_l0_O diff_m7_m22_l1_I diff_m7_m22_l1_O diff_m7_m22_l2_I diff_m7_m22_l2_O diff_m7_m22_l3_I diff_m7_m22_l3_O diff_m7_m23_l0_I diff_m7_m23_l0_O diff_m7_m23_l1_I diff_m7_m23_l1_O diff_m7_m23_l2_I diff_m7_m23_l2_O diff_m7_m23_l3_I diff_m7_m23_l3_O diff_m7_m24_l0_I diff_m7_m24_l0_O diff_m7_m24_l1_I diff_m7_m24_l1_O diff_m7_m24_l2_I diff_m7_m24_l2_O diff_m7_m24_l3_I diff_m7_m24_l3_O diff_m7_m25_l0_I diff_m7_m25_l0_O diff_m7_m25_l1_I diff_m7_m25_l1_O diff_m7_m25_l2_I diff_m7_m25_l2_O diff_m7_m25_l3_I diff_m7_m25_l3_O diff_m7_m26_l0_I diff_m7_m26_l0_O diff_m7_m26_l1_I diff_m7_m26_l1_O diff_m7_m26_l2_I diff_m7_m26_l2_O diff_m7_m26_l3_I diff_m7_m26_l3_O diff_m7_m27_l0_I diff_m7_m27_l0_O diff_m7_m27_l1_I diff_m7_m27_l1_O diff_m7_m27_l2_I diff_m7_m27_l2_O diff_m7_m27_l3_I diff_m7_m27_l3_O diff_m8_m9_l0_I diff_m8_m9_l0_O diff_m8_m9_l1_I diff_m8_m9_l1_O diff_m8_m9_l2_I diff_m8_m9_l2_O diff_m8_m9_l3_I diff_m8_m9_l3_O diff_m8_m10_l0_I diff_m8_m10_l0_O diff_m8_m10_l1_I diff_m8_m10_l1_O diff_m8_m10_l2_I diff_m8_m10_l2_O diff_m8_m10_l3_I diff_m8_m10_l3_O diff_m8_m11_l0_I diff_m8_m11_l0_O diff_m8_m11_l1_I diff_m8_m11_l1_O diff_m8_m11_l2_I diff_m8_m11_l2_O diff_m8_m11_l3_I diff_m8_m11_l3_O diff_m8_m12_l0_I diff_m8_m12_l0_O diff_m8_m12_l1_I diff_m8_m12_l1_O diff_m8_m12_l2_I diff_m8_m12_l2_O diff_m8_m12_l3_I diff_m8_m12_l3_O diff_m8_m13_l0_I diff_m8_m13_l0_O diff_m8_m13_l1_I diff_m8_m13_l1_O diff_m8_m13_l2_I diff_m8_m13_l2_O diff_m8_m13_l3_I diff_m8_m13_l3_O diff_m8_m14_l0_I diff_m8_m14_l0_O diff_m8_m14_l1_I diff_m8_m14_l1_O diff_m8_m14_l2_I diff_m8_m14_l2_O diff_m8_m14_l3_I diff_m8_m14_l3_O diff_m8_m15_l0_I diff_m8_m15_l0_O diff_m8_m15_l1_I diff_m8_m15_l1_O diff_m8_m15_l2_I diff_m8_m15_l2_O diff_m8_m15_l3_I diff_m8_m15_l3_O diff_m8_m16_l0_I diff_m8_m16_l0_O diff_m8_m16_l1_I diff_m8_m16_l1_O diff_m8_m16_l2_I diff_m8_m16_l2_O diff_m8_m16_l3_I diff_m8_m16_l3_O diff_m8_m17_l0_I diff_m8_m17_l0_O diff_m8_m17_l1_I diff_m8_m17_l1_O diff_m8_m17_l2_I diff_m8_m17_l2_O diff_m8_m17_l3_I diff_m8_m17_l3_O diff_m8_m18_l0_I diff_m8_m18_l0_O diff_m8_m18_l1_I diff_m8_m18_l1_O diff_m8_m18_l2_I diff_m8_m18_l2_O diff_m8_m18_l3_I diff_m8_m18_l3_O diff_m8_m19_l0_I diff_m8_m19_l0_O diff_m8_m19_l1_I diff_m8_m19_l1_O diff_m8_m19_l2_I diff_m8_m19_l2_O diff_m8_m19_l3_I diff_m8_m19_l3_O diff_m8_m20_l0_I diff_m8_m20_l0_O diff_m8_m20_l1_I diff_m8_m20_l1_O diff_m8_m20_l2_I diff_m8_m20_l2_O diff_m8_m20_l3_I diff_m8_m20_l3_O diff_m8_m21_l0_I diff_m8_m21_l0_O diff_m8_m21_l1_I diff_m8_m21_l1_O diff_m8_m21_l2_I diff_m8_m21_l2_O diff_m8_m21_l3_I diff_m8_m21_l3_O diff_m8_m22_l0_I diff_m8_m22_l0_O diff_m8_m22_l1_I diff_m8_m22_l1_O diff_m8_m22_l2_I diff_m8_m22_l2_O diff_m8_m22_l3_I diff_m8_m22_l3_O diff_m8_m23_l0_I diff_m8_m23_l0_O diff_m8_m23_l1_I diff_m8_m23_l1_O diff_m8_m23_l2_I diff_m8_m23_l2_O diff_m8_m23_l3_I diff_m8_m23_l3_O diff_m8_m24_l0_I diff_m8_m24_l0_O diff_m8_m24_l1_I diff_m8_m24_l1_O diff_m8_m24_l2_I diff_m8_m24_l2_O diff_m8_m24_l3_I diff_m8_m24_l3_O diff_m8_m25_l0_I diff_m8_m25_l0_O diff_m8_m25_l1_I diff_m8_m25_l1_O diff_m8_m25_l2_I diff_m8_m25_l2_O diff_m8_m25_l3_I diff_m8_m25_l3_O diff_m8_m26_l0_I diff_m8_m26_l0_O diff_m8_m26_l1_I diff_m8_m26_l1_O diff_m8_m26_l2_I diff_m8_m26_l2_O diff_m8_m26_l3_I diff_m8_m26_l3_O diff_m8_m27_l0_I diff_m8_m27_l0_O diff_m8_m27_l1_I diff_m8_m27_l1_O diff_m8_m27_l2_I diff_m8_m27_l2_O diff_m8_m27_l3_I diff_m8_m27_l3_O diff_m9_m10_l0_I diff_m9_m10_l0_O diff_m9_m10_l1_I diff_m9_m10_l1_O diff_m9_m10_l2_I diff_m9_m10_l2_O diff_m9_m10_l3_I diff_m9_m10_l3_O diff_m9_m11_l0_I diff_m9_m11_l0_O diff_m9_m11_l1_I diff_m9_m11_l1_O diff_m9_m11_l2_I diff_m9_m11_l2_O diff_m9_m11_l3_I diff_m9_m11_l3_O diff_m9_m12_l0_I diff_m9_m12_l0_O diff_m9_m12_l1_I diff_m9_m12_l1_O diff_m9_m12_l2_I diff_m9_m12_l2_O diff_m9_m12_l3_I diff_m9_m12_l3_O diff_m9_m13_l0_I diff_m9_m13_l0_O diff_m9_m13_l1_I diff_m9_m13_l1_O diff_m9_m13_l2_I diff_m9_m13_l2_O diff_m9_m13_l3_I diff_m9_m13_l3_O diff_m9_m14_l0_I diff_m9_m14_l0_O diff_m9_m14_l1_I diff_m9_m14_l1_O diff_m9_m14_l2_I diff_m9_m14_l2_O diff_m9_m14_l3_I diff_m9_m14_l3_O diff_m9_m15_l0_I diff_m9_m15_l0_O diff_m9_m15_l1_I diff_m9_m15_l1_O diff_m9_m15_l2_I diff_m9_m15_l2_O diff_m9_m15_l3_I diff_m9_m15_l3_O diff_m9_m16_l0_I diff_m9_m16_l0_O diff_m9_m16_l1_I diff_m9_m16_l1_O diff_m9_m16_l2_I diff_m9_m16_l2_O diff_m9_m16_l3_I diff_m9_m16_l3_O diff_m9_m17_l0_I diff_m9_m17_l0_O diff_m9_m17_l1_I diff_m9_m17_l1_O diff_m9_m17_l2_I diff_m9_m17_l2_O diff_m9_m17_l3_I diff_m9_m17_l3_O diff_m9_m18_l0_I diff_m9_m18_l0_O diff_m9_m18_l1_I diff_m9_m18_l1_O diff_m9_m18_l2_I diff_m9_m18_l2_O diff_m9_m18_l3_I diff_m9_m18_l3_O diff_m9_m19_l0_I diff_m9_m19_l0_O diff_m9_m19_l1_I diff_m9_m19_l1_O diff_m9_m19_l2_I diff_m9_m19_l2_O diff_m9_m19_l3_I diff_m9_m19_l3_O diff_m9_m20_l0_I diff_m9_m20_l0_O diff_m9_m20_l1_I diff_m9_m20_l1_O diff_m9_m20_l2_I diff_m9_m20_l2_O diff_m9_m20_l3_I diff_m9_m20_l3_O diff_m9_m21_l0_I diff_m9_m21_l0_O diff_m9_m21_l1_I diff_m9_m21_l1_O diff_m9_m21_l2_I diff_m9_m21_l2_O diff_m9_m21_l3_I diff_m9_m21_l3_O diff_m9_m22_l0_I diff_m9_m22_l0_O diff_m9_m22_l1_I diff_m9_m22_l1_O diff_m9_m22_l2_I diff_m9_m22_l2_O diff_m9_m22_l3_I diff_m9_m22_l3_O diff_m9_m23_l0_I diff_m9_m23_l0_O diff_m9_m23_l1_I diff_m9_m23_l1_O diff_m9_m23_l2_I diff_m9_m23_l2_O diff_m9_m23_l3_I diff_m9_m23_l3_O diff_m9_m24_l0_I diff_m9_m24_l0_O diff_m9_m24_l1_I diff_m9_m24_l1_O diff_m9_m24_l2_I diff_m9_m24_l2_O diff_m9_m24_l3_I diff_m9_m24_l3_O diff_m9_m25_l0_I diff_m9_m25_l0_O diff_m9_m25_l1_I diff_m9_m25_l1_O diff_m9_m25_l2_I diff_m9_m25_l2_O diff_m9_m25_l3_I diff_m9_m25_l3_O diff_m9_m26_l0_I diff_m9_m26_l0_O diff_m9_m26_l1_I diff_m9_m26_l1_O diff_m9_m26_l2_I diff_m9_m26_l2_O diff_m9_m26_l3_I diff_m9_m26_l3_O diff_m9_m27_l0_I diff_m9_m27_l0_O diff_m9_m27_l1_I diff_m9_m27_l1_O diff_m9_m27_l2_I diff_m9_m27_l2_O diff_m9_m27_l3_I diff_m9_m27_l3_O diff_m10_m11_l0_I diff_m10_m11_l0_O diff_m10_m11_l1_I diff_m10_m11_l1_O diff_m10_m11_l2_I diff_m10_m11_l2_O diff_m10_m11_l3_I diff_m10_m11_l3_O diff_m10_m12_l0_I diff_m10_m12_l0_O diff_m10_m12_l1_I diff_m10_m12_l1_O diff_m10_m12_l2_I diff_m10_m12_l2_O diff_m10_m12_l3_I diff_m10_m12_l3_O diff_m10_m13_l0_I diff_m10_m13_l0_O diff_m10_m13_l1_I diff_m10_m13_l1_O diff_m10_m13_l2_I diff_m10_m13_l2_O diff_m10_m13_l3_I diff_m10_m13_l3_O diff_m10_m14_l0_I diff_m10_m14_l0_O diff_m10_m14_l1_I diff_m10_m14_l1_O diff_m10_m14_l2_I diff_m10_m14_l2_O diff_m10_m14_l3_I diff_m10_m14_l3_O diff_m10_m15_l0_I diff_m10_m15_l0_O diff_m10_m15_l1_I diff_m10_m15_l1_O diff_m10_m15_l2_I diff_m10_m15_l2_O diff_m10_m15_l3_I diff_m10_m15_l3_O diff_m10_m16_l0_I diff_m10_m16_l0_O diff_m10_m16_l1_I diff_m10_m16_l1_O diff_m10_m16_l2_I diff_m10_m16_l2_O diff_m10_m16_l3_I diff_m10_m16_l3_O diff_m10_m17_l0_I diff_m10_m17_l0_O diff_m10_m17_l1_I diff_m10_m17_l1_O diff_m10_m17_l2_I diff_m10_m17_l2_O diff_m10_m17_l3_I diff_m10_m17_l3_O diff_m10_m18_l0_I diff_m10_m18_l0_O diff_m10_m18_l1_I diff_m10_m18_l1_O diff_m10_m18_l2_I diff_m10_m18_l2_O diff_m10_m18_l3_I diff_m10_m18_l3_O diff_m10_m19_l0_I diff_m10_m19_l0_O diff_m10_m19_l1_I diff_m10_m19_l1_O diff_m10_m19_l2_I diff_m10_m19_l2_O diff_m10_m19_l3_I diff_m10_m19_l3_O diff_m10_m20_l0_I diff_m10_m20_l0_O diff_m10_m20_l1_I diff_m10_m20_l1_O diff_m10_m20_l2_I diff_m10_m20_l2_O diff_m10_m20_l3_I diff_m10_m20_l3_O diff_m10_m21_l0_I diff_m10_m21_l0_O diff_m10_m21_l1_I diff_m10_m21_l1_O diff_m10_m21_l2_I diff_m10_m21_l2_O diff_m10_m21_l3_I diff_m10_m21_l3_O diff_m10_m22_l0_I diff_m10_m22_l0_O diff_m10_m22_l1_I diff_m10_m22_l1_O diff_m10_m22_l2_I diff_m10_m22_l2_O diff_m10_m22_l3_I diff_m10_m22_l3_O diff_m10_m23_l0_I diff_m10_m23_l0_O diff_m10_m23_l1_I diff_m10_m23_l1_O diff_m10_m23_l2_I diff_m10_m23_l2_O diff_m10_m23_l3_I diff_m10_m23_l3_O diff_m10_m24_l0_I diff_m10_m24_l0_O diff_m10_m24_l1_I diff_m10_m24_l1_O diff_m10_m24_l2_I diff_m10_m24_l2_O diff_m10_m24_l3_I diff_m10_m24_l3_O diff_m10_m25_l0_I diff_m10_m25_l0_O diff_m10_m25_l1_I diff_m10_m25_l1_O diff_m10_m25_l2_I diff_m10_m25_l2_O diff_m10_m25_l3_I diff_m10_m25_l3_O diff_m10_m26_l0_I diff_m10_m26_l0_O diff_m10_m26_l1_I diff_m10_m26_l1_O diff_m10_m26_l2_I diff_m10_m26_l2_O diff_m10_m26_l3_I diff_m10_m26_l3_O diff_m10_m27_l0_I diff_m10_m27_l0_O diff_m10_m27_l1_I diff_m10_m27_l1_O diff_m10_m27_l2_I diff_m10_m27_l2_O diff_m10_m27_l3_I diff_m10_m27_l3_O diff_m11_m12_l0_I diff_m11_m12_l0_O diff_m11_m12_l1_I diff_m11_m12_l1_O diff_m11_m12_l2_I diff_m11_m12_l2_O diff_m11_m12_l3_I diff_m11_m12_l3_O diff_m11_m13_l0_I diff_m11_m13_l0_O diff_m11_m13_l1_I diff_m11_m13_l1_O diff_m11_m13_l2_I diff_m11_m13_l2_O diff_m11_m13_l3_I diff_m11_m13_l3_O diff_m11_m14_l0_I diff_m11_m14_l0_O diff_m11_m14_l1_I diff_m11_m14_l1_O diff_m11_m14_l2_I diff_m11_m14_l2_O diff_m11_m14_l3_I diff_m11_m14_l3_O diff_m11_m15_l0_I diff_m11_m15_l0_O diff_m11_m15_l1_I diff_m11_m15_l1_O diff_m11_m15_l2_I diff_m11_m15_l2_O diff_m11_m15_l3_I diff_m11_m15_l3_O diff_m11_m16_l0_I diff_m11_m16_l0_O diff_m11_m16_l1_I diff_m11_m16_l1_O diff_m11_m16_l2_I diff_m11_m16_l2_O diff_m11_m16_l3_I diff_m11_m16_l3_O diff_m11_m17_l0_I diff_m11_m17_l0_O diff_m11_m17_l1_I diff_m11_m17_l1_O diff_m11_m17_l2_I diff_m11_m17_l2_O diff_m11_m17_l3_I diff_m11_m17_l3_O diff_m11_m18_l0_I diff_m11_m18_l0_O diff_m11_m18_l1_I diff_m11_m18_l1_O diff_m11_m18_l2_I diff_m11_m18_l2_O diff_m11_m18_l3_I diff_m11_m18_l3_O diff_m11_m19_l0_I diff_m11_m19_l0_O diff_m11_m19_l1_I diff_m11_m19_l1_O diff_m11_m19_l2_I diff_m11_m19_l2_O diff_m11_m19_l3_I diff_m11_m19_l3_O diff_m11_m20_l0_I diff_m11_m20_l0_O diff_m11_m20_l1_I diff_m11_m20_l1_O diff_m11_m20_l2_I diff_m11_m20_l2_O diff_m11_m20_l3_I diff_m11_m20_l3_O diff_m11_m21_l0_I diff_m11_m21_l0_O diff_m11_m21_l1_I diff_m11_m21_l1_O diff_m11_m21_l2_I diff_m11_m21_l2_O diff_m11_m21_l3_I diff_m11_m21_l3_O diff_m11_m22_l0_I diff_m11_m22_l0_O diff_m11_m22_l1_I diff_m11_m22_l1_O diff_m11_m22_l2_I diff_m11_m22_l2_O diff_m11_m22_l3_I diff_m11_m22_l3_O diff_m11_m23_l0_I diff_m11_m23_l0_O diff_m11_m23_l1_I diff_m11_m23_l1_O diff_m11_m23_l2_I diff_m11_m23_l2_O diff_m11_m23_l3_I diff_m11_m23_l3_O diff_m11_m24_l0_I diff_m11_m24_l0_O diff_m11_m24_l1_I diff_m11_m24_l1_O diff_m11_m24_l2_I diff_m11_m24_l2_O diff_m11_m24_l3_I diff_m11_m24_l3_O diff_m11_m25_l0_I diff_m11_m25_l0_O diff_m11_m25_l1_I diff_m11_m25_l1_O diff_m11_m25_l2_I diff_m11_m25_l2_O diff_m11_m25_l3_I diff_m11_m25_l3_O diff_m11_m26_l0_I diff_m11_m26_l0_O diff_m11_m26_l1_I diff_m11_m26_l1_O diff_m11_m26_l2_I diff_m11_m26_l2_O diff_m11_m26_l3_I diff_m11_m26_l3_O diff_m11_m27_l0_I diff_m11_m27_l0_O diff_m11_m27_l1_I diff_m11_m27_l1_O diff_m11_m27_l2_I diff_m11_m27_l2_O diff_m11_m27_l3_I diff_m11_m27_l3_O diff_m12_m13_l0_I diff_m12_m13_l0_O diff_m12_m13_l1_I diff_m12_m13_l1_O diff_m12_m13_l2_I diff_m12_m13_l2_O diff_m12_m13_l3_I diff_m12_m13_l3_O diff_m12_m14_l0_I diff_m12_m14_l0_O diff_m12_m14_l1_I diff_m12_m14_l1_O diff_m12_m14_l2_I diff_m12_m14_l2_O diff_m12_m14_l3_I diff_m12_m14_l3_O diff_m12_m15_l0_I diff_m12_m15_l0_O diff_m12_m15_l1_I diff_m12_m15_l1_O diff_m12_m15_l2_I diff_m12_m15_l2_O diff_m12_m15_l3_I diff_m12_m15_l3_O diff_m12_m16_l0_I diff_m12_m16_l0_O diff_m12_m16_l1_I diff_m12_m16_l1_O diff_m12_m16_l2_I diff_m12_m16_l2_O diff_m12_m16_l3_I diff_m12_m16_l3_O diff_m12_m17_l0_I diff_m12_m17_l0_O diff_m12_m17_l1_I diff_m12_m17_l1_O diff_m12_m17_l2_I diff_m12_m17_l2_O diff_m12_m17_l3_I diff_m12_m17_l3_O diff_m12_m18_l0_I diff_m12_m18_l0_O diff_m12_m18_l1_I diff_m12_m18_l1_O diff_m12_m18_l2_I diff_m12_m18_l2_O diff_m12_m18_l3_I diff_m12_m18_l3_O diff_m12_m19_l0_I diff_m12_m19_l0_O diff_m12_m19_l1_I diff_m12_m19_l1_O diff_m12_m19_l2_I diff_m12_m19_l2_O diff_m12_m19_l3_I diff_m12_m19_l3_O diff_m12_m20_l0_I diff_m12_m20_l0_O diff_m12_m20_l1_I diff_m12_m20_l1_O diff_m12_m20_l2_I diff_m12_m20_l2_O diff_m12_m20_l3_I diff_m12_m20_l3_O diff_m12_m21_l0_I diff_m12_m21_l0_O diff_m12_m21_l1_I diff_m12_m21_l1_O diff_m12_m21_l2_I diff_m12_m21_l2_O diff_m12_m21_l3_I diff_m12_m21_l3_O diff_m12_m22_l0_I diff_m12_m22_l0_O diff_m12_m22_l1_I diff_m12_m22_l1_O diff_m12_m22_l2_I diff_m12_m22_l2_O diff_m12_m22_l3_I diff_m12_m22_l3_O diff_m12_m23_l0_I diff_m12_m23_l0_O diff_m12_m23_l1_I diff_m12_m23_l1_O diff_m12_m23_l2_I diff_m12_m23_l2_O diff_m12_m23_l3_I diff_m12_m23_l3_O diff_m12_m24_l0_I diff_m12_m24_l0_O diff_m12_m24_l1_I diff_m12_m24_l1_O diff_m12_m24_l2_I diff_m12_m24_l2_O diff_m12_m24_l3_I diff_m12_m24_l3_O diff_m12_m25_l0_I diff_m12_m25_l0_O diff_m12_m25_l1_I diff_m12_m25_l1_O diff_m12_m25_l2_I diff_m12_m25_l2_O diff_m12_m25_l3_I diff_m12_m25_l3_O diff_m12_m26_l0_I diff_m12_m26_l0_O diff_m12_m26_l1_I diff_m12_m26_l1_O diff_m12_m26_l2_I diff_m12_m26_l2_O diff_m12_m26_l3_I diff_m12_m26_l3_O diff_m12_m27_l0_I diff_m12_m27_l0_O diff_m12_m27_l1_I diff_m12_m27_l1_O diff_m12_m27_l2_I diff_m12_m27_l2_O diff_m12_m27_l3_I diff_m12_m27_l3_O diff_m13_m14_l0_I diff_m13_m14_l0_O diff_m13_m14_l1_I diff_m13_m14_l1_O diff_m13_m14_l2_I diff_m13_m14_l2_O diff_m13_m14_l3_I diff_m13_m14_l3_O diff_m13_m15_l0_I diff_m13_m15_l0_O diff_m13_m15_l1_I diff_m13_m15_l1_O diff_m13_m15_l2_I diff_m13_m15_l2_O diff_m13_m15_l3_I diff_m13_m15_l3_O diff_m13_m16_l0_I diff_m13_m16_l0_O diff_m13_m16_l1_I diff_m13_m16_l1_O diff_m13_m16_l2_I diff_m13_m16_l2_O diff_m13_m16_l3_I diff_m13_m16_l3_O diff_m13_m17_l0_I diff_m13_m17_l0_O diff_m13_m17_l1_I diff_m13_m17_l1_O diff_m13_m17_l2_I diff_m13_m17_l2_O diff_m13_m17_l3_I diff_m13_m17_l3_O diff_m13_m18_l0_I diff_m13_m18_l0_O diff_m13_m18_l1_I diff_m13_m18_l1_O diff_m13_m18_l2_I diff_m13_m18_l2_O diff_m13_m18_l3_I diff_m13_m18_l3_O diff_m13_m19_l0_I diff_m13_m19_l0_O diff_m13_m19_l1_I diff_m13_m19_l1_O diff_m13_m19_l2_I diff_m13_m19_l2_O diff_m13_m19_l3_I diff_m13_m19_l3_O diff_m13_m20_l0_I diff_m13_m20_l0_O diff_m13_m20_l1_I diff_m13_m20_l1_O diff_m13_m20_l2_I diff_m13_m20_l2_O diff_m13_m20_l3_I diff_m13_m20_l3_O diff_m13_m21_l0_I diff_m13_m21_l0_O diff_m13_m21_l1_I diff_m13_m21_l1_O diff_m13_m21_l2_I diff_m13_m21_l2_O diff_m13_m21_l3_I diff_m13_m21_l3_O diff_m13_m22_l0_I diff_m13_m22_l0_O diff_m13_m22_l1_I diff_m13_m22_l1_O diff_m13_m22_l2_I diff_m13_m22_l2_O diff_m13_m22_l3_I diff_m13_m22_l3_O diff_m13_m23_l0_I diff_m13_m23_l0_O diff_m13_m23_l1_I diff_m13_m23_l1_O diff_m13_m23_l2_I diff_m13_m23_l2_O diff_m13_m23_l3_I diff_m13_m23_l3_O diff_m13_m24_l0_I diff_m13_m24_l0_O diff_m13_m24_l1_I diff_m13_m24_l1_O diff_m13_m24_l2_I diff_m13_m24_l2_O diff_m13_m24_l3_I diff_m13_m24_l3_O diff_m13_m25_l0_I diff_m13_m25_l0_O diff_m13_m25_l1_I diff_m13_m25_l1_O diff_m13_m25_l2_I diff_m13_m25_l2_O diff_m13_m25_l3_I diff_m13_m25_l3_O diff_m13_m26_l0_I diff_m13_m26_l0_O diff_m13_m26_l1_I diff_m13_m26_l1_O diff_m13_m26_l2_I diff_m13_m26_l2_O diff_m13_m26_l3_I diff_m13_m26_l3_O diff_m13_m27_l0_I diff_m13_m27_l0_O diff_m13_m27_l1_I diff_m13_m27_l1_O diff_m13_m27_l2_I diff_m13_m27_l2_O diff_m13_m27_l3_I diff_m13_m27_l3_O diff_m14_m15_l0_I diff_m14_m15_l0_O diff_m14_m15_l1_I diff_m14_m15_l1_O diff_m14_m15_l2_I diff_m14_m15_l2_O diff_m14_m15_l3_I diff_m14_m15_l3_O diff_m14_m16_l0_I diff_m14_m16_l0_O diff_m14_m16_l1_I diff_m14_m16_l1_O diff_m14_m16_l2_I diff_m14_m16_l2_O diff_m14_m16_l3_I diff_m14_m16_l3_O diff_m14_m17_l0_I diff_m14_m17_l0_O diff_m14_m17_l1_I diff_m14_m17_l1_O diff_m14_m17_l2_I diff_m14_m17_l2_O diff_m14_m17_l3_I diff_m14_m17_l3_O diff_m14_m18_l0_I diff_m14_m18_l0_O diff_m14_m18_l1_I diff_m14_m18_l1_O diff_m14_m18_l2_I diff_m14_m18_l2_O diff_m14_m18_l3_I diff_m14_m18_l3_O diff_m14_m19_l0_I diff_m14_m19_l0_O diff_m14_m19_l1_I diff_m14_m19_l1_O diff_m14_m19_l2_I diff_m14_m19_l2_O diff_m14_m19_l3_I diff_m14_m19_l3_O diff_m14_m20_l0_I diff_m14_m20_l0_O diff_m14_m20_l1_I diff_m14_m20_l1_O diff_m14_m20_l2_I diff_m14_m20_l2_O diff_m14_m20_l3_I diff_m14_m20_l3_O diff_m14_m21_l0_I diff_m14_m21_l0_O diff_m14_m21_l1_I diff_m14_m21_l1_O diff_m14_m21_l2_I diff_m14_m21_l2_O diff_m14_m21_l3_I diff_m14_m21_l3_O diff_m14_m22_l0_I diff_m14_m22_l0_O diff_m14_m22_l1_I diff_m14_m22_l1_O diff_m14_m22_l2_I diff_m14_m22_l2_O diff_m14_m22_l3_I diff_m14_m22_l3_O diff_m14_m23_l0_I diff_m14_m23_l0_O diff_m14_m23_l1_I diff_m14_m23_l1_O diff_m14_m23_l2_I diff_m14_m23_l2_O diff_m14_m23_l3_I diff_m14_m23_l3_O diff_m14_m24_l0_I diff_m14_m24_l0_O diff_m14_m24_l1_I diff_m14_m24_l1_O diff_m14_m24_l2_I diff_m14_m24_l2_O diff_m14_m24_l3_I diff_m14_m24_l3_O diff_m14_m25_l0_I diff_m14_m25_l0_O diff_m14_m25_l1_I diff_m14_m25_l1_O diff_m14_m25_l2_I diff_m14_m25_l2_O diff_m14_m25_l3_I diff_m14_m25_l3_O diff_m14_m26_l0_I diff_m14_m26_l0_O diff_m14_m26_l1_I diff_m14_m26_l1_O diff_m14_m26_l2_I diff_m14_m26_l2_O diff_m14_m26_l3_I diff_m14_m26_l3_O diff_m14_m27_l0_I diff_m14_m27_l0_O diff_m14_m27_l1_I diff_m14_m27_l1_O diff_m14_m27_l2_I diff_m14_m27_l2_O diff_m14_m27_l3_I diff_m14_m27_l3_O diff_m15_m16_l0_I diff_m15_m16_l0_O diff_m15_m16_l1_I diff_m15_m16_l1_O diff_m15_m16_l2_I diff_m15_m16_l2_O diff_m15_m16_l3_I diff_m15_m16_l3_O diff_m15_m17_l0_I diff_m15_m17_l0_O diff_m15_m17_l1_I diff_m15_m17_l1_O diff_m15_m17_l2_I diff_m15_m17_l2_O diff_m15_m17_l3_I diff_m15_m17_l3_O diff_m15_m18_l0_I diff_m15_m18_l0_O diff_m15_m18_l1_I diff_m15_m18_l1_O diff_m15_m18_l2_I diff_m15_m18_l2_O diff_m15_m18_l3_I diff_m15_m18_l3_O diff_m15_m19_l0_I diff_m15_m19_l0_O diff_m15_m19_l1_I diff_m15_m19_l1_O diff_m15_m19_l2_I diff_m15_m19_l2_O diff_m15_m19_l3_I diff_m15_m19_l3_O diff_m15_m20_l0_I diff_m15_m20_l0_O diff_m15_m20_l1_I diff_m15_m20_l1_O diff_m15_m20_l2_I diff_m15_m20_l2_O diff_m15_m20_l3_I diff_m15_m20_l3_O diff_m15_m21_l0_I diff_m15_m21_l0_O diff_m15_m21_l1_I diff_m15_m21_l1_O diff_m15_m21_l2_I diff_m15_m21_l2_O diff_m15_m21_l3_I diff_m15_m21_l3_O diff_m15_m22_l0_I diff_m15_m22_l0_O diff_m15_m22_l1_I diff_m15_m22_l1_O diff_m15_m22_l2_I diff_m15_m22_l2_O diff_m15_m22_l3_I diff_m15_m22_l3_O diff_m15_m23_l0_I diff_m15_m23_l0_O diff_m15_m23_l1_I diff_m15_m23_l1_O diff_m15_m23_l2_I diff_m15_m23_l2_O diff_m15_m23_l3_I diff_m15_m23_l3_O diff_m15_m24_l0_I diff_m15_m24_l0_O diff_m15_m24_l1_I diff_m15_m24_l1_O diff_m15_m24_l2_I diff_m15_m24_l2_O diff_m15_m24_l3_I diff_m15_m24_l3_O diff_m15_m25_l0_I diff_m15_m25_l0_O diff_m15_m25_l1_I diff_m15_m25_l1_O diff_m15_m25_l2_I diff_m15_m25_l2_O diff_m15_m25_l3_I diff_m15_m25_l3_O diff_m15_m26_l0_I diff_m15_m26_l0_O diff_m15_m26_l1_I diff_m15_m26_l1_O diff_m15_m26_l2_I diff_m15_m26_l2_O diff_m15_m26_l3_I diff_m15_m26_l3_O diff_m15_m27_l0_I diff_m15_m27_l0_O diff_m15_m27_l1_I diff_m15_m27_l1_O diff_m15_m27_l2_I diff_m15_m27_l2_O diff_m15_m27_l3_I diff_m15_m27_l3_O diff_m16_m17_l0_I diff_m16_m17_l0_O diff_m16_m17_l1_I diff_m16_m17_l1_O diff_m16_m17_l2_I diff_m16_m17_l2_O diff_m16_m17_l3_I diff_m16_m17_l3_O diff_m16_m18_l0_I diff_m16_m18_l0_O diff_m16_m18_l1_I diff_m16_m18_l1_O diff_m16_m18_l2_I diff_m16_m18_l2_O diff_m16_m18_l3_I diff_m16_m18_l3_O diff_m16_m19_l0_I diff_m16_m19_l0_O diff_m16_m19_l1_I diff_m16_m19_l1_O diff_m16_m19_l2_I diff_m16_m19_l2_O diff_m16_m19_l3_I diff_m16_m19_l3_O diff_m16_m20_l0_I diff_m16_m20_l0_O diff_m16_m20_l1_I diff_m16_m20_l1_O diff_m16_m20_l2_I diff_m16_m20_l2_O diff_m16_m20_l3_I diff_m16_m20_l3_O diff_m16_m21_l0_I diff_m16_m21_l0_O diff_m16_m21_l1_I diff_m16_m21_l1_O diff_m16_m21_l2_I diff_m16_m21_l2_O diff_m16_m21_l3_I diff_m16_m21_l3_O diff_m16_m22_l0_I diff_m16_m22_l0_O diff_m16_m22_l1_I diff_m16_m22_l1_O diff_m16_m22_l2_I diff_m16_m22_l2_O diff_m16_m22_l3_I diff_m16_m22_l3_O diff_m16_m23_l0_I diff_m16_m23_l0_O diff_m16_m23_l1_I diff_m16_m23_l1_O diff_m16_m23_l2_I diff_m16_m23_l2_O diff_m16_m23_l3_I diff_m16_m23_l3_O diff_m16_m24_l0_I diff_m16_m24_l0_O diff_m16_m24_l1_I diff_m16_m24_l1_O diff_m16_m24_l2_I diff_m16_m24_l2_O diff_m16_m24_l3_I diff_m16_m24_l3_O diff_m16_m25_l0_I diff_m16_m25_l0_O diff_m16_m25_l1_I diff_m16_m25_l1_O diff_m16_m25_l2_I diff_m16_m25_l2_O diff_m16_m25_l3_I diff_m16_m25_l3_O diff_m16_m26_l0_I diff_m16_m26_l0_O diff_m16_m26_l1_I diff_m16_m26_l1_O diff_m16_m26_l2_I diff_m16_m26_l2_O diff_m16_m26_l3_I diff_m16_m26_l3_O diff_m16_m27_l0_I diff_m16_m27_l0_O diff_m16_m27_l1_I diff_m16_m27_l1_O diff_m16_m27_l2_I diff_m16_m27_l2_O diff_m16_m27_l3_I diff_m16_m27_l3_O diff_m17_m18_l0_I diff_m17_m18_l0_O diff_m17_m18_l1_I diff_m17_m18_l1_O diff_m17_m18_l2_I diff_m17_m18_l2_O diff_m17_m18_l3_I diff_m17_m18_l3_O diff_m17_m19_l0_I diff_m17_m19_l0_O diff_m17_m19_l1_I diff_m17_m19_l1_O diff_m17_m19_l2_I diff_m17_m19_l2_O diff_m17_m19_l3_I diff_m17_m19_l3_O diff_m17_m20_l0_I diff_m17_m20_l0_O diff_m17_m20_l1_I diff_m17_m20_l1_O diff_m17_m20_l2_I diff_m17_m20_l2_O diff_m17_m20_l3_I diff_m17_m20_l3_O diff_m17_m21_l0_I diff_m17_m21_l0_O diff_m17_m21_l1_I diff_m17_m21_l1_O diff_m17_m21_l2_I diff_m17_m21_l2_O diff_m17_m21_l3_I diff_m17_m21_l3_O diff_m17_m22_l0_I diff_m17_m22_l0_O diff_m17_m22_l1_I diff_m17_m22_l1_O diff_m17_m22_l2_I diff_m17_m22_l2_O diff_m17_m22_l3_I diff_m17_m22_l3_O diff_m17_m23_l0_I diff_m17_m23_l0_O diff_m17_m23_l1_I diff_m17_m23_l1_O diff_m17_m23_l2_I diff_m17_m23_l2_O diff_m17_m23_l3_I diff_m17_m23_l3_O diff_m17_m24_l0_I diff_m17_m24_l0_O diff_m17_m24_l1_I diff_m17_m24_l1_O diff_m17_m24_l2_I diff_m17_m24_l2_O diff_m17_m24_l3_I diff_m17_m24_l3_O diff_m17_m25_l0_I diff_m17_m25_l0_O diff_m17_m25_l1_I diff_m17_m25_l1_O diff_m17_m25_l2_I diff_m17_m25_l2_O diff_m17_m25_l3_I diff_m17_m25_l3_O diff_m17_m26_l0_I diff_m17_m26_l0_O diff_m17_m26_l1_I diff_m17_m26_l1_O diff_m17_m26_l2_I diff_m17_m26_l2_O diff_m17_m26_l3_I diff_m17_m26_l3_O diff_m17_m27_l0_I diff_m17_m27_l0_O diff_m17_m27_l1_I diff_m17_m27_l1_O diff_m17_m27_l2_I diff_m17_m27_l2_O diff_m17_m27_l3_I diff_m17_m27_l3_O diff_m18_m19_l0_I diff_m18_m19_l0_O diff_m18_m19_l1_I diff_m18_m19_l1_O diff_m18_m19_l2_I diff_m18_m19_l2_O diff_m18_m19_l3_I diff_m18_m19_l3_O diff_m18_m20_l0_I diff_m18_m20_l0_O diff_m18_m20_l1_I diff_m18_m20_l1_O diff_m18_m20_l2_I diff_m18_m20_l2_O diff_m18_m20_l3_I diff_m18_m20_l3_O diff_m18_m21_l0_I diff_m18_m21_l0_O diff_m18_m21_l1_I diff_m18_m21_l1_O diff_m18_m21_l2_I diff_m18_m21_l2_O diff_m18_m21_l3_I diff_m18_m21_l3_O diff_m18_m22_l0_I diff_m18_m22_l0_O diff_m18_m22_l1_I diff_m18_m22_l1_O diff_m18_m22_l2_I diff_m18_m22_l2_O diff_m18_m22_l3_I diff_m18_m22_l3_O diff_m18_m23_l0_I diff_m18_m23_l0_O diff_m18_m23_l1_I diff_m18_m23_l1_O diff_m18_m23_l2_I diff_m18_m23_l2_O diff_m18_m23_l3_I diff_m18_m23_l3_O diff_m18_m24_l0_I diff_m18_m24_l0_O diff_m18_m24_l1_I diff_m18_m24_l1_O diff_m18_m24_l2_I diff_m18_m24_l2_O diff_m18_m24_l3_I diff_m18_m24_l3_O diff_m18_m25_l0_I diff_m18_m25_l0_O diff_m18_m25_l1_I diff_m18_m25_l1_O diff_m18_m25_l2_I diff_m18_m25_l2_O diff_m18_m25_l3_I diff_m18_m25_l3_O diff_m18_m26_l0_I diff_m18_m26_l0_O diff_m18_m26_l1_I diff_m18_m26_l1_O diff_m18_m26_l2_I diff_m18_m26_l2_O diff_m18_m26_l3_I diff_m18_m26_l3_O diff_m18_m27_l0_I diff_m18_m27_l0_O diff_m18_m27_l1_I diff_m18_m27_l1_O diff_m18_m27_l2_I diff_m18_m27_l2_O diff_m18_m27_l3_I diff_m18_m27_l3_O diff_m19_m20_l0_I diff_m19_m20_l0_O diff_m19_m20_l1_I diff_m19_m20_l1_O diff_m19_m20_l2_I diff_m19_m20_l2_O diff_m19_m20_l3_I diff_m19_m20_l3_O diff_m19_m21_l0_I diff_m19_m21_l0_O diff_m19_m21_l1_I diff_m19_m21_l1_O diff_m19_m21_l2_I diff_m19_m21_l2_O diff_m19_m21_l3_I diff_m19_m21_l3_O diff_m19_m22_l0_I diff_m19_m22_l0_O diff_m19_m22_l1_I diff_m19_m22_l1_O diff_m19_m22_l2_I diff_m19_m22_l2_O diff_m19_m22_l3_I diff_m19_m22_l3_O diff_m19_m23_l0_I diff_m19_m23_l0_O diff_m19_m23_l1_I diff_m19_m23_l1_O diff_m19_m23_l2_I diff_m19_m23_l2_O diff_m19_m23_l3_I diff_m19_m23_l3_O diff_m19_m24_l0_I diff_m19_m24_l0_O diff_m19_m24_l1_I diff_m19_m24_l1_O diff_m19_m24_l2_I diff_m19_m24_l2_O diff_m19_m24_l3_I diff_m19_m24_l3_O diff_m19_m25_l0_I diff_m19_m25_l0_O diff_m19_m25_l1_I diff_m19_m25_l1_O diff_m19_m25_l2_I diff_m19_m25_l2_O diff_m19_m25_l3_I diff_m19_m25_l3_O diff_m19_m26_l0_I diff_m19_m26_l0_O diff_m19_m26_l1_I diff_m19_m26_l1_O diff_m19_m26_l2_I diff_m19_m26_l2_O diff_m19_m26_l3_I diff_m19_m26_l3_O diff_m19_m27_l0_I diff_m19_m27_l0_O diff_m19_m27_l1_I diff_m19_m27_l1_O diff_m19_m27_l2_I diff_m19_m27_l2_O diff_m19_m27_l3_I diff_m19_m27_l3_O diff_m20_m21_l0_I diff_m20_m21_l0_O diff_m20_m21_l1_I diff_m20_m21_l1_O diff_m20_m21_l2_I diff_m20_m21_l2_O diff_m20_m21_l3_I diff_m20_m21_l3_O diff_m20_m22_l0_I diff_m20_m22_l0_O diff_m20_m22_l1_I diff_m20_m22_l1_O diff_m20_m22_l2_I diff_m20_m22_l2_O diff_m20_m22_l3_I diff_m20_m22_l3_O diff_m20_m23_l0_I diff_m20_m23_l0_O diff_m20_m23_l1_I diff_m20_m23_l1_O diff_m20_m23_l2_I diff_m20_m23_l2_O diff_m20_m23_l3_I diff_m20_m23_l3_O diff_m20_m24_l0_I diff_m20_m24_l0_O diff_m20_m24_l1_I diff_m20_m24_l1_O diff_m20_m24_l2_I diff_m20_m24_l2_O diff_m20_m24_l3_I diff_m20_m24_l3_O diff_m20_m25_l0_I diff_m20_m25_l0_O diff_m20_m25_l1_I diff_m20_m25_l1_O diff_m20_m25_l2_I diff_m20_m25_l2_O diff_m20_m25_l3_I diff_m20_m25_l3_O diff_m20_m26_l0_I diff_m20_m26_l0_O diff_m20_m26_l1_I diff_m20_m26_l1_O diff_m20_m26_l2_I diff_m20_m26_l2_O diff_m20_m26_l3_I diff_m20_m26_l3_O diff_m20_m27_l0_I diff_m20_m27_l0_O diff_m20_m27_l1_I diff_m20_m27_l1_O diff_m20_m27_l2_I diff_m20_m27_l2_O diff_m20_m27_l3_I diff_m20_m27_l3_O diff_m21_m22_l0_I diff_m21_m22_l0_O diff_m21_m22_l1_I diff_m21_m22_l1_O diff_m21_m22_l2_I diff_m21_m22_l2_O diff_m21_m22_l3_I diff_m21_m22_l3_O diff_m21_m23_l0_I diff_m21_m23_l0_O diff_m21_m23_l1_I diff_m21_m23_l1_O diff_m21_m23_l2_I diff_m21_m23_l2_O diff_m21_m23_l3_I diff_m21_m23_l3_O diff_m21_m24_l0_I diff_m21_m24_l0_O diff_m21_m24_l1_I diff_m21_m24_l1_O diff_m21_m24_l2_I diff_m21_m24_l2_O diff_m21_m24_l3_I diff_m21_m24_l3_O diff_m21_m25_l0_I diff_m21_m25_l0_O diff_m21_m25_l1_I diff_m21_m25_l1_O diff_m21_m25_l2_I diff_m21_m25_l2_O diff_m21_m25_l3_I diff_m21_m25_l3_O diff_m21_m26_l0_I diff_m21_m26_l0_O diff_m21_m26_l1_I diff_m21_m26_l1_O diff_m21_m26_l2_I diff_m21_m26_l2_O diff_m21_m26_l3_I diff_m21_m26_l3_O diff_m21_m27_l0_I diff_m21_m27_l0_O diff_m21_m27_l1_I diff_m21_m27_l1_O diff_m21_m27_l2_I diff_m21_m27_l2_O diff_m21_m27_l3_I diff_m21_m27_l3_O diff_m22_m23_l0_I diff_m22_m23_l0_O diff_m22_m23_l1_I diff_m22_m23_l1_O diff_m22_m23_l2_I diff_m22_m23_l2_O diff_m22_m23_l3_I diff_m22_m23_l3_O diff_m22_m24_l0_I diff_m22_m24_l0_O diff_m22_m24_l1_I diff_m22_m24_l1_O diff_m22_m24_l2_I diff_m22_m24_l2_O diff_m22_m24_l3_I diff_m22_m24_l3_O diff_m22_m25_l0_I diff_m22_m25_l0_O diff_m22_m25_l1_I diff_m22_m25_l1_O diff_m22_m25_l2_I diff_m22_m25_l2_O diff_m22_m25_l3_I diff_m22_m25_l3_O diff_m22_m26_l0_I diff_m22_m26_l0_O diff_m22_m26_l1_I diff_m22_m26_l1_O diff_m22_m26_l2_I diff_m22_m26_l2_O diff_m22_m26_l3_I diff_m22_m26_l3_O diff_m22_m27_l0_I diff_m22_m27_l0_O diff_m22_m27_l1_I diff_m22_m27_l1_O diff_m22_m27_l2_I diff_m22_m27_l2_O diff_m22_m27_l3_I diff_m22_m27_l3_O diff_m23_m24_l0_I diff_m23_m24_l0_O diff_m23_m24_l1_I diff_m23_m24_l1_O diff_m23_m24_l2_I diff_m23_m24_l2_O diff_m23_m24_l3_I diff_m23_m24_l3_O diff_m23_m25_l0_I diff_m23_m25_l0_O diff_m23_m25_l1_I diff_m23_m25_l1_O diff_m23_m25_l2_I diff_m23_m25_l2_O diff_m23_m25_l3_I diff_m23_m25_l3_O diff_m23_m26_l0_I diff_m23_m26_l0_O diff_m23_m26_l1_I diff_m23_m26_l1_O diff_m23_m26_l2_I diff_m23_m26_l2_O diff_m23_m26_l3_I diff_m23_m26_l3_O diff_m23_m27_l0_I diff_m23_m27_l0_O diff_m23_m27_l1_I diff_m23_m27_l1_O diff_m23_m27_l2_I diff_m23_m27_l2_O diff_m23_m27_l3_I diff_m23_m27_l3_O diff_m24_m25_l0_I diff_m24_m25_l0_O diff_m24_m25_l1_I diff_m24_m25_l1_O diff_m24_m25_l2_I diff_m24_m25_l2_O diff_m24_m25_l3_I diff_m24_m25_l3_O diff_m24_m26_l0_I diff_m24_m26_l0_O diff_m24_m26_l1_I diff_m24_m26_l1_O diff_m24_m26_l2_I diff_m24_m26_l2_O diff_m24_m26_l3_I diff_m24_m26_l3_O diff_m24_m27_l0_I diff_m24_m27_l0_O diff_m24_m27_l1_I diff_m24_m27_l1_O diff_m24_m27_l2_I diff_m24_m27_l2_O diff_m24_m27_l3_I diff_m24_m27_l3_O diff_m25_m26_l0_I diff_m25_m26_l0_O diff_m25_m26_l1_I diff_m25_m26_l1_O diff_m25_m26_l2_I diff_m25_m26_l2_O diff_m25_m26_l3_I diff_m25_m26_l3_O diff_m25_m27_l0_I diff_m25_m27_l0_O diff_m25_m27_l1_I diff_m25_m27_l1_O diff_m25_m27_l2_I diff_m25_m27_l2_O diff_m25_m27_l3_I diff_m25_m27_l3_O diff_m26_m27_l0_I diff_m26_m27_l0_O diff_m26_m27_l1_I diff_m26_m27_l1_O diff_m26_m27_l2_I diff_m26_m27_l2_O diff_m26_m27_l3_I diff_m26_m27_l3_O </list>
v   <values> 0 1 0 0 0 0 0 0 0 1 1 0 1 1 1 0 0 1 1 1 0 1 0 0 0 0 0 0 0 0 0 0 0 1 0 0 0 1 0 0 0 0 0 0 0 0 0 0 1 1 0 0 0 1 0 1 1 0 0 0 0 0 0 0 0 0 0 0 0 1 1 1 1 0 0 0 0 0 0 1 0 0 0 1 1 1 1 1 1 0 0 1 0 0 0 0 0 0 0 0 0 0 0 0 0 1 0 1 0 0 0 0 1 0 0 0 0 0 0 0 1 1 1 1 0 0 0 1 1 1 1 1 1 1 0 0 0 0 0 0 0 1 1 0 0 0 0 0 1 1 0 0 0 0 0 0 1 0 0 0 0 0 0 0 0 0 0 0 0 1 0 0 0 1 0 1 0 0 0 0 0 0 0 0 0 1 0 0 0 1 0 1 1 0 1 1 1 0 1 1 1 0 1 1 1 0 1 1 1 1 1 0 1 0 1 0 1 0 1 1 0 1 1 1 1 1 1 0 1 0 1 0 1 0 1 1 0 1 1 1 1 1 1 1 1 1 0 1 1 0 0 1 1 1 1 1 1 1 1 1 1 1 0 1 1 0 0 1 1 1 1 0 1 1 1 1 1 1 0 1 1 0 0 1 1 1 1 0 1 1 1 1 1 1 1 1 0 0 0 1 1 1 1 1 0 1 1 1 1 1 0 0 0 0 0 1 1 1 1 0 0 1 1 1 1 1 0 0 0 0 0 1 1 1 1 0 1 0 1 1 1 1 0 0 1 1 1 1 1 1 1 0 1 0 1 1 1 1 0 0 1 1 1 1 1 0 1 0 1 0 1 1 1 1 0 0 1 1 1 1 1 0 1 0 1 1 1 1 1 1 1 0 0 1 0 1 0 1 1 1 1 1 1 1 1 1 1 0 0 1 0 1 0 1 1 1 1 1 1 1 1 1 1 0 0 1 0 1 0 1 1 1 1 1 1 0 0 0 1 1 0 0 1 0 1 1 0 0 1 0 1 0 0 0 1 1 0 0 1 0 1 1 0 0 1 0 1 0 0 0 1 1 0 0 1 0 1 1 0 0 1 1 1 0 1 1 1 0 0 0 0 0 1 1 0 0 0 0 0 1 0 0 0 1 0 0 0 0 0 0 0 0 0 0 0 1 0 0 0 1 0 0 0 0 0 0 0 0 0 1 0 1 0 1 1 1 0 1 0 1 0 1 1 1 0 1 0 1 1 1 1 1 1 1 0 1 1 1 1 1 1 1 1 1 1 1 1 1 1 1 0 1 1 1 1 1 0 1 1 1 0 1 1 0 1 1 1 1 0 1 1 1 1 1 0 1 1 1 1 1 1 1 1 1 1 1 1 1 1 1 1 1 0 1 1 1 0 1 1 1 0 1 1 1 1 1 0 1 1 1 1 1 1 1 0 1 0 1 1 1 1 1 1 1 0 1 1 1 1 1 1 1 1 1 1 1 0 1 0 1 1 1 1 1 1 1 0 1 1 1 1 1 1 1 1 1 1 1 1 1 1 1 1 1 0 1 1 1 1 1 1 1 1 1 1 1 1 1 0 1 0 1 1 1 1 1 1 1 1 1 1 1 1 1 0 1 1 1 1 1 0 1 1 1 0 1 1 1 1 1 1 1 0 1 1 1 0 1 0 1 0 1 1 1 0 1 0 1 0 1 1 1 0 1 0 1 1 1 0 1 1 1 0 1 1 1 1 1 1 1 1 1 1 0 0 1 1 1 0 0 1 0 1 1 0 1 1 1 0 1 1 1 1 1 1 1 0 0 0 1 1 1 0 1 1 0 1 1 1 1 1 1 1 0 1 1 1 1 1 1 0 1 1 1 0 1 1 1 0 1 0 1 1 0 0 1 1 1 1 1 1 1 0 0 0 1 1 1 1 1 1 0 0 1 1 0 1 1 1 1 1 0 0 0 0 1 0 1 1 1 1 1 1 1 0 1 1 0 0 1 1 1 1 0 1 1 1 1 1 1 1 0 0 0 1 1 1 1 1 0 1 0 0 1 1 1 0 1 0 1 1 0 1 0 1 1 1 0 1 0 1 1 0 1 1 0 0 1 0 1 1 1 0 0 1 1 1 1 1 1 0 0 1 0 0 0 0 0 0 0 0 0 0 1 0 1 1 1 1 1 1 1 0 1 1 1 1 1 1 1 1 1 1 1 1 1 1 1 0 1 1 1 1 1 0 1 1 1 0 1 1 1 1 1 1 1 0 1 1 1 1 1 0 1 1 1 1 1 1 1 1 1 1 1 1 1 1 1 1 1 0 1 1 1 0 1 1 1 0 1 1 1 1 1 0 1 1 1 1 1 1 1 0 1 0 1 1 1 1 1 1 1 0 1 1 1 1 1 1 1 1 1 1 1 0 1 0 1 1 1 1 1 1 1 0 1 1 1 1 1 1 1 1 1 1 1 1 1 1 1 1 1 0 1 1 1 1 1 1 1 1 1 1 1 1 1 0 1 0 1 1 1 1 1 1 1 1 1 1 1 1 1 0 1 1 1 1 1 0 1 1 1 0 1 1 1 1 1 1 1 0 1 1 1 0 1 0 1 0 1 1 1 1 1 0 1 1 1 1 1 1 1 1 1 1 1 0 1 1 1 0 1 1 1 1 1 0 1 1 1 1 1 1 1 1 1 1 1 1 1 0 1 1 1 0 1 1 1 1 1 1 1 1 0 1 1 1 1 1 1 1 0 1 1 1 1 0 1 1 1 1 1 0 1 1 1 0 1 1 1 1 1 1 1 0 1 1 1 1 1 1 1 1 1 1 1 1 1 1 1 1 1 1 1 0 1 0 1 0 1 1 1 1 1 1 1 0 1 1 1 0 1 1 1 1 1 1 1 1 1 1 1 1 1 1 1 1 1 1 1 1 1 1 1 0 1 1 1 0 1 1 1 1 1 1 1 1 1 1 1 1 1 1 0 0 1 1 1 0 1 0 1 1 1 1 1 1 1 1 1 1 1 1 1 1 1 0 1 0 1 1 1 0 1 1 1 1 1 1 1 1 1 1 1 0 1 1 1 1 1 1 1 1 1 1 1 1 1 1 1 1 1 1 1 1 1 1 1 0 1 1 1 1 1 1 1 1 1 1 1 1 1 1 1 1 1 1 1 1 1 1 1 1 1 1 1 1 1 1 1 0 1 1 1 1 1 1 1 0 1 1 1 1 1 1 1 1 1 1 1 1 1 1 1 1 1 1 1 1 1 1 1 0 1 1 1 1 1 1 1 0 1 1 1 1 1 1 1 1 1 1 1 1 1 1 1 1 1 1 1 1 1 1 1 1 1 1 1 1 1 1 1 0 1 1 1 1 1 1 1 1 1 1 1 1 1 1 1 0 1 1 1 1 1 1 1 1 1 1 1 1 1 1 1 1 1 1 1 1 1 1 1 0 1 1 1 1 1 1 1 1 1 1 0 1 1 1 1 1 1 1 1 1 1 1 1 1 1 1 0 0 1 1 1 1 1 1 0 1 1 1 1 1 1 1 0 1 1 1 1 1 1 1 1 1 1 1 1 1 1 1 1 0 1 1 1 1 1 1 1 1 1 1 1 1 1 1 1 1 1 1 1 1 1 1 1 1 1 1 1 1 1 1 0 0 1 1 1 1 1 1 1 1 1 1 1 1 1 1 0 0 1 1 1 1 1 1 1 1 1 1 1 1 1 1 0 1 1 1 1 1 1 1 0 0 1 1 1 1 1 1 1 1 1 1 1 1 1 1 0 1 1 1 1 1 1 1 0 0 1 1 1 1 1 1 0 1 1 1 1 1 1 1 0 1 1 1 1 1 1 1 0 0 1 1 1 1 1 1 1 1 1 1 1 1 1 1 0 1 1 1 1 0 1 1 0 1 1 1 1 1 1 1 0 1 1 1 1 1 1 1 1 1 1 1 1 1 1 1 1 1 1 1 1 0 1 1 1 1 1 1 1 0 0 1 1 1 1 1 1 1 0 1 1 1 1 1 1 1 1 1 0 1 1 1 1 0 1 1 1 1 1 1 1 0 1 1 0 1 1 1 1 1 0 1 1 1 1 1 1 1 0 1 0 1 1 1 1 1 0 1 0 1 1 1 1 0 1 1 1 1 1 1 1 1 1 1 0 1 1 1 1 0 1 1 0 1 1 1 1 1 1 1 0 1 1 1 1 1 1 1 0 1 1 1 1 0 0 1 0 1 1 1 1 1 1 0 1 1 1 1 1 1 1 1 1 1 1 1 1 1 1 1 1 1 1 1 1 1 1 0 1 1 1 0 1 1 1 0 1 1 1 1 1 1 1 1 1 1 1 1 1 1 1 0 1 1 1 1 1 1 1 0 1 1 1 1 1 1 1 1 1 1 1 0 1 1 1 1 1 1 1 1 1 1 1 1 1 1 1 1 1 1 1 1 1 1 1 1 1 1 1 0 1 1 1 1 1 1 1 1 1 1 1 1 1 1 1 0 1 1 1 1 1 1 1 1 1 1 1 1 1 1 1 1 1 1 1 0 1 1 1 0 1 1 1 1 1 1 1 0 1 1 1 0 1 1 1 0 1 1 1 1 1 1 1 1 0 1 1 1 1 1 1 1 0 1 1 1 1 1 1 0 1 1 1 1 1 1 1 0 1 0 1 1 1 1 1 1 1 1 1 1 1 1 1 0 1 1 1 1 1 1 1 0 1 1 1 1 1 1 1 1 0 0 1 1 1 1 1 1 1 1 1 1 1 1 1 1 0 0 1 1 1 1 1 1 1 1 1 1 1 1 1 0 0 1 1 1 0 1 1 1 0 0 1 1 1 1 1 0 1 1 1 1 1 1 1 1 0 1 1 1 1 1 1 1 0 0 1 1 1 1 1 0 0 1 1 1 1 1 1 0 0 1 1 1 1 1 1 0 0 0 1 1 1 1 1 1 0 1 1 1 1 1 1 1 1 1 1 1 1 1 1 1 1 1 1 1 1 0 1 1 1 1 1 1 1 0 1 1 1 1 1 1 1 1 1 1 1 1 1 1 1 1 1 1 0 1 1 1 1 0 1 1 1 1 1 1 1 0 1 1 0 1 1 1 1 1 1 1 1 1 1 1 1 1 1 1 0 1 1 1 1 1 1 1 0 1 1 1 1 0 1 1 1 1 1 1 1 1 1 1 0 1 1 1 1 0 1 1 0 1 1 1 1 1 1 1 0 1 1 1 1 1 1 1 0 1 1 1 1 0 1 1 0 1 1 1 1 1 0 1 1 1 1 1 1 1 1 1 1 1 1 1 1 1 1 1 1 1 1 1 1 1 1 1 1 1 1 1 1 1 1 1 1 1 1 1 1 1 1 1 0 1 1 1 1 1 1 1 1 1 1 1 1 1 1 1 0 1 1 1 1 1 1 1 1 1 1 1 1 1 1 1 0 1 1 1 1 1 1 1 0 1 1 1 1 1 1 1 1 1 1 1 1 1 1 1 0 1 1 1 1 1 0 1 0 1 1 1 1 1 0 1 0 1 1 1 1 1 1 1 0 1 1 1 1 1 1 1 0 1 1 1 1 1 1 0 1 1 1 1 1 1 1 1 1 1 0 1 1 1 1 0 1 1 1 1 1 1 1 0 1 1 1 1 1 1 1 1 1 1 1 1 1 1 1 1 1 1 1 1 1 1 1 1 1 1 1 1 1 1 1 1 1 1 1 1 1 1 1 0 1 1 1 1 1 1 1 1 1 1 1 1 1 1 1 0 1 1 1 1 1 1 1 1 1 1 1 1 1 1 0 1 1 1 0 1 1 1 0 0 1 1 0 1 1 1 0 0 1 1 1 1 1 1 1 0 1 1 1 1 1 1 1 1 1 1 1 1 1 1 1 0 1 1 1 1 1 1 1 0 1 1 1 1 1 1 1 1 1 0 1 0 1 1 1 1 1 1 1 1 1 1 1 1 1 0 1 1 1 1 1 1 1 1 1 1 1 1 1 0 1 1 1 1 1 1 1 1 1 0 1 1 1 1 1 0 1 1 1 1 1 1 1 1 1 1 1 1 1 1 1 1 1 0 1 0 1 1 1 0 1 1 1 1 1 1 1 0 1 1 1 0 1 1 1 0 1 0 1 1 1 0 1 1 1 1 1 1 1 1 1 1 1 1 1 1 1 1 1 1 1 1 1 1 1 0 1 1 1 1 1 1 1 0 1 1 1 1 1 1 1 1 1 1 1 1 1 1 1 1 1 1 1 1 1 1 1 1 1 1 1 1 1 1 1 0 1 1 1 1 1 1 0 1 1 1 1 1 1 1 1 0 1 1 1 1 0 1 1 1 1 1 1 1 0 1 1 1 1 1 1 1 1 1 0 0 1 1 1 1 1 1 1 1 0 0 1 1 1 1 1 1 1 1 1 1 1 1 1 0 1 1 1 1 1 1 1 0 1 1 1 1 1 1 1 1 0 1 1 1 1 1 1 1 0 0 1 1 1 1 1 1 0 1 1 1 1 1 1 0 1 0 1 1 1 1 1 1 1 1 1 1 1 1 1 0 1 1 1 1 1 1 1 1 1 0 1 1 1 1 1 1 1 0 1 1 1 1 1 0 0 0 1 1 1 1 1 1 1 1 1 1 0 1 1 1 1 1 1 1 1 1 1 1 1 1 1 1 1 1 1 1 0 1 1 1 1 1 1 1 0 0 1 1 1 1 1 1 0 1 1 1 1 1 1 1 1 0 1 1 0 1 1 1 1 1 1 1 0 1 1 1 1 1 1 1 1 1 1 1 1 0 1 1 1 1 1 1 1 0 1 1 0 1 1 1 0 0 1 1 0 1 1 1 1 1 1 1 1 1 1 1 1 1 0 0 1 1 1 1 1 1 1 1 1 1 1 1 1 1 0 1 1 1 1 1 1 1 0 0 1 1 1 1 1 1 1 1 0 1 1 1 1 1 0 1 0 1 1 1 1 1 0 0 1 1 1 1 1 1 0 1 1 1 1 1 1 1 0 1 0 1 1 1 1 1 0 0 0 1 1 0 1 1 1 1 1 1 1 1 1 1 1 1 1 1 1 1 1 1 1 1 1 1 1 1 1 1 1 1 1 1 1 0 1 1 1 1 1 1 1 1 1 1 1 1 1 1 1 0 1 1 1 1 1 0 1 1 1 1 1 1 1 1 1 1 1 1 1 1 1 0 1 0 1 1 1 1 1 1 1 1 1 1 1 1 1 1 1 1 1 1 0 1 1 1 1 1 1 1 0 0 1 1 1 0 1 1 1 1 1 1 1 1 1 1 0 1 1 1 1 0 1 1 0 0 1 1 1 1 1 1 0 1 1 1 1 1 1 1 0 1 1 1 1 0 1 1 0 0 1 1 1 1 0 1 1 1 1 1 1 1 0 1 1 1 1 1 1 1 1 1 1 1 1 1 1 1 1 1 1 1 1 1 1 1 1 1 1 1 1 1 1 1 1 1 1 1 1 1 1 1 1 1 1 1 1 1 1 1 0 1 1 1 1 1 1 1 0 1 0 1 0 1 1 1 1 0 1 1 1 1 1 1 1 1 0 1 1 1 1 1 1 1 0 1 1 1 1 1 1 0 0 1 1 1 1 1 1 0 0 1 1 1 1 1 0 0 0 1 1 1 1 1 1 1 1 1 1 1 1 1 1 1 0 1 1 1 1 1 1 1 0 0 1 1 1 1 1 1 0 1 1 1 1 1 1 1 0 1 1 1 1 1 0 1 0 0 1 1 1 1 1 1 1 1 0 1 1 0 1 1 1 1 1 1 1 1 1 0 1 1 1 1 1 1 1 0 1 1 0 1 1 0 1 0 1 1 0 1 1 1 1 1 0 1 1 1 1 1 1 1 0 1 1 1 1 1 1 1 0 1 0 1 0 1 1 1 0 1 0 1 1 1 0 1 0 1 0 1 0 1 0 1 0 1 1 1 1 0 1 1 0 0 1 1 1 1 0 0 0 1 1 0 1 1 1 0 0 1 1 1 1 1 1 0 0 1 0 </values>
v </instantiation>
d OBJECTIVE_VALUE 73
d OPTIMAL 0
d OBJECTIVE_ROUNDS 84
d OBJECTIVE_IMPROVEMENTS 83
d COP_INCUMBENT_ELAPSED_MS 960344
d SOLVE_ELAPSED_MS 1799614
d CURRENT_STAGE sat
d CURRENT_STAGE_ELAPSED_MS 839274
d LAST_COMPLETED_STAGE decode
d STAGE_PROPAGATE_STATUS done
d STAGE_NORMALIZE_STATUS done
d STAGE_LOWER_STATUS done
d STAGE_POST_LOWER_STATUS done
d STAGE_PREENCODE_STATUS done
d STAGE_ENCODE_STATUS done
d STAGE_SAT_STATUS running
d STAGE_DECODE_STATUS done
d STAGE_RELAXATION_STATUS pending
d STAGE_DUMP_CNF_STATUS pending
d SOURCE_CONSTRAINTS 22683
d NORMALIZED_CONSTRAINTS 22683
d LOWERED_CONSTRAINTS 22683
d UNSUPPORTED_CONSTRAINTS 0
d SAT_VARS 4012
d SAT_CLAUSES_BASE 131939
d SAT_CLAUSES_FINAL 131939
d SAT_CLAUSES_CEGAR_DELTA 0
d MEMORY_RSS_BYTES 135061504
d MEMORY_RSS_AFTER_PROPAGATE_BYTES 134164480
d MEMORY_RSS_AFTER_LOWER_BYTES 134356992
d MEMORY_RSS_AFTER_POST_LOWER_BYTES 134606848
d MEMORY_RSS_BEFORE_PREENCODE_BYTES 134615040
d MEMORY_RSS_AFTER_PREENCODE_BYTES 134799360
d MEMORY_RSS_BEFORE_ENCODE_BYTES 135061504
d MEMORY_GUARD_LIMIT_BYTES 68719476736
d MEMORY_GUARD_RESERVE_BYTES 10737418240
d MEMORY_GUARD_AVAILABLE_BYTES 57847259136
d MEMORY_GUARD_DECISION rss-monitor
d MEMORY_GUARD_REASON rss_available
d SAT_CONFLICTS 377625
d EXTPROP_CONSTRAINTS 1
d EXTPROP_OBSERVED_VARS 165
d EXTPROP_OBSERVED_LITS 165
d EXTPROP_OBSERVED_LIT_OCCURRENCES 165
d EXTPROP_CALLBACK_CALLS 2549001580
d EXTPROP_CALLBACK_NS 0
d EXTPROP_NOTIFY_ASSIGNMENT_CALLS 39430562
d EXTPROP_NOTIFY_ASSIGNMENT_NS 0
d EXTPROP_NOTIFY_ASSIGNMENT_LITS 55194568
d EXTPROP_NOTIFY_NEW_DECISION_LEVEL_CALLS 1010059008
d EXTPROP_NOTIFY_NEW_DECISION_LEVEL_NS 0
d EXTPROP_NOTIFY_BACKTRACK_CALLS 6294110
d EXTPROP_NOTIFY_BACKTRACK_NS 0
d EXTPROP_CB_CHECK_FOUND_MODEL_CALLS 570028
d EXTPROP_CB_CHECK_FOUND_MODEL_NS 0
d EXTPROP_CB_CHECK_FOUND_MODEL_REJECTS 569944
d EXTPROP_CB_DECIDE_CALLS 0
d EXTPROP_CB_DECIDE_NS 0
d EXTPROP_CB_PROPAGATE_CALLS 8988653
d EXTPROP_CB_PROPAGATE_NS 0
d EXTPROP_PROPAGATED_LITS 792829
d EXTPROP_CB_ADD_REASON_CLAUSE_LIT_CALLS 49086466
d EXTPROP_CB_ADD_REASON_CLAUSE_LIT_NS 0
d EXTPROP_REASON_CLAUSES 52529616
d EXTPROP_REASON_CLAUSE_LITS 4024632339
d EXTPROP_REASON_CLAUSE_MAX_LEN 165
d EXTPROP_CB_HAS_EXTERNAL_CLAUSE_CALLS 1015364078
d EXTPROP_CB_HAS_EXTERNAL_CLAUSE_NS 0
d EXTPROP_CB_ADD_EXTERNAL_CLAUSE_LIT_CALLS 419208675
d EXTPROP_CB_ADD_EXTERNAL_CLAUSE_LIT_NS 0
d EXTPROP_EXTERNAL_CLAUSES 4734597
d EXTPROP_EXTERNAL_CLAUSE_LITS 414474078
d EXTPROP_EXTERNAL_CLAUSE_MAX_LEN 165
d EXTPROP_STRONG_REASON_ATTEMPTS 4166819
d EXTPROP_STRONG_REASON_NS 0
d EXTPROP_STRONG_REASON_LIFTS 0
d EXTPROP_STRONG_REASON_DROPPED_TERMS 12973860
d LINEAR_INT_EQ_ARITY_STATS {}
d LINEAR_INT_NE_ARITY_STATS {}
d LINEAR_INT_GE_ARITY_STATS {"44":{"count":1,"max_domain_product_excluding_one_var":"8796093022208","p95_domain_product_excluding_one_var":"8796093022208"}}
d LINEAR_BOOL_MIXED_ARITY_STATS {}
d ROOT_LP_ENTERED 0
d ROOT_LP_STATUS skipped
d ROOT_LP_MS 0
d ROOT_LP_REASON --no-root-lp-bound
d PROPAGATE_PRUNED_VALUES 0
d PROPAGATE_CHANGED_DOMAINS 0
d PROPAGATE_ENTAILED_TABLES 0
d POST_LOWER_ROUNDS 0
d POST_LOWER_TIGHTENED_DOMAINS 0
d POST_LOWER_REMOVED_CLAUSES 0
d POST_LOWER_REMOVED_LITS 0
d POST_LOWER_DETECTED_UNSAT 0
d PREENCODE_INT_VARS 3573
d ENCODE_EXTERNAL_GE_SPECS 0
d ENCODE_RELAXED_CIRCUITS 0
d MEMORY_RSS_BYTES 135061504
d MEMORY_RSS_AFTER_PROPAGATE_BYTES 134164480
d MEMORY_RSS_AFTER_LOWER_BYTES 134356992
d MEMORY_RSS_AFTER_POST_LOWER_BYTES 134606848
d MEMORY_RSS_BEFORE_PREENCODE_BYTES 134615040
d MEMORY_RSS_AFTER_PREENCODE_BYTES 134799360
d MEMORY_RSS_BEFORE_ENCODE_BYTES 135061504
d MEMORY_GUARD_LIMIT_BYTES 68719476736
d MEMORY_GUARD_RESERVE_BYTES 10737418240
d MEMORY_GUARD_AVAILABLE_BYTES 57847259136
d MEMORY_GUARD_DECISION rss-monitor
d MEMORY_GUARD_REASON rss_available
d DECODE_INT_ASSIGNMENTS 3552
d CIRCUIT_CEGAR_FAILURES 0
d CIRCUIT_CEGAR_ROUNDS 0
d CIRCUIT_CEGAR_ADDED_CLAUSES 0
d CUMULATIVE_CEGAR_FAILURES 0
d CUMULATIVE_CEGAR_ROUNDS 0
d CUMULATIVE_CEGAR_ADDED_CLAUSES 0
d COP_CEGAR_FAILURES 0
d COP_CEGAR_ROUNDS 0
d COP_CEGAR_ADDED_CLAUSES 0
d CSV /bench/competition/2022-2025/COP22to25/DC-rijndael-xor5-d1-t0-r08-keysize7-plainsize4_c22.xml.lzma,sat,22683,22683,22683,0,4012,131939,1799614,,,,,,,0,skipped,,,,,,0,,,,,,,timeout_signal,incumbent_interrupted_by_signal
signal=15; emitted incumbent csv row
