instance_id,instance,family,row_present,row_nonempty,log_present,values_present,status,reason,detail,incumbent,validation,sat_started,failure_class,current_stage,last_completed_stage,log_outcome,wctime,cputime,maxrss_kib,maxmm_kib,maxvm_kib,timeout_flag,memout_flag,exitstatus,slurm_task_id,slurm_state,slurm_exit_code,slurm_elapsed,slurm_maxrss,first_sat_start_ms,last_sat_start_ms,sat_rounds,sat_solve_done_rounds,sat_solve_ms_total,source_constraints,normalized_constraints,propagate_ms,normalize_ms,lower_ms,post_lower_ms,root_lp_ms,preencode_ms,encode_ms,sat_vars,sat_clauses,sat_init_vars,sat_init_clauses,ext_ge_specs,relaxed_circuits,lowered_int_vars,lowered_bool_vars,lowered_linear_atoms,lowered_table_atoms,lowered_table_tuples,lowered_alldiff_atoms,lowered_circuit_atoms,lowered_logical_clauses,circuit_cegar_failures,circuit_cegar_rounds,circuit_cegar_added_clauses,cumulative_cegar_failures,cumulative_cegar_rounds,cumulative_cegar_added_clauses,cop_cegar_failures,cop_cegar_rounds,cop_cegar_added_clauses,baseline_status,baseline_sat_started,baseline_stage,baseline_outcome,log_path,values_path
1,competition/2022-2025/COP22to25/AircraftAssemblyLine-1-178-00-0_c23.xml.lzma,AircraftAssemblyLine,1,1,1,1,unknown,timeout_signal,terminated_by_signal,,skipped_no_incumbent,1,timeout_after_sat,sat,relaxation,TO,1800.25,1793.15,9566144,9569196,10223124,true,false,36608,1,COMPLETED,0:0,00:30:05,,77000,1799000,2538,2537,1198192,2669,2669,6,0,12909,1813,0,4385,56173,10787581,31787328,10787581,31787328,0,0,3199,1968258,1482889,0,0,0,0,3282215,0,0,0,2537,2538,2560,0,2538,0,unknown,0,preencode(order-ge),TO,docs/logs/10c9c43b-dirty-noinc203-cegar-norootlp/runsolver/runsolver-kat-cop1000-noinc203-order-direct-mdd-tl-extprop8196-s40-cegar-norootlp-20260513-10c9c43b-dirty-q10609-19442939-1-1/output.log,docs/logs/10c9c43b-dirty-noinc203-cegar-norootlp/runsolver/runsolver-kat-cop1000-noinc203-order-direct-mdd-tl-extprop8196-s40-cegar-norootlp-20260513-10c9c43b-dirty-q10609-19442939-1-1/values.log
2,competition/2022-2025/COP22to25/AircraftAssemblyLine-1-178-20-0_c23.xml.lzma,AircraftAssemblyLine,1,1,1,1,sat,0,"best incumbent shown; guarded improvement search stopped before optimality proof: relaxation produced 2120459 clauses in one round, exceeding limit 1000000",29,valid,1,incumbent,decode,encode,,663.221,660.107,7496692,7499640,8064368,false,false,0,2,COMPLETED,0:0,00:11:06,,66000,657000,798,798,447871,2367,2367,5,0,9809,1280,0,3288,50227,9308267,28117645,9308267,28117645,0,0,2859,1507854,1309756,0,0,0,0,2578668,0,0,0,796,798,812,0,798,0,unknown,0,preencode(order-ge),TO,docs/logs/10c9c43b-dirty-noinc203-cegar-norootlp/runsolver/runsolver-kat-cop1000-noinc203-order-direct-mdd-tl-extprop8196-s40-cegar-norootlp-20260513-10c9c43b-dirty-q10609-19442940-2-2/output.log,docs/logs/10c9c43b-dirty-noinc203-cegar-norootlp/runsolver/runsolver-kat-cop1000-noinc203-order-direct-mdd-tl-extprop8196-s40-cegar-norootlp-20260513-10c9c43b-dirty-q10609-19442940-2-2/values.log
3,competition/2022-2025/COP22to25/AircraftAssemblyLine-1-178-20-1_c23.xml.lzma,AircraftAssemblyLine,1,1,1,1,unknown,timeout_signal,terminated_by_signal,,skipped_no_incumbent,1,timeout_after_sat,decode,sat,TO,1800.1,1792.08,8287336,8168200,8974396,true,false,36608,3,COMPLETED,0:0,00:30:05,,67000,1799000,2750,2750,1234141,2275,2275,5,0,10810,1564,0,3696,50174,9529115,28195549,9529115,28195549,0,0,2859,1691140,1298636,0,0,0,0,2824555,0,0,0,2749,2750,2771,0,2750,0,unknown,0,preencode(order-ge),TO,docs/logs/10c9c43b-dirty-noinc203-cegar-norootlp/runsolver/runsolver-kat-cop1000-noinc203-order-direct-mdd-tl-extprop8196-s40-cegar-norootlp-20260513-10c9c43b-dirty-q10609-19442941-3-3/output.log,docs/logs/10c9c43b-dirty-noinc203-cegar-norootlp/runsolver/runsolver-kat-cop1000-noinc203-order-direct-mdd-tl-extprop8196-s40-cegar-norootlp-20260513-10c9c43b-dirty-q10609-19442941-3-3/values.log
4,competition/2022-2025/COP22to25/AircraftAssemblyLine-1-178-20-2_c23.xml.lzma,AircraftAssemblyLine,1,1,1,1,sat,0,"best incumbent shown; guarded improvement search stopped before optimality proof: relaxation produced 2209675 clauses in one round, exceeding limit 1000000",30,valid,1,incumbent,decode,encode,,1299.92,1293.2,8480608,8360108,9103604,false,false,0,4,COMPLETED,0:0,00:21:43,,70000,1291000,2079,2079,830173,2266,2266,5,0,11745,1506,0,3946,51460,9659492,28676673,9659492,28676673,0,0,2859,1755168,1311717,0,0,0,0,2961032,0,0,0,2077,2079,2097,0,2079,0,unknown,0,preencode(order-ge),TO,docs/logs/10c9c43b-dirty-noinc203-cegar-norootlp/runsolver/runsolver-kat-cop1000-noinc203-order-direct-mdd-tl-extprop8196-s40-cegar-norootlp-20260513-10c9c43b-dirty-q10609-19442942-4-4/output.log,docs/logs/10c9c43b-dirty-noinc203-cegar-norootlp/runsolver/runsolver-kat-cop1000-noinc203-order-direct-mdd-tl-extprop8196-s40-cegar-norootlp-20260513-10c9c43b-dirty-q10609-19442942-4-4/values.log
5,competition/2022-2025/COP22to25/AircraftAssemblyLine-1-178-50-0_c23.xml.lzma,AircraftAssemblyLine,1,1,1,1,unknown,timeout_signal,terminated_by_signal,,skipped_no_incumbent,1,timeout_after_sat,sat,encode(order-ge),TO,1801.34,1793.12,68565420,68568440,69820088,true,false,36608,5,COMPLETED,0:0,00:30:05,,519000,519000,1,0,0,1826,1826,4,0,144003,29539,0,39973,284571,39753936,566681963,39753936,566681963,0,0,3435309,8043470,8792242,0,0,0,0,17285040,0,0,0,0,1,0,0,1,0,unknown,0,preencode(order-ge),TO,docs/logs/10c9c43b-dirty-noinc203-cegar-norootlp/runsolver/runsolver-kat-cop1000-noinc203-order-direct-mdd-tl-extprop8196-s40-cegar-norootlp-20260513-10c9c43b-dirty-q10609-19442943-5-5/output.log,docs/logs/10c9c43b-dirty-noinc203-cegar-norootlp/runsolver/runsolver-kat-cop1000-noinc203-order-direct-mdd-tl-extprop8196-s40-cegar-norootlp-20260513-10c9c43b-dirty-q10609-19442943-5-5/values.log
6,competition/2022-2025/COP22to25/AircraftAssemblyLine-1-178-50-1_c23.xml.lzma,AircraftAssemblyLine,1,1,1,1,unknown,timeout_signal,terminated_by_signal,,skipped_no_incumbent,1,timeout_after_sat,sat,encode(order-ge),TO,1801.39,1789.12,67480636,67483780,68712532,true,false,36608,6,COMPLETED,0:0,00:30:05,,546000,546000,1,0,0,1872,1872,4,0,151132,40822,0,47453,281137,39990606,510128062,39990606,510128062,0,0,3435309,8198440,8787021,0,0,0,0,17702259,0,0,0,0,1,0,0,1,0,unknown,0,preencode(order-ge),TO,docs/logs/10c9c43b-dirty-noinc203-cegar-norootlp/runsolver/runsolver-kat-cop1000-noinc203-order-direct-mdd-tl-extprop8196-s40-cegar-norootlp-20260513-10c9c43b-dirty-q10609-19442944-6-6/output.log,docs/logs/10c9c43b-dirty-noinc203-cegar-norootlp/runsolver/runsolver-kat-cop1000-noinc203-order-direct-mdd-tl-extprop8196-s40-cegar-norootlp-20260513-10c9c43b-dirty-q10609-19442944-6-6/values.log
7,competition/2022-2025/COP22to25/AircraftAssemblyLine-1-178-50-2_c23.xml.lzma,AircraftAssemblyLine,1,1,1,1,unknown,timeout_signal,terminated_by_signal,,skipped_no_incumbent,1,timeout_after_sat,sat,encode(order-ge),TO,1801.44,1778.58,72915348,73008532,74733508,true,false,36608,7,COMPLETED,0:0,00:30:05,,527000,527000,1,0,0,1869,1869,4,0,143876,30640,0,40340,291278,40087689,581459297,40087689,581459297,0,0,3435309,8241612,8796297,0,0,0,0,17563708,0,0,0,0,1,0,0,1,0,unknown,0,preencode(order-ge),TO,docs/logs/10c9c43b-dirty-noinc203-cegar-norootlp/runsolver/runsolver-kat-cop1000-noinc203-order-direct-mdd-tl-extprop8196-s40-cegar-norootlp-20260513-10c9c43b-dirty-q10609-19442945-7-7/output.log,docs/logs/10c9c43b-dirty-noinc203-cegar-norootlp/runsolver/runsolver-kat-cop1000-noinc203-order-direct-mdd-tl-extprop8196-s40-cegar-norootlp-20260513-10c9c43b-dirty-q10609-19442945-7-7/values.log
8,competition/2022-2025/COP22to25/AircraftAssemblyLine-1-178-70-0_c23.xml.lzma,AircraftAssemblyLine,1,1,1,1,sat,0,"best incumbent shown; guarded improvement search stopped before optimality proof: relaxation produced 7778040 clauses in one round, exceeding limit 1000000",40,valid,1,incumbent,decode,encode,,769.362,766.018,33689788,33690628,35390124,false,false,0,8,COMPLETED,0:0,00:12:54,,336000,682000,2,2,349729,1573,1573,3,0,116703,31291,0,36250,133592,32941325,212049667,32941325,212049667,0,0,2974169,6782152,7596425,0,0,0,0,14562204,0,0,0,0,2,0,0,2,0,unknown,0,preencode(order-ge),TO,docs/logs/10c9c43b-dirty-noinc203-cegar-norootlp/runsolver/runsolver-kat-cop1000-noinc203-order-direct-mdd-tl-extprop8196-s40-cegar-norootlp-20260513-10c9c43b-dirty-q10609-19442946-8-8/output.log,docs/logs/10c9c43b-dirty-noinc203-cegar-norootlp/runsolver/runsolver-kat-cop1000-noinc203-order-direct-mdd-tl-extprop8196-s40-cegar-norootlp-20260513-10c9c43b-dirty-q10609-19442946-8-8/values.log
9,competition/2022-2025/COP22to25/AircraftAssemblyLine-1-178-70-1_c23.xml.lzma,AircraftAssemblyLine,1,1,1,1,sat,0,"best incumbent shown; guarded improvement search stopped before optimality proof: relaxation produced 7612347 clauses in one round, exceeding limit 1000000",40,valid,1,incumbent,decode,encode,,645.138,641.929,33622592,33622896,35387716,false,false,0,9,COMPLETED,0:0,00:10:48,,323000,557000,2,2,237520,1581,1581,3,0,117915,26174,0,35409,127072,32815448,204832900,32815448,204832900,0,0,2974169,6794304,7601479,0,0,0,0,14667454,0,0,0,0,2,0,0,2,0,unknown,0,preencode(order-ge),TO,docs/logs/10c9c43b-dirty-noinc203-cegar-norootlp/runsolver/runsolver-kat-cop1000-noinc203-order-direct-mdd-tl-extprop8196-s40-cegar-norootlp-20260513-10c9c43b-dirty-q10609-19442947-9-9/output.log,docs/logs/10c9c43b-dirty-noinc203-cegar-norootlp/runsolver/runsolver-kat-cop1000-noinc203-order-direct-mdd-tl-extprop8196-s40-cegar-norootlp-20260513-10c9c43b-dirty-q10609-19442947-9-9/values.log
10,competition/2022-2025/COP22to25/AircraftAssemblyLine-1-178-70-2_c23.xml.lzma,AircraftAssemblyLine,1,1,1,1,sat,0,"best incumbent shown; guarded improvement search stopped before optimality proof: relaxation produced 8203093 clauses in one round, exceeding limit 1000000",40,valid,1,incumbent,decode,encode,,863.832,860.173,35244172,35243612,37080920,false,false,0,10,COMPLETED,0:0,00:14:27,,327000,771000,2,2,448710,1592,1592,3,0,117426,26123,0,34709,130674,33554919,229257283,33554919,229257283,0,0,2974169,7102272,7635479,0,0,0,0,15251352,0,0,0,0,2,0,0,2,0,unknown,0,preencode(order-ge),TO,docs/logs/10c9c43b-dirty-noinc203-cegar-norootlp/runsolver/runsolver-kat-cop1000-noinc203-order-direct-mdd-tl-extprop8196-s40-cegar-norootlp-20260513-10c9c43b-dirty-q10609-19442948-10-10/output.log,docs/logs/10c9c43b-dirty-noinc203-cegar-norootlp/runsolver/runsolver-kat-cop1000-noinc203-order-direct-mdd-tl-extprop8196-s40-cegar-norootlp-20260513-10c9c43b-dirty-q10609-19442948-10-10/values.log
11,competition/2022-2025/COP22to25/AircraftAssemblyLine-2-178-00-0_c23.xml.lzma,AircraftAssemblyLine,1,1,1,1,unknown,timeout_signal,terminated_by_signal,,skipped_no_incumbent,1,timeout_after_sat,sat,relaxation,TO,1800.2,1792.5,7889972,7890904,8286876,true,false,36608,11,COMPLETED,0:0,00:30:05,,73000,1798000,977,976,1604441,2221,2221,5,0,12809,1749,0,4306,52798,10541577,30306780,10541577,30306780,0,0,3075,1953278,1470862,0,0,0,0,3216557,0,0,0,976,977,978,0,977,0,unknown,0,preencode(order-ge),TO,docs/logs/10c9c43b-dirty-noinc203-cegar-norootlp/runsolver/runsolver-kat-cop1000-noinc203-order-direct-mdd-tl-extprop8196-s40-cegar-norootlp-20260513-10c9c43b-dirty-q10609-19442949-11-11/output.log,docs/logs/10c9c43b-dirty-noinc203-cegar-norootlp/runsolver/runsolver-kat-cop1000-noinc203-order-direct-mdd-tl-extprop8196-s40-cegar-norootlp-20260513-10c9c43b-dirty-q10609-19442949-11-11/values.log
12,competition/2022-2025/COP22to25/AircraftAssemblyLine-2-178-20-0_c23.xml.lzma,AircraftAssemblyLine,1,1,1,1,unknown,timeout_signal,terminated_by_signal,,skipped_no_incumbent,0,timeout_before_sat,encode(order-ge),preencode(order-ge),TO,1800.88,1793.55,33587184,33545304,35511236,true,false,36608,12,COMPLETED,0:0,00:30:05,,,,0,0,0,1939,1939,4,0,173573,34558,0,44701,,,,,,,,3850431,9469434,9854765,0,0,0,0,22286948,0,0,0,0,0,0,0,0,0,unknown,0,preencode(order-ge),TO,docs/logs/10c9c43b-dirty-noinc203-cegar-norootlp/runsolver/runsolver-kat-cop1000-noinc203-order-direct-mdd-tl-extprop8196-s40-cegar-norootlp-20260513-10c9c43b-dirty-q10609-19442950-12-12/output.log,docs/logs/10c9c43b-dirty-noinc203-cegar-norootlp/runsolver/runsolver-kat-cop1000-noinc203-order-direct-mdd-tl-extprop8196-s40-cegar-norootlp-20260513-10c9c43b-dirty-q10609-19442950-12-12/values.log
13,competition/2022-2025/COP22to25/AircraftAssemblyLine-2-178-20-1_c23.xml.lzma,AircraftAssemblyLine,1,1,1,1,unknown,timeout_signal,terminated_by_signal,,skipped_no_incumbent,1,timeout_after_sat,sat,encode(order-ge),TO,1801.48,1782.53,70833784,71821492,73558568,true,false,36608,13,COMPLETED,0:0,00:30:05,,551000,551000,1,0,0,1836,1836,4,0,173010,38249,0,67248,244576,61337064,488577882,61337064,488577882,0,0,3850427,9443562,9849199,0,0,0,0,22234045,0,0,0,0,1,0,0,1,0,unknown,0,preencode(order-ge),TO,docs/logs/10c9c43b-dirty-noinc203-cegar-norootlp/runsolver/runsolver-kat-cop1000-noinc203-order-direct-mdd-tl-extprop8196-s40-cegar-norootlp-20260513-10c9c43b-dirty-q10609-19442951-13-13/output.log,docs/logs/10c9c43b-dirty-noinc203-cegar-norootlp/runsolver/runsolver-kat-cop1000-noinc203-order-direct-mdd-tl-extprop8196-s40-cegar-norootlp-20260513-10c9c43b-dirty-q10609-19442951-13-13/values.log
14,competition/2022-2025/COP22to25/AircraftAssemblyLine-2-178-20-2_c23.xml.lzma,AircraftAssemblyLine,1,1,1,1,unknown,timeout_signal,terminated_by_signal,,skipped_no_incumbent,1,timeout_after_sat,sat,encode(order-ge),TO,1801.53,1784.25,72202828,72246508,73984608,true,false,36608,14,COMPLETED,0:0,00:30:05,,584000,584000,1,0,0,1927,1927,4,0,180476,54963,0,68062,251484,61695332,503891067,61695332,503891067,0,0,3850419,9482068,9847076,0,0,0,0,22299800,0,0,0,0,1,0,0,1,0,unknown,0,preencode(order-ge),TO,docs/logs/10c9c43b-dirty-noinc203-cegar-norootlp/runsolver/runsolver-kat-cop1000-noinc203-order-direct-mdd-tl-extprop8196-s40-cegar-norootlp-20260513-10c9c43b-dirty-q10609-19442952-14-14/output.log,docs/logs/10c9c43b-dirty-noinc203-cegar-norootlp/runsolver/runsolver-kat-cop1000-noinc203-order-direct-mdd-tl-extprop8196-s40-cegar-norootlp-20260513-10c9c43b-dirty-q10609-19442952-14-14/values.log
15,competition/2022-2025/COP22to25/AircraftAssemblyLine-2-178-50-0_c23.xml.lzma,AircraftAssemblyLine,1,1,1,1,unknown,timeout_signal,terminated_by_signal,,skipped_no_incumbent,0,timeout_before_sat,encode(order-ge),preencode(order-ge),TO,1800.61,1794.98,27880720,27578616,30366120,true,false,36608,15,COMPLETED,0:0,00:30:05,,,,0,0,0,1409,1409,3,0,130377,26458,0,36677,,,,,,,,3158733,7758284,8099628,0,0,0,0,18374715,0,0,0,0,0,0,0,0,0,unknown,0,preencode(order-ge),TO,docs/logs/10c9c43b-dirty-noinc203-cegar-norootlp/runsolver/runsolver-kat-cop1000-noinc203-order-direct-mdd-tl-extprop8196-s40-cegar-norootlp-20260513-10c9c43b-dirty-q10609-19442953-15-15/output.log,docs/logs/10c9c43b-dirty-noinc203-cegar-norootlp/runsolver/runsolver-kat-cop1000-noinc203-order-direct-mdd-tl-extprop8196-s40-cegar-norootlp-20260513-10c9c43b-dirty-q10609-19442953-15-15/values.log
16,competition/2022-2025/COP22to25/AircraftAssemblyLine-2-178-50-1_c23.xml.lzma,AircraftAssemblyLine,1,1,1,1,unknown,timeout_signal,terminated_by_signal,,skipped_no_incumbent,0,timeout_before_sat,encode(order-ge),preencode(order-ge),TO,1800.59,1794.27,27893372,27691540,30283140,true,false,36608,16,COMPLETED,0:0,00:30:05,,,,0,0,0,1491,1491,3,0,130612,26676,0,37120,,,,,,,,3158737,7793352,8099570,0,0,0,0,18926141,0,0,0,0,0,0,0,0,0,unknown,0,preencode(order-ge),TO,docs/logs/10c9c43b-dirty-noinc203-cegar-norootlp/runsolver/runsolver-kat-cop1000-noinc203-order-direct-mdd-tl-extprop8196-s40-cegar-norootlp-20260513-10c9c43b-dirty-q10609-19442954-16-16/output.log,docs/logs/10c9c43b-dirty-noinc203-cegar-norootlp/runsolver/runsolver-kat-cop1000-noinc203-order-direct-mdd-tl-extprop8196-s40-cegar-norootlp-20260513-10c9c43b-dirty-q10609-19442954-16-16/values.log
17,competition/2022-2025/COP22to25/AircraftAssemblyLine-2-178-50-2_c23.xml.lzma,AircraftAssemblyLine,1,0,1,1,,,,,skipped_no_incumbent,1,oom_after_sat,sat,encode,MO,1738.58,1728.68,124613908,124529028,132342664,false,false,35072,17,OUT_OF_MEMORY,0:125,00:29:05,,813000,813000,1,0,0,,,3,0,133368,28362,0,47309,579008,48770187,1151641656,48770187,1151641656,0,0,3158737,7859370,8113641,0,0,0,0,18333038,,,,,,,,,,unknown,0,preencode(order-ge),TO,docs/logs/10c9c43b-dirty-noinc203-cegar-norootlp/runsolver/runsolver-kat-cop1000-noinc203-order-direct-mdd-tl-extprop8196-s40-cegar-norootlp-20260513-10c9c43b-dirty-q10609-19442955-17-17/output.log,docs/logs/10c9c43b-dirty-noinc203-cegar-norootlp/runsolver/runsolver-kat-cop1000-noinc203-order-direct-mdd-tl-extprop8196-s40-cegar-norootlp-20260513-10c9c43b-dirty-q10609-19442955-17-17/values.log
18,competition/2022-2025/COP22to25/AircraftAssemblyLine-2-178-70-0_c23.xml.lzma,AircraftAssemblyLine,1,1,1,1,unknown,timeout_signal,terminated_by_signal,,skipped_no_incumbent,0,timeout_before_sat,encode(order-ge),preencode(order-ge),TO,1800.51,1795.22,21118504,21121564,23636024,true,false,36608,18,COMPLETED,0:0,00:30:08,,,,0,0,0,1174,1174,3,0,101463,17135,0,31027,,,,,,,,2697609,6645880,6932656,0,0,0,0,15974958,0,0,0,0,0,0,0,0,0,unknown,0,preencode(order-ge),TO,docs/logs/10c9c43b-dirty-noinc203-cegar-norootlp/runsolver/runsolver-kat-cop1000-noinc203-order-direct-mdd-tl-extprop8196-s40-cegar-norootlp-20260513-10c9c43b-dirty-q10609-19442956-18-18/output.log,docs/logs/10c9c43b-dirty-noinc203-cegar-norootlp/runsolver/runsolver-kat-cop1000-noinc203-order-direct-mdd-tl-extprop8196-s40-cegar-norootlp-20260513-10c9c43b-dirty-q10609-19442956-18-18/values.log
19,competition/2022-2025/COP22to25/AircraftAssemblyLine-2-178-70-1_c23.xml.lzma,AircraftAssemblyLine,1,1,1,1,unknown,timeout_signal,terminated_by_signal,,skipped_no_incumbent,0,timeout_before_sat,encode(order-ge),preencode(order-ge),TO,1800.64,1795.23,22003560,21883744,25069152,true,false,36608,19,COMPLETED,0:0,00:30:05,,,,0,0,0,1235,1235,3,0,99040,17604,0,31070,,,,,,,,2697605,6425966,6916588,0,0,0,0,16267074,0,0,0,0,0,0,0,0,0,unknown,0,preencode(order-ge),TO,docs/logs/10c9c43b-dirty-noinc203-cegar-norootlp/runsolver/runsolver-kat-cop1000-noinc203-order-direct-mdd-tl-extprop8196-s40-cegar-norootlp-20260513-10c9c43b-dirty-q10609-19442957-19-19/output.log,docs/logs/10c9c43b-dirty-noinc203-cegar-norootlp/runsolver/runsolver-kat-cop1000-noinc203-order-direct-mdd-tl-extprop8196-s40-cegar-norootlp-20260513-10c9c43b-dirty-q10609-19442957-19-19/values.log
20,competition/2022-2025/COP22to25/AircraftAssemblyLine-2-178-70-2_c23.xml.lzma,AircraftAssemblyLine,1,1,1,1,sat,0,"best incumbent shown; guarded improvement search stopped before optimality proof: relaxation produced 10489962 clauses in one round, exceeding limit 1000000",40,valid,1,incumbent,decode,encode,,1245.24,1195.93,84194328,84844764,93990872,false,false,0,20,COMPLETED,0:0,00:20:48,,690000,1086000,2,2,421644,1254,1254,3,0,101709,17727,0,36596,508882,40200486,1068466908,40200486,1068466908,0,0,2697609,6647828,6935712,0,0,0,0,15546714,0,0,0,0,2,0,0,2,0,unknown,0,preencode(order-ge),TO,docs/logs/10c9c43b-dirty-noinc203-cegar-norootlp/runsolver/runsolver-kat-cop1000-noinc203-order-direct-mdd-tl-extprop8196-s40-cegar-norootlp-20260513-10c9c43b-dirty-q10609-19442958-20-20/output.log,docs/logs/10c9c43b-dirty-noinc203-cegar-norootlp/runsolver/runsolver-kat-cop1000-noinc203-order-direct-mdd-tl-extprop8196-s40-cegar-norootlp-20260513-10c9c43b-dirty-q10609-19442958-20-20/values.log
21,competition/2022-2025/COP22to25/AircraftAssemblyLine-3-628-000-0_c24.xml.lzma,AircraftAssemblyLine,1,1,1,1,unknown,timeout_signal,terminated_by_signal,,skipped_no_incumbent,1,timeout_after_sat,sat,relaxation,TO,1800.41,1792.24,22605604,22317776,24626332,true,false,36608,21,COMPLETED,0:0,00:30:05,,214000,1799000,394,393,1377191,10219,10219,23,0,38295,5153,0,10991,154885,28790948,110321382,28790948,110321382,0,0,9487,5135606,4301518,0,0,0,0,8149389,0,0,0,393,394,419,0,394,0,unknown,0,lower,TO,docs/logs/10c9c43b-dirty-noinc203-cegar-norootlp/runsolver/runsolver-kat-cop1000-noinc203-order-direct-mdd-tl-extprop8196-s40-cegar-norootlp-20260513-10c9c43b-dirty-q10609-19442959-21-21/output.log,docs/logs/10c9c43b-dirty-noinc203-cegar-norootlp/runsolver/runsolver-kat-cop1000-noinc203-order-direct-mdd-tl-extprop8196-s40-cegar-norootlp-20260513-10c9c43b-dirty-q10609-19442959-21-21/values.log
22,competition/2022-2025/COP22to25/AircraftAssemblyLine-3-628-020-0_c24.xml.lzma,AircraftAssemblyLine,1,1,1,1,unknown,timeout_signal,terminated_by_signal,,skipped_no_incumbent,1,timeout_after_sat,decode,sat,TO,1800.35,1794.08,22590296,22593208,23890932,true,false,36608,22,COMPLETED,0:0,00:30:05,,202000,1798000,425,425,1381265,9725,9725,22,0,36470,5163,0,10529,145707,27583828,99665081,27583828,99665081,0,0,9147,4909542,4096694,0,0,0,0,7819683,0,0,0,424,425,573,0,425,0,unknown,0,lower,TO,docs/logs/10c9c43b-dirty-noinc203-cegar-norootlp/runsolver/runsolver-kat-cop1000-noinc203-order-direct-mdd-tl-extprop8196-s40-cegar-norootlp-20260513-10c9c43b-dirty-q10609-19442960-22-22/output.log,docs/logs/10c9c43b-dirty-noinc203-cegar-norootlp/runsolver/runsolver-kat-cop1000-noinc203-order-direct-mdd-tl-extprop8196-s40-cegar-norootlp-20260513-10c9c43b-dirty-q10609-19442960-22-22/values.log
23,competition/2022-2025/COP22to25/AircraftAssemblyLine-3-628-020-1_c24.xml.lzma,AircraftAssemblyLine,1,1,1,1,unknown,timeout_signal,terminated_by_signal,,skipped_no_incumbent,1,timeout_after_sat,sat,relaxation,TO,1800.3,1792.35,21862452,21814256,23980756,true,false,36608,23,COMPLETED,0:0,00:30:05,,210000,1799000,592,591,1278803,9385,9385,22,0,37863,5230,0,10824,151822,28101323,107152660,28101323,107152660,0,0,9147,5029468,4201071,0,0,0,0,8011618,0,0,0,591,592,608,0,592,0,unknown,0,lower,TO,docs/logs/10c9c43b-dirty-noinc203-cegar-norootlp/runsolver/runsolver-kat-cop1000-noinc203-order-direct-mdd-tl-extprop8196-s40-cegar-norootlp-20260513-10c9c43b-dirty-q10609-19442961-23-23/output.log,docs/logs/10c9c43b-dirty-noinc203-cegar-norootlp/runsolver/runsolver-kat-cop1000-noinc203-order-direct-mdd-tl-extprop8196-s40-cegar-norootlp-20260513-10c9c43b-dirty-q10609-19442961-23-23/values.log
24,competition/2022-2025/COP22to25/AircraftAssemblyLine-3-628-020-2_c24.xml.lzma,AircraftAssemblyLine,1,1,1,1,unknown,timeout_signal,terminated_by_signal,,skipped_no_incumbent,1,timeout_after_sat,sat,relaxation,TO,1800.37,1793.14,21607264,21249104,23357200,true,false,36608,24,COMPLETED,0:0,00:30:05,,203000,1797000,252,251,1456003,9558,9558,23,0,36620,4937,0,10641,146975,27647563,103316288,27647563,103316288,0,0,9147,4905652,4111110,0,0,0,0,7824552,0,0,0,251,252,538,0,252,0,unknown,0,lower,TO,docs/logs/10c9c43b-dirty-noinc203-cegar-norootlp/runsolver/runsolver-kat-cop1000-noinc203-order-direct-mdd-tl-extprop8196-s40-cegar-norootlp-20260513-10c9c43b-dirty-q10609-19442962-24-24/output.log,docs/logs/10c9c43b-dirty-noinc203-cegar-norootlp/runsolver/runsolver-kat-cop1000-noinc203-order-direct-mdd-tl-extprop8196-s40-cegar-norootlp-20260513-10c9c43b-dirty-q10609-19442962-24-24/values.log
25,competition/2022-2025/COP22to25/AircraftAssemblyLine-3-628-050-0_c24.xml.lzma,AircraftAssemblyLine,1,1,1,1,sat,0,"best incumbent shown; guarded improvement search stopped before optimality proof: relaxation produced 7081680 clauses in one round, exceeding limit 1000000",36,valid,1,incumbent,decode,encode,,1528.99,1522.77,20250016,19965288,22432936,false,false,0,25,COMPLETED,0:0,00:25:32,,187000,1474000,366,366,1109517,9145,9145,22,0,34345,4776,0,10068,133900,25908351,89735942,25908351,89735942,0,0,8637,4613600,3828065,0,0,0,0,7382207,0,0,0,364,366,579,0,366,0,unknown,0,lower,TO,docs/logs/10c9c43b-dirty-noinc203-cegar-norootlp/runsolver/runsolver-kat-cop1000-noinc203-order-direct-mdd-tl-extprop8196-s40-cegar-norootlp-20260513-10c9c43b-dirty-q10609-19442963-25-25/output.log,docs/logs/10c9c43b-dirty-noinc203-cegar-norootlp/runsolver/runsolver-kat-cop1000-noinc203-order-direct-mdd-tl-extprop8196-s40-cegar-norootlp-20260513-10c9c43b-dirty-q10609-19442963-25-25/values.log
26,competition/2022-2025/COP22to25/AircraftAssemblyLine-3-628-050-1_c24.xml.lzma,AircraftAssemblyLine,1,1,1,1,unknown,timeout_signal,terminated_by_signal,,skipped_no_incumbent,1,timeout_after_sat,decode,sat,TO,1800.43,1793.35,20653036,20478532,22872116,true,false,36608,26,COMPLETED,0:0,00:30:05,,194000,1798000,463,463,1379780,8458,8458,21,0,35239,5080,0,10305,139359,26617657,98950059,26617657,98950059,0,0,8641,4734196,3954044,0,0,0,0,7613831,0,0,0,462,463,489,0,463,0,unknown,0,lower,TO,docs/logs/10c9c43b-dirty-noinc203-cegar-norootlp/runsolver/runsolver-kat-cop1000-noinc203-order-direct-mdd-tl-extprop8196-s40-cegar-norootlp-20260513-10c9c43b-dirty-q10609-19442964-26-26/output.log,docs/logs/10c9c43b-dirty-noinc203-cegar-norootlp/runsolver/runsolver-kat-cop1000-noinc203-order-direct-mdd-tl-extprop8196-s40-cegar-norootlp-20260513-10c9c43b-dirty-q10609-19442964-26-26/values.log
27,competition/2022-2025/COP22to25/AircraftAssemblyLine-3-628-050-2_c24.xml.lzma,AircraftAssemblyLine,1,1,1,1,unknown,timeout_signal,terminated_by_signal,,skipped_no_incumbent,1,timeout_after_sat,sat,relaxation,TO,1800.34,1793.4,20168660,19837856,22076736,true,false,36608,27,COMPLETED,0:0,00:30:05,,188000,1799000,586,585,1323559,8625,8625,20,0,33929,4787,0,9938,135892,25984030,91745566,25984030,91745566,0,0,8637,4545154,3859838,0,0,0,0,7313609,0,0,0,585,586,789,0,586,0,unknown,0,lower,TO,docs/logs/10c9c43b-dirty-noinc203-cegar-norootlp/runsolver/runsolver-kat-cop1000-noinc203-order-direct-mdd-tl-extprop8196-s40-cegar-norootlp-20260513-10c9c43b-dirty-q10609-19442965-27-27/output.log,docs/logs/10c9c43b-dirty-noinc203-cegar-norootlp/runsolver/runsolver-kat-cop1000-noinc203-order-direct-mdd-tl-extprop8196-s40-cegar-norootlp-20260513-10c9c43b-dirty-q10609-19442965-27-27/values.log
28,competition/2022-2025/COP22to25/AircraftAssemblyLine-3-628-070-0_c24.xml.lzma,AircraftAssemblyLine,1,1,1,1,sat,0,"best incumbent shown; guarded improvement search stopped before optimality proof: relaxation produced 6798074 clauses in one round, exceeding limit 1000000",40,valid,1,incumbent,decode,encode,,908.079,902.308,19477844,19161076,21791056,false,false,0,28,COMPLETED,0:0,00:15:11,,178000,857000,86,86,638870,8373,8373,20,0,32153,4512,0,9735,127629,24914992,83860839,24914992,83860839,0,0,8297,4427506,3658350,0,0,0,0,7123815,0,0,0,84,86,112,0,86,0,unknown,0,lower,TO,docs/logs/10c9c43b-dirty-noinc203-cegar-norootlp/runsolver/runsolver-kat-cop1000-noinc203-order-direct-mdd-tl-extprop8196-s40-cegar-norootlp-20260513-10c9c43b-dirty-q10609-19442966-28-28/output.log,docs/logs/10c9c43b-dirty-noinc203-cegar-norootlp/runsolver/runsolver-kat-cop1000-noinc203-order-direct-mdd-tl-extprop8196-s40-cegar-norootlp-20260513-10c9c43b-dirty-q10609-19442966-28-28/values.log
29,competition/2022-2025/COP22to25/AircraftAssemblyLine-3-628-070-1_c24.xml.lzma,AircraftAssemblyLine,1,1,1,1,unknown,timeout_signal,terminated_by_signal,,skipped_no_incumbent,1,timeout_after_sat,decode,sat,TO,1800.33,1790.59,19653376,19506420,21911764,true,false,36608,29,COMPLETED,0:0,00:30:05,,188000,1798000,729,729,1273560,8028,8028,19,0,33505,4818,0,12237,132856,25334896,89962326,25334896,89962326,0,0,8301,4514570,3740699,0,0,0,0,7279498,0,0,0,728,729,754,0,729,0,unknown,0,lower,TO,docs/logs/10c9c43b-dirty-noinc203-cegar-norootlp/runsolver/runsolver-kat-cop1000-noinc203-order-direct-mdd-tl-extprop8196-s40-cegar-norootlp-20260513-10c9c43b-dirty-q10609-19442967-29-29/output.log,docs/logs/10c9c43b-dirty-noinc203-cegar-norootlp/runsolver/runsolver-kat-cop1000-noinc203-order-direct-mdd-tl-extprop8196-s40-cegar-norootlp-20260513-10c9c43b-dirty-q10609-19442967-29-29/values.log
30,competition/2022-2025/COP22to25/AircraftAssemblyLine-3-628-070-2_c24.xml.lzma,AircraftAssemblyLine,1,1,1,1,sat,0,"best incumbent shown; guarded improvement search stopped before optimality proof: relaxation produced 6728878 clauses in one round, exceeding limit 1000000",35,valid,1,incumbent,decode,encode,,1738.14,1732.39,19129760,19055508,21522928,false,false,0,30,COMPLETED,0:0,00:29:01,,175000,1687000,286,286,1360918,8057,8057,19,0,30116,4382,0,9434,127347,24749262,82199358,24749262,82199358,0,0,8297,4160620,3669053,0,0,0,0,6776376,0,0,0,284,286,417,0,286,0,unknown,0,lower,TO,docs/logs/10c9c43b-dirty-noinc203-cegar-norootlp/runsolver/runsolver-kat-cop1000-noinc203-order-direct-mdd-tl-extprop8196-s40-cegar-norootlp-20260513-10c9c43b-dirty-q10609-19442968-30-30/output.log,docs/logs/10c9c43b-dirty-noinc203-cegar-norootlp/runsolver/runsolver-kat-cop1000-noinc203-order-direct-mdd-tl-extprop8196-s40-cegar-norootlp-20260513-10c9c43b-dirty-q10609-19442968-30-30/values.log
31,competition/2022-2025/COP22to25/AircraftAssemblyLine-3-628-100-0_c24.xml.lzma,AircraftAssemblyLine,1,1,1,1,sat,0,"best incumbent shown; guarded improvement search stopped before optimality proof: relaxation produced 6389505 clauses in one round, exceeding limit 1000000",40,valid,1,incumbent,decode,encode,,1131.91,1128.06,18390548,18361152,20721076,false,false,0,31,COMPLETED,0:0,00:18:56,,165000,1080000,146,146,854446,7356,7356,18,0,30012,4089,0,9255,118321,23523402,77779680,23523402,77779680,0,0,7791,4168772,3423255,0,0,0,0,6777399,0,0,0,144,146,190,0,146,0,unknown,0,post_lower,TO,docs/logs/10c9c43b-dirty-noinc203-cegar-norootlp/runsolver/runsolver-kat-cop1000-noinc203-order-direct-mdd-tl-extprop8196-s40-cegar-norootlp-20260513-10c9c43b-dirty-q10609-19442969-31-31/output.log,docs/logs/10c9c43b-dirty-noinc203-cegar-norootlp/runsolver/runsolver-kat-cop1000-noinc203-order-direct-mdd-tl-extprop8196-s40-cegar-norootlp-20260513-10c9c43b-dirty-q10609-19442969-31-31/values.log
32,competition/2022-2025/COP22to25/AircraftAssemblyLine-3-628-100-1_c24.xml.lzma,AircraftAssemblyLine,1,1,1,1,sat,0,"best incumbent shown; guarded improvement search stopped before optimality proof: relaxation produced 6389125 clauses in one round, exceeding limit 1000000",33,valid,1,incumbent,decode,encode,,1486.05,1480.81,18140336,18092924,20496300,false,false,0,32,COMPLETED,0:0,00:24:49,,165000,1438000,236,236,1151359,7436,7436,18,0,29961,4147,0,9294,118415,23522244,76414623,23522244,76414623,0,0,7791,4150372,3431673,0,0,0,0,6753533,0,0,0,234,236,336,0,236,0,unknown,0,lower,TO,docs/logs/10c9c43b-dirty-noinc203-cegar-norootlp/runsolver/runsolver-kat-cop1000-noinc203-order-direct-mdd-tl-extprop8196-s40-cegar-norootlp-20260513-10c9c43b-dirty-q10609-19442970-32-32/output.log,docs/logs/10c9c43b-dirty-noinc203-cegar-norootlp/runsolver/runsolver-kat-cop1000-noinc203-order-direct-mdd-tl-extprop8196-s40-cegar-norootlp-20260513-10c9c43b-dirty-q10609-19442970-32-32/values.log
33,competition/2022-2025/COP22to25/AircraftAssemblyLine-3-628-100-2_c24.xml.lzma,AircraftAssemblyLine,1,1,1,1,sat,0,"best incumbent shown; guarded improvement search stopped before optimality proof: relaxation produced 6274547 clauses in one round, exceeding limit 1000000",36,valid,1,incumbent,decode,encode,,1307.73,1301.01,17876840,17656564,19561736,false,false,0,33,COMPLETED,0:0,00:21:50,,165000,1257000,380,380,922642,7171,7171,18,0,28652,4151,0,9220,119934,23047946,72914710,23047946,72914710,0,0,7787,3842392,3377376,0,0,0,0,6301880,0,0,0,378,380,404,0,380,0,unknown,0,lower,TO,docs/logs/10c9c43b-dirty-noinc203-cegar-norootlp/runsolver/runsolver-kat-cop1000-noinc203-order-direct-mdd-tl-extprop8196-s40-cegar-norootlp-20260513-10c9c43b-dirty-q10609-19443036-33-33/output.log,docs/logs/10c9c43b-dirty-noinc203-cegar-norootlp/runsolver/runsolver-kat-cop1000-noinc203-order-direct-mdd-tl-extprop8196-s40-cegar-norootlp-20260513-10c9c43b-dirty-q10609-19443036-33-33/values.log
34,competition/2022-2025/COP22to25/AircraftAssemblyLine-3-628-150-0_c24.xml.lzma,AircraftAssemblyLine,1,1,1,1,sat,0,"best incumbent shown; guarded improvement search stopped before optimality proof: relaxation produced 5473891 clauses in one round, exceeding limit 1000000",40,valid,1,incumbent,decode,encode,,1543.02,1535.14,15074544,15077580,16104420,false,false,0,34,COMPLETED,0:0,00:25:48,,139000,1494000,308,308,1273904,6439,6439,16,0,23749,3324,0,8025,100149,20139039,62452468,20139039,62452468,0,0,6941,3378370,2933537,0,0,0,0,5599064,0,0,0,306,308,406,0,308,0,,0,post_lower,MO,docs/logs/10c9c43b-dirty-noinc203-cegar-norootlp/runsolver/runsolver-kat-cop1000-noinc203-order-direct-mdd-tl-extprop8196-s40-cegar-norootlp-20260513-10c9c43b-dirty-q10609-19443040-34-34/output.log,docs/logs/10c9c43b-dirty-noinc203-cegar-norootlp/runsolver/runsolver-kat-cop1000-noinc203-order-direct-mdd-tl-extprop8196-s40-cegar-norootlp-20260513-10c9c43b-dirty-q10609-19443040-34-34/values.log
35,competition/2022-2025/COP22to25/AircraftAssemblyLine-3-628-150-1_c24.xml.lzma,AircraftAssemblyLine,1,1,1,1,sat,0,"best incumbent shown; guarded improvement search stopped before optimality proof: relaxation produced 5515028 clauses in one round, exceeding limit 1000000",40,valid,1,incumbent,decode,encode,,1420.83,1415.54,14507376,14507336,15203908,false,false,0,35,COMPLETED,0:0,00:23:43,,139000,1372000,403,403,1134565,6314,6314,15,0,23878,3438,0,7996,100286,20283453,62448070,20283453,62448070,0,0,6945,3417412,2935130,0,0,0,0,5676637,0,0,0,401,403,631,0,403,0,,0,post_lower,MO,docs/logs/10c9c43b-dirty-noinc203-cegar-norootlp/runsolver/runsolver-kat-cop1000-noinc203-order-direct-mdd-tl-extprop8196-s40-cegar-norootlp-20260513-10c9c43b-dirty-q10609-19443050-35-35/output.log,docs/logs/10c9c43b-dirty-noinc203-cegar-norootlp/runsolver/runsolver-kat-cop1000-noinc203-order-direct-mdd-tl-extprop8196-s40-cegar-norootlp-20260513-10c9c43b-dirty-q10609-19443050-35-35/values.log
36,competition/2022-2025/COP22to25/AircraftAssemblyLine-3-628-150-2_c24.xml.lzma,AircraftAssemblyLine,1,1,1,1,sat,0,"best incumbent shown; guarded improvement search stopped before optimality proof: relaxation produced 5677598 clauses in one round, exceeding limit 1000000",36,valid,1,incumbent,decode,encode,,587.986,585.528,16727120,16730040,17373112,false,false,0,36,COMPLETED,0:0,00:09:53,,140000,535000,13,13,399204,5813,5813,16,0,24045,3206,0,8310,101942,21059409,65166659,21059409,65166659,0,0,6937,3441206,3022921,0,0,0,0,5784245,0,0,0,11,13,37,0,13,0,,0,post_lower,MO,docs/logs/10c9c43b-dirty-noinc203-cegar-norootlp/runsolver/runsolver-kat-cop1000-noinc203-order-direct-mdd-tl-extprop8196-s40-cegar-norootlp-20260513-10c9c43b-dirty-q10609-19443066-36-36/output.log,docs/logs/10c9c43b-dirty-noinc203-cegar-norootlp/runsolver/runsolver-kat-cop1000-noinc203-order-direct-mdd-tl-extprop8196-s40-cegar-norootlp-20260513-10c9c43b-dirty-q10609-19443066-36-36/values.log
89,competition/2022-2025/COP22to25/Benzenoide-09_c23.xml.lzma,Benzenoide,1,0,1,1,,,,,skipped_no_incumbent,0,oom_before_sat,encode,preencode,MO,872.372,865.672,121067396,124608932,141902952,false,false,35072,37,OUT_OF_MEMORY,0:125,00:14:38,,,,0,0,0,,,45207,0,3696,3,0,3761,,,,,,,,2539,4586,9010,386,89600014,0,0,12920,,,,,,,,,,unknown,1,sat,TO,docs/logs/10c9c43b-dirty-noinc203-cegar-norootlp/runsolver/runsolver-kat-cop1000-noinc203-order-direct-mdd-tl-extprop8196-s40-cegar-norootlp-20260513-10c9c43b-dirty-q10609-19443068-37-89/output.log,docs/logs/10c9c43b-dirty-noinc203-cegar-norootlp/runsolver/runsolver-kat-cop1000-noinc203-order-direct-mdd-tl-extprop8196-s40-cegar-norootlp-20260513-10c9c43b-dirty-q10609-19443068-37-89/values.log
90,competition/2022-2025/COP22to25/Benzenoide-10_c23.xml.lzma,Benzenoide,1,1,1,1,unknown,lower_unsupported_constraints,lower has unsupported constraints: 11,,skipped_no_incumbent,0,unsupported_before_sat,post_lower,post_lower,,281.314,280.202,46692908,46695868,49955872,false,false,0,38,COMPLETED,0:0,00:04:44,,,,0,0,0,510,510,107679,0,9151,4,,,,,,,,,,,,,,,,,,0,0,0,0,0,0,0,0,0,unknown,0,post_lower,,docs/logs/10c9c43b-dirty-noinc203-cegar-norootlp/runsolver/runsolver-kat-cop1000-noinc203-order-direct-mdd-tl-extprop8196-s40-cegar-norootlp-20260513-10c9c43b-dirty-q10609-19443085-38-90/output.log,docs/logs/10c9c43b-dirty-noinc203-cegar-norootlp/runsolver/runsolver-kat-cop1000-noinc203-order-direct-mdd-tl-extprop8196-s40-cegar-norootlp-20260513-10c9c43b-dirty-q10609-19443085-38-90/values.log
91,competition/2022-2025/COP22to25/Benzenoide-11_c23.xml.lzma,Benzenoide,1,1,1,1,unknown,lower_unsupported_constraints,lower has unsupported constraints: 11,,skipped_no_incumbent,0,unsupported_before_sat,post_lower,post_lower,,886.962,719.252,91711748,101450440,107981456,false,false,0,39,COMPLETED,0:0,00:14:52,,,,0,0,0,625,625,454489,0,50540,10,,,,,,,,,,,,,,,,,,0,0,0,0,0,0,0,0,0,unknown,0,post_lower,,docs/logs/10c9c43b-dirty-noinc203-cegar-norootlp/runsolver/runsolver-kat-cop1000-noinc203-order-direct-mdd-tl-extprop8196-s40-cegar-norootlp-20260513-10c9c43b-dirty-q10609-19443088-39-91/output.log,docs/logs/10c9c43b-dirty-noinc203-cegar-norootlp/runsolver/runsolver-kat-cop1000-noinc203-order-direct-mdd-tl-extprop8196-s40-cegar-norootlp-20260513-10c9c43b-dirty-q10609-19443088-39-91/values.log
92,competition/2022-2025/COP22to25/Benzenoide-12_c23.xml.lzma,Benzenoide,1,0,1,1,,,,,skipped_no_incumbent,0,oom_before_sat,propagate,,MO,1157.31,1153.46,124606264,124550256,130837096,false,false,35072,40,OUT_OF_MEMORY,0:125,00:19:21,,,,0,0,0,,,,,,,,,,,,,,,,,,,,,,,,,,,,,,,,,,0,propagate,MO,docs/logs/10c9c43b-dirty-noinc203-cegar-norootlp/runsolver/runsolver-kat-cop1000-noinc203-order-direct-mdd-tl-extprop8196-s40-cegar-norootlp-20260513-10c9c43b-dirty-q10609-19443093-40-92/output.log,docs/logs/10c9c43b-dirty-noinc203-cegar-norootlp/runsolver/runsolver-kat-cop1000-noinc203-order-direct-mdd-tl-extprop8196-s40-cegar-norootlp-20260513-10c9c43b-dirty-q10609-19443093-40-92/values.log
93,competition/2022-2025/COP22to25/Benzenoide-13_c23.xml.lzma,Benzenoide,1,0,1,1,,,,,skipped_no_incumbent,0,oom_before_sat,propagate,,MO,1646.97,1640.34,118858852,124552632,124901572,false,false,35072,41,OUT_OF_MEMORY,0:125,00:27:31,,,,0,0,0,,,,,,,,,,,,,,,,,,,,,,,,,,,,,,,,,,0,propagate,MO,docs/logs/10c9c43b-dirty-noinc203-cegar-norootlp/runsolver/runsolver-kat-cop1000-noinc203-order-direct-mdd-tl-extprop8196-s40-cegar-norootlp-20260513-10c9c43b-dirty-q10609-19443098-41-93/output.log,docs/logs/10c9c43b-dirty-noinc203-cegar-norootlp/runsolver/runsolver-kat-cop1000-noinc203-order-direct-mdd-tl-extprop8196-s40-cegar-norootlp-20260513-10c9c43b-dirty-q10609-19443098-41-93/values.log
94,competition/2022-2025/COP22to25/Benzenoide-14_c23.xml.lzma,Benzenoide,1,1,1,1,unknown,timeout_signal,terminated_by_signal,,skipped_no_incumbent,0,timeout_before_sat,,,TO,1800.03,1793.91,1391052,1394192,1981704,true,false,36608,42,COMPLETED,0:0,00:30:04,,,,0,0,0,,,,,,,,,,,,,,,,,,,,,,,,0,0,0,0,0,0,0,0,0,unknown,0,,TO,docs/logs/10c9c43b-dirty-noinc203-cegar-norootlp/runsolver/runsolver-kat-cop1000-noinc203-order-direct-mdd-tl-extprop8196-s40-cegar-norootlp-20260513-10c9c43b-dirty-q10609-19443114-42-94/output.log,docs/logs/10c9c43b-dirty-noinc203-cegar-norootlp/runsolver/runsolver-kat-cop1000-noinc203-order-direct-mdd-tl-extprop8196-s40-cegar-norootlp-20260513-10c9c43b-dirty-q10609-19443114-42-94/values.log
95,competition/2022-2025/COP22to25/Benzenoide-15_c23.xml.lzma,Benzenoide,1,1,1,1,unknown,timeout_signal,terminated_by_signal,,skipped_no_incumbent,0,timeout_before_sat,,,TO,1800.08,1792.9,2119636,2122708,2903288,true,false,36608,43,COMPLETED,0:0,00:30:05,,,,0,0,0,,,,,,,,,,,,,,,,,,,,,,,,0,0,0,0,0,0,0,0,0,unknown,0,,TO,docs/logs/10c9c43b-dirty-noinc203-cegar-norootlp/runsolver/runsolver-kat-cop1000-noinc203-order-direct-mdd-tl-extprop8196-s40-cegar-norootlp-20260513-10c9c43b-dirty-q10609-19443120-43-95/output.log,docs/logs/10c9c43b-dirty-noinc203-cegar-norootlp/runsolver/runsolver-kat-cop1000-noinc203-order-direct-mdd-tl-extprop8196-s40-cegar-norootlp-20260513-10c9c43b-dirty-q10609-19443120-43-95/values.log
101,competition/2022-2025/COP22to25/BinPacking-n4c1w1a_c24.xml.lzma,BinPacking,1,0,1,1,,,,,skipped_no_incumbent,0,oom_before_sat,post_lower,lower,MO,1163.94,1159.42,124485560,124473316,193024384,false,false,35072,44,OUT_OF_MEMORY,0:125,00:19:28,,,,0,0,0,,,45,0,1020005,,,,,,,,,,,,,,,,,,,,,,,,,,,,,0,post_lower,MO,docs/logs/10c9c43b-dirty-noinc203-cegar-norootlp/runsolver/runsolver-kat-cop1000-noinc203-order-direct-mdd-tl-extprop8196-s40-cegar-norootlp-20260513-10c9c43b-dirty-q10609-19443137-44-101/output.log,docs/logs/10c9c43b-dirty-noinc203-cegar-norootlp/runsolver/runsolver-kat-cop1000-noinc203-order-direct-mdd-tl-extprop8196-s40-cegar-norootlp-20260513-10c9c43b-dirty-q10609-19443137-44-101/values.log
133,competition/2022-2025/COP22to25/BusScheduling-r3_c25.xml.lzma,BusScheduling,1,0,1,1,,,,,skipped_no_incumbent,0,oom_before_sat,encode,preencode,MO,956.774,951.688,124518780,124619512,137045472,false,false,35072,45,OUT_OF_MEMORY,0:125,00:16:05,,,,0,0,0,,,39,0,69854,15382,0,1266,,,,,,,,233216,0,447501,0,0,0,0,428410,,,,,,,,,,unknown,1,sat,TO,docs/logs/10c9c43b-dirty-noinc203-cegar-norootlp/runsolver/runsolver-kat-cop1000-noinc203-order-direct-mdd-tl-extprop8196-s40-cegar-norootlp-20260513-10c9c43b-dirty-q10609-19443151-45-133/output.log,docs/logs/10c9c43b-dirty-noinc203-cegar-norootlp/runsolver/runsolver-kat-cop1000-noinc203-order-direct-mdd-tl-extprop8196-s40-cegar-norootlp-20260513-10c9c43b-dirty-q10609-19443151-45-133/values.log
136,competition/2022-2025/COP22to25/BusScheduling-r5a_c25.xml.lzma,BusScheduling,1,0,1,1,,,,,skipped_no_incumbent,0,oom_before_sat,encode,preencode,MO,913.037,909.591,124622688,124618712,138964076,false,false,35072,46,OUT_OF_MEMORY,0:125,00:15:18,,,,0,0,0,,,25,0,10228,2280,0,676,,,,,,,,133679,0,252836,0,0,0,0,238072,,,,,,,,,,unknown,1,sat,TO,docs/logs/10c9c43b-dirty-noinc203-cegar-norootlp/runsolver/runsolver-kat-cop1000-noinc203-order-direct-mdd-tl-extprop8196-s40-cegar-norootlp-20260513-10c9c43b-dirty-q10609-19443152-46-136/output.log,docs/logs/10c9c43b-dirty-noinc203-cegar-norootlp/runsolver/runsolver-kat-cop1000-noinc203-order-direct-mdd-tl-extprop8196-s40-cegar-norootlp-20260513-10c9c43b-dirty-q10609-19443152-46-136/values.log
160,competition/2022-2025/COP22to25/Cargo-01-0s-1913_c24.xml.lzma,Cargo,1,0,1,1,,,,23476,no_solution,1,incumbent,decode,encode,MO,395.295,393.061,124218600,124594448,125716232,false,false,35072,47,OUT_OF_MEMORY,0:125,00:06:40,,47000,72000,2,2,54819,,,0,0,8385,725,0,2286,35661,4393600,108051052,4393600,108051052,0,0,193,1071760,1098049,0,0,0,0,1694745,0,0,0,0,1,0,0,1,0,unknown,0,preencode(order-ge),TO,docs/logs/10c9c43b-dirty-noinc203-cegar-norootlp/runsolver/runsolver-kat-cop1000-noinc203-order-direct-mdd-tl-extprop8196-s40-cegar-norootlp-20260513-10c9c43b-dirty-q10609-19443153-47-160/output.log,docs/logs/10c9c43b-dirty-noinc203-cegar-norootlp/runsolver/runsolver-kat-cop1000-noinc203-order-direct-mdd-tl-extprop8196-s40-cegar-norootlp-20260513-10c9c43b-dirty-q10609-19443153-47-160/values.log
161,competition/2022-2025/COP22to25/Cargo-02-0s-1139_c24.xml.lzma,Cargo,1,0,1,1,,,,48309,no_solution,1,incumbent,decode,encode,MO,382.371,379.671,124623408,124607604,125861328,false,false,35072,48,OUT_OF_MEMORY,0:125,00:06:26,,44000,83000,2,2,39769,,,0,0,8870,755,0,2416,31943,4534748,93614922,4534748,93614922,0,0,202,1129590,1155954,0,0,0,0,1794807,0,0,0,0,1,0,0,1,0,unknown,0,preencode(order-ge),TO,docs/logs/10c9c43b-dirty-noinc203-cegar-norootlp/runsolver/runsolver-kat-cop1000-noinc203-order-direct-mdd-tl-extprop8196-s40-cegar-norootlp-20260513-10c9c43b-dirty-q10609-19443154-48-161/output.log,docs/logs/10c9c43b-dirty-noinc203-cegar-norootlp/runsolver/runsolver-kat-cop1000-noinc203-order-direct-mdd-tl-extprop8196-s40-cegar-norootlp-20260513-10c9c43b-dirty-q10609-19443154-48-161/values.log
162,competition/2022-2025/COP22to25/Cargo-04-1s-626_c24.xml.lzma,Cargo,1,0,1,1,,,,47492,no_solution,1,incumbent,decode,encode,MO,386.066,380.791,91557808,124601084,174556568,false,false,35072,49,OUT_OF_MEMORY,0:125,00:06:29,,34000,50000,2,2,36749,,,0,0,8389,712,0,2341,22190,4482696,65308785,4482696,65308785,0,0,194,1076960,1103380,0,0,0,0,1724595,0,0,0,0,1,0,0,1,0,unknown,0,preencode(order-ge),TO,docs/logs/10c9c43b-dirty-noinc203-cegar-norootlp/runsolver/runsolver-kat-cop1000-noinc203-order-direct-mdd-tl-extprop8196-s40-cegar-norootlp-20260513-10c9c43b-dirty-q10609-19443155-49-162/output.log,docs/logs/10c9c43b-dirty-noinc203-cegar-norootlp/runsolver/runsolver-kat-cop1000-noinc203-order-direct-mdd-tl-extprop8196-s40-cegar-norootlp-20260513-10c9c43b-dirty-q10609-19443155-49-162/values.log
163,competition/2022-2025/COP22to25/Cargo-05-1s-954_c24.xml.lzma,Cargo,1,0,1,1,,,,20126,no_solution,1,incumbent,decode,encode,MO,439.176,436.483,124625424,124621968,125808156,false,false,35072,50,OUT_OF_MEMORY,0:125,00:07:22,,46000,135000,2,2,90251,,,0,0,9457,840,0,2448,32429,4487460,94724989,4487460,94724989,0,0,213,1199704,1226415,0,0,0,0,1804008,0,0,0,0,1,0,0,1,0,unknown,0,preencode(order-ge),TO,docs/logs/10c9c43b-dirty-noinc203-cegar-norootlp/runsolver/runsolver-kat-cop1000-noinc203-order-direct-mdd-tl-extprop8196-s40-cegar-norootlp-20260513-10c9c43b-dirty-q10609-19443156-50-163/output.log,docs/logs/10c9c43b-dirty-noinc203-cegar-norootlp/runsolver/runsolver-kat-cop1000-noinc203-order-direct-mdd-tl-extprop8196-s40-cegar-norootlp-20260513-10c9c43b-dirty-q10609-19443156-50-163/values.log
164,competition/2022-2025/COP22to25/Cargo-06-1s-3927_c24.xml.lzma,Cargo,1,0,1,1,,,,58068,no_solution,1,incumbent,decode,encode,MO,553.39,548.663,119635596,124614548,128013896,false,false,35072,51,OUT_OF_MEMORY,0:125,00:09:16,,64000,260000,2,2,198467,,,0,0,9969,828,0,2709,49516,5336312,144701446,5336312,144701446,0,0,240,1224900,1248815,0,0,0,0,2012229,0,0,0,0,1,0,0,1,0,unknown,0,preencode(order-ge),TO,docs/logs/10c9c43b-dirty-noinc203-cegar-norootlp/runsolver/runsolver-kat-cop1000-noinc203-order-direct-mdd-tl-extprop8196-s40-cegar-norootlp-20260513-10c9c43b-dirty-q10609-19443157-51-164/output.log,docs/logs/10c9c43b-dirty-noinc203-cegar-norootlp/runsolver/runsolver-kat-cop1000-noinc203-order-direct-mdd-tl-extprop8196-s40-cegar-norootlp-20260513-10c9c43b-dirty-q10609-19443157-51-164/values.log
165,competition/2022-2025/COP22to25/Cargo-07-1s-133_c24.xml.lzma,Cargo,1,0,1,1,,,,31120,no_solution,1,incumbent,decode,encode,MO,664.93,662.649,124623424,124607920,126070744,false,false,35072,52,OUT_OF_MEMORY,0:125,00:11:11,,69000,360000,2,2,294553,,,0,0,11677,988,0,3210,52023,5800176,149307522,5800176,149307522,0,0,259,1460916,1487286,0,0,0,0,2299982,0,0,0,0,1,0,0,1,0,unknown,0,preencode(order-ge),TO,docs/logs/10c9c43b-dirty-noinc203-cegar-norootlp/runsolver/runsolver-kat-cop1000-noinc203-order-direct-mdd-tl-extprop8196-s40-cegar-norootlp-20260513-10c9c43b-dirty-q10609-19443158-52-165/output.log,docs/logs/10c9c43b-dirty-noinc203-cegar-norootlp/runsolver/runsolver-kat-cop1000-noinc203-order-direct-mdd-tl-extprop8196-s40-cegar-norootlp-20260513-10c9c43b-dirty-q10609-19443158-52-165/values.log
166,competition/2022-2025/COP22to25/Cargo-08-222f-3475_c24.xml.lzma,Cargo,1,1,1,1,unknown,timeout_signal,terminated_by_signal,,skipped_no_incumbent,0,timeout_before_sat,encode(order-ge),preencode(order-ge),TO,1800.07,1794.27,1769592,1729332,2059980,true,false,36608,53,COMPLETED,0:0,00:30:03,,,,0,0,0,297,297,0,0,66,5,0,14,,,,,,,,292,8640,7848,0,0,0,0,12350,0,0,0,0,0,0,0,0,0,unknown,0,preencode(order-ge),TO,docs/logs/10c9c43b-dirty-noinc203-cegar-norootlp/runsolver/runsolver-kat-cop1000-noinc203-order-direct-mdd-tl-extprop8196-s40-cegar-norootlp-20260513-10c9c43b-dirty-q10609-19443159-53-166/output.log,docs/logs/10c9c43b-dirty-noinc203-cegar-norootlp/runsolver/runsolver-kat-cop1000-noinc203-order-direct-mdd-tl-extprop8196-s40-cegar-norootlp-20260513-10c9c43b-dirty-q10609-19443159-53-166/values.log
167,competition/2022-2025/COP22to25/Cargo-09-1s-18_c24.xml.lzma,Cargo,1,1,1,1,unknown,timeout_signal,terminated_by_signal,,skipped_no_incumbent,0,timeout_before_sat,encode(order-ge),preencode(order-ge),TO,1800.04,1792.51,1634548,1635976,1911868,true,false,36608,54,COMPLETED,0:0,00:30:15,,,,0,0,0,297,297,0,0,66,6,0,14,,,,,,,,292,8640,7848,0,0,0,0,12180,0,0,0,0,0,0,0,0,0,unknown,0,preencode(order-ge),TO,docs/logs/10c9c43b-dirty-noinc203-cegar-norootlp/runsolver/runsolver-kat-cop1000-noinc203-order-direct-mdd-tl-extprop8196-s40-cegar-norootlp-20260513-10c9c43b-dirty-q10609-19443160-54-167/output.log,docs/logs/10c9c43b-dirty-noinc203-cegar-norootlp/runsolver/runsolver-kat-cop1000-noinc203-order-direct-mdd-tl-extprop8196-s40-cegar-norootlp-20260513-10c9c43b-dirty-q10609-19443160-54-167/values.log
168,competition/2022-2025/COP22to25/Cargo-10-15966f-2060_c24.xml.lzma,Cargo,1,1,1,1,unknown,timeout_signal,terminated_by_signal,,skipped_no_incumbent,0,timeout_before_sat,encode(order-ge),preencode(order-ge),TO,1800.04,1792.18,1770552,1730656,2107960,true,false,36608,55,COMPLETED,0:0,00:30:15,,,,0,0,0,297,297,0,0,67,5,0,14,,,,,,,,292,8820,8001,0,0,0,0,12604,0,0,0,0,0,0,0,0,0,unknown,0,preencode(order-ge),TO,docs/logs/10c9c43b-dirty-noinc203-cegar-norootlp/runsolver/runsolver-kat-cop1000-noinc203-order-direct-mdd-tl-extprop8196-s40-cegar-norootlp-20260513-10c9c43b-dirty-q10609-19443161-55-168/output.log,docs/logs/10c9c43b-dirty-noinc203-cegar-norootlp/runsolver/runsolver-kat-cop1000-noinc203-order-direct-mdd-tl-extprop8196-s40-cegar-norootlp-20260513-10c9c43b-dirty-q10609-19443161-55-168/values.log
169,competition/2022-2025/COP22to25/Cargo-12-1422f-1644_c24.xml.lzma,Cargo,1,0,1,1,,,,,skipped_no_incumbent,1,oom_after_sat,sat,encode,MO,811.028,790.391,124015168,124507000,132065476,false,false,35072,56,OUT_OF_MEMORY,0:125,00:13:35,,304000,304000,1,0,0,,,1,0,218,19,0,50,304068,7671359,1305378235,7671359,1305378235,0,0,544,25760,23120,0,0,0,0,34239,,,,,,,,,,unknown,0,preencode(order-ge),TO,docs/logs/10c9c43b-dirty-noinc203-cegar-norootlp/runsolver/runsolver-kat-cop1000-noinc203-order-direct-mdd-tl-extprop8196-s40-cegar-norootlp-20260513-10c9c43b-dirty-q10609-19443162-56-169/output.log,docs/logs/10c9c43b-dirty-noinc203-cegar-norootlp/runsolver/runsolver-kat-cop1000-noinc203-order-direct-mdd-tl-extprop8196-s40-cegar-norootlp-20260513-10c9c43b-dirty-q10609-19443162-56-169/values.log
170,competition/2022-2025/COP22to25/Cargo-16-10720f-4243_c24.xml.lzma,Cargo,1,0,1,1,,,,,skipped_no_incumbent,0,oom_before_sat,encode,preencode,MO,594.289,590.453,124149236,124592504,140915816,false,false,35072,57,OUT_OF_MEMORY,0:125,00:09:57,,,,0,0,0,,,1,0,336,29,0,77,,,,,,,,680,36680,32934,0,0,0,0,47949,,,,,,,,,,unknown,0,preencode(order-ge),TO,docs/logs/10c9c43b-dirty-noinc203-cegar-norootlp/runsolver/runsolver-kat-cop1000-noinc203-order-direct-mdd-tl-extprop8196-s40-cegar-norootlp-20260513-10c9c43b-dirty-q10609-19443163-57-170/output.log,docs/logs/10c9c43b-dirty-noinc203-cegar-norootlp/runsolver/runsolver-kat-cop1000-noinc203-order-direct-mdd-tl-extprop8196-s40-cegar-norootlp-20260513-10c9c43b-dirty-q10609-19443163-57-170/values.log
171,competition/2022-2025/COP22to25/Cargo-19-31058f-2548_c24.xml.lzma,Cargo,1,0,1,1,,,,,skipped_no_incumbent,0,oom_before_sat,encode,preencode,MO,560.323,557.131,123807272,124595768,142796044,false,false,35072,58,OUT_OF_MEMORY,0:125,00:09:23,,,,0,0,0,,,2,0,566,49,0,125,,,,,,,,825,57800,51487,0,0,0,0,73759,,,,,,,,,,unknown,1,sat,TO,docs/logs/10c9c43b-dirty-noinc203-cegar-norootlp/runsolver/runsolver-kat-cop1000-noinc203-order-direct-mdd-tl-extprop8196-s40-cegar-norootlp-20260513-10c9c43b-dirty-q10609-19443164-58-171/output.log,docs/logs/10c9c43b-dirty-noinc203-cegar-norootlp/runsolver/runsolver-kat-cop1000-noinc203-order-direct-mdd-tl-extprop8196-s40-cegar-norootlp-20260513-10c9c43b-dirty-q10609-19443164-58-171/values.log
172,competition/2022-2025/COP22to25/Cargo-20-27613f-2435_c24.xml.lzma,Cargo,1,0,1,1,,,,,skipped_no_incumbent,0,oom_before_sat,encode,preencode,MO,551.264,548.008,124206392,124581572,143062860,false,false,35072,59,OUT_OF_MEMORY,0:125,00:09:15,,,,0,0,0,,,2,0,586,48,0,125,,,,,,,,825,59840,53199,0,0,0,0,75701,,,,,,,,,,unknown,1,sat,TO,docs/logs/10c9c43b-dirty-noinc203-cegar-norootlp/runsolver/runsolver-kat-cop1000-noinc203-order-direct-mdd-tl-extprop8196-s40-cegar-norootlp-20260513-10c9c43b-dirty-q10609-19443165-59-172/output.log,docs/logs/10c9c43b-dirty-noinc203-cegar-norootlp/runsolver/runsolver-kat-cop1000-noinc203-order-direct-mdd-tl-extprop8196-s40-cegar-norootlp-20260513-10c9c43b-dirty-q10609-19443165-59-172/values.log
173,competition/2022-2025/COP22to25/Cargo-22_c24.xml.lzma,Cargo,1,0,1,1,,,,45619,no_solution,1,incumbent,decode,encode,MO,544.156,538.279,124623056,124621012,126073788,false,false,35072,60,OUT_OF_MEMORY,0:125,00:09:07,,45000,239000,2,2,195339,,,0,0,8684,749,0,2315,32653,4225897,98367147,4225897,98367147,0,0,194,1116960,1144380,0,0,0,0,1677558,0,0,0,0,1,0,0,1,0,unknown,0,preencode(order-ge),TO,docs/logs/10c9c43b-dirty-noinc203-cegar-norootlp/runsolver/runsolver-kat-cop1000-noinc203-order-direct-mdd-tl-extprop8196-s40-cegar-norootlp-20260513-10c9c43b-dirty-q10609-19443166-60-173/output.log,docs/logs/10c9c43b-dirty-noinc203-cegar-norootlp/runsolver/runsolver-kat-cop1000-noinc203-order-direct-mdd-tl-extprop8196-s40-cegar-norootlp-20260513-10c9c43b-dirty-q10609-19443166-60-173/values.log
174,competition/2022-2025/COP22to25/Cargo-24_c24.xml.lzma,Cargo,1,0,1,1,,,,46450,no_solution,1,incumbent,decode,encode,MO,388.526,384.808,123677884,124613396,126283232,false,false,35072,61,OUT_OF_MEMORY,0:125,00:06:31,,46000,85000,2,2,40648,,,0,0,8661,762,0,2135,33704,3840747,102877776,3840747,102877776,0,0,193,1063760,1089849,0,0,0,0,1551204,0,0,0,0,1,0,0,1,0,unknown,0,preencode(order-ge),TO,docs/logs/10c9c43b-dirty-noinc203-cegar-norootlp/runsolver/runsolver-kat-cop1000-noinc203-order-direct-mdd-tl-extprop8196-s40-cegar-norootlp-20260513-10c9c43b-dirty-q10609-19443167-61-174/output.log,docs/logs/10c9c43b-dirty-noinc203-cegar-norootlp/runsolver/runsolver-kat-cop1000-noinc203-order-direct-mdd-tl-extprop8196-s40-cegar-norootlp-20260513-10c9c43b-dirty-q10609-19443167-61-174/values.log
175,competition/2022-2025/COP22to25/Cargo-25_c24.xml.lzma,Cargo,1,0,1,1,,,,33692,no_solution,1,incumbent,decode,encode,MO,361.775,359.229,119375116,124600544,175497564,false,false,35072,62,OUT_OF_MEMORY,0:125,00:06:05,,40000,58000,2,2,19083,,,0,0,9524,880,0,2399,26830,3641124,77199499,3641124,77199499,0,0,213,1195304,1221915,0,0,0,0,1595252,0,0,0,0,1,0,0,1,0,unknown,0,preencode(order-ge),TO,docs/logs/10c9c43b-dirty-noinc203-cegar-norootlp/runsolver/runsolver-kat-cop1000-noinc203-order-direct-mdd-tl-extprop8196-s40-cegar-norootlp-20260513-10c9c43b-dirty-q10609-19443168-62-175/output.log,docs/logs/10c9c43b-dirty-noinc203-cegar-norootlp/runsolver/runsolver-kat-cop1000-noinc203-order-direct-mdd-tl-extprop8196-s40-cegar-norootlp-20260513-10c9c43b-dirty-q10609-19443168-62-175/values.log
181,competition/2022-2025/COP22to25/CarpetCutting-test06_c23.xml.lzma,CarpetCutting,1,0,1,1,,,,,skipped_no_incumbent,0,oom_before_sat,encode,preencode,MO,426.167,423.498,124421196,124598620,140642544,false,false,35072,63,OUT_OF_MEMORY,0:125,00:07:09,,,,0,0,0,,,1,0,5244,1234,0,1693,,,,,,,,205016,411446,827953,0,0,0,0,1144578,,,,,,,,,,unknown,0,preencode(order-ge),TO,docs/logs/10c9c43b-dirty-noinc203-cegar-norootlp/runsolver/runsolver-kat-cop1000-noinc203-order-direct-mdd-tl-extprop8196-s40-cegar-norootlp-20260513-10c9c43b-dirty-q10609-19443169-63-181/output.log,docs/logs/10c9c43b-dirty-noinc203-cegar-norootlp/runsolver/runsolver-kat-cop1000-noinc203-order-direct-mdd-tl-extprop8196-s40-cegar-norootlp-20260513-10c9c43b-dirty-q10609-19443169-63-181/values.log
182,competition/2022-2025/COP22to25/CarpetCutting-test07_c23.xml.lzma,CarpetCutting,1,0,1,1,,,,,skipped_no_incumbent,0,oom_before_sat,encode,preencode,MO,447.966,445.453,124296124,124612888,151737260,false,false,35072,64,OUT_OF_MEMORY,0:125,00:07:31,,,,0,0,0,,,1,0,4228,1007,0,1394,,,,,,,,168655,338398,681506,0,0,0,0,939278,,,,,,,,,,unknown,0,preencode(order-ge),TO,docs/logs/10c9c43b-dirty-noinc203-cegar-norootlp/runsolver/runsolver-kat-cop1000-noinc203-order-direct-mdd-tl-extprop8196-s40-cegar-norootlp-20260513-10c9c43b-dirty-q10609-19443170-64-182/output.log,docs/logs/10c9c43b-dirty-noinc203-cegar-norootlp/runsolver/runsolver-kat-cop1000-noinc203-order-direct-mdd-tl-extprop8196-s40-cegar-norootlp-20260513-10c9c43b-dirty-q10609-19443170-64-182/values.log
183,competition/2022-2025/COP22to25/CarpetCutting-test08_c23.xml.lzma,CarpetCutting,1,0,1,1,,,,,skipped_no_incumbent,0,oom_before_sat,encode,preencode,MO,269.305,263.514,124618960,124613056,128404932,false,false,35072,65,OUT_OF_MEMORY,0:125,00:04:32,,,,0,0,0,,,1,0,10922,2688,0,3972,,,,,,,,402086,807642,1620194,0,0,0,0,2275375,,,,,,,,,,unknown,0,preencode(order-ge),TO,docs/logs/10c9c43b-dirty-noinc203-cegar-norootlp/runsolver/runsolver-kat-cop1000-noinc203-order-direct-mdd-tl-extprop8196-s40-cegar-norootlp-20260513-10c9c43b-dirty-q10609-19443171-65-183/output.log,docs/logs/10c9c43b-dirty-noinc203-cegar-norootlp/runsolver/runsolver-kat-cop1000-noinc203-order-direct-mdd-tl-extprop8196-s40-cegar-norootlp-20260513-10c9c43b-dirty-q10609-19443171-65-183/values.log
184,competition/2022-2025/COP22to25/CarpetCutting-test09_c23.xml.lzma,CarpetCutting,1,0,1,1,,,,,skipped_no_incumbent,0,oom_before_sat,encode,preencode,MO,348.754,291.376,124292452,124510292,135906904,false,false,35072,66,OUT_OF_MEMORY,0:125,00:05:52,,,,0,0,0,,,1,0,9431,2316,0,3482,,,,,,,,345670,694174,1393381,0,0,0,0,1973941,,,,,,,,,,unknown,0,preencode(order-ge),TO,docs/logs/10c9c43b-dirty-noinc203-cegar-norootlp/runsolver/runsolver-kat-cop1000-noinc203-order-direct-mdd-tl-extprop8196-s40-cegar-norootlp-20260513-10c9c43b-dirty-q10609-19443172-66-184/output.log,docs/logs/10c9c43b-dirty-noinc203-cegar-norootlp/runsolver/runsolver-kat-cop1000-noinc203-order-direct-mdd-tl-extprop8196-s40-cegar-norootlp-20260513-10c9c43b-dirty-q10609-19443172-66-184/values.log
185,competition/2022-2025/COP22to25/CarpetCutting-test10_c23.xml.lzma,CarpetCutting,1,0,1,1,,,,,skipped_no_incumbent,0,oom_before_sat,encode,preencode,MO,321.107,272.209,117501696,124608268,127424524,false,false,35072,67,OUT_OF_MEMORY,0:125,00:05:24,,,,0,0,0,,,1,0,12047,3305,0,4351,,,,,,,,443153,890288,1785338,0,0,0,0,2548081,,,,,,,,,,unknown,0,preencode(order-ge),TO,docs/logs/10c9c43b-dirty-noinc203-cegar-norootlp/runsolver/runsolver-kat-cop1000-noinc203-order-direct-mdd-tl-extprop8196-s40-cegar-norootlp-20260513-10c9c43b-dirty-q10609-19443173-67-185/output.log,docs/logs/10c9c43b-dirty-noinc203-cegar-norootlp/runsolver/runsolver-kat-cop1000-noinc203-order-direct-mdd-tl-extprop8196-s40-cegar-norootlp-20260513-10c9c43b-dirty-q10609-19443173-67-185/values.log
189,competition/2022-2025/COP22to25/CarpetCutting-test14_c23.xml.lzma,CarpetCutting,1,0,1,1,,,,,skipped_no_incumbent,0,oom_before_sat,encode,preencode,MO,447.106,445.43,124195972,124555968,151614548,false,false,35072,68,OUT_OF_MEMORY,0:125,00:07:32,,,,0,0,0,,,1,0,4376,996,0,1415,,,,,,,,168070,337896,678627,0,0,0,0,927121,,,,,,,,,,unknown,0,preencode(order-ge),TO,docs/logs/10c9c43b-dirty-noinc203-cegar-norootlp/runsolver/runsolver-kat-cop1000-noinc203-order-direct-mdd-tl-extprop8196-s40-cegar-norootlp-20260513-10c9c43b-dirty-q10609-19443176-68-189/output.log,docs/logs/10c9c43b-dirty-noinc203-cegar-norootlp/runsolver/runsolver-kat-cop1000-noinc203-order-direct-mdd-tl-extprop8196-s40-cegar-norootlp-20260513-10c9c43b-dirty-q10609-19443176-68-189/values.log
190,competition/2022-2025/COP22to25/CarpetCutting-test15_c23.xml.lzma,CarpetCutting,1,0,1,1,,,,,skipped_no_incumbent,0,oom_before_sat,encode,preencode,MO,425.907,423.124,123371404,124610392,141263328,false,false,35072,69,OUT_OF_MEMORY,0:125,00:07:12,,,,0,0,0,,,1,0,4121,982,0,1328,,,,,,,,165365,331642,668523,0,0,0,0,890987,,,,,,,,,,unknown,0,preencode(order-ge),TO,docs/logs/10c9c43b-dirty-noinc203-cegar-norootlp/runsolver/runsolver-kat-cop1000-noinc203-order-direct-mdd-tl-extprop8196-s40-cegar-norootlp-20260513-10c9c43b-dirty-q10609-19443182-69-190/output.log,docs/logs/10c9c43b-dirty-noinc203-cegar-norootlp/runsolver/runsolver-kat-cop1000-noinc203-order-direct-mdd-tl-extprop8196-s40-cegar-norootlp-20260513-10c9c43b-dirty-q10609-19443182-69-190/values.log
192,competition/2022-2025/COP22to25/CarpetCutting-test17_c23.xml.lzma,CarpetCutting,1,0,1,1,,,,,skipped_no_incumbent,0,oom_before_sat,encode,preencode,MO,575.795,352.36,105875924,124608088,136517716,false,false,35072,70,OUT_OF_MEMORY,0:125,00:09:41,,,,0,0,0,,,1,0,8335,1832,0,2976,,,,,,,,302209,608262,1218509,0,0,0,0,1713498,,,,,,,,,,unknown,0,preencode(order-ge),TO,docs/logs/10c9c43b-dirty-noinc203-cegar-norootlp/runsolver/runsolver-kat-cop1000-noinc203-order-direct-mdd-tl-extprop8196-s40-cegar-norootlp-20260513-10c9c43b-dirty-q10609-19443198-70-192/output.log,docs/logs/10c9c43b-dirty-noinc203-cegar-norootlp/runsolver/runsolver-kat-cop1000-noinc203-order-direct-mdd-tl-extprop8196-s40-cegar-norootlp-20260513-10c9c43b-dirty-q10609-19443198-70-192/values.log
193,competition/2022-2025/COP22to25/CarpetCutting-test18_c23.xml.lzma,CarpetCutting,1,0,1,1,,,,,skipped_no_incumbent,0,oom_before_sat,encode,preencode,MO,460.269,347.791,111360632,124600816,140766028,false,false,35072,71,OUT_OF_MEMORY,0:125,00:07:45,,,,0,0,0,,,1,0,7459,1684,0,2779,,,,,,,,270592,544506,1091281,0,0,0,0,1552013,,,,,,,,,,unknown,0,preencode(order-ge),TO,docs/logs/10c9c43b-dirty-noinc203-cegar-norootlp/runsolver/runsolver-kat-cop1000-noinc203-order-direct-mdd-tl-extprop8196-s40-cegar-norootlp-20260513-10c9c43b-dirty-q10609-19443214-71-193/output.log,docs/logs/10c9c43b-dirty-noinc203-cegar-norootlp/runsolver/runsolver-kat-cop1000-noinc203-order-direct-mdd-tl-extprop8196-s40-cegar-norootlp-20260513-10c9c43b-dirty-q10609-19443214-71-193/values.log
194,competition/2022-2025/COP22to25/CarpetCutting-test19_c23.xml.lzma,CarpetCutting,1,0,1,1,,,,,skipped_no_incumbent,0,oom_before_sat,encode,preencode,MO,441.282,439.491,124620272,124615580,141637176,false,false,35072,72,OUT_OF_MEMORY,0:125,00:07:26,,,,0,0,0,,,1,0,4605,1243,0,1501,,,,,,,,182735,366652,738269,0,0,0,0,1020006,,,,,,,,,,unknown,0,preencode(order-ge),TO,docs/logs/10c9c43b-dirty-noinc203-cegar-norootlp/runsolver/runsolver-kat-cop1000-noinc203-order-direct-mdd-tl-extprop8196-s40-cegar-norootlp-20260513-10c9c43b-dirty-q10609-19443216-72-194/output.log,docs/logs/10c9c43b-dirty-noinc203-cegar-norootlp/runsolver/runsolver-kat-cop1000-noinc203-order-direct-mdd-tl-extprop8196-s40-cegar-norootlp-20260513-10c9c43b-dirty-q10609-19443216-72-194/values.log
195,competition/2022-2025/COP22to25/CarpetCutting-test20_c23.xml.lzma,CarpetCutting,0,0,1,0,,,,,skipped_no_incumbent,0,oom_before_sat,encode,preencode,,,,,,,,,,73,OUT_OF_MEMORY,0:125,00:05:51,,,,0,0,0,,,1,0,11365,3271,0,4240,,,,,,,,415348,834130,1673583,0,0,0,0,2371037,,,,,,,,,,unknown,0,preencode(order-ge),TO,docs/logs/10c9c43b-dirty-noinc203-cegar-norootlp/runsolver/runsolver-kat-cop1000-noinc203-order-direct-mdd-tl-extprop8196-s40-cegar-norootlp-20260513-10c9c43b-dirty-q10609-19443218-73-195/output.log,
251,competition/2022-2025/COP22to25/Coprime-21_c25.xml.lzma,Coprime,1,1,1,1,sat,timeout_signal,incumbent_interrupted_by_signal,291,valid,1,incumbent,sat,relaxation,TO,1802.19,1713.88,77293512,77469668,85994344,true,false,36608,74,COMPLETED,0:0,00:30:06,,643000,1791000,14,13,1100372,92421,92421,672,0,2001,58112,0,973,551153,117310402,489446420,117310402,489446420,0,0,369661,0,739300,0,0,0,0,274390,0,0,0,0,0,0,6,14,6,unknown,0,encode(order-ge),TO,docs/logs/10c9c43b-dirty-noinc203-cegar-norootlp/runsolver/runsolver-kat-cop1000-noinc203-order-direct-mdd-tl-extprop8196-s40-cegar-norootlp-20260513-10c9c43b-dirty-q10609-19443220-74-251/output.log,docs/logs/10c9c43b-dirty-noinc203-cegar-norootlp/runsolver/runsolver-kat-cop1000-noinc203-order-direct-mdd-tl-extprop8196-s40-cegar-norootlp-20260513-10c9c43b-dirty-q10609-19443220-74-251/values.log
252,competition/2022-2025/COP22to25/Coprime-22_c25.xml.lzma,Coprime,1,1,1,1,sat,timeout_signal,incumbent_interrupted_by_signal,480,valid,1,incumbent,sat,relaxation,TO,1803.49,1772.34,118032964,117995060,134097544,true,false,36608,75,COMPLETED,0:0,00:30:06,,866000,1741000,6,5,850830,111595,111595,821,0,2415,78035,0,1158,782414,155639805,650737039,155639805,650737039,0,0,446356,0,892689,0,0,0,0,331471,0,0,0,0,0,0,2,6,2,unknown,0,encode(order-ge),TO,docs/logs/10c9c43b-dirty-noinc203-cegar-norootlp/runsolver/runsolver-kat-cop1000-noinc203-order-direct-mdd-tl-extprop8196-s40-cegar-norootlp-20260513-10c9c43b-dirty-q10609-19443221-75-252/output.log,docs/logs/10c9c43b-dirty-noinc203-cegar-norootlp/runsolver/runsolver-kat-cop1000-noinc203-order-direct-mdd-tl-extprop8196-s40-cegar-norootlp-20260513-10c9c43b-dirty-q10609-19443221-75-252/values.log
253,competition/2022-2025/COP22to25/Coprime-23_c25.xml.lzma,Coprime,1,0,1,1,,,,,skipped_no_incumbent,0,oom_before_sat,encode,preencode,MO,1149.31,1144.42,124615708,124613628,136596076,false,false,35072,76,OUT_OF_MEMORY,0:125,00:19:13,,,,0,0,0,,,989,0,3125,103862,0,1540,,,,,,,,534403,0,1068782,0,0,0,0,397023,,,,,,,,,,unknown,0,encode(order-ge),TO,docs/logs/10c9c43b-dirty-noinc203-cegar-norootlp/runsolver/runsolver-kat-cop1000-noinc203-order-direct-mdd-tl-extprop8196-s40-cegar-norootlp-20260513-10c9c43b-dirty-q10609-19443222-76-253/output.log,docs/logs/10c9c43b-dirty-noinc203-cegar-norootlp/runsolver/runsolver-kat-cop1000-noinc203-order-direct-mdd-tl-extprop8196-s40-cegar-norootlp-20260513-10c9c43b-dirty-q10609-19443222-76-253/values.log
254,competition/2022-2025/COP22to25/Coprime-24_c25.xml.lzma,Coprime,1,0,1,1,,,,,skipped_no_incumbent,0,oom_before_sat,encode,preencode,MO,1200.81,1194.99,124616888,124610488,136872480,false,false,35072,77,OUT_OF_MEMORY,0:125,00:20:04,,,,0,0,0,,,1184,0,4055,136801,0,1855,,,,,,,,634870,0,1269715,0,0,0,0,471845,,,,,,,,,,unknown,0,encode(order-ge),TO,docs/logs/10c9c43b-dirty-noinc203-cegar-norootlp/runsolver/runsolver-kat-cop1000-noinc203-order-direct-mdd-tl-extprop8196-s40-cegar-norootlp-20260513-10c9c43b-dirty-q10609-19443223-77-254/output.log,docs/logs/10c9c43b-dirty-noinc203-cegar-norootlp/runsolver/runsolver-kat-cop1000-noinc203-order-direct-mdd-tl-extprop8196-s40-cegar-norootlp-20260513-10c9c43b-dirty-q10609-19443223-77-254/values.log
255,competition/2022-2025/COP22to25/Coprime-25_c25.xml.lzma,Coprime,1,0,1,1,,,,,skipped_no_incumbent,0,oom_before_sat,encode,preencode,MO,1295.77,1259.53,123778732,124603468,136921988,false,false,35072,78,OUT_OF_MEMORY,0:125,00:21:39,,,,0,0,0,,,1393,0,4227,176848,0,2155,,,,,,,,748873,0,1497720,0,0,0,0,556772,,,,,,,,,,unknown,0,encode(order-ge),TO,docs/logs/10c9c43b-dirty-noinc203-cegar-norootlp/runsolver/runsolver-kat-cop1000-noinc203-order-direct-mdd-tl-extprop8196-s40-cegar-norootlp-20260513-10c9c43b-dirty-q10609-19443224-78-255/output.log,docs/logs/10c9c43b-dirty-noinc203-cegar-norootlp/runsolver/runsolver-kat-cop1000-noinc203-order-direct-mdd-tl-extprop8196-s40-cegar-norootlp-20260513-10c9c43b-dirty-q10609-19443224-78-255/values.log
256,competition/2022-2025/COP22to25/Coprime-30_c25.xml.lzma,Coprime,1,0,1,1,,,,,skipped_no_incumbent,0,oom_before_sat,encode,preencode,MO,730.123,727.511,124624692,124496388,142037024,false,false,35072,79,OUT_OF_MEMORY,0:125,00:12:14,,,,0,0,0,,,2995,0,9058,557914,0,4739,,,,,,,,1564348,0,3128665,0,0,0,0,1164727,,,,,,,,,,unknown,0,preencode(order-ge),TO,docs/logs/10c9c43b-dirty-noinc203-cegar-norootlp/runsolver/runsolver-kat-cop1000-noinc203-order-direct-mdd-tl-extprop8196-s40-cegar-norootlp-20260513-10c9c43b-dirty-q10609-19443227-79-256/output.log,docs/logs/10c9c43b-dirty-noinc203-cegar-norootlp/runsolver/runsolver-kat-cop1000-noinc203-order-direct-mdd-tl-extprop8196-s40-cegar-norootlp-20260513-10c9c43b-dirty-q10609-19443227-79-256/values.log
257,competition/2022-2025/COP22to25/Coprime-40_c25.xml.lzma,Coprime,1,1,1,1,unknown,timeout_signal,terminated_by_signal,,skipped_no_incumbent,0,timeout_before_sat,post_lower,lower,TO,1800.17,1793.98,6830236,6831296,7996504,true,false,36608,80,COMPLETED,0:0,00:30:02,,,,0,0,0,1247260,1247260,11054,0,31379,,,,,,,,,,,,,,,,,,,0,0,0,0,0,0,0,0,0,unknown,0,post_lower,TO,docs/logs/10c9c43b-dirty-noinc203-cegar-norootlp/runsolver/runsolver-kat-cop1000-noinc203-order-direct-mdd-tl-extprop8196-s40-cegar-norootlp-20260513-10c9c43b-dirty-q10609-19443229-80-257/output.log,docs/logs/10c9c43b-dirty-noinc203-cegar-norootlp/runsolver/runsolver-kat-cop1000-noinc203-order-direct-mdd-tl-extprop8196-s40-cegar-norootlp-20260513-10c9c43b-dirty-q10609-19443229-80-257/values.log
357,competition/2022-2025/COP22to25/FlexibleJobshopScen-dh-5-16-005_c25.xml.lzma,FlexibleJobshopScen,1,0,1,1,,,,8255,no_solution,1,incumbent,decode,encode,MO,386.074,383.281,111812368,124568160,174987900,false,false,35072,81,OUT_OF_MEMORY,0:125,00:06:30,,61000,64000,2,2,3035,,,0,0,24276,4345,0,12709,15561,11256693,28346712,11256693,28346712,0,0,1067292,2134042,2859568,0,0,0,0,5155092,0,0,0,0,1,0,0,1,0,unknown,0,preencode(order-ge),TO,docs/logs/10c9c43b-dirty-noinc203-cegar-norootlp/runsolver/runsolver-kat-cop1000-noinc203-order-direct-mdd-tl-extprop8196-s40-cegar-norootlp-20260513-10c9c43b-dirty-q10609-19443231-81-357/output.log,docs/logs/10c9c43b-dirty-noinc203-cegar-norootlp/runsolver/runsolver-kat-cop1000-noinc203-order-direct-mdd-tl-extprop8196-s40-cegar-norootlp-20260513-10c9c43b-dirty-q10609-19443231-81-357/values.log
358,competition/2022-2025/COP22to25/FlexibleJobshopScen-dh-5-16-020_c25.xml.lzma,FlexibleJobshopScen,1,0,1,1,,,,33940,no_solution,1,incumbent,decode,encode,MO,674.157,670.486,108614928,124581772,132990968,false,false,35072,82,OUT_OF_MEMORY,0:125,00:11:17,,258000,271000,2,2,14799,,,2,0,99836,15814,0,55294,66276,44987422,114810260,44987422,114810260,0,0,4257189,8512846,11406766,0,0,0,0,20677716,0,0,0,0,1,0,0,1,0,unknown,0,preencode(order-ge),TO,docs/logs/10c9c43b-dirty-noinc203-cegar-norootlp/runsolver/runsolver-kat-cop1000-noinc203-order-direct-mdd-tl-extprop8196-s40-cegar-norootlp-20260513-10c9c43b-dirty-q10609-19443232-82-358/output.log,docs/logs/10c9c43b-dirty-noinc203-cegar-norootlp/runsolver/runsolver-kat-cop1000-noinc203-order-direct-mdd-tl-extprop8196-s40-cegar-norootlp-20260513-10c9c43b-dirty-q10609-19443232-82-358/values.log
359,competition/2022-2025/COP22to25/FlexibleJobshopScen-dh-5-16-080_c25.xml.lzma,FlexibleJobshopScen,1,0,1,1,,,,,skipped_no_incumbent,0,oom_before_sat,encode,encode,MO,1154.64,1142.32,120544728,124531804,137633164,false,false,35072,83,OUT_OF_MEMORY,0:125,00:19:22,,,,0,0,0,,,8,0,420170,69569,0,263465,350804,179022569,458391160,,,0,0,16917280,33829068,45328044,0,0,0,0,82508893,,,,,,,,,,unknown,0,preencode(order-ge),TO,docs/logs/10c9c43b-dirty-noinc203-cegar-norootlp/runsolver/runsolver-kat-cop1000-noinc203-order-direct-mdd-tl-extprop8196-s40-cegar-norootlp-20260513-10c9c43b-dirty-q10609-19443242-83-359/output.log,docs/logs/10c9c43b-dirty-noinc203-cegar-norootlp/runsolver/runsolver-kat-cop1000-noinc203-order-direct-mdd-tl-extprop8196-s40-cegar-norootlp-20260513-10c9c43b-dirty-q10609-19443242-83-359/values.log
360,competition/2022-2025/COP22to25/FlexibleJobshopScen-dh-5-16-200_c25.xml.lzma,FlexibleJobshopScen,1,1,1,1,unknown,timeout_signal,terminated_by_signal,,skipped_no_incumbent,0,timeout_before_sat,preencode(order-ge),root_lp,TO,1804,1565.71,85898392,87050848,93904648,true,false,36608,84,COMPLETED,0:0,00:30:11,,,,0,0,0,15234,15234,20,0,1128473,320685,0,,,,,,,,,42242598,84471784,113182259,0,0,0,0,206072745,0,0,0,0,0,0,0,0,0,unknown,0,preencode(order-ge),TO,docs/logs/10c9c43b-dirty-noinc203-cegar-norootlp/runsolver/runsolver-kat-cop1000-noinc203-order-direct-mdd-tl-extprop8196-s40-cegar-norootlp-20260513-10c9c43b-dirty-q10609-19443243-84-360/output.log,docs/logs/10c9c43b-dirty-noinc203-cegar-norootlp/runsolver/runsolver-kat-cop1000-noinc203-order-direct-mdd-tl-extprop8196-s40-cegar-norootlp-20260513-10c9c43b-dirty-q10609-19443243-84-360/values.log
361,competition/2022-2025/COP22to25/FlexibleJobshopScen-dh-5-16-400_c25.xml.lzma,FlexibleJobshopScen,1,1,1,1,unknown,timeout_signal,terminated_by_signal,,skipped_no_incumbent,0,timeout_before_sat,lower,normalize,TO,1804.06,1795.56,110757972,110758892,116933688,true,false,36608,85,COMPLETED,0:0,00:30:12,,,,0,0,0,30434,30434,41,0,,,,,,,,,,,,,,,,,,,,0,0,0,0,0,0,0,0,0,unknown,0,lower,TO,docs/logs/10c9c43b-dirty-noinc203-cegar-norootlp/runsolver/runsolver-kat-cop1000-noinc203-order-direct-mdd-tl-extprop8196-s40-cegar-norootlp-20260513-10c9c43b-dirty-q10609-19443244-85-361/output.log,docs/logs/10c9c43b-dirty-noinc203-cegar-norootlp/runsolver/runsolver-kat-cop1000-noinc203-order-direct-mdd-tl-extprop8196-s40-cegar-norootlp-20260513-10c9c43b-dirty-q10609-19443244-85-361/values.log
362,competition/2022-2025/COP22to25/FlexibleJobshopScen-dh-5-20-005_c25.xml.lzma,FlexibleJobshopScen,1,0,1,1,,,,8535,no_solution,1,incumbent,decode,encode,MO,409.693,407.086,124621900,124619044,125084212,false,false,35072,86,OUT_OF_MEMORY,0:125,00:06:54,,75000,83000,2,2,11926,,,0,0,29646,5433,0,14804,19246,13538331,35938042,13538331,35938042,0,0,1309056,2617450,3492544,0,0,0,0,6347911,0,0,0,0,1,0,0,1,0,unknown,0,preencode(order-ge),TO,docs/logs/10c9c43b-dirty-noinc203-cegar-norootlp/runsolver/runsolver-kat-cop1000-noinc203-order-direct-mdd-tl-extprop8196-s40-cegar-norootlp-20260513-10c9c43b-dirty-q10609-19443245-86-362/output.log,docs/logs/10c9c43b-dirty-noinc203-cegar-norootlp/runsolver/runsolver-kat-cop1000-noinc203-order-direct-mdd-tl-extprop8196-s40-cegar-norootlp-20260513-10c9c43b-dirty-q10609-19443245-86-362/values.log
363,competition/2022-2025/COP22to25/FlexibleJobshopScen-dh-5-20-020_c25.xml.lzma,FlexibleJobshopScen,1,0,1,1,,,,36880,no_solution,1,incumbent,decode,encode,MO,799.354,795.918,124016332,124595968,134843172,false,false,35072,87,OUT_OF_MEMORY,0:125,00:13:23,,317000,354000,2,2,54338,,,2,0,121673,19827,0,64302,84521,54101208,146841199,54101208,146841199,0,0,5201450,10401008,13877514,0,0,0,0,25632149,0,0,0,0,1,0,0,1,0,unknown,0,preencode(order-ge),TO,docs/logs/10c9c43b-dirty-noinc203-cegar-norootlp/runsolver/runsolver-kat-cop1000-noinc203-order-direct-mdd-tl-extprop8196-s40-cegar-norootlp-20260513-10c9c43b-dirty-q10609-19443247-87-363/output.log,docs/logs/10c9c43b-dirty-noinc203-cegar-norootlp/runsolver/runsolver-kat-cop1000-noinc203-order-direct-mdd-tl-extprop8196-s40-cegar-norootlp-20260513-10c9c43b-dirty-q10609-19443247-87-363/values.log
364,competition/2022-2025/COP22to25/FlexibleJobshopScen-dh-5-20-080_c25.xml.lzma,FlexibleJobshopScen,1,0,1,1,,,,,skipped_no_incumbent,0,oom_before_sat,encode,preencode,MO,1254.72,1246.44,118051096,124596124,137179948,false,false,35072,88,OUT_OF_MEMORY,0:125,00:21:01,,,,0,0,0,,,10,0,528406,98718,0,332793,,,,,,,,20912648,41818484,55798303,0,0,0,0,102950538,,,,,,,,,,unknown,0,preencode(order-ge),TO,docs/logs/10c9c43b-dirty-noinc203-cegar-norootlp/runsolver/runsolver-kat-cop1000-noinc203-order-direct-mdd-tl-extprop8196-s40-cegar-norootlp-20260513-10c9c43b-dirty-q10609-19443252-88-364/output.log,docs/logs/10c9c43b-dirty-noinc203-cegar-norootlp/runsolver/runsolver-kat-cop1000-noinc203-order-direct-mdd-tl-extprop8196-s40-cegar-norootlp-20260513-10c9c43b-dirty-q10609-19443252-88-364/values.log
365,competition/2022-2025/COP22to25/FlexibleJobshopScen-dh-5-20-200_c25.xml.lzma,FlexibleJobshopScen,1,1,1,1,unknown,timeout_signal,terminated_by_signal,,skipped_no_incumbent,0,timeout_before_sat,preencode(order-ge),root_lp,TO,1802.97,1795.23,107119640,107122660,123604220,true,false,36608,89,COMPLETED,0:0,00:30:05,,,,0,0,0,18645,18645,26,0,1442549,287046,0,,,,,,,,,52352312,104687972,139683734,0,0,0,0,257665469,0,0,0,0,0,0,0,0,0,unknown,0,post_lower,TO,docs/logs/10c9c43b-dirty-noinc203-cegar-norootlp/runsolver/runsolver-kat-cop1000-noinc203-order-direct-mdd-tl-extprop8196-s40-cegar-norootlp-20260513-10c9c43b-dirty-q10609-19443259-89-365/output.log,docs/logs/10c9c43b-dirty-noinc203-cegar-norootlp/runsolver/runsolver-kat-cop1000-noinc203-order-direct-mdd-tl-extprop8196-s40-cegar-norootlp-20260513-10c9c43b-dirty-q10609-19443259-89-365/values.log
366,competition/2022-2025/COP22to25/FlexibleJobshopScen-dh-5-20-400_c25.xml.lzma,FlexibleJobshopScen,1,1,1,1,unknown,timeout_signal,terminated_by_signal,,skipped_no_incumbent,0,timeout_before_sat,lower,normalize,TO,1804.67,1755.53,104603040,107569708,114639928,true,false,36608,90,COMPLETED,0:0,00:30:11,,,,0,0,0,37245,37245,53,0,,,,,,,,,,,,,,,,,,,,0,0,0,0,0,0,0,0,0,unknown,0,lower,TO,docs/logs/10c9c43b-dirty-noinc203-cegar-norootlp/runsolver/runsolver-kat-cop1000-noinc203-order-direct-mdd-tl-extprop8196-s40-cegar-norootlp-20260513-10c9c43b-dirty-q10609-19443260-90-366/output.log,docs/logs/10c9c43b-dirty-noinc203-cegar-norootlp/runsolver/runsolver-kat-cop1000-noinc203-order-direct-mdd-tl-extprop8196-s40-cegar-norootlp-20260513-10c9c43b-dirty-q10609-19443260-90-366/values.log
367,competition/2022-2025/COP22to25/FlexibleJobshopScen-dh-6-18-005_c25.xml.lzma,FlexibleJobshopScen,1,0,1,1,,,,2917,no_solution,1,incumbent,decode,encode,MO,369.746,367.564,124415204,124621912,174389332,false,false,35072,91,OUT_OF_MEMORY,0:125,00:06:14,,42000,44000,2,2,3107,,,0,0,16832,2651,0,8654,10668,7930472,19275649,7930472,19275649,0,0,732764,1464998,2101340,0,0,0,0,3668962,0,0,0,0,1,0,0,1,0,unknown,0,preencode(order-ge),TO,docs/logs/10c9c43b-dirty-noinc203-cegar-norootlp/runsolver/runsolver-kat-cop1000-noinc203-order-direct-mdd-tl-extprop8196-s40-cegar-norootlp-20260513-10c9c43b-dirty-q10609-19443261-91-367/output.log,docs/logs/10c9c43b-dirty-noinc203-cegar-norootlp/runsolver/runsolver-kat-cop1000-noinc203-order-direct-mdd-tl-extprop8196-s40-cegar-norootlp-20260513-10c9c43b-dirty-q10609-19443261-91-367/values.log
368,competition/2022-2025/COP22to25/FlexibleJobshopScen-dh-6-18-020_c25.xml.lzma,FlexibleJobshopScen,1,0,1,1,,,,8044,no_solution,1,incumbent,decode,encode,MO,612.415,607.918,117419788,124601584,130954752,false,false,35072,92,OUT_OF_MEMORY,0:125,00:10:15,,186000,205000,2,2,26849,,,2,0,68611,12443,0,40297,48641,32052046,77696556,32052046,77696556,0,0,2962922,5924204,8496275,0,0,0,0,14817500,0,0,0,0,1,0,0,1,0,unknown,0,preencode(order-ge),TO,docs/logs/10c9c43b-dirty-noinc203-cegar-norootlp/runsolver/runsolver-kat-cop1000-noinc203-order-direct-mdd-tl-extprop8196-s40-cegar-norootlp-20260513-10c9c43b-dirty-q10609-19443262-92-368/output.log,docs/logs/10c9c43b-dirty-noinc203-cegar-norootlp/runsolver/runsolver-kat-cop1000-noinc203-order-direct-mdd-tl-extprop8196-s40-cegar-norootlp-20260513-10c9c43b-dirty-q10609-19443262-92-368/values.log
369,competition/2022-2025/COP22to25/FlexibleJobshopScen-dh-6-18-080_c25.xml.lzma,FlexibleJobshopScen,1,1,1,1,sat,timeout_signal,incumbent_interrupted_by_signal,47255,valid,1,incumbent,relaxation,decode,TO,1802.52,1614.98,86206640,88814176,101306088,true,false,36608,93,COMPLETED,0:0,00:30:07,,1068000,1155000,2,2,93185,5885,5885,8,0,301642,59834,0,184912,271677,128589736,312847789,128589736,312847789,0,0,11872262,23738444,34051781,0,0,0,0,59540246,0,0,0,0,2,0,0,2,0,unknown,0,preencode(order-ge),TO,docs/logs/10c9c43b-dirty-noinc203-cegar-norootlp/runsolver/runsolver-kat-cop1000-noinc203-order-direct-mdd-tl-extprop8196-s40-cegar-norootlp-20260513-10c9c43b-dirty-q10609-19443265-93-369/output.log,docs/logs/10c9c43b-dirty-noinc203-cegar-norootlp/runsolver/runsolver-kat-cop1000-noinc203-order-direct-mdd-tl-extprop8196-s40-cegar-norootlp-20260513-10c9c43b-dirty-q10609-19443265-93-369/values.log
370,competition/2022-2025/COP22to25/FlexibleJobshopScen-dh-6-18-200_c25.xml.lzma,FlexibleJobshopScen,1,1,1,1,unknown,timeout_signal,terminated_by_signal,,skipped_no_incumbent,0,timeout_before_sat,preencode(order-ge),root_lp,TO,1805.2,1574.89,99747636,119250444,126719544,true,false,36608,94,COMPLETED,0:0,00:30:09,,,,0,0,0,14645,14645,21,0,777981,154313,0,,,,,,,,,29749513,59484066,85328862,0,0,0,0,150149432,0,0,0,0,0,0,0,0,0,unknown,0,preencode(order-ge),TO,docs/logs/10c9c43b-dirty-noinc203-cegar-norootlp/runsolver/runsolver-kat-cop1000-noinc203-order-direct-mdd-tl-extprop8196-s40-cegar-norootlp-20260513-10c9c43b-dirty-q10609-19443266-94-370/output.log,docs/logs/10c9c43b-dirty-noinc203-cegar-norootlp/runsolver/runsolver-kat-cop1000-noinc203-order-direct-mdd-tl-extprop8196-s40-cegar-norootlp-20260513-10c9c43b-dirty-q10609-19443266-94-370/values.log
371,competition/2022-2025/COP22to25/FlexibleJobshopScen-dh-6-18-400_c25.xml.lzma,FlexibleJobshopScen,1,1,1,1,unknown,timeout_signal,terminated_by_signal,,skipped_no_incumbent,0,timeout_before_sat,post_lower,lower,TO,1803.45,1795.49,103039116,102985372,111842068,true,false,36608,95,COMPLETED,0:0,00:30:07,,,,0,0,0,29245,29245,44,0,1716665,,,,,,,,,,,,,,,,,,,0,0,0,0,0,0,0,0,0,unknown,0,lower,TO,docs/logs/10c9c43b-dirty-noinc203-cegar-norootlp/runsolver/runsolver-kat-cop1000-noinc203-order-direct-mdd-tl-extprop8196-s40-cegar-norootlp-20260513-10c9c43b-dirty-q10609-19443269-95-371/output.log,docs/logs/10c9c43b-dirty-noinc203-cegar-norootlp/runsolver/runsolver-kat-cop1000-noinc203-order-direct-mdd-tl-extprop8196-s40-cegar-norootlp-20260513-10c9c43b-dirty-q10609-19443269-95-371/values.log
395,competition/2022-2025/COP22to25/Fortress1-09_c25.xml.lzma,Fortress1,1,0,1,1,,,,,skipped_no_incumbent,0,oom_before_sat,encode,preencode,MO,1286.55,1279.14,122666860,124603348,125297120,false,false,35072,96,OUT_OF_MEMORY,0:125,00:21:32,,,,0,0,0,,,25,0,2240,479,0,5,,,,,,,,5155,0,3,1116,4792,0,0,1119,,,,,,,,,,,0,encode,MO,docs/logs/10c9c43b-dirty-noinc203-cegar-norootlp/runsolver/runsolver-kat-cop1000-noinc203-order-direct-mdd-tl-extprop8196-s40-cegar-norootlp-20260513-10c9c43b-dirty-q10609-19443270-96-395/output.log,docs/logs/10c9c43b-dirty-noinc203-cegar-norootlp/runsolver/runsolver-kat-cop1000-noinc203-order-direct-mdd-tl-extprop8196-s40-cegar-norootlp-20260513-10c9c43b-dirty-q10609-19443270-96-395/values.log
396,competition/2022-2025/COP22to25/Fortress1-10_c25.xml.lzma,Fortress1,1,1,1,1,unknown,timeout_signal,terminated_by_signal,,skipped_no_incumbent,0,timeout_before_sat,encode(order-ge),preencode(order-ge),TO,1802.44,1796.06,85663204,85663976,100189268,true,false,36608,97,COMPLETED,0:0,00:30:07,,,,0,0,0,3701,3701,39,0,4695,911,0,8,,,,,,,,7395,0,3,1713,7386,0,0,1716,0,0,0,0,0,0,0,0,0,unknown,0,encode(order-ge),TO,docs/logs/10c9c43b-dirty-noinc203-cegar-norootlp/runsolver/runsolver-kat-cop1000-noinc203-order-direct-mdd-tl-extprop8196-s40-cegar-norootlp-20260513-10c9c43b-dirty-q10609-19443271-97-396/output.log,docs/logs/10c9c43b-dirty-noinc203-cegar-norootlp/runsolver/runsolver-kat-cop1000-noinc203-order-direct-mdd-tl-extprop8196-s40-cegar-norootlp-20260513-10c9c43b-dirty-q10609-19443271-97-396/values.log
420,competition/2022-2025/COP22to25/GBACP-table-UD06_c23.xml.lzma,GBACP,1,1,1,1,unknown,timeout_signal,terminated_by_signal,,skipped_no_incumbent,0,timeout_before_sat,encode(order-ge),preencode(order-ge),TO,1800.62,1793.4,25683864,25675820,29396724,true,false,36608,98,COMPLETED,0:0,00:30:04,,,,0,0,0,190,190,160,0,84,11,0,26,,,,,,,,6940,0,14398,80,119840,0,0,12456,0,0,0,0,0,0,0,0,0,unknown,1,sat,TO,docs/logs/10c9c43b-dirty-noinc203-cegar-norootlp/runsolver/runsolver-kat-cop1000-noinc203-order-direct-mdd-tl-extprop8196-s40-cegar-norootlp-20260513-10c9c43b-dirty-q10609-19443280-98-420/output.log,docs/logs/10c9c43b-dirty-noinc203-cegar-norootlp/runsolver/runsolver-kat-cop1000-noinc203-order-direct-mdd-tl-extprop8196-s40-cegar-norootlp-20260513-10c9c43b-dirty-q10609-19443280-98-420/values.log
428,competition/2022-2025/COP22to25/GeneralizedMKP-0-OR05x250-25-1_c23.xml.lzma,GeneralizedMKP,1,0,1,1,,,,,skipped_no_incumbent,0,oom_before_sat,encode,preencode,MO,511.235,504.265,121961164,124606660,147475864,false,false,35072,99,OUT_OF_MEMORY,0:125,00:08:35,,,,0,0,0,,,0,0,70,16,0,4,,,,,,,,256,0,11,0,0,0,0,11,,,,,,,,,,unknown,1,sat,TO,docs/logs/10c9c43b-dirty-noinc203-cegar-norootlp/runsolver/runsolver-kat-cop1000-noinc203-order-direct-mdd-tl-extprop8196-s40-cegar-norootlp-20260513-10c9c43b-dirty-q10609-19443286-99-428/output.log,docs/logs/10c9c43b-dirty-noinc203-cegar-norootlp/runsolver/runsolver-kat-cop1000-noinc203-order-direct-mdd-tl-extprop8196-s40-cegar-norootlp-20260513-10c9c43b-dirty-q10609-19443286-99-428/values.log
431,competition/2022-2025/COP22to25/GeneralizedMKP-0-OR05x500-25-1_c23.xml.lzma,GeneralizedMKP,1,0,1,1,,,,,skipped_no_incumbent,0,oom_before_sat,encode,preencode,MO,658.298,646.922,102809320,124615512,143094012,false,false,35072,100,OUT_OF_MEMORY,0:125,00:11:03,,,,0,0,0,,,0,0,272,60,0,9,,,,,,,,506,0,11,0,0,0,0,11,,,,,,,,,,unknown,1,sat,TO,docs/logs/10c9c43b-dirty-noinc203-cegar-norootlp/runsolver/runsolver-kat-cop1000-noinc203-order-direct-mdd-tl-extprop8196-s40-cegar-norootlp-20260513-10c9c43b-dirty-q10609-19443291-100-431/output.log,docs/logs/10c9c43b-dirty-noinc203-cegar-norootlp/runsolver/runsolver-kat-cop1000-noinc203-order-direct-mdd-tl-extprop8196-s40-cegar-norootlp-20260513-10c9c43b-dirty-q10609-19443291-100-431/values.log
432,competition/2022-2025/COP22to25/GeneralizedMKP-0-OR05x500-50-1_c23.xml.lzma,GeneralizedMKP,1,0,1,1,,,,,skipped_no_incumbent,0,oom_before_sat,encode,preencode,MO,650.874,647.195,123917804,124614200,139515572,false,false,35072,101,OUT_OF_MEMORY,0:125,00:10:54,,,,0,0,0,,,0,0,271,61,0,9,,,,,,,,506,0,11,0,0,0,0,11,,,,,,,,,,unknown,1,sat,TO,docs/logs/10c9c43b-dirty-noinc203-cegar-norootlp/runsolver/runsolver-kat-cop1000-noinc203-order-direct-mdd-tl-extprop8196-s40-cegar-norootlp-20260513-10c9c43b-dirty-q10609-19443331-101-432/output.log,docs/logs/10c9c43b-dirty-noinc203-cegar-norootlp/runsolver/runsolver-kat-cop1000-noinc203-order-direct-mdd-tl-extprop8196-s40-cegar-norootlp-20260513-10c9c43b-dirty-q10609-19443331-101-432/values.log
433,competition/2022-2025/COP22to25/GeneralizedMKP-0-OR05x500-75-1_c23.xml.lzma,GeneralizedMKP,1,0,1,1,,,,,skipped_no_incumbent,0,oom_before_sat,encode,preencode,MO,603.412,599.823,122870196,124599520,144989784,false,false,35072,102,OUT_OF_MEMORY,0:125,00:10:09,,,,0,0,0,,,0,0,272,60,0,9,,,,,,,,506,0,11,0,0,0,0,11,,,,,,,,,,unknown,1,sat,TO,docs/logs/10c9c43b-dirty-noinc203-cegar-norootlp/runsolver/runsolver-kat-cop1000-noinc203-order-direct-mdd-tl-extprop8196-s40-cegar-norootlp-20260513-10c9c43b-dirty-q10609-19443351-102-433/output.log,docs/logs/10c9c43b-dirty-noinc203-cegar-norootlp/runsolver/runsolver-kat-cop1000-noinc203-order-direct-mdd-tl-extprop8196-s40-cegar-norootlp-20260513-10c9c43b-dirty-q10609-19443351-102-433/values.log
434,competition/2022-2025/COP22to25/GeneralizedMKP-0-OR10x250-25-1_c23.xml.lzma,GeneralizedMKP,1,0,1,1,,,,,skipped_no_incumbent,0,oom_before_sat,encode,preencode,MO,509.275,507.093,124616484,124545132,147482008,false,false,35072,103,OUT_OF_MEMORY,0:125,00:08:38,,,,0,0,0,,,0,0,132,28,0,8,,,,,,,,261,0,21,0,0,0,0,21,,,,,,,,,,unknown,1,sat,TO,docs/logs/10c9c43b-dirty-noinc203-cegar-norootlp/runsolver/runsolver-kat-cop1000-noinc203-order-direct-mdd-tl-extprop8196-s40-cegar-norootlp-20260513-10c9c43b-dirty-q10609-19443353-103-434/output.log,docs/logs/10c9c43b-dirty-noinc203-cegar-norootlp/runsolver/runsolver-kat-cop1000-noinc203-order-direct-mdd-tl-extprop8196-s40-cegar-norootlp-20260513-10c9c43b-dirty-q10609-19443353-103-434/values.log
435,competition/2022-2025/COP22to25/GeneralizedMKP-0-OR10x250-50-1_c23.xml.lzma,GeneralizedMKP,1,0,1,1,,,,,skipped_no_incumbent,0,oom_before_sat,encode,preencode,MO,488.865,487.045,124605444,124600248,152264988,false,false,35072,104,OUT_OF_MEMORY,0:125,00:08:13,,,,0,0,0,,,0,0,133,27,0,8,,,,,,,,261,0,21,0,0,0,0,21,,,,,,,,,,unknown,1,sat,TO,docs/logs/10c9c43b-dirty-noinc203-cegar-norootlp/runsolver/runsolver-kat-cop1000-noinc203-order-direct-mdd-tl-extprop8196-s40-cegar-norootlp-20260513-10c9c43b-dirty-q10609-19443356-104-435/output.log,docs/logs/10c9c43b-dirty-noinc203-cegar-norootlp/runsolver/runsolver-kat-cop1000-noinc203-order-direct-mdd-tl-extprop8196-s40-cegar-norootlp-20260513-10c9c43b-dirty-q10609-19443356-104-435/values.log
436,competition/2022-2025/COP22to25/GeneralizedMKP-0-OR10x250-75-1_c23.xml.lzma,GeneralizedMKP,1,0,1,1,,,,,skipped_no_incumbent,0,oom_before_sat,encode,preencode,MO,597.759,595.726,124592896,124585620,148853912,false,false,35072,105,OUT_OF_MEMORY,0:125,00:10:07,,,,0,0,0,,,0,0,133,31,0,8,,,,,,,,261,0,21,0,0,0,0,21,,,,,,,,,,unknown,1,sat,TO,docs/logs/10c9c43b-dirty-noinc203-cegar-norootlp/runsolver/runsolver-kat-cop1000-noinc203-order-direct-mdd-tl-extprop8196-s40-cegar-norootlp-20260513-10c9c43b-dirty-q10609-19443361-105-436/output.log,docs/logs/10c9c43b-dirty-noinc203-cegar-norootlp/runsolver/runsolver-kat-cop1000-noinc203-order-direct-mdd-tl-extprop8196-s40-cegar-norootlp-20260513-10c9c43b-dirty-q10609-19443361-105-436/values.log
437,competition/2022-2025/COP22to25/GeneralizedMKP-0-OR30x500-25-1_c23.xml.lzma,GeneralizedMKP,1,0,1,1,,,,,skipped_no_incumbent,0,oom_before_sat,encode,preencode,MO,587.725,584.202,120243352,124609448,140233520,false,false,35072,106,OUT_OF_MEMORY,0:125,00:09:53,,,,0,0,0,,,0,0,1507,332,0,52,,,,,,,,531,0,61,0,0,0,0,61,,,,,,,,,,unknown,1,sat,TO,docs/logs/10c9c43b-dirty-noinc203-cegar-norootlp/runsolver/runsolver-kat-cop1000-noinc203-order-direct-mdd-tl-extprop8196-s40-cegar-norootlp-20260513-10c9c43b-dirty-q10609-19443362-106-437/output.log,docs/logs/10c9c43b-dirty-noinc203-cegar-norootlp/runsolver/runsolver-kat-cop1000-noinc203-order-direct-mdd-tl-extprop8196-s40-cegar-norootlp-20260513-10c9c43b-dirty-q10609-19443362-106-437/values.log
438,competition/2022-2025/COP22to25/GeneralizedMKP-0-OR30x500-50-1_c23.xml.lzma,GeneralizedMKP,1,0,1,1,,,,,skipped_no_incumbent,0,oom_before_sat,encode,preencode,MO,544.048,542.008,124330768,124613172,141249720,false,false,35072,107,OUT_OF_MEMORY,0:125,00:09:09,,,,0,0,0,,,0,0,1513,315,0,51,,,,,,,,531,0,61,0,0,0,0,61,,,,,,,,,,unknown,1,sat,TO,docs/logs/10c9c43b-dirty-noinc203-cegar-norootlp/runsolver/runsolver-kat-cop1000-noinc203-order-direct-mdd-tl-extprop8196-s40-cegar-norootlp-20260513-10c9c43b-dirty-q10609-19443378-107-438/output.log,docs/logs/10c9c43b-dirty-noinc203-cegar-norootlp/runsolver/runsolver-kat-cop1000-noinc203-order-direct-mdd-tl-extprop8196-s40-cegar-norootlp-20260513-10c9c43b-dirty-q10609-19443378-107-438/values.log
439,competition/2022-2025/COP22to25/GeneralizedMKP-0-OR30x500-75-1_c23.xml.lzma,GeneralizedMKP,1,0,1,1,,,,,skipped_no_incumbent,0,oom_before_sat,encode,preencode,MO,556.308,554.082,124217052,124612988,145808716,false,false,35072,108,OUT_OF_MEMORY,0:125,00:09:22,,,,0,0,0,,,0,0,1518,337,0,52,,,,,,,,531,0,61,0,0,0,0,61,,,,,,,,,,unknown,1,sat,TO,docs/logs/10c9c43b-dirty-noinc203-cegar-norootlp/runsolver/runsolver-kat-cop1000-noinc203-order-direct-mdd-tl-extprop8196-s40-cegar-norootlp-20260513-10c9c43b-dirty-q10609-19443380-108-439/output.log,docs/logs/10c9c43b-dirty-noinc203-cegar-norootlp/runsolver/runsolver-kat-cop1000-noinc203-order-direct-mdd-tl-extprop8196-s40-cegar-norootlp-20260513-10c9c43b-dirty-q10609-19443380-108-439/values.log
475,competition/2022-2025/COP22to25/IHTC-i08_c25.xml.lzma,IHTC,1,0,1,1,,,,,skipped_no_incumbent,0,oom_before_sat,encode,preencode,MO,414.23,407.361,123649252,124597944,140797684,false,false,35072,109,OUT_OF_MEMORY,0:125,00:06:59,,,,0,0,0,,,86,0,7216,625,0,1266,,,,,,,,34307,199164,735499,170,31182,0,0,547258,,,,,,,,,,unknown,1,sat,TO,docs/logs/10c9c43b-dirty-noinc203-cegar-norootlp/runsolver/runsolver-kat-cop1000-noinc203-order-direct-mdd-tl-extprop8196-s40-cegar-norootlp-20260513-10c9c43b-dirty-q10609-19443383-109-475/output.log,docs/logs/10c9c43b-dirty-noinc203-cegar-norootlp/runsolver/runsolver-kat-cop1000-noinc203-order-direct-mdd-tl-extprop8196-s40-cegar-norootlp-20260513-10c9c43b-dirty-q10609-19443383-109-475/values.log
481,competition/2022-2025/COP22to25/IHTC-i18_c25.xml.lzma,IHTC,1,0,1,1,,,,,skipped_no_incumbent,0,oom_before_sat,encode,preencode,MO,433.104,420.835,119008872,124593604,141661952,false,false,35072,110,OUT_OF_MEMORY,0:125,00:07:18,,,,0,0,0,,,169,0,13229,936,0,2191,,,,,,,,48641,330403,1093251,415,209870,0,0,895602,,,,,,,,,,unknown,0,preencode(order-ge),TO,docs/logs/10c9c43b-dirty-noinc203-cegar-norootlp/runsolver/runsolver-kat-cop1000-noinc203-order-direct-mdd-tl-extprop8196-s40-cegar-norootlp-20260513-10c9c43b-dirty-q10609-19443384-110-481/output.log,docs/logs/10c9c43b-dirty-noinc203-cegar-norootlp/runsolver/runsolver-kat-cop1000-noinc203-order-direct-mdd-tl-extprop8196-s40-cegar-norootlp-20260513-10c9c43b-dirty-q10609-19443384-110-481/values.log
482,competition/2022-2025/COP22to25/IHTC-i29_c25.xml.lzma,IHTC,1,0,1,1,,,,,skipped_no_incumbent,0,oom_before_sat,encode,preencode,MO,432.188,413.162,119479804,124590452,140726948,false,false,35072,111,OUT_OF_MEMORY,0:125,00:07:17,,,,0,0,0,,,440,0,17557,1400,0,2784,,,,,,,,68094,413104,1481730,458,614829,0,0,1192028,,,,,,,,,,unknown,0,preencode(order-ge),TO,docs/logs/10c9c43b-dirty-noinc203-cegar-norootlp/runsolver/runsolver-kat-cop1000-noinc203-order-direct-mdd-tl-extprop8196-s40-cegar-norootlp-20260513-10c9c43b-dirty-q10609-19443386-111-482/output.log,docs/logs/10c9c43b-dirty-noinc203-cegar-norootlp/runsolver/runsolver-kat-cop1000-noinc203-order-direct-mdd-tl-extprop8196-s40-cegar-norootlp-20260513-10c9c43b-dirty-q10609-19443386-111-482/values.log
483,competition/2022-2025/COP22to25/IHTC-i30_c25.xml.lzma,IHTC,1,0,1,1,,,,,skipped_no_incumbent,0,oom_before_sat,encode,preencode,MO,447.402,445.334,124608868,124597520,139896744,false,false,35072,112,OUT_OF_MEMORY,0:125,00:07:34,,,,0,0,0,,,522,0,37651,2838,0,4737,,,,,,,,109222,695146,2428678,570,466235,0,0,1802779,,,,,,,,,,unknown,0,preencode(order-ge),TO,docs/logs/10c9c43b-dirty-noinc203-cegar-norootlp/runsolver/runsolver-kat-cop1000-noinc203-order-direct-mdd-tl-extprop8196-s40-cegar-norootlp-20260513-10c9c43b-dirty-q10609-19443389-112-483/output.log,docs/logs/10c9c43b-dirty-noinc203-cegar-norootlp/runsolver/runsolver-kat-cop1000-noinc203-order-direct-mdd-tl-extprop8196-s40-cegar-norootlp-20260513-10c9c43b-dirty-q10609-19443389-112-483/values.log
488,competition/2022-2025/COP22to25/ItemsetMining-k1-mushroom_c22.xml.lzma,ItemsetMining,1,0,1,1,,,,,skipped_no_incumbent,0,oom_before_sat,encode,preencode,MO,1005.94,998.786,124621224,124609380,133124036,false,false,35072,113,OUT_OF_MEMORY,0:125,00:16:50,,,,0,0,0,,,126,0,150885,27919,0,6987,,,,,,,,1094697,8241,2185477,0,0,0,0,2189424,,,,,,,,,,unknown,0,preencode(order-ge),MO,docs/logs/10c9c43b-dirty-noinc203-cegar-norootlp/runsolver/runsolver-kat-cop1000-noinc203-order-direct-mdd-tl-extprop8196-s40-cegar-norootlp-20260513-10c9c43b-dirty-q10609-19443392-113-488/output.log,docs/logs/10c9c43b-dirty-noinc203-cegar-norootlp/runsolver/runsolver-kat-cop1000-noinc203-order-direct-mdd-tl-extprop8196-s40-cegar-norootlp-20260513-10c9c43b-dirty-q10609-19443392-113-488/values.log
489,competition/2022-2025/COP22to25/ItemsetMining-k1-pendigits_c22.xml.lzma,ItemsetMining,1,0,1,1,,,,,skipped_no_incumbent,0,oom_before_sat,encode,preencode,MO,695.648,688.917,121033312,124612696,141112788,false,false,35072,114,OUT_OF_MEMORY,0:125,00:11:40,,,,0,0,0,,,108,0,22711,5653,0,6085,,,,,,,,892467,7699,1778214,0,0,0,0,1785007,,,,,,,,,,unknown,0,preencode(order-ge),TO,docs/logs/10c9c43b-dirty-noinc203-cegar-norootlp/runsolver/runsolver-kat-cop1000-noinc203-order-direct-mdd-tl-extprop8196-s40-cegar-norootlp-20260513-10c9c43b-dirty-q10609-19443394-114-489/output.log,docs/logs/10c9c43b-dirty-noinc203-cegar-norootlp/runsolver/runsolver-kat-cop1000-noinc203-order-direct-mdd-tl-extprop8196-s40-cegar-norootlp-20260513-10c9c43b-dirty-q10609-19443394-114-489/values.log
490,competition/2022-2025/COP22to25/ItemsetMining-k1-splice-1_c22.xml.lzma,ItemsetMining,1,0,1,1,,,,,skipped_no_incumbent,0,oom_before_sat,encode,preencode,MO,934.832,928.248,124619928,124605632,132748980,false,false,35072,115,OUT_OF_MEMORY,0:125,00:15:38,,,,0,0,0,,,103,0,75998,16235,0,6211,,,,,,,,999779,3476,1998024,0,0,0,0,1999782,,,,,,,,,,unknown,0,preencode(order-ge),TO,docs/logs/10c9c43b-dirty-noinc203-cegar-norootlp/runsolver/runsolver-kat-cop1000-noinc203-order-direct-mdd-tl-extprop8196-s40-cegar-norootlp-20260513-10c9c43b-dirty-q10609-19443395-115-490/output.log,docs/logs/10c9c43b-dirty-noinc203-cegar-norootlp/runsolver/runsolver-kat-cop1000-noinc203-order-direct-mdd-tl-extprop8196-s40-cegar-norootlp-20260513-10c9c43b-dirty-q10609-19443395-115-490/values.log
493,competition/2022-2025/COP22to25/ItemsetMining-k2-german-credit_c22.xml.lzma,ItemsetMining,1,1,1,1,unknown,lower_unsupported_constraints,lower has unsupported constraints: 2,,skipped_no_incumbent,0,unsupported_before_sat,post_lower,post_lower,,13.1501,13.0701,1920240,1923132,2135076,false,false,0,116,COMPLETED,0:0,00:00:16,,,,0,0,0,5439,5439,36,0,10100,2337,,,,,,,,,,,,,,,,,,0,0,0,0,0,0,0,0,0,unknown,0,post_lower,,docs/logs/10c9c43b-dirty-noinc203-cegar-norootlp/runsolver/runsolver-kat-cop1000-noinc203-order-direct-mdd-tl-extprop8196-s40-cegar-norootlp-20260513-10c9c43b-dirty-q10609-19443396-116-493/output.log,docs/logs/10c9c43b-dirty-noinc203-cegar-norootlp/runsolver/runsolver-kat-cop1000-noinc203-order-direct-mdd-tl-extprop8196-s40-cegar-norootlp-20260513-10c9c43b-dirty-q10609-19443396-116-493/values.log
495,competition/2022-2025/COP22to25/ItemsetMining-k2-kr-vs-kp_c22.xml.lzma,ItemsetMining,1,1,1,1,unknown,lower_unsupported_constraints,lower has unsupported constraints: 2,,skipped_no_incumbent,0,unsupported_before_sat,post_lower,post_lower,,27.0926,26.9672,3682552,3685648,4040484,false,false,0,117,COMPLETED,0:0,00:00:31,,,,0,0,0,16253,16253,72,0,21412,4511,,,,,,,,,,,,,,,,,,0,0,0,0,0,0,0,0,0,unknown,0,post_lower,,docs/logs/10c9c43b-dirty-noinc203-cegar-norootlp/runsolver/runsolver-kat-cop1000-noinc203-order-direct-mdd-tl-extprop8196-s40-cegar-norootlp-20260513-10c9c43b-dirty-q10609-19443398-117-495/output.log,docs/logs/10c9c43b-dirty-noinc203-cegar-norootlp/runsolver/runsolver-kat-cop1000-noinc203-order-direct-mdd-tl-extprop8196-s40-cegar-norootlp-20260513-10c9c43b-dirty-q10609-19443398-117-495/values.log
496,competition/2022-2025/COP22to25/ItemsetMining-k2-segment_c22.xml.lzma,ItemsetMining,1,1,1,1,unknown,lower_unsupported_constraints,lower has unsupported constraints: 2,,skipped_no_incumbent,0,unsupported_before_sat,post_lower,post_lower,,16.557,16.4607,1788780,1791884,2131388,false,false,0,118,COMPLETED,0:0,00:00:23,,,,0,0,0,11591,11591,71,0,12535,2550,,,,,,,,,,,,,,,,,,0,0,0,0,0,0,0,0,0,unknown,0,post_lower,,docs/logs/10c9c43b-dirty-noinc203-cegar-norootlp/runsolver/runsolver-kat-cop1000-noinc203-order-direct-mdd-tl-extprop8196-s40-cegar-norootlp-20260513-10c9c43b-dirty-q10609-19443399-118-496/output.log,docs/logs/10c9c43b-dirty-noinc203-cegar-norootlp/runsolver/runsolver-kat-cop1000-noinc203-order-direct-mdd-tl-extprop8196-s40-cegar-norootlp-20260513-10c9c43b-dirty-q10609-19443399-118-496/values.log
498,competition/2022-2025/COP22to25/ItemsetMining-k2-yeast_c22.xml.lzma,ItemsetMining,1,1,1,1,unknown,lower_unsupported_constraints,lower has unsupported constraints: 2,,skipped_no_incumbent,0,unsupported_before_sat,post_lower,post_lower,,5.0421,5.0046,607788,610868,824356,false,false,0,119,COMPLETED,0:0,00:00:12,,,,0,0,0,7635,7635,32,0,3737,771,,,,,,,,,,,,,,,,,,0,0,0,0,0,0,0,0,0,unknown,0,post_lower,,docs/logs/10c9c43b-dirty-noinc203-cegar-norootlp/runsolver/runsolver-kat-cop1000-noinc203-order-direct-mdd-tl-extprop8196-s40-cegar-norootlp-20260513-10c9c43b-dirty-q10609-19443400-119-498/output.log,docs/logs/10c9c43b-dirty-noinc203-cegar-norootlp/runsolver/runsolver-kat-cop1000-noinc203-order-direct-mdd-tl-extprop8196-s40-cegar-norootlp-20260513-10c9c43b-dirty-q10609-19443400-119-498/values.log
513,competition/2022-2025/COP22to25/KMedian-aux-pmed15_c23.xml.lzma,KMedian,1,0,1,1,,,,2996,no_solution,1,incumbent,decode,encode,MO,416.362,411.826,108845480,124592808,135035124,false,false,35072,120,OUT_OF_MEMORY,0:125,00:07:00,,67000,69000,2,2,3961,,,14711,0,32942,2308,0,5556,10093,5523205,21708960,5523205,21708960,0,0,30400,30000,2108299,0,0,1,0,6090400,0,0,0,0,0,0,0,1,0,unknown,0,preencode(order-ge),TO,docs/logs/10c9c43b-dirty-noinc203-cegar-norootlp/runsolver/runsolver-kat-cop1000-noinc203-order-direct-mdd-tl-extprop8196-s40-cegar-norootlp-20260513-10c9c43b-dirty-q10609-19443401-120-513/output.log,docs/logs/10c9c43b-dirty-noinc203-cegar-norootlp/runsolver/runsolver-kat-cop1000-noinc203-order-direct-mdd-tl-extprop8196-s40-cegar-norootlp-20260513-10c9c43b-dirty-q10609-19443401-120-513/values.log
528,competition/2022-2025/COP22to25/LargeScaleScheduling-00100-0_c23.xml.lzma,LargeScaleScheduling,1,1,1,1,unknown,timeout_signal,terminated_by_signal,,skipped_no_incumbent,1,timeout_after_sat,sat,relaxation,TO,1800.47,1793.83,36284948,36062712,43665032,true,false,36608,121,COMPLETED,0:0,00:30:03,,45000,1794000,226,225,1544364,1,1,0,0,0,0,0,0,45556,93265900,93265800,93265900,93265800,0,0,100,0,0,0,0,0,0,0,0,0,0,225,226,225,0,226,0,unknown,1,sat,TO,docs/logs/10c9c43b-dirty-noinc203-cegar-norootlp/runsolver/runsolver-kat-cop1000-noinc203-order-direct-mdd-tl-extprop8196-s40-cegar-norootlp-20260513-10c9c43b-dirty-q10609-19443417-121-528/output.log,docs/logs/10c9c43b-dirty-noinc203-cegar-norootlp/runsolver/runsolver-kat-cop1000-noinc203-order-direct-mdd-tl-extprop8196-s40-cegar-norootlp-20260513-10c9c43b-dirty-q10609-19443417-121-528/values.log
529,competition/2022-2025/COP22to25/LargeScaleScheduling-00200-0_c23.xml.lzma,LargeScaleScheduling,1,0,1,1,,,,,skipped_no_incumbent,0,oom_before_sat,encode,preencode,MO,184.723,183.984,124624088,124618636,143088992,false,false,35072,122,OUT_OF_MEMORY,0:125,00:03:08,,,,0,0,0,,,0,0,0,0,0,0,,,,,,,,200,0,0,0,0,0,0,0,,,,,,,,,,,0,encode,MO,docs/logs/10c9c43b-dirty-noinc203-cegar-norootlp/runsolver/runsolver-kat-cop1000-noinc203-order-direct-mdd-tl-extprop8196-s40-cegar-norootlp-20260513-10c9c43b-dirty-q10609-19443418-122-529/output.log,docs/logs/10c9c43b-dirty-noinc203-cegar-norootlp/runsolver/runsolver-kat-cop1000-noinc203-order-direct-mdd-tl-extprop8196-s40-cegar-norootlp-20260513-10c9c43b-dirty-q10609-19443418-122-529/values.log
530,competition/2022-2025/COP22to25/LargeScaleScheduling-00400-0_c23.xml.lzma,LargeScaleScheduling,1,0,1,1,,,,,skipped_no_incumbent,0,oom_before_sat,encode,preencode,MO,189.273,185.123,108423816,124599172,143088992,false,false,35072,123,OUT_OF_MEMORY,0:125,00:03:12,,,,0,0,0,,,0,0,0,0,0,0,,,,,,,,400,0,0,0,0,0,0,0,,,,,,,,,,,0,encode,MO,docs/logs/10c9c43b-dirty-noinc203-cegar-norootlp/runsolver/runsolver-kat-cop1000-noinc203-order-direct-mdd-tl-extprop8196-s40-cegar-norootlp-20260513-10c9c43b-dirty-q10609-19443426-123-530/output.log,docs/logs/10c9c43b-dirty-noinc203-cegar-norootlp/runsolver/runsolver-kat-cop1000-noinc203-order-direct-mdd-tl-extprop8196-s40-cegar-norootlp-20260513-10c9c43b-dirty-q10609-19443426-123-530/values.log
531,competition/2022-2025/COP22to25/LargeScaleScheduling-00800-0_c23.xml.lzma,LargeScaleScheduling,1,1,1,1,unknown,encode_failed,sat variable count overflow,,skipped_no_incumbent,0,encode_failed_before_sat,encode,preencode,,0.041274,0.018744,6412,0,0,false,false,0,124,COMPLETED,0:0,00:00:05,,,,0,0,0,1,1,0,0,0,0,0,0,,,,,,,,800,0,0,0,0,0,0,0,0,0,0,0,0,0,0,0,0,unknown,0,encode,,docs/logs/10c9c43b-dirty-noinc203-cegar-norootlp/runsolver/runsolver-kat-cop1000-noinc203-order-direct-mdd-tl-extprop8196-s40-cegar-norootlp-20260513-10c9c43b-dirty-q10609-19443444-124-531/output.log,docs/logs/10c9c43b-dirty-noinc203-cegar-norootlp/runsolver/runsolver-kat-cop1000-noinc203-order-direct-mdd-tl-extprop8196-s40-cegar-norootlp-20260513-10c9c43b-dirty-q10609-19443444-124-531/values.log
532,competition/2022-2025/COP22to25/LargeScaleScheduling-01600-0_c23.xml.lzma,LargeScaleScheduling,1,1,1,1,unknown,encode_failed,sat variable count overflow,,skipped_no_incumbent,0,encode_failed_before_sat,encode,preencode,,0.056473,0.023737,7232,0,0,false,false,0,125,COMPLETED,0:0,00:00:05,,,,0,0,0,1,1,1,0,1,0,0,0,,,,,,,,1600,0,0,0,0,0,0,0,0,0,0,0,0,0,0,0,0,unknown,0,encode,,docs/logs/10c9c43b-dirty-noinc203-cegar-norootlp/runsolver/runsolver-kat-cop1000-noinc203-order-direct-mdd-tl-extprop8196-s40-cegar-norootlp-20260513-10c9c43b-dirty-q10609-19443445-125-532/output.log,docs/logs/10c9c43b-dirty-noinc203-cegar-norootlp/runsolver/runsolver-kat-cop1000-noinc203-order-direct-mdd-tl-extprop8196-s40-cegar-norootlp-20260513-10c9c43b-dirty-q10609-19443445-125-532/values.log
533,competition/2022-2025/COP22to25/LargeScaleScheduling-03200-0_c23.xml.lzma,LargeScaleScheduling,1,1,1,1,unknown,encode_failed,sat variable count overflow,,skipped_no_incumbent,0,encode_failed_before_sat,encode,preencode,,0.049683,0.033815,8864,0,0,false,false,0,126,COMPLETED,0:0,00:00:05,,,,0,0,0,1,1,2,0,3,0,0,0,,,,,,,,3200,0,0,0,0,0,0,0,0,0,0,0,0,0,0,0,0,unknown,0,encode,,docs/logs/10c9c43b-dirty-noinc203-cegar-norootlp/runsolver/runsolver-kat-cop1000-noinc203-order-direct-mdd-tl-extprop8196-s40-cegar-norootlp-20260513-10c9c43b-dirty-q10609-19443446-126-533/output.log,docs/logs/10c9c43b-dirty-noinc203-cegar-norootlp/runsolver/runsolver-kat-cop1000-noinc203-order-direct-mdd-tl-extprop8196-s40-cegar-norootlp-20260513-10c9c43b-dirty-q10609-19443446-126-533/values.log
534,competition/2022-2025/COP22to25/LargeScaleScheduling-06400-0_c23.xml.lzma,LargeScaleScheduling,1,1,1,1,unknown,encode_failed,sat variable count overflow,,skipped_no_incumbent,0,encode_failed_before_sat,encode,preencode,,0.073193,0.056404,12556,0,0,false,false,0,127,COMPLETED,0:0,00:00:03,,,,0,0,0,1,1,5,0,6,0,0,1,,,,,,,,6400,0,0,0,0,0,0,0,0,0,0,0,0,0,0,0,0,unknown,0,encode,,docs/logs/10c9c43b-dirty-noinc203-cegar-norootlp/runsolver/runsolver-kat-cop1000-noinc203-order-direct-mdd-tl-extprop8196-s40-cegar-norootlp-20260513-10c9c43b-dirty-q10609-19443447-127-534/output.log,docs/logs/10c9c43b-dirty-noinc203-cegar-norootlp/runsolver/runsolver-kat-cop1000-noinc203-order-direct-mdd-tl-extprop8196-s40-cegar-norootlp-20260513-10c9c43b-dirty-q10609-19443447-127-534/values.log
535,competition/2022-2025/COP22to25/LargeScaleScheduling-12800-0_c23.xml.lzma,LargeScaleScheduling,1,1,1,1,unknown,encode_failed,sat variable count overflow,,skipped_no_incumbent,0,encode_failed_before_sat,encode,preencode,,0.142905,0.104053,20664,0,0,false,false,0,128,COMPLETED,0:0,00:00:05,,,,0,0,0,1,1,10,0,13,0,0,2,,,,,,,,12800,0,0,0,0,0,0,0,0,0,0,0,0,0,0,0,0,unknown,0,encode,,docs/logs/10c9c43b-dirty-noinc203-cegar-norootlp/runsolver/runsolver-kat-cop1000-noinc203-order-direct-mdd-tl-extprop8196-s40-cegar-norootlp-20260513-10c9c43b-dirty-q10609-19443448-128-535/output.log,docs/logs/10c9c43b-dirty-noinc203-cegar-norootlp/runsolver/runsolver-kat-cop1000-noinc203-order-direct-mdd-tl-extprop8196-s40-cegar-norootlp-20260513-10c9c43b-dirty-q10609-19443448-128-535/values.log
536,competition/2022-2025/COP22to25/LargeScaleScheduling-25600-0_c23.xml.lzma,LargeScaleScheduling,1,1,1,1,unknown,encode_failed,sat variable count overflow,,skipped_no_incumbent,0,encode_failed_before_sat,encode,preencode,,0.249089,0.195232,38092,40892,214048,false,false,0,129,COMPLETED,0:0,00:00:05,,,,0,0,0,1,1,20,0,28,0,0,4,,,,,,,,25600,0,0,0,0,0,0,0,0,0,0,0,0,0,0,0,0,unknown,0,encode,,docs/logs/10c9c43b-dirty-noinc203-cegar-norootlp/runsolver/runsolver-kat-cop1000-noinc203-order-direct-mdd-tl-extprop8196-s40-cegar-norootlp-20260513-10c9c43b-dirty-q10609-19443449-129-536/output.log,docs/logs/10c9c43b-dirty-noinc203-cegar-norootlp/runsolver/runsolver-kat-cop1000-noinc203-order-direct-mdd-tl-extprop8196-s40-cegar-norootlp-20260513-10c9c43b-dirty-q10609-19443449-129-536/values.log
543,competition/2022-2025/COP22to25/LitPuzzle-25_c24.xml.lzma,LitPuzzle,1,1,1,1,unknown,timeout_signal,terminated_by_signal,,skipped_no_incumbent,1,timeout_after_sat,sat,encode(order-ge),TO,1800.01,1792,240012,205372,349120,true,false,36608,130,COMPLETED,0:0,00:30:04,,0,0,1,0,0,1250,1250,3,0,7,3,0,1,19,1779,24204,1779,24204,0,0,1250,0,625,0,0,0,0,625,0,0,0,0,0,0,0,1,0,unknown,1,sat,TO,docs/logs/10c9c43b-dirty-noinc203-cegar-norootlp/runsolver/runsolver-kat-cop1000-noinc203-order-direct-mdd-tl-extprop8196-s40-cegar-norootlp-20260513-10c9c43b-dirty-q10609-19443450-130-543/output.log,docs/logs/10c9c43b-dirty-noinc203-cegar-norootlp/runsolver/runsolver-kat-cop1000-noinc203-order-direct-mdd-tl-extprop8196-s40-cegar-norootlp-20260513-10c9c43b-dirty-q10609-19443450-130-543/values.log
545,competition/2022-2025/COP22to25/LitPuzzle-40_c24.xml.lzma,LitPuzzle,1,1,1,1,unknown,timeout_signal,terminated_by_signal,,skipped_no_incumbent,1,timeout_after_sat,sat,encode(order-ge),TO,1800.03,1790.89,183808,173552,329396,true,false,36608,131,COMPLETED,0:0,00:30:05,,0,0,1,0,0,3200,3200,7,0,19,8,0,4,50,4644,64479,4644,64479,0,0,3200,0,1600,0,0,0,0,1600,0,0,0,0,0,0,0,1,0,unknown,1,sat,TO,docs/logs/10c9c43b-dirty-noinc203-cegar-norootlp/runsolver/runsolver-kat-cop1000-noinc203-order-direct-mdd-tl-extprop8196-s40-cegar-norootlp-20260513-10c9c43b-dirty-q10609-19443451-131-545/output.log,docs/logs/10c9c43b-dirty-noinc203-cegar-norootlp/runsolver/runsolver-kat-cop1000-noinc203-order-direct-mdd-tl-extprop8196-s40-cegar-norootlp-20260513-10c9c43b-dirty-q10609-19443451-131-545/values.log
546,competition/2022-2025/COP22to25/LitPuzzle-50_c24.xml.lzma,LitPuzzle,1,1,1,1,unknown,timeout_signal,terminated_by_signal,,skipped_no_incumbent,1,timeout_after_sat,sat,encode(order-ge),TO,1800.12,1791.94,184620,187580,375384,true,false,36608,132,COMPLETED,0:0,00:30:04,,0,0,1,0,0,5000,5000,12,0,30,13,0,7,79,7304,102079,7304,102079,0,0,5000,0,2500,0,0,0,0,2500,0,0,0,0,0,0,0,1,0,unknown,1,sat,TO,docs/logs/10c9c43b-dirty-noinc203-cegar-norootlp/runsolver/runsolver-kat-cop1000-noinc203-order-direct-mdd-tl-extprop8196-s40-cegar-norootlp-20260513-10c9c43b-dirty-q10609-19443452-132-546/output.log,docs/logs/10c9c43b-dirty-noinc203-cegar-norootlp/runsolver/runsolver-kat-cop1000-noinc203-order-direct-mdd-tl-extprop8196-s40-cegar-norootlp-20260513-10c9c43b-dirty-q10609-19443452-132-546/values.log
558,competition/2022-2025/COP22to25/LowAutocorrelation-800_c25.xml.lzma,LowAutocorrelation,1,0,1,1,,,,,skipped_no_incumbent,0,oom_before_sat,encode,preencode,MO,926.65,922.673,117943956,124566104,139275032,false,false,35072,133,OUT_OF_MEMORY,0:125,00:15:33,,,,0,0,0,,,1102,0,21892,6622,0,3137,,,,,,,,959600,0,961197,0,0,0,0,959599,,,,,,,,,,unknown,0,preencode(order-ge),TO,docs/logs/10c9c43b-dirty-noinc203-cegar-norootlp/runsolver/runsolver-kat-cop1000-noinc203-order-direct-mdd-tl-extprop8196-s40-cegar-norootlp-20260513-10c9c43b-dirty-q10609-19443456-133-558/output.log,docs/logs/10c9c43b-dirty-noinc203-cegar-norootlp/runsolver/runsolver-kat-cop1000-noinc203-order-direct-mdd-tl-extprop8196-s40-cegar-norootlp-20260513-10c9c43b-dirty-q10609-19443456-133-558/values.log
572,competition/2022-2025/COP22to25/MaximumDensityOscillatingLife-7-5_c24.xml.lzma,MaximumDensityOscillatingLife,1,1,1,1,unknown,timeout_signal,terminated_by_signal,,skipped_no_incumbent,1,timeout_after_sat,sat,encode(order-ge),TO,1800.01,1791.73,184168,185096,369268,true,false,36608,134,COMPLETED,0:0,00:30:04,,0,0,1,0,0,257,257,52,0,16,0,0,3,24,9783,32141,9783,32141,0,0,405,2492,1782,245,39920,0,0,3255,0,0,0,0,0,0,0,1,0,unknown,1,sat,TO,docs/logs/10c9c43b-dirty-noinc203-cegar-norootlp/runsolver/runsolver-kat-cop1000-noinc203-order-direct-mdd-tl-extprop8196-s40-cegar-norootlp-20260513-10c9c43b-dirty-q10609-19443457-134-572/output.log,docs/logs/10c9c43b-dirty-noinc203-cegar-norootlp/runsolver/runsolver-kat-cop1000-noinc203-order-direct-mdd-tl-extprop8196-s40-cegar-norootlp-20260513-10c9c43b-dirty-q10609-19443457-134-572/values.log
573,competition/2022-2025/COP22to25/MaximumDensityOscillatingLife-7-6_c24.xml.lzma,MaximumDensityOscillatingLife,1,1,1,1,unknown,timeout_signal,terminated_by_signal,,skipped_no_incumbent,1,timeout_after_sat,sat,encode(order-ge),TO,1800.01,1792.18,193276,194204,367836,true,false,36608,135,COMPLETED,0:0,00:30:04,,0,0,1,0,0,307,307,78,0,32,1,0,4,29,11891,38794,11891,38794,0,0,486,3057,2268,294,47904,0,0,3923,0,0,0,0,0,0,0,1,0,unknown,1,sat,TO,docs/logs/10c9c43b-dirty-noinc203-cegar-norootlp/runsolver/runsolver-kat-cop1000-noinc203-order-direct-mdd-tl-extprop8196-s40-cegar-norootlp-20260513-10c9c43b-dirty-q10609-19443458-135-573/output.log,docs/logs/10c9c43b-dirty-noinc203-cegar-norootlp/runsolver/runsolver-kat-cop1000-noinc203-order-direct-mdd-tl-extprop8196-s40-cegar-norootlp-20260513-10c9c43b-dirty-q10609-19443458-135-573/values.log
579,competition/2022-2025/COP22to25/MetabolicNetwork-36_c25.xml.lzma,MetabolicNetwork,1,1,1,1,unknown,timeout_signal,terminated_by_signal,,skipped_no_incumbent,0,timeout_before_sat,encode(order-ge),preencode(order-ge),TO,1800.09,1793.77,219312,222336,412708,true,false,36608,136,COMPLETED,0:0,00:30:04,,,,0,0,0,5244,5244,9,0,1150,402,0,24,,,,,,,,5548,2774,7964,0,0,0,0,10574,0,0,0,0,0,0,0,0,0,unknown,0,encode(order-ge),TO,docs/logs/10c9c43b-dirty-noinc203-cegar-norootlp/runsolver/runsolver-kat-cop1000-noinc203-order-direct-mdd-tl-extprop8196-s40-cegar-norootlp-20260513-10c9c43b-dirty-q10609-19443459-136-579/output.log,docs/logs/10c9c43b-dirty-noinc203-cegar-norootlp/runsolver/runsolver-kat-cop1000-noinc203-order-direct-mdd-tl-extprop8196-s40-cegar-norootlp-20260513-10c9c43b-dirty-q10609-19443459-136-579/values.log
580,competition/2022-2025/COP22to25/MetabolicNetwork-37_c25.xml.lzma,MetabolicNetwork,1,1,1,1,unknown,timeout_signal,terminated_by_signal,,skipped_no_incumbent,0,timeout_before_sat,encode(order-ge),preencode(order-ge),TO,1800.01,1793.9,76496,76980,279584,true,false,36608,137,COMPLETED,0:0,00:30:03,,,,0,0,0,2960,2960,5,0,396,94,0,13,,,,,,,,3600,1800,4717,0,0,0,0,6232,0,0,0,0,0,0,0,0,0,unknown,1,sat,TO,docs/logs/10c9c43b-dirty-noinc203-cegar-norootlp/runsolver/runsolver-kat-cop1000-noinc203-order-direct-mdd-tl-extprop8196-s40-cegar-norootlp-20260513-10c9c43b-dirty-q10609-19443460-137-580/output.log,docs/logs/10c9c43b-dirty-noinc203-cegar-norootlp/runsolver/runsolver-kat-cop1000-noinc203-order-direct-mdd-tl-extprop8196-s40-cegar-norootlp-20260513-10c9c43b-dirty-q10609-19443460-137-580/values.log
581,competition/2022-2025/COP22to25/MetabolicNetwork-38_c25.xml.lzma,MetabolicNetwork,1,1,1,1,unknown,timeout_signal,terminated_by_signal,,skipped_no_incumbent,0,timeout_before_sat,encode(order-ge),preencode(order-ge),TO,1800.02,1793.92,77688,80680,280612,true,false,36608,138,COMPLETED,0:0,00:30:05,,,,0,0,0,3420,3420,5,0,399,160,0,13,,,,,,,,3534,1767,5088,0,0,0,0,6416,0,0,0,0,0,0,0,0,0,unknown,1,sat,TO,docs/logs/10c9c43b-dirty-noinc203-cegar-norootlp/runsolver/runsolver-kat-cop1000-noinc203-order-direct-mdd-tl-extprop8196-s40-cegar-norootlp-20260513-10c9c43b-dirty-q10609-19443461-138-581/output.log,docs/logs/10c9c43b-dirty-noinc203-cegar-norootlp/runsolver/runsolver-kat-cop1000-noinc203-order-direct-mdd-tl-extprop8196-s40-cegar-norootlp-20260513-10c9c43b-dirty-q10609-19443461-138-581/values.log
582,competition/2022-2025/COP22to25/MetabolicNetwork-39_c25.xml.lzma,MetabolicNetwork,1,1,1,1,unknown,timeout_signal,terminated_by_signal,,skipped_no_incumbent,0,timeout_before_sat,encode(order-ge),preencode(order-ge),TO,1800.01,1795.21,88748,89060,279584,true,false,36608,139,COMPLETED,0:0,00:30:05,,,,0,0,0,3627,3627,6,0,479,129,0,15,,,,,,,,3810,1905,5430,0,0,0,0,7006,0,0,0,0,0,0,0,0,0,,0,encode,MO,docs/logs/10c9c43b-dirty-noinc203-cegar-norootlp/runsolver/runsolver-kat-cop1000-noinc203-order-direct-mdd-tl-extprop8196-s40-cegar-norootlp-20260513-10c9c43b-dirty-q10609-19443462-139-582/output.log,docs/logs/10c9c43b-dirty-noinc203-cegar-norootlp/runsolver/runsolver-kat-cop1000-noinc203-order-direct-mdd-tl-extprop8196-s40-cegar-norootlp-20260513-10c9c43b-dirty-q10609-19443462-139-582/values.log
583,competition/2022-2025/COP22to25/MetabolicNetwork-40_c25.xml.lzma,MetabolicNetwork,1,1,1,1,unknown,timeout_signal,terminated_by_signal,,skipped_no_incumbent,0,timeout_before_sat,encode(order-ge),preencode(order-ge),TO,1800.02,1794.92,61516,62416,214048,true,false,36608,140,COMPLETED,0:0,00:30:05,,,,0,0,0,2346,2346,3,0,235,114,0,9,,,,,,,,2402,1201,3453,0,0,0,0,4308,0,0,0,0,0,0,0,0,0,,0,encode,MO,docs/logs/10c9c43b-dirty-noinc203-cegar-norootlp/runsolver/runsolver-kat-cop1000-noinc203-order-direct-mdd-tl-extprop8196-s40-cegar-norootlp-20260513-10c9c43b-dirty-q10609-19443463-140-583/output.log,docs/logs/10c9c43b-dirty-noinc203-cegar-norootlp/runsolver/runsolver-kat-cop1000-noinc203-order-direct-mdd-tl-extprop8196-s40-cegar-norootlp-20260513-10c9c43b-dirty-q10609-19443463-140-583/values.log
585,competition/2022-2025/COP22to25/MetabolicNetwork-43_c25.xml.lzma,MetabolicNetwork,1,1,1,1,unknown,timeout_signal,terminated_by_signal,,skipped_no_incumbent,0,timeout_before_sat,encode(order-ge),preencode(order-ge),TO,1800.11,1795.07,77904,77372,279584,true,false,15,141,COMPLETED,0:0,00:30:04,,,,0,0,0,3049,3049,5,0,364,134,0,12,,,,,,,,3290,1645,4626,0,0,0,0,6056,0,0,0,0,0,0,0,0,0,,0,encode,MO,docs/logs/10c9c43b-dirty-noinc203-cegar-norootlp/runsolver/runsolver-kat-cop1000-noinc203-order-direct-mdd-tl-extprop8196-s40-cegar-norootlp-20260513-10c9c43b-dirty-q10609-19443465-141-585/output.log,docs/logs/10c9c43b-dirty-noinc203-cegar-norootlp/runsolver/runsolver-kat-cop1000-noinc203-order-direct-mdd-tl-extprop8196-s40-cegar-norootlp-20260513-10c9c43b-dirty-q10609-19443465-141-585/values.log
586,competition/2022-2025/COP22to25/MetabolicNetwork-45_c25.xml.lzma,MetabolicNetwork,1,1,1,1,unknown,timeout_signal,terminated_by_signal,,skipped_no_incumbent,0,timeout_before_sat,encode(order-ge),preencode(order-ge),TO,1800.01,1794.3,82932,84092,280612,true,false,36608,142,COMPLETED,0:0,00:30:04,,,,0,0,0,3695,3695,6,0,456,146,0,15,,,,,,,,3816,1908,5497,0,0,0,0,7092,0,0,0,0,0,0,0,0,0,unknown,1,sat,TO,docs/logs/10c9c43b-dirty-noinc203-cegar-norootlp/runsolver/runsolver-kat-cop1000-noinc203-order-direct-mdd-tl-extprop8196-s40-cegar-norootlp-20260513-10c9c43b-dirty-q10609-19443466-142-586/output.log,docs/logs/10c9c43b-dirty-noinc203-cegar-norootlp/runsolver/runsolver-kat-cop1000-noinc203-order-direct-mdd-tl-extprop8196-s40-cegar-norootlp-20260513-10c9c43b-dirty-q10609-19443466-142-586/values.log
587,competition/2022-2025/COP22to25/MetabolicNetwork-47_c25.xml.lzma,MetabolicNetwork,1,1,1,1,unknown,timeout_signal,terminated_by_signal,,skipped_no_incumbent,0,timeout_before_sat,encode(order-ge),preencode(order-ge),TO,1800.09,1793.9,92128,87844,279584,true,false,36608,143,COMPLETED,0:0,00:30:07,,,,0,0,0,3575,3575,6,0,504,191,0,15,,,,,,,,3812,1906,5422,0,0,0,0,7074,0,0,0,0,0,0,0,0,0,,0,encode,MO,docs/logs/10c9c43b-dirty-noinc203-cegar-norootlp/runsolver/runsolver-kat-cop1000-noinc203-order-direct-mdd-tl-extprop8196-s40-cegar-norootlp-20260513-10c9c43b-dirty-q10609-19443467-143-587/output.log,docs/logs/10c9c43b-dirty-noinc203-cegar-norootlp/runsolver/runsolver-kat-cop1000-noinc203-order-direct-mdd-tl-extprop8196-s40-cegar-norootlp-20260513-10c9c43b-dirty-q10609-19443467-143-587/values.log
588,competition/2022-2025/COP22to25/MetabolicNetwork-49_c25.xml.lzma,MetabolicNetwork,1,1,1,1,unknown,timeout_signal,terminated_by_signal,,skipped_no_incumbent,0,timeout_before_sat,encode(order-ge),preencode(order-ge),TO,1800.02,1793.57,236472,239432,478244,true,false,36608,144,COMPLETED,0:0,00:30:05,,,,0,0,0,5292,5292,8,0,1181,404,0,23,,,,,,,,5378,2689,7819,0,0,0,0,10355,0,0,0,0,0,0,0,0,0,,0,encode,MO,docs/logs/10c9c43b-dirty-noinc203-cegar-norootlp/runsolver/runsolver-kat-cop1000-noinc203-order-direct-mdd-tl-extprop8196-s40-cegar-norootlp-20260513-10c9c43b-dirty-q10609-19443487-144-588/output.log,docs/logs/10c9c43b-dirty-noinc203-cegar-norootlp/runsolver/runsolver-kat-cop1000-noinc203-order-direct-mdd-tl-extprop8196-s40-cegar-norootlp-20260513-10c9c43b-dirty-q10609-19443487-144-588/values.log
627,competition/2022-2025/COP22to25/NurseRostering-19_c22.xml.lzma,NurseRostering,1,0,1,1,,,,,skipped_no_incumbent,0,oom_before_sat,encode,preencode,MO,603.644,595.578,120219804,124608064,145504528,false,false,35072,145,OUT_OF_MEMORY,0:125,00:10:09,,,,0,0,0,,,123,0,1026,226,0,281,,,,,,,,91454,0,144518,23732,154665,0,0,129485,,,,,,,,,,unknown,1,sat,TO,docs/logs/10c9c43b-dirty-noinc203-cegar-norootlp/runsolver/runsolver-kat-cop1000-noinc203-order-direct-mdd-tl-extprop8196-s40-cegar-norootlp-20260513-10c9c43b-dirty-q10609-19443488-145-627/output.log,docs/logs/10c9c43b-dirty-noinc203-cegar-norootlp/runsolver/runsolver-kat-cop1000-noinc203-order-direct-mdd-tl-extprop8196-s40-cegar-norootlp-20260513-10c9c43b-dirty-q10609-19443488-145-627/values.log
628,competition/2022-2025/COP22to25/NurseRostering-20_c22.xml.lzma,NurseRostering,1,0,1,1,,,,,skipped_no_incumbent,0,oom_before_sat,encode,preencode,MO,641.854,638.193,121671976,124605300,138940560,false,false,35072,146,OUT_OF_MEMORY,0:125,00:10:46,,,,0,0,0,,,394,0,4102,1003,0,913,,,,,,,,268926,0,443277,64132,532130,0,0,382140,,,,,,,,,,unknown,1,sat,TO,docs/logs/10c9c43b-dirty-noinc203-cegar-norootlp/runsolver/runsolver-kat-cop1000-noinc203-order-direct-mdd-tl-extprop8196-s40-cegar-norootlp-20260513-10c9c43b-dirty-q10609-19443489-146-628/output.log,docs/logs/10c9c43b-dirty-noinc203-cegar-norootlp/runsolver/runsolver-kat-cop1000-noinc203-order-direct-mdd-tl-extprop8196-s40-cegar-norootlp-20260513-10c9c43b-dirty-q10609-19443489-146-628/values.log
635,competition/2022-2025/COP22to25/NursingWorkload-3zones0_c22.xml.lzma,NursingWorkload,1,0,1,1,,,,106863,no_solution,1,incumbent,decode,encode,MO,654.683,649.783,108530032,124586456,172190304,false,false,35072,147,OUT_OF_MEMORY,0:125,00:10:59,,2000,317000,3,3,314918,,,0,0,25,4,0,9,2842,90309,10462036,90309,10462036,0,0,1317,630,3788,0,0,0,0,3632,0,0,0,0,0,0,0,2,0,unknown,1,sat,TO,docs/logs/10c9c43b-dirty-noinc203-cegar-norootlp/runsolver/runsolver-kat-cop1000-noinc203-order-direct-mdd-tl-extprop8196-s40-cegar-norootlp-20260513-10c9c43b-dirty-q10609-19443490-147-635/output.log,docs/logs/10c9c43b-dirty-noinc203-cegar-norootlp/runsolver/runsolver-kat-cop1000-noinc203-order-direct-mdd-tl-extprop8196-s40-cegar-norootlp-20260513-10c9c43b-dirty-q10609-19443490-147-635/values.log
638,competition/2022-2025/COP22to25/NursingWorkload-3zones3_c22.xml.lzma,NursingWorkload,1,0,1,1,,,,123375,no_solution,1,incumbent,decode,encode,MO,429.394,427.619,124625328,124618836,172329348,false,false,35072,148,OUT_OF_MEMORY,0:125,00:07:13,,3000,95000,2,2,91617,,,0,0,28,4,0,11,3837,113291,14445217,113291,14445217,0,0,1487,714,4224,0,0,0,0,4158,0,0,0,0,0,0,0,1,0,unknown,1,sat,TO,docs/logs/10c9c43b-dirty-noinc203-cegar-norootlp/runsolver/runsolver-kat-cop1000-noinc203-order-direct-mdd-tl-extprop8196-s40-cegar-norootlp-20260513-10c9c43b-dirty-q10609-19443495-148-638/output.log,docs/logs/10c9c43b-dirty-noinc203-cegar-norootlp/runsolver/runsolver-kat-cop1000-noinc203-order-direct-mdd-tl-extprop8196-s40-cegar-norootlp-20260513-10c9c43b-dirty-q10609-19443495-148-638/values.log
639,competition/2022-2025/COP22to25/NursingWorkload-3zones4_c22.xml.lzma,NursingWorkload,1,1,1,1,unknown,timeout_signal,terminated_by_signal,,skipped_no_incumbent,1,timeout_after_sat,sat,encode(order-ge),TO,1800.16,1789.63,1528096,1531144,1749188,true,false,36608,149,COMPLETED,0:0,00:30:06,,4000,4000,1,0,0,625,625,0,0,31,5,0,12,4319,122895,15816905,122895,15816905,0,0,1609,774,4545,0,0,0,0,4596,0,0,0,0,0,0,0,1,0,unknown,1,sat,TO,docs/logs/10c9c43b-dirty-noinc203-cegar-norootlp/runsolver/runsolver-kat-cop1000-noinc203-order-direct-mdd-tl-extprop8196-s40-cegar-norootlp-20260513-10c9c43b-dirty-q10609-19443504-149-639/output.log,docs/logs/10c9c43b-dirty-noinc203-cegar-norootlp/runsolver/runsolver-kat-cop1000-noinc203-order-direct-mdd-tl-extprop8196-s40-cegar-norootlp-20260513-10c9c43b-dirty-q10609-19443504-149-639/values.log
640,competition/2022-2025/COP22to25/NursingWorkload-6zones_c22.xml.lzma,NursingWorkload,1,1,1,1,unknown,timeout_signal,terminated_by_signal,,skipped_no_incumbent,1,timeout_after_sat,sat,encode(order-ge),TO,1800.29,1788.59,10706700,10709636,11291212,true,false,36608,150,COMPLETED,0:0,00:30:04,,32000,32000,1,0,0,2567,2567,3,0,172,34,0,44,32514,539860,117296618,539860,117296618,0,0,4945,2418,14746,0,0,0,0,13852,0,0,0,0,0,0,0,1,0,unknown,1,sat,TO,docs/logs/10c9c43b-dirty-noinc203-cegar-norootlp/runsolver/runsolver-kat-cop1000-noinc203-order-direct-mdd-tl-extprop8196-s40-cegar-norootlp-20260513-10c9c43b-dirty-q10609-19443515-150-640/output.log,docs/logs/10c9c43b-dirty-noinc203-cegar-norootlp/runsolver/runsolver-kat-cop1000-noinc203-order-direct-mdd-tl-extprop8196-s40-cegar-norootlp-20260513-10c9c43b-dirty-q10609-19443515-150-640/values.log
669,competition/2022-2025/COP22to25/Pyramid-12-10000_c24.xml.lzma,Pyramid,1,0,1,1,,,,,skipped_no_incumbent,0,oom_before_sat,encode,preencode,MO,658.221,654.489,124314988,124551124,148911168,false,false,35072,151,OUT_OF_MEMORY,0:125,00:11:02,,,,0,0,0,,,0,0,4,0,0,3,,,,,,,,144,0,3226,0,0,0,0,3071,,,,,,,,,,unknown,1,sat,TO,docs/logs/10c9c43b-dirty-noinc203-cegar-norootlp/runsolver/runsolver-kat-cop1000-noinc203-order-direct-mdd-tl-extprop8196-s40-cegar-norootlp-20260513-10c9c43b-dirty-q10609-19443516-151-669/output.log,docs/logs/10c9c43b-dirty-noinc203-cegar-norootlp/runsolver/runsolver-kat-cop1000-noinc203-order-direct-mdd-tl-extprop8196-s40-cegar-norootlp-20260513-10c9c43b-dirty-q10609-19443516-151-669/values.log
670,competition/2022-2025/COP22to25/Pyramid-13-20000_c24.xml.lzma,Pyramid,1,0,1,1,,,,,skipped_no_incumbent,0,oom_before_sat,encode,preencode,MO,654.88,637.484,98588768,124554584,148707632,false,false,35072,152,OUT_OF_MEMORY,0:125,00:10:59,,,,0,0,0,,,0,0,5,1,0,5,,,,,,,,169,0,4356,0,0,0,0,4175,,,,,,,,,,unknown,1,sat,TO,docs/logs/10c9c43b-dirty-noinc203-cegar-norootlp/runsolver/runsolver-kat-cop1000-noinc203-order-direct-mdd-tl-extprop8196-s40-cegar-norootlp-20260513-10c9c43b-dirty-q10609-19443540-152-670/output.log,docs/logs/10c9c43b-dirty-noinc203-cegar-norootlp/runsolver/runsolver-kat-cop1000-noinc203-order-direct-mdd-tl-extprop8196-s40-cegar-norootlp-20260513-10c9c43b-dirty-q10609-19443540-152-670/values.log
671,competition/2022-2025/COP22to25/Pyramid-14-45000_c24.xml.lzma,Pyramid,1,0,1,1,,,,,skipped_no_incumbent,0,oom_before_sat,encode,preencode,MO,473.435,471.351,124615244,124598420,128340760,false,false,35072,153,OUT_OF_MEMORY,0:125,00:07:58,,,,0,0,0,,,0,0,6,1,0,7,,,,,,,,196,0,5762,0,0,0,0,5553,,,,,,,,,,unknown,1,sat,TO,docs/logs/10c9c43b-dirty-noinc203-cegar-norootlp/runsolver/runsolver-kat-cop1000-noinc203-order-direct-mdd-tl-extprop8196-s40-cegar-norootlp-20260513-10c9c43b-dirty-q10609-19443542-153-671/output.log,docs/logs/10c9c43b-dirty-noinc203-cegar-norootlp/runsolver/runsolver-kat-cop1000-noinc203-order-direct-mdd-tl-extprop8196-s40-cegar-norootlp-20260513-10c9c43b-dirty-q10609-19443542-153-671/values.log
672,competition/2022-2025/COP22to25/Pyramid-15-80000_c24.xml.lzma,Pyramid,1,0,1,1,,,,,skipped_no_incumbent,0,oom_before_sat,encode,preencode,MO,693.252,687.897,123130072,124607236,129483836,false,false,35072,154,OUT_OF_MEMORY,0:125,00:11:36,,,,0,0,0,,,0,0,9,1,0,10,,,,,,,,225,0,7486,0,0,0,0,7247,,,,,,,,,,unknown,1,sat,TO,docs/logs/10c9c43b-dirty-noinc203-cegar-norootlp/runsolver/runsolver-kat-cop1000-noinc203-order-direct-mdd-tl-extprop8196-s40-cegar-norootlp-20260513-10c9c43b-dirty-q10609-19443548-154-672/output.log,docs/logs/10c9c43b-dirty-noinc203-cegar-norootlp/runsolver/runsolver-kat-cop1000-noinc203-order-direct-mdd-tl-extprop8196-s40-cegar-norootlp-20260513-10c9c43b-dirty-q10609-19443548-154-672/values.log
673,competition/2022-2025/COP22to25/Pyramid-16-200000_c24.xml.lzma,Pyramid,1,0,1,1,,,,,skipped_no_incumbent,0,oom_before_sat,encode,preencode,MO,618.08,613.926,121670520,124597644,130373892,false,false,35072,155,OUT_OF_MEMORY,0:125,00:10:21,,,,0,0,0,,,0,0,10,2,0,13,,,,,,,,256,0,9573,0,0,0,0,9302,,,,,,,,,,,0,encode,MO,docs/logs/10c9c43b-dirty-noinc203-cegar-norootlp/runsolver/runsolver-kat-cop1000-noinc203-order-direct-mdd-tl-extprop8196-s40-cegar-norootlp-20260513-10c9c43b-dirty-q10609-19443549-155-673/output.log,docs/logs/10c9c43b-dirty-noinc203-cegar-norootlp/runsolver/runsolver-kat-cop1000-noinc203-order-direct-mdd-tl-extprop8196-s40-cegar-norootlp-20260513-10c9c43b-dirty-q10609-19443549-155-673/values.log
724,competition/2022-2025/COP22to25/RoadefPlaning2-2022-10_c25.xml.lzma,RoadefPlaning2,1,1,1,1,unknown,timeout_signal,terminated_by_signal,,skipped_no_incumbent,1,timeout_after_sat,sat,encode(order-ge),TO,1800.12,1792.11,206728,205032,352936,true,false,36608,156,COMPLETED,0:0,00:30:04,,0,0,1,0,0,171,171,1,0,18,5,0,3,19,13989,39179,13989,39179,0,0,1394,10,2728,72,1152,0,0,1588,0,0,0,0,0,0,0,1,0,unknown,1,sat,TO,docs/logs/10c9c43b-dirty-noinc203-cegar-norootlp/runsolver/runsolver-kat-cop1000-noinc203-order-direct-mdd-tl-extprop8196-s40-cegar-norootlp-20260513-10c9c43b-dirty-q10609-19443550-156-724/output.log,docs/logs/10c9c43b-dirty-noinc203-cegar-norootlp/runsolver/runsolver-kat-cop1000-noinc203-order-direct-mdd-tl-extprop8196-s40-cegar-norootlp-20260513-10c9c43b-dirty-q10609-19443550-156-724/values.log
728,competition/2022-2025/COP22to25/RoadefPlaning2-2023-12_c25.xml.lzma,RoadefPlaning2,1,0,1,1,,,,,skipped_no_incumbent,0,oom_before_sat,encode,preencode,MO,837.962,833.316,121673688,124617836,135387152,false,false,35072,157,OUT_OF_MEMORY,0:125,00:14:04,,,,0,0,0,,,1,0,32,7,0,8,,,,,,,,2070,22,4188,83,1577,0,0,2993,,,,,,,,,,unknown,1,sat,TO,docs/logs/10c9c43b-dirty-noinc203-cegar-norootlp/runsolver/runsolver-kat-cop1000-noinc203-order-direct-mdd-tl-extprop8196-s40-cegar-norootlp-20260513-10c9c43b-dirty-q10609-19443551-157-728/output.log,docs/logs/10c9c43b-dirty-noinc203-cegar-norootlp/runsolver/runsolver-kat-cop1000-noinc203-order-direct-mdd-tl-extprop8196-s40-cegar-norootlp-20260513-10c9c43b-dirty-q10609-19443551-157-728/values.log
731,competition/2022-2025/COP22to25/RoadefPlaning2-2024-10_c25.xml.lzma,RoadefPlaning2,1,0,1,1,,,,,skipped_no_incumbent,0,oom_before_sat,encode,preencode,MO,826.999,812.665,120217552,124525340,145872716,false,false,35072,158,OUT_OF_MEMORY,0:125,00:13:52,,,,0,0,0,,,1,0,27,6,0,7,,,,,,,,1920,12,3770,75,1404,0,0,2513,,,,,,,,,,unknown,1,sat,TO,docs/logs/10c9c43b-dirty-noinc203-cegar-norootlp/runsolver/runsolver-kat-cop1000-noinc203-order-direct-mdd-tl-extprop8196-s40-cegar-norootlp-20260513-10c9c43b-dirty-q10609-19443552-158-731/output.log,docs/logs/10c9c43b-dirty-noinc203-cegar-norootlp/runsolver/runsolver-kat-cop1000-noinc203-order-direct-mdd-tl-extprop8196-s40-cegar-norootlp-20260513-10c9c43b-dirty-q10609-19443552-158-731/values.log
746,competition/2022-2025/COP22to25/RubiksCube-10-4-20-1_c24.xml.lzma,RubiksCube,1,1,1,1,unknown,timeout_signal,terminated_by_signal,,skipped_no_incumbent,1,timeout_after_sat,sat,encode(order-ge),TO,1800.14,1790.94,137816,127516,279844,true,false,36608,159,COMPLETED,0:0,00:30:03,,0,0,1,0,0,215,215,1,0,8,0,0,1,14,8808,36890,8808,36890,0,0,232,1683,943,1,21,20,0,3445,0,0,0,0,0,0,0,1,0,unknown,1,sat,TO,docs/logs/10c9c43b-dirty-noinc203-cegar-norootlp/runsolver/runsolver-kat-cop1000-noinc203-order-direct-mdd-tl-extprop8196-s40-cegar-norootlp-20260513-10c9c43b-dirty-q10609-19443555-159-746/output.log,docs/logs/10c9c43b-dirty-noinc203-cegar-norootlp/runsolver/runsolver-kat-cop1000-noinc203-order-direct-mdd-tl-extprop8196-s40-cegar-norootlp-20260513-10c9c43b-dirty-q10609-19443555-159-746/values.log
747,competition/2022-2025/COP22to25/RubiksCube-10-4-20-2_c24.xml.lzma,RubiksCube,1,1,1,1,unknown,timeout_signal,terminated_by_signal,,skipped_no_incumbent,1,timeout_after_sat,sat,encode(order-ge),TO,1800.01,1793.35,139844,142868,288500,true,false,36608,160,COMPLETED,0:0,00:30:03,,0,0,1,0,0,215,215,1,0,8,0,0,1,14,8808,36890,8808,36890,0,0,232,1683,943,1,21,20,0,3445,0,0,0,0,0,0,0,1,0,unknown,1,sat,TO,docs/logs/10c9c43b-dirty-noinc203-cegar-norootlp/runsolver/runsolver-kat-cop1000-noinc203-order-direct-mdd-tl-extprop8196-s40-cegar-norootlp-20260513-10c9c43b-dirty-q10609-19443556-160-747/output.log,docs/logs/10c9c43b-dirty-noinc203-cegar-norootlp/runsolver/runsolver-kat-cop1000-noinc203-order-direct-mdd-tl-extprop8196-s40-cegar-norootlp-20260513-10c9c43b-dirty-q10609-19443556-160-747/values.log
750,competition/2022-2025/COP22to25/RubiksCube-11-4-20-1_c24.xml.lzma,RubiksCube,1,1,1,1,unknown,timeout_signal,terminated_by_signal,,skipped_no_incumbent,1,timeout_after_sat,sat,encode(order-ge),TO,1800.03,1791.5,167328,170364,365836,true,false,36608,161,COMPLETED,0:0,00:30:05,,0,0,1,0,0,234,234,1,0,9,0,0,2,17,10580,45515,10580,45515,0,0,253,2064,1058,1,21,20,0,4207,0,0,0,0,0,0,0,1,0,unknown,1,sat,TO,docs/logs/10c9c43b-dirty-noinc203-cegar-norootlp/runsolver/runsolver-kat-cop1000-noinc203-order-direct-mdd-tl-extprop8196-s40-cegar-norootlp-20260513-10c9c43b-dirty-q10609-19443558-161-750/output.log,docs/logs/10c9c43b-dirty-noinc203-cegar-norootlp/runsolver/runsolver-kat-cop1000-noinc203-order-direct-mdd-tl-extprop8196-s40-cegar-norootlp-20260513-10c9c43b-dirty-q10609-19443558-161-750/values.log
751,competition/2022-2025/COP22to25/RubiksCube-11-4-20-2_c24.xml.lzma,RubiksCube,1,1,1,1,unknown,timeout_signal,terminated_by_signal,,skipped_no_incumbent,1,timeout_after_sat,sat,encode(order-ge),TO,1800.16,1791.32,156740,159744,311616,true,false,36608,162,COMPLETED,0:0,00:30:06,,0,0,1,0,0,234,234,1,0,9,0,0,2,17,10580,45515,10580,45515,0,0,253,2064,1058,1,21,20,0,4207,0,0,0,0,0,0,0,1,0,unknown,1,sat,TO,docs/logs/10c9c43b-dirty-noinc203-cegar-norootlp/runsolver/runsolver-kat-cop1000-noinc203-order-direct-mdd-tl-extprop8196-s40-cegar-norootlp-20260513-10c9c43b-dirty-q10609-19443563-162-751/output.log,docs/logs/10c9c43b-dirty-noinc203-cegar-norootlp/runsolver/runsolver-kat-cop1000-noinc203-order-direct-mdd-tl-extprop8196-s40-cegar-norootlp-20260513-10c9c43b-dirty-q10609-19443563-162-751/values.log
753,competition/2022-2025/COP22to25/RubiksCube-12-4-20-0_c24.xml.lzma,RubiksCube,1,1,1,1,unknown,timeout_signal,terminated_by_signal,,skipped_no_incumbent,1,timeout_after_sat,sat,encode(order-ge),TO,1800.05,1791.76,183896,187012,328248,true,false,36608,163,COMPLETED,0:0,00:30:07,,0,0,1,0,0,253,253,1,0,11,0,0,2,20,12504,55034,12504,55034,0,0,274,2483,1173,1,21,20,0,5045,0,0,0,0,0,0,0,1,0,unknown,1,sat,TO,docs/logs/10c9c43b-dirty-noinc203-cegar-norootlp/runsolver/runsolver-kat-cop1000-noinc203-order-direct-mdd-tl-extprop8196-s40-cegar-norootlp-20260513-10c9c43b-dirty-q10609-19443603-163-753/output.log,docs/logs/10c9c43b-dirty-noinc203-cegar-norootlp/runsolver/runsolver-kat-cop1000-noinc203-order-direct-mdd-tl-extprop8196-s40-cegar-norootlp-20260513-10c9c43b-dirty-q10609-19443603-163-753/values.log
755,competition/2022-2025/COP22to25/RubiksCube-12-4-20-2_c24.xml.lzma,RubiksCube,1,1,1,1,unknown,timeout_signal,terminated_by_signal,,skipped_no_incumbent,1,timeout_after_sat,sat,encode(order-ge),TO,1800.01,1793.03,205824,207988,386304,true,false,15,164,COMPLETED,0:0,00:30:02,,0,0,1,0,0,253,253,1,0,11,0,0,2,21,12504,55034,12504,55034,0,0,274,2483,1173,1,21,20,0,5045,0,0,0,0,0,0,0,1,0,unknown,1,sat,TO,docs/logs/10c9c43b-dirty-noinc203-cegar-norootlp/runsolver/runsolver-kat-cop1000-noinc203-order-direct-mdd-tl-extprop8196-s40-cegar-norootlp-20260513-10c9c43b-dirty-q10609-19443605-164-755/output.log,docs/logs/10c9c43b-dirty-noinc203-cegar-norootlp/runsolver/runsolver-kat-cop1000-noinc203-order-direct-mdd-tl-extprop8196-s40-cegar-norootlp-20260513-10c9c43b-dirty-q10609-19443605-164-755/values.log
756,competition/2022-2025/COP22to25/RubiksCube-13-4-20-0_c24.xml.lzma,RubiksCube,1,1,1,1,unknown,timeout_signal,terminated_by_signal,,skipped_no_incumbent,1,timeout_after_sat,sat,encode(order-ge),TO,1800.05,1789.5,148532,149516,327440,true,false,36608,165,COMPLETED,0:0,00:30:04,,0,0,1,0,0,272,272,2,0,13,0,0,2,24,14580,65447,14580,65447,0,0,295,2940,1288,1,21,20,0,5959,0,0,0,0,0,0,0,1,0,unknown,1,sat,TO,docs/logs/10c9c43b-dirty-noinc203-cegar-norootlp/runsolver/runsolver-kat-cop1000-noinc203-order-direct-mdd-tl-extprop8196-s40-cegar-norootlp-20260513-10c9c43b-dirty-q10609-19443607-165-756/output.log,docs/logs/10c9c43b-dirty-noinc203-cegar-norootlp/runsolver/runsolver-kat-cop1000-noinc203-order-direct-mdd-tl-extprop8196-s40-cegar-norootlp-20260513-10c9c43b-dirty-q10609-19443607-165-756/values.log
757,competition/2022-2025/COP22to25/RubiksCube-13-4-20-1_c24.xml.lzma,RubiksCube,1,1,1,1,unknown,timeout_signal,terminated_by_signal,,skipped_no_incumbent,1,timeout_after_sat,sat,encode(order-ge),TO,1800.11,1791.61,169580,146324,345712,true,false,36608,166,COMPLETED,0:0,00:30:08,,0,0,1,0,0,272,272,2,0,13,0,0,2,24,14580,65447,14580,65447,0,0,295,2940,1288,1,21,20,0,5959,0,0,0,0,0,0,0,1,0,unknown,1,sat,TO,docs/logs/10c9c43b-dirty-noinc203-cegar-norootlp/runsolver/runsolver-kat-cop1000-noinc203-order-direct-mdd-tl-extprop8196-s40-cegar-norootlp-20260513-10c9c43b-dirty-q10609-19443610-166-757/output.log,docs/logs/10c9c43b-dirty-noinc203-cegar-norootlp/runsolver/runsolver-kat-cop1000-noinc203-order-direct-mdd-tl-extprop8196-s40-cegar-norootlp-20260513-10c9c43b-dirty-q10609-19443610-166-757/values.log
758,competition/2022-2025/COP22to25/RubiksCube-13-4-20-2_c24.xml.lzma,RubiksCube,1,1,1,1,unknown,timeout_signal,terminated_by_signal,,skipped_no_incumbent,1,timeout_after_sat,sat,encode(order-ge),TO,1800.04,1790.22,172692,175824,365464,true,false,36608,167,COMPLETED,0:0,00:30:05,,0,0,1,0,0,272,272,2,0,13,0,0,2,24,14580,65447,14580,65447,0,0,295,2940,1288,1,21,20,0,5959,0,0,0,0,0,0,0,1,0,unknown,1,sat,TO,docs/logs/10c9c43b-dirty-noinc203-cegar-norootlp/runsolver/runsolver-kat-cop1000-noinc203-order-direct-mdd-tl-extprop8196-s40-cegar-norootlp-20260513-10c9c43b-dirty-q10609-19443613-167-758/output.log,docs/logs/10c9c43b-dirty-noinc203-cegar-norootlp/runsolver/runsolver-kat-cop1000-noinc203-order-direct-mdd-tl-extprop8196-s40-cegar-norootlp-20260513-10c9c43b-dirty-q10609-19443613-167-758/values.log
759,competition/2022-2025/COP22to25/Rulemining-fmeas--hab-10-2_c23.xml.lzma,Rulemining,1,0,1,1,,,,,skipped_no_incumbent,0,oom_before_sat,encode,preencode,MO,749.548,745.443,121689796,124611732,137130416,false,false,35072,168,OUT_OF_MEMORY,0:125,00:12:33,,,,0,0,0,,,199,0,68,8,0,37,,,,,,,,7909,5532,12137,4880,352640,10,0,21799,,,,,,,,,,unknown,1,sat,TO,docs/logs/10c9c43b-dirty-noinc203-cegar-norootlp/runsolver/runsolver-kat-cop1000-noinc203-order-direct-mdd-tl-extprop8196-s40-cegar-norootlp-20260513-10c9c43b-dirty-q10609-19443619-168-759/output.log,docs/logs/10c9c43b-dirty-noinc203-cegar-norootlp/runsolver/runsolver-kat-cop1000-noinc203-order-direct-mdd-tl-extprop8196-s40-cegar-norootlp-20260513-10c9c43b-dirty-q10609-19443619-168-759/values.log
772,competition/2022-2025/COP22to25/SREFLP-Cl30_c23.xml.lzma,SREFLP,1,0,1,1,,,,337410,no_solution,1,incumbent,decode,encode,MO,278.744,277.688,124619584,124615588,141190296,false,false,35072,169,OUT_OF_MEMORY,0:125,00:04:44,,2000,3000,2,2,196,,,1,0,1656,71,0,64,1080,298280,2582534,298280,2582534,0,0,872,0,4554,30,900,1,0,365837,0,0,0,0,0,0,0,1,0,unknown,1,sat,TO,docs/logs/10c9c43b-dirty-noinc203-cegar-norootlp/runsolver/runsolver-kat-cop1000-noinc203-order-direct-mdd-tl-extprop8196-s40-cegar-norootlp-20260513-10c9c43b-dirty-q10609-19443639-169-772/output.log,docs/logs/10c9c43b-dirty-noinc203-cegar-norootlp/runsolver/runsolver-kat-cop1000-noinc203-order-direct-mdd-tl-extprop8196-s40-cegar-norootlp-20260513-10c9c43b-dirty-q10609-19443639-169-772/values.log
788,competition/2022-2025/COP22to25/SameQueensKnights-b-30_c24.xml.lzma,SameQueensKnights,1,0,1,1,,,,,skipped_no_incumbent,0,oom_before_sat,encode,preencode,MO,812.647,804.699,117431036,124607304,130750988,false,false,35072,170,OUT_OF_MEMORY,0:125,00:13:38,,,,0,0,0,,,7,0,1146,256,0,157,,,,,,,,2702,1800,7202,0,0,0,0,7202,,,,,,,,,,unknown,1,sat,TO,docs/logs/10c9c43b-dirty-noinc203-cegar-norootlp/runsolver/runsolver-kat-cop1000-noinc203-order-direct-mdd-tl-extprop8196-s40-cegar-norootlp-20260513-10c9c43b-dirty-q10609-19443640-170-788/output.log,docs/logs/10c9c43b-dirty-noinc203-cegar-norootlp/runsolver/runsolver-kat-cop1000-noinc203-order-direct-mdd-tl-extprop8196-s40-cegar-norootlp-20260513-10c9c43b-dirty-q10609-19443640-170-788/values.log
789,competition/2022-2025/COP22to25/SameQueensKnights-b-35_c24.xml.lzma,SameQueensKnights,1,0,1,1,,,,,skipped_no_incumbent,0,oom_before_sat,encode,preencode,MO,849.086,842.826,117928064,124614608,137598732,false,false,35072,171,OUT_OF_MEMORY,0:125,00:14:14,,,,0,0,0,,,11,0,2095,440,0,264,,,,,,,,3677,2450,9802,0,0,0,0,9802,,,,,,,,,,unknown,1,sat,TO,docs/logs/10c9c43b-dirty-noinc203-cegar-norootlp/runsolver/runsolver-kat-cop1000-noinc203-order-direct-mdd-tl-extprop8196-s40-cegar-norootlp-20260513-10c9c43b-dirty-q10609-19443648-171-789/output.log,docs/logs/10c9c43b-dirty-noinc203-cegar-norootlp/runsolver/runsolver-kat-cop1000-noinc203-order-direct-mdd-tl-extprop8196-s40-cegar-norootlp-20260513-10c9c43b-dirty-q10609-19443648-171-789/values.log
796,competition/2022-2025/COP22to25/SameQueensKnights-b-70_c24.xml.lzma,SameQueensKnights,1,0,1,1,,,,,skipped_no_incumbent,0,oom_before_sat,encode,preencode,MO,888.75,884.425,124618080,124593800,140950992,false,false,35072,172,OUT_OF_MEMORY,0:125,00:14:54,,,,0,0,0,,,45,0,32998,6948,0,1943,,,,,,,,14702,9800,39202,0,0,0,0,39202,,,,,,,,,,unknown,1,sat,TO,docs/logs/10c9c43b-dirty-noinc203-cegar-norootlp/runsolver/runsolver-kat-cop1000-noinc203-order-direct-mdd-tl-extprop8196-s40-cegar-norootlp-20260513-10c9c43b-dirty-q10609-19443649-172-796/output.log,docs/logs/10c9c43b-dirty-noinc203-cegar-norootlp/runsolver/runsolver-kat-cop1000-noinc203-order-direct-mdd-tl-extprop8196-s40-cegar-norootlp-20260513-10c9c43b-dirty-q10609-19443649-172-796/values.log
797,competition/2022-2025/COP22to25/SameQueensKnights-b-75_c24.xml.lzma,SameQueensKnights,1,0,1,1,,,,,skipped_no_incumbent,0,oom_before_sat,encode,preencode,MO,895.328,891.339,124619744,124618116,140605884,false,false,35072,173,OUT_OF_MEMORY,0:125,00:15:00,,,,0,0,0,,,52,0,43745,9557,0,2520,,,,,,,,16877,11250,45002,0,0,0,0,45002,,,,,,,,,,unknown,1,sat,TO,docs/logs/10c9c43b-dirty-noinc203-cegar-norootlp/runsolver/runsolver-kat-cop1000-noinc203-order-direct-mdd-tl-extprop8196-s40-cegar-norootlp-20260513-10c9c43b-dirty-q10609-19443653-173-797/output.log,docs/logs/10c9c43b-dirty-noinc203-cegar-norootlp/runsolver/runsolver-kat-cop1000-noinc203-order-direct-mdd-tl-extprop8196-s40-cegar-norootlp-20260513-10c9c43b-dirty-q10609-19443653-173-797/values.log
811,competition/2022-2025/COP22to25/SchedulingOS-gp-10-05_c25.xml.lzma,SchedulingOS,1,1,1,1,sat,0,"best incumbent shown; guarded improvement search stopped before optimality proof: relaxation produced 2757555 clauses in one round, exceeding limit 1000000",10329,valid,1,incumbent,decode,encode,,149.103,148.63,9322012,9317108,9681096,false,false,0,174,COMPLETED,0:0,00:02:34,,15000,145000,2,2,131180,240,240,251,0,9,1,0,4,15672,3995204,43903626,3995204,43903626,0,0,400,900,3000,100,1000,10,0,2560,0,0,0,0,0,0,0,2,0,unknown,1,sat,TO,docs/logs/10c9c43b-dirty-noinc203-cegar-norootlp/runsolver/runsolver-kat-cop1000-noinc203-order-direct-mdd-tl-extprop8196-s40-cegar-norootlp-20260513-10c9c43b-dirty-q10609-19443668-174-811/output.log,docs/logs/10c9c43b-dirty-noinc203-cegar-norootlp/runsolver/runsolver-kat-cop1000-noinc203-order-direct-mdd-tl-extprop8196-s40-cegar-norootlp-20260513-10c9c43b-dirty-q10609-19443668-174-811/values.log
879,competition/2022-2025/COP22to25/TSPTW2-n060w080-1_c23.xml.lzma,TSPTW2,1,1,1,1,unknown,timeout_signal,terminated_by_signal,,skipped_no_incumbent,1,timeout_after_sat,sat,encode(order-ge),TO,1800.15,1790.36,628120,631088,833328,true,false,36608,175,COMPLETED,0:0,00:30:03,,1000,1000,1,0,0,307,307,13,0,32,23,0,12,1009,130870,3375948,130870,3375948,0,1,305,0,9693,0,0,0,1,7620,0,1,0,0,0,0,0,1,0,unknown,1,sat,TO,docs/logs/10c9c43b-dirty-noinc203-cegar-norootlp/runsolver/runsolver-kat-cop1000-noinc203-order-direct-mdd-tl-extprop8196-s40-cegar-norootlp-20260513-10c9c43b-dirty-q10609-19443674-175-879/output.log,docs/logs/10c9c43b-dirty-noinc203-cegar-norootlp/runsolver/runsolver-kat-cop1000-noinc203-order-direct-mdd-tl-extprop8196-s40-cegar-norootlp-20260513-10c9c43b-dirty-q10609-19443674-175-879/values.log
885,competition/2022-2025/COP22to25/TankAllocation1-2000_c25.xml.lzma,TankAllocation1,1,1,1,1,sat,0,"best incumbent shown; guarded improvement search stopped before optimality proof: relaxation produced 161132918 clauses in one round, exceeding limit 1000000",0,valid,1,incumbent,decode,encode,,1791.45,1783.28,13832432,13491524,16612112,false,false,0,176,COMPLETED,0:0,00:29:54,,28000,1322000,2,2,1737773,957,957,137,0,12,0,0,5,28123,352643,11477815,352643,11477815,0,0,35,812,842,927,85870,0,0,2573,0,0,0,0,0,0,0,2,0,unknown,1,sat,TO,docs/logs/10c9c43b-dirty-noinc203-cegar-norootlp/runsolver/runsolver-kat-cop1000-noinc203-order-direct-mdd-tl-extprop8196-s40-cegar-norootlp-20260513-10c9c43b-dirty-q10609-19443675-176-885/output.log,docs/logs/10c9c43b-dirty-noinc203-cegar-norootlp/runsolver/runsolver-kat-cop1000-noinc203-order-direct-mdd-tl-extprop8196-s40-cegar-norootlp-20260513-10c9c43b-dirty-q10609-19443675-176-885/values.log
898,competition/2022-2025/COP22to25/TestScheduling-t020m10r03-1_c24.xml.lzma,TestScheduling,1,1,1,1,optimum,skipped,0,1876,valid,1,incumbent,sat,encode,,1705.44,1696.59,34580356,34583420,37935276,false,false,0,177,COMPLETED,0:0,00:28:29,,7000,1689000,1457,1457,1382512,186,186,1,0,2675,171,0,949,3183,1312255,7551015,1312255,7551015,0,0,40,347726,356397,0,0,0,0,672637,0,0,0,0,1457,0,728,1457,337749048,unknown,0,preencode(order-ge),TO,docs/logs/10c9c43b-dirty-noinc203-cegar-norootlp/runsolver/runsolver-kat-cop1000-noinc203-order-direct-mdd-tl-extprop8196-s40-cegar-norootlp-20260513-10c9c43b-dirty-q10609-19443676-177-898/output.log,docs/logs/10c9c43b-dirty-noinc203-cegar-norootlp/runsolver/runsolver-kat-cop1000-noinc203-order-direct-mdd-tl-extprop8196-s40-cegar-norootlp-20260513-10c9c43b-dirty-q10609-19443676-177-898/values.log
899,competition/2022-2025/COP22to25/TestScheduling-t020m10r05-1_c24.xml.lzma,TestScheduling,1,1,1,1,sat,timeout_signal,incumbent_interrupted_by_signal,8949,valid,1,incumbent,sat,relaxation,TO,1800.83,1792.72,39849804,39851136,42559208,true,false,36608,178,COMPLETED,0:0,00:30:05,,8000,1798000,1420,1419,1444150,173,173,1,0,2958,229,0,1042,3698,1497854,8560238,1497854,8560238,0,0,40,394483,404305,0,0,0,0,766769,0,0,0,0,1420,0,709,1420,377212815,unknown,0,preencode(order-ge),TO,docs/logs/10c9c43b-dirty-noinc203-cegar-norootlp/runsolver/runsolver-kat-cop1000-noinc203-order-direct-mdd-tl-extprop8196-s40-cegar-norootlp-20260513-10c9c43b-dirty-q10609-19443678-178-899/output.log,docs/logs/10c9c43b-dirty-noinc203-cegar-norootlp/runsolver/runsolver-kat-cop1000-noinc203-order-direct-mdd-tl-extprop8196-s40-cegar-norootlp-20260513-10c9c43b-dirty-q10609-19443678-178-899/values.log
900,competition/2022-2025/COP22to25/TestScheduling-t020m10r10-1_c24.xml.lzma,TestScheduling,1,1,1,1,sat,timeout_signal,incumbent_interrupted_by_signal,1682,valid,1,incumbent,sat,relaxation,TO,1800.95,1792.98,41621692,41432176,46629680,true,false,36608,179,COMPLETED,0:0,00:30:05,,8000,1798000,1359,1358,1448954,182,182,1,0,3000,233,0,1044,3734,1518243,8625124,1518243,8625124,0,0,40,399543,409516,0,0,0,0,777061,0,0,0,0,1359,0,679,1359,366377536,unknown,0,preencode(order-ge),TO,docs/logs/10c9c43b-dirty-noinc203-cegar-norootlp/runsolver/runsolver-kat-cop1000-noinc203-order-direct-mdd-tl-extprop8196-s40-cegar-norootlp-20260513-10c9c43b-dirty-q10609-19443679-179-900/output.log,docs/logs/10c9c43b-dirty-noinc203-cegar-norootlp/runsolver/runsolver-kat-cop1000-noinc203-order-direct-mdd-tl-extprop8196-s40-cegar-norootlp-20260513-10c9c43b-dirty-q10609-19443679-179-900/values.log
901,competition/2022-2025/COP22to25/TestScheduling-t030m10r03-1_c24.xml.lzma,TestScheduling,1,1,1,1,sat,timeout_signal,incumbent_interrupted_by_signal,11066,valid,1,incumbent,sat,relaxation,TO,1801.03,1793.21,51450856,51451988,55746792,true,false,36608,180,COMPLETED,0:0,00:30:08,,32000,1798000,987,986,1360234,386,386,2,0,5894,391,0,1843,24054,2736800,49784498,2736800,49784498,0,0,60,713752,725603,0,0,0,0,1392122,0,0,0,0,987,0,493,987,486015669,unknown,0,preencode(order-ge),TO,docs/logs/10c9c43b-dirty-noinc203-cegar-norootlp/runsolver/runsolver-kat-cop1000-noinc203-order-direct-mdd-tl-extprop8196-s40-cegar-norootlp-20260513-10c9c43b-dirty-q10609-19443680-180-901/output.log,docs/logs/10c9c43b-dirty-noinc203-cegar-norootlp/runsolver/runsolver-kat-cop1000-noinc203-order-direct-mdd-tl-extprop8196-s40-cegar-norootlp-20260513-10c9c43b-dirty-q10609-19443680-180-901/values.log
902,competition/2022-2025/COP22to25/TestScheduling-t030m10r05-1_c24.xml.lzma,TestScheduling,1,1,1,1,sat,timeout_signal,incumbent_interrupted_by_signal,10710,valid,1,incumbent,sat,relaxation,TO,1801.36,1793.83,55045116,55046316,61502404,true,false,36608,181,COMPLETED,0:0,00:30:06,,32000,1798000,1015,1014,1356246,404,404,2,0,5725,381,0,1816,23459,2682668,48618170,2682668,48618170,0,0,60,700812,712421,0,0,0,0,1365108,0,0,0,0,1015,0,507,1015,489356907,unknown,0,preencode(order-ge),TO,docs/logs/10c9c43b-dirty-noinc203-cegar-norootlp/runsolver/runsolver-kat-cop1000-noinc203-order-direct-mdd-tl-extprop8196-s40-cegar-norootlp-20260513-10c9c43b-dirty-q10609-19443682-181-902/output.log,docs/logs/10c9c43b-dirty-noinc203-cegar-norootlp/runsolver/runsolver-kat-cop1000-noinc203-order-direct-mdd-tl-extprop8196-s40-cegar-norootlp-20260513-10c9c43b-dirty-q10609-19443682-181-902/values.log
903,competition/2022-2025/COP22to25/TestScheduling-t030m10r10-1_c24.xml.lzma,TestScheduling,1,1,1,1,sat,0,"best incumbent shown; guarded improvement search stopped before optimality proof: relaxation produced 1114144 clauses in one round, exceeding limit 1000000",12926,valid,1,incumbent,decode,encode,,43.7254,42.4945,7124852,7127844,7753768,false,false,0,182,COMPLETED,0:0,00:00:49,,36000,37000,2,2,1500,412,412,2,0,6503,444,0,2101,26991,3084678,56272868,3084678,56272868,0,0,60,801467,814645,0,0,0,0,1567894,0,0,0,0,2,0,0,2,0,unknown,0,preencode(order-ge),TO,docs/logs/10c9c43b-dirty-noinc203-cegar-norootlp/runsolver/runsolver-kat-cop1000-noinc203-order-direct-mdd-tl-extprop8196-s40-cegar-norootlp-20260513-10c9c43b-dirty-q10609-19443684-182-903/output.log,docs/logs/10c9c43b-dirty-noinc203-cegar-norootlp/runsolver/runsolver-kat-cop1000-noinc203-order-direct-mdd-tl-extprop8196-s40-cegar-norootlp-20260513-10c9c43b-dirty-q10609-19443684-182-903/values.log
904,competition/2022-2025/COP22to25/TestScheduling-t030m20r03-1_c24.xml.lzma,TestScheduling,1,1,1,1,sat,timeout_signal,incumbent_interrupted_by_signal,10520,valid,1,incumbent,sat,relaxation,TO,1801.37,1791.91,57410484,57411632,64060464,true,false,36608,183,COMPLETED,0:0,00:30:05,,31000,1792000,1037,1036,1340131,404,404,2,0,5712,381,0,1813,23314,2675018,48466737,2675018,48466737,0,0,60,697564,709155,0,0,0,0,1360481,0,0,0,0,1037,0,518,1037,499135994,unknown,0,preencode(order-ge),TO,docs/logs/10c9c43b-dirty-noinc203-cegar-norootlp/runsolver/runsolver-kat-cop1000-noinc203-order-direct-mdd-tl-extprop8196-s40-cegar-norootlp-20260513-10c9c43b-dirty-q10609-19443685-183-904/output.log,docs/logs/10c9c43b-dirty-noinc203-cegar-norootlp/runsolver/runsolver-kat-cop1000-noinc203-order-direct-mdd-tl-extprop8196-s40-cegar-norootlp-20260513-10c9c43b-dirty-q10609-19443685-183-904/values.log
905,competition/2022-2025/COP22to25/TestScheduling-t030m20r05-1_c24.xml.lzma,TestScheduling,1,1,1,1,sat,0,"best incumbent shown; guarded improvement search stopped before optimality proof: relaxation produced 1134586 clauses in one round, exceeding limit 1000000",13023,valid,1,incumbent,decode,encode,,43.6056,43.4526,7228832,7231648,7808404,false,false,0,184,COMPLETED,0:0,00:00:48,,37000,38000,2,2,1445,397,397,2,0,6706,450,0,2134,27573,3139998,56990155,3139998,56990155,0,0,60,815315,828726,0,0,0,0,1595592,0,0,0,0,2,0,0,2,0,unknown,0,preencode(order-ge),TO,docs/logs/10c9c43b-dirty-noinc203-cegar-norootlp/runsolver/runsolver-kat-cop1000-noinc203-order-direct-mdd-tl-extprop8196-s40-cegar-norootlp-20260513-10c9c43b-dirty-q10609-19443686-184-905/output.log,docs/logs/10c9c43b-dirty-noinc203-cegar-norootlp/runsolver/runsolver-kat-cop1000-noinc203-order-direct-mdd-tl-extprop8196-s40-cegar-norootlp-20260513-10c9c43b-dirty-q10609-19443686-184-905/values.log
906,competition/2022-2025/COP22to25/TestScheduling-t030m20r10-1_c24.xml.lzma,TestScheduling,1,1,1,1,sat,timeout_signal,incumbent_interrupted_by_signal,6625,valid,1,incumbent,sat,relaxation,TO,1800.85,1793.74,46282796,46283888,49681540,true,false,36608,185,COMPLETED,0:0,00:30:05,,33000,1794000,896,895,1406804,378,378,2,0,5898,398,0,1849,24175,2763317,50201176,2763317,50201176,0,0,60,720929,732680,0,0,0,0,1405651,0,0,0,0,896,0,447,896,444831156,unknown,0,preencode(order-ge),TO,docs/logs/10c9c43b-dirty-noinc203-cegar-norootlp/runsolver/runsolver-kat-cop1000-noinc203-order-direct-mdd-tl-extprop8196-s40-cegar-norootlp-20260513-10c9c43b-dirty-q10609-19443688-185-906/output.log,docs/logs/10c9c43b-dirty-noinc203-cegar-norootlp/runsolver/runsolver-kat-cop1000-noinc203-order-direct-mdd-tl-extprop8196-s40-cegar-norootlp-20260513-10c9c43b-dirty-q10609-19443688-185-906/values.log
907,competition/2022-2025/COP22to25/TestScheduling-t050m10r03-1_c24.xml.lzma,TestScheduling,1,1,1,1,sat,0,"best incumbent shown; guarded improvement search stopped before optimality proof: relaxation produced 2034797 clauses in one round, exceeding limit 1000000",20067,valid,1,incumbent,decode,encode,,21.6114,21.5112,5367036,5320952,6139588,false,false,0,186,COMPLETED,0:0,00:00:27,,16000,18000,2,2,2819,999,999,6,0,10,0,0,5,16304,1023927,47858903,1023927,47858903,0,0,100,3507,3345,0,0,0,0,4763,0,0,0,0,2,0,0,2,0,unknown,0,preencode(order-ge),TO,docs/logs/10c9c43b-dirty-noinc203-cegar-norootlp/runsolver/runsolver-kat-cop1000-noinc203-order-direct-mdd-tl-extprop8196-s40-cegar-norootlp-20260513-10c9c43b-dirty-q10609-19443689-186-907/output.log,docs/logs/10c9c43b-dirty-noinc203-cegar-norootlp/runsolver/runsolver-kat-cop1000-noinc203-order-direct-mdd-tl-extprop8196-s40-cegar-norootlp-20260513-10c9c43b-dirty-q10609-19443689-186-907/values.log
908,competition/2022-2025/COP22to25/TestScheduling-t050m10r05-1_c24.xml.lzma,TestScheduling,1,1,1,1,sat,0,"best incumbent shown; guarded improvement search stopped before optimality proof: relaxation produced 2020035 clauses in one round, exceeding limit 1000000",19888,valid,1,incumbent,decode,encode,,21.5514,21.4474,5364392,5316076,6152016,false,false,0,187,COMPLETED,0:0,00:00:26,,16000,18000,2,2,2697,1107,1107,7,0,10,0,0,5,16337,1017193,48083429,1017193,48083429,0,0,100,3695,3479,0,0,0,0,4992,0,0,0,0,2,0,0,2,0,unknown,0,preencode(order-ge),TO,docs/logs/10c9c43b-dirty-noinc203-cegar-norootlp/runsolver/runsolver-kat-cop1000-noinc203-order-direct-mdd-tl-extprop8196-s40-cegar-norootlp-20260513-10c9c43b-dirty-q10609-19443692-187-908/output.log,docs/logs/10c9c43b-dirty-noinc203-cegar-norootlp/runsolver/runsolver-kat-cop1000-noinc203-order-direct-mdd-tl-extprop8196-s40-cegar-norootlp-20260513-10c9c43b-dirty-q10609-19443692-187-908/values.log
909,competition/2022-2025/COP22to25/TestScheduling-t050m10r10-1_c24.xml.lzma,TestScheduling,1,1,1,1,sat,0,"best incumbent shown; guarded improvement search stopped before optimality proof: relaxation produced 2355387 clauses in one round, exceeding limit 1000000",23220,valid,1,incumbent,decode,encode,,26.3231,26.2044,6364008,6311924,7070616,false,false,0,188,COMPLETED,0:0,00:00:31,,18000,22000,2,2,4354,1091,1091,6,0,12,0,0,5,18916,1181820,55345749,1181820,55345749,0,0,100,4014,3434,0,0,0,0,5481,0,0,0,0,2,0,0,2,0,unknown,0,preencode(order-ge),TO,docs/logs/10c9c43b-dirty-noinc203-cegar-norootlp/runsolver/runsolver-kat-cop1000-noinc203-order-direct-mdd-tl-extprop8196-s40-cegar-norootlp-20260513-10c9c43b-dirty-q10609-19443693-188-909/output.log,docs/logs/10c9c43b-dirty-noinc203-cegar-norootlp/runsolver/runsolver-kat-cop1000-noinc203-order-direct-mdd-tl-extprop8196-s40-cegar-norootlp-20260513-10c9c43b-dirty-q10609-19443693-188-909/values.log
910,competition/2022-2025/COP22to25/TestScheduling-t050m20r03-1_c24.xml.lzma,TestScheduling,1,1,1,1,sat,0,"best incumbent shown; guarded improvement search stopped before optimality proof: relaxation produced 1994353 clauses in one round, exceeding limit 1000000",19931,valid,1,incumbent,decode,encode,,21.7739,21.6643,5312840,5268820,6115064,false,false,0,189,COMPLETED,0:0,00:00:26,,16000,19000,2,2,2712,1144,1144,7,0,11,0,0,5,16487,1005300,48020455,1005300,48020455,0,0,100,3674,3546,0,0,0,0,4941,0,0,0,0,2,0,0,2,0,unknown,0,preencode(order-ge),TO,docs/logs/10c9c43b-dirty-noinc203-cegar-norootlp/runsolver/runsolver-kat-cop1000-noinc203-order-direct-mdd-tl-extprop8196-s40-cegar-norootlp-20260513-10c9c43b-dirty-q10609-19443694-189-910/output.log,docs/logs/10c9c43b-dirty-noinc203-cegar-norootlp/runsolver/runsolver-kat-cop1000-noinc203-order-direct-mdd-tl-extprop8196-s40-cegar-norootlp-20260513-10c9c43b-dirty-q10609-19443694-189-910/values.log
911,competition/2022-2025/COP22to25/TestScheduling-t050m20r05-1_c24.xml.lzma,TestScheduling,1,1,1,1,sat,0,"best incumbent shown; guarded improvement search stopped before optimality proof: relaxation produced 3728682 clauses in one round, exceeding limit 1000000",19764,valid,1,incumbent,decode,encode,,125.155,124.619,22303416,22218468,24069988,false,false,0,190,COMPLETED,0:0,00:02:10,,97000,109000,2,2,13578,1087,1087,6,0,19135,1224,0,6754,68385,8781754,146961032,8781754,146961032,0,0,100,1996309,2015833,0,0,0,0,3932847,0,0,0,0,2,0,0,2,0,unknown,0,preencode(order-ge),TO,docs/logs/10c9c43b-dirty-noinc203-cegar-norootlp/runsolver/runsolver-kat-cop1000-noinc203-order-direct-mdd-tl-extprop8196-s40-cegar-norootlp-20260513-10c9c43b-dirty-q10609-19443695-190-911/output.log,docs/logs/10c9c43b-dirty-noinc203-cegar-norootlp/runsolver/runsolver-kat-cop1000-noinc203-order-direct-mdd-tl-extprop8196-s40-cegar-norootlp-20260513-10c9c43b-dirty-q10609-19443695-190-911/values.log
912,competition/2022-2025/COP22to25/TestScheduling-t050m20r10-1_c24.xml.lzma,TestScheduling,1,1,1,1,sat,0,"best incumbent shown; guarded improvement search stopped before optimality proof: relaxation produced 2132431 clauses in one round, exceeding limit 1000000",20459,valid,1,incumbent,decode,encode,,23.0519,22.9289,5694392,5646456,6402864,false,false,0,191,COMPLETED,0:0,00:00:28,,17000,20000,2,2,3024,1110,1110,7,0,11,0,0,5,17359,1073441,50801230,1073441,50801230,0,0,100,3917,3481,0,0,0,0,5326,0,0,0,0,2,0,0,2,0,unknown,0,preencode(order-ge),TO,docs/logs/10c9c43b-dirty-noinc203-cegar-norootlp/runsolver/runsolver-kat-cop1000-noinc203-order-direct-mdd-tl-extprop8196-s40-cegar-norootlp-20260513-10c9c43b-dirty-q10609-19443697-191-912/output.log,docs/logs/10c9c43b-dirty-noinc203-cegar-norootlp/runsolver/runsolver-kat-cop1000-noinc203-order-direct-mdd-tl-extprop8196-s40-cegar-norootlp-20260513-10c9c43b-dirty-q10609-19443697-191-912/values.log
913,competition/2022-2025/COP22to25/TestScheduling-t100m10r03-1_c24.xml.lzma,TestScheduling,1,1,1,1,sat,0,"best incumbent shown; guarded improvement search stopped before optimality proof: relaxation produced 7946767 clauses in one round, exceeding limit 1000000",38385,valid,1,incumbent,decode,encode,,178.395,177.739,40636608,40453416,45978668,false,false,0,192,COMPLETED,0:0,00:03:05,,136000,157000,2,2,22239,4344,4344,27,0,40,3,0,21,136744,4002699,379183170,4002699,379183170,0,0,200,14324,13876,0,0,0,0,19317,0,0,0,0,2,0,0,2,0,unknown,0,preencode(order-ge),TO,docs/logs/10c9c43b-dirty-noinc203-cegar-norootlp/runsolver/runsolver-kat-cop1000-noinc203-order-direct-mdd-tl-extprop8196-s40-cegar-norootlp-20260513-10c9c43b-dirty-q10609-19443698-192-913/output.log,docs/logs/10c9c43b-dirty-noinc203-cegar-norootlp/runsolver/runsolver-kat-cop1000-noinc203-order-direct-mdd-tl-extprop8196-s40-cegar-norootlp-20260513-10c9c43b-dirty-q10609-19443698-192-913/values.log
914,competition/2022-2025/COP22to25/TestScheduling-t100m10r05-1_c24.xml.lzma,TestScheduling,1,1,1,1,sat,0,"best incumbent shown; guarded improvement search stopped before optimality proof: relaxation produced 7612764 clauses in one round, exceeding limit 1000000",37651,valid,1,incumbent,decode,encode,,172.138,171.636,39342856,39304920,45219088,false,false,0,193,COMPLETED,0:0,00:02:56,,131000,152000,2,2,21844,4438,4438,27,0,43,3,0,21,131868,3838191,364421762,3838191,364421762,0,0,200,14992,13994,0,0,0,0,20273,0,0,0,0,2,0,0,2,0,unknown,0,preencode(order-ge),TO,docs/logs/10c9c43b-dirty-noinc203-cegar-norootlp/runsolver/runsolver-kat-cop1000-noinc203-order-direct-mdd-tl-extprop8196-s40-cegar-norootlp-20260513-10c9c43b-dirty-q10609-19443700-193-914/output.log,docs/logs/10c9c43b-dirty-noinc203-cegar-norootlp/runsolver/runsolver-kat-cop1000-noinc203-order-direct-mdd-tl-extprop8196-s40-cegar-norootlp-20260513-10c9c43b-dirty-q10609-19443700-193-914/values.log
915,competition/2022-2025/COP22to25/TestScheduling-t100m10r10-1_c24.xml.lzma,TestScheduling,1,1,1,1,sat,0,"best incumbent shown; guarded improvement search stopped before optimality proof: relaxation produced 8265035 clauses in one round, exceeding limit 1000000",40146,valid,1,incumbent,decode,encode,,192.414,191.641,42715984,42524468,47723576,false,false,0,194,COMPLETED,0:0,00:03:19,,145000,170000,2,2,26078,4385,4385,27,0,46,3,0,22,145401,4161331,397632774,4161331,397632774,0,0,200,15691,13993,0,0,0,0,21351,0,0,0,0,2,0,0,2,0,unknown,0,preencode(order-ge),TO,docs/logs/10c9c43b-dirty-noinc203-cegar-norootlp/runsolver/runsolver-kat-cop1000-noinc203-order-direct-mdd-tl-extprop8196-s40-cegar-norootlp-20260513-10c9c43b-dirty-q10609-19443702-194-915/output.log,docs/logs/10c9c43b-dirty-noinc203-cegar-norootlp/runsolver/runsolver-kat-cop1000-noinc203-order-direct-mdd-tl-extprop8196-s40-cegar-norootlp-20260513-10c9c43b-dirty-q10609-19443702-194-915/values.log
916,competition/2022-2025/COP22to25/TestScheduling-t100m20r03-1_c24.xml.lzma,TestScheduling,1,1,1,1,sat,0,"best incumbent shown; guarded improvement search stopped before optimality proof: relaxation produced 7963362 clauses in one round, exceeding limit 1000000",39806,valid,1,incumbent,decode,encode,,184.97,184.237,41670216,41501324,47216592,false,false,0,195,COMPLETED,0:0,00:03:11,,141000,163000,2,2,23583,4621,4621,29,0,45,3,0,24,141365,4013016,391320734,4013016,391320734,0,0,200,14775,14443,0,0,0,0,19854,0,0,0,0,2,0,0,2,0,unknown,0,preencode(order-ge),TO,docs/logs/10c9c43b-dirty-noinc203-cegar-norootlp/runsolver/runsolver-kat-cop1000-noinc203-order-direct-mdd-tl-extprop8196-s40-cegar-norootlp-20260513-10c9c43b-dirty-q10609-19443703-195-916/output.log,docs/logs/10c9c43b-dirty-noinc203-cegar-norootlp/runsolver/runsolver-kat-cop1000-noinc203-order-direct-mdd-tl-extprop8196-s40-cegar-norootlp-20260513-10c9c43b-dirty-q10609-19443703-195-916/values.log
917,competition/2022-2025/COP22to25/TestScheduling-t100m20r05-1_c24.xml.lzma,TestScheduling,1,1,1,1,sat,0,"best incumbent shown; guarded improvement search stopped before optimality proof: relaxation produced 8584069 clauses in one round, exceeding limit 1000000",42885,valid,1,incumbent,decode,encode,,199.743,198.951,44218832,44019068,48997264,false,false,0,196,COMPLETED,0:0,00:03:23,,151000,176000,2,2,26686,4483,4483,27,0,43,3,0,21,150983,4320509,414350714,4320509,414350714,0,0,200,14981,14133,0,0,0,0,20233,0,0,0,0,2,0,0,2,0,unknown,0,preencode(order-ge),TO,docs/logs/10c9c43b-dirty-noinc203-cegar-norootlp/runsolver/runsolver-kat-cop1000-noinc203-order-direct-mdd-tl-extprop8196-s40-cegar-norootlp-20260513-10c9c43b-dirty-q10609-19443720-196-917/output.log,docs/logs/10c9c43b-dirty-noinc203-cegar-norootlp/runsolver/runsolver-kat-cop1000-noinc203-order-direct-mdd-tl-extprop8196-s40-cegar-norootlp-20260513-10c9c43b-dirty-q10609-19443720-196-917/values.log
918,competition/2022-2025/COP22to25/TestScheduling-t100m20r10-1_c24.xml.lzma,TestScheduling,1,1,1,1,sat,0,"best incumbent shown; guarded improvement search stopped before optimality proof: relaxation produced 8338025 clauses in one round, exceeding limit 1000000",41666,valid,1,incumbent,decode,encode,,194.874,194.142,43806864,43721944,48914012,false,false,0,197,COMPLETED,0:0,00:03:19,,148000,172000,2,2,25850,4298,4298,26,0,52,3,0,22,148166,4201687,409695582,4201687,409695582,0,0,200,17689,14115,0,0,0,0,24390,0,0,0,0,2,0,0,2,0,unknown,0,preencode(order-ge),TO,docs/logs/10c9c43b-dirty-noinc203-cegar-norootlp/runsolver/runsolver-kat-cop1000-noinc203-order-direct-mdd-tl-extprop8196-s40-cegar-norootlp-20260513-10c9c43b-dirty-q10609-19443723-197-918/output.log,docs/logs/10c9c43b-dirty-noinc203-cegar-norootlp/runsolver/runsolver-kat-cop1000-noinc203-order-direct-mdd-tl-extprop8196-s40-cegar-norootlp-20260513-10c9c43b-dirty-q10609-19443723-197-918/values.log
931,competition/2022-2025/COP22to25/TravelingTournament-galaxy36_c24.xml.lzma,TravelingTournament,1,0,1,1,,,,,skipped_no_incumbent,0,oom_before_sat,encode,preencode,MO,872.456,860.642,117962124,124616964,136562104,false,false,35072,198,OUT_OF_MEMORY,0:125,00:14:38,,,,0,0,0,,,1911,0,3060,514,0,1460,,,,,,,,98352,173880,577081,5076,3159468,70,0,625057,,,,,,,,,,unknown,1,sat,TO,docs/logs/10c9c43b-dirty-noinc203-cegar-norootlp/runsolver/runsolver-kat-cop1000-noinc203-order-direct-mdd-tl-extprop8196-s40-cegar-norootlp-20260513-10c9c43b-dirty-q10609-19443724-198-931/output.log,docs/logs/10c9c43b-dirty-noinc203-cegar-norootlp/runsolver/runsolver-kat-cop1000-noinc203-order-direct-mdd-tl-extprop8196-s40-cegar-norootlp-20260513-10c9c43b-dirty-q10609-19443724-198-931/values.log
932,competition/2022-2025/COP22to25/TravelingTournament-galaxy40_c24.xml.lzma,TravelingTournament,1,0,1,1,,,,,skipped_no_incumbent,0,oom_before_sat,encode,preencode,MO,899.634,896.249,124620676,124425352,140320744,false,false,35072,199,OUT_OF_MEMORY,0:125,00:15:04,,,,0,0,0,,,2865,0,4372,735,0,1965,,,,,,,,134240,240240,795601,6280,4841560,78,0,861229,,,,,,,,,,unknown,1,sat,TO,docs/logs/10c9c43b-dirty-noinc203-cegar-norootlp/runsolver/runsolver-kat-cop1000-noinc203-order-direct-mdd-tl-extprop8196-s40-cegar-norootlp-20260513-10c9c43b-dirty-q10609-19443725-199-932/output.log,docs/logs/10c9c43b-dirty-noinc203-cegar-norootlp/runsolver/runsolver-kat-cop1000-noinc203-order-direct-mdd-tl-extprop8196-s40-cegar-norootlp-20260513-10c9c43b-dirty-q10609-19443725-199-932/values.log
981,competition/2022-2025/COP22to25/WordGolf-6-ogd2008-50-1_c24.xml.lzma,WordGolf,1,1,1,1,sat,timeout_signal,incumbent_interrupted_by_signal,47,valid,1,incumbent,sat,relaxation,TO,1800.28,1791.98,8956004,8785224,10149140,true,false,36608,200,COMPLETED,0:0,00:30:04,,57000,1727000,4,3,1669318,440,440,505,0,37716,2177,0,5213,11005,5449522,23538697,5449522,23538697,0,0,400,294,1816480,0,0,0,0,10850893,0,0,0,0,0,0,1,4,1,unknown,1,sat,TO,docs/logs/10c9c43b-dirty-noinc203-cegar-norootlp/runsolver/runsolver-kat-cop1000-noinc203-order-direct-mdd-tl-extprop8196-s40-cegar-norootlp-20260513-10c9c43b-dirty-q10609-19443726-200-981/output.log,docs/logs/10c9c43b-dirty-noinc203-cegar-norootlp/runsolver/runsolver-kat-cop1000-noinc203-order-direct-mdd-tl-extprop8196-s40-cegar-norootlp-20260513-10c9c43b-dirty-q10609-19443726-200-981/values.log
982,competition/2022-2025/COP22to25/WordGolf-6-ogd2008-50-2_c24.xml.lzma,WordGolf,1,1,1,1,optimum,skipped,0,11,valid,1,incumbent,sat,encode,,1071.55,1067.05,8852088,8691760,9824888,false,false,0,201,COMPLETED,0:0,00:17:58,,57000,1062000,17,17,1004807,440,440,508,0,37328,2177,0,5175,10907,5449522,23538697,5449522,23538697,0,0,400,294,1816480,0,0,0,0,10850893,0,0,0,0,0,0,8,17,8,unknown,1,sat,TO,docs/logs/10c9c43b-dirty-noinc203-cegar-norootlp/runsolver/runsolver-kat-cop1000-noinc203-order-direct-mdd-tl-extprop8196-s40-cegar-norootlp-20260513-10c9c43b-dirty-q10609-19443730-201-982/output.log,docs/logs/10c9c43b-dirty-noinc203-cegar-norootlp/runsolver/runsolver-kat-cop1000-noinc203-order-direct-mdd-tl-extprop8196-s40-cegar-norootlp-20260513-10c9c43b-dirty-q10609-19443730-201-982/values.log
984,competition/2022-2025/COP22to25/WordGolf-7-ogd2008-50-0_c24.xml.lzma,WordGolf,1,1,1,1,unsat,skipped,0,,skipped_unsat,1,solved_no_incumbent,sat,encode,,131.971,131.45,11625420,11613768,13627116,false,false,0,202,COMPLETED,0:0,00:02:17,,108000,108000,1,1,9290,488,488,924,0,69658,4015,0,10542,20921,8670183,40347891,8670183,40347891,0,0,450,343,2890001,0,0,0,0,20164911,0,0,0,0,0,0,0,1,0,unknown,1,sat,TO,docs/logs/10c9c43b-dirty-noinc203-cegar-norootlp/runsolver/runsolver-kat-cop1000-noinc203-order-direct-mdd-tl-extprop8196-s40-cegar-norootlp-20260513-10c9c43b-dirty-q10609-19443731-202-984/output.log,docs/logs/10c9c43b-dirty-noinc203-cegar-norootlp/runsolver/runsolver-kat-cop1000-noinc203-order-direct-mdd-tl-extprop8196-s40-cegar-norootlp-20260513-10c9c43b-dirty-q10609-19443731-202-984/values.log
987,competition/2022-2025/COP22to25/WordGolf-7-ogd2008-50-3_c24.xml.lzma,WordGolf,1,1,1,1,unknown,timeout_signal,terminated_by_signal,,skipped_no_incumbent,1,timeout_after_sat,sat,encode(order-ge),TO,1800.43,1792.44,13907000,13910144,15224684,true,false,36608,203,COMPLETED,0:0,00:30:05,,108000,108000,1,0,0,488,488,925,0,69917,3898,0,9427,21418,8670183,40347891,8670183,40347891,0,0,450,343,2890001,0,0,0,0,20164911,0,0,0,0,0,0,0,1,0,unknown,1,sat,TO,docs/logs/10c9c43b-dirty-noinc203-cegar-norootlp/runsolver/runsolver-kat-cop1000-noinc203-order-direct-mdd-tl-extprop8196-s40-cegar-norootlp-20260513-10c9c43b-dirty-q10609-19442938-203-987/output.log,docs/logs/10c9c43b-dirty-noinc203-cegar-norootlp/runsolver/runsolver-kat-cop1000-noinc203-order-direct-mdd-tl-extprop8196-s40-cegar-norootlp-20260513-10c9c43b-dirty-q10609-19442938-203-987/values.log
