c cmd: /host-parser-bin/kat_xcsp_95bf8a8a /bench/competition/2022-2025/COP22to25/SchedulingOS-gp-05-05_c25.xml.lzma --encoder portfolio --portfolio-strategy v3 --cop-pipeline guarded-basic --cop-objective-cut direct-expr --cop-objective-cut-timing incremental-hard --cop-objective-cut-backend cnf --table-encoding mdd-tl --cumulative-mode exact --cumulative-decomposition time-rd --progress --log-scop-linear-pb-backend auto --log-scop-bdd-decomposition auto --log-scop-aggregate-weighted-lits --order-ge-shorten-link-cost --direct-eq-ne-max-arity 2 --eq-ne-encoding direct --portfolio-log-scop-eq-ne-encoding ge-rewrite --cop-objective-phase auto
c version: kat-cli=0.1.0 git=95bf8a8a4002-clean
c run_start_local: 2026-06-05 09:02:04 +0900
c 00h00m00s | solve:start
c 00h00m00s | stage:objective-cut timing=incremental-hard backend=cnf form=direct-expr
c 00h00m00s | input: constraints=70
c 00h00m00s | stage:propagate:start
c 00h00m00s | stage:propagate:done ms=16 pruned=0 changed_domains=0 entailed_tables=0
c 00h00m00s | memory:rss checkpoint=after_propagate bytes=5042176 rss=4.81MiB
c 00h00m00s | stage:normalize:start
c 00h00m00s | stage:normalize:done ms=0 high_constraints=70
c 00h00m00s | stage:lower:start
c 00h00m00s | stage:lower:progress percent=10 processed=7 total=70 lowered=7 unsupported=0 ms=0
c 00h00m00s | stage:lower:progress percent=20 processed=14 total=70 lowered=14 unsupported=0 ms=0
c 00h00m00s | stage:lower:progress percent=30 processed=21 total=70 lowered=21 unsupported=0 ms=0
c 00h00m00s | stage:lower:progress percent=40 processed=28 total=70 lowered=28 unsupported=0 ms=0
c 00h00m00s | stage:lower:progress percent=50 processed=35 total=70 lowered=35 unsupported=0 ms=0
c 00h00m00s | stage:lower:progress percent=60 processed=42 total=70 lowered=42 unsupported=0 ms=0
c 00h00m00s | stage:lower:progress percent=70 processed=49 total=70 lowered=49 unsupported=0 ms=0
c 00h00m00s | stage:lower:progress percent=80 processed=56 total=70 lowered=56 unsupported=0 ms=0
c 00h00m00s | stage:lower:progress percent=90 processed=63 total=70 lowered=63 unsupported=0 ms=1
c 00h00m00s | stage:lower:progress percent=100 processed=70 total=70 lowered=70 unsupported=0 ms=1
c 00h00m00s | stage:lower:done ms=1 lowered=70 unsupported=0
c 00h00m00s | memory:rss checkpoint=after_lower bytes=5042176 rss=4.81MiB
c 00h00m00s | stage:post_lower:start
c 00h00m00s | stage:post_lower:done ms=0 rounds=25 tightened=40 removed_cls=0 removed_lits=0 unsat=false precise_hits=0 precise_rounds=0 pivot_recomputes=115 pivot_exact_attempts=0 pivot_general_attempts=115 pivot_general_rest_missing=0 pivot_general_bound_missing=0 pivot_general_no_change=95 pivot_general_tightened=20 setup_ms=0 loop_ms=0 pivot_ms=0 pivot_version_ms=0 pivot_exact_ms=0 pivot_general_ms=0 pivot_general_prepare_ms=0 pivot_general_rest_ms=0 pivot_general_derive_ms=0 apply_ms=0 sat_ms=0 precise_ms=0
c 00h00m00s | memory:rss checkpoint=after_post_lower bytes=5042176 rss=4.81MiB
c 00h00m00s | stage:lowered-shape int_vars=100 bool_vars=100 linear_atoms=375 table_atoms=25 table_tuples=125 table_scope=50 alldiff_atoms=5 circuit_atoms=0 product_atoms=0 logical_clauses=330
c 00h00m00s | stage:root-lp:skip reason=disabled ms=0
c 00h00m00s | memory:rss checkpoint=before_preencode bytes=5042176 rss=4.81MiB
c 00h00m00s | stage:preencode(log-scop):start
c 00h00m00s | stage:preencode(log-scop):done ms=0 int_vars=100
c 00h00m00s | memory:rss checkpoint=after_preencode bytes=5042176 rss=4.81MiB
c 00h00m00s | memory:rss checkpoint=before_encode bytes=5042176 rss=4.81MiB
c 00h00m00s | stage:encode(log-scop):start
c 00h00m00s | memory:rss checkpoint=encode_clause_sample stage=log-scop clauses=10125 bytes=7675904 rss=7.32MiB progress_percent=10 processed=34 total=340
c 00h00m00s | stage:encode(log-scop):progress percent=10 processed=34 total=340 sat_clauses=10125 ms=2
c 00h00m00s | memory:rss checkpoint=encode_clause_sample stage=log-scop clauses=15074 bytes=7675904 rss=7.32MiB progress_percent=20 processed=68 total=340
c 00h00m00s | stage:encode(log-scop):progress percent=20 processed=68 total=340 sat_clauses=15074 ms=3
c 00h00m00s | memory:rss checkpoint=encode_clause_sample stage=log-scop clauses=21228 bytes=7675904 rss=7.32MiB progress_percent=30 processed=102 total=340
c 00h00m00s | stage:encode(log-scop):progress percent=30 processed=102 total=340 sat_clauses=21228 ms=4
c 00h00m00s | memory:rss checkpoint=encode_clause_sample stage=log-scop clauses=27353 bytes=7946240 rss=7.58MiB progress_percent=40 processed=136 total=340
c 00h00m00s | stage:encode(log-scop):progress percent=40 processed=136 total=340 sat_clauses=27353 ms=5
c 00h00m00s | memory:rss checkpoint=encode_clause_sample stage=log-scop clauses=33844 bytes=7946240 rss=7.58MiB progress_percent=50 processed=170 total=340
c 00h00m00s | stage:encode(log-scop):progress percent=50 processed=170 total=340 sat_clauses=33844 ms=6
c 00h00m00s | memory:rss checkpoint=encode_clause_sample stage=log-scop clauses=36586 bytes=7946240 rss=7.58MiB progress_percent=60 processed=204 total=340
c 00h00m00s | stage:encode(log-scop):progress percent=60 processed=204 total=340 sat_clauses=36586 ms=7
c 00h00m00s | memory:rss checkpoint=encode_clause_sample stage=log-scop clauses=38464 bytes=7946240 rss=7.58MiB progress_percent=70 processed=238 total=340
c 00h00m00s | stage:encode(log-scop):progress percent=70 processed=238 total=340 sat_clauses=38464 ms=7
c 00h00m00s | memory:rss checkpoint=encode_clause_sample stage=log-scop clauses=40245 bytes=7946240 rss=7.58MiB progress_percent=80 processed=272 total=340
c 00h00m00s | stage:encode(log-scop):progress percent=80 processed=272 total=340 sat_clauses=40245 ms=7
c 00h00m00s | memory:rss checkpoint=encode_clause_sample stage=log-scop clauses=42222 bytes=7946240 rss=7.58MiB progress_percent=90 processed=306 total=340
c 00h00m00s | stage:encode(log-scop):progress percent=90 processed=306 total=340 sat_clauses=42222 ms=8
c 00h00m00s | memory:rss checkpoint=encode_clause_sample stage=log-scop clauses=43486 bytes=7946240 rss=7.58MiB progress_percent=100 processed=340 total=340
c 00h00m00s | stage:encode(log-scop):progress percent=100 processed=340 total=340 sat_clauses=43486 ms=8
c 00h00m00s | stage:encode(log-scop):done ms=22 sat_vars=25588 sat_clauses=43486 ext_ge_specs=0 relaxed_circuits=0 log_scop_pb_constraints=635 log_scop_pb_mixed=0 log_scop_pb_bdd2=635 log_scop_pb_bdd3=0 log_scop_pb_sorter=0 log_scop_pb_dadda=0 log_scop_bdd_raw=635 log_scop_bdd_binary=0 log_scop_bdd_multibase=0
c 00h00m00s | stage:objective-cut timing=incremental-hard backend=cnf form=direct-expr
c 00h00m00s | stage:sat:init solver=CaDiCaL vars=25588 clauses=43486
c 00h00m00s | stage:sat:solve:start assumptions=0 phase_lits=0
c 00h00m00s | stage:sat:solve:done ms=40 result=Sat assumptions=0 phase_lits=0
c 00h00m00s | stage:decode:start
c 00h00m00s | stage:decode:done int_assignments=100
c 00h00m00s | result:Sat
c 00h00m00s | objective:incumbent kind=initial value=5403 rounds=1 improvements=0
o 5403
c objective-cut:rss-guard enabled=false
c 00h00m00s | stage:objective-cut:add timing=incremental-hard backend=cnf form=direct-expr clauses_added=5149
c 00h00m00s | stage:sat:init solver=CaDiCaL vars=28071 clauses=48635
c 00h00m00s | stage:sat:solve:start assumptions=0 phase_lits=0
c 00h00m00s | stage:sat:solve:done ms=25 result=Sat assumptions=0 phase_lits=0
c 00h00m00s | stage:decode:start
c 00h00m00s | stage:decode:done int_assignments=100
c 00h00m00s | result:Sat
c 00h00m00s | objective:incumbent kind=improvement value=5331 rounds=2 improvements=1
o 5331
c objective-cut:rss-guard enabled=false
c 00h00m00s | stage:objective-cut:add timing=incremental-hard backend=cnf form=direct-expr clauses_added=5150
c 00h00m00s | stage:sat:init solver=CaDiCaL vars=30552 clauses=53785
c 00h00m00s | stage:sat:solve:start assumptions=0 phase_lits=0
c 00h00m00s | stage:sat:solve:done ms=37 result=Sat assumptions=0 phase_lits=0
c 00h00m00s | stage:decode:start
c 00h00m00s | stage:decode:done int_assignments=100
c 00h00m00s | result:Sat
c 00h00m00s | objective:incumbent kind=improvement value=5001 rounds=3 improvements=2
o 5001
c objective-cut:rss-guard enabled=false
c 00h00m00s | stage:objective-cut:add timing=incremental-hard backend=cnf form=direct-expr clauses_added=5181
c 00h00m00s | stage:sat:init solver=CaDiCaL vars=33052 clauses=58966
c 00h00m00s | stage:sat:solve:start assumptions=0 phase_lits=0
c 00h00m00s | stage:sat:solve:done ms=26 result=Sat assumptions=0 phase_lits=0
c 00h00m00s | stage:decode:start
c 00h00m00s | stage:decode:done int_assignments=100
c 00h00m00s | result:Sat
c 00h00m00s | objective:incumbent kind=improvement value=4993 rounds=4 improvements=3
o 4993
c objective-cut:rss-guard enabled=false
c 00h00m00s | stage:objective-cut:add timing=incremental-hard backend=cnf form=direct-expr clauses_added=5171
c 00h00m00s | stage:sat:init solver=CaDiCaL vars=35546 clauses=64137
c 00h00m00s | stage:sat:solve:start assumptions=0 phase_lits=0
c 00h00m00s | stage:sat:solve:done ms=18 result=Sat assumptions=0 phase_lits=0
c 00h00m00s | stage:decode:start
c 00h00m00s | stage:decode:done int_assignments=100
c 00h00m00s | result:Sat
c 00h00m00s | objective:incumbent kind=improvement value=4947 rounds=5 improvements=4
o 4947
c objective-cut:rss-guard enabled=false
c 00h00m00s | stage:objective-cut:add timing=incremental-hard backend=cnf form=direct-expr clauses_added=5159
c 00h00m00s | stage:sat:init solver=CaDiCaL vars=38030 clauses=69296
c 00h00m00s | stage:sat:solve:start assumptions=0 phase_lits=0
c 00h00m00s | stage:sat:solve:done ms=40 result=Sat assumptions=0 phase_lits=0
c 00h00m00s | stage:decode:start
c 00h00m00s | stage:decode:done int_assignments=100
c 00h00m00s | result:Sat
c 00h00m00s | objective:incumbent kind=improvement value=4946 rounds=6 improvements=5
o 4946
c objective-cut:rss-guard enabled=false
c 00h00m00s | stage:objective-cut:add timing=incremental-hard backend=cnf form=direct-expr clauses_added=5176
c 00h00m00s | stage:sat:init solver=CaDiCaL vars=40524 clauses=74472
c 00h00m00s | stage:sat:solve:start assumptions=0 phase_lits=0
c 00h00m00s | stage:sat:solve:done ms=286 result=Sat assumptions=0 phase_lits=0
c 00h00m00s | stage:decode:start
c 00h00m00s | stage:decode:done int_assignments=100
c 00h00m00s | result:Sat
c 00h00m00s | objective:incumbent kind=improvement value=4945 rounds=7 improvements=6
o 4945
c objective-cut:rss-guard enabled=false
c 00h00m00s | stage:objective-cut:add timing=incremental-hard backend=cnf form=direct-expr clauses_added=5182
c 00h00m00s | stage:sat:init solver=CaDiCaL vars=43022 clauses=79654
c 00h00m00s | stage:sat:solve:start assumptions=0 phase_lits=0
c 00h00m00s | stage:sat:solve:done ms=13 result=Sat assumptions=0 phase_lits=0
c 00h00m00s | stage:decode:start
c 00h00m00s | stage:decode:done int_assignments=100
c 00h00m00s | result:Sat
c 00h00m00s | objective:incumbent kind=improvement value=4929 rounds=8 improvements=7
o 4929
c objective-cut:rss-guard enabled=false
c 00h00m00s | stage:objective-cut:add timing=incremental-hard backend=cnf form=direct-expr clauses_added=5156
c 00h00m00s | stage:sat:init solver=CaDiCaL vars=45510 clauses=84810
c 00h00m00s | stage:sat:solve:start assumptions=0 phase_lits=0
c 00h00m00s | stage:sat:solve:done ms=13 result=Sat assumptions=0 phase_lits=0
c 00h00m00s | stage:decode:start
c 00h00m00s | stage:decode:done int_assignments=100
c 00h00m00s | result:Sat
c 00h00m00s | objective:incumbent kind=improvement value=4904 rounds=9 improvements=8
o 4904
c objective-cut:rss-guard enabled=false
c 00h00m00s | stage:objective-cut:add timing=incremental-hard backend=cnf form=direct-expr clauses_added=5153
c 00h00m00s | stage:sat:init solver=CaDiCaL vars=47996 clauses=89963
c 00h00m00s | stage:sat:solve:start assumptions=0 phase_lits=0
c 00h00m00s | stage:sat:solve:done ms=12 result=Sat assumptions=0 phase_lits=0
c 00h00m00s | stage:decode:start
c 00h00m00s | stage:decode:done int_assignments=100
c 00h00m00s | result:Sat
c 00h00m00s | objective:incumbent kind=improvement value=4737 rounds=10 improvements=9
o 4737
c objective-cut:rss-guard enabled=false
c 00h00m00s | stage:objective-cut:add timing=incremental-hard backend=cnf form=direct-expr clauses_added=5173
c 00h00m00s | stage:sat:init solver=CaDiCaL vars=50490 clauses=95136
c 00h00m00s | stage:sat:solve:start assumptions=0 phase_lits=0
c 00h00m00s | stage:sat:solve:done ms=14 result=Sat assumptions=0 phase_lits=0
c 00h00m00s | stage:decode:start
c 00h00m00s | stage:decode:done int_assignments=100
c 00h00m00s | result:Sat
c 00h00m00s | objective:incumbent kind=improvement value=4734 rounds=11 improvements=10
o 4734
c objective-cut:rss-guard enabled=false
c 00h00m00s | stage:objective-cut:add timing=incremental-hard backend=cnf form=direct-expr clauses_added=5187
c 00h00m00s | stage:sat:init solver=CaDiCaL vars=52992 clauses=100323
c 00h00m00s | stage:sat:solve:start assumptions=0 phase_lits=0
c 00h00m00s | stage:sat:solve:done ms=13 result=Sat assumptions=0 phase_lits=0
c 00h00m00s | stage:decode:start
c 00h00m00s | stage:decode:done int_assignments=100
c 00h00m00s | result:Sat
c 00h00m00s | objective:incumbent kind=improvement value=4729 rounds=12 improvements=11
o 4729
c objective-cut:rss-guard enabled=false
c 00h00m00s | stage:objective-cut:add timing=incremental-hard backend=cnf form=direct-expr clauses_added=5185
c 00h00m00s | stage:sat:init solver=CaDiCaL vars=55492 clauses=105508
c 00h00m00s | stage:sat:solve:start assumptions=0 phase_lits=0
c 00h00m00s | stage:sat:solve:done ms=32 result=Sat assumptions=0 phase_lits=0
c 00h00m00s | stage:decode:start
c 00h00m00s | stage:decode:done int_assignments=100
c 00h00m00s | result:Sat
c 00h00m00s | objective:incumbent kind=improvement value=4557 rounds=13 improvements=12
o 4557
c objective-cut:rss-guard enabled=false
c 00h00m00s | stage:objective-cut:add timing=incremental-hard backend=cnf form=direct-expr clauses_added=5189
c 00h00m00s | stage:sat:init solver=CaDiCaL vars=57991 clauses=110697
c 00h00m00s | stage:sat:solve:start assumptions=0 phase_lits=0
c 00h00m00s | stage:sat:solve:done ms=9 result=Sat assumptions=0 phase_lits=0
c 00h00m00s | stage:decode:start
c 00h00m00s | stage:decode:done int_assignments=100
c 00h00m00s | result:Sat
c 00h00m00s | objective:incumbent kind=improvement value=4547 rounds=14 improvements=13
o 4547
c objective-cut:rss-guard enabled=false
c 00h00m00s | stage:objective-cut:add timing=incremental-hard backend=cnf form=direct-expr clauses_added=5160
c 00h00m00s | stage:sat:init solver=CaDiCaL vars=60476 clauses=115857
c 00h00m00s | stage:sat:solve:start assumptions=0 phase_lits=0
c 00h00m00s | stage:sat:solve:done ms=15 result=Sat assumptions=0 phase_lits=0
c 00h00m00s | stage:decode:start
c 00h00m00s | stage:decode:done int_assignments=100
c 00h00m00s | result:Sat
c 00h00m00s | objective:incumbent kind=improvement value=4545 rounds=15 improvements=14
o 4545
c objective-cut:rss-guard enabled=false
c 00h00m00s | stage:objective-cut:add timing=incremental-hard backend=cnf form=direct-expr clauses_added=5165
c 00h00m00s | stage:sat:init solver=CaDiCaL vars=62965 clauses=121022
c 00h00m00s | stage:sat:solve:start assumptions=0 phase_lits=0
c 00h00m00s | stage:sat:solve:done ms=14 result=Sat assumptions=0 phase_lits=0
c 00h00m00s | stage:decode:start
c 00h00m00s | stage:decode:done int_assignments=100
c 00h00m00s | result:Sat
c 00h00m00s | objective:incumbent kind=improvement value=4512 rounds=16 improvements=15
o 4512
c objective-cut:rss-guard enabled=false
c 00h00m00s | stage:objective-cut:add timing=incremental-hard backend=cnf form=direct-expr clauses_added=5161
c 00h00m00s | stage:sat:init solver=CaDiCaL vars=65450 clauses=126183
c 00h00m00s | stage:sat:solve:start assumptions=0 phase_lits=0
c 00h00m00s | stage:sat:solve:done ms=23 result=Sat assumptions=0 phase_lits=0
c 00h00m00s | stage:decode:start
c 00h00m00s | stage:decode:done int_assignments=100
c 00h00m00s | result:Sat
c 00h00m00s | objective:incumbent kind=improvement value=4499 rounds=17 improvements=16
o 4499
c objective-cut:rss-guard enabled=false
c 00h00m00s | stage:objective-cut:add timing=incremental-hard backend=cnf form=direct-expr clauses_added=5140
c 00h00m00s | stage:sat:init solver=CaDiCaL vars=67922 clauses=131323
c 00h00m00s | stage:sat:solve:start assumptions=0 phase_lits=0
c 00h00m00s | stage:sat:solve:done ms=21 result=Sat assumptions=0 phase_lits=0
c 00h00m00s | stage:decode:start
c 00h00m00s | stage:decode:done int_assignments=100
c 00h00m00s | result:Sat
c 00h00m00s | objective:incumbent kind=improvement value=4498 rounds=18 improvements=17
o 4498
c objective-cut:rss-guard enabled=false
c 00h00m00s | stage:objective-cut:add timing=incremental-hard backend=cnf form=direct-expr clauses_added=5157
c 00h00m00s | stage:sat:init solver=CaDiCaL vars=70404 clauses=136480
c 00h00m00s | stage:sat:solve:start assumptions=0 phase_lits=0
c 00h00m00s | stage:sat:solve:done ms=17 result=Sat assumptions=0 phase_lits=0
c 00h00m00s | stage:decode:start
c 00h00m00s | stage:decode:done int_assignments=100
c 00h00m00s | result:Sat
c 00h00m00s | objective:incumbent kind=improvement value=4497 rounds=19 improvements=18
o 4497
c objective-cut:rss-guard enabled=false
c 00h00m00s | stage:objective-cut:add timing=incremental-hard backend=cnf form=direct-expr clauses_added=5173
c 00h00m00s | stage:sat:init solver=CaDiCaL vars=72897 clauses=141653
c 00h00m00s | stage:sat:solve:start assumptions=0 phase_lits=0
c 00h00m00s | stage:sat:solve:done ms=22 result=Sat assumptions=0 phase_lits=0
c 00h00m00s | stage:decode:start
c 00h00m00s | stage:decode:done int_assignments=100
c 00h00m00s | result:Sat
c 00h00m00s | objective:incumbent kind=improvement value=4481 rounds=20 improvements=19
o 4481
c objective-cut:rss-guard enabled=false
c 00h00m00s | stage:objective-cut:add timing=incremental-hard backend=cnf form=direct-expr clauses_added=5165
c 00h00m00s | stage:sat:init solver=CaDiCaL vars=75386 clauses=146818
c 00h00m00s | stage:sat:solve:start assumptions=0 phase_lits=0
c 00h00m00s | stage:sat:solve:done ms=20 result=Sat assumptions=0 phase_lits=0
c 00h00m00s | stage:decode:start
c 00h00m00s | stage:decode:done int_assignments=100
c 00h00m00s | result:Sat
c 00h00m00s | objective:incumbent kind=improvement value=4480 rounds=21 improvements=20
o 4480
c objective-cut:rss-guard enabled=false
c 00h00m00s | stage:objective-cut:add timing=incremental-hard backend=cnf form=direct-expr clauses_added=5151
c 00h00m00s | stage:sat:init solver=CaDiCaL vars=77867 clauses=151969
c 00h00m00s | stage:sat:solve:start assumptions=0 phase_lits=0
c 00h00m00s | stage:sat:solve:done ms=34 result=Sat assumptions=0 phase_lits=0
c 00h00m00s | stage:decode:start
c 00h00m00s | stage:decode:done int_assignments=100
c 00h00m00s | result:Sat
c 00h00m00s | objective:incumbent kind=improvement value=4389 rounds=22 improvements=21
o 4389
c objective-cut:rss-guard enabled=false
c 00h00m00s | stage:objective-cut:add timing=incremental-hard backend=cnf form=direct-expr clauses_added=5162
c 00h00m00s | stage:sat:init solver=CaDiCaL vars=80358 clauses=157131
c 00h00m00s | stage:sat:solve:start assumptions=0 phase_lits=0
c 00h00m00s | stage:sat:solve:done ms=39 result=Sat assumptions=0 phase_lits=0
c 00h00m00s | stage:decode:start
c 00h00m00s | stage:decode:done int_assignments=100
c 00h00m00s | result:Sat
c 00h00m00s | objective:incumbent kind=improvement value=4388 rounds=23 improvements=22
o 4388
c objective-cut:rss-guard enabled=false
c 00h00m00s | stage:objective-cut:add timing=incremental-hard backend=cnf form=direct-expr clauses_added=5144
c 00h00m00s | stage:sat:init solver=CaDiCaL vars=82839 clauses=162275
c 00h00m00s | stage:sat:solve:start assumptions=0 phase_lits=0
c 00h00m00s | stage:sat:solve:done ms=32 result=Sat assumptions=0 phase_lits=0
c 00h00m00s | stage:decode:start
c 00h00m00s | stage:decode:done int_assignments=100
c 00h00m00s | result:Sat
c 00h00m00s | objective:incumbent kind=improvement value=4385 rounds=24 improvements=23
o 4385
c objective-cut:rss-guard enabled=false
c 00h00m00s | stage:objective-cut:add timing=incremental-hard backend=cnf form=direct-expr clauses_added=5151
c 00h00m00s | stage:sat:init solver=CaDiCaL vars=85324 clauses=167426
c 00h00m00s | stage:sat:solve:start assumptions=0 phase_lits=0
c 00h00m01s | stage:sat:solve:done ms=25 result=Sat assumptions=0 phase_lits=0
c 00h00m01s | stage:decode:start
c 00h00m01s | stage:decode:done int_assignments=100
c 00h00m01s | result:Sat
c 00h00m01s | objective:incumbent kind=improvement value=4369 rounds=25 improvements=24
o 4369
c objective-cut:rss-guard enabled=false
c 00h00m01s | stage:objective-cut:add timing=incremental-hard backend=cnf form=direct-expr clauses_added=5156
c 00h00m01s | stage:sat:init solver=CaDiCaL vars=87811 clauses=172582
c 00h00m01s | stage:sat:solve:start assumptions=0 phase_lits=0
c 00h00m01s | stage:sat:solve:done ms=19 result=Sat assumptions=0 phase_lits=0
c 00h00m01s | stage:decode:start
c 00h00m01s | stage:decode:done int_assignments=100
c 00h00m01s | result:Sat
c 00h00m01s | objective:incumbent kind=improvement value=4364 rounds=26 improvements=25
o 4364
c objective-cut:rss-guard enabled=false
c 00h00m01s | stage:objective-cut:add timing=incremental-hard backend=cnf form=direct-expr clauses_added=5124
c 00h00m01s | stage:sat:init solver=CaDiCaL vars=90280 clauses=177706
c 00h00m01s | stage:sat:solve:start assumptions=0 phase_lits=0
c 00h00m01s | stage:sat:solve:done ms=282 result=Sat assumptions=0 phase_lits=0
c 00h00m01s | stage:decode:start
c 00h00m01s | stage:decode:done int_assignments=100
c 00h00m01s | result:Sat
c 00h00m01s | objective:incumbent kind=improvement value=4355 rounds=27 improvements=26
o 4355
c objective-cut:rss-guard enabled=false
c 00h00m01s | stage:objective-cut:add timing=incremental-hard backend=cnf form=direct-expr clauses_added=5139
c 00h00m01s | stage:sat:init solver=CaDiCaL vars=92757 clauses=182845
c 00h00m01s | stage:sat:solve:start assumptions=0 phase_lits=0
c 00h00m01s | stage:sat:solve:done ms=33 result=Sat assumptions=0 phase_lits=0
c 00h00m01s | stage:decode:start
c 00h00m01s | stage:decode:done int_assignments=100
c 00h00m01s | result:Sat
c 00h00m01s | objective:incumbent kind=improvement value=4353 rounds=28 improvements=27
o 4353
c objective-cut:rss-guard enabled=false
c 00h00m01s | stage:objective-cut:add timing=incremental-hard backend=cnf form=direct-expr clauses_added=5148
c 00h00m01s | stage:sat:init solver=CaDiCaL vars=95240 clauses=187993
c 00h00m01s | stage:sat:solve:start assumptions=0 phase_lits=0
c 00h00m01s | stage:sat:solve:done ms=33 result=Sat assumptions=0 phase_lits=0
c 00h00m01s | stage:decode:start
c 00h00m01s | stage:decode:done int_assignments=100
c 00h00m01s | result:Sat
c 00h00m01s | objective:incumbent kind=improvement value=4352 rounds=29 improvements=28
o 4352
c objective-cut:rss-guard enabled=false
c 00h00m01s | stage:objective-cut:add timing=incremental-hard backend=cnf form=direct-expr clauses_added=5134
c 00h00m01s | stage:sat:init solver=CaDiCaL vars=97715 clauses=193127
c 00h00m01s | stage:sat:solve:start assumptions=0 phase_lits=0
c 00h00m01s | stage:sat:solve:done ms=35 result=Sat assumptions=0 phase_lits=0
c 00h00m01s | stage:decode:start
c 00h00m01s | stage:decode:done int_assignments=100
c 00h00m01s | result:Sat
c 00h00m01s | objective:incumbent kind=improvement value=4333 rounds=30 improvements=29
o 4333
c objective-cut:rss-guard enabled=false
c 00h00m01s | stage:objective-cut:add timing=incremental-hard backend=cnf form=direct-expr clauses_added=5168
c 00h00m01s | stage:sat:init solver=CaDiCaL vars=100206 clauses=198295
c 00h00m01s | stage:sat:solve:start assumptions=0 phase_lits=0
c 00h00m01s | stage:sat:solve:done ms=45 result=Sat assumptions=0 phase_lits=0
c 00h00m01s | stage:decode:start
c 00h00m01s | stage:decode:done int_assignments=100
c 00h00m01s | result:Sat
c 00h00m01s | objective:incumbent kind=improvement value=4204 rounds=31 improvements=30
o 4204
c objective-cut:rss-guard enabled=false
c 00h00m01s | stage:objective-cut:add timing=incremental-hard backend=cnf form=direct-expr clauses_added=5138
c 00h00m01s | stage:sat:init solver=CaDiCaL vars=102679 clauses=203433
c 00h00m01s | stage:sat:solve:start assumptions=0 phase_lits=0
c 00h00m01s | stage:sat:solve:done ms=30 result=Sat assumptions=0 phase_lits=0
c 00h00m01s | stage:decode:start
c 00h00m01s | stage:decode:done int_assignments=100
c 00h00m01s | result:Sat
c 00h00m01s | objective:incumbent kind=improvement value=4203 rounds=32 improvements=31
o 4203
c objective-cut:rss-guard enabled=false
c 00h00m01s | stage:objective-cut:add timing=incremental-hard backend=cnf form=direct-expr clauses_added=5136
c 00h00m01s | stage:sat:init solver=CaDiCaL vars=105150 clauses=208569
c 00h00m01s | stage:sat:solve:start assumptions=0 phase_lits=0
c 00h00m01s | stage:sat:solve:done ms=23 result=Sat assumptions=0 phase_lits=0
c 00h00m01s | stage:decode:start
c 00h00m01s | stage:decode:done int_assignments=100
c 00h00m01s | result:Sat
c 00h00m01s | objective:incumbent kind=improvement value=4200 rounds=33 improvements=32
o 4200
c objective-cut:rss-guard enabled=false
c 00h00m01s | stage:objective-cut:add timing=incremental-hard backend=cnf form=direct-expr clauses_added=5130
c 00h00m01s | stage:sat:init solver=CaDiCaL vars=107620 clauses=213699
c 00h00m01s | stage:sat:solve:start assumptions=0 phase_lits=0
c 00h00m01s | stage:sat:solve:done ms=129 result=Sat assumptions=0 phase_lits=0
c 00h00m01s | stage:decode:start
c 00h00m01s | stage:decode:done int_assignments=100
c 00h00m01s | result:Sat
c 00h00m01s | objective:incumbent kind=improvement value=4196 rounds=34 improvements=33
o 4196
c objective-cut:rss-guard enabled=false
c 00h00m01s | stage:objective-cut:add timing=incremental-hard backend=cnf form=direct-expr clauses_added=5150
c 00h00m01s | stage:sat:init solver=CaDiCaL vars=110102 clauses=218849
c 00h00m01s | stage:sat:solve:start assumptions=0 phase_lits=0
c 00h00m01s | stage:sat:solve:done ms=105 result=Sat assumptions=0 phase_lits=0
c 00h00m01s | stage:decode:start
c 00h00m01s | stage:decode:done int_assignments=100
c 00h00m01s | result:Sat
c 00h00m01s | objective:incumbent kind=improvement value=4151 rounds=35 improvements=34
o 4151
c objective-cut:rss-guard enabled=false
c 00h00m01s | stage:objective-cut:add timing=incremental-hard backend=cnf form=direct-expr clauses_added=5148
c 00h00m01s | stage:sat:init solver=CaDiCaL vars=112584 clauses=223997
c 00h00m01s | stage:sat:solve:start assumptions=0 phase_lits=0
c 00h00m01s | stage:sat:solve:done ms=30 result=Sat assumptions=0 phase_lits=0
c 00h00m01s | stage:decode:start
c 00h00m01s | stage:decode:done int_assignments=100
c 00h00m01s | result:Sat
c 00h00m01s | objective:incumbent kind=improvement value=4149 rounds=36 improvements=35
o 4149
c objective-cut:rss-guard enabled=false
c 00h00m01s | stage:objective-cut:add timing=incremental-hard backend=cnf form=direct-expr clauses_added=5167
c 00h00m01s | stage:sat:init solver=CaDiCaL vars=115076 clauses=229164
c 00h00m01s | stage:sat:solve:start assumptions=0 phase_lits=0
c 00h00m01s | stage:sat:solve:done ms=32 result=Sat assumptions=0 phase_lits=0
c 00h00m01s | stage:decode:start
c 00h00m01s | stage:decode:done int_assignments=100
c 00h00m01s | result:Sat
c 00h00m01s | objective:incumbent kind=improvement value=4147 rounds=37 improvements=36
o 4147
c objective-cut:rss-guard enabled=false
c 00h00m01s | stage:objective-cut:add timing=incremental-hard backend=cnf form=direct-expr clauses_added=5139
c 00h00m01s | stage:sat:init solver=CaDiCaL vars=117552 clauses=234303
c 00h00m01s | stage:sat:solve:start assumptions=0 phase_lits=0
c 00h00m01s | stage:sat:solve:done ms=35 result=Sat assumptions=0 phase_lits=0
c 00h00m01s | stage:decode:start
c 00h00m01s | stage:decode:done int_assignments=100
c 00h00m01s | result:Sat
c 00h00m01s | objective:incumbent kind=improvement value=4136 rounds=38 improvements=37
o 4136
c objective-cut:rss-guard enabled=false
c 00h00m01s | stage:objective-cut:add timing=incremental-hard backend=cnf form=direct-expr clauses_added=5137
c 00h00m01s | stage:sat:init solver=CaDiCaL vars=120028 clauses=239440
c 00h00m01s | stage:sat:solve:start assumptions=0 phase_lits=0
c 00h00m01s | stage:sat:solve:done ms=44 result=Sat assumptions=0 phase_lits=0
c 00h00m01s | stage:decode:start
c 00h00m01s | stage:decode:done int_assignments=100
c 00h00m01s | result:Sat
c 00h00m01s | objective:incumbent kind=improvement value=4133 rounds=39 improvements=38
o 4133
c objective-cut:rss-guard enabled=false
c 00h00m01s | stage:objective-cut:add timing=incremental-hard backend=cnf form=direct-expr clauses_added=5167
c 00h00m01s | stage:sat:init solver=CaDiCaL vars=122520 clauses=244607
c 00h00m01s | stage:sat:solve:start assumptions=0 phase_lits=0
c 00h00m02s | stage:sat:solve:done ms=31 result=Sat assumptions=0 phase_lits=0
c 00h00m02s | stage:decode:start
c 00h00m02s | stage:decode:done int_assignments=100
c 00h00m02s | result:Sat
c 00h00m02s | objective:incumbent kind=improvement value=4132 rounds=40 improvements=39
o 4132
c objective-cut:rss-guard enabled=false
c 00h00m02s | stage:objective-cut:add timing=incremental-hard backend=cnf form=direct-expr clauses_added=5149
c 00h00m02s | stage:sat:init solver=CaDiCaL vars=125002 clauses=249756
c 00h00m02s | stage:sat:solve:start assumptions=0 phase_lits=0
c 00h00m02s | stage:sat:solve:done ms=26 result=Sat assumptions=0 phase_lits=0
c 00h00m02s | stage:decode:start
c 00h00m02s | stage:decode:done int_assignments=100
c 00h00m02s | result:Sat
c 00h00m02s | objective:incumbent kind=improvement value=4123 rounds=41 improvements=40
o 4123
c objective-cut:rss-guard enabled=false
c 00h00m02s | stage:objective-cut:add timing=incremental-hard backend=cnf form=direct-expr clauses_added=5141
c 00h00m02s | stage:sat:init solver=CaDiCaL vars=127478 clauses=254897
c 00h00m02s | stage:sat:solve:start assumptions=0 phase_lits=0
c 00h00m02s | stage:sat:solve:done ms=51 result=Sat assumptions=0 phase_lits=0
c 00h00m02s | stage:decode:start
c 00h00m02s | stage:decode:done int_assignments=100
c 00h00m02s | result:Sat
c 00h00m02s | objective:incumbent kind=improvement value=4121 rounds=42 improvements=41
o 4121
c objective-cut:rss-guard enabled=false
c 00h00m02s | stage:objective-cut:add timing=incremental-hard backend=cnf form=direct-expr clauses_added=5165
c 00h00m02s | stage:sat:init solver=CaDiCaL vars=129968 clauses=260062
c 00h00m02s | stage:sat:solve:start assumptions=0 phase_lits=0
c 00h00m02s | stage:sat:solve:done ms=71 result=Sat assumptions=0 phase_lits=0
c 00h00m02s | stage:decode:start
c 00h00m02s | stage:decode:done int_assignments=100
c 00h00m02s | result:Sat
c 00h00m02s | objective:incumbent kind=improvement value=4114 rounds=43 improvements=42
o 4114
c objective-cut:rss-guard enabled=false
c 00h00m02s | stage:objective-cut:add timing=incremental-hard backend=cnf form=direct-expr clauses_added=5152
c 00h00m02s | stage:sat:init solver=CaDiCaL vars=132450 clauses=265214
c 00h00m02s | stage:sat:solve:start assumptions=0 phase_lits=0
c 00h00m02s | stage:sat:solve:done ms=35 result=Sat assumptions=0 phase_lits=0
c 00h00m02s | stage:decode:start
c 00h00m02s | stage:decode:done int_assignments=100
c 00h00m02s | result:Sat
c 00h00m02s | objective:incumbent kind=improvement value=4113 rounds=44 improvements=43
o 4113
c objective-cut:rss-guard enabled=false
c 00h00m02s | stage:objective-cut:add timing=incremental-hard backend=cnf form=direct-expr clauses_added=5161
c 00h00m02s | stage:sat:init solver=CaDiCaL vars=134938 clauses=270375
c 00h00m02s | stage:sat:solve:start assumptions=0 phase_lits=0
c 00h00m02s | stage:sat:solve:done ms=35 result=Sat assumptions=0 phase_lits=0
c 00h00m02s | stage:decode:start
c 00h00m02s | stage:decode:done int_assignments=100
c 00h00m02s | result:Sat
c 00h00m02s | objective:incumbent kind=improvement value=4105 rounds=45 improvements=44
o 4105
c objective-cut:rss-guard enabled=false
c 00h00m02s | stage:objective-cut:add timing=incremental-hard backend=cnf form=direct-expr clauses_added=5163
c 00h00m02s | stage:sat:init solver=CaDiCaL vars=137428 clauses=275538
c 00h00m02s | stage:sat:solve:start assumptions=0 phase_lits=0
c 00h00m02s | stage:sat:solve:done ms=41 result=Sat assumptions=0 phase_lits=0
c 00h00m02s | stage:decode:start
c 00h00m02s | stage:decode:done int_assignments=100
c 00h00m02s | result:Sat
c 00h00m02s | objective:incumbent kind=improvement value=4104 rounds=46 improvements=45
o 4104
c objective-cut:rss-guard enabled=false
c 00h00m02s | stage:objective-cut:add timing=incremental-hard backend=cnf form=direct-expr clauses_added=5141
c 00h00m02s | stage:sat:init solver=CaDiCaL vars=139906 clauses=280679
c 00h00m02s | stage:sat:solve:start assumptions=0 phase_lits=0
c 00h00m02s | stage:sat:solve:done ms=71 result=Sat assumptions=0 phase_lits=0
c 00h00m02s | stage:decode:start
c 00h00m02s | stage:decode:done int_assignments=100
c 00h00m02s | result:Sat
c 00h00m02s | objective:incumbent kind=improvement value=4103 rounds=47 improvements=46
o 4103
c objective-cut:rss-guard enabled=false
c 00h00m02s | stage:objective-cut:add timing=incremental-hard backend=cnf form=direct-expr clauses_added=5146
c 00h00m02s | stage:sat:init solver=CaDiCaL vars=142386 clauses=285825
c 00h00m02s | stage:sat:solve:start assumptions=0 phase_lits=0
c 00h00m02s | stage:sat:solve:done ms=66 result=Sat assumptions=0 phase_lits=0
c 00h00m02s | stage:decode:start
c 00h00m02s | stage:decode:done int_assignments=100
c 00h00m02s | result:Sat
c 00h00m02s | objective:incumbent kind=improvement value=4102 rounds=48 improvements=47
o 4102
c objective-cut:rss-guard enabled=false
c 00h00m02s | stage:objective-cut:add timing=incremental-hard backend=cnf form=direct-expr clauses_added=5166
c 00h00m02s | stage:sat:init solver=CaDiCaL vars=144878 clauses=290991
c 00h00m02s | stage:sat:solve:start assumptions=0 phase_lits=0
c 00h00m02s | stage:sat:solve:done ms=50 result=Sat assumptions=0 phase_lits=0
c 00h00m02s | stage:decode:start
c 00h00m02s | stage:decode:done int_assignments=100
c 00h00m02s | result:Sat
c 00h00m02s | objective:incumbent kind=improvement value=4101 rounds=49 improvements=48
o 4101
c objective-cut:rss-guard enabled=false
c 00h00m02s | stage:objective-cut:add timing=incremental-hard backend=cnf form=direct-expr clauses_added=5168
c 00h00m02s | stage:sat:init solver=CaDiCaL vars=147370 clauses=296159
c 00h00m02s | stage:sat:solve:start assumptions=0 phase_lits=0
c 00h00m02s | stage:sat:solve:done ms=68 result=Sat assumptions=0 phase_lits=0
c 00h00m02s | stage:decode:start
c 00h00m02s | stage:decode:done int_assignments=100
c 00h00m02s | result:Sat
c 00h00m02s | objective:incumbent kind=improvement value=4100 rounds=50 improvements=49
o 4100
c objective-cut:rss-guard enabled=false
c 00h00m02s | stage:objective-cut:add timing=incremental-hard backend=cnf form=direct-expr clauses_added=5150
c 00h00m02s | stage:sat:init solver=CaDiCaL vars=149852 clauses=301309
c 00h00m02s | stage:sat:solve:start assumptions=0 phase_lits=0
c 00h00m02s | stage:sat:solve:done ms=56 result=Sat assumptions=0 phase_lits=0
c 00h00m02s | stage:decode:start
c 00h00m02s | stage:decode:done int_assignments=100
c 00h00m02s | result:Sat
c 00h00m02s | objective:incumbent kind=improvement value=4097 rounds=51 improvements=50
o 4097
c objective-cut:rss-guard enabled=false
c 00h00m02s | stage:objective-cut:add timing=incremental-hard backend=cnf form=direct-expr clauses_added=5153
c 00h00m02s | stage:sat:init solver=CaDiCaL vars=152336 clauses=306462
c 00h00m02s | stage:sat:solve:start assumptions=0 phase_lits=0
c 00h00m02s | stage:sat:solve:done ms=53 result=Sat assumptions=0 phase_lits=0
c 00h00m02s | stage:decode:start
c 00h00m02s | stage:decode:done int_assignments=100
c 00h00m02s | result:Sat
c 00h00m02s | objective:incumbent kind=improvement value=4080 rounds=52 improvements=51
o 4080
c objective-cut:rss-guard enabled=false
c 00h00m02s | stage:objective-cut:add timing=incremental-hard backend=cnf form=direct-expr clauses_added=5149
c 00h00m02s | stage:sat:init solver=CaDiCaL vars=154816 clauses=311611
c 00h00m02s | stage:sat:solve:start assumptions=0 phase_lits=0
c 00h00m02s | stage:sat:solve:done ms=132 result=Sat assumptions=0 phase_lits=0
c 00h00m02s | stage:decode:start
c 00h00m02s | stage:decode:done int_assignments=100
c 00h00m02s | result:Sat
c 00h00m02s | objective:incumbent kind=improvement value=4073 rounds=53 improvements=52
o 4073
c objective-cut:rss-guard enabled=false
c 00h00m02s | stage:objective-cut:add timing=incremental-hard backend=cnf form=direct-expr clauses_added=5167
c 00h00m02s | stage:sat:init solver=CaDiCaL vars=157306 clauses=316778
c 00h00m02s | stage:sat:solve:start assumptions=0 phase_lits=0
c 00h00m02s | stage:sat:solve:done ms=56 result=Sat assumptions=0 phase_lits=0
c 00h00m02s | stage:decode:start
c 00h00m02s | stage:decode:done int_assignments=100
c 00h00m02s | result:Sat
c 00h00m02s | objective:incumbent kind=improvement value=4044 rounds=54 improvements=53
o 4044
c objective-cut:rss-guard enabled=false
c 00h00m02s | stage:objective-cut:add timing=incremental-hard backend=cnf form=direct-expr clauses_added=5125
c 00h00m02s | stage:sat:init solver=CaDiCaL vars=159772 clauses=321903
c 00h00m02s | stage:sat:solve:start assumptions=0 phase_lits=0
c 00h00m03s | stage:sat:solve:done ms=670 result=Sat assumptions=0 phase_lits=0
c 00h00m03s | stage:decode:start
c 00h00m03s | stage:decode:done int_assignments=100
c 00h00m03s | result:Sat
c 00h00m03s | objective:incumbent kind=improvement value=4017 rounds=55 improvements=54
o 4017
c objective-cut:rss-guard enabled=false
c 00h00m03s | stage:objective-cut:add timing=incremental-hard backend=cnf form=direct-expr clauses_added=5164
c 00h00m03s | stage:sat:init solver=CaDiCaL vars=162260 clauses=327067
c 00h00m03s | stage:sat:solve:start assumptions=0 phase_lits=0
c 00h00m03s | stage:sat:solve:done ms=33 result=Sat assumptions=0 phase_lits=0
c 00h00m03s | stage:decode:start
c 00h00m03s | stage:decode:done int_assignments=100
c 00h00m03s | result:Sat
c 00h00m03s | objective:incumbent kind=improvement value=3916 rounds=56 improvements=55
o 3916
c objective-cut:rss-guard enabled=false
c 00h00m03s | stage:objective-cut:add timing=incremental-hard backend=cnf form=direct-expr clauses_added=5111
c 00h00m03s | stage:sat:init solver=CaDiCaL vars=164718 clauses=332178
c 00h00m03s | stage:sat:solve:start assumptions=0 phase_lits=0
c 00h00m03s | stage:sat:solve:done ms=13 result=Sat assumptions=0 phase_lits=0
c 00h00m03s | stage:decode:start
c 00h00m03s | stage:decode:done int_assignments=100
c 00h00m03s | result:Sat
c 00h00m03s | objective:incumbent kind=improvement value=3436 rounds=57 improvements=56
o 3436
c objective-cut:rss-guard enabled=false
c 00h00m03s | stage:objective-cut:add timing=incremental-hard backend=cnf form=direct-expr clauses_added=5145
c 00h00m03s | stage:sat:init solver=CaDiCaL vars=167192 clauses=337323
c 00h00m03s | stage:sat:solve:start assumptions=0 phase_lits=0
c 00h00m03s | stage:sat:solve:done ms=19 result=Sat assumptions=0 phase_lits=0
c 00h00m03s | stage:decode:start
c 00h00m03s | stage:decode:done int_assignments=100
c 00h00m03s | result:Sat
c 00h00m03s | objective:incumbent kind=improvement value=3428 rounds=58 improvements=57
o 3428
c objective-cut:rss-guard enabled=false
c 00h00m03s | stage:objective-cut:add timing=incremental-hard backend=cnf form=direct-expr clauses_added=5157
c 00h00m03s | stage:sat:init solver=CaDiCaL vars=169674 clauses=342480
c 00h00m03s | stage:sat:solve:start assumptions=0 phase_lits=0
c 00h00m03s | stage:sat:solve:done ms=20 result=Sat assumptions=0 phase_lits=0
c 00h00m03s | stage:decode:start
c 00h00m03s | stage:decode:done int_assignments=100
c 00h00m03s | result:Sat
c 00h00m03s | objective:incumbent kind=improvement value=3427 rounds=59 improvements=58
o 3427
c objective-cut:rss-guard enabled=false
c 00h00m03s | stage:objective-cut:add timing=incremental-hard backend=cnf form=direct-expr clauses_added=5151
c 00h00m03s | stage:sat:init solver=CaDiCaL vars=172152 clauses=347631
c 00h00m03s | stage:sat:solve:start assumptions=0 phase_lits=0
c 00h00m03s | stage:sat:solve:done ms=34 result=Sat assumptions=0 phase_lits=0
c 00h00m03s | stage:decode:start
c 00h00m03s | stage:decode:done int_assignments=100
c 00h00m03s | result:Sat
c 00h00m03s | objective:incumbent kind=improvement value=3425 rounds=60 improvements=59
o 3425
c objective-cut:rss-guard enabled=false
c 00h00m03s | stage:objective-cut:add timing=incremental-hard backend=cnf form=direct-expr clauses_added=5164
c 00h00m03s | stage:sat:init solver=CaDiCaL vars=174638 clauses=352795
c 00h00m03s | stage:sat:solve:start assumptions=0 phase_lits=0
c 00h00m03s | stage:sat:solve:done ms=22 result=Sat assumptions=0 phase_lits=0
c 00h00m03s | stage:decode:start
c 00h00m03s | stage:decode:done int_assignments=100
c 00h00m03s | result:Sat
c 00h00m03s | objective:incumbent kind=improvement value=3423 rounds=61 improvements=60
o 3423
c objective-cut:rss-guard enabled=false
c 00h00m03s | stage:objective-cut:add timing=incremental-hard backend=cnf form=direct-expr clauses_added=5161
c 00h00m03s | stage:sat:init solver=CaDiCaL vars=177122 clauses=357956
c 00h00m03s | stage:sat:solve:start assumptions=0 phase_lits=0
c 00h00m03s | stage:sat:solve:done ms=30 result=Sat assumptions=0 phase_lits=0
c 00h00m03s | stage:decode:start
c 00h00m03s | stage:decode:done int_assignments=100
c 00h00m03s | result:Sat
c 00h00m03s | objective:incumbent kind=improvement value=3419 rounds=62 improvements=61
o 3419
c objective-cut:rss-guard enabled=false
c 00h00m03s | stage:objective-cut:add timing=incremental-hard backend=cnf form=direct-expr clauses_added=5149
c 00h00m03s | stage:sat:init solver=CaDiCaL vars=179598 clauses=363105
c 00h00m03s | stage:sat:solve:start assumptions=0 phase_lits=0
c 00h00m03s | stage:sat:solve:done ms=37 result=Sat assumptions=0 phase_lits=0
c 00h00m03s | stage:decode:start
c 00h00m03s | stage:decode:done int_assignments=100
c 00h00m03s | result:Sat
c 00h00m03s | objective:incumbent kind=improvement value=2995 rounds=63 improvements=62
o 2995
c objective-cut:rss-guard enabled=false
c 00h00m03s | stage:objective-cut:add timing=incremental-hard backend=cnf form=direct-expr clauses_added=5154
c 00h00m03s | stage:sat:init solver=CaDiCaL vars=182079 clauses=368259
c 00h00m03s | stage:sat:solve:start assumptions=0 phase_lits=0
c 00h00m03s | stage:sat:solve:done ms=34 result=Sat assumptions=0 phase_lits=0
c 00h00m03s | stage:decode:start
c 00h00m03s | stage:decode:done int_assignments=100
c 00h00m03s | result:Sat
c 00h00m03s | objective:incumbent kind=improvement value=2992 rounds=64 improvements=63
o 2992
c objective-cut:rss-guard enabled=false
c 00h00m03s | stage:objective-cut:add timing=incremental-hard backend=cnf form=direct-expr clauses_added=5160
c 00h00m03s | stage:sat:init solver=CaDiCaL vars=184564 clauses=373419
c 00h00m03s | stage:sat:solve:start assumptions=0 phase_lits=0
c 00h00m03s | stage:sat:solve:done ms=26 result=Sat assumptions=0 phase_lits=0
c 00h00m03s | stage:decode:start
c 00h00m03s | stage:decode:done int_assignments=100
c 00h00m03s | result:Sat
c 00h00m03s | objective:incumbent kind=improvement value=2962 rounds=65 improvements=64
o 2962
c objective-cut:rss-guard enabled=false
c 00h00m03s | stage:objective-cut:add timing=incremental-hard backend=cnf form=direct-expr clauses_added=5159
c 00h00m03s | stage:sat:init solver=CaDiCaL vars=187047 clauses=378578
c 00h00m03s | stage:sat:solve:start assumptions=0 phase_lits=0
c 00h00m04s | stage:sat:solve:done ms=20 result=Sat assumptions=0 phase_lits=0
c 00h00m04s | stage:decode:start
c 00h00m04s | stage:decode:done int_assignments=100
c 00h00m04s | result:Sat
c 00h00m04s | objective:incumbent kind=improvement value=2961 rounds=66 improvements=65
o 2961
c objective-cut:rss-guard enabled=false
c 00h00m04s | stage:objective-cut:add timing=incremental-hard backend=cnf form=direct-expr clauses_added=5174
c 00h00m04s | stage:sat:init solver=CaDiCaL vars=189540 clauses=383752
c 00h00m04s | stage:sat:solve:start assumptions=0 phase_lits=0
c 00h00m04s | stage:sat:solve:done ms=47 result=Sat assumptions=0 phase_lits=0
c 00h00m04s | stage:decode:start
c 00h00m04s | stage:decode:done int_assignments=100
c 00h00m04s | result:Sat
c 00h00m04s | objective:incumbent kind=improvement value=2875 rounds=67 improvements=66
o 2875
c objective-cut:rss-guard enabled=false
c 00h00m04s | stage:objective-cut:add timing=incremental-hard backend=cnf form=direct-expr clauses_added=5148
c 00h00m04s | stage:sat:init solver=CaDiCaL vars=192021 clauses=388900
c 00h00m04s | stage:sat:solve:start assumptions=0 phase_lits=0
c 00h00m04s | stage:sat:solve:done ms=41 result=Sat assumptions=0 phase_lits=0
c 00h00m04s | stage:decode:start
c 00h00m04s | stage:decode:done int_assignments=100
c 00h00m04s | result:Sat
c 00h00m04s | objective:incumbent kind=improvement value=2865 rounds=68 improvements=67
o 2865
c objective-cut:rss-guard enabled=false
c 00h00m04s | stage:objective-cut:add timing=incremental-hard backend=cnf form=direct-expr clauses_added=5170
c 00h00m04s | stage:sat:init solver=CaDiCaL vars=194514 clauses=394070
c 00h00m04s | stage:sat:solve:start assumptions=0 phase_lits=0
c 00h00m04s | stage:sat:solve:done ms=25 result=Sat assumptions=0 phase_lits=0
c 00h00m04s | stage:decode:start
c 00h00m04s | stage:decode:done int_assignments=100
c 00h00m04s | result:Sat
c 00h00m04s | objective:incumbent kind=improvement value=2851 rounds=69 improvements=68
o 2851
c objective-cut:rss-guard enabled=false
c 00h00m04s | stage:objective-cut:add timing=incremental-hard backend=cnf form=direct-expr clauses_added=5154
c 00h00m04s | stage:sat:init solver=CaDiCaL vars=196997 clauses=399224
c 00h00m04s | stage:sat:solve:start assumptions=0 phase_lits=0
c 00h00m04s | stage:sat:solve:done ms=121 result=Sat assumptions=0 phase_lits=0
c 00h00m04s | stage:decode:start
c 00h00m04s | stage:decode:done int_assignments=100
c 00h00m04s | result:Sat
c 00h00m04s | objective:incumbent kind=improvement value=2849 rounds=70 improvements=69
o 2849
c objective-cut:rss-guard enabled=false
c 00h00m04s | stage:objective-cut:add timing=incremental-hard backend=cnf form=direct-expr clauses_added=5167
c 00h00m04s | stage:sat:init solver=CaDiCaL vars=199488 clauses=404391
c 00h00m04s | stage:sat:solve:start assumptions=0 phase_lits=0
c 00h00m04s | stage:sat:solve:done ms=60 result=Sat assumptions=0 phase_lits=0
c 00h00m04s | stage:decode:start
c 00h00m04s | stage:decode:done int_assignments=100
c 00h00m04s | result:Sat
c 00h00m04s | objective:incumbent kind=improvement value=2804 rounds=71 improvements=70
o 2804
c objective-cut:rss-guard enabled=false
c 00h00m04s | stage:objective-cut:add timing=incremental-hard backend=cnf form=direct-expr clauses_added=5164
c 00h00m04s | stage:sat:init solver=CaDiCaL vars=201975 clauses=409555
c 00h00m04s | stage:sat:solve:start assumptions=0 phase_lits=0
c 00h00m04s | stage:sat:solve:done ms=23 result=Sat assumptions=0 phase_lits=0
c 00h00m04s | stage:decode:start
c 00h00m04s | stage:decode:done int_assignments=100
c 00h00m04s | result:Sat
c 00h00m04s | objective:incumbent kind=improvement value=2707 rounds=72 improvements=71
o 2707
c objective-cut:rss-guard enabled=false
c 00h00m04s | stage:objective-cut:add timing=incremental-hard backend=cnf form=direct-expr clauses_added=5147
c 00h00m04s | stage:sat:init solver=CaDiCaL vars=204450 clauses=414702
c 00h00m04s | stage:sat:solve:start assumptions=0 phase_lits=0
c 00h00m04s | stage:sat:solve:done ms=19 result=Sat assumptions=0 phase_lits=0
c 00h00m04s | stage:decode:start
c 00h00m04s | stage:decode:done int_assignments=100
c 00h00m04s | result:Sat
c 00h00m04s | objective:incumbent kind=improvement value=2664 rounds=73 improvements=72
o 2664
c objective-cut:rss-guard enabled=false
c 00h00m04s | stage:objective-cut:add timing=incremental-hard backend=cnf form=direct-expr clauses_added=5142
c 00h00m04s | stage:sat:init solver=CaDiCaL vars=206924 clauses=419844
c 00h00m04s | stage:sat:solve:start assumptions=0 phase_lits=0
c 00h00m04s | stage:sat:solve:done ms=74 result=Sat assumptions=0 phase_lits=0
c 00h00m04s | stage:decode:start
c 00h00m04s | stage:decode:done int_assignments=100
c 00h00m04s | result:Sat
c 00h00m04s | objective:incumbent kind=improvement value=2601 rounds=74 improvements=73
o 2601
c objective-cut:rss-guard enabled=false
c 00h00m04s | stage:objective-cut:add timing=incremental-hard backend=cnf form=direct-expr clauses_added=5174
c 00h00m04s | stage:sat:init solver=CaDiCaL vars=209417 clauses=425018
c 00h00m04s | stage:sat:solve:start assumptions=0 phase_lits=0
c 00h00m04s | stage:sat:solve:done ms=16 result=Sat assumptions=0 phase_lits=0
c 00h00m04s | stage:decode:start
c 00h00m04s | stage:decode:done int_assignments=100
c 00h00m04s | result:Sat
c 00h00m04s | objective:incumbent kind=improvement value=2596 rounds=75 improvements=74
o 2596
c objective-cut:rss-guard enabled=false
c 00h00m04s | stage:objective-cut:add timing=incremental-hard backend=cnf form=direct-expr clauses_added=5160
c 00h00m04s | stage:sat:init solver=CaDiCaL vars=211902 clauses=430178
c 00h00m04s | stage:sat:solve:start assumptions=0 phase_lits=0
c 00h00m04s | stage:sat:solve:done ms=34 result=Sat assumptions=0 phase_lits=0
c 00h00m04s | stage:decode:start
c 00h00m04s | stage:decode:done int_assignments=100
c 00h00m04s | result:Sat
c 00h00m04s | objective:incumbent kind=improvement value=2593 rounds=76 improvements=75
o 2593
c objective-cut:rss-guard enabled=false
c 00h00m04s | stage:objective-cut:add timing=incremental-hard backend=cnf form=direct-expr clauses_added=5167
c 00h00m04s | stage:sat:init solver=CaDiCaL vars=214391 clauses=435345
c 00h00m04s | stage:sat:solve:start assumptions=0 phase_lits=0
c 00h00m04s | stage:sat:solve:done ms=18 result=Sat assumptions=0 phase_lits=0
c 00h00m04s | stage:decode:start
c 00h00m04s | stage:decode:done int_assignments=100
c 00h00m04s | result:Sat
c 00h00m04s | objective:incumbent kind=improvement value=2583 rounds=77 improvements=76
o 2583
c objective-cut:rss-guard enabled=false
c 00h00m04s | stage:objective-cut:add timing=incremental-hard backend=cnf form=direct-expr clauses_added=5163
c 00h00m04s | stage:sat:init solver=CaDiCaL vars=216876 clauses=440508
c 00h00m04s | stage:sat:solve:start assumptions=0 phase_lits=0
c 00h00m04s | stage:sat:solve:done ms=32 result=Sat assumptions=0 phase_lits=0
c 00h00m04s | stage:decode:start
c 00h00m04s | stage:decode:done int_assignments=100
c 00h00m04s | result:Sat
c 00h00m04s | objective:incumbent kind=improvement value=2581 rounds=78 improvements=77
o 2581
c objective-cut:rss-guard enabled=false
c 00h00m04s | stage:objective-cut:add timing=incremental-hard backend=cnf form=direct-expr clauses_added=5182
c 00h00m04s | stage:sat:init solver=CaDiCaL vars=219371 clauses=445690
c 00h00m04s | stage:sat:solve:start assumptions=0 phase_lits=0
c 00h00m04s | stage:sat:solve:done ms=29 result=Sat assumptions=0 phase_lits=0
c 00h00m04s | stage:decode:start
c 00h00m04s | stage:decode:done int_assignments=100
c 00h00m04s | result:Sat
c 00h00m04s | objective:incumbent kind=improvement value=2580 rounds=79 improvements=78
o 2580
c objective-cut:rss-guard enabled=false
c 00h00m04s | stage:objective-cut:add timing=incremental-hard backend=cnf form=direct-expr clauses_added=5164
c 00h00m04s | stage:sat:init solver=CaDiCaL vars=221856 clauses=450854
c 00h00m04s | stage:sat:solve:start assumptions=0 phase_lits=0
c 00h00m04s | stage:sat:solve:done ms=54 result=Sat assumptions=0 phase_lits=0
c 00h00m04s | stage:decode:start
c 00h00m04s | stage:decode:done int_assignments=100
c 00h00m04s | result:Sat
c 00h00m04s | objective:incumbent kind=improvement value=2549 rounds=80 improvements=79
o 2549
c objective-cut:rss-guard enabled=false
c 00h00m04s | stage:objective-cut:add timing=incremental-hard backend=cnf form=direct-expr clauses_added=5182
c 00h00m04s | stage:sat:init solver=CaDiCaL vars=224351 clauses=456036
c 00h00m04s | stage:sat:solve:start assumptions=0 phase_lits=0
c 00h00m04s | stage:sat:solve:done ms=24 result=Sat assumptions=0 phase_lits=0
c 00h00m04s | stage:decode:start
c 00h00m04s | stage:decode:done int_assignments=100
c 00h00m04s | result:Sat
c 00h00m04s | objective:incumbent kind=improvement value=2416 rounds=81 improvements=80
o 2416
c objective-cut:rss-guard enabled=false
c 00h00m04s | stage:objective-cut:add timing=incremental-hard backend=cnf form=direct-expr clauses_added=5160
c 00h00m04s | stage:sat:init solver=CaDiCaL vars=226833 clauses=461196
c 00h00m04s | stage:sat:solve:start assumptions=0 phase_lits=0
c 00h00m04s | stage:sat:solve:done ms=38 result=Sat assumptions=0 phase_lits=0
c 00h00m04s | stage:decode:start
c 00h00m04s | stage:decode:done int_assignments=100
c 00h00m04s | result:Sat
c 00h00m04s | objective:incumbent kind=improvement value=2409 rounds=82 improvements=81
o 2409
c objective-cut:rss-guard enabled=false
c 00h00m04s | stage:objective-cut:add timing=incremental-hard backend=cnf form=direct-expr clauses_added=5178
c 00h00m04s | stage:sat:init solver=CaDiCaL vars=229325 clauses=466374
c 00h00m04s | stage:sat:solve:start assumptions=0 phase_lits=0
c 00h00m04s | stage:sat:solve:done ms=29 result=Sat assumptions=0 phase_lits=0
c 00h00m04s | stage:decode:start
c 00h00m04s | stage:decode:done int_assignments=100
c 00h00m04s | result:Sat
c 00h00m04s | objective:incumbent kind=improvement value=2404 rounds=83 improvements=82
o 2404
c objective-cut:rss-guard enabled=false
c 00h00m04s | stage:objective-cut:add timing=incremental-hard backend=cnf form=direct-expr clauses_added=5162
c 00h00m04s | stage:sat:init solver=CaDiCaL vars=231809 clauses=471536
c 00h00m04s | stage:sat:solve:start assumptions=0 phase_lits=0
c 00h00m04s | stage:sat:solve:done ms=49 result=Sat assumptions=0 phase_lits=0
c 00h00m04s | stage:decode:start
c 00h00m04s | stage:decode:done int_assignments=100
c 00h00m04s | result:Sat
c 00h00m04s | objective:incumbent kind=improvement value=2395 rounds=84 improvements=83
o 2395
c objective-cut:rss-guard enabled=false
c 00h00m04s | stage:objective-cut:add timing=incremental-hard backend=cnf form=direct-expr clauses_added=5154
c 00h00m04s | stage:sat:init solver=CaDiCaL vars=234287 clauses=476690
c 00h00m04s | stage:sat:solve:start assumptions=0 phase_lits=0
c 00h00m04s | stage:sat:solve:done ms=53 result=Sat assumptions=0 phase_lits=0
c 00h00m04s | stage:decode:start
c 00h00m04s | stage:decode:done int_assignments=100
c 00h00m04s | result:Sat
c 00h00m04s | objective:incumbent kind=improvement value=2386 rounds=85 improvements=84
o 2386
c objective-cut:rss-guard enabled=false
c 00h00m05s | stage:objective-cut:add timing=incremental-hard backend=cnf form=direct-expr clauses_added=5169
c 00h00m05s | stage:sat:init solver=CaDiCaL vars=236773 clauses=481859
c 00h00m05s | stage:sat:solve:start assumptions=0 phase_lits=0
c 00h00m05s | stage:sat:solve:done ms=44 result=Sat assumptions=0 phase_lits=0
c 00h00m05s | stage:decode:start
c 00h00m05s | stage:decode:done int_assignments=100
c 00h00m05s | result:Sat
c 00h00m05s | objective:incumbent kind=improvement value=2385 rounds=86 improvements=85
o 2385
c objective-cut:rss-guard enabled=false
c 00h00m05s | stage:objective-cut:add timing=incremental-hard backend=cnf form=direct-expr clauses_added=5175
c 00h00m05s | stage:sat:init solver=CaDiCaL vars=239263 clauses=487034
c 00h00m05s | stage:sat:solve:start assumptions=0 phase_lits=0
c 00h00m05s | stage:sat:solve:done ms=493 result=Sat assumptions=0 phase_lits=0
c 00h00m05s | stage:decode:start
c 00h00m05s | stage:decode:done int_assignments=100
c 00h00m05s | result:Sat
c 00h00m05s | objective:incumbent kind=improvement value=2380 rounds=87 improvements=86
o 2380
c objective-cut:rss-guard enabled=false
c 00h00m05s | stage:objective-cut:add timing=incremental-hard backend=cnf form=direct-expr clauses_added=5111
c 00h00m05s | stage:sat:init solver=CaDiCaL vars=241719 clauses=492145
c 00h00m05s | stage:sat:solve:start assumptions=0 phase_lits=0
c 00h00m05s | stage:sat:solve:done ms=71 result=Sat assumptions=0 phase_lits=0
c 00h00m05s | stage:decode:start
c 00h00m05s | stage:decode:done int_assignments=100
c 00h00m05s | result:Sat
c 00h00m05s | objective:incumbent kind=improvement value=2377 rounds=88 improvements=87
o 2377
c objective-cut:rss-guard enabled=false
c 00h00m05s | stage:objective-cut:add timing=incremental-hard backend=cnf form=direct-expr clauses_added=5165
c 00h00m05s | stage:sat:init solver=CaDiCaL vars=244209 clauses=497310
c 00h00m05s | stage:sat:solve:start assumptions=0 phase_lits=0
c 00h00m05s | stage:sat:solve:done ms=55 result=Sat assumptions=0 phase_lits=0
c 00h00m05s | stage:decode:start
c 00h00m05s | stage:decode:done int_assignments=100
c 00h00m05s | result:Sat
c 00h00m05s | objective:incumbent kind=improvement value=2373 rounds=89 improvements=88
o 2373
c objective-cut:rss-guard enabled=false
c 00h00m05s | stage:objective-cut:add timing=incremental-hard backend=cnf form=direct-expr clauses_added=5170
c 00h00m05s | stage:sat:init solver=CaDiCaL vars=246701 clauses=502480
c 00h00m05s | stage:sat:solve:start assumptions=0 phase_lits=0
c 00h00m05s | stage:sat:solve:done ms=36 result=Sat assumptions=0 phase_lits=0
c 00h00m05s | stage:decode:start
c 00h00m05s | stage:decode:done int_assignments=100
c 00h00m05s | result:Sat
c 00h00m05s | objective:incumbent kind=improvement value=2369 rounds=90 improvements=89
o 2369
c objective-cut:rss-guard enabled=false
c 00h00m05s | stage:objective-cut:add timing=incremental-hard backend=cnf form=direct-expr clauses_added=5139
c 00h00m05s | stage:sat:init solver=CaDiCaL vars=249177 clauses=507619
c 00h00m05s | stage:sat:solve:start assumptions=0 phase_lits=0
c 00h00m05s | stage:sat:solve:done ms=32 result=Sat assumptions=0 phase_lits=0
c 00h00m05s | stage:decode:start
c 00h00m05s | stage:decode:done int_assignments=100
c 00h00m05s | result:Sat
c 00h00m05s | objective:incumbent kind=improvement value=2368 rounds=91 improvements=90
o 2368
c objective-cut:rss-guard enabled=false
c 00h00m05s | stage:objective-cut:add timing=incremental-hard backend=cnf form=direct-expr clauses_added=5125
c 00h00m05s | stage:sat:init solver=CaDiCaL vars=251645 clauses=512744
c 00h00m05s | stage:sat:solve:start assumptions=0 phase_lits=0
c 00h00m05s | stage:sat:solve:done ms=34 result=Sat assumptions=0 phase_lits=0
c 00h00m05s | stage:decode:start
c 00h00m05s | stage:decode:done int_assignments=100
c 00h00m05s | result:Sat
c 00h00m05s | objective:incumbent kind=improvement value=2365 rounds=92 improvements=91
o 2365
c objective-cut:rss-guard enabled=false
c 00h00m05s | stage:objective-cut:add timing=incremental-hard backend=cnf form=direct-expr clauses_added=5165
c 00h00m05s | stage:sat:init solver=CaDiCaL vars=254136 clauses=517909
c 00h00m05s | stage:sat:solve:start assumptions=0 phase_lits=0
c 00h00m05s | stage:sat:solve:done ms=77 result=Sat assumptions=0 phase_lits=0
c 00h00m05s | stage:decode:start
c 00h00m05s | stage:decode:done int_assignments=100
c 00h00m05s | result:Sat
c 00h00m05s | objective:incumbent kind=improvement value=2360 rounds=93 improvements=92
o 2360
c objective-cut:rss-guard enabled=false
c 00h00m05s | stage:objective-cut:add timing=incremental-hard backend=cnf form=direct-expr clauses_added=5143
c 00h00m05s | stage:sat:init solver=CaDiCaL vars=256615 clauses=523052
c 00h00m05s | stage:sat:solve:start assumptions=0 phase_lits=0
c 00h00m05s | stage:sat:solve:done ms=51 result=Sat assumptions=0 phase_lits=0
c 00h00m05s | stage:decode:start
c 00h00m05s | stage:decode:done int_assignments=100
c 00h00m05s | result:Sat
c 00h00m05s | objective:incumbent kind=improvement value=2358 rounds=94 improvements=93
o 2358
c objective-cut:rss-guard enabled=false
c 00h00m05s | stage:objective-cut:add timing=incremental-hard backend=cnf form=direct-expr clauses_added=5165
c 00h00m05s | stage:sat:init solver=CaDiCaL vars=259106 clauses=528217
c 00h00m05s | stage:sat:solve:start assumptions=0 phase_lits=0
c 00h00m06s | stage:sat:solve:done ms=78 result=Sat assumptions=0 phase_lits=0
c 00h00m06s | stage:decode:start
c 00h00m06s | stage:decode:done int_assignments=100
c 00h00m06s | result:Sat
c 00h00m06s | objective:incumbent kind=improvement value=2357 rounds=95 improvements=94
o 2357
c objective-cut:rss-guard enabled=false
c 00h00m06s | stage:objective-cut:add timing=incremental-hard backend=cnf form=direct-expr clauses_added=5167
c 00h00m06s | stage:sat:init solver=CaDiCaL vars=261597 clauses=533384
c 00h00m06s | stage:sat:solve:start assumptions=0 phase_lits=0
c 00h00m06s | stage:sat:solve:done ms=75 result=Sat assumptions=0 phase_lits=0
c 00h00m06s | stage:decode:start
c 00h00m06s | stage:decode:done int_assignments=100
c 00h00m06s | result:Sat
c 00h00m06s | objective:incumbent kind=improvement value=2349 rounds=96 improvements=95
o 2349
c objective-cut:rss-guard enabled=false
c 00h00m06s | stage:objective-cut:add timing=incremental-hard backend=cnf form=direct-expr clauses_added=5169
c 00h00m06s | stage:sat:init solver=CaDiCaL vars=264088 clauses=538553
c 00h00m06s | stage:sat:solve:start assumptions=0 phase_lits=0
c 00h00m06s | stage:sat:solve:done ms=32 result=Sat assumptions=0 phase_lits=0
c 00h00m06s | stage:decode:start
c 00h00m06s | stage:decode:done int_assignments=100
c 00h00m06s | result:Sat
c 00h00m06s | objective:incumbent kind=improvement value=2348 rounds=97 improvements=96
o 2348
c objective-cut:rss-guard enabled=false
c 00h00m06s | stage:objective-cut:add timing=incremental-hard backend=cnf form=direct-expr clauses_added=5135
c 00h00m06s | stage:sat:init solver=CaDiCaL vars=266561 clauses=543688
c 00h00m06s | stage:sat:solve:start assumptions=0 phase_lits=0
c 00h00m06s | stage:sat:solve:done ms=75 result=Sat assumptions=0 phase_lits=0
c 00h00m06s | stage:decode:start
c 00h00m06s | stage:decode:done int_assignments=100
c 00h00m06s | result:Sat
c 00h00m06s | objective:incumbent kind=improvement value=2315 rounds=98 improvements=97
o 2315
c objective-cut:rss-guard enabled=false
c 00h00m06s | stage:objective-cut:add timing=incremental-hard backend=cnf form=direct-expr clauses_added=5127
c 00h00m06s | stage:sat:init solver=CaDiCaL vars=269028 clauses=548815
c 00h00m06s | stage:sat:solve:start assumptions=0 phase_lits=0
c 00h00m06s | stage:sat:solve:done ms=64 result=Sat assumptions=0 phase_lits=0
c 00h00m06s | stage:decode:start
c 00h00m06s | stage:decode:done int_assignments=100
c 00h00m06s | result:Sat
c 00h00m06s | objective:incumbent kind=improvement value=2314 rounds=99 improvements=98
o 2314
c objective-cut:rss-guard enabled=false
c 00h00m06s | stage:objective-cut:add timing=incremental-hard backend=cnf form=direct-expr clauses_added=5162
c 00h00m06s | stage:sat:init solver=CaDiCaL vars=271517 clauses=553977
c 00h00m06s | stage:sat:solve:start assumptions=0 phase_lits=0
c 00h00m06s | stage:sat:solve:done ms=101 result=Sat assumptions=0 phase_lits=0
c 00h00m06s | stage:decode:start
c 00h00m06s | stage:decode:done int_assignments=100
c 00h00m06s | result:Sat
c 00h00m06s | objective:incumbent kind=improvement value=2313 rounds=100 improvements=99
o 2313
c objective-cut:rss-guard enabled=false
c 00h00m06s | stage:objective-cut:add timing=incremental-hard backend=cnf form=direct-expr clauses_added=5163
c 00h00m06s | stage:sat:init solver=CaDiCaL vars=274006 clauses=559140
c 00h00m06s | stage:sat:solve:start assumptions=0 phase_lits=0
c 00h00m06s | stage:sat:solve:done ms=101 result=Sat assumptions=0 phase_lits=0
c 00h00m06s | stage:decode:start
c 00h00m06s | stage:decode:done int_assignments=100
c 00h00m06s | result:Sat
c 00h00m06s | objective:incumbent kind=improvement value=2312 rounds=101 improvements=100
o 2312
c objective-cut:rss-guard enabled=false
c 00h00m06s | stage:objective-cut:add timing=incremental-hard backend=cnf form=direct-expr clauses_added=5141
c 00h00m06s | stage:sat:init solver=CaDiCaL vars=276483 clauses=564281
c 00h00m06s | stage:sat:solve:start assumptions=0 phase_lits=0
c 00h00m06s | stage:sat:solve:done ms=43 result=Sat assumptions=0 phase_lits=0
c 00h00m06s | stage:decode:start
c 00h00m06s | stage:decode:done int_assignments=100
c 00h00m06s | result:Sat
c 00h00m06s | objective:incumbent kind=improvement value=2305 rounds=102 improvements=101
o 2305
c objective-cut:rss-guard enabled=false
c 00h00m06s | stage:objective-cut:add timing=incremental-hard backend=cnf form=direct-expr clauses_added=5153
c 00h00m06s | stage:sat:init solver=CaDiCaL vars=278966 clauses=569434
c 00h00m06s | stage:sat:solve:start assumptions=0 phase_lits=0
c 00h00m06s | stage:sat:solve:done ms=49 result=Sat assumptions=0 phase_lits=0
c 00h00m06s | stage:decode:start
c 00h00m06s | stage:decode:done int_assignments=100
c 00h00m06s | result:Sat
c 00h00m06s | objective:incumbent kind=improvement value=2294 rounds=103 improvements=102
o 2294
c objective-cut:rss-guard enabled=false
c 00h00m06s | stage:objective-cut:add timing=incremental-hard backend=cnf form=direct-expr clauses_added=5169
c 00h00m06s | stage:sat:init solver=CaDiCaL vars=281457 clauses=574603
c 00h00m06s | stage:sat:solve:start assumptions=0 phase_lits=0
c 00h00m06s | stage:sat:solve:done ms=57 result=Sat assumptions=0 phase_lits=0
c 00h00m06s | stage:decode:start
c 00h00m06s | stage:decode:done int_assignments=100
c 00h00m06s | result:Sat
c 00h00m06s | objective:incumbent kind=improvement value=2283 rounds=104 improvements=103
o 2283
c objective-cut:rss-guard enabled=false
c 00h00m06s | stage:objective-cut:add timing=incremental-hard backend=cnf form=direct-expr clauses_added=5137
c 00h00m06s | stage:sat:init solver=CaDiCaL vars=283928 clauses=579740
c 00h00m06s | stage:sat:solve:start assumptions=0 phase_lits=0
c 00h00m06s | stage:sat:solve:done ms=125 result=Sat assumptions=0 phase_lits=0
c 00h00m06s | stage:decode:start
c 00h00m06s | stage:decode:done int_assignments=100
c 00h00m06s | result:Sat
c 00h00m06s | objective:incumbent kind=improvement value=2280 rounds=105 improvements=104
o 2280
c objective-cut:rss-guard enabled=false
c 00h00m06s | stage:objective-cut:add timing=incremental-hard backend=cnf form=direct-expr clauses_added=5137
c 00h00m06s | stage:sat:init solver=CaDiCaL vars=286401 clauses=584877
c 00h00m06s | stage:sat:solve:start assumptions=0 phase_lits=0
c 00h00m06s | stage:sat:solve:done ms=60 result=Sat assumptions=0 phase_lits=0
c 00h00m06s | stage:decode:start
c 00h00m06s | stage:decode:done int_assignments=100
c 00h00m06s | result:Sat
c 00h00m06s | objective:incumbent kind=improvement value=2211 rounds=106 improvements=105
o 2211
c objective-cut:rss-guard enabled=false
c 00h00m06s | stage:objective-cut:add timing=incremental-hard backend=cnf form=direct-expr clauses_added=5148
c 00h00m06s | stage:sat:init solver=CaDiCaL vars=288878 clauses=590025
c 00h00m06s | stage:sat:solve:start assumptions=0 phase_lits=0
c 00h00m07s | stage:sat:solve:done ms=160 result=Sat assumptions=0 phase_lits=0
c 00h00m07s | stage:decode:start
c 00h00m07s | stage:decode:done int_assignments=100
c 00h00m07s | result:Sat
c 00h00m07s | objective:incumbent kind=improvement value=2209 rounds=107 improvements=106
o 2209
c objective-cut:rss-guard enabled=false
c 00h00m07s | stage:objective-cut:add timing=incremental-hard backend=cnf form=direct-expr clauses_added=5161
c 00h00m07s | stage:sat:init solver=CaDiCaL vars=291363 clauses=595186
c 00h00m07s | stage:sat:solve:start assumptions=0 phase_lits=0
c 00h00m07s | stage:sat:solve:done ms=162 result=Sat assumptions=0 phase_lits=0
c 00h00m07s | stage:decode:start
c 00h00m07s | stage:decode:done int_assignments=100
c 00h00m07s | result:Sat
c 00h00m07s | objective:incumbent kind=improvement value=2183 rounds=108 improvements=107
o 2183
c objective-cut:rss-guard enabled=false
c 00h00m07s | stage:objective-cut:add timing=incremental-hard backend=cnf form=direct-expr clauses_added=5150
c 00h00m07s | stage:sat:init solver=CaDiCaL vars=293842 clauses=600336
c 00h00m07s | stage:sat:solve:start assumptions=0 phase_lits=0
c 00h00m07s | stage:sat:solve:done ms=52 result=Sat assumptions=0 phase_lits=0
c 00h00m07s | stage:decode:start
c 00h00m07s | stage:decode:done int_assignments=100
c 00h00m07s | result:Sat
c 00h00m07s | objective:incumbent kind=improvement value=2181 rounds=109 improvements=108
o 2181
c objective-cut:rss-guard enabled=false
c 00h00m07s | stage:objective-cut:add timing=incremental-hard backend=cnf form=direct-expr clauses_added=5172
c 00h00m07s | stage:sat:init solver=CaDiCaL vars=296333 clauses=605508
c 00h00m07s | stage:sat:solve:start assumptions=0 phase_lits=0
c 00h00m07s | stage:sat:solve:done ms=80 result=Sat assumptions=0 phase_lits=0
c 00h00m07s | stage:decode:start
c 00h00m07s | stage:decode:done int_assignments=100
c 00h00m07s | result:Sat
c 00h00m07s | objective:incumbent kind=improvement value=2180 rounds=110 improvements=109
o 2180
c objective-cut:rss-guard enabled=false
c 00h00m07s | stage:objective-cut:add timing=incremental-hard backend=cnf form=direct-expr clauses_added=5154
c 00h00m07s | stage:sat:init solver=CaDiCaL vars=298814 clauses=610662
c 00h00m07s | stage:sat:solve:start assumptions=0 phase_lits=0
c 00h00m07s | stage:sat:solve:done ms=44 result=Sat assumptions=0 phase_lits=0
c 00h00m07s | stage:decode:start
c 00h00m07s | stage:decode:done int_assignments=100
c 00h00m07s | result:Sat
c 00h00m07s | objective:incumbent kind=improvement value=2179 rounds=111 improvements=110
o 2179
c objective-cut:rss-guard enabled=false
c 00h00m07s | stage:objective-cut:add timing=incremental-hard backend=cnf form=direct-expr clauses_added=5148
c 00h00m07s | stage:sat:init solver=CaDiCaL vars=301291 clauses=615810
c 00h00m07s | stage:sat:solve:start assumptions=0 phase_lits=0
c 00h00m07s | stage:sat:solve:done ms=89 result=Sat assumptions=0 phase_lits=0
c 00h00m07s | stage:decode:start
c 00h00m07s | stage:decode:done int_assignments=100
c 00h00m07s | result:Sat
c 00h00m07s | objective:incumbent kind=improvement value=2177 rounds=112 improvements=111
o 2177
c objective-cut:rss-guard enabled=false
c 00h00m07s | stage:objective-cut:add timing=incremental-hard backend=cnf form=direct-expr clauses_added=5157
c 00h00m07s | stage:sat:init solver=CaDiCaL vars=303774 clauses=620967
c 00h00m07s | stage:sat:solve:start assumptions=0 phase_lits=0
c 00h00m07s | stage:sat:solve:done ms=67 result=Sat assumptions=0 phase_lits=0
c 00h00m07s | stage:decode:start
c 00h00m07s | stage:decode:done int_assignments=100
c 00h00m07s | result:Sat
c 00h00m07s | objective:incumbent kind=improvement value=2153 rounds=113 improvements=112
o 2153
c objective-cut:rss-guard enabled=false
c 00h00m07s | stage:objective-cut:add timing=incremental-hard backend=cnf form=direct-expr clauses_added=5171
c 00h00m07s | stage:sat:init solver=CaDiCaL vars=306263 clauses=626138
c 00h00m07s | stage:sat:solve:start assumptions=0 phase_lits=0
c 00h00m07s | stage:sat:solve:done ms=84 result=Sat assumptions=0 phase_lits=0
c 00h00m07s | stage:decode:start
c 00h00m07s | stage:decode:done int_assignments=100
c 00h00m07s | result:Sat
c 00h00m07s | objective:incumbent kind=improvement value=2152 rounds=114 improvements=113
o 2152
c objective-cut:rss-guard enabled=false
c 00h00m07s | stage:objective-cut:add timing=incremental-hard backend=cnf form=direct-expr clauses_added=5135
c 00h00m07s | stage:sat:init solver=CaDiCaL vars=308733 clauses=631273
c 00h00m07s | stage:sat:solve:start assumptions=0 phase_lits=0
c 00h00m07s | stage:sat:solve:done ms=110 result=Sat assumptions=0 phase_lits=0
c 00h00m07s | stage:decode:start
c 00h00m07s | stage:decode:done int_assignments=100
c 00h00m07s | result:Sat
c 00h00m07s | objective:incumbent kind=improvement value=2149 rounds=115 improvements=114
o 2149
c objective-cut:rss-guard enabled=false
c 00h00m07s | stage:objective-cut:add timing=incremental-hard backend=cnf form=direct-expr clauses_added=5173
c 00h00m07s | stage:sat:init solver=CaDiCaL vars=311225 clauses=636446
c 00h00m07s | stage:sat:solve:start assumptions=0 phase_lits=0
c 00h00m08s | stage:sat:solve:done ms=164 result=Sat assumptions=0 phase_lits=0
c 00h00m08s | stage:decode:start
c 00h00m08s | stage:decode:done int_assignments=100
c 00h00m08s | result:Sat
c 00h00m08s | objective:incumbent kind=improvement value=2145 rounds=116 improvements=115
o 2145
c objective-cut:rss-guard enabled=false
c 00h00m08s | stage:objective-cut:add timing=incremental-hard backend=cnf form=direct-expr clauses_added=5162
c 00h00m08s | stage:sat:init solver=CaDiCaL vars=313711 clauses=641608
c 00h00m08s | stage:sat:solve:start assumptions=0 phase_lits=0
c 00h00m08s | stage:sat:solve:done ms=79 result=Sat assumptions=0 phase_lits=0
c 00h00m08s | stage:decode:start
c 00h00m08s | stage:decode:done int_assignments=100
c 00h00m08s | result:Sat
c 00h00m08s | objective:incumbent kind=improvement value=2135 rounds=117 improvements=116
o 2135
c objective-cut:rss-guard enabled=false
c 00h00m08s | stage:objective-cut:add timing=incremental-hard backend=cnf form=direct-expr clauses_added=5158
c 00h00m08s | stage:sat:init solver=CaDiCaL vars=316193 clauses=646766
c 00h00m08s | stage:sat:solve:start assumptions=0 phase_lits=0
c 00h00m08s | stage:sat:solve:done ms=182 result=Sat assumptions=0 phase_lits=0
c 00h00m08s | stage:decode:start
c 00h00m08s | stage:decode:done int_assignments=100
c 00h00m08s | result:Sat
c 00h00m08s | objective:incumbent kind=improvement value=2134 rounds=118 improvements=117
o 2134
c objective-cut:rss-guard enabled=false
c 00h00m08s | stage:objective-cut:add timing=incremental-hard backend=cnf form=direct-expr clauses_added=5175
c 00h00m08s | stage:sat:init solver=CaDiCaL vars=318685 clauses=651941
c 00h00m08s | stage:sat:solve:start assumptions=0 phase_lits=0
c 00h00m08s | stage:sat:solve:done ms=204 result=Sat assumptions=0 phase_lits=0
c 00h00m08s | stage:decode:start
c 00h00m08s | stage:decode:done int_assignments=100
c 00h00m08s | result:Sat
c 00h00m08s | objective:incumbent kind=improvement value=2133 rounds=119 improvements=118
o 2133
c objective-cut:rss-guard enabled=false
c 00h00m08s | stage:objective-cut:add timing=incremental-hard backend=cnf form=direct-expr clauses_added=5177
c 00h00m08s | stage:sat:init solver=CaDiCaL vars=321177 clauses=657118
c 00h00m08s | stage:sat:solve:start assumptions=0 phase_lits=0
c 00h00m08s | stage:sat:solve:done ms=245 result=Sat assumptions=0 phase_lits=0
c 00h00m08s | stage:decode:start
c 00h00m08s | stage:decode:done int_assignments=100
c 00h00m08s | result:Sat
c 00h00m08s | objective:incumbent kind=improvement value=2132 rounds=120 improvements=119
o 2132
c objective-cut:rss-guard enabled=false
c 00h00m08s | stage:objective-cut:add timing=incremental-hard backend=cnf form=direct-expr clauses_added=5159
c 00h00m08s | stage:sat:init solver=CaDiCaL vars=323659 clauses=662277
c 00h00m08s | stage:sat:solve:start assumptions=0 phase_lits=0
c 00h00m09s | stage:sat:solve:done ms=235 result=Sat assumptions=0 phase_lits=0
c 00h00m09s | stage:decode:start
c 00h00m09s | stage:decode:done int_assignments=100
c 00h00m09s | result:Sat
c 00h00m09s | objective:incumbent kind=improvement value=2127 rounds=121 improvements=120
o 2127
c objective-cut:rss-guard enabled=false
c 00h00m09s | stage:objective-cut:add timing=incremental-hard backend=cnf form=direct-expr clauses_added=5162
c 00h00m09s | stage:sat:init solver=CaDiCaL vars=326143 clauses=667439
c 00h00m09s | stage:sat:solve:start assumptions=0 phase_lits=0
c 00h00m09s | stage:sat:solve:done ms=75 result=Sat assumptions=0 phase_lits=0
c 00h00m09s | stage:decode:start
c 00h00m09s | stage:decode:done int_assignments=100
c 00h00m09s | result:Sat
c 00h00m09s | objective:incumbent kind=improvement value=2126 rounds=122 improvements=121
o 2126
c objective-cut:rss-guard enabled=false
c 00h00m09s | stage:objective-cut:add timing=incremental-hard backend=cnf form=direct-expr clauses_added=5176
c 00h00m09s | stage:sat:init solver=CaDiCaL vars=328635 clauses=672615
c 00h00m09s | stage:sat:solve:start assumptions=0 phase_lits=0
c 00h00m09s | stage:sat:solve:done ms=96 result=Sat assumptions=0 phase_lits=0
c 00h00m09s | stage:decode:start
c 00h00m09s | stage:decode:done int_assignments=100
c 00h00m09s | result:Sat
c 00h00m09s | objective:incumbent kind=improvement value=2125 rounds=123 improvements=122
o 2125
c objective-cut:rss-guard enabled=false
c 00h00m09s | stage:objective-cut:add timing=incremental-hard backend=cnf form=direct-expr clauses_added=5178
c 00h00m09s | stage:sat:init solver=CaDiCaL vars=331127 clauses=677793
c 00h00m09s | stage:sat:solve:start assumptions=0 phase_lits=0
c 00h00m09s | stage:sat:solve:done ms=106 result=Sat assumptions=0 phase_lits=0
c 00h00m09s | stage:decode:start
c 00h00m09s | stage:decode:done int_assignments=100
c 00h00m09s | result:Sat
c 00h00m09s | objective:incumbent kind=improvement value=2123 rounds=124 improvements=123
o 2123
c objective-cut:rss-guard enabled=false
c 00h00m09s | stage:objective-cut:add timing=incremental-hard backend=cnf form=direct-expr clauses_added=5118
c 00h00m09s | stage:sat:init solver=CaDiCaL vars=333587 clauses=682911
c 00h00m09s | stage:sat:solve:start assumptions=0 phase_lits=0
c 00h00m09s | stage:sat:solve:done ms=263 result=Sat assumptions=0 phase_lits=0
c 00h00m09s | stage:decode:start
c 00h00m09s | stage:decode:done int_assignments=100
c 00h00m09s | result:Sat
c 00h00m09s | objective:incumbent kind=improvement value=2089 rounds=125 improvements=124
o 2089
c objective-cut:rss-guard enabled=false
c 00h00m09s | stage:objective-cut:add timing=incremental-hard backend=cnf form=direct-expr clauses_added=5168
c 00h00m09s | stage:sat:init solver=CaDiCaL vars=336077 clauses=688079
c 00h00m09s | stage:sat:solve:start assumptions=0 phase_lits=0
c 00h00m09s | stage:sat:solve:done ms=146 result=Sat assumptions=0 phase_lits=0
c 00h00m09s | stage:decode:start
c 00h00m09s | stage:decode:done int_assignments=100
c 00h00m09s | result:Sat
c 00h00m09s | objective:incumbent kind=improvement value=2083 rounds=126 improvements=125
o 2083
c objective-cut:rss-guard enabled=false
c 00h00m09s | stage:objective-cut:add timing=incremental-hard backend=cnf form=direct-expr clauses_added=5148
c 00h00m09s | stage:sat:init solver=CaDiCaL vars=338555 clauses=693227
c 00h00m09s | stage:sat:solve:start assumptions=0 phase_lits=0
c 00h00m10s | stage:sat:solve:done ms=275 result=Sat assumptions=0 phase_lits=0
c 00h00m10s | stage:decode:start
c 00h00m10s | stage:decode:done int_assignments=100
c 00h00m10s | result:Sat
c 00h00m10s | objective:incumbent kind=improvement value=2082 rounds=127 improvements=126
o 2082
c objective-cut:rss-guard enabled=false
c 00h00m10s | stage:objective-cut:add timing=incremental-hard backend=cnf form=direct-expr clauses_added=5165
c 00h00m10s | stage:sat:init solver=CaDiCaL vars=341043 clauses=698392
c 00h00m10s | stage:sat:solve:start assumptions=0 phase_lits=0
c 00h00m10s | stage:sat:solve:done ms=147 result=Sat assumptions=0 phase_lits=0
c 00h00m10s | stage:decode:start
c 00h00m10s | stage:decode:done int_assignments=100
c 00h00m10s | result:Sat
c 00h00m10s | objective:incumbent kind=improvement value=2068 rounds=128 improvements=127
o 2068
c objective-cut:rss-guard enabled=false
c 00h00m10s | stage:objective-cut:add timing=incremental-hard backend=cnf form=direct-expr clauses_added=5158
c 00h00m10s | stage:sat:init solver=CaDiCaL vars=343525 clauses=703550
c 00h00m10s | stage:sat:solve:start assumptions=0 phase_lits=0
c 00h00m10s | stage:sat:solve:done ms=71 result=Sat assumptions=0 phase_lits=0
c 00h00m10s | stage:decode:start
c 00h00m10s | stage:decode:done int_assignments=100
c 00h00m10s | result:Sat
c 00h00m10s | objective:incumbent kind=improvement value=2066 rounds=129 improvements=128
o 2066
c objective-cut:rss-guard enabled=false
c 00h00m10s | stage:objective-cut:add timing=incremental-hard backend=cnf form=direct-expr clauses_added=5157
c 00h00m10s | stage:sat:init solver=CaDiCaL vars=346007 clauses=708707
c 00h00m10s | stage:sat:solve:start assumptions=0 phase_lits=0
c 00h00m11s | stage:sat:solve:done ms=1460 result=Sat assumptions=0 phase_lits=0
c 00h00m11s | stage:decode:start
c 00h00m11s | stage:decode:done int_assignments=100
c 00h00m11s | result:Sat
c 00h00m11s | objective:incumbent kind=improvement value=2065 rounds=130 improvements=129
o 2065
c objective-cut:rss-guard enabled=false
c 00h00m11s | stage:objective-cut:add timing=incremental-hard backend=cnf form=direct-expr clauses_added=5166
c 00h00m11s | stage:sat:init solver=CaDiCaL vars=348495 clauses=713873
c 00h00m11s | stage:sat:solve:start assumptions=0 phase_lits=0
c 00h00m11s | stage:sat:solve:done ms=36 result=Sat assumptions=0 phase_lits=0
c 00h00m11s | stage:decode:start
c 00h00m11s | stage:decode:done int_assignments=100
c 00h00m11s | result:Sat
c 00h00m11s | objective:incumbent kind=improvement value=2064 rounds=131 improvements=130
o 2064
c objective-cut:rss-guard enabled=false
c 00h00m11s | stage:objective-cut:add timing=incremental-hard backend=cnf form=direct-expr clauses_added=5152
c 00h00m11s | stage:sat:init solver=CaDiCaL vars=350975 clauses=719025
c 00h00m11s | stage:sat:solve:start assumptions=0 phase_lits=0
c 00h00m11s | stage:sat:solve:done ms=13 result=Sat assumptions=0 phase_lits=0
c 00h00m11s | stage:decode:start
c 00h00m11s | stage:decode:done int_assignments=100
c 00h00m11s | result:Sat
c 00h00m11s | objective:incumbent kind=improvement value=2062 rounds=132 improvements=131
o 2062
c objective-cut:rss-guard enabled=false
c 00h00m11s | stage:objective-cut:add timing=incremental-hard backend=cnf form=direct-expr clauses_added=5174
c 00h00m11s | stage:sat:init solver=CaDiCaL vars=353467 clauses=724199
c 00h00m11s | stage:sat:solve:start assumptions=0 phase_lits=0
c 00h00m11s | stage:sat:solve:done ms=9 result=Sat assumptions=0 phase_lits=0
c 00h00m11s | stage:decode:start
c 00h00m11s | stage:decode:done int_assignments=100
c 00h00m11s | result:Sat
c 00h00m11s | objective:incumbent kind=improvement value=2061 rounds=133 improvements=132
o 2061
c objective-cut:rss-guard enabled=false
c 00h00m11s | stage:objective-cut:add timing=incremental-hard backend=cnf form=direct-expr clauses_added=5176
c 00h00m11s | stage:sat:init solver=CaDiCaL vars=355959 clauses=729375
c 00h00m11s | stage:sat:solve:start assumptions=0 phase_lits=0
c 00h00m12s | stage:sat:solve:done ms=21 result=Sat assumptions=0 phase_lits=0
c 00h00m12s | stage:decode:start
c 00h00m12s | stage:decode:done int_assignments=100
c 00h00m12s | result:Sat
c 00h00m12s | objective:incumbent kind=improvement value=2059 rounds=134 improvements=133
o 2059
c objective-cut:rss-guard enabled=false
c 00h00m12s | stage:objective-cut:add timing=incremental-hard backend=cnf form=direct-expr clauses_added=5132
c 00h00m12s | stage:sat:init solver=CaDiCaL vars=358427 clauses=734507
c 00h00m12s | stage:sat:solve:start assumptions=0 phase_lits=0
c 00h00m12s | stage:sat:solve:done ms=35 result=Sat assumptions=0 phase_lits=0
c 00h00m12s | stage:decode:start
c 00h00m12s | stage:decode:done int_assignments=100
c 00h00m12s | result:Sat
c 00h00m12s | objective:incumbent kind=improvement value=2043 rounds=135 improvements=134
o 2043
c objective-cut:rss-guard enabled=false
c 00h00m12s | stage:objective-cut:add timing=incremental-hard backend=cnf form=direct-expr clauses_added=5146
c 00h00m12s | stage:sat:init solver=CaDiCaL vars=360903 clauses=739653
c 00h00m12s | stage:sat:solve:start assumptions=0 phase_lits=0
c 00h00m12s | stage:sat:solve:done ms=19 result=Sat assumptions=0 phase_lits=0
c 00h00m12s | stage:decode:start
c 00h00m12s | stage:decode:done int_assignments=100
c 00h00m12s | result:Sat
c 00h00m12s | objective:incumbent kind=improvement value=2042 rounds=136 improvements=135
o 2042
c objective-cut:rss-guard enabled=false
c 00h00m12s | stage:objective-cut:add timing=incremental-hard backend=cnf form=direct-expr clauses_added=5169
c 00h00m12s | stage:sat:init solver=CaDiCaL vars=363393 clauses=744822
c 00h00m12s | stage:sat:solve:start assumptions=0 phase_lits=0
c 00h00m12s | stage:sat:solve:done ms=63 result=Sat assumptions=0 phase_lits=0
c 00h00m12s | stage:decode:start
c 00h00m12s | stage:decode:done int_assignments=100
c 00h00m12s | result:Sat
c 00h00m12s | objective:incumbent kind=improvement value=2034 rounds=137 improvements=136
o 2034
c objective-cut:rss-guard enabled=false
c 00h00m12s | stage:objective-cut:add timing=incremental-hard backend=cnf form=direct-expr clauses_added=5165
c 00h00m12s | stage:sat:init solver=CaDiCaL vars=365879 clauses=749987
c 00h00m12s | stage:sat:solve:start assumptions=0 phase_lits=0
c 00h00m12s | stage:sat:solve:done ms=50 result=Sat assumptions=0 phase_lits=0
c 00h00m12s | stage:decode:start
c 00h00m12s | stage:decode:done int_assignments=100
c 00h00m12s | result:Sat
c 00h00m12s | objective:incumbent kind=improvement value=2031 rounds=138 improvements=137
o 2031
c objective-cut:rss-guard enabled=false
c 00h00m12s | stage:objective-cut:add timing=incremental-hard backend=cnf form=direct-expr clauses_added=5162
c 00h00m12s | stage:sat:init solver=CaDiCaL vars=368363 clauses=755149
c 00h00m12s | stage:sat:solve:start assumptions=0 phase_lits=0
c 00h00m12s | stage:sat:solve:done ms=20 result=Sat assumptions=0 phase_lits=0
c 00h00m12s | stage:decode:start
c 00h00m12s | stage:decode:done int_assignments=100
c 00h00m12s | result:Sat
c 00h00m12s | objective:incumbent kind=improvement value=2025 rounds=139 improvements=138
o 2025
c objective-cut:rss-guard enabled=false
c 00h00m12s | stage:objective-cut:add timing=incremental-hard backend=cnf form=direct-expr clauses_added=5172
c 00h00m12s | stage:sat:init solver=CaDiCaL vars=370853 clauses=760321
c 00h00m12s | stage:sat:solve:start assumptions=0 phase_lits=0
c 00h00m12s | stage:sat:solve:done ms=14 result=Sat assumptions=0 phase_lits=0
c 00h00m12s | stage:decode:start
c 00h00m12s | stage:decode:done int_assignments=100
c 00h00m12s | result:Sat
c 00h00m12s | objective:incumbent kind=improvement value=2021 rounds=140 improvements=139
o 2021
c objective-cut:rss-guard enabled=false
c 00h00m12s | stage:objective-cut:add timing=incremental-hard backend=cnf form=direct-expr clauses_added=5175
c 00h00m12s | stage:sat:init solver=CaDiCaL vars=373345 clauses=765496
c 00h00m12s | stage:sat:solve:start assumptions=0 phase_lits=0
c 00h00m12s | stage:sat:solve:done ms=35 result=Sat assumptions=0 phase_lits=0
c 00h00m12s | stage:decode:start
c 00h00m12s | stage:decode:done int_assignments=100
c 00h00m12s | result:Sat
c 00h00m12s | objective:incumbent kind=improvement value=2020 rounds=141 improvements=140
o 2020
c objective-cut:rss-guard enabled=false
c 00h00m12s | stage:objective-cut:add timing=incremental-hard backend=cnf form=direct-expr clauses_added=5157
c 00h00m12s | stage:sat:init solver=CaDiCaL vars=375827 clauses=770653
c 00h00m12s | stage:sat:solve:start assumptions=0 phase_lits=0
c 00h00m12s | stage:sat:solve:done ms=15 result=Sat assumptions=0 phase_lits=0
c 00h00m12s | stage:decode:start
c 00h00m12s | stage:decode:done int_assignments=100
c 00h00m12s | result:Sat
c 00h00m12s | objective:incumbent kind=improvement value=2019 rounds=142 improvements=141
o 2019
c objective-cut:rss-guard enabled=false
c 00h00m12s | stage:objective-cut:add timing=incremental-hard backend=cnf form=direct-expr clauses_added=5151
c 00h00m12s | stage:sat:init solver=CaDiCaL vars=378305 clauses=775804
c 00h00m12s | stage:sat:solve:start assumptions=0 phase_lits=0
c 00h00m12s | stage:sat:solve:done ms=38 result=Sat assumptions=0 phase_lits=0
c 00h00m12s | stage:decode:start
c 00h00m12s | stage:decode:done int_assignments=100
c 00h00m12s | result:Sat
c 00h00m12s | objective:incumbent kind=improvement value=2016 rounds=143 improvements=142
o 2016
c objective-cut:rss-guard enabled=false
c 00h00m12s | stage:objective-cut:add timing=incremental-hard backend=cnf form=direct-expr clauses_added=5150
c 00h00m12s | stage:sat:init solver=CaDiCaL vars=380783 clauses=780954
c 00h00m12s | stage:sat:solve:start assumptions=0 phase_lits=0
c 00h00m12s | stage:sat:solve:done ms=27 result=Sat assumptions=0 phase_lits=0
c 00h00m12s | stage:decode:start
c 00h00m12s | stage:decode:done int_assignments=100
c 00h00m12s | result:Sat
c 00h00m12s | objective:incumbent kind=improvement value=2012 rounds=144 improvements=143
o 2012
c objective-cut:rss-guard enabled=false
c 00h00m12s | stage:objective-cut:add timing=incremental-hard backend=cnf form=direct-expr clauses_added=5151
c 00h00m12s | stage:sat:init solver=CaDiCaL vars=383261 clauses=786105
c 00h00m12s | stage:sat:solve:start assumptions=0 phase_lits=0
c 00h00m12s | stage:sat:solve:done ms=39 result=Sat assumptions=0 phase_lits=0
c 00h00m12s | stage:decode:start
c 00h00m12s | stage:decode:done int_assignments=100
c 00h00m12s | result:Sat
c 00h00m12s | objective:incumbent kind=improvement value=2001 rounds=145 improvements=144
o 2001
c objective-cut:rss-guard enabled=false
c 00h00m12s | stage:objective-cut:add timing=incremental-hard backend=cnf form=direct-expr clauses_added=5170
c 00h00m12s | stage:sat:init solver=CaDiCaL vars=385749 clauses=791275
c 00h00m12s | stage:sat:solve:start assumptions=0 phase_lits=0
c 00h00m12s | stage:sat:solve:done ms=47 result=Sat assumptions=0 phase_lits=0
c 00h00m12s | stage:decode:start
c 00h00m12s | stage:decode:done int_assignments=100
c 00h00m12s | result:Sat
c 00h00m12s | objective:incumbent kind=improvement value=1801 rounds=146 improvements=145
o 1801
c objective-cut:rss-guard enabled=false
c 00h00m12s | stage:objective-cut:add timing=incremental-hard backend=cnf form=direct-expr clauses_added=5169
c 00h00m12s | stage:sat:init solver=CaDiCaL vars=388239 clauses=796444
c 00h00m12s | stage:sat:solve:start assumptions=0 phase_lits=0
c 00h00m12s | stage:sat:solve:done ms=12 result=Sat assumptions=0 phase_lits=0
c 00h00m12s | stage:decode:start
c 00h00m12s | stage:decode:done int_assignments=100
c 00h00m12s | result:Sat
c 00h00m12s | objective:incumbent kind=improvement value=1799 rounds=147 improvements=146
o 1799
c objective-cut:rss-guard enabled=false
c 00h00m12s | stage:objective-cut:add timing=incremental-hard backend=cnf form=direct-expr clauses_added=5152
c 00h00m12s | stage:sat:init solver=CaDiCaL vars=390719 clauses=801596
c 00h00m12s | stage:sat:solve:start assumptions=0 phase_lits=0
c 00h00m12s | stage:sat:solve:done ms=28 result=Sat assumptions=0 phase_lits=0
c 00h00m12s | stage:decode:start
c 00h00m12s | stage:decode:done int_assignments=100
c 00h00m12s | result:Sat
c 00h00m12s | objective:incumbent kind=improvement value=1677 rounds=148 improvements=147
o 1677
c objective-cut:rss-guard enabled=false
c 00h00m12s | stage:objective-cut:add timing=incremental-hard backend=cnf form=direct-expr clauses_added=5181
c 00h00m12s | stage:sat:init solver=CaDiCaL vars=393211 clauses=806777
c 00h00m12s | stage:sat:solve:start assumptions=0 phase_lits=0
c 00h00m12s | stage:sat:solve:done ms=103 result=Sat assumptions=0 phase_lits=0
c 00h00m12s | stage:decode:start
c 00h00m12s | stage:decode:done int_assignments=100
c 00h00m12s | result:Sat
c 00h00m12s | objective:incumbent kind=improvement value=1665 rounds=149 improvements=148
o 1665
c objective-cut:rss-guard enabled=false
c 00h00m12s | stage:objective-cut:add timing=incremental-hard backend=cnf form=direct-expr clauses_added=5163
c 00h00m12s | stage:sat:init solver=CaDiCaL vars=395695 clauses=811940
c 00h00m12s | stage:sat:solve:start assumptions=0 phase_lits=0
c 00h00m13s | stage:sat:solve:done ms=411 result=Sat assumptions=0 phase_lits=0
c 00h00m13s | stage:decode:start
c 00h00m13s | stage:decode:done int_assignments=100
c 00h00m13s | result:Sat
c 00h00m13s | objective:incumbent kind=improvement value=1664 rounds=150 improvements=149
o 1664
c objective-cut:rss-guard enabled=false
c 00h00m13s | stage:objective-cut:add timing=incremental-hard backend=cnf form=direct-expr clauses_added=5149
c 00h00m13s | stage:sat:init solver=CaDiCaL vars=398171 clauses=817089
c 00h00m13s | stage:sat:solve:start assumptions=0 phase_lits=0
c 00h00m13s | stage:sat:solve:done ms=79 result=Sat assumptions=0 phase_lits=0
c 00h00m13s | stage:decode:start
c 00h00m13s | stage:decode:done int_assignments=100
c 00h00m13s | result:Sat
c 00h00m13s | objective:incumbent kind=improvement value=1662 rounds=151 improvements=150
o 1662
c objective-cut:rss-guard enabled=false
c 00h00m13s | stage:objective-cut:add timing=incremental-hard backend=cnf form=direct-expr clauses_added=5177
c 00h00m13s | stage:sat:init solver=CaDiCaL vars=400663 clauses=822266
c 00h00m13s | stage:sat:solve:start assumptions=0 phase_lits=0
c 00h00m13s | stage:sat:solve:done ms=87 result=Sat assumptions=0 phase_lits=0
c 00h00m13s | stage:decode:start
c 00h00m13s | stage:decode:done int_assignments=100
c 00h00m13s | result:Sat
c 00h00m13s | objective:incumbent kind=improvement value=1661 rounds=152 improvements=151
o 1661
c objective-cut:rss-guard enabled=false
c 00h00m13s | stage:objective-cut:add timing=incremental-hard backend=cnf form=direct-expr clauses_added=5179
c 00h00m13s | stage:sat:init solver=CaDiCaL vars=403155 clauses=827445
c 00h00m13s | stage:sat:solve:start assumptions=0 phase_lits=0
c 00h00m13s | stage:sat:solve:done ms=13 result=Sat assumptions=0 phase_lits=0
c 00h00m13s | stage:decode:start
c 00h00m13s | stage:decode:done int_assignments=100
c 00h00m13s | result:Sat
c 00h00m13s | objective:incumbent kind=improvement value=1660 rounds=153 improvements=152
o 1660
c objective-cut:rss-guard enabled=false
c 00h00m13s | stage:objective-cut:add timing=incremental-hard backend=cnf form=direct-expr clauses_added=5153
c 00h00m13s | stage:sat:init solver=CaDiCaL vars=405633 clauses=832598
c 00h00m13s | stage:sat:solve:start assumptions=0 phase_lits=0
c 00h00m13s | stage:sat:solve:done ms=96 result=Sat assumptions=0 phase_lits=0
c 00h00m13s | stage:decode:start
c 00h00m13s | stage:decode:done int_assignments=100
c 00h00m13s | result:Sat
c 00h00m13s | objective:incumbent kind=improvement value=1658 rounds=154 improvements=153
o 1658
c objective-cut:rss-guard enabled=false
c 00h00m13s | stage:objective-cut:add timing=incremental-hard backend=cnf form=direct-expr clauses_added=5174
c 00h00m13s | stage:sat:init solver=CaDiCaL vars=408123 clauses=837772
c 00h00m13s | stage:sat:solve:start assumptions=0 phase_lits=0
c 00h00m13s | stage:sat:solve:done ms=44 result=Sat assumptions=0 phase_lits=0
c 00h00m13s | stage:decode:start
c 00h00m13s | stage:decode:done int_assignments=100
c 00h00m13s | result:Sat
c 00h00m13s | objective:incumbent kind=improvement value=1657 rounds=155 improvements=154
o 1657
c objective-cut:rss-guard enabled=false
c 00h00m13s | stage:objective-cut:add timing=incremental-hard backend=cnf form=direct-expr clauses_added=5175
c 00h00m13s | stage:sat:init solver=CaDiCaL vars=410613 clauses=842947
c 00h00m13s | stage:sat:solve:start assumptions=0 phase_lits=0
c 00h00m13s | stage:sat:solve:done ms=16 result=Sat assumptions=0 phase_lits=0
c 00h00m13s | stage:decode:start
c 00h00m13s | stage:decode:done int_assignments=100
c 00h00m13s | result:Sat
c 00h00m13s | objective:incumbent kind=improvement value=1640 rounds=156 improvements=155
o 1640
c objective-cut:rss-guard enabled=false
c 00h00m13s | stage:objective-cut:add timing=incremental-hard backend=cnf form=direct-expr clauses_added=5139
c 00h00m13s | stage:sat:init solver=CaDiCaL vars=413083 clauses=848086
c 00h00m13s | stage:sat:solve:start assumptions=0 phase_lits=0
c 00h00m13s | stage:sat:solve:done ms=107 result=Sat assumptions=0 phase_lits=0
c 00h00m13s | stage:decode:start
c 00h00m13s | stage:decode:done int_assignments=100
c 00h00m13s | result:Sat
c 00h00m13s | objective:incumbent kind=improvement value=1639 rounds=157 improvements=156
o 1639
c objective-cut:rss-guard enabled=false
c 00h00m13s | stage:objective-cut:add timing=incremental-hard backend=cnf form=direct-expr clauses_added=5144
c 00h00m13s | stage:sat:init solver=CaDiCaL vars=415555 clauses=853230
c 00h00m13s | stage:sat:solve:start assumptions=0 phase_lits=0
c 00h00m13s | stage:sat:solve:done ms=174 result=Sat assumptions=0 phase_lits=0
c 00h00m13s | stage:decode:start
c 00h00m13s | stage:decode:done int_assignments=100
c 00h00m13s | result:Sat
c 00h00m13s | objective:incumbent kind=improvement value=1636 rounds=158 improvements=157
o 1636
c objective-cut:rss-guard enabled=false
c 00h00m13s | stage:objective-cut:add timing=incremental-hard backend=cnf form=direct-expr clauses_added=5158
c 00h00m13s | stage:sat:init solver=CaDiCaL vars=418036 clauses=858388
c 00h00m13s | stage:sat:solve:start assumptions=0 phase_lits=0
c 00h00m13s | stage:sat:solve:done ms=20 result=Sat assumptions=0 phase_lits=0
c 00h00m13s | stage:decode:start
c 00h00m13s | stage:decode:done int_assignments=100
c 00h00m13s | result:Sat
c 00h00m13s | objective:incumbent kind=improvement value=1633 rounds=159 improvements=158
o 1633
c objective-cut:rss-guard enabled=false
c 00h00m13s | stage:objective-cut:add timing=incremental-hard backend=cnf form=direct-expr clauses_added=5165
c 00h00m13s | stage:sat:init solver=CaDiCaL vars=420521 clauses=863553
c 00h00m13s | stage:sat:solve:start assumptions=0 phase_lits=0
c 00h00m13s | stage:sat:solve:done ms=18 result=Sat assumptions=0 phase_lits=0
c 00h00m13s | stage:decode:start
c 00h00m14s | stage:decode:done int_assignments=100
c 00h00m14s | result:Sat
c 00h00m14s | objective:incumbent kind=improvement value=1632 rounds=160 improvements=159
o 1632
c objective-cut:rss-guard enabled=false
c 00h00m14s | stage:objective-cut:add timing=incremental-hard backend=cnf form=direct-expr clauses_added=5151
c 00h00m14s | stage:sat:init solver=CaDiCaL vars=422998 clauses=868704
c 00h00m14s | stage:sat:solve:start assumptions=0 phase_lits=0
c 00h00m14s | stage:sat:solve:done ms=18 result=Sat assumptions=0 phase_lits=0
c 00h00m14s | stage:decode:start
c 00h00m14s | stage:decode:done int_assignments=100
c 00h00m14s | result:Sat
c 00h00m14s | objective:incumbent kind=improvement value=1631 rounds=161 improvements=160
o 1631
c objective-cut:rss-guard enabled=false
c 00h00m14s | stage:objective-cut:add timing=incremental-hard backend=cnf form=direct-expr clauses_added=5162
c 00h00m14s | stage:sat:init solver=CaDiCaL vars=425481 clauses=873866
c 00h00m14s | stage:sat:solve:start assumptions=0 phase_lits=0
c 00h00m14s | stage:sat:solve:done ms=76 result=Sat assumptions=0 phase_lits=0
c 00h00m14s | stage:decode:start
c 00h00m14s | stage:decode:done int_assignments=100
c 00h00m14s | result:Sat
c 00h00m14s | objective:incumbent kind=improvement value=1619 rounds=162 improvements=161
o 1619
c objective-cut:rss-guard enabled=false
c 00h00m14s | stage:objective-cut:add timing=incremental-hard backend=cnf form=direct-expr clauses_added=5148
c 00h00m14s | stage:sat:init solver=CaDiCaL vars=427954 clauses=879014
c 00h00m14s | stage:sat:solve:start assumptions=0 phase_lits=0
c 00h00m14s | stage:sat:solve:done ms=21 result=Sat assumptions=0 phase_lits=0
c 00h00m14s | stage:decode:start
c 00h00m14s | stage:decode:done int_assignments=100
c 00h00m14s | result:Sat
c 00h00m14s | objective:incumbent kind=improvement value=1616 rounds=163 improvements=162
o 1616
c objective-cut:rss-guard enabled=false
c 00h00m14s | stage:objective-cut:add timing=incremental-hard backend=cnf form=direct-expr clauses_added=5157
c 00h00m14s | stage:sat:init solver=CaDiCaL vars=430433 clauses=884171
c 00h00m14s | stage:sat:solve:start assumptions=0 phase_lits=0
c 00h00m14s | stage:sat:solve:done ms=83 result=Sat assumptions=0 phase_lits=0
c 00h00m14s | stage:decode:start
c 00h00m14s | stage:decode:done int_assignments=100
c 00h00m14s | result:Sat
c 00h00m14s | objective:incumbent kind=improvement value=1613 rounds=164 improvements=163
o 1613
c objective-cut:rss-guard enabled=false
c 00h00m14s | stage:objective-cut:add timing=incremental-hard backend=cnf form=direct-expr clauses_added=5181
c 00h00m14s | stage:sat:init solver=CaDiCaL vars=432924 clauses=889352
c 00h00m14s | stage:sat:solve:start assumptions=0 phase_lits=0
c 00h00m14s | stage:sat:solve:done ms=237 result=Sat assumptions=0 phase_lits=0
c 00h00m14s | stage:decode:start
c 00h00m14s | stage:decode:done int_assignments=100
c 00h00m14s | result:Sat
c 00h00m14s | objective:incumbent kind=improvement value=1606 rounds=165 improvements=164
o 1606
c objective-cut:rss-guard enabled=false
c 00h00m14s | stage:objective-cut:add timing=incremental-hard backend=cnf form=direct-expr clauses_added=5172
c 00h00m14s | stage:sat:init solver=CaDiCaL vars=435415 clauses=894524
c 00h00m14s | stage:sat:solve:start assumptions=0 phase_lits=0
c 00h00m14s | stage:sat:solve:done ms=32 result=Sat assumptions=0 phase_lits=0
c 00h00m14s | stage:decode:start
c 00h00m14s | stage:decode:done int_assignments=100
c 00h00m14s | result:Sat
c 00h00m14s | objective:incumbent kind=improvement value=1605 rounds=166 improvements=165
o 1605
c objective-cut:rss-guard enabled=false
c 00h00m14s | stage:objective-cut:add timing=incremental-hard backend=cnf form=direct-expr clauses_added=5174
c 00h00m14s | stage:sat:init solver=CaDiCaL vars=437906 clauses=899698
c 00h00m14s | stage:sat:solve:start assumptions=0 phase_lits=0
c 00h00m14s | stage:sat:solve:done ms=33 result=Sat assumptions=0 phase_lits=0
c 00h00m14s | stage:decode:start
c 00h00m14s | stage:decode:done int_assignments=100
c 00h00m14s | result:Sat
c 00h00m14s | objective:incumbent kind=improvement value=1601 rounds=167 improvements=166
o 1601
c objective-cut:rss-guard enabled=false
c 00h00m14s | stage:objective-cut:add timing=incremental-hard backend=cnf form=direct-expr clauses_added=5151
c 00h00m14s | stage:sat:init solver=CaDiCaL vars=440385 clauses=904849
c 00h00m14s | stage:sat:solve:start assumptions=0 phase_lits=0
c 00h00m14s | stage:sat:solve:done ms=241 result=Sat assumptions=0 phase_lits=0
c 00h00m14s | stage:decode:start
c 00h00m14s | stage:decode:done int_assignments=100
c 00h00m14s | result:Sat
c 00h00m14s | objective:incumbent kind=improvement value=1600 rounds=168 improvements=167
o 1600
c objective-cut:rss-guard enabled=false
c 00h00m14s | stage:objective-cut:add timing=incremental-hard backend=cnf form=direct-expr clauses_added=5137
c 00h00m14s | stage:sat:init solver=CaDiCaL vars=442856 clauses=909986
c 00h00m14s | stage:sat:solve:start assumptions=0 phase_lits=0
c 00h00m15s | stage:sat:solve:done ms=138 result=Sat assumptions=0 phase_lits=0
c 00h00m15s | stage:decode:start
c 00h00m15s | stage:decode:done int_assignments=100
c 00h00m15s | result:Sat
c 00h00m15s | objective:incumbent kind=improvement value=1599 rounds=169 improvements=168
o 1599
c objective-cut:rss-guard enabled=false
c 00h00m15s | stage:objective-cut:add timing=incremental-hard backend=cnf form=direct-expr clauses_added=5157
c 00h00m15s | stage:sat:init solver=CaDiCaL vars=445339 clauses=915143
c 00h00m15s | stage:sat:solve:start assumptions=0 phase_lits=0
c 00h00m15s | stage:sat:solve:done ms=99 result=Sat assumptions=0 phase_lits=0
c 00h00m15s | stage:decode:start
c 00h00m15s | stage:decode:done int_assignments=100
c 00h00m15s | result:Sat
c 00h00m15s | objective:incumbent kind=improvement value=1598 rounds=170 improvements=169
o 1598
c objective-cut:rss-guard enabled=false
c 00h00m15s | stage:objective-cut:add timing=incremental-hard backend=cnf form=direct-expr clauses_added=5171
c 00h00m15s | stage:sat:init solver=CaDiCaL vars=447830 clauses=920314
c 00h00m15s | stage:sat:solve:start assumptions=0 phase_lits=0
c 00h00m15s | stage:sat:solve:done ms=132 result=Sat assumptions=0 phase_lits=0
c 00h00m15s | stage:decode:start
c 00h00m15s | stage:decode:done int_assignments=100
c 00h00m15s | result:Sat
c 00h00m15s | objective:incumbent kind=improvement value=1579 rounds=171 improvements=170
o 1579
c objective-cut:rss-guard enabled=false
c 00h00m15s | stage:objective-cut:add timing=incremental-hard backend=cnf form=direct-expr clauses_added=5141
c 00h00m15s | stage:sat:init solver=CaDiCaL vars=450301 clauses=925455
c 00h00m15s | stage:sat:solve:start assumptions=0 phase_lits=0
c 00h00m15s | stage:sat:solve:done ms=40 result=Sat assumptions=0 phase_lits=0
c 00h00m15s | stage:decode:start
c 00h00m15s | stage:decode:done int_assignments=100
c 00h00m15s | result:Sat
c 00h00m15s | objective:incumbent kind=improvement value=1577 rounds=172 improvements=171
o 1577
c objective-cut:rss-guard enabled=false
c 00h00m15s | stage:objective-cut:add timing=incremental-hard backend=cnf form=direct-expr clauses_added=5171
c 00h00m15s | stage:sat:init solver=CaDiCaL vars=452790 clauses=930626
c 00h00m15s | stage:sat:solve:start assumptions=0 phase_lits=0
c 00h00m15s | stage:sat:solve:done ms=130 result=Sat assumptions=0 phase_lits=0
c 00h00m15s | stage:decode:start
c 00h00m15s | stage:decode:done int_assignments=100
c 00h00m15s | result:Sat
c 00h00m15s | objective:incumbent kind=improvement value=1576 rounds=173 improvements=172
o 1576
c objective-cut:rss-guard enabled=false
c 00h00m15s | stage:objective-cut:add timing=incremental-hard backend=cnf form=direct-expr clauses_added=5145
c 00h00m15s | stage:sat:init solver=CaDiCaL vars=455265 clauses=935771
c 00h00m15s | stage:sat:solve:start assumptions=0 phase_lits=0
c 00h00m15s | stage:sat:solve:done ms=316 result=Sat assumptions=0 phase_lits=0
c 00h00m15s | stage:decode:start
c 00h00m15s | stage:decode:done int_assignments=100
c 00h00m15s | result:Sat
c 00h00m15s | objective:incumbent kind=improvement value=1575 rounds=174 improvements=173
o 1575
c objective-cut:rss-guard enabled=false
c 00h00m15s | stage:objective-cut:add timing=incremental-hard backend=cnf form=direct-expr clauses_added=5150
c 00h00m15s | stage:sat:init solver=CaDiCaL vars=457742 clauses=940921
c 00h00m15s | stage:sat:solve:start assumptions=0 phase_lits=0
c 00h00m15s | stage:sat:solve:done ms=87 result=Sat assumptions=0 phase_lits=0
c 00h00m15s | stage:decode:start
c 00h00m15s | stage:decode:done int_assignments=100
c 00h00m15s | result:Sat
c 00h00m15s | objective:incumbent kind=improvement value=1557 rounds=175 improvements=174
o 1557
c objective-cut:rss-guard enabled=false
c 00h00m15s | stage:objective-cut:add timing=incremental-hard backend=cnf form=direct-expr clauses_added=5179
c 00h00m15s | stage:sat:init solver=CaDiCaL vars=460233 clauses=946100
c 00h00m15s | stage:sat:solve:start assumptions=0 phase_lits=0
c 00h00m16s | stage:sat:solve:done ms=192 result=Sat assumptions=0 phase_lits=0
c 00h00m16s | stage:decode:start
c 00h00m16s | stage:decode:done int_assignments=100
c 00h00m16s | result:Sat
c 00h00m16s | objective:incumbent kind=improvement value=1414 rounds=176 improvements=175
o 1414
c objective-cut:rss-guard enabled=false
c 00h00m16s | stage:objective-cut:add timing=incremental-hard backend=cnf form=direct-expr clauses_added=5173
c 00h00m16s | stage:sat:init solver=CaDiCaL vars=462722 clauses=951273
c 00h00m16s | stage:sat:solve:start assumptions=0 phase_lits=0
c 00h00m16s | stage:sat:solve:done ms=203 result=Sat assumptions=0 phase_lits=0
c 00h00m16s | stage:decode:start
c 00h00m16s | stage:decode:done int_assignments=100
c 00h00m16s | result:Sat
c 00h00m16s | objective:incumbent kind=improvement value=1413 rounds=177 improvements=176
o 1413
c objective-cut:rss-guard enabled=false
c 00h00m16s | stage:objective-cut:add timing=incremental-hard backend=cnf form=direct-expr clauses_added=5175
c 00h00m16s | stage:sat:init solver=CaDiCaL vars=465211 clauses=956448
c 00h00m16s | stage:sat:solve:start assumptions=0 phase_lits=0
c 00h00m16s | stage:sat:solve:done ms=280 result=Sat assumptions=0 phase_lits=0
c 00h00m16s | stage:decode:start
c 00h00m16s | stage:decode:done int_assignments=100
c 00h00m16s | result:Sat
c 00h00m16s | objective:incumbent kind=improvement value=1412 rounds=178 improvements=177
o 1412
c objective-cut:rss-guard enabled=false
c 00h00m16s | stage:objective-cut:add timing=incremental-hard backend=cnf form=direct-expr clauses_added=5157
c 00h00m16s | stage:sat:init solver=CaDiCaL vars=467690 clauses=961605
c 00h00m16s | stage:sat:solve:start assumptions=0 phase_lits=0
c 00h00m16s | stage:sat:solve:done ms=238 result=Sat assumptions=0 phase_lits=0
c 00h00m16s | stage:decode:start
c 00h00m16s | stage:decode:done int_assignments=100
c 00h00m16s | result:Sat
c 00h00m16s | objective:incumbent kind=improvement value=1411 rounds=179 improvements=178
o 1411
c objective-cut:rss-guard enabled=false
c 00h00m16s | stage:objective-cut:add timing=incremental-hard backend=cnf form=direct-expr clauses_added=5151
c 00h00m16s | stage:sat:init solver=CaDiCaL vars=470165 clauses=966756
c 00h00m16s | stage:sat:solve:start assumptions=0 phase_lits=0
c 00h00m17s | stage:sat:solve:done ms=195 result=Sat assumptions=0 phase_lits=0
c 00h00m17s | stage:decode:start
c 00h00m17s | stage:decode:done int_assignments=100
c 00h00m17s | result:Sat
c 00h00m17s | objective:incumbent kind=improvement value=1410 rounds=180 improvements=179
o 1410
c objective-cut:rss-guard enabled=false
c 00h00m17s | stage:objective-cut:add timing=incremental-hard backend=cnf form=direct-expr clauses_added=5168
c 00h00m17s | stage:sat:init solver=CaDiCaL vars=472650 clauses=971924
c 00h00m17s | stage:sat:solve:start assumptions=0 phase_lits=0
c 00h00m17s | stage:sat:solve:done ms=54 result=Sat assumptions=0 phase_lits=0
c 00h00m17s | stage:decode:start
c 00h00m17s | stage:decode:done int_assignments=100
c 00h00m17s | result:Sat
c 00h00m17s | objective:incumbent kind=improvement value=1409 rounds=181 improvements=180
o 1409
c objective-cut:rss-guard enabled=false
c 00h00m17s | stage:objective-cut:add timing=incremental-hard backend=cnf form=direct-expr clauses_added=5160
c 00h00m17s | stage:sat:init solver=CaDiCaL vars=475131 clauses=977084
c 00h00m17s | stage:sat:solve:start assumptions=0 phase_lits=0
c 00h00m17s | stage:sat:solve:done ms=58 result=Sat assumptions=0 phase_lits=0
c 00h00m17s | stage:decode:start
c 00h00m17s | stage:decode:done int_assignments=100
c 00h00m17s | result:Sat
c 00h00m17s | objective:incumbent kind=improvement value=1408 rounds=182 improvements=181
o 1408
c objective-cut:rss-guard enabled=false
c 00h00m17s | stage:objective-cut:add timing=incremental-hard backend=cnf form=direct-expr clauses_added=5146
c 00h00m17s | stage:sat:init solver=CaDiCaL vars=477604 clauses=982230
c 00h00m17s | stage:sat:solve:start assumptions=0 phase_lits=0
c 00h00m17s | stage:sat:solve:done ms=216 result=Sat assumptions=0 phase_lits=0
c 00h00m17s | stage:decode:start
c 00h00m17s | stage:decode:done int_assignments=100
c 00h00m17s | result:Sat
c 00h00m17s | objective:incumbent kind=improvement value=1403 rounds=183 improvements=182
o 1403
c objective-cut:rss-guard enabled=false
c 00h00m17s | stage:objective-cut:add timing=incremental-hard backend=cnf form=direct-expr clauses_added=5148
c 00h00m17s | stage:sat:init solver=CaDiCaL vars=480077 clauses=987378
c 00h00m17s | stage:sat:solve:start assumptions=0 phase_lits=0
c 00h00m17s | stage:sat:solve:done ms=469 result=Sat assumptions=0 phase_lits=0
c 00h00m17s | stage:decode:start
c 00h00m17s | stage:decode:done int_assignments=100
c 00h00m17s | result:Sat
c 00h00m17s | objective:incumbent kind=improvement value=1402 rounds=184 improvements=183
o 1402
c objective-cut:rss-guard enabled=false
c 00h00m17s | stage:objective-cut:add timing=incremental-hard backend=cnf form=direct-expr clauses_added=5171
c 00h00m17s | stage:sat:init solver=CaDiCaL vars=482564 clauses=992549
c 00h00m17s | stage:sat:solve:start assumptions=0 phase_lits=0
c 00h00m18s | stage:sat:solve:done ms=77 result=Sat assumptions=0 phase_lits=0
c 00h00m18s | stage:decode:start
c 00h00m18s | stage:decode:done int_assignments=100
c 00h00m18s | result:Sat
c 00h00m18s | objective:incumbent kind=improvement value=1401 rounds=185 improvements=184
o 1401
c objective-cut:rss-guard enabled=false
c 00h00m18s | stage:objective-cut:add timing=incremental-hard backend=cnf form=direct-expr clauses_added=5172
c 00h00m18s | stage:sat:init solver=CaDiCaL vars=485051 clauses=997721
c 00h00m18s | stage:sat:solve:start assumptions=0 phase_lits=0
c 00h00m18s | stage:sat:solve:done ms=141 result=Sat assumptions=0 phase_lits=0
c 00h00m18s | stage:decode:start
c 00h00m18s | stage:decode:done int_assignments=100
c 00h00m18s | result:Sat
c 00h00m18s | objective:incumbent kind=improvement value=1398 rounds=186 improvements=185
o 1398
c objective-cut:rss-guard enabled=false
c 00h00m18s | stage:objective-cut:add timing=incremental-hard backend=cnf form=direct-expr clauses_added=5176
c 00h00m18s | stage:sat:init solver=CaDiCaL vars=487540 clauses=1002897
c 00h00m18s | stage:sat:solve:start assumptions=0 phase_lits=0
c 00h00m18s | stage:sat:solve:done ms=201 result=Sat assumptions=0 phase_lits=0
c 00h00m18s | stage:decode:start
c 00h00m18s | stage:decode:done int_assignments=100
c 00h00m18s | result:Sat
c 00h00m18s | objective:incumbent kind=improvement value=1397 rounds=187 improvements=186
o 1397
c objective-cut:rss-guard enabled=false
c 00h00m18s | stage:objective-cut:add timing=incremental-hard backend=cnf form=direct-expr clauses_added=5178
c 00h00m18s | stage:sat:init solver=CaDiCaL vars=490029 clauses=1008075
c 00h00m18s | stage:sat:solve:start assumptions=0 phase_lits=0
c 00h00m18s | stage:sat:solve:done ms=108 result=Sat assumptions=0 phase_lits=0
c 00h00m18s | stage:decode:start
c 00h00m18s | stage:decode:done int_assignments=100
c 00h00m18s | result:Sat
c 00h00m18s | objective:incumbent kind=improvement value=1396 rounds=188 improvements=187
o 1396
c objective-cut:rss-guard enabled=false
c 00h00m18s | stage:objective-cut:add timing=incremental-hard backend=cnf form=direct-expr clauses_added=5160
c 00h00m18s | stage:sat:init solver=CaDiCaL vars=492508 clauses=1013235
c 00h00m18s | stage:sat:solve:start assumptions=0 phase_lits=0
c 00h00m19s | stage:sat:solve:done ms=1196 result=Sat assumptions=0 phase_lits=0
c 00h00m19s | stage:decode:start
c 00h00m19s | stage:decode:done int_assignments=100
c 00h00m19s | result:Sat
c 00h00m19s | objective:incumbent kind=improvement value=1393 rounds=189 improvements=188
o 1393
c objective-cut:rss-guard enabled=false
c 00h00m19s | stage:objective-cut:add timing=incremental-hard backend=cnf form=direct-expr clauses_added=5170
c 00h00m19s | stage:sat:init solver=CaDiCaL vars=494993 clauses=1018405
c 00h00m19s | stage:sat:solve:start assumptions=0 phase_lits=0
c 00h00m19s | stage:sat:solve:done ms=43 result=Sat assumptions=0 phase_lits=0
c 00h00m19s | stage:decode:start
c 00h00m19s | stage:decode:done int_assignments=100
c 00h00m19s | result:Sat
c 00h00m19s | objective:incumbent kind=improvement value=1392 rounds=190 improvements=189
o 1392
c objective-cut:rss-guard enabled=false
c 00h00m19s | stage:objective-cut:add timing=incremental-hard backend=cnf form=direct-expr clauses_added=5156
c 00h00m19s | stage:sat:init solver=CaDiCaL vars=497470 clauses=1023561
c 00h00m19s | stage:sat:solve:start assumptions=0 phase_lits=0
c 00h00m19s | stage:sat:solve:done ms=36 result=Sat assumptions=0 phase_lits=0
c 00h00m19s | stage:decode:start
c 00h00m19s | stage:decode:done int_assignments=100
c 00h00m19s | result:Sat
c 00h00m19s | objective:incumbent kind=improvement value=1391 rounds=191 improvements=190
o 1391
c objective-cut:rss-guard enabled=false
c 00h00m19s | stage:objective-cut:add timing=incremental-hard backend=cnf form=direct-expr clauses_added=5164
c 00h00m19s | stage:sat:init solver=CaDiCaL vars=499951 clauses=1028725
c 00h00m19s | stage:sat:solve:start assumptions=0 phase_lits=0
c 00h00m19s | stage:sat:solve:done ms=58 result=Sat assumptions=0 phase_lits=0
c 00h00m19s | stage:decode:start
c 00h00m19s | stage:decode:done int_assignments=100
c 00h00m19s | result:Sat
c 00h00m19s | objective:incumbent kind=improvement value=1390 rounds=192 improvements=191
o 1390
c objective-cut:rss-guard enabled=false
c 00h00m19s | stage:objective-cut:add timing=incremental-hard backend=cnf form=direct-expr clauses_added=5178
c 00h00m19s | stage:sat:init solver=CaDiCaL vars=502440 clauses=1033903
c 00h00m19s | stage:sat:solve:start assumptions=0 phase_lits=0
c 00h00m20s | stage:sat:solve:done ms=40 result=Sat assumptions=0 phase_lits=0
c 00h00m20s | stage:decode:start
c 00h00m20s | stage:decode:done int_assignments=100
c 00h00m20s | result:Sat
c 00h00m20s | objective:incumbent kind=improvement value=1389 rounds=193 improvements=192
o 1389
c objective-cut:rss-guard enabled=false
c 00h00m20s | stage:objective-cut:add timing=incremental-hard backend=cnf form=direct-expr clauses_added=5180
c 00h00m20s | stage:sat:init solver=CaDiCaL vars=504929 clauses=1039083
c 00h00m20s | stage:sat:solve:start assumptions=0 phase_lits=0
c 00h00m20s | stage:sat:solve:done ms=158 result=Sat assumptions=0 phase_lits=0
c 00h00m20s | stage:decode:start
c 00h00m20s | stage:decode:done int_assignments=100
c 00h00m20s | result:Sat
c 00h00m20s | objective:incumbent kind=improvement value=1388 rounds=194 improvements=193
o 1388
c objective-cut:rss-guard enabled=false
c 00h00m20s | stage:objective-cut:add timing=incremental-hard backend=cnf form=direct-expr clauses_added=5146
c 00h00m20s | stage:sat:init solver=CaDiCaL vars=507400 clauses=1044229
c 00h00m20s | stage:sat:solve:start assumptions=0 phase_lits=0
c 00h00m20s | stage:sat:solve:done ms=67 result=Sat assumptions=0 phase_lits=0
c 00h00m20s | stage:decode:start
c 00h00m20s | stage:decode:done int_assignments=100
c 00h00m20s | result:Sat
c 00h00m20s | objective:incumbent kind=improvement value=1387 rounds=195 improvements=194
o 1387
c objective-cut:rss-guard enabled=false
c 00h00m20s | stage:objective-cut:add timing=incremental-hard backend=cnf form=direct-expr clauses_added=5144
c 00h00m20s | stage:sat:init solver=CaDiCaL vars=509869 clauses=1049373
c 00h00m20s | stage:sat:solve:start assumptions=0 phase_lits=0
c 00h00m20s | stage:sat:solve:done ms=38 result=Sat assumptions=0 phase_lits=0
c 00h00m20s | stage:decode:start
c 00h00m20s | stage:decode:done int_assignments=100
c 00h00m20s | result:Sat
c 00h00m20s | objective:incumbent kind=improvement value=1385 rounds=196 improvements=195
o 1385
c objective-cut:rss-guard enabled=false
c 00h00m20s | stage:objective-cut:add timing=incremental-hard backend=cnf form=direct-expr clauses_added=5174
c 00h00m20s | stage:sat:init solver=CaDiCaL vars=512356 clauses=1054547
c 00h00m20s | stage:sat:solve:start assumptions=0 phase_lits=0
c 00h00m20s | stage:sat:solve:done ms=19 result=Sat assumptions=0 phase_lits=0
c 00h00m20s | stage:decode:start
c 00h00m20s | stage:decode:done int_assignments=100
c 00h00m20s | result:Sat
c 00h00m20s | objective:incumbent kind=improvement value=1380 rounds=197 improvements=196
o 1380
c objective-cut:rss-guard enabled=false
c 00h00m20s | stage:objective-cut:add timing=incremental-hard backend=cnf form=direct-expr clauses_added=5158
c 00h00m20s | stage:sat:init solver=CaDiCaL vars=514835 clauses=1059705
c 00h00m20s | stage:sat:solve:start assumptions=0 phase_lits=0
c 00h00m20s | stage:sat:solve:done ms=44 result=Sat assumptions=0 phase_lits=0
c 00h00m20s | stage:decode:start
c 00h00m20s | stage:decode:done int_assignments=100
c 00h00m20s | result:Sat
c 00h00m20s | objective:incumbent kind=improvement value=1377 rounds=198 improvements=197
o 1377
c objective-cut:rss-guard enabled=false
c 00h00m20s | stage:objective-cut:add timing=incremental-hard backend=cnf form=direct-expr clauses_added=5165
c 00h00m20s | stage:sat:init solver=CaDiCaL vars=517318 clauses=1064870
c 00h00m20s | stage:sat:solve:start assumptions=0 phase_lits=0
c 00h00m20s | stage:sat:solve:done ms=27 result=Sat assumptions=0 phase_lits=0
c 00h00m20s | stage:decode:start
c 00h00m20s | stage:decode:done int_assignments=100
c 00h00m20s | result:Sat
c 00h00m20s | objective:incumbent kind=improvement value=1354 rounds=199 improvements=198
o 1354
c objective-cut:rss-guard enabled=false
c 00h00m20s | stage:objective-cut:add timing=incremental-hard backend=cnf form=direct-expr clauses_added=5158
c 00h00m20s | stage:sat:init solver=CaDiCaL vars=519801 clauses=1070028
c 00h00m20s | stage:sat:solve:start assumptions=0 phase_lits=0
c 00h00m20s | stage:sat:solve:done ms=74 result=Sat assumptions=0 phase_lits=0
c 00h00m20s | stage:decode:start
c 00h00m20s | stage:decode:done int_assignments=100
c 00h00m20s | result:Sat
c 00h00m20s | objective:incumbent kind=improvement value=1353 rounds=200 improvements=199
o 1353
c objective-cut:rss-guard enabled=false
c 00h00m20s | stage:objective-cut:add timing=incremental-hard backend=cnf form=direct-expr clauses_added=5159
c 00h00m20s | stage:sat:init solver=CaDiCaL vars=522284 clauses=1075187
c 00h00m20s | stage:sat:solve:start assumptions=0 phase_lits=0
c 00h00m20s | stage:sat:solve:done ms=67 result=Sat assumptions=0 phase_lits=0
c 00h00m20s | stage:decode:start
c 00h00m20s | stage:decode:done int_assignments=100
c 00h00m20s | result:Sat
c 00h00m20s | objective:incumbent kind=improvement value=1352 rounds=201 improvements=200
o 1352
c objective-cut:rss-guard enabled=false
c 00h00m20s | stage:objective-cut:add timing=incremental-hard backend=cnf form=direct-expr clauses_added=5137
c 00h00m20s | stage:sat:init solver=CaDiCaL vars=524755 clauses=1080324
c 00h00m20s | stage:sat:solve:start assumptions=0 phase_lits=0
c 00h00m20s | stage:sat:solve:done ms=130 result=Sat assumptions=0 phase_lits=0
c 00h00m20s | stage:decode:start
c 00h00m20s | stage:decode:done int_assignments=100
c 00h00m20s | result:Sat
c 00h00m20s | objective:incumbent kind=improvement value=1351 rounds=202 improvements=201
o 1351
c objective-cut:rss-guard enabled=false
c 00h00m20s | stage:objective-cut:add timing=incremental-hard backend=cnf form=direct-expr clauses_added=5142
c 00h00m20s | stage:sat:init solver=CaDiCaL vars=527228 clauses=1085466
c 00h00m20s | stage:sat:solve:start assumptions=0 phase_lits=0
c 00h00m20s | stage:sat:solve:done ms=97 result=Sat assumptions=0 phase_lits=0
c 00h00m20s | stage:decode:start
c 00h00m20s | stage:decode:done int_assignments=100
c 00h00m20s | result:Sat
c 00h00m20s | objective:incumbent kind=improvement value=1349 rounds=203 improvements=202
o 1349
c objective-cut:rss-guard enabled=false
c 00h00m20s | stage:objective-cut:add timing=incremental-hard backend=cnf form=direct-expr clauses_added=5164
c 00h00m20s | stage:sat:init solver=CaDiCaL vars=529713 clauses=1090630
c 00h00m20s | stage:sat:solve:start assumptions=0 phase_lits=0
c 00h00m20s | stage:sat:solve:done ms=49 result=Sat assumptions=0 phase_lits=0
c 00h00m20s | stage:decode:start
c 00h00m20s | stage:decode:done int_assignments=100
c 00h00m20s | result:Sat
c 00h00m20s | objective:incumbent kind=improvement value=1348 rounds=204 improvements=203
o 1348
c objective-cut:rss-guard enabled=false
c 00h00m21s | stage:objective-cut:add timing=incremental-hard backend=cnf form=direct-expr clauses_added=5146
c 00h00m21s | stage:sat:init solver=CaDiCaL vars=532188 clauses=1095776
c 00h00m21s | stage:sat:solve:start assumptions=0 phase_lits=0
c 00h00m21s | stage:sat:solve:done ms=143 result=Sat assumptions=0 phase_lits=0
c 00h00m21s | stage:decode:start
c 00h00m21s | stage:decode:done int_assignments=100
c 00h00m21s | result:Sat
c 00h00m21s | objective:incumbent kind=improvement value=1347 rounds=205 improvements=204
o 1347
c objective-cut:rss-guard enabled=false
c 00h00m21s | stage:objective-cut:add timing=incremental-hard backend=cnf form=direct-expr clauses_added=5140
c 00h00m21s | stage:sat:init solver=CaDiCaL vars=534659 clauses=1100916
c 00h00m21s | stage:sat:solve:start assumptions=0 phase_lits=0
c 00h00m21s | stage:sat:solve:done ms=152 result=Sat assumptions=0 phase_lits=0
c 00h00m21s | stage:decode:start
c 00h00m21s | stage:decode:done int_assignments=100
c 00h00m21s | result:Sat
c 00h00m21s | objective:incumbent kind=improvement value=1346 rounds=206 improvements=205
o 1346
c objective-cut:rss-guard enabled=false
c 00h00m21s | stage:objective-cut:add timing=incremental-hard backend=cnf form=direct-expr clauses_added=5157
c 00h00m21s | stage:sat:init solver=CaDiCaL vars=537140 clauses=1106073
c 00h00m21s | stage:sat:solve:start assumptions=0 phase_lits=0
c 00h00m21s | stage:sat:solve:done ms=54 result=Sat assumptions=0 phase_lits=0
c 00h00m21s | stage:decode:start
c 00h00m21s | stage:decode:done int_assignments=100
c 00h00m21s | result:Sat
c 00h00m21s | objective:incumbent kind=improvement value=1345 rounds=207 improvements=206
o 1345
c objective-cut:rss-guard enabled=false
c 00h00m21s | stage:objective-cut:add timing=incremental-hard backend=cnf form=direct-expr clauses_added=5135
c 00h00m21s | stage:sat:init solver=CaDiCaL vars=539610 clauses=1111208
c 00h00m21s | stage:sat:solve:start assumptions=0 phase_lits=0
c 00h00m21s | stage:sat:solve:done ms=131 result=Sat assumptions=0 phase_lits=0
c 00h00m21s | stage:decode:start
c 00h00m21s | stage:decode:done int_assignments=100
c 00h00m21s | result:Sat
c 00h00m21s | objective:incumbent kind=improvement value=1343 rounds=208 improvements=207
o 1343
c objective-cut:rss-guard enabled=false
c 00h00m21s | stage:objective-cut:add timing=incremental-hard backend=cnf form=direct-expr clauses_added=5142
c 00h00m21s | stage:sat:init solver=CaDiCaL vars=542085 clauses=1116350
c 00h00m21s | stage:sat:solve:start assumptions=0 phase_lits=0
c 00h00m21s | stage:sat:solve:done ms=194 result=Sat assumptions=0 phase_lits=0
c 00h00m21s | stage:decode:start
c 00h00m21s | stage:decode:done int_assignments=100
c 00h00m21s | result:Sat
c 00h00m21s | objective:incumbent kind=improvement value=1342 rounds=209 improvements=208
o 1342
c objective-cut:rss-guard enabled=false
c 00h00m21s | stage:objective-cut:add timing=incremental-hard backend=cnf form=direct-expr clauses_added=5156
c 00h00m21s | stage:sat:init solver=CaDiCaL vars=544568 clauses=1121506
c 00h00m21s | stage:sat:solve:start assumptions=0 phase_lits=0
c 00h00m22s | stage:sat:solve:done ms=236 result=Sat assumptions=0 phase_lits=0
c 00h00m22s | stage:decode:start
c 00h00m22s | stage:decode:done int_assignments=100
c 00h00m22s | result:Sat
c 00h00m22s | objective:incumbent kind=improvement value=1341 rounds=210 improvements=209
o 1341
c objective-cut:rss-guard enabled=false
c 00h00m22s | stage:objective-cut:add timing=incremental-hard backend=cnf form=direct-expr clauses_added=5158
c 00h00m22s | stage:sat:init solver=CaDiCaL vars=547051 clauses=1126664
c 00h00m22s | stage:sat:solve:start assumptions=0 phase_lits=0
c 00h00m22s | stage:sat:solve:done ms=23 result=Sat assumptions=0 phase_lits=0
c 00h00m22s | stage:decode:start
c 00h00m22s | stage:decode:done int_assignments=100
c 00h00m22s | result:Sat
c 00h00m22s | objective:incumbent kind=improvement value=1340 rounds=211 improvements=210
o 1340
c objective-cut:rss-guard enabled=false
c 00h00m22s | stage:objective-cut:add timing=incremental-hard backend=cnf form=direct-expr clauses_added=5132
c 00h00m22s | stage:sat:init solver=CaDiCaL vars=549520 clauses=1131796
c 00h00m22s | stage:sat:solve:start assumptions=0 phase_lits=0
c 00h00m22s | stage:sat:solve:done ms=141 result=Sat assumptions=0 phase_lits=0
c 00h00m22s | stage:decode:start
c 00h00m22s | stage:decode:done int_assignments=100
c 00h00m22s | result:Sat
c 00h00m22s | objective:incumbent kind=improvement value=1339 rounds=212 improvements=211
o 1339
c objective-cut:rss-guard enabled=false
c 00h00m22s | stage:objective-cut:add timing=incremental-hard backend=cnf form=direct-expr clauses_added=5130
c 00h00m22s | stage:sat:init solver=CaDiCaL vars=551987 clauses=1136926
c 00h00m22s | stage:sat:solve:start assumptions=0 phase_lits=0
c 00h00m22s | stage:sat:solve:done ms=30 result=Sat assumptions=0 phase_lits=0
c 00h00m22s | stage:decode:start
c 00h00m22s | stage:decode:done int_assignments=100
c 00h00m22s | result:Sat
c 00h00m22s | objective:incumbent kind=improvement value=1331 rounds=213 improvements=212
o 1331
c objective-cut:rss-guard enabled=false
c 00h00m22s | stage:objective-cut:add timing=incremental-hard backend=cnf form=direct-expr clauses_added=5132
c 00h00m22s | stage:sat:init solver=CaDiCaL vars=554454 clauses=1142058
c 00h00m22s | stage:sat:solve:start assumptions=0 phase_lits=0
c 00h00m22s | stage:sat:solve:done ms=57 result=Sat assumptions=0 phase_lits=0
c 00h00m22s | stage:decode:start
c 00h00m22s | stage:decode:done int_assignments=100
c 00h00m22s | result:Sat
c 00h00m22s | objective:incumbent kind=improvement value=1329 rounds=214 improvements=213
o 1329
c objective-cut:rss-guard enabled=false
c 00h00m22s | stage:objective-cut:add timing=incremental-hard backend=cnf form=direct-expr clauses_added=5152
c 00h00m22s | stage:sat:init solver=CaDiCaL vars=556933 clauses=1147210
c 00h00m22s | stage:sat:solve:start assumptions=0 phase_lits=0
c 00h00m22s | stage:sat:solve:done ms=225 result=Sat assumptions=0 phase_lits=0
c 00h00m22s | stage:decode:start
c 00h00m22s | stage:decode:done int_assignments=100
c 00h00m22s | result:Sat
c 00h00m22s | objective:incumbent kind=improvement value=1328 rounds=215 improvements=214
o 1328
c objective-cut:rss-guard enabled=false
c 00h00m22s | stage:objective-cut:add timing=incremental-hard backend=cnf form=direct-expr clauses_added=5138
c 00h00m22s | stage:sat:init solver=CaDiCaL vars=559404 clauses=1152348
c 00h00m22s | stage:sat:solve:start assumptions=0 phase_lits=0
c 00h00m22s | stage:sat:solve:done ms=294 result=Sat assumptions=0 phase_lits=0
c 00h00m22s | stage:decode:start
c 00h00m22s | stage:decode:done int_assignments=100
c 00h00m22s | result:Sat
c 00h00m22s | objective:incumbent kind=improvement value=1327 rounds=216 improvements=215
o 1327
c objective-cut:rss-guard enabled=false
c 00h00m22s | stage:objective-cut:add timing=incremental-hard backend=cnf form=direct-expr clauses_added=5146
c 00h00m22s | stage:sat:init solver=CaDiCaL vars=561879 clauses=1157494
c 00h00m22s | stage:sat:solve:start assumptions=0 phase_lits=0
c 00h00m22s | stage:sat:solve:done ms=39 result=Sat assumptions=0 phase_lits=0
c 00h00m22s | stage:decode:start
c 00h00m22s | stage:decode:done int_assignments=100
c 00h00m22s | result:Sat
c 00h00m22s | objective:incumbent kind=improvement value=1326 rounds=217 improvements=216
o 1326
c objective-cut:rss-guard enabled=false
c 00h00m22s | stage:objective-cut:add timing=incremental-hard backend=cnf form=direct-expr clauses_added=5160
c 00h00m22s | stage:sat:init solver=CaDiCaL vars=564362 clauses=1162654
c 00h00m22s | stage:sat:solve:start assumptions=0 phase_lits=0
c 00h00m23s | stage:sat:solve:done ms=244 result=Sat assumptions=0 phase_lits=0
c 00h00m23s | stage:decode:start
c 00h00m23s | stage:decode:done int_assignments=100
c 00h00m23s | result:Sat
c 00h00m23s | objective:incumbent kind=improvement value=1325 rounds=218 improvements=217
o 1325
c objective-cut:rss-guard enabled=false
c 00h00m23s | stage:objective-cut:add timing=incremental-hard backend=cnf form=direct-expr clauses_added=5162
c 00h00m23s | stage:sat:init solver=CaDiCaL vars=566845 clauses=1167816
c 00h00m23s | stage:sat:solve:start assumptions=0 phase_lits=0
c 00h00m23s | stage:sat:solve:done ms=172 result=Sat assumptions=0 phase_lits=0
c 00h00m23s | stage:decode:start
c 00h00m23s | stage:decode:done int_assignments=100
c 00h00m23s | result:Sat
c 00h00m23s | objective:incumbent kind=improvement value=1324 rounds=219 improvements=218
o 1324
c objective-cut:rss-guard enabled=false
c 00h00m23s | stage:objective-cut:add timing=incremental-hard backend=cnf form=direct-expr clauses_added=5128
c 00h00m23s | stage:sat:init solver=CaDiCaL vars=569310 clauses=1172944
c 00h00m23s | stage:sat:solve:start assumptions=0 phase_lits=0
c 00h00m23s | stage:sat:solve:done ms=317 result=Sat assumptions=0 phase_lits=0
c 00h00m23s | stage:decode:start
c 00h00m23s | stage:decode:done int_assignments=100
c 00h00m23s | result:Sat
c 00h00m23s | objective:incumbent kind=improvement value=1323 rounds=220 improvements=219
o 1323
c objective-cut:rss-guard enabled=false
c 00h00m23s | stage:objective-cut:add timing=incremental-hard backend=cnf form=direct-expr clauses_added=5126
c 00h00m23s | stage:sat:init solver=CaDiCaL vars=571773 clauses=1178070
c 00h00m23s | stage:sat:solve:start assumptions=0 phase_lits=0
c 00h00m23s | stage:sat:solve:done ms=117 result=Sat assumptions=0 phase_lits=0
c 00h00m23s | stage:decode:start
c 00h00m23s | stage:decode:done int_assignments=100
c 00h00m23s | result:Sat
c 00h00m23s | objective:incumbent kind=improvement value=1322 rounds=221 improvements=220
o 1322
c objective-cut:rss-guard enabled=false
c 00h00m23s | stage:objective-cut:add timing=incremental-hard backend=cnf form=direct-expr clauses_added=5155
c 00h00m23s | stage:sat:init solver=CaDiCaL vars=574254 clauses=1183225
c 00h00m23s | stage:sat:solve:start assumptions=0 phase_lits=0
c 00h00m23s | stage:sat:solve:done ms=23 result=Sat assumptions=0 phase_lits=0
c 00h00m23s | stage:decode:start
c 00h00m23s | stage:decode:done int_assignments=100
c 00h00m23s | result:Sat
c 00h00m23s | objective:incumbent kind=improvement value=1321 rounds=222 improvements=221
o 1321
c objective-cut:rss-guard enabled=false
c 00h00m23s | stage:objective-cut:add timing=incremental-hard backend=cnf form=direct-expr clauses_added=5156
c 00h00m23s | stage:sat:init solver=CaDiCaL vars=576735 clauses=1188381
c 00h00m23s | stage:sat:solve:start assumptions=0 phase_lits=0
c 00h00m24s | stage:sat:solve:done ms=298 result=Sat assumptions=0 phase_lits=0
c 00h00m24s | stage:decode:start
c 00h00m24s | stage:decode:done int_assignments=100
c 00h00m24s | result:Sat
c 00h00m24s | objective:incumbent kind=improvement value=1320 rounds=223 improvements=222
o 1320
c objective-cut:rss-guard enabled=false
c 00h00m24s | stage:objective-cut:add timing=incremental-hard backend=cnf form=direct-expr clauses_added=5130
c 00h00m24s | stage:sat:init solver=CaDiCaL vars=579202 clauses=1193511
c 00h00m24s | stage:sat:solve:start assumptions=0 phase_lits=0
c 00h00m24s | stage:sat:solve:done ms=83 result=Sat assumptions=0 phase_lits=0
c 00h00m24s | stage:decode:start
c 00h00m24s | stage:decode:done int_assignments=100
c 00h00m24s | result:Sat
c 00h00m24s | objective:incumbent kind=improvement value=1319 rounds=224 improvements=223
o 1319
c objective-cut:rss-guard enabled=false
c 00h00m24s | stage:objective-cut:add timing=incremental-hard backend=cnf form=direct-expr clauses_added=5135
c 00h00m24s | stage:sat:init solver=CaDiCaL vars=581671 clauses=1198646
c 00h00m24s | stage:sat:solve:start assumptions=0 phase_lits=0
c 00h00m24s | stage:sat:solve:done ms=20 result=Sat assumptions=0 phase_lits=0
c 00h00m24s | stage:decode:start
c 00h00m24s | stage:decode:done int_assignments=100
c 00h00m24s | result:Sat
c 00h00m24s | objective:incumbent kind=improvement value=1318 rounds=225 improvements=224
o 1318
c objective-cut:rss-guard enabled=false
c 00h00m24s | stage:objective-cut:add timing=incremental-hard backend=cnf form=direct-expr clauses_added=5158
c 00h00m24s | stage:sat:init solver=CaDiCaL vars=584154 clauses=1203804
c 00h00m24s | stage:sat:solve:start assumptions=0 phase_lits=0
c 00h00m24s | stage:sat:solve:done ms=370 result=Sat assumptions=0 phase_lits=0
c 00h00m24s | stage:decode:start
c 00h00m24s | stage:decode:done int_assignments=100
c 00h00m24s | result:Sat
c 00h00m24s | objective:incumbent kind=improvement value=1317 rounds=226 improvements=225
o 1317
c objective-cut:rss-guard enabled=false
c 00h00m24s | stage:objective-cut:add timing=incremental-hard backend=cnf form=direct-expr clauses_added=5160
c 00h00m24s | stage:sat:init solver=CaDiCaL vars=586637 clauses=1208964
c 00h00m24s | stage:sat:solve:start assumptions=0 phase_lits=0
c 00h00m25s | stage:sat:solve:done ms=232 result=Sat assumptions=0 phase_lits=0
c 00h00m25s | stage:decode:start
c 00h00m25s | stage:decode:done int_assignments=100
c 00h00m25s | result:Sat
c 00h00m25s | objective:incumbent kind=improvement value=1316 rounds=227 improvements=226
o 1316
c objective-cut:rss-guard enabled=false
c 00h00m25s | stage:objective-cut:add timing=incremental-hard backend=cnf form=direct-expr clauses_added=5142
c 00h00m25s | stage:sat:init solver=CaDiCaL vars=589110 clauses=1214106
c 00h00m25s | stage:sat:solve:start assumptions=0 phase_lits=0
c 00h00m25s | stage:sat:solve:done ms=342 result=Sat assumptions=0 phase_lits=0
c 00h00m25s | stage:decode:start
c 00h00m25s | stage:decode:done int_assignments=100
c 00h00m25s | result:Sat
c 00h00m25s | objective:incumbent kind=improvement value=1315 rounds=228 improvements=227
o 1315
c objective-cut:rss-guard enabled=false
c 00h00m25s | stage:objective-cut:add timing=incremental-hard backend=cnf form=direct-expr clauses_added=5136
c 00h00m25s | stage:sat:init solver=CaDiCaL vars=591579 clauses=1219242
c 00h00m25s | stage:sat:solve:start assumptions=0 phase_lits=0
c 00h00m25s | stage:sat:solve:done ms=245 result=Sat assumptions=0 phase_lits=0
c 00h00m25s | stage:decode:start
c 00h00m25s | stage:decode:done int_assignments=100
c 00h00m25s | result:Sat
c 00h00m25s | objective:incumbent kind=improvement value=1314 rounds=229 improvements=228
o 1314
c objective-cut:rss-guard enabled=false
c 00h00m25s | stage:objective-cut:add timing=incremental-hard backend=cnf form=direct-expr clauses_added=5153
c 00h00m25s | stage:sat:init solver=CaDiCaL vars=594058 clauses=1224395
c 00h00m25s | stage:sat:solve:start assumptions=0 phase_lits=0
c 00h00m25s | stage:sat:solve:done ms=98 result=Sat assumptions=0 phase_lits=0
c 00h00m25s | stage:decode:start
c 00h00m25s | stage:decode:done int_assignments=100
c 00h00m25s | result:Sat
c 00h00m25s | objective:incumbent kind=improvement value=1313 rounds=230 improvements=229
o 1313
c objective-cut:rss-guard enabled=false
c 00h00m25s | stage:objective-cut:add timing=incremental-hard backend=cnf form=direct-expr clauses_added=5149
c 00h00m25s | stage:sat:init solver=CaDiCaL vars=596535 clauses=1229544
c 00h00m25s | stage:sat:solve:start assumptions=0 phase_lits=0
c 00h00m25s | stage:sat:solve:done ms=32 result=Sat assumptions=0 phase_lits=0
c 00h00m25s | stage:decode:start
c 00h00m25s | stage:decode:done int_assignments=100
c 00h00m25s | result:Sat
c 00h00m25s | objective:incumbent kind=improvement value=1301 rounds=231 improvements=230
o 1301
c objective-cut:rss-guard enabled=false
c 00h00m25s | stage:objective-cut:add timing=incremental-hard backend=cnf form=direct-expr clauses_added=5164
c 00h00m25s | stage:sat:init solver=CaDiCaL vars=599018 clauses=1234708
c 00h00m25s | stage:sat:solve:start assumptions=0 phase_lits=0
c 00h00m26s | stage:sat:solve:done ms=334 result=Sat assumptions=0 phase_lits=0
c 00h00m26s | stage:decode:start
c 00h00m26s | stage:decode:done int_assignments=100
c 00h00m26s | result:Sat
c 00h00m26s | objective:incumbent kind=improvement value=1300 rounds=232 improvements=231
o 1300
c objective-cut:rss-guard enabled=false
c 00h00m26s | stage:objective-cut:add timing=incremental-hard backend=cnf form=direct-expr clauses_added=5146
c 00h00m26s | stage:sat:init solver=CaDiCaL vars=601491 clauses=1239854
c 00h00m26s | stage:sat:solve:start assumptions=0 phase_lits=0
c 00h00m26s | stage:sat:solve:done ms=121 result=Sat assumptions=0 phase_lits=0
c 00h00m26s | stage:decode:start
c 00h00m26s | stage:decode:done int_assignments=100
c 00h00m26s | result:Sat
c 00h00m26s | objective:incumbent kind=improvement value=1299 rounds=233 improvements=232
o 1299
c objective-cut:rss-guard enabled=false
c 00h00m26s | stage:objective-cut:add timing=incremental-hard backend=cnf form=direct-expr clauses_added=5128
c 00h00m26s | stage:sat:init solver=CaDiCaL vars=603954 clauses=1244982
c 00h00m26s | stage:sat:solve:start assumptions=0 phase_lits=0
c 00h00m27s | stage:sat:solve:done ms=954 result=Sat assumptions=0 phase_lits=0
c 00h00m27s | stage:decode:start
c 00h00m27s | stage:decode:done int_assignments=100
c 00h00m27s | result:Sat
c 00h00m27s | objective:incumbent kind=improvement value=1298 rounds=234 improvements=233
o 1298
c objective-cut:rss-guard enabled=false
c 00h00m27s | stage:objective-cut:add timing=incremental-hard backend=cnf form=direct-expr clauses_added=5145
c 00h00m27s | stage:sat:init solver=CaDiCaL vars=606427 clauses=1250127
c 00h00m27s | stage:sat:solve:start assumptions=0 phase_lits=0
c 00h00m27s | stage:sat:solve:done ms=118 result=Sat assumptions=0 phase_lits=0
c 00h00m27s | stage:decode:start
c 00h00m27s | stage:decode:done int_assignments=100
c 00h00m27s | result:Sat
c 00h00m27s | objective:incumbent kind=improvement value=1297 rounds=235 improvements=234
o 1297
c objective-cut:rss-guard enabled=false
c 00h00m27s | stage:objective-cut:add timing=incremental-hard backend=cnf form=direct-expr clauses_added=5154
c 00h00m27s | stage:sat:init solver=CaDiCaL vars=608906 clauses=1255281
c 00h00m27s | stage:sat:solve:start assumptions=0 phase_lits=0
c 00h00m27s | stage:sat:solve:done ms=8 result=Sat assumptions=0 phase_lits=0
c 00h00m27s | stage:decode:start
c 00h00m27s | stage:decode:done int_assignments=100
c 00h00m27s | result:Sat
c 00h00m27s | objective:incumbent kind=improvement value=1296 rounds=236 improvements=235
o 1296
c objective-cut:rss-guard enabled=false
c 00h00m27s | stage:objective-cut:add timing=incremental-hard backend=cnf form=direct-expr clauses_added=5140
c 00h00m27s | stage:sat:init solver=CaDiCaL vars=611377 clauses=1260421
c 00h00m27s | stage:sat:solve:start assumptions=0 phase_lits=0
c 00h00m27s | stage:sat:solve:done ms=88 result=Sat assumptions=0 phase_lits=0
c 00h00m27s | stage:decode:start
c 00h00m27s | stage:decode:done int_assignments=100
c 00h00m27s | result:Sat
c 00h00m27s | objective:incumbent kind=improvement value=1295 rounds=237 improvements=236
o 1295
c objective-cut:rss-guard enabled=false
c 00h00m27s | stage:objective-cut:add timing=incremental-hard backend=cnf form=direct-expr clauses_added=5148
c 00h00m27s | stage:sat:init solver=CaDiCaL vars=613852 clauses=1265569
c 00h00m27s | stage:sat:solve:start assumptions=0 phase_lits=0
c 00h00m27s | stage:sat:solve:done ms=24 result=Sat assumptions=0 phase_lits=0
c 00h00m27s | stage:decode:start
c 00h00m27s | stage:decode:done int_assignments=100
c 00h00m27s | result:Sat
c 00h00m27s | objective:incumbent kind=improvement value=1294 rounds=238 improvements=237
o 1294
c objective-cut:rss-guard enabled=false
c 00h00m27s | stage:objective-cut:add timing=incremental-hard backend=cnf form=direct-expr clauses_added=5162
c 00h00m27s | stage:sat:init solver=CaDiCaL vars=616335 clauses=1270731
c 00h00m27s | stage:sat:solve:start assumptions=0 phase_lits=0
c 00h00m27s | stage:sat:solve:done ms=84 result=Sat assumptions=0 phase_lits=0
c 00h00m27s | stage:decode:start
c 00h00m27s | stage:decode:done int_assignments=100
c 00h00m27s | result:Sat
c 00h00m27s | objective:incumbent kind=improvement value=1293 rounds=239 improvements=238
o 1293
c objective-cut:rss-guard enabled=false
c 00h00m27s | stage:objective-cut:add timing=incremental-hard backend=cnf form=direct-expr clauses_added=5164
c 00h00m27s | stage:sat:init solver=CaDiCaL vars=618818 clauses=1275895
c 00h00m27s | stage:sat:solve:start assumptions=0 phase_lits=0
c 00h00m27s | stage:sat:solve:done ms=23 result=Sat assumptions=0 phase_lits=0
c 00h00m27s | stage:decode:start
c 00h00m27s | stage:decode:done int_assignments=100
c 00h00m27s | result:Sat
c 00h00m27s | objective:incumbent kind=improvement value=1290 rounds=240 improvements=239
o 1290
c objective-cut:rss-guard enabled=false
c 00h00m27s | stage:objective-cut:add timing=incremental-hard backend=cnf form=direct-expr clauses_added=5155
c 00h00m27s | stage:sat:init solver=CaDiCaL vars=621299 clauses=1281050
c 00h00m27s | stage:sat:solve:start assumptions=0 phase_lits=0
c 00h00m27s | stage:sat:solve:done ms=54 result=Sat assumptions=0 phase_lits=0
c 00h00m27s | stage:decode:start
c 00h00m27s | stage:decode:done int_assignments=100
c 00h00m27s | result:Sat
c 00h00m27s | objective:incumbent kind=improvement value=1289 rounds=241 improvements=240
o 1289
c objective-cut:rss-guard enabled=false
c 00h00m27s | stage:objective-cut:add timing=incremental-hard backend=cnf form=direct-expr clauses_added=5156
c 00h00m27s | stage:sat:init solver=CaDiCaL vars=623780 clauses=1286206
c 00h00m27s | stage:sat:solve:start assumptions=0 phase_lits=0
c 00h00m27s | stage:sat:solve:done ms=107 result=Sat assumptions=0 phase_lits=0
c 00h00m27s | stage:decode:start
c 00h00m27s | stage:decode:done int_assignments=100
c 00h00m27s | result:Sat
c 00h00m27s | objective:incumbent kind=improvement value=1288 rounds=242 improvements=241
o 1288
c objective-cut:rss-guard enabled=false
c 00h00m27s | stage:objective-cut:add timing=incremental-hard backend=cnf form=direct-expr clauses_added=5134
c 00h00m27s | stage:sat:init solver=CaDiCaL vars=626249 clauses=1291340
c 00h00m27s | stage:sat:solve:start assumptions=0 phase_lits=0
c 00h00m28s | stage:sat:solve:done ms=16 result=Sat assumptions=0 phase_lits=0
c 00h00m28s | stage:decode:start
c 00h00m28s | stage:decode:done int_assignments=100
c 00h00m28s | result:Sat
c 00h00m28s | objective:incumbent kind=improvement value=1287 rounds=243 improvements=242
o 1287
c objective-cut:rss-guard enabled=false
c 00h00m28s | stage:objective-cut:add timing=incremental-hard backend=cnf form=direct-expr clauses_added=5139
c 00h00m28s | stage:sat:init solver=CaDiCaL vars=628720 clauses=1296479
c 00h00m28s | stage:sat:solve:start assumptions=0 phase_lits=0
c 00h00m28s | stage:sat:solve:done ms=48 result=Sat assumptions=0 phase_lits=0
c 00h00m28s | stage:decode:start
c 00h00m28s | stage:decode:done int_assignments=100
c 00h00m28s | result:Sat
c 00h00m28s | objective:incumbent kind=improvement value=1286 rounds=244 improvements=243
o 1286
c objective-cut:rss-guard enabled=false
c 00h00m28s | stage:objective-cut:add timing=incremental-hard backend=cnf form=direct-expr clauses_added=5159
c 00h00m28s | stage:sat:init solver=CaDiCaL vars=631203 clauses=1301638
c 00h00m28s | stage:sat:solve:start assumptions=0 phase_lits=0
c 00h00m28s | stage:sat:solve:done ms=13 result=Sat assumptions=0 phase_lits=0
c 00h00m28s | stage:decode:start
c 00h00m28s | stage:decode:done int_assignments=100
c 00h00m28s | result:Sat
c 00h00m28s | objective:incumbent kind=improvement value=1285 rounds=245 improvements=244
o 1285
c objective-cut:rss-guard enabled=false
c 00h00m28s | stage:objective-cut:add timing=incremental-hard backend=cnf form=direct-expr clauses_added=5161
c 00h00m28s | stage:sat:init solver=CaDiCaL vars=633686 clauses=1306799
c 00h00m28s | stage:sat:solve:start assumptions=0 phase_lits=0
c 00h00m28s | stage:sat:solve:done ms=8 result=Sat assumptions=0 phase_lits=0
c 00h00m28s | stage:decode:start
c 00h00m28s | stage:decode:done int_assignments=100
c 00h00m28s | result:Sat
c 00h00m28s | objective:incumbent kind=improvement value=1284 rounds=246 improvements=245
o 1284
c objective-cut:rss-guard enabled=false
c 00h00m28s | stage:objective-cut:add timing=incremental-hard backend=cnf form=direct-expr clauses_added=5143
c 00h00m28s | stage:sat:init solver=CaDiCaL vars=636159 clauses=1311942
c 00h00m28s | stage:sat:solve:start assumptions=0 phase_lits=0
c 00h00m28s | stage:sat:solve:done ms=7 result=Sat assumptions=0 phase_lits=0
c 00h00m28s | stage:decode:start
c 00h00m28s | stage:decode:done int_assignments=100
c 00h00m28s | result:Sat
c 00h00m28s | objective:incumbent kind=improvement value=1283 rounds=247 improvements=246
o 1283
c objective-cut:rss-guard enabled=false
c 00h00m28s | stage:objective-cut:add timing=incremental-hard backend=cnf form=direct-expr clauses_added=5137
c 00h00m28s | stage:sat:init solver=CaDiCaL vars=638628 clauses=1317079
c 00h00m28s | stage:sat:solve:start assumptions=0 phase_lits=0
c 00h00m28s | stage:sat:solve:done ms=13 result=Sat assumptions=0 phase_lits=0
c 00h00m28s | stage:decode:start
c 00h00m28s | stage:decode:done int_assignments=100
c 00h00m28s | result:Sat
c 00h00m28s | objective:incumbent kind=improvement value=1282 rounds=248 improvements=247
o 1282
c objective-cut:rss-guard enabled=false
c 00h00m28s | stage:objective-cut:add timing=incremental-hard backend=cnf form=direct-expr clauses_added=5154
c 00h00m28s | stage:sat:init solver=CaDiCaL vars=641107 clauses=1322233
c 00h00m28s | stage:sat:solve:start assumptions=0 phase_lits=0
c 00h00m28s | stage:sat:solve:done ms=8 result=Sat assumptions=0 phase_lits=0
c 00h00m28s | stage:decode:start
c 00h00m28s | stage:decode:done int_assignments=100
c 00h00m28s | result:Sat
c 00h00m28s | objective:incumbent kind=improvement value=1281 rounds=249 improvements=248
o 1281
c objective-cut:rss-guard enabled=false
c 00h00m28s | stage:objective-cut:add timing=incremental-hard backend=cnf form=direct-expr clauses_added=5146
c 00h00m28s | stage:sat:init solver=CaDiCaL vars=643582 clauses=1327379
c 00h00m28s | stage:sat:solve:start assumptions=0 phase_lits=0
c 00h00m28s | stage:sat:solve:done ms=85 result=Sat assumptions=0 phase_lits=0
c 00h00m28s | stage:decode:start
c 00h00m28s | stage:decode:done int_assignments=100
c 00h00m28s | result:Sat
c 00h00m28s | objective:incumbent kind=improvement value=1280 rounds=250 improvements=249
o 1280
c objective-cut:rss-guard enabled=false
c 00h00m28s | stage:objective-cut:add timing=incremental-hard backend=cnf form=direct-expr clauses_added=5132
c 00h00m28s | stage:sat:init solver=CaDiCaL vars=646049 clauses=1332511
c 00h00m28s | stage:sat:solve:start assumptions=0 phase_lits=0
c 00h00m28s | stage:sat:solve:done ms=19 result=Unsat assumptions=0 phase_lits=0
c 00h00m28s | result:Unsat
s OPTIMUM FOUND
o 1280
v <instantiation>
v   <list> s[0][0] s[0][1] s[0][2] s[0][3] s[0][4] s[1][0] s[1][1] s[1][2] s[1][3] s[1][4] s[2][0] s[2][1] s[2][2] s[2][3] s[2][4] s[3][0] s[3][1] s[3][2] s[3][3] s[3][4] s[4][0] s[4][1] s[4][2] s[4][3] s[4][4] d[0][0] d[0][1] d[0][2] d[0][3] d[0][4] d[1][0] d[1][1] d[1][2] d[1][3] d[1][4] d[2][0] d[2][1] d[2][2] d[2][3] d[2][4] d[3][0] d[3][1] d[3][2] d[3][3] d[3][4] d[4][0] d[4][1] d[4][2] d[4][3] d[4][4] mc[0][0] mc[0][1] mc[0][2] mc[0][3] mc[0][4] mc[1][0] mc[1][1] mc[1][2] mc[1][3] mc[1][4] mc[2][0] mc[2][1] mc[2][2] mc[2][3] mc[2][4] mc[3][0] mc[3][1] mc[3][2] mc[3][3] mc[3][4] mc[4][0] mc[4][1] mc[4][2] mc[4][3] mc[4][4] sd[0][0] sd[0][1] sd[0][2] sd[0][3] sd[0][4] sd[1][0] sd[1][1] sd[1][2] sd[1][3] sd[1][4] sd[2][0] sd[2][1] sd[2][2] sd[2][3] sd[2][4] sd[3][0] sd[3][1] sd[3][2] sd[3][3] sd[3][4] sd[4][0] sd[4][1] sd[4][2] sd[4][3] sd[4][4] </list>
v   <values> 0 9 566 604 990 7 8 63 591 1277 0 257 258 951 1279 50 259 928 1251 1273 0 598 951 1242 1274 7 317 1 385 290 1 1 317 680 1 1 1 669 328 1 1 669 314 15 1 598 353 39 9 1 0 4 2 1 3 0 3 2 4 1 4 3 0 2 1 2 3 0 1 4 1 2 3 0 4 0 604 566 990 9 7 1277 63 8 591 258 1279 951 257 0 928 1251 50 259 1273 1242 0 598 951 1274 </values>
v </instantiation>
d OBJECTIVE_VALUE 1280
d OPTIMAL 1
d SOURCE_CONSTRAINTS 70
d NORMALIZED_CONSTRAINTS 70
d LOWERED_CONSTRAINTS 70
d UNSUPPORTED_CONSTRAINTS 0
d CSP_INT_VARS 100
d CSP_CONSTRAINTS 70
d CSP_INTENTIONAL 5
d CSP_GLOBAL 40
d CSP_EXTENSIONAL 25
d CSP_ALLDIFF 5
d CSP_CUMULATIVE 0
d CSP_TABLE 25
d CSP_DOMAIN_SPAN_MEDIAN 2839.5
d CSP_DOMAIN_SPAN_MAX 5000
d N_CUMULATIVE 0
d N_TABLE 25
d CIRCUIT_CEGAR_FAILURES 0
d CIRCUIT_CEGAR_ROUNDS 0
d CIRCUIT_CEGAR_ADDED_CLAUSES 0
d CUMULATIVE_CEGAR_FAILURES 0
d CUMULATIVE_CEGAR_ROUNDS 0
d CUMULATIVE_CEGAR_ADDED_CLAUSES 0
d COP_CEGAR_FAILURES 0
d COP_CEGAR_ROUNDS 0
d COP_CEGAR_ADDED_CLAUSES 0
d OBJECTIVE_CUT_TIMING incremental-hard
d OBJECTIVE_CUT_BACKEND cnf
d OBJECTIVE_CUT_FORM direct-expr
d OBJECTIVE_CUT_EAGER_CLAUSES_ADDED 1289025
d OBJECTIVE_RELAXATION_CLAUSES_ADDED 0
d OBJECTIVE_ROUNDS 251
d OBJECTIVE_IMPROVEMENTS 249
d OBJECTIVE_OPTIMALITY_PROOF strict_cut_unsat
d PROPAGATE_MS 16
d NORMALIZE_MS 0
d LOWER_MS 1
d POST_LOWER_MS 0
d PREENCODE_MS 0
d ENCODE_MS 22
d SAT_SOLVE_MS 25041
d TOTAL_MS 28368
d SAT_VARS 646049
d SAT_CLAUSES_BASE 1332511
d SAT_CLAUSES_FINAL 1332511
d SAT_CLAUSES_CEGAR_DELTA 0
d CSP_INT_VARS 100
d CSP_CONSTRAINTS 70
d CSP_INTENTIONAL 5
d CSP_GLOBAL 40
d CSP_EXTENSIONAL 25
d CSP_ALLDIFF 5
d CSP_CUMULATIVE 0
d CSP_TABLE 25
d CSP_DOMAIN_SPAN_MEDIAN 2839.5
d CSP_DOMAIN_SPAN_MAX 5000
d N_CUMULATIVE 0
d N_TABLE 25
d SAT_CONFLICTS 82664
d LINEAR_INT_EQ_ARITY_STATS {"2":{"count":125,"max_domain_product_excluding_one_var":"4997","p95_domain_product_excluding_one_var":"4997"}}
d LINEAR_INT_NE_ARITY_STATS {"1":{"count":125,"max_domain_product_excluding_one_var":"1","p95_domain_product_excluding_one_var":"1"}}
d LINEAR_INT_GE_ARITY_STATS {"2":{"count":105,"max_domain_product_excluding_one_var":"5001","p95_domain_product_excluding_one_var":"5001"},"3":{"count":20,"max_domain_product_excluding_one_var":"24985","p95_domain_product_excluding_one_var":"24985"}}
d LINEAR_BOOL_MIXED_ARITY_STATS {}
d ROOT_LP_ENTERED 0
d ROOT_LP_STATUS skipped
d ROOT_LP_MS 0
d ROOT_LP_REASON root_lp_disabled
d OBJECTIVE_CUT_TIMING incremental-hard
d OBJECTIVE_CUT_BACKEND cnf
d OBJECTIVE_CUT_FORM direct-expr
d OBJECTIVE_CUT_EAGER_CLAUSES_ADDED 1289025
d PROPAGATE_PRUNED_VALUES 0
d PROPAGATE_CHANGED_DOMAINS 0
d PROPAGATE_ENTAILED_TABLES 0
d POST_LOWER_ROUNDS 25
d POST_LOWER_TIGHTENED_DOMAINS 40
d POST_LOWER_REMOVED_CLAUSES 0
d POST_LOWER_REMOVED_LITS 0
d POST_LOWER_DETECTED_UNSAT 0
d PREENCODE_INT_VARS 100
d ENCODE_EXTERNAL_GE_SPECS 0
d ENCODE_RELAXED_CIRCUITS 0
d LOG_SCOP_LINEAR_PB_CONSTRAINTS 635
d LOG_SCOP_LINEAR_PB_MIXED_DISPATCH_CONSTRAINTS 0
d LOG_SCOP_LINEAR_PB_MIXED_ATTEMPT_BDD 0
d LOG_SCOP_LINEAR_PB_MIXED_ATTEMPT_SORTER 0
d LOG_SCOP_LINEAR_PB_MIXED_ATTEMPT_DADDA 0
d LOG_SCOP_LINEAR_PB_MIXED_REJECT_BDD_BUDGET 0
d LOG_SCOP_LINEAR_PB_MIXED_REJECT_SORTER_BUDGET 0
d LOG_SCOP_LINEAR_PB_MIXED_FALLBACK_BDD_TO_SORTER 0
d LOG_SCOP_LINEAR_PB_MIXED_FALLBACK_BDD_TO_DADDA 0
d LOG_SCOP_LINEAR_PB_MIXED_FALLBACK_SORTER_TO_BDD 0
d LOG_SCOP_LINEAR_PB_MIXED_FALLBACK_SORTER_TO_DADDA 0
d LOG_SCOP_LINEAR_PB_BACKEND_BDD2 635
d LOG_SCOP_LINEAR_PB_BACKEND_BDD3 0
d LOG_SCOP_LINEAR_PB_BACKEND_SORTER 0
d LOG_SCOP_LINEAR_PB_BACKEND_DADDA 0
d LOG_SCOP_LINEAR_PB_BDD_DECOMPOSITION_RAW 635
d LOG_SCOP_LINEAR_PB_BDD_DECOMPOSITION_BINARY 0
d LOG_SCOP_LINEAR_PB_BDD_DECOMPOSITION_MULTIBASE 0
d MEMORY_RSS_BYTES 7946240
d MEMORY_RSS_AFTER_PROPAGATE_BYTES 5042176
d MEMORY_RSS_AFTER_LOWER_BYTES 5042176
d MEMORY_RSS_AFTER_POST_LOWER_BYTES 5042176
d MEMORY_RSS_BEFORE_PREENCODE_BYTES 5042176
d MEMORY_RSS_AFTER_PREENCODE_BYTES 5042176
d MEMORY_RSS_BEFORE_ENCODE_BYTES 5042176
d MEMORY_RSS_ENCODE_SAMPLE_INTERVAL_CLAUSES 1000000
d MEMORY_RSS_ENCODE_SAMPLE_COUNT 10
d MEMORY_RSS_ENCODE_LAST_SAMPLE_CLAUSE 43486
d MEMORY_RSS_ENCODE_LAST_SAMPLE_BYTES 7946240
d MEMORY_RSS_ENCODE_MAX_SAMPLE_BYTES 7946240
d DECODE_INT_ASSIGNMENTS 100
d CSV /bench/competition/2022-2025/COP22to25/SchedulingOS-gp-05-05_c25.xml.lzma,optimum,70,70,70,0,646049,1332511,28368,16,0,1,0,22,25041,0,skipped,,,,,,0,,,,,,,,
c run_end_local: 2026-06-05 09:02:33 +0900
