
ACE v2.6 

  instance
    name:FAPP-aux-09-0800_c25
    args:/work/19331259_339/FAPP-aux-09-0800_c25.xml -rr=true -rlog=false -npc=true

 ...Parsing /work/19331259_339/FAPP-aux-09-0800_c25.xml

 ...Loading variables

 ...Loading constraints

  domains
    types:300  values:554,081  sizes:[2:4975,11:4175,12:1,21:97...170:20,171:8,172:24,175:689]
  variables
    count:14,126  arrays:[f:800,p:800,v1:4175,v2:4175,d:4175]  degrees:[2:4176,3:8355,4:20,5:40...17:11,18:5,19:1,4177:1]
  constraints
    count:8,977  specific:8,977  backtrackable:4,175  postponable:2  groups:5  arities:[2:625,3:4175,6:4175,8351:2]
    objective:[SumWeightedGE,SumWeightedLE]
    non_unary:[CT-Table:4175,Dist2EQ:400,Dist2NE:108,Dist3EQ:4175,Sub2EQ:94,Sub2NE:23]
    tables:[292:1,456:1,586:1,610:1...8334:1,8336:1,8356:3,8364:3]  tuples:16,904,032
    extStructures:(4175,shared:0)
    wck:24.8  cpu:24.527  mem:3466M629
  objective
    way:min  type:SumWeightedLE  arity:8,351  bounds:0..2,091,716,750

 ...Building solver

  solver
    nNotAC:94  decoder:Decoder1
    wck:27.9  cpu:27.447  mem:6750M436

  preprocessing
    effs:4,080  entailed:2  values:531,058  removedByAC:23,023  singletons:202  unsat:false
    wck:0.219  cpu:27.67  mem:6750M436

  search
 ...Discarding 202 singleton variables
o 1963935536   28.8  ham=0 (0 0 0 0 0 0 0)  opth=0
o 1963935517   28.8  ham=5 (0 1 0 4 0 0 0)  opth=4
o 1963893783   28.8  ham=8 (0 2 1 5 0 0 0)  opth=6
o 1963893764   28.8  ham=5 (0 1 0 4 0 0 0)  opth=4
o 1963893751   28.8  ham=4 (0 1 0 3 0 0 0)  opth=3
o 1963852031   28.8  ham=13 (0 3 1 9 0 0 0)  opth=10
o 1963852018   28.8  ham=4 (0 1 0 3 0 0 0)  opth=3
o 1963852012   28.8  ham=9 (0 2 0 7 0 0 0)  opth=7
o 1963851999   28.8  ham=4 (0 1 0 3 0 0 0)  opth=3
o 1963810274   28.8  ham=14 (0 3 1 10 0 0 0)  opth=11
o 1963810261   28.8  ham=4 (0 1 0 3 0 0 0)  opth=3
    run1  dpts:1076..1083  robin:PickOnDom-First  effs:22,792  asgs:(1109,noefs=226,fails=1)  fails:1  wrgs:1  wck:0.89  ngds:2  sols:11  bound:1,963,810,261
    run2  dpts:704..716  robin:WdegOnDom-Last  effs:41,419  asgs:(825,noefs=138,fails=50)  fails:51  wrgs:75  wck:1.57  ngds:4  sols:11  bound:1,963,810,261
    run3  dpts:10..1092  robin:FrbaOnDom-Rand  effs:93,963  asgs:(1144,noefs=38,fails=52)  fails:103  wrgs:134  wck:3.17  ngds:18  sols:11  bound:1,963,810,261
o 1963810255   31.7  ham=9 (0 2 0 7 0 0 0)  opth=7
o 1963810242   31.8  ham=4 (0 1 0 3 0 0 0)  opth=3
o 1963810233   31.8  ham=5 (0 1 0 4 0 0 0)  opth=4
o 1963768461   31.8  ham=6 (0 1 1 4 0 0 0)  opth=5
o 1963768456   31.8  ham=3 (0 1 0 2 0 0 0)  opth=2
o 1963768454   31.8  ham=2 (0 1 0 1 0 0 0)  opth=1
o 1963726703   31.8  ham=9 (0 2 1 6 0 0 0)  opth=7
o 1963726694   31.8  ham=5 (0 1 0 4 0 0 0)  opth=4
o 1963684950   31.8  ham=9 (0 2 1 6 0 0 0)  opth=7
o 1963684941   31.8  ham=5 (0 1 0 4 0 0 0)  opth=4
o 1963684940   31.8  ham=2 (0 1 0 1 0 0 0)  opth=1
    run4  dpts:1065..1083  robin:Wdeg-First  effs:113,036  asgs:(1151,noefs=245,fails=3)  fails:106  wrgs:165  wck:3.83  ngds:19  sols:22  bound:1,963,684,940
    run5  dpts:701..717  robin:PickOnDom-Last  effs:131,048  asgs:(815,noefs=138,fails=50)  fails:156  wrgs:231  wck:4.47  ngds:33  sols:22  bound:1,963,684,940
    run6  dpts:618..1334  robin:WdegOnDom-Rand  effs:209,628  asgs:(1407,noefs=45,fails=52)  fails:208  wrgs:303  wck:6.24  ngds:66  sols:22  bound:1,963,684,940
    run7  dpts:5165..6083  robin:FrbaOnDom-First  effs:270,487  asgs:(6138,noefs=808,fails=55)  fails:263  wrgs:382  wck:10.2  ngds:75  sols:22  bound:1,963,684,940
    run8  dpts:770..786  robin:Wdeg-Last  effs:322,509  asgs:(886,noefs=31,fails=57)  fails:320  wrgs:480  wck:11.2  ngds:77  sols:22  bound:1,963,684,940
o 1946606727   40.0  ham=8401 (774 417 1113 1991 4106 0 0)  opth=3104
o 1946564969   40.0  ham=11 (0 1 3 7 0 0 0)  opth=10
o 1946564965   40.0  ham=7 (0 2 0 5 0 0 0)  opth=5
o 1946564963   40.0  ham=4 (0 1 0 3 0 0 0)  opth=3
o 1946564950   40.0  ham=14 (0 3 2 9 0 0 0)  opth=11
o 1946564944   40.0  ham=3 (0 1 0 2 0 0 0)  opth=2
o 1946564937   40.0  ham=5 (0 1 2 2 0 0 0)  opth=4
o 1946564936   40.0  ham=11 (0 3 2 6 0 0 0)  opth=8
o 1946564930   40.0  ham=3 (0 1 0 2 0 0 0)  opth=2
o 1946523192   40.0  ham=8 (0 2 1 5 0 0 0)  opth=6
o 1946523186   40.0  ham=3 (0 1 0 2 0 0 0)  opth=2
    run9  dpts:1312..1322  robin:PickOnDom-Rand  effs:345,828  asgs:(1379,noefs=163,fails=13)  fails:333  wrgs:515  wck:12.1  ngds:82  sols:33  bound:1,946,523,186
    run10  dpts:6327..6621  robin:WdegOnDom-First  effs:442,989  asgs:(6671,noefs=879,fails=50)  fails:383  wrgs:616  wck:15.7  ngds:85  sols:33  bound:1,946,523,186
    run11  dpts:473..1010  robin:FrbaOnDom-Last  effs:482,304  asgs:(1098,noefs=108,fails=52)  fails:435  wrgs:682  wck:16.7  ngds:88  sols:33  bound:1,946,523,186
    run12  dpts:31..41  robin:Wdeg-Rand  effs:579,033  asgs:(96,noefs=9,fails=55)  fails:490  wrgs:740  wck:17.4  ngds:92  sols:33  bound:1,946,523,186
    run13  dpts:426..451  robin:PickOnDom-First  effs:612,699  asgs:(508,noefs=21,fails=57)  fails:547  wrgs:797  wck:18.0  ngds:149  sols:33  bound:1,946,523,186
 ...Starting SOS
o 1946523185   49.6  ham=2 (0 1 0 1 0 0 0)  opth=1
o 1946523183   49.6  ham=26 (4 0 0 1 21 0 0)  opth=1
o 1946523182   49.7  ham=13 (2 0 0 2 9 0 0)  opth=2
o 1946523181   49.8  ham=13 (2 0 0 2 9 0 0)  opth=2
o 1946523180   49.8  ham=12 (2 0 0 1 9 0 0)  opth=1
o 1946523179   49.9  ham=22 (2 0 0 1 19 0 0)  opth=1
o 1946523178   50.0  ham=23 (2 1 0 1 19 0 0)  opth=1
o 1946523177   50.0  ham=22 (2 0 0 1 19 0 0)  opth=1
o 1946523176   50.1  ham=23 (2 0 0 1 20 0 0)  opth=1
o 1946523174   50.2  ham=35 (4 0 0 1 30 0 0)  opth=1
o 1946523173   50.2  ham=23 (2 0 0 1 20 0 0)  opth=1
    run14  dpts:6083..6354  robin:WdegOnDom-Last  effs:798,759  asgs:(9017,noefs=949,fails=5)  fails:552  wrgs:806  wck:22.8  ngds:152  sols:44  bound:1,946,523,173
o 1946523166   54.5  ham=25 (2 0 0 2 21 0 0)  opth=2
o 1946523165   54.5  ham=24 (2 0 0 1 21 0 0)  opth=1
o 1946523164   54.5  ham=24 (2 0 0 1 21 0 0)  opth=1
o 1946523163   54.5  ham=23 (2 0 0 1 20 0 0)  opth=1
o 1946523161   54.5  ham=25 (2 1 0 2 20 0 0)  opth=2
o 1946523156   54.6  ham=15 (2 0 0 2 11 0 0)  opth=2
o 1946523155   54.6  ham=7 (1 0 0 1 5 0 0)  opth=1
o 1946523154   54.6  ham=14 (2 0 0 1 11 0 0)  opth=1
o 1946523153   54.6  ham=53 (4 0 0 1 48 0 0)  opth=1
o 1946523152   54.6  ham=38 (4 0 0 1 33 0 0)  opth=1
o 1946523151   54.6  ham=18 (2 0 0 1 15 0 0)  opth=1
    run15  dpts:5685..5753  robin:FrbaOnDom-Rand  effs:887,905  asgs:(6215,noefs=943,fails=2)  fails:554  wrgs:821  wck:27.1  ngds:153  sols:55  bound:1,946,523,151
o 1946523148   58.0  ham=518 (46 1 0 1 470 0 0)  opth=1
o 1946481398   58.1  ham=14 (1 0 1 0 12 0 0)  opth=1
o 1946439648   58.2  ham=41 (4 1 1 0 35 0 0)  opth=1
o 1946397898   58.2  ham=14 (2 0 1 0 11 0 0)  opth=1
o 1946356148   58.3  ham=64 (6 1 1 0 56 0 0)  opth=1
o 1946314398   58.3  ham=67 (6 0 1 0 60 0 0)  opth=1
o 1946272648   58.4  ham=19 (2 1 1 0 15 0 0)  opth=1
o 1946230898   58.5  ham=27 (2 1 1 0 23 0 0)  opth=1
o 1946189148   58.5  ham=30 (2 1 1 0 26 0 0)  opth=1
o 1946147398   58.6  ham=57 (4 0 1 0 52 0 0)  opth=1
o 1946105648   58.7  ham=19 (2 0 1 0 16 0 0)  opth=1
    run16  dpts:4422..4683  robin:Wdeg-First  effs:1,086,291  asgs:(7117,noefs=722,fails=14)  fails:568  wrgs:865  wck:31.1  ngds:154  sols:66  bound:1,946,105,648
o 1946063890   60.0  ham=3 (0 1 1 1 0 0 0)  opth=2
o 1946063888   60.0  ham=5 (0 1 0 4 0 0 0)  opth=4
o 1946022135   60.0  ham=12 (0 1 5 6 0 0 0)  opth=11
o 1945980382   60.0  ham=3 (0 1 1 1 0 0 0)  opth=2
o 1945938614   60.0  ham=6 (0 1 3 2 0 0 0)  opth=5
o 1945896865   60.0  ham=3 (0 1 1 1 0 0 0)  opth=2
o 1945855113   60.0  ham=3 (0 1 1 1 0 0 0)  opth=2
o 1945813372   60.0  ham=6 (0 1 1 4 0 0 0)  opth=5
o 1945771617   60.1  ham=3 (0 1 1 1 0 0 0)  opth=2
o 1945771611   60.1  ham=8 (0 2 0 6 0 0 0)  opth=6
    run17  dpts:1341..1365  robin:PickOnDom-Last  effs:1,113,135  asgs:(1602,noefs=173,fails=50)  fails:618  wrgs:1,076  wck:32.1  ngds:156  sols:76  bound:1,945,771,611
o 1945771610   64.0  ham=54 (6 1 0 1 46 0 0)  opth=1
o 1945771609   64.1  ham=23 (2 0 0 1 20 0 0)  opth=1
o 1945771608   64.2  ham=2 (0 1 0 1 0 0 0)  opth=1
o 1945771606   64.2  ham=81 (8 1 0 1 71 0 0)  opth=1
o 1945771602   64.3  ham=15 (2 0 0 2 11 0 0)  opth=2
o 1945771600   64.3  ham=23 (2 0 0 1 20 0 0)  opth=1
o 1945771598   64.4  ham=117 (12 2 0 1 102 0 0)  opth=1
o 1945771597   64.5  ham=180 (16 0 0 1 163 0 0)  opth=1
o 1945771591   64.5  ham=16 (2 0 0 1 13 0 0)  opth=1
o 1945771590   64.6  ham=16 (2 0 0 1 13 0 0)  opth=1
o 1945771589   64.7  ham=53 (6 0 0 1 46 0 0)  opth=1
    run18  dpts:6802..7068  robin:WdegOnDom-Rand  effs:1,291,679  asgs:(9564,noefs=1085,fails=1)  fails:619  wrgs:1,098  wck:37.3  ngds:157  sols:87  bound:1,945,771,589
o 1945771587   68.6  ham=15 (2 0 0 2 11 0 0)  opth=2
o 1945771586   68.6  ham=15 (2 0 0 2 11 0 0)  opth=2
o 1945771585   68.7  ham=15 (2 0 0 2 11 0 0)  opth=2
o 1945771582   68.7  ham=22 (2 0 0 2 18 0 0)  opth=2
o 1945771581   68.7  ham=23 (2 1 0 1 19 0 0)  opth=1
    run19  dpts:5356..5421  robin:FrbaOnDom-First  effs:1,382,533  asgs:(5667,noefs=552,fails=50)  fails:669  wrgs:1,180  wck:41.2  ngds:161  sols:92  bound:1,945,771,581
o 1945729831   72.2  ham=20 (2 0 1 0 17 0 0)  opth=1
o 1945688081   72.3  ham=45 (4 0 1 0 40 0 0)  opth=1
o 1945688080   72.3  ham=34 (4 0 0 1 29 0 0)  opth=1
o 1945688079   72.4  ham=26 (2 0 0 1 23 0 0)  opth=1
o 1945688077   72.4  ham=62 (6 0 0 1 55 0 0)  opth=1
o 1945688076   72.5  ham=23 (2 1 0 1 19 0 0)  opth=1
o 1945688074   72.5  ham=23 (2 1 0 1 19 0 0)  opth=1
o 1945688072   72.6  ham=23 (2 1 0 1 19 0 0)  opth=1
o 1945688071   72.6  ham=22 (2 0 0 1 19 0 0)  opth=1
o 1945688070   72.7  ham=137 (14 0 0 1 122 0 0)  opth=1
o 1945688069   72.7  ham=18 (2 0 0 1 15 0 0)  opth=1
    run20  dpts:4957..5200  robin:Wdeg-Last  effs:1,538,532  asgs:(7417,noefs=853,fails=0)  fails:669  wrgs:1,201  wck:45.2  ngds:162  sols:103  bound:1,945,688,069
o 1945688062   74.2  ham=7 (0 1 0 6 0 0 0)  opth=6
o 1945688060   74.2  ham=2 (0 1 0 1 0 0 0)  opth=1
o 1945688057   74.2  ham=5 (0 1 0 4 0 0 0)  opth=4
o 1945688055   74.2  ham=4 (0 1 0 3 0 0 0)  opth=3
o 1945604555   74.2  ham=9 (0 1 2 6 0 0 0)  opth=8
o 1945604549   74.2  ham=3 (0 1 0 2 0 0 0)  opth=2
o 1945521031   74.2  ham=9 (0 1 2 6 0 0 0)  opth=8
o 1945521030   74.2  ham=2 (0 1 0 1 0 0 0)  opth=1
o 1945479281   74.2  ham=7 (0 1 1 5 0 0 0)  opth=6
o 1945437524   74.3  ham=5 (0 1 1 3 0 0 0)  opth=4
o 1945395773   74.3  ham=5 (0 1 1 3 0 0 0)  opth=4
    run21  dpts:1335..1360  robin:PickOnDom-Rand  effs:1,566,981  asgs:(1633,noefs=176,fails=44)  fails:713  wrgs:1,422  wck:46.3  ngds:163  sols:114  bound:1,945,395,773
o 1945395770   78.2  ham=182 (18 4 0 1 159 0 0)  opth=1
o 1945395765   78.2  ham=16 (2 0 0 1 13 0 0)  opth=1
o 1945395763   78.3  ham=23 (2 1 0 1 19 0 0)  opth=1
o 1945395762   78.4  ham=41 (4 1 0 1 35 0 0)  opth=1
o 1945395761   78.4  ham=65 (6 0 0 1 58 0 0)  opth=1
o 1945395757   78.5  ham=26 (2 0 0 1 23 0 0)  opth=1
o 1945395747   78.6  ham=27 (2 0 0 2 23 0 0)  opth=2
o 1945395746   78.7  ham=18 (2 0 0 1 15 0 0)  opth=1
o 1945395745   78.7  ham=24 (2 0 0 1 21 0 0)  opth=1
o 1945395740   78.8  ham=19 (2 0 0 2 15 0 0)  opth=2
    run22  dpts:6870..7138  robin:WdegOnDom-First  effs:1,778,106  asgs:(9461,noefs=1091,fails=50)  fails:763  wrgs:1,608  wck:51.5  ngds:166  sols:124  bound:1,945,395,740
o 1945395732   82.8  ham=19 (2 0 0 1 16 0 0)  opth=1
o 1945395731   82.9  ham=20 (2 0 0 3 15 0 0)  opth=3
    run23  dpts:5201..5269  robin:FrbaOnDom-Last  effs:1,868,847  asgs:(5437,noefs=461,fails=50)  fails:813  wrgs:1,729  wck:55.4  ngds:176  sols:126  bound:1,945,395,731
o 1945395730   86.5  ham=98 (8 0 0 1 89 0 0)  opth=1
o 1945395725   86.6  ham=62 (6 0 0 1 55 0 0)  opth=1
o 1945395718   86.6  ham=64 (6 1 0 1 56 0 0)  opth=1
o 1945395714   86.7  ham=23 (2 0 0 1 20 0 0)  opth=1
o 1945395711   86.8  ham=23 (2 0 0 1 20 0 0)  opth=1
o 1945395710   86.8  ham=21 (2 0 0 1 18 0 0)  opth=1
o 1945395709   86.9  ham=32 (4 0 0 1 27 0 0)  opth=1
o 1945395708   86.9  ham=16 (2 0 0 1 13 0 0)  opth=1
o 1945395707   87.0  ham=106 (8 0 0 1 97 0 0)  opth=1
o 1945395704   87.0  ham=16 (2 0 0 1 13 0 0)  opth=1
o 1945395703   87.1  ham=48 (4 0 0 1 43 0 0)  opth=1
    run24  dpts:5653..5885  robin:Wdeg-Rand  effs:2,022,248  asgs:(8029,noefs=982,fails=22)  fails:835  wrgs:1,824  wck:59.6  ngds:177  sols:137  bound:1,945,395,703
o 1945353947   88.5  ham=3 (0 1 1 1 0 0 0)  opth=2
o 1945353946   88.5  ham=2 (0 1 0 1 0 0 0)  opth=1
o 1945312181   88.5  ham=7 (0 1 1 5 0 0 0)  opth=6
o 1945270430   88.5  ham=4 (0 1 1 2 0 0 0)  opth=3
o 1945228671   88.5  ham=5 (0 2 1 2 0 0 0)  opth=3
o 1945228670   88.5  ham=4 (0 1 0 3 0 0 0)  opth=3
o 1945228669   88.5  ham=3 (0 1 0 2 0 0 0)  opth=2
o 1945228662   88.5  ham=3 (0 1 0 2 0 0 0)  opth=2
o 1945186911   88.6  ham=5 (0 1 1 3 0 0 0)  opth=4
o 1945186910   88.6  ham=7 (0 1 2 4 0 0 0)  opth=6
o 1945145170   88.6  ham=3 (0 1 1 1 0 0 0)  opth=2
    run25  dpts:1334..1363  robin:PickOnDom-First  effs:2,049,926  asgs:(1601,noefs=180,fails=44)  fails:879  wrgs:2,019  wck:60.6  ngds:178  sols:148  bound:1,945,145,170
o 1945145169   92.3  ham=98 (8 2 0 1 87 0 0)  opth=1
o 1945145168   92.4  ham=27 (2 0 0 1 24 0 0)  opth=1
o 1945145165   92.4  ham=50 (4 3 0 1 42 0 0)  opth=1
o 1945145164   92.5  ham=87 (8 1 0 1 77 0 0)  opth=1
o 1945145163   92.5  ham=19 (2 0 0 2 15 0 0)  opth=2
o 1945145162   92.6  ham=42 (4 0 0 1 37 0 0)  opth=1
o 1945145161   92.6  ham=44 (4 1 0 2 37 0 0)  opth=2
o 1945145160   92.7  ham=45 (4 2 0 1 38 0 0)  opth=1
o 1945145159   92.7  ham=20 (2 0 0 1 17 0 0)  opth=1
o 1945145158   92.8  ham=25 (2 0 0 1 22 0 0)  opth=1
o 1945145157   92.8  ham=43 (4 0 0 1 38 0 0)  opth=1
    run26  dpts:6750..6976  robin:WdegOnDom-Last  effs:2,211,990  asgs:(9134,noefs=1156,fails=9)  fails:888  wrgs:2,045  wck:65.5  ngds:180  sols:159  bound:1,945,145,157
o 1945145156   96.9  ham=19 (2 0 0 3 14 0 0)  opth=3
o 1945145146   96.9  ham=7 (1 0 0 1 5 0 0)  opth=1
    run27  dpts:5106..5165  robin:FrbaOnDom-Rand  effs:2,282,486  asgs:(5265,noefs=453,fails=50)  fails:938  wrgs:2,114  wck:69.4  ngds:197  sols:161  bound:1,945,145,146
o 1945145145   100.5  ham=9 (1 0 0 1 7 0 0)  opth=1
o 1945145144   100.6  ham=21 (2 0 0 1 18 0 0)  opth=1
o 1945145143   100.6  ham=21 (2 0 0 1 18 0 0)  opth=1
o 1945145142   100.7  ham=29 (2 0 0 1 26 0 0)  opth=1
o 1945145141   100.7  ham=85 (6 0 0 1 78 0 0)  opth=1
o 1945145135   100.8  ham=23 (2 0 0 1 20 0 0)  opth=1
o 1945145134   100.8  ham=20 (2 0 0 1 17 0 0)  opth=1
o 1945145127   100.9  ham=21 (2 1 0 1 17 0 0)  opth=1
o 1945145126   100.9  ham=24 (2 0 0 1 21 0 0)  opth=1
o 1945145125   101.0  ham=81 (8 0 0 1 72 0 0)  opth=1
o 1945145124   101.0  ham=2 (0 1 0 1 0 0 0)  opth=1
    run28  dpts:5905..6131  robin:Wdeg-First  effs:2,434,686  asgs:(8163,noefs=1127,fails=1)  fails:939  wrgs:2,161  wck:73.6  ngds:198  sols:172  bound:1,945,145,124
o 1945145106   102.5  ham=5 (0 1 0 4 0 0 0)  opth=4
o 1945103357   102.5  ham=7 (0 1 1 5 0 0 0)  opth=6
o 1945019855   102.5  ham=4 (0 1 2 1 0 0 0)  opth=3
    run29  dpts:1349..1367  robin:PickOnDom-Last  effs:2,462,552  asgs:(1519,noefs=175,fails=50)  fails:989  wrgs:2,298  wck:74.6  ngds:200  sols:175  bound:1,945,019,855
o 1945019850   106.4  ham=56 (4 0 0 1 51 0 0)  opth=1
o 1945019841   106.5  ham=22 (2 1 0 1 18 0 0)  opth=1
    run30  dpts:6866..7083  robin:WdegOnDom-Rand  effs:2,575,393  asgs:(7376,noefs=865,fails=50)  fails:1,039  wrgs:2,389  wck:79.1  ngds:203  sols:177  bound:1,945,019,841
o 1945019840   110.2  ham=18 (2 0 0 5 11 0 0)  opth=5
o 1945019838   110.2  ham=15 (2 0 0 2 11 0 0)  opth=2
o 1945019834   110.2  ham=24 (2 0 0 1 21 0 0)  opth=1
o 1945019833   110.2  ham=24 (2 0 0 1 21 0 0)  opth=1
o 1945019830   110.2  ham=24 (2 0 0 1 21 0 0)  opth=1
    run31  dpts:4747..4804  robin:FrbaOnDom-First  effs:2,647,196  asgs:(5058,noefs=539,fails=50)  fails:1,089  wrgs:2,466  wck:82.7  ngds:207  sols:182  bound:1,945,019,830
o 1945019829   113.7  ham=24 (2 0 0 1 21 0 0)  opth=1
o 1945019825   113.8  ham=7 (1 0 0 1 5 0 0)  opth=1
o 1945019824   113.8  ham=21 (2 0 0 1 18 0 0)  opth=1
o 1945019823   113.8  ham=21 (2 0 0 1 18 0 0)  opth=1
o 1945019822   113.9  ham=44 (4 0 0 1 39 0 0)  opth=1
o 1945019821   113.9  ham=87 (8 0 0 1 78 0 0)  opth=1
o 1945019814   114.0  ham=2 (0 1 0 1 0 0 0)  opth=1
o 1945019807   114.0  ham=24 (2 0 0 2 20 0 0)  opth=2
o 1945019801   114.1  ham=20 (2 0 0 1 17 0 0)  opth=1
o 1945019799   114.2  ham=3 (0 2 0 1 0 0 0)  opth=1
o 1945019798   114.2  ham=30 (2 0 0 1 27 0 0)  opth=1
    run32  dpts:5691..5915  robin:Wdeg-Last  effs:2,791,227  asgs:(7915,noefs=1116,fails=0)  fails:1,089  wrgs:2,572  wck:86.7  ngds:208  sols:193  bound:1,945,019,798
o 1944978062   115.7  ham=5 (0 1 1 3 0 0 0)  opth=4
o 1944978061   115.7  ham=2 (0 1 0 1 0 0 0)  opth=1
o 1944978056   115.7  ham=5 (0 1 0 4 0 0 0)  opth=4
o 1944978049   115.8  ham=2 (0 1 0 1 0 0 0)  opth=1
o 1944978029   115.8  ham=4 (0 1 0 3 0 0 0)  opth=3
o 1944936278   115.8  ham=3 (0 1 1 1 0 0 0)  opth=2
o 1944894510   115.8  ham=9 (0 1 3 5 0 0 0)  opth=8
o 1944894507   115.8  ham=5 (0 1 0 4 0 0 0)  opth=4
    run33  dpts:1345..1371  robin:PickOnDom-Rand  effs:2,819,429  asgs:(1588,noefs=196,fails=50)  fails:1,139  wrgs:2,758  wck:87.9  ngds:211  sols:201  bound:1,944,894,507
o 1944894503   119.7  ham=28 (2 0 0 1 25 0 0)  opth=1
o 1944894498   119.7  ham=20 (2 0 0 1 17 0 0)  opth=1
o 1944894492   119.8  ham=115 (10 1 0 2 102 0 0)  opth=2
    run34  dpts:7040..7259  robin:WdegOnDom-First  effs:2,935,986  asgs:(7763,noefs=935,fails=50)  fails:1,189  wrgs:2,856  wck:92.5  ngds:220  sols:204  bound:1,944,894,492
o 1944894488   123.3  ham=16 (2 0 0 3 11 0 0)  opth=3
o 1944894487   123.3  ham=14 (2 0 0 1 11 0 0)  opth=1
o 1944894486   123.3  ham=19 (2 0 0 1 16 0 0)  opth=1
o 1944894480   123.3  ham=21 (2 0 0 3 16 0 0)  opth=3
o 1944894479   123.3  ham=21 (2 1 0 1 17 0 0)  opth=1
o 1944894471   123.3  ham=20 (2 0 0 1 17 0 0)  opth=1
o 1944894470   123.3  ham=20 (2 0 0 1 17 0 0)  opth=1
o 1944894469   123.4  ham=12 (1 0 0 1 10 0 0)  opth=1
o 1944894463   123.4  ham=27 (2 1 0 2 22 0 0)  opth=2
o 1944894462   123.4  ham=11 (1 0 0 1 9 0 0)  opth=1
o 1944894457   123.4  ham=28 (3 1 0 3 21 0 0)  opth=3
    run35  dpts:4416..4487  robin:FrbaOnDom-Last  effs:3,011,510  asgs:(5023,noefs=727,fails=4)  fails:1,193  wrgs:2,911  wck:95.8  ngds:222  sols:215  bound:1,944,894,457
o 1944894451   127.0  ham=60 (4 0 0 1 55 0 0)  opth=1
o 1944894450   127.0  ham=33 (2 0 0 1 30 0 0)  opth=1
o 1944894443   127.0  ham=21 (2 0 0 1 18 0 0)  opth=1
o 1944894442   127.1  ham=3 (0 2 0 1 0 0 0)  opth=1
o 1944894441   127.1  ham=27 (2 0 0 1 24 0 0)  opth=1
o 1944894440   127.2  ham=22 (2 0 0 1 19 0 0)  opth=1
o 1944894437   127.2  ham=2 (0 1 0 1 0 0 0)  opth=1
o 1944894435   127.3  ham=25 (2 0 0 1 22 0 0)  opth=1
o 1944894433   127.3  ham=20 (2 0 0 1 17 0 0)  opth=1
o 1944894428   127.4  ham=38 (4 0 0 1 33 0 0)  opth=1
o 1944894427   127.4  ham=29 (2 0 0 1 26 0 0)  opth=1
    run36  dpts:5714..5932  robin:Wdeg-Rand  effs:3,145,557  asgs:(7883,noefs=1146,fails=0)  fails:1,193  wrgs:2,986  wck:100.0  ngds:223  sols:226  bound:1,944,894,427
o 1944852673   128.9  ham=4 (0 1 1 2 0 0 0)  opth=3
o 1944852672   128.9  ham=5 (0 1 2 2 0 0 0)  opth=4
o 1944852671   128.9  ham=4 (0 1 0 3 0 0 0)  opth=3
o 1944810913   128.9  ham=6 (0 1 3 2 0 0 0)  opth=5
o 1944727391   128.9  ham=8 (0 1 2 5 0 0 0)  opth=7
o 1944727382   128.9  ham=4 (0 1 0 3 0 0 0)  opth=3
o 1944685613   128.9  ham=11 (0 1 1 9 0 0 0)  opth=10
o 1944685612   128.9  ham=2 (0 1 0 1 0 0 0)  opth=1
o 1944685602   128.9  ham=6 (0 1 0 5 0 0 0)  opth=5
o 1944602102   129.0  ham=5 (0 1 2 2 0 0 0)  opth=4
o 1944560336   129.0  ham=12 (0 2 3 7 0 0 0)  opth=10
    run37  dpts:1352..1375  robin:PickOnDom-First  effs:3,174,508  asgs:(1612,noefs=235,fails=37)  fails:1,230  wrgs:3,133  wck:101.0  ngds:224  sols:237  bound:1,944,560,336
o 1944560335   132.9  ham=192 (20 0 0 1 171 0 0)  opth=1
o 1944560333   132.9  ham=59 (6 1 0 1 51 0 0)  opth=1
o 1944560332   133.0  ham=104 (10 2 0 2 90 0 0)  opth=2
    run38  dpts:7119..7352  robin:WdegOnDom-Last  effs:3,305,737  asgs:(7896,noefs=955,fails=50)  fails:1,280  wrgs:3,236  wck:105.7  ngds:231  sols:240  bound:1,944,560,332
o 1944560331   136.7  ham=20 (2 0 0 1 17 0 0)  opth=1
o 1944560330   136.7  ham=35 (4 1 0 2 28 0 0)  opth=2
o 1944560327   136.7  ham=19 (2 0 0 1 16 0 0)  opth=1
o 1944518577   136.7  ham=23 (2 1 1 0 19 0 0)  opth=1
o 1944476826   136.8  ham=9 (1 0 1 1 6 0 0)  opth=2
o 1944476823   136.8  ham=15 (2 0 0 2 11 0 0)  opth=2
o 1944476822   136.8  ham=14 (2 0 0 1 11 0 0)  opth=1
o 1944476820   136.8  ham=11 (1 0 0 2 8 0 0)  opth=2
o 1944476819   136.8  ham=20 (2 0 0 1 17 0 0)  opth=1
o 1944476811   136.9  ham=23 (2 0 0 4 17 0 0)  opth=4
    run39  dpts:4442..4529  robin:FrbaOnDom-Rand  effs:3,398,992  asgs:(5117,noefs=686,fails=50)  fails:1,330  wrgs:3,424  wck:109.3  ngds:234  sols:250  bound:1,944,476,811
o 1944476810   140.3  ham=29 (2 0 0 1 26 0 0)  opth=1
o 1944476809   140.3  ham=66 (6 0 0 1 59 0 0)  opth=1
o 1944476804   140.4  ham=53 (4 0 0 1 48 0 0)  opth=1
o 1944476803   140.4  ham=26 (2 0 0 1 23 0 0)  opth=1
o 1944476795   140.5  ham=25 (2 0 0 1 22 0 0)  opth=1
o 1944476791   140.5  ham=21 (2 0 0 1 18 0 0)  opth=1
o 1944476787   140.6  ham=7 (1 0 0 1 5 0 0)  opth=1
o 1944476779   140.6  ham=319 (30 0 0 1 288 0 0)  opth=1
o 1944476776   140.7  ham=60 (6 1 0 1 52 0 0)  opth=1
o 1944476775   140.7  ham=2 (0 1 0 1 0 0 0)  opth=1
o 1944476773   140.8  ham=20 (2 0 0 1 17 0 0)  opth=1
    run40  dpts:5605..5832  robin:Wdeg-First  effs:3,541,941  asgs:(7852,noefs=1109,fails=0)  fails:1,330  wrgs:3,513  wck:113.3  ngds:235  sols:261  bound:1,944,476,773
o 1944476770   142.2  ham=2 (0 1 0 1 0 0 0)  opth=1
o 1944476753   142.2  ham=6 (0 1 2 3 0 0 0)  opth=5
o 1944393242   142.2  ham=5 (0 1 2 2 0 0 0)  opth=4
o 1944393241   142.3  ham=2 (0 1 0 1 0 0 0)  opth=1
o 1944309729   142.3  ham=6 (0 1 2 3 0 0 0)  opth=5
o 1944309725   142.3  ham=5 (0 1 0 4 0 0 0)  opth=4
o 1944267972   142.3  ham=7 (0 1 1 5 0 0 0)  opth=6
o 1944226208   142.3  ham=4 (0 1 1 2 0 0 0)  opth=3
o 1944184449   142.3  ham=6 (0 1 1 4 0 0 0)  opth=5
o 1944142699   142.3  ham=4 (0 1 1 2 0 0 0)  opth=3
o 1944017424   142.3  ham=10 (0 1 3 6 0 0 0)  opth=9
    run41  dpts:1359..1385  robin:PickOnDom-Last  effs:3,570,540  asgs:(1615,noefs=221,fails=21)  fails:1,351  wrgs:3,667  wck:114.4  ngds:236  sols:272  bound:1,944,017,424
o 1944017422   146.2  ham=102 (8 0 0 1 93 0 0)  opth=1
o 1944017421   146.3  ham=15 (2 0 0 1 12 0 0)  opth=1
o 1944017420   146.3  ham=2 (0 1 0 1 0 0 0)  opth=1
o 1944017419   146.4  ham=66 (6 0 0 1 59 0 0)  opth=1
o 1944017413   146.4  ham=55 (4 1 0 3 47 0 0)  opth=3
o 1944017412   146.5  ham=29 (2 0 0 1 26 0 0)  opth=1
o 1944017411   146.5  ham=29 (2 0 0 1 26 0 0)  opth=1
o 1944017410   146.6  ham=93 (8 2 0 1 82 0 0)  opth=1
o 1944017409   146.6  ham=46 (4 0 0 4 38 0 0)  opth=4
o 1944017407   146.7  ham=25 (2 1 0 1 21 0 0)  opth=1
o 1944017405   146.8  ham=24 (2 0 0 1 21 0 0)  opth=1
    run42  dpts:7050..7275  robin:WdegOnDom-Rand  effs:3,758,299  asgs:(9437,noefs=1223,fails=8)  fails:1,359  wrgs:3,771  wck:119.5  ngds:238  sols:283  bound:1,944,017,405
o 1944017404   150.2  ham=26 (2 0 0 1 23 0 0)  opth=1
o 1944017403   150.2  ham=26 (2 0 0 1 23 0 0)  opth=1
o 1944017401   150.2  ham=31 (2 0 0 3 26 0 0)  opth=3
o 1944017400   150.2  ham=29 (2 0 0 1 26 0 0)  opth=1
o 1944017391   150.2  ham=20 (2 0 0 1 17 0 0)  opth=1
o 1944017389   150.2  ham=22 (2 0 0 3 17 0 0)  opth=3
    run43  dpts:4188..4277  robin:FrbaOnDom-First  effs:3,852,498  asgs:(4611,noefs=550,fails=50)  fails:1,409  wrgs:3,913  wck:122.7  ngds:244  sols:289  bound:1,944,017,389
o 1944017388   153.7  ham=40 (4 1 0 1 34 0 0)  opth=1
o 1944017387   153.8  ham=26 (2 0 0 1 23 0 0)  opth=1
o 1944017385   153.8  ham=61 (6 0 0 1 54 0 0)  opth=1
o 1944017383   153.8  ham=2 (0 1 0 1 0 0 0)  opth=1
o 1944017382   153.9  ham=34 (2 0 0 1 31 0 0)  opth=1
o 1944017381   153.9  ham=27 (2 0 0 1 24 0 0)  opth=1
o 1944017380   153.9  ham=37 (4 0 0 1 32 0 0)  opth=1
o 1944017377   154.0  ham=39 (4 0 0 1 34 0 0)  opth=1
o 1944017370   154.0  ham=19 (2 0 0 1 16 0 0)  opth=1
o 1944017369   154.1  ham=24 (2 0 0 1 21 0 0)  opth=1
o 1944017368   154.1  ham=155 (14 0 0 1 140 0 0)  opth=1
    run44  dpts:5844..6040  robin:Wdeg-Last  effs:3,977,124  asgs:(7824,noefs=1134,fails=0)  fails:1,409  wrgs:3,955  wck:126.7  ngds:245  sols:300  bound:1,944,017,368
o 1944017356   155.7  ham=3 (0 1 0 2 0 0 0)  opth=2
o 1944017354   155.7  ham=6 (0 2 2 2 0 0 0)  opth=4
o 1944017351   155.7  ham=2 (0 1 0 1 0 0 0)  opth=1
o 1943975607   155.7  ham=4 (0 1 1 2 0 0 0)  opth=3
o 1943892096   155.7  ham=5 (0 1 2 2 0 0 0)  opth=4
o 1943850363   155.7  ham=5 (0 1 1 3 0 0 0)  opth=4
o 1943808594   155.7  ham=7 (0 2 1 4 0 0 0)  opth=5
o 1943766835   155.7  ham=4 (0 2 1 1 0 0 0)  opth=2
o 1943725088   155.7  ham=4 (0 1 1 2 0 0 0)  opth=3
o 1943683334   155.7  ham=7 (0 1 1 5 0 0 0)  opth=6
o 1943683331   155.8  ham=7 (0 1 2 4 0 0 0)  opth=6
    run45  dpts:1361..1394  robin:PickOnDom-Rand  effs:4,006,917  asgs:(1659,noefs=238,fails=24)  fails:1,433  wrgs:4,149  wck:127.8  ngds:246  sols:311  bound:1,943,683,331
o 1943683328   159.7  ham=43 (4 0 0 1 38 0 0)  opth=1
o 1943683323   159.7  ham=19 (2 0 0 1 16 0 0)  opth=1
o 1943683319   159.7  ham=41 (4 1 0 2 34 0 0)  opth=2
o 1943683318   159.8  ham=2 (0 1 0 1 0 0 0)  opth=1
o 1943683317   159.8  ham=19 (2 0 0 1 16 0 0)  opth=1
o 1943683316   159.9  ham=49 (4 0 0 1 44 0 0)  opth=1
o 1943683314   159.9  ham=25 (2 0 0 2 21 0 0)  opth=2
o 1943683307   160.0  ham=19 (2 1 0 2 14 0 0)  opth=2
o 1943683306   160.1  ham=68 (8 1 0 2 57 0 0)  opth=2
o 1943683299   160.1  ham=59 (6 1 0 2 50 0 0)  opth=2
o 1943683298   160.1  ham=18 (2 1 0 1 14 0 0)  opth=1
    run46  dpts:6984..7196  robin:WdegOnDom-First  effs:4,170,208  asgs:(9191,noefs=1177,fails=11)  fails:1,444  wrgs:4,246  wck:132.8  ngds:248  sols:322  bound:1,943,683,298
o 1943683291   163.4  ham=27 (2 0 0 3 22 0 0)  opth=3
o 1943683289   163.4  ham=45 (4 0 0 2 39 0 0)  opth=2
o 1943683286   163.4  ham=18 (2 0 0 2 14 0 0)  opth=2
o 1943683282   163.4  ham=18 (2 0 0 2 14 0 0)  opth=2
o 1943641541   163.5  ham=22 (2 0 1 1 18 0 0)  opth=2
o 1943641532   163.5  ham=22 (2 0 0 1 19 0 0)  opth=1
o 1943641523   163.5  ham=2 (0 1 0 1 0 0 0)  opth=1
o 1943641522   163.5  ham=22 (2 0 0 1 19 0 0)  opth=1
o 1943599772   163.5  ham=13 (2 0 1 0 10 0 0)  opth=1
    run47  dpts:3963..4074  robin:FrbaOnDom-Last  effs:4,252,565  asgs:(4587,noefs=623,fails=50)  fails:1,494  wrgs:4,492  wck:136.0  ngds:254  sols:331  bound:1,943,599,772
o 1943599769   167.0  ham=47 (4 0 0 1 42 0 0)  opth=1
o 1943599768   167.1  ham=9 (1 1 0 1 6 0 0)  opth=1
o 1943599767   167.1  ham=20 (2 0 0 1 17 0 0)  opth=1
o 1943599760   167.1  ham=48 (4 0 0 1 43 0 0)  opth=1
o 1943599751   167.2  ham=26 (2 0 0 1 23 0 0)  opth=1
o 1943599750   167.2  ham=33 (2 0 0 1 30 0 0)  opth=1
o 1943599748   167.2  ham=47 (4 0 0 1 42 0 0)  opth=1
o 1943599747   167.3  ham=18 (2 0 0 1 15 0 0)  opth=1
o 1943599745   167.3  ham=41 (4 0 0 1 36 0 0)  opth=1
o 1943599738   167.4  ham=2 (0 1 0 1 0 0 0)  opth=1
o 1943599733   167.4  ham=30 (2 0 0 1 27 0 0)  opth=1
    run48  dpts:6069..6259  robin:Wdeg-Rand  effs:4,376,722  asgs:(7993,noefs=1173,fails=1)  fails:1,495  wrgs:4,559  wck:140.0  ngds:255  sols:342  bound:1,943,599,733
o 1943599731   169.0  ham=2 (0 1 0 1 0 0 0)  opth=1
o 1943557975   169.0  ham=8 (0 2 1 5 0 0 0)  opth=6
o 1943516215   169.0  ham=5 (0 1 1 3 0 0 0)  opth=4
o 1943516208   169.0  ham=5 (0 1 2 2 0 0 0)  opth=4
o 1943516207   169.0  ham=6 (0 1 2 3 0 0 0)  opth=5
o 1943516204   169.1  ham=2 (0 1 0 1 0 0 0)  opth=1
o 1943390924   169.1  ham=13 (0 2 3 8 0 0 0)  opth=11
o 1943349168   169.1  ham=5 (0 1 1 3 0 0 0)  opth=4
o 1943349167   169.1  ham=2 (0 1 0 1 0 0 0)  opth=1
    run49  dpts:1384..1409  robin:PickOnDom-First  effs:4,406,620  asgs:(1689,noefs=256,fails=50)  fails:1,545  wrgs:4,754  wck:141.2  ngds:258  sols:351  bound:1,943,349,167
o 1943349160   173.1  ham=2 (0 1 0 1 0 0 0)  opth=1
o 1943349159   173.1  ham=24 (2 0 0 1 21 0 0)  opth=1
o 1943349156   173.2  ham=77 (6 0 0 1 70 0 0)  opth=1
o 1943349154   173.2  ham=105 (9 3 0 1 92 0 0)  opth=1
o 1943349152   173.3  ham=30 (2 1 0 2 25 0 0)  opth=2
o 1943349151   173.3  ham=2 (0 1 0 1 0 0 0)  opth=1
o 1943349150   173.3  ham=81 (6 4 0 1 70 0 0)  opth=1
o 1943349149   173.4  ham=24 (2 0 0 1 21 0 0)  opth=1
o 1943349148   173.4  ham=146 (14 0 0 1 131 0 0)  opth=1
o 1943349141   173.5  ham=103 (8 0 0 1 94 0 0)  opth=1
o 1943349140   173.6  ham=26 (2 0 0 1 23 0 0)  opth=1
    run50  dpts:7081..7298  robin:WdegOnDom-Last  effs:4,572,008  asgs:(9348,noefs=1235,fails=18)  fails:1,563  wrgs:4,841  wck:146.2  ngds:260  sols:362  bound:1,943,349,140
o 1943349139   176.9  ham=2 (0 1 0 1 0 0 0)  opth=1
o 1943349133   176.9  ham=2 (0 1 0 1 0 0 0)  opth=1
o 1943307383   176.9  ham=55 (4 1 1 6 43 0 0)  opth=7
o 1943307382   177.0  ham=24 (2 0 0 2 20 0 0)  opth=2
o 1943307380   177.0  ham=23 (2 0 0 2 19 0 0)  opth=2
o 1943307375   177.0  ham=25 (2 0 0 3 20 0 0)  opth=3
o 1943307371   177.0  ham=36 (3 0 0 2 31 0 0)  opth=2
o 1943307370   177.1  ham=23 (2 0 0 1 20 0 0)  opth=1
    run51  dpts:3764..3862  robin:FrbaOnDom-Rand  effs:4,649,819  asgs:(4302,noefs=602,fails=50)  fails:1,613  wrgs:5,031  wck:149.4  ngds:269  sols:370  bound:1,943,307,370
o 1943307369   180.5  ham=33 (2 0 0 1 30 0 0)  opth=1
o 1943307367   180.5  ham=25 (2 0 0 1 22 0 0)  opth=1
o 1943307366   180.5  ham=22 (2 0 0 1 19 0 0)  opth=1
o 1943307365   180.6  ham=34 (2 1 0 2 29 0 0)  opth=2
o 1943307364   180.6  ham=28 (2 0 0 1 25 0 0)  opth=1
o 1943307363   180.7  ham=28 (2 0 0 1 25 0 0)  opth=1
o 1943307362   180.7  ham=27 (2 1 0 1 23 0 0)  opth=1
o 1943307360   180.8  ham=21 (2 0 0 1 18 0 0)  opth=1
o 1943307357   180.8  ham=15 (2 0 0 1 12 0 0)  opth=1
o 1943307356   180.9  ham=47 (4 0 0 1 42 0 0)  opth=1
    run52  dpts:6042..6257  robin:Wdeg-First  effs:4,814,018  asgs:(7932,noefs=1118,fails=50)  fails:1,663  wrgs:5,208  wck:153.5  ngds:272  sols:380  bound:1,943,307,356
o 1943307353   182.7  ham=5 (0 1 0 4 0 0 0)  opth=4
o 1943265603   182.7  ham=4 (0 1 1 2 0 0 0)  opth=3
o 1943223858   182.7  ham=7 (0 1 1 5 0 0 0)  opth=6
o 1943182085   182.7  ham=7 (0 1 1 5 0 0 0)  opth=6
o 1943140323   182.7  ham=5 (0 1 1 3 0 0 0)  opth=4
o 1943056830   182.7  ham=6 (0 1 2 3 0 0 0)  opth=5
o 1943015103   182.7  ham=12 (0 3 3 6 0 0 0)  opth=9
o 1942973351   182.7  ham=3 (0 1 1 1 0 0 0)  opth=2
    run53  dpts:1380..1415  robin:PickOnDom-Last  effs:4,847,384  asgs:(1761,noefs=248,fails=50)  fails:1,713  wrgs:5,481  wck:154.8  ngds:274  sols:388  bound:1,942,973,351
o 1942973349   186.7  ham=92 (6 1 0 2 83 0 0)  opth=2
o 1942973348   186.8  ham=26 (2 0 0 1 23 0 0)  opth=1
o 1942973347   186.8  ham=36 (4 0 0 1 31 0 0)  opth=1
o 1942973345   186.9  ham=30 (2 0 0 1 27 0 0)  opth=1
    run54  dpts:7161..7356  robin:WdegOnDom-Rand  effs:4,984,645  asgs:(7999,noefs=996,fails=50)  fails:1,763  wrgs:5,568  wck:159.6  ngds:279  sols:392  bound:1,942,973,345
o 1942973344   190.0  ham=24 (2 0 0 2 20 0 0)  opth=2
o 1942973343   190.1  ham=24 (2 0 0 2 20 0 0)  opth=2
o 1942931593   190.1  ham=2 (0 1 1 0 0 0 0)  opth=1
o 1942931568   190.1  ham=27 (2 0 0 3 22 0 0)  opth=3
o 1942931564   190.2  ham=14 (1 0 0 3 10 0 0)  opth=3
o 1942931559   190.2  ham=28 (2 0 0 3 23 0 0)  opth=3
o 1942931558   190.3  ham=26 (2 0 0 1 23 0 0)  opth=1
    run55  dpts:3757..3872  robin:FrbaOnDom-First  effs:5,079,386  asgs:(4312,noefs=599,fails=50)  fails:1,813  wrgs:5,802  wck:162.6  ngds:311  sols:399  bound:1,942,931,558
o 1942931554   193.5  ham=25 (2 1 0 1 21 0 0)  opth=1
o 1942931552   193.6  ham=31 (2 0 0 1 28 0 0)  opth=1
o 1942931551   193.6  ham=67 (6 0 0 1 60 0 0)  opth=1
o 1942931549   193.6  ham=59 (6 1 0 1 51 0 0)  opth=1
o 1942931547   193.6  ham=19 (2 0 0 1 16 0 0)  opth=1
o 1942931546   193.7  ham=2 (0 1 0 1 0 0 0)  opth=1
o 1942931539   193.7  ham=39 (4 0 0 1 34 0 0)  opth=1
o 1942889789   193.7  ham=21 (2 0 1 0 18 0 0)  opth=1
o 1942848039   193.8  ham=19 (2 0 1 0 16 0 0)  opth=1
o 1942806289   193.8  ham=39 (4 0 1 0 34 0 0)  opth=1
o 1942764539   193.9  ham=102 (8 0 1 0 93 0 0)  opth=1
    run56  dpts:5725..5900  robin:Wdeg-Last  effs:5,191,885  asgs:(7491,noefs=1116,fails=0)  fails:1,813  wrgs:5,862  wck:166.4  ngds:312  sols:410  bound:1,942,764,539
o 1942764537   195.5  ham=5 (0 1 0 4 0 0 0)  opth=4
o 1942722790   195.5  ham=6 (0 1 1 4 0 0 0)  opth=5
o 1942722782   195.5  ham=3 (0 1 0 2 0 0 0)  opth=2
o 1942722775   195.5  ham=5 (0 1 0 4 0 0 0)  opth=4
o 1942722772   195.5  ham=3 (0 1 0 2 0 0 0)  opth=2
o 1942681029   195.5  ham=5 (0 1 1 3 0 0 0)  opth=4
o 1942681021   195.5  ham=5 (0 1 0 4 0 0 0)  opth=4
o 1942639269   195.5  ham=5 (0 1 1 3 0 0 0)  opth=4
o 1942597534   195.5  ham=7 (0 1 1 5 0 0 0)  opth=6
o 1942597522   195.5  ham=8 (0 2 0 6 0 0 0)  opth=6
o 1942597520   195.6  ham=9 (0 1 2 6 0 0 0)  opth=8
    run57  dpts:1398..1430  robin:PickOnDom-Rand  effs:5,223,130  asgs:(1618,noefs=276,fails=13)  fails:1,826  wrgs:5,964  wck:167.6  ngds:313  sols:421  bound:1,942,597,520
o 1942597519   199.6  ham=52 (6 0 0 1 45 0 0)  opth=1
o 1942597518   199.6  ham=24 (2 0 0 1 21 0 0)  opth=1
o 1942597514   199.7  ham=3 (0 1 0 2 0 0 0)  opth=2
o 1942597513   199.7  ham=2 (0 1 0 1 0 0 0)  opth=1
o 1942597508   199.8  ham=20 (2 0 0 2 16 0 0)  opth=2
    run58  dpts:7160..7356  robin:WdegOnDom-First  effs:5,348,631  asgs:(8179,noefs=1021,fails=50)  fails:1,876  wrgs:6,073  wck:172.5  ngds:316  sols:426  bound:1,942,597,508
o 1942555788   202.9  ham=26 (2 0 1 5 18 0 0)  opth=6
o 1942555773   202.9  ham=25 (2 1 0 3 19 0 0)  opth=3
o 1942555772   203.0  ham=26 (2 0 0 5 19 0 0)  opth=5
    run59  dpts:3710..3822  robin:FrbaOnDom-Last  effs:5,411,090  asgs:(3957,noefs=445,fails=50)  fails:1,926  wrgs:6,153  wck:175.3  ngds:325  sols:429  bound:1,942,555,772
o 1942514022   206.4  ham=18 (2 0 1 0 15 0 0)  opth=1
o 1942472272   206.4  ham=26 (2 0 1 0 23 0 0)  opth=1
o 1942472271   206.5  ham=54 (6 0 0 1 47 0 0)  opth=1
o 1942472270   206.5  ham=27 (2 0 0 1 24 0 0)  opth=1
o 1942472265   206.5  ham=43 (4 1 0 1 37 0 0)  opth=1
o 1942472264   206.6  ham=59 (6 0 0 1 52 0 0)  opth=1
o 1942472263   206.6  ham=20 (2 0 0 1 17 0 0)  opth=1
o 1942472262   206.6  ham=20 (2 0 0 1 17 0 0)  opth=1
    run60  dpts:5967..6151  robin:Wdeg-Rand  effs:5,526,906  asgs:(7233,noefs=1031,fails=50)  fails:1,976  wrgs:6,263  wck:179.2  ngds:328  sols:437  bound:1,942,472,262
o 1942430503   208.4  ham=4 (0 1 1 2 0 0 0)  opth=3
o 1942430492   208.4  ham=3 (0 1 0 2 0 0 0)  opth=2
o 1942430486   208.4  ham=6 (0 1 4 1 0 0 0)  opth=5
o 1942430484   208.4  ham=5 (0 1 0 4 0 0 0)  opth=4
o 1942430482   208.4  ham=2 (0 1 0 1 0 0 0)  opth=1
o 1942346961   208.4  ham=9 (0 1 2 6 0 0 0)  opth=8
o 1942305209   208.5  ham=8 (0 2 3 3 0 0 0)  opth=6
o 1942305200   208.5  ham=5 (0 1 0 4 0 0 0)  opth=4
o 1942305197   208.5  ham=6 (0 1 0 5 0 0 0)  opth=5
    run61  dpts:1406..1435  robin:PickOnDom-First  effs:5,558,997  asgs:(1695,noefs=286,fails=50)  fails:2,026  wrgs:6,421  wck:180.6  ngds:329  sols:446  bound:1,942,305,197
o 1942305196   212.5  ham=62 (6 1 0 1 54 0 0)  opth=1
o 1942305195   212.6  ham=25 (2 0 0 1 22 0 0)  opth=1
o 1942305194   212.6  ham=64 (6 1 0 2 55 0 0)  opth=2
o 1942305193   212.6  ham=24 (2 1 0 1 20 0 0)  opth=1
o 1942305191   212.7  ham=18 (2 1 0 1 14 0 0)  opth=1
o 1942305182   212.8  ham=49 (4 2 0 4 39 0 0)  opth=4
    run62  dpts:7066..7274  robin:WdegOnDom-Last  effs:5,721,509  asgs:(8317,noefs=1037,fails=50)  fails:2,076  wrgs:6,557  wck:185.5  ngds:332  sols:452  bound:1,942,305,182
o 1942305175   215.9  ham=23 (2 1 0 5 15 0 0)  opth=5
o 1942305166   216.0  ham=18 (2 0 0 1 15 0 0)  opth=1
    run63  dpts:3638..3720  robin:FrbaOnDom-Rand  effs:5,796,280  asgs:(3850,noefs=416,fails=50)  fails:2,126  wrgs:6,679  wck:188.3  ngds:342  sols:454  bound:1,942,305,166
o 1942305165   219.3  ham=21 (2 0 0 1 18 0 0)  opth=1
o 1942305164   219.3  ham=24 (2 0 0 1 21 0 0)  opth=1
o 1942305161   219.3  ham=2 (0 1 0 1 0 0 0)  opth=1
o 1942305160   219.4  ham=21 (2 0 0 1 18 0 0)  opth=1
o 1942305155   219.4  ham=28 (2 0 0 1 25 0 0)  opth=1
o 1942305153   219.4  ham=31 (2 0 0 1 28 0 0)  opth=1
o 1942305152   219.5  ham=2 (0 1 0 1 0 0 0)  opth=1
o 1942305146   219.5  ham=20 (2 0 0 2 16 0 0)  opth=2
o 1942305144   219.6  ham=62 (6 0 0 1 55 0 0)  opth=1
o 1942305143   219.6  ham=30 (2 0 0 1 27 0 0)  opth=1
o 1942305136   219.7  ham=62 (6 0 0 1 55 0 0)  opth=1
    run64  dpts:5987..6168  robin:Wdeg-First  effs:5,928,455  asgs:(7783,noefs=1177,fails=41)  fails:2,167  wrgs:6,832  wck:192.2  ngds:343  sols:465  bound:1,942,305,136
o 1942263382   221.4  ham=7 (0 1 1 5 0 0 0)  opth=6
o 1942263378   221.4  ham=6 (0 1 0 5 0 0 0)  opth=5
o 1942263377   221.4  ham=2 (0 1 0 1 0 0 0)  opth=1
o 1942221612   221.4  ham=7 (0 1 1 5 0 0 0)  opth=6
o 1942179865   221.4  ham=8 (0 1 3 4 0 0 0)  opth=7
o 1942179853   221.4  ham=7 (0 1 2 4 0 0 0)  opth=6
o 1942179849   221.4  ham=4 (0 1 2 1 0 0 0)  opth=3
o 1942138086   221.4  ham=8 (0 1 3 4 0 0 0)  opth=7
o 1942096334   221.4  ham=6 (0 1 3 2 0 0 0)  opth=5
    run65  dpts:1413..1443  robin:PickOnDom-Last  effs:5,961,029  asgs:(1727,noefs=290,fails=50)  fails:2,217  wrgs:7,018  wck:193.5  ngds:345  sols:474  bound:1,942,096,334
o 1942096330   225.5  ham=29 (2 1 0 2 24 0 0)  opth=2
o 1942096326   225.5  ham=88 (6 0 0 1 81 0 0)  opth=1
o 1942096325   225.5  ham=44 (4 0 0 1 39 0 0)  opth=1
o 1942096324   225.6  ham=24 (2 0 0 1 21 0 0)  opth=1
o 1942096323   225.6  ham=20 (2 0 0 1 17 0 0)  opth=1
o 1942096322   225.7  ham=21 (2 1 0 1 17 0 0)  opth=1
o 1942096320   225.7  ham=21 (2 1 0 1 17 0 0)  opth=1
o 1942096319   225.7  ham=20 (2 0 0 1 17 0 0)  opth=1
o 1942096318   225.8  ham=19 (2 0 0 1 16 0 0)  opth=1
o 1942096317   225.8  ham=19 (2 0 0 1 16 0 0)  opth=1
o 1942096316   225.9  ham=42 (4 0 0 1 37 0 0)  opth=1
    run66  dpts:7131..7340  robin:WdegOnDom-Rand  effs:6,109,434  asgs:(9172,noefs=1208,fails=2)  fails:2,219  wrgs:7,071  wck:198.6  ngds:347  sols:485  bound:1,942,096,316
o 1942096308   228.9  ham=21 (2 0 0 1 18 0 0)  opth=1
o 1942096305   228.9  ham=45 (4 0 0 2 39 0 0)  opth=2
o 1942096304   228.9  ham=25 (2 0 0 1 22 0 0)  opth=1
o 1942054599   228.9  ham=31 (2 0 1 10 18 0 0)  opth=11
o 1942054591   229.0  ham=23 (2 0 0 3 18 0 0)  opth=3
o 1942054575   229.0  ham=26 (2 0 0 8 16 0 0)  opth=8
o 1942054568   229.1  ham=35 (4 0 0 4 27 0 0)  opth=4
o 1942054562   229.1  ham=22 (2 0 0 2 18 0 0)  opth=2
o 1942054552   229.2  ham=25 (2 0 0 5 18 0 0)  opth=5
o 1942054551   229.2  ham=21 (2 0 0 1 18 0 0)  opth=1
o 1942054548   229.2  ham=21 (2 0 0 1 18 0 0)  opth=1
    run67  dpts:3328..3419  robin:FrbaOnDom-First  effs:6,232,854  asgs:(4144,noefs=669,fails=35)  fails:2,254  wrgs:7,407  wck:201.5  ngds:372  sols:496  bound:1,942,054,548
o 1942054547   232.2  ham=32 (2 0 0 1 29 0 0)  opth=1
o 1942054538   232.3  ham=23 (2 0 0 1 20 0 0)  opth=1
o 1942054537   232.3  ham=25 (2 0 0 1 22 0 0)  opth=1
o 1942054536   232.3  ham=29 (2 0 0 1 26 0 0)  opth=1
o 1942054534   232.3  ham=20 (2 0 0 1 17 0 0)  opth=1
o 1942054533   232.4  ham=50 (4 1 0 1 44 0 0)  opth=1
o 1942054526   232.4  ham=32 (4 0 0 1 27 0 0)  opth=1
o 1942054525   232.4  ham=2 (0 1 0 1 0 0 0)  opth=1
o 1942054522   232.5  ham=19 (2 0 0 1 16 0 0)  opth=1
o 1942054517   232.5  ham=8 (1 1 0 1 5 0 0)  opth=1
o 1942054516   232.5  ham=2 (0 1 0 1 0 0 0)  opth=1
    run68  dpts:5340..5506  robin:Wdeg-Last  effs:6,339,045  asgs:(6969,noefs=1119,fails=0)  fails:2,254  wrgs:7,482  wck:205.0  ngds:373  sols:507  bound:1,942,054,516
o 1942012763   234.2  ham=6 (0 1 1 4 0 0 0)  opth=5
o 1942012754   234.2  ham=4 (0 1 0 3 0 0 0)  opth=3
o 1942012750   234.2  ham=5 (0 1 0 4 0 0 0)  opth=4
o 1941970992   234.3  ham=5 (0 1 1 3 0 0 0)  opth=4
o 1941929249   234.3  ham=4 (0 1 1 2 0 0 0)  opth=3
o 1941887498   234.3  ham=4 (0 1 1 2 0 0 0)  opth=3
    run69  dpts:1424..1459  robin:PickOnDom-Rand  effs:6,372,577  asgs:(1699,noefs=266,fails=50)  fails:2,304  wrgs:7,647  wck:206.4  ngds:375  sols:513  bound:1,941,887,498
o 1941887496   238.3  ham=71 (6 1 0 1 63 0 0)  opth=1
o 1941887493   238.4  ham=47 (4 0 0 1 42 0 0)  opth=1
o 1941887492   238.4  ham=47 (4 0 0 1 42 0 0)  opth=1
o 1941887489   238.5  ham=240 (24 0 0 1 215 0 0)  opth=1
o 1941887488   238.5  ham=24 (2 0 0 1 21 0 0)  opth=1
o 1941887481   238.6  ham=25 (2 0 0 1 22 0 0)  opth=1
    run70  dpts:7172..7374  robin:WdegOnDom-First  effs:6,497,829  asgs:(8378,noefs=1026,fails=50)  fails:2,354  wrgs:7,773  wck:211.3  ngds:377  sols:519  bound:1,941,887,481
o 1941887480   241.7  ham=20 (2 1 0 1 16 0 0)  opth=1
o 1941887479   241.7  ham=2 (0 1 0 1 0 0 0)  opth=1
o 1941887477   241.8  ham=19 (2 0 0 1 16 0 0)  opth=1
o 1941887476   241.8  ham=20 (2 1 0 1 16 0 0)  opth=1
o 1941887475   241.9  ham=29 (2 0 0 1 26 0 0)  opth=1
    run71  dpts:3647..3732  robin:FrbaOnDom-Last  effs:6,598,610  asgs:(4027,noefs=523,fails=50)  fails:2,404  wrgs:7,934  wck:214.2  ngds:395  sols:524  bound:1,941,887,475
o 1941887474   245.0  ham=48 (4 5 0 1 38 0 0)  opth=1
o 1941887473   245.1  ham=68 (6 0 0 1 61 0 0)  opth=1
o 1941887472   245.1  ham=27 (2 0 0 1 24 0 0)  opth=1
o 1941887471   245.1  ham=27 (2 1 0 1 23 0 0)  opth=1
o 1941887470   245.1  ham=21 (2 0 0 1 18 0 0)  opth=1
o 1941887467   245.2  ham=40 (4 0 0 1 35 0 0)  opth=1
o 1941887463   245.2  ham=19 (2 0 0 1 16 0 0)  opth=1
o 1941887455   245.2  ham=23 (2 0 0 1 20 0 0)  opth=1
o 1941887454   245.3  ham=23 (2 0 0 1 20 0 0)  opth=1
o 1941887452   245.3  ham=20 (2 0 0 1 17 0 0)  opth=1
o 1941887443   245.4  ham=23 (2 0 0 1 20 0 0)  opth=1
    run72  dpts:5718..5883  robin:Wdeg-Rand  effs:6,709,814  asgs:(7352,noefs=1185,fails=0)  fails:2,404  wrgs:8,006  wck:217.9  ngds:396  sols:535  bound:1,941,887,443
o 1941845693   247.1  ham=2 (0 1 1 0 0 0 0)  opth=1
o 1941845685   247.1  ham=5 (0 1 2 2 0 0 0)  opth=4
o 1941845684   247.1  ham=2 (0 1 0 1 0 0 0)  opth=1
o 1941720415   247.1  ham=9 (0 1 3 5 0 0 0)  opth=8
o 1941720396   247.1  ham=9 (0 1 2 6 0 0 0)  opth=8
o 1941678637   247.2  ham=3 (0 1 1 1 0 0 0)  opth=2
o 1941678621   247.2  ham=4 (0 1 0 3 0 0 0)  opth=3
o 1941636862   247.2  ham=3 (0 1 1 1 0 0 0)  opth=2
    run73  dpts:1437..1474  robin:PickOnDom-First  effs:6,743,361  asgs:(1783,noefs=298,fails=50)  fails:2,454  wrgs:8,205  wck:219.3  ngds:397  sols:543  bound:1,941,636,862
o 1941636858   251.2  ham=229 (20 4 0 2 203 0 0)  opth=2
o 1941636857   251.3  ham=76 (6 4 0 1 65 0 0)  opth=1
o 1941636856   251.3  ham=107 (10 0 0 1 96 0 0)  opth=1
o 1941636855   251.4  ham=48 (4 0 0 1 43 0 0)  opth=1
o 1941636851   251.4  ham=113 (10 0 0 2 101 0 0)  opth=2
o 1941636850   251.4  ham=78 (6 1 0 1 70 0 0)  opth=1
o 1941636849   251.5  ham=18 (2 1 0 1 14 0 0)  opth=1
o 1941636848   251.5  ham=26 (2 0 0 1 23 0 0)  opth=1
o 1941636847   251.6  ham=22 (2 0 0 1 19 0 0)  opth=1
o 1941636846   251.6  ham=62 (6 0 0 1 55 0 0)  opth=1
o 1941636842   251.6  ham=24 (2 0 0 2 20 0 0)  opth=2
    run74  dpts:7052..7255  robin:WdegOnDom-Last  effs:6,902,481  asgs:(9004,noefs=1142,fails=5)  fails:2,459  wrgs:8,239  wck:224.3  ngds:400  sols:554  bound:1,941,636,842
o 1941636841   254.7  ham=20 (2 2 0 1 15 0 0)  opth=1
o 1941636840   254.7  ham=3 (0 2 0 1 0 0 0)  opth=1
    run75  dpts:3464..3530  robin:FrbaOnDom-Rand  effs:6,979,574  asgs:(3662,noefs=408,fails=50)  fails:2,509  wrgs:8,348  wck:227.1  ngds:412  sols:556  bound:1,941,636,840
o 1941636837   257.9  ham=13 (2 0 0 1 10 0 0)  opth=1
o 1941636835   257.9  ham=20 (2 0 0 1 17 0 0)  opth=1
o 1941636833   257.9  ham=21 (2 0 0 1 18 0 0)  opth=1
o 1941636831   257.9  ham=30 (2 0 0 2 26 0 0)  opth=2
o 1941636822   258.0  ham=14 (1 0 0 1 12 0 0)  opth=1
o 1941636821   258.0  ham=13 (2 0 0 1 10 0 0)  opth=1
o 1941636815   258.0  ham=42 (4 0 0 1 37 0 0)  opth=1
o 1941636814   258.1  ham=54 (4 0 0 1 49 0 0)  opth=1
o 1941636812   258.1  ham=47 (4 0 0 1 42 0 0)  opth=1
o 1941636805   258.2  ham=24 (2 0 0 1 21 0 0)  opth=1
    run76  dpts:5651..5833  robin:Wdeg-First  effs:7,121,554  asgs:(7243,noefs=1150,fails=50)  fails:2,559  wrgs:8,545  wck:230.8  ngds:413  sols:566  bound:1,941,636,805
o 1941595044   260.0  ham=4 (0 1 1 2 0 0 0)  opth=3
o 1941553293   260.0  ham=7 (0 1 1 5 0 0 0)  opth=6
o 1941553292   260.0  ham=5 (0 1 0 4 0 0 0)  opth=4
o 1941511544   260.0  ham=7 (0 1 1 5 0 0 0)  opth=6
o 1941511539   260.0  ham=4 (0 1 2 1 0 0 0)  opth=3
o 1941469790   260.1  ham=6 (0 1 1 4 0 0 0)  opth=5
o 1941428046   260.1  ham=5 (0 1 1 3 0 0 0)  opth=4
    run77  dpts:1451..1485  robin:PickOnDom-Last  effs:7,156,455  asgs:(1783,noefs=288,fails=50)  fails:2,609  wrgs:8,745  wck:232.2  ngds:416  sols:573  bound:1,941,428,046
o 1941428045   264.2  ham=19 (2 1 0 1 15 0 0)  opth=1
o 1941428039   264.2  ham=286 (26 1 0 2 257 0 0)  opth=2
o 1941428037   264.2  ham=85 (8 0 0 1 76 0 0)  opth=1
o 1941428028   264.3  ham=31 (2 0 0 1 28 0 0)  opth=1
o 1941428027   264.3  ham=32 (2 0 0 1 29 0 0)  opth=1
o 1941428025   264.3  ham=22 (2 0 0 2 18 0 0)  opth=2
o 1941428024   264.4  ham=21 (2 0 0 1 18 0 0)  opth=1
o 1941428018   264.4  ham=23 (2 0 0 1 20 0 0)  opth=1
    run78  dpts:7227..7440  robin:WdegOnDom-Rand  effs:7,345,555  asgs:(8660,noefs=1063,fails=50)  fails:2,659  wrgs:8,865  wck:237.2  ngds:422  sols:581  bound:1,941,428,018
o 1941386254   267.5  ham=23 (2 0 1 4 16 0 0)  opth=5
o 1941386250   267.5  ham=24 (2 0 0 6 16 0 0)  opth=6
o 1941386249   267.6  ham=19 (2 0 0 1 16 0 0)  opth=1
o 1941386248   267.6  ham=19 (2 0 0 1 16 0 0)  opth=1
o 1941386247   267.6  ham=19 (2 0 0 1 16 0 0)  opth=1
o 1941386246   267.6  ham=19 (2 0 0 1 16 0 0)  opth=1
o 1941386245   267.6  ham=19 (2 0 0 1 16 0 0)  opth=1
o 1941386243   267.6  ham=19 (2 0 0 1 16 0 0)  opth=1
o 1941386242   267.6  ham=19 (2 0 0 1 16 0 0)  opth=1
o 1941386241   267.7  ham=67 (6 1 0 5 55 0 0)  opth=5
    run79  dpts:3410..3510  robin:FrbaOnDom-First  effs:7,426,211  asgs:(3976,noefs=618,fails=50)  fails:2,709  wrgs:9,026  wck:240.0  ngds:449  sols:591  bound:1,941,386,241
o 1941386240   270.7  ham=51 (4 0 0 1 46 0 0)  opth=1
o 1941386239   270.7  ham=28 (2 0 0 1 25 0 0)  opth=1
o 1941386238   270.7  ham=2 (0 1 0 1 0 0 0)  opth=1
o 1941386237   270.7  ham=2 (0 1 0 1 0 0 0)  opth=1
o 1941344487   270.8  ham=55 (4 0 1 0 50 0 0)  opth=1
o 1941302737   270.8  ham=13 (1 1 1 0 10 0 0)  opth=1
o 1941260987   270.8  ham=13 (1 0 1 0 11 0 0)  opth=1
o 1941219237   270.8  ham=17 (2 0 1 0 14 0 0)  opth=1
o 1941177487   270.9  ham=60 (4 0 1 0 55 0 0)  opth=1
o 1941135737   270.9  ham=2 (0 1 1 0 0 0 0)  opth=1
o 1941093987   270.9  ham=31 (2 0 1 0 28 0 0)  opth=1
    run80  dpts:5363..5510  robin:Wdeg-Last  effs:7,528,755  asgs:(6809,noefs=1115,fails=0)  fails:2,709  wrgs:9,126  wck:243.4  ngds:450  sols:602  bound:1,941,093,987
o 1941093981   272.8  ham=6 (0 1 2 3 0 0 0)  opth=5
o 1941052229   272.8  ham=5 (0 1 1 3 0 0 0)  opth=4
o 1941010476   272.8  ham=6 (0 1 1 4 0 0 0)  opth=5
o 1941010470   272.8  ham=3 (0 1 0 2 0 0 0)  opth=2
o 1940968722   272.8  ham=3 (0 1 1 1 0 0 0)  opth=2
o 1940926968   272.9  ham=4 (0 1 1 2 0 0 0)  opth=3
o 1940926961   272.9  ham=2 (0 1 0 1 0 0 0)  opth=1
o 1940885208   272.9  ham=4 (0 1 1 2 0 0 0)  opth=3
o 1940885194   272.9  ham=7 (0 1 0 6 0 0 0)  opth=6
    run81  dpts:1470..1511  robin:PickOnDom-Rand  effs:7,563,871  asgs:(1863,noefs=355,fails=50)  fails:2,759  wrgs:9,333  wck:245.0  ngds:451  sols:611  bound:1,940,885,194
o 1940885186   277.0  ham=27 (2 0 0 2 23 0 0)  opth=2
o 1940885185   277.0  ham=112 (8 0 0 1 103 0 0)  opth=1
o 1940885183   277.1  ham=28 (2 0 0 1 25 0 0)  opth=1
o 1940885182   277.1  ham=390 (38 0 0 1 351 0 0)  opth=1
o 1940885175   277.1  ham=136 (10 0 0 2 124 0 0)  opth=2
    run82  dpts:6917..7106  robin:WdegOnDom-First  effs:7,738,110  asgs:(7840,noefs=975,fails=50)  fails:2,809  wrgs:9,485  wck:249.9  ngds:454  sols:616  bound:1,940,885,175
o 1940885170   280.3  ham=23 (2 0 0 2 19 0 0)  opth=2
    run83  dpts:3552..3626  robin:FrbaOnDom-Last  effs:7,801,544  asgs:(3695,noefs=409,fails=50)  fails:2,859  wrgs:9,585  wck:252.7  ngds:456  sols:617  bound:1,940,885,170
o 1940843420   283.4  ham=25 (2 0 1 0 22 0 0)  opth=1
o 1940843419   283.5  ham=25 (2 0 0 1 22 0 0)  opth=1
o 1940843416   283.5  ham=25 (2 0 0 1 22 0 0)  opth=1
o 1940843415   283.5  ham=26 (2 0 0 1 23 0 0)  opth=1
o 1940843414   283.5  ham=16 (2 0 0 1 13 0 0)  opth=1
o 1940843412   283.6  ham=53 (4 0 0 3 46 0 0)  opth=3
o 1940843404   283.6  ham=17 (2 0 0 1 14 0 0)  opth=1
o 1940843402   283.7  ham=42 (4 0 0 1 37 0 0)  opth=1
o 1940843401   283.7  ham=50 (6 0 0 1 43 0 0)  opth=1
    run84  dpts:5571..5743  robin:Wdeg-Rand  effs:7,952,401  asgs:(6822,noefs=1143,fails=50)  fails:2,909  wrgs:9,819  wck:256.3  ngds:459  sols:626  bound:1,940,843,401
o 1940801651   285.6  ham=6 (0 1 1 4 0 0 0)  opth=5
o 1940759894   285.6  ham=3 (0 1 1 1 0 0 0)  opth=2
o 1940676399   285.6  ham=8 (0 1 2 5 0 0 0)  opth=7
o 1940592896   285.6  ham=16 (0 3 4 9 0 0 0)  opth=13
o 1940592889   285.6  ham=22 (0 5 2 15 0 0 0)  opth=17
o 1940592878   285.7  ham=4 (0 1 0 3 0 0 0)  opth=3
o 1940592872   285.7  ham=5 (0 1 0 4 0 0 0)  opth=4
    run85  dpts:1492..1533  robin:PickOnDom-First  effs:7,989,838  asgs:(1864,noefs=335,fails=50)  fails:2,959  wrgs:10,021  wck:257.8  ngds:462  sols:633  bound:1,940,592,872
o 1940592871   289.8  ham=32 (2 0 0 1 29 0 0)  opth=1
o 1940592870   289.8  ham=55 (6 0 0 3 46 0 0)  opth=3
o 1940592869   289.8  ham=37 (4 0 0 1 32 0 0)  opth=1
o 1940592868   289.8  ham=33 (4 0 0 2 27 0 0)  opth=2
o 1940592867   289.9  ham=16 (2 0 0 1 13 0 0)  opth=1
o 1940592866   289.9  ham=18 (2 0 0 1 15 0 0)  opth=1
    run86  dpts:7034..7196  robin:WdegOnDom-Last  effs:8,122,767  asgs:(8043,noefs=988,fails=50)  fails:3,009  wrgs:10,104  wck:262.6  ngds:466  sols:639  bound:1,940,592,866
    run87  dpts:3406..3411  robin:FrbaOnDom-Rand  effs:8,178,356  asgs:(3461,noefs=332,fails=50)  fails:3,059  wrgs:10,159  wck:265.2  ngds:473  sols:639  bound:1,940,592,866
o 1940592865   295.8  ham=27 (2 0 0 1 24 0 0)  opth=1
o 1940592864   295.8  ham=23 (2 0 0 1 20 0 0)  opth=1
o 1940551114   295.8  ham=29 (2 0 1 0 26 0 0)  opth=1
o 1940551113   295.8  ham=32 (4 0 0 1 27 0 0)  opth=1
o 1940551106   295.8  ham=2 (0 1 0 1 0 0 0)  opth=1
o 1940551103   295.9  ham=14 (2 0 0 1 11 0 0)  opth=1
o 1940551101   295.9  ham=30 (2 0 0 1 27 0 0)  opth=1
o 1940509351   295.9  ham=26 (2 0 1 0 23 0 0)  opth=1
o 1940509348   296.0  ham=27 (2 0 0 1 24 0 0)  opth=1
o 1940509341   296.0  ham=2 (0 1 0 1 0 0 0)  opth=1
    run88  dpts:5046..5246  robin:Wdeg-First  effs:8,339,173  asgs:(6470,noefs=1128,fails=52)  fails:3,111  wrgs:10,431  wck:268.6  ngds:475  sols:649  bound:1,940,509,341
o 1940384074   298.0  ham=12 (0 2 3 7 0 0 0)  opth=10
o 1940384071   298.0  ham=4 (0 1 0 3 0 0 0)  opth=3
o 1940342327   298.0  ham=6 (0 1 1 4 0 0 0)  opth=5
o 1940342324   298.0  ham=3 (0 1 0 2 0 0 0)  opth=2
o 1940342313   298.0  ham=4 (0 1 0 3 0 0 0)  opth=3
o 1940258801   298.0  ham=6 (0 1 2 3 0 0 0)  opth=5
o 1940258795   298.0  ham=3 (0 1 0 2 0 0 0)  opth=2
o 1940217044   298.1  ham=3 (0 1 1 1 0 0 0)  opth=2
o 1940175296   298.1  ham=6 (0 1 1 4 0 0 0)  opth=5
o 1940133547   298.1  ham=6 (0 1 1 4 0 0 0)  opth=5
o 1940133542   298.1  ham=5 (0 2 0 3 0 0 0)  opth=3
    run89  dpts:1500..1556  robin:PickOnDom-Last  effs:8,377,928  asgs:(2065,noefs=448,fails=49)  fails:3,160  wrgs:10,694  wck:270.2  ngds:476  sols:660  bound:1,940,133,542
o 1940133541   302.2  ham=23 (2 0 0 1 20 0 0)  opth=1
o 1940133540   302.2  ham=97 (10 0 0 1 86 0 0)  opth=1
o 1940133539   302.3  ham=24 (2 0 0 2 20 0 0)  opth=2
o 1940133538   302.3  ham=29 (2 0 0 1 26 0 0)  opth=1
o 1940133534   302.3  ham=121 (10 0 0 2 109 0 0)  opth=2
    run90  dpts:6971..7136  robin:WdegOnDom-Rand  effs:8,493,056  asgs:(7802,noefs=933,fails=50)  fails:3,210  wrgs:10,785  wck:275.0  ngds:478  sols:665  bound:1,940,133,534
 ...resetting restart cutoff to 55
o 1940091801   305.4  ham=33 (2 0 1 3 27 0 0)  opth=4
o 1940091783   305.4  ham=32 (2 0 0 3 27 0 0)  opth=3
o 1940091775   305.5  ham=27 (2 0 0 2 23 0 0)  opth=2
    run91  dpts:3489..3617  robin:FrbaOnDom-First  effs:8,569,074  asgs:(3840,noefs=469,fails=55)  fails:3,265  wrgs:10,984  wck:277.9  ngds:494  sols:668  bound:1,940,091,775
o 1940091774   308.4  ham=25 (2 0 0 1 22 0 0)  opth=1
o 1940091773   308.4  ham=21 (2 0 0 1 18 0 0)  opth=1
o 1940091772   308.4  ham=23 (2 0 0 1 20 0 0)  opth=1
o 1940091770   308.4  ham=23 (2 0 0 1 20 0 0)  opth=1
o 1940091769   308.5  ham=27 (2 0 0 1 24 0 0)  opth=1
o 1940050017   308.5  ham=18 (2 0 1 1 14 0 0)  opth=2
o 1940050016   308.5  ham=24 (2 0 0 1 21 0 0)  opth=1
o 1940050015   308.5  ham=34 (2 0 0 1 31 0 0)  opth=1
o 1940050013   308.6  ham=25 (2 0 0 1 22 0 0)  opth=1
o 1940050011   308.6  ham=22 (2 0 0 2 18 0 0)  opth=2
o 1940050010   308.7  ham=19 (2 0 0 2 15 0 0)  opth=2
    run92  dpts:4794..4990  robin:Wdeg-Last  effs:8,676,117  asgs:(6258,noefs=1086,fails=0)  fails:3,265  wrgs:11,216  wck:281.1  ngds:495  sols:679  bound:1,940,050,010
o 1940008252   310.5  ham=4 (0 1 1 2 0 0 0)  opth=3
o 1939966515   310.5  ham=8 (0 2 1 5 0 0 0)  opth=6
o 1939924777   310.5  ham=15 (0 2 5 8 0 0 0)  opth=13
o 1939883033   310.5  ham=5 (0 1 1 3 0 0 0)  opth=4
o 1939841282   310.6  ham=8 (0 2 1 5 0 0 0)  opth=6
o 1939799530   310.6  ham=5 (0 2 1 2 0 0 0)  opth=3
o 1939757770   310.6  ham=3 (0 1 1 1 0 0 0)  opth=2
o 1939757763   310.6  ham=5 (0 1 0 4 0 0 0)  opth=4
o 1939757758   310.6  ham=2 (0 1 0 1 0 0 0)  opth=1
o 1939757749   310.6  ham=5 (0 2 0 3 0 0 0)  opth=3
o 1939674237   310.7  ham=16 (1 0 2 2 11 0 0)  opth=4
    run93  dpts:1528..1590  robin:PickOnDom-Rand  effs:8,715,245  asgs:(2089,noefs=497,fails=47)  fails:3,312  wrgs:11,413  wck:282.7  ngds:496  sols:690  bound:1,939,674,237
o 1939674236   314.7  ham=38 (4 0 0 1 33 0 0)  opth=1
o 1939674234   314.7  ham=19 (2 0 0 2 15 0 0)  opth=2
o 1939674231   314.8  ham=14 (2 0 0 1 11 0 0)  opth=1
    run94  dpts:6701..6879  robin:WdegOnDom-First  effs:8,842,057  asgs:(7298,noefs=811,fails=55)  fails:3,367  wrgs:11,534  wck:287.5  ngds:499  sols:693  bound:1,939,674,231
o 1939674224   317.9  ham=2 (0 1 0 1 0 0 0)  opth=1
o 1939674219   317.9  ham=17 (2 1 0 3 11 0 0)  opth=3
o 1939674217   318.0  ham=53 (6 1 0 8 38 0 0)  opth=8
o 1939674216   318.0  ham=20 (2 0 0 1 17 0 0)  opth=1
    run95  dpts:3361..3439  robin:FrbaOnDom-Last  effs:8,909,292  asgs:(3683,noefs=490,fails=55)  fails:3,422  wrgs:11,665  wck:290.3  ngds:505  sols:697  bound:1,939,674,216
o 1939674215   321.0  ham=35 (4 1 0 1 29 0 0)  opth=1
o 1939632464   321.0  ham=22 (2 0 1 1 18 0 0)  opth=2
o 1939632462   321.1  ham=27 (2 0 0 1 24 0 0)  opth=1
o 1939632455   321.1  ham=27 (2 2 0 2 21 0 0)  opth=2
o 1939632454   321.2  ham=21 (2 0 0 1 18 0 0)  opth=1
o 1939632453   321.2  ham=27 (2 0 0 1 24 0 0)  opth=1
o 1939632451   321.3  ham=18 (2 0 0 1 15 0 0)  opth=1
o 1939632450   321.3  ham=34 (4 0 0 1 29 0 0)  opth=1
o 1939632449   321.4  ham=20 (2 0 0 1 17 0 0)  opth=1
o 1939632448   321.4  ham=24 (2 0 0 1 21 0 0)  opth=1
o 1939590699   321.4  ham=70 (6 1 1 1 61 0 0)  opth=2
    run96  dpts:4941..5125  robin:Wdeg-Rand  effs:9,064,097  asgs:(6466,noefs=1068,fails=47)  fails:3,469  wrgs:11,965  wck:293.9  ngds:508  sols:708  bound:1,939,590,699
o 1939590696   323.4  ham=5 (0 2 0 3 0 0 0)  opth=3
o 1939590681   323.4  ham=20 (1 0 0 6 13 0 0)  opth=6
o 1939590680   323.4  ham=12 (1 0 0 4 7 0 0)  opth=4
o 1939507153   323.4  ham=17 (1 0 2 5 9 0 0)  opth=7
o 1939465398   323.5  ham=38 (2 0 3 6 27 0 0)  opth=9
o 1939423656   323.5  ham=19 (1 0 1 4 13 0 0)  opth=5
o 1939423647   323.5  ham=17 (1 0 0 4 12 0 0)  opth=4
o 1939423627   323.5  ham=29 (2 0 2 7 18 0 0)  opth=9
    run97  dpts:1570..1622  robin:PickOnDom-First  effs:9,113,011  asgs:(1988,noefs=441,fails=55)  fails:3,524  wrgs:12,122  wck:295.6  ngds:516  sols:716  bound:1,939,423,627
o 1939423626   327.6  ham=29 (2 0 0 1 26 0 0)  opth=1
o 1939423625   327.7  ham=165 (16 0 0 1 148 0 0)  opth=1
o 1939423617   327.7  ham=27 (2 0 0 1 24 0 0)  opth=1
o 1939423611   327.7  ham=73 (6 0 0 2 65 0 0)  opth=2
o 1939423610   327.8  ham=49 (4 0 0 1 44 0 0)  opth=1
o 1939423609   327.8  ham=30 (2 0 0 1 27 0 0)  opth=1
o 1939423608   327.9  ham=19 (2 0 0 2 15 0 0)  opth=2
o 1939423606   327.9  ham=18 (2 0 0 1 15 0 0)  opth=1
    run98  dpts:6384..6586  robin:WdegOnDom-Last  effs:9,273,042  asgs:(7860,noefs=968,fails=55)  fails:3,579  wrgs:12,314  wck:300.6  ngds:519  sols:724  bound:1,939,423,606
o 1939423602   331.0  ham=24 (2 0 0 1 21 0 0)  opth=1
o 1939423593   331.0  ham=15 (2 0 0 3 10 0 0)  opth=3
o 1939423589   331.0  ham=13 (2 0 0 1 10 0 0)  opth=1
o 1939381831   331.1  ham=28 (2 0 1 2 23 0 0)  opth=3
o 1939381824   331.1  ham=32 (2 0 2 5 23 0 0)  opth=7
    run99  dpts:3320..3410  robin:FrbaOnDom-Rand  effs:9,348,358  asgs:(3721,noefs=495,fails=55)  fails:3,634  wrgs:12,504  wck:303.4  ngds:530  sols:729  bound:1,939,381,824
o 1939381822   334.0  ham=6 (1 0 0 1 4 0 0)  opth=1
o 1939381820   334.0  ham=27 (2 0 0 1 24 0 0)  opth=1
o 1939381819   334.1  ham=26 (2 0 0 1 23 0 0)  opth=1
o 1939381809   334.1  ham=84 (6 0 0 1 77 0 0)  opth=1
o 1939340059   334.1  ham=28 (2 0 1 0 25 0 0)  opth=1
o 1939298309   334.2  ham=26 (2 0 1 0 23 0 0)  opth=1
o 1939298308   334.2  ham=21 (2 0 0 1 18 0 0)  opth=1
o 1939298299   334.2  ham=28 (2 0 0 1 25 0 0)  opth=1
o 1939298298   334.3  ham=20 (2 0 0 1 17 0 0)  opth=1
o 1939298297   334.3  ham=21 (2 1 0 1 17 0 0)  opth=1
o 1939298293   334.4  ham=30 (3 1 0 2 24 0 0)  opth=2
    run100  dpts:4739..4927  robin:Wdeg-First  effs:9,449,294  asgs:(6212,noefs=1098,fails=1)  fails:3,635  wrgs:12,776  wck:306.8  ngds:531  sols:740  bound:1,939,298,293
o 1939256538   336.3  ham=32 (2 0 1 4 25 0 0)  opth=5
o 1939256537   336.3  ham=29 (2 1 0 1 25 0 0)  opth=1
o 1939256536   336.3  ham=30 (2 0 0 3 25 0 0)  opth=3
o 1939256534   336.3  ham=3 (0 1 0 2 0 0 0)  opth=2
o 1939214783   336.3  ham=9 (1 0 1 1 6 0 0)  opth=2
o 1939173041   336.4  ham=38 (2 1 1 8 26 0 0)  opth=9
    run101  dpts:1602..1645  robin:PickOnDom-Last  effs:9,490,463  asgs:(1898,noefs=379,fails=55)  fails:3,690  wrgs:12,877  wck:308.5  ngds:533  sols:746  bound:1,939,173,041
o 1939173038   340.5  ham=27 (2 0 0 1 24 0 0)  opth=1
o 1939173035   340.6  ham=44 (4 0 0 1 39 0 0)  opth=1
o 1939173034   340.6  ham=43 (4 0 0 1 38 0 0)  opth=1
o 1939173033   340.6  ham=57 (4 0 0 1 52 0 0)  opth=1
o 1939173032   340.7  ham=33 (2 2 0 1 28 0 0)  opth=1
o 1939173028   340.7  ham=58 (4 0 0 1 53 0 0)  opth=1
o 1939173021   340.8  ham=58 (4 2 0 1 51 0 0)  opth=1
o 1939173020   340.8  ham=24 (2 0 0 1 21 0 0)  opth=1
o 1939173019   340.8  ham=24 (2 0 0 1 21 0 0)  opth=1
o 1939173012   340.9  ham=27 (2 0 0 1 24 0 0)  opth=1
o 1939173011   341.0  ham=27 (2 0 0 1 24 0 0)  opth=1
    run102  dpts:6780..6986  robin:WdegOnDom-Rand  effs:9,657,825  asgs:(8735,noefs=1146,fails=25)  fails:3,715  wrgs:13,100  wck:313.6  ngds:534  sols:757  bound:1,939,173,011
o 1939172990   344.0  ham=16 (1 0 0 5 10 0 0)  opth=5
o 1939172986   344.0  ham=23 (2 0 0 1 20 0 0)  opth=1
o 1939172985   344.1  ham=23 (2 0 0 1 20 0 0)  opth=1
o 1939172984   344.1  ham=23 (2 0 0 1 20 0 0)  opth=1
o 1939172981   344.1  ham=23 (2 0 0 1 20 0 0)  opth=1
o 1939172980   344.1  ham=23 (2 0 0 1 20 0 0)  opth=1
o 1939172979   344.1  ham=23 (2 0 0 1 20 0 0)  opth=1
o 1939172978   344.1  ham=33 (2 0 0 7 24 0 0)  opth=7
    run103  dpts:3290..3366  robin:FrbaOnDom-First  effs:9,727,516  asgs:(3753,noefs=600,fails=55)  fails:3,770  wrgs:13,240  wck:316.4  ngds:537  sols:765  bound:1,939,172,978
o 1939172968   347.0  ham=30 (2 0 0 1 27 0 0)  opth=1
o 1939172966   347.0  ham=21 (2 0 0 1 18 0 0)  opth=1
o 1939172959   347.0  ham=47 (4 0 0 1 42 0 0)  opth=1
o 1939172958   347.0  ham=68 (6 0 0 1 61 0 0)  opth=1
o 1939131208   347.1  ham=27 (2 0 1 0 24 0 0)  opth=1
o 1939131206   347.1  ham=17 (2 0 0 1 14 0 0)  opth=1
o 1939131202   347.2  ham=30 (2 0 0 1 27 0 0)  opth=1
o 1939131200   347.2  ham=60 (4 1 0 3 52 0 0)  opth=3
o 1939131199   347.2  ham=30 (2 0 0 1 27 0 0)  opth=1
o 1939131197   347.3  ham=30 (2 0 0 1 27 0 0)  opth=1
o 1939131195   347.3  ham=43 (4 0 0 1 38 0 0)  opth=1
    run104  dpts:4679..4841  robin:Wdeg-Last  effs:9,839,327  asgs:(6070,noefs=1062,fails=32)  fails:3,802  wrgs:13,484  wck:319.8  ngds:538  sols:776  bound:1,939,131,195
o 1939089448   349.3  ham=3 (0 1 1 1 0 0 0)  opth=2
o 1939047686   349.3  ham=5 (0 1 1 3 0 0 0)  opth=4
o 1939005939   349.3  ham=4 (0 1 1 2 0 0 0)  opth=3
o 1939005933   349.3  ham=30 (2 0 0 1 27 0 0)  opth=1
o 1938922435   349.3  ham=34 (2 0 2 3 27 0 0)  opth=5
o 1938922398   349.3  ham=43 (2 1 4 9 27 0 0)  opth=13
o 1938880660   349.3  ham=41 (2 1 3 8 27 0 0)  opth=11
o 1938880644   349.3  ham=44 (2 1 4 11 26 0 0)  opth=15
    run105  dpts:1630..1670  robin:PickOnDom-Rand  effs:9,880,927  asgs:(1919,noefs=375,fails=55)  fails:3,857  wrgs:13,580  wck:321.4  ngds:570  sols:784  bound:1,938,880,644
o 1938880643   353.5  ham=20 (2 0 0 1 17 0 0)  opth=1
o 1938880642   353.6  ham=20 (2 0 0 1 17 0 0)  opth=1
o 1938880634   353.6  ham=54 (6 0 0 1 47 0 0)  opth=1
o 1938880632   353.7  ham=64 (6 0 0 1 57 0 0)  opth=1
o 1938880631   353.7  ham=130 (12 0 0 1 117 0 0)  opth=1
o 1938880630   353.7  ham=25 (2 0 0 1 22 0 0)  opth=1
o 1938880626   353.8  ham=63 (6 0 0 2 55 0 0)  opth=2
o 1938880625   353.8  ham=21 (2 0 0 1 18 0 0)  opth=1
o 1938880624   353.9  ham=37 (4 1 0 1 31 0 0)  opth=1
o 1938880623   353.9  ham=17 (2 0 0 1 14 0 0)  opth=1
o 1938880622   354.0  ham=58 (6 0 0 1 51 0 0)  opth=1
    run106  dpts:6827..7042  robin:WdegOnDom-First  effs:10,032,176  asgs:(8775,noefs=1162,fails=0)  fails:3,857  wrgs:13,672  wck:326.6  ngds:571  sols:795  bound:1,938,880,622
o 1938880621   357.0  ham=21 (2 0 0 1 18 0 0)  opth=1
    run107  dpts:3287..3336  robin:FrbaOnDom-Last  effs:10,099,436  asgs:(3418,noefs=383,fails=55)  fails:3,912  wrgs:13,756  wck:329.3  ngds:577  sols:796  bound:1,938,880,621
o 1938880620   359.9  ham=26 (2 0 0 1 23 0 0)  opth=1
o 1938880612   359.9  ham=19 (2 0 0 1 16 0 0)  opth=1
o 1938880611   359.9  ham=23 (2 0 0 1 20 0 0)  opth=1
o 1938880610   359.9  ham=21 (2 0 0 1 18 0 0)  opth=1
o 1938880609   360.0  ham=82 (8 0 0 1 73 0 0)  opth=1
o 1938880608   360.0  ham=24 (2 0 0 1 21 0 0)  opth=1
o 1938880606   360.0  ham=2 (0 1 0 1 0 0 0)  opth=1
o 1938880605   360.0  ham=44 (4 0 0 1 39 0 0)  opth=1
o 1938880604   360.1  ham=24 (2 0 0 1 21 0 0)  opth=1
o 1938880599   360.1  ham=33 (2 0 0 1 30 0 0)  opth=1
o 1938880595   360.2  ham=20 (2 0 0 1 17 0 0)  opth=1
    run108  dpts:4932..5102  robin:Wdeg-Rand  effs:10,205,420  asgs:(6191,noefs=1094,fails=0)  fails:3,912  wrgs:13,905  wck:332.6  ngds:578  sols:807  bound:1,938,880,595
o 1938880594   362.2  ham=30 (2 0 0 1 27 0 0)  opth=1
o 1938880589   362.2  ham=21 (1 0 2 4 14 0 0)  opth=6
o 1938838839   362.2  ham=30 (2 0 1 0 27 0 0)  opth=1
o 1938838830   362.2  ham=30 (2 0 0 1 27 0 0)  opth=1
o 1938797062   362.2  ham=28 (2 0 1 8 17 0 0)  opth=9
    run109  dpts:1651..1683  robin:PickOnDom-First  effs:10,246,473  asgs:(1865,noefs=334,fails=55)  fails:3,967  wrgs:13,976  wck:334.3  ngds:587  sols:812  bound:1,938,797,062
o 1938797061   366.5  ham=30 (2 3 0 1 24 0 0)  opth=1
o 1938797060   366.6  ham=26 (2 1 0 1 22 0 0)  opth=1
o 1938797059   366.6  ham=48 (6 0 0 1 41 0 0)  opth=1
o 1938755313   366.6  ham=25 (2 0 1 1 21 0 0)  opth=2
o 1938755312   366.7  ham=24 (2 0 0 1 21 0 0)  opth=1
o 1938755311   366.7  ham=24 (2 0 0 1 21 0 0)  opth=1
o 1938713561   366.8  ham=19 (2 0 1 0 16 0 0)  opth=1
    run110  dpts:6958..7147  robin:WdegOnDom-Last  effs:10,373,758  asgs:(8214,noefs=1040,fails=55)  fails:4,022  wrgs:14,114  wck:339.5  ngds:590  sols:819  bound:1,938,713,561
o 1938671821   369.7  ham=24 (2 0 1 4 17 0 0)  opth=5
o 1938671811   369.7  ham=6 (1 0 0 2 3 0 0)  opth=2
o 1938671810   369.8  ham=22 (2 0 0 3 17 0 0)  opth=3
    run111  dpts:3142..3233  robin:FrbaOnDom-Rand  effs:10,443,990  asgs:(3412,noefs=447,fails=55)  fails:4,077  wrgs:14,243  wck:342.1  ngds:601  sols:822  bound:1,938,671,810
o 1938671807   372.7  ham=28 (2 0 0 1 25 0 0)  opth=1
o 1938671806   372.8  ham=30 (2 0 0 1 27 0 0)  opth=1
o 1938671797   372.8  ham=27 (2 0 0 1 24 0 0)  opth=1
o 1938671796   373.0  ham=55 (4 0 0 3 48 0 0)  opth=3
o 1938671795   373.0  ham=38 (4 0 0 1 33 0 0)  opth=1
    run112  dpts:5059..5280  robin:Wdeg-First  effs:10,559,087  asgs:(5838,noefs=976,fails=55)  fails:4,132  wrgs:14,547  wck:345.5  ngds:604  sols:827  bound:1,938,671,795
o 1938630056   375.0  ham=9 (0 1 1 7 0 0 0)  opth=8
o 1938630037   375.0  ham=5 (0 1 0 4 0 0 0)  opth=4
o 1938630027   375.0  ham=27 (2 0 0 2 23 0 0)  opth=2
o 1938630026   375.0  ham=26 (2 0 0 1 23 0 0)  opth=1
o 1938588277   375.0  ham=9 (1 0 1 2 5 0 0)  opth=3
o 1938546527   375.0  ham=2 (0 1 1 0 0 0 0)  opth=1
o 1938546521   375.1  ham=21 (1 0 2 4 14 0 0)  opth=6
o 1938504767   375.1  ham=17 (2 0 1 1 13 0 0)  opth=2
o 1938504763   375.1  ham=16 (2 0 0 1 13 0 0)  opth=1
o 1938463004   375.1  ham=18 (2 0 1 2 13 0 0)  opth=3
o 1938463001   375.1  ham=16 (2 0 0 1 13 0 0)  opth=1
    run113  dpts:1662..1699  robin:PickOnDom-Last  effs:10,598,073  asgs:(1994,noefs=450,fails=8)  fails:4,140  wrgs:14,592  wck:347.2  ngds:609  sols:838  bound:1,938,463,001
o 1938421251   379.3  ham=23 (2 0 1 0 20 0 0)  opth=1
o 1938379501   379.4  ham=27 (2 0 1 0 24 0 0)  opth=1
o 1938337751   379.4  ham=20 (2 0 1 0 17 0 0)  opth=1
o 1938337750   379.5  ham=72 (6 1 0 1 64 0 0)  opth=1
o 1938337749   379.5  ham=22 (2 0 0 1 19 0 0)  opth=1
o 1938337748   379.6  ham=124 (10 0 0 1 113 0 0)  opth=1
o 1938337746   379.6  ham=19 (2 0 0 2 15 0 0)  opth=2
o 1938337745   379.7  ham=86 (8 0 0 3 75 0 0)  opth=3
o 1938337744   379.8  ham=26 (2 1 0 1 22 0 0)  opth=1
o 1938337743   379.8  ham=25 (2 0 0 1 22 0 0)  opth=1
    run114  dpts:7063..7287  robin:WdegOnDom-Rand  effs:10,824,233  asgs:(9043,noefs=1148,fails=55)  fails:4,195  wrgs:14,826  wck:352.6  ngds:615  sols:848  bound:1,938,337,743
o 1938337739   382.9  ham=25 (2 0 0 2 21 0 0)  opth=2
    run115  dpts:3284..3358  robin:FrbaOnDom-First  effs:10,883,412  asgs:(3416,noefs=385,fails=55)  fails:4,250  wrgs:14,914  wck:355.2  ngds:621  sols:849  bound:1,938,337,739
o 1938337738   385.6  ham=17 (2 0 0 1 14 0 0)  opth=1
o 1938337737   385.7  ham=16 (2 0 0 1 13 0 0)  opth=1
o 1938337731   385.7  ham=29 (2 0 0 1 26 0 0)  opth=1
o 1938337730   385.7  ham=87 (8 0 0 2 77 0 0)  opth=2
o 1938337726   385.7  ham=26 (2 0 0 1 23 0 0)  opth=1
o 1938337724   385.8  ham=27 (2 0 0 2 23 0 0)  opth=2
o 1938337721   385.8  ham=29 (2 0 0 1 26 0 0)  opth=1
o 1938337720   385.9  ham=42 (4 0 0 2 36 0 0)  opth=2
o 1938337719   386.0  ham=50 (4 0 0 4 42 0 0)  opth=4
o 1938337718   386.1  ham=47 (4 0 0 1 42 0 0)  opth=1
o 1938337717   386.1  ham=47 (4 0 0 1 42 0 0)  opth=1
    run116  dpts:4670..4874  robin:Wdeg-Last  effs:11,076,519  asgs:(5959,noefs=1079,fails=25)  fails:4,275  wrgs:15,115  wck:358.5  ngds:630  sols:860  bound:1,938,337,717
o 1938337695   388.1  ham=17 (1 0 0 4 12 0 0)  opth=4
o 1938295943   388.1  ham=20 (1 0 1 5 13 0 0)  opth=6
o 1938295939   388.1  ham=19 (2 0 0 4 13 0 0)  opth=4
o 1938295937   388.1  ham=25 (2 0 0 1 22 0 0)  opth=1
o 1938254179   388.1  ham=11 (1 0 1 2 7 0 0)  opth=3
    run117  dpts:1669..1706  robin:PickOnDom-Rand  effs:11,118,407  asgs:(1904,noefs=333,fails=55)  fails:4,330  wrgs:15,204  wck:360.2  ngds:632  sols:865  bound:1,938,254,179
o 1938254168   392.5  ham=56 (6 3 0 2 45 0 0)  opth=2
o 1938254167   392.5  ham=57 (4 0 0 3 50 0 0)  opth=3
    run118  dpts:7173..7369  robin:WdegOnDom-First  effs:11,249,911  asgs:(7650,noefs=918,fails=55)  fails:4,385  wrgs:15,347  wck:365.3  ngds:634  sols:867  bound:1,938,254,167
o 1938254158   395.4  ham=54 (4 0 0 1 49 0 0)  opth=1
o 1938254117   395.5  ham=35 (2 0 0 6 27 0 0)  opth=6
o 1938254106   395.6  ham=25 (2 0 2 5 16 0 0)  opth=7
o 1938254090   395.6  ham=22 (2 0 0 4 16 0 0)  opth=4
    run119  dpts:3007..3110  robin:FrbaOnDom-Last  effs:11,340,046  asgs:(3456,noefs=464,fails=55)  fails:4,440  wrgs:15,618  wck:367.9  ngds:646  sols:871  bound:1,938,254,090
o 1938254089   398.4  ham=42 (4 0 0 1 37 0 0)  opth=1
o 1938254088   398.4  ham=16 (2 0 0 1 13 0 0)  opth=1
o 1938254087   398.4  ham=29 (2 0 0 1 26 0 0)  opth=1
o 1938254086   398.5  ham=22 (2 0 0 1 19 0 0)  opth=1
o 1938254080   398.5  ham=26 (2 0 0 3 21 0 0)  opth=3
o 1938254079   398.6  ham=24 (2 0 0 1 21 0 0)  opth=1
o 1938254074   398.6  ham=57 (4 0 0 3 50 0 0)  opth=3
o 1938254070   398.7  ham=24 (2 1 0 1 20 0 0)  opth=1
o 1938254069   398.8  ham=55 (4 0 0 2 49 0 0)  opth=2
o 1938254068   398.8  ham=23 (2 0 0 1 20 0 0)  opth=1
    run120  dpts:4799..5029  robin:Wdeg-Rand  effs:11,508,828  asgs:(6254,noefs=1115,fails=55)  fails:4,495  wrgs:16,069  wck:371.4  ngds:649  sols:881  bound:1,938,254,068
o 1938212335   400.9  ham=21 (2 0 1 4 14 0 0)  opth=5
o 1938212329   400.9  ham=18 (2 0 0 2 14 0 0)  opth=2
o 1938212316   400.9  ham=15 (1 0 0 2 12 0 0)  opth=2
o 1938170562   400.9  ham=17 (1 0 1 4 11 0 0)  opth=5
o 1938003537   400.9  ham=10 (0 2 4 4 0 0 0)  opth=8
o 1937961775   401.0  ham=16 (2 0 1 3 10 0 0)  opth=4
o 1937920027   401.0  ham=25 (2 0 1 4 18 0 0)  opth=5
o 1937920017   401.0  ham=24 (2 0 0 5 17 0 0)  opth=5
    run121  dpts:1672..1712  robin:PickOnDom-First  effs:11,551,012  asgs:(2015,noefs=412,fails=55)  fails:4,550  wrgs:16,195  wck:373.1  ngds:657  sols:889  bound:1,937,920,017
o 1937920016   405.4  ham=30 (2 0 0 1 27 0 0)  opth=1
o 1937920015   405.4  ham=3 (0 2 0 1 0 0 0)  opth=1
o 1937920014   405.5  ham=39 (4 1 0 2 32 0 0)  opth=2
    run122  dpts:7277..7457  robin:WdegOnDom-Last  effs:11,655,434  asgs:(7894,noefs=990,fails=55)  fails:4,605  wrgs:16,295  wck:378.2  ngds:659  sols:892  bound:1,937,920,014
o 1937878268   408.4  ham=27 (2 0 1 3 21 0 0)  opth=4
    run123  dpts:2924..3051  robin:FrbaOnDom-Rand  effs:11,742,444  asgs:(3116,noefs=343,fails=55)  fails:4,660  wrgs:16,432  wck:380.7  ngds:666  sols:893  bound:1,937,878,268
o 1937878264   410.9  ham=22 (2 0 0 1 19 0 0)  opth=1
o 1937878263   410.9  ham=25 (2 0 0 1 22 0 0)  opth=1
o 1937878254   410.9  ham=18 (2 0 0 1 15 0 0)  opth=1
o 1937878253   411.0  ham=21 (2 0 0 1 18 0 0)  opth=1
o 1937878244   411.0  ham=23 (2 0 0 1 20 0 0)  opth=1
o 1937878243   411.0  ham=24 (2 0 0 1 21 0 0)  opth=1
o 1937878242   411.0  ham=25 (2 0 0 1 22 0 0)  opth=1
o 1937878241   411.1  ham=45 (4 0 0 1 40 0 0)  opth=1
o 1937878240   411.1  ham=22 (2 4 0 1 15 0 0)  opth=1
o 1937878239   411.1  ham=27 (2 0 0 1 24 0 0)  opth=1
    run124  dpts:4100..4251  robin:Wdeg-First  effs:11,861,616  asgs:(5258,noefs=957,fails=55)  fails:4,715  wrgs:16,595  wck:383.6  ngds:670  sols:903  bound:1,937,878,239
o 1937836482   413.1  ham=3 (0 1 1 1 0 0 0)  opth=2
o 1937752949   413.1  ham=23 (1 0 2 8 12 0 0)  opth=10
o 1937752943   413.1  ham=72 (4 5 0 17 46 0 0)  opth=17
o 1937752940   413.1  ham=17 (1 0 0 3 13 0 0)  opth=3
o 1937669422   413.2  ham=15 (1 0 2 5 7 0 0)  opth=7
o 1937627685   413.2  ham=15 (1 0 1 5 8 0 0)  opth=6
o 1937585922   413.2  ham=8 (0 2 1 5 0 0 0)  opth=6
o 1937585913   413.2  ham=26 (2 0 0 2 22 0 0)  opth=2
    run125  dpts:1694..1739  robin:PickOnDom-Last  effs:11,910,969  asgs:(2068,noefs=395,fails=55)  fails:4,770  wrgs:16,759  wck:385.3  ngds:672  sols:911  bound:1,937,585,913
o 1937585912   417.5  ham=133 (13 0 0 1 119 0 0)  opth=1
    run126  dpts:7250..7440  robin:WdegOnDom-Rand  effs:12,018,382  asgs:(7529,noefs=918,fails=55)  fails:4,825  wrgs:16,861  wck:390.3  ngds:674  sols:912  bound:1,937,585,912
o 1937585911   420.4  ham=25 (2 0 0 4 19 0 0)  opth=4
o 1937585910   420.4  ham=20 (2 0 0 2 16 0 0)  opth=2
    run127  dpts:3005..3068  robin:FrbaOnDom-First  effs:12,083,775  asgs:(3198,noefs=379,fails=55)  fails:4,880  wrgs:16,960  wck:392.7  ngds:678  sols:914  bound:1,937,585,910
o 1937585909   422.9  ham=22 (2 0 0 1 19 0 0)  opth=1
    run128  dpts:4226..4345  robin:Wdeg-Last  effs:12,169,098  asgs:(4419,noefs=719,fails=55)  fails:4,935  wrgs:17,046  wck:395.4  ngds:680  sols:915  bound:1,937,585,909
o 1937544160   425.0  ham=28 (2 0 1 4 21 0 0)  opth=5
o 1937544153   425.0  ham=17 (1 0 0 3 13 0 0)  opth=3
o 1937460638   425.0  ham=12 (1 0 2 2 7 0 0)  opth=4
o 1937418883   425.0  ham=34 (2 0 1 5 26 0 0)  opth=6
o 1937377130   425.0  ham=31 (2 0 1 2 26 0 0)  opth=3
o 1937377126   425.0  ham=24 (2 0 0 1 21 0 0)  opth=1
o 1937251853   425.1  ham=23 (1 0 3 5 14 0 0)  opth=8
    run129  dpts:1721..1756  robin:PickOnDom-Rand  effs:12,213,382  asgs:(1992,noefs=365,fails=55)  fails:4,990  wrgs:17,148  wck:397.2  ngds:686  sols:922  bound:1,937,251,853
o 1937251839   429.4  ham=46 (4 0 0 3 39 0 0)  opth=3
o 1937251838   429.5  ham=20 (2 0 0 1 17 0 0)  opth=1
    run130  dpts:7259..7453  robin:WdegOnDom-First  effs:12,329,240  asgs:(7716,noefs=935,fails=55)  fails:5,045  wrgs:17,248  wck:402.2  ngds:687  sols:924  bound:1,937,251,838
o 1937251835   432.4  ham=23 (2 0 0 1 20 0 0)  opth=1
o 1937251834   432.4  ham=2 (0 1 0 1 0 0 0)  opth=1
o 1937251829   432.4  ham=32 (2 1 2 7 20 0 0)  opth=9
o 1937251828   432.5  ham=2 (0 1 0 1 0 0 0)  opth=1
o 1937251825   432.5  ham=23 (2 0 0 1 20 0 0)  opth=1
o 1937251823   432.5  ham=25 (2 0 0 3 20 0 0)  opth=3
    run131  dpts:2993..3072  robin:FrbaOnDom-Last  effs:12,418,255  asgs:(3441,noefs=529,fails=55)  fails:5,100  wrgs:17,429  wck:404.8  ngds:699  sols:930  bound:1,937,251,823
o 1937251822   435.1  ham=27 (2 0 0 1 24 0 0)  opth=1
o 1937251821   435.2  ham=9 (1 0 0 1 7 0 0)  opth=1
o 1937251820   435.2  ham=23 (2 1 0 1 19 0 0)  opth=1
o 1937251819   435.2  ham=60 (6 0 0 1 53 0 0)  opth=1
o 1937251816   435.3  ham=58 (4 0 0 2 52 0 0)  opth=2
    run132  dpts:4282..4500  robin:Wdeg-Rand  effs:12,578,790  asgs:(5146,noefs=899,fails=55)  fails:5,155  wrgs:17,809  wck:407.9  ngds:701  sols:935  bound:1,937,251,816
o 1937210047   437.5  ham=13 (1 0 1 2 9 0 0)  opth=3
o 1937168290   437.5  ham=15 (1 0 1 5 8 0 0)  opth=6
o 1937084782   437.5  ham=22 (1 0 4 4 13 0 0)  opth=8
o 1937084773   437.6  ham=17 (1 0 0 4 12 0 0)  opth=4
o 1937001251   437.6  ham=19 (1 0 2 7 9 0 0)  opth=9
o 1937001247   437.6  ham=21 (2 0 2 4 13 0 0)  opth=6
o 1936959494   437.6  ham=17 (2 0 1 2 12 0 0)  opth=3
    run133  dpts:1722..1765  robin:PickOnDom-First  effs:12,622,441  asgs:(2061,noefs=372,fails=55)  fails:5,210  wrgs:17,958  wck:409.7  ngds:710  sols:942  bound:1,936,959,494
    run134  dpts:7423..7461  robin:WdegOnDom-Last  effs:12,714,848  asgs:(7516,noefs=842,fails=55)  fails:5,265  wrgs:18,051  wck:414.7  ngds:712  sols:942  bound:1,936,959,494
    run135  dpts:3032..3034  robin:FrbaOnDom-Rand  effs:12,765,712  asgs:(3091,noefs=311,fails=57)  fails:5,322  wrgs:18,110  wck:417.1  ngds:742  sols:942  bound:1,936,959,494
o 1936917744   447.3  ham=19 (2 0 1 0 16 0 0)  opth=1
o 1936917743   447.3  ham=2 (0 1 0 1 0 0 0)  opth=1
o 1936917742   447.3  ham=20 (2 0 0 1 17 0 0)  opth=1
o 1936917740   447.3  ham=24 (2 1 0 1 20 0 0)  opth=1
o 1936875989   447.3  ham=48 (4 1 1 4 38 0 0)  opth=5
o 1936834247   447.4  ham=60 (4 0 1 1 54 0 0)  opth=2
o 1936834244   447.4  ham=31 (2 0 0 2 27 0 0)  opth=2
o 1936834237   447.4  ham=25 (2 0 0 2 21 0 0)  opth=2
o 1936834236   447.5  ham=30 (2 0 0 1 27 0 0)  opth=1
o 1936834235   447.5  ham=49 (4 0 0 1 44 0 0)  opth=1
o 1936792488   447.5  ham=31 (2 1 1 1 26 0 0)  opth=2
    run136  dpts:4155..4295  robin:Wdeg-First  effs:12,846,501  asgs:(5304,noefs=955,fails=2)  fails:5,324  wrgs:18,240  wck:419.9  ngds:743  sols:953  bound:1,936,792,488
o 1936750769   449.5  ham=41 (2 0 1 12 26 0 0)  opth=13
o 1936750762   449.5  ham=26 (2 0 0 4 20 0 0)  opth=4
o 1936708993   449.5  ham=18 (1 0 1 5 11 0 0)  opth=6
o 1936667237   449.5  ham=21 (2 1 1 2 15 0 0)  opth=3
o 1936625474   449.5  ham=22 (2 0 1 5 14 0 0)  opth=6
o 1936625473   449.5  ham=18 (2 0 0 1 15 0 0)  opth=1
o 1936583714   449.6  ham=21 (2 0 1 1 17 0 0)  opth=2
    run137  dpts:1746..1794  robin:PickOnDom-Last  effs:12,898,487  asgs:(2097,noefs=348,fails=55)  fails:5,379  wrgs:18,422  wck:421.7  ngds:745  sols:960  bound:1,936,583,714
    run138  dpts:7171..7181  robin:WdegOnDom-Rand  effs:12,995,412  asgs:(7267,noefs=839,fails=55)  fails:5,434  wrgs:18,513  wck:426.6  ngds:749  sols:960  bound:1,936,583,714
o 1936541966   456.6  ham=21 (2 0 1 1 17 0 0)  opth=2
o 1936541957   456.6  ham=23 (2 0 0 4 17 0 0)  opth=4
    run139  dpts:2910..3026  robin:FrbaOnDom-First  effs:13,073,928  asgs:(3168,noefs=378,fails=57)  fails:5,491  wrgs:18,681  wck:429.0  ngds:754  sols:962  bound:1,936,541,957
o 1936541956   459.4  ham=22 (2 0 0 1 19 0 0)  opth=1
o 1936541955   459.4  ham=29 (2 0 0 1 26 0 0)  opth=1
o 1936541954   459.4  ham=24 (2 0 0 1 21 0 0)  opth=1
o 1936541949   459.5  ham=17 (2 0 0 2 13 0 0)  opth=2
    run140  dpts:4435..4591  robin:Wdeg-Last  effs:13,176,458  asgs:(4959,noefs=827,fails=55)  fails:5,546  wrgs:18,860  wck:432.0  ngds:774  sols:966  bound:1,936,541,949
o 1936541940   461.6  ham=30 (2 0 0 2 26 0 0)  opth=2
o 1936500199   461.6  ham=29 (2 0 1 3 23 0 0)  opth=4
o 1936500186   461.6  ham=33 (2 0 0 8 23 0 0)  opth=8
o 1936458439   461.6  ham=37 (2 0 3 6 26 0 0)  opth=9
o 1936374919   461.6  ham=19 (1 0 2 2 14 0 0)  opth=4
o 1936374912   461.6  ham=35 (2 0 2 5 26 0 0)  opth=7
o 1936374911   461.6  ham=34 (2 0 2 4 26 0 0)  opth=6
o 1936374906   461.7  ham=34 (2 0 2 4 26 0 0)  opth=6
o 1936333156   461.7  ham=32 (2 0 1 3 26 0 0)  opth=4
    run141  dpts:1787..1823  robin:PickOnDom-Rand  effs:13,222,851  asgs:(2095,noefs=383,fails=55)  fails:5,601  wrgs:18,949  wck:433.8  ngds:824  sols:975  bound:1,936,333,156
o 1936333155   466.1  ham=15 (1 0 0 1 13 0 0)  opth=1
o 1936333153   466.2  ham=68 (6 0 0 3 59 0 0)  opth=3
o 1936333152   466.2  ham=21 (2 0 0 2 17 0 0)  opth=2
o 1936333151   466.2  ham=55 (6 0 0 1 48 0 0)  opth=1
o 1936333145   466.3  ham=21 (2 1 0 2 16 0 0)  opth=2
    run142  dpts:7249..7449  robin:WdegOnDom-First  effs:13,356,000  asgs:(8264,noefs=983,fails=55)  fails:5,656  wrgs:19,098  wck:439.1  ngds:827  sols:980  bound:1,936,333,145
o 1936333143   469.2  ham=25 (2 0 0 6 17 0 0)  opth=6
o 1936333142   469.2  ham=20 (2 0 0 1 17 0 0)  opth=1
o 1936333139   469.2  ham=21 (2 0 0 2 17 0 0)  opth=2
    run143  dpts:3025..3085  robin:FrbaOnDom-Last  effs:13,412,493  asgs:(3250,noefs=418,fails=55)  fails:5,711  wrgs:19,194  wck:441.5  ngds:846  sols:983  bound:1,936,333,139
o 1936333137   471.8  ham=42 (4 0 0 1 37 0 0)  opth=1
o 1936333135   471.8  ham=12 (1 1 0 1 9 0 0)  opth=1
o 1936333134   471.9  ham=42 (4 0 0 1 37 0 0)  opth=1
o 1936333132   471.9  ham=29 (2 0 0 1 26 0 0)  opth=1
o 1936333131   472.0  ham=17 (2 0 0 1 14 0 0)  opth=1
    run144  dpts:4436..4645  robin:Wdeg-Rand  effs:13,495,132  asgs:(5184,noefs=887,fails=55)  fails:5,766  wrgs:19,523  wck:444.4  ngds:847  sols:988  bound:1,936,333,131
o 1936291380   474.0  ham=15 (1 0 1 2 11 0 0)  opth=3
o 1936249615   474.0  ham=18 (1 0 3 5 9 0 0)  opth=8
    run145  dpts:1803..1842  robin:PickOnDom-First  effs:13,538,576  asgs:(1960,noefs=259,fails=55)  fails:5,821  wrgs:19,621  wck:446.2  ngds:857  sols:990  bound:1,936,249,615
o 1936249613   478.5  ham=87 (8 0 0 1 78 0 0)  opth=1
o 1936249610   478.5  ham=53 (5 0 0 1 47 0 0)  opth=1
o 1936249609   478.6  ham=21 (2 0 0 1 18 0 0)  opth=1
o 1936249600   478.6  ham=24 (2 0 0 2 20 0 0)  opth=2
o 1936249599   478.6  ham=159 (14 0 0 1 144 0 0)  opth=1
o 1936249596   478.7  ham=76 (6 1 0 2 67 0 0)  opth=2
o 1936249594   478.8  ham=132 (12 0 0 1 119 0 0)  opth=1
o 1936249593   478.8  ham=65 (6 0 0 1 58 0 0)  opth=1
    run146  dpts:7349..7541  robin:WdegOnDom-Last  effs:13,682,038  asgs:(8875,noefs=1148,fails=55)  fails:5,876  wrgs:19,778  wck:451.5  ngds:860  sols:998  bound:1,936,249,593
o 1936249592   481.5  ham=17 (2 0 2 3 10 0 0)  opth=5
o 1936249589   481.6  ham=3 (0 1 0 2 0 0 0)  opth=2
    run147  dpts:2746..2815  robin:FrbaOnDom-Rand  effs:13,770,127  asgs:(2980,noefs=352,fails=55)  fails:5,931  wrgs:19,919  wck:453.9  ngds:866  sols:1,000  bound:1,936,249,589
o 1936249585   484.0  ham=57 (6 0 0 2 49 0 0)  opth=2
o 1936249584   484.1  ham=19 (2 0 0 1 16 0 0)  opth=1
o 1936249582   484.1  ham=29 (2 0 0 1 26 0 0)  opth=1
o 1936249581   484.1  ham=31 (4 0 0 2 25 0 0)  opth=2
o 1936249579   484.2  ham=24 (2 0 0 2 20 0 0)  opth=2
o 1936249576   484.2  ham=23 (2 0 0 1 20 0 0)  opth=1
o 1936249563   484.3  ham=28 (2 2 0 4 20 0 0)  opth=4
o 1936249561   484.4  ham=9 (1 0 0 2 6 0 0)  opth=2
    run148  dpts:4026..4222  robin:Wdeg-First  effs:13,936,314  asgs:(5184,noefs=906,fails=55)  fails:5,986  wrgs:20,424  wck:456.9  ngds:869  sols:1,008  bound:1,936,249,561
o 1936207815   486.5  ham=4 (0 1 1 2 0 0 0)  opth=3
o 1936207811   486.5  ham=28 (2 1 0 4 21 0 0)  opth=4
o 1936166062   486.5  ham=11 (1 0 1 1 8 0 0)  opth=2
o 1936166038   486.5  ham=20 (1 0 2 4 13 0 0)  opth=6
o 1936124285   486.5  ham=6 (0 1 1 4 0 0 0)  opth=5
    run149  dpts:1822..1855  robin:PickOnDom-Last  effs:13,977,066  asgs:(2015,noefs=305,fails=55)  fails:6,041  wrgs:20,502  wck:458.7  ngds:915  sols:1,013  bound:1,936,124,285
o 1936124284   490.9  ham=23 (2 0 0 1 20 0 0)  opth=1
o 1936124272   491.0  ham=24 (2 0 0 2 20 0 0)  opth=2
o 1936124271   491.0  ham=39 (4 0 0 1 34 0 0)  opth=1
o 1936124270   491.0  ham=23 (2 0 0 1 20 0 0)  opth=1
o 1936124262   491.1  ham=23 (2 0 0 1 20 0 0)  opth=1
o 1936124261   491.1  ham=23 (2 0 0 1 20 0 0)  opth=1
    run150  dpts:7263..7453  robin:WdegOnDom-Rand  effs:14,103,261  asgs:(8429,noefs=1027,fails=55)  fails:6,096  wrgs:20,638  wck:463.9  ngds:917  sols:1,019  bound:1,936,124,261
o 1936124255   493.9  ham=6 (1 0 0 2 3 0 0)  opth=2
o 1936124244   493.9  ham=14 (2 0 0 2 10 0 0)  opth=2
o 1936082513   493.9  ham=19 (1 0 1 6 11 0 0)  opth=7
o 1936082504   494.0  ham=32 (2 1 0 9 20 0 0)  opth=9
o 1936082501   494.0  ham=31 (2 1 0 7 21 0 0)  opth=7
o 1936082499   494.1  ham=26 (2 0 0 3 21 0 0)  opth=3
o 1936082498   494.1  ham=28 (2 1 0 4 21 0 0)  opth=4
o 1936082494   494.1  ham=4 (0 1 0 3 0 0 0)  opth=3
o 1936082491   494.1  ham=26 (2 0 0 3 21 0 0)  opth=3
    run151  dpts:2815..2916  robin:FrbaOnDom-First  effs:14,176,292  asgs:(3483,noefs=608,fails=55)  fails:6,151  wrgs:20,935  wck:466.3  ngds:950  sols:1,028  bound:1,936,082,491
o 1936082489   496.4  ham=28 (2 0 0 1 25 0 0)  opth=1
o 1936040744   496.4  ham=33 (2 0 1 1 29 0 0)  opth=2
o 1935998993   496.4  ham=21 (2 0 1 1 17 0 0)  opth=2
o 1935998991   496.5  ham=4 (0 1 0 3 0 0 0)  opth=3
    run152  dpts:3759..3898  robin:Wdeg-Last  effs:14,249,768  asgs:(4251,noefs=724,fails=55)  fails:6,206  wrgs:21,108  wck:468.8  ngds:951  sols:1,032  bound:1,935,998,991
o 1935998990   498.5  ham=20 (2 0 0 1 17 0 0)  opth=1
o 1935998989   498.5  ham=22 (2 0 2 1 17 0 0)  opth=3
o 1935957246   498.5  ham=14 (1 0 1 2 10 0 0)  opth=3
o 1935915492   498.5  ham=25 (2 0 1 2 20 0 0)  opth=3
o 1935873728   498.5  ham=25 (2 0 1 2 20 0 0)  opth=3
o 1935831967   498.5  ham=26 (2 0 1 3 20 0 0)  opth=4
o 1935831953   498.5  ham=26 (2 0 2 4 18 0 0)  opth=6
o 1935790196   498.5  ham=16 (1 0 1 2 12 0 0)  opth=3
o 1935748440   498.5  ham=29 (2 0 1 4 22 0 0)  opth=5
o 1935706668   498.5  ham=15 (1 0 1 5 8 0 0)  opth=6
o 1935706667   498.6  ham=14 (2 0 0 1 11 0 0)  opth=1
    run153  dpts:1835..1872  robin:PickOnDom-Rand  effs:14,294,163  asgs:(2222,noefs=423,fails=37)  fails:6,243  wrgs:21,213  wck:470.7  ngds:952  sols:1,043  bound:1,935,706,667
o 1935706666   502.9  ham=191 (16 0 0 1 174 0 0)  opth=1
o 1935706664   503.0  ham=19 (2 0 0 1 16 0 0)  opth=1
    run154  dpts:7281..7474  robin:WdegOnDom-First  effs:14,408,317  asgs:(7796,noefs=939,fails=55)  fails:6,298  wrgs:21,375  wck:475.7  ngds:955  sols:1,045  bound:1,935,706,664
o 1935706663   505.7  ham=16 (2 0 0 1 13 0 0)  opth=1
    run155  dpts:2781..2822  robin:FrbaOnDom-Last  effs:14,471,089  asgs:(2879,noefs=341,fails=55)  fails:6,353  wrgs:21,434  wck:478.0  ngds:956  sols:1,046  bound:1,935,706,663
o 1935706660   508.0  ham=60 (6 0 0 2 52 0 0)  opth=2
o 1935706659   508.1  ham=2 (0 1 0 1 0 0 0)  opth=1
o 1935664919   508.1  ham=28 (2 0 1 3 22 0 0)  opth=4
o 1935664918   508.2  ham=28 (2 0 0 1 25 0 0)  opth=1
o 1935664909   508.2  ham=25 (2 1 0 1 21 0 0)  opth=1
o 1935664908   508.4  ham=65 (6 0 0 2 57 0 0)  opth=2
o 1935664905   508.4  ham=48 (4 0 0 2 42 0 0)  opth=2
    run156  dpts:3672..3901  robin:Wdeg-Rand  effs:14,650,373  asgs:(4668,noefs=837,fails=55)  fails:6,408  wrgs:21,900  wck:480.9  ngds:959  sols:1,053  bound:1,935,664,905
o 1935623150   510.5  ham=14 (1 0 1 2 10 0 0)  opth=3
o 1935581412   510.5  ham=33 (2 1 1 9 20 0 0)  opth=10
o 1935581409   510.5  ham=25 (2 0 0 2 21 0 0)  opth=2
o 1935581400   510.5  ham=26 (2 0 0 3 21 0 0)  opth=3
o 1935581394   510.5  ham=4 (0 1 0 3 0 0 0)  opth=3
o 1935581393   510.6  ham=24 (2 0 0 1 21 0 0)  opth=1
o 1935497857   510.6  ham=29 (1 2 4 9 13 0 0)  opth=13
o 1935456098   510.6  ham=21 (2 0 1 1 17 0 0)  opth=2
o 1935414346   510.7  ham=21 (2 0 1 1 17 0 0)  opth=2
o 1935372589   510.7  ham=27 (2 0 1 2 22 0 0)  opth=3
    run157  dpts:1840..1887  robin:PickOnDom-First  effs:14,713,344  asgs:(2332,noefs=398,fails=55)  fails:6,463  wrgs:22,145  wck:482.8  ngds:963  sols:1,063  bound:1,935,372,589
o 1935372588   515.0  ham=25 (2 0 0 1 22 0 0)  opth=1
    run158  dpts:7309..7483  robin:WdegOnDom-Last  effs:14,811,805  asgs:(7644,noefs=927,fails=55)  fails:6,518  wrgs:22,255  wck:487.8  ngds:965  sols:1,064  bound:1,935,372,588
o 1935372586   517.8  ham=4 (0 2 0 2 0 0 0)  opth=2
o 1935330836   517.8  ham=21 (2 0 1 0 18 0 0)  opth=1
o 1935330834   517.8  ham=23 (2 0 0 5 16 0 0)  opth=5
o 1935330833   517.9  ham=21 (2 0 0 3 16 0 0)  opth=3
    run159  dpts:2822..2943  robin:FrbaOnDom-Rand  effs:14,873,081  asgs:(3172,noefs=452,fails=55)  fails:6,573  wrgs:22,434  wck:490.1  ngds:980  sols:1,068  bound:1,935,330,833
o 1935330829   520.2  ham=18 (2 0 0 2 14 0 0)  opth=2
o 1935330828   520.2  ham=24 (2 0 0 1 21 0 0)  opth=1
o 1935289089   520.2  ham=27 (2 3 1 4 17 0 0)  opth=5
o 1935289083   520.3  ham=47 (4 0 0 1 42 0 0)  opth=1
o 1935289078   520.4  ham=3 (0 1 0 2 0 0 0)  opth=2
    run160  dpts:3799..3994  robin:Wdeg-First  effs:14,972,671  asgs:(4566,noefs=785,fails=55)  fails:6,628  wrgs:22,859  wck:492.8  ngds:981  sols:1,073  bound:1,935,289,078
o 1935247304   522.5  ham=51 (3 0 5 14 29 0 0)  opth=19
    run161  dpts:1862..1887  robin:PickOnDom-Last  effs:15,016,504  asgs:(1952,noefs=243,fails=55)  fails:6,683  wrgs:22,926  wck:494.6  ngds:986  sols:1,074  bound:1,935,247,304
o 1935247302   526.8  ham=49 (4 0 0 1 44 0 0)  opth=1
o 1935247296   526.8  ham=21 (2 0 0 1 18 0 0)  opth=1
o 1935247295   526.9  ham=79 (6 0 0 3 70 0 0)  opth=3
o 1935247294   526.9  ham=23 (2 0 0 1 20 0 0)  opth=1
    run162  dpts:7226..7426  robin:WdegOnDom-Rand  effs:15,161,946  asgs:(8046,noefs=1037,fails=55)  fails:6,738  wrgs:23,056  wck:499.7  ngds:992  sols:1,078  bound:1,935,247,294
o 1935247293   529.8  ham=29 (2 0 0 7 20 0 0)  opth=7
o 1935247291   529.8  ham=26 (2 0 0 4 20 0 0)  opth=4
o 1935247286   529.8  ham=28 (2 0 0 6 20 0 0)  opth=6
    run163  dpts:2954..3019  robin:FrbaOnDom-First  effs:15,216,208  asgs:(3187,noefs=432,fails=55)  fails:6,793  wrgs:23,169  wck:502.1  ngds:994  sols:1,081  bound:1,935,247,286
o 1935247282   532.1  ham=22 (2 0 0 1 19 0 0)  opth=1
o 1935205532   532.2  ham=27 (2 0 1 0 24 0 0)  opth=1
o 1935205531   532.3  ham=18 (2 1 0 4 11 0 0)  opth=4
o 1935205529   532.3  ham=19 (2 0 0 1 16 0 0)  opth=1
o 1935205526   532.4  ham=4 (0 2 0 2 0 0 0)  opth=2
    run164  dpts:3804..4022  robin:Wdeg-Last  effs:15,320,758  asgs:(4578,noefs=753,fails=55)  fails:6,848  wrgs:23,609  wck:504.8  ngds:1,015  sols:1,086  bound:1,935,205,526
o 1935205525   534.6  ham=26 (2 0 0 1 23 0 0)  opth=1
o 1935163755   534.6  ham=30 (2 0 1 4 23 0 0)  opth=5
o 1935163746   534.6  ham=26 (2 0 0 1 23 0 0)  opth=1
o 1935163744   534.6  ham=29 (2 0 0 3 24 0 0)  opth=3
o 1935163741   534.6  ham=28 (2 0 0 2 24 0 0)  opth=2
o 1934996692   534.6  ham=52 (2 0 6 16 28 0 0)  opth=22
o 1934954936   534.6  ham=36 (2 0 1 6 27 0 0)  opth=7
o 1934954935   534.6  ham=31 (2 0 0 1 28 0 0)  opth=1
o 1934954928   534.6  ham=23 (2 0 2 5 14 0 0)  opth=7
o 1934913164   534.7  ham=21 (2 0 1 4 14 0 0)  opth=5
o 1934829630   534.7  ham=21 (1 0 2 7 11 0 0)  opth=9
    run165  dpts:1847..1911  robin:PickOnDom-Rand  effs:15,372,926  asgs:(2225,noefs=408,fails=8)  fails:6,856  wrgs:23,706  wck:506.8  ngds:1,017  sols:1,097  bound:1,934,829,630
o 1934829629   539.1  ham=24 (2 0 0 1 21 0 0)  opth=1
    run166  dpts:7214..7388  robin:WdegOnDom-First  effs:15,475,035  asgs:(7494,noefs=890,fails=55)  fails:6,911  wrgs:23,813  wck:511.8  ngds:1,022  sols:1,098  bound:1,934,829,629
o 1934829628   541.8  ham=22 (2 0 0 1 19 0 0)  opth=1
o 1934787903   541.8  ham=29 (2 0 1 7 19 0 0)  opth=8
o 1934787869   541.9  ham=28 (2 0 0 7 19 0 0)  opth=7
o 1934787868   541.9  ham=25 (2 1 0 5 17 0 0)  opth=5
    run167  dpts:2757..2851  robin:FrbaOnDom-Last  effs:15,535,208  asgs:(3080,noefs=441,fails=55)  fails:6,966  wrgs:23,960  wck:514.2  ngds:1,024  sols:1,102  bound:1,934,787,868
o 1934787865   544.3  ham=27 (2 0 0 3 22 0 0)  opth=3
o 1934746124   544.3  ham=18 (1 1 1 1 14 0 0)  opth=2
    run168  dpts:3862..4066  robin:Wdeg-Rand  effs:15,614,319  asgs:(4303,noefs=701,fails=55)  fails:7,021  wrgs:24,257  wck:516.8  ngds:1,026  sols:1,104  bound:1,934,746,124
o 1934704383   546.5  ham=22 (1 0 1 6 14 0 0)  opth=7
o 1934704380   546.5  ham=36 (2 0 0 7 27 0 0)  opth=7
    run169  dpts:1910..1930  robin:PickOnDom-First  effs:15,657,722  asgs:(2025,noefs=254,fails=55)  fails:7,076  wrgs:24,326  wck:518.7  ngds:1,059  sols:1,106  bound:1,934,704,380
o 1934704379   550.8  ham=46 (4 0 0 1 41 0 0)  opth=1
o 1934704374   550.9  ham=46 (4 0 0 1 41 0 0)  opth=1
o 1934704373   550.9  ham=25 (2 1 0 1 21 0 0)  opth=1
o 1934704371   551.0  ham=188 (16 2 0 7 163 0 0)  opth=7
o 1934704370   551.0  ham=168 (16 0 0 1 151 0 0)  opth=1
o 1934704369   551.1  ham=23 (2 0 0 1 20 0 0)  opth=1
o 1934704368   551.1  ham=2 (0 1 0 1 0 0 0)  opth=1
o 1934704367   551.1  ham=18 (2 0 0 1 15 0 0)  opth=1
    run170  dpts:7287..7478  robin:WdegOnDom-Last  effs:15,804,155  asgs:(8769,noefs=1174,fails=55)  fails:7,131  wrgs:24,437  wck:523.9  ngds:1,063  sols:1,114  bound:1,934,704,367
o 1934704358   553.9  ham=2 (0 1 0 1 0 0 0)  opth=1
    run171  dpts:2812..2898  robin:FrbaOnDom-Rand  effs:15,855,133  asgs:(2957,noefs=337,fails=55)  fails:7,186  wrgs:24,539  wck:526.1  ngds:1,079  sols:1,115  bound:1,934,704,358
o 1934704356   556.3  ham=24 (2 0 0 1 21 0 0)  opth=1
o 1934704355   556.4  ham=24 (2 0 0 1 21 0 0)  opth=1
o 1934704354   556.4  ham=26 (2 0 0 1 23 0 0)  opth=1
    run172  dpts:4119..4265  robin:Wdeg-First  effs:15,964,821  asgs:(4496,noefs=802,fails=55)  fails:7,241  wrgs:24,694  wck:528.9  ngds:1,083  sols:1,118  bound:1,934,704,354
o 1934662601   558.6  ham=5 (0 1 1 3 0 0 0)  opth=4
o 1934662597   558.6  ham=4 (0 1 0 3 0 0 0)  opth=3
    run173  dpts:1903..1923  robin:PickOnDom-Last  effs:16,007,432  asgs:(1995,noefs=250,fails=55)  fails:7,296  wrgs:24,750  wck:530.7  ngds:1,088  sols:1,120  bound:1,934,662,597
o 1934662596   563.0  ham=81 (8 0 0 1 72 0 0)  opth=1
o 1934662594   563.0  ham=13 (2 1 0 1 9 0 0)  opth=1
o 1934662593   563.1  ham=19 (2 0 0 1 16 0 0)  opth=1
    run174  dpts:7357..7545  robin:WdegOnDom-Rand  effs:16,123,027  asgs:(7971,noefs=1021,fails=55)  fails:7,351  wrgs:24,849  wck:535.8  ngds:1,092  sols:1,123  bound:1,934,662,593
o 1934662589   565.7  ham=21 (2 0 0 2 17 0 0)  opth=2
o 1934662585   565.8  ham=25 (2 0 0 6 17 0 0)  opth=6
o 1934662583   565.8  ham=11 (1 0 0 3 7 0 0)  opth=3
o 1934662582   565.8  ham=22 (2 0 0 3 17 0 0)  opth=3
o 1934662580   565.8  ham=28 (2 0 0 9 17 0 0)  opth=9
    run175  dpts:2661..2732  robin:FrbaOnDom-First  effs:16,176,656  asgs:(3047,noefs=471,fails=55)  fails:7,406  wrgs:25,026  wck:538.1  ngds:1,100  sols:1,128  bound:1,934,662,580
o 1934662571   568.3  ham=27 (2 0 0 1 24 0 0)  opth=1
o 1934662562   568.4  ham=27 (2 0 0 1 24 0 0)  opth=1
o 1934662561   568.5  ham=25 (2 0 0 2 21 0 0)  opth=2
o 1934620811   568.5  ham=20 (2 0 1 0 17 0 0)  opth=1
o 1934579066   568.6  ham=3 (0 1 1 1 0 0 0)  opth=2
o 1934579065   568.7  ham=16 (2 0 0 1 13 0 0)  opth=1
o 1934579064   568.7  ham=30 (2 0 0 1 27 0 0)  opth=1
o 1934579063   568.7  ham=22 (2 0 0 1 19 0 0)  opth=1
o 1934579060   568.8  ham=25 (2 0 0 2 21 0 0)  opth=2
    run176  dpts:4311..4619  robin:Wdeg-Last  effs:16,365,900  asgs:(5725,noefs=1133,fails=55)  fails:7,461  wrgs:25,800  wck:541.4  ngds:1,106  sols:1,137  bound:1,934,579,060
o 1934579049   571.1  ham=17 (1 0 0 4 12 0 0)  opth=4
o 1934579022   571.1  ham=43 (2 0 2 14 25 0 0)  opth=16
o 1934579021   571.1  ham=30 (2 0 0 3 25 0 0)  opth=3
o 1934579018   571.2  ham=30 (2 0 0 3 25 0 0)  opth=3
    run177  dpts:1896..1916  robin:PickOnDom-Rand  effs:16,408,577  asgs:(2029,noefs=281,fails=55)  fails:7,516  wrgs:25,856  wck:543.3  ngds:1,163  sols:1,141  bound:1,934,579,018
o 1934579014   575.5  ham=50 (4 1 0 3 42 0 0)  opth=3
o 1934579013   575.6  ham=29 (2 0 0 1 26 0 0)  opth=1
o 1934579012   575.6  ham=2 (0 1 0 1 0 0 0)  opth=1
    run178  dpts:7219..7410  robin:WdegOnDom-First  effs:16,523,294  asgs:(7861,noefs=977,fails=55)  fails:7,571  wrgs:25,967  wck:548.4  ngds:1,166  sols:1,144  bound:1,934,579,012
o 1934579011   578.4  ham=2 (0 1 0 1 0 0 0)  opth=1
o 1934578993   578.4  ham=24 (2 0 0 6 16 0 0)  opth=6
o 1934578990   578.4  ham=19 (2 0 0 1 16 0 0)  opth=1
o 1934578988   578.4  ham=19 (2 0 0 1 16 0 0)  opth=1
    run179  dpts:2797..2882  robin:FrbaOnDom-Last  effs:16,582,627  asgs:(3128,noefs=435,fails=55)  fails:7,626  wrgs:26,117  wck:550.7  ngds:1,179  sols:1,148  bound:1,934,578,988
o 1934578983   580.5  ham=28 (2 0 0 1 25 0 0)  opth=1
o 1934578982   580.6  ham=2 (0 1 0 1 0 0 0)  opth=1
o 1934578980   580.6  ham=27 (2 0 0 1 24 0 0)  opth=1
    run180  dpts:3284..3479  robin:Wdeg-Rand  effs:16,659,405  asgs:(3754,noefs=621,fails=55)  fails:7,681  wrgs:26,335  wck:552.9  ngds:1,182  sols:1,151  bound:1,934,578,980
 ...resetting restart cutoff to 60
o 1934495462   582.6  ham=41 (2 1 2 13 23 0 0)  opth=15
o 1934495446   582.7  ham=37 (2 0 2 10 23 0 0)  opth=12
o 1934453701   582.7  ham=23 (2 0 1 4 16 0 0)  opth=5
o 1934453693   582.7  ham=20 (2 0 0 2 16 0 0)  opth=2
o 1934453690   582.7  ham=19 (2 0 0 1 16 0 0)  opth=1
o 1934411924   582.7  ham=21 (2 0 1 2 16 0 0)  opth=3
o 1934411922   582.7  ham=12 (1 0 0 4 7 0 0)  opth=4
    run181  dpts:1913..1934  robin:PickOnDom-First  effs:16,703,095  asgs:(2107,noefs=329,fails=60)  fails:7,741  wrgs:26,404  wck:554.8  ngds:1,186  sols:1,158  bound:1,934,411,922
o 1934411921   587.1  ham=22 (2 0 0 3 17 0 0)  opth=3
o 1934411920   587.1  ham=50 (6 1 0 5 38 0 0)  opth=5
    run182  dpts:7407..7604  robin:WdegOnDom-Last  effs:16,807,194  asgs:(7860,noefs=960,fails=60)  fails:7,801  wrgs:26,489  wck:559.9  ngds:1,189  sols:1,160  bound:1,934,411,920
o 1934411919   589.8  ham=2 (0 1 0 1 0 0 0)  opth=1
    run183  dpts:2733..2787  robin:FrbaOnDom-Rand  effs:16,858,258  asgs:(2865,noefs=318,fails=60)  fails:7,861  wrgs:26,574  wck:562.1  ngds:1,210  sols:1,161  bound:1,934,411,919
o 1934411909   591.9  ham=12 (1 1 0 1 9 0 0)  opth=1
o 1934411908   592.0  ham=26 (2 0 0 1 23 0 0)  opth=1
o 1934411907   592.0  ham=51 (4 0 0 1 46 0 0)  opth=1
o 1934411905   592.1  ham=76 (6 0 0 1 69 0 0)  opth=1
o 1934411904   592.2  ham=68 (6 1 0 1 60 0 0)  opth=1
    run184  dpts:3292..3525  robin:Wdeg-First  effs:16,990,377  asgs:(4030,noefs=690,fails=60)  fails:7,921  wrgs:26,890  wck:564.5  ngds:1,213  sols:1,166  bound:1,934,411,904
o 1934328378   594.3  ham=32 (2 0 2 6 22 0 0)  opth=8
o 1934328375   594.3  ham=27 (2 0 0 3 22 0 0)  opth=3
o 1934328373   594.3  ham=25 (2 0 0 1 22 0 0)  opth=1
o 1934286618   594.3  ham=37 (2 0 5 9 21 0 0)  opth=14
    run185  dpts:1911..1945  robin:PickOnDom-Last  effs:17,033,397  asgs:(2072,noefs=288,fails=60)  fails:7,981  wrgs:26,973  wck:566.4  ngds:1,220  sols:1,170  bound:1,934,286,618
o 1934286616   598.7  ham=30 (2 0 0 1 27 0 0)  opth=1
o 1934286615   598.7  ham=69 (6 1 0 1 61 0 0)  opth=1
o 1934286612   598.8  ham=22 (2 0 0 1 19 0 0)  opth=1
o 1934286607   598.8  ham=22 (2 0 0 1 19 0 0)  opth=1
o 1934286605   598.9  ham=21 (2 0 0 3 16 0 0)  opth=3
o 1934286604   598.9  ham=28 (2 0 0 2 24 0 0)  opth=2
o 1934286603   598.9  ham=21 (2 0 0 1 18 0 0)  opth=1
    run186  dpts:7264..7473  robin:WdegOnDom-Rand  effs:17,186,601  asgs:(8697,noefs=1102,fails=60)  fails:8,041  wrgs:27,135  wck:571.7  ngds:1,226  sols:1,177  bound:1,934,286,603
    run187  dpts:2567..2577  robin:FrbaOnDom-First  effs:17,236,561  asgs:(2643,noefs=275,fails=60)  fails:8,101  wrgs:27,208  wck:573.9  ngds:1,232  sols:1,177  bound:1,934,286,603
o 1934286602   603.7  ham=2 (0 1 0 1 0 0 0)  opth=1
o 1934286596   603.7  ham=28 (2 0 0 3 23 0 0)  opth=3
o 1934244855   603.9  ham=24 (2 0 1 1 20 0 0)  opth=2
o 1934203112   604.0  ham=54 (4 0 1 2 47 0 0)  opth=3
o 1934203111   604.1  ham=26 (2 0 0 1 23 0 0)  opth=1
o 1934203109   604.3  ham=23 (2 0 0 1 20 0 0)  opth=1
    run188  dpts:3305..3564  robin:Wdeg-Last  effs:17,414,096  asgs:(4439,noefs=739,fails=63)  fails:8,164  wrgs:27,869  wck:576.6  ngds:1,247  sols:1,183  bound:1,934,203,109
o 1934203108   606.3  ham=23 (2 0 0 4 17 0 0)  opth=4
o 1934203107   606.3  ham=20 (2 0 0 1 17 0 0)  opth=1
o 1934203105   606.3  ham=8 (0 2 2 4 0 0 0)  opth=6
o 1934161341   606.3  ham=23 (2 0 1 3 17 0 0)  opth=4
    run189  dpts:1934..1967  robin:PickOnDom-Rand  effs:17,457,592  asgs:(2105,noefs=286,fails=60)  fails:8,224  wrgs:27,955  wck:578.5  ngds:1,252  sols:1,187  bound:1,934,161,341
o 1934161340   610.7  ham=54 (6 0 0 1 47 0 0)  opth=1
o 1934161331   610.8  ham=39 (4 1 0 1 33 0 0)  opth=1
    run190  dpts:7207..7403  robin:WdegOnDom-First  effs:17,567,790  asgs:(7692,noefs=984,fails=60)  fails:8,284  wrgs:28,062  wck:583.5  ngds:1,257  sols:1,189  bound:1,934,161,331
o 1934161330   613.4  ham=20 (2 0 0 1 17 0 0)  opth=1
    run191  dpts:2576..2631  robin:FrbaOnDom-Last  effs:17,617,029  asgs:(2693,noefs=318,fails=60)  fails:8,344  wrgs:28,138  wck:585.6  ngds:1,266  sols:1,190  bound:1,934,161,330
o 1934161329   615.7  ham=22 (2 0 0 1 19 0 0)  opth=1
o 1934161326   615.8  ham=44 (4 0 0 2 38 0 0)  opth=2
o 1934161320   615.8  ham=23 (2 0 0 2 19 0 0)  opth=2
o 1934161319   615.9  ham=25 (2 0 0 1 22 0 0)  opth=1
o 1934119589   615.9  ham=26 (2 1 1 4 18 0 0)  opth=5
    run192  dpts:3872..4059  robin:Wdeg-Rand  effs:17,730,655  asgs:(4652,noefs=805,fails=60)  fails:8,404  wrgs:28,549  wck:588.4  ngds:1,293  sols:1,195  bound:1,934,119,589
o 1934077837   618.2  ham=26 (2 0 3 4 17 0 0)  opth=7
o 1934077835   618.3  ham=28 (2 1 2 7 16 0 0)  opth=9
o 1934036084   618.3  ham=21 (2 0 1 1 17 0 0)  opth=2
o 1934036083   618.3  ham=20 (2 0 0 1 17 0 0)  opth=1
o 1934036081   618.3  ham=23 (2 0 0 4 17 0 0)  opth=4
o 1934036080   618.3  ham=20 (2 0 0 1 17 0 0)  opth=1
o 1934036079   618.3  ham=20 (2 0 0 1 17 0 0)  opth=1
o 1934036077   618.3  ham=25 (2 0 0 6 17 0 0)  opth=6
o 1934036076   618.3  ham=23 (2 1 0 3 17 0 0)  opth=3
o 1934036074   618.3  ham=20 (2 0 0 1 17 0 0)  opth=1
o 1934036071   618.3  ham=20 (2 0 0 1 17 0 0)  opth=1
    run193  dpts:1953..1973  robin:PickOnDom-First  effs:17,772,098  asgs:(2166,noefs=346,fails=53)  fails:8,457  wrgs:28,606  wck:590.4  ngds:1,354  sols:1,206  bound:1,934,036,071
o 1934036070   622.6  ham=58 (4 0 0 2 52 0 0)  opth=2
    run194  dpts:7219..7411  robin:WdegOnDom-Last  effs:17,876,528  asgs:(7632,noefs=955,fails=60)  fails:8,517  wrgs:28,732  wck:595.3  ngds:1,357  sols:1,207  bound:1,934,036,070
o 1934036069   625.2  ham=19 (2 0 0 1 16 0 0)  opth=1
    run195  dpts:2701..2763  robin:FrbaOnDom-Rand  effs:17,932,134  asgs:(2841,noefs=328,fails=60)  fails:8,577  wrgs:28,824  wck:597.5  ngds:1,365  sols:1,208  bound:1,934,036,069
o 1934036067   627.4  ham=52 (4 0 0 2 46 0 0)  opth=2
o 1934036066   627.5  ham=25 (2 0 0 3 20 0 0)  opth=3
    run196  dpts:3586..3724  robin:Wdeg-First  effs:18,063,645  asgs:(3889,noefs=688,fails=60)  fails:8,637  wrgs:28,983  wck:599.9  ngds:1,374  sols:1,210  bound:1,934,036,066
o 1933994301   629.7  ham=4 (0 1 1 2 0 0 0)  opth=3
o 1933994295   629.7  ham=8 (0 2 0 6 0 0 0)  opth=6
o 1933994292   629.7  ham=19 (2 0 0 4 13 0 0)  opth=4
o 1933952542   629.7  ham=23 (2 0 1 6 14 0 0)  opth=7
o 1933910776   629.7  ham=28 (2 0 1 9 16 0 0)  opth=10
o 1933869019   629.8  ham=41 (2 0 5 11 23 0 0)  opth=16
o 1933827275   629.8  ham=6 (0 1 1 4 0 0 0)  opth=5
o 1933785514   629.8  ham=5 (0 2 1 2 0 0 0)  opth=3
    run197  dpts:1929..1978  robin:PickOnDom-Last  effs:18,117,555  asgs:(2365,noefs=347,fails=60)  fails:8,697  wrgs:29,239  wck:602.0  ngds:1,376  sols:1,218  bound:1,933,785,514
o 1933785513   634.2  ham=25 (2 1 0 1 21 0 0)  opth=1
o 1933785512   634.3  ham=26 (2 0 0 1 23 0 0)  opth=1
o 1933785511   634.3  ham=197 (20 0 0 1 176 0 0)  opth=1
o 1933785510   634.3  ham=24 (2 0 0 1 21 0 0)  opth=1
o 1933785505   634.4  ham=26 (2 0 0 3 21 0 0)  opth=3
o 1933785504   634.4  ham=24 (2 0 0 1 21 0 0)  opth=1
o 1933785503   634.5  ham=42 (4 0 0 1 37 0 0)  opth=1
o 1933785502   634.5  ham=60 (6 0 0 2 52 0 0)  opth=2
o 1933785498   634.5  ham=25 (2 0 0 2 21 0 0)  opth=2
o 1933785493   634.6  ham=28 (2 2 0 3 21 0 0)  opth=3
o 1933785490   634.6  ham=23 (2 0 0 1 20 0 0)  opth=1
    run198  dpts:7396..7591  robin:WdegOnDom-Rand  effs:18,252,847  asgs:(9479,noefs=1310,fails=4)  fails:8,701  wrgs:29,285  wck:607.3  ngds:1,379  sols:1,229  bound:1,933,785,490
o 1933785485   637.2  ham=15 (1 0 0 5 9 0 0)  opth=5
o 1933785484   637.2  ham=22 (2 0 0 1 19 0 0)  opth=1
    run199  dpts:2653..2732  robin:FrbaOnDom-First  effs:18,305,011  asgs:(2869,noefs=331,fails=60)  fails:8,761  wrgs:29,410  wck:609.5  ngds:1,382  sols:1,231  bound:1,933,785,484
o 1933785482   639.5  ham=23 (2 1 0 1 19 0 0)  opth=1
o 1933743755   639.5  ham=27 (2 0 1 4 20 0 0)  opth=5
o 1933743754   639.6  ham=27 (2 0 0 3 22 0 0)  opth=3
    run200  dpts:3688..3922  robin:Wdeg-Last  effs:18,436,050  asgs:(4239,noefs=748,fails=60)  fails:8,821  wrgs:29,742  wck:612.1  ngds:1,390  sols:1,234  bound:1,933,743,754
o 1933743750   641.8  ham=3 (0 1 0 2 0 0 0)  opth=2
o 1933743733   641.9  ham=5 (0 1 0 4 0 0 0)  opth=4
o 1933743727   641.9  ham=35 (2 0 2 11 20 0 0)  opth=13
o 1933743726   641.9  ham=25 (2 0 0 3 20 0 0)  opth=3
    run201  dpts:1981..2004  robin:PickOnDom-Rand  effs:18,478,256  asgs:(2126,noefs=279,fails=60)  fails:8,881  wrgs:29,814  wck:614.0  ngds:1,409  sols:1,238  bound:1,933,743,726
o 1933743725   646.4  ham=44 (4 0 0 1 39 0 0)  opth=1
o 1933743723   646.5  ham=14 (2 0 0 1 11 0 0)  opth=1
    run202  dpts:7691..7886  robin:WdegOnDom-First  effs:18,588,808  asgs:(8195,noefs=1043,fails=60)  fails:8,941  wrgs:29,951  wck:619.2  ngds:1,412  sols:1,240  bound:1,933,743,723
o 1933743722   649.1  ham=19 (2 0 0 1 16 0 0)  opth=1
    run203  dpts:2594..2659  robin:FrbaOnDom-Last  effs:18,648,172  asgs:(2725,noefs=310,fails=60)  fails:9,001  wrgs:30,036  wck:621.3  ngds:1,431  sols:1,241  bound:1,933,743,722
o 1933743718   651.4  ham=31 (2 0 0 1 28 0 0)  opth=1
o 1933743717   651.5  ham=25 (2 0 0 1 22 0 0)  opth=1
    run204  dpts:3740..3932  robin:Wdeg-Rand  effs:18,744,536  asgs:(4094,noefs=702,fails=60)  fails:9,061  wrgs:30,245  wck:623.9  ngds:1,435  sols:1,243  bound:1,933,743,717
o 1933701965   653.7  ham=3 (0 1 1 1 0 0 0)  opth=2
o 1933660215   653.7  ham=4 (0 1 1 2 0 0 0)  opth=3
o 1933618466   653.7  ham=25 (2 0 1 7 15 0 0)  opth=8
o 1933618462   653.7  ham=20 (2 0 0 3 15 0 0)  opth=3
o 1933618461   653.7  ham=24 (2 0 0 7 15 0 0)  opth=7
o 1933618460   653.7  ham=18 (2 0 0 1 15 0 0)  opth=1
o 1933618459   653.7  ham=22 (2 0 0 5 15 0 0)  opth=5
o 1933618457   653.7  ham=18 (2 0 0 1 15 0 0)  opth=1
o 1933618456   653.7  ham=18 (2 0 0 1 15 0 0)  opth=1
    run205  dpts:1978..2017  robin:PickOnDom-First  effs:18,787,193  asgs:(2275,noefs=372,fails=60)  fails:9,121  wrgs:30,337  wck:625.9  ngds:1,441  sols:1,252  bound:1,933,618,456
o 1933618455   658.1  ham=44 (4 0 0 1 39 0 0)  opth=1
o 1933618454   658.1  ham=92 (8 1 0 3 80 0 0)  opth=3
o 1933618453   658.1  ham=2 (0 1 0 1 0 0 0)  opth=1
o 1933618452   658.2  ham=28 (2 0 0 1 25 0 0)  opth=1
o 1933618449   658.2  ham=21 (2 5 0 1 13 0 0)  opth=1
o 1933618448   658.3  ham=18 (2 0 0 1 15 0 0)  opth=1
o 1933618445   658.3  ham=19 (2 0 0 2 15 0 0)  opth=2
o 1933618444   658.3  ham=18 (2 0 0 1 15 0 0)  opth=1
o 1933618443   658.4  ham=18 (2 0 0 1 15 0 0)  opth=1
o 1933618442   658.4  ham=27 (2 0 0 1 24 0 0)  opth=1
o 1933618440   658.5  ham=41 (4 5 0 1 31 0 0)  opth=1
    run206  dpts:7064..7268  robin:WdegOnDom-Last  effs:18,924,379  asgs:(9094,noefs=1199,fails=3)  fails:9,124  wrgs:30,366  wck:631.1  ngds:1,442  sols:1,263  bound:1,933,618,440
    run207  dpts:2425..2446  robin:FrbaOnDom-Rand  effs:18,978,972  asgs:(2572,noefs=262,fails=60)  fails:9,184  wrgs:30,500  wck:633.1  ngds:1,452  sols:1,263  bound:1,933,618,440
o 1933576701   663.2  ham=54 (4 1 1 2 46 0 0)  opth=3
o 1933576700   663.3  ham=72 (6 0 0 2 64 0 0)  opth=2
o 1933576694   663.4  ham=51 (4 0 0 2 45 0 0)  opth=2
o 1933576692   663.4  ham=6 (0 2 0 4 0 0 0)  opth=4
    run208  dpts:3924..4153  robin:Wdeg-First  effs:19,111,291  asgs:(4646,noefs=839,fails=63)  fails:9,247  wrgs:30,911  wck:635.8  ngds:1,458  sols:1,267  bound:1,933,576,692
o 1933534946   665.6  ham=36 (2 0 3 10 21 0 0)  opth=13
o 1933534944   665.6  ham=19 (1 0 2 4 12 0 0)  opth=6
    run209  dpts:2005..2028  robin:PickOnDom-Last  effs:19,153,696  asgs:(2112,noefs=255,fails=60)  fails:9,307  wrgs:30,971  wck:637.8  ngds:1,479  sols:1,269  bound:1,933,534,944
o 1933534943   669.9  ham=23 (2 0 0 1 20 0 0)  opth=1
    run210  dpts:7088..7283  robin:WdegOnDom-Rand  effs:19,296,910  asgs:(7378,noefs=826,fails=60)  fails:9,367  wrgs:31,072  wck:642.7  ngds:1,482  sols:1,270  bound:1,933,534,943
o 1933534934   672.5  ham=32 (2 0 0 7 23 0 0)  opth=7
    run211  dpts:2497..2588  robin:FrbaOnDom-First  effs:19,350,465  asgs:(2663,noefs=310,fails=60)  fails:9,427  wrgs:31,189  wck:644.7  ngds:1,508  sols:1,271  bound:1,933,534,934
o 1933493184   674.6  ham=20 (2 0 1 0 17 0 0)  opth=1
o 1933493177   674.7  ham=37 (4 0 0 1 32 0 0)  opth=1
o 1933493176   674.7  ham=56 (6 1 0 1 48 0 0)  opth=1
o 1933493175   674.7  ham=20 (2 0 0 1 17 0 0)  opth=1
o 1933493168   674.8  ham=32 (2 0 0 3 27 0 0)  opth=3
    run212  dpts:3449..3672  robin:Wdeg-Last  effs:19,492,026  asgs:(4263,noefs=725,fails=60)  fails:9,487  wrgs:31,633  wck:647.3  ngds:1,509  sols:1,276  bound:1,933,493,168
    run213  dpts:2005..2006  robin:PickOnDom-Rand  effs:19,534,689  asgs:(2066,noefs=217,fails=60)  fails:9,547  wrgs:31,694  wck:649.2  ngds:1,569  sols:1,276  bound:1,933,493,168
o 1933493167   681.5  ham=20 (2 0 0 1 17 0 0)  opth=1
o 1933493166   681.5  ham=20 (2 0 0 2 16 0 0)  opth=2
o 1933493165   681.6  ham=40 (4 5 0 1 30 0 0)  opth=1
o 1933493164   681.6  ham=20 (2 0 0 1 17 0 0)  opth=1
o 1933493163   681.7  ham=39 (4 0 0 4 31 0 0)  opth=4
    run214  dpts:7647..7856  robin:WdegOnDom-First  effs:19,657,555  asgs:(8693,noefs=1166,fails=63)  fails:9,610  wrgs:31,814  wck:654.4  ngds:1,572  sols:1,281  bound:1,933,493,163
    run215  dpts:2433..2455  robin:FrbaOnDom-Last  effs:19,726,690  asgs:(2526,noefs=259,fails=60)  fails:9,670  wrgs:31,907  wck:656.5  ngds:1,573  sols:1,281  bound:1,933,493,163
o 1933493161   686.4  ham=9 (1 0 0 1 7 0 0)  opth=1
o 1933493154   686.5  ham=15 (2 0 0 1 12 0 0)  opth=1
o 1933493149   686.6  ham=38 (4 0 0 1 33 0 0)  opth=1
o 1933451409   686.7  ham=6 (0 1 1 4 0 0 0)  opth=5
    run216  dpts:3581..3785  robin:Wdeg-Rand  effs:19,834,261  asgs:(4349,noefs=738,fails=63)  fails:9,733  wrgs:32,381  wck:659.1  ngds:1,592  sols:1,285  bound:1,933,451,409
o 1933409665   688.9  ham=18 (2 0 1 2 13 0 0)  opth=3
o 1933367903   688.9  ham=38 (2 0 3 13 20 0 0)  opth=16
o 1933367896   688.9  ham=25 (2 0 0 1 22 0 0)  opth=1
o 1933367893   688.9  ham=25 (2 0 0 1 22 0 0)  opth=1
o 1933367888   688.9  ham=31 (2 0 2 10 17 0 0)  opth=12
o 1933367885   688.9  ham=7 (1 0 0 2 4 0 0)  opth=2
o 1933367884   689.0  ham=23 (2 0 0 4 17 0 0)  opth=4
o 1933367882   689.0  ham=6 (1 0 0 1 4 0 0)  opth=1
    run217  dpts:2003..2032  robin:PickOnDom-First  effs:19,881,969  asgs:(2265,noefs=352,fails=60)  fails:9,793  wrgs:32,471  wck:661.1  ngds:1,607  sols:1,293  bound:1,933,367,882
o 1933367875   693.3  ham=14 (1 0 0 1 12 0 0)  opth=1
o 1933367874   693.3  ham=91 (8 0 0 1 82 0 0)  opth=1
    run218  dpts:6970..7168  robin:WdegOnDom-Last  effs:19,979,541  asgs:(7428,noefs=873,fails=60)  fails:9,853  wrgs:32,552  wck:666.0  ngds:1,611  sols:1,295  bound:1,933,367,874
o 1933367872   695.7  ham=27 (2 0 0 6 19 0 0)  opth=6
o 1933367869   695.7  ham=24 (2 0 0 2 20 0 0)  opth=2
o 1933367868   695.7  ham=27 (2 0 0 7 18 0 0)  opth=7
o 1933367864   695.7  ham=26 (2 1 0 5 18 0 0)  opth=5
o 1933367860   695.8  ham=21 (2 0 0 1 18 0 0)  opth=1
o 1933367856   695.8  ham=2 (0 1 0 1 0 0 0)  opth=1
o 1933326115   695.8  ham=30 (2 0 1 7 20 0 0)  opth=8
o 1933284385   695.9  ham=39 (2 0 3 6 28 0 0)  opth=9
    run219  dpts:2240..2391  robin:FrbaOnDom-Rand  effs:20,054,358  asgs:(2988,noefs=518,fails=60)  fails:9,913  wrgs:32,944  wck:668.1  ngds:1,628  sols:1,303  bound:1,933,284,385
o 1933284378   698.0  ham=48 (4 1 0 1 42 0 0)  opth=1
o 1933284375   698.0  ham=53 (4 1 0 1 47 0 0)  opth=1
o 1933284374   698.1  ham=20 (2 0 0 1 17 0 0)  opth=1
o 1933284369   698.1  ham=29 (2 0 0 1 26 0 0)  opth=1
o 1933284367   698.2  ham=14 (2 0 0 2 10 0 0)  opth=2
    run220  dpts:3280..3478  robin:Wdeg-First  effs:20,158,325  asgs:(4019,noefs=690,fails=60)  fails:9,973  wrgs:33,337  wck:670.6  ngds:1,637  sols:1,308  bound:1,933,284,367
o 1933284365   700.3  ham=23 (2 0 0 6 15 0 0)  opth=6
    run221  dpts:2008..2037  robin:PickOnDom-Last  effs:20,200,415  asgs:(2108,noefs=242,fails=60)  fails:10,033  wrgs:33,407  wck:672.5  ngds:1,653  sols:1,309  bound:1,933,284,365
o 1933284363   704.5  ham=55 (4 0 0 1 50 0 0)  opth=1
o 1933284357   704.6  ham=57 (4 0 0 1 52 0 0)  opth=1
o 1933284350   704.6  ham=28 (2 0 0 1 25 0 0)  opth=1
o 1933284349   704.6  ham=55 (4 0 0 1 50 0 0)  opth=1
o 1933284348   704.7  ham=28 (2 1 0 2 23 0 0)  opth=2
o 1933284340   704.7  ham=61 (6 0 0 1 54 0 0)  opth=1
o 1933284339   704.8  ham=30 (2 0 0 1 27 0 0)  opth=1
o 1933284334   704.8  ham=49 (4 0 0 1 44 0 0)  opth=1
o 1933284332   704.9  ham=47 (4 0 0 1 42 0 0)  opth=1
    run222  dpts:7005..7232  robin:WdegOnDom-Rand  effs:20,366,583  asgs:(8908,noefs=1163,fails=60)  fails:10,093  wrgs:33,599  wck:677.6  ngds:1,658  sols:1,318  bound:1,933,284,332
o 1933284331   707.4  ham=17 (2 0 0 1 14 0 0)  opth=1
o 1933284328   707.4  ham=19 (2 0 0 3 14 0 0)  opth=3
    run223  dpts:2292..2375  robin:FrbaOnDom-First  effs:20,428,755  asgs:(2507,noefs=307,fails=60)  fails:10,153  wrgs:33,714  wck:679.6  ngds:1,673  sols:1,320  bound:1,933,284,328
o 1933284324   709.6  ham=60 (4 1 0 4 51 0 0)  opth=4
o 1933284320   709.7  ham=22 (2 0 0 3 17 0 0)  opth=3
    run224  dpts:3662..3819  robin:Wdeg-Last  effs:20,501,543  asgs:(4027,noefs=667,fails=60)  fails:10,213  wrgs:33,934  wck:682.0  ngds:1,678  sols:1,322  bound:1,933,284,320
    run225  dpts:2012..2018  robin:PickOnDom-Rand  effs:20,543,225  asgs:(2080,noefs=229,fails=60)  fails:10,273  wrgs:34,001  wck:683.9  ngds:1,715  sols:1,322  bound:1,933,284,320
o 1933284314   716.2  ham=17 (2 0 0 2 13 0 0)  opth=2
o 1933284313   716.3  ham=18 (2 0 0 2 14 0 0)  opth=2
o 1933284312   716.3  ham=25 (2 0 0 1 22 0 0)  opth=1
    run226  dpts:7489..7700  robin:WdegOnDom-First  effs:20,660,149  asgs:(8191,noefs=1070,fails=63)  fails:10,336  wrgs:34,123  wck:689.1  ngds:1,718  sols:1,325  bound:1,933,284,312
o 1933242560   719.0  ham=24 (2 0 1 8 13 0 0)  opth=9
o 1933242559   719.0  ham=2 (0 1 0 1 0 0 0)  opth=1
    run227  dpts:2177..2345  robin:FrbaOnDom-Last  effs:20,774,536  asgs:(2559,noefs=309,fails=60)  fails:10,396  wrgs:34,398  wck:691.2  ngds:1,724  sols:1,327  bound:1,933,242,559
o 1933200825   721.2  ham=26 (2 0 1 4 19 0 0)  opth=5
o 1933200824   721.2  ham=22 (2 0 0 1 19 0 0)  opth=1
o 1933200816   721.2  ham=26 (2 1 0 4 19 0 0)  opth=4
o 1933200814   721.2  ham=2 (0 1 0 1 0 0 0)  opth=1
o 1933200812   721.3  ham=29 (2 0 0 2 25 0 0)  opth=2
o 1933159063   721.4  ham=30 (2 0 1 1 26 0 0)  opth=2
o 1933159062   721.5  ham=14 (2 0 0 1 11 0 0)  opth=1
o 1933117313   721.5  ham=29 (2 0 1 1 25 0 0)  opth=2
o 1933117312   721.6  ham=20 (2 0 0 1 17 0 0)  opth=1
o 1933117311   721.6  ham=28 (2 0 0 1 25 0 0)  opth=1
o 1933117310   721.7  ham=5 (0 2 0 3 0 0 0)  opth=3
    run228  dpts:3510..3759  robin:Wdeg-Rand  effs:20,890,536  asgs:(4870,noefs=964,fails=1)  fails:10,397  wrgs:34,958  wck:694.0  ngds:1,725  sols:1,338  bound:1,933,117,310
o 1933117300   723.8  ham=18 (2 0 0 1 15 0 0)  opth=1
o 1933117281   723.8  ham=21 (2 0 0 4 15 0 0)  opth=4
o 1933075527   723.8  ham=6 (0 1 3 2 0 0 0)  opth=5
o 1933075526   723.8  ham=20 (2 0 0 2 16 0 0)  opth=2
o 1933075524   723.8  ham=20 (2 0 0 2 16 0 0)  opth=2
o 1933033767   723.8  ham=20 (2 0 1 1 16 0 0)  opth=2
o 1933033763   723.8  ham=20 (2 0 0 2 16 0 0)  opth=2
o 1932992010   723.8  ham=23 (2 0 1 4 16 0 0)  opth=5
o 1932992009   723.8  ham=20 (2 0 0 2 16 0 0)  opth=2
o 1932950248   723.8  ham=15 (1 0 1 5 8 0 0)  opth=6
o 1932950239   723.8  ham=28 (2 0 2 8 16 0 0)  opth=10
    run229  dpts:2017..2041  robin:PickOnDom-First  effs:20,931,304  asgs:(2253,noefs=395,fails=16)  fails:10,413  wrgs:35,003  wck:696.0  ngds:1,739  sols:1,349  bound:1,932,950,239
o 1932950237   728.3  ham=29 (2 0 0 1 26 0 0)  opth=1
o 1932950236   728.3  ham=29 (2 0 0 1 26 0 0)  opth=1
o 1932950232   728.3  ham=30 (2 0 0 2 26 0 0)  opth=2
o 1932950230   728.4  ham=73 (8 0 0 1 64 0 0)  opth=1
    run230  dpts:7604..7804  robin:WdegOnDom-Last  effs:21,050,185  asgs:(8425,noefs=1081,fails=60)  fails:10,473  wrgs:35,097  wck:701.2  ngds:1,746  sols:1,353  bound:1,932,950,230
o 1932950229   730.8  ham=2 (0 1 0 1 0 0 0)  opth=1
o 1932950224   730.9  ham=33 (2 0 0 6 25 0 0)  opth=6
o 1932950210   730.9  ham=36 (2 1 0 8 25 0 0)  opth=8
o 1932950200   730.9  ham=3 (0 1 0 2 0 0 0)  opth=2
o 1932950193   730.9  ham=33 (2 0 0 6 25 0 0)  opth=6
o 1932950189   731.0  ham=6 (0 1 0 5 0 0 0)  opth=5
    run231  dpts:2249..2346  robin:FrbaOnDom-Rand  effs:21,102,243  asgs:(2783,noefs=460,fails=60)  fails:10,533  wrgs:35,387  wck:703.2  ngds:1,770  sols:1,359  bound:1,932,950,189
o 1932950185   733.0  ham=29 (2 0 0 1 26 0 0)  opth=1
o 1932950184   733.1  ham=23 (2 0 0 1 20 0 0)  opth=1
o 1932950183   733.1  ham=2 (0 1 0 1 0 0 0)  opth=1
o 1932950181   733.1  ham=23 (2 0 0 1 20 0 0)  opth=1
o 1932908453   733.2  ham=7 (0 2 1 4 0 0 0)  opth=5
o 1932908452   733.3  ham=29 (2 0 0 1 26 0 0)  opth=1
o 1932908444   733.3  ham=31 (2 1 0 2 26 0 0)  opth=2
o 1932866696   733.5  ham=35 (2 2 1 4 26 0 0)  opth=5
o 1932866689   733.6  ham=19 (1 0 0 4 14 0 0)  opth=4
    run232  dpts:3244..3458  robin:Wdeg-First  effs:21,234,963  asgs:(4672,noefs=843,fails=60)  fails:10,593  wrgs:36,159  wck:705.9  ngds:1,772  sols:1,368  bound:1,932,866,689
o 1932866685   735.7  ham=6 (0 1 2 3 0 0 0)  opth=5
o 1932866673   735.7  ham=36 (2 0 0 9 25 0 0)  opth=9
o 1932866671   735.7  ham=30 (2 0 0 3 25 0 0)  opth=3
o 1932866639   735.7  ham=25 (2 0 0 6 17 0 0)  opth=6
o 1932824893   735.8  ham=5 (0 1 1 3 0 0 0)  opth=4
o 1932824892   735.8  ham=24 (2 0 0 5 17 0 0)  opth=5
o 1932824891   735.8  ham=20 (2 0 0 1 17 0 0)  opth=1
o 1932824890   735.8  ham=21 (2 0 0 2 17 0 0)  opth=2
o 1932824889   735.8  ham=8 (1 0 0 1 6 0 0)  opth=1
o 1932824886   735.8  ham=20 (2 0 0 1 17 0 0)  opth=1
o 1932824882   735.8  ham=20 (2 0 0 1 17 0 0)  opth=1
    run233  dpts:2016..2041  robin:PickOnDom-Last  effs:21,277,239  asgs:(2279,noefs=402,fails=21)  fails:10,614  wrgs:36,213  wck:707.9  ngds:1,776  sols:1,379  bound:1,932,824,882
o 1932824880   740.1  ham=46 (4 0 0 1 41 0 0)  opth=1
o 1932824879   740.1  ham=42 (4 1 0 1 36 0 0)  opth=1
    run234  dpts:7013..7206  robin:WdegOnDom-Rand  effs:21,383,947  asgs:(7484,noefs=860,fails=60)  fails:10,674  wrgs:36,323  wck:712.8  ngds:1,782  sols:1,381  bound:1,932,824,879
o 1932824878   742.5  ham=2 (0 1 0 1 0 0 0)  opth=1
o 1932824870   742.5  ham=18 (1 0 0 6 11 0 0)  opth=6
    run235  dpts:2268..2366  robin:FrbaOnDom-First  effs:21,433,227  asgs:(2471,noefs=315,fails=60)  fails:10,734  wrgs:36,441  wck:714.8  ngds:1,788  sols:1,383  bound:1,932,824,870
o 1932824869   744.7  ham=23 (2 0 0 1 20 0 0)  opth=1
o 1932824868   744.7  ham=2 (0 1 0 1 0 0 0)  opth=1
o 1932824866   744.7  ham=24 (2 0 0 2 20 0 0)  opth=2
    run236  dpts:3462..3590  robin:Wdeg-Last  effs:21,518,616  asgs:(3826,noefs=645,fails=60)  fails:10,794  wrgs:36,595  wck:717.1  ngds:1,790  sols:1,386  bound:1,932,824,866
    run237  dpts:2037..2037  robin:PickOnDom-Rand  effs:21,561,779  asgs:(2097,noefs=226,fails=60)  fails:10,854  wrgs:36,655  wck:719.1  ngds:1,850  sols:1,386  bound:1,932,824,866
o 1932824864   751.4  ham=47 (4 1 0 1 41 0 0)  opth=1
o 1932824863   751.5  ham=29 (2 0 0 1 26 0 0)  opth=1
o 1932824862   751.5  ham=49 (4 2 0 3 40 0 0)  opth=3
o 1932824861   751.6  ham=31 (4 0 0 1 26 0 0)  opth=1
o 1932824860   751.6  ham=23 (2 0 0 1 20 0 0)  opth=1
o 1932824859   751.7  ham=50 (4 0 0 1 45 0 0)  opth=1
o 1932824857   751.7  ham=28 (2 2 0 1 23 0 0)  opth=1
    run238  dpts:7537..7737  robin:WdegOnDom-First  effs:21,711,252  asgs:(8916,noefs=1216,fails=63)  fails:10,917  wrgs:36,806  wck:724.5  ngds:1,853  sols:1,393  bound:1,932,824,857
o 1932824854   754.3  ham=16 (2 0 0 3 11 0 0)  opth=3
o 1932824853   754.4  ham=16 (2 0 0 1 13 0 0)  opth=1
o 1932824847   754.4  ham=30 (2 0 0 2 26 0 0)  opth=2
    run239  dpts:2274..2372  robin:FrbaOnDom-Last  effs:21,773,681  asgs:(2594,noefs=362,fails=60)  fails:10,977  wrgs:36,985  wck:726.6  ngds:1,855  sols:1,396  bound:1,932,824,847
o 1932824844   756.6  ham=61 (6 0 0 3 52 0 0)  opth=3
o 1932824841   756.6  ham=31 (2 1 0 3 25 0 0)  opth=3
    run240  dpts:3488..3651  robin:Wdeg-Rand  effs:21,871,705  asgs:(3868,noefs=623,fails=60)  fails:11,037  wrgs:37,226  wck:729.1  ngds:1,858  sols:1,398  bound:1,932,824,841
o 1932783114   759.1  ham=47 (4 0 1 8 34 0 0)  opth=9
o 1932783113   759.1  ham=26 (2 0 0 6 18 0 0)  opth=6
o 1932783108   759.1  ham=25 (2 0 0 4 19 0 0)  opth=4
o 1932783102   759.1  ham=15 (1 0 0 4 10 0 0)  opth=4
o 1932783095   759.1  ham=20 (2 0 0 1 17 0 0)  opth=1
o 1932783086   759.1  ham=20 (2 0 0 1 17 0 0)  opth=1
    run241  dpts:2040..2064  robin:PickOnDom-First  effs:21,916,236  asgs:(2242,noefs=322,fails=60)  fails:11,097  wrgs:37,309  wck:731.3  ngds:1,894  sols:1,404  bound:1,932,783,086
o 1932783084   763.4  ham=4 (0 1 0 3 0 0 0)  opth=3
o 1932783083   763.5  ham=40 (4 0 0 1 35 0 0)  opth=1
    run242  dpts:6735..6938  robin:WdegOnDom-Last  effs:22,033,700  asgs:(7220,noefs=859,fails=60)  fails:11,157  wrgs:37,430  wck:736.1  ngds:1,895  sols:1,406  bound:1,932,783,083
    run243  dpts:2151..2167  robin:FrbaOnDom-Rand  effs:22,088,870  asgs:(2247,noefs=227,fails=60)  fails:11,217  wrgs:37,519  wck:738.0  ngds:1,899  sols:1,406  bound:1,932,783,083
o 1932783078   768.0  ham=32 (3 1 0 2 26 0 0)  opth=2
o 1932741337   768.1  ham=31 (2 0 1 1 27 0 0)  opth=2
    run244  dpts:3709..3920  robin:Wdeg-First  effs:22,180,804  asgs:(4183,noefs=691,fails=63)  fails:11,280  wrgs:37,854  wck:740.5  ngds:1,907  sols:1,408  bound:1,932,741,337
o 1932741336   770.3  ham=23 (2 0 0 1 20 0 0)  opth=1
o 1932741329   770.4  ham=24 (2 0 0 2 20 0 0)  opth=2
o 1932741328   770.4  ham=23 (2 0 0 1 20 0 0)  opth=1
o 1932741327   770.4  ham=23 (2 0 0 1 20 0 0)  opth=1
o 1932699578   770.4  ham=42 (2 0 3 10 27 0 0)  opth=13
    run245  dpts:2052..2086  robin:PickOnDom-Last  effs:22,226,400  asgs:(2235,noefs=305,fails=60)  fails:11,340  wrgs:37,931  wck:742.5  ngds:1,969  sols:1,413  bound:1,932,699,578
o 1932699577   774.6  ham=18 (2 0 0 1 15 0 0)  opth=1
o 1932699576   774.6  ham=21 (2 2 0 2 15 0 0)  opth=2
o 1932699575   774.6  ham=4 (0 3 0 1 0 0 0)  opth=1
o 1932699574   774.7  ham=30 (2 0 0 1 27 0 0)  opth=1
o 1932699573   774.7  ham=30 (4 0 0 1 25 0 0)  opth=1
    run246  dpts:6853..7055  robin:WdegOnDom-Rand  effs:22,372,236  asgs:(7962,noefs=963,fails=60)  fails:11,400  wrgs:38,152  wck:747.5  ngds:1,977  sols:1,418  bound:1,932,699,573
o 1932699571   777.2  ham=3 (0 1 0 2 0 0 0)  opth=2
o 1932699570   777.2  ham=26 (2 0 0 4 20 0 0)  opth=4
o 1932657821   777.3  ham=24 (2 0 1 1 20 0 0)  opth=2
    run247  dpts:2191..2340  robin:FrbaOnDom-First  effs:22,445,405  asgs:(2540,noefs=354,fails=60)  fails:11,460  wrgs:38,359  wck:749.5  ngds:1,989  sols:1,421  bound:1,932,657,821
o 1932657819   779.4  ham=20 (2 0 0 2 16 0 0)  opth=2
o 1932657818   779.5  ham=33 (2 0 0 3 28 0 0)  opth=3
o 1932657816   779.5  ham=31 (2 0 0 1 28 0 0)  opth=1
    run248  dpts:3323..3462  robin:Wdeg-Last  effs:22,541,461  asgs:(3748,noefs=634,fails=60)  fails:11,520  wrgs:38,577  wck:751.9  ngds:1,998  sols:1,424  bound:1,932,657,816
o 1932616057   781.7  ham=6 (0 1 1 4 0 0 0)  opth=5
o 1932574290   781.7  ham=37 (2 0 5 8 22 0 0)  opth=13
    run249  dpts:2067..2088  robin:PickOnDom-Rand  effs:22,584,610  asgs:(2169,noefs=257,fails=60)  fails:11,580  wrgs:38,639  wck:753.9  ngds:2,058  sols:1,426  bound:1,932,574,290
o 1932574284   786.2  ham=46 (4 0 0 1 41 0 0)  opth=1
o 1932574281   786.2  ham=24 (2 1 0 1 20 0 0)  opth=1
o 1932574280   786.3  ham=21 (2 0 0 3 16 0 0)  opth=3
    run250  dpts:7460..7654  robin:WdegOnDom-First  effs:22,706,773  asgs:(8101,noefs=1019,fails=60)  fails:11,640  wrgs:38,766  wck:759.0  ngds:2,059  sols:1,429  bound:1,932,574,280
o 1932574279   788.6  ham=3 (0 2 0 1 0 0 0)  opth=1
o 1932574264   788.7  ham=4 (0 1 0 3 0 0 0)  opth=3
o 1932574263   788.7  ham=22 (2 0 0 1 19 0 0)  opth=1
    run251  dpts:2069..2173  robin:FrbaOnDom-Last  effs:22,758,445  asgs:(2334,noefs=325,fails=60)  fails:11,700  wrgs:38,901  wck:760.9  ngds:2,067  sols:1,432  bound:1,932,574,263
o 1932574252   790.9  ham=24 (2 0 0 4 18 0 0)  opth=4
o 1932574250   791.0  ham=26 (2 0 0 1 23 0 0)  opth=1
o 1932574245   791.0  ham=26 (2 0 0 1 23 0 0)  opth=1
o 1932574235   791.1  ham=23 (2 0 0 1 20 0 0)  opth=1
o 1932532486   791.2  ham=5 (0 2 1 2 0 0 0)  opth=3
    run252  dpts:3523..3805  robin:Wdeg-Rand  effs:22,886,685  asgs:(4612,noefs=780,fails=60)  fails:11,760  wrgs:39,666  wck:763.7  ngds:2,068  sols:1,437  bound:1,932,532,486
o 1932532485   793.6  ham=29 (2 0 0 3 24 0 0)  opth=3
o 1932532484   793.6  ham=27 (2 0 0 1 24 0 0)  opth=1
o 1932365449   793.6  ham=43 (2 0 6 11 24 0 0)  opth=17
o 1932281939   793.6  ham=21 (1 0 2 5 13 0 0)  opth=7
o 1932240189   793.6  ham=27 (2 0 1 0 24 0 0)  opth=1
o 1932240187   793.6  ham=29 (2 0 0 3 24 0 0)  opth=3
o 1932240185   793.6  ham=27 (2 0 0 1 24 0 0)  opth=1
o 1932240184   793.6  ham=27 (2 0 0 1 24 0 0)  opth=1
o 1932240182   793.6  ham=28 (2 0 0 2 24 0 0)  opth=2
o 1932240177   793.6  ham=27 (2 0 0 1 24 0 0)  opth=1
o 1932240168   793.6  ham=28 (2 0 0 2 24 0 0)  opth=2
    run253  dpts:2067..2088  robin:PickOnDom-First  effs:22,928,320  asgs:(2269,noefs=378,fails=25)  fails:11,785  wrgs:39,695  wck:765.7  ngds:2,102  sols:1,448  bound:1,932,240,168
o 1932240166   797.8  ham=51 (4 1 0 1 45 0 0)  opth=1
    run254  dpts:6534..6723  robin:WdegOnDom-Last  effs:23,019,245  asgs:(6816,noefs=791,fails=60)  fails:11,845  wrgs:39,794  wck:770.4  ngds:2,103  sols:1,449  bound:1,932,240,166
o 1932240163   800.1  ham=2 (0 1 0 1 0 0 0)  opth=1
    run255  dpts:2097..2182  robin:FrbaOnDom-Rand  effs:23,067,233  asgs:(2248,noefs=263,fails=60)  fails:11,905  wrgs:39,899  wck:772.2  ngds:2,113  sols:1,450  bound:1,932,240,163
o 1932240161   802.1  ham=55 (4 0 0 3 48 0 0)  opth=3
o 1932240160   802.2  ham=3 (0 2 0 1 0 0 0)  opth=1
o 1932240155   802.2  ham=6 (0 3 0 3 0 0 0)  opth=3
    run256  dpts:3185..3349  robin:Wdeg-First  effs:23,144,657  asgs:(3623,noefs=572,fails=60)  fails:11,965  wrgs:40,146  wck:774.5  ngds:2,117  sols:1,453  bound:1,932,240,155
o 1932198395   804.5  ham=14 (1 0 1 1 11 0 0)  opth=2
o 1932198390   804.5  ham=28 (2 0 0 4 22 0 0)  opth=4
o 1932198388   804.5  ham=35 (2 0 2 9 22 0 0)  opth=11
    run257  dpts:2074..2094  robin:PickOnDom-Last  effs:23,187,632  asgs:(2193,noefs=270,fails=60)  fails:12,025  wrgs:40,208  wck:776.7  ngds:2,139  sols:1,456  bound:1,932,198,388
o 1932198387   808.8  ham=79 (8 0 0 1 70 0 0)  opth=1
    run258  dpts:6947..7127  robin:WdegOnDom-Rand  effs:23,282,405  asgs:(7214,noefs=801,fails=60)  fails:12,085  wrgs:40,297  wck:781.5  ngds:2,140  sols:1,457  bound:1,932,198,387
o 1932198356   811.2  ham=44 (2 1 2 13 26 0 0)  opth=15
    run259  dpts:2136..2247  robin:FrbaOnDom-First  effs:23,368,941  asgs:(2310,noefs=258,fails=60)  fails:12,145  wrgs:40,423  wck:783.5  ngds:2,144  sols:1,458  bound:1,932,198,356
o 1932198355   813.3  ham=23 (2 1 0 1 19 0 0)  opth=1
o 1932198354   813.3  ham=37 (4 0 0 1 32 0 0)  opth=1
o 1932198352   813.4  ham=21 (2 0 0 1 18 0 0)  opth=1
o 1932198351   813.5  ham=16 (2 0 0 2 12 0 0)  opth=2
    run260  dpts:3223..3365  robin:Wdeg-Last  effs:23,527,981  asgs:(3672,noefs=609,fails=60)  fails:12,205  wrgs:40,618  wck:785.9  ngds:2,148  sols:1,462  bound:1,932,198,351
    run261  dpts:2076..2077  robin:PickOnDom-Rand  effs:23,570,718  asgs:(2137,noefs=219,fails=60)  fails:12,265  wrgs:40,679  wck:787.9  ngds:2,174  sols:1,462  bound:1,932,198,351
o 1932198347   820.2  ham=26 (2 0 0 4 20 0 0)  opth=4
o 1932198346   820.2  ham=66 (6 0 0 1 59 0 0)  opth=1
o 1932198345   820.2  ham=2 (0 1 0 1 0 0 0)  opth=1
o 1932198344   820.3  ham=139 (10 0 0 1 128 0 0)  opth=1
o 1932198343   820.3  ham=37 (4 0 0 2 31 0 0)  opth=2
    run262  dpts:7612..7795  robin:WdegOnDom-First  effs:23,691,596  asgs:(8593,noefs=1120,fails=63)  fails:12,328  wrgs:40,831  wck:793.1  ngds:2,178  sols:1,467  bound:1,932,198,343
o 1932198340   822.7  ham=10 (1 0 0 3 6 0 0)  opth=3
    run263  dpts:2115..2200  robin:FrbaOnDom-Last  effs:23,750,903  asgs:(2262,noefs=240,fails=60)  fails:12,388  wrgs:40,934  wck:794.9  ngds:2,183  sols:1,468  bound:1,932,198,340
o 1932156593   824.9  ham=42 (4 1 1 3 33 0 0)  opth=4
o 1932156583   825.0  ham=4 (0 2 0 2 0 0 0)  opth=2
o 1932156577   825.2  ham=30 (2 2 0 2 24 0 0)  opth=2
o 1932156575   825.2  ham=27 (2 0 0 1 24 0 0)  opth=1
    run264  dpts:3305..3603  robin:Wdeg-Rand  effs:23,936,205  asgs:(4237,noefs=671,fails=60)  fails:12,448  wrgs:41,605  wck:797.8  ngds:2,187  sols:1,472  bound:1,932,156,575
o 1932114820   827.6  ham=28 (2 1 1 4 20 0 0)  opth=5
o 1932073068   827.6  ham=9 (0 2 1 6 0 0 0)  opth=7
o 1932073064   827.6  ham=4 (0 1 0 3 0 0 0)  opth=3
o 1932031317   827.6  ham=6 (0 1 1 4 0 0 0)  opth=5
o 1932031308   827.6  ham=30 (2 0 2 4 22 0 0)  opth=6
    run265  dpts:2070..2100  robin:PickOnDom-First  effs:23,982,064  asgs:(2261,noefs=306,fails=60)  fails:12,508  wrgs:41,688  wck:799.8  ngds:2,225  sols:1,477  bound:1,932,031,308
o 1932031307   832.0  ham=25 (2 0 0 1 22 0 0)  opth=1
o 1932031306   832.0  ham=74 (6 0 0 1 67 0 0)  opth=1
o 1932031305   832.0  ham=24 (2 1 0 1 20 0 0)  opth=1
o 1932031304   832.1  ham=55 (4 1 0 1 49 0 0)  opth=1
o 1932031303   832.1  ham=23 (2 0 0 1 20 0 0)  opth=1
o 1932031302   832.1  ham=23 (2 0 0 1 20 0 0)  opth=1
o 1932031301   832.2  ham=23 (2 0 0 1 20 0 0)  opth=1
o 1932031300   832.2  ham=24 (2 1 0 1 20 0 0)  opth=1
o 1932031297   832.2  ham=157 (14 3 0 2 138 0 0)  opth=2
o 1932031296   832.3  ham=25 (2 0 0 1 22 0 0)  opth=1
o 1932031295   832.3  ham=43 (4 0 0 1 38 0 0)  opth=1
    run266  dpts:7005..7173  robin:WdegOnDom-Last  effs:24,108,678  asgs:(8815,noefs=1163,fails=36)  fails:12,544  wrgs:41,777  wck:805.0  ngds:2,228  sols:1,488  bound:1,932,031,295
    run267  dpts:2046..2046  robin:FrbaOnDom-Rand  effs:24,157,674  asgs:(2106,noefs=191,fails=60)  fails:12,604  wrgs:41,837  wck:806.7  ngds:2,288  sols:1,488  bound:1,932,031,295
o 1932031284   836.5  ham=21 (2 0 0 2 17 0 0)  opth=2
o 1932031283   836.6  ham=21 (2 1 0 1 17 0 0)  opth=1
o 1932031278   836.8  ham=46 (4 0 0 4 38 0 0)  opth=4
    run268  dpts:3363..3620  robin:Wdeg-First  effs:24,318,317  asgs:(3996,noefs=631,fails=63)  fails:12,667  wrgs:42,276  wck:809.3  ngds:2,296  sols:1,491  bound:1,932,031,278
o 1931989528   839.1  ham=12 (1 1 1 2 7 0 0)  opth=3
o 1931989526   839.1  ham=24 (2 0 0 2 20 0 0)  opth=2
o 1931989525   839.1  ham=23 (2 0 0 1 20 0 0)  opth=1
o 1931989508   839.1  ham=35 (2 0 0 8 25 0 0)  opth=8
    run269  dpts:2087..2110  robin:PickOnDom-Last  effs:24,361,938  asgs:(2237,noefs=287,fails=60)  fails:12,727  wrgs:42,347  wck:811.3  ngds:2,302  sols:1,495  bound:1,931,989,508
o 1931989507   843.5  ham=67 (6 0 0 1 60 0 0)  opth=1
o 1931989506   843.6  ham=58 (4 2 0 1 51 0 0)  opth=1
o 1931989505   843.7  ham=20 (2 0 0 1 17 0 0)  opth=1
o 1931989504   843.7  ham=51 (4 0 0 1 46 0 0)  opth=1
    run270  dpts:7508..7683  robin:WdegOnDom-Rand  effs:24,499,353  asgs:(8270,noefs=1091,fails=60)  fails:12,787  wrgs:42,474  wck:816.5  ngds:2,304  sols:1,499  bound:1,931,989,504
 ...resetting restart cutoff to 65
o 1931947765   846.1  ham=32 (2 1 1 6 22 0 0)  opth=7
o 1931947764   846.2  ham=25 (2 0 0 1 22 0 0)  opth=1
o 1931947739   846.2  ham=34 (2 0 0 10 22 0 0)  opth=10
o 1931947738   846.2  ham=11 (1 1 0 2 7 0 0)  opth=2
o 1931947736   846.2  ham=27 (2 1 0 2 22 0 0)  opth=2
o 1931947729   846.3  ham=25 (2 0 0 1 22 0 0)  opth=1
o 1931947728   846.3  ham=25 (2 0 0 1 22 0 0)  opth=1
o 1931947720   846.3  ham=12 (1 0 0 3 8 0 0)  opth=3
o 1931947719   846.4  ham=19 (2 0 0 1 16 0 0)  opth=1
o 1931947714   846.4  ham=20 (2 0 0 2 16 0 0)  opth=2
    run271  dpts:2030..2173  robin:FrbaOnDom-First  effs:24,585,202  asgs:(2865,noefs=516,fails=65)  fails:12,852  wrgs:42,896  wck:818.6  ngds:2,316  sols:1,509  bound:1,931,947,714
o 1931947713   848.5  ham=15 (2 0 0 1 12 0 0)  opth=1
o 1931947711   848.6  ham=27 (2 0 0 2 23 0 0)  opth=2
o 1931947710   848.6  ham=25 (2 1 0 3 19 0 0)  opth=3
    run272  dpts:3391..3506  robin:Wdeg-Last  effs:24,681,432  asgs:(3701,noefs=621,fails=65)  fails:12,917  wrgs:43,033  wck:821.0  ngds:2,325  sols:1,512  bound:1,931,947,710
o 1931905960   850.8  ham=16 (1 0 1 4 10 0 0)  opth=5
o 1931905959   850.8  ham=27 (2 0 0 1 24 0 0)  opth=1
o 1931905947   850.8  ham=31 (2 0 2 4 23 0 0)  opth=6
o 1931905946   850.8  ham=19 (1 0 2 5 11 0 0)  opth=7
o 1931905942   850.8  ham=28 (2 0 0 2 24 0 0)  opth=2
o 1931905941   850.8  ham=28 (2 0 0 2 24 0 0)  opth=2
o 1931905937   850.9  ham=29 (2 0 0 3 24 0 0)  opth=3
    run273  dpts:2090..2111  robin:PickOnDom-Rand  effs:24,725,566  asgs:(2290,noefs=323,fails=65)  fails:12,982  wrgs:43,120  wck:823.0  ngds:2,349  sols:1,519  bound:1,931,905,937
o 1931905936   855.2  ham=69 (6 3 0 4 56 0 0)  opth=4
o 1931905935   855.2  ham=25 (2 0 0 1 22 0 0)  opth=1
o 1931905926   855.3  ham=27 (2 0 0 1 24 0 0)  opth=1
    run274  dpts:6814..6995  robin:WdegOnDom-First  effs:24,854,594  asgs:(7436,noefs=870,fails=65)  fails:13,047  wrgs:43,271  wck:828.0  ngds:2,354  sols:1,522  bound:1,931,905,926
o 1931864184   857.5  ham=24 (1 0 1 8 14 0 0)  opth=9
o 1931864172   857.6  ham=41 (2 0 2 11 26 0 0)  opth=13
o 1931822449   857.7  ham=38 (2 0 1 9 26 0 0)  opth=10
o 1931780713   857.9  ham=34 (2 1 1 3 27 0 0)  opth=4
o 1931738976   858.0  ham=45 (2 0 5 11 27 0 0)  opth=16
o 1931738971   858.1  ham=3 (0 1 0 2 0 0 0)  opth=2
o 1931738962   858.2  ham=30 (2 0 0 1 27 0 0)  opth=1
o 1931738961   858.2  ham=31 (2 0 0 2 27 0 0)  opth=2
o 1931738960   858.2  ham=30 (2 0 0 1 27 0 0)  opth=1
o 1931738959   858.3  ham=32 (2 0 0 4 26 0 0)  opth=4
o 1931738958   858.3  ham=30 (2 0 0 1 27 0 0)  opth=1
    run275  dpts:1948..2129  robin:FrbaOnDom-Last  effs:25,009,702  asgs:(3127,noefs=513,fails=63)  fails:13,110  wrgs:44,007  wck:830.4  ngds:2,372  sols:1,533  bound:1,931,738,958
o 1931738955   860.5  ham=29 (2 0 0 4 23 0 0)  opth=4
    run276  dpts:3639..3794  robin:Wdeg-Rand  effs:25,162,237  asgs:(3935,noefs=606,fails=65)  fails:13,175  wrgs:44,239  wck:833.0  ngds:2,374  sols:1,534  bound:1,931,738,955
o 1931738952   862.8  ham=30 (2 1 4 8 15 0 0)  opth=12
o 1931613680   862.8  ham=32 (2 1 3 10 16 0 0)  opth=13
o 1931613670   862.8  ham=23 (2 0 2 5 14 0 0)  opth=7
o 1931571918   862.8  ham=20 (2 0 1 3 14 0 0)  opth=4
o 1931571909   862.9  ham=17 (2 0 0 1 14 0 0)  opth=1
o 1931571906   862.9  ham=4 (0 1 0 3 0 0 0)  opth=3
o 1931571900   862.9  ham=19 (2 0 0 3 14 0 0)  opth=3
o 1931571896   862.9  ham=2 (0 1 0 1 0 0 0)  opth=1
o 1931530171   862.9  ham=37 (2 0 1 11 23 0 0)  opth=12
o 1931530168   862.9  ham=34 (2 0 0 9 23 0 0)  opth=9
    run277  dpts:2095..2128  robin:PickOnDom-First  effs:25,211,104  asgs:(2375,noefs=368,fails=65)  fails:13,240  wrgs:44,336  wck:835.1  ngds:2,410  sols:1,544  bound:1,931,530,168
o 1931530167   867.1  ham=107 (8 0 0 1 98 0 0)  opth=1
o 1931530166   867.1  ham=26 (2 0 0 1 23 0 0)  opth=1
o 1931530165   867.1  ham=68 (6 0 0 1 61 0 0)  opth=1
o 1931530163   867.2  ham=26 (2 0 0 1 23 0 0)  opth=1
o 1931530161   867.2  ham=24 (2 0 0 1 21 0 0)  opth=1
    run278  dpts:6898..7078  robin:WdegOnDom-Last  effs:25,337,778  asgs:(7811,noefs=969,fails=65)  fails:13,305  wrgs:44,490  wck:840.0  ngds:2,413  sols:1,549  bound:1,931,530,161
o 1931530157   869.5  ham=5 (0 1 0 4 0 0 0)  opth=4
o 1931530156   869.6  ham=27 (2 0 0 1 24 0 0)  opth=1
o 1931530150   869.6  ham=26 (2 0 2 5 17 0 0)  opth=7
    run279  dpts:1888..1984  robin:FrbaOnDom-Rand  effs:25,396,590  asgs:(2195,noefs=291,fails=65)  fails:13,370  wrgs:44,667  wck:841.8  ngds:2,419  sols:1,552  bound:1,931,530,150
o 1931530147   871.7  ham=2 (0 1 0 1 0 0 0)  opth=1
o 1931530146   871.9  ham=20 (2 0 0 2 16 0 0)  opth=2
    run280  dpts:3320..3459  robin:Wdeg-First  effs:25,498,130  asgs:(3631,noefs=592,fails=65)  fails:13,435  wrgs:44,866  wck:844.2  ngds:2,423  sols:1,554  bound:1,931,530,146
o 1931404851   874.1  ham=29 (2 0 3 7 17 0 0)  opth=10
o 1931404846   874.1  ham=28 (2 0 0 5 21 0 0)  opth=5
o 1931404842   874.1  ham=24 (2 0 0 1 21 0 0)  opth=1
o 1931404841   874.1  ham=26 (2 0 0 3 21 0 0)  opth=3
o 1931404837   874.1  ham=33 (2 0 0 5 26 0 0)  opth=5
o 1931404836   874.2  ham=29 (2 0 0 1 26 0 0)  opth=1
    run281  dpts:2101..2130  robin:PickOnDom-Last  effs:25,549,810  asgs:(2301,noefs=313,fails=65)  fails:13,500  wrgs:44,961  wck:846.3  ngds:2,425  sols:1,560  bound:1,931,404,836
o 1931404835   878.8  ham=28 (2 1 0 1 24 0 0)  opth=1
o 1931404833   878.8  ham=212 (22 0 0 1 189 0 0)  opth=1
    run282  dpts:7607..7802  robin:WdegOnDom-Rand  effs:25,662,589  asgs:(8097,noefs=1030,fails=65)  fails:13,565  wrgs:45,120  wck:851.6  ngds:2,430  sols:1,562  bound:1,931,404,833
o 1931404813   881.1  ham=35 (2 0 0 12 21 0 0)  opth=12
o 1931404809   881.1  ham=25 (2 0 0 2 21 0 0)  opth=2
o 1931404808   881.1  ham=24 (2 0 0 1 21 0 0)  opth=1
    run283  dpts:1904..2007  robin:FrbaOnDom-First  effs:25,712,106  asgs:(2199,noefs=288,fails=65)  fails:13,630  wrgs:45,297  wck:853.3  ngds:2,431  sols:1,565  bound:1,931,404,808
o 1931404807   883.2  ham=2 (0 1 0 1 0 0 0)  opth=1
o 1931404806   883.2  ham=16 (2 0 0 2 12 0 0)  opth=2
    run284  dpts:3429..3499  robin:Wdeg-Last  effs:25,827,634  asgs:(3679,noefs=610,fails=65)  fails:13,695  wrgs:45,421  wck:855.7  ngds:2,433  sols:1,567  bound:1,931,404,806
o 1931321299   885.6  ham=56 (2 0 10 17 27 0 0)  opth=27
o 1931279541   885.6  ham=18 (1 0 1 2 14 0 0)  opth=3
o 1931237791   885.6  ham=36 (2 0 3 4 27 0 0)  opth=7
    run285  dpts:2130..2147  robin:PickOnDom-Rand  effs:25,872,792  asgs:(2250,noefs=270,fails=65)  fails:13,760  wrgs:45,493  wck:857.8  ngds:2,497  sols:1,570  bound:1,931,237,791
o 1931237789   890.1  ham=23 (2 0 0 4 17 0 0)  opth=4
o 1931237788   890.1  ham=19 (2 0 0 2 15 0 0)  opth=2
o 1931237783   890.2  ham=42 (4 0 0 2 36 0 0)  opth=2
o 1931237782   890.4  ham=21 (2 0 0 1 18 0 0)  opth=1
    run286  dpts:7634..7844  robin:WdegOnDom-First  effs:26,114,421  asgs:(8605,noefs=1127,fails=65)  fails:13,825  wrgs:45,795  wck:863.2  ngds:2,501  sols:1,574  bound:1,931,237,782
o 1931237779   892.7  ham=27 (2 0 0 1 24 0 0)  opth=1
o 1931196039   892.8  ham=19 (1 1 1 2 14 0 0)  opth=3
o 1931196036   892.9  ham=2 (0 1 0 1 0 0 0)  opth=1
    run287  dpts:1848..2022  robin:FrbaOnDom-Last  effs:26,204,806  asgs:(2266,noefs=291,fails=65)  fails:13,890  wrgs:46,070  wck:865.1  ngds:2,502  sols:1,577  bound:1,931,196,036
o 1931196033   895.1  ham=21 (2 1 0 1 17 0 0)  opth=1
o 1931196032   895.1  ham=2 (0 1 0 1 0 0 0)  opth=1
o 1931196031   895.1  ham=67 (6 0 0 2 59 0 0)  opth=2
o 1931196030   895.1  ham=65 (6 1 0 2 56 0 0)  opth=2
o 1931196028   895.2  ham=20 (2 0 0 2 16 0 0)  opth=2
    run288  dpts:3402..3545  robin:Wdeg-Rand  effs:26,325,006  asgs:(3915,noefs=702,fails=65)  fails:13,955  wrgs:46,291  wck:867.6  ngds:2,507  sols:1,582  bound:1,931,196,028
o 1931196021   897.5  ham=6 (0 2 2 2 0 0 0)  opth=4
o 1931196011   897.5  ham=14 (1 0 0 3 10 0 0)  opth=3
    run289  dpts:2114..2144  robin:PickOnDom-First  effs:26,368,066  asgs:(2242,noefs=264,fails=65)  fails:14,020  wrgs:46,376  wck:869.7  ngds:2,515  sols:1,584  bound:1,931,196,011
o 1931196007   901.7  ham=20 (2 0 0 1 17 0 0)  opth=1
o 1931196006   901.8  ham=3 (0 2 0 1 0 0 0)  opth=1
o 1931154316   901.8  ham=186 (16 1 1 10 158 0 0)  opth=11
o 1931154307   901.9  ham=30 (2 0 0 1 27 0 0)  opth=1
o 1931154306   901.9  ham=23 (2 0 0 1 20 0 0)  opth=1
o 1931154290   902.0  ham=104 (8 2 0 4 90 0 0)  opth=4
o 1931154289   902.0  ham=23 (2 0 0 1 20 0 0)  opth=1
o 1931154284   902.0  ham=2 (0 1 0 1 0 0 0)  opth=1
o 1931154274   902.1  ham=4 (0 1 0 3 0 0 0)  opth=3
    run290  dpts:6718..6918  robin:WdegOnDom-Last  effs:26,598,462  asgs:(8475,noefs=1163,fails=65)  fails:14,085  wrgs:46,687  wck:874.9  ngds:2,518  sols:1,593  bound:1,931,154,274
o 1931154273   904.4  ham=24 (2 1 0 3 18 0 0)  opth=3
    run291  dpts:1859..1905  robin:FrbaOnDom-Rand  effs:26,649,283  asgs:(1978,noefs=211,fails=65)  fails:14,150  wrgs:46,761  wck:876.6  ngds:2,523  sols:1,594  bound:1,931,154,273
o 1931154272   906.4  ham=27 (2 0 0 1 24 0 0)  opth=1
o 1931154266   906.4  ham=3 (0 1 0 2 0 0 0)  opth=2
o 1931154265   906.5  ham=25 (2 0 0 1 22 0 0)  opth=1
o 1931154264   906.5  ham=45 (4 0 0 1 40 0 0)  opth=1
o 1931154263   906.6  ham=51 (4 0 0 1 46 0 0)  opth=1
    run292  dpts:3186..3363  robin:Wdeg-First  effs:26,787,387  asgs:(3691,noefs=648,fails=65)  fails:14,215  wrgs:46,987  wck:879.0  ngds:2,526  sols:1,599  bound:1,931,154,263
o 1931112497   908.8  ham=25 (2 0 1 4 18 0 0)  opth=5
o 1931112496   908.8  ham=21 (2 0 0 1 18 0 0)  opth=1
    run293  dpts:2113..2138  robin:PickOnDom-Last  effs:26,843,932  asgs:(2241,noefs=263,fails=65)  fails:14,280  wrgs:47,067  wck:881.0  ngds:2,542  sols:1,601  bound:1,931,112,496
o 1931112495   913.0  ham=17 (2 0 0 1 14 0 0)  opth=1
    run294  dpts:6622..6794  robin:WdegOnDom-Rand  effs:26,942,527  asgs:(6887,noefs=835,fails=65)  fails:14,345  wrgs:47,172  wck:885.6  ngds:2,544  sols:1,602  bound:1,931,112,495
o 1931112485   915.1  ham=20 (2 0 0 2 16 0 0)  opth=2
o 1931112466   915.2  ham=24 (2 0 0 5 17 0 0)  opth=5
    run295  dpts:1874..1977  robin:FrbaOnDom-First  effs:27,011,455  asgs:(2155,noefs=254,fails=65)  fails:14,410  wrgs:47,364  wck:887.4  ngds:2,547  sols:1,604  bound:1,931,112,466
o 1931112465   917.3  ham=23 (2 1 0 3 17 0 0)  opth=3
o 1931112464   917.4  ham=27 (2 1 0 2 22 0 0)  opth=2
o 1931112460   917.5  ham=34 (2 0 0 4 28 0 0)  opth=4
    run296  dpts:3322..3474  robin:Wdeg-Last  effs:27,150,508  asgs:(3715,noefs=590,fails=65)  fails:14,475  wrgs:47,585  wck:889.9  ngds:2,552  sols:1,607  bound:1,931,112,460
o 1931070708   919.7  ham=33 (2 0 1 3 27 0 0)  opth=4
o 1931070693   919.7  ham=31 (2 0 0 2 27 0 0)  opth=2
    run297  dpts:2157..2180  robin:PickOnDom-Rand  effs:27,195,169  asgs:(2272,noefs=256,fails=65)  fails:14,540  wrgs:47,657  wck:891.9  ngds:2,555  sols:1,609  bound:1,931,070,693
o 1931070690   923.9  ham=47 (4 0 0 1 42 0 0)  opth=1
o 1931070665   924.0  ham=24 (2 0 0 4 18 0 0)  opth=4
o 1931070663   924.1  ham=21 (2 0 0 1 18 0 0)  opth=1
    run298  dpts:6895..7093  robin:WdegOnDom-First  effs:27,365,518  asgs:(7672,noefs=939,fails=65)  fails:14,605  wrgs:47,942  wck:896.9  ngds:2,558  sols:1,612  bound:1,931,070,663
o 1931070662   926.3  ham=2 (0 1 0 1 0 0 0)  opth=1
o 1931028916   926.4  ham=4 (0 1 1 2 0 0 0)  opth=3
o 1931028914   926.5  ham=35 (2 0 2 8 23 0 0)  opth=10
o 1930987168   926.5  ham=32 (2 0 1 6 23 0 0)  opth=7
o 1930987162   926.7  ham=33 (2 0 0 4 27 0 0)  opth=4
o 1930987161   926.8  ham=32 (2 0 2 1 27 0 0)  opth=3
    run299  dpts:1826..2019  robin:FrbaOnDom-Last  effs:27,475,548  asgs:(2555,noefs=391,fails=65)  fails:14,670  wrgs:48,414  wck:898.9  ngds:2,561  sols:1,618  bound:1,930,987,161
o 1930987160   928.8  ham=25 (2 0 0 1 22 0 0)  opth=1
o 1930987156   928.8  ham=25 (2 0 0 1 22 0 0)  opth=1
o 1930987155   928.8  ham=21 (2 0 0 1 18 0 0)  opth=1
o 1930987154   928.9  ham=25 (2 0 0 1 22 0 0)  opth=1
o 1930945425   928.9  ham=71 (6 1 3 5 56 0 0)  opth=8
o 1930945424   929.0  ham=40 (4 0 0 1 35 0 0)  opth=1
o 1930945422   929.1  ham=29 (2 2 0 3 22 0 0)  opth=3
o 1930945421   929.1  ham=3 (0 1 0 2 0 0 0)  opth=2
o 1930945420   929.1  ham=45 (4 1 0 1 39 0 0)  opth=1
o 1930945419   929.2  ham=21 (2 0 0 1 18 0 0)  opth=1
o 1930945418   929.2  ham=28 (2 1 0 3 22 0 0)  opth=3
    run300  dpts:3194..3427  robin:Wdeg-Rand  effs:27,584,485  asgs:(4228,noefs=825,fails=47)  fails:14,717  wrgs:48,856  wck:901.5  ngds:2,564  sols:1,629  bound:1,930,945,418
o 1930945411   931.3  ham=28 (2 0 0 8 18 0 0)  opth=8
o 1930945400   931.3  ham=29 (2 0 0 9 18 0 0)  opth=9
o 1930945398   931.3  ham=21 (2 0 0 1 18 0 0)  opth=1
o 1930945397   931.3  ham=21 (2 0 0 1 18 0 0)  opth=1
o 1930945395   931.3  ham=22 (2 0 0 2 18 0 0)  opth=2
o 1930903644   931.3  ham=34 (2 0 3 8 21 0 0)  opth=11
o 1930903640   931.3  ham=5 (0 1 2 2 0 0 0)  opth=4
o 1930861895   931.4  ham=28 (2 0 1 4 21 0 0)  opth=5
o 1930861887   931.4  ham=32 (2 0 2 7 21 0 0)  opth=9
o 1930861882   931.4  ham=24 (2 0 0 1 21 0 0)  opth=1
    run301  dpts:2160..2184  robin:PickOnDom-First  effs:27,628,796  asgs:(2425,noefs=380,fails=65)  fails:14,782  wrgs:48,934  wck:903.5  ngds:2,568  sols:1,639  bound:1,930,861,882
o 1930861881   935.8  ham=190 (18 0 0 1 171 0 0)  opth=1
    run302  dpts:7590..7763  robin:WdegOnDom-Last  effs:27,726,912  asgs:(7848,noefs=1049,fails=65)  fails:14,847  wrgs:49,025  wck:908.6  ngds:2,569  sols:1,640  bound:1,930,861,881
o 1930861880   938.0  ham=3 (0 1 0 2 0 0 0)  opth=2
o 1930861879   938.1  ham=8 (0 3 0 5 0 0 0)  opth=5
o 1930861877   938.1  ham=3 (0 1 0 2 0 0 0)  opth=2
    run303  dpts:1799..1884  robin:FrbaOnDom-Rand  effs:27,779,927  asgs:(2057,noefs=270,fails=65)  fails:14,912  wrgs:49,158  wck:910.3  ngds:2,570  sols:1,643  bound:1,930,861,877
o 1930861876   940.1  ham=21 (2 0 0 1 18 0 0)  opth=1
o 1930861872   940.1  ham=25 (2 0 0 2 21 0 0)  opth=2
o 1930861868   940.3  ham=19 (2 0 0 1 16 0 0)  opth=1
o 1930778376   940.4  ham=8 (0 2 2 4 0 0 0)  opth=6
o 1930778375   940.4  ham=21 (2 1 0 1 17 0 0)  opth=1
o 1930778373   940.5  ham=21 (2 0 0 1 18 0 0)  opth=1
    run304  dpts:3160..3396  robin:Wdeg-First  effs:27,886,586  asgs:(4011,noefs=684,fails=65)  fails:14,977  wrgs:49,687  wck:912.8  ngds:2,579  sols:1,649  bound:1,930,778,373
o 1930778372   942.7  ham=23 (2 0 0 1 20 0 0)  opth=1
    run305  dpts:2164..2185  robin:PickOnDom-Last  effs:27,929,852  asgs:(2252,noefs=234,fails=65)  fails:15,042  wrgs:49,753  wck:914.9  ngds:2,645  sols:1,650  bound:1,930,778,372
o 1930778371   947.2  ham=53 (6 0 0 1 46 0 0)  opth=1
    run306  dpts:7583..7761  robin:WdegOnDom-Rand  effs:28,024,817  asgs:(7853,noefs=1061,fails=65)  fails:15,107  wrgs:49,844  wck:919.9  ngds:2,648  sols:1,651  bound:1,930,778,371
o 1930736625   949.4  ham=20 (1 0 1 4 14 0 0)  opth=5
o 1930736624   949.5  ham=37 (2 0 2 8 25 0 0)  opth=10
o 1930736622   949.5  ham=34 (2 0 2 4 26 0 0)  opth=6
o 1930694880   949.6  ham=33 (2 0 1 4 26 0 0)  opth=5
o 1930694876   949.7  ham=31 (2 0 0 3 26 0 0)  opth=3
o 1930694871   949.7  ham=34 (2 0 0 6 26 0 0)  opth=6
o 1930694870   949.7  ham=27 (2 0 0 1 24 0 0)  opth=1
    run307  dpts:1786..1971  robin:FrbaOnDom-First  effs:28,135,963  asgs:(2558,noefs=419,fails=65)  fails:15,172  wrgs:50,318  wck:921.9  ngds:2,667  sols:1,658  bound:1,930,694,870
o 1930694869   951.8  ham=24 (2 0 0 1 21 0 0)  opth=1
o 1930694864   951.8  ham=23 (2 0 0 1 20 0 0)  opth=1
o 1930694863   951.9  ham=30 (2 0 0 2 26 0 0)  opth=2
o 1930694861   951.9  ham=50 (4 0 0 1 45 0 0)  opth=1
o 1930653128   952.1  ham=49 (4 1 1 6 37 0 0)  opth=7
    run308  dpts:3137..3390  robin:Wdeg-Last  effs:28,295,076  asgs:(3972,noefs=662,fails=65)  fails:15,237  wrgs:50,811  wck:924.6  ngds:2,669  sols:1,663  bound:1,930,653,128
o 1930611370   954.5  ham=38 (2 0 3 7 26 0 0)  opth=10
    run309  dpts:2164..2184  robin:PickOnDom-Rand  effs:28,339,230  asgs:(2251,noefs=235,fails=65)  fails:15,302  wrgs:50,877  wck:926.6  ngds:2,706  sols:1,664  bound:1,930,611,370
    run310  dpts:7611..7627  robin:WdegOnDom-First  effs:28,437,941  asgs:(7726,noefs=1012,fails=65)  fails:15,367  wrgs:50,987  wck:931.6  ngds:2,710  sols:1,664  bound:1,930,611,370
o 1930611356   961.0  ham=16 (1 0 0 5 10 0 0)  opth=5
o 1930569588   961.1  ham=34 (2 0 1 7 24 0 0)  opth=8
    run311  dpts:1722..1920  robin:FrbaOnDom-Last  effs:28,512,994  asgs:(2101,noefs=233,fails=68)  fails:15,435  wrgs:51,284  wck:933.4  ngds:2,769  sols:1,666  bound:1,930,569,588
o 1930569582   963.3  ham=44 (4 0 0 1 39 0 0)  opth=1
o 1930569581   963.4  ham=22 (2 1 0 1 18 0 0)  opth=1
o 1930569578   963.4  ham=20 (2 0 0 1 17 0 0)  opth=1
o 1930569577   963.5  ham=27 (2 1 0 3 21 0 0)  opth=3
    run312  dpts:3101..3328  robin:Wdeg-Rand  effs:28,651,927  asgs:(3703,noefs=625,fails=65)  fails:15,500  wrgs:51,608  wck:935.9  ngds:2,776  sols:1,670  bound:1,930,569,577
o 1930569576   965.8  ham=22 (2 0 0 3 17 0 0)  opth=3
o 1930569566   965.8  ham=26 (2 0 0 7 17 0 0)  opth=7
o 1930569562   965.8  ham=22 (2 0 0 3 17 0 0)  opth=3
o 1930569561   965.8  ham=22 (2 0 0 3 17 0 0)  opth=3
o 1930569560   965.8  ham=20 (2 0 0 1 17 0 0)  opth=1
o 1930527810   965.8  ham=32 (2 0 1 8 21 0 0)  opth=9
o 1930527809   965.8  ham=49 (2 0 4 15 28 0 0)  opth=19
    run313  dpts:2157..2194  robin:PickOnDom-First  effs:28,701,414  asgs:(2419,noefs=340,fails=65)  fails:15,565  wrgs:51,702  wck:938.0  ngds:2,795  sols:1,677  bound:1,930,527,809
o 1930527808   970.3  ham=71 (6 0 0 1 64 0 0)  opth=1
o 1930527805   970.4  ham=25 (2 0 0 2 21 0 0)  opth=2
    run314  dpts:7622..7820  robin:WdegOnDom-Last  effs:28,822,518  asgs:(8134,noefs=1099,fails=65)  fails:15,630  wrgs:51,877  wck:943.2  ngds:2,797  sols:1,679  bound:1,930,527,805
o 1930527803   972.6  ham=34 (2 0 0 5 27 0 0)  opth=5
o 1930527802   972.6  ham=30 (2 0 0 1 27 0 0)  opth=1
o 1930486057   972.7  ham=36 (2 0 1 6 27 0 0)  opth=7
o 1930486043   972.8  ham=35 (2 0 0 6 27 0 0)  opth=6
o 1930486042   972.8  ham=21 (1 0 2 6 12 0 0)  opth=8
    run315  dpts:1735..1936  robin:FrbaOnDom-Rand  effs:28,897,412  asgs:(2275,noefs=350,fails=65)  fails:15,695  wrgs:52,209  wck:945.0  ngds:2,814  sols:1,684  bound:1,930,486,042
o 1930486040   974.9  ham=28 (2 0 0 1 25 0 0)  opth=1
o 1930486039   975.0  ham=43 (4 0 0 1 38 0 0)  opth=1
o 1930486033   975.0  ham=31 (2 0 0 2 27 0 0)  opth=2
    run316  dpts:3358..3571  robin:Wdeg-First  effs:29,031,355  asgs:(3869,noefs=647,fails=65)  fails:15,760  wrgs:52,517  wck:947.5  ngds:2,816  sols:1,687  bound:1,930,486,033
o 1930444283   977.4  ham=32 (2 0 1 6 23 0 0)  opth=7
o 1930402534   977.4  ham=39 (2 0 1 11 25 0 0)  opth=12
    run317  dpts:2160..2188  robin:PickOnDom-Last  effs:29,080,318  asgs:(2294,noefs=254,fails=65)  fails:15,825  wrgs:52,604  wck:949.6  ngds:2,824  sols:1,689  bound:1,930,402,534
o 1930402533   981.8  ham=27 (2 0 0 1 24 0 0)  opth=1
o 1930402532   981.8  ham=28 (2 1 0 1 24 0 0)  opth=1
o 1930402531   981.8  ham=27 (2 0 0 1 24 0 0)  opth=1
o 1930402530   981.9  ham=103 (10 0 0 1 92 0 0)  opth=1
o 1930402526   982.0  ham=32 (2 0 0 1 29 0 0)  opth=1
    run318  dpts:6976..7173  robin:WdegOnDom-Rand  effs:29,267,307  asgs:(7963,noefs=1033,fails=65)  fails:15,890  wrgs:52,754  wck:954.8  ngds:2,826  sols:1,694  bound:1,930,402,526
o 1930402523   984.2  ham=33 (2 1 0 6 24 0 0)  opth=6
o 1930402514   984.2  ham=29 (2 1 0 2 24 0 0)  opth=2
o 1930402511   984.3  ham=32 (2 0 0 5 25 0 0)  opth=5
o 1930402507   984.3  ham=34 (2 0 0 5 27 0 0)  opth=5
    run319  dpts:1694..1797  robin:FrbaOnDom-First  effs:29,316,749  asgs:(2119,noefs=297,fails=65)  fails:15,955  wrgs:53,023  wck:956.4  ngds:2,833  sols:1,698  bound:1,930,402,507
o 1930360764   986.3  ham=4 (0 1 1 2 0 0 0)  opth=3
o 1930360761   986.4  ham=4 (0 2 0 2 0 0 0)  opth=2
o 1930360760   986.5  ham=34 (2 3 0 4 25 0 0)  opth=4
o 1930360759   986.5  ham=23 (2 0 0 2 19 0 0)  opth=2
o 1930360752   986.6  ham=30 (2 0 0 2 26 0 0)  opth=2
o 1930360746   986.8  ham=30 (2 0 0 2 26 0 0)  opth=2
    run320  dpts:3152..3459  robin:Wdeg-Last  effs:29,526,025  asgs:(4255,noefs=697,fails=65)  fails:16,020  wrgs:53,706  wck:959.3  ngds:2,836  sols:1,704  bound:1,930,360,746
    run321  dpts:2175..2177  robin:PickOnDom-Rand  effs:29,569,904  asgs:(2244,noefs=217,fails=65)  fails:16,085  wrgs:53,774  wck:961.3  ngds:2,862  sols:1,704  bound:1,930,360,746
o 1930360744   993.6  ham=60 (6 1 0 1 52 0 0)  opth=1
    run322  dpts:7555..7740  robin:WdegOnDom-First  effs:29,699,577  asgs:(7858,noefs=1081,fails=68)  fails:16,153  wrgs:53,910  wck:966.4  ngds:2,863  sols:1,705  bound:1,930,360,744
    run323  dpts:1684..1690  robin:FrbaOnDom-Last  effs:29,772,583  asgs:(1763,noefs=163,fails=65)  fails:16,218  wrgs:53,986  wck:968.0  ngds:2,864  sols:1,705  bound:1,930,360,744
o 1930360743   997.8  ham=29 (2 0 0 1 26 0 0)  opth=1
o 1930360742   997.8  ham=50 (4 0 0 1 45 0 0)  opth=1
o 1930360733   997.9  ham=27 (2 0 0 1 24 0 0)  opth=1
o 1930360732   998.0  ham=29 (2 0 0 1 26 0 0)  opth=1
    run324  dpts:3127..3366  robin:Wdeg-Rand  effs:29,868,794  asgs:(3676,noefs=630,fails=68)  fails:16,286  wrgs:54,272  wck:970.4  ngds:2,872  sols:1,709  bound:1,930,360,732
o 1930318977   1000.2  ham=24 (2 0 1 7 14 0 0)  opth=8
o 1930318972   1000.3  ham=28 (2 0 2 10 14 0 0)  opth=12
o 1930277224   1000.3  ham=11 (1 0 1 4 5 0 0)  opth=5
o 1930277221   1000.3  ham=18 (2 0 0 2 14 0 0)  opth=2
o 1930277220   1000.3  ham=17 (2 0 0 1 14 0 0)  opth=1
o 1930193719   1000.3  ham=35 (2 1 2 8 22 0 0)  opth=10
o 1930193714   1000.3  ham=30 (2 1 0 4 23 0 0)  opth=4
o 1930193713   1000.3  ham=26 (2 0 0 1 23 0 0)  opth=1
o 1930193710   1000.3  ham=27 (2 0 0 2 23 0 0)  opth=2
o 1930193709   1000.3  ham=26 (2 0 0 1 23 0 0)  opth=1
    run325  dpts:2177..2204  robin:PickOnDom-First  effs:29,914,977  asgs:(2442,noefs=387,fails=65)  fails:16,351  wrgs:54,348  wck:972.5  ngds:2,886  sols:1,719  bound:1,930,193,709
o 1930193708   1004.6  ham=47 (6 0 0 1 40 0 0)  opth=1
o 1930193707   1004.7  ham=60 (6 0 0 1 53 0 0)  opth=1
o 1930193705   1004.7  ham=23 (2 0 0 1 20 0 0)  opth=1
o 1930193704   1004.8  ham=52 (4 0 0 1 47 0 0)  opth=1
o 1930193703   1004.8  ham=42 (4 0 0 1 37 0 0)  opth=1
o 1930193702   1004.8  ham=132 (10 2 0 1 119 0 0)  opth=1
o 1930193701   1004.9  ham=22 (2 0 0 1 19 0 0)  opth=1
    run326  dpts:6974..7188  robin:WdegOnDom-Last  effs:30,675,288  asgs:(8409,noefs=1152,fails=65)  fails:16,416  wrgs:54,623  wck:979.2  ngds:2,895  sols:1,726  bound:1,930,193,701
o 1930193696   1008.5  ham=32 (2 0 0 6 24 0 0)  opth=6
    run327  dpts:1646..1731  robin:FrbaOnDom-Rand  effs:30,725,168  asgs:(1798,noefs=188,fails=65)  fails:16,481  wrgs:54,732  wck:980.7  ngds:2,904  sols:1,727  bound:1,930,193,696
o 1930193694   1010.6  ham=55 (4 0 0 1 50 0 0)  opth=1
o 1930193693   1010.6  ham=19 (2 1 0 1 15 0 0)  opth=1
o 1930193685   1010.6  ham=20 (2 0 0 1 17 0 0)  opth=1
o 1930193681   1010.8  ham=11 (1 0 0 3 7 0 0)  opth=3
    run328  dpts:3216..3463  robin:Wdeg-First  effs:30,874,802  asgs:(3941,noefs=669,fails=65)  fails:16,546  wrgs:55,172  wck:983.3  ngds:2,906  sols:1,731  bound:1,930,193,681
    run329  dpts:2178..2179  robin:PickOnDom-Last  effs:30,919,788  asgs:(2244,noefs=215,fails=65)  fails:16,611  wrgs:55,238  wck:985.4  ngds:2,971  sols:1,731  bound:1,930,193,681
o 1930193680   1017.7  ham=40 (4 1 0 1 34 0 0)  opth=1
    run330  dpts:7307..7467  robin:WdegOnDom-Rand  effs:31,020,281  asgs:(7580,noefs=1052,fails=68)  fails:16,679  wrgs:55,349  wck:990.4  ngds:2,984  sols:1,732  bound:1,930,193,680
o 1930193678   1019.8  ham=3 (0 1 0 2 0 0 0)  opth=2
    run331  dpts:1628..1701  robin:FrbaOnDom-First  effs:31,097,664  asgs:(1788,noefs=197,fails=65)  fails:16,744  wrgs:55,462  wck:992.0  ngds:2,996  sols:1,733  bound:1,930,193,678
o 1930193677   1021.9  ham=27 (2 0 0 1 24 0 0)  opth=1
    run332  dpts:3143..3224  robin:Wdeg-Last  effs:31,200,641  asgs:(3337,noefs=569,fails=65)  fails:16,809  wrgs:55,587  wck:994.4  ngds:3,006  sols:1,734  bound:1,930,193,677
o 1930193670   1024.3  ham=48 (2 1 6 14 25 0 0)  opth=20
o 1930193669   1024.3  ham=28 (2 0 0 1 25 0 0)  opth=1
o 1930193667   1024.3  ham=36 (2 0 2 7 25 0 0)  opth=9
o 1930193663   1024.3  ham=29 (2 0 0 2 25 0 0)  opth=2
o 1930151925   1024.3  ham=36 (2 1 3 6 24 0 0)  opth=9
    run333  dpts:2171..2196  robin:PickOnDom-Rand  effs:31,245,224  asgs:(2360,noefs=302,fails=65)  fails:16,874  wrgs:55,674  wck:996.5  ngds:3,040  sols:1,739  bound:1,930,151,925
    run334  dpts:7430..7454  robin:WdegOnDom-First  effs:31,340,741  asgs:(7608,noefs=1059,fails=65)  fails:16,939  wrgs:55,845  wck:1001.5  ngds:3,044  sols:1,739  bound:1,930,151,925
o 1930110187   1031.0  ham=39 (2 0 3 8 26 0 0)  opth=11
o 1930110175   1031.1  ham=23 (1 0 2 6 14 0 0)  opth=8
o 1930110168   1031.1  ham=38 (2 0 2 8 26 0 0)  opth=10
o 1930026664   1031.2  ham=19 (1 0 2 4 12 0 0)  opth=6
o 1930026663   1031.3  ham=31 (2 0 0 3 26 0 0)  opth=3
o 1930026658   1031.3  ham=35 (2 0 0 7 26 0 0)  opth=7
o 1930026656   1031.3  ham=29 (2 0 0 1 26 0 0)  opth=1
o 1930026654   1031.3  ham=36 (2 0 0 8 26 0 0)  opth=8
o 1930026652   1031.4  ham=29 (2 0 0 1 26 0 0)  opth=1
o 1930026651   1031.4  ham=29 (2 0 0 1 26 0 0)  opth=1
    run335  dpts:1630..1821  robin:FrbaOnDom-Last  effs:31,434,028  asgs:(2638,noefs=488,fails=68)  fails:17,007  wrgs:56,473  wck:1003.5  ngds:3,060  sols:1,749  bound:1,930,026,651
    run336  dpts:3096..3126  robin:Wdeg-Rand  effs:31,595,114  asgs:(3285,noefs=519,fails=65)  fails:17,072  wrgs:56,631  wck:1005.9  ngds:3,062  sols:1,749  bound:1,930,026,651
o 1929984894   1035.8  ham=32 (2 0 3 8 19 0 0)  opth=11
o 1929943151   1035.8  ham=31 (2 0 1 8 20 0 0)  opth=9
o 1929943148   1035.9  ham=27 (2 0 0 5 20 0 0)  opth=5
o 1929901381   1035.9  ham=19 (1 1 1 3 13 0 0)  opth=4
o 1929901377   1035.9  ham=25 (2 0 0 3 20 0 0)  opth=3
o 1929901376   1035.9  ham=45 (4 0 0 5 36 0 0)  opth=5
o 1929901375   1035.9  ham=40 (4 0 0 1 35 0 0)  opth=1
o 1929901374   1035.9  ham=27 (2 0 0 8 17 0 0)  opth=8
o 1929817863   1035.9  ham=13 (1 0 2 3 7 0 0)  opth=5
o 1929817860   1035.9  ham=29 (2 0 0 6 21 0 0)  opth=6
    run337  dpts:2158..2188  robin:PickOnDom-First  effs:31,646,643  asgs:(2473,noefs=393,fails=68)  fails:17,140  wrgs:56,741  wck:1008.1  ngds:3,066  sols:1,759  bound:1,929,817,860
o 1929817859   1040.5  ham=4 (0 3 0 1 0 0 0)  opth=1
    run338  dpts:7677..7854  robin:WdegOnDom-Last  effs:31,748,362  asgs:(7966,noefs=1111,fails=65)  fails:17,205  wrgs:56,859  wck:1013.3  ngds:3,074  sols:1,760  bound:1,929,817,859
    run339  dpts:1609..1619  robin:FrbaOnDom-Rand  effs:31,798,715  asgs:(1688,noefs=150,fails=65)  fails:17,270  wrgs:56,936  wck:1014.8  ngds:3,084  sols:1,760  bound:1,929,817,859
o 1929817858   1044.7  ham=2 (0 1 0 1 0 0 0)  opth=1
o 1929817856   1044.7  ham=31 (2 1 0 5 23 0 0)  opth=5
o 1929817851   1044.8  ham=26 (2 0 0 1 23 0 0)  opth=1
o 1929817849   1044.9  ham=28 (2 0 0 3 23 0 0)  opth=3
o 1929817847   1044.9  ham=28 (2 0 0 3 23 0 0)  opth=3
    run340  dpts:3134..3351  robin:Wdeg-First  effs:31,933,552  asgs:(3885,noefs=682,fails=68)  fails:17,338  wrgs:57,346  wck:1017.4  ngds:3,085  sols:1,765  bound:1,929,817,847
o 1929776108   1047.4  ham=28 (2 0 1 6 19 0 0)  opth=7
o 1929776105   1047.4  ham=22 (2 0 0 1 19 0 0)  opth=1
o 1929776103   1047.4  ham=23 (2 0 0 2 19 0 0)  opth=2
o 1929776098   1047.4  ham=23 (2 0 0 2 19 0 0)  opth=2
o 1929776097   1047.4  ham=23 (2 0 0 2 19 0 0)  opth=2
o 1929776080   1047.4  ham=6 (0 1 0 5 0 0 0)  opth=5
    run341  dpts:2184..2207  robin:PickOnDom-Last  effs:31,980,038  asgs:(2377,noefs=319,fails=65)  fails:17,403  wrgs:57,432  wck:1019.6  ngds:3,088  sols:1,771  bound:1,929,776,080
o 1929776078   1052.0  ham=48 (4 1 0 1 42 0 0)  opth=1
    run342  dpts:7643..7830  robin:WdegOnDom-Rand  effs:32,092,427  asgs:(7923,noefs=1088,fails=65)  fails:17,468  wrgs:57,548  wck:1024.8  ngds:3,091  sols:1,772  bound:1,929,776,078
o 1929776072   1054.4  ham=33 (2 1 2 6 22 0 0)  opth=8
o 1929734310   1054.4  ham=15 (1 0 1 3 10 0 0)  opth=4
o 1929734306   1054.4  ham=2 (0 1 0 1 0 0 0)  opth=1
    run343  dpts:1638..1831  robin:FrbaOnDom-First  effs:32,165,497  asgs:(2051,noefs=260,fails=65)  fails:17,533  wrgs:57,837  wck:1026.7  ngds:3,097  sols:1,775  bound:1,929,734,306
o 1929734304   1056.7  ham=25 (2 0 0 2 21 0 0)  opth=2
o 1929692554   1056.7  ham=24 (2 0 1 0 21 0 0)  opth=1
o 1929692551   1056.9  ham=56 (4 0 0 2 50 0 0)  opth=2
    run344  dpts:3044..3340  robin:Wdeg-Last  effs:32,334,506  asgs:(3743,noefs=591,fails=65)  fails:17,598  wrgs:58,322  wck:1029.3  ngds:3,098  sols:1,778  bound:1,929,692,551
o 1929692550   1059.2  ham=18 (2 0 0 1 15 0 0)  opth=1
o 1929650781   1059.2  ham=32 (2 0 1 7 22 0 0)  opth=8
o 1929609066   1059.2  ham=91 (6 1 3 20 61 0 0)  opth=23
o 1929567314   1059.2  ham=14 (1 0 1 2 10 0 0)  opth=3
o 1929567277   1059.3  ham=33 (2 0 0 7 24 0 0)  opth=7
o 1929567273   1059.3  ham=3 (0 1 0 2 0 0 0)  opth=2
o 1929567269   1059.3  ham=15 (1 0 0 4 10 0 0)  opth=4
o 1929567268   1059.3  ham=59 (6 0 0 3 50 0 0)  opth=3
o 1929567267   1059.3  ham=18 (2 0 0 2 14 0 0)  opth=2
o 1929567265   1059.3  ham=68 (6 0 0 11 51 0 0)  opth=11
o 1929567260   1059.3  ham=18 (2 0 0 2 14 0 0)  opth=2
    run345  dpts:2181..2214  robin:PickOnDom-Rand  effs:32,386,933  asgs:(2491,noefs=407,fails=45)  fails:17,643  wrgs:58,412  wck:1031.5  ngds:3,101  sols:1,789  bound:1,929,567,260
o 1929567257   1063.7  ham=3 (0 1 0 2 0 0 0)  opth=2
o 1929567256   1063.8  ham=22 (2 0 0 1 19 0 0)  opth=1
o 1929567250   1063.8  ham=39 (4 0 0 1 34 0 0)  opth=1
    run346  dpts:7027..7228  robin:WdegOnDom-First  effs:32,533,369  asgs:(7734,noefs=1017,fails=65)  fails:17,708  wrgs:58,601  wck:1036.6  ngds:3,107  sols:1,792  bound:1,929,567,250
o 1929525505   1066.0  ham=5 (0 1 1 3 0 0 0)  opth=4
o 1929525504   1066.1  ham=18 (2 0 0 2 14 0 0)  opth=2
    run347  dpts:1594..1807  robin:FrbaOnDom-Last  effs:32,609,702  asgs:(1933,noefs=208,fails=65)  fails:17,773  wrgs:58,855  wck:1038.3  ngds:3,116  sols:1,794  bound:1,929,525,504
o 1929525503   1068.1  ham=29 (2 0 0 1 26 0 0)  opth=1
o 1929483747   1068.2  ham=27 (2 0 1 3 21 0 0)  opth=4
    run348  dpts:3008..3375  robin:Wdeg-Rand  effs:32,755,822  asgs:(3576,noefs=563,fails=65)  fails:17,838  wrgs:59,271  wck:1040.8  ngds:3,120  sols:1,796  bound:1,929,483,747
o 1929442014   1070.7  ham=29 (2 0 1 4 22 0 0)  opth=5
o 1929442010   1070.7  ham=14 (1 0 0 2 11 0 0)  opth=2
o 1929442009   1070.7  ham=24 (2 0 0 1 21 0 0)  opth=1
o 1929442007   1070.7  ham=27 (2 0 0 3 22 0 0)  opth=3
o 1929441998   1070.7  ham=13 (1 0 0 1 11 0 0)  opth=1
o 1929441993   1070.7  ham=29 (2 0 0 5 22 0 0)  opth=5
o 1929441992   1070.7  ham=28 (2 0 0 4 22 0 0)  opth=4
o 1929400248   1070.8  ham=26 (2 0 1 6 17 0 0)  opth=7
o 1929400244   1070.8  ham=20 (2 0 0 1 17 0 0)  opth=1
o 1929400242   1070.8  ham=21 (2 0 0 2 17 0 0)  opth=2
o 1929400241   1070.8  ham=22 (2 0 0 3 17 0 0)  opth=3
    run349  dpts:2198..2219  robin:PickOnDom-First  effs:32,801,233  asgs:(2430,noefs=395,fails=35)  fails:17,873  wrgs:59,316  wck:1042.9  ngds:3,139  sols:1,807  bound:1,929,400,241
o 1929400237   1075.3  ham=11 (1 0 0 1 9 0 0)  opth=1
    run350  dpts:7540..7728  robin:WdegOnDom-Last  effs:33,042,718  asgs:(7871,noefs=1133,fails=65)  fails:17,938  wrgs:59,468  wck:1048.4  ngds:3,143  sols:1,808  bound:1,929,400,237
o 1929400232   1077.8  ham=3 (0 1 0 2 0 0 0)  opth=2
    run351  dpts:1592..1689  robin:FrbaOnDom-Rand  effs:33,135,838  asgs:(1767,noefs=173,fails=65)  fails:18,003  wrgs:59,599  wck:1050.1  ngds:3,146  sols:1,809  bound:1,929,400,232
o 1929400231   1080.0  ham=38 (4 0 0 1 33 0 0)  opth=1
o 1929400227   1080.1  ham=19 (2 0 0 2 15 0 0)  opth=2
o 1929400226   1080.3  ham=24 (2 0 0 1 21 0 0)  opth=1
    run352  dpts:3114..3327  robin:Wdeg-First  effs:33,286,308  asgs:(3598,noefs=611,fails=65)  fails:18,068  wrgs:59,865  wck:1052.6  ngds:3,149  sols:1,812  bound:1,929,400,226
o 1929400204   1082.6  ham=27 (2 0 2 7 16 0 0)  opth=9
o 1929400193   1082.6  ham=21 (2 0 0 2 17 0 0)  opth=2
    run353  dpts:2206..2225  robin:PickOnDom-Last  effs:33,329,676  asgs:(2315,noefs=252,fails=65)  fails:18,133  wrgs:59,936  wck:1054.8  ngds:3,161  sols:1,814  bound:1,929,400,193
o 1929400192   1087.1  ham=44 (4 0 0 1 39 0 0)  opth=1
o 1929400190   1087.2  ham=17 (2 0 0 1 14 0 0)  opth=1
    run354  dpts:7660..7861  robin:WdegOnDom-Rand  effs:33,460,749  asgs:(8168,noefs=1190,fails=65)  fails:18,198  wrgs:60,093  wck:1060.0  ngds:3,163  sols:1,816  bound:1,929,400,190
o 1929358438   1089.4  ham=33 (2 0 1 4 26 0 0)  opth=5
o 1929358430   1089.6  ham=3 (0 1 0 2 0 0 0)  opth=2
    run355  dpts:1575..1787  robin:FrbaOnDom-First  effs:33,536,492  asgs:(1968,noefs=215,fails=65)  fails:18,263  wrgs:60,406  wck:1061.8  ngds:3,210  sols:1,818  bound:1,929,358,430
o 1929358429   1091.7  ham=29 (2 2 0 3 22 0 0)  opth=3
o 1929358428   1091.7  ham=4 (0 2 0 2 0 0 0)  opth=2
o 1929358423   1091.7  ham=24 (2 0 0 1 21 0 0)  opth=1
o 1929358416   1091.8  ham=30 (2 0 0 2 26 0 0)  opth=2
o 1929358411   1092.0  ham=34 (4 0 0 3 27 0 0)  opth=3
o 1929358409   1092.1  ham=26 (2 0 0 3 21 0 0)  opth=3
o 1929358408   1092.2  ham=20 (2 0 0 1 17 0 0)  opth=1
o 1929358405   1092.2  ham=60 (5 1 0 5 49 0 0)  opth=5
o 1929358404   1092.3  ham=68 (6 0 0 1 61 0 0)  opth=1
o 1929358398   1092.4  ham=26 (2 0 0 2 22 0 0)  opth=2
    run356  dpts:3177..3455  robin:Wdeg-Last  effs:33,743,084  asgs:(4678,noefs=848,fails=65)  fails:18,328  wrgs:61,251  wck:1064.8  ngds:3,212  sols:1,828  bound:1,929,358,398
o 1929358368   1094.8  ham=14 (1 0 0 5 8 0 0)  opth=5
o 1929316626   1094.8  ham=22 (2 0 1 5 14 0 0)  opth=6
o 1929316623   1094.8  ham=19 (2 0 0 3 14 0 0)  opth=3
o 1929316622   1094.8  ham=19 (2 0 0 3 14 0 0)  opth=3
o 1929316619   1094.8  ham=35 (2 0 0 6 27 0 0)  opth=6
    run357  dpts:2189..2213  robin:PickOnDom-Rand  effs:33,788,444  asgs:(2354,noefs=295,fails=65)  fails:18,393  wrgs:61,329  wck:1067.0  ngds:3,228  sols:1,833  bound:1,929,316,619
    run358  dpts:7430..7455  robin:WdegOnDom-First  effs:33,887,827  asgs:(7544,noefs=1006,fails=65)  fails:18,458  wrgs:61,443  wck:1072.0  ngds:3,231  sols:1,833  bound:1,929,316,619
o 1929274881   1101.5  ham=37 (2 0 5 10 20 0 0)  opth=15
o 1929274865   1101.6  ham=32 (2 0 4 5 21 0 0)  opth=9
o 1929274859   1101.6  ham=24 (2 0 0 1 21 0 0)  opth=1
    run359  dpts:1571..1755  robin:FrbaOnDom-Last  effs:33,994,344  asgs:(2023,noefs=237,fails=68)  fails:18,526  wrgs:61,784  wck:1073.9  ngds:3,270  sols:1,836  bound:1,929,274,859
o 1929233109   1103.7  ham=25 (2 0 1 0 22 0 0)  opth=1
o 1929233108   1103.8  ham=25 (2 0 0 1 22 0 0)  opth=1
o 1929233107   1103.8  ham=18 (2 0 0 1 15 0 0)  opth=1
o 1929233106   1103.8  ham=18 (2 0 0 1 15 0 0)  opth=1
o 1929233099   1103.8  ham=18 (2 0 0 1 15 0 0)  opth=1
    run360  dpts:2970..3194  robin:Wdeg-Rand  effs:34,106,753  asgs:(3640,noefs=621,fails=65)  fails:18,591  wrgs:62,138  wck:1076.3  ngds:3,274  sols:1,841  bound:1,929,233,099
 ...resetting restart cutoff to 70
o 1929233098   1106.2  ham=23 (2 0 0 1 20 0 0)  opth=1
o 1929233096   1106.2  ham=24 (2 0 0 2 20 0 0)  opth=2
o 1929233093   1106.2  ham=23 (2 0 0 1 20 0 0)  opth=1
o 1929191376   1106.2  ham=55 (4 0 1 14 36 0 0)  opth=15
o 1929191375   1106.2  ham=16 (1 0 0 3 12 0 0)  opth=3
o 1929191374   1106.2  ham=24 (2 0 0 3 19 0 0)  opth=3
o 1929191373   1106.2  ham=27 (2 0 0 6 19 0 0)  opth=6
o 1929191366   1106.2  ham=22 (2 0 0 3 17 0 0)  opth=3
o 1929191365   1106.2  ham=22 (2 0 0 3 17 0 0)  opth=3
o 1929191364   1106.2  ham=20 (2 0 0 1 17 0 0)  opth=1
    run361  dpts:2191..2215  robin:PickOnDom-First  effs:34,155,323  asgs:(2458,noefs=369,fails=70)  fails:18,661  wrgs:62,234  wck:1078.4  ngds:3,293  sols:1,851  bound:1,929,191,364
o 1929191357   1110.6  ham=23 (2 0 0 1 20 0 0)  opth=1
o 1929191356   1110.7  ham=51 (4 0 0 1 46 0 0)  opth=1
o 1929191355   1110.7  ham=69 (6 3 0 1 59 0 0)  opth=1
o 1929191354   1110.8  ham=28 (2 0 0 1 25 0 0)  opth=1
o 1929191351   1110.8  ham=81 (6 0 0 1 74 0 0)  opth=1
o 1929191350   1110.9  ham=71 (6 0 0 1 64 0 0)  opth=1
    run362  dpts:6911..7103  robin:WdegOnDom-Last  effs:34,301,218  asgs:(8038,noefs=1115,fails=70)  fails:18,731  wrgs:62,434  wck:1083.6  ngds:3,296  sols:1,857  bound:1,929,191,350
o 1929191349   1113.0  ham=21 (2 0 0 3 16 0 0)  opth=3
o 1929191348   1113.0  ham=16 (2 0 0 3 11 0 0)  opth=3
    run363  dpts:1568..1610  robin:FrbaOnDom-Rand  effs:34,353,993  asgs:(1728,noefs=214,fails=70)  fails:18,801  wrgs:62,514  wck:1085.1  ngds:3,309  sols:1,859  bound:1,929,191,348
o 1929191340   1115.0  ham=28 (3 1 0 5 19 0 0)  opth=5
o 1929191339   1115.1  ham=31 (2 2 0 3 24 0 0)  opth=3
o 1929191337   1115.1  ham=3 (0 1 0 2 0 0 0)  opth=2
o 1929191335   1115.2  ham=19 (2 0 0 2 15 0 0)  opth=2
o 1929191334   1115.2  ham=2 (0 1 0 1 0 0 0)  opth=1
o 1929191330   1115.3  ham=17 (2 1 0 2 12 0 0)  opth=2
o 1929191328   1115.5  ham=19 (2 0 0 2 15 0 0)  opth=2
o 1929191327   1115.7  ham=18 (2 0 0 1 15 0 0)  opth=1
    run364  dpts:2936..3208  robin:Wdeg-First  effs:34,602,984  asgs:(4164,noefs=737,fails=70)  fails:18,871  wrgs:63,222  wck:1088.1  ngds:3,314  sols:1,867  bound:1,929,191,327
o 1929149570   1117.9  ham=28 (2 0 1 1 24 0 0)  opth=2
o 1929149569   1118.0  ham=27 (2 0 0 2 23 0 0)  opth=2
    run365  dpts:2189..2211  robin:PickOnDom-Last  effs:34,648,876  asgs:(2315,noefs=254,fails=70)  fails:18,941  wrgs:63,304  wck:1090.1  ngds:3,323  sols:1,869  bound:1,929,149,569
o 1929149568   1122.5  ham=23 (2 0 0 1 20 0 0)  opth=1
o 1929149567   1122.6  ham=2 (0 1 0 1 0 0 0)  opth=1
o 1929149560   1122.6  ham=29 (2 1 0 1 25 0 0)  opth=1
o 1929149557   1122.7  ham=70 (6 2 0 1 61 0 0)  opth=1
o 1929149556   1122.7  ham=14 (2 0 0 1 11 0 0)  opth=1
    run366  dpts:7575..7751  robin:WdegOnDom-Rand  effs:34,772,556  asgs:(8510,noefs=1240,fails=70)  fails:19,011  wrgs:63,465  wck:1095.5  ngds:3,326  sols:1,874  bound:1,929,149,556
o 1929149540   1125.0  ham=15 (1 0 2 4 8 0 0)  opth=6
o 1929149535   1125.1  ham=25 (2 1 0 2 20 0 0)  opth=2
o 1929107785   1125.1  ham=2 (0 1 1 0 0 0 0)  opth=1
o 1929066033   1125.4  ham=32 (2 0 1 8 21 0 0)  opth=9
o 1928982535   1125.5  ham=5 (0 1 2 2 0 0 0)  opth=4
o 1928940785   1125.7  ham=33 (2 0 1 5 25 0 0)  opth=6
    run367  dpts:1548..1771  robin:FrbaOnDom-First  effs:34,942,140  asgs:(2698,noefs=346,fails=70)  fails:19,081  wrgs:64,369  wck:1098.0  ngds:3,350  sols:1,880  bound:1,928,940,785
o 1928940780   1127.9  ham=23 (2 0 0 2 19 0 0)  opth=2
o 1928940778   1128.1  ham=21 (2 0 0 2 17 0 0)  opth=2
    run368  dpts:3174..3448  robin:Wdeg-Last  effs:35,080,009  asgs:(3684,noefs=577,fails=70)  fails:19,151  wrgs:64,734  wck:1100.6  ngds:3,355  sols:1,882  bound:1,928,940,778
o 1928940754   1130.5  ham=32 (2 0 0 6 24 0 0)  opth=6
o 1928940750   1130.5  ham=40 (2 0 2 10 26 0 0)  opth=12
o 1928940741   1130.5  ham=17 (1 0 0 2 14 0 0)  opth=2
    run369  dpts:2206..2227  robin:PickOnDom-Rand  effs:35,129,334  asgs:(2335,noefs=261,fails=70)  fails:19,221  wrgs:64,809  wck:1102.7  ngds:3,393  sols:1,885  bound:1,928,940,741
o 1928940739   1135.1  ham=29 (2 1 0 1 25 0 0)  opth=1
o 1928940738   1135.1  ham=23 (2 0 0 1 20 0 0)  opth=1
o 1928940737   1135.2  ham=14 (2 0 0 1 11 0 0)  opth=1
    run370  dpts:7582..7778  robin:WdegOnDom-First  effs:35,449,193  asgs:(8287,noefs=1194,fails=70)  fails:19,291  wrgs:64,978  wck:1108.4  ngds:3,395  sols:1,888  bound:1,928,940,737
o 1928898985   1137.7  ham=3 (0 1 1 1 0 0 0)  opth=2
o 1928898966   1138.0  ham=43 (2 0 2 14 25 0 0)  opth=16
o 1928898961   1138.0  ham=31 (2 0 0 3 26 0 0)  opth=3
o 1928898960   1138.1  ham=28 (2 0 0 1 25 0 0)  opth=1
o 1928898955   1138.1  ham=29 (2 0 0 1 26 0 0)  opth=1
    run371  dpts:1541..1771  robin:FrbaOnDom-Last  effs:35,554,464  asgs:(2197,noefs=298,fails=70)  fails:19,361  wrgs:65,443  wck:1110.2  ngds:3,412  sols:1,893  bound:1,928,898,955
o 1928898954   1140.4  ham=17 (2 0 0 1 14 0 0)  opth=1
o 1928898947   1140.5  ham=77 (6 0 0 1 70 0 0)  opth=1
o 1928898940   1140.6  ham=2 (0 1 0 1 0 0 0)  opth=1
o 1928898939   1141.0  ham=27 (2 0 0 1 24 0 0)  opth=1
o 1928898934   1141.1  ham=30 (2 0 0 1 27 0 0)  opth=1
    run372  dpts:3519..3809  robin:Wdeg-Rand  effs:35,847,720  asgs:(4607,noefs=758,fails=70)  fails:19,431  wrgs:66,145  wck:1113.6  ngds:3,416  sols:1,898  bound:1,928,898,934
    run373  dpts:2216..2223  robin:PickOnDom-First  effs:35,892,841  asgs:(2296,noefs=221,fails=70)  fails:19,501  wrgs:66,222  wck:1115.8  ngds:3,441  sols:1,898  bound:1,928,898,934
    run374  dpts:7048..7068  robin:WdegOnDom-Last  effs:36,212,887  asgs:(7213,noefs=954,fails=73)  fails:19,574  wrgs:66,367  wck:1121.3  ngds:3,445  sols:1,898  bound:1,928,898,934
    run375  dpts:1505..1510  robin:FrbaOnDom-Rand  effs:36,268,450  asgs:(1595,noefs=137,fails=77)  fails:19,651  wrgs:66,455  wck:1122.7  ngds:3,454  sols:1,898  bound:1,928,898,934
o 1928898927   1152.6  ham=21 (2 0 0 2 17 0 0)  opth=2
o 1928898926   1152.7  ham=64 (6 0 0 1 57 0 0)  opth=1
o 1928898925   1152.7  ham=27 (2 0 0 1 24 0 0)  opth=1
o 1928857177   1152.7  ham=24 (2 0 1 1 20 0 0)  opth=2
o 1928857175   1153.2  ham=27 (2 0 0 1 24 0 0)  opth=1
    run376  dpts:3172..3497  robin:Wdeg-First  effs:36,477,514  asgs:(4202,noefs=696,fails=81)  fails:19,732  wrgs:67,102  wck:1125.5  ngds:3,457  sols:1,903  bound:1,928,857,175
o 1928815416   1155.4  ham=20 (2 0 1 1 16 0 0)  opth=2
o 1928731899   1155.4  ham=34 (2 2 4 10 16 0 0)  opth=14
o 1928690157   1155.5  ham=26 (2 0 1 7 16 0 0)  opth=8
o 1928690150   1155.5  ham=19 (2 0 0 1 16 0 0)  opth=1
    run377  dpts:2222..2240  robin:PickOnDom-Last  effs:36,521,928  asgs:(2352,noefs=270,fails=70)  fails:19,802  wrgs:67,178  wck:1127.6  ngds:3,473  sols:1,907  bound:1,928,690,150
o 1928690149   1160.0  ham=39 (4 0 0 1 34 0 0)  opth=1
    run378  dpts:7083..7257  robin:WdegOnDom-Rand  effs:36,853,139  asgs:(7409,noefs=1012,fails=70)  fails:19,872  wrgs:67,331  wck:1133.0  ngds:3,475  sols:1,908  bound:1,928,690,149
    run379  dpts:1500..1504  robin:FrbaOnDom-First  effs:36,925,848  asgs:(1580,noefs=135,fails=70)  fails:19,942  wrgs:67,410  wck:1134.5  ngds:3,481  sols:1,908  bound:1,928,690,149
o 1928690148   1164.6  ham=20 (2 0 0 1 17 0 0)  opth=1
o 1928690147   1164.6  ham=29 (2 0 0 1 26 0 0)  opth=1
o 1928690146   1164.6  ham=27 (2 0 0 1 24 0 0)  opth=1
o 1928690145   1164.7  ham=27 (2 0 0 1 24 0 0)  opth=1
o 1928690141   1164.7  ham=31 (2 0 0 3 26 0 0)  opth=3
o 1928690140   1164.8  ham=29 (2 0 0 1 26 0 0)  opth=1
    run380  dpts:3602..3809  robin:Wdeg-Last  effs:37,059,754  asgs:(4300,noefs=748,fails=73)  fails:20,015  wrgs:67,673  wck:1137.3  ngds:3,489  sols:1,914  bound:1,928,690,140
o 1928648392   1167.2  ham=6 (0 1 1 4 0 0 0)  opth=5
o 1928648388   1167.2  ham=44 (2 0 4 14 24 0 0)  opth=18
o 1928606652   1167.2  ham=37 (2 0 1 10 24 0 0)  opth=11
o 1928606643   1167.2  ham=35 (2 0 0 9 24 0 0)  opth=9
    run381  dpts:2203..2230  robin:PickOnDom-Rand  effs:37,106,519  asgs:(2373,noefs=279,fails=70)  fails:20,085  wrgs:67,774  wck:1139.4  ngds:3,516  sols:1,918  bound:1,928,606,643
o 1928606642   1171.7  ham=2 (0 1 0 1 0 0 0)  opth=1
o 1928606633   1172.1  ham=43 (4 0 0 3 36 0 0)  opth=3
o 1928606632   1172.5  ham=32 (2 1 0 3 26 0 0)  opth=3
    run382  dpts:7162..7347  robin:WdegOnDom-First  effs:37,525,852  asgs:(7808,noefs=1037,fails=70)  fails:20,155  wrgs:67,924  wck:1145.2  ngds:3,520  sols:1,921  bound:1,928,606,632
o 1928606625   1174.5  ham=2 (0 1 0 1 0 0 0)  opth=1
o 1928564874   1174.6  ham=3 (0 1 1 1 0 0 0)  opth=2
o 1928564873   1174.7  ham=5 (0 1 0 4 0 0 0)  opth=4
o 1928564868   1174.7  ham=35 (2 0 0 5 28 0 0)  opth=5
    run383  dpts:1488..1705  robin:FrbaOnDom-Last  effs:37,598,435  asgs:(2016,noefs=260,fails=70)  fails:20,225  wrgs:68,299  wck:1146.9  ngds:3,524  sols:1,925  bound:1,928,564,868
o 1928564867   1177.0  ham=19 (2 1 0 1 15 0 0)  opth=1
o 1928564864   1177.0  ham=25 (2 0 0 2 21 0 0)  opth=2
o 1928564860   1177.1  ham=24 (2 0 0 1 21 0 0)  opth=1
o 1928564858   1177.2  ham=29 (2 0 0 1 26 0 0)  opth=1
o 1928564857   1177.3  ham=67 (6 0 0 3 58 0 0)  opth=3
o 1928564856   1177.6  ham=26 (2 0 0 1 23 0 0)  opth=1
o 1928564855   1177.7  ham=3 (0 1 0 2 0 0 0)  opth=2
    run384  dpts:3576..3813  robin:Wdeg-Rand  effs:37,843,888  asgs:(4555,noefs=822,fails=70)  fails:20,295  wrgs:68,790  wck:1150.0  ngds:3,528  sols:1,932  bound:1,928,564,855
o 1928564854   1179.9  ham=3 (0 2 0 1 0 0 0)  opth=1
o 1928481374   1179.9  ham=61 (5 0 6 12 38 0 0)  opth=18
o 1928439614   1179.9  ham=29 (2 0 1 3 23 0 0)  opth=4
    run385  dpts:2205..2226  robin:PickOnDom-First  effs:37,891,944  asgs:(2339,noefs=265,fails=70)  fails:20,365  wrgs:68,870  wck:1152.1  ngds:3,535  sols:1,935  bound:1,928,439,614
o 1928439613   1184.6  ham=43 (4 0 0 1 38 0 0)  opth=1
o 1928439612   1185.7  ham=26 (2 1 0 1 22 0 0)  opth=1
    run386  dpts:7707..7913  robin:WdegOnDom-Last  effs:38,507,896  asgs:(8235,noefs=1214,fails=70)  fails:20,435  wrgs:69,026  wck:1158.8  ngds:3,537  sols:1,937  bound:1,928,439,612
o 1928439611   1188.2  ham=7 (1 0 0 1 5 0 0)  opth=1
o 1928439556   1188.2  ham=33 (2 0 2 13 16 0 0)  opth=15
o 1928397796   1188.3  ham=21 (2 0 1 1 17 0 0)  opth=2
o 1928397794   1188.4  ham=21 (2 0 0 2 17 0 0)  opth=2
o 1928397789   1188.5  ham=22 (2 0 0 3 17 0 0)  opth=3
o 1928397781   1188.5  ham=2 (0 1 0 1 0 0 0)  opth=1
o 1928397775   1188.6  ham=26 (2 0 0 4 20 0 0)  opth=4
o 1928356039   1188.6  ham=20 (1 0 1 7 11 0 0)  opth=8
o 1928356034   1188.8  ham=58 (4 1 0 11 42 0 0)  opth=11
o 1928356028   1188.8  ham=29 (2 1 0 6 20 0 0)  opth=6
o 1928356024   1188.9  ham=29 (2 0 0 4 23 0 0)  opth=4
    run387  dpts:1473..1698  robin:FrbaOnDom-Rand  effs:38,614,329  asgs:(2764,noefs=525,fails=25)  fails:20,460  wrgs:69,806  wck:1161.0  ngds:3,542  sols:1,948  bound:1,928,356,024
o 1928356023   1191.1  ham=2 (0 1 0 1 0 0 0)  opth=1
o 1928314276   1191.2  ham=8 (1 1 1 1 4 0 0)  opth=2
o 1928314267   1191.4  ham=19 (2 1 0 4 12 0 0)  opth=4
o 1928314265   1191.4  ham=2 (0 1 0 1 0 0 0)  opth=1
    run388  dpts:3534..3777  robin:Wdeg-First  effs:38,763,682  asgs:(4316,noefs=715,fails=70)  fails:20,530  wrgs:70,320  wck:1163.8  ngds:3,547  sols:1,952  bound:1,928,314,265
o 1928272517   1193.8  ham=29 (2 1 1 5 20 0 0)  opth=6
o 1928272514   1193.8  ham=34 (2 0 2 9 21 0 0)  opth=11
o 1928272513   1193.8  ham=24 (2 0 0 1 21 0 0)  opth=1
    run389  dpts:2212..2234  robin:PickOnDom-Last  effs:38,809,264  asgs:(2340,noefs=266,fails=70)  fails:20,600  wrgs:70,401  wck:1166.0  ngds:3,560  sols:1,955  bound:1,928,272,513
o 1928272512   1198.9  ham=20 (2 0 0 1 17 0 0)  opth=1
    run390  dpts:7113..7280  robin:WdegOnDom-Rand  effs:39,199,334  asgs:(7437,noefs=997,fails=70)  fails:20,670  wrgs:70,556  wck:1171.8  ngds:3,562  sols:1,956  bound:1,928,272,512
o 1928272503   1201.1  ham=5 (0 1 2 2 0 0 0)  opth=4
    run391  dpts:1469..1582  robin:FrbaOnDom-First  effs:39,279,060  asgs:(1664,noefs=164,fails=70)  fails:20,740  wrgs:70,707  wck:1173.3  ngds:3,601  sols:1,957  bound:1,928,272,503
o 1928272485   1203.5  ham=7 (1 0 0 2 4 0 0)  opth=2
    run392  dpts:3679..3971  robin:Wdeg-Last  effs:39,413,294  asgs:(4062,noefs=637,fails=70)  fails:20,810  wrgs:71,014  wck:1176.1  ngds:3,602  sols:1,958  bound:1,928,272,485
o 1928272479   1206.0  ham=29 (2 0 0 6 21 0 0)  opth=6
o 1928272478   1206.0  ham=58 (4 0 2 13 39 0 0)  opth=15
o 1928230732   1206.0  ham=34 (3 0 1 5 25 0 0)  opth=6
o 1928230729   1206.0  ham=26 (2 0 0 3 21 0 0)  opth=3
o 1928230723   1206.0  ham=23 (2 0 0 2 19 0 0)  opth=2
o 1928230719   1206.1  ham=51 (4 0 0 8 39 0 0)  opth=8
    run393  dpts:2211..2233  robin:PickOnDom-Rand  effs:39,461,050  asgs:(2404,noefs=311,fails=70)  fails:20,880  wrgs:71,104  wck:1178.2  ngds:3,608  sols:1,964  bound:1,928,230,719
o 1928230718   1210.4  ham=24 (2 0 0 1 21 0 0)  opth=1
o 1928230717   1210.4  ham=26 (2 0 0 1 23 0 0)  opth=1
o 1928230716   1210.8  ham=16 (1 0 0 1 14 0 0)  opth=1
    run394  dpts:7120..7329  robin:WdegOnDom-First  effs:40,157,777  asgs:(7752,noefs=1053,fails=70)  fails:20,950  wrgs:71,248  wck:1185.0  ngds:3,609  sols:1,967  bound:1,928,230,716
o 1928230714   1214.5  ham=13 (1 0 0 2 10 0 0)  opth=2
o 1928188978   1214.7  ham=37 (2 3 1 9 22 0 0)  opth=10
o 1928188972   1214.9  ham=8 (0 3 0 5 0 0 0)  opth=5
o 1928147218   1215.0  ham=5 (0 1 1 3 0 0 0)  opth=4
    run395  dpts:1455..1686  robin:FrbaOnDom-Last  effs:40,284,801  asgs:(2232,noefs=287,fails=70)  fails:21,020  wrgs:71,839  wck:1187.3  ngds:3,611  sols:1,971  bound:1,928,147,218
o 1928147217   1217.5  ham=19 (2 0 0 1 16 0 0)  opth=1
o 1928147208   1217.6  ham=3 (0 2 0 1 0 0 0)  opth=1
o 1928147205   1217.7  ham=2 (0 1 0 1 0 0 0)  opth=1
o 1928147204   1217.7  ham=29 (2 0 0 1 26 0 0)  opth=1
o 1928147203   1217.8  ham=2 (0 1 0 1 0 0 0)  opth=1
o 1928147201   1217.8  ham=30 (2 0 0 3 25 0 0)  opth=3
o 1928147195   1217.9  ham=29 (2 0 0 1 26 0 0)  opth=1
o 1928147190   1218.0  ham=34 (2 2 0 4 26 0 0)  opth=4
o 1928147189   1218.0  ham=2 (0 1 0 1 0 0 0)  opth=1
o 1928147188   1218.2  ham=25 (2 1 0 4 18 0 0)  opth=4
o 1928147185   1218.2  ham=3 (0 1 0 2 0 0 0)  opth=2
    run396  dpts:3691..3976  robin:Wdeg-Rand  effs:40,420,638  asgs:(5343,noefs=1065,fails=20)  fails:21,040  wrgs:72,609  wck:1190.6  ngds:3,613  sols:1,982  bound:1,928,147,185
o 1928147166   1220.5  ham=33 (2 0 0 10 21 0 0)  opth=10
o 1928105416   1220.5  ham=27 (2 0 1 0 24 0 0)  opth=1
o 1928105415   1220.5  ham=27 (2 0 0 1 24 0 0)  opth=1
o 1928105402   1220.5  ham=11 (1 0 0 3 7 0 0)  opth=3
    run397  dpts:2213..2238  robin:PickOnDom-First  effs:40,470,636  asgs:(2372,noefs=280,fails=70)  fails:21,110  wrgs:72,695  wck:1192.7  ngds:3,615  sols:1,986  bound:1,928,105,402
o 1928105401   1226.0  ham=47 (4 0 0 1 42 0 0)  opth=1
    run398  dpts:7621..7785  robin:WdegOnDom-Last  effs:41,000,285  asgs:(7942,noefs=1127,fails=70)  fails:21,180  wrgs:72,835  wck:1198.9  ngds:3,617  sols:1,987  bound:1,928,105,401
    run399  dpts:1473..1482  robin:FrbaOnDom-Rand  effs:41,049,889  asgs:(1569,noefs=131,fails=70)  fails:21,250  wrgs:72,928  wck:1200.4  ngds:3,626  sols:1,987  bound:1,928,105,401
o 1928105398   1230.5  ham=25 (2 0 0 1 22 0 0)  opth=1
o 1928105397   1230.6  ham=21 (2 0 0 1 18 0 0)  opth=1
o 1928105396   1230.6  ham=15 (2 0 0 1 12 0 0)  opth=1
o 1928105395   1230.6  ham=2 (0 1 0 1 0 0 0)  opth=1
o 1928105394   1230.7  ham=20 (2 0 0 1 17 0 0)  opth=1
o 1928105392   1230.7  ham=29 (2 0 0 2 25 0 0)  opth=2
o 1928105388   1230.8  ham=27 (2 1 0 3 21 0 0)  opth=3
    run400  dpts:3433..3665  robin:Wdeg-First  effs:41,312,125  asgs:(4425,noefs=770,fails=73)  fails:21,323  wrgs:73,425  wck:1203.5  ngds:3,630  sols:1,994  bound:1,928,105,388
o 1928105387   1233.5  ham=19 (2 0 0 1 16 0 0)  opth=1
o 1928105386   1233.5  ham=21 (2 0 0 3 16 0 0)  opth=3
o 1928063635   1233.5  ham=20 (2 0 1 1 16 0 0)  opth=2
o 1928021886   1233.5  ham=22 (2 0 1 3 16 0 0)  opth=4
    run401  dpts:2219..2242  robin:PickOnDom-Last  effs:41,360,533  asgs:(2368,noefs=278,fails=70)  fails:21,393  wrgs:73,503  wck:1205.7  ngds:3,659  sols:1,998  bound:1,928,021,886
o 1928021885   1238.3  ham=29 (2 0 0 1 26 0 0)  opth=1
o 1928021884   1238.5  ham=22 (2 0 0 1 19 0 0)  opth=1
o 1928021882   1238.6  ham=34 (4 0 0 1 29 0 0)  opth=1
    run402  dpts:7728..7922  robin:WdegOnDom-Rand  effs:41,868,903  asgs:(8352,noefs=1223,fails=70)  fails:21,463  wrgs:73,657  wck:1212.1  ngds:3,663  sols:2,001  bound:1,928,021,882
o 1928021880   1241.5  ham=5 (0 2 0 3 0 0 0)  opth=3
o 1927980127   1241.5  ham=12 (0 3 1 8 0 0 0)  opth=9
o 1927938383   1241.7  ham=4 (0 1 1 2 0 0 0)  opth=3
o 1927938381   1241.9  ham=33 (2 0 0 7 24 0 0)  opth=7
    run403  dpts:1461..1683  robin:FrbaOnDom-First  effs:41,975,395  asgs:(2144,noefs=283,fails=70)  fails:21,533  wrgs:74,169  wck:1214.0  ngds:3,672  sols:2,005  bound:1,927,938,381
o 1927938380   1244.2  ham=24 (2 0 0 1 21 0 0)  opth=1
o 1927938370   1244.4  ham=31 (2 0 0 2 27 0 0)  opth=2
o 1927938369   1244.5  ham=28 (2 0 0 3 23 0 0)  opth=3
o 1927938368   1244.5  ham=30 (2 0 0 1 27 0 0)  opth=1
o 1927938367   1244.5  ham=39 (4 0 0 2 33 0 0)  opth=2
o 1927938366   1244.5  ham=16 (2 1 0 1 12 0 0)  opth=1
o 1927938364   1244.6  ham=2 (0 1 0 1 0 0 0)  opth=1
    run404  dpts:3756..4028  robin:Wdeg-Last  effs:42,125,409  asgs:(4636,noefs=800,fails=70)  fails:21,603  wrgs:74,583  wck:1217.0  ngds:3,678  sols:2,012  bound:1,927,938,364
    run405  dpts:2234..2234  robin:PickOnDom-Rand  effs:42,170,508  asgs:(2304,noefs=218,fails=70)  fails:21,673  wrgs:74,653  wck:1219.2  ngds:3,748  sols:2,012  bound:1,927,938,364
    run406  dpts:7174..7190  robin:WdegOnDom-First  effs:42,601,239  asgs:(7320,noefs=946,fails=73)  fails:21,746  wrgs:74,785  wck:1224.9  ngds:3,751  sols:2,012  bound:1,927,938,364
o 1927938360   1254.2  ham=8 (0 2 0 6 0 0 0)  opth=6
o 1927938353   1254.3  ham=24 (1 0 2 7 14 0 0)  opth=9
o 1927896617   1254.4  ham=66 (4 0 1 7 54 0 0)  opth=8
    run407  dpts:1436..1626  robin:FrbaOnDom-Last  effs:42,692,704  asgs:(1945,noefs=244,fails=77)  fails:21,823  wrgs:75,159  mem:10010M493  wck:1226.6  ngds:3,778  sols:2,015  bound:1,927,896,617
o 1927896616   1256.9  ham=45 (4 1 0 2 38 0 0)  opth=2
o 1927896615   1256.9  ham=75 (6 0 0 2 67 0 0)  opth=2
o 1927896610   1256.9  ham=13 (1 0 0 3 9 0 0)  opth=3
o 1927896609   1257.1  ham=24 (2 0 0 1 21 0 0)  opth=1
o 1927896602   1257.2  ham=30 (2 0 0 1 27 0 0)  opth=1
    run408  dpts:3819..4068  robin:Wdeg-Rand  effs:42,885,496  asgs:(4651,noefs=775,fails=70)  fails:21,893  wrgs:75,628  mem:10027M270  wck:1229.7  ngds:3,783  sols:2,020  bound:1,927,896,602
o 1927896600   1259.7  ham=19 (2 0 0 1 16 0 0)  opth=1
    run409  dpts:2239..2257  robin:PickOnDom-First  effs:42,931,718  asgs:(2330,noefs=239,fails=70)  fails:21,963  wrgs:75,700  mem:10044M47  wck:1231.9  ngds:3,820  sols:2,021  bound:1,927,896,600
    run410  dpts:7769..7789  robin:WdegOnDom-Last  effs:43,205,255  asgs:(7891,noefs=1101,fails=70)  fails:22,033  wrgs:75,816  mem:10077M602  wck:1237.5  ngds:3,822  sols:2,021  bound:1,927,896,600
    run411  dpts:1445..1447  robin:FrbaOnDom-Rand  effs:43,254,199  asgs:(1521,noefs=133,fails=73)  fails:22,106  wrgs:75,891  mem:10094M379  wck:1238.9  ngds:3,851  sols:2,021  bound:1,927,896,600
o 1927896599   1269.1  ham=29 (2 0 0 1 26 0 0)  opth=1
o 1927896598   1269.1  ham=24 (2 0 0 1 21 0 0)  opth=1
o 1927896594   1269.2  ham=34 (2 1 0 7 24 0 0)  opth=7
    run412  dpts:3726..3956  robin:Wdeg-First  effs:43,416,796  asgs:(4279,noefs=667,fails=77)  fails:22,183  wrgs:76,216  mem:10111M156  wck:1241.8  ngds:3,853  sols:2,024  bound:1,927,896,594
o 1927896592   1271.8  ham=2 (0 1 0 1 0 0 0)  opth=1
    run413  dpts:2239..2256  robin:PickOnDom-Last  effs:43,462,549  asgs:(2328,noefs=238,fails=70)  fails:22,253  wrgs:76,287  mem:10127M933  wck:1244.0  ngds:3,880  sols:2,025  bound:1,927,896,592
o 1927896591   1276.8  ham=55 (4 0 0 1 50 0 0)  opth=1
    run414  dpts:7812..7984  robin:WdegOnDom-Rand  effs:43,946,572  asgs:(8167,noefs=1161,fails=70)  fails:22,323  wrgs:76,445  mem:10161M488  wck:1250.2  ngds:3,882  sols:2,026  bound:1,927,896,591
o 1927896590   1279.5  ham=51 (4 0 0 5 42 0 0)  opth=5
o 1927896588   1279.5  ham=56 (4 1 2 7 42 0 0)  opth=9
    run415  dpts:1438..1514  robin:FrbaOnDom-First  effs:44,022,380  asgs:(1638,noefs=200,fails=70)  fails:22,393  wrgs:76,562  mem:10178M265  wck:1251.7  ngds:3,886  sols:2,028  bound:1,927,896,588
o 1927896587   1282.1  ham=26 (2 0 0 3 21 0 0)  opth=3
    run416  dpts:4029..4102  robin:Wdeg-Last  effs:44,168,280  asgs:(4237,noefs=667,fails=70)  fails:22,463  wrgs:76,697  mem:10211M819  wck:1254.7  ngds:3,891  sols:2,029  bound:1,927,896,587
o 1927854834   1284.6  ham=3 (0 1 1 1 0 0 0)  opth=2
o 1927854833   1284.6  ham=25 (1 0 2 9 13 0 0)  opth=11
o 1927813089   1284.7  ham=42 (2 0 1 11 28 0 0)  opth=12
o 1927813087   1284.7  ham=32 (2 0 0 1 29 0 0)  opth=1
    run417  dpts:2240..2263  robin:PickOnDom-Rand  effs:44,215,675  asgs:(2400,noefs=289,fails=70)  fails:22,533  wrgs:76,785  mem:10228M597  wck:1256.9  ngds:3,948  sols:2,033  bound:1,927,813,087
o 1927813086   1289.3  ham=96 (8 0 0 1 87 0 0)  opth=1
    run418  dpts:7753..7971  robin:WdegOnDom-First  effs:44,867,142  asgs:(8050,noefs=1140,fails=70)  fails:22,603  wrgs:76,919  mem:10262M151  wck:1263.4  ngds:3,949  sols:2,034  bound:1,927,813,086
o 1927813084   1292.7  ham=23 (2 0 0 4 17 0 0)  opth=4
o 1927813078   1292.7  ham=52 (4 0 0 5 43 0 0)  opth=5
o 1927813076   1292.8  ham=26 (1 1 0 11 13 0 0)  opth=11
    run419  dpts:1424..1527  robin:FrbaOnDom-Last  effs:44,926,020  asgs:(1774,noefs=239,fails=70)  fails:22,673  wrgs:77,147  mem:10278M928  wck:1264.9  ngds:4,004  sols:2,037  bound:1,927,813,076
o 1927813075   1295.3  ham=26 (2 0 0 3 21 0 0)  opth=3
o 1927813072   1295.3  ham=24 (2 0 0 1 21 0 0)  opth=1
o 1927813071   1295.4  ham=23 (2 1 0 3 17 0 0)  opth=3
    run420  dpts:4213..4418  robin:Wdeg-Rand  effs:45,103,976  asgs:(4674,noefs=797,fails=70)  fails:22,743  wrgs:77,389  mem:10295M705  wck:1268.1  ngds:4,012  sols:2,040  bound:1,927,813,071
    run421  dpts:2257..2257  robin:PickOnDom-First  effs:45,149,647  asgs:(2327,noefs=225,fails=70)  fails:22,813  wrgs:77,459  mem:10329M260  wck:1270.3  ngds:4,082  sols:2,040  bound:1,927,813,071
o 1927813070   1303.4  ham=80 (6 0 0 1 73 0 0)  opth=1
    run422  dpts:7241..7400  robin:WdegOnDom-Last  effs:45,721,070  asgs:(7570,noefs=978,fails=73)  fails:22,886  wrgs:77,609  wck:1276.5  ngds:4,084  sols:2,041  bound:1,927,813,070
o 1927813061   1305.7  ham=3 (0 1 0 2 0 0 0)  opth=2
o 1927813059   1305.8  ham=23 (2 0 0 4 17 0 0)  opth=4
o 1927813058   1305.8  ham=23 (2 1 0 2 18 0 0)  opth=2
o 1927813051   1305.8  ham=22 (2 1 0 1 18 0 0)  opth=1
o 1927813034   1305.8  ham=38 (2 1 0 10 25 0 0)  opth=10
o 1927813020   1305.9  ham=5 (0 1 0 4 0 0 0)  opth=4
o 1927812999   1305.9  ham=27 (2 0 0 7 18 0 0)  opth=7
    run423  dpts:1418..1533  robin:FrbaOnDom-Rand  effs:45,779,291  asgs:(2187,noefs=380,fails=70)  fails:22,956  wrgs:78,101  wck:1278.1  ngds:4,093  sols:2,048  bound:1,927,812,999
    run424  dpts:3684..3710  robin:Wdeg-First  effs:45,918,798  asgs:(3828,noefs=562,fails=70)  fails:23,026  wrgs:78,238  wck:1280.8  ngds:4,103  sols:2,048  bound:1,927,812,999
o 1927812997   1310.7  ham=25 (2 0 0 8 15 0 0)  opth=8
o 1927812996   1310.7  ham=21 (2 0 0 1 18 0 0)  opth=1
o 1927771269   1310.7  ham=45 (3 2 1 13 26 0 0)  opth=14
o 1927771267   1310.7  ham=25 (2 0 0 5 18 0 0)  opth=5
o 1927771266   1310.7  ham=22 (2 0 0 2 18 0 0)  opth=2
    run425  dpts:2254..2275  robin:PickOnDom-Last  effs:45,966,010  asgs:(2426,noefs=302,fails=73)  fails:23,099  wrgs:78,329  wck:1282.9  ngds:4,110  sols:2,053  bound:1,927,771,266
o 1927771259   1315.3  ham=38 (4 0 0 1 33 0 0)  opth=1
o 1927771254   1315.3  ham=79 (8 0 0 1 70 0 0)  opth=1
o 1927771252   1315.5  ham=22 (2 1 0 1 18 0 0)  opth=1
o 1927771251   1315.7  ham=62 (4 0 0 1 57 0 0)  opth=1
    run426  dpts:7770..7965  robin:WdegOnDom-Rand  effs:46,467,096  asgs:(8579,noefs=1249,fails=70)  fails:23,169  wrgs:78,479  wck:1289.1  ngds:4,112  sols:2,057  bound:1,927,771,251
o 1927771249   1318.4  ham=11 (1 1 0 2 7 0 0)  opth=2
o 1927729544   1318.5  ham=75 (4 1 5 22 43 0 0)  opth=27
o 1927687821   1318.6  ham=59 (4 2 1 9 43 0 0)  opth=10
o 1927687810   1318.7  ham=5 (0 2 0 3 0 0 0)  opth=3
    run427  dpts:1418..1608  robin:FrbaOnDom-First  effs:46,552,584  asgs:(2025,noefs=269,fails=70)  fails:23,239  wrgs:78,935  wck:1290.8  ngds:4,115  sols:2,061  bound:1,927,687,810
o 1927646058   1321.1  ham=3 (0 1 1 1 0 0 0)  opth=2
o 1927646054   1321.3  ham=29 (2 0 0 2 25 0 0)  opth=2
o 1927604309   1321.6  ham=27 (2 0 1 1 23 0 0)  opth=2
    run428  dpts:3644..4090  robin:Wdeg-Last  effs:46,834,113  asgs:(4752,noefs=756,fails=70)  fails:23,309  wrgs:79,823  wck:1294.4  ngds:4,116  sols:2,064  bound:1,927,604,309
    run429  dpts:2248..2250  robin:PickOnDom-Rand  effs:46,881,984  asgs:(2320,noefs=222,fails=70)  fails:23,379  wrgs:79,895  wck:1296.5  ngds:4,163  sols:2,064  bound:1,927,604,309
o 1927604308   1329.0  ham=22 (2 0 0 1 19 0 0)  opth=1
o 1927604305   1329.0  ham=30 (2 0 0 2 26 0 0)  opth=2
o 1927604304   1329.3  ham=43 (4 0 0 1 38 0 0)  opth=1
o 1927604300   1329.7  ham=24 (2 1 0 3 18 0 0)  opth=3
    run430  dpts:7802..7986  robin:WdegOnDom-First  effs:47,466,671  asgs:(8585,noefs=1232,fails=73)  fails:23,452  wrgs:80,055  wck:1303.0  ngds:4,166  sols:2,068  bound:1,927,604,300
o 1927562541   1332.4  ham=3 (0 1 1 1 0 0 0)  opth=2
    run431  dpts:1430..1641  robin:FrbaOnDom-Last  effs:47,525,754  asgs:(1717,noefs=170,fails=70)  fails:23,522  wrgs:80,301  wck:1304.6  ngds:4,203  sols:2,069  bound:1,927,562,541
o 1927562540   1334.7  ham=23 (2 0 0 1 20 0 0)  opth=1
o 1927562539   1334.8  ham=32 (2 0 0 1 29 0 0)  opth=1
o 1927562537   1334.8  ham=46 (4 1 0 6 35 0 0)  opth=6
o 1927562536   1334.8  ham=2 (0 1 0 1 0 0 0)  opth=1
o 1927562533   1334.9  ham=18 (2 0 0 3 13 0 0)  opth=3
o 1927562532   1335.0  ham=46 (4 0 0 1 41 0 0)  opth=1
    run432  dpts:3443..3664  robin:Wdeg-Rand  effs:47,702,178  asgs:(4248,noefs=720,fails=70)  fails:23,592  wrgs:80,712  wck:1307.5  ngds:4,205  sols:2,075  bound:1,927,562,532
o 1927520780   1337.5  ham=6 (0 1 1 4 0 0 0)  opth=5
o 1927479012   1337.5  ham=19 (1 0 1 6 11 0 0)  opth=7
o 1927478984   1337.5  ham=42 (2 0 2 11 27 0 0)  opth=13
o 1927478980   1337.5  ham=38 (2 0 2 7 27 0 0)  opth=9
    run433  dpts:2253..2276  robin:PickOnDom-First  effs:47,751,421  asgs:(2417,noefs=279,fails=70)  fails:23,662  wrgs:80,810  wck:1309.7  ngds:4,232  sols:2,079  bound:1,927,478,980
    run434  dpts:7221..7248  robin:WdegOnDom-Last  effs:48,168,596  asgs:(7365,noefs=929,fails=70)  fails:23,732  wrgs:80,943  wck:1315.5  ngds:4,234  sols:2,079  bound:1,927,478,980
o 1927437230   1344.7  ham=3 (0 2 1 0 0 0 0)  opth=1
o 1927395471   1344.9  ham=4 (0 1 1 2 0 0 0)  opth=3
o 1927353712   1345.0  ham=3 (0 1 1 1 0 0 0)  opth=2
o 1927353708   1345.2  ham=4 (0 1 0 3 0 0 0)  opth=3
o 1927353707   1345.2  ham=4 (0 1 0 3 0 0 0)  opth=3
    run435  dpts:1408..1636  robin:FrbaOnDom-Rand  effs:48,268,630  asgs:(2286,noefs=298,fails=73)  fails:23,805  wrgs:81,623  wck:1317.3  ngds:4,239  sols:2,084  bound:1,927,353,707
o 1927311968   1347.6  ham=28 (2 2 1 3 20 0 0)  opth=4
    run436  dpts:3508..3826  robin:Wdeg-First  effs:48,423,123  asgs:(3989,noefs=604,fails=70)  fails:23,875  wrgs:82,026  wck:1320.1  ngds:4,247  sols:2,085  bound:1,927,311,968
o 1927311959   1350.0  ham=21 (2 0 0 4 15 0 0)  opth=4
o 1927311953   1350.0  ham=11 (1 0 0 3 7 0 0)  opth=3
o 1927311952   1350.0  ham=18 (2 0 0 3 13 0 0)  opth=3
o 1927228444   1350.0  ham=51 (2 1 4 15 29 0 0)  opth=19
o 1927228435   1350.0  ham=33 (2 0 0 2 29 0 0)  opth=2
o 1927228433   1350.1  ham=34 (2 0 0 3 29 0 0)  opth=3
o 1927228430   1350.1  ham=32 (2 0 0 1 29 0 0)  opth=1
o 1927228429   1350.1  ham=32 (2 0 0 1 29 0 0)  opth=1
o 1927186688   1350.1  ham=42 (2 1 1 9 29 0 0)  opth=10
o 1927186675   1350.1  ham=38 (2 0 2 5 29 0 0)  opth=7
o 1927186666   1350.1  ham=34 (2 0 0 3 29 0 0)  opth=3
    run437  dpts:2241..2261  robin:PickOnDom-Last  effs:48,470,015  asgs:(2455,noefs=351,fails=31)  fails:23,906  wrgs:82,089  wck:1322.3  ngds:4,268  sols:2,096  bound:1,927,186,666
o 1927186665   1355.2  ham=18 (2 0 0 1 15 0 0)  opth=1
o 1927186664   1355.3  ham=18 (2 0 0 1 15 0 0)  opth=1
o 1927186662   1355.5  ham=18 (2 0 0 1 15 0 0)  opth=1
    run438  dpts:7212..7416  robin:WdegOnDom-Rand  effs:49,030,898  asgs:(7884,noefs=1073,fails=70)  fails:23,976  wrgs:82,241  wck:1328.4  ngds:4,270  sols:2,099  bound:1,927,186,662
o 1927144919   1357.7  ham=25 (2 1 1 4 17 0 0)  opth=5
o 1927144904   1357.8  ham=22 (2 0 0 3 17 0 0)  opth=3
o 1927103160   1357.9  ham=30 (2 0 1 7 20 0 0)  opth=8
o 1927103157   1358.1  ham=27 (2 0 0 5 20 0 0)  opth=5
o 1927103151   1358.1  ham=26 (2 0 0 4 20 0 0)  opth=4
o 1927103147   1358.2  ham=30 (2 0 2 9 17 0 0)  opth=11
    run439  dpts:1400..1623  robin:FrbaOnDom-First  effs:49,137,014  asgs:(2341,noefs=354,fails=70)  fails:24,046  wrgs:82,926  wck:1330.3  ngds:4,283  sols:2,105  bound:1,927,103,147
o 1927103140   1360.4  ham=71 (6 1 0 7 57 0 0)  opth=7
o 1927103137   1360.5  ham=45 (4 0 0 3 38 0 0)  opth=3
o 1927103135   1360.6  ham=3 (0 1 0 2 0 0 0)  opth=2
o 1927103134   1360.7  ham=29 (2 0 0 1 26 0 0)  opth=1
o 1927103132   1360.8  ham=88 (6 0 0 3 79 0 0)  opth=3
o 1927103130   1360.9  ham=29 (2 0 0 1 26 0 0)  opth=1
    run440  dpts:3647..3882  robin:Wdeg-Last  effs:49,286,632  asgs:(4792,noefs=842,fails=70)  fails:24,116  wrgs:83,647  wck:1333.3  ngds:4,289  sols:2,111  bound:1,927,103,130
o 1927103123   1363.2  ham=25 (1 0 2 7 15 0 0)  opth=9
o 1927103121   1363.2  ham=32 (2 0 0 1 29 0 0)  opth=1
o 1927061393   1363.3  ham=39 (2 0 1 7 29 0 0)  opth=8
o 1927061390   1363.3  ham=32 (2 0 0 1 29 0 0)  opth=1
o 1927061383   1363.3  ham=32 (2 0 0 1 29 0 0)  opth=1
o 1927019640   1363.3  ham=27 (2 1 1 6 17 0 0)  opth=7
o 1927019637   1363.3  ham=4 (0 1 0 3 0 0 0)  opth=3
o 1927019634   1363.3  ham=8 (1 1 0 2 4 0 0)  opth=2
o 1927019630   1363.3  ham=3 (0 1 0 2 0 0 0)  opth=2
o 1927019628   1363.3  ham=24 (2 1 0 4 17 0 0)  opth=4
o 1926977893   1363.3  ham=25 (2 1 1 4 17 0 0)  opth=5
    run441  dpts:2242..2263  robin:PickOnDom-Rand  effs:49,332,274  asgs:(2478,noefs=373,fails=45)  fails:24,161  wrgs:83,714  wck:1335.5  ngds:4,292  sols:2,122  bound:1,926,977,893
o 1926977892   1367.9  ham=35 (4 0 0 1 30 0 0)  opth=1
o 1926977891   1367.9  ham=26 (2 0 0 1 23 0 0)  opth=1
o 1926977883   1368.0  ham=6 (1 0 0 1 4 0 0)  opth=1
o 1926977880   1368.1  ham=43 (4 0 0 1 38 0 0)  opth=1
o 1926977879   1368.7  ham=60 (6 0 0 1 53 0 0)  opth=1
    run442  dpts:7773..7962  robin:WdegOnDom-First  effs:49,735,011  asgs:(8707,noefs=1314,fails=70)  fails:24,231  wrgs:83,867  wck:1341.6  ngds:4,294  sols:2,127  bound:1,926,977,879
o 1926977878   1370.8  ham=3 (0 2 0 1 0 0 0)  opth=1
o 1926977877   1370.8  ham=2 (0 1 0 1 0 0 0)  opth=1
o 1926977872   1370.8  ham=3 (0 1 0 2 0 0 0)  opth=2
o 1926894379   1370.9  ham=57 (2 3 8 18 26 0 0)  opth=26
o 1926894366   1371.0  ham=4 (0 1 0 3 0 0 0)  opth=3
o 1926852593   1371.1  ham=9 (0 2 3 4 0 0 0)  opth=7
    run443  dpts:1382..1607  robin:FrbaOnDom-Last  effs:49,840,272  asgs:(2252,noefs=347,fails=70)  fails:24,301  wrgs:84,499  wck:1343.4  ngds:4,303  sols:2,133  bound:1,926,852,593
o 1926852592   1373.6  ham=4 (0 3 0 1 0 0 0)  opth=1
o 1926852591   1373.6  ham=23 (2 0 0 1 20 0 0)  opth=1
o 1926852590   1373.6  ham=30 (2 0 0 1 27 0 0)  opth=1
o 1926852589   1373.7  ham=30 (2 0 0 1 27 0 0)  opth=1
    run444  dpts:3471..3615  robin:Wdeg-Rand  effs:50,013,796  asgs:(3961,noefs=643,fails=70)  fails:24,371  wrgs:84,702  wck:1346.2  ngds:4,307  sols:2,137  bound:1,926,852,589
o 1926852588   1376.2  ham=34 (2 0 0 3 29 0 0)  opth=3
o 1926852587   1376.2  ham=32 (2 0 0 1 29 0 0)  opth=1
o 1926810833   1376.2  ham=18 (1 0 1 3 13 0 0)  opth=4
o 1926810829   1376.2  ham=35 (2 0 0 4 29 0 0)  opth=4
    run445  dpts:2245..2274  robin:PickOnDom-First  effs:50,062,307  asgs:(2391,noefs=280,fails=70)  fails:24,441  wrgs:84,773  wck:1348.4  ngds:4,353  sols:2,141  bound:1,926,810,829
o 1926810828   1380.9  ham=21 (2 1 0 1 17 0 0)  opth=1
    run446  dpts:7182..7357  robin:WdegOnDom-Last  effs:50,519,726  asgs:(7466,noefs=1010,fails=70)  fails:24,511  wrgs:84,905  wck:1354.3  ngds:4,356  sols:2,142  bound:1,926,810,828
o 1926769081   1383.6  ham=4 (0 1 1 2 0 0 0)  opth=3
o 1926727323   1383.8  ham=4 (0 1 1 2 0 0 0)  opth=3
    run447  dpts:1375..1603  robin:FrbaOnDom-Rand  effs:50,603,892  asgs:(1912,noefs=212,fails=70)  fails:24,581  wrgs:85,355  wck:1356.0  ngds:4,359  sols:2,144  bound:1,926,727,323
o 1926727321   1386.1  ham=3 (0 1 0 2 0 0 0)  opth=2
o 1926727319   1386.3  ham=21 (2 0 0 6 13 0 0)  opth=6
o 1926727317   1386.4  ham=17 (2 0 0 2 13 0 0)  opth=2
    run448  dpts:3498..3707  robin:Wdeg-First  effs:50,743,299  asgs:(4149,noefs=681,fails=70)  fails:24,651  wrgs:85,789  wck:1358.8  ngds:4,363  sols:2,147  bound:1,926,727,317
o 1926685561   1388.7  ham=7 (0 1 1 5 0 0 0)  opth=6
    run449  dpts:2260..2278  robin:PickOnDom-Last  effs:50,790,409  asgs:(2350,noefs=236,fails=70)  fails:24,721  wrgs:85,862  wck:1360.9  ngds:4,433  sols:2,148  bound:1,926,685,561
o 1926685560   1393.4  ham=46 (4 0 0 1 41 0 0)  opth=1
o 1926685559   1393.5  ham=29 (2 0 0 1 26 0 0)  opth=1
    run450  dpts:7808..7980  robin:WdegOnDom-Rand  effs:51,084,407  asgs:(8276,noefs=1221,fails=70)  fails:24,791  wrgs:86,003  wck:1366.7  ngds:4,435  sols:2,150  bound:1,926,685,559
 ...resetting restart cutoff to 75
o 1926643810   1395.9  ham=26 (2 0 1 2 21 0 0)  opth=3
o 1926643808   1396.1  ham=22 (2 0 0 1 19 0 0)  opth=1
o 1926643806   1396.1  ham=24 (2 0 0 1 21 0 0)  opth=1
o 1926643803   1396.1  ham=26 (2 0 0 3 21 0 0)  opth=3
o 1926643802   1396.1  ham=24 (2 0 0 1 21 0 0)  opth=1
o 1926643801   1396.2  ham=5 (0 2 0 3 0 0 0)  opth=3
o 1926602050   1396.2  ham=25 (2 0 1 1 21 0 0)  opth=2
o 1926602049   1396.3  ham=24 (2 0 0 1 21 0 0)  opth=1
o 1926602044   1396.4  ham=30 (2 0 2 5 21 0 0)  opth=7
o 1926602042   1396.4  ham=26 (2 1 0 2 21 0 0)  opth=2
o 1926602040   1396.4  ham=2 (0 1 0 1 0 0 0)  opth=1
    run451  dpts:1370..1599  robin:FrbaOnDom-First  effs:51,177,303  asgs:(2390,noefs=490,fails=16)  fails:24,807  wrgs:86,574  wck:1368.5  ngds:4,449  sols:2,161  bound:1,926,602,040
o 1926602032   1398.8  ham=4 (0 2 0 2 0 0 0)  opth=2
    run452  dpts:3778..4068  robin:Wdeg-Last  effs:51,345,960  asgs:(4158,noefs=624,fails=75)  fails:24,882  wrgs:86,880  wck:1371.5  ngds:4,456  sols:2,162  bound:1,926,602,032
    run453  dpts:2267..2267  robin:PickOnDom-Rand  effs:51,392,814  asgs:(2342,noefs=223,fails=75)  fails:24,957  wrgs:86,955  wck:1373.6  ngds:4,531  sols:2,162  bound:1,926,602,032
o 1926602031   1406.0  ham=28 (2 0 0 1 25 0 0)  opth=1
o 1926602025   1406.3  ham=41 (4 0 0 3 34 0 0)  opth=3
o 1926602024   1406.5  ham=32 (2 1 0 2 27 0 0)  opth=2
    run454  dpts:7830..8009  robin:WdegOnDom-First  effs:51,877,500  asgs:(8449,noefs=1267,fails=78)  fails:25,035  wrgs:87,120  wck:1379.9  ngds:4,532  sols:2,165  bound:1,926,602,024
o 1926560271   1409.1  ham=4 (0 1 1 2 0 0 0)  opth=3
    run455  dpts:1368..1601  robin:FrbaOnDom-Last  effs:51,965,341  asgs:(1760,noefs=172,fails=75)  fails:25,110  wrgs:87,462  wck:1381.5  ngds:4,536  sols:2,166  bound:1,926,560,271
o 1926560269   1411.9  ham=21 (2 0 0 2 17 0 0)  opth=2
o 1926560267   1412.0  ham=29 (2 0 0 1 26 0 0)  opth=1
o 1926560259   1412.3  ham=23 (2 0 0 4 17 0 0)  opth=4
    run456  dpts:4034..4329  robin:Wdeg-Rand  effs:52,166,458  asgs:(4807,noefs=771,fails=75)  fails:25,185  wrgs:88,004  wck:1384.8  ngds:4,540  sols:2,169  bound:1,926,560,259
o 1926518500   1414.8  ham=3 (0 1 1 1 0 0 0)  opth=2
o 1926476750   1414.8  ham=17 (1 0 1 4 11 0 0)  opth=5
o 1926476749   1414.8  ham=28 (2 0 0 1 25 0 0)  opth=1
o 1926435019   1414.8  ham=19 (1 0 1 5 12 0 0)  opth=6
o 1926435013   1414.8  ham=21 (2 0 0 1 18 0 0)  opth=1
    run457  dpts:2253..2286  robin:PickOnDom-First  effs:52,221,892  asgs:(2461,noefs=302,fails=75)  fails:25,260  wrgs:88,123  wck:1387.0  ngds:4,548  sols:2,174  bound:1,926,435,013
o 1926435011   1419.7  ham=26 (2 0 0 1 23 0 0)  opth=1
o 1926435010   1419.8  ham=26 (2 0 0 1 23 0 0)  opth=1
o 1926435009   1420.5  ham=31 (2 0 0 4 25 0 0)  opth=4
o 1926435008   1420.5  ham=47 (4 0 0 1 42 0 0)  opth=1
o 1926435001   1420.6  ham=28 (2 0 0 1 25 0 0)  opth=1
    run458  dpts:7746..7945  robin:WdegOnDom-Last  effs:52,724,087  asgs:(8791,noefs=1376,fails=75)  fails:25,335  wrgs:88,319  wck:1393.4  ngds:4,550  sols:2,179  bound:1,926,435,001
o 1926435000   1422.7  ham=2 (0 1 0 1 0 0 0)  opth=1
o 1926393265   1422.7  ham=22 (1 1 1 7 12 0 0)  opth=8
o 1926393259   1422.8  ham=27 (2 0 0 3 22 0 0)  opth=3
o 1926393254   1422.8  ham=30 (2 0 0 6 22 0 0)  opth=6
o 1926393253   1422.9  ham=28 (2 0 0 4 22 0 0)  opth=4
o 1926393245   1422.9  ham=25 (2 0 0 1 22 0 0)  opth=1
    run459  dpts:1387..1589  robin:FrbaOnDom-Rand  effs:52,784,456  asgs:(2042,noefs=344,fails=75)  fails:25,410  wrgs:88,714  wck:1395.0  ngds:4,561  sols:2,185  bound:1,926,393,245
o 1926393244   1425.2  ham=31 (2 0 0 3 26 0 0)  opth=3
o 1926393240   1425.4  ham=30 (2 0 0 1 27 0 0)  opth=1
    run460  dpts:3530..3755  robin:Wdeg-First  effs:53,043,944  asgs:(4032,noefs=604,fails=75)  fails:25,485  wrgs:89,067  wck:1398.1  ngds:4,565  sols:2,187  bound:1,926,393,240
o 1926393239   1428.0  ham=30 (2 0 0 1 27 0 0)  opth=1
o 1926393231   1428.0  ham=38 (2 1 0 8 27 0 0)  opth=8
o 1926351476   1428.1  ham=28 (2 0 1 4 21 0 0)  opth=5
    run461  dpts:2245..2284  robin:PickOnDom-Last  effs:53,094,574  asgs:(2443,noefs=266,fails=75)  fails:25,560  wrgs:89,182  wck:1400.3  ngds:4,585  sols:2,190  bound:1,926,351,476
o 1926351474   1432.6  ham=52 (4 0 0 2 46 0 0)  opth=2
o 1926351471   1432.7  ham=52 (4 0 0 1 47 0 0)  opth=1
    run462  dpts:7087..7276  robin:WdegOnDom-Rand  effs:53,472,662  asgs:(7582,noefs=1091,fails=75)  fails:25,635  wrgs:89,346  wck:1406.0  ngds:4,587  sols:2,192  bound:1,926,351,471
    run463  dpts:1373..1383  robin:FrbaOnDom-First  effs:53,516,926  asgs:(1464,noefs=127,fails=75)  fails:25,710  wrgs:89,436  wck:1407.4  ngds:4,594  sols:2,192  bound:1,926,351,471
o 1926351468   1437.5  ham=25 (2 0 0 1 22 0 0)  opth=1
o 1926351467   1437.6  ham=25 (2 0 0 1 22 0 0)  opth=1
o 1926351461   1437.7  ham=27 (2 1 0 3 21 0 0)  opth=3
o 1926351457   1437.9  ham=26 (2 0 0 1 23 0 0)  opth=1
o 1926351454   1438.0  ham=24 (2 0 0 2 20 0 0)  opth=2
    run464  dpts:3696..3995  robin:Wdeg-Last  effs:53,723,873  asgs:(4815,noefs=802,fails=78)  fails:25,788  wrgs:90,181  wck:1410.6  ngds:4,600  sols:2,197  bound:1,926,351,454
o 1926309692   1440.5  ham=23 (2 0 1 3 17 0 0)  opth=4
o 1926267941   1440.5  ham=23 (2 0 1 3 17 0 0)  opth=4
o 1926267931   1440.5  ham=22 (2 0 0 3 17 0 0)  opth=3
o 1926267929   1440.5  ham=21 (2 0 0 2 17 0 0)  opth=2
o 1926267925   1440.5  ham=32 (2 0 0 7 23 0 0)  opth=7
o 1926267923   1440.5  ham=15 (1 0 0 4 10 0 0)  opth=4
    run465  dpts:2280..2304  robin:PickOnDom-Rand  effs:53,772,708  asgs:(2489,noefs=314,fails=75)  fails:25,863  wrgs:90,273  wck:1412.7  ngds:4,609  sols:2,203  bound:1,926,267,923
o 1926267922   1445.0  ham=137 (12 2 0 3 120 0 0)  opth=3
o 1926267921   1445.0  ham=90 (8 0 0 1 81 0 0)  opth=1
    run466  dpts:7170..7357  robin:WdegOnDom-First  effs:54,112,231  asgs:(7647,noefs=1105,fails=75)  fails:25,938  wrgs:90,408  wck:1418.2  ngds:4,611  sols:2,205  bound:1,926,267,921
o 1926226173   1447.5  ham=36 (2 0 1 9 24 0 0)  opth=10
o 1926226171   1447.7  ham=29 (2 0 0 3 24 0 0)  opth=3
o 1926226170   1447.7  ham=27 (2 0 0 1 24 0 0)  opth=1
o 1926226169   1447.7  ham=30 (2 0 0 4 24 0 0)  opth=4
o 1926226163   1447.7  ham=29 (2 0 0 3 24 0 0)  opth=3
    run467  dpts:1368..1577  robin:FrbaOnDom-Last  effs:54,193,439  asgs:(1926,noefs=317,fails=75)  fails:26,013  wrgs:90,756  wck:1419.8  ngds:4,615  sols:2,210  bound:1,926,226,163
o 1926226162   1450.0  ham=25 (2 0 0 1 22 0 0)  opth=1
o 1926226159   1450.0  ham=23 (2 0 0 2 19 0 0)  opth=2
o 1926226154   1450.1  ham=19 (2 0 0 1 16 0 0)  opth=1
o 1926226153   1450.2  ham=51 (4 0 0 1 46 0 0)  opth=1
o 1926226145   1450.2  ham=3 (0 1 0 2 0 0 0)  opth=2
o 1926226142   1450.3  ham=30 (2 0 0 1 27 0 0)  opth=1
o 1926226141   1450.6  ham=25 (2 0 0 1 22 0 0)  opth=1
    run468  dpts:3551..3828  robin:Wdeg-Rand  effs:54,390,084  asgs:(4679,noefs=794,fails=75)  fails:26,088  wrgs:91,360  wck:1423.0  ngds:4,619  sols:2,217  bound:1,926,226,141
    run469  dpts:2287..2289  robin:PickOnDom-First  effs:54,436,620  asgs:(2364,noefs=216,fails=75)  fails:26,163  wrgs:91,437  wck:1425.1  ngds:4,646  sols:2,217  bound:1,926,226,141
o 1926226140   1457.6  ham=14 (2 0 0 1 11 0 0)  opth=1
    run470  dpts:7154..7340  robin:WdegOnDom-Last  effs:54,847,704  asgs:(7464,noefs=1065,fails=78)  fails:26,241  wrgs:91,576  wck:1430.7  ngds:4,647  sols:2,218  bound:1,926,226,140
    run471  dpts:1364..1368  robin:FrbaOnDom-Rand  effs:54,898,159  asgs:(1444,noefs=124,fails=75)  fails:26,316  wrgs:91,655  wck:1432.1  ngds:4,697  sols:2,218  bound:1,926,226,140
o 1926226132   1462.6  ham=4 (0 2 0 2 0 0 0)  opth=2
    run472  dpts:4073..4396  robin:Wdeg-First  effs:55,127,602  asgs:(4591,noefs=680,fails=78)  fails:26,394  wrgs:92,068  wck:1435.3  ngds:4,699  sols:2,219  bound:1,926,226,132
o 1926226131   1465.3  ham=15 (1 0 0 5 9 0 0)  opth=5
o 1926226128   1465.3  ham=23 (2 0 0 1 20 0 0)  opth=1
    run473  dpts:2286..2313  robin:PickOnDom-Last  effs:55,181,804  asgs:(2453,noefs=254,fails=75)  fails:26,469  wrgs:92,180  wck:1437.5  ngds:4,702  sols:2,221  bound:1,926,226,128
o 1926226127   1470.3  ham=48 (4 0 0 1 43 0 0)  opth=1
o 1926226126   1470.9  ham=248 (22 0 0 3 223 0 0)  opth=3
    run474  dpts:7681..7869  robin:WdegOnDom-Rand  effs:55,671,152  asgs:(8201,noefs=1280,fails=75)  fails:26,544  wrgs:92,332  wck:1443.7  ngds:4,704  sols:2,223  bound:1,926,226,126
o 1926226122   1473.0  ham=4 (0 2 0 2 0 0 0)  opth=2
    run475  dpts:1346..1447  robin:FrbaOnDom-First  effs:55,739,961  asgs:(1559,noefs=164,fails=75)  fails:26,619  wrgs:92,493  wck:1445.2  ngds:4,709  sols:2,224  bound:1,926,226,122
    run476  dpts:4009..4035  robin:Wdeg-Last  effs:55,927,546  asgs:(4171,noefs=623,fails=75)  fails:26,694  wrgs:92,639  wck:1448.3  ngds:4,712  sols:2,224  bound:1,926,226,122
o 1926226113   1478.2  ham=49 (2 0 6 14 27 0 0)  opth=20
o 1926226106   1478.2  ham=37 (2 0 2 5 28 0 0)  opth=7
o 1926226099   1478.2  ham=31 (2 0 0 1 28 0 0)  opth=1
    run477  dpts:2302..2331  robin:PickOnDom-Rand  effs:55,976,414  asgs:(2451,noefs=275,fails=78)  fails:26,772  wrgs:92,722  wck:1450.4  ngds:4,765  sols:2,227  bound:1,926,226,099
o 1926226098   1483.9  ham=30 (2 0 0 1 27 0 0)  opth=1
    run478  dpts:7759..7928  robin:WdegOnDom-First  effs:56,554,321  asgs:(8122,noefs=1259,fails=75)  fails:26,847  wrgs:92,889  wck:1456.9  ngds:4,767  sols:2,228  bound:1,926,226,098
o 1926226097   1486.1  ham=18 (2 0 0 1 15 0 0)  opth=1
o 1926226096   1486.1  ham=18 (2 0 0 1 15 0 0)  opth=1
o 1926226092   1486.2  ham=20 (2 2 0 1 15 0 0)  opth=1
o 1926226090   1486.2  ham=34 (2 0 0 2 30 0 0)  opth=2
    run479  dpts:1354..1454  robin:FrbaOnDom-Last  effs:56,610,507  asgs:(1729,noefs=281,fails=75)  fails:26,922  wrgs:93,069  wck:1458.3  ngds:4,805  sols:2,232  bound:1,926,226,090
o 1926226089   1488.8  ham=28 (2 0 0 1 25 0 0)  opth=1
    run480  dpts:4141..4245  robin:Wdeg-Rand  effs:56,841,247  asgs:(4406,noefs=710,fails=75)  fails:26,997  wrgs:93,236  wck:1461.5  ngds:4,809  sols:2,233  bound:1,926,226,089
    run481  dpts:2308..2320  robin:PickOnDom-First  effs:56,888,815  asgs:(2397,noefs=231,fails=75)  fails:27,072  wrgs:93,325  wck:1463.8  ngds:4,854  sols:2,233  bound:1,926,226,089
    run482  dpts:7207..7236  robin:WdegOnDom-Last  effs:57,232,929  asgs:(7378,noefs=1051,fails=78)  fails:27,150  wrgs:93,464  wck:1469.4  ngds:4,856  sols:2,233  bound:1,926,226,089
o 1926184351   1498.7  ham=29 (2 0 1 8 18 0 0)  opth=9
o 1926184349   1498.8  ham=21 (2 0 0 1 18 0 0)  opth=1
o 1926184339   1498.8  ham=65 (4 0 4 16 41 0 0)  opth=20
o 1926184337   1498.9  ham=21 (2 0 0 1 18 0 0)  opth=1
o 1926184335   1498.9  ham=55 (4 1 2 7 41 0 0)  opth=9
o 1926142582   1499.0  ham=4 (0 1 1 2 0 0 0)  opth=3
    run483  dpts:1353..1585  robin:FrbaOnDom-Rand  effs:57,335,561  asgs:(2230,noefs=372,fails=82)  fails:27,232  wrgs:94,065  wck:1471.2  ngds:4,933  sols:2,239  bound:1,926,142,582
o 1926142581   1501.6  ham=28 (2 1 0 4 21 0 0)  opth=4
    run484  dpts:4216..4332  robin:Wdeg-First  effs:57,502,560  asgs:(4456,noefs=736,fails=75)  fails:27,307  wrgs:94,214  wck:1474.2  ngds:4,936  sols:2,240  bound:1,926,142,581
o 1926142575   1504.2  ham=34 (2 0 0 6 26 0 0)  opth=6
o 1926142574   1504.2  ham=29 (2 0 0 1 26 0 0)  opth=1
    run485  dpts:2298..2321  robin:PickOnDom-Last  effs:57,550,265  asgs:(2428,noefs=261,fails=75)  fails:27,382  wrgs:94,297  wck:1476.4  ngds:4,941  sols:2,242  bound:1,926,142,574
o 1926142570   1508.6  ham=29 (2 0 0 1 26 0 0)  opth=1
    run486  dpts:7170..7361  robin:WdegOnDom-Rand  effs:58,158,969  asgs:(7528,noefs=1089,fails=75)  fails:27,457  wrgs:94,470  wck:1482.6  ngds:4,944  sols:2,243  bound:1,926,142,570
    run487  dpts:1349..1355  robin:FrbaOnDom-First  effs:58,210,271  asgs:(1430,noefs=120,fails=75)  fails:27,532  wrgs:94,551  wck:1483.9  ngds:4,945  sols:2,243  bound:1,926,142,570
o 1926142567   1514.3  ham=31 (2 0 0 3 26 0 0)  opth=3
o 1926142566   1514.4  ham=28 (2 0 0 1 25 0 0)  opth=1
    run488  dpts:4207..4419  robin:Wdeg-Last  effs:58,372,932  asgs:(4667,noefs=757,fails=78)  fails:27,610  wrgs:94,825  wck:1487.0  ngds:4,953  sols:2,245  bound:1,926,142,566
    run489  dpts:2297..2302  robin:PickOnDom-Rand  effs:58,420,715  asgs:(2377,noefs=225,fails=75)  fails:27,685  wrgs:94,905  wck:1489.1  ngds:4,968  sols:2,245  bound:1,926,142,566
o 1926142565   1521.9  ham=130 (14 0 0 1 115 0 0)  opth=1
o 1926142564   1522.2  ham=64 (6 0 0 1 57 0 0)  opth=1
    run490  dpts:7788..7966  robin:WdegOnDom-First  effs:58,786,482  asgs:(8309,noefs=1298,fails=78)  fails:27,763  wrgs:95,075  wck:1495.0  ngds:4,970  sols:2,247  bound:1,926,142,564
o 1926142562   1524.3  ham=15 (1 0 0 3 11 0 0)  opth=3
    run491  dpts:1360..1445  robin:FrbaOnDom-Last  effs:58,830,214  asgs:(1521,noefs=167,fails=75)  fails:27,838  wrgs:95,187  wck:1496.4  ngds:5,045  sols:2,248  bound:1,926,142,562
o 1926142557   1526.7  ham=29 (2 0 0 1 26 0 0)  opth=1
    run492  dpts:3634..3895  robin:Wdeg-Rand  effs:58,960,632  asgs:(4036,noefs=612,fails=75)  fails:27,913  wrgs:95,492  wck:1499.3  ngds:5,048  sols:2,249  bound:1,926,142,557
o 1926100813   1529.3  ham=28 (2 0 1 5 20 0 0)  opth=6
o 1926059053   1529.3  ham=25 (2 0 1 2 20 0 0)  opth=3
o 1926059048   1529.3  ham=24 (2 0 0 2 20 0 0)  opth=2
o 1926059047   1529.3  ham=23 (2 0 0 1 20 0 0)  opth=1
o 1926059046   1529.3  ham=26 (2 0 0 8 16 0 0)  opth=8
    run493  dpts:2288..2326  robin:PickOnDom-First  effs:59,013,663  asgs:(2512,noefs=314,fails=75)  fails:27,988  wrgs:95,598  wck:1501.5  ngds:5,064  sols:2,254  bound:1,926,059,046
o 1926059042   1533.9  ham=25 (2 0 0 2 21 0 0)  opth=2
o 1926059041   1534.1  ham=43 (4 0 0 4 35 0 0)  opth=4
o 1926059039   1534.2  ham=106 (10 4 0 3 89 0 0)  opth=3
o 1926059038   1534.2  ham=28 (2 0 0 1 25 0 0)  opth=1
o 1926059037   1534.6  ham=25 (2 0 0 1 22 0 0)  opth=1
    run494  dpts:7134..7320  robin:WdegOnDom-Last  effs:59,561,592  asgs:(8115,noefs=1259,fails=75)  fails:28,063  wrgs:95,760  wck:1507.7  ngds:5,065  sols:2,259  bound:1,926,059,037
o 1926059036   1536.9  ham=3 (0 2 0 1 0 0 0)  opth=1
o 1926017277   1537.0  ham=29 (2 0 1 2 24 0 0)  opth=3
o 1925975531   1537.1  ham=31 (2 0 1 4 24 0 0)  opth=5
o 1925975528   1537.3  ham=30 (2 0 0 4 24 0 0)  opth=4
    run495  dpts:1355..1585  robin:FrbaOnDom-Rand  effs:59,685,933  asgs:(2021,noefs=293,fails=75)  fails:28,138  wrgs:96,239  wck:1509.5  ngds:5,079  sols:2,263  bound:1,925,975,528
o 1925975525   1539.8  ham=2 (0 1 0 1 0 0 0)  opth=1
o 1925975524   1539.9  ham=30 (2 0 0 1 27 0 0)  opth=1
o 1925975518   1539.9  ham=5 (0 2 0 3 0 0 0)  opth=3
o 1925975515   1540.0  ham=3 (0 1 0 2 0 0 0)  opth=2
o 1925975514   1540.2  ham=28 (2 1 0 3 22 0 0)  opth=3
    run496  dpts:3982..4284  robin:Wdeg-First  effs:59,881,841  asgs:(5018,noefs=853,fails=75)  fails:28,213  wrgs:96,857  wck:1512.8  ngds:5,082  sols:2,268  bound:1,925,975,514
o 1925933765   1542.8  ham=28 (2 1 1 1 23 0 0)  opth=2
o 1925933764   1542.8  ham=26 (2 0 0 1 23 0 0)  opth=1
    run497  dpts:2318..2354  robin:PickOnDom-Last  effs:59,939,903  asgs:(2461,noefs=266,fails=75)  fails:28,288  wrgs:96,957  wck:1515.0  ngds:5,087  sols:2,270  bound:1,925,933,764
o 1925933763   1547.5  ham=43 (4 0 0 1 38 0 0)  opth=1
o 1925933762   1547.8  ham=27 (2 1 0 3 21 0 0)  opth=3
o 1925933761   1548.0  ham=25 (2 0 0 1 22 0 0)  opth=1
o 1925933759   1548.1  ham=26 (2 0 0 2 22 0 0)  opth=2
o 1925933758   1548.2  ham=25 (2 0 0 1 22 0 0)  opth=1
o 1925933757   1548.2  ham=25 (2 0 0 1 22 0 0)  opth=1
o 1925933756   1548.3  ham=25 (2 0 0 1 22 0 0)  opth=1
    run498  dpts:7761..7953  robin:WdegOnDom-Rand  effs:60,336,462  asgs:(9121,noefs=1525,fails=75)  fails:28,363  wrgs:97,121  wck:1521.1  ngds:5,089  sols:2,277  bound:1,925,933,756
o 1925933754   1550.4  ham=104 (6 0 4 20 74 0 0)  opth=24
o 1925933753   1550.4  ham=30 (2 0 0 1 27 0 0)  opth=1
o 1925933752   1550.5  ham=30 (2 0 0 1 27 0 0)  opth=1
    run499  dpts:1340..1428  robin:FrbaOnDom-First  effs:60,417,326  asgs:(1606,noefs=249,fails=75)  fails:28,438  wrgs:97,241  wck:1522.6  ngds:5,098  sols:2,280  bound:1,925,933,752
o 1925933749   1552.8  ham=33 (2 1 0 4 26 0 0)  opth=4
o 1925933748   1553.1  ham=30 (2 0 0 1 27 0 0)  opth=1
    run500  dpts:3485..3732  robin:Wdeg-Last  effs:60,603,393  asgs:(3953,noefs=597,fails=75)  fails:28,513  wrgs:97,537  wck:1525.5  ngds:5,103  sols:2,282  bound:1,925,933,748
o 1925933732   1555.5  ham=30 (2 0 2 6 20 0 0)  opth=8
o 1925891982   1555.5  ham=23 (2 0 1 0 20 0 0)  opth=1
o 1925850240   1555.5  ham=32 (2 0 3 7 20 0 0)  opth=10
    run501  dpts:2326..2353  robin:PickOnDom-Rand  effs:60,653,093  asgs:(2489,noefs=283,fails=75)  fails:28,588  wrgs:97,628  wck:1527.8  ngds:5,133  sols:2,285  bound:1,925,850,240
o 1925850235   1560.2  ham=30 (2 0 0 1 27 0 0)  opth=1
    run502  dpts:7721..7923  robin:WdegOnDom-First  effs:61,073,026  asgs:(8076,noefs=1230,fails=75)  fails:28,663  wrgs:97,783  wck:1533.7  ngds:5,135  sols:2,286  bound:1,925,850,235
o 1925850234   1563.1  ham=30 (2 0 0 1 27 0 0)  opth=1
o 1925850227   1563.1  ham=30 (2 0 0 1 27 0 0)  opth=1
o 1925850226   1563.1  ham=30 (2 0 0 1 27 0 0)  opth=1
o 1925850220   1563.2  ham=30 (2 0 0 1 27 0 0)  opth=1
o 1925850219   1563.2  ham=32 (2 0 0 3 27 0 0)  opth=3
o 1925850215   1563.2  ham=30 (2 0 0 1 27 0 0)  opth=1
    run503  dpts:1344..1449  robin:FrbaOnDom-Last  effs:61,196,033  asgs:(1864,noefs=362,fails=75)  fails:28,738  wrgs:98,020  wck:1535.4  ngds:5,197  sols:2,292  bound:1,925,850,215
o 1925850213   1565.7  ham=20 (2 0 0 2 16 0 0)  opth=2
o 1925850212   1565.8  ham=29 (2 0 0 1 26 0 0)  opth=1
o 1925850211   1565.8  ham=46 (4 0 0 1 41 0 0)  opth=1
    run504  dpts:3642..3875  robin:Wdeg-Rand  effs:61,357,637  asgs:(4203,noefs=680,fails=75)  fails:28,813  wrgs:98,330  wck:1538.4  ngds:5,198  sols:2,295  bound:1,925,850,211
    run505  dpts:2315..2318  robin:PickOnDom-First  effs:61,405,327  asgs:(2393,noefs=224,fails=75)  fails:28,888  wrgs:98,408  wck:1540.6  ngds:5,199  sols:2,295  bound:1,925,850,211
o 1925850208   1573.6  ham=64 (4 0 0 2 58 0 0)  opth=2
    run506  dpts:7744..7942  robin:WdegOnDom-Last  effs:62,059,881  asgs:(8089,noefs=1265,fails=78)  fails:28,966  wrgs:98,580  wck:1547.1  ngds:5,200  sols:2,296  bound:1,925,850,208
o 1925850205   1576.4  ham=27 (2 1 0 4 20 0 0)  opth=4
o 1925850204   1576.4  ham=26 (2 1 0 3 20 0 0)  opth=3
    run507  dpts:1334..1429  robin:FrbaOnDom-Rand  effs:62,109,648  asgs:(1571,noefs=208,fails=75)  fails:29,041  wrgs:98,727  wck:1548.5  ngds:5,209  sols:2,298  bound:1,925,850,204
o 1925850203   1578.9  ham=30 (2 0 0 1 27 0 0)  opth=1
o 1925808456   1578.9  ham=29 (2 2 1 3 21 0 0)  opth=4
o 1925808454   1579.1  ham=27 (2 0 0 1 24 0 0)  opth=1
o 1925766700   1579.5  ham=31 (2 0 1 1 27 0 0)  opth=2
    run508  dpts:3795..4248  robin:Wdeg-First  effs:62,411,924  asgs:(5071,noefs=832,fails=75)  fails:29,116  wrgs:99,680  wck:1552.3  ngds:5,220  sols:2,302  bound:1,925,766,700
o 1925724946   1582.3  ham=19 (2 0 1 6 10 0 0)  opth=7
o 1925724941   1582.3  ham=18 (2 0 0 6 10 0 0)  opth=6
    run509  dpts:2315..2352  robin:PickOnDom-Last  effs:62,459,280  asgs:(2465,noefs=269,fails=75)  fails:29,191  wrgs:99,781  wck:1554.5  ngds:5,227  sols:2,304  bound:1,925,724,941
o 1925724940   1587.5  ham=45 (4 0 0 1 40 0 0)  opth=1
o 1925724938   1587.5  ham=45 (4 0 0 1 40 0 0)  opth=1
    run510  dpts:7622..7809  robin:WdegOnDom-Rand  effs:62,850,961  asgs:(8146,noefs=1319,fails=75)  fails:29,266  wrgs:99,954  wck:1560.4  ngds:5,229  sols:2,306  bound:1,925,724,938
o 1925724937   1589.7  ham=10 (0 3 2 5 0 0 0)  opth=7
    run511  dpts:1314..1376  robin:FrbaOnDom-First  effs:62,932,619  asgs:(1482,noefs=174,fails=75)  fails:29,341  wrgs:100,070  wck:1561.9  ngds:5,258  sols:2,307  bound:1,925,724,937
o 1925724936   1592.2  ham=21 (2 0 0 2 17 0 0)  opth=2
    run512  dpts:3544..3638  robin:Wdeg-Last  effs:63,070,960  asgs:(3819,noefs=523,fails=75)  fails:29,416  wrgs:100,241  wck:1564.7  ngds:5,262  sols:2,308  bound:1,925,724,936
    run513  dpts:2337..2341  robin:PickOnDom-Rand  effs:63,118,470  asgs:(2418,noefs=231,fails=75)  fails:29,491  wrgs:100,321  wck:1566.9  ngds:5,286  sols:2,308  bound:1,925,724,936
o 1925724935   1599.4  ham=137 (12 0 0 1 124 0 0)  opth=1
o 1925724934   1599.7  ham=21 (2 0 0 1 18 0 0)  opth=1
o 1925724933   1599.9  ham=107 (10 1 0 1 95 0 0)  opth=1
o 1925724932   1600.1  ham=45 (4 2 0 5 34 0 0)  opth=5
o 1925724926   1600.1  ham=20 (2 0 0 1 17 0 0)  opth=1
    run514  dpts:7767..7968  robin:WdegOnDom-First  effs:63,763,239  asgs:(8784,noefs=1459,fails=78)  fails:29,569  wrgs:100,493  wck:1573.5  ngds:5,287  sols:2,313  bound:1,925,724,926
o 1925724925   1602.8  ham=29 (2 0 0 6 21 0 0)  opth=6
o 1925724922   1602.8  ham=14 (1 1 0 2 10 0 0)  opth=2
o 1925724920   1602.8  ham=3 (0 1 0 2 0 0 0)  opth=2
o 1925683163   1602.9  ham=26 (2 0 1 1 22 0 0)  opth=2
o 1925683162   1603.0  ham=25 (2 0 0 1 22 0 0)  opth=1
o 1925683161   1603.0  ham=26 (2 0 0 2 22 0 0)  opth=2
o 1925683158   1603.1  ham=26 (2 0 0 2 22 0 0)  opth=2
o 1925683147   1603.1  ham=27 (2 0 0 3 22 0 0)  opth=3
o 1925683146   1603.1  ham=25 (2 0 0 1 22 0 0)  opth=1
o 1925683145   1603.1  ham=25 (2 0 0 1 22 0 0)  opth=1
o 1925683143   1603.2  ham=25 (2 0 0 1 22 0 0)  opth=1
    run515  dpts:1321..1565  robin:FrbaOnDom-Last  effs:63,847,168  asgs:(2312,noefs=550,fails=40)  fails:29,609  wrgs:100,957  wck:1575.2  ngds:5,307  sols:2,324  bound:1,925,683,143
o 1925683142   1605.5  ham=24 (2 0 0 1 21 0 0)  opth=1
o 1925683136   1605.5  ham=23 (2 0 0 2 19 0 0)  opth=2
    run516  dpts:3573..3913  robin:Wdeg-Rand  effs:64,019,683  asgs:(4077,noefs=625,fails=75)  fails:29,684  wrgs:101,302  wck:1578.2  ngds:5,314  sols:2,326  bound:1,925,683,136
o 1925683120   1608.2  ham=28 (2 0 0 9 17 0 0)  opth=9
o 1925641384   1608.2  ham=31 (2 0 1 8 20 0 0)  opth=9
o 1925599624   1608.3  ham=21 (1 0 1 6 13 0 0)  opth=7
    run517  dpts:2341..2367  robin:PickOnDom-First  effs:64,066,896  asgs:(2501,noefs=293,fails=75)  fails:29,759  wrgs:101,395  wck:1580.4  ngds:5,318  sols:2,329  bound:1,925,599,624
    run518  dpts:7797..7821  robin:WdegOnDom-Last  effs:64,456,568  asgs:(7963,noefs=1219,fails=75)  fails:29,834  wrgs:101,546  wck:1586.4  ngds:5,320  sols:2,329  bound:1,925,599,624
o 1925599623   1615.6  ham=17 (1 1 2 2 11 0 0)  opth=4
o 1925599622   1615.6  ham=58 (4 1 2 5 46 0 0)  opth=7
o 1925599615   1615.7  ham=5 (0 1 2 2 0 0 0)  opth=4
    run519  dpts:1319..1432  robin:FrbaOnDom-Rand  effs:64,556,420  asgs:(1636,noefs=248,fails=78)  fails:29,912  wrgs:101,724  wck:1587.9  ngds:5,343  sols:2,332  bound:1,925,599,615
o 1925599613   1618.1  ham=24 (2 0 0 1 21 0 0)  opth=1
o 1925599612   1618.2  ham=37 (4 0 0 1 32 0 0)  opth=1
o 1925599611   1618.2  ham=21 (2 0 0 2 17 0 0)  opth=2
    run520  dpts:3438..3659  robin:Wdeg-First  effs:64,809,871  asgs:(3930,noefs=631,fails=75)  fails:29,987  wrgs:101,980  wck:1590.9  ngds:5,346  sols:2,335  bound:1,925,599,611
o 1925599603   1620.9  ham=23 (2 0 0 1 20 0 0)  opth=1
o 1925599601   1620.9  ham=43 (2 0 4 13 24 0 0)  opth=17
o 1925557847   1620.9  ham=41 (2 0 3 13 23 0 0)  opth=16
o 1925557846   1621.0  ham=30 (2 0 0 4 24 0 0)  opth=4
    run521  dpts:2335..2369  robin:PickOnDom-Last  effs:64,864,645  asgs:(2520,noefs=304,fails=75)  fails:30,062  wrgs:102,074  wck:1593.2  ngds:5,368  sols:2,339  bound:1,925,557,846
    run522  dpts:7767..7805  robin:WdegOnDom-Rand  effs:65,338,973  asgs:(7947,noefs=1217,fails=75)  fails:30,137  wrgs:102,247  wck:1599.3  ngds:5,371  sols:2,339  bound:1,925,557,846
o 1925557845   1628.6  ham=39 (2 1 2 7 27 0 0)  opth=9
o 1925557843   1628.7  ham=30 (2 0 0 1 27 0 0)  opth=1
o 1925557841   1628.7  ham=31 (2 0 0 2 27 0 0)  opth=2
o 1925557838   1628.7  ham=30 (2 0 0 1 27 0 0)  opth=1
o 1925516083   1628.8  ham=4 (0 1 1 2 0 0 0)  opth=3
o 1925474351   1629.0  ham=13 (0 2 3 8 0 0 0)  opth=11
o 1925474337   1629.2  ham=8 (0 1 2 5 0 0 0)  opth=7
o 1925474326   1629.2  ham=36 (2 0 2 9 23 0 0)  opth=11
    run523  dpts:1323..1581  robin:FrbaOnDom-First  effs:65,547,752  asgs:(2534,noefs=461,fails=78)  fails:30,215  wrgs:103,072  wck:1601.5  ngds:5,381  sols:2,347  bound:1,925,474,326
o 1925474325   1631.8  ham=25 (2 0 0 1 22 0 0)  opth=1
o 1925474324   1631.9  ham=21 (2 0 0 2 17 0 0)  opth=2
    run524  dpts:3621..3739  robin:Wdeg-Last  effs:65,804,402  asgs:(3968,noefs=618,fails=75)  fails:30,290  wrgs:103,243  wck:1604.6  ngds:5,384  sols:2,349  bound:1,925,474,324
    run525  dpts:2349..2351  robin:PickOnDom-Rand  effs:65,852,121  asgs:(2426,noefs=228,fails=75)  fails:30,365  wrgs:103,320  wck:1606.8  ngds:5,412  sols:2,349  bound:1,925,474,324
    run526  dpts:7120..7173  robin:WdegOnDom-First  effs:66,407,071  asgs:(7272,noefs=1045,fails=78)  fails:30,443  wrgs:103,462  wck:1612.9  ngds:5,414  sols:2,349  bound:1,925,474,324
o 1925432587   1642.1  ham=64 (4 0 1 7 52 0 0)  opth=8
o 1925432584   1642.4  ham=24 (2 0 0 4 18 0 0)  opth=4
    run527  dpts:1314..1537  robin:FrbaOnDom-Last  effs:66,515,135  asgs:(1746,noefs=220,fails=82)  fails:30,525  wrgs:103,791  wck:1614.5  ngds:5,429  sols:2,351  bound:1,925,432,584
o 1925432579   1644.8  ham=33 (2 0 0 2 29 0 0)  opth=2
o 1925432576   1644.9  ham=26 (2 2 0 4 18 0 0)  opth=4
o 1925432575   1645.1  ham=21 (2 0 0 1 18 0 0)  opth=1
o 1925432568   1645.4  ham=60 (6 0 0 3 51 0 0)  opth=3
    run528  dpts:3726..4034  robin:Wdeg-Rand  effs:66,786,918  asgs:(4840,noefs=759,fails=75)  fails:30,600  wrgs:104,562  wck:1617.9  ngds:5,434  sols:2,355  bound:1,925,432,568
o 1925432529   1647.9  ham=45 (2 0 2 16 25 0 0)  opth=18
o 1925432528   1647.9  ham=28 (2 0 0 1 25 0 0)  opth=1
o 1925432520   1647.9  ham=35 (2 2 2 4 25 0 0)  opth=6
o 1925432519   1647.9  ham=48 (4 0 2 10 32 0 0)  opth=12
o 1925432515   1647.9  ham=16 (2 0 0 1 13 0 0)  opth=1
o 1925432511   1647.9  ham=17 (2 0 0 2 13 0 0)  opth=2
o 1925432510   1647.9  ham=16 (2 0 0 1 13 0 0)  opth=1
    run529  dpts:2337..2364  robin:PickOnDom-First  effs:66,834,863  asgs:(2582,noefs=365,fails=75)  fails:30,675  wrgs:104,649  wck:1620.1  ngds:5,443  sols:2,362  bound:1,925,432,510
o 1925432504   1652.5  ham=72 (6 0 0 4 62 0 0)  opth=4
    run530  dpts:7119..7332  robin:WdegOnDom-Last  effs:67,225,594  asgs:(7456,noefs=1071,fails=75)  fails:30,750  wrgs:104,810  wck:1625.8  ngds:5,446  sols:2,363  bound:1,925,432,504
o 1925432503   1655.0  ham=2 (0 1 0 1 0 0 0)  opth=1
    run531  dpts:1324..1383  robin:FrbaOnDom-Rand  effs:67,270,096  asgs:(1470,noefs=169,fails=75)  fails:30,825  wrgs:104,907  wck:1627.1  ngds:5,494  sols:2,364  bound:1,925,432,503
o 1925432502   1657.2  ham=28 (2 0 0 2 24 0 0)  opth=2
o 1925432501   1657.2  ham=44 (4 0 0 1 39 0 0)  opth=1
o 1925432492   1657.3  ham=75 (6 1 0 1 67 0 0)  opth=1
o 1925432491   1657.5  ham=22 (2 0 0 3 17 0 0)  opth=3
    run532  dpts:3379..3683  robin:Wdeg-First  effs:67,526,871  asgs:(4078,noefs=677,fails=75)  fails:30,900  wrgs:105,274  wck:1630.1  ngds:5,497  sols:2,368  bound:1,925,432,491
    run533  dpts:2340..2342  robin:PickOnDom-Last  effs:67,572,827  asgs:(2417,noefs=230,fails=75)  fails:30,975  wrgs:105,351  wck:1632.2  ngds:5,521  sols:2,368  bound:1,925,432,491
o 1925432487   1664.3  ham=51 (4 0 0 2 45 0 0)  opth=2
o 1925432484   1664.4  ham=94 (8 0 0 1 85 0 0)  opth=1
o 1925432483   1664.8  ham=29 (2 0 0 4 23 0 0)  opth=4
    run534  dpts:7105..7313  robin:WdegOnDom-Rand  effs:68,007,136  asgs:(7844,noefs=1175,fails=78)  fails:31,053  wrgs:105,556  wck:1638.0  ngds:5,523  sols:2,371  bound:1,925,432,483
o 1925432468   1667.2  ham=20 (1 2 2 7 8 0 0)  opth=9
o 1925390709   1667.3  ham=7 (0 1 1 5 0 0 0)  opth=6
o 1925390708   1667.5  ham=26 (2 0 2 5 17 0 0)  opth=7
o 1925390704   1667.5  ham=23 (2 0 2 2 17 0 0)  opth=4
o 1925307179   1667.6  ham=28 (2 0 2 7 17 0 0)  opth=9
o 1925307178   1667.8  ham=23 (2 1 0 2 18 0 0)  opth=2
o 1925307177   1667.8  ham=21 (2 0 0 1 18 0 0)  opth=1
    run535  dpts:1315..1561  robin:FrbaOnDom-First  effs:68,154,422  asgs:(2267,noefs=422,fails=75)  fails:31,128  wrgs:106,172  wck:1639.9  ngds:5,526  sols:2,378  bound:1,925,307,177
o 1925307173   1670.2  ham=27 (2 0 0 2 23 0 0)  opth=2
o 1925307172   1670.3  ham=26 (2 0 0 1 23 0 0)  opth=1
    run536  dpts:3423..3695  robin:Wdeg-Last  effs:68,380,359  asgs:(3932,noefs=615,fails=75)  fails:31,203  wrgs:106,500  wck:1642.8  ngds:5,527  sols:2,380  bound:1,925,307,172
o 1925265430   1672.8  ham=32 (2 0 1 10 19 0 0)  opth=11
o 1925265425   1672.8  ham=24 (2 0 0 3 19 0 0)  opth=3
    run537  dpts:2339..2368  robin:PickOnDom-Rand  effs:68,427,890  asgs:(2474,noefs=272,fails=75)  fails:31,278  wrgs:106,591  wck:1645.0  ngds:5,534  sols:2,382  bound:1,925,265,425
o 1925265421   1677.2  ham=20 (2 0 0 1 17 0 0)  opth=1
o 1925265419   1677.2  ham=82 (8 0 0 2 72 0 0)  opth=2
o 1925265418   1677.6  ham=43 (4 0 0 1 38 0 0)  opth=1
    run538  dpts:7119..7328  robin:WdegOnDom-First  effs:68,821,286  asgs:(7802,noefs=1175,fails=75)  fails:31,353  wrgs:106,753  wck:1650.7  ngds:5,535  sols:2,385  bound:1,925,265,418
o 1925223696   1680.0  ham=41 (2 1 3 9 26 0 0)  opth=12
o 1925223694   1680.1  ham=30 (2 0 0 2 26 0 0)  opth=2
o 1925223677   1680.2  ham=36 (2 1 2 5 26 0 0)  opth=7
o 1925181933   1680.3  ham=6 (0 1 1 4 0 0 0)  opth=5
    run539  dpts:1302..1536  robin:FrbaOnDom-Last  effs:69,005,366  asgs:(2074,noefs=304,fails=75)  fails:31,428  wrgs:107,311  wck:1652.7  ngds:5,550  sols:2,389  bound:1,925,181,933
o 1925181931   1682.9  ham=22 (2 0 0 3 17 0 0)  opth=3
o 1925181929   1683.0  ham=69 (6 1 0 3 59 0 0)  opth=3
    run540  dpts:3715..3921  robin:Wdeg-Rand  effs:69,129,120  asgs:(4203,noefs=664,fails=75)  fails:31,503  wrgs:107,639  wck:1655.5  ngds:5,553  sols:2,391  bound:1,925,181,929
 ...resetting restart cutoff to 80
o 1925140188   1685.5  ham=37 (2 0 1 8 26 0 0)  opth=9
o 1925140187   1685.5  ham=2 (0 1 0 1 0 0 0)  opth=1
o 1925140185   1685.5  ham=30 (2 0 0 2 26 0 0)  opth=2
    run541  dpts:2348..2372  robin:PickOnDom-First  effs:69,177,394  asgs:(2486,noefs=280,fails=80)  fails:31,583  wrgs:107,727  wck:1657.7  ngds:5,556  sols:2,394  bound:1,925,140,185
o 1925140184   1690.0  ham=43 (4 0 0 2 37 0 0)  opth=2
o 1925140180   1690.1  ham=25 (2 0 0 1 22 0 0)  opth=1
    run542  dpts:7117..7305  robin:WdegOnDom-Last  effs:69,541,954  asgs:(7636,noefs=1131,fails=80)  fails:31,663  wrgs:107,909  wck:1663.3  ngds:5,559  sols:2,396  bound:1,925,140,180
o 1925140172   1692.6  ham=2 (0 1 0 1 0 0 0)  opth=1
o 1925140157   1692.6  ham=8 (0 1 2 5 0 0 0)  opth=7
    run543  dpts:1319..1444  robin:FrbaOnDom-Rand  effs:69,603,898  asgs:(1653,noefs=206,fails=80)  fails:31,743  wrgs:108,143  wck:1664.8  ngds:5,573  sols:2,398  bound:1,925,140,157
o 1925140154   1695.0  ham=17 (2 0 0 1 14 0 0)  opth=1
o 1925140153   1695.0  ham=2 (0 1 0 1 0 0 0)  opth=1
o 1925140151   1695.2  ham=23 (2 0 0 1 20 0 0)  opth=1
    run544  dpts:3796..4047  robin:Wdeg-First  effs:69,745,738  asgs:(4469,noefs=693,fails=80)  fails:31,823  wrgs:108,564  mem:10008M169  wck:1667.7  ngds:5,574  sols:2,401  bound:1,925,140,151
    run545  dpts:2358..2359  robin:PickOnDom-Last  effs:69,798,307  asgs:(2439,noefs=237,fails=80)  fails:31,903  wrgs:108,645  mem:10041M723  wck:1669.9  ngds:5,654  sols:2,401  bound:1,925,140,151
o 1925140150   1702.9  ham=31 (2 1 0 1 27 0 0)  opth=1
    run546  dpts:7213..7380  robin:WdegOnDom-Rand  effs:70,267,620  asgs:(7552,noefs=1082,fails=84)  fails:31,987  wrgs:108,806  mem:10075M278  wck:1675.8  ngds:5,657  sols:2,402  bound:1,925,140,150
o 1925140146   1705.0  ham=30 (2 0 0 2 26 0 0)  opth=2
    run547  dpts:1317..1423  robin:FrbaOnDom-First  effs:70,326,665  asgs:(1536,noefs=168,fails=80)  fails:32,067  wrgs:108,974  mem:10092M55  wck:1677.2  ngds:5,672  sols:2,403  bound:1,925,140,146
o 1925140137   1707.4  ham=52 (4 0 0 1 47 0 0)  opth=1
o 1925140136   1707.5  ham=5 (1 0 0 1 3 0 0)  opth=1
o 1925098385   1707.7  ham=3 (0 1 1 1 0 0 0)  opth=2
o 1925056649   1707.9  ham=81 (6 3 1 8 63 0 0)  opth=9
o 1925056648   1708.0  ham=21 (2 0 0 1 18 0 0)  opth=1
o 1925056646   1708.1  ham=24 (2 0 0 1 21 0 0)  opth=1
o 1925056637   1708.2  ham=23 (2 1 0 3 17 0 0)  opth=3
o 1925014883   1708.8  ham=112 (10 0 1 2 99 0 0)  opth=3
    run548  dpts:3761..4160  robin:Wdeg-Last  effs:70,780,128  asgs:(5981,noefs=1030,fails=80)  fails:32,147  wrgs:110,528  mem:10142M387  wck:1681.4  ngds:5,674  sols:2,411  bound:1,925,014,883
    run549  dpts:2358..2363  robin:PickOnDom-Rand  effs:70,830,100  asgs:(2457,noefs=237,fails=80)  fails:32,227  wrgs:110,622  mem:10159M164  wck:1683.6  ngds:5,682  sols:2,411  bound:1,925,014,883
o 1925014876   1716.3  ham=72 (6 0 0 2 64 0 0)  opth=2
o 1925014875   1716.7  ham=91 (8 0 0 2 81 0 0)  opth=2
    run550  dpts:7187..7380  robin:WdegOnDom-First  effs:71,403,961  asgs:(7757,noefs=1157,fails=84)  fails:32,311  wrgs:110,817  mem:10192M718  wck:1689.7  ngds:5,685  sols:2,413  bound:1,925,014,875
o 1925014872   1719.0  ham=43 (2 1 4 15 21 0 0)  opth=19
    run551  dpts:1327..1420  robin:FrbaOnDom-Last  effs:71,457,706  asgs:(1520,noefs=173,fails=80)  fails:32,391  wrgs:110,958  mem:10209M496  wck:1691.1  ngds:5,750  sols:2,414  bound:1,925,014,872
o 1925014869   1721.3  ham=27 (2 0 0 1 24 0 0)  opth=1
o 1925014864   1721.4  ham=21 (2 1 0 2 16 0 0)  opth=2
o 1925014863   1721.5  ham=23 (2 0 0 1 20 0 0)  opth=1
o 1925014862   1721.6  ham=69 (6 0 0 1 62 0 0)  opth=1
    run552  dpts:3491..3783  robin:Wdeg-Rand  effs:71,609,045  asgs:(4240,noefs=677,fails=80)  fails:32,471  wrgs:111,381  mem:10226M273  wck:1694.0  ngds:5,770  sols:2,418  bound:1,925,014,862
o 1924973113   1724.0  ham=4 (0 1 1 2 0 0 0)  opth=3
    run553  dpts:2361..2392  robin:PickOnDom-First  effs:71,660,024  asgs:(2502,noefs=255,fails=80)  fails:32,551  wrgs:111,498  mem:10243M50  wck:1696.2  ngds:5,783  sols:2,419  bound:1,924,973,113
o 1924973112   1728.4  ham=2 (0 1 0 1 0 0 0)  opth=1
o 1924973109   1728.4  ham=113 (10 0 0 1 102 0 0)  opth=1
o 1924973108   1728.5  ham=44 (4 0 0 1 39 0 0)  opth=1
    run554  dpts:7077..7301  robin:WdegOnDom-Last  effs:72,103,330  asgs:(7773,noefs=1205,fails=80)  fails:32,631  wrgs:111,673  mem:10276M604  wck:1702.1  ngds:5,785  sols:2,422  bound:1,924,973,108
o 1924931350   1731.3  ham=4 (0 1 1 2 0 0 0)  opth=3
    run555  dpts:1336..1569  robin:FrbaOnDom-Rand  effs:72,173,786  asgs:(1660,noefs=187,fails=80)  fails:32,711  wrgs:111,946  mem:10293M382  wck:1703.6  ngds:5,789  sols:2,423  bound:1,924,931,350
o 1924931349   1733.8  ham=27 (2 0 0 1 24 0 0)  opth=1
o 1924931347   1733.8  ham=28 (2 0 0 6 20 0 0)  opth=6
o 1924931345   1733.9  ham=57 (4 0 0 3 50 0 0)  opth=3
o 1924931343   1734.0  ham=30 (2 0 0 2 26 0 0)  opth=2
    run556  dpts:3716..3938  robin:Wdeg-First  effs:72,451,017  asgs:(4587,noefs=750,fails=80)  fails:32,791  wrgs:112,466  mem:10326M936  wck:1706.8  ngds:5,793  sols:2,427  bound:1,924,931,343
o 1924931342   1736.8  ham=12 (2 0 0 1 9 0 0)  opth=1
o 1924931339   1736.8  ham=13 (2 0 0 2 9 0 0)  opth=2
o 1924889592   1736.9  ham=36 (2 0 3 10 21 0 0)  opth=13
    run557  dpts:2377..2403  robin:PickOnDom-Last  effs:72,500,699  asgs:(2565,noefs=292,fails=80)  fails:32,871  wrgs:112,584  wck:1709.1  ngds:5,807  sols:2,430  bound:1,924,889,592
o 1924889590   1741.5  ham=39 (4 0 0 2 33 0 0)  opth=2
    run558  dpts:7823..7995  robin:WdegOnDom-Rand  effs:72,834,122  asgs:(8149,noefs=1267,fails=80)  fails:32,951  wrgs:112,739  wck:1714.9  ngds:5,810  sols:2,431  bound:1,924,889,590
o 1924889577   1744.1  ham=6 (0 2 0 4 0 0 0)  opth=4
o 1924889576   1744.2  ham=3 (0 1 0 2 0 0 0)  opth=2
    run559  dpts:1326..1444  robin:FrbaOnDom-First  effs:72,926,553  asgs:(1573,noefs=217,fails=80)  fails:33,031  wrgs:112,889  wck:1716.4  ngds:5,888  sols:2,433  bound:1,924,889,576
o 1924889575   1746.8  ham=29 (2 0 0 1 26 0 0)  opth=1
o 1924889574   1746.8  ham=49 (4 1 0 3 41 0 0)  opth=3
o 1924889573   1746.9  ham=24 (2 0 0 2 20 0 0)  opth=2
o 1924889572   1747.1  ham=28 (2 0 0 6 20 0 0)  opth=6
o 1924847830   1747.2  ham=45 (4 0 1 2 38 0 0)  opth=3
    run560  dpts:3981..4332  robin:Wdeg-Last  effs:73,262,110  asgs:(4945,noefs=885,fails=80)  fails:33,111  wrgs:113,430  wck:1720.0  ngds:5,892  sols:2,438  bound:1,924,847,830
o 1924847769   1750.0  ham=85 (6 0 4 27 48 0 0)  opth=31
o 1924806051   1750.0  ham=28 (2 0 1 8 17 0 0)  opth=9
o 1924806038   1750.1  ham=23 (2 0 0 4 17 0 0)  opth=4
o 1924806037   1750.1  ham=2 (0 1 0 1 0 0 0)  opth=1
o 1924806010   1750.1  ham=33 (2 2 2 11 16 0 0)  opth=13
o 1924806008   1750.1  ham=9 (1 0 0 2 6 0 0)  opth=2
o 1924805995   1750.1  ham=22 (2 0 0 6 14 0 0)  opth=6
o 1924805994   1750.1  ham=18 (2 0 0 2 14 0 0)  opth=2
o 1924805993   1750.1  ham=18 (2 0 0 2 14 0 0)  opth=2
o 1924805992   1750.1  ham=17 (2 0 0 1 14 0 0)  opth=1
    run561  dpts:2379..2406  robin:PickOnDom-Rand  effs:73,312,876  asgs:(2640,noefs=373,fails=80)  fails:33,191  wrgs:113,534  wck:1722.3  ngds:5,940  sols:2,448  bound:1,924,805,992
o 1924805991   1754.7  ham=31 (2 0 0 2 27 0 0)  opth=2
    run562  dpts:7244..7437  robin:WdegOnDom-First  effs:73,683,182  asgs:(7576,noefs=1112,fails=80)  fails:33,271  wrgs:113,697  wck:1728.1  ngds:5,942  sols:2,449  bound:1,924,805,991
    run563  dpts:1330..1338  robin:FrbaOnDom-Last  effs:73,781,825  asgs:(1421,noefs=132,fails=80)  fails:33,351  wrgs:113,786  wck:1729.6  ngds:6,017  sols:2,449  bound:1,924,805,991

s SATISFIABLE

v  <instantiation id='sol2449' type='solution' cost='1924805991'> <list> f[] p[] k v1[] v2[] d[] </list> <values> 2548 2552 2628 2536 2704 2568 2416 2076 2608 2284 2080 2704 2216 2492 2600 2456 2696 2208 2360 2568 2520 2492 2572 2364 2072 2640 2696 2508 2552 2656 2568 2168 2152 2584 2124 2264 2020 2624 2580 2448 2288 2648 2396 2660 2608 2348 2388 2480 2628 2028 2020 2572 2500 2024 2652 2668 2060 2552 2564 2548 2396 2216 2292 2280 2640 2252 2024 2464 2584 2656 2516 2352 2212 2452 2312 2120 2444 2676 2316 2528 2572 2684 2404 2276 2492 2576 2352 2504 2556 2288 2596 2532 2020 2508 2160 2644 2584 2676 2256 2576 2228 2604 2688 2212 2632 2112 2696 2252 2540 2664 2320 2372 2200 2664 2592 2412 2640 2336 2236 2404 2616 2436 2304 2704 2412 2616 2616 2120 2204 2540 2488 2488 2476 2648 2148 2192 2504 2716 2608 2020 2416 2588 2120 2588 2656 2276 2528 2376 2524 2072 2552 2716 2664 2524 2528 2560 2680 2580 2696 2584 2624 2568 2616 2628 2680 2532 2316 2656 2300 2088 2284 2616 2444 2220 2444 2548 2112 2660 2320 2552 2480 2060 2656 2608 2148 2088 2216 2648 2060 2020 2240 2200 2592 2672 2248 2460 2596 2196 2688 2380 2640 2664 2412 2316 2576 2416 2676 2376 2656 2368 2160 2556 2020 2460 2164 2548 2432 2176 2636 2096 2304 2108 2536 2320 2076 2692 2304 2572 2600 2472 2288 2344 2492 2688 2684 2280 2160 2032 2160 2584 2260 2168 2580 2228 2300 2520 2264 2504 2304 2568 2148 2664 2528 2520 2700 2160 2544 2624 2412 2064 2356 2648 2304 2256 2664 2592 2616 2332 2060 2620 2704 2704 2460 2392 2640 2548 2368 2576 2396 2516 2604 2408 2032 2052 2436 2196 2684 2600 2372 2476 2616 2608 2656 2188 2488 2684 2508 2628 2620 2616 2448 2328 2444 2164 2560 2508 2092 2492 2544 2300 2200 2556 2048 2628 2500 2276 2264 2484 2308 2396 2160 2272 2632 2228 2548 2616 2208 2616 2588 2188 2296 2576 2212 2640 2132 2036 2256 2676 2596 2392 2676 2136 2632 2468 2076 2540 2240 2544 2060 2716 2672 2548 2584 2648 2336 2620 2208 2256 2344 2420 2456 2280 2672 2060 2260 2636 2624 2516 2564 2508 2440 2500 2172 2252 2244 2060 2212 2160 2656 2576 2220 2540 2488 2620 2260 2580 2208 2648 2248 2512 2232 2696 2240 2612 2328 2588 2260 2648 2388 2296 2652 2712 2048 2380 2108 2472 2680 2640 2312 2496 2716 2380 2684 2420 2528 2524 2052 2260 2500 2656 2588 2676 2656 2680 2640 2496 2508 2188 2688 2660 2612 2148 2232 2280 2484 2560 2388 2280 2396 2540 2228 2508 2176 2308 2348 2476 2160 2664 2460 2540 2060 2492 2624 2656 2160 2436 2580 2612 2452 2576 2548 2340 2088 2120 2564 2624 2248 2500 2620 2660 2488 2208 2592 2624 2060 2580 2532 2428 2020 2640 2240 2216 2612 2328 2332 2348 2488 2112 2564 2164 2644 2168 2588 2572 2340 2460 2260 2704 2596 2312 2344 2036 2496 2616 2524 2132 2400 2612 2532 2580 2552 2328 2220 2576 2252 2516 2360 2304 2480 2188 2208 2672 2484 2236 2680 2464 2656 2372 2220 2612 2232 2224 2600 2060 2560 2644 2696 2676 2616 2372 2608 2508 2616 2120 2588 2664 2020 2108 2716 2496 2396 2020 2516 2608 2360 2060 2072 2512 2448 2648 2200 2716 2368 2588 2272 2424 2160 2436 2424 2020 2352 2412 2188 2496 2656 2372 2408 2200 2608 2412 2160 2200 2312 2624 2212 2496 2200 2096 2688 2140 2040 2504 2656 2260 2548 2656 2520 2468 2640 2356 2372 2536 2672 2116 2336 2500 2520 2376 2536 2648 2476 2584 2644 2280 2556 2216 2348 2092 2340 2572 2320 2528 2620 2084 2540 2644 2664 2408 2500 2440 2628 2680 2588 2540 2424 2552 2676 2624 2408 2588 2600 2580 2136 2120 2248 2572 2128 2320 2452 2268 2620 2564 2624 2556 2160 2524 2076 2344 2636 2344 2392 2352 2512 2108 2272 2432 2332 2592 2320 2580 2588 2120 2648 2124 2604 2480 2220 2636 2504 2468 2548 2160 2296 2464 2180 2564 2180 2244 2148 2676 2620 2020 2436 2236 2632 2060 2648 2380 2464 2036 2336 2660 2456 2592 2484 2356 2312 2076 2360 2272 2060 2220 2640 2544 2248 2216 2056 2544 2352 2704 2296 2592 2264 2532 2688 2176 2204 2064 2524 2336 2048 2092 2368 2296 2456 2036 2716 2588 2308 2612 2688 2628 2564 2352 2176 2644 2620 2020 2588 2160 2392 2020 2552 2600 2224 2676 2560 2680 2644 2648 2252 2452 2280 2584 2240 2480 2420 2632 2456 2068 2620 2544 2660 2324 2616 2664 2660 2600 2416 2520 2456 2616 2600 2480 2468 2492 2524 2448 2436 2532 2628 2716 2524 2584 2152 2656 2696 2484 2304 2604   0 1 0 1 1 0 0 1 1 0x5 1x3 0 1 0 1 0x5 1 0x3 1 1 0 0 1 0x3 1 0x4 1 1 0 0 1 1 0 1 0 1 0 1 0 1x3 0x4 1 1 0 0 1 0 1x4 0 1 0x5 1x5 0 0 1 1 0 1 0 1 0 1 0x3 1 0 1 1 0x4 1 0 0 1 1 0x3 1x3 0 1 1 0x4 1 0x4 1 1 0 1 1 0x3 1 0 1 1 0 1x3 0x4 1 0 1x10 0 0 1 0 1x3 0x3 1 1 0 0 1 0x4 1 0 1x4 0 1x4 0 1x3 0 0 1 0 1x4 0 1 0x3 1 0 0 1x4 0 1x4 0x3 1 1 0 0 1 0x4 1 0x5 1x3 0 1 0 1 0 1 0 1 1 0 1 0x4 1 0x7 1 0 1x5 0 1 0 1 0 1x6 0 1x3 0 1 1 0x3 1 1 0x3 1x3 0 1 0 1x3 0 0 1 0x3 1 1 0 0 1 0 1 0 1 0 0 1x3 0x4 1 0 1x4 0 0 1x4 0 1x3 0x3 1x3 0 1 0 1x3 0 0 1 0 1 0 0 1 0 0 1 0 1x3 0x5 1 1 0 1x3 0 1 0 0 1x4 0 1 1 0 1x4 0 1 1 0x6 1 1 0 1 1 0 1 1 0 0 1x3 0 1 0 0 1x3 0 1x5 0 1 0 1 0 1 0 1 0 1 0 0 1 0 1 1 0 1 0 1 1 0x5 1 1 0x5 1 0x4 1 1 0 1 0 1x4 0 1 1 0 1 1 0x4 1 1 0x4 1x3 0 1x10 0 1 1 0x3 1 0 1x3 0x4 1x3 0 1 0x3 1x3 0 1 0 1 1 0 0 1x3 0x5 1 1 0 0 1x3 0 0 1 1 0 0 1 0 0 1 1 0 1 0 1 0 0 1 0x8 1 0 0 1 0 1 0 0 1 0x4 1x3 0 1 1 0x10 1 1 0 1x4 0 1 0 1 1 0x3 1 0x4 1 1 0 0 1x6 0 1 0x3 1 0x4 1 0x3 1 1 0 0 1 1 0x3 1 1 0x3 1x4 0x3 1 0 1 0 1 0x3 1 0 0 1 0 1 0x4 1x5 0 0 1 1 0x3 1 0 1 1 0 1 0 0 1 0x4 1 0 1 0x13 1 0x4 1 0x3 1x3 0 0 1 0 0 1 0x4 1 1 0 1 0 1 1 0 1x4 0 0 1x4 0x3 1 1 0 1 0 0 1 1 0 0 1 0 1 0 1x3 0   11   0x51 1 0x68 1 0x21 1 0 1 0x15 1 0x18 1 0x34 1 0x56 1 0x47 1 0x47 1 0x25 1 0x9 1 0x17 1 0x5 1 0x9 1 0x25 1 0x59 1 0x64 1 0 1 0x33 1 0x34 1 0x18 1 0x26 1 0x19 1 0x31 1 0x54 1 0x9 1 0x10 1 0x43 1 0x4 1 0x11 1 0x89 1 0x10 1 0x27 1 0x39 1 0x30 1 0x3 1 0x16 1 0x21 1 0x20 1 0x13 1 0x21 1 0x33 1 0x7 1 0x10 1 0x4 1 0x30 1 0x19 1 0x32 1 0x59 1 0x15 1 1 0x50 1 0x30 1 0x16 1 0x13 1 0x19 1 0 0 1 0x16 1 0x99 1 0x34 1 0x14 1 0x6 1 0x15 1 0x43 1 1 0x28 1 0x22 1 0x5 1 0x40 1 0 0 1 0x37 1 1 0x3 1 0x20 1 0x26 1 0x8 1 0x24 1 0x52 1 0x3 1 0x17 1 0x22 1 0x14 1 0x14 1 0x28 1 0x22 1 0x3 1 0x25 1 0x3 1 0x26 1 0x15 1 0x25 1 0x37 1 0x12 1 0x10 1 0x7 1 0x15 1 0x55 1 0x31 1 0x6 1 0x26 1 0x16 1 0x44 1 0x16 1 0x12 1 0x7 1 0x21 1 0x16 1 0x46 1 0x8 1 0x7 1 0x22 1 0x100 1 0x23 1 0x30 1 0x43 1 0x4 1 0x6 1 1 0x6 1 0x19 1 0x20 1 0x12 1 0x8 1 0x9 1 0x12 1 0x7 1 0x21 1 0x38 1 0 0 1 0x5 1 0x3 1 0x44 1 0x18 1 0x11 1 0x40 1 0x38 1 0x25 1 1 0x68 1 0x6 1 0x47 1 0x8 1 0x15 1 0x31 1 0x11 1 0x19 1 0 0 1 0x97 1 0x33 1 0 0 1 0x11 1 0x19 1 0x43 1 0x15 1 0x29 1 0x35 1 0x5 1 0x12 1 0x15 1 0x29 1 0x14 1 0x18 1 0x9 1 0x21 1 0x18 1 0x4 1 0x49 1 0x29 1 0x28 1 0x8 1 0x26 1 1 0x12 1 0x22 1 0x14 1 0x9 1 0 0 1 0   0x3 1 0x4 7 0 0 3 0 7 0x5 1 0 0 1 0 0 5 0x3 7 0x3 6 0x4 10 0 0 9 0 10 4 1 0x5 10 0 0 1 0 1 1 0 1 0x4 1 0 0 4 1 0x7 10 0x5 8 0 1 0x3 2 0 1 0 0 7 1 4 1 0x13 1 1 0x3 1 0x3 1 10 4 6 0x11 3 0 1 0x5 10 1 10 0x6 1 0x6 1 0 10 0 0 3 0x4 3 0 0 1 0 1 2 6 0x3 10 0 0 7 1 0 1 0 0 7 0x3 8 3 0 5 0 0 6 8 0 0 3 0x3 2 0x4 10 0 10 10 0x5 1 0 7 1 2 0 0 1 0 0 1 8 0 0 2 0 1 0 0 1 0x11 1 0x3 1 0x3 1 0 0 6 10 0 4 5 0x4 10 10 8 0 8 0 1 4 0 0 1 0 0 1 1 0x8 4 0x6 1 0x6 3 0x3 4 5 0 1 0x3 10 0 0 9 0x4 2 0 0 1 0 7 1x3 0 0 10 0 2 0 1 0x4 1 1 0x5 4 0 1 0x6 9 0x3 10 0x22 1 0 1 10 0 1 0x3 1 1 0 0 10 0x6 9 1 1 0x5 2 0 0 10 0 1 0 1 0 10 0 0 10 0 3 0x4 10 0 0 1 0x5 1 0 2 2 0x5 1 1 0 2 0x3 1 10 0 0 9 0x4 2 0x5 8 0x5 1 0x10 1 0x6 1 0 0 1 0x5 1 0x11 6 10 0x7 5 6 0x16 3 0 0 1 0 5 0 0 1 0x4 3 0x3 1 0x6 7 0 3 1 1 0x4 1 8 0 0 1 0 10 0 10 0 5 0x6 1 0 1 0x5 9 0 10 3 0 0 1 0 0 1 7 0 10 0x4 10 0 1 1 10 1 0 0 1 0 7 0 4 0 9 0x3 1 0 4 0 2 0 0 4 9 0x7 10 10 0 0 9 0 0 3 0 0 8 0x3 1 0x3 6 0 10 1 0x3 1 0 2 0 0 1 0x4 1 0x4 8 0x6 10 5 0 0 10 0 0 3 0x11 1 10 0 0 1 0x5 1 0 6 0x13 1 0 6 0 8 0 0 10 0x3 2 0 0 7 4 4 0x5 6 1 1 0x5 1 0x3 5 0 1 0x5 5 1 1 0x17 10 0x4 7 0x4 10 0 0 4 6 1 0 0 10 0 0 10 0 0 1 0x4 7 0x3 1 0 0 1x3 3 0x4 1 0x3 1 0x3 1 0x5 1 0x3 10 1 0 10 0x4 10 0x7 1 0x3 10 0 7 0 0 8 0x6 4 0 0 1 0 1 0 0 4 0x3 1 0x3 6 9 0x12 10 0x5 1 0x3 1 0x4 10 0x4 3 0 0 5 0 1 0x6 1 1 0x3 5 0x5 8 3 0 0 3 10 0 10 0 0 4 0 0 1 0 0 10 0x10 9 3 0x4 1 0 1 0 1 0 0 1 10 1 1 10 0x4 4 1 0x3 4 0 0 6 5 2 0 10 9 0 1 0 0 1 0 5 0 0 1 0x9 8 9 10 0 10 0x6 2 0x7 1 0 6 1 0x6 10 1 0 0 10 0x3 10 0x4 1 0 8 0 0 6 0x6 10 0x4 1 0 1 0x4 4 0 0 5 0 0 10 0x3 10 0 3 1 0x9 1 0 0 1 0 1 7 0 10 0 0 1 3 0 0 1 0 0 1 2 0 0 10 0x3 1 6 1 0 0 1 4 0x3 1 1 0 0 9 0x3 10 0x7 8 0 0 1 6 0 9 0x4 3 0x4 1 0x6 8 0 0 10 0 1 0 3 0 3 0 10 0x6 1 1 0 0 10 0 3 0 1 10 1 0x5 5 1 1 0 0 10 0 1 0 0 1 1 0 3 1 1 0 0 1 1 6 0 1 0 10 0x5 1 0 3 0x6 3 1 0 0 2 10 0 1 0x3 2 0 1 0x3 6 6 1 0 0 6 0 0 1 4 1 6 0x3 1 1 0 0 1 2 10 0 1 1 0 5 1 0x6 1 0 0 1 0 1x3 0 0 10 3 0 0 10 0x3 1 2 0 0 1 0x3 1 1 0x13 1 0x3 1 4 10 0x3 1 0 1 0x4 1 0x4 10 10 0x3 1 0 0 1 0x4 3 0x4 1 0x3 4 0 0 9 0 4 0x6 1 8 0x3 1 0 0 4 0 1 0 4 4 1x3 0 10 10 0 0 1 0 0 5 10 0x3 1 0 1 1 0 0 1 0x7 1 3 0x3 10 1 7 7 0 3 0 5 0 0 1 1 5 0x4 10 0 10 0x3 1 5 0x4 1 0 10 0x6 9 0x10 9 1 10 0 3 10 0 0 6 0x3 7 0 0 10 0 0 1 4 0 0 10 1 0x5 4 0 1 0x5 10 1 0x6 1 0x4 1 0 1 0x3 1 0x3 1 0x14 7 0x7 8 3 0x6 8 0 1 0 0 2 1 0 1 3 0 0 9 0x4 1 1 0x4 9 0 0 1 0x4 10 5 0x5 7 0x3 4 0x5 1 0x4 3 0x5 1 0x5 9 10 0 0 6 0 10 0 0 3 0 0 1 10 0 0 10 0 9 5 0x3 10 1 0 0 2 0 9 0 4 1 10 0x3 6 8 10 0 0 9 0 1 0x4 7 0x8 4 4 0x18 3 0 0 1 0 10 10 0x4 1 0 4 0x5 1 0 8 0x4 2 0 5 0 1 0x3 10 10 1 0x3 1 1 0x5 10 0 0 1 0 1 7 0 1 1 0 10 0x3 8 9 10 0 0 1 1 0x8 1 0x4 1 0 0 10 0 0 1 0x7 6 0x4 2 0 1 0 10 0 0 10 0 1 1 0 0 1 0x3 10 10 0x9 1 0x3 7 0x4 1 0 1 0 4 0 1 0 10 10 0x3 10 7 1 0 0 6 0 1 0x13 10 0 5 0 1 0 0 10 0x6 1 0 7 0x5 1 0x3 7 10 0 10 0x6 10 0 1 0x5 2 0x3 7 1 4 7 0 0 1 1 0 0 1 1 9 10 0x3 9 0 0 3 0x5 1 1 0x7 3 0x9 6 0x6 10 0 1 0x4 1 0 1 0 1 0 0 10 0 0 3 10 0x7 8 0x8 5 10 0 6 0x3 1 0x4 6 0 1 0x4 1 0x4 10 0 1 0 0 1 0x7 8 0 10 0x12 1 10 10 0x5 1 0x3 10 0x4 1 0 1 0 1 0 1 0 0 10 0 10 5 0 10 0x3 1 0x18 10 0x3 10 0x5 4 0x11 9 3 1 0x5 10 3 0 0 10 0 0 1 0x11 1 0 0 2 0 0 4 1 0x4 10 3 0 0 3 0x8 8 0 0 10 3 1 0 7 0 0 1 3 0 0 1 0 0 1 0x7 5 0x3 10 0x6 1 1 0 7 3 0 0 1 3 1 0x6 1 4 0x7 7 0x3 3 0 10 0 5 0x4 1 0 10 0x3 10 10 0x4 1 0x4 10 4 5 0 1 0x3 10 0x4 1 0x7 7 1 0 10 0 0 1 3 6 0x6 6 8 1 0 1 0x11 3 0 1 1 5 5 0x5 1 0x4 4 0 0 1 9 0x3 4 0x3 10 1 0 0 1 2 0x5 8 0x5 1 0 5 0x4 10 0x4 1 1 0 10 0x6 10 0x3 9 0 1 0x4 1 1 0x7 5 0 1 10 0 0 1 10 0 9 0 1 9 0 0 6 0x4 1 0 0 1 10 0 10 0 1 0 0 3 0 0 1x3 0x6 8 1x4 0x3 10 0 0 2 6 1 0x10 1 0 10 0x3 1 0 0 2 0 10 1 0 10 1 2 5 1 10 0 0 5 0 6 0 4 0 10 0x3 10 3 0 1 0 4 0 0 10 0x6 8 0x7 1 0x6 10 4 0x4 10 0x3 1 0x6 10 0x4 1 1 3 0 10 0 0 1 0 1 0x13 5 0 4 1 0 1 0x3 1 0 1 0 9 0 2 0x3 10 5 0x3 3 0x3 10 9 0 0 1 0 1 0 10 0 0 4 0 0 9 0 1 0 0 2 0x11 10 0x4 8 3 0 0 6 0x11 3 1 1 0 3 0 1 0x4 5 0 10 3 10 4 0 1 0 0 4 7 0 3 0 0 1 5 0x7 7 0x11 4 0 1 0x3 1 0 0 8 0x3 10 0 1 9 0 0 1 1 0 0 1 0 0 4 0 5 1 0 0 10 0x8 3 0x3 1 0 0 6 0 1 0 0 7 0 0 10 0 0 1 0 10 0 0 8 0x4 1 0x4 1 5 0 1 0 0 1 0x6 10 1 0x4 1 0 8 0x4 1 0x5 1 0x8 2 3 0x3 1 7 0x5 1 0 0 4 10 1 5 0 1 10 0x3 4 0 0 10 10 7 0 1 1 0 0 10 0x3 1 1 0 0 2 0x3 5 0x6 1 10 0x4 5 0 5 0 1 0x7 7 0x3 10 0 6 2 0x3 1 10 0x4 10 0x8 10 1 0x4 1 2 1 5 10 0 0 2 8 1 0 0 8 0x3 1 10 0 2 0x5 10 0x11 10 0 8 0x4 1 0 0 10 0 9 0x9 1 0x13 1 6 0 0 4 0x5 5 3 0 10 1 0 10 6 0 1 0 0 10 1 10 4 10 1 2 1 1 0 1 1 0x9 5 0x8 8 0x5 1 0 9 0x7 1 0 0 10 9 0x5 1 0 0 1 0 0 5 1 0 0 1 0 10 0x3 1 0 1 0x5 10 5 7 0 0 3 0 0 4 3 1 1 0 0 1 0 1 0x3 1 0 0 1 0 1 0x3 1 1 0 0 8 0x6 9 10 6 0 0 1 0x6 1 0x4 3 0x4 4 0x14 7 0 1 10 0x3 1 0 1 0 0 6 0 1 0x4 1 0 6 3 0 9 3 0 0 1 10 10 0x4 1 1 0x10 5 1 0x6 1 0x5 4 0 10 0x4 1 0 0 3 1 0x3 8 0 1 0x6 1 0 1 1 5 1 0x6 10 6 10 0 1 1 6 0 0 10 0 3 1 8 0 0 1 0 1 0x4 1 0x9 10 0x13 5 0 3 0 1 1 0x4 10 0x7 1 10 0 10 0x3 1 0x6 10 0 0 10 0x4 1 0x3 1 0 3 0x4 1 0x4 1 0x3 6 0x3 10 3 4 10 0 0 1 0x6 6 7 10 1 0x6 4 0x7 5 0 0 1 10 1 10 10 0x6 1 1 8 0 5 0x3 3 6 0x6 1 0 0 1 0 3 0x5 10 0 1 0x9 10 0x3 1 0 1 0x6 1 0 7 3 0x5 1 1 0 0 10 0 1 1 7 7 0 0 3 0x9 3 0 0 1 0 6 0 0 10 1 1 0 1 0x8 1 0 0 3 1 0 0 1 0 6 0 1 0 0 7 1 1 0x4 10 0 0 10 0 6 0x7 8 0 10 0 1 0 0 1 0x5 3 10 0 5 0 9 0x3 10 0x13 1 0 6 0 0 3 1 0x5 1 0 8 10 0 0 3 0 1 0x6 3 0 9 10 0x5 1 2 0x8 10 4 5 0 1 0x15 1 0x8 2 10 9 0x5 4 0 0 10 6 0x4 1 10 1 0x5 5 0 4 0x3 9 8 1 0x3 10 1 6 0 0 1 10 0x3 4 0 0 1 10 0x4 10 0 3 0 1 0x6 1 0 3 0 5 10 0x4 1 0x6 1 6 1 1 0 1 0 0 1 0x8 7 10 0 1 0x3 1 0 0 3 0x3 1 0 10 0 1 0 0 5 0x3 1 0 7 0 1 0 1 0 0 3 10 4 0 0 8 0 1 0x3 10 10 0x4 1 0 4 0 1 8 7 0x5 1 0x3 10 0 1 0x7 2 3 5 0x4 4 0 10 1x3 10 10 0 1 0 0 1 0 0 1 0 9 1 0x4 1 0 0 1 0 0 1 0 1 1 0x5 10 0 1 0x3 1 0x3 9 0 0 1 10 0x3 1 10 1 0x10 1 0x4 5 8 0 0 1 0x6 1 0 10 0 8 0x4 1 0x3 4 0x6 1 1 10 0x8 10 0x4 1 0x3 10 0 3 0x4 3 0 7 0x3 9 0x3 1 1 0 5 0x4 10 0 10 10 0 6 6 1 0x6 1 0 10 1 4 0 1 10 1 0 2 0x3 6 0 0 10 4 0 4 0x4 10 0 0 4 0 0 7 0x3 3 0 0 1 0 10 0x4 1 1 5 0 0 10 1 0 10 10   284 268 112 220 300 256 460 48 28 312 236 320 160 44 400 496 284 184 48 296 48 348 80 308 508 112 192 248 264 52 72 284 268 144 92 148 172 280 8 128 180 64 196 36 24 32 268 60 168 484 416 44 448 296 132 28 24 296 104 148 264 100 388 140 144 268 152 96 172 624 96 204 412 568 172 120 28 44 120 288 104 104 140 264 76 132 616 384 56 336 268 188 184 208 36 72 180 372 416 228 88 392 140 268 456 160 48 128 408 188 204 28 276 20 576 508 68 48 296 160 32 24 312 200 232 64 404 128 300 596 408 648 236 516 96 292 76 168 516 288 400 528 56 316 64 360 408 68 412 304 596 344 476 80 392 292 56 268 204 60 16 280 92 216 192 380 100 212 64 552 480 36 356 64 124 72 56 392 464 76 284 80 52 140 192 88 280 428 20 48 144 404 352 44 124 184 208 512 372 88 236 556 40 44 120 76 124 320 372 68 104 168 24 8 388 124 56 172 192 364 240 108 332 324 104 72 540 388 112 100 124 24 188 272 104 264 244 468 444 172 208 332 80 288 376 320 176 476 452 188 556 152 504 60 32 52 176 232 172 92 516 288 56 92 32 32 44 388 516 344 384 24 52 16 480 8 484 112 188 288 428 296 44 40 52 88 52 136 136 392 52 164 100 300 168 20 300 412 484 592 428 196 76 8 112 448 96 224 104 72 152 116 64 68 184 384 132 172 104 72 200 412 4 384 172 136 212 252 584 32 320 676 72 92 56 72 384 276 48 664 140 140 104 388 440 216 80 584 68 328 128 64 120 184 80 364 24 364 124 84 20 296 420 228 188 76 164 80 120 352 156 224 372 48 336 600 124 8 48 96 256 448 628 412 16 452 384 524 276 352 276 72 124 124 596 84 240 168 204 304 44 432 232 32 304 116 236 124 544 140 228 148 88 64 240 44 152 36 132 64 92 200 268 172 124 128 332 28 76 160 156 584 84 112 496 380 136 116 500 132 256 608 368 104 264 84 160 92 436 80 520 308 100 612 344 120 208 276 24 304 448 412 84 188 112 508 88 304 52 156 228 144 428 60 116 164 352 52 60 448 128 416 176 188 104 172 208 92 260 224 276 540 184 24 84 12 448 400 452 424 348 384 512 444 196 180 116 336 452 80 80 228 196 472 60 360 36 616 112 156 140 476 96 84 228 136 160 380 60 76 292 120 64 204 108 332 312 316 68 308 280 328 284 184 224 364 100 624 324 40 352 32 212 304 160 224 320 260 60 24 260 40 44 160 124 668 364 648 4 680 444 168 588 172 172 124 32 140 472 616 136 96 44 80 184 104 344 464 24 76 212 188 176 444 208 472 240 60 148 220 44 96 484 152 328 328 488 272 140 60 36 24 212 268 160 424 44 92 460 20 368 160 352 80 100 636 192 352 396 312 84 100 192 260 40 352 24 320 252 236 320 8 248 180 72 400 160 412 512 64 8 120 296 396 116 416 192 396 64 24 308 284 88 116 128 208 160 236 24 56 128 92 104 92 372 56 8 56 4 144 204 236 272 300 24 64 420 112 308 340 108 128 132 372 72 220 164 132 216 528 488 528 368 308 44 16 8 208 300 144 580 108 188 200 376 192 344 148 176 8 308 416 184 420 208 156 172 384 20 104 244 80 160 220 40 144 96 296 416 572 92 404 204 284 364 400 228 180 352 560 44 428 112 156 200 592 260 76 84 36 84 112 140 76 8 16 8 132 296 476 240 376 112 116 164 472 596 208 372 144 292 552 596 512 132 236 76 324 304 204 324 300 96 248 16 456 116 468 456 372 204 136 652 444 128 28 88 40 160 320 32 164 4 472 176 208 396 344 356 472 136 244 24 372 588 252 72 396 188 584 12 396 408 4 188 396 204 60 68 480 336 24 68 160 44 172 64 448 60 132 104 88 312 196 312 220 108 304 248 144 184 592 424 16 80 272 280 464 180 308 16 224 68 68 80 352 620 20 60 56 288 72 68 172 444 552 420 272 188 212 396 572 128 172 120 36 192 268 232 156 340 104 16 148 28 32 348 492 180 236 268 52 460 276 44 96 348 352 24 368 408 200 132 8 140 528 284 352 400 168 8 140 140 132 100 88 216 524 180 504 360 500 340 600 124 292 156 380 600 176 280 156 228 80 284 88 112 464 488 172 140 264 620 404 340 384 48 8 56 180 68 484 492 132 560 388 24 60 220 84 112 428 256 80 52 296 28 596 184 4 488 436 88 224 128 52 64 204 308 88 536 248 168 344 212 16 36 48 96 436 320 356 152 140 204 344 320 64 40 68 228 212 240 96 172 216 540 564 20 264 404 292 56 40 152 632 8 48 124 272 32 60 244 48 244 276 264 24 36 212 280 112 152 196 220 272 284 72 112 40 112 152 112 40 200 188 260 320 352 44 268 500 24 48 304 224 392 368 252 404 140 236 24 140 252 636 308 212 396 60 84 224 328 260 112 60 340 160 88 52 200 164 200 132 64 44 4 428 8 72 472 68 372 164 188 172 576 160 348 148 28 200 16 428 588 56 168 64 352 136 176 248 156 224 48 328 472 88 60 112 416 28 300 264 136 364 560 48 604 152 64 280 132 208 244 256 32 36 152 448 404 56 24 148 224 144 168 300 128 176 264 600 20 176 196 456 24 224 236 228 356 440 40 88 168 488 128 32 328 308 112 428 604 108 228 16 484 20 540 152 488 592 48 104 456 40 20 376 260 312 360 172 96 40 360 256 268 348 464 72 56 228 584 424 544 92 480 652 128 32 72 364 104 92 252 384 64 132 328 520 212 500 208 192 64 276 608 88 140 12 60 44 20 248 352 104 244 304 188 68 244 124 92 316 272 528 424 412 40 132 28 32 100 204 344 328 320 76 244 8 616 48 160 36 184 68 104 456 484 220 380 32 72 28 220 188 568 340 24 56 196 348 244 252 328 116 100 64 512 44 528 220 240 528 628 44 24 24 660 52 116 248 316 152 64 152 120 136 140 204 56 152 212 80 156 228 40 644 140 100 32 128 216 108 448 272 640 308 156 312 452 644 28 404 140 480 244 192 372 108 56 628 128 96 584 76 136 96 248 156 268 132 456 68 72 156 76 168 184 440 452 76 240 476 320 468 136 256 568 136 32 376 96 108 204 40 44 48 516 300 252 48 80 164 624 16 652 192 392 148 268 68 116 52 416 180 524 80 240 116 76 124 340 144 224 144 248 304 28 220 228 116 152 436 64 228 192 28 104 384 152 604 88 108 240 340 184 116 448 160 160 256 492 332 24 180 32 344 64 92 292 100 280 432 16 60 88 276 156 228 368 92 44 256 28 220 192 40 256 148 360 48 132 112 140 48 160 268 676 332 144 60 240 228 436 4 208 48 188 244 72 196 40 60 464 48 308 28 552 368 188 568 44 236 264 140 80 120 276 16 376 160 344 404 180 396 148 40 460 164 388 248 308 40 252 408 656 320 576 20 548 204 284 232 40 44 16 180 44 56 488 388 28 212 396 492 36 220 152 16 272 92 172 68 108 304 56 180 84 616 64 500 268 36 56 192 112 280 528 404 52 132 60 380 276 236 240 272 116 196 120 64 356 280 360 392 40 204 312 596 84 184 112 180 476 428 420 312 32 360 312 64 452 664 92 84 412 192 184 28 360 248 240 292 192 312 144 40 160 484 160 352 464 336 412 20 52 148 220 248 124 228 380 156 92 64 260 16 188 580 28 24 96 68 164 480 72 648 24 152 68 232 320 236 108 268 80 24 424 256 300 336 56 240 208 68 384 80 328 60 468 228 320 344 312 556 236 88 100 76 68 60 144 416 196 300 144 408 76 372 12 28 276 272 16 316 28 152 456 40 80 412 168 104 656 88 24 460 24 108 240 496 204 60 244 216 152 240 164 40 252 280 24 108 88 248 24 136 8 100 256 544 304 248 136 296 140 164 268 164 500 360 604 140 40 248 132 544 12 40 440 260 44 92 384 80 148 556 24 120 316 32 100 336 244 120 152 156 24 88 52 208 536 92 156 124 96 196 372 144 160 36 400 144 220 396 268 60 116 128 332 172 564 80 164 480 44 144 16 340 80 428 216 164 96 128 372 96 140 164 284 304 296 344 388 24 572 372 60 152 324 4 472 240 156 92 24 128 68 80 228 172 84 260 116 44 48 244 208 152 480 8 88 304 492 56 196 456 108 172 92 368 316 12 456 156 540 348 400 252 264 500 104 232 216 204 364 108 436 144 224 28 212 156 400 8 96 152 180 252 376 484 256 524 180 380 16 144 64 192 180 188 272 388 336 180 148 260 180 180 488 28 368 108 184 176 32 96 92 196 4 116 168 576 36 8 192 268 64 16 152 356 264 312 20 268 124 352 100 112 384 152 312 304 56 144 280 408 424 152 124 184 108 132 68 96 208 96 196 444 88 528 232 152 136 244 144 316 388 216 436 328 100 304 220 140 120 40 428 68 480 212 388 200 108 188 4 424 248 476 32 404 544 180 56 344 228 116 8 316 100 84 80 276 304 168 400 148 196 284 28 128 400 624 56 4 120 92 96 560 304 204 560 24 8 44 360 320 84 40 240 100 380 204 160 352 356 220 316 272 320 232 420 168 96 292 300 52 260 464 96 396 32 328 520 296 208 96 180 412 416 76 308 160 0 372 636 100 184 132x3 92 348 160 360 184 292 388 188 204 216 124 376 556 48 72 348 40 440 72 212 552 248 480 112 448 100 228 464 28 312 400 660 100 76 104 72 208 60 392 160 252 556 116 168 200 504 164 392 64 60 60 292 24 456 244 200 236 44 216 36 336 636 144 244 408 16 172 156 192 280 84 116 516 96 56 104 424 32 360 344 360 324 244 500 104 384 356 164 144 300 364 152 560 264 44 236 16 200 72 48 148 284 152 172 424 332 132 192 44 28 432 128 200 104 484 444 68 48 276 40 648 108 416 204 404 524 560 380 84 44 152 204 388 296 156 104 224 20 400 356 92 16 36 68 260 320 160 532 360 4 76 172 512 80 260 16 172 28 112 136 36 176 544 64 256 268 208 208 120 224 656 48 512 124 96 88 236 140 164 260 72 64 120 112 88 428 204 348 116 436 388 256 136 52 356 60 272 140 340 128 24 116 304 160 32 384 240 388 236 372 112 144 164 168 244 640 472 260 328 108 304 68 0 104 240 28 388 56 244 16 108 208 16 32 432 96 112 52 124 132 528 468 156 176 368 84 80 460 108 384 108 156 456 92 64 168 80 60 32 308 92 12 180 260 320 440 152 152 496 84 480 88 292 288 20 36 220 572 116 164 64 356 84 196 4 132 140 352 144 204 436 112 32 392 256 264 48 256 312 468 372 56 116 280 80 72 120 200 136 124 384 40 40 36 308 504 516 128 304 84 80 36 56 176 172 128 28 276 392 520 412 580 108 264 428 412 160 276 312 52 80 160 348 464 384 120 324 28 440 388 508 308 248 352 128 484 28 224 208 296 84 32 32 584 100 300 116 272 216 200 312 80 92 328 484 44 572 172 596 208 104 260 236 44 116 448 148 128 116 232 292 420 172 256 256 112 8 168 140 116 164 112 332 8 64 592 344 44 372 56 384 208 216 628 172 112 520 72 356 420 244 268 408 20 372 60 8 384 392 24 128 464 20 384 160 8 244 360 76 220 292 100 640 308 148 80 56 4 28 36 304 8 608 344 28 4 168 232 200 136 488 416 500 92 180 256 88 372 564 204 280 164 116 56 80 332 384 252 44 180 312 408 512 192 164 544 192 408 280 48 324 440 440 420 24 96 324 220 488 136 28 132 128 360 272 172 32 24 64 20 48 272 4 468 204 296 36 208 60 476 200 384 40 88 188 108 84 44 240 76 8 144 608 164 164 396 296 80 260 544 120 100 380 68 144 332 392 300 628 96 180 388 60 264 424 428 276 132 52 204 388 72 20 224 248 332 152 328 640 92 484 340 320 384 120 76 40 208 68 564 372 136 656 588 432 96 52 76 336 288 40 596 624 288 124 248 200 116 428 124 248 500 40 84 132 244 68 60 396 32 180 452 236 36 372 620 4 268 448 80 84 244 528 588 356 36 92 508 408 64 516 344 260 44 24 268 80 668 300 112 276 88 148 360 200 152 232 112 216 232 236 308 200 328 184 632 28 400 532 236 112 152 52 248 160 128 124 596 120 88 104 448 240 92 188 404 356 40 160 140 660 84 488 64 60 140 132 100 40 152 288 32 152 24 224 120 360 540 88 12 204 232 136 256 164 72 592 644 148 300 448 528 228 148 8 476 204 424 136 220 484 456 240 520 628 8 52 24 60 548 240 344 348 264 68 504 160 432 24 64 148 164 372 332 196 372 696 68 208 400 296 184 56 296 116 56 424 120 396 260 552 132 96 280 176 16 36 220 580 156 220 60 376 44 48 84 172 24 40 428 572 32 368 520 360 328 132 120 136 52 276 168 44 148 68 168 348 392 192 28 32 656 404 320 616 348 228 220 328 192 28 64 184 20 76 40 140 80 220 424 28 96 172 432 108 160 160 136 44 336 648 140 84 128 172 416 264 492 304 160 124 184 420 316 64 60 4 236 548 444 24 404 60 460 520 60 84 360 192 224 132 112 228 76 264 292 80 336 144 4 28 172 380 188 160 188 20 536 296 360 352 48 180 324 120 208 332 36 172 188 184 468 180 100 160 204 196 252 232 156 348 48 348 76 80 128 172 164 104 184 224 404 84 196 160 532 44 8 20 244 48 48 456 192 256 184 224 296 184 412 248 168 140 52 84 108 64 348 248 288 164 120 52 316 484 152 268 120 112 20 452 452 208 56 152 604 108 8 456 220 256 240 24 188 128 56 88 48 208 204 0 120 188 56 148 300 456 360 400 264 536 464 44 280 136 92 488 116 240 80 268 144 24 316 92 276 368 124 580 140 252 184 184 428 316 444 452 500 220 40 156 64 392 272 296 56 60 204 120 28 612 168 60 104 52 656 84 356 316 20 104 12 236 444 48 212 136 92 444 216 100 80 168 20 76 300 96 200 116 84 36 40 356 136 156 652 304 388 76 160 220 56 424 144 56 308 536 68 336 516 68 88 284 324 228 232 308 172 92 440 440 504 144 484 92 348 52 60 324 20 148 224 440 120 424 112 252 528 156 232 272 164 96 12 80 468 212 440 24 428 64 364 40 416 208 308 428 608 188 516 76 104 128 620 408 112 432 148 80 64 88 204 516 192 368 244 376 344 216 164 20 328 88 184 316 80 236 524 492 84 148 404 188 32 88 120 480 160 212 448 80 28 100 416 296 52 604 276 160 48 360 224 20 144 156 60 88 128 488 124 132 440 136 316 116 72 184 116 56 76 112 320 512 224 292 544 172 8 496 140 48 276 428 92 292 300 60 204 236 64 172 232 72 96 432 240 192 28 248 196 48 132 28 500 208 212 16 56 300 596 344 500 236 60 396 332 196 208 308 136 96 64 236 276 8 72 564 308 392 156 148 212 128 400 216 468 520 92 40 28 68 228 424 424 320 256 452 364 116 120 80 372 348 320 220 112 152 496 468 296 368 228 80 124 240 276 108 152 176 76 272 620 492 44 20 152 80 48 184 196 88 116 340 64 356 236 156 68 352 280 64 344 152 364 232 8 44 160 440 60 200 180 668 476 108 72 164 20 88 468 320 288 600 644 40 176 324 400 248 96 340 36 104 52 12 92 204 36 468 652 16 108 344 184 72 96 340 76 152 16 220 348 120 440 600 380 252 160 132 100 376 228 156 72 116 232 56 252 28 456 128 16 152 476 392 136 436 100 72 516 352 364 16 36 140 88 656 188 280 392 424 60 628 184 100 40 180 60 236 160 556 180 468 352 452 520 288 116 308 92 20 220 532 172 196 264 16 304 16 164 392 544 244 368 404 148 404 588 156 116 92 400 16 8 192 652 132 300 156 140 488 384 60 216 36 32 64 176 116 344 628 280 288 104 112 416 172 436 424 56 424 380 56 120 24 496 84 240 276 300 400 116 392 152 196 548 428 112 412 88 464 620 104 36 132 112 208 88 348 392 236 280 164 376 108 40 168 356 56 400 568 124 268 572 144 60 276 36 228 212 76 388 88 108 136 140 312 504 108 348 52 348 204 24 352 248 236 132 92 332 28 40 156 56 412 68 172 348 72 32 156 44 464 252 316 84 216 28 68 576 268 416 160 96 68 48 224 220 120 212 52 420 60 128 96 184 308 208 4 340 40 244 460 292 528 96 360 168 32 64 68 448 344 276 96 332 276 52 412 188 80 40 20 268 44 532 108 96 92 240 128 496 108 304 76 148 368 480 76 124 292 360 352 140 196 684 156 84 436 36 36 156 584 364 160 196 60 568 92 40 60 160 12 88 156 24 160 400 404 16 68 324 68 220 24 56 500 196 200 292 56 12 112 28 56 512 584 460 120 188 148 212 148 32 180 504 160 284 332 276 212 252 148 164 236 168 308 548 304 252 156 184 104 556 192 268 16 328 500 68 52 432 528 280 508 144 4 40 136 508 96 40 344 220 360 108 272 108 244 116 52 292 188 148 4 232 280 580 152 480 36 176 144 48 400 340 136 24 80 136 548 188 212 48 316 436 40 140 164 124 196 324 192 84 228 92 248 60 360 68 140 220 544 500 32 68 116 64 160 124 32 160 36 316 76 344 288 84 452 284 28 304 412 180 52 132 48 20 136 352 176 96 288 164 112 324 252 312 448 420 36 88 528 44 324 224 236 204 80 252 216 180 188 48 224 60 184 96 20 424 76 48 240 516 516 368 636 32 92 248 192 476 80 468 152 32 88 392 464 336 112 256 420 256 372 380 164 304 116 136 248 120 336 32 552 44 28 76 124 72 504 36 432 60 336 184 200 64 108 64 80 424 60 580 16 180 152 68 108 184 244 440 64 248 24 128 4 84 36 216 76 32 216 36 220 56 92 612 264 208 520 132 28 128 256 504 308 104 348 220 36 212 188 244 488 328 100 116 328 264 128 312 60 224 60 276 352 276 128 136 176 636 44 380 80 92 80 80 16 352 276 88 192 220 64 64 408 348 440 300 520 288 72 220 336 116 416 48 36 60 88 140 120 248 72 628 540 128 468 144 216 60 340 48 544 400 180 104 228 56 216 360 80 592 72 592 260 372 84 336 300 240 124 376 304 208 596 488 448 284 8 20 84 392 504 100 100 336 160 4 80 32 184 52 496 108 152 376 92 308 60 56 16 360 100 640 56 84 96 20 24 112 40 636 36 52 52 88 76 8 32 260 308 272 172 268 444 236 36 48 212 84 20 316 236 148 128 500 172 240 96 36 48 460 428 48 20 584 16 396 316 268 528 24 384 68 168 344 136 308 264 472 132 80 356 436 292 252 16 144 136 128 220 108 56 124 124 276 52 56 220 64 80 </values> </instantiation>

d BOUND  1,924,805,991  (2,449 sols)

d WRONG DECISIONS  113,786  (65.77 wrg/s)

d WCK SOL 1  28.8 (1,963,935,536)
d WCK SOL-1  1754.7 (1,924,805,991)
d CPU        1750.896

d INCOMPLETE EXPLORATION
