id,instance,relative_path,log_scop_exact_time_rd_status,log_scop_exact_time_rd_sacct_state,log_scop_exact_time_rd_exit_code,log_scop_exact_time_rd_elapsed,log_scop_exact_time_rd_stderr_excerpt,log_scop_exact_time_rd_stdout_rel,log_scop_exact_time_rd_stderr_rel,log_scop_exact_task_rd_status,log_scop_exact_task_rd_sacct_state,log_scop_exact_task_rd_exit_code,log_scop_exact_task_rd_elapsed,log_scop_exact_task_rd_stderr_excerpt,log_scop_exact_task_rd_stdout_rel,log_scop_exact_task_rd_stderr_rel,log_scop_extprop_bound_prop_status,log_scop_extprop_bound_prop_sacct_state,log_scop_extprop_bound_prop_exit_code,log_scop_extprop_bound_prop_elapsed,log_scop_extprop_bound_prop_stderr_excerpt,log_scop_extprop_bound_prop_stdout_rel,log_scop_extprop_bound_prop_stderr_rel,order_ge_exact_time_rd_status,order_ge_exact_time_rd_sacct_state,order_ge_exact_time_rd_exit_code,order_ge_exact_time_rd_elapsed,order_ge_exact_time_rd_stderr_excerpt,order_ge_exact_time_rd_stdout_rel,order_ge_exact_time_rd_stderr_rel,order_ge_exact_task_rd_status,order_ge_exact_task_rd_sacct_state,order_ge_exact_task_rd_exit_code,order_ge_exact_task_rd_elapsed,order_ge_exact_task_rd_stderr_excerpt,order_ge_exact_task_rd_stdout_rel,order_ge_exact_task_rd_stderr_rel,order_ge_extprop_bound_prop_status,order_ge_extprop_bound_prop_sacct_state,order_ge_extprop_bound_prop_exit_code,order_ge_extprop_bound_prop_elapsed,order_ge_extprop_bound_prop_stderr_excerpt,order_ge_extprop_bound_prop_stdout_rel,order_ge_extprop_bound_prop_stderr_rel
1,LargeScaleScheduling-00100-0_c23.xml.lzma,COP22to25/LargeScaleScheduling-00100-0_c23.xml.lzma,timeout_incumbent,COMPLETED,0:0,00:30:05,incumbent_interrupted_by_signal,logs/cop165-cumulative-20260527-2ccb88e9-q10672/slurm-logs/xcsp-parse-cop-cumulative-165-log-scop-cumexact-timerd-20260526-2ccb88e9-q10672-19875381-1.out,logs/cop165-cumulative-20260527-2ccb88e9-q10672/slurm-logs/xcsp-parse-cop-cumulative-165-log-scop-cumexact-timerd-20260526-2ccb88e9-q10672-19875381-1.err,timeout_incumbent,COMPLETED,0:0,00:30:05,incumbent_interrupted_by_signal,logs/cop165-cumulative-20260527-2ccb88e9-q10672/slurm-logs/xcsp-parse-cop-cumulative-165-log-scop-cumexact-taskrd-20260526-2ccb88e9-q10672-19875382-1.out,logs/cop165-cumulative-20260527-2ccb88e9-q10672/slurm-logs/xcsp-parse-cop-cumulative-165-log-scop-cumexact-taskrd-20260526-2ccb88e9-q10672-19875382-1.err,timeout_incumbent,COMPLETED,0:0,00:30:05,incumbent_interrupted_by_signal,logs/cop165-cumulative-20260527-2ccb88e9-q10672/slurm-logs/xcsp-parse-cop-cumulative-165-log-scop-cumext-boundprop-20260526-2ccb88e9-q10672-19875383-1.out,logs/cop165-cumulative-20260527-2ccb88e9-q10672/slurm-logs/xcsp-parse-cop-cumulative-165-log-scop-cumext-boundprop-20260526-2ccb88e9-q10672-19875383-1.err,timeout_unknown,COMPLETED,0:0,00:30:04,terminated_by_signal,logs/cop165-cumulative-20260527-2ccb88e9-q10672/slurm-logs/xcsp-parse-cop-cumulative-165-order-ge-cumexact-timerd-20260526-2ccb88e9-q10672-19875378-1.out,logs/cop165-cumulative-20260527-2ccb88e9-q10672/slurm-logs/xcsp-parse-cop-cumulative-165-order-ge-cumexact-timerd-20260526-2ccb88e9-q10672-19875378-1.err,out_of_memory,OUT_OF_MEMORY,0:125,00:07:02,slurmstepd: error: Detected 2 oom-kill event(s) in StepId=19877222.batch. Some of your processes may have been killed by the cgroup out-of-memory handler.,logs/cop165-cumulative-20260527-2ccb88e9-q10672/slurm-logs/xcsp-parse-cop-cumulative-165-order-ge-cumexact-taskrd-20260526-2ccb88e9-q10672-19875379-1.out,logs/cop165-cumulative-20260527-2ccb88e9-q10672/slurm-logs/xcsp-parse-cop-cumulative-165-order-ge-cumexact-taskrd-20260526-2ccb88e9-q10672-19875379-1.err,timeout_unknown,COMPLETED,0:0,00:30:04,terminated_by_signal,logs/cop165-cumulative-20260527-2ccb88e9-q10672/slurm-logs/xcsp-parse-cop-cumulative-165-order-ge-cumext-boundprop-20260526-2ccb88e9-q10672-19875380-1.out,logs/cop165-cumulative-20260527-2ccb88e9-q10672/slurm-logs/xcsp-parse-cop-cumulative-165-order-ge-cumext-boundprop-20260526-2ccb88e9-q10672-19875380-1.err
2,RIP-25-0-j060-01-01_c23.xml.lzma,COP22to25/RIP-25-0-j060-01-01_c23.xml.lzma,optimum,COMPLETED,0:0,00:00:06,,logs/cop165-cumulative-20260527-2ccb88e9-q10672/slurm-logs/xcsp-parse-cop-cumulative-165-log-scop-cumexact-timerd-20260526-2ccb88e9-q10672-19875381-2.out,logs/cop165-cumulative-20260527-2ccb88e9-q10672/slurm-logs/xcsp-parse-cop-cumulative-165-log-scop-cumexact-timerd-20260526-2ccb88e9-q10672-19875381-2.err,optimum,COMPLETED,0:0,00:00:10,,logs/cop165-cumulative-20260527-2ccb88e9-q10672/slurm-logs/xcsp-parse-cop-cumulative-165-log-scop-cumexact-taskrd-20260526-2ccb88e9-q10672-19875382-2.out,logs/cop165-cumulative-20260527-2ccb88e9-q10672/slurm-logs/xcsp-parse-cop-cumulative-165-log-scop-cumexact-taskrd-20260526-2ccb88e9-q10672-19875382-2.err,optimum,COMPLETED,0:0,00:00:04,,logs/cop165-cumulative-20260527-2ccb88e9-q10672/slurm-logs/xcsp-parse-cop-cumulative-165-log-scop-cumext-boundprop-20260526-2ccb88e9-q10672-19875383-2.out,logs/cop165-cumulative-20260527-2ccb88e9-q10672/slurm-logs/xcsp-parse-cop-cumulative-165-log-scop-cumext-boundprop-20260526-2ccb88e9-q10672-19875383-2.err,optimum,COMPLETED,0:0,00:00:11,,logs/cop165-cumulative-20260527-2ccb88e9-q10672/slurm-logs/xcsp-parse-cop-cumulative-165-order-ge-cumexact-timerd-20260526-2ccb88e9-q10672-19875378-2.out,logs/cop165-cumulative-20260527-2ccb88e9-q10672/slurm-logs/xcsp-parse-cop-cumulative-165-order-ge-cumexact-timerd-20260526-2ccb88e9-q10672-19875378-2.err,optimum,COMPLETED,0:0,00:00:14,,logs/cop165-cumulative-20260527-2ccb88e9-q10672/slurm-logs/xcsp-parse-cop-cumulative-165-order-ge-cumexact-taskrd-20260526-2ccb88e9-q10672-19875379-2.out,logs/cop165-cumulative-20260527-2ccb88e9-q10672/slurm-logs/xcsp-parse-cop-cumulative-165-order-ge-cumexact-taskrd-20260526-2ccb88e9-q10672-19875379-2.err,optimum,COMPLETED,0:0,00:00:05,,logs/cop165-cumulative-20260527-2ccb88e9-q10672/slurm-logs/xcsp-parse-cop-cumulative-165-order-ge-cumext-boundprop-20260526-2ccb88e9-q10672-19875380-2.out,logs/cop165-cumulative-20260527-2ccb88e9-q10672/slurm-logs/xcsp-parse-cop-cumulative-165-order-ge-cumext-boundprop-20260526-2ccb88e9-q10672-19875380-2.err
3,RIP-25-2-j060-20-01_c23.xml.lzma,COP22to25/RIP-25-2-j060-20-01_c23.xml.lzma,optimum,COMPLETED,0:0,00:00:03,,logs/cop165-cumulative-20260527-2ccb88e9-q10672/slurm-logs/xcsp-parse-cop-cumulative-165-log-scop-cumexact-timerd-20260526-2ccb88e9-q10672-19875381-3.out,logs/cop165-cumulative-20260527-2ccb88e9-q10672/slurm-logs/xcsp-parse-cop-cumulative-165-log-scop-cumexact-timerd-20260526-2ccb88e9-q10672-19875381-3.err,optimum,COMPLETED,0:0,00:00:14,,logs/cop165-cumulative-20260527-2ccb88e9-q10672/slurm-logs/xcsp-parse-cop-cumulative-165-log-scop-cumexact-taskrd-20260526-2ccb88e9-q10672-19875382-3.out,logs/cop165-cumulative-20260527-2ccb88e9-q10672/slurm-logs/xcsp-parse-cop-cumulative-165-log-scop-cumexact-taskrd-20260526-2ccb88e9-q10672-19875382-3.err,optimum,COMPLETED,0:0,00:00:05,,logs/cop165-cumulative-20260527-2ccb88e9-q10672/slurm-logs/xcsp-parse-cop-cumulative-165-log-scop-cumext-boundprop-20260526-2ccb88e9-q10672-19875383-3.out,logs/cop165-cumulative-20260527-2ccb88e9-q10672/slurm-logs/xcsp-parse-cop-cumulative-165-log-scop-cumext-boundprop-20260526-2ccb88e9-q10672-19875383-3.err,optimum,COMPLETED,0:0,00:00:08,,logs/cop165-cumulative-20260527-2ccb88e9-q10672/slurm-logs/xcsp-parse-cop-cumulative-165-order-ge-cumexact-timerd-20260526-2ccb88e9-q10672-19875378-3.out,logs/cop165-cumulative-20260527-2ccb88e9-q10672/slurm-logs/xcsp-parse-cop-cumulative-165-order-ge-cumexact-timerd-20260526-2ccb88e9-q10672-19875378-3.err,optimum,COMPLETED,0:0,00:00:14,,logs/cop165-cumulative-20260527-2ccb88e9-q10672/slurm-logs/xcsp-parse-cop-cumulative-165-order-ge-cumexact-taskrd-20260526-2ccb88e9-q10672-19875379-3.out,logs/cop165-cumulative-20260527-2ccb88e9-q10672/slurm-logs/xcsp-parse-cop-cumulative-165-order-ge-cumexact-taskrd-20260526-2ccb88e9-q10672-19875379-3.err,optimum,COMPLETED,0:0,00:00:06,,logs/cop165-cumulative-20260527-2ccb88e9-q10672/slurm-logs/xcsp-parse-cop-cumulative-165-order-ge-cumext-boundprop-20260526-2ccb88e9-q10672-19875380-3.out,logs/cop165-cumulative-20260527-2ccb88e9-q10672/slurm-logs/xcsp-parse-cop-cumulative-165-order-ge-cumext-boundprop-20260526-2ccb88e9-q10672-19875380-3.err
4,RIP-25-1-j060-10-01_c23.xml.lzma,COP22to25/RIP-25-1-j060-10-01_c23.xml.lzma,timeout_incumbent,COMPLETED,0:0,00:30:04,incumbent_interrupted_by_signal,logs/cop165-cumulative-20260527-2ccb88e9-q10672/slurm-logs/xcsp-parse-cop-cumulative-165-log-scop-cumexact-timerd-20260526-2ccb88e9-q10672-19875381-4.out,logs/cop165-cumulative-20260527-2ccb88e9-q10672/slurm-logs/xcsp-parse-cop-cumulative-165-log-scop-cumexact-timerd-20260526-2ccb88e9-q10672-19875381-4.err,timeout_incumbent,COMPLETED,0:0,00:30:03,incumbent_interrupted_by_signal,logs/cop165-cumulative-20260527-2ccb88e9-q10672/slurm-logs/xcsp-parse-cop-cumulative-165-log-scop-cumexact-taskrd-20260526-2ccb88e9-q10672-19875382-4.out,logs/cop165-cumulative-20260527-2ccb88e9-q10672/slurm-logs/xcsp-parse-cop-cumulative-165-log-scop-cumexact-taskrd-20260526-2ccb88e9-q10672-19875382-4.err,timeout_incumbent,COMPLETED,0:0,00:30:04,incumbent_interrupted_by_signal,logs/cop165-cumulative-20260527-2ccb88e9-q10672/slurm-logs/xcsp-parse-cop-cumulative-165-log-scop-cumext-boundprop-20260526-2ccb88e9-q10672-19875383-4.out,logs/cop165-cumulative-20260527-2ccb88e9-q10672/slurm-logs/xcsp-parse-cop-cumulative-165-log-scop-cumext-boundprop-20260526-2ccb88e9-q10672-19875383-4.err,timeout_incumbent,COMPLETED,0:0,00:30:04,incumbent_interrupted_by_signal,logs/cop165-cumulative-20260527-2ccb88e9-q10672/slurm-logs/xcsp-parse-cop-cumulative-165-order-ge-cumexact-timerd-20260526-2ccb88e9-q10672-19875378-4.out,logs/cop165-cumulative-20260527-2ccb88e9-q10672/slurm-logs/xcsp-parse-cop-cumulative-165-order-ge-cumexact-timerd-20260526-2ccb88e9-q10672-19875378-4.err,timeout_incumbent,COMPLETED,0:0,00:30:04,incumbent_interrupted_by_signal,logs/cop165-cumulative-20260527-2ccb88e9-q10672/slurm-logs/xcsp-parse-cop-cumulative-165-order-ge-cumexact-taskrd-20260526-2ccb88e9-q10672-19875379-4.out,logs/cop165-cumulative-20260527-2ccb88e9-q10672/slurm-logs/xcsp-parse-cop-cumulative-165-order-ge-cumexact-taskrd-20260526-2ccb88e9-q10672-19875379-4.err,timeout_incumbent,COMPLETED,0:0,00:30:03,incumbent_interrupted_by_signal,logs/cop165-cumulative-20260527-2ccb88e9-q10672/slurm-logs/xcsp-parse-cop-cumulative-165-order-ge-cumext-boundprop-20260526-2ccb88e9-q10672-19875380-4.out,logs/cop165-cumulative-20260527-2ccb88e9-q10672/slurm-logs/xcsp-parse-cop-cumulative-165-order-ge-cumext-boundprop-20260526-2ccb88e9-q10672-19875380-4.err
5,RIP-25-3-j060-30-01_c23.xml.lzma,COP22to25/RIP-25-3-j060-30-01_c23.xml.lzma,timeout_incumbent,COMPLETED,0:0,00:30:04,incumbent_interrupted_by_signal,logs/cop165-cumulative-20260527-2ccb88e9-q10672/slurm-logs/xcsp-parse-cop-cumulative-165-log-scop-cumexact-timerd-20260526-2ccb88e9-q10672-19875381-5.out,logs/cop165-cumulative-20260527-2ccb88e9-q10672/slurm-logs/xcsp-parse-cop-cumulative-165-log-scop-cumexact-timerd-20260526-2ccb88e9-q10672-19875381-5.err,timeout_incumbent,COMPLETED,0:0,00:30:03,incumbent_interrupted_by_signal,logs/cop165-cumulative-20260527-2ccb88e9-q10672/slurm-logs/xcsp-parse-cop-cumulative-165-log-scop-cumexact-taskrd-20260526-2ccb88e9-q10672-19875382-5.out,logs/cop165-cumulative-20260527-2ccb88e9-q10672/slurm-logs/xcsp-parse-cop-cumulative-165-log-scop-cumexact-taskrd-20260526-2ccb88e9-q10672-19875382-5.err,timeout_incumbent,COMPLETED,0:0,00:30:03,incumbent_interrupted_by_signal,logs/cop165-cumulative-20260527-2ccb88e9-q10672/slurm-logs/xcsp-parse-cop-cumulative-165-log-scop-cumext-boundprop-20260526-2ccb88e9-q10672-19875383-5.out,logs/cop165-cumulative-20260527-2ccb88e9-q10672/slurm-logs/xcsp-parse-cop-cumulative-165-log-scop-cumext-boundprop-20260526-2ccb88e9-q10672-19875383-5.err,timeout_incumbent,COMPLETED,0:0,00:30:04,incumbent_interrupted_by_signal,logs/cop165-cumulative-20260527-2ccb88e9-q10672/slurm-logs/xcsp-parse-cop-cumulative-165-order-ge-cumexact-timerd-20260526-2ccb88e9-q10672-19875378-5.out,logs/cop165-cumulative-20260527-2ccb88e9-q10672/slurm-logs/xcsp-parse-cop-cumulative-165-order-ge-cumexact-timerd-20260526-2ccb88e9-q10672-19875378-5.err,timeout_incumbent,COMPLETED,0:0,00:30:03,incumbent_interrupted_by_signal,logs/cop165-cumulative-20260527-2ccb88e9-q10672/slurm-logs/xcsp-parse-cop-cumulative-165-order-ge-cumexact-taskrd-20260526-2ccb88e9-q10672-19875379-5.out,logs/cop165-cumulative-20260527-2ccb88e9-q10672/slurm-logs/xcsp-parse-cop-cumulative-165-order-ge-cumexact-taskrd-20260526-2ccb88e9-q10672-19875379-5.err,timeout_incumbent,COMPLETED,0:0,00:30:04,incumbent_interrupted_by_signal,logs/cop165-cumulative-20260527-2ccb88e9-q10672/slurm-logs/xcsp-parse-cop-cumulative-165-order-ge-cumext-boundprop-20260526-2ccb88e9-q10672-19875380-5.out,logs/cop165-cumulative-20260527-2ccb88e9-q10672/slurm-logs/xcsp-parse-cop-cumulative-165-order-ge-cumext-boundprop-20260526-2ccb88e9-q10672-19875380-5.err
6,CarpetCutting-test02_c23.xml.lzma,COP22to25/CarpetCutting-test02_c23.xml.lzma,optimum,COMPLETED,0:0,00:04:26,,logs/cop165-cumulative-20260527-2ccb88e9-q10672/slurm-logs/xcsp-parse-cop-cumulative-165-log-scop-cumexact-timerd-20260526-2ccb88e9-q10672-19875381-6.out,logs/cop165-cumulative-20260527-2ccb88e9-q10672/slurm-logs/xcsp-parse-cop-cumulative-165-log-scop-cumexact-timerd-20260526-2ccb88e9-q10672-19875381-6.err,optimum,COMPLETED,0:0,00:00:07,,logs/cop165-cumulative-20260527-2ccb88e9-q10672/slurm-logs/xcsp-parse-cop-cumulative-165-log-scop-cumexact-taskrd-20260526-2ccb88e9-q10672-19875382-6.out,logs/cop165-cumulative-20260527-2ccb88e9-q10672/slurm-logs/xcsp-parse-cop-cumulative-165-log-scop-cumexact-taskrd-20260526-2ccb88e9-q10672-19875382-6.err,optimum,COMPLETED,0:0,00:00:03,,logs/cop165-cumulative-20260527-2ccb88e9-q10672/slurm-logs/xcsp-parse-cop-cumulative-165-log-scop-cumext-boundprop-20260526-2ccb88e9-q10672-19875383-6.out,logs/cop165-cumulative-20260527-2ccb88e9-q10672/slurm-logs/xcsp-parse-cop-cumulative-165-log-scop-cumext-boundprop-20260526-2ccb88e9-q10672-19875383-6.err,out_of_memory,OUT_OF_MEMORY,0:125,00:05:40,slurmstepd: error: Detected 1 oom-kill event(s) in StepId=19875389.batch. Some of your processes may have been killed by the cgroup out-of-memory handler.,logs/cop165-cumulative-20260527-2ccb88e9-q10672/slurm-logs/xcsp-parse-cop-cumulative-165-order-ge-cumexact-timerd-20260526-2ccb88e9-q10672-19875378-6.out,logs/cop165-cumulative-20260527-2ccb88e9-q10672/slurm-logs/xcsp-parse-cop-cumulative-165-order-ge-cumexact-timerd-20260526-2ccb88e9-q10672-19875378-6.err,out_of_memory,OUT_OF_MEMORY,0:125,00:07:35,slurmstepd: error: Detected 1 oom-kill event(s) in StepId=19877260.batch. Some of your processes may have been killed by the cgroup out-of-memory handler.,logs/cop165-cumulative-20260527-2ccb88e9-q10672/slurm-logs/xcsp-parse-cop-cumulative-165-order-ge-cumexact-taskrd-20260526-2ccb88e9-q10672-19875379-6.out,logs/cop165-cumulative-20260527-2ccb88e9-q10672/slurm-logs/xcsp-parse-cop-cumulative-165-order-ge-cumexact-taskrd-20260526-2ccb88e9-q10672-19875379-6.err,optimum,COMPLETED,0:0,00:00:26,,logs/cop165-cumulative-20260527-2ccb88e9-q10672/slurm-logs/xcsp-parse-cop-cumulative-165-order-ge-cumext-boundprop-20260526-2ccb88e9-q10672-19875380-6.out,logs/cop165-cumulative-20260527-2ccb88e9-q10672/slurm-logs/xcsp-parse-cop-cumulative-165-order-ge-cumext-boundprop-20260526-2ccb88e9-q10672-19875380-6.err
7,TestScheduling-t020m10r05-1_c24.xml.lzma,COP22to25/TestScheduling-t020m10r05-1_c24.xml.lzma,optimum,COMPLETED,0:0,00:05:24,,logs/cop165-cumulative-20260527-2ccb88e9-q10672/slurm-logs/xcsp-parse-cop-cumulative-165-log-scop-cumexact-timerd-20260526-2ccb88e9-q10672-19875381-7.out,logs/cop165-cumulative-20260527-2ccb88e9-q10672/slurm-logs/xcsp-parse-cop-cumulative-165-log-scop-cumexact-timerd-20260526-2ccb88e9-q10672-19875381-7.err,optimum,COMPLETED,0:0,00:00:08,,logs/cop165-cumulative-20260527-2ccb88e9-q10672/slurm-logs/xcsp-parse-cop-cumulative-165-log-scop-cumexact-taskrd-20260526-2ccb88e9-q10672-19875382-7.out,logs/cop165-cumulative-20260527-2ccb88e9-q10672/slurm-logs/xcsp-parse-cop-cumulative-165-log-scop-cumexact-taskrd-20260526-2ccb88e9-q10672-19875382-7.err,optimum,COMPLETED,0:0,00:00:09,,logs/cop165-cumulative-20260527-2ccb88e9-q10672/slurm-logs/xcsp-parse-cop-cumulative-165-log-scop-cumext-boundprop-20260526-2ccb88e9-q10672-19875383-7.out,logs/cop165-cumulative-20260527-2ccb88e9-q10672/slurm-logs/xcsp-parse-cop-cumulative-165-log-scop-cumext-boundprop-20260526-2ccb88e9-q10672-19875383-7.err,optimum,COMPLETED,0:0,00:06:47,,logs/cop165-cumulative-20260527-2ccb88e9-q10672/slurm-logs/xcsp-parse-cop-cumulative-165-order-ge-cumexact-timerd-20260526-2ccb88e9-q10672-19875378-7.out,logs/cop165-cumulative-20260527-2ccb88e9-q10672/slurm-logs/xcsp-parse-cop-cumulative-165-order-ge-cumexact-timerd-20260526-2ccb88e9-q10672-19875378-7.err,timeout_incumbent,COMPLETED,0:0,00:30:05,incumbent_interrupted_by_signal,logs/cop165-cumulative-20260527-2ccb88e9-q10672/slurm-logs/xcsp-parse-cop-cumulative-165-order-ge-cumexact-taskrd-20260526-2ccb88e9-q10672-19875379-7.out,logs/cop165-cumulative-20260527-2ccb88e9-q10672/slurm-logs/xcsp-parse-cop-cumulative-165-order-ge-cumexact-taskrd-20260526-2ccb88e9-q10672-19875379-7.err,timeout_incumbent,COMPLETED,0:0,00:30:04,incumbent_interrupted_by_signal,logs/cop165-cumulative-20260527-2ccb88e9-q10672/slurm-logs/xcsp-parse-cop-cumulative-165-order-ge-cumext-boundprop-20260526-2ccb88e9-q10672-19875380-7.out,logs/cop165-cumulative-20260527-2ccb88e9-q10672/slurm-logs/xcsp-parse-cop-cumulative-165-order-ge-cumext-boundprop-20260526-2ccb88e9-q10672-19875380-7.err
8,RCPSP-j120-01-03_c22.xml.lzma,COP22to25/RCPSP-j120-01-03_c22.xml.lzma,optimum,COMPLETED,0:0,00:05:21,,logs/cop165-cumulative-20260527-2ccb88e9-q10672/slurm-logs/xcsp-parse-cop-cumulative-165-log-scop-cumexact-timerd-20260526-2ccb88e9-q10672-19875381-8.out,logs/cop165-cumulative-20260527-2ccb88e9-q10672/slurm-logs/xcsp-parse-cop-cumulative-165-log-scop-cumexact-timerd-20260526-2ccb88e9-q10672-19875381-8.err,optimum,COMPLETED,0:0,00:06:27,,logs/cop165-cumulative-20260527-2ccb88e9-q10672/slurm-logs/xcsp-parse-cop-cumulative-165-log-scop-cumexact-taskrd-20260526-2ccb88e9-q10672-19875382-8.out,logs/cop165-cumulative-20260527-2ccb88e9-q10672/slurm-logs/xcsp-parse-cop-cumulative-165-log-scop-cumexact-taskrd-20260526-2ccb88e9-q10672-19875382-8.err,optimum,COMPLETED,0:0,00:06:20,,logs/cop165-cumulative-20260527-2ccb88e9-q10672/slurm-logs/xcsp-parse-cop-cumulative-165-log-scop-cumext-boundprop-20260526-2ccb88e9-q10672-19875383-8.out,logs/cop165-cumulative-20260527-2ccb88e9-q10672/slurm-logs/xcsp-parse-cop-cumulative-165-log-scop-cumext-boundprop-20260526-2ccb88e9-q10672-19875383-8.err,optimum,COMPLETED,0:0,00:06:01,,logs/cop165-cumulative-20260527-2ccb88e9-q10672/slurm-logs/xcsp-parse-cop-cumulative-165-order-ge-cumexact-timerd-20260526-2ccb88e9-q10672-19875378-8.out,logs/cop165-cumulative-20260527-2ccb88e9-q10672/slurm-logs/xcsp-parse-cop-cumulative-165-order-ge-cumexact-timerd-20260526-2ccb88e9-q10672-19875378-8.err,timeout_incumbent,COMPLETED,0:0,00:30:05,incumbent_interrupted_by_signal,logs/cop165-cumulative-20260527-2ccb88e9-q10672/slurm-logs/xcsp-parse-cop-cumulative-165-order-ge-cumexact-taskrd-20260526-2ccb88e9-q10672-19875379-8.out,logs/cop165-cumulative-20260527-2ccb88e9-q10672/slurm-logs/xcsp-parse-cop-cumulative-165-order-ge-cumexact-taskrd-20260526-2ccb88e9-q10672-19875379-8.err,timeout_incumbent,COMPLETED,0:0,00:30:04,incumbent_interrupted_by_signal,logs/cop165-cumulative-20260527-2ccb88e9-q10672/slurm-logs/xcsp-parse-cop-cumulative-165-order-ge-cumext-boundprop-20260526-2ccb88e9-q10672-19875380-8.out,logs/cop165-cumulative-20260527-2ccb88e9-q10672/slurm-logs/xcsp-parse-cop-cumulative-165-order-ge-cumext-boundprop-20260526-2ccb88e9-q10672-19875380-8.err
9,RCPSP-j120-01-05_c22.xml.lzma,COP22to25/RCPSP-j120-01-05_c22.xml.lzma,optimum,COMPLETED,0:0,00:01:19,,logs/cop165-cumulative-20260527-2ccb88e9-q10672/slurm-logs/xcsp-parse-cop-cumulative-165-log-scop-cumexact-timerd-20260526-2ccb88e9-q10672-19875381-9.out,logs/cop165-cumulative-20260527-2ccb88e9-q10672/slurm-logs/xcsp-parse-cop-cumulative-165-log-scop-cumexact-timerd-20260526-2ccb88e9-q10672-19875381-9.err,optimum,COMPLETED,0:0,00:00:34,,logs/cop165-cumulative-20260527-2ccb88e9-q10672/slurm-logs/xcsp-parse-cop-cumulative-165-log-scop-cumexact-taskrd-20260526-2ccb88e9-q10672-19875382-9.out,logs/cop165-cumulative-20260527-2ccb88e9-q10672/slurm-logs/xcsp-parse-cop-cumulative-165-log-scop-cumexact-taskrd-20260526-2ccb88e9-q10672-19875382-9.err,optimum,COMPLETED,0:0,00:00:11,,logs/cop165-cumulative-20260527-2ccb88e9-q10672/slurm-logs/xcsp-parse-cop-cumulative-165-log-scop-cumext-boundprop-20260526-2ccb88e9-q10672-19875383-9.out,logs/cop165-cumulative-20260527-2ccb88e9-q10672/slurm-logs/xcsp-parse-cop-cumulative-165-log-scop-cumext-boundprop-20260526-2ccb88e9-q10672-19875383-9.err,optimum,COMPLETED,0:0,00:03:26,,logs/cop165-cumulative-20260527-2ccb88e9-q10672/slurm-logs/xcsp-parse-cop-cumulative-165-order-ge-cumexact-timerd-20260526-2ccb88e9-q10672-19875378-9.out,logs/cop165-cumulative-20260527-2ccb88e9-q10672/slurm-logs/xcsp-parse-cop-cumulative-165-order-ge-cumexact-timerd-20260526-2ccb88e9-q10672-19875378-9.err,optimum,COMPLETED,0:0,00:02:13,,logs/cop165-cumulative-20260527-2ccb88e9-q10672/slurm-logs/xcsp-parse-cop-cumulative-165-order-ge-cumexact-taskrd-20260526-2ccb88e9-q10672-19875379-9.out,logs/cop165-cumulative-20260527-2ccb88e9-q10672/slurm-logs/xcsp-parse-cop-cumulative-165-order-ge-cumexact-taskrd-20260526-2ccb88e9-q10672-19875379-9.err,optimum,COMPLETED,0:0,00:20:15,,logs/cop165-cumulative-20260527-2ccb88e9-q10672/slurm-logs/xcsp-parse-cop-cumulative-165-order-ge-cumext-boundprop-20260526-2ccb88e9-q10672-19875380-9.out,logs/cop165-cumulative-20260527-2ccb88e9-q10672/slurm-logs/xcsp-parse-cop-cumulative-165-order-ge-cumext-boundprop-20260526-2ccb88e9-q10672-19875380-9.err
10,RCPSP-j120-01-08_c22.xml.lzma,COP22to25/RCPSP-j120-01-08_c22.xml.lzma,optimum,COMPLETED,0:0,00:01:19,,logs/cop165-cumulative-20260527-2ccb88e9-q10672/slurm-logs/xcsp-parse-cop-cumulative-165-log-scop-cumexact-timerd-20260526-2ccb88e9-q10672-19875381-10.out,logs/cop165-cumulative-20260527-2ccb88e9-q10672/slurm-logs/xcsp-parse-cop-cumulative-165-log-scop-cumexact-timerd-20260526-2ccb88e9-q10672-19875381-10.err,optimum,COMPLETED,0:0,00:00:45,,logs/cop165-cumulative-20260527-2ccb88e9-q10672/slurm-logs/xcsp-parse-cop-cumulative-165-log-scop-cumexact-taskrd-20260526-2ccb88e9-q10672-19875382-10.out,logs/cop165-cumulative-20260527-2ccb88e9-q10672/slurm-logs/xcsp-parse-cop-cumulative-165-log-scop-cumexact-taskrd-20260526-2ccb88e9-q10672-19875382-10.err,optimum,COMPLETED,0:0,00:00:19,,logs/cop165-cumulative-20260527-2ccb88e9-q10672/slurm-logs/xcsp-parse-cop-cumulative-165-log-scop-cumext-boundprop-20260526-2ccb88e9-q10672-19875383-10.out,logs/cop165-cumulative-20260527-2ccb88e9-q10672/slurm-logs/xcsp-parse-cop-cumulative-165-log-scop-cumext-boundprop-20260526-2ccb88e9-q10672-19875383-10.err,optimum,COMPLETED,0:0,00:03:42,,logs/cop165-cumulative-20260527-2ccb88e9-q10672/slurm-logs/xcsp-parse-cop-cumulative-165-order-ge-cumexact-timerd-20260526-2ccb88e9-q10672-19875378-10.out,logs/cop165-cumulative-20260527-2ccb88e9-q10672/slurm-logs/xcsp-parse-cop-cumulative-165-order-ge-cumexact-timerd-20260526-2ccb88e9-q10672-19875378-10.err,optimum,COMPLETED,0:0,00:05:10,,logs/cop165-cumulative-20260527-2ccb88e9-q10672/slurm-logs/xcsp-parse-cop-cumulative-165-order-ge-cumexact-taskrd-20260526-2ccb88e9-q10672-19875379-10.out,logs/cop165-cumulative-20260527-2ccb88e9-q10672/slurm-logs/xcsp-parse-cop-cumulative-165-order-ge-cumexact-taskrd-20260526-2ccb88e9-q10672-19875379-10.err,optimum,COMPLETED,0:0,00:04:01,,logs/cop165-cumulative-20260527-2ccb88e9-q10672/slurm-logs/xcsp-parse-cop-cumulative-165-order-ge-cumext-boundprop-20260526-2ccb88e9-q10672-19875380-10.out,logs/cop165-cumulative-20260527-2ccb88e9-q10672/slurm-logs/xcsp-parse-cop-cumulative-165-order-ge-cumext-boundprop-20260526-2ccb88e9-q10672-19875380-10.err
11,TestScheduling-t020m10r10-1_c24.xml.lzma,COP22to25/TestScheduling-t020m10r10-1_c24.xml.lzma,optimum,COMPLETED,0:0,00:01:29,,logs/cop165-cumulative-20260527-2ccb88e9-q10672/slurm-logs/xcsp-parse-cop-cumulative-165-log-scop-cumexact-timerd-20260526-2ccb88e9-q10672-19875381-11.out,logs/cop165-cumulative-20260527-2ccb88e9-q10672/slurm-logs/xcsp-parse-cop-cumulative-165-log-scop-cumexact-timerd-20260526-2ccb88e9-q10672-19875381-11.err,optimum,COMPLETED,0:0,00:00:07,,logs/cop165-cumulative-20260527-2ccb88e9-q10672/slurm-logs/xcsp-parse-cop-cumulative-165-log-scop-cumexact-taskrd-20260526-2ccb88e9-q10672-19875382-11.out,logs/cop165-cumulative-20260527-2ccb88e9-q10672/slurm-logs/xcsp-parse-cop-cumulative-165-log-scop-cumexact-taskrd-20260526-2ccb88e9-q10672-19875382-11.err,optimum,COMPLETED,0:0,00:00:06,,logs/cop165-cumulative-20260527-2ccb88e9-q10672/slurm-logs/xcsp-parse-cop-cumulative-165-log-scop-cumext-boundprop-20260526-2ccb88e9-q10672-19875383-11.out,logs/cop165-cumulative-20260527-2ccb88e9-q10672/slurm-logs/xcsp-parse-cop-cumulative-165-log-scop-cumext-boundprop-20260526-2ccb88e9-q10672-19875383-11.err,optimum,COMPLETED,0:0,00:01:54,,logs/cop165-cumulative-20260527-2ccb88e9-q10672/slurm-logs/xcsp-parse-cop-cumulative-165-order-ge-cumexact-timerd-20260526-2ccb88e9-q10672-19875378-11.out,logs/cop165-cumulative-20260527-2ccb88e9-q10672/slurm-logs/xcsp-parse-cop-cumulative-165-order-ge-cumexact-timerd-20260526-2ccb88e9-q10672-19875378-11.err,timeout_incumbent,COMPLETED,0:0,00:30:04,incumbent_interrupted_by_signal,logs/cop165-cumulative-20260527-2ccb88e9-q10672/slurm-logs/xcsp-parse-cop-cumulative-165-order-ge-cumexact-taskrd-20260526-2ccb88e9-q10672-19875379-11.out,logs/cop165-cumulative-20260527-2ccb88e9-q10672/slurm-logs/xcsp-parse-cop-cumulative-165-order-ge-cumexact-taskrd-20260526-2ccb88e9-q10672-19875379-11.err,timeout_incumbent,COMPLETED,0:0,00:30:04,incumbent_interrupted_by_signal,logs/cop165-cumulative-20260527-2ccb88e9-q10672/slurm-logs/xcsp-parse-cop-cumulative-165-order-ge-cumext-boundprop-20260526-2ccb88e9-q10672-19875380-11.out,logs/cop165-cumulative-20260527-2ccb88e9-q10672/slurm-logs/xcsp-parse-cop-cumulative-165-order-ge-cumext-boundprop-20260526-2ccb88e9-q10672-19875380-11.err
12,RCPSP-j120-01-10_c22.xml.lzma,COP22to25/RCPSP-j120-01-10_c22.xml.lzma,optimum,COMPLETED,0:0,00:01:17,,logs/cop165-cumulative-20260527-2ccb88e9-q10672/slurm-logs/xcsp-parse-cop-cumulative-165-log-scop-cumexact-timerd-20260526-2ccb88e9-q10672-19875381-12.out,logs/cop165-cumulative-20260527-2ccb88e9-q10672/slurm-logs/xcsp-parse-cop-cumulative-165-log-scop-cumexact-timerd-20260526-2ccb88e9-q10672-19875381-12.err,optimum,COMPLETED,0:0,00:00:38,,logs/cop165-cumulative-20260527-2ccb88e9-q10672/slurm-logs/xcsp-parse-cop-cumulative-165-log-scop-cumexact-taskrd-20260526-2ccb88e9-q10672-19875382-12.out,logs/cop165-cumulative-20260527-2ccb88e9-q10672/slurm-logs/xcsp-parse-cop-cumulative-165-log-scop-cumexact-taskrd-20260526-2ccb88e9-q10672-19875382-12.err,optimum,COMPLETED,0:0,00:00:14,,logs/cop165-cumulative-20260527-2ccb88e9-q10672/slurm-logs/xcsp-parse-cop-cumulative-165-log-scop-cumext-boundprop-20260526-2ccb88e9-q10672-19875383-12.out,logs/cop165-cumulative-20260527-2ccb88e9-q10672/slurm-logs/xcsp-parse-cop-cumulative-165-log-scop-cumext-boundprop-20260526-2ccb88e9-q10672-19875383-12.err,optimum,COMPLETED,0:0,00:03:20,,logs/cop165-cumulative-20260527-2ccb88e9-q10672/slurm-logs/xcsp-parse-cop-cumulative-165-order-ge-cumexact-timerd-20260526-2ccb88e9-q10672-19875378-12.out,logs/cop165-cumulative-20260527-2ccb88e9-q10672/slurm-logs/xcsp-parse-cop-cumulative-165-order-ge-cumexact-timerd-20260526-2ccb88e9-q10672-19875378-12.err,optimum,COMPLETED,0:0,00:02:40,,logs/cop165-cumulative-20260527-2ccb88e9-q10672/slurm-logs/xcsp-parse-cop-cumulative-165-order-ge-cumexact-taskrd-20260526-2ccb88e9-q10672-19875379-12.out,logs/cop165-cumulative-20260527-2ccb88e9-q10672/slurm-logs/xcsp-parse-cop-cumulative-165-order-ge-cumexact-taskrd-20260526-2ccb88e9-q10672-19875379-12.err,optimum,COMPLETED,0:0,00:19:49,,logs/cop165-cumulative-20260527-2ccb88e9-q10672/slurm-logs/xcsp-parse-cop-cumulative-165-order-ge-cumext-boundprop-20260526-2ccb88e9-q10672-19875380-12.out,logs/cop165-cumulative-20260527-2ccb88e9-q10672/slurm-logs/xcsp-parse-cop-cumulative-165-order-ge-cumext-boundprop-20260526-2ccb88e9-q10672-19875380-12.err
13,RCPSP-j120-01-01_c22.xml.lzma,COP22to25/RCPSP-j120-01-01_c22.xml.lzma,optimum,COMPLETED,0:0,00:03:32,,logs/cop165-cumulative-20260527-2ccb88e9-q10672/slurm-logs/xcsp-parse-cop-cumulative-165-log-scop-cumexact-timerd-20260526-2ccb88e9-q10672-19875381-13.out,logs/cop165-cumulative-20260527-2ccb88e9-q10672/slurm-logs/xcsp-parse-cop-cumulative-165-log-scop-cumexact-timerd-20260526-2ccb88e9-q10672-19875381-13.err,optimum,COMPLETED,0:0,00:16:00,,logs/cop165-cumulative-20260527-2ccb88e9-q10672/slurm-logs/xcsp-parse-cop-cumulative-165-log-scop-cumexact-taskrd-20260526-2ccb88e9-q10672-19875382-13.out,logs/cop165-cumulative-20260527-2ccb88e9-q10672/slurm-logs/xcsp-parse-cop-cumulative-165-log-scop-cumexact-taskrd-20260526-2ccb88e9-q10672-19875382-13.err,optimum,COMPLETED,0:0,00:15:54,,logs/cop165-cumulative-20260527-2ccb88e9-q10672/slurm-logs/xcsp-parse-cop-cumulative-165-log-scop-cumext-boundprop-20260526-2ccb88e9-q10672-19875383-13.out,logs/cop165-cumulative-20260527-2ccb88e9-q10672/slurm-logs/xcsp-parse-cop-cumulative-165-log-scop-cumext-boundprop-20260526-2ccb88e9-q10672-19875383-13.err,optimum,COMPLETED,0:0,00:07:21,,logs/cop165-cumulative-20260527-2ccb88e9-q10672/slurm-logs/xcsp-parse-cop-cumulative-165-order-ge-cumexact-timerd-20260526-2ccb88e9-q10672-19875378-13.out,logs/cop165-cumulative-20260527-2ccb88e9-q10672/slurm-logs/xcsp-parse-cop-cumulative-165-order-ge-cumexact-timerd-20260526-2ccb88e9-q10672-19875378-13.err,timeout_incumbent,COMPLETED,0:0,00:30:04,incumbent_interrupted_by_signal,logs/cop165-cumulative-20260527-2ccb88e9-q10672/slurm-logs/xcsp-parse-cop-cumulative-165-order-ge-cumexact-taskrd-20260526-2ccb88e9-q10672-19875379-13.out,logs/cop165-cumulative-20260527-2ccb88e9-q10672/slurm-logs/xcsp-parse-cop-cumulative-165-order-ge-cumexact-taskrd-20260526-2ccb88e9-q10672-19875379-13.err,timeout_incumbent,COMPLETED,0:0,00:30:04,incumbent_interrupted_by_signal,logs/cop165-cumulative-20260527-2ccb88e9-q10672/slurm-logs/xcsp-parse-cop-cumulative-165-order-ge-cumext-boundprop-20260526-2ccb88e9-q10672-19875380-13.out,logs/cop165-cumulative-20260527-2ccb88e9-q10672/slurm-logs/xcsp-parse-cop-cumulative-165-order-ge-cumext-boundprop-20260526-2ccb88e9-q10672-19875380-13.err
14,RCPSP-j120-01-04_c22.xml.lzma,COP22to25/RCPSP-j120-01-04_c22.xml.lzma,optimum,COMPLETED,0:0,00:01:02,,logs/cop165-cumulative-20260527-2ccb88e9-q10672/slurm-logs/xcsp-parse-cop-cumulative-165-log-scop-cumexact-timerd-20260526-2ccb88e9-q10672-19875381-14.out,logs/cop165-cumulative-20260527-2ccb88e9-q10672/slurm-logs/xcsp-parse-cop-cumulative-165-log-scop-cumexact-timerd-20260526-2ccb88e9-q10672-19875381-14.err,optimum,COMPLETED,0:0,00:00:25,,logs/cop165-cumulative-20260527-2ccb88e9-q10672/slurm-logs/xcsp-parse-cop-cumulative-165-log-scop-cumexact-taskrd-20260526-2ccb88e9-q10672-19875382-14.out,logs/cop165-cumulative-20260527-2ccb88e9-q10672/slurm-logs/xcsp-parse-cop-cumulative-165-log-scop-cumexact-taskrd-20260526-2ccb88e9-q10672-19875382-14.err,optimum,COMPLETED,0:0,00:00:16,,logs/cop165-cumulative-20260527-2ccb88e9-q10672/slurm-logs/xcsp-parse-cop-cumulative-165-log-scop-cumext-boundprop-20260526-2ccb88e9-q10672-19875383-14.out,logs/cop165-cumulative-20260527-2ccb88e9-q10672/slurm-logs/xcsp-parse-cop-cumulative-165-log-scop-cumext-boundprop-20260526-2ccb88e9-q10672-19875383-14.err,optimum,COMPLETED,0:0,00:03:53,,logs/cop165-cumulative-20260527-2ccb88e9-q10672/slurm-logs/xcsp-parse-cop-cumulative-165-order-ge-cumexact-timerd-20260526-2ccb88e9-q10672-19875378-14.out,logs/cop165-cumulative-20260527-2ccb88e9-q10672/slurm-logs/xcsp-parse-cop-cumulative-165-order-ge-cumexact-timerd-20260526-2ccb88e9-q10672-19875378-14.err,optimum,COMPLETED,0:0,00:02:34,,logs/cop165-cumulative-20260527-2ccb88e9-q10672/slurm-logs/xcsp-parse-cop-cumulative-165-order-ge-cumexact-taskrd-20260526-2ccb88e9-q10672-19875379-14.out,logs/cop165-cumulative-20260527-2ccb88e9-q10672/slurm-logs/xcsp-parse-cop-cumulative-165-order-ge-cumexact-taskrd-20260526-2ccb88e9-q10672-19875379-14.err,optimum,COMPLETED,0:0,00:02:49,,logs/cop165-cumulative-20260527-2ccb88e9-q10672/slurm-logs/xcsp-parse-cop-cumulative-165-order-ge-cumext-boundprop-20260526-2ccb88e9-q10672-19875380-14.out,logs/cop165-cumulative-20260527-2ccb88e9-q10672/slurm-logs/xcsp-parse-cop-cumulative-165-order-ge-cumext-boundprop-20260526-2ccb88e9-q10672-19875380-14.err
15,RCPSP-j120-01-06_c22.xml.lzma,COP22to25/RCPSP-j120-01-06_c22.xml.lzma,optimum,COMPLETED,0:0,00:01:08,,logs/cop165-cumulative-20260527-2ccb88e9-q10672/slurm-logs/xcsp-parse-cop-cumulative-165-log-scop-cumexact-timerd-20260526-2ccb88e9-q10672-19875381-15.out,logs/cop165-cumulative-20260527-2ccb88e9-q10672/slurm-logs/xcsp-parse-cop-cumulative-165-log-scop-cumexact-timerd-20260526-2ccb88e9-q10672-19875381-15.err,optimum,COMPLETED,0:0,00:00:23,,logs/cop165-cumulative-20260527-2ccb88e9-q10672/slurm-logs/xcsp-parse-cop-cumulative-165-log-scop-cumexact-taskrd-20260526-2ccb88e9-q10672-19875382-15.out,logs/cop165-cumulative-20260527-2ccb88e9-q10672/slurm-logs/xcsp-parse-cop-cumulative-165-log-scop-cumexact-taskrd-20260526-2ccb88e9-q10672-19875382-15.err,optimum,COMPLETED,0:0,00:00:06,,logs/cop165-cumulative-20260527-2ccb88e9-q10672/slurm-logs/xcsp-parse-cop-cumulative-165-log-scop-cumext-boundprop-20260526-2ccb88e9-q10672-19875383-15.out,logs/cop165-cumulative-20260527-2ccb88e9-q10672/slurm-logs/xcsp-parse-cop-cumulative-165-log-scop-cumext-boundprop-20260526-2ccb88e9-q10672-19875383-15.err,optimum,COMPLETED,0:0,00:03:31,,logs/cop165-cumulative-20260527-2ccb88e9-q10672/slurm-logs/xcsp-parse-cop-cumulative-165-order-ge-cumexact-timerd-20260526-2ccb88e9-q10672-19875378-15.out,logs/cop165-cumulative-20260527-2ccb88e9-q10672/slurm-logs/xcsp-parse-cop-cumulative-165-order-ge-cumexact-timerd-20260526-2ccb88e9-q10672-19875378-15.err,optimum,COMPLETED,0:0,00:01:51,,logs/cop165-cumulative-20260527-2ccb88e9-q10672/slurm-logs/xcsp-parse-cop-cumulative-165-order-ge-cumexact-taskrd-20260526-2ccb88e9-q10672-19875379-15.out,logs/cop165-cumulative-20260527-2ccb88e9-q10672/slurm-logs/xcsp-parse-cop-cumulative-165-order-ge-cumexact-taskrd-20260526-2ccb88e9-q10672-19875379-15.err,optimum,COMPLETED,0:0,00:14:48,,logs/cop165-cumulative-20260527-2ccb88e9-q10672/slurm-logs/xcsp-parse-cop-cumulative-165-order-ge-cumext-boundprop-20260526-2ccb88e9-q10672-19875380-15.out,logs/cop165-cumulative-20260527-2ccb88e9-q10672/slurm-logs/xcsp-parse-cop-cumulative-165-order-ge-cumext-boundprop-20260526-2ccb88e9-q10672-19875380-15.err
16,RCPSP-j120-01-07_c22.xml.lzma,COP22to25/RCPSP-j120-01-07_c22.xml.lzma,optimum,COMPLETED,0:0,00:00:53,,logs/cop165-cumulative-20260527-2ccb88e9-q10672/slurm-logs/xcsp-parse-cop-cumulative-165-log-scop-cumexact-timerd-20260526-2ccb88e9-q10672-19875381-16.out,logs/cop165-cumulative-20260527-2ccb88e9-q10672/slurm-logs/xcsp-parse-cop-cumulative-165-log-scop-cumexact-timerd-20260526-2ccb88e9-q10672-19875381-16.err,optimum,COMPLETED,0:0,00:00:25,,logs/cop165-cumulative-20260527-2ccb88e9-q10672/slurm-logs/xcsp-parse-cop-cumulative-165-log-scop-cumexact-taskrd-20260526-2ccb88e9-q10672-19875382-16.out,logs/cop165-cumulative-20260527-2ccb88e9-q10672/slurm-logs/xcsp-parse-cop-cumulative-165-log-scop-cumexact-taskrd-20260526-2ccb88e9-q10672-19875382-16.err,optimum,COMPLETED,0:0,00:00:11,,logs/cop165-cumulative-20260527-2ccb88e9-q10672/slurm-logs/xcsp-parse-cop-cumulative-165-log-scop-cumext-boundprop-20260526-2ccb88e9-q10672-19875383-16.out,logs/cop165-cumulative-20260527-2ccb88e9-q10672/slurm-logs/xcsp-parse-cop-cumulative-165-log-scop-cumext-boundprop-20260526-2ccb88e9-q10672-19875383-16.err,optimum,COMPLETED,0:0,00:03:51,,logs/cop165-cumulative-20260527-2ccb88e9-q10672/slurm-logs/xcsp-parse-cop-cumulative-165-order-ge-cumexact-timerd-20260526-2ccb88e9-q10672-19875378-16.out,logs/cop165-cumulative-20260527-2ccb88e9-q10672/slurm-logs/xcsp-parse-cop-cumulative-165-order-ge-cumexact-timerd-20260526-2ccb88e9-q10672-19875378-16.err,optimum,COMPLETED,0:0,00:02:41,,logs/cop165-cumulative-20260527-2ccb88e9-q10672/slurm-logs/xcsp-parse-cop-cumulative-165-order-ge-cumexact-taskrd-20260526-2ccb88e9-q10672-19875379-16.out,logs/cop165-cumulative-20260527-2ccb88e9-q10672/slurm-logs/xcsp-parse-cop-cumulative-165-order-ge-cumexact-taskrd-20260526-2ccb88e9-q10672-19875379-16.err,optimum,COMPLETED,0:0,00:26:23,,logs/cop165-cumulative-20260527-2ccb88e9-q10672/slurm-logs/xcsp-parse-cop-cumulative-165-order-ge-cumext-boundprop-20260526-2ccb88e9-q10672-19875380-16.out,logs/cop165-cumulative-20260527-2ccb88e9-q10672/slurm-logs/xcsp-parse-cop-cumulative-165-order-ge-cumext-boundprop-20260526-2ccb88e9-q10672-19875380-16.err
17,RCPSP-j120-01-09_c22.xml.lzma,COP22to25/RCPSP-j120-01-09_c22.xml.lzma,optimum,COMPLETED,0:0,00:00:55,,logs/cop165-cumulative-20260527-2ccb88e9-q10672/slurm-logs/xcsp-parse-cop-cumulative-165-log-scop-cumexact-timerd-20260526-2ccb88e9-q10672-19875381-17.out,logs/cop165-cumulative-20260527-2ccb88e9-q10672/slurm-logs/xcsp-parse-cop-cumulative-165-log-scop-cumexact-timerd-20260526-2ccb88e9-q10672-19875381-17.err,optimum,COMPLETED,0:0,00:00:27,,logs/cop165-cumulative-20260527-2ccb88e9-q10672/slurm-logs/xcsp-parse-cop-cumulative-165-log-scop-cumexact-taskrd-20260526-2ccb88e9-q10672-19875382-17.out,logs/cop165-cumulative-20260527-2ccb88e9-q10672/slurm-logs/xcsp-parse-cop-cumulative-165-log-scop-cumexact-taskrd-20260526-2ccb88e9-q10672-19875382-17.err,optimum,COMPLETED,0:0,00:00:09,,logs/cop165-cumulative-20260527-2ccb88e9-q10672/slurm-logs/xcsp-parse-cop-cumulative-165-log-scop-cumext-boundprop-20260526-2ccb88e9-q10672-19875383-17.out,logs/cop165-cumulative-20260527-2ccb88e9-q10672/slurm-logs/xcsp-parse-cop-cumulative-165-log-scop-cumext-boundprop-20260526-2ccb88e9-q10672-19875383-17.err,optimum,COMPLETED,0:0,00:03:40,,logs/cop165-cumulative-20260527-2ccb88e9-q10672/slurm-logs/xcsp-parse-cop-cumulative-165-order-ge-cumexact-timerd-20260526-2ccb88e9-q10672-19875378-17.out,logs/cop165-cumulative-20260527-2ccb88e9-q10672/slurm-logs/xcsp-parse-cop-cumulative-165-order-ge-cumexact-timerd-20260526-2ccb88e9-q10672-19875378-17.err,optimum,COMPLETED,0:0,00:01:59,,logs/cop165-cumulative-20260527-2ccb88e9-q10672/slurm-logs/xcsp-parse-cop-cumulative-165-order-ge-cumexact-taskrd-20260526-2ccb88e9-q10672-19875379-17.out,logs/cop165-cumulative-20260527-2ccb88e9-q10672/slurm-logs/xcsp-parse-cop-cumulative-165-order-ge-cumexact-taskrd-20260526-2ccb88e9-q10672-19875379-17.err,optimum,COMPLETED,0:0,00:21:52,,logs/cop165-cumulative-20260527-2ccb88e9-q10672/slurm-logs/xcsp-parse-cop-cumulative-165-order-ge-cumext-boundprop-20260526-2ccb88e9-q10672-19875380-17.out,logs/cop165-cumulative-20260527-2ccb88e9-q10672/slurm-logs/xcsp-parse-cop-cumulative-165-order-ge-cumext-boundprop-20260526-2ccb88e9-q10672-19875380-17.err
18,RCPSP-j120-01-02_c22.xml.lzma,COP22to25/RCPSP-j120-01-02_c22.xml.lzma,optimum,COMPLETED,0:0,00:01:13,,logs/cop165-cumulative-20260527-2ccb88e9-q10672/slurm-logs/xcsp-parse-cop-cumulative-165-log-scop-cumexact-timerd-20260526-2ccb88e9-q10672-19875381-18.out,logs/cop165-cumulative-20260527-2ccb88e9-q10672/slurm-logs/xcsp-parse-cop-cumulative-165-log-scop-cumexact-timerd-20260526-2ccb88e9-q10672-19875381-18.err,optimum,COMPLETED,0:0,00:00:33,,logs/cop165-cumulative-20260527-2ccb88e9-q10672/slurm-logs/xcsp-parse-cop-cumulative-165-log-scop-cumexact-taskrd-20260526-2ccb88e9-q10672-19875382-18.out,logs/cop165-cumulative-20260527-2ccb88e9-q10672/slurm-logs/xcsp-parse-cop-cumulative-165-log-scop-cumexact-taskrd-20260526-2ccb88e9-q10672-19875382-18.err,optimum,COMPLETED,0:0,00:00:17,,logs/cop165-cumulative-20260527-2ccb88e9-q10672/slurm-logs/xcsp-parse-cop-cumulative-165-log-scop-cumext-boundprop-20260526-2ccb88e9-q10672-19875383-18.out,logs/cop165-cumulative-20260527-2ccb88e9-q10672/slurm-logs/xcsp-parse-cop-cumulative-165-log-scop-cumext-boundprop-20260526-2ccb88e9-q10672-19875383-18.err,optimum,COMPLETED,0:0,00:02:27,,logs/cop165-cumulative-20260527-2ccb88e9-q10672/slurm-logs/xcsp-parse-cop-cumulative-165-order-ge-cumexact-timerd-20260526-2ccb88e9-q10672-19875378-18.out,logs/cop165-cumulative-20260527-2ccb88e9-q10672/slurm-logs/xcsp-parse-cop-cumulative-165-order-ge-cumexact-timerd-20260526-2ccb88e9-q10672-19875378-18.err,optimum,COMPLETED,0:0,00:03:00,,logs/cop165-cumulative-20260527-2ccb88e9-q10672/slurm-logs/xcsp-parse-cop-cumulative-165-order-ge-cumexact-taskrd-20260526-2ccb88e9-q10672-19875379-18.out,logs/cop165-cumulative-20260527-2ccb88e9-q10672/slurm-logs/xcsp-parse-cop-cumulative-165-order-ge-cumexact-taskrd-20260526-2ccb88e9-q10672-19875379-18.err,optimum,COMPLETED,0:0,00:19:14,,logs/cop165-cumulative-20260527-2ccb88e9-q10672/slurm-logs/xcsp-parse-cop-cumulative-165-order-ge-cumext-boundprop-20260526-2ccb88e9-q10672-19875380-18.out,logs/cop165-cumulative-20260527-2ccb88e9-q10672/slurm-logs/xcsp-parse-cop-cumulative-165-order-ge-cumext-boundprop-20260526-2ccb88e9-q10672-19875380-18.err
19,TestScheduling-t020m10r03-1_c24.xml.lzma,COP22to25/TestScheduling-t020m10r03-1_c24.xml.lzma,optimum,COMPLETED,0:0,00:01:54,,logs/cop165-cumulative-20260527-2ccb88e9-q10672/slurm-logs/xcsp-parse-cop-cumulative-165-log-scop-cumexact-timerd-20260526-2ccb88e9-q10672-19875381-19.out,logs/cop165-cumulative-20260527-2ccb88e9-q10672/slurm-logs/xcsp-parse-cop-cumulative-165-log-scop-cumexact-timerd-20260526-2ccb88e9-q10672-19875381-19.err,optimum,COMPLETED,0:0,00:00:04,,logs/cop165-cumulative-20260527-2ccb88e9-q10672/slurm-logs/xcsp-parse-cop-cumulative-165-log-scop-cumexact-taskrd-20260526-2ccb88e9-q10672-19875382-19.out,logs/cop165-cumulative-20260527-2ccb88e9-q10672/slurm-logs/xcsp-parse-cop-cumulative-165-log-scop-cumexact-taskrd-20260526-2ccb88e9-q10672-19875382-19.err,optimum,COMPLETED,0:0,00:00:06,,logs/cop165-cumulative-20260527-2ccb88e9-q10672/slurm-logs/xcsp-parse-cop-cumulative-165-log-scop-cumext-boundprop-20260526-2ccb88e9-q10672-19875383-19.out,logs/cop165-cumulative-20260527-2ccb88e9-q10672/slurm-logs/xcsp-parse-cop-cumulative-165-log-scop-cumext-boundprop-20260526-2ccb88e9-q10672-19875383-19.err,optimum,COMPLETED,0:0,00:01:32,,logs/cop165-cumulative-20260527-2ccb88e9-q10672/slurm-logs/xcsp-parse-cop-cumulative-165-order-ge-cumexact-timerd-20260526-2ccb88e9-q10672-19875378-19.out,logs/cop165-cumulative-20260527-2ccb88e9-q10672/slurm-logs/xcsp-parse-cop-cumulative-165-order-ge-cumexact-timerd-20260526-2ccb88e9-q10672-19875378-19.err,timeout_incumbent,COMPLETED,0:0,00:30:03,incumbent_interrupted_by_signal,logs/cop165-cumulative-20260527-2ccb88e9-q10672/slurm-logs/xcsp-parse-cop-cumulative-165-order-ge-cumexact-taskrd-20260526-2ccb88e9-q10672-19875379-19.out,logs/cop165-cumulative-20260527-2ccb88e9-q10672/slurm-logs/xcsp-parse-cop-cumulative-165-order-ge-cumexact-taskrd-20260526-2ccb88e9-q10672-19875379-19.err,timeout_incumbent,COMPLETED,0:0,00:30:03,incumbent_interrupted_by_signal,logs/cop165-cumulative-20260527-2ccb88e9-q10672/slurm-logs/xcsp-parse-cop-cumulative-165-order-ge-cumext-boundprop-20260526-2ccb88e9-q10672-19875380-19.out,logs/cop165-cumulative-20260527-2ccb88e9-q10672/slurm-logs/xcsp-parse-cop-cumulative-165-order-ge-cumext-boundprop-20260526-2ccb88e9-q10672-19875380-19.err
20,RIP-25-0-j090-01-01_c23.xml.lzma,COP22to25/RIP-25-0-j090-01-01_c23.xml.lzma,optimum,COMPLETED,0:0,00:00:13,,logs/cop165-cumulative-20260527-2ccb88e9-q10672/slurm-logs/xcsp-parse-cop-cumulative-165-log-scop-cumexact-timerd-20260526-2ccb88e9-q10672-19875381-20.out,logs/cop165-cumulative-20260527-2ccb88e9-q10672/slurm-logs/xcsp-parse-cop-cumulative-165-log-scop-cumexact-timerd-20260526-2ccb88e9-q10672-19875381-20.err,optimum,COMPLETED,0:0,00:05:44,,logs/cop165-cumulative-20260527-2ccb88e9-q10672/slurm-logs/xcsp-parse-cop-cumulative-165-log-scop-cumexact-taskrd-20260526-2ccb88e9-q10672-19875382-20.out,logs/cop165-cumulative-20260527-2ccb88e9-q10672/slurm-logs/xcsp-parse-cop-cumulative-165-log-scop-cumexact-taskrd-20260526-2ccb88e9-q10672-19875382-20.err,optimum,COMPLETED,0:0,00:00:42,,logs/cop165-cumulative-20260527-2ccb88e9-q10672/slurm-logs/xcsp-parse-cop-cumulative-165-log-scop-cumext-boundprop-20260526-2ccb88e9-q10672-19875383-20.out,logs/cop165-cumulative-20260527-2ccb88e9-q10672/slurm-logs/xcsp-parse-cop-cumulative-165-log-scop-cumext-boundprop-20260526-2ccb88e9-q10672-19875383-20.err,optimum,COMPLETED,0:0,00:00:59,,logs/cop165-cumulative-20260527-2ccb88e9-q10672/slurm-logs/xcsp-parse-cop-cumulative-165-order-ge-cumexact-timerd-20260526-2ccb88e9-q10672-19875378-20.out,logs/cop165-cumulative-20260527-2ccb88e9-q10672/slurm-logs/xcsp-parse-cop-cumulative-165-order-ge-cumexact-timerd-20260526-2ccb88e9-q10672-19875378-20.err,optimum,COMPLETED,0:0,00:02:16,,logs/cop165-cumulative-20260527-2ccb88e9-q10672/slurm-logs/xcsp-parse-cop-cumulative-165-order-ge-cumexact-taskrd-20260526-2ccb88e9-q10672-19875379-20.out,logs/cop165-cumulative-20260527-2ccb88e9-q10672/slurm-logs/xcsp-parse-cop-cumulative-165-order-ge-cumexact-taskrd-20260526-2ccb88e9-q10672-19875379-20.err,optimum,COMPLETED,0:0,00:07:38,,logs/cop165-cumulative-20260527-2ccb88e9-q10672/slurm-logs/xcsp-parse-cop-cumulative-165-order-ge-cumext-boundprop-20260526-2ccb88e9-q10672-19875380-20.out,logs/cop165-cumulative-20260527-2ccb88e9-q10672/slurm-logs/xcsp-parse-cop-cumulative-165-order-ge-cumext-boundprop-20260526-2ccb88e9-q10672-19875380-20.err
21,RIP-25-2-j090-20-01_c23.xml.lzma,COP22to25/RIP-25-2-j090-20-01_c23.xml.lzma,optimum,COMPLETED,0:0,00:00:08,,logs/cop165-cumulative-20260527-2ccb88e9-q10672/slurm-logs/xcsp-parse-cop-cumulative-165-log-scop-cumexact-timerd-20260526-2ccb88e9-q10672-19875381-21.out,logs/cop165-cumulative-20260527-2ccb88e9-q10672/slurm-logs/xcsp-parse-cop-cumulative-165-log-scop-cumexact-timerd-20260526-2ccb88e9-q10672-19875381-21.err,optimum,COMPLETED,0:0,00:01:45,,logs/cop165-cumulative-20260527-2ccb88e9-q10672/slurm-logs/xcsp-parse-cop-cumulative-165-log-scop-cumexact-taskrd-20260526-2ccb88e9-q10672-19875382-21.out,logs/cop165-cumulative-20260527-2ccb88e9-q10672/slurm-logs/xcsp-parse-cop-cumulative-165-log-scop-cumexact-taskrd-20260526-2ccb88e9-q10672-19875382-21.err,optimum,COMPLETED,0:0,00:00:12,,logs/cop165-cumulative-20260527-2ccb88e9-q10672/slurm-logs/xcsp-parse-cop-cumulative-165-log-scop-cumext-boundprop-20260526-2ccb88e9-q10672-19875383-21.out,logs/cop165-cumulative-20260527-2ccb88e9-q10672/slurm-logs/xcsp-parse-cop-cumulative-165-log-scop-cumext-boundprop-20260526-2ccb88e9-q10672-19875383-21.err,optimum,COMPLETED,0:0,00:00:25,,logs/cop165-cumulative-20260527-2ccb88e9-q10672/slurm-logs/xcsp-parse-cop-cumulative-165-order-ge-cumexact-timerd-20260526-2ccb88e9-q10672-19875378-21.out,logs/cop165-cumulative-20260527-2ccb88e9-q10672/slurm-logs/xcsp-parse-cop-cumulative-165-order-ge-cumexact-timerd-20260526-2ccb88e9-q10672-19875378-21.err,optimum,COMPLETED,0:0,00:00:49,,logs/cop165-cumulative-20260527-2ccb88e9-q10672/slurm-logs/xcsp-parse-cop-cumulative-165-order-ge-cumexact-taskrd-20260526-2ccb88e9-q10672-19875379-21.out,logs/cop165-cumulative-20260527-2ccb88e9-q10672/slurm-logs/xcsp-parse-cop-cumulative-165-order-ge-cumexact-taskrd-20260526-2ccb88e9-q10672-19875379-21.err,optimum,COMPLETED,0:0,00:04:19,,logs/cop165-cumulative-20260527-2ccb88e9-q10672/slurm-logs/xcsp-parse-cop-cumulative-165-order-ge-cumext-boundprop-20260526-2ccb88e9-q10672-19875380-21.out,logs/cop165-cumulative-20260527-2ccb88e9-q10672/slurm-logs/xcsp-parse-cop-cumulative-165-order-ge-cumext-boundprop-20260526-2ccb88e9-q10672-19875380-21.err
22,CarpetCutting-test01_c23.xml.lzma,COP22to25/CarpetCutting-test01_c23.xml.lzma,optimum,COMPLETED,0:0,00:02:01,,logs/cop165-cumulative-20260527-2ccb88e9-q10672/slurm-logs/xcsp-parse-cop-cumulative-165-log-scop-cumexact-timerd-20260526-2ccb88e9-q10672-19875381-22.out,logs/cop165-cumulative-20260527-2ccb88e9-q10672/slurm-logs/xcsp-parse-cop-cumulative-165-log-scop-cumexact-timerd-20260526-2ccb88e9-q10672-19875381-22.err,optimum,COMPLETED,0:0,00:00:06,,logs/cop165-cumulative-20260527-2ccb88e9-q10672/slurm-logs/xcsp-parse-cop-cumulative-165-log-scop-cumexact-taskrd-20260526-2ccb88e9-q10672-19875382-22.out,logs/cop165-cumulative-20260527-2ccb88e9-q10672/slurm-logs/xcsp-parse-cop-cumulative-165-log-scop-cumexact-taskrd-20260526-2ccb88e9-q10672-19875382-22.err,optimum,COMPLETED,0:0,00:00:04,,logs/cop165-cumulative-20260527-2ccb88e9-q10672/slurm-logs/xcsp-parse-cop-cumulative-165-log-scop-cumext-boundprop-20260526-2ccb88e9-q10672-19875383-22.out,logs/cop165-cumulative-20260527-2ccb88e9-q10672/slurm-logs/xcsp-parse-cop-cumulative-165-log-scop-cumext-boundprop-20260526-2ccb88e9-q10672-19875383-22.err,out_of_memory,OUT_OF_MEMORY,0:125,00:06:22,slurmstepd: error: Detected 13 oom-kill event(s) in StepId=19875430.batch. Some of your processes may have been killed by the cgroup out-of-memory handler.,logs/cop165-cumulative-20260527-2ccb88e9-q10672/slurm-logs/xcsp-parse-cop-cumulative-165-order-ge-cumexact-timerd-20260526-2ccb88e9-q10672-19875378-22.out,logs/cop165-cumulative-20260527-2ccb88e9-q10672/slurm-logs/xcsp-parse-cop-cumulative-165-order-ge-cumexact-timerd-20260526-2ccb88e9-q10672-19875378-22.err,optimum,COMPLETED,0:0,00:06:54,,logs/cop165-cumulative-20260527-2ccb88e9-q10672/slurm-logs/xcsp-parse-cop-cumulative-165-order-ge-cumexact-taskrd-20260526-2ccb88e9-q10672-19875379-22.out,logs/cop165-cumulative-20260527-2ccb88e9-q10672/slurm-logs/xcsp-parse-cop-cumulative-165-order-ge-cumexact-taskrd-20260526-2ccb88e9-q10672-19875379-22.err,optimum,COMPLETED,0:0,00:00:19,,logs/cop165-cumulative-20260527-2ccb88e9-q10672/slurm-logs/xcsp-parse-cop-cumulative-165-order-ge-cumext-boundprop-20260526-2ccb88e9-q10672-19875380-22.out,logs/cop165-cumulative-20260527-2ccb88e9-q10672/slurm-logs/xcsp-parse-cop-cumulative-165-order-ge-cumext-boundprop-20260526-2ccb88e9-q10672-19875380-22.err
23,CarpetCutting-test11_c23.xml.lzma,COP22to25/CarpetCutting-test11_c23.xml.lzma,optimum,COMPLETED,0:0,00:06:57,,logs/cop165-cumulative-20260527-2ccb88e9-q10672/slurm-logs/xcsp-parse-cop-cumulative-165-log-scop-cumexact-timerd-20260526-2ccb88e9-q10672-19875381-23.out,logs/cop165-cumulative-20260527-2ccb88e9-q10672/slurm-logs/xcsp-parse-cop-cumulative-165-log-scop-cumexact-timerd-20260526-2ccb88e9-q10672-19875381-23.err,optimum,COMPLETED,0:0,00:00:07,,logs/cop165-cumulative-20260527-2ccb88e9-q10672/slurm-logs/xcsp-parse-cop-cumulative-165-log-scop-cumexact-taskrd-20260526-2ccb88e9-q10672-19875382-23.out,logs/cop165-cumulative-20260527-2ccb88e9-q10672/slurm-logs/xcsp-parse-cop-cumulative-165-log-scop-cumexact-taskrd-20260526-2ccb88e9-q10672-19875382-23.err,optimum,COMPLETED,0:0,00:00:04,,logs/cop165-cumulative-20260527-2ccb88e9-q10672/slurm-logs/xcsp-parse-cop-cumulative-165-log-scop-cumext-boundprop-20260526-2ccb88e9-q10672-19875383-23.out,logs/cop165-cumulative-20260527-2ccb88e9-q10672/slurm-logs/xcsp-parse-cop-cumulative-165-log-scop-cumext-boundprop-20260526-2ccb88e9-q10672-19875383-23.err,out_of_memory,OUT_OF_MEMORY,0:125,00:05:30,slurmstepd: error: Detected 2 oom-kill event(s) in StepId=19875433.batch. Some of your processes may have been killed by the cgroup out-of-memory handler.,logs/cop165-cumulative-20260527-2ccb88e9-q10672/slurm-logs/xcsp-parse-cop-cumulative-165-order-ge-cumexact-timerd-20260526-2ccb88e9-q10672-19875378-23.out,logs/cop165-cumulative-20260527-2ccb88e9-q10672/slurm-logs/xcsp-parse-cop-cumulative-165-order-ge-cumexact-timerd-20260526-2ccb88e9-q10672-19875378-23.err,out_of_memory,OUT_OF_MEMORY,0:125,00:07:11,slurmstepd: error: Detected 1 oom-kill event(s) in StepId=19877517.batch. Some of your processes may have been killed by the cgroup out-of-memory handler.,logs/cop165-cumulative-20260527-2ccb88e9-q10672/slurm-logs/xcsp-parse-cop-cumulative-165-order-ge-cumexact-taskrd-20260526-2ccb88e9-q10672-19875379-23.out,logs/cop165-cumulative-20260527-2ccb88e9-q10672/slurm-logs/xcsp-parse-cop-cumulative-165-order-ge-cumexact-taskrd-20260526-2ccb88e9-q10672-19875379-23.err,optimum,COMPLETED,0:0,00:00:18,,logs/cop165-cumulative-20260527-2ccb88e9-q10672/slurm-logs/xcsp-parse-cop-cumulative-165-order-ge-cumext-boundprop-20260526-2ccb88e9-q10672-19875380-23.out,logs/cop165-cumulative-20260527-2ccb88e9-q10672/slurm-logs/xcsp-parse-cop-cumulative-165-order-ge-cumext-boundprop-20260526-2ccb88e9-q10672-19875380-23.err
24,RIP-25-1-j090-10-01_c23.xml.lzma,COP22to25/RIP-25-1-j090-10-01_c23.xml.lzma,timeout_incumbent,COMPLETED,0:0,00:30:03,incumbent_interrupted_by_signal,logs/cop165-cumulative-20260527-2ccb88e9-q10672/slurm-logs/xcsp-parse-cop-cumulative-165-log-scop-cumexact-timerd-20260526-2ccb88e9-q10672-19875381-24.out,logs/cop165-cumulative-20260527-2ccb88e9-q10672/slurm-logs/xcsp-parse-cop-cumulative-165-log-scop-cumexact-timerd-20260526-2ccb88e9-q10672-19875381-24.err,timeout_incumbent,COMPLETED,0:0,00:30:04,incumbent_interrupted_by_signal,logs/cop165-cumulative-20260527-2ccb88e9-q10672/slurm-logs/xcsp-parse-cop-cumulative-165-log-scop-cumexact-taskrd-20260526-2ccb88e9-q10672-19875382-24.out,logs/cop165-cumulative-20260527-2ccb88e9-q10672/slurm-logs/xcsp-parse-cop-cumulative-165-log-scop-cumexact-taskrd-20260526-2ccb88e9-q10672-19875382-24.err,timeout_incumbent,COMPLETED,0:0,00:30:03,incumbent_interrupted_by_signal,logs/cop165-cumulative-20260527-2ccb88e9-q10672/slurm-logs/xcsp-parse-cop-cumulative-165-log-scop-cumext-boundprop-20260526-2ccb88e9-q10672-19875383-24.out,logs/cop165-cumulative-20260527-2ccb88e9-q10672/slurm-logs/xcsp-parse-cop-cumulative-165-log-scop-cumext-boundprop-20260526-2ccb88e9-q10672-19875383-24.err,timeout_incumbent,COMPLETED,0:0,00:30:04,incumbent_interrupted_by_signal,logs/cop165-cumulative-20260527-2ccb88e9-q10672/slurm-logs/xcsp-parse-cop-cumulative-165-order-ge-cumexact-timerd-20260526-2ccb88e9-q10672-19875378-24.out,logs/cop165-cumulative-20260527-2ccb88e9-q10672/slurm-logs/xcsp-parse-cop-cumulative-165-order-ge-cumexact-timerd-20260526-2ccb88e9-q10672-19875378-24.err,sat_no_proof,COMPLETED,0:0,00:00:19,best incumbent shown; objective improvement search stopped before optimality proof: eager incremental objective cut could not be encoded,logs/cop165-cumulative-20260527-2ccb88e9-q10672/slurm-logs/xcsp-parse-cop-cumulative-165-order-ge-cumexact-taskrd-20260526-2ccb88e9-q10672-19875379-24.out,logs/cop165-cumulative-20260527-2ccb88e9-q10672/slurm-logs/xcsp-parse-cop-cumulative-165-order-ge-cumexact-taskrd-20260526-2ccb88e9-q10672-19875379-24.err,timeout_incumbent,COMPLETED,0:0,00:30:03,incumbent_interrupted_by_signal,logs/cop165-cumulative-20260527-2ccb88e9-q10672/slurm-logs/xcsp-parse-cop-cumulative-165-order-ge-cumext-boundprop-20260526-2ccb88e9-q10672-19875380-24.out,logs/cop165-cumulative-20260527-2ccb88e9-q10672/slurm-logs/xcsp-parse-cop-cumulative-165-order-ge-cumext-boundprop-20260526-2ccb88e9-q10672-19875380-24.err
25,CarpetCutting-test12_c23.xml.lzma,COP22to25/CarpetCutting-test12_c23.xml.lzma,optimum,COMPLETED,0:0,00:05:44,,logs/cop165-cumulative-20260527-2ccb88e9-q10672/slurm-logs/xcsp-parse-cop-cumulative-165-log-scop-cumexact-timerd-20260526-2ccb88e9-q10672-19875381-25.out,logs/cop165-cumulative-20260527-2ccb88e9-q10672/slurm-logs/xcsp-parse-cop-cumulative-165-log-scop-cumexact-timerd-20260526-2ccb88e9-q10672-19875381-25.err,optimum,COMPLETED,0:0,00:00:06,,logs/cop165-cumulative-20260527-2ccb88e9-q10672/slurm-logs/xcsp-parse-cop-cumulative-165-log-scop-cumexact-taskrd-20260526-2ccb88e9-q10672-19875382-25.out,logs/cop165-cumulative-20260527-2ccb88e9-q10672/slurm-logs/xcsp-parse-cop-cumulative-165-log-scop-cumexact-taskrd-20260526-2ccb88e9-q10672-19875382-25.err,optimum,COMPLETED,0:0,00:00:05,,logs/cop165-cumulative-20260527-2ccb88e9-q10672/slurm-logs/xcsp-parse-cop-cumulative-165-log-scop-cumext-boundprop-20260526-2ccb88e9-q10672-19875383-25.out,logs/cop165-cumulative-20260527-2ccb88e9-q10672/slurm-logs/xcsp-parse-cop-cumulative-165-log-scop-cumext-boundprop-20260526-2ccb88e9-q10672-19875383-25.err,out_of_memory,OUT_OF_MEMORY,0:125,00:06:10,slurmstepd: error: Detected 1 oom-kill event(s) in StepId=19875437.batch. Some of your processes may have been killed by the cgroup out-of-memory handler.,logs/cop165-cumulative-20260527-2ccb88e9-q10672/slurm-logs/xcsp-parse-cop-cumulative-165-order-ge-cumexact-timerd-20260526-2ccb88e9-q10672-19875378-25.out,logs/cop165-cumulative-20260527-2ccb88e9-q10672/slurm-logs/xcsp-parse-cop-cumulative-165-order-ge-cumexact-timerd-20260526-2ccb88e9-q10672-19875378-25.err,optimum,COMPLETED,0:0,00:02:40,,logs/cop165-cumulative-20260527-2ccb88e9-q10672/slurm-logs/xcsp-parse-cop-cumulative-165-order-ge-cumexact-taskrd-20260526-2ccb88e9-q10672-19875379-25.out,logs/cop165-cumulative-20260527-2ccb88e9-q10672/slurm-logs/xcsp-parse-cop-cumulative-165-order-ge-cumexact-taskrd-20260526-2ccb88e9-q10672-19875379-25.err,optimum,COMPLETED,0:0,00:00:32,,logs/cop165-cumulative-20260527-2ccb88e9-q10672/slurm-logs/xcsp-parse-cop-cumulative-165-order-ge-cumext-boundprop-20260526-2ccb88e9-q10672-19875380-25.out,logs/cop165-cumulative-20260527-2ccb88e9-q10672/slurm-logs/xcsp-parse-cop-cumulative-165-order-ge-cumext-boundprop-20260526-2ccb88e9-q10672-19875380-25.err
26,RIP-25-3-j090-30-01_c23.xml.lzma,COP22to25/RIP-25-3-j090-30-01_c23.xml.lzma,timeout_incumbent,COMPLETED,0:0,00:30:05,incumbent_interrupted_by_signal,logs/cop165-cumulative-20260527-2ccb88e9-q10672/slurm-logs/xcsp-parse-cop-cumulative-165-log-scop-cumexact-timerd-20260526-2ccb88e9-q10672-19875381-26.out,logs/cop165-cumulative-20260527-2ccb88e9-q10672/slurm-logs/xcsp-parse-cop-cumulative-165-log-scop-cumexact-timerd-20260526-2ccb88e9-q10672-19875381-26.err,timeout_incumbent,COMPLETED,0:0,00:30:04,incumbent_interrupted_by_signal,logs/cop165-cumulative-20260527-2ccb88e9-q10672/slurm-logs/xcsp-parse-cop-cumulative-165-log-scop-cumexact-taskrd-20260526-2ccb88e9-q10672-19875382-26.out,logs/cop165-cumulative-20260527-2ccb88e9-q10672/slurm-logs/xcsp-parse-cop-cumulative-165-log-scop-cumexact-taskrd-20260526-2ccb88e9-q10672-19875382-26.err,timeout_incumbent,COMPLETED,0:0,00:30:03,incumbent_interrupted_by_signal,logs/cop165-cumulative-20260527-2ccb88e9-q10672/slurm-logs/xcsp-parse-cop-cumulative-165-log-scop-cumext-boundprop-20260526-2ccb88e9-q10672-19875383-26.out,logs/cop165-cumulative-20260527-2ccb88e9-q10672/slurm-logs/xcsp-parse-cop-cumulative-165-log-scop-cumext-boundprop-20260526-2ccb88e9-q10672-19875383-26.err,sat_no_proof,COMPLETED,0:0,00:00:19,best incumbent shown; objective improvement search stopped before optimality proof: eager incremental objective cut could not be encoded,logs/cop165-cumulative-20260527-2ccb88e9-q10672/slurm-logs/xcsp-parse-cop-cumulative-165-order-ge-cumexact-timerd-20260526-2ccb88e9-q10672-19875378-26.out,logs/cop165-cumulative-20260527-2ccb88e9-q10672/slurm-logs/xcsp-parse-cop-cumulative-165-order-ge-cumexact-timerd-20260526-2ccb88e9-q10672-19875378-26.err,sat_no_proof,COMPLETED,0:0,00:00:29,best incumbent shown; objective improvement search stopped before optimality proof: eager incremental objective cut could not be encoded,logs/cop165-cumulative-20260527-2ccb88e9-q10672/slurm-logs/xcsp-parse-cop-cumulative-165-order-ge-cumexact-taskrd-20260526-2ccb88e9-q10672-19875379-26.out,logs/cop165-cumulative-20260527-2ccb88e9-q10672/slurm-logs/xcsp-parse-cop-cumulative-165-order-ge-cumexact-taskrd-20260526-2ccb88e9-q10672-19875379-26.err,timeout_incumbent,COMPLETED,0:0,00:30:05,incumbent_interrupted_by_signal,logs/cop165-cumulative-20260527-2ccb88e9-q10672/slurm-logs/xcsp-parse-cop-cumulative-165-order-ge-cumext-boundprop-20260526-2ccb88e9-q10672-19875380-26.out,logs/cop165-cumulative-20260527-2ccb88e9-q10672/slurm-logs/xcsp-parse-cop-cumulative-165-order-ge-cumext-boundprop-20260526-2ccb88e9-q10672-19875380-26.err
27,RIP-25-0-j120-01-01_c23.xml.lzma,COP22to25/RIP-25-0-j120-01-01_c23.xml.lzma,optimum,COMPLETED,0:0,00:08:43,,logs/cop165-cumulative-20260527-2ccb88e9-q10672/slurm-logs/xcsp-parse-cop-cumulative-165-log-scop-cumexact-timerd-20260526-2ccb88e9-q10672-19875381-27.out,logs/cop165-cumulative-20260527-2ccb88e9-q10672/slurm-logs/xcsp-parse-cop-cumulative-165-log-scop-cumexact-timerd-20260526-2ccb88e9-q10672-19875381-27.err,timeout_incumbent,COMPLETED,0:0,00:30:03,incumbent_interrupted_by_signal,logs/cop165-cumulative-20260527-2ccb88e9-q10672/slurm-logs/xcsp-parse-cop-cumulative-165-log-scop-cumexact-taskrd-20260526-2ccb88e9-q10672-19875382-27.out,logs/cop165-cumulative-20260527-2ccb88e9-q10672/slurm-logs/xcsp-parse-cop-cumulative-165-log-scop-cumexact-taskrd-20260526-2ccb88e9-q10672-19875382-27.err,optimum,COMPLETED,0:0,00:12:10,,logs/cop165-cumulative-20260527-2ccb88e9-q10672/slurm-logs/xcsp-parse-cop-cumulative-165-log-scop-cumext-boundprop-20260526-2ccb88e9-q10672-19875383-27.out,logs/cop165-cumulative-20260527-2ccb88e9-q10672/slurm-logs/xcsp-parse-cop-cumulative-165-log-scop-cumext-boundprop-20260526-2ccb88e9-q10672-19875383-27.err,optimum,COMPLETED,0:0,00:05:53,,logs/cop165-cumulative-20260527-2ccb88e9-q10672/slurm-logs/xcsp-parse-cop-cumulative-165-order-ge-cumexact-timerd-20260526-2ccb88e9-q10672-19875378-27.out,logs/cop165-cumulative-20260527-2ccb88e9-q10672/slurm-logs/xcsp-parse-cop-cumulative-165-order-ge-cumexact-timerd-20260526-2ccb88e9-q10672-19875378-27.err,optimum,COMPLETED,0:0,00:20:07,,logs/cop165-cumulative-20260527-2ccb88e9-q10672/slurm-logs/xcsp-parse-cop-cumulative-165-order-ge-cumexact-taskrd-20260526-2ccb88e9-q10672-19875379-27.out,logs/cop165-cumulative-20260527-2ccb88e9-q10672/slurm-logs/xcsp-parse-cop-cumulative-165-order-ge-cumexact-taskrd-20260526-2ccb88e9-q10672-19875379-27.err,timeout_incumbent,COMPLETED,0:0,00:30:04,incumbent_interrupted_by_signal,logs/cop165-cumulative-20260527-2ccb88e9-q10672/slurm-logs/xcsp-parse-cop-cumulative-165-order-ge-cumext-boundprop-20260526-2ccb88e9-q10672-19875380-27.out,logs/cop165-cumulative-20260527-2ccb88e9-q10672/slurm-logs/xcsp-parse-cop-cumulative-165-order-ge-cumext-boundprop-20260526-2ccb88e9-q10672-19875380-27.err
28,RIP-25-1-j120-10-01_c23.xml.lzma,COP22to25/RIP-25-1-j120-10-01_c23.xml.lzma,timeout_incumbent,COMPLETED,0:0,00:30:04,incumbent_interrupted_by_signal,logs/cop165-cumulative-20260527-2ccb88e9-q10672/slurm-logs/xcsp-parse-cop-cumulative-165-log-scop-cumexact-timerd-20260526-2ccb88e9-q10672-19875381-28.out,logs/cop165-cumulative-20260527-2ccb88e9-q10672/slurm-logs/xcsp-parse-cop-cumulative-165-log-scop-cumexact-timerd-20260526-2ccb88e9-q10672-19875381-28.err,timeout_incumbent,COMPLETED,0:0,00:30:05,incumbent_interrupted_by_signal,logs/cop165-cumulative-20260527-2ccb88e9-q10672/slurm-logs/xcsp-parse-cop-cumulative-165-log-scop-cumexact-taskrd-20260526-2ccb88e9-q10672-19875382-28.out,logs/cop165-cumulative-20260527-2ccb88e9-q10672/slurm-logs/xcsp-parse-cop-cumulative-165-log-scop-cumexact-taskrd-20260526-2ccb88e9-q10672-19875382-28.err,timeout_incumbent,COMPLETED,0:0,00:30:04,incumbent_interrupted_by_signal,logs/cop165-cumulative-20260527-2ccb88e9-q10672/slurm-logs/xcsp-parse-cop-cumulative-165-log-scop-cumext-boundprop-20260526-2ccb88e9-q10672-19875383-28.out,logs/cop165-cumulative-20260527-2ccb88e9-q10672/slurm-logs/xcsp-parse-cop-cumulative-165-log-scop-cumext-boundprop-20260526-2ccb88e9-q10672-19875383-28.err,timeout_incumbent,COMPLETED,0:0,00:30:04,incumbent_interrupted_by_signal,logs/cop165-cumulative-20260527-2ccb88e9-q10672/slurm-logs/xcsp-parse-cop-cumulative-165-order-ge-cumexact-timerd-20260526-2ccb88e9-q10672-19875378-28.out,logs/cop165-cumulative-20260527-2ccb88e9-q10672/slurm-logs/xcsp-parse-cop-cumulative-165-order-ge-cumexact-timerd-20260526-2ccb88e9-q10672-19875378-28.err,sat_no_proof,COMPLETED,0:0,00:00:23,best incumbent shown; objective improvement search stopped before optimality proof: eager incremental objective cut could not be encoded,logs/cop165-cumulative-20260527-2ccb88e9-q10672/slurm-logs/xcsp-parse-cop-cumulative-165-order-ge-cumexact-taskrd-20260526-2ccb88e9-q10672-19875379-28.out,logs/cop165-cumulative-20260527-2ccb88e9-q10672/slurm-logs/xcsp-parse-cop-cumulative-165-order-ge-cumexact-taskrd-20260526-2ccb88e9-q10672-19875379-28.err,timeout_incumbent,COMPLETED,0:0,00:30:04,incumbent_interrupted_by_signal,logs/cop165-cumulative-20260527-2ccb88e9-q10672/slurm-logs/xcsp-parse-cop-cumulative-165-order-ge-cumext-boundprop-20260526-2ccb88e9-q10672-19875380-28.out,logs/cop165-cumulative-20260527-2ccb88e9-q10672/slurm-logs/xcsp-parse-cop-cumulative-165-order-ge-cumext-boundprop-20260526-2ccb88e9-q10672-19875380-28.err
29,LargeScaleScheduling-00200-0_c23.xml.lzma,COP22to25/LargeScaleScheduling-00200-0_c23.xml.lzma,timeout_incumbent,COMPLETED,0:0,00:30:05,incumbent_interrupted_by_signal,logs/cop165-cumulative-20260527-2ccb88e9-q10672/slurm-logs/xcsp-parse-cop-cumulative-165-log-scop-cumexact-timerd-20260526-2ccb88e9-q10672-19875381-29.out,logs/cop165-cumulative-20260527-2ccb88e9-q10672/slurm-logs/xcsp-parse-cop-cumulative-165-log-scop-cumexact-timerd-20260526-2ccb88e9-q10672-19875381-29.err,timeout_incumbent,COMPLETED,0:0,00:30:04,incumbent_interrupted_by_signal,logs/cop165-cumulative-20260527-2ccb88e9-q10672/slurm-logs/xcsp-parse-cop-cumulative-165-log-scop-cumexact-taskrd-20260526-2ccb88e9-q10672-19875382-29.out,logs/cop165-cumulative-20260527-2ccb88e9-q10672/slurm-logs/xcsp-parse-cop-cumulative-165-log-scop-cumexact-taskrd-20260526-2ccb88e9-q10672-19875382-29.err,timeout_incumbent,COMPLETED,0:0,00:30:04,incumbent_interrupted_by_signal,logs/cop165-cumulative-20260527-2ccb88e9-q10672/slurm-logs/xcsp-parse-cop-cumulative-165-log-scop-cumext-boundprop-20260526-2ccb88e9-q10672-19875383-29.out,logs/cop165-cumulative-20260527-2ccb88e9-q10672/slurm-logs/xcsp-parse-cop-cumulative-165-log-scop-cumext-boundprop-20260526-2ccb88e9-q10672-19875383-29.err,out_of_memory,OUT_OF_MEMORY,0:125,00:02:45,slurmstepd: error: Detected 1 oom-kill event(s) in StepId=19875441.batch. Some of your processes may have been killed by the cgroup out-of-memory handler.,logs/cop165-cumulative-20260527-2ccb88e9-q10672/slurm-logs/xcsp-parse-cop-cumulative-165-order-ge-cumexact-timerd-20260526-2ccb88e9-q10672-19875378-29.out,logs/cop165-cumulative-20260527-2ccb88e9-q10672/slurm-logs/xcsp-parse-cop-cumulative-165-order-ge-cumexact-timerd-20260526-2ccb88e9-q10672-19875378-29.err,out_of_memory,OUT_OF_MEMORY,0:125,00:02:54,slurmstepd: error: Detected 1 oom-kill event(s) in StepId=19877600.batch. Some of your processes may have been killed by the cgroup out-of-memory handler.,logs/cop165-cumulative-20260527-2ccb88e9-q10672/slurm-logs/xcsp-parse-cop-cumulative-165-order-ge-cumexact-taskrd-20260526-2ccb88e9-q10672-19875379-29.out,logs/cop165-cumulative-20260527-2ccb88e9-q10672/slurm-logs/xcsp-parse-cop-cumulative-165-order-ge-cumexact-taskrd-20260526-2ccb88e9-q10672-19875379-29.err,out_of_memory,OUT_OF_MEMORY,0:125,00:02:28,slurmstepd: error: Detected 1 oom-kill event(s) in StepId=19880169.batch. Some of your processes may have been killed by the cgroup out-of-memory handler.,logs/cop165-cumulative-20260527-2ccb88e9-q10672/slurm-logs/xcsp-parse-cop-cumulative-165-order-ge-cumext-boundprop-20260526-2ccb88e9-q10672-19875380-29.out,logs/cop165-cumulative-20260527-2ccb88e9-q10672/slurm-logs/xcsp-parse-cop-cumulative-165-order-ge-cumext-boundprop-20260526-2ccb88e9-q10672-19875380-29.err
30,RIP-25-3-j120-30-01_c23.xml.lzma,COP22to25/RIP-25-3-j120-30-01_c23.xml.lzma,timeout_incumbent,COMPLETED,0:0,00:30:05,incumbent_interrupted_by_signal,logs/cop165-cumulative-20260527-2ccb88e9-q10672/slurm-logs/xcsp-parse-cop-cumulative-165-log-scop-cumexact-timerd-20260526-2ccb88e9-q10672-19875381-30.out,logs/cop165-cumulative-20260527-2ccb88e9-q10672/slurm-logs/xcsp-parse-cop-cumulative-165-log-scop-cumexact-timerd-20260526-2ccb88e9-q10672-19875381-30.err,timeout_incumbent,COMPLETED,0:0,00:30:03,incumbent_interrupted_by_signal,logs/cop165-cumulative-20260527-2ccb88e9-q10672/slurm-logs/xcsp-parse-cop-cumulative-165-log-scop-cumexact-taskrd-20260526-2ccb88e9-q10672-19875382-30.out,logs/cop165-cumulative-20260527-2ccb88e9-q10672/slurm-logs/xcsp-parse-cop-cumulative-165-log-scop-cumexact-taskrd-20260526-2ccb88e9-q10672-19875382-30.err,timeout_incumbent,COMPLETED,0:0,00:30:03,incumbent_interrupted_by_signal,logs/cop165-cumulative-20260527-2ccb88e9-q10672/slurm-logs/xcsp-parse-cop-cumulative-165-log-scop-cumext-boundprop-20260526-2ccb88e9-q10672-19875383-30.out,logs/cop165-cumulative-20260527-2ccb88e9-q10672/slurm-logs/xcsp-parse-cop-cumulative-165-log-scop-cumext-boundprop-20260526-2ccb88e9-q10672-19875383-30.err,timeout_incumbent,COMPLETED,0:0,00:30:05,incumbent_interrupted_by_signal,logs/cop165-cumulative-20260527-2ccb88e9-q10672/slurm-logs/xcsp-parse-cop-cumulative-165-order-ge-cumexact-timerd-20260526-2ccb88e9-q10672-19875378-30.out,logs/cop165-cumulative-20260527-2ccb88e9-q10672/slurm-logs/xcsp-parse-cop-cumulative-165-order-ge-cumexact-timerd-20260526-2ccb88e9-q10672-19875378-30.err,sat_no_proof,COMPLETED,0:0,00:00:22,best incumbent shown; objective improvement search stopped before optimality proof: eager incremental objective cut could not be encoded,logs/cop165-cumulative-20260527-2ccb88e9-q10672/slurm-logs/xcsp-parse-cop-cumulative-165-order-ge-cumexact-taskrd-20260526-2ccb88e9-q10672-19875379-30.out,logs/cop165-cumulative-20260527-2ccb88e9-q10672/slurm-logs/xcsp-parse-cop-cumulative-165-order-ge-cumexact-taskrd-20260526-2ccb88e9-q10672-19875379-30.err,timeout_incumbent,COMPLETED,0:0,00:30:04,incumbent_interrupted_by_signal,logs/cop165-cumulative-20260527-2ccb88e9-q10672/slurm-logs/xcsp-parse-cop-cumulative-165-order-ge-cumext-boundprop-20260526-2ccb88e9-q10672-19875380-30.out,logs/cop165-cumulative-20260527-2ccb88e9-q10672/slurm-logs/xcsp-parse-cop-cumulative-165-order-ge-cumext-boundprop-20260526-2ccb88e9-q10672-19875380-30.err
31,RIP-25-2-j120-20-01_c23.xml.lzma,COP22to25/RIP-25-2-j120-20-01_c23.xml.lzma,timeout_incumbent,COMPLETED,0:0,00:30:04,incumbent_interrupted_by_signal,logs/cop165-cumulative-20260527-2ccb88e9-q10672/slurm-logs/xcsp-parse-cop-cumulative-165-log-scop-cumexact-timerd-20260526-2ccb88e9-q10672-19875381-31.out,logs/cop165-cumulative-20260527-2ccb88e9-q10672/slurm-logs/xcsp-parse-cop-cumulative-165-log-scop-cumexact-timerd-20260526-2ccb88e9-q10672-19875381-31.err,timeout_incumbent,COMPLETED,0:0,00:30:04,incumbent_interrupted_by_signal,logs/cop165-cumulative-20260527-2ccb88e9-q10672/slurm-logs/xcsp-parse-cop-cumulative-165-log-scop-cumexact-taskrd-20260526-2ccb88e9-q10672-19875382-31.out,logs/cop165-cumulative-20260527-2ccb88e9-q10672/slurm-logs/xcsp-parse-cop-cumulative-165-log-scop-cumexact-taskrd-20260526-2ccb88e9-q10672-19875382-31.err,timeout_incumbent,COMPLETED,0:0,00:30:04,incumbent_interrupted_by_signal,logs/cop165-cumulative-20260527-2ccb88e9-q10672/slurm-logs/xcsp-parse-cop-cumulative-165-log-scop-cumext-boundprop-20260526-2ccb88e9-q10672-19875383-31.out,logs/cop165-cumulative-20260527-2ccb88e9-q10672/slurm-logs/xcsp-parse-cop-cumulative-165-log-scop-cumext-boundprop-20260526-2ccb88e9-q10672-19875383-31.err,sat_no_proof,COMPLETED,0:0,00:00:26,best incumbent shown; objective improvement search stopped before optimality proof: eager incremental objective cut could not be encoded,logs/cop165-cumulative-20260527-2ccb88e9-q10672/slurm-logs/xcsp-parse-cop-cumulative-165-order-ge-cumexact-timerd-20260526-2ccb88e9-q10672-19875378-31.out,logs/cop165-cumulative-20260527-2ccb88e9-q10672/slurm-logs/xcsp-parse-cop-cumulative-165-order-ge-cumexact-timerd-20260526-2ccb88e9-q10672-19875378-31.err,sat_no_proof,COMPLETED,0:0,00:01:00,best incumbent shown; objective improvement search stopped before optimality proof: eager incremental objective cut could not be encoded,logs/cop165-cumulative-20260527-2ccb88e9-q10672/slurm-logs/xcsp-parse-cop-cumulative-165-order-ge-cumexact-taskrd-20260526-2ccb88e9-q10672-19875379-31.out,logs/cop165-cumulative-20260527-2ccb88e9-q10672/slurm-logs/xcsp-parse-cop-cumulative-165-order-ge-cumexact-taskrd-20260526-2ccb88e9-q10672-19875379-31.err,timeout_incumbent,COMPLETED,0:0,00:30:04,incumbent_interrupted_by_signal,logs/cop165-cumulative-20260527-2ccb88e9-q10672/slurm-logs/xcsp-parse-cop-cumulative-165-order-ge-cumext-boundprop-20260526-2ccb88e9-q10672-19875380-31.out,logs/cop165-cumulative-20260527-2ccb88e9-q10672/slurm-logs/xcsp-parse-cop-cumulative-165-order-ge-cumext-boundprop-20260526-2ccb88e9-q10672-19875380-31.err
32,TestScheduling-t030m10r03-1_c24.xml.lzma,COP22to25/TestScheduling-t030m10r03-1_c24.xml.lzma,optimum,COMPLETED,0:0,00:16:25,,logs/cop165-cumulative-20260527-2ccb88e9-q10672/slurm-logs/xcsp-parse-cop-cumulative-165-log-scop-cumexact-timerd-20260526-2ccb88e9-q10672-19875381-32.out,logs/cop165-cumulative-20260527-2ccb88e9-q10672/slurm-logs/xcsp-parse-cop-cumulative-165-log-scop-cumexact-timerd-20260526-2ccb88e9-q10672-19875381-32.err,optimum,COMPLETED,0:0,00:00:49,,logs/cop165-cumulative-20260527-2ccb88e9-q10672/slurm-logs/xcsp-parse-cop-cumulative-165-log-scop-cumexact-taskrd-20260526-2ccb88e9-q10672-19875382-32.out,logs/cop165-cumulative-20260527-2ccb88e9-q10672/slurm-logs/xcsp-parse-cop-cumulative-165-log-scop-cumexact-taskrd-20260526-2ccb88e9-q10672-19875382-32.err,optimum,COMPLETED,0:0,00:00:26,,logs/cop165-cumulative-20260527-2ccb88e9-q10672/slurm-logs/xcsp-parse-cop-cumulative-165-log-scop-cumext-boundprop-20260526-2ccb88e9-q10672-19875383-32.out,logs/cop165-cumulative-20260527-2ccb88e9-q10672/slurm-logs/xcsp-parse-cop-cumulative-165-log-scop-cumext-boundprop-20260526-2ccb88e9-q10672-19875383-32.err,sat_no_proof,COMPLETED,0:0,00:12:09,best incumbent shown; objective improvement search stopped before optimality proof: eager incremental objective cut could not be encoded,logs/cop165-cumulative-20260527-2ccb88e9-q10672/slurm-logs/xcsp-parse-cop-cumulative-165-order-ge-cumexact-timerd-20260526-2ccb88e9-q10672-19875378-32.out,logs/cop165-cumulative-20260527-2ccb88e9-q10672/slurm-logs/xcsp-parse-cop-cumulative-165-order-ge-cumexact-timerd-20260526-2ccb88e9-q10672-19875378-32.err,timeout_incumbent,COMPLETED,0:0,00:30:04,incumbent_interrupted_by_signal,logs/cop165-cumulative-20260527-2ccb88e9-q10672/slurm-logs/xcsp-parse-cop-cumulative-165-order-ge-cumexact-taskrd-20260526-2ccb88e9-q10672-19875379-32.out,logs/cop165-cumulative-20260527-2ccb88e9-q10672/slurm-logs/xcsp-parse-cop-cumulative-165-order-ge-cumexact-taskrd-20260526-2ccb88e9-q10672-19875379-32.err,timeout_incumbent,COMPLETED,0:0,00:30:05,incumbent_interrupted_by_signal,logs/cop165-cumulative-20260527-2ccb88e9-q10672/slurm-logs/xcsp-parse-cop-cumulative-165-order-ge-cumext-boundprop-20260526-2ccb88e9-q10672-19875380-32.out,logs/cop165-cumulative-20260527-2ccb88e9-q10672/slurm-logs/xcsp-parse-cop-cumulative-165-order-ge-cumext-boundprop-20260526-2ccb88e9-q10672-19875380-32.err
33,CarpetCutting-test03_c23.xml.lzma,COP22to25/CarpetCutting-test03_c23.xml.lzma,optimum,COMPLETED,0:0,00:23:36,,logs/cop165-cumulative-20260527-2ccb88e9-q10672/slurm-logs/xcsp-parse-cop-cumulative-165-log-scop-cumexact-timerd-20260526-2ccb88e9-q10672-19875381-33.out,logs/cop165-cumulative-20260527-2ccb88e9-q10672/slurm-logs/xcsp-parse-cop-cumulative-165-log-scop-cumexact-timerd-20260526-2ccb88e9-q10672-19875381-33.err,optimum,COMPLETED,0:0,00:00:30,,logs/cop165-cumulative-20260527-2ccb88e9-q10672/slurm-logs/xcsp-parse-cop-cumulative-165-log-scop-cumexact-taskrd-20260526-2ccb88e9-q10672-19875382-33.out,logs/cop165-cumulative-20260527-2ccb88e9-q10672/slurm-logs/xcsp-parse-cop-cumulative-165-log-scop-cumexact-taskrd-20260526-2ccb88e9-q10672-19875382-33.err,optimum,COMPLETED,0:0,00:00:12,,logs/cop165-cumulative-20260527-2ccb88e9-q10672/slurm-logs/xcsp-parse-cop-cumulative-165-log-scop-cumext-boundprop-20260526-2ccb88e9-q10672-19875383-33.out,logs/cop165-cumulative-20260527-2ccb88e9-q10672/slurm-logs/xcsp-parse-cop-cumulative-165-log-scop-cumext-boundprop-20260526-2ccb88e9-q10672-19875383-33.err,out_of_memory,OUT_OF_MEMORY,0:125,00:05:17,slurmstepd: error: Detected 1 oom-kill event(s) in StepId=19875451.batch. Some of your processes may have been killed by the cgroup out-of-memory handler.,logs/cop165-cumulative-20260527-2ccb88e9-q10672/slurm-logs/xcsp-parse-cop-cumulative-165-order-ge-cumexact-timerd-20260526-2ccb88e9-q10672-19875378-33.out,logs/cop165-cumulative-20260527-2ccb88e9-q10672/slurm-logs/xcsp-parse-cop-cumulative-165-order-ge-cumexact-timerd-20260526-2ccb88e9-q10672-19875378-33.err,out_of_memory,OUT_OF_MEMORY,0:125,00:06:37,slurmstepd: error: Detected 1 oom-kill event(s) in StepId=19877623.batch. Some of your processes may have been killed by the cgroup out-of-memory handler.,logs/cop165-cumulative-20260527-2ccb88e9-q10672/slurm-logs/xcsp-parse-cop-cumulative-165-order-ge-cumexact-taskrd-20260526-2ccb88e9-q10672-19875379-33.out,logs/cop165-cumulative-20260527-2ccb88e9-q10672/slurm-logs/xcsp-parse-cop-cumulative-165-order-ge-cumexact-taskrd-20260526-2ccb88e9-q10672-19875379-33.err,optimum,COMPLETED,0:0,00:00:50,,logs/cop165-cumulative-20260527-2ccb88e9-q10672/slurm-logs/xcsp-parse-cop-cumulative-165-order-ge-cumext-boundprop-20260526-2ccb88e9-q10672-19875380-33.out,logs/cop165-cumulative-20260527-2ccb88e9-q10672/slurm-logs/xcsp-parse-cop-cumulative-165-order-ge-cumext-boundprop-20260526-2ccb88e9-q10672-19875380-33.err
34,TestScheduling-t030m10r10-1_c24.xml.lzma,COP22to25/TestScheduling-t030m10r10-1_c24.xml.lzma,optimum,COMPLETED,0:0,00:15:47,,logs/cop165-cumulative-20260527-2ccb88e9-q10672/slurm-logs/xcsp-parse-cop-cumulative-165-log-scop-cumexact-timerd-20260526-2ccb88e9-q10672-19875381-34.out,logs/cop165-cumulative-20260527-2ccb88e9-q10672/slurm-logs/xcsp-parse-cop-cumulative-165-log-scop-cumexact-timerd-20260526-2ccb88e9-q10672-19875381-34.err,optimum,COMPLETED,0:0,00:00:33,,logs/cop165-cumulative-20260527-2ccb88e9-q10672/slurm-logs/xcsp-parse-cop-cumulative-165-log-scop-cumexact-taskrd-20260526-2ccb88e9-q10672-19875382-34.out,logs/cop165-cumulative-20260527-2ccb88e9-q10672/slurm-logs/xcsp-parse-cop-cumulative-165-log-scop-cumexact-taskrd-20260526-2ccb88e9-q10672-19875382-34.err,optimum,COMPLETED,0:0,00:00:24,,logs/cop165-cumulative-20260527-2ccb88e9-q10672/slurm-logs/xcsp-parse-cop-cumulative-165-log-scop-cumext-boundprop-20260526-2ccb88e9-q10672-19875383-34.out,logs/cop165-cumulative-20260527-2ccb88e9-q10672/slurm-logs/xcsp-parse-cop-cumulative-165-log-scop-cumext-boundprop-20260526-2ccb88e9-q10672-19875383-34.err,sat_no_proof,COMPLETED,0:0,00:13:13,best incumbent shown; objective improvement search stopped before optimality proof: eager incremental objective cut could not be encoded,logs/cop165-cumulative-20260527-2ccb88e9-q10672/slurm-logs/xcsp-parse-cop-cumulative-165-order-ge-cumexact-timerd-20260526-2ccb88e9-q10672-19875378-34.out,logs/cop165-cumulative-20260527-2ccb88e9-q10672/slurm-logs/xcsp-parse-cop-cumulative-165-order-ge-cumexact-timerd-20260526-2ccb88e9-q10672-19875378-34.err,timeout_incumbent,COMPLETED,0:0,00:30:04,incumbent_interrupted_by_signal,logs/cop165-cumulative-20260527-2ccb88e9-q10672/slurm-logs/xcsp-parse-cop-cumulative-165-order-ge-cumexact-taskrd-20260526-2ccb88e9-q10672-19875379-34.out,logs/cop165-cumulative-20260527-2ccb88e9-q10672/slurm-logs/xcsp-parse-cop-cumulative-165-order-ge-cumexact-taskrd-20260526-2ccb88e9-q10672-19875379-34.err,timeout_incumbent,COMPLETED,0:0,00:30:05,incumbent_interrupted_by_signal,logs/cop165-cumulative-20260527-2ccb88e9-q10672/slurm-logs/xcsp-parse-cop-cumulative-165-order-ge-cumext-boundprop-20260526-2ccb88e9-q10672-19875380-34.out,logs/cop165-cumulative-20260527-2ccb88e9-q10672/slurm-logs/xcsp-parse-cop-cumulative-165-order-ge-cumext-boundprop-20260526-2ccb88e9-q10672-19875380-34.err
35,TestScheduling-t030m20r05-1_c24.xml.lzma,COP22to25/TestScheduling-t030m20r05-1_c24.xml.lzma,timeout_incumbent,COMPLETED,0:0,00:30:03,incumbent_interrupted_by_signal,logs/cop165-cumulative-20260527-2ccb88e9-q10672/slurm-logs/xcsp-parse-cop-cumulative-165-log-scop-cumexact-timerd-20260526-2ccb88e9-q10672-19875381-35.out,logs/cop165-cumulative-20260527-2ccb88e9-q10672/slurm-logs/xcsp-parse-cop-cumulative-165-log-scop-cumexact-timerd-20260526-2ccb88e9-q10672-19875381-35.err,optimum,COMPLETED,0:0,00:05:39,,logs/cop165-cumulative-20260527-2ccb88e9-q10672/slurm-logs/xcsp-parse-cop-cumulative-165-log-scop-cumexact-taskrd-20260526-2ccb88e9-q10672-19875382-35.out,logs/cop165-cumulative-20260527-2ccb88e9-q10672/slurm-logs/xcsp-parse-cop-cumulative-165-log-scop-cumexact-taskrd-20260526-2ccb88e9-q10672-19875382-35.err,optimum,COMPLETED,0:0,00:04:53,,logs/cop165-cumulative-20260527-2ccb88e9-q10672/slurm-logs/xcsp-parse-cop-cumulative-165-log-scop-cumext-boundprop-20260526-2ccb88e9-q10672-19875383-35.out,logs/cop165-cumulative-20260527-2ccb88e9-q10672/slurm-logs/xcsp-parse-cop-cumulative-165-log-scop-cumext-boundprop-20260526-2ccb88e9-q10672-19875383-35.err,sat_no_proof,COMPLETED,0:0,00:13:41,best incumbent shown; objective improvement search stopped before optimality proof: eager incremental objective cut could not be encoded,logs/cop165-cumulative-20260527-2ccb88e9-q10672/slurm-logs/xcsp-parse-cop-cumulative-165-order-ge-cumexact-timerd-20260526-2ccb88e9-q10672-19875378-35.out,logs/cop165-cumulative-20260527-2ccb88e9-q10672/slurm-logs/xcsp-parse-cop-cumulative-165-order-ge-cumexact-timerd-20260526-2ccb88e9-q10672-19875378-35.err,timeout_incumbent,COMPLETED,0:0,00:30:05,incumbent_interrupted_by_signal,logs/cop165-cumulative-20260527-2ccb88e9-q10672/slurm-logs/xcsp-parse-cop-cumulative-165-order-ge-cumexact-taskrd-20260526-2ccb88e9-q10672-19875379-35.out,logs/cop165-cumulative-20260527-2ccb88e9-q10672/slurm-logs/xcsp-parse-cop-cumulative-165-order-ge-cumexact-taskrd-20260526-2ccb88e9-q10672-19875379-35.err,timeout_incumbent,COMPLETED,0:0,00:30:05,incumbent_interrupted_by_signal,logs/cop165-cumulative-20260527-2ccb88e9-q10672/slurm-logs/xcsp-parse-cop-cumulative-165-order-ge-cumext-boundprop-20260526-2ccb88e9-q10672-19875380-35.out,logs/cop165-cumulative-20260527-2ccb88e9-q10672/slurm-logs/xcsp-parse-cop-cumulative-165-order-ge-cumext-boundprop-20260526-2ccb88e9-q10672-19875380-35.err
36,Cargo-24_c24.xml.lzma,COP22to25/Cargo-24_c24.xml.lzma,optimum,COMPLETED,0:0,00:09:11,,logs/cop165-cumulative-20260527-2ccb88e9-q10672/slurm-logs/xcsp-parse-cop-cumulative-165-log-scop-cumexact-timerd-20260526-2ccb88e9-q10672-19875381-36.out,logs/cop165-cumulative-20260527-2ccb88e9-q10672/slurm-logs/xcsp-parse-cop-cumulative-165-log-scop-cumexact-timerd-20260526-2ccb88e9-q10672-19875381-36.err,optimum,COMPLETED,0:0,00:01:48,,logs/cop165-cumulative-20260527-2ccb88e9-q10672/slurm-logs/xcsp-parse-cop-cumulative-165-log-scop-cumexact-taskrd-20260526-2ccb88e9-q10672-19875382-36.out,logs/cop165-cumulative-20260527-2ccb88e9-q10672/slurm-logs/xcsp-parse-cop-cumulative-165-log-scop-cumexact-taskrd-20260526-2ccb88e9-q10672-19875382-36.err,optimum,COMPLETED,0:0,00:02:20,,logs/cop165-cumulative-20260527-2ccb88e9-q10672/slurm-logs/xcsp-parse-cop-cumulative-165-log-scop-cumext-boundprop-20260526-2ccb88e9-q10672-19875383-36.out,logs/cop165-cumulative-20260527-2ccb88e9-q10672/slurm-logs/xcsp-parse-cop-cumulative-165-log-scop-cumext-boundprop-20260526-2ccb88e9-q10672-19875383-36.err,sat_no_proof,COMPLETED,0:0,00:02:57,best incumbent shown; objective improvement search stopped before optimality proof: eager incremental objective cut could not be encoded,logs/cop165-cumulative-20260527-2ccb88e9-q10672/slurm-logs/xcsp-parse-cop-cumulative-165-order-ge-cumexact-timerd-20260526-2ccb88e9-q10672-19875378-36.out,logs/cop165-cumulative-20260527-2ccb88e9-q10672/slurm-logs/xcsp-parse-cop-cumulative-165-order-ge-cumexact-timerd-20260526-2ccb88e9-q10672-19875378-36.err,sat_no_proof,COMPLETED,0:0,00:01:01,best incumbent shown; objective improvement search stopped before optimality proof: eager incremental objective cut could not be encoded,logs/cop165-cumulative-20260527-2ccb88e9-q10672/slurm-logs/xcsp-parse-cop-cumulative-165-order-ge-cumexact-taskrd-20260526-2ccb88e9-q10672-19875379-36.out,logs/cop165-cumulative-20260527-2ccb88e9-q10672/slurm-logs/xcsp-parse-cop-cumulative-165-order-ge-cumexact-taskrd-20260526-2ccb88e9-q10672-19875379-36.err,sat_no_proof,COMPLETED,0:0,00:18:07,best incumbent shown; objective improvement search stopped before optimality proof: eager incremental objective cut could not be encoded,logs/cop165-cumulative-20260527-2ccb88e9-q10672/slurm-logs/xcsp-parse-cop-cumulative-165-order-ge-cumext-boundprop-20260526-2ccb88e9-q10672-19875380-36.out,logs/cop165-cumulative-20260527-2ccb88e9-q10672/slurm-logs/xcsp-parse-cop-cumulative-165-order-ge-cumext-boundprop-20260526-2ccb88e9-q10672-19875380-36.err
37,TestScheduling-t030m10r05-1_c24.xml.lzma,COP22to25/TestScheduling-t030m10r05-1_c24.xml.lzma,optimum,COMPLETED,0:0,00:06:52,,logs/cop165-cumulative-20260527-2ccb88e9-q10672/slurm-logs/xcsp-parse-cop-cumulative-165-log-scop-cumexact-timerd-20260526-2ccb88e9-q10672-19875381-37.out,logs/cop165-cumulative-20260527-2ccb88e9-q10672/slurm-logs/xcsp-parse-cop-cumulative-165-log-scop-cumexact-timerd-20260526-2ccb88e9-q10672-19875381-37.err,optimum,COMPLETED,0:0,00:00:21,,logs/cop165-cumulative-20260527-2ccb88e9-q10672/slurm-logs/xcsp-parse-cop-cumulative-165-log-scop-cumexact-taskrd-20260526-2ccb88e9-q10672-19875382-37.out,logs/cop165-cumulative-20260527-2ccb88e9-q10672/slurm-logs/xcsp-parse-cop-cumulative-165-log-scop-cumexact-taskrd-20260526-2ccb88e9-q10672-19875382-37.err,optimum,COMPLETED,0:0,00:00:12,,logs/cop165-cumulative-20260527-2ccb88e9-q10672/slurm-logs/xcsp-parse-cop-cumulative-165-log-scop-cumext-boundprop-20260526-2ccb88e9-q10672-19875383-37.out,logs/cop165-cumulative-20260527-2ccb88e9-q10672/slurm-logs/xcsp-parse-cop-cumulative-165-log-scop-cumext-boundprop-20260526-2ccb88e9-q10672-19875383-37.err,sat_no_proof,COMPLETED,0:0,00:10:43,best incumbent shown; objective improvement search stopped before optimality proof: eager incremental objective cut could not be encoded,logs/cop165-cumulative-20260527-2ccb88e9-q10672/slurm-logs/xcsp-parse-cop-cumulative-165-order-ge-cumexact-timerd-20260526-2ccb88e9-q10672-19875378-37.out,logs/cop165-cumulative-20260527-2ccb88e9-q10672/slurm-logs/xcsp-parse-cop-cumulative-165-order-ge-cumexact-timerd-20260526-2ccb88e9-q10672-19875378-37.err,timeout_incumbent,COMPLETED,0:0,00:30:03,incumbent_interrupted_by_signal,logs/cop165-cumulative-20260527-2ccb88e9-q10672/slurm-logs/xcsp-parse-cop-cumulative-165-order-ge-cumexact-taskrd-20260526-2ccb88e9-q10672-19875379-37.out,logs/cop165-cumulative-20260527-2ccb88e9-q10672/slurm-logs/xcsp-parse-cop-cumulative-165-order-ge-cumexact-taskrd-20260526-2ccb88e9-q10672-19875379-37.err,timeout_incumbent,COMPLETED,0:0,00:30:04,incumbent_interrupted_by_signal,logs/cop165-cumulative-20260527-2ccb88e9-q10672/slurm-logs/xcsp-parse-cop-cumulative-165-order-ge-cumext-boundprop-20260526-2ccb88e9-q10672-19875380-37.out,logs/cop165-cumulative-20260527-2ccb88e9-q10672/slurm-logs/xcsp-parse-cop-cumulative-165-order-ge-cumext-boundprop-20260526-2ccb88e9-q10672-19875380-37.err
38,Cargo-01-0s-1913_c24.xml.lzma,COP22to25/Cargo-01-0s-1913_c24.xml.lzma,optimum,COMPLETED,0:0,00:18:31,,logs/cop165-cumulative-20260527-2ccb88e9-q10672/slurm-logs/xcsp-parse-cop-cumulative-165-log-scop-cumexact-timerd-20260526-2ccb88e9-q10672-19875381-38.out,logs/cop165-cumulative-20260527-2ccb88e9-q10672/slurm-logs/xcsp-parse-cop-cumulative-165-log-scop-cumexact-timerd-20260526-2ccb88e9-q10672-19875381-38.err,optimum,COMPLETED,0:0,00:05:34,,logs/cop165-cumulative-20260527-2ccb88e9-q10672/slurm-logs/xcsp-parse-cop-cumulative-165-log-scop-cumexact-taskrd-20260526-2ccb88e9-q10672-19875382-38.out,logs/cop165-cumulative-20260527-2ccb88e9-q10672/slurm-logs/xcsp-parse-cop-cumulative-165-log-scop-cumexact-taskrd-20260526-2ccb88e9-q10672-19875382-38.err,optimum,COMPLETED,0:0,00:06:05,,logs/cop165-cumulative-20260527-2ccb88e9-q10672/slurm-logs/xcsp-parse-cop-cumulative-165-log-scop-cumext-boundprop-20260526-2ccb88e9-q10672-19875383-38.out,logs/cop165-cumulative-20260527-2ccb88e9-q10672/slurm-logs/xcsp-parse-cop-cumulative-165-log-scop-cumext-boundprop-20260526-2ccb88e9-q10672-19875383-38.err,sat_no_proof,COMPLETED,0:0,00:04:54,best incumbent shown; objective improvement search stopped before optimality proof: eager incremental objective cut could not be encoded,logs/cop165-cumulative-20260527-2ccb88e9-q10672/slurm-logs/xcsp-parse-cop-cumulative-165-order-ge-cumexact-timerd-20260526-2ccb88e9-q10672-19875378-38.out,logs/cop165-cumulative-20260527-2ccb88e9-q10672/slurm-logs/xcsp-parse-cop-cumulative-165-order-ge-cumexact-timerd-20260526-2ccb88e9-q10672-19875378-38.err,sat_no_proof,COMPLETED,0:0,00:01:26,best incumbent shown; objective improvement search stopped before optimality proof: eager incremental objective cut could not be encoded,logs/cop165-cumulative-20260527-2ccb88e9-q10672/slurm-logs/xcsp-parse-cop-cumulative-165-order-ge-cumexact-taskrd-20260526-2ccb88e9-q10672-19875379-38.out,logs/cop165-cumulative-20260527-2ccb88e9-q10672/slurm-logs/xcsp-parse-cop-cumulative-165-order-ge-cumexact-taskrd-20260526-2ccb88e9-q10672-19875379-38.err,sat_no_proof,COMPLETED,0:0,00:10:03,best incumbent shown; objective improvement search stopped before optimality proof: eager incremental objective cut could not be encoded,logs/cop165-cumulative-20260527-2ccb88e9-q10672/slurm-logs/xcsp-parse-cop-cumulative-165-order-ge-cumext-boundprop-20260526-2ccb88e9-q10672-19875380-38.out,logs/cop165-cumulative-20260527-2ccb88e9-q10672/slurm-logs/xcsp-parse-cop-cumulative-165-order-ge-cumext-boundprop-20260526-2ccb88e9-q10672-19875380-38.err
39,Cargo-04-1s-626_c24.xml.lzma,COP22to25/Cargo-04-1s-626_c24.xml.lzma,optimum,COMPLETED,0:0,00:17:30,,logs/cop165-cumulative-20260527-2ccb88e9-q10672/slurm-logs/xcsp-parse-cop-cumulative-165-log-scop-cumexact-timerd-20260526-2ccb88e9-q10672-19875381-39.out,logs/cop165-cumulative-20260527-2ccb88e9-q10672/slurm-logs/xcsp-parse-cop-cumulative-165-log-scop-cumexact-timerd-20260526-2ccb88e9-q10672-19875381-39.err,optimum,COMPLETED,0:0,00:08:07,,logs/cop165-cumulative-20260527-2ccb88e9-q10672/slurm-logs/xcsp-parse-cop-cumulative-165-log-scop-cumexact-taskrd-20260526-2ccb88e9-q10672-19875382-39.out,logs/cop165-cumulative-20260527-2ccb88e9-q10672/slurm-logs/xcsp-parse-cop-cumulative-165-log-scop-cumexact-taskrd-20260526-2ccb88e9-q10672-19875382-39.err,optimum,COMPLETED,0:0,00:10:31,,logs/cop165-cumulative-20260527-2ccb88e9-q10672/slurm-logs/xcsp-parse-cop-cumulative-165-log-scop-cumext-boundprop-20260526-2ccb88e9-q10672-19875383-39.out,logs/cop165-cumulative-20260527-2ccb88e9-q10672/slurm-logs/xcsp-parse-cop-cumulative-165-log-scop-cumext-boundprop-20260526-2ccb88e9-q10672-19875383-39.err,sat_no_proof,COMPLETED,0:0,00:05:02,best incumbent shown; objective improvement search stopped before optimality proof: eager incremental objective cut could not be encoded,logs/cop165-cumulative-20260527-2ccb88e9-q10672/slurm-logs/xcsp-parse-cop-cumulative-165-order-ge-cumexact-timerd-20260526-2ccb88e9-q10672-19875378-39.out,logs/cop165-cumulative-20260527-2ccb88e9-q10672/slurm-logs/xcsp-parse-cop-cumulative-165-order-ge-cumexact-timerd-20260526-2ccb88e9-q10672-19875378-39.err,sat_no_proof,COMPLETED,0:0,00:02:40,best incumbent shown; objective improvement search stopped before optimality proof: eager incremental objective cut could not be encoded,logs/cop165-cumulative-20260527-2ccb88e9-q10672/slurm-logs/xcsp-parse-cop-cumulative-165-order-ge-cumexact-taskrd-20260526-2ccb88e9-q10672-19875379-39.out,logs/cop165-cumulative-20260527-2ccb88e9-q10672/slurm-logs/xcsp-parse-cop-cumulative-165-order-ge-cumexact-taskrd-20260526-2ccb88e9-q10672-19875379-39.err,sat_no_proof,COMPLETED,0:0,00:03:06,best incumbent shown; objective improvement search stopped before optimality proof: eager incremental objective cut could not be encoded,logs/cop165-cumulative-20260527-2ccb88e9-q10672/slurm-logs/xcsp-parse-cop-cumulative-165-order-ge-cumext-boundprop-20260526-2ccb88e9-q10672-19875380-39.out,logs/cop165-cumulative-20260527-2ccb88e9-q10672/slurm-logs/xcsp-parse-cop-cumulative-165-order-ge-cumext-boundprop-20260526-2ccb88e9-q10672-19875380-39.err
40,Cargo-22_c24.xml.lzma,COP22to25/Cargo-22_c24.xml.lzma,optimum,COMPLETED,0:0,00:13:50,,logs/cop165-cumulative-20260527-2ccb88e9-q10672/slurm-logs/xcsp-parse-cop-cumulative-165-log-scop-cumexact-timerd-20260526-2ccb88e9-q10672-19875381-40.out,logs/cop165-cumulative-20260527-2ccb88e9-q10672/slurm-logs/xcsp-parse-cop-cumulative-165-log-scop-cumexact-timerd-20260526-2ccb88e9-q10672-19875381-40.err,optimum,COMPLETED,0:0,00:10:17,,logs/cop165-cumulative-20260527-2ccb88e9-q10672/slurm-logs/xcsp-parse-cop-cumulative-165-log-scop-cumexact-taskrd-20260526-2ccb88e9-q10672-19875382-40.out,logs/cop165-cumulative-20260527-2ccb88e9-q10672/slurm-logs/xcsp-parse-cop-cumulative-165-log-scop-cumexact-taskrd-20260526-2ccb88e9-q10672-19875382-40.err,timeout_unknown,COMPLETED,0:0,00:30:06,terminated_by_signal,logs/cop165-cumulative-20260527-2ccb88e9-q10672/slurm-logs/xcsp-parse-cop-cumulative-165-log-scop-cumext-boundprop-20260526-2ccb88e9-q10672-19875383-40.out,logs/cop165-cumulative-20260527-2ccb88e9-q10672/slurm-logs/xcsp-parse-cop-cumulative-165-log-scop-cumext-boundprop-20260526-2ccb88e9-q10672-19875383-40.err,sat_no_proof,COMPLETED,0:0,00:04:07,best incumbent shown; objective improvement search stopped before optimality proof: eager incremental objective cut could not be encoded,logs/cop165-cumulative-20260527-2ccb88e9-q10672/slurm-logs/xcsp-parse-cop-cumulative-165-order-ge-cumexact-timerd-20260526-2ccb88e9-q10672-19875378-40.out,logs/cop165-cumulative-20260527-2ccb88e9-q10672/slurm-logs/xcsp-parse-cop-cumulative-165-order-ge-cumexact-timerd-20260526-2ccb88e9-q10672-19875378-40.err,sat_no_proof,COMPLETED,0:0,00:02:15,best incumbent shown; objective improvement search stopped before optimality proof: eager incremental objective cut could not be encoded,logs/cop165-cumulative-20260527-2ccb88e9-q10672/slurm-logs/xcsp-parse-cop-cumulative-165-order-ge-cumexact-taskrd-20260526-2ccb88e9-q10672-19875379-40.out,logs/cop165-cumulative-20260527-2ccb88e9-q10672/slurm-logs/xcsp-parse-cop-cumulative-165-order-ge-cumexact-taskrd-20260526-2ccb88e9-q10672-19875379-40.err,sat_no_proof,COMPLETED,0:0,00:01:58,best incumbent shown; objective improvement search stopped before optimality proof: eager incremental objective cut could not be encoded,logs/cop165-cumulative-20260527-2ccb88e9-q10672/slurm-logs/xcsp-parse-cop-cumulative-165-order-ge-cumext-boundprop-20260526-2ccb88e9-q10672-19875380-40.out,logs/cop165-cumulative-20260527-2ccb88e9-q10672/slurm-logs/xcsp-parse-cop-cumulative-165-order-ge-cumext-boundprop-20260526-2ccb88e9-q10672-19875380-40.err
41,Cargo-02-0s-1139_c24.xml.lzma,COP22to25/Cargo-02-0s-1139_c24.xml.lzma,optimum,COMPLETED,0:0,00:18:48,,logs/cop165-cumulative-20260527-2ccb88e9-q10672/slurm-logs/xcsp-parse-cop-cumulative-165-log-scop-cumexact-timerd-20260526-2ccb88e9-q10672-19875381-41.out,logs/cop165-cumulative-20260527-2ccb88e9-q10672/slurm-logs/xcsp-parse-cop-cumulative-165-log-scop-cumexact-timerd-20260526-2ccb88e9-q10672-19875381-41.err,optimum,COMPLETED,0:0,00:04:34,,logs/cop165-cumulative-20260527-2ccb88e9-q10672/slurm-logs/xcsp-parse-cop-cumulative-165-log-scop-cumexact-taskrd-20260526-2ccb88e9-q10672-19875382-41.out,logs/cop165-cumulative-20260527-2ccb88e9-q10672/slurm-logs/xcsp-parse-cop-cumulative-165-log-scop-cumexact-taskrd-20260526-2ccb88e9-q10672-19875382-41.err,optimum,COMPLETED,0:0,00:19:42,,logs/cop165-cumulative-20260527-2ccb88e9-q10672/slurm-logs/xcsp-parse-cop-cumulative-165-log-scop-cumext-boundprop-20260526-2ccb88e9-q10672-19875383-41.out,logs/cop165-cumulative-20260527-2ccb88e9-q10672/slurm-logs/xcsp-parse-cop-cumulative-165-log-scop-cumext-boundprop-20260526-2ccb88e9-q10672-19875383-41.err,sat_no_proof,COMPLETED,0:0,00:04:33,best incumbent shown; objective improvement search stopped before optimality proof: eager incremental objective cut could not be encoded,logs/cop165-cumulative-20260527-2ccb88e9-q10672/slurm-logs/xcsp-parse-cop-cumulative-165-order-ge-cumexact-timerd-20260526-2ccb88e9-q10672-19875378-41.out,logs/cop165-cumulative-20260527-2ccb88e9-q10672/slurm-logs/xcsp-parse-cop-cumulative-165-order-ge-cumexact-timerd-20260526-2ccb88e9-q10672-19875378-41.err,sat_no_proof,COMPLETED,0:0,00:01:24,best incumbent shown; objective improvement search stopped before optimality proof: eager incremental objective cut could not be encoded,logs/cop165-cumulative-20260527-2ccb88e9-q10672/slurm-logs/xcsp-parse-cop-cumulative-165-order-ge-cumexact-taskrd-20260526-2ccb88e9-q10672-19875379-41.out,logs/cop165-cumulative-20260527-2ccb88e9-q10672/slurm-logs/xcsp-parse-cop-cumulative-165-order-ge-cumexact-taskrd-20260526-2ccb88e9-q10672-19875379-41.err,sat_no_proof,COMPLETED,0:0,00:01:48,best incumbent shown; objective improvement search stopped before optimality proof: eager incremental objective cut could not be encoded,logs/cop165-cumulative-20260527-2ccb88e9-q10672/slurm-logs/xcsp-parse-cop-cumulative-165-order-ge-cumext-boundprop-20260526-2ccb88e9-q10672-19875380-41.out,logs/cop165-cumulative-20260527-2ccb88e9-q10672/slurm-logs/xcsp-parse-cop-cumulative-165-order-ge-cumext-boundprop-20260526-2ccb88e9-q10672-19875380-41.err
42,TestScheduling-t030m20r03-1_c24.xml.lzma,COP22to25/TestScheduling-t030m20r03-1_c24.xml.lzma,optimum,COMPLETED,0:0,00:09:46,,logs/cop165-cumulative-20260527-2ccb88e9-q10672/slurm-logs/xcsp-parse-cop-cumulative-165-log-scop-cumexact-timerd-20260526-2ccb88e9-q10672-19875381-42.out,logs/cop165-cumulative-20260527-2ccb88e9-q10672/slurm-logs/xcsp-parse-cop-cumulative-165-log-scop-cumexact-timerd-20260526-2ccb88e9-q10672-19875381-42.err,optimum,COMPLETED,0:0,00:00:24,,logs/cop165-cumulative-20260527-2ccb88e9-q10672/slurm-logs/xcsp-parse-cop-cumulative-165-log-scop-cumexact-taskrd-20260526-2ccb88e9-q10672-19875382-42.out,logs/cop165-cumulative-20260527-2ccb88e9-q10672/slurm-logs/xcsp-parse-cop-cumulative-165-log-scop-cumexact-taskrd-20260526-2ccb88e9-q10672-19875382-42.err,optimum,COMPLETED,0:0,00:00:09,,logs/cop165-cumulative-20260527-2ccb88e9-q10672/slurm-logs/xcsp-parse-cop-cumulative-165-log-scop-cumext-boundprop-20260526-2ccb88e9-q10672-19875383-42.out,logs/cop165-cumulative-20260527-2ccb88e9-q10672/slurm-logs/xcsp-parse-cop-cumulative-165-log-scop-cumext-boundprop-20260526-2ccb88e9-q10672-19875383-42.err,sat_no_proof,COMPLETED,0:0,00:10:29,best incumbent shown; objective improvement search stopped before optimality proof: eager incremental objective cut could not be encoded,logs/cop165-cumulative-20260527-2ccb88e9-q10672/slurm-logs/xcsp-parse-cop-cumulative-165-order-ge-cumexact-timerd-20260526-2ccb88e9-q10672-19875378-42.out,logs/cop165-cumulative-20260527-2ccb88e9-q10672/slurm-logs/xcsp-parse-cop-cumulative-165-order-ge-cumexact-timerd-20260526-2ccb88e9-q10672-19875378-42.err,timeout_incumbent,COMPLETED,0:0,00:30:05,incumbent_interrupted_by_signal,logs/cop165-cumulative-20260527-2ccb88e9-q10672/slurm-logs/xcsp-parse-cop-cumulative-165-order-ge-cumexact-taskrd-20260526-2ccb88e9-q10672-19875379-42.out,logs/cop165-cumulative-20260527-2ccb88e9-q10672/slurm-logs/xcsp-parse-cop-cumulative-165-order-ge-cumexact-taskrd-20260526-2ccb88e9-q10672-19875379-42.err,timeout_incumbent,COMPLETED,0:0,00:30:04,incumbent_interrupted_by_signal,logs/cop165-cumulative-20260527-2ccb88e9-q10672/slurm-logs/xcsp-parse-cop-cumulative-165-order-ge-cumext-boundprop-20260526-2ccb88e9-q10672-19875380-42.out,logs/cop165-cumulative-20260527-2ccb88e9-q10672/slurm-logs/xcsp-parse-cop-cumulative-165-order-ge-cumext-boundprop-20260526-2ccb88e9-q10672-19875380-42.err
43,TestScheduling-t030m20r10-1_c24.xml.lzma,COP22to25/TestScheduling-t030m20r10-1_c24.xml.lzma,timeout_incumbent,COMPLETED,0:0,00:30:03,incumbent_interrupted_by_signal,logs/cop165-cumulative-20260527-2ccb88e9-q10672/slurm-logs/xcsp-parse-cop-cumulative-165-log-scop-cumexact-timerd-20260526-2ccb88e9-q10672-19875381-43.out,logs/cop165-cumulative-20260527-2ccb88e9-q10672/slurm-logs/xcsp-parse-cop-cumulative-165-log-scop-cumexact-timerd-20260526-2ccb88e9-q10672-19875381-43.err,timeout_incumbent,COMPLETED,0:0,00:30:04,incumbent_interrupted_by_signal,logs/cop165-cumulative-20260527-2ccb88e9-q10672/slurm-logs/xcsp-parse-cop-cumulative-165-log-scop-cumexact-taskrd-20260526-2ccb88e9-q10672-19875382-43.out,logs/cop165-cumulative-20260527-2ccb88e9-q10672/slurm-logs/xcsp-parse-cop-cumulative-165-log-scop-cumexact-taskrd-20260526-2ccb88e9-q10672-19875382-43.err,timeout_incumbent,COMPLETED,0:0,00:30:04,incumbent_interrupted_by_signal,logs/cop165-cumulative-20260527-2ccb88e9-q10672/slurm-logs/xcsp-parse-cop-cumulative-165-log-scop-cumext-boundprop-20260526-2ccb88e9-q10672-19875383-43.out,logs/cop165-cumulative-20260527-2ccb88e9-q10672/slurm-logs/xcsp-parse-cop-cumulative-165-log-scop-cumext-boundprop-20260526-2ccb88e9-q10672-19875383-43.err,sat_no_proof,COMPLETED,0:0,00:11:48,best incumbent shown; objective improvement search stopped before optimality proof: eager incremental objective cut could not be encoded,logs/cop165-cumulative-20260527-2ccb88e9-q10672/slurm-logs/xcsp-parse-cop-cumulative-165-order-ge-cumexact-timerd-20260526-2ccb88e9-q10672-19875378-43.out,logs/cop165-cumulative-20260527-2ccb88e9-q10672/slurm-logs/xcsp-parse-cop-cumulative-165-order-ge-cumexact-timerd-20260526-2ccb88e9-q10672-19875378-43.err,timeout_incumbent,COMPLETED,0:0,00:30:04,incumbent_interrupted_by_signal,logs/cop165-cumulative-20260527-2ccb88e9-q10672/slurm-logs/xcsp-parse-cop-cumulative-165-order-ge-cumexact-taskrd-20260526-2ccb88e9-q10672-19875379-43.out,logs/cop165-cumulative-20260527-2ccb88e9-q10672/slurm-logs/xcsp-parse-cop-cumulative-165-order-ge-cumexact-taskrd-20260526-2ccb88e9-q10672-19875379-43.err,timeout_incumbent,COMPLETED,0:0,00:30:04,incumbent_interrupted_by_signal,logs/cop165-cumulative-20260527-2ccb88e9-q10672/slurm-logs/xcsp-parse-cop-cumulative-165-order-ge-cumext-boundprop-20260526-2ccb88e9-q10672-19875380-43.out,logs/cop165-cumulative-20260527-2ccb88e9-q10672/slurm-logs/xcsp-parse-cop-cumulative-165-order-ge-cumext-boundprop-20260526-2ccb88e9-q10672-19875380-43.err
44,Cargo-25_c24.xml.lzma,COP22to25/Cargo-25_c24.xml.lzma,optimum,COMPLETED,0:0,00:06:37,,logs/cop165-cumulative-20260527-2ccb88e9-q10672/slurm-logs/xcsp-parse-cop-cumulative-165-log-scop-cumexact-timerd-20260526-2ccb88e9-q10672-19875381-44.out,logs/cop165-cumulative-20260527-2ccb88e9-q10672/slurm-logs/xcsp-parse-cop-cumulative-165-log-scop-cumexact-timerd-20260526-2ccb88e9-q10672-19875381-44.err,optimum,COMPLETED,0:0,00:02:08,,logs/cop165-cumulative-20260527-2ccb88e9-q10672/slurm-logs/xcsp-parse-cop-cumulative-165-log-scop-cumexact-taskrd-20260526-2ccb88e9-q10672-19875382-44.out,logs/cop165-cumulative-20260527-2ccb88e9-q10672/slurm-logs/xcsp-parse-cop-cumulative-165-log-scop-cumexact-taskrd-20260526-2ccb88e9-q10672-19875382-44.err,timeout_unknown,COMPLETED,0:0,00:30:03,terminated_by_signal,logs/cop165-cumulative-20260527-2ccb88e9-q10672/slurm-logs/xcsp-parse-cop-cumulative-165-log-scop-cumext-boundprop-20260526-2ccb88e9-q10672-19875383-44.out,logs/cop165-cumulative-20260527-2ccb88e9-q10672/slurm-logs/xcsp-parse-cop-cumulative-165-log-scop-cumext-boundprop-20260526-2ccb88e9-q10672-19875383-44.err,sat_no_proof,COMPLETED,0:0,00:02:36,best incumbent shown; objective improvement search stopped before optimality proof: eager incremental objective cut could not be encoded,logs/cop165-cumulative-20260527-2ccb88e9-q10672/slurm-logs/xcsp-parse-cop-cumulative-165-order-ge-cumexact-timerd-20260526-2ccb88e9-q10672-19875378-44.out,logs/cop165-cumulative-20260527-2ccb88e9-q10672/slurm-logs/xcsp-parse-cop-cumulative-165-order-ge-cumexact-timerd-20260526-2ccb88e9-q10672-19875378-44.err,sat_no_proof,COMPLETED,0:0,00:01:25,best incumbent shown; objective improvement search stopped before optimality proof: eager incremental objective cut could not be encoded,logs/cop165-cumulative-20260527-2ccb88e9-q10672/slurm-logs/xcsp-parse-cop-cumulative-165-order-ge-cumexact-taskrd-20260526-2ccb88e9-q10672-19875379-44.out,logs/cop165-cumulative-20260527-2ccb88e9-q10672/slurm-logs/xcsp-parse-cop-cumulative-165-order-ge-cumexact-taskrd-20260526-2ccb88e9-q10672-19875379-44.err,sat_no_proof,COMPLETED,0:0,00:01:16,best incumbent shown; objective improvement search stopped before optimality proof: eager incremental objective cut could not be encoded,logs/cop165-cumulative-20260527-2ccb88e9-q10672/slurm-logs/xcsp-parse-cop-cumulative-165-order-ge-cumext-boundprop-20260526-2ccb88e9-q10672-19875380-44.out,logs/cop165-cumulative-20260527-2ccb88e9-q10672/slurm-logs/xcsp-parse-cop-cumulative-165-order-ge-cumext-boundprop-20260526-2ccb88e9-q10672-19875380-44.err
45,Cargo-05-1s-954_c24.xml.lzma,COP22to25/Cargo-05-1s-954_c24.xml.lzma,optimum,COMPLETED,0:0,00:11:13,,logs/cop165-cumulative-20260527-2ccb88e9-q10672/slurm-logs/xcsp-parse-cop-cumulative-165-log-scop-cumexact-timerd-20260526-2ccb88e9-q10672-19875381-45.out,logs/cop165-cumulative-20260527-2ccb88e9-q10672/slurm-logs/xcsp-parse-cop-cumulative-165-log-scop-cumexact-timerd-20260526-2ccb88e9-q10672-19875381-45.err,optimum,COMPLETED,0:0,00:06:29,,logs/cop165-cumulative-20260527-2ccb88e9-q10672/slurm-logs/xcsp-parse-cop-cumulative-165-log-scop-cumexact-taskrd-20260526-2ccb88e9-q10672-19875382-45.out,logs/cop165-cumulative-20260527-2ccb88e9-q10672/slurm-logs/xcsp-parse-cop-cumulative-165-log-scop-cumexact-taskrd-20260526-2ccb88e9-q10672-19875382-45.err,timeout_incumbent,COMPLETED,0:0,00:30:03,incumbent_interrupted_by_signal,logs/cop165-cumulative-20260527-2ccb88e9-q10672/slurm-logs/xcsp-parse-cop-cumulative-165-log-scop-cumext-boundprop-20260526-2ccb88e9-q10672-19875383-45.out,logs/cop165-cumulative-20260527-2ccb88e9-q10672/slurm-logs/xcsp-parse-cop-cumulative-165-log-scop-cumext-boundprop-20260526-2ccb88e9-q10672-19875383-45.err,sat_no_proof,COMPLETED,0:0,00:06:23,best incumbent shown; objective improvement search stopped before optimality proof: eager incremental objective cut could not be encoded,logs/cop165-cumulative-20260527-2ccb88e9-q10672/slurm-logs/xcsp-parse-cop-cumulative-165-order-ge-cumexact-timerd-20260526-2ccb88e9-q10672-19875378-45.out,logs/cop165-cumulative-20260527-2ccb88e9-q10672/slurm-logs/xcsp-parse-cop-cumulative-165-order-ge-cumexact-timerd-20260526-2ccb88e9-q10672-19875378-45.err,sat_no_proof,COMPLETED,0:0,00:01:49,best incumbent shown; objective improvement search stopped before optimality proof: eager incremental objective cut could not be encoded,logs/cop165-cumulative-20260527-2ccb88e9-q10672/slurm-logs/xcsp-parse-cop-cumulative-165-order-ge-cumexact-taskrd-20260526-2ccb88e9-q10672-19875379-45.out,logs/cop165-cumulative-20260527-2ccb88e9-q10672/slurm-logs/xcsp-parse-cop-cumulative-165-order-ge-cumexact-taskrd-20260526-2ccb88e9-q10672-19875379-45.err,sat_no_proof,COMPLETED,0:0,00:03:15,best incumbent shown; objective improvement search stopped before optimality proof: eager incremental objective cut could not be encoded,logs/cop165-cumulative-20260527-2ccb88e9-q10672/slurm-logs/xcsp-parse-cop-cumulative-165-order-ge-cumext-boundprop-20260526-2ccb88e9-q10672-19875380-45.out,logs/cop165-cumulative-20260527-2ccb88e9-q10672/slurm-logs/xcsp-parse-cop-cumulative-165-order-ge-cumext-boundprop-20260526-2ccb88e9-q10672-19875380-45.err
46,CarpetCutting-test13_c23.xml.lzma,COP22to25/CarpetCutting-test13_c23.xml.lzma,timeout_incumbent,COMPLETED,0:0,00:30:05,incumbent_interrupted_by_signal,logs/cop165-cumulative-20260527-2ccb88e9-q10672/slurm-logs/xcsp-parse-cop-cumulative-165-log-scop-cumexact-timerd-20260526-2ccb88e9-q10672-19875381-46.out,logs/cop165-cumulative-20260527-2ccb88e9-q10672/slurm-logs/xcsp-parse-cop-cumulative-165-log-scop-cumexact-timerd-20260526-2ccb88e9-q10672-19875381-46.err,timeout_incumbent,COMPLETED,0:0,00:30:05,incumbent_interrupted_by_signal,logs/cop165-cumulative-20260527-2ccb88e9-q10672/slurm-logs/xcsp-parse-cop-cumulative-165-log-scop-cumexact-taskrd-20260526-2ccb88e9-q10672-19875382-46.out,logs/cop165-cumulative-20260527-2ccb88e9-q10672/slurm-logs/xcsp-parse-cop-cumulative-165-log-scop-cumexact-taskrd-20260526-2ccb88e9-q10672-19875382-46.err,timeout_incumbent,COMPLETED,0:0,00:30:04,incumbent_interrupted_by_signal,logs/cop165-cumulative-20260527-2ccb88e9-q10672/slurm-logs/xcsp-parse-cop-cumulative-165-log-scop-cumext-boundprop-20260526-2ccb88e9-q10672-19875383-46.out,logs/cop165-cumulative-20260527-2ccb88e9-q10672/slurm-logs/xcsp-parse-cop-cumulative-165-log-scop-cumext-boundprop-20260526-2ccb88e9-q10672-19875383-46.err,out_of_memory,OUT_OF_MEMORY,0:125,00:06:52,slurmstepd: error: Detected 1 oom-kill event(s) in StepId=19875483.batch. Some of your processes may have been killed by the cgroup out-of-memory handler.,logs/cop165-cumulative-20260527-2ccb88e9-q10672/slurm-logs/xcsp-parse-cop-cumulative-165-order-ge-cumexact-timerd-20260526-2ccb88e9-q10672-19875378-46.out,logs/cop165-cumulative-20260527-2ccb88e9-q10672/slurm-logs/xcsp-parse-cop-cumulative-165-order-ge-cumexact-timerd-20260526-2ccb88e9-q10672-19875378-46.err,timeout_incumbent,COMPLETED,0:0,00:30:09,incumbent_interrupted_by_signal,logs/cop165-cumulative-20260527-2ccb88e9-q10672/slurm-logs/xcsp-parse-cop-cumulative-165-order-ge-cumexact-taskrd-20260526-2ccb88e9-q10672-19875379-46.out,logs/cop165-cumulative-20260527-2ccb88e9-q10672/slurm-logs/xcsp-parse-cop-cumulative-165-order-ge-cumexact-taskrd-20260526-2ccb88e9-q10672-19875379-46.err,timeout_incumbent,COMPLETED,0:0,00:30:04,incumbent_interrupted_by_signal,logs/cop165-cumulative-20260527-2ccb88e9-q10672/slurm-logs/xcsp-parse-cop-cumulative-165-order-ge-cumext-boundprop-20260526-2ccb88e9-q10672-19875380-46.out,logs/cop165-cumulative-20260527-2ccb88e9-q10672/slurm-logs/xcsp-parse-cop-cumulative-165-order-ge-cumext-boundprop-20260526-2ccb88e9-q10672-19875380-46.err
47,CarpetCutting-test16_c23.xml.lzma,COP22to25/CarpetCutting-test16_c23.xml.lzma,timeout_incumbent,COMPLETED,0:0,00:30:04,incumbent_interrupted_by_signal,logs/cop165-cumulative-20260527-2ccb88e9-q10672/slurm-logs/xcsp-parse-cop-cumulative-165-log-scop-cumexact-timerd-20260526-2ccb88e9-q10672-19875381-47.out,logs/cop165-cumulative-20260527-2ccb88e9-q10672/slurm-logs/xcsp-parse-cop-cumulative-165-log-scop-cumexact-timerd-20260526-2ccb88e9-q10672-19875381-47.err,optimum,COMPLETED,0:0,00:02:17,,logs/cop165-cumulative-20260527-2ccb88e9-q10672/slurm-logs/xcsp-parse-cop-cumulative-165-log-scop-cumexact-taskrd-20260526-2ccb88e9-q10672-19875382-47.out,logs/cop165-cumulative-20260527-2ccb88e9-q10672/slurm-logs/xcsp-parse-cop-cumulative-165-log-scop-cumexact-taskrd-20260526-2ccb88e9-q10672-19875382-47.err,optimum,COMPLETED,0:0,00:02:44,,logs/cop165-cumulative-20260527-2ccb88e9-q10672/slurm-logs/xcsp-parse-cop-cumulative-165-log-scop-cumext-boundprop-20260526-2ccb88e9-q10672-19875383-47.out,logs/cop165-cumulative-20260527-2ccb88e9-q10672/slurm-logs/xcsp-parse-cop-cumulative-165-log-scop-cumext-boundprop-20260526-2ccb88e9-q10672-19875383-47.err,out_of_memory,OUT_OF_MEMORY,0:125,00:05:38,slurmstepd: error: Detected 2 oom-kill event(s) in StepId=19875484.batch. Some of your processes may have been killed by the cgroup out-of-memory handler.,logs/cop165-cumulative-20260527-2ccb88e9-q10672/slurm-logs/xcsp-parse-cop-cumulative-165-order-ge-cumexact-timerd-20260526-2ccb88e9-q10672-19875378-47.out,logs/cop165-cumulative-20260527-2ccb88e9-q10672/slurm-logs/xcsp-parse-cop-cumulative-165-order-ge-cumexact-timerd-20260526-2ccb88e9-q10672-19875378-47.err,out_of_memory,OUT_OF_MEMORY,0:125,00:06:55,slurmstepd: error: Detected 2 oom-kill event(s) in StepId=19877713.batch. Some of your processes may have been killed by the cgroup out-of-memory handler.,logs/cop165-cumulative-20260527-2ccb88e9-q10672/slurm-logs/xcsp-parse-cop-cumulative-165-order-ge-cumexact-taskrd-20260526-2ccb88e9-q10672-19875379-47.out,logs/cop165-cumulative-20260527-2ccb88e9-q10672/slurm-logs/xcsp-parse-cop-cumulative-165-order-ge-cumexact-taskrd-20260526-2ccb88e9-q10672-19875379-47.err,optimum,COMPLETED,0:0,00:07:15,,logs/cop165-cumulative-20260527-2ccb88e9-q10672/slurm-logs/xcsp-parse-cop-cumulative-165-order-ge-cumext-boundprop-20260526-2ccb88e9-q10672-19875380-47.out,logs/cop165-cumulative-20260527-2ccb88e9-q10672/slurm-logs/xcsp-parse-cop-cumulative-165-order-ge-cumext-boundprop-20260526-2ccb88e9-q10672-19875380-47.err
48,CarpetCutting-test05_c23.xml.lzma,COP22to25/CarpetCutting-test05_c23.xml.lzma,timeout_incumbent,COMPLETED,0:0,00:30:05,incumbent_interrupted_by_signal,logs/cop165-cumulative-20260527-2ccb88e9-q10672/slurm-logs/xcsp-parse-cop-cumulative-165-log-scop-cumexact-timerd-20260526-2ccb88e9-q10672-19875381-48.out,logs/cop165-cumulative-20260527-2ccb88e9-q10672/slurm-logs/xcsp-parse-cop-cumulative-165-log-scop-cumexact-timerd-20260526-2ccb88e9-q10672-19875381-48.err,optimum,COMPLETED,0:0,00:03:05,,logs/cop165-cumulative-20260527-2ccb88e9-q10672/slurm-logs/xcsp-parse-cop-cumulative-165-log-scop-cumexact-taskrd-20260526-2ccb88e9-q10672-19875382-48.out,logs/cop165-cumulative-20260527-2ccb88e9-q10672/slurm-logs/xcsp-parse-cop-cumulative-165-log-scop-cumexact-taskrd-20260526-2ccb88e9-q10672-19875382-48.err,optimum,COMPLETED,0:0,00:03:20,,logs/cop165-cumulative-20260527-2ccb88e9-q10672/slurm-logs/xcsp-parse-cop-cumulative-165-log-scop-cumext-boundprop-20260526-2ccb88e9-q10672-19875383-48.out,logs/cop165-cumulative-20260527-2ccb88e9-q10672/slurm-logs/xcsp-parse-cop-cumulative-165-log-scop-cumext-boundprop-20260526-2ccb88e9-q10672-19875383-48.err,out_of_memory,OUT_OF_MEMORY,0:125,00:04:59,slurmstepd: error: Detected 1 oom-kill event(s) in StepId=19875485.batch. Some of your processes may have been killed by the cgroup out-of-memory handler.,logs/cop165-cumulative-20260527-2ccb88e9-q10672/slurm-logs/xcsp-parse-cop-cumulative-165-order-ge-cumexact-timerd-20260526-2ccb88e9-q10672-19875378-48.out,logs/cop165-cumulative-20260527-2ccb88e9-q10672/slurm-logs/xcsp-parse-cop-cumulative-165-order-ge-cumexact-timerd-20260526-2ccb88e9-q10672-19875378-48.err,timeout_incumbent,COMPLETED,0:0,00:30:06,incumbent_interrupted_by_signal,logs/cop165-cumulative-20260527-2ccb88e9-q10672/slurm-logs/xcsp-parse-cop-cumulative-165-order-ge-cumexact-taskrd-20260526-2ccb88e9-q10672-19875379-48.out,logs/cop165-cumulative-20260527-2ccb88e9-q10672/slurm-logs/xcsp-parse-cop-cumulative-165-order-ge-cumexact-taskrd-20260526-2ccb88e9-q10672-19875379-48.err,optimum,COMPLETED,0:0,00:04:22,,logs/cop165-cumulative-20260527-2ccb88e9-q10672/slurm-logs/xcsp-parse-cop-cumulative-165-order-ge-cumext-boundprop-20260526-2ccb88e9-q10672-19875380-48.out,logs/cop165-cumulative-20260527-2ccb88e9-q10672/slurm-logs/xcsp-parse-cop-cumulative-165-order-ge-cumext-boundprop-20260526-2ccb88e9-q10672-19875380-48.err
49,Cargo-06-1s-3927_c24.xml.lzma,COP22to25/Cargo-06-1s-3927_c24.xml.lzma,timeout_incumbent,COMPLETED,0:0,00:30:06,incumbent_interrupted_by_signal,logs/cop165-cumulative-20260527-2ccb88e9-q10672/slurm-logs/xcsp-parse-cop-cumulative-165-log-scop-cumexact-timerd-20260526-2ccb88e9-q10672-19875381-49.out,logs/cop165-cumulative-20260527-2ccb88e9-q10672/slurm-logs/xcsp-parse-cop-cumulative-165-log-scop-cumexact-timerd-20260526-2ccb88e9-q10672-19875381-49.err,optimum,COMPLETED,0:0,00:29:47,,logs/cop165-cumulative-20260527-2ccb88e9-q10672/slurm-logs/xcsp-parse-cop-cumulative-165-log-scop-cumexact-taskrd-20260526-2ccb88e9-q10672-19875382-49.out,logs/cop165-cumulative-20260527-2ccb88e9-q10672/slurm-logs/xcsp-parse-cop-cumulative-165-log-scop-cumexact-taskrd-20260526-2ccb88e9-q10672-19875382-49.err,timeout_unknown,COMPLETED,0:0,00:30:05,terminated_by_signal,logs/cop165-cumulative-20260527-2ccb88e9-q10672/slurm-logs/xcsp-parse-cop-cumulative-165-log-scop-cumext-boundprop-20260526-2ccb88e9-q10672-19875383-49.out,logs/cop165-cumulative-20260527-2ccb88e9-q10672/slurm-logs/xcsp-parse-cop-cumulative-165-log-scop-cumext-boundprop-20260526-2ccb88e9-q10672-19875383-49.err,sat_no_proof,COMPLETED,0:0,00:13:21,best incumbent shown; objective improvement search stopped before optimality proof: eager incremental objective cut could not be encoded,logs/cop165-cumulative-20260527-2ccb88e9-q10672/slurm-logs/xcsp-parse-cop-cumulative-165-order-ge-cumexact-timerd-20260526-2ccb88e9-q10672-19875378-49.out,logs/cop165-cumulative-20260527-2ccb88e9-q10672/slurm-logs/xcsp-parse-cop-cumulative-165-order-ge-cumexact-timerd-20260526-2ccb88e9-q10672-19875378-49.err,sat_no_proof,COMPLETED,0:0,00:11:06,best incumbent shown; objective improvement search stopped before optimality proof: eager incremental objective cut could not be encoded,logs/cop165-cumulative-20260527-2ccb88e9-q10672/slurm-logs/xcsp-parse-cop-cumulative-165-order-ge-cumexact-taskrd-20260526-2ccb88e9-q10672-19875379-49.out,logs/cop165-cumulative-20260527-2ccb88e9-q10672/slurm-logs/xcsp-parse-cop-cumulative-165-order-ge-cumexact-taskrd-20260526-2ccb88e9-q10672-19875379-49.err,sat_no_proof,COMPLETED,0:0,00:07:41,best incumbent shown; objective improvement search stopped before optimality proof: eager incremental objective cut could not be encoded,logs/cop165-cumulative-20260527-2ccb88e9-q10672/slurm-logs/xcsp-parse-cop-cumulative-165-order-ge-cumext-boundprop-20260526-2ccb88e9-q10672-19875380-49.out,logs/cop165-cumulative-20260527-2ccb88e9-q10672/slurm-logs/xcsp-parse-cop-cumulative-165-order-ge-cumext-boundprop-20260526-2ccb88e9-q10672-19875380-49.err
50,CarpetCutting-test04_c23.xml.lzma,COP22to25/CarpetCutting-test04_c23.xml.lzma,timeout_incumbent,COMPLETED,0:0,00:30:05,incumbent_interrupted_by_signal,logs/cop165-cumulative-20260527-2ccb88e9-q10672/slurm-logs/xcsp-parse-cop-cumulative-165-log-scop-cumexact-timerd-20260526-2ccb88e9-q10672-19875381-50.out,logs/cop165-cumulative-20260527-2ccb88e9-q10672/slurm-logs/xcsp-parse-cop-cumulative-165-log-scop-cumexact-timerd-20260526-2ccb88e9-q10672-19875381-50.err,optimum,COMPLETED,0:0,00:03:44,,logs/cop165-cumulative-20260527-2ccb88e9-q10672/slurm-logs/xcsp-parse-cop-cumulative-165-log-scop-cumexact-taskrd-20260526-2ccb88e9-q10672-19875382-50.out,logs/cop165-cumulative-20260527-2ccb88e9-q10672/slurm-logs/xcsp-parse-cop-cumulative-165-log-scop-cumexact-taskrd-20260526-2ccb88e9-q10672-19875382-50.err,optimum,COMPLETED,0:0,00:06:36,,logs/cop165-cumulative-20260527-2ccb88e9-q10672/slurm-logs/xcsp-parse-cop-cumulative-165-log-scop-cumext-boundprop-20260526-2ccb88e9-q10672-19875383-50.out,logs/cop165-cumulative-20260527-2ccb88e9-q10672/slurm-logs/xcsp-parse-cop-cumulative-165-log-scop-cumext-boundprop-20260526-2ccb88e9-q10672-19875383-50.err,out_of_memory,OUT_OF_MEMORY,0:125,00:05:47,slurmstepd: error: Detected 2 oom-kill event(s) in StepId=19875503.batch. Some of your processes may have been killed by the cgroup out-of-memory handler.,logs/cop165-cumulative-20260527-2ccb88e9-q10672/slurm-logs/xcsp-parse-cop-cumulative-165-order-ge-cumexact-timerd-20260526-2ccb88e9-q10672-19875378-50.out,logs/cop165-cumulative-20260527-2ccb88e9-q10672/slurm-logs/xcsp-parse-cop-cumulative-165-order-ge-cumexact-timerd-20260526-2ccb88e9-q10672-19875378-50.err,out_of_memory,OUT_OF_MEMORY,0:125,00:07:11,slurmstepd: error: Detected 4 oom-kill event(s) in StepId=19877729.batch. Some of your processes may have been killed by the cgroup out-of-memory handler.,logs/cop165-cumulative-20260527-2ccb88e9-q10672/slurm-logs/xcsp-parse-cop-cumulative-165-order-ge-cumexact-taskrd-20260526-2ccb88e9-q10672-19875379-50.out,logs/cop165-cumulative-20260527-2ccb88e9-q10672/slurm-logs/xcsp-parse-cop-cumulative-165-order-ge-cumexact-taskrd-20260526-2ccb88e9-q10672-19875379-50.err,optimum,COMPLETED,0:0,00:05:47,,logs/cop165-cumulative-20260527-2ccb88e9-q10672/slurm-logs/xcsp-parse-cop-cumulative-165-order-ge-cumext-boundprop-20260526-2ccb88e9-q10672-19875380-50.out,logs/cop165-cumulative-20260527-2ccb88e9-q10672/slurm-logs/xcsp-parse-cop-cumulative-165-order-ge-cumext-boundprop-20260526-2ccb88e9-q10672-19875380-50.err
51,Cargo-07-1s-133_c24.xml.lzma,COP22to25/Cargo-07-1s-133_c24.xml.lzma,optimum,COMPLETED,0:0,00:27:38,,logs/cop165-cumulative-20260527-2ccb88e9-q10672/slurm-logs/xcsp-parse-cop-cumulative-165-log-scop-cumexact-timerd-20260526-2ccb88e9-q10672-19875381-51.out,logs/cop165-cumulative-20260527-2ccb88e9-q10672/slurm-logs/xcsp-parse-cop-cumulative-165-log-scop-cumexact-timerd-20260526-2ccb88e9-q10672-19875381-51.err,optimum,COMPLETED,0:0,00:05:51,,logs/cop165-cumulative-20260527-2ccb88e9-q10672/slurm-logs/xcsp-parse-cop-cumulative-165-log-scop-cumexact-taskrd-20260526-2ccb88e9-q10672-19875382-51.out,logs/cop165-cumulative-20260527-2ccb88e9-q10672/slurm-logs/xcsp-parse-cop-cumulative-165-log-scop-cumexact-taskrd-20260526-2ccb88e9-q10672-19875382-51.err,timeout_incumbent,COMPLETED,0:0,00:30:06,incumbent_interrupted_by_signal,logs/cop165-cumulative-20260527-2ccb88e9-q10672/slurm-logs/xcsp-parse-cop-cumulative-165-log-scop-cumext-boundprop-20260526-2ccb88e9-q10672-19875383-51.out,logs/cop165-cumulative-20260527-2ccb88e9-q10672/slurm-logs/xcsp-parse-cop-cumulative-165-log-scop-cumext-boundprop-20260526-2ccb88e9-q10672-19875383-51.err,timeout_incumbent,COMPLETED,0:0,00:30:06,incumbent_interrupted_by_signal,logs/cop165-cumulative-20260527-2ccb88e9-q10672/slurm-logs/xcsp-parse-cop-cumulative-165-order-ge-cumexact-timerd-20260526-2ccb88e9-q10672-19875378-51.out,logs/cop165-cumulative-20260527-2ccb88e9-q10672/slurm-logs/xcsp-parse-cop-cumulative-165-order-ge-cumexact-timerd-20260526-2ccb88e9-q10672-19875378-51.err,timeout_incumbent,COMPLETED,0:0,00:30:07,incumbent_interrupted_by_signal,logs/cop165-cumulative-20260527-2ccb88e9-q10672/slurm-logs/xcsp-parse-cop-cumulative-165-order-ge-cumexact-taskrd-20260526-2ccb88e9-q10672-19875379-51.out,logs/cop165-cumulative-20260527-2ccb88e9-q10672/slurm-logs/xcsp-parse-cop-cumulative-165-order-ge-cumexact-taskrd-20260526-2ccb88e9-q10672-19875379-51.err,timeout_incumbent,COMPLETED,0:0,00:30:05,incumbent_interrupted_by_signal,logs/cop165-cumulative-20260527-2ccb88e9-q10672/slurm-logs/xcsp-parse-cop-cumulative-165-order-ge-cumext-boundprop-20260526-2ccb88e9-q10672-19875380-51.out,logs/cop165-cumulative-20260527-2ccb88e9-q10672/slurm-logs/xcsp-parse-cop-cumulative-165-order-ge-cumext-boundprop-20260526-2ccb88e9-q10672-19875380-51.err
52,VRP_LC-09-05-10-s1_c24.xml.lzma,COP22to25/VRP_LC-09-05-10-s1_c24.xml.lzma,optimum,COMPLETED,0:0,00:01:39,,logs/cop165-cumulative-20260527-2ccb88e9-q10672/slurm-logs/xcsp-parse-cop-cumulative-165-log-scop-cumexact-timerd-20260526-2ccb88e9-q10672-19875381-52.out,logs/cop165-cumulative-20260527-2ccb88e9-q10672/slurm-logs/xcsp-parse-cop-cumulative-165-log-scop-cumexact-timerd-20260526-2ccb88e9-q10672-19875381-52.err,optimum,COMPLETED,0:0,00:01:51,,logs/cop165-cumulative-20260527-2ccb88e9-q10672/slurm-logs/xcsp-parse-cop-cumulative-165-log-scop-cumexact-taskrd-20260526-2ccb88e9-q10672-19875382-52.out,logs/cop165-cumulative-20260527-2ccb88e9-q10672/slurm-logs/xcsp-parse-cop-cumulative-165-log-scop-cumexact-taskrd-20260526-2ccb88e9-q10672-19875382-52.err,optimum,COMPLETED,0:0,00:01:40,,logs/cop165-cumulative-20260527-2ccb88e9-q10672/slurm-logs/xcsp-parse-cop-cumulative-165-log-scop-cumext-boundprop-20260526-2ccb88e9-q10672-19875383-52.out,logs/cop165-cumulative-20260527-2ccb88e9-q10672/slurm-logs/xcsp-parse-cop-cumulative-165-log-scop-cumext-boundprop-20260526-2ccb88e9-q10672-19875383-52.err,optimum,COMPLETED,0:0,00:00:31,,logs/cop165-cumulative-20260527-2ccb88e9-q10672/slurm-logs/xcsp-parse-cop-cumulative-165-order-ge-cumexact-timerd-20260526-2ccb88e9-q10672-19875378-52.out,logs/cop165-cumulative-20260527-2ccb88e9-q10672/slurm-logs/xcsp-parse-cop-cumulative-165-order-ge-cumexact-timerd-20260526-2ccb88e9-q10672-19875378-52.err,optimum,COMPLETED,0:0,00:00:33,,logs/cop165-cumulative-20260527-2ccb88e9-q10672/slurm-logs/xcsp-parse-cop-cumulative-165-order-ge-cumexact-taskrd-20260526-2ccb88e9-q10672-19875379-52.out,logs/cop165-cumulative-20260527-2ccb88e9-q10672/slurm-logs/xcsp-parse-cop-cumulative-165-order-ge-cumexact-taskrd-20260526-2ccb88e9-q10672-19875379-52.err,optimum,COMPLETED,0:0,00:00:49,,logs/cop165-cumulative-20260527-2ccb88e9-q10672/slurm-logs/xcsp-parse-cop-cumulative-165-order-ge-cumext-boundprop-20260526-2ccb88e9-q10672-19875380-52.out,logs/cop165-cumulative-20260527-2ccb88e9-q10672/slurm-logs/xcsp-parse-cop-cumulative-165-order-ge-cumext-boundprop-20260526-2ccb88e9-q10672-19875380-52.err
53,VRP_LC-09-05-10-s2_c24.xml.lzma,COP22to25/VRP_LC-09-05-10-s2_c24.xml.lzma,optimum,COMPLETED,0:0,00:06:00,,logs/cop165-cumulative-20260527-2ccb88e9-q10672/slurm-logs/xcsp-parse-cop-cumulative-165-log-scop-cumexact-timerd-20260526-2ccb88e9-q10672-19875381-53.out,logs/cop165-cumulative-20260527-2ccb88e9-q10672/slurm-logs/xcsp-parse-cop-cumulative-165-log-scop-cumexact-timerd-20260526-2ccb88e9-q10672-19875381-53.err,optimum,COMPLETED,0:0,00:09:30,,logs/cop165-cumulative-20260527-2ccb88e9-q10672/slurm-logs/xcsp-parse-cop-cumulative-165-log-scop-cumexact-taskrd-20260526-2ccb88e9-q10672-19875382-53.out,logs/cop165-cumulative-20260527-2ccb88e9-q10672/slurm-logs/xcsp-parse-cop-cumulative-165-log-scop-cumexact-taskrd-20260526-2ccb88e9-q10672-19875382-53.err,optimum,COMPLETED,0:0,00:06:22,,logs/cop165-cumulative-20260527-2ccb88e9-q10672/slurm-logs/xcsp-parse-cop-cumulative-165-log-scop-cumext-boundprop-20260526-2ccb88e9-q10672-19875383-53.out,logs/cop165-cumulative-20260527-2ccb88e9-q10672/slurm-logs/xcsp-parse-cop-cumulative-165-log-scop-cumext-boundprop-20260526-2ccb88e9-q10672-19875383-53.err,optimum,COMPLETED,0:0,00:01:05,,logs/cop165-cumulative-20260527-2ccb88e9-q10672/slurm-logs/xcsp-parse-cop-cumulative-165-order-ge-cumexact-timerd-20260526-2ccb88e9-q10672-19875378-53.out,logs/cop165-cumulative-20260527-2ccb88e9-q10672/slurm-logs/xcsp-parse-cop-cumulative-165-order-ge-cumexact-timerd-20260526-2ccb88e9-q10672-19875378-53.err,optimum,COMPLETED,0:0,00:01:27,,logs/cop165-cumulative-20260527-2ccb88e9-q10672/slurm-logs/xcsp-parse-cop-cumulative-165-order-ge-cumexact-taskrd-20260526-2ccb88e9-q10672-19875379-53.out,logs/cop165-cumulative-20260527-2ccb88e9-q10672/slurm-logs/xcsp-parse-cop-cumulative-165-order-ge-cumexact-taskrd-20260526-2ccb88e9-q10672-19875379-53.err,optimum,COMPLETED,0:0,00:01:55,,logs/cop165-cumulative-20260527-2ccb88e9-q10672/slurm-logs/xcsp-parse-cop-cumulative-165-order-ge-cumext-boundprop-20260526-2ccb88e9-q10672-19875380-53.out,logs/cop165-cumulative-20260527-2ccb88e9-q10672/slurm-logs/xcsp-parse-cop-cumulative-165-order-ge-cumext-boundprop-20260526-2ccb88e9-q10672-19875380-53.err
54,VRP_LC-09-05-10-s3_c24.xml.lzma,COP22to25/VRP_LC-09-05-10-s3_c24.xml.lzma,optimum,COMPLETED,0:0,00:07:04,,logs/cop165-cumulative-20260527-2ccb88e9-q10672/slurm-logs/xcsp-parse-cop-cumulative-165-log-scop-cumexact-timerd-20260526-2ccb88e9-q10672-19875381-54.out,logs/cop165-cumulative-20260527-2ccb88e9-q10672/slurm-logs/xcsp-parse-cop-cumulative-165-log-scop-cumexact-timerd-20260526-2ccb88e9-q10672-19875381-54.err,optimum,COMPLETED,0:0,00:08:21,,logs/cop165-cumulative-20260527-2ccb88e9-q10672/slurm-logs/xcsp-parse-cop-cumulative-165-log-scop-cumexact-taskrd-20260526-2ccb88e9-q10672-19875382-54.out,logs/cop165-cumulative-20260527-2ccb88e9-q10672/slurm-logs/xcsp-parse-cop-cumulative-165-log-scop-cumexact-taskrd-20260526-2ccb88e9-q10672-19875382-54.err,optimum,COMPLETED,0:0,00:05:53,,logs/cop165-cumulative-20260527-2ccb88e9-q10672/slurm-logs/xcsp-parse-cop-cumulative-165-log-scop-cumext-boundprop-20260526-2ccb88e9-q10672-19875383-54.out,logs/cop165-cumulative-20260527-2ccb88e9-q10672/slurm-logs/xcsp-parse-cop-cumulative-165-log-scop-cumext-boundprop-20260526-2ccb88e9-q10672-19875383-54.err,optimum,COMPLETED,0:0,00:01:18,,logs/cop165-cumulative-20260527-2ccb88e9-q10672/slurm-logs/xcsp-parse-cop-cumulative-165-order-ge-cumexact-timerd-20260526-2ccb88e9-q10672-19875378-54.out,logs/cop165-cumulative-20260527-2ccb88e9-q10672/slurm-logs/xcsp-parse-cop-cumulative-165-order-ge-cumexact-timerd-20260526-2ccb88e9-q10672-19875378-54.err,optimum,COMPLETED,0:0,00:00:55,,logs/cop165-cumulative-20260527-2ccb88e9-q10672/slurm-logs/xcsp-parse-cop-cumulative-165-order-ge-cumexact-taskrd-20260526-2ccb88e9-q10672-19875379-54.out,logs/cop165-cumulative-20260527-2ccb88e9-q10672/slurm-logs/xcsp-parse-cop-cumulative-165-order-ge-cumexact-taskrd-20260526-2ccb88e9-q10672-19875379-54.err,optimum,COMPLETED,0:0,00:02:05,,logs/cop165-cumulative-20260527-2ccb88e9-q10672/slurm-logs/xcsp-parse-cop-cumulative-165-order-ge-cumext-boundprop-20260526-2ccb88e9-q10672-19875380-54.out,logs/cop165-cumulative-20260527-2ccb88e9-q10672/slurm-logs/xcsp-parse-cop-cumulative-165-order-ge-cumext-boundprop-20260526-2ccb88e9-q10672-19875380-54.err
55,Cargo-09-1s-18_c24.xml.lzma,COP22to25/Cargo-09-1s-18_c24.xml.lzma,optimum,COMPLETED,0:0,00:12:07,,logs/cop165-cumulative-20260527-2ccb88e9-q10672/slurm-logs/xcsp-parse-cop-cumulative-165-log-scop-cumexact-timerd-20260526-2ccb88e9-q10672-19875381-55.out,logs/cop165-cumulative-20260527-2ccb88e9-q10672/slurm-logs/xcsp-parse-cop-cumulative-165-log-scop-cumexact-timerd-20260526-2ccb88e9-q10672-19875381-55.err,optimum,COMPLETED,0:0,00:07:52,,logs/cop165-cumulative-20260527-2ccb88e9-q10672/slurm-logs/xcsp-parse-cop-cumulative-165-log-scop-cumexact-taskrd-20260526-2ccb88e9-q10672-19875382-55.out,logs/cop165-cumulative-20260527-2ccb88e9-q10672/slurm-logs/xcsp-parse-cop-cumulative-165-log-scop-cumexact-taskrd-20260526-2ccb88e9-q10672-19875382-55.err,optimum,COMPLETED,0:0,00:06:17,,logs/cop165-cumulative-20260527-2ccb88e9-q10672/slurm-logs/xcsp-parse-cop-cumulative-165-log-scop-cumext-boundprop-20260526-2ccb88e9-q10672-19875383-55.out,logs/cop165-cumulative-20260527-2ccb88e9-q10672/slurm-logs/xcsp-parse-cop-cumulative-165-log-scop-cumext-boundprop-20260526-2ccb88e9-q10672-19875383-55.err,out_of_memory,OUT_OF_MEMORY,0:125,00:16:24,slurmstepd: error: Detected 1 oom-kill event(s) in StepId=19875517.batch. Some of your processes may have been killed by the cgroup out-of-memory handler.,logs/cop165-cumulative-20260527-2ccb88e9-q10672/slurm-logs/xcsp-parse-cop-cumulative-165-order-ge-cumexact-timerd-20260526-2ccb88e9-q10672-19875378-55.out,logs/cop165-cumulative-20260527-2ccb88e9-q10672/slurm-logs/xcsp-parse-cop-cumulative-165-order-ge-cumexact-timerd-20260526-2ccb88e9-q10672-19875378-55.err,out_of_memory,OUT_OF_MEMORY,0:125,00:16:14,slurmstepd: error: Detected 1 oom-kill event(s) in StepId=19877806.batch. Some of your processes may have been killed by the cgroup out-of-memory handler.,logs/cop165-cumulative-20260527-2ccb88e9-q10672/slurm-logs/xcsp-parse-cop-cumulative-165-order-ge-cumexact-taskrd-20260526-2ccb88e9-q10672-19875379-55.out,logs/cop165-cumulative-20260527-2ccb88e9-q10672/slurm-logs/xcsp-parse-cop-cumulative-165-order-ge-cumexact-taskrd-20260526-2ccb88e9-q10672-19875379-55.err,out_of_memory,OUT_OF_MEMORY,0:125,00:16:24,slurmstepd: error: Detected 3 oom-kill event(s) in StepId=19880822.batch. Some of your processes may have been killed by the cgroup out-of-memory handler.,logs/cop165-cumulative-20260527-2ccb88e9-q10672/slurm-logs/xcsp-parse-cop-cumulative-165-order-ge-cumext-boundprop-20260526-2ccb88e9-q10672-19875380-55.out,logs/cop165-cumulative-20260527-2ccb88e9-q10672/slurm-logs/xcsp-parse-cop-cumulative-165-order-ge-cumext-boundprop-20260526-2ccb88e9-q10672-19875380-55.err
56,CarpetCutting-test15_c23.xml.lzma,COP22to25/CarpetCutting-test15_c23.xml.lzma,timeout_incumbent,COMPLETED,0:0,00:30:09,incumbent_interrupted_by_signal,logs/cop165-cumulative-20260527-2ccb88e9-q10672/slurm-logs/xcsp-parse-cop-cumulative-165-log-scop-cumexact-timerd-20260526-2ccb88e9-q10672-19875381-56.out,logs/cop165-cumulative-20260527-2ccb88e9-q10672/slurm-logs/xcsp-parse-cop-cumulative-165-log-scop-cumexact-timerd-20260526-2ccb88e9-q10672-19875381-56.err,timeout_incumbent,COMPLETED,0:0,00:30:04,incumbent_interrupted_by_signal,logs/cop165-cumulative-20260527-2ccb88e9-q10672/slurm-logs/xcsp-parse-cop-cumulative-165-log-scop-cumexact-taskrd-20260526-2ccb88e9-q10672-19875382-56.out,logs/cop165-cumulative-20260527-2ccb88e9-q10672/slurm-logs/xcsp-parse-cop-cumulative-165-log-scop-cumexact-taskrd-20260526-2ccb88e9-q10672-19875382-56.err,optimum,COMPLETED,0:0,00:12:54,,logs/cop165-cumulative-20260527-2ccb88e9-q10672/slurm-logs/xcsp-parse-cop-cumulative-165-log-scop-cumext-boundprop-20260526-2ccb88e9-q10672-19875383-56.out,logs/cop165-cumulative-20260527-2ccb88e9-q10672/slurm-logs/xcsp-parse-cop-cumulative-165-log-scop-cumext-boundprop-20260526-2ccb88e9-q10672-19875383-56.err,out_of_memory,OUT_OF_MEMORY,0:125,00:03:14,slurmstepd: error: Detected 1 oom-kill event(s) in StepId=19875519.batch. Some of your processes may have been killed by the cgroup out-of-memory handler.,logs/cop165-cumulative-20260527-2ccb88e9-q10672/slurm-logs/xcsp-parse-cop-cumulative-165-order-ge-cumexact-timerd-20260526-2ccb88e9-q10672-19875378-56.out,logs/cop165-cumulative-20260527-2ccb88e9-q10672/slurm-logs/xcsp-parse-cop-cumulative-165-order-ge-cumexact-timerd-20260526-2ccb88e9-q10672-19875378-56.err,out_of_memory,OUT_OF_MEMORY,0:125,00:06:39,slurmstepd: error: Detected 1 oom-kill event(s) in StepId=19877809.batch. Some of your processes may have been killed by the cgroup out-of-memory handler.,logs/cop165-cumulative-20260527-2ccb88e9-q10672/slurm-logs/xcsp-parse-cop-cumulative-165-order-ge-cumexact-taskrd-20260526-2ccb88e9-q10672-19875379-56.out,logs/cop165-cumulative-20260527-2ccb88e9-q10672/slurm-logs/xcsp-parse-cop-cumulative-165-order-ge-cumexact-taskrd-20260526-2ccb88e9-q10672-19875379-56.err,timeout_incumbent,COMPLETED,0:0,00:30:03,incumbent_interrupted_by_signal,logs/cop165-cumulative-20260527-2ccb88e9-q10672/slurm-logs/xcsp-parse-cop-cumulative-165-order-ge-cumext-boundprop-20260526-2ccb88e9-q10672-19875380-56.out,logs/cop165-cumulative-20260527-2ccb88e9-q10672/slurm-logs/xcsp-parse-cop-cumulative-165-order-ge-cumext-boundprop-20260526-2ccb88e9-q10672-19875380-56.err
57,Cargo-10-15966f-2060_c24.xml.lzma,COP22to25/Cargo-10-15966f-2060_c24.xml.lzma,timeout_incumbent,COMPLETED,0:0,00:30:03,incumbent_interrupted_by_signal,logs/cop165-cumulative-20260527-2ccb88e9-q10672/slurm-logs/xcsp-parse-cop-cumulative-165-log-scop-cumexact-timerd-20260526-2ccb88e9-q10672-19875381-57.out,logs/cop165-cumulative-20260527-2ccb88e9-q10672/slurm-logs/xcsp-parse-cop-cumulative-165-log-scop-cumexact-timerd-20260526-2ccb88e9-q10672-19875381-57.err,timeout_incumbent,COMPLETED,0:0,00:30:03,incumbent_interrupted_by_signal,logs/cop165-cumulative-20260527-2ccb88e9-q10672/slurm-logs/xcsp-parse-cop-cumulative-165-log-scop-cumexact-taskrd-20260526-2ccb88e9-q10672-19875382-57.out,logs/cop165-cumulative-20260527-2ccb88e9-q10672/slurm-logs/xcsp-parse-cop-cumulative-165-log-scop-cumexact-taskrd-20260526-2ccb88e9-q10672-19875382-57.err,timeout_unknown,COMPLETED,0:0,00:30:05,terminated_by_signal,logs/cop165-cumulative-20260527-2ccb88e9-q10672/slurm-logs/xcsp-parse-cop-cumulative-165-log-scop-cumext-boundprop-20260526-2ccb88e9-q10672-19875383-57.out,logs/cop165-cumulative-20260527-2ccb88e9-q10672/slurm-logs/xcsp-parse-cop-cumulative-165-log-scop-cumext-boundprop-20260526-2ccb88e9-q10672-19875383-57.err,out_of_memory,OUT_OF_MEMORY,0:125,00:09:13,slurmstepd: error: Detected 2 oom-kill event(s) in StepId=19875522.batch. Some of your processes may have been killed by the cgroup out-of-memory handler.,logs/cop165-cumulative-20260527-2ccb88e9-q10672/slurm-logs/xcsp-parse-cop-cumulative-165-order-ge-cumexact-timerd-20260526-2ccb88e9-q10672-19875378-57.out,logs/cop165-cumulative-20260527-2ccb88e9-q10672/slurm-logs/xcsp-parse-cop-cumulative-165-order-ge-cumexact-timerd-20260526-2ccb88e9-q10672-19875378-57.err,out_of_memory,OUT_OF_MEMORY,0:125,00:09:41,slurmstepd: error: Detected 1 oom-kill event(s) in StepId=19877820.batch. Some of your processes may have been killed by the cgroup out-of-memory handler.,logs/cop165-cumulative-20260527-2ccb88e9-q10672/slurm-logs/xcsp-parse-cop-cumulative-165-order-ge-cumexact-taskrd-20260526-2ccb88e9-q10672-19875379-57.out,logs/cop165-cumulative-20260527-2ccb88e9-q10672/slurm-logs/xcsp-parse-cop-cumulative-165-order-ge-cumexact-taskrd-20260526-2ccb88e9-q10672-19875379-57.err,out_of_memory,OUT_OF_MEMORY,0:125,00:09:45,slurmstepd: error: Detected 1 oom-kill event(s) in StepId=19880843.batch. Some of your processes may have been killed by the cgroup out-of-memory handler.,logs/cop165-cumulative-20260527-2ccb88e9-q10672/slurm-logs/xcsp-parse-cop-cumulative-165-order-ge-cumext-boundprop-20260526-2ccb88e9-q10672-19875380-57.out,logs/cop165-cumulative-20260527-2ccb88e9-q10672/slurm-logs/xcsp-parse-cop-cumulative-165-order-ge-cumext-boundprop-20260526-2ccb88e9-q10672-19875380-57.err
58,Cargo-08-222f-3475_c24.xml.lzma,COP22to25/Cargo-08-222f-3475_c24.xml.lzma,timeout_incumbent,COMPLETED,0:0,00:30:03,incumbent_interrupted_by_signal,logs/cop165-cumulative-20260527-2ccb88e9-q10672/slurm-logs/xcsp-parse-cop-cumulative-165-log-scop-cumexact-timerd-20260526-2ccb88e9-q10672-19875381-58.out,logs/cop165-cumulative-20260527-2ccb88e9-q10672/slurm-logs/xcsp-parse-cop-cumulative-165-log-scop-cumexact-timerd-20260526-2ccb88e9-q10672-19875381-58.err,timeout_incumbent,COMPLETED,0:0,00:30:05,incumbent_interrupted_by_signal,logs/cop165-cumulative-20260527-2ccb88e9-q10672/slurm-logs/xcsp-parse-cop-cumulative-165-log-scop-cumexact-taskrd-20260526-2ccb88e9-q10672-19875382-58.out,logs/cop165-cumulative-20260527-2ccb88e9-q10672/slurm-logs/xcsp-parse-cop-cumulative-165-log-scop-cumexact-taskrd-20260526-2ccb88e9-q10672-19875382-58.err,timeout_unknown,COMPLETED,0:0,00:30:04,terminated_by_signal,logs/cop165-cumulative-20260527-2ccb88e9-q10672/slurm-logs/xcsp-parse-cop-cumulative-165-log-scop-cumext-boundprop-20260526-2ccb88e9-q10672-19875383-58.out,logs/cop165-cumulative-20260527-2ccb88e9-q10672/slurm-logs/xcsp-parse-cop-cumulative-165-log-scop-cumext-boundprop-20260526-2ccb88e9-q10672-19875383-58.err,out_of_memory,OUT_OF_MEMORY,0:125,00:12:25,slurmstepd: error: Detected 1 oom-kill event(s) in StepId=19875523.batch. Some of your processes may have been killed by the cgroup out-of-memory handler.,logs/cop165-cumulative-20260527-2ccb88e9-q10672/slurm-logs/xcsp-parse-cop-cumulative-165-order-ge-cumexact-timerd-20260526-2ccb88e9-q10672-19875378-58.out,logs/cop165-cumulative-20260527-2ccb88e9-q10672/slurm-logs/xcsp-parse-cop-cumulative-165-order-ge-cumexact-timerd-20260526-2ccb88e9-q10672-19875378-58.err,out_of_memory,OUT_OF_MEMORY,0:125,00:09:15,slurmstepd: error: Detected 1 oom-kill event(s) in StepId=19877828.batch. Some of your processes may have been killed by the cgroup out-of-memory handler.,logs/cop165-cumulative-20260527-2ccb88e9-q10672/slurm-logs/xcsp-parse-cop-cumulative-165-order-ge-cumexact-taskrd-20260526-2ccb88e9-q10672-19875379-58.out,logs/cop165-cumulative-20260527-2ccb88e9-q10672/slurm-logs/xcsp-parse-cop-cumulative-165-order-ge-cumexact-taskrd-20260526-2ccb88e9-q10672-19875379-58.err,out_of_memory,OUT_OF_MEMORY,0:125,00:10:07,slurmstepd: error: Detected 7 oom-kill event(s) in StepId=19880846.batch. Some of your processes may have been killed by the cgroup out-of-memory handler.,logs/cop165-cumulative-20260527-2ccb88e9-q10672/slurm-logs/xcsp-parse-cop-cumulative-165-order-ge-cumext-boundprop-20260526-2ccb88e9-q10672-19875380-58.out,logs/cop165-cumulative-20260527-2ccb88e9-q10672/slurm-logs/xcsp-parse-cop-cumulative-165-order-ge-cumext-boundprop-20260526-2ccb88e9-q10672-19875380-58.err
59,CarpetCutting-test07_c23.xml.lzma,COP22to25/CarpetCutting-test07_c23.xml.lzma,timeout_incumbent,COMPLETED,0:0,00:30:06,incumbent_interrupted_by_signal,logs/cop165-cumulative-20260527-2ccb88e9-q10672/slurm-logs/xcsp-parse-cop-cumulative-165-log-scop-cumexact-timerd-20260526-2ccb88e9-q10672-19875381-59.out,logs/cop165-cumulative-20260527-2ccb88e9-q10672/slurm-logs/xcsp-parse-cop-cumulative-165-log-scop-cumexact-timerd-20260526-2ccb88e9-q10672-19875381-59.err,timeout_incumbent,COMPLETED,0:0,00:30:03,incumbent_interrupted_by_signal,logs/cop165-cumulative-20260527-2ccb88e9-q10672/slurm-logs/xcsp-parse-cop-cumulative-165-log-scop-cumexact-taskrd-20260526-2ccb88e9-q10672-19875382-59.out,logs/cop165-cumulative-20260527-2ccb88e9-q10672/slurm-logs/xcsp-parse-cop-cumulative-165-log-scop-cumexact-taskrd-20260526-2ccb88e9-q10672-19875382-59.err,timeout_incumbent,COMPLETED,0:0,00:30:04,incumbent_interrupted_by_signal,logs/cop165-cumulative-20260527-2ccb88e9-q10672/slurm-logs/xcsp-parse-cop-cumulative-165-log-scop-cumext-boundprop-20260526-2ccb88e9-q10672-19875383-59.out,logs/cop165-cumulative-20260527-2ccb88e9-q10672/slurm-logs/xcsp-parse-cop-cumulative-165-log-scop-cumext-boundprop-20260526-2ccb88e9-q10672-19875383-59.err,out_of_memory,OUT_OF_MEMORY,0:125,00:04:42,slurmstepd: error: Detected 1 oom-kill event(s) in StepId=19875524.batch. Some of your processes may have been killed by the cgroup out-of-memory handler.,logs/cop165-cumulative-20260527-2ccb88e9-q10672/slurm-logs/xcsp-parse-cop-cumulative-165-order-ge-cumexact-timerd-20260526-2ccb88e9-q10672-19875378-59.out,logs/cop165-cumulative-20260527-2ccb88e9-q10672/slurm-logs/xcsp-parse-cop-cumulative-165-order-ge-cumexact-timerd-20260526-2ccb88e9-q10672-19875378-59.err,out_of_memory,OUT_OF_MEMORY,0:125,00:07:39,slurmstepd: error: Detected 1 oom-kill event(s) in StepId=19877831.batch. Some of your processes may have been killed by the cgroup out-of-memory handler.,logs/cop165-cumulative-20260527-2ccb88e9-q10672/slurm-logs/xcsp-parse-cop-cumulative-165-order-ge-cumexact-taskrd-20260526-2ccb88e9-q10672-19875379-59.out,logs/cop165-cumulative-20260527-2ccb88e9-q10672/slurm-logs/xcsp-parse-cop-cumulative-165-order-ge-cumexact-taskrd-20260526-2ccb88e9-q10672-19875379-59.err,timeout_incumbent,COMPLETED,0:0,00:30:03,incumbent_interrupted_by_signal,logs/cop165-cumulative-20260527-2ccb88e9-q10672/slurm-logs/xcsp-parse-cop-cumulative-165-order-ge-cumext-boundprop-20260526-2ccb88e9-q10672-19875380-59.out,logs/cop165-cumulative-20260527-2ccb88e9-q10672/slurm-logs/xcsp-parse-cop-cumulative-165-order-ge-cumext-boundprop-20260526-2ccb88e9-q10672-19875380-59.err
60,CarpetCutting-test19_c23.xml.lzma,COP22to25/CarpetCutting-test19_c23.xml.lzma,timeout_incumbent,COMPLETED,0:0,00:30:07,incumbent_interrupted_by_signal,logs/cop165-cumulative-20260527-2ccb88e9-q10672/slurm-logs/xcsp-parse-cop-cumulative-165-log-scop-cumexact-timerd-20260526-2ccb88e9-q10672-19875381-60.out,logs/cop165-cumulative-20260527-2ccb88e9-q10672/slurm-logs/xcsp-parse-cop-cumulative-165-log-scop-cumexact-timerd-20260526-2ccb88e9-q10672-19875381-60.err,timeout_incumbent,COMPLETED,0:0,00:30:03,incumbent_interrupted_by_signal,logs/cop165-cumulative-20260527-2ccb88e9-q10672/slurm-logs/xcsp-parse-cop-cumulative-165-log-scop-cumexact-taskrd-20260526-2ccb88e9-q10672-19875382-60.out,logs/cop165-cumulative-20260527-2ccb88e9-q10672/slurm-logs/xcsp-parse-cop-cumulative-165-log-scop-cumexact-taskrd-20260526-2ccb88e9-q10672-19875382-60.err,timeout_incumbent,COMPLETED,0:0,00:30:03,incumbent_interrupted_by_signal,logs/cop165-cumulative-20260527-2ccb88e9-q10672/slurm-logs/xcsp-parse-cop-cumulative-165-log-scop-cumext-boundprop-20260526-2ccb88e9-q10672-19875383-60.out,logs/cop165-cumulative-20260527-2ccb88e9-q10672/slurm-logs/xcsp-parse-cop-cumulative-165-log-scop-cumext-boundprop-20260526-2ccb88e9-q10672-19875383-60.err,out_of_memory,OUT_OF_MEMORY,0:125,00:02:56,slurmstepd: error: Detected 1 oom-kill event(s) in StepId=19875531.batch. Some of your processes may have been killed by the cgroup out-of-memory handler.,logs/cop165-cumulative-20260527-2ccb88e9-q10672/slurm-logs/xcsp-parse-cop-cumulative-165-order-ge-cumexact-timerd-20260526-2ccb88e9-q10672-19875378-60.out,logs/cop165-cumulative-20260527-2ccb88e9-q10672/slurm-logs/xcsp-parse-cop-cumulative-165-order-ge-cumexact-timerd-20260526-2ccb88e9-q10672-19875378-60.err,out_of_memory,OUT_OF_MEMORY,0:125,00:06:39,slurmstepd: error: Detected 2 oom-kill event(s) in StepId=19877859.batch. Some of your processes may have been killed by the cgroup out-of-memory handler.,logs/cop165-cumulative-20260527-2ccb88e9-q10672/slurm-logs/xcsp-parse-cop-cumulative-165-order-ge-cumexact-taskrd-20260526-2ccb88e9-q10672-19875379-60.out,logs/cop165-cumulative-20260527-2ccb88e9-q10672/slurm-logs/xcsp-parse-cop-cumulative-165-order-ge-cumexact-taskrd-20260526-2ccb88e9-q10672-19875379-60.err,timeout_incumbent,COMPLETED,0:0,00:30:04,incumbent_interrupted_by_signal,logs/cop165-cumulative-20260527-2ccb88e9-q10672/slurm-logs/xcsp-parse-cop-cumulative-165-order-ge-cumext-boundprop-20260526-2ccb88e9-q10672-19875380-60.out,logs/cop165-cumulative-20260527-2ccb88e9-q10672/slurm-logs/xcsp-parse-cop-cumulative-165-order-ge-cumext-boundprop-20260526-2ccb88e9-q10672-19875380-60.err
61,CarpetCutting-test14_c23.xml.lzma,COP22to25/CarpetCutting-test14_c23.xml.lzma,timeout_incumbent,COMPLETED,0:0,00:30:04,incumbent_interrupted_by_signal,logs/cop165-cumulative-20260527-2ccb88e9-q10672/slurm-logs/xcsp-parse-cop-cumulative-165-log-scop-cumexact-timerd-20260526-2ccb88e9-q10672-19875381-61.out,logs/cop165-cumulative-20260527-2ccb88e9-q10672/slurm-logs/xcsp-parse-cop-cumulative-165-log-scop-cumexact-timerd-20260526-2ccb88e9-q10672-19875381-61.err,timeout_incumbent,COMPLETED,0:0,00:30:05,incumbent_interrupted_by_signal,logs/cop165-cumulative-20260527-2ccb88e9-q10672/slurm-logs/xcsp-parse-cop-cumulative-165-log-scop-cumexact-taskrd-20260526-2ccb88e9-q10672-19875382-61.out,logs/cop165-cumulative-20260527-2ccb88e9-q10672/slurm-logs/xcsp-parse-cop-cumulative-165-log-scop-cumexact-taskrd-20260526-2ccb88e9-q10672-19875382-61.err,timeout_incumbent,COMPLETED,0:0,00:30:05,incumbent_interrupted_by_signal,logs/cop165-cumulative-20260527-2ccb88e9-q10672/slurm-logs/xcsp-parse-cop-cumulative-165-log-scop-cumext-boundprop-20260526-2ccb88e9-q10672-19875383-61.out,logs/cop165-cumulative-20260527-2ccb88e9-q10672/slurm-logs/xcsp-parse-cop-cumulative-165-log-scop-cumext-boundprop-20260526-2ccb88e9-q10672-19875383-61.err,out_of_memory,OUT_OF_MEMORY,0:125,00:05:28,slurmstepd: error: Detected 6 oom-kill event(s) in StepId=19875545.batch. Some of your processes may have been killed by the cgroup out-of-memory handler.,logs/cop165-cumulative-20260527-2ccb88e9-q10672/slurm-logs/xcsp-parse-cop-cumulative-165-order-ge-cumexact-timerd-20260526-2ccb88e9-q10672-19875378-61.out,logs/cop165-cumulative-20260527-2ccb88e9-q10672/slurm-logs/xcsp-parse-cop-cumulative-165-order-ge-cumexact-timerd-20260526-2ccb88e9-q10672-19875378-61.err,out_of_memory,OUT_OF_MEMORY,0:125,00:07:25,slurmstepd: error: Detected 3 oom-kill event(s) in StepId=19877878.batch. Some of your processes may have been killed by the cgroup out-of-memory handler.,logs/cop165-cumulative-20260527-2ccb88e9-q10672/slurm-logs/xcsp-parse-cop-cumulative-165-order-ge-cumexact-taskrd-20260526-2ccb88e9-q10672-19875379-61.out,logs/cop165-cumulative-20260527-2ccb88e9-q10672/slurm-logs/xcsp-parse-cop-cumulative-165-order-ge-cumexact-taskrd-20260526-2ccb88e9-q10672-19875379-61.err,timeout_incumbent,COMPLETED,0:0,00:30:04,incumbent_interrupted_by_signal,logs/cop165-cumulative-20260527-2ccb88e9-q10672/slurm-logs/xcsp-parse-cop-cumulative-165-order-ge-cumext-boundprop-20260526-2ccb88e9-q10672-19875380-61.out,logs/cop165-cumulative-20260527-2ccb88e9-q10672/slurm-logs/xcsp-parse-cop-cumulative-165-order-ge-cumext-boundprop-20260526-2ccb88e9-q10672-19875380-61.err
62,CarpetCutting-test06_c23.xml.lzma,COP22to25/CarpetCutting-test06_c23.xml.lzma,out_of_memory,OUT_OF_MEMORY,0:125,00:06:00,slurmstepd: error: Detected 7 oom-kill event(s) in StepId=19884299.batch. Some of your processes may have been killed by the cgroup out-of-memory handler.,logs/cop165-cumulative-20260527-2ccb88e9-q10672/slurm-logs/xcsp-parse-cop-cumulative-165-log-scop-cumexact-timerd-20260526-2ccb88e9-q10672-19875381-62.out,logs/cop165-cumulative-20260527-2ccb88e9-q10672/slurm-logs/xcsp-parse-cop-cumulative-165-log-scop-cumexact-timerd-20260526-2ccb88e9-q10672-19875381-62.err,optimum,COMPLETED,0:0,00:02:57,,logs/cop165-cumulative-20260527-2ccb88e9-q10672/slurm-logs/xcsp-parse-cop-cumulative-165-log-scop-cumexact-taskrd-20260526-2ccb88e9-q10672-19875382-62.out,logs/cop165-cumulative-20260527-2ccb88e9-q10672/slurm-logs/xcsp-parse-cop-cumulative-165-log-scop-cumexact-taskrd-20260526-2ccb88e9-q10672-19875382-62.err,optimum,COMPLETED,0:0,00:01:00,,logs/cop165-cumulative-20260527-2ccb88e9-q10672/slurm-logs/xcsp-parse-cop-cumulative-165-log-scop-cumext-boundprop-20260526-2ccb88e9-q10672-19875383-62.out,logs/cop165-cumulative-20260527-2ccb88e9-q10672/slurm-logs/xcsp-parse-cop-cumulative-165-log-scop-cumext-boundprop-20260526-2ccb88e9-q10672-19875383-62.err,out_of_memory,OUT_OF_MEMORY,0:125,00:02:47,slurmstepd: error: Detected 2 oom-kill event(s) in StepId=19875550.batch. Some of your processes may have been killed by the cgroup out-of-memory handler.,logs/cop165-cumulative-20260527-2ccb88e9-q10672/slurm-logs/xcsp-parse-cop-cumulative-165-order-ge-cumexact-timerd-20260526-2ccb88e9-q10672-19875378-62.out,logs/cop165-cumulative-20260527-2ccb88e9-q10672/slurm-logs/xcsp-parse-cop-cumulative-165-order-ge-cumexact-timerd-20260526-2ccb88e9-q10672-19875378-62.err,out_of_memory,OUT_OF_MEMORY,0:125,00:07:20,slurmstepd: error: Detected 10 oom-kill event(s) in StepId=19877905.batch. Some of your processes may have been killed by the cgroup out-of-memory handler.,logs/cop165-cumulative-20260527-2ccb88e9-q10672/slurm-logs/xcsp-parse-cop-cumulative-165-order-ge-cumexact-taskrd-20260526-2ccb88e9-q10672-19875379-62.out,logs/cop165-cumulative-20260527-2ccb88e9-q10672/slurm-logs/xcsp-parse-cop-cumulative-165-order-ge-cumexact-taskrd-20260526-2ccb88e9-q10672-19875379-62.err,optimum,COMPLETED,0:0,00:20:35,,logs/cop165-cumulative-20260527-2ccb88e9-q10672/slurm-logs/xcsp-parse-cop-cumulative-165-order-ge-cumext-boundprop-20260526-2ccb88e9-q10672-19875380-62.out,logs/cop165-cumulative-20260527-2ccb88e9-q10672/slurm-logs/xcsp-parse-cop-cumulative-165-order-ge-cumext-boundprop-20260526-2ccb88e9-q10672-19875380-62.err
63,CarpetCutting-test09_c23.xml.lzma,COP22to25/CarpetCutting-test09_c23.xml.lzma,out_of_memory,OUT_OF_MEMORY,0:125,00:05:54,slurmstepd: error: Detected 1 oom-kill event(s) in StepId=19884300.batch. Some of your processes may have been killed by the cgroup out-of-memory handler.,logs/cop165-cumulative-20260527-2ccb88e9-q10672/slurm-logs/xcsp-parse-cop-cumulative-165-log-scop-cumexact-timerd-20260526-2ccb88e9-q10672-19875381-63.out,logs/cop165-cumulative-20260527-2ccb88e9-q10672/slurm-logs/xcsp-parse-cop-cumulative-165-log-scop-cumexact-timerd-20260526-2ccb88e9-q10672-19875381-63.err,optimum,COMPLETED,0:0,00:04:54,,logs/cop165-cumulative-20260527-2ccb88e9-q10672/slurm-logs/xcsp-parse-cop-cumulative-165-log-scop-cumexact-taskrd-20260526-2ccb88e9-q10672-19875382-63.out,logs/cop165-cumulative-20260527-2ccb88e9-q10672/slurm-logs/xcsp-parse-cop-cumulative-165-log-scop-cumexact-taskrd-20260526-2ccb88e9-q10672-19875382-63.err,optimum,COMPLETED,0:0,00:01:35,,logs/cop165-cumulative-20260527-2ccb88e9-q10672/slurm-logs/xcsp-parse-cop-cumulative-165-log-scop-cumext-boundprop-20260526-2ccb88e9-q10672-19875383-63.out,logs/cop165-cumulative-20260527-2ccb88e9-q10672/slurm-logs/xcsp-parse-cop-cumulative-165-log-scop-cumext-boundprop-20260526-2ccb88e9-q10672-19875383-63.err,out_of_memory,OUT_OF_MEMORY,0:125,00:03:40,slurmstepd: error: Detected 1 oom-kill event(s) in StepId=19875552.batch. Some of your processes may have been killed by the cgroup out-of-memory handler.,logs/cop165-cumulative-20260527-2ccb88e9-q10672/slurm-logs/xcsp-parse-cop-cumulative-165-order-ge-cumexact-timerd-20260526-2ccb88e9-q10672-19875378-63.out,logs/cop165-cumulative-20260527-2ccb88e9-q10672/slurm-logs/xcsp-parse-cop-cumulative-165-order-ge-cumexact-timerd-20260526-2ccb88e9-q10672-19875378-63.err,out_of_memory,OUT_OF_MEMORY,0:125,00:06:45,slurmstepd: error: Detected 11 oom-kill event(s) in StepId=19877933.batch. Some of your processes may have been killed by the cgroup out-of-memory handler.,logs/cop165-cumulative-20260527-2ccb88e9-q10672/slurm-logs/xcsp-parse-cop-cumulative-165-order-ge-cumexact-taskrd-20260526-2ccb88e9-q10672-19875379-63.out,logs/cop165-cumulative-20260527-2ccb88e9-q10672/slurm-logs/xcsp-parse-cop-cumulative-165-order-ge-cumexact-taskrd-20260526-2ccb88e9-q10672-19875379-63.err,timeout_incumbent,COMPLETED,0:0,00:30:03,incumbent_interrupted_by_signal,logs/cop165-cumulative-20260527-2ccb88e9-q10672/slurm-logs/xcsp-parse-cop-cumulative-165-order-ge-cumext-boundprop-20260526-2ccb88e9-q10672-19875380-63.out,logs/cop165-cumulative-20260527-2ccb88e9-q10672/slurm-logs/xcsp-parse-cop-cumulative-165-order-ge-cumext-boundprop-20260526-2ccb88e9-q10672-19875380-63.err
64,VRP_LC-09-05-15-s2_c24.xml.lzma,COP22to25/VRP_LC-09-05-15-s2_c24.xml.lzma,timeout_incumbent,COMPLETED,0:0,00:30:05,incumbent_interrupted_by_signal,logs/cop165-cumulative-20260527-2ccb88e9-q10672/slurm-logs/xcsp-parse-cop-cumulative-165-log-scop-cumexact-timerd-20260526-2ccb88e9-q10672-19875381-64.out,logs/cop165-cumulative-20260527-2ccb88e9-q10672/slurm-logs/xcsp-parse-cop-cumulative-165-log-scop-cumexact-timerd-20260526-2ccb88e9-q10672-19875381-64.err,timeout_incumbent,COMPLETED,0:0,00:30:03,incumbent_interrupted_by_signal,logs/cop165-cumulative-20260527-2ccb88e9-q10672/slurm-logs/xcsp-parse-cop-cumulative-165-log-scop-cumexact-taskrd-20260526-2ccb88e9-q10672-19875382-64.out,logs/cop165-cumulative-20260527-2ccb88e9-q10672/slurm-logs/xcsp-parse-cop-cumulative-165-log-scop-cumexact-taskrd-20260526-2ccb88e9-q10672-19875382-64.err,timeout_incumbent,COMPLETED,0:0,00:30:03,incumbent_interrupted_by_signal,logs/cop165-cumulative-20260527-2ccb88e9-q10672/slurm-logs/xcsp-parse-cop-cumulative-165-log-scop-cumext-boundprop-20260526-2ccb88e9-q10672-19875383-64.out,logs/cop165-cumulative-20260527-2ccb88e9-q10672/slurm-logs/xcsp-parse-cop-cumulative-165-log-scop-cumext-boundprop-20260526-2ccb88e9-q10672-19875383-64.err,timeout_incumbent,COMPLETED,0:0,00:30:04,incumbent_interrupted_by_signal,logs/cop165-cumulative-20260527-2ccb88e9-q10672/slurm-logs/xcsp-parse-cop-cumulative-165-order-ge-cumexact-timerd-20260526-2ccb88e9-q10672-19875378-64.out,logs/cop165-cumulative-20260527-2ccb88e9-q10672/slurm-logs/xcsp-parse-cop-cumulative-165-order-ge-cumexact-timerd-20260526-2ccb88e9-q10672-19875378-64.err,timeout_incumbent,COMPLETED,0:0,00:30:04,incumbent_interrupted_by_signal,logs/cop165-cumulative-20260527-2ccb88e9-q10672/slurm-logs/xcsp-parse-cop-cumulative-165-order-ge-cumexact-taskrd-20260526-2ccb88e9-q10672-19875379-64.out,logs/cop165-cumulative-20260527-2ccb88e9-q10672/slurm-logs/xcsp-parse-cop-cumulative-165-order-ge-cumexact-taskrd-20260526-2ccb88e9-q10672-19875379-64.err,timeout_incumbent,COMPLETED,0:0,00:30:03,incumbent_interrupted_by_signal,logs/cop165-cumulative-20260527-2ccb88e9-q10672/slurm-logs/xcsp-parse-cop-cumulative-165-order-ge-cumext-boundprop-20260526-2ccb88e9-q10672-19875380-64.out,logs/cop165-cumulative-20260527-2ccb88e9-q10672/slurm-logs/xcsp-parse-cop-cumulative-165-order-ge-cumext-boundprop-20260526-2ccb88e9-q10672-19875380-64.err
65,VRP_LC-09-05-15-s3_c24.xml.lzma,COP22to25/VRP_LC-09-05-15-s3_c24.xml.lzma,timeout_incumbent,COMPLETED,0:0,00:30:04,incumbent_interrupted_by_signal,logs/cop165-cumulative-20260527-2ccb88e9-q10672/slurm-logs/xcsp-parse-cop-cumulative-165-log-scop-cumexact-timerd-20260526-2ccb88e9-q10672-19875381-65.out,logs/cop165-cumulative-20260527-2ccb88e9-q10672/slurm-logs/xcsp-parse-cop-cumulative-165-log-scop-cumexact-timerd-20260526-2ccb88e9-q10672-19875381-65.err,timeout_incumbent,COMPLETED,0:0,00:30:04,incumbent_interrupted_by_signal,logs/cop165-cumulative-20260527-2ccb88e9-q10672/slurm-logs/xcsp-parse-cop-cumulative-165-log-scop-cumexact-taskrd-20260526-2ccb88e9-q10672-19875382-65.out,logs/cop165-cumulative-20260527-2ccb88e9-q10672/slurm-logs/xcsp-parse-cop-cumulative-165-log-scop-cumexact-taskrd-20260526-2ccb88e9-q10672-19875382-65.err,timeout_incumbent,COMPLETED,0:0,00:30:04,incumbent_interrupted_by_signal,logs/cop165-cumulative-20260527-2ccb88e9-q10672/slurm-logs/xcsp-parse-cop-cumulative-165-log-scop-cumext-boundprop-20260526-2ccb88e9-q10672-19875383-65.out,logs/cop165-cumulative-20260527-2ccb88e9-q10672/slurm-logs/xcsp-parse-cop-cumulative-165-log-scop-cumext-boundprop-20260526-2ccb88e9-q10672-19875383-65.err,timeout_incumbent,COMPLETED,0:0,00:30:04,incumbent_interrupted_by_signal,logs/cop165-cumulative-20260527-2ccb88e9-q10672/slurm-logs/xcsp-parse-cop-cumulative-165-order-ge-cumexact-timerd-20260526-2ccb88e9-q10672-19875378-65.out,logs/cop165-cumulative-20260527-2ccb88e9-q10672/slurm-logs/xcsp-parse-cop-cumulative-165-order-ge-cumexact-timerd-20260526-2ccb88e9-q10672-19875378-65.err,timeout_incumbent,COMPLETED,0:0,00:30:04,incumbent_interrupted_by_signal,logs/cop165-cumulative-20260527-2ccb88e9-q10672/slurm-logs/xcsp-parse-cop-cumulative-165-order-ge-cumexact-taskrd-20260526-2ccb88e9-q10672-19875379-65.out,logs/cop165-cumulative-20260527-2ccb88e9-q10672/slurm-logs/xcsp-parse-cop-cumulative-165-order-ge-cumexact-taskrd-20260526-2ccb88e9-q10672-19875379-65.err,timeout_incumbent,COMPLETED,0:0,00:30:03,incumbent_interrupted_by_signal,logs/cop165-cumulative-20260527-2ccb88e9-q10672/slurm-logs/xcsp-parse-cop-cumulative-165-order-ge-cumext-boundprop-20260526-2ccb88e9-q10672-19875380-65.out,logs/cop165-cumulative-20260527-2ccb88e9-q10672/slurm-logs/xcsp-parse-cop-cumulative-165-order-ge-cumext-boundprop-20260526-2ccb88e9-q10672-19875380-65.err
66,FlexibleJobshopScen-dh-5-16-005_c25.xml.lzma,COP22to25/FlexibleJobshopScen-dh-5-16-005_c25.xml.lzma,timeout_incumbent,COMPLETED,0:0,00:30:05,incumbent_interrupted_by_signal,logs/cop165-cumulative-20260527-2ccb88e9-q10672/slurm-logs/xcsp-parse-cop-cumulative-165-log-scop-cumexact-timerd-20260526-2ccb88e9-q10672-19875381-66.out,logs/cop165-cumulative-20260527-2ccb88e9-q10672/slurm-logs/xcsp-parse-cop-cumulative-165-log-scop-cumexact-timerd-20260526-2ccb88e9-q10672-19875381-66.err,optimum,COMPLETED,0:0,00:00:28,,logs/cop165-cumulative-20260527-2ccb88e9-q10672/slurm-logs/xcsp-parse-cop-cumulative-165-log-scop-cumexact-taskrd-20260526-2ccb88e9-q10672-19875382-66.out,logs/cop165-cumulative-20260527-2ccb88e9-q10672/slurm-logs/xcsp-parse-cop-cumulative-165-log-scop-cumexact-taskrd-20260526-2ccb88e9-q10672-19875382-66.err,optimum,COMPLETED,0:0,00:00:06,,logs/cop165-cumulative-20260527-2ccb88e9-q10672/slurm-logs/xcsp-parse-cop-cumulative-165-log-scop-cumext-boundprop-20260526-2ccb88e9-q10672-19875383-66.out,logs/cop165-cumulative-20260527-2ccb88e9-q10672/slurm-logs/xcsp-parse-cop-cumulative-165-log-scop-cumext-boundprop-20260526-2ccb88e9-q10672-19875383-66.err,sat_no_proof,COMPLETED,0:0,00:01:30,best incumbent shown; objective improvement search stopped before optimality proof: eager incremental objective cut could not be encoded,logs/cop165-cumulative-20260527-2ccb88e9-q10672/slurm-logs/xcsp-parse-cop-cumulative-165-order-ge-cumexact-timerd-20260526-2ccb88e9-q10672-19875378-66.out,logs/cop165-cumulative-20260527-2ccb88e9-q10672/slurm-logs/xcsp-parse-cop-cumulative-165-order-ge-cumexact-timerd-20260526-2ccb88e9-q10672-19875378-66.err,sat_no_proof,COMPLETED,0:0,00:00:11,best incumbent shown; objective improvement search stopped before optimality proof: eager incremental objective cut could not be encoded,logs/cop165-cumulative-20260527-2ccb88e9-q10672/slurm-logs/xcsp-parse-cop-cumulative-165-order-ge-cumexact-taskrd-20260526-2ccb88e9-q10672-19875379-66.out,logs/cop165-cumulative-20260527-2ccb88e9-q10672/slurm-logs/xcsp-parse-cop-cumulative-165-order-ge-cumexact-taskrd-20260526-2ccb88e9-q10672-19875379-66.err,sat_no_proof,COMPLETED,0:0,00:00:14,best incumbent shown; objective improvement search stopped before optimality proof: eager incremental objective cut could not be encoded,logs/cop165-cumulative-20260527-2ccb88e9-q10672/slurm-logs/xcsp-parse-cop-cumulative-165-order-ge-cumext-boundprop-20260526-2ccb88e9-q10672-19875380-66.out,logs/cop165-cumulative-20260527-2ccb88e9-q10672/slurm-logs/xcsp-parse-cop-cumulative-165-order-ge-cumext-boundprop-20260526-2ccb88e9-q10672-19875380-66.err
67,VRP_LC-11-05-15-s3_c24.xml.lzma,COP22to25/VRP_LC-11-05-15-s3_c24.xml.lzma,timeout_incumbent,COMPLETED,0:0,00:30:03,incumbent_interrupted_by_signal,logs/cop165-cumulative-20260527-2ccb88e9-q10672/slurm-logs/xcsp-parse-cop-cumulative-165-log-scop-cumexact-timerd-20260526-2ccb88e9-q10672-19875381-67.out,logs/cop165-cumulative-20260527-2ccb88e9-q10672/slurm-logs/xcsp-parse-cop-cumulative-165-log-scop-cumexact-timerd-20260526-2ccb88e9-q10672-19875381-67.err,timeout_incumbent,COMPLETED,0:0,00:30:03,incumbent_interrupted_by_signal,logs/cop165-cumulative-20260527-2ccb88e9-q10672/slurm-logs/xcsp-parse-cop-cumulative-165-log-scop-cumexact-taskrd-20260526-2ccb88e9-q10672-19875382-67.out,logs/cop165-cumulative-20260527-2ccb88e9-q10672/slurm-logs/xcsp-parse-cop-cumulative-165-log-scop-cumexact-taskrd-20260526-2ccb88e9-q10672-19875382-67.err,timeout_incumbent,COMPLETED,0:0,00:30:03,incumbent_interrupted_by_signal,logs/cop165-cumulative-20260527-2ccb88e9-q10672/slurm-logs/xcsp-parse-cop-cumulative-165-log-scop-cumext-boundprop-20260526-2ccb88e9-q10672-19875383-67.out,logs/cop165-cumulative-20260527-2ccb88e9-q10672/slurm-logs/xcsp-parse-cop-cumulative-165-log-scop-cumext-boundprop-20260526-2ccb88e9-q10672-19875383-67.err,timeout_incumbent,COMPLETED,0:0,00:30:04,incumbent_interrupted_by_signal,logs/cop165-cumulative-20260527-2ccb88e9-q10672/slurm-logs/xcsp-parse-cop-cumulative-165-order-ge-cumexact-timerd-20260526-2ccb88e9-q10672-19875378-67.out,logs/cop165-cumulative-20260527-2ccb88e9-q10672/slurm-logs/xcsp-parse-cop-cumulative-165-order-ge-cumexact-timerd-20260526-2ccb88e9-q10672-19875378-67.err,timeout_incumbent,COMPLETED,0:0,00:30:04,incumbent_interrupted_by_signal,logs/cop165-cumulative-20260527-2ccb88e9-q10672/slurm-logs/xcsp-parse-cop-cumulative-165-order-ge-cumexact-taskrd-20260526-2ccb88e9-q10672-19875379-67.out,logs/cop165-cumulative-20260527-2ccb88e9-q10672/slurm-logs/xcsp-parse-cop-cumulative-165-order-ge-cumexact-taskrd-20260526-2ccb88e9-q10672-19875379-67.err,timeout_incumbent,COMPLETED,0:0,00:30:03,incumbent_interrupted_by_signal,logs/cop165-cumulative-20260527-2ccb88e9-q10672/slurm-logs/xcsp-parse-cop-cumulative-165-order-ge-cumext-boundprop-20260526-2ccb88e9-q10672-19875380-67.out,logs/cop165-cumulative-20260527-2ccb88e9-q10672/slurm-logs/xcsp-parse-cop-cumulative-165-order-ge-cumext-boundprop-20260526-2ccb88e9-q10672-19875380-67.err
68,VRP_LC-11-05-15-s4_c24.xml.lzma,COP22to25/VRP_LC-11-05-15-s4_c24.xml.lzma,timeout_incumbent,COMPLETED,0:0,00:30:04,incumbent_interrupted_by_signal,logs/cop165-cumulative-20260527-2ccb88e9-q10672/slurm-logs/xcsp-parse-cop-cumulative-165-log-scop-cumexact-timerd-20260526-2ccb88e9-q10672-19875381-68.out,logs/cop165-cumulative-20260527-2ccb88e9-q10672/slurm-logs/xcsp-parse-cop-cumulative-165-log-scop-cumexact-timerd-20260526-2ccb88e9-q10672-19875381-68.err,timeout_incumbent,COMPLETED,0:0,00:30:03,incumbent_interrupted_by_signal,logs/cop165-cumulative-20260527-2ccb88e9-q10672/slurm-logs/xcsp-parse-cop-cumulative-165-log-scop-cumexact-taskrd-20260526-2ccb88e9-q10672-19875382-68.out,logs/cop165-cumulative-20260527-2ccb88e9-q10672/slurm-logs/xcsp-parse-cop-cumulative-165-log-scop-cumexact-taskrd-20260526-2ccb88e9-q10672-19875382-68.err,timeout_incumbent,COMPLETED,0:0,00:30:03,incumbent_interrupted_by_signal,logs/cop165-cumulative-20260527-2ccb88e9-q10672/slurm-logs/xcsp-parse-cop-cumulative-165-log-scop-cumext-boundprop-20260526-2ccb88e9-q10672-19875383-68.out,logs/cop165-cumulative-20260527-2ccb88e9-q10672/slurm-logs/xcsp-parse-cop-cumulative-165-log-scop-cumext-boundprop-20260526-2ccb88e9-q10672-19875383-68.err,timeout_incumbent,COMPLETED,0:0,00:30:06,incumbent_interrupted_by_signal,logs/cop165-cumulative-20260527-2ccb88e9-q10672/slurm-logs/xcsp-parse-cop-cumulative-165-order-ge-cumexact-timerd-20260526-2ccb88e9-q10672-19875378-68.out,logs/cop165-cumulative-20260527-2ccb88e9-q10672/slurm-logs/xcsp-parse-cop-cumulative-165-order-ge-cumexact-timerd-20260526-2ccb88e9-q10672-19875378-68.err,timeout_incumbent,COMPLETED,0:0,00:30:04,incumbent_interrupted_by_signal,logs/cop165-cumulative-20260527-2ccb88e9-q10672/slurm-logs/xcsp-parse-cop-cumulative-165-order-ge-cumexact-taskrd-20260526-2ccb88e9-q10672-19875379-68.out,logs/cop165-cumulative-20260527-2ccb88e9-q10672/slurm-logs/xcsp-parse-cop-cumulative-165-order-ge-cumexact-taskrd-20260526-2ccb88e9-q10672-19875379-68.err,timeout_incumbent,COMPLETED,0:0,00:30:05,incumbent_interrupted_by_signal,logs/cop165-cumulative-20260527-2ccb88e9-q10672/slurm-logs/xcsp-parse-cop-cumulative-165-order-ge-cumext-boundprop-20260526-2ccb88e9-q10672-19875380-68.out,logs/cop165-cumulative-20260527-2ccb88e9-q10672/slurm-logs/xcsp-parse-cop-cumulative-165-order-ge-cumext-boundprop-20260526-2ccb88e9-q10672-19875380-68.err
69,CarpetCutting-test18_c23.xml.lzma,COP22to25/CarpetCutting-test18_c23.xml.lzma,timeout_incumbent,COMPLETED,0:0,00:30:05,incumbent_interrupted_by_signal,logs/cop165-cumulative-20260527-2ccb88e9-q10672/slurm-logs/xcsp-parse-cop-cumulative-165-log-scop-cumexact-timerd-20260526-2ccb88e9-q10672-19875381-69.out,logs/cop165-cumulative-20260527-2ccb88e9-q10672/slurm-logs/xcsp-parse-cop-cumulative-165-log-scop-cumexact-timerd-20260526-2ccb88e9-q10672-19875381-69.err,timeout_incumbent,COMPLETED,0:0,00:30:04,incumbent_interrupted_by_signal,logs/cop165-cumulative-20260527-2ccb88e9-q10672/slurm-logs/xcsp-parse-cop-cumulative-165-log-scop-cumexact-taskrd-20260526-2ccb88e9-q10672-19875382-69.out,logs/cop165-cumulative-20260527-2ccb88e9-q10672/slurm-logs/xcsp-parse-cop-cumulative-165-log-scop-cumexact-taskrd-20260526-2ccb88e9-q10672-19875382-69.err,timeout_incumbent,COMPLETED,0:0,00:30:04,incumbent_interrupted_by_signal,logs/cop165-cumulative-20260527-2ccb88e9-q10672/slurm-logs/xcsp-parse-cop-cumulative-165-log-scop-cumext-boundprop-20260526-2ccb88e9-q10672-19875383-69.out,logs/cop165-cumulative-20260527-2ccb88e9-q10672/slurm-logs/xcsp-parse-cop-cumulative-165-log-scop-cumext-boundprop-20260526-2ccb88e9-q10672-19875383-69.err,out_of_memory,OUT_OF_MEMORY,0:125,00:03:47,slurmstepd: error: Detected 2 oom-kill event(s) in StepId=19875595.batch. Some of your processes may have been killed by the cgroup out-of-memory handler.,logs/cop165-cumulative-20260527-2ccb88e9-q10672/slurm-logs/xcsp-parse-cop-cumulative-165-order-ge-cumexact-timerd-20260526-2ccb88e9-q10672-19875378-69.out,logs/cop165-cumulative-20260527-2ccb88e9-q10672/slurm-logs/xcsp-parse-cop-cumulative-165-order-ge-cumexact-timerd-20260526-2ccb88e9-q10672-19875378-69.err,out_of_memory,OUT_OF_MEMORY,0:125,00:07:08,slurmstepd: error: Detected 1 oom-kill event(s) in StepId=19878009.batch. Some of your processes may have been killed by the cgroup out-of-memory handler.,logs/cop165-cumulative-20260527-2ccb88e9-q10672/slurm-logs/xcsp-parse-cop-cumulative-165-order-ge-cumexact-taskrd-20260526-2ccb88e9-q10672-19875379-69.out,logs/cop165-cumulative-20260527-2ccb88e9-q10672/slurm-logs/xcsp-parse-cop-cumulative-165-order-ge-cumexact-taskrd-20260526-2ccb88e9-q10672-19875379-69.err,timeout_incumbent,COMPLETED,0:0,00:30:04,incumbent_interrupted_by_signal,logs/cop165-cumulative-20260527-2ccb88e9-q10672/slurm-logs/xcsp-parse-cop-cumulative-165-order-ge-cumext-boundprop-20260526-2ccb88e9-q10672-19875380-69.out,logs/cop165-cumulative-20260527-2ccb88e9-q10672/slurm-logs/xcsp-parse-cop-cumulative-165-order-ge-cumext-boundprop-20260526-2ccb88e9-q10672-19875380-69.err
70,FlexibleJobshopScen-dh-6-18-005_c25.xml.lzma,COP22to25/FlexibleJobshopScen-dh-6-18-005_c25.xml.lzma,optimum,COMPLETED,0:0,00:16:00,,logs/cop165-cumulative-20260527-2ccb88e9-q10672/slurm-logs/xcsp-parse-cop-cumulative-165-log-scop-cumexact-timerd-20260526-2ccb88e9-q10672-19875381-70.out,logs/cop165-cumulative-20260527-2ccb88e9-q10672/slurm-logs/xcsp-parse-cop-cumulative-165-log-scop-cumexact-timerd-20260526-2ccb88e9-q10672-19875381-70.err,optimum,COMPLETED,0:0,00:00:11,,logs/cop165-cumulative-20260527-2ccb88e9-q10672/slurm-logs/xcsp-parse-cop-cumulative-165-log-scop-cumexact-taskrd-20260526-2ccb88e9-q10672-19875382-70.out,logs/cop165-cumulative-20260527-2ccb88e9-q10672/slurm-logs/xcsp-parse-cop-cumulative-165-log-scop-cumexact-taskrd-20260526-2ccb88e9-q10672-19875382-70.err,optimum,COMPLETED,0:0,00:00:05,,logs/cop165-cumulative-20260527-2ccb88e9-q10672/slurm-logs/xcsp-parse-cop-cumulative-165-log-scop-cumext-boundprop-20260526-2ccb88e9-q10672-19875383-70.out,logs/cop165-cumulative-20260527-2ccb88e9-q10672/slurm-logs/xcsp-parse-cop-cumulative-165-log-scop-cumext-boundprop-20260526-2ccb88e9-q10672-19875383-70.err,sat_no_proof,COMPLETED,0:0,00:01:03,best incumbent shown; objective improvement search stopped before optimality proof: eager incremental objective cut could not be encoded,logs/cop165-cumulative-20260527-2ccb88e9-q10672/slurm-logs/xcsp-parse-cop-cumulative-165-order-ge-cumexact-timerd-20260526-2ccb88e9-q10672-19875378-70.out,logs/cop165-cumulative-20260527-2ccb88e9-q10672/slurm-logs/xcsp-parse-cop-cumulative-165-order-ge-cumexact-timerd-20260526-2ccb88e9-q10672-19875378-70.err,sat_no_proof,COMPLETED,0:0,00:00:11,best incumbent shown; objective improvement search stopped before optimality proof: eager incremental objective cut could not be encoded,logs/cop165-cumulative-20260527-2ccb88e9-q10672/slurm-logs/xcsp-parse-cop-cumulative-165-order-ge-cumexact-taskrd-20260526-2ccb88e9-q10672-19875379-70.out,logs/cop165-cumulative-20260527-2ccb88e9-q10672/slurm-logs/xcsp-parse-cop-cumulative-165-order-ge-cumexact-taskrd-20260526-2ccb88e9-q10672-19875379-70.err,sat_no_proof,COMPLETED,0:0,00:00:09,best incumbent shown; objective improvement search stopped before optimality proof: eager incremental objective cut could not be encoded,logs/cop165-cumulative-20260527-2ccb88e9-q10672/slurm-logs/xcsp-parse-cop-cumulative-165-order-ge-cumext-boundprop-20260526-2ccb88e9-q10672-19875380-70.out,logs/cop165-cumulative-20260527-2ccb88e9-q10672/slurm-logs/xcsp-parse-cop-cumulative-165-order-ge-cumext-boundprop-20260526-2ccb88e9-q10672-19875380-70.err
71,CarpetCutting-test17_c23.xml.lzma,COP22to25/CarpetCutting-test17_c23.xml.lzma,out_of_memory,OUT_OF_MEMORY,0:125,00:24:42,slurmstepd: error: Detected 10 oom-kill event(s) in StepId=19884506.batch. Some of your processes may have been killed by the cgroup out-of-memory handler.,logs/cop165-cumulative-20260527-2ccb88e9-q10672/slurm-logs/xcsp-parse-cop-cumulative-165-log-scop-cumexact-timerd-20260526-2ccb88e9-q10672-19875381-71.out,logs/cop165-cumulative-20260527-2ccb88e9-q10672/slurm-logs/xcsp-parse-cop-cumulative-165-log-scop-cumexact-timerd-20260526-2ccb88e9-q10672-19875381-71.err,timeout_incumbent,COMPLETED,0:0,00:30:03,incumbent_interrupted_by_signal,logs/cop165-cumulative-20260527-2ccb88e9-q10672/slurm-logs/xcsp-parse-cop-cumulative-165-log-scop-cumexact-taskrd-20260526-2ccb88e9-q10672-19875382-71.out,logs/cop165-cumulative-20260527-2ccb88e9-q10672/slurm-logs/xcsp-parse-cop-cumulative-165-log-scop-cumexact-taskrd-20260526-2ccb88e9-q10672-19875382-71.err,timeout_incumbent,COMPLETED,0:0,00:30:05,incumbent_interrupted_by_signal,logs/cop165-cumulative-20260527-2ccb88e9-q10672/slurm-logs/xcsp-parse-cop-cumulative-165-log-scop-cumext-boundprop-20260526-2ccb88e9-q10672-19875383-71.out,logs/cop165-cumulative-20260527-2ccb88e9-q10672/slurm-logs/xcsp-parse-cop-cumulative-165-log-scop-cumext-boundprop-20260526-2ccb88e9-q10672-19875383-71.err,out_of_memory,OUT_OF_MEMORY,0:125,00:03:01,slurmstepd: error: Detected 1 oom-kill event(s) in StepId=19875630.batch. Some of your processes may have been killed by the cgroup out-of-memory handler.,logs/cop165-cumulative-20260527-2ccb88e9-q10672/slurm-logs/xcsp-parse-cop-cumulative-165-order-ge-cumexact-timerd-20260526-2ccb88e9-q10672-19875378-71.out,logs/cop165-cumulative-20260527-2ccb88e9-q10672/slurm-logs/xcsp-parse-cop-cumulative-165-order-ge-cumexact-timerd-20260526-2ccb88e9-q10672-19875378-71.err,out_of_memory,OUT_OF_MEMORY,0:125,00:08:22,slurmstepd: error: Detected 1 oom-kill event(s) in StepId=19878022.batch. Some of your processes may have been killed by the cgroup out-of-memory handler.,logs/cop165-cumulative-20260527-2ccb88e9-q10672/slurm-logs/xcsp-parse-cop-cumulative-165-order-ge-cumexact-taskrd-20260526-2ccb88e9-q10672-19875379-71.out,logs/cop165-cumulative-20260527-2ccb88e9-q10672/slurm-logs/xcsp-parse-cop-cumulative-165-order-ge-cumexact-taskrd-20260526-2ccb88e9-q10672-19875379-71.err,timeout_incumbent,COMPLETED,0:0,00:30:04,incumbent_interrupted_by_signal,logs/cop165-cumulative-20260527-2ccb88e9-q10672/slurm-logs/xcsp-parse-cop-cumulative-165-order-ge-cumext-boundprop-20260526-2ccb88e9-q10672-19875380-71.out,logs/cop165-cumulative-20260527-2ccb88e9-q10672/slurm-logs/xcsp-parse-cop-cumulative-165-order-ge-cumext-boundprop-20260526-2ccb88e9-q10672-19875380-71.err
72,LargeScaleScheduling-00400-0_c23.xml.lzma,COP22to25/LargeScaleScheduling-00400-0_c23.xml.lzma,timeout_incumbent,COMPLETED,0:0,00:30:04,incumbent_interrupted_by_signal,logs/cop165-cumulative-20260527-2ccb88e9-q10672/slurm-logs/xcsp-parse-cop-cumulative-165-log-scop-cumexact-timerd-20260526-2ccb88e9-q10672-19875381-72.out,logs/cop165-cumulative-20260527-2ccb88e9-q10672/slurm-logs/xcsp-parse-cop-cumulative-165-log-scop-cumexact-timerd-20260526-2ccb88e9-q10672-19875381-72.err,timeout_incumbent,COMPLETED,0:0,00:30:04,incumbent_interrupted_by_signal,logs/cop165-cumulative-20260527-2ccb88e9-q10672/slurm-logs/xcsp-parse-cop-cumulative-165-log-scop-cumexact-taskrd-20260526-2ccb88e9-q10672-19875382-72.out,logs/cop165-cumulative-20260527-2ccb88e9-q10672/slurm-logs/xcsp-parse-cop-cumulative-165-log-scop-cumexact-taskrd-20260526-2ccb88e9-q10672-19875382-72.err,timeout_incumbent,COMPLETED,0:0,00:30:05,incumbent_interrupted_by_signal,logs/cop165-cumulative-20260527-2ccb88e9-q10672/slurm-logs/xcsp-parse-cop-cumulative-165-log-scop-cumext-boundprop-20260526-2ccb88e9-q10672-19875383-72.out,logs/cop165-cumulative-20260527-2ccb88e9-q10672/slurm-logs/xcsp-parse-cop-cumulative-165-log-scop-cumext-boundprop-20260526-2ccb88e9-q10672-19875383-72.err,out_of_memory,OUT_OF_MEMORY,0:125,00:02:36,slurmstepd: error: Detected 1 oom-kill event(s) in StepId=19875631.batch. Some of your processes may have been killed by the cgroup out-of-memory handler.,logs/cop165-cumulative-20260527-2ccb88e9-q10672/slurm-logs/xcsp-parse-cop-cumulative-165-order-ge-cumexact-timerd-20260526-2ccb88e9-q10672-19875378-72.out,logs/cop165-cumulative-20260527-2ccb88e9-q10672/slurm-logs/xcsp-parse-cop-cumulative-165-order-ge-cumexact-timerd-20260526-2ccb88e9-q10672-19875378-72.err,out_of_memory,OUT_OF_MEMORY,0:125,00:02:49,slurmstepd: error: Detected 2 oom-kill event(s) in StepId=19878031.batch. Some of your processes may have been killed by the cgroup out-of-memory handler.,logs/cop165-cumulative-20260527-2ccb88e9-q10672/slurm-logs/xcsp-parse-cop-cumulative-165-order-ge-cumexact-taskrd-20260526-2ccb88e9-q10672-19875379-72.out,logs/cop165-cumulative-20260527-2ccb88e9-q10672/slurm-logs/xcsp-parse-cop-cumulative-165-order-ge-cumexact-taskrd-20260526-2ccb88e9-q10672-19875379-72.err,out_of_memory,OUT_OF_MEMORY,0:125,00:02:54,slurmstepd: error: Detected 10 oom-kill event(s) in StepId=19881112.batch. Some of your processes may have been killed by the cgroup out-of-memory handler.,logs/cop165-cumulative-20260527-2ccb88e9-q10672/slurm-logs/xcsp-parse-cop-cumulative-165-order-ge-cumext-boundprop-20260526-2ccb88e9-q10672-19875380-72.out,logs/cop165-cumulative-20260527-2ccb88e9-q10672/slurm-logs/xcsp-parse-cop-cumulative-165-order-ge-cumext-boundprop-20260526-2ccb88e9-q10672-19875380-72.err
73,CarpetCutting-test08_c23.xml.lzma,COP22to25/CarpetCutting-test08_c23.xml.lzma,out_of_memory,OUT_OF_MEMORY,0:125,00:05:58,slurmstepd: error: Detected 3 oom-kill event(s) in StepId=19884534.batch. Some of your processes may have been killed by the cgroup out-of-memory handler.,logs/cop165-cumulative-20260527-2ccb88e9-q10672/slurm-logs/xcsp-parse-cop-cumulative-165-log-scop-cumexact-timerd-20260526-2ccb88e9-q10672-19875381-73.out,logs/cop165-cumulative-20260527-2ccb88e9-q10672/slurm-logs/xcsp-parse-cop-cumulative-165-log-scop-cumexact-timerd-20260526-2ccb88e9-q10672-19875381-73.err,timeout_incumbent,COMPLETED,0:0,00:30:04,incumbent_interrupted_by_signal,logs/cop165-cumulative-20260527-2ccb88e9-q10672/slurm-logs/xcsp-parse-cop-cumulative-165-log-scop-cumexact-taskrd-20260526-2ccb88e9-q10672-19875382-73.out,logs/cop165-cumulative-20260527-2ccb88e9-q10672/slurm-logs/xcsp-parse-cop-cumulative-165-log-scop-cumexact-taskrd-20260526-2ccb88e9-q10672-19875382-73.err,timeout_incumbent,COMPLETED,0:0,00:30:04,incumbent_interrupted_by_signal,logs/cop165-cumulative-20260527-2ccb88e9-q10672/slurm-logs/xcsp-parse-cop-cumulative-165-log-scop-cumext-boundprop-20260526-2ccb88e9-q10672-19875383-73.out,logs/cop165-cumulative-20260527-2ccb88e9-q10672/slurm-logs/xcsp-parse-cop-cumulative-165-log-scop-cumext-boundprop-20260526-2ccb88e9-q10672-19875383-73.err,out_of_memory,OUT_OF_MEMORY,0:125,00:03:22,slurmstepd: error: Detected 1 oom-kill event(s) in StepId=19875638.batch. Some of your processes may have been killed by the cgroup out-of-memory handler.,logs/cop165-cumulative-20260527-2ccb88e9-q10672/slurm-logs/xcsp-parse-cop-cumulative-165-order-ge-cumexact-timerd-20260526-2ccb88e9-q10672-19875378-73.out,logs/cop165-cumulative-20260527-2ccb88e9-q10672/slurm-logs/xcsp-parse-cop-cumulative-165-order-ge-cumexact-timerd-20260526-2ccb88e9-q10672-19875378-73.err,out_of_memory,OUT_OF_MEMORY,0:125,00:07:44,slurmstepd: error: Detected 10 oom-kill event(s) in StepId=19878033.batch. Some of your processes may have been killed by the cgroup out-of-memory handler.,logs/cop165-cumulative-20260527-2ccb88e9-q10672/slurm-logs/xcsp-parse-cop-cumulative-165-order-ge-cumexact-taskrd-20260526-2ccb88e9-q10672-19875379-73.out,logs/cop165-cumulative-20260527-2ccb88e9-q10672/slurm-logs/xcsp-parse-cop-cumulative-165-order-ge-cumexact-taskrd-20260526-2ccb88e9-q10672-19875379-73.err,timeout_incumbent,COMPLETED,0:0,00:30:03,incumbent_interrupted_by_signal,logs/cop165-cumulative-20260527-2ccb88e9-q10672/slurm-logs/xcsp-parse-cop-cumulative-165-order-ge-cumext-boundprop-20260526-2ccb88e9-q10672-19875380-73.out,logs/cop165-cumulative-20260527-2ccb88e9-q10672/slurm-logs/xcsp-parse-cop-cumulative-165-order-ge-cumext-boundprop-20260526-2ccb88e9-q10672-19875380-73.err
74,TestScheduling-t050m10r03-1_c24.xml.lzma,COP22to25/TestScheduling-t050m10r03-1_c24.xml.lzma,timeout_incumbent,COMPLETED,0:0,00:30:03,incumbent_interrupted_by_signal,logs/cop165-cumulative-20260527-2ccb88e9-q10672/slurm-logs/xcsp-parse-cop-cumulative-165-log-scop-cumexact-timerd-20260526-2ccb88e9-q10672-19875381-74.out,logs/cop165-cumulative-20260527-2ccb88e9-q10672/slurm-logs/xcsp-parse-cop-cumulative-165-log-scop-cumexact-timerd-20260526-2ccb88e9-q10672-19875381-74.err,timeout_incumbent,COMPLETED,0:0,00:30:05,incumbent_interrupted_by_signal,logs/cop165-cumulative-20260527-2ccb88e9-q10672/slurm-logs/xcsp-parse-cop-cumulative-165-log-scop-cumexact-taskrd-20260526-2ccb88e9-q10672-19875382-74.out,logs/cop165-cumulative-20260527-2ccb88e9-q10672/slurm-logs/xcsp-parse-cop-cumulative-165-log-scop-cumexact-taskrd-20260526-2ccb88e9-q10672-19875382-74.err,timeout_incumbent,COMPLETED,0:0,00:30:04,incumbent_interrupted_by_signal,logs/cop165-cumulative-20260527-2ccb88e9-q10672/slurm-logs/xcsp-parse-cop-cumulative-165-log-scop-cumext-boundprop-20260526-2ccb88e9-q10672-19875383-74.out,logs/cop165-cumulative-20260527-2ccb88e9-q10672/slurm-logs/xcsp-parse-cop-cumulative-165-log-scop-cumext-boundprop-20260526-2ccb88e9-q10672-19875383-74.err,sat_no_proof,COMPLETED,0:0,00:00:37,best incumbent shown; objective improvement search stopped before optimality proof: eager incremental objective cut could not be encoded,logs/cop165-cumulative-20260527-2ccb88e9-q10672/slurm-logs/xcsp-parse-cop-cumulative-165-order-ge-cumexact-timerd-20260526-2ccb88e9-q10672-19875378-74.out,logs/cop165-cumulative-20260527-2ccb88e9-q10672/slurm-logs/xcsp-parse-cop-cumulative-165-order-ge-cumexact-timerd-20260526-2ccb88e9-q10672-19875378-74.err,sat_no_proof,COMPLETED,0:0,00:12:39,best incumbent shown; objective improvement search stopped before optimality proof: eager incremental objective cut could not be encoded,logs/cop165-cumulative-20260527-2ccb88e9-q10672/slurm-logs/xcsp-parse-cop-cumulative-165-order-ge-cumexact-taskrd-20260526-2ccb88e9-q10672-19875379-74.out,logs/cop165-cumulative-20260527-2ccb88e9-q10672/slurm-logs/xcsp-parse-cop-cumulative-165-order-ge-cumexact-taskrd-20260526-2ccb88e9-q10672-19875379-74.err,sat_no_proof,COMPLETED,0:0,00:00:42,best incumbent shown; objective improvement search stopped before optimality proof: eager incremental objective cut could not be encoded,logs/cop165-cumulative-20260527-2ccb88e9-q10672/slurm-logs/xcsp-parse-cop-cumulative-165-order-ge-cumext-boundprop-20260526-2ccb88e9-q10672-19875380-74.out,logs/cop165-cumulative-20260527-2ccb88e9-q10672/slurm-logs/xcsp-parse-cop-cumulative-165-order-ge-cumext-boundprop-20260526-2ccb88e9-q10672-19875380-74.err
75,CarpetCutting-test20_c23.xml.lzma,COP22to25/CarpetCutting-test20_c23.xml.lzma,out_of_memory,OUT_OF_MEMORY,0:125,00:05:25,slurmstepd: error: Detected 2 oom-kill event(s) in StepId=19884581.batch. Some of your processes may have been killed by the cgroup out-of-memory handler.,logs/cop165-cumulative-20260527-2ccb88e9-q10672/slurm-logs/xcsp-parse-cop-cumulative-165-log-scop-cumexact-timerd-20260526-2ccb88e9-q10672-19875381-75.out,logs/cop165-cumulative-20260527-2ccb88e9-q10672/slurm-logs/xcsp-parse-cop-cumulative-165-log-scop-cumexact-timerd-20260526-2ccb88e9-q10672-19875381-75.err,timeout_incumbent,COMPLETED,0:0,00:30:05,incumbent_interrupted_by_signal,logs/cop165-cumulative-20260527-2ccb88e9-q10672/slurm-logs/xcsp-parse-cop-cumulative-165-log-scop-cumexact-taskrd-20260526-2ccb88e9-q10672-19875382-75.out,logs/cop165-cumulative-20260527-2ccb88e9-q10672/slurm-logs/xcsp-parse-cop-cumulative-165-log-scop-cumexact-taskrd-20260526-2ccb88e9-q10672-19875382-75.err,timeout_incumbent,COMPLETED,0:0,00:30:04,incumbent_interrupted_by_signal,logs/cop165-cumulative-20260527-2ccb88e9-q10672/slurm-logs/xcsp-parse-cop-cumulative-165-log-scop-cumext-boundprop-20260526-2ccb88e9-q10672-19875383-75.out,logs/cop165-cumulative-20260527-2ccb88e9-q10672/slurm-logs/xcsp-parse-cop-cumulative-165-log-scop-cumext-boundprop-20260526-2ccb88e9-q10672-19875383-75.err,out_of_memory,OUT_OF_MEMORY,0:125,00:03:14,slurmstepd: error: Detected 2 oom-kill event(s) in StepId=19875645.batch. Some of your processes may have been killed by the cgroup out-of-memory handler.,logs/cop165-cumulative-20260527-2ccb88e9-q10672/slurm-logs/xcsp-parse-cop-cumulative-165-order-ge-cumexact-timerd-20260526-2ccb88e9-q10672-19875378-75.out,logs/cop165-cumulative-20260527-2ccb88e9-q10672/slurm-logs/xcsp-parse-cop-cumulative-165-order-ge-cumexact-timerd-20260526-2ccb88e9-q10672-19875378-75.err,out_of_memory,OUT_OF_MEMORY,0:125,00:07:34,slurmstepd: error: Detected 11 oom-kill event(s) in StepId=19878049.batch. Some of your processes may have been killed by the cgroup out-of-memory handler.,logs/cop165-cumulative-20260527-2ccb88e9-q10672/slurm-logs/xcsp-parse-cop-cumulative-165-order-ge-cumexact-taskrd-20260526-2ccb88e9-q10672-19875379-75.out,logs/cop165-cumulative-20260527-2ccb88e9-q10672/slurm-logs/xcsp-parse-cop-cumulative-165-order-ge-cumexact-taskrd-20260526-2ccb88e9-q10672-19875379-75.err,timeout_incumbent,COMPLETED,0:0,00:30:03,incumbent_interrupted_by_signal,logs/cop165-cumulative-20260527-2ccb88e9-q10672/slurm-logs/xcsp-parse-cop-cumulative-165-order-ge-cumext-boundprop-20260526-2ccb88e9-q10672-19875380-75.out,logs/cop165-cumulative-20260527-2ccb88e9-q10672/slurm-logs/xcsp-parse-cop-cumulative-165-order-ge-cumext-boundprop-20260526-2ccb88e9-q10672-19875380-75.err
76,VRP_LC-13-11-15-s3_c24.xml.lzma,COP22to25/VRP_LC-13-11-15-s3_c24.xml.lzma,timeout_incumbent,COMPLETED,0:0,00:30:04,incumbent_interrupted_by_signal,logs/cop165-cumulative-20260527-2ccb88e9-q10672/slurm-logs/xcsp-parse-cop-cumulative-165-log-scop-cumexact-timerd-20260526-2ccb88e9-q10672-19875381-76.out,logs/cop165-cumulative-20260527-2ccb88e9-q10672/slurm-logs/xcsp-parse-cop-cumulative-165-log-scop-cumexact-timerd-20260526-2ccb88e9-q10672-19875381-76.err,timeout_incumbent,COMPLETED,0:0,00:30:04,incumbent_interrupted_by_signal,logs/cop165-cumulative-20260527-2ccb88e9-q10672/slurm-logs/xcsp-parse-cop-cumulative-165-log-scop-cumexact-taskrd-20260526-2ccb88e9-q10672-19875382-76.out,logs/cop165-cumulative-20260527-2ccb88e9-q10672/slurm-logs/xcsp-parse-cop-cumulative-165-log-scop-cumexact-taskrd-20260526-2ccb88e9-q10672-19875382-76.err,timeout_incumbent,COMPLETED,0:0,00:30:04,incumbent_interrupted_by_signal,logs/cop165-cumulative-20260527-2ccb88e9-q10672/slurm-logs/xcsp-parse-cop-cumulative-165-log-scop-cumext-boundprop-20260526-2ccb88e9-q10672-19875383-76.out,logs/cop165-cumulative-20260527-2ccb88e9-q10672/slurm-logs/xcsp-parse-cop-cumulative-165-log-scop-cumext-boundprop-20260526-2ccb88e9-q10672-19875383-76.err,timeout_incumbent,COMPLETED,0:0,00:30:04,incumbent_interrupted_by_signal,logs/cop165-cumulative-20260527-2ccb88e9-q10672/slurm-logs/xcsp-parse-cop-cumulative-165-order-ge-cumexact-timerd-20260526-2ccb88e9-q10672-19875378-76.out,logs/cop165-cumulative-20260527-2ccb88e9-q10672/slurm-logs/xcsp-parse-cop-cumulative-165-order-ge-cumexact-timerd-20260526-2ccb88e9-q10672-19875378-76.err,timeout_incumbent,COMPLETED,0:0,00:30:04,incumbent_interrupted_by_signal,logs/cop165-cumulative-20260527-2ccb88e9-q10672/slurm-logs/xcsp-parse-cop-cumulative-165-order-ge-cumexact-taskrd-20260526-2ccb88e9-q10672-19875379-76.out,logs/cop165-cumulative-20260527-2ccb88e9-q10672/slurm-logs/xcsp-parse-cop-cumulative-165-order-ge-cumexact-taskrd-20260526-2ccb88e9-q10672-19875379-76.err,timeout_incumbent,COMPLETED,0:0,00:30:04,incumbent_interrupted_by_signal,logs/cop165-cumulative-20260527-2ccb88e9-q10672/slurm-logs/xcsp-parse-cop-cumulative-165-order-ge-cumext-boundprop-20260526-2ccb88e9-q10672-19875380-76.out,logs/cop165-cumulative-20260527-2ccb88e9-q10672/slurm-logs/xcsp-parse-cop-cumulative-165-order-ge-cumext-boundprop-20260526-2ccb88e9-q10672-19875380-76.err
77,TestScheduling-t050m10r10-1_c24.xml.lzma,COP22to25/TestScheduling-t050m10r10-1_c24.xml.lzma,timeout_incumbent,COMPLETED,0:0,00:30:05,incumbent_interrupted_by_signal,logs/cop165-cumulative-20260527-2ccb88e9-q10672/slurm-logs/xcsp-parse-cop-cumulative-165-log-scop-cumexact-timerd-20260526-2ccb88e9-q10672-19875381-77.out,logs/cop165-cumulative-20260527-2ccb88e9-q10672/slurm-logs/xcsp-parse-cop-cumulative-165-log-scop-cumexact-timerd-20260526-2ccb88e9-q10672-19875381-77.err,timeout_incumbent,COMPLETED,0:0,00:30:05,incumbent_interrupted_by_signal,logs/cop165-cumulative-20260527-2ccb88e9-q10672/slurm-logs/xcsp-parse-cop-cumulative-165-log-scop-cumexact-taskrd-20260526-2ccb88e9-q10672-19875382-77.out,logs/cop165-cumulative-20260527-2ccb88e9-q10672/slurm-logs/xcsp-parse-cop-cumulative-165-log-scop-cumexact-taskrd-20260526-2ccb88e9-q10672-19875382-77.err,timeout_incumbent,COMPLETED,0:0,00:30:03,incumbent_interrupted_by_signal,logs/cop165-cumulative-20260527-2ccb88e9-q10672/slurm-logs/xcsp-parse-cop-cumulative-165-log-scop-cumext-boundprop-20260526-2ccb88e9-q10672-19875383-77.out,logs/cop165-cumulative-20260527-2ccb88e9-q10672/slurm-logs/xcsp-parse-cop-cumulative-165-log-scop-cumext-boundprop-20260526-2ccb88e9-q10672-19875383-77.err,timeout_unknown,COMPLETED,0:0,00:30:05,terminated_by_signal,logs/cop165-cumulative-20260527-2ccb88e9-q10672/slurm-logs/xcsp-parse-cop-cumulative-165-order-ge-cumexact-timerd-20260526-2ccb88e9-q10672-19875378-77.out,logs/cop165-cumulative-20260527-2ccb88e9-q10672/slurm-logs/xcsp-parse-cop-cumulative-165-order-ge-cumexact-timerd-20260526-2ccb88e9-q10672-19875378-77.err,timeout_unknown,COMPLETED,0:0,00:30:05,terminated_by_signal,logs/cop165-cumulative-20260527-2ccb88e9-q10672/slurm-logs/xcsp-parse-cop-cumulative-165-order-ge-cumexact-taskrd-20260526-2ccb88e9-q10672-19875379-77.out,logs/cop165-cumulative-20260527-2ccb88e9-q10672/slurm-logs/xcsp-parse-cop-cumulative-165-order-ge-cumexact-taskrd-20260526-2ccb88e9-q10672-19875379-77.err,sat_no_proof,COMPLETED,0:0,00:00:41,best incumbent shown; objective improvement search stopped before optimality proof: eager incremental objective cut could not be encoded,logs/cop165-cumulative-20260527-2ccb88e9-q10672/slurm-logs/xcsp-parse-cop-cumulative-165-order-ge-cumext-boundprop-20260526-2ccb88e9-q10672-19875380-77.out,logs/cop165-cumulative-20260527-2ccb88e9-q10672/slurm-logs/xcsp-parse-cop-cumulative-165-order-ge-cumext-boundprop-20260526-2ccb88e9-q10672-19875380-77.err
78,CarpetCutting-test10_c23.xml.lzma,COP22to25/CarpetCutting-test10_c23.xml.lzma,out_of_memory,OUT_OF_MEMORY,0:125,00:05:50,slurmstepd: error: Detected 2 oom-kill event(s) in StepId=19884625.batch. Some of your processes may have been killed by the cgroup out-of-memory handler.,logs/cop165-cumulative-20260527-2ccb88e9-q10672/slurm-logs/xcsp-parse-cop-cumulative-165-log-scop-cumexact-timerd-20260526-2ccb88e9-q10672-19875381-78.out,logs/cop165-cumulative-20260527-2ccb88e9-q10672/slurm-logs/xcsp-parse-cop-cumulative-165-log-scop-cumexact-timerd-20260526-2ccb88e9-q10672-19875381-78.err,timeout_incumbent,COMPLETED,0:0,00:30:05,incumbent_interrupted_by_signal,logs/cop165-cumulative-20260527-2ccb88e9-q10672/slurm-logs/xcsp-parse-cop-cumulative-165-log-scop-cumexact-taskrd-20260526-2ccb88e9-q10672-19875382-78.out,logs/cop165-cumulative-20260527-2ccb88e9-q10672/slurm-logs/xcsp-parse-cop-cumulative-165-log-scop-cumexact-taskrd-20260526-2ccb88e9-q10672-19875382-78.err,timeout_incumbent,COMPLETED,0:0,00:30:04,incumbent_interrupted_by_signal,logs/cop165-cumulative-20260527-2ccb88e9-q10672/slurm-logs/xcsp-parse-cop-cumulative-165-log-scop-cumext-boundprop-20260526-2ccb88e9-q10672-19875383-78.out,logs/cop165-cumulative-20260527-2ccb88e9-q10672/slurm-logs/xcsp-parse-cop-cumulative-165-log-scop-cumext-boundprop-20260526-2ccb88e9-q10672-19875383-78.err,out_of_memory,OUT_OF_MEMORY,0:125,00:02:58,slurmstepd: error: Detected 2 oom-kill event(s) in StepId=19875654.batch. Some of your processes may have been killed by the cgroup out-of-memory handler.,logs/cop165-cumulative-20260527-2ccb88e9-q10672/slurm-logs/xcsp-parse-cop-cumulative-165-order-ge-cumexact-timerd-20260526-2ccb88e9-q10672-19875378-78.out,logs/cop165-cumulative-20260527-2ccb88e9-q10672/slurm-logs/xcsp-parse-cop-cumulative-165-order-ge-cumexact-timerd-20260526-2ccb88e9-q10672-19875378-78.err,out_of_memory,OUT_OF_MEMORY,0:125,00:08:47,slurmstepd: error: Detected 1 oom-kill event(s) in StepId=19878160.batch. Some of your processes may have been killed by the cgroup out-of-memory handler.,logs/cop165-cumulative-20260527-2ccb88e9-q10672/slurm-logs/xcsp-parse-cop-cumulative-165-order-ge-cumexact-taskrd-20260526-2ccb88e9-q10672-19875379-78.out,logs/cop165-cumulative-20260527-2ccb88e9-q10672/slurm-logs/xcsp-parse-cop-cumulative-165-order-ge-cumexact-taskrd-20260526-2ccb88e9-q10672-19875379-78.err,timeout_incumbent,COMPLETED,0:0,00:30:03,incumbent_interrupted_by_signal,logs/cop165-cumulative-20260527-2ccb88e9-q10672/slurm-logs/xcsp-parse-cop-cumulative-165-order-ge-cumext-boundprop-20260526-2ccb88e9-q10672-19875380-78.out,logs/cop165-cumulative-20260527-2ccb88e9-q10672/slurm-logs/xcsp-parse-cop-cumulative-165-order-ge-cumext-boundprop-20260526-2ccb88e9-q10672-19875380-78.err
79,TestScheduling-t050m10r05-1_c24.xml.lzma,COP22to25/TestScheduling-t050m10r05-1_c24.xml.lzma,timeout_incumbent,COMPLETED,0:0,00:30:04,incumbent_interrupted_by_signal,logs/cop165-cumulative-20260527-2ccb88e9-q10672/slurm-logs/xcsp-parse-cop-cumulative-165-log-scop-cumexact-timerd-20260526-2ccb88e9-q10672-19875381-79.out,logs/cop165-cumulative-20260527-2ccb88e9-q10672/slurm-logs/xcsp-parse-cop-cumulative-165-log-scop-cumexact-timerd-20260526-2ccb88e9-q10672-19875381-79.err,timeout_incumbent,COMPLETED,0:0,00:30:04,incumbent_interrupted_by_signal,logs/cop165-cumulative-20260527-2ccb88e9-q10672/slurm-logs/xcsp-parse-cop-cumulative-165-log-scop-cumexact-taskrd-20260526-2ccb88e9-q10672-19875382-79.out,logs/cop165-cumulative-20260527-2ccb88e9-q10672/slurm-logs/xcsp-parse-cop-cumulative-165-log-scop-cumexact-taskrd-20260526-2ccb88e9-q10672-19875382-79.err,timeout_incumbent,COMPLETED,0:0,00:30:04,incumbent_interrupted_by_signal,logs/cop165-cumulative-20260527-2ccb88e9-q10672/slurm-logs/xcsp-parse-cop-cumulative-165-log-scop-cumext-boundprop-20260526-2ccb88e9-q10672-19875383-79.out,logs/cop165-cumulative-20260527-2ccb88e9-q10672/slurm-logs/xcsp-parse-cop-cumulative-165-log-scop-cumext-boundprop-20260526-2ccb88e9-q10672-19875383-79.err,timeout_unknown,COMPLETED,0:0,00:30:05,terminated_by_signal,logs/cop165-cumulative-20260527-2ccb88e9-q10672/slurm-logs/xcsp-parse-cop-cumulative-165-order-ge-cumexact-timerd-20260526-2ccb88e9-q10672-19875378-79.out,logs/cop165-cumulative-20260527-2ccb88e9-q10672/slurm-logs/xcsp-parse-cop-cumulative-165-order-ge-cumexact-timerd-20260526-2ccb88e9-q10672-19875378-79.err,sat_no_proof,COMPLETED,0:0,00:27:21,best incumbent shown; objective improvement search stopped before optimality proof: eager incremental objective cut could not be encoded,logs/cop165-cumulative-20260527-2ccb88e9-q10672/slurm-logs/xcsp-parse-cop-cumulative-165-order-ge-cumexact-taskrd-20260526-2ccb88e9-q10672-19875379-79.out,logs/cop165-cumulative-20260527-2ccb88e9-q10672/slurm-logs/xcsp-parse-cop-cumulative-165-order-ge-cumexact-taskrd-20260526-2ccb88e9-q10672-19875379-79.err,sat_no_proof,COMPLETED,0:0,00:01:29,best incumbent shown; objective improvement search stopped before optimality proof: eager incremental objective cut could not be encoded,logs/cop165-cumulative-20260527-2ccb88e9-q10672/slurm-logs/xcsp-parse-cop-cumulative-165-order-ge-cumext-boundprop-20260526-2ccb88e9-q10672-19875380-79.out,logs/cop165-cumulative-20260527-2ccb88e9-q10672/slurm-logs/xcsp-parse-cop-cumulative-165-order-ge-cumext-boundprop-20260526-2ccb88e9-q10672-19875380-79.err
80,FlexibleJobshopScen-dh-5-20-005_c25.xml.lzma,COP22to25/FlexibleJobshopScen-dh-5-20-005_c25.xml.lzma,timeout_incumbent,COMPLETED,0:0,00:30:04,incumbent_interrupted_by_signal,logs/cop165-cumulative-20260527-2ccb88e9-q10672/slurm-logs/xcsp-parse-cop-cumulative-165-log-scop-cumexact-timerd-20260526-2ccb88e9-q10672-19875381-80.out,logs/cop165-cumulative-20260527-2ccb88e9-q10672/slurm-logs/xcsp-parse-cop-cumulative-165-log-scop-cumexact-timerd-20260526-2ccb88e9-q10672-19875381-80.err,optimum,COMPLETED,0:0,00:00:44,,logs/cop165-cumulative-20260527-2ccb88e9-q10672/slurm-logs/xcsp-parse-cop-cumulative-165-log-scop-cumexact-taskrd-20260526-2ccb88e9-q10672-19875382-80.out,logs/cop165-cumulative-20260527-2ccb88e9-q10672/slurm-logs/xcsp-parse-cop-cumulative-165-log-scop-cumexact-taskrd-20260526-2ccb88e9-q10672-19875382-80.err,optimum,COMPLETED,0:0,00:00:11,,logs/cop165-cumulative-20260527-2ccb88e9-q10672/slurm-logs/xcsp-parse-cop-cumulative-165-log-scop-cumext-boundprop-20260526-2ccb88e9-q10672-19875383-80.out,logs/cop165-cumulative-20260527-2ccb88e9-q10672/slurm-logs/xcsp-parse-cop-cumulative-165-log-scop-cumext-boundprop-20260526-2ccb88e9-q10672-19875383-80.err,sat_no_proof,COMPLETED,0:0,00:02:31,best incumbent shown; objective improvement search stopped before optimality proof: eager incremental objective cut could not be encoded,logs/cop165-cumulative-20260527-2ccb88e9-q10672/slurm-logs/xcsp-parse-cop-cumulative-165-order-ge-cumexact-timerd-20260526-2ccb88e9-q10672-19875378-80.out,logs/cop165-cumulative-20260527-2ccb88e9-q10672/slurm-logs/xcsp-parse-cop-cumulative-165-order-ge-cumexact-timerd-20260526-2ccb88e9-q10672-19875378-80.err,sat_no_proof,COMPLETED,0:0,00:00:16,best incumbent shown; objective improvement search stopped before optimality proof: eager incremental objective cut could not be encoded,logs/cop165-cumulative-20260527-2ccb88e9-q10672/slurm-logs/xcsp-parse-cop-cumulative-165-order-ge-cumexact-taskrd-20260526-2ccb88e9-q10672-19875379-80.out,logs/cop165-cumulative-20260527-2ccb88e9-q10672/slurm-logs/xcsp-parse-cop-cumulative-165-order-ge-cumexact-taskrd-20260526-2ccb88e9-q10672-19875379-80.err,sat_no_proof,COMPLETED,0:0,00:00:19,best incumbent shown; objective improvement search stopped before optimality proof: eager incremental objective cut could not be encoded,logs/cop165-cumulative-20260527-2ccb88e9-q10672/slurm-logs/xcsp-parse-cop-cumulative-165-order-ge-cumext-boundprop-20260526-2ccb88e9-q10672-19875380-80.out,logs/cop165-cumulative-20260527-2ccb88e9-q10672/slurm-logs/xcsp-parse-cop-cumulative-165-order-ge-cumext-boundprop-20260526-2ccb88e9-q10672-19875380-80.err
81,VRP_LC-10-05-20-s3_c24.xml.lzma,COP22to25/VRP_LC-10-05-20-s3_c24.xml.lzma,timeout_incumbent,COMPLETED,0:0,00:30:04,incumbent_interrupted_by_signal,logs/cop165-cumulative-20260527-2ccb88e9-q10672/slurm-logs/xcsp-parse-cop-cumulative-165-log-scop-cumexact-timerd-20260526-2ccb88e9-q10672-19875381-81.out,logs/cop165-cumulative-20260527-2ccb88e9-q10672/slurm-logs/xcsp-parse-cop-cumulative-165-log-scop-cumexact-timerd-20260526-2ccb88e9-q10672-19875381-81.err,timeout_incumbent,COMPLETED,0:0,00:30:04,incumbent_interrupted_by_signal,logs/cop165-cumulative-20260527-2ccb88e9-q10672/slurm-logs/xcsp-parse-cop-cumulative-165-log-scop-cumexact-taskrd-20260526-2ccb88e9-q10672-19875382-81.out,logs/cop165-cumulative-20260527-2ccb88e9-q10672/slurm-logs/xcsp-parse-cop-cumulative-165-log-scop-cumexact-taskrd-20260526-2ccb88e9-q10672-19875382-81.err,timeout_incumbent,COMPLETED,0:0,00:30:03,incumbent_interrupted_by_signal,logs/cop165-cumulative-20260527-2ccb88e9-q10672/slurm-logs/xcsp-parse-cop-cumulative-165-log-scop-cumext-boundprop-20260526-2ccb88e9-q10672-19875383-81.out,logs/cop165-cumulative-20260527-2ccb88e9-q10672/slurm-logs/xcsp-parse-cop-cumulative-165-log-scop-cumext-boundprop-20260526-2ccb88e9-q10672-19875383-81.err,timeout_incumbent,COMPLETED,0:0,00:30:03,incumbent_interrupted_by_signal,logs/cop165-cumulative-20260527-2ccb88e9-q10672/slurm-logs/xcsp-parse-cop-cumulative-165-order-ge-cumexact-timerd-20260526-2ccb88e9-q10672-19875378-81.out,logs/cop165-cumulative-20260527-2ccb88e9-q10672/slurm-logs/xcsp-parse-cop-cumulative-165-order-ge-cumexact-timerd-20260526-2ccb88e9-q10672-19875378-81.err,timeout_incumbent,COMPLETED,0:0,00:30:04,incumbent_interrupted_by_signal,logs/cop165-cumulative-20260527-2ccb88e9-q10672/slurm-logs/xcsp-parse-cop-cumulative-165-order-ge-cumexact-taskrd-20260526-2ccb88e9-q10672-19875379-81.out,logs/cop165-cumulative-20260527-2ccb88e9-q10672/slurm-logs/xcsp-parse-cop-cumulative-165-order-ge-cumexact-taskrd-20260526-2ccb88e9-q10672-19875379-81.err,timeout_incumbent,COMPLETED,0:0,00:30:04,incumbent_interrupted_by_signal,logs/cop165-cumulative-20260527-2ccb88e9-q10672/slurm-logs/xcsp-parse-cop-cumulative-165-order-ge-cumext-boundprop-20260526-2ccb88e9-q10672-19875380-81.out,logs/cop165-cumulative-20260527-2ccb88e9-q10672/slurm-logs/xcsp-parse-cop-cumulative-165-order-ge-cumext-boundprop-20260526-2ccb88e9-q10672-19875380-81.err
82,Cargo-12-1422f-1644_c24.xml.lzma,COP22to25/Cargo-12-1422f-1644_c24.xml.lzma,timeout_incumbent,COMPLETED,0:0,00:30:04,incumbent_interrupted_by_signal,logs/cop165-cumulative-20260527-2ccb88e9-q10672/slurm-logs/xcsp-parse-cop-cumulative-165-log-scop-cumexact-timerd-20260526-2ccb88e9-q10672-19875381-82.out,logs/cop165-cumulative-20260527-2ccb88e9-q10672/slurm-logs/xcsp-parse-cop-cumulative-165-log-scop-cumexact-timerd-20260526-2ccb88e9-q10672-19875381-82.err,timeout_unknown,COMPLETED,0:0,00:30:03,terminated_by_signal,logs/cop165-cumulative-20260527-2ccb88e9-q10672/slurm-logs/xcsp-parse-cop-cumulative-165-log-scop-cumexact-taskrd-20260526-2ccb88e9-q10672-19875382-82.out,logs/cop165-cumulative-20260527-2ccb88e9-q10672/slurm-logs/xcsp-parse-cop-cumulative-165-log-scop-cumexact-taskrd-20260526-2ccb88e9-q10672-19875382-82.err,timeout_unknown,COMPLETED,0:0,00:30:04,terminated_by_signal,logs/cop165-cumulative-20260527-2ccb88e9-q10672/slurm-logs/xcsp-parse-cop-cumulative-165-log-scop-cumext-boundprop-20260526-2ccb88e9-q10672-19875383-82.out,logs/cop165-cumulative-20260527-2ccb88e9-q10672/slurm-logs/xcsp-parse-cop-cumulative-165-log-scop-cumext-boundprop-20260526-2ccb88e9-q10672-19875383-82.err,out_of_memory,OUT_OF_MEMORY,0:125,00:14:49,slurmstepd: error: Detected 1 oom-kill event(s) in StepId=19875663.batch. Some of your processes may have been killed by the cgroup out-of-memory handler.,logs/cop165-cumulative-20260527-2ccb88e9-q10672/slurm-logs/xcsp-parse-cop-cumulative-165-order-ge-cumexact-timerd-20260526-2ccb88e9-q10672-19875378-82.out,logs/cop165-cumulative-20260527-2ccb88e9-q10672/slurm-logs/xcsp-parse-cop-cumulative-165-order-ge-cumexact-timerd-20260526-2ccb88e9-q10672-19875378-82.err,timeout_unknown,COMPLETED,0:0,00:30:07,terminated_by_signal,logs/cop165-cumulative-20260527-2ccb88e9-q10672/slurm-logs/xcsp-parse-cop-cumulative-165-order-ge-cumexact-taskrd-20260526-2ccb88e9-q10672-19875379-82.out,logs/cop165-cumulative-20260527-2ccb88e9-q10672/slurm-logs/xcsp-parse-cop-cumulative-165-order-ge-cumexact-taskrd-20260526-2ccb88e9-q10672-19875379-82.err,sat_no_proof,COMPLETED,0:0,00:09:48,best incumbent shown; objective improvement search stopped before optimality proof: eager incremental objective cut could not be encoded,logs/cop165-cumulative-20260527-2ccb88e9-q10672/slurm-logs/xcsp-parse-cop-cumulative-165-order-ge-cumext-boundprop-20260526-2ccb88e9-q10672-19875380-82.out,logs/cop165-cumulative-20260527-2ccb88e9-q10672/slurm-logs/xcsp-parse-cop-cumulative-165-order-ge-cumext-boundprop-20260526-2ccb88e9-q10672-19875380-82.err
83,AircraftAssemblyLine-2-178-70-0_c23.xml.lzma,COP22to25/AircraftAssemblyLine-2-178-70-0_c23.xml.lzma,timeout_incumbent,COMPLETED,0:0,00:30:03,incumbent_interrupted_by_signal,logs/cop165-cumulative-20260527-2ccb88e9-q10672/slurm-logs/xcsp-parse-cop-cumulative-165-log-scop-cumexact-timerd-20260526-2ccb88e9-q10672-19875381-83.out,logs/cop165-cumulative-20260527-2ccb88e9-q10672/slurm-logs/xcsp-parse-cop-cumulative-165-log-scop-cumexact-timerd-20260526-2ccb88e9-q10672-19875381-83.err,timeout_incumbent,COMPLETED,0:0,00:30:05,incumbent_interrupted_by_signal,logs/cop165-cumulative-20260527-2ccb88e9-q10672/slurm-logs/xcsp-parse-cop-cumulative-165-log-scop-cumexact-taskrd-20260526-2ccb88e9-q10672-19875382-83.out,logs/cop165-cumulative-20260527-2ccb88e9-q10672/slurm-logs/xcsp-parse-cop-cumulative-165-log-scop-cumexact-taskrd-20260526-2ccb88e9-q10672-19875382-83.err,timeout_incumbent,COMPLETED,0:0,00:30:05,incumbent_interrupted_by_signal,logs/cop165-cumulative-20260527-2ccb88e9-q10672/slurm-logs/xcsp-parse-cop-cumulative-165-log-scop-cumext-boundprop-20260526-2ccb88e9-q10672-19875383-83.out,logs/cop165-cumulative-20260527-2ccb88e9-q10672/slurm-logs/xcsp-parse-cop-cumulative-165-log-scop-cumext-boundprop-20260526-2ccb88e9-q10672-19875383-83.err,sat_no_proof,COMPLETED,0:0,00:18:02,best incumbent shown; objective improvement search stopped before optimality proof: eager incremental objective cut could not be encoded,logs/cop165-cumulative-20260527-2ccb88e9-q10672/slurm-logs/xcsp-parse-cop-cumulative-165-order-ge-cumexact-timerd-20260526-2ccb88e9-q10672-19875378-83.out,logs/cop165-cumulative-20260527-2ccb88e9-q10672/slurm-logs/xcsp-parse-cop-cumulative-165-order-ge-cumexact-timerd-20260526-2ccb88e9-q10672-19875378-83.err,sat_no_proof,COMPLETED,0:0,00:17:18,best incumbent shown; objective improvement search stopped before optimality proof: eager incremental objective cut could not be encoded,logs/cop165-cumulative-20260527-2ccb88e9-q10672/slurm-logs/xcsp-parse-cop-cumulative-165-order-ge-cumexact-taskrd-20260526-2ccb88e9-q10672-19875379-83.out,logs/cop165-cumulative-20260527-2ccb88e9-q10672/slurm-logs/xcsp-parse-cop-cumulative-165-order-ge-cumexact-taskrd-20260526-2ccb88e9-q10672-19875379-83.err,timeout_unknown,COMPLETED,0:0,00:30:04,terminated_by_signal,logs/cop165-cumulative-20260527-2ccb88e9-q10672/slurm-logs/xcsp-parse-cop-cumulative-165-order-ge-cumext-boundprop-20260526-2ccb88e9-q10672-19875380-83.out,logs/cop165-cumulative-20260527-2ccb88e9-q10672/slurm-logs/xcsp-parse-cop-cumulative-165-order-ge-cumext-boundprop-20260526-2ccb88e9-q10672-19875380-83.err
84,AircraftAssemblyLine-2-178-70-1_c23.xml.lzma,COP22to25/AircraftAssemblyLine-2-178-70-1_c23.xml.lzma,timeout_incumbent,COMPLETED,0:0,00:30:04,incumbent_interrupted_by_signal,logs/cop165-cumulative-20260527-2ccb88e9-q10672/slurm-logs/xcsp-parse-cop-cumulative-165-log-scop-cumexact-timerd-20260526-2ccb88e9-q10672-19875381-84.out,logs/cop165-cumulative-20260527-2ccb88e9-q10672/slurm-logs/xcsp-parse-cop-cumulative-165-log-scop-cumexact-timerd-20260526-2ccb88e9-q10672-19875381-84.err,timeout_incumbent,COMPLETED,0:0,00:30:05,incumbent_interrupted_by_signal,logs/cop165-cumulative-20260527-2ccb88e9-q10672/slurm-logs/xcsp-parse-cop-cumulative-165-log-scop-cumexact-taskrd-20260526-2ccb88e9-q10672-19875382-84.out,logs/cop165-cumulative-20260527-2ccb88e9-q10672/slurm-logs/xcsp-parse-cop-cumulative-165-log-scop-cumexact-taskrd-20260526-2ccb88e9-q10672-19875382-84.err,timeout_incumbent,COMPLETED,0:0,00:30:03,incumbent_interrupted_by_signal,logs/cop165-cumulative-20260527-2ccb88e9-q10672/slurm-logs/xcsp-parse-cop-cumulative-165-log-scop-cumext-boundprop-20260526-2ccb88e9-q10672-19875383-84.out,logs/cop165-cumulative-20260527-2ccb88e9-q10672/slurm-logs/xcsp-parse-cop-cumulative-165-log-scop-cumext-boundprop-20260526-2ccb88e9-q10672-19875383-84.err,timeout_unknown,COMPLETED,0:0,00:30:04,terminated_by_signal,logs/cop165-cumulative-20260527-2ccb88e9-q10672/slurm-logs/xcsp-parse-cop-cumulative-165-order-ge-cumexact-timerd-20260526-2ccb88e9-q10672-19875378-84.out,logs/cop165-cumulative-20260527-2ccb88e9-q10672/slurm-logs/xcsp-parse-cop-cumulative-165-order-ge-cumexact-timerd-20260526-2ccb88e9-q10672-19875378-84.err,sat_no_proof,COMPLETED,0:0,00:15:49,best incumbent shown; objective improvement search stopped before optimality proof: eager incremental objective cut could not be encoded,logs/cop165-cumulative-20260527-2ccb88e9-q10672/slurm-logs/xcsp-parse-cop-cumulative-165-order-ge-cumexact-taskrd-20260526-2ccb88e9-q10672-19875379-84.out,logs/cop165-cumulative-20260527-2ccb88e9-q10672/slurm-logs/xcsp-parse-cop-cumulative-165-order-ge-cumexact-taskrd-20260526-2ccb88e9-q10672-19875379-84.err,timeout_unknown,COMPLETED,0:0,00:30:04,terminated_by_signal,logs/cop165-cumulative-20260527-2ccb88e9-q10672/slurm-logs/xcsp-parse-cop-cumulative-165-order-ge-cumext-boundprop-20260526-2ccb88e9-q10672-19875380-84.out,logs/cop165-cumulative-20260527-2ccb88e9-q10672/slurm-logs/xcsp-parse-cop-cumulative-165-order-ge-cumext-boundprop-20260526-2ccb88e9-q10672-19875380-84.err
85,AircraftAssemblyLine-2-178-70-2_c23.xml.lzma,COP22to25/AircraftAssemblyLine-2-178-70-2_c23.xml.lzma,timeout_incumbent,COMPLETED,0:0,00:30:04,incumbent_interrupted_by_signal,logs/cop165-cumulative-20260527-2ccb88e9-q10672/slurm-logs/xcsp-parse-cop-cumulative-165-log-scop-cumexact-timerd-20260526-2ccb88e9-q10672-19875381-85.out,logs/cop165-cumulative-20260527-2ccb88e9-q10672/slurm-logs/xcsp-parse-cop-cumulative-165-log-scop-cumexact-timerd-20260526-2ccb88e9-q10672-19875381-85.err,timeout_incumbent,COMPLETED,0:0,00:30:04,incumbent_interrupted_by_signal,logs/cop165-cumulative-20260527-2ccb88e9-q10672/slurm-logs/xcsp-parse-cop-cumulative-165-log-scop-cumexact-taskrd-20260526-2ccb88e9-q10672-19875382-85.out,logs/cop165-cumulative-20260527-2ccb88e9-q10672/slurm-logs/xcsp-parse-cop-cumulative-165-log-scop-cumexact-taskrd-20260526-2ccb88e9-q10672-19875382-85.err,timeout_incumbent,COMPLETED,0:0,00:30:04,incumbent_interrupted_by_signal,logs/cop165-cumulative-20260527-2ccb88e9-q10672/slurm-logs/xcsp-parse-cop-cumulative-165-log-scop-cumext-boundprop-20260526-2ccb88e9-q10672-19875383-85.out,logs/cop165-cumulative-20260527-2ccb88e9-q10672/slurm-logs/xcsp-parse-cop-cumulative-165-log-scop-cumext-boundprop-20260526-2ccb88e9-q10672-19875383-85.err,sat_no_proof,COMPLETED,0:0,00:18:44,best incumbent shown; objective improvement search stopped before optimality proof: eager incremental objective cut could not be encoded,logs/cop165-cumulative-20260527-2ccb88e9-q10672/slurm-logs/xcsp-parse-cop-cumulative-165-order-ge-cumexact-timerd-20260526-2ccb88e9-q10672-19875378-85.out,logs/cop165-cumulative-20260527-2ccb88e9-q10672/slurm-logs/xcsp-parse-cop-cumulative-165-order-ge-cumexact-timerd-20260526-2ccb88e9-q10672-19875378-85.err,sat_no_proof,COMPLETED,0:0,00:04:59,best incumbent shown; objective improvement search stopped before optimality proof: eager incremental objective cut could not be encoded,logs/cop165-cumulative-20260527-2ccb88e9-q10672/slurm-logs/xcsp-parse-cop-cumulative-165-order-ge-cumexact-taskrd-20260526-2ccb88e9-q10672-19875379-85.out,logs/cop165-cumulative-20260527-2ccb88e9-q10672/slurm-logs/xcsp-parse-cop-cumulative-165-order-ge-cumexact-taskrd-20260526-2ccb88e9-q10672-19875379-85.err,sat_no_proof,COMPLETED,0:0,00:15:18,best incumbent shown; objective improvement search stopped before optimality proof: eager incremental objective cut could not be encoded,logs/cop165-cumulative-20260527-2ccb88e9-q10672/slurm-logs/xcsp-parse-cop-cumulative-165-order-ge-cumext-boundprop-20260526-2ccb88e9-q10672-19875380-85.out,logs/cop165-cumulative-20260527-2ccb88e9-q10672/slurm-logs/xcsp-parse-cop-cumulative-165-order-ge-cumext-boundprop-20260526-2ccb88e9-q10672-19875380-85.err
86,TestScheduling-t050m20r03-1_c24.xml.lzma,COP22to25/TestScheduling-t050m20r03-1_c24.xml.lzma,timeout_incumbent,COMPLETED,0:0,00:30:04,incumbent_interrupted_by_signal,logs/cop165-cumulative-20260527-2ccb88e9-q10672/slurm-logs/xcsp-parse-cop-cumulative-165-log-scop-cumexact-timerd-20260526-2ccb88e9-q10672-19875381-86.out,logs/cop165-cumulative-20260527-2ccb88e9-q10672/slurm-logs/xcsp-parse-cop-cumulative-165-log-scop-cumexact-timerd-20260526-2ccb88e9-q10672-19875381-86.err,timeout_incumbent,COMPLETED,0:0,00:30:05,incumbent_interrupted_by_signal,logs/cop165-cumulative-20260527-2ccb88e9-q10672/slurm-logs/xcsp-parse-cop-cumulative-165-log-scop-cumexact-taskrd-20260526-2ccb88e9-q10672-19875382-86.out,logs/cop165-cumulative-20260527-2ccb88e9-q10672/slurm-logs/xcsp-parse-cop-cumulative-165-log-scop-cumexact-taskrd-20260526-2ccb88e9-q10672-19875382-86.err,timeout_incumbent,COMPLETED,0:0,00:30:05,incumbent_interrupted_by_signal,logs/cop165-cumulative-20260527-2ccb88e9-q10672/slurm-logs/xcsp-parse-cop-cumulative-165-log-scop-cumext-boundprop-20260526-2ccb88e9-q10672-19875383-86.out,logs/cop165-cumulative-20260527-2ccb88e9-q10672/slurm-logs/xcsp-parse-cop-cumulative-165-log-scop-cumext-boundprop-20260526-2ccb88e9-q10672-19875383-86.err,timeout_incumbent,COMPLETED,0:0,00:30:05,incumbent_interrupted_by_signal,logs/cop165-cumulative-20260527-2ccb88e9-q10672/slurm-logs/xcsp-parse-cop-cumulative-165-order-ge-cumexact-timerd-20260526-2ccb88e9-q10672-19875378-86.out,logs/cop165-cumulative-20260527-2ccb88e9-q10672/slurm-logs/xcsp-parse-cop-cumulative-165-order-ge-cumexact-timerd-20260526-2ccb88e9-q10672-19875378-86.err,sat_no_proof,COMPLETED,0:0,00:08:41,best incumbent shown; objective improvement search stopped before optimality proof: eager incremental objective cut could not be encoded,logs/cop165-cumulative-20260527-2ccb88e9-q10672/slurm-logs/xcsp-parse-cop-cumulative-165-order-ge-cumexact-taskrd-20260526-2ccb88e9-q10672-19875379-86.out,logs/cop165-cumulative-20260527-2ccb88e9-q10672/slurm-logs/xcsp-parse-cop-cumulative-165-order-ge-cumexact-taskrd-20260526-2ccb88e9-q10672-19875379-86.err,timeout_incumbent,COMPLETED,0:0,00:30:06,incumbent_interrupted_by_signal,logs/cop165-cumulative-20260527-2ccb88e9-q10672/slurm-logs/xcsp-parse-cop-cumulative-165-order-ge-cumext-boundprop-20260526-2ccb88e9-q10672-19875380-86.out,logs/cop165-cumulative-20260527-2ccb88e9-q10672/slurm-logs/xcsp-parse-cop-cumulative-165-order-ge-cumext-boundprop-20260526-2ccb88e9-q10672-19875380-86.err
87,TestScheduling-t050m20r10-1_c24.xml.lzma,COP22to25/TestScheduling-t050m20r10-1_c24.xml.lzma,timeout_incumbent,COMPLETED,0:0,00:30:05,incumbent_interrupted_by_signal,logs/cop165-cumulative-20260527-2ccb88e9-q10672/slurm-logs/xcsp-parse-cop-cumulative-165-log-scop-cumexact-timerd-20260526-2ccb88e9-q10672-19875381-87.out,logs/cop165-cumulative-20260527-2ccb88e9-q10672/slurm-logs/xcsp-parse-cop-cumulative-165-log-scop-cumexact-timerd-20260526-2ccb88e9-q10672-19875381-87.err,timeout_incumbent,COMPLETED,0:0,00:30:04,incumbent_interrupted_by_signal,logs/cop165-cumulative-20260527-2ccb88e9-q10672/slurm-logs/xcsp-parse-cop-cumulative-165-log-scop-cumexact-taskrd-20260526-2ccb88e9-q10672-19875382-87.out,logs/cop165-cumulative-20260527-2ccb88e9-q10672/slurm-logs/xcsp-parse-cop-cumulative-165-log-scop-cumexact-taskrd-20260526-2ccb88e9-q10672-19875382-87.err,timeout_incumbent,COMPLETED,0:0,00:30:06,incumbent_interrupted_by_signal,logs/cop165-cumulative-20260527-2ccb88e9-q10672/slurm-logs/xcsp-parse-cop-cumulative-165-log-scop-cumext-boundprop-20260526-2ccb88e9-q10672-19875383-87.out,logs/cop165-cumulative-20260527-2ccb88e9-q10672/slurm-logs/xcsp-parse-cop-cumulative-165-log-scop-cumext-boundprop-20260526-2ccb88e9-q10672-19875383-87.err,sat_no_proof,COMPLETED,0:0,00:09:45,best incumbent shown; objective improvement search stopped before optimality proof: eager incremental objective cut could not be encoded,logs/cop165-cumulative-20260527-2ccb88e9-q10672/slurm-logs/xcsp-parse-cop-cumulative-165-order-ge-cumexact-timerd-20260526-2ccb88e9-q10672-19875378-87.out,logs/cop165-cumulative-20260527-2ccb88e9-q10672/slurm-logs/xcsp-parse-cop-cumulative-165-order-ge-cumexact-timerd-20260526-2ccb88e9-q10672-19875378-87.err,timeout_unknown,COMPLETED,0:0,00:30:04,terminated_by_signal,logs/cop165-cumulative-20260527-2ccb88e9-q10672/slurm-logs/xcsp-parse-cop-cumulative-165-order-ge-cumexact-taskrd-20260526-2ccb88e9-q10672-19875379-87.out,logs/cop165-cumulative-20260527-2ccb88e9-q10672/slurm-logs/xcsp-parse-cop-cumulative-165-order-ge-cumexact-taskrd-20260526-2ccb88e9-q10672-19875379-87.err,sat_no_proof,COMPLETED,0:0,00:00:47,best incumbent shown; objective improvement search stopped before optimality proof: eager incremental objective cut could not be encoded,logs/cop165-cumulative-20260527-2ccb88e9-q10672/slurm-logs/xcsp-parse-cop-cumulative-165-order-ge-cumext-boundprop-20260526-2ccb88e9-q10672-19875380-87.out,logs/cop165-cumulative-20260527-2ccb88e9-q10672/slurm-logs/xcsp-parse-cop-cumulative-165-order-ge-cumext-boundprop-20260526-2ccb88e9-q10672-19875380-87.err
88,TestScheduling-t050m20r05-1_c24.xml.lzma,COP22to25/TestScheduling-t050m20r05-1_c24.xml.lzma,timeout_incumbent,COMPLETED,0:0,00:30:05,incumbent_interrupted_by_signal,logs/cop165-cumulative-20260527-2ccb88e9-q10672/slurm-logs/xcsp-parse-cop-cumulative-165-log-scop-cumexact-timerd-20260526-2ccb88e9-q10672-19875381-88.out,logs/cop165-cumulative-20260527-2ccb88e9-q10672/slurm-logs/xcsp-parse-cop-cumulative-165-log-scop-cumexact-timerd-20260526-2ccb88e9-q10672-19875381-88.err,timeout_incumbent,COMPLETED,0:0,00:30:04,incumbent_interrupted_by_signal,logs/cop165-cumulative-20260527-2ccb88e9-q10672/slurm-logs/xcsp-parse-cop-cumulative-165-log-scop-cumexact-taskrd-20260526-2ccb88e9-q10672-19875382-88.out,logs/cop165-cumulative-20260527-2ccb88e9-q10672/slurm-logs/xcsp-parse-cop-cumulative-165-log-scop-cumexact-taskrd-20260526-2ccb88e9-q10672-19875382-88.err,timeout_incumbent,COMPLETED,0:0,00:30:05,incumbent_interrupted_by_signal,logs/cop165-cumulative-20260527-2ccb88e9-q10672/slurm-logs/xcsp-parse-cop-cumulative-165-log-scop-cumext-boundprop-20260526-2ccb88e9-q10672-19875383-88.out,logs/cop165-cumulative-20260527-2ccb88e9-q10672/slurm-logs/xcsp-parse-cop-cumulative-165-log-scop-cumext-boundprop-20260526-2ccb88e9-q10672-19875383-88.err,timeout_unknown,COMPLETED,0:0,00:30:05,terminated_by_signal,logs/cop165-cumulative-20260527-2ccb88e9-q10672/slurm-logs/xcsp-parse-cop-cumulative-165-order-ge-cumexact-timerd-20260526-2ccb88e9-q10672-19875378-88.out,logs/cop165-cumulative-20260527-2ccb88e9-q10672/slurm-logs/xcsp-parse-cop-cumulative-165-order-ge-cumexact-timerd-20260526-2ccb88e9-q10672-19875378-88.err,timeout_unknown,COMPLETED,0:0,00:30:07,terminated_by_signal,logs/cop165-cumulative-20260527-2ccb88e9-q10672/slurm-logs/xcsp-parse-cop-cumulative-165-order-ge-cumexact-taskrd-20260526-2ccb88e9-q10672-19875379-88.out,logs/cop165-cumulative-20260527-2ccb88e9-q10672/slurm-logs/xcsp-parse-cop-cumulative-165-order-ge-cumexact-taskrd-20260526-2ccb88e9-q10672-19875379-88.err,timeout_incumbent,COMPLETED,0:0,00:30:06,incumbent_interrupted_by_signal,logs/cop165-cumulative-20260527-2ccb88e9-q10672/slurm-logs/xcsp-parse-cop-cumulative-165-order-ge-cumext-boundprop-20260526-2ccb88e9-q10672-19875380-88.out,logs/cop165-cumulative-20260527-2ccb88e9-q10672/slurm-logs/xcsp-parse-cop-cumulative-165-order-ge-cumext-boundprop-20260526-2ccb88e9-q10672-19875380-88.err
89,VRP_LC-13-11-20-s4_c24.xml.lzma,COP22to25/VRP_LC-13-11-20-s4_c24.xml.lzma,timeout_incumbent,COMPLETED,0:0,00:30:04,incumbent_interrupted_by_signal,logs/cop165-cumulative-20260527-2ccb88e9-q10672/slurm-logs/xcsp-parse-cop-cumulative-165-log-scop-cumexact-timerd-20260526-2ccb88e9-q10672-19875381-89.out,logs/cop165-cumulative-20260527-2ccb88e9-q10672/slurm-logs/xcsp-parse-cop-cumulative-165-log-scop-cumexact-timerd-20260526-2ccb88e9-q10672-19875381-89.err,timeout_incumbent,COMPLETED,0:0,00:31:05,incumbent_interrupted_by_signal,logs/cop165-cumulative-20260527-2ccb88e9-q10672/slurm-logs/xcsp-parse-cop-cumulative-165-log-scop-cumexact-taskrd-20260526-2ccb88e9-q10672-19875382-89.out,logs/cop165-cumulative-20260527-2ccb88e9-q10672/slurm-logs/xcsp-parse-cop-cumulative-165-log-scop-cumexact-taskrd-20260526-2ccb88e9-q10672-19875382-89.err,timeout_incumbent,COMPLETED,0:0,00:30:05,incumbent_interrupted_by_signal,logs/cop165-cumulative-20260527-2ccb88e9-q10672/slurm-logs/xcsp-parse-cop-cumulative-165-log-scop-cumext-boundprop-20260526-2ccb88e9-q10672-19875383-89.out,logs/cop165-cumulative-20260527-2ccb88e9-q10672/slurm-logs/xcsp-parse-cop-cumulative-165-log-scop-cumext-boundprop-20260526-2ccb88e9-q10672-19875383-89.err,timeout_incumbent,COMPLETED,0:0,00:30:03,incumbent_interrupted_by_signal,logs/cop165-cumulative-20260527-2ccb88e9-q10672/slurm-logs/xcsp-parse-cop-cumulative-165-order-ge-cumexact-timerd-20260526-2ccb88e9-q10672-19875378-89.out,logs/cop165-cumulative-20260527-2ccb88e9-q10672/slurm-logs/xcsp-parse-cop-cumulative-165-order-ge-cumexact-timerd-20260526-2ccb88e9-q10672-19875378-89.err,timeout_incumbent,COMPLETED,0:0,00:30:05,incumbent_interrupted_by_signal,logs/cop165-cumulative-20260527-2ccb88e9-q10672/slurm-logs/xcsp-parse-cop-cumulative-165-order-ge-cumexact-taskrd-20260526-2ccb88e9-q10672-19875379-89.out,logs/cop165-cumulative-20260527-2ccb88e9-q10672/slurm-logs/xcsp-parse-cop-cumulative-165-order-ge-cumexact-taskrd-20260526-2ccb88e9-q10672-19875379-89.err,timeout_incumbent,COMPLETED,0:0,00:30:04,incumbent_interrupted_by_signal,logs/cop165-cumulative-20260527-2ccb88e9-q10672/slurm-logs/xcsp-parse-cop-cumulative-165-order-ge-cumext-boundprop-20260526-2ccb88e9-q10672-19875380-89.out,logs/cop165-cumulative-20260527-2ccb88e9-q10672/slurm-logs/xcsp-parse-cop-cumulative-165-order-ge-cumext-boundprop-20260526-2ccb88e9-q10672-19875380-89.err
90,AircraftAssemblyLine-2-178-50-0_c23.xml.lzma,COP22to25/AircraftAssemblyLine-2-178-50-0_c23.xml.lzma,timeout_incumbent,COMPLETED,0:0,00:30:04,incumbent_interrupted_by_signal,logs/cop165-cumulative-20260527-2ccb88e9-q10672/slurm-logs/xcsp-parse-cop-cumulative-165-log-scop-cumexact-timerd-20260526-2ccb88e9-q10672-19875381-90.out,logs/cop165-cumulative-20260527-2ccb88e9-q10672/slurm-logs/xcsp-parse-cop-cumulative-165-log-scop-cumexact-timerd-20260526-2ccb88e9-q10672-19875381-90.err,timeout_incumbent,COMPLETED,0:0,00:30:04,incumbent_interrupted_by_signal,logs/cop165-cumulative-20260527-2ccb88e9-q10672/slurm-logs/xcsp-parse-cop-cumulative-165-log-scop-cumexact-taskrd-20260526-2ccb88e9-q10672-19875382-90.out,logs/cop165-cumulative-20260527-2ccb88e9-q10672/slurm-logs/xcsp-parse-cop-cumulative-165-log-scop-cumexact-taskrd-20260526-2ccb88e9-q10672-19875382-90.err,timeout_incumbent,COMPLETED,0:0,00:30:04,incumbent_interrupted_by_signal,logs/cop165-cumulative-20260527-2ccb88e9-q10672/slurm-logs/xcsp-parse-cop-cumulative-165-log-scop-cumext-boundprop-20260526-2ccb88e9-q10672-19875383-90.out,logs/cop165-cumulative-20260527-2ccb88e9-q10672/slurm-logs/xcsp-parse-cop-cumulative-165-log-scop-cumext-boundprop-20260526-2ccb88e9-q10672-19875383-90.err,sat_no_proof,COMPLETED,0:0,00:28:54,best incumbent shown; objective improvement search stopped before optimality proof: eager incremental objective cut could not be encoded,logs/cop165-cumulative-20260527-2ccb88e9-q10672/slurm-logs/xcsp-parse-cop-cumulative-165-order-ge-cumexact-timerd-20260526-2ccb88e9-q10672-19875378-90.out,logs/cop165-cumulative-20260527-2ccb88e9-q10672/slurm-logs/xcsp-parse-cop-cumulative-165-order-ge-cumexact-timerd-20260526-2ccb88e9-q10672-19875378-90.err,timeout_unknown,COMPLETED,0:0,00:30:04,terminated_by_signal,logs/cop165-cumulative-20260527-2ccb88e9-q10672/slurm-logs/xcsp-parse-cop-cumulative-165-order-ge-cumexact-taskrd-20260526-2ccb88e9-q10672-19875379-90.out,logs/cop165-cumulative-20260527-2ccb88e9-q10672/slurm-logs/xcsp-parse-cop-cumulative-165-order-ge-cumexact-taskrd-20260526-2ccb88e9-q10672-19875379-90.err,timeout_unknown,COMPLETED,0:0,00:30:03,terminated_by_signal,logs/cop165-cumulative-20260527-2ccb88e9-q10672/slurm-logs/xcsp-parse-cop-cumulative-165-order-ge-cumext-boundprop-20260526-2ccb88e9-q10672-19875380-90.out,logs/cop165-cumulative-20260527-2ccb88e9-q10672/slurm-logs/xcsp-parse-cop-cumulative-165-order-ge-cumext-boundprop-20260526-2ccb88e9-q10672-19875380-90.err
91,Cargo-16-10720f-4243_c24.xml.lzma,COP22to25/Cargo-16-10720f-4243_c24.xml.lzma,timeout_unknown,COMPLETED,0:0,00:30:05,terminated_by_signal,logs/cop165-cumulative-20260527-2ccb88e9-q10672/slurm-logs/xcsp-parse-cop-cumulative-165-log-scop-cumexact-timerd-20260526-2ccb88e9-q10672-19875381-91.out,logs/cop165-cumulative-20260527-2ccb88e9-q10672/slurm-logs/xcsp-parse-cop-cumulative-165-log-scop-cumexact-timerd-20260526-2ccb88e9-q10672-19875381-91.err,timeout_unknown,COMPLETED,0:0,00:30:05,terminated_by_signal,logs/cop165-cumulative-20260527-2ccb88e9-q10672/slurm-logs/xcsp-parse-cop-cumulative-165-log-scop-cumexact-taskrd-20260526-2ccb88e9-q10672-19875382-91.out,logs/cop165-cumulative-20260527-2ccb88e9-q10672/slurm-logs/xcsp-parse-cop-cumulative-165-log-scop-cumexact-taskrd-20260526-2ccb88e9-q10672-19875382-91.err,timeout_unknown,COMPLETED,0:0,00:30:04,terminated_by_signal,logs/cop165-cumulative-20260527-2ccb88e9-q10672/slurm-logs/xcsp-parse-cop-cumulative-165-log-scop-cumext-boundprop-20260526-2ccb88e9-q10672-19875383-91.out,logs/cop165-cumulative-20260527-2ccb88e9-q10672/slurm-logs/xcsp-parse-cop-cumulative-165-log-scop-cumext-boundprop-20260526-2ccb88e9-q10672-19875383-91.err,timeout_unknown,COMPLETED,0:0,00:30:06,terminated_by_signal,logs/cop165-cumulative-20260527-2ccb88e9-q10672/slurm-logs/xcsp-parse-cop-cumulative-165-order-ge-cumexact-timerd-20260526-2ccb88e9-q10672-19875378-91.out,logs/cop165-cumulative-20260527-2ccb88e9-q10672/slurm-logs/xcsp-parse-cop-cumulative-165-order-ge-cumexact-timerd-20260526-2ccb88e9-q10672-19875378-91.err,timeout_unknown,COMPLETED,0:0,00:30:04,terminated_by_signal,logs/cop165-cumulative-20260527-2ccb88e9-q10672/slurm-logs/xcsp-parse-cop-cumulative-165-order-ge-cumexact-taskrd-20260526-2ccb88e9-q10672-19875379-91.out,logs/cop165-cumulative-20260527-2ccb88e9-q10672/slurm-logs/xcsp-parse-cop-cumulative-165-order-ge-cumexact-taskrd-20260526-2ccb88e9-q10672-19875379-91.err,timeout_unknown,COMPLETED,0:0,00:30:03,terminated_by_signal,logs/cop165-cumulative-20260527-2ccb88e9-q10672/slurm-logs/xcsp-parse-cop-cumulative-165-order-ge-cumext-boundprop-20260526-2ccb88e9-q10672-19875380-91.out,logs/cop165-cumulative-20260527-2ccb88e9-q10672/slurm-logs/xcsp-parse-cop-cumulative-165-order-ge-cumext-boundprop-20260526-2ccb88e9-q10672-19875380-91.err
92,AircraftAssemblyLine-2-178-50-1_c23.xml.lzma,COP22to25/AircraftAssemblyLine-2-178-50-1_c23.xml.lzma,timeout_incumbent,COMPLETED,0:0,00:30:03,incumbent_interrupted_by_signal,logs/cop165-cumulative-20260527-2ccb88e9-q10672/slurm-logs/xcsp-parse-cop-cumulative-165-log-scop-cumexact-timerd-20260526-2ccb88e9-q10672-19875381-92.out,logs/cop165-cumulative-20260527-2ccb88e9-q10672/slurm-logs/xcsp-parse-cop-cumulative-165-log-scop-cumexact-timerd-20260526-2ccb88e9-q10672-19875381-92.err,timeout_incumbent,COMPLETED,0:0,00:30:04,incumbent_interrupted_by_signal,logs/cop165-cumulative-20260527-2ccb88e9-q10672/slurm-logs/xcsp-parse-cop-cumulative-165-log-scop-cumexact-taskrd-20260526-2ccb88e9-q10672-19875382-92.out,logs/cop165-cumulative-20260527-2ccb88e9-q10672/slurm-logs/xcsp-parse-cop-cumulative-165-log-scop-cumexact-taskrd-20260526-2ccb88e9-q10672-19875382-92.err,timeout_incumbent,COMPLETED,0:0,00:30:04,incumbent_interrupted_by_signal,logs/cop165-cumulative-20260527-2ccb88e9-q10672/slurm-logs/xcsp-parse-cop-cumulative-165-log-scop-cumext-boundprop-20260526-2ccb88e9-q10672-19875383-92.out,logs/cop165-cumulative-20260527-2ccb88e9-q10672/slurm-logs/xcsp-parse-cop-cumulative-165-log-scop-cumext-boundprop-20260526-2ccb88e9-q10672-19875383-92.err,timeout_unknown,COMPLETED,0:0,00:30:04,terminated_by_signal,logs/cop165-cumulative-20260527-2ccb88e9-q10672/slurm-logs/xcsp-parse-cop-cumulative-165-order-ge-cumexact-timerd-20260526-2ccb88e9-q10672-19875378-92.out,logs/cop165-cumulative-20260527-2ccb88e9-q10672/slurm-logs/xcsp-parse-cop-cumulative-165-order-ge-cumexact-timerd-20260526-2ccb88e9-q10672-19875378-92.err,sat_no_proof,COMPLETED,0:0,00:12:25,best incumbent shown; objective improvement search stopped before optimality proof: eager incremental objective cut could not be encoded,logs/cop165-cumulative-20260527-2ccb88e9-q10672/slurm-logs/xcsp-parse-cop-cumulative-165-order-ge-cumexact-taskrd-20260526-2ccb88e9-q10672-19875379-92.out,logs/cop165-cumulative-20260527-2ccb88e9-q10672/slurm-logs/xcsp-parse-cop-cumulative-165-order-ge-cumexact-taskrd-20260526-2ccb88e9-q10672-19875379-92.err,timeout_unknown,COMPLETED,0:0,00:30:03,terminated_by_signal,logs/cop165-cumulative-20260527-2ccb88e9-q10672/slurm-logs/xcsp-parse-cop-cumulative-165-order-ge-cumext-boundprop-20260526-2ccb88e9-q10672-19875380-92.out,logs/cop165-cumulative-20260527-2ccb88e9-q10672/slurm-logs/xcsp-parse-cop-cumulative-165-order-ge-cumext-boundprop-20260526-2ccb88e9-q10672-19875380-92.err
93,AircraftAssemblyLine-2-178-50-2_c23.xml.lzma,COP22to25/AircraftAssemblyLine-2-178-50-2_c23.xml.lzma,timeout_incumbent,COMPLETED,0:0,00:30:03,incumbent_interrupted_by_signal,logs/cop165-cumulative-20260527-2ccb88e9-q10672/slurm-logs/xcsp-parse-cop-cumulative-165-log-scop-cumexact-timerd-20260526-2ccb88e9-q10672-19875381-93.out,logs/cop165-cumulative-20260527-2ccb88e9-q10672/slurm-logs/xcsp-parse-cop-cumulative-165-log-scop-cumexact-timerd-20260526-2ccb88e9-q10672-19875381-93.err,timeout_incumbent,COMPLETED,0:0,00:30:04,incumbent_interrupted_by_signal,logs/cop165-cumulative-20260527-2ccb88e9-q10672/slurm-logs/xcsp-parse-cop-cumulative-165-log-scop-cumexact-taskrd-20260526-2ccb88e9-q10672-19875382-93.out,logs/cop165-cumulative-20260527-2ccb88e9-q10672/slurm-logs/xcsp-parse-cop-cumulative-165-log-scop-cumexact-taskrd-20260526-2ccb88e9-q10672-19875382-93.err,timeout_unknown,COMPLETED,0:0,00:30:04,terminated_by_signal,logs/cop165-cumulative-20260527-2ccb88e9-q10672/slurm-logs/xcsp-parse-cop-cumulative-165-log-scop-cumext-boundprop-20260526-2ccb88e9-q10672-19875383-93.out,logs/cop165-cumulative-20260527-2ccb88e9-q10672/slurm-logs/xcsp-parse-cop-cumulative-165-log-scop-cumext-boundprop-20260526-2ccb88e9-q10672-19875383-93.err,sat_no_proof,COMPLETED,0:0,00:27:25,best incumbent shown; objective improvement search stopped before optimality proof: eager incremental objective cut could not be encoded,logs/cop165-cumulative-20260527-2ccb88e9-q10672/slurm-logs/xcsp-parse-cop-cumulative-165-order-ge-cumexact-timerd-20260526-2ccb88e9-q10672-19875378-93.out,logs/cop165-cumulative-20260527-2ccb88e9-q10672/slurm-logs/xcsp-parse-cop-cumulative-165-order-ge-cumexact-timerd-20260526-2ccb88e9-q10672-19875378-93.err,sat_no_proof,COMPLETED,0:0,00:06:14,best incumbent shown; objective improvement search stopped before optimality proof: eager incremental objective cut could not be encoded,logs/cop165-cumulative-20260527-2ccb88e9-q10672/slurm-logs/xcsp-parse-cop-cumulative-165-order-ge-cumexact-taskrd-20260526-2ccb88e9-q10672-19875379-93.out,logs/cop165-cumulative-20260527-2ccb88e9-q10672/slurm-logs/xcsp-parse-cop-cumulative-165-order-ge-cumexact-taskrd-20260526-2ccb88e9-q10672-19875379-93.err,timeout_unknown,COMPLETED,0:0,00:30:03,terminated_by_signal,logs/cop165-cumulative-20260527-2ccb88e9-q10672/slurm-logs/xcsp-parse-cop-cumulative-165-order-ge-cumext-boundprop-20260526-2ccb88e9-q10672-19875380-93.out,logs/cop165-cumulative-20260527-2ccb88e9-q10672/slurm-logs/xcsp-parse-cop-cumulative-165-order-ge-cumext-boundprop-20260526-2ccb88e9-q10672-19875380-93.err
94,IHTC-i01_c25.xml.lzma,COP22to25/IHTC-i01_c25.xml.lzma,internal_error,COMPLETED,0:0,00:00:04,log-scop incremental cut is missing base integer code for id=233,logs/cop165-cumulative-20260527-2ccb88e9-q10672/slurm-logs/xcsp-parse-cop-cumulative-165-log-scop-cumexact-timerd-20260526-2ccb88e9-q10672-19875381-94.out,logs/cop165-cumulative-20260527-2ccb88e9-q10672/slurm-logs/xcsp-parse-cop-cumulative-165-log-scop-cumexact-timerd-20260526-2ccb88e9-q10672-19875381-94.err,unsat,COMPLETED,0:0,00:00:12,,logs/cop165-cumulative-20260527-2ccb88e9-q10672/slurm-logs/xcsp-parse-cop-cumulative-165-log-scop-cumexact-taskrd-20260526-2ccb88e9-q10672-19875382-94.out,logs/cop165-cumulative-20260527-2ccb88e9-q10672/slurm-logs/xcsp-parse-cop-cumulative-165-log-scop-cumexact-taskrd-20260526-2ccb88e9-q10672-19875382-94.err,internal_error,COMPLETED,0:0,00:00:08,log-scop incremental cut is missing base integer code for id=233,logs/cop165-cumulative-20260527-2ccb88e9-q10672/slurm-logs/xcsp-parse-cop-cumulative-165-log-scop-cumext-boundprop-20260526-2ccb88e9-q10672-19875383-94.out,logs/cop165-cumulative-20260527-2ccb88e9-q10672/slurm-logs/xcsp-parse-cop-cumulative-165-log-scop-cumext-boundprop-20260526-2ccb88e9-q10672-19875383-94.err,out_of_memory,OUT_OF_MEMORY,0:125,00:27:11,slurmstepd: error: Detected 3 oom-kill event(s) in StepId=19875782.batch. Some of your processes may have been killed by the cgroup out-of-memory handler.,logs/cop165-cumulative-20260527-2ccb88e9-q10672/slurm-logs/xcsp-parse-cop-cumulative-165-order-ge-cumexact-timerd-20260526-2ccb88e9-q10672-19875378-94.out,logs/cop165-cumulative-20260527-2ccb88e9-q10672/slurm-logs/xcsp-parse-cop-cumulative-165-order-ge-cumexact-timerd-20260526-2ccb88e9-q10672-19875378-94.err,unsat,COMPLETED,0:0,00:05:45,,logs/cop165-cumulative-20260527-2ccb88e9-q10672/slurm-logs/xcsp-parse-cop-cumulative-165-order-ge-cumexact-taskrd-20260526-2ccb88e9-q10672-19875379-94.out,logs/cop165-cumulative-20260527-2ccb88e9-q10672/slurm-logs/xcsp-parse-cop-cumulative-165-order-ge-cumexact-taskrd-20260526-2ccb88e9-q10672-19875379-94.err,timeout_incumbent,COMPLETED,0:0,00:30:08,incumbent_interrupted_by_signal,logs/cop165-cumulative-20260527-2ccb88e9-q10672/slurm-logs/xcsp-parse-cop-cumulative-165-order-ge-cumext-boundprop-20260526-2ccb88e9-q10672-19875380-94.out,logs/cop165-cumulative-20260527-2ccb88e9-q10672/slurm-logs/xcsp-parse-cop-cumulative-165-order-ge-cumext-boundprop-20260526-2ccb88e9-q10672-19875380-94.err
95,AircraftAssemblyLine-2-178-20-0_c23.xml.lzma,COP22to25/AircraftAssemblyLine-2-178-20-0_c23.xml.lzma,timeout_incumbent,COMPLETED,0:0,00:30:04,incumbent_interrupted_by_signal,logs/cop165-cumulative-20260527-2ccb88e9-q10672/slurm-logs/xcsp-parse-cop-cumulative-165-log-scop-cumexact-timerd-20260526-2ccb88e9-q10672-19875381-95.out,logs/cop165-cumulative-20260527-2ccb88e9-q10672/slurm-logs/xcsp-parse-cop-cumulative-165-log-scop-cumexact-timerd-20260526-2ccb88e9-q10672-19875381-95.err,timeout_incumbent,COMPLETED,0:0,00:30:04,incumbent_interrupted_by_signal,logs/cop165-cumulative-20260527-2ccb88e9-q10672/slurm-logs/xcsp-parse-cop-cumulative-165-log-scop-cumexact-taskrd-20260526-2ccb88e9-q10672-19875382-95.out,logs/cop165-cumulative-20260527-2ccb88e9-q10672/slurm-logs/xcsp-parse-cop-cumulative-165-log-scop-cumexact-taskrd-20260526-2ccb88e9-q10672-19875382-95.err,timeout_incumbent,COMPLETED,0:0,00:30:05,incumbent_interrupted_by_signal,logs/cop165-cumulative-20260527-2ccb88e9-q10672/slurm-logs/xcsp-parse-cop-cumulative-165-log-scop-cumext-boundprop-20260526-2ccb88e9-q10672-19875383-95.out,logs/cop165-cumulative-20260527-2ccb88e9-q10672/slurm-logs/xcsp-parse-cop-cumulative-165-log-scop-cumext-boundprop-20260526-2ccb88e9-q10672-19875383-95.err,timeout_unknown,COMPLETED,0:0,00:30:05,terminated_by_signal,logs/cop165-cumulative-20260527-2ccb88e9-q10672/slurm-logs/xcsp-parse-cop-cumulative-165-order-ge-cumexact-timerd-20260526-2ccb88e9-q10672-19875378-95.out,logs/cop165-cumulative-20260527-2ccb88e9-q10672/slurm-logs/xcsp-parse-cop-cumulative-165-order-ge-cumexact-timerd-20260526-2ccb88e9-q10672-19875378-95.err,sat_no_proof,COMPLETED,0:0,00:25:42,best incumbent shown; objective improvement search stopped before optimality proof: eager incremental objective cut could not be encoded,logs/cop165-cumulative-20260527-2ccb88e9-q10672/slurm-logs/xcsp-parse-cop-cumulative-165-order-ge-cumexact-taskrd-20260526-2ccb88e9-q10672-19875379-95.out,logs/cop165-cumulative-20260527-2ccb88e9-q10672/slurm-logs/xcsp-parse-cop-cumulative-165-order-ge-cumexact-taskrd-20260526-2ccb88e9-q10672-19875379-95.err,timeout_unknown,COMPLETED,0:0,00:30:04,terminated_by_signal,logs/cop165-cumulative-20260527-2ccb88e9-q10672/slurm-logs/xcsp-parse-cop-cumulative-165-order-ge-cumext-boundprop-20260526-2ccb88e9-q10672-19875380-95.out,logs/cop165-cumulative-20260527-2ccb88e9-q10672/slurm-logs/xcsp-parse-cop-cumulative-165-order-ge-cumext-boundprop-20260526-2ccb88e9-q10672-19875380-95.err
96,AircraftAssemblyLine-2-178-20-2_c23.xml.lzma,COP22to25/AircraftAssemblyLine-2-178-20-2_c23.xml.lzma,timeout_unknown,COMPLETED,0:0,00:30:06,terminated_by_signal,logs/cop165-cumulative-20260527-2ccb88e9-q10672/slurm-logs/xcsp-parse-cop-cumulative-165-log-scop-cumexact-timerd-20260526-2ccb88e9-q10672-19875381-96.out,logs/cop165-cumulative-20260527-2ccb88e9-q10672/slurm-logs/xcsp-parse-cop-cumulative-165-log-scop-cumexact-timerd-20260526-2ccb88e9-q10672-19875381-96.err,timeout_unknown,COMPLETED,0:0,00:30:05,terminated_by_signal,logs/cop165-cumulative-20260527-2ccb88e9-q10672/slurm-logs/xcsp-parse-cop-cumulative-165-log-scop-cumexact-taskrd-20260526-2ccb88e9-q10672-19875382-96.out,logs/cop165-cumulative-20260527-2ccb88e9-q10672/slurm-logs/xcsp-parse-cop-cumulative-165-log-scop-cumexact-taskrd-20260526-2ccb88e9-q10672-19875382-96.err,timeout_incumbent,COMPLETED,0:0,00:30:05,incumbent_interrupted_by_signal,logs/cop165-cumulative-20260527-2ccb88e9-q10672/slurm-logs/xcsp-parse-cop-cumulative-165-log-scop-cumext-boundprop-20260526-2ccb88e9-q10672-19875383-96.out,logs/cop165-cumulative-20260527-2ccb88e9-q10672/slurm-logs/xcsp-parse-cop-cumulative-165-log-scop-cumext-boundprop-20260526-2ccb88e9-q10672-19875383-96.err,timeout_unknown,COMPLETED,0:0,00:30:04,terminated_by_signal,logs/cop165-cumulative-20260527-2ccb88e9-q10672/slurm-logs/xcsp-parse-cop-cumulative-165-order-ge-cumexact-timerd-20260526-2ccb88e9-q10672-19875378-96.out,logs/cop165-cumulative-20260527-2ccb88e9-q10672/slurm-logs/xcsp-parse-cop-cumulative-165-order-ge-cumexact-timerd-20260526-2ccb88e9-q10672-19875378-96.err,sat_no_proof,COMPLETED,0:0,00:18:58,best incumbent shown; objective improvement search stopped before optimality proof: eager incremental objective cut could not be encoded,logs/cop165-cumulative-20260527-2ccb88e9-q10672/slurm-logs/xcsp-parse-cop-cumulative-165-order-ge-cumexact-taskrd-20260526-2ccb88e9-q10672-19875379-96.out,logs/cop165-cumulative-20260527-2ccb88e9-q10672/slurm-logs/xcsp-parse-cop-cumulative-165-order-ge-cumexact-taskrd-20260526-2ccb88e9-q10672-19875379-96.err,timeout_unknown,COMPLETED,0:0,00:30:04,terminated_by_signal,logs/cop165-cumulative-20260527-2ccb88e9-q10672/slurm-logs/xcsp-parse-cop-cumulative-165-order-ge-cumext-boundprop-20260526-2ccb88e9-q10672-19875380-96.out,logs/cop165-cumulative-20260527-2ccb88e9-q10672/slurm-logs/xcsp-parse-cop-cumulative-165-order-ge-cumext-boundprop-20260526-2ccb88e9-q10672-19875380-96.err
97,AircraftAssemblyLine-2-178-20-1_c23.xml.lzma,COP22to25/AircraftAssemblyLine-2-178-20-1_c23.xml.lzma,timeout_incumbent,COMPLETED,0:0,00:30:03,incumbent_interrupted_by_signal,logs/cop165-cumulative-20260527-2ccb88e9-q10672/slurm-logs/xcsp-parse-cop-cumulative-165-log-scop-cumexact-timerd-20260526-2ccb88e9-q10672-19875381-97.out,logs/cop165-cumulative-20260527-2ccb88e9-q10672/slurm-logs/xcsp-parse-cop-cumulative-165-log-scop-cumexact-timerd-20260526-2ccb88e9-q10672-19875381-97.err,timeout_incumbent,COMPLETED,0:0,00:30:04,incumbent_interrupted_by_signal,logs/cop165-cumulative-20260527-2ccb88e9-q10672/slurm-logs/xcsp-parse-cop-cumulative-165-log-scop-cumexact-taskrd-20260526-2ccb88e9-q10672-19875382-97.out,logs/cop165-cumulative-20260527-2ccb88e9-q10672/slurm-logs/xcsp-parse-cop-cumulative-165-log-scop-cumexact-taskrd-20260526-2ccb88e9-q10672-19875382-97.err,timeout_incumbent,COMPLETED,0:0,00:30:03,incumbent_interrupted_by_signal,logs/cop165-cumulative-20260527-2ccb88e9-q10672/slurm-logs/xcsp-parse-cop-cumulative-165-log-scop-cumext-boundprop-20260526-2ccb88e9-q10672-19875383-97.out,logs/cop165-cumulative-20260527-2ccb88e9-q10672/slurm-logs/xcsp-parse-cop-cumulative-165-log-scop-cumext-boundprop-20260526-2ccb88e9-q10672-19875383-97.err,timeout_unknown,COMPLETED,0:0,00:30:04,terminated_by_signal,logs/cop165-cumulative-20260527-2ccb88e9-q10672/slurm-logs/xcsp-parse-cop-cumulative-165-order-ge-cumexact-timerd-20260526-2ccb88e9-q10672-19875378-97.out,logs/cop165-cumulative-20260527-2ccb88e9-q10672/slurm-logs/xcsp-parse-cop-cumulative-165-order-ge-cumexact-timerd-20260526-2ccb88e9-q10672-19875378-97.err,sat_no_proof,COMPLETED,0:0,00:20:13,best incumbent shown; objective improvement search stopped before optimality proof: eager incremental objective cut could not be encoded,logs/cop165-cumulative-20260527-2ccb88e9-q10672/slurm-logs/xcsp-parse-cop-cumulative-165-order-ge-cumexact-taskrd-20260526-2ccb88e9-q10672-19875379-97.out,logs/cop165-cumulative-20260527-2ccb88e9-q10672/slurm-logs/xcsp-parse-cop-cumulative-165-order-ge-cumexact-taskrd-20260526-2ccb88e9-q10672-19875379-97.err,timeout_unknown,COMPLETED,0:0,00:30:02,terminated_by_signal,logs/cop165-cumulative-20260527-2ccb88e9-q10672/slurm-logs/xcsp-parse-cop-cumulative-165-order-ge-cumext-boundprop-20260526-2ccb88e9-q10672-19875380-97.out,logs/cop165-cumulative-20260527-2ccb88e9-q10672/slurm-logs/xcsp-parse-cop-cumulative-165-order-ge-cumext-boundprop-20260526-2ccb88e9-q10672-19875380-97.err
98,AircraftAssemblyLine-1-178-70-1_c23.xml.lzma,COP22to25/AircraftAssemblyLine-1-178-70-1_c23.xml.lzma,timeout_incumbent,COMPLETED,0:0,00:30:04,incumbent_interrupted_by_signal,logs/cop165-cumulative-20260527-2ccb88e9-q10672/slurm-logs/xcsp-parse-cop-cumulative-165-log-scop-cumexact-timerd-20260526-2ccb88e9-q10672-19875381-98.out,logs/cop165-cumulative-20260527-2ccb88e9-q10672/slurm-logs/xcsp-parse-cop-cumulative-165-log-scop-cumexact-timerd-20260526-2ccb88e9-q10672-19875381-98.err,timeout_incumbent,COMPLETED,0:0,00:30:03,incumbent_interrupted_by_signal,logs/cop165-cumulative-20260527-2ccb88e9-q10672/slurm-logs/xcsp-parse-cop-cumulative-165-log-scop-cumexact-taskrd-20260526-2ccb88e9-q10672-19875382-98.out,logs/cop165-cumulative-20260527-2ccb88e9-q10672/slurm-logs/xcsp-parse-cop-cumulative-165-log-scop-cumexact-taskrd-20260526-2ccb88e9-q10672-19875382-98.err,timeout_unknown,COMPLETED,0:0,00:30:04,terminated_by_signal,logs/cop165-cumulative-20260527-2ccb88e9-q10672/slurm-logs/xcsp-parse-cop-cumulative-165-log-scop-cumext-boundprop-20260526-2ccb88e9-q10672-19875383-98.out,logs/cop165-cumulative-20260527-2ccb88e9-q10672/slurm-logs/xcsp-parse-cop-cumulative-165-log-scop-cumext-boundprop-20260526-2ccb88e9-q10672-19875383-98.err,sat_no_proof,COMPLETED,0:0,00:15:51,best incumbent shown; objective improvement search stopped before optimality proof: eager incremental objective cut could not be encoded,logs/cop165-cumulative-20260527-2ccb88e9-q10672/slurm-logs/xcsp-parse-cop-cumulative-165-order-ge-cumexact-timerd-20260526-2ccb88e9-q10672-19875378-98.out,logs/cop165-cumulative-20260527-2ccb88e9-q10672/slurm-logs/xcsp-parse-cop-cumulative-165-order-ge-cumexact-timerd-20260526-2ccb88e9-q10672-19875378-98.err,sat_no_proof,COMPLETED,0:0,00:07:58,best incumbent shown; objective improvement search stopped before optimality proof: eager incremental objective cut could not be encoded,logs/cop165-cumulative-20260527-2ccb88e9-q10672/slurm-logs/xcsp-parse-cop-cumulative-165-order-ge-cumexact-taskrd-20260526-2ccb88e9-q10672-19875379-98.out,logs/cop165-cumulative-20260527-2ccb88e9-q10672/slurm-logs/xcsp-parse-cop-cumulative-165-order-ge-cumexact-taskrd-20260526-2ccb88e9-q10672-19875379-98.err,timeout_unknown,COMPLETED,0:0,00:30:04,terminated_by_signal,logs/cop165-cumulative-20260527-2ccb88e9-q10672/slurm-logs/xcsp-parse-cop-cumulative-165-order-ge-cumext-boundprop-20260526-2ccb88e9-q10672-19875380-98.out,logs/cop165-cumulative-20260527-2ccb88e9-q10672/slurm-logs/xcsp-parse-cop-cumulative-165-order-ge-cumext-boundprop-20260526-2ccb88e9-q10672-19875380-98.err
99,Cargo-20-27613f-2435_c24.xml.lzma,COP22to25/Cargo-20-27613f-2435_c24.xml.lzma,timeout_unknown,COMPLETED,0:0,00:30:03,terminated_by_signal,logs/cop165-cumulative-20260527-2ccb88e9-q10672/slurm-logs/xcsp-parse-cop-cumulative-165-log-scop-cumexact-timerd-20260526-2ccb88e9-q10672-19875381-99.out,logs/cop165-cumulative-20260527-2ccb88e9-q10672/slurm-logs/xcsp-parse-cop-cumulative-165-log-scop-cumexact-timerd-20260526-2ccb88e9-q10672-19875381-99.err,timeout_unknown,COMPLETED,0:0,00:30:05,terminated_by_signal,logs/cop165-cumulative-20260527-2ccb88e9-q10672/slurm-logs/xcsp-parse-cop-cumulative-165-log-scop-cumexact-taskrd-20260526-2ccb88e9-q10672-19875382-99.out,logs/cop165-cumulative-20260527-2ccb88e9-q10672/slurm-logs/xcsp-parse-cop-cumulative-165-log-scop-cumexact-taskrd-20260526-2ccb88e9-q10672-19875382-99.err,timeout_unknown,COMPLETED,0:0,00:30:05,terminated_by_signal,logs/cop165-cumulative-20260527-2ccb88e9-q10672/slurm-logs/xcsp-parse-cop-cumulative-165-log-scop-cumext-boundprop-20260526-2ccb88e9-q10672-19875383-99.out,logs/cop165-cumulative-20260527-2ccb88e9-q10672/slurm-logs/xcsp-parse-cop-cumulative-165-log-scop-cumext-boundprop-20260526-2ccb88e9-q10672-19875383-99.err,out_of_memory,OUT_OF_MEMORY,0:125,00:09:44,slurmstepd: error: Detected 12 oom-kill event(s) in StepId=19875870.batch. Some of your processes may have been killed by the cgroup out-of-memory handler.,logs/cop165-cumulative-20260527-2ccb88e9-q10672/slurm-logs/xcsp-parse-cop-cumulative-165-order-ge-cumexact-timerd-20260526-2ccb88e9-q10672-19875378-99.out,logs/cop165-cumulative-20260527-2ccb88e9-q10672/slurm-logs/xcsp-parse-cop-cumulative-165-order-ge-cumexact-timerd-20260526-2ccb88e9-q10672-19875378-99.err,out_of_memory,OUT_OF_MEMORY,0:125,00:10:44,slurmstepd: error: Detected 2 oom-kill event(s) in StepId=19878623.batch. Some of your processes may have been killed by the cgroup out-of-memory handler.,logs/cop165-cumulative-20260527-2ccb88e9-q10672/slurm-logs/xcsp-parse-cop-cumulative-165-order-ge-cumexact-taskrd-20260526-2ccb88e9-q10672-19875379-99.out,logs/cop165-cumulative-20260527-2ccb88e9-q10672/slurm-logs/xcsp-parse-cop-cumulative-165-order-ge-cumexact-taskrd-20260526-2ccb88e9-q10672-19875379-99.err,out_of_memory,OUT_OF_MEMORY,0:125,00:09:48,slurmstepd: error: Detected 7 oom-kill event(s) in StepId=19881745.batch. Some of your processes may have been killed by the cgroup out-of-memory handler.,logs/cop165-cumulative-20260527-2ccb88e9-q10672/slurm-logs/xcsp-parse-cop-cumulative-165-order-ge-cumext-boundprop-20260526-2ccb88e9-q10672-19875380-99.out,logs/cop165-cumulative-20260527-2ccb88e9-q10672/slurm-logs/xcsp-parse-cop-cumulative-165-order-ge-cumext-boundprop-20260526-2ccb88e9-q10672-19875380-99.err
100,Cargo-19-31058f-2548_c24.xml.lzma,COP22to25/Cargo-19-31058f-2548_c24.xml.lzma,timeout_incumbent,COMPLETED,0:0,00:30:04,incumbent_interrupted_by_signal,logs/cop165-cumulative-20260527-2ccb88e9-q10672/slurm-logs/xcsp-parse-cop-cumulative-165-log-scop-cumexact-timerd-20260526-2ccb88e9-q10672-19875381-100.out,logs/cop165-cumulative-20260527-2ccb88e9-q10672/slurm-logs/xcsp-parse-cop-cumulative-165-log-scop-cumexact-timerd-20260526-2ccb88e9-q10672-19875381-100.err,timeout_incumbent,COMPLETED,0:0,00:30:05,incumbent_interrupted_by_signal,logs/cop165-cumulative-20260527-2ccb88e9-q10672/slurm-logs/xcsp-parse-cop-cumulative-165-log-scop-cumexact-taskrd-20260526-2ccb88e9-q10672-19875382-100.out,logs/cop165-cumulative-20260527-2ccb88e9-q10672/slurm-logs/xcsp-parse-cop-cumulative-165-log-scop-cumexact-taskrd-20260526-2ccb88e9-q10672-19875382-100.err,timeout_unknown,COMPLETED,0:0,00:30:05,terminated_by_signal,logs/cop165-cumulative-20260527-2ccb88e9-q10672/slurm-logs/xcsp-parse-cop-cumulative-165-log-scop-cumext-boundprop-20260526-2ccb88e9-q10672-19875383-100.out,logs/cop165-cumulative-20260527-2ccb88e9-q10672/slurm-logs/xcsp-parse-cop-cumulative-165-log-scop-cumext-boundprop-20260526-2ccb88e9-q10672-19875383-100.err,out_of_memory,OUT_OF_MEMORY,0:125,00:09:34,slurmstepd: error: Detected 7 oom-kill event(s) in StepId=19875876.batch. Some of your processes may have been killed by the cgroup out-of-memory handler.,logs/cop165-cumulative-20260527-2ccb88e9-q10672/slurm-logs/xcsp-parse-cop-cumulative-165-order-ge-cumexact-timerd-20260526-2ccb88e9-q10672-19875378-100.out,logs/cop165-cumulative-20260527-2ccb88e9-q10672/slurm-logs/xcsp-parse-cop-cumulative-165-order-ge-cumexact-timerd-20260526-2ccb88e9-q10672-19875378-100.err,out_of_memory,OUT_OF_MEMORY,0:125,00:11:54,slurmstepd: error: Detected 1 oom-kill event(s) in StepId=19878633.batch. Some of your processes may have been killed by the cgroup out-of-memory handler.,logs/cop165-cumulative-20260527-2ccb88e9-q10672/slurm-logs/xcsp-parse-cop-cumulative-165-order-ge-cumexact-taskrd-20260526-2ccb88e9-q10672-19875379-100.out,logs/cop165-cumulative-20260527-2ccb88e9-q10672/slurm-logs/xcsp-parse-cop-cumulative-165-order-ge-cumexact-taskrd-20260526-2ccb88e9-q10672-19875379-100.err,out_of_memory,OUT_OF_MEMORY,0:125,00:10:32,slurmstepd: error: Detected 16 oom-kill event(s) in StepId=19881904.batch. Some of your processes may have been killed by the cgroup out-of-memory handler.,logs/cop165-cumulative-20260527-2ccb88e9-q10672/slurm-logs/xcsp-parse-cop-cumulative-165-order-ge-cumext-boundprop-20260526-2ccb88e9-q10672-19875380-100.out,logs/cop165-cumulative-20260527-2ccb88e9-q10672/slurm-logs/xcsp-parse-cop-cumulative-165-order-ge-cumext-boundprop-20260526-2ccb88e9-q10672-19875380-100.err
101,AircraftAssemblyLine-1-178-70-0_c23.xml.lzma,COP22to25/AircraftAssemblyLine-1-178-70-0_c23.xml.lzma,timeout_incumbent,COMPLETED,0:0,00:30:04,incumbent_interrupted_by_signal,logs/cop165-cumulative-20260527-2ccb88e9-q10672/slurm-logs/xcsp-parse-cop-cumulative-165-log-scop-cumexact-timerd-20260526-2ccb88e9-q10672-19875381-101.out,logs/cop165-cumulative-20260527-2ccb88e9-q10672/slurm-logs/xcsp-parse-cop-cumulative-165-log-scop-cumexact-timerd-20260526-2ccb88e9-q10672-19875381-101.err,timeout_incumbent,COMPLETED,0:0,00:30:05,incumbent_interrupted_by_signal,logs/cop165-cumulative-20260527-2ccb88e9-q10672/slurm-logs/xcsp-parse-cop-cumulative-165-log-scop-cumexact-taskrd-20260526-2ccb88e9-q10672-19875382-101.out,logs/cop165-cumulative-20260527-2ccb88e9-q10672/slurm-logs/xcsp-parse-cop-cumulative-165-log-scop-cumexact-taskrd-20260526-2ccb88e9-q10672-19875382-101.err,timeout_incumbent,COMPLETED,0:0,00:30:05,incumbent_interrupted_by_signal,logs/cop165-cumulative-20260527-2ccb88e9-q10672/slurm-logs/xcsp-parse-cop-cumulative-165-log-scop-cumext-boundprop-20260526-2ccb88e9-q10672-19875383-101.out,logs/cop165-cumulative-20260527-2ccb88e9-q10672/slurm-logs/xcsp-parse-cop-cumulative-165-log-scop-cumext-boundprop-20260526-2ccb88e9-q10672-19875383-101.err,sat_no_proof,COMPLETED,0:0,00:10:46,best incumbent shown; objective improvement search stopped before optimality proof: eager incremental objective cut could not be encoded,logs/cop165-cumulative-20260527-2ccb88e9-q10672/slurm-logs/xcsp-parse-cop-cumulative-165-order-ge-cumexact-timerd-20260526-2ccb88e9-q10672-19875378-101.out,logs/cop165-cumulative-20260527-2ccb88e9-q10672/slurm-logs/xcsp-parse-cop-cumulative-165-order-ge-cumexact-timerd-20260526-2ccb88e9-q10672-19875378-101.err,sat_no_proof,COMPLETED,0:0,00:10:18,best incumbent shown; objective improvement search stopped before optimality proof: eager incremental objective cut could not be encoded,logs/cop165-cumulative-20260527-2ccb88e9-q10672/slurm-logs/xcsp-parse-cop-cumulative-165-order-ge-cumexact-taskrd-20260526-2ccb88e9-q10672-19875379-101.out,logs/cop165-cumulative-20260527-2ccb88e9-q10672/slurm-logs/xcsp-parse-cop-cumulative-165-order-ge-cumexact-taskrd-20260526-2ccb88e9-q10672-19875379-101.err,sat_no_proof,COMPLETED,0:0,00:09:16,best incumbent shown; objective improvement search stopped before optimality proof: eager incremental objective cut could not be encoded,logs/cop165-cumulative-20260527-2ccb88e9-q10672/slurm-logs/xcsp-parse-cop-cumulative-165-order-ge-cumext-boundprop-20260526-2ccb88e9-q10672-19875380-101.out,logs/cop165-cumulative-20260527-2ccb88e9-q10672/slurm-logs/xcsp-parse-cop-cumulative-165-order-ge-cumext-boundprop-20260526-2ccb88e9-q10672-19875380-101.err
102,AircraftAssemblyLine-1-178-70-2_c23.xml.lzma,COP22to25/AircraftAssemblyLine-1-178-70-2_c23.xml.lzma,timeout_incumbent,COMPLETED,0:0,00:30:04,incumbent_interrupted_by_signal,logs/cop165-cumulative-20260527-2ccb88e9-q10672/slurm-logs/xcsp-parse-cop-cumulative-165-log-scop-cumexact-timerd-20260526-2ccb88e9-q10672-19875381-102.out,logs/cop165-cumulative-20260527-2ccb88e9-q10672/slurm-logs/xcsp-parse-cop-cumulative-165-log-scop-cumexact-timerd-20260526-2ccb88e9-q10672-19875381-102.err,timeout_incumbent,COMPLETED,0:0,00:30:04,incumbent_interrupted_by_signal,logs/cop165-cumulative-20260527-2ccb88e9-q10672/slurm-logs/xcsp-parse-cop-cumulative-165-log-scop-cumexact-taskrd-20260526-2ccb88e9-q10672-19875382-102.out,logs/cop165-cumulative-20260527-2ccb88e9-q10672/slurm-logs/xcsp-parse-cop-cumulative-165-log-scop-cumexact-taskrd-20260526-2ccb88e9-q10672-19875382-102.err,timeout_incumbent,COMPLETED,0:0,00:30:04,incumbent_interrupted_by_signal,logs/cop165-cumulative-20260527-2ccb88e9-q10672/slurm-logs/xcsp-parse-cop-cumulative-165-log-scop-cumext-boundprop-20260526-2ccb88e9-q10672-19875383-102.out,logs/cop165-cumulative-20260527-2ccb88e9-q10672/slurm-logs/xcsp-parse-cop-cumulative-165-log-scop-cumext-boundprop-20260526-2ccb88e9-q10672-19875383-102.err,sat_no_proof,COMPLETED,0:0,00:12:13,best incumbent shown; objective improvement search stopped before optimality proof: eager incremental objective cut could not be encoded,logs/cop165-cumulative-20260527-2ccb88e9-q10672/slurm-logs/xcsp-parse-cop-cumulative-165-order-ge-cumexact-timerd-20260526-2ccb88e9-q10672-19875378-102.out,logs/cop165-cumulative-20260527-2ccb88e9-q10672/slurm-logs/xcsp-parse-cop-cumulative-165-order-ge-cumexact-timerd-20260526-2ccb88e9-q10672-19875378-102.err,sat_no_proof,COMPLETED,0:0,00:07:17,best incumbent shown; objective improvement search stopped before optimality proof: eager incremental objective cut could not be encoded,logs/cop165-cumulative-20260527-2ccb88e9-q10672/slurm-logs/xcsp-parse-cop-cumulative-165-order-ge-cumexact-taskrd-20260526-2ccb88e9-q10672-19875379-102.out,logs/cop165-cumulative-20260527-2ccb88e9-q10672/slurm-logs/xcsp-parse-cop-cumulative-165-order-ge-cumexact-taskrd-20260526-2ccb88e9-q10672-19875379-102.err,sat_no_proof,COMPLETED,0:0,00:16:48,best incumbent shown; objective improvement search stopped before optimality proof: eager incremental objective cut could not be encoded,logs/cop165-cumulative-20260527-2ccb88e9-q10672/slurm-logs/xcsp-parse-cop-cumulative-165-order-ge-cumext-boundprop-20260526-2ccb88e9-q10672-19875380-102.out,logs/cop165-cumulative-20260527-2ccb88e9-q10672/slurm-logs/xcsp-parse-cop-cumulative-165-order-ge-cumext-boundprop-20260526-2ccb88e9-q10672-19875380-102.err
103,AircraftAssemblyLine-2-178-00-0_c23.xml.lzma,COP22to25/AircraftAssemblyLine-2-178-00-0_c23.xml.lzma,timeout_incumbent,COMPLETED,0:0,00:30:04,incumbent_interrupted_by_signal,logs/cop165-cumulative-20260527-2ccb88e9-q10672/slurm-logs/xcsp-parse-cop-cumulative-165-log-scop-cumexact-timerd-20260526-2ccb88e9-q10672-19875381-103.out,logs/cop165-cumulative-20260527-2ccb88e9-q10672/slurm-logs/xcsp-parse-cop-cumulative-165-log-scop-cumexact-timerd-20260526-2ccb88e9-q10672-19875381-103.err,timeout_incumbent,COMPLETED,0:0,00:30:05,incumbent_interrupted_by_signal,logs/cop165-cumulative-20260527-2ccb88e9-q10672/slurm-logs/xcsp-parse-cop-cumulative-165-log-scop-cumexact-taskrd-20260526-2ccb88e9-q10672-19875382-103.out,logs/cop165-cumulative-20260527-2ccb88e9-q10672/slurm-logs/xcsp-parse-cop-cumulative-165-log-scop-cumexact-taskrd-20260526-2ccb88e9-q10672-19875382-103.err,timeout_incumbent,COMPLETED,0:0,00:30:04,incumbent_interrupted_by_signal,logs/cop165-cumulative-20260527-2ccb88e9-q10672/slurm-logs/xcsp-parse-cop-cumulative-165-log-scop-cumext-boundprop-20260526-2ccb88e9-q10672-19875383-103.out,logs/cop165-cumulative-20260527-2ccb88e9-q10672/slurm-logs/xcsp-parse-cop-cumulative-165-log-scop-cumext-boundprop-20260526-2ccb88e9-q10672-19875383-103.err,timeout_unknown,COMPLETED,0:0,00:30:04,terminated_by_signal,logs/cop165-cumulative-20260527-2ccb88e9-q10672/slurm-logs/xcsp-parse-cop-cumulative-165-order-ge-cumexact-timerd-20260526-2ccb88e9-q10672-19875378-103.out,logs/cop165-cumulative-20260527-2ccb88e9-q10672/slurm-logs/xcsp-parse-cop-cumulative-165-order-ge-cumexact-timerd-20260526-2ccb88e9-q10672-19875378-103.err,timeout_unknown,COMPLETED,0:0,00:30:05,terminated_by_signal,logs/cop165-cumulative-20260527-2ccb88e9-q10672/slurm-logs/xcsp-parse-cop-cumulative-165-order-ge-cumexact-taskrd-20260526-2ccb88e9-q10672-19875379-103.out,logs/cop165-cumulative-20260527-2ccb88e9-q10672/slurm-logs/xcsp-parse-cop-cumulative-165-order-ge-cumexact-taskrd-20260526-2ccb88e9-q10672-19875379-103.err,timeout_unknown,COMPLETED,0:0,00:30:04,terminated_by_signal,logs/cop165-cumulative-20260527-2ccb88e9-q10672/slurm-logs/xcsp-parse-cop-cumulative-165-order-ge-cumext-boundprop-20260526-2ccb88e9-q10672-19875380-103.out,logs/cop165-cumulative-20260527-2ccb88e9-q10672/slurm-logs/xcsp-parse-cop-cumulative-165-order-ge-cumext-boundprop-20260526-2ccb88e9-q10672-19875380-103.err
104,IHTC-i02_c25.xml.lzma,COP22to25/IHTC-i02_c25.xml.lzma,internal_error,COMPLETED,0:0,00:00:09,log-scop incremental cut is missing base integer code for id=271,logs/cop165-cumulative-20260527-2ccb88e9-q10672/slurm-logs/xcsp-parse-cop-cumulative-165-log-scop-cumexact-timerd-20260526-2ccb88e9-q10672-19875381-104.out,logs/cop165-cumulative-20260527-2ccb88e9-q10672/slurm-logs/xcsp-parse-cop-cumulative-165-log-scop-cumexact-timerd-20260526-2ccb88e9-q10672-19875381-104.err,unsat,COMPLETED,0:0,00:00:05,,logs/cop165-cumulative-20260527-2ccb88e9-q10672/slurm-logs/xcsp-parse-cop-cumulative-165-log-scop-cumexact-taskrd-20260526-2ccb88e9-q10672-19875382-104.out,logs/cop165-cumulative-20260527-2ccb88e9-q10672/slurm-logs/xcsp-parse-cop-cumulative-165-log-scop-cumexact-taskrd-20260526-2ccb88e9-q10672-19875382-104.err,internal_error,COMPLETED,0:0,00:00:06,log-scop incremental cut is missing base integer code for id=271,logs/cop165-cumulative-20260527-2ccb88e9-q10672/slurm-logs/xcsp-parse-cop-cumulative-165-log-scop-cumext-boundprop-20260526-2ccb88e9-q10672-19875383-104.out,logs/cop165-cumulative-20260527-2ccb88e9-q10672/slurm-logs/xcsp-parse-cop-cumulative-165-log-scop-cumext-boundprop-20260526-2ccb88e9-q10672-19875383-104.err,optimum,COMPLETED,0:0,00:02:39,,logs/cop165-cumulative-20260527-2ccb88e9-q10672/slurm-logs/xcsp-parse-cop-cumulative-165-order-ge-cumexact-timerd-20260526-2ccb88e9-q10672-19875378-104.out,logs/cop165-cumulative-20260527-2ccb88e9-q10672/slurm-logs/xcsp-parse-cop-cumulative-165-order-ge-cumexact-timerd-20260526-2ccb88e9-q10672-19875378-104.err,unsat,COMPLETED,0:0,00:01:15,,logs/cop165-cumulative-20260527-2ccb88e9-q10672/slurm-logs/xcsp-parse-cop-cumulative-165-order-ge-cumexact-taskrd-20260526-2ccb88e9-q10672-19875379-104.out,logs/cop165-cumulative-20260527-2ccb88e9-q10672/slurm-logs/xcsp-parse-cop-cumulative-165-order-ge-cumexact-taskrd-20260526-2ccb88e9-q10672-19875379-104.err,optimum,COMPLETED,0:0,00:02:50,,logs/cop165-cumulative-20260527-2ccb88e9-q10672/slurm-logs/xcsp-parse-cop-cumulative-165-order-ge-cumext-boundprop-20260526-2ccb88e9-q10672-19875380-104.out,logs/cop165-cumulative-20260527-2ccb88e9-q10672/slurm-logs/xcsp-parse-cop-cumulative-165-order-ge-cumext-boundprop-20260526-2ccb88e9-q10672-19875380-104.err
105,AircraftAssemblyLine-1-178-50-1_c23.xml.lzma,COP22to25/AircraftAssemblyLine-1-178-50-1_c23.xml.lzma,timeout_incumbent,COMPLETED,0:0,00:30:04,incumbent_interrupted_by_signal,logs/cop165-cumulative-20260527-2ccb88e9-q10672/slurm-logs/xcsp-parse-cop-cumulative-165-log-scop-cumexact-timerd-20260526-2ccb88e9-q10672-19875381-105.out,logs/cop165-cumulative-20260527-2ccb88e9-q10672/slurm-logs/xcsp-parse-cop-cumulative-165-log-scop-cumexact-timerd-20260526-2ccb88e9-q10672-19875381-105.err,timeout_incumbent,COMPLETED,0:0,00:30:04,incumbent_interrupted_by_signal,logs/cop165-cumulative-20260527-2ccb88e9-q10672/slurm-logs/xcsp-parse-cop-cumulative-165-log-scop-cumexact-taskrd-20260526-2ccb88e9-q10672-19875382-105.out,logs/cop165-cumulative-20260527-2ccb88e9-q10672/slurm-logs/xcsp-parse-cop-cumulative-165-log-scop-cumexact-taskrd-20260526-2ccb88e9-q10672-19875382-105.err,timeout_incumbent,COMPLETED,0:0,00:30:04,incumbent_interrupted_by_signal,logs/cop165-cumulative-20260527-2ccb88e9-q10672/slurm-logs/xcsp-parse-cop-cumulative-165-log-scop-cumext-boundprop-20260526-2ccb88e9-q10672-19875383-105.out,logs/cop165-cumulative-20260527-2ccb88e9-q10672/slurm-logs/xcsp-parse-cop-cumulative-165-log-scop-cumext-boundprop-20260526-2ccb88e9-q10672-19875383-105.err,sat_no_proof,COMPLETED,0:0,00:11:42,best incumbent shown; objective improvement search stopped before optimality proof: eager incremental objective cut could not be encoded,logs/cop165-cumulative-20260527-2ccb88e9-q10672/slurm-logs/xcsp-parse-cop-cumulative-165-order-ge-cumexact-timerd-20260526-2ccb88e9-q10672-19875378-105.out,logs/cop165-cumulative-20260527-2ccb88e9-q10672/slurm-logs/xcsp-parse-cop-cumulative-165-order-ge-cumexact-timerd-20260526-2ccb88e9-q10672-19875378-105.err,sat_no_proof,COMPLETED,0:0,00:29:19,best incumbent shown; objective improvement search stopped before optimality proof: eager incremental objective cut could not be encoded,logs/cop165-cumulative-20260527-2ccb88e9-q10672/slurm-logs/xcsp-parse-cop-cumulative-165-order-ge-cumexact-taskrd-20260526-2ccb88e9-q10672-19875379-105.out,logs/cop165-cumulative-20260527-2ccb88e9-q10672/slurm-logs/xcsp-parse-cop-cumulative-165-order-ge-cumexact-taskrd-20260526-2ccb88e9-q10672-19875379-105.err,timeout_unknown,COMPLETED,0:0,00:30:03,terminated_by_signal,logs/cop165-cumulative-20260527-2ccb88e9-q10672/slurm-logs/xcsp-parse-cop-cumulative-165-order-ge-cumext-boundprop-20260526-2ccb88e9-q10672-19875380-105.out,logs/cop165-cumulative-20260527-2ccb88e9-q10672/slurm-logs/xcsp-parse-cop-cumulative-165-order-ge-cumext-boundprop-20260526-2ccb88e9-q10672-19875380-105.err
106,AircraftAssemblyLine-1-178-50-0_c23.xml.lzma,COP22to25/AircraftAssemblyLine-1-178-50-0_c23.xml.lzma,timeout_incumbent,COMPLETED,0:0,00:30:04,incumbent_interrupted_by_signal,logs/cop165-cumulative-20260527-2ccb88e9-q10672/slurm-logs/xcsp-parse-cop-cumulative-165-log-scop-cumexact-timerd-20260526-2ccb88e9-q10672-19875381-106.out,logs/cop165-cumulative-20260527-2ccb88e9-q10672/slurm-logs/xcsp-parse-cop-cumulative-165-log-scop-cumexact-timerd-20260526-2ccb88e9-q10672-19875381-106.err,timeout_unknown,COMPLETED,0:0,00:30:03,terminated_by_signal,logs/cop165-cumulative-20260527-2ccb88e9-q10672/slurm-logs/xcsp-parse-cop-cumulative-165-log-scop-cumexact-taskrd-20260526-2ccb88e9-q10672-19875382-106.out,logs/cop165-cumulative-20260527-2ccb88e9-q10672/slurm-logs/xcsp-parse-cop-cumulative-165-log-scop-cumexact-taskrd-20260526-2ccb88e9-q10672-19875382-106.err,timeout_incumbent,COMPLETED,0:0,00:30:04,incumbent_interrupted_by_signal,logs/cop165-cumulative-20260527-2ccb88e9-q10672/slurm-logs/xcsp-parse-cop-cumulative-165-log-scop-cumext-boundprop-20260526-2ccb88e9-q10672-19875383-106.out,logs/cop165-cumulative-20260527-2ccb88e9-q10672/slurm-logs/xcsp-parse-cop-cumulative-165-log-scop-cumext-boundprop-20260526-2ccb88e9-q10672-19875383-106.err,sat_no_proof,COMPLETED,0:0,00:19:57,best incumbent shown; objective improvement search stopped before optimality proof: eager incremental objective cut could not be encoded,logs/cop165-cumulative-20260527-2ccb88e9-q10672/slurm-logs/xcsp-parse-cop-cumulative-165-order-ge-cumexact-timerd-20260526-2ccb88e9-q10672-19875378-106.out,logs/cop165-cumulative-20260527-2ccb88e9-q10672/slurm-logs/xcsp-parse-cop-cumulative-165-order-ge-cumexact-timerd-20260526-2ccb88e9-q10672-19875378-106.err,sat_no_proof,COMPLETED,0:0,00:15:15,best incumbent shown; objective improvement search stopped before optimality proof: eager incremental objective cut could not be encoded,logs/cop165-cumulative-20260527-2ccb88e9-q10672/slurm-logs/xcsp-parse-cop-cumulative-165-order-ge-cumexact-taskrd-20260526-2ccb88e9-q10672-19875379-106.out,logs/cop165-cumulative-20260527-2ccb88e9-q10672/slurm-logs/xcsp-parse-cop-cumulative-165-order-ge-cumexact-taskrd-20260526-2ccb88e9-q10672-19875379-106.err,timeout_unknown,COMPLETED,0:0,00:30:06,terminated_by_signal,logs/cop165-cumulative-20260527-2ccb88e9-q10672/slurm-logs/xcsp-parse-cop-cumulative-165-order-ge-cumext-boundprop-20260526-2ccb88e9-q10672-19875380-106.out,logs/cop165-cumulative-20260527-2ccb88e9-q10672/slurm-logs/xcsp-parse-cop-cumulative-165-order-ge-cumext-boundprop-20260526-2ccb88e9-q10672-19875380-106.err
107,AircraftAssemblyLine-1-178-50-2_c23.xml.lzma,COP22to25/AircraftAssemblyLine-1-178-50-2_c23.xml.lzma,timeout_incumbent,COMPLETED,0:0,00:30:06,incumbent_interrupted_by_signal,logs/cop165-cumulative-20260527-2ccb88e9-q10672/slurm-logs/xcsp-parse-cop-cumulative-165-log-scop-cumexact-timerd-20260526-2ccb88e9-q10672-19875381-107.out,logs/cop165-cumulative-20260527-2ccb88e9-q10672/slurm-logs/xcsp-parse-cop-cumulative-165-log-scop-cumexact-timerd-20260526-2ccb88e9-q10672-19875381-107.err,timeout_incumbent,COMPLETED,0:0,00:30:04,incumbent_interrupted_by_signal,logs/cop165-cumulative-20260527-2ccb88e9-q10672/slurm-logs/xcsp-parse-cop-cumulative-165-log-scop-cumexact-taskrd-20260526-2ccb88e9-q10672-19875382-107.out,logs/cop165-cumulative-20260527-2ccb88e9-q10672/slurm-logs/xcsp-parse-cop-cumulative-165-log-scop-cumexact-taskrd-20260526-2ccb88e9-q10672-19875382-107.err,timeout_incumbent,COMPLETED,0:0,00:30:04,incumbent_interrupted_by_signal,logs/cop165-cumulative-20260527-2ccb88e9-q10672/slurm-logs/xcsp-parse-cop-cumulative-165-log-scop-cumext-boundprop-20260526-2ccb88e9-q10672-19875383-107.out,logs/cop165-cumulative-20260527-2ccb88e9-q10672/slurm-logs/xcsp-parse-cop-cumulative-165-log-scop-cumext-boundprop-20260526-2ccb88e9-q10672-19875383-107.err,sat_no_proof,COMPLETED,0:0,00:15:46,best incumbent shown; objective improvement search stopped before optimality proof: eager incremental objective cut could not be encoded,logs/cop165-cumulative-20260527-2ccb88e9-q10672/slurm-logs/xcsp-parse-cop-cumulative-165-order-ge-cumexact-timerd-20260526-2ccb88e9-q10672-19875378-107.out,logs/cop165-cumulative-20260527-2ccb88e9-q10672/slurm-logs/xcsp-parse-cop-cumulative-165-order-ge-cumexact-timerd-20260526-2ccb88e9-q10672-19875378-107.err,sat_no_proof,COMPLETED,0:0,00:10:00,best incumbent shown; objective improvement search stopped before optimality proof: eager incremental objective cut could not be encoded,logs/cop165-cumulative-20260527-2ccb88e9-q10672/slurm-logs/xcsp-parse-cop-cumulative-165-order-ge-cumexact-taskrd-20260526-2ccb88e9-q10672-19875379-107.out,logs/cop165-cumulative-20260527-2ccb88e9-q10672/slurm-logs/xcsp-parse-cop-cumulative-165-order-ge-cumexact-taskrd-20260526-2ccb88e9-q10672-19875379-107.err,sat_no_proof,COMPLETED,0:0,00:19:06,best incumbent shown; objective improvement search stopped before optimality proof: eager incremental objective cut could not be encoded,logs/cop165-cumulative-20260527-2ccb88e9-q10672/slurm-logs/xcsp-parse-cop-cumulative-165-order-ge-cumext-boundprop-20260526-2ccb88e9-q10672-19875380-107.out,logs/cop165-cumulative-20260527-2ccb88e9-q10672/slurm-logs/xcsp-parse-cop-cumulative-165-order-ge-cumext-boundprop-20260526-2ccb88e9-q10672-19875380-107.err
108,IHTC-i03_c25.xml.lzma,COP22to25/IHTC-i03_c25.xml.lzma,internal_error,COMPLETED,0:0,00:00:06,log-scop incremental cut is missing base integer code for id=355,logs/cop165-cumulative-20260527-2ccb88e9-q10672/slurm-logs/xcsp-parse-cop-cumulative-165-log-scop-cumexact-timerd-20260526-2ccb88e9-q10672-19875381-108.out,logs/cop165-cumulative-20260527-2ccb88e9-q10672/slurm-logs/xcsp-parse-cop-cumulative-165-log-scop-cumexact-timerd-20260526-2ccb88e9-q10672-19875381-108.err,unsat,COMPLETED,0:0,00:00:08,,logs/cop165-cumulative-20260527-2ccb88e9-q10672/slurm-logs/xcsp-parse-cop-cumulative-165-log-scop-cumexact-taskrd-20260526-2ccb88e9-q10672-19875382-108.out,logs/cop165-cumulative-20260527-2ccb88e9-q10672/slurm-logs/xcsp-parse-cop-cumulative-165-log-scop-cumexact-taskrd-20260526-2ccb88e9-q10672-19875382-108.err,internal_error,COMPLETED,0:0,00:00:05,log-scop incremental cut is missing base integer code for id=355,logs/cop165-cumulative-20260527-2ccb88e9-q10672/slurm-logs/xcsp-parse-cop-cumulative-165-log-scop-cumext-boundprop-20260526-2ccb88e9-q10672-19875383-108.out,logs/cop165-cumulative-20260527-2ccb88e9-q10672/slurm-logs/xcsp-parse-cop-cumulative-165-log-scop-cumext-boundprop-20260526-2ccb88e9-q10672-19875383-108.err,timeout_incumbent,COMPLETED,0:0,00:30:08,incumbent_interrupted_by_signal,logs/cop165-cumulative-20260527-2ccb88e9-q10672/slurm-logs/xcsp-parse-cop-cumulative-165-order-ge-cumexact-timerd-20260526-2ccb88e9-q10672-19875378-108.out,logs/cop165-cumulative-20260527-2ccb88e9-q10672/slurm-logs/xcsp-parse-cop-cumulative-165-order-ge-cumexact-timerd-20260526-2ccb88e9-q10672-19875378-108.err,unsat,COMPLETED,0:0,00:03:09,,logs/cop165-cumulative-20260527-2ccb88e9-q10672/slurm-logs/xcsp-parse-cop-cumulative-165-order-ge-cumexact-taskrd-20260526-2ccb88e9-q10672-19875379-108.out,logs/cop165-cumulative-20260527-2ccb88e9-q10672/slurm-logs/xcsp-parse-cop-cumulative-165-order-ge-cumexact-taskrd-20260526-2ccb88e9-q10672-19875379-108.err,timeout_incumbent,COMPLETED,0:0,00:30:08,incumbent_interrupted_by_signal,logs/cop165-cumulative-20260527-2ccb88e9-q10672/slurm-logs/xcsp-parse-cop-cumulative-165-order-ge-cumext-boundprop-20260526-2ccb88e9-q10672-19875380-108.out,logs/cop165-cumulative-20260527-2ccb88e9-q10672/slurm-logs/xcsp-parse-cop-cumulative-165-order-ge-cumext-boundprop-20260526-2ccb88e9-q10672-19875380-108.err
109,AircraftAssemblyLine-1-178-20-0_c23.xml.lzma,COP22to25/AircraftAssemblyLine-1-178-20-0_c23.xml.lzma,timeout_unknown,COMPLETED,0:0,00:30:03,terminated_by_signal,logs/cop165-cumulative-20260527-2ccb88e9-q10672/slurm-logs/xcsp-parse-cop-cumulative-165-log-scop-cumexact-timerd-20260526-2ccb88e9-q10672-19875381-109.out,logs/cop165-cumulative-20260527-2ccb88e9-q10672/slurm-logs/xcsp-parse-cop-cumulative-165-log-scop-cumexact-timerd-20260526-2ccb88e9-q10672-19875381-109.err,timeout_incumbent,COMPLETED,0:0,00:30:04,incumbent_interrupted_by_signal,logs/cop165-cumulative-20260527-2ccb88e9-q10672/slurm-logs/xcsp-parse-cop-cumulative-165-log-scop-cumexact-taskrd-20260526-2ccb88e9-q10672-19875382-109.out,logs/cop165-cumulative-20260527-2ccb88e9-q10672/slurm-logs/xcsp-parse-cop-cumulative-165-log-scop-cumexact-taskrd-20260526-2ccb88e9-q10672-19875382-109.err,timeout_incumbent,COMPLETED,0:0,00:30:04,incumbent_interrupted_by_signal,logs/cop165-cumulative-20260527-2ccb88e9-q10672/slurm-logs/xcsp-parse-cop-cumulative-165-log-scop-cumext-boundprop-20260526-2ccb88e9-q10672-19875383-109.out,logs/cop165-cumulative-20260527-2ccb88e9-q10672/slurm-logs/xcsp-parse-cop-cumulative-165-log-scop-cumext-boundprop-20260526-2ccb88e9-q10672-19875383-109.err,sat_no_proof,COMPLETED,0:0,00:10:09,best incumbent shown; objective improvement search stopped before optimality proof: eager incremental objective cut could not be encoded,logs/cop165-cumulative-20260527-2ccb88e9-q10672/slurm-logs/xcsp-parse-cop-cumulative-165-order-ge-cumexact-timerd-20260526-2ccb88e9-q10672-19875378-109.out,logs/cop165-cumulative-20260527-2ccb88e9-q10672/slurm-logs/xcsp-parse-cop-cumulative-165-order-ge-cumexact-timerd-20260526-2ccb88e9-q10672-19875378-109.err,sat_no_proof,COMPLETED,0:0,00:18:25,best incumbent shown; objective improvement search stopped before optimality proof: eager incremental objective cut could not be encoded,logs/cop165-cumulative-20260527-2ccb88e9-q10672/slurm-logs/xcsp-parse-cop-cumulative-165-order-ge-cumexact-taskrd-20260526-2ccb88e9-q10672-19875379-109.out,logs/cop165-cumulative-20260527-2ccb88e9-q10672/slurm-logs/xcsp-parse-cop-cumulative-165-order-ge-cumexact-taskrd-20260526-2ccb88e9-q10672-19875379-109.err,timeout_unknown,COMPLETED,0:0,00:30:04,terminated_by_signal,logs/cop165-cumulative-20260527-2ccb88e9-q10672/slurm-logs/xcsp-parse-cop-cumulative-165-order-ge-cumext-boundprop-20260526-2ccb88e9-q10672-19875380-109.out,logs/cop165-cumulative-20260527-2ccb88e9-q10672/slurm-logs/xcsp-parse-cop-cumulative-165-order-ge-cumext-boundprop-20260526-2ccb88e9-q10672-19875380-109.err
110,AircraftAssemblyLine-1-178-20-1_c23.xml.lzma,COP22to25/AircraftAssemblyLine-1-178-20-1_c23.xml.lzma,timeout_incumbent,COMPLETED,0:0,00:30:06,incumbent_interrupted_by_signal,logs/cop165-cumulative-20260527-2ccb88e9-q10672/slurm-logs/xcsp-parse-cop-cumulative-165-log-scop-cumexact-timerd-20260526-2ccb88e9-q10672-19875381-110.out,logs/cop165-cumulative-20260527-2ccb88e9-q10672/slurm-logs/xcsp-parse-cop-cumulative-165-log-scop-cumexact-timerd-20260526-2ccb88e9-q10672-19875381-110.err,timeout_incumbent,COMPLETED,0:0,00:30:04,incumbent_interrupted_by_signal,logs/cop165-cumulative-20260527-2ccb88e9-q10672/slurm-logs/xcsp-parse-cop-cumulative-165-log-scop-cumexact-taskrd-20260526-2ccb88e9-q10672-19875382-110.out,logs/cop165-cumulative-20260527-2ccb88e9-q10672/slurm-logs/xcsp-parse-cop-cumulative-165-log-scop-cumexact-taskrd-20260526-2ccb88e9-q10672-19875382-110.err,timeout_incumbent,COMPLETED,0:0,00:30:04,incumbent_interrupted_by_signal,logs/cop165-cumulative-20260527-2ccb88e9-q10672/slurm-logs/xcsp-parse-cop-cumulative-165-log-scop-cumext-boundprop-20260526-2ccb88e9-q10672-19875383-110.out,logs/cop165-cumulative-20260527-2ccb88e9-q10672/slurm-logs/xcsp-parse-cop-cumulative-165-log-scop-cumext-boundprop-20260526-2ccb88e9-q10672-19875383-110.err,sat_no_proof,COMPLETED,0:0,00:13:20,best incumbent shown; objective improvement search stopped before optimality proof: eager incremental objective cut could not be encoded,logs/cop165-cumulative-20260527-2ccb88e9-q10672/slurm-logs/xcsp-parse-cop-cumulative-165-order-ge-cumexact-timerd-20260526-2ccb88e9-q10672-19875378-110.out,logs/cop165-cumulative-20260527-2ccb88e9-q10672/slurm-logs/xcsp-parse-cop-cumulative-165-order-ge-cumexact-timerd-20260526-2ccb88e9-q10672-19875378-110.err,timeout_unknown,COMPLETED,0:0,00:30:05,terminated_by_signal,logs/cop165-cumulative-20260527-2ccb88e9-q10672/slurm-logs/xcsp-parse-cop-cumulative-165-order-ge-cumexact-taskrd-20260526-2ccb88e9-q10672-19875379-110.out,logs/cop165-cumulative-20260527-2ccb88e9-q10672/slurm-logs/xcsp-parse-cop-cumulative-165-order-ge-cumexact-taskrd-20260526-2ccb88e9-q10672-19875379-110.err,timeout_unknown,COMPLETED,0:0,00:30:04,terminated_by_signal,logs/cop165-cumulative-20260527-2ccb88e9-q10672/slurm-logs/xcsp-parse-cop-cumulative-165-order-ge-cumext-boundprop-20260526-2ccb88e9-q10672-19875380-110.out,logs/cop165-cumulative-20260527-2ccb88e9-q10672/slurm-logs/xcsp-parse-cop-cumulative-165-order-ge-cumext-boundprop-20260526-2ccb88e9-q10672-19875380-110.err
111,AircraftAssemblyLine-1-178-20-2_c23.xml.lzma,COP22to25/AircraftAssemblyLine-1-178-20-2_c23.xml.lzma,timeout_incumbent,COMPLETED,0:0,00:30:05,incumbent_interrupted_by_signal,logs/cop165-cumulative-20260527-2ccb88e9-q10672/slurm-logs/xcsp-parse-cop-cumulative-165-log-scop-cumexact-timerd-20260526-2ccb88e9-q10672-19875381-111.out,logs/cop165-cumulative-20260527-2ccb88e9-q10672/slurm-logs/xcsp-parse-cop-cumulative-165-log-scop-cumexact-timerd-20260526-2ccb88e9-q10672-19875381-111.err,timeout_incumbent,COMPLETED,0:0,00:30:06,incumbent_interrupted_by_signal,logs/cop165-cumulative-20260527-2ccb88e9-q10672/slurm-logs/xcsp-parse-cop-cumulative-165-log-scop-cumexact-taskrd-20260526-2ccb88e9-q10672-19875382-111.out,logs/cop165-cumulative-20260527-2ccb88e9-q10672/slurm-logs/xcsp-parse-cop-cumulative-165-log-scop-cumexact-taskrd-20260526-2ccb88e9-q10672-19875382-111.err,timeout_incumbent,COMPLETED,0:0,00:30:05,incumbent_interrupted_by_signal,logs/cop165-cumulative-20260527-2ccb88e9-q10672/slurm-logs/xcsp-parse-cop-cumulative-165-log-scop-cumext-boundprop-20260526-2ccb88e9-q10672-19875383-111.out,logs/cop165-cumulative-20260527-2ccb88e9-q10672/slurm-logs/xcsp-parse-cop-cumulative-165-log-scop-cumext-boundprop-20260526-2ccb88e9-q10672-19875383-111.err,sat_no_proof,COMPLETED,0:0,00:13:54,best incumbent shown; objective improvement search stopped before optimality proof: eager incremental objective cut could not be encoded,logs/cop165-cumulative-20260527-2ccb88e9-q10672/slurm-logs/xcsp-parse-cop-cumulative-165-order-ge-cumexact-timerd-20260526-2ccb88e9-q10672-19875378-111.out,logs/cop165-cumulative-20260527-2ccb88e9-q10672/slurm-logs/xcsp-parse-cop-cumulative-165-order-ge-cumexact-timerd-20260526-2ccb88e9-q10672-19875378-111.err,sat_no_proof,COMPLETED,0:0,00:14:43,best incumbent shown; objective improvement search stopped before optimality proof: eager incremental objective cut could not be encoded,logs/cop165-cumulative-20260527-2ccb88e9-q10672/slurm-logs/xcsp-parse-cop-cumulative-165-order-ge-cumexact-taskrd-20260526-2ccb88e9-q10672-19875379-111.out,logs/cop165-cumulative-20260527-2ccb88e9-q10672/slurm-logs/xcsp-parse-cop-cumulative-165-order-ge-cumexact-taskrd-20260526-2ccb88e9-q10672-19875379-111.err,timeout_unknown,COMPLETED,0:0,00:30:04,terminated_by_signal,logs/cop165-cumulative-20260527-2ccb88e9-q10672/slurm-logs/xcsp-parse-cop-cumulative-165-order-ge-cumext-boundprop-20260526-2ccb88e9-q10672-19875380-111.out,logs/cop165-cumulative-20260527-2ccb88e9-q10672/slurm-logs/xcsp-parse-cop-cumulative-165-order-ge-cumext-boundprop-20260526-2ccb88e9-q10672-19875380-111.err
112,LargeScaleScheduling-00800-0_c23.xml.lzma,COP22to25/LargeScaleScheduling-00800-0_c23.xml.lzma,timeout_unknown,COMPLETED,0:0,00:30:04,terminated_by_signal,logs/cop165-cumulative-20260527-2ccb88e9-q10672/slurm-logs/xcsp-parse-cop-cumulative-165-log-scop-cumexact-timerd-20260526-2ccb88e9-q10672-19875381-112.out,logs/cop165-cumulative-20260527-2ccb88e9-q10672/slurm-logs/xcsp-parse-cop-cumulative-165-log-scop-cumexact-timerd-20260526-2ccb88e9-q10672-19875381-112.err,out_of_memory,OUT_OF_MEMORY,0:125,00:04:53,slurmstepd: error: Detected 1 oom-kill event(s) in StepId=19893779.batch. Some of your processes may have been killed by the cgroup out-of-memory handler.,logs/cop165-cumulative-20260527-2ccb88e9-q10672/slurm-logs/xcsp-parse-cop-cumulative-165-log-scop-cumexact-taskrd-20260526-2ccb88e9-q10672-19875382-112.out,logs/cop165-cumulative-20260527-2ccb88e9-q10672/slurm-logs/xcsp-parse-cop-cumulative-165-log-scop-cumexact-taskrd-20260526-2ccb88e9-q10672-19875382-112.err,timeout_incumbent,COMPLETED,0:0,00:30:03,incumbent_interrupted_by_signal,logs/cop165-cumulative-20260527-2ccb88e9-q10672/slurm-logs/xcsp-parse-cop-cumulative-165-log-scop-cumext-boundprop-20260526-2ccb88e9-q10672-19875383-112.out,logs/cop165-cumulative-20260527-2ccb88e9-q10672/slurm-logs/xcsp-parse-cop-cumulative-165-log-scop-cumext-boundprop-20260526-2ccb88e9-q10672-19875383-112.err,encode_failed,COMPLETED,0:0,00:00:03,sat variable count overflow,logs/cop165-cumulative-20260527-2ccb88e9-q10672/slurm-logs/xcsp-parse-cop-cumulative-165-order-ge-cumexact-timerd-20260526-2ccb88e9-q10672-19875378-112.out,logs/cop165-cumulative-20260527-2ccb88e9-q10672/slurm-logs/xcsp-parse-cop-cumulative-165-order-ge-cumexact-timerd-20260526-2ccb88e9-q10672-19875378-112.err,encode_failed,COMPLETED,0:0,00:00:34,sat variable count overflow,logs/cop165-cumulative-20260527-2ccb88e9-q10672/slurm-logs/xcsp-parse-cop-cumulative-165-order-ge-cumexact-taskrd-20260526-2ccb88e9-q10672-19875379-112.out,logs/cop165-cumulative-20260527-2ccb88e9-q10672/slurm-logs/xcsp-parse-cop-cumulative-165-order-ge-cumexact-taskrd-20260526-2ccb88e9-q10672-19875379-112.err,encode_failed,COMPLETED,0:0,00:00:03,sat variable count overflow,logs/cop165-cumulative-20260527-2ccb88e9-q10672/slurm-logs/xcsp-parse-cop-cumulative-165-order-ge-cumext-boundprop-20260526-2ccb88e9-q10672-19875380-112.out,logs/cop165-cumulative-20260527-2ccb88e9-q10672/slurm-logs/xcsp-parse-cop-cumulative-165-order-ge-cumext-boundprop-20260526-2ccb88e9-q10672-19875380-112.err
113,AircraftAssemblyLine-1-178-00-0_c23.xml.lzma,COP22to25/AircraftAssemblyLine-1-178-00-0_c23.xml.lzma,timeout_incumbent,COMPLETED,0:0,00:30:04,incumbent_interrupted_by_signal,logs/cop165-cumulative-20260527-2ccb88e9-q10672/slurm-logs/xcsp-parse-cop-cumulative-165-log-scop-cumexact-timerd-20260526-2ccb88e9-q10672-19875381-113.out,logs/cop165-cumulative-20260527-2ccb88e9-q10672/slurm-logs/xcsp-parse-cop-cumulative-165-log-scop-cumexact-timerd-20260526-2ccb88e9-q10672-19875381-113.err,timeout_incumbent,COMPLETED,0:0,00:30:04,incumbent_interrupted_by_signal,logs/cop165-cumulative-20260527-2ccb88e9-q10672/slurm-logs/xcsp-parse-cop-cumulative-165-log-scop-cumexact-taskrd-20260526-2ccb88e9-q10672-19875382-113.out,logs/cop165-cumulative-20260527-2ccb88e9-q10672/slurm-logs/xcsp-parse-cop-cumulative-165-log-scop-cumexact-taskrd-20260526-2ccb88e9-q10672-19875382-113.err,timeout_incumbent,COMPLETED,0:0,00:30:03,incumbent_interrupted_by_signal,logs/cop165-cumulative-20260527-2ccb88e9-q10672/slurm-logs/xcsp-parse-cop-cumulative-165-log-scop-cumext-boundprop-20260526-2ccb88e9-q10672-19875383-113.out,logs/cop165-cumulative-20260527-2ccb88e9-q10672/slurm-logs/xcsp-parse-cop-cumulative-165-log-scop-cumext-boundprop-20260526-2ccb88e9-q10672-19875383-113.err,sat_no_proof,COMPLETED,0:0,00:06:45,best incumbent shown; objective improvement search stopped before optimality proof: eager incremental objective cut could not be encoded,logs/cop165-cumulative-20260527-2ccb88e9-q10672/slurm-logs/xcsp-parse-cop-cumulative-165-order-ge-cumexact-timerd-20260526-2ccb88e9-q10672-19875378-113.out,logs/cop165-cumulative-20260527-2ccb88e9-q10672/slurm-logs/xcsp-parse-cop-cumulative-165-order-ge-cumexact-timerd-20260526-2ccb88e9-q10672-19875378-113.err,timeout_unknown,COMPLETED,0:0,00:30:05,terminated_by_signal,logs/cop165-cumulative-20260527-2ccb88e9-q10672/slurm-logs/xcsp-parse-cop-cumulative-165-order-ge-cumexact-taskrd-20260526-2ccb88e9-q10672-19875379-113.out,logs/cop165-cumulative-20260527-2ccb88e9-q10672/slurm-logs/xcsp-parse-cop-cumulative-165-order-ge-cumexact-taskrd-20260526-2ccb88e9-q10672-19875379-113.err,timeout_unknown,COMPLETED,0:0,00:30:03,terminated_by_signal,logs/cop165-cumulative-20260527-2ccb88e9-q10672/slurm-logs/xcsp-parse-cop-cumulative-165-order-ge-cumext-boundprop-20260526-2ccb88e9-q10672-19875380-113.out,logs/cop165-cumulative-20260527-2ccb88e9-q10672/slurm-logs/xcsp-parse-cop-cumulative-165-order-ge-cumext-boundprop-20260526-2ccb88e9-q10672-19875380-113.err
114,IHTC-i04_c25.xml.lzma,COP22to25/IHTC-i04_c25.xml.lzma,internal_error,COMPLETED,0:0,00:00:15,log-scop incremental cut is missing base integer code for id=402,logs/cop165-cumulative-20260527-2ccb88e9-q10672/slurm-logs/xcsp-parse-cop-cumulative-165-log-scop-cumexact-timerd-20260526-2ccb88e9-q10672-19875381-114.out,logs/cop165-cumulative-20260527-2ccb88e9-q10672/slurm-logs/xcsp-parse-cop-cumulative-165-log-scop-cumexact-timerd-20260526-2ccb88e9-q10672-19875381-114.err,unsat,COMPLETED,0:0,00:00:06,,logs/cop165-cumulative-20260527-2ccb88e9-q10672/slurm-logs/xcsp-parse-cop-cumulative-165-log-scop-cumexact-taskrd-20260526-2ccb88e9-q10672-19875382-114.out,logs/cop165-cumulative-20260527-2ccb88e9-q10672/slurm-logs/xcsp-parse-cop-cumulative-165-log-scop-cumexact-taskrd-20260526-2ccb88e9-q10672-19875382-114.err,optimum,COMPLETED,0:0,00:00:22,,logs/cop165-cumulative-20260527-2ccb88e9-q10672/slurm-logs/xcsp-parse-cop-cumulative-165-log-scop-cumext-boundprop-20260526-2ccb88e9-q10672-19875383-114.out,logs/cop165-cumulative-20260527-2ccb88e9-q10672/slurm-logs/xcsp-parse-cop-cumulative-165-log-scop-cumext-boundprop-20260526-2ccb88e9-q10672-19875383-114.err,optimum,COMPLETED,0:0,00:01:04,,logs/cop165-cumulative-20260527-2ccb88e9-q10672/slurm-logs/xcsp-parse-cop-cumulative-165-order-ge-cumexact-timerd-20260526-2ccb88e9-q10672-19875378-114.out,logs/cop165-cumulative-20260527-2ccb88e9-q10672/slurm-logs/xcsp-parse-cop-cumulative-165-order-ge-cumexact-timerd-20260526-2ccb88e9-q10672-19875378-114.err,unsat,COMPLETED,0:0,00:00:44,,logs/cop165-cumulative-20260527-2ccb88e9-q10672/slurm-logs/xcsp-parse-cop-cumulative-165-order-ge-cumexact-taskrd-20260526-2ccb88e9-q10672-19875379-114.out,logs/cop165-cumulative-20260527-2ccb88e9-q10672/slurm-logs/xcsp-parse-cop-cumulative-165-order-ge-cumexact-taskrd-20260526-2ccb88e9-q10672-19875379-114.err,optimum,COMPLETED,0:0,00:01:05,,logs/cop165-cumulative-20260527-2ccb88e9-q10672/slurm-logs/xcsp-parse-cop-cumulative-165-order-ge-cumext-boundprop-20260526-2ccb88e9-q10672-19875380-114.out,logs/cop165-cumulative-20260527-2ccb88e9-q10672/slurm-logs/xcsp-parse-cop-cumulative-165-order-ge-cumext-boundprop-20260526-2ccb88e9-q10672-19875380-114.err
115,FlexibleJobshopScen-dh-5-16-020_c25.xml.lzma,COP22to25/FlexibleJobshopScen-dh-5-16-020_c25.xml.lzma,timeout_incumbent,COMPLETED,0:0,00:30:05,incumbent_interrupted_by_signal,logs/cop165-cumulative-20260527-2ccb88e9-q10672/slurm-logs/xcsp-parse-cop-cumulative-165-log-scop-cumexact-timerd-20260526-2ccb88e9-q10672-19875381-115.out,logs/cop165-cumulative-20260527-2ccb88e9-q10672/slurm-logs/xcsp-parse-cop-cumulative-165-log-scop-cumexact-timerd-20260526-2ccb88e9-q10672-19875381-115.err,timeout_incumbent,COMPLETED,0:0,00:30:05,incumbent_interrupted_by_signal,logs/cop165-cumulative-20260527-2ccb88e9-q10672/slurm-logs/xcsp-parse-cop-cumulative-165-log-scop-cumexact-taskrd-20260526-2ccb88e9-q10672-19875382-115.out,logs/cop165-cumulative-20260527-2ccb88e9-q10672/slurm-logs/xcsp-parse-cop-cumulative-165-log-scop-cumexact-taskrd-20260526-2ccb88e9-q10672-19875382-115.err,timeout_incumbent,COMPLETED,0:0,00:30:03,incumbent_interrupted_by_signal,logs/cop165-cumulative-20260527-2ccb88e9-q10672/slurm-logs/xcsp-parse-cop-cumulative-165-log-scop-cumext-boundprop-20260526-2ccb88e9-q10672-19875383-115.out,logs/cop165-cumulative-20260527-2ccb88e9-q10672/slurm-logs/xcsp-parse-cop-cumulative-165-log-scop-cumext-boundprop-20260526-2ccb88e9-q10672-19875383-115.err,timeout_incumbent,COMPLETED,0:0,00:30:03,incumbent_interrupted_by_signal,logs/cop165-cumulative-20260527-2ccb88e9-q10672/slurm-logs/xcsp-parse-cop-cumulative-165-order-ge-cumexact-timerd-20260526-2ccb88e9-q10672-19875378-115.out,logs/cop165-cumulative-20260527-2ccb88e9-q10672/slurm-logs/xcsp-parse-cop-cumulative-165-order-ge-cumexact-timerd-20260526-2ccb88e9-q10672-19875378-115.err,timeout_incumbent,COMPLETED,0:0,00:30:04,incumbent_interrupted_by_signal,logs/cop165-cumulative-20260527-2ccb88e9-q10672/slurm-logs/xcsp-parse-cop-cumulative-165-order-ge-cumexact-taskrd-20260526-2ccb88e9-q10672-19875379-115.out,logs/cop165-cumulative-20260527-2ccb88e9-q10672/slurm-logs/xcsp-parse-cop-cumulative-165-order-ge-cumexact-taskrd-20260526-2ccb88e9-q10672-19875379-115.err,timeout_incumbent,COMPLETED,0:0,00:30:03,incumbent_interrupted_by_signal,logs/cop165-cumulative-20260527-2ccb88e9-q10672/slurm-logs/xcsp-parse-cop-cumulative-165-order-ge-cumext-boundprop-20260526-2ccb88e9-q10672-19875380-115.out,logs/cop165-cumulative-20260527-2ccb88e9-q10672/slurm-logs/xcsp-parse-cop-cumulative-165-order-ge-cumext-boundprop-20260526-2ccb88e9-q10672-19875380-115.err
116,FlexibleJobshopScen-dh-6-18-020_c25.xml.lzma,COP22to25/FlexibleJobshopScen-dh-6-18-020_c25.xml.lzma,timeout_incumbent,COMPLETED,0:0,00:30:03,incumbent_interrupted_by_signal,logs/cop165-cumulative-20260527-2ccb88e9-q10672/slurm-logs/xcsp-parse-cop-cumulative-165-log-scop-cumexact-timerd-20260526-2ccb88e9-q10672-19875381-116.out,logs/cop165-cumulative-20260527-2ccb88e9-q10672/slurm-logs/xcsp-parse-cop-cumulative-165-log-scop-cumexact-timerd-20260526-2ccb88e9-q10672-19875381-116.err,optimum,COMPLETED,0:0,00:08:35,,logs/cop165-cumulative-20260527-2ccb88e9-q10672/slurm-logs/xcsp-parse-cop-cumulative-165-log-scop-cumexact-taskrd-20260526-2ccb88e9-q10672-19875382-116.out,logs/cop165-cumulative-20260527-2ccb88e9-q10672/slurm-logs/xcsp-parse-cop-cumulative-165-log-scop-cumexact-taskrd-20260526-2ccb88e9-q10672-19875382-116.err,optimum,COMPLETED,0:0,00:02:25,,logs/cop165-cumulative-20260527-2ccb88e9-q10672/slurm-logs/xcsp-parse-cop-cumulative-165-log-scop-cumext-boundprop-20260526-2ccb88e9-q10672-19875383-116.out,logs/cop165-cumulative-20260527-2ccb88e9-q10672/slurm-logs/xcsp-parse-cop-cumulative-165-log-scop-cumext-boundprop-20260526-2ccb88e9-q10672-19875383-116.err,sat_no_proof,COMPLETED,0:0,00:27:21,best incumbent shown; objective improvement search stopped before optimality proof: eager incremental objective cut could not be encoded,logs/cop165-cumulative-20260527-2ccb88e9-q10672/slurm-logs/xcsp-parse-cop-cumulative-165-order-ge-cumexact-timerd-20260526-2ccb88e9-q10672-19875378-116.out,logs/cop165-cumulative-20260527-2ccb88e9-q10672/slurm-logs/xcsp-parse-cop-cumulative-165-order-ge-cumexact-timerd-20260526-2ccb88e9-q10672-19875378-116.err,sat_no_proof,COMPLETED,0:0,00:22:35,best incumbent shown; objective improvement search stopped before optimality proof: eager incremental objective cut could not be encoded,logs/cop165-cumulative-20260527-2ccb88e9-q10672/slurm-logs/xcsp-parse-cop-cumulative-165-order-ge-cumexact-taskrd-20260526-2ccb88e9-q10672-19875379-116.out,logs/cop165-cumulative-20260527-2ccb88e9-q10672/slurm-logs/xcsp-parse-cop-cumulative-165-order-ge-cumexact-taskrd-20260526-2ccb88e9-q10672-19875379-116.err,sat_no_proof,COMPLETED,0:0,00:24:56,best incumbent shown; objective improvement search stopped before optimality proof: eager incremental objective cut could not be encoded,logs/cop165-cumulative-20260527-2ccb88e9-q10672/slurm-logs/xcsp-parse-cop-cumulative-165-order-ge-cumext-boundprop-20260526-2ccb88e9-q10672-19875380-116.out,logs/cop165-cumulative-20260527-2ccb88e9-q10672/slurm-logs/xcsp-parse-cop-cumulative-165-order-ge-cumext-boundprop-20260526-2ccb88e9-q10672-19875380-116.err
117,TestScheduling-t100m10r10-1_c24.xml.lzma,COP22to25/TestScheduling-t100m10r10-1_c24.xml.lzma,timeout_incumbent,COMPLETED,0:0,00:30:05,incumbent_interrupted_by_signal,logs/cop165-cumulative-20260527-2ccb88e9-q10672/slurm-logs/xcsp-parse-cop-cumulative-165-log-scop-cumexact-timerd-20260526-2ccb88e9-q10672-19875381-117.out,logs/cop165-cumulative-20260527-2ccb88e9-q10672/slurm-logs/xcsp-parse-cop-cumulative-165-log-scop-cumexact-timerd-20260526-2ccb88e9-q10672-19875381-117.err,timeout_incumbent,COMPLETED,0:0,00:30:05,incumbent_interrupted_by_signal,logs/cop165-cumulative-20260527-2ccb88e9-q10672/slurm-logs/xcsp-parse-cop-cumulative-165-log-scop-cumexact-taskrd-20260526-2ccb88e9-q10672-19875382-117.out,logs/cop165-cumulative-20260527-2ccb88e9-q10672/slurm-logs/xcsp-parse-cop-cumulative-165-log-scop-cumexact-taskrd-20260526-2ccb88e9-q10672-19875382-117.err,timeout_incumbent,COMPLETED,0:0,00:30:04,incumbent_interrupted_by_signal,logs/cop165-cumulative-20260527-2ccb88e9-q10672/slurm-logs/xcsp-parse-cop-cumulative-165-log-scop-cumext-boundprop-20260526-2ccb88e9-q10672-19875383-117.out,logs/cop165-cumulative-20260527-2ccb88e9-q10672/slurm-logs/xcsp-parse-cop-cumulative-165-log-scop-cumext-boundprop-20260526-2ccb88e9-q10672-19875383-117.err,timeout_unknown,COMPLETED,0:0,00:30:06,terminated_by_signal,logs/cop165-cumulative-20260527-2ccb88e9-q10672/slurm-logs/xcsp-parse-cop-cumulative-165-order-ge-cumexact-timerd-20260526-2ccb88e9-q10672-19875378-117.out,logs/cop165-cumulative-20260527-2ccb88e9-q10672/slurm-logs/xcsp-parse-cop-cumulative-165-order-ge-cumexact-timerd-20260526-2ccb88e9-q10672-19875378-117.err,out_of_memory,OUT_OF_MEMORY,0:125,00:08:01,slurmstepd: error: Detected 1 oom-kill event(s) in StepId=19878816.batch. Some of your processes may have been killed by the cgroup out-of-memory handler.,logs/cop165-cumulative-20260527-2ccb88e9-q10672/slurm-logs/xcsp-parse-cop-cumulative-165-order-ge-cumexact-taskrd-20260526-2ccb88e9-q10672-19875379-117.out,logs/cop165-cumulative-20260527-2ccb88e9-q10672/slurm-logs/xcsp-parse-cop-cumulative-165-order-ge-cumexact-taskrd-20260526-2ccb88e9-q10672-19875379-117.err,sat_no_proof,COMPLETED,0:0,00:05:14,best incumbent shown; objective improvement search stopped before optimality proof: eager incremental objective cut could not be encoded,logs/cop165-cumulative-20260527-2ccb88e9-q10672/slurm-logs/xcsp-parse-cop-cumulative-165-order-ge-cumext-boundprop-20260526-2ccb88e9-q10672-19875380-117.out,logs/cop165-cumulative-20260527-2ccb88e9-q10672/slurm-logs/xcsp-parse-cop-cumulative-165-order-ge-cumext-boundprop-20260526-2ccb88e9-q10672-19875380-117.err
118,TestScheduling-t100m20r03-1_c24.xml.lzma,COP22to25/TestScheduling-t100m20r03-1_c24.xml.lzma,timeout_incumbent,COMPLETED,0:0,00:30:05,incumbent_interrupted_by_signal,logs/cop165-cumulative-20260527-2ccb88e9-q10672/slurm-logs/xcsp-parse-cop-cumulative-165-log-scop-cumexact-timerd-20260526-2ccb88e9-q10672-19875381-118.out,logs/cop165-cumulative-20260527-2ccb88e9-q10672/slurm-logs/xcsp-parse-cop-cumulative-165-log-scop-cumexact-timerd-20260526-2ccb88e9-q10672-19875381-118.err,timeout_incumbent,COMPLETED,0:0,00:30:05,incumbent_interrupted_by_signal,logs/cop165-cumulative-20260527-2ccb88e9-q10672/slurm-logs/xcsp-parse-cop-cumulative-165-log-scop-cumexact-taskrd-20260526-2ccb88e9-q10672-19875382-118.out,logs/cop165-cumulative-20260527-2ccb88e9-q10672/slurm-logs/xcsp-parse-cop-cumulative-165-log-scop-cumexact-taskrd-20260526-2ccb88e9-q10672-19875382-118.err,timeout_incumbent,COMPLETED,0:0,00:30:04,incumbent_interrupted_by_signal,logs/cop165-cumulative-20260527-2ccb88e9-q10672/slurm-logs/xcsp-parse-cop-cumulative-165-log-scop-cumext-boundprop-20260526-2ccb88e9-q10672-19875383-118.out,logs/cop165-cumulative-20260527-2ccb88e9-q10672/slurm-logs/xcsp-parse-cop-cumulative-165-log-scop-cumext-boundprop-20260526-2ccb88e9-q10672-19875383-118.err,timeout_unknown,COMPLETED,0:0,00:30:07,terminated_by_signal,logs/cop165-cumulative-20260527-2ccb88e9-q10672/slurm-logs/xcsp-parse-cop-cumulative-165-order-ge-cumexact-timerd-20260526-2ccb88e9-q10672-19875378-118.out,logs/cop165-cumulative-20260527-2ccb88e9-q10672/slurm-logs/xcsp-parse-cop-cumulative-165-order-ge-cumexact-timerd-20260526-2ccb88e9-q10672-19875378-118.err,out_of_memory,OUT_OF_MEMORY,0:125,00:11:09,slurmstepd: error: Detected 1 oom-kill event(s) in StepId=19878819.batch. Some of your processes may have been killed by the cgroup out-of-memory handler.,logs/cop165-cumulative-20260527-2ccb88e9-q10672/slurm-logs/xcsp-parse-cop-cumulative-165-order-ge-cumexact-taskrd-20260526-2ccb88e9-q10672-19875379-118.out,logs/cop165-cumulative-20260527-2ccb88e9-q10672/slurm-logs/xcsp-parse-cop-cumulative-165-order-ge-cumexact-taskrd-20260526-2ccb88e9-q10672-19875379-118.err,timeout_unknown,COMPLETED,0:0,00:30:06,terminated_by_signal,logs/cop165-cumulative-20260527-2ccb88e9-q10672/slurm-logs/xcsp-parse-cop-cumulative-165-order-ge-cumext-boundprop-20260526-2ccb88e9-q10672-19875380-118.out,logs/cop165-cumulative-20260527-2ccb88e9-q10672/slurm-logs/xcsp-parse-cop-cumulative-165-order-ge-cumext-boundprop-20260526-2ccb88e9-q10672-19875380-118.err
119,TestScheduling-t100m10r03-1_c24.xml.lzma,COP22to25/TestScheduling-t100m10r03-1_c24.xml.lzma,timeout_incumbent,COMPLETED,0:0,00:30:04,incumbent_interrupted_by_signal,logs/cop165-cumulative-20260527-2ccb88e9-q10672/slurm-logs/xcsp-parse-cop-cumulative-165-log-scop-cumexact-timerd-20260526-2ccb88e9-q10672-19875381-119.out,logs/cop165-cumulative-20260527-2ccb88e9-q10672/slurm-logs/xcsp-parse-cop-cumulative-165-log-scop-cumexact-timerd-20260526-2ccb88e9-q10672-19875381-119.err,timeout_incumbent,COMPLETED,0:0,00:30:04,incumbent_interrupted_by_signal,logs/cop165-cumulative-20260527-2ccb88e9-q10672/slurm-logs/xcsp-parse-cop-cumulative-165-log-scop-cumexact-taskrd-20260526-2ccb88e9-q10672-19875382-119.out,logs/cop165-cumulative-20260527-2ccb88e9-q10672/slurm-logs/xcsp-parse-cop-cumulative-165-log-scop-cumexact-taskrd-20260526-2ccb88e9-q10672-19875382-119.err,timeout_incumbent,COMPLETED,0:0,00:30:05,incumbent_interrupted_by_signal,logs/cop165-cumulative-20260527-2ccb88e9-q10672/slurm-logs/xcsp-parse-cop-cumulative-165-log-scop-cumext-boundprop-20260526-2ccb88e9-q10672-19875383-119.out,logs/cop165-cumulative-20260527-2ccb88e9-q10672/slurm-logs/xcsp-parse-cop-cumulative-165-log-scop-cumext-boundprop-20260526-2ccb88e9-q10672-19875383-119.err,timeout_unknown,COMPLETED,0:0,00:30:07,terminated_by_signal,logs/cop165-cumulative-20260527-2ccb88e9-q10672/slurm-logs/xcsp-parse-cop-cumulative-165-order-ge-cumexact-timerd-20260526-2ccb88e9-q10672-19875378-119.out,logs/cop165-cumulative-20260527-2ccb88e9-q10672/slurm-logs/xcsp-parse-cop-cumulative-165-order-ge-cumexact-timerd-20260526-2ccb88e9-q10672-19875378-119.err,out_of_memory,OUT_OF_MEMORY,0:125,00:08:36,slurmstepd: error: Detected 2 oom-kill event(s) in StepId=19878823.batch. Some of your processes may have been killed by the cgroup out-of-memory handler.,logs/cop165-cumulative-20260527-2ccb88e9-q10672/slurm-logs/xcsp-parse-cop-cumulative-165-order-ge-cumexact-taskrd-20260526-2ccb88e9-q10672-19875379-119.out,logs/cop165-cumulative-20260527-2ccb88e9-q10672/slurm-logs/xcsp-parse-cop-cumulative-165-order-ge-cumexact-taskrd-20260526-2ccb88e9-q10672-19875379-119.err,sat_no_proof,COMPLETED,0:0,00:05:16,best incumbent shown; objective improvement search stopped before optimality proof: eager incremental objective cut could not be encoded,logs/cop165-cumulative-20260527-2ccb88e9-q10672/slurm-logs/xcsp-parse-cop-cumulative-165-order-ge-cumext-boundprop-20260526-2ccb88e9-q10672-19875380-119.out,logs/cop165-cumulative-20260527-2ccb88e9-q10672/slurm-logs/xcsp-parse-cop-cumulative-165-order-ge-cumext-boundprop-20260526-2ccb88e9-q10672-19875380-119.err
120,TestScheduling-t100m10r05-1_c24.xml.lzma,COP22to25/TestScheduling-t100m10r05-1_c24.xml.lzma,timeout_incumbent,COMPLETED,0:0,00:30:04,incumbent_interrupted_by_signal,logs/cop165-cumulative-20260527-2ccb88e9-q10672/slurm-logs/xcsp-parse-cop-cumulative-165-log-scop-cumexact-timerd-20260526-2ccb88e9-q10672-19875381-120.out,logs/cop165-cumulative-20260527-2ccb88e9-q10672/slurm-logs/xcsp-parse-cop-cumulative-165-log-scop-cumexact-timerd-20260526-2ccb88e9-q10672-19875381-120.err,timeout_incumbent,COMPLETED,0:0,00:30:04,incumbent_interrupted_by_signal,logs/cop165-cumulative-20260527-2ccb88e9-q10672/slurm-logs/xcsp-parse-cop-cumulative-165-log-scop-cumexact-taskrd-20260526-2ccb88e9-q10672-19875382-120.out,logs/cop165-cumulative-20260527-2ccb88e9-q10672/slurm-logs/xcsp-parse-cop-cumulative-165-log-scop-cumexact-taskrd-20260526-2ccb88e9-q10672-19875382-120.err,timeout_incumbent,COMPLETED,0:0,00:30:04,incumbent_interrupted_by_signal,logs/cop165-cumulative-20260527-2ccb88e9-q10672/slurm-logs/xcsp-parse-cop-cumulative-165-log-scop-cumext-boundprop-20260526-2ccb88e9-q10672-19875383-120.out,logs/cop165-cumulative-20260527-2ccb88e9-q10672/slurm-logs/xcsp-parse-cop-cumulative-165-log-scop-cumext-boundprop-20260526-2ccb88e9-q10672-19875383-120.err,timeout_unknown,COMPLETED,0:0,00:30:07,terminated_by_signal,logs/cop165-cumulative-20260527-2ccb88e9-q10672/slurm-logs/xcsp-parse-cop-cumulative-165-order-ge-cumexact-timerd-20260526-2ccb88e9-q10672-19875378-120.out,logs/cop165-cumulative-20260527-2ccb88e9-q10672/slurm-logs/xcsp-parse-cop-cumulative-165-order-ge-cumexact-timerd-20260526-2ccb88e9-q10672-19875378-120.err,out_of_memory,OUT_OF_MEMORY,0:125,00:08:36,slurmstepd: error: Detected 8 oom-kill event(s) in StepId=19878861.batch. Some of your processes may have been killed by the cgroup out-of-memory handler.,logs/cop165-cumulative-20260527-2ccb88e9-q10672/slurm-logs/xcsp-parse-cop-cumulative-165-order-ge-cumexact-taskrd-20260526-2ccb88e9-q10672-19875379-120.out,logs/cop165-cumulative-20260527-2ccb88e9-q10672/slurm-logs/xcsp-parse-cop-cumulative-165-order-ge-cumexact-taskrd-20260526-2ccb88e9-q10672-19875379-120.err,timeout_unknown,COMPLETED,0:0,00:30:06,terminated_by_signal,logs/cop165-cumulative-20260527-2ccb88e9-q10672/slurm-logs/xcsp-parse-cop-cumulative-165-order-ge-cumext-boundprop-20260526-2ccb88e9-q10672-19875380-120.out,logs/cop165-cumulative-20260527-2ccb88e9-q10672/slurm-logs/xcsp-parse-cop-cumulative-165-order-ge-cumext-boundprop-20260526-2ccb88e9-q10672-19875380-120.err
121,TestScheduling-t100m20r05-1_c24.xml.lzma,COP22to25/TestScheduling-t100m20r05-1_c24.xml.lzma,timeout_incumbent,COMPLETED,0:0,00:30:04,incumbent_interrupted_by_signal,logs/cop165-cumulative-20260527-2ccb88e9-q10672/slurm-logs/xcsp-parse-cop-cumulative-165-log-scop-cumexact-timerd-20260526-2ccb88e9-q10672-19875381-121.out,logs/cop165-cumulative-20260527-2ccb88e9-q10672/slurm-logs/xcsp-parse-cop-cumulative-165-log-scop-cumexact-timerd-20260526-2ccb88e9-q10672-19875381-121.err,timeout_incumbent,COMPLETED,0:0,00:30:04,incumbent_interrupted_by_signal,logs/cop165-cumulative-20260527-2ccb88e9-q10672/slurm-logs/xcsp-parse-cop-cumulative-165-log-scop-cumexact-taskrd-20260526-2ccb88e9-q10672-19875382-121.out,logs/cop165-cumulative-20260527-2ccb88e9-q10672/slurm-logs/xcsp-parse-cop-cumulative-165-log-scop-cumexact-taskrd-20260526-2ccb88e9-q10672-19875382-121.err,timeout_incumbent,COMPLETED,0:0,00:30:04,incumbent_interrupted_by_signal,logs/cop165-cumulative-20260527-2ccb88e9-q10672/slurm-logs/xcsp-parse-cop-cumulative-165-log-scop-cumext-boundprop-20260526-2ccb88e9-q10672-19875383-121.out,logs/cop165-cumulative-20260527-2ccb88e9-q10672/slurm-logs/xcsp-parse-cop-cumulative-165-log-scop-cumext-boundprop-20260526-2ccb88e9-q10672-19875383-121.err,timeout_unknown,COMPLETED,0:0,00:30:06,terminated_by_signal,logs/cop165-cumulative-20260527-2ccb88e9-q10672/slurm-logs/xcsp-parse-cop-cumulative-165-order-ge-cumexact-timerd-20260526-2ccb88e9-q10672-19875378-121.out,logs/cop165-cumulative-20260527-2ccb88e9-q10672/slurm-logs/xcsp-parse-cop-cumulative-165-order-ge-cumexact-timerd-20260526-2ccb88e9-q10672-19875378-121.err,out_of_memory,OUT_OF_MEMORY,0:125,00:09:03,slurmstepd: error: Detected 2 oom-kill event(s) in StepId=19878869.batch. Some of your processes may have been killed by the cgroup out-of-memory handler.,logs/cop165-cumulative-20260527-2ccb88e9-q10672/slurm-logs/xcsp-parse-cop-cumulative-165-order-ge-cumexact-taskrd-20260526-2ccb88e9-q10672-19875379-121.out,logs/cop165-cumulative-20260527-2ccb88e9-q10672/slurm-logs/xcsp-parse-cop-cumulative-165-order-ge-cumexact-taskrd-20260526-2ccb88e9-q10672-19875379-121.err,timeout_unknown,COMPLETED,0:0,00:30:04,terminated_by_signal,logs/cop165-cumulative-20260527-2ccb88e9-q10672/slurm-logs/xcsp-parse-cop-cumulative-165-order-ge-cumext-boundprop-20260526-2ccb88e9-q10672-19875380-121.out,logs/cop165-cumulative-20260527-2ccb88e9-q10672/slurm-logs/xcsp-parse-cop-cumulative-165-order-ge-cumext-boundprop-20260526-2ccb88e9-q10672-19875380-121.err
122,TestScheduling-t100m20r10-1_c24.xml.lzma,COP22to25/TestScheduling-t100m20r10-1_c24.xml.lzma,timeout_incumbent,COMPLETED,0:0,00:30:05,incumbent_interrupted_by_signal,logs/cop165-cumulative-20260527-2ccb88e9-q10672/slurm-logs/xcsp-parse-cop-cumulative-165-log-scop-cumexact-timerd-20260526-2ccb88e9-q10672-19875381-122.out,logs/cop165-cumulative-20260527-2ccb88e9-q10672/slurm-logs/xcsp-parse-cop-cumulative-165-log-scop-cumexact-timerd-20260526-2ccb88e9-q10672-19875381-122.err,timeout_incumbent,COMPLETED,0:0,00:30:04,incumbent_interrupted_by_signal,logs/cop165-cumulative-20260527-2ccb88e9-q10672/slurm-logs/xcsp-parse-cop-cumulative-165-log-scop-cumexact-taskrd-20260526-2ccb88e9-q10672-19875382-122.out,logs/cop165-cumulative-20260527-2ccb88e9-q10672/slurm-logs/xcsp-parse-cop-cumulative-165-log-scop-cumexact-taskrd-20260526-2ccb88e9-q10672-19875382-122.err,timeout_incumbent,COMPLETED,0:0,00:30:05,incumbent_interrupted_by_signal,logs/cop165-cumulative-20260527-2ccb88e9-q10672/slurm-logs/xcsp-parse-cop-cumulative-165-log-scop-cumext-boundprop-20260526-2ccb88e9-q10672-19875383-122.out,logs/cop165-cumulative-20260527-2ccb88e9-q10672/slurm-logs/xcsp-parse-cop-cumulative-165-log-scop-cumext-boundprop-20260526-2ccb88e9-q10672-19875383-122.err,timeout_unknown,COMPLETED,0:0,00:30:05,terminated_by_signal,logs/cop165-cumulative-20260527-2ccb88e9-q10672/slurm-logs/xcsp-parse-cop-cumulative-165-order-ge-cumexact-timerd-20260526-2ccb88e9-q10672-19875378-122.out,logs/cop165-cumulative-20260527-2ccb88e9-q10672/slurm-logs/xcsp-parse-cop-cumulative-165-order-ge-cumexact-timerd-20260526-2ccb88e9-q10672-19875378-122.err,out_of_memory,OUT_OF_MEMORY,0:125,00:08:38,slurmstepd: error: Detected 2 oom-kill event(s) in StepId=19878880.batch. Some of your processes may have been killed by the cgroup out-of-memory handler.,logs/cop165-cumulative-20260527-2ccb88e9-q10672/slurm-logs/xcsp-parse-cop-cumulative-165-order-ge-cumexact-taskrd-20260526-2ccb88e9-q10672-19875379-122.out,logs/cop165-cumulative-20260527-2ccb88e9-q10672/slurm-logs/xcsp-parse-cop-cumulative-165-order-ge-cumexact-taskrd-20260526-2ccb88e9-q10672-19875379-122.err,timeout_unknown,COMPLETED,0:0,00:30:05,terminated_by_signal,logs/cop165-cumulative-20260527-2ccb88e9-q10672/slurm-logs/xcsp-parse-cop-cumulative-165-order-ge-cumext-boundprop-20260526-2ccb88e9-q10672-19875380-122.out,logs/cop165-cumulative-20260527-2ccb88e9-q10672/slurm-logs/xcsp-parse-cop-cumulative-165-order-ge-cumext-boundprop-20260526-2ccb88e9-q10672-19875380-122.err
123,FlexibleJobshopScen-dh-5-20-020_c25.xml.lzma,COP22to25/FlexibleJobshopScen-dh-5-20-020_c25.xml.lzma,timeout_incumbent,COMPLETED,0:0,00:30:07,incumbent_interrupted_by_signal,logs/cop165-cumulative-20260527-2ccb88e9-q10672/slurm-logs/xcsp-parse-cop-cumulative-165-log-scop-cumexact-timerd-20260526-2ccb88e9-q10672-19875381-123.out,logs/cop165-cumulative-20260527-2ccb88e9-q10672/slurm-logs/xcsp-parse-cop-cumulative-165-log-scop-cumexact-timerd-20260526-2ccb88e9-q10672-19875381-123.err,optimum,COMPLETED,0:0,00:21:10,,logs/cop165-cumulative-20260527-2ccb88e9-q10672/slurm-logs/xcsp-parse-cop-cumulative-165-log-scop-cumexact-taskrd-20260526-2ccb88e9-q10672-19875382-123.out,logs/cop165-cumulative-20260527-2ccb88e9-q10672/slurm-logs/xcsp-parse-cop-cumulative-165-log-scop-cumexact-taskrd-20260526-2ccb88e9-q10672-19875382-123.err,optimum,COMPLETED,0:0,00:15:08,,logs/cop165-cumulative-20260527-2ccb88e9-q10672/slurm-logs/xcsp-parse-cop-cumulative-165-log-scop-cumext-boundprop-20260526-2ccb88e9-q10672-19875383-123.out,logs/cop165-cumulative-20260527-2ccb88e9-q10672/slurm-logs/xcsp-parse-cop-cumulative-165-log-scop-cumext-boundprop-20260526-2ccb88e9-q10672-19875383-123.err,timeout_incumbent,COMPLETED,0:0,00:30:05,incumbent_interrupted_by_signal,logs/cop165-cumulative-20260527-2ccb88e9-q10672/slurm-logs/xcsp-parse-cop-cumulative-165-order-ge-cumexact-timerd-20260526-2ccb88e9-q10672-19875378-123.out,logs/cop165-cumulative-20260527-2ccb88e9-q10672/slurm-logs/xcsp-parse-cop-cumulative-165-order-ge-cumexact-timerd-20260526-2ccb88e9-q10672-19875378-123.err,timeout_incumbent,COMPLETED,0:0,00:30:04,incumbent_interrupted_by_signal,logs/cop165-cumulative-20260527-2ccb88e9-q10672/slurm-logs/xcsp-parse-cop-cumulative-165-order-ge-cumexact-taskrd-20260526-2ccb88e9-q10672-19875379-123.out,logs/cop165-cumulative-20260527-2ccb88e9-q10672/slurm-logs/xcsp-parse-cop-cumulative-165-order-ge-cumexact-taskrd-20260526-2ccb88e9-q10672-19875379-123.err,timeout_incumbent,COMPLETED,0:0,00:30:04,incumbent_interrupted_by_signal,logs/cop165-cumulative-20260527-2ccb88e9-q10672/slurm-logs/xcsp-parse-cop-cumulative-165-order-ge-cumext-boundprop-20260526-2ccb88e9-q10672-19875380-123.out,logs/cop165-cumulative-20260527-2ccb88e9-q10672/slurm-logs/xcsp-parse-cop-cumulative-165-order-ge-cumext-boundprop-20260526-2ccb88e9-q10672-19875380-123.err
124,IHTC-i07_c25.xml.lzma,COP22to25/IHTC-i07_c25.xml.lzma,internal_error,COMPLETED,0:0,00:02:11,log-scop incremental cut is missing base integer code for id=548,logs/cop165-cumulative-20260527-2ccb88e9-q10672/slurm-logs/xcsp-parse-cop-cumulative-165-log-scop-cumexact-timerd-20260526-2ccb88e9-q10672-19875381-124.out,logs/cop165-cumulative-20260527-2ccb88e9-q10672/slurm-logs/xcsp-parse-cop-cumulative-165-log-scop-cumexact-timerd-20260526-2ccb88e9-q10672-19875381-124.err,unsat,COMPLETED,0:0,00:00:13,,logs/cop165-cumulative-20260527-2ccb88e9-q10672/slurm-logs/xcsp-parse-cop-cumulative-165-log-scop-cumexact-taskrd-20260526-2ccb88e9-q10672-19875382-124.out,logs/cop165-cumulative-20260527-2ccb88e9-q10672/slurm-logs/xcsp-parse-cop-cumulative-165-log-scop-cumexact-taskrd-20260526-2ccb88e9-q10672-19875382-124.err,internal_error,COMPLETED,0:0,00:00:12,log-scop incremental cut is missing base integer code for id=548,logs/cop165-cumulative-20260527-2ccb88e9-q10672/slurm-logs/xcsp-parse-cop-cumulative-165-log-scop-cumext-boundprop-20260526-2ccb88e9-q10672-19875383-124.out,logs/cop165-cumulative-20260527-2ccb88e9-q10672/slurm-logs/xcsp-parse-cop-cumulative-165-log-scop-cumext-boundprop-20260526-2ccb88e9-q10672-19875383-124.err,out_of_memory,OUT_OF_MEMORY,0:125,00:08:49,slurmstepd: error: Detected 7 oom-kill event(s) in StepId=19876101.batch. Some of your processes may have been killed by the cgroup out-of-memory handler.,logs/cop165-cumulative-20260527-2ccb88e9-q10672/slurm-logs/xcsp-parse-cop-cumulative-165-order-ge-cumexact-timerd-20260526-2ccb88e9-q10672-19875378-124.out,logs/cop165-cumulative-20260527-2ccb88e9-q10672/slurm-logs/xcsp-parse-cop-cumulative-165-order-ge-cumexact-timerd-20260526-2ccb88e9-q10672-19875378-124.err,unsat,COMPLETED,0:0,00:02:51,,logs/cop165-cumulative-20260527-2ccb88e9-q10672/slurm-logs/xcsp-parse-cop-cumulative-165-order-ge-cumexact-taskrd-20260526-2ccb88e9-q10672-19875379-124.out,logs/cop165-cumulative-20260527-2ccb88e9-q10672/slurm-logs/xcsp-parse-cop-cumulative-165-order-ge-cumexact-taskrd-20260526-2ccb88e9-q10672-19875379-124.err,timeout_incumbent,COMPLETED,0:0,00:30:15,incumbent_interrupted_by_signal,logs/cop165-cumulative-20260527-2ccb88e9-q10672/slurm-logs/xcsp-parse-cop-cumulative-165-order-ge-cumext-boundprop-20260526-2ccb88e9-q10672-19875380-124.out,logs/cop165-cumulative-20260527-2ccb88e9-q10672/slurm-logs/xcsp-parse-cop-cumulative-165-order-ge-cumext-boundprop-20260526-2ccb88e9-q10672-19875380-124.err
125,LargeScaleScheduling-01600-0_c23.xml.lzma,COP22to25/LargeScaleScheduling-01600-0_c23.xml.lzma,timeout_unknown,COMPLETED,0:0,00:30:05,terminated_by_signal,logs/cop165-cumulative-20260527-2ccb88e9-q10672/slurm-logs/xcsp-parse-cop-cumulative-165-log-scop-cumexact-timerd-20260526-2ccb88e9-q10672-19875381-125.out,logs/cop165-cumulative-20260527-2ccb88e9-q10672/slurm-logs/xcsp-parse-cop-cumulative-165-log-scop-cumexact-timerd-20260526-2ccb88e9-q10672-19875381-125.err,out_of_memory,OUT_OF_MEMORY,0:125,00:05:39,slurmstepd: error: Detected 1 oom-kill event(s) in StepId=19894768.batch. Some of your processes may have been killed by the cgroup out-of-memory handler.,logs/cop165-cumulative-20260527-2ccb88e9-q10672/slurm-logs/xcsp-parse-cop-cumulative-165-log-scop-cumexact-taskrd-20260526-2ccb88e9-q10672-19875382-125.out,logs/cop165-cumulative-20260527-2ccb88e9-q10672/slurm-logs/xcsp-parse-cop-cumulative-165-log-scop-cumexact-taskrd-20260526-2ccb88e9-q10672-19875382-125.err,timeout_incumbent,COMPLETED,0:0,00:30:03,incumbent_interrupted_by_signal,logs/cop165-cumulative-20260527-2ccb88e9-q10672/slurm-logs/xcsp-parse-cop-cumulative-165-log-scop-cumext-boundprop-20260526-2ccb88e9-q10672-19875383-125.out,logs/cop165-cumulative-20260527-2ccb88e9-q10672/slurm-logs/xcsp-parse-cop-cumulative-165-log-scop-cumext-boundprop-20260526-2ccb88e9-q10672-19875383-125.err,encode_failed,COMPLETED,0:0,00:00:04,sat variable count overflow,logs/cop165-cumulative-20260527-2ccb88e9-q10672/slurm-logs/xcsp-parse-cop-cumulative-165-order-ge-cumexact-timerd-20260526-2ccb88e9-q10672-19875378-125.out,logs/cop165-cumulative-20260527-2ccb88e9-q10672/slurm-logs/xcsp-parse-cop-cumulative-165-order-ge-cumexact-timerd-20260526-2ccb88e9-q10672-19875378-125.err,encode_failed,COMPLETED,0:0,00:02:37,sat variable count overflow,logs/cop165-cumulative-20260527-2ccb88e9-q10672/slurm-logs/xcsp-parse-cop-cumulative-165-order-ge-cumexact-taskrd-20260526-2ccb88e9-q10672-19875379-125.out,logs/cop165-cumulative-20260527-2ccb88e9-q10672/slurm-logs/xcsp-parse-cop-cumulative-165-order-ge-cumexact-taskrd-20260526-2ccb88e9-q10672-19875379-125.err,encode_failed,COMPLETED,0:0,00:00:03,sat variable count overflow,logs/cop165-cumulative-20260527-2ccb88e9-q10672/slurm-logs/xcsp-parse-cop-cumulative-165-order-ge-cumext-boundprop-20260526-2ccb88e9-q10672-19875380-125.out,logs/cop165-cumulative-20260527-2ccb88e9-q10672/slurm-logs/xcsp-parse-cop-cumulative-165-order-ge-cumext-boundprop-20260526-2ccb88e9-q10672-19875380-125.err
126,IHTC-i05_c25.xml.lzma,COP22to25/IHTC-i05_c25.xml.lzma,internal_error,COMPLETED,0:0,00:00:29,log-scop incremental cut is missing base integer code for id=6765,logs/cop165-cumulative-20260527-2ccb88e9-q10672/slurm-logs/xcsp-parse-cop-cumulative-165-log-scop-cumexact-timerd-20260526-2ccb88e9-q10672-19875381-126.out,logs/cop165-cumulative-20260527-2ccb88e9-q10672/slurm-logs/xcsp-parse-cop-cumulative-165-log-scop-cumexact-timerd-20260526-2ccb88e9-q10672-19875381-126.err,timeout_unknown,COMPLETED,0:0,00:30:04,terminated_by_signal,logs/cop165-cumulative-20260527-2ccb88e9-q10672/slurm-logs/xcsp-parse-cop-cumulative-165-log-scop-cumexact-taskrd-20260526-2ccb88e9-q10672-19875382-126.out,logs/cop165-cumulative-20260527-2ccb88e9-q10672/slurm-logs/xcsp-parse-cop-cumulative-165-log-scop-cumexact-taskrd-20260526-2ccb88e9-q10672-19875382-126.err,internal_error,COMPLETED,0:0,00:00:26,log-scop incremental cut is missing base integer code for id=6765,logs/cop165-cumulative-20260527-2ccb88e9-q10672/slurm-logs/xcsp-parse-cop-cumulative-165-log-scop-cumext-boundprop-20260526-2ccb88e9-q10672-19875383-126.out,logs/cop165-cumulative-20260527-2ccb88e9-q10672/slurm-logs/xcsp-parse-cop-cumulative-165-log-scop-cumext-boundprop-20260526-2ccb88e9-q10672-19875383-126.err,sat_no_proof,COMPLETED,0:0,00:15:52,best incumbent shown; objective improvement search stopped before optimality proof: eager incremental objective cut could not be encoded,logs/cop165-cumulative-20260527-2ccb88e9-q10672/slurm-logs/xcsp-parse-cop-cumulative-165-order-ge-cumexact-timerd-20260526-2ccb88e9-q10672-19875378-126.out,logs/cop165-cumulative-20260527-2ccb88e9-q10672/slurm-logs/xcsp-parse-cop-cumulative-165-order-ge-cumexact-timerd-20260526-2ccb88e9-q10672-19875378-126.err,unsat,COMPLETED,0:0,00:06:26,,logs/cop165-cumulative-20260527-2ccb88e9-q10672/slurm-logs/xcsp-parse-cop-cumulative-165-order-ge-cumexact-taskrd-20260526-2ccb88e9-q10672-19875379-126.out,logs/cop165-cumulative-20260527-2ccb88e9-q10672/slurm-logs/xcsp-parse-cop-cumulative-165-order-ge-cumexact-taskrd-20260526-2ccb88e9-q10672-19875379-126.err,sat_no_proof,COMPLETED,0:0,00:12:35,best incumbent shown; objective improvement search stopped before optimality proof: eager incremental objective cut could not be encoded,logs/cop165-cumulative-20260527-2ccb88e9-q10672/slurm-logs/xcsp-parse-cop-cumulative-165-order-ge-cumext-boundprop-20260526-2ccb88e9-q10672-19875380-126.out,logs/cop165-cumulative-20260527-2ccb88e9-q10672/slurm-logs/xcsp-parse-cop-cumulative-165-order-ge-cumext-boundprop-20260526-2ccb88e9-q10672-19875380-126.err
127,IHTC-i06_c25.xml.lzma,COP22to25/IHTC-i06_c25.xml.lzma,internal_error,COMPLETED,0:0,00:00:40,log-scop incremental cut is missing base integer code for id=916,logs/cop165-cumulative-20260527-2ccb88e9-q10672/slurm-logs/xcsp-parse-cop-cumulative-165-log-scop-cumexact-timerd-20260526-2ccb88e9-q10672-19875381-127.out,logs/cop165-cumulative-20260527-2ccb88e9-q10672/slurm-logs/xcsp-parse-cop-cumulative-165-log-scop-cumexact-timerd-20260526-2ccb88e9-q10672-19875381-127.err,unsat,COMPLETED,0:0,00:00:19,,logs/cop165-cumulative-20260527-2ccb88e9-q10672/slurm-logs/xcsp-parse-cop-cumulative-165-log-scop-cumexact-taskrd-20260526-2ccb88e9-q10672-19875382-127.out,logs/cop165-cumulative-20260527-2ccb88e9-q10672/slurm-logs/xcsp-parse-cop-cumulative-165-log-scop-cumexact-taskrd-20260526-2ccb88e9-q10672-19875382-127.err,internal_error,COMPLETED,0:0,00:00:30,log-scop incremental cut is missing base integer code for id=916,logs/cop165-cumulative-20260527-2ccb88e9-q10672/slurm-logs/xcsp-parse-cop-cumulative-165-log-scop-cumext-boundprop-20260526-2ccb88e9-q10672-19875383-127.out,logs/cop165-cumulative-20260527-2ccb88e9-q10672/slurm-logs/xcsp-parse-cop-cumulative-165-log-scop-cumext-boundprop-20260526-2ccb88e9-q10672-19875383-127.err,out_of_memory,OUT_OF_MEMORY,0:125,00:06:24,slurmstepd: error: Detected 11 oom-kill event(s) in StepId=19876200.batch. Some of your processes may have been killed by the cgroup out-of-memory handler.,logs/cop165-cumulative-20260527-2ccb88e9-q10672/slurm-logs/xcsp-parse-cop-cumulative-165-order-ge-cumexact-timerd-20260526-2ccb88e9-q10672-19875378-127.out,logs/cop165-cumulative-20260527-2ccb88e9-q10672/slurm-logs/xcsp-parse-cop-cumulative-165-order-ge-cumexact-timerd-20260526-2ccb88e9-q10672-19875378-127.err,out_of_memory,OUT_OF_MEMORY,0:125,00:06:20,slurmstepd: error: Detected 3 oom-kill event(s) in StepId=19878964.batch. Some of your processes may have been killed by the cgroup out-of-memory handler.,logs/cop165-cumulative-20260527-2ccb88e9-q10672/slurm-logs/xcsp-parse-cop-cumulative-165-order-ge-cumexact-taskrd-20260526-2ccb88e9-q10672-19875379-127.out,logs/cop165-cumulative-20260527-2ccb88e9-q10672/slurm-logs/xcsp-parse-cop-cumulative-165-order-ge-cumexact-taskrd-20260526-2ccb88e9-q10672-19875379-127.err,out_of_memory,OUT_OF_MEMORY,0:125,00:06:45,slurmstepd: error: Detected 1 oom-kill event(s) in StepId=19882533.batch. Some of your processes may have been killed by the cgroup out-of-memory handler.,logs/cop165-cumulative-20260527-2ccb88e9-q10672/slurm-logs/xcsp-parse-cop-cumulative-165-order-ge-cumext-boundprop-20260526-2ccb88e9-q10672-19875380-127.out,logs/cop165-cumulative-20260527-2ccb88e9-q10672/slurm-logs/xcsp-parse-cop-cumulative-165-order-ge-cumext-boundprop-20260526-2ccb88e9-q10672-19875380-127.err
128,IHTC-i09_c25.xml.lzma,COP22to25/IHTC-i09_c25.xml.lzma,internal_error,COMPLETED,0:0,00:00:46,log-scop incremental cut is missing base integer code for id=6427,logs/cop165-cumulative-20260527-2ccb88e9-q10672/slurm-logs/xcsp-parse-cop-cumulative-165-log-scop-cumexact-timerd-20260526-2ccb88e9-q10672-19875381-128.out,logs/cop165-cumulative-20260527-2ccb88e9-q10672/slurm-logs/xcsp-parse-cop-cumulative-165-log-scop-cumexact-timerd-20260526-2ccb88e9-q10672-19875381-128.err,unsat,COMPLETED,0:0,00:03:29,,logs/cop165-cumulative-20260527-2ccb88e9-q10672/slurm-logs/xcsp-parse-cop-cumulative-165-log-scop-cumexact-taskrd-20260526-2ccb88e9-q10672-19875382-128.out,logs/cop165-cumulative-20260527-2ccb88e9-q10672/slurm-logs/xcsp-parse-cop-cumulative-165-log-scop-cumexact-taskrd-20260526-2ccb88e9-q10672-19875382-128.err,internal_error,COMPLETED,0:0,00:00:38,log-scop incremental cut is missing base integer code for id=6427,logs/cop165-cumulative-20260527-2ccb88e9-q10672/slurm-logs/xcsp-parse-cop-cumulative-165-log-scop-cumext-boundprop-20260526-2ccb88e9-q10672-19875383-128.out,logs/cop165-cumulative-20260527-2ccb88e9-q10672/slurm-logs/xcsp-parse-cop-cumulative-165-log-scop-cumext-boundprop-20260526-2ccb88e9-q10672-19875383-128.err,sat_no_proof,COMPLETED,0:0,00:09:16,best incumbent shown; objective improvement search stopped before optimality proof: eager incremental objective cut could not be encoded,logs/cop165-cumulative-20260527-2ccb88e9-q10672/slurm-logs/xcsp-parse-cop-cumulative-165-order-ge-cumexact-timerd-20260526-2ccb88e9-q10672-19875378-128.out,logs/cop165-cumulative-20260527-2ccb88e9-q10672/slurm-logs/xcsp-parse-cop-cumulative-165-order-ge-cumexact-timerd-20260526-2ccb88e9-q10672-19875378-128.err,unsat,COMPLETED,0:0,00:08:09,,logs/cop165-cumulative-20260527-2ccb88e9-q10672/slurm-logs/xcsp-parse-cop-cumulative-165-order-ge-cumexact-taskrd-20260526-2ccb88e9-q10672-19875379-128.out,logs/cop165-cumulative-20260527-2ccb88e9-q10672/slurm-logs/xcsp-parse-cop-cumulative-165-order-ge-cumexact-taskrd-20260526-2ccb88e9-q10672-19875379-128.err,sat_no_proof,COMPLETED,0:0,00:09:02,best incumbent shown; objective improvement search stopped before optimality proof: eager incremental objective cut could not be encoded,logs/cop165-cumulative-20260527-2ccb88e9-q10672/slurm-logs/xcsp-parse-cop-cumulative-165-order-ge-cumext-boundprop-20260526-2ccb88e9-q10672-19875380-128.out,logs/cop165-cumulative-20260527-2ccb88e9-q10672/slurm-logs/xcsp-parse-cop-cumulative-165-order-ge-cumext-boundprop-20260526-2ccb88e9-q10672-19875380-128.err
129,AircraftAssemblyLine-3-628-150-2_c24.xml.lzma,COP22to25/AircraftAssemblyLine-3-628-150-2_c24.xml.lzma,timeout_incumbent,COMPLETED,0:0,00:30:04,incumbent_interrupted_by_signal,logs/cop165-cumulative-20260527-2ccb88e9-q10672/slurm-logs/xcsp-parse-cop-cumulative-165-log-scop-cumexact-timerd-20260526-2ccb88e9-q10672-19875381-129.out,logs/cop165-cumulative-20260527-2ccb88e9-q10672/slurm-logs/xcsp-parse-cop-cumulative-165-log-scop-cumexact-timerd-20260526-2ccb88e9-q10672-19875381-129.err,out_of_memory,OUT_OF_MEMORY,0:125,00:08:36,slurmstepd: error: Detected 4 oom-kill event(s) in StepId=19895268.batch. Some of your processes may have been killed by the cgroup out-of-memory handler.,logs/cop165-cumulative-20260527-2ccb88e9-q10672/slurm-logs/xcsp-parse-cop-cumulative-165-log-scop-cumexact-taskrd-20260526-2ccb88e9-q10672-19875382-129.out,logs/cop165-cumulative-20260527-2ccb88e9-q10672/slurm-logs/xcsp-parse-cop-cumulative-165-log-scop-cumexact-taskrd-20260526-2ccb88e9-q10672-19875382-129.err,timeout_incumbent,COMPLETED,0:0,00:30:03,incumbent_interrupted_by_signal,logs/cop165-cumulative-20260527-2ccb88e9-q10672/slurm-logs/xcsp-parse-cop-cumulative-165-log-scop-cumext-boundprop-20260526-2ccb88e9-q10672-19875383-129.out,logs/cop165-cumulative-20260527-2ccb88e9-q10672/slurm-logs/xcsp-parse-cop-cumulative-165-log-scop-cumext-boundprop-20260526-2ccb88e9-q10672-19875383-129.err,timeout_unknown,COMPLETED,0:0,00:30:03,terminated_by_signal,logs/cop165-cumulative-20260527-2ccb88e9-q10672/slurm-logs/xcsp-parse-cop-cumulative-165-order-ge-cumexact-timerd-20260526-2ccb88e9-q10672-19875378-129.out,logs/cop165-cumulative-20260527-2ccb88e9-q10672/slurm-logs/xcsp-parse-cop-cumulative-165-order-ge-cumexact-timerd-20260526-2ccb88e9-q10672-19875378-129.err,out_of_memory,OUT_OF_MEMORY,0:125,00:11:34,slurmstepd: error: Detected 6 oom-kill event(s) in StepId=19878975.batch. Some of your processes may have been killed by the cgroup out-of-memory handler.,logs/cop165-cumulative-20260527-2ccb88e9-q10672/slurm-logs/xcsp-parse-cop-cumulative-165-order-ge-cumexact-taskrd-20260526-2ccb88e9-q10672-19875379-129.out,logs/cop165-cumulative-20260527-2ccb88e9-q10672/slurm-logs/xcsp-parse-cop-cumulative-165-order-ge-cumexact-taskrd-20260526-2ccb88e9-q10672-19875379-129.err,timeout_unknown,COMPLETED,0:0,00:30:05,terminated_by_signal,logs/cop165-cumulative-20260527-2ccb88e9-q10672/slurm-logs/xcsp-parse-cop-cumulative-165-order-ge-cumext-boundprop-20260526-2ccb88e9-q10672-19875380-129.out,logs/cop165-cumulative-20260527-2ccb88e9-q10672/slurm-logs/xcsp-parse-cop-cumulative-165-order-ge-cumext-boundprop-20260526-2ccb88e9-q10672-19875380-129.err
130,AircraftAssemblyLine-3-628-150-0_c24.xml.lzma,COP22to25/AircraftAssemblyLine-3-628-150-0_c24.xml.lzma,timeout_incumbent,COMPLETED,0:0,00:30:03,incumbent_interrupted_by_signal,logs/cop165-cumulative-20260527-2ccb88e9-q10672/slurm-logs/xcsp-parse-cop-cumulative-165-log-scop-cumexact-timerd-20260526-2ccb88e9-q10672-19875381-130.out,logs/cop165-cumulative-20260527-2ccb88e9-q10672/slurm-logs/xcsp-parse-cop-cumulative-165-log-scop-cumexact-timerd-20260526-2ccb88e9-q10672-19875381-130.err,out_of_memory,OUT_OF_MEMORY,0:125,00:17:30,slurmstepd: error: Detected 1 oom-kill event(s) in StepId=19895578.batch. Some of your processes may have been killed by the cgroup out-of-memory handler.,logs/cop165-cumulative-20260527-2ccb88e9-q10672/slurm-logs/xcsp-parse-cop-cumulative-165-log-scop-cumexact-taskrd-20260526-2ccb88e9-q10672-19875382-130.out,logs/cop165-cumulative-20260527-2ccb88e9-q10672/slurm-logs/xcsp-parse-cop-cumulative-165-log-scop-cumexact-taskrd-20260526-2ccb88e9-q10672-19875382-130.err,timeout_incumbent,COMPLETED,0:0,00:30:03,incumbent_interrupted_by_signal,logs/cop165-cumulative-20260527-2ccb88e9-q10672/slurm-logs/xcsp-parse-cop-cumulative-165-log-scop-cumext-boundprop-20260526-2ccb88e9-q10672-19875383-130.out,logs/cop165-cumulative-20260527-2ccb88e9-q10672/slurm-logs/xcsp-parse-cop-cumulative-165-log-scop-cumext-boundprop-20260526-2ccb88e9-q10672-19875383-130.err,sat_no_proof,COMPLETED,0:0,00:19:22,best incumbent shown; objective improvement search stopped before optimality proof: eager incremental objective cut could not be encoded,logs/cop165-cumulative-20260527-2ccb88e9-q10672/slurm-logs/xcsp-parse-cop-cumulative-165-order-ge-cumexact-timerd-20260526-2ccb88e9-q10672-19875378-130.out,logs/cop165-cumulative-20260527-2ccb88e9-q10672/slurm-logs/xcsp-parse-cop-cumulative-165-order-ge-cumexact-timerd-20260526-2ccb88e9-q10672-19875378-130.err,out_of_memory,OUT_OF_MEMORY,0:125,00:11:33,slurmstepd: error: Detected 1 oom-kill event(s) in StepId=19878979.batch. Some of your processes may have been killed by the cgroup out-of-memory handler.,logs/cop165-cumulative-20260527-2ccb88e9-q10672/slurm-logs/xcsp-parse-cop-cumulative-165-order-ge-cumexact-taskrd-20260526-2ccb88e9-q10672-19875379-130.out,logs/cop165-cumulative-20260527-2ccb88e9-q10672/slurm-logs/xcsp-parse-cop-cumulative-165-order-ge-cumexact-taskrd-20260526-2ccb88e9-q10672-19875379-130.err,timeout_unknown,COMPLETED,0:0,00:30:03,terminated_by_signal,logs/cop165-cumulative-20260527-2ccb88e9-q10672/slurm-logs/xcsp-parse-cop-cumulative-165-order-ge-cumext-boundprop-20260526-2ccb88e9-q10672-19875380-130.out,logs/cop165-cumulative-20260527-2ccb88e9-q10672/slurm-logs/xcsp-parse-cop-cumulative-165-order-ge-cumext-boundprop-20260526-2ccb88e9-q10672-19875380-130.err
131,AircraftAssemblyLine-3-628-150-1_c24.xml.lzma,COP22to25/AircraftAssemblyLine-3-628-150-1_c24.xml.lzma,timeout_incumbent,COMPLETED,0:0,00:30:06,incumbent_interrupted_by_signal,logs/cop165-cumulative-20260527-2ccb88e9-q10672/slurm-logs/xcsp-parse-cop-cumulative-165-log-scop-cumexact-timerd-20260526-2ccb88e9-q10672-19875381-131.out,logs/cop165-cumulative-20260527-2ccb88e9-q10672/slurm-logs/xcsp-parse-cop-cumulative-165-log-scop-cumexact-timerd-20260526-2ccb88e9-q10672-19875381-131.err,out_of_memory,OUT_OF_MEMORY,0:125,00:18:31,slurmstepd: error: Detected 1 oom-kill event(s) in StepId=19895817.batch. Some of your processes may have been killed by the cgroup out-of-memory handler.,logs/cop165-cumulative-20260527-2ccb88e9-q10672/slurm-logs/xcsp-parse-cop-cumulative-165-log-scop-cumexact-taskrd-20260526-2ccb88e9-q10672-19875382-131.out,logs/cop165-cumulative-20260527-2ccb88e9-q10672/slurm-logs/xcsp-parse-cop-cumulative-165-log-scop-cumexact-taskrd-20260526-2ccb88e9-q10672-19875382-131.err,timeout_incumbent,COMPLETED,0:0,00:30:04,incumbent_interrupted_by_signal,logs/cop165-cumulative-20260527-2ccb88e9-q10672/slurm-logs/xcsp-parse-cop-cumulative-165-log-scop-cumext-boundprop-20260526-2ccb88e9-q10672-19875383-131.out,logs/cop165-cumulative-20260527-2ccb88e9-q10672/slurm-logs/xcsp-parse-cop-cumulative-165-log-scop-cumext-boundprop-20260526-2ccb88e9-q10672-19875383-131.err,sat_no_proof,COMPLETED,0:0,00:20:24,best incumbent shown; objective improvement search stopped before optimality proof: eager incremental objective cut could not be encoded,logs/cop165-cumulative-20260527-2ccb88e9-q10672/slurm-logs/xcsp-parse-cop-cumulative-165-order-ge-cumexact-timerd-20260526-2ccb88e9-q10672-19875378-131.out,logs/cop165-cumulative-20260527-2ccb88e9-q10672/slurm-logs/xcsp-parse-cop-cumulative-165-order-ge-cumexact-timerd-20260526-2ccb88e9-q10672-19875378-131.err,out_of_memory,OUT_OF_MEMORY,0:125,00:10:29,slurmstepd: error: Detected 1 oom-kill event(s) in StepId=19878987.batch. Some of your processes may have been killed by the cgroup out-of-memory handler.,logs/cop165-cumulative-20260527-2ccb88e9-q10672/slurm-logs/xcsp-parse-cop-cumulative-165-order-ge-cumexact-taskrd-20260526-2ccb88e9-q10672-19875379-131.out,logs/cop165-cumulative-20260527-2ccb88e9-q10672/slurm-logs/xcsp-parse-cop-cumulative-165-order-ge-cumexact-taskrd-20260526-2ccb88e9-q10672-19875379-131.err,timeout_unknown,COMPLETED,0:0,00:30:04,terminated_by_signal,logs/cop165-cumulative-20260527-2ccb88e9-q10672/slurm-logs/xcsp-parse-cop-cumulative-165-order-ge-cumext-boundprop-20260526-2ccb88e9-q10672-19875380-131.out,logs/cop165-cumulative-20260527-2ccb88e9-q10672/slurm-logs/xcsp-parse-cop-cumulative-165-order-ge-cumext-boundprop-20260526-2ccb88e9-q10672-19875380-131.err
132,IHTC-i11_c25.xml.lzma,COP22to25/IHTC-i11_c25.xml.lzma,internal_error,COMPLETED,0:0,00:00:46,log-scop incremental cut is missing base integer code for id=880,logs/cop165-cumulative-20260527-2ccb88e9-q10672/slurm-logs/xcsp-parse-cop-cumulative-165-log-scop-cumexact-timerd-20260526-2ccb88e9-q10672-19875381-132.out,logs/cop165-cumulative-20260527-2ccb88e9-q10672/slurm-logs/xcsp-parse-cop-cumulative-165-log-scop-cumexact-timerd-20260526-2ccb88e9-q10672-19875381-132.err,unsat,COMPLETED,0:0,00:00:30,,logs/cop165-cumulative-20260527-2ccb88e9-q10672/slurm-logs/xcsp-parse-cop-cumulative-165-log-scop-cumexact-taskrd-20260526-2ccb88e9-q10672-19875382-132.out,logs/cop165-cumulative-20260527-2ccb88e9-q10672/slurm-logs/xcsp-parse-cop-cumulative-165-log-scop-cumexact-taskrd-20260526-2ccb88e9-q10672-19875382-132.err,internal_error,COMPLETED,0:0,00:00:51,log-scop incremental cut is missing base integer code for id=880,logs/cop165-cumulative-20260527-2ccb88e9-q10672/slurm-logs/xcsp-parse-cop-cumulative-165-log-scop-cumext-boundprop-20260526-2ccb88e9-q10672-19875383-132.out,logs/cop165-cumulative-20260527-2ccb88e9-q10672/slurm-logs/xcsp-parse-cop-cumulative-165-log-scop-cumext-boundprop-20260526-2ccb88e9-q10672-19875383-132.err,out_of_memory,OUT_OF_MEMORY,0:125,00:06:24,slurmstepd: error: Detected 10 oom-kill event(s) in StepId=19876325.batch. Some of your processes may have been killed by the cgroup out-of-memory handler.,logs/cop165-cumulative-20260527-2ccb88e9-q10672/slurm-logs/xcsp-parse-cop-cumulative-165-order-ge-cumexact-timerd-20260526-2ccb88e9-q10672-19875378-132.out,logs/cop165-cumulative-20260527-2ccb88e9-q10672/slurm-logs/xcsp-parse-cop-cumulative-165-order-ge-cumexact-timerd-20260526-2ccb88e9-q10672-19875378-132.err,unsat,COMPLETED,0:0,00:07:30,,logs/cop165-cumulative-20260527-2ccb88e9-q10672/slurm-logs/xcsp-parse-cop-cumulative-165-order-ge-cumexact-taskrd-20260526-2ccb88e9-q10672-19875379-132.out,logs/cop165-cumulative-20260527-2ccb88e9-q10672/slurm-logs/xcsp-parse-cop-cumulative-165-order-ge-cumexact-taskrd-20260526-2ccb88e9-q10672-19875379-132.err,out_of_memory,OUT_OF_MEMORY,0:125,00:06:21,slurmstepd: error: Detected 2 oom-kill event(s) in StepId=19882637.batch. Some of your processes may have been killed by the cgroup out-of-memory handler.,logs/cop165-cumulative-20260527-2ccb88e9-q10672/slurm-logs/xcsp-parse-cop-cumulative-165-order-ge-cumext-boundprop-20260526-2ccb88e9-q10672-19875380-132.out,logs/cop165-cumulative-20260527-2ccb88e9-q10672/slurm-logs/xcsp-parse-cop-cumulative-165-order-ge-cumext-boundprop-20260526-2ccb88e9-q10672-19875380-132.err
133,IHTC-i12_c25.xml.lzma,COP22to25/IHTC-i12_c25.xml.lzma,internal_error,COMPLETED,0:0,00:01:11,log-scop incremental cut is missing base integer code for id=11732,logs/cop165-cumulative-20260527-2ccb88e9-q10672/slurm-logs/xcsp-parse-cop-cumulative-165-log-scop-cumexact-timerd-20260526-2ccb88e9-q10672-19875381-133.out,logs/cop165-cumulative-20260527-2ccb88e9-q10672/slurm-logs/xcsp-parse-cop-cumulative-165-log-scop-cumexact-timerd-20260526-2ccb88e9-q10672-19875381-133.err,unsat,COMPLETED,0:0,00:00:20,,logs/cop165-cumulative-20260527-2ccb88e9-q10672/slurm-logs/xcsp-parse-cop-cumulative-165-log-scop-cumexact-taskrd-20260526-2ccb88e9-q10672-19875382-133.out,logs/cop165-cumulative-20260527-2ccb88e9-q10672/slurm-logs/xcsp-parse-cop-cumulative-165-log-scop-cumexact-taskrd-20260526-2ccb88e9-q10672-19875382-133.err,internal_error,COMPLETED,0:0,00:00:44,log-scop incremental cut is missing base integer code for id=11732,logs/cop165-cumulative-20260527-2ccb88e9-q10672/slurm-logs/xcsp-parse-cop-cumulative-165-log-scop-cumext-boundprop-20260526-2ccb88e9-q10672-19875383-133.out,logs/cop165-cumulative-20260527-2ccb88e9-q10672/slurm-logs/xcsp-parse-cop-cumulative-165-log-scop-cumext-boundprop-20260526-2ccb88e9-q10672-19875383-133.err,out_of_memory,OUT_OF_MEMORY,0:125,00:06:03,slurmstepd: error: Detected 1 oom-kill event(s) in StepId=19876427.batch. Some of your processes may have been killed by the cgroup out-of-memory handler.,logs/cop165-cumulative-20260527-2ccb88e9-q10672/slurm-logs/xcsp-parse-cop-cumulative-165-order-ge-cumexact-timerd-20260526-2ccb88e9-q10672-19875378-133.out,logs/cop165-cumulative-20260527-2ccb88e9-q10672/slurm-logs/xcsp-parse-cop-cumulative-165-order-ge-cumexact-timerd-20260526-2ccb88e9-q10672-19875378-133.err,unsat,COMPLETED,0:0,00:05:28,,logs/cop165-cumulative-20260527-2ccb88e9-q10672/slurm-logs/xcsp-parse-cop-cumulative-165-order-ge-cumexact-taskrd-20260526-2ccb88e9-q10672-19875379-133.out,logs/cop165-cumulative-20260527-2ccb88e9-q10672/slurm-logs/xcsp-parse-cop-cumulative-165-order-ge-cumexact-taskrd-20260526-2ccb88e9-q10672-19875379-133.err,out_of_memory,OUT_OF_MEMORY,0:125,00:06:34,slurmstepd: error: Detected 3 oom-kill event(s) in StepId=19882645.batch. Some of your processes may have been killed by the cgroup out-of-memory handler.,logs/cop165-cumulative-20260527-2ccb88e9-q10672/slurm-logs/xcsp-parse-cop-cumulative-165-order-ge-cumext-boundprop-20260526-2ccb88e9-q10672-19875380-133.out,logs/cop165-cumulative-20260527-2ccb88e9-q10672/slurm-logs/xcsp-parse-cop-cumulative-165-order-ge-cumext-boundprop-20260526-2ccb88e9-q10672-19875380-133.err
134,AircraftAssemblyLine-3-628-100-2_c24.xml.lzma,COP22to25/AircraftAssemblyLine-3-628-100-2_c24.xml.lzma,timeout_incumbent,COMPLETED,0:0,00:30:04,incumbent_interrupted_by_signal,logs/cop165-cumulative-20260527-2ccb88e9-q10672/slurm-logs/xcsp-parse-cop-cumulative-165-log-scop-cumexact-timerd-20260526-2ccb88e9-q10672-19875381-134.out,logs/cop165-cumulative-20260527-2ccb88e9-q10672/slurm-logs/xcsp-parse-cop-cumulative-165-log-scop-cumexact-timerd-20260526-2ccb88e9-q10672-19875381-134.err,out_of_memory,OUT_OF_MEMORY,0:125,00:08:01,slurmstepd: error: Detected 1 oom-kill event(s) in StepId=19896459.batch. Some of your processes may have been killed by the cgroup out-of-memory handler.,logs/cop165-cumulative-20260527-2ccb88e9-q10672/slurm-logs/xcsp-parse-cop-cumulative-165-log-scop-cumexact-taskrd-20260526-2ccb88e9-q10672-19875382-134.out,logs/cop165-cumulative-20260527-2ccb88e9-q10672/slurm-logs/xcsp-parse-cop-cumulative-165-log-scop-cumexact-taskrd-20260526-2ccb88e9-q10672-19875382-134.err,timeout_incumbent,COMPLETED,0:0,00:30:04,incumbent_interrupted_by_signal,logs/cop165-cumulative-20260527-2ccb88e9-q10672/slurm-logs/xcsp-parse-cop-cumulative-165-log-scop-cumext-boundprop-20260526-2ccb88e9-q10672-19875383-134.out,logs/cop165-cumulative-20260527-2ccb88e9-q10672/slurm-logs/xcsp-parse-cop-cumulative-165-log-scop-cumext-boundprop-20260526-2ccb88e9-q10672-19875383-134.err,timeout_unknown,COMPLETED,0:0,00:30:05,terminated_by_signal,logs/cop165-cumulative-20260527-2ccb88e9-q10672/slurm-logs/xcsp-parse-cop-cumulative-165-order-ge-cumexact-timerd-20260526-2ccb88e9-q10672-19875378-134.out,logs/cop165-cumulative-20260527-2ccb88e9-q10672/slurm-logs/xcsp-parse-cop-cumulative-165-order-ge-cumexact-timerd-20260526-2ccb88e9-q10672-19875378-134.err,out_of_memory,OUT_OF_MEMORY,0:125,00:11:12,slurmstepd: error: Detected 1 oom-kill event(s) in StepId=19879016.batch. Some of your processes may have been killed by the cgroup out-of-memory handler.,logs/cop165-cumulative-20260527-2ccb88e9-q10672/slurm-logs/xcsp-parse-cop-cumulative-165-order-ge-cumexact-taskrd-20260526-2ccb88e9-q10672-19875379-134.out,logs/cop165-cumulative-20260527-2ccb88e9-q10672/slurm-logs/xcsp-parse-cop-cumulative-165-order-ge-cumexact-taskrd-20260526-2ccb88e9-q10672-19875379-134.err,timeout_unknown,COMPLETED,0:0,00:30:05,terminated_by_signal,logs/cop165-cumulative-20260527-2ccb88e9-q10672/slurm-logs/xcsp-parse-cop-cumulative-165-order-ge-cumext-boundprop-20260526-2ccb88e9-q10672-19875380-134.out,logs/cop165-cumulative-20260527-2ccb88e9-q10672/slurm-logs/xcsp-parse-cop-cumulative-165-order-ge-cumext-boundprop-20260526-2ccb88e9-q10672-19875380-134.err
135,AircraftAssemblyLine-3-628-100-0_c24.xml.lzma,COP22to25/AircraftAssemblyLine-3-628-100-0_c24.xml.lzma,timeout_incumbent,COMPLETED,0:0,00:30:04,incumbent_interrupted_by_signal,logs/cop165-cumulative-20260527-2ccb88e9-q10672/slurm-logs/xcsp-parse-cop-cumulative-165-log-scop-cumexact-timerd-20260526-2ccb88e9-q10672-19875381-135.out,logs/cop165-cumulative-20260527-2ccb88e9-q10672/slurm-logs/xcsp-parse-cop-cumulative-165-log-scop-cumexact-timerd-20260526-2ccb88e9-q10672-19875381-135.err,out_of_memory,OUT_OF_MEMORY,0:125,00:09:39,slurmstepd: error: Detected 1 oom-kill event(s) in StepId=19896706.batch. Some of your processes may have been killed by the cgroup out-of-memory handler.,logs/cop165-cumulative-20260527-2ccb88e9-q10672/slurm-logs/xcsp-parse-cop-cumulative-165-log-scop-cumexact-taskrd-20260526-2ccb88e9-q10672-19875382-135.out,logs/cop165-cumulative-20260527-2ccb88e9-q10672/slurm-logs/xcsp-parse-cop-cumulative-165-log-scop-cumexact-taskrd-20260526-2ccb88e9-q10672-19875382-135.err,timeout_incumbent,COMPLETED,0:0,00:30:03,incumbent_interrupted_by_signal,logs/cop165-cumulative-20260527-2ccb88e9-q10672/slurm-logs/xcsp-parse-cop-cumulative-165-log-scop-cumext-boundprop-20260526-2ccb88e9-q10672-19875383-135.out,logs/cop165-cumulative-20260527-2ccb88e9-q10672/slurm-logs/xcsp-parse-cop-cumulative-165-log-scop-cumext-boundprop-20260526-2ccb88e9-q10672-19875383-135.err,sat_no_proof,COMPLETED,0:0,00:17:12,best incumbent shown; objective improvement search stopped before optimality proof: eager incremental objective cut could not be encoded,logs/cop165-cumulative-20260527-2ccb88e9-q10672/slurm-logs/xcsp-parse-cop-cumulative-165-order-ge-cumexact-timerd-20260526-2ccb88e9-q10672-19875378-135.out,logs/cop165-cumulative-20260527-2ccb88e9-q10672/slurm-logs/xcsp-parse-cop-cumulative-165-order-ge-cumexact-timerd-20260526-2ccb88e9-q10672-19875378-135.err,out_of_memory,OUT_OF_MEMORY,0:125,00:11:11,slurmstepd: error: Detected 1 oom-kill event(s) in StepId=19879029.batch. Some of your processes may have been killed by the cgroup out-of-memory handler.,logs/cop165-cumulative-20260527-2ccb88e9-q10672/slurm-logs/xcsp-parse-cop-cumulative-165-order-ge-cumexact-taskrd-20260526-2ccb88e9-q10672-19875379-135.out,logs/cop165-cumulative-20260527-2ccb88e9-q10672/slurm-logs/xcsp-parse-cop-cumulative-165-order-ge-cumexact-taskrd-20260526-2ccb88e9-q10672-19875379-135.err,timeout_unknown,COMPLETED,0:0,00:30:05,terminated_by_signal,logs/cop165-cumulative-20260527-2ccb88e9-q10672/slurm-logs/xcsp-parse-cop-cumulative-165-order-ge-cumext-boundprop-20260526-2ccb88e9-q10672-19875380-135.out,logs/cop165-cumulative-20260527-2ccb88e9-q10672/slurm-logs/xcsp-parse-cop-cumulative-165-order-ge-cumext-boundprop-20260526-2ccb88e9-q10672-19875380-135.err
136,IHTC-i10_c25.xml.lzma,COP22to25/IHTC-i10_c25.xml.lzma,internal_error,COMPLETED,0:0,00:01:58,log-scop incremental cut is missing base integer code for id=1174,logs/cop165-cumulative-20260527-2ccb88e9-q10672/slurm-logs/xcsp-parse-cop-cumulative-165-log-scop-cumexact-timerd-20260526-2ccb88e9-q10672-19875381-136.out,logs/cop165-cumulative-20260527-2ccb88e9-q10672/slurm-logs/xcsp-parse-cop-cumulative-165-log-scop-cumexact-timerd-20260526-2ccb88e9-q10672-19875381-136.err,unsat,COMPLETED,0:0,00:04:36,,logs/cop165-cumulative-20260527-2ccb88e9-q10672/slurm-logs/xcsp-parse-cop-cumulative-165-log-scop-cumexact-taskrd-20260526-2ccb88e9-q10672-19875382-136.out,logs/cop165-cumulative-20260527-2ccb88e9-q10672/slurm-logs/xcsp-parse-cop-cumulative-165-log-scop-cumexact-taskrd-20260526-2ccb88e9-q10672-19875382-136.err,internal_error,COMPLETED,0:0,00:01:10,log-scop incremental cut is missing base integer code for id=1174,logs/cop165-cumulative-20260527-2ccb88e9-q10672/slurm-logs/xcsp-parse-cop-cumulative-165-log-scop-cumext-boundprop-20260526-2ccb88e9-q10672-19875383-136.out,logs/cop165-cumulative-20260527-2ccb88e9-q10672/slurm-logs/xcsp-parse-cop-cumulative-165-log-scop-cumext-boundprop-20260526-2ccb88e9-q10672-19875383-136.err,out_of_memory,OUT_OF_MEMORY,0:125,00:06:10,slurmstepd: error: Detected 2 oom-kill event(s) in StepId=19876555.batch. Some of your processes may have been killed by the cgroup out-of-memory handler.,logs/cop165-cumulative-20260527-2ccb88e9-q10672/slurm-logs/xcsp-parse-cop-cumulative-165-order-ge-cumexact-timerd-20260526-2ccb88e9-q10672-19875378-136.out,logs/cop165-cumulative-20260527-2ccb88e9-q10672/slurm-logs/xcsp-parse-cop-cumulative-165-order-ge-cumexact-timerd-20260526-2ccb88e9-q10672-19875378-136.err,unsat,COMPLETED,0:0,00:09:14,,logs/cop165-cumulative-20260527-2ccb88e9-q10672/slurm-logs/xcsp-parse-cop-cumulative-165-order-ge-cumexact-taskrd-20260526-2ccb88e9-q10672-19875379-136.out,logs/cop165-cumulative-20260527-2ccb88e9-q10672/slurm-logs/xcsp-parse-cop-cumulative-165-order-ge-cumexact-taskrd-20260526-2ccb88e9-q10672-19875379-136.err,out_of_memory,OUT_OF_MEMORY,0:125,00:06:27,slurmstepd: error: Detected 6 oom-kill event(s) in StepId=19882668.batch. Some of your processes may have been killed by the cgroup out-of-memory handler.,logs/cop165-cumulative-20260527-2ccb88e9-q10672/slurm-logs/xcsp-parse-cop-cumulative-165-order-ge-cumext-boundprop-20260526-2ccb88e9-q10672-19875380-136.out,logs/cop165-cumulative-20260527-2ccb88e9-q10672/slurm-logs/xcsp-parse-cop-cumulative-165-order-ge-cumext-boundprop-20260526-2ccb88e9-q10672-19875380-136.err
137,AircraftAssemblyLine-3-628-100-1_c24.xml.lzma,COP22to25/AircraftAssemblyLine-3-628-100-1_c24.xml.lzma,timeout_incumbent,COMPLETED,0:0,00:30:04,incumbent_interrupted_by_signal,logs/cop165-cumulative-20260527-2ccb88e9-q10672/slurm-logs/xcsp-parse-cop-cumulative-165-log-scop-cumexact-timerd-20260526-2ccb88e9-q10672-19875381-137.out,logs/cop165-cumulative-20260527-2ccb88e9-q10672/slurm-logs/xcsp-parse-cop-cumulative-165-log-scop-cumexact-timerd-20260526-2ccb88e9-q10672-19875381-137.err,out_of_memory,OUT_OF_MEMORY,0:125,00:08:41,slurmstepd: error: Detected 27 oom-kill event(s) in StepId=19896980.batch. Some of your processes may have been killed by the cgroup out-of-memory handler.,logs/cop165-cumulative-20260527-2ccb88e9-q10672/slurm-logs/xcsp-parse-cop-cumulative-165-log-scop-cumexact-taskrd-20260526-2ccb88e9-q10672-19875382-137.out,logs/cop165-cumulative-20260527-2ccb88e9-q10672/slurm-logs/xcsp-parse-cop-cumulative-165-log-scop-cumexact-taskrd-20260526-2ccb88e9-q10672-19875382-137.err,timeout_incumbent,COMPLETED,0:0,00:30:04,incumbent_interrupted_by_signal,logs/cop165-cumulative-20260527-2ccb88e9-q10672/slurm-logs/xcsp-parse-cop-cumulative-165-log-scop-cumext-boundprop-20260526-2ccb88e9-q10672-19875383-137.out,logs/cop165-cumulative-20260527-2ccb88e9-q10672/slurm-logs/xcsp-parse-cop-cumulative-165-log-scop-cumext-boundprop-20260526-2ccb88e9-q10672-19875383-137.err,sat_no_proof,COMPLETED,0:0,00:29:26,best incumbent shown; objective improvement search stopped before optimality proof: eager incremental objective cut could not be encoded,logs/cop165-cumulative-20260527-2ccb88e9-q10672/slurm-logs/xcsp-parse-cop-cumulative-165-order-ge-cumexact-timerd-20260526-2ccb88e9-q10672-19875378-137.out,logs/cop165-cumulative-20260527-2ccb88e9-q10672/slurm-logs/xcsp-parse-cop-cumulative-165-order-ge-cumexact-timerd-20260526-2ccb88e9-q10672-19875378-137.err,out_of_memory,OUT_OF_MEMORY,0:125,00:11:41,slurmstepd: error: Detected 1 oom-kill event(s) in StepId=19879077.batch. Some of your processes may have been killed by the cgroup out-of-memory handler.,logs/cop165-cumulative-20260527-2ccb88e9-q10672/slurm-logs/xcsp-parse-cop-cumulative-165-order-ge-cumexact-taskrd-20260526-2ccb88e9-q10672-19875379-137.out,logs/cop165-cumulative-20260527-2ccb88e9-q10672/slurm-logs/xcsp-parse-cop-cumulative-165-order-ge-cumexact-taskrd-20260526-2ccb88e9-q10672-19875379-137.err,timeout_unknown,COMPLETED,0:0,00:30:03,terminated_by_signal,logs/cop165-cumulative-20260527-2ccb88e9-q10672/slurm-logs/xcsp-parse-cop-cumulative-165-order-ge-cumext-boundprop-20260526-2ccb88e9-q10672-19875380-137.out,logs/cop165-cumulative-20260527-2ccb88e9-q10672/slurm-logs/xcsp-parse-cop-cumulative-165-order-ge-cumext-boundprop-20260526-2ccb88e9-q10672-19875380-137.err
138,AircraftAssemblyLine-3-628-070-2_c24.xml.lzma,COP22to25/AircraftAssemblyLine-3-628-070-2_c24.xml.lzma,timeout_incumbent,COMPLETED,0:0,00:30:04,incumbent_interrupted_by_signal,logs/cop165-cumulative-20260527-2ccb88e9-q10672/slurm-logs/xcsp-parse-cop-cumulative-165-log-scop-cumexact-timerd-20260526-2ccb88e9-q10672-19875381-138.out,logs/cop165-cumulative-20260527-2ccb88e9-q10672/slurm-logs/xcsp-parse-cop-cumulative-165-log-scop-cumexact-timerd-20260526-2ccb88e9-q10672-19875381-138.err,out_of_memory,OUT_OF_MEMORY,0:125,00:08:30,slurmstepd: error: Detected 10 oom-kill event(s) in StepId=19897417.batch. Some of your processes may have been killed by the cgroup out-of-memory handler.,logs/cop165-cumulative-20260527-2ccb88e9-q10672/slurm-logs/xcsp-parse-cop-cumulative-165-log-scop-cumexact-taskrd-20260526-2ccb88e9-q10672-19875382-138.out,logs/cop165-cumulative-20260527-2ccb88e9-q10672/slurm-logs/xcsp-parse-cop-cumulative-165-log-scop-cumexact-taskrd-20260526-2ccb88e9-q10672-19875382-138.err,timeout_incumbent,COMPLETED,0:0,00:30:04,incumbent_interrupted_by_signal,logs/cop165-cumulative-20260527-2ccb88e9-q10672/slurm-logs/xcsp-parse-cop-cumulative-165-log-scop-cumext-boundprop-20260526-2ccb88e9-q10672-19875383-138.out,logs/cop165-cumulative-20260527-2ccb88e9-q10672/slurm-logs/xcsp-parse-cop-cumulative-165-log-scop-cumext-boundprop-20260526-2ccb88e9-q10672-19875383-138.err,timeout_unknown,COMPLETED,0:0,00:30:03,terminated_by_signal,logs/cop165-cumulative-20260527-2ccb88e9-q10672/slurm-logs/xcsp-parse-cop-cumulative-165-order-ge-cumexact-timerd-20260526-2ccb88e9-q10672-19875378-138.out,logs/cop165-cumulative-20260527-2ccb88e9-q10672/slurm-logs/xcsp-parse-cop-cumulative-165-order-ge-cumexact-timerd-20260526-2ccb88e9-q10672-19875378-138.err,out_of_memory,OUT_OF_MEMORY,0:125,00:11:32,slurmstepd: error: Detected 4 oom-kill event(s) in StepId=19879086.batch. Some of your processes may have been killed by the cgroup out-of-memory handler.,logs/cop165-cumulative-20260527-2ccb88e9-q10672/slurm-logs/xcsp-parse-cop-cumulative-165-order-ge-cumexact-taskrd-20260526-2ccb88e9-q10672-19875379-138.out,logs/cop165-cumulative-20260527-2ccb88e9-q10672/slurm-logs/xcsp-parse-cop-cumulative-165-order-ge-cumexact-taskrd-20260526-2ccb88e9-q10672-19875379-138.err,timeout_unknown,COMPLETED,0:0,00:30:04,terminated_by_signal,logs/cop165-cumulative-20260527-2ccb88e9-q10672/slurm-logs/xcsp-parse-cop-cumulative-165-order-ge-cumext-boundprop-20260526-2ccb88e9-q10672-19875380-138.out,logs/cop165-cumulative-20260527-2ccb88e9-q10672/slurm-logs/xcsp-parse-cop-cumulative-165-order-ge-cumext-boundprop-20260526-2ccb88e9-q10672-19875380-138.err
139,AircraftAssemblyLine-3-628-070-1_c24.xml.lzma,COP22to25/AircraftAssemblyLine-3-628-070-1_c24.xml.lzma,timeout_incumbent,COMPLETED,0:0,00:30:03,incumbent_interrupted_by_signal,logs/cop165-cumulative-20260527-2ccb88e9-q10672/slurm-logs/xcsp-parse-cop-cumulative-165-log-scop-cumexact-timerd-20260526-2ccb88e9-q10672-19875381-139.out,logs/cop165-cumulative-20260527-2ccb88e9-q10672/slurm-logs/xcsp-parse-cop-cumulative-165-log-scop-cumexact-timerd-20260526-2ccb88e9-q10672-19875381-139.err,out_of_memory,OUT_OF_MEMORY,0:125,00:10:26,slurmstepd: error: Detected 1 oom-kill event(s) in StepId=19897432.batch. Some of your processes may have been killed by the cgroup out-of-memory handler.,logs/cop165-cumulative-20260527-2ccb88e9-q10672/slurm-logs/xcsp-parse-cop-cumulative-165-log-scop-cumexact-taskrd-20260526-2ccb88e9-q10672-19875382-139.out,logs/cop165-cumulative-20260527-2ccb88e9-q10672/slurm-logs/xcsp-parse-cop-cumulative-165-log-scop-cumexact-taskrd-20260526-2ccb88e9-q10672-19875382-139.err,timeout_incumbent,COMPLETED,0:0,00:30:05,incumbent_interrupted_by_signal,logs/cop165-cumulative-20260527-2ccb88e9-q10672/slurm-logs/xcsp-parse-cop-cumulative-165-log-scop-cumext-boundprop-20260526-2ccb88e9-q10672-19875383-139.out,logs/cop165-cumulative-20260527-2ccb88e9-q10672/slurm-logs/xcsp-parse-cop-cumulative-165-log-scop-cumext-boundprop-20260526-2ccb88e9-q10672-19875383-139.err,timeout_unknown,COMPLETED,0:0,00:30:05,terminated_by_signal,logs/cop165-cumulative-20260527-2ccb88e9-q10672/slurm-logs/xcsp-parse-cop-cumulative-165-order-ge-cumexact-timerd-20260526-2ccb88e9-q10672-19875378-139.out,logs/cop165-cumulative-20260527-2ccb88e9-q10672/slurm-logs/xcsp-parse-cop-cumulative-165-order-ge-cumexact-timerd-20260526-2ccb88e9-q10672-19875378-139.err,out_of_memory,OUT_OF_MEMORY,0:125,00:11:45,slurmstepd: error: Detected 2 oom-kill event(s) in StepId=19879131.batch. Some of your processes may have been killed by the cgroup out-of-memory handler.,logs/cop165-cumulative-20260527-2ccb88e9-q10672/slurm-logs/xcsp-parse-cop-cumulative-165-order-ge-cumexact-taskrd-20260526-2ccb88e9-q10672-19875379-139.out,logs/cop165-cumulative-20260527-2ccb88e9-q10672/slurm-logs/xcsp-parse-cop-cumulative-165-order-ge-cumexact-taskrd-20260526-2ccb88e9-q10672-19875379-139.err,timeout_unknown,COMPLETED,0:0,00:30:04,terminated_by_signal,logs/cop165-cumulative-20260527-2ccb88e9-q10672/slurm-logs/xcsp-parse-cop-cumulative-165-order-ge-cumext-boundprop-20260526-2ccb88e9-q10672-19875380-139.out,logs/cop165-cumulative-20260527-2ccb88e9-q10672/slurm-logs/xcsp-parse-cop-cumulative-165-order-ge-cumext-boundprop-20260526-2ccb88e9-q10672-19875380-139.err
140,AircraftAssemblyLine-3-628-070-0_c24.xml.lzma,COP22to25/AircraftAssemblyLine-3-628-070-0_c24.xml.lzma,timeout_incumbent,COMPLETED,0:0,00:30:06,incumbent_interrupted_by_signal,logs/cop165-cumulative-20260527-2ccb88e9-q10672/slurm-logs/xcsp-parse-cop-cumulative-165-log-scop-cumexact-timerd-20260526-2ccb88e9-q10672-19875381-140.out,logs/cop165-cumulative-20260527-2ccb88e9-q10672/slurm-logs/xcsp-parse-cop-cumulative-165-log-scop-cumexact-timerd-20260526-2ccb88e9-q10672-19875381-140.err,out_of_memory,OUT_OF_MEMORY,0:125,00:08:10,slurmstepd: error: Detected 2 oom-kill event(s) in StepId=19897497.batch. Some of your processes may have been killed by the cgroup out-of-memory handler.,logs/cop165-cumulative-20260527-2ccb88e9-q10672/slurm-logs/xcsp-parse-cop-cumulative-165-log-scop-cumexact-taskrd-20260526-2ccb88e9-q10672-19875382-140.out,logs/cop165-cumulative-20260527-2ccb88e9-q10672/slurm-logs/xcsp-parse-cop-cumulative-165-log-scop-cumexact-taskrd-20260526-2ccb88e9-q10672-19875382-140.err,timeout_incumbent,COMPLETED,0:0,00:30:11,incumbent_interrupted_by_signal,logs/cop165-cumulative-20260527-2ccb88e9-q10672/slurm-logs/xcsp-parse-cop-cumulative-165-log-scop-cumext-boundprop-20260526-2ccb88e9-q10672-19875383-140.out,logs/cop165-cumulative-20260527-2ccb88e9-q10672/slurm-logs/xcsp-parse-cop-cumulative-165-log-scop-cumext-boundprop-20260526-2ccb88e9-q10672-19875383-140.err,timeout_unknown,COMPLETED,0:0,00:30:05,terminated_by_signal,logs/cop165-cumulative-20260527-2ccb88e9-q10672/slurm-logs/xcsp-parse-cop-cumulative-165-order-ge-cumexact-timerd-20260526-2ccb88e9-q10672-19875378-140.out,logs/cop165-cumulative-20260527-2ccb88e9-q10672/slurm-logs/xcsp-parse-cop-cumulative-165-order-ge-cumexact-timerd-20260526-2ccb88e9-q10672-19875378-140.err,out_of_memory,OUT_OF_MEMORY,0:125,00:11:22,slurmstepd: error: Detected 1 oom-kill event(s) in StepId=19879174.batch. Some of your processes may have been killed by the cgroup out-of-memory handler.,logs/cop165-cumulative-20260527-2ccb88e9-q10672/slurm-logs/xcsp-parse-cop-cumulative-165-order-ge-cumexact-taskrd-20260526-2ccb88e9-q10672-19875379-140.out,logs/cop165-cumulative-20260527-2ccb88e9-q10672/slurm-logs/xcsp-parse-cop-cumulative-165-order-ge-cumexact-taskrd-20260526-2ccb88e9-q10672-19875379-140.err,timeout_unknown,COMPLETED,0:0,00:30:05,terminated_by_signal,logs/cop165-cumulative-20260527-2ccb88e9-q10672/slurm-logs/xcsp-parse-cop-cumulative-165-order-ge-cumext-boundprop-20260526-2ccb88e9-q10672-19875380-140.out,logs/cop165-cumulative-20260527-2ccb88e9-q10672/slurm-logs/xcsp-parse-cop-cumulative-165-order-ge-cumext-boundprop-20260526-2ccb88e9-q10672-19875380-140.err
141,AircraftAssemblyLine-3-628-050-2_c24.xml.lzma,COP22to25/AircraftAssemblyLine-3-628-050-2_c24.xml.lzma,timeout_incumbent,COMPLETED,0:0,00:30:05,incumbent_interrupted_by_signal,logs/cop165-cumulative-20260527-2ccb88e9-q10672/slurm-logs/xcsp-parse-cop-cumulative-165-log-scop-cumexact-timerd-20260526-2ccb88e9-q10672-19875381-141.out,logs/cop165-cumulative-20260527-2ccb88e9-q10672/slurm-logs/xcsp-parse-cop-cumulative-165-log-scop-cumexact-timerd-20260526-2ccb88e9-q10672-19875381-141.err,out_of_memory,OUT_OF_MEMORY,0:125,00:08:08,slurmstepd: error: Detected 1 oom-kill event(s) in StepId=19897813.batch. Some of your processes may have been killed by the cgroup out-of-memory handler.,logs/cop165-cumulative-20260527-2ccb88e9-q10672/slurm-logs/xcsp-parse-cop-cumulative-165-log-scop-cumexact-taskrd-20260526-2ccb88e9-q10672-19875382-141.out,logs/cop165-cumulative-20260527-2ccb88e9-q10672/slurm-logs/xcsp-parse-cop-cumulative-165-log-scop-cumexact-taskrd-20260526-2ccb88e9-q10672-19875382-141.err,timeout_incumbent,COMPLETED,0:0,00:30:03,incumbent_interrupted_by_signal,logs/cop165-cumulative-20260527-2ccb88e9-q10672/slurm-logs/xcsp-parse-cop-cumulative-165-log-scop-cumext-boundprop-20260526-2ccb88e9-q10672-19875383-141.out,logs/cop165-cumulative-20260527-2ccb88e9-q10672/slurm-logs/xcsp-parse-cop-cumulative-165-log-scop-cumext-boundprop-20260526-2ccb88e9-q10672-19875383-141.err,timeout_unknown,COMPLETED,0:0,00:30:03,terminated_by_signal,logs/cop165-cumulative-20260527-2ccb88e9-q10672/slurm-logs/xcsp-parse-cop-cumulative-165-order-ge-cumexact-timerd-20260526-2ccb88e9-q10672-19875378-141.out,logs/cop165-cumulative-20260527-2ccb88e9-q10672/slurm-logs/xcsp-parse-cop-cumulative-165-order-ge-cumexact-timerd-20260526-2ccb88e9-q10672-19875378-141.err,out_of_memory,OUT_OF_MEMORY,0:125,00:12:23,slurmstepd: error: Detected 1 oom-kill event(s) in StepId=19879175.batch. Some of your processes may have been killed by the cgroup out-of-memory handler.,logs/cop165-cumulative-20260527-2ccb88e9-q10672/slurm-logs/xcsp-parse-cop-cumulative-165-order-ge-cumexact-taskrd-20260526-2ccb88e9-q10672-19875379-141.out,logs/cop165-cumulative-20260527-2ccb88e9-q10672/slurm-logs/xcsp-parse-cop-cumulative-165-order-ge-cumexact-taskrd-20260526-2ccb88e9-q10672-19875379-141.err,timeout_unknown,COMPLETED,0:0,00:30:04,terminated_by_signal,logs/cop165-cumulative-20260527-2ccb88e9-q10672/slurm-logs/xcsp-parse-cop-cumulative-165-order-ge-cumext-boundprop-20260526-2ccb88e9-q10672-19875380-141.out,logs/cop165-cumulative-20260527-2ccb88e9-q10672/slurm-logs/xcsp-parse-cop-cumulative-165-order-ge-cumext-boundprop-20260526-2ccb88e9-q10672-19875380-141.err
142,AircraftAssemblyLine-3-628-050-1_c24.xml.lzma,COP22to25/AircraftAssemblyLine-3-628-050-1_c24.xml.lzma,timeout_incumbent,COMPLETED,0:0,00:30:03,incumbent_interrupted_by_signal,logs/cop165-cumulative-20260527-2ccb88e9-q10672/slurm-logs/xcsp-parse-cop-cumulative-165-log-scop-cumexact-timerd-20260526-2ccb88e9-q10672-19875381-142.out,logs/cop165-cumulative-20260527-2ccb88e9-q10672/slurm-logs/xcsp-parse-cop-cumulative-165-log-scop-cumexact-timerd-20260526-2ccb88e9-q10672-19875381-142.err,out_of_memory,OUT_OF_MEMORY,0:125,00:08:52,slurmstepd: error: Detected 3 oom-kill event(s) in StepId=19897814.batch. Some of your processes may have been killed by the cgroup out-of-memory handler.,logs/cop165-cumulative-20260527-2ccb88e9-q10672/slurm-logs/xcsp-parse-cop-cumulative-165-log-scop-cumexact-taskrd-20260526-2ccb88e9-q10672-19875382-142.out,logs/cop165-cumulative-20260527-2ccb88e9-q10672/slurm-logs/xcsp-parse-cop-cumulative-165-log-scop-cumexact-taskrd-20260526-2ccb88e9-q10672-19875382-142.err,timeout_incumbent,COMPLETED,0:0,00:30:05,incumbent_interrupted_by_signal,logs/cop165-cumulative-20260527-2ccb88e9-q10672/slurm-logs/xcsp-parse-cop-cumulative-165-log-scop-cumext-boundprop-20260526-2ccb88e9-q10672-19875383-142.out,logs/cop165-cumulative-20260527-2ccb88e9-q10672/slurm-logs/xcsp-parse-cop-cumulative-165-log-scop-cumext-boundprop-20260526-2ccb88e9-q10672-19875383-142.err,timeout_unknown,COMPLETED,0:0,00:30:04,terminated_by_signal,logs/cop165-cumulative-20260527-2ccb88e9-q10672/slurm-logs/xcsp-parse-cop-cumulative-165-order-ge-cumexact-timerd-20260526-2ccb88e9-q10672-19875378-142.out,logs/cop165-cumulative-20260527-2ccb88e9-q10672/slurm-logs/xcsp-parse-cop-cumulative-165-order-ge-cumexact-timerd-20260526-2ccb88e9-q10672-19875378-142.err,out_of_memory,OUT_OF_MEMORY,0:125,00:12:23,slurmstepd: error: Detected 1 oom-kill event(s) in StepId=19879187.batch. Some of your processes may have been killed by the cgroup out-of-memory handler.,logs/cop165-cumulative-20260527-2ccb88e9-q10672/slurm-logs/xcsp-parse-cop-cumulative-165-order-ge-cumexact-taskrd-20260526-2ccb88e9-q10672-19875379-142.out,logs/cop165-cumulative-20260527-2ccb88e9-q10672/slurm-logs/xcsp-parse-cop-cumulative-165-order-ge-cumexact-taskrd-20260526-2ccb88e9-q10672-19875379-142.err,timeout_unknown,COMPLETED,0:0,00:30:05,terminated_by_signal,logs/cop165-cumulative-20260527-2ccb88e9-q10672/slurm-logs/xcsp-parse-cop-cumulative-165-order-ge-cumext-boundprop-20260526-2ccb88e9-q10672-19875380-142.out,logs/cop165-cumulative-20260527-2ccb88e9-q10672/slurm-logs/xcsp-parse-cop-cumulative-165-order-ge-cumext-boundprop-20260526-2ccb88e9-q10672-19875380-142.err
143,AircraftAssemblyLine-3-628-050-0_c24.xml.lzma,COP22to25/AircraftAssemblyLine-3-628-050-0_c24.xml.lzma,timeout_incumbent,COMPLETED,0:0,00:30:05,incumbent_interrupted_by_signal,logs/cop165-cumulative-20260527-2ccb88e9-q10672/slurm-logs/xcsp-parse-cop-cumulative-165-log-scop-cumexact-timerd-20260526-2ccb88e9-q10672-19875381-143.out,logs/cop165-cumulative-20260527-2ccb88e9-q10672/slurm-logs/xcsp-parse-cop-cumulative-165-log-scop-cumexact-timerd-20260526-2ccb88e9-q10672-19875381-143.err,out_of_memory,OUT_OF_MEMORY,0:125,00:08:55,slurmstepd: error: Detected 1 oom-kill event(s) in StepId=19897965.batch. Some of your processes may have been killed by the cgroup out-of-memory handler.,logs/cop165-cumulative-20260527-2ccb88e9-q10672/slurm-logs/xcsp-parse-cop-cumulative-165-log-scop-cumexact-taskrd-20260526-2ccb88e9-q10672-19875382-143.out,logs/cop165-cumulative-20260527-2ccb88e9-q10672/slurm-logs/xcsp-parse-cop-cumulative-165-log-scop-cumexact-taskrd-20260526-2ccb88e9-q10672-19875382-143.err,timeout_incumbent,COMPLETED,0:0,00:30:03,incumbent_interrupted_by_signal,logs/cop165-cumulative-20260527-2ccb88e9-q10672/slurm-logs/xcsp-parse-cop-cumulative-165-log-scop-cumext-boundprop-20260526-2ccb88e9-q10672-19875383-143.out,logs/cop165-cumulative-20260527-2ccb88e9-q10672/slurm-logs/xcsp-parse-cop-cumulative-165-log-scop-cumext-boundprop-20260526-2ccb88e9-q10672-19875383-143.err,timeout_unknown,COMPLETED,0:0,00:30:04,terminated_by_signal,logs/cop165-cumulative-20260527-2ccb88e9-q10672/slurm-logs/xcsp-parse-cop-cumulative-165-order-ge-cumexact-timerd-20260526-2ccb88e9-q10672-19875378-143.out,logs/cop165-cumulative-20260527-2ccb88e9-q10672/slurm-logs/xcsp-parse-cop-cumulative-165-order-ge-cumexact-timerd-20260526-2ccb88e9-q10672-19875378-143.err,out_of_memory,OUT_OF_MEMORY,0:125,00:11:04,slurmstepd: error: Detected 1 oom-kill event(s) in StepId=19879194.batch. Some of your processes may have been killed by the cgroup out-of-memory handler.,logs/cop165-cumulative-20260527-2ccb88e9-q10672/slurm-logs/xcsp-parse-cop-cumulative-165-order-ge-cumexact-taskrd-20260526-2ccb88e9-q10672-19875379-143.out,logs/cop165-cumulative-20260527-2ccb88e9-q10672/slurm-logs/xcsp-parse-cop-cumulative-165-order-ge-cumexact-taskrd-20260526-2ccb88e9-q10672-19875379-143.err,timeout_unknown,COMPLETED,0:0,00:30:06,terminated_by_signal,logs/cop165-cumulative-20260527-2ccb88e9-q10672/slurm-logs/xcsp-parse-cop-cumulative-165-order-ge-cumext-boundprop-20260526-2ccb88e9-q10672-19875380-143.out,logs/cop165-cumulative-20260527-2ccb88e9-q10672/slurm-logs/xcsp-parse-cop-cumulative-165-order-ge-cumext-boundprop-20260526-2ccb88e9-q10672-19875380-143.err
144,AircraftAssemblyLine-3-628-020-1_c24.xml.lzma,COP22to25/AircraftAssemblyLine-3-628-020-1_c24.xml.lzma,timeout_incumbent,COMPLETED,0:0,00:30:05,incumbent_interrupted_by_signal,logs/cop165-cumulative-20260527-2ccb88e9-q10672/slurm-logs/xcsp-parse-cop-cumulative-165-log-scop-cumexact-timerd-20260526-2ccb88e9-q10672-19875381-144.out,logs/cop165-cumulative-20260527-2ccb88e9-q10672/slurm-logs/xcsp-parse-cop-cumulative-165-log-scop-cumexact-timerd-20260526-2ccb88e9-q10672-19875381-144.err,out_of_memory,OUT_OF_MEMORY,0:125,00:09:40,slurmstepd: error: Detected 2 oom-kill event(s) in StepId=19898096.batch. Some of your processes may have been killed by the cgroup out-of-memory handler.,logs/cop165-cumulative-20260527-2ccb88e9-q10672/slurm-logs/xcsp-parse-cop-cumulative-165-log-scop-cumexact-taskrd-20260526-2ccb88e9-q10672-19875382-144.out,logs/cop165-cumulative-20260527-2ccb88e9-q10672/slurm-logs/xcsp-parse-cop-cumulative-165-log-scop-cumexact-taskrd-20260526-2ccb88e9-q10672-19875382-144.err,timeout_incumbent,COMPLETED,0:0,00:30:04,incumbent_interrupted_by_signal,logs/cop165-cumulative-20260527-2ccb88e9-q10672/slurm-logs/xcsp-parse-cop-cumulative-165-log-scop-cumext-boundprop-20260526-2ccb88e9-q10672-19875383-144.out,logs/cop165-cumulative-20260527-2ccb88e9-q10672/slurm-logs/xcsp-parse-cop-cumulative-165-log-scop-cumext-boundprop-20260526-2ccb88e9-q10672-19875383-144.err,timeout_unknown,COMPLETED,0:0,00:30:05,terminated_by_signal,logs/cop165-cumulative-20260527-2ccb88e9-q10672/slurm-logs/xcsp-parse-cop-cumulative-165-order-ge-cumexact-timerd-20260526-2ccb88e9-q10672-19875378-144.out,logs/cop165-cumulative-20260527-2ccb88e9-q10672/slurm-logs/xcsp-parse-cop-cumulative-165-order-ge-cumexact-timerd-20260526-2ccb88e9-q10672-19875378-144.err,out_of_memory,OUT_OF_MEMORY,0:125,00:12:39,slurmstepd: error: Detected 1 oom-kill event(s) in StepId=19879195.batch. Some of your processes may have been killed by the cgroup out-of-memory handler.,logs/cop165-cumulative-20260527-2ccb88e9-q10672/slurm-logs/xcsp-parse-cop-cumulative-165-order-ge-cumexact-taskrd-20260526-2ccb88e9-q10672-19875379-144.out,logs/cop165-cumulative-20260527-2ccb88e9-q10672/slurm-logs/xcsp-parse-cop-cumulative-165-order-ge-cumexact-taskrd-20260526-2ccb88e9-q10672-19875379-144.err,timeout_unknown,COMPLETED,0:0,00:30:03,terminated_by_signal,logs/cop165-cumulative-20260527-2ccb88e9-q10672/slurm-logs/xcsp-parse-cop-cumulative-165-order-ge-cumext-boundprop-20260526-2ccb88e9-q10672-19875380-144.out,logs/cop165-cumulative-20260527-2ccb88e9-q10672/slurm-logs/xcsp-parse-cop-cumulative-165-order-ge-cumext-boundprop-20260526-2ccb88e9-q10672-19875380-144.err
145,AircraftAssemblyLine-3-628-000-0_c24.xml.lzma,COP22to25/AircraftAssemblyLine-3-628-000-0_c24.xml.lzma,timeout_incumbent,COMPLETED,0:0,00:30:05,incumbent_interrupted_by_signal,logs/cop165-cumulative-20260527-2ccb88e9-q10672/slurm-logs/xcsp-parse-cop-cumulative-165-log-scop-cumexact-timerd-20260526-2ccb88e9-q10672-19875381-145.out,logs/cop165-cumulative-20260527-2ccb88e9-q10672/slurm-logs/xcsp-parse-cop-cumulative-165-log-scop-cumexact-timerd-20260526-2ccb88e9-q10672-19875381-145.err,out_of_memory,OUT_OF_MEMORY,0:125,00:09:23,slurmstepd: error: Detected 1 oom-kill event(s) in StepId=19898337.batch. Some of your processes may have been killed by the cgroup out-of-memory handler.,logs/cop165-cumulative-20260527-2ccb88e9-q10672/slurm-logs/xcsp-parse-cop-cumulative-165-log-scop-cumexact-taskrd-20260526-2ccb88e9-q10672-19875382-145.out,logs/cop165-cumulative-20260527-2ccb88e9-q10672/slurm-logs/xcsp-parse-cop-cumulative-165-log-scop-cumexact-taskrd-20260526-2ccb88e9-q10672-19875382-145.err,timeout_unknown,COMPLETED,0:0,00:30:04,terminated_by_signal,logs/cop165-cumulative-20260527-2ccb88e9-q10672/slurm-logs/xcsp-parse-cop-cumulative-165-log-scop-cumext-boundprop-20260526-2ccb88e9-q10672-19875383-145.out,logs/cop165-cumulative-20260527-2ccb88e9-q10672/slurm-logs/xcsp-parse-cop-cumulative-165-log-scop-cumext-boundprop-20260526-2ccb88e9-q10672-19875383-145.err,timeout_unknown,COMPLETED,0:0,00:30:05,terminated_by_signal,logs/cop165-cumulative-20260527-2ccb88e9-q10672/slurm-logs/xcsp-parse-cop-cumulative-165-order-ge-cumexact-timerd-20260526-2ccb88e9-q10672-19875378-145.out,logs/cop165-cumulative-20260527-2ccb88e9-q10672/slurm-logs/xcsp-parse-cop-cumulative-165-order-ge-cumexact-timerd-20260526-2ccb88e9-q10672-19875378-145.err,out_of_memory,OUT_OF_MEMORY,0:125,00:12:14,slurmstepd: error: Detected 1 oom-kill event(s) in StepId=19879197.batch. Some of your processes may have been killed by the cgroup out-of-memory handler.,logs/cop165-cumulative-20260527-2ccb88e9-q10672/slurm-logs/xcsp-parse-cop-cumulative-165-order-ge-cumexact-taskrd-20260526-2ccb88e9-q10672-19875379-145.out,logs/cop165-cumulative-20260527-2ccb88e9-q10672/slurm-logs/xcsp-parse-cop-cumulative-165-order-ge-cumexact-taskrd-20260526-2ccb88e9-q10672-19875379-145.err,timeout_unknown,COMPLETED,0:0,00:30:03,terminated_by_signal,logs/cop165-cumulative-20260527-2ccb88e9-q10672/slurm-logs/xcsp-parse-cop-cumulative-165-order-ge-cumext-boundprop-20260526-2ccb88e9-q10672-19875380-145.out,logs/cop165-cumulative-20260527-2ccb88e9-q10672/slurm-logs/xcsp-parse-cop-cumulative-165-order-ge-cumext-boundprop-20260526-2ccb88e9-q10672-19875380-145.err
146,AircraftAssemblyLine-3-628-020-0_c24.xml.lzma,COP22to25/AircraftAssemblyLine-3-628-020-0_c24.xml.lzma,timeout_incumbent,COMPLETED,0:0,00:30:04,incumbent_interrupted_by_signal,logs/cop165-cumulative-20260527-2ccb88e9-q10672/slurm-logs/xcsp-parse-cop-cumulative-165-log-scop-cumexact-timerd-20260526-2ccb88e9-q10672-19875381-146.out,logs/cop165-cumulative-20260527-2ccb88e9-q10672/slurm-logs/xcsp-parse-cop-cumulative-165-log-scop-cumexact-timerd-20260526-2ccb88e9-q10672-19875381-146.err,out_of_memory,OUT_OF_MEMORY,0:125,00:09:28,slurmstepd: error: Detected 1 oom-kill event(s) in StepId=19898361.batch. Some of your processes may have been killed by the cgroup out-of-memory handler.,logs/cop165-cumulative-20260527-2ccb88e9-q10672/slurm-logs/xcsp-parse-cop-cumulative-165-log-scop-cumexact-taskrd-20260526-2ccb88e9-q10672-19875382-146.out,logs/cop165-cumulative-20260527-2ccb88e9-q10672/slurm-logs/xcsp-parse-cop-cumulative-165-log-scop-cumexact-taskrd-20260526-2ccb88e9-q10672-19875382-146.err,timeout_incumbent,COMPLETED,0:0,00:30:07,incumbent_interrupted_by_signal,logs/cop165-cumulative-20260527-2ccb88e9-q10672/slurm-logs/xcsp-parse-cop-cumulative-165-log-scop-cumext-boundprop-20260526-2ccb88e9-q10672-19875383-146.out,logs/cop165-cumulative-20260527-2ccb88e9-q10672/slurm-logs/xcsp-parse-cop-cumulative-165-log-scop-cumext-boundprop-20260526-2ccb88e9-q10672-19875383-146.err,timeout_unknown,COMPLETED,0:0,00:30:04,terminated_by_signal,logs/cop165-cumulative-20260527-2ccb88e9-q10672/slurm-logs/xcsp-parse-cop-cumulative-165-order-ge-cumexact-timerd-20260526-2ccb88e9-q10672-19875378-146.out,logs/cop165-cumulative-20260527-2ccb88e9-q10672/slurm-logs/xcsp-parse-cop-cumulative-165-order-ge-cumexact-timerd-20260526-2ccb88e9-q10672-19875378-146.err,out_of_memory,OUT_OF_MEMORY,0:125,00:11:56,slurmstepd: error: Detected 1 oom-kill event(s) in StepId=19879226.batch. Some of your processes may have been killed by the cgroup out-of-memory handler.,logs/cop165-cumulative-20260527-2ccb88e9-q10672/slurm-logs/xcsp-parse-cop-cumulative-165-order-ge-cumexact-taskrd-20260526-2ccb88e9-q10672-19875379-146.out,logs/cop165-cumulative-20260527-2ccb88e9-q10672/slurm-logs/xcsp-parse-cop-cumulative-165-order-ge-cumexact-taskrd-20260526-2ccb88e9-q10672-19875379-146.err,timeout_unknown,COMPLETED,0:0,00:30:05,terminated_by_signal,logs/cop165-cumulative-20260527-2ccb88e9-q10672/slurm-logs/xcsp-parse-cop-cumulative-165-order-ge-cumext-boundprop-20260526-2ccb88e9-q10672-19875380-146.out,logs/cop165-cumulative-20260527-2ccb88e9-q10672/slurm-logs/xcsp-parse-cop-cumulative-165-order-ge-cumext-boundprop-20260526-2ccb88e9-q10672-19875380-146.err
147,AircraftAssemblyLine-3-628-020-2_c24.xml.lzma,COP22to25/AircraftAssemblyLine-3-628-020-2_c24.xml.lzma,timeout_incumbent,COMPLETED,0:0,00:30:04,incumbent_interrupted_by_signal,logs/cop165-cumulative-20260527-2ccb88e9-q10672/slurm-logs/xcsp-parse-cop-cumulative-165-log-scop-cumexact-timerd-20260526-2ccb88e9-q10672-19875381-147.out,logs/cop165-cumulative-20260527-2ccb88e9-q10672/slurm-logs/xcsp-parse-cop-cumulative-165-log-scop-cumexact-timerd-20260526-2ccb88e9-q10672-19875381-147.err,out_of_memory,OUT_OF_MEMORY,0:125,00:08:54,slurmstepd: error: Detected 1 oom-kill event(s) in StepId=19898363.batch. Some of your processes may have been killed by the cgroup out-of-memory handler.,logs/cop165-cumulative-20260527-2ccb88e9-q10672/slurm-logs/xcsp-parse-cop-cumulative-165-log-scop-cumexact-taskrd-20260526-2ccb88e9-q10672-19875382-147.out,logs/cop165-cumulative-20260527-2ccb88e9-q10672/slurm-logs/xcsp-parse-cop-cumulative-165-log-scop-cumexact-taskrd-20260526-2ccb88e9-q10672-19875382-147.err,timeout_incumbent,COMPLETED,0:0,00:30:09,incumbent_interrupted_by_signal,logs/cop165-cumulative-20260527-2ccb88e9-q10672/slurm-logs/xcsp-parse-cop-cumulative-165-log-scop-cumext-boundprop-20260526-2ccb88e9-q10672-19875383-147.out,logs/cop165-cumulative-20260527-2ccb88e9-q10672/slurm-logs/xcsp-parse-cop-cumulative-165-log-scop-cumext-boundprop-20260526-2ccb88e9-q10672-19875383-147.err,timeout_unknown,COMPLETED,0:0,00:30:04,terminated_by_signal,logs/cop165-cumulative-20260527-2ccb88e9-q10672/slurm-logs/xcsp-parse-cop-cumulative-165-order-ge-cumexact-timerd-20260526-2ccb88e9-q10672-19875378-147.out,logs/cop165-cumulative-20260527-2ccb88e9-q10672/slurm-logs/xcsp-parse-cop-cumulative-165-order-ge-cumexact-timerd-20260526-2ccb88e9-q10672-19875378-147.err,out_of_memory,OUT_OF_MEMORY,0:125,00:12:36,slurmstepd: error: Detected 1 oom-kill event(s) in StepId=19879234.batch. Some of your processes may have been killed by the cgroup out-of-memory handler.,logs/cop165-cumulative-20260527-2ccb88e9-q10672/slurm-logs/xcsp-parse-cop-cumulative-165-order-ge-cumexact-taskrd-20260526-2ccb88e9-q10672-19875379-147.out,logs/cop165-cumulative-20260527-2ccb88e9-q10672/slurm-logs/xcsp-parse-cop-cumulative-165-order-ge-cumexact-taskrd-20260526-2ccb88e9-q10672-19875379-147.err,timeout_unknown,COMPLETED,0:0,00:30:04,terminated_by_signal,logs/cop165-cumulative-20260527-2ccb88e9-q10672/slurm-logs/xcsp-parse-cop-cumulative-165-order-ge-cumext-boundprop-20260526-2ccb88e9-q10672-19875380-147.out,logs/cop165-cumulative-20260527-2ccb88e9-q10672/slurm-logs/xcsp-parse-cop-cumulative-165-order-ge-cumext-boundprop-20260526-2ccb88e9-q10672-19875380-147.err
148,LargeScaleScheduling-03200-0_c23.xml.lzma,COP22to25/LargeScaleScheduling-03200-0_c23.xml.lzma,timeout_incumbent,COMPLETED,0:0,00:30:04,incumbent_interrupted_by_signal,logs/cop165-cumulative-20260527-2ccb88e9-q10672/slurm-logs/xcsp-parse-cop-cumulative-165-log-scop-cumexact-timerd-20260526-2ccb88e9-q10672-19875381-148.out,logs/cop165-cumulative-20260527-2ccb88e9-q10672/slurm-logs/xcsp-parse-cop-cumulative-165-log-scop-cumexact-timerd-20260526-2ccb88e9-q10672-19875381-148.err,out_of_memory,OUT_OF_MEMORY,0:125,00:11:44,slurmstepd: error: Detected 1 oom-kill event(s) in StepId=19898366.batch. Some of your processes may have been killed by the cgroup out-of-memory handler.,logs/cop165-cumulative-20260527-2ccb88e9-q10672/slurm-logs/xcsp-parse-cop-cumulative-165-log-scop-cumexact-taskrd-20260526-2ccb88e9-q10672-19875382-148.out,logs/cop165-cumulative-20260527-2ccb88e9-q10672/slurm-logs/xcsp-parse-cop-cumulative-165-log-scop-cumexact-taskrd-20260526-2ccb88e9-q10672-19875382-148.err,timeout_unknown,COMPLETED,0:0,00:30:07,terminated_by_signal,logs/cop165-cumulative-20260527-2ccb88e9-q10672/slurm-logs/xcsp-parse-cop-cumulative-165-log-scop-cumext-boundprop-20260526-2ccb88e9-q10672-19875383-148.out,logs/cop165-cumulative-20260527-2ccb88e9-q10672/slurm-logs/xcsp-parse-cop-cumulative-165-log-scop-cumext-boundprop-20260526-2ccb88e9-q10672-19875383-148.err,encode_failed,COMPLETED,0:0,00:00:06,sat variable count overflow,logs/cop165-cumulative-20260527-2ccb88e9-q10672/slurm-logs/xcsp-parse-cop-cumulative-165-order-ge-cumexact-timerd-20260526-2ccb88e9-q10672-19875378-148.out,logs/cop165-cumulative-20260527-2ccb88e9-q10672/slurm-logs/xcsp-parse-cop-cumulative-165-order-ge-cumexact-timerd-20260526-2ccb88e9-q10672-19875378-148.err,encode_failed,COMPLETED,0:0,00:10:44,sat variable count overflow,logs/cop165-cumulative-20260527-2ccb88e9-q10672/slurm-logs/xcsp-parse-cop-cumulative-165-order-ge-cumexact-taskrd-20260526-2ccb88e9-q10672-19875379-148.out,logs/cop165-cumulative-20260527-2ccb88e9-q10672/slurm-logs/xcsp-parse-cop-cumulative-165-order-ge-cumexact-taskrd-20260526-2ccb88e9-q10672-19875379-148.err,encode_failed,COMPLETED,0:0,00:00:04,sat variable count overflow,logs/cop165-cumulative-20260527-2ccb88e9-q10672/slurm-logs/xcsp-parse-cop-cumulative-165-order-ge-cumext-boundprop-20260526-2ccb88e9-q10672-19875380-148.out,logs/cop165-cumulative-20260527-2ccb88e9-q10672/slurm-logs/xcsp-parse-cop-cumulative-165-order-ge-cumext-boundprop-20260526-2ccb88e9-q10672-19875380-148.err
149,IHTC-i16_c25.xml.lzma,COP22to25/IHTC-i16_c25.xml.lzma,internal_error,COMPLETED,0:0,00:03:56,log-scop incremental cut is missing base integer code for id=14890,logs/cop165-cumulative-20260527-2ccb88e9-q10672/slurm-logs/xcsp-parse-cop-cumulative-165-log-scop-cumexact-timerd-20260526-2ccb88e9-q10672-19875381-149.out,logs/cop165-cumulative-20260527-2ccb88e9-q10672/slurm-logs/xcsp-parse-cop-cumulative-165-log-scop-cumexact-timerd-20260526-2ccb88e9-q10672-19875381-149.err,unsat,COMPLETED,0:0,00:00:35,,logs/cop165-cumulative-20260527-2ccb88e9-q10672/slurm-logs/xcsp-parse-cop-cumulative-165-log-scop-cumexact-taskrd-20260526-2ccb88e9-q10672-19875382-149.out,logs/cop165-cumulative-20260527-2ccb88e9-q10672/slurm-logs/xcsp-parse-cop-cumulative-165-log-scop-cumexact-taskrd-20260526-2ccb88e9-q10672-19875382-149.err,internal_error,COMPLETED,0:0,00:14:40,log-scop incremental cut is missing base integer code for id=14890,logs/cop165-cumulative-20260527-2ccb88e9-q10672/slurm-logs/xcsp-parse-cop-cumulative-165-log-scop-cumext-boundprop-20260526-2ccb88e9-q10672-19875383-149.out,logs/cop165-cumulative-20260527-2ccb88e9-q10672/slurm-logs/xcsp-parse-cop-cumulative-165-log-scop-cumext-boundprop-20260526-2ccb88e9-q10672-19875383-149.err,out_of_memory,OUT_OF_MEMORY,0:125,00:06:07,slurmstepd: error: Detected 1 oom-kill event(s) in StepId=19876694.batch. Some of your processes may have been killed by the cgroup out-of-memory handler.,logs/cop165-cumulative-20260527-2ccb88e9-q10672/slurm-logs/xcsp-parse-cop-cumulative-165-order-ge-cumexact-timerd-20260526-2ccb88e9-q10672-19875378-149.out,logs/cop165-cumulative-20260527-2ccb88e9-q10672/slurm-logs/xcsp-parse-cop-cumulative-165-order-ge-cumexact-timerd-20260526-2ccb88e9-q10672-19875378-149.err,unsat,COMPLETED,0:0,00:06:02,,logs/cop165-cumulative-20260527-2ccb88e9-q10672/slurm-logs/xcsp-parse-cop-cumulative-165-order-ge-cumexact-taskrd-20260526-2ccb88e9-q10672-19875379-149.out,logs/cop165-cumulative-20260527-2ccb88e9-q10672/slurm-logs/xcsp-parse-cop-cumulative-165-order-ge-cumexact-taskrd-20260526-2ccb88e9-q10672-19875379-149.err,out_of_memory,OUT_OF_MEMORY,0:125,00:06:31,slurmstepd: error: Detected 1 oom-kill event(s) in StepId=19883029.batch. Some of your processes may have been killed by the cgroup out-of-memory handler.,logs/cop165-cumulative-20260527-2ccb88e9-q10672/slurm-logs/xcsp-parse-cop-cumulative-165-order-ge-cumext-boundprop-20260526-2ccb88e9-q10672-19875380-149.out,logs/cop165-cumulative-20260527-2ccb88e9-q10672/slurm-logs/xcsp-parse-cop-cumulative-165-order-ge-cumext-boundprop-20260526-2ccb88e9-q10672-19875380-149.err
150,IHTC-i08_c25.xml.lzma,COP22to25/IHTC-i08_c25.xml.lzma,timeout_unknown,COMPLETED,0:0,00:30:05,terminated_by_signal,logs/cop165-cumulative-20260527-2ccb88e9-q10672/slurm-logs/xcsp-parse-cop-cumulative-165-log-scop-cumexact-timerd-20260526-2ccb88e9-q10672-19875381-150.out,logs/cop165-cumulative-20260527-2ccb88e9-q10672/slurm-logs/xcsp-parse-cop-cumulative-165-log-scop-cumexact-timerd-20260526-2ccb88e9-q10672-19875381-150.err,unsat,COMPLETED,0:0,00:01:00,,logs/cop165-cumulative-20260527-2ccb88e9-q10672/slurm-logs/xcsp-parse-cop-cumulative-165-log-scop-cumexact-taskrd-20260526-2ccb88e9-q10672-19875382-150.out,logs/cop165-cumulative-20260527-2ccb88e9-q10672/slurm-logs/xcsp-parse-cop-cumulative-165-log-scop-cumexact-taskrd-20260526-2ccb88e9-q10672-19875382-150.err,internal_error,COMPLETED,0:0,00:07:35,log-scop incremental cut is missing base integer code for id=21380,logs/cop165-cumulative-20260527-2ccb88e9-q10672/slurm-logs/xcsp-parse-cop-cumulative-165-log-scop-cumext-boundprop-20260526-2ccb88e9-q10672-19875383-150.out,logs/cop165-cumulative-20260527-2ccb88e9-q10672/slurm-logs/xcsp-parse-cop-cumulative-165-log-scop-cumext-boundprop-20260526-2ccb88e9-q10672-19875383-150.err,out_of_memory,OUT_OF_MEMORY,0:125,00:07:14,slurmstepd: error: Detected 1 oom-kill event(s) in StepId=19876714.batch. Some of your processes may have been killed by the cgroup out-of-memory handler.,logs/cop165-cumulative-20260527-2ccb88e9-q10672/slurm-logs/xcsp-parse-cop-cumulative-165-order-ge-cumexact-timerd-20260526-2ccb88e9-q10672-19875378-150.out,logs/cop165-cumulative-20260527-2ccb88e9-q10672/slurm-logs/xcsp-parse-cop-cumulative-165-order-ge-cumexact-timerd-20260526-2ccb88e9-q10672-19875378-150.err,out_of_memory,OUT_OF_MEMORY,0:125,00:06:53,slurmstepd: error: Detected 2 oom-kill event(s) in StepId=19879295.batch. Some of your processes may have been killed by the cgroup out-of-memory handler.,logs/cop165-cumulative-20260527-2ccb88e9-q10672/slurm-logs/xcsp-parse-cop-cumulative-165-order-ge-cumexact-taskrd-20260526-2ccb88e9-q10672-19875379-150.out,logs/cop165-cumulative-20260527-2ccb88e9-q10672/slurm-logs/xcsp-parse-cop-cumulative-165-order-ge-cumexact-taskrd-20260526-2ccb88e9-q10672-19875379-150.err,out_of_memory,OUT_OF_MEMORY,0:125,00:06:08,slurmstepd: error: Detected 1 oom-kill event(s) in StepId=19883067.batch. Some of your processes may have been killed by the cgroup out-of-memory handler.,logs/cop165-cumulative-20260527-2ccb88e9-q10672/slurm-logs/xcsp-parse-cop-cumulative-165-order-ge-cumext-boundprop-20260526-2ccb88e9-q10672-19875380-150.out,logs/cop165-cumulative-20260527-2ccb88e9-q10672/slurm-logs/xcsp-parse-cop-cumulative-165-order-ge-cumext-boundprop-20260526-2ccb88e9-q10672-19875380-150.err
151,FlexibleJobshopScen-dh-5-16-080_c25.xml.lzma,COP22to25/FlexibleJobshopScen-dh-5-16-080_c25.xml.lzma,out_of_memory,OUT_OF_MEMORY,0:125,00:15:19,slurmstepd: error: Detected 14 oom-kill event(s) in StepId=19886898.batch. Some of your processes may have been killed by the cgroup out-of-memory handler.,logs/cop165-cumulative-20260527-2ccb88e9-q10672/slurm-logs/xcsp-parse-cop-cumulative-165-log-scop-cumexact-timerd-20260526-2ccb88e9-q10672-19875381-151.out,logs/cop165-cumulative-20260527-2ccb88e9-q10672/slurm-logs/xcsp-parse-cop-cumulative-165-log-scop-cumexact-timerd-20260526-2ccb88e9-q10672-19875381-151.err,timeout_incumbent,COMPLETED,0:0,00:30:05,incumbent_interrupted_by_signal,logs/cop165-cumulative-20260527-2ccb88e9-q10672/slurm-logs/xcsp-parse-cop-cumulative-165-log-scop-cumexact-taskrd-20260526-2ccb88e9-q10672-19875382-151.out,logs/cop165-cumulative-20260527-2ccb88e9-q10672/slurm-logs/xcsp-parse-cop-cumulative-165-log-scop-cumexact-taskrd-20260526-2ccb88e9-q10672-19875382-151.err,timeout_incumbent,COMPLETED,0:0,00:30:04,incumbent_interrupted_by_signal,logs/cop165-cumulative-20260527-2ccb88e9-q10672/slurm-logs/xcsp-parse-cop-cumulative-165-log-scop-cumext-boundprop-20260526-2ccb88e9-q10672-19875383-151.out,logs/cop165-cumulative-20260527-2ccb88e9-q10672/slurm-logs/xcsp-parse-cop-cumulative-165-log-scop-cumext-boundprop-20260526-2ccb88e9-q10672-19875383-151.err,timeout_unknown,COMPLETED,0:0,00:30:06,terminated_by_signal,logs/cop165-cumulative-20260527-2ccb88e9-q10672/slurm-logs/xcsp-parse-cop-cumulative-165-order-ge-cumexact-timerd-20260526-2ccb88e9-q10672-19875378-151.out,logs/cop165-cumulative-20260527-2ccb88e9-q10672/slurm-logs/xcsp-parse-cop-cumulative-165-order-ge-cumexact-timerd-20260526-2ccb88e9-q10672-19875378-151.err,timeout_incumbent,COMPLETED,0:0,00:30:06,incumbent_interrupted_by_signal,logs/cop165-cumulative-20260527-2ccb88e9-q10672/slurm-logs/xcsp-parse-cop-cumulative-165-order-ge-cumexact-taskrd-20260526-2ccb88e9-q10672-19875379-151.out,logs/cop165-cumulative-20260527-2ccb88e9-q10672/slurm-logs/xcsp-parse-cop-cumulative-165-order-ge-cumexact-taskrd-20260526-2ccb88e9-q10672-19875379-151.err,timeout_unknown,COMPLETED,0:0,00:30:06,terminated_by_signal,logs/cop165-cumulative-20260527-2ccb88e9-q10672/slurm-logs/xcsp-parse-cop-cumulative-165-order-ge-cumext-boundprop-20260526-2ccb88e9-q10672-19875380-151.out,logs/cop165-cumulative-20260527-2ccb88e9-q10672/slurm-logs/xcsp-parse-cop-cumulative-165-order-ge-cumext-boundprop-20260526-2ccb88e9-q10672-19875380-151.err
152,FlexibleJobshopScen-dh-6-18-080_c25.xml.lzma,COP22to25/FlexibleJobshopScen-dh-6-18-080_c25.xml.lzma,out_of_memory,OUT_OF_MEMORY,0:125,00:18:49,"/var/spool/slurm/d/job19886936/slurm_script: 160 行: 2511891 バスエラー         (コアダンプ) ""$ENGINE_BIN"" exec --bind ""${BENCHMARK_DIR%/}:${CONTAINER_BENCH_DIR%/}"" --bind ""${LOG_DIR%/}:${CONTAINER_LOG_DIR%/}"" --bind ""${RESULT_DIR%/}:${CONTAINER_RESULT_DIR%/}"" ""${extra_binds[@]}"" --env ""INSTANCE_PATH=${instance_container_path}"" --env ""ROW_FILE=${row_file_container}"" --env ""RUNSOLVER_BIN=${RUNSOLVER_BIN}"" --env ""RUNSOLVER_C_SEC=${RUNSOLVER_C_SEC}"" --env ""RUNSOLVER_W_SEC=${RUNSOLVER_W_SEC}"" --env ""MEM_LIMIT_MB=${MEM_LIMIT_MB}"" --env ""RUNSOLVER_VALUES_LOG=${values_log_container}"" --env ""RUNSOLVER_SOLVER_LOG=${solver_log_container}"" --env ""PARSER_BIN=${parser_bin_container}"" --env ""KAT_ORDER_GE_BUDGET_PROFILE_CSV=${budget_profile_csv_container}"" --env ""PARSER_ARGS=${PARSER_ARGS:-}"" ""$IMAGE_PATH"" bash -lc '",logs/cop165-cumulative-20260527-2ccb88e9-q10672/slurm-logs/xcsp-parse-cop-cumulative-165-log-scop-cumexact-timerd-20260526-2ccb88e9-q10672-19875381-152.out,logs/cop165-cumulative-20260527-2ccb88e9-q10672/slurm-logs/xcsp-parse-cop-cumulative-165-log-scop-cumexact-timerd-20260526-2ccb88e9-q10672-19875381-152.err,timeout_incumbent,COMPLETED,0:0,00:30:05,incumbent_interrupted_by_signal,logs/cop165-cumulative-20260527-2ccb88e9-q10672/slurm-logs/xcsp-parse-cop-cumulative-165-log-scop-cumexact-taskrd-20260526-2ccb88e9-q10672-19875382-152.out,logs/cop165-cumulative-20260527-2ccb88e9-q10672/slurm-logs/xcsp-parse-cop-cumulative-165-log-scop-cumexact-taskrd-20260526-2ccb88e9-q10672-19875382-152.err,timeout_incumbent,COMPLETED,0:0,00:30:04,incumbent_interrupted_by_signal,logs/cop165-cumulative-20260527-2ccb88e9-q10672/slurm-logs/xcsp-parse-cop-cumulative-165-log-scop-cumext-boundprop-20260526-2ccb88e9-q10672-19875383-152.out,logs/cop165-cumulative-20260527-2ccb88e9-q10672/slurm-logs/xcsp-parse-cop-cumulative-165-log-scop-cumext-boundprop-20260526-2ccb88e9-q10672-19875383-152.err,timeout_incumbent,COMPLETED,0:0,00:30:06,incumbent_interrupted_by_signal,logs/cop165-cumulative-20260527-2ccb88e9-q10672/slurm-logs/xcsp-parse-cop-cumulative-165-order-ge-cumexact-timerd-20260526-2ccb88e9-q10672-19875378-152.out,logs/cop165-cumulative-20260527-2ccb88e9-q10672/slurm-logs/xcsp-parse-cop-cumulative-165-order-ge-cumexact-timerd-20260526-2ccb88e9-q10672-19875378-152.err,timeout_incumbent,COMPLETED,0:0,00:30:05,incumbent_interrupted_by_signal,logs/cop165-cumulative-20260527-2ccb88e9-q10672/slurm-logs/xcsp-parse-cop-cumulative-165-order-ge-cumexact-taskrd-20260526-2ccb88e9-q10672-19875379-152.out,logs/cop165-cumulative-20260527-2ccb88e9-q10672/slurm-logs/xcsp-parse-cop-cumulative-165-order-ge-cumexact-taskrd-20260526-2ccb88e9-q10672-19875379-152.err,timeout_unknown,COMPLETED,0:0,00:30:04,terminated_by_signal,logs/cop165-cumulative-20260527-2ccb88e9-q10672/slurm-logs/xcsp-parse-cop-cumulative-165-order-ge-cumext-boundprop-20260526-2ccb88e9-q10672-19875380-152.out,logs/cop165-cumulative-20260527-2ccb88e9-q10672/slurm-logs/xcsp-parse-cop-cumulative-165-order-ge-cumext-boundprop-20260526-2ccb88e9-q10672-19875380-152.err
153,FlexibleJobshopScen-dh-5-20-080_c25.xml.lzma,COP22to25/FlexibleJobshopScen-dh-5-20-080_c25.xml.lzma,out_of_memory,OUT_OF_MEMORY,0:125,00:17:27,slurmstepd: error: Detected 2 oom-kill event(s) in StepId=19886941.batch. Some of your processes may have been killed by the cgroup out-of-memory handler.,logs/cop165-cumulative-20260527-2ccb88e9-q10672/slurm-logs/xcsp-parse-cop-cumulative-165-log-scop-cumexact-timerd-20260526-2ccb88e9-q10672-19875381-153.out,logs/cop165-cumulative-20260527-2ccb88e9-q10672/slurm-logs/xcsp-parse-cop-cumulative-165-log-scop-cumexact-timerd-20260526-2ccb88e9-q10672-19875381-153.err,timeout_incumbent,COMPLETED,0:0,00:30:03,incumbent_interrupted_by_signal,logs/cop165-cumulative-20260527-2ccb88e9-q10672/slurm-logs/xcsp-parse-cop-cumulative-165-log-scop-cumexact-taskrd-20260526-2ccb88e9-q10672-19875382-153.out,logs/cop165-cumulative-20260527-2ccb88e9-q10672/slurm-logs/xcsp-parse-cop-cumulative-165-log-scop-cumexact-taskrd-20260526-2ccb88e9-q10672-19875382-153.err,timeout_incumbent,COMPLETED,0:0,00:30:05,incumbent_interrupted_by_signal,logs/cop165-cumulative-20260527-2ccb88e9-q10672/slurm-logs/xcsp-parse-cop-cumulative-165-log-scop-cumext-boundprop-20260526-2ccb88e9-q10672-19875383-153.out,logs/cop165-cumulative-20260527-2ccb88e9-q10672/slurm-logs/xcsp-parse-cop-cumulative-165-log-scop-cumext-boundprop-20260526-2ccb88e9-q10672-19875383-153.err,timeout_unknown,COMPLETED,0:0,00:30:08,terminated_by_signal,logs/cop165-cumulative-20260527-2ccb88e9-q10672/slurm-logs/xcsp-parse-cop-cumulative-165-order-ge-cumexact-timerd-20260526-2ccb88e9-q10672-19875378-153.out,logs/cop165-cumulative-20260527-2ccb88e9-q10672/slurm-logs/xcsp-parse-cop-cumulative-165-order-ge-cumexact-timerd-20260526-2ccb88e9-q10672-19875378-153.err,timeout_incumbent,COMPLETED,0:0,00:30:05,incumbent_interrupted_by_signal,logs/cop165-cumulative-20260527-2ccb88e9-q10672/slurm-logs/xcsp-parse-cop-cumulative-165-order-ge-cumexact-taskrd-20260526-2ccb88e9-q10672-19875379-153.out,logs/cop165-cumulative-20260527-2ccb88e9-q10672/slurm-logs/xcsp-parse-cop-cumulative-165-order-ge-cumexact-taskrd-20260526-2ccb88e9-q10672-19875379-153.err,timeout_unknown,COMPLETED,0:0,00:30:04,terminated_by_signal,logs/cop165-cumulative-20260527-2ccb88e9-q10672/slurm-logs/xcsp-parse-cop-cumulative-165-order-ge-cumext-boundprop-20260526-2ccb88e9-q10672-19875380-153.out,logs/cop165-cumulative-20260527-2ccb88e9-q10672/slurm-logs/xcsp-parse-cop-cumulative-165-order-ge-cumext-boundprop-20260526-2ccb88e9-q10672-19875380-153.err
154,IHTC-i18_c25.xml.lzma,COP22to25/IHTC-i18_c25.xml.lzma,internal_error,COMPLETED,0:0,00:06:00,log-scop incremental cut is missing base integer code for id=1918,logs/cop165-cumulative-20260527-2ccb88e9-q10672/slurm-logs/xcsp-parse-cop-cumulative-165-log-scop-cumexact-timerd-20260526-2ccb88e9-q10672-19875381-154.out,logs/cop165-cumulative-20260527-2ccb88e9-q10672/slurm-logs/xcsp-parse-cop-cumulative-165-log-scop-cumexact-timerd-20260526-2ccb88e9-q10672-19875381-154.err,unsat,COMPLETED,0:0,00:03:13,,logs/cop165-cumulative-20260527-2ccb88e9-q10672/slurm-logs/xcsp-parse-cop-cumulative-165-log-scop-cumexact-taskrd-20260526-2ccb88e9-q10672-19875382-154.out,logs/cop165-cumulative-20260527-2ccb88e9-q10672/slurm-logs/xcsp-parse-cop-cumulative-165-log-scop-cumexact-taskrd-20260526-2ccb88e9-q10672-19875382-154.err,internal_error,COMPLETED,0:0,00:05:26,log-scop incremental cut is missing base integer code for id=1918,logs/cop165-cumulative-20260527-2ccb88e9-q10672/slurm-logs/xcsp-parse-cop-cumulative-165-log-scop-cumext-boundprop-20260526-2ccb88e9-q10672-19875383-154.out,logs/cop165-cumulative-20260527-2ccb88e9-q10672/slurm-logs/xcsp-parse-cop-cumulative-165-log-scop-cumext-boundprop-20260526-2ccb88e9-q10672-19875383-154.err,out_of_memory,OUT_OF_MEMORY,0:125,00:06:19,slurmstepd: error: Detected 2 oom-kill event(s) in StepId=19876789.batch. Some of your processes may have been killed by the cgroup out-of-memory handler.,logs/cop165-cumulative-20260527-2ccb88e9-q10672/slurm-logs/xcsp-parse-cop-cumulative-165-order-ge-cumexact-timerd-20260526-2ccb88e9-q10672-19875378-154.out,logs/cop165-cumulative-20260527-2ccb88e9-q10672/slurm-logs/xcsp-parse-cop-cumulative-165-order-ge-cumexact-timerd-20260526-2ccb88e9-q10672-19875378-154.err,unsat,COMPLETED,0:0,00:21:34,,logs/cop165-cumulative-20260527-2ccb88e9-q10672/slurm-logs/xcsp-parse-cop-cumulative-165-order-ge-cumexact-taskrd-20260526-2ccb88e9-q10672-19875379-154.out,logs/cop165-cumulative-20260527-2ccb88e9-q10672/slurm-logs/xcsp-parse-cop-cumulative-165-order-ge-cumexact-taskrd-20260526-2ccb88e9-q10672-19875379-154.err,out_of_memory,OUT_OF_MEMORY,0:125,00:06:09,slurmstepd: error: Detected 1 oom-kill event(s) in StepId=19883131.batch. Some of your processes may have been killed by the cgroup out-of-memory handler.,logs/cop165-cumulative-20260527-2ccb88e9-q10672/slurm-logs/xcsp-parse-cop-cumulative-165-order-ge-cumext-boundprop-20260526-2ccb88e9-q10672-19875380-154.out,logs/cop165-cumulative-20260527-2ccb88e9-q10672/slurm-logs/xcsp-parse-cop-cumulative-165-order-ge-cumext-boundprop-20260526-2ccb88e9-q10672-19875380-154.err
155,LargeScaleScheduling-06400-0_c23.xml.lzma,COP22to25/LargeScaleScheduling-06400-0_c23.xml.lzma,timeout_incumbent,COMPLETED,0:0,00:30:03,incumbent_interrupted_by_signal,logs/cop165-cumulative-20260527-2ccb88e9-q10672/slurm-logs/xcsp-parse-cop-cumulative-165-log-scop-cumexact-timerd-20260526-2ccb88e9-q10672-19875381-155.out,logs/cop165-cumulative-20260527-2ccb88e9-q10672/slurm-logs/xcsp-parse-cop-cumulative-165-log-scop-cumexact-timerd-20260526-2ccb88e9-q10672-19875381-155.err,timeout_unknown,COMPLETED,0:0,00:30:07,terminated_by_signal,logs/cop165-cumulative-20260527-2ccb88e9-q10672/slurm-logs/xcsp-parse-cop-cumulative-165-log-scop-cumexact-taskrd-20260526-2ccb88e9-q10672-19875382-155.out,logs/cop165-cumulative-20260527-2ccb88e9-q10672/slurm-logs/xcsp-parse-cop-cumulative-165-log-scop-cumexact-taskrd-20260526-2ccb88e9-q10672-19875382-155.err,timeout_unknown,COMPLETED,0:0,00:30:03,terminated_by_signal,logs/cop165-cumulative-20260527-2ccb88e9-q10672/slurm-logs/xcsp-parse-cop-cumulative-165-log-scop-cumext-boundprop-20260526-2ccb88e9-q10672-19875383-155.out,logs/cop165-cumulative-20260527-2ccb88e9-q10672/slurm-logs/xcsp-parse-cop-cumulative-165-log-scop-cumext-boundprop-20260526-2ccb88e9-q10672-19875383-155.err,encode_failed,COMPLETED,0:0,00:00:03,sat variable count overflow,logs/cop165-cumulative-20260527-2ccb88e9-q10672/slurm-logs/xcsp-parse-cop-cumulative-165-order-ge-cumexact-timerd-20260526-2ccb88e9-q10672-19875378-155.out,logs/cop165-cumulative-20260527-2ccb88e9-q10672/slurm-logs/xcsp-parse-cop-cumulative-165-order-ge-cumexact-timerd-20260526-2ccb88e9-q10672-19875378-155.err,timeout_unknown,COMPLETED,0:0,00:30:07,terminated_by_signal,logs/cop165-cumulative-20260527-2ccb88e9-q10672/slurm-logs/xcsp-parse-cop-cumulative-165-order-ge-cumexact-taskrd-20260526-2ccb88e9-q10672-19875379-155.out,logs/cop165-cumulative-20260527-2ccb88e9-q10672/slurm-logs/xcsp-parse-cop-cumulative-165-order-ge-cumexact-taskrd-20260526-2ccb88e9-q10672-19875379-155.err,encode_failed,COMPLETED,0:0,00:00:03,sat variable count overflow,logs/cop165-cumulative-20260527-2ccb88e9-q10672/slurm-logs/xcsp-parse-cop-cumulative-165-order-ge-cumext-boundprop-20260526-2ccb88e9-q10672-19875380-155.out,logs/cop165-cumulative-20260527-2ccb88e9-q10672/slurm-logs/xcsp-parse-cop-cumulative-165-order-ge-cumext-boundprop-20260526-2ccb88e9-q10672-19875380-155.err
156,IHTC-i29_c25.xml.lzma,COP22to25/IHTC-i29_c25.xml.lzma,internal_error,COMPLETED,0:0,00:07:19,log-scop incremental cut is missing base integer code for id=45432,logs/cop165-cumulative-20260527-2ccb88e9-q10672/slurm-logs/xcsp-parse-cop-cumulative-165-log-scop-cumexact-timerd-20260526-2ccb88e9-q10672-19875381-156.out,logs/cop165-cumulative-20260527-2ccb88e9-q10672/slurm-logs/xcsp-parse-cop-cumulative-165-log-scop-cumexact-timerd-20260526-2ccb88e9-q10672-19875381-156.err,unsat,COMPLETED,0:0,00:08:06,,logs/cop165-cumulative-20260527-2ccb88e9-q10672/slurm-logs/xcsp-parse-cop-cumulative-165-log-scop-cumexact-taskrd-20260526-2ccb88e9-q10672-19875382-156.out,logs/cop165-cumulative-20260527-2ccb88e9-q10672/slurm-logs/xcsp-parse-cop-cumulative-165-log-scop-cumexact-taskrd-20260526-2ccb88e9-q10672-19875382-156.err,timeout_unknown,COMPLETED,0:0,00:30:06,terminated_by_signal,logs/cop165-cumulative-20260527-2ccb88e9-q10672/slurm-logs/xcsp-parse-cop-cumulative-165-log-scop-cumext-boundprop-20260526-2ccb88e9-q10672-19875383-156.out,logs/cop165-cumulative-20260527-2ccb88e9-q10672/slurm-logs/xcsp-parse-cop-cumulative-165-log-scop-cumext-boundprop-20260526-2ccb88e9-q10672-19875383-156.err,out_of_memory,OUT_OF_MEMORY,0:125,00:06:02,slurmstepd: error: Detected 2 oom-kill event(s) in StepId=19876981.batch. Some of your processes may have been killed by the cgroup out-of-memory handler.,logs/cop165-cumulative-20260527-2ccb88e9-q10672/slurm-logs/xcsp-parse-cop-cumulative-165-order-ge-cumexact-timerd-20260526-2ccb88e9-q10672-19875378-156.out,logs/cop165-cumulative-20260527-2ccb88e9-q10672/slurm-logs/xcsp-parse-cop-cumulative-165-order-ge-cumexact-timerd-20260526-2ccb88e9-q10672-19875378-156.err,out_of_memory,OUT_OF_MEMORY,0:125,00:07:51,slurmstepd: error: Detected 1 oom-kill event(s) in StepId=19879436.batch. Some of your processes may have been killed by the cgroup out-of-memory handler.,logs/cop165-cumulative-20260527-2ccb88e9-q10672/slurm-logs/xcsp-parse-cop-cumulative-165-order-ge-cumexact-taskrd-20260526-2ccb88e9-q10672-19875379-156.out,logs/cop165-cumulative-20260527-2ccb88e9-q10672/slurm-logs/xcsp-parse-cop-cumulative-165-order-ge-cumexact-taskrd-20260526-2ccb88e9-q10672-19875379-156.err,out_of_memory,OUT_OF_MEMORY,0:125,00:06:23,slurmstepd: error: Detected 1 oom-kill event(s) in StepId=19883133.batch. Some of your processes may have been killed by the cgroup out-of-memory handler.,logs/cop165-cumulative-20260527-2ccb88e9-q10672/slurm-logs/xcsp-parse-cop-cumulative-165-order-ge-cumext-boundprop-20260526-2ccb88e9-q10672-19875380-156.out,logs/cop165-cumulative-20260527-2ccb88e9-q10672/slurm-logs/xcsp-parse-cop-cumulative-165-order-ge-cumext-boundprop-20260526-2ccb88e9-q10672-19875380-156.err
157,IHTC-i30_c25.xml.lzma,COP22to25/IHTC-i30_c25.xml.lzma,timeout_unknown,COMPLETED,0:0,00:30:04,terminated_by_signal,logs/cop165-cumulative-20260527-2ccb88e9-q10672/slurm-logs/xcsp-parse-cop-cumulative-165-log-scop-cumexact-timerd-20260526-2ccb88e9-q10672-19875381-157.out,logs/cop165-cumulative-20260527-2ccb88e9-q10672/slurm-logs/xcsp-parse-cop-cumulative-165-log-scop-cumexact-timerd-20260526-2ccb88e9-q10672-19875381-157.err,unsat,COMPLETED,0:0,00:06:42,,logs/cop165-cumulative-20260527-2ccb88e9-q10672/slurm-logs/xcsp-parse-cop-cumulative-165-log-scop-cumexact-taskrd-20260526-2ccb88e9-q10672-19875382-157.out,logs/cop165-cumulative-20260527-2ccb88e9-q10672/slurm-logs/xcsp-parse-cop-cumulative-165-log-scop-cumexact-taskrd-20260526-2ccb88e9-q10672-19875382-157.err,timeout_unknown,COMPLETED,0:0,00:30:06,terminated_by_signal,logs/cop165-cumulative-20260527-2ccb88e9-q10672/slurm-logs/xcsp-parse-cop-cumulative-165-log-scop-cumext-boundprop-20260526-2ccb88e9-q10672-19875383-157.out,logs/cop165-cumulative-20260527-2ccb88e9-q10672/slurm-logs/xcsp-parse-cop-cumulative-165-log-scop-cumext-boundprop-20260526-2ccb88e9-q10672-19875383-157.err,out_of_memory,OUT_OF_MEMORY,0:125,00:06:46,slurmstepd: error: Detected 1 oom-kill event(s) in StepId=19877010.batch. Some of your processes may have been killed by the cgroup out-of-memory handler.,logs/cop165-cumulative-20260527-2ccb88e9-q10672/slurm-logs/xcsp-parse-cop-cumulative-165-order-ge-cumexact-timerd-20260526-2ccb88e9-q10672-19875378-157.out,logs/cop165-cumulative-20260527-2ccb88e9-q10672/slurm-logs/xcsp-parse-cop-cumulative-165-order-ge-cumexact-timerd-20260526-2ccb88e9-q10672-19875378-157.err,timeout_unknown,COMPLETED,0:0,00:30:07,terminated_by_signal,logs/cop165-cumulative-20260527-2ccb88e9-q10672/slurm-logs/xcsp-parse-cop-cumulative-165-order-ge-cumexact-taskrd-20260526-2ccb88e9-q10672-19875379-157.out,logs/cop165-cumulative-20260527-2ccb88e9-q10672/slurm-logs/xcsp-parse-cop-cumulative-165-order-ge-cumexact-taskrd-20260526-2ccb88e9-q10672-19875379-157.err,out_of_memory,OUT_OF_MEMORY,0:125,00:06:30,slurmstepd: error: Detected 14 oom-kill event(s) in StepId=19883158.batch. Some of your processes may have been killed by the cgroup out-of-memory handler.,logs/cop165-cumulative-20260527-2ccb88e9-q10672/slurm-logs/xcsp-parse-cop-cumulative-165-order-ge-cumext-boundprop-20260526-2ccb88e9-q10672-19875380-157.out,logs/cop165-cumulative-20260527-2ccb88e9-q10672/slurm-logs/xcsp-parse-cop-cumulative-165-order-ge-cumext-boundprop-20260526-2ccb88e9-q10672-19875380-157.err
158,LargeScaleScheduling-12800-0_c23.xml.lzma,COP22to25/LargeScaleScheduling-12800-0_c23.xml.lzma,timeout_unknown,COMPLETED,0:0,00:30:04,terminated_by_signal,logs/cop165-cumulative-20260527-2ccb88e9-q10672/slurm-logs/xcsp-parse-cop-cumulative-165-log-scop-cumexact-timerd-20260526-2ccb88e9-q10672-19875381-158.out,logs/cop165-cumulative-20260527-2ccb88e9-q10672/slurm-logs/xcsp-parse-cop-cumulative-165-log-scop-cumexact-timerd-20260526-2ccb88e9-q10672-19875381-158.err,timeout_unknown,COMPLETED,0:0,00:30:09,terminated_by_signal,logs/cop165-cumulative-20260527-2ccb88e9-q10672/slurm-logs/xcsp-parse-cop-cumulative-165-log-scop-cumexact-taskrd-20260526-2ccb88e9-q10672-19875382-158.out,logs/cop165-cumulative-20260527-2ccb88e9-q10672/slurm-logs/xcsp-parse-cop-cumulative-165-log-scop-cumexact-taskrd-20260526-2ccb88e9-q10672-19875382-158.err,timeout_unknown,COMPLETED,0:0,00:30:05,terminated_by_signal,logs/cop165-cumulative-20260527-2ccb88e9-q10672/slurm-logs/xcsp-parse-cop-cumulative-165-log-scop-cumext-boundprop-20260526-2ccb88e9-q10672-19875383-158.out,logs/cop165-cumulative-20260527-2ccb88e9-q10672/slurm-logs/xcsp-parse-cop-cumulative-165-log-scop-cumext-boundprop-20260526-2ccb88e9-q10672-19875383-158.err,encode_failed,COMPLETED,0:0,00:00:03,sat variable count overflow,logs/cop165-cumulative-20260527-2ccb88e9-q10672/slurm-logs/xcsp-parse-cop-cumulative-165-order-ge-cumexact-timerd-20260526-2ccb88e9-q10672-19875378-158.out,logs/cop165-cumulative-20260527-2ccb88e9-q10672/slurm-logs/xcsp-parse-cop-cumulative-165-order-ge-cumexact-timerd-20260526-2ccb88e9-q10672-19875378-158.err,timeout_unknown,COMPLETED,0:0,00:30:08,terminated_by_signal,logs/cop165-cumulative-20260527-2ccb88e9-q10672/slurm-logs/xcsp-parse-cop-cumulative-165-order-ge-cumexact-taskrd-20260526-2ccb88e9-q10672-19875379-158.out,logs/cop165-cumulative-20260527-2ccb88e9-q10672/slurm-logs/xcsp-parse-cop-cumulative-165-order-ge-cumexact-taskrd-20260526-2ccb88e9-q10672-19875379-158.err,encode_failed,COMPLETED,0:0,00:00:03,sat variable count overflow,logs/cop165-cumulative-20260527-2ccb88e9-q10672/slurm-logs/xcsp-parse-cop-cumulative-165-order-ge-cumext-boundprop-20260526-2ccb88e9-q10672-19875380-158.out,logs/cop165-cumulative-20260527-2ccb88e9-q10672/slurm-logs/xcsp-parse-cop-cumulative-165-order-ge-cumext-boundprop-20260526-2ccb88e9-q10672-19875380-158.err
159,FlexibleJobshopScen-dh-6-18-200_c25.xml.lzma,COP22to25/FlexibleJobshopScen-dh-6-18-200_c25.xml.lzma,out_of_memory,OUT_OF_MEMORY,0:125,00:22:09,slurmstepd: error: Detected 1 oom-kill event(s) in StepId=19887236.batch. Some of your processes may have been killed by the cgroup out-of-memory handler.,logs/cop165-cumulative-20260527-2ccb88e9-q10672/slurm-logs/xcsp-parse-cop-cumulative-165-log-scop-cumexact-timerd-20260526-2ccb88e9-q10672-19875381-159.out,logs/cop165-cumulative-20260527-2ccb88e9-q10672/slurm-logs/xcsp-parse-cop-cumulative-165-log-scop-cumexact-timerd-20260526-2ccb88e9-q10672-19875381-159.err,sat_no_proof,COMPLETED,0:0,00:09:34,best incumbent shown; objective improvement search stopped before optimality proof: log-scop eager incremental objective cut could not be encoded,logs/cop165-cumulative-20260527-2ccb88e9-q10672/slurm-logs/xcsp-parse-cop-cumulative-165-log-scop-cumexact-taskrd-20260526-2ccb88e9-q10672-19875382-159.out,logs/cop165-cumulative-20260527-2ccb88e9-q10672/slurm-logs/xcsp-parse-cop-cumulative-165-log-scop-cumexact-taskrd-20260526-2ccb88e9-q10672-19875382-159.err,sat_no_proof,COMPLETED,0:0,00:00:22,best incumbent shown; objective improvement search stopped before optimality proof: log-scop eager incremental objective cut could not be encoded,logs/cop165-cumulative-20260527-2ccb88e9-q10672/slurm-logs/xcsp-parse-cop-cumulative-165-log-scop-cumext-boundprop-20260526-2ccb88e9-q10672-19875383-159.out,logs/cop165-cumulative-20260527-2ccb88e9-q10672/slurm-logs/xcsp-parse-cop-cumulative-165-log-scop-cumext-boundprop-20260526-2ccb88e9-q10672-19875383-159.err,timeout_unknown,COMPLETED,0:0,00:30:08,terminated_by_signal,logs/cop165-cumulative-20260527-2ccb88e9-q10672/slurm-logs/xcsp-parse-cop-cumulative-165-order-ge-cumexact-timerd-20260526-2ccb88e9-q10672-19875378-159.out,logs/cop165-cumulative-20260527-2ccb88e9-q10672/slurm-logs/xcsp-parse-cop-cumulative-165-order-ge-cumexact-timerd-20260526-2ccb88e9-q10672-19875378-159.err,sat_no_proof,COMPLETED,0:0,00:12:10,best incumbent shown; objective improvement search stopped before optimality proof: eager incremental objective cut could not be encoded,logs/cop165-cumulative-20260527-2ccb88e9-q10672/slurm-logs/xcsp-parse-cop-cumulative-165-order-ge-cumexact-taskrd-20260526-2ccb88e9-q10672-19875379-159.out,logs/cop165-cumulative-20260527-2ccb88e9-q10672/slurm-logs/xcsp-parse-cop-cumulative-165-order-ge-cumexact-taskrd-20260526-2ccb88e9-q10672-19875379-159.err,timeout_unknown,COMPLETED,0:0,00:30:05,terminated_by_signal,logs/cop165-cumulative-20260527-2ccb88e9-q10672/slurm-logs/xcsp-parse-cop-cumulative-165-order-ge-cumext-boundprop-20260526-2ccb88e9-q10672-19875380-159.out,logs/cop165-cumulative-20260527-2ccb88e9-q10672/slurm-logs/xcsp-parse-cop-cumulative-165-order-ge-cumext-boundprop-20260526-2ccb88e9-q10672-19875380-159.err
160,FlexibleJobshopScen-dh-5-16-200_c25.xml.lzma,COP22to25/FlexibleJobshopScen-dh-5-16-200_c25.xml.lzma,timeout_unknown,COMPLETED,0:0,00:30:05,terminated_by_signal,logs/cop165-cumulative-20260527-2ccb88e9-q10672/slurm-logs/xcsp-parse-cop-cumulative-165-log-scop-cumexact-timerd-20260526-2ccb88e9-q10672-19875381-160.out,logs/cop165-cumulative-20260527-2ccb88e9-q10672/slurm-logs/xcsp-parse-cop-cumulative-165-log-scop-cumexact-timerd-20260526-2ccb88e9-q10672-19875381-160.err,sat_no_proof,COMPLETED,0:0,00:09:37,best incumbent shown; objective improvement search stopped before optimality proof: log-scop eager incremental objective cut could not be encoded,logs/cop165-cumulative-20260527-2ccb88e9-q10672/slurm-logs/xcsp-parse-cop-cumulative-165-log-scop-cumexact-taskrd-20260526-2ccb88e9-q10672-19875382-160.out,logs/cop165-cumulative-20260527-2ccb88e9-q10672/slurm-logs/xcsp-parse-cop-cumulative-165-log-scop-cumexact-taskrd-20260526-2ccb88e9-q10672-19875382-160.err,sat_no_proof,COMPLETED,0:0,00:01:28,best incumbent shown; objective improvement search stopped before optimality proof: log-scop eager incremental objective cut could not be encoded,logs/cop165-cumulative-20260527-2ccb88e9-q10672/slurm-logs/xcsp-parse-cop-cumulative-165-log-scop-cumext-boundprop-20260526-2ccb88e9-q10672-19875383-160.out,logs/cop165-cumulative-20260527-2ccb88e9-q10672/slurm-logs/xcsp-parse-cop-cumulative-165-log-scop-cumext-boundprop-20260526-2ccb88e9-q10672-19875383-160.err,timeout_unknown,COMPLETED,0:0,00:30:07,terminated_by_signal,logs/cop165-cumulative-20260527-2ccb88e9-q10672/slurm-logs/xcsp-parse-cop-cumulative-165-order-ge-cumexact-timerd-20260526-2ccb88e9-q10672-19875378-160.out,logs/cop165-cumulative-20260527-2ccb88e9-q10672/slurm-logs/xcsp-parse-cop-cumulative-165-order-ge-cumexact-timerd-20260526-2ccb88e9-q10672-19875378-160.err,sat_no_proof,COMPLETED,0:0,00:09:26,best incumbent shown; objective improvement search stopped before optimality proof: eager incremental objective cut could not be encoded,logs/cop165-cumulative-20260527-2ccb88e9-q10672/slurm-logs/xcsp-parse-cop-cumulative-165-order-ge-cumexact-taskrd-20260526-2ccb88e9-q10672-19875379-160.out,logs/cop165-cumulative-20260527-2ccb88e9-q10672/slurm-logs/xcsp-parse-cop-cumulative-165-order-ge-cumexact-taskrd-20260526-2ccb88e9-q10672-19875379-160.err,timeout_unknown,COMPLETED,0:0,00:30:05,terminated_by_signal,logs/cop165-cumulative-20260527-2ccb88e9-q10672/slurm-logs/xcsp-parse-cop-cumulative-165-order-ge-cumext-boundprop-20260526-2ccb88e9-q10672-19875380-160.out,logs/cop165-cumulative-20260527-2ccb88e9-q10672/slurm-logs/xcsp-parse-cop-cumulative-165-order-ge-cumext-boundprop-20260526-2ccb88e9-q10672-19875380-160.err
161,FlexibleJobshopScen-dh-5-20-200_c25.xml.lzma,COP22to25/FlexibleJobshopScen-dh-5-20-200_c25.xml.lzma,timeout_unknown,COMPLETED,0:0,00:30:06,terminated_by_signal,logs/cop165-cumulative-20260527-2ccb88e9-q10672/slurm-logs/xcsp-parse-cop-cumulative-165-log-scop-cumexact-timerd-20260526-2ccb88e9-q10672-19875381-161.out,logs/cop165-cumulative-20260527-2ccb88e9-q10672/slurm-logs/xcsp-parse-cop-cumulative-165-log-scop-cumexact-timerd-20260526-2ccb88e9-q10672-19875381-161.err,sat_no_proof,COMPLETED,0:0,00:19:44,best incumbent shown; objective improvement search stopped before optimality proof: log-scop eager incremental objective cut could not be encoded,logs/cop165-cumulative-20260527-2ccb88e9-q10672/slurm-logs/xcsp-parse-cop-cumulative-165-log-scop-cumexact-taskrd-20260526-2ccb88e9-q10672-19875382-161.out,logs/cop165-cumulative-20260527-2ccb88e9-q10672/slurm-logs/xcsp-parse-cop-cumulative-165-log-scop-cumexact-taskrd-20260526-2ccb88e9-q10672-19875382-161.err,sat_no_proof,COMPLETED,0:0,00:01:00,best incumbent shown; objective improvement search stopped before optimality proof: log-scop eager incremental objective cut could not be encoded,logs/cop165-cumulative-20260527-2ccb88e9-q10672/slurm-logs/xcsp-parse-cop-cumulative-165-log-scop-cumext-boundprop-20260526-2ccb88e9-q10672-19875383-161.out,logs/cop165-cumulative-20260527-2ccb88e9-q10672/slurm-logs/xcsp-parse-cop-cumulative-165-log-scop-cumext-boundprop-20260526-2ccb88e9-q10672-19875383-161.err,timeout_unknown,COMPLETED,0:0,00:30:07,terminated_by_signal,logs/cop165-cumulative-20260527-2ccb88e9-q10672/slurm-logs/xcsp-parse-cop-cumulative-165-order-ge-cumexact-timerd-20260526-2ccb88e9-q10672-19875378-161.out,logs/cop165-cumulative-20260527-2ccb88e9-q10672/slurm-logs/xcsp-parse-cop-cumulative-165-order-ge-cumexact-timerd-20260526-2ccb88e9-q10672-19875378-161.err,out_of_memory,OUT_OF_MEMORY,0:125,00:10:33,slurmstepd: error: Detected 1 oom-kill event(s) in StepId=19879461.batch. Some of your processes may have been killed by the cgroup out-of-memory handler.,logs/cop165-cumulative-20260527-2ccb88e9-q10672/slurm-logs/xcsp-parse-cop-cumulative-165-order-ge-cumexact-taskrd-20260526-2ccb88e9-q10672-19875379-161.out,logs/cop165-cumulative-20260527-2ccb88e9-q10672/slurm-logs/xcsp-parse-cop-cumulative-165-order-ge-cumexact-taskrd-20260526-2ccb88e9-q10672-19875379-161.err,timeout_unknown,COMPLETED,0:0,00:30:06,terminated_by_signal,logs/cop165-cumulative-20260527-2ccb88e9-q10672/slurm-logs/xcsp-parse-cop-cumulative-165-order-ge-cumext-boundprop-20260526-2ccb88e9-q10672-19875380-161.out,logs/cop165-cumulative-20260527-2ccb88e9-q10672/slurm-logs/xcsp-parse-cop-cumulative-165-order-ge-cumext-boundprop-20260526-2ccb88e9-q10672-19875380-161.err
162,FlexibleJobshopScen-dh-6-18-400_c25.xml.lzma,COP22to25/FlexibleJobshopScen-dh-6-18-400_c25.xml.lzma,timeout_unknown,COMPLETED,0:0,00:30:06,terminated_by_signal,logs/cop165-cumulative-20260527-2ccb88e9-q10672/slurm-logs/xcsp-parse-cop-cumulative-165-log-scop-cumexact-timerd-20260526-2ccb88e9-q10672-19875381-162.out,logs/cop165-cumulative-20260527-2ccb88e9-q10672/slurm-logs/xcsp-parse-cop-cumulative-165-log-scop-cumexact-timerd-20260526-2ccb88e9-q10672-19875381-162.err,timeout_incumbent,COMPLETED,0:0,00:30:04,incumbent_interrupted_by_signal,logs/cop165-cumulative-20260527-2ccb88e9-q10672/slurm-logs/xcsp-parse-cop-cumulative-165-log-scop-cumexact-taskrd-20260526-2ccb88e9-q10672-19875382-162.out,logs/cop165-cumulative-20260527-2ccb88e9-q10672/slurm-logs/xcsp-parse-cop-cumulative-165-log-scop-cumexact-taskrd-20260526-2ccb88e9-q10672-19875382-162.err,sat_no_proof,COMPLETED,0:0,00:04:36,best incumbent shown; objective improvement search stopped before optimality proof: log-scop eager incremental objective cut could not be encoded,logs/cop165-cumulative-20260527-2ccb88e9-q10672/slurm-logs/xcsp-parse-cop-cumulative-165-log-scop-cumext-boundprop-20260526-2ccb88e9-q10672-19875383-162.out,logs/cop165-cumulative-20260527-2ccb88e9-q10672/slurm-logs/xcsp-parse-cop-cumulative-165-log-scop-cumext-boundprop-20260526-2ccb88e9-q10672-19875383-162.err,timeout_unknown,COMPLETED,0:0,00:30:05,terminated_by_signal,logs/cop165-cumulative-20260527-2ccb88e9-q10672/slurm-logs/xcsp-parse-cop-cumulative-165-order-ge-cumexact-timerd-20260526-2ccb88e9-q10672-19875378-162.out,logs/cop165-cumulative-20260527-2ccb88e9-q10672/slurm-logs/xcsp-parse-cop-cumulative-165-order-ge-cumexact-timerd-20260526-2ccb88e9-q10672-19875378-162.err,out_of_memory,OUT_OF_MEMORY,0:125,00:06:16,slurmstepd: error: Detected 1 oom-kill event(s) in StepId=19879469.batch. Some of your processes may have been killed by the cgroup out-of-memory handler.,logs/cop165-cumulative-20260527-2ccb88e9-q10672/slurm-logs/xcsp-parse-cop-cumulative-165-order-ge-cumexact-taskrd-20260526-2ccb88e9-q10672-19875379-162.out,logs/cop165-cumulative-20260527-2ccb88e9-q10672/slurm-logs/xcsp-parse-cop-cumulative-165-order-ge-cumexact-taskrd-20260526-2ccb88e9-q10672-19875379-162.err,timeout_unknown,COMPLETED,0:0,00:30:05,terminated_by_signal,logs/cop165-cumulative-20260527-2ccb88e9-q10672/slurm-logs/xcsp-parse-cop-cumulative-165-order-ge-cumext-boundprop-20260526-2ccb88e9-q10672-19875380-162.out,logs/cop165-cumulative-20260527-2ccb88e9-q10672/slurm-logs/xcsp-parse-cop-cumulative-165-order-ge-cumext-boundprop-20260526-2ccb88e9-q10672-19875380-162.err
163,FlexibleJobshopScen-dh-5-16-400_c25.xml.lzma,COP22to25/FlexibleJobshopScen-dh-5-16-400_c25.xml.lzma,timeout_unknown,COMPLETED,0:0,00:30:07,terminated_by_signal,logs/cop165-cumulative-20260527-2ccb88e9-q10672/slurm-logs/xcsp-parse-cop-cumulative-165-log-scop-cumexact-timerd-20260526-2ccb88e9-q10672-19875381-163.out,logs/cop165-cumulative-20260527-2ccb88e9-q10672/slurm-logs/xcsp-parse-cop-cumulative-165-log-scop-cumexact-timerd-20260526-2ccb88e9-q10672-19875381-163.err,timeout_unknown,COMPLETED,0:0,00:30:04,terminated_by_signal,logs/cop165-cumulative-20260527-2ccb88e9-q10672/slurm-logs/xcsp-parse-cop-cumulative-165-log-scop-cumexact-taskrd-20260526-2ccb88e9-q10672-19875382-163.out,logs/cop165-cumulative-20260527-2ccb88e9-q10672/slurm-logs/xcsp-parse-cop-cumulative-165-log-scop-cumexact-taskrd-20260526-2ccb88e9-q10672-19875382-163.err,sat_no_proof,COMPLETED,0:0,00:01:49,best incumbent shown; objective improvement search stopped before optimality proof: log-scop eager incremental objective cut could not be encoded,logs/cop165-cumulative-20260527-2ccb88e9-q10672/slurm-logs/xcsp-parse-cop-cumulative-165-log-scop-cumext-boundprop-20260526-2ccb88e9-q10672-19875383-163.out,logs/cop165-cumulative-20260527-2ccb88e9-q10672/slurm-logs/xcsp-parse-cop-cumulative-165-log-scop-cumext-boundprop-20260526-2ccb88e9-q10672-19875383-163.err,timeout_unknown,COMPLETED,0:0,00:30:08,terminated_by_signal,logs/cop165-cumulative-20260527-2ccb88e9-q10672/slurm-logs/xcsp-parse-cop-cumulative-165-order-ge-cumexact-timerd-20260526-2ccb88e9-q10672-19875378-163.out,logs/cop165-cumulative-20260527-2ccb88e9-q10672/slurm-logs/xcsp-parse-cop-cumulative-165-order-ge-cumexact-timerd-20260526-2ccb88e9-q10672-19875378-163.err,out_of_memory,OUT_OF_MEMORY,0:125,00:06:23,slurmstepd: error: Detected 1 oom-kill event(s) in StepId=19879472.batch. Some of your processes may have been killed by the cgroup out-of-memory handler.,logs/cop165-cumulative-20260527-2ccb88e9-q10672/slurm-logs/xcsp-parse-cop-cumulative-165-order-ge-cumexact-taskrd-20260526-2ccb88e9-q10672-19875379-163.out,logs/cop165-cumulative-20260527-2ccb88e9-q10672/slurm-logs/xcsp-parse-cop-cumulative-165-order-ge-cumexact-taskrd-20260526-2ccb88e9-q10672-19875379-163.err,timeout_unknown,COMPLETED,0:0,00:30:06,terminated_by_signal,logs/cop165-cumulative-20260527-2ccb88e9-q10672/slurm-logs/xcsp-parse-cop-cumulative-165-order-ge-cumext-boundprop-20260526-2ccb88e9-q10672-19875380-163.out,logs/cop165-cumulative-20260527-2ccb88e9-q10672/slurm-logs/xcsp-parse-cop-cumulative-165-order-ge-cumext-boundprop-20260526-2ccb88e9-q10672-19875380-163.err
164,LargeScaleScheduling-25600-0_c23.xml.lzma,COP22to25/LargeScaleScheduling-25600-0_c23.xml.lzma,timeout_unknown,COMPLETED,0:0,00:30:03,terminated_by_signal,logs/cop165-cumulative-20260527-2ccb88e9-q10672/slurm-logs/xcsp-parse-cop-cumulative-165-log-scop-cumexact-timerd-20260526-2ccb88e9-q10672-19875381-164.out,logs/cop165-cumulative-20260527-2ccb88e9-q10672/slurm-logs/xcsp-parse-cop-cumulative-165-log-scop-cumexact-timerd-20260526-2ccb88e9-q10672-19875381-164.err,out_of_memory,OUT_OF_MEMORY,0:125,00:24:25,slurmstepd: error: Detected 1 oom-kill event(s) in StepId=19899352.batch. Some of your processes may have been killed by the cgroup out-of-memory handler.,logs/cop165-cumulative-20260527-2ccb88e9-q10672/slurm-logs/xcsp-parse-cop-cumulative-165-log-scop-cumexact-taskrd-20260526-2ccb88e9-q10672-19875382-164.out,logs/cop165-cumulative-20260527-2ccb88e9-q10672/slurm-logs/xcsp-parse-cop-cumulative-165-log-scop-cumexact-taskrd-20260526-2ccb88e9-q10672-19875382-164.err,timeout_unknown,COMPLETED,0:0,00:30:03,terminated_by_signal,logs/cop165-cumulative-20260527-2ccb88e9-q10672/slurm-logs/xcsp-parse-cop-cumulative-165-log-scop-cumext-boundprop-20260526-2ccb88e9-q10672-19875383-164.out,logs/cop165-cumulative-20260527-2ccb88e9-q10672/slurm-logs/xcsp-parse-cop-cumulative-165-log-scop-cumext-boundprop-20260526-2ccb88e9-q10672-19875383-164.err,encode_failed,COMPLETED,0:0,00:00:05,sat variable count overflow,logs/cop165-cumulative-20260527-2ccb88e9-q10672/slurm-logs/xcsp-parse-cop-cumulative-165-order-ge-cumexact-timerd-20260526-2ccb88e9-q10672-19875378-164.out,logs/cop165-cumulative-20260527-2ccb88e9-q10672/slurm-logs/xcsp-parse-cop-cumulative-165-order-ge-cumexact-timerd-20260526-2ccb88e9-q10672-19875378-164.err,out_of_memory,OUT_OF_MEMORY,0:125,00:24:42,slurmstepd: error: Detected 2 oom-kill event(s) in StepId=19879489.batch. Some of your processes may have been killed by the cgroup out-of-memory handler.,logs/cop165-cumulative-20260527-2ccb88e9-q10672/slurm-logs/xcsp-parse-cop-cumulative-165-order-ge-cumexact-taskrd-20260526-2ccb88e9-q10672-19875379-164.out,logs/cop165-cumulative-20260527-2ccb88e9-q10672/slurm-logs/xcsp-parse-cop-cumulative-165-order-ge-cumexact-taskrd-20260526-2ccb88e9-q10672-19875379-164.err,encode_failed,COMPLETED,0:0,00:00:03,sat variable count overflow,logs/cop165-cumulative-20260527-2ccb88e9-q10672/slurm-logs/xcsp-parse-cop-cumulative-165-order-ge-cumext-boundprop-20260526-2ccb88e9-q10672-19875380-164.out,logs/cop165-cumulative-20260527-2ccb88e9-q10672/slurm-logs/xcsp-parse-cop-cumulative-165-order-ge-cumext-boundprop-20260526-2ccb88e9-q10672-19875380-164.err
165,FlexibleJobshopScen-dh-5-20-400_c25.xml.lzma,COP22to25/FlexibleJobshopScen-dh-5-20-400_c25.xml.lzma,timeout_unknown,COMPLETED,0:0,00:30:07,terminated_by_signal,logs/cop165-cumulative-20260527-2ccb88e9-q10672/slurm-logs/xcsp-parse-cop-cumulative-165-log-scop-cumexact-timerd-20260526-2ccb88e9-q10672-19875381-165.out,logs/cop165-cumulative-20260527-2ccb88e9-q10672/slurm-logs/xcsp-parse-cop-cumulative-165-log-scop-cumexact-timerd-20260526-2ccb88e9-q10672-19875381-165.err,timeout_unknown,COMPLETED,0:0,00:30:04,terminated_by_signal,logs/cop165-cumulative-20260527-2ccb88e9-q10672/slurm-logs/xcsp-parse-cop-cumulative-165-log-scop-cumexact-taskrd-20260526-2ccb88e9-q10672-19875382-165.out,logs/cop165-cumulative-20260527-2ccb88e9-q10672/slurm-logs/xcsp-parse-cop-cumulative-165-log-scop-cumexact-taskrd-20260526-2ccb88e9-q10672-19875382-165.err,sat_no_proof,COMPLETED,0:0,00:02:11,best incumbent shown; objective improvement search stopped before optimality proof: log-scop eager incremental objective cut could not be encoded,logs/cop165-cumulative-20260527-2ccb88e9-q10672/slurm-logs/xcsp-parse-cop-cumulative-165-log-scop-cumext-boundprop-20260526-2ccb88e9-q10672-19875383-165.out,logs/cop165-cumulative-20260527-2ccb88e9-q10672/slurm-logs/xcsp-parse-cop-cumulative-165-log-scop-cumext-boundprop-20260526-2ccb88e9-q10672-19875383-165.err,timeout_unknown,COMPLETED,0:0,00:30:06,terminated_by_signal,logs/cop165-cumulative-20260527-2ccb88e9-q10672/slurm-logs/xcsp-parse-cop-cumulative-165-order-ge-cumexact-timerd-20260526-2ccb88e9-q10672-19875378-165.out,logs/cop165-cumulative-20260527-2ccb88e9-q10672/slurm-logs/xcsp-parse-cop-cumulative-165-order-ge-cumexact-timerd-20260526-2ccb88e9-q10672-19875378-165.err,out_of_memory,OUT_OF_MEMORY,0:125,00:06:27,slurmstepd: error: Detected 1 oom-kill event(s) in StepId=19875379.batch. Some of your processes may have been killed by the cgroup out-of-memory handler.,logs/cop165-cumulative-20260527-2ccb88e9-q10672/slurm-logs/xcsp-parse-cop-cumulative-165-order-ge-cumexact-taskrd-20260526-2ccb88e9-q10672-19875379-165.out,logs/cop165-cumulative-20260527-2ccb88e9-q10672/slurm-logs/xcsp-parse-cop-cumulative-165-order-ge-cumexact-taskrd-20260526-2ccb88e9-q10672-19875379-165.err,timeout_unknown,COMPLETED,0:0,00:30:06,terminated_by_signal,logs/cop165-cumulative-20260527-2ccb88e9-q10672/slurm-logs/xcsp-parse-cop-cumulative-165-order-ge-cumext-boundprop-20260526-2ccb88e9-q10672-19875380-165.out,logs/cop165-cumulative-20260527-2ccb88e9-q10672/slurm-logs/xcsp-parse-cop-cumulative-165-order-ge-cumext-boundprop-20260526-2ccb88e9-q10672-19875380-165.err
