19875378_1|19875384|xcsp-parse-cop-cumulative-165-order-ge-cumexact-timerd-20260526-2ccb88e9-q10672|COMPLETED|0:0|00:30:04
19875378_1.batch|19875384.batch|batch|COMPLETED|0:0|00:30:04
19875378_1.extern|19875384.extern|extern|COMPLETED|0:0|00:30:04
19875378_2|19875385|xcsp-parse-cop-cumulative-165-order-ge-cumexact-timerd-20260526-2ccb88e9-q10672|COMPLETED|0:0|00:00:11
19875378_2.batch|19875385.batch|batch|COMPLETED|0:0|00:00:11
19875378_2.extern|19875385.extern|extern|COMPLETED|0:0|00:00:11
19875378_3|19875386|xcsp-parse-cop-cumulative-165-order-ge-cumexact-timerd-20260526-2ccb88e9-q10672|COMPLETED|0:0|00:00:08
19875378_3.batch|19875386.batch|batch|COMPLETED|0:0|00:00:08
19875378_3.extern|19875386.extern|extern|COMPLETED|0:0|00:00:08
19875378_4|19875387|xcsp-parse-cop-cumulative-165-order-ge-cumexact-timerd-20260526-2ccb88e9-q10672|COMPLETED|0:0|00:30:04
19875378_4.batch|19875387.batch|batch|COMPLETED|0:0|00:30:04
19875378_4.extern|19875387.extern|extern|COMPLETED|0:0|00:30:04
19875378_5|19875388|xcsp-parse-cop-cumulative-165-order-ge-cumexact-timerd-20260526-2ccb88e9-q10672|COMPLETED|0:0|00:30:04
19875378_5.batch|19875388.batch|batch|COMPLETED|0:0|00:30:04
19875378_5.extern|19875388.extern|extern|COMPLETED|0:0|00:30:04
19875378_6|19875389|xcsp-parse-cop-cumulative-165-order-ge-cumexact-timerd-20260526-2ccb88e9-q10672|OUT_OF_MEMORY|0:125|00:05:40
19875378_6.batch|19875389.batch|batch|OUT_OF_MEMORY|0:125|00:05:40
19875378_6.extern|19875389.extern|extern|OUT_OF_MEMORY|0:125|00:05:40
19875378_7|19875390|xcsp-parse-cop-cumulative-165-order-ge-cumexact-timerd-20260526-2ccb88e9-q10672|COMPLETED|0:0|00:06:47
19875378_7.batch|19875390.batch|batch|COMPLETED|0:0|00:06:47
19875378_7.extern|19875390.extern|extern|COMPLETED|0:0|00:06:47
19875378_8|19875391|xcsp-parse-cop-cumulative-165-order-ge-cumexact-timerd-20260526-2ccb88e9-q10672|COMPLETED|0:0|00:06:01
19875378_8.batch|19875391.batch|batch|COMPLETED|0:0|00:06:01
19875378_8.extern|19875391.extern|extern|COMPLETED|0:0|00:06:01
19875378_9|19875392|xcsp-parse-cop-cumulative-165-order-ge-cumexact-timerd-20260526-2ccb88e9-q10672|COMPLETED|0:0|00:03:26
19875378_9.batch|19875392.batch|batch|COMPLETED|0:0|00:03:26
19875378_9.extern|19875392.extern|extern|COMPLETED|0:0|00:03:26
19875378_10|19875393|xcsp-parse-cop-cumulative-165-order-ge-cumexact-timerd-20260526-2ccb88e9-q10672|COMPLETED|0:0|00:03:42
19875378_10.batch|19875393.batch|batch|COMPLETED|0:0|00:03:42
19875378_10.extern|19875393.extern|extern|COMPLETED|0:0|00:03:42
19875378_11|19875394|xcsp-parse-cop-cumulative-165-order-ge-cumexact-timerd-20260526-2ccb88e9-q10672|COMPLETED|0:0|00:01:54
19875378_11.batch|19875394.batch|batch|COMPLETED|0:0|00:01:54
19875378_11.extern|19875394.extern|extern|COMPLETED|0:0|00:01:54
19875378_12|19875395|xcsp-parse-cop-cumulative-165-order-ge-cumexact-timerd-20260526-2ccb88e9-q10672|COMPLETED|0:0|00:03:20
19875378_12.batch|19875395.batch|batch|COMPLETED|0:0|00:03:20
19875378_12.extern|19875395.extern|extern|COMPLETED|0:0|00:03:20
19875378_13|19875396|xcsp-parse-cop-cumulative-165-order-ge-cumexact-timerd-20260526-2ccb88e9-q10672|COMPLETED|0:0|00:07:21
19875378_13.batch|19875396.batch|batch|COMPLETED|0:0|00:07:21
19875378_13.extern|19875396.extern|extern|COMPLETED|0:0|00:07:21
19875378_14|19875397|xcsp-parse-cop-cumulative-165-order-ge-cumexact-timerd-20260526-2ccb88e9-q10672|COMPLETED|0:0|00:03:53
19875378_14.batch|19875397.batch|batch|COMPLETED|0:0|00:03:53
19875378_14.extern|19875397.extern|extern|COMPLETED|0:0|00:03:53
19875378_15|19875398|xcsp-parse-cop-cumulative-165-order-ge-cumexact-timerd-20260526-2ccb88e9-q10672|COMPLETED|0:0|00:03:31
19875378_15.batch|19875398.batch|batch|COMPLETED|0:0|00:03:31
19875378_15.extern|19875398.extern|extern|COMPLETED|0:0|00:03:31
19875378_16|19875399|xcsp-parse-cop-cumulative-165-order-ge-cumexact-timerd-20260526-2ccb88e9-q10672|COMPLETED|0:0|00:03:51
19875378_16.batch|19875399.batch|batch|COMPLETED|0:0|00:03:51
19875378_16.extern|19875399.extern|extern|COMPLETED|0:0|00:03:51
19875378_17|19875401|xcsp-parse-cop-cumulative-165-order-ge-cumexact-timerd-20260526-2ccb88e9-q10672|COMPLETED|0:0|00:03:40
19875378_17.batch|19875401.batch|batch|COMPLETED|0:0|00:03:40
19875378_17.extern|19875401.extern|extern|COMPLETED|0:0|00:03:40
19875378_18|19875402|xcsp-parse-cop-cumulative-165-order-ge-cumexact-timerd-20260526-2ccb88e9-q10672|COMPLETED|0:0|00:02:27
19875378_18.batch|19875402.batch|batch|COMPLETED|0:0|00:02:27
19875378_18.extern|19875402.extern|extern|COMPLETED|0:0|00:02:27
19875378_19|19875421|xcsp-parse-cop-cumulative-165-order-ge-cumexact-timerd-20260526-2ccb88e9-q10672|COMPLETED|0:0|00:01:32
19875378_19.batch|19875421.batch|batch|COMPLETED|0:0|00:01:32
19875378_19.extern|19875421.extern|extern|COMPLETED|0:0|00:01:32
19875378_20|19875423|xcsp-parse-cop-cumulative-165-order-ge-cumexact-timerd-20260526-2ccb88e9-q10672|COMPLETED|0:0|00:00:59
19875378_20.batch|19875423.batch|batch|COMPLETED|0:0|00:00:59
19875378_20.extern|19875423.extern|extern|COMPLETED|0:0|00:01:00
19875378_21|19875428|xcsp-parse-cop-cumulative-165-order-ge-cumexact-timerd-20260526-2ccb88e9-q10672|COMPLETED|0:0|00:00:25
19875378_21.batch|19875428.batch|batch|COMPLETED|0:0|00:00:25
19875378_21.extern|19875428.extern|extern|COMPLETED|0:0|00:00:25
19875378_22|19875430|xcsp-parse-cop-cumulative-165-order-ge-cumexact-timerd-20260526-2ccb88e9-q10672|OUT_OF_MEMORY|0:125|00:06:22
19875378_22.batch|19875430.batch|batch|OUT_OF_MEMORY|0:125|00:06:22
19875378_22.extern|19875430.extern|extern|OUT_OF_MEMORY|0:125|00:06:22
19875378_23|19875433|xcsp-parse-cop-cumulative-165-order-ge-cumexact-timerd-20260526-2ccb88e9-q10672|OUT_OF_MEMORY|0:125|00:05:30
19875378_23.batch|19875433.batch|batch|OUT_OF_MEMORY|0:125|00:05:30
19875378_23.extern|19875433.extern|extern|OUT_OF_MEMORY|0:125|00:05:30
19875378_24|19875434|xcsp-parse-cop-cumulative-165-order-ge-cumexact-timerd-20260526-2ccb88e9-q10672|COMPLETED|0:0|00:30:04
19875378_24.batch|19875434.batch|batch|COMPLETED|0:0|00:30:04
19875378_24.extern|19875434.extern|extern|COMPLETED|0:0|00:30:04
19875378_25|19875437|xcsp-parse-cop-cumulative-165-order-ge-cumexact-timerd-20260526-2ccb88e9-q10672|OUT_OF_MEMORY|0:125|00:06:10
19875378_25.batch|19875437.batch|batch|OUT_OF_MEMORY|0:125|00:06:10
19875378_25.extern|19875437.extern|extern|OUT_OF_MEMORY|0:125|00:06:10
19875378_26|19875438|xcsp-parse-cop-cumulative-165-order-ge-cumexact-timerd-20260526-2ccb88e9-q10672|COMPLETED|0:0|00:00:19
19875378_26.batch|19875438.batch|batch|COMPLETED|0:0|00:00:19
19875378_26.extern|19875438.extern|extern|COMPLETED|0:0|00:00:19
19875378_27|19875439|xcsp-parse-cop-cumulative-165-order-ge-cumexact-timerd-20260526-2ccb88e9-q10672|COMPLETED|0:0|00:05:53
19875378_27.batch|19875439.batch|batch|COMPLETED|0:0|00:05:53
19875378_27.extern|19875439.extern|extern|COMPLETED|0:0|00:05:53
19875378_28|19875440|xcsp-parse-cop-cumulative-165-order-ge-cumexact-timerd-20260526-2ccb88e9-q10672|COMPLETED|0:0|00:30:04
19875378_28.batch|19875440.batch|batch|COMPLETED|0:0|00:30:04
19875378_28.extern|19875440.extern|extern|COMPLETED|0:0|00:30:04
19875378_29|19875441|xcsp-parse-cop-cumulative-165-order-ge-cumexact-timerd-20260526-2ccb88e9-q10672|OUT_OF_MEMORY|0:125|00:02:45
19875378_29.batch|19875441.batch|batch|OUT_OF_MEMORY|0:125|00:02:45
19875378_29.extern|19875441.extern|extern|OUT_OF_MEMORY|0:125|00:02:45
19875378_30|19875442|xcsp-parse-cop-cumulative-165-order-ge-cumexact-timerd-20260526-2ccb88e9-q10672|COMPLETED|0:0|00:30:05
19875378_30.batch|19875442.batch|batch|COMPLETED|0:0|00:30:05
19875378_30.extern|19875442.extern|extern|COMPLETED|0:0|00:30:05
19875378_31|19875443|xcsp-parse-cop-cumulative-165-order-ge-cumexact-timerd-20260526-2ccb88e9-q10672|COMPLETED|0:0|00:00:26
19875378_31.batch|19875443.batch|batch|COMPLETED|0:0|00:00:26
19875378_31.extern|19875443.extern|extern|COMPLETED|0:0|00:00:26
19875378_32|19875447|xcsp-parse-cop-cumulative-165-order-ge-cumexact-timerd-20260526-2ccb88e9-q10672|COMPLETED|0:0|00:12:09
19875378_32.batch|19875447.batch|batch|COMPLETED|0:0|00:12:09
19875378_32.extern|19875447.extern|extern|COMPLETED|0:0|00:12:09
19875378_33|19875451|xcsp-parse-cop-cumulative-165-order-ge-cumexact-timerd-20260526-2ccb88e9-q10672|OUT_OF_MEMORY|0:125|00:05:17
19875378_33.batch|19875451.batch|batch|OUT_OF_MEMORY|0:125|00:05:17
19875378_33.extern|19875451.extern|extern|OUT_OF_MEMORY|0:125|00:05:17
19875378_34|19875454|xcsp-parse-cop-cumulative-165-order-ge-cumexact-timerd-20260526-2ccb88e9-q10672|COMPLETED|0:0|00:13:13
19875378_34.batch|19875454.batch|batch|COMPLETED|0:0|00:13:13
19875378_34.extern|19875454.extern|extern|COMPLETED|0:0|00:13:13
19875378_35|19875455|xcsp-parse-cop-cumulative-165-order-ge-cumexact-timerd-20260526-2ccb88e9-q10672|COMPLETED|0:0|00:13:41
19875378_35.batch|19875455.batch|batch|COMPLETED|0:0|00:13:41
19875378_35.extern|19875455.extern|extern|COMPLETED|0:0|00:13:41
19875378_36|19875456|xcsp-parse-cop-cumulative-165-order-ge-cumexact-timerd-20260526-2ccb88e9-q10672|COMPLETED|0:0|00:02:57
19875378_36.batch|19875456.batch|batch|COMPLETED|0:0|00:02:57
19875378_36.extern|19875456.extern|extern|COMPLETED|0:0|00:02:57
19875378_37|19875459|xcsp-parse-cop-cumulative-165-order-ge-cumexact-timerd-20260526-2ccb88e9-q10672|COMPLETED|0:0|00:10:43
19875378_37.batch|19875459.batch|batch|COMPLETED|0:0|00:10:43
19875378_37.extern|19875459.extern|extern|COMPLETED|0:0|00:10:43
19875378_38|19875465|xcsp-parse-cop-cumulative-165-order-ge-cumexact-timerd-20260526-2ccb88e9-q10672|COMPLETED|0:0|00:04:54
19875378_38.batch|19875465.batch|batch|COMPLETED|0:0|00:04:54
19875378_38.extern|19875465.extern|extern|COMPLETED|0:0|00:04:54
19875378_39|19875468|xcsp-parse-cop-cumulative-165-order-ge-cumexact-timerd-20260526-2ccb88e9-q10672|COMPLETED|0:0|00:05:02
19875378_39.batch|19875468.batch|batch|COMPLETED|0:0|00:05:02
19875378_39.extern|19875468.extern|extern|COMPLETED|0:0|00:05:02
19875378_40|19875469|xcsp-parse-cop-cumulative-165-order-ge-cumexact-timerd-20260526-2ccb88e9-q10672|COMPLETED|0:0|00:04:07
19875378_40.batch|19875469.batch|batch|COMPLETED|0:0|00:04:07
19875378_40.extern|19875469.extern|extern|COMPLETED|0:0|00:04:07
19875378_41|19875470|xcsp-parse-cop-cumulative-165-order-ge-cumexact-timerd-20260526-2ccb88e9-q10672|COMPLETED|0:0|00:04:33
19875378_41.batch|19875470.batch|batch|COMPLETED|0:0|00:04:33
19875378_41.extern|19875470.extern|extern|COMPLETED|0:0|00:04:33
19875378_42|19875471|xcsp-parse-cop-cumulative-165-order-ge-cumexact-timerd-20260526-2ccb88e9-q10672|COMPLETED|0:0|00:10:29
19875378_42.batch|19875471.batch|batch|COMPLETED|0:0|00:10:29
19875378_42.extern|19875471.extern|extern|COMPLETED|0:0|00:10:29
19875378_43|19875474|xcsp-parse-cop-cumulative-165-order-ge-cumexact-timerd-20260526-2ccb88e9-q10672|COMPLETED|0:0|00:11:48
19875378_43.batch|19875474.batch|batch|COMPLETED|0:0|00:11:48
19875378_43.extern|19875474.extern|extern|COMPLETED|0:0|00:11:48
19875378_44|19875479|xcsp-parse-cop-cumulative-165-order-ge-cumexact-timerd-20260526-2ccb88e9-q10672|COMPLETED|0:0|00:02:36
19875378_44.batch|19875479.batch|batch|COMPLETED|0:0|00:02:36
19875378_44.extern|19875479.extern|extern|COMPLETED|0:0|00:02:36
19875378_45|19875480|xcsp-parse-cop-cumulative-165-order-ge-cumexact-timerd-20260526-2ccb88e9-q10672|COMPLETED|0:0|00:06:23
19875378_45.batch|19875480.batch|batch|COMPLETED|0:0|00:06:23
19875378_45.extern|19875480.extern|extern|COMPLETED|0:0|00:06:23
19875378_46|19875483|xcsp-parse-cop-cumulative-165-order-ge-cumexact-timerd-20260526-2ccb88e9-q10672|OUT_OF_MEMORY|0:125|00:06:52
19875378_46.batch|19875483.batch|batch|OUT_OF_MEMORY|0:125|00:06:52
19875378_46.extern|19875483.extern|extern|OUT_OF_MEMORY|0:125|00:06:52
19875378_47|19875484|xcsp-parse-cop-cumulative-165-order-ge-cumexact-timerd-20260526-2ccb88e9-q10672|OUT_OF_MEMORY|0:125|00:05:38
19875378_47.batch|19875484.batch|batch|OUT_OF_MEMORY|0:125|00:05:38
19875378_47.extern|19875484.extern|extern|OUT_OF_MEMORY|0:125|00:05:38
19875378_48|19875485|xcsp-parse-cop-cumulative-165-order-ge-cumexact-timerd-20260526-2ccb88e9-q10672|OUT_OF_MEMORY|0:125|00:04:59
19875378_48.batch|19875485.batch|batch|OUT_OF_MEMORY|0:125|00:04:59
19875378_48.extern|19875485.extern|extern|OUT_OF_MEMORY|0:125|00:04:59
19875378_49|19875486|xcsp-parse-cop-cumulative-165-order-ge-cumexact-timerd-20260526-2ccb88e9-q10672|COMPLETED|0:0|00:13:21
19875378_49.batch|19875486.batch|batch|COMPLETED|0:0|00:13:21
19875378_49.extern|19875486.extern|extern|COMPLETED|0:0|00:13:21
19875378_50|19875503|xcsp-parse-cop-cumulative-165-order-ge-cumexact-timerd-20260526-2ccb88e9-q10672|OUT_OF_MEMORY|0:125|00:05:47
19875378_50.batch|19875503.batch|batch|OUT_OF_MEMORY|0:125|00:05:47
19875378_50.extern|19875503.extern|extern|OUT_OF_MEMORY|0:125|00:05:47
19875378_51|19875506|xcsp-parse-cop-cumulative-165-order-ge-cumexact-timerd-20260526-2ccb88e9-q10672|COMPLETED|0:0|00:30:06
19875378_51.batch|19875506.batch|batch|COMPLETED|0:0|00:30:06
19875378_51.extern|19875506.extern|extern|COMPLETED|0:0|00:30:07
19875378_52|19875514|xcsp-parse-cop-cumulative-165-order-ge-cumexact-timerd-20260526-2ccb88e9-q10672|COMPLETED|0:0|00:00:31
19875378_52.batch|19875514.batch|batch|COMPLETED|0:0|00:00:31
19875378_52.extern|19875514.extern|extern|COMPLETED|0:0|00:00:31
19875378_53|19875515|xcsp-parse-cop-cumulative-165-order-ge-cumexact-timerd-20260526-2ccb88e9-q10672|COMPLETED|0:0|00:01:05
19875378_53.batch|19875515.batch|batch|COMPLETED|0:0|00:01:05
19875378_53.extern|19875515.extern|extern|COMPLETED|0:0|00:01:05
19875378_54|19875516|xcsp-parse-cop-cumulative-165-order-ge-cumexact-timerd-20260526-2ccb88e9-q10672|COMPLETED|0:0|00:01:18
19875378_54.batch|19875516.batch|batch|COMPLETED|0:0|00:01:18
19875378_54.extern|19875516.extern|extern|COMPLETED|0:0|00:01:18
19875378_55|19875517|xcsp-parse-cop-cumulative-165-order-ge-cumexact-timerd-20260526-2ccb88e9-q10672|OUT_OF_MEMORY|0:125|00:16:24
19875378_55.batch|19875517.batch|batch|OUT_OF_MEMORY|0:125|00:16:24
19875378_55.extern|19875517.extern|extern|OUT_OF_MEMORY|0:125|00:16:24
19875378_56|19875519|xcsp-parse-cop-cumulative-165-order-ge-cumexact-timerd-20260526-2ccb88e9-q10672|OUT_OF_MEMORY|0:125|00:03:14
19875378_56.batch|19875519.batch|batch|OUT_OF_MEMORY|0:125|00:03:14
19875378_56.extern|19875519.extern|extern|OUT_OF_MEMORY|0:125|00:03:14
19875378_57|19875522|xcsp-parse-cop-cumulative-165-order-ge-cumexact-timerd-20260526-2ccb88e9-q10672|OUT_OF_MEMORY|0:125|00:09:13
19875378_57.batch|19875522.batch|batch|OUT_OF_MEMORY|0:125|00:09:13
19875378_57.extern|19875522.extern|extern|OUT_OF_MEMORY|0:125|00:09:13
19875378_58|19875523|xcsp-parse-cop-cumulative-165-order-ge-cumexact-timerd-20260526-2ccb88e9-q10672|OUT_OF_MEMORY|0:125|00:12:25
19875378_58.batch|19875523.batch|batch|OUT_OF_MEMORY|0:125|00:12:25
19875378_58.extern|19875523.extern|extern|OUT_OF_MEMORY|0:125|00:12:25
19875378_59|19875524|xcsp-parse-cop-cumulative-165-order-ge-cumexact-timerd-20260526-2ccb88e9-q10672|OUT_OF_MEMORY|0:125|00:04:42
19875378_59.batch|19875524.batch|batch|OUT_OF_MEMORY|0:125|00:04:42
19875378_59.extern|19875524.extern|extern|OUT_OF_MEMORY|0:125|00:04:42
19875378_60|19875531|xcsp-parse-cop-cumulative-165-order-ge-cumexact-timerd-20260526-2ccb88e9-q10672|OUT_OF_MEMORY|0:125|00:02:56
19875378_60.batch|19875531.batch|batch|OUT_OF_MEMORY|0:125|00:02:56
19875378_60.extern|19875531.extern|extern|OUT_OF_MEMORY|0:125|00:02:56
19875378_61|19875545|xcsp-parse-cop-cumulative-165-order-ge-cumexact-timerd-20260526-2ccb88e9-q10672|OUT_OF_MEMORY|0:125|00:05:28
19875378_61.batch|19875545.batch|batch|OUT_OF_MEMORY|0:125|00:05:28
19875378_61.extern|19875545.extern|extern|OUT_OF_MEMORY|0:125|00:05:28
19875378_62|19875550|xcsp-parse-cop-cumulative-165-order-ge-cumexact-timerd-20260526-2ccb88e9-q10672|OUT_OF_MEMORY|0:125|00:02:47
19875378_62.batch|19875550.batch|batch|OUT_OF_MEMORY|0:125|00:02:47
19875378_62.extern|19875550.extern|extern|OUT_OF_MEMORY|0:125|00:02:47
19875378_63|19875552|xcsp-parse-cop-cumulative-165-order-ge-cumexact-timerd-20260526-2ccb88e9-q10672|OUT_OF_MEMORY|0:125|00:03:40
19875378_63.batch|19875552.batch|batch|OUT_OF_MEMORY|0:125|00:03:40
19875378_63.extern|19875552.extern|extern|OUT_OF_MEMORY|0:125|00:03:40
19875378_64|19875554|xcsp-parse-cop-cumulative-165-order-ge-cumexact-timerd-20260526-2ccb88e9-q10672|COMPLETED|0:0|00:30:04
19875378_64.batch|19875554.batch|batch|COMPLETED|0:0|00:30:04
19875378_64.extern|19875554.extern|extern|COMPLETED|0:0|00:30:04
19875378_65|19875558|xcsp-parse-cop-cumulative-165-order-ge-cumexact-timerd-20260526-2ccb88e9-q10672|COMPLETED|0:0|00:30:04
19875378_65.batch|19875558.batch|batch|COMPLETED|0:0|00:30:04
19875378_65.extern|19875558.extern|extern|COMPLETED|0:0|00:30:04
19875378_66|19875565|xcsp-parse-cop-cumulative-165-order-ge-cumexact-timerd-20260526-2ccb88e9-q10672|COMPLETED|0:0|00:01:30
19875378_66.batch|19875565.batch|batch|COMPLETED|0:0|00:01:30
19875378_66.extern|19875565.extern|extern|COMPLETED|0:0|00:01:30
19875378_67|19875590|xcsp-parse-cop-cumulative-165-order-ge-cumexact-timerd-20260526-2ccb88e9-q10672|COMPLETED|0:0|00:30:04
19875378_67.batch|19875590.batch|batch|COMPLETED|0:0|00:30:04
19875378_67.extern|19875590.extern|extern|COMPLETED|0:0|00:30:04
19875378_68|19875594|xcsp-parse-cop-cumulative-165-order-ge-cumexact-timerd-20260526-2ccb88e9-q10672|COMPLETED|0:0|00:30:06
19875378_68.batch|19875594.batch|batch|COMPLETED|0:0|00:30:06
19875378_68.extern|19875594.extern|extern|COMPLETED|0:0|00:30:06
19875378_69|19875595|xcsp-parse-cop-cumulative-165-order-ge-cumexact-timerd-20260526-2ccb88e9-q10672|OUT_OF_MEMORY|0:125|00:03:47
19875378_69.batch|19875595.batch|batch|OUT_OF_MEMORY|0:125|00:03:47
19875378_69.extern|19875595.extern|extern|OUT_OF_MEMORY|0:125|00:03:47
19875378_70|19875629|xcsp-parse-cop-cumulative-165-order-ge-cumexact-timerd-20260526-2ccb88e9-q10672|COMPLETED|0:0|00:01:03
19875378_70.batch|19875629.batch|batch|COMPLETED|0:0|00:01:03
19875378_70.extern|19875629.extern|extern|COMPLETED|0:0|00:01:03
19875378_71|19875630|xcsp-parse-cop-cumulative-165-order-ge-cumexact-timerd-20260526-2ccb88e9-q10672|OUT_OF_MEMORY|0:125|00:03:01
19875378_71.batch|19875630.batch|batch|OUT_OF_MEMORY|0:125|00:03:01
19875378_71.extern|19875630.extern|extern|OUT_OF_MEMORY|0:125|00:03:01
19875378_72|19875631|xcsp-parse-cop-cumulative-165-order-ge-cumexact-timerd-20260526-2ccb88e9-q10672|OUT_OF_MEMORY|0:125|00:02:36
19875378_72.batch|19875631.batch|batch|OUT_OF_MEMORY|0:125|00:02:36
19875378_72.extern|19875631.extern|extern|OUT_OF_MEMORY|0:125|00:02:36
19875378_73|19875638|xcsp-parse-cop-cumulative-165-order-ge-cumexact-timerd-20260526-2ccb88e9-q10672|OUT_OF_MEMORY|0:125|00:03:22
19875378_73.batch|19875638.batch|batch|OUT_OF_MEMORY|0:125|00:03:22
19875378_73.extern|19875638.extern|extern|OUT_OF_MEMORY|0:125|00:03:22
19875378_74|19875640|xcsp-parse-cop-cumulative-165-order-ge-cumexact-timerd-20260526-2ccb88e9-q10672|COMPLETED|0:0|00:00:37
19875378_74.batch|19875640.batch|batch|COMPLETED|0:0|00:00:37
19875378_74.extern|19875640.extern|extern|COMPLETED|0:0|00:00:37
19875378_75|19875645|xcsp-parse-cop-cumulative-165-order-ge-cumexact-timerd-20260526-2ccb88e9-q10672|OUT_OF_MEMORY|0:125|00:03:14
19875378_75.batch|19875645.batch|batch|OUT_OF_MEMORY|0:125|00:03:14
19875378_75.extern|19875645.extern|extern|OUT_OF_MEMORY|0:125|00:03:14
19875378_76|19875649|xcsp-parse-cop-cumulative-165-order-ge-cumexact-timerd-20260526-2ccb88e9-q10672|COMPLETED|0:0|00:30:04
19875378_76.batch|19875649.batch|batch|COMPLETED|0:0|00:30:04
19875378_76.extern|19875649.extern|extern|COMPLETED|0:0|00:30:04
19875378_77|19875651|xcsp-parse-cop-cumulative-165-order-ge-cumexact-timerd-20260526-2ccb88e9-q10672|COMPLETED|0:0|00:30:05
19875378_77.batch|19875651.batch|batch|COMPLETED|0:0|00:30:05
19875378_77.extern|19875651.extern|extern|COMPLETED|0:0|00:30:05
19875378_78|19875654|xcsp-parse-cop-cumulative-165-order-ge-cumexact-timerd-20260526-2ccb88e9-q10672|OUT_OF_MEMORY|0:125|00:02:58
19875378_78.batch|19875654.batch|batch|OUT_OF_MEMORY|0:125|00:02:58
19875378_78.extern|19875654.extern|extern|OUT_OF_MEMORY|0:125|00:02:58
19875378_79|19875658|xcsp-parse-cop-cumulative-165-order-ge-cumexact-timerd-20260526-2ccb88e9-q10672|COMPLETED|0:0|00:30:05
19875378_79.batch|19875658.batch|batch|COMPLETED|0:0|00:30:05
19875378_79.extern|19875658.extern|extern|COMPLETED|0:0|00:30:05
19875378_80|19875660|xcsp-parse-cop-cumulative-165-order-ge-cumexact-timerd-20260526-2ccb88e9-q10672|COMPLETED|0:0|00:02:31
19875378_80.batch|19875660.batch|batch|COMPLETED|0:0|00:02:31
19875378_80.extern|19875660.extern|extern|COMPLETED|0:0|00:02:31
19875378_81|19875661|xcsp-parse-cop-cumulative-165-order-ge-cumexact-timerd-20260526-2ccb88e9-q10672|COMPLETED|0:0|00:30:03
19875378_81.batch|19875661.batch|batch|COMPLETED|0:0|00:30:03
19875378_81.extern|19875661.extern|extern|COMPLETED|0:0|00:30:03
19875378_82|19875663|xcsp-parse-cop-cumulative-165-order-ge-cumexact-timerd-20260526-2ccb88e9-q10672|OUT_OF_MEMORY|0:125|00:14:49
19875378_82.batch|19875663.batch|batch|OUT_OF_MEMORY|0:125|00:14:49
19875378_82.extern|19875663.extern|extern|OUT_OF_MEMORY|0:125|00:14:49
19875378_83|19875679|xcsp-parse-cop-cumulative-165-order-ge-cumexact-timerd-20260526-2ccb88e9-q10672|COMPLETED|0:0|00:18:02
19875378_83.batch|19875679.batch|batch|COMPLETED|0:0|00:18:02
19875378_83.extern|19875679.extern|extern|COMPLETED|0:0|00:18:02
19875378_84|19875680|xcsp-parse-cop-cumulative-165-order-ge-cumexact-timerd-20260526-2ccb88e9-q10672|COMPLETED|0:0|00:30:04
19875378_84.batch|19875680.batch|batch|COMPLETED|0:0|00:30:04
19875378_84.extern|19875680.extern|extern|COMPLETED|0:0|00:30:04
19875378_85|19875681|xcsp-parse-cop-cumulative-165-order-ge-cumexact-timerd-20260526-2ccb88e9-q10672|COMPLETED|0:0|00:18:44
19875378_85.batch|19875681.batch|batch|COMPLETED|0:0|00:18:44
19875378_85.extern|19875681.extern|extern|COMPLETED|0:0|00:18:44
19875378_86|19875686|xcsp-parse-cop-cumulative-165-order-ge-cumexact-timerd-20260526-2ccb88e9-q10672|COMPLETED|0:0|00:30:05
19875378_86.batch|19875686.batch|batch|COMPLETED|0:0|00:30:05
19875378_86.extern|19875686.extern|extern|COMPLETED|0:0|00:30:05
19875378_87|19875688|xcsp-parse-cop-cumulative-165-order-ge-cumexact-timerd-20260526-2ccb88e9-q10672|COMPLETED|0:0|00:09:45
19875378_87.batch|19875688.batch|batch|COMPLETED|0:0|00:09:45
19875378_87.extern|19875688.extern|extern|COMPLETED|0:0|00:09:45
19875378_88|19875689|xcsp-parse-cop-cumulative-165-order-ge-cumexact-timerd-20260526-2ccb88e9-q10672|COMPLETED|0:0|00:30:05
19875378_88.batch|19875689.batch|batch|COMPLETED|0:0|00:30:05
19875378_88.extern|19875689.extern|extern|COMPLETED|0:0|00:30:05
19875378_89|19875739|xcsp-parse-cop-cumulative-165-order-ge-cumexact-timerd-20260526-2ccb88e9-q10672|COMPLETED|0:0|00:30:03
19875378_89.batch|19875739.batch|batch|COMPLETED|0:0|00:30:03
19875378_89.extern|19875739.extern|extern|COMPLETED|0:0|00:30:03
19875378_90|19875756|xcsp-parse-cop-cumulative-165-order-ge-cumexact-timerd-20260526-2ccb88e9-q10672|COMPLETED|0:0|00:28:54
19875378_90.batch|19875756.batch|batch|COMPLETED|0:0|00:28:54
19875378_90.extern|19875756.extern|extern|COMPLETED|0:0|00:28:54
19875378_91|19875757|xcsp-parse-cop-cumulative-165-order-ge-cumexact-timerd-20260526-2ccb88e9-q10672|COMPLETED|0:0|00:30:06
19875378_91.batch|19875757.batch|batch|COMPLETED|0:0|00:30:06
19875378_91.extern|19875757.extern|extern|COMPLETED|0:0|00:30:06
19875378_92|19875765|xcsp-parse-cop-cumulative-165-order-ge-cumexact-timerd-20260526-2ccb88e9-q10672|COMPLETED|0:0|00:30:04
19875378_92.batch|19875765.batch|batch|COMPLETED|0:0|00:30:04
19875378_92.extern|19875765.extern|extern|COMPLETED|0:0|00:30:04
19875378_93|19875769|xcsp-parse-cop-cumulative-165-order-ge-cumexact-timerd-20260526-2ccb88e9-q10672|COMPLETED|0:0|00:27:25
19875378_93.batch|19875769.batch|batch|COMPLETED|0:0|00:27:25
19875378_93.extern|19875769.extern|extern|COMPLETED|0:0|00:27:25
19875378_94|19875782|xcsp-parse-cop-cumulative-165-order-ge-cumexact-timerd-20260526-2ccb88e9-q10672|OUT_OF_MEMORY|0:125|00:27:11
19875378_94.batch|19875782.batch|batch|OUT_OF_MEMORY|0:125|00:27:11
19875378_94.extern|19875782.extern|extern|OUT_OF_MEMORY|0:125|00:27:11
19875378_95|19875786|xcsp-parse-cop-cumulative-165-order-ge-cumexact-timerd-20260526-2ccb88e9-q10672|COMPLETED|0:0|00:30:05
19875378_95.batch|19875786.batch|batch|COMPLETED|0:0|00:30:05
19875378_95.extern|19875786.extern|extern|COMPLETED|0:0|00:30:05
19875378_96|19875812|xcsp-parse-cop-cumulative-165-order-ge-cumexact-timerd-20260526-2ccb88e9-q10672|COMPLETED|0:0|00:30:04
19875378_96.batch|19875812.batch|batch|COMPLETED|0:0|00:30:04
19875378_96.extern|19875812.extern|extern|COMPLETED|0:0|00:30:04
19875378_97|19875819|xcsp-parse-cop-cumulative-165-order-ge-cumexact-timerd-20260526-2ccb88e9-q10672|COMPLETED|0:0|00:30:04
19875378_97.batch|19875819.batch|batch|COMPLETED|0:0|00:30:04
19875378_97.extern|19875819.extern|extern|COMPLETED|0:0|00:30:04
19875378_98|19875849|xcsp-parse-cop-cumulative-165-order-ge-cumexact-timerd-20260526-2ccb88e9-q10672|COMPLETED|0:0|00:15:51
19875378_98.batch|19875849.batch|batch|COMPLETED|0:0|00:15:51
19875378_98.extern|19875849.extern|extern|COMPLETED|0:0|00:15:51
19875378_99|19875870|xcsp-parse-cop-cumulative-165-order-ge-cumexact-timerd-20260526-2ccb88e9-q10672|OUT_OF_MEMORY|0:125|00:09:44
19875378_99.batch|19875870.batch|batch|OUT_OF_MEMORY|0:125|00:09:44
19875378_99.extern|19875870.extern|extern|OUT_OF_MEMORY|0:125|00:09:44
19875378_100|19875876|xcsp-parse-cop-cumulative-165-order-ge-cumexact-timerd-20260526-2ccb88e9-q10672|OUT_OF_MEMORY|0:125|00:09:34
19875378_100.batch|19875876.batch|batch|OUT_OF_MEMORY|0:125|00:09:34
19875378_100.extern|19875876.extern|extern|OUT_OF_MEMORY|0:125|00:09:34
19875378_101|19875880|xcsp-parse-cop-cumulative-165-order-ge-cumexact-timerd-20260526-2ccb88e9-q10672|COMPLETED|0:0|00:10:46
19875378_101.batch|19875880.batch|batch|COMPLETED|0:0|00:10:46
19875378_101.extern|19875880.extern|extern|COMPLETED|0:0|00:10:46
19875378_102|19875895|xcsp-parse-cop-cumulative-165-order-ge-cumexact-timerd-20260526-2ccb88e9-q10672|COMPLETED|0:0|00:12:13
19875378_102.batch|19875895.batch|batch|COMPLETED|0:0|00:12:13
19875378_102.extern|19875895.extern|extern|COMPLETED|0:0|00:12:13
19875378_103|19875908|xcsp-parse-cop-cumulative-165-order-ge-cumexact-timerd-20260526-2ccb88e9-q10672|COMPLETED|0:0|00:30:04
19875378_103.batch|19875908.batch|batch|COMPLETED|0:0|00:30:04
19875378_103.extern|19875908.extern|extern|COMPLETED|0:0|00:30:04
19875378_104|19875916|xcsp-parse-cop-cumulative-165-order-ge-cumexact-timerd-20260526-2ccb88e9-q10672|COMPLETED|0:0|00:02:39
19875378_104.batch|19875916.batch|batch|COMPLETED|0:0|00:02:39
19875378_104.extern|19875916.extern|extern|COMPLETED|0:0|00:02:40
19875378_105|19875949|xcsp-parse-cop-cumulative-165-order-ge-cumexact-timerd-20260526-2ccb88e9-q10672|COMPLETED|0:0|00:11:42
19875378_105.batch|19875949.batch|batch|COMPLETED|0:0|00:11:42
19875378_105.extern|19875949.extern|extern|COMPLETED|0:0|00:11:42
19875378_106|19875953|xcsp-parse-cop-cumulative-165-order-ge-cumexact-timerd-20260526-2ccb88e9-q10672|COMPLETED|0:0|00:19:57
19875378_106.batch|19875953.batch|batch|COMPLETED|0:0|00:19:57
19875378_106.extern|19875953.extern|extern|COMPLETED|0:0|00:19:57
19875378_107|19875954|xcsp-parse-cop-cumulative-165-order-ge-cumexact-timerd-20260526-2ccb88e9-q10672|COMPLETED|0:0|00:15:46
19875378_107.batch|19875954.batch|batch|COMPLETED|0:0|00:15:46
19875378_107.extern|19875954.extern|extern|COMPLETED|0:0|00:15:47
19875378_108|19875963|xcsp-parse-cop-cumulative-165-order-ge-cumexact-timerd-20260526-2ccb88e9-q10672|COMPLETED|0:0|00:30:08
19875378_108.batch|19875963.batch|batch|COMPLETED|0:0|00:30:08
19875378_108.extern|19875963.extern|extern|COMPLETED|0:0|00:30:08
19875378_109|19875970|xcsp-parse-cop-cumulative-165-order-ge-cumexact-timerd-20260526-2ccb88e9-q10672|COMPLETED|0:0|00:10:09
19875378_109.batch|19875970.batch|batch|COMPLETED|0:0|00:10:09
19875378_109.extern|19875970.extern|extern|COMPLETED|0:0|00:10:09
19875378_110|19875972|xcsp-parse-cop-cumulative-165-order-ge-cumexact-timerd-20260526-2ccb88e9-q10672|COMPLETED|0:0|00:13:20
19875378_110.batch|19875972.batch|batch|COMPLETED|0:0|00:13:20
19875378_110.extern|19875972.extern|extern|COMPLETED|0:0|00:13:20
19875378_111|19875973|xcsp-parse-cop-cumulative-165-order-ge-cumexact-timerd-20260526-2ccb88e9-q10672|COMPLETED|0:0|00:13:54
19875378_111.batch|19875973.batch|batch|COMPLETED|0:0|00:13:54
19875378_111.extern|19875973.extern|extern|COMPLETED|0:0|00:13:54
19875378_112|19875976|xcsp-parse-cop-cumulative-165-order-ge-cumexact-timerd-20260526-2ccb88e9-q10672|COMPLETED|0:0|00:00:03
19875378_112.batch|19875976.batch|batch|COMPLETED|0:0|00:00:03
19875378_112.extern|19875976.extern|extern|COMPLETED|0:0|00:00:03
19875378_113|19875977|xcsp-parse-cop-cumulative-165-order-ge-cumexact-timerd-20260526-2ccb88e9-q10672|COMPLETED|0:0|00:06:45
19875378_113.batch|19875977.batch|batch|COMPLETED|0:0|00:06:45
19875378_113.extern|19875977.extern|extern|COMPLETED|0:0|00:06:45
19875378_114|19875981|xcsp-parse-cop-cumulative-165-order-ge-cumexact-timerd-20260526-2ccb88e9-q10672|COMPLETED|0:0|00:01:04
19875378_114.batch|19875981.batch|batch|COMPLETED|0:0|00:01:04
19875378_114.extern|19875981.extern|extern|COMPLETED|0:0|00:01:04
19875378_115|19875986|xcsp-parse-cop-cumulative-165-order-ge-cumexact-timerd-20260526-2ccb88e9-q10672|COMPLETED|0:0|00:30:03
19875378_115.batch|19875986.batch|batch|COMPLETED|0:0|00:30:03
19875378_115.extern|19875986.extern|extern|COMPLETED|0:0|00:30:03
19875378_116|19875988|xcsp-parse-cop-cumulative-165-order-ge-cumexact-timerd-20260526-2ccb88e9-q10672|COMPLETED|0:0|00:27:21
19875378_116.batch|19875988.batch|batch|COMPLETED|0:0|00:27:21
19875378_116.extern|19875988.extern|extern|COMPLETED|0:0|00:27:21
19875378_117|19876070|xcsp-parse-cop-cumulative-165-order-ge-cumexact-timerd-20260526-2ccb88e9-q10672|COMPLETED|0:0|00:30:06
19875378_117.batch|19876070.batch|batch|COMPLETED|0:0|00:30:06
19875378_117.extern|19876070.extern|extern|COMPLETED|0:0|00:30:06
19875378_118|19876074|xcsp-parse-cop-cumulative-165-order-ge-cumexact-timerd-20260526-2ccb88e9-q10672|COMPLETED|0:0|00:30:07
19875378_118.batch|19876074.batch|batch|COMPLETED|0:0|00:30:07
19875378_118.extern|19876074.extern|extern|COMPLETED|0:0|00:30:07
19875378_119|19876075|xcsp-parse-cop-cumulative-165-order-ge-cumexact-timerd-20260526-2ccb88e9-q10672|COMPLETED|0:0|00:30:07
19875378_119.batch|19876075.batch|batch|COMPLETED|0:0|00:30:07
19875378_119.extern|19876075.extern|extern|COMPLETED|0:0|00:30:07
19875378_120|19876083|xcsp-parse-cop-cumulative-165-order-ge-cumexact-timerd-20260526-2ccb88e9-q10672|COMPLETED|0:0|00:30:07
19875378_120.batch|19876083.batch|batch|COMPLETED|0:0|00:30:07
19875378_120.extern|19876083.extern|extern|COMPLETED|0:0|00:30:07
19875378_121|19876093|xcsp-parse-cop-cumulative-165-order-ge-cumexact-timerd-20260526-2ccb88e9-q10672|COMPLETED|0:0|00:30:06
19875378_121.batch|19876093.batch|batch|COMPLETED|0:0|00:30:06
19875378_121.extern|19876093.extern|extern|COMPLETED|0:0|00:30:06
19875378_122|19876094|xcsp-parse-cop-cumulative-165-order-ge-cumexact-timerd-20260526-2ccb88e9-q10672|COMPLETED|0:0|00:30:05
19875378_122.batch|19876094.batch|batch|COMPLETED|0:0|00:30:05
19875378_122.extern|19876094.extern|extern|COMPLETED|0:0|00:30:05
19875378_123|19876099|xcsp-parse-cop-cumulative-165-order-ge-cumexact-timerd-20260526-2ccb88e9-q10672|COMPLETED|0:0|00:30:05
19875378_123.batch|19876099.batch|batch|COMPLETED|0:0|00:30:05
19875378_123.extern|19876099.extern|extern|COMPLETED|0:0|00:30:05
19875378_124|19876101|xcsp-parse-cop-cumulative-165-order-ge-cumexact-timerd-20260526-2ccb88e9-q10672|OUT_OF_MEMORY|0:125|00:08:49
19875378_124.batch|19876101.batch|batch|OUT_OF_MEMORY|0:125|00:08:49
19875378_124.extern|19876101.extern|extern|OUT_OF_MEMORY|0:125|00:08:49
19875378_125|19876120|xcsp-parse-cop-cumulative-165-order-ge-cumexact-timerd-20260526-2ccb88e9-q10672|COMPLETED|0:0|00:00:04
19875378_125.batch|19876120.batch|batch|COMPLETED|0:0|00:00:04
19875378_125.extern|19876120.extern|extern|COMPLETED|0:0|00:00:04
19875378_126|19876121|xcsp-parse-cop-cumulative-165-order-ge-cumexact-timerd-20260526-2ccb88e9-q10672|COMPLETED|0:0|00:15:52
19875378_126.batch|19876121.batch|batch|COMPLETED|0:0|00:15:52
19875378_126.extern|19876121.extern|extern|COMPLETED|0:0|00:15:52
19875378_127|19876200|xcsp-parse-cop-cumulative-165-order-ge-cumexact-timerd-20260526-2ccb88e9-q10672|OUT_OF_MEMORY|0:125|00:06:24
19875378_127.batch|19876200.batch|batch|OUT_OF_MEMORY|0:125|00:06:24
19875378_127.extern|19876200.extern|extern|OUT_OF_MEMORY|0:125|00:06:24
19875378_128|19876249|xcsp-parse-cop-cumulative-165-order-ge-cumexact-timerd-20260526-2ccb88e9-q10672|COMPLETED|0:0|00:09:16
19875378_128.batch|19876249.batch|batch|COMPLETED|0:0|00:09:16
19875378_128.extern|19876249.extern|extern|COMPLETED|0:0|00:09:16
19875378_129|19876265|xcsp-parse-cop-cumulative-165-order-ge-cumexact-timerd-20260526-2ccb88e9-q10672|COMPLETED|0:0|00:30:03
19875378_129.batch|19876265.batch|batch|COMPLETED|0:0|00:30:03
19875378_129.extern|19876265.extern|extern|COMPLETED|0:0|00:30:03
19875378_130|19876310|xcsp-parse-cop-cumulative-165-order-ge-cumexact-timerd-20260526-2ccb88e9-q10672|COMPLETED|0:0|00:19:22
19875378_130.batch|19876310.batch|batch|COMPLETED|0:0|00:19:22
19875378_130.extern|19876310.extern|extern|COMPLETED|0:0|00:19:22
19875378_131|19876312|xcsp-parse-cop-cumulative-165-order-ge-cumexact-timerd-20260526-2ccb88e9-q10672|COMPLETED|0:0|00:20:24
19875378_131.batch|19876312.batch|batch|COMPLETED|0:0|00:20:24
19875378_131.extern|19876312.extern|extern|COMPLETED|0:0|00:20:24
19875378_132|19876325|xcsp-parse-cop-cumulative-165-order-ge-cumexact-timerd-20260526-2ccb88e9-q10672|OUT_OF_MEMORY|0:125|00:06:24
19875378_132.batch|19876325.batch|batch|OUT_OF_MEMORY|0:125|00:06:24
19875378_132.extern|19876325.extern|extern|OUT_OF_MEMORY|0:125|00:06:24
19875378_133|19876427|xcsp-parse-cop-cumulative-165-order-ge-cumexact-timerd-20260526-2ccb88e9-q10672|OUT_OF_MEMORY|0:125|00:06:03
19875378_133.batch|19876427.batch|batch|OUT_OF_MEMORY|0:125|00:06:03
19875378_133.extern|19876427.extern|extern|OUT_OF_MEMORY|0:125|00:06:03
19875378_134|19876534|xcsp-parse-cop-cumulative-165-order-ge-cumexact-timerd-20260526-2ccb88e9-q10672|COMPLETED|0:0|00:30:05
19875378_134.batch|19876534.batch|batch|COMPLETED|0:0|00:30:05
19875378_134.extern|19876534.extern|extern|COMPLETED|0:0|00:30:05
19875378_135|19876554|xcsp-parse-cop-cumulative-165-order-ge-cumexact-timerd-20260526-2ccb88e9-q10672|COMPLETED|0:0|00:17:12
19875378_135.batch|19876554.batch|batch|COMPLETED|0:0|00:17:12
19875378_135.extern|19876554.extern|extern|COMPLETED|0:0|00:17:12
19875378_136|19876555|xcsp-parse-cop-cumulative-165-order-ge-cumexact-timerd-20260526-2ccb88e9-q10672|OUT_OF_MEMORY|0:125|00:06:10
19875378_136.batch|19876555.batch|batch|OUT_OF_MEMORY|0:125|00:06:10
19875378_136.extern|19876555.extern|extern|OUT_OF_MEMORY|0:125|00:06:10
19875378_137|19876586|xcsp-parse-cop-cumulative-165-order-ge-cumexact-timerd-20260526-2ccb88e9-q10672|COMPLETED|0:0|00:29:26
19875378_137.batch|19876586.batch|batch|COMPLETED|0:0|00:29:26
19875378_137.extern|19876586.extern|extern|COMPLETED|0:0|00:29:26
19875378_138|19876613|xcsp-parse-cop-cumulative-165-order-ge-cumexact-timerd-20260526-2ccb88e9-q10672|COMPLETED|0:0|00:30:03
19875378_138.batch|19876613.batch|batch|COMPLETED|0:0|00:30:03
19875378_138.extern|19876613.extern|extern|COMPLETED|0:0|00:30:03
19875378_139|19876631|xcsp-parse-cop-cumulative-165-order-ge-cumexact-timerd-20260526-2ccb88e9-q10672|COMPLETED|0:0|00:30:05
19875378_139.batch|19876631.batch|batch|COMPLETED|0:0|00:30:05
19875378_139.extern|19876631.extern|extern|COMPLETED|0:0|00:30:05
19875378_140|19876632|xcsp-parse-cop-cumulative-165-order-ge-cumexact-timerd-20260526-2ccb88e9-q10672|COMPLETED|0:0|00:30:05
19875378_140.batch|19876632.batch|batch|COMPLETED|0:0|00:30:05
19875378_140.extern|19876632.extern|extern|COMPLETED|0:0|00:30:05
19875378_141|19876639|xcsp-parse-cop-cumulative-165-order-ge-cumexact-timerd-20260526-2ccb88e9-q10672|COMPLETED|0:0|00:30:03
19875378_141.batch|19876639.batch|batch|COMPLETED|0:0|00:30:03
19875378_141.extern|19876639.extern|extern|COMPLETED|0:0|00:30:03
19875378_142|19876647|xcsp-parse-cop-cumulative-165-order-ge-cumexact-timerd-20260526-2ccb88e9-q10672|COMPLETED|0:0|00:30:04
19875378_142.batch|19876647.batch|batch|COMPLETED|0:0|00:30:04
19875378_142.extern|19876647.extern|extern|COMPLETED|0:0|00:30:04
19875378_143|19876648|xcsp-parse-cop-cumulative-165-order-ge-cumexact-timerd-20260526-2ccb88e9-q10672|COMPLETED|0:0|00:30:04
19875378_143.batch|19876648.batch|batch|COMPLETED|0:0|00:30:04
19875378_143.extern|19876648.extern|extern|COMPLETED|0:0|00:30:04
19875378_144|19876668|xcsp-parse-cop-cumulative-165-order-ge-cumexact-timerd-20260526-2ccb88e9-q10672|COMPLETED|0:0|00:30:05
19875378_144.batch|19876668.batch|batch|COMPLETED|0:0|00:30:05
19875378_144.extern|19876668.extern|extern|COMPLETED|0:0|00:30:05
19875378_145|19876673|xcsp-parse-cop-cumulative-165-order-ge-cumexact-timerd-20260526-2ccb88e9-q10672|COMPLETED|0:0|00:30:05
19875378_145.batch|19876673.batch|batch|COMPLETED|0:0|00:30:05
19875378_145.extern|19876673.extern|extern|COMPLETED|0:0|00:30:05
19875378_146|19876691|xcsp-parse-cop-cumulative-165-order-ge-cumexact-timerd-20260526-2ccb88e9-q10672|COMPLETED|0:0|00:30:04
19875378_146.batch|19876691.batch|batch|COMPLETED|0:0|00:30:04
19875378_146.extern|19876691.extern|extern|COMPLETED|0:0|00:30:04
19875378_147|19876692|xcsp-parse-cop-cumulative-165-order-ge-cumexact-timerd-20260526-2ccb88e9-q10672|COMPLETED|0:0|00:30:04
19875378_147.batch|19876692.batch|batch|COMPLETED|0:0|00:30:04
19875378_147.extern|19876692.extern|extern|COMPLETED|0:0|00:30:04
19875378_148|19876693|xcsp-parse-cop-cumulative-165-order-ge-cumexact-timerd-20260526-2ccb88e9-q10672|COMPLETED|0:0|00:00:06
19875378_148.batch|19876693.batch|batch|COMPLETED|0:0|00:00:06
19875378_148.extern|19876693.extern|extern|COMPLETED|0:0|00:00:06
19875378_149|19876694|xcsp-parse-cop-cumulative-165-order-ge-cumexact-timerd-20260526-2ccb88e9-q10672|OUT_OF_MEMORY|0:125|00:06:07
19875378_149.batch|19876694.batch|batch|OUT_OF_MEMORY|0:125|00:06:07
19875378_149.extern|19876694.extern|extern|OUT_OF_MEMORY|0:125|00:06:07
19875378_150|19876714|xcsp-parse-cop-cumulative-165-order-ge-cumexact-timerd-20260526-2ccb88e9-q10672|OUT_OF_MEMORY|0:125|00:07:14
19875378_150.batch|19876714.batch|batch|OUT_OF_MEMORY|0:125|00:07:14
19875378_150.extern|19876714.extern|extern|OUT_OF_MEMORY|0:125|00:07:14
19875378_151|19876762|xcsp-parse-cop-cumulative-165-order-ge-cumexact-timerd-20260526-2ccb88e9-q10672|COMPLETED|0:0|00:30:06
19875378_151.batch|19876762.batch|batch|COMPLETED|0:0|00:30:06
19875378_151.extern|19876762.extern|extern|COMPLETED|0:0|00:30:06
19875378_152|19876764|xcsp-parse-cop-cumulative-165-order-ge-cumexact-timerd-20260526-2ccb88e9-q10672|COMPLETED|0:0|00:30:06
19875378_152.batch|19876764.batch|batch|COMPLETED|0:0|00:30:06
19875378_152.extern|19876764.extern|extern|COMPLETED|0:0|00:30:06
19875378_153|19876770|xcsp-parse-cop-cumulative-165-order-ge-cumexact-timerd-20260526-2ccb88e9-q10672|COMPLETED|0:0|00:30:08
19875378_153.batch|19876770.batch|batch|COMPLETED|0:0|00:30:08
19875378_153.extern|19876770.extern|extern|COMPLETED|0:0|00:30:08
19875378_154|19876789|xcsp-parse-cop-cumulative-165-order-ge-cumexact-timerd-20260526-2ccb88e9-q10672|OUT_OF_MEMORY|0:125|00:06:19
19875378_154.batch|19876789.batch|batch|OUT_OF_MEMORY|0:125|00:06:19
19875378_154.extern|19876789.extern|extern|OUT_OF_MEMORY|0:125|00:06:19
19875378_155|19876978|xcsp-parse-cop-cumulative-165-order-ge-cumexact-timerd-20260526-2ccb88e9-q10672|COMPLETED|0:0|00:00:03
19875378_155.batch|19876978.batch|batch|COMPLETED|0:0|00:00:03
19875378_155.extern|19876978.extern|extern|COMPLETED|0:0|00:00:03
19875378_156|19876981|xcsp-parse-cop-cumulative-165-order-ge-cumexact-timerd-20260526-2ccb88e9-q10672|OUT_OF_MEMORY|0:125|00:06:02
19875378_156.batch|19876981.batch|batch|OUT_OF_MEMORY|0:125|00:06:02
19875378_156.extern|19876981.extern|extern|OUT_OF_MEMORY|0:125|00:06:02
19875378_157|19877010|xcsp-parse-cop-cumulative-165-order-ge-cumexact-timerd-20260526-2ccb88e9-q10672|OUT_OF_MEMORY|0:125|00:06:46
19875378_157.batch|19877010.batch|batch|OUT_OF_MEMORY|0:125|00:06:46
19875378_157.extern|19877010.extern|extern|OUT_OF_MEMORY|0:125|00:06:46
19875378_158|19877037|xcsp-parse-cop-cumulative-165-order-ge-cumexact-timerd-20260526-2ccb88e9-q10672|COMPLETED|0:0|00:00:03
19875378_158.batch|19877037.batch|batch|COMPLETED|0:0|00:00:03
19875378_158.extern|19877037.extern|extern|COMPLETED|0:0|00:00:03
19875378_159|19877038|xcsp-parse-cop-cumulative-165-order-ge-cumexact-timerd-20260526-2ccb88e9-q10672|COMPLETED|0:0|00:30:08
19875378_159.batch|19877038.batch|batch|COMPLETED|0:0|00:30:08
19875378_159.extern|19877038.extern|extern|COMPLETED|0:0|00:30:08
19875378_160|19877081|xcsp-parse-cop-cumulative-165-order-ge-cumexact-timerd-20260526-2ccb88e9-q10672|COMPLETED|0:0|00:30:07
19875378_160.batch|19877081.batch|batch|COMPLETED|0:0|00:30:07
19875378_160.extern|19877081.extern|extern|COMPLETED|0:0|00:30:07
19875378_161|19877082|xcsp-parse-cop-cumulative-165-order-ge-cumexact-timerd-20260526-2ccb88e9-q10672|COMPLETED|0:0|00:30:07
19875378_161.batch|19877082.batch|batch|COMPLETED|0:0|00:30:07
19875378_161.extern|19877082.extern|extern|COMPLETED|0:0|00:30:07
19875378_162|19877177|xcsp-parse-cop-cumulative-165-order-ge-cumexact-timerd-20260526-2ccb88e9-q10672|COMPLETED|0:0|00:30:05
19875378_162.batch|19877177.batch|batch|COMPLETED|0:0|00:30:05
19875378_162.extern|19877177.extern|extern|COMPLETED|0:0|00:30:05
19875378_163|19877211|xcsp-parse-cop-cumulative-165-order-ge-cumexact-timerd-20260526-2ccb88e9-q10672|COMPLETED|0:0|00:30:08
19875378_163.batch|19877211.batch|batch|COMPLETED|0:0|00:30:08
19875378_163.extern|19877211.extern|extern|COMPLETED|0:0|00:30:08
19875378_164|19877212|xcsp-parse-cop-cumulative-165-order-ge-cumexact-timerd-20260526-2ccb88e9-q10672|COMPLETED|0:0|00:00:05
19875378_164.batch|19877212.batch|batch|COMPLETED|0:0|00:00:05
19875378_164.extern|19877212.extern|extern|COMPLETED|0:0|00:00:05
19875378_165|19875378|xcsp-parse-cop-cumulative-165-order-ge-cumexact-timerd-20260526-2ccb88e9-q10672|COMPLETED|0:0|00:30:06
19875378_165.batch|19875378.batch|batch|COMPLETED|0:0|00:30:06
19875378_165.extern|19875378.extern|extern|COMPLETED|0:0|00:30:06
19875379_1|19877222|xcsp-parse-cop-cumulative-165-order-ge-cumexact-taskrd-20260526-2ccb88e9-q10672|OUT_OF_MEMORY|0:125|00:07:02
19875379_1.batch|19877222.batch|batch|OUT_OF_MEMORY|0:125|00:07:02
19875379_1.extern|19877222.extern|extern|OUT_OF_MEMORY|0:125|00:07:02
19875379_2|19877234|xcsp-parse-cop-cumulative-165-order-ge-cumexact-taskrd-20260526-2ccb88e9-q10672|COMPLETED|0:0|00:00:14
19875379_2.batch|19877234.batch|batch|COMPLETED|0:0|00:00:14
19875379_2.extern|19877234.extern|extern|COMPLETED|0:0|00:00:14
19875379_3|19877235|xcsp-parse-cop-cumulative-165-order-ge-cumexact-taskrd-20260526-2ccb88e9-q10672|COMPLETED|0:0|00:00:14
19875379_3.batch|19877235.batch|batch|COMPLETED|0:0|00:00:14
19875379_3.extern|19877235.extern|extern|COMPLETED|0:0|00:00:14
19875379_4|19877236|xcsp-parse-cop-cumulative-165-order-ge-cumexact-taskrd-20260526-2ccb88e9-q10672|COMPLETED|0:0|00:30:04
19875379_4.batch|19877236.batch|batch|COMPLETED|0:0|00:30:04
19875379_4.extern|19877236.extern|extern|COMPLETED|0:0|00:30:04
19875379_5|19877237|xcsp-parse-cop-cumulative-165-order-ge-cumexact-taskrd-20260526-2ccb88e9-q10672|COMPLETED|0:0|00:30:03
19875379_5.batch|19877237.batch|batch|COMPLETED|0:0|00:30:03
19875379_5.extern|19877237.extern|extern|COMPLETED|0:0|00:30:03
19875379_6|19877260|xcsp-parse-cop-cumulative-165-order-ge-cumexact-taskrd-20260526-2ccb88e9-q10672|OUT_OF_MEMORY|0:125|00:07:35
19875379_6.batch|19877260.batch|batch|OUT_OF_MEMORY|0:125|00:07:35
19875379_6.extern|19877260.extern|extern|OUT_OF_MEMORY|0:125|00:07:35
19875379_7|19877263|xcsp-parse-cop-cumulative-165-order-ge-cumexact-taskrd-20260526-2ccb88e9-q10672|COMPLETED|0:0|00:30:05
19875379_7.batch|19877263.batch|batch|COMPLETED|0:0|00:30:05
19875379_7.extern|19877263.extern|extern|COMPLETED|0:0|00:30:05
19875379_8|19877270|xcsp-parse-cop-cumulative-165-order-ge-cumexact-taskrd-20260526-2ccb88e9-q10672|COMPLETED|0:0|00:30:05
19875379_8.batch|19877270.batch|batch|COMPLETED|0:0|00:30:05
19875379_8.extern|19877270.extern|extern|COMPLETED|0:0|00:30:05
19875379_9|19877272|xcsp-parse-cop-cumulative-165-order-ge-cumexact-taskrd-20260526-2ccb88e9-q10672|COMPLETED|0:0|00:02:13
19875379_9.batch|19877272.batch|batch|COMPLETED|0:0|00:02:13
19875379_9.extern|19877272.extern|extern|COMPLETED|0:0|00:02:13
19875379_10|19877391|xcsp-parse-cop-cumulative-165-order-ge-cumexact-taskrd-20260526-2ccb88e9-q10672|COMPLETED|0:0|00:05:10
19875379_10.batch|19877391.batch|batch|COMPLETED|0:0|00:05:10
19875379_10.extern|19877391.extern|extern|COMPLETED|0:0|00:05:10
19875379_11|19877393|xcsp-parse-cop-cumulative-165-order-ge-cumexact-taskrd-20260526-2ccb88e9-q10672|COMPLETED|0:0|00:30:04
19875379_11.batch|19877393.batch|batch|COMPLETED|0:0|00:30:04
19875379_11.extern|19877393.extern|extern|COMPLETED|0:0|00:30:04
19875379_12|19877419|xcsp-parse-cop-cumulative-165-order-ge-cumexact-taskrd-20260526-2ccb88e9-q10672|COMPLETED|0:0|00:02:40
19875379_12.batch|19877419.batch|batch|COMPLETED|0:0|00:02:40
19875379_12.extern|19877419.extern|extern|COMPLETED|0:0|00:02:40
19875379_13|19877427|xcsp-parse-cop-cumulative-165-order-ge-cumexact-taskrd-20260526-2ccb88e9-q10672|COMPLETED|0:0|00:30:04
19875379_13.batch|19877427.batch|batch|COMPLETED|0:0|00:30:04
19875379_13.extern|19877427.extern|extern|COMPLETED|0:0|00:30:04
19875379_14|19877434|xcsp-parse-cop-cumulative-165-order-ge-cumexact-taskrd-20260526-2ccb88e9-q10672|COMPLETED|0:0|00:02:34
19875379_14.batch|19877434.batch|batch|COMPLETED|0:0|00:02:34
19875379_14.extern|19877434.extern|extern|COMPLETED|0:0|00:02:34
19875379_15|19877436|xcsp-parse-cop-cumulative-165-order-ge-cumexact-taskrd-20260526-2ccb88e9-q10672|COMPLETED|0:0|00:01:51
19875379_15.batch|19877436.batch|batch|COMPLETED|0:0|00:01:51
19875379_15.extern|19877436.extern|extern|COMPLETED|0:0|00:01:51
19875379_16|19877446|xcsp-parse-cop-cumulative-165-order-ge-cumexact-taskrd-20260526-2ccb88e9-q10672|COMPLETED|0:0|00:02:41
19875379_16.batch|19877446.batch|batch|COMPLETED|0:0|00:02:41
19875379_16.extern|19877446.extern|extern|COMPLETED|0:0|00:02:41
19875379_17|19877457|xcsp-parse-cop-cumulative-165-order-ge-cumexact-taskrd-20260526-2ccb88e9-q10672|COMPLETED|0:0|00:01:59
19875379_17.batch|19877457.batch|batch|COMPLETED|0:0|00:01:59
19875379_17.extern|19877457.extern|extern|COMPLETED|0:0|00:01:59
19875379_18|19877472|xcsp-parse-cop-cumulative-165-order-ge-cumexact-taskrd-20260526-2ccb88e9-q10672|COMPLETED|0:0|00:03:00
19875379_18.batch|19877472.batch|batch|COMPLETED|0:0|00:03:00
19875379_18.extern|19877472.extern|extern|COMPLETED|0:0|00:03:00
19875379_19|19877474|xcsp-parse-cop-cumulative-165-order-ge-cumexact-taskrd-20260526-2ccb88e9-q10672|COMPLETED|0:0|00:30:03
19875379_19.batch|19877474.batch|batch|COMPLETED|0:0|00:30:03
19875379_19.extern|19877474.extern|extern|COMPLETED|0:0|00:30:03
19875379_20|19877493|xcsp-parse-cop-cumulative-165-order-ge-cumexact-taskrd-20260526-2ccb88e9-q10672|COMPLETED|0:0|00:02:16
19875379_20.batch|19877493.batch|batch|COMPLETED|0:0|00:02:16
19875379_20.extern|19877493.extern|extern|COMPLETED|0:0|00:02:16
19875379_21|19877495|xcsp-parse-cop-cumulative-165-order-ge-cumexact-taskrd-20260526-2ccb88e9-q10672|COMPLETED|0:0|00:00:49
19875379_21.batch|19877495.batch|batch|COMPLETED|0:0|00:00:49
19875379_21.extern|19877495.extern|extern|COMPLETED|0:0|00:00:49
19875379_22|19877509|xcsp-parse-cop-cumulative-165-order-ge-cumexact-taskrd-20260526-2ccb88e9-q10672|COMPLETED|0:0|00:06:54
19875379_22.batch|19877509.batch|batch|COMPLETED|0:0|00:06:54
19875379_22.extern|19877509.extern|extern|COMPLETED|0:0|00:06:54
19875379_23|19877517|xcsp-parse-cop-cumulative-165-order-ge-cumexact-taskrd-20260526-2ccb88e9-q10672|OUT_OF_MEMORY|0:125|00:07:11
19875379_23.batch|19877517.batch|batch|OUT_OF_MEMORY|0:125|00:07:11
19875379_23.extern|19877517.extern|extern|OUT_OF_MEMORY|0:125|00:07:11
19875379_24|19877529|xcsp-parse-cop-cumulative-165-order-ge-cumexact-taskrd-20260526-2ccb88e9-q10672|COMPLETED|0:0|00:00:19
19875379_24.batch|19877529.batch|batch|COMPLETED|0:0|00:00:19
19875379_24.extern|19877529.extern|extern|COMPLETED|0:0|00:00:19
19875379_25|19877537|xcsp-parse-cop-cumulative-165-order-ge-cumexact-taskrd-20260526-2ccb88e9-q10672|COMPLETED|0:0|00:02:40
19875379_25.batch|19877537.batch|batch|COMPLETED|0:0|00:02:40
19875379_25.extern|19877537.extern|extern|COMPLETED|0:0|00:02:40
19875379_26|19877566|xcsp-parse-cop-cumulative-165-order-ge-cumexact-taskrd-20260526-2ccb88e9-q10672|COMPLETED|0:0|00:00:29
19875379_26.batch|19877566.batch|batch|COMPLETED|0:0|00:00:29
19875379_26.extern|19877566.extern|extern|COMPLETED|0:0|00:00:29
19875379_27|19877569|xcsp-parse-cop-cumulative-165-order-ge-cumexact-taskrd-20260526-2ccb88e9-q10672|COMPLETED|0:0|00:20:07
19875379_27.batch|19877569.batch|batch|COMPLETED|0:0|00:20:07
19875379_27.extern|19877569.extern|extern|COMPLETED|0:0|00:20:07
19875379_28|19877593|xcsp-parse-cop-cumulative-165-order-ge-cumexact-taskrd-20260526-2ccb88e9-q10672|COMPLETED|0:0|00:00:23
19875379_28.batch|19877593.batch|batch|COMPLETED|0:0|00:00:23
19875379_28.extern|19877593.extern|extern|COMPLETED|0:0|00:00:23
19875379_29|19877600|xcsp-parse-cop-cumulative-165-order-ge-cumexact-taskrd-20260526-2ccb88e9-q10672|OUT_OF_MEMORY|0:125|00:02:54
19875379_29.batch|19877600.batch|batch|OUT_OF_MEMORY|0:125|00:02:54
19875379_29.extern|19877600.extern|extern|OUT_OF_MEMORY|0:125|00:02:54
19875379_30|19877602|xcsp-parse-cop-cumulative-165-order-ge-cumexact-taskrd-20260526-2ccb88e9-q10672|COMPLETED|0:0|00:00:22
19875379_30.batch|19877602.batch|batch|COMPLETED|0:0|00:00:22
19875379_30.extern|19877602.extern|extern|COMPLETED|0:0|00:00:22
19875379_31|19877607|xcsp-parse-cop-cumulative-165-order-ge-cumexact-taskrd-20260526-2ccb88e9-q10672|COMPLETED|0:0|00:01:00
19875379_31.batch|19877607.batch|batch|COMPLETED|0:0|00:01:00
19875379_31.extern|19877607.extern|extern|COMPLETED|0:0|00:01:00
19875379_32|19877615|xcsp-parse-cop-cumulative-165-order-ge-cumexact-taskrd-20260526-2ccb88e9-q10672|COMPLETED|0:0|00:30:04
19875379_32.batch|19877615.batch|batch|COMPLETED|0:0|00:30:04
19875379_32.extern|19877615.extern|extern|COMPLETED|0:0|00:30:04
19875379_33|19877623|xcsp-parse-cop-cumulative-165-order-ge-cumexact-taskrd-20260526-2ccb88e9-q10672|OUT_OF_MEMORY|0:125|00:06:37
19875379_33.batch|19877623.batch|batch|OUT_OF_MEMORY|0:125|00:06:37
19875379_33.extern|19877623.extern|extern|OUT_OF_MEMORY|0:125|00:06:37
19875379_34|19877636|xcsp-parse-cop-cumulative-165-order-ge-cumexact-taskrd-20260526-2ccb88e9-q10672|COMPLETED|0:0|00:30:04
19875379_34.batch|19877636.batch|batch|COMPLETED|0:0|00:30:04
19875379_34.extern|19877636.extern|extern|COMPLETED|0:0|00:30:04
19875379_35|19877638|xcsp-parse-cop-cumulative-165-order-ge-cumexact-taskrd-20260526-2ccb88e9-q10672|COMPLETED|0:0|00:30:05
19875379_35.batch|19877638.batch|batch|COMPLETED|0:0|00:30:05
19875379_35.extern|19877638.extern|extern|COMPLETED|0:0|00:30:05
19875379_36|19877639|xcsp-parse-cop-cumulative-165-order-ge-cumexact-taskrd-20260526-2ccb88e9-q10672|COMPLETED|0:0|00:01:01
19875379_36.batch|19877639.batch|batch|COMPLETED|0:0|00:01:01
19875379_36.extern|19877639.extern|extern|COMPLETED|0:0|00:01:01
19875379_37|19877655|xcsp-parse-cop-cumulative-165-order-ge-cumexact-taskrd-20260526-2ccb88e9-q10672|COMPLETED|0:0|00:30:03
19875379_37.batch|19877655.batch|batch|COMPLETED|0:0|00:30:03
19875379_37.extern|19877655.extern|extern|COMPLETED|0:0|00:30:03
19875379_38|19877666|xcsp-parse-cop-cumulative-165-order-ge-cumexact-taskrd-20260526-2ccb88e9-q10672|COMPLETED|0:0|00:01:26
19875379_38.batch|19877666.batch|batch|COMPLETED|0:0|00:01:26
19875379_38.extern|19877666.extern|extern|COMPLETED|0:0|00:01:26
19875379_39|19877667|xcsp-parse-cop-cumulative-165-order-ge-cumexact-taskrd-20260526-2ccb88e9-q10672|COMPLETED|0:0|00:02:40
19875379_39.batch|19877667.batch|batch|COMPLETED|0:0|00:02:40
19875379_39.extern|19877667.extern|extern|COMPLETED|0:0|00:02:40
19875379_40|19877673|xcsp-parse-cop-cumulative-165-order-ge-cumexact-taskrd-20260526-2ccb88e9-q10672|COMPLETED|0:0|00:02:15
19875379_40.batch|19877673.batch|batch|COMPLETED|0:0|00:02:15
19875379_40.extern|19877673.extern|extern|COMPLETED|0:0|00:02:15
19875379_41|19877691|xcsp-parse-cop-cumulative-165-order-ge-cumexact-taskrd-20260526-2ccb88e9-q10672|COMPLETED|0:0|00:01:24
19875379_41.batch|19877691.batch|batch|COMPLETED|0:0|00:01:24
19875379_41.extern|19877691.extern|extern|COMPLETED|0:0|00:01:24
19875379_42|19877695|xcsp-parse-cop-cumulative-165-order-ge-cumexact-taskrd-20260526-2ccb88e9-q10672|COMPLETED|0:0|00:30:05
19875379_42.batch|19877695.batch|batch|COMPLETED|0:0|00:30:05
19875379_42.extern|19877695.extern|extern|COMPLETED|0:0|00:30:05
19875379_43|19877697|xcsp-parse-cop-cumulative-165-order-ge-cumexact-taskrd-20260526-2ccb88e9-q10672|COMPLETED|0:0|00:30:04
19875379_43.batch|19877697.batch|batch|COMPLETED|0:0|00:30:04
19875379_43.extern|19877697.extern|extern|COMPLETED|0:0|00:30:04
19875379_44|19877704|xcsp-parse-cop-cumulative-165-order-ge-cumexact-taskrd-20260526-2ccb88e9-q10672|COMPLETED|0:0|00:01:25
19875379_44.batch|19877704.batch|batch|COMPLETED|0:0|00:01:25
19875379_44.extern|19877704.extern|extern|COMPLETED|0:0|00:01:25
19875379_45|19877708|xcsp-parse-cop-cumulative-165-order-ge-cumexact-taskrd-20260526-2ccb88e9-q10672|COMPLETED|0:0|00:01:49
19875379_45.batch|19877708.batch|batch|COMPLETED|0:0|00:01:49
19875379_45.extern|19877708.extern|extern|COMPLETED|0:0|00:01:49
19875379_46|19877712|xcsp-parse-cop-cumulative-165-order-ge-cumexact-taskrd-20260526-2ccb88e9-q10672|COMPLETED|0:0|00:30:09
19875379_46.batch|19877712.batch|batch|COMPLETED|0:0|00:30:09
19875379_46.extern|19877712.extern|extern|COMPLETED|0:0|00:30:09
19875379_47|19877713|xcsp-parse-cop-cumulative-165-order-ge-cumexact-taskrd-20260526-2ccb88e9-q10672|OUT_OF_MEMORY|0:125|00:06:55
19875379_47.batch|19877713.batch|batch|OUT_OF_MEMORY|0:125|00:06:55
19875379_47.extern|19877713.extern|extern|OUT_OF_MEMORY|0:125|00:06:55
19875379_48|19877721|xcsp-parse-cop-cumulative-165-order-ge-cumexact-taskrd-20260526-2ccb88e9-q10672|COMPLETED|0:0|00:30:06
19875379_48.batch|19877721.batch|batch|COMPLETED|0:0|00:30:06
19875379_48.extern|19877721.extern|extern|COMPLETED|0:0|00:30:06
19875379_49|19877728|xcsp-parse-cop-cumulative-165-order-ge-cumexact-taskrd-20260526-2ccb88e9-q10672|COMPLETED|0:0|00:11:06
19875379_49.batch|19877728.batch|batch|COMPLETED|0:0|00:11:06
19875379_49.extern|19877728.extern|extern|COMPLETED|0:0|00:11:06
19875379_50|19877729|xcsp-parse-cop-cumulative-165-order-ge-cumexact-taskrd-20260526-2ccb88e9-q10672|OUT_OF_MEMORY|0:125|00:07:11
19875379_50.batch|19877729.batch|batch|OUT_OF_MEMORY|0:125|00:07:11
19875379_50.extern|19877729.extern|extern|OUT_OF_MEMORY|0:125|00:07:11
19875379_51|19877743|xcsp-parse-cop-cumulative-165-order-ge-cumexact-taskrd-20260526-2ccb88e9-q10672|COMPLETED|0:0|00:30:07
19875379_51.batch|19877743.batch|batch|COMPLETED|0:0|00:30:07
19875379_51.extern|19877743.extern|extern|COMPLETED|0:0|00:30:07
19875379_52|19877770|xcsp-parse-cop-cumulative-165-order-ge-cumexact-taskrd-20260526-2ccb88e9-q10672|COMPLETED|0:0|00:00:33
19875379_52.batch|19877770.batch|batch|COMPLETED|0:0|00:00:33
19875379_52.extern|19877770.extern|extern|COMPLETED|0:0|00:00:33
19875379_53|19877782|xcsp-parse-cop-cumulative-165-order-ge-cumexact-taskrd-20260526-2ccb88e9-q10672|COMPLETED|0:0|00:01:27
19875379_53.batch|19877782.batch|batch|COMPLETED|0:0|00:01:27
19875379_53.extern|19877782.extern|extern|COMPLETED|0:0|00:01:27
19875379_54|19877792|xcsp-parse-cop-cumulative-165-order-ge-cumexact-taskrd-20260526-2ccb88e9-q10672|COMPLETED|0:0|00:00:55
19875379_54.batch|19877792.batch|batch|COMPLETED|0:0|00:00:55
19875379_54.extern|19877792.extern|extern|COMPLETED|0:0|00:00:55
19875379_55|19877806|xcsp-parse-cop-cumulative-165-order-ge-cumexact-taskrd-20260526-2ccb88e9-q10672|OUT_OF_MEMORY|0:125|00:16:14
19875379_55.batch|19877806.batch|batch|OUT_OF_MEMORY|0:125|00:16:14
19875379_55.extern|19877806.extern|extern|OUT_OF_MEMORY|0:125|00:16:14
19875379_56|19877809|xcsp-parse-cop-cumulative-165-order-ge-cumexact-taskrd-20260526-2ccb88e9-q10672|OUT_OF_MEMORY|0:125|00:06:39
19875379_56.batch|19877809.batch|batch|OUT_OF_MEMORY|0:125|00:06:39
19875379_56.extern|19877809.extern|extern|OUT_OF_MEMORY|0:125|00:06:39
19875379_57|19877820|xcsp-parse-cop-cumulative-165-order-ge-cumexact-taskrd-20260526-2ccb88e9-q10672|OUT_OF_MEMORY|0:125|00:09:41
19875379_57.batch|19877820.batch|batch|OUT_OF_MEMORY|0:125|00:09:41
19875379_57.extern|19877820.extern|extern|OUT_OF_MEMORY|0:125|00:09:41
19875379_58|19877828|xcsp-parse-cop-cumulative-165-order-ge-cumexact-taskrd-20260526-2ccb88e9-q10672|OUT_OF_MEMORY|0:125|00:09:15
19875379_58.batch|19877828.batch|batch|OUT_OF_MEMORY|0:125|00:09:15
19875379_58.extern|19877828.extern|extern|OUT_OF_MEMORY|0:125|00:09:15
19875379_59|19877831|xcsp-parse-cop-cumulative-165-order-ge-cumexact-taskrd-20260526-2ccb88e9-q10672|OUT_OF_MEMORY|0:125|00:07:39
19875379_59.batch|19877831.batch|batch|OUT_OF_MEMORY|0:125|00:07:39
19875379_59.extern|19877831.extern|extern|OUT_OF_MEMORY|0:125|00:07:39
19875379_60|19877859|xcsp-parse-cop-cumulative-165-order-ge-cumexact-taskrd-20260526-2ccb88e9-q10672|OUT_OF_MEMORY|0:125|00:06:39
19875379_60.batch|19877859.batch|batch|OUT_OF_MEMORY|0:125|00:06:39
19875379_60.extern|19877859.extern|extern|OUT_OF_MEMORY|0:125|00:06:39
19875379_61|19877878|xcsp-parse-cop-cumulative-165-order-ge-cumexact-taskrd-20260526-2ccb88e9-q10672|OUT_OF_MEMORY|0:125|00:07:25
19875379_61.batch|19877878.batch|batch|OUT_OF_MEMORY|0:125|00:07:25
19875379_61.extern|19877878.extern|extern|OUT_OF_MEMORY|0:125|00:07:25
19875379_62|19877905|xcsp-parse-cop-cumulative-165-order-ge-cumexact-taskrd-20260526-2ccb88e9-q10672|OUT_OF_MEMORY|0:125|00:07:20
19875379_62.batch|19877905.batch|batch|OUT_OF_MEMORY|0:125|00:07:20
19875379_62.extern|19877905.extern|extern|OUT_OF_MEMORY|0:125|00:07:20
19875379_63|19877933|xcsp-parse-cop-cumulative-165-order-ge-cumexact-taskrd-20260526-2ccb88e9-q10672|OUT_OF_MEMORY|0:125|00:06:45
19875379_63.batch|19877933.batch|batch|OUT_OF_MEMORY|0:125|00:06:45
19875379_63.extern|19877933.extern|extern|OUT_OF_MEMORY|0:125|00:06:45
19875379_64|19877937|xcsp-parse-cop-cumulative-165-order-ge-cumexact-taskrd-20260526-2ccb88e9-q10672|COMPLETED|0:0|00:30:04
19875379_64.batch|19877937.batch|batch|COMPLETED|0:0|00:30:04
19875379_64.extern|19877937.extern|extern|COMPLETED|0:0|00:30:04
19875379_65|19877938|xcsp-parse-cop-cumulative-165-order-ge-cumexact-taskrd-20260526-2ccb88e9-q10672|COMPLETED|0:0|00:30:04
19875379_65.batch|19877938.batch|batch|COMPLETED|0:0|00:30:04
19875379_65.extern|19877938.extern|extern|COMPLETED|0:0|00:30:04
19875379_66|19877939|xcsp-parse-cop-cumulative-165-order-ge-cumexact-taskrd-20260526-2ccb88e9-q10672|COMPLETED|0:0|00:00:11
19875379_66.batch|19877939.batch|batch|COMPLETED|0:0|00:00:11
19875379_66.extern|19877939.extern|extern|COMPLETED|0:0|00:00:11
19875379_67|19877961|xcsp-parse-cop-cumulative-165-order-ge-cumexact-taskrd-20260526-2ccb88e9-q10672|COMPLETED|0:0|00:30:04
19875379_67.batch|19877961.batch|batch|COMPLETED|0:0|00:30:04
19875379_67.extern|19877961.extern|extern|COMPLETED|0:0|00:30:04
19875379_68|19877992|xcsp-parse-cop-cumulative-165-order-ge-cumexact-taskrd-20260526-2ccb88e9-q10672|COMPLETED|0:0|00:30:04
19875379_68.batch|19877992.batch|batch|COMPLETED|0:0|00:30:04
19875379_68.extern|19877992.extern|extern|COMPLETED|0:0|00:30:04
19875379_69|19878009|xcsp-parse-cop-cumulative-165-order-ge-cumexact-taskrd-20260526-2ccb88e9-q10672|OUT_OF_MEMORY|0:125|00:07:08
19875379_69.batch|19878009.batch|batch|OUT_OF_MEMORY|0:125|00:07:08
19875379_69.extern|19878009.extern|extern|OUT_OF_MEMORY|0:125|00:07:08
19875379_70|19878017|xcsp-parse-cop-cumulative-165-order-ge-cumexact-taskrd-20260526-2ccb88e9-q10672|COMPLETED|0:0|00:00:11
19875379_70.batch|19878017.batch|batch|COMPLETED|0:0|00:00:11
19875379_70.extern|19878017.extern|extern|COMPLETED|0:0|00:00:11
19875379_71|19878022|xcsp-parse-cop-cumulative-165-order-ge-cumexact-taskrd-20260526-2ccb88e9-q10672|OUT_OF_MEMORY|0:125|00:08:22
19875379_71.batch|19878022.batch|batch|OUT_OF_MEMORY|0:125|00:08:22
19875379_71.extern|19878022.extern|extern|OUT_OF_MEMORY|0:125|00:08:22
19875379_72|19878031|xcsp-parse-cop-cumulative-165-order-ge-cumexact-taskrd-20260526-2ccb88e9-q10672|OUT_OF_MEMORY|0:125|00:02:49
19875379_72.batch|19878031.batch|batch|OUT_OF_MEMORY|0:125|00:02:49
19875379_72.extern|19878031.extern|extern|OUT_OF_MEMORY|0:125|00:02:49
19875379_73|19878033|xcsp-parse-cop-cumulative-165-order-ge-cumexact-taskrd-20260526-2ccb88e9-q10672|OUT_OF_MEMORY|0:125|00:07:44
19875379_73.batch|19878033.batch|batch|OUT_OF_MEMORY|0:125|00:07:44
19875379_73.extern|19878033.extern|extern|OUT_OF_MEMORY|0:125|00:07:44
19875379_74|19878039|xcsp-parse-cop-cumulative-165-order-ge-cumexact-taskrd-20260526-2ccb88e9-q10672|COMPLETED|0:0|00:12:39
19875379_74.batch|19878039.batch|batch|COMPLETED|0:0|00:12:39
19875379_74.extern|19878039.extern|extern|COMPLETED|0:0|00:12:39
19875379_75|19878049|xcsp-parse-cop-cumulative-165-order-ge-cumexact-taskrd-20260526-2ccb88e9-q10672|OUT_OF_MEMORY|0:125|00:07:34
19875379_75.batch|19878049.batch|batch|OUT_OF_MEMORY|0:125|00:07:34
19875379_75.extern|19878049.extern|extern|OUT_OF_MEMORY|0:125|00:07:34
19875379_76|19878059|xcsp-parse-cop-cumulative-165-order-ge-cumexact-taskrd-20260526-2ccb88e9-q10672|COMPLETED|0:0|00:30:04
19875379_76.batch|19878059.batch|batch|COMPLETED|0:0|00:30:04
19875379_76.extern|19878059.extern|extern|COMPLETED|0:0|00:30:04
19875379_77|19878067|xcsp-parse-cop-cumulative-165-order-ge-cumexact-taskrd-20260526-2ccb88e9-q10672|COMPLETED|0:0|00:30:05
19875379_77.batch|19878067.batch|batch|COMPLETED|0:0|00:30:05
19875379_77.extern|19878067.extern|extern|COMPLETED|0:0|00:30:05
19875379_78|19878160|xcsp-parse-cop-cumulative-165-order-ge-cumexact-taskrd-20260526-2ccb88e9-q10672|OUT_OF_MEMORY|0:125|00:08:47
19875379_78.batch|19878160.batch|batch|OUT_OF_MEMORY|0:125|00:08:47
19875379_78.extern|19878160.extern|extern|OUT_OF_MEMORY|0:125|00:08:47
19875379_79|19878161|xcsp-parse-cop-cumulative-165-order-ge-cumexact-taskrd-20260526-2ccb88e9-q10672|COMPLETED|0:0|00:27:21
19875379_79.batch|19878161.batch|batch|COMPLETED|0:0|00:27:21
19875379_79.extern|19878161.extern|extern|COMPLETED|0:0|00:27:21
19875379_80|19878162|xcsp-parse-cop-cumulative-165-order-ge-cumexact-taskrd-20260526-2ccb88e9-q10672|COMPLETED|0:0|00:00:16
19875379_80.batch|19878162.batch|batch|COMPLETED|0:0|00:00:16
19875379_80.extern|19878162.extern|extern|COMPLETED|0:0|00:00:16
19875379_81|19878180|xcsp-parse-cop-cumulative-165-order-ge-cumexact-taskrd-20260526-2ccb88e9-q10672|COMPLETED|0:0|00:30:04
19875379_81.batch|19878180.batch|batch|COMPLETED|0:0|00:30:04
19875379_81.extern|19878180.extern|extern|COMPLETED|0:0|00:30:04
19875379_82|19878188|xcsp-parse-cop-cumulative-165-order-ge-cumexact-taskrd-20260526-2ccb88e9-q10672|COMPLETED|0:0|00:30:07
19875379_82.batch|19878188.batch|batch|COMPLETED|0:0|00:30:07
19875379_82.extern|19878188.extern|extern|COMPLETED|0:0|00:30:07
19875379_83|19878205|xcsp-parse-cop-cumulative-165-order-ge-cumexact-taskrd-20260526-2ccb88e9-q10672|COMPLETED|0:0|00:17:18
19875379_83.batch|19878205.batch|batch|COMPLETED|0:0|00:17:18
19875379_83.extern|19878205.extern|extern|COMPLETED|0:0|00:17:18
19875379_84|19878206|xcsp-parse-cop-cumulative-165-order-ge-cumexact-taskrd-20260526-2ccb88e9-q10672|COMPLETED|0:0|00:15:49
19875379_84.batch|19878206.batch|batch|COMPLETED|0:0|00:15:49
19875379_84.extern|19878206.extern|extern|COMPLETED|0:0|00:15:49
19875379_85|19878207|xcsp-parse-cop-cumulative-165-order-ge-cumexact-taskrd-20260526-2ccb88e9-q10672|COMPLETED|0:0|00:04:59
19875379_85.batch|19878207.batch|batch|COMPLETED|0:0|00:04:59
19875379_85.extern|19878207.extern|extern|COMPLETED|0:0|00:04:59
19875379_86|19878216|xcsp-parse-cop-cumulative-165-order-ge-cumexact-taskrd-20260526-2ccb88e9-q10672|COMPLETED|0:0|00:08:41
19875379_86.batch|19878216.batch|batch|COMPLETED|0:0|00:08:41
19875379_86.extern|19878216.extern|extern|COMPLETED|0:0|00:08:41
19875379_87|19878228|xcsp-parse-cop-cumulative-165-order-ge-cumexact-taskrd-20260526-2ccb88e9-q10672|COMPLETED|0:0|00:30:04
19875379_87.batch|19878228.batch|batch|COMPLETED|0:0|00:30:04
19875379_87.extern|19878228.extern|extern|COMPLETED|0:0|00:30:04
19875379_88|19878278|xcsp-parse-cop-cumulative-165-order-ge-cumexact-taskrd-20260526-2ccb88e9-q10672|COMPLETED|0:0|00:30:07
19875379_88.batch|19878278.batch|batch|COMPLETED|0:0|00:30:07
19875379_88.extern|19878278.extern|extern|COMPLETED|0:0|00:30:07
19875379_89|19878285|xcsp-parse-cop-cumulative-165-order-ge-cumexact-taskrd-20260526-2ccb88e9-q10672|COMPLETED|0:0|00:30:05
19875379_89.batch|19878285.batch|batch|COMPLETED|0:0|00:30:05
19875379_89.extern|19878285.extern|extern|COMPLETED|0:0|00:30:05
19875379_90|19878295|xcsp-parse-cop-cumulative-165-order-ge-cumexact-taskrd-20260526-2ccb88e9-q10672|COMPLETED|0:0|00:30:04
19875379_90.batch|19878295.batch|batch|COMPLETED|0:0|00:30:04
19875379_90.extern|19878295.extern|extern|COMPLETED|0:0|00:30:04
19875379_91|19878348|xcsp-parse-cop-cumulative-165-order-ge-cumexact-taskrd-20260526-2ccb88e9-q10672|COMPLETED|0:0|00:30:04
19875379_91.batch|19878348.batch|batch|COMPLETED|0:0|00:30:04
19875379_91.extern|19878348.extern|extern|COMPLETED|0:0|00:30:04
19875379_92|19878514|xcsp-parse-cop-cumulative-165-order-ge-cumexact-taskrd-20260526-2ccb88e9-q10672|COMPLETED|0:0|00:12:25
19875379_92.batch|19878514.batch|batch|COMPLETED|0:0|00:12:25
19875379_92.extern|19878514.extern|extern|COMPLETED|0:0|00:12:25
19875379_93|19878528|xcsp-parse-cop-cumulative-165-order-ge-cumexact-taskrd-20260526-2ccb88e9-q10672|COMPLETED|0:0|00:06:14
19875379_93.batch|19878528.batch|batch|COMPLETED|0:0|00:06:14
19875379_93.extern|19878528.extern|extern|COMPLETED|0:0|00:06:14
19875379_94|19878535|xcsp-parse-cop-cumulative-165-order-ge-cumexact-taskrd-20260526-2ccb88e9-q10672|COMPLETED|0:0|00:05:45
19875379_94.batch|19878535.batch|batch|COMPLETED|0:0|00:05:45
19875379_94.extern|19878535.extern|extern|COMPLETED|0:0|00:05:45
19875379_95|19878536|xcsp-parse-cop-cumulative-165-order-ge-cumexact-taskrd-20260526-2ccb88e9-q10672|COMPLETED|0:0|00:25:42
19875379_95.batch|19878536.batch|batch|COMPLETED|0:0|00:25:42
19875379_95.extern|19878536.extern|extern|COMPLETED|0:0|00:25:42
19875379_96|19878538|xcsp-parse-cop-cumulative-165-order-ge-cumexact-taskrd-20260526-2ccb88e9-q10672|COMPLETED|0:0|00:18:58
19875379_96.batch|19878538.batch|batch|COMPLETED|0:0|00:18:58
19875379_96.extern|19878538.extern|extern|COMPLETED|0:0|00:18:58
19875379_97|19878558|xcsp-parse-cop-cumulative-165-order-ge-cumexact-taskrd-20260526-2ccb88e9-q10672|COMPLETED|0:0|00:20:13
19875379_97.batch|19878558.batch|batch|COMPLETED|0:0|00:20:13
19875379_97.extern|19878558.extern|extern|COMPLETED|0:0|00:20:13
19875379_98|19878622|xcsp-parse-cop-cumulative-165-order-ge-cumexact-taskrd-20260526-2ccb88e9-q10672|COMPLETED|0:0|00:07:58
19875379_98.batch|19878622.batch|batch|COMPLETED|0:0|00:07:58
19875379_98.extern|19878622.extern|extern|COMPLETED|0:0|00:07:58
19875379_99|19878623|xcsp-parse-cop-cumulative-165-order-ge-cumexact-taskrd-20260526-2ccb88e9-q10672|OUT_OF_MEMORY|0:125|00:10:44
19875379_99.batch|19878623.batch|batch|OUT_OF_MEMORY|0:125|00:10:44
19875379_99.extern|19878623.extern|extern|OUT_OF_MEMORY|0:125|00:10:45
19875379_100|19878633|xcsp-parse-cop-cumulative-165-order-ge-cumexact-taskrd-20260526-2ccb88e9-q10672|OUT_OF_MEMORY|0:125|00:11:54
19875379_100.batch|19878633.batch|batch|OUT_OF_MEMORY|0:125|00:11:54
19875379_100.extern|19878633.extern|extern|OUT_OF_MEMORY|0:125|00:11:54
19875379_101|19878646|xcsp-parse-cop-cumulative-165-order-ge-cumexact-taskrd-20260526-2ccb88e9-q10672|COMPLETED|0:0|00:10:18
19875379_101.batch|19878646.batch|batch|COMPLETED|0:0|00:10:18
19875379_101.extern|19878646.extern|extern|COMPLETED|0:0|00:10:18
19875379_102|19878648|xcsp-parse-cop-cumulative-165-order-ge-cumexact-taskrd-20260526-2ccb88e9-q10672|COMPLETED|0:0|00:07:17
19875379_102.batch|19878648.batch|batch|COMPLETED|0:0|00:07:17
19875379_102.extern|19878648.extern|extern|COMPLETED|0:0|00:07:17
19875379_103|19878688|xcsp-parse-cop-cumulative-165-order-ge-cumexact-taskrd-20260526-2ccb88e9-q10672|COMPLETED|0:0|00:30:05
19875379_103.batch|19878688.batch|batch|COMPLETED|0:0|00:30:05
19875379_103.extern|19878688.extern|extern|COMPLETED|0:0|00:30:05
19875379_104|19878690|xcsp-parse-cop-cumulative-165-order-ge-cumexact-taskrd-20260526-2ccb88e9-q10672|COMPLETED|0:0|00:01:15
19875379_104.batch|19878690.batch|batch|COMPLETED|0:0|00:01:15
19875379_104.extern|19878690.extern|extern|COMPLETED|0:0|00:01:15
19875379_105|19878701|xcsp-parse-cop-cumulative-165-order-ge-cumexact-taskrd-20260526-2ccb88e9-q10672|COMPLETED|0:0|00:29:19
19875379_105.batch|19878701.batch|batch|COMPLETED|0:0|00:29:19
19875379_105.extern|19878701.extern|extern|COMPLETED|0:0|00:29:19
19875379_106|19878713|xcsp-parse-cop-cumulative-165-order-ge-cumexact-taskrd-20260526-2ccb88e9-q10672|COMPLETED|0:0|00:15:15
19875379_106.batch|19878713.batch|batch|COMPLETED|0:0|00:15:15
19875379_106.extern|19878713.extern|extern|COMPLETED|0:0|00:15:15
19875379_107|19878735|xcsp-parse-cop-cumulative-165-order-ge-cumexact-taskrd-20260526-2ccb88e9-q10672|COMPLETED|0:0|00:10:00
19875379_107.batch|19878735.batch|batch|COMPLETED|0:0|00:10:00
19875379_107.extern|19878735.extern|extern|COMPLETED|0:0|00:10:00
19875379_108|19878746|xcsp-parse-cop-cumulative-165-order-ge-cumexact-taskrd-20260526-2ccb88e9-q10672|COMPLETED|0:0|00:03:09
19875379_108.batch|19878746.batch|batch|COMPLETED|0:0|00:03:09
19875379_108.extern|19878746.extern|extern|COMPLETED|0:0|00:03:09
19875379_109|19878757|xcsp-parse-cop-cumulative-165-order-ge-cumexact-taskrd-20260526-2ccb88e9-q10672|COMPLETED|0:0|00:18:25
19875379_109.batch|19878757.batch|batch|COMPLETED|0:0|00:18:25
19875379_109.extern|19878757.extern|extern|COMPLETED|0:0|00:18:25
19875379_110|19878774|xcsp-parse-cop-cumulative-165-order-ge-cumexact-taskrd-20260526-2ccb88e9-q10672|COMPLETED|0:0|00:30:05
19875379_110.batch|19878774.batch|batch|COMPLETED|0:0|00:30:05
19875379_110.extern|19878774.extern|extern|COMPLETED|0:0|00:30:05
19875379_111|19878789|xcsp-parse-cop-cumulative-165-order-ge-cumexact-taskrd-20260526-2ccb88e9-q10672|COMPLETED|0:0|00:14:43
19875379_111.batch|19878789.batch|batch|COMPLETED|0:0|00:14:43
19875379_111.extern|19878789.extern|extern|COMPLETED|0:0|00:14:43
19875379_112|19878801|xcsp-parse-cop-cumulative-165-order-ge-cumexact-taskrd-20260526-2ccb88e9-q10672|COMPLETED|0:0|00:00:34
19875379_112.batch|19878801.batch|batch|COMPLETED|0:0|00:00:34
19875379_112.extern|19878801.extern|extern|COMPLETED|0:0|00:00:34
19875379_113|19878802|xcsp-parse-cop-cumulative-165-order-ge-cumexact-taskrd-20260526-2ccb88e9-q10672|COMPLETED|0:0|00:30:05
19875379_113.batch|19878802.batch|batch|COMPLETED|0:0|00:30:05
19875379_113.extern|19878802.extern|extern|COMPLETED|0:0|00:30:05
19875379_114|19878805|xcsp-parse-cop-cumulative-165-order-ge-cumexact-taskrd-20260526-2ccb88e9-q10672|COMPLETED|0:0|00:00:44
19875379_114.batch|19878805.batch|batch|COMPLETED|0:0|00:00:44
19875379_114.extern|19878805.extern|extern|COMPLETED|0:0|00:00:44
19875379_115|19878812|xcsp-parse-cop-cumulative-165-order-ge-cumexact-taskrd-20260526-2ccb88e9-q10672|COMPLETED|0:0|00:30:04
19875379_115.batch|19878812.batch|batch|COMPLETED|0:0|00:30:04
19875379_115.extern|19878812.extern|extern|COMPLETED|0:0|00:30:04
19875379_116|19878815|xcsp-parse-cop-cumulative-165-order-ge-cumexact-taskrd-20260526-2ccb88e9-q10672|COMPLETED|0:0|00:22:35
19875379_116.batch|19878815.batch|batch|COMPLETED|0:0|00:22:35
19875379_116.extern|19878815.extern|extern|COMPLETED|0:0|00:22:35
19875379_117|19878816|xcsp-parse-cop-cumulative-165-order-ge-cumexact-taskrd-20260526-2ccb88e9-q10672|OUT_OF_MEMORY|0:125|00:08:01
19875379_117.batch|19878816.batch|batch|OUT_OF_MEMORY|0:125|00:08:01
19875379_117.extern|19878816.extern|extern|OUT_OF_MEMORY|0:125|00:08:01
19875379_118|19878819|xcsp-parse-cop-cumulative-165-order-ge-cumexact-taskrd-20260526-2ccb88e9-q10672|OUT_OF_MEMORY|0:125|00:11:09
19875379_118.batch|19878819.batch|batch|OUT_OF_MEMORY|0:125|00:11:09
19875379_118.extern|19878819.extern|extern|OUT_OF_MEMORY|0:125|00:11:09
19875379_119|19878823|xcsp-parse-cop-cumulative-165-order-ge-cumexact-taskrd-20260526-2ccb88e9-q10672|OUT_OF_MEMORY|0:125|00:08:36
19875379_119.batch|19878823.batch|batch|OUT_OF_MEMORY|0:125|00:08:36
19875379_119.extern|19878823.extern|extern|OUT_OF_MEMORY|0:125|00:08:36
19875379_120|19878861|xcsp-parse-cop-cumulative-165-order-ge-cumexact-taskrd-20260526-2ccb88e9-q10672|OUT_OF_MEMORY|0:125|00:08:36
19875379_120.batch|19878861.batch|batch|OUT_OF_MEMORY|0:125|00:08:36
19875379_120.extern|19878861.extern|extern|OUT_OF_MEMORY|0:125|00:08:36
19875379_121|19878869|xcsp-parse-cop-cumulative-165-order-ge-cumexact-taskrd-20260526-2ccb88e9-q10672|OUT_OF_MEMORY|0:125|00:09:03
19875379_121.batch|19878869.batch|batch|OUT_OF_MEMORY|0:125|00:09:03
19875379_121.extern|19878869.extern|extern|OUT_OF_MEMORY|0:125|00:09:03
19875379_122|19878880|xcsp-parse-cop-cumulative-165-order-ge-cumexact-taskrd-20260526-2ccb88e9-q10672|OUT_OF_MEMORY|0:125|00:08:38
19875379_122.batch|19878880.batch|batch|OUT_OF_MEMORY|0:125|00:08:38
19875379_122.extern|19878880.extern|extern|OUT_OF_MEMORY|0:125|00:08:38
19875379_123|19878903|xcsp-parse-cop-cumulative-165-order-ge-cumexact-taskrd-20260526-2ccb88e9-q10672|COMPLETED|0:0|00:30:04
19875379_123.batch|19878903.batch|batch|COMPLETED|0:0|00:30:04
19875379_123.extern|19878903.extern|extern|COMPLETED|0:0|00:30:04
19875379_124|19878923|xcsp-parse-cop-cumulative-165-order-ge-cumexact-taskrd-20260526-2ccb88e9-q10672|COMPLETED|0:0|00:02:51
19875379_124.batch|19878923.batch|batch|COMPLETED|0:0|00:02:51
19875379_124.extern|19878923.extern|extern|COMPLETED|0:0|00:02:51
19875379_125|19878930|xcsp-parse-cop-cumulative-165-order-ge-cumexact-taskrd-20260526-2ccb88e9-q10672|COMPLETED|0:0|00:02:37
19875379_125.batch|19878930.batch|batch|COMPLETED|0:0|00:02:37
19875379_125.extern|19878930.extern|extern|COMPLETED|0:0|00:02:37
19875379_126|19878936|xcsp-parse-cop-cumulative-165-order-ge-cumexact-taskrd-20260526-2ccb88e9-q10672|COMPLETED|0:0|00:06:26
19875379_126.batch|19878936.batch|batch|COMPLETED|0:0|00:06:26
19875379_126.extern|19878936.extern|extern|COMPLETED|0:0|00:06:26
19875379_127|19878964|xcsp-parse-cop-cumulative-165-order-ge-cumexact-taskrd-20260526-2ccb88e9-q10672|OUT_OF_MEMORY|0:125|00:06:20
19875379_127.batch|19878964.batch|batch|OUT_OF_MEMORY|0:125|00:06:20
19875379_127.extern|19878964.extern|extern|OUT_OF_MEMORY|0:125|00:06:20
19875379_128|19878966|xcsp-parse-cop-cumulative-165-order-ge-cumexact-taskrd-20260526-2ccb88e9-q10672|COMPLETED|0:0|00:08:09
19875379_128.batch|19878966.batch|batch|COMPLETED|0:0|00:08:09
19875379_128.extern|19878966.extern|extern|COMPLETED|0:0|00:08:09
19875379_129|19878975|xcsp-parse-cop-cumulative-165-order-ge-cumexact-taskrd-20260526-2ccb88e9-q10672|OUT_OF_MEMORY|0:125|00:11:34
19875379_129.batch|19878975.batch|batch|OUT_OF_MEMORY|0:125|00:11:34
19875379_129.extern|19878975.extern|extern|OUT_OF_MEMORY|0:125|00:11:34
19875379_130|19878979|xcsp-parse-cop-cumulative-165-order-ge-cumexact-taskrd-20260526-2ccb88e9-q10672|OUT_OF_MEMORY|0:125|00:11:33
19875379_130.batch|19878979.batch|batch|OUT_OF_MEMORY|0:125|00:11:33
19875379_130.extern|19878979.extern|extern|OUT_OF_MEMORY|0:125|00:11:33
19875379_131|19878987|xcsp-parse-cop-cumulative-165-order-ge-cumexact-taskrd-20260526-2ccb88e9-q10672|OUT_OF_MEMORY|0:125|00:10:29
19875379_131.batch|19878987.batch|batch|OUT_OF_MEMORY|0:125|00:10:29
19875379_131.extern|19878987.extern|extern|OUT_OF_MEMORY|0:125|00:10:29
19875379_132|19878995|xcsp-parse-cop-cumulative-165-order-ge-cumexact-taskrd-20260526-2ccb88e9-q10672|COMPLETED|0:0|00:07:30
19875379_132.batch|19878995.batch|batch|COMPLETED|0:0|00:07:30
19875379_132.extern|19878995.extern|extern|COMPLETED|0:0|00:07:30
19875379_133|19879003|xcsp-parse-cop-cumulative-165-order-ge-cumexact-taskrd-20260526-2ccb88e9-q10672|COMPLETED|0:0|00:05:28
19875379_133.batch|19879003.batch|batch|COMPLETED|0:0|00:05:28
19875379_133.extern|19879003.extern|extern|COMPLETED|0:0|00:05:28
19875379_134|19879016|xcsp-parse-cop-cumulative-165-order-ge-cumexact-taskrd-20260526-2ccb88e9-q10672|OUT_OF_MEMORY|0:125|00:11:12
19875379_134.batch|19879016.batch|batch|OUT_OF_MEMORY|0:125|00:11:12
19875379_134.extern|19879016.extern|extern|OUT_OF_MEMORY|0:125|00:11:12
19875379_135|19879029|xcsp-parse-cop-cumulative-165-order-ge-cumexact-taskrd-20260526-2ccb88e9-q10672|OUT_OF_MEMORY|0:125|00:11:11
19875379_135.batch|19879029.batch|batch|OUT_OF_MEMORY|0:125|00:11:11
19875379_135.extern|19879029.extern|extern|OUT_OF_MEMORY|0:125|00:11:11
19875379_136|19879056|xcsp-parse-cop-cumulative-165-order-ge-cumexact-taskrd-20260526-2ccb88e9-q10672|COMPLETED|0:0|00:09:14
19875379_136.batch|19879056.batch|batch|COMPLETED|0:0|00:09:14
19875379_136.extern|19879056.extern|extern|COMPLETED|0:0|00:09:14
19875379_137|19879077|xcsp-parse-cop-cumulative-165-order-ge-cumexact-taskrd-20260526-2ccb88e9-q10672|OUT_OF_MEMORY|0:125|00:11:41
19875379_137.batch|19879077.batch|batch|OUT_OF_MEMORY|0:125|00:11:41
19875379_137.extern|19879077.extern|extern|OUT_OF_MEMORY|0:125|00:11:41
19875379_138|19879086|xcsp-parse-cop-cumulative-165-order-ge-cumexact-taskrd-20260526-2ccb88e9-q10672|OUT_OF_MEMORY|0:125|00:11:32
19875379_138.batch|19879086.batch|batch|OUT_OF_MEMORY|0:125|00:11:32
19875379_138.extern|19879086.extern|extern|OUT_OF_MEMORY|0:125|00:11:32
19875379_139|19879131|xcsp-parse-cop-cumulative-165-order-ge-cumexact-taskrd-20260526-2ccb88e9-q10672|OUT_OF_MEMORY|0:125|00:11:45
19875379_139.batch|19879131.batch|batch|OUT_OF_MEMORY|0:125|00:11:45
19875379_139.extern|19879131.extern|extern|OUT_OF_MEMORY|0:125|00:11:45
19875379_140|19879174|xcsp-parse-cop-cumulative-165-order-ge-cumexact-taskrd-20260526-2ccb88e9-q10672|OUT_OF_MEMORY|0:125|00:11:22
19875379_140.batch|19879174.batch|batch|OUT_OF_MEMORY|0:125|00:11:22
19875379_140.extern|19879174.extern|extern|OUT_OF_MEMORY|0:125|00:11:22
19875379_141|19879175|xcsp-parse-cop-cumulative-165-order-ge-cumexact-taskrd-20260526-2ccb88e9-q10672|OUT_OF_MEMORY|0:125|00:12:23
19875379_141.batch|19879175.batch|batch|OUT_OF_MEMORY|0:125|00:12:23
19875379_141.extern|19879175.extern|extern|OUT_OF_MEMORY|0:125|00:12:23
19875379_142|19879187|xcsp-parse-cop-cumulative-165-order-ge-cumexact-taskrd-20260526-2ccb88e9-q10672|OUT_OF_MEMORY|0:125|00:12:23
19875379_142.batch|19879187.batch|batch|OUT_OF_MEMORY|0:125|00:12:23
19875379_142.extern|19879187.extern|extern|OUT_OF_MEMORY|0:125|00:12:23
19875379_143|19879194|xcsp-parse-cop-cumulative-165-order-ge-cumexact-taskrd-20260526-2ccb88e9-q10672|OUT_OF_MEMORY|0:125|00:11:04
19875379_143.batch|19879194.batch|batch|OUT_OF_MEMORY|0:125|00:11:04
19875379_143.extern|19879194.extern|extern|OUT_OF_MEMORY|0:125|00:11:04
19875379_144|19879195|xcsp-parse-cop-cumulative-165-order-ge-cumexact-taskrd-20260526-2ccb88e9-q10672|OUT_OF_MEMORY|0:125|00:12:39
19875379_144.batch|19879195.batch|batch|OUT_OF_MEMORY|0:125|00:12:39
19875379_144.extern|19879195.extern|extern|OUT_OF_MEMORY|0:125|00:12:39
19875379_145|19879197|xcsp-parse-cop-cumulative-165-order-ge-cumexact-taskrd-20260526-2ccb88e9-q10672|OUT_OF_MEMORY|0:125|00:12:14
19875379_145.batch|19879197.batch|batch|OUT_OF_MEMORY|0:125|00:12:14
19875379_145.extern|19879197.extern|extern|OUT_OF_MEMORY|0:125|00:12:14
19875379_146|19879226|xcsp-parse-cop-cumulative-165-order-ge-cumexact-taskrd-20260526-2ccb88e9-q10672|OUT_OF_MEMORY|0:125|00:11:56
19875379_146.batch|19879226.batch|batch|OUT_OF_MEMORY|0:125|00:11:56
19875379_146.extern|19879226.extern|extern|OUT_OF_MEMORY|0:125|00:11:56
19875379_147|19879234|xcsp-parse-cop-cumulative-165-order-ge-cumexact-taskrd-20260526-2ccb88e9-q10672|OUT_OF_MEMORY|0:125|00:12:36
19875379_147.batch|19879234.batch|batch|OUT_OF_MEMORY|0:125|00:12:36
19875379_147.extern|19879234.extern|extern|OUT_OF_MEMORY|0:125|00:12:36
19875379_148|19879235|xcsp-parse-cop-cumulative-165-order-ge-cumexact-taskrd-20260526-2ccb88e9-q10672|COMPLETED|0:0|00:10:44
19875379_148.batch|19879235.batch|batch|COMPLETED|0:0|00:10:44
19875379_148.extern|19879235.extern|extern|COMPLETED|0:0|00:10:44
19875379_149|19879248|xcsp-parse-cop-cumulative-165-order-ge-cumexact-taskrd-20260526-2ccb88e9-q10672|COMPLETED|0:0|00:06:02
19875379_149.batch|19879248.batch|batch|COMPLETED|0:0|00:06:02
19875379_149.extern|19879248.extern|extern|COMPLETED|0:0|00:06:02
19875379_150|19879295|xcsp-parse-cop-cumulative-165-order-ge-cumexact-taskrd-20260526-2ccb88e9-q10672|OUT_OF_MEMORY|0:125|00:06:53
19875379_150.batch|19879295.batch|batch|OUT_OF_MEMORY|0:125|00:06:53
19875379_150.extern|19879295.extern|extern|OUT_OF_MEMORY|0:125|00:06:53
19875379_151|19879303|xcsp-parse-cop-cumulative-165-order-ge-cumexact-taskrd-20260526-2ccb88e9-q10672|COMPLETED|0:0|00:30:06
19875379_151.batch|19879303.batch|batch|COMPLETED|0:0|00:30:06
19875379_151.extern|19879303.extern|extern|COMPLETED|0:0|00:30:06
19875379_152|19879334|xcsp-parse-cop-cumulative-165-order-ge-cumexact-taskrd-20260526-2ccb88e9-q10672|COMPLETED|0:0|00:30:05
19875379_152.batch|19879334.batch|batch|COMPLETED|0:0|00:30:05
19875379_152.extern|19879334.extern|extern|COMPLETED|0:0|00:30:05
19875379_153|19879398|xcsp-parse-cop-cumulative-165-order-ge-cumexact-taskrd-20260526-2ccb88e9-q10672|COMPLETED|0:0|00:30:05
19875379_153.batch|19879398.batch|batch|COMPLETED|0:0|00:30:05
19875379_153.extern|19879398.extern|extern|COMPLETED|0:0|00:30:05
19875379_154|19879420|xcsp-parse-cop-cumulative-165-order-ge-cumexact-taskrd-20260526-2ccb88e9-q10672|COMPLETED|0:0|00:21:34
19875379_154.batch|19879420.batch|batch|COMPLETED|0:0|00:21:34
19875379_154.extern|19879420.extern|extern|COMPLETED|0:0|00:21:34
19875379_155|19879429|xcsp-parse-cop-cumulative-165-order-ge-cumexact-taskrd-20260526-2ccb88e9-q10672|COMPLETED|0:0|00:30:07
19875379_155.batch|19879429.batch|batch|COMPLETED|0:0|00:30:07
19875379_155.extern|19879429.extern|extern|COMPLETED|0:0|00:30:07
19875379_156|19879436|xcsp-parse-cop-cumulative-165-order-ge-cumexact-taskrd-20260526-2ccb88e9-q10672|OUT_OF_MEMORY|0:125|00:07:51
19875379_156.batch|19879436.batch|batch|OUT_OF_MEMORY|0:125|00:07:51
19875379_156.extern|19879436.extern|extern|OUT_OF_MEMORY|0:125|00:07:51
19875379_157|19879437|xcsp-parse-cop-cumulative-165-order-ge-cumexact-taskrd-20260526-2ccb88e9-q10672|COMPLETED|0:0|00:30:07
19875379_157.batch|19879437.batch|batch|COMPLETED|0:0|00:30:07
19875379_157.extern|19879437.extern|extern|COMPLETED|0:0|00:30:07
19875379_158|19879444|xcsp-parse-cop-cumulative-165-order-ge-cumexact-taskrd-20260526-2ccb88e9-q10672|COMPLETED|0:0|00:30:08
19875379_158.batch|19879444.batch|batch|COMPLETED|0:0|00:30:08
19875379_158.extern|19879444.extern|extern|COMPLETED|0:0|00:30:08
19875379_159|19879449|xcsp-parse-cop-cumulative-165-order-ge-cumexact-taskrd-20260526-2ccb88e9-q10672|COMPLETED|0:0|00:12:10
19875379_159.batch|19879449.batch|batch|COMPLETED|0:0|00:12:10
19875379_159.extern|19879449.extern|extern|COMPLETED|0:0|00:12:10
19875379_160|19879459|xcsp-parse-cop-cumulative-165-order-ge-cumexact-taskrd-20260526-2ccb88e9-q10672|COMPLETED|0:0|00:09:26
19875379_160.batch|19879459.batch|batch|COMPLETED|0:0|00:09:26
19875379_160.extern|19879459.extern|extern|COMPLETED|0:0|00:09:26
19875379_161|19879461|xcsp-parse-cop-cumulative-165-order-ge-cumexact-taskrd-20260526-2ccb88e9-q10672|OUT_OF_MEMORY|0:125|00:10:33
19875379_161.batch|19879461.batch|batch|OUT_OF_MEMORY|0:125|00:10:33
19875379_161.extern|19879461.extern|extern|OUT_OF_MEMORY|0:125|00:10:33
19875379_162|19879469|xcsp-parse-cop-cumulative-165-order-ge-cumexact-taskrd-20260526-2ccb88e9-q10672|OUT_OF_MEMORY|0:125|00:06:16
19875379_162.batch|19879469.batch|batch|OUT_OF_MEMORY|0:125|00:06:16
19875379_162.extern|19879469.extern|extern|OUT_OF_MEMORY|0:125|00:06:16
19875379_163|19879472|xcsp-parse-cop-cumulative-165-order-ge-cumexact-taskrd-20260526-2ccb88e9-q10672|OUT_OF_MEMORY|0:125|00:06:23
19875379_163.batch|19879472.batch|batch|OUT_OF_MEMORY|0:125|00:06:23
19875379_163.extern|19879472.extern|extern|OUT_OF_MEMORY|0:125|00:06:23
19875379_164|19879489|xcsp-parse-cop-cumulative-165-order-ge-cumexact-taskrd-20260526-2ccb88e9-q10672|OUT_OF_MEMORY|0:125|00:24:42
19875379_164.batch|19879489.batch|batch|OUT_OF_MEMORY|0:125|00:24:42
19875379_164.extern|19879489.extern|extern|OUT_OF_MEMORY|0:125|00:24:42
19875379_165|19875379|xcsp-parse-cop-cumulative-165-order-ge-cumexact-taskrd-20260526-2ccb88e9-q10672|OUT_OF_MEMORY|0:125|00:06:27
19875379_165.batch|19875379.batch|batch|OUT_OF_MEMORY|0:125|00:06:27
19875379_165.extern|19875379.extern|extern|OUT_OF_MEMORY|0:125|00:06:27
19875380_1|19879507|xcsp-parse-cop-cumulative-165-order-ge-cumext-boundprop-20260526-2ccb88e9-q10672|COMPLETED|0:0|00:30:04
19875380_1.batch|19879507.batch|batch|COMPLETED|0:0|00:30:04
19875380_1.extern|19879507.extern|extern|COMPLETED|0:0|00:30:04
19875380_2|19879541|xcsp-parse-cop-cumulative-165-order-ge-cumext-boundprop-20260526-2ccb88e9-q10672|COMPLETED|0:0|00:00:05
19875380_2.batch|19879541.batch|batch|COMPLETED|0:0|00:00:05
19875380_2.extern|19879541.extern|extern|COMPLETED|0:0|00:00:05
19875380_3|19879542|xcsp-parse-cop-cumulative-165-order-ge-cumext-boundprop-20260526-2ccb88e9-q10672|COMPLETED|0:0|00:00:06
19875380_3.batch|19879542.batch|batch|COMPLETED|0:0|00:00:06
19875380_3.extern|19879542.extern|extern|COMPLETED|0:0|00:00:06
19875380_4|19879548|xcsp-parse-cop-cumulative-165-order-ge-cumext-boundprop-20260526-2ccb88e9-q10672|COMPLETED|0:0|00:30:03
19875380_4.batch|19879548.batch|batch|COMPLETED|0:0|00:30:03
19875380_4.extern|19879548.extern|extern|COMPLETED|0:0|00:30:03
19875380_5|19879556|xcsp-parse-cop-cumulative-165-order-ge-cumext-boundprop-20260526-2ccb88e9-q10672|COMPLETED|0:0|00:30:04
19875380_5.batch|19879556.batch|batch|COMPLETED|0:0|00:30:04
19875380_5.extern|19879556.extern|extern|COMPLETED|0:0|00:30:04
19875380_6|19879564|xcsp-parse-cop-cumulative-165-order-ge-cumext-boundprop-20260526-2ccb88e9-q10672|COMPLETED|0:0|00:00:26
19875380_6.batch|19879564.batch|batch|COMPLETED|0:0|00:00:26
19875380_6.extern|19879564.extern|extern|COMPLETED|0:0|00:00:26
19875380_7|19879573|xcsp-parse-cop-cumulative-165-order-ge-cumext-boundprop-20260526-2ccb88e9-q10672|COMPLETED|0:0|00:30:04
19875380_7.batch|19879573.batch|batch|COMPLETED|0:0|00:30:04
19875380_7.extern|19879573.extern|extern|COMPLETED|0:0|00:30:04
19875380_8|19879584|xcsp-parse-cop-cumulative-165-order-ge-cumext-boundprop-20260526-2ccb88e9-q10672|COMPLETED|0:0|00:30:04
19875380_8.batch|19879584.batch|batch|COMPLETED|0:0|00:30:04
19875380_8.extern|19879584.extern|extern|COMPLETED|0:0|00:30:04
19875380_9|19879596|xcsp-parse-cop-cumulative-165-order-ge-cumext-boundprop-20260526-2ccb88e9-q10672|COMPLETED|0:0|00:20:15
19875380_9.batch|19879596.batch|batch|COMPLETED|0:0|00:20:15
19875380_9.extern|19879596.extern|extern|COMPLETED|0:0|00:20:15
19875380_10|19879614|xcsp-parse-cop-cumulative-165-order-ge-cumext-boundprop-20260526-2ccb88e9-q10672|COMPLETED|0:0|00:04:01
19875380_10.batch|19879614.batch|batch|COMPLETED|0:0|00:04:01
19875380_10.extern|19879614.extern|extern|COMPLETED|0:0|00:04:01
19875380_11|19879619|xcsp-parse-cop-cumulative-165-order-ge-cumext-boundprop-20260526-2ccb88e9-q10672|COMPLETED|0:0|00:30:04
19875380_11.batch|19879619.batch|batch|COMPLETED|0:0|00:30:04
19875380_11.extern|19879619.extern|extern|COMPLETED|0:0|00:30:04
19875380_12|19879683|xcsp-parse-cop-cumulative-165-order-ge-cumext-boundprop-20260526-2ccb88e9-q10672|COMPLETED|0:0|00:19:49
19875380_12.batch|19879683.batch|batch|COMPLETED|0:0|00:19:49
19875380_12.extern|19879683.extern|extern|COMPLETED|0:0|00:19:49
19875380_13|19879751|xcsp-parse-cop-cumulative-165-order-ge-cumext-boundprop-20260526-2ccb88e9-q10672|COMPLETED|0:0|00:30:04
19875380_13.batch|19879751.batch|batch|COMPLETED|0:0|00:30:04
19875380_13.extern|19879751.extern|extern|COMPLETED|0:0|00:30:04
19875380_14|19879891|xcsp-parse-cop-cumulative-165-order-ge-cumext-boundprop-20260526-2ccb88e9-q10672|COMPLETED|0:0|00:02:49
19875380_14.batch|19879891.batch|batch|COMPLETED|0:0|00:02:49
19875380_14.extern|19879891.extern|extern|COMPLETED|0:0|00:02:49
19875380_15|19879917|xcsp-parse-cop-cumulative-165-order-ge-cumext-boundprop-20260526-2ccb88e9-q10672|COMPLETED|0:0|00:14:48
19875380_15.batch|19879917.batch|batch|COMPLETED|0:0|00:14:48
19875380_15.extern|19879917.extern|extern|COMPLETED|0:0|00:14:48
19875380_16|19879923|xcsp-parse-cop-cumulative-165-order-ge-cumext-boundprop-20260526-2ccb88e9-q10672|COMPLETED|0:0|00:26:23
19875380_16.batch|19879923.batch|batch|COMPLETED|0:0|00:26:23
19875380_16.extern|19879923.extern|extern|COMPLETED|0:0|00:26:23
19875380_17|19879947|xcsp-parse-cop-cumulative-165-order-ge-cumext-boundprop-20260526-2ccb88e9-q10672|COMPLETED|0:0|00:21:52
19875380_17.batch|19879947.batch|batch|COMPLETED|0:0|00:21:52
19875380_17.extern|19879947.extern|extern|COMPLETED|0:0|00:21:52
19875380_18|19879956|xcsp-parse-cop-cumulative-165-order-ge-cumext-boundprop-20260526-2ccb88e9-q10672|COMPLETED|0:0|00:19:14
19875380_18.batch|19879956.batch|batch|COMPLETED|0:0|00:19:14
19875380_18.extern|19879956.extern|extern|COMPLETED|0:0|00:19:14
19875380_19|19879984|xcsp-parse-cop-cumulative-165-order-ge-cumext-boundprop-20260526-2ccb88e9-q10672|COMPLETED|0:0|00:30:03
19875380_19.batch|19879984.batch|batch|COMPLETED|0:0|00:30:03
19875380_19.extern|19879984.extern|extern|COMPLETED|0:0|00:30:03
19875380_20|19879995|xcsp-parse-cop-cumulative-165-order-ge-cumext-boundprop-20260526-2ccb88e9-q10672|COMPLETED|0:0|00:07:38
19875380_20.batch|19879995.batch|batch|COMPLETED|0:0|00:07:38
19875380_20.extern|19879995.extern|extern|COMPLETED|0:0|00:07:38
19875380_21|19879999|xcsp-parse-cop-cumulative-165-order-ge-cumext-boundprop-20260526-2ccb88e9-q10672|COMPLETED|0:0|00:04:19
19875380_21.batch|19879999.batch|batch|COMPLETED|0:0|00:04:19
19875380_21.extern|19879999.extern|extern|COMPLETED|0:0|00:04:19
19875380_22|19880011|xcsp-parse-cop-cumulative-165-order-ge-cumext-boundprop-20260526-2ccb88e9-q10672|COMPLETED|0:0|00:00:19
19875380_22.batch|19880011.batch|batch|COMPLETED|0:0|00:00:19
19875380_22.extern|19880011.extern|extern|COMPLETED|0:0|00:00:19
19875380_23|19880019|xcsp-parse-cop-cumulative-165-order-ge-cumext-boundprop-20260526-2ccb88e9-q10672|COMPLETED|0:0|00:00:18
19875380_23.batch|19880019.batch|batch|COMPLETED|0:0|00:00:18
19875380_23.extern|19880019.extern|extern|COMPLETED|0:0|00:00:18
19875380_24|19880031|xcsp-parse-cop-cumulative-165-order-ge-cumext-boundprop-20260526-2ccb88e9-q10672|COMPLETED|0:0|00:30:03
19875380_24.batch|19880031.batch|batch|COMPLETED|0:0|00:30:03
19875380_24.extern|19880031.extern|extern|COMPLETED|0:0|00:30:03
19875380_25|19880106|xcsp-parse-cop-cumulative-165-order-ge-cumext-boundprop-20260526-2ccb88e9-q10672|COMPLETED|0:0|00:00:32
19875380_25.batch|19880106.batch|batch|COMPLETED|0:0|00:00:32
19875380_25.extern|19880106.extern|extern|COMPLETED|0:0|00:00:32
19875380_26|19880118|xcsp-parse-cop-cumulative-165-order-ge-cumext-boundprop-20260526-2ccb88e9-q10672|COMPLETED|0:0|00:30:05
19875380_26.batch|19880118.batch|batch|COMPLETED|0:0|00:30:05
19875380_26.extern|19880118.extern|extern|COMPLETED|0:0|00:30:05
19875380_27|19880122|xcsp-parse-cop-cumulative-165-order-ge-cumext-boundprop-20260526-2ccb88e9-q10672|COMPLETED|0:0|00:30:04
19875380_27.batch|19880122.batch|batch|COMPLETED|0:0|00:30:04
19875380_27.extern|19880122.extern|extern|COMPLETED|0:0|00:30:04
19875380_28|19880133|xcsp-parse-cop-cumulative-165-order-ge-cumext-boundprop-20260526-2ccb88e9-q10672|COMPLETED|0:0|00:30:04
19875380_28.batch|19880133.batch|batch|COMPLETED|0:0|00:30:04
19875380_28.extern|19880133.extern|extern|COMPLETED|0:0|00:30:04
19875380_29|19880169|xcsp-parse-cop-cumulative-165-order-ge-cumext-boundprop-20260526-2ccb88e9-q10672|OUT_OF_MEMORY|0:125|00:02:28
19875380_29.batch|19880169.batch|batch|OUT_OF_MEMORY|0:125|00:02:28
19875380_29.extern|19880169.extern|extern|OUT_OF_MEMORY|0:125|00:02:28
19875380_30|19880178|xcsp-parse-cop-cumulative-165-order-ge-cumext-boundprop-20260526-2ccb88e9-q10672|COMPLETED|0:0|00:30:04
19875380_30.batch|19880178.batch|batch|COMPLETED|0:0|00:30:04
19875380_30.extern|19880178.extern|extern|COMPLETED|0:0|00:30:04
19875380_31|19880182|xcsp-parse-cop-cumulative-165-order-ge-cumext-boundprop-20260526-2ccb88e9-q10672|COMPLETED|0:0|00:30:04
19875380_31.batch|19880182.batch|batch|COMPLETED|0:0|00:30:04
19875380_31.extern|19880182.extern|extern|COMPLETED|0:0|00:30:04
19875380_32|19880228|xcsp-parse-cop-cumulative-165-order-ge-cumext-boundprop-20260526-2ccb88e9-q10672|COMPLETED|0:0|00:30:05
19875380_32.batch|19880228.batch|batch|COMPLETED|0:0|00:30:05
19875380_32.extern|19880228.extern|extern|COMPLETED|0:0|00:30:05
19875380_33|19880234|xcsp-parse-cop-cumulative-165-order-ge-cumext-boundprop-20260526-2ccb88e9-q10672|COMPLETED|0:0|00:00:50
19875380_33.batch|19880234.batch|batch|COMPLETED|0:0|00:00:50
19875380_33.extern|19880234.extern|extern|COMPLETED|0:0|00:00:50
19875380_34|19880260|xcsp-parse-cop-cumulative-165-order-ge-cumext-boundprop-20260526-2ccb88e9-q10672|COMPLETED|0:0|00:30:05
19875380_34.batch|19880260.batch|batch|COMPLETED|0:0|00:30:05
19875380_34.extern|19880260.extern|extern|COMPLETED|0:0|00:30:05
19875380_35|19880276|xcsp-parse-cop-cumulative-165-order-ge-cumext-boundprop-20260526-2ccb88e9-q10672|COMPLETED|0:0|00:30:05
19875380_35.batch|19880276.batch|batch|COMPLETED|0:0|00:30:05
19875380_35.extern|19880276.extern|extern|COMPLETED|0:0|00:30:05
19875380_36|19880279|xcsp-parse-cop-cumulative-165-order-ge-cumext-boundprop-20260526-2ccb88e9-q10672|COMPLETED|0:0|00:18:07
19875380_36.batch|19880279.batch|batch|COMPLETED|0:0|00:18:07
19875380_36.extern|19880279.extern|extern|COMPLETED|0:0|00:18:07
19875380_37|19880318|xcsp-parse-cop-cumulative-165-order-ge-cumext-boundprop-20260526-2ccb88e9-q10672|COMPLETED|0:0|00:30:04
19875380_37.batch|19880318.batch|batch|COMPLETED|0:0|00:30:04
19875380_37.extern|19880318.extern|extern|COMPLETED|0:0|00:30:04
19875380_38|19880409|xcsp-parse-cop-cumulative-165-order-ge-cumext-boundprop-20260526-2ccb88e9-q10672|COMPLETED|0:0|00:10:03
19875380_38.batch|19880409.batch|batch|COMPLETED|0:0|00:10:03
19875380_38.extern|19880409.extern|extern|COMPLETED|0:0|00:10:03
19875380_39|19880469|xcsp-parse-cop-cumulative-165-order-ge-cumext-boundprop-20260526-2ccb88e9-q10672|COMPLETED|0:0|00:03:06
19875380_39.batch|19880469.batch|batch|COMPLETED|0:0|00:03:06
19875380_39.extern|19880469.extern|extern|COMPLETED|0:0|00:03:06
19875380_40|19880470|xcsp-parse-cop-cumulative-165-order-ge-cumext-boundprop-20260526-2ccb88e9-q10672|COMPLETED|0:0|00:01:58
19875380_40.batch|19880470.batch|batch|COMPLETED|0:0|00:01:58
19875380_40.extern|19880470.extern|extern|COMPLETED|0:0|00:01:58
19875380_41|19880531|xcsp-parse-cop-cumulative-165-order-ge-cumext-boundprop-20260526-2ccb88e9-q10672|COMPLETED|0:0|00:01:48
19875380_41.batch|19880531.batch|batch|COMPLETED|0:0|00:01:48
19875380_41.extern|19880531.extern|extern|COMPLETED|0:0|00:01:48
19875380_42|19880554|xcsp-parse-cop-cumulative-165-order-ge-cumext-boundprop-20260526-2ccb88e9-q10672|COMPLETED|0:0|00:30:04
19875380_42.batch|19880554.batch|batch|COMPLETED|0:0|00:30:04
19875380_42.extern|19880554.extern|extern|COMPLETED|0:0|00:30:04
19875380_43|19880561|xcsp-parse-cop-cumulative-165-order-ge-cumext-boundprop-20260526-2ccb88e9-q10672|COMPLETED|0:0|00:30:04
19875380_43.batch|19880561.batch|batch|COMPLETED|0:0|00:30:04
19875380_43.extern|19880561.extern|extern|COMPLETED|0:0|00:30:04
19875380_44|19880577|xcsp-parse-cop-cumulative-165-order-ge-cumext-boundprop-20260526-2ccb88e9-q10672|COMPLETED|0:0|00:01:16
19875380_44.batch|19880577.batch|batch|COMPLETED|0:0|00:01:16
19875380_44.extern|19880577.extern|extern|COMPLETED|0:0|00:01:16
19875380_45|19880610|xcsp-parse-cop-cumulative-165-order-ge-cumext-boundprop-20260526-2ccb88e9-q10672|COMPLETED|0:0|00:03:15
19875380_45.batch|19880610.batch|batch|COMPLETED|0:0|00:03:15
19875380_45.extern|19880610.extern|extern|COMPLETED|0:0|00:03:15
19875380_46|19880668|xcsp-parse-cop-cumulative-165-order-ge-cumext-boundprop-20260526-2ccb88e9-q10672|COMPLETED|0:0|00:30:04
19875380_46.batch|19880668.batch|batch|COMPLETED|0:0|00:30:04
19875380_46.extern|19880668.extern|extern|COMPLETED|0:0|00:30:04
19875380_47|19880681|xcsp-parse-cop-cumulative-165-order-ge-cumext-boundprop-20260526-2ccb88e9-q10672|COMPLETED|0:0|00:07:15
19875380_47.batch|19880681.batch|batch|COMPLETED|0:0|00:07:15
19875380_47.extern|19880681.extern|extern|COMPLETED|0:0|00:07:15
19875380_48|19880703|xcsp-parse-cop-cumulative-165-order-ge-cumext-boundprop-20260526-2ccb88e9-q10672|COMPLETED|0:0|00:04:22
19875380_48.batch|19880703.batch|batch|COMPLETED|0:0|00:04:22
19875380_48.extern|19880703.extern|extern|COMPLETED|0:0|00:04:22
19875380_49|19880710|xcsp-parse-cop-cumulative-165-order-ge-cumext-boundprop-20260526-2ccb88e9-q10672|COMPLETED|0:0|00:07:41
19875380_49.batch|19880710.batch|batch|COMPLETED|0:0|00:07:41
19875380_49.extern|19880710.extern|extern|COMPLETED|0:0|00:07:41
19875380_50|19880746|xcsp-parse-cop-cumulative-165-order-ge-cumext-boundprop-20260526-2ccb88e9-q10672|COMPLETED|0:0|00:05:47
19875380_50.batch|19880746.batch|batch|COMPLETED|0:0|00:05:47
19875380_50.extern|19880746.extern|extern|COMPLETED|0:0|00:05:47
19875380_51|19880775|xcsp-parse-cop-cumulative-165-order-ge-cumext-boundprop-20260526-2ccb88e9-q10672|COMPLETED|0:0|00:30:05
19875380_51.batch|19880775.batch|batch|COMPLETED|0:0|00:30:05
19875380_51.extern|19880775.extern|extern|COMPLETED|0:0|00:30:05
19875380_52|19880806|xcsp-parse-cop-cumulative-165-order-ge-cumext-boundprop-20260526-2ccb88e9-q10672|COMPLETED|0:0|00:00:49
19875380_52.batch|19880806.batch|batch|COMPLETED|0:0|00:00:49
19875380_52.extern|19880806.extern|extern|COMPLETED|0:0|00:00:49
19875380_53|19880809|xcsp-parse-cop-cumulative-165-order-ge-cumext-boundprop-20260526-2ccb88e9-q10672|COMPLETED|0:0|00:01:55
19875380_53.batch|19880809.batch|batch|COMPLETED|0:0|00:01:55
19875380_53.extern|19880809.extern|extern|COMPLETED|0:0|00:01:55
19875380_54|19880814|xcsp-parse-cop-cumulative-165-order-ge-cumext-boundprop-20260526-2ccb88e9-q10672|COMPLETED|0:0|00:02:05
19875380_54.batch|19880814.batch|batch|COMPLETED|0:0|00:02:05
19875380_54.extern|19880814.extern|extern|COMPLETED|0:0|00:02:05
19875380_55|19880822|xcsp-parse-cop-cumulative-165-order-ge-cumext-boundprop-20260526-2ccb88e9-q10672|OUT_OF_MEMORY|0:125|00:16:24
19875380_55.batch|19880822.batch|batch|OUT_OF_MEMORY|0:125|00:16:24
19875380_55.extern|19880822.extern|extern|OUT_OF_MEMORY|0:125|00:16:24
19875380_56|19880823|xcsp-parse-cop-cumulative-165-order-ge-cumext-boundprop-20260526-2ccb88e9-q10672|COMPLETED|0:0|00:30:03
19875380_56.batch|19880823.batch|batch|COMPLETED|0:0|00:30:03
19875380_56.extern|19880823.extern|extern|COMPLETED|0:0|00:30:03
19875380_57|19880843|xcsp-parse-cop-cumulative-165-order-ge-cumext-boundprop-20260526-2ccb88e9-q10672|OUT_OF_MEMORY|0:125|00:09:45
19875380_57.batch|19880843.batch|batch|OUT_OF_MEMORY|0:125|00:09:45
19875380_57.extern|19880843.extern|extern|OUT_OF_MEMORY|0:125|00:09:45
19875380_58|19880846|xcsp-parse-cop-cumulative-165-order-ge-cumext-boundprop-20260526-2ccb88e9-q10672|OUT_OF_MEMORY|0:125|00:10:07
19875380_58.batch|19880846.batch|batch|OUT_OF_MEMORY|0:125|00:10:07
19875380_58.extern|19880846.extern|extern|OUT_OF_MEMORY|0:125|00:10:07
19875380_59|19880856|xcsp-parse-cop-cumulative-165-order-ge-cumext-boundprop-20260526-2ccb88e9-q10672|COMPLETED|0:0|00:30:03
19875380_59.batch|19880856.batch|batch|COMPLETED|0:0|00:30:03
19875380_59.extern|19880856.extern|extern|COMPLETED|0:0|00:30:03
19875380_60|19880860|xcsp-parse-cop-cumulative-165-order-ge-cumext-boundprop-20260526-2ccb88e9-q10672|COMPLETED|0:0|00:30:04
19875380_60.batch|19880860.batch|batch|COMPLETED|0:0|00:30:04
19875380_60.extern|19880860.extern|extern|COMPLETED|0:0|00:30:04
19875380_61|19880861|xcsp-parse-cop-cumulative-165-order-ge-cumext-boundprop-20260526-2ccb88e9-q10672|COMPLETED|0:0|00:30:04
19875380_61.batch|19880861.batch|batch|COMPLETED|0:0|00:30:04
19875380_61.extern|19880861.extern|extern|COMPLETED|0:0|00:30:04
19875380_62|19880877|xcsp-parse-cop-cumulative-165-order-ge-cumext-boundprop-20260526-2ccb88e9-q10672|COMPLETED|0:0|00:20:35
19875380_62.batch|19880877.batch|batch|COMPLETED|0:0|00:20:35
19875380_62.extern|19880877.extern|extern|COMPLETED|0:0|00:20:35
19875380_63|19880892|xcsp-parse-cop-cumulative-165-order-ge-cumext-boundprop-20260526-2ccb88e9-q10672|COMPLETED|0:0|00:30:03
19875380_63.batch|19880892.batch|batch|COMPLETED|0:0|00:30:03
19875380_63.extern|19880892.extern|extern|COMPLETED|0:0|00:30:03
19875380_64|19880914|xcsp-parse-cop-cumulative-165-order-ge-cumext-boundprop-20260526-2ccb88e9-q10672|COMPLETED|0:0|00:30:03
19875380_64.batch|19880914.batch|batch|COMPLETED|0:0|00:30:03
19875380_64.extern|19880914.extern|extern|COMPLETED|0:0|00:30:03
19875380_65|19880931|xcsp-parse-cop-cumulative-165-order-ge-cumext-boundprop-20260526-2ccb88e9-q10672|COMPLETED|0:0|00:30:03
19875380_65.batch|19880931.batch|batch|COMPLETED|0:0|00:30:03
19875380_65.extern|19880931.extern|extern|COMPLETED|0:0|00:30:03
19875380_66|19880964|xcsp-parse-cop-cumulative-165-order-ge-cumext-boundprop-20260526-2ccb88e9-q10672|COMPLETED|0:0|00:00:14
19875380_66.batch|19880964.batch|batch|COMPLETED|0:0|00:00:14
19875380_66.extern|19880964.extern|extern|COMPLETED|0:0|00:00:14
19875380_67|19880973|xcsp-parse-cop-cumulative-165-order-ge-cumext-boundprop-20260526-2ccb88e9-q10672|COMPLETED|0:0|00:30:03
19875380_67.batch|19880973.batch|batch|COMPLETED|0:0|00:30:03
19875380_67.extern|19880973.extern|extern|COMPLETED|0:0|00:30:03
19875380_68|19881020|xcsp-parse-cop-cumulative-165-order-ge-cumext-boundprop-20260526-2ccb88e9-q10672|COMPLETED|0:0|00:30:05
19875380_68.batch|19881020.batch|batch|COMPLETED|0:0|00:30:05
19875380_68.extern|19881020.extern|extern|COMPLETED|0:0|00:30:05
19875380_69|19881028|xcsp-parse-cop-cumulative-165-order-ge-cumext-boundprop-20260526-2ccb88e9-q10672|COMPLETED|0:0|00:30:04
19875380_69.batch|19881028.batch|batch|COMPLETED|0:0|00:30:04
19875380_69.extern|19881028.extern|extern|COMPLETED|0:0|00:30:04
19875380_70|19881101|xcsp-parse-cop-cumulative-165-order-ge-cumext-boundprop-20260526-2ccb88e9-q10672|COMPLETED|0:0|00:00:09
19875380_70.batch|19881101.batch|batch|COMPLETED|0:0|00:00:09
19875380_70.extern|19881101.extern|extern|COMPLETED|0:0|00:00:09
19875380_71|19881103|xcsp-parse-cop-cumulative-165-order-ge-cumext-boundprop-20260526-2ccb88e9-q10672|COMPLETED|0:0|00:30:04
19875380_71.batch|19881103.batch|batch|COMPLETED|0:0|00:30:04
19875380_71.extern|19881103.extern|extern|COMPLETED|0:0|00:30:04
19875380_72|19881112|xcsp-parse-cop-cumulative-165-order-ge-cumext-boundprop-20260526-2ccb88e9-q10672|OUT_OF_MEMORY|0:125|00:02:54
19875380_72.batch|19881112.batch|batch|OUT_OF_MEMORY|0:125|00:02:54
19875380_72.extern|19881112.extern|extern|OUT_OF_MEMORY|0:125|00:02:54
19875380_73|19881114|xcsp-parse-cop-cumulative-165-order-ge-cumext-boundprop-20260526-2ccb88e9-q10672|COMPLETED|0:0|00:30:03
19875380_73.batch|19881114.batch|batch|COMPLETED|0:0|00:30:03
19875380_73.extern|19881114.extern|extern|COMPLETED|0:0|00:30:03
19875380_74|19881171|xcsp-parse-cop-cumulative-165-order-ge-cumext-boundprop-20260526-2ccb88e9-q10672|COMPLETED|0:0|00:00:42
19875380_74.batch|19881171.batch|batch|COMPLETED|0:0|00:00:42
19875380_74.extern|19881171.extern|extern|COMPLETED|0:0|00:00:42
19875380_75|19881184|xcsp-parse-cop-cumulative-165-order-ge-cumext-boundprop-20260526-2ccb88e9-q10672|COMPLETED|0:0|00:30:03
19875380_75.batch|19881184.batch|batch|COMPLETED|0:0|00:30:03
19875380_75.extern|19881184.extern|extern|COMPLETED|0:0|00:30:03
19875380_76|19881206|xcsp-parse-cop-cumulative-165-order-ge-cumext-boundprop-20260526-2ccb88e9-q10672|COMPLETED|0:0|00:30:04
19875380_76.batch|19881206.batch|batch|COMPLETED|0:0|00:30:04
19875380_76.extern|19881206.extern|extern|COMPLETED|0:0|00:30:04
19875380_77|19881219|xcsp-parse-cop-cumulative-165-order-ge-cumext-boundprop-20260526-2ccb88e9-q10672|COMPLETED|0:0|00:00:41
19875380_77.batch|19881219.batch|batch|COMPLETED|0:0|00:00:41
19875380_77.extern|19881219.extern|extern|COMPLETED|0:0|00:00:41
19875380_78|19881231|xcsp-parse-cop-cumulative-165-order-ge-cumext-boundprop-20260526-2ccb88e9-q10672|COMPLETED|0:0|00:30:03
19875380_78.batch|19881231.batch|batch|COMPLETED|0:0|00:30:03
19875380_78.extern|19881231.extern|extern|COMPLETED|0:0|00:30:03
19875380_79|19881292|xcsp-parse-cop-cumulative-165-order-ge-cumext-boundprop-20260526-2ccb88e9-q10672|COMPLETED|0:0|00:01:29
19875380_79.batch|19881292.batch|batch|COMPLETED|0:0|00:01:29
19875380_79.extern|19881292.extern|extern|COMPLETED|0:0|00:01:29
19875380_80|19881316|xcsp-parse-cop-cumulative-165-order-ge-cumext-boundprop-20260526-2ccb88e9-q10672|COMPLETED|0:0|00:00:19
19875380_80.batch|19881316.batch|batch|COMPLETED|0:0|00:00:19
19875380_80.extern|19881316.extern|extern|COMPLETED|0:0|00:00:19
19875380_81|19881329|xcsp-parse-cop-cumulative-165-order-ge-cumext-boundprop-20260526-2ccb88e9-q10672|COMPLETED|0:0|00:30:04
19875380_81.batch|19881329.batch|batch|COMPLETED|0:0|00:30:04
19875380_81.extern|19881329.extern|extern|COMPLETED|0:0|00:30:04
19875380_82|19881331|xcsp-parse-cop-cumulative-165-order-ge-cumext-boundprop-20260526-2ccb88e9-q10672|COMPLETED|0:0|00:09:48
19875380_82.batch|19881331.batch|batch|COMPLETED|0:0|00:09:48
19875380_82.extern|19881331.extern|extern|COMPLETED|0:0|00:09:48
19875380_83|19881352|xcsp-parse-cop-cumulative-165-order-ge-cumext-boundprop-20260526-2ccb88e9-q10672|COMPLETED|0:0|00:30:04
19875380_83.batch|19881352.batch|batch|COMPLETED|0:0|00:30:04
19875380_83.extern|19881352.extern|extern|COMPLETED|0:0|00:30:04
19875380_84|19881355|xcsp-parse-cop-cumulative-165-order-ge-cumext-boundprop-20260526-2ccb88e9-q10672|COMPLETED|0:0|00:30:04
19875380_84.batch|19881355.batch|batch|COMPLETED|0:0|00:30:04
19875380_84.extern|19881355.extern|extern|COMPLETED|0:0|00:30:04
19875380_85|19881357|xcsp-parse-cop-cumulative-165-order-ge-cumext-boundprop-20260526-2ccb88e9-q10672|COMPLETED|0:0|00:15:18
19875380_85.batch|19881357.batch|batch|COMPLETED|0:0|00:15:18
19875380_85.extern|19881357.extern|extern|COMPLETED|0:0|00:15:18
19875380_86|19881373|xcsp-parse-cop-cumulative-165-order-ge-cumext-boundprop-20260526-2ccb88e9-q10672|COMPLETED|0:0|00:30:06
19875380_86.batch|19881373.batch|batch|COMPLETED|0:0|00:30:06
19875380_86.extern|19881373.extern|extern|COMPLETED|0:0|00:30:06
19875380_87|19881386|xcsp-parse-cop-cumulative-165-order-ge-cumext-boundprop-20260526-2ccb88e9-q10672|COMPLETED|0:0|00:00:47
19875380_87.batch|19881386.batch|batch|COMPLETED|0:0|00:00:47
19875380_87.extern|19881386.extern|extern|COMPLETED|0:0|00:00:47
19875380_88|19881389|xcsp-parse-cop-cumulative-165-order-ge-cumext-boundprop-20260526-2ccb88e9-q10672|COMPLETED|0:0|00:30:06
19875380_88.batch|19881389.batch|batch|COMPLETED|0:0|00:30:06
19875380_88.extern|19881389.extern|extern|COMPLETED|0:0|00:30:06
19875380_89|19881390|xcsp-parse-cop-cumulative-165-order-ge-cumext-boundprop-20260526-2ccb88e9-q10672|COMPLETED|0:0|00:30:04
19875380_89.batch|19881390.batch|batch|COMPLETED|0:0|00:30:04
19875380_89.extern|19881390.extern|extern|COMPLETED|0:0|00:30:04
19875380_90|19881428|xcsp-parse-cop-cumulative-165-order-ge-cumext-boundprop-20260526-2ccb88e9-q10672|COMPLETED|0:0|00:30:03
19875380_90.batch|19881428.batch|batch|COMPLETED|0:0|00:30:03
19875380_90.extern|19881428.extern|extern|COMPLETED|0:0|00:30:03
19875380_91|19881464|xcsp-parse-cop-cumulative-165-order-ge-cumext-boundprop-20260526-2ccb88e9-q10672|COMPLETED|0:0|00:30:03
19875380_91.batch|19881464.batch|batch|COMPLETED|0:0|00:30:03
19875380_91.extern|19881464.extern|extern|COMPLETED|0:0|00:30:03
19875380_92|19881481|xcsp-parse-cop-cumulative-165-order-ge-cumext-boundprop-20260526-2ccb88e9-q10672|COMPLETED|0:0|00:30:03
19875380_92.batch|19881481.batch|batch|COMPLETED|0:0|00:30:03
19875380_92.extern|19881481.extern|extern|COMPLETED|0:0|00:30:03
19875380_93|19881490|xcsp-parse-cop-cumulative-165-order-ge-cumext-boundprop-20260526-2ccb88e9-q10672|COMPLETED|0:0|00:30:03
19875380_93.batch|19881490.batch|batch|COMPLETED|0:0|00:30:03
19875380_93.extern|19881490.extern|extern|COMPLETED|0:0|00:30:03
19875380_94|19881571|xcsp-parse-cop-cumulative-165-order-ge-cumext-boundprop-20260526-2ccb88e9-q10672|COMPLETED|0:0|00:30:08
19875380_94.batch|19881571.batch|batch|COMPLETED|0:0|00:30:08
19875380_94.extern|19881571.extern|extern|COMPLETED|0:0|00:30:08
19875380_95|19881580|xcsp-parse-cop-cumulative-165-order-ge-cumext-boundprop-20260526-2ccb88e9-q10672|COMPLETED|0:0|00:30:04
19875380_95.batch|19881580.batch|batch|COMPLETED|0:0|00:30:04
19875380_95.extern|19881580.extern|extern|COMPLETED|0:0|00:30:04
19875380_96|19881581|xcsp-parse-cop-cumulative-165-order-ge-cumext-boundprop-20260526-2ccb88e9-q10672|COMPLETED|0:0|00:30:04
19875380_96.batch|19881581.batch|batch|COMPLETED|0:0|00:30:04
19875380_96.extern|19881581.extern|extern|COMPLETED|0:0|00:30:04
19875380_97|19881633|xcsp-parse-cop-cumulative-165-order-ge-cumext-boundprop-20260526-2ccb88e9-q10672|COMPLETED|0:0|00:30:02
19875380_97.batch|19881633.batch|batch|COMPLETED|0:0|00:30:02
19875380_97.extern|19881633.extern|extern|COMPLETED|0:0|00:30:02
19875380_98|19881653|xcsp-parse-cop-cumulative-165-order-ge-cumext-boundprop-20260526-2ccb88e9-q10672|COMPLETED|0:0|00:30:04
19875380_98.batch|19881653.batch|batch|COMPLETED|0:0|00:30:04
19875380_98.extern|19881653.extern|extern|COMPLETED|0:0|00:30:04
19875380_99|19881745|xcsp-parse-cop-cumulative-165-order-ge-cumext-boundprop-20260526-2ccb88e9-q10672|OUT_OF_MEMORY|0:125|00:09:48
19875380_99.batch|19881745.batch|batch|OUT_OF_MEMORY|0:125|00:09:48
19875380_99.extern|19881745.extern|extern|OUT_OF_MEMORY|0:125|00:09:48
19875380_100|19881904|xcsp-parse-cop-cumulative-165-order-ge-cumext-boundprop-20260526-2ccb88e9-q10672|OUT_OF_MEMORY|0:125|00:10:32
19875380_100.batch|19881904.batch|batch|OUT_OF_MEMORY|0:125|00:10:32
19875380_100.extern|19881904.extern|extern|OUT_OF_MEMORY|0:125|00:10:32
19875380_101|19882013|xcsp-parse-cop-cumulative-165-order-ge-cumext-boundprop-20260526-2ccb88e9-q10672|COMPLETED|0:0|00:09:16
19875380_101.batch|19882013.batch|batch|COMPLETED|0:0|00:09:16
19875380_101.extern|19882013.extern|extern|COMPLETED|0:0|00:09:16
19875380_102|19882016|xcsp-parse-cop-cumulative-165-order-ge-cumext-boundprop-20260526-2ccb88e9-q10672|COMPLETED|0:0|00:16:48
19875380_102.batch|19882016.batch|batch|COMPLETED|0:0|00:16:48
19875380_102.extern|19882016.extern|extern|COMPLETED|0:0|00:16:48
19875380_103|19882041|xcsp-parse-cop-cumulative-165-order-ge-cumext-boundprop-20260526-2ccb88e9-q10672|COMPLETED|0:0|00:30:04
19875380_103.batch|19882041.batch|batch|COMPLETED|0:0|00:30:04
19875380_103.extern|19882041.extern|extern|COMPLETED|0:0|00:30:04
19875380_104|19882047|xcsp-parse-cop-cumulative-165-order-ge-cumext-boundprop-20260526-2ccb88e9-q10672|COMPLETED|0:0|00:02:50
19875380_104.batch|19882047.batch|batch|COMPLETED|0:0|00:02:50
19875380_104.extern|19882047.extern|extern|COMPLETED|0:0|00:02:50
19875380_105|19882071|xcsp-parse-cop-cumulative-165-order-ge-cumext-boundprop-20260526-2ccb88e9-q10672|COMPLETED|0:0|00:30:03
19875380_105.batch|19882071.batch|batch|COMPLETED|0:0|00:30:03
19875380_105.extern|19882071.extern|extern|COMPLETED|0:0|00:30:03
19875380_106|19882072|xcsp-parse-cop-cumulative-165-order-ge-cumext-boundprop-20260526-2ccb88e9-q10672|COMPLETED|0:0|00:30:06
19875380_106.batch|19882072.batch|batch|COMPLETED|0:0|00:30:06
19875380_106.extern|19882072.extern|extern|COMPLETED|0:0|00:30:06
19875380_107|19882089|xcsp-parse-cop-cumulative-165-order-ge-cumext-boundprop-20260526-2ccb88e9-q10672|COMPLETED|0:0|00:19:06
19875380_107.batch|19882089.batch|batch|COMPLETED|0:0|00:19:06
19875380_107.extern|19882089.extern|extern|COMPLETED|0:0|00:19:06
19875380_108|19882099|xcsp-parse-cop-cumulative-165-order-ge-cumext-boundprop-20260526-2ccb88e9-q10672|COMPLETED|0:0|00:30:08
19875380_108.batch|19882099.batch|batch|COMPLETED|0:0|00:30:08
19875380_108.extern|19882099.extern|extern|COMPLETED|0:0|00:30:08
19875380_109|19882139|xcsp-parse-cop-cumulative-165-order-ge-cumext-boundprop-20260526-2ccb88e9-q10672|COMPLETED|0:0|00:30:04
19875380_109.batch|19882139.batch|batch|COMPLETED|0:0|00:30:04
19875380_109.extern|19882139.extern|extern|COMPLETED|0:0|00:30:04
19875380_110|19882146|xcsp-parse-cop-cumulative-165-order-ge-cumext-boundprop-20260526-2ccb88e9-q10672|COMPLETED|0:0|00:30:04
19875380_110.batch|19882146.batch|batch|COMPLETED|0:0|00:30:04
19875380_110.extern|19882146.extern|extern|COMPLETED|0:0|00:30:04
19875380_111|19882156|xcsp-parse-cop-cumulative-165-order-ge-cumext-boundprop-20260526-2ccb88e9-q10672|COMPLETED|0:0|00:30:04
19875380_111.batch|19882156.batch|batch|COMPLETED|0:0|00:30:04
19875380_111.extern|19882156.extern|extern|COMPLETED|0:0|00:30:04
19875380_112|19882157|xcsp-parse-cop-cumulative-165-order-ge-cumext-boundprop-20260526-2ccb88e9-q10672|COMPLETED|0:0|00:00:03
19875380_112.batch|19882157.batch|batch|COMPLETED|0:0|00:00:03
19875380_112.extern|19882157.extern|extern|COMPLETED|0:0|00:00:03
19875380_113|19882158|xcsp-parse-cop-cumulative-165-order-ge-cumext-boundprop-20260526-2ccb88e9-q10672|COMPLETED|0:0|00:30:03
19875380_113.batch|19882158.batch|batch|COMPLETED|0:0|00:30:03
19875380_113.extern|19882158.extern|extern|COMPLETED|0:0|00:30:03
19875380_114|19882161|xcsp-parse-cop-cumulative-165-order-ge-cumext-boundprop-20260526-2ccb88e9-q10672|COMPLETED|0:0|00:01:05
19875380_114.batch|19882161.batch|batch|COMPLETED|0:0|00:01:05
19875380_114.extern|19882161.extern|extern|COMPLETED|0:0|00:01:05
19875380_115|19882171|xcsp-parse-cop-cumulative-165-order-ge-cumext-boundprop-20260526-2ccb88e9-q10672|COMPLETED|0:0|00:30:03
19875380_115.batch|19882171.batch|batch|COMPLETED|0:0|00:30:03
19875380_115.extern|19882171.extern|extern|COMPLETED|0:0|00:30:03
19875380_116|19882241|xcsp-parse-cop-cumulative-165-order-ge-cumext-boundprop-20260526-2ccb88e9-q10672|COMPLETED|0:0|00:24:56
19875380_116.batch|19882241.batch|batch|COMPLETED|0:0|00:24:56
19875380_116.extern|19882241.extern|extern|COMPLETED|0:0|00:24:56
19875380_117|19882245|xcsp-parse-cop-cumulative-165-order-ge-cumext-boundprop-20260526-2ccb88e9-q10672|COMPLETED|0:0|00:05:14
19875380_117.batch|19882245.batch|batch|COMPLETED|0:0|00:05:14
19875380_117.extern|19882245.extern|extern|COMPLETED|0:0|00:05:14
19875380_118|19882247|xcsp-parse-cop-cumulative-165-order-ge-cumext-boundprop-20260526-2ccb88e9-q10672|COMPLETED|0:0|00:30:06
19875380_118.batch|19882247.batch|batch|COMPLETED|0:0|00:30:06
19875380_118.extern|19882247.extern|extern|COMPLETED|0:0|00:30:06
19875380_119|19882271|xcsp-parse-cop-cumulative-165-order-ge-cumext-boundprop-20260526-2ccb88e9-q10672|COMPLETED|0:0|00:05:16
19875380_119.batch|19882271.batch|batch|COMPLETED|0:0|00:05:16
19875380_119.extern|19882271.extern|extern|COMPLETED|0:0|00:05:16
19875380_120|19882295|xcsp-parse-cop-cumulative-165-order-ge-cumext-boundprop-20260526-2ccb88e9-q10672|COMPLETED|0:0|00:30:06
19875380_120.batch|19882295.batch|batch|COMPLETED|0:0|00:30:06
19875380_120.extern|19882295.extern|extern|COMPLETED|0:0|00:30:06
19875380_121|19882313|xcsp-parse-cop-cumulative-165-order-ge-cumext-boundprop-20260526-2ccb88e9-q10672|COMPLETED|0:0|00:30:04
19875380_121.batch|19882313.batch|batch|COMPLETED|0:0|00:30:04
19875380_121.extern|19882313.extern|extern|COMPLETED|0:0|00:30:04
19875380_122|19882325|xcsp-parse-cop-cumulative-165-order-ge-cumext-boundprop-20260526-2ccb88e9-q10672|COMPLETED|0:0|00:30:05
19875380_122.batch|19882325.batch|batch|COMPLETED|0:0|00:30:05
19875380_122.extern|19882325.extern|extern|COMPLETED|0:0|00:30:05
19875380_123|19882349|xcsp-parse-cop-cumulative-165-order-ge-cumext-boundprop-20260526-2ccb88e9-q10672|COMPLETED|0:0|00:30:04
19875380_123.batch|19882349.batch|batch|COMPLETED|0:0|00:30:04
19875380_123.extern|19882349.extern|extern|COMPLETED|0:0|00:30:04
19875380_124|19882379|xcsp-parse-cop-cumulative-165-order-ge-cumext-boundprop-20260526-2ccb88e9-q10672|COMPLETED|0:0|00:30:15
19875380_124.batch|19882379.batch|batch|COMPLETED|0:0|00:30:15
19875380_124.extern|19882379.extern|extern|COMPLETED|0:0|00:30:15
19875380_125|19882511|xcsp-parse-cop-cumulative-165-order-ge-cumext-boundprop-20260526-2ccb88e9-q10672|COMPLETED|0:0|00:00:03
19875380_125.batch|19882511.batch|batch|COMPLETED|0:0|00:00:03
19875380_125.extern|19882511.extern|extern|COMPLETED|0:0|00:00:03
19875380_126|19882512|xcsp-parse-cop-cumulative-165-order-ge-cumext-boundprop-20260526-2ccb88e9-q10672|COMPLETED|0:0|00:12:35
19875380_126.batch|19882512.batch|batch|COMPLETED|0:0|00:12:35
19875380_126.extern|19882512.extern|extern|COMPLETED|0:0|00:12:37
19875380_127|19882533|xcsp-parse-cop-cumulative-165-order-ge-cumext-boundprop-20260526-2ccb88e9-q10672|OUT_OF_MEMORY|0:125|00:06:45
19875380_127.batch|19882533.batch|batch|OUT_OF_MEMORY|0:125|00:06:45
19875380_127.extern|19882533.extern|extern|OUT_OF_MEMORY|0:125|00:06:45
19875380_128|19882536|xcsp-parse-cop-cumulative-165-order-ge-cumext-boundprop-20260526-2ccb88e9-q10672|COMPLETED|0:0|00:09:02
19875380_128.batch|19882536.batch|batch|COMPLETED|0:0|00:09:02
19875380_128.extern|19882536.extern|extern|COMPLETED|0:0|00:09:02
19875380_129|19882586|xcsp-parse-cop-cumulative-165-order-ge-cumext-boundprop-20260526-2ccb88e9-q10672|COMPLETED|0:0|00:30:05
19875380_129.batch|19882586.batch|batch|COMPLETED|0:0|00:30:05
19875380_129.extern|19882586.extern|extern|COMPLETED|0:0|00:30:05
19875380_130|19882626|xcsp-parse-cop-cumulative-165-order-ge-cumext-boundprop-20260526-2ccb88e9-q10672|COMPLETED|0:0|00:30:03
19875380_130.batch|19882626.batch|batch|COMPLETED|0:0|00:30:03
19875380_130.extern|19882626.extern|extern|COMPLETED|0:0|00:30:03
19875380_131|19882630|xcsp-parse-cop-cumulative-165-order-ge-cumext-boundprop-20260526-2ccb88e9-q10672|COMPLETED|0:0|00:30:04
19875380_131.batch|19882630.batch|batch|COMPLETED|0:0|00:30:04
19875380_131.extern|19882630.extern|extern|COMPLETED|0:0|00:30:04
19875380_132|19882637|xcsp-parse-cop-cumulative-165-order-ge-cumext-boundprop-20260526-2ccb88e9-q10672|OUT_OF_MEMORY|0:125|00:06:21
19875380_132.batch|19882637.batch|batch|OUT_OF_MEMORY|0:125|00:06:21
19875380_132.extern|19882637.extern|extern|OUT_OF_MEMORY|0:125|00:06:21
19875380_133|19882645|xcsp-parse-cop-cumulative-165-order-ge-cumext-boundprop-20260526-2ccb88e9-q10672|OUT_OF_MEMORY|0:125|00:06:34
19875380_133.batch|19882645.batch|batch|OUT_OF_MEMORY|0:125|00:06:34
19875380_133.extern|19882645.extern|extern|OUT_OF_MEMORY|0:125|00:06:34
19875380_134|19882648|xcsp-parse-cop-cumulative-165-order-ge-cumext-boundprop-20260526-2ccb88e9-q10672|COMPLETED|0:0|00:30:05
19875380_134.batch|19882648.batch|batch|COMPLETED|0:0|00:30:05
19875380_134.extern|19882648.extern|extern|COMPLETED|0:0|00:30:05
19875380_135|19882655|xcsp-parse-cop-cumulative-165-order-ge-cumext-boundprop-20260526-2ccb88e9-q10672|COMPLETED|0:0|00:30:05
19875380_135.batch|19882655.batch|batch|COMPLETED|0:0|00:30:05
19875380_135.extern|19882655.extern|extern|COMPLETED|0:0|00:30:05
19875380_136|19882668|xcsp-parse-cop-cumulative-165-order-ge-cumext-boundprop-20260526-2ccb88e9-q10672|OUT_OF_MEMORY|0:125|00:06:27
19875380_136.batch|19882668.batch|batch|OUT_OF_MEMORY|0:125|00:06:27
19875380_136.extern|19882668.extern|extern|OUT_OF_MEMORY|0:125|00:06:27
19875380_137|19882690|xcsp-parse-cop-cumulative-165-order-ge-cumext-boundprop-20260526-2ccb88e9-q10672|COMPLETED|0:0|00:30:03
19875380_137.batch|19882690.batch|batch|COMPLETED|0:0|00:30:03
19875380_137.extern|19882690.extern|extern|COMPLETED|0:0|00:30:03
19875380_138|19882718|xcsp-parse-cop-cumulative-165-order-ge-cumext-boundprop-20260526-2ccb88e9-q10672|COMPLETED|0:0|00:30:04
19875380_138.batch|19882718.batch|batch|COMPLETED|0:0|00:30:04
19875380_138.extern|19882718.extern|extern|COMPLETED|0:0|00:30:04
19875380_139|19882731|xcsp-parse-cop-cumulative-165-order-ge-cumext-boundprop-20260526-2ccb88e9-q10672|COMPLETED|0:0|00:30:04
19875380_139.batch|19882731.batch|batch|COMPLETED|0:0|00:30:04
19875380_139.extern|19882731.extern|extern|COMPLETED|0:0|00:30:04
19875380_140|19882732|xcsp-parse-cop-cumulative-165-order-ge-cumext-boundprop-20260526-2ccb88e9-q10672|COMPLETED|0:0|00:30:05
19875380_140.batch|19882732.batch|batch|COMPLETED|0:0|00:30:05
19875380_140.extern|19882732.extern|extern|COMPLETED|0:0|00:30:05
19875380_141|19882741|xcsp-parse-cop-cumulative-165-order-ge-cumext-boundprop-20260526-2ccb88e9-q10672|COMPLETED|0:0|00:30:04
19875380_141.batch|19882741.batch|batch|COMPLETED|0:0|00:30:04
19875380_141.extern|19882741.extern|extern|COMPLETED|0:0|00:30:04
19875380_142|19882760|xcsp-parse-cop-cumulative-165-order-ge-cumext-boundprop-20260526-2ccb88e9-q10672|COMPLETED|0:0|00:30:05
19875380_142.batch|19882760.batch|batch|COMPLETED|0:0|00:30:05
19875380_142.extern|19882760.extern|extern|COMPLETED|0:0|00:30:05
19875380_143|19882790|xcsp-parse-cop-cumulative-165-order-ge-cumext-boundprop-20260526-2ccb88e9-q10672|COMPLETED|0:0|00:30:06
19875380_143.batch|19882790.batch|batch|COMPLETED|0:0|00:30:06
19875380_143.extern|19882790.extern|extern|COMPLETED|0:0|00:30:06
19875380_144|19882811|xcsp-parse-cop-cumulative-165-order-ge-cumext-boundprop-20260526-2ccb88e9-q10672|COMPLETED|0:0|00:30:03
19875380_144.batch|19882811.batch|batch|COMPLETED|0:0|00:30:03
19875380_144.extern|19882811.extern|extern|COMPLETED|0:0|00:30:03
19875380_145|19882823|xcsp-parse-cop-cumulative-165-order-ge-cumext-boundprop-20260526-2ccb88e9-q10672|COMPLETED|0:0|00:30:03
19875380_145.batch|19882823.batch|batch|COMPLETED|0:0|00:30:03
19875380_145.extern|19882823.extern|extern|COMPLETED|0:0|00:30:03
19875380_146|19882847|xcsp-parse-cop-cumulative-165-order-ge-cumext-boundprop-20260526-2ccb88e9-q10672|COMPLETED|0:0|00:30:05
19875380_146.batch|19882847.batch|batch|COMPLETED|0:0|00:30:05
19875380_146.extern|19882847.extern|extern|COMPLETED|0:0|00:30:05
19875380_147|19882870|xcsp-parse-cop-cumulative-165-order-ge-cumext-boundprop-20260526-2ccb88e9-q10672|COMPLETED|0:0|00:30:04
19875380_147.batch|19882870.batch|batch|COMPLETED|0:0|00:30:04
19875380_147.extern|19882870.extern|extern|COMPLETED|0:0|00:30:04
19875380_148|19883028|xcsp-parse-cop-cumulative-165-order-ge-cumext-boundprop-20260526-2ccb88e9-q10672|COMPLETED|0:0|00:00:04
19875380_148.batch|19883028.batch|batch|COMPLETED|0:0|00:00:04
19875380_148.extern|19883028.extern|extern|COMPLETED|0:0|00:00:04
19875380_149|19883029|xcsp-parse-cop-cumulative-165-order-ge-cumext-boundprop-20260526-2ccb88e9-q10672|OUT_OF_MEMORY|0:125|00:06:31
19875380_149.batch|19883029.batch|batch|OUT_OF_MEMORY|0:125|00:06:31
19875380_149.extern|19883029.extern|extern|OUT_OF_MEMORY|0:125|00:06:31
19875380_150|19883067|xcsp-parse-cop-cumulative-165-order-ge-cumext-boundprop-20260526-2ccb88e9-q10672|OUT_OF_MEMORY|0:125|00:06:08
19875380_150.batch|19883067.batch|batch|OUT_OF_MEMORY|0:125|00:06:08
19875380_150.extern|19883067.extern|extern|OUT_OF_MEMORY|0:125|00:06:08
19875380_151|19883074|xcsp-parse-cop-cumulative-165-order-ge-cumext-boundprop-20260526-2ccb88e9-q10672|COMPLETED|0:0|00:30:06
19875380_151.batch|19883074.batch|batch|COMPLETED|0:0|00:30:06
19875380_151.extern|19883074.extern|extern|COMPLETED|0:0|00:30:06
19875380_152|19883091|xcsp-parse-cop-cumulative-165-order-ge-cumext-boundprop-20260526-2ccb88e9-q10672|COMPLETED|0:0|00:30:04
19875380_152.batch|19883091.batch|batch|COMPLETED|0:0|00:30:04
19875380_152.extern|19883091.extern|extern|COMPLETED|0:0|00:30:04
19875380_153|19883098|xcsp-parse-cop-cumulative-165-order-ge-cumext-boundprop-20260526-2ccb88e9-q10672|COMPLETED|0:0|00:30:04
19875380_153.batch|19883098.batch|batch|COMPLETED|0:0|00:30:04
19875380_153.extern|19883098.extern|extern|COMPLETED|0:0|00:30:04
19875380_154|19883131|xcsp-parse-cop-cumulative-165-order-ge-cumext-boundprop-20260526-2ccb88e9-q10672|OUT_OF_MEMORY|0:125|00:06:09
19875380_154.batch|19883131.batch|batch|OUT_OF_MEMORY|0:125|00:06:09
19875380_154.extern|19883131.extern|extern|OUT_OF_MEMORY|0:125|00:06:09
19875380_155|19883132|xcsp-parse-cop-cumulative-165-order-ge-cumext-boundprop-20260526-2ccb88e9-q10672|COMPLETED|0:0|00:00:03
19875380_155.batch|19883132.batch|batch|COMPLETED|0:0|00:00:03
19875380_155.extern|19883132.extern|extern|COMPLETED|0:0|00:00:03
19875380_156|19883133|xcsp-parse-cop-cumulative-165-order-ge-cumext-boundprop-20260526-2ccb88e9-q10672|OUT_OF_MEMORY|0:125|00:06:23
19875380_156.batch|19883133.batch|batch|OUT_OF_MEMORY|0:125|00:06:23
19875380_156.extern|19883133.extern|extern|OUT_OF_MEMORY|0:125|00:06:23
19875380_157|19883158|xcsp-parse-cop-cumulative-165-order-ge-cumext-boundprop-20260526-2ccb88e9-q10672|OUT_OF_MEMORY|0:125|00:06:30
19875380_157.batch|19883158.batch|batch|OUT_OF_MEMORY|0:125|00:06:30
19875380_157.extern|19883158.extern|extern|OUT_OF_MEMORY|0:125|00:06:30
19875380_158|19883160|xcsp-parse-cop-cumulative-165-order-ge-cumext-boundprop-20260526-2ccb88e9-q10672|COMPLETED|0:0|00:00:03
19875380_158.batch|19883160.batch|batch|COMPLETED|0:0|00:00:03
19875380_158.extern|19883160.extern|extern|COMPLETED|0:0|00:00:03
19875380_159|19883163|xcsp-parse-cop-cumulative-165-order-ge-cumext-boundprop-20260526-2ccb88e9-q10672|COMPLETED|0:0|00:30:05
19875380_159.batch|19883163.batch|batch|COMPLETED|0:0|00:30:05
19875380_159.extern|19883163.extern|extern|COMPLETED|0:0|00:30:05
19875380_160|19883174|xcsp-parse-cop-cumulative-165-order-ge-cumext-boundprop-20260526-2ccb88e9-q10672|COMPLETED|0:0|00:30:05
19875380_160.batch|19883174.batch|batch|COMPLETED|0:0|00:30:05
19875380_160.extern|19883174.extern|extern|COMPLETED|0:0|00:30:05
19875380_161|19883178|xcsp-parse-cop-cumulative-165-order-ge-cumext-boundprop-20260526-2ccb88e9-q10672|COMPLETED|0:0|00:30:06
19875380_161.batch|19883178.batch|batch|COMPLETED|0:0|00:30:06
19875380_161.extern|19883178.extern|extern|COMPLETED|0:0|00:30:06
19875380_162|19883184|xcsp-parse-cop-cumulative-165-order-ge-cumext-boundprop-20260526-2ccb88e9-q10672|COMPLETED|0:0|00:30:05
19875380_162.batch|19883184.batch|batch|COMPLETED|0:0|00:30:05
19875380_162.extern|19883184.extern|extern|COMPLETED|0:0|00:30:05
19875380_163|19883204|xcsp-parse-cop-cumulative-165-order-ge-cumext-boundprop-20260526-2ccb88e9-q10672|COMPLETED|0:0|00:30:06
19875380_163.batch|19883204.batch|batch|COMPLETED|0:0|00:30:06
19875380_163.extern|19883204.extern|extern|COMPLETED|0:0|00:30:07
19875380_164|19883219|xcsp-parse-cop-cumulative-165-order-ge-cumext-boundprop-20260526-2ccb88e9-q10672|COMPLETED|0:0|00:00:03
19875380_164.batch|19883219.batch|batch|COMPLETED|0:0|00:00:03
19875380_164.extern|19883219.extern|extern|COMPLETED|0:0|00:00:03
19875380_165|19875380|xcsp-parse-cop-cumulative-165-order-ge-cumext-boundprop-20260526-2ccb88e9-q10672|COMPLETED|0:0|00:30:06
19875380_165.batch|19875380.batch|batch|COMPLETED|0:0|00:30:06
19875380_165.extern|19875380.extern|extern|COMPLETED|0:0|00:30:06
19875381_1|19883222|xcsp-parse-cop-cumulative-165-log-scop-cumexact-timerd-20260526-2ccb88e9-q10672|COMPLETED|0:0|00:30:05
19875381_1.batch|19883222.batch|batch|COMPLETED|0:0|00:30:05
19875381_1.extern|19883222.extern|extern|COMPLETED|0:0|00:30:05
19875381_2|19883225|xcsp-parse-cop-cumulative-165-log-scop-cumexact-timerd-20260526-2ccb88e9-q10672|COMPLETED|0:0|00:00:06
19875381_2.batch|19883225.batch|batch|COMPLETED|0:0|00:00:06
19875381_2.extern|19883225.extern|extern|COMPLETED|0:0|00:00:06
19875381_3|19883227|xcsp-parse-cop-cumulative-165-log-scop-cumexact-timerd-20260526-2ccb88e9-q10672|COMPLETED|0:0|00:00:03
19875381_3.batch|19883227.batch|batch|COMPLETED|0:0|00:00:03
19875381_3.extern|19883227.extern|extern|COMPLETED|0:0|00:00:04
19875381_4|19883238|xcsp-parse-cop-cumulative-165-log-scop-cumexact-timerd-20260526-2ccb88e9-q10672|COMPLETED|0:0|00:30:04
19875381_4.batch|19883238.batch|batch|COMPLETED|0:0|00:30:04
19875381_4.extern|19883238.extern|extern|COMPLETED|0:0|00:30:04
19875381_5|19883253|xcsp-parse-cop-cumulative-165-log-scop-cumexact-timerd-20260526-2ccb88e9-q10672|COMPLETED|0:0|00:30:04
19875381_5.batch|19883253.batch|batch|COMPLETED|0:0|00:30:04
19875381_5.extern|19883253.extern|extern|COMPLETED|0:0|00:30:04
19875381_6|19883269|xcsp-parse-cop-cumulative-165-log-scop-cumexact-timerd-20260526-2ccb88e9-q10672|COMPLETED|0:0|00:04:26
19875381_6.batch|19883269.batch|batch|COMPLETED|0:0|00:04:26
19875381_6.extern|19883269.extern|extern|COMPLETED|0:0|00:04:26
19875381_7|19883271|xcsp-parse-cop-cumulative-165-log-scop-cumexact-timerd-20260526-2ccb88e9-q10672|COMPLETED|0:0|00:05:24
19875381_7.batch|19883271.batch|batch|COMPLETED|0:0|00:05:24
19875381_7.extern|19883271.extern|extern|COMPLETED|0:0|00:05:24
19875381_8|19883294|xcsp-parse-cop-cumulative-165-log-scop-cumexact-timerd-20260526-2ccb88e9-q10672|COMPLETED|0:0|00:05:21
19875381_8.batch|19883294.batch|batch|COMPLETED|0:0|00:05:21
19875381_8.extern|19883294.extern|extern|COMPLETED|0:0|00:05:21
19875381_9|19883318|xcsp-parse-cop-cumulative-165-log-scop-cumexact-timerd-20260526-2ccb88e9-q10672|COMPLETED|0:0|00:01:19
19875381_9.batch|19883318.batch|batch|COMPLETED|0:0|00:01:19
19875381_9.extern|19883318.extern|extern|COMPLETED|0:0|00:01:19
19875381_10|19883337|xcsp-parse-cop-cumulative-165-log-scop-cumexact-timerd-20260526-2ccb88e9-q10672|COMPLETED|0:0|00:01:19
19875381_10.batch|19883337.batch|batch|COMPLETED|0:0|00:01:19
19875381_10.extern|19883337.extern|extern|COMPLETED|0:0|00:01:19
19875381_11|19883339|xcsp-parse-cop-cumulative-165-log-scop-cumexact-timerd-20260526-2ccb88e9-q10672|COMPLETED|0:0|00:01:29
19875381_11.batch|19883339.batch|batch|COMPLETED|0:0|00:01:29
19875381_11.extern|19883339.extern|extern|COMPLETED|0:0|00:01:29
19875381_12|19883352|xcsp-parse-cop-cumulative-165-log-scop-cumexact-timerd-20260526-2ccb88e9-q10672|COMPLETED|0:0|00:01:17
19875381_12.batch|19883352.batch|batch|COMPLETED|0:0|00:01:17
19875381_12.extern|19883352.extern|extern|COMPLETED|0:0|00:01:17
19875381_13|19883359|xcsp-parse-cop-cumulative-165-log-scop-cumexact-timerd-20260526-2ccb88e9-q10672|COMPLETED|0:0|00:03:32
19875381_13.batch|19883359.batch|batch|COMPLETED|0:0|00:03:32
19875381_13.extern|19883359.extern|extern|COMPLETED|0:0|00:03:32
19875381_14|19883362|xcsp-parse-cop-cumulative-165-log-scop-cumexact-timerd-20260526-2ccb88e9-q10672|COMPLETED|0:0|00:01:02
19875381_14.batch|19883362.batch|batch|COMPLETED|0:0|00:01:02
19875381_14.extern|19883362.extern|extern|COMPLETED|0:0|00:01:02
19875381_15|19883375|xcsp-parse-cop-cumulative-165-log-scop-cumexact-timerd-20260526-2ccb88e9-q10672|COMPLETED|0:0|00:01:08
19875381_15.batch|19883375.batch|batch|COMPLETED|0:0|00:01:08
19875381_15.extern|19883375.extern|extern|COMPLETED|0:0|00:01:08
19875381_16|19883376|xcsp-parse-cop-cumulative-165-log-scop-cumexact-timerd-20260526-2ccb88e9-q10672|COMPLETED|0:0|00:00:53
19875381_16.batch|19883376.batch|batch|COMPLETED|0:0|00:00:53
19875381_16.extern|19883376.extern|extern|COMPLETED|0:0|00:00:53
19875381_17|19883379|xcsp-parse-cop-cumulative-165-log-scop-cumexact-timerd-20260526-2ccb88e9-q10672|COMPLETED|0:0|00:00:55
19875381_17.batch|19883379.batch|batch|COMPLETED|0:0|00:00:55
19875381_17.extern|19883379.extern|extern|COMPLETED|0:0|00:00:55
19875381_18|19883394|xcsp-parse-cop-cumulative-165-log-scop-cumexact-timerd-20260526-2ccb88e9-q10672|COMPLETED|0:0|00:01:13
19875381_18.batch|19883394.batch|batch|COMPLETED|0:0|00:01:13
19875381_18.extern|19883394.extern|extern|COMPLETED|0:0|00:01:13
19875381_19|19883397|xcsp-parse-cop-cumulative-165-log-scop-cumexact-timerd-20260526-2ccb88e9-q10672|COMPLETED|0:0|00:01:54
19875381_19.batch|19883397.batch|batch|COMPLETED|0:0|00:01:54
19875381_19.extern|19883397.extern|extern|COMPLETED|0:0|00:01:54
19875381_20|19883398|xcsp-parse-cop-cumulative-165-log-scop-cumexact-timerd-20260526-2ccb88e9-q10672|COMPLETED|0:0|00:00:13
19875381_20.batch|19883398.batch|batch|COMPLETED|0:0|00:00:13
19875381_20.extern|19883398.extern|extern|COMPLETED|0:0|00:00:13
19875381_21|19883406|xcsp-parse-cop-cumulative-165-log-scop-cumexact-timerd-20260526-2ccb88e9-q10672|COMPLETED|0:0|00:00:08
19875381_21.batch|19883406.batch|batch|COMPLETED|0:0|00:00:08
19875381_21.extern|19883406.extern|extern|COMPLETED|0:0|00:00:08
19875381_22|19883407|xcsp-parse-cop-cumulative-165-log-scop-cumexact-timerd-20260526-2ccb88e9-q10672|COMPLETED|0:0|00:02:01
19875381_22.batch|19883407.batch|batch|COMPLETED|0:0|00:02:01
19875381_22.extern|19883407.extern|extern|COMPLETED|0:0|00:02:01
19875381_23|19883409|xcsp-parse-cop-cumulative-165-log-scop-cumexact-timerd-20260526-2ccb88e9-q10672|COMPLETED|0:0|00:06:57
19875381_23.batch|19883409.batch|batch|COMPLETED|0:0|00:06:57
19875381_23.extern|19883409.extern|extern|COMPLETED|0:0|00:06:57
19875381_24|19883419|xcsp-parse-cop-cumulative-165-log-scop-cumexact-timerd-20260526-2ccb88e9-q10672|COMPLETED|0:0|00:30:03
19875381_24.batch|19883419.batch|batch|COMPLETED|0:0|00:30:03
19875381_24.extern|19883419.extern|extern|COMPLETED|0:0|00:30:03
19875381_25|19883422|xcsp-parse-cop-cumulative-165-log-scop-cumexact-timerd-20260526-2ccb88e9-q10672|COMPLETED|0:0|00:05:44
19875381_25.batch|19883422.batch|batch|COMPLETED|0:0|00:05:44
19875381_25.extern|19883422.extern|extern|COMPLETED|0:0|00:05:44
19875381_26|19883445|xcsp-parse-cop-cumulative-165-log-scop-cumexact-timerd-20260526-2ccb88e9-q10672|COMPLETED|0:0|00:30:05
19875381_26.batch|19883445.batch|batch|COMPLETED|0:0|00:30:05
19875381_26.extern|19883445.extern|extern|COMPLETED|0:0|00:30:05
19875381_27|19883531|xcsp-parse-cop-cumulative-165-log-scop-cumexact-timerd-20260526-2ccb88e9-q10672|COMPLETED|0:0|00:08:43
19875381_27.batch|19883531.batch|batch|COMPLETED|0:0|00:08:43
19875381_27.extern|19883531.extern|extern|COMPLETED|0:0|00:08:43
19875381_28|19883537|xcsp-parse-cop-cumulative-165-log-scop-cumexact-timerd-20260526-2ccb88e9-q10672|COMPLETED|0:0|00:30:04
19875381_28.batch|19883537.batch|batch|COMPLETED|0:0|00:30:04
19875381_28.extern|19883537.extern|extern|COMPLETED|0:0|00:30:04
19875381_29|19883558|xcsp-parse-cop-cumulative-165-log-scop-cumexact-timerd-20260526-2ccb88e9-q10672|COMPLETED|0:0|00:30:05
19875381_29.batch|19883558.batch|batch|COMPLETED|0:0|00:30:05
19875381_29.extern|19883558.extern|extern|COMPLETED|0:0|00:30:05
19875381_30|19883577|xcsp-parse-cop-cumulative-165-log-scop-cumexact-timerd-20260526-2ccb88e9-q10672|COMPLETED|0:0|00:30:05
19875381_30.batch|19883577.batch|batch|COMPLETED|0:0|00:30:05
19875381_30.extern|19883577.extern|extern|COMPLETED|0:0|00:30:05
19875381_31|19883585|xcsp-parse-cop-cumulative-165-log-scop-cumexact-timerd-20260526-2ccb88e9-q10672|COMPLETED|0:0|00:30:04
19875381_31.batch|19883585.batch|batch|COMPLETED|0:0|00:30:04
19875381_31.extern|19883585.extern|extern|COMPLETED|0:0|00:30:04
19875381_32|19883708|xcsp-parse-cop-cumulative-165-log-scop-cumexact-timerd-20260526-2ccb88e9-q10672|COMPLETED|0:0|00:16:25
19875381_32.batch|19883708.batch|batch|COMPLETED|0:0|00:16:25
19875381_32.extern|19883708.extern|extern|COMPLETED|0:0|00:16:25
19875381_33|19883717|xcsp-parse-cop-cumulative-165-log-scop-cumexact-timerd-20260526-2ccb88e9-q10672|COMPLETED|0:0|00:23:36
19875381_33.batch|19883717.batch|batch|COMPLETED|0:0|00:23:36
19875381_33.extern|19883717.extern|extern|COMPLETED|0:0|00:23:36
19875381_34|19883719|xcsp-parse-cop-cumulative-165-log-scop-cumexact-timerd-20260526-2ccb88e9-q10672|COMPLETED|0:0|00:15:47
19875381_34.batch|19883719.batch|batch|COMPLETED|0:0|00:15:47
19875381_34.extern|19883719.extern|extern|COMPLETED|0:0|00:15:47
19875381_35|19883720|xcsp-parse-cop-cumulative-165-log-scop-cumexact-timerd-20260526-2ccb88e9-q10672|COMPLETED|0:0|00:30:03
19875381_35.batch|19883720.batch|batch|COMPLETED|0:0|00:30:03
19875381_35.extern|19883720.extern|extern|COMPLETED|0:0|00:30:03
19875381_36|19883729|xcsp-parse-cop-cumulative-165-log-scop-cumexact-timerd-20260526-2ccb88e9-q10672|COMPLETED|0:0|00:09:11
19875381_36.batch|19883729.batch|batch|COMPLETED|0:0|00:09:11
19875381_36.extern|19883729.extern|extern|COMPLETED|0:0|00:09:11
19875381_37|19883743|xcsp-parse-cop-cumulative-165-log-scop-cumexact-timerd-20260526-2ccb88e9-q10672|COMPLETED|0:0|00:06:52
19875381_37.batch|19883743.batch|batch|COMPLETED|0:0|00:06:52
19875381_37.extern|19883743.extern|extern|COMPLETED|0:0|00:06:52
19875381_38|19883810|xcsp-parse-cop-cumulative-165-log-scop-cumexact-timerd-20260526-2ccb88e9-q10672|COMPLETED|0:0|00:18:31
19875381_38.batch|19883810.batch|batch|COMPLETED|0:0|00:18:31
19875381_38.extern|19883810.extern|extern|COMPLETED|0:0|00:18:32
19875381_39|19883811|xcsp-parse-cop-cumulative-165-log-scop-cumexact-timerd-20260526-2ccb88e9-q10672|COMPLETED|0:0|00:17:30
19875381_39.batch|19883811.batch|batch|COMPLETED|0:0|00:17:30
19875381_39.extern|19883811.extern|extern|COMPLETED|0:0|00:17:30
19875381_40|19883812|xcsp-parse-cop-cumulative-165-log-scop-cumexact-timerd-20260526-2ccb88e9-q10672|COMPLETED|0:0|00:13:50
19875381_40.batch|19883812.batch|batch|COMPLETED|0:0|00:13:50
19875381_40.extern|19883812.extern|extern|COMPLETED|0:0|00:13:50
19875381_41|19883821|xcsp-parse-cop-cumulative-165-log-scop-cumexact-timerd-20260526-2ccb88e9-q10672|COMPLETED|0:0|00:18:48
19875381_41.batch|19883821.batch|batch|COMPLETED|0:0|00:18:48
19875381_41.extern|19883821.extern|extern|COMPLETED|0:0|00:18:48
19875381_42|19883929|xcsp-parse-cop-cumulative-165-log-scop-cumexact-timerd-20260526-2ccb88e9-q10672|COMPLETED|0:0|00:09:46
19875381_42.batch|19883929.batch|batch|COMPLETED|0:0|00:09:46
19875381_42.extern|19883929.extern|extern|COMPLETED|0:0|00:09:46
19875381_43|19883959|xcsp-parse-cop-cumulative-165-log-scop-cumexact-timerd-20260526-2ccb88e9-q10672|COMPLETED|0:0|00:30:03
19875381_43.batch|19883959.batch|batch|COMPLETED|0:0|00:30:03
19875381_43.extern|19883959.extern|extern|COMPLETED|0:0|00:30:03
19875381_44|19884095|xcsp-parse-cop-cumulative-165-log-scop-cumexact-timerd-20260526-2ccb88e9-q10672|COMPLETED|0:0|00:06:37
19875381_44.batch|19884095.batch|batch|COMPLETED|0:0|00:06:37
19875381_44.extern|19884095.extern|extern|COMPLETED|0:0|00:06:37
19875381_45|19884103|xcsp-parse-cop-cumulative-165-log-scop-cumexact-timerd-20260526-2ccb88e9-q10672|COMPLETED|0:0|00:11:13
19875381_45.batch|19884103.batch|batch|COMPLETED|0:0|00:11:13
19875381_45.extern|19884103.extern|extern|COMPLETED|0:0|00:11:13
19875381_46|19884110|xcsp-parse-cop-cumulative-165-log-scop-cumexact-timerd-20260526-2ccb88e9-q10672|COMPLETED|0:0|00:30:05
19875381_46.batch|19884110.batch|batch|COMPLETED|0:0|00:30:05
19875381_46.extern|19884110.extern|extern|COMPLETED|0:0|00:30:05
19875381_47|19884111|xcsp-parse-cop-cumulative-165-log-scop-cumexact-timerd-20260526-2ccb88e9-q10672|COMPLETED|0:0|00:30:04
19875381_47.batch|19884111.batch|batch|COMPLETED|0:0|00:30:04
19875381_47.extern|19884111.extern|extern|COMPLETED|0:0|00:30:04
19875381_48|19884127|xcsp-parse-cop-cumulative-165-log-scop-cumexact-timerd-20260526-2ccb88e9-q10672|COMPLETED|0:0|00:30:05
19875381_48.batch|19884127.batch|batch|COMPLETED|0:0|00:30:05
19875381_48.extern|19884127.extern|extern|COMPLETED|0:0|00:30:05
19875381_49|19884136|xcsp-parse-cop-cumulative-165-log-scop-cumexact-timerd-20260526-2ccb88e9-q10672|COMPLETED|0:0|00:30:06
19875381_49.batch|19884136.batch|batch|COMPLETED|0:0|00:30:06
19875381_49.extern|19884136.extern|extern|COMPLETED|0:0|00:30:06
19875381_50|19884184|xcsp-parse-cop-cumulative-165-log-scop-cumexact-timerd-20260526-2ccb88e9-q10672|COMPLETED|0:0|00:30:05
19875381_50.batch|19884184.batch|batch|COMPLETED|0:0|00:30:05
19875381_50.extern|19884184.extern|extern|COMPLETED|0:0|00:30:05
19875381_51|19884186|xcsp-parse-cop-cumulative-165-log-scop-cumexact-timerd-20260526-2ccb88e9-q10672|COMPLETED|0:0|00:27:38
19875381_51.batch|19884186.batch|batch|COMPLETED|0:0|00:27:38
19875381_51.extern|19884186.extern|extern|COMPLETED|0:0|00:27:38
19875381_52|19884187|xcsp-parse-cop-cumulative-165-log-scop-cumexact-timerd-20260526-2ccb88e9-q10672|COMPLETED|0:0|00:01:39
19875381_52.batch|19884187.batch|batch|COMPLETED|0:0|00:01:39
19875381_52.extern|19884187.extern|extern|COMPLETED|0:0|00:01:39
19875381_53|19884197|xcsp-parse-cop-cumulative-165-log-scop-cumexact-timerd-20260526-2ccb88e9-q10672|COMPLETED|0:0|00:06:00
19875381_53.batch|19884197.batch|batch|COMPLETED|0:0|00:06:00
19875381_53.extern|19884197.extern|extern|COMPLETED|0:0|00:06:00
19875381_54|19884212|xcsp-parse-cop-cumulative-165-log-scop-cumexact-timerd-20260526-2ccb88e9-q10672|COMPLETED|0:0|00:07:04
19875381_54.batch|19884212.batch|batch|COMPLETED|0:0|00:07:04
19875381_54.extern|19884212.extern|extern|COMPLETED|0:0|00:07:04
19875381_55|19884213|xcsp-parse-cop-cumulative-165-log-scop-cumexact-timerd-20260526-2ccb88e9-q10672|COMPLETED|0:0|00:12:07
19875381_55.batch|19884213.batch|batch|COMPLETED|0:0|00:12:07
19875381_55.extern|19884213.extern|extern|COMPLETED|0:0|00:12:07
19875381_56|19884214|xcsp-parse-cop-cumulative-165-log-scop-cumexact-timerd-20260526-2ccb88e9-q10672|COMPLETED|0:0|00:30:09
19875381_56.batch|19884214.batch|batch|COMPLETED|0:0|00:30:09
19875381_56.extern|19884214.extern|extern|COMPLETED|0:0|00:30:09
19875381_57|19884216|xcsp-parse-cop-cumulative-165-log-scop-cumexact-timerd-20260526-2ccb88e9-q10672|COMPLETED|0:0|00:30:03
19875381_57.batch|19884216.batch|batch|COMPLETED|0:0|00:30:03
19875381_57.extern|19884216.extern|extern|COMPLETED|0:0|00:30:03
19875381_58|19884230|xcsp-parse-cop-cumulative-165-log-scop-cumexact-timerd-20260526-2ccb88e9-q10672|COMPLETED|0:0|00:30:03
19875381_58.batch|19884230.batch|batch|COMPLETED|0:0|00:30:03
19875381_58.extern|19884230.extern|extern|COMPLETED|0:0|00:30:03
19875381_59|19884231|xcsp-parse-cop-cumulative-165-log-scop-cumexact-timerd-20260526-2ccb88e9-q10672|COMPLETED|0:0|00:30:06
19875381_59.batch|19884231.batch|batch|COMPLETED|0:0|00:30:06
19875381_59.extern|19884231.extern|extern|COMPLETED|0:0|00:30:06
19875381_60|19884260|xcsp-parse-cop-cumulative-165-log-scop-cumexact-timerd-20260526-2ccb88e9-q10672|COMPLETED|0:0|00:30:07
19875381_60.batch|19884260.batch|batch|COMPLETED|0:0|00:30:07
19875381_60.extern|19884260.extern|extern|COMPLETED|0:0|00:30:07
19875381_61|19884276|xcsp-parse-cop-cumulative-165-log-scop-cumexact-timerd-20260526-2ccb88e9-q10672|COMPLETED|0:0|00:30:04
19875381_61.batch|19884276.batch|batch|COMPLETED|0:0|00:30:04
19875381_61.extern|19884276.extern|extern|COMPLETED|0:0|00:30:04
19875381_62|19884299|xcsp-parse-cop-cumulative-165-log-scop-cumexact-timerd-20260526-2ccb88e9-q10672|OUT_OF_MEMORY|0:125|00:06:00
19875381_62.batch|19884299.batch|batch|OUT_OF_MEMORY|0:125|00:06:00
19875381_62.extern|19884299.extern|extern|OUT_OF_MEMORY|0:125|00:06:00
19875381_63|19884300|xcsp-parse-cop-cumulative-165-log-scop-cumexact-timerd-20260526-2ccb88e9-q10672|OUT_OF_MEMORY|0:125|00:05:54
19875381_63.batch|19884300.batch|batch|OUT_OF_MEMORY|0:125|00:05:54
19875381_63.extern|19884300.extern|extern|OUT_OF_MEMORY|0:125|00:05:54
19875381_64|19884367|xcsp-parse-cop-cumulative-165-log-scop-cumexact-timerd-20260526-2ccb88e9-q10672|COMPLETED|0:0|00:30:05
19875381_64.batch|19884367.batch|batch|COMPLETED|0:0|00:30:05
19875381_64.extern|19884367.extern|extern|COMPLETED|0:0|00:30:05
19875381_65|19884377|xcsp-parse-cop-cumulative-165-log-scop-cumexact-timerd-20260526-2ccb88e9-q10672|COMPLETED|0:0|00:30:04
19875381_65.batch|19884377.batch|batch|COMPLETED|0:0|00:30:04
19875381_65.extern|19884377.extern|extern|COMPLETED|0:0|00:30:04
19875381_66|19884378|xcsp-parse-cop-cumulative-165-log-scop-cumexact-timerd-20260526-2ccb88e9-q10672|COMPLETED|0:0|00:30:05
19875381_66.batch|19884378.batch|batch|COMPLETED|0:0|00:30:05
19875381_66.extern|19884378.extern|extern|COMPLETED|0:0|00:30:05
19875381_67|19884418|xcsp-parse-cop-cumulative-165-log-scop-cumexact-timerd-20260526-2ccb88e9-q10672|COMPLETED|0:0|00:30:03
19875381_67.batch|19884418.batch|batch|COMPLETED|0:0|00:30:03
19875381_67.extern|19884418.extern|extern|COMPLETED|0:0|00:30:03
19875381_68|19884471|xcsp-parse-cop-cumulative-165-log-scop-cumexact-timerd-20260526-2ccb88e9-q10672|COMPLETED|0:0|00:30:04
19875381_68.batch|19884471.batch|batch|COMPLETED|0:0|00:30:04
19875381_68.extern|19884471.extern|extern|COMPLETED|0:0|00:30:04
19875381_69|19884472|xcsp-parse-cop-cumulative-165-log-scop-cumexact-timerd-20260526-2ccb88e9-q10672|COMPLETED|0:0|00:30:05
19875381_69.batch|19884472.batch|batch|COMPLETED|0:0|00:30:05
19875381_69.extern|19884472.extern|extern|COMPLETED|0:0|00:30:05
19875381_70|19884495|xcsp-parse-cop-cumulative-165-log-scop-cumexact-timerd-20260526-2ccb88e9-q10672|COMPLETED|0:0|00:16:00
19875381_70.batch|19884495.batch|batch|COMPLETED|0:0|00:16:00
19875381_70.extern|19884495.extern|extern|COMPLETED|0:0|00:16:00
19875381_71|19884506|xcsp-parse-cop-cumulative-165-log-scop-cumexact-timerd-20260526-2ccb88e9-q10672|OUT_OF_MEMORY|0:125|00:24:42
19875381_71.batch|19884506.batch|batch|OUT_OF_MEMORY|0:125|00:24:42
19875381_71.extern|19884506.extern|extern|OUT_OF_MEMORY|0:125|00:24:42
19875381_72|19884508|xcsp-parse-cop-cumulative-165-log-scop-cumexact-timerd-20260526-2ccb88e9-q10672|COMPLETED|0:0|00:30:04
19875381_72.batch|19884508.batch|batch|COMPLETED|0:0|00:30:04
19875381_72.extern|19884508.extern|extern|COMPLETED|0:0|00:30:04
19875381_73|19884534|xcsp-parse-cop-cumulative-165-log-scop-cumexact-timerd-20260526-2ccb88e9-q10672|OUT_OF_MEMORY|0:125|00:05:58
19875381_73.batch|19884534.batch|batch|OUT_OF_MEMORY|0:125|00:05:58
19875381_73.extern|19884534.extern|extern|OUT_OF_MEMORY|0:125|00:05:58
19875381_74|19884579|xcsp-parse-cop-cumulative-165-log-scop-cumexact-timerd-20260526-2ccb88e9-q10672|COMPLETED|0:0|00:30:03
19875381_74.batch|19884579.batch|batch|COMPLETED|0:0|00:30:03
19875381_74.extern|19884579.extern|extern|COMPLETED|0:0|00:30:03
19875381_75|19884581|xcsp-parse-cop-cumulative-165-log-scop-cumexact-timerd-20260526-2ccb88e9-q10672|OUT_OF_MEMORY|0:125|00:05:25
19875381_75.batch|19884581.batch|batch|OUT_OF_MEMORY|0:125|00:05:25
19875381_75.extern|19884581.extern|extern|OUT_OF_MEMORY|0:125|00:05:25
19875381_76|19884592|xcsp-parse-cop-cumulative-165-log-scop-cumexact-timerd-20260526-2ccb88e9-q10672|COMPLETED|0:0|00:30:04
19875381_76.batch|19884592.batch|batch|COMPLETED|0:0|00:30:04
19875381_76.extern|19884592.extern|extern|COMPLETED|0:0|00:30:04
19875381_77|19884594|xcsp-parse-cop-cumulative-165-log-scop-cumexact-timerd-20260526-2ccb88e9-q10672|COMPLETED|0:0|00:30:05
19875381_77.batch|19884594.batch|batch|COMPLETED|0:0|00:30:05
19875381_77.extern|19884594.extern|extern|COMPLETED|0:0|00:30:05
19875381_78|19884625|xcsp-parse-cop-cumulative-165-log-scop-cumexact-timerd-20260526-2ccb88e9-q10672|OUT_OF_MEMORY|0:125|00:05:50
19875381_78.batch|19884625.batch|batch|OUT_OF_MEMORY|0:125|00:05:50
19875381_78.extern|19884625.extern|extern|OUT_OF_MEMORY|0:125|00:05:50
19875381_79|19884634|xcsp-parse-cop-cumulative-165-log-scop-cumexact-timerd-20260526-2ccb88e9-q10672|COMPLETED|0:0|00:30:04
19875381_79.batch|19884634.batch|batch|COMPLETED|0:0|00:30:04
19875381_79.extern|19884634.extern|extern|COMPLETED|0:0|00:30:04
19875381_80|19884640|xcsp-parse-cop-cumulative-165-log-scop-cumexact-timerd-20260526-2ccb88e9-q10672|COMPLETED|0:0|00:30:04
19875381_80.batch|19884640.batch|batch|COMPLETED|0:0|00:30:04
19875381_80.extern|19884640.extern|extern|COMPLETED|0:0|00:30:04
19875381_81|19884644|xcsp-parse-cop-cumulative-165-log-scop-cumexact-timerd-20260526-2ccb88e9-q10672|COMPLETED|0:0|00:30:04
19875381_81.batch|19884644.batch|batch|COMPLETED|0:0|00:30:04
19875381_81.extern|19884644.extern|extern|COMPLETED|0:0|00:30:04
19875381_82|19884693|xcsp-parse-cop-cumulative-165-log-scop-cumexact-timerd-20260526-2ccb88e9-q10672|COMPLETED|0:0|00:30:04
19875381_82.batch|19884693.batch|batch|COMPLETED|0:0|00:30:04
19875381_82.extern|19884693.extern|extern|COMPLETED|0:0|00:30:04
19875381_83|19884711|xcsp-parse-cop-cumulative-165-log-scop-cumexact-timerd-20260526-2ccb88e9-q10672|COMPLETED|0:0|00:30:03
19875381_83.batch|19884711.batch|batch|COMPLETED|0:0|00:30:03
19875381_83.extern|19884711.extern|extern|COMPLETED|0:0|00:30:03
19875381_84|19884726|xcsp-parse-cop-cumulative-165-log-scop-cumexact-timerd-20260526-2ccb88e9-q10672|COMPLETED|0:0|00:30:04
19875381_84.batch|19884726.batch|batch|COMPLETED|0:0|00:30:04
19875381_84.extern|19884726.extern|extern|COMPLETED|0:0|00:30:04
19875381_85|19884736|xcsp-parse-cop-cumulative-165-log-scop-cumexact-timerd-20260526-2ccb88e9-q10672|COMPLETED|0:0|00:30:04
19875381_85.batch|19884736.batch|batch|COMPLETED|0:0|00:30:04
19875381_85.extern|19884736.extern|extern|COMPLETED|0:0|00:30:04
19875381_86|19884737|xcsp-parse-cop-cumulative-165-log-scop-cumexact-timerd-20260526-2ccb88e9-q10672|COMPLETED|0:0|00:30:04
19875381_86.batch|19884737.batch|batch|COMPLETED|0:0|00:30:04
19875381_86.extern|19884737.extern|extern|COMPLETED|0:0|00:30:04
19875381_87|19884780|xcsp-parse-cop-cumulative-165-log-scop-cumexact-timerd-20260526-2ccb88e9-q10672|COMPLETED|0:0|00:30:05
19875381_87.batch|19884780.batch|batch|COMPLETED|0:0|00:30:05
19875381_87.extern|19884780.extern|extern|COMPLETED|0:0|00:30:05
19875381_88|19884819|xcsp-parse-cop-cumulative-165-log-scop-cumexact-timerd-20260526-2ccb88e9-q10672|COMPLETED|0:0|00:30:05
19875381_88.batch|19884819.batch|batch|COMPLETED|0:0|00:30:05
19875381_88.extern|19884819.extern|extern|COMPLETED|0:0|00:30:05
19875381_89|19884845|xcsp-parse-cop-cumulative-165-log-scop-cumexact-timerd-20260526-2ccb88e9-q10672|COMPLETED|0:0|00:30:04
19875381_89.batch|19884845.batch|batch|COMPLETED|0:0|00:30:04
19875381_89.extern|19884845.extern|extern|COMPLETED|0:0|00:30:04
19875381_90|19884854|xcsp-parse-cop-cumulative-165-log-scop-cumexact-timerd-20260526-2ccb88e9-q10672|COMPLETED|0:0|00:30:04
19875381_90.batch|19884854.batch|batch|COMPLETED|0:0|00:30:04
19875381_90.extern|19884854.extern|extern|COMPLETED|0:0|00:30:04
19875381_91|19884910|xcsp-parse-cop-cumulative-165-log-scop-cumexact-timerd-20260526-2ccb88e9-q10672|COMPLETED|0:0|00:30:05
19875381_91.batch|19884910.batch|batch|COMPLETED|0:0|00:30:05
19875381_91.extern|19884910.extern|extern|COMPLETED|0:0|00:30:05
19875381_92|19884941|xcsp-parse-cop-cumulative-165-log-scop-cumexact-timerd-20260526-2ccb88e9-q10672|COMPLETED|0:0|00:30:03
19875381_92.batch|19884941.batch|batch|COMPLETED|0:0|00:30:03
19875381_92.extern|19884941.extern|extern|COMPLETED|0:0|00:30:03
19875381_93|19884959|xcsp-parse-cop-cumulative-165-log-scop-cumexact-timerd-20260526-2ccb88e9-q10672|COMPLETED|0:0|00:30:03
19875381_93.batch|19884959.batch|batch|COMPLETED|0:0|00:30:03
19875381_93.extern|19884959.extern|extern|COMPLETED|0:0|00:30:03
19875381_94|19884972|xcsp-parse-cop-cumulative-165-log-scop-cumexact-timerd-20260526-2ccb88e9-q10672|COMPLETED|0:0|00:00:04
19875381_94.batch|19884972.batch|batch|COMPLETED|0:0|00:00:04
19875381_94.extern|19884972.extern|extern|COMPLETED|0:0|00:00:04
19875381_95|19884973|xcsp-parse-cop-cumulative-165-log-scop-cumexact-timerd-20260526-2ccb88e9-q10672|COMPLETED|0:0|00:30:04
19875381_95.batch|19884973.batch|batch|COMPLETED|0:0|00:30:04
19875381_95.extern|19884973.extern|extern|COMPLETED|0:0|00:30:04
19875381_96|19885077|xcsp-parse-cop-cumulative-165-log-scop-cumexact-timerd-20260526-2ccb88e9-q10672|COMPLETED|0:0|00:30:06
19875381_96.batch|19885077.batch|batch|COMPLETED|0:0|00:30:06
19875381_96.extern|19885077.extern|extern|COMPLETED|0:0|00:30:06
19875381_97|19885105|xcsp-parse-cop-cumulative-165-log-scop-cumexact-timerd-20260526-2ccb88e9-q10672|COMPLETED|0:0|00:30:03
19875381_97.batch|19885105.batch|batch|COMPLETED|0:0|00:30:03
19875381_97.extern|19885105.extern|extern|COMPLETED|0:0|00:30:03
19875381_98|19885133|xcsp-parse-cop-cumulative-165-log-scop-cumexact-timerd-20260526-2ccb88e9-q10672|COMPLETED|0:0|00:30:04
19875381_98.batch|19885133.batch|batch|COMPLETED|0:0|00:30:04
19875381_98.extern|19885133.extern|extern|COMPLETED|0:0|00:30:04
19875381_99|19885262|xcsp-parse-cop-cumulative-165-log-scop-cumexact-timerd-20260526-2ccb88e9-q10672|COMPLETED|0:0|00:30:03
19875381_99.batch|19885262.batch|batch|COMPLETED|0:0|00:30:03
19875381_99.extern|19885262.extern|extern|COMPLETED|0:0|00:30:03
19875381_100|19885282|xcsp-parse-cop-cumulative-165-log-scop-cumexact-timerd-20260526-2ccb88e9-q10672|COMPLETED|0:0|00:30:04
19875381_100.batch|19885282.batch|batch|COMPLETED|0:0|00:30:04
19875381_100.extern|19885282.extern|extern|COMPLETED|0:0|00:30:04
19875381_101|19885313|xcsp-parse-cop-cumulative-165-log-scop-cumexact-timerd-20260526-2ccb88e9-q10672|COMPLETED|0:0|00:30:04
19875381_101.batch|19885313.batch|batch|COMPLETED|0:0|00:30:04
19875381_101.extern|19885313.extern|extern|COMPLETED|0:0|00:30:04
19875381_102|19885336|xcsp-parse-cop-cumulative-165-log-scop-cumexact-timerd-20260526-2ccb88e9-q10672|COMPLETED|0:0|00:30:04
19875381_102.batch|19885336.batch|batch|COMPLETED|0:0|00:30:04
19875381_102.extern|19885336.extern|extern|COMPLETED|0:0|00:30:04
19875381_103|19885341|xcsp-parse-cop-cumulative-165-log-scop-cumexact-timerd-20260526-2ccb88e9-q10672|COMPLETED|0:0|00:30:04
19875381_103.batch|19885341.batch|batch|COMPLETED|0:0|00:30:04
19875381_103.extern|19885341.extern|extern|COMPLETED|0:0|00:30:04
19875381_104|19885567|xcsp-parse-cop-cumulative-165-log-scop-cumexact-timerd-20260526-2ccb88e9-q10672|COMPLETED|0:0|00:00:09
19875381_104.batch|19885567.batch|batch|COMPLETED|0:0|00:00:09
19875381_104.extern|19885567.extern|extern|COMPLETED|0:0|00:00:09
19875381_105|19885571|xcsp-parse-cop-cumulative-165-log-scop-cumexact-timerd-20260526-2ccb88e9-q10672|COMPLETED|0:0|00:30:04
19875381_105.batch|19885571.batch|batch|COMPLETED|0:0|00:30:04
19875381_105.extern|19885571.extern|extern|COMPLETED|0:0|00:30:04
19875381_106|19885798|xcsp-parse-cop-cumulative-165-log-scop-cumexact-timerd-20260526-2ccb88e9-q10672|COMPLETED|0:0|00:30:04
19875381_106.batch|19885798.batch|batch|COMPLETED|0:0|00:30:04
19875381_106.extern|19885798.extern|extern|COMPLETED|0:0|00:30:04
19875381_107|19885826|xcsp-parse-cop-cumulative-165-log-scop-cumexact-timerd-20260526-2ccb88e9-q10672|COMPLETED|0:0|00:30:06
19875381_107.batch|19885826.batch|batch|COMPLETED|0:0|00:30:06
19875381_107.extern|19885826.extern|extern|COMPLETED|0:0|00:30:06
19875381_108|19885827|xcsp-parse-cop-cumulative-165-log-scop-cumexact-timerd-20260526-2ccb88e9-q10672|COMPLETED|0:0|00:00:06
19875381_108.batch|19885827.batch|batch|COMPLETED|0:0|00:00:06
19875381_108.extern|19885827.extern|extern|COMPLETED|0:0|00:00:06
19875381_109|19885829|xcsp-parse-cop-cumulative-165-log-scop-cumexact-timerd-20260526-2ccb88e9-q10672|COMPLETED|0:0|00:30:03
19875381_109.batch|19885829.batch|batch|COMPLETED|0:0|00:30:03
19875381_109.extern|19885829.extern|extern|COMPLETED|0:0|00:30:03
19875381_110|19885864|xcsp-parse-cop-cumulative-165-log-scop-cumexact-timerd-20260526-2ccb88e9-q10672|COMPLETED|0:0|00:30:06
19875381_110.batch|19885864.batch|batch|COMPLETED|0:0|00:30:06
19875381_110.extern|19885864.extern|extern|COMPLETED|0:0|00:30:06
19875381_111|19885909|xcsp-parse-cop-cumulative-165-log-scop-cumexact-timerd-20260526-2ccb88e9-q10672|COMPLETED|0:0|00:30:05
19875381_111.batch|19885909.batch|batch|COMPLETED|0:0|00:30:05
19875381_111.extern|19885909.extern|extern|COMPLETED|0:0|00:30:05
19875381_112|19885924|xcsp-parse-cop-cumulative-165-log-scop-cumexact-timerd-20260526-2ccb88e9-q10672|COMPLETED|0:0|00:30:04
19875381_112.batch|19885924.batch|batch|COMPLETED|0:0|00:30:04
19875381_112.extern|19885924.extern|extern|COMPLETED|0:0|00:30:04
19875381_113|19885925|xcsp-parse-cop-cumulative-165-log-scop-cumexact-timerd-20260526-2ccb88e9-q10672|COMPLETED|0:0|00:30:04
19875381_113.batch|19885925.batch|batch|COMPLETED|0:0|00:30:04
19875381_113.extern|19885925.extern|extern|COMPLETED|0:0|00:30:04
19875381_114|19885952|xcsp-parse-cop-cumulative-165-log-scop-cumexact-timerd-20260526-2ccb88e9-q10672|COMPLETED|0:0|00:00:15
19875381_114.batch|19885952.batch|batch|COMPLETED|0:0|00:00:15
19875381_114.extern|19885952.extern|extern|COMPLETED|0:0|00:00:15
19875381_115|19885959|xcsp-parse-cop-cumulative-165-log-scop-cumexact-timerd-20260526-2ccb88e9-q10672|COMPLETED|0:0|00:30:05
19875381_115.batch|19885959.batch|batch|COMPLETED|0:0|00:30:05
19875381_115.extern|19885959.extern|extern|COMPLETED|0:0|00:30:05
19875381_116|19885968|xcsp-parse-cop-cumulative-165-log-scop-cumexact-timerd-20260526-2ccb88e9-q10672|COMPLETED|0:0|00:30:03
19875381_116.batch|19885968.batch|batch|COMPLETED|0:0|00:30:03
19875381_116.extern|19885968.extern|extern|COMPLETED|0:0|00:30:03
19875381_117|19885984|xcsp-parse-cop-cumulative-165-log-scop-cumexact-timerd-20260526-2ccb88e9-q10672|COMPLETED|0:0|00:30:05
19875381_117.batch|19885984.batch|batch|COMPLETED|0:0|00:30:05
19875381_117.extern|19885984.extern|extern|COMPLETED|0:0|00:30:05
19875381_118|19886112|xcsp-parse-cop-cumulative-165-log-scop-cumexact-timerd-20260526-2ccb88e9-q10672|COMPLETED|0:0|00:30:05
19875381_118.batch|19886112.batch|batch|COMPLETED|0:0|00:30:05
19875381_118.extern|19886112.extern|extern|COMPLETED|0:0|00:30:05
19875381_119|19886126|xcsp-parse-cop-cumulative-165-log-scop-cumexact-timerd-20260526-2ccb88e9-q10672|COMPLETED|0:0|00:30:04
19875381_119.batch|19886126.batch|batch|COMPLETED|0:0|00:30:04
19875381_119.extern|19886126.extern|extern|COMPLETED|0:0|00:30:04
19875381_120|19886142|xcsp-parse-cop-cumulative-165-log-scop-cumexact-timerd-20260526-2ccb88e9-q10672|COMPLETED|0:0|00:30:04
19875381_120.batch|19886142.batch|batch|COMPLETED|0:0|00:30:04
19875381_120.extern|19886142.extern|extern|COMPLETED|0:0|00:30:04
19875381_121|19886151|xcsp-parse-cop-cumulative-165-log-scop-cumexact-timerd-20260526-2ccb88e9-q10672|COMPLETED|0:0|00:30:04
19875381_121.batch|19886151.batch|batch|COMPLETED|0:0|00:30:04
19875381_121.extern|19886151.extern|extern|COMPLETED|0:0|00:30:04
19875381_122|19886152|xcsp-parse-cop-cumulative-165-log-scop-cumexact-timerd-20260526-2ccb88e9-q10672|COMPLETED|0:0|00:30:05
19875381_122.batch|19886152.batch|batch|COMPLETED|0:0|00:30:05
19875381_122.extern|19886152.extern|extern|COMPLETED|0:0|00:30:05
19875381_123|19886200|xcsp-parse-cop-cumulative-165-log-scop-cumexact-timerd-20260526-2ccb88e9-q10672|COMPLETED|0:0|00:30:07
19875381_123.batch|19886200.batch|batch|COMPLETED|0:0|00:30:07
19875381_123.extern|19886200.extern|extern|COMPLETED|0:0|00:30:07
19875381_124|19886247|xcsp-parse-cop-cumulative-165-log-scop-cumexact-timerd-20260526-2ccb88e9-q10672|COMPLETED|0:0|00:02:11
19875381_124.batch|19886247.batch|batch|COMPLETED|0:0|00:02:11
19875381_124.extern|19886247.extern|extern|COMPLETED|0:0|00:02:11
19875381_125|19886271|xcsp-parse-cop-cumulative-165-log-scop-cumexact-timerd-20260526-2ccb88e9-q10672|COMPLETED|0:0|00:30:05
19875381_125.batch|19886271.batch|batch|COMPLETED|0:0|00:30:05
19875381_125.extern|19886271.extern|extern|COMPLETED|0:0|00:30:05
19875381_126|19886274|xcsp-parse-cop-cumulative-165-log-scop-cumexact-timerd-20260526-2ccb88e9-q10672|COMPLETED|0:0|00:00:29
19875381_126.batch|19886274.batch|batch|COMPLETED|0:0|00:00:29
19875381_126.extern|19886274.extern|extern|COMPLETED|0:0|00:00:29
19875381_127|19886281|xcsp-parse-cop-cumulative-165-log-scop-cumexact-timerd-20260526-2ccb88e9-q10672|COMPLETED|0:0|00:00:40
19875381_127.batch|19886281.batch|batch|COMPLETED|0:0|00:00:40
19875381_127.extern|19886281.extern|extern|COMPLETED|0:0|00:00:40
19875381_128|19886282|xcsp-parse-cop-cumulative-165-log-scop-cumexact-timerd-20260526-2ccb88e9-q10672|COMPLETED|0:0|00:00:46
19875381_128.batch|19886282.batch|batch|COMPLETED|0:0|00:00:46
19875381_128.extern|19886282.extern|extern|COMPLETED|0:0|00:00:46
19875381_129|19886290|xcsp-parse-cop-cumulative-165-log-scop-cumexact-timerd-20260526-2ccb88e9-q10672|COMPLETED|0:0|00:30:04
19875381_129.batch|19886290.batch|batch|COMPLETED|0:0|00:30:04
19875381_129.extern|19886290.extern|extern|COMPLETED|0:0|00:30:04
19875381_130|19886291|xcsp-parse-cop-cumulative-165-log-scop-cumexact-timerd-20260526-2ccb88e9-q10672|COMPLETED|0:0|00:30:03
19875381_130.batch|19886291.batch|batch|COMPLETED|0:0|00:30:03
19875381_130.extern|19886291.extern|extern|COMPLETED|0:0|00:30:03
19875381_131|19886318|xcsp-parse-cop-cumulative-165-log-scop-cumexact-timerd-20260526-2ccb88e9-q10672|COMPLETED|0:0|00:30:06
19875381_131.batch|19886318.batch|batch|COMPLETED|0:0|00:30:06
19875381_131.extern|19886318.extern|extern|COMPLETED|0:0|00:30:06
19875381_132|19886366|xcsp-parse-cop-cumulative-165-log-scop-cumexact-timerd-20260526-2ccb88e9-q10672|COMPLETED|0:0|00:00:46
19875381_132.batch|19886366.batch|batch|COMPLETED|0:0|00:00:46
19875381_132.extern|19886366.extern|extern|COMPLETED|0:0|00:00:47
19875381_133|19886376|xcsp-parse-cop-cumulative-165-log-scop-cumexact-timerd-20260526-2ccb88e9-q10672|COMPLETED|0:0|00:01:11
19875381_133.batch|19886376.batch|batch|COMPLETED|0:0|00:01:11
19875381_133.extern|19886376.extern|extern|COMPLETED|0:0|00:01:11
19875381_134|19886380|xcsp-parse-cop-cumulative-165-log-scop-cumexact-timerd-20260526-2ccb88e9-q10672|COMPLETED|0:0|00:30:04
19875381_134.batch|19886380.batch|batch|COMPLETED|0:0|00:30:04
19875381_134.extern|19886380.extern|extern|COMPLETED|0:0|00:30:05
19875381_135|19886382|xcsp-parse-cop-cumulative-165-log-scop-cumexact-timerd-20260526-2ccb88e9-q10672|COMPLETED|0:0|00:30:04
19875381_135.batch|19886382.batch|batch|COMPLETED|0:0|00:30:04
19875381_135.extern|19886382.extern|extern|COMPLETED|0:0|00:30:04
19875381_136|19886385|xcsp-parse-cop-cumulative-165-log-scop-cumexact-timerd-20260526-2ccb88e9-q10672|COMPLETED|0:0|00:01:58
19875381_136.batch|19886385.batch|batch|COMPLETED|0:0|00:01:58
19875381_136.extern|19886385.extern|extern|COMPLETED|0:0|00:01:58
19875381_137|19886418|xcsp-parse-cop-cumulative-165-log-scop-cumexact-timerd-20260526-2ccb88e9-q10672|COMPLETED|0:0|00:30:04
19875381_137.batch|19886418.batch|batch|COMPLETED|0:0|00:30:04
19875381_137.extern|19886418.extern|extern|COMPLETED|0:0|00:30:04
19875381_138|19886425|xcsp-parse-cop-cumulative-165-log-scop-cumexact-timerd-20260526-2ccb88e9-q10672|COMPLETED|0:0|00:30:04
19875381_138.batch|19886425.batch|batch|COMPLETED|0:0|00:30:04
19875381_138.extern|19886425.extern|extern|COMPLETED|0:0|00:30:04
19875381_139|19886427|xcsp-parse-cop-cumulative-165-log-scop-cumexact-timerd-20260526-2ccb88e9-q10672|COMPLETED|0:0|00:30:03
19875381_139.batch|19886427.batch|batch|COMPLETED|0:0|00:30:03
19875381_139.extern|19886427.extern|extern|COMPLETED|0:0|00:30:03
19875381_140|19886443|xcsp-parse-cop-cumulative-165-log-scop-cumexact-timerd-20260526-2ccb88e9-q10672|COMPLETED|0:0|00:30:06
19875381_140.batch|19886443.batch|batch|COMPLETED|0:0|00:30:06
19875381_140.extern|19886443.extern|extern|COMPLETED|0:0|00:30:06
19875381_141|19886496|xcsp-parse-cop-cumulative-165-log-scop-cumexact-timerd-20260526-2ccb88e9-q10672|COMPLETED|0:0|00:30:05
19875381_141.batch|19886496.batch|batch|COMPLETED|0:0|00:30:05
19875381_141.extern|19886496.extern|extern|COMPLETED|0:0|00:30:05
19875381_142|19886508|xcsp-parse-cop-cumulative-165-log-scop-cumexact-timerd-20260526-2ccb88e9-q10672|COMPLETED|0:0|00:30:03
19875381_142.batch|19886508.batch|batch|COMPLETED|0:0|00:30:03
19875381_142.extern|19886508.extern|extern|COMPLETED|0:0|00:30:03
19875381_143|19886601|xcsp-parse-cop-cumulative-165-log-scop-cumexact-timerd-20260526-2ccb88e9-q10672|COMPLETED|0:0|00:30:05
19875381_143.batch|19886601.batch|batch|COMPLETED|0:0|00:30:05
19875381_143.extern|19886601.extern|extern|COMPLETED|0:0|00:30:05
19875381_144|19886609|xcsp-parse-cop-cumulative-165-log-scop-cumexact-timerd-20260526-2ccb88e9-q10672|COMPLETED|0:0|00:30:05
19875381_144.batch|19886609.batch|batch|COMPLETED|0:0|00:30:05
19875381_144.extern|19886609.extern|extern|COMPLETED|0:0|00:30:05
19875381_145|19886615|xcsp-parse-cop-cumulative-165-log-scop-cumexact-timerd-20260526-2ccb88e9-q10672|COMPLETED|0:0|00:30:05
19875381_145.batch|19886615.batch|batch|COMPLETED|0:0|00:30:05
19875381_145.extern|19886615.extern|extern|COMPLETED|0:0|00:30:05
19875381_146|19886696|xcsp-parse-cop-cumulative-165-log-scop-cumexact-timerd-20260526-2ccb88e9-q10672|COMPLETED|0:0|00:30:04
19875381_146.batch|19886696.batch|batch|COMPLETED|0:0|00:30:04
19875381_146.extern|19886696.extern|extern|COMPLETED|0:0|00:30:04
19875381_147|19886752|xcsp-parse-cop-cumulative-165-log-scop-cumexact-timerd-20260526-2ccb88e9-q10672|COMPLETED|0:0|00:30:04
19875381_147.batch|19886752.batch|batch|COMPLETED|0:0|00:30:04
19875381_147.extern|19886752.extern|extern|COMPLETED|0:0|00:30:04
19875381_148|19886778|xcsp-parse-cop-cumulative-165-log-scop-cumexact-timerd-20260526-2ccb88e9-q10672|COMPLETED|0:0|00:30:04
19875381_148.batch|19886778.batch|batch|COMPLETED|0:0|00:30:04
19875381_148.extern|19886778.extern|extern|COMPLETED|0:0|00:30:04
19875381_149|19886810|xcsp-parse-cop-cumulative-165-log-scop-cumexact-timerd-20260526-2ccb88e9-q10672|COMPLETED|0:0|00:03:56
19875381_149.batch|19886810.batch|batch|COMPLETED|0:0|00:03:56
19875381_149.extern|19886810.extern|extern|COMPLETED|0:0|00:03:56
19875381_150|19886857|xcsp-parse-cop-cumulative-165-log-scop-cumexact-timerd-20260526-2ccb88e9-q10672|COMPLETED|0:0|00:30:05
19875381_150.batch|19886857.batch|batch|COMPLETED|0:0|00:30:05
19875381_150.extern|19886857.extern|extern|COMPLETED|0:0|00:30:05
19875381_151|19886898|xcsp-parse-cop-cumulative-165-log-scop-cumexact-timerd-20260526-2ccb88e9-q10672|OUT_OF_MEMORY|0:125|00:15:19
19875381_151.batch|19886898.batch|batch|OUT_OF_MEMORY|0:125|00:15:19
19875381_151.extern|19886898.extern|extern|OUT_OF_MEMORY|0:125|00:15:19
19875381_152|19886936|xcsp-parse-cop-cumulative-165-log-scop-cumexact-timerd-20260526-2ccb88e9-q10672|OUT_OF_MEMORY|0:125|00:18:49
19875381_152.batch|19886936.batch|batch|OUT_OF_MEMORY|0:125|00:18:49
19875381_152.extern|19886936.extern|extern|OUT_OF_MEMORY|0:125|00:18:49
19875381_153|19886941|xcsp-parse-cop-cumulative-165-log-scop-cumexact-timerd-20260526-2ccb88e9-q10672|OUT_OF_MEMORY|0:125|00:17:27
19875381_153.batch|19886941.batch|batch|OUT_OF_MEMORY|0:125|00:17:27
19875381_153.extern|19886941.extern|extern|OUT_OF_MEMORY|0:125|00:17:27
19875381_154|19887082|xcsp-parse-cop-cumulative-165-log-scop-cumexact-timerd-20260526-2ccb88e9-q10672|COMPLETED|0:0|00:06:00
19875381_154.batch|19887082.batch|batch|COMPLETED|0:0|00:06:00
19875381_154.extern|19887082.extern|extern|COMPLETED|0:0|00:06:00
19875381_155|19887162|xcsp-parse-cop-cumulative-165-log-scop-cumexact-timerd-20260526-2ccb88e9-q10672|COMPLETED|0:0|00:30:03
19875381_155.batch|19887162.batch|batch|COMPLETED|0:0|00:30:03
19875381_155.extern|19887162.extern|extern|COMPLETED|0:0|00:30:03
19875381_156|19887168|xcsp-parse-cop-cumulative-165-log-scop-cumexact-timerd-20260526-2ccb88e9-q10672|COMPLETED|0:0|00:07:19
19875381_156.batch|19887168.batch|batch|COMPLETED|0:0|00:07:19
19875381_156.extern|19887168.extern|extern|COMPLETED|0:0|00:07:19
19875381_157|19887186|xcsp-parse-cop-cumulative-165-log-scop-cumexact-timerd-20260526-2ccb88e9-q10672|COMPLETED|0:0|00:30:04
19875381_157.batch|19887186.batch|batch|COMPLETED|0:0|00:30:04
19875381_157.extern|19887186.extern|extern|COMPLETED|0:0|00:30:04
19875381_158|19887233|xcsp-parse-cop-cumulative-165-log-scop-cumexact-timerd-20260526-2ccb88e9-q10672|COMPLETED|0:0|00:30:04
19875381_158.batch|19887233.batch|batch|COMPLETED|0:0|00:30:04
19875381_158.extern|19887233.extern|extern|COMPLETED|0:0|00:30:04
19875381_159|19887236|xcsp-parse-cop-cumulative-165-log-scop-cumexact-timerd-20260526-2ccb88e9-q10672|OUT_OF_MEMORY|0:125|00:22:09
19875381_159.batch|19887236.batch|batch|OUT_OF_MEMORY|0:125|00:22:09
19875381_159.extern|19887236.extern|extern|OUT_OF_MEMORY|0:125|00:22:09
19875381_160|19887243|xcsp-parse-cop-cumulative-165-log-scop-cumexact-timerd-20260526-2ccb88e9-q10672|COMPLETED|0:0|00:30:05
19875381_160.batch|19887243.batch|batch|COMPLETED|0:0|00:30:05
19875381_160.extern|19887243.extern|extern|COMPLETED|0:0|00:30:05
19875381_161|19887258|xcsp-parse-cop-cumulative-165-log-scop-cumexact-timerd-20260526-2ccb88e9-q10672|COMPLETED|0:0|00:30:06
19875381_161.batch|19887258.batch|batch|COMPLETED|0:0|00:30:06
19875381_161.extern|19887258.extern|extern|COMPLETED|0:0|00:30:06
19875381_162|19887259|xcsp-parse-cop-cumulative-165-log-scop-cumexact-timerd-20260526-2ccb88e9-q10672|COMPLETED|0:0|00:30:06
19875381_162.batch|19887259.batch|batch|COMPLETED|0:0|00:30:06
19875381_162.extern|19887259.extern|extern|COMPLETED|0:0|00:30:06
19875381_163|19887278|xcsp-parse-cop-cumulative-165-log-scop-cumexact-timerd-20260526-2ccb88e9-q10672|COMPLETED|0:0|00:30:07
19875381_163.batch|19887278.batch|batch|COMPLETED|0:0|00:30:07
19875381_163.extern|19887278.extern|extern|COMPLETED|0:0|00:30:07
19875381_164|19887280|xcsp-parse-cop-cumulative-165-log-scop-cumexact-timerd-20260526-2ccb88e9-q10672|COMPLETED|0:0|00:30:03
19875381_164.batch|19887280.batch|batch|COMPLETED|0:0|00:30:03
19875381_164.extern|19887280.extern|extern|COMPLETED|0:0|00:30:03
19875381_165|19875381|xcsp-parse-cop-cumulative-165-log-scop-cumexact-timerd-20260526-2ccb88e9-q10672|COMPLETED|0:0|00:30:07
19875381_165.batch|19875381.batch|batch|COMPLETED|0:0|00:30:07
19875381_165.extern|19875381.extern|extern|COMPLETED|0:0|00:30:07
19875382_1|19887324|xcsp-parse-cop-cumulative-165-log-scop-cumexact-taskrd-20260526-2ccb88e9-q10672|COMPLETED|0:0|00:30:05
19875382_1.batch|19887324.batch|batch|COMPLETED|0:0|00:30:05
19875382_1.extern|19887324.extern|extern|COMPLETED|0:0|00:30:05
19875382_2|19887349|xcsp-parse-cop-cumulative-165-log-scop-cumexact-taskrd-20260526-2ccb88e9-q10672|COMPLETED|0:0|00:00:10
19875382_2.batch|19887349.batch|batch|COMPLETED|0:0|00:00:10
19875382_2.extern|19887349.extern|extern|COMPLETED|0:0|00:00:10
19875382_3|19887351|xcsp-parse-cop-cumulative-165-log-scop-cumexact-taskrd-20260526-2ccb88e9-q10672|COMPLETED|0:0|00:00:14
19875382_3.batch|19887351.batch|batch|COMPLETED|0:0|00:00:14
19875382_3.extern|19887351.extern|extern|COMPLETED|0:0|00:00:14
19875382_4|19887360|xcsp-parse-cop-cumulative-165-log-scop-cumexact-taskrd-20260526-2ccb88e9-q10672|COMPLETED|0:0|00:30:03
19875382_4.batch|19887360.batch|batch|COMPLETED|0:0|00:30:03
19875382_4.extern|19887360.extern|extern|COMPLETED|0:0|00:30:03
19875382_5|19887364|xcsp-parse-cop-cumulative-165-log-scop-cumexact-taskrd-20260526-2ccb88e9-q10672|COMPLETED|0:0|00:30:03
19875382_5.batch|19887364.batch|batch|COMPLETED|0:0|00:30:03
19875382_5.extern|19887364.extern|extern|COMPLETED|0:0|00:30:03
19875382_6|19887652|xcsp-parse-cop-cumulative-165-log-scop-cumexact-taskrd-20260526-2ccb88e9-q10672|COMPLETED|0:0|00:00:07
19875382_6.batch|19887652.batch|batch|COMPLETED|0:0|00:00:07
19875382_6.extern|19887652.extern|extern|COMPLETED|0:0|00:00:07
19875382_7|19887653|xcsp-parse-cop-cumulative-165-log-scop-cumexact-taskrd-20260526-2ccb88e9-q10672|COMPLETED|0:0|00:00:08
19875382_7.batch|19887653.batch|batch|COMPLETED|0:0|00:00:08
19875382_7.extern|19887653.extern|extern|COMPLETED|0:0|00:00:08
19875382_8|19887654|xcsp-parse-cop-cumulative-165-log-scop-cumexact-taskrd-20260526-2ccb88e9-q10672|COMPLETED|0:0|00:06:27
19875382_8.batch|19887654.batch|batch|COMPLETED|0:0|00:06:27
19875382_8.extern|19887654.extern|extern|COMPLETED|0:0|00:06:27
19875382_9|19887672|xcsp-parse-cop-cumulative-165-log-scop-cumexact-taskrd-20260526-2ccb88e9-q10672|COMPLETED|0:0|00:00:34
19875382_9.batch|19887672.batch|batch|COMPLETED|0:0|00:00:34
19875382_9.extern|19887672.extern|extern|COMPLETED|0:0|00:00:34
19875382_10|19887673|xcsp-parse-cop-cumulative-165-log-scop-cumexact-taskrd-20260526-2ccb88e9-q10672|COMPLETED|0:0|00:00:45
19875382_10.batch|19887673.batch|batch|COMPLETED|0:0|00:00:45
19875382_10.extern|19887673.extern|extern|COMPLETED|0:0|00:00:45
19875382_11|19887678|xcsp-parse-cop-cumulative-165-log-scop-cumexact-taskrd-20260526-2ccb88e9-q10672|COMPLETED|0:0|00:00:07
19875382_11.batch|19887678.batch|batch|COMPLETED|0:0|00:00:07
19875382_11.extern|19887678.extern|extern|COMPLETED|0:0|00:00:07
19875382_12|19887680|xcsp-parse-cop-cumulative-165-log-scop-cumexact-taskrd-20260526-2ccb88e9-q10672|COMPLETED|0:0|00:00:38
19875382_12.batch|19887680.batch|batch|COMPLETED|0:0|00:00:38
19875382_12.extern|19887680.extern|extern|COMPLETED|0:0|00:00:38
19875382_13|19887684|xcsp-parse-cop-cumulative-165-log-scop-cumexact-taskrd-20260526-2ccb88e9-q10672|COMPLETED|0:0|00:16:00
19875382_13.batch|19887684.batch|batch|COMPLETED|0:0|00:16:00
19875382_13.extern|19887684.extern|extern|COMPLETED|0:0|00:16:00
19875382_14|19887685|xcsp-parse-cop-cumulative-165-log-scop-cumexact-taskrd-20260526-2ccb88e9-q10672|COMPLETED|0:0|00:00:25
19875382_14.batch|19887685.batch|batch|COMPLETED|0:0|00:00:25
19875382_14.extern|19887685.extern|extern|COMPLETED|0:0|00:00:25
19875382_15|19887689|xcsp-parse-cop-cumulative-165-log-scop-cumexact-taskrd-20260526-2ccb88e9-q10672|COMPLETED|0:0|00:00:23
19875382_15.batch|19887689.batch|batch|COMPLETED|0:0|00:00:23
19875382_15.extern|19887689.extern|extern|COMPLETED|0:0|00:00:23
19875382_16|19887690|xcsp-parse-cop-cumulative-165-log-scop-cumexact-taskrd-20260526-2ccb88e9-q10672|COMPLETED|0:0|00:00:25
19875382_16.batch|19887690.batch|batch|COMPLETED|0:0|00:00:25
19875382_16.extern|19887690.extern|extern|COMPLETED|0:0|00:00:25
19875382_17|19887706|xcsp-parse-cop-cumulative-165-log-scop-cumexact-taskrd-20260526-2ccb88e9-q10672|COMPLETED|0:0|00:00:27
19875382_17.batch|19887706.batch|batch|COMPLETED|0:0|00:00:27
19875382_17.extern|19887706.extern|extern|COMPLETED|0:0|00:00:27
19875382_18|19887712|xcsp-parse-cop-cumulative-165-log-scop-cumexact-taskrd-20260526-2ccb88e9-q10672|COMPLETED|0:0|00:00:33
19875382_18.batch|19887712.batch|batch|COMPLETED|0:0|00:00:33
19875382_18.extern|19887712.extern|extern|COMPLETED|0:0|00:00:33
19875382_19|19887718|xcsp-parse-cop-cumulative-165-log-scop-cumexact-taskrd-20260526-2ccb88e9-q10672|COMPLETED|0:0|00:00:04
19875382_19.batch|19887718.batch|batch|COMPLETED|0:0|00:00:04
19875382_19.extern|19887718.extern|extern|COMPLETED|0:0|00:00:04
19875382_20|19887719|xcsp-parse-cop-cumulative-165-log-scop-cumexact-taskrd-20260526-2ccb88e9-q10672|COMPLETED|0:0|00:05:44
19875382_20.batch|19887719.batch|batch|COMPLETED|0:0|00:05:44
19875382_20.extern|19887719.extern|extern|COMPLETED|0:0|00:05:44
19875382_21|19887722|xcsp-parse-cop-cumulative-165-log-scop-cumexact-taskrd-20260526-2ccb88e9-q10672|COMPLETED|0:0|00:01:45
19875382_21.batch|19887722.batch|batch|COMPLETED|0:0|00:01:45
19875382_21.extern|19887722.extern|extern|COMPLETED|0:0|00:01:45
19875382_22|19887729|xcsp-parse-cop-cumulative-165-log-scop-cumexact-taskrd-20260526-2ccb88e9-q10672|COMPLETED|0:0|00:00:06
19875382_22.batch|19887729.batch|batch|COMPLETED|0:0|00:00:06
19875382_22.extern|19887729.extern|extern|COMPLETED|0:0|00:00:06
19875382_23|19887731|xcsp-parse-cop-cumulative-165-log-scop-cumexact-taskrd-20260526-2ccb88e9-q10672|COMPLETED|0:0|00:00:07
19875382_23.batch|19887731.batch|batch|COMPLETED|0:0|00:00:07
19875382_23.extern|19887731.extern|extern|COMPLETED|0:0|00:00:07
19875382_24|19887733|xcsp-parse-cop-cumulative-165-log-scop-cumexact-taskrd-20260526-2ccb88e9-q10672|COMPLETED|0:0|00:30:04
19875382_24.batch|19887733.batch|batch|COMPLETED|0:0|00:30:04
19875382_24.extern|19887733.extern|extern|COMPLETED|0:0|00:30:04
19875382_25|19887735|xcsp-parse-cop-cumulative-165-log-scop-cumexact-taskrd-20260526-2ccb88e9-q10672|COMPLETED|0:0|00:00:06
19875382_25.batch|19887735.batch|batch|COMPLETED|0:0|00:00:06
19875382_25.extern|19887735.extern|extern|COMPLETED|0:0|00:00:06
19875382_26|19887737|xcsp-parse-cop-cumulative-165-log-scop-cumexact-taskrd-20260526-2ccb88e9-q10672|COMPLETED|0:0|00:30:04
19875382_26.batch|19887737.batch|batch|COMPLETED|0:0|00:30:04
19875382_26.extern|19887737.extern|extern|COMPLETED|0:0|00:30:04
19875382_27|19887752|xcsp-parse-cop-cumulative-165-log-scop-cumexact-taskrd-20260526-2ccb88e9-q10672|COMPLETED|0:0|00:30:03
19875382_27.batch|19887752.batch|batch|COMPLETED|0:0|00:30:03
19875382_27.extern|19887752.extern|extern|COMPLETED|0:0|00:30:03
19875382_28|19887753|xcsp-parse-cop-cumulative-165-log-scop-cumexact-taskrd-20260526-2ccb88e9-q10672|COMPLETED|0:0|00:30:05
19875382_28.batch|19887753.batch|batch|COMPLETED|0:0|00:30:05
19875382_28.extern|19887753.extern|extern|COMPLETED|0:0|00:30:05
19875382_29|19887763|xcsp-parse-cop-cumulative-165-log-scop-cumexact-taskrd-20260526-2ccb88e9-q10672|COMPLETED|0:0|00:30:04
19875382_29.batch|19887763.batch|batch|COMPLETED|0:0|00:30:04
19875382_29.extern|19887763.extern|extern|COMPLETED|0:0|00:30:04
19875382_30|19887852|xcsp-parse-cop-cumulative-165-log-scop-cumexact-taskrd-20260526-2ccb88e9-q10672|COMPLETED|0:0|00:30:03
19875382_30.batch|19887852.batch|batch|COMPLETED|0:0|00:30:03
19875382_30.extern|19887852.extern|extern|COMPLETED|0:0|00:30:03
19875382_31|19887887|xcsp-parse-cop-cumulative-165-log-scop-cumexact-taskrd-20260526-2ccb88e9-q10672|COMPLETED|0:0|00:30:04
19875382_31.batch|19887887.batch|batch|COMPLETED|0:0|00:30:04
19875382_31.extern|19887887.extern|extern|COMPLETED|0:0|00:30:04
19875382_32|19888013|xcsp-parse-cop-cumulative-165-log-scop-cumexact-taskrd-20260526-2ccb88e9-q10672|COMPLETED|0:0|00:00:49
19875382_32.batch|19888013.batch|batch|COMPLETED|0:0|00:00:49
19875382_32.extern|19888013.extern|extern|COMPLETED|0:0|00:00:49
19875382_33|19888112|xcsp-parse-cop-cumulative-165-log-scop-cumexact-taskrd-20260526-2ccb88e9-q10672|COMPLETED|0:0|00:00:30
19875382_33.batch|19888112.batch|batch|COMPLETED|0:0|00:00:30
19875382_33.extern|19888112.extern|extern|COMPLETED|0:0|00:00:30
19875382_34|19888113|xcsp-parse-cop-cumulative-165-log-scop-cumexact-taskrd-20260526-2ccb88e9-q10672|COMPLETED|0:0|00:00:33
19875382_34.batch|19888113.batch|batch|COMPLETED|0:0|00:00:33
19875382_34.extern|19888113.extern|extern|COMPLETED|0:0|00:00:33
19875382_35|19888188|xcsp-parse-cop-cumulative-165-log-scop-cumexact-taskrd-20260526-2ccb88e9-q10672|COMPLETED|0:0|00:05:39
19875382_35.batch|19888188.batch|batch|COMPLETED|0:0|00:05:39
19875382_35.extern|19888188.extern|extern|COMPLETED|0:0|00:05:39
19875382_36|19888209|xcsp-parse-cop-cumulative-165-log-scop-cumexact-taskrd-20260526-2ccb88e9-q10672|COMPLETED|0:0|00:01:48
19875382_36.batch|19888209.batch|batch|COMPLETED|0:0|00:01:48
19875382_36.extern|19888209.extern|extern|COMPLETED|0:0|00:01:48
19875382_37|19888210|xcsp-parse-cop-cumulative-165-log-scop-cumexact-taskrd-20260526-2ccb88e9-q10672|COMPLETED|0:0|00:00:21
19875382_37.batch|19888210.batch|batch|COMPLETED|0:0|00:00:21
19875382_37.extern|19888210.extern|extern|COMPLETED|0:0|00:00:21
19875382_38|19888219|xcsp-parse-cop-cumulative-165-log-scop-cumexact-taskrd-20260526-2ccb88e9-q10672|COMPLETED|0:0|00:05:34
19875382_38.batch|19888219.batch|batch|COMPLETED|0:0|00:05:34
19875382_38.extern|19888219.extern|extern|COMPLETED|0:0|00:05:34
19875382_39|19888225|xcsp-parse-cop-cumulative-165-log-scop-cumexact-taskrd-20260526-2ccb88e9-q10672|COMPLETED|0:0|00:08:07
19875382_39.batch|19888225.batch|batch|COMPLETED|0:0|00:08:07
19875382_39.extern|19888225.extern|extern|COMPLETED|0:0|00:08:07
19875382_40|19888232|xcsp-parse-cop-cumulative-165-log-scop-cumexact-taskrd-20260526-2ccb88e9-q10672|COMPLETED|0:0|00:10:17
19875382_40.batch|19888232.batch|batch|COMPLETED|0:0|00:10:17
19875382_40.extern|19888232.extern|extern|COMPLETED|0:0|00:10:17
19875382_41|19888238|xcsp-parse-cop-cumulative-165-log-scop-cumexact-taskrd-20260526-2ccb88e9-q10672|COMPLETED|0:0|00:04:34
19875382_41.batch|19888238.batch|batch|COMPLETED|0:0|00:04:34
19875382_41.extern|19888238.extern|extern|COMPLETED|0:0|00:04:34
19875382_42|19888271|xcsp-parse-cop-cumulative-165-log-scop-cumexact-taskrd-20260526-2ccb88e9-q10672|COMPLETED|0:0|00:00:24
19875382_42.batch|19888271.batch|batch|COMPLETED|0:0|00:00:24
19875382_42.extern|19888271.extern|extern|COMPLETED|0:0|00:00:24
19875382_43|19888284|xcsp-parse-cop-cumulative-165-log-scop-cumexact-taskrd-20260526-2ccb88e9-q10672|COMPLETED|0:0|00:30:04
19875382_43.batch|19888284.batch|batch|COMPLETED|0:0|00:30:04
19875382_43.extern|19888284.extern|extern|COMPLETED|0:0|00:30:04
19875382_44|19888332|xcsp-parse-cop-cumulative-165-log-scop-cumexact-taskrd-20260526-2ccb88e9-q10672|COMPLETED|0:0|00:02:08
19875382_44.batch|19888332.batch|batch|COMPLETED|0:0|00:02:08
19875382_44.extern|19888332.extern|extern|COMPLETED|0:0|00:02:08
19875382_45|19888385|xcsp-parse-cop-cumulative-165-log-scop-cumexact-taskrd-20260526-2ccb88e9-q10672|COMPLETED|0:0|00:06:29
19875382_45.batch|19888385.batch|batch|COMPLETED|0:0|00:06:29
19875382_45.extern|19888385.extern|extern|COMPLETED|0:0|00:06:29
19875382_46|19888429|xcsp-parse-cop-cumulative-165-log-scop-cumexact-taskrd-20260526-2ccb88e9-q10672|COMPLETED|0:0|00:30:05
19875382_46.batch|19888429.batch|batch|COMPLETED|0:0|00:30:05
19875382_46.extern|19888429.extern|extern|COMPLETED|0:0|00:30:05
19875382_47|19888430|xcsp-parse-cop-cumulative-165-log-scop-cumexact-taskrd-20260526-2ccb88e9-q10672|COMPLETED|0:0|00:02:17
19875382_47.batch|19888430.batch|batch|COMPLETED|0:0|00:02:17
19875382_47.extern|19888430.extern|extern|COMPLETED|0:0|00:02:17
19875382_48|19888453|xcsp-parse-cop-cumulative-165-log-scop-cumexact-taskrd-20260526-2ccb88e9-q10672|COMPLETED|0:0|00:03:05
19875382_48.batch|19888453.batch|batch|COMPLETED|0:0|00:03:05
19875382_48.extern|19888453.extern|extern|COMPLETED|0:0|00:03:05
19875382_49|19888471|xcsp-parse-cop-cumulative-165-log-scop-cumexact-taskrd-20260526-2ccb88e9-q10672|COMPLETED|0:0|00:29:47
19875382_49.batch|19888471.batch|batch|COMPLETED|0:0|00:29:47
19875382_49.extern|19888471.extern|extern|COMPLETED|0:0|00:29:47
19875382_50|19888496|xcsp-parse-cop-cumulative-165-log-scop-cumexact-taskrd-20260526-2ccb88e9-q10672|COMPLETED|0:0|00:03:44
19875382_50.batch|19888496.batch|batch|COMPLETED|0:0|00:03:44
19875382_50.extern|19888496.extern|extern|COMPLETED|0:0|00:03:44
19875382_51|19888511|xcsp-parse-cop-cumulative-165-log-scop-cumexact-taskrd-20260526-2ccb88e9-q10672|COMPLETED|0:0|00:05:51
19875382_51.batch|19888511.batch|batch|COMPLETED|0:0|00:05:51
19875382_51.extern|19888511.extern|extern|COMPLETED|0:0|00:05:51
19875382_52|19888703|xcsp-parse-cop-cumulative-165-log-scop-cumexact-taskrd-20260526-2ccb88e9-q10672|COMPLETED|0:0|00:01:51
19875382_52.batch|19888703.batch|batch|COMPLETED|0:0|00:01:51
19875382_52.extern|19888703.extern|extern|COMPLETED|0:0|00:01:51
19875382_53|19888753|xcsp-parse-cop-cumulative-165-log-scop-cumexact-taskrd-20260526-2ccb88e9-q10672|COMPLETED|0:0|00:09:30
19875382_53.batch|19888753.batch|batch|COMPLETED|0:0|00:09:30
19875382_53.extern|19888753.extern|extern|COMPLETED|0:0|00:09:30
19875382_54|19888787|xcsp-parse-cop-cumulative-165-log-scop-cumexact-taskrd-20260526-2ccb88e9-q10672|COMPLETED|0:0|00:08:21
19875382_54.batch|19888787.batch|batch|COMPLETED|0:0|00:08:21
19875382_54.extern|19888787.extern|extern|COMPLETED|0:0|00:08:21
19875382_55|19888795|xcsp-parse-cop-cumulative-165-log-scop-cumexact-taskrd-20260526-2ccb88e9-q10672|COMPLETED|0:0|00:07:52
19875382_55.batch|19888795.batch|batch|COMPLETED|0:0|00:07:52
19875382_55.extern|19888795.extern|extern|COMPLETED|0:0|00:07:52
19875382_56|19888800|xcsp-parse-cop-cumulative-165-log-scop-cumexact-taskrd-20260526-2ccb88e9-q10672|COMPLETED|0:0|00:30:04
19875382_56.batch|19888800.batch|batch|COMPLETED|0:0|00:30:04
19875382_56.extern|19888800.extern|extern|COMPLETED|0:0|00:30:04
19875382_57|19888812|xcsp-parse-cop-cumulative-165-log-scop-cumexact-taskrd-20260526-2ccb88e9-q10672|COMPLETED|0:0|00:30:03
19875382_57.batch|19888812.batch|batch|COMPLETED|0:0|00:30:03
19875382_57.extern|19888812.extern|extern|COMPLETED|0:0|00:30:03
19875382_58|19889607|xcsp-parse-cop-cumulative-165-log-scop-cumexact-taskrd-20260526-2ccb88e9-q10672|COMPLETED|0:0|00:30:05
19875382_58.batch|19889607.batch|batch|COMPLETED|0:0|00:30:05
19875382_58.extern|19889607.extern|extern|COMPLETED|0:0|00:30:05
19875382_59|19889690|xcsp-parse-cop-cumulative-165-log-scop-cumexact-taskrd-20260526-2ccb88e9-q10672|COMPLETED|0:0|00:30:03
19875382_59.batch|19889690.batch|batch|COMPLETED|0:0|00:30:03
19875382_59.extern|19889690.extern|extern|COMPLETED|0:0|00:30:03
19875382_60|19889691|xcsp-parse-cop-cumulative-165-log-scop-cumexact-taskrd-20260526-2ccb88e9-q10672|COMPLETED|0:0|00:30:03
19875382_60.batch|19889691.batch|batch|COMPLETED|0:0|00:30:03
19875382_60.extern|19889691.extern|extern|COMPLETED|0:0|00:30:03
19875382_61|19889693|xcsp-parse-cop-cumulative-165-log-scop-cumexact-taskrd-20260526-2ccb88e9-q10672|COMPLETED|0:0|00:30:05
19875382_61.batch|19889693.batch|batch|COMPLETED|0:0|00:30:05
19875382_61.extern|19889693.extern|extern|COMPLETED|0:0|00:30:05
19875382_62|19889697|xcsp-parse-cop-cumulative-165-log-scop-cumexact-taskrd-20260526-2ccb88e9-q10672|COMPLETED|0:0|00:02:57
19875382_62.batch|19889697.batch|batch|COMPLETED|0:0|00:02:57
19875382_62.extern|19889697.extern|extern|COMPLETED|0:0|00:02:57
19875382_63|19889721|xcsp-parse-cop-cumulative-165-log-scop-cumexact-taskrd-20260526-2ccb88e9-q10672|COMPLETED|0:0|00:04:54
19875382_63.batch|19889721.batch|batch|COMPLETED|0:0|00:04:54
19875382_63.extern|19889721.extern|extern|COMPLETED|0:0|00:04:54
19875382_64|19889749|xcsp-parse-cop-cumulative-165-log-scop-cumexact-taskrd-20260526-2ccb88e9-q10672|COMPLETED|0:0|00:30:03
19875382_64.batch|19889749.batch|batch|COMPLETED|0:0|00:30:03
19875382_64.extern|19889749.extern|extern|COMPLETED|0:0|00:30:03
19875382_65|19889751|xcsp-parse-cop-cumulative-165-log-scop-cumexact-taskrd-20260526-2ccb88e9-q10672|COMPLETED|0:0|00:30:04
19875382_65.batch|19889751.batch|batch|COMPLETED|0:0|00:30:04
19875382_65.extern|19889751.extern|extern|COMPLETED|0:0|00:30:04
19875382_66|19889752|xcsp-parse-cop-cumulative-165-log-scop-cumexact-taskrd-20260526-2ccb88e9-q10672|COMPLETED|0:0|00:00:28
19875382_66.batch|19889752.batch|batch|COMPLETED|0:0|00:00:28
19875382_66.extern|19889752.extern|extern|COMPLETED|0:0|00:00:28
19875382_67|19889762|xcsp-parse-cop-cumulative-165-log-scop-cumexact-taskrd-20260526-2ccb88e9-q10672|COMPLETED|0:0|00:30:03
19875382_67.batch|19889762.batch|batch|COMPLETED|0:0|00:30:03
19875382_67.extern|19889762.extern|extern|COMPLETED|0:0|00:30:03
19875382_68|19889770|xcsp-parse-cop-cumulative-165-log-scop-cumexact-taskrd-20260526-2ccb88e9-q10672|COMPLETED|0:0|00:30:03
19875382_68.batch|19889770.batch|batch|COMPLETED|0:0|00:30:03
19875382_68.extern|19889770.extern|extern|COMPLETED|0:0|00:30:03
19875382_69|19889792|xcsp-parse-cop-cumulative-165-log-scop-cumexact-taskrd-20260526-2ccb88e9-q10672|COMPLETED|0:0|00:30:04
19875382_69.batch|19889792.batch|batch|COMPLETED|0:0|00:30:04
19875382_69.extern|19889792.extern|extern|COMPLETED|0:0|00:30:04
19875382_70|19889830|xcsp-parse-cop-cumulative-165-log-scop-cumexact-taskrd-20260526-2ccb88e9-q10672|COMPLETED|0:0|00:00:11
19875382_70.batch|19889830.batch|batch|COMPLETED|0:0|00:00:11
19875382_70.extern|19889830.extern|extern|COMPLETED|0:0|00:00:11
19875382_71|19889838|xcsp-parse-cop-cumulative-165-log-scop-cumexact-taskrd-20260526-2ccb88e9-q10672|COMPLETED|0:0|00:30:03
19875382_71.batch|19889838.batch|batch|COMPLETED|0:0|00:30:03
19875382_71.extern|19889838.extern|extern|COMPLETED|0:0|00:30:03
19875382_72|19889845|xcsp-parse-cop-cumulative-165-log-scop-cumexact-taskrd-20260526-2ccb88e9-q10672|COMPLETED|0:0|00:30:04
19875382_72.batch|19889845.batch|batch|COMPLETED|0:0|00:30:04
19875382_72.extern|19889845.extern|extern|COMPLETED|0:0|00:30:04
19875382_73|19889930|xcsp-parse-cop-cumulative-165-log-scop-cumexact-taskrd-20260526-2ccb88e9-q10672|COMPLETED|0:0|00:30:04
19875382_73.batch|19889930.batch|batch|COMPLETED|0:0|00:30:04
19875382_73.extern|19889930.extern|extern|COMPLETED|0:0|00:30:04
19875382_74|19890099|xcsp-parse-cop-cumulative-165-log-scop-cumexact-taskrd-20260526-2ccb88e9-q10672|COMPLETED|0:0|00:30:05
19875382_74.batch|19890099.batch|batch|COMPLETED|0:0|00:30:05
19875382_74.extern|19890099.extern|extern|COMPLETED|0:0|00:30:05
19875382_75|19890112|xcsp-parse-cop-cumulative-165-log-scop-cumexact-taskrd-20260526-2ccb88e9-q10672|COMPLETED|0:0|00:30:05
19875382_75.batch|19890112.batch|batch|COMPLETED|0:0|00:30:05
19875382_75.extern|19890112.extern|extern|COMPLETED|0:0|00:30:05
19875382_76|19890191|xcsp-parse-cop-cumulative-165-log-scop-cumexact-taskrd-20260526-2ccb88e9-q10672|COMPLETED|0:0|00:30:04
19875382_76.batch|19890191.batch|batch|COMPLETED|0:0|00:30:04
19875382_76.extern|19890191.extern|extern|COMPLETED|0:0|00:30:04
19875382_77|19890203|xcsp-parse-cop-cumulative-165-log-scop-cumexact-taskrd-20260526-2ccb88e9-q10672|COMPLETED|0:0|00:30:05
19875382_77.batch|19890203.batch|batch|COMPLETED|0:0|00:30:05
19875382_77.extern|19890203.extern|extern|COMPLETED|0:0|00:30:05
19875382_78|19890240|xcsp-parse-cop-cumulative-165-log-scop-cumexact-taskrd-20260526-2ccb88e9-q10672|COMPLETED|0:0|00:30:05
19875382_78.batch|19890240.batch|batch|COMPLETED|0:0|00:30:05
19875382_78.extern|19890240.extern|extern|COMPLETED|0:0|00:30:05
19875382_79|19890458|xcsp-parse-cop-cumulative-165-log-scop-cumexact-taskrd-20260526-2ccb88e9-q10672|COMPLETED|0:0|00:30:04
19875382_79.batch|19890458.batch|batch|COMPLETED|0:0|00:30:04
19875382_79.extern|19890458.extern|extern|COMPLETED|0:0|00:30:04
19875382_80|19890459|xcsp-parse-cop-cumulative-165-log-scop-cumexact-taskrd-20260526-2ccb88e9-q10672|COMPLETED|0:0|00:00:44
19875382_80.batch|19890459.batch|batch|COMPLETED|0:0|00:00:44
19875382_80.extern|19890459.extern|extern|COMPLETED|0:0|00:00:44
19875382_81|19890463|xcsp-parse-cop-cumulative-165-log-scop-cumexact-taskrd-20260526-2ccb88e9-q10672|COMPLETED|0:0|00:30:04
19875382_81.batch|19890463.batch|batch|COMPLETED|0:0|00:30:04
19875382_81.extern|19890463.extern|extern|COMPLETED|0:0|00:30:04
19875382_82|19890495|xcsp-parse-cop-cumulative-165-log-scop-cumexact-taskrd-20260526-2ccb88e9-q10672|COMPLETED|0:0|00:30:03
19875382_82.batch|19890495.batch|batch|COMPLETED|0:0|00:30:03
19875382_82.extern|19890495.extern|extern|COMPLETED|0:0|00:30:03
19875382_83|19890903|xcsp-parse-cop-cumulative-165-log-scop-cumexact-taskrd-20260526-2ccb88e9-q10672|COMPLETED|0:0|00:30:05
19875382_83.batch|19890903.batch|batch|COMPLETED|0:0|00:30:05
19875382_83.extern|19890903.extern|extern|COMPLETED|0:0|00:30:05
19875382_84|19890906|xcsp-parse-cop-cumulative-165-log-scop-cumexact-taskrd-20260526-2ccb88e9-q10672|COMPLETED|0:0|00:30:05
19875382_84.batch|19890906.batch|batch|COMPLETED|0:0|00:30:05
19875382_84.extern|19890906.extern|extern|COMPLETED|0:0|00:30:05
19875382_85|19890953|xcsp-parse-cop-cumulative-165-log-scop-cumexact-taskrd-20260526-2ccb88e9-q10672|COMPLETED|0:0|00:30:04
19875382_85.batch|19890953.batch|batch|COMPLETED|0:0|00:30:04
19875382_85.extern|19890953.extern|extern|COMPLETED|0:0|00:30:04
19875382_86|19890996|xcsp-parse-cop-cumulative-165-log-scop-cumexact-taskrd-20260526-2ccb88e9-q10672|COMPLETED|0:0|00:30:05
19875382_86.batch|19890996.batch|batch|COMPLETED|0:0|00:30:05
19875382_86.extern|19890996.extern|extern|COMPLETED|0:0|00:30:05
19875382_87|19891082|xcsp-parse-cop-cumulative-165-log-scop-cumexact-taskrd-20260526-2ccb88e9-q10672|COMPLETED|0:0|00:30:04
19875382_87.batch|19891082.batch|batch|COMPLETED|0:0|00:30:04
19875382_87.extern|19891082.extern|extern|COMPLETED|0:0|00:30:04
19875382_88|19891210|xcsp-parse-cop-cumulative-165-log-scop-cumexact-taskrd-20260526-2ccb88e9-q10672|COMPLETED|0:0|00:30:04
19875382_88.batch|19891210.batch|batch|COMPLETED|0:0|00:30:04
19875382_88.extern|19891210.extern|extern|COMPLETED|0:0|00:30:05
19875382_89|19891234|xcsp-parse-cop-cumulative-165-log-scop-cumexact-taskrd-20260526-2ccb88e9-q10672|COMPLETED|0:0|00:31:05
19875382_89.batch|19891234.batch|batch|COMPLETED|0:0|00:31:05
19875382_89.extern|19891234.extern|extern|COMPLETED|0:0|00:31:05
19875382_90|19891395|xcsp-parse-cop-cumulative-165-log-scop-cumexact-taskrd-20260526-2ccb88e9-q10672|COMPLETED|0:0|00:30:04
19875382_90.batch|19891395.batch|batch|COMPLETED|0:0|00:30:04
19875382_90.extern|19891395.extern|extern|COMPLETED|0:0|00:30:04
19875382_91|19891516|xcsp-parse-cop-cumulative-165-log-scop-cumexact-taskrd-20260526-2ccb88e9-q10672|COMPLETED|0:0|00:30:05
19875382_91.batch|19891516.batch|batch|COMPLETED|0:0|00:30:05
19875382_91.extern|19891516.extern|extern|COMPLETED|0:0|00:30:05
19875382_92|19891547|xcsp-parse-cop-cumulative-165-log-scop-cumexact-taskrd-20260526-2ccb88e9-q10672|COMPLETED|0:0|00:30:04
19875382_92.batch|19891547.batch|batch|COMPLETED|0:0|00:30:04
19875382_92.extern|19891547.extern|extern|COMPLETED|0:0|00:30:04
19875382_93|19891725|xcsp-parse-cop-cumulative-165-log-scop-cumexact-taskrd-20260526-2ccb88e9-q10672|COMPLETED|0:0|00:30:04
19875382_93.batch|19891725.batch|batch|COMPLETED|0:0|00:30:04
19875382_93.extern|19891725.extern|extern|COMPLETED|0:0|00:30:04
19875382_94|19891777|xcsp-parse-cop-cumulative-165-log-scop-cumexact-taskrd-20260526-2ccb88e9-q10672|COMPLETED|0:0|00:00:12
19875382_94.batch|19891777.batch|batch|COMPLETED|0:0|00:00:12
19875382_94.extern|19891777.extern|extern|COMPLETED|0:0|00:00:12
19875382_95|19891798|xcsp-parse-cop-cumulative-165-log-scop-cumexact-taskrd-20260526-2ccb88e9-q10672|COMPLETED|0:0|00:30:04
19875382_95.batch|19891798.batch|batch|COMPLETED|0:0|00:30:04
19875382_95.extern|19891798.extern|extern|COMPLETED|0:0|00:30:04
19875382_96|19891918|xcsp-parse-cop-cumulative-165-log-scop-cumexact-taskrd-20260526-2ccb88e9-q10672|COMPLETED|0:0|00:30:05
19875382_96.batch|19891918.batch|batch|COMPLETED|0:0|00:30:05
19875382_96.extern|19891918.extern|extern|COMPLETED|0:0|00:30:05
19875382_97|19892220|xcsp-parse-cop-cumulative-165-log-scop-cumexact-taskrd-20260526-2ccb88e9-q10672|COMPLETED|0:0|00:30:04
19875382_97.batch|19892220.batch|batch|COMPLETED|0:0|00:30:04
19875382_97.extern|19892220.extern|extern|COMPLETED|0:0|00:30:04
19875382_98|19892237|xcsp-parse-cop-cumulative-165-log-scop-cumexact-taskrd-20260526-2ccb88e9-q10672|COMPLETED|0:0|00:30:03
19875382_98.batch|19892237.batch|batch|COMPLETED|0:0|00:30:03
19875382_98.extern|19892237.extern|extern|COMPLETED|0:0|00:30:03
19875382_99|19892273|xcsp-parse-cop-cumulative-165-log-scop-cumexact-taskrd-20260526-2ccb88e9-q10672|COMPLETED|0:0|00:30:05
19875382_99.batch|19892273.batch|batch|COMPLETED|0:0|00:30:05
19875382_99.extern|19892273.extern|extern|COMPLETED|0:0|00:30:05
19875382_100|19892519|xcsp-parse-cop-cumulative-165-log-scop-cumexact-taskrd-20260526-2ccb88e9-q10672|COMPLETED|0:0|00:30:05
19875382_100.batch|19892519.batch|batch|COMPLETED|0:0|00:30:05
19875382_100.extern|19892519.extern|extern|COMPLETED|0:0|00:30:05
19875382_101|19892526|xcsp-parse-cop-cumulative-165-log-scop-cumexact-taskrd-20260526-2ccb88e9-q10672|COMPLETED|0:0|00:30:05
19875382_101.batch|19892526.batch|batch|COMPLETED|0:0|00:30:05
19875382_101.extern|19892526.extern|extern|COMPLETED|0:0|00:30:05
19875382_102|19892610|xcsp-parse-cop-cumulative-165-log-scop-cumexact-taskrd-20260526-2ccb88e9-q10672|COMPLETED|0:0|00:30:04
19875382_102.batch|19892610.batch|batch|COMPLETED|0:0|00:30:04
19875382_102.extern|19892610.extern|extern|COMPLETED|0:0|00:30:04
19875382_103|19892658|xcsp-parse-cop-cumulative-165-log-scop-cumexact-taskrd-20260526-2ccb88e9-q10672|COMPLETED|0:0|00:30:05
19875382_103.batch|19892658.batch|batch|COMPLETED|0:0|00:30:05
19875382_103.extern|19892658.extern|extern|COMPLETED|0:0|00:30:05
19875382_104|19892704|xcsp-parse-cop-cumulative-165-log-scop-cumexact-taskrd-20260526-2ccb88e9-q10672|COMPLETED|0:0|00:00:05
19875382_104.batch|19892704.batch|batch|COMPLETED|0:0|00:00:05
19875382_104.extern|19892704.extern|extern|COMPLETED|0:0|00:00:05
19875382_105|19892705|xcsp-parse-cop-cumulative-165-log-scop-cumexact-taskrd-20260526-2ccb88e9-q10672|COMPLETED|0:0|00:30:04
19875382_105.batch|19892705.batch|batch|COMPLETED|0:0|00:30:04
19875382_105.extern|19892705.extern|extern|COMPLETED|0:0|00:30:04
19875382_106|19892818|xcsp-parse-cop-cumulative-165-log-scop-cumexact-taskrd-20260526-2ccb88e9-q10672|COMPLETED|0:0|00:30:03
19875382_106.batch|19892818.batch|batch|COMPLETED|0:0|00:30:03
19875382_106.extern|19892818.extern|extern|COMPLETED|0:0|00:30:03
19875382_107|19892904|xcsp-parse-cop-cumulative-165-log-scop-cumexact-taskrd-20260526-2ccb88e9-q10672|COMPLETED|0:0|00:30:04
19875382_107.batch|19892904.batch|batch|COMPLETED|0:0|00:30:04
19875382_107.extern|19892904.extern|extern|COMPLETED|0:0|00:30:04
19875382_108|19893171|xcsp-parse-cop-cumulative-165-log-scop-cumexact-taskrd-20260526-2ccb88e9-q10672|COMPLETED|0:0|00:00:08
19875382_108.batch|19893171.batch|batch|COMPLETED|0:0|00:00:08
19875382_108.extern|19893171.extern|extern|COMPLETED|0:0|00:00:08
19875382_109|19893192|xcsp-parse-cop-cumulative-165-log-scop-cumexact-taskrd-20260526-2ccb88e9-q10672|COMPLETED|0:0|00:30:04
19875382_109.batch|19893192.batch|batch|COMPLETED|0:0|00:30:04
19875382_109.extern|19893192.extern|extern|COMPLETED|0:0|00:30:04
19875382_110|19893415|xcsp-parse-cop-cumulative-165-log-scop-cumexact-taskrd-20260526-2ccb88e9-q10672|COMPLETED|0:0|00:30:04
19875382_110.batch|19893415.batch|batch|COMPLETED|0:0|00:30:04
19875382_110.extern|19893415.extern|extern|COMPLETED|0:0|00:30:04
19875382_111|19893544|xcsp-parse-cop-cumulative-165-log-scop-cumexact-taskrd-20260526-2ccb88e9-q10672|COMPLETED|0:0|00:30:06
19875382_111.batch|19893544.batch|batch|COMPLETED|0:0|00:30:06
19875382_111.extern|19893544.extern|extern|COMPLETED|0:0|00:30:06
19875382_112|19893779|xcsp-parse-cop-cumulative-165-log-scop-cumexact-taskrd-20260526-2ccb88e9-q10672|OUT_OF_MEMORY|0:125|00:04:53
19875382_112.batch|19893779.batch|batch|OUT_OF_MEMORY|0:125|00:04:53
19875382_112.extern|19893779.extern|extern|OUT_OF_MEMORY|0:125|00:04:53
19875382_113|19893809|xcsp-parse-cop-cumulative-165-log-scop-cumexact-taskrd-20260526-2ccb88e9-q10672|COMPLETED|0:0|00:30:04
19875382_113.batch|19893809.batch|batch|COMPLETED|0:0|00:30:04
19875382_113.extern|19893809.extern|extern|COMPLETED|0:0|00:30:04
19875382_114|19893880|xcsp-parse-cop-cumulative-165-log-scop-cumexact-taskrd-20260526-2ccb88e9-q10672|COMPLETED|0:0|00:00:06
19875382_114.batch|19893880.batch|batch|COMPLETED|0:0|00:00:06
19875382_114.extern|19893880.extern|extern|COMPLETED|0:0|00:00:06
19875382_115|19893883|xcsp-parse-cop-cumulative-165-log-scop-cumexact-taskrd-20260526-2ccb88e9-q10672|COMPLETED|0:0|00:30:05
19875382_115.batch|19893883.batch|batch|COMPLETED|0:0|00:30:05
19875382_115.extern|19893883.extern|extern|COMPLETED|0:0|00:30:05
19875382_116|19893945|xcsp-parse-cop-cumulative-165-log-scop-cumexact-taskrd-20260526-2ccb88e9-q10672|COMPLETED|0:0|00:08:35
19875382_116.batch|19893945.batch|batch|COMPLETED|0:0|00:08:35
19875382_116.extern|19893945.extern|extern|COMPLETED|0:0|00:08:35
19875382_117|19894091|xcsp-parse-cop-cumulative-165-log-scop-cumexact-taskrd-20260526-2ccb88e9-q10672|COMPLETED|0:0|00:30:05
19875382_117.batch|19894091.batch|batch|COMPLETED|0:0|00:30:05
19875382_117.extern|19894091.extern|extern|COMPLETED|0:0|00:30:05
19875382_118|19894097|xcsp-parse-cop-cumulative-165-log-scop-cumexact-taskrd-20260526-2ccb88e9-q10672|COMPLETED|0:0|00:30:05
19875382_118.batch|19894097.batch|batch|COMPLETED|0:0|00:30:05
19875382_118.extern|19894097.extern|extern|COMPLETED|0:0|00:30:05
19875382_119|19894142|xcsp-parse-cop-cumulative-165-log-scop-cumexact-taskrd-20260526-2ccb88e9-q10672|COMPLETED|0:0|00:30:04
19875382_119.batch|19894142.batch|batch|COMPLETED|0:0|00:30:04
19875382_119.extern|19894142.extern|extern|COMPLETED|0:0|00:30:04
19875382_120|19894385|xcsp-parse-cop-cumulative-165-log-scop-cumexact-taskrd-20260526-2ccb88e9-q10672|COMPLETED|0:0|00:30:04
19875382_120.batch|19894385.batch|batch|COMPLETED|0:0|00:30:04
19875382_120.extern|19894385.extern|extern|COMPLETED|0:0|00:30:04
19875382_121|19894405|xcsp-parse-cop-cumulative-165-log-scop-cumexact-taskrd-20260526-2ccb88e9-q10672|COMPLETED|0:0|00:30:04
19875382_121.batch|19894405.batch|batch|COMPLETED|0:0|00:30:04
19875382_121.extern|19894405.extern|extern|COMPLETED|0:0|00:30:04
19875382_122|19894511|xcsp-parse-cop-cumulative-165-log-scop-cumexact-taskrd-20260526-2ccb88e9-q10672|COMPLETED|0:0|00:30:04
19875382_122.batch|19894511.batch|batch|COMPLETED|0:0|00:30:04
19875382_122.extern|19894511.extern|extern|COMPLETED|0:0|00:30:04
19875382_123|19894593|xcsp-parse-cop-cumulative-165-log-scop-cumexact-taskrd-20260526-2ccb88e9-q10672|COMPLETED|0:0|00:21:10
19875382_123.batch|19894593.batch|batch|COMPLETED|0:0|00:21:10
19875382_123.extern|19894593.extern|extern|COMPLETED|0:0|00:21:10
19875382_124|19894753|xcsp-parse-cop-cumulative-165-log-scop-cumexact-taskrd-20260526-2ccb88e9-q10672|COMPLETED|0:0|00:00:13
19875382_124.batch|19894753.batch|batch|COMPLETED|0:0|00:00:13
19875382_124.extern|19894753.extern|extern|COMPLETED|0:0|00:00:13
19875382_125|19894768|xcsp-parse-cop-cumulative-165-log-scop-cumexact-taskrd-20260526-2ccb88e9-q10672|OUT_OF_MEMORY|0:125|00:05:39
19875382_125.batch|19894768.batch|batch|OUT_OF_MEMORY|0:125|00:05:39
19875382_125.extern|19894768.extern|extern|OUT_OF_MEMORY|0:125|00:05:39
19875382_126|19894774|xcsp-parse-cop-cumulative-165-log-scop-cumexact-taskrd-20260526-2ccb88e9-q10672|COMPLETED|0:0|00:30:04
19875382_126.batch|19894774.batch|batch|COMPLETED|0:0|00:30:04
19875382_126.extern|19894774.extern|extern|COMPLETED|0:0|00:30:04
19875382_127|19895014|xcsp-parse-cop-cumulative-165-log-scop-cumexact-taskrd-20260526-2ccb88e9-q10672|COMPLETED|0:0|00:00:19
19875382_127.batch|19895014.batch|batch|COMPLETED|0:0|00:00:19
19875382_127.extern|19895014.extern|extern|COMPLETED|0:0|00:00:19
19875382_128|19895074|xcsp-parse-cop-cumulative-165-log-scop-cumexact-taskrd-20260526-2ccb88e9-q10672|COMPLETED|0:0|00:03:29
19875382_128.batch|19895074.batch|batch|COMPLETED|0:0|00:03:29
19875382_128.extern|19895074.extern|extern|COMPLETED|0:0|00:03:30
19875382_129|19895268|xcsp-parse-cop-cumulative-165-log-scop-cumexact-taskrd-20260526-2ccb88e9-q10672|OUT_OF_MEMORY|0:125|00:08:36
19875382_129.batch|19895268.batch|batch|OUT_OF_MEMORY|0:125|00:08:36
19875382_129.extern|19895268.extern|extern|OUT_OF_MEMORY|0:125|00:08:36
19875382_130|19895578|xcsp-parse-cop-cumulative-165-log-scop-cumexact-taskrd-20260526-2ccb88e9-q10672|OUT_OF_MEMORY|0:125|00:17:30
19875382_130.batch|19895578.batch|batch|OUT_OF_MEMORY|0:125|00:17:30
19875382_130.extern|19895578.extern|extern|OUT_OF_MEMORY|0:125|00:17:30
19875382_131|19895817|xcsp-parse-cop-cumulative-165-log-scop-cumexact-taskrd-20260526-2ccb88e9-q10672|OUT_OF_MEMORY|0:125|00:18:31
19875382_131.batch|19895817.batch|batch|OUT_OF_MEMORY|0:125|00:18:31
19875382_131.extern|19895817.extern|extern|OUT_OF_MEMORY|0:125|00:18:31
19875382_132|19896156|xcsp-parse-cop-cumulative-165-log-scop-cumexact-taskrd-20260526-2ccb88e9-q10672|COMPLETED|0:0|00:00:30
19875382_132.batch|19896156.batch|batch|COMPLETED|0:0|00:00:30
19875382_132.extern|19896156.extern|extern|COMPLETED|0:0|00:00:30
19875382_133|19896358|xcsp-parse-cop-cumulative-165-log-scop-cumexact-taskrd-20260526-2ccb88e9-q10672|COMPLETED|0:0|00:00:20
19875382_133.batch|19896358.batch|batch|COMPLETED|0:0|00:00:20
19875382_133.extern|19896358.extern|extern|COMPLETED|0:0|00:00:20
19875382_134|19896459|xcsp-parse-cop-cumulative-165-log-scop-cumexact-taskrd-20260526-2ccb88e9-q10672|OUT_OF_MEMORY|0:125|00:08:01
19875382_134.batch|19896459.batch|batch|OUT_OF_MEMORY|0:125|00:08:01
19875382_134.extern|19896459.extern|extern|OUT_OF_MEMORY|0:125|00:08:01
19875382_135|19896706|xcsp-parse-cop-cumulative-165-log-scop-cumexact-taskrd-20260526-2ccb88e9-q10672|OUT_OF_MEMORY|0:125|00:09:39
19875382_135.batch|19896706.batch|batch|OUT_OF_MEMORY|0:125|00:09:39
19875382_135.extern|19896706.extern|extern|OUT_OF_MEMORY|0:125|00:09:39
19875382_136|19896857|xcsp-parse-cop-cumulative-165-log-scop-cumexact-taskrd-20260526-2ccb88e9-q10672|COMPLETED|0:0|00:04:36
19875382_136.batch|19896857.batch|batch|COMPLETED|0:0|00:04:36
19875382_136.extern|19896857.extern|extern|COMPLETED|0:0|00:04:36
19875382_137|19896980|xcsp-parse-cop-cumulative-165-log-scop-cumexact-taskrd-20260526-2ccb88e9-q10672|OUT_OF_MEMORY|0:125|00:08:41
19875382_137.batch|19896980.batch|batch|OUT_OF_MEMORY|0:125|00:08:41
19875382_137.extern|19896980.extern|extern|OUT_OF_MEMORY|0:125|00:08:41
19875382_138|19897417|xcsp-parse-cop-cumulative-165-log-scop-cumexact-taskrd-20260526-2ccb88e9-q10672|OUT_OF_MEMORY|0:125|00:08:30
19875382_138.batch|19897417.batch|batch|OUT_OF_MEMORY|0:125|00:08:30
19875382_138.extern|19897417.extern|extern|OUT_OF_MEMORY|0:125|00:08:30
19875382_139|19897432|xcsp-parse-cop-cumulative-165-log-scop-cumexact-taskrd-20260526-2ccb88e9-q10672|OUT_OF_MEMORY|0:125|00:10:26
19875382_139.batch|19897432.batch|batch|OUT_OF_MEMORY|0:125|00:10:26
19875382_139.extern|19897432.extern|extern|OUT_OF_MEMORY|0:125|00:10:26
19875382_140|19897497|xcsp-parse-cop-cumulative-165-log-scop-cumexact-taskrd-20260526-2ccb88e9-q10672|OUT_OF_MEMORY|0:125|00:08:10
19875382_140.batch|19897497.batch|batch|OUT_OF_MEMORY|0:125|00:08:10
19875382_140.extern|19897497.extern|extern|OUT_OF_MEMORY|0:125|00:08:10
19875382_141|19897813|xcsp-parse-cop-cumulative-165-log-scop-cumexact-taskrd-20260526-2ccb88e9-q10672|OUT_OF_MEMORY|0:125|00:08:08
19875382_141.batch|19897813.batch|batch|OUT_OF_MEMORY|0:125|00:08:08
19875382_141.extern|19897813.extern|extern|OUT_OF_MEMORY|0:125|00:08:08
19875382_142|19897814|xcsp-parse-cop-cumulative-165-log-scop-cumexact-taskrd-20260526-2ccb88e9-q10672|OUT_OF_MEMORY|0:125|00:08:52
19875382_142.batch|19897814.batch|batch|OUT_OF_MEMORY|0:125|00:08:52
19875382_142.extern|19897814.extern|extern|OUT_OF_MEMORY|0:125|00:08:52
19875382_143|19897965|xcsp-parse-cop-cumulative-165-log-scop-cumexact-taskrd-20260526-2ccb88e9-q10672|OUT_OF_MEMORY|0:125|00:08:55
19875382_143.batch|19897965.batch|batch|OUT_OF_MEMORY|0:125|00:08:55
19875382_143.extern|19897965.extern|extern|OUT_OF_MEMORY|0:125|00:08:55
19875382_144|19898096|xcsp-parse-cop-cumulative-165-log-scop-cumexact-taskrd-20260526-2ccb88e9-q10672|OUT_OF_MEMORY|0:125|00:09:40
19875382_144.batch|19898096.batch|batch|OUT_OF_MEMORY|0:125|00:09:40
19875382_144.extern|19898096.extern|extern|OUT_OF_MEMORY|0:125|00:09:40
19875382_145|19898337|xcsp-parse-cop-cumulative-165-log-scop-cumexact-taskrd-20260526-2ccb88e9-q10672|OUT_OF_MEMORY|0:125|00:09:23
19875382_145.batch|19898337.batch|batch|OUT_OF_MEMORY|0:125|00:09:23
19875382_145.extern|19898337.extern|extern|OUT_OF_MEMORY|0:125|00:09:23
19875382_146|19898361|xcsp-parse-cop-cumulative-165-log-scop-cumexact-taskrd-20260526-2ccb88e9-q10672|OUT_OF_MEMORY|0:125|00:09:28
19875382_146.batch|19898361.batch|batch|OUT_OF_MEMORY|0:125|00:09:28
19875382_146.extern|19898361.extern|extern|OUT_OF_MEMORY|0:125|00:09:28
19875382_147|19898363|xcsp-parse-cop-cumulative-165-log-scop-cumexact-taskrd-20260526-2ccb88e9-q10672|OUT_OF_MEMORY|0:125|00:08:54
19875382_147.batch|19898363.batch|batch|OUT_OF_MEMORY|0:125|00:08:54
19875382_147.extern|19898363.extern|extern|OUT_OF_MEMORY|0:125|00:08:54
19875382_148|19898366|xcsp-parse-cop-cumulative-165-log-scop-cumexact-taskrd-20260526-2ccb88e9-q10672|OUT_OF_MEMORY|0:125|00:11:44
19875382_148.batch|19898366.batch|batch|OUT_OF_MEMORY|0:125|00:11:44
19875382_148.extern|19898366.extern|extern|OUT_OF_MEMORY|0:125|00:11:44
19875382_149|19898372|xcsp-parse-cop-cumulative-165-log-scop-cumexact-taskrd-20260526-2ccb88e9-q10672|COMPLETED|0:0|00:00:35
19875382_149.batch|19898372.batch|batch|COMPLETED|0:0|00:00:35
19875382_149.extern|19898372.extern|extern|COMPLETED|0:0|00:00:35
19875382_150|19898373|xcsp-parse-cop-cumulative-165-log-scop-cumexact-taskrd-20260526-2ccb88e9-q10672|COMPLETED|0:0|00:01:00
19875382_150.batch|19898373.batch|batch|COMPLETED|0:0|00:01:00
19875382_150.extern|19898373.extern|extern|COMPLETED|0:0|00:01:00
19875382_151|19898381|xcsp-parse-cop-cumulative-165-log-scop-cumexact-taskrd-20260526-2ccb88e9-q10672|COMPLETED|0:0|00:30:05
19875382_151.batch|19898381.batch|batch|COMPLETED|0:0|00:30:05
19875382_151.extern|19898381.extern|extern|COMPLETED|0:0|00:30:05
19875382_152|19898382|xcsp-parse-cop-cumulative-165-log-scop-cumexact-taskrd-20260526-2ccb88e9-q10672|COMPLETED|0:0|00:30:05
19875382_152.batch|19898382.batch|batch|COMPLETED|0:0|00:30:05
19875382_152.extern|19898382.extern|extern|COMPLETED|0:0|00:30:05
19875382_153|19898435|xcsp-parse-cop-cumulative-165-log-scop-cumexact-taskrd-20260526-2ccb88e9-q10672|COMPLETED|0:0|00:30:03
19875382_153.batch|19898435.batch|batch|COMPLETED|0:0|00:30:03
19875382_153.extern|19898435.extern|extern|COMPLETED|0:0|00:30:03
19875382_154|19898522|xcsp-parse-cop-cumulative-165-log-scop-cumexact-taskrd-20260526-2ccb88e9-q10672|COMPLETED|0:0|00:03:13
19875382_154.batch|19898522.batch|batch|COMPLETED|0:0|00:03:13
19875382_154.extern|19898522.extern|extern|COMPLETED|0:0|00:03:13
19875382_155|19898525|xcsp-parse-cop-cumulative-165-log-scop-cumexact-taskrd-20260526-2ccb88e9-q10672|COMPLETED|0:0|00:30:07
19875382_155.batch|19898525.batch|batch|COMPLETED|0:0|00:30:07
19875382_155.extern|19898525.extern|extern|COMPLETED|0:0|00:30:07
19875382_156|19898533|xcsp-parse-cop-cumulative-165-log-scop-cumexact-taskrd-20260526-2ccb88e9-q10672|COMPLETED|0:0|00:08:06
19875382_156.batch|19898533.batch|batch|COMPLETED|0:0|00:08:06
19875382_156.extern|19898533.extern|extern|COMPLETED|0:0|00:08:06
19875382_157|19898603|xcsp-parse-cop-cumulative-165-log-scop-cumexact-taskrd-20260526-2ccb88e9-q10672|COMPLETED|0:0|00:06:42
19875382_157.batch|19898603.batch|batch|COMPLETED|0:0|00:06:42
19875382_157.extern|19898603.extern|extern|COMPLETED|0:0|00:06:42
19875382_158|19898616|xcsp-parse-cop-cumulative-165-log-scop-cumexact-taskrd-20260526-2ccb88e9-q10672|COMPLETED|0:0|00:30:09
19875382_158.batch|19898616.batch|batch|COMPLETED|0:0|00:30:09
19875382_158.extern|19898616.extern|extern|COMPLETED|0:0|00:30:09
19875382_159|19898691|xcsp-parse-cop-cumulative-165-log-scop-cumexact-taskrd-20260526-2ccb88e9-q10672|COMPLETED|0:0|00:09:34
19875382_159.batch|19898691.batch|batch|COMPLETED|0:0|00:09:34
19875382_159.extern|19898691.extern|extern|COMPLETED|0:0|00:09:34
19875382_160|19898856|xcsp-parse-cop-cumulative-165-log-scop-cumexact-taskrd-20260526-2ccb88e9-q10672|COMPLETED|0:0|00:09:37
19875382_160.batch|19898856.batch|batch|COMPLETED|0:0|00:09:37
19875382_160.extern|19898856.extern|extern|COMPLETED|0:0|00:09:38
19875382_161|19898968|xcsp-parse-cop-cumulative-165-log-scop-cumexact-taskrd-20260526-2ccb88e9-q10672|COMPLETED|0:0|00:19:44
19875382_161.batch|19898968.batch|batch|COMPLETED|0:0|00:19:44
19875382_161.extern|19898968.extern|extern|COMPLETED|0:0|00:19:44
19875382_162|19898969|xcsp-parse-cop-cumulative-165-log-scop-cumexact-taskrd-20260526-2ccb88e9-q10672|COMPLETED|0:0|00:30:04
19875382_162.batch|19898969.batch|batch|COMPLETED|0:0|00:30:04
19875382_162.extern|19898969.extern|extern|COMPLETED|0:0|00:30:04
19875382_163|19899080|xcsp-parse-cop-cumulative-165-log-scop-cumexact-taskrd-20260526-2ccb88e9-q10672|COMPLETED|0:0|00:30:04
19875382_163.batch|19899080.batch|batch|COMPLETED|0:0|00:30:04
19875382_163.extern|19899080.extern|extern|COMPLETED|0:0|00:30:04
19875382_164|19899352|xcsp-parse-cop-cumulative-165-log-scop-cumexact-taskrd-20260526-2ccb88e9-q10672|OUT_OF_MEMORY|0:125|00:24:25
19875382_164.batch|19899352.batch|batch|OUT_OF_MEMORY|0:125|00:24:25
19875382_164.extern|19899352.extern|extern|OUT_OF_MEMORY|0:125|00:24:25
19875382_165|19875382|xcsp-parse-cop-cumulative-165-log-scop-cumexact-taskrd-20260526-2ccb88e9-q10672|COMPLETED|0:0|00:30:04
19875382_165.batch|19875382.batch|batch|COMPLETED|0:0|00:30:04
19875382_165.extern|19875382.extern|extern|COMPLETED|0:0|00:30:04
19875383_1|19899459|xcsp-parse-cop-cumulative-165-log-scop-cumext-boundprop-20260526-2ccb88e9-q10672|COMPLETED|0:0|00:30:05
19875383_1.batch|19899459.batch|batch|COMPLETED|0:0|00:30:05
19875383_1.extern|19899459.extern|extern|COMPLETED|0:0|00:30:05
19875383_2|19899639|xcsp-parse-cop-cumulative-165-log-scop-cumext-boundprop-20260526-2ccb88e9-q10672|COMPLETED|0:0|00:00:04
19875383_2.batch|19899639.batch|batch|COMPLETED|0:0|00:00:04
19875383_2.extern|19899639.extern|extern|COMPLETED|0:0|00:00:04
19875383_3|19899666|xcsp-parse-cop-cumulative-165-log-scop-cumext-boundprop-20260526-2ccb88e9-q10672|COMPLETED|0:0|00:00:05
19875383_3.batch|19899666.batch|batch|COMPLETED|0:0|00:00:05
19875383_3.extern|19899666.extern|extern|COMPLETED|0:0|00:00:05
19875383_4|19899687|xcsp-parse-cop-cumulative-165-log-scop-cumext-boundprop-20260526-2ccb88e9-q10672|COMPLETED|0:0|00:30:04
19875383_4.batch|19899687.batch|batch|COMPLETED|0:0|00:30:04
19875383_4.extern|19899687.extern|extern|COMPLETED|0:0|00:30:04
19875383_5|19899813|xcsp-parse-cop-cumulative-165-log-scop-cumext-boundprop-20260526-2ccb88e9-q10672|COMPLETED|0:0|00:30:03
19875383_5.batch|19899813.batch|batch|COMPLETED|0:0|00:30:03
19875383_5.extern|19899813.extern|extern|COMPLETED|0:0|00:30:03
19875383_6|19900069|xcsp-parse-cop-cumulative-165-log-scop-cumext-boundprop-20260526-2ccb88e9-q10672|COMPLETED|0:0|00:00:03
19875383_6.batch|19900069.batch|batch|COMPLETED|0:0|00:00:03
19875383_6.extern|19900069.extern|extern|COMPLETED|0:0|00:00:03
19875383_7|19900070|xcsp-parse-cop-cumulative-165-log-scop-cumext-boundprop-20260526-2ccb88e9-q10672|COMPLETED|0:0|00:00:09
19875383_7.batch|19900070.batch|batch|COMPLETED|0:0|00:00:09
19875383_7.extern|19900070.extern|extern|COMPLETED|0:0|00:00:09
19875383_8|19900100|xcsp-parse-cop-cumulative-165-log-scop-cumext-boundprop-20260526-2ccb88e9-q10672|COMPLETED|0:0|00:06:20
19875383_8.batch|19900100.batch|batch|COMPLETED|0:0|00:06:20
19875383_8.extern|19900100.extern|extern|COMPLETED|0:0|00:06:20
19875383_9|19900183|xcsp-parse-cop-cumulative-165-log-scop-cumext-boundprop-20260526-2ccb88e9-q10672|COMPLETED|0:0|00:00:11
19875383_9.batch|19900183.batch|batch|COMPLETED|0:0|00:00:11
19875383_9.extern|19900183.extern|extern|COMPLETED|0:0|00:00:11
19875383_10|19900190|xcsp-parse-cop-cumulative-165-log-scop-cumext-boundprop-20260526-2ccb88e9-q10672|COMPLETED|0:0|00:00:19
19875383_10.batch|19900190.batch|batch|COMPLETED|0:0|00:00:19
19875383_10.extern|19900190.extern|extern|COMPLETED|0:0|00:00:19
19875383_11|19900199|xcsp-parse-cop-cumulative-165-log-scop-cumext-boundprop-20260526-2ccb88e9-q10672|COMPLETED|0:0|00:00:06
19875383_11.batch|19900199.batch|batch|COMPLETED|0:0|00:00:06
19875383_11.extern|19900199.extern|extern|COMPLETED|0:0|00:00:06
19875383_12|19900200|xcsp-parse-cop-cumulative-165-log-scop-cumext-boundprop-20260526-2ccb88e9-q10672|COMPLETED|0:0|00:00:14
19875383_12.batch|19900200.batch|batch|COMPLETED|0:0|00:00:14
19875383_12.extern|19900200.extern|extern|COMPLETED|0:0|00:00:14
19875383_13|19900211|xcsp-parse-cop-cumulative-165-log-scop-cumext-boundprop-20260526-2ccb88e9-q10672|COMPLETED|0:0|00:15:54
19875383_13.batch|19900211.batch|batch|COMPLETED|0:0|00:15:54
19875383_13.extern|19900211.extern|extern|COMPLETED|0:0|00:15:54
19875383_14|19900213|xcsp-parse-cop-cumulative-165-log-scop-cumext-boundprop-20260526-2ccb88e9-q10672|COMPLETED|0:0|00:00:16
19875383_14.batch|19900213.batch|batch|COMPLETED|0:0|00:00:16
19875383_14.extern|19900213.extern|extern|COMPLETED|0:0|00:00:18
19875383_15|19900215|xcsp-parse-cop-cumulative-165-log-scop-cumext-boundprop-20260526-2ccb88e9-q10672|COMPLETED|0:0|00:00:06
19875383_15.batch|19900215.batch|batch|COMPLETED|0:0|00:00:06
19875383_15.extern|19900215.extern|extern|COMPLETED|0:0|00:00:06
19875383_16|19900218|xcsp-parse-cop-cumulative-165-log-scop-cumext-boundprop-20260526-2ccb88e9-q10672|COMPLETED|0:0|00:00:11
19875383_16.batch|19900218.batch|batch|COMPLETED|0:0|00:00:11
19875383_16.extern|19900218.extern|extern|COMPLETED|0:0|00:00:11
19875383_17|19900267|xcsp-parse-cop-cumulative-165-log-scop-cumext-boundprop-20260526-2ccb88e9-q10672|COMPLETED|0:0|00:00:09
19875383_17.batch|19900267.batch|batch|COMPLETED|0:0|00:00:09
19875383_17.extern|19900267.extern|extern|COMPLETED|0:0|00:00:09
19875383_18|19900278|xcsp-parse-cop-cumulative-165-log-scop-cumext-boundprop-20260526-2ccb88e9-q10672|COMPLETED|0:0|00:00:17
19875383_18.batch|19900278.batch|batch|COMPLETED|0:0|00:00:17
19875383_18.extern|19900278.extern|extern|COMPLETED|0:0|00:00:17
19875383_19|19900282|xcsp-parse-cop-cumulative-165-log-scop-cumext-boundprop-20260526-2ccb88e9-q10672|COMPLETED|0:0|00:00:06
19875383_19.batch|19900282.batch|batch|COMPLETED|0:0|00:00:06
19875383_19.extern|19900282.extern|extern|COMPLETED|0:0|00:00:06
19875383_20|19900291|xcsp-parse-cop-cumulative-165-log-scop-cumext-boundprop-20260526-2ccb88e9-q10672|COMPLETED|0:0|00:00:42
19875383_20.batch|19900291.batch|batch|COMPLETED|0:0|00:00:42
19875383_20.extern|19900291.extern|extern|COMPLETED|0:0|00:00:42
19875383_21|19900302|xcsp-parse-cop-cumulative-165-log-scop-cumext-boundprop-20260526-2ccb88e9-q10672|COMPLETED|0:0|00:00:12
19875383_21.batch|19900302.batch|batch|COMPLETED|0:0|00:00:12
19875383_21.extern|19900302.extern|extern|COMPLETED|0:0|00:00:12
19875383_22|19900304|xcsp-parse-cop-cumulative-165-log-scop-cumext-boundprop-20260526-2ccb88e9-q10672|COMPLETED|0:0|00:00:04
19875383_22.batch|19900304.batch|batch|COMPLETED|0:0|00:00:04
19875383_22.extern|19900304.extern|extern|COMPLETED|0:0|00:00:04
19875383_23|19900306|xcsp-parse-cop-cumulative-165-log-scop-cumext-boundprop-20260526-2ccb88e9-q10672|COMPLETED|0:0|00:00:04
19875383_23.batch|19900306.batch|batch|COMPLETED|0:0|00:00:04
19875383_23.extern|19900306.extern|extern|COMPLETED|0:0|00:00:04
19875383_24|19900307|xcsp-parse-cop-cumulative-165-log-scop-cumext-boundprop-20260526-2ccb88e9-q10672|COMPLETED|0:0|00:30:03
19875383_24.batch|19900307.batch|batch|COMPLETED|0:0|00:30:03
19875383_24.extern|19900307.extern|extern|COMPLETED|0:0|00:30:03
19875383_25|19900364|xcsp-parse-cop-cumulative-165-log-scop-cumext-boundprop-20260526-2ccb88e9-q10672|COMPLETED|0:0|00:00:05
19875383_25.batch|19900364.batch|batch|COMPLETED|0:0|00:00:05
19875383_25.extern|19900364.extern|extern|COMPLETED|0:0|00:00:05
19875383_26|19900372|xcsp-parse-cop-cumulative-165-log-scop-cumext-boundprop-20260526-2ccb88e9-q10672|COMPLETED|0:0|00:30:03
19875383_26.batch|19900372.batch|batch|COMPLETED|0:0|00:30:03
19875383_26.extern|19900372.extern|extern|COMPLETED|0:0|00:30:03
19875383_27|19900808|xcsp-parse-cop-cumulative-165-log-scop-cumext-boundprop-20260526-2ccb88e9-q10672|COMPLETED|0:0|00:12:10
19875383_27.batch|19900808.batch|batch|COMPLETED|0:0|00:12:10
19875383_27.extern|19900808.extern|extern|COMPLETED|0:0|00:12:10
19875383_28|19901246|xcsp-parse-cop-cumulative-165-log-scop-cumext-boundprop-20260526-2ccb88e9-q10672|COMPLETED|0:0|00:30:04
19875383_28.batch|19901246.batch|batch|COMPLETED|0:0|00:30:04
19875383_28.extern|19901246.extern|extern|COMPLETED|0:0|00:30:04
19875383_29|19901265|xcsp-parse-cop-cumulative-165-log-scop-cumext-boundprop-20260526-2ccb88e9-q10672|COMPLETED|0:0|00:30:04
19875383_29.batch|19901265.batch|batch|COMPLETED|0:0|00:30:04
19875383_29.extern|19901265.extern|extern|COMPLETED|0:0|00:30:04
19875383_30|19901267|xcsp-parse-cop-cumulative-165-log-scop-cumext-boundprop-20260526-2ccb88e9-q10672|COMPLETED|0:0|00:30:03
19875383_30.batch|19901267.batch|batch|COMPLETED|0:0|00:30:03
19875383_30.extern|19901267.extern|extern|COMPLETED|0:0|00:30:03
19875383_31|19901274|xcsp-parse-cop-cumulative-165-log-scop-cumext-boundprop-20260526-2ccb88e9-q10672|COMPLETED|0:0|00:30:04
19875383_31.batch|19901274.batch|batch|COMPLETED|0:0|00:30:04
19875383_31.extern|19901274.extern|extern|COMPLETED|0:0|00:30:05
19875383_32|19901298|xcsp-parse-cop-cumulative-165-log-scop-cumext-boundprop-20260526-2ccb88e9-q10672|COMPLETED|0:0|00:00:26
19875383_32.batch|19901298.batch|batch|COMPLETED|0:0|00:00:26
19875383_32.extern|19901298.extern|extern|COMPLETED|0:0|00:00:26
19875383_33|19901302|xcsp-parse-cop-cumulative-165-log-scop-cumext-boundprop-20260526-2ccb88e9-q10672|COMPLETED|0:0|00:00:12
19875383_33.batch|19901302.batch|batch|COMPLETED|0:0|00:00:12
19875383_33.extern|19901302.extern|extern|COMPLETED|0:0|00:00:12
19875383_34|19901311|xcsp-parse-cop-cumulative-165-log-scop-cumext-boundprop-20260526-2ccb88e9-q10672|COMPLETED|0:0|00:00:24
19875383_34.batch|19901311.batch|batch|COMPLETED|0:0|00:00:24
19875383_34.extern|19901311.extern|extern|COMPLETED|0:0|00:00:24
19875383_35|19901313|xcsp-parse-cop-cumulative-165-log-scop-cumext-boundprop-20260526-2ccb88e9-q10672|COMPLETED|0:0|00:04:53
19875383_35.batch|19901313.batch|batch|COMPLETED|0:0|00:04:53
19875383_35.extern|19901313.extern|extern|COMPLETED|0:0|00:04:53
19875383_36|19901318|xcsp-parse-cop-cumulative-165-log-scop-cumext-boundprop-20260526-2ccb88e9-q10672|COMPLETED|0:0|00:02:20
19875383_36.batch|19901318.batch|batch|COMPLETED|0:0|00:02:20
19875383_36.extern|19901318.extern|extern|COMPLETED|0:0|00:02:20
19875383_37|19901329|xcsp-parse-cop-cumulative-165-log-scop-cumext-boundprop-20260526-2ccb88e9-q10672|COMPLETED|0:0|00:00:12
19875383_37.batch|19901329.batch|batch|COMPLETED|0:0|00:00:12
19875383_37.extern|19901329.extern|extern|COMPLETED|0:0|00:00:12
19875383_38|19901330|xcsp-parse-cop-cumulative-165-log-scop-cumext-boundprop-20260526-2ccb88e9-q10672|COMPLETED|0:0|00:06:05
19875383_38.batch|19901330.batch|batch|COMPLETED|0:0|00:06:05
19875383_38.extern|19901330.extern|extern|COMPLETED|0:0|00:06:05
19875383_39|19901383|xcsp-parse-cop-cumulative-165-log-scop-cumext-boundprop-20260526-2ccb88e9-q10672|COMPLETED|0:0|00:10:31
19875383_39.batch|19901383.batch|batch|COMPLETED|0:0|00:10:31
19875383_39.extern|19901383.extern|extern|COMPLETED|0:0|00:10:31
19875383_40|19901390|xcsp-parse-cop-cumulative-165-log-scop-cumext-boundprop-20260526-2ccb88e9-q10672|COMPLETED|0:0|00:30:06
19875383_40.batch|19901390.batch|batch|COMPLETED|0:0|00:30:06
19875383_40.extern|19901390.extern|extern|COMPLETED|0:0|00:30:06
19875383_41|19901403|xcsp-parse-cop-cumulative-165-log-scop-cumext-boundprop-20260526-2ccb88e9-q10672|COMPLETED|0:0|00:19:42
19875383_41.batch|19901403.batch|batch|COMPLETED|0:0|00:19:42
19875383_41.extern|19901403.extern|extern|COMPLETED|0:0|00:19:42
19875383_42|19901415|xcsp-parse-cop-cumulative-165-log-scop-cumext-boundprop-20260526-2ccb88e9-q10672|COMPLETED|0:0|00:00:09
19875383_42.batch|19901415.batch|batch|COMPLETED|0:0|00:00:09
19875383_42.extern|19901415.extern|extern|COMPLETED|0:0|00:00:09
19875383_43|19901416|xcsp-parse-cop-cumulative-165-log-scop-cumext-boundprop-20260526-2ccb88e9-q10672|COMPLETED|0:0|00:30:04
19875383_43.batch|19901416.batch|batch|COMPLETED|0:0|00:30:04
19875383_43.extern|19901416.extern|extern|COMPLETED|0:0|00:30:04
19875383_44|19901418|xcsp-parse-cop-cumulative-165-log-scop-cumext-boundprop-20260526-2ccb88e9-q10672|COMPLETED|0:0|00:30:03
19875383_44.batch|19901418.batch|batch|COMPLETED|0:0|00:30:03
19875383_44.extern|19901418.extern|extern|COMPLETED|0:0|00:30:03
19875383_45|19901426|xcsp-parse-cop-cumulative-165-log-scop-cumext-boundprop-20260526-2ccb88e9-q10672|COMPLETED|0:0|00:30:03
19875383_45.batch|19901426.batch|batch|COMPLETED|0:0|00:30:03
19875383_45.extern|19901426.extern|extern|COMPLETED|0:0|00:30:03
19875383_46|19901434|xcsp-parse-cop-cumulative-165-log-scop-cumext-boundprop-20260526-2ccb88e9-q10672|COMPLETED|0:0|00:30:04
19875383_46.batch|19901434.batch|batch|COMPLETED|0:0|00:30:04
19875383_46.extern|19901434.extern|extern|COMPLETED|0:0|00:30:04
19875383_47|19901448|xcsp-parse-cop-cumulative-165-log-scop-cumext-boundprop-20260526-2ccb88e9-q10672|COMPLETED|0:0|00:02:44
19875383_47.batch|19901448.batch|batch|COMPLETED|0:0|00:02:44
19875383_47.extern|19901448.extern|extern|COMPLETED|0:0|00:02:44
19875383_48|19901453|xcsp-parse-cop-cumulative-165-log-scop-cumext-boundprop-20260526-2ccb88e9-q10672|COMPLETED|0:0|00:03:20
19875383_48.batch|19901453.batch|batch|COMPLETED|0:0|00:03:20
19875383_48.extern|19901453.extern|extern|COMPLETED|0:0|00:03:20
19875383_49|19901464|xcsp-parse-cop-cumulative-165-log-scop-cumext-boundprop-20260526-2ccb88e9-q10672|COMPLETED|0:0|00:30:05
19875383_49.batch|19901464.batch|batch|COMPLETED|0:0|00:30:05
19875383_49.extern|19901464.extern|extern|COMPLETED|0:0|00:30:05
19875383_50|19901589|xcsp-parse-cop-cumulative-165-log-scop-cumext-boundprop-20260526-2ccb88e9-q10672|COMPLETED|0:0|00:06:36
19875383_50.batch|19901589.batch|batch|COMPLETED|0:0|00:06:36
19875383_50.extern|19901589.extern|extern|COMPLETED|0:0|00:06:36
19875383_51|19901607|xcsp-parse-cop-cumulative-165-log-scop-cumext-boundprop-20260526-2ccb88e9-q10672|COMPLETED|0:0|00:30:06
19875383_51.batch|19901607.batch|batch|COMPLETED|0:0|00:30:06
19875383_51.extern|19901607.extern|extern|COMPLETED|0:0|00:30:06
19875383_52|19901654|xcsp-parse-cop-cumulative-165-log-scop-cumext-boundprop-20260526-2ccb88e9-q10672|COMPLETED|0:0|00:01:40
19875383_52.batch|19901654.batch|batch|COMPLETED|0:0|00:01:40
19875383_52.extern|19901654.extern|extern|COMPLETED|0:0|00:01:40
19875383_53|19901696|xcsp-parse-cop-cumulative-165-log-scop-cumext-boundprop-20260526-2ccb88e9-q10672|COMPLETED|0:0|00:06:22
19875383_53.batch|19901696.batch|batch|COMPLETED|0:0|00:06:22
19875383_53.extern|19901696.extern|extern|COMPLETED|0:0|00:06:22
19875383_54|19901718|xcsp-parse-cop-cumulative-165-log-scop-cumext-boundprop-20260526-2ccb88e9-q10672|COMPLETED|0:0|00:05:53
19875383_54.batch|19901718.batch|batch|COMPLETED|0:0|00:05:53
19875383_54.extern|19901718.extern|extern|COMPLETED|0:0|00:05:53
19875383_55|19901746|xcsp-parse-cop-cumulative-165-log-scop-cumext-boundprop-20260526-2ccb88e9-q10672|COMPLETED|0:0|00:06:17
19875383_55.batch|19901746.batch|batch|COMPLETED|0:0|00:06:17
19875383_55.extern|19901746.extern|extern|COMPLETED|0:0|00:06:17
19875383_56|19901760|xcsp-parse-cop-cumulative-165-log-scop-cumext-boundprop-20260526-2ccb88e9-q10672|COMPLETED|0:0|00:12:54
19875383_56.batch|19901760.batch|batch|COMPLETED|0:0|00:12:54
19875383_56.extern|19901760.extern|extern|COMPLETED|0:0|00:12:54
19875383_57|19901846|xcsp-parse-cop-cumulative-165-log-scop-cumext-boundprop-20260526-2ccb88e9-q10672|COMPLETED|0:0|00:30:05
19875383_57.batch|19901846.batch|batch|COMPLETED|0:0|00:30:05
19875383_57.extern|19901846.extern|extern|COMPLETED|0:0|00:30:05
19875383_58|19901847|xcsp-parse-cop-cumulative-165-log-scop-cumext-boundprop-20260526-2ccb88e9-q10672|COMPLETED|0:0|00:30:04
19875383_58.batch|19901847.batch|batch|COMPLETED|0:0|00:30:04
19875383_58.extern|19901847.extern|extern|COMPLETED|0:0|00:30:04
19875383_59|19901918|xcsp-parse-cop-cumulative-165-log-scop-cumext-boundprop-20260526-2ccb88e9-q10672|COMPLETED|0:0|00:30:04
19875383_59.batch|19901918.batch|batch|COMPLETED|0:0|00:30:04
19875383_59.extern|19901918.extern|extern|COMPLETED|0:0|00:30:04
19875383_60|19901959|xcsp-parse-cop-cumulative-165-log-scop-cumext-boundprop-20260526-2ccb88e9-q10672|COMPLETED|0:0|00:30:03
19875383_60.batch|19901959.batch|batch|COMPLETED|0:0|00:30:03
19875383_60.extern|19901959.extern|extern|COMPLETED|0:0|00:30:03
19875383_61|19902022|xcsp-parse-cop-cumulative-165-log-scop-cumext-boundprop-20260526-2ccb88e9-q10672|COMPLETED|0:0|00:30:05
19875383_61.batch|19902022.batch|batch|COMPLETED|0:0|00:30:05
19875383_61.extern|19902022.extern|extern|COMPLETED|0:0|00:30:05
19875383_62|19902031|xcsp-parse-cop-cumulative-165-log-scop-cumext-boundprop-20260526-2ccb88e9-q10672|COMPLETED|0:0|00:01:00
19875383_62.batch|19902031.batch|batch|COMPLETED|0:0|00:01:00
19875383_62.extern|19902031.extern|extern|COMPLETED|0:0|00:01:00
19875383_63|19902032|xcsp-parse-cop-cumulative-165-log-scop-cumext-boundprop-20260526-2ccb88e9-q10672|COMPLETED|0:0|00:01:35
19875383_63.batch|19902032.batch|batch|COMPLETED|0:0|00:01:35
19875383_63.extern|19902032.extern|extern|COMPLETED|0:0|00:01:35
19875383_64|19902065|xcsp-parse-cop-cumulative-165-log-scop-cumext-boundprop-20260526-2ccb88e9-q10672|COMPLETED|0:0|00:30:03
19875383_64.batch|19902065.batch|batch|COMPLETED|0:0|00:30:03
19875383_64.extern|19902065.extern|extern|COMPLETED|0:0|00:30:03
19875383_65|19902075|xcsp-parse-cop-cumulative-165-log-scop-cumext-boundprop-20260526-2ccb88e9-q10672|COMPLETED|0:0|00:30:04
19875383_65.batch|19902075.batch|batch|COMPLETED|0:0|00:30:04
19875383_65.extern|19902075.extern|extern|COMPLETED|0:0|00:30:04
19875383_66|19902076|xcsp-parse-cop-cumulative-165-log-scop-cumext-boundprop-20260526-2ccb88e9-q10672|COMPLETED|0:0|00:00:06
19875383_66.batch|19902076.batch|batch|COMPLETED|0:0|00:00:06
19875383_66.extern|19902076.extern|extern|COMPLETED|0:0|00:00:06
19875383_67|19902081|xcsp-parse-cop-cumulative-165-log-scop-cumext-boundprop-20260526-2ccb88e9-q10672|COMPLETED|0:0|00:30:03
19875383_67.batch|19902081.batch|batch|COMPLETED|0:0|00:30:03
19875383_67.extern|19902081.extern|extern|COMPLETED|0:0|00:30:03
19875383_68|19902093|xcsp-parse-cop-cumulative-165-log-scop-cumext-boundprop-20260526-2ccb88e9-q10672|COMPLETED|0:0|00:30:03
19875383_68.batch|19902093.batch|batch|COMPLETED|0:0|00:30:03
19875383_68.extern|19902093.extern|extern|COMPLETED|0:0|00:30:03
19875383_69|19902226|xcsp-parse-cop-cumulative-165-log-scop-cumext-boundprop-20260526-2ccb88e9-q10672|COMPLETED|0:0|00:30:04
19875383_69.batch|19902226.batch|batch|COMPLETED|0:0|00:30:04
19875383_69.extern|19902226.extern|extern|COMPLETED|0:0|00:30:04
19875383_70|19902254|xcsp-parse-cop-cumulative-165-log-scop-cumext-boundprop-20260526-2ccb88e9-q10672|COMPLETED|0:0|00:00:05
19875383_70.batch|19902254.batch|batch|COMPLETED|0:0|00:00:05
19875383_70.extern|19902254.extern|extern|COMPLETED|0:0|00:00:05
19875383_71|19902255|xcsp-parse-cop-cumulative-165-log-scop-cumext-boundprop-20260526-2ccb88e9-q10672|COMPLETED|0:0|00:30:05
19875383_71.batch|19902255.batch|batch|COMPLETED|0:0|00:30:05
19875383_71.extern|19902255.extern|extern|COMPLETED|0:0|00:30:05
19875383_72|19902256|xcsp-parse-cop-cumulative-165-log-scop-cumext-boundprop-20260526-2ccb88e9-q10672|COMPLETED|0:0|00:30:05
19875383_72.batch|19902256.batch|batch|COMPLETED|0:0|00:30:05
19875383_72.extern|19902256.extern|extern|COMPLETED|0:0|00:30:05
19875383_73|19902268|xcsp-parse-cop-cumulative-165-log-scop-cumext-boundprop-20260526-2ccb88e9-q10672|COMPLETED|0:0|00:30:04
19875383_73.batch|19902268.batch|batch|COMPLETED|0:0|00:30:04
19875383_73.extern|19902268.extern|extern|COMPLETED|0:0|00:30:04
19875383_74|19902276|xcsp-parse-cop-cumulative-165-log-scop-cumext-boundprop-20260526-2ccb88e9-q10672|COMPLETED|0:0|00:30:04
19875383_74.batch|19902276.batch|batch|COMPLETED|0:0|00:30:04
19875383_74.extern|19902276.extern|extern|COMPLETED|0:0|00:30:04
19875383_75|19902310|xcsp-parse-cop-cumulative-165-log-scop-cumext-boundprop-20260526-2ccb88e9-q10672|COMPLETED|0:0|00:30:04
19875383_75.batch|19902310.batch|batch|COMPLETED|0:0|00:30:04
19875383_75.extern|19902310.extern|extern|COMPLETED|0:0|00:30:04
19875383_76|19902346|xcsp-parse-cop-cumulative-165-log-scop-cumext-boundprop-20260526-2ccb88e9-q10672|COMPLETED|0:0|00:30:04
19875383_76.batch|19902346.batch|batch|COMPLETED|0:0|00:30:04
19875383_76.extern|19902346.extern|extern|COMPLETED|0:0|00:30:04
19875383_77|19902523|xcsp-parse-cop-cumulative-165-log-scop-cumext-boundprop-20260526-2ccb88e9-q10672|COMPLETED|0:0|00:30:03
19875383_77.batch|19902523.batch|batch|COMPLETED|0:0|00:30:03
19875383_77.extern|19902523.extern|extern|COMPLETED|0:0|00:30:03
19875383_78|19902530|xcsp-parse-cop-cumulative-165-log-scop-cumext-boundprop-20260526-2ccb88e9-q10672|COMPLETED|0:0|00:30:04
19875383_78.batch|19902530.batch|batch|COMPLETED|0:0|00:30:04
19875383_78.extern|19902530.extern|extern|COMPLETED|0:0|00:30:04
19875383_79|19902540|xcsp-parse-cop-cumulative-165-log-scop-cumext-boundprop-20260526-2ccb88e9-q10672|COMPLETED|0:0|00:30:04
19875383_79.batch|19902540.batch|batch|COMPLETED|0:0|00:30:04
19875383_79.extern|19902540.extern|extern|COMPLETED|0:0|00:30:04
19875383_80|19902559|xcsp-parse-cop-cumulative-165-log-scop-cumext-boundprop-20260526-2ccb88e9-q10672|COMPLETED|0:0|00:00:11
19875383_80.batch|19902559.batch|batch|COMPLETED|0:0|00:00:11
19875383_80.extern|19902559.extern|extern|COMPLETED|0:0|00:00:11
19875383_81|19902566|xcsp-parse-cop-cumulative-165-log-scop-cumext-boundprop-20260526-2ccb88e9-q10672|COMPLETED|0:0|00:30:03
19875383_81.batch|19902566.batch|batch|COMPLETED|0:0|00:30:03
19875383_81.extern|19902566.extern|extern|COMPLETED|0:0|00:30:03
19875383_82|19902612|xcsp-parse-cop-cumulative-165-log-scop-cumext-boundprop-20260526-2ccb88e9-q10672|COMPLETED|0:0|00:30:04
19875383_82.batch|19902612.batch|batch|COMPLETED|0:0|00:30:04
19875383_82.extern|19902612.extern|extern|COMPLETED|0:0|00:30:04
19875383_83|19902623|xcsp-parse-cop-cumulative-165-log-scop-cumext-boundprop-20260526-2ccb88e9-q10672|COMPLETED|0:0|00:30:05
19875383_83.batch|19902623.batch|batch|COMPLETED|0:0|00:30:05
19875383_83.extern|19902623.extern|extern|COMPLETED|0:0|00:30:05
19875383_84|19902629|xcsp-parse-cop-cumulative-165-log-scop-cumext-boundprop-20260526-2ccb88e9-q10672|COMPLETED|0:0|00:30:03
19875383_84.batch|19902629.batch|batch|COMPLETED|0:0|00:30:03
19875383_84.extern|19902629.extern|extern|COMPLETED|0:0|00:30:03
19875383_85|19902631|xcsp-parse-cop-cumulative-165-log-scop-cumext-boundprop-20260526-2ccb88e9-q10672|COMPLETED|0:0|00:30:04
19875383_85.batch|19902631.batch|batch|COMPLETED|0:0|00:30:04
19875383_85.extern|19902631.extern|extern|COMPLETED|0:0|00:30:04
19875383_86|19902639|xcsp-parse-cop-cumulative-165-log-scop-cumext-boundprop-20260526-2ccb88e9-q10672|COMPLETED|0:0|00:30:05
19875383_86.batch|19902639.batch|batch|COMPLETED|0:0|00:30:05
19875383_86.extern|19902639.extern|extern|COMPLETED|0:0|00:30:05
19875383_87|19902675|xcsp-parse-cop-cumulative-165-log-scop-cumext-boundprop-20260526-2ccb88e9-q10672|COMPLETED|0:0|00:30:06
19875383_87.batch|19902675.batch|batch|COMPLETED|0:0|00:30:06
19875383_87.extern|19902675.extern|extern|COMPLETED|0:0|00:30:06
19875383_88|19902703|xcsp-parse-cop-cumulative-165-log-scop-cumext-boundprop-20260526-2ccb88e9-q10672|COMPLETED|0:0|00:30:05
19875383_88.batch|19902703.batch|batch|COMPLETED|0:0|00:30:05
19875383_88.extern|19902703.extern|extern|COMPLETED|0:0|00:30:05
19875383_89|19902704|xcsp-parse-cop-cumulative-165-log-scop-cumext-boundprop-20260526-2ccb88e9-q10672|COMPLETED|0:0|00:30:05
19875383_89.batch|19902704.batch|batch|COMPLETED|0:0|00:30:05
19875383_89.extern|19902704.extern|extern|COMPLETED|0:0|00:30:05
19875383_90|19902719|xcsp-parse-cop-cumulative-165-log-scop-cumext-boundprop-20260526-2ccb88e9-q10672|COMPLETED|0:0|00:30:04
19875383_90.batch|19902719.batch|batch|COMPLETED|0:0|00:30:04
19875383_90.extern|19902719.extern|extern|COMPLETED|0:0|00:30:04
19875383_91|19902728|xcsp-parse-cop-cumulative-165-log-scop-cumext-boundprop-20260526-2ccb88e9-q10672|COMPLETED|0:0|00:30:04
19875383_91.batch|19902728.batch|batch|COMPLETED|0:0|00:30:04
19875383_91.extern|19902728.extern|extern|COMPLETED|0:0|00:30:04
19875383_92|19902750|xcsp-parse-cop-cumulative-165-log-scop-cumext-boundprop-20260526-2ccb88e9-q10672|COMPLETED|0:0|00:30:04
19875383_92.batch|19902750.batch|batch|COMPLETED|0:0|00:30:04
19875383_92.extern|19902750.extern|extern|COMPLETED|0:0|00:30:04
19875383_93|19902841|xcsp-parse-cop-cumulative-165-log-scop-cumext-boundprop-20260526-2ccb88e9-q10672|COMPLETED|0:0|00:30:04
19875383_93.batch|19902841.batch|batch|COMPLETED|0:0|00:30:04
19875383_93.extern|19902841.extern|extern|COMPLETED|0:0|00:30:04
19875383_94|19903079|xcsp-parse-cop-cumulative-165-log-scop-cumext-boundprop-20260526-2ccb88e9-q10672|COMPLETED|0:0|00:00:08
19875383_94.batch|19903079.batch|batch|COMPLETED|0:0|00:00:08
19875383_94.extern|19903079.extern|extern|COMPLETED|0:0|00:00:08
19875383_95|19903080|xcsp-parse-cop-cumulative-165-log-scop-cumext-boundprop-20260526-2ccb88e9-q10672|COMPLETED|0:0|00:30:05
19875383_95.batch|19903080.batch|batch|COMPLETED|0:0|00:30:05
19875383_95.extern|19903080.extern|extern|COMPLETED|0:0|00:30:05
19875383_96|19903081|xcsp-parse-cop-cumulative-165-log-scop-cumext-boundprop-20260526-2ccb88e9-q10672|COMPLETED|0:0|00:30:05
19875383_96.batch|19903081.batch|batch|COMPLETED|0:0|00:30:05
19875383_96.extern|19903081.extern|extern|COMPLETED|0:0|00:30:05
19875383_97|19903106|xcsp-parse-cop-cumulative-165-log-scop-cumext-boundprop-20260526-2ccb88e9-q10672|COMPLETED|0:0|00:30:03
19875383_97.batch|19903106.batch|batch|COMPLETED|0:0|00:30:03
19875383_97.extern|19903106.extern|extern|COMPLETED|0:0|00:30:03
19875383_98|19903124|xcsp-parse-cop-cumulative-165-log-scop-cumext-boundprop-20260526-2ccb88e9-q10672|COMPLETED|0:0|00:30:04
19875383_98.batch|19903124.batch|batch|COMPLETED|0:0|00:30:04
19875383_98.extern|19903124.extern|extern|COMPLETED|0:0|00:30:04
19875383_99|19903157|xcsp-parse-cop-cumulative-165-log-scop-cumext-boundprop-20260526-2ccb88e9-q10672|COMPLETED|0:0|00:30:05
19875383_99.batch|19903157.batch|batch|COMPLETED|0:0|00:30:05
19875383_99.extern|19903157.extern|extern|COMPLETED|0:0|00:30:05
19875383_100|19903247|xcsp-parse-cop-cumulative-165-log-scop-cumext-boundprop-20260526-2ccb88e9-q10672|COMPLETED|0:0|00:30:05
19875383_100.batch|19903247.batch|batch|COMPLETED|0:0|00:30:05
19875383_100.extern|19903247.extern|extern|COMPLETED|0:0|00:30:05
19875383_101|19903255|xcsp-parse-cop-cumulative-165-log-scop-cumext-boundprop-20260526-2ccb88e9-q10672|COMPLETED|0:0|00:30:05
19875383_101.batch|19903255.batch|batch|COMPLETED|0:0|00:30:05
19875383_101.extern|19903255.extern|extern|COMPLETED|0:0|00:30:05
19875383_102|19903257|xcsp-parse-cop-cumulative-165-log-scop-cumext-boundprop-20260526-2ccb88e9-q10672|COMPLETED|0:0|00:30:04
19875383_102.batch|19903257.batch|batch|COMPLETED|0:0|00:30:04
19875383_102.extern|19903257.extern|extern|COMPLETED|0:0|00:30:04
19875383_103|19903264|xcsp-parse-cop-cumulative-165-log-scop-cumext-boundprop-20260526-2ccb88e9-q10672|COMPLETED|0:0|00:30:04
19875383_103.batch|19903264.batch|batch|COMPLETED|0:0|00:30:04
19875383_103.extern|19903264.extern|extern|COMPLETED|0:0|00:30:04
19875383_104|19903316|xcsp-parse-cop-cumulative-165-log-scop-cumext-boundprop-20260526-2ccb88e9-q10672|COMPLETED|0:0|00:00:06
19875383_104.batch|19903316.batch|batch|COMPLETED|0:0|00:00:06
19875383_104.extern|19903316.extern|extern|COMPLETED|0:0|00:00:06
19875383_105|19903344|xcsp-parse-cop-cumulative-165-log-scop-cumext-boundprop-20260526-2ccb88e9-q10672|COMPLETED|0:0|00:30:04
19875383_105.batch|19903344.batch|batch|COMPLETED|0:0|00:30:04
19875383_105.extern|19903344.extern|extern|COMPLETED|0:0|00:30:04
19875383_106|19903411|xcsp-parse-cop-cumulative-165-log-scop-cumext-boundprop-20260526-2ccb88e9-q10672|COMPLETED|0:0|00:30:04
19875383_106.batch|19903411.batch|batch|COMPLETED|0:0|00:30:04
19875383_106.extern|19903411.extern|extern|COMPLETED|0:0|00:30:04
19875383_107|19903412|xcsp-parse-cop-cumulative-165-log-scop-cumext-boundprop-20260526-2ccb88e9-q10672|COMPLETED|0:0|00:30:04
19875383_107.batch|19903412.batch|batch|COMPLETED|0:0|00:30:04
19875383_107.extern|19903412.extern|extern|COMPLETED|0:0|00:30:04
19875383_108|19903426|xcsp-parse-cop-cumulative-165-log-scop-cumext-boundprop-20260526-2ccb88e9-q10672|COMPLETED|0:0|00:00:05
19875383_108.batch|19903426.batch|batch|COMPLETED|0:0|00:00:05
19875383_108.extern|19903426.extern|extern|COMPLETED|0:0|00:00:05
19875383_109|19903430|xcsp-parse-cop-cumulative-165-log-scop-cumext-boundprop-20260526-2ccb88e9-q10672|COMPLETED|0:0|00:30:04
19875383_109.batch|19903430.batch|batch|COMPLETED|0:0|00:30:04
19875383_109.extern|19903430.extern|extern|COMPLETED|0:0|00:30:04
19875383_110|19903433|xcsp-parse-cop-cumulative-165-log-scop-cumext-boundprop-20260526-2ccb88e9-q10672|COMPLETED|0:0|00:30:04
19875383_110.batch|19903433.batch|batch|COMPLETED|0:0|00:30:04
19875383_110.extern|19903433.extern|extern|COMPLETED|0:0|00:30:04
19875383_111|19903482|xcsp-parse-cop-cumulative-165-log-scop-cumext-boundprop-20260526-2ccb88e9-q10672|COMPLETED|0:0|00:30:05
19875383_111.batch|19903482.batch|batch|COMPLETED|0:0|00:30:05
19875383_111.extern|19903482.extern|extern|COMPLETED|0:0|00:30:05
19875383_112|19903639|xcsp-parse-cop-cumulative-165-log-scop-cumext-boundprop-20260526-2ccb88e9-q10672|COMPLETED|0:0|00:30:03
19875383_112.batch|19903639.batch|batch|COMPLETED|0:0|00:30:03
19875383_112.extern|19903639.extern|extern|COMPLETED|0:0|00:30:03
19875383_113|19903945|xcsp-parse-cop-cumulative-165-log-scop-cumext-boundprop-20260526-2ccb88e9-q10672|COMPLETED|0:0|00:30:03
19875383_113.batch|19903945.batch|batch|COMPLETED|0:0|00:30:03
19875383_113.extern|19903945.extern|extern|COMPLETED|0:0|00:30:03
19875383_114|19903947|xcsp-parse-cop-cumulative-165-log-scop-cumext-boundprop-20260526-2ccb88e9-q10672|COMPLETED|0:0|00:00:22
19875383_114.batch|19903947.batch|batch|COMPLETED|0:0|00:00:22
19875383_114.extern|19903947.extern|extern|COMPLETED|0:0|00:00:22
19875383_115|19903949|xcsp-parse-cop-cumulative-165-log-scop-cumext-boundprop-20260526-2ccb88e9-q10672|COMPLETED|0:0|00:30:03
19875383_115.batch|19903949.batch|batch|COMPLETED|0:0|00:30:03
19875383_115.extern|19903949.extern|extern|COMPLETED|0:0|00:30:03
19875383_116|19903953|xcsp-parse-cop-cumulative-165-log-scop-cumext-boundprop-20260526-2ccb88e9-q10672|COMPLETED|0:0|00:02:25
19875383_116.batch|19903953.batch|batch|COMPLETED|0:0|00:02:25
19875383_116.extern|19903953.extern|extern|COMPLETED|0:0|00:02:25
19875383_117|19903958|xcsp-parse-cop-cumulative-165-log-scop-cumext-boundprop-20260526-2ccb88e9-q10672|COMPLETED|0:0|00:30:04
19875383_117.batch|19903958.batch|batch|COMPLETED|0:0|00:30:04
19875383_117.extern|19903958.extern|extern|COMPLETED|0:0|00:30:04
19875383_118|19903961|xcsp-parse-cop-cumulative-165-log-scop-cumext-boundprop-20260526-2ccb88e9-q10672|COMPLETED|0:0|00:30:04
19875383_118.batch|19903961.batch|batch|COMPLETED|0:0|00:30:04
19875383_118.extern|19903961.extern|extern|COMPLETED|0:0|00:30:04
19875383_119|19904031|xcsp-parse-cop-cumulative-165-log-scop-cumext-boundprop-20260526-2ccb88e9-q10672|COMPLETED|0:0|00:30:05
19875383_119.batch|19904031.batch|batch|COMPLETED|0:0|00:30:05
19875383_119.extern|19904031.extern|extern|COMPLETED|0:0|00:30:05
19875383_120|19904092|xcsp-parse-cop-cumulative-165-log-scop-cumext-boundprop-20260526-2ccb88e9-q10672|COMPLETED|0:0|00:30:04
19875383_120.batch|19904092.batch|batch|COMPLETED|0:0|00:30:04
19875383_120.extern|19904092.extern|extern|COMPLETED|0:0|00:30:04
19875383_121|19904095|xcsp-parse-cop-cumulative-165-log-scop-cumext-boundprop-20260526-2ccb88e9-q10672|COMPLETED|0:0|00:30:04
19875383_121.batch|19904095.batch|batch|COMPLETED|0:0|00:30:04
19875383_121.extern|19904095.extern|extern|COMPLETED|0:0|00:30:04
19875383_122|19904100|xcsp-parse-cop-cumulative-165-log-scop-cumext-boundprop-20260526-2ccb88e9-q10672|COMPLETED|0:0|00:30:05
19875383_122.batch|19904100.batch|batch|COMPLETED|0:0|00:30:05
19875383_122.extern|19904100.extern|extern|COMPLETED|0:0|00:30:05
19875383_123|19904102|xcsp-parse-cop-cumulative-165-log-scop-cumext-boundprop-20260526-2ccb88e9-q10672|COMPLETED|0:0|00:15:08
19875383_123.batch|19904102.batch|batch|COMPLETED|0:0|00:15:08
19875383_123.extern|19904102.extern|extern|COMPLETED|0:0|00:15:08
19875383_124|19904137|xcsp-parse-cop-cumulative-165-log-scop-cumext-boundprop-20260526-2ccb88e9-q10672|COMPLETED|0:0|00:00:12
19875383_124.batch|19904137.batch|batch|COMPLETED|0:0|00:00:12
19875383_124.extern|19904137.extern|extern|COMPLETED|0:0|00:00:12
19875383_125|19904138|xcsp-parse-cop-cumulative-165-log-scop-cumext-boundprop-20260526-2ccb88e9-q10672|COMPLETED|0:0|00:30:03
19875383_125.batch|19904138.batch|batch|COMPLETED|0:0|00:30:03
19875383_125.extern|19904138.extern|extern|COMPLETED|0:0|00:30:03
19875383_126|19904187|xcsp-parse-cop-cumulative-165-log-scop-cumext-boundprop-20260526-2ccb88e9-q10672|COMPLETED|0:0|00:00:26
19875383_126.batch|19904187.batch|batch|COMPLETED|0:0|00:00:26
19875383_126.extern|19904187.extern|extern|COMPLETED|0:0|00:00:26
19875383_127|19904188|xcsp-parse-cop-cumulative-165-log-scop-cumext-boundprop-20260526-2ccb88e9-q10672|COMPLETED|0:0|00:00:30
19875383_127.batch|19904188.batch|batch|COMPLETED|0:0|00:00:30
19875383_127.extern|19904188.extern|extern|COMPLETED|0:0|00:00:30
19875383_128|19904211|xcsp-parse-cop-cumulative-165-log-scop-cumext-boundprop-20260526-2ccb88e9-q10672|COMPLETED|0:0|00:00:38
19875383_128.batch|19904211.batch|batch|COMPLETED|0:0|00:00:38
19875383_128.extern|19904211.extern|extern|COMPLETED|0:0|00:00:38
19875383_129|19904212|xcsp-parse-cop-cumulative-165-log-scop-cumext-boundprop-20260526-2ccb88e9-q10672|COMPLETED|0:0|00:30:03
19875383_129.batch|19904212.batch|batch|COMPLETED|0:0|00:30:03
19875383_129.extern|19904212.extern|extern|COMPLETED|0:0|00:30:03
19875383_130|19904225|xcsp-parse-cop-cumulative-165-log-scop-cumext-boundprop-20260526-2ccb88e9-q10672|COMPLETED|0:0|00:30:03
19875383_130.batch|19904225.batch|batch|COMPLETED|0:0|00:30:03
19875383_130.extern|19904225.extern|extern|COMPLETED|0:0|00:30:03
19875383_131|19904248|xcsp-parse-cop-cumulative-165-log-scop-cumext-boundprop-20260526-2ccb88e9-q10672|COMPLETED|0:0|00:30:04
19875383_131.batch|19904248.batch|batch|COMPLETED|0:0|00:30:04
19875383_131.extern|19904248.extern|extern|COMPLETED|0:0|00:30:04
19875383_132|19904264|xcsp-parse-cop-cumulative-165-log-scop-cumext-boundprop-20260526-2ccb88e9-q10672|COMPLETED|0:0|00:00:51
19875383_132.batch|19904264.batch|batch|COMPLETED|0:0|00:00:51
19875383_132.extern|19904264.extern|extern|COMPLETED|0:0|00:00:51
19875383_133|19904287|xcsp-parse-cop-cumulative-165-log-scop-cumext-boundprop-20260526-2ccb88e9-q10672|COMPLETED|0:0|00:00:44
19875383_133.batch|19904287.batch|batch|COMPLETED|0:0|00:00:44
19875383_133.extern|19904287.extern|extern|COMPLETED|0:0|00:00:44
19875383_134|19904338|xcsp-parse-cop-cumulative-165-log-scop-cumext-boundprop-20260526-2ccb88e9-q10672|COMPLETED|0:0|00:30:04
19875383_134.batch|19904338.batch|batch|COMPLETED|0:0|00:30:04
19875383_134.extern|19904338.extern|extern|COMPLETED|0:0|00:30:04
19875383_135|19904340|xcsp-parse-cop-cumulative-165-log-scop-cumext-boundprop-20260526-2ccb88e9-q10672|COMPLETED|0:0|00:30:03
19875383_135.batch|19904340.batch|batch|COMPLETED|0:0|00:30:03
19875383_135.extern|19904340.extern|extern|COMPLETED|0:0|00:30:03
19875383_136|19904413|xcsp-parse-cop-cumulative-165-log-scop-cumext-boundprop-20260526-2ccb88e9-q10672|COMPLETED|0:0|00:01:10
19875383_136.batch|19904413.batch|batch|COMPLETED|0:0|00:01:10
19875383_136.extern|19904413.extern|extern|COMPLETED|0:0|00:01:10
19875383_137|19904437|xcsp-parse-cop-cumulative-165-log-scop-cumext-boundprop-20260526-2ccb88e9-q10672|COMPLETED|0:0|00:30:04
19875383_137.batch|19904437.batch|batch|COMPLETED|0:0|00:30:04
19875383_137.extern|19904437.extern|extern|COMPLETED|0:0|00:30:04
19875383_138|19904540|xcsp-parse-cop-cumulative-165-log-scop-cumext-boundprop-20260526-2ccb88e9-q10672|COMPLETED|0:0|00:30:04
19875383_138.batch|19904540.batch|batch|COMPLETED|0:0|00:30:04
19875383_138.extern|19904540.extern|extern|COMPLETED|0:0|00:30:04
19875383_139|19904726|xcsp-parse-cop-cumulative-165-log-scop-cumext-boundprop-20260526-2ccb88e9-q10672|COMPLETED|0:0|00:30:05
19875383_139.batch|19904726.batch|batch|COMPLETED|0:0|00:30:05
19875383_139.extern|19904726.extern|extern|COMPLETED|0:0|00:30:05
19875383_140|19904734|xcsp-parse-cop-cumulative-165-log-scop-cumext-boundprop-20260526-2ccb88e9-q10672|COMPLETED|0:0|00:30:11
19875383_140.batch|19904734.batch|batch|COMPLETED|0:0|00:30:11
19875383_140.extern|19904734.extern|extern|COMPLETED|0:0|00:30:12
19875383_141|19904779|xcsp-parse-cop-cumulative-165-log-scop-cumext-boundprop-20260526-2ccb88e9-q10672|COMPLETED|0:0|00:30:03
19875383_141.batch|19904779.batch|batch|COMPLETED|0:0|00:30:03
19875383_141.extern|19904779.extern|extern|COMPLETED|0:0|00:30:03
19875383_142|19904915|xcsp-parse-cop-cumulative-165-log-scop-cumext-boundprop-20260526-2ccb88e9-q10672|COMPLETED|0:0|00:30:05
19875383_142.batch|19904915.batch|batch|COMPLETED|0:0|00:30:05
19875383_142.extern|19904915.extern|extern|COMPLETED|0:0|00:30:05
19875383_143|19905021|xcsp-parse-cop-cumulative-165-log-scop-cumext-boundprop-20260526-2ccb88e9-q10672|COMPLETED|0:0|00:30:03
19875383_143.batch|19905021.batch|batch|COMPLETED|0:0|00:30:03
19875383_143.extern|19905021.extern|extern|COMPLETED|0:0|00:30:03
19875383_144|19905060|xcsp-parse-cop-cumulative-165-log-scop-cumext-boundprop-20260526-2ccb88e9-q10672|COMPLETED|0:0|00:30:04
19875383_144.batch|19905060.batch|batch|COMPLETED|0:0|00:30:04
19875383_144.extern|19905060.extern|extern|COMPLETED|0:0|00:30:04
19875383_145|19905064|xcsp-parse-cop-cumulative-165-log-scop-cumext-boundprop-20260526-2ccb88e9-q10672|COMPLETED|0:0|00:30:04
19875383_145.batch|19905064.batch|batch|COMPLETED|0:0|00:30:04
19875383_145.extern|19905064.extern|extern|COMPLETED|0:0|00:30:04
19875383_146|19905070|xcsp-parse-cop-cumulative-165-log-scop-cumext-boundprop-20260526-2ccb88e9-q10672|COMPLETED|0:0|00:30:07
19875383_146.batch|19905070.batch|batch|COMPLETED|0:0|00:30:07
19875383_146.extern|19905070.extern|extern|COMPLETED|0:0|00:30:07
19875383_147|19905118|xcsp-parse-cop-cumulative-165-log-scop-cumext-boundprop-20260526-2ccb88e9-q10672|COMPLETED|0:0|00:30:09
19875383_147.batch|19905118.batch|batch|COMPLETED|0:0|00:30:09
19875383_147.extern|19905118.extern|extern|COMPLETED|0:0|00:30:09
19875383_148|19905183|xcsp-parse-cop-cumulative-165-log-scop-cumext-boundprop-20260526-2ccb88e9-q10672|COMPLETED|0:0|00:30:07
19875383_148.batch|19905183.batch|batch|COMPLETED|0:0|00:30:07
19875383_148.extern|19905183.extern|extern|COMPLETED|0:0|00:30:07
19875383_149|19905187|xcsp-parse-cop-cumulative-165-log-scop-cumext-boundprop-20260526-2ccb88e9-q10672|COMPLETED|0:0|00:14:40
19875383_149.batch|19905187.batch|batch|COMPLETED|0:0|00:14:40
19875383_149.extern|19905187.extern|extern|COMPLETED|0:0|00:14:42
19875383_150|19905193|xcsp-parse-cop-cumulative-165-log-scop-cumext-boundprop-20260526-2ccb88e9-q10672|COMPLETED|0:0|00:07:35
19875383_150.batch|19905193.batch|batch|COMPLETED|0:0|00:07:35
19875383_150.extern|19905193.extern|extern|COMPLETED|0:0|00:07:35
19875383_151|19905215|xcsp-parse-cop-cumulative-165-log-scop-cumext-boundprop-20260526-2ccb88e9-q10672|COMPLETED|0:0|00:30:04
19875383_151.batch|19905215.batch|batch|COMPLETED|0:0|00:30:04
19875383_151.extern|19905215.extern|extern|COMPLETED|0:0|00:30:04
19875383_152|19905218|xcsp-parse-cop-cumulative-165-log-scop-cumext-boundprop-20260526-2ccb88e9-q10672|COMPLETED|0:0|00:30:04
19875383_152.batch|19905218.batch|batch|COMPLETED|0:0|00:30:04
19875383_152.extern|19905218.extern|extern|COMPLETED|0:0|00:30:04
19875383_153|19905392|xcsp-parse-cop-cumulative-165-log-scop-cumext-boundprop-20260526-2ccb88e9-q10672|COMPLETED|0:0|00:30:05
19875383_153.batch|19905392.batch|batch|COMPLETED|0:0|00:30:05
19875383_153.extern|19905392.extern|extern|COMPLETED|0:0|00:30:05
19875383_154|19905483|xcsp-parse-cop-cumulative-165-log-scop-cumext-boundprop-20260526-2ccb88e9-q10672|COMPLETED|0:0|00:05:26
19875383_154.batch|19905483.batch|batch|COMPLETED|0:0|00:05:26
19875383_154.extern|19905483.extern|extern|COMPLETED|0:0|00:05:26
19875383_155|19905523|xcsp-parse-cop-cumulative-165-log-scop-cumext-boundprop-20260526-2ccb88e9-q10672|COMPLETED|0:0|00:30:03
19875383_155.batch|19905523.batch|batch|COMPLETED|0:0|00:30:03
19875383_155.extern|19905523.extern|extern|COMPLETED|0:0|00:30:03
19875383_156|19905775|xcsp-parse-cop-cumulative-165-log-scop-cumext-boundprop-20260526-2ccb88e9-q10672|COMPLETED|0:0|00:30:06
19875383_156.batch|19905775.batch|batch|COMPLETED|0:0|00:30:06
19875383_156.extern|19905775.extern|extern|COMPLETED|0:0|00:30:06
19875383_157|19905834|xcsp-parse-cop-cumulative-165-log-scop-cumext-boundprop-20260526-2ccb88e9-q10672|COMPLETED|0:0|00:30:06
19875383_157.batch|19905834.batch|batch|COMPLETED|0:0|00:30:06
19875383_157.extern|19905834.extern|extern|COMPLETED|0:0|00:30:06
19875383_158|19905861|xcsp-parse-cop-cumulative-165-log-scop-cumext-boundprop-20260526-2ccb88e9-q10672|COMPLETED|0:0|00:30:05
19875383_158.batch|19905861.batch|batch|COMPLETED|0:0|00:30:05
19875383_158.extern|19905861.extern|extern|COMPLETED|0:0|00:30:05
19875383_159|19905958|xcsp-parse-cop-cumulative-165-log-scop-cumext-boundprop-20260526-2ccb88e9-q10672|COMPLETED|0:0|00:00:22
19875383_159.batch|19905958.batch|batch|COMPLETED|0:0|00:00:22
19875383_159.extern|19905958.extern|extern|COMPLETED|0:0|00:00:22
19875383_160|19906009|xcsp-parse-cop-cumulative-165-log-scop-cumext-boundprop-20260526-2ccb88e9-q10672|COMPLETED|0:0|00:01:28
19875383_160.batch|19906009.batch|batch|COMPLETED|0:0|00:01:28
19875383_160.extern|19906009.extern|extern|COMPLETED|0:0|00:01:28
19875383_161|19906074|xcsp-parse-cop-cumulative-165-log-scop-cumext-boundprop-20260526-2ccb88e9-q10672|COMPLETED|0:0|00:01:00
19875383_161.batch|19906074.batch|batch|COMPLETED|0:0|00:01:00
19875383_161.extern|19906074.extern|extern|COMPLETED|0:0|00:01:00
19875383_162|19906077|xcsp-parse-cop-cumulative-165-log-scop-cumext-boundprop-20260526-2ccb88e9-q10672|COMPLETED|0:0|00:04:36
19875383_162.batch|19906077.batch|batch|COMPLETED|0:0|00:04:36
19875383_162.extern|19906077.extern|extern|COMPLETED|0:0|00:04:36
19875383_163|19906093|xcsp-parse-cop-cumulative-165-log-scop-cumext-boundprop-20260526-2ccb88e9-q10672|COMPLETED|0:0|00:01:49
19875383_163.batch|19906093.batch|batch|COMPLETED|0:0|00:01:49
19875383_163.extern|19906093.extern|extern|COMPLETED|0:0|00:01:49
19875383_164|19906098|xcsp-parse-cop-cumulative-165-log-scop-cumext-boundprop-20260526-2ccb88e9-q10672|COMPLETED|0:0|00:30:03
19875383_164.batch|19906098.batch|batch|COMPLETED|0:0|00:30:03
19875383_164.extern|19906098.extern|extern|COMPLETED|0:0|00:30:03
19875383_165|19875383|xcsp-parse-cop-cumulative-165-log-scop-cumext-boundprop-20260526-2ccb88e9-q10672|COMPLETED|0:0|00:02:11
19875383_165.batch|19875383.batch|batch|COMPLETED|0:0|00:02:11
19875383_165.extern|19875383.extern|extern|COMPLETED|0:0|00:02:11
