MiniZinc to FlatZinc converter, version 2.9.3, build 1832600886
Copyright (C) 2014-2025 Monash University, NICTA, Data61
Parsing file(s) /bench/2013/proteindesign12/wcsp.mzn', '/bench/2013/proteindesign12/1HZ5.12p.19aa.usingEref_self.dzn' ...
processing file '/usr/local/share/minizinc/std/stdlib.mzn'
processing file '/usr/local/share/minizinc/std/stdlib/stdlib_internal.mzn'
processing file '/usr/local/share/minizinc/std/output.mzn'
processing file '/usr/local/share/minizinc/std/output/array2d_bool.mzn'
processing file '/usr/local/share/minizinc/std/output/gantt.mzn'
processing file '/usr/local/share/minizinc/std/stdlib/stdlib_random.mzn'
processing file '/usr/local/share/minizinc/std/stdlib/stdlib_debug.mzn'
processing file '/usr/local/share/minizinc/std/stdlib/stdlib_reflect.mzn'
processing file '/usr/local/share/minizinc/std/stdlib/stdlib_ite.mzn'
processing file '/usr/local/share/minizinc/std/stdlib/stdlib_language.mzn'
processing file '/usr/local/share/minizinc/std/stdlib/stdlib_sort.mzn'
processing file '/usr/local/share/minizinc/std/stdlib/stdlib_opt.mzn'
processing file '/usr/local/share/minizinc/std/stdlib/stdlib_ann.mzn'
processing file '/usr/local/share/minizinc/std/stdlib/stdlib_enum.mzn'
processing file '/usr/local/share/minizinc/std/stdlib/stdlib_string.mzn'
processing file '/usr/local/share/minizinc/std/stdlib/stdlib_set.mzn'
processing file '/usr/local/share/minizinc/std/stdlib/stdlib_logic.mzn'
processing file '/usr/local/share/minizinc/std/stdlib/stdlib_array.mzn'
processing file '/usr/local/share/minizinc/std/stdlib/stdlib_coercion.mzn'
processing file '/usr/local/share/minizinc/std/stdlib/stdlib_math.mzn'
processing file '/usr/local/share/minizinc/std/stdlib/stdlib_compare.mzn'
processing file '/usr/local/share/minizinc/std/flatzinc_builtins.mzn'
processing file '/usr/local/share/minizinc/std/solver_redefinitions.mzn'
processing file '/usr/local/share/minizinc/std/table.mzn'
processing file '/usr/local/share/minizinc/std/fzn_table_int_opt.mzn'
processing file '/usr/local/share/minizinc/std/fzn_table_int_reif.mzn'
processing file '/entry_data/mzn-lib/fzn_table_int.mzn'
processing file '/usr/local/share/minizinc/std/fzn_table_bool_reif.mzn'
processing file '/entry_data/mzn-lib/fzn_table_bool.mzn'
processing file '/usr/local/share/minizinc/std/fzn_array_set_intersect.mzn'
processing file '/usr/local/share/minizinc/std/fzn_array_set_union.mzn'
processing file '/usr/local/share/minizinc/std/fzn_array_opt_int_union.mzn'
processing file '/usr/local/share/minizinc/std/fzn_array_int_union.mzn'
processing file '/usr/local/share/minizinc/std/lex_lesseq.mzn'
processing file '/usr/local/share/minizinc/std/fzn_lex_lesseq_set_reif.mzn'
processing file '/usr/local/share/minizinc/std/fzn_lex_lesseq_set.mzn'
processing file '/usr/local/share/minizinc/std/fzn_lex_lesseq_int_reif.mzn'
processing file '/entry_data/mzn-lib/fzn_lex_lesseq_int.mzn'
processing file '/usr/local/share/minizinc/std/fzn_lex_lesseq_float_reif.mzn'
processing file '/usr/local/share/minizinc/std/fzn_lex_lesseq_float.mzn'
processing file '/usr/local/share/minizinc/std/fzn_lex_lesseq_bool_reif.mzn'
processing file '/entry_data/mzn-lib/fzn_lex_lesseq_bool.mzn'
processing file '/usr/local/share/minizinc/std/lex_less.mzn'
processing file '/usr/local/share/minizinc/std/fzn_lex_less_set_reif.mzn'
processing file '/usr/local/share/minizinc/std/fzn_lex_less_set.mzn'
processing file '/usr/local/share/minizinc/std/fzn_lex_less_int_reif.mzn'
processing file '/entry_data/mzn-lib/fzn_lex_less_int.mzn'
processing file '/usr/local/share/minizinc/std/fzn_lex_less_float_reif.mzn'
processing file '/usr/local/share/minizinc/std/fzn_lex_less_float.mzn'
processing file '/usr/local/share/minizinc/std/fzn_lex_less_bool_reif.mzn'
processing file '/entry_data/mzn-lib/fzn_lex_less_bool.mzn'
processing file '/usr/local/share/minizinc/std/fzn_if_then_else_partiality.mzn'
processing file '/usr/local/share/minizinc/std/fzn_if_then_else_var_set.mzn'
processing file '/usr/local/share/minizinc/std/fzn_if_then_else_set.mzn'
processing file '/usr/local/share/minizinc/std/fzn_if_then_else_var_opt_float.mzn'
processing file '/usr/local/share/minizinc/std/fzn_if_then_else_var_float.mzn'
processing file '/usr/local/share/minizinc/std/fzn_if_then_else_opt_float.mzn'
processing file '/usr/local/share/minizinc/std/fzn_if_then_else_float.mzn'
processing file '/usr/local/share/minizinc/std/fzn_if_then_else_var_opt_bool.mzn'
processing file '/usr/local/share/minizinc/std/fzn_if_then_else_var_bool.mzn'
processing file '/usr/local/share/minizinc/std/fzn_if_then_else_opt_bool.mzn'
processing file '/usr/local/share/minizinc/std/fzn_if_then_else_bool.mzn'
processing file '/usr/local/share/minizinc/std/fzn_if_then_else_var_opt_int.mzn'
processing file '/usr/local/share/minizinc/std/fzn_if_then_else_var_int.mzn'
processing file '/usr/local/share/minizinc/std/fzn_if_then_else_opt_int.mzn'
processing file '/usr/local/share/minizinc/std/fzn_if_then_else_int.mzn'
processing file '/usr/local/share/minizinc/std/count_fn.mzn'
processing file '/usr/local/share/minizinc/std/count_lt.mzn'
processing file '/usr/local/share/minizinc/std/fzn_count_lt_par_reif.mzn'
processing file '/usr/local/share/minizinc/std/fzn_count_lt_reif.mzn'
processing file '/usr/local/share/minizinc/std/fzn_count_lt_par.mzn'
processing file '/usr/local/share/minizinc/std/fzn_count_lt.mzn'
processing file '/usr/local/share/minizinc/std/count_gt.mzn'
processing file '/usr/local/share/minizinc/std/fzn_count_gt_reif.mzn'
processing file '/usr/local/share/minizinc/std/fzn_count_gt_par_reif.mzn'
processing file '/usr/local/share/minizinc/std/fzn_count_gt.mzn'
processing file '/usr/local/share/minizinc/std/fzn_count_gt_par.mzn'
processing file '/usr/local/share/minizinc/std/count_neq.mzn'
processing file '/usr/local/share/minizinc/std/fzn_count_neq_reif.mzn'
processing file '/usr/local/share/minizinc/std/fzn_count_neq_par_reif.mzn'
processing file '/usr/local/share/minizinc/std/fzn_count_neq.mzn'
processing file '/usr/local/share/minizinc/std/fzn_count_neq_par.mzn'
processing file '/usr/local/share/minizinc/std/count_leq.mzn'
processing file '/usr/local/share/minizinc/std/fzn_count_leq_reif.mzn'
processing file '/usr/local/share/minizinc/std/fzn_count_leq_par_reif.mzn'
processing file '/usr/local/share/minizinc/std/fzn_count_leq.mzn'
processing file '/usr/local/share/minizinc/std/fzn_count_leq_par.mzn'
processing file '/usr/local/share/minizinc/std/count_geq.mzn'
processing file '/usr/local/share/minizinc/std/fzn_count_geq_reif.mzn'
processing file '/usr/local/share/minizinc/std/fzn_count_geq_par_reif.mzn'
processing file '/usr/local/share/minizinc/std/fzn_count_geq.mzn'
processing file '/usr/local/share/minizinc/std/fzn_count_geq_par.mzn'
processing file '/usr/local/share/minizinc/std/count_eq.mzn'
processing file '/usr/local/share/minizinc/std/fzn_count_eq_par_reif.mzn'
processing file '/usr/local/share/minizinc/std/fzn_count_eq_reif.mzn'
processing file '/usr/local/share/minizinc/std/fzn_count_eq_par.mzn'
processing file '/entry_data/mzn-lib/fzn_count_eq.mzn'
processing file '/usr/local/share/minizinc/std/redefinitions-2.7.1.mzn'
processing file '/usr/local/share/minizinc/std/redefinitions-2.5.2.mzn'
processing file '/usr/local/share/minizinc/std/redefinitions-2.3.3.mzn'
processing file '/usr/local/share/minizinc/std/redefinitions-2.2.1.mzn'
processing file '/usr/local/share/minizinc/std/redefinitions-2.1.1.mzn'
processing file '/usr/local/share/minizinc/std/redefinitions-2.1.mzn'
processing file '/entry_data/mzn-lib/redefinitions-2.0.2.mzn'
processing file '/entry_data/mzn-lib/redefinitions-2.0.mzn'
processing file '/usr/local/share/minizinc/std/redefinitions.mzn'
processing file '/bench/2013/proteindesign12/wcsp.mzn'
processing file '/usr/local/share/minizinc/std/globals.mzn'
processing file '/usr/local/share/minizinc/std/writes_seq.mzn'
processing file '/usr/local/share/minizinc/std/fzn_writes_seq_reif.mzn'
processing file '/usr/local/share/minizinc/std/fzn_writes_seq.mzn'
processing file '/usr/local/share/minizinc/std/writes.mzn'
processing file '/usr/local/share/minizinc/std/fzn_writes_reif.mzn'
processing file '/usr/local/share/minizinc/std/fzn_writes.mzn'
processing file '/usr/local/share/minizinc/std/write.mzn'
processing file '/usr/local/share/minizinc/std/fzn_write_reif.mzn'
processing file '/usr/local/share/minizinc/std/fzn_write.mzn'
processing file '/usr/local/share/minizinc/std/weighted_spanning_tree.mzn'
processing file '/usr/local/share/minizinc/std/fzn_dwst_reif.mzn'
processing file '/usr/local/share/minizinc/std/fzn_dwst.mzn'
processing file '/usr/local/share/minizinc/std/fzn_wst_reif.mzn'
processing file '/usr/local/share/minizinc/std/fzn_wst.mzn'
processing file '/usr/local/share/minizinc/std/var_perm_sym.mzn'
processing file '/usr/local/share/minizinc/std/fzn_var_perm_sym.mzn'
processing file '/usr/local/share/minizinc/std/var_sqr_sym.mzn'
processing file '/usr/local/share/minizinc/std/fzn_var_sqr_sym.mzn'
processing file '/usr/local/share/minizinc/std/value_precede_chain.mzn'
processing file '/usr/local/share/minizinc/std/fzn_value_precede_chain_set_reif.mzn'
processing file '/usr/local/share/minizinc/std/fzn_value_precede_chain_set.mzn'
processing file '/usr/local/share/minizinc/std/fzn_value_precede_chain_int_opt.mzn'
processing file '/usr/local/share/minizinc/std/fzn_value_precede_chain_int_reif.mzn'
processing file '/entry_data/mzn-lib/fzn_value_precede_chain_int.mzn'
processing file '/usr/local/share/minizinc/std/value_precede.mzn'
processing file '/usr/local/share/minizinc/std/fzn_value_precede_set_reif.mzn'
processing file '/usr/local/share/minizinc/std/fzn_value_precede_set.mzn'
processing file '/usr/local/share/minizinc/std/fzn_value_precede_int_opt.mzn'
processing file '/usr/local/share/minizinc/std/fzn_value_precede_int_reif.mzn'
processing file '/entry_data/mzn-lib/fzn_value_precede_int.mzn'
processing file '/usr/local/share/minizinc/std/tree.mzn'
processing file '/usr/local/share/minizinc/std/fzn_dtree_enum_reif.mzn'
processing file '/usr/local/share/minizinc/std/fzn_dtree_enum.mzn'
processing file '/usr/local/share/minizinc/std/fzn_dtree_int_reif.mzn'
processing file '/usr/local/share/minizinc/std/fzn_dtree_int.mzn'
processing file '/usr/local/share/minizinc/std/fzn_tree_enum_reif.mzn'
processing file '/usr/local/share/minizinc/std/fzn_tree_enum.mzn'
processing file '/usr/local/share/minizinc/std/fzn_tree_int_reif.mzn'
processing file '/usr/local/share/minizinc/std/fzn_tree_int.mzn'
processing file '/usr/local/share/minizinc/std/symmetric_all_different.mzn'
processing file '/usr/local/share/minizinc/std/fzn_symmetric_all_different_reif.mzn'
processing file '/usr/local/share/minizinc/std/fzn_symmetric_all_different.mzn'
processing file '/usr/local/share/minizinc/std/analyse_all_different.mzn'
processing file '/usr/local/share/minizinc/std/sum_set.mzn'
processing file '/usr/local/share/minizinc/std/fzn_sum_set_reif.mzn'
processing file '/usr/local/share/minizinc/std/fzn_sum_set.mzn'
processing file '/usr/local/share/minizinc/std/sum_pred.mzn'
processing file '/usr/local/share/minizinc/std/fzn_sum_pred_reif.mzn'
processing file '/usr/local/share/minizinc/std/fzn_sum_pred.mzn'
processing file '/usr/local/share/minizinc/std/subgraph.mzn'
processing file '/usr/local/share/minizinc/std/fzn_subgraph_enum_reif.mzn'
processing file '/usr/local/share/minizinc/std/fzn_subgraph_enum.mzn'
processing file '/usr/local/share/minizinc/std/fzn_subgraph_int_reif.mzn'
processing file '/usr/local/share/minizinc/std/fzn_subgraph_int.mzn'
processing file '/usr/local/share/minizinc/std/subcircuit.mzn'
processing file '/usr/local/share/minizinc/std/fzn_subcircuit_reif.mzn'
processing file '/usr/local/share/minizinc/std/alldifferent.mzn'
processing file '/entry_data/mzn-lib/fzn_subcircuit.mzn'
processing file '/usr/local/share/minizinc/std/strict_lex2.mzn'
processing file '/usr/local/share/minizinc/std/fzn_strict_lex2_reif.mzn'
processing file '/usr/local/share/minizinc/std/fzn_strict_lex2.mzn'
processing file '/usr/local/share/minizinc/std/strictly_increasing.mzn'
processing file '/usr/local/share/minizinc/std/fzn_strictly_increasing_set_reif.mzn'
processing file '/usr/local/share/minizinc/std/fzn_strictly_increasing_set.mzn'
processing file '/usr/local/share/minizinc/std/fzn_strictly_increasing_float_opt_reif.mzn'
processing file '/usr/local/share/minizinc/std/fzn_strictly_increasing_float_reif.mzn'
processing file '/usr/local/share/minizinc/std/fzn_strictly_increasing_float_opt.mzn'
processing file '/usr/local/share/minizinc/std/fzn_strictly_increasing_float.mzn'
processing file '/usr/local/share/minizinc/std/fzn_strictly_increasing_int_opt_reif.mzn'
processing file '/usr/local/share/minizinc/std/fzn_strictly_increasing_int_reif.mzn'
processing file '/usr/local/share/minizinc/std/fzn_strictly_increasing_int_opt.mzn'
processing file '/usr/local/share/minizinc/std/fzn_strictly_increasing_int.mzn'
processing file '/usr/local/share/minizinc/std/strictly_decreasing.mzn'
processing file '/usr/local/share/minizinc/std/steiner.mzn'
processing file '/usr/local/share/minizinc/std/fzn_dsteiner_reif.mzn'
processing file '/usr/local/share/minizinc/std/fzn_dsteiner.mzn'
processing file '/usr/local/share/minizinc/std/fzn_steiner_reif.mzn'
processing file '/usr/local/share/minizinc/std/fzn_steiner.mzn'
processing file '/usr/local/share/minizinc/std/span.mzn'
processing file '/usr/local/share/minizinc/std/fzn_span_reif.mzn'
processing file '/usr/local/share/minizinc/std/fzn_span.mzn'
processing file '/usr/local/share/minizinc/std/sort_fn.mzn'
processing file '/usr/local/share/minizinc/std/sort.mzn'
processing file '/usr/local/share/minizinc/std/fzn_sort_reif.mzn'
processing file '/usr/local/share/minizinc/std/fzn_sort.mzn'
processing file '/usr/local/share/minizinc/std/sliding_sum.mzn'
processing file '/usr/local/share/minizinc/std/fzn_sliding_sum_reif.mzn'
processing file '/usr/local/share/minizinc/std/fzn_sliding_sum.mzn'
processing file '/usr/local/share/minizinc/std/seq_precede_chain.mzn'
processing file '/usr/local/share/minizinc/std/fzn_seq_precede_chain_set_reif.mzn'
processing file '/usr/local/share/minizinc/std/fzn_seq_precede_chain_set.mzn'
processing file '/usr/local/share/minizinc/std/fzn_seq_precede_chain_int_reif.mzn'
processing file '/entry_data/mzn-lib/fzn_seq_precede_chain_int.mzn'
processing file '/usr/local/share/minizinc/std/roots_fn.mzn'
processing file '/usr/local/share/minizinc/std/roots.mzn'
processing file '/usr/local/share/minizinc/std/fzn_roots_reif.mzn'
processing file '/usr/local/share/minizinc/std/fzn_roots.mzn'
processing file '/usr/local/share/minizinc/std/regular_regexp.mzn'
processing file '/usr/local/share/minizinc/std/fzn_regular_regexp.mzn'
processing file '/usr/local/share/minizinc/std/regular_nfa.mzn'
processing file '/usr/local/share/minizinc/std/fzn_regular_nfa_set_reif.mzn'
processing file '/usr/local/share/minizinc/std/fzn_regular_nfa_set.mzn'
processing file '/usr/local/share/minizinc/std/fzn_regular_nfa_reif.mzn'
processing file '/usr/local/share/minizinc/std/fzn_regular_nfa.mzn'
processing file '/usr/local/share/minizinc/std/regular.mzn'
processing file '/usr/local/share/minizinc/std/fzn_regular_set_reif.mzn'
processing file '/usr/local/share/minizinc/std/fzn_regular_set.mzn'
processing file '/usr/local/share/minizinc/std/fzn_regular_set.mzn.deprecated.mzn'
processing file '/usr/local/share/minizinc/std/fzn_regular_set.mzn.deprecated.mzn'
processing file '/usr/local/share/minizinc/std/fzn_regular_reif.mzn'
processing file '/entry_data/mzn-lib/fzn_regular.mzn'
processing file '/usr/local/share/minizinc/std/reachable.mzn'
processing file '/usr/local/share/minizinc/std/fzn_dreachable_enum_reif.mzn'
processing file '/usr/local/share/minizinc/std/fzn_dreachable_enum.mzn'
processing file '/usr/local/share/minizinc/std/fzn_dreachable_int_reif.mzn'
processing file '/usr/local/share/minizinc/std/fzn_dreachable_int.mzn'
processing file '/usr/local/share/minizinc/std/fzn_reachable_enum_reif.mzn'
processing file '/usr/local/share/minizinc/std/fzn_reachable_enum.mzn'
processing file '/usr/local/share/minizinc/std/fzn_reachable_int_reif.mzn'
processing file '/usr/local/share/minizinc/std/fzn_reachable_int.mzn'
processing file '/usr/local/share/minizinc/std/range_fn.mzn'
processing file '/usr/local/share/minizinc/std/range.mzn'
processing file '/usr/local/share/minizinc/std/fzn_range_reif.mzn'
processing file '/usr/local/share/minizinc/std/fzn_range.mzn'
processing file '/usr/local/share/minizinc/std/piecewise_linear_non_continuous.mzn'
processing file '/usr/local/share/minizinc/std/fzn_piecewise_linear_non_continuous_reif.mzn'
processing file '/usr/local/share/minizinc/std/fzn_piecewise_linear_non_continuous.mzn'
processing file '/usr/local/share/minizinc/std/piecewise_linear.mzn'
processing file '/usr/local/share/minizinc/std/fzn_piecewise_linear_reif.mzn'
processing file '/usr/local/share/minizinc/std/fzn_piecewise_linear.mzn'
processing file '/usr/local/share/minizinc/std/partition_set.mzn'
processing file '/usr/local/share/minizinc/std/fzn_partition_set_reif.mzn'
processing file '/entry_data/mzn-lib/fzn_partition_set.mzn'
processing file '/usr/local/share/minizinc/std/nvalue_fn.mzn'
processing file '/usr/local/share/minizinc/std/nvalue.mzn'
processing file '/entry_data/mzn-lib/fzn_nvalue_reif.mzn'
processing file '/entry_data/mzn-lib/fzn_nvalue.mzn'
processing file '/usr/local/share/minizinc/std/neural_net.mzn'
processing file '/usr/local/share/minizinc/std/fzn_neural_net_reif.mzn'
processing file '/usr/local/share/minizinc/std/fzn_neural_net.mzn'
processing file '/usr/local/share/minizinc/std/network_flow.mzn'
processing file '/usr/local/share/minizinc/std/fzn_network_flow_cost_reif.mzn'
processing file '/entry_data/mzn-lib/fzn_network_flow_cost.mzn'
processing file '/usr/local/share/minizinc/std/fzn_network_flow_reif.mzn'
processing file '/entry_data/mzn-lib/fzn_network_flow.mzn'
processing file '/usr/local/share/minizinc/std/minimum.mzn'
processing file '/usr/local/share/minizinc/std/member.mzn'
processing file '/usr/local/share/minizinc/std/fzn_set_member_reif.mzn'
processing file '/usr/local/share/minizinc/std/fzn_set_member.mzn'
processing file '/usr/local/share/minizinc/std/fzn_member_set_reif.mzn'
processing file '/usr/local/share/minizinc/std/fzn_member_set.mzn'
processing file '/usr/local/share/minizinc/std/fzn_member_int_reif.mzn'
processing file '/usr/local/share/minizinc/std/fzn_member_int.mzn'
processing file '/usr/local/share/minizinc/std/fzn_member_float_reif.mzn'
processing file '/usr/local/share/minizinc/std/fzn_member_float.mzn'
processing file '/usr/local/share/minizinc/std/fzn_member_bool_reif.mzn'
processing file '/usr/local/share/minizinc/std/fzn_member_bool.mzn'
processing file '/usr/local/share/minizinc/std/mdd_nondet.mzn'
processing file '/usr/local/share/minizinc/std/fzn_mdd_nondet_reif.mzn'
processing file '/usr/local/share/minizinc/std/fzn_mdd_nondet.mzn'
processing file '/usr/local/share/minizinc/std/mdd.mzn'
processing file '/usr/local/share/minizinc/std/fzn_mdd_reif.mzn'
processing file '/usr/local/share/minizinc/std/fzn_mdd.mzn'
processing file '/usr/local/share/minizinc/std/maximum.mzn'
processing file '/usr/local/share/minizinc/std/link_set_to_booleans.mzn'
processing file '/usr/local/share/minizinc/std/fzn_link_set_to_booleans_reif.mzn'
processing file '/usr/local/share/minizinc/std/fzn_link_set_to_booleans.mzn'
processing file '/usr/local/share/minizinc/std/lex2_strict.mzn'
processing file '/usr/local/share/minizinc/std/lex2.mzn'
processing file '/usr/local/share/minizinc/std/fzn_lex2_reif.mzn'
processing file '/usr/local/share/minizinc/std/fzn_lex2.mzn'
processing file '/usr/local/share/minizinc/std/lex_chain_greater.mzn'
processing file '/usr/local/share/minizinc/std/lex_chain_less.mzn'
processing file '/usr/local/share/minizinc/std/fzn_lex_chain_less_int_reif.mzn'
processing file '/usr/local/share/minizinc/std/fzn_lex_chain_less_int.mzn'
processing file '/usr/local/share/minizinc/std/fzn_lex_chain_less_bool_reif.mzn'
processing file '/usr/local/share/minizinc/std/fzn_lex_chain_less_bool.mzn'
processing file '/usr/local/share/minizinc/std/lex_chain_greatereq_orbitope.mzn'
processing file '/usr/local/share/minizinc/std/lex_chain_lesseq_orbitope.mzn'
processing file '/usr/local/share/minizinc/std/fzn_lex_chain_lesseq_orbitope_reif.mzn'
processing file '/usr/local/share/minizinc/std/fzn_lex_chain_lesseq_orbitope.mzn'
processing file '/usr/local/share/minizinc/std/lex_chain_greatereq.mzn'
processing file '/usr/local/share/minizinc/std/lex_chain_lesseq.mzn'
processing file '/usr/local/share/minizinc/std/fzn_lex_chain_lesseq_int_reif.mzn'
processing file '/usr/local/share/minizinc/std/fzn_lex_chain_lesseq_int.mzn'
processing file '/usr/local/share/minizinc/std/fzn_lex_chain_lesseq_bool_reif.mzn'
processing file '/usr/local/share/minizinc/std/fzn_lex_chain_lesseq_bool.mzn'
processing file '/usr/local/share/minizinc/std/lex_greater.mzn'
processing file '/usr/local/share/minizinc/std/lex_greatereq.mzn'
processing file '/usr/local/share/minizinc/std/knapsack.mzn'
processing file '/usr/local/share/minizinc/std/fzn_knapsack_reif.mzn'
processing file '/usr/local/share/minizinc/std/fzn_knapsack.mzn'
processing file '/usr/local/share/minizinc/std/inverse_set.mzn'
processing file '/usr/local/share/minizinc/std/fzn_inverse_set_reif.mzn'
processing file '/usr/local/share/minizinc/std/fzn_inverse_set.mzn'
processing file '/usr/local/share/minizinc/std/inverse_in_range.mzn'
processing file '/usr/local/share/minizinc/std/fzn_inverse_in_range_reif.mzn'
processing file '/usr/local/share/minizinc/std/fzn_inverse_in_range.mzn'
processing file '/usr/local/share/minizinc/std/inverse_fn.mzn'
processing file '/usr/local/share/minizinc/std/inverse.mzn'
processing file '/usr/local/share/minizinc/std/fzn_inverse_reif.mzn'
processing file '/usr/local/share/minizinc/std/fzn_inverse_opt.mzn'
processing file '/entry_data/mzn-lib/fzn_inverse.mzn'
processing file '/usr/local/share/minizinc/std/int_set_channel.mzn'
processing file '/usr/local/share/minizinc/std/fzn_int_set_channel_reif.mzn'
processing file '/usr/local/share/minizinc/std/fzn_int_set_channel.mzn'
processing file '/usr/local/share/minizinc/std/increasing.mzn'
processing file '/usr/local/share/minizinc/std/fzn_increasing_set_reif.mzn'
processing file '/usr/local/share/minizinc/std/fzn_increasing_set.mzn'
processing file '/usr/local/share/minizinc/std/fzn_increasing_int_opt_reif.mzn'
processing file '/usr/local/share/minizinc/std/fzn_increasing_int_opt.mzn'
processing file '/usr/local/share/minizinc/std/fzn_increasing_int_reif.mzn'
processing file '/usr/local/share/minizinc/std/fzn_increasing_int.mzn'
processing file '/usr/local/share/minizinc/std/fzn_increasing_float_opt_reif.mzn'
processing file '/usr/local/share/minizinc/std/fzn_increasing_float_opt.mzn'
processing file '/usr/local/share/minizinc/std/fzn_increasing_float_reif.mzn'
processing file '/usr/local/share/minizinc/std/fzn_increasing_float.mzn'
processing file '/usr/local/share/minizinc/std/fzn_increasing_bool_reif.mzn'
processing file '/usr/local/share/minizinc/std/fzn_increasing_bool.mzn'
processing file '/usr/local/share/minizinc/std/global_cardinality_low_up_closed.mzn'
processing file '/usr/local/share/minizinc/std/global_cardinality_low_up.mzn'
processing file '/usr/local/share/minizinc/std/global_cardinality_closed_fn.mzn'
processing file '/usr/local/share/minizinc/std/global_cardinality_closed.mzn'
processing file '/usr/local/share/minizinc/std/fzn_global_cardinality_low_up_closed_set.mzn'
processing file '/usr/local/share/minizinc/std/fzn_global_cardinality_low_up_closed_opt.mzn'
processing file '/usr/local/share/minizinc/std/fzn_global_cardinality_low_up_closed_reif.mzn'
processing file '/entry_data/mzn-lib/fzn_global_cardinality_low_up_closed.mzn'
processing file '/usr/local/share/minizinc/std/fzn_global_cardinality_closed_set.mzn'
processing file '/usr/local/share/minizinc/std/fzn_global_cardinality_closed_opt.mzn'
processing file '/usr/local/share/minizinc/std/fzn_global_cardinality_closed_reif.mzn'
processing file '/entry_data/mzn-lib/fzn_global_cardinality_closed.mzn'
processing file '/usr/local/share/minizinc/std/global_cardinality_fn.mzn'
processing file '/usr/local/share/minizinc/std/global_cardinality.mzn'
processing file '/usr/local/share/minizinc/std/fzn_global_cardinality_low_up_set.mzn'
processing file '/usr/local/share/minizinc/std/fzn_global_cardinality_low_up_opt.mzn'
processing file '/usr/local/share/minizinc/std/fzn_global_cardinality_low_up_reif.mzn'
processing file '/entry_data/mzn-lib/fzn_global_cardinality_low_up.mzn'
processing file '/usr/local/share/minizinc/std/fzn_global_cardinality_set.mzn'
processing file '/usr/local/share/minizinc/std/fzn_global_cardinality_opt.mzn'
processing file '/usr/local/share/minizinc/std/fzn_global_cardinality_reif.mzn'
processing file '/entry_data/mzn-lib/fzn_global_cardinality.mzn'
processing file '/usr/local/share/minizinc/std/geost.mzn'
processing file '/usr/local/share/minizinc/std/fzn_geost_nonoverlap_k_reif.mzn'
processing file '/usr/local/share/minizinc/std/fzn_geost_nonoverlap_k.mzn'
processing file '/usr/local/share/minizinc/std/fzn_geost_smallest_bb_reif.mzn'
processing file '/usr/local/share/minizinc/std/fzn_geost_smallest_bb.mzn'
processing file '/usr/local/share/minizinc/std/fzn_geost_bb_reif.mzn'
processing file '/usr/local/share/minizinc/std/fzn_geost_bb.mzn'
processing file '/usr/local/share/minizinc/std/fzn_geost_reif.mzn'
processing file '/usr/local/share/minizinc/std/fzn_geost.mzn'
processing file '/usr/local/share/minizinc/std/exactly.mzn'
processing file '/usr/local/share/minizinc/std/fzn_exactly_set_reif.mzn'
processing file '/usr/local/share/minizinc/std/fzn_exactly_set.mzn'
processing file '/usr/local/share/minizinc/std/fzn_exactly_int_reif.mzn'
processing file '/usr/local/share/minizinc/std/fzn_exactly_int.mzn'
processing file '/usr/local/share/minizinc/std/exactly.mzn.deprecated.mzn'
processing file '/usr/local/share/minizinc/std/exactly.mzn.deprecated.mzn'
processing file '/usr/local/share/minizinc/std/element.mzn'
processing file '/usr/local/share/minizinc/std/distribute_fn.mzn'
processing file '/usr/local/share/minizinc/std/distribute.mzn'
processing file '/usr/local/share/minizinc/std/fzn_distribute_reif.mzn'
processing file '/usr/local/share/minizinc/std/fzn_distribute.mzn'
processing file '/usr/local/share/minizinc/std/disjunctive_strict_opt.mzn'
processing file '/usr/local/share/minizinc/std/fzn_disjunctive_strict_opt_reif.mzn'
processing file '/entry_data/mzn-lib/fzn_disjunctive_strict_opt.mzn'
processing file '/usr/local/share/minizinc/std/disjunctive_opt.mzn'
processing file '/usr/local/share/minizinc/std/fzn_disjunctive_opt_reif.mzn'
processing file '/entry_data/mzn-lib/fzn_disjunctive_opt.mzn'
processing file '/entry_data/mzn-lib/fzn_cumulative_opt.mzn'
processing file '/usr/local/share/minizinc/std/disjunctive_strict.mzn'
processing file '/usr/local/share/minizinc/std/fzn_disjunctive_strict_reif.mzn'
processing file '/entry_data/mzn-lib/fzn_disjunctive_strict.mzn'
processing file '/usr/local/share/minizinc/std/disjunctive.mzn'
processing file '/usr/local/share/minizinc/std/fzn_disjunctive_reif.mzn'
processing file '/entry_data/mzn-lib/fzn_disjunctive.mzn'
processing file '/usr/local/share/minizinc/std/disjoint.mzn'
processing file '/usr/local/share/minizinc/std/fzn_disjoint_reif.mzn'
processing file '/entry_data/mzn-lib/fzn_disjoint.mzn'
processing file '/usr/local/share/minizinc/std/diffn_nonstrict_k.mzn'
processing file '/usr/local/share/minizinc/std/fzn_diffn_nonstrict_k_reif.mzn'
processing file '/usr/local/share/minizinc/std/fzn_diffn_nonstrict_k.mzn'
processing file '/usr/local/share/minizinc/std/diffn_k.mzn'
processing file '/usr/local/share/minizinc/std/fzn_diffn_k_reif.mzn'
processing file '/usr/local/share/minizinc/std/fzn_diffn_k.mzn'
processing file '/usr/local/share/minizinc/std/diffn_nonstrict.mzn'
processing file '/usr/local/share/minizinc/std/fzn_diffn_nonstrict_reif.mzn'
processing file '/entry_data/mzn-lib/fzn_diffn_nonstrict.mzn'
processing file '/usr/local/share/minizinc/std/diffn.mzn'
processing file '/usr/local/share/minizinc/std/fzn_diffn_reif.mzn'
processing file '/entry_data/mzn-lib/fzn_diffn.mzn'
processing file '/usr/local/share/minizinc/std/decreasing.mzn'
processing file '/usr/local/share/minizinc/std/dag.mzn'
processing file '/usr/local/share/minizinc/std/fzn_dag_reif.mzn'
processing file '/usr/local/share/minizinc/std/fzn_dag.mzn'
processing file '/usr/local/share/minizinc/std/cumulatives.mzn'
processing file '/usr/local/share/minizinc/std/fzn_cumulatives.mzn'
processing file '/usr/local/share/minizinc/std/fzn_cumulatives_decomp.mzn'
processing file '/usr/local/share/minizinc/std/cumulative_opt.mzn'
processing file '/usr/local/share/minizinc/std/fzn_cumulative_opt_reif.mzn'
processing file '/usr/local/share/minizinc/std/cumulative.mzn'
processing file '/usr/local/share/minizinc/std/fzn_cumulative_reif.mzn'
processing file '/entry_data/mzn-lib/fzn_cumulative.mzn'
processing file '/usr/local/share/minizinc/std/count.mzn'
processing file '/usr/local/share/minizinc/std/cost_regular.mzn'
processing file '/usr/local/share/minizinc/std/fzn_cost_regular_reif.mzn'
processing file '/usr/local/share/minizinc/std/fzn_cost_regular.mzn'
processing file '/usr/local/share/minizinc/std/cost_mdd.mzn'
processing file '/usr/local/share/minizinc/std/fzn_cost_mdd_reif.mzn'
processing file '/usr/local/share/minizinc/std/fzn_cost_mdd.mzn'
processing file '/usr/local/share/minizinc/std/connected.mzn'
processing file '/usr/local/share/minizinc/std/fzn_dconnected_reif.mzn'
processing file '/usr/local/share/minizinc/std/fzn_dconnected.mzn'
processing file '/usr/local/share/minizinc/std/fzn_connected_reif.mzn'
processing file '/usr/local/share/minizinc/std/fzn_connected.mzn'
processing file '/usr/local/share/minizinc/std/circuit_opt.mzn'
processing file '/usr/local/share/minizinc/std/fzn_circuit_opt_reif.mzn'
processing file '/usr/local/share/minizinc/std/fzn_circuit_opt.mzn'
processing file '/usr/local/share/minizinc/std/circuit.mzn'
processing file '/usr/local/share/minizinc/std/fzn_circuit_reif.mzn'
processing file '/entry_data/mzn-lib/fzn_circuit.mzn'
processing file '/usr/local/share/minizinc/std/bounded_path.mzn'
processing file '/usr/local/share/minizinc/std/fzn_bounded_dpath_enum_reif.mzn'
processing file '/usr/local/share/minizinc/std/path.mzn'
processing file '/usr/local/share/minizinc/std/fzn_dpath_enum_reif.mzn'
processing file '/usr/local/share/minizinc/std/fzn_dpath_enum.mzn'
processing file '/usr/local/share/minizinc/std/fzn_dpath_int_reif.mzn'
processing file '/usr/local/share/minizinc/std/fzn_dpath_int.mzn'
processing file '/usr/local/share/minizinc/std/fzn_path_enum_reif.mzn'
processing file '/usr/local/share/minizinc/std/fzn_path_enum.mzn'
processing file '/usr/local/share/minizinc/std/fzn_path_int_reif.mzn'
processing file '/usr/local/share/minizinc/std/fzn_path_int.mzn'
processing file '/usr/local/share/minizinc/std/fzn_bounded_dpath_enum.mzn'
processing file '/usr/local/share/minizinc/std/fzn_bounded_dpath_int_reif.mzn'
processing file '/usr/local/share/minizinc/std/fzn_bounded_dpath_int.mzn'
processing file '/usr/local/share/minizinc/std/fzn_bounded_path_enum_reif.mzn'
processing file '/usr/local/share/minizinc/std/fzn_bounded_path_enum.mzn'
processing file '/usr/local/share/minizinc/std/fzn_bounded_path_int_reif.mzn'
processing file '/usr/local/share/minizinc/std/fzn_bounded_path_int.mzn'
processing file '/usr/local/share/minizinc/std/bin_packing_load_fn.mzn'
processing file '/entry_data/mzn-lib/fzn_bin_packing_load.mzn'
processing file '/usr/local/share/minizinc/std/bin_packing_load.mzn'
processing file '/usr/local/share/minizinc/std/fzn_bin_packing_load_reif.mzn'
processing file '/usr/local/share/minizinc/std/bin_packing_capa.mzn'
processing file '/usr/local/share/minizinc/std/fzn_bin_packing_capa_reif.mzn'
processing file '/entry_data/mzn-lib/fzn_bin_packing_capa.mzn'
processing file '/usr/local/share/minizinc/std/bin_packing.mzn'
processing file '/usr/local/share/minizinc/std/fzn_bin_packing_reif.mzn'
processing file '/entry_data/mzn-lib/fzn_bin_packing.mzn'
processing file '/usr/local/share/minizinc/std/at_most1.mzn'
processing file '/usr/local/share/minizinc/std/fzn_at_most1_reif.mzn'
processing file '/usr/local/share/minizinc/std/fzn_at_most1.mzn'
processing file '/usr/local/share/minizinc/std/at_most.mzn'
processing file '/usr/local/share/minizinc/std/fzn_at_most_set_reif.mzn'
processing file '/usr/local/share/minizinc/std/fzn_at_most_set.mzn'
processing file '/usr/local/share/minizinc/std/fzn_at_most_int_reif.mzn'
processing file '/usr/local/share/minizinc/std/fzn_at_most_int.mzn'
processing file '/usr/local/share/minizinc/std/at_most.mzn.deprecated.mzn'
processing file '/usr/local/share/minizinc/std/at_most.mzn.deprecated.mzn'
processing file '/usr/local/share/minizinc/std/at_least.mzn'
processing file '/usr/local/share/minizinc/std/fzn_at_least_set_reif.mzn'
processing file '/usr/local/share/minizinc/std/fzn_at_least_set.mzn'
processing file '/usr/local/share/minizinc/std/fzn_at_least_int_reif.mzn'
processing file '/usr/local/share/minizinc/std/fzn_at_least_int.mzn'
processing file '/usr/local/share/minizinc/std/at_least.mzn.deprecated.mzn'
processing file '/usr/local/share/minizinc/std/at_least.mzn.deprecated.mzn'
processing file '/usr/local/share/minizinc/std/arg_val.mzn'
processing file '/usr/local/share/minizinc/std/fzn_arg_val_int_opt.mzn'
processing file '/usr/local/share/minizinc/std/fzn_arg_val_int.mzn'
processing file '/entry_data/mzn-lib/fzn_arg_max_bool.mzn'
processing file '/usr/local/share/minizinc/std/fzn_arg_val_float_opt.mzn'
processing file '/usr/local/share/minizinc/std/fzn_arg_val_float.mzn'
processing file '/usr/local/share/minizinc/std/fzn_arg_val_bool_opt.mzn'
processing file '/usr/local/share/minizinc/std/fzn_arg_val_bool.mzn'
processing file '/entry_data/mzn-lib/fzn_arg_min_bool.mzn'
processing file '/usr/local/share/minizinc/std/arg_max.mzn'
processing file '/usr/local/share/minizinc/std/fzn_arg_max_float_opt.mzn'
processing file '/usr/local/share/minizinc/std/fzn_arg_max_float.mzn'
processing file '/usr/local/share/minizinc/std/fzn_arg_max_bool_opt.mzn'
processing file '/usr/local/share/minizinc/std/fzn_arg_max_int_opt.mzn'
processing file '/entry_data/mzn-lib/fzn_arg_max_int.mzn'
processing file '/usr/local/share/minizinc/std/arg_min.mzn'
processing file '/usr/local/share/minizinc/std/fzn_arg_min_float_opt.mzn'
processing file '/usr/local/share/minizinc/std/fzn_arg_min_float.mzn'
processing file '/usr/local/share/minizinc/std/fzn_arg_min_bool_opt.mzn'
processing file '/usr/local/share/minizinc/std/fzn_arg_min_int_opt.mzn'
processing file '/entry_data/mzn-lib/fzn_arg_min_int.mzn'
processing file '/usr/local/share/minizinc/std/arg_sort.mzn'
processing file '/usr/local/share/minizinc/std/fzn_arg_sort_float.mzn'
processing file '/usr/local/share/minizinc/std/fzn_arg_sort_int.mzn'
processing file '/usr/local/share/minizinc/std/among_fn.mzn'
processing file '/usr/local/share/minizinc/std/fzn_among.mzn'
processing file '/usr/local/share/minizinc/std/among.mzn'
processing file '/usr/local/share/minizinc/std/fzn_among_reif.mzn'
processing file '/usr/local/share/minizinc/std/alternative.mzn'
processing file '/usr/local/share/minizinc/std/fzn_alternative_reif.mzn'
processing file '/usr/local/share/minizinc/std/fzn_alternative.mzn'
processing file '/usr/local/share/minizinc/std/all_equal.mzn'
processing file '/usr/local/share/minizinc/std/fzn_all_equal_set_reif.mzn'
processing file '/entry_data/mzn-lib/fzn_all_equal_set.mzn'
processing file '/usr/local/share/minizinc/std/fzn_all_equal_int_reif.mzn'
processing file '/entry_data/mzn-lib/fzn_all_equal_int.mzn'
processing file '/usr/local/share/minizinc/std/all_disjoint.mzn'
processing file '/usr/local/share/minizinc/std/fzn_all_disjoint_reif.mzn'
processing file '/entry_data/mzn-lib/fzn_all_disjoint.mzn'
processing file '/usr/local/share/minizinc/std/all_different_except_0.mzn'
processing file '/usr/local/share/minizinc/std/fzn_alldifferent_except_0_reif.mzn'
processing file '/usr/local/share/minizinc/std/fzn_alldifferent_except_reif.mzn'
processing file '/usr/local/share/minizinc/std/fzn_alldifferent_except_0.mzn'
processing file '/usr/local/share/minizinc/std/alldifferent_except.mzn'
processing file '/usr/local/share/minizinc/std/all_different_except.mzn'
processing file '/usr/local/share/minizinc/std/fzn_alldifferent_except.mzn'
processing file '/usr/local/share/minizinc/std/all_different.mzn'
processing file '/usr/local/share/minizinc/std/fzn_all_different_set_reif.mzn'
processing file '/entry_data/mzn-lib/fzn_all_different_set.mzn'
processing file '/usr/local/share/minizinc/std/fzn_all_different_int_reif.mzn'
processing file '/usr/local/share/minizinc/std/fzn_all_different_int_opt.mzn'
processing file '/usr/local/share/minizinc/std/alldifferent_except_0.mzn'
processing file '/entry_data/mzn-lib/fzn_all_different_int.mzn'
processing data file '/bench/2013/proteindesign12/1HZ5.12p.19aa.usingEref_self.dzn'
 done parsing (1.61 s)
Flattening ...
	CompilePass: Flatten with '/entry_data/mzn-lib' library ...
MIP domains ...
 done (3.99 s)
Optimizing ... done (3.99 s)
Converting to old FlatZinc ... done (4.09 s)
 done (4.09 s)
 done (5.70 s), max stack depth 12
Maximum memory 197 Mbytes.
      % SOLVING PHASE
FZN solver plugin, compiled  May 23 2025  06:18:37
Using FZN solver /entry_data/fzn-exec for solving, parameters: -p 14 -v 
%% File /tmp/mznfileaSTZQY.fzn parsed in 4063 ms
%% Model mznfileaSTZQY
%%   - integer variables:91
%%   - int_lin_eq: 1
%%   - ortools_table_int: 78
%%   - Minimization problem
%%   - #var_op_value_reif cached: 0
%%   - #var_op_var_reif cached: 0
%%   - #var_op_var_imp cached: 0
%%   - #full domain encodings: 0
%% Starting CP-SAT solver v9.15.9999
%% Parameters: log_search_progress: true log_to_stdout: false max_domain_size_when_encoding_eq_neq_constraints: 32 num_workers: 14
%% Initial optimization model 'mznfileaSTZQY': (model_fingerprint: 0xf5d7280a3219fbcc)
%% Search strategy: on 12 variables, CHOOSE_MIN_DOMAIN_SIZE, SELECT_MIN_VALUE
%% Search strategy: on 12 variables, CHOOSE_MIN_DOMAIN_SIZE, SELECT_MIN_VALUE
%% Search strategy: on 66 variables, CHOOSE_MIN_DOMAIN_SIZE, SELECT_MIN_VALUE
%% Search strategy: on 1 variables, CHOOSE_FIRST, SELECT_MIN_VALUE
%% #Variables: 91 (#ints: 1 in objective) (90 primary variables)
%%   - 12 in [0,197]
%%   - 1 in [0,99999]
%%   - 78 in [0,100000]
%% #kLinearN: 1 (#terms: 79)
%% #kTable: 78
%% Starting presolve at 0.02s
%%   4.68e-05s  0.00e+00d  [DetectDominanceRelations] 
%%   2.41e+00s  0.00e+00d  [PresolveToFixPoint] #num_loops=4 #num_dual_strengthening=1 
%%   1.72e-06s  0.00e+00d  [ExtractEncodingFromLinear] 
%%   5.98e-02s  0.00e+00d  [DetectDuplicateColumns] 
%%   1.17e-02s  0.00e+00d  [DetectDuplicateConstraints] 
%% [Symmetry] Graph for symmetry has 290'435 nodes and 1'824'548 arcs.
%% [Symmetry] Symmetry computation done. time: 0.118121 dtime: 0.128949
%% [SAT presolve] num removable Booleans: 0 / 70'676
%% [SAT presolve] num trivial clauses: 0
%% [SAT presolve] [0s] clauses:131'448 literals:1'495'076 vars:63'443 one_side_vars:160 simple_definition:9'702 singleton_clauses:0
%% [SAT presolve] [0.0636167s] clauses:131'448 literals:1'495'076 vars:63'443 one_side_vars:160 simple_definition:9'702 singleton_clauses:0
%% [SAT presolve] [0.074505s] clauses:131'448 literals:1'495'076 vars:63'443 one_side_vars:160 simple_definition:9'702 singleton_clauses:0
%%   8.76e-03s  0.00e+00d  [DetectDuplicateConstraintsWithDifferentEnforcements] 
%%   1.18e+00s  1.06e+00d *[Probe] #probed=1'096 #fixed_bools=6 #new_binary_clauses=1'190'973 
%%   4.81e-01s  1.00e+00d *[MaxClique] Merged 80'474 constraints with 160'948 literals into 78'676 constraints with 159'151 literals
%%   1.06e-01s  0.00e+00d  [DetectDominanceRelations] 
%%   1.25e+00s  0.00e+00d  [PresolveToFixPoint] #num_loops=2 #num_dual_strengthening=1 
%%   2.41e-02s  0.00e+00d  [ProcessAtMostOneAndLinear] 
%%   1.57e-02s  0.00e+00d  [DetectDuplicateConstraints] #duplicates=3 
%%   1.48e-02s  0.00e+00d  [DetectDuplicateConstraintsWithDifferentEnforcements] 
%%   2.65e-03s  0.00e+00d  [DetectDominatedLinearConstraints] 
%%   2.69e-03s  0.00e+00d  [DetectDifferentVariables] 
%%   1.56e-01s  1.30e-02d  [ProcessSetPPC] #relevant_constraints=137'130 #num_inclusions=78'660 
%%   4.39e-02s  9.89e-03d  [TransformClausesToExactlyOne] #num_amos=77'443 #num_clauses=50'974 #num_checked=50'974 
%%   4.04e-03s  0.00e+00d  [DetectEncodedComplexDomains] 
%%   3.19e-03s  0.00e+00d  [FindAlmostIdenticalLinearConstraints] 
%%   1.05e+00s  1.00e+00d *[FindBigAtMostOneAndLinearOverlap] 
%%   2.07e-02s  8.29e-03d  [FindBigVerticalLinearOverlap] 
%%   2.63e-03s  0.00e+00d  [FindBigHorizontalLinearOverlap] 
%%   6.59e-02s  6.67e-03d  [MergeClauses] #num_collisions=10'186 #num_merges=10'186 #num_saved_literals=77'510 
%%   1.15e-01s  0.00e+00d  [DetectDominanceRelations] 
%%   3.07e+00s  0.00e+00d  [PresolveToFixPoint] #num_loops=1 #num_dual_strengthening=1 
%%   1.14e-01s  0.00e+00d  [DetectDominanceRelations] 
%%   2.42e-01s  0.00e+00d  [PresolveToFixPoint] #num_loops=1 #num_dual_strengthening=1 
%%   6.14e-02s  0.00e+00d  [DetectDuplicateColumns] 
%%   3.54e-02s  0.00e+00d  [DetectDuplicateConstraints] #duplicates=73 
%% [Symmetry] Graph for symmetry has 231'223 nodes and 1'606'150 arcs.
%% [Symmetry] Symmetry computation done. time: 0.0934765 dtime: 0.0916264
%% [SAT presolve] num removable Booleans: 0 / 63'403
%% [SAT presolve] num trivial clauses: 0
%% [SAT presolve] [0s] clauses:128'213 literals:1'488'563 vars:63'275 one_side_vars:81 simple_definition:11'496 singleton_clauses:0
%% [SAT presolve] [0.0569133s] clauses:128'213 literals:1'488'563 vars:63'275 one_side_vars:81 simple_definition:11'496 singleton_clauses:0
%% [SAT presolve] [0.0665651s] clauses:128'213 literals:1'488'563 vars:63'275 one_side_vars:81 simple_definition:11'496 singleton_clauses:0
%%   3.12e-02s  0.00e+00d  [DetectDuplicateConstraintsWithDifferentEnforcements] 
%%   1.83e+00s  1.14e+00d *[Probe] #probed=1'494 #fixed_bools=5 #new_binary_clauses=1'490'253 
%%   3.39e-01s  1.00e+00d *[MaxClique] Merged 77'443 constraints with 156'638 literals into 74'818 constraints with 154'014 literals
%%   1.12e-01s  0.00e+00d  [DetectDominanceRelations] 
%%   2.60e-01s  0.00e+00d  [PresolveToFixPoint] #num_loops=1 #num_dual_strengthening=1 
%%   2.58e-02s  0.00e+00d  [ProcessAtMostOneAndLinear] 
%%   3.57e-02s  0.00e+00d  [DetectDuplicateConstraints] 
%%   3.38e-02s  0.00e+00d  [DetectDuplicateConstraintsWithDifferentEnforcements] 
%%   3.93e-03s  0.00e+00d  [DetectDominatedLinearConstraints] 
%%   4.07e-03s  0.00e+00d  [DetectDifferentVariables] 
%%   1.47e-01s  1.25e-02d  [ProcessSetPPC] #relevant_constraints=126'266 #num_inclusions=74'795 
%%   4.55e-02s  9.89e-03d  [TransformClausesToExactlyOne] #num_amos=74'807 #num_clauses=50'974 #num_checked=50'974 
%%   5.97e-03s  0.00e+00d  [DetectEncodedComplexDomains] 
%%   4.39e-03s  0.00e+00d  [FindAlmostIdenticalLinearConstraints] 
%%   1.07e+00s  1.00e+00d *[FindBigAtMostOneAndLinearOverlap] 
%%   2.47e-02s  8.12e-03d  [FindBigVerticalLinearOverlap] 
%%   3.79e-03s  0.00e+00d  [FindBigHorizontalLinearOverlap] 
%%   6.67e-02s  6.67e-03d  [MergeClauses] #num_collisions=9'727 #num_merges=9'727 #num_saved_literals=76'233 
%%   1.15e-01s  0.00e+00d  [DetectDominanceRelations] 
%%   2.41e-01s  0.00e+00d  [PresolveToFixPoint] #num_loops=1 #num_dual_strengthening=1 
%%   1.14e-01s  0.00e+00d  [DetectDominanceRelations] 
%%   2.41e-01s  0.00e+00d  [PresolveToFixPoint] #num_loops=1 #num_dual_strengthening=1 
%%   5.10e-02s  0.00e+00d  [DetectDuplicateColumns] 
%%   3.17e-02s  0.00e+00d  [DetectDuplicateConstraints] 
%% [Symmetry] Graph for symmetry has 230'137 nodes and 1'602'796 arcs.
%% [Symmetry] Symmetry computation done. time: 0.0916081 dtime: 0.0913999
%% [SAT presolve] num removable Booleans: 0 / 63'398
%% [SAT presolve] num trivial clauses: 0
%% [SAT presolve] [0s] clauses:125'185 literals:1'482'464 vars:63'270 one_side_vars:261 simple_definition:14'156 singleton_clauses:0
%% [SAT presolve] [0.054404s] clauses:125'185 literals:1'482'464 vars:63'270 one_side_vars:261 simple_definition:14'156 singleton_clauses:0
%% [SAT presolve] [0.0638681s] clauses:125'185 literals:1'482'464 vars:63'270 one_side_vars:261 simple_definition:14'156 singleton_clauses:0
%%   3.17e-02s  0.00e+00d  [DetectDuplicateConstraintsWithDifferentEnforcements] 
%%   1.83e+00s  1.14e+00d *[Probe] #probed=1'494 #new_binary_clauses=1'490'254 
%%   3.41e-01s  1.00e+00d *[MaxClique] Merged 74'807 constraints with 153'992 literals into 73'094 constraints with 152'280 literals
%%   1.16e-01s  0.00e+00d  [DetectDominanceRelations] 
%%   2.65e-01s  0.00e+00d  [PresolveToFixPoint] #num_loops=1 #num_dual_strengthening=1 
%%   2.75e-02s  0.00e+00d  [ProcessAtMostOneAndLinear] 
%%   3.64e-02s  0.00e+00d  [DetectDuplicateConstraints] 
%%   3.42e-02s  0.00e+00d  [DetectDuplicateConstraintsWithDifferentEnforcements] 
%%   5.03e-03s  0.00e+00d  [DetectDominatedLinearConstraints] 
%%   5.04e-03s  0.00e+00d  [DetectDifferentVariables] 
%%   1.44e-01s  1.24e-02d  [ProcessSetPPC] #relevant_constraints=124'552 #num_inclusions=73'069 
%%   4.67e-02s  9.90e-03d  [TransformClausesToExactlyOne] #num_amos=73'091 #num_clauses=50'972 #num_checked=50'972 
%%   7.01e-03s  0.00e+00d  [DetectEncodedComplexDomains] 
%%   5.46e-03s  0.00e+00d  [FindAlmostIdenticalLinearConstraints] 
%%   1.06e+00s  1.00e+00d *[FindBigAtMostOneAndLinearOverlap] 
%%   2.40e-02s  8.12e-03d  [FindBigVerticalLinearOverlap] 
%%   4.80e-03s  0.00e+00d  [FindBigHorizontalLinearOverlap] 
%%   6.81e-02s  6.67e-03d  [MergeClauses] #num_collisions=9'728 #num_merges=9'728 #num_saved_literals=76'235 
%%   1.19e-01s  0.00e+00d  [DetectDominanceRelations] 
%%   2.50e-01s  0.00e+00d  [PresolveToFixPoint] #num_loops=1 #num_dual_strengthening=1 
%%   4.65e-03s  0.00e+00d  [MergeNoOverlap] 
%%   5.08e-03s  0.00e+00d  [MergeNoOverlap2D] 
%%   7.48e-01s  0.00e+00d  [ExpandObjective] #entries=100'002'418 #tight_variables=53'588 #tight_constraints=284 #expands=6 
%% Presolve summary:
%%   - 332 affine relations were detected.
%%   - rule 'TODO dual: only one blocking constraint?' was applied 76 times.
%%   - rule 'affine: new relation' was applied 332 times.
%%   - rule 'at_most_one: removed literals' was applied 22 times.
%%   - rule 'at_most_one: resolved two constraints with opposite literal' was applied 6'938 times.
%%   - rule 'at_most_one: size one' was applied 22 times.
%%   - rule 'at_most_one: transformed into max clique' was applied 3 times.
%%   - rule 'bool_or: fixed literals' was applied 7 times.
%%   - rule 'deductions: 36952 stored' was applied 1 time.
%%   - rule 'duplicate: removed constraint' was applied 76 times.
%%   - rule 'enforcement: false literal' was applied 3 times.
%%   - rule 'enforcement: true literal' was applied 3 times.
%%   - rule 'exactly_one: removed literals' was applied 9 times.
%%   - rule 'exactly_one: simplified objective' was applied 330 times.
%%   - rule 'exactly_one: size two' was applied 2 times.
%%   - rule 'linear1: always true' was applied 3 times.
%%   - rule 'linear: fixed or dup variables' was applied 5 times.
%%   - rule 'linear: reduced variable domains' was applied 4 times.
%%   - rule 'linear: remapped using affine relations' was applied 6 times.
%%   - rule 'linear: simplified rhs' was applied 1'580 times.
%%   - rule 'linear: singleton column define objective' was applied 1 time.
%%   - rule 'new_bool: integer encoding' was applied 18'479 times.
%%   - rule 'new_bool: table expansion' was applied 52'194 times.
%%   - rule 'new_bool: var with 2 values' was applied 3 times.
%%   - rule 'objective: expanded via tight equality' was applied 6 times.
%%   - rule 'objective: shifted cost with exactly ones' was applied 421 times.
%%   - rule 'presolve: 13 unused variables removed.' was applied 1 time.
%%   - rule 'presolve: iteration' was applied 3 times.
%%   - rule 'probing: simplified clauses' was applied 57 times.
%%   - rule 'setppc: bool_or in at_most_one' was applied 6 times.
%%   - rule 'setppc: removed dominated constraints' was applied 1'219 times.
%%   - rule 'table: all tuples!' was applied 2 times.
%%   - rule 'table: compress tuples' was applied 2 times.
%%   - rule 'table: expanded positive constraint' was applied 64 times.
%%   - rule 'table: expanded positive constraint with two variables' was applied 12 times.
%%   - rule 'table: fully compress tuples' was applied 62 times.
%%   - rule 'table: reduce variable domain' was applied 192 times.
%%   - rule 'table: remove expressions' was applied 2 times.
%%   - rule 'table: remove tuples' was applied 142 times.
%%   - rule 'table: reused literals' was applied 58 times.
%%   - rule 'variables with 2 values: create encoding literal' was applied 3 times.
%%   - rule 'variables with 2 values: new affine relation' was applied 3 times.
%%   - rule 'variables: add encoding constraint' was applied 18'479 times.
%%   - rule 'variables: only used in objective and in encodings' was applied 73 times.
%%   - rule 'variables: only used in value and order encodings' was applied 12 times.
%% Presolved optimization model 'mznfileaSTZQY': (model_fingerprint: 0x48cbe8166e6c4231)
%% #Variables: 63'398 (#bools: 62'333 in objective) (62'948 primary variables)
%%   - 63'398 Booleans in [0,1]
%% #kAtMostOne: 790 (#literals: 7'641)
%% #kBoolAnd: 1'505 (#enforced: 1'505) (#literals: 73'806)
%% #kBoolAndClauses: 3'384 (#enforced: 3'384 #multi: 3'384) (#literals: 43'206)
%% #kBoolOr: 37'860 (#literals: 1'214'566)
%% #kExactlyOne: 486 (#literals: 73'987)
%% [Symmetry] Graph for symmetry has 221'549 nodes and 1'599'633 arcs.
%% [Symmetry] Symmetry computation done. time: 0.0885114 dtime: 0.0914047
%% Preloading model.
%% #Bound  22.94s best:inf   next:[3191,99999] initial_domain
%% #Model  23.02s var:63398/63398 constraints:44025/44025
%% Starting search at 23.02s with 14 workers.
%% 10 full problem subsolvers: [core, default_lp, lb_tree_search, max_lp, no_lp, probing, pseudo_costs, quick_restart, quick_restart_no_lp, reduced_costs]
%% 4 first solution subsolvers: [fj(2), fs_random, fs_random_no_lp]
%% 10 interleaved subsolvers: [feasibility_pump, graph_arc_lns, graph_cst_lns, graph_dec_lns, graph_var_lns, ls, ls_lin, rins/rens, rnd_cst_lns, rnd_var_lns]
%% 3 helper subsolvers: [neighborhood_helper, synchronization_agent, update_gap_integral]
%% #1      26.42s best:22980 next:[3191,22979] fs_random_no_lp
%% #2      26.51s best:6465  next:[3191,6464] quick_restart_no_lp
%% #Model  26.64s var:62328/63398 constraints:43705/44025
%% #Bound  26.99s best:6465  next:[3193,6464] default_lp (initial_propagation)
%% #3      27.04s best:6453  next:[3193,6452] rnd_cst_lns (d=5.00e-01 s=87 t=0.10 p=0.00 stall=0 h=base)
%% #4      27.07s best:5018  next:[3193,5017] graph_var_lns (d=5.00e-01 s=88 t=0.10 p=0.00 stall=0 h=base)
%% #Model  27.45s var:61307/63398 constraints:43431/44025
%% #5      27.46s best:4869  next:[3193,4868] graph_dec_lns (d=5.00e-01 s=91 t=0.10 p=0.00 stall=0 h=base) [combined with: graph_var_lns (d=5.0...]
%% #6      27.50s best:4191  next:[3193,4190] quick_restart
%% #Bound  27.53s best:4191  next:[3196,4190] quick_restart
%% #Bound  27.65s best:4191  next:[3211,4190] pseudo_costs
%% #Model  27.70s var:57825/63398 constraints:42524/44025
%% #7      27.77s best:3849  next:[3211,3848] rnd_var_lns (d=7.07e-01 s=94 t=0.10 p=1.00 stall=1 h=base)
%% #Model  28.05s var:53995/63398 constraints:41550/44025
%% #8      28.15s best:3848  next:[3211,3847] no_lp
%% #Model  28.22s var:53986/63398 constraints:41550/44025
%% #Model  28.39s var:53979/63398 constraints:41549/44025
%% #9      28.50s best:3724  next:[3211,3723] graph_var_lns (d=7.07e-01 s=100 t=0.10 p=1.00 stall=0 h=base)
%% #Bound  28.56s best:3724  next:[3220,3723] reduced_costs
%% #Model  28.84s var:53978/63398 constraints:41549/44025
%% #Bound  28.96s best:3724  next:[3247,3723] pseudo_costs
%% #Model  29.21s var:53966/63398 constraints:41549/44025
%% #10     29.23s best:3723  next:[3247,3722] rnd_var_lns (d=8.14e-01 s=106 t=0.10 p=1.00 stall=0 h=base)
%% #Bound  29.32s best:3723  next:[3252,3722] pseudo_costs
%% #Model  29.40s var:51493/63398 constraints:40832/44025
%% #11     29.67s best:3708  next:[3252,3707] ls_restart(batch:1 lin{mvs:56 evals:10'384} #w_updates:29 #perturb:0)
%% #12     29.89s best:3620  next:[3252,3619] graph_arc_lns (d=7.07e-01 s=104 t=0.10 p=1.00 stall=0 h=base)
%% #Model  30.23s var:51492/63398 constraints:40832/44025
%% #Model  30.47s var:49101/63398 constraints:40082/44025
%% #Model  30.67s var:49082/63398 constraints:40080/44025
%% #13     30.79s best:3546  next:[3252,3545] graph_dec_lns (d=8.14e-01 s=112 t=0.10 p=1.00 stall=0 h=base)
%% #Model  30.87s var:49072/63398 constraints:40079/44025
%% #14     31.49s best:3520  next:[3252,3519] graph_var_lns (d=8.14e-01 s=116 t=0.10 p=1.00 stall=0 h=base)
%% #Model  31.69s var:49071/63398 constraints:40079/44025
%% #Model  31.79s var:49070/63398 constraints:40079/44025
%% #Bound  31.86s best:3520  next:[3316,3519] max_lp
%% #Model  31.99s var:49067/63398 constraints:40079/44025
%% #Model  32.08s var:46033/63398 constraints:39189/44025
%% #15     32.25s best:3436  next:[3316,3435] graph_var_lns (d=8.76e-01 s=124 t=0.10 p=1.00 stall=0 h=base)
%% #Model  32.58s var:46006/63398 constraints:39189/44025
%% #Model  32.67s var:46005/63398 constraints:39189/44025
%% #Model  32.81s var:45992/63398 constraints:39186/44025
%% #Model  32.92s var:45991/63398 constraints:39186/44025
%% #Model  33.06s var:45957/63398 constraints:39183/44025
%% #Model  33.16s var:45918/63398 constraints:39179/44025
%% #Model  33.36s var:45900/63398 constraints:39178/44025
%% #Model  33.55s var:45880/63398 constraints:39175/44025
%% #Model  33.74s var:45866/63398 constraints:39174/44025
%% #Model  33.83s var:45862/63398 constraints:39173/44025
%% #16     33.85s best:3434  next:[3316,3433] graph_dec_lns (d=8.76e-01 s=130 t=0.10 p=1.00 stall=0 h=base)
%% #Model  34.03s var:45843/63398 constraints:39171/44025
%% #Model  34.17s var:45833/63398 constraints:39171/44025
%% #Model  34.37s var:45831/63398 constraints:39171/44025
%% #Model  34.46s var:45829/63398 constraints:39171/44025
%% #Model  34.56s var:45828/63398 constraints:39171/44025
%% #17     34.58s best:3407  next:[3316,3406] graph_var_lns (d=9.14e-01 s=135 t=0.10 p=1.00 stall=0 h=base)
%% #Model  34.65s var:41884/63398 constraints:37694/44025
%% #Model  34.74s var:41866/63398 constraints:37692/44025
%% #Model  34.98s var:41865/63398 constraints:37692/44025
%% #Model  35.04s var:41864/63398 constraints:37692/44025
%% #Model  35.11s var:41861/63398 constraints:37692/44025
%% #Model  35.17s var:41848/63398 constraints:37690/44025
%% #18     35.21s best:3402  next:[3316,3401] ls_restart(batch:1 lin{mvs:34 evals:6'353} #w_updates:24 #perturb:0)
%% #Model  35.28s var:41847/63398 constraints:37690/44025
%% #Model  35.34s var:40620/63398 constraints:37241/44025
%% #Model  35.64s var:40230/63398 constraints:37123/44025
%% #Model  35.72s var:40229/63398 constraints:37123/44025
%% #Model  35.91s var:40225/63398 constraints:37123/44025
%% #Model  36.10s var:40224/63398 constraints:37123/44025
%% #Model  36.39s var:40211/63398 constraints:37122/44025
%% #Model  36.57s var:40210/63398 constraints:37122/44025
%% #Model  36.73s var:40208/63398 constraints:37122/44025
%% #Model  36.82s var:40207/63398 constraints:37122/44025
%% #Model  36.90s var:40166/63398 constraints:37119/44025
%% #Model  37.00s var:40165/63398 constraints:37119/44025
%% #Model  37.08s var:40164/63398 constraints:37119/44025
%% #Model  37.18s var:40159/63398 constraints:37119/44025
%% #Model  37.27s var:40155/63398 constraints:37119/44025
%% #Model  37.46s var:40154/63398 constraints:37119/44025
%% #19     37.52s best:3398  next:[3316,3397] ls_lin_restart_perturb(batch:1 lin{mvs:42 evals:4'183} #w_updates:31 #perturb:0)
%% #Model  37.61s var:40148/63398 constraints:37119/44025
%% #20     37.67s best:3395  next:[3316,3394] rnd_var_lns (d=8.80e-01 s=168 t=0.10 p=0.80 stall=0 h=base)
%% #Model  37.76s var:39993/63398 constraints:37047/44025
%% #Model  37.85s var:39880/63398 constraints:37028/44025
%% #Model  37.95s var:39878/63398 constraints:37028/44025
%% #Model  38.04s var:39874/63398 constraints:37028/44025
%% #Model  38.13s var:39870/63398 constraints:37028/44025
%% #Model  38.22s var:39863/63398 constraints:37026/44025
%% #Model  38.30s var:39853/63398 constraints:37026/44025
%% #21     38.38s best:3391  next:[3316,3390] ls_lin_restart_decay(batch:1 lin{mvs:56 evals:6'605} #w_updates:20 #perturb:0)
%% #Model  38.60s var:39505/63398 constraints:36820/44025 [skipped_logs=1]
%% #22     39.11s best:3390  next:[3316,3389] graph_dec_lns (d=8.21e-01 s=178 t=0.10 p=0.75 stall=0 h=base) [combined with: ls_lin_restart_decay...]
%% #23     39.52s best:3388  next:[3316,3387] graph_arc_lns (d=3.59e-01 s=195 t=0.10 p=0.33 stall=1 h=base)
%% #Model  39.95s var:39301/63398 constraints:36739/44025 [skipped_logs=6]
%% #24     40.09s best:3385  next:[3316,3384] graph_cst_lns (d=5.38e-01 s=193 t=0.10 p=0.50 stall=0 h=base)
%% #Model  40.91s var:38248/63398 constraints:36302/44025 [skipped_logs=3]
%% #Model  41.96s var:38228/63398 constraints:36299/44025 [skipped_logs=2]
%% #Model  42.90s var:38211/63398 constraints:36296/44025 [skipped_logs=7]
%% #Model  43.37s var:31840/63398 constraints:33468/44025 [skipped_logs=3]
%% #Model  44.76s var:31839/63398 constraints:33468/44025 [skipped_logs=0]
%% #Model  45.84s var:31834/63398 constraints:33467/44025 [skipped_logs=2]
%% #Model  46.75s var:31832/63398 constraints:33466/44025 [skipped_logs=1]
%% #Model  47.41s var:31816/63398 constraints:33465/44025 [skipped_logs=1]
%% #Model  50.55s var:31815/63398 constraints:33464/44025
%% #Model  50.70s var:30522/63398 constraints:32832/44025
%% #Model  51.26s var:30192/63398 constraints:32697/44025
%% #Model  53.16s var:29783/63398 constraints:32486/44025
%% #Model  53.74s var:29636/63398 constraints:32444/44025
%% #Model  56.65s var:28771/63398 constraints:32032/44025
%% #Bound  59.53s best:3385  next:[3317,3384] reduced_costs
%% #Bound  59.53s best:3385  next:[3358,3384] max_lp
%% #Model  59.61s var:28097/63398 constraints:31589/44025
%% #25     63.36s best:3384  next:[3358,3383] rnd_var_lns (d=9.09e-01 s=569 t=0.10 p=0.61 stall=6 h=base)
%% #Model  63.90s var:27370/63398 constraints:31157/44025
%% #Model  64.77s var:27369/63398 constraints:31157/44025
%% #Model  65.05s var:27368/63398 constraints:31157/44025
%% #Model  67.64s var:27367/63398 constraints:31155/44025
%% #Model  69.66s var:27280/63398 constraints:31114/44025
%% #Model  71.22s var:26956/63398 constraints:30933/44025
%% #Model  72.96s var:26776/63398 constraints:30816/44025
%% #Model  74.99s var:26596/63398 constraints:30769/44025
%% #Model  75.16s var:26406/63398 constraints:30631/44025
%% #Model  80.00s var:25877/63398 constraints:30304/44025
%% #Model  80.07s var:25876/63398 constraints:30303/44025
%% #Model  87.77s var:22522/63398 constraints:28346/44025
%% #Model  92.25s var:22521/63398 constraints:28345/44025
%% #Model  94.24s var:22519/63398 constraints:28345/44025
%% #Model  97.45s var:22518/63398 constraints:28345/44025
%% #Model 100.42s var:22517/63398 constraints:28345/44025
%% #Model 110.68s var:22516/63398 constraints:28344/44025
%% #Model 110.88s var:22511/63398 constraints:28342/44025
%% #Model 112.61s var:21021/63398 constraints:27303/44025
%% #Bound 115.61s best:3384  next:[3366,3383] lb_tree_search
%% #Model 116.37s var:21019/63398 constraints:27301/44025
%% #Model 123.80s var:20912/63398 constraints:27201/44025
%% #Model 127.68s var:20911/63398 constraints:27201/44025
%% #Model 129.80s var:20907/63398 constraints:27200/44025
%% #Model 129.86s var:20906/63398 constraints:27200/44025
%% #Model 132.32s var:20905/63398 constraints:27200/44025
%% #Model 137.05s var:20793/63398 constraints:27080/44025
%% #Model 138.94s var:20792/63398 constraints:27080/44025
%% #Model 140.87s var:20791/63398 constraints:27079/44025
%% #Model 140.92s var:20790/63398 constraints:27079/44025
%% #Model 152.48s var:20745/63398 constraints:27026/44025
%% #Model 152.54s var:20690/63398 constraints:26977/44025
%% #Model 156.01s var:20689/63398 constraints:26977/44025
%% #Model 156.15s var:20631/63398 constraints:26940/44025
%% #Model 161.05s var:20630/63398 constraints:26939/44025
%% #Bound 162.00s best:3384  next:[3368,3383] lb_tree_search
%% #Model 166.16s var:20629/63398 constraints:26939/44025
%% #Model 168.28s var:19397/63398 constraints:26071/44025
%% #Model 169.96s var:19396/63398 constraints:26071/44025
%% #Model 170.43s var:19395/63398 constraints:26071/44025
%% #Model 170.74s var:19394/63398 constraints:26071/44025
%% #Model 171.72s var:19387/63398 constraints:26067/44025
%% #Model 172.00s var:18863/63398 constraints:25700/44025
%% #Model 172.37s var:18799/63398 constraints:25647/44025
%% #Model 174.58s var:18798/63398 constraints:25647/44025
%% #Model 180.79s var:18428/63398 constraints:25353/44025
%% #Model 180.83s var:18427/63398 constraints:25352/44025
%% #Model 181.13s var:18426/63398 constraints:25352/44025
%% #Model 194.58s var:17562/63398 constraints:24608/44025
%% #26    203.91s best:3383  next:[3368,3382] reduced_costs
%% #27    205.29s best:3382  next:[3368,3381] graph_dec_lns (d=8.72e-01 s=3002 t=0.10 p=0.52 stall=83 h=base)
%% #Model 205.74s var:17561/63398 constraints:24608/44025
%% #Model 209.92s var:17484/63398 constraints:24543/44025
%% #Model 210.41s var:17193/63398 constraints:24279/44025
%% #Model 219.72s var:17192/63398 constraints:24278/44025
%% #Bound 265.14s best:3382  next:[3369,3381] lb_tree_search
%% #Model 265.20s var:15722/63398 constraints:23081/44025
%% #Model 265.34s var:15721/63398 constraints:23081/44025
%% #Model 272.42s var:15051/63398 constraints:22569/44025
%% #Model 272.48s var:15018/63398 constraints:22530/44025
%% #Model 279.80s var:14983/63398 constraints:22489/44025
%% #Bound 286.86s best:3382  next:[3370,3381] lb_tree_search (nodes=1/1 rc=14 decisions=1008 @root=4 restarts=1 lp_iters=[0, 0, 900, 4'552]) 
%% #Model 287.15s var:14982/63398 constraints:22488/44025
%% #Bound 305.57s best:3382  next:[3371,3381] lb_tree_search (nodes=83/84 rc=15 decisions=1488 @root=7 restarts=1 lp_iters=[0, 0, 2'140, 7'212]) 
%% #Model 310.05s var:14981/63398 constraints:22488/44025
%% #Model 315.15s var:14980/63398 constraints:22488/44025
%% #Model 322.18s var:14958/63398 constraints:22463/44025
%% #Model 363.50s var:14160/63398 constraints:21741/44025
%% #Bound 413.06s best:3382  next:[3372,3381] lb_tree_search
%% #Model 413.13s var:13550/63398 constraints:21113/44025
%% #Model 417.68s var:13549/63398 constraints:21113/44025
%% #Bound 485.50s best:3382  next:[3373,3381] lb_tree_search
%% #Model 485.56s var:13072/63398 constraints:20638/44025
%% #Bound 511.63s best:3382  next:[3374,3381] lb_tree_search (nodes=96/100 rc=18 decisions=2657 @root=13 restarts=2 lp_iters=[0, 0, 6'390, 12'232]) 
%% #Model 539.26s var:13071/63398 constraints:20637/44025
%% #Model 570.83s var:13070/63398 constraints:20636/44025
%% #Model 571.14s var:13069/63398 constraints:20636/44025
%% #Model 571.55s var:13068/63398 constraints:20635/44025
%% #Model 571.71s var:13067/63398 constraints:20634/44025
%% #Model 578.56s var:13064/63398 constraints:20631/44025
%% #Model 580.60s var:13055/63398 constraints:20626/44025
%% #Model 593.93s var:13053/63398 constraints:20624/44025
%% #Model 604.30s var:13032/63398 constraints:20596/44025
%% #Model 604.89s var:12733/63398 constraints:20230/44025
%% #Model 612.99s var:12275/63398 constraints:19692/44025
%% #Model 613.14s var:12274/63398 constraints:19691/44025
%% #Model 614.44s var:12270/63398 constraints:19688/44025
%% #Model 654.24s var:12269/63398 constraints:19687/44025
%% #Bound 664.28s best:3382  next:[3375,3381] lb_tree_search (nodes=141/141 rc=20 decisions=3804 @root=17 restarts=3 lp_iters=[0, 0, 9'790, 18'612]) 
%% #Model 671.61s var:12268/63398 constraints:19686/44025
%% #Model 714.14s var:12267/63398 constraints:19685/44025
%% #Model 719.90s var:12217/63398 constraints:19631/44025
%% #Model 721.03s var:12172/63398 constraints:19581/44025
%% #Model 722.01s var:12169/63398 constraints:19580/44025
%% #Model 722.27s var:12168/63398 constraints:19580/44025
%% #Model 722.79s var:12161/63398 constraints:19574/44025
%% #Model 723.53s var:12160/63398 constraints:19573/44025
%% #Model 727.41s var:11595/63398 constraints:18995/44025
%% #Model 728.09s var:11594/63398 constraints:18994/44025
%% #Model 728.81s var:11591/63398 constraints:18992/44025
%% #Model 755.37s var:11587/63398 constraints:18989/44025
%% #Model 799.06s var:10885/63398 constraints:18186/44025
%% #Model 801.17s var:10884/63398 constraints:18185/44025
%% #Bound 805.81s best:3382  next:[3376,3381] lb_tree_search (nodes=153/154 rc=36 decisions=4787 @root=23 restarts=4 lp_iters=[0, 0, 12'450, 22'982]) 
%% #Model 813.96s var:10883/63398 constraints:18184/44025
%% #Model 814.57s var:10880/63398 constraints:18180/44025
%% #Model 819.24s var:10879/63398 constraints:18179/44025
%% #Model 819.61s var:10878/63398 constraints:18178/44025
%% #Model 819.66s var:10877/63398 constraints:18177/44025
%% #Model 820.91s var:10870/63398 constraints:18170/44025
%% #Model 830.18s var:10869/63398 constraints:18169/44025
%% #Model 837.34s var:10868/63398 constraints:18165/44025
%% #Model 865.20s var:10332/63398 constraints:17598/44025
%% #Bound 895.49s best:3382  next:[3377,3381] lb_tree_search (nodes=135/136 rc=42 decisions=5835 @root=28 restarts=5 lp_iters=[0, 0, 15'050, 27'342]) 
%% #Model 900.51s var:10274/63398 constraints:17529/44025
%% #Model 953.12s var:10032/63398 constraints:17242/44025
%% #Model 971.71s var:10031/63398 constraints:17241/44025
%% #Model 976.19s var:10030/63398 constraints:17240/44025
%% #Model 1000.26s var:10029/63398 constraints:17239/44025
%% #Model 1006.80s var:10028/63398 constraints:17238/44025
%% #Model 1007.92s var:10027/63398 constraints:17237/44025
%% #Model 1012.11s var:10026/63398 constraints:17236/44025
%% #Model 1029.18s var:10025/63398 constraints:17235/44025
%% #Model 1035.98s var:10024/63398 constraints:17234/44025
%% #Model 1036.15s var:10023/63398 constraints:17233/44025
%% #Model 1036.55s var:10022/63398 constraints:17232/44025
%% #Model 1036.74s var:10021/63398 constraints:17231/44025
%% #Model 1037.05s var:10020/63398 constraints:17230/44025
%% #Model 1037.29s var:10019/63398 constraints:17229/44025
%% #Model 1037.55s var:10018/63398 constraints:17228/44025
%% #Model 1037.80s var:10017/63398 constraints:17227/44025
%% #Model 1037.91s var:10015/63398 constraints:17225/44025
%% #Model 1039.18s var:9981/63398 constraints:17182/44025
%% #Bound 1051.84s best:3382  next:[3378,3381] lb_tree_search
%% #Model 1051.91s var:8715/63398 constraints:15731/44025
%% #Model 1052.39s var:8713/63398 constraints:15729/44025
%% #Model 1053.36s var:8712/63398 constraints:15728/44025
%% #Model 1053.84s var:8711/63398 constraints:15728/44025
%% #Model 1054.09s var:8710/63398 constraints:15727/44025
%% #Model 1065.26s var:8683/63398 constraints:15693/44025
%% #Model 1066.79s var:8682/63398 constraints:15692/44025
%% #Model 1072.42s var:8681/63398 constraints:15691/44025
%% #Model 1073.55s var:8680/63398 constraints:15690/44025
%% #Model 1079.14s var:8679/63398 constraints:15689/44025
%% #Model 1079.23s var:8678/63398 constraints:15689/44025
%% #Model 1086.75s var:8677/63398 constraints:15688/44025
%% #Model 1087.16s var:8674/63398 constraints:15686/44025
%% #Model 1106.22s var:8644/63398 constraints:15646/44025
%% #Model 1106.25s var:8643/63398 constraints:15644/44025
%% #Model 1107.76s var:8642/63398 constraints:15643/44025
%% #Model 1107.99s var:8601/63398 constraints:15591/44025
%% #Model 1111.85s var:8592/63398 constraints:15582/44025
%% #Model 1112.27s var:8519/63398 constraints:15491/44025
%% #Model 1112.48s var:8488/63398 constraints:15446/44025
%% #Model 1124.81s var:8487/63398 constraints:15445/44025
%% #Model 1134.40s var:7974/63398 constraints:14722/44025
%% #Model 1136.39s var:7973/63398 constraints:14721/44025
%% #Model 1136.43s var:7960/63398 constraints:14699/44025
%% #Model 1136.95s var:7959/63398 constraints:14698/44025
%% #Model 1137.55s var:7958/63398 constraints:14697/44025
%% #Model 1139.04s var:7957/63398 constraints:14696/44025
%% #Model 1139.08s var:7956/63398 constraints:14695/44025
%% #Model 1141.00s var:7955/63398 constraints:14694/44025
%% #Model 1141.12s var:7954/63398 constraints:14693/44025
%% #Model 1141.54s var:7953/63398 constraints:14692/44025
%% #Model 1142.10s var:7951/63398 constraints:14690/44025
%% #Model 1142.24s var:7948/63398 constraints:14687/44025
%% #Model 1142.41s var:7941/63398 constraints:14681/44025
%% #Model 1142.45s var:7938/63398 constraints:14677/44025
%% #Model 1142.77s var:7937/63398 constraints:14676/44025
%% #Model 1142.86s var:7933/63398 constraints:14672/44025
%% #Model 1142.97s var:7932/63398 constraints:14671/44025
%% #Model 1143.02s var:7931/63398 constraints:14670/44025
%% #Model 1143.26s var:7928/63398 constraints:14668/44025
%% #Model 1143.32s var:7927/63398 constraints:14667/44025
%% #Model 1143.43s var:7920/63398 constraints:14660/44025
%% #Model 1143.60s var:7918/63398 constraints:14659/44025
%% #Model 1143.74s var:7905/63398 constraints:14646/44025
%% #Model 1143.78s var:7861/63398 constraints:14599/44025
%% #Model 1143.83s var:7857/63398 constraints:14596/44025
%% #Model 1143.87s var:7856/63398 constraints:14596/44025
%% #Model 1143.91s var:7846/63398 constraints:14586/44025
%% #Model 1143.94s var:7838/63398 constraints:14579/44025
%% #Model 1143.97s var:7832/63398 constraints:14574/44025
%% #Model 1143.99s var:7831/63398 constraints:14573/44025
%% #Model 1144.07s var:7830/63398 constraints:14573/44025
%% #Model 1144.20s var:7782/63398 constraints:14524/44025
%% #Model 1144.32s var:7778/63398 constraints:14520/44025
%% #Model 1144.64s var:7776/63398 constraints:14519/44025
%% #Model 1144.87s var:7773/63398 constraints:14516/44025
%% #Model 1144.99s var:7759/63398 constraints:14492/44025
%% #Model 1145.15s var:7755/63398 constraints:14487/44025
%% #Model 1145.27s var:7754/63398 constraints:14486/44025
%% #Model 1145.38s var:7749/63398 constraints:14482/44025
%% #Model 1145.53s var:7744/63398 constraints:14478/44025
%% #Model 1145.88s var:7742/63398 constraints:14476/44025
%% #Model 1145.91s var:7740/63398 constraints:14474/44025
%% #Model 1145.96s var:7739/63398 constraints:14473/44025
%% #Model 1146.03s var:7738/63398 constraints:14472/44025
%% #Model 1146.14s var:7737/63398 constraints:14470/44025
%% #Model 1146.24s var:7736/63398 constraints:14469/44025
%% #Model 1146.34s var:7735/63398 constraints:14468/44025
%% #Model 1146.42s var:7733/63398 constraints:14466/44025
%% #Model 1146.45s var:7732/63398 constraints:14465/44025
%% #Model 1146.48s var:7731/63398 constraints:14464/44025
%% #Model 1146.52s var:7730/63398 constraints:14463/44025
%% #Model 1146.84s var:7727/63398 constraints:14460/44025
%% #Model 1147.46s var:7726/63398 constraints:14459/44025
%% #Model 1147.52s var:7725/63398 constraints:14458/44025
%% #Model 1147.72s var:7724/63398 constraints:14457/44025
%% #Model 1148.12s var:7719/63398 constraints:14448/44025
%% #Model 1148.31s var:7718/63398 constraints:14447/44025
%% #Model 1148.34s var:7705/63398 constraints:14428/44025
%% #Model 1148.58s var:7704/63398 constraints:14427/44025
%% #Model 1148.66s var:7699/63398 constraints:14423/44025
%% #Model 1148.69s var:7698/63398 constraints:14423/44025
%% #Model 1148.77s var:7685/63398 constraints:14411/44025
%% #Model 1148.94s var:7684/63398 constraints:14410/44025
%% #Model 1149.04s var:7683/63398 constraints:14409/44025
%% #Model 1149.07s var:7682/63398 constraints:14408/44025
%% #Model 1149.09s var:7681/63398 constraints:14406/44025
%% #Model 1149.12s var:7680/63398 constraints:14405/44025
%% #Model 1149.51s var:7678/63398 constraints:14403/44025
%% #Model 1149.78s var:7677/63398 constraints:14402/44025
%% #Model 1149.85s var:7674/63398 constraints:14399/44025
%% #Bound 1149.87s best:3382  next:[3379,3381] lb_tree_search (nodes=14/15 rc=48 decisions=8575 @root=42 restarts=8 lp_iters=[0, 0, 18'840, 35'202]) 
%% #Model 1149.89s var:7673/63398 constraints:14398/44025
%% #Model 1149.92s var:7672/63398 constraints:14397/44025
%% #Model 1150.13s var:7666/63398 constraints:14392/44025
%% #Model 1150.25s var:7663/63398 constraints:14388/44025
%% #Model 1150.28s var:7653/63398 constraints:14381/44025
%% #Model 1150.41s var:7645/63398 constraints:14373/44025
%% #Model 1150.54s var:7589/63398 constraints:14300/44025
%% #Model 1150.59s var:7588/63398 constraints:14299/44025
%% #Model 1150.61s var:7587/63398 constraints:14298/44025
%% #Model 1150.74s var:7586/63398 constraints:14297/44025
%% #Model 1151.11s var:7570/63398 constraints:14281/44025
%% #Model 1151.20s var:7569/63398 constraints:14280/44025
%% #Model 1151.30s var:7568/63398 constraints:14279/44025
%% #Model 1151.38s var:7567/63398 constraints:14278/44025
%% #Model 1151.50s var:7565/63398 constraints:14277/44025
%% #Model 1151.60s var:7564/63398 constraints:14276/44025
%% #Model 1151.83s var:7563/63398 constraints:14275/44025
%% #Model 1151.97s var:7562/63398 constraints:14274/44025
%% #Model 1152.41s var:7561/63398 constraints:14273/44025
%% #Model 1152.74s var:7560/63398 constraints:14273/44025
%% #Model 1152.76s var:7559/63398 constraints:14273/44025
%% #Model 1152.95s var:7555/63398 constraints:14269/44025
%% #Model 1153.08s var:7554/63398 constraints:14268/44025
%% #Model 1153.21s var:7552/63398 constraints:14266/44025
%% #Model 1153.26s var:7551/63398 constraints:14265/44025
%% #Model 1153.32s var:7543/63398 constraints:14256/44025
%% #Model 1153.35s var:7540/63398 constraints:14254/44025
%% #Model 1153.45s var:7536/63398 constraints:14250/44025
%% #Model 1153.50s var:7533/63398 constraints:14248/44025
%% #Model 1153.62s var:7532/63398 constraints:14247/44025
%% #Model 1153.66s var:7530/63398 constraints:14245/44025
%% #Model 1153.69s var:7529/63398 constraints:14243/44025
%% #Model 1154.14s var:7528/63398 constraints:14242/44025
%% #Model 1155.22s var:7527/63398 constraints:14241/44025
%% #Model 1156.02s var:7507/63398 constraints:14207/44025
%% #Model 1156.44s var:7506/63398 constraints:14206/44025
%% #Model 1156.66s var:7496/63398 constraints:14196/44025
%% #Model 1159.10s var:7474/63398 constraints:14164/44025
%% #Model 1159.25s var:7473/63398 constraints:14164/44025
%% #Model 1160.04s var:7472/63398 constraints:14163/44025
%% #Model 1160.40s var:7460/63398 constraints:14143/44025
%% #Model 1160.43s var:7459/63398 constraints:14142/44025
%% #Model 1162.08s var:7458/63398 constraints:14140/44025
%% #Model 1162.21s var:7457/63398 constraints:14139/44025
%% #Model 1162.47s var:7456/63398 constraints:14138/44025
%% #Model 1162.60s var:7453/63398 constraints:14135/44025
%% #Model 1162.64s var:7434/63398 constraints:14105/44025
%% #Model 1162.95s var:6250/63398 constraints:11952/44025
%% #Model 1163.34s var:6248/63398 constraints:11950/44025
%% #Model 1165.34s var:6247/63398 constraints:11950/44025
%% #Model 1165.93s var:6246/63398 constraints:11950/44025
%% #Model 1166.92s var:6245/63398 constraints:11949/44025
%% #Model 1167.16s var:6244/63398 constraints:11948/44025
%% #Model 1167.61s var:6243/63398 constraints:11947/44025
%% #Model 1167.85s var:6242/63398 constraints:11945/44025
%% #Model 1169.70s var:6241/63398 constraints:11945/44025
%% #Model 1170.19s var:6240/63398 constraints:11944/44025
%% #Model 1170.37s var:6239/63398 constraints:11943/44025
%% #Model 1170.55s var:6238/63398 constraints:11942/44025
%% #Model 1170.70s var:6237/63398 constraints:11942/44025
%% #Bound 1172.65s best:3382  next:[3380,3381] lb_tree_search
%% #Model 1172.71s var:3322/63398 constraints:7258/44025
%% #Model 1172.75s var:3303/63398 constraints:7231/44025
%% #Model 1172.79s var:3156/63398 constraints:6987/44025
%% #Model 1172.82s var:3150/63398 constraints:6979/44025
%% #Model 1172.84s var:3147/63398 constraints:6976/44025
%% #Model 1172.86s var:3138/63398 constraints:6958/44025
%% #Model 1172.89s var:3070/63398 constraints:6849/44025
%% #Model 1172.90s var:3069/63398 constraints:6848/44025
%% #Model 1172.97s var:3040/63398 constraints:6801/44025
%% #Model 1172.99s var:3037/63398 constraints:6799/44025
%% #Model 1173.00s var:3036/63398 constraints:6798/44025
%% #Model 1173.05s var:3030/63398 constraints:6790/44025
%% #Model 1173.07s var:3027/63398 constraints:6787/44025
%% #Model 1173.10s var:3003/63398 constraints:6751/44025
%% #Model 1173.17s var:3000/63398 constraints:6748/44025
%% #Model 1173.24s var:2999/63398 constraints:6747/44025
%% #Model 1173.36s var:2998/63398 constraints:6746/44025
%% #Model 1173.54s var:2986/63398 constraints:6727/44025
%% #Model 1173.65s var:2985/63398 constraints:6726/44025
%% #Bound 1174.25s best:3382  next:[3381,3381] pseudo_costs
%% #Done  1174.25s pseudo_costs
%% Task timing                      n [     min,      max]      avg      dev     time         n [     min,      max]      avg      dev    dtime
%%                  'core':         1 [  19.19m,   19.19m]   19.19m   0.00ns   19.19m         2 [   2.13s,   16.00m]    8.02m    7.98m   16.04m
%%            'default_lp':         1 [  19.19m,   19.19m]   19.19m   0.00ns   19.19m         2 [   2.13s,    1.48m]   45.46s   43.32s    1.52m
%%      'feasibility_pump':      5103 [  7.48ms, 851.89ms]   9.27ms  12.09ms   47.31s      5102 [517.01us, 725.12us] 517.05us   2.91us    2.64s
%%                    'fj':        11 [128.29ms, 844.23ms] 223.50ms 197.73ms    2.46s        11 [101.50ms, 104.87ms] 103.38ms   1.12ms    1.14s
%%                    'fj':        17 [115.54ms, 230.63ms] 142.89ms  31.91ms    2.43s        17 [101.02ms, 104.59ms] 103.03ms   1.16ms    1.75s
%%             'fs_random':         1 [   3.70s,    3.70s]    3.70s   0.00ns    3.70s         1 [945.72ms, 945.72ms] 945.72ms   0.00ns 945.72ms
%%       'fs_random_no_lp':         1 [   3.39s,    3.39s]    3.39s   0.00ns    3.39s         1 [   2.15s,    2.15s]    2.15s   0.00ns    2.15s
%%         'graph_arc_lns':      1219 [  8.54ms,    3.04s] 418.76ms 289.80ms    8.51m      1167 [ 23.19us, 141.51ms]  68.42ms  55.19ms    1.33m
%%         'graph_cst_lns':      1145 [ 11.40ms,    3.23s] 445.90ms 292.79ms    8.51m      1102 [ 10.00ns, 135.01ms]  65.06ms  52.54ms    1.19m
%%         'graph_dec_lns':       990 [ 21.51ms,    3.05s] 515.78ms 334.54ms    8.51m       967 [379.00ns, 132.12ms]  64.63ms  53.45ms    1.04m
%%         'graph_var_lns':      1251 [  7.64ms,    2.60s] 408.29ms 333.34ms    8.51m      1087 [ 25.02us, 142.97ms]  69.38ms  54.24ms    1.26m
%%        'lb_tree_search':         1 [  19.19m,   19.19m]   19.19m   0.00ns   19.19m         2 [   1.37m,   11.48m]    6.42m    5.05m   12.85m
%%                    'ls':      5103 [ 47.51ms, 328.30ms]  92.18ms  22.18ms    7.84m      5103 [ 42.27ms, 103.04ms] 101.01ms   1.08ms    8.59m
%%                'ls_lin':      5103 [ 60.94ms, 307.34ms]  92.86ms  22.99ms    7.90m      5103 [ 57.77ms, 103.24ms] 101.01ms 903.61us    8.59m
%%                'max_lp':         1 [  19.19m,   19.19m]   19.19m   0.00ns   19.19m         2 [   4.68s,   11.71m]    5.89m    5.82m   11.79m
%%                 'no_lp':         1 [  19.19m,   19.19m]   19.19m   0.00ns   19.19m         2 [   2.13s,    7.28m]    3.66m    3.62m    7.31m
%%               'probing':         1 [  19.19m,   19.19m]   19.19m   0.00ns   19.19m         2 [   2.13s,   52.19s]   27.16s   25.03s   54.33s
%%          'pseudo_costs':         1 [  19.19m,   19.19m]   19.19m   0.00ns   19.19m         2 [   2.14s,    5.78m]    2.91m    2.87m    5.81m
%%         'quick_restart':         1 [  19.19m,   19.19m]   19.19m   0.00ns   19.19m         2 [   2.13s,    1.05m]   32.46s   30.33s    1.08m
%%   'quick_restart_no_lp':         1 [  19.19m,   19.19m]   19.19m   0.00ns   19.19m         2 [   2.13s,    7.09m]    3.56m    3.53m    7.12m
%%         'reduced_costs':         1 [  19.19m,   19.19m]   19.19m   0.00ns   19.19m         2 [   2.14s,    4.83m]    2.43m    2.40m    4.87m
%%             'rins/rens':      1558 [  3.31ms,    3.05s] 327.90ms 258.78ms    8.51m      1278 [ 10.00ns, 102.51ms]  64.47ms  42.43ms    1.37m
%%           'rnd_cst_lns':      1112 [  9.17ms,    3.44s] 459.14ms 316.46ms    8.51m      1073 [  9.78us, 137.67ms]  68.64ms  54.36ms    1.23m
%%           'rnd_var_lns':      1089 [ 13.91ms,    2.57s] 468.66ms 319.30ms    8.51m      1073 [ 10.00ns, 137.63ms]  65.57ms  54.83ms    1.17m
%% 
%% Search stats               Bools  Conflicts    Branches  Restarts  BacktrackToRoot  Backtrack     BoolPropag  IntegerPropag
%%                  'core':  66'559    643'823   6'658'842     1'027            6'350    692'601  2'222'949'416    523'131'332
%%            'default_lp':  63'398    302'954     895'543       530            4'316    315'101    113'667'335    142'683'173
%%             'fs_random':  63'398          0         966         0              966        966      5'388'431      5'311'980
%%       'fs_random_no_lp':  63'398          0       1'128         0            1'117      1'117      6'487'749      6'398'816
%%        'lb_tree_search':  63'398      1'037     699'206         0           38'444    142'063    408'008'710    444'364'157
%%                'max_lp':  63'398      2'277     358'678        20           17'708     78'390    289'461'426    303'359'350
%%                 'no_lp':  63'398  2'332'954   5'292'219     2'696           13'517  2'379'857    487'869'276    629'018'613
%%               'probing':  63'398         16      84'343         0           80'688     80'703    284'128'275    288'152'881
%%          'pseudo_costs':  63'398     23'368     275'854       113            8'338     62'582    225'735'003    233'746'629
%%         'quick_restart':  63'398     72'938   5'857'132     6'783           10'918     89'390    145'170'286    169'628'918
%%   'quick_restart_no_lp':  63'398    649'418  40'995'065    60'382           72'023    757'210  1'006'744'678  1'141'318'943
%%         'reduced_costs':  63'398     63'527   1'094'956        13            3'241     73'704    222'731'410    206'042'930
%% 
%% SAT formula                Fixed  Equiv   Total  VarLeft  BinaryClauses  PermanentClauses  TemporaryClauses
%%                  'core':  61'048    446  66'559    5'065        864'656            45'035            14'449
%%            'default_lp':  54'910     80  63'398    8'408      1'966'912            15'277             8'990
%%             'fs_random':       0      0  63'398   63'398      2'547'262            51'458                 0
%%       'fs_random_no_lp':       0      0  63'398   63'398      2'869'582            51'458                 0
%%        'lb_tree_search':  61'727    401  63'398    1'270        132'774             1'465                19
%%                'max_lp':  54'911     81  63'398    8'406      1'873'070            11'790               649
%%                 'no_lp':  55'871     81  63'398    7'446      1'739'440            13'060             9'917
%%               'probing':  57'156      0  63'398    6'242      4'572'656            15'329                 0
%%          'pseudo_costs':  63'126    117  63'398      155        288'256             5'461             1'333
%%         'quick_restart':  60'413     81  63'398    2'904      1'887'126            14'414             4'916
%%   'quick_restart_no_lp':  60'413     87  63'398    2'898      1'057'554            10'945            13'814
%%         'reduced_costs':  53'124     66  63'398   10'208      2'712'384            17'276            10'349
%% 
%% SAT stats                 ClassicMinim   LitRemoved  LitRemovedBinary   LitLearned  LitForgotten  Subsumed
%%                  'core':       559'434  111'788'790        86'841'232  273'241'131   221'004'437    83'817
%%            'default_lp':       299'648   84'643'993        22'089'696   83'283'218    62'455'869    13'337
%%             'fs_random':             0            0                 0            0             0         0
%%       'fs_random_no_lp':             0            0                 0            0             0         0
%%        'lb_tree_search':           462        8'191           137'841       33'422             0       301
%%                'max_lp':         2'051      165'920           634'753      238'500             0       656
%%                 'no_lp':     2'311'476  622'649'855       215'272'991  618'422'508   571'003'607    97'292
%%               'probing':             1           11               723           23             0         1
%%          'pseudo_costs':        21'665    4'565'652         6'090'148    6'495'366     2'524'926     5'918
%%         'quick_restart':        71'699    5'713'798        21'168'775   17'547'262     9'415'783     8'890
%%   'quick_restart_no_lp':       638'406   45'389'374       224'222'616  129'816'798   108'330'774    83'259
%%         'reduced_costs':        62'508   14'617'524        24'833'284   61'769'291    35'879'558     4'140
%% 
%% Vivification              Clauses  Decisions  LitTrue  Subsumed  LitRemoved  DecisionReused  Conflicts
%%                  'core':    3'312    448'835        0     1'011     233'215           2'795      1'305
%%            'default_lp':    2'835     56'264       19     1'626      32'577           5'770         13
%%             'fs_random':        0          0        0         0           0               0          0
%%       'fs_random_no_lp':        0          0        0         0           0               0          0
%%        'lb_tree_search':   40'286    589'631      112    14'043     336'283          13'123        132
%%                'max_lp':   18'994    294'660        7     7'206     167'479           4'845         60
%%                 'no_lp':   11'820    214'628        3     5'834     521'335          10'535        198
%%               'probing':    1'118      4'655      119       606       5'698             108          0
%%          'pseudo_costs':    7'856    133'039       59     3'548      58'942           7'797        162
%%         'quick_restart':    3'129     57'636       95     1'763      25'808           4'614         15
%%   'quick_restart_no_lp':   11'416    311'090       23     4'911     186'932           3'943        132
%%         'reduced_costs':    2'188     67'466        3     1'132      12'437           4'722         23
%% 
%% Clause deletion           at_true  l_and_not(l)  to_binary  sub_conflict  sub_extra  sub_decisions  sub_eager  sub_vivify  sub_probing  sub_inpro  blocked  eliminated  forgotten   promoted  conflicts
%%                  'core':   66'890         1'198      8'787        75'429      2'317            197      8'388       1'011          853     13'101        0           0    471'131  1'675'364    643'823
%%            'default_lp':   80'292           104      6'304        11'385        371              4      1'952       1'626          172        678        0           0    235'164    629'406    302'954
%%             'fs_random':        0             0          0             0          0              0          0           0            0          0        0           0          0          0          0
%%       'fs_random_no_lp':        0             0          0             0          0              0          0           0            0          0        0           0          0          0          0
%%        'lb_tree_search':   36'973           386      5'513           290          2             28         11      14'043          538        752        0           0          0        502      1'037
%%                'max_lp':   31'967         1'183      6'511           604          2             17         52       7'206          256      1'131        0           0          0      3'997      2'277
%%                 'no_lp':   70'919           108      7'094        84'369      2'246             14     12'923       5'834          172      1'293        0           0  2'186'445  4'842'549  2'332'954
%%               'probing':   40'155             0      6'817             1          0              0          0         606            0          0        0           0          0          0         16
%%          'pseudo_costs':   46'089           629      7'412         5'607         43            192        311       3'548          488      4'065        0           0      8'053     77'247     23'368
%%         'quick_restart':   62'633           869      6'864         7'510         73             39      1'380       1'763           73        511        0           0     34'106    139'526     72'938
%%   'quick_restart_no_lp':   97'807           135      7'988        71'112        720            436     12'147       4'911          250      2'960        0           0    481'219  1'217'212    649'418
%%         'reduced_costs':   37'968           141      5'157         3'732         79             15        408       1'132           55        716        0           0     41'342    222'383     63'527
%% 
%% Lp stats             Component  Iterations  AddedCuts    OPTIMAL  DUAL_F.  DUAL_U.
%%       'default_lp':         20          20          0    479'761        0        0
%%        'fs_random':         20           0          0          0        0        0
%%   'lb_tree_search':          1     275'373        846         39    5'451        0
%%           'max_lp':          1     222'840          0          2   13'669        0
%%          'probing':         20          18          0  3'890'896        0        0
%%     'pseudo_costs':          1   1'148'902      1'749        239   90'745        0
%%    'quick_restart':         20          36          0    548'402        0        0
%%    'reduced_costs':          1   1'011'601        715        146   98'952        0
%% 
%% Lp dimension                Final dimension of first component
%%       'default_lp':              0 rows, 86 columns, 0 entries
%%        'fs_random':              0 rows, 86 columns, 0 entries
%%   'lb_tree_search':  22686 rows, 63398 columns, 412427 entries
%%           'max_lp':  46118 rows, 63398 columns, 656193 entries
%%          'probing':              0 rows, 86 columns, 0 entries
%%     'pseudo_costs':    1942 rows, 63398 columns, 11001 entries
%%    'quick_restart':              0 rows, 86 columns, 0 entries
%%    'reduced_costs':    4249 rows, 63398 columns, 55808 entries
%% 
%% Lp debug             CutPropag  CutEqPropag  Adjust  Overflow      Bad  BadScaling
%%       'default_lp':          0            0       0         0        0           0
%%        'fs_random':          0            0       0         0        0           0
%%   'lb_tree_search':          0            0   5'490         0  171'260           0
%%           'max_lp':          0            0  13'671         0        0           0
%%          'probing':          0            0       0         0        0           0
%%     'pseudo_costs':          0            0  90'823         0   52'034           0
%%    'quick_restart':          0            0       0         0        0           0
%%    'reduced_costs':          0            0  98'716         0   16'630           0
%% 
%% Lp pool              Constraints  Updates    Simplif  Merged  Shortened  Split  Strengthened    Cuts/Call
%%       'default_lp':        1'273        0     36'660       0      4'993      0             0          0/0
%%        'fs_random':        1'273        0          0       0          0      0             0          0/0
%%   'lb_tree_search':      117'369    5'806  1'120'629       0    183'784      0            80    846/2'744
%%           'max_lp':      116'523        0     92'107       0     92'107      0             0          0/0
%%          'probing':        1'273        0    151'769       0      7'275      0             0          0/0
%%     'pseudo_costs':      118'269    1'480  2'180'283       3    304'163      0            91  1'749/5'106
%%    'quick_restart':        1'273        0    106'039       0      6'933      0             0          0/0
%%    'reduced_costs':      117'238      487  1'152'702       0    220'381      0            58    715/1'837
%% 
%% Lp Cut           pseudo_costs  reduced_costs  lb_tree_search
%%          CG_FF:            60             44               -
%%           CG_K:            24              2               -
%%          CG_KL:            22              4               -
%%           CG_R:            83             45               -
%%         Clique:           247            165              89
%%      MIR_1_RLT:           192            116              75
%%       MIR_2_FF:             1              -             152
%%       MIR_3_FF:           169             78             120
%%       MIR_3_KL:             1              -               1
%%       MIR_4_FF:           165             56             130
%%       MIR_4_KL:             -              1               -
%%        MIR_4_R:             1              -               -
%%       MIR_5_FF:           143             38             154
%%       MIR_5_KL:            14              5               -
%%       MIR_6_FF:            74             20              89
%%       MIR_6_KL:             5              1               -
%%   ZERO_HALF_FF:           354             82               4
%%   ZERO_HALF_KL:             9              -               -
%%    ZERO_HALF_R:           185             58              32
%% 
%% LNS stats           Improv/Calls  Closed  Difficulty  TimeLimit
%%   'graph_arc_lns':       77/1182     50%    7.59e-01       0.14
%%   'graph_cst_lns':       96/1127     52%    9.12e-01       0.13
%%   'graph_dec_lns':        85/985     51%    9.27e-01       0.13
%%   'graph_var_lns':       76/1099     51%    8.93e-01       0.14
%%       'rins/rens':      230/1382     51%    6.83e-01       0.10
%%     'rnd_cst_lns':       81/1095     51%    8.79e-01       0.14
%%     'rnd_var_lns':       81/1085     51%    9.45e-01       0.14
%% 
%% LS stats                                    Batches  Restarts/Perturbs  LinMoves  GenMoves  CompoundMoves  Bactracks  WeightUpdates  ScoreComputed
%%                              'fj_restart':        1                  1        70         0              0          0              2         63'398
%%                     'fj_restart_compound':        2                  1         0       141             59         29              0        132'537
%%                 'fj_restart_compound_obj':        1                  1         0        72             43          0              0         30'737
%%             'fj_restart_compound_perturb':        1                  1         0        80             80          0              0         13'279
%%         'fj_restart_compound_perturb_obj':        3                  2         0       748            748          0              0         97'946
%%               'fj_restart_decay_compound':        3                  2         0       205             61         68              0        231'335
%%           'fj_restart_decay_compound_obj':        1                  1         0        69              0          0              0         36'977
%%       'fj_restart_decay_compound_perturb':        1                  1         0       186            185          0              0         25'556
%%   'fj_restart_decay_compound_perturb_obj':        2                  1         0       676            676          0              0         87'456
%%                    'fj_restart_decay_obj':        2                  1       151         0              0          0              2         60'115
%%                'fj_restart_decay_perturb':        4                  2     1'198         0              0          0              1        195'910
%%            'fj_restart_decay_perturb_obj':        1                  1        88         0              0          0              0         25'209
%%                          'fj_restart_obj':        1                  1        74         0              0          0              2         49'335
%%                      'fj_restart_perturb':        2                  2       721         0              0          0              0         98'557
%%                  'fj_restart_perturb_obj':        3                  2       693         0              0          0              0        139'045
%%                          'ls_lin_restart':      525                190    49'134         0              0          0         16'635      2'414'476
%%                 'ls_lin_restart_compound':      541                158         0    43'080            534     21'164             66      3'715'346
%%         'ls_lin_restart_compound_perturb':      696                175         0    56'344          1'614     27'262            125      4'363'730
%%                    'ls_lin_restart_decay':      807                171    69'875         0              0          0          4'994      4'071'128
%%           'ls_lin_restart_decay_compound':      821                157         0    65'996          3'976     30'865            160      4'842'249
%%   'ls_lin_restart_decay_compound_perturb':      586                170         0    46'727          1'698     22'388            104      3'740'195
%%            'ls_lin_restart_decay_perturb':      448                172    38'526         0              0          0          4'740      2'246'950
%%                  'ls_lin_restart_perturb':      679                168    68'161         0              0          0         18'342      3'083'715
%%                              'ls_restart':      693                171    69'222         0              0          0         18'508      3'181'892
%%                     'ls_restart_compound':      440                158         0    35'226            608     17'200             52      3'071'635
%%             'ls_restart_compound_perturb':      628                172         0    50'222            829     24'585             96      4'246'106
%%                        'ls_restart_decay':      641                186    54'874         0              0          0          5'170      3'146'268
%%               'ls_restart_decay_compound':      562                198         0    45'237          1'321     21'835             91      3'738'010
%%       'ls_restart_decay_compound_perturb':      899                157         0    72'475          5'035     33'560            138      5'502'648
%%                'ls_restart_decay_perturb':      647                162    55'706         0              0          0          4'699      3'062'609
%%                      'ls_restart_perturb':      593                159    57'250         0              0          0         17'589      2'683'306
%% 
%% Solutions (27)               Num     Rank
%%          'fs_random_no_lp':    2    [0,1]
%%            'graph_arc_lns':    4  [11,23]
%%            'graph_cst_lns':    2  [23,24]
%%            'graph_dec_lns':   10   [4,27]
%%            'graph_var_lns':   10   [3,17]
%%     'ls_lin_restart_decay':    2  [20,21]
%%   'ls_lin_restart_perturb':    2  [18,19]
%%               'ls_restart':    4  [10,18]
%%                    'no_lp':    2    [7,8]
%%            'quick_restart':    2    [5,6]
%%      'quick_restart_no_lp':    2    [1,2]
%%            'reduced_costs':    2  [25,26]
%%              'rnd_cst_lns':    2    [2,3]
%%              'rnd_var_lns':    8   [6,25]
%% 
%% Objective bounds     Num
%%       'default_lp':    1
%%   'initial_domain':    1
%%   'lb_tree_search':   14
%%           'max_lp':    2
%%     'pseudo_costs':    4
%%    'quick_restart':    1
%%    'reduced_costs':    2
%% 
%% Solution repositories     Added  Queried  Synchro
%%     'alternative_path':   1'680    5'932    1'672
%%       'best_solutions':   4'531    6'275    3'403
%%    'fj solution hints':      12        0       12
%%         'lp solutions':  11'362      757    8'010
%%                 'pump':   5'102      800
%% 
%% Improving bounds shared       Num  Sym
%%                   'core':     998    0
%%             'default_lp':     558    0
%%         'lb_tree_search':  13'270    0
%%                 'max_lp':  10'821    0
%%                  'no_lp':   4'141    0
%%                'probing':   6'980    0
%%           'pseudo_costs':  13'028    0
%%          'quick_restart':   4'039    0
%%    'quick_restart_no_lp':   3'923    0
%%          'reduced_costs':   4'026    0
%% 
%% Clauses shared            #Exported  #Imported  #BinaryRead  #BinaryTotal
%%                  'core':    634'472     11'608   12'621'456    12'621'460
%%            'default_lp':    510'664     12'381   12'447'276    12'621'460
%%             'fs_random':          0          0            0    12'621'460
%%       'fs_random_no_lp':          0          0            0    12'621'460
%%        'lb_tree_search':    987'054     13'174   12'604'106    12'621'460
%%                'max_lp':  1'098'312     12'294   12'445'189    12'621'460
%%                 'no_lp':    711'148     12'460   12'603'321    12'621'460
%%               'probing':  6'051'528     13'338   12'604'003    12'621'460
%%          'pseudo_costs':    761'594     12'917   12'621'456    12'621'460
%%         'quick_restart':    621'508     12'292   12'621'460    12'621'460
%%   'quick_restart_no_lp':  1'214'316      4'343   12'621'460    12'621'460
%%         'reduced_costs':     45'337     10'900   12'298'805    12'621'460
%% 
%% LRAT_status: NA
%% CpSolverResponse summary:
%% status: OPTIMAL
%% objective: 3382
%% best_bound: 3382
%% integers: 62584
%% booleans: 63398
%% conflicts: 0
%% branches: 1128
%% propagations: 6487749
%% integer_propagations: 6398816
%% restarts: 0
%% lp_iterations: 0
%% walltime: 1174.65
%% usertime: 1174.65
%% deterministic_time: 5722.38
%% gap_integral: 3954.07
%% solution_fingerprint: 0x91148227f419cf37
%% 
p = [94, 96, 93, 138, 0, 196, 99, 136, 180, 143, 195, 142];
objective = 3382;
----------
==========
   Done (overall time 1185.51 s).
