c cmd: /host-parser-bin/kat_xcsp_243acd4c_logscop_directexpr_norootlp_20260522 /bench/competition/2022-2025/COP22to25/RCPSP-j120-01-02_c22.xml.lzma --encoder log-scop --cop-objective-cut direct-expr --order-ge-table mdd-tl --no-root-lp-bound --progress
c 00h00m00s | solve:start
c 00h00m00s | input: constraints=187
c 00h00m00s | stage:propagate:start
c 00h00m00s | stage:propagate:done ms=0 pruned=8065 changed_domains=121 entailed_tables=0
c 00h00m00s | memory:rss checkpoint=after_propagate bytes=2138112
c 00h00m00s | stage:normalize:start
c 00h00m00s | stage:normalize:done ms=0 high_constraints=187
c 00h00m00s | stage:lower:start
c 00h00m00s | stage:lower:progress percent=10 processed=19 total=187 lowered=19 unsupported=0 ms=0
c 00h00m00s | stage:lower:progress percent=20 processed=38 total=187 lowered=38 unsupported=0 ms=0
c 00h00m00s | stage:lower:progress percent=30 processed=57 total=187 lowered=57 unsupported=0 ms=0
c 00h00m00s | stage:lower:progress percent=40 processed=75 total=187 lowered=75 unsupported=0 ms=0
c 00h00m00s | stage:lower:progress percent=50 processed=94 total=187 lowered=94 unsupported=0 ms=0
c 00h00m00s | stage:lower:progress percent=60 processed=113 total=187 lowered=113 unsupported=0 ms=0
c 00h00m00s | stage:lower:progress percent=70 processed=131 total=187 lowered=131 unsupported=0 ms=0
c 00h00m00s | stage:lower:progress percent=80 processed=150 total=187 lowered=150 unsupported=0 ms=0
c 00h00m00s | stage:lower:progress percent=90 processed=169 total=187 lowered=169 unsupported=0 ms=0
c 00h00m01s | stage:lower:progress percent=100 processed=187 total=187 lowered=187 unsupported=0 ms=1247
c 00h00m01s | stage:lower:done ms=1281 lowered=187 unsupported=0
c 00h00m01s | memory:rss checkpoint=after_lower bytes=73957376
c 00h00m01s | stage:post_lower:start
c 00h00m01s | stage:post_lower:done ms=89 rounds=0 tightened=0 removed_cls=14919 removed_lits=8100 unsat=false precise_hits=0 precise_rounds=0 pivot_recomputes=0 pivot_exact_attempts=0 pivot_general_attempts=0 pivot_general_rest_missing=0 pivot_general_bound_missing=0 pivot_general_no_change=0 pivot_general_tightened=0 setup_ms=40 loop_ms=39 pivot_ms=0 pivot_version_ms=0 pivot_exact_ms=0 pivot_general_ms=0 pivot_general_prepare_ms=0 pivot_general_rest_ms=0 pivot_general_derive_ms=0 apply_ms=8 sat_ms=0 precise_ms=0
c 00h00m01s | memory:rss checkpoint=after_post_lower bytes=95219712
c 00h00m01s | stage:lowered-shape int_vars=122 bool_vars=152798 linear_atoms=155526 table_atoms=0 table_tuples=0 table_scope=0 alldiff_atoms=0 circuit_atoms=0 product_atoms=0 logical_clauses=293405
c 00h00m01s | stage:root-lp:skip reason=disabled ms=0
c 00h00m01s | memory:rss checkpoint=before_preencode bytes=95219712
c 00h00m01s | stage:preencode(log-scop):start
c 00h00m01s | stage:preencode(log-scop):done ms=1 int_vars=122
c 00h00m01s | memory:rss checkpoint=after_preencode bytes=78098432
c 00h00m01s | memory:rss checkpoint=before_encode bytes=78098432
c 00h00m01s | stage:encode(log-scop):start
c 00h00m01s | memory:rss checkpoint=encode_clause_sample stage=log-scop clauses=497146 bytes=245379072 progress_percent=10 processed=29341 total=293405
c 00h00m01s | stage:encode(log-scop):progress percent=10 processed=29341 total=293405 sat_clauses=497146 ms=326
c 00h00m01s | memory:rss checkpoint=encode_clause_sample stage=log-scop clauses=968759 bytes=293560320 progress_percent=20 processed=58681 total=293405
c 00h00m01s | stage:encode(log-scop):progress percent=20 processed=58681 total=293405 sat_clauses=968759 ms=513
c 00h00m02s | memory:rss checkpoint=encode_clause_sample stage=log-scop clauses=1467292 bytes=474865664 progress_percent=30 processed=88022 total=293405
c 00h00m02s | stage:encode(log-scop):progress percent=30 processed=88022 total=293405 sat_clauses=1467292 ms=789
c 00h00m02s | memory:rss checkpoint=encode_clause_sample stage=log-scop clauses=1964695 bytes=521564160 progress_percent=40 processed=117362 total=293405
c 00h00m02s | stage:encode(log-scop):progress percent=40 processed=117362 total=293405 sat_clauses=1964695 ms=980
c 00h00m02s | memory:rss checkpoint=encode_clause_sample stage=log-scop clauses=2424976 bytes=828510208 progress_percent=50 processed=146703 total=293405
c 00h00m02s | stage:encode(log-scop):progress percent=50 processed=146703 total=293405 sat_clauses=2424976 ms=1334
c 00h00m02s | memory:rss checkpoint=encode_clause_sample stage=log-scop clauses=2920937 bytes=872931328 progress_percent=60 processed=176043 total=293405
c 00h00m02s | stage:encode(log-scop):progress percent=60 processed=176043 total=293405 sat_clauses=2920937 ms=1521
c 00h00m03s | memory:rss checkpoint=encode_clause_sample stage=log-scop clauses=3375094 bytes=922562560 progress_percent=70 processed=205384 total=293405
c 00h00m03s | stage:encode(log-scop):progress percent=70 processed=205384 total=293405 sat_clauses=3375094 ms=1703
c 00h00m03s | memory:rss checkpoint=encode_clause_sample stage=log-scop clauses=3894399 bytes=978862080 progress_percent=80 processed=234724 total=293405
c 00h00m03s | stage:encode(log-scop):progress percent=80 processed=234724 total=293405 sat_clauses=3894399 ms=1911
c 00h00m03s | memory:rss checkpoint=encode_clause_sample stage=log-scop clauses=4413041 bytes=1035812864 progress_percent=90 processed=264065 total=293405
c 00h00m03s | stage:encode(log-scop):progress percent=90 processed=264065 total=293405 sat_clauses=4413041 ms=2128
c 00h00m03s | memory:rss checkpoint=encode_clause_sample stage=log-scop clauses=4901198 bytes=1598943232 progress_percent=100 processed=293405 total=293405
c 00h00m03s | stage:encode(log-scop):progress percent=100 processed=293405 total=293405 sat_clauses=4901198 ms=2576
c 00h00m03s | stage:encode(log-scop):done ms=2585 sat_vars=3230217 sat_clauses=4901198 ext_ge_specs=0 relaxed_circuits=0 log_scop_pb_constraints=278489 log_scop_pb_mixed=0 log_scop_pb_bdd2=278489 log_scop_pb_bdd3=0 log_scop_pb_sorter=0 log_scop_pb_dadda=0 log_scop_bdd_raw=278489 log_scop_bdd_binary=0 log_scop_bdd_multibase=0
c 00h00m04s | stage:sat:init solver=CaDiCaL vars=3230217 clauses=4901198
c 00h00m04s | stage:sat:solve:start round=1 circuit_cegar_rounds=- cumulative_cegar_rounds=1 cop_cegar_rounds=1 assumptions=0 phase_lits=0
c 00h00m06s | stage:sat:solve:done round=1 ms=2826 result=Sat assumptions=0 phase_lits=0
c 00h00m06s | stage:decode:start round=1 requested_int_ids=122
c 00h00m06s | stage:decode:final:start round=1 requested_int_ids=122
c 00h00m06s | stage:decode:done round=1 int_assignments=122
c 00h00m06s | stage:relaxation:done clauses_added=0 circuit_cegar_failures=0 circuit_cegar_rounds=0 circuit_cegar_added_clauses=0 cumulative_cegar_failures=0 cumulative_cegar_rounds=1 cumulative_cegar_added_clauses=0 cop_cegar_failures=0 cop_cegar_rounds=1 cop_cegar_added_clauses=0
c 00h00m06s | result:Sat
c 00h00m06s | objective:incumbent kind=initial value=629 rounds=1 improvements=0
o 629
c 00h00m06s | stage:sat:init solver=CaDiCaL vars=3230217 clauses=4901198
c 00h00m06s | stage:sat:solve:start round=1 circuit_cegar_rounds=- cumulative_cegar_rounds=2 cop_cegar_rounds=2 assumptions=0 phase_lits=1210
c 00h00m07s | stage:sat:solve:done round=1 ms=878 result=Sat assumptions=0 phase_lits=1210
c 00h00m07s | stage:decode:start round=1 requested_int_ids=122
c 00h00m07s | stage:relaxation:done round=1 clauses_added=15 circuit_clauses_added=0 cumulative_clauses_added=0 cop_clauses_added=15 circuit_cegar_failures=0 circuit_cegar_rounds=0 circuit_cegar_added_clauses=0 cumulative_cegar_failures=0 cumulative_cegar_rounds=2 cumulative_cegar_added_clauses=0 cop_cegar_failures=1 cop_cegar_rounds=2 cop_cegar_added_clauses=15
c 00h00m07s | stage:sat:solve:start round=2 circuit_cegar_rounds=- cumulative_cegar_rounds=3 cop_cegar_rounds=3 assumptions=0 phase_lits=1210
c 00h00m09s | stage:sat:solve:done round=2 ms=1141 result=Sat assumptions=0 phase_lits=1210
c 00h00m09s | stage:decode:start round=2 requested_int_ids=122
c 00h00m09s | stage:decode:final:start round=2 requested_int_ids=122
c 00h00m09s | stage:decode:done round=2 int_assignments=122
c 00h00m09s | stage:relaxation:done clauses_added=0 circuit_cegar_failures=0 circuit_cegar_rounds=0 circuit_cegar_added_clauses=0 cumulative_cegar_failures=0 cumulative_cegar_rounds=3 cumulative_cegar_added_clauses=0 cop_cegar_failures=1 cop_cegar_rounds=3 cop_cegar_added_clauses=15
c 00h00m09s | result:Sat
c 00h00m09s | objective:incumbent kind=improvement value=501 rounds=2 improvements=1
o 501
c 00h00m09s | stage:sat:init solver=CaDiCaL vars=3230217 clauses=4901198
c 00h00m09s | stage:sat:solve:start round=1 circuit_cegar_rounds=- cumulative_cegar_rounds=4 cop_cegar_rounds=4 assumptions=0 phase_lits=1210
c 00h00m09s | stage:sat:solve:done round=1 ms=857 result=Sat assumptions=0 phase_lits=1210
c 00h00m09s | stage:decode:start round=1 requested_int_ids=122
c 00h00m09s | stage:relaxation:done round=1 clauses_added=14 circuit_clauses_added=0 cumulative_clauses_added=0 cop_clauses_added=14 circuit_cegar_failures=0 circuit_cegar_rounds=0 circuit_cegar_added_clauses=0 cumulative_cegar_failures=0 cumulative_cegar_rounds=4 cumulative_cegar_added_clauses=0 cop_cegar_failures=2 cop_cegar_rounds=4 cop_cegar_added_clauses=29
c 00h00m10s | stage:sat:solve:start round=2 circuit_cegar_rounds=- cumulative_cegar_rounds=5 cop_cegar_rounds=5 assumptions=0 phase_lits=1210
c 00h00m10s | stage:sat:solve:done round=2 ms=800 result=Sat assumptions=0 phase_lits=1210
c 00h00m10s | stage:decode:start round=2 requested_int_ids=122
c 00h00m10s | stage:decode:final:start round=2 requested_int_ids=122
c 00h00m10s | stage:decode:done round=2 int_assignments=122
c 00h00m10s | stage:relaxation:done clauses_added=0 circuit_cegar_failures=0 circuit_cegar_rounds=0 circuit_cegar_added_clauses=0 cumulative_cegar_failures=0 cumulative_cegar_rounds=5 cumulative_cegar_added_clauses=0 cop_cegar_failures=2 cop_cegar_rounds=5 cop_cegar_added_clauses=29
c 00h00m10s | result:Sat
c 00h00m10s | objective:incumbent kind=improvement value=500 rounds=3 improvements=2
o 500
c 00h00m10s | stage:sat:init solver=CaDiCaL vars=3230217 clauses=4901198
c 00h00m10s | stage:sat:solve:start round=1 circuit_cegar_rounds=- cumulative_cegar_rounds=6 cop_cegar_rounds=6 assumptions=0 phase_lits=1210
c 00h00m11s | stage:sat:solve:done round=1 ms=855 result=Sat assumptions=0 phase_lits=1210
c 00h00m11s | stage:decode:start round=1 requested_int_ids=122
c 00h00m11s | stage:relaxation:done round=1 clauses_added=13 circuit_clauses_added=0 cumulative_clauses_added=0 cop_clauses_added=13 circuit_cegar_failures=0 circuit_cegar_rounds=0 circuit_cegar_added_clauses=0 cumulative_cegar_failures=0 cumulative_cegar_rounds=6 cumulative_cegar_added_clauses=0 cop_cegar_failures=3 cop_cegar_rounds=6 cop_cegar_added_clauses=42
c 00h00m11s | stage:sat:solve:start round=2 circuit_cegar_rounds=- cumulative_cegar_rounds=7 cop_cegar_rounds=7 assumptions=0 phase_lits=1210
c 00h00m12s | stage:sat:solve:done round=2 ms=803 result=Sat assumptions=0 phase_lits=1210
c 00h00m12s | stage:decode:start round=2 requested_int_ids=122
c 00h00m12s | stage:decode:final:start round=2 requested_int_ids=122
c 00h00m12s | stage:decode:done round=2 int_assignments=122
c 00h00m12s | stage:relaxation:done clauses_added=0 circuit_cegar_failures=0 circuit_cegar_rounds=0 circuit_cegar_added_clauses=0 cumulative_cegar_failures=0 cumulative_cegar_rounds=7 cumulative_cegar_added_clauses=0 cop_cegar_failures=3 cop_cegar_rounds=7 cop_cegar_added_clauses=42
c 00h00m12s | result:Sat
c 00h00m12s | objective:incumbent kind=improvement value=484 rounds=4 improvements=3
o 484
c 00h00m12s | stage:sat:init solver=CaDiCaL vars=3230217 clauses=4901198
c 00h00m12s | stage:sat:solve:start round=1 circuit_cegar_rounds=- cumulative_cegar_rounds=8 cop_cegar_rounds=8 assumptions=0 phase_lits=1210
c 00h00m13s | stage:sat:solve:done round=1 ms=853 result=Sat assumptions=0 phase_lits=1210
c 00h00m13s | stage:decode:start round=1 requested_int_ids=122
c 00h00m13s | stage:relaxation:done round=1 clauses_added=14 circuit_clauses_added=0 cumulative_clauses_added=0 cop_clauses_added=14 circuit_cegar_failures=0 circuit_cegar_rounds=0 circuit_cegar_added_clauses=0 cumulative_cegar_failures=0 cumulative_cegar_rounds=8 cumulative_cegar_added_clauses=0 cop_cegar_failures=4 cop_cegar_rounds=8 cop_cegar_added_clauses=56
c 00h00m13s | stage:sat:solve:start round=2 circuit_cegar_rounds=- cumulative_cegar_rounds=9 cop_cegar_rounds=9 assumptions=0 phase_lits=1210
c 00h00m14s | stage:sat:solve:done round=2 ms=890 result=Sat assumptions=0 phase_lits=1210
c 00h00m14s | stage:decode:start round=2 requested_int_ids=122
c 00h00m14s | stage:decode:final:start round=2 requested_int_ids=122
c 00h00m14s | stage:decode:done round=2 int_assignments=122
c 00h00m14s | stage:relaxation:done clauses_added=0 circuit_cegar_failures=0 circuit_cegar_rounds=0 circuit_cegar_added_clauses=0 cumulative_cegar_failures=0 cumulative_cegar_rounds=9 cumulative_cegar_added_clauses=0 cop_cegar_failures=4 cop_cegar_rounds=9 cop_cegar_added_clauses=56
c 00h00m14s | result:Sat
c 00h00m14s | objective:incumbent kind=improvement value=356 rounds=5 improvements=4
o 356
c 00h00m14s | stage:sat:init solver=CaDiCaL vars=3230217 clauses=4901198
c 00h00m14s | stage:sat:solve:start round=1 circuit_cegar_rounds=- cumulative_cegar_rounds=10 cop_cegar_rounds=10 assumptions=0 phase_lits=1210
c 00h00m15s | stage:sat:solve:done round=1 ms=871 result=Sat assumptions=0 phase_lits=1210
c 00h00m15s | stage:decode:start round=1 requested_int_ids=122
c 00h00m15s | stage:relaxation:done round=1 clauses_added=15 circuit_clauses_added=0 cumulative_clauses_added=0 cop_clauses_added=15 circuit_cegar_failures=0 circuit_cegar_rounds=0 circuit_cegar_added_clauses=0 cumulative_cegar_failures=0 cumulative_cegar_rounds=10 cumulative_cegar_added_clauses=0 cop_cegar_failures=5 cop_cegar_rounds=10 cop_cegar_added_clauses=71
c 00h00m15s | stage:sat:solve:start round=2 circuit_cegar_rounds=- cumulative_cegar_rounds=11 cop_cegar_rounds=11 assumptions=0 phase_lits=1210
c 00h00m16s | stage:sat:solve:done round=2 ms=821 result=Sat assumptions=0 phase_lits=1210
c 00h00m16s | stage:decode:start round=2 requested_int_ids=122
c 00h00m16s | stage:decode:final:start round=2 requested_int_ids=122
c 00h00m16s | stage:decode:done round=2 int_assignments=122
c 00h00m16s | stage:relaxation:done clauses_added=0 circuit_cegar_failures=0 circuit_cegar_rounds=0 circuit_cegar_added_clauses=0 cumulative_cegar_failures=0 cumulative_cegar_rounds=11 cumulative_cegar_added_clauses=0 cop_cegar_failures=5 cop_cegar_rounds=11 cop_cegar_added_clauses=71
c 00h00m16s | result:Sat
c 00h00m16s | objective:incumbent kind=improvement value=354 rounds=6 improvements=5
o 354
c 00h00m16s | stage:sat:init solver=CaDiCaL vars=3230217 clauses=4901198
c 00h00m16s | stage:sat:solve:start round=1 circuit_cegar_rounds=- cumulative_cegar_rounds=12 cop_cegar_rounds=12 assumptions=0 phase_lits=1210
c 00h00m17s | stage:sat:solve:done round=1 ms=889 result=Sat assumptions=0 phase_lits=1210
c 00h00m17s | stage:decode:start round=1 requested_int_ids=122
c 00h00m17s | stage:relaxation:done round=1 clauses_added=14 circuit_clauses_added=0 cumulative_clauses_added=0 cop_clauses_added=14 circuit_cegar_failures=0 circuit_cegar_rounds=0 circuit_cegar_added_clauses=0 cumulative_cegar_failures=0 cumulative_cegar_rounds=12 cumulative_cegar_added_clauses=0 cop_cegar_failures=6 cop_cegar_rounds=12 cop_cegar_added_clauses=85
c 00h00m17s | stage:sat:solve:start round=2 circuit_cegar_rounds=- cumulative_cegar_rounds=13 cop_cegar_rounds=13 assumptions=0 phase_lits=1210
c 00h00m18s | stage:sat:solve:done round=2 ms=810 result=Sat assumptions=0 phase_lits=1210
c 00h00m18s | stage:decode:start round=2 requested_int_ids=122
c 00h00m18s | stage:decode:final:start round=2 requested_int_ids=122
c 00h00m18s | stage:decode:done round=2 int_assignments=122
c 00h00m18s | stage:relaxation:done clauses_added=0 circuit_cegar_failures=0 circuit_cegar_rounds=0 circuit_cegar_added_clauses=0 cumulative_cegar_failures=0 cumulative_cegar_rounds=13 cumulative_cegar_added_clauses=0 cop_cegar_failures=6 cop_cegar_rounds=13 cop_cegar_added_clauses=85
c 00h00m18s | result:Sat
c 00h00m18s | objective:incumbent kind=improvement value=350 rounds=7 improvements=6
o 350
c 00h00m18s | stage:sat:init solver=CaDiCaL vars=3230217 clauses=4901198
c 00h00m18s | stage:sat:solve:start round=1 circuit_cegar_rounds=- cumulative_cegar_rounds=14 cop_cegar_rounds=14 assumptions=0 phase_lits=1210
c 00h00m18s | stage:sat:solve:done round=1 ms=861 result=Sat assumptions=0 phase_lits=1210
c 00h00m18s | stage:decode:start round=1 requested_int_ids=122
c 00h00m18s | stage:relaxation:done round=1 clauses_added=13 circuit_clauses_added=0 cumulative_clauses_added=0 cop_clauses_added=13 circuit_cegar_failures=0 circuit_cegar_rounds=0 circuit_cegar_added_clauses=0 cumulative_cegar_failures=0 cumulative_cegar_rounds=14 cumulative_cegar_added_clauses=0 cop_cegar_failures=7 cop_cegar_rounds=14 cop_cegar_added_clauses=98
c 00h00m18s | stage:sat:solve:start round=2 circuit_cegar_rounds=- cumulative_cegar_rounds=15 cop_cegar_rounds=15 assumptions=0 phase_lits=1210
c 00h00m19s | stage:sat:solve:done round=2 ms=834 result=Sat assumptions=0 phase_lits=1210
c 00h00m19s | stage:decode:start round=2 requested_int_ids=122
c 00h00m19s | stage:decode:final:start round=2 requested_int_ids=122
c 00h00m19s | stage:decode:done round=2 int_assignments=122
c 00h00m19s | stage:relaxation:done clauses_added=0 circuit_cegar_failures=0 circuit_cegar_rounds=0 circuit_cegar_added_clauses=0 cumulative_cegar_failures=0 cumulative_cegar_rounds=15 cumulative_cegar_added_clauses=0 cop_cegar_failures=7 cop_cegar_rounds=15 cop_cegar_added_clauses=98
c 00h00m19s | result:Sat
c 00h00m19s | objective:incumbent kind=improvement value=342 rounds=8 improvements=7
o 342
c 00h00m19s | stage:sat:init solver=CaDiCaL vars=3230217 clauses=4901198
c 00h00m19s | stage:sat:solve:start round=1 circuit_cegar_rounds=- cumulative_cegar_rounds=16 cop_cegar_rounds=16 assumptions=0 phase_lits=1210
c 00h00m20s | stage:sat:solve:done round=1 ms=873 result=Sat assumptions=0 phase_lits=1210
c 00h00m20s | stage:decode:start round=1 requested_int_ids=122
c 00h00m20s | stage:relaxation:done round=1 clauses_added=4 circuit_clauses_added=0 cumulative_clauses_added=0 cop_clauses_added=4 circuit_cegar_failures=0 circuit_cegar_rounds=0 circuit_cegar_added_clauses=0 cumulative_cegar_failures=0 cumulative_cegar_rounds=16 cumulative_cegar_added_clauses=0 cop_cegar_failures=8 cop_cegar_rounds=16 cop_cegar_added_clauses=102
c 00h00m20s | stage:sat:solve:start round=2 circuit_cegar_rounds=- cumulative_cegar_rounds=17 cop_cegar_rounds=17 assumptions=0 phase_lits=1210
c 00h00m21s | stage:sat:solve:done round=2 ms=874 result=Sat assumptions=0 phase_lits=1210
c 00h00m21s | stage:decode:start round=2 requested_int_ids=122
c 00h00m21s | stage:decode:final:start round=2 requested_int_ids=122
c 00h00m21s | stage:decode:done round=2 int_assignments=122
c 00h00m21s | stage:relaxation:done clauses_added=0 circuit_cegar_failures=0 circuit_cegar_rounds=0 circuit_cegar_added_clauses=0 cumulative_cegar_failures=0 cumulative_cegar_rounds=17 cumulative_cegar_added_clauses=0 cop_cegar_failures=8 cop_cegar_rounds=17 cop_cegar_added_clauses=102
c 00h00m21s | result:Sat
c 00h00m21s | objective:incumbent kind=improvement value=278 rounds=9 improvements=8
o 278
c 00h00m21s | stage:sat:init solver=CaDiCaL vars=3230217 clauses=4901198
c 00h00m21s | stage:sat:solve:start round=1 circuit_cegar_rounds=- cumulative_cegar_rounds=18 cop_cegar_rounds=18 assumptions=0 phase_lits=1210
c 00h00m22s | stage:sat:solve:done round=1 ms=869 result=Sat assumptions=0 phase_lits=1210
c 00h00m22s | stage:decode:start round=1 requested_int_ids=122
c 00h00m22s | stage:relaxation:done round=1 clauses_added=7 circuit_clauses_added=0 cumulative_clauses_added=0 cop_clauses_added=7 circuit_cegar_failures=0 circuit_cegar_rounds=0 circuit_cegar_added_clauses=0 cumulative_cegar_failures=0 cumulative_cegar_rounds=18 cumulative_cegar_added_clauses=0 cop_cegar_failures=9 cop_cegar_rounds=18 cop_cegar_added_clauses=109
c 00h00m22s | stage:sat:solve:start round=2 circuit_cegar_rounds=- cumulative_cegar_rounds=19 cop_cegar_rounds=19 assumptions=0 phase_lits=1210
c 00h00m23s | stage:sat:solve:done round=2 ms=817 result=Sat assumptions=0 phase_lits=1210
c 00h00m23s | stage:decode:start round=2 requested_int_ids=122
c 00h00m23s | stage:decode:final:start round=2 requested_int_ids=122
c 00h00m23s | stage:decode:done round=2 int_assignments=122
c 00h00m23s | stage:relaxation:done clauses_added=0 circuit_cegar_failures=0 circuit_cegar_rounds=0 circuit_cegar_added_clauses=0 cumulative_cegar_failures=0 cumulative_cegar_rounds=19 cumulative_cegar_added_clauses=0 cop_cegar_failures=9 cop_cegar_rounds=19 cop_cegar_added_clauses=109
c 00h00m23s | result:Sat
c 00h00m23s | objective:incumbent kind=improvement value=245 rounds=10 improvements=9
o 245
c 00h00m23s | stage:sat:init solver=CaDiCaL vars=3230217 clauses=4901198
c 00h00m23s | stage:sat:solve:start round=1 circuit_cegar_rounds=- cumulative_cegar_rounds=20 cop_cegar_rounds=20 assumptions=0 phase_lits=1210
c 00h00m24s | stage:sat:solve:done round=1 ms=868 result=Sat assumptions=0 phase_lits=1210
c 00h00m24s | stage:decode:start round=1 requested_int_ids=122
c 00h00m24s | stage:relaxation:done round=1 clauses_added=15 circuit_clauses_added=0 cumulative_clauses_added=0 cop_clauses_added=15 circuit_cegar_failures=0 circuit_cegar_rounds=0 circuit_cegar_added_clauses=0 cumulative_cegar_failures=0 cumulative_cegar_rounds=20 cumulative_cegar_added_clauses=0 cop_cegar_failures=10 cop_cegar_rounds=20 cop_cegar_added_clauses=124
c 00h00m24s | stage:sat:solve:start round=2 circuit_cegar_rounds=- cumulative_cegar_rounds=21 cop_cegar_rounds=21 assumptions=0 phase_lits=1210
c 00h00m27s | stage:sat:solve:done round=2 ms=2911 result=Sat assumptions=0 phase_lits=1210
c 00h00m27s | stage:decode:start round=2 requested_int_ids=122
c 00h00m27s | stage:decode:final:start round=2 requested_int_ids=122
c 00h00m27s | stage:decode:done round=2 int_assignments=122
c 00h00m27s | stage:relaxation:done clauses_added=0 circuit_cegar_failures=0 circuit_cegar_rounds=0 circuit_cegar_added_clauses=0 cumulative_cegar_failures=0 cumulative_cegar_rounds=21 cumulative_cegar_added_clauses=0 cop_cegar_failures=10 cop_cegar_rounds=21 cop_cegar_added_clauses=124
c 00h00m27s | result:Sat
c 00h00m27s | objective:incumbent kind=improvement value=237 rounds=11 improvements=10
o 237
c 00h00m27s | stage:sat:init solver=CaDiCaL vars=3230217 clauses=4901198
c 00h00m27s | stage:sat:solve:start round=1 circuit_cegar_rounds=- cumulative_cegar_rounds=22 cop_cegar_rounds=22 assumptions=0 phase_lits=1210
c 00h00m28s | stage:sat:solve:done round=1 ms=869 result=Sat assumptions=0 phase_lits=1210
c 00h00m28s | stage:decode:start round=1 requested_int_ids=122
c 00h00m28s | stage:relaxation:done round=1 clauses_added=16 circuit_clauses_added=0 cumulative_clauses_added=0 cop_clauses_added=16 circuit_cegar_failures=0 circuit_cegar_rounds=0 circuit_cegar_added_clauses=0 cumulative_cegar_failures=0 cumulative_cegar_rounds=22 cumulative_cegar_added_clauses=0 cop_cegar_failures=11 cop_cegar_rounds=22 cop_cegar_added_clauses=140
c 00h00m28s | stage:sat:solve:start round=2 circuit_cegar_rounds=- cumulative_cegar_rounds=23 cop_cegar_rounds=23 assumptions=0 phase_lits=1210
c 00h00m29s | stage:sat:solve:done round=2 ms=796 result=Sat assumptions=0 phase_lits=1210
c 00h00m29s | stage:decode:start round=2 requested_int_ids=122
c 00h00m29s | stage:decode:final:start round=2 requested_int_ids=122
c 00h00m29s | stage:decode:done round=2 int_assignments=122
c 00h00m29s | stage:relaxation:done clauses_added=0 circuit_cegar_failures=0 circuit_cegar_rounds=0 circuit_cegar_added_clauses=0 cumulative_cegar_failures=0 cumulative_cegar_rounds=23 cumulative_cegar_added_clauses=0 cop_cegar_failures=11 cop_cegar_rounds=23 cop_cegar_added_clauses=140
c 00h00m29s | result:Sat
c 00h00m29s | objective:incumbent kind=improvement value=229 rounds=12 improvements=11
o 229
c 00h00m29s | stage:sat:init solver=CaDiCaL vars=3230217 clauses=4901198
c 00h00m29s | stage:sat:solve:start round=1 circuit_cegar_rounds=- cumulative_cegar_rounds=24 cop_cegar_rounds=24 assumptions=0 phase_lits=1210
c 00h00m29s | stage:sat:solve:done round=1 ms=843 result=Sat assumptions=0 phase_lits=1210
c 00h00m29s | stage:decode:start round=1 requested_int_ids=122
c 00h00m29s | stage:relaxation:done round=1 clauses_added=16 circuit_clauses_added=0 cumulative_clauses_added=0 cop_clauses_added=16 circuit_cegar_failures=0 circuit_cegar_rounds=0 circuit_cegar_added_clauses=0 cumulative_cegar_failures=0 cumulative_cegar_rounds=24 cumulative_cegar_added_clauses=0 cop_cegar_failures=12 cop_cegar_rounds=24 cop_cegar_added_clauses=156
c 00h00m30s | stage:sat:solve:start round=2 circuit_cegar_rounds=- cumulative_cegar_rounds=25 cop_cegar_rounds=25 assumptions=0 phase_lits=1210
c 00h00m30s | stage:sat:solve:done round=2 ms=837 result=Sat assumptions=0 phase_lits=1210
c 00h00m30s | stage:decode:start round=2 requested_int_ids=122
c 00h00m30s | stage:decode:final:start round=2 requested_int_ids=122
c 00h00m30s | stage:decode:done round=2 int_assignments=122
c 00h00m30s | stage:relaxation:done clauses_added=0 circuit_cegar_failures=0 circuit_cegar_rounds=0 circuit_cegar_added_clauses=0 cumulative_cegar_failures=0 cumulative_cegar_rounds=25 cumulative_cegar_added_clauses=0 cop_cegar_failures=12 cop_cegar_rounds=25 cop_cegar_added_clauses=156
c 00h00m30s | result:Sat
c 00h00m30s | objective:incumbent kind=improvement value=221 rounds=13 improvements=12
o 221
c 00h00m30s | stage:sat:init solver=CaDiCaL vars=3230217 clauses=4901198
c 00h00m30s | stage:sat:solve:start round=1 circuit_cegar_rounds=- cumulative_cegar_rounds=26 cop_cegar_rounds=26 assumptions=0 phase_lits=1210
c 00h00m31s | stage:sat:solve:done round=1 ms=845 result=Sat assumptions=0 phase_lits=1210
c 00h00m31s | stage:decode:start round=1 requested_int_ids=122
c 00h00m31s | stage:relaxation:done round=1 clauses_added=17 circuit_clauses_added=0 cumulative_clauses_added=0 cop_clauses_added=17 circuit_cegar_failures=0 circuit_cegar_rounds=0 circuit_cegar_added_clauses=0 cumulative_cegar_failures=0 cumulative_cegar_rounds=26 cumulative_cegar_added_clauses=0 cop_cegar_failures=13 cop_cegar_rounds=26 cop_cegar_added_clauses=173
c 00h00m31s | stage:sat:solve:start round=2 circuit_cegar_rounds=- cumulative_cegar_rounds=27 cop_cegar_rounds=27 assumptions=0 phase_lits=1210
c 00h00m32s | stage:sat:solve:done round=2 ms=796 result=Sat assumptions=0 phase_lits=1210
c 00h00m32s | stage:decode:start round=2 requested_int_ids=122
c 00h00m32s | stage:decode:final:start round=2 requested_int_ids=122
c 00h00m32s | stage:decode:done round=2 int_assignments=122
c 00h00m32s | stage:relaxation:done clauses_added=0 circuit_cegar_failures=0 circuit_cegar_rounds=0 circuit_cegar_added_clauses=0 cumulative_cegar_failures=0 cumulative_cegar_rounds=27 cumulative_cegar_added_clauses=0 cop_cegar_failures=13 cop_cegar_rounds=27 cop_cegar_added_clauses=173
c 00h00m32s | result:Sat
c 00h00m32s | objective:incumbent kind=improvement value=217 rounds=14 improvements=13
o 217
c 00h00m32s | stage:sat:init solver=CaDiCaL vars=3230217 clauses=4901198
c 00h00m32s | stage:sat:solve:start round=1 circuit_cegar_rounds=- cumulative_cegar_rounds=28 cop_cegar_rounds=28 assumptions=0 phase_lits=1210
c 00h00m33s | stage:sat:solve:done round=1 ms=846 result=Sat assumptions=0 phase_lits=1210
c 00h00m33s | stage:decode:start round=1 requested_int_ids=122
c 00h00m33s | stage:relaxation:done round=1 clauses_added=18 circuit_clauses_added=0 cumulative_clauses_added=0 cop_clauses_added=18 circuit_cegar_failures=0 circuit_cegar_rounds=0 circuit_cegar_added_clauses=0 cumulative_cegar_failures=0 cumulative_cegar_rounds=28 cumulative_cegar_added_clauses=0 cop_cegar_failures=14 cop_cegar_rounds=28 cop_cegar_added_clauses=191
c 00h00m33s | stage:sat:solve:start round=2 circuit_cegar_rounds=- cumulative_cegar_rounds=29 cop_cegar_rounds=29 assumptions=0 phase_lits=1210
c 00h00m35s | stage:sat:solve:done round=2 ms=1780 result=Sat assumptions=0 phase_lits=1210
c 00h00m35s | stage:decode:start round=2 requested_int_ids=122
c 00h00m35s | stage:decode:final:start round=2 requested_int_ids=122
c 00h00m35s | stage:decode:done round=2 int_assignments=122
c 00h00m35s | stage:relaxation:done clauses_added=0 circuit_cegar_failures=0 circuit_cegar_rounds=0 circuit_cegar_added_clauses=0 cumulative_cegar_failures=0 cumulative_cegar_rounds=29 cumulative_cegar_added_clauses=0 cop_cegar_failures=14 cop_cegar_rounds=29 cop_cegar_added_clauses=191
c 00h00m35s | result:Sat
c 00h00m35s | objective:incumbent kind=improvement value=216 rounds=15 improvements=14
o 216
c 00h00m35s | stage:sat:init solver=CaDiCaL vars=3230217 clauses=4901198
c 00h00m35s | stage:sat:solve:start round=1 circuit_cegar_rounds=- cumulative_cegar_rounds=30 cop_cegar_rounds=30 assumptions=0 phase_lits=1210
c 00h00m36s | stage:sat:solve:done round=1 ms=839 result=Sat assumptions=0 phase_lits=1210
c 00h00m36s | stage:decode:start round=1 requested_int_ids=122
c 00h00m36s | stage:relaxation:done round=1 clauses_added=17 circuit_clauses_added=0 cumulative_clauses_added=0 cop_clauses_added=17 circuit_cegar_failures=0 circuit_cegar_rounds=0 circuit_cegar_added_clauses=0 cumulative_cegar_failures=0 cumulative_cegar_rounds=30 cumulative_cegar_added_clauses=0 cop_cegar_failures=15 cop_cegar_rounds=30 cop_cegar_added_clauses=208
c 00h00m36s | stage:sat:solve:start round=2 circuit_cegar_rounds=- cumulative_cegar_rounds=31 cop_cegar_rounds=31 assumptions=0 phase_lits=1210
c 00h00m37s | stage:sat:solve:done round=2 ms=1000 result=Sat assumptions=0 phase_lits=1210
c 00h00m37s | stage:decode:start round=2 requested_int_ids=122
c 00h00m37s | stage:decode:final:start round=2 requested_int_ids=122
c 00h00m37s | stage:decode:done round=2 int_assignments=122
c 00h00m37s | stage:relaxation:done clauses_added=0 circuit_cegar_failures=0 circuit_cegar_rounds=0 circuit_cegar_added_clauses=0 cumulative_cegar_failures=0 cumulative_cegar_rounds=31 cumulative_cegar_added_clauses=0 cop_cegar_failures=15 cop_cegar_rounds=31 cop_cegar_added_clauses=208
c 00h00m37s | result:Sat
c 00h00m37s | objective:incumbent kind=improvement value=214 rounds=16 improvements=15
o 214
c 00h00m37s | stage:sat:init solver=CaDiCaL vars=3230217 clauses=4901198
c 00h00m37s | stage:sat:solve:start round=1 circuit_cegar_rounds=- cumulative_cegar_rounds=32 cop_cegar_rounds=32 assumptions=0 phase_lits=1210
c 00h00m38s | stage:sat:solve:done round=1 ms=858 result=Sat assumptions=0 phase_lits=1210
c 00h00m38s | stage:decode:start round=1 requested_int_ids=122
c 00h00m38s | stage:relaxation:done round=1 clauses_added=6 circuit_clauses_added=0 cumulative_clauses_added=0 cop_clauses_added=6 circuit_cegar_failures=0 circuit_cegar_rounds=0 circuit_cegar_added_clauses=0 cumulative_cegar_failures=0 cumulative_cegar_rounds=32 cumulative_cegar_added_clauses=0 cop_cegar_failures=16 cop_cegar_rounds=32 cop_cegar_added_clauses=214
c 00h00m38s | stage:sat:solve:start round=2 circuit_cegar_rounds=- cumulative_cegar_rounds=33 cop_cegar_rounds=33 assumptions=0 phase_lits=1210
c 00h00m39s | stage:sat:solve:done round=2 ms=793 result=Sat assumptions=0 phase_lits=1210
c 00h00m39s | stage:decode:start round=2 requested_int_ids=122
c 00h00m39s | stage:decode:final:start round=2 requested_int_ids=122
c 00h00m39s | stage:decode:done round=2 int_assignments=122
c 00h00m39s | stage:relaxation:done clauses_added=0 circuit_cegar_failures=0 circuit_cegar_rounds=0 circuit_cegar_added_clauses=0 cumulative_cegar_failures=0 cumulative_cegar_rounds=33 cumulative_cegar_added_clauses=0 cop_cegar_failures=16 cop_cegar_rounds=33 cop_cegar_added_clauses=214
c 00h00m39s | result:Sat
c 00h00m39s | objective:incumbent kind=improvement value=213 rounds=17 improvements=16
o 213
c 00h00m39s | stage:sat:init solver=CaDiCaL vars=3230217 clauses=4901198
c 00h00m39s | stage:sat:solve:start round=1 circuit_cegar_rounds=- cumulative_cegar_rounds=34 cop_cegar_rounds=34 assumptions=0 phase_lits=1210
c 00h00m39s | stage:sat:solve:done round=1 ms=800 result=Sat assumptions=0 phase_lits=1210
c 00h00m39s | stage:decode:start round=1 requested_int_ids=122
c 00h00m39s | stage:relaxation:done round=1 clauses_added=14 circuit_clauses_added=0 cumulative_clauses_added=0 cop_clauses_added=14 circuit_cegar_failures=0 circuit_cegar_rounds=0 circuit_cegar_added_clauses=0 cumulative_cegar_failures=0 cumulative_cegar_rounds=34 cumulative_cegar_added_clauses=0 cop_cegar_failures=17 cop_cegar_rounds=34 cop_cegar_added_clauses=228
c 00h00m39s | stage:sat:solve:start round=2 circuit_cegar_rounds=- cumulative_cegar_rounds=35 cop_cegar_rounds=35 assumptions=0 phase_lits=1210
c 00h00m40s | stage:sat:solve:done round=2 ms=837 result=Sat assumptions=0 phase_lits=1210
c 00h00m40s | stage:decode:start round=2 requested_int_ids=122
c 00h00m40s | stage:decode:final:start round=2 requested_int_ids=122
c 00h00m40s | stage:decode:done round=2 int_assignments=122
c 00h00m40s | stage:relaxation:done clauses_added=0 circuit_cegar_failures=0 circuit_cegar_rounds=0 circuit_cegar_added_clauses=0 cumulative_cegar_failures=0 cumulative_cegar_rounds=35 cumulative_cegar_added_clauses=0 cop_cegar_failures=17 cop_cegar_rounds=35 cop_cegar_added_clauses=228
c 00h00m40s | result:Sat
c 00h00m40s | objective:incumbent kind=improvement value=209 rounds=18 improvements=17
o 209
c 00h00m40s | stage:sat:init solver=CaDiCaL vars=3230217 clauses=4901198
c 00h00m40s | stage:sat:solve:start round=1 circuit_cegar_rounds=- cumulative_cegar_rounds=36 cop_cegar_rounds=36 assumptions=0 phase_lits=1210
c 00h00m41s | stage:sat:solve:done round=1 ms=803 result=Sat assumptions=0 phase_lits=1210
c 00h00m41s | stage:decode:start round=1 requested_int_ids=122
c 00h00m41s | stage:relaxation:done round=1 clauses_added=15 circuit_clauses_added=0 cumulative_clauses_added=0 cop_clauses_added=15 circuit_cegar_failures=0 circuit_cegar_rounds=0 circuit_cegar_added_clauses=0 cumulative_cegar_failures=0 cumulative_cegar_rounds=36 cumulative_cegar_added_clauses=0 cop_cegar_failures=18 cop_cegar_rounds=36 cop_cegar_added_clauses=243
c 00h00m41s | stage:sat:solve:start round=2 circuit_cegar_rounds=- cumulative_cegar_rounds=37 cop_cegar_rounds=37 assumptions=0 phase_lits=1210
c 00h00m42s | stage:sat:solve:done round=2 ms=744 result=Sat assumptions=0 phase_lits=1210
c 00h00m42s | stage:decode:start round=2 requested_int_ids=122
c 00h00m42s | stage:decode:final:start round=2 requested_int_ids=122
c 00h00m42s | stage:decode:done round=2 int_assignments=122
c 00h00m42s | stage:relaxation:done clauses_added=0 circuit_cegar_failures=0 circuit_cegar_rounds=0 circuit_cegar_added_clauses=0 cumulative_cegar_failures=0 cumulative_cegar_rounds=37 cumulative_cegar_added_clauses=0 cop_cegar_failures=18 cop_cegar_rounds=37 cop_cegar_added_clauses=243
c 00h00m42s | result:Sat
c 00h00m42s | objective:incumbent kind=improvement value=208 rounds=19 improvements=18
o 208
c 00h00m42s | stage:sat:init solver=CaDiCaL vars=3230217 clauses=4901198
c 00h00m42s | stage:sat:solve:start round=1 circuit_cegar_rounds=- cumulative_cegar_rounds=38 cop_cegar_rounds=38 assumptions=0 phase_lits=1210
c 00h00m43s | stage:sat:solve:done round=1 ms=790 result=Sat assumptions=0 phase_lits=1210
c 00h00m43s | stage:decode:start round=1 requested_int_ids=122
c 00h00m43s | stage:relaxation:done round=1 clauses_added=14 circuit_clauses_added=0 cumulative_clauses_added=0 cop_clauses_added=14 circuit_cegar_failures=0 circuit_cegar_rounds=0 circuit_cegar_added_clauses=0 cumulative_cegar_failures=0 cumulative_cegar_rounds=38 cumulative_cegar_added_clauses=0 cop_cegar_failures=19 cop_cegar_rounds=38 cop_cegar_added_clauses=257
c 00h00m43s | stage:sat:solve:start round=2 circuit_cegar_rounds=- cumulative_cegar_rounds=39 cop_cegar_rounds=39 assumptions=0 phase_lits=1210
c 00h00m44s | stage:sat:solve:done round=2 ms=743 result=Sat assumptions=0 phase_lits=1210
c 00h00m44s | stage:decode:start round=2 requested_int_ids=122
c 00h00m44s | stage:decode:final:start round=2 requested_int_ids=122
c 00h00m44s | stage:decode:done round=2 int_assignments=122
c 00h00m44s | stage:relaxation:done clauses_added=0 circuit_cegar_failures=0 circuit_cegar_rounds=0 circuit_cegar_added_clauses=0 cumulative_cegar_failures=0 cumulative_cegar_rounds=39 cumulative_cegar_added_clauses=0 cop_cegar_failures=19 cop_cegar_rounds=39 cop_cegar_added_clauses=257
c 00h00m44s | result:Sat
c 00h00m44s | objective:incumbent kind=improvement value=207 rounds=20 improvements=19
o 207
c 00h00m44s | stage:sat:init solver=CaDiCaL vars=3230217 clauses=4901198
c 00h00m44s | stage:sat:solve:start round=1 circuit_cegar_rounds=- cumulative_cegar_rounds=40 cop_cegar_rounds=40 assumptions=0 phase_lits=1210
c 00h00m44s | stage:sat:solve:done round=1 ms=808 result=Sat assumptions=0 phase_lits=1210
c 00h00m44s | stage:decode:start round=1 requested_int_ids=122
c 00h00m44s | stage:relaxation:done round=1 clauses_added=16 circuit_clauses_added=0 cumulative_clauses_added=0 cop_clauses_added=16 circuit_cegar_failures=0 circuit_cegar_rounds=0 circuit_cegar_added_clauses=0 cumulative_cegar_failures=0 cumulative_cegar_rounds=40 cumulative_cegar_added_clauses=0 cop_cegar_failures=20 cop_cegar_rounds=40 cop_cegar_added_clauses=273
c 00h00m44s | stage:sat:solve:start round=2 circuit_cegar_rounds=- cumulative_cegar_rounds=41 cop_cegar_rounds=41 assumptions=0 phase_lits=1210
c 00h00m45s | stage:sat:solve:done round=2 ms=758 result=Sat assumptions=0 phase_lits=1210
c 00h00m45s | stage:decode:start round=2 requested_int_ids=122
c 00h00m45s | stage:decode:final:start round=2 requested_int_ids=122
c 00h00m45s | stage:decode:done round=2 int_assignments=122
c 00h00m45s | stage:relaxation:done clauses_added=0 circuit_cegar_failures=0 circuit_cegar_rounds=0 circuit_cegar_added_clauses=0 cumulative_cegar_failures=0 cumulative_cegar_rounds=41 cumulative_cegar_added_clauses=0 cop_cegar_failures=20 cop_cegar_rounds=41 cop_cegar_added_clauses=273
c 00h00m45s | result:Sat
c 00h00m45s | objective:incumbent kind=improvement value=206 rounds=21 improvements=20
o 206
c 00h00m45s | stage:sat:init solver=CaDiCaL vars=3230217 clauses=4901198
c 00h00m45s | stage:sat:solve:start round=1 circuit_cegar_rounds=- cumulative_cegar_rounds=42 cop_cegar_rounds=42 assumptions=0 phase_lits=1210
c 00h00m46s | stage:sat:solve:done round=1 ms=788 result=Sat assumptions=0 phase_lits=1210
c 00h00m46s | stage:decode:start round=1 requested_int_ids=122
c 00h00m46s | stage:relaxation:done round=1 clauses_added=11 circuit_clauses_added=0 cumulative_clauses_added=0 cop_clauses_added=11 circuit_cegar_failures=0 circuit_cegar_rounds=0 circuit_cegar_added_clauses=0 cumulative_cegar_failures=0 cumulative_cegar_rounds=42 cumulative_cegar_added_clauses=0 cop_cegar_failures=21 cop_cegar_rounds=42 cop_cegar_added_clauses=284
c 00h00m46s | stage:sat:solve:start round=2 circuit_cegar_rounds=- cumulative_cegar_rounds=43 cop_cegar_rounds=43 assumptions=0 phase_lits=1210
c 00h00m47s | stage:sat:solve:done round=2 ms=743 result=Sat assumptions=0 phase_lits=1210
c 00h00m47s | stage:decode:start round=2 requested_int_ids=122
c 00h00m47s | stage:decode:final:start round=2 requested_int_ids=122
c 00h00m47s | stage:decode:done round=2 int_assignments=122
c 00h00m47s | stage:relaxation:done clauses_added=0 circuit_cegar_failures=0 circuit_cegar_rounds=0 circuit_cegar_added_clauses=0 cumulative_cegar_failures=0 cumulative_cegar_rounds=43 cumulative_cegar_added_clauses=0 cop_cegar_failures=21 cop_cegar_rounds=43 cop_cegar_added_clauses=284
c 00h00m47s | result:Sat
c 00h00m47s | objective:incumbent kind=improvement value=205 rounds=22 improvements=21
o 205
c 00h00m47s | stage:sat:init solver=CaDiCaL vars=3230217 clauses=4901198
c 00h00m47s | stage:sat:solve:start round=1 circuit_cegar_rounds=- cumulative_cegar_rounds=44 cop_cegar_rounds=44 assumptions=0 phase_lits=1210
c 00h00m48s | stage:sat:solve:done round=1 ms=820 result=Sat assumptions=0 phase_lits=1210
c 00h00m48s | stage:decode:start round=1 requested_int_ids=122
c 00h00m48s | stage:relaxation:done round=1 clauses_added=15 circuit_clauses_added=0 cumulative_clauses_added=0 cop_clauses_added=15 circuit_cegar_failures=0 circuit_cegar_rounds=0 circuit_cegar_added_clauses=0 cumulative_cegar_failures=0 cumulative_cegar_rounds=44 cumulative_cegar_added_clauses=0 cop_cegar_failures=22 cop_cegar_rounds=44 cop_cegar_added_clauses=299
c 00h00m48s | stage:sat:solve:start round=2 circuit_cegar_rounds=- cumulative_cegar_rounds=45 cop_cegar_rounds=45 assumptions=0 phase_lits=1210
c 00h00m49s | stage:sat:solve:done round=2 ms=776 result=Sat assumptions=0 phase_lits=1210
c 00h00m49s | stage:decode:start round=2 requested_int_ids=122
c 00h00m49s | stage:decode:final:start round=2 requested_int_ids=122
c 00h00m49s | stage:decode:done round=2 int_assignments=122
c 00h00m49s | stage:relaxation:done clauses_added=0 circuit_cegar_failures=0 circuit_cegar_rounds=0 circuit_cegar_added_clauses=0 cumulative_cegar_failures=0 cumulative_cegar_rounds=45 cumulative_cegar_added_clauses=0 cop_cegar_failures=22 cop_cegar_rounds=45 cop_cegar_added_clauses=299
c 00h00m49s | result:Sat
c 00h00m49s | objective:incumbent kind=improvement value=204 rounds=23 improvements=22
o 204
c 00h00m49s | stage:sat:init solver=CaDiCaL vars=3230217 clauses=4901198
c 00h00m49s | stage:sat:solve:start round=1 circuit_cegar_rounds=- cumulative_cegar_rounds=46 cop_cegar_rounds=46 assumptions=0 phase_lits=1210
c 00h00m49s | stage:sat:solve:done round=1 ms=790 result=Sat assumptions=0 phase_lits=1210
c 00h00m49s | stage:decode:start round=1 requested_int_ids=122
c 00h00m49s | stage:relaxation:done round=1 clauses_added=14 circuit_clauses_added=0 cumulative_clauses_added=0 cop_clauses_added=14 circuit_cegar_failures=0 circuit_cegar_rounds=0 circuit_cegar_added_clauses=0 cumulative_cegar_failures=0 cumulative_cegar_rounds=46 cumulative_cegar_added_clauses=0 cop_cegar_failures=23 cop_cegar_rounds=46 cop_cegar_added_clauses=313
c 00h00m49s | stage:sat:solve:start round=2 circuit_cegar_rounds=- cumulative_cegar_rounds=47 cop_cegar_rounds=47 assumptions=0 phase_lits=1210
c 00h00m51s | stage:sat:solve:done round=2 ms=1320 result=Sat assumptions=0 phase_lits=1210
c 00h00m51s | stage:decode:start round=2 requested_int_ids=122
c 00h00m51s | stage:decode:final:start round=2 requested_int_ids=122
c 00h00m51s | stage:decode:done round=2 int_assignments=122
c 00h00m51s | stage:relaxation:done clauses_added=0 circuit_cegar_failures=0 circuit_cegar_rounds=0 circuit_cegar_added_clauses=0 cumulative_cegar_failures=0 cumulative_cegar_rounds=47 cumulative_cegar_added_clauses=0 cop_cegar_failures=23 cop_cegar_rounds=47 cop_cegar_added_clauses=313
c 00h00m51s | result:Sat
c 00h00m51s | objective:incumbent kind=improvement value=203 rounds=24 improvements=23
o 203
c 00h00m51s | stage:sat:init solver=CaDiCaL vars=3230217 clauses=4901198
c 00h00m51s | stage:sat:solve:start round=1 circuit_cegar_rounds=- cumulative_cegar_rounds=48 cop_cegar_rounds=48 assumptions=0 phase_lits=1210
c 00h00m52s | stage:sat:solve:done round=1 ms=790 result=Sat assumptions=0 phase_lits=1210
c 00h00m52s | stage:decode:start round=1 requested_int_ids=122
c 00h00m52s | stage:relaxation:done round=1 clauses_added=16 circuit_clauses_added=0 cumulative_clauses_added=0 cop_clauses_added=16 circuit_cegar_failures=0 circuit_cegar_rounds=0 circuit_cegar_added_clauses=0 cumulative_cegar_failures=0 cumulative_cegar_rounds=48 cumulative_cegar_added_clauses=0 cop_cegar_failures=24 cop_cegar_rounds=48 cop_cegar_added_clauses=329
c 00h00m52s | stage:sat:solve:start round=2 circuit_cegar_rounds=- cumulative_cegar_rounds=49 cop_cegar_rounds=49 assumptions=0 phase_lits=1210
c 00h00m52s | stage:sat:solve:done round=2 ms=742 result=Sat assumptions=0 phase_lits=1210
c 00h00m52s | stage:decode:start round=2 requested_int_ids=122
c 00h00m52s | stage:decode:final:start round=2 requested_int_ids=122
c 00h00m52s | stage:decode:done round=2 int_assignments=122
c 00h00m52s | stage:relaxation:done clauses_added=0 circuit_cegar_failures=0 circuit_cegar_rounds=0 circuit_cegar_added_clauses=0 cumulative_cegar_failures=0 cumulative_cegar_rounds=49 cumulative_cegar_added_clauses=0 cop_cegar_failures=24 cop_cegar_rounds=49 cop_cegar_added_clauses=329
c 00h00m52s | result:Sat
c 00h00m52s | objective:incumbent kind=improvement value=202 rounds=25 improvements=24
o 202
c 00h00m52s | stage:sat:init solver=CaDiCaL vars=3230217 clauses=4901198
c 00h00m52s | stage:sat:solve:start round=1 circuit_cegar_rounds=- cumulative_cegar_rounds=50 cop_cegar_rounds=50 assumptions=0 phase_lits=1210
c 00h00m53s | stage:sat:solve:done round=1 ms=787 result=Sat assumptions=0 phase_lits=1210
c 00h00m53s | stage:decode:start round=1 requested_int_ids=122
c 00h00m53s | stage:relaxation:done round=1 clauses_added=13 circuit_clauses_added=0 cumulative_clauses_added=0 cop_clauses_added=13 circuit_cegar_failures=0 circuit_cegar_rounds=0 circuit_cegar_added_clauses=0 cumulative_cegar_failures=0 cumulative_cegar_rounds=50 cumulative_cegar_added_clauses=0 cop_cegar_failures=25 cop_cegar_rounds=50 cop_cegar_added_clauses=342
c 00h00m53s | stage:sat:solve:start round=2 circuit_cegar_rounds=- cumulative_cegar_rounds=51 cop_cegar_rounds=51 assumptions=0 phase_lits=1210
c 00h00m54s | stage:sat:solve:done round=2 ms=752 result=Sat assumptions=0 phase_lits=1210
c 00h00m54s | stage:decode:start round=2 requested_int_ids=122
c 00h00m54s | stage:decode:final:start round=2 requested_int_ids=122
c 00h00m54s | stage:decode:done round=2 int_assignments=122
c 00h00m54s | stage:relaxation:done clauses_added=0 circuit_cegar_failures=0 circuit_cegar_rounds=0 circuit_cegar_added_clauses=0 cumulative_cegar_failures=0 cumulative_cegar_rounds=51 cumulative_cegar_added_clauses=0 cop_cegar_failures=25 cop_cegar_rounds=51 cop_cegar_added_clauses=342
c 00h00m54s | result:Sat
c 00h00m54s | objective:incumbent kind=improvement value=201 rounds=26 improvements=25
o 201
c 00h00m54s | stage:sat:init solver=CaDiCaL vars=3230217 clauses=4901198
c 00h00m54s | stage:sat:solve:start round=1 circuit_cegar_rounds=- cumulative_cegar_rounds=52 cop_cegar_rounds=52 assumptions=0 phase_lits=1210
c 00h00m55s | stage:sat:solve:done round=1 ms=784 result=Sat assumptions=0 phase_lits=1210
c 00h00m55s | stage:decode:start round=1 requested_int_ids=122
c 00h00m55s | stage:relaxation:done round=1 clauses_added=16 circuit_clauses_added=0 cumulative_clauses_added=0 cop_clauses_added=16 circuit_cegar_failures=0 circuit_cegar_rounds=0 circuit_cegar_added_clauses=0 cumulative_cegar_failures=0 cumulative_cegar_rounds=52 cumulative_cegar_added_clauses=0 cop_cegar_failures=26 cop_cegar_rounds=52 cop_cegar_added_clauses=358
c 00h00m55s | stage:sat:solve:start round=2 circuit_cegar_rounds=- cumulative_cegar_rounds=53 cop_cegar_rounds=53 assumptions=0 phase_lits=1210
c 00h00m56s | stage:sat:solve:done round=2 ms=742 result=Sat assumptions=0 phase_lits=1210
c 00h00m56s | stage:decode:start round=2 requested_int_ids=122
c 00h00m56s | stage:decode:final:start round=2 requested_int_ids=122
c 00h00m56s | stage:decode:done round=2 int_assignments=122
c 00h00m56s | stage:relaxation:done clauses_added=0 circuit_cegar_failures=0 circuit_cegar_rounds=0 circuit_cegar_added_clauses=0 cumulative_cegar_failures=0 cumulative_cegar_rounds=53 cumulative_cegar_added_clauses=0 cop_cegar_failures=26 cop_cegar_rounds=53 cop_cegar_added_clauses=358
c 00h00m56s | result:Sat
c 00h00m56s | objective:incumbent kind=improvement value=200 rounds=27 improvements=26
o 200
c 00h00m56s | stage:sat:init solver=CaDiCaL vars=3230217 clauses=4901198
c 00h00m56s | stage:sat:solve:start round=1 circuit_cegar_rounds=- cumulative_cegar_rounds=54 cop_cegar_rounds=54 assumptions=0 phase_lits=1210
c 00h00m56s | stage:sat:solve:done round=1 ms=783 result=Sat assumptions=0 phase_lits=1210
c 00h00m56s | stage:decode:start round=1 requested_int_ids=122
c 00h00m56s | stage:relaxation:done round=1 clauses_added=15 circuit_clauses_added=0 cumulative_clauses_added=0 cop_clauses_added=15 circuit_cegar_failures=0 circuit_cegar_rounds=0 circuit_cegar_added_clauses=0 cumulative_cegar_failures=0 cumulative_cegar_rounds=54 cumulative_cegar_added_clauses=0 cop_cegar_failures=27 cop_cegar_rounds=54 cop_cegar_added_clauses=373
c 00h00m57s | stage:sat:solve:start round=2 circuit_cegar_rounds=- cumulative_cegar_rounds=55 cop_cegar_rounds=55 assumptions=0 phase_lits=1210
c 00h00m57s | stage:sat:solve:done round=2 ms=737 result=Sat assumptions=0 phase_lits=1210
c 00h00m57s | stage:decode:start round=2 requested_int_ids=122
c 00h00m57s | stage:decode:final:start round=2 requested_int_ids=122
c 00h00m57s | stage:decode:done round=2 int_assignments=122
c 00h00m57s | stage:relaxation:done clauses_added=0 circuit_cegar_failures=0 circuit_cegar_rounds=0 circuit_cegar_added_clauses=0 cumulative_cegar_failures=0 cumulative_cegar_rounds=55 cumulative_cegar_added_clauses=0 cop_cegar_failures=27 cop_cegar_rounds=55 cop_cegar_added_clauses=373
c 00h00m57s | result:Sat
c 00h00m57s | objective:incumbent kind=improvement value=199 rounds=28 improvements=27
o 199
c 00h00m57s | stage:sat:init solver=CaDiCaL vars=3230217 clauses=4901198
c 00h00m57s | stage:sat:solve:start round=1 circuit_cegar_rounds=- cumulative_cegar_rounds=56 cop_cegar_rounds=56 assumptions=0 phase_lits=1210
c 00h00m58s | stage:sat:solve:done round=1 ms=785 result=Sat assumptions=0 phase_lits=1210
c 00h00m58s | stage:decode:start round=1 requested_int_ids=122
c 00h00m58s | stage:relaxation:done round=1 clauses_added=17 circuit_clauses_added=0 cumulative_clauses_added=0 cop_clauses_added=17 circuit_cegar_failures=0 circuit_cegar_rounds=0 circuit_cegar_added_clauses=0 cumulative_cegar_failures=0 cumulative_cegar_rounds=56 cumulative_cegar_added_clauses=0 cop_cegar_failures=28 cop_cegar_rounds=56 cop_cegar_added_clauses=390
c 00h00m58s | stage:sat:solve:start round=2 circuit_cegar_rounds=- cumulative_cegar_rounds=57 cop_cegar_rounds=57 assumptions=0 phase_lits=1210
c 00h00m59s | stage:sat:solve:done round=2 ms=740 result=Sat assumptions=0 phase_lits=1210
c 00h00m59s | stage:decode:start round=2 requested_int_ids=122
c 00h00m59s | stage:decode:final:start round=2 requested_int_ids=122
c 00h00m59s | stage:decode:done round=2 int_assignments=122
c 00h00m59s | stage:relaxation:done clauses_added=0 circuit_cegar_failures=0 circuit_cegar_rounds=0 circuit_cegar_added_clauses=0 cumulative_cegar_failures=0 cumulative_cegar_rounds=57 cumulative_cegar_added_clauses=0 cop_cegar_failures=28 cop_cegar_rounds=57 cop_cegar_added_clauses=390
c 00h00m59s | result:Sat
c 00h00m59s | objective:incumbent kind=improvement value=198 rounds=29 improvements=28
o 198
c 00h00m59s | stage:sat:init solver=CaDiCaL vars=3230217 clauses=4901198
c 00h00m59s | stage:sat:solve:start round=1 circuit_cegar_rounds=- cumulative_cegar_rounds=58 cop_cegar_rounds=58 assumptions=0 phase_lits=1210
c 00h01m00s | stage:sat:solve:done round=1 ms=790 result=Sat assumptions=0 phase_lits=1210
c 00h01m00s | stage:decode:start round=1 requested_int_ids=122
c 00h01m00s | stage:relaxation:done round=1 clauses_added=10 circuit_clauses_added=0 cumulative_clauses_added=0 cop_clauses_added=10 circuit_cegar_failures=0 circuit_cegar_rounds=0 circuit_cegar_added_clauses=0 cumulative_cegar_failures=0 cumulative_cegar_rounds=58 cumulative_cegar_added_clauses=0 cop_cegar_failures=29 cop_cegar_rounds=58 cop_cegar_added_clauses=400
c 00h01m00s | stage:sat:solve:start round=2 circuit_cegar_rounds=- cumulative_cegar_rounds=59 cop_cegar_rounds=59 assumptions=0 phase_lits=1210
c 00h01m01s | stage:sat:solve:done round=2 ms=846 result=Sat assumptions=0 phase_lits=1210
c 00h01m01s | stage:decode:start round=2 requested_int_ids=122
c 00h01m01s | stage:decode:final:start round=2 requested_int_ids=122
c 00h01m01s | stage:decode:done round=2 int_assignments=122
c 00h01m01s | stage:relaxation:done clauses_added=0 circuit_cegar_failures=0 circuit_cegar_rounds=0 circuit_cegar_added_clauses=0 cumulative_cegar_failures=0 cumulative_cegar_rounds=59 cumulative_cegar_added_clauses=0 cop_cegar_failures=29 cop_cegar_rounds=59 cop_cegar_added_clauses=400
c 00h01m01s | result:Sat
c 00h01m01s | objective:incumbent kind=improvement value=185 rounds=30 improvements=29
o 185
c 00h01m01s | stage:sat:init solver=CaDiCaL vars=3230217 clauses=4901198
c 00h01m01s | stage:sat:solve:start round=1 circuit_cegar_rounds=- cumulative_cegar_rounds=60 cop_cegar_rounds=60 assumptions=0 phase_lits=1210
c 00h01m01s | stage:sat:solve:done round=1 ms=787 result=Sat assumptions=0 phase_lits=1210
c 00h01m01s | stage:decode:start round=1 requested_int_ids=122
c 00h01m01s | stage:relaxation:done round=1 clauses_added=17 circuit_clauses_added=0 cumulative_clauses_added=0 cop_clauses_added=17 circuit_cegar_failures=0 circuit_cegar_rounds=0 circuit_cegar_added_clauses=0 cumulative_cegar_failures=0 cumulative_cegar_rounds=60 cumulative_cegar_added_clauses=0 cop_cegar_failures=30 cop_cegar_rounds=60 cop_cegar_added_clauses=417
c 00h01m02s | stage:sat:solve:start round=2 circuit_cegar_rounds=- cumulative_cegar_rounds=61 cop_cegar_rounds=61 assumptions=0 phase_lits=1210
c 00h01m02s | stage:sat:solve:done round=2 ms=737 result=Sat assumptions=0 phase_lits=1210
c 00h01m02s | stage:decode:start round=2 requested_int_ids=122
c 00h01m02s | stage:decode:final:start round=2 requested_int_ids=122
c 00h01m02s | stage:decode:done round=2 int_assignments=122
c 00h01m02s | stage:relaxation:done clauses_added=0 circuit_cegar_failures=0 circuit_cegar_rounds=0 circuit_cegar_added_clauses=0 cumulative_cegar_failures=0 cumulative_cegar_rounds=61 cumulative_cegar_added_clauses=0 cop_cegar_failures=30 cop_cegar_rounds=61 cop_cegar_added_clauses=417
c 00h01m02s | result:Sat
c 00h01m02s | objective:incumbent kind=improvement value=184 rounds=31 improvements=30
o 184
c 00h01m02s | stage:sat:init solver=CaDiCaL vars=3230217 clauses=4901198
c 00h01m02s | stage:sat:solve:start round=1 circuit_cegar_rounds=- cumulative_cegar_rounds=62 cop_cegar_rounds=62 assumptions=0 phase_lits=1210
c 00h01m03s | stage:sat:solve:done round=1 ms=786 result=Sat assumptions=0 phase_lits=1210
c 00h01m03s | stage:decode:start round=1 requested_int_ids=122
c 00h01m03s | stage:relaxation:done round=1 clauses_added=16 circuit_clauses_added=0 cumulative_clauses_added=0 cop_clauses_added=16 circuit_cegar_failures=0 circuit_cegar_rounds=0 circuit_cegar_added_clauses=0 cumulative_cegar_failures=0 cumulative_cegar_rounds=62 cumulative_cegar_added_clauses=0 cop_cegar_failures=31 cop_cegar_rounds=62 cop_cegar_added_clauses=433
c 00h01m03s | stage:sat:solve:start round=2 circuit_cegar_rounds=- cumulative_cegar_rounds=63 cop_cegar_rounds=63 assumptions=0 phase_lits=1210
c 00h01m05s | stage:sat:solve:done round=2 ms=1583 result=Sat assumptions=0 phase_lits=1210
c 00h01m05s | stage:decode:start round=2 requested_int_ids=122
c 00h01m05s | stage:decode:final:start round=2 requested_int_ids=122
c 00h01m05s | stage:decode:done round=2 int_assignments=122
c 00h01m05s | stage:relaxation:done clauses_added=0 circuit_cegar_failures=0 circuit_cegar_rounds=0 circuit_cegar_added_clauses=0 cumulative_cegar_failures=0 cumulative_cegar_rounds=63 cumulative_cegar_added_clauses=0 cop_cegar_failures=31 cop_cegar_rounds=63 cop_cegar_added_clauses=433
c 00h01m05s | result:Sat
c 00h01m05s | objective:incumbent kind=improvement value=183 rounds=32 improvements=31
o 183
c 00h01m05s | stage:sat:init solver=CaDiCaL vars=3230217 clauses=4901198
c 00h01m05s | stage:sat:solve:start round=1 circuit_cegar_rounds=- cumulative_cegar_rounds=64 cop_cegar_rounds=64 assumptions=0 phase_lits=1210
c 00h01m06s | stage:sat:solve:done round=1 ms=800 result=Sat assumptions=0 phase_lits=1210
c 00h01m06s | stage:decode:start round=1 requested_int_ids=122
c 00h01m06s | stage:relaxation:done round=1 clauses_added=18 circuit_clauses_added=0 cumulative_clauses_added=0 cop_clauses_added=18 circuit_cegar_failures=0 circuit_cegar_rounds=0 circuit_cegar_added_clauses=0 cumulative_cegar_failures=0 cumulative_cegar_rounds=64 cumulative_cegar_added_clauses=0 cop_cegar_failures=32 cop_cegar_rounds=64 cop_cegar_added_clauses=451
c 00h01m06s | stage:sat:solve:start round=2 circuit_cegar_rounds=- cumulative_cegar_rounds=65 cop_cegar_rounds=65 assumptions=0 phase_lits=1210
c 00h01m06s | stage:sat:solve:done round=2 ms=750 result=Sat assumptions=0 phase_lits=1210
c 00h01m06s | stage:decode:start round=2 requested_int_ids=122
c 00h01m06s | stage:decode:final:start round=2 requested_int_ids=122
c 00h01m06s | stage:decode:done round=2 int_assignments=122
c 00h01m06s | stage:relaxation:done clauses_added=0 circuit_cegar_failures=0 circuit_cegar_rounds=0 circuit_cegar_added_clauses=0 cumulative_cegar_failures=0 cumulative_cegar_rounds=65 cumulative_cegar_added_clauses=0 cop_cegar_failures=32 cop_cegar_rounds=65 cop_cegar_added_clauses=451
c 00h01m06s | result:Sat
c 00h01m06s | objective:incumbent kind=improvement value=182 rounds=33 improvements=32
o 182
c 00h01m06s | stage:sat:init solver=CaDiCaL vars=3230217 clauses=4901198
c 00h01m06s | stage:sat:solve:start round=1 circuit_cegar_rounds=- cumulative_cegar_rounds=66 cop_cegar_rounds=66 assumptions=0 phase_lits=1210
c 00h01m07s | stage:sat:solve:done round=1 ms=798 result=Sat assumptions=0 phase_lits=1210
c 00h01m07s | stage:decode:start round=1 requested_int_ids=122
c 00h01m07s | stage:relaxation:done round=1 clauses_added=9 circuit_clauses_added=0 cumulative_clauses_added=0 cop_clauses_added=9 circuit_cegar_failures=0 circuit_cegar_rounds=0 circuit_cegar_added_clauses=0 cumulative_cegar_failures=0 cumulative_cegar_rounds=66 cumulative_cegar_added_clauses=0 cop_cegar_failures=33 cop_cegar_rounds=66 cop_cegar_added_clauses=460
c 00h01m07s | stage:sat:solve:start round=2 circuit_cegar_rounds=- cumulative_cegar_rounds=67 cop_cegar_rounds=67 assumptions=0 phase_lits=1210
c 00h01m08s | stage:sat:solve:done round=2 ms=893 result=Sat assumptions=0 phase_lits=1210
c 00h01m08s | stage:decode:start round=2 requested_int_ids=122
c 00h01m08s | stage:decode:final:start round=2 requested_int_ids=122
c 00h01m08s | stage:decode:done round=2 int_assignments=122
c 00h01m08s | stage:relaxation:done clauses_added=0 circuit_cegar_failures=0 circuit_cegar_rounds=0 circuit_cegar_added_clauses=0 cumulative_cegar_failures=0 cumulative_cegar_rounds=67 cumulative_cegar_added_clauses=0 cop_cegar_failures=33 cop_cegar_rounds=67 cop_cegar_added_clauses=460
c 00h01m08s | result:Sat
c 00h01m08s | objective:incumbent kind=improvement value=173 rounds=34 improvements=33
o 173
c 00h01m08s | stage:sat:init solver=CaDiCaL vars=3230217 clauses=4901198
c 00h01m08s | stage:sat:solve:start round=1 circuit_cegar_rounds=- cumulative_cegar_rounds=68 cop_cegar_rounds=68 assumptions=0 phase_lits=1210
c 00h01m09s | stage:sat:solve:done round=1 ms=813 result=Sat assumptions=0 phase_lits=1210
c 00h01m09s | stage:decode:start round=1 requested_int_ids=122
c 00h01m09s | stage:relaxation:done round=1 clauses_added=16 circuit_clauses_added=0 cumulative_clauses_added=0 cop_clauses_added=16 circuit_cegar_failures=0 circuit_cegar_rounds=0 circuit_cegar_added_clauses=0 cumulative_cegar_failures=0 cumulative_cegar_rounds=68 cumulative_cegar_added_clauses=0 cop_cegar_failures=34 cop_cegar_rounds=68 cop_cegar_added_clauses=476
c 00h01m09s | stage:sat:solve:start round=2 circuit_cegar_rounds=- cumulative_cegar_rounds=69 cop_cegar_rounds=69 assumptions=0 phase_lits=1210
c 00h01m10s | stage:sat:solve:done round=2 ms=781 result=Sat assumptions=0 phase_lits=1210
c 00h01m10s | stage:decode:start round=2 requested_int_ids=122
c 00h01m10s | stage:decode:final:start round=2 requested_int_ids=122
c 00h01m10s | stage:decode:done round=2 int_assignments=122
c 00h01m10s | stage:relaxation:done clauses_added=0 circuit_cegar_failures=0 circuit_cegar_rounds=0 circuit_cegar_added_clauses=0 cumulative_cegar_failures=0 cumulative_cegar_rounds=69 cumulative_cegar_added_clauses=0 cop_cegar_failures=34 cop_cegar_rounds=69 cop_cegar_added_clauses=476
c 00h01m10s | result:Sat
c 00h01m10s | objective:incumbent kind=improvement value=157 rounds=35 improvements=34
o 157
c 00h01m10s | stage:sat:init solver=CaDiCaL vars=3230217 clauses=4901198
c 00h01m10s | stage:sat:solve:start round=1 circuit_cegar_rounds=- cumulative_cegar_rounds=70 cop_cegar_rounds=70 assumptions=0 phase_lits=1210
c 00h01m11s | stage:sat:solve:done round=1 ms=803 result=Sat assumptions=0 phase_lits=1210
c 00h01m11s | stage:decode:start round=1 requested_int_ids=122
c 00h01m11s | stage:relaxation:done round=1 clauses_added=17 circuit_clauses_added=0 cumulative_clauses_added=0 cop_clauses_added=17 circuit_cegar_failures=0 circuit_cegar_rounds=0 circuit_cegar_added_clauses=0 cumulative_cegar_failures=0 cumulative_cegar_rounds=70 cumulative_cegar_added_clauses=0 cop_cegar_failures=35 cop_cegar_rounds=70 cop_cegar_added_clauses=493
c 00h01m11s | stage:sat:solve:start round=2 circuit_cegar_rounds=- cumulative_cegar_rounds=71 cop_cegar_rounds=71 assumptions=0 phase_lits=1210
c 00h01m11s | stage:sat:solve:done round=2 ms=754 result=Sat assumptions=0 phase_lits=1210
c 00h01m11s | stage:decode:start round=2 requested_int_ids=122
c 00h01m12s | stage:decode:final:start round=2 requested_int_ids=122
c 00h01m12s | stage:decode:done round=2 int_assignments=122
c 00h01m12s | stage:relaxation:done clauses_added=0 circuit_cegar_failures=0 circuit_cegar_rounds=0 circuit_cegar_added_clauses=0 cumulative_cegar_failures=0 cumulative_cegar_rounds=71 cumulative_cegar_added_clauses=0 cop_cegar_failures=35 cop_cegar_rounds=71 cop_cegar_added_clauses=493
c 00h01m12s | result:Sat
c 00h01m12s | objective:incumbent kind=improvement value=156 rounds=36 improvements=35
o 156
c 00h01m12s | stage:sat:init solver=CaDiCaL vars=3230217 clauses=4901198
c 00h01m12s | stage:sat:solve:start round=1 circuit_cegar_rounds=- cumulative_cegar_rounds=72 cop_cegar_rounds=72 assumptions=0 phase_lits=1210
c 00h01m12s | stage:sat:solve:done round=1 ms=798 result=Sat assumptions=0 phase_lits=1210
c 00h01m12s | stage:decode:start round=1 requested_int_ids=122
c 00h01m12s | stage:relaxation:done round=1 clauses_added=16 circuit_clauses_added=0 cumulative_clauses_added=0 cop_clauses_added=16 circuit_cegar_failures=0 circuit_cegar_rounds=0 circuit_cegar_added_clauses=0 cumulative_cegar_failures=0 cumulative_cegar_rounds=72 cumulative_cegar_added_clauses=0 cop_cegar_failures=36 cop_cegar_rounds=72 cop_cegar_added_clauses=509
c 00h01m12s | stage:sat:solve:start round=2 circuit_cegar_rounds=- cumulative_cegar_rounds=73 cop_cegar_rounds=73 assumptions=0 phase_lits=1210
c 00h01m15s | stage:sat:solve:done round=2 ms=2132 result=Sat assumptions=0 phase_lits=1210
c 00h01m15s | stage:decode:start round=2 requested_int_ids=122
c 00h01m15s | stage:decode:final:start round=2 requested_int_ids=122
c 00h01m15s | stage:decode:done round=2 int_assignments=122
c 00h01m15s | stage:relaxation:done clauses_added=0 circuit_cegar_failures=0 circuit_cegar_rounds=0 circuit_cegar_added_clauses=0 cumulative_cegar_failures=0 cumulative_cegar_rounds=73 cumulative_cegar_added_clauses=0 cop_cegar_failures=36 cop_cegar_rounds=73 cop_cegar_added_clauses=509
c 00h01m15s | result:Sat
c 00h01m15s | objective:incumbent kind=improvement value=155 rounds=37 improvements=36
o 155
c 00h01m15s | stage:sat:init solver=CaDiCaL vars=3230217 clauses=4901198
c 00h01m15s | stage:sat:solve:start round=1 circuit_cegar_rounds=- cumulative_cegar_rounds=74 cop_cegar_rounds=74 assumptions=0 phase_lits=1210
c 00h01m15s | stage:sat:solve:done round=1 ms=792 result=Sat assumptions=0 phase_lits=1210
c 00h01m15s | stage:decode:start round=1 requested_int_ids=122
c 00h01m15s | stage:relaxation:done round=1 clauses_added=18 circuit_clauses_added=0 cumulative_clauses_added=0 cop_clauses_added=18 circuit_cegar_failures=0 circuit_cegar_rounds=0 circuit_cegar_added_clauses=0 cumulative_cegar_failures=0 cumulative_cegar_rounds=74 cumulative_cegar_added_clauses=0 cop_cegar_failures=37 cop_cegar_rounds=74 cop_cegar_added_clauses=527
c 00h01m15s | stage:sat:solve:start round=2 circuit_cegar_rounds=- cumulative_cegar_rounds=75 cop_cegar_rounds=75 assumptions=0 phase_lits=1210
c 00h01m16s | stage:sat:solve:done round=2 ms=751 result=Sat assumptions=0 phase_lits=1210
c 00h01m16s | stage:decode:start round=2 requested_int_ids=122
c 00h01m16s | stage:decode:final:start round=2 requested_int_ids=122
c 00h01m16s | stage:decode:done round=2 int_assignments=122
c 00h01m16s | stage:relaxation:done clauses_added=0 circuit_cegar_failures=0 circuit_cegar_rounds=0 circuit_cegar_added_clauses=0 cumulative_cegar_failures=0 cumulative_cegar_rounds=75 cumulative_cegar_added_clauses=0 cop_cegar_failures=37 cop_cegar_rounds=75 cop_cegar_added_clauses=527
c 00h01m16s | result:Sat
c 00h01m16s | objective:incumbent kind=improvement value=154 rounds=38 improvements=37
o 154
c 00h01m16s | stage:sat:init solver=CaDiCaL vars=3230217 clauses=4901198
c 00h01m16s | stage:sat:solve:start round=1 circuit_cegar_rounds=- cumulative_cegar_rounds=76 cop_cegar_rounds=76 assumptions=0 phase_lits=1210
c 00h01m17s | stage:sat:solve:done round=1 ms=791 result=Sat assumptions=0 phase_lits=1210
c 00h01m17s | stage:decode:start round=1 requested_int_ids=122
c 00h01m17s | stage:relaxation:done round=1 clauses_added=15 circuit_clauses_added=0 cumulative_clauses_added=0 cop_clauses_added=15 circuit_cegar_failures=0 circuit_cegar_rounds=0 circuit_cegar_added_clauses=0 cumulative_cegar_failures=0 cumulative_cegar_rounds=76 cumulative_cegar_added_clauses=0 cop_cegar_failures=38 cop_cegar_rounds=76 cop_cegar_added_clauses=542
c 00h01m17s | stage:sat:solve:start round=2 circuit_cegar_rounds=- cumulative_cegar_rounds=77 cop_cegar_rounds=77 assumptions=0 phase_lits=1210
c 00h01m37s | stage:sat:solve:done round=2 ms=19757 result=Sat assumptions=0 phase_lits=1210
c 00h01m37s | stage:decode:start round=2 requested_int_ids=122
c 00h01m37s | stage:decode:final:start round=2 requested_int_ids=122
c 00h01m37s | stage:decode:done round=2 int_assignments=122
c 00h01m37s | stage:relaxation:done clauses_added=0 circuit_cegar_failures=0 circuit_cegar_rounds=0 circuit_cegar_added_clauses=0 cumulative_cegar_failures=0 cumulative_cegar_rounds=77 cumulative_cegar_added_clauses=0 cop_cegar_failures=38 cop_cegar_rounds=77 cop_cegar_added_clauses=542
c 00h01m37s | result:Sat
c 00h01m37s | objective:incumbent kind=improvement value=153 rounds=39 improvements=38
o 153
c 00h01m37s | stage:sat:init solver=CaDiCaL vars=3230217 clauses=4901198
c 00h01m37s | stage:sat:solve:start round=1 circuit_cegar_rounds=- cumulative_cegar_rounds=78 cop_cegar_rounds=78 assumptions=0 phase_lits=1210
c 00h01m37s | stage:sat:solve:done round=1 ms=241 result=Sat assumptions=0 phase_lits=1210
c 00h01m37s | stage:decode:start round=1 requested_int_ids=122
c 00h01m37s | stage:relaxation:done round=1 clauses_added=18 circuit_clauses_added=0 cumulative_clauses_added=0 cop_clauses_added=18 circuit_cegar_failures=0 circuit_cegar_rounds=0 circuit_cegar_added_clauses=0 cumulative_cegar_failures=0 cumulative_cegar_rounds=78 cumulative_cegar_added_clauses=0 cop_cegar_failures=39 cop_cegar_rounds=78 cop_cegar_added_clauses=560
c 00h01m37s | stage:sat:solve:start round=2 circuit_cegar_rounds=- cumulative_cegar_rounds=79 cop_cegar_rounds=79 assumptions=0 phase_lits=1210
c 00h01m37s | stage:sat:solve:done round=2 ms=15 result=Sat assumptions=0 phase_lits=1210
c 00h01m37s | stage:decode:start round=2 requested_int_ids=122
c 00h01m37s | stage:decode:final:start round=2 requested_int_ids=122
c 00h01m37s | stage:decode:done round=2 int_assignments=122
c 00h01m37s | stage:relaxation:done clauses_added=0 circuit_cegar_failures=0 circuit_cegar_rounds=0 circuit_cegar_added_clauses=0 cumulative_cegar_failures=0 cumulative_cegar_rounds=79 cumulative_cegar_added_clauses=0 cop_cegar_failures=39 cop_cegar_rounds=79 cop_cegar_added_clauses=560
c 00h01m37s | result:Sat
c 00h01m37s | objective:incumbent kind=improvement value=152 rounds=40 improvements=39
o 152
c 00h01m37s | stage:sat:init solver=CaDiCaL vars=3230217 clauses=4901198
c 00h01m37s | stage:sat:solve:start round=1 circuit_cegar_rounds=- cumulative_cegar_rounds=80 cop_cegar_rounds=80 assumptions=0 phase_lits=1210
c 00h01m37s | stage:sat:solve:done round=1 ms=6 result=Sat assumptions=0 phase_lits=1210
c 00h01m37s | stage:decode:start round=1 requested_int_ids=122
c 00h01m37s | stage:relaxation:done round=1 clauses_added=17 circuit_clauses_added=0 cumulative_clauses_added=0 cop_clauses_added=17 circuit_cegar_failures=0 circuit_cegar_rounds=0 circuit_cegar_added_clauses=0 cumulative_cegar_failures=0 cumulative_cegar_rounds=80 cumulative_cegar_added_clauses=0 cop_cegar_failures=40 cop_cegar_rounds=80 cop_cegar_added_clauses=577
c 00h01m37s | stage:sat:solve:start round=2 circuit_cegar_rounds=- cumulative_cegar_rounds=81 cop_cegar_rounds=81 assumptions=0 phase_lits=1210
c 00h01m37s | stage:sat:solve:done round=2 ms=11 result=Sat assumptions=0 phase_lits=1210
c 00h01m37s | stage:decode:start round=2 requested_int_ids=122
c 00h01m38s | stage:decode:final:start round=2 requested_int_ids=122
c 00h01m38s | stage:decode:done round=2 int_assignments=122
c 00h01m38s | stage:relaxation:done clauses_added=0 circuit_cegar_failures=0 circuit_cegar_rounds=0 circuit_cegar_added_clauses=0 cumulative_cegar_failures=0 cumulative_cegar_rounds=81 cumulative_cegar_added_clauses=0 cop_cegar_failures=40 cop_cegar_rounds=81 cop_cegar_added_clauses=577
c 00h01m38s | result:Sat
c 00h01m38s | objective:incumbent kind=improvement value=151 rounds=41 improvements=40
o 151
c 00h01m38s | stage:sat:init solver=CaDiCaL vars=3230217 clauses=4901198
c 00h01m38s | stage:sat:solve:start round=1 circuit_cegar_rounds=- cumulative_cegar_rounds=82 cop_cegar_rounds=82 assumptions=0 phase_lits=1210
c 00h01m38s | stage:sat:solve:done round=1 ms=7 result=Sat assumptions=0 phase_lits=1210
c 00h01m38s | stage:decode:start round=1 requested_int_ids=122
c 00h01m38s | stage:relaxation:done round=1 clauses_added=19 circuit_clauses_added=0 cumulative_clauses_added=0 cop_clauses_added=19 circuit_cegar_failures=0 circuit_cegar_rounds=0 circuit_cegar_added_clauses=0 cumulative_cegar_failures=0 cumulative_cegar_rounds=82 cumulative_cegar_added_clauses=0 cop_cegar_failures=41 cop_cegar_rounds=82 cop_cegar_added_clauses=596
c 00h01m38s | stage:sat:solve:start round=2 circuit_cegar_rounds=- cumulative_cegar_rounds=83 cop_cegar_rounds=83 assumptions=0 phase_lits=1210
c 00h01m38s | stage:sat:solve:done round=2 ms=6 result=Sat assumptions=0 phase_lits=1210
c 00h01m38s | stage:decode:start round=2 requested_int_ids=122
c 00h01m38s | stage:decode:final:start round=2 requested_int_ids=122
c 00h01m38s | stage:decode:done round=2 int_assignments=122
c 00h01m38s | stage:relaxation:done clauses_added=0 circuit_cegar_failures=0 circuit_cegar_rounds=0 circuit_cegar_added_clauses=0 cumulative_cegar_failures=0 cumulative_cegar_rounds=83 cumulative_cegar_added_clauses=0 cop_cegar_failures=41 cop_cegar_rounds=83 cop_cegar_added_clauses=596
c 00h01m38s | result:Sat
c 00h01m38s | objective:incumbent kind=improvement value=150 rounds=42 improvements=41
o 150
c 00h01m38s | stage:sat:init solver=CaDiCaL vars=3230217 clauses=4901198
c 00h01m38s | stage:sat:solve:start round=1 circuit_cegar_rounds=- cumulative_cegar_rounds=84 cop_cegar_rounds=84 assumptions=0 phase_lits=1210
c 00h01m38s | stage:sat:solve:done round=1 ms=6 result=Sat assumptions=0 phase_lits=1210
c 00h01m38s | stage:decode:start round=1 requested_int_ids=122
c 00h01m38s | stage:relaxation:done round=1 clauses_added=8 circuit_clauses_added=0 cumulative_clauses_added=0 cop_clauses_added=8 circuit_cegar_failures=0 circuit_cegar_rounds=0 circuit_cegar_added_clauses=0 cumulative_cegar_failures=0 cumulative_cegar_rounds=84 cumulative_cegar_added_clauses=0 cop_cegar_failures=42 cop_cegar_rounds=84 cop_cegar_added_clauses=604
c 00h01m38s | stage:sat:solve:start round=2 circuit_cegar_rounds=- cumulative_cegar_rounds=85 cop_cegar_rounds=85 assumptions=0 phase_lits=1210
c 00h01m38s | stage:sat:solve:done round=2 ms=24 result=Sat assumptions=0 phase_lits=1210
c 00h01m38s | stage:decode:start round=2 requested_int_ids=122
c 00h01m38s | stage:decode:final:start round=2 requested_int_ids=122
c 00h01m38s | stage:decode:done round=2 int_assignments=122
c 00h01m38s | stage:relaxation:done clauses_added=0 circuit_cegar_failures=0 circuit_cegar_rounds=0 circuit_cegar_added_clauses=0 cumulative_cegar_failures=0 cumulative_cegar_rounds=85 cumulative_cegar_added_clauses=0 cop_cegar_failures=42 cop_cegar_rounds=85 cop_cegar_added_clauses=604
c 00h01m38s | result:Sat
c 00h01m38s | objective:incumbent kind=improvement value=149 rounds=43 improvements=42
o 149
c 00h01m38s | stage:sat:init solver=CaDiCaL vars=3230217 clauses=4901198
c 00h01m38s | stage:sat:solve:start round=1 circuit_cegar_rounds=- cumulative_cegar_rounds=86 cop_cegar_rounds=86 assumptions=0 phase_lits=1210
c 00h01m38s | stage:sat:solve:done round=1 ms=8 result=Sat assumptions=0 phase_lits=1210
c 00h01m38s | stage:decode:start round=1 requested_int_ids=122
c 00h01m38s | stage:relaxation:done round=1 clauses_added=15 circuit_clauses_added=0 cumulative_clauses_added=0 cop_clauses_added=15 circuit_cegar_failures=0 circuit_cegar_rounds=0 circuit_cegar_added_clauses=0 cumulative_cegar_failures=0 cumulative_cegar_rounds=86 cumulative_cegar_added_clauses=0 cop_cegar_failures=43 cop_cegar_rounds=86 cop_cegar_added_clauses=619
c 00h01m38s | stage:sat:solve:start round=2 circuit_cegar_rounds=- cumulative_cegar_rounds=87 cop_cegar_rounds=87 assumptions=0 phase_lits=1210
c 00h01m38s | stage:sat:solve:done round=2 ms=9 result=Sat assumptions=0 phase_lits=1210
c 00h01m38s | stage:decode:start round=2 requested_int_ids=122
c 00h01m38s | stage:decode:final:start round=2 requested_int_ids=122
c 00h01m38s | stage:decode:done round=2 int_assignments=122
c 00h01m38s | stage:relaxation:done clauses_added=0 circuit_cegar_failures=0 circuit_cegar_rounds=0 circuit_cegar_added_clauses=0 cumulative_cegar_failures=0 cumulative_cegar_rounds=87 cumulative_cegar_added_clauses=0 cop_cegar_failures=43 cop_cegar_rounds=87 cop_cegar_added_clauses=619
c 00h01m38s | result:Sat
c 00h01m38s | objective:incumbent kind=improvement value=148 rounds=44 improvements=43
o 148
c 00h01m38s | stage:sat:init solver=CaDiCaL vars=3230217 clauses=4901198
c 00h01m38s | stage:sat:solve:start round=1 circuit_cegar_rounds=- cumulative_cegar_rounds=88 cop_cegar_rounds=88 assumptions=0 phase_lits=1210
c 00h01m38s | stage:sat:solve:done round=1 ms=8 result=Sat assumptions=0 phase_lits=1210
c 00h01m38s | stage:decode:start round=1 requested_int_ids=122
c 00h01m38s | stage:relaxation:done round=1 clauses_added=14 circuit_clauses_added=0 cumulative_clauses_added=0 cop_clauses_added=14 circuit_cegar_failures=0 circuit_cegar_rounds=0 circuit_cegar_added_clauses=0 cumulative_cegar_failures=0 cumulative_cegar_rounds=88 cumulative_cegar_added_clauses=0 cop_cegar_failures=44 cop_cegar_rounds=88 cop_cegar_added_clauses=633
c 00h01m38s | stage:sat:solve:start round=2 circuit_cegar_rounds=- cumulative_cegar_rounds=89 cop_cegar_rounds=89 assumptions=0 phase_lits=1210
c 00h01m38s | stage:sat:solve:done round=2 ms=7 result=Sat assumptions=0 phase_lits=1210
c 00h01m38s | stage:decode:start round=2 requested_int_ids=122
c 00h01m38s | stage:decode:final:start round=2 requested_int_ids=122
c 00h01m38s | stage:decode:done round=2 int_assignments=122
c 00h01m38s | stage:relaxation:done clauses_added=0 circuit_cegar_failures=0 circuit_cegar_rounds=0 circuit_cegar_added_clauses=0 cumulative_cegar_failures=0 cumulative_cegar_rounds=89 cumulative_cegar_added_clauses=0 cop_cegar_failures=44 cop_cegar_rounds=89 cop_cegar_added_clauses=633
c 00h01m38s | result:Sat
c 00h01m38s | objective:incumbent kind=improvement value=146 rounds=45 improvements=44
o 146
c 00h01m38s | stage:sat:init solver=CaDiCaL vars=3230217 clauses=4901198
c 00h01m38s | stage:sat:solve:start round=1 circuit_cegar_rounds=- cumulative_cegar_rounds=90 cop_cegar_rounds=90 assumptions=0 phase_lits=1210
c 00h01m38s | stage:sat:solve:done round=1 ms=8 result=Sat assumptions=0 phase_lits=1210
c 00h01m38s | stage:decode:start round=1 requested_int_ids=122
c 00h01m38s | stage:relaxation:done round=1 clauses_added=13 circuit_clauses_added=0 cumulative_clauses_added=0 cop_clauses_added=13 circuit_cegar_failures=0 circuit_cegar_rounds=0 circuit_cegar_added_clauses=0 cumulative_cegar_failures=0 cumulative_cegar_rounds=90 cumulative_cegar_added_clauses=0 cop_cegar_failures=45 cop_cegar_rounds=90 cop_cegar_added_clauses=646
c 00h01m38s | stage:sat:solve:start round=2 circuit_cegar_rounds=- cumulative_cegar_rounds=91 cop_cegar_rounds=91 assumptions=0 phase_lits=1210
c 00h01m38s | stage:sat:solve:done round=2 ms=8 result=Sat assumptions=0 phase_lits=1210
c 00h01m38s | stage:decode:start round=2 requested_int_ids=122
c 00h01m39s | stage:decode:final:start round=2 requested_int_ids=122
c 00h01m39s | stage:decode:done round=2 int_assignments=122
c 00h01m39s | stage:relaxation:done clauses_added=0 circuit_cegar_failures=0 circuit_cegar_rounds=0 circuit_cegar_added_clauses=0 cumulative_cegar_failures=0 cumulative_cegar_rounds=91 cumulative_cegar_added_clauses=0 cop_cegar_failures=45 cop_cegar_rounds=91 cop_cegar_added_clauses=646
c 00h01m39s | result:Sat
c 00h01m39s | objective:incumbent kind=improvement value=142 rounds=46 improvements=45
o 142
c 00h01m39s | stage:sat:init solver=CaDiCaL vars=3230217 clauses=4901198
c 00h01m39s | stage:sat:solve:start round=1 circuit_cegar_rounds=- cumulative_cegar_rounds=92 cop_cegar_rounds=92 assumptions=0 phase_lits=1210
c 00h01m39s | stage:sat:solve:done round=1 ms=8 result=Sat assumptions=0 phase_lits=1210
c 00h01m39s | stage:decode:start round=1 requested_int_ids=122
c 00h01m39s | stage:relaxation:done round=1 clauses_added=12 circuit_clauses_added=0 cumulative_clauses_added=0 cop_clauses_added=12 circuit_cegar_failures=0 circuit_cegar_rounds=0 circuit_cegar_added_clauses=0 cumulative_cegar_failures=0 cumulative_cegar_rounds=92 cumulative_cegar_added_clauses=0 cop_cegar_failures=46 cop_cegar_rounds=92 cop_cegar_added_clauses=658
c 00h01m39s | stage:sat:solve:start round=2 circuit_cegar_rounds=- cumulative_cegar_rounds=93 cop_cegar_rounds=93 assumptions=0 phase_lits=1210
c 00h01m39s | stage:sat:solve:done round=2 ms=205 result=Sat assumptions=0 phase_lits=1210
c 00h01m39s | stage:decode:start round=2 requested_int_ids=122
c 00h01m39s | stage:decode:final:start round=2 requested_int_ids=122
c 00h01m39s | stage:decode:done round=2 int_assignments=122
c 00h01m39s | stage:relaxation:done clauses_added=0 circuit_cegar_failures=0 circuit_cegar_rounds=0 circuit_cegar_added_clauses=0 cumulative_cegar_failures=0 cumulative_cegar_rounds=93 cumulative_cegar_added_clauses=0 cop_cegar_failures=46 cop_cegar_rounds=93 cop_cegar_added_clauses=658
c 00h01m39s | result:Sat
c 00h01m39s | objective:incumbent kind=improvement value=133 rounds=47 improvements=46
o 133
c 00h01m39s | stage:sat:init solver=CaDiCaL vars=3230217 clauses=4901198
c 00h01m39s | stage:sat:solve:start round=1 circuit_cegar_rounds=- cumulative_cegar_rounds=94 cop_cegar_rounds=94 assumptions=0 phase_lits=1210
c 00h01m39s | stage:sat:solve:done round=1 ms=10 result=Sat assumptions=0 phase_lits=1210
c 00h01m39s | stage:decode:start round=1 requested_int_ids=122
c 00h01m39s | stage:relaxation:done round=1 clauses_added=16 circuit_clauses_added=0 cumulative_clauses_added=0 cop_clauses_added=16 circuit_cegar_failures=0 circuit_cegar_rounds=0 circuit_cegar_added_clauses=0 cumulative_cegar_failures=0 cumulative_cegar_rounds=94 cumulative_cegar_added_clauses=0 cop_cegar_failures=47 cop_cegar_rounds=94 cop_cegar_added_clauses=674
c 00h01m39s | stage:sat:solve:start round=2 circuit_cegar_rounds=- cumulative_cegar_rounds=95 cop_cegar_rounds=95 assumptions=0 phase_lits=1210
c 00h01m39s | stage:sat:solve:done round=2 ms=7 result=Sat assumptions=0 phase_lits=1210
c 00h01m39s | stage:decode:start round=2 requested_int_ids=122
c 00h01m39s | stage:decode:final:start round=2 requested_int_ids=122
c 00h01m39s | stage:decode:done round=2 int_assignments=122
c 00h01m39s | stage:relaxation:done clauses_added=0 circuit_cegar_failures=0 circuit_cegar_rounds=0 circuit_cegar_added_clauses=0 cumulative_cegar_failures=0 cumulative_cegar_rounds=95 cumulative_cegar_added_clauses=0 cop_cegar_failures=47 cop_cegar_rounds=95 cop_cegar_added_clauses=674
c 00h01m39s | result:Sat
c 00h01m39s | objective:incumbent kind=improvement value=132 rounds=48 improvements=47
o 132
c 00h01m39s | stage:sat:init solver=CaDiCaL vars=3230217 clauses=4901198
c 00h01m39s | stage:sat:solve:start round=1 circuit_cegar_rounds=- cumulative_cegar_rounds=96 cop_cegar_rounds=96 assumptions=0 phase_lits=1210
c 00h01m39s | stage:sat:solve:done round=1 ms=7 result=Sat assumptions=0 phase_lits=1210
c 00h01m39s | stage:decode:start round=1 requested_int_ids=122
c 00h01m39s | stage:relaxation:done round=1 clauses_added=15 circuit_clauses_added=0 cumulative_clauses_added=0 cop_clauses_added=15 circuit_cegar_failures=0 circuit_cegar_rounds=0 circuit_cegar_added_clauses=0 cumulative_cegar_failures=0 cumulative_cegar_rounds=96 cumulative_cegar_added_clauses=0 cop_cegar_failures=48 cop_cegar_rounds=96 cop_cegar_added_clauses=689
c 00h01m39s | stage:sat:solve:start round=2 circuit_cegar_rounds=- cumulative_cegar_rounds=97 cop_cegar_rounds=97 assumptions=0 phase_lits=1210
c 00h01m40s | stage:sat:solve:done round=2 ms=1000 result=Sat assumptions=0 phase_lits=1210
c 00h01m40s | stage:decode:start round=2 requested_int_ids=122
c 00h01m40s | stage:decode:final:start round=2 requested_int_ids=122
c 00h01m40s | stage:decode:done round=2 int_assignments=122
c 00h01m40s | stage:relaxation:done clauses_added=0 circuit_cegar_failures=0 circuit_cegar_rounds=0 circuit_cegar_added_clauses=0 cumulative_cegar_failures=0 cumulative_cegar_rounds=97 cumulative_cegar_added_clauses=0 cop_cegar_failures=48 cop_cegar_rounds=97 cop_cegar_added_clauses=689
c 00h01m40s | result:Sat
c 00h01m40s | objective:incumbent kind=improvement value=131 rounds=49 improvements=48
o 131
c 00h01m40s | stage:sat:init solver=CaDiCaL vars=3230217 clauses=4901198
c 00h01m40s | stage:sat:solve:start round=1 circuit_cegar_rounds=- cumulative_cegar_rounds=98 cop_cegar_rounds=98 assumptions=0 phase_lits=1210
c 00h01m41s | stage:sat:solve:done round=1 ms=240 result=Sat assumptions=0 phase_lits=1210
c 00h01m41s | stage:decode:start round=1 requested_int_ids=122
c 00h01m41s | stage:relaxation:done round=1 clauses_added=17 circuit_clauses_added=0 cumulative_clauses_added=0 cop_clauses_added=17 circuit_cegar_failures=0 circuit_cegar_rounds=0 circuit_cegar_added_clauses=0 cumulative_cegar_failures=0 cumulative_cegar_rounds=98 cumulative_cegar_added_clauses=0 cop_cegar_failures=49 cop_cegar_rounds=98 cop_cegar_added_clauses=706
c 00h01m41s | stage:sat:solve:start round=2 circuit_cegar_rounds=- cumulative_cegar_rounds=99 cop_cegar_rounds=99 assumptions=0 phase_lits=1210
c 00h01m41s | stage:sat:solve:done round=2 ms=7 result=Sat assumptions=0 phase_lits=1210
c 00h01m41s | stage:decode:start round=2 requested_int_ids=122
c 00h01m41s | stage:decode:final:start round=2 requested_int_ids=122
c 00h01m41s | stage:decode:done round=2 int_assignments=122
c 00h01m41s | stage:relaxation:done clauses_added=0 circuit_cegar_failures=0 circuit_cegar_rounds=0 circuit_cegar_added_clauses=0 cumulative_cegar_failures=0 cumulative_cegar_rounds=99 cumulative_cegar_added_clauses=0 cop_cegar_failures=49 cop_cegar_rounds=99 cop_cegar_added_clauses=706
c 00h01m41s | result:Sat
c 00h01m41s | objective:incumbent kind=improvement value=130 rounds=50 improvements=49
o 130
c 00h01m41s | stage:sat:init solver=CaDiCaL vars=3230217 clauses=4901198
c 00h01m41s | stage:sat:solve:start round=1 circuit_cegar_rounds=- cumulative_cegar_rounds=100 cop_cegar_rounds=100 assumptions=0 phase_lits=1210
c 00h01m41s | stage:sat:solve:done round=1 ms=7 result=Sat assumptions=0 phase_lits=1210
c 00h01m41s | stage:decode:start round=1 requested_int_ids=122
c 00h01m41s | stage:relaxation:done round=1 clauses_added=14 circuit_clauses_added=0 cumulative_clauses_added=0 cop_clauses_added=14 circuit_cegar_failures=0 circuit_cegar_rounds=0 circuit_cegar_added_clauses=0 cumulative_cegar_failures=0 cumulative_cegar_rounds=100 cumulative_cegar_added_clauses=0 cop_cegar_failures=50 cop_cegar_rounds=100 cop_cegar_added_clauses=720
c 00h01m41s | stage:sat:solve:start round=2 circuit_cegar_rounds=- cumulative_cegar_rounds=101 cop_cegar_rounds=101 assumptions=0 phase_lits=1210
c 00h01m41s | stage:sat:solve:done round=2 ms=7 result=Sat assumptions=0 phase_lits=1210
c 00h01m41s | stage:decode:start round=2 requested_int_ids=122
c 00h01m41s | stage:decode:final:start round=2 requested_int_ids=122
c 00h01m41s | stage:decode:done round=2 int_assignments=122
c 00h01m41s | stage:relaxation:done clauses_added=0 circuit_cegar_failures=0 circuit_cegar_rounds=0 circuit_cegar_added_clauses=0 cumulative_cegar_failures=0 cumulative_cegar_rounds=101 cumulative_cegar_added_clauses=0 cop_cegar_failures=50 cop_cegar_rounds=101 cop_cegar_added_clauses=720
c 00h01m41s | result:Sat
c 00h01m41s | objective:incumbent kind=improvement value=129 rounds=51 improvements=50
o 129
c 00h01m41s | stage:sat:init solver=CaDiCaL vars=3230217 clauses=4901198
c 00h01m41s | stage:sat:solve:start round=1 circuit_cegar_rounds=- cumulative_cegar_rounds=102 cop_cegar_rounds=102 assumptions=0 phase_lits=1210
c 00h01m41s | stage:sat:solve:done round=1 ms=7 result=Sat assumptions=0 phase_lits=1210
c 00h01m41s | stage:decode:start round=1 requested_int_ids=122
c 00h01m41s | stage:relaxation:done round=1 clauses_added=17 circuit_clauses_added=0 cumulative_clauses_added=0 cop_clauses_added=17 circuit_cegar_failures=0 circuit_cegar_rounds=0 circuit_cegar_added_clauses=0 cumulative_cegar_failures=0 cumulative_cegar_rounds=102 cumulative_cegar_added_clauses=0 cop_cegar_failures=51 cop_cegar_rounds=102 cop_cegar_added_clauses=737
c 00h01m41s | stage:sat:solve:start round=2 circuit_cegar_rounds=- cumulative_cegar_rounds=103 cop_cegar_rounds=103 assumptions=0 phase_lits=1210
c 00h01m41s | stage:sat:solve:done round=2 ms=7 result=Sat assumptions=0 phase_lits=1210
c 00h01m41s | stage:decode:start round=2 requested_int_ids=122
c 00h01m41s | stage:decode:final:start round=2 requested_int_ids=122
c 00h01m41s | stage:decode:done round=2 int_assignments=122
c 00h01m41s | stage:relaxation:done clauses_added=0 circuit_cegar_failures=0 circuit_cegar_rounds=0 circuit_cegar_added_clauses=0 cumulative_cegar_failures=0 cumulative_cegar_rounds=103 cumulative_cegar_added_clauses=0 cop_cegar_failures=51 cop_cegar_rounds=103 cop_cegar_added_clauses=737
c 00h01m41s | result:Sat
c 00h01m41s | objective:incumbent kind=improvement value=128 rounds=52 improvements=51
o 128
c 00h01m41s | stage:sat:init solver=CaDiCaL vars=3230217 clauses=4901198
c 00h01m41s | stage:sat:solve:start round=1 circuit_cegar_rounds=- cumulative_cegar_rounds=104 cop_cegar_rounds=104 assumptions=0 phase_lits=1210
c 00h01m41s | stage:sat:solve:done round=1 ms=7 result=Sat assumptions=0 phase_lits=1210
c 00h01m41s | stage:decode:start round=1 requested_int_ids=122
c 00h01m41s | stage:relaxation:done round=1 clauses_added=16 circuit_clauses_added=0 cumulative_clauses_added=0 cop_clauses_added=16 circuit_cegar_failures=0 circuit_cegar_rounds=0 circuit_cegar_added_clauses=0 cumulative_cegar_failures=0 cumulative_cegar_rounds=104 cumulative_cegar_added_clauses=0 cop_cegar_failures=52 cop_cegar_rounds=104 cop_cegar_added_clauses=753
c 00h01m41s | stage:sat:solve:start round=2 circuit_cegar_rounds=- cumulative_cegar_rounds=105 cop_cegar_rounds=105 assumptions=0 phase_lits=1210
c 00h01m41s | stage:sat:solve:done round=2 ms=7 result=Sat assumptions=0 phase_lits=1210
c 00h01m41s | stage:decode:start round=2 requested_int_ids=122
c 00h01m41s | stage:decode:final:start round=2 requested_int_ids=122
c 00h01m41s | stage:decode:done round=2 int_assignments=122
c 00h01m41s | stage:relaxation:done clauses_added=0 circuit_cegar_failures=0 circuit_cegar_rounds=0 circuit_cegar_added_clauses=0 cumulative_cegar_failures=0 cumulative_cegar_rounds=105 cumulative_cegar_added_clauses=0 cop_cegar_failures=52 cop_cegar_rounds=105 cop_cegar_added_clauses=753
c 00h01m41s | result:Sat
c 00h01m41s | objective:incumbent kind=improvement value=127 rounds=53 improvements=52
o 127
c 00h01m41s | stage:sat:init solver=CaDiCaL vars=3230217 clauses=4901198
c 00h01m41s | stage:sat:solve:start round=1 circuit_cegar_rounds=- cumulative_cegar_rounds=106 cop_cegar_rounds=106 assumptions=0 phase_lits=1210
c 00h01m41s | stage:sat:solve:done round=1 ms=7 result=Sat assumptions=0 phase_lits=1210
c 00h01m41s | stage:decode:start round=1 requested_int_ids=122
c 00h01m41s | stage:relaxation:done round=1 clauses_added=18 circuit_clauses_added=0 cumulative_clauses_added=0 cop_clauses_added=18 circuit_cegar_failures=0 circuit_cegar_rounds=0 circuit_cegar_added_clauses=0 cumulative_cegar_failures=0 cumulative_cegar_rounds=106 cumulative_cegar_added_clauses=0 cop_cegar_failures=53 cop_cegar_rounds=106 cop_cegar_added_clauses=771
c 00h01m41s | stage:sat:solve:start round=2 circuit_cegar_rounds=- cumulative_cegar_rounds=107 cop_cegar_rounds=107 assumptions=0 phase_lits=1210
c 00h01m42s | stage:sat:solve:done round=2 ms=7 result=Sat assumptions=0 phase_lits=1210
c 00h01m42s | stage:decode:start round=2 requested_int_ids=122
c 00h01m42s | stage:decode:final:start round=2 requested_int_ids=122
c 00h01m42s | stage:decode:done round=2 int_assignments=122
c 00h01m42s | stage:relaxation:done clauses_added=0 circuit_cegar_failures=0 circuit_cegar_rounds=0 circuit_cegar_added_clauses=0 cumulative_cegar_failures=0 cumulative_cegar_rounds=107 cumulative_cegar_added_clauses=0 cop_cegar_failures=53 cop_cegar_rounds=107 cop_cegar_added_clauses=771
c 00h01m42s | result:Sat
c 00h01m42s | objective:incumbent kind=improvement value=126 rounds=54 improvements=53
o 126
c 00h01m42s | stage:sat:init solver=CaDiCaL vars=3230217 clauses=4901198
c 00h01m42s | stage:sat:solve:start round=1 circuit_cegar_rounds=- cumulative_cegar_rounds=108 cop_cegar_rounds=108 assumptions=0 phase_lits=1210
c 00h01m42s | stage:sat:solve:done round=1 ms=7 result=Sat assumptions=0 phase_lits=1210
c 00h01m42s | stage:decode:start round=1 requested_int_ids=122
c 00h01m42s | stage:relaxation:done round=1 clauses_added=13 circuit_clauses_added=0 cumulative_clauses_added=0 cop_clauses_added=13 circuit_cegar_failures=0 circuit_cegar_rounds=0 circuit_cegar_added_clauses=0 cumulative_cegar_failures=0 cumulative_cegar_rounds=108 cumulative_cegar_added_clauses=0 cop_cegar_failures=54 cop_cegar_rounds=108 cop_cegar_added_clauses=784
c 00h01m42s | stage:sat:solve:start round=2 circuit_cegar_rounds=- cumulative_cegar_rounds=109 cop_cegar_rounds=109 assumptions=0 phase_lits=1210
c 00h01m42s | stage:sat:solve:done round=2 ms=191 result=Sat assumptions=0 phase_lits=1210
c 00h01m42s | stage:decode:start round=2 requested_int_ids=122
c 00h01m42s | stage:decode:final:start round=2 requested_int_ids=122
c 00h01m42s | stage:decode:done round=2 int_assignments=122
c 00h01m42s | stage:relaxation:done clauses_added=0 circuit_cegar_failures=0 circuit_cegar_rounds=0 circuit_cegar_added_clauses=0 cumulative_cegar_failures=0 cumulative_cegar_rounds=109 cumulative_cegar_added_clauses=0 cop_cegar_failures=54 cop_cegar_rounds=109 cop_cegar_added_clauses=784
c 00h01m42s | result:Sat
c 00h01m42s | objective:incumbent kind=improvement value=125 rounds=55 improvements=54
o 125
c 00h01m42s | stage:sat:init solver=CaDiCaL vars=3230217 clauses=4901198
c 00h01m42s | stage:sat:solve:start round=1 circuit_cegar_rounds=- cumulative_cegar_rounds=110 cop_cegar_rounds=110 assumptions=0 phase_lits=1210
c 00h01m42s | stage:sat:solve:done round=1 ms=7 result=Sat assumptions=0 phase_lits=1210
c 00h01m42s | stage:decode:start round=1 requested_int_ids=122
c 00h01m42s | stage:relaxation:done round=1 clauses_added=17 circuit_clauses_added=0 cumulative_clauses_added=0 cop_clauses_added=17 circuit_cegar_failures=0 circuit_cegar_rounds=0 circuit_cegar_added_clauses=0 cumulative_cegar_failures=0 cumulative_cegar_rounds=110 cumulative_cegar_added_clauses=0 cop_cegar_failures=55 cop_cegar_rounds=110 cop_cegar_added_clauses=801
c 00h01m42s | stage:sat:solve:start round=2 circuit_cegar_rounds=- cumulative_cegar_rounds=111 cop_cegar_rounds=111 assumptions=0 phase_lits=1210
c 00h01m42s | stage:sat:solve:done round=2 ms=5 result=Sat assumptions=0 phase_lits=1210
c 00h01m42s | stage:decode:start round=2 requested_int_ids=122
c 00h01m42s | stage:decode:final:start round=2 requested_int_ids=122
c 00h01m42s | stage:decode:done round=2 int_assignments=122
c 00h01m42s | stage:relaxation:done clauses_added=0 circuit_cegar_failures=0 circuit_cegar_rounds=0 circuit_cegar_added_clauses=0 cumulative_cegar_failures=0 cumulative_cegar_rounds=111 cumulative_cegar_added_clauses=0 cop_cegar_failures=55 cop_cegar_rounds=111 cop_cegar_added_clauses=801
c 00h01m42s | result:Sat
c 00h01m42s | objective:incumbent kind=improvement value=124 rounds=56 improvements=55
o 124
c 00h01m42s | stage:sat:init solver=CaDiCaL vars=3230217 clauses=4901198
c 00h01m42s | stage:sat:solve:start round=1 circuit_cegar_rounds=- cumulative_cegar_rounds=112 cop_cegar_rounds=112 assumptions=0 phase_lits=1210
c 00h01m42s | stage:sat:solve:done round=1 ms=6 result=Sat assumptions=0 phase_lits=1210
c 00h01m42s | stage:decode:start round=1 requested_int_ids=122
c 00h01m42s | stage:relaxation:done round=1 clauses_added=16 circuit_clauses_added=0 cumulative_clauses_added=0 cop_clauses_added=16 circuit_cegar_failures=0 circuit_cegar_rounds=0 circuit_cegar_added_clauses=0 cumulative_cegar_failures=0 cumulative_cegar_rounds=112 cumulative_cegar_added_clauses=0 cop_cegar_failures=56 cop_cegar_rounds=112 cop_cegar_added_clauses=817
c 00h01m42s | stage:sat:solve:start round=2 circuit_cegar_rounds=- cumulative_cegar_rounds=113 cop_cegar_rounds=113 assumptions=0 phase_lits=1210
c 00h01m42s | stage:sat:solve:done round=2 ms=6 result=Sat assumptions=0 phase_lits=1210
c 00h01m42s | stage:decode:start round=2 requested_int_ids=122
c 00h01m42s | stage:decode:final:start round=2 requested_int_ids=122
c 00h01m42s | stage:decode:done round=2 int_assignments=122
c 00h01m42s | stage:relaxation:done clauses_added=0 circuit_cegar_failures=0 circuit_cegar_rounds=0 circuit_cegar_added_clauses=0 cumulative_cegar_failures=0 cumulative_cegar_rounds=113 cumulative_cegar_added_clauses=0 cop_cegar_failures=56 cop_cegar_rounds=113 cop_cegar_added_clauses=817
c 00h01m42s | result:Sat
c 00h01m42s | objective:incumbent kind=improvement value=122 rounds=57 improvements=56
o 122
c 00h01m42s | stage:sat:init solver=CaDiCaL vars=3230217 clauses=4901198
c 00h01m42s | stage:sat:solve:start round=1 circuit_cegar_rounds=- cumulative_cegar_rounds=114 cop_cegar_rounds=114 assumptions=0 phase_lits=1210
c 00h01m42s | stage:sat:solve:done round=1 ms=6 result=Sat assumptions=0 phase_lits=1210
c 00h01m42s | stage:decode:start round=1 requested_int_ids=122
c 00h01m42s | stage:relaxation:done round=1 clauses_added=15 circuit_clauses_added=0 cumulative_clauses_added=0 cop_clauses_added=15 circuit_cegar_failures=0 circuit_cegar_rounds=0 circuit_cegar_added_clauses=0 cumulative_cegar_failures=0 cumulative_cegar_rounds=114 cumulative_cegar_added_clauses=0 cop_cegar_failures=57 cop_cegar_rounds=114 cop_cegar_added_clauses=832
c 00h01m42s | stage:sat:solve:start round=2 circuit_cegar_rounds=- cumulative_cegar_rounds=115 cop_cegar_rounds=115 assumptions=0 phase_lits=1210
c 00h01m43s | stage:sat:solve:done round=2 ms=96 result=Sat assumptions=0 phase_lits=1210
c 00h01m43s | stage:decode:start round=2 requested_int_ids=122
c 00h01m43s | stage:decode:final:start round=2 requested_int_ids=122
c 00h01m43s | stage:decode:done round=2 int_assignments=122
c 00h01m43s | stage:relaxation:done clauses_added=0 circuit_cegar_failures=0 circuit_cegar_rounds=0 circuit_cegar_added_clauses=0 cumulative_cegar_failures=0 cumulative_cegar_rounds=115 cumulative_cegar_added_clauses=0 cop_cegar_failures=57 cop_cegar_rounds=115 cop_cegar_added_clauses=832
c 00h01m43s | result:Sat
c 00h01m43s | objective:incumbent kind=improvement value=121 rounds=58 improvements=57
o 121
c 00h01m43s | stage:sat:init solver=CaDiCaL vars=3230217 clauses=4901198
c 00h01m43s | stage:sat:solve:start round=1 circuit_cegar_rounds=- cumulative_cegar_rounds=116 cop_cegar_rounds=116 assumptions=0 phase_lits=1210
c 00h01m43s | stage:sat:solve:done round=1 ms=7 result=Sat assumptions=0 phase_lits=1210
c 00h01m43s | stage:decode:start round=1 requested_int_ids=122
c 00h01m43s | stage:relaxation:done round=1 clauses_added=18 circuit_clauses_added=0 cumulative_clauses_added=0 cop_clauses_added=18 circuit_cegar_failures=0 circuit_cegar_rounds=0 circuit_cegar_added_clauses=0 cumulative_cegar_failures=0 cumulative_cegar_rounds=116 cumulative_cegar_added_clauses=0 cop_cegar_failures=58 cop_cegar_rounds=116 cop_cegar_added_clauses=850
c 00h01m43s | stage:sat:solve:start round=2 circuit_cegar_rounds=- cumulative_cegar_rounds=117 cop_cegar_rounds=117 assumptions=0 phase_lits=1210
c 00h01m43s | stage:sat:solve:done round=2 ms=116 result=Sat assumptions=0 phase_lits=1210
c 00h01m43s | stage:decode:start round=2 requested_int_ids=122
c 00h01m43s | stage:decode:final:start round=2 requested_int_ids=122
c 00h01m43s | stage:decode:done round=2 int_assignments=122
c 00h01m43s | stage:relaxation:done clauses_added=0 circuit_cegar_failures=0 circuit_cegar_rounds=0 circuit_cegar_added_clauses=0 cumulative_cegar_failures=0 cumulative_cegar_rounds=117 cumulative_cegar_added_clauses=0 cop_cegar_failures=58 cop_cegar_rounds=117 cop_cegar_added_clauses=850
c 00h01m43s | result:Sat
c 00h01m43s | objective:incumbent kind=improvement value=120 rounds=59 improvements=58
o 120
c 00h01m43s | stage:sat:init solver=CaDiCaL vars=3230217 clauses=4901198
c 00h01m43s | stage:sat:solve:start round=1 circuit_cegar_rounds=- cumulative_cegar_rounds=118 cop_cegar_rounds=118 assumptions=0 phase_lits=1210
c 00h01m43s | stage:sat:solve:done round=1 ms=7 result=Sat assumptions=0 phase_lits=1210
c 00h01m43s | stage:decode:start round=1 requested_int_ids=122
c 00h01m43s | stage:relaxation:done round=1 clauses_added=17 circuit_clauses_added=0 cumulative_clauses_added=0 cop_clauses_added=17 circuit_cegar_failures=0 circuit_cegar_rounds=0 circuit_cegar_added_clauses=0 cumulative_cegar_failures=0 cumulative_cegar_rounds=118 cumulative_cegar_added_clauses=0 cop_cegar_failures=59 cop_cegar_rounds=118 cop_cegar_added_clauses=867
c 00h01m43s | stage:sat:solve:start round=2 circuit_cegar_rounds=- cumulative_cegar_rounds=119 cop_cegar_rounds=119 assumptions=0 phase_lits=1210
c 00h01m43s | stage:sat:solve:done round=2 ms=15 result=Sat assumptions=0 phase_lits=1210
c 00h01m43s | stage:decode:start round=2 requested_int_ids=122
c 00h01m43s | stage:decode:final:start round=2 requested_int_ids=122
c 00h01m43s | stage:decode:done round=2 int_assignments=122
c 00h01m43s | stage:relaxation:done clauses_added=0 circuit_cegar_failures=0 circuit_cegar_rounds=0 circuit_cegar_added_clauses=0 cumulative_cegar_failures=0 cumulative_cegar_rounds=119 cumulative_cegar_added_clauses=0 cop_cegar_failures=59 cop_cegar_rounds=119 cop_cegar_added_clauses=867
c 00h01m43s | result:Sat
c 00h01m43s | objective:incumbent kind=improvement value=119 rounds=60 improvements=59
o 119
c 00h01m43s | stage:sat:init solver=CaDiCaL vars=3230217 clauses=4901198
c 00h01m43s | stage:sat:solve:start round=1 circuit_cegar_rounds=- cumulative_cegar_rounds=120 cop_cegar_rounds=120 assumptions=0 phase_lits=1210
c 00h01m43s | stage:sat:solve:done round=1 ms=6 result=Sat assumptions=0 phase_lits=1210
c 00h01m43s | stage:decode:start round=1 requested_int_ids=122
c 00h01m43s | stage:relaxation:done round=1 clauses_added=19 circuit_clauses_added=0 cumulative_clauses_added=0 cop_clauses_added=19 circuit_cegar_failures=0 circuit_cegar_rounds=0 circuit_cegar_added_clauses=0 cumulative_cegar_failures=0 cumulative_cegar_rounds=120 cumulative_cegar_added_clauses=0 cop_cegar_failures=60 cop_cegar_rounds=120 cop_cegar_added_clauses=886
c 00h01m43s | stage:sat:solve:start round=2 circuit_cegar_rounds=- cumulative_cegar_rounds=121 cop_cegar_rounds=121 assumptions=0 phase_lits=1210
c 00h01m43s | stage:sat:solve:done round=2 ms=101 result=Sat assumptions=0 phase_lits=1210
c 00h01m43s | stage:decode:start round=2 requested_int_ids=122
c 00h01m43s | stage:decode:final:start round=2 requested_int_ids=122
c 00h01m43s | stage:decode:done round=2 int_assignments=122
c 00h01m43s | stage:relaxation:done clauses_added=0 circuit_cegar_failures=0 circuit_cegar_rounds=0 circuit_cegar_added_clauses=0 cumulative_cegar_failures=0 cumulative_cegar_rounds=121 cumulative_cegar_added_clauses=0 cop_cegar_failures=60 cop_cegar_rounds=121 cop_cegar_added_clauses=886
c 00h01m43s | result:Sat
c 00h01m43s | objective:incumbent kind=improvement value=118 rounds=61 improvements=60
o 118
c 00h01m43s | stage:sat:init solver=CaDiCaL vars=3230217 clauses=4901198
c 00h01m43s | stage:sat:solve:start round=1 circuit_cegar_rounds=- cumulative_cegar_rounds=122 cop_cegar_rounds=122 assumptions=0 phase_lits=1210
c 00h01m43s | stage:sat:solve:done round=1 ms=7 result=Sat assumptions=0 phase_lits=1210
c 00h01m43s | stage:decode:start round=1 requested_int_ids=122
c 00h01m44s | stage:relaxation:done round=1 clauses_added=10 circuit_clauses_added=0 cumulative_clauses_added=0 cop_clauses_added=10 circuit_cegar_failures=0 circuit_cegar_rounds=0 circuit_cegar_added_clauses=0 cumulative_cegar_failures=0 cumulative_cegar_rounds=122 cumulative_cegar_added_clauses=0 cop_cegar_failures=61 cop_cegar_rounds=122 cop_cegar_added_clauses=896
c 00h01m44s | stage:sat:solve:start round=2 circuit_cegar_rounds=- cumulative_cegar_rounds=123 cop_cegar_rounds=123 assumptions=0 phase_lits=1210
c 00h01m44s | stage:sat:solve:done round=2 ms=5 result=Sat assumptions=0 phase_lits=1210
c 00h01m44s | stage:decode:start round=2 requested_int_ids=122
c 00h01m44s | stage:decode:final:start round=2 requested_int_ids=122
c 00h01m44s | stage:decode:done round=2 int_assignments=122
c 00h01m44s | stage:relaxation:done clauses_added=0 circuit_cegar_failures=0 circuit_cegar_rounds=0 circuit_cegar_added_clauses=0 cumulative_cegar_failures=0 cumulative_cegar_rounds=123 cumulative_cegar_added_clauses=0 cop_cegar_failures=61 cop_cegar_rounds=123 cop_cegar_added_clauses=896
c 00h01m44s | result:Sat
c 00h01m44s | objective:incumbent kind=improvement value=117 rounds=62 improvements=61
o 117
c 00h01m44s | stage:sat:init solver=CaDiCaL vars=3230217 clauses=4901198
c 00h01m44s | stage:sat:solve:start round=1 circuit_cegar_rounds=- cumulative_cegar_rounds=124 cop_cegar_rounds=124 assumptions=0 phase_lits=1210
c 00h01m44s | stage:sat:solve:done round=1 ms=5 result=Sat assumptions=0 phase_lits=1210
c 00h01m44s | stage:decode:start round=1 requested_int_ids=122
c 00h01m44s | stage:relaxation:done round=1 clauses_added=16 circuit_clauses_added=0 cumulative_clauses_added=0 cop_clauses_added=16 circuit_cegar_failures=0 circuit_cegar_rounds=0 circuit_cegar_added_clauses=0 cumulative_cegar_failures=0 cumulative_cegar_rounds=124 cumulative_cegar_added_clauses=0 cop_cegar_failures=62 cop_cegar_rounds=124 cop_cegar_added_clauses=912
c 00h01m44s | stage:sat:solve:start round=2 circuit_cegar_rounds=- cumulative_cegar_rounds=125 cop_cegar_rounds=125 assumptions=0 phase_lits=1210
c 00h01m44s | stage:sat:solve:done round=2 ms=187 result=Sat assumptions=0 phase_lits=1210
c 00h01m44s | stage:decode:start round=2 requested_int_ids=122
c 00h01m44s | stage:decode:final:start round=2 requested_int_ids=122
c 00h01m44s | stage:decode:done round=2 int_assignments=122
c 00h01m44s | stage:relaxation:done clauses_added=0 circuit_cegar_failures=0 circuit_cegar_rounds=0 circuit_cegar_added_clauses=0 cumulative_cegar_failures=0 cumulative_cegar_rounds=125 cumulative_cegar_added_clauses=0 cop_cegar_failures=62 cop_cegar_rounds=125 cop_cegar_added_clauses=912
c 00h01m44s | result:Sat
c 00h01m44s | objective:incumbent kind=improvement value=116 rounds=63 improvements=62
o 116
c 00h01m44s | stage:sat:init solver=CaDiCaL vars=3230217 clauses=4901198
c 00h01m44s | stage:sat:solve:start round=1 circuit_cegar_rounds=- cumulative_cegar_rounds=126 cop_cegar_rounds=126 assumptions=0 phase_lits=1210
c 00h01m44s | stage:sat:solve:done round=1 ms=6 result=Sat assumptions=0 phase_lits=1210
c 00h01m44s | stage:decode:start round=1 requested_int_ids=122
c 00h01m44s | stage:relaxation:done round=1 clauses_added=15 circuit_clauses_added=0 cumulative_clauses_added=0 cop_clauses_added=15 circuit_cegar_failures=0 circuit_cegar_rounds=0 circuit_cegar_added_clauses=0 cumulative_cegar_failures=0 cumulative_cegar_rounds=126 cumulative_cegar_added_clauses=0 cop_cegar_failures=63 cop_cegar_rounds=126 cop_cegar_added_clauses=927
c 00h01m44s | stage:sat:solve:start round=2 circuit_cegar_rounds=- cumulative_cegar_rounds=127 cop_cegar_rounds=127 assumptions=0 phase_lits=1210
c 00h01m45s | stage:sat:solve:done round=2 ms=595 result=Sat assumptions=0 phase_lits=1210
c 00h01m45s | stage:decode:start round=2 requested_int_ids=122
c 00h01m45s | stage:decode:final:start round=2 requested_int_ids=122
c 00h01m45s | stage:decode:done round=2 int_assignments=122
c 00h01m45s | stage:relaxation:done clauses_added=0 circuit_cegar_failures=0 circuit_cegar_rounds=0 circuit_cegar_added_clauses=0 cumulative_cegar_failures=0 cumulative_cegar_rounds=127 cumulative_cegar_added_clauses=0 cop_cegar_failures=63 cop_cegar_rounds=127 cop_cegar_added_clauses=927
c 00h01m45s | result:Sat
c 00h01m45s | objective:incumbent kind=improvement value=115 rounds=64 improvements=63
o 115
c 00h01m45s | stage:sat:init solver=CaDiCaL vars=3230217 clauses=4901198
c 00h01m45s | stage:sat:solve:start round=1 circuit_cegar_rounds=- cumulative_cegar_rounds=128 cop_cegar_rounds=128 assumptions=0 phase_lits=1210
c 00h01m45s | stage:sat:solve:done round=1 ms=248 result=Sat assumptions=0 phase_lits=1210
c 00h01m45s | stage:decode:start round=1 requested_int_ids=122
c 00h01m45s | stage:relaxation:done round=1 clauses_added=17 circuit_clauses_added=0 cumulative_clauses_added=0 cop_clauses_added=17 circuit_cegar_failures=0 circuit_cegar_rounds=0 circuit_cegar_added_clauses=0 cumulative_cegar_failures=0 cumulative_cegar_rounds=128 cumulative_cegar_added_clauses=0 cop_cegar_failures=64 cop_cegar_rounds=128 cop_cegar_added_clauses=944
c 00h01m45s | stage:sat:solve:start round=2 circuit_cegar_rounds=- cumulative_cegar_rounds=129 cop_cegar_rounds=129 assumptions=0 phase_lits=1210
c 00h01m46s | stage:sat:solve:done round=2 ms=674 result=Sat assumptions=0 phase_lits=1210
c 00h01m46s | stage:decode:start round=2 requested_int_ids=122
c 00h01m46s | stage:decode:final:start round=2 requested_int_ids=122
c 00h01m46s | stage:decode:done round=2 int_assignments=122
c 00h01m46s | stage:relaxation:done clauses_added=0 circuit_cegar_failures=0 circuit_cegar_rounds=0 circuit_cegar_added_clauses=0 cumulative_cegar_failures=0 cumulative_cegar_rounds=129 cumulative_cegar_added_clauses=0 cop_cegar_failures=64 cop_cegar_rounds=129 cop_cegar_added_clauses=944
c 00h01m46s | result:Sat
c 00h01m46s | objective:incumbent kind=improvement value=114 rounds=65 improvements=64
o 114
c 00h01m46s | stage:sat:init solver=CaDiCaL vars=3230217 clauses=4901198
c 00h01m46s | stage:sat:solve:start round=1 circuit_cegar_rounds=- cumulative_cegar_rounds=130 cop_cegar_rounds=130 assumptions=0 phase_lits=1210
c 00h01m46s | stage:sat:solve:done round=1 ms=4 result=Sat assumptions=0 phase_lits=1210
c 00h01m46s | stage:decode:start round=1 requested_int_ids=122
c 00h01m46s | stage:relaxation:done round=1 clauses_added=14 circuit_clauses_added=0 cumulative_clauses_added=0 cop_clauses_added=14 circuit_cegar_failures=0 circuit_cegar_rounds=0 circuit_cegar_added_clauses=0 cumulative_cegar_failures=0 cumulative_cegar_rounds=130 cumulative_cegar_added_clauses=0 cop_cegar_failures=65 cop_cegar_rounds=130 cop_cegar_added_clauses=958
c 00h01m46s | stage:sat:solve:start round=2 circuit_cegar_rounds=- cumulative_cegar_rounds=131 cop_cegar_rounds=131 assumptions=0 phase_lits=1210
c 00h01m46s | stage:sat:solve:done round=2 ms=159 result=Sat assumptions=0 phase_lits=1210
c 00h01m46s | stage:decode:start round=2 requested_int_ids=122
c 00h01m46s | stage:decode:final:start round=2 requested_int_ids=122
c 00h01m46s | stage:decode:done round=2 int_assignments=122
c 00h01m46s | stage:relaxation:done clauses_added=0 circuit_cegar_failures=0 circuit_cegar_rounds=0 circuit_cegar_added_clauses=0 cumulative_cegar_failures=0 cumulative_cegar_rounds=131 cumulative_cegar_added_clauses=0 cop_cegar_failures=65 cop_cegar_rounds=131 cop_cegar_added_clauses=958
c 00h01m46s | result:Sat
c 00h01m46s | objective:incumbent kind=improvement value=113 rounds=66 improvements=65
o 113
c 00h01m46s | stage:sat:init solver=CaDiCaL vars=3230217 clauses=4901198
c 00h01m46s | stage:sat:solve:start round=1 circuit_cegar_rounds=- cumulative_cegar_rounds=132 cop_cegar_rounds=132 assumptions=0 phase_lits=1210
c 00h01m46s | stage:sat:solve:done round=1 ms=4 result=Sat assumptions=0 phase_lits=1210
c 00h01m46s | stage:decode:start round=1 requested_int_ids=122
c 00h01m46s | stage:relaxation:done round=1 clauses_added=17 circuit_clauses_added=0 cumulative_clauses_added=0 cop_clauses_added=17 circuit_cegar_failures=0 circuit_cegar_rounds=0 circuit_cegar_added_clauses=0 cumulative_cegar_failures=0 cumulative_cegar_rounds=132 cumulative_cegar_added_clauses=0 cop_cegar_failures=66 cop_cegar_rounds=132 cop_cegar_added_clauses=975
c 00h01m46s | stage:sat:solve:start round=2 circuit_cegar_rounds=- cumulative_cegar_rounds=133 cop_cegar_rounds=133 assumptions=0 phase_lits=1210
c 00h01m47s | stage:sat:solve:done round=2 ms=163 result=Sat assumptions=0 phase_lits=1210
c 00h01m47s | stage:decode:start round=2 requested_int_ids=122
c 00h01m47s | stage:decode:final:start round=2 requested_int_ids=122
c 00h01m47s | stage:decode:done round=2 int_assignments=122
c 00h01m47s | stage:relaxation:done clauses_added=0 circuit_cegar_failures=0 circuit_cegar_rounds=0 circuit_cegar_added_clauses=0 cumulative_cegar_failures=0 cumulative_cegar_rounds=133 cumulative_cegar_added_clauses=0 cop_cegar_failures=66 cop_cegar_rounds=133 cop_cegar_added_clauses=975
c 00h01m47s | result:Sat
c 00h01m47s | objective:incumbent kind=improvement value=112 rounds=67 improvements=66
o 112
c 00h01m47s | stage:sat:init solver=CaDiCaL vars=3230217 clauses=4901198
c 00h01m47s | stage:sat:solve:start round=1 circuit_cegar_rounds=- cumulative_cegar_rounds=134 cop_cegar_rounds=134 assumptions=0 phase_lits=1210
c 00h01m47s | stage:sat:solve:done round=1 ms=4 result=Sat assumptions=0 phase_lits=1210
c 00h01m47s | stage:decode:start round=1 requested_int_ids=122
c 00h01m47s | stage:relaxation:done round=1 clauses_added=16 circuit_clauses_added=0 cumulative_clauses_added=0 cop_clauses_added=16 circuit_cegar_failures=0 circuit_cegar_rounds=0 circuit_cegar_added_clauses=0 cumulative_cegar_failures=0 cumulative_cegar_rounds=134 cumulative_cegar_added_clauses=0 cop_cegar_failures=67 cop_cegar_rounds=134 cop_cegar_added_clauses=991
c 00h01m47s | stage:sat:solve:start round=2 circuit_cegar_rounds=- cumulative_cegar_rounds=135 cop_cegar_rounds=135 assumptions=0 phase_lits=1210
c 00h01m47s | stage:sat:solve:done round=2 ms=697 result=Sat assumptions=0 phase_lits=1210
c 00h01m47s | stage:decode:start round=2 requested_int_ids=122
c 00h01m48s | stage:decode:final:start round=2 requested_int_ids=122
c 00h01m48s | stage:decode:done round=2 int_assignments=122
c 00h01m48s | stage:relaxation:done clauses_added=0 circuit_cegar_failures=0 circuit_cegar_rounds=0 circuit_cegar_added_clauses=0 cumulative_cegar_failures=0 cumulative_cegar_rounds=135 cumulative_cegar_added_clauses=0 cop_cegar_failures=67 cop_cegar_rounds=135 cop_cegar_added_clauses=991
c 00h01m48s | result:Sat
c 00h01m48s | objective:incumbent kind=improvement value=111 rounds=68 improvements=67
o 111
c 00h01m48s | stage:sat:init solver=CaDiCaL vars=3230217 clauses=4901198
c 00h01m48s | stage:sat:solve:start round=1 circuit_cegar_rounds=- cumulative_cegar_rounds=136 cop_cegar_rounds=136 assumptions=0 phase_lits=1210
c 00h01m48s | stage:sat:solve:done round=1 ms=4 result=Sat assumptions=0 phase_lits=1210
c 00h01m48s | stage:decode:start round=1 requested_int_ids=122
c 00h01m48s | stage:relaxation:done round=1 clauses_added=18 circuit_clauses_added=0 cumulative_clauses_added=0 cop_clauses_added=18 circuit_cegar_failures=0 circuit_cegar_rounds=0 circuit_cegar_added_clauses=0 cumulative_cegar_failures=0 cumulative_cegar_rounds=136 cumulative_cegar_added_clauses=0 cop_cegar_failures=68 cop_cegar_rounds=136 cop_cegar_added_clauses=1009
c 00h01m48s | stage:sat:solve:start round=2 circuit_cegar_rounds=- cumulative_cegar_rounds=137 cop_cegar_rounds=137 assumptions=0 phase_lits=1210
c 00h01m49s | stage:sat:solve:done round=2 ms=1404 result=Sat assumptions=0 phase_lits=1210
c 00h01m49s | stage:decode:start round=2 requested_int_ids=122
c 00h01m49s | stage:decode:final:start round=2 requested_int_ids=122
c 00h01m49s | stage:decode:done round=2 int_assignments=122
c 00h01m49s | stage:relaxation:done clauses_added=0 circuit_cegar_failures=0 circuit_cegar_rounds=0 circuit_cegar_added_clauses=0 cumulative_cegar_failures=0 cumulative_cegar_rounds=137 cumulative_cegar_added_clauses=0 cop_cegar_failures=68 cop_cegar_rounds=137 cop_cegar_added_clauses=1009
c 00h01m49s | result:Sat
c 00h01m49s | objective:incumbent kind=improvement value=110 rounds=69 improvements=68
o 110
c 00h01m49s | stage:sat:init solver=CaDiCaL vars=3230217 clauses=4901198
c 00h01m49s | stage:sat:solve:start round=1 circuit_cegar_rounds=- cumulative_cegar_rounds=138 cop_cegar_rounds=138 assumptions=0 phase_lits=1210
c 00h01m49s | stage:sat:solve:done round=1 ms=248 result=Sat assumptions=0 phase_lits=1210
c 00h01m49s | stage:decode:start round=1 requested_int_ids=122
c 00h01m49s | stage:relaxation:done round=1 clauses_added=13 circuit_clauses_added=0 cumulative_clauses_added=0 cop_clauses_added=13 circuit_cegar_failures=0 circuit_cegar_rounds=0 circuit_cegar_added_clauses=0 cumulative_cegar_failures=0 cumulative_cegar_rounds=138 cumulative_cegar_added_clauses=0 cop_cegar_failures=69 cop_cegar_rounds=138 cop_cegar_added_clauses=1022
c 00h01m49s | stage:sat:solve:start round=2 circuit_cegar_rounds=- cumulative_cegar_rounds=139 cop_cegar_rounds=139 assumptions=0 phase_lits=1210
c 00h01m50s | stage:sat:solve:done round=2 ms=132 result=Sat assumptions=0 phase_lits=1210
c 00h01m50s | stage:decode:start round=2 requested_int_ids=122
c 00h01m50s | stage:decode:final:start round=2 requested_int_ids=122
c 00h01m50s | stage:decode:done round=2 int_assignments=122
c 00h01m50s | stage:relaxation:done clauses_added=0 circuit_cegar_failures=0 circuit_cegar_rounds=0 circuit_cegar_added_clauses=0 cumulative_cegar_failures=0 cumulative_cegar_rounds=139 cumulative_cegar_added_clauses=0 cop_cegar_failures=69 cop_cegar_rounds=139 cop_cegar_added_clauses=1022
c 00h01m50s | result:Sat
c 00h01m50s | objective:incumbent kind=improvement value=109 rounds=70 improvements=69
o 109
c 00h01m50s | stage:sat:init solver=CaDiCaL vars=3230217 clauses=4901198
c 00h01m50s | stage:sat:solve:start round=1 circuit_cegar_rounds=- cumulative_cegar_rounds=140 cop_cegar_rounds=140 assumptions=0 phase_lits=1210
c 00h01m50s | stage:sat:solve:done round=1 ms=237 result=Sat assumptions=0 phase_lits=1210
c 00h01m50s | stage:decode:start round=1 requested_int_ids=122
c 00h01m50s | stage:relaxation:done round=1 clauses_added=17 circuit_clauses_added=0 cumulative_clauses_added=0 cop_clauses_added=17 circuit_cegar_failures=0 circuit_cegar_rounds=0 circuit_cegar_added_clauses=0 cumulative_cegar_failures=0 cumulative_cegar_rounds=140 cumulative_cegar_added_clauses=0 cop_cegar_failures=70 cop_cegar_rounds=140 cop_cegar_added_clauses=1039
c 00h01m50s | stage:sat:solve:start round=2 circuit_cegar_rounds=- cumulative_cegar_rounds=141 cop_cegar_rounds=141 assumptions=0 phase_lits=1210
c 00h01m50s | stage:sat:solve:done round=2 ms=133 result=Unsat assumptions=0 phase_lits=1210
c 00h01m50s | result:Unsat
s OPTIMUM FOUND
o 109
v <instantiation>
v   <list> s[0] s[1] s[2] s[3] s[4] s[5] s[6] s[7] s[8] s[9] s[10] s[11] s[12] s[13] s[14] s[15] s[16] s[17] s[18] s[19] s[20] s[21] s[22] s[23] s[24] s[25] s[26] s[27] s[28] s[29] s[30] s[31] s[32] s[33] s[34] s[35] s[36] s[37] s[38] s[39] s[40] s[41] s[42] s[43] s[44] s[45] s[46] s[47] s[48] s[49] s[50] s[51] s[52] s[53] s[54] s[55] s[56] s[57] s[58] s[59] s[60] s[61] s[62] s[63] s[64] s[65] s[66] s[67] s[68] s[69] s[70] s[71] s[72] s[73] s[74] s[75] s[76] s[77] s[78] s[79] s[80] s[81] s[82] s[83] s[84] s[85] s[86] s[87] s[88] s[89] s[90] s[91] s[92] s[93] s[94] s[95] s[96] s[97] s[98] s[99] s[100] s[101] s[102] s[103] s[104] s[105] s[106] s[107] s[108] s[109] s[110] s[111] s[112] s[113] s[114] s[115] s[116] s[117] s[118] s[119] s[120] s[121] </list>
v   <values> 0 0 0 0 1 16 6 2 21 6 27 7 7 16 14 30 35 11 14 20 49 9 21 41 5 50 38 53 14 20 16 21 62 34 30 44 36 29 32 63 73 17 23 34 56 95 47 30 28 48 49 28 24 40 23 74 69 88 43 56 49 15 47 72 53 89 33 28 14 56 53 27 71 63 87 51 64 43 44 59 73 24 39 43 56 80 63 67 73 78 71 71 78 66 65 68 101 92 78 87 86 97 89 80 84 77 57 82 75 80 95 91 88 90 85 92 91 101 105 104 101 109 </values>
v </instantiation>
d OBJECTIVE_VALUE 109
d OPTIMAL 1
d SOURCE_CONSTRAINTS 187
d NORMALIZED_CONSTRAINTS 187
d LOWERED_CONSTRAINTS 187
d UNSUPPORTED_CONSTRAINTS 0
d CIRCUIT_CEGAR_FAILURES 0
d CIRCUIT_CEGAR_ROUNDS 0
d CIRCUIT_CEGAR_ADDED_CLAUSES 0
d CUMULATIVE_CEGAR_FAILURES 0
d CUMULATIVE_CEGAR_ROUNDS 141
d CUMULATIVE_CEGAR_ADDED_CLAUSES 0
d COP_CEGAR_FAILURES 70
d COP_CEGAR_ROUNDS 141
d COP_CEGAR_ADDED_CLAUSES 1039
d OBJECTIVE_ROUNDS 71
d OBJECTIVE_IMPROVEMENTS 69
d OBJECTIVE_OPTIMALITY_PROOF strict_cut_unsat
d PROPAGATE_MS 0
d NORMALIZE_MS 0
d LOWER_MS 1281
d POST_LOWER_MS 89
d PREENCODE_MS 1
d ENCODE_MS 2585
d SAT_SOLVE_MS 96803
d TOTAL_MS 110672
d SAT_VARS 3230217
d SAT_CLAUSES_BASE 4901198
d SAT_CLAUSES_FINAL 4901215
d SAT_CLAUSES_CEGAR_DELTA 17
d SAT_CONFLICTS 42341
d LINEAR_INT_EQ_ARITY_STATS {}
d LINEAR_INT_NE_ARITY_STATS {}
d LINEAR_INT_GE_ARITY_STATS {"1":{"count":152798,"max_domain_product_excluding_one_var":"1","p95_domain_product_excluding_one_var":"1"},"2":{"count":183,"max_domain_product_excluding_one_var":"603","p95_domain_product_excluding_one_var":"587"}}
d LINEAR_BOOL_MIXED_ARITY_STATS {"22":{"count":636,"max_domain_product_excluding_one_var":"2097152","p95_domain_product_excluding_one_var":"2097152"},"27":{"count":633,"max_domain_product_excluding_one_var":"67108864","p95_domain_product_excluding_one_var":"67108864"},"31":{"count":636,"max_domain_product_excluding_one_var":"1073741824","p95_domain_product_excluding_one_var":"1073741824"},"40":{"count":640,"max_domain_product_excluding_one_var":"549755813888","p95_domain_product_excluding_one_var":"549755813888"}}
d ROOT_LP_ENTERED 0
d ROOT_LP_STATUS skipped
d ROOT_LP_MS 0
d ROOT_LP_REASON root_lp_disabled
d PROPAGATE_PRUNED_VALUES 8065
d PROPAGATE_CHANGED_DOMAINS 121
d PROPAGATE_ENTAILED_TABLES 0
d POST_LOWER_ROUNDS 0
d POST_LOWER_TIGHTENED_DOMAINS 0
d POST_LOWER_REMOVED_CLAUSES 14919
d POST_LOWER_REMOVED_LITS 8100
d POST_LOWER_DETECTED_UNSAT 0
d PREENCODE_INT_VARS 122
d ENCODE_EXTERNAL_GE_SPECS 0
d ENCODE_RELAXED_CIRCUITS 0
d LOG_SCOP_LINEAR_PB_CONSTRAINTS 278489
d LOG_SCOP_LINEAR_PB_MIXED_DISPATCH_CONSTRAINTS 0
d LOG_SCOP_LINEAR_PB_MIXED_ATTEMPT_BDD 0
d LOG_SCOP_LINEAR_PB_MIXED_ATTEMPT_SORTER 0
d LOG_SCOP_LINEAR_PB_MIXED_ATTEMPT_DADDA 0
d LOG_SCOP_LINEAR_PB_MIXED_REJECT_BDD_BUDGET 0
d LOG_SCOP_LINEAR_PB_MIXED_REJECT_SORTER_BUDGET 0
d LOG_SCOP_LINEAR_PB_MIXED_FALLBACK_BDD_TO_SORTER 0
d LOG_SCOP_LINEAR_PB_MIXED_FALLBACK_BDD_TO_DADDA 0
d LOG_SCOP_LINEAR_PB_MIXED_FALLBACK_SORTER_TO_BDD 0
d LOG_SCOP_LINEAR_PB_MIXED_FALLBACK_SORTER_TO_DADDA 0
d LOG_SCOP_LINEAR_PB_BACKEND_BDD2 278489
d LOG_SCOP_LINEAR_PB_BACKEND_BDD3 0
d LOG_SCOP_LINEAR_PB_BACKEND_SORTER 0
d LOG_SCOP_LINEAR_PB_BACKEND_DADDA 0
d LOG_SCOP_LINEAR_PB_BDD_DECOMPOSITION_RAW 278489
d LOG_SCOP_LINEAR_PB_BDD_DECOMPOSITION_BINARY 0
d LOG_SCOP_LINEAR_PB_BDD_DECOMPOSITION_MULTIBASE 0
d MEMORY_RSS_BYTES 1598943232
d MEMORY_RSS_AFTER_PROPAGATE_BYTES 2138112
d MEMORY_RSS_AFTER_LOWER_BYTES 73957376
d MEMORY_RSS_AFTER_POST_LOWER_BYTES 95219712
d MEMORY_RSS_BEFORE_PREENCODE_BYTES 95219712
d MEMORY_RSS_AFTER_PREENCODE_BYTES 78098432
d MEMORY_RSS_BEFORE_ENCODE_BYTES 78098432
d MEMORY_RSS_ENCODE_SAMPLE_INTERVAL_CLAUSES 1000000
d MEMORY_RSS_ENCODE_SAMPLE_COUNT 14
d MEMORY_RSS_ENCODE_LAST_SAMPLE_CLAUSE 4901198
d MEMORY_RSS_ENCODE_LAST_SAMPLE_BYTES 1598943232
d MEMORY_RSS_ENCODE_MAX_SAMPLE_BYTES 1598943232
d DECODE_INT_ASSIGNMENTS 122
d CSV /bench/competition/2022-2025/COP22to25/RCPSP-j120-01-02_c22.xml.lzma,optimum,187,187,187,0,3230217,4901215,110672,0,0,1281,1,2585,96803,0,skipped,,,,,,0,,,,,,,,
