c cmd: /host-parser-bin/kat_xcsp_835f8aaf_scip_dynamic /bench/competition/2022-2025/COP22to25/NurseRostering-04_c22.xml.lzma --encoder log-scop --order-ge-table mdd-tl --progress
c 00h00m00s | solve:start
c 00h00m00s | input: constraints=1410
c 00h00m00s | stage:propagate:start
c 00h00m00s | stage:propagate:done ms=6 pruned=362 changed_domains=232 entailed_tables=28
c 00h00m00s | stage:normalize:start
c 00h00m00s | stage:normalize:done ms=0 high_constraints=1410
c 00h00m00s | stage:lower:start
c 00h00m00s | stage:lower:done ms=30 lowered=1410 unsupported=0
c 00h00m00s | stage:post_lower:start
c 00h00m00s | stage:post_lower:done ms=1 rounds=12 tightened=18 removed_cls=297 removed_lits=284 unsat=false precise_hits=84 precise_rounds=1 pivot_recomputes=40 pivot_exact_attempts=0 pivot_general_attempts=40 pivot_general_rest_missing=0 pivot_general_bound_missing=0 pivot_general_no_change=40 pivot_general_tightened=0 setup_ms=0 loop_ms=0 pivot_ms=0 pivot_version_ms=0 pivot_exact_ms=0 pivot_general_ms=0 pivot_general_prepare_ms=0 pivot_general_rest_ms=0 pivot_general_derive_ms=0 apply_ms=0 sat_ms=0 precise_ms=0
c 00h00m00s | stage:lowered-shape int_vars=2669 bool_vars=3060 linear_atoms=1425 table_atoms=1886 table_tuples=6871 table_scope=5332 alldiff_atoms=0 circuit_atoms=0 product_atoms=0 logical_clauses=8325
c 00h00m00s | stage:root-lp:start backend=scip-ffi
c 00h00m01s | stage:root-lp:bound backend=scip-ffi status=optimal objective_value=0 naive_bounds=[0,18360] lp_bounds=[0,18360] improved=0 rows=7062 vars=12330 ms=1237
c 00h00m01s | stage:preencode(log-scop):start
c 00h00m01s | stage:preencode(log-scop):done ms=0 int_vars=2669
c 00h00m01s | stage:encode(log-scop):start
c 00h00m01s | stage:encode(log-scop):done ms=104 sat_vars=63379 sat_clauses=160726 ext_ge_specs=0 relaxed_circuits=0 log_scop_pb_constraints=4777 log_scop_pb_mixed=0 log_scop_pb_bdd2=0 log_scop_pb_bdd3=4777 log_scop_pb_sorter=0 log_scop_pb_dadda=0 log_scop_bdd_raw=4777 log_scop_bdd_binary=0 log_scop_bdd_multibase=0
c 00h00m01s | stage:sat:init solver=CaDiCaL vars=63379 clauses=160726
c 00h00m01s | stage:sat:solve:start round=1 circuit_cegar_rounds=- cop_cegar_rounds=1 assumptions=0 phase_lits=0
c 00h00m01s | stage:sat:solve:done round=1 ms=457 result=Sat assumptions=0 phase_lits=0
c 00h00m01s | stage:decode:start round=1 requested_int_ids=589
c 00h00m01s | stage:decode:final:start round=1 requested_int_ids=589
c 00h00m01s | stage:decode:done round=1 int_assignments=589
c 00h00m01s | stage:relaxation:done clauses_added=0 circuit_cegar_failures=0 circuit_cegar_rounds=0 circuit_cegar_added_clauses=0 cop_cegar_failures=0 cop_cegar_rounds=1 cop_cegar_added_clauses=0
c 00h00m01s | result:Sat
c 00h00m01s | objective:incumbent kind=initial value=9454 rounds=1 improvements=0
o 9454
c 00h00m01s | stage:sat:init solver=CaDiCaL vars=63379 clauses=160726
c 00h00m01s | stage:sat:solve:start round=1 circuit_cegar_rounds=- cop_cegar_rounds=2 assumptions=0 phase_lits=1586
c 00h00m01s | stage:sat:solve:done round=1 ms=22 result=Sat assumptions=0 phase_lits=1586
c 00h00m01s | stage:decode:start round=1 requested_int_ids=589
c 00h00m01s | stage:relaxation:done round=1 clauses_added=203759 circuit_clauses_added=0 cop_clauses_added=203759 circuit_cegar_failures=0 circuit_cegar_rounds=0 circuit_cegar_added_clauses=0 cop_cegar_failures=1 cop_cegar_rounds=2 cop_cegar_added_clauses=203759
c 00h00m02s | stage:sat:solve:start round=2 circuit_cegar_rounds=- cop_cegar_rounds=3 assumptions=0 phase_lits=1586
c 00h00m03s | stage:sat:solve:done round=2 ms=1660 result=Sat assumptions=0 phase_lits=1586
c 00h00m03s | stage:decode:start round=2 requested_int_ids=589
c 00h00m03s | stage:decode:final:start round=2 requested_int_ids=589
c 00h00m03s | stage:decode:done round=2 int_assignments=589
c 00h00m03s | stage:relaxation:done clauses_added=0 circuit_cegar_failures=0 circuit_cegar_rounds=0 circuit_cegar_added_clauses=0 cop_cegar_failures=1 cop_cegar_rounds=3 cop_cegar_added_clauses=203759
c 00h00m03s | result:Sat
c 00h00m03s | objective:incumbent kind=improvement value=9453 rounds=2 improvements=1
o 9453
c 00h00m03s | stage:sat:init solver=CaDiCaL vars=63379 clauses=160726
c 00h00m03s | stage:sat:solve:start round=1 circuit_cegar_rounds=- cop_cegar_rounds=4 assumptions=0 phase_lits=1586
c 00h00m03s | stage:sat:solve:done round=1 ms=317 result=Sat assumptions=0 phase_lits=1586
c 00h00m03s | stage:decode:start round=1 requested_int_ids=589
c 00h00m03s | stage:decode:final:start round=1 requested_int_ids=589
c 00h00m03s | stage:decode:done round=1 int_assignments=589
c 00h00m03s | stage:relaxation:done clauses_added=0 circuit_cegar_failures=0 circuit_cegar_rounds=0 circuit_cegar_added_clauses=0 cop_cegar_failures=1 cop_cegar_rounds=4 cop_cegar_added_clauses=203759
c 00h00m03s | result:Sat
c 00h00m03s | objective:incumbent kind=improvement value=8249 rounds=3 improvements=2
o 8249
c 00h00m03s | stage:sat:init solver=CaDiCaL vars=63379 clauses=160726
c 00h00m03s | stage:sat:solve:start round=1 circuit_cegar_rounds=- cop_cegar_rounds=5 assumptions=0 phase_lits=1586
c 00h00m04s | stage:sat:solve:done round=1 ms=34 result=Sat assumptions=0 phase_lits=1586
c 00h00m04s | stage:decode:start round=1 requested_int_ids=589
c 00h00m04s | stage:relaxation:done round=1 clauses_added=203768 circuit_clauses_added=0 cop_clauses_added=203768 circuit_cegar_failures=0 circuit_cegar_rounds=0 circuit_cegar_added_clauses=0 cop_cegar_failures=2 cop_cegar_rounds=5 cop_cegar_added_clauses=407527
c 00h00m04s | stage:sat:solve:start round=2 circuit_cegar_rounds=- cop_cegar_rounds=6 assumptions=0 phase_lits=1586
c 00h00m05s | stage:sat:solve:done round=2 ms=1715 result=Sat assumptions=0 phase_lits=1586
c 00h00m05s | stage:decode:start round=2 requested_int_ids=589
c 00h00m05s | stage:decode:final:start round=2 requested_int_ids=589
c 00h00m05s | stage:decode:done round=2 int_assignments=589
c 00h00m05s | stage:relaxation:done clauses_added=0 circuit_cegar_failures=0 circuit_cegar_rounds=0 circuit_cegar_added_clauses=0 cop_cegar_failures=2 cop_cegar_rounds=6 cop_cegar_added_clauses=407527
c 00h00m05s | result:Sat
c 00h00m05s | objective:incumbent kind=improvement value=7926 rounds=4 improvements=3
o 7926
c 00h00m05s | stage:sat:init solver=CaDiCaL vars=63379 clauses=160726
c 00h00m05s | stage:sat:solve:start round=1 circuit_cegar_rounds=- cop_cegar_rounds=7 assumptions=0 phase_lits=1586
c 00h00m06s | stage:sat:solve:done round=1 ms=272 result=Sat assumptions=0 phase_lits=1586
c 00h00m06s | stage:decode:start round=1 requested_int_ids=589
c 00h00m06s | stage:relaxation:done round=1 clauses_added=203755 circuit_clauses_added=0 cop_clauses_added=203755 circuit_cegar_failures=0 circuit_cegar_rounds=0 circuit_cegar_added_clauses=0 cop_cegar_failures=3 cop_cegar_rounds=7 cop_cegar_added_clauses=611282
c 00h00m06s | stage:sat:solve:start round=2 circuit_cegar_rounds=- cop_cegar_rounds=8 assumptions=0 phase_lits=1586
c 00h00m06s | stage:sat:solve:done round=2 ms=593 result=Sat assumptions=0 phase_lits=1586
c 00h00m06s | stage:decode:start round=2 requested_int_ids=589
c 00h00m06s | stage:decode:final:start round=2 requested_int_ids=589
c 00h00m06s | stage:decode:done round=2 int_assignments=589
c 00h00m06s | stage:relaxation:done clauses_added=0 circuit_cegar_failures=0 circuit_cegar_rounds=0 circuit_cegar_added_clauses=0 cop_cegar_failures=3 cop_cegar_rounds=8 cop_cegar_added_clauses=611282
c 00h00m06s | result:Sat
c 00h00m06s | objective:incumbent kind=improvement value=7236 rounds=5 improvements=4
o 7236
c 00h00m06s | stage:sat:init solver=CaDiCaL vars=63379 clauses=160726
c 00h00m06s | stage:sat:solve:start round=1 circuit_cegar_rounds=- cop_cegar_rounds=9 assumptions=0 phase_lits=1586
c 00h00m06s | stage:sat:solve:done round=1 ms=108 result=Sat assumptions=0 phase_lits=1586
c 00h00m06s | stage:decode:start round=1 requested_int_ids=589
c 00h00m07s | stage:relaxation:done round=1 clauses_added=203762 circuit_clauses_added=0 cop_clauses_added=203762 circuit_cegar_failures=0 circuit_cegar_rounds=0 circuit_cegar_added_clauses=0 cop_cegar_failures=4 cop_cegar_rounds=9 cop_cegar_added_clauses=815044
c 00h00m07s | stage:sat:solve:start round=2 circuit_cegar_rounds=- cop_cegar_rounds=10 assumptions=0 phase_lits=1586
c 00h00m09s | stage:sat:solve:done round=2 ms=2761 result=Sat assumptions=0 phase_lits=1586
c 00h00m09s | stage:decode:start round=2 requested_int_ids=589
c 00h00m09s | stage:decode:final:start round=2 requested_int_ids=589
c 00h00m09s | stage:decode:done round=2 int_assignments=589
c 00h00m09s | stage:relaxation:done clauses_added=0 circuit_cegar_failures=0 circuit_cegar_rounds=0 circuit_cegar_added_clauses=0 cop_cegar_failures=4 cop_cegar_rounds=10 cop_cegar_added_clauses=815044
c 00h00m09s | result:Sat
c 00h00m09s | objective:incumbent kind=improvement value=6437 rounds=6 improvements=5
o 6437
c 00h00m09s | stage:sat:init solver=CaDiCaL vars=63379 clauses=160726
c 00h00m09s | stage:sat:solve:start round=1 circuit_cegar_rounds=- cop_cegar_rounds=11 assumptions=0 phase_lits=1586
c 00h00m09s | stage:sat:solve:done round=1 ms=101 result=Sat assumptions=0 phase_lits=1586
c 00h00m09s | stage:decode:start round=1 requested_int_ids=589
c 00h00m10s | stage:relaxation:done round=1 clauses_added=203766 circuit_clauses_added=0 cop_clauses_added=203766 circuit_cegar_failures=0 circuit_cegar_rounds=0 circuit_cegar_added_clauses=0 cop_cegar_failures=5 cop_cegar_rounds=11 cop_cegar_added_clauses=1018810
c 00h00m10s | stage:sat:solve:start round=2 circuit_cegar_rounds=- cop_cegar_rounds=12 assumptions=0 phase_lits=1586
c 00h00m10s | stage:sat:solve:done round=2 ms=628 result=Sat assumptions=0 phase_lits=1586
c 00h00m10s | stage:decode:start round=2 requested_int_ids=589
c 00h00m10s | stage:decode:final:start round=2 requested_int_ids=589
c 00h00m10s | stage:decode:done round=2 int_assignments=589
c 00h00m10s | stage:relaxation:done clauses_added=0 circuit_cegar_failures=0 circuit_cegar_rounds=0 circuit_cegar_added_clauses=0 cop_cegar_failures=5 cop_cegar_rounds=12 cop_cegar_added_clauses=1018810
c 00h00m10s | result:Sat
c 00h00m10s | objective:incumbent kind=improvement value=6345 rounds=7 improvements=6
o 6345
c 00h00m10s | stage:sat:init solver=CaDiCaL vars=63379 clauses=160726
c 00h00m10s | stage:sat:solve:start round=1 circuit_cegar_rounds=- cop_cegar_rounds=13 assumptions=0 phase_lits=1586
c 00h00m10s | stage:sat:solve:done round=1 ms=116 result=Sat assumptions=0 phase_lits=1586
c 00h00m10s | stage:decode:start round=1 requested_int_ids=589
c 00h00m10s | stage:relaxation:done round=1 clauses_added=203766 circuit_clauses_added=0 cop_clauses_added=203766 circuit_cegar_failures=0 circuit_cegar_rounds=0 circuit_cegar_added_clauses=0 cop_cegar_failures=6 cop_cegar_rounds=13 cop_cegar_added_clauses=1222576
c 00h00m10s | stage:sat:solve:start round=2 circuit_cegar_rounds=- cop_cegar_rounds=14 assumptions=0 phase_lits=1586
c 00h00m11s | stage:sat:solve:done round=2 ms=136 result=Sat assumptions=0 phase_lits=1586
c 00h00m11s | stage:decode:start round=2 requested_int_ids=589
c 00h00m11s | stage:decode:final:start round=2 requested_int_ids=589
c 00h00m11s | stage:decode:done round=2 int_assignments=589
c 00h00m11s | stage:relaxation:done clauses_added=0 circuit_cegar_failures=0 circuit_cegar_rounds=0 circuit_cegar_added_clauses=0 cop_cegar_failures=6 cop_cegar_rounds=14 cop_cegar_added_clauses=1222576
c 00h00m11s | result:Sat
c 00h00m11s | objective:incumbent kind=improvement value=6344 rounds=8 improvements=7
o 6344
c 00h00m11s | stage:sat:init solver=CaDiCaL vars=63379 clauses=160726
c 00h00m11s | stage:sat:solve:start round=1 circuit_cegar_rounds=- cop_cegar_rounds=15 assumptions=0 phase_lits=1586
c 00h00m11s | stage:sat:solve:done round=1 ms=115 result=Sat assumptions=0 phase_lits=1586
c 00h00m11s | stage:decode:start round=1 requested_int_ids=589
c 00h00m11s | stage:relaxation:done round=1 clauses_added=203759 circuit_clauses_added=0 cop_clauses_added=203759 circuit_cegar_failures=0 circuit_cegar_rounds=0 circuit_cegar_added_clauses=0 cop_cegar_failures=7 cop_cegar_rounds=15 cop_cegar_added_clauses=1426335
c 00h00m11s | stage:sat:solve:start round=2 circuit_cegar_rounds=- cop_cegar_rounds=16 assumptions=0 phase_lits=1586
c 00h00m13s | stage:sat:solve:done round=2 ms=2055 result=Sat assumptions=0 phase_lits=1586
c 00h00m13s | stage:decode:start round=2 requested_int_ids=589
c 00h00m13s | stage:decode:final:start round=2 requested_int_ids=589
c 00h00m13s | stage:decode:done round=2 int_assignments=589
c 00h00m13s | stage:relaxation:done clauses_added=0 circuit_cegar_failures=0 circuit_cegar_rounds=0 circuit_cegar_added_clauses=0 cop_cegar_failures=7 cop_cegar_rounds=16 cop_cegar_added_clauses=1426335
c 00h00m13s | result:Sat
c 00h00m13s | objective:incumbent kind=improvement value=6027 rounds=9 improvements=8
o 6027
c 00h00m13s | stage:sat:init solver=CaDiCaL vars=63379 clauses=160726
c 00h00m13s | stage:sat:solve:start round=1 circuit_cegar_rounds=- cop_cegar_rounds=17 assumptions=0 phase_lits=1586
c 00h00m13s | stage:sat:solve:done round=1 ms=145 result=Sat assumptions=0 phase_lits=1586
c 00h00m13s | stage:decode:start round=1 requested_int_ids=589
c 00h00m13s | stage:relaxation:done round=1 clauses_added=203762 circuit_clauses_added=0 cop_clauses_added=203762 circuit_cegar_failures=0 circuit_cegar_rounds=0 circuit_cegar_added_clauses=0 cop_cegar_failures=8 cop_cegar_rounds=17 cop_cegar_added_clauses=1630097
c 00h00m13s | stage:sat:solve:start round=2 circuit_cegar_rounds=- cop_cegar_rounds=18 assumptions=0 phase_lits=1586
c 00h00m16s | stage:sat:solve:done round=2 ms=2806 result=Sat assumptions=0 phase_lits=1586
c 00h00m16s | stage:decode:start round=2 requested_int_ids=589
c 00h00m16s | stage:decode:final:start round=2 requested_int_ids=589
c 00h00m16s | stage:decode:done round=2 int_assignments=589
c 00h00m16s | stage:relaxation:done clauses_added=0 circuit_cegar_failures=0 circuit_cegar_rounds=0 circuit_cegar_added_clauses=0 cop_cegar_failures=8 cop_cegar_rounds=18 cop_cegar_added_clauses=1630097
c 00h00m16s | result:Sat
c 00h00m16s | objective:incumbent kind=improvement value=5337 rounds=10 improvements=9
o 5337
c 00h00m16s | stage:sat:init solver=CaDiCaL vars=63379 clauses=160726
c 00h00m16s | stage:sat:solve:start round=1 circuit_cegar_rounds=- cop_cegar_rounds=19 assumptions=0 phase_lits=1586
c 00h00m16s | stage:sat:solve:done round=1 ms=179 result=Sat assumptions=0 phase_lits=1586
c 00h00m16s | stage:decode:start round=1 requested_int_ids=589
c 00h00m16s | stage:relaxation:done round=1 clauses_added=203764 circuit_clauses_added=0 cop_clauses_added=203764 circuit_cegar_failures=0 circuit_cegar_rounds=0 circuit_cegar_added_clauses=0 cop_cegar_failures=9 cop_cegar_rounds=19 cop_cegar_added_clauses=1833861
c 00h00m16s | stage:sat:solve:start round=2 circuit_cegar_rounds=- cop_cegar_rounds=20 assumptions=0 phase_lits=1586
c 00h00m17s | stage:sat:solve:done round=2 ms=1134 result=Sat assumptions=0 phase_lits=1586
c 00h00m17s | stage:decode:start round=2 requested_int_ids=589
c 00h00m18s | stage:decode:final:start round=2 requested_int_ids=589
c 00h00m18s | stage:decode:done round=2 int_assignments=589
c 00h00m18s | stage:relaxation:done clauses_added=0 circuit_cegar_failures=0 circuit_cegar_rounds=0 circuit_cegar_added_clauses=0 cop_cegar_failures=9 cop_cegar_rounds=20 cop_cegar_added_clauses=1833861
c 00h00m18s | result:Sat
c 00h00m18s | objective:incumbent kind=improvement value=5330 rounds=11 improvements=10
o 5330
c 00h00m18s | stage:sat:init solver=CaDiCaL vars=63379 clauses=160726
c 00h00m18s | stage:sat:solve:start round=1 circuit_cegar_rounds=- cop_cegar_rounds=21 assumptions=0 phase_lits=1586
c 00h00m18s | stage:sat:solve:done round=1 ms=200 result=Sat assumptions=0 phase_lits=1586
c 00h00m18s | stage:decode:start round=1 requested_int_ids=589
c 00h00m18s | stage:relaxation:done round=1 clauses_added=203763 circuit_clauses_added=0 cop_clauses_added=203763 circuit_cegar_failures=0 circuit_cegar_rounds=0 circuit_cegar_added_clauses=0 cop_cegar_failures=10 cop_cegar_rounds=21 cop_cegar_added_clauses=2037624
c 00h00m18s | stage:sat:solve:start round=2 circuit_cegar_rounds=- cop_cegar_rounds=22 assumptions=0 phase_lits=1586
c 00h00m20s | stage:sat:solve:done round=2 ms=1773 result=Sat assumptions=0 phase_lits=1586
c 00h00m20s | stage:decode:start round=2 requested_int_ids=589
c 00h00m20s | stage:decode:final:start round=2 requested_int_ids=589
c 00h00m20s | stage:decode:done round=2 int_assignments=589
c 00h00m20s | stage:relaxation:done clauses_added=0 circuit_cegar_failures=0 circuit_cegar_rounds=0 circuit_cegar_added_clauses=0 cop_cegar_failures=10 cop_cegar_rounds=22 cop_cegar_added_clauses=2037624
c 00h00m20s | result:Sat
c 00h00m20s | objective:incumbent kind=improvement value=5236 rounds=12 improvements=11
o 5236
c 00h00m20s | stage:sat:init solver=CaDiCaL vars=63379 clauses=160726
c 00h00m20s | stage:sat:solve:start round=1 circuit_cegar_rounds=- cop_cegar_rounds=23 assumptions=0 phase_lits=1586
c 00h00m20s | stage:sat:solve:done round=1 ms=204 result=Sat assumptions=0 phase_lits=1586
c 00h00m20s | stage:decode:start round=1 requested_int_ids=589
c 00h00m20s | stage:relaxation:done round=1 clauses_added=203760 circuit_clauses_added=0 cop_clauses_added=203760 circuit_cegar_failures=0 circuit_cegar_rounds=0 circuit_cegar_added_clauses=0 cop_cegar_failures=11 cop_cegar_rounds=23 cop_cegar_added_clauses=2241384
c 00h00m20s | stage:sat:solve:start round=2 circuit_cegar_rounds=- cop_cegar_rounds=24 assumptions=0 phase_lits=1586
c 00h00m31s | stage:sat:solve:done round=2 ms=10754 result=Sat assumptions=0 phase_lits=1586
c 00h00m31s | stage:decode:start round=2 requested_int_ids=589
c 00h00m31s | stage:decode:final:start round=2 requested_int_ids=589
c 00h00m31s | stage:decode:done round=2 int_assignments=589
c 00h00m31s | stage:relaxation:done clauses_added=0 circuit_cegar_failures=0 circuit_cegar_rounds=0 circuit_cegar_added_clauses=0 cop_cegar_failures=11 cop_cegar_rounds=24 cop_cegar_added_clauses=2241384
c 00h00m31s | result:Sat
c 00h00m31s | objective:incumbent kind=improvement value=5226 rounds=13 improvements=12
o 5226
c 00h00m31s | stage:sat:init solver=CaDiCaL vars=63379 clauses=160726
c 00h00m31s | stage:sat:solve:start round=1 circuit_cegar_rounds=- cop_cegar_rounds=25 assumptions=0 phase_lits=1586
c 00h00m31s | stage:sat:solve:done round=1 ms=213 result=Sat assumptions=0 phase_lits=1586
c 00h00m31s | stage:decode:start round=1 requested_int_ids=589
c 00h00m31s | stage:decode:final:start round=1 requested_int_ids=589
c 00h00m31s | stage:decode:done round=1 int_assignments=589
c 00h00m31s | stage:relaxation:done clauses_added=0 circuit_cegar_failures=0 circuit_cegar_rounds=0 circuit_cegar_added_clauses=0 cop_cegar_failures=11 cop_cegar_rounds=25 cop_cegar_added_clauses=2241384
c 00h00m31s | result:Sat
c 00h00m31s | objective:incumbent kind=improvement value=5112 rounds=14 improvements=13
o 5112
c 00h00m31s | stage:sat:init solver=CaDiCaL vars=63379 clauses=160726
c 00h00m31s | stage:sat:solve:start round=1 circuit_cegar_rounds=- cop_cegar_rounds=26 assumptions=0 phase_lits=1586
c 00h00m31s | stage:sat:solve:done round=1 ms=163 result=Sat assumptions=0 phase_lits=1586
c 00h00m31s | stage:decode:start round=1 requested_int_ids=589
c 00h00m31s | stage:relaxation:done round=1 clauses_added=203753 circuit_clauses_added=0 cop_clauses_added=203753 circuit_cegar_failures=0 circuit_cegar_rounds=0 circuit_cegar_added_clauses=0 cop_cegar_failures=12 cop_cegar_rounds=26 cop_cegar_added_clauses=2445137
c 00h00m31s | stage:sat:solve:start round=2 circuit_cegar_rounds=- cop_cegar_rounds=27 assumptions=0 phase_lits=1586
c 00h00m41s | stage:sat:solve:done round=2 ms=9382 result=Sat assumptions=0 phase_lits=1586
c 00h00m41s | stage:decode:start round=2 requested_int_ids=589
c 00h00m41s | stage:decode:final:start round=2 requested_int_ids=589
c 00h00m41s | stage:decode:done round=2 int_assignments=589
c 00h00m41s | stage:relaxation:done clauses_added=0 circuit_cegar_failures=0 circuit_cegar_rounds=0 circuit_cegar_added_clauses=0 cop_cegar_failures=12 cop_cegar_rounds=27 cop_cegar_added_clauses=2445137
c 00h00m41s | result:Sat
c 00h00m41s | objective:incumbent kind=improvement value=5038 rounds=15 improvements=14
o 5038
c 00h00m41s | stage:sat:init solver=CaDiCaL vars=63379 clauses=160726
c 00h00m41s | stage:sat:solve:start round=1 circuit_cegar_rounds=- cop_cegar_rounds=28 assumptions=0 phase_lits=1586
c 00h00m41s | stage:sat:solve:done round=1 ms=155 result=Sat assumptions=0 phase_lits=1586
c 00h00m41s | stage:decode:start round=1 requested_int_ids=589
c 00h00m41s | stage:relaxation:done round=1 clauses_added=203759 circuit_clauses_added=0 cop_clauses_added=203759 circuit_cegar_failures=0 circuit_cegar_rounds=0 circuit_cegar_added_clauses=0 cop_cegar_failures=13 cop_cegar_rounds=28 cop_cegar_added_clauses=2648896
c 00h00m41s | stage:sat:solve:start round=2 circuit_cegar_rounds=- cop_cegar_rounds=29 assumptions=0 phase_lits=1586
c 00h00m44s | stage:sat:solve:done round=2 ms=2520 result=Sat assumptions=0 phase_lits=1586
c 00h00m44s | stage:decode:start round=2 requested_int_ids=589
c 00h00m44s | stage:decode:final:start round=2 requested_int_ids=589
c 00h00m44s | stage:decode:done round=2 int_assignments=589
c 00h00m44s | stage:relaxation:done clauses_added=0 circuit_cegar_failures=0 circuit_cegar_rounds=0 circuit_cegar_added_clauses=0 cop_cegar_failures=13 cop_cegar_rounds=29 cop_cegar_added_clauses=2648896
c 00h00m44s | result:Sat
c 00h00m44s | objective:incumbent kind=improvement value=5015 rounds=16 improvements=15
o 5015
c 00h00m44s | stage:sat:init solver=CaDiCaL vars=63379 clauses=160726
c 00h00m44s | stage:sat:solve:start round=1 circuit_cegar_rounds=- cop_cegar_rounds=30 assumptions=0 phase_lits=1586
c 00h00m44s | stage:sat:solve:done round=1 ms=194 result=Sat assumptions=0 phase_lits=1586
c 00h00m44s | stage:decode:start round=1 requested_int_ids=589
c 00h00m44s | stage:relaxation:done round=1 clauses_added=203762 circuit_clauses_added=0 cop_clauses_added=203762 circuit_cegar_failures=0 circuit_cegar_rounds=0 circuit_cegar_added_clauses=0 cop_cegar_failures=14 cop_cegar_rounds=30 cop_cegar_added_clauses=2852658
c 00h00m44s | stage:sat:solve:start round=2 circuit_cegar_rounds=- cop_cegar_rounds=31 assumptions=0 phase_lits=1586
c 00h00m45s | stage:sat:solve:done round=2 ms=1149 result=Sat assumptions=0 phase_lits=1586
c 00h00m45s | stage:decode:start round=2 requested_int_ids=589
c 00h00m45s | stage:decode:final:start round=2 requested_int_ids=589
c 00h00m45s | stage:decode:done round=2 int_assignments=589
c 00h00m45s | stage:relaxation:done clauses_added=0 circuit_cegar_failures=0 circuit_cegar_rounds=0 circuit_cegar_added_clauses=0 cop_cegar_failures=14 cop_cegar_rounds=31 cop_cegar_added_clauses=2852658
c 00h00m45s | result:Sat
c 00h00m45s | objective:incumbent kind=improvement value=4927 rounds=17 improvements=16
o 4927
c 00h00m45s | stage:sat:init solver=CaDiCaL vars=63379 clauses=160726
c 00h00m45s | stage:sat:solve:start round=1 circuit_cegar_rounds=- cop_cegar_rounds=32 assumptions=0 phase_lits=1586
c 00h00m45s | stage:sat:solve:done round=1 ms=206 result=Sat assumptions=0 phase_lits=1586
c 00h00m45s | stage:decode:start round=1 requested_int_ids=589
c 00h00m45s | stage:relaxation:done round=1 clauses_added=203760 circuit_clauses_added=0 cop_clauses_added=203760 circuit_cegar_failures=0 circuit_cegar_rounds=0 circuit_cegar_added_clauses=0 cop_cegar_failures=15 cop_cegar_rounds=32 cop_cegar_added_clauses=3056418
c 00h00m45s | stage:sat:solve:start round=2 circuit_cegar_rounds=- cop_cegar_rounds=33 assumptions=0 phase_lits=1586
c 00h00m48s | stage:sat:solve:done round=2 ms=2071 result=Sat assumptions=0 phase_lits=1586
c 00h00m48s | stage:decode:start round=2 requested_int_ids=589
c 00h00m48s | stage:decode:final:start round=2 requested_int_ids=589
c 00h00m48s | stage:decode:done round=2 int_assignments=589
c 00h00m48s | stage:relaxation:done clauses_added=0 circuit_cegar_failures=0 circuit_cegar_rounds=0 circuit_cegar_added_clauses=0 cop_cegar_failures=15 cop_cegar_rounds=33 cop_cegar_added_clauses=3056418
c 00h00m48s | result:Sat
c 00h00m48s | objective:incumbent kind=improvement value=4926 rounds=18 improvements=17
o 4926
c 00h00m48s | stage:sat:init solver=CaDiCaL vars=63379 clauses=160726
c 00h00m48s | stage:sat:solve:start round=1 circuit_cegar_rounds=- cop_cegar_rounds=34 assumptions=0 phase_lits=1586
c 00h00m48s | stage:sat:solve:done round=1 ms=229 result=Sat assumptions=0 phase_lits=1586
c 00h00m48s | stage:decode:start round=1 requested_int_ids=589
c 00h00m48s | stage:relaxation:done round=1 clauses_added=203759 circuit_clauses_added=0 cop_clauses_added=203759 circuit_cegar_failures=0 circuit_cegar_rounds=0 circuit_cegar_added_clauses=0 cop_cegar_failures=16 cop_cegar_rounds=34 cop_cegar_added_clauses=3260177
c 00h00m48s | stage:sat:solve:start round=2 circuit_cegar_rounds=- cop_cegar_rounds=35 assumptions=0 phase_lits=1586
c 00h00m50s | stage:sat:solve:done round=2 ms=1648 result=Sat assumptions=0 phase_lits=1586
c 00h00m50s | stage:decode:start round=2 requested_int_ids=589
c 00h00m50s | stage:decode:final:start round=2 requested_int_ids=589
c 00h00m50s | stage:decode:done round=2 int_assignments=589
c 00h00m50s | stage:relaxation:done clauses_added=0 circuit_cegar_failures=0 circuit_cegar_rounds=0 circuit_cegar_added_clauses=0 cop_cegar_failures=16 cop_cegar_rounds=35 cop_cegar_added_clauses=3260177
c 00h00m50s | result:Sat
c 00h00m50s | objective:incumbent kind=improvement value=4529 rounds=19 improvements=18
o 4529
c 00h00m50s | stage:sat:init solver=CaDiCaL vars=63379 clauses=160726
c 00h00m50s | stage:sat:solve:start round=1 circuit_cegar_rounds=- cop_cegar_rounds=36 assumptions=0 phase_lits=1586
c 00h00m50s | stage:sat:solve:done round=1 ms=233 result=Sat assumptions=0 phase_lits=1586
c 00h00m50s | stage:decode:start round=1 requested_int_ids=589
c 00h00m50s | stage:relaxation:done round=1 clauses_added=203766 circuit_clauses_added=0 cop_clauses_added=203766 circuit_cegar_failures=0 circuit_cegar_rounds=0 circuit_cegar_added_clauses=0 cop_cegar_failures=17 cop_cegar_rounds=36 cop_cegar_added_clauses=3463943
c 00h00m50s | stage:sat:solve:start round=2 circuit_cegar_rounds=- cop_cegar_rounds=37 assumptions=0 phase_lits=1586
c 00h01m11s | stage:sat:solve:done round=2 ms=21409 result=Sat assumptions=0 phase_lits=1586
c 00h01m11s | stage:decode:start round=2 requested_int_ids=589
c 00h01m11s | stage:decode:final:start round=2 requested_int_ids=589
c 00h01m11s | stage:decode:done round=2 int_assignments=589
c 00h01m11s | stage:relaxation:done clauses_added=0 circuit_cegar_failures=0 circuit_cegar_rounds=0 circuit_cegar_added_clauses=0 cop_cegar_failures=17 cop_cegar_rounds=37 cop_cegar_added_clauses=3463943
c 00h01m11s | result:Sat
c 00h01m11s | objective:incumbent kind=improvement value=4527 rounds=20 improvements=19
o 4527
c 00h01m11s | stage:sat:init solver=CaDiCaL vars=63379 clauses=160726
c 00h01m11s | stage:sat:solve:start round=1 circuit_cegar_rounds=- cop_cegar_rounds=38 assumptions=0 phase_lits=1586
c 00h01m18s | stage:sat:solve:done round=1 ms=6235 result=Sat assumptions=0 phase_lits=1586
c 00h01m18s | stage:decode:start round=1 requested_int_ids=589
c 00h01m18s | stage:decode:final:start round=1 requested_int_ids=589
c 00h01m18s | stage:decode:done round=1 int_assignments=589
c 00h01m18s | stage:relaxation:done clauses_added=0 circuit_cegar_failures=0 circuit_cegar_rounds=0 circuit_cegar_added_clauses=0 cop_cegar_failures=17 cop_cegar_rounds=38 cop_cegar_added_clauses=3463943
c 00h01m18s | result:Sat
c 00h01m18s | objective:incumbent kind=improvement value=4236 rounds=21 improvements=20
o 4236
c 00h01m18s | stage:sat:init solver=CaDiCaL vars=63379 clauses=160726
c 00h01m18s | stage:sat:solve:start round=1 circuit_cegar_rounds=- cop_cegar_rounds=39 assumptions=0 phase_lits=1586
c 00h01m18s | stage:sat:solve:done round=1 ms=228 result=Sat assumptions=0 phase_lits=1586
c 00h01m18s | stage:decode:start round=1 requested_int_ids=589
c 00h01m18s | stage:relaxation:done round=1 clauses_added=203764 circuit_clauses_added=0 cop_clauses_added=203764 circuit_cegar_failures=0 circuit_cegar_rounds=0 circuit_cegar_added_clauses=0 cop_cegar_failures=18 cop_cegar_rounds=39 cop_cegar_added_clauses=3667707
c 00h01m18s | stage:sat:solve:start round=2 circuit_cegar_rounds=- cop_cegar_rounds=40 assumptions=0 phase_lits=1586
c 00h01m54s | stage:sat:solve:done round=2 ms=35971 result=Sat assumptions=0 phase_lits=1586
c 00h01m54s | stage:decode:start round=2 requested_int_ids=589
c 00h01m54s | stage:decode:final:start round=2 requested_int_ids=589
c 00h01m54s | stage:decode:done round=2 int_assignments=589
c 00h01m54s | stage:relaxation:done clauses_added=0 circuit_cegar_failures=0 circuit_cegar_rounds=0 circuit_cegar_added_clauses=0 cop_cegar_failures=18 cop_cegar_rounds=40 cop_cegar_added_clauses=3667707
c 00h01m54s | result:Sat
c 00h01m54s | objective:incumbent kind=improvement value=4199 rounds=22 improvements=21
o 4199
c 00h01m54s | stage:sat:init solver=CaDiCaL vars=63379 clauses=160726
c 00h01m54s | stage:sat:solve:start round=1 circuit_cegar_rounds=- cop_cegar_rounds=41 assumptions=0 phase_lits=1586
c 00h01m54s | stage:sat:solve:done round=1 ms=205 result=Sat assumptions=0 phase_lits=1586
c 00h01m54s | stage:decode:start round=1 requested_int_ids=589
c 00h01m54s | stage:relaxation:done round=1 clauses_added=203766 circuit_clauses_added=0 cop_clauses_added=203766 circuit_cegar_failures=0 circuit_cegar_rounds=0 circuit_cegar_added_clauses=0 cop_cegar_failures=19 cop_cegar_rounds=41 cop_cegar_added_clauses=3871473
c 00h01m54s | stage:sat:solve:start round=2 circuit_cegar_rounds=- cop_cegar_rounds=42 assumptions=0 phase_lits=1586
c 00h01m56s | stage:sat:solve:done round=2 ms=1643 result=Sat assumptions=0 phase_lits=1586
c 00h01m56s | stage:decode:start round=2 requested_int_ids=589
c 00h01m56s | stage:decode:final:start round=2 requested_int_ids=589
c 00h01m56s | stage:decode:done round=2 int_assignments=589
c 00h01m56s | stage:relaxation:done clauses_added=0 circuit_cegar_failures=0 circuit_cegar_rounds=0 circuit_cegar_added_clauses=0 cop_cegar_failures=19 cop_cegar_rounds=42 cop_cegar_added_clauses=3871473
c 00h01m56s | result:Sat
c 00h01m56s | objective:incumbent kind=improvement value=4103 rounds=23 improvements=22
o 4103
c 00h01m56s | stage:sat:init solver=CaDiCaL vars=63379 clauses=160726
c 00h01m56s | stage:sat:solve:start round=1 circuit_cegar_rounds=- cop_cegar_rounds=43 assumptions=0 phase_lits=1586
c 00h01m56s | stage:sat:solve:done round=1 ms=264 result=Sat assumptions=0 phase_lits=1586
c 00h01m56s | stage:decode:start round=1 requested_int_ids=589
c 00h01m56s | stage:relaxation:done round=1 clauses_added=203770 circuit_clauses_added=0 cop_clauses_added=203770 circuit_cegar_failures=0 circuit_cegar_rounds=0 circuit_cegar_added_clauses=0 cop_cegar_failures=20 cop_cegar_rounds=43 cop_cegar_added_clauses=4075243
c 00h01m57s | stage:sat:solve:start round=2 circuit_cegar_rounds=- cop_cegar_rounds=44 assumptions=0 phase_lits=1586
c 00h01m58s | stage:sat:solve:done round=2 ms=1115 result=Sat assumptions=0 phase_lits=1586
c 00h01m58s | stage:decode:start round=2 requested_int_ids=589
c 00h01m58s | stage:decode:final:start round=2 requested_int_ids=589
c 00h01m58s | stage:decode:done round=2 int_assignments=589
c 00h01m58s | stage:relaxation:done clauses_added=0 circuit_cegar_failures=0 circuit_cegar_rounds=0 circuit_cegar_added_clauses=0 cop_cegar_failures=20 cop_cegar_rounds=44 cop_cegar_added_clauses=4075243
c 00h01m58s | result:Sat
c 00h01m58s | objective:incumbent kind=improvement value=4101 rounds=24 improvements=23
o 4101
c 00h01m58s | stage:sat:init solver=CaDiCaL vars=63379 clauses=160726
c 00h01m58s | stage:sat:solve:start round=1 circuit_cegar_rounds=- cop_cegar_rounds=45 assumptions=0 phase_lits=1586
c 00h01m58s | stage:sat:solve:done round=1 ms=289 result=Sat assumptions=0 phase_lits=1586
c 00h01m58s | stage:decode:start round=1 requested_int_ids=589
c 00h01m58s | stage:relaxation:done round=1 clauses_added=203772 circuit_clauses_added=0 cop_clauses_added=203772 circuit_cegar_failures=0 circuit_cegar_rounds=0 circuit_cegar_added_clauses=0 cop_cegar_failures=21 cop_cegar_rounds=45 cop_cegar_added_clauses=4279015
c 00h01m58s | stage:sat:solve:start round=2 circuit_cegar_rounds=- cop_cegar_rounds=46 assumptions=0 phase_lits=1586
c 00h02m00s | stage:sat:solve:done round=2 ms=2076 result=Sat assumptions=0 phase_lits=1586
c 00h02m00s | stage:decode:start round=2 requested_int_ids=589
c 00h02m00s | stage:decode:final:start round=2 requested_int_ids=589
c 00h02m00s | stage:decode:done round=2 int_assignments=589
c 00h02m00s | stage:relaxation:done clauses_added=0 circuit_cegar_failures=0 circuit_cegar_rounds=0 circuit_cegar_added_clauses=0 cop_cegar_failures=21 cop_cegar_rounds=46 cop_cegar_added_clauses=4279015
c 00h02m00s | result:Sat
c 00h02m00s | objective:incumbent kind=improvement value=4091 rounds=25 improvements=24
o 4091
c 00h02m00s | stage:sat:init solver=CaDiCaL vars=63379 clauses=160726
c 00h02m00s | stage:sat:solve:start round=1 circuit_cegar_rounds=- cop_cegar_rounds=47 assumptions=0 phase_lits=1586
c 00h02m01s | stage:sat:solve:done round=1 ms=318 result=Sat assumptions=0 phase_lits=1586
c 00h02m01s | stage:decode:start round=1 requested_int_ids=589
c 00h02m01s | stage:relaxation:done round=1 clauses_added=203756 circuit_clauses_added=0 cop_clauses_added=203756 circuit_cegar_failures=0 circuit_cegar_rounds=0 circuit_cegar_added_clauses=0 cop_cegar_failures=22 cop_cegar_rounds=47 cop_cegar_added_clauses=4482771
c 00h02m01s | stage:sat:solve:start round=2 circuit_cegar_rounds=- cop_cegar_rounds=48 assumptions=0 phase_lits=1586
c 00h02m57s | stage:sat:solve:done round=2 ms=56479 result=Sat assumptions=0 phase_lits=1586
c 00h02m57s | stage:decode:start round=2 requested_int_ids=589
c 00h02m57s | stage:decode:final:start round=2 requested_int_ids=589
c 00h02m57s | stage:decode:done round=2 int_assignments=589
c 00h02m57s | stage:relaxation:done clauses_added=0 circuit_cegar_failures=0 circuit_cegar_rounds=0 circuit_cegar_added_clauses=0 cop_cegar_failures=22 cop_cegar_rounds=48 cop_cegar_added_clauses=4482771
c 00h02m57s | result:Sat
c 00h02m57s | objective:incumbent kind=improvement value=4008 rounds=26 improvements=25
o 4008
c 00h02m57s | stage:sat:init solver=CaDiCaL vars=63379 clauses=160726
c 00h02m57s | stage:sat:solve:start round=1 circuit_cegar_rounds=- cop_cegar_rounds=49 assumptions=0 phase_lits=1586
c 00h02m57s | stage:sat:solve:done round=1 ms=259 result=Sat assumptions=0 phase_lits=1586
c 00h02m57s | stage:decode:start round=1 requested_int_ids=589
c 00h02m58s | stage:relaxation:done round=1 clauses_added=203755 circuit_clauses_added=0 cop_clauses_added=203755 circuit_cegar_failures=0 circuit_cegar_rounds=0 circuit_cegar_added_clauses=0 cop_cegar_failures=23 cop_cegar_rounds=49 cop_cegar_added_clauses=4686526
c 00h02m58s | stage:sat:solve:start round=2 circuit_cegar_rounds=- cop_cegar_rounds=50 assumptions=0 phase_lits=1586
c 00h03m07s | stage:sat:solve:done round=2 ms=9589 result=Sat assumptions=0 phase_lits=1586
c 00h03m07s | stage:decode:start round=2 requested_int_ids=589
c 00h03m07s | stage:decode:final:start round=2 requested_int_ids=589
c 00h03m07s | stage:decode:done round=2 int_assignments=589
c 00h03m07s | stage:relaxation:done clauses_added=0 circuit_cegar_failures=0 circuit_cegar_rounds=0 circuit_cegar_added_clauses=0 cop_cegar_failures=23 cop_cegar_rounds=50 cop_cegar_added_clauses=4686526
c 00h03m07s | result:Sat
c 00h03m07s | objective:incumbent kind=improvement value=4006 rounds=27 improvements=26
o 4006
c 00h03m07s | stage:sat:init solver=CaDiCaL vars=63379 clauses=160726
c 00h03m07s | stage:sat:solve:start round=1 circuit_cegar_rounds=- cop_cegar_rounds=51 assumptions=0 phase_lits=1586
c 00h03m08s | stage:sat:solve:done round=1 ms=372 result=Sat assumptions=0 phase_lits=1586
c 00h03m08s | stage:decode:start round=1 requested_int_ids=589
c 00h03m08s | stage:relaxation:done round=1 clauses_added=203759 circuit_clauses_added=0 cop_clauses_added=203759 circuit_cegar_failures=0 circuit_cegar_rounds=0 circuit_cegar_added_clauses=0 cop_cegar_failures=24 cop_cegar_rounds=51 cop_cegar_added_clauses=4890285
c 00h03m08s | stage:sat:solve:start round=2 circuit_cegar_rounds=- cop_cegar_rounds=52 assumptions=0 phase_lits=1586
c 00h03m16s | stage:sat:solve:done round=2 ms=7920 result=Sat assumptions=0 phase_lits=1586
c 00h03m16s | stage:decode:start round=2 requested_int_ids=589
c 00h03m16s | stage:decode:final:start round=2 requested_int_ids=589
c 00h03m16s | stage:decode:done round=2 int_assignments=589
c 00h03m16s | stage:relaxation:done clauses_added=0 circuit_cegar_failures=0 circuit_cegar_rounds=0 circuit_cegar_added_clauses=0 cop_cegar_failures=24 cop_cegar_rounds=52 cop_cegar_added_clauses=4890285
c 00h03m16s | result:Sat
c 00h03m16s | objective:incumbent kind=improvement value=4003 rounds=28 improvements=27
o 4003
c 00h03m16s | stage:sat:init solver=CaDiCaL vars=63379 clauses=160726
c 00h03m16s | stage:sat:solve:start round=1 circuit_cegar_rounds=- cop_cegar_rounds=53 assumptions=0 phase_lits=1586
c 00h03m16s | stage:sat:solve:done round=1 ms=394 result=Sat assumptions=0 phase_lits=1586
c 00h03m16s | stage:decode:start round=1 requested_int_ids=589
c 00h03m16s | stage:relaxation:done round=1 clauses_added=203762 circuit_clauses_added=0 cop_clauses_added=203762 circuit_cegar_failures=0 circuit_cegar_rounds=0 circuit_cegar_added_clauses=0 cop_cegar_failures=25 cop_cegar_rounds=53 cop_cegar_added_clauses=5094047
c 00h03m16s | stage:sat:solve:start round=2 circuit_cegar_rounds=- cop_cegar_rounds=54 assumptions=0 phase_lits=1586
c 00h03m38s | stage:sat:solve:done round=2 ms=21658 result=Sat assumptions=0 phase_lits=1586
c 00h03m38s | stage:decode:start round=2 requested_int_ids=589
c 00h03m38s | stage:decode:final:start round=2 requested_int_ids=589
c 00h03m38s | stage:decode:done round=2 int_assignments=589
c 00h03m38s | stage:relaxation:done clauses_added=0 circuit_cegar_failures=0 circuit_cegar_rounds=0 circuit_cegar_added_clauses=0 cop_cegar_failures=25 cop_cegar_rounds=54 cop_cegar_added_clauses=5094047
c 00h03m38s | result:Sat
c 00h03m38s | objective:incumbent kind=improvement value=4001 rounds=29 improvements=28
o 4001
c 00h03m38s | stage:sat:init solver=CaDiCaL vars=63379 clauses=160726
c 00h03m38s | stage:sat:solve:start round=1 circuit_cegar_rounds=- cop_cegar_rounds=55 assumptions=0 phase_lits=1586
c 00h03m41s | stage:sat:solve:done round=1 ms=3253 result=Sat assumptions=0 phase_lits=1586
c 00h03m41s | stage:decode:start round=1 requested_int_ids=589
c 00h03m41s | stage:decode:final:start round=1 requested_int_ids=589
c 00h03m41s | stage:decode:done round=1 int_assignments=589
c 00h03m41s | stage:relaxation:done clauses_added=0 circuit_cegar_failures=0 circuit_cegar_rounds=0 circuit_cegar_added_clauses=0 cop_cegar_failures=25 cop_cegar_rounds=55 cop_cegar_added_clauses=5094047
c 00h03m41s | result:Sat
c 00h03m41s | objective:incumbent kind=improvement value=3995 rounds=30 improvements=29
o 3995
c 00h03m41s | stage:sat:init solver=CaDiCaL vars=63379 clauses=160726
c 00h03m41s | stage:sat:solve:start round=1 circuit_cegar_rounds=- cop_cegar_rounds=56 assumptions=0 phase_lits=1586
c 00h03m42s | stage:sat:solve:done round=1 ms=366 result=Sat assumptions=0 phase_lits=1586
c 00h03m42s | stage:decode:start round=1 requested_int_ids=589
c 00h03m42s | stage:relaxation:done round=1 clauses_added=203760 circuit_clauses_added=0 cop_clauses_added=203760 circuit_cegar_failures=0 circuit_cegar_rounds=0 circuit_cegar_added_clauses=0 cop_cegar_failures=26 cop_cegar_rounds=56 cop_cegar_added_clauses=5297807
c 00h03m42s | stage:sat:solve:start round=2 circuit_cegar_rounds=- cop_cegar_rounds=57 assumptions=0 phase_lits=1586
c 00h03m45s | stage:sat:solve:done round=2 ms=2691 result=Sat assumptions=0 phase_lits=1586
c 00h03m45s | stage:decode:start round=2 requested_int_ids=589
c 00h03m45s | stage:decode:final:start round=2 requested_int_ids=589
c 00h03m45s | stage:decode:done round=2 int_assignments=589
c 00h03m45s | stage:relaxation:done clauses_added=0 circuit_cegar_failures=0 circuit_cegar_rounds=0 circuit_cegar_added_clauses=0 cop_cegar_failures=26 cop_cegar_rounds=57 cop_cegar_added_clauses=5297807
c 00h03m45s | result:Sat
c 00h03m45s | objective:incumbent kind=improvement value=3991 rounds=31 improvements=30
o 3991
c 00h03m45s | stage:sat:init solver=CaDiCaL vars=63379 clauses=160726
c 00h03m45s | stage:sat:solve:start round=1 circuit_cegar_rounds=- cop_cegar_rounds=58 assumptions=0 phase_lits=1586
c 00h03m45s | stage:sat:solve:done round=1 ms=368 result=Sat assumptions=0 phase_lits=1586
c 00h03m45s | stage:decode:start round=1 requested_int_ids=589
c 00h03m45s | stage:relaxation:done round=1 clauses_added=203760 circuit_clauses_added=0 cop_clauses_added=203760 circuit_cegar_failures=0 circuit_cegar_rounds=0 circuit_cegar_added_clauses=0 cop_cegar_failures=27 cop_cegar_rounds=58 cop_cegar_added_clauses=5501567
c 00h03m45s | stage:sat:solve:start round=2 circuit_cegar_rounds=- cop_cegar_rounds=59 assumptions=0 phase_lits=1586
c 00h03m52s | stage:sat:solve:done round=2 ms=6175 result=Sat assumptions=0 phase_lits=1586
c 00h03m52s | stage:decode:start round=2 requested_int_ids=589
c 00h03m52s | stage:decode:final:start round=2 requested_int_ids=589
c 00h03m52s | stage:decode:done round=2 int_assignments=589
c 00h03m52s | stage:relaxation:done clauses_added=0 circuit_cegar_failures=0 circuit_cegar_rounds=0 circuit_cegar_added_clauses=0 cop_cegar_failures=27 cop_cegar_rounds=59 cop_cegar_added_clauses=5501567
c 00h03m52s | result:Sat
c 00h03m52s | objective:incumbent kind=improvement value=3975 rounds=32 improvements=31
o 3975
c 00h03m52s | stage:sat:init solver=CaDiCaL vars=63379 clauses=160726
c 00h03m52s | stage:sat:solve:start round=1 circuit_cegar_rounds=- cop_cegar_rounds=60 assumptions=0 phase_lits=1586
c 00h03m52s | stage:sat:solve:done round=1 ms=632 result=Sat assumptions=0 phase_lits=1586
c 00h03m52s | stage:decode:start round=1 requested_int_ids=589
c 00h03m52s | stage:relaxation:done round=1 clauses_added=203762 circuit_clauses_added=0 cop_clauses_added=203762 circuit_cegar_failures=0 circuit_cegar_rounds=0 circuit_cegar_added_clauses=0 cop_cegar_failures=28 cop_cegar_rounds=60 cop_cegar_added_clauses=5705329
c 00h03m52s | stage:sat:solve:start round=2 circuit_cegar_rounds=- cop_cegar_rounds=61 assumptions=0 phase_lits=1586
c 00h04m08s | stage:sat:solve:done round=2 ms=15626 result=Sat assumptions=0 phase_lits=1586
c 00h04m08s | stage:decode:start round=2 requested_int_ids=589
c 00h04m08s | stage:decode:final:start round=2 requested_int_ids=589
c 00h04m08s | stage:decode:done round=2 int_assignments=589
c 00h04m08s | stage:relaxation:done clauses_added=0 circuit_cegar_failures=0 circuit_cegar_rounds=0 circuit_cegar_added_clauses=0 cop_cegar_failures=28 cop_cegar_rounds=61 cop_cegar_added_clauses=5705329
c 00h04m08s | result:Sat
c 00h04m08s | objective:incumbent kind=improvement value=3895 rounds=33 improvements=32
o 3895
c 00h04m08s | stage:sat:init solver=CaDiCaL vars=63379 clauses=160726
c 00h04m08s | stage:sat:solve:start round=1 circuit_cegar_rounds=- cop_cegar_rounds=62 assumptions=0 phase_lits=1586
c 00h04m09s | stage:sat:solve:done round=1 ms=412 result=Sat assumptions=0 phase_lits=1586
c 00h04m09s | stage:decode:start round=1 requested_int_ids=589
c 00h04m09s | stage:relaxation:done round=1 clauses_added=203760 circuit_clauses_added=0 cop_clauses_added=203760 circuit_cegar_failures=0 circuit_cegar_rounds=0 circuit_cegar_added_clauses=0 cop_cegar_failures=29 cop_cegar_rounds=62 cop_cegar_added_clauses=5909089
c 00h04m09s | stage:sat:solve:start round=2 circuit_cegar_rounds=- cop_cegar_rounds=63 assumptions=0 phase_lits=1586
c 00h04m21s | stage:sat:solve:done round=2 ms=12494 result=Sat assumptions=0 phase_lits=1586
c 00h04m21s | stage:decode:start round=2 requested_int_ids=589
c 00h04m21s | stage:decode:final:start round=2 requested_int_ids=589
c 00h04m21s | stage:decode:done round=2 int_assignments=589
c 00h04m21s | stage:relaxation:done clauses_added=0 circuit_cegar_failures=0 circuit_cegar_rounds=0 circuit_cegar_added_clauses=0 cop_cegar_failures=29 cop_cegar_rounds=63 cop_cegar_added_clauses=5909089
c 00h04m21s | result:Sat
c 00h04m21s | objective:incumbent kind=improvement value=3894 rounds=34 improvements=33
o 3894
c 00h04m21s | stage:sat:init solver=CaDiCaL vars=63379 clauses=160726
c 00h04m21s | stage:sat:solve:start round=1 circuit_cegar_rounds=- cop_cegar_rounds=64 assumptions=0 phase_lits=1586
c 00h04m22s | stage:sat:solve:done round=1 ms=414 result=Sat assumptions=0 phase_lits=1586
c 00h04m22s | stage:decode:start round=1 requested_int_ids=589
c 00h04m22s | stage:relaxation:done round=1 clauses_added=203759 circuit_clauses_added=0 cop_clauses_added=203759 circuit_cegar_failures=0 circuit_cegar_rounds=0 circuit_cegar_added_clauses=0 cop_cegar_failures=30 cop_cegar_rounds=64 cop_cegar_added_clauses=6112848
c 00h04m22s | stage:sat:solve:start round=2 circuit_cegar_rounds=- cop_cegar_rounds=65 assumptions=0 phase_lits=1586
c 00h04m26s | stage:sat:solve:done round=2 ms=3864 result=Sat assumptions=0 phase_lits=1586
c 00h04m26s | stage:decode:start round=2 requested_int_ids=589
c 00h04m26s | stage:decode:final:start round=2 requested_int_ids=589
c 00h04m26s | stage:decode:done round=2 int_assignments=589
c 00h04m26s | stage:relaxation:done clauses_added=0 circuit_cegar_failures=0 circuit_cegar_rounds=0 circuit_cegar_added_clauses=0 cop_cegar_failures=30 cop_cegar_rounds=65 cop_cegar_added_clauses=6112848
c 00h04m26s | result:Sat
c 00h04m26s | objective:incumbent kind=improvement value=3893 rounds=35 improvements=34
o 3893
c 00h04m26s | stage:sat:init solver=CaDiCaL vars=63379 clauses=160726
c 00h04m26s | stage:sat:solve:start round=1 circuit_cegar_rounds=- cop_cegar_rounds=66 assumptions=0 phase_lits=1586
c 00h04m26s | stage:sat:solve:done round=1 ms=472 result=Sat assumptions=0 phase_lits=1586
c 00h04m26s | stage:decode:start round=1 requested_int_ids=589
c 00h04m26s | stage:relaxation:done round=1 clauses_added=203762 circuit_clauses_added=0 cop_clauses_added=203762 circuit_cegar_failures=0 circuit_cegar_rounds=0 circuit_cegar_added_clauses=0 cop_cegar_failures=31 cop_cegar_rounds=66 cop_cegar_added_clauses=6316610
c 00h04m26s | stage:sat:solve:start round=2 circuit_cegar_rounds=- cop_cegar_rounds=67 assumptions=0 phase_lits=1586
c 00h04m42s | stage:sat:solve:done round=2 ms=15630 result=Sat assumptions=0 phase_lits=1586
c 00h04m42s | stage:decode:start round=2 requested_int_ids=589
c 00h04m42s | stage:decode:final:start round=2 requested_int_ids=589
c 00h04m42s | stage:decode:done round=2 int_assignments=589
c 00h04m42s | stage:relaxation:done clauses_added=0 circuit_cegar_failures=0 circuit_cegar_rounds=0 circuit_cegar_added_clauses=0 cop_cegar_failures=31 cop_cegar_rounds=67 cop_cegar_added_clauses=6316610
c 00h04m42s | result:Sat
c 00h04m42s | objective:incumbent kind=improvement value=3892 rounds=36 improvements=35
o 3892
c 00h04m42s | stage:sat:init solver=CaDiCaL vars=63379 clauses=160726
c 00h04m42s | stage:sat:solve:start round=1 circuit_cegar_rounds=- cop_cegar_rounds=68 assumptions=0 phase_lits=1586
c 00h04m43s | stage:sat:solve:done round=1 ms=481 result=Sat assumptions=0 phase_lits=1586
c 00h04m43s | stage:decode:start round=1 requested_int_ids=589
c 00h04m43s | stage:relaxation:done round=1 clauses_added=203758 circuit_clauses_added=0 cop_clauses_added=203758 circuit_cegar_failures=0 circuit_cegar_rounds=0 circuit_cegar_added_clauses=0 cop_cegar_failures=32 cop_cegar_rounds=68 cop_cegar_added_clauses=6520368
c 00h04m43s | stage:sat:solve:start round=2 circuit_cegar_rounds=- cop_cegar_rounds=69 assumptions=0 phase_lits=1586
c 00h05m05s | stage:sat:solve:done round=2 ms=21833 result=Sat assumptions=0 phase_lits=1586
c 00h05m05s | stage:decode:start round=2 requested_int_ids=589
c 00h05m05s | stage:decode:final:start round=2 requested_int_ids=589
c 00h05m05s | stage:decode:done round=2 int_assignments=589
c 00h05m05s | stage:relaxation:done clauses_added=0 circuit_cegar_failures=0 circuit_cegar_rounds=0 circuit_cegar_added_clauses=0 cop_cegar_failures=32 cop_cegar_rounds=69 cop_cegar_added_clauses=6520368
c 00h05m05s | result:Sat
c 00h05m05s | objective:incumbent kind=improvement value=3891 rounds=37 improvements=36
o 3891
c 00h05m05s | stage:sat:init solver=CaDiCaL vars=63379 clauses=160726
c 00h05m05s | stage:sat:solve:start round=1 circuit_cegar_rounds=- cop_cegar_rounds=70 assumptions=0 phase_lits=1586
c 00h05m05s | stage:sat:solve:done round=1 ms=445 result=Sat assumptions=0 phase_lits=1586
c 00h05m05s | stage:decode:start round=1 requested_int_ids=589
c 00h05m05s | stage:relaxation:done round=1 clauses_added=203762 circuit_clauses_added=0 cop_clauses_added=203762 circuit_cegar_failures=0 circuit_cegar_rounds=0 circuit_cegar_added_clauses=0 cop_cegar_failures=33 cop_cegar_rounds=70 cop_cegar_added_clauses=6724130
c 00h05m05s | stage:sat:solve:start round=2 circuit_cegar_rounds=- cop_cegar_rounds=71 assumptions=0 phase_lits=1586
c 00h05m10s | stage:sat:solve:done round=2 ms=5199 result=Sat assumptions=0 phase_lits=1586
c 00h05m10s | stage:decode:start round=2 requested_int_ids=589
c 00h05m11s | stage:decode:final:start round=2 requested_int_ids=589
c 00h05m11s | stage:decode:done round=2 int_assignments=589
c 00h05m11s | stage:relaxation:done clauses_added=0 circuit_cegar_failures=0 circuit_cegar_rounds=0 circuit_cegar_added_clauses=0 cop_cegar_failures=33 cop_cegar_rounds=71 cop_cegar_added_clauses=6724130
c 00h05m11s | result:Sat
c 00h05m11s | objective:incumbent kind=improvement value=3872 rounds=38 improvements=37
o 3872
c 00h05m11s | stage:sat:init solver=CaDiCaL vars=63379 clauses=160726
c 00h05m11s | stage:sat:solve:start round=1 circuit_cegar_rounds=- cop_cegar_rounds=72 assumptions=0 phase_lits=1586
c 00h05m11s | stage:sat:solve:done round=1 ms=487 result=Sat assumptions=0 phase_lits=1586
c 00h05m11s | stage:decode:start round=1 requested_int_ids=589
c 00h05m11s | stage:relaxation:done round=1 clauses_added=203753 circuit_clauses_added=0 cop_clauses_added=203753 circuit_cegar_failures=0 circuit_cegar_rounds=0 circuit_cegar_added_clauses=0 cop_cegar_failures=34 cop_cegar_rounds=72 cop_cegar_added_clauses=6927883
c 00h05m11s | stage:sat:solve:start round=2 circuit_cegar_rounds=- cop_cegar_rounds=73 assumptions=0 phase_lits=1586
c 00h05m17s | stage:sat:solve:done round=2 ms=5425 result=Sat assumptions=0 phase_lits=1586
c 00h05m17s | stage:decode:start round=2 requested_int_ids=589
c 00h05m17s | stage:decode:final:start round=2 requested_int_ids=589
c 00h05m17s | stage:decode:done round=2 int_assignments=589
c 00h05m17s | stage:relaxation:done clauses_added=0 circuit_cegar_failures=0 circuit_cegar_rounds=0 circuit_cegar_added_clauses=0 cop_cegar_failures=34 cop_cegar_rounds=73 cop_cegar_added_clauses=6927883
c 00h05m17s | result:Sat
c 00h05m17s | objective:incumbent kind=improvement value=3796 rounds=39 improvements=38
o 3796
c 00h05m17s | stage:sat:init solver=CaDiCaL vars=63379 clauses=160726
c 00h05m17s | stage:sat:solve:start round=1 circuit_cegar_rounds=- cop_cegar_rounds=74 assumptions=0 phase_lits=1586
c 00h05m17s | stage:sat:solve:done round=1 ms=488 result=Sat assumptions=0 phase_lits=1586
c 00h05m17s | stage:decode:start round=1 requested_int_ids=589
c 00h05m17s | stage:relaxation:done round=1 clauses_added=203758 circuit_clauses_added=0 cop_clauses_added=203758 circuit_cegar_failures=0 circuit_cegar_rounds=0 circuit_cegar_added_clauses=0 cop_cegar_failures=35 cop_cegar_rounds=74 cop_cegar_added_clauses=7131641
c 00h05m17s | stage:sat:solve:start round=2 circuit_cegar_rounds=- cop_cegar_rounds=75 assumptions=0 phase_lits=1586
c 00h05m36s | stage:sat:solve:done round=2 ms=18211 result=Sat assumptions=0 phase_lits=1586
c 00h05m36s | stage:decode:start round=2 requested_int_ids=589
c 00h05m36s | stage:decode:final:start round=2 requested_int_ids=589
c 00h05m36s | stage:decode:done round=2 int_assignments=589
c 00h05m36s | stage:relaxation:done clauses_added=0 circuit_cegar_failures=0 circuit_cegar_rounds=0 circuit_cegar_added_clauses=0 cop_cegar_failures=35 cop_cegar_rounds=75 cop_cegar_added_clauses=7131641
c 00h05m36s | result:Sat
c 00h05m36s | objective:incumbent kind=improvement value=3795 rounds=40 improvements=39
o 3795
c 00h05m36s | stage:sat:init solver=CaDiCaL vars=63379 clauses=160726
c 00h05m36s | stage:sat:solve:start round=1 circuit_cegar_rounds=- cop_cegar_rounds=76 assumptions=0 phase_lits=1586
c 00h05m36s | stage:sat:solve:done round=1 ms=494 result=Sat assumptions=0 phase_lits=1586
c 00h05m36s | stage:decode:start round=1 requested_int_ids=589
c 00h05m36s | stage:relaxation:done round=1 clauses_added=203762 circuit_clauses_added=0 cop_clauses_added=203762 circuit_cegar_failures=0 circuit_cegar_rounds=0 circuit_cegar_added_clauses=0 cop_cegar_failures=36 cop_cegar_rounds=76 cop_cegar_added_clauses=7335403
c 00h05m36s | stage:sat:solve:start round=2 circuit_cegar_rounds=- cop_cegar_rounds=77 assumptions=0 phase_lits=1586
c 00h06m11s | stage:sat:solve:done round=2 ms=34439 result=Sat assumptions=0 phase_lits=1586
c 00h06m11s | stage:decode:start round=2 requested_int_ids=589
c 00h06m11s | stage:decode:final:start round=2 requested_int_ids=589
c 00h06m11s | stage:decode:done round=2 int_assignments=589
c 00h06m11s | stage:relaxation:done clauses_added=0 circuit_cegar_failures=0 circuit_cegar_rounds=0 circuit_cegar_added_clauses=0 cop_cegar_failures=36 cop_cegar_rounds=77 cop_cegar_added_clauses=7335403
c 00h06m11s | result:Sat
c 00h06m11s | objective:incumbent kind=improvement value=3791 rounds=41 improvements=40
o 3791
c 00h06m11s | stage:sat:init solver=CaDiCaL vars=63379 clauses=160726
c 00h06m11s | stage:sat:solve:start round=1 circuit_cegar_rounds=- cop_cegar_rounds=78 assumptions=0 phase_lits=1586
c 00h06m15s | stage:sat:solve:done round=1 ms=4495 result=Sat assumptions=0 phase_lits=1586
c 00h06m15s | stage:decode:start round=1 requested_int_ids=589
c 00h06m15s | stage:relaxation:done round=1 clauses_added=203760 circuit_clauses_added=0 cop_clauses_added=203760 circuit_cegar_failures=0 circuit_cegar_rounds=0 circuit_cegar_added_clauses=0 cop_cegar_failures=37 cop_cegar_rounds=78 cop_cegar_added_clauses=7539163
c 00h06m15s | stage:sat:solve:start round=2 circuit_cegar_rounds=- cop_cegar_rounds=79 assumptions=0 phase_lits=1586
c 00h06m34s | stage:sat:solve:done round=2 ms=18082 result=Sat assumptions=0 phase_lits=1586
c 00h06m34s | stage:decode:start round=2 requested_int_ids=589
c 00h06m34s | stage:decode:final:start round=2 requested_int_ids=589
c 00h06m34s | stage:decode:done round=2 int_assignments=589
c 00h06m34s | stage:relaxation:done clauses_added=0 circuit_cegar_failures=0 circuit_cegar_rounds=0 circuit_cegar_added_clauses=0 cop_cegar_failures=37 cop_cegar_rounds=79 cop_cegar_added_clauses=7539163
c 00h06m34s | result:Sat
c 00h06m34s | objective:incumbent kind=improvement value=3787 rounds=42 improvements=41
o 3787
c 00h06m34s | stage:sat:init solver=CaDiCaL vars=63379 clauses=160726
c 00h06m34s | stage:sat:solve:start round=1 circuit_cegar_rounds=- cop_cegar_rounds=80 assumptions=0 phase_lits=1586
c 00h06m34s | stage:sat:solve:done round=1 ms=494 result=Sat assumptions=0 phase_lits=1586
c 00h06m34s | stage:decode:start round=1 requested_int_ids=589
c 00h06m34s | stage:relaxation:done round=1 clauses_added=203762 circuit_clauses_added=0 cop_clauses_added=203762 circuit_cegar_failures=0 circuit_cegar_rounds=0 circuit_cegar_added_clauses=0 cop_cegar_failures=38 cop_cegar_rounds=80 cop_cegar_added_clauses=7742925
c 00h06m34s | stage:sat:solve:start round=2 circuit_cegar_rounds=- cop_cegar_rounds=81 assumptions=0 phase_lits=1586
c 00h06m38s | stage:sat:solve:done round=2 ms=3498 result=Sat assumptions=0 phase_lits=1586
c 00h06m38s | stage:decode:start round=2 requested_int_ids=589
c 00h06m38s | stage:decode:final:start round=2 requested_int_ids=589
c 00h06m38s | stage:decode:done round=2 int_assignments=589
c 00h06m38s | stage:relaxation:done clauses_added=0 circuit_cegar_failures=0 circuit_cegar_rounds=0 circuit_cegar_added_clauses=0 cop_cegar_failures=38 cop_cegar_rounds=81 cop_cegar_added_clauses=7742925
c 00h06m38s | result:Sat
c 00h06m38s | objective:incumbent kind=improvement value=3291 rounds=43 improvements=42
o 3291
c 00h06m38s | stage:sat:init solver=CaDiCaL vars=63379 clauses=160726
c 00h06m38s | stage:sat:solve:start round=1 circuit_cegar_rounds=- cop_cegar_rounds=82 assumptions=0 phase_lits=1586
c 00h06m38s | stage:sat:solve:done round=1 ms=536 result=Sat assumptions=0 phase_lits=1586
c 00h06m38s | stage:decode:start round=1 requested_int_ids=589
c 00h06m39s | stage:relaxation:done round=1 clauses_added=203762 circuit_clauses_added=0 cop_clauses_added=203762 circuit_cegar_failures=0 circuit_cegar_rounds=0 circuit_cegar_added_clauses=0 cop_cegar_failures=39 cop_cegar_rounds=82 cop_cegar_added_clauses=7946687
c 00h06m39s | stage:sat:solve:start round=2 circuit_cegar_rounds=- cop_cegar_rounds=83 assumptions=0 phase_lits=1586
c 00h07m04s | stage:sat:solve:done round=2 ms=24953 result=Sat assumptions=0 phase_lits=1586
c 00h07m04s | stage:decode:start round=2 requested_int_ids=589
c 00h07m04s | stage:decode:final:start round=2 requested_int_ids=589
c 00h07m04s | stage:decode:done round=2 int_assignments=589
c 00h07m04s | stage:relaxation:done clauses_added=0 circuit_cegar_failures=0 circuit_cegar_rounds=0 circuit_cegar_added_clauses=0 cop_cegar_failures=39 cop_cegar_rounds=83 cop_cegar_added_clauses=7946687
c 00h07m04s | result:Sat
c 00h07m04s | objective:incumbent kind=improvement value=3290 rounds=44 improvements=43
o 3290
c 00h07m04s | stage:sat:init solver=CaDiCaL vars=63379 clauses=160726
c 00h07m04s | stage:sat:solve:start round=1 circuit_cegar_rounds=- cop_cegar_rounds=84 assumptions=0 phase_lits=1586
c 00h07m04s | stage:sat:solve:done round=1 ms=543 result=Sat assumptions=0 phase_lits=1586
c 00h07m04s | stage:decode:start round=1 requested_int_ids=589
c 00h07m04s | stage:relaxation:done round=1 clauses_added=203761 circuit_clauses_added=0 cop_clauses_added=203761 circuit_cegar_failures=0 circuit_cegar_rounds=0 circuit_cegar_added_clauses=0 cop_cegar_failures=40 cop_cegar_rounds=84 cop_cegar_added_clauses=8150448
c 00h07m04s | stage:sat:solve:start round=2 circuit_cegar_rounds=- cop_cegar_rounds=85 assumptions=0 phase_lits=1586
c 00h07m26s | stage:sat:solve:done round=2 ms=21417 result=Sat assumptions=0 phase_lits=1586
c 00h07m26s | stage:decode:start round=2 requested_int_ids=589
c 00h07m26s | stage:decode:final:start round=2 requested_int_ids=589
c 00h07m26s | stage:decode:done round=2 int_assignments=589
c 00h07m26s | stage:relaxation:done clauses_added=0 circuit_cegar_failures=0 circuit_cegar_rounds=0 circuit_cegar_added_clauses=0 cop_cegar_failures=40 cop_cegar_rounds=85 cop_cegar_added_clauses=8150448
c 00h07m26s | result:Sat
c 00h07m26s | objective:incumbent kind=improvement value=3279 rounds=45 improvements=44
o 3279
c 00h07m26s | stage:sat:init solver=CaDiCaL vars=63379 clauses=160726
c 00h07m26s | stage:sat:solve:start round=1 circuit_cegar_rounds=- cop_cegar_rounds=86 assumptions=0 phase_lits=1586
c 00h07m26s | stage:sat:solve:done round=1 ms=572 result=Sat assumptions=0 phase_lits=1586
c 00h07m26s | stage:decode:start round=1 requested_int_ids=589
c 00h07m26s | stage:relaxation:done round=1 clauses_added=203762 circuit_clauses_added=0 cop_clauses_added=203762 circuit_cegar_failures=0 circuit_cegar_rounds=0 circuit_cegar_added_clauses=0 cop_cegar_failures=41 cop_cegar_rounds=86 cop_cegar_added_clauses=8354210
c 00h07m27s | stage:sat:solve:start round=2 circuit_cegar_rounds=- cop_cegar_rounds=87 assumptions=0 phase_lits=1586
c 00h07m39s | stage:sat:solve:done round=2 ms=12542 result=Sat assumptions=0 phase_lits=1586
c 00h07m39s | stage:decode:start round=2 requested_int_ids=589
c 00h07m39s | stage:decode:final:start round=2 requested_int_ids=589
c 00h07m39s | stage:decode:done round=2 int_assignments=589
c 00h07m39s | stage:relaxation:done clauses_added=0 circuit_cegar_failures=0 circuit_cegar_rounds=0 circuit_cegar_added_clauses=0 cop_cegar_failures=41 cop_cegar_rounds=87 cop_cegar_added_clauses=8354210
c 00h07m39s | result:Sat
c 00h07m39s | objective:incumbent kind=improvement value=3079 rounds=46 improvements=45
o 3079
c 00h07m39s | stage:sat:init solver=CaDiCaL vars=63379 clauses=160726
c 00h07m39s | stage:sat:solve:start round=1 circuit_cegar_rounds=- cop_cegar_rounds=88 assumptions=0 phase_lits=1586
c 00h07m40s | stage:sat:solve:done round=1 ms=583 result=Sat assumptions=0 phase_lits=1586
c 00h07m40s | stage:decode:start round=1 requested_int_ids=589
c 00h07m40s | stage:relaxation:done round=1 clauses_added=203768 circuit_clauses_added=0 cop_clauses_added=203768 circuit_cegar_failures=0 circuit_cegar_rounds=0 circuit_cegar_added_clauses=0 cop_cegar_failures=42 cop_cegar_rounds=88 cop_cegar_added_clauses=8557978
c 00h07m40s | stage:sat:solve:start round=2 circuit_cegar_rounds=- cop_cegar_rounds=89 assumptions=0 phase_lits=1586
c 00h08m16s | stage:sat:solve:done round=2 ms=36190 result=Sat assumptions=0 phase_lits=1586
c 00h08m16s | stage:decode:start round=2 requested_int_ids=589
c 00h08m16s | stage:decode:final:start round=2 requested_int_ids=589
c 00h08m16s | stage:decode:done round=2 int_assignments=589
c 00h08m16s | stage:relaxation:done clauses_added=0 circuit_cegar_failures=0 circuit_cegar_rounds=0 circuit_cegar_added_clauses=0 cop_cegar_failures=42 cop_cegar_rounds=89 cop_cegar_added_clauses=8557978
c 00h08m16s | result:Sat
c 00h08m16s | objective:incumbent kind=improvement value=3078 rounds=47 improvements=46
o 3078
c 00h08m16s | stage:sat:init solver=CaDiCaL vars=63379 clauses=160726
c 00h08m16s | stage:sat:solve:start round=1 circuit_cegar_rounds=- cop_cegar_rounds=90 assumptions=0 phase_lits=1586
c 00h08m17s | stage:sat:solve:done round=1 ms=584 result=Sat assumptions=0 phase_lits=1586
c 00h08m17s | stage:decode:start round=1 requested_int_ids=589
c 00h08m17s | stage:relaxation:done round=1 clauses_added=203767 circuit_clauses_added=0 cop_clauses_added=203767 circuit_cegar_failures=0 circuit_cegar_rounds=0 circuit_cegar_added_clauses=0 cop_cegar_failures=43 cop_cegar_rounds=90 cop_cegar_added_clauses=8761745
c 00h08m17s | stage:sat:solve:start round=2 circuit_cegar_rounds=- cop_cegar_rounds=91 assumptions=0 phase_lits=1586
c 00h08m35s | stage:sat:solve:done round=2 ms=18368 result=Sat assumptions=0 phase_lits=1586
c 00h08m35s | stage:decode:start round=2 requested_int_ids=589
c 00h08m35s | stage:decode:final:start round=2 requested_int_ids=589
c 00h08m35s | stage:decode:done round=2 int_assignments=589
c 00h08m35s | stage:relaxation:done clauses_added=0 circuit_cegar_failures=0 circuit_cegar_rounds=0 circuit_cegar_added_clauses=0 cop_cegar_failures=43 cop_cegar_rounds=91 cop_cegar_added_clauses=8761745
c 00h08m35s | result:Sat
c 00h08m35s | objective:incumbent kind=improvement value=3075 rounds=48 improvements=47
o 3075
c 00h08m35s | stage:sat:init solver=CaDiCaL vars=63379 clauses=160726
c 00h08m35s | stage:sat:solve:start round=1 circuit_cegar_rounds=- cop_cegar_rounds=92 assumptions=0 phase_lits=1586
c 00h08m36s | stage:sat:solve:done round=1 ms=602 result=Sat assumptions=0 phase_lits=1586
c 00h08m36s | stage:decode:start round=1 requested_int_ids=589
c 00h08m36s | stage:relaxation:done round=1 clauses_added=203770 circuit_clauses_added=0 cop_clauses_added=203770 circuit_cegar_failures=0 circuit_cegar_rounds=0 circuit_cegar_added_clauses=0 cop_cegar_failures=44 cop_cegar_rounds=92 cop_cegar_added_clauses=8965515
c 00h08m36s | stage:sat:solve:start round=2 circuit_cegar_rounds=- cop_cegar_rounds=93 assumptions=0 phase_lits=1586
c 00h10m12s | stage:sat:solve:done round=2 ms=95439 result=Sat assumptions=0 phase_lits=1586
c 00h10m12s | stage:decode:start round=2 requested_int_ids=589
c 00h10m12s | stage:decode:final:start round=2 requested_int_ids=589
c 00h10m12s | stage:decode:done round=2 int_assignments=589
c 00h10m12s | stage:relaxation:done clauses_added=0 circuit_cegar_failures=0 circuit_cegar_rounds=0 circuit_cegar_added_clauses=0 cop_cegar_failures=44 cop_cegar_rounds=93 cop_cegar_added_clauses=8965515
c 00h10m12s | result:Sat
c 00h10m12s | objective:incumbent kind=improvement value=3074 rounds=49 improvements=48
o 3074
c 00h10m12s | stage:sat:init solver=CaDiCaL vars=63379 clauses=160726
c 00h10m12s | stage:sat:solve:start round=1 circuit_cegar_rounds=- cop_cegar_rounds=94 assumptions=0 phase_lits=1586
c 00h10m12s | stage:sat:solve:done round=1 ms=653 result=Sat assumptions=0 phase_lits=1586
c 00h10m12s | stage:decode:start round=1 requested_int_ids=589
c 00h10m13s | stage:relaxation:done round=1 clauses_added=203769 circuit_clauses_added=0 cop_clauses_added=203769 circuit_cegar_failures=0 circuit_cegar_rounds=0 circuit_cegar_added_clauses=0 cop_cegar_failures=45 cop_cegar_rounds=94 cop_cegar_added_clauses=9169284
c 00h10m13s | stage:sat:solve:start round=2 circuit_cegar_rounds=- cop_cegar_rounds=95 assumptions=0 phase_lits=1586
c 00h12m24s | stage:sat:solve:done round=2 ms=131346 result=Sat assumptions=0 phase_lits=1586
c 00h12m24s | stage:decode:start round=2 requested_int_ids=589
c 00h12m24s | stage:decode:final:start round=2 requested_int_ids=589
c 00h12m24s | stage:decode:done round=2 int_assignments=589
c 00h12m24s | stage:relaxation:done clauses_added=0 circuit_cegar_failures=0 circuit_cegar_rounds=0 circuit_cegar_added_clauses=0 cop_cegar_failures=45 cop_cegar_rounds=95 cop_cegar_added_clauses=9169284
c 00h12m24s | result:Sat
c 00h12m24s | objective:incumbent kind=improvement value=2985 rounds=50 improvements=49
o 2985
c 00h12m24s | stage:sat:init solver=CaDiCaL vars=63379 clauses=160726
c 00h12m24s | stage:sat:solve:start round=1 circuit_cegar_rounds=- cop_cegar_rounds=96 assumptions=0 phase_lits=1586
c 00h12m25s | stage:sat:solve:done round=1 ms=509 result=Sat assumptions=0 phase_lits=1586
c 00h12m25s | stage:decode:start round=1 requested_int_ids=589
c 00h12m25s | stage:relaxation:done round=1 clauses_added=203764 circuit_clauses_added=0 cop_clauses_added=203764 circuit_cegar_failures=0 circuit_cegar_rounds=0 circuit_cegar_added_clauses=0 cop_cegar_failures=46 cop_cegar_rounds=96 cop_cegar_added_clauses=9373048
c 00h12m25s | stage:sat:solve:start round=2 circuit_cegar_rounds=- cop_cegar_rounds=97 assumptions=0 phase_lits=1586
c 00h12m35s | stage:sat:solve:done round=2 ms=9758 result=Sat assumptions=0 phase_lits=1586
c 00h12m35s | stage:decode:start round=2 requested_int_ids=589
c 00h12m35s | stage:decode:final:start round=2 requested_int_ids=589
c 00h12m35s | stage:decode:done round=2 int_assignments=589
c 00h12m35s | stage:relaxation:done clauses_added=0 circuit_cegar_failures=0 circuit_cegar_rounds=0 circuit_cegar_added_clauses=0 cop_cegar_failures=46 cop_cegar_rounds=97 cop_cegar_added_clauses=9373048
c 00h12m35s | result:Sat
c 00h12m35s | objective:incumbent kind=improvement value=2980 rounds=51 improvements=50
o 2980
c 00h12m35s | stage:sat:init solver=CaDiCaL vars=63379 clauses=160726
c 00h12m35s | stage:sat:solve:start round=1 circuit_cegar_rounds=- cop_cegar_rounds=98 assumptions=0 phase_lits=1586
c 00h12m35s | stage:sat:solve:done round=1 ms=667 result=Sat assumptions=0 phase_lits=1586
c 00h12m35s | stage:decode:start round=1 requested_int_ids=589
c 00h12m35s | stage:relaxation:done round=1 clauses_added=203760 circuit_clauses_added=0 cop_clauses_added=203760 circuit_cegar_failures=0 circuit_cegar_rounds=0 circuit_cegar_added_clauses=0 cop_cegar_failures=47 cop_cegar_rounds=98 cop_cegar_added_clauses=9576808
c 00h12m36s | stage:sat:solve:start round=2 circuit_cegar_rounds=- cop_cegar_rounds=99 assumptions=0 phase_lits=1586
c 00h12m49s | stage:sat:solve:done round=2 ms=13944 result=Sat assumptions=0 phase_lits=1586
c 00h12m49s | stage:decode:start round=2 requested_int_ids=589
c 00h12m50s | stage:decode:final:start round=2 requested_int_ids=589
c 00h12m50s | stage:decode:done round=2 int_assignments=589
c 00h12m50s | stage:relaxation:done clauses_added=0 circuit_cegar_failures=0 circuit_cegar_rounds=0 circuit_cegar_added_clauses=0 cop_cegar_failures=47 cop_cegar_rounds=99 cop_cegar_added_clauses=9576808
c 00h12m50s | result:Sat
c 00h12m50s | objective:incumbent kind=improvement value=2979 rounds=52 improvements=51
o 2979
c 00h12m50s | stage:sat:init solver=CaDiCaL vars=63379 clauses=160726
c 00h12m50s | stage:sat:solve:start round=1 circuit_cegar_rounds=- cop_cegar_rounds=100 assumptions=0 phase_lits=1586
c 00h12m50s | stage:sat:solve:done round=1 ms=694 result=Sat assumptions=0 phase_lits=1586
c 00h12m50s | stage:decode:start round=1 requested_int_ids=589
c 00h12m50s | stage:relaxation:done round=1 clauses_added=203764 circuit_clauses_added=0 cop_clauses_added=203764 circuit_cegar_failures=0 circuit_cegar_rounds=0 circuit_cegar_added_clauses=0 cop_cegar_failures=48 cop_cegar_rounds=100 cop_cegar_added_clauses=9780572
c 00h12m50s | stage:sat:solve:start round=2 circuit_cegar_rounds=- cop_cegar_rounds=101 assumptions=0 phase_lits=1586
c 00h12m57s | stage:sat:solve:done round=2 ms=6608 result=Sat assumptions=0 phase_lits=1586
c 00h12m57s | stage:decode:start round=2 requested_int_ids=589
c 00h12m57s | stage:decode:final:start round=2 requested_int_ids=589
c 00h12m57s | stage:decode:done round=2 int_assignments=589
c 00h12m57s | stage:relaxation:done clauses_added=0 circuit_cegar_failures=0 circuit_cegar_rounds=0 circuit_cegar_added_clauses=0 cop_cegar_failures=48 cop_cegar_rounds=101 cop_cegar_added_clauses=9780572
c 00h12m57s | result:Sat
c 00h12m57s | objective:incumbent kind=improvement value=2978 rounds=53 improvements=52
o 2978
c 00h12m57s | stage:sat:init solver=CaDiCaL vars=63379 clauses=160726
c 00h12m57s | stage:sat:solve:start round=1 circuit_cegar_rounds=- cop_cegar_rounds=102 assumptions=0 phase_lits=1586
c 00h12m58s | stage:sat:solve:done round=1 ms=715 result=Sat assumptions=0 phase_lits=1586
c 00h12m58s | stage:decode:start round=1 requested_int_ids=589
c 00h12m58s | stage:relaxation:done round=1 clauses_added=203763 circuit_clauses_added=0 cop_clauses_added=203763 circuit_cegar_failures=0 circuit_cegar_rounds=0 circuit_cegar_added_clauses=0 cop_cegar_failures=49 cop_cegar_rounds=102 cop_cegar_added_clauses=9984335
c 00h12m58s | stage:sat:solve:start round=2 circuit_cegar_rounds=- cop_cegar_rounds=103 assumptions=0 phase_lits=1586
c 00h13m04s | stage:sat:solve:done round=2 ms=6375 result=Sat assumptions=0 phase_lits=1586
c 00h13m04s | stage:decode:start round=2 requested_int_ids=589
c 00h13m04s | stage:decode:final:start round=2 requested_int_ids=589
c 00h13m04s | stage:decode:done round=2 int_assignments=589
c 00h13m04s | stage:relaxation:done clauses_added=0 circuit_cegar_failures=0 circuit_cegar_rounds=0 circuit_cegar_added_clauses=0 cop_cegar_failures=49 cop_cegar_rounds=103 cop_cegar_added_clauses=9984335
c 00h13m04s | result:Sat
c 00h13m04s | objective:incumbent kind=improvement value=2977 rounds=54 improvements=53
o 2977
c 00h13m04s | stage:sat:init solver=CaDiCaL vars=63379 clauses=160726
c 00h13m04s | stage:sat:solve:start round=1 circuit_cegar_rounds=- cop_cegar_rounds=104 assumptions=0 phase_lits=1586
c 00h13m05s | stage:sat:solve:done round=1 ms=740 result=Sat assumptions=0 phase_lits=1586
c 00h13m05s | stage:decode:start round=1 requested_int_ids=589
c 00h13m05s | stage:relaxation:done round=1 clauses_added=203766 circuit_clauses_added=0 cop_clauses_added=203766 circuit_cegar_failures=0 circuit_cegar_rounds=0 circuit_cegar_added_clauses=0 cop_cegar_failures=50 cop_cegar_rounds=104 cop_cegar_added_clauses=10188101
c 00h13m05s | stage:sat:solve:start round=2 circuit_cegar_rounds=- cop_cegar_rounds=105 assumptions=0 phase_lits=1586
c 00h13m09s | stage:sat:solve:done round=2 ms=3897 result=Sat assumptions=0 phase_lits=1586
c 00h13m09s | stage:decode:start round=2 requested_int_ids=589
c 00h13m09s | stage:decode:final:start round=2 requested_int_ids=589
c 00h13m09s | stage:decode:done round=2 int_assignments=589
c 00h13m09s | stage:relaxation:done clauses_added=0 circuit_cegar_failures=0 circuit_cegar_rounds=0 circuit_cegar_added_clauses=0 cop_cegar_failures=50 cop_cegar_rounds=105 cop_cegar_added_clauses=10188101
c 00h13m09s | result:Sat
c 00h13m09s | objective:incumbent kind=improvement value=2973 rounds=55 improvements=54
o 2973
c 00h13m09s | stage:sat:init solver=CaDiCaL vars=63379 clauses=160726
c 00h13m09s | stage:sat:solve:start round=1 circuit_cegar_rounds=- cop_cegar_rounds=106 assumptions=0 phase_lits=1586
c 00h13m10s | stage:sat:solve:done round=1 ms=767 result=Sat assumptions=0 phase_lits=1586
c 00h13m10s | stage:decode:start round=1 requested_int_ids=589
c 00h13m10s | stage:relaxation:done round=1 clauses_added=203762 circuit_clauses_added=0 cop_clauses_added=203762 circuit_cegar_failures=0 circuit_cegar_rounds=0 circuit_cegar_added_clauses=0 cop_cegar_failures=51 cop_cegar_rounds=106 cop_cegar_added_clauses=10391863
c 00h13m10s | stage:sat:solve:start round=2 circuit_cegar_rounds=- cop_cegar_rounds=107 assumptions=0 phase_lits=1586
c 00h14m07s | stage:sat:solve:done round=2 ms=56863 result=Sat assumptions=0 phase_lits=1586
c 00h14m07s | stage:decode:start round=2 requested_int_ids=589
c 00h14m07s | stage:decode:final:start round=2 requested_int_ids=589
c 00h14m07s | stage:decode:done round=2 int_assignments=589
c 00h14m07s | stage:relaxation:done clauses_added=0 circuit_cegar_failures=0 circuit_cegar_rounds=0 circuit_cegar_added_clauses=0 cop_cegar_failures=51 cop_cegar_rounds=107 cop_cegar_added_clauses=10391863
c 00h14m07s | result:Sat
c 00h14m07s | objective:incumbent kind=improvement value=2891 rounds=56 improvements=55
o 2891
c 00h14m07s | stage:sat:init solver=CaDiCaL vars=63379 clauses=160726
c 00h14m07s | stage:sat:solve:start round=1 circuit_cegar_rounds=- cop_cegar_rounds=108 assumptions=0 phase_lits=1586
c 00h15m07s | stage:sat:solve:done round=1 ms=60159 result=Sat assumptions=0 phase_lits=1586
c 00h15m07s | stage:decode:start round=1 requested_int_ids=589
c 00h15m08s | stage:relaxation:done round=1 clauses_added=203764 circuit_clauses_added=0 cop_clauses_added=203764 circuit_cegar_failures=0 circuit_cegar_rounds=0 circuit_cegar_added_clauses=0 cop_cegar_failures=52 cop_cegar_rounds=108 cop_cegar_added_clauses=10595627
c 00h15m08s | stage:sat:solve:start round=2 circuit_cegar_rounds=- cop_cegar_rounds=109 assumptions=0 phase_lits=1586
c 00h15m26s | stage:sat:solve:done round=2 ms=18562 result=Sat assumptions=0 phase_lits=1586
c 00h15m26s | stage:decode:start round=2 requested_int_ids=589
c 00h15m26s | stage:decode:final:start round=2 requested_int_ids=589
c 00h15m26s | stage:decode:done round=2 int_assignments=589
c 00h15m26s | stage:relaxation:done clauses_added=0 circuit_cegar_failures=0 circuit_cegar_rounds=0 circuit_cegar_added_clauses=0 cop_cegar_failures=52 cop_cegar_rounds=109 cop_cegar_added_clauses=10595627
c 00h15m26s | result:Sat
c 00h15m26s | objective:incumbent kind=improvement value=2782 rounds=57 improvements=56
o 2782
c 00h15m26s | stage:sat:init solver=CaDiCaL vars=63379 clauses=160726
c 00h15m26s | stage:sat:solve:start round=1 circuit_cegar_rounds=- cop_cegar_rounds=110 assumptions=0 phase_lits=1586
c 00h15m27s | stage:sat:solve:done round=1 ms=720 result=Sat assumptions=0 phase_lits=1586
c 00h15m27s | stage:decode:start round=1 requested_int_ids=589
c 00h15m27s | stage:relaxation:done round=1 clauses_added=203759 circuit_clauses_added=0 cop_clauses_added=203759 circuit_cegar_failures=0 circuit_cegar_rounds=0 circuit_cegar_added_clauses=0 cop_cegar_failures=53 cop_cegar_rounds=110 cop_cegar_added_clauses=10799386
c 00h15m27s | stage:sat:solve:start round=2 circuit_cegar_rounds=- cop_cegar_rounds=111 assumptions=0 phase_lits=1586
c 00h17m19s | stage:sat:solve:done round=2 ms=111950 result=Sat assumptions=0 phase_lits=1586
c 00h17m19s | stage:decode:start round=2 requested_int_ids=589
c 00h17m19s | stage:decode:final:start round=2 requested_int_ids=589
c 00h17m19s | stage:decode:done round=2 int_assignments=589
c 00h17m19s | stage:relaxation:done clauses_added=0 circuit_cegar_failures=0 circuit_cegar_rounds=0 circuit_cegar_added_clauses=0 cop_cegar_failures=53 cop_cegar_rounds=111 cop_cegar_added_clauses=10799386
c 00h17m19s | result:Sat
c 00h17m19s | objective:incumbent kind=improvement value=2781 rounds=58 improvements=57
o 2781
c 00h17m19s | stage:sat:init solver=CaDiCaL vars=63379 clauses=160726
c 00h17m19s | stage:sat:solve:start round=1 circuit_cegar_rounds=- cop_cegar_rounds=112 assumptions=0 phase_lits=1586
c 00h17m20s | stage:sat:solve:done round=1 ms=739 result=Sat assumptions=0 phase_lits=1586
c 00h17m20s | stage:decode:start round=1 requested_int_ids=589
c 00h17m20s | stage:relaxation:done round=1 clauses_added=203762 circuit_clauses_added=0 cop_clauses_added=203762 circuit_cegar_failures=0 circuit_cegar_rounds=0 circuit_cegar_added_clauses=0 cop_cegar_failures=54 cop_cegar_rounds=112 cop_cegar_added_clauses=11003148
c 00h17m20s | stage:sat:solve:start round=2 circuit_cegar_rounds=- cop_cegar_rounds=113 assumptions=0 phase_lits=1586
c 00h17m34s | stage:sat:solve:done round=2 ms=13473 result=Sat assumptions=0 phase_lits=1586
c 00h17m34s | stage:decode:start round=2 requested_int_ids=589
c 00h17m34s | stage:decode:final:start round=2 requested_int_ids=589
c 00h17m34s | stage:decode:done round=2 int_assignments=589
c 00h17m34s | stage:relaxation:done clauses_added=0 circuit_cegar_failures=0 circuit_cegar_rounds=0 circuit_cegar_added_clauses=0 cop_cegar_failures=54 cop_cegar_rounds=113 cop_cegar_added_clauses=11003148
c 00h17m34s | result:Sat
c 00h17m34s | objective:incumbent kind=improvement value=2778 rounds=59 improvements=58
o 2778
c 00h17m34s | stage:sat:init solver=CaDiCaL vars=63379 clauses=160726
c 00h17m34s | stage:sat:solve:start round=1 circuit_cegar_rounds=- cop_cegar_rounds=114 assumptions=0 phase_lits=1586
c 00h17m35s | stage:sat:solve:done round=1 ms=751 result=Sat assumptions=0 phase_lits=1586
c 00h17m35s | stage:decode:start round=1 requested_int_ids=589
c 00h17m35s | stage:relaxation:done round=1 clauses_added=203761 circuit_clauses_added=0 cop_clauses_added=203761 circuit_cegar_failures=0 circuit_cegar_rounds=0 circuit_cegar_added_clauses=0 cop_cegar_failures=55 cop_cegar_rounds=114 cop_cegar_added_clauses=11206909
c 00h17m35s | stage:sat:solve:start round=2 circuit_cegar_rounds=- cop_cegar_rounds=115 assumptions=0 phase_lits=1586
c 00h18m02s | stage:sat:solve:done round=2 ms=26580 result=Sat assumptions=0 phase_lits=1586
c 00h18m02s | stage:decode:start round=2 requested_int_ids=589
c 00h18m02s | stage:decode:final:start round=2 requested_int_ids=589
c 00h18m02s | stage:decode:done round=2 int_assignments=589
c 00h18m02s | stage:relaxation:done clauses_added=0 circuit_cegar_failures=0 circuit_cegar_rounds=0 circuit_cegar_added_clauses=0 cop_cegar_failures=55 cop_cegar_rounds=115 cop_cegar_added_clauses=11206909
c 00h18m02s | result:Sat
c 00h18m02s | objective:incumbent kind=improvement value=2685 rounds=60 improvements=59
o 2685
c 00h18m02s | stage:sat:init solver=CaDiCaL vars=63379 clauses=160726
c 00h18m02s | stage:sat:solve:start round=1 circuit_cegar_rounds=- cop_cegar_rounds=116 assumptions=0 phase_lits=1586
c 00h18m03s | stage:sat:solve:done round=1 ms=769 result=Sat assumptions=0 phase_lits=1586
c 00h18m03s | stage:decode:start round=1 requested_int_ids=589
c 00h18m03s | stage:relaxation:done round=1 clauses_added=203762 circuit_clauses_added=0 cop_clauses_added=203762 circuit_cegar_failures=0 circuit_cegar_rounds=0 circuit_cegar_added_clauses=0 cop_cegar_failures=56 cop_cegar_rounds=116 cop_cegar_added_clauses=11410671
c 00h18m03s | stage:sat:solve:start round=2 circuit_cegar_rounds=- cop_cegar_rounds=117 assumptions=0 phase_lits=1586
c 00h18m11s | stage:sat:solve:done round=2 ms=8326 result=Sat assumptions=0 phase_lits=1586
c 00h18m11s | stage:decode:start round=2 requested_int_ids=589
c 00h18m11s | stage:decode:final:start round=2 requested_int_ids=589
c 00h18m11s | stage:decode:done round=2 int_assignments=589
c 00h18m11s | stage:relaxation:done clauses_added=0 circuit_cegar_failures=0 circuit_cegar_rounds=0 circuit_cegar_added_clauses=0 cop_cegar_failures=56 cop_cegar_rounds=117 cop_cegar_added_clauses=11410671
c 00h18m11s | result:Sat
c 00h18m11s | objective:incumbent kind=improvement value=2683 rounds=61 improvements=60
o 2683
c 00h18m11s | stage:sat:init solver=CaDiCaL vars=63379 clauses=160726
c 00h18m11s | stage:sat:solve:start round=1 circuit_cegar_rounds=- cop_cegar_rounds=118 assumptions=0 phase_lits=1586
c 00h18m12s | stage:sat:solve:done round=1 ms=792 result=Sat assumptions=0 phase_lits=1586
c 00h18m12s | stage:decode:start round=1 requested_int_ids=589
c 00h18m12s | stage:relaxation:done round=1 clauses_added=203762 circuit_clauses_added=0 cop_clauses_added=203762 circuit_cegar_failures=0 circuit_cegar_rounds=0 circuit_cegar_added_clauses=0 cop_cegar_failures=57 cop_cegar_rounds=118 cop_cegar_added_clauses=11614433
c 00h18m12s | stage:sat:solve:start round=2 circuit_cegar_rounds=- cop_cegar_rounds=119 assumptions=0 phase_lits=1586
c 00h18m54s | stage:sat:solve:done round=2 ms=41673 result=Sat assumptions=0 phase_lits=1586
c 00h18m54s | stage:decode:start round=2 requested_int_ids=589
c 00h18m54s | stage:decode:final:start round=2 requested_int_ids=589
c 00h18m54s | stage:decode:done round=2 int_assignments=589
c 00h18m54s | stage:relaxation:done clauses_added=0 circuit_cegar_failures=0 circuit_cegar_rounds=0 circuit_cegar_added_clauses=0 cop_cegar_failures=57 cop_cegar_rounds=119 cop_cegar_added_clauses=11614433
c 00h18m54s | result:Sat
c 00h18m54s | objective:incumbent kind=improvement value=2681 rounds=62 improvements=61
o 2681
c 00h18m54s | stage:sat:init solver=CaDiCaL vars=63379 clauses=160726
c 00h18m54s | stage:sat:solve:start round=1 circuit_cegar_rounds=- cop_cegar_rounds=120 assumptions=0 phase_lits=1586
c 00h18m55s | stage:sat:solve:done round=1 ms=812 result=Sat assumptions=0 phase_lits=1586
c 00h18m55s | stage:decode:start round=1 requested_int_ids=589
c 00h18m55s | stage:relaxation:done round=1 clauses_added=203764 circuit_clauses_added=0 cop_clauses_added=203764 circuit_cegar_failures=0 circuit_cegar_rounds=0 circuit_cegar_added_clauses=0 cop_cegar_failures=58 cop_cegar_rounds=120 cop_cegar_added_clauses=11818197
c 00h18m55s | stage:sat:solve:start round=2 circuit_cegar_rounds=- cop_cegar_rounds=121 assumptions=0 phase_lits=1586
c 00h20m17s | stage:sat:solve:done round=2 ms=81357 result=Sat assumptions=0 phase_lits=1586
c 00h20m17s | stage:decode:start round=2 requested_int_ids=589
c 00h20m17s | stage:decode:final:start round=2 requested_int_ids=589
c 00h20m17s | stage:decode:done round=2 int_assignments=589
c 00h20m17s | stage:relaxation:done clauses_added=0 circuit_cegar_failures=0 circuit_cegar_rounds=0 circuit_cegar_added_clauses=0 cop_cegar_failures=58 cop_cegar_rounds=121 cop_cegar_added_clauses=11818197
c 00h20m17s | result:Sat
c 00h20m17s | objective:incumbent kind=improvement value=2680 rounds=63 improvements=62
o 2680
c 00h20m17s | stage:sat:init solver=CaDiCaL vars=63379 clauses=160726
c 00h20m17s | stage:sat:solve:start round=1 circuit_cegar_rounds=- cop_cegar_rounds=122 assumptions=0 phase_lits=1586
c 00h20m17s | stage:sat:solve:done round=1 ms=814 result=Sat assumptions=0 phase_lits=1586
c 00h20m17s | stage:decode:start round=1 requested_int_ids=589
c 00h20m18s | stage:relaxation:done round=1 clauses_added=203757 circuit_clauses_added=0 cop_clauses_added=203757 circuit_cegar_failures=0 circuit_cegar_rounds=0 circuit_cegar_added_clauses=0 cop_cegar_failures=59 cop_cegar_rounds=122 cop_cegar_added_clauses=12021954
c 00h20m18s | stage:sat:solve:start round=2 circuit_cegar_rounds=- cop_cegar_rounds=123 assumptions=0 phase_lits=1586
c 00h20m38s | stage:sat:solve:done round=2 ms=19787 result=Sat assumptions=0 phase_lits=1586
c 00h20m38s | stage:decode:start round=2 requested_int_ids=589
c 00h20m38s | stage:decode:final:start round=2 requested_int_ids=589
c 00h20m38s | stage:decode:done round=2 int_assignments=589
c 00h20m38s | stage:relaxation:done clauses_added=0 circuit_cegar_failures=0 circuit_cegar_rounds=0 circuit_cegar_added_clauses=0 cop_cegar_failures=59 cop_cegar_rounds=123 cop_cegar_added_clauses=12021954
c 00h20m38s | result:Sat
c 00h20m38s | objective:incumbent kind=improvement value=2679 rounds=64 improvements=63
o 2679
c 00h20m38s | stage:sat:init solver=CaDiCaL vars=63379 clauses=160726
c 00h20m38s | stage:sat:solve:start round=1 circuit_cegar_rounds=- cop_cegar_rounds=124 assumptions=0 phase_lits=1586
c 00h20m38s | stage:sat:solve:done round=1 ms=826 result=Sat assumptions=0 phase_lits=1586
c 00h20m38s | stage:decode:start round=1 requested_int_ids=589
c 00h20m39s | stage:relaxation:done round=1 clauses_added=203762 circuit_clauses_added=0 cop_clauses_added=203762 circuit_cegar_failures=0 circuit_cegar_rounds=0 circuit_cegar_added_clauses=0 cop_cegar_failures=60 cop_cegar_rounds=124 cop_cegar_added_clauses=12225716
c 00h20m39s | stage:sat:solve:start round=2 circuit_cegar_rounds=- cop_cegar_rounds=125 assumptions=0 phase_lits=1586
c 00h22m12s | stage:sat:solve:done round=2 ms=93786 result=Sat assumptions=0 phase_lits=1586
c 00h22m12s | stage:decode:start round=2 requested_int_ids=589
c 00h22m13s | stage:decode:final:start round=2 requested_int_ids=589
c 00h22m13s | stage:decode:done round=2 int_assignments=589
c 00h22m13s | stage:relaxation:done clauses_added=0 circuit_cegar_failures=0 circuit_cegar_rounds=0 circuit_cegar_added_clauses=0 cop_cegar_failures=60 cop_cegar_rounds=125 cop_cegar_added_clauses=12225716
c 00h22m13s | result:Sat
c 00h22m13s | objective:incumbent kind=improvement value=2678 rounds=65 improvements=64
o 2678
c 00h22m13s | stage:sat:init solver=CaDiCaL vars=63379 clauses=160726
c 00h22m13s | stage:sat:solve:start round=1 circuit_cegar_rounds=- cop_cegar_rounds=126 assumptions=0 phase_lits=1586
c 00h22m13s | stage:sat:solve:done round=1 ms=861 result=Sat assumptions=0 phase_lits=1586
c 00h22m13s | stage:decode:start round=1 requested_int_ids=589
c 00h22m13s | stage:relaxation:done round=1 clauses_added=203761 circuit_clauses_added=0 cop_clauses_added=203761 circuit_cegar_failures=0 circuit_cegar_rounds=0 circuit_cegar_added_clauses=0 cop_cegar_failures=61 cop_cegar_rounds=126 cop_cegar_added_clauses=12429477
c 00h22m14s | stage:sat:solve:start round=2 circuit_cegar_rounds=- cop_cegar_rounds=127 assumptions=0 phase_lits=1586
c 00h24m02s | stage:sat:solve:done round=2 ms=108001 result=Sat assumptions=0 phase_lits=1586
c 00h24m02s | stage:decode:start round=2 requested_int_ids=589
c 00h24m02s | stage:decode:final:start round=2 requested_int_ids=589
c 00h24m02s | stage:decode:done round=2 int_assignments=589
c 00h24m02s | stage:relaxation:done clauses_added=0 circuit_cegar_failures=0 circuit_cegar_rounds=0 circuit_cegar_added_clauses=0 cop_cegar_failures=61 cop_cegar_rounds=127 cop_cegar_added_clauses=12429477
c 00h24m02s | result:Sat
c 00h24m02s | objective:incumbent kind=improvement value=2556 rounds=66 improvements=65
o 2556
c 00h24m02s | stage:sat:init solver=CaDiCaL vars=63379 clauses=160726
c 00h24m02s | stage:sat:solve:start round=1 circuit_cegar_rounds=- cop_cegar_rounds=128 assumptions=0 phase_lits=1586
c 00h24m03s | stage:sat:solve:done round=1 ms=898 result=Sat assumptions=0 phase_lits=1586
c 00h24m03s | stage:decode:start round=1 requested_int_ids=589
c 00h24m03s | stage:relaxation:done round=1 clauses_added=203756 circuit_clauses_added=0 cop_clauses_added=203756 circuit_cegar_failures=0 circuit_cegar_rounds=0 circuit_cegar_added_clauses=0 cop_cegar_failures=62 cop_cegar_rounds=128 cop_cegar_added_clauses=12633233
c 00h24m03s | stage:sat:solve:start round=2 circuit_cegar_rounds=- cop_cegar_rounds=129 assumptions=0 phase_lits=1586
c 00h24m25s | stage:sat:solve:done round=2 ms=21912 result=Sat assumptions=0 phase_lits=1586
c 00h24m25s | stage:decode:start round=2 requested_int_ids=589
c 00h24m25s | stage:decode:final:start round=2 requested_int_ids=589
c 00h24m25s | stage:decode:done round=2 int_assignments=589
c 00h24m25s | stage:relaxation:done clauses_added=0 circuit_cegar_failures=0 circuit_cegar_rounds=0 circuit_cegar_added_clauses=0 cop_cegar_failures=62 cop_cegar_rounds=129 cop_cegar_added_clauses=12633233
c 00h24m25s | result:Sat
c 00h24m25s | objective:incumbent kind=improvement value=2555 rounds=67 improvements=66
o 2555
c 00h24m25s | stage:sat:init solver=CaDiCaL vars=63379 clauses=160726
c 00h24m25s | stage:sat:solve:start round=1 circuit_cegar_rounds=- cop_cegar_rounds=130 assumptions=0 phase_lits=1586
c 00h24m26s | stage:sat:solve:done round=1 ms=905 result=Sat assumptions=0 phase_lits=1586
c 00h24m26s | stage:decode:start round=1 requested_int_ids=589
c 00h24m26s | stage:relaxation:done round=1 clauses_added=203760 circuit_clauses_added=0 cop_clauses_added=203760 circuit_cegar_failures=0 circuit_cegar_rounds=0 circuit_cegar_added_clauses=0 cop_cegar_failures=63 cop_cegar_rounds=130 cop_cegar_added_clauses=12836993
c 00h24m26s | stage:sat:solve:start round=2 circuit_cegar_rounds=- cop_cegar_rounds=131 assumptions=0 phase_lits=1586
c 00h24m45s | stage:sat:solve:done round=2 ms=18826 result=Sat assumptions=0 phase_lits=1586
c 00h24m45s | stage:decode:start round=2 requested_int_ids=589
c 00h24m45s | stage:decode:final:start round=2 requested_int_ids=589
c 00h24m45s | stage:decode:done round=2 int_assignments=589
c 00h24m45s | stage:relaxation:done clauses_added=0 circuit_cegar_failures=0 circuit_cegar_rounds=0 circuit_cegar_added_clauses=0 cop_cegar_failures=63 cop_cegar_rounds=131 cop_cegar_added_clauses=12836993
c 00h24m45s | result:Sat
c 00h24m45s | objective:incumbent kind=improvement value=2553 rounds=68 improvements=67
o 2553
c 00h24m45s | stage:sat:init solver=CaDiCaL vars=63379 clauses=160726
c 00h24m45s | stage:sat:solve:start round=1 circuit_cegar_rounds=- cop_cegar_rounds=132 assumptions=0 phase_lits=1586
c 00h24m46s | stage:sat:solve:done round=1 ms=931 result=Sat assumptions=0 phase_lits=1586
c 00h24m46s | stage:decode:start round=1 requested_int_ids=589
c 00h24m46s | stage:relaxation:done round=1 clauses_added=203762 circuit_clauses_added=0 cop_clauses_added=203762 circuit_cegar_failures=0 circuit_cegar_rounds=0 circuit_cegar_added_clauses=0 cop_cegar_failures=64 cop_cegar_rounds=132 cop_cegar_added_clauses=13040755
c 00h24m46s | stage:sat:solve:start round=2 circuit_cegar_rounds=- cop_cegar_rounds=133 assumptions=0 phase_lits=1586
c 00h25m09s | stage:sat:solve:done round=2 ms=22683 result=Sat assumptions=0 phase_lits=1586
c 00h25m09s | stage:decode:start round=2 requested_int_ids=589
c 00h25m09s | stage:decode:final:start round=2 requested_int_ids=589
c 00h25m09s | stage:decode:done round=2 int_assignments=589
c 00h25m09s | stage:relaxation:done clauses_added=0 circuit_cegar_failures=0 circuit_cegar_rounds=0 circuit_cegar_added_clauses=0 cop_cegar_failures=64 cop_cegar_rounds=133 cop_cegar_added_clauses=13040755
c 00h25m09s | result:Sat
c 00h25m09s | objective:incumbent kind=improvement value=2485 rounds=69 improvements=68
o 2485
c 00h25m09s | stage:sat:init solver=CaDiCaL vars=63379 clauses=160726
c 00h25m09s | stage:sat:solve:start round=1 circuit_cegar_rounds=- cop_cegar_rounds=134 assumptions=0 phase_lits=1586
c 00h25m10s | stage:sat:solve:done round=1 ms=919 result=Sat assumptions=0 phase_lits=1586
c 00h25m10s | stage:decode:start round=1 requested_int_ids=589
c 00h25m10s | stage:relaxation:done round=1 clauses_added=203764 circuit_clauses_added=0 cop_clauses_added=203764 circuit_cegar_failures=0 circuit_cegar_rounds=0 circuit_cegar_added_clauses=0 cop_cegar_failures=65 cop_cegar_rounds=134 cop_cegar_added_clauses=13244519
c 00h25m10s | stage:sat:solve:start round=2 circuit_cegar_rounds=- cop_cegar_rounds=135 assumptions=0 phase_lits=1586
c 00h25m30s | stage:sat:solve:done round=2 ms=20343 result=Sat assumptions=0 phase_lits=1586
c 00h25m30s | stage:decode:start round=2 requested_int_ids=589
c 00h25m30s | stage:decode:final:start round=2 requested_int_ids=589
c 00h25m30s | stage:decode:done round=2 int_assignments=589
c 00h25m30s | stage:relaxation:done clauses_added=0 circuit_cegar_failures=0 circuit_cegar_rounds=0 circuit_cegar_added_clauses=0 cop_cegar_failures=65 cop_cegar_rounds=135 cop_cegar_added_clauses=13244519
c 00h25m30s | result:Sat
c 00h25m30s | objective:incumbent kind=improvement value=2484 rounds=70 improvements=69
o 2484
c 00h25m30s | stage:sat:init solver=CaDiCaL vars=63379 clauses=160726
c 00h25m30s | stage:sat:solve:start round=1 circuit_cegar_rounds=- cop_cegar_rounds=136 assumptions=0 phase_lits=1586
c 00h25m31s | stage:sat:solve:done round=1 ms=939 result=Sat assumptions=0 phase_lits=1586
c 00h25m31s | stage:decode:start round=1 requested_int_ids=589
c 00h25m31s | stage:relaxation:done round=1 clauses_added=203760 circuit_clauses_added=0 cop_clauses_added=203760 circuit_cegar_failures=0 circuit_cegar_rounds=0 circuit_cegar_added_clauses=0 cop_cegar_failures=66 cop_cegar_rounds=136 cop_cegar_added_clauses=13448279
c 00h25m32s | stage:sat:solve:start round=2 circuit_cegar_rounds=- cop_cegar_rounds=137 assumptions=0 phase_lits=1586
c 00h25m58s | stage:sat:solve:done round=2 ms=26010 result=Sat assumptions=0 phase_lits=1586
c 00h25m58s | stage:decode:start round=2 requested_int_ids=589
c 00h25m58s | stage:decode:final:start round=2 requested_int_ids=589
c 00h25m58s | stage:decode:done round=2 int_assignments=589
c 00h25m58s | stage:relaxation:done clauses_added=0 circuit_cegar_failures=0 circuit_cegar_rounds=0 circuit_cegar_added_clauses=0 cop_cegar_failures=66 cop_cegar_rounds=137 cop_cegar_added_clauses=13448279
c 00h25m58s | result:Sat
c 00h25m58s | objective:incumbent kind=improvement value=2481 rounds=71 improvements=70
o 2481
c 00h25m58s | stage:sat:init solver=CaDiCaL vars=63379 clauses=160726
c 00h25m58s | stage:sat:solve:start round=1 circuit_cegar_rounds=- cop_cegar_rounds=138 assumptions=0 phase_lits=1586
c 00h25m59s | stage:sat:solve:done round=1 ms=973 result=Sat assumptions=0 phase_lits=1586
c 00h25m59s | stage:decode:start round=1 requested_int_ids=589
c 00h25m59s | stage:relaxation:done round=1 clauses_added=203766 circuit_clauses_added=0 cop_clauses_added=203766 circuit_cegar_failures=0 circuit_cegar_rounds=0 circuit_cegar_added_clauses=0 cop_cegar_failures=67 cop_cegar_rounds=138 cop_cegar_added_clauses=13652045
c 00h25m59s | stage:sat:solve:start round=2 circuit_cegar_rounds=- cop_cegar_rounds=139 assumptions=0 phase_lits=1586
c 00h26m26s | stage:sat:solve:done round=2 ms=27011 result=Sat assumptions=0 phase_lits=1586
c 00h26m26s | stage:decode:start round=2 requested_int_ids=589
c 00h26m26s | stage:decode:final:start round=2 requested_int_ids=589
c 00h26m26s | stage:decode:done round=2 int_assignments=589
c 00h26m26s | stage:relaxation:done clauses_added=0 circuit_cegar_failures=0 circuit_cegar_rounds=0 circuit_cegar_added_clauses=0 cop_cegar_failures=67 cop_cegar_rounds=139 cop_cegar_added_clauses=13652045
c 00h26m26s | result:Sat
c 00h26m26s | objective:incumbent kind=improvement value=2479 rounds=72 improvements=71
o 2479
c 00h26m26s | stage:sat:init solver=CaDiCaL vars=63379 clauses=160726
c 00h26m26s | stage:sat:solve:start round=1 circuit_cegar_rounds=- cop_cegar_rounds=140 assumptions=0 phase_lits=1586
c 00h26m27s | stage:sat:solve:done round=1 ms=986 result=Sat assumptions=0 phase_lits=1586
c 00h26m27s | stage:decode:start round=1 requested_int_ids=589
c 00h26m27s | stage:relaxation:done round=1 clauses_added=203762 circuit_clauses_added=0 cop_clauses_added=203762 circuit_cegar_failures=0 circuit_cegar_rounds=0 circuit_cegar_added_clauses=0 cop_cegar_failures=68 cop_cegar_rounds=140 cop_cegar_added_clauses=13855807
c 00h26m27s | stage:sat:solve:start round=2 circuit_cegar_rounds=- cop_cegar_rounds=141 assumptions=0 phase_lits=1586
c 00h26m58s | stage:sat:solve:done round=2 ms=30939 result=Sat assumptions=0 phase_lits=1586
c 00h26m58s | stage:decode:start round=2 requested_int_ids=589
c 00h26m58s | stage:decode:final:start round=2 requested_int_ids=589
c 00h26m58s | stage:decode:done round=2 int_assignments=589
c 00h26m58s | stage:relaxation:done clauses_added=0 circuit_cegar_failures=0 circuit_cegar_rounds=0 circuit_cegar_added_clauses=0 cop_cegar_failures=68 cop_cegar_rounds=141 cop_cegar_added_clauses=13855807
c 00h26m58s | result:Sat
c 00h26m58s | objective:incumbent kind=improvement value=2472 rounds=73 improvements=72
o 2472
c 00h26m58s | stage:sat:init solver=CaDiCaL vars=63379 clauses=160726
c 00h26m58s | stage:sat:solve:start round=1 circuit_cegar_rounds=- cop_cegar_rounds=142 assumptions=0 phase_lits=1586
c 00h26m59s | stage:sat:solve:done round=1 ms=1004 result=Sat assumptions=0 phase_lits=1586
c 00h26m59s | stage:decode:start round=1 requested_int_ids=589
c 00h26m59s | stage:relaxation:done round=1 clauses_added=203759 circuit_clauses_added=0 cop_clauses_added=203759 circuit_cegar_failures=0 circuit_cegar_rounds=0 circuit_cegar_added_clauses=0 cop_cegar_failures=69 cop_cegar_rounds=142 cop_cegar_added_clauses=14059566
c 00h27m00s | stage:sat:solve:start round=2 circuit_cegar_rounds=- cop_cegar_rounds=143 assumptions=0 phase_lits=1586
s SATISFIABLE
o 2472
v <instantiation>
v   <list> x[0][0] x[0][1] x[0][2] x[0][3] x[0][4] x[0][5] x[0][6] x[0][7] x[0][8] x[0][9] x[1][0] x[1][1] x[1][2] x[1][3] x[1][4] x[1][5] x[1][6] x[1][7] x[1][8] x[1][9] x[2][0] x[2][1] x[2][2] x[2][3] x[2][4] x[2][5] x[2][6] x[2][7] x[2][8] x[2][9] x[3][0] x[3][1] x[3][2] x[3][3] x[3][4] x[3][5] x[3][6] x[3][7] x[3][8] x[3][9] x[4][0] x[4][1] x[4][2] x[4][3] x[4][4] x[4][5] x[4][6] x[4][7] x[4][8] x[4][9] x[5][0] x[5][1] x[5][2] x[5][3] x[5][4] x[5][5] x[5][6] x[5][7] x[5][8] x[5][9] x[6][0] x[6][1] x[6][2] x[6][3] x[6][4] x[6][5] x[6][6] x[6][7] x[6][8] x[6][9] x[7][0] x[7][1] x[7][2] x[7][3] x[7][4] x[7][5] x[7][6] x[7][7] x[7][8] x[7][9] x[8][0] x[8][1] x[8][2] x[8][3] x[8][4] x[8][5] x[8][6] x[8][7] x[8][8] x[8][9] x[9][0] x[9][1] x[9][2] x[9][3] x[9][4] x[9][5] x[9][6] x[9][7] x[9][8] x[9][9] x[10][0] x[10][1] x[10][2] x[10][3] x[10][4] x[10][5] x[10][6] x[10][7] x[10][8] x[10][9] x[11][0] x[11][1] x[11][2] x[11][3] x[11][4] x[11][5] x[11][6] x[11][7] x[11][8] x[11][9] x[12][0] x[12][1] x[12][2] x[12][3] x[12][4] x[12][5] x[12][6] x[12][7] x[12][8] x[12][9] x[13][0] x[13][1] x[13][2] x[13][3] x[13][4] x[13][5] x[13][6] x[13][7] x[13][8] x[13][9] x[14][0] x[14][1] x[14][2] x[14][3] x[14][4] x[14][5] x[14][6] x[14][7] x[14][8] x[14][9] x[15][0] x[15][1] x[15][2] x[15][3] x[15][4] x[15][5] x[15][6] x[15][7] x[15][8] x[15][9] x[16][0] x[16][1] x[16][2] x[16][3] x[16][4] x[16][5] x[16][6] x[16][7] x[16][8] x[16][9] x[17][0] x[17][1] x[17][2] x[17][3] x[17][4] x[17][5] x[17][6] x[17][7] x[17][8] x[17][9] x[18][0] x[18][1] x[18][2] x[18][3] x[18][4] x[18][5] x[18][6] x[18][7] x[18][8] x[18][9] x[19][0] x[19][1] x[19][2] x[19][3] x[19][4] x[19][5] x[19][6] x[19][7] x[19][8] x[19][9] x[20][0] x[20][1] x[20][2] x[20][3] x[20][4] x[20][5] x[20][6] x[20][7] x[20][8] x[20][9] x[21][0] x[21][1] x[21][2] x[21][3] x[21][4] x[21][5] x[21][6] x[21][7] x[21][8] x[21][9] x[22][0] x[22][1] x[22][2] x[22][3] x[22][4] x[22][5] x[22][6] x[22][7] x[22][8] x[22][9] x[23][0] x[23][1] x[23][2] x[23][3] x[23][4] x[23][5] x[23][6] x[23][7] x[23][8] x[23][9] x[24][0] x[24][1] x[24][2] x[24][3] x[24][4] x[24][5] x[24][6] x[24][7] x[24][8] x[24][9] x[25][0] x[25][1] x[25][2] x[25][3] x[25][4] x[25][5] x[25][6] x[25][7] x[25][8] x[25][9] x[26][0] x[26][1] x[26][2] x[26][3] x[26][4] x[26][5] x[26][6] x[26][7] x[26][8] x[26][9] x[27][0] x[27][1] x[27][2] x[27][3] x[27][4] x[27][5] x[27][6] x[27][7] x[27][8] x[27][9] ps[0][0] ps[0][1] ps[0][2] ps[1][0] ps[1][1] ps[1][2] ps[2][0] ps[2][1] ps[2][2] ps[3][0] ps[3][1] ps[3][2] ps[4][0] ps[4][1] ps[4][2] ps[5][0] ps[5][1] ps[5][2] ps[6][0] ps[6][1] ps[6][2] ps[7][0] ps[7][1] ps[7][2] ps[8][0] ps[8][1] ps[8][2] ps[9][0] ps[9][1] ps[9][2] ds[0][0] ds[0][1] ds[0][2] ds[1][0] ds[1][1] ds[1][2] ds[2][0] ds[2][1] ds[2][2] ds[3][0] ds[3][1] ds[3][2] ds[4][0] ds[4][1] ds[4][2] ds[5][0] ds[5][1] ds[5][2] ds[6][0] ds[6][1] ds[6][2] ds[7][0] ds[7][1] ds[7][2] ds[8][0] ds[8][1] ds[8][2] ds[9][0] ds[9][1] ds[9][2] ds[10][0] ds[10][1] ds[10][2] ds[11][0] ds[11][1] ds[11][2] ds[12][0] ds[12][1] ds[12][2] ds[13][0] ds[13][1] ds[13][2] ds[14][0] ds[14][1] ds[14][2] ds[15][0] ds[15][1] ds[15][2] ds[16][0] ds[16][1] ds[16][2] ds[17][0] ds[17][1] ds[17][2] ds[18][0] ds[18][1] ds[18][2] ds[19][0] ds[19][1] ds[19][2] ds[20][0] ds[20][1] ds[20][2] ds[21][0] ds[21][1] ds[21][2] ds[22][0] ds[22][1] ds[22][2] ds[23][0] ds[23][1] ds[23][2] ds[24][0] ds[24][1] ds[24][2] ds[25][0] ds[25][1] ds[25][2] ds[26][0] ds[26][1] ds[26][2] ds[27][0] ds[27][1] ds[27][2] wk[0][0] wk[0][1] wk[0][2] wk[0][3] wk[1][0] wk[1][1] wk[1][2] wk[1][3] wk[2][0] wk[2][1] wk[2][2] wk[2][3] wk[3][0] wk[3][1] wk[3][2] wk[3][3] wk[4][0] wk[4][1] wk[4][2] wk[4][3] wk[5][0] wk[5][1] wk[5][2] wk[5][3] wk[6][0] wk[6][1] wk[6][2] wk[6][3] wk[7][0] wk[7][1] wk[7][2] wk[7][3] wk[8][0] wk[8][1] wk[8][2] wk[8][3] wk[9][0] wk[9][1] wk[9][2] wk[9][3] cn[0] cn[1] cn[2] cn[3] cn[4] cn[5] cn[6] cn[7] cn[8] cn[9] cn[10] cn[11] cn[12] cn[13] cn[14] cn[15] cn[16] cn[17] cn[18] cn[19] cn[20] cn[21] cn[22] cn[23] cn[24] cn[25] cn[26] cn[27] cn[28] cn[29] cn[30] cn[31] cn[32] cn[33] cn[34] cn[35] cn[36] cn[37] cn[38] cn[39] cn[40] cn[41] cn[42] cn[43] cn[44] cn[45] cn[46] cn[47] cn[48] cn[49] cn[50] cn[51] cf[0] cf[1] cf[2] cf[3] cf[4] cf[5] cf[6] cf[7] cf[8] cf[9] cf[10] cf[11] cf[12] cf[13] cf[14] cf[15] cf[16] cf[17] cf[18] cc[0][0] cc[0][1] cc[0][2] cc[1][0] cc[1][1] cc[1][2] cc[2][0] cc[2][1] cc[2][2] cc[3][0] cc[3][1] cc[3][2] cc[4][0] cc[4][1] cc[4][2] cc[5][0] cc[5][1] cc[5][2] cc[6][0] cc[6][1] cc[6][2] cc[7][0] cc[7][1] cc[7][2] cc[8][0] cc[8][1] cc[8][2] cc[9][0] cc[9][1] cc[9][2] cc[10][0] cc[10][1] cc[10][2] cc[11][0] cc[11][1] cc[11][2] cc[12][0] cc[12][1] cc[12][2] cc[13][0] cc[13][1] cc[13][2] cc[14][0] cc[14][1] cc[14][2] cc[15][0] cc[15][1] cc[15][2] cc[16][0] cc[16][1] cc[16][2] cc[17][0] cc[17][1] cc[17][2] cc[18][0] cc[18][1] cc[18][2] cc[19][0] cc[19][1] cc[19][2] cc[20][0] cc[20][1] cc[20][2] cc[21][0] cc[21][1] cc[21][2] cc[22][0] cc[22][1] cc[22][2] cc[23][0] cc[23][1] cc[23][2] cc[24][0] cc[24][1] cc[24][2] cc[25][0] cc[25][1] cc[25][2] cc[26][0] cc[26][1] cc[26][2] cc[27][0] cc[27][1] cc[27][2] </list>
v   <values> 2 2 2 0 2 2 1 1 0 1 0 0 0 0 0 2 1 1 0 1 1 0 0 2 0 1 1 1 0 2 2 2 1 2 0 1 2 1 0 2 2 2 1 0 0 1 2 2 2 1 2 0 2 0 2 1 1 2 2 1 2 0 2 0 2 1 1 2 2 1 1 0 0 0 2 2 2 1 2 1 1 0 0 2 0 2 2 1 0 1 1 0 2 2 0 1 0 2 1 2 1 2 2 0 0 1 0 2 1 2 1 2 0 0 0 1 0 2 1 2 2 0 1 2 2 1 2 0 1 2 2 0 2 2 2 2 2 0 2 2 1 0 2 1 0 2 2 1 2 1 1 0 0 1 0 1 0 2 0 1 1 2 0 1 0 1 0 2 0 1 2 2 0 2 2 2 0 0 1 1 2 2 1 2 2 2 0 0 1 1 1 2 1 1 0 2 0 0 2 2 1 2 2 1 0 2 2 0 2 2 1 0 2 1 0 1 2 0 0 2 2 0 2 2 2 1 0 2 0 1 2 0 1 2 2 1 0 2 0 1 1 0 1 0 2 1 1 0 2 2 1 0 1 1 2 1 2 1 2 2 1 2 2 2 0 2 2 2 0 0 1 2 2 2 0 2 2 2 0 0 1 16 11 16 0 12 8 8 12 9 7 12 16 0 12 0 16 12 10 6 12 8 8 12 12 6 10 2 14 12 2 3 5 6 3 1 4 4 2 2 3 5 2 3 5 2 3 5 2 3 5 3 3 4 4 3 3 3 3 4 3 3 4 4 3 3 2 3 5 2 0 8 2 4 4 5 4 1 4 4 2 3 2 5 2 3 5 3 3 4 2 2 6 4 3 3 3 2 5 3 3 4 3 4 3 1 5 4 3 1 6 3 1 6 0 0 1 1 1 1 0 0 0 1 1 0 1 0 1 0 0 0 1 1 1 1 0 0 1 0 1 0 0 1 1 0 0 1 0 1 1 0 0 1 0 0 1 0 0 0 0 0 0 3 0 0 2 2 2 2 0 2 2 0 0 1 1 1 1 1 0 0 0 3 3 3 0 0 3 3 3 3 3 3 3 0 0 0 0 0 0 0 2 0 0 0 0 0 0 0 0 0 0 1 1 1 1 0 2 3 3 0 0 1 1 0 0 0 3 0 0 0 0 0 0 0 0 0 0 0 0 0 0 0 0 0 0 0 0 0 0 0 0 1 0 1 0 0 0 0 0 0 0 0 300 300 0 100 0 0 0 0 0 0 0 0 0 0 0 0 0 0 300 100 0 0 0 0 0 100 0 0 0 0 200 0 0 100 0 0 300 100 0 100 300 0 100 0 0 </values>
v </instantiation>
d OBJECTIVE_VALUE 2472
d OPTIMAL 0
d OBJECTIVE_ROUNDS 73
d OBJECTIVE_IMPROVEMENTS 72
d COP_INCUMBENT_ELAPSED_MS 1618760
d SOLVE_ELAPSED_MS 1800066
d CURRENT_STAGE sat
d CURRENT_STAGE_ELAPSED_MS 180016
d LAST_COMPLETED_STAGE relaxation
d STAGE_PROPAGATE_STATUS done
d STAGE_NORMALIZE_STATUS done
d STAGE_LOWER_STATUS done
d STAGE_POST_LOWER_STATUS done
d STAGE_PREENCODE_STATUS done
d STAGE_ENCODE_STATUS done
d STAGE_SAT_STATUS running
d STAGE_DECODE_STATUS done
d STAGE_RELAXATION_STATUS done
d STAGE_DUMP_CNF_STATUS pending
d SOURCE_CONSTRAINTS 1410
d NORMALIZED_CONSTRAINTS 1410
d LOWERED_CONSTRAINTS 1410
d UNSUPPORTED_CONSTRAINTS 0
d SAT_VARS 63379
d SAT_CLAUSES_BASE 160726
d SAT_CLAUSES_FINAL 14220292
d SAT_CLAUSES_CEGAR_DELTA 14059566
d LINEAR_INT_EQ_ARITY_STATS {"1":{"count":932,"max_domain_product_excluding_one_var":"1","p95_domain_product_excluding_one_var":"1"}}
d LINEAR_INT_NE_ARITY_STATS {"1":{"count":119,"max_domain_product_excluding_one_var":"1","p95_domain_product_excluding_one_var":"1"}}
d LINEAR_INT_GE_ARITY_STATS {"2":{"count":20,"max_domain_product_excluding_one_var":"19","p95_domain_product_excluding_one_var":"19"},"4":{"count":10,"max_domain_product_excluding_one_var":"8","p95_domain_product_excluding_one_var":"8"}}
d LINEAR_BOOL_MIXED_ARITY_STATS {"6":{"count":230,"max_domain_product_excluding_one_var":"32","p95_domain_product_excluding_one_var":"32"},"11":{"count":84,"max_domain_product_excluding_one_var":"1024","p95_domain_product_excluding_one_var":"1024"},"29":{"count":30,"max_domain_product_excluding_one_var":"268435456","p95_domain_product_excluding_one_var":"268435456"}}
d ROOT_LP_ENTERED 1
d ROOT_LP_STATUS optimal
d OBJECTIVE_NAIVE_LOWER 0
d OBJECTIVE_NAIVE_UPPER 18360
d OBJECTIVE_LP_LOWER 0
d OBJECTIVE_LP_UPPER 18360
d ROOT_LP_IMPROVED 0
d ROOT_LP_MS 1237
d ROOT_LP_ROWS 7062
d ROOT_LP_VARS 12330
d ROOT_LP_STRUCTURED_OBJECTIVE_TERMS 0
d ROOT_LP_STRUCTURED_OBJECTIVE_AUX_VARS 0
d ROOT_LP_STRUCTURED_OBJECTIVE_ROWS 0
d ROOT_LP_NATIVE_GATE_GE_TOTAL 30
d ROOT_LP_NATIVE_GATE_EQ_TOTAL 932
d ROOT_LP_NATIVE_GATE_GE_MAX_ARITY 4
d ROOT_LP_NATIVE_GATE_GE_MAX_DOMAIN_PRODUCT 19
d ROOT_LP_NATIVE_GATE_BOOL_MIXED_MAX_ARITY 29
d ROOT_LP_OBJECTIVE_VALUE 0
d PROPAGATE_PRUNED_VALUES 362
d PROPAGATE_CHANGED_DOMAINS 232
d PROPAGATE_ENTAILED_TABLES 28
d POST_LOWER_ROUNDS 12
d POST_LOWER_TIGHTENED_DOMAINS 18
d POST_LOWER_REMOVED_CLAUSES 297
d POST_LOWER_REMOVED_LITS 284
d POST_LOWER_DETECTED_UNSAT 0
d PREENCODE_INT_VARS 2669
d ENCODE_EXTERNAL_GE_SPECS 0
d ENCODE_RELAXED_CIRCUITS 0
d LOG_SCOP_LINEAR_PB_CONSTRAINTS 4777
d LOG_SCOP_LINEAR_PB_MIXED_DISPATCH_CONSTRAINTS 0
d LOG_SCOP_LINEAR_PB_MIXED_ATTEMPT_BDD 0
d LOG_SCOP_LINEAR_PB_MIXED_ATTEMPT_SORTER 0
d LOG_SCOP_LINEAR_PB_MIXED_ATTEMPT_DADDA 0
d LOG_SCOP_LINEAR_PB_MIXED_REJECT_BDD_BUDGET 0
d LOG_SCOP_LINEAR_PB_MIXED_REJECT_SORTER_BUDGET 0
d LOG_SCOP_LINEAR_PB_MIXED_FALLBACK_BDD_TO_SORTER 0
d LOG_SCOP_LINEAR_PB_MIXED_FALLBACK_BDD_TO_DADDA 0
d LOG_SCOP_LINEAR_PB_MIXED_FALLBACK_SORTER_TO_BDD 0
d LOG_SCOP_LINEAR_PB_MIXED_FALLBACK_SORTER_TO_DADDA 0
d LOG_SCOP_LINEAR_PB_BACKEND_BDD2 0
d LOG_SCOP_LINEAR_PB_BACKEND_BDD3 4777
d LOG_SCOP_LINEAR_PB_BACKEND_SORTER 0
d LOG_SCOP_LINEAR_PB_BACKEND_DADDA 0
d LOG_SCOP_LINEAR_PB_BDD_DECOMPOSITION_RAW 4777
d LOG_SCOP_LINEAR_PB_BDD_DECOMPOSITION_BINARY 0
d LOG_SCOP_LINEAR_PB_BDD_DECOMPOSITION_MULTIBASE 0
d DECODE_INT_ASSIGNMENTS 589
d CIRCUIT_CEGAR_FAILURES 0
d CIRCUIT_CEGAR_ROUNDS 0
d CIRCUIT_CEGAR_ADDED_CLAUSES 0
d COP_CEGAR_FAILURES 69
d COP_CEGAR_ROUNDS 143
d COP_CEGAR_ADDED_CLAUSES 14059566
d CSV /bench/competition/2022-2025/COP22to25/NurseRostering-04_c22.xml.lzma,sat,1410,1410,1410,0,63379,14220292,1800066,,,,,,,1,optimal,0,18360,0,18360,0,1237,7062,12330,0,0,0,0,timeout_signal,incumbent_interrupted_by_signal
signal=15; emitted incumbent csv row
