c cmd: /host-parser-bin/kat_xcsp_f2b89728-dirty-mznfull10609-1200-20260620 /bench/2014/train/train.mzn --data /bench/2014/train/instance.9.dzn --encoder portfolio --portfolio-strategy v3 --cop-pipeline guarded-basic --cop-objective-cut direct-expr --cop-objective-cut-timing incremental-soft --cop-objective-cut-backend cnf --table-encoding mdd-tl --cumulative-mode exact --cumulative-decomposition time-rd --progress --log-scop-linear-pb-backend auto --log-scop-bdd-decomposition auto --log-scop-aggregate-weighted-lits --order-ge-shorten-link-cost --direct-eq-ne-max-arity 2 --eq-ne-encoding direct --portfolio-log-scop-eq-ne-encoding ge-rewrite --cop-objective-phase auto --cop-objective-search trisection --cop-objective-search-fallback-budget 180 --root-lp-bound --root-lp-backend lpo --root-lp-time-limit-secs 60 --ignore-parse-error
c version: kat-cli=0.1.0 git=unknown-clean
c run_start_local: 2026-06-20 20:54:41 +0900
c 00h00m00s | solve:start
c 00h00m00s | stage:objective-cut timing=incremental-soft backend=cnf form=direct-expr
c 00h00m00s | input: constraints=350
c 00h00m00s | stage:propagate:start
c 00h00m00s | stage:propagate:done ms=0 pruned=0 changed_domains=0 entailed_tables=0
c 00h00m00s | memory:rss checkpoint=after_propagate bytes=6672384 rss=6.36MiB
c 00h00m00s | stage:normalize:start
c 00h00m00s | stage:normalize:done ms=0 high_constraints=350
c 00h00m00s | stage:lower:start
c 00h00m00s | stage:lower:progress percent=10 processed=35 total=350 lowered=35 unsupported=0 ms=7
c 00h00m00s | stage:lower:progress percent=20 processed=70 total=350 lowered=70 unsupported=0 ms=7
c 00h00m00s | stage:lower:progress percent=30 processed=105 total=350 lowered=105 unsupported=0 ms=7
c 00h00m00s | stage:lower:progress percent=40 processed=140 total=350 lowered=140 unsupported=0 ms=7
c 00h00m00s | stage:lower:progress percent=50 processed=175 total=350 lowered=175 unsupported=0 ms=7
c 00h00m00s | stage:lower:progress percent=60 processed=210 total=350 lowered=210 unsupported=0 ms=8
c 00h00m00s | stage:lower:progress percent=70 processed=245 total=350 lowered=245 unsupported=0 ms=8
c 00h00m00s | stage:lower:progress percent=80 processed=280 total=350 lowered=280 unsupported=0 ms=8
c 00h00m00s | stage:lower:progress percent=90 processed=315 total=350 lowered=315 unsupported=0 ms=8
c 00h00m00s | stage:lower:progress percent=100 processed=350 total=350 lowered=350 unsupported=0 ms=8
c 00h00m00s | stage:lower:done ms=9 lowered=350 unsupported=0
c 00h00m00s | memory:rss checkpoint=after_lower bytes=8019968 rss=7.65MiB
c 00h00m00s | stage:post_lower:start
c 00h00m00s | stage:post_lower:done ms=6 rounds=221 tightened=359 removed_cls=97 removed_lits=25 unsat=false precise_hits=401 precise_rounds=2 pivot_recomputes=1118 pivot_exact_attempts=446 pivot_general_attempts=1002 pivot_general_rest_missing=0 pivot_general_bound_missing=0 pivot_general_no_change=801 pivot_general_tightened=201 setup_ms=0 loop_ms=3 pivot_ms=0 pivot_version_ms=0 pivot_exact_ms=0 pivot_general_ms=0 pivot_general_prepare_ms=0 pivot_general_rest_ms=0 pivot_general_derive_ms=0 apply_ms=0 sat_ms=0 precise_ms=2
c 00h00m00s | memory:rss checkpoint=after_post_lower bytes=8019968 rss=7.65MiB
c 00h00m00s | stage:lowered-shape int_vars=206 bool_vars=115 linear_atoms=5499 table_atoms=0 table_tuples=0 table_scope=0 alldiff_atoms=0 circuit_atoms=0 product_atoms=0 logical_clauses=2895
c 00h00m00s | stage:root-lp:start backend=lpo
c 00h00m00s | stage:root-lp:bound backend=lpo status=optimal objective_value=0 naive_bounds=[0,2850000] lp_bounds=[0,2850000] improved=0 rows=320 vars=321 lp_rows_singleton_linear=206 lp_rows_disjunctive=109 lp_rows_table=0 lp_rows_cumulative_energy=0 lp_rows_cumulative_pair=0 lp_rows_cumulative_timetable=0 lp_rows_cumulative_completion=0 lp_rows_cumulative_precedence=0 lp_rows_no_overlap_pair=0 lp_rows_no_overlap_completion=0 lp_rows_no_overlap_precedence=0 lp_rows_no_overlap_2d_energy=0 lp_rows_no_overlap_2d_completion=0 lp_scheduling_payloads_cumulative=0 lp_scheduling_payloads_no_overlap=0 lp_scheduling_cut_rounds=0 lp_scheduling_cut_candidates=0 lp_scheduling_cut_violated=0 lp_scheduling_rows_skipped=0 ms=46
c 00h00m00s | memory:rss checkpoint=before_preencode bytes=8359936 rss=7.97MiB
c 00h00m00s | stage:preencode(log-scop):start
c 00h00m00s | stage:preencode(log-scop):done ms=0 int_vars=206
c 00h00m00s | memory:rss checkpoint=after_preencode bytes=8359936 rss=7.97MiB
c 00h00m00s | memory:rss checkpoint=before_encode bytes=8359936 rss=7.97MiB
c 00h00m00s | stage:encode(log-scop):start
c 00h00m00s | memory:rss checkpoint=encode_clause_sample stage=log-scop clauses=1907657 bytes=569217024 rss=542.85MiB progress_percent=10 processed=290 total=2896
c 00h00m00s | stage:encode(log-scop):progress percent=10 processed=290 total=2896 sat_clauses=1907657 ms=865
c 00h00m02s | memory:rss checkpoint=encode_clause_sample stage=log-scop clauses=4976998 bytes=1878118400 rss=1.75GiB progress_percent=20 processed=580 total=2896
c 00h00m02s | stage:encode(log-scop):progress percent=20 processed=580 total=2896 sat_clauses=4976998 ms=2443
c 00h00m03s | memory:rss checkpoint=encode_clause_sample stage=log-scop clauses=7632532 bytes=2157580288 rss=2.01GiB progress_percent=30 processed=869 total=2896
c 00h00m03s | stage:encode(log-scop):progress percent=30 processed=869 total=2896 sat_clauses=7632532 ms=3438
c 00h00m05s | memory:rss checkpoint=encode_clause_sample stage=log-scop clauses=10181708 bytes=3708506112 rss=3.45GiB progress_percent=40 processed=1159 total=2896
c 00h00m05s | stage:encode(log-scop):progress percent=40 processed=1159 total=2896 sat_clauses=10181708 ms=5074
c 00h00m06s | memory:rss checkpoint=encode_clause_sample stage=log-scop clauses=13443978 bytes=4053102592 rss=3.77GiB progress_percent=50 processed=1448 total=2896
c 00h00m06s | stage:encode(log-scop):progress percent=50 processed=1448 total=2896 sat_clauses=13443978 ms=6286
c 00h00m07s | memory:rss checkpoint=encode_clause_sample stage=log-scop clauses=15579706 bytes=4271017984 rss=3.98GiB progress_percent=60 processed=1738 total=2896
c 00h00m07s | stage:encode(log-scop):progress percent=60 processed=1738 total=2896 sat_clauses=15579706 ms=7069
c 00h00m09s | memory:rss checkpoint=encode_clause_sample stage=log-scop clauses=19080097 bytes=7258214400 rss=6.76GiB progress_percent=70 processed=2028 total=2896
c 00h00m09s | stage:encode(log-scop):progress percent=70 processed=2028 total=2896 sat_clauses=19080097 ms=9789
c 00h00m10s | memory:rss checkpoint=encode_clause_sample stage=log-scop clauses=21192055 bytes=7477473280 rss=6.96GiB progress_percent=80 processed=2317 total=2896
c 00h00m10s | stage:encode(log-scop):progress percent=80 processed=2317 total=2896 sat_clauses=21192055 ms=10571
c 00h00m11s | memory:rss checkpoint=encode_clause_sample stage=log-scop clauses=23825594 bytes=7753207808 rss=7.22GiB progress_percent=90 processed=2607 total=2896
c 00h00m11s | stage:encode(log-scop):progress percent=90 processed=2607 total=2896 sat_clauses=23825594 ms=11542
c 00h00m11s | memory:rss checkpoint=encode_clause_sample stage=log-scop clauses=23855158 bytes=7758692352 rss=7.23GiB progress_percent=100 processed=2896 total=2896
c 00h00m11s | stage:encode(log-scop):progress percent=100 processed=2896 total=2896 sat_clauses=23855158 ms=11562
c 00h00m11s | stage:encode(log-scop):done ms=11562 sat_vars=14509520 sat_clauses=23855158 ext_ge_specs=0 relaxed_circuits=0 log_scop_pb_constraints=10444 log_scop_pb_mixed=0 log_scop_pb_bdd2=10444 log_scop_pb_bdd3=0 log_scop_pb_sorter=0 log_scop_pb_dadda=0 log_scop_bdd_raw=10444 log_scop_bdd_binary=0 log_scop_bdd_multibase=0
c 00h00m11s | stage:post-encode(log-scop):start sat_vars=14509520 sat_clauses=23855158 has_relaxations=false external_tables=0
c 00h00m11s | stage:post-encode(log-scop):after-finish-check ms=0
c 00h00m11s | stage:post-encode(log-scop):decode-layout-ready int_symbols=206 ms=0
c 00h00m11s | stage:post-encode(log-scop):cumulative-external-ready has_prop=false ms=0
c 00h00m11s | stage:post-encode(log-scop):log-scop-external-ready has_prop=false ms=0
c 00h00m11s | stage:post-encode(log-scop):external-prop-connected has_prop=false ms=0
c 00h00m11s | stage:post-encode(log-scop):done sat_vars=14509520 sat_clauses=23855158 ms=0
c 00h00m11s | stage:post-encode(log-scop):reusable-ready mode=SoftCnf sat_vars=14509520
c 00h00m11s | stage:objective-external-ge-template(log-scop):start cut=DirectExpr wants_ext_ge=false
c 00h00m11s | stage:objective-external-ge-template(log-scop):done has_template=true ms=0
c 00h00m11s | stage:objective-mode(log-scop):resolved mode=SoftCnf wants_ext_ge=false has_ext_ge_template=true
c 00h00m11s | stage:objective-cut timing=incremental-soft backend=cnf form=direct-expr
c 00h00m11s | stage:objective-encoder(log-scop):ready mode=SoftCnf soft=true sat_vars=14509520
c 00h00m11s | stage:objective-loop:enter encoder=log-scop mode=SoftCnf lower=0 upper=2850000 has_incumbent=false soft_active=true
c 00h00m11s | stage:sat:round-entry encoder=log-scop assumptions=0 phase_lits=0 sat_vars=14509520 base_clauses=23855158
c 00h00m11s | stage:sat:init solver=CaDiCaL vars=14509520 clauses=23855158
c 00h00m11s | stage:sat:solve:start assumptions=0 phase_lits=0
c 00h00m23s | stage:sat:solve:done ms=12330 result=Sat assumptions=0 phase_lits=0
c 00h00m23s | stage:decode:start
c 00h00m24s | stage:decode:done int_assignments=181
c 00h00m24s | result:Sat
c 00h00m24s | stage:objective-cut-surface(log-scop):start timing=after-incumbent
c 00h00m24s | stage:objective-cut-surface(log-scop):done has_surface=true ms=0
c 00h00m24s | stage:objective-cut:incumbent-solution encoder=log-scop reason=surface threshold=1000000 surface=2850000 bound_mass=2850000 terms=1 action=emit-solution
c 00h00m24s | objective:incumbent kind=initial value=813690 rounds=1 improvements=0
o 813690
v <instantiation>
v   <list> departure[1,1] departure[1,2] departure[1,3] departure[1,4] departure[1,5] departure[2,1] departure[2,2] departure[2,3] departure[2,4] departure[2,5] departure[3,1] departure[3,2] departure[3,3] departure[3,4] departure[3,5] departure[4,1] departure[4,2] departure[4,3] departure[4,4] departure[4,5] departure[5,1] departure[5,2] departure[5,3] departure[5,4] departure[5,5] arrival[1,1] arrival[1,2] arrival[1,3] arrival[1,4] arrival[1,5] arrival[2,1] arrival[2,2] arrival[2,3] arrival[2,4] arrival[2,5] arrival[3,1] arrival[3,2] arrival[3,3] arrival[3,4] arrival[3,5] arrival[4,1] arrival[4,2] arrival[4,3] arrival[4,4] arrival[4,5] arrival[5,1] arrival[5,2] arrival[5,3] arrival[5,4] arrival[5,5] finalArrival[1] finalArrival[2] finalArrival[3] finalArrival[4] finalArrival[5] sigmaLower[1,1] sigmaLower[1,2] sigmaLower[1,3] sigmaLower[1,4] sigmaLower[1,5] sigmaLower[2,1] sigmaLower[2,2] sigmaLower[2,3] sigmaLower[2,4] sigmaLower[2,5] sigmaLower[3,1] sigmaLower[3,2] sigmaLower[3,3] sigmaLower[3,4] sigmaLower[3,5] sigmaLower[4,1] sigmaLower[4,2] sigmaLower[4,3] sigmaLower[4,4] sigmaLower[4,5] sigmaLower[5,1] sigmaLower[5,2] sigmaLower[5,3] sigmaLower[5,4] sigmaLower[5,5] sigmaUpper[1,1] sigmaUpper[1,2] sigmaUpper[1,3] sigmaUpper[1,4] sigmaUpper[1,5] sigmaUpper[2,1] sigmaUpper[2,2] sigmaUpper[2,3] sigmaUpper[2,4] sigmaUpper[2,5] sigmaUpper[3,1] sigmaUpper[3,2] sigmaUpper[3,3] sigmaUpper[3,4] sigmaUpper[3,5] sigmaUpper[4,1] sigmaUpper[4,2] sigmaUpper[4,3] sigmaUpper[4,4] sigmaUpper[4,5] sigmaUpper[5,1] sigmaUpper[5,2] sigmaUpper[5,3] sigmaUpper[5,4] sigmaUpper[5,5] collect[1,1] collect[1,2] collect[1,3] collect[1,4] collect[1,5] collect[2,1] collect[2,2] collect[2,3] collect[2,4] collect[2,5] collect[3,1] collect[3,2] collect[3,3] collect[3,4] collect[3,5] collect[4,1] collect[4,2] collect[4,3] collect[4,4] collect[4,5] collect[5,1] collect[5,2] collect[5,3] collect[5,4] collect[5,5] load[1,1] load[1,2] load[1,3] load[1,4] load[1,5] load[2,1] load[2,2] load[2,3] load[2,4] load[2,5] load[3,1] load[3,2] load[3,3] load[3,4] load[3,5] load[4,1] load[4,2] load[4,3] load[4,4] load[4,5] load[5,1] load[5,2] load[5,3] load[5,4] load[5,5] dwell[1,1] dwell[1,2] dwell[1,3] dwell[1,4] dwell[1,5] dwell[2,1] dwell[2,2] dwell[2,3] dwell[2,4] dwell[2,5] dwell[3,1] dwell[3,2] dwell[3,3] dwell[3,4] dwell[3,5] dwell[4,1] dwell[4,2] dwell[4,3] dwell[4,4] dwell[4,5] dwell[5,1] dwell[5,2] dwell[5,3] dwell[5,4] dwell[5,5] objective </list>
v   <values> 0 8 20 39 44 10 32 52 106 1076 20 50 117 626 637 30 55 121 796 801 40 69 170 800 805 0 6 17 25 44 0 17 51 74 1076 0 34 102 122 637 0 55 119 635 801 0 57 166 799 805 44 1076 637 801 805 0 0 6 14 0 0 8 20 39 0 0 32 20 39 0 0 48 54 39 0 0 48 56 64 0 0 8 20 39 0 0 32 20 39 0 0 48 54 39 0 0 48 56 64 0 0 48 56 64 1140 0 80 140 250 0 0 240 0 0 0 0 160 340 0 0 0 0 20 250 0 0 0 0 0 0 0 80 220 470 470 0 240 240 240 240 0 160 500 500 500 0 0 20 270 270 0 0 0 0 0 0 2 3 14 0 10 15 1 32 0 20 16 15 504 0 30 0 2 161 0 40 12 4 1 0 813690 </values>
v </instantiation>
c 00h00m24s | stage:objective-loop:enter encoder=log-scop mode=SoftCnf lower=0 upper=2850000 has_incumbent=true soft_active=true
c 00h00m24s | stage:objective-cut:soft-install bound=542460 guard=14509543 clauses_added=34
c 00h00m24s | stage:objective-cut:soft-probe search=trisection [LB,UB] = [0,813689] next 542460 source=install guard=14509543
c 00h00m24s | stage:sat:round-entry encoder=log-scop assumptions=1 phase_lits=1426 sat_vars=14509543 base_clauses=23855192
c 00h00m24s | stage:sat:init solver=CaDiCaL vars=14509543 clauses=23855192
c 00h00m24s | stage:sat:solve:start assumptions=1 phase_lits=1426
c 00h01m10s | stage:sat:solve:done ms=46025 result=Sat assumptions=1 phase_lits=1426
c 00h01m10s | stage:decode:start
c 00h01m10s | stage:decode:done int_assignments=181
c 00h01m10s | result:Sat
c 00h01m11s | objective:incumbent kind=improvement value=517780 rounds=2 improvements=1
o 517780
v <instantiation>
v   <list> departure[1,1] departure[1,2] departure[1,3] departure[1,4] departure[1,5] departure[2,1] departure[2,2] departure[2,3] departure[2,4] departure[2,5] departure[3,1] departure[3,2] departure[3,3] departure[3,4] departure[3,5] departure[4,1] departure[4,2] departure[4,3] departure[4,4] departure[4,5] departure[5,1] departure[5,2] departure[5,3] departure[5,4] departure[5,5] arrival[1,1] arrival[1,2] arrival[1,3] arrival[1,4] arrival[1,5] arrival[2,1] arrival[2,2] arrival[2,3] arrival[2,4] arrival[2,5] arrival[3,1] arrival[3,2] arrival[3,3] arrival[3,4] arrival[3,5] arrival[4,1] arrival[4,2] arrival[4,3] arrival[4,4] arrival[4,5] arrival[5,1] arrival[5,2] arrival[5,3] arrival[5,4] arrival[5,5] finalArrival[1] finalArrival[2] finalArrival[3] finalArrival[4] finalArrival[5] sigmaLower[1,1] sigmaLower[1,2] sigmaLower[1,3] sigmaLower[1,4] sigmaLower[1,5] sigmaLower[2,1] sigmaLower[2,2] sigmaLower[2,3] sigmaLower[2,4] sigmaLower[2,5] sigmaLower[3,1] sigmaLower[3,2] sigmaLower[3,3] sigmaLower[3,4] sigmaLower[3,5] sigmaLower[4,1] sigmaLower[4,2] sigmaLower[4,3] sigmaLower[4,4] sigmaLower[4,5] sigmaLower[5,1] sigmaLower[5,2] sigmaLower[5,3] sigmaLower[5,4] sigmaLower[5,5] sigmaUpper[1,1] sigmaUpper[1,2] sigmaUpper[1,3] sigmaUpper[1,4] sigmaUpper[1,5] sigmaUpper[2,1] sigmaUpper[2,2] sigmaUpper[2,3] sigmaUpper[2,4] sigmaUpper[2,5] sigmaUpper[3,1] sigmaUpper[3,2] sigmaUpper[3,3] sigmaUpper[3,4] sigmaUpper[3,5] sigmaUpper[4,1] sigmaUpper[4,2] sigmaUpper[4,3] sigmaUpper[4,4] sigmaUpper[4,5] sigmaUpper[5,1] sigmaUpper[5,2] sigmaUpper[5,3] sigmaUpper[5,4] sigmaUpper[5,5] collect[1,1] collect[1,2] collect[1,3] collect[1,4] collect[1,5] collect[2,1] collect[2,2] collect[2,3] collect[2,4] collect[2,5] collect[3,1] collect[3,2] collect[3,3] collect[3,4] collect[3,5] collect[4,1] collect[4,2] collect[4,3] collect[4,4] collect[4,5] collect[5,1] collect[5,2] collect[5,3] collect[5,4] collect[5,5] load[1,1] load[1,2] load[1,3] load[1,4] load[1,5] load[2,1] load[2,2] load[2,3] load[2,4] load[2,5] load[3,1] load[3,2] load[3,3] load[3,4] load[3,5] load[4,1] load[4,2] load[4,3] load[4,4] load[4,5] load[5,1] load[5,2] load[5,3] load[5,4] load[5,5] dwell[1,1] dwell[1,2] dwell[1,3] dwell[1,4] dwell[1,5] dwell[2,1] dwell[2,2] dwell[2,3] dwell[2,4] dwell[2,5] dwell[3,1] dwell[3,2] dwell[3,3] dwell[3,4] dwell[3,5] dwell[4,1] dwell[4,2] dwell[4,3] dwell[4,4] dwell[4,5] dwell[5,1] dwell[5,2] dwell[5,3] dwell[5,4] dwell[5,5] objective </list>
v   <values> 0 8 20 39 44 10 32 52 74 1076 20 34 85 112 126 30 62 89 118 131 40 560 690 703 811 0 6 17 25 44 0 17 51 74 1076 0 34 70 90 126 0 36 87 115 131 0 560 566 703 811 44 1076 126 131 811 0 0 6 14 0 0 0 6 14 0 0 0 6 14 0 0 0 6 64 0 0 48 8 64 0 0 0 6 14 0 0 0 6 14 0 0 0 6 64 0 0 48 8 64 0 0 48 56 64 1140 0 0 0 0 0 0 0 0 0 0 0 0 0 500 0 0 480 20 0 0 0 0 480 0 0 0 0 0 0 0 0 0 0 0 0 0 0 0 500 500 0 480 500 500 500 0 0 480 480 480 0 2 3 14 0 10 15 1 0 0 20 0 15 22 0 30 26 2 3 0 40 0 124 0 0 517780 </values>
v </instantiation>
c 00h01m11s | stage:objective-cut:soft-result search=trisection bound=542460 result=sat guard=14509543 hard=guard [LB,UB] = [0,517779]
c 00h01m11s | stage:objective-loop:enter encoder=log-scop mode=SoftCnf lower=0 upper=2850000 has_incumbent=true soft_active=true
c 00h01m11s | stage:objective-cut:soft-install bound=345186 guard=14509566 clauses_added=37
c 00h01m11s | stage:objective-cut:soft-probe search=trisection [LB,UB] = [0,517779] next 345186 source=install guard=14509566
c 00h01m11s | stage:sat:round-entry encoder=log-scop assumptions=1 phase_lits=1426 sat_vars=14509566 base_clauses=23855230
c 00h01m11s | stage:sat:init solver=CaDiCaL vars=14509566 clauses=23855230
c 00h01m11s | stage:sat:solve:start assumptions=1 phase_lits=1426
c 00h01m30s | stage:sat:solve:done ms=18634 result=Sat assumptions=1 phase_lits=1426
c 00h01m30s | stage:decode:start
c 00h01m30s | stage:decode:done int_assignments=181
c 00h01m30s | result:Sat
c 00h01m30s | objective:incumbent kind=improvement value=130640 rounds=3 improvements=2
o 130640
v <instantiation>
v   <list> departure[1,1] departure[1,2] departure[1,3] departure[1,4] departure[1,5] departure[2,1] departure[2,2] departure[2,3] departure[2,4] departure[2,5] departure[3,1] departure[3,2] departure[3,3] departure[3,4] departure[3,5] departure[4,1] departure[4,2] departure[4,3] departure[4,4] departure[4,5] departure[5,1] departure[5,2] departure[5,3] departure[5,4] departure[5,5] arrival[1,1] arrival[1,2] arrival[1,3] arrival[1,4] arrival[1,5] arrival[2,1] arrival[2,2] arrival[2,3] arrival[2,4] arrival[2,5] arrival[3,1] arrival[3,2] arrival[3,3] arrival[3,4] arrival[3,5] arrival[4,1] arrival[4,2] arrival[4,3] arrival[4,4] arrival[4,5] arrival[5,1] arrival[5,2] arrival[5,3] arrival[5,4] arrival[5,5] finalArrival[1] finalArrival[2] finalArrival[3] finalArrival[4] finalArrival[5] sigmaLower[1,1] sigmaLower[1,2] sigmaLower[1,3] sigmaLower[1,4] sigmaLower[1,5] sigmaLower[2,1] sigmaLower[2,2] sigmaLower[2,3] sigmaLower[2,4] sigmaLower[2,5] sigmaLower[3,1] sigmaLower[3,2] sigmaLower[3,3] sigmaLower[3,4] sigmaLower[3,5] sigmaLower[4,1] sigmaLower[4,2] sigmaLower[4,3] sigmaLower[4,4] sigmaLower[4,5] sigmaLower[5,1] sigmaLower[5,2] sigmaLower[5,3] sigmaLower[5,4] sigmaLower[5,5] sigmaUpper[1,1] sigmaUpper[1,2] sigmaUpper[1,3] sigmaUpper[1,4] sigmaUpper[1,5] sigmaUpper[2,1] sigmaUpper[2,2] sigmaUpper[2,3] sigmaUpper[2,4] sigmaUpper[2,5] sigmaUpper[3,1] sigmaUpper[3,2] sigmaUpper[3,3] sigmaUpper[3,4] sigmaUpper[3,5] sigmaUpper[4,1] sigmaUpper[4,2] sigmaUpper[4,3] sigmaUpper[4,4] sigmaUpper[4,5] sigmaUpper[5,1] sigmaUpper[5,2] sigmaUpper[5,3] sigmaUpper[5,4] sigmaUpper[5,5] collect[1,1] collect[1,2] collect[1,3] collect[1,4] collect[1,5] collect[2,1] collect[2,2] collect[2,3] collect[2,4] collect[2,5] collect[3,1] collect[3,2] collect[3,3] collect[3,4] collect[3,5] collect[4,1] collect[4,2] collect[4,3] collect[4,4] collect[4,5] collect[5,1] collect[5,2] collect[5,3] collect[5,4] collect[5,5] load[1,1] load[1,2] load[1,3] load[1,4] load[1,5] load[2,1] load[2,2] load[2,3] load[2,4] load[2,5] load[3,1] load[3,2] load[3,3] load[3,4] load[3,5] load[4,1] load[4,2] load[4,3] load[4,4] load[4,5] load[5,1] load[5,2] load[5,3] load[5,4] load[5,5] dwell[1,1] dwell[1,2] dwell[1,3] dwell[1,4] dwell[1,5] dwell[2,1] dwell[2,2] dwell[2,3] dwell[2,4] dwell[2,5] dwell[3,1] dwell[3,2] dwell[3,3] dwell[3,4] dwell[3,5] dwell[4,1] dwell[4,2] dwell[4,3] dwell[4,4] dwell[4,5] dwell[5,1] dwell[5,2] dwell[5,3] dwell[5,4] dwell[5,5] objective </list>
v   <values> 0 8 20 39 60 10 30 43 48 1084 20 35 45 64 77 30 48 61 86 95 40 64 81 88 93 0 6 17 25 60 0 15 39 48 1084 0 32 45 50 77 0 38 59 66 95 0 63 69 88 93 60 1084 77 95 93 0 0 6 14 0 0 0 6 14 0 0 0 6 14 0 0 0 6 64 0 0 48 8 64 0 0 0 6 14 0 0 0 6 14 0 0 0 6 64 0 0 48 8 64 0 0 48 56 64 1140 0 0 0 0 0 0 0 0 0 0 0 0 0 500 0 0 480 20 0 0 0 0 480 0 0 0 0 0 0 0 0 0 0 0 0 0 0 0 500 500 0 480 500 500 500 0 0 480 480 480 0 2 3 14 0 10 15 4 0 0 20 3 0 14 0 30 10 2 20 0 40 1 12 0 0 130640 </values>
v </instantiation>
c 00h01m30s | stage:objective-cut:soft-result search=trisection bound=345186 result=sat guard=14509566 hard=guard [LB,UB] = [0,130639]
c 00h01m30s | stage:objective-loop:enter encoder=log-scop mode=SoftCnf lower=0 upper=2850000 has_incumbent=true soft_active=true
c 00h01m30s | stage:objective-cut:soft-install bound=87093 guard=14509588 clauses_added=35
c 00h01m30s | stage:objective-cut:soft-probe search=trisection [LB,UB] = [0,130639] next 87093 source=install guard=14509588
c 00h01m30s | stage:sat:round-entry encoder=log-scop assumptions=1 phase_lits=1426 sat_vars=14509588 base_clauses=23855266
c 00h01m30s | stage:sat:init solver=CaDiCaL vars=14509588 clauses=23855266
c 00h01m30s | stage:sat:solve:start assumptions=1 phase_lits=1426
c 00h04m42s | stage:sat:solve:done ms=191842 result=Unknown assumptions=1 phase_lits=1426
c 00h04m42s | result:unknown reason=sat_solver_returned_unknown
c 00h04m42s | result:Unknown
c 00h04m42s | stage:objective-cut:soft-fallback search=trisection reason=budget-exhausted budget_s=180 mode=step incumbent=130640 [LB,UB]=[0,130639]
c 00h04m42s | stage:objective-loop:enter encoder=log-scop mode=SoftCnf lower=0 upper=2850000 has_incumbent=true soft_active=true
c 00h04m42s | stage:objective-cut:soft-install bound=130639 guard=14509607 clauses_added=27
c 00h04m42s | stage:objective-cut:soft-probe search=step [LB,UB] = [0,130639] next 130639 source=install guard=14509607
c 00h04m42s | stage:sat:round-entry encoder=log-scop assumptions=1 phase_lits=1426 sat_vars=14509607 base_clauses=23855293
c 00h04m42s | stage:sat:init solver=CaDiCaL vars=14509607 clauses=23855293
c 00h04m42s | stage:sat:solve:start assumptions=1 phase_lits=1426
c 00h05m14s | stage:sat:solve:done ms=32226 result=Sat assumptions=1 phase_lits=1426
c 00h05m14s | stage:decode:start
c 00h05m15s | stage:decode:done int_assignments=181
c 00h05m15s | result:Sat
c 00h05m15s | objective:incumbent kind=improvement value=130400 rounds=4 improvements=3
o 130400
v <instantiation>
v   <list> departure[1,1] departure[1,2] departure[1,3] departure[1,4] departure[1,5] departure[2,1] departure[2,2] departure[2,3] departure[2,4] departure[2,5] departure[3,1] departure[3,2] departure[3,3] departure[3,4] departure[3,5] departure[4,1] departure[4,2] departure[4,3] departure[4,4] departure[4,5] departure[5,1] departure[5,2] departure[5,3] departure[5,4] departure[5,5] arrival[1,1] arrival[1,2] arrival[1,3] arrival[1,4] arrival[1,5] arrival[2,1] arrival[2,2] arrival[2,3] arrival[2,4] arrival[2,5] arrival[3,1] arrival[3,2] arrival[3,3] arrival[3,4] arrival[3,5] arrival[4,1] arrival[4,2] arrival[4,3] arrival[4,4] arrival[4,5] arrival[5,1] arrival[5,2] arrival[5,3] arrival[5,4] arrival[5,5] finalArrival[1] finalArrival[2] finalArrival[3] finalArrival[4] finalArrival[5] sigmaLower[1,1] sigmaLower[1,2] sigmaLower[1,3] sigmaLower[1,4] sigmaLower[1,5] sigmaLower[2,1] sigmaLower[2,2] sigmaLower[2,3] sigmaLower[2,4] sigmaLower[2,5] sigmaLower[3,1] sigmaLower[3,2] sigmaLower[3,3] sigmaLower[3,4] sigmaLower[3,5] sigmaLower[4,1] sigmaLower[4,2] sigmaLower[4,3] sigmaLower[4,4] sigmaLower[4,5] sigmaLower[5,1] sigmaLower[5,2] sigmaLower[5,3] sigmaLower[5,4] sigmaLower[5,5] sigmaUpper[1,1] sigmaUpper[1,2] sigmaUpper[1,3] sigmaUpper[1,4] sigmaUpper[1,5] sigmaUpper[2,1] sigmaUpper[2,2] sigmaUpper[2,3] sigmaUpper[2,4] sigmaUpper[2,5] sigmaUpper[3,1] sigmaUpper[3,2] sigmaUpper[3,3] sigmaUpper[3,4] sigmaUpper[3,5] sigmaUpper[4,1] sigmaUpper[4,2] sigmaUpper[4,3] sigmaUpper[4,4] sigmaUpper[4,5] sigmaUpper[5,1] sigmaUpper[5,2] sigmaUpper[5,3] sigmaUpper[5,4] sigmaUpper[5,5] collect[1,1] collect[1,2] collect[1,3] collect[1,4] collect[1,5] collect[2,1] collect[2,2] collect[2,3] collect[2,4] collect[2,5] collect[3,1] collect[3,2] collect[3,3] collect[3,4] collect[3,5] collect[4,1] collect[4,2] collect[4,3] collect[4,4] collect[4,5] collect[5,1] collect[5,2] collect[5,3] collect[5,4] collect[5,5] load[1,1] load[1,2] load[1,3] load[1,4] load[1,5] load[2,1] load[2,2] load[2,3] load[2,4] load[2,5] load[3,1] load[3,2] load[3,3] load[3,4] load[3,5] load[4,1] load[4,2] load[4,3] load[4,4] load[4,5] load[5,1] load[5,2] load[5,3] load[5,4] load[5,5] dwell[1,1] dwell[1,2] dwell[1,3] dwell[1,4] dwell[1,5] dwell[2,1] dwell[2,2] dwell[2,3] dwell[2,4] dwell[2,5] dwell[3,1] dwell[3,2] dwell[3,3] dwell[3,4] dwell[3,5] dwell[4,1] dwell[4,2] dwell[4,3] dwell[4,4] dwell[4,5] dwell[5,1] dwell[5,2] dwell[5,3] dwell[5,4] dwell[5,5] objective </list>
v   <values> 0 8 22 39 60 10 30 35 52 108 20 35 45 63 70 30 48 55 65 81 40 52 67 73 84 0 6 17 27 60 0 15 35 41 108 0 32 45 58 70 0 38 53 65 81 0 51 57 72 84 60 108 70 81 84 0 0 6 14 0 0 0 6 14 0 0 0 6 52 0 0 0 6 63 0 0 48 8 63 0 0 0 6 14 0 0 0 6 52 0 0 0 6 63 0 0 48 8 63 0 0 48 56 64 1140 0 0 0 0 0 0 0 0 380 0 0 0 0 110 0 0 480 20 0 0 0 0 480 10 0 0 0 0 0 0 0 0 0 380 380 0 0 0 110 110 0 480 500 500 500 0 0 480 490 490 0 2 5 12 0 10 15 0 11 0 20 3 0 5 0 30 10 2 0 0 40 1 10 1 0 130400 </values>
v </instantiation>
c 00h05m15s | stage:objective-cut:soft-result search=step bound=130639 result=sat guard=14509607 hard=guard [LB,UB] = [0,130399]
c 00h05m15s | stage:objective-loop:enter encoder=log-scop mode=SoftCnf lower=0 upper=2850000 has_incumbent=true soft_active=true
c 00h05m15s | stage:objective-cut:soft-install bound=130399 guard=14509625 clauses_added=25
c 00h05m15s | stage:objective-cut:soft-probe search=step [LB,UB] = [0,130399] next 130399 source=install guard=14509625
c 00h05m15s | stage:sat:round-entry encoder=log-scop assumptions=1 phase_lits=1426 sat_vars=14509625 base_clauses=23855319
c 00h05m15s | stage:sat:init solver=CaDiCaL vars=14509625 clauses=23855319
c 00h05m15s | stage:sat:solve:start assumptions=1 phase_lits=1426
c 00h05m53s | stage:sat:solve:done ms=38481 result=Sat assumptions=1 phase_lits=1426
c 00h05m53s | stage:decode:start
c 00h05m54s | stage:decode:done int_assignments=181
c 00h05m54s | result:Sat
c 00h05m54s | objective:incumbent kind=improvement value=129300 rounds=5 improvements=4
o 129300
v <instantiation>
v   <list> departure[1,1] departure[1,2] departure[1,3] departure[1,4] departure[1,5] departure[2,1] departure[2,2] departure[2,3] departure[2,4] departure[2,5] departure[3,1] departure[3,2] departure[3,3] departure[3,4] departure[3,5] departure[4,1] departure[4,2] departure[4,3] departure[4,4] departure[4,5] departure[5,1] departure[5,2] departure[5,3] departure[5,4] departure[5,5] arrival[1,1] arrival[1,2] arrival[1,3] arrival[1,4] arrival[1,5] arrival[2,1] arrival[2,2] arrival[2,3] arrival[2,4] arrival[2,5] arrival[3,1] arrival[3,2] arrival[3,3] arrival[3,4] arrival[3,5] arrival[4,1] arrival[4,2] arrival[4,3] arrival[4,4] arrival[4,5] arrival[5,1] arrival[5,2] arrival[5,3] arrival[5,4] arrival[5,5] finalArrival[1] finalArrival[2] finalArrival[3] finalArrival[4] finalArrival[5] sigmaLower[1,1] sigmaLower[1,2] sigmaLower[1,3] sigmaLower[1,4] sigmaLower[1,5] sigmaLower[2,1] sigmaLower[2,2] sigmaLower[2,3] sigmaLower[2,4] sigmaLower[2,5] sigmaLower[3,1] sigmaLower[3,2] sigmaLower[3,3] sigmaLower[3,4] sigmaLower[3,5] sigmaLower[4,1] sigmaLower[4,2] sigmaLower[4,3] sigmaLower[4,4] sigmaLower[4,5] sigmaLower[5,1] sigmaLower[5,2] sigmaLower[5,3] sigmaLower[5,4] sigmaLower[5,5] sigmaUpper[1,1] sigmaUpper[1,2] sigmaUpper[1,3] sigmaUpper[1,4] sigmaUpper[1,5] sigmaUpper[2,1] sigmaUpper[2,2] sigmaUpper[2,3] sigmaUpper[2,4] sigmaUpper[2,5] sigmaUpper[3,1] sigmaUpper[3,2] sigmaUpper[3,3] sigmaUpper[3,4] sigmaUpper[3,5] sigmaUpper[4,1] sigmaUpper[4,2] sigmaUpper[4,3] sigmaUpper[4,4] sigmaUpper[4,5] sigmaUpper[5,1] sigmaUpper[5,2] sigmaUpper[5,3] sigmaUpper[5,4] sigmaUpper[5,5] collect[1,1] collect[1,2] collect[1,3] collect[1,4] collect[1,5] collect[2,1] collect[2,2] collect[2,3] collect[2,4] collect[2,5] collect[3,1] collect[3,2] collect[3,3] collect[3,4] collect[3,5] collect[4,1] collect[4,2] collect[4,3] collect[4,4] collect[4,5] collect[5,1] collect[5,2] collect[5,3] collect[5,4] collect[5,5] load[1,1] load[1,2] load[1,3] load[1,4] load[1,5] load[2,1] load[2,2] load[2,3] load[2,4] load[2,5] load[3,1] load[3,2] load[3,3] load[3,4] load[3,5] load[4,1] load[4,2] load[4,3] load[4,4] load[4,5] load[5,1] load[5,2] load[5,3] load[5,4] load[5,5] dwell[1,1] dwell[1,2] dwell[1,3] dwell[1,4] dwell[1,5] dwell[2,1] dwell[2,2] dwell[2,3] dwell[2,4] dwell[2,5] dwell[3,1] dwell[3,2] dwell[3,3] dwell[3,4] dwell[3,5] dwell[4,1] dwell[4,2] dwell[4,3] dwell[4,4] dwell[4,5] dwell[5,1] dwell[5,2] dwell[5,3] dwell[5,4] dwell[5,5] objective </list>
v   <values> 0 8 22 39 60 10 30 35 53 58 20 33 55 60 128 30 40 57 65 70 40 55 64 69 74 0 6 17 27 60 0 15 35 41 58 0 32 39 60 128 0 38 57 62 70 0 45 61 69 74 60 58 128 70 74 0 0 6 14 0 0 0 6 14 0 0 0 6 53 0 0 0 55 53 0 0 0 55 64 0 0 0 6 14 0 0 0 6 53 0 0 0 55 53 0 0 0 55 64 0 0 48 56 64 1140 0 0 0 0 0 0 0 0 390 0 0 0 490 0 0 0 0 0 110 0 0 480 10 0 0 0 0 0 0 0 0 0 0 390 390 0 0 490 490 490 0 0 0 110 110 0 480 490 490 490 0 2 5 12 0 10 15 0 12 0 20 1 16 0 0 30 2 0 3 0 40 10 3 0 0 129300 </values>
v </instantiation>
c 00h05m54s | stage:objective-cut:soft-result search=step bound=130399 result=sat guard=14509625 hard=guard [LB,UB] = [0,129299]
c 00h05m54s | stage:objective-loop:enter encoder=log-scop mode=SoftCnf lower=0 upper=2850000 has_incumbent=true soft_active=true
c 00h05m54s | stage:objective-cut:soft-install bound=129299 guard=14509646 clauses_added=32
c 00h05m54s | stage:objective-cut:soft-probe search=step [LB,UB] = [0,129299] next 129299 source=install guard=14509646
c 00h05m54s | stage:sat:round-entry encoder=log-scop assumptions=1 phase_lits=1426 sat_vars=14509646 base_clauses=23855352
c 00h05m54s | stage:sat:init solver=CaDiCaL vars=14509646 clauses=23855352
c 00h05m54s | stage:sat:solve:start assumptions=1 phase_lits=1426
c 00h06m11s | stage:sat:solve:done ms=16694 result=Sat assumptions=1 phase_lits=1426
c 00h06m11s | stage:decode:start
c 00h06m12s | stage:decode:done int_assignments=181
c 00h06m12s | result:Sat
c 00h06m12s | objective:incumbent kind=improvement value=127920 rounds=6 improvements=5
o 127920
v <instantiation>
v   <list> departure[1,1] departure[1,2] departure[1,3] departure[1,4] departure[1,5] departure[2,1] departure[2,2] departure[2,3] departure[2,4] departure[2,5] departure[3,1] departure[3,2] departure[3,3] departure[3,4] departure[3,5] departure[4,1] departure[4,2] departure[4,3] departure[4,4] departure[4,5] departure[5,1] departure[5,2] departure[5,3] departure[5,4] departure[5,5] arrival[1,1] arrival[1,2] arrival[1,3] arrival[1,4] arrival[1,5] arrival[2,1] arrival[2,2] arrival[2,3] arrival[2,4] arrival[2,5] arrival[3,1] arrival[3,2] arrival[3,3] arrival[3,4] arrival[3,5] arrival[4,1] arrival[4,2] arrival[4,3] arrival[4,4] arrival[4,5] arrival[5,1] arrival[5,2] arrival[5,3] arrival[5,4] arrival[5,5] finalArrival[1] finalArrival[2] finalArrival[3] finalArrival[4] finalArrival[5] sigmaLower[1,1] sigmaLower[1,2] sigmaLower[1,3] sigmaLower[1,4] sigmaLower[1,5] sigmaLower[2,1] sigmaLower[2,2] sigmaLower[2,3] sigmaLower[2,4] sigmaLower[2,5] sigmaLower[3,1] sigmaLower[3,2] sigmaLower[3,3] sigmaLower[3,4] sigmaLower[3,5] sigmaLower[4,1] sigmaLower[4,2] sigmaLower[4,3] sigmaLower[4,4] sigmaLower[4,5] sigmaLower[5,1] sigmaLower[5,2] sigmaLower[5,3] sigmaLower[5,4] sigmaLower[5,5] sigmaUpper[1,1] sigmaUpper[1,2] sigmaUpper[1,3] sigmaUpper[1,4] sigmaUpper[1,5] sigmaUpper[2,1] sigmaUpper[2,2] sigmaUpper[2,3] sigmaUpper[2,4] sigmaUpper[2,5] sigmaUpper[3,1] sigmaUpper[3,2] sigmaUpper[3,3] sigmaUpper[3,4] sigmaUpper[3,5] sigmaUpper[4,1] sigmaUpper[4,2] sigmaUpper[4,3] sigmaUpper[4,4] sigmaUpper[4,5] sigmaUpper[5,1] sigmaUpper[5,2] sigmaUpper[5,3] sigmaUpper[5,4] sigmaUpper[5,5] collect[1,1] collect[1,2] collect[1,3] collect[1,4] collect[1,5] collect[2,1] collect[2,2] collect[2,3] collect[2,4] collect[2,5] collect[3,1] collect[3,2] collect[3,3] collect[3,4] collect[3,5] collect[4,1] collect[4,2] collect[4,3] collect[4,4] collect[4,5] collect[5,1] collect[5,2] collect[5,3] collect[5,4] collect[5,5] load[1,1] load[1,2] load[1,3] load[1,4] load[1,5] load[2,1] load[2,2] load[2,3] load[2,4] load[2,5] load[3,1] load[3,2] load[3,3] load[3,4] load[3,5] load[4,1] load[4,2] load[4,3] load[4,4] load[4,5] load[5,1] load[5,2] load[5,3] load[5,4] load[5,5] dwell[1,1] dwell[1,2] dwell[1,3] dwell[1,4] dwell[1,5] dwell[2,1] dwell[2,2] dwell[2,3] dwell[2,4] dwell[2,5] dwell[3,1] dwell[3,2] dwell[3,3] dwell[3,4] dwell[3,5] dwell[4,1] dwell[4,2] dwell[4,3] dwell[4,4] dwell[4,5] dwell[5,1] dwell[5,2] dwell[5,3] dwell[5,4] dwell[5,5] objective </list>
v   <values> 0 8 20 38 60 10 30 35 48 57 20 32 38 63 84 30 44 52 65 101 40 49 63 69 74 0 6 17 25 60 0 15 35 40 57 0 32 37 52 84 0 35 49 65 101 0 46 54 68 74 60 57 84 101 74 0 0 6 14 0 0 0 6 14 0 0 0 6 14 0 0 0 6 63 0 0 44 12 63 0 0 0 6 14 0 0 0 6 14 0 0 0 6 63 0 0 44 12 63 0 0 48 56 64 1140 0 0 0 0 0 0 0 0 0 0 0 0 0 490 0 0 440 60 0 0 0 40 440 10 0 0 0 0 0 0 0 0 0 0 0 0 0 0 490 490 0 440 500 500 500 0 40 480 490 490 0 2 3 13 0 10 15 0 8 0 20 0 1 11 0 30 9 3 0 0 40 3 9 1 0 127920 </values>
v </instantiation>
c 00h06m12s | stage:objective-cut:soft-result search=step bound=129299 result=sat guard=14509646 hard=guard [LB,UB] = [0,127919]
c 00h06m12s | stage:objective-loop:enter encoder=log-scop mode=SoftCnf lower=0 upper=2850000 has_incumbent=true soft_active=true
c 00h06m12s | stage:objective-cut:soft-install bound=127919 guard=14509665 clauses_added=27
c 00h06m12s | stage:objective-cut:soft-probe search=step [LB,UB] = [0,127919] next 127919 source=install guard=14509665
c 00h06m12s | stage:sat:round-entry encoder=log-scop assumptions=1 phase_lits=1426 sat_vars=14509665 base_clauses=23855380
c 00h06m12s | stage:sat:init solver=CaDiCaL vars=14509665 clauses=23855380
c 00h06m12s | stage:sat:solve:start assumptions=1 phase_lits=1426
c 00h06m15s | stage:sat:solve:done ms=3096 result=Sat assumptions=1 phase_lits=1426
c 00h06m15s | stage:decode:start
c 00h06m16s | stage:decode:done int_assignments=181
c 00h06m16s | result:Sat
c 00h06m16s | objective:incumbent kind=improvement value=127900 rounds=7 improvements=6
o 127900
v <instantiation>
v   <list> departure[1,1] departure[1,2] departure[1,3] departure[1,4] departure[1,5] departure[2,1] departure[2,2] departure[2,3] departure[2,4] departure[2,5] departure[3,1] departure[3,2] departure[3,3] departure[3,4] departure[3,5] departure[4,1] departure[4,2] departure[4,3] departure[4,4] departure[4,5] departure[5,1] departure[5,2] departure[5,3] departure[5,4] departure[5,5] arrival[1,1] arrival[1,2] arrival[1,3] arrival[1,4] arrival[1,5] arrival[2,1] arrival[2,2] arrival[2,3] arrival[2,4] arrival[2,5] arrival[3,1] arrival[3,2] arrival[3,3] arrival[3,4] arrival[3,5] arrival[4,1] arrival[4,2] arrival[4,3] arrival[4,4] arrival[4,5] arrival[5,1] arrival[5,2] arrival[5,3] arrival[5,4] arrival[5,5] finalArrival[1] finalArrival[2] finalArrival[3] finalArrival[4] finalArrival[5] sigmaLower[1,1] sigmaLower[1,2] sigmaLower[1,3] sigmaLower[1,4] sigmaLower[1,5] sigmaLower[2,1] sigmaLower[2,2] sigmaLower[2,3] sigmaLower[2,4] sigmaLower[2,5] sigmaLower[3,1] sigmaLower[3,2] sigmaLower[3,3] sigmaLower[3,4] sigmaLower[3,5] sigmaLower[4,1] sigmaLower[4,2] sigmaLower[4,3] sigmaLower[4,4] sigmaLower[4,5] sigmaLower[5,1] sigmaLower[5,2] sigmaLower[5,3] sigmaLower[5,4] sigmaLower[5,5] sigmaUpper[1,1] sigmaUpper[1,2] sigmaUpper[1,3] sigmaUpper[1,4] sigmaUpper[1,5] sigmaUpper[2,1] sigmaUpper[2,2] sigmaUpper[2,3] sigmaUpper[2,4] sigmaUpper[2,5] sigmaUpper[3,1] sigmaUpper[3,2] sigmaUpper[3,3] sigmaUpper[3,4] sigmaUpper[3,5] sigmaUpper[4,1] sigmaUpper[4,2] sigmaUpper[4,3] sigmaUpper[4,4] sigmaUpper[4,5] sigmaUpper[5,1] sigmaUpper[5,2] sigmaUpper[5,3] sigmaUpper[5,4] sigmaUpper[5,5] collect[1,1] collect[1,2] collect[1,3] collect[1,4] collect[1,5] collect[2,1] collect[2,2] collect[2,3] collect[2,4] collect[2,5] collect[3,1] collect[3,2] collect[3,3] collect[3,4] collect[3,5] collect[4,1] collect[4,2] collect[4,3] collect[4,4] collect[4,5] collect[5,1] collect[5,2] collect[5,3] collect[5,4] collect[5,5] load[1,1] load[1,2] load[1,3] load[1,4] load[1,5] load[2,1] load[2,2] load[2,3] load[2,4] load[2,5] load[3,1] load[3,2] load[3,3] load[3,4] load[3,5] load[4,1] load[4,2] load[4,3] load[4,4] load[4,5] load[5,1] load[5,2] load[5,3] load[5,4] load[5,5] dwell[1,1] dwell[1,2] dwell[1,3] dwell[1,4] dwell[1,5] dwell[2,1] dwell[2,2] dwell[2,3] dwell[2,4] dwell[2,5] dwell[3,1] dwell[3,2] dwell[3,3] dwell[3,4] dwell[3,5] dwell[4,1] dwell[4,2] dwell[4,3] dwell[4,4] dwell[4,5] dwell[5,1] dwell[5,2] dwell[5,3] dwell[5,4] dwell[5,5] objective </list>
v   <values> 0 8 20 38 60 10 30 35 48 57 20 32 38 63 86 30 44 52 65 99 40 49 63 69 74 0 6 17 25 60 0 15 35 40 57 0 32 37 52 86 0 35 49 65 99 0 46 54 68 74 60 57 86 99 74 0 0 6 14 0 0 0 6 14 0 0 0 6 14 0 0 0 6 63 0 0 44 12 63 0 0 0 6 14 0 0 0 6 14 0 0 0 6 63 0 0 44 12 63 0 0 48 56 64 1140 0 0 0 0 0 0 0 0 0 0 0 0 0 490 0 0 440 60 0 0 0 40 440 10 0 0 0 0 0 0 0 0 0 0 0 0 0 0 490 490 0 440 500 500 500 0 40 480 490 490 0 2 3 13 0 10 15 0 8 0 20 0 1 11 0 30 9 3 0 0 40 3 9 1 0 127900 </values>
v </instantiation>
c 00h06m16s | stage:objective-cut:soft-result search=step bound=127919 result=sat guard=14509665 hard=guard [LB,UB] = [0,127899]
c 00h06m16s | stage:objective-loop:enter encoder=log-scop mode=SoftCnf lower=0 upper=2850000 has_incumbent=true soft_active=true
c 00h06m16s | stage:objective-cut:soft-install bound=127899 guard=14509686 clauses_added=30
c 00h06m16s | stage:objective-cut:soft-probe search=step [LB,UB] = [0,127899] next 127899 source=install guard=14509686
c 00h06m16s | stage:sat:round-entry encoder=log-scop assumptions=1 phase_lits=1426 sat_vars=14509686 base_clauses=23855411
c 00h06m16s | stage:sat:init solver=CaDiCaL vars=14509686 clauses=23855411
c 00h06m16s | stage:sat:solve:start assumptions=1 phase_lits=1426
c 00h06m18s | stage:sat:solve:done ms=1596 result=Sat assumptions=1 phase_lits=1426
c 00h06m18s | stage:decode:start
c 00h06m18s | stage:decode:done int_assignments=181
c 00h06m18s | result:Sat
c 00h06m18s | objective:incumbent kind=improvement value=127420 rounds=8 improvements=7
o 127420
v <instantiation>
v   <list> departure[1,1] departure[1,2] departure[1,3] departure[1,4] departure[1,5] departure[2,1] departure[2,2] departure[2,3] departure[2,4] departure[2,5] departure[3,1] departure[3,2] departure[3,3] departure[3,4] departure[3,5] departure[4,1] departure[4,2] departure[4,3] departure[4,4] departure[4,5] departure[5,1] departure[5,2] departure[5,3] departure[5,4] departure[5,5] arrival[1,1] arrival[1,2] arrival[1,3] arrival[1,4] arrival[1,5] arrival[2,1] arrival[2,2] arrival[2,3] arrival[2,4] arrival[2,5] arrival[3,1] arrival[3,2] arrival[3,3] arrival[3,4] arrival[3,5] arrival[4,1] arrival[4,2] arrival[4,3] arrival[4,4] arrival[4,5] arrival[5,1] arrival[5,2] arrival[5,3] arrival[5,4] arrival[5,5] finalArrival[1] finalArrival[2] finalArrival[3] finalArrival[4] finalArrival[5] sigmaLower[1,1] sigmaLower[1,2] sigmaLower[1,3] sigmaLower[1,4] sigmaLower[1,5] sigmaLower[2,1] sigmaLower[2,2] sigmaLower[2,3] sigmaLower[2,4] sigmaLower[2,5] sigmaLower[3,1] sigmaLower[3,2] sigmaLower[3,3] sigmaLower[3,4] sigmaLower[3,5] sigmaLower[4,1] sigmaLower[4,2] sigmaLower[4,3] sigmaLower[4,4] sigmaLower[4,5] sigmaLower[5,1] sigmaLower[5,2] sigmaLower[5,3] sigmaLower[5,4] sigmaLower[5,5] sigmaUpper[1,1] sigmaUpper[1,2] sigmaUpper[1,3] sigmaUpper[1,4] sigmaUpper[1,5] sigmaUpper[2,1] sigmaUpper[2,2] sigmaUpper[2,3] sigmaUpper[2,4] sigmaUpper[2,5] sigmaUpper[3,1] sigmaUpper[3,2] sigmaUpper[3,3] sigmaUpper[3,4] sigmaUpper[3,5] sigmaUpper[4,1] sigmaUpper[4,2] sigmaUpper[4,3] sigmaUpper[4,4] sigmaUpper[4,5] sigmaUpper[5,1] sigmaUpper[5,2] sigmaUpper[5,3] sigmaUpper[5,4] sigmaUpper[5,5] collect[1,1] collect[1,2] collect[1,3] collect[1,4] collect[1,5] collect[2,1] collect[2,2] collect[2,3] collect[2,4] collect[2,5] collect[3,1] collect[3,2] collect[3,3] collect[3,4] collect[3,5] collect[4,1] collect[4,2] collect[4,3] collect[4,4] collect[4,5] collect[5,1] collect[5,2] collect[5,3] collect[5,4] collect[5,5] load[1,1] load[1,2] load[1,3] load[1,4] load[1,5] load[2,1] load[2,2] load[2,3] load[2,4] load[2,5] load[3,1] load[3,2] load[3,3] load[3,4] load[3,5] load[4,1] load[4,2] load[4,3] load[4,4] load[4,5] load[5,1] load[5,2] load[5,3] load[5,4] load[5,5] dwell[1,1] dwell[1,2] dwell[1,3] dwell[1,4] dwell[1,5] dwell[2,1] dwell[2,2] dwell[2,3] dwell[2,4] dwell[2,5] dwell[3,1] dwell[3,2] dwell[3,3] dwell[3,4] dwell[3,5] dwell[4,1] dwell[4,2] dwell[4,3] dwell[4,4] dwell[4,5] dwell[5,1] dwell[5,2] dwell[5,3] dwell[5,4] dwell[5,5] objective </list>
v   <values> 0 8 20 38 60 10 30 35 48 57 20 32 38 63 83 30 44 52 65 100 40 49 63 69 75 0 6 17 25 60 0 15 35 40 57 0 32 37 52 83 0 35 49 65 100 0 46 54 68 75 60 57 83 100 75 0 0 6 14 0 0 0 6 14 0 0 0 6 14 0 0 0 6 63 0 0 44 12 63 0 0 0 6 14 0 0 0 6 14 0 0 0 6 63 0 0 44 12 63 0 0 48 56 64 1140 0 0 0 0 0 0 0 0 0 0 0 0 0 490 0 0 440 60 0 0 0 40 440 10 0 0 0 0 0 0 0 0 0 0 0 0 0 0 490 490 0 440 500 500 500 0 40 480 490 490 0 2 3 13 0 10 15 0 8 0 20 0 1 11 0 30 9 3 0 0 40 3 9 1 0 127420 </values>
v </instantiation>
c 00h06m18s | stage:objective-cut:soft-result search=step bound=127899 result=sat guard=14509686 hard=guard [LB,UB] = [0,127419]
c 00h06m18s | stage:objective-loop:enter encoder=log-scop mode=SoftCnf lower=0 upper=2850000 has_incumbent=true soft_active=true
c 00h06m18s | stage:objective-cut:soft-install bound=127419 guard=14509707 clauses_added=30
c 00h06m18s | stage:objective-cut:soft-probe search=step [LB,UB] = [0,127419] next 127419 source=install guard=14509707
c 00h06m18s | stage:sat:round-entry encoder=log-scop assumptions=1 phase_lits=1426 sat_vars=14509707 base_clauses=23855442
c 00h06m18s | stage:sat:init solver=CaDiCaL vars=14509707 clauses=23855442
c 00h06m18s | stage:sat:solve:start assumptions=1 phase_lits=1426
c 00h06m19s | stage:sat:solve:done ms=789 result=Sat assumptions=1 phase_lits=1426
c 00h06m19s | stage:decode:start
c 00h06m20s | stage:decode:done int_assignments=181
c 00h06m20s | result:Sat
c 00h06m20s | objective:incumbent kind=improvement value=126170 rounds=9 improvements=8
o 126170
v <instantiation>
v   <list> departure[1,1] departure[1,2] departure[1,3] departure[1,4] departure[1,5] departure[2,1] departure[2,2] departure[2,3] departure[2,4] departure[2,5] departure[3,1] departure[3,2] departure[3,3] departure[3,4] departure[3,5] departure[4,1] departure[4,2] departure[4,3] departure[4,4] departure[4,5] departure[5,1] departure[5,2] departure[5,3] departure[5,4] departure[5,5] arrival[1,1] arrival[1,2] arrival[1,3] arrival[1,4] arrival[1,5] arrival[2,1] arrival[2,2] arrival[2,3] arrival[2,4] arrival[2,5] arrival[3,1] arrival[3,2] arrival[3,3] arrival[3,4] arrival[3,5] arrival[4,1] arrival[4,2] arrival[4,3] arrival[4,4] arrival[4,5] arrival[5,1] arrival[5,2] arrival[5,3] arrival[5,4] arrival[5,5] finalArrival[1] finalArrival[2] finalArrival[3] finalArrival[4] finalArrival[5] sigmaLower[1,1] sigmaLower[1,2] sigmaLower[1,3] sigmaLower[1,4] sigmaLower[1,5] sigmaLower[2,1] sigmaLower[2,2] sigmaLower[2,3] sigmaLower[2,4] sigmaLower[2,5] sigmaLower[3,1] sigmaLower[3,2] sigmaLower[3,3] sigmaLower[3,4] sigmaLower[3,5] sigmaLower[4,1] sigmaLower[4,2] sigmaLower[4,3] sigmaLower[4,4] sigmaLower[4,5] sigmaLower[5,1] sigmaLower[5,2] sigmaLower[5,3] sigmaLower[5,4] sigmaLower[5,5] sigmaUpper[1,1] sigmaUpper[1,2] sigmaUpper[1,3] sigmaUpper[1,4] sigmaUpper[1,5] sigmaUpper[2,1] sigmaUpper[2,2] sigmaUpper[2,3] sigmaUpper[2,4] sigmaUpper[2,5] sigmaUpper[3,1] sigmaUpper[3,2] sigmaUpper[3,3] sigmaUpper[3,4] sigmaUpper[3,5] sigmaUpper[4,1] sigmaUpper[4,2] sigmaUpper[4,3] sigmaUpper[4,4] sigmaUpper[4,5] sigmaUpper[5,1] sigmaUpper[5,2] sigmaUpper[5,3] sigmaUpper[5,4] sigmaUpper[5,5] collect[1,1] collect[1,2] collect[1,3] collect[1,4] collect[1,5] collect[2,1] collect[2,2] collect[2,3] collect[2,4] collect[2,5] collect[3,1] collect[3,2] collect[3,3] collect[3,4] collect[3,5] collect[4,1] collect[4,2] collect[4,3] collect[4,4] collect[4,5] collect[5,1] collect[5,2] collect[5,3] collect[5,4] collect[5,5] load[1,1] load[1,2] load[1,3] load[1,4] load[1,5] load[2,1] load[2,2] load[2,3] load[2,4] load[2,5] load[3,1] load[3,2] load[3,3] load[3,4] load[3,5] load[4,1] load[4,2] load[4,3] load[4,4] load[4,5] load[5,1] load[5,2] load[5,3] load[5,4] load[5,5] dwell[1,1] dwell[1,2] dwell[1,3] dwell[1,4] dwell[1,5] dwell[2,1] dwell[2,2] dwell[2,3] dwell[2,4] dwell[2,5] dwell[3,1] dwell[3,2] dwell[3,3] dwell[3,4] dwell[3,5] dwell[4,1] dwell[4,2] dwell[4,3] dwell[4,4] dwell[4,5] dwell[5,1] dwell[5,2] dwell[5,3] dwell[5,4] dwell[5,5] objective </list>
v   <values> 0 8 20 38 60 10 30 35 48 57 20 32 38 63 108 30 44 60 65 73 40 57 63 69 75 0 6 17 25 60 0 15 35 40 57 0 32 37 52 108 0 35 49 65 73 0 46 62 68 75 60 57 108 73 75 0 0 6 14 0 0 0 6 14 0 0 0 6 14 0 0 0 6 63 0 0 0 56 63 0 0 0 6 14 0 0 0 6 14 0 0 0 6 63 0 0 0 56 63 0 0 48 56 64 1140 0 0 0 0 0 0 0 0 0 0 0 0 0 490 0 0 0 500 0 0 0 480 0 10 0 0 0 0 0 0 0 0 0 0 0 0 0 0 490 490 0 0 500 500 500 0 480 480 490 490 0 2 3 13 0 10 15 0 8 0 20 0 1 11 0 30 9 11 0 0 40 11 1 1 0 126170 </values>
v </instantiation>
c 00h06m20s | stage:objective-cut:soft-result search=step bound=127419 result=sat guard=14509707 hard=guard [LB,UB] = [0,126169]
c 00h06m20s | stage:objective-loop:enter encoder=log-scop mode=SoftCnf lower=0 upper=2850000 has_incumbent=true soft_active=true
c 00h06m20s | stage:objective-cut:soft-install bound=126169 guard=14509729 clauses_added=32
c 00h06m20s | stage:objective-cut:soft-probe search=step [LB,UB] = [0,126169] next 126169 source=install guard=14509729
c 00h06m20s | stage:sat:round-entry encoder=log-scop assumptions=1 phase_lits=1426 sat_vars=14509729 base_clauses=23855475
c 00h06m20s | stage:sat:init solver=CaDiCaL vars=14509729 clauses=23855475
c 00h06m20s | stage:sat:solve:start assumptions=1 phase_lits=1426
c 00h06m23s | stage:sat:solve:done ms=3328 result=Sat assumptions=1 phase_lits=1426
c 00h06m23s | stage:decode:start
c 00h06m24s | stage:decode:done int_assignments=181
c 00h06m24s | result:Sat
c 00h06m24s | objective:incumbent kind=improvement value=107660 rounds=10 improvements=9
o 107660
v <instantiation>
v   <list> departure[1,1] departure[1,2] departure[1,3] departure[1,4] departure[1,5] departure[2,1] departure[2,2] departure[2,3] departure[2,4] departure[2,5] departure[3,1] departure[3,2] departure[3,3] departure[3,4] departure[3,5] departure[4,1] departure[4,2] departure[4,3] departure[4,4] departure[4,5] departure[5,1] departure[5,2] departure[5,3] departure[5,4] departure[5,5] arrival[1,1] arrival[1,2] arrival[1,3] arrival[1,4] arrival[1,5] arrival[2,1] arrival[2,2] arrival[2,3] arrival[2,4] arrival[2,5] arrival[3,1] arrival[3,2] arrival[3,3] arrival[3,4] arrival[3,5] arrival[4,1] arrival[4,2] arrival[4,3] arrival[4,4] arrival[4,5] arrival[5,1] arrival[5,2] arrival[5,3] arrival[5,4] arrival[5,5] finalArrival[1] finalArrival[2] finalArrival[3] finalArrival[4] finalArrival[5] sigmaLower[1,1] sigmaLower[1,2] sigmaLower[1,3] sigmaLower[1,4] sigmaLower[1,5] sigmaLower[2,1] sigmaLower[2,2] sigmaLower[2,3] sigmaLower[2,4] sigmaLower[2,5] sigmaLower[3,1] sigmaLower[3,2] sigmaLower[3,3] sigmaLower[3,4] sigmaLower[3,5] sigmaLower[4,1] sigmaLower[4,2] sigmaLower[4,3] sigmaLower[4,4] sigmaLower[4,5] sigmaLower[5,1] sigmaLower[5,2] sigmaLower[5,3] sigmaLower[5,4] sigmaLower[5,5] sigmaUpper[1,1] sigmaUpper[1,2] sigmaUpper[1,3] sigmaUpper[1,4] sigmaUpper[1,5] sigmaUpper[2,1] sigmaUpper[2,2] sigmaUpper[2,3] sigmaUpper[2,4] sigmaUpper[2,5] sigmaUpper[3,1] sigmaUpper[3,2] sigmaUpper[3,3] sigmaUpper[3,4] sigmaUpper[3,5] sigmaUpper[4,1] sigmaUpper[4,2] sigmaUpper[4,3] sigmaUpper[4,4] sigmaUpper[4,5] sigmaUpper[5,1] sigmaUpper[5,2] sigmaUpper[5,3] sigmaUpper[5,4] sigmaUpper[5,5] collect[1,1] collect[1,2] collect[1,3] collect[1,4] collect[1,5] collect[2,1] collect[2,2] collect[2,3] collect[2,4] collect[2,5] collect[3,1] collect[3,2] collect[3,3] collect[3,4] collect[3,5] collect[4,1] collect[4,2] collect[4,3] collect[4,4] collect[4,5] collect[5,1] collect[5,2] collect[5,3] collect[5,4] collect[5,5] load[1,1] load[1,2] load[1,3] load[1,4] load[1,5] load[2,1] load[2,2] load[2,3] load[2,4] load[2,5] load[3,1] load[3,2] load[3,3] load[3,4] load[3,5] load[4,1] load[4,2] load[4,3] load[4,4] load[4,5] load[5,1] load[5,2] load[5,3] load[5,4] load[5,5] dwell[1,1] dwell[1,2] dwell[1,3] dwell[1,4] dwell[1,5] dwell[2,1] dwell[2,2] dwell[2,3] dwell[2,4] dwell[2,5] dwell[3,1] dwell[3,2] dwell[3,3] dwell[3,4] dwell[3,5] dwell[4,1] dwell[4,2] dwell[4,3] dwell[4,4] dwell[4,5] dwell[5,1] dwell[5,2] dwell[5,3] dwell[5,4] dwell[5,5] objective </list>
v   <values> 0 8 20 38 60 10 30 35 48 57 20 32 38 62 67 30 40 55 65 72 40 57 63 69 79 0 6 17 25 60 0 15 35 40 57 0 32 37 52 67 0 35 45 64 72 0 46 62 68 79 60 57 67 72 79 0 0 6 14 0 0 0 6 14 0 0 0 6 14 0 0 0 6 62 0 0 0 55 63 0 0 0 6 14 0 0 0 6 14 0 0 0 6 62 0 0 0 55 63 0 0 48 56 64 1140 0 0 0 0 0 0 0 0 0 0 0 0 0 480 0 0 0 490 10 0 0 480 10 10 0 0 0 0 0 0 0 0 0 0 0 0 0 0 480 480 0 0 490 500 500 0 480 490 500 500 0 2 3 13 0 10 15 0 8 0 20 0 1 10 0 30 5 10 1 0 40 11 1 1 0 107660 </values>
v </instantiation>
c 00h06m24s | stage:objective-cut:soft-result search=step bound=126169 result=sat guard=14509729 hard=guard [LB,UB] = [0,107659]
c 00h06m24s | stage:objective-loop:enter encoder=log-scop mode=SoftCnf lower=0 upper=2850000 has_incumbent=true soft_active=true
c 00h06m24s | stage:objective-cut:soft-install bound=107659 guard=14509750 clauses_added=34
c 00h06m24s | stage:objective-cut:soft-probe search=step [LB,UB] = [0,107659] next 107659 source=install guard=14509750
c 00h06m24s | stage:sat:round-entry encoder=log-scop assumptions=1 phase_lits=1426 sat_vars=14509750 base_clauses=23855510
c 00h06m24s | stage:sat:init solver=CaDiCaL vars=14509750 clauses=23855510
c 00h06m24s | stage:sat:solve:start assumptions=1 phase_lits=1426
c 00h06m35s | stage:sat:solve:done ms=10231 result=Sat assumptions=1 phase_lits=1426
c 00h06m35s | stage:decode:start
c 00h06m35s | stage:decode:done int_assignments=181
c 00h06m35s | result:Sat
c 00h06m35s | objective:incumbent kind=improvement value=106040 rounds=11 improvements=10
o 106040
v <instantiation>
v   <list> departure[1,1] departure[1,2] departure[1,3] departure[1,4] departure[1,5] departure[2,1] departure[2,2] departure[2,3] departure[2,4] departure[2,5] departure[3,1] departure[3,2] departure[3,3] departure[3,4] departure[3,5] departure[4,1] departure[4,2] departure[4,3] departure[4,4] departure[4,5] departure[5,1] departure[5,2] departure[5,3] departure[5,4] departure[5,5] arrival[1,1] arrival[1,2] arrival[1,3] arrival[1,4] arrival[1,5] arrival[2,1] arrival[2,2] arrival[2,3] arrival[2,4] arrival[2,5] arrival[3,1] arrival[3,2] arrival[3,3] arrival[3,4] arrival[3,5] arrival[4,1] arrival[4,2] arrival[4,3] arrival[4,4] arrival[4,5] arrival[5,1] arrival[5,2] arrival[5,3] arrival[5,4] arrival[5,5] finalArrival[1] finalArrival[2] finalArrival[3] finalArrival[4] finalArrival[5] sigmaLower[1,1] sigmaLower[1,2] sigmaLower[1,3] sigmaLower[1,4] sigmaLower[1,5] sigmaLower[2,1] sigmaLower[2,2] sigmaLower[2,3] sigmaLower[2,4] sigmaLower[2,5] sigmaLower[3,1] sigmaLower[3,2] sigmaLower[3,3] sigmaLower[3,4] sigmaLower[3,5] sigmaLower[4,1] sigmaLower[4,2] sigmaLower[4,3] sigmaLower[4,4] sigmaLower[4,5] sigmaLower[5,1] sigmaLower[5,2] sigmaLower[5,3] sigmaLower[5,4] sigmaLower[5,5] sigmaUpper[1,1] sigmaUpper[1,2] sigmaUpper[1,3] sigmaUpper[1,4] sigmaUpper[1,5] sigmaUpper[2,1] sigmaUpper[2,2] sigmaUpper[2,3] sigmaUpper[2,4] sigmaUpper[2,5] sigmaUpper[3,1] sigmaUpper[3,2] sigmaUpper[3,3] sigmaUpper[3,4] sigmaUpper[3,5] sigmaUpper[4,1] sigmaUpper[4,2] sigmaUpper[4,3] sigmaUpper[4,4] sigmaUpper[4,5] sigmaUpper[5,1] sigmaUpper[5,2] sigmaUpper[5,3] sigmaUpper[5,4] sigmaUpper[5,5] collect[1,1] collect[1,2] collect[1,3] collect[1,4] collect[1,5] collect[2,1] collect[2,2] collect[2,3] collect[2,4] collect[2,5] collect[3,1] collect[3,2] collect[3,3] collect[3,4] collect[3,5] collect[4,1] collect[4,2] collect[4,3] collect[4,4] collect[4,5] collect[5,1] collect[5,2] collect[5,3] collect[5,4] collect[5,5] load[1,1] load[1,2] load[1,3] load[1,4] load[1,5] load[2,1] load[2,2] load[2,3] load[2,4] load[2,5] load[3,1] load[3,2] load[3,3] load[3,4] load[3,5] load[4,1] load[4,2] load[4,3] load[4,4] load[4,5] load[5,1] load[5,2] load[5,3] load[5,4] load[5,5] dwell[1,1] dwell[1,2] dwell[1,3] dwell[1,4] dwell[1,5] dwell[2,1] dwell[2,2] dwell[2,3] dwell[2,4] dwell[2,5] dwell[3,1] dwell[3,2] dwell[3,3] dwell[3,4] dwell[3,5] dwell[4,1] dwell[4,2] dwell[4,3] dwell[4,4] dwell[4,5] dwell[5,1] dwell[5,2] dwell[5,3] dwell[5,4] dwell[5,5] objective </list>
v   <values> 0 8 28 38 60 10 30 36 41 57 20 32 38 64 70 30 40 56 66 72 40 55 63 68 73 0 6 17 33 60 0 15 35 41 57 0 32 38 52 70 0 36 45 66 72 0 45 60 68 73 60 57 70 72 73 0 0 6 14 0 0 0 6 14 0 0 0 6 14 0 0 0 6 64 0 0 0 56 64 0 0 0 6 14 0 0 0 6 14 0 0 0 6 64 0 0 0 56 64 0 0 48 56 64 1140 0 0 0 0 0 0 0 0 0 0 0 0 0 500 0 0 0 500 0 0 0 480 0 0 0 0 0 0 0 0 0 0 0 0 0 0 0 0 500 500 0 0 500 500 500 0 480 480 480 480 0 2 11 5 0 10 15 1 0 0 20 0 0 12 0 30 4 11 0 0 40 10 3 0 0 106040 </values>
v </instantiation>
c 00h06m35s | stage:objective-cut:soft-result search=step bound=107659 result=sat guard=14509750 hard=guard [LB,UB] = [0,106039]
c 00h06m35s | stage:objective-loop:enter encoder=log-scop mode=SoftCnf lower=0 upper=2850000 has_incumbent=true soft_active=true
c 00h06m35s | stage:objective-cut:soft-install bound=106039 guard=14509770 clauses_added=30
c 00h06m35s | stage:objective-cut:soft-probe search=step [LB,UB] = [0,106039] next 106039 source=install guard=14509770
c 00h06m35s | stage:sat:round-entry encoder=log-scop assumptions=1 phase_lits=1426 sat_vars=14509770 base_clauses=23855541
c 00h06m35s | stage:sat:init solver=CaDiCaL vars=14509770 clauses=23855541
c 00h06m35s | stage:sat:solve:start assumptions=1 phase_lits=1426
c 00h06m49s | stage:sat:solve:done ms=13566 result=Sat assumptions=1 phase_lits=1426
c 00h06m49s | stage:decode:start
c 00h06m50s | stage:decode:done int_assignments=181
c 00h06m50s | result:Sat
c 00h06m50s | objective:incumbent kind=improvement value=105660 rounds=12 improvements=11
o 105660
v <instantiation>
v   <list> departure[1,1] departure[1,2] departure[1,3] departure[1,4] departure[1,5] departure[2,1] departure[2,2] departure[2,3] departure[2,4] departure[2,5] departure[3,1] departure[3,2] departure[3,3] departure[3,4] departure[3,5] departure[4,1] departure[4,2] departure[4,3] departure[4,4] departure[4,5] departure[5,1] departure[5,2] departure[5,3] departure[5,4] departure[5,5] arrival[1,1] arrival[1,2] arrival[1,3] arrival[1,4] arrival[1,5] arrival[2,1] arrival[2,2] arrival[2,3] arrival[2,4] arrival[2,5] arrival[3,1] arrival[3,2] arrival[3,3] arrival[3,4] arrival[3,5] arrival[4,1] arrival[4,2] arrival[4,3] arrival[4,4] arrival[4,5] arrival[5,1] arrival[5,2] arrival[5,3] arrival[5,4] arrival[5,5] finalArrival[1] finalArrival[2] finalArrival[3] finalArrival[4] finalArrival[5] sigmaLower[1,1] sigmaLower[1,2] sigmaLower[1,3] sigmaLower[1,4] sigmaLower[1,5] sigmaLower[2,1] sigmaLower[2,2] sigmaLower[2,3] sigmaLower[2,4] sigmaLower[2,5] sigmaLower[3,1] sigmaLower[3,2] sigmaLower[3,3] sigmaLower[3,4] sigmaLower[3,5] sigmaLower[4,1] sigmaLower[4,2] sigmaLower[4,3] sigmaLower[4,4] sigmaLower[4,5] sigmaLower[5,1] sigmaLower[5,2] sigmaLower[5,3] sigmaLower[5,4] sigmaLower[5,5] sigmaUpper[1,1] sigmaUpper[1,2] sigmaUpper[1,3] sigmaUpper[1,4] sigmaUpper[1,5] sigmaUpper[2,1] sigmaUpper[2,2] sigmaUpper[2,3] sigmaUpper[2,4] sigmaUpper[2,5] sigmaUpper[3,1] sigmaUpper[3,2] sigmaUpper[3,3] sigmaUpper[3,4] sigmaUpper[3,5] sigmaUpper[4,1] sigmaUpper[4,2] sigmaUpper[4,3] sigmaUpper[4,4] sigmaUpper[4,5] sigmaUpper[5,1] sigmaUpper[5,2] sigmaUpper[5,3] sigmaUpper[5,4] sigmaUpper[5,5] collect[1,1] collect[1,2] collect[1,3] collect[1,4] collect[1,5] collect[2,1] collect[2,2] collect[2,3] collect[2,4] collect[2,5] collect[3,1] collect[3,2] collect[3,3] collect[3,4] collect[3,5] collect[4,1] collect[4,2] collect[4,3] collect[4,4] collect[4,5] collect[5,1] collect[5,2] collect[5,3] collect[5,4] collect[5,5] load[1,1] load[1,2] load[1,3] load[1,4] load[1,5] load[2,1] load[2,2] load[2,3] load[2,4] load[2,5] load[3,1] load[3,2] load[3,3] load[3,4] load[3,5] load[4,1] load[4,2] load[4,3] load[4,4] load[4,5] load[5,1] load[5,2] load[5,3] load[5,4] load[5,5] dwell[1,1] dwell[1,2] dwell[1,3] dwell[1,4] dwell[1,5] dwell[2,1] dwell[2,2] dwell[2,3] dwell[2,4] dwell[2,5] dwell[3,1] dwell[3,2] dwell[3,3] dwell[3,4] dwell[3,5] dwell[4,1] dwell[4,2] dwell[4,3] dwell[4,4] dwell[4,5] dwell[5,1] dwell[5,2] dwell[5,3] dwell[5,4] dwell[5,5] objective </list>
v   <values> 0 8 22 34 82 10 30 35 40 57 20 32 38 62 67 30 40 56 64 69 40 55 61 67 72 0 6 17 27 82 0 15 35 40 57 0 32 38 50 67 0 36 45 64 69 0 45 60 66 72 82 57 67 69 72 0 0 6 14 0 0 0 6 34 0 0 0 6 34 0 0 0 6 62 0 0 0 56 62 0 0 0 6 34 0 0 0 6 34 0 0 0 6 62 0 0 0 56 62 0 0 48 56 64 1140 0 0 0 200 0 0 0 0 0 0 0 0 0 280 0 0 0 500 0 0 0 480 0 20 0 0 0 0 200 200 0 0 0 0 0 0 0 0 280 280 0 0 500 500 500 0 480 480 500 500 0 2 5 7 0 10 15 0 0 0 20 0 0 12 0 30 4 11 0 0 40 10 1 1 0 105660 </values>
v </instantiation>
c 00h06m50s | stage:objective-cut:soft-result search=step bound=106039 result=sat guard=14509770 hard=guard [LB,UB] = [0,105659]
c 00h06m50s | stage:objective-loop:enter encoder=log-scop mode=SoftCnf lower=0 upper=2850000 has_incumbent=true soft_active=true
c 00h06m50s | stage:objective-cut:soft-install bound=105659 guard=14509791 clauses_added=31
c 00h06m50s | stage:objective-cut:soft-probe search=step [LB,UB] = [0,105659] next 105659 source=install guard=14509791
c 00h06m50s | stage:sat:round-entry encoder=log-scop assumptions=1 phase_lits=1426 sat_vars=14509791 base_clauses=23855573
c 00h06m50s | stage:sat:init solver=CaDiCaL vars=14509791 clauses=23855573
c 00h06m50s | stage:sat:solve:start assumptions=1 phase_lits=1426
c 00h06m56s | stage:sat:solve:done ms=6044 result=Sat assumptions=1 phase_lits=1426
c 00h06m56s | stage:decode:start
c 00h06m57s | stage:decode:done int_assignments=181
c 00h06m57s | result:Sat
c 00h06m57s | objective:incumbent kind=improvement value=98260 rounds=13 improvements=12
o 98260
v <instantiation>
v   <list> departure[1,1] departure[1,2] departure[1,3] departure[1,4] departure[1,5] departure[2,1] departure[2,2] departure[2,3] departure[2,4] departure[2,5] departure[3,1] departure[3,2] departure[3,3] departure[3,4] departure[3,5] departure[4,1] departure[4,2] departure[4,3] departure[4,4] departure[4,5] departure[5,1] departure[5,2] departure[5,3] departure[5,4] departure[5,5] arrival[1,1] arrival[1,2] arrival[1,3] arrival[1,4] arrival[1,5] arrival[2,1] arrival[2,2] arrival[2,3] arrival[2,4] arrival[2,5] arrival[3,1] arrival[3,2] arrival[3,3] arrival[3,4] arrival[3,5] arrival[4,1] arrival[4,2] arrival[4,3] arrival[4,4] arrival[4,5] arrival[5,1] arrival[5,2] arrival[5,3] arrival[5,4] arrival[5,5] finalArrival[1] finalArrival[2] finalArrival[3] finalArrival[4] finalArrival[5] sigmaLower[1,1] sigmaLower[1,2] sigmaLower[1,3] sigmaLower[1,4] sigmaLower[1,5] sigmaLower[2,1] sigmaLower[2,2] sigmaLower[2,3] sigmaLower[2,4] sigmaLower[2,5] sigmaLower[3,1] sigmaLower[3,2] sigmaLower[3,3] sigmaLower[3,4] sigmaLower[3,5] sigmaLower[4,1] sigmaLower[4,2] sigmaLower[4,3] sigmaLower[4,4] sigmaLower[4,5] sigmaLower[5,1] sigmaLower[5,2] sigmaLower[5,3] sigmaLower[5,4] sigmaLower[5,5] sigmaUpper[1,1] sigmaUpper[1,2] sigmaUpper[1,3] sigmaUpper[1,4] sigmaUpper[1,5] sigmaUpper[2,1] sigmaUpper[2,2] sigmaUpper[2,3] sigmaUpper[2,4] sigmaUpper[2,5] sigmaUpper[3,1] sigmaUpper[3,2] sigmaUpper[3,3] sigmaUpper[3,4] sigmaUpper[3,5] sigmaUpper[4,1] sigmaUpper[4,2] sigmaUpper[4,3] sigmaUpper[4,4] sigmaUpper[4,5] sigmaUpper[5,1] sigmaUpper[5,2] sigmaUpper[5,3] sigmaUpper[5,4] sigmaUpper[5,5] collect[1,1] collect[1,2] collect[1,3] collect[1,4] collect[1,5] collect[2,1] collect[2,2] collect[2,3] collect[2,4] collect[2,5] collect[3,1] collect[3,2] collect[3,3] collect[3,4] collect[3,5] collect[4,1] collect[4,2] collect[4,3] collect[4,4] collect[4,5] collect[5,1] collect[5,2] collect[5,3] collect[5,4] collect[5,5] load[1,1] load[1,2] load[1,3] load[1,4] load[1,5] load[2,1] load[2,2] load[2,3] load[2,4] load[2,5] load[3,1] load[3,2] load[3,3] load[3,4] load[3,5] load[4,1] load[4,2] load[4,3] load[4,4] load[4,5] load[5,1] load[5,2] load[5,3] load[5,4] load[5,5] dwell[1,1] dwell[1,2] dwell[1,3] dwell[1,4] dwell[1,5] dwell[2,1] dwell[2,2] dwell[2,3] dwell[2,4] dwell[2,5] dwell[3,1] dwell[3,2] dwell[3,3] dwell[3,4] dwell[3,5] dwell[4,1] dwell[4,2] dwell[4,3] dwell[4,4] dwell[4,5] dwell[5,1] dwell[5,2] dwell[5,3] dwell[5,4] dwell[5,5] objective </list>
v   <values> 0 8 22 34 40 10 30 35 40 57 20 32 38 62 67 30 40 56 64 69 40 55 61 67 74 0 6 17 27 40 0 15 35 40 57 0 32 38 50 67 0 36 45 64 69 0 45 60 66 74 40 57 67 69 74 0 0 6 14 0 0 0 6 34 0 0 0 6 34 0 0 0 6 62 0 0 0 56 62 0 0 0 6 34 0 0 0 6 34 0 0 0 6 62 0 0 0 56 62 0 0 48 56 64 1140 0 0 0 200 0 0 0 0 0 0 0 0 0 280 0 0 0 500 0 0 0 480 0 20 0 0 0 0 200 200 0 0 0 0 0 0 0 0 280 280 0 0 500 500 500 0 480 480 500 500 0 2 5 7 0 10 15 0 0 0 20 0 0 12 0 30 4 11 0 0 40 10 1 1 0 98260 </values>
v </instantiation>
c 00h06m57s | stage:objective-cut:soft-result search=step bound=105659 result=sat guard=14509791 hard=guard [LB,UB] = [0,98259]
c 00h06m57s | stage:objective-loop:enter encoder=log-scop mode=SoftCnf lower=0 upper=2850000 has_incumbent=true soft_active=true
c 00h06m57s | stage:objective-cut:soft-install bound=98259 guard=14509812 clauses_added=29
c 00h06m57s | stage:objective-cut:soft-probe search=step [LB,UB] = [0,98259] next 98259 source=install guard=14509812
c 00h06m57s | stage:sat:round-entry encoder=log-scop assumptions=1 phase_lits=1426 sat_vars=14509812 base_clauses=23855603
c 00h06m57s | stage:sat:init solver=CaDiCaL vars=14509812 clauses=23855603
c 00h06m57s | stage:sat:solve:start assumptions=1 phase_lits=1426
c 00h06m59s | stage:sat:solve:done ms=1977 result=Sat assumptions=1 phase_lits=1426
c 00h06m59s | stage:decode:start
c 00h07m00s | stage:decode:done int_assignments=181
c 00h07m00s | result:Sat
c 00h07m00s | objective:incumbent kind=improvement value=98240 rounds=14 improvements=13
o 98240
v <instantiation>
v   <list> departure[1,1] departure[1,2] departure[1,3] departure[1,4] departure[1,5] departure[2,1] departure[2,2] departure[2,3] departure[2,4] departure[2,5] departure[3,1] departure[3,2] departure[3,3] departure[3,4] departure[3,5] departure[4,1] departure[4,2] departure[4,3] departure[4,4] departure[4,5] departure[5,1] departure[5,2] departure[5,3] departure[5,4] departure[5,5] arrival[1,1] arrival[1,2] arrival[1,3] arrival[1,4] arrival[1,5] arrival[2,1] arrival[2,2] arrival[2,3] arrival[2,4] arrival[2,5] arrival[3,1] arrival[3,2] arrival[3,3] arrival[3,4] arrival[3,5] arrival[4,1] arrival[4,2] arrival[4,3] arrival[4,4] arrival[4,5] arrival[5,1] arrival[5,2] arrival[5,3] arrival[5,4] arrival[5,5] finalArrival[1] finalArrival[2] finalArrival[3] finalArrival[4] finalArrival[5] sigmaLower[1,1] sigmaLower[1,2] sigmaLower[1,3] sigmaLower[1,4] sigmaLower[1,5] sigmaLower[2,1] sigmaLower[2,2] sigmaLower[2,3] sigmaLower[2,4] sigmaLower[2,5] sigmaLower[3,1] sigmaLower[3,2] sigmaLower[3,3] sigmaLower[3,4] sigmaLower[3,5] sigmaLower[4,1] sigmaLower[4,2] sigmaLower[4,3] sigmaLower[4,4] sigmaLower[4,5] sigmaLower[5,1] sigmaLower[5,2] sigmaLower[5,3] sigmaLower[5,4] sigmaLower[5,5] sigmaUpper[1,1] sigmaUpper[1,2] sigmaUpper[1,3] sigmaUpper[1,4] sigmaUpper[1,5] sigmaUpper[2,1] sigmaUpper[2,2] sigmaUpper[2,3] sigmaUpper[2,4] sigmaUpper[2,5] sigmaUpper[3,1] sigmaUpper[3,2] sigmaUpper[3,3] sigmaUpper[3,4] sigmaUpper[3,5] sigmaUpper[4,1] sigmaUpper[4,2] sigmaUpper[4,3] sigmaUpper[4,4] sigmaUpper[4,5] sigmaUpper[5,1] sigmaUpper[5,2] sigmaUpper[5,3] sigmaUpper[5,4] sigmaUpper[5,5] collect[1,1] collect[1,2] collect[1,3] collect[1,4] collect[1,5] collect[2,1] collect[2,2] collect[2,3] collect[2,4] collect[2,5] collect[3,1] collect[3,2] collect[3,3] collect[3,4] collect[3,5] collect[4,1] collect[4,2] collect[4,3] collect[4,4] collect[4,5] collect[5,1] collect[5,2] collect[5,3] collect[5,4] collect[5,5] load[1,1] load[1,2] load[1,3] load[1,4] load[1,5] load[2,1] load[2,2] load[2,3] load[2,4] load[2,5] load[3,1] load[3,2] load[3,3] load[3,4] load[3,5] load[4,1] load[4,2] load[4,3] load[4,4] load[4,5] load[5,1] load[5,2] load[5,3] load[5,4] load[5,5] dwell[1,1] dwell[1,2] dwell[1,3] dwell[1,4] dwell[1,5] dwell[2,1] dwell[2,2] dwell[2,3] dwell[2,4] dwell[2,5] dwell[3,1] dwell[3,2] dwell[3,3] dwell[3,4] dwell[3,5] dwell[4,1] dwell[4,2] dwell[4,3] dwell[4,4] dwell[4,5] dwell[5,1] dwell[5,2] dwell[5,3] dwell[5,4] dwell[5,5] objective </list>
v   <values> 0 8 22 34 41 10 30 35 44 57 20 32 38 62 68 30 40 56 64 70 40 55 61 67 72 0 6 17 27 41 0 15 35 41 57 0 32 38 50 68 0 36 45 64 70 0 45 60 66 72 41 57 68 70 72 0 0 6 14 0 0 0 6 34 0 0 0 6 34 0 0 0 6 62 0 0 0 56 62 0 0 0 6 34 0 0 0 6 34 0 0 0 6 62 0 0 0 56 62 0 0 48 56 64 1140 0 0 0 200 0 0 0 0 0 0 0 0 0 280 0 0 0 500 0 0 0 480 0 20 0 0 0 0 200 200 0 0 0 0 0 0 0 0 280 280 0 0 500 500 500 0 480 480 500 500 0 2 5 7 0 10 15 0 3 0 20 0 0 12 0 30 4 11 0 0 40 10 1 1 0 98240 </values>
v </instantiation>
c 00h07m00s | stage:objective-cut:soft-result search=step bound=98259 result=sat guard=14509812 hard=guard [LB,UB] = [0,98239]
c 00h07m00s | stage:objective-loop:enter encoder=log-scop mode=SoftCnf lower=0 upper=2850000 has_incumbent=true soft_active=true
c 00h07m00s | stage:objective-cut:soft-install bound=98239 guard=14509829 clauses_added=23
c 00h07m00s | stage:objective-cut:soft-probe search=step [LB,UB] = [0,98239] next 98239 source=install guard=14509829
c 00h07m00s | stage:sat:round-entry encoder=log-scop assumptions=1 phase_lits=1426 sat_vars=14509829 base_clauses=23855627
c 00h07m00s | stage:sat:init solver=CaDiCaL vars=14509829 clauses=23855627
c 00h07m00s | stage:sat:solve:start assumptions=1 phase_lits=1426
c 00h07m02s | stage:sat:solve:done ms=2648 result=Sat assumptions=1 phase_lits=1426
c 00h07m02s | stage:decode:start
c 00h07m03s | stage:decode:done int_assignments=181
c 00h07m03s | result:Sat
c 00h07m03s | objective:incumbent kind=improvement value=97960 rounds=15 improvements=14
o 97960
v <instantiation>
v   <list> departure[1,1] departure[1,2] departure[1,3] departure[1,4] departure[1,5] departure[2,1] departure[2,2] departure[2,3] departure[2,4] departure[2,5] departure[3,1] departure[3,2] departure[3,3] departure[3,4] departure[3,5] departure[4,1] departure[4,2] departure[4,3] departure[4,4] departure[4,5] departure[5,1] departure[5,2] departure[5,3] departure[5,4] departure[5,5] arrival[1,1] arrival[1,2] arrival[1,3] arrival[1,4] arrival[1,5] arrival[2,1] arrival[2,2] arrival[2,3] arrival[2,4] arrival[2,5] arrival[3,1] arrival[3,2] arrival[3,3] arrival[3,4] arrival[3,5] arrival[4,1] arrival[4,2] arrival[4,3] arrival[4,4] arrival[4,5] arrival[5,1] arrival[5,2] arrival[5,3] arrival[5,4] arrival[5,5] finalArrival[1] finalArrival[2] finalArrival[3] finalArrival[4] finalArrival[5] sigmaLower[1,1] sigmaLower[1,2] sigmaLower[1,3] sigmaLower[1,4] sigmaLower[1,5] sigmaLower[2,1] sigmaLower[2,2] sigmaLower[2,3] sigmaLower[2,4] sigmaLower[2,5] sigmaLower[3,1] sigmaLower[3,2] sigmaLower[3,3] sigmaLower[3,4] sigmaLower[3,5] sigmaLower[4,1] sigmaLower[4,2] sigmaLower[4,3] sigmaLower[4,4] sigmaLower[4,5] sigmaLower[5,1] sigmaLower[5,2] sigmaLower[5,3] sigmaLower[5,4] sigmaLower[5,5] sigmaUpper[1,1] sigmaUpper[1,2] sigmaUpper[1,3] sigmaUpper[1,4] sigmaUpper[1,5] sigmaUpper[2,1] sigmaUpper[2,2] sigmaUpper[2,3] sigmaUpper[2,4] sigmaUpper[2,5] sigmaUpper[3,1] sigmaUpper[3,2] sigmaUpper[3,3] sigmaUpper[3,4] sigmaUpper[3,5] sigmaUpper[4,1] sigmaUpper[4,2] sigmaUpper[4,3] sigmaUpper[4,4] sigmaUpper[4,5] sigmaUpper[5,1] sigmaUpper[5,2] sigmaUpper[5,3] sigmaUpper[5,4] sigmaUpper[5,5] collect[1,1] collect[1,2] collect[1,3] collect[1,4] collect[1,5] collect[2,1] collect[2,2] collect[2,3] collect[2,4] collect[2,5] collect[3,1] collect[3,2] collect[3,3] collect[3,4] collect[3,5] collect[4,1] collect[4,2] collect[4,3] collect[4,4] collect[4,5] collect[5,1] collect[5,2] collect[5,3] collect[5,4] collect[5,5] load[1,1] load[1,2] load[1,3] load[1,4] load[1,5] load[2,1] load[2,2] load[2,3] load[2,4] load[2,5] load[3,1] load[3,2] load[3,3] load[3,4] load[3,5] load[4,1] load[4,2] load[4,3] load[4,4] load[4,5] load[5,1] load[5,2] load[5,3] load[5,4] load[5,5] dwell[1,1] dwell[1,2] dwell[1,3] dwell[1,4] dwell[1,5] dwell[2,1] dwell[2,2] dwell[2,3] dwell[2,4] dwell[2,5] dwell[3,1] dwell[3,2] dwell[3,3] dwell[3,4] dwell[3,5] dwell[4,1] dwell[4,2] dwell[4,3] dwell[4,4] dwell[4,5] dwell[5,1] dwell[5,2] dwell[5,3] dwell[5,4] dwell[5,5] objective </list>
v   <values> 0 8 22 34 41 10 30 35 44 57 20 32 38 62 67 30 40 56 64 70 40 55 61 67 72 0 6 17 27 41 0 15 35 41 57 0 32 38 50 67 0 36 45 64 70 0 45 60 66 72 41 57 67 70 72 0 0 6 14 0 0 0 6 34 0 0 0 6 34 0 0 0 6 62 0 0 0 56 62 0 0 0 6 34 0 0 0 6 34 0 0 0 6 62 0 0 0 56 62 0 0 48 56 64 1140 0 0 0 200 0 0 0 0 0 0 0 0 0 280 0 0 0 500 0 0 0 480 0 20 0 0 0 0 200 200 0 0 0 0 0 0 0 0 280 280 0 0 500 500 500 0 480 480 500 500 0 2 5 7 0 10 15 0 3 0 20 0 0 12 0 30 4 11 0 0 40 10 1 1 0 97960 </values>
v </instantiation>
c 00h07m03s | stage:objective-cut:soft-result search=step bound=98239 result=sat guard=14509829 hard=guard [LB,UB] = [0,97959]
c 00h07m03s | stage:objective-loop:enter encoder=log-scop mode=SoftCnf lower=0 upper=2850000 has_incumbent=true soft_active=true
c 00h07m03s | stage:objective-cut:soft-install bound=97959 guard=14509849 clauses_added=29
c 00h07m03s | stage:objective-cut:soft-probe search=step [LB,UB] = [0,97959] next 97959 source=install guard=14509849
c 00h07m03s | stage:sat:round-entry encoder=log-scop assumptions=1 phase_lits=1426 sat_vars=14509849 base_clauses=23855657
c 00h07m03s | stage:sat:init solver=CaDiCaL vars=14509849 clauses=23855657
c 00h07m03s | stage:sat:solve:start assumptions=1 phase_lits=1426
c 00h07m06s | stage:sat:solve:done ms=3046 result=Sat assumptions=1 phase_lits=1426
c 00h07m06s | stage:decode:start
c 00h07m07s | stage:decode:done int_assignments=181
c 00h07m07s | result:Sat
c 00h07m07s | objective:incumbent kind=improvement value=97740 rounds=16 improvements=15
o 97740
v <instantiation>
v   <list> departure[1,1] departure[1,2] departure[1,3] departure[1,4] departure[1,5] departure[2,1] departure[2,2] departure[2,3] departure[2,4] departure[2,5] departure[3,1] departure[3,2] departure[3,3] departure[3,4] departure[3,5] departure[4,1] departure[4,2] departure[4,3] departure[4,4] departure[4,5] departure[5,1] departure[5,2] departure[5,3] departure[5,4] departure[5,5] arrival[1,1] arrival[1,2] arrival[1,3] arrival[1,4] arrival[1,5] arrival[2,1] arrival[2,2] arrival[2,3] arrival[2,4] arrival[2,5] arrival[3,1] arrival[3,2] arrival[3,3] arrival[3,4] arrival[3,5] arrival[4,1] arrival[4,2] arrival[4,3] arrival[4,4] arrival[4,5] arrival[5,1] arrival[5,2] arrival[5,3] arrival[5,4] arrival[5,5] finalArrival[1] finalArrival[2] finalArrival[3] finalArrival[4] finalArrival[5] sigmaLower[1,1] sigmaLower[1,2] sigmaLower[1,3] sigmaLower[1,4] sigmaLower[1,5] sigmaLower[2,1] sigmaLower[2,2] sigmaLower[2,3] sigmaLower[2,4] sigmaLower[2,5] sigmaLower[3,1] sigmaLower[3,2] sigmaLower[3,3] sigmaLower[3,4] sigmaLower[3,5] sigmaLower[4,1] sigmaLower[4,2] sigmaLower[4,3] sigmaLower[4,4] sigmaLower[4,5] sigmaLower[5,1] sigmaLower[5,2] sigmaLower[5,3] sigmaLower[5,4] sigmaLower[5,5] sigmaUpper[1,1] sigmaUpper[1,2] sigmaUpper[1,3] sigmaUpper[1,4] sigmaUpper[1,5] sigmaUpper[2,1] sigmaUpper[2,2] sigmaUpper[2,3] sigmaUpper[2,4] sigmaUpper[2,5] sigmaUpper[3,1] sigmaUpper[3,2] sigmaUpper[3,3] sigmaUpper[3,4] sigmaUpper[3,5] sigmaUpper[4,1] sigmaUpper[4,2] sigmaUpper[4,3] sigmaUpper[4,4] sigmaUpper[4,5] sigmaUpper[5,1] sigmaUpper[5,2] sigmaUpper[5,3] sigmaUpper[5,4] sigmaUpper[5,5] collect[1,1] collect[1,2] collect[1,3] collect[1,4] collect[1,5] collect[2,1] collect[2,2] collect[2,3] collect[2,4] collect[2,5] collect[3,1] collect[3,2] collect[3,3] collect[3,4] collect[3,5] collect[4,1] collect[4,2] collect[4,3] collect[4,4] collect[4,5] collect[5,1] collect[5,2] collect[5,3] collect[5,4] collect[5,5] load[1,1] load[1,2] load[1,3] load[1,4] load[1,5] load[2,1] load[2,2] load[2,3] load[2,4] load[2,5] load[3,1] load[3,2] load[3,3] load[3,4] load[3,5] load[4,1] load[4,2] load[4,3] load[4,4] load[4,5] load[5,1] load[5,2] load[5,3] load[5,4] load[5,5] dwell[1,1] dwell[1,2] dwell[1,3] dwell[1,4] dwell[1,5] dwell[2,1] dwell[2,2] dwell[2,3] dwell[2,4] dwell[2,5] dwell[3,1] dwell[3,2] dwell[3,3] dwell[3,4] dwell[3,5] dwell[4,1] dwell[4,2] dwell[4,3] dwell[4,4] dwell[4,5] dwell[5,1] dwell[5,2] dwell[5,3] dwell[5,4] dwell[5,5] objective </list>
v   <values> 0 8 22 34 41 10 30 35 44 57 20 32 38 62 68 30 41 56 64 69 40 55 61 67 72 0 6 17 27 41 0 15 35 41 57 0 32 38 50 68 0 35 46 64 69 0 45 60 66 72 41 57 68 69 72 0 0 6 14 0 0 0 6 34 0 0 0 6 34 0 0 0 6 62 0 0 0 56 62 0 0 0 6 34 0 0 0 6 34 0 0 0 6 62 0 0 0 56 62 0 0 48 56 64 1140 0 0 0 200 0 0 0 0 0 0 0 0 0 280 0 0 0 500 0 0 0 480 0 20 0 0 0 0 200 200 0 0 0 0 0 0 0 0 280 280 0 0 500 500 500 0 480 480 500 500 0 2 5 7 0 10 15 0 3 0 20 0 0 12 0 30 6 10 0 0 40 10 1 1 0 97740 </values>
v </instantiation>
c 00h07m07s | stage:objective-cut:soft-result search=step bound=97959 result=sat guard=14509849 hard=guard [LB,UB] = [0,97739]
c 00h07m07s | stage:objective-loop:enter encoder=log-scop mode=SoftCnf lower=0 upper=2850000 has_incumbent=true soft_active=true
c 00h07m07s | stage:objective-cut:soft-install bound=97739 guard=14509870 clauses_added=30
c 00h07m07s | stage:objective-cut:soft-probe search=step [LB,UB] = [0,97739] next 97739 source=install guard=14509870
c 00h07m07s | stage:sat:round-entry encoder=log-scop assumptions=1 phase_lits=1426 sat_vars=14509870 base_clauses=23855688
c 00h07m07s | stage:sat:init solver=CaDiCaL vars=14509870 clauses=23855688
c 00h07m07s | stage:sat:solve:start assumptions=1 phase_lits=1426
c 00h07m14s | stage:sat:solve:done ms=6763 result=Sat assumptions=1 phase_lits=1426
c 00h07m14s | stage:decode:start
c 00h07m15s | stage:decode:done int_assignments=181
c 00h07m15s | result:Sat
c 00h07m15s | objective:incumbent kind=improvement value=97460 rounds=17 improvements=16
o 97460
v <instantiation>
v   <list> departure[1,1] departure[1,2] departure[1,3] departure[1,4] departure[1,5] departure[2,1] departure[2,2] departure[2,3] departure[2,4] departure[2,5] departure[3,1] departure[3,2] departure[3,3] departure[3,4] departure[3,5] departure[4,1] departure[4,2] departure[4,3] departure[4,4] departure[4,5] departure[5,1] departure[5,2] departure[5,3] departure[5,4] departure[5,5] arrival[1,1] arrival[1,2] arrival[1,3] arrival[1,4] arrival[1,5] arrival[2,1] arrival[2,2] arrival[2,3] arrival[2,4] arrival[2,5] arrival[3,1] arrival[3,2] arrival[3,3] arrival[3,4] arrival[3,5] arrival[4,1] arrival[4,2] arrival[4,3] arrival[4,4] arrival[4,5] arrival[5,1] arrival[5,2] arrival[5,3] arrival[5,4] arrival[5,5] finalArrival[1] finalArrival[2] finalArrival[3] finalArrival[4] finalArrival[5] sigmaLower[1,1] sigmaLower[1,2] sigmaLower[1,3] sigmaLower[1,4] sigmaLower[1,5] sigmaLower[2,1] sigmaLower[2,2] sigmaLower[2,3] sigmaLower[2,4] sigmaLower[2,5] sigmaLower[3,1] sigmaLower[3,2] sigmaLower[3,3] sigmaLower[3,4] sigmaLower[3,5] sigmaLower[4,1] sigmaLower[4,2] sigmaLower[4,3] sigmaLower[4,4] sigmaLower[4,5] sigmaLower[5,1] sigmaLower[5,2] sigmaLower[5,3] sigmaLower[5,4] sigmaLower[5,5] sigmaUpper[1,1] sigmaUpper[1,2] sigmaUpper[1,3] sigmaUpper[1,4] sigmaUpper[1,5] sigmaUpper[2,1] sigmaUpper[2,2] sigmaUpper[2,3] sigmaUpper[2,4] sigmaUpper[2,5] sigmaUpper[3,1] sigmaUpper[3,2] sigmaUpper[3,3] sigmaUpper[3,4] sigmaUpper[3,5] sigmaUpper[4,1] sigmaUpper[4,2] sigmaUpper[4,3] sigmaUpper[4,4] sigmaUpper[4,5] sigmaUpper[5,1] sigmaUpper[5,2] sigmaUpper[5,3] sigmaUpper[5,4] sigmaUpper[5,5] collect[1,1] collect[1,2] collect[1,3] collect[1,4] collect[1,5] collect[2,1] collect[2,2] collect[2,3] collect[2,4] collect[2,5] collect[3,1] collect[3,2] collect[3,3] collect[3,4] collect[3,5] collect[4,1] collect[4,2] collect[4,3] collect[4,4] collect[4,5] collect[5,1] collect[5,2] collect[5,3] collect[5,4] collect[5,5] load[1,1] load[1,2] load[1,3] load[1,4] load[1,5] load[2,1] load[2,2] load[2,3] load[2,4] load[2,5] load[3,1] load[3,2] load[3,3] load[3,4] load[3,5] load[4,1] load[4,2] load[4,3] load[4,4] load[4,5] load[5,1] load[5,2] load[5,3] load[5,4] load[5,5] dwell[1,1] dwell[1,2] dwell[1,3] dwell[1,4] dwell[1,5] dwell[2,1] dwell[2,2] dwell[2,3] dwell[2,4] dwell[2,5] dwell[3,1] dwell[3,2] dwell[3,3] dwell[3,4] dwell[3,5] dwell[4,1] dwell[4,2] dwell[4,3] dwell[4,4] dwell[4,5] dwell[5,1] dwell[5,2] dwell[5,3] dwell[5,4] dwell[5,5] objective </list>
v   <values> 0 8 22 34 41 10 30 35 44 57 20 32 42 62 67 30 41 56 64 69 40 55 61 67 72 0 6 15 27 41 0 15 35 40 57 0 32 38 50 67 0 35 46 64 69 0 45 61 66 72 41 57 67 69 72 0 0 6 14 0 0 0 6 34 0 0 0 6 34 0 0 0 6 62 0 0 0 56 62 0 0 0 6 34 0 0 0 6 34 0 0 0 6 62 0 0 0 56 62 0 0 48 56 64 1140 0 0 0 200 0 0 0 0 0 0 0 0 0 280 0 0 0 500 0 0 0 480 0 20 0 0 0 0 200 200 0 0 0 0 0 0 0 0 280 280 0 0 500 500 500 0 480 480 500 500 0 2 7 7 0 10 15 0 4 0 20 0 4 12 0 30 6 10 0 0 40 10 0 1 0 97460 </values>
v </instantiation>
c 00h07m15s | stage:objective-cut:soft-result search=step bound=97739 result=sat guard=14509870 hard=guard [LB,UB] = [0,97459]
c 00h07m15s | stage:objective-loop:enter encoder=log-scop mode=SoftCnf lower=0 upper=2850000 has_incumbent=true soft_active=true
c 00h07m15s | stage:objective-cut:soft-install bound=97459 guard=14509891 clauses_added=31
c 00h07m15s | stage:objective-cut:soft-probe search=step [LB,UB] = [0,97459] next 97459 source=install guard=14509891
c 00h07m15s | stage:sat:round-entry encoder=log-scop assumptions=1 phase_lits=1426 sat_vars=14509891 base_clauses=23855720
c 00h07m15s | stage:sat:init solver=CaDiCaL vars=14509891 clauses=23855720
c 00h07m15s | stage:sat:solve:start assumptions=1 phase_lits=1426
c 00h07m18s | stage:sat:solve:done ms=2949 result=Sat assumptions=1 phase_lits=1426
c 00h07m18s | stage:decode:start
c 00h07m18s | stage:decode:done int_assignments=181
c 00h07m18s | result:Sat
c 00h07m18s | objective:incumbent kind=improvement value=97340 rounds=18 improvements=17
o 97340
v <instantiation>
v   <list> departure[1,1] departure[1,2] departure[1,3] departure[1,4] departure[1,5] departure[2,1] departure[2,2] departure[2,3] departure[2,4] departure[2,5] departure[3,1] departure[3,2] departure[3,3] departure[3,4] departure[3,5] departure[4,1] departure[4,2] departure[4,3] departure[4,4] departure[4,5] departure[5,1] departure[5,2] departure[5,3] departure[5,4] departure[5,5] arrival[1,1] arrival[1,2] arrival[1,3] arrival[1,4] arrival[1,5] arrival[2,1] arrival[2,2] arrival[2,3] arrival[2,4] arrival[2,5] arrival[3,1] arrival[3,2] arrival[3,3] arrival[3,4] arrival[3,5] arrival[4,1] arrival[4,2] arrival[4,3] arrival[4,4] arrival[4,5] arrival[5,1] arrival[5,2] arrival[5,3] arrival[5,4] arrival[5,5] finalArrival[1] finalArrival[2] finalArrival[3] finalArrival[4] finalArrival[5] sigmaLower[1,1] sigmaLower[1,2] sigmaLower[1,3] sigmaLower[1,4] sigmaLower[1,5] sigmaLower[2,1] sigmaLower[2,2] sigmaLower[2,3] sigmaLower[2,4] sigmaLower[2,5] sigmaLower[3,1] sigmaLower[3,2] sigmaLower[3,3] sigmaLower[3,4] sigmaLower[3,5] sigmaLower[4,1] sigmaLower[4,2] sigmaLower[4,3] sigmaLower[4,4] sigmaLower[4,5] sigmaLower[5,1] sigmaLower[5,2] sigmaLower[5,3] sigmaLower[5,4] sigmaLower[5,5] sigmaUpper[1,1] sigmaUpper[1,2] sigmaUpper[1,3] sigmaUpper[1,4] sigmaUpper[1,5] sigmaUpper[2,1] sigmaUpper[2,2] sigmaUpper[2,3] sigmaUpper[2,4] sigmaUpper[2,5] sigmaUpper[3,1] sigmaUpper[3,2] sigmaUpper[3,3] sigmaUpper[3,4] sigmaUpper[3,5] sigmaUpper[4,1] sigmaUpper[4,2] sigmaUpper[4,3] sigmaUpper[4,4] sigmaUpper[4,5] sigmaUpper[5,1] sigmaUpper[5,2] sigmaUpper[5,3] sigmaUpper[5,4] sigmaUpper[5,5] collect[1,1] collect[1,2] collect[1,3] collect[1,4] collect[1,5] collect[2,1] collect[2,2] collect[2,3] collect[2,4] collect[2,5] collect[3,1] collect[3,2] collect[3,3] collect[3,4] collect[3,5] collect[4,1] collect[4,2] collect[4,3] collect[4,4] collect[4,5] collect[5,1] collect[5,2] collect[5,3] collect[5,4] collect[5,5] load[1,1] load[1,2] load[1,3] load[1,4] load[1,5] load[2,1] load[2,2] load[2,3] load[2,4] load[2,5] load[3,1] load[3,2] load[3,3] load[3,4] load[3,5] load[4,1] load[4,2] load[4,3] load[4,4] load[4,5] load[5,1] load[5,2] load[5,3] load[5,4] load[5,5] dwell[1,1] dwell[1,2] dwell[1,3] dwell[1,4] dwell[1,5] dwell[2,1] dwell[2,2] dwell[2,3] dwell[2,4] dwell[2,5] dwell[3,1] dwell[3,2] dwell[3,3] dwell[3,4] dwell[3,5] dwell[4,1] dwell[4,2] dwell[4,3] dwell[4,4] dwell[4,5] dwell[5,1] dwell[5,2] dwell[5,3] dwell[5,4] dwell[5,5] objective </list>
v   <values> 0 8 22 34 39 10 30 35 50 57 20 32 42 62 68 30 41 56 64 69 40 55 61 67 72 0 6 15 27 39 0 15 35 40 57 0 32 38 52 68 0 35 46 64 69 0 45 61 66 72 39 57 68 69 72 0 0 6 14 0 0 0 6 34 0 0 0 6 34 0 0 0 6 62 0 0 0 56 62 0 0 0 6 34 0 0 0 6 34 0 0 0 6 62 0 0 0 56 62 0 0 48 56 64 1140 0 0 0 200 0 0 0 0 0 0 0 0 0 280 0 0 0 500 0 0 0 480 0 20 0 0 0 0 200 200 0 0 0 0 0 0 0 0 280 280 0 0 500 500 500 0 480 480 500 500 0 2 7 7 0 10 15 0 10 0 20 0 4 10 0 30 6 10 0 0 40 10 0 1 0 97340 </values>
v </instantiation>
c 00h07m18s | stage:objective-cut:soft-result search=step bound=97459 result=sat guard=14509891 hard=guard [LB,UB] = [0,97339]
c 00h07m18s | stage:objective-loop:enter encoder=log-scop mode=SoftCnf lower=0 upper=2850000 has_incumbent=true soft_active=true
c 00h07m18s | stage:objective-cut:soft-install bound=97339 guard=14509912 clauses_added=31
c 00h07m18s | stage:objective-cut:soft-probe search=step [LB,UB] = [0,97339] next 97339 source=install guard=14509912
c 00h07m18s | stage:sat:round-entry encoder=log-scop assumptions=1 phase_lits=1426 sat_vars=14509912 base_clauses=23855752
c 00h07m18s | stage:sat:init solver=CaDiCaL vars=14509912 clauses=23855752
c 00h07m18s | stage:sat:solve:start assumptions=1 phase_lits=1426
c 00h08m11s | stage:sat:solve:done ms=52497 result=Sat assumptions=1 phase_lits=1426
c 00h08m11s | stage:decode:start
c 00h08m12s | stage:decode:done int_assignments=181
c 00h08m12s | result:Sat
c 00h08m12s | objective:incumbent kind=improvement value=97060 rounds=19 improvements=18
o 97060
v <instantiation>
v   <list> departure[1,1] departure[1,2] departure[1,3] departure[1,4] departure[1,5] departure[2,1] departure[2,2] departure[2,3] departure[2,4] departure[2,5] departure[3,1] departure[3,2] departure[3,3] departure[3,4] departure[3,5] departure[4,1] departure[4,2] departure[4,3] departure[4,4] departure[4,5] departure[5,1] departure[5,2] departure[5,3] departure[5,4] departure[5,5] arrival[1,1] arrival[1,2] arrival[1,3] arrival[1,4] arrival[1,5] arrival[2,1] arrival[2,2] arrival[2,3] arrival[2,4] arrival[2,5] arrival[3,1] arrival[3,2] arrival[3,3] arrival[3,4] arrival[3,5] arrival[4,1] arrival[4,2] arrival[4,3] arrival[4,4] arrival[4,5] arrival[5,1] arrival[5,2] arrival[5,3] arrival[5,4] arrival[5,5] finalArrival[1] finalArrival[2] finalArrival[3] finalArrival[4] finalArrival[5] sigmaLower[1,1] sigmaLower[1,2] sigmaLower[1,3] sigmaLower[1,4] sigmaLower[1,5] sigmaLower[2,1] sigmaLower[2,2] sigmaLower[2,3] sigmaLower[2,4] sigmaLower[2,5] sigmaLower[3,1] sigmaLower[3,2] sigmaLower[3,3] sigmaLower[3,4] sigmaLower[3,5] sigmaLower[4,1] sigmaLower[4,2] sigmaLower[4,3] sigmaLower[4,4] sigmaLower[4,5] sigmaLower[5,1] sigmaLower[5,2] sigmaLower[5,3] sigmaLower[5,4] sigmaLower[5,5] sigmaUpper[1,1] sigmaUpper[1,2] sigmaUpper[1,3] sigmaUpper[1,4] sigmaUpper[1,5] sigmaUpper[2,1] sigmaUpper[2,2] sigmaUpper[2,3] sigmaUpper[2,4] sigmaUpper[2,5] sigmaUpper[3,1] sigmaUpper[3,2] sigmaUpper[3,3] sigmaUpper[3,4] sigmaUpper[3,5] sigmaUpper[4,1] sigmaUpper[4,2] sigmaUpper[4,3] sigmaUpper[4,4] sigmaUpper[4,5] sigmaUpper[5,1] sigmaUpper[5,2] sigmaUpper[5,3] sigmaUpper[5,4] sigmaUpper[5,5] collect[1,1] collect[1,2] collect[1,3] collect[1,4] collect[1,5] collect[2,1] collect[2,2] collect[2,3] collect[2,4] collect[2,5] collect[3,1] collect[3,2] collect[3,3] collect[3,4] collect[3,5] collect[4,1] collect[4,2] collect[4,3] collect[4,4] collect[4,5] collect[5,1] collect[5,2] collect[5,3] collect[5,4] collect[5,5] load[1,1] load[1,2] load[1,3] load[1,4] load[1,5] load[2,1] load[2,2] load[2,3] load[2,4] load[2,5] load[3,1] load[3,2] load[3,3] load[3,4] load[3,5] load[4,1] load[4,2] load[4,3] load[4,4] load[4,5] load[5,1] load[5,2] load[5,3] load[5,4] load[5,5] dwell[1,1] dwell[1,2] dwell[1,3] dwell[1,4] dwell[1,5] dwell[2,1] dwell[2,2] dwell[2,3] dwell[2,4] dwell[2,5] dwell[3,1] dwell[3,2] dwell[3,3] dwell[3,4] dwell[3,5] dwell[4,1] dwell[4,2] dwell[4,3] dwell[4,4] dwell[4,5] dwell[5,1] dwell[5,2] dwell[5,3] dwell[5,4] dwell[5,5] objective </list>
v   <values> 0 8 24 34 39 10 30 35 50 57 24 32 42 62 67 30 41 56 64 69 40 55 61 67 72 0 6 17 29 39 0 15 35 40 57 0 32 38 52 67 0 35 46 64 69 0 45 60 66 72 39 57 67 69 72 0 0 6 14 0 0 0 6 34 0 0 0 6 34 0 0 0 6 62 0 0 0 56 62 0 0 0 6 34 0 0 0 6 34 0 0 0 6 62 0 0 0 56 62 0 40 48 56 64 1140 0 0 0 200 0 0 0 0 0 0 0 0 0 280 0 0 0 500 0 0 0 480 0 20 0 0 0 0 200 200 0 0 0 0 0 0 0 0 280 280 0 0 500 500 500 0 480 480 500 500 0 2 7 5 0 10 15 0 10 0 24 0 4 10 0 30 6 10 0 0 40 10 1 1 0 97060 </values>
v </instantiation>
c 00h08m12s | stage:objective-cut:soft-result search=step bound=97339 result=sat guard=14509912 hard=guard [LB,UB] = [0,97059]
c 00h08m12s | stage:objective-loop:enter encoder=log-scop mode=SoftCnf lower=0 upper=2850000 has_incumbent=true soft_active=true
c 00h08m12s | stage:objective-cut:soft-install bound=97059 guard=14509933 clauses_added=32
c 00h08m12s | stage:objective-cut:soft-probe search=step [LB,UB] = [0,97059] next 97059 source=install guard=14509933
c 00h08m12s | stage:sat:round-entry encoder=log-scop assumptions=1 phase_lits=1426 sat_vars=14509933 base_clauses=23855785
c 00h08m12s | stage:sat:init solver=CaDiCaL vars=14509933 clauses=23855785
c 00h08m12s | stage:sat:solve:start assumptions=1 phase_lits=1426
c 00h08m24s | stage:sat:solve:done ms=12331 result=Sat assumptions=1 phase_lits=1426
c 00h08m24s | stage:decode:start
c 00h08m25s | stage:decode:done int_assignments=181
c 00h08m25s | result:Sat
c 00h08m25s | objective:incumbent kind=improvement value=96990 rounds=20 improvements=19
o 96990
v <instantiation>
v   <list> departure[1,1] departure[1,2] departure[1,3] departure[1,4] departure[1,5] departure[2,1] departure[2,2] departure[2,3] departure[2,4] departure[2,5] departure[3,1] departure[3,2] departure[3,3] departure[3,4] departure[3,5] departure[4,1] departure[4,2] departure[4,3] departure[4,4] departure[4,5] departure[5,1] departure[5,2] departure[5,3] departure[5,4] departure[5,5] arrival[1,1] arrival[1,2] arrival[1,3] arrival[1,4] arrival[1,5] arrival[2,1] arrival[2,2] arrival[2,3] arrival[2,4] arrival[2,5] arrival[3,1] arrival[3,2] arrival[3,3] arrival[3,4] arrival[3,5] arrival[4,1] arrival[4,2] arrival[4,3] arrival[4,4] arrival[4,5] arrival[5,1] arrival[5,2] arrival[5,3] arrival[5,4] arrival[5,5] finalArrival[1] finalArrival[2] finalArrival[3] finalArrival[4] finalArrival[5] sigmaLower[1,1] sigmaLower[1,2] sigmaLower[1,3] sigmaLower[1,4] sigmaLower[1,5] sigmaLower[2,1] sigmaLower[2,2] sigmaLower[2,3] sigmaLower[2,4] sigmaLower[2,5] sigmaLower[3,1] sigmaLower[3,2] sigmaLower[3,3] sigmaLower[3,4] sigmaLower[3,5] sigmaLower[4,1] sigmaLower[4,2] sigmaLower[4,3] sigmaLower[4,4] sigmaLower[4,5] sigmaLower[5,1] sigmaLower[5,2] sigmaLower[5,3] sigmaLower[5,4] sigmaLower[5,5] sigmaUpper[1,1] sigmaUpper[1,2] sigmaUpper[1,3] sigmaUpper[1,4] sigmaUpper[1,5] sigmaUpper[2,1] sigmaUpper[2,2] sigmaUpper[2,3] sigmaUpper[2,4] sigmaUpper[2,5] sigmaUpper[3,1] sigmaUpper[3,2] sigmaUpper[3,3] sigmaUpper[3,4] sigmaUpper[3,5] sigmaUpper[4,1] sigmaUpper[4,2] sigmaUpper[4,3] sigmaUpper[4,4] sigmaUpper[4,5] sigmaUpper[5,1] sigmaUpper[5,2] sigmaUpper[5,3] sigmaUpper[5,4] sigmaUpper[5,5] collect[1,1] collect[1,2] collect[1,3] collect[1,4] collect[1,5] collect[2,1] collect[2,2] collect[2,3] collect[2,4] collect[2,5] collect[3,1] collect[3,2] collect[3,3] collect[3,4] collect[3,5] collect[4,1] collect[4,2] collect[4,3] collect[4,4] collect[4,5] collect[5,1] collect[5,2] collect[5,3] collect[5,4] collect[5,5] load[1,1] load[1,2] load[1,3] load[1,4] load[1,5] load[2,1] load[2,2] load[2,3] load[2,4] load[2,5] load[3,1] load[3,2] load[3,3] load[3,4] load[3,5] load[4,1] load[4,2] load[4,3] load[4,4] load[4,5] load[5,1] load[5,2] load[5,3] load[5,4] load[5,5] dwell[1,1] dwell[1,2] dwell[1,3] dwell[1,4] dwell[1,5] dwell[2,1] dwell[2,2] dwell[2,3] dwell[2,4] dwell[2,5] dwell[3,1] dwell[3,2] dwell[3,3] dwell[3,4] dwell[3,5] dwell[4,1] dwell[4,2] dwell[4,3] dwell[4,4] dwell[4,5] dwell[5,1] dwell[5,2] dwell[5,3] dwell[5,4] dwell[5,5] objective </list>
v   <values> 0 8 24 35 40 10 30 35 50 109 20 32 42 62 67 30 41 56 64 69 40 55 61 67 72 0 5 17 29 40 0 15 35 40 109 0 32 38 52 67 0 35 46 64 69 0 45 60 66 72 40 109 67 69 72 0 0 6 14 0 0 0 6 35 0 0 0 6 35 0 0 0 6 62 0 0 0 56 62 0 0 0 6 35 0 0 0 6 35 0 0 0 6 62 0 0 0 56 62 0 40 48 56 64 1140 0 0 0 210 0 0 0 0 0 0 0 0 0 270 0 0 0 500 0 0 0 480 0 20 0 0 0 0 210 210 0 0 0 0 0 0 0 0 270 270 0 0 500 500 500 0 480 480 500 500 0 3 7 6 0 10 15 0 10 0 20 0 4 10 0 30 6 10 0 0 40 10 1 1 0 96990 </values>
v </instantiation>
c 00h08m25s | stage:objective-cut:soft-result search=step bound=97059 result=sat guard=14509933 hard=guard [LB,UB] = [0,96989]
c 00h08m25s | stage:objective-loop:enter encoder=log-scop mode=SoftCnf lower=0 upper=2850000 has_incumbent=true soft_active=true
c 00h08m25s | stage:objective-cut:soft-install bound=96989 guard=14509955 clauses_added=31
c 00h08m25s | stage:objective-cut:soft-probe search=step [LB,UB] = [0,96989] next 96989 source=install guard=14509955
c 00h08m25s | stage:sat:round-entry encoder=log-scop assumptions=1 phase_lits=1426 sat_vars=14509955 base_clauses=23855817
c 00h08m25s | stage:sat:init solver=CaDiCaL vars=14509955 clauses=23855817
c 00h08m25s | stage:sat:solve:start assumptions=1 phase_lits=1426
c 00h08m29s | stage:sat:solve:done ms=3491 result=Sat assumptions=1 phase_lits=1426
c 00h08m29s | stage:decode:start
c 00h08m30s | stage:decode:done int_assignments=181
c 00h08m30s | result:Sat
c 00h08m30s | objective:incumbent kind=improvement value=96940 rounds=21 improvements=20
o 96940
v <instantiation>
v   <list> departure[1,1] departure[1,2] departure[1,3] departure[1,4] departure[1,5] departure[2,1] departure[2,2] departure[2,3] departure[2,4] departure[2,5] departure[3,1] departure[3,2] departure[3,3] departure[3,4] departure[3,5] departure[4,1] departure[4,2] departure[4,3] departure[4,4] departure[4,5] departure[5,1] departure[5,2] departure[5,3] departure[5,4] departure[5,5] arrival[1,1] arrival[1,2] arrival[1,3] arrival[1,4] arrival[1,5] arrival[2,1] arrival[2,2] arrival[2,3] arrival[2,4] arrival[2,5] arrival[3,1] arrival[3,2] arrival[3,3] arrival[3,4] arrival[3,5] arrival[4,1] arrival[4,2] arrival[4,3] arrival[4,4] arrival[4,5] arrival[5,1] arrival[5,2] arrival[5,3] arrival[5,4] arrival[5,5] finalArrival[1] finalArrival[2] finalArrival[3] finalArrival[4] finalArrival[5] sigmaLower[1,1] sigmaLower[1,2] sigmaLower[1,3] sigmaLower[1,4] sigmaLower[1,5] sigmaLower[2,1] sigmaLower[2,2] sigmaLower[2,3] sigmaLower[2,4] sigmaLower[2,5] sigmaLower[3,1] sigmaLower[3,2] sigmaLower[3,3] sigmaLower[3,4] sigmaLower[3,5] sigmaLower[4,1] sigmaLower[4,2] sigmaLower[4,3] sigmaLower[4,4] sigmaLower[4,5] sigmaLower[5,1] sigmaLower[5,2] sigmaLower[5,3] sigmaLower[5,4] sigmaLower[5,5] sigmaUpper[1,1] sigmaUpper[1,2] sigmaUpper[1,3] sigmaUpper[1,4] sigmaUpper[1,5] sigmaUpper[2,1] sigmaUpper[2,2] sigmaUpper[2,3] sigmaUpper[2,4] sigmaUpper[2,5] sigmaUpper[3,1] sigmaUpper[3,2] sigmaUpper[3,3] sigmaUpper[3,4] sigmaUpper[3,5] sigmaUpper[4,1] sigmaUpper[4,2] sigmaUpper[4,3] sigmaUpper[4,4] sigmaUpper[4,5] sigmaUpper[5,1] sigmaUpper[5,2] sigmaUpper[5,3] sigmaUpper[5,4] sigmaUpper[5,5] collect[1,1] collect[1,2] collect[1,3] collect[1,4] collect[1,5] collect[2,1] collect[2,2] collect[2,3] collect[2,4] collect[2,5] collect[3,1] collect[3,2] collect[3,3] collect[3,4] collect[3,5] collect[4,1] collect[4,2] collect[4,3] collect[4,4] collect[4,5] collect[5,1] collect[5,2] collect[5,3] collect[5,4] collect[5,5] load[1,1] load[1,2] load[1,3] load[1,4] load[1,5] load[2,1] load[2,2] load[2,3] load[2,4] load[2,5] load[3,1] load[3,2] load[3,3] load[3,4] load[3,5] load[4,1] load[4,2] load[4,3] load[4,4] load[4,5] load[5,1] load[5,2] load[5,3] load[5,4] load[5,5] dwell[1,1] dwell[1,2] dwell[1,3] dwell[1,4] dwell[1,5] dwell[2,1] dwell[2,2] dwell[2,3] dwell[2,4] dwell[2,5] dwell[3,1] dwell[3,2] dwell[3,3] dwell[3,4] dwell[3,5] dwell[4,1] dwell[4,2] dwell[4,3] dwell[4,4] dwell[4,5] dwell[5,1] dwell[5,2] dwell[5,3] dwell[5,4] dwell[5,5] objective </list>
v   <values> 0 8 24 36 41 10 30 35 50 109 20 32 42 62 67 30 41 56 64 69 40 55 61 67 72 0 5 17 29 41 0 15 35 40 109 0 32 38 52 67 0 35 46 64 69 0 45 60 66 72 41 109 67 69 72 0 0 6 14 0 0 0 6 36 0 0 0 6 36 0 0 0 6 62 0 0 0 56 62 0 0 0 6 36 0 0 0 6 36 0 0 0 6 62 0 0 0 56 62 0 40 48 56 64 1140 0 0 0 220 0 0 0 0 0 0 0 0 0 260 0 0 0 500 0 0 0 480 0 20 0 0 0 0 220 220 0 0 0 0 0 0 0 0 260 260 0 0 500 500 500 0 480 480 500 500 0 3 7 7 0 10 15 0 10 0 20 0 4 10 0 30 6 10 0 0 40 10 1 1 0 96940 </values>
v </instantiation>
c 00h08m30s | stage:objective-cut:soft-result search=step bound=96989 result=sat guard=14509955 hard=guard [LB,UB] = [0,96939]
c 00h08m30s | stage:objective-loop:enter encoder=log-scop mode=SoftCnf lower=0 upper=2850000 has_incumbent=true soft_active=true
c 00h08m30s | stage:objective-cut:soft-install bound=96939 guard=14509976 clauses_added=31
c 00h08m30s | stage:objective-cut:soft-probe search=step [LB,UB] = [0,96939] next 96939 source=install guard=14509976
c 00h08m30s | stage:sat:round-entry encoder=log-scop assumptions=1 phase_lits=1426 sat_vars=14509976 base_clauses=23855849
c 00h08m30s | stage:sat:init solver=CaDiCaL vars=14509976 clauses=23855849
c 00h08m30s | stage:sat:solve:start assumptions=1 phase_lits=1426
c 00h09m14s | stage:sat:solve:done ms=44265 result=Sat assumptions=1 phase_lits=1426
c 00h09m14s | stage:decode:start
c 00h09m15s | stage:decode:done int_assignments=181
c 00h09m15s | result:Sat
c 00h09m15s | objective:incumbent kind=improvement value=96850 rounds=22 improvements=21
o 96850
v <instantiation>
v   <list> departure[1,1] departure[1,2] departure[1,3] departure[1,4] departure[1,5] departure[2,1] departure[2,2] departure[2,3] departure[2,4] departure[2,5] departure[3,1] departure[3,2] departure[3,3] departure[3,4] departure[3,5] departure[4,1] departure[4,2] departure[4,3] departure[4,4] departure[4,5] departure[5,1] departure[5,2] departure[5,3] departure[5,4] departure[5,5] arrival[1,1] arrival[1,2] arrival[1,3] arrival[1,4] arrival[1,5] arrival[2,1] arrival[2,2] arrival[2,3] arrival[2,4] arrival[2,5] arrival[3,1] arrival[3,2] arrival[3,3] arrival[3,4] arrival[3,5] arrival[4,1] arrival[4,2] arrival[4,3] arrival[4,4] arrival[4,5] arrival[5,1] arrival[5,2] arrival[5,3] arrival[5,4] arrival[5,5] finalArrival[1] finalArrival[2] finalArrival[3] finalArrival[4] finalArrival[5] sigmaLower[1,1] sigmaLower[1,2] sigmaLower[1,3] sigmaLower[1,4] sigmaLower[1,5] sigmaLower[2,1] sigmaLower[2,2] sigmaLower[2,3] sigmaLower[2,4] sigmaLower[2,5] sigmaLower[3,1] sigmaLower[3,2] sigmaLower[3,3] sigmaLower[3,4] sigmaLower[3,5] sigmaLower[4,1] sigmaLower[4,2] sigmaLower[4,3] sigmaLower[4,4] sigmaLower[4,5] sigmaLower[5,1] sigmaLower[5,2] sigmaLower[5,3] sigmaLower[5,4] sigmaLower[5,5] sigmaUpper[1,1] sigmaUpper[1,2] sigmaUpper[1,3] sigmaUpper[1,4] sigmaUpper[1,5] sigmaUpper[2,1] sigmaUpper[2,2] sigmaUpper[2,3] sigmaUpper[2,4] sigmaUpper[2,5] sigmaUpper[3,1] sigmaUpper[3,2] sigmaUpper[3,3] sigmaUpper[3,4] sigmaUpper[3,5] sigmaUpper[4,1] sigmaUpper[4,2] sigmaUpper[4,3] sigmaUpper[4,4] sigmaUpper[4,5] sigmaUpper[5,1] sigmaUpper[5,2] sigmaUpper[5,3] sigmaUpper[5,4] sigmaUpper[5,5] collect[1,1] collect[1,2] collect[1,3] collect[1,4] collect[1,5] collect[2,1] collect[2,2] collect[2,3] collect[2,4] collect[2,5] collect[3,1] collect[3,2] collect[3,3] collect[3,4] collect[3,5] collect[4,1] collect[4,2] collect[4,3] collect[4,4] collect[4,5] collect[5,1] collect[5,2] collect[5,3] collect[5,4] collect[5,5] load[1,1] load[1,2] load[1,3] load[1,4] load[1,5] load[2,1] load[2,2] load[2,3] load[2,4] load[2,5] load[3,1] load[3,2] load[3,3] load[3,4] load[3,5] load[4,1] load[4,2] load[4,3] load[4,4] load[4,5] load[5,1] load[5,2] load[5,3] load[5,4] load[5,5] dwell[1,1] dwell[1,2] dwell[1,3] dwell[1,4] dwell[1,5] dwell[2,1] dwell[2,2] dwell[2,3] dwell[2,4] dwell[2,5] dwell[3,1] dwell[3,2] dwell[3,3] dwell[3,4] dwell[3,5] dwell[4,1] dwell[4,2] dwell[4,3] dwell[4,4] dwell[4,5] dwell[5,1] dwell[5,2] dwell[5,3] dwell[5,4] dwell[5,5] objective </list>
v   <values> 0 8 30 43 48 10 32 37 45 51 20 36 42 49 54 30 39 48 62 97 40 53 60 66 87 0 5 23 37 48 0 17 37 45 51 0 34 42 47 54 0 38 44 57 97 0 45 58 65 87 48 51 54 97 87 0 0 6 14 0 0 0 30 40 0 0 32 30 40 0 0 36 30 49 0 0 39 48 62 0 0 0 30 40 0 0 32 30 40 0 0 36 30 49 0 0 39 48 62 0 40 48 56 64 1140 0 0 240 260 0 0 320 0 0 0 0 40 0 90 0 0 30 180 130 0 0 90 80 20 0 0 0 240 500 500 0 320 320 320 320 0 40 40 130 130 0 30 210 340 340 0 90 170 190 190 0 3 7 6 0 10 15 0 0 0 20 2 0 2 0 30 1 4 5 0 40 8 2 1 0 96850 </values>
v </instantiation>
c 00h09m15s | stage:objective-cut:soft-result search=step bound=96939 result=sat guard=14509976 hard=guard [LB,UB] = [0,96849]
c 00h09m15s | stage:objective-loop:enter encoder=log-scop mode=SoftCnf lower=0 upper=2850000 has_incumbent=true soft_active=true
c 00h09m15s | stage:objective-cut:soft-install bound=96849 guard=14509998 clauses_added=34
c 00h09m15s | stage:objective-cut:soft-probe search=step [LB,UB] = [0,96849] next 96849 source=install guard=14509998
c 00h09m15s | stage:sat:round-entry encoder=log-scop assumptions=1 phase_lits=1426 sat_vars=14509998 base_clauses=23855884
c 00h09m15s | stage:sat:init solver=CaDiCaL vars=14509998 clauses=23855884
c 00h09m15s | stage:sat:solve:start assumptions=1 phase_lits=1426
c 00h09m28s | stage:sat:solve:done ms=13262 result=Sat assumptions=1 phase_lits=1426
c 00h09m28s | stage:decode:start
c 00h09m29s | stage:decode:done int_assignments=181
c 00h09m29s | result:Sat
c 00h09m29s | objective:incumbent kind=improvement value=96580 rounds=23 improvements=22
o 96580
v <instantiation>
v   <list> departure[1,1] departure[1,2] departure[1,3] departure[1,4] departure[1,5] departure[2,1] departure[2,2] departure[2,3] departure[2,4] departure[2,5] departure[3,1] departure[3,2] departure[3,3] departure[3,4] departure[3,5] departure[4,1] departure[4,2] departure[4,3] departure[4,4] departure[4,5] departure[5,1] departure[5,2] departure[5,3] departure[5,4] departure[5,5] arrival[1,1] arrival[1,2] arrival[1,3] arrival[1,4] arrival[1,5] arrival[2,1] arrival[2,2] arrival[2,3] arrival[2,4] arrival[2,5] arrival[3,1] arrival[3,2] arrival[3,3] arrival[3,4] arrival[3,5] arrival[4,1] arrival[4,2] arrival[4,3] arrival[4,4] arrival[4,5] arrival[5,1] arrival[5,2] arrival[5,3] arrival[5,4] arrival[5,5] finalArrival[1] finalArrival[2] finalArrival[3] finalArrival[4] finalArrival[5] sigmaLower[1,1] sigmaLower[1,2] sigmaLower[1,3] sigmaLower[1,4] sigmaLower[1,5] sigmaLower[2,1] sigmaLower[2,2] sigmaLower[2,3] sigmaLower[2,4] sigmaLower[2,5] sigmaLower[3,1] sigmaLower[3,2] sigmaLower[3,3] sigmaLower[3,4] sigmaLower[3,5] sigmaLower[4,1] sigmaLower[4,2] sigmaLower[4,3] sigmaLower[4,4] sigmaLower[4,5] sigmaLower[5,1] sigmaLower[5,2] sigmaLower[5,3] sigmaLower[5,4] sigmaLower[5,5] sigmaUpper[1,1] sigmaUpper[1,2] sigmaUpper[1,3] sigmaUpper[1,4] sigmaUpper[1,5] sigmaUpper[2,1] sigmaUpper[2,2] sigmaUpper[2,3] sigmaUpper[2,4] sigmaUpper[2,5] sigmaUpper[3,1] sigmaUpper[3,2] sigmaUpper[3,3] sigmaUpper[3,4] sigmaUpper[3,5] sigmaUpper[4,1] sigmaUpper[4,2] sigmaUpper[4,3] sigmaUpper[4,4] sigmaUpper[4,5] sigmaUpper[5,1] sigmaUpper[5,2] sigmaUpper[5,3] sigmaUpper[5,4] sigmaUpper[5,5] collect[1,1] collect[1,2] collect[1,3] collect[1,4] collect[1,5] collect[2,1] collect[2,2] collect[2,3] collect[2,4] collect[2,5] collect[3,1] collect[3,2] collect[3,3] collect[3,4] collect[3,5] collect[4,1] collect[4,2] collect[4,3] collect[4,4] collect[4,5] collect[5,1] collect[5,2] collect[5,3] collect[5,4] collect[5,5] load[1,1] load[1,2] load[1,3] load[1,4] load[1,5] load[2,1] load[2,2] load[2,3] load[2,4] load[2,5] load[3,1] load[3,2] load[3,3] load[3,4] load[3,5] load[4,1] load[4,2] load[4,3] load[4,4] load[4,5] load[5,1] load[5,2] load[5,3] load[5,4] load[5,5] dwell[1,1] dwell[1,2] dwell[1,3] dwell[1,4] dwell[1,5] dwell[2,1] dwell[2,2] dwell[2,3] dwell[2,4] dwell[2,5] dwell[3,1] dwell[3,2] dwell[3,3] dwell[3,4] dwell[3,5] dwell[4,1] dwell[4,2] dwell[4,3] dwell[4,4] dwell[4,5] dwell[5,1] dwell[5,2] dwell[5,3] dwell[5,4] dwell[5,5] objective </list>
v   <values> 0 8 25 30 35 10 32 37 53 66 20 36 42 64 69 30 39 49 67 75 40 53 62 69 74 0 5 15 30 35 0 17 37 45 66 0 34 42 57 69 0 38 44 67 75 0 45 58 69 74 35 66 69 75 74 0 0 6 14 0 0 0 25 14 0 0 32 25 32 0 0 36 25 64 0 0 39 49 64 0 0 0 25 14 0 0 32 25 32 0 0 36 25 64 0 0 39 49 64 0 0 48 56 64 1140 0 0 190 0 0 0 320 0 180 0 0 40 0 320 0 0 30 240 0 0 0 90 70 0 0 0 0 190 190 190 0 320 320 500 500 0 40 40 360 360 0 30 270 270 270 0 90 160 160 160 0 3 10 0 0 10 15 0 8 0 20 2 0 7 0 30 1 5 0 0 40 8 4 0 0 96580 </values>
v </instantiation>
c 00h09m29s | stage:objective-cut:soft-result search=step bound=96849 result=sat guard=14509998 hard=guard [LB,UB] = [0,96579]
c 00h09m29s | stage:objective-loop:enter encoder=log-scop mode=SoftCnf lower=0 upper=2850000 has_incumbent=true soft_active=true
c 00h09m29s | stage:objective-cut:soft-install bound=96579 guard=14510019 clauses_added=33
c 00h09m29s | stage:objective-cut:soft-probe search=step [LB,UB] = [0,96579] next 96579 source=install guard=14510019
c 00h09m29s | stage:sat:round-entry encoder=log-scop assumptions=1 phase_lits=1426 sat_vars=14510019 base_clauses=23855918
c 00h09m29s | stage:sat:init solver=CaDiCaL vars=14510019 clauses=23855918
c 00h09m29s | stage:sat:solve:start assumptions=1 phase_lits=1426
c 00h09m49s | stage:sat:solve:done ms=20353 result=Sat assumptions=1 phase_lits=1426
c 00h09m49s | stage:decode:start
c 00h09m50s | stage:decode:done int_assignments=181
c 00h09m50s | result:Sat
c 00h09m50s | objective:incumbent kind=improvement value=96460 rounds=24 improvements=23
o 96460
v <instantiation>
v   <list> departure[1,1] departure[1,2] departure[1,3] departure[1,4] departure[1,5] departure[2,1] departure[2,2] departure[2,3] departure[2,4] departure[2,5] departure[3,1] departure[3,2] departure[3,3] departure[3,4] departure[3,5] departure[4,1] departure[4,2] departure[4,3] departure[4,4] departure[4,5] departure[5,1] departure[5,2] departure[5,3] departure[5,4] departure[5,5] arrival[1,1] arrival[1,2] arrival[1,3] arrival[1,4] arrival[1,5] arrival[2,1] arrival[2,2] arrival[2,3] arrival[2,4] arrival[2,5] arrival[3,1] arrival[3,2] arrival[3,3] arrival[3,4] arrival[3,5] arrival[4,1] arrival[4,2] arrival[4,3] arrival[4,4] arrival[4,5] arrival[5,1] arrival[5,2] arrival[5,3] arrival[5,4] arrival[5,5] finalArrival[1] finalArrival[2] finalArrival[3] finalArrival[4] finalArrival[5] sigmaLower[1,1] sigmaLower[1,2] sigmaLower[1,3] sigmaLower[1,4] sigmaLower[1,5] sigmaLower[2,1] sigmaLower[2,2] sigmaLower[2,3] sigmaLower[2,4] sigmaLower[2,5] sigmaLower[3,1] sigmaLower[3,2] sigmaLower[3,3] sigmaLower[3,4] sigmaLower[3,5] sigmaLower[4,1] sigmaLower[4,2] sigmaLower[4,3] sigmaLower[4,4] sigmaLower[4,5] sigmaLower[5,1] sigmaLower[5,2] sigmaLower[5,3] sigmaLower[5,4] sigmaLower[5,5] sigmaUpper[1,1] sigmaUpper[1,2] sigmaUpper[1,3] sigmaUpper[1,4] sigmaUpper[1,5] sigmaUpper[2,1] sigmaUpper[2,2] sigmaUpper[2,3] sigmaUpper[2,4] sigmaUpper[2,5] sigmaUpper[3,1] sigmaUpper[3,2] sigmaUpper[3,3] sigmaUpper[3,4] sigmaUpper[3,5] sigmaUpper[4,1] sigmaUpper[4,2] sigmaUpper[4,3] sigmaUpper[4,4] sigmaUpper[4,5] sigmaUpper[5,1] sigmaUpper[5,2] sigmaUpper[5,3] sigmaUpper[5,4] sigmaUpper[5,5] collect[1,1] collect[1,2] collect[1,3] collect[1,4] collect[1,5] collect[2,1] collect[2,2] collect[2,3] collect[2,4] collect[2,5] collect[3,1] collect[3,2] collect[3,3] collect[3,4] collect[3,5] collect[4,1] collect[4,2] collect[4,3] collect[4,4] collect[4,5] collect[5,1] collect[5,2] collect[5,3] collect[5,4] collect[5,5] load[1,1] load[1,2] load[1,3] load[1,4] load[1,5] load[2,1] load[2,2] load[2,3] load[2,4] load[2,5] load[3,1] load[3,2] load[3,3] load[3,4] load[3,5] load[4,1] load[4,2] load[4,3] load[4,4] load[4,5] load[5,1] load[5,2] load[5,3] load[5,4] load[5,5] dwell[1,1] dwell[1,2] dwell[1,3] dwell[1,4] dwell[1,5] dwell[2,1] dwell[2,2] dwell[2,3] dwell[2,4] dwell[2,5] dwell[3,1] dwell[3,2] dwell[3,3] dwell[3,4] dwell[3,5] dwell[4,1] dwell[4,2] dwell[4,3] dwell[4,4] dwell[4,5] dwell[5,1] dwell[5,2] dwell[5,3] dwell[5,4] dwell[5,5] objective </list>
v   <values> 0 8 41 50 55 10 32 49 60 66 20 36 56 67 72 30 40 64 69 99 40 53 66 71 76 0 5 15 46 55 0 17 45 56 66 0 34 52 62 72 0 38 58 69 99 0 45 66 71 76 55 66 72 99 76 0 0 6 14 0 0 8 41 21 0 0 32 49 39 0 0 36 56 64 0 0 40 56 64 0 0 8 41 21 0 0 32 49 39 0 0 36 56 64 0 0 40 56 64 0 0 48 56 64 1140 0 80 350 70 0 0 240 80 180 0 0 40 70 250 0 0 40 0 0 0 0 80 0 0 0 0 80 430 500 500 0 240 320 500 500 0 40 110 360 360 0 40 40 40 40 0 80 80 80 80 0 3 26 4 0 10 15 4 4 0 20 2 4 5 0 30 2 6 0 0 40 8 0 0 0 96460 </values>
v </instantiation>
c 00h09m50s | stage:objective-cut:soft-result search=step bound=96579 result=sat guard=14510019 hard=guard [LB,UB] = [0,96459]
c 00h09m50s | stage:objective-loop:enter encoder=log-scop mode=SoftCnf lower=0 upper=2850000 has_incumbent=true soft_active=true
c 00h09m50s | stage:objective-cut:soft-install bound=96459 guard=14510040 clauses_added=32
c 00h09m50s | stage:objective-cut:soft-probe search=step [LB,UB] = [0,96459] next 96459 source=install guard=14510040
c 00h09m50s | stage:sat:round-entry encoder=log-scop assumptions=1 phase_lits=1426 sat_vars=14510040 base_clauses=23855951
c 00h09m50s | stage:sat:init solver=CaDiCaL vars=14510040 clauses=23855951
c 00h09m50s | stage:sat:solve:start assumptions=1 phase_lits=1426
c 00h09m59s | stage:sat:solve:done ms=9050 result=Sat assumptions=1 phase_lits=1426
c 00h09m59s | stage:decode:start
c 00h10m00s | stage:decode:done int_assignments=181
c 00h10m00s | result:Sat
c 00h10m00s | objective:incumbent kind=improvement value=96410 rounds=25 improvements=24
o 96410
v <instantiation>
v   <list> departure[1,1] departure[1,2] departure[1,3] departure[1,4] departure[1,5] departure[2,1] departure[2,2] departure[2,3] departure[2,4] departure[2,5] departure[3,1] departure[3,2] departure[3,3] departure[3,4] departure[3,5] departure[4,1] departure[4,2] departure[4,3] departure[4,4] departure[4,5] departure[5,1] departure[5,2] departure[5,3] departure[5,4] departure[5,5] arrival[1,1] arrival[1,2] arrival[1,3] arrival[1,4] arrival[1,5] arrival[2,1] arrival[2,2] arrival[2,3] arrival[2,4] arrival[2,5] arrival[3,1] arrival[3,2] arrival[3,3] arrival[3,4] arrival[3,5] arrival[4,1] arrival[4,2] arrival[4,3] arrival[4,4] arrival[4,5] arrival[5,1] arrival[5,2] arrival[5,3] arrival[5,4] arrival[5,5] finalArrival[1] finalArrival[2] finalArrival[3] finalArrival[4] finalArrival[5] sigmaLower[1,1] sigmaLower[1,2] sigmaLower[1,3] sigmaLower[1,4] sigmaLower[1,5] sigmaLower[2,1] sigmaLower[2,2] sigmaLower[2,3] sigmaLower[2,4] sigmaLower[2,5] sigmaLower[3,1] sigmaLower[3,2] sigmaLower[3,3] sigmaLower[3,4] sigmaLower[3,5] sigmaLower[4,1] sigmaLower[4,2] sigmaLower[4,3] sigmaLower[4,4] sigmaLower[4,5] sigmaLower[5,1] sigmaLower[5,2] sigmaLower[5,3] sigmaLower[5,4] sigmaLower[5,5] sigmaUpper[1,1] sigmaUpper[1,2] sigmaUpper[1,3] sigmaUpper[1,4] sigmaUpper[1,5] sigmaUpper[2,1] sigmaUpper[2,2] sigmaUpper[2,3] sigmaUpper[2,4] sigmaUpper[2,5] sigmaUpper[3,1] sigmaUpper[3,2] sigmaUpper[3,3] sigmaUpper[3,4] sigmaUpper[3,5] sigmaUpper[4,1] sigmaUpper[4,2] sigmaUpper[4,3] sigmaUpper[4,4] sigmaUpper[4,5] sigmaUpper[5,1] sigmaUpper[5,2] sigmaUpper[5,3] sigmaUpper[5,4] sigmaUpper[5,5] collect[1,1] collect[1,2] collect[1,3] collect[1,4] collect[1,5] collect[2,1] collect[2,2] collect[2,3] collect[2,4] collect[2,5] collect[3,1] collect[3,2] collect[3,3] collect[3,4] collect[3,5] collect[4,1] collect[4,2] collect[4,3] collect[4,4] collect[4,5] collect[5,1] collect[5,2] collect[5,3] collect[5,4] collect[5,5] load[1,1] load[1,2] load[1,3] load[1,4] load[1,5] load[2,1] load[2,2] load[2,3] load[2,4] load[2,5] load[3,1] load[3,2] load[3,3] load[3,4] load[3,5] load[4,1] load[4,2] load[4,3] load[4,4] load[4,5] load[5,1] load[5,2] load[5,3] load[5,4] load[5,5] dwell[1,1] dwell[1,2] dwell[1,3] dwell[1,4] dwell[1,5] dwell[2,1] dwell[2,2] dwell[2,3] dwell[2,4] dwell[2,5] dwell[3,1] dwell[3,2] dwell[3,3] dwell[3,4] dwell[3,5] dwell[4,1] dwell[4,2] dwell[4,3] dwell[4,4] dwell[4,5] dwell[5,1] dwell[5,2] dwell[5,3] dwell[5,4] dwell[5,5] objective </list>
v   <values> 0 8 41 50 55 10 33 48 57 66 20 37 54 66 71 30 41 64 69 91 40 53 66 71 84 0 5 15 46 55 0 17 43 53 66 0 36 52 59 71 0 41 57 69 91 0 45 66 71 84 55 66 71 91 84 0 0 6 14 0 0 8 41 21 0 0 33 48 39 0 0 37 54 64 0 0 37 56 64 0 0 8 41 21 0 0 33 48 39 0 0 37 54 64 0 0 37 56 64 0 0 48 56 64 1140 0 80 350 70 0 0 250 70 180 0 0 40 60 250 0 0 0 20 0 0 0 110 0 0 0 0 80 430 500 500 0 250 320 500 500 0 40 100 350 350 0 0 20 20 20 0 110 110 110 110 0 3 26 4 0 10 16 5 4 0 20 1 2 7 0 30 0 7 0 0 40 8 0 0 0 96410 </values>
v </instantiation>
c 00h10m00s | stage:objective-cut:soft-result search=step bound=96459 result=sat guard=14510040 hard=guard [LB,UB] = [0,96409]
c 00h10m00s | stage:objective-loop:enter encoder=log-scop mode=SoftCnf lower=0 upper=2850000 has_incumbent=true soft_active=true
c 00h10m00s | stage:objective-cut:soft-install bound=96409 guard=14510062 clauses_added=34
c 00h10m00s | stage:objective-cut:soft-probe search=step [LB,UB] = [0,96409] next 96409 source=install guard=14510062
c 00h10m00s | stage:sat:round-entry encoder=log-scop assumptions=1 phase_lits=1426 sat_vars=14510062 base_clauses=23855986
c 00h10m00s | stage:sat:init solver=CaDiCaL vars=14510062 clauses=23855986
c 00h10m00s | stage:sat:solve:start assumptions=1 phase_lits=1426
c 00h10m04s | stage:sat:solve:done ms=3048 result=Sat assumptions=1 phase_lits=1426
c 00h10m04s | stage:decode:start
c 00h10m04s | stage:decode:done int_assignments=181
c 00h10m04s | result:Sat
c 00h10m04s | objective:incumbent kind=improvement value=96400 rounds=26 improvements=25
o 96400
v <instantiation>
v   <list> departure[1,1] departure[1,2] departure[1,3] departure[1,4] departure[1,5] departure[2,1] departure[2,2] departure[2,3] departure[2,4] departure[2,5] departure[3,1] departure[3,2] departure[3,3] departure[3,4] departure[3,5] departure[4,1] departure[4,2] departure[4,3] departure[4,4] departure[4,5] departure[5,1] departure[5,2] departure[5,3] departure[5,4] departure[5,5] arrival[1,1] arrival[1,2] arrival[1,3] arrival[1,4] arrival[1,5] arrival[2,1] arrival[2,2] arrival[2,3] arrival[2,4] arrival[2,5] arrival[3,1] arrival[3,2] arrival[3,3] arrival[3,4] arrival[3,5] arrival[4,1] arrival[4,2] arrival[4,3] arrival[4,4] arrival[4,5] arrival[5,1] arrival[5,2] arrival[5,3] arrival[5,4] arrival[5,5] finalArrival[1] finalArrival[2] finalArrival[3] finalArrival[4] finalArrival[5] sigmaLower[1,1] sigmaLower[1,2] sigmaLower[1,3] sigmaLower[1,4] sigmaLower[1,5] sigmaLower[2,1] sigmaLower[2,2] sigmaLower[2,3] sigmaLower[2,4] sigmaLower[2,5] sigmaLower[3,1] sigmaLower[3,2] sigmaLower[3,3] sigmaLower[3,4] sigmaLower[3,5] sigmaLower[4,1] sigmaLower[4,2] sigmaLower[4,3] sigmaLower[4,4] sigmaLower[4,5] sigmaLower[5,1] sigmaLower[5,2] sigmaLower[5,3] sigmaLower[5,4] sigmaLower[5,5] sigmaUpper[1,1] sigmaUpper[1,2] sigmaUpper[1,3] sigmaUpper[1,4] sigmaUpper[1,5] sigmaUpper[2,1] sigmaUpper[2,2] sigmaUpper[2,3] sigmaUpper[2,4] sigmaUpper[2,5] sigmaUpper[3,1] sigmaUpper[3,2] sigmaUpper[3,3] sigmaUpper[3,4] sigmaUpper[3,5] sigmaUpper[4,1] sigmaUpper[4,2] sigmaUpper[4,3] sigmaUpper[4,4] sigmaUpper[4,5] sigmaUpper[5,1] sigmaUpper[5,2] sigmaUpper[5,3] sigmaUpper[5,4] sigmaUpper[5,5] collect[1,1] collect[1,2] collect[1,3] collect[1,4] collect[1,5] collect[2,1] collect[2,2] collect[2,3] collect[2,4] collect[2,5] collect[3,1] collect[3,2] collect[3,3] collect[3,4] collect[3,5] collect[4,1] collect[4,2] collect[4,3] collect[4,4] collect[4,5] collect[5,1] collect[5,2] collect[5,3] collect[5,4] collect[5,5] load[1,1] load[1,2] load[1,3] load[1,4] load[1,5] load[2,1] load[2,2] load[2,3] load[2,4] load[2,5] load[3,1] load[3,2] load[3,3] load[3,4] load[3,5] load[4,1] load[4,2] load[4,3] load[4,4] load[4,5] load[5,1] load[5,2] load[5,3] load[5,4] load[5,5] dwell[1,1] dwell[1,2] dwell[1,3] dwell[1,4] dwell[1,5] dwell[2,1] dwell[2,2] dwell[2,3] dwell[2,4] dwell[2,5] dwell[3,1] dwell[3,2] dwell[3,3] dwell[3,4] dwell[3,5] dwell[4,1] dwell[4,2] dwell[4,3] dwell[4,4] dwell[4,5] dwell[5,1] dwell[5,2] dwell[5,3] dwell[5,4] dwell[5,5] objective </list>
v   <values> 0 8 41 50 55 10 33 48 57 66 20 37 54 66 71 30 41 64 69 85 40 53 66 71 85 0 5 15 46 55 0 17 43 53 66 0 36 52 59 71 0 41 57 69 85 0 45 66 71 85 55 66 71 85 85 0 0 6 14 0 0 8 41 21 0 0 33 48 39 0 0 37 54 64 0 0 37 56 64 0 0 8 41 21 0 0 33 48 39 0 0 37 54 64 0 0 37 56 64 0 0 48 56 64 1140 0 80 350 70 0 0 250 70 180 0 0 40 60 250 0 0 0 20 0 0 0 110 0 0 0 0 80 430 500 500 0 250 320 500 500 0 40 100 350 350 0 0 20 20 20 0 110 110 110 110 0 3 26 4 0 10 16 5 4 0 20 1 2 7 0 30 0 7 0 0 40 8 0 0 0 96400 </values>
v </instantiation>
c 00h10m04s | stage:objective-cut:soft-result search=step bound=96409 result=sat guard=14510062 hard=guard [LB,UB] = [0,96399]
c 00h10m04s | stage:objective-loop:enter encoder=log-scop mode=SoftCnf lower=0 upper=2850000 has_incumbent=true soft_active=true
c 00h10m04s | stage:objective-cut:soft-install bound=96399 guard=14510081 clauses_added=30
c 00h10m04s | stage:objective-cut:soft-probe search=step [LB,UB] = [0,96399] next 96399 source=install guard=14510081
c 00h10m04s | stage:sat:round-entry encoder=log-scop assumptions=1 phase_lits=1426 sat_vars=14510081 base_clauses=23856017
c 00h10m04s | stage:sat:init solver=CaDiCaL vars=14510081 clauses=23856017
c 00h10m04s | stage:sat:solve:start assumptions=1 phase_lits=1426
c 00h10m32s | stage:sat:solve:done ms=27866 result=Sat assumptions=1 phase_lits=1426
c 00h10m32s | stage:decode:start
c 00h10m33s | stage:decode:done int_assignments=181
c 00h10m33s | result:Sat
c 00h10m33s | objective:incumbent kind=improvement value=94770 rounds=27 improvements=26
o 94770
v <instantiation>
v   <list> departure[1,1] departure[1,2] departure[1,3] departure[1,4] departure[1,5] departure[2,1] departure[2,2] departure[2,3] departure[2,4] departure[2,5] departure[3,1] departure[3,2] departure[3,3] departure[3,4] departure[3,5] departure[4,1] departure[4,2] departure[4,3] departure[4,4] departure[4,5] departure[5,1] departure[5,2] departure[5,3] departure[5,4] departure[5,5] arrival[1,1] arrival[1,2] arrival[1,3] arrival[1,4] arrival[1,5] arrival[2,1] arrival[2,2] arrival[2,3] arrival[2,4] arrival[2,5] arrival[3,1] arrival[3,2] arrival[3,3] arrival[3,4] arrival[3,5] arrival[4,1] arrival[4,2] arrival[4,3] arrival[4,4] arrival[4,5] arrival[5,1] arrival[5,2] arrival[5,3] arrival[5,4] arrival[5,5] finalArrival[1] finalArrival[2] finalArrival[3] finalArrival[4] finalArrival[5] sigmaLower[1,1] sigmaLower[1,2] sigmaLower[1,3] sigmaLower[1,4] sigmaLower[1,5] sigmaLower[2,1] sigmaLower[2,2] sigmaLower[2,3] sigmaLower[2,4] sigmaLower[2,5] sigmaLower[3,1] sigmaLower[3,2] sigmaLower[3,3] sigmaLower[3,4] sigmaLower[3,5] sigmaLower[4,1] sigmaLower[4,2] sigmaLower[4,3] sigmaLower[4,4] sigmaLower[4,5] sigmaLower[5,1] sigmaLower[5,2] sigmaLower[5,3] sigmaLower[5,4] sigmaLower[5,5] sigmaUpper[1,1] sigmaUpper[1,2] sigmaUpper[1,3] sigmaUpper[1,4] sigmaUpper[1,5] sigmaUpper[2,1] sigmaUpper[2,2] sigmaUpper[2,3] sigmaUpper[2,4] sigmaUpper[2,5] sigmaUpper[3,1] sigmaUpper[3,2] sigmaUpper[3,3] sigmaUpper[3,4] sigmaUpper[3,5] sigmaUpper[4,1] sigmaUpper[4,2] sigmaUpper[4,3] sigmaUpper[4,4] sigmaUpper[4,5] sigmaUpper[5,1] sigmaUpper[5,2] sigmaUpper[5,3] sigmaUpper[5,4] sigmaUpper[5,5] collect[1,1] collect[1,2] collect[1,3] collect[1,4] collect[1,5] collect[2,1] collect[2,2] collect[2,3] collect[2,4] collect[2,5] collect[3,1] collect[3,2] collect[3,3] collect[3,4] collect[3,5] collect[4,1] collect[4,2] collect[4,3] collect[4,4] collect[4,5] collect[5,1] collect[5,2] collect[5,3] collect[5,4] collect[5,5] load[1,1] load[1,2] load[1,3] load[1,4] load[1,5] load[2,1] load[2,2] load[2,3] load[2,4] load[2,5] load[3,1] load[3,2] load[3,3] load[3,4] load[3,5] load[4,1] load[4,2] load[4,3] load[4,4] load[4,5] load[5,1] load[5,2] load[5,3] load[5,4] load[5,5] dwell[1,1] dwell[1,2] dwell[1,3] dwell[1,4] dwell[1,5] dwell[2,1] dwell[2,2] dwell[2,3] dwell[2,4] dwell[2,5] dwell[3,1] dwell[3,2] dwell[3,3] dwell[3,4] dwell[3,5] dwell[4,1] dwell[4,2] dwell[4,3] dwell[4,4] dwell[4,5] dwell[5,1] dwell[5,2] dwell[5,3] dwell[5,4] dwell[5,5] objective </list>
v   <values> 0 8 41 50 55 10 33 48 57 66 20 37 54 64 69 30 41 62 67 99 40 49 64 69 74 0 5 15 46 55 0 17 43 53 66 0 36 52 59 69 0 39 61 67 99 0 45 64 69 74 55 66 69 99 74 0 0 6 14 0 0 8 41 21 0 0 33 48 39 0 0 37 54 64 0 0 37 56 64 0 0 8 41 21 0 0 33 48 39 0 0 37 54 64 0 0 37 56 64 0 0 48 56 64 1140 0 80 350 70 0 0 250 70 180 0 0 40 60 250 0 0 0 20 0 0 0 110 0 0 0 0 80 430 500 500 0 250 320 500 500 0 40 100 350 350 0 0 20 20 20 0 110 110 110 110 0 3 26 4 0 10 16 5 4 0 20 1 2 5 0 30 2 1 0 0 40 4 0 0 0 94770 </values>
v </instantiation>
c 00h10m33s | stage:objective-cut:soft-result search=step bound=96399 result=sat guard=14510081 hard=guard [LB,UB] = [0,94769]
c 00h10m33s | stage:objective-loop:enter encoder=log-scop mode=SoftCnf lower=0 upper=2850000 has_incumbent=true soft_active=true
c 00h10m33s | stage:objective-cut:soft-install bound=94769 guard=14510103 clauses_added=35
c 00h10m33s | stage:objective-cut:soft-probe search=step [LB,UB] = [0,94769] next 94769 source=install guard=14510103
c 00h10m33s | stage:sat:round-entry encoder=log-scop assumptions=1 phase_lits=1426 sat_vars=14510103 base_clauses=23856053
c 00h10m33s | stage:sat:init solver=CaDiCaL vars=14510103 clauses=23856053
c 00h10m33s | stage:sat:solve:start assumptions=1 phase_lits=1426
c 00h10m47s | stage:sat:solve:done ms=13235 result=Sat assumptions=1 phase_lits=1426
c 00h10m47s | stage:decode:start
c 00h10m48s | stage:decode:done int_assignments=181
c 00h10m48s | result:Sat
c 00h10m48s | objective:incumbent kind=improvement value=94230 rounds=28 improvements=27
o 94230
v <instantiation>
v   <list> departure[1,1] departure[1,2] departure[1,3] departure[1,4] departure[1,5] departure[2,1] departure[2,2] departure[2,3] departure[2,4] departure[2,5] departure[3,1] departure[3,2] departure[3,3] departure[3,4] departure[3,5] departure[4,1] departure[4,2] departure[4,3] departure[4,4] departure[4,5] departure[5,1] departure[5,2] departure[5,3] departure[5,4] departure[5,5] arrival[1,1] arrival[1,2] arrival[1,3] arrival[1,4] arrival[1,5] arrival[2,1] arrival[2,2] arrival[2,3] arrival[2,4] arrival[2,5] arrival[3,1] arrival[3,2] arrival[3,3] arrival[3,4] arrival[3,5] arrival[4,1] arrival[4,2] arrival[4,3] arrival[4,4] arrival[4,5] arrival[5,1] arrival[5,2] arrival[5,3] arrival[5,4] arrival[5,5] finalArrival[1] finalArrival[2] finalArrival[3] finalArrival[4] finalArrival[5] sigmaLower[1,1] sigmaLower[1,2] sigmaLower[1,3] sigmaLower[1,4] sigmaLower[1,5] sigmaLower[2,1] sigmaLower[2,2] sigmaLower[2,3] sigmaLower[2,4] sigmaLower[2,5] sigmaLower[3,1] sigmaLower[3,2] sigmaLower[3,3] sigmaLower[3,4] sigmaLower[3,5] sigmaLower[4,1] sigmaLower[4,2] sigmaLower[4,3] sigmaLower[4,4] sigmaLower[4,5] sigmaLower[5,1] sigmaLower[5,2] sigmaLower[5,3] sigmaLower[5,4] sigmaLower[5,5] sigmaUpper[1,1] sigmaUpper[1,2] sigmaUpper[1,3] sigmaUpper[1,4] sigmaUpper[1,5] sigmaUpper[2,1] sigmaUpper[2,2] sigmaUpper[2,3] sigmaUpper[2,4] sigmaUpper[2,5] sigmaUpper[3,1] sigmaUpper[3,2] sigmaUpper[3,3] sigmaUpper[3,4] sigmaUpper[3,5] sigmaUpper[4,1] sigmaUpper[4,2] sigmaUpper[4,3] sigmaUpper[4,4] sigmaUpper[4,5] sigmaUpper[5,1] sigmaUpper[5,2] sigmaUpper[5,3] sigmaUpper[5,4] sigmaUpper[5,5] collect[1,1] collect[1,2] collect[1,3] collect[1,4] collect[1,5] collect[2,1] collect[2,2] collect[2,3] collect[2,4] collect[2,5] collect[3,1] collect[3,2] collect[3,3] collect[3,4] collect[3,5] collect[4,1] collect[4,2] collect[4,3] collect[4,4] collect[4,5] collect[5,1] collect[5,2] collect[5,3] collect[5,4] collect[5,5] load[1,1] load[1,2] load[1,3] load[1,4] load[1,5] load[2,1] load[2,2] load[2,3] load[2,4] load[2,5] load[3,1] load[3,2] load[3,3] load[3,4] load[3,5] load[4,1] load[4,2] load[4,3] load[4,4] load[4,5] load[5,1] load[5,2] load[5,3] load[5,4] load[5,5] dwell[1,1] dwell[1,2] dwell[1,3] dwell[1,4] dwell[1,5] dwell[2,1] dwell[2,2] dwell[2,3] dwell[2,4] dwell[2,5] dwell[3,1] dwell[3,2] dwell[3,3] dwell[3,4] dwell[3,5] dwell[4,1] dwell[4,2] dwell[4,3] dwell[4,4] dwell[4,5] dwell[5,1] dwell[5,2] dwell[5,3] dwell[5,4] dwell[5,5] objective </list>
v   <values> 0 8 41 50 55 10 33 48 57 65 20 37 54 64 69 30 41 62 67 97 40 49 64 69 74 0 5 15 46 55 0 17 43 53 65 0 36 52 59 69 0 39 61 67 97 0 45 64 69 74 55 65 69 97 74 0 0 6 14 0 0 8 41 21 0 0 33 48 39 0 0 37 54 64 0 0 37 56 64 0 0 8 41 21 0 0 33 48 39 0 0 37 54 64 0 0 37 56 64 0 0 48 56 64 1140 0 80 350 70 0 0 250 70 180 0 0 40 60 250 0 0 0 20 0 0 0 110 0 0 0 0 80 430 500 500 0 250 320 500 500 0 40 100 350 350 0 0 20 20 20 0 110 110 110 110 0 3 26 4 0 10 16 5 4 0 20 1 2 5 0 30 2 1 0 0 40 4 0 0 0 94230 </values>
v </instantiation>
c 00h10m48s | stage:objective-cut:soft-result search=step bound=94769 result=sat guard=14510103 hard=guard [LB,UB] = [0,94229]
c 00h10m48s | stage:objective-loop:enter encoder=log-scop mode=SoftCnf lower=0 upper=2850000 has_incumbent=true soft_active=true
c 00h10m48s | stage:objective-cut:soft-install bound=94229 guard=14510125 clauses_added=36
c 00h10m48s | stage:objective-cut:soft-probe search=step [LB,UB] = [0,94229] next 94229 source=install guard=14510125
c 00h10m48s | stage:sat:round-entry encoder=log-scop assumptions=1 phase_lits=1426 sat_vars=14510125 base_clauses=23856090
c 00h10m48s | stage:sat:init solver=CaDiCaL vars=14510125 clauses=23856090
c 00h10m48s | stage:sat:solve:start assumptions=1 phase_lits=1426
c 00h11m05s | stage:sat:solve:done ms=17748 result=Sat assumptions=1 phase_lits=1426
c 00h11m05s | stage:decode:start
c 00h11m06s | stage:decode:done int_assignments=181
c 00h11m06s | result:Sat
c 00h11m06s | objective:incumbent kind=improvement value=94200 rounds=29 improvements=28
o 94200
v <instantiation>
v   <list> departure[1,1] departure[1,2] departure[1,3] departure[1,4] departure[1,5] departure[2,1] departure[2,2] departure[2,3] departure[2,4] departure[2,5] departure[3,1] departure[3,2] departure[3,3] departure[3,4] departure[3,5] departure[4,1] departure[4,2] departure[4,3] departure[4,4] departure[4,5] departure[5,1] departure[5,2] departure[5,3] departure[5,4] departure[5,5] arrival[1,1] arrival[1,2] arrival[1,3] arrival[1,4] arrival[1,5] arrival[2,1] arrival[2,2] arrival[2,3] arrival[2,4] arrival[2,5] arrival[3,1] arrival[3,2] arrival[3,3] arrival[3,4] arrival[3,5] arrival[4,1] arrival[4,2] arrival[4,3] arrival[4,4] arrival[4,5] arrival[5,1] arrival[5,2] arrival[5,3] arrival[5,4] arrival[5,5] finalArrival[1] finalArrival[2] finalArrival[3] finalArrival[4] finalArrival[5] sigmaLower[1,1] sigmaLower[1,2] sigmaLower[1,3] sigmaLower[1,4] sigmaLower[1,5] sigmaLower[2,1] sigmaLower[2,2] sigmaLower[2,3] sigmaLower[2,4] sigmaLower[2,5] sigmaLower[3,1] sigmaLower[3,2] sigmaLower[3,3] sigmaLower[3,4] sigmaLower[3,5] sigmaLower[4,1] sigmaLower[4,2] sigmaLower[4,3] sigmaLower[4,4] sigmaLower[4,5] sigmaLower[5,1] sigmaLower[5,2] sigmaLower[5,3] sigmaLower[5,4] sigmaLower[5,5] sigmaUpper[1,1] sigmaUpper[1,2] sigmaUpper[1,3] sigmaUpper[1,4] sigmaUpper[1,5] sigmaUpper[2,1] sigmaUpper[2,2] sigmaUpper[2,3] sigmaUpper[2,4] sigmaUpper[2,5] sigmaUpper[3,1] sigmaUpper[3,2] sigmaUpper[3,3] sigmaUpper[3,4] sigmaUpper[3,5] sigmaUpper[4,1] sigmaUpper[4,2] sigmaUpper[4,3] sigmaUpper[4,4] sigmaUpper[4,5] sigmaUpper[5,1] sigmaUpper[5,2] sigmaUpper[5,3] sigmaUpper[5,4] sigmaUpper[5,5] collect[1,1] collect[1,2] collect[1,3] collect[1,4] collect[1,5] collect[2,1] collect[2,2] collect[2,3] collect[2,4] collect[2,5] collect[3,1] collect[3,2] collect[3,3] collect[3,4] collect[3,5] collect[4,1] collect[4,2] collect[4,3] collect[4,4] collect[4,5] collect[5,1] collect[5,2] collect[5,3] collect[5,4] collect[5,5] load[1,1] load[1,2] load[1,3] load[1,4] load[1,5] load[2,1] load[2,2] load[2,3] load[2,4] load[2,5] load[3,1] load[3,2] load[3,3] load[3,4] load[3,5] load[4,1] load[4,2] load[4,3] load[4,4] load[4,5] load[5,1] load[5,2] load[5,3] load[5,4] load[5,5] dwell[1,1] dwell[1,2] dwell[1,3] dwell[1,4] dwell[1,5] dwell[2,1] dwell[2,2] dwell[2,3] dwell[2,4] dwell[2,5] dwell[3,1] dwell[3,2] dwell[3,3] dwell[3,4] dwell[3,5] dwell[4,1] dwell[4,2] dwell[4,3] dwell[4,4] dwell[4,5] dwell[5,1] dwell[5,2] dwell[5,3] dwell[5,4] dwell[5,5] objective </list>
v   <values> 0 8 41 50 56 10 32 48 57 62 20 39 52 64 69 30 48 55 66 86 40 53 60 68 73 0 5 15 46 56 0 17 43 53 62 0 36 51 59 69 0 43 54 66 86 0 53 59 68 73 56 62 69 86 73 0 0 6 14 0 0 8 41 21 0 0 32 48 40 0 0 39 52 64 0 0 48 55 64 0 0 8 41 21 0 0 32 48 40 0 0 39 52 64 0 0 48 55 64 0 0 48 56 64 1140 0 80 350 70 0 0 240 70 190 0 0 70 40 240 0 0 90 30 0 0 0 0 10 0 0 0 80 430 500 500 0 240 310 500 500 0 70 110 350 350 0 90 120 120 120 0 0 10 10 10 0 3 26 4 0 10 15 5 4 0 20 3 1 5 0 30 5 1 0 0 40 0 1 0 0 94200 </values>
v </instantiation>
c 00h11m06s | stage:objective-cut:soft-result search=step bound=94229 result=sat guard=14510125 hard=guard [LB,UB] = [0,94199]
c 00h11m06s | stage:objective-loop:enter encoder=log-scop mode=SoftCnf lower=0 upper=2850000 has_incumbent=true soft_active=true
c 00h11m06s | stage:objective-cut:soft-install bound=94199 guard=14510145 clauses_added=27
c 00h11m06s | stage:objective-cut:soft-probe search=step [LB,UB] = [0,94199] next 94199 source=install guard=14510145
c 00h11m06s | stage:sat:round-entry encoder=log-scop assumptions=1 phase_lits=1426 sat_vars=14510145 base_clauses=23856118
c 00h11m06s | stage:sat:init solver=CaDiCaL vars=14510145 clauses=23856118
c 00h11m06s | stage:sat:solve:start assumptions=1 phase_lits=1426
c 00h11m23s | stage:sat:solve:done ms=16737 result=Sat assumptions=1 phase_lits=1426
c 00h11m23s | stage:decode:start
c 00h11m24s | stage:decode:done int_assignments=181
c 00h11m24s | result:Sat
c 00h11m24s | objective:incumbent kind=improvement value=93890 rounds=30 improvements=29
o 93890
v <instantiation>
v   <list> departure[1,1] departure[1,2] departure[1,3] departure[1,4] departure[1,5] departure[2,1] departure[2,2] departure[2,3] departure[2,4] departure[2,5] departure[3,1] departure[3,2] departure[3,3] departure[3,4] departure[3,5] departure[4,1] departure[4,2] departure[4,3] departure[4,4] departure[4,5] departure[5,1] departure[5,2] departure[5,3] departure[5,4] departure[5,5] arrival[1,1] arrival[1,2] arrival[1,3] arrival[1,4] arrival[1,5] arrival[2,1] arrival[2,2] arrival[2,3] arrival[2,4] arrival[2,5] arrival[3,1] arrival[3,2] arrival[3,3] arrival[3,4] arrival[3,5] arrival[4,1] arrival[4,2] arrival[4,3] arrival[4,4] arrival[4,5] arrival[5,1] arrival[5,2] arrival[5,3] arrival[5,4] arrival[5,5] finalArrival[1] finalArrival[2] finalArrival[3] finalArrival[4] finalArrival[5] sigmaLower[1,1] sigmaLower[1,2] sigmaLower[1,3] sigmaLower[1,4] sigmaLower[1,5] sigmaLower[2,1] sigmaLower[2,2] sigmaLower[2,3] sigmaLower[2,4] sigmaLower[2,5] sigmaLower[3,1] sigmaLower[3,2] sigmaLower[3,3] sigmaLower[3,4] sigmaLower[3,5] sigmaLower[4,1] sigmaLower[4,2] sigmaLower[4,3] sigmaLower[4,4] sigmaLower[4,5] sigmaLower[5,1] sigmaLower[5,2] sigmaLower[5,3] sigmaLower[5,4] sigmaLower[5,5] sigmaUpper[1,1] sigmaUpper[1,2] sigmaUpper[1,3] sigmaUpper[1,4] sigmaUpper[1,5] sigmaUpper[2,1] sigmaUpper[2,2] sigmaUpper[2,3] sigmaUpper[2,4] sigmaUpper[2,5] sigmaUpper[3,1] sigmaUpper[3,2] sigmaUpper[3,3] sigmaUpper[3,4] sigmaUpper[3,5] sigmaUpper[4,1] sigmaUpper[4,2] sigmaUpper[4,3] sigmaUpper[4,4] sigmaUpper[4,5] sigmaUpper[5,1] sigmaUpper[5,2] sigmaUpper[5,3] sigmaUpper[5,4] sigmaUpper[5,5] collect[1,1] collect[1,2] collect[1,3] collect[1,4] collect[1,5] collect[2,1] collect[2,2] collect[2,3] collect[2,4] collect[2,5] collect[3,1] collect[3,2] collect[3,3] collect[3,4] collect[3,5] collect[4,1] collect[4,2] collect[4,3] collect[4,4] collect[4,5] collect[5,1] collect[5,2] collect[5,3] collect[5,4] collect[5,5] load[1,1] load[1,2] load[1,3] load[1,4] load[1,5] load[2,1] load[2,2] load[2,3] load[2,4] load[2,5] load[3,1] load[3,2] load[3,3] load[3,4] load[3,5] load[4,1] load[4,2] load[4,3] load[4,4] load[4,5] load[5,1] load[5,2] load[5,3] load[5,4] load[5,5] dwell[1,1] dwell[1,2] dwell[1,3] dwell[1,4] dwell[1,5] dwell[2,1] dwell[2,2] dwell[2,3] dwell[2,4] dwell[2,5] dwell[3,1] dwell[3,2] dwell[3,3] dwell[3,4] dwell[3,5] dwell[4,1] dwell[4,2] dwell[4,3] dwell[4,4] dwell[4,5] dwell[5,1] dwell[5,2] dwell[5,3] dwell[5,4] dwell[5,5] objective </list>
v   <values> 0 8 21 26 32 10 30 40 52 58 20 40 52 62 67 30 52 60 65 86 40 58 68 74 95 0 5 18 26 32 0 15 35 45 58 0 32 51 58 67 0 46 59 65 86 0 54 63 73 95 32 58 67 86 95 0 0 6 14 0 0 8 21 14 0 0 8 40 45 0 0 40 40 62 0 0 40 40 62 0 0 8 21 14 0 0 8 40 45 0 0 40 40 62 0 0 40 40 62 0 40 48 56 64 1140 0 80 150 0 0 0 0 190 310 0 0 320 0 170 0 0 0 0 0 0 0 80 160 20 0 0 80 230 230 230 0 0 190 500 500 0 320 320 490 490 0 0 0 0 0 0 80 240 260 260 0 3 3 0 0 10 15 5 7 0 20 8 1 4 0 30 6 1 0 0 40 4 5 1 0 93890 </values>
v </instantiation>
c 00h11m24s | stage:objective-cut:soft-result search=step bound=94199 result=sat guard=14510145 hard=guard [LB,UB] = [0,93889]
c 00h11m24s | stage:objective-loop:enter encoder=log-scop mode=SoftCnf lower=0 upper=2850000 has_incumbent=true soft_active=true
c 00h11m24s | stage:objective-cut:soft-install bound=93889 guard=14510167 clauses_added=34
c 00h11m24s | stage:objective-cut:soft-probe search=step [LB,UB] = [0,93889] next 93889 source=install guard=14510167
c 00h11m24s | stage:sat:round-entry encoder=log-scop assumptions=1 phase_lits=1426 sat_vars=14510167 base_clauses=23856153
c 00h11m24s | stage:sat:init solver=CaDiCaL vars=14510167 clauses=23856153
c 00h11m24s | stage:sat:solve:start assumptions=1 phase_lits=1426
c 00h11m29s | stage:sat:solve:done ms=5035 result=Sat assumptions=1 phase_lits=1426
c 00h11m29s | stage:decode:start
c 00h11m30s | stage:decode:done int_assignments=181
c 00h11m30s | result:Sat
c 00h11m30s | objective:incumbent kind=improvement value=90000 rounds=31 improvements=30
o 90000
v <instantiation>
v   <list> departure[1,1] departure[1,2] departure[1,3] departure[1,4] departure[1,5] departure[2,1] departure[2,2] departure[2,3] departure[2,4] departure[2,5] departure[3,1] departure[3,2] departure[3,3] departure[3,4] departure[3,5] departure[4,1] departure[4,2] departure[4,3] departure[4,4] departure[4,5] departure[5,1] departure[5,2] departure[5,3] departure[5,4] departure[5,5] arrival[1,1] arrival[1,2] arrival[1,3] arrival[1,4] arrival[1,5] arrival[2,1] arrival[2,2] arrival[2,3] arrival[2,4] arrival[2,5] arrival[3,1] arrival[3,2] arrival[3,3] arrival[3,4] arrival[3,5] arrival[4,1] arrival[4,2] arrival[4,3] arrival[4,4] arrival[4,5] arrival[5,1] arrival[5,2] arrival[5,3] arrival[5,4] arrival[5,5] finalArrival[1] finalArrival[2] finalArrival[3] finalArrival[4] finalArrival[5] sigmaLower[1,1] sigmaLower[1,2] sigmaLower[1,3] sigmaLower[1,4] sigmaLower[1,5] sigmaLower[2,1] sigmaLower[2,2] sigmaLower[2,3] sigmaLower[2,4] sigmaLower[2,5] sigmaLower[3,1] sigmaLower[3,2] sigmaLower[3,3] sigmaLower[3,4] sigmaLower[3,5] sigmaLower[4,1] sigmaLower[4,2] sigmaLower[4,3] sigmaLower[4,4] sigmaLower[4,5] sigmaLower[5,1] sigmaLower[5,2] sigmaLower[5,3] sigmaLower[5,4] sigmaLower[5,5] sigmaUpper[1,1] sigmaUpper[1,2] sigmaUpper[1,3] sigmaUpper[1,4] sigmaUpper[1,5] sigmaUpper[2,1] sigmaUpper[2,2] sigmaUpper[2,3] sigmaUpper[2,4] sigmaUpper[2,5] sigmaUpper[3,1] sigmaUpper[3,2] sigmaUpper[3,3] sigmaUpper[3,4] sigmaUpper[3,5] sigmaUpper[4,1] sigmaUpper[4,2] sigmaUpper[4,3] sigmaUpper[4,4] sigmaUpper[4,5] sigmaUpper[5,1] sigmaUpper[5,2] sigmaUpper[5,3] sigmaUpper[5,4] sigmaUpper[5,5] collect[1,1] collect[1,2] collect[1,3] collect[1,4] collect[1,5] collect[2,1] collect[2,2] collect[2,3] collect[2,4] collect[2,5] collect[3,1] collect[3,2] collect[3,3] collect[3,4] collect[3,5] collect[4,1] collect[4,2] collect[4,3] collect[4,4] collect[4,5] collect[5,1] collect[5,2] collect[5,3] collect[5,4] collect[5,5] load[1,1] load[1,2] load[1,3] load[1,4] load[1,5] load[2,1] load[2,2] load[2,3] load[2,4] load[2,5] load[3,1] load[3,2] load[3,3] load[3,4] load[3,5] load[4,1] load[4,2] load[4,3] load[4,4] load[4,5] load[5,1] load[5,2] load[5,3] load[5,4] load[5,5] dwell[1,1] dwell[1,2] dwell[1,3] dwell[1,4] dwell[1,5] dwell[2,1] dwell[2,2] dwell[2,3] dwell[2,4] dwell[2,5] dwell[3,1] dwell[3,2] dwell[3,3] dwell[3,4] dwell[3,5] dwell[4,1] dwell[4,2] dwell[4,3] dwell[4,4] dwell[4,5] dwell[5,1] dwell[5,2] dwell[5,3] dwell[5,4] dwell[5,5] objective </list>
v   <values> 0 8 21 26 31 10 30 40 52 59 20 40 52 62 67 30 50 56 65 86 40 58 68 74 79 0 5 18 26 31 0 15 35 45 59 0 32 51 58 67 0 46 55 64 86 0 54 63 73 79 31 59 67 86 79 0 0 6 14 0 0 8 21 14 0 0 8 40 45 0 0 40 40 62 0 0 40 40 62 0 0 8 21 14 0 0 8 40 45 0 0 40 40 62 0 0 40 40 62 0 40 48 56 64 1140 0 80 150 0 0 0 0 190 310 0 0 320 0 170 0 0 0 0 0 0 0 80 160 20 0 0 80 230 230 230 0 0 190 500 500 0 320 320 490 490 0 0 0 0 0 0 80 240 260 260 0 3 3 0 0 10 15 5 7 0 20 8 1 4 0 30 4 1 1 0 40 4 5 1 0 90000 </values>
v </instantiation>
c 00h11m30s | stage:objective-cut:soft-result search=step bound=93889 result=sat guard=14510167 hard=guard [LB,UB] = [0,89999]
c 00h11m30s | stage:objective-loop:enter encoder=log-scop mode=SoftCnf lower=0 upper=2850000 has_incumbent=true soft_active=true
c 00h11m30s | stage:objective-cut:soft-install bound=89999 guard=14510186 clauses_added=28
c 00h11m30s | stage:objective-cut:soft-probe search=step [LB,UB] = [0,89999] next 89999 source=install guard=14510186
c 00h11m30s | stage:sat:round-entry encoder=log-scop assumptions=1 phase_lits=1426 sat_vars=14510186 base_clauses=23856182
c 00h11m30s | stage:sat:init solver=CaDiCaL vars=14510186 clauses=23856182
c 00h11m30s | stage:sat:solve:start assumptions=1 phase_lits=1426
c 00h12m01s | stage:sat:solve:done ms=31173 result=Sat assumptions=1 phase_lits=1426
c 00h12m01s | stage:decode:start
c 00h12m02s | stage:decode:done int_assignments=181
c 00h12m02s | result:Sat
c 00h12m02s | objective:incumbent kind=improvement value=88570 rounds=32 improvements=31
o 88570
v <instantiation>
v   <list> departure[1,1] departure[1,2] departure[1,3] departure[1,4] departure[1,5] departure[2,1] departure[2,2] departure[2,3] departure[2,4] departure[2,5] departure[3,1] departure[3,2] departure[3,3] departure[3,4] departure[3,5] departure[4,1] departure[4,2] departure[4,3] departure[4,4] departure[4,5] departure[5,1] departure[5,2] departure[5,3] departure[5,4] departure[5,5] arrival[1,1] arrival[1,2] arrival[1,3] arrival[1,4] arrival[1,5] arrival[2,1] arrival[2,2] arrival[2,3] arrival[2,4] arrival[2,5] arrival[3,1] arrival[3,2] arrival[3,3] arrival[3,4] arrival[3,5] arrival[4,1] arrival[4,2] arrival[4,3] arrival[4,4] arrival[4,5] arrival[5,1] arrival[5,2] arrival[5,3] arrival[5,4] arrival[5,5] finalArrival[1] finalArrival[2] finalArrival[3] finalArrival[4] finalArrival[5] sigmaLower[1,1] sigmaLower[1,2] sigmaLower[1,3] sigmaLower[1,4] sigmaLower[1,5] sigmaLower[2,1] sigmaLower[2,2] sigmaLower[2,3] sigmaLower[2,4] sigmaLower[2,5] sigmaLower[3,1] sigmaLower[3,2] sigmaLower[3,3] sigmaLower[3,4] sigmaLower[3,5] sigmaLower[4,1] sigmaLower[4,2] sigmaLower[4,3] sigmaLower[4,4] sigmaLower[4,5] sigmaLower[5,1] sigmaLower[5,2] sigmaLower[5,3] sigmaLower[5,4] sigmaLower[5,5] sigmaUpper[1,1] sigmaUpper[1,2] sigmaUpper[1,3] sigmaUpper[1,4] sigmaUpper[1,5] sigmaUpper[2,1] sigmaUpper[2,2] sigmaUpper[2,3] sigmaUpper[2,4] sigmaUpper[2,5] sigmaUpper[3,1] sigmaUpper[3,2] sigmaUpper[3,3] sigmaUpper[3,4] sigmaUpper[3,5] sigmaUpper[4,1] sigmaUpper[4,2] sigmaUpper[4,3] sigmaUpper[4,4] sigmaUpper[4,5] sigmaUpper[5,1] sigmaUpper[5,2] sigmaUpper[5,3] sigmaUpper[5,4] sigmaUpper[5,5] collect[1,1] collect[1,2] collect[1,3] collect[1,4] collect[1,5] collect[2,1] collect[2,2] collect[2,3] collect[2,4] collect[2,5] collect[3,1] collect[3,2] collect[3,3] collect[3,4] collect[3,5] collect[4,1] collect[4,2] collect[4,3] collect[4,4] collect[4,5] collect[5,1] collect[5,2] collect[5,3] collect[5,4] collect[5,5] load[1,1] load[1,2] load[1,3] load[1,4] load[1,5] load[2,1] load[2,2] load[2,3] load[2,4] load[2,5] load[3,1] load[3,2] load[3,3] load[3,4] load[3,5] load[4,1] load[4,2] load[4,3] load[4,4] load[4,5] load[5,1] load[5,2] load[5,3] load[5,4] load[5,5] dwell[1,1] dwell[1,2] dwell[1,3] dwell[1,4] dwell[1,5] dwell[2,1] dwell[2,2] dwell[2,3] dwell[2,4] dwell[2,5] dwell[3,1] dwell[3,2] dwell[3,3] dwell[3,4] dwell[3,5] dwell[4,1] dwell[4,2] dwell[4,3] dwell[4,4] dwell[4,5] dwell[5,1] dwell[5,2] dwell[5,3] dwell[5,4] dwell[5,5] objective </list>
v   <values> 0 8 25 35 43 10 30 38 45 53 20 38 49 62 70 30 42 52 64 103 40 50 60 67 72 0 5 14 30 43 0 15 35 43 53 0 32 47 58 70 0 40 51 64 103 0 46 56 66 72 43 53 70 103 72 0 0 6 14 0 0 8 25 35 0 0 8 38 45 0 0 38 38 62 0 0 42 38 62 0 0 8 25 35 0 0 8 38 45 0 0 38 38 62 0 0 42 38 62 0 40 48 56 64 1140 0 80 190 210 0 0 0 130 100 0 0 300 0 170 0 0 40 0 0 0 0 60 180 20 0 0 80 270 480 480 0 0 130 230 230 0 300 300 470 470 0 40 40 40 40 0 60 240 260 260 0 3 11 5 0 10 15 3 2 0 20 6 2 4 0 30 2 1 0 0 40 4 4 1 0 88570 </values>
v </instantiation>
c 00h12m02s | stage:objective-cut:soft-result search=step bound=89999 result=sat guard=14510186 hard=guard [LB,UB] = [0,88569]
c 00h12m02s | stage:objective-loop:enter encoder=log-scop mode=SoftCnf lower=0 upper=2850000 has_incumbent=true soft_active=true
c 00h12m02s | stage:objective-cut:soft-install bound=88569 guard=14510208 clauses_added=32
c 00h12m02s | stage:objective-cut:soft-probe search=step [LB,UB] = [0,88569] next 88569 source=install guard=14510208
c 00h12m02s | stage:sat:round-entry encoder=log-scop assumptions=1 phase_lits=1426 sat_vars=14510208 base_clauses=23856215
c 00h12m02s | stage:sat:init solver=CaDiCaL vars=14510208 clauses=23856215
c 00h12m02s | stage:sat:solve:start assumptions=1 phase_lits=1426
c 00h12m38s | stage:sat:solve:done ms=36435 result=Sat assumptions=1 phase_lits=1426
c 00h12m38s | stage:decode:start
c 00h12m39s | stage:decode:done int_assignments=181
c 00h12m39s | result:Sat
c 00h12m39s | objective:incumbent kind=improvement value=85850 rounds=33 improvements=32
o 85850
v <instantiation>
v   <list> departure[1,1] departure[1,2] departure[1,3] departure[1,4] departure[1,5] departure[2,1] departure[2,2] departure[2,3] departure[2,4] departure[2,5] departure[3,1] departure[3,2] departure[3,3] departure[3,4] departure[3,5] departure[4,1] departure[4,2] departure[4,3] departure[4,4] departure[4,5] departure[5,1] departure[5,2] departure[5,3] departure[5,4] departure[5,5] arrival[1,1] arrival[1,2] arrival[1,3] arrival[1,4] arrival[1,5] arrival[2,1] arrival[2,2] arrival[2,3] arrival[2,4] arrival[2,5] arrival[3,1] arrival[3,2] arrival[3,3] arrival[3,4] arrival[3,5] arrival[4,1] arrival[4,2] arrival[4,3] arrival[4,4] arrival[4,5] arrival[5,1] arrival[5,2] arrival[5,3] arrival[5,4] arrival[5,5] finalArrival[1] finalArrival[2] finalArrival[3] finalArrival[4] finalArrival[5] sigmaLower[1,1] sigmaLower[1,2] sigmaLower[1,3] sigmaLower[1,4] sigmaLower[1,5] sigmaLower[2,1] sigmaLower[2,2] sigmaLower[2,3] sigmaLower[2,4] sigmaLower[2,5] sigmaLower[3,1] sigmaLower[3,2] sigmaLower[3,3] sigmaLower[3,4] sigmaLower[3,5] sigmaLower[4,1] sigmaLower[4,2] sigmaLower[4,3] sigmaLower[4,4] sigmaLower[4,5] sigmaLower[5,1] sigmaLower[5,2] sigmaLower[5,3] sigmaLower[5,4] sigmaLower[5,5] sigmaUpper[1,1] sigmaUpper[1,2] sigmaUpper[1,3] sigmaUpper[1,4] sigmaUpper[1,5] sigmaUpper[2,1] sigmaUpper[2,2] sigmaUpper[2,3] sigmaUpper[2,4] sigmaUpper[2,5] sigmaUpper[3,1] sigmaUpper[3,2] sigmaUpper[3,3] sigmaUpper[3,4] sigmaUpper[3,5] sigmaUpper[4,1] sigmaUpper[4,2] sigmaUpper[4,3] sigmaUpper[4,4] sigmaUpper[4,5] sigmaUpper[5,1] sigmaUpper[5,2] sigmaUpper[5,3] sigmaUpper[5,4] sigmaUpper[5,5] collect[1,1] collect[1,2] collect[1,3] collect[1,4] collect[1,5] collect[2,1] collect[2,2] collect[2,3] collect[2,4] collect[2,5] collect[3,1] collect[3,2] collect[3,3] collect[3,4] collect[3,5] collect[4,1] collect[4,2] collect[4,3] collect[4,4] collect[4,5] collect[5,1] collect[5,2] collect[5,3] collect[5,4] collect[5,5] load[1,1] load[1,2] load[1,3] load[1,4] load[1,5] load[2,1] load[2,2] load[2,3] load[2,4] load[2,5] load[3,1] load[3,2] load[3,3] load[3,4] load[3,5] load[4,1] load[4,2] load[4,3] load[4,4] load[4,5] load[5,1] load[5,2] load[5,3] load[5,4] load[5,5] dwell[1,1] dwell[1,2] dwell[1,3] dwell[1,4] dwell[1,5] dwell[2,1] dwell[2,2] dwell[2,3] dwell[2,4] dwell[2,5] dwell[3,1] dwell[3,2] dwell[3,3] dwell[3,4] dwell[3,5] dwell[4,1] dwell[4,2] dwell[4,3] dwell[4,4] dwell[4,5] dwell[5,1] dwell[5,2] dwell[5,3] dwell[5,4] dwell[5,5] objective </list>
v   <values> 0 8 25 35 40 10 30 38 45 54 20 38 45 62 69 30 42 52 64 77 40 50 60 67 72 0 5 14 30 40 0 15 35 43 54 0 32 45 58 69 0 41 51 64 77 0 46 56 66 72 40 54 69 77 72 0 0 6 14 0 0 8 25 35 0 0 8 38 45 0 0 38 38 62 0 0 42 38 62 0 0 8 25 35 0 0 8 38 45 0 0 38 38 62 0 0 42 38 62 0 40 48 56 64 1140 0 80 190 210 0 0 0 130 100 0 0 300 0 170 0 0 40 0 0 0 0 60 180 20 0 0 80 270 480 480 0 0 130 230 230 0 300 300 470 470 0 40 40 40 40 0 60 240 260 260 0 3 11 5 0 10 15 3 2 0 20 6 0 4 0 30 1 1 0 0 40 4 4 1 0 85850 </values>
v </instantiation>
c 00h12m39s | stage:objective-cut:soft-result search=step bound=88569 result=sat guard=14510208 hard=guard [LB,UB] = [0,85849]
c 00h12m39s | stage:objective-loop:enter encoder=log-scop mode=SoftCnf lower=0 upper=2850000 has_incumbent=true soft_active=true
c 00h12m39s | stage:objective-cut:soft-install bound=85849 guard=14510230 clauses_added=33
c 00h12m39s | stage:objective-cut:soft-probe search=step [LB,UB] = [0,85849] next 85849 source=install guard=14510230
c 00h12m39s | stage:sat:round-entry encoder=log-scop assumptions=1 phase_lits=1426 sat_vars=14510230 base_clauses=23856249
c 00h12m39s | stage:sat:init solver=CaDiCaL vars=14510230 clauses=23856249
c 00h12m39s | stage:sat:solve:start assumptions=1 phase_lits=1426
c 00h13m17s | stage:sat:solve:done ms=37901 result=Sat assumptions=1 phase_lits=1426
c 00h13m17s | stage:decode:start
c 00h13m18s | stage:decode:done int_assignments=181
c 00h13m18s | result:Sat
c 00h13m18s | objective:incumbent kind=improvement value=85480 rounds=34 improvements=33
o 85480
v <instantiation>
v   <list> departure[1,1] departure[1,2] departure[1,3] departure[1,4] departure[1,5] departure[2,1] departure[2,2] departure[2,3] departure[2,4] departure[2,5] departure[3,1] departure[3,2] departure[3,3] departure[3,4] departure[3,5] departure[4,1] departure[4,2] departure[4,3] departure[4,4] departure[4,5] departure[5,1] departure[5,2] departure[5,3] departure[5,4] departure[5,5] arrival[1,1] arrival[1,2] arrival[1,3] arrival[1,4] arrival[1,5] arrival[2,1] arrival[2,2] arrival[2,3] arrival[2,4] arrival[2,5] arrival[3,1] arrival[3,2] arrival[3,3] arrival[3,4] arrival[3,5] arrival[4,1] arrival[4,2] arrival[4,3] arrival[4,4] arrival[4,5] arrival[5,1] arrival[5,2] arrival[5,3] arrival[5,4] arrival[5,5] finalArrival[1] finalArrival[2] finalArrival[3] finalArrival[4] finalArrival[5] sigmaLower[1,1] sigmaLower[1,2] sigmaLower[1,3] sigmaLower[1,4] sigmaLower[1,5] sigmaLower[2,1] sigmaLower[2,2] sigmaLower[2,3] sigmaLower[2,4] sigmaLower[2,5] sigmaLower[3,1] sigmaLower[3,2] sigmaLower[3,3] sigmaLower[3,4] sigmaLower[3,5] sigmaLower[4,1] sigmaLower[4,2] sigmaLower[4,3] sigmaLower[4,4] sigmaLower[4,5] sigmaLower[5,1] sigmaLower[5,2] sigmaLower[5,3] sigmaLower[5,4] sigmaLower[5,5] sigmaUpper[1,1] sigmaUpper[1,2] sigmaUpper[1,3] sigmaUpper[1,4] sigmaUpper[1,5] sigmaUpper[2,1] sigmaUpper[2,2] sigmaUpper[2,3] sigmaUpper[2,4] sigmaUpper[2,5] sigmaUpper[3,1] sigmaUpper[3,2] sigmaUpper[3,3] sigmaUpper[3,4] sigmaUpper[3,5] sigmaUpper[4,1] sigmaUpper[4,2] sigmaUpper[4,3] sigmaUpper[4,4] sigmaUpper[4,5] sigmaUpper[5,1] sigmaUpper[5,2] sigmaUpper[5,3] sigmaUpper[5,4] sigmaUpper[5,5] collect[1,1] collect[1,2] collect[1,3] collect[1,4] collect[1,5] collect[2,1] collect[2,2] collect[2,3] collect[2,4] collect[2,5] collect[3,1] collect[3,2] collect[3,3] collect[3,4] collect[3,5] collect[4,1] collect[4,2] collect[4,3] collect[4,4] collect[4,5] collect[5,1] collect[5,2] collect[5,3] collect[5,4] collect[5,5] load[1,1] load[1,2] load[1,3] load[1,4] load[1,5] load[2,1] load[2,2] load[2,3] load[2,4] load[2,5] load[3,1] load[3,2] load[3,3] load[3,4] load[3,5] load[4,1] load[4,2] load[4,3] load[4,4] load[4,5] load[5,1] load[5,2] load[5,3] load[5,4] load[5,5] dwell[1,1] dwell[1,2] dwell[1,3] dwell[1,4] dwell[1,5] dwell[2,1] dwell[2,2] dwell[2,3] dwell[2,4] dwell[2,5] dwell[3,1] dwell[3,2] dwell[3,3] dwell[3,4] dwell[3,5] dwell[4,1] dwell[4,2] dwell[4,3] dwell[4,4] dwell[4,5] dwell[5,1] dwell[5,2] dwell[5,3] dwell[5,4] dwell[5,5] objective </list>
v   <values> 0 8 23 35 40 10 30 38 45 50 24 38 46 62 68 32 42 53 64 78 40 50 60 67 75 0 5 16 30 40 0 15 35 43 50 0 32 45 58 68 0 41 52 64 78 0 46 56 66 75 40 50 68 78 75 0 0 6 14 0 0 8 23 35 0 0 8 38 45 0 0 38 38 62 0 0 42 38 62 0 0 8 23 35 0 0 8 38 45 0 0 38 38 62 0 0 42 38 62 0 40 48 56 64 1140 0 80 170 210 0 0 0 150 100 0 0 300 0 170 0 0 40 0 0 0 0 60 180 20 0 0 80 250 460 460 0 0 150 250 250 0 300 300 470 470 0 40 40 40 40 0 60 240 260 260 0 3 7 5 0 10 15 3 2 0 24 6 1 4 0 32 1 1 0 0 40 4 4 1 0 85480 </values>
v </instantiation>
c 00h13m18s | stage:objective-cut:soft-result search=step bound=85849 result=sat guard=14510230 hard=guard [LB,UB] = [0,85479]
c 00h13m18s | stage:objective-loop:enter encoder=log-scop mode=SoftCnf lower=0 upper=2850000 has_incumbent=true soft_active=true
c 00h13m18s | stage:objective-cut:soft-install bound=85479 guard=14510250 clauses_added=30
c 00h13m18s | stage:objective-cut:soft-probe search=step [LB,UB] = [0,85479] next 85479 source=install guard=14510250
c 00h13m18s | stage:sat:round-entry encoder=log-scop assumptions=1 phase_lits=1426 sat_vars=14510250 base_clauses=23856280
c 00h13m18s | stage:sat:init solver=CaDiCaL vars=14510250 clauses=23856280
c 00h13m18s | stage:sat:solve:start assumptions=1 phase_lits=1426
c 00h13m41s | stage:sat:solve:done ms=22889 result=Sat assumptions=1 phase_lits=1426
c 00h13m41s | stage:decode:start
c 00h13m42s | stage:decode:done int_assignments=181
c 00h13m42s | result:Sat
c 00h13m42s | objective:incumbent kind=improvement value=85410 rounds=35 improvements=34
o 85410
v <instantiation>
v   <list> departure[1,1] departure[1,2] departure[1,3] departure[1,4] departure[1,5] departure[2,1] departure[2,2] departure[2,3] departure[2,4] departure[2,5] departure[3,1] departure[3,2] departure[3,3] departure[3,4] departure[3,5] departure[4,1] departure[4,2] departure[4,3] departure[4,4] departure[4,5] departure[5,1] departure[5,2] departure[5,3] departure[5,4] departure[5,5] arrival[1,1] arrival[1,2] arrival[1,3] arrival[1,4] arrival[1,5] arrival[2,1] arrival[2,2] arrival[2,3] arrival[2,4] arrival[2,5] arrival[3,1] arrival[3,2] arrival[3,3] arrival[3,4] arrival[3,5] arrival[4,1] arrival[4,2] arrival[4,3] arrival[4,4] arrival[4,5] arrival[5,1] arrival[5,2] arrival[5,3] arrival[5,4] arrival[5,5] finalArrival[1] finalArrival[2] finalArrival[3] finalArrival[4] finalArrival[5] sigmaLower[1,1] sigmaLower[1,2] sigmaLower[1,3] sigmaLower[1,4] sigmaLower[1,5] sigmaLower[2,1] sigmaLower[2,2] sigmaLower[2,3] sigmaLower[2,4] sigmaLower[2,5] sigmaLower[3,1] sigmaLower[3,2] sigmaLower[3,3] sigmaLower[3,4] sigmaLower[3,5] sigmaLower[4,1] sigmaLower[4,2] sigmaLower[4,3] sigmaLower[4,4] sigmaLower[4,5] sigmaLower[5,1] sigmaLower[5,2] sigmaLower[5,3] sigmaLower[5,4] sigmaLower[5,5] sigmaUpper[1,1] sigmaUpper[1,2] sigmaUpper[1,3] sigmaUpper[1,4] sigmaUpper[1,5] sigmaUpper[2,1] sigmaUpper[2,2] sigmaUpper[2,3] sigmaUpper[2,4] sigmaUpper[2,5] sigmaUpper[3,1] sigmaUpper[3,2] sigmaUpper[3,3] sigmaUpper[3,4] sigmaUpper[3,5] sigmaUpper[4,1] sigmaUpper[4,2] sigmaUpper[4,3] sigmaUpper[4,4] sigmaUpper[4,5] sigmaUpper[5,1] sigmaUpper[5,2] sigmaUpper[5,3] sigmaUpper[5,4] sigmaUpper[5,5] collect[1,1] collect[1,2] collect[1,3] collect[1,4] collect[1,5] collect[2,1] collect[2,2] collect[2,3] collect[2,4] collect[2,5] collect[3,1] collect[3,2] collect[3,3] collect[3,4] collect[3,5] collect[4,1] collect[4,2] collect[4,3] collect[4,4] collect[4,5] collect[5,1] collect[5,2] collect[5,3] collect[5,4] collect[5,5] load[1,1] load[1,2] load[1,3] load[1,4] load[1,5] load[2,1] load[2,2] load[2,3] load[2,4] load[2,5] load[3,1] load[3,2] load[3,3] load[3,4] load[3,5] load[4,1] load[4,2] load[4,3] load[4,4] load[4,5] load[5,1] load[5,2] load[5,3] load[5,4] load[5,5] dwell[1,1] dwell[1,2] dwell[1,3] dwell[1,4] dwell[1,5] dwell[2,1] dwell[2,2] dwell[2,3] dwell[2,4] dwell[2,5] dwell[3,1] dwell[3,2] dwell[3,3] dwell[3,4] dwell[3,5] dwell[4,1] dwell[4,2] dwell[4,3] dwell[4,4] dwell[4,5] dwell[5,1] dwell[5,2] dwell[5,3] dwell[5,4] dwell[5,5] objective </list>
v   <values> 0 8 23 32 37 10 30 38 46 52 24 38 46 62 67 32 43 51 65 82 40 50 60 67 72 0 5 16 28 37 0 15 35 43 52 0 32 45 58 67 0 41 48 64 82 0 45 56 67 72 37 52 67 82 72 0 0 6 14 0 0 8 23 32 0 0 8 38 46 0 0 38 38 62 0 0 43 51 64 0 0 8 23 32 0 0 8 38 46 0 0 38 38 62 0 0 43 51 64 0 0 48 56 64 1140 0 80 170 180 0 0 0 150 140 0 0 300 0 160 0 0 50 130 20 0 0 50 50 0 0 0 80 250 430 430 0 0 150 290 290 0 300 300 460 460 0 50 180 200 200 0 50 100 100 100 0 3 7 4 0 10 15 3 3 0 24 6 1 4 0 32 2 3 1 0 40 5 4 0 0 85410 </values>
v </instantiation>
c 00h13m42s | stage:objective-cut:soft-result search=step bound=85479 result=sat guard=14510250 hard=guard [LB,UB] = [0,85409]
c 00h13m42s | stage:objective-loop:enter encoder=log-scop mode=SoftCnf lower=0 upper=2850000 has_incumbent=true soft_active=true
c 00h13m42s | stage:objective-cut:soft-install bound=85409 guard=14510272 clauses_added=35
c 00h13m42s | stage:objective-cut:soft-probe search=step [LB,UB] = [0,85409] next 85409 source=install guard=14510272
c 00h13m42s | stage:sat:round-entry encoder=log-scop assumptions=1 phase_lits=1426 sat_vars=14510272 base_clauses=23856316
c 00h13m42s | stage:sat:init solver=CaDiCaL vars=14510272 clauses=23856316
c 00h13m42s | stage:sat:solve:start assumptions=1 phase_lits=1426
c 00h14m11s | stage:sat:solve:done ms=29304 result=Sat assumptions=1 phase_lits=1426
c 00h14m11s | stage:decode:start
c 00h14m12s | stage:decode:done int_assignments=181
c 00h14m12s | result:Sat
c 00h14m12s | objective:incumbent kind=improvement value=85360 rounds=36 improvements=35
o 85360
v <instantiation>
v   <list> departure[1,1] departure[1,2] departure[1,3] departure[1,4] departure[1,5] departure[2,1] departure[2,2] departure[2,3] departure[2,4] departure[2,5] departure[3,1] departure[3,2] departure[3,3] departure[3,4] departure[3,5] departure[4,1] departure[4,2] departure[4,3] departure[4,4] departure[4,5] departure[5,1] departure[5,2] departure[5,3] departure[5,4] departure[5,5] arrival[1,1] arrival[1,2] arrival[1,3] arrival[1,4] arrival[1,5] arrival[2,1] arrival[2,2] arrival[2,3] arrival[2,4] arrival[2,5] arrival[3,1] arrival[3,2] arrival[3,3] arrival[3,4] arrival[3,5] arrival[4,1] arrival[4,2] arrival[4,3] arrival[4,4] arrival[4,5] arrival[5,1] arrival[5,2] arrival[5,3] arrival[5,4] arrival[5,5] finalArrival[1] finalArrival[2] finalArrival[3] finalArrival[4] finalArrival[5] sigmaLower[1,1] sigmaLower[1,2] sigmaLower[1,3] sigmaLower[1,4] sigmaLower[1,5] sigmaLower[2,1] sigmaLower[2,2] sigmaLower[2,3] sigmaLower[2,4] sigmaLower[2,5] sigmaLower[3,1] sigmaLower[3,2] sigmaLower[3,3] sigmaLower[3,4] sigmaLower[3,5] sigmaLower[4,1] sigmaLower[4,2] sigmaLower[4,3] sigmaLower[4,4] sigmaLower[4,5] sigmaLower[5,1] sigmaLower[5,2] sigmaLower[5,3] sigmaLower[5,4] sigmaLower[5,5] sigmaUpper[1,1] sigmaUpper[1,2] sigmaUpper[1,3] sigmaUpper[1,4] sigmaUpper[1,5] sigmaUpper[2,1] sigmaUpper[2,2] sigmaUpper[2,3] sigmaUpper[2,4] sigmaUpper[2,5] sigmaUpper[3,1] sigmaUpper[3,2] sigmaUpper[3,3] sigmaUpper[3,4] sigmaUpper[3,5] sigmaUpper[4,1] sigmaUpper[4,2] sigmaUpper[4,3] sigmaUpper[4,4] sigmaUpper[4,5] sigmaUpper[5,1] sigmaUpper[5,2] sigmaUpper[5,3] sigmaUpper[5,4] sigmaUpper[5,5] collect[1,1] collect[1,2] collect[1,3] collect[1,4] collect[1,5] collect[2,1] collect[2,2] collect[2,3] collect[2,4] collect[2,5] collect[3,1] collect[3,2] collect[3,3] collect[3,4] collect[3,5] collect[4,1] collect[4,2] collect[4,3] collect[4,4] collect[4,5] collect[5,1] collect[5,2] collect[5,3] collect[5,4] collect[5,5] load[1,1] load[1,2] load[1,3] load[1,4] load[1,5] load[2,1] load[2,2] load[2,3] load[2,4] load[2,5] load[3,1] load[3,2] load[3,3] load[3,4] load[3,5] load[4,1] load[4,2] load[4,3] load[4,4] load[4,5] load[5,1] load[5,2] load[5,3] load[5,4] load[5,5] dwell[1,1] dwell[1,2] dwell[1,3] dwell[1,4] dwell[1,5] dwell[2,1] dwell[2,2] dwell[2,3] dwell[2,4] dwell[2,5] dwell[3,1] dwell[3,2] dwell[3,3] dwell[3,4] dwell[3,5] dwell[4,1] dwell[4,2] dwell[4,3] dwell[4,4] dwell[4,5] dwell[5,1] dwell[5,2] dwell[5,3] dwell[5,4] dwell[5,5] objective </list>
v   <values> 0 8 26 36 41 10 30 41 49 59 24 38 44 62 67 32 43 51 64 80 40 50 60 67 73 0 5 16 31 41 0 15 38 46 59 0 32 43 58 67 0 41 48 64 80 0 45 56 66 73 41 59 67 80 73 0 0 6 14 0 0 8 26 36 0 0 8 41 49 0 0 38 44 62 0 0 38 44 62 0 0 8 26 36 0 0 8 41 49 0 0 38 44 62 0 0 38 44 62 0 0 48 56 64 1140 0 80 200 220 0 0 0 150 130 0 0 300 30 130 0 0 0 0 0 0 0 100 120 20 0 0 80 280 500 500 0 0 150 280 280 0 300 330 460 460 0 0 0 0 0 0 100 220 240 240 0 3 10 5 0 10 15 3 3 0 24 6 1 4 0 32 2 3 0 0 40 5 4 1 0 85360 </values>
v </instantiation>
c 00h14m12s | stage:objective-cut:soft-result search=step bound=85409 result=sat guard=14510272 hard=guard [LB,UB] = [0,85359]
c 00h14m12s | stage:objective-loop:enter encoder=log-scop mode=SoftCnf lower=0 upper=2850000 has_incumbent=true soft_active=true
c 00h14m12s | stage:objective-cut:soft-install bound=85359 guard=14510291 clauses_added=29
c 00h14m12s | stage:objective-cut:soft-probe search=step [LB,UB] = [0,85359] next 85359 source=install guard=14510291
c 00h14m12s | stage:sat:round-entry encoder=log-scop assumptions=1 phase_lits=1426 sat_vars=14510291 base_clauses=23856346
c 00h14m12s | stage:sat:init solver=CaDiCaL vars=14510291 clauses=23856346
c 00h14m12s | stage:sat:solve:start assumptions=1 phase_lits=1426
c 00h14m20s | stage:sat:solve:done ms=7723 result=Sat assumptions=1 phase_lits=1426
c 00h14m20s | stage:decode:start
c 00h14m21s | stage:decode:done int_assignments=181
c 00h14m21s | result:Sat
c 00h14m21s | objective:incumbent kind=improvement value=83240 rounds=37 improvements=36
o 83240
v <instantiation>
v   <list> departure[1,1] departure[1,2] departure[1,3] departure[1,4] departure[1,5] departure[2,1] departure[2,2] departure[2,3] departure[2,4] departure[2,5] departure[3,1] departure[3,2] departure[3,3] departure[3,4] departure[3,5] departure[4,1] departure[4,2] departure[4,3] departure[4,4] departure[4,5] departure[5,1] departure[5,2] departure[5,3] departure[5,4] departure[5,5] arrival[1,1] arrival[1,2] arrival[1,3] arrival[1,4] arrival[1,5] arrival[2,1] arrival[2,2] arrival[2,3] arrival[2,4] arrival[2,5] arrival[3,1] arrival[3,2] arrival[3,3] arrival[3,4] arrival[3,5] arrival[4,1] arrival[4,2] arrival[4,3] arrival[4,4] arrival[4,5] arrival[5,1] arrival[5,2] arrival[5,3] arrival[5,4] arrival[5,5] finalArrival[1] finalArrival[2] finalArrival[3] finalArrival[4] finalArrival[5] sigmaLower[1,1] sigmaLower[1,2] sigmaLower[1,3] sigmaLower[1,4] sigmaLower[1,5] sigmaLower[2,1] sigmaLower[2,2] sigmaLower[2,3] sigmaLower[2,4] sigmaLower[2,5] sigmaLower[3,1] sigmaLower[3,2] sigmaLower[3,3] sigmaLower[3,4] sigmaLower[3,5] sigmaLower[4,1] sigmaLower[4,2] sigmaLower[4,3] sigmaLower[4,4] sigmaLower[4,5] sigmaLower[5,1] sigmaLower[5,2] sigmaLower[5,3] sigmaLower[5,4] sigmaLower[5,5] sigmaUpper[1,1] sigmaUpper[1,2] sigmaUpper[1,3] sigmaUpper[1,4] sigmaUpper[1,5] sigmaUpper[2,1] sigmaUpper[2,2] sigmaUpper[2,3] sigmaUpper[2,4] sigmaUpper[2,5] sigmaUpper[3,1] sigmaUpper[3,2] sigmaUpper[3,3] sigmaUpper[3,4] sigmaUpper[3,5] sigmaUpper[4,1] sigmaUpper[4,2] sigmaUpper[4,3] sigmaUpper[4,4] sigmaUpper[4,5] sigmaUpper[5,1] sigmaUpper[5,2] sigmaUpper[5,3] sigmaUpper[5,4] sigmaUpper[5,5] collect[1,1] collect[1,2] collect[1,3] collect[1,4] collect[1,5] collect[2,1] collect[2,2] collect[2,3] collect[2,4] collect[2,5] collect[3,1] collect[3,2] collect[3,3] collect[3,4] collect[3,5] collect[4,1] collect[4,2] collect[4,3] collect[4,4] collect[4,5] collect[5,1] collect[5,2] collect[5,3] collect[5,4] collect[5,5] load[1,1] load[1,2] load[1,3] load[1,4] load[1,5] load[2,1] load[2,2] load[2,3] load[2,4] load[2,5] load[3,1] load[3,2] load[3,3] load[3,4] load[3,5] load[4,1] load[4,2] load[4,3] load[4,4] load[4,5] load[5,1] load[5,2] load[5,3] load[5,4] load[5,5] dwell[1,1] dwell[1,2] dwell[1,3] dwell[1,4] dwell[1,5] dwell[2,1] dwell[2,2] dwell[2,3] dwell[2,4] dwell[2,5] dwell[3,1] dwell[3,2] dwell[3,3] dwell[3,4] dwell[3,5] dwell[4,1] dwell[4,2] dwell[4,3] dwell[4,4] dwell[4,5] dwell[5,1] dwell[5,2] dwell[5,3] dwell[5,4] dwell[5,5] objective </list>
v   <values> 0 8 22 33 38 10 30 39 47 52 24 38 44 62 67 32 42 51 64 80 40 50 60 67 72 0 5 16 27 38 0 15 35 44 52 0 32 43 58 67 0 42 47 64 80 0 46 56 66 72 38 52 67 80 72 0 0 6 14 0 0 8 22 33 0 0 8 39 47 0 0 38 44 62 0 0 38 44 62 0 0 8 22 33 0 0 8 39 47 0 0 38 44 62 0 0 38 44 62 0 0 48 56 64 1140 0 80 160 190 0 0 0 170 140 0 0 300 50 150 0 0 0 0 0 0 0 100 120 20 0 0 80 240 430 430 0 0 170 310 310 0 300 350 500 500 0 0 0 0 0 0 100 220 240 240 0 3 6 6 0 10 15 4 3 0 24 6 1 4 0 32 0 4 0 0 40 4 4 1 0 83240 </values>
v </instantiation>
c 00h14m21s | stage:objective-cut:soft-result search=step bound=85359 result=sat guard=14510291 hard=guard [LB,UB] = [0,83239]
c 00h14m21s | stage:objective-loop:enter encoder=log-scop mode=SoftCnf lower=0 upper=2850000 has_incumbent=true soft_active=true
c 00h14m21s | stage:objective-cut:soft-install bound=83239 guard=14510311 clauses_added=33
c 00h14m21s | stage:objective-cut:soft-probe search=step [LB,UB] = [0,83239] next 83239 source=install guard=14510311
c 00h14m21s | stage:sat:round-entry encoder=log-scop assumptions=1 phase_lits=1426 sat_vars=14510311 base_clauses=23856380
c 00h14m21s | stage:sat:init solver=CaDiCaL vars=14510311 clauses=23856380
c 00h14m21s | stage:sat:solve:start assumptions=1 phase_lits=1426
c 00h14m40s | stage:sat:solve:done ms=19260 result=Sat assumptions=1 phase_lits=1426
c 00h14m40s | stage:decode:start
c 00h14m41s | stage:decode:done int_assignments=181
c 00h14m41s | result:Sat
c 00h14m41s | objective:incumbent kind=improvement value=82810 rounds=38 improvements=37
o 82810
v <instantiation>
v   <list> departure[1,1] departure[1,2] departure[1,3] departure[1,4] departure[1,5] departure[2,1] departure[2,2] departure[2,3] departure[2,4] departure[2,5] departure[3,1] departure[3,2] departure[3,3] departure[3,4] departure[3,5] departure[4,1] departure[4,2] departure[4,3] departure[4,4] departure[4,5] departure[5,1] departure[5,2] departure[5,3] departure[5,4] departure[5,5] arrival[1,1] arrival[1,2] arrival[1,3] arrival[1,4] arrival[1,5] arrival[2,1] arrival[2,2] arrival[2,3] arrival[2,4] arrival[2,5] arrival[3,1] arrival[3,2] arrival[3,3] arrival[3,4] arrival[3,5] arrival[4,1] arrival[4,2] arrival[4,3] arrival[4,4] arrival[4,5] arrival[5,1] arrival[5,2] arrival[5,3] arrival[5,4] arrival[5,5] finalArrival[1] finalArrival[2] finalArrival[3] finalArrival[4] finalArrival[5] sigmaLower[1,1] sigmaLower[1,2] sigmaLower[1,3] sigmaLower[1,4] sigmaLower[1,5] sigmaLower[2,1] sigmaLower[2,2] sigmaLower[2,3] sigmaLower[2,4] sigmaLower[2,5] sigmaLower[3,1] sigmaLower[3,2] sigmaLower[3,3] sigmaLower[3,4] sigmaLower[3,5] sigmaLower[4,1] sigmaLower[4,2] sigmaLower[4,3] sigmaLower[4,4] sigmaLower[4,5] sigmaLower[5,1] sigmaLower[5,2] sigmaLower[5,3] sigmaLower[5,4] sigmaLower[5,5] sigmaUpper[1,1] sigmaUpper[1,2] sigmaUpper[1,3] sigmaUpper[1,4] sigmaUpper[1,5] sigmaUpper[2,1] sigmaUpper[2,2] sigmaUpper[2,3] sigmaUpper[2,4] sigmaUpper[2,5] sigmaUpper[3,1] sigmaUpper[3,2] sigmaUpper[3,3] sigmaUpper[3,4] sigmaUpper[3,5] sigmaUpper[4,1] sigmaUpper[4,2] sigmaUpper[4,3] sigmaUpper[4,4] sigmaUpper[4,5] sigmaUpper[5,1] sigmaUpper[5,2] sigmaUpper[5,3] sigmaUpper[5,4] sigmaUpper[5,5] collect[1,1] collect[1,2] collect[1,3] collect[1,4] collect[1,5] collect[2,1] collect[2,2] collect[2,3] collect[2,4] collect[2,5] collect[3,1] collect[3,2] collect[3,3] collect[3,4] collect[3,5] collect[4,1] collect[4,2] collect[4,3] collect[4,4] collect[4,5] collect[5,1] collect[5,2] collect[5,3] collect[5,4] collect[5,5] load[1,1] load[1,2] load[1,3] load[1,4] load[1,5] load[2,1] load[2,2] load[2,3] load[2,4] load[2,5] load[3,1] load[3,2] load[3,3] load[3,4] load[3,5] load[4,1] load[4,2] load[4,3] load[4,4] load[4,5] load[5,1] load[5,2] load[5,3] load[5,4] load[5,5] dwell[1,1] dwell[1,2] dwell[1,3] dwell[1,4] dwell[1,5] dwell[2,1] dwell[2,2] dwell[2,3] dwell[2,4] dwell[2,5] dwell[3,1] dwell[3,2] dwell[3,3] dwell[3,4] dwell[3,5] dwell[4,1] dwell[4,2] dwell[4,3] dwell[4,4] dwell[4,5] dwell[5,1] dwell[5,2] dwell[5,3] dwell[5,4] dwell[5,5] objective </list>
v   <values> 0 8 23 32 37 10 30 39 47 52 20 38 44 62 67 32 42 52 64 80 40 50 59 67 72 0 5 16 28 37 0 15 35 44 52 0 32 43 58 67 0 41 47 64 80 0 46 56 66 72 37 52 67 80 72 0 0 6 14 0 0 8 23 32 0 0 8 39 47 0 0 38 44 62 0 0 38 44 62 0 0 8 23 32 0 0 8 39 47 0 0 38 44 62 0 0 38 44 62 0 40 48 56 64 1140 0 80 170 180 0 0 0 160 150 0 0 300 50 150 0 0 0 0 0 0 0 100 120 20 0 0 80 250 430 430 0 0 160 310 310 0 300 350 500 500 0 0 0 0 0 0 100 220 240 240 0 3 7 4 0 10 15 4 3 0 20 6 1 4 0 32 1 5 0 0 40 4 3 1 0 82810 </values>
v </instantiation>
c 00h14m41s | stage:objective-cut:soft-result search=step bound=83239 result=sat guard=14510311 hard=guard [LB,UB] = [0,82809]
c 00h14m41s | stage:objective-loop:enter encoder=log-scop mode=SoftCnf lower=0 upper=2850000 has_incumbent=true soft_active=true
c 00h14m41s | stage:objective-cut:soft-install bound=82809 guard=14510333 clauses_added=34
c 00h14m41s | stage:objective-cut:soft-probe search=step [LB,UB] = [0,82809] next 82809 source=install guard=14510333
c 00h14m41s | stage:sat:round-entry encoder=log-scop assumptions=1 phase_lits=1426 sat_vars=14510333 base_clauses=23856415
c 00h14m41s | stage:sat:init solver=CaDiCaL vars=14510333 clauses=23856415
c 00h14m41s | stage:sat:solve:start assumptions=1 phase_lits=1426
c 00h14m42s | stage:sat:solve:done ms=682 result=Sat assumptions=1 phase_lits=1426
c 00h14m42s | stage:decode:start
c 00h14m43s | stage:decode:done int_assignments=181
c 00h14m43s | result:Sat
c 00h14m43s | objective:incumbent kind=improvement value=82610 rounds=39 improvements=38
o 82610
v <instantiation>
v   <list> departure[1,1] departure[1,2] departure[1,3] departure[1,4] departure[1,5] departure[2,1] departure[2,2] departure[2,3] departure[2,4] departure[2,5] departure[3,1] departure[3,2] departure[3,3] departure[3,4] departure[3,5] departure[4,1] departure[4,2] departure[4,3] departure[4,4] departure[4,5] departure[5,1] departure[5,2] departure[5,3] departure[5,4] departure[5,5] arrival[1,1] arrival[1,2] arrival[1,3] arrival[1,4] arrival[1,5] arrival[2,1] arrival[2,2] arrival[2,3] arrival[2,4] arrival[2,5] arrival[3,1] arrival[3,2] arrival[3,3] arrival[3,4] arrival[3,5] arrival[4,1] arrival[4,2] arrival[4,3] arrival[4,4] arrival[4,5] arrival[5,1] arrival[5,2] arrival[5,3] arrival[5,4] arrival[5,5] finalArrival[1] finalArrival[2] finalArrival[3] finalArrival[4] finalArrival[5] sigmaLower[1,1] sigmaLower[1,2] sigmaLower[1,3] sigmaLower[1,4] sigmaLower[1,5] sigmaLower[2,1] sigmaLower[2,2] sigmaLower[2,3] sigmaLower[2,4] sigmaLower[2,5] sigmaLower[3,1] sigmaLower[3,2] sigmaLower[3,3] sigmaLower[3,4] sigmaLower[3,5] sigmaLower[4,1] sigmaLower[4,2] sigmaLower[4,3] sigmaLower[4,4] sigmaLower[4,5] sigmaLower[5,1] sigmaLower[5,2] sigmaLower[5,3] sigmaLower[5,4] sigmaLower[5,5] sigmaUpper[1,1] sigmaUpper[1,2] sigmaUpper[1,3] sigmaUpper[1,4] sigmaUpper[1,5] sigmaUpper[2,1] sigmaUpper[2,2] sigmaUpper[2,3] sigmaUpper[2,4] sigmaUpper[2,5] sigmaUpper[3,1] sigmaUpper[3,2] sigmaUpper[3,3] sigmaUpper[3,4] sigmaUpper[3,5] sigmaUpper[4,1] sigmaUpper[4,2] sigmaUpper[4,3] sigmaUpper[4,4] sigmaUpper[4,5] sigmaUpper[5,1] sigmaUpper[5,2] sigmaUpper[5,3] sigmaUpper[5,4] sigmaUpper[5,5] collect[1,1] collect[1,2] collect[1,3] collect[1,4] collect[1,5] collect[2,1] collect[2,2] collect[2,3] collect[2,4] collect[2,5] collect[3,1] collect[3,2] collect[3,3] collect[3,4] collect[3,5] collect[4,1] collect[4,2] collect[4,3] collect[4,4] collect[4,5] collect[5,1] collect[5,2] collect[5,3] collect[5,4] collect[5,5] load[1,1] load[1,2] load[1,3] load[1,4] load[1,5] load[2,1] load[2,2] load[2,3] load[2,4] load[2,5] load[3,1] load[3,2] load[3,3] load[3,4] load[3,5] load[4,1] load[4,2] load[4,3] load[4,4] load[4,5] load[5,1] load[5,2] load[5,3] load[5,4] load[5,5] dwell[1,1] dwell[1,2] dwell[1,3] dwell[1,4] dwell[1,5] dwell[2,1] dwell[2,2] dwell[2,3] dwell[2,4] dwell[2,5] dwell[3,1] dwell[3,2] dwell[3,3] dwell[3,4] dwell[3,5] dwell[4,1] dwell[4,2] dwell[4,3] dwell[4,4] dwell[4,5] dwell[5,1] dwell[5,2] dwell[5,3] dwell[5,4] dwell[5,5] objective </list>
v   <values> 0 8 23 32 37 10 30 39 47 52 20 38 44 61 67 32 42 52 63 80 40 50 59 66 71 0 5 16 28 37 0 15 35 44 52 0 32 43 58 67 0 41 47 63 80 0 46 56 65 71 37 52 67 80 71 0 0 6 14 0 0 8 23 32 0 0 8 39 47 0 0 38 44 61 0 0 38 44 61 0 0 8 23 32 0 0 8 39 47 0 0 38 44 61 0 0 38 44 61 0 40 48 56 64 1140 0 80 170 180 0 0 0 160 150 0 0 300 50 140 0 0 0 0 0 0 0 100 120 30 0 0 80 250 430 430 0 0 160 310 310 0 300 350 490 490 0 0 0 0 0 0 100 220 250 250 0 3 7 4 0 10 15 4 3 0 20 6 1 3 0 32 1 5 0 0 40 4 3 1 0 82610 </values>
v </instantiation>
c 00h14m43s | stage:objective-cut:soft-result search=step bound=82809 result=sat guard=14510333 hard=guard [LB,UB] = [0,82609]
c 00h14m43s | stage:objective-loop:enter encoder=log-scop mode=SoftCnf lower=0 upper=2850000 has_incumbent=true soft_active=true
c 00h14m43s | stage:objective-cut:soft-install bound=82609 guard=14510355 clauses_added=36
c 00h14m43s | stage:objective-cut:soft-probe search=step [LB,UB] = [0,82609] next 82609 source=install guard=14510355
c 00h14m43s | stage:sat:round-entry encoder=log-scop assumptions=1 phase_lits=1426 sat_vars=14510355 base_clauses=23856452
c 00h14m43s | stage:sat:init solver=CaDiCaL vars=14510355 clauses=23856452
c 00h14m43s | stage:sat:solve:start assumptions=1 phase_lits=1426
c 00h14m46s | stage:sat:solve:done ms=3488 result=Sat assumptions=1 phase_lits=1426
c 00h14m46s | stage:decode:start
c 00h14m47s | stage:decode:done int_assignments=181
c 00h14m47s | result:Sat
c 00h14m47s | objective:incumbent kind=improvement value=82030 rounds=40 improvements=39
o 82030
v <instantiation>
v   <list> departure[1,1] departure[1,2] departure[1,3] departure[1,4] departure[1,5] departure[2,1] departure[2,2] departure[2,3] departure[2,4] departure[2,5] departure[3,1] departure[3,2] departure[3,3] departure[3,4] departure[3,5] departure[4,1] departure[4,2] departure[4,3] departure[4,4] departure[4,5] departure[5,1] departure[5,2] departure[5,3] departure[5,4] departure[5,5] arrival[1,1] arrival[1,2] arrival[1,3] arrival[1,4] arrival[1,5] arrival[2,1] arrival[2,2] arrival[2,3] arrival[2,4] arrival[2,5] arrival[3,1] arrival[3,2] arrival[3,3] arrival[3,4] arrival[3,5] arrival[4,1] arrival[4,2] arrival[4,3] arrival[4,4] arrival[4,5] arrival[5,1] arrival[5,2] arrival[5,3] arrival[5,4] arrival[5,5] finalArrival[1] finalArrival[2] finalArrival[3] finalArrival[4] finalArrival[5] sigmaLower[1,1] sigmaLower[1,2] sigmaLower[1,3] sigmaLower[1,4] sigmaLower[1,5] sigmaLower[2,1] sigmaLower[2,2] sigmaLower[2,3] sigmaLower[2,4] sigmaLower[2,5] sigmaLower[3,1] sigmaLower[3,2] sigmaLower[3,3] sigmaLower[3,4] sigmaLower[3,5] sigmaLower[4,1] sigmaLower[4,2] sigmaLower[4,3] sigmaLower[4,4] sigmaLower[4,5] sigmaLower[5,1] sigmaLower[5,2] sigmaLower[5,3] sigmaLower[5,4] sigmaLower[5,5] sigmaUpper[1,1] sigmaUpper[1,2] sigmaUpper[1,3] sigmaUpper[1,4] sigmaUpper[1,5] sigmaUpper[2,1] sigmaUpper[2,2] sigmaUpper[2,3] sigmaUpper[2,4] sigmaUpper[2,5] sigmaUpper[3,1] sigmaUpper[3,2] sigmaUpper[3,3] sigmaUpper[3,4] sigmaUpper[3,5] sigmaUpper[4,1] sigmaUpper[4,2] sigmaUpper[4,3] sigmaUpper[4,4] sigmaUpper[4,5] sigmaUpper[5,1] sigmaUpper[5,2] sigmaUpper[5,3] sigmaUpper[5,4] sigmaUpper[5,5] collect[1,1] collect[1,2] collect[1,3] collect[1,4] collect[1,5] collect[2,1] collect[2,2] collect[2,3] collect[2,4] collect[2,5] collect[3,1] collect[3,2] collect[3,3] collect[3,4] collect[3,5] collect[4,1] collect[4,2] collect[4,3] collect[4,4] collect[4,5] collect[5,1] collect[5,2] collect[5,3] collect[5,4] collect[5,5] load[1,1] load[1,2] load[1,3] load[1,4] load[1,5] load[2,1] load[2,2] load[2,3] load[2,4] load[2,5] load[3,1] load[3,2] load[3,3] load[3,4] load[3,5] load[4,1] load[4,2] load[4,3] load[4,4] load[4,5] load[5,1] load[5,2] load[5,3] load[5,4] load[5,5] dwell[1,1] dwell[1,2] dwell[1,3] dwell[1,4] dwell[1,5] dwell[2,1] dwell[2,2] dwell[2,3] dwell[2,4] dwell[2,5] dwell[3,1] dwell[3,2] dwell[3,3] dwell[3,4] dwell[3,5] dwell[4,1] dwell[4,2] dwell[4,3] dwell[4,4] dwell[4,5] dwell[5,1] dwell[5,2] dwell[5,3] dwell[5,4] dwell[5,5] objective </list>
v   <values> 0 8 23 32 38 10 30 39 47 52 20 38 44 60 65 32 42 52 63 68 40 50 59 66 71 0 5 16 28 38 0 15 35 44 52 0 32 43 49 65 0 41 47 62 68 0 46 56 65 71 38 52 65 68 71 0 0 6 14 0 0 8 23 32 0 0 8 39 47 0 0 38 44 60 0 0 38 44 63 0 0 8 23 32 0 0 8 39 47 0 0 38 44 60 0 0 38 44 63 0 40 48 56 64 1140 0 80 170 180 0 0 0 160 150 0 0 300 50 130 0 0 0 0 30 0 0 100 120 10 0 0 80 250 430 430 0 0 160 310 310 0 300 350 480 480 0 0 0 30 30 0 100 220 230 230 0 3 7 4 0 10 15 4 3 0 20 6 1 11 0 32 1 5 1 0 40 4 3 1 0 82030 </values>
v </instantiation>
c 00h14m47s | stage:objective-cut:soft-result search=step bound=82609 result=sat guard=14510355 hard=guard [LB,UB] = [0,82029]
c 00h14m47s | stage:objective-loop:enter encoder=log-scop mode=SoftCnf lower=0 upper=2850000 has_incumbent=true soft_active=true
c 00h14m47s | stage:objective-cut:soft-install bound=82029 guard=14510377 clauses_added=36
c 00h14m47s | stage:objective-cut:soft-probe search=step [LB,UB] = [0,82029] next 82029 source=install guard=14510377
c 00h14m47s | stage:sat:round-entry encoder=log-scop assumptions=1 phase_lits=1426 sat_vars=14510377 base_clauses=23856489
c 00h14m47s | stage:sat:init solver=CaDiCaL vars=14510377 clauses=23856489
c 00h14m47s | stage:sat:solve:start assumptions=1 phase_lits=1426
c 00h15m06s | stage:sat:solve:done ms=18576 result=Sat assumptions=1 phase_lits=1426
c 00h15m06s | stage:decode:start
c 00h15m07s | stage:decode:done int_assignments=181
c 00h15m07s | result:Sat
c 00h15m07s | objective:incumbent kind=improvement value=81900 rounds=41 improvements=40
o 81900
v <instantiation>
v   <list> departure[1,1] departure[1,2] departure[1,3] departure[1,4] departure[1,5] departure[2,1] departure[2,2] departure[2,3] departure[2,4] departure[2,5] departure[3,1] departure[3,2] departure[3,3] departure[3,4] departure[3,5] departure[4,1] departure[4,2] departure[4,3] departure[4,4] departure[4,5] departure[5,1] departure[5,2] departure[5,3] departure[5,4] departure[5,5] arrival[1,1] arrival[1,2] arrival[1,3] arrival[1,4] arrival[1,5] arrival[2,1] arrival[2,2] arrival[2,3] arrival[2,4] arrival[2,5] arrival[3,1] arrival[3,2] arrival[3,3] arrival[3,4] arrival[3,5] arrival[4,1] arrival[4,2] arrival[4,3] arrival[4,4] arrival[4,5] arrival[5,1] arrival[5,2] arrival[5,3] arrival[5,4] arrival[5,5] finalArrival[1] finalArrival[2] finalArrival[3] finalArrival[4] finalArrival[5] sigmaLower[1,1] sigmaLower[1,2] sigmaLower[1,3] sigmaLower[1,4] sigmaLower[1,5] sigmaLower[2,1] sigmaLower[2,2] sigmaLower[2,3] sigmaLower[2,4] sigmaLower[2,5] sigmaLower[3,1] sigmaLower[3,2] sigmaLower[3,3] sigmaLower[3,4] sigmaLower[3,5] sigmaLower[4,1] sigmaLower[4,2] sigmaLower[4,3] sigmaLower[4,4] sigmaLower[4,5] sigmaLower[5,1] sigmaLower[5,2] sigmaLower[5,3] sigmaLower[5,4] sigmaLower[5,5] sigmaUpper[1,1] sigmaUpper[1,2] sigmaUpper[1,3] sigmaUpper[1,4] sigmaUpper[1,5] sigmaUpper[2,1] sigmaUpper[2,2] sigmaUpper[2,3] sigmaUpper[2,4] sigmaUpper[2,5] sigmaUpper[3,1] sigmaUpper[3,2] sigmaUpper[3,3] sigmaUpper[3,4] sigmaUpper[3,5] sigmaUpper[4,1] sigmaUpper[4,2] sigmaUpper[4,3] sigmaUpper[4,4] sigmaUpper[4,5] sigmaUpper[5,1] sigmaUpper[5,2] sigmaUpper[5,3] sigmaUpper[5,4] sigmaUpper[5,5] collect[1,1] collect[1,2] collect[1,3] collect[1,4] collect[1,5] collect[2,1] collect[2,2] collect[2,3] collect[2,4] collect[2,5] collect[3,1] collect[3,2] collect[3,3] collect[3,4] collect[3,5] collect[4,1] collect[4,2] collect[4,3] collect[4,4] collect[4,5] collect[5,1] collect[5,2] collect[5,3] collect[5,4] collect[5,5] load[1,1] load[1,2] load[1,3] load[1,4] load[1,5] load[2,1] load[2,2] load[2,3] load[2,4] load[2,5] load[3,1] load[3,2] load[3,3] load[3,4] load[3,5] load[4,1] load[4,2] load[4,3] load[4,4] load[4,5] load[5,1] load[5,2] load[5,3] load[5,4] load[5,5] dwell[1,1] dwell[1,2] dwell[1,3] dwell[1,4] dwell[1,5] dwell[2,1] dwell[2,2] dwell[2,3] dwell[2,4] dwell[2,5] dwell[3,1] dwell[3,2] dwell[3,3] dwell[3,4] dwell[3,5] dwell[4,1] dwell[4,2] dwell[4,3] dwell[4,4] dwell[4,5] dwell[5,1] dwell[5,2] dwell[5,3] dwell[5,4] dwell[5,5] objective </list>
v   <values> 0 8 22 32 37 10 30 39 47 52 20 39 44 60 65 32 42 47 63 68 40 50 59 66 71 0 5 15 28 37 0 15 35 44 52 0 32 44 49 65 0 41 47 62 68 0 46 55 65 71 37 52 65 68 71 0 0 6 14 0 0 8 22 32 0 0 8 39 47 0 0 39 39 60 0 0 42 39 63 0 0 8 22 32 0 0 8 39 47 0 0 39 39 60 0 0 42 39 63 0 40 48 56 64 1140 0 80 160 180 0 0 0 170 150 0 0 310 0 130 0 0 30 0 30 0 0 60 170 10 0 0 80 240 420 420 0 0 170 320 320 0 310 310 440 440 0 30 30 60 60 0 60 230 240 240 0 3 7 4 0 10 15 4 3 0 20 7 0 11 0 32 1 0 1 0 40 4 4 1 0 81900 </values>
v </instantiation>
c 00h15m07s | stage:objective-cut:soft-result search=step bound=82029 result=sat guard=14510377 hard=guard [LB,UB] = [0,81899]
c 00h15m07s | stage:objective-loop:enter encoder=log-scop mode=SoftCnf lower=0 upper=2850000 has_incumbent=true soft_active=true
c 00h15m07s | stage:objective-cut:soft-install bound=81899 guard=14510398 clauses_added=29
c 00h15m07s | stage:objective-cut:soft-probe search=step [LB,UB] = [0,81899] next 81899 source=install guard=14510398
c 00h15m07s | stage:sat:round-entry encoder=log-scop assumptions=1 phase_lits=1426 sat_vars=14510398 base_clauses=23856519
c 00h15m07s | stage:sat:init solver=CaDiCaL vars=14510398 clauses=23856519
c 00h15m07s | stage:sat:solve:start assumptions=1 phase_lits=1426
c 00h15m15s | stage:sat:solve:done ms=8185 result=Sat assumptions=1 phase_lits=1426
c 00h15m15s | stage:decode:start
c 00h15m16s | stage:decode:done int_assignments=181
c 00h15m16s | result:Sat
c 00h15m16s | objective:incumbent kind=improvement value=81750 rounds=42 improvements=41
o 81750
v <instantiation>
v   <list> departure[1,1] departure[1,2] departure[1,3] departure[1,4] departure[1,5] departure[2,1] departure[2,2] departure[2,3] departure[2,4] departure[2,5] departure[3,1] departure[3,2] departure[3,3] departure[3,4] departure[3,5] departure[4,1] departure[4,2] departure[4,3] departure[4,4] departure[4,5] departure[5,1] departure[5,2] departure[5,3] departure[5,4] departure[5,5] arrival[1,1] arrival[1,2] arrival[1,3] arrival[1,4] arrival[1,5] arrival[2,1] arrival[2,2] arrival[2,3] arrival[2,4] arrival[2,5] arrival[3,1] arrival[3,2] arrival[3,3] arrival[3,4] arrival[3,5] arrival[4,1] arrival[4,2] arrival[4,3] arrival[4,4] arrival[4,5] arrival[5,1] arrival[5,2] arrival[5,3] arrival[5,4] arrival[5,5] finalArrival[1] finalArrival[2] finalArrival[3] finalArrival[4] finalArrival[5] sigmaLower[1,1] sigmaLower[1,2] sigmaLower[1,3] sigmaLower[1,4] sigmaLower[1,5] sigmaLower[2,1] sigmaLower[2,2] sigmaLower[2,3] sigmaLower[2,4] sigmaLower[2,5] sigmaLower[3,1] sigmaLower[3,2] sigmaLower[3,3] sigmaLower[3,4] sigmaLower[3,5] sigmaLower[4,1] sigmaLower[4,2] sigmaLower[4,3] sigmaLower[4,4] sigmaLower[4,5] sigmaLower[5,1] sigmaLower[5,2] sigmaLower[5,3] sigmaLower[5,4] sigmaLower[5,5] sigmaUpper[1,1] sigmaUpper[1,2] sigmaUpper[1,3] sigmaUpper[1,4] sigmaUpper[1,5] sigmaUpper[2,1] sigmaUpper[2,2] sigmaUpper[2,3] sigmaUpper[2,4] sigmaUpper[2,5] sigmaUpper[3,1] sigmaUpper[3,2] sigmaUpper[3,3] sigmaUpper[3,4] sigmaUpper[3,5] sigmaUpper[4,1] sigmaUpper[4,2] sigmaUpper[4,3] sigmaUpper[4,4] sigmaUpper[4,5] sigmaUpper[5,1] sigmaUpper[5,2] sigmaUpper[5,3] sigmaUpper[5,4] sigmaUpper[5,5] collect[1,1] collect[1,2] collect[1,3] collect[1,4] collect[1,5] collect[2,1] collect[2,2] collect[2,3] collect[2,4] collect[2,5] collect[3,1] collect[3,2] collect[3,3] collect[3,4] collect[3,5] collect[4,1] collect[4,2] collect[4,3] collect[4,4] collect[4,5] collect[5,1] collect[5,2] collect[5,3] collect[5,4] collect[5,5] load[1,1] load[1,2] load[1,3] load[1,4] load[1,5] load[2,1] load[2,2] load[2,3] load[2,4] load[2,5] load[3,1] load[3,2] load[3,3] load[3,4] load[3,5] load[4,1] load[4,2] load[4,3] load[4,4] load[4,5] load[5,1] load[5,2] load[5,3] load[5,4] load[5,5] dwell[1,1] dwell[1,2] dwell[1,3] dwell[1,4] dwell[1,5] dwell[2,1] dwell[2,2] dwell[2,3] dwell[2,4] dwell[2,5] dwell[3,1] dwell[3,2] dwell[3,3] dwell[3,4] dwell[3,5] dwell[4,1] dwell[4,2] dwell[4,3] dwell[4,4] dwell[4,5] dwell[5,1] dwell[5,2] dwell[5,3] dwell[5,4] dwell[5,5] objective </list>
v   <values> 0 8 23 32 37 10 30 39 47 52 20 39 44 60 65 32 42 47 63 68 40 50 59 66 71 0 5 16 28 37 0 15 35 44 52 0 32 44 49 65 0 41 47 62 68 0 46 55 65 71 37 52 65 68 71 0 0 6 14 0 0 8 23 32 0 0 8 39 47 0 0 39 39 60 0 0 42 39 63 0 0 8 23 32 0 0 8 39 47 0 0 39 39 60 0 0 42 39 63 0 40 48 56 64 1140 0 80 170 180 0 0 0 160 150 0 0 310 0 130 0 0 30 0 30 0 0 60 170 10 0 0 80 250 430 430 0 0 160 310 310 0 310 310 440 440 0 30 30 60 60 0 60 230 240 240 0 3 7 4 0 10 15 4 3 0 20 7 0 11 0 32 1 0 1 0 40 4 4 1 0 81750 </values>
v </instantiation>
c 00h15m16s | stage:objective-cut:soft-result search=step bound=81899 result=sat guard=14510398 hard=guard [LB,UB] = [0,81749]
c 00h15m16s | stage:objective-loop:enter encoder=log-scop mode=SoftCnf lower=0 upper=2850000 has_incumbent=true soft_active=true
c 00h15m16s | stage:objective-cut:soft-install bound=81749 guard=14510420 clauses_added=32
c 00h15m16s | stage:objective-cut:soft-probe search=step [LB,UB] = [0,81749] next 81749 source=install guard=14510420
c 00h15m16s | stage:sat:round-entry encoder=log-scop assumptions=1 phase_lits=1426 sat_vars=14510420 base_clauses=23856552
c 00h15m16s | stage:sat:init solver=CaDiCaL vars=14510420 clauses=23856552
c 00h15m16s | stage:sat:solve:start assumptions=1 phase_lits=1426
c 00h16m01s | stage:sat:solve:done ms=45167 result=Sat assumptions=1 phase_lits=1426
c 00h16m01s | stage:decode:start
c 00h16m02s | stage:decode:done int_assignments=181
c 00h16m02s | result:Sat
c 00h16m02s | objective:incumbent kind=improvement value=81730 rounds=43 improvements=42
o 81730
v <instantiation>
v   <list> departure[1,1] departure[1,2] departure[1,3] departure[1,4] departure[1,5] departure[2,1] departure[2,2] departure[2,3] departure[2,4] departure[2,5] departure[3,1] departure[3,2] departure[3,3] departure[3,4] departure[3,5] departure[4,1] departure[4,2] departure[4,3] departure[4,4] departure[4,5] departure[5,1] departure[5,2] departure[5,3] departure[5,4] departure[5,5] arrival[1,1] arrival[1,2] arrival[1,3] arrival[1,4] arrival[1,5] arrival[2,1] arrival[2,2] arrival[2,3] arrival[2,4] arrival[2,5] arrival[3,1] arrival[3,2] arrival[3,3] arrival[3,4] arrival[3,5] arrival[4,1] arrival[4,2] arrival[4,3] arrival[4,4] arrival[4,5] arrival[5,1] arrival[5,2] arrival[5,3] arrival[5,4] arrival[5,5] finalArrival[1] finalArrival[2] finalArrival[3] finalArrival[4] finalArrival[5] sigmaLower[1,1] sigmaLower[1,2] sigmaLower[1,3] sigmaLower[1,4] sigmaLower[1,5] sigmaLower[2,1] sigmaLower[2,2] sigmaLower[2,3] sigmaLower[2,4] sigmaLower[2,5] sigmaLower[3,1] sigmaLower[3,2] sigmaLower[3,3] sigmaLower[3,4] sigmaLower[3,5] sigmaLower[4,1] sigmaLower[4,2] sigmaLower[4,3] sigmaLower[4,4] sigmaLower[4,5] sigmaLower[5,1] sigmaLower[5,2] sigmaLower[5,3] sigmaLower[5,4] sigmaLower[5,5] sigmaUpper[1,1] sigmaUpper[1,2] sigmaUpper[1,3] sigmaUpper[1,4] sigmaUpper[1,5] sigmaUpper[2,1] sigmaUpper[2,2] sigmaUpper[2,3] sigmaUpper[2,4] sigmaUpper[2,5] sigmaUpper[3,1] sigmaUpper[3,2] sigmaUpper[3,3] sigmaUpper[3,4] sigmaUpper[3,5] sigmaUpper[4,1] sigmaUpper[4,2] sigmaUpper[4,3] sigmaUpper[4,4] sigmaUpper[4,5] sigmaUpper[5,1] sigmaUpper[5,2] sigmaUpper[5,3] sigmaUpper[5,4] sigmaUpper[5,5] collect[1,1] collect[1,2] collect[1,3] collect[1,4] collect[1,5] collect[2,1] collect[2,2] collect[2,3] collect[2,4] collect[2,5] collect[3,1] collect[3,2] collect[3,3] collect[3,4] collect[3,5] collect[4,1] collect[4,2] collect[4,3] collect[4,4] collect[4,5] collect[5,1] collect[5,2] collect[5,3] collect[5,4] collect[5,5] load[1,1] load[1,2] load[1,3] load[1,4] load[1,5] load[2,1] load[2,2] load[2,3] load[2,4] load[2,5] load[3,1] load[3,2] load[3,3] load[3,4] load[3,5] load[4,1] load[4,2] load[4,3] load[4,4] load[4,5] load[5,1] load[5,2] load[5,3] load[5,4] load[5,5] dwell[1,1] dwell[1,2] dwell[1,3] dwell[1,4] dwell[1,5] dwell[2,1] dwell[2,2] dwell[2,3] dwell[2,4] dwell[2,5] dwell[3,1] dwell[3,2] dwell[3,3] dwell[3,4] dwell[3,5] dwell[4,1] dwell[4,2] dwell[4,3] dwell[4,4] dwell[4,5] dwell[5,1] dwell[5,2] dwell[5,3] dwell[5,4] dwell[5,5] objective </list>
v   <values> 0 8 23 32 37 10 30 39 47 52 20 39 44 60 65 32 45 51 64 69 40 50 59 66 71 0 5 16 28 37 0 15 35 44 52 0 32 44 49 65 0 41 50 62 69 0 48 55 66 71 37 52 65 69 71 0 0 6 14 0 0 8 23 32 0 0 8 39 47 0 0 39 39 60 0 0 45 39 64 0 0 8 23 32 0 0 8 39 47 0 0 39 39 60 0 0 45 39 64 0 40 48 56 64 1140 0 80 170 180 0 0 0 160 150 0 0 310 0 130 0 0 60 0 40 0 0 30 170 0 0 0 80 250 430 430 0 0 160 310 310 0 310 310 440 440 0 60 60 100 100 0 30 200 200 200 0 3 7 4 0 10 15 4 3 0 20 7 0 11 0 32 4 1 2 0 40 2 4 0 0 81730 </values>
v </instantiation>
c 00h16m02s | stage:objective-cut:soft-result search=step bound=81749 result=sat guard=14510420 hard=guard [LB,UB] = [0,81729]
c 00h16m02s | stage:objective-loop:enter encoder=log-scop mode=SoftCnf lower=0 upper=2850000 has_incumbent=true soft_active=true
c 00h16m02s | stage:objective-cut:soft-install bound=81729 guard=14510442 clauses_added=34
c 00h16m02s | stage:objective-cut:soft-probe search=step [LB,UB] = [0,81729] next 81729 source=install guard=14510442
c 00h16m02s | stage:sat:round-entry encoder=log-scop assumptions=1 phase_lits=1426 sat_vars=14510442 base_clauses=23856587
c 00h16m02s | stage:sat:init solver=CaDiCaL vars=14510442 clauses=23856587
c 00h16m02s | stage:sat:solve:start assumptions=1 phase_lits=1426
c 00h17m14s | stage:sat:solve:done ms=72327 result=Sat assumptions=1 phase_lits=1426
c 00h17m14s | stage:decode:start
c 00h17m15s | stage:decode:done int_assignments=181
c 00h17m15s | result:Sat
c 00h17m15s | objective:incumbent kind=improvement value=81630 rounds=44 improvements=43
o 81630
v <instantiation>
v   <list> departure[1,1] departure[1,2] departure[1,3] departure[1,4] departure[1,5] departure[2,1] departure[2,2] departure[2,3] departure[2,4] departure[2,5] departure[3,1] departure[3,2] departure[3,3] departure[3,4] departure[3,5] departure[4,1] departure[4,2] departure[4,3] departure[4,4] departure[4,5] departure[5,1] departure[5,2] departure[5,3] departure[5,4] departure[5,5] arrival[1,1] arrival[1,2] arrival[1,3] arrival[1,4] arrival[1,5] arrival[2,1] arrival[2,2] arrival[2,3] arrival[2,4] arrival[2,5] arrival[3,1] arrival[3,2] arrival[3,3] arrival[3,4] arrival[3,5] arrival[4,1] arrival[4,2] arrival[4,3] arrival[4,4] arrival[4,5] arrival[5,1] arrival[5,2] arrival[5,3] arrival[5,4] arrival[5,5] finalArrival[1] finalArrival[2] finalArrival[3] finalArrival[4] finalArrival[5] sigmaLower[1,1] sigmaLower[1,2] sigmaLower[1,3] sigmaLower[1,4] sigmaLower[1,5] sigmaLower[2,1] sigmaLower[2,2] sigmaLower[2,3] sigmaLower[2,4] sigmaLower[2,5] sigmaLower[3,1] sigmaLower[3,2] sigmaLower[3,3] sigmaLower[3,4] sigmaLower[3,5] sigmaLower[4,1] sigmaLower[4,2] sigmaLower[4,3] sigmaLower[4,4] sigmaLower[4,5] sigmaLower[5,1] sigmaLower[5,2] sigmaLower[5,3] sigmaLower[5,4] sigmaLower[5,5] sigmaUpper[1,1] sigmaUpper[1,2] sigmaUpper[1,3] sigmaUpper[1,4] sigmaUpper[1,5] sigmaUpper[2,1] sigmaUpper[2,2] sigmaUpper[2,3] sigmaUpper[2,4] sigmaUpper[2,5] sigmaUpper[3,1] sigmaUpper[3,2] sigmaUpper[3,3] sigmaUpper[3,4] sigmaUpper[3,5] sigmaUpper[4,1] sigmaUpper[4,2] sigmaUpper[4,3] sigmaUpper[4,4] sigmaUpper[4,5] sigmaUpper[5,1] sigmaUpper[5,2] sigmaUpper[5,3] sigmaUpper[5,4] sigmaUpper[5,5] collect[1,1] collect[1,2] collect[1,3] collect[1,4] collect[1,5] collect[2,1] collect[2,2] collect[2,3] collect[2,4] collect[2,5] collect[3,1] collect[3,2] collect[3,3] collect[3,4] collect[3,5] collect[4,1] collect[4,2] collect[4,3] collect[4,4] collect[4,5] collect[5,1] collect[5,2] collect[5,3] collect[5,4] collect[5,5] load[1,1] load[1,2] load[1,3] load[1,4] load[1,5] load[2,1] load[2,2] load[2,3] load[2,4] load[2,5] load[3,1] load[3,2] load[3,3] load[3,4] load[3,5] load[4,1] load[4,2] load[4,3] load[4,4] load[4,5] load[5,1] load[5,2] load[5,3] load[5,4] load[5,5] dwell[1,1] dwell[1,2] dwell[1,3] dwell[1,4] dwell[1,5] dwell[2,1] dwell[2,2] dwell[2,3] dwell[2,4] dwell[2,5] dwell[3,1] dwell[3,2] dwell[3,3] dwell[3,4] dwell[3,5] dwell[4,1] dwell[4,2] dwell[4,3] dwell[4,4] dwell[4,5] dwell[5,1] dwell[5,2] dwell[5,3] dwell[5,4] dwell[5,5] objective </list>
v   <values> 0 8 22 32 37 10 30 39 47 52 20 45 52 60 65 32 48 54 63 68 40 51 60 66 71 0 5 15 28 37 0 15 35 44 52 0 32 52 57 65 0 47 54 62 68 0 50 56 65 71 37 52 65 68 71 0 0 6 14 0 0 8 22 32 0 0 8 39 47 0 0 45 39 60 0 0 45 39 63 0 0 8 22 32 0 0 8 39 47 0 0 45 39 60 0 0 45 39 63 0 40 48 56 64 1140 0 80 160 180 0 0 0 170 150 0 0 370 0 130 0 0 0 0 30 0 0 30 170 10 0 0 80 240 420 420 0 0 170 320 320 0 370 370 500 500 0 0 0 30 30 0 30 200 210 210 0 3 7 4 0 10 15 4 3 0 20 13 0 3 0 32 1 0 1 0 40 1 4 1 0 81630 </values>
v </instantiation>
c 00h17m15s | stage:objective-cut:soft-result search=step bound=81729 result=sat guard=14510442 hard=guard [LB,UB] = [0,81629]
c 00h17m15s | stage:objective-loop:enter encoder=log-scop mode=SoftCnf lower=0 upper=2850000 has_incumbent=true soft_active=true
c 00h17m15s | stage:objective-cut:soft-install bound=81629 guard=14510464 clauses_added=31
c 00h17m15s | stage:objective-cut:soft-probe search=step [LB,UB] = [0,81629] next 81629 source=install guard=14510464
c 00h17m15s | stage:sat:round-entry encoder=log-scop assumptions=1 phase_lits=1426 sat_vars=14510464 base_clauses=23856619
c 00h17m15s | stage:sat:init solver=CaDiCaL vars=14510464 clauses=23856619
c 00h17m15s | stage:sat:solve:start assumptions=1 phase_lits=1426
c 00h17m41s | stage:sat:solve:done ms=25226 result=Sat assumptions=1 phase_lits=1426
c 00h17m41s | stage:decode:start
c 00h17m42s | stage:decode:done int_assignments=181
c 00h17m42s | result:Sat
c 00h17m42s | objective:incumbent kind=improvement value=81540 rounds=45 improvements=44
o 81540
v <instantiation>
v   <list> departure[1,1] departure[1,2] departure[1,3] departure[1,4] departure[1,5] departure[2,1] departure[2,2] departure[2,3] departure[2,4] departure[2,5] departure[3,1] departure[3,2] departure[3,3] departure[3,4] departure[3,5] departure[4,1] departure[4,2] departure[4,3] departure[4,4] departure[4,5] departure[5,1] departure[5,2] departure[5,3] departure[5,4] departure[5,5] arrival[1,1] arrival[1,2] arrival[1,3] arrival[1,4] arrival[1,5] arrival[2,1] arrival[2,2] arrival[2,3] arrival[2,4] arrival[2,5] arrival[3,1] arrival[3,2] arrival[3,3] arrival[3,4] arrival[3,5] arrival[4,1] arrival[4,2] arrival[4,3] arrival[4,4] arrival[4,5] arrival[5,1] arrival[5,2] arrival[5,3] arrival[5,4] arrival[5,5] finalArrival[1] finalArrival[2] finalArrival[3] finalArrival[4] finalArrival[5] sigmaLower[1,1] sigmaLower[1,2] sigmaLower[1,3] sigmaLower[1,4] sigmaLower[1,5] sigmaLower[2,1] sigmaLower[2,2] sigmaLower[2,3] sigmaLower[2,4] sigmaLower[2,5] sigmaLower[3,1] sigmaLower[3,2] sigmaLower[3,3] sigmaLower[3,4] sigmaLower[3,5] sigmaLower[4,1] sigmaLower[4,2] sigmaLower[4,3] sigmaLower[4,4] sigmaLower[4,5] sigmaLower[5,1] sigmaLower[5,2] sigmaLower[5,3] sigmaLower[5,4] sigmaLower[5,5] sigmaUpper[1,1] sigmaUpper[1,2] sigmaUpper[1,3] sigmaUpper[1,4] sigmaUpper[1,5] sigmaUpper[2,1] sigmaUpper[2,2] sigmaUpper[2,3] sigmaUpper[2,4] sigmaUpper[2,5] sigmaUpper[3,1] sigmaUpper[3,2] sigmaUpper[3,3] sigmaUpper[3,4] sigmaUpper[3,5] sigmaUpper[4,1] sigmaUpper[4,2] sigmaUpper[4,3] sigmaUpper[4,4] sigmaUpper[4,5] sigmaUpper[5,1] sigmaUpper[5,2] sigmaUpper[5,3] sigmaUpper[5,4] sigmaUpper[5,5] collect[1,1] collect[1,2] collect[1,3] collect[1,4] collect[1,5] collect[2,1] collect[2,2] collect[2,3] collect[2,4] collect[2,5] collect[3,1] collect[3,2] collect[3,3] collect[3,4] collect[3,5] collect[4,1] collect[4,2] collect[4,3] collect[4,4] collect[4,5] collect[5,1] collect[5,2] collect[5,3] collect[5,4] collect[5,5] load[1,1] load[1,2] load[1,3] load[1,4] load[1,5] load[2,1] load[2,2] load[2,3] load[2,4] load[2,5] load[3,1] load[3,2] load[3,3] load[3,4] load[3,5] load[4,1] load[4,2] load[4,3] load[4,4] load[4,5] load[5,1] load[5,2] load[5,3] load[5,4] load[5,5] dwell[1,1] dwell[1,2] dwell[1,3] dwell[1,4] dwell[1,5] dwell[2,1] dwell[2,2] dwell[2,3] dwell[2,4] dwell[2,5] dwell[3,1] dwell[3,2] dwell[3,3] dwell[3,4] dwell[3,5] dwell[4,1] dwell[4,2] dwell[4,3] dwell[4,4] dwell[4,5] dwell[5,1] dwell[5,2] dwell[5,3] dwell[5,4] dwell[5,5] objective </list>
v   <values> 0 8 25 35 40 10 30 38 46 51 20 41 48 59 64 32 45 52 61 68 40 49 58 64 69 0 5 15 30 40 0 15 35 43 51 0 32 46 53 64 0 43 50 61 68 0 48 54 63 69 40 51 64 68 69 0 0 6 14 0 0 8 25 35 0 0 8 38 46 0 0 41 38 59 0 32 45 38 59 0 0 8 25 35 0 0 8 38 46 0 0 41 38 59 0 32 45 38 59 0 40 48 56 64 1140 0 80 190 210 0 0 0 130 110 0 0 330 0 130 0 0 40 0 0 0 0 30 180 50 0 0 80 270 480 480 0 0 130 240 240 0 330 330 460 460 0 40 40 40 40 0 30 210 260 260 0 3 10 5 0 10 15 3 3 0 20 9 2 6 0 32 2 2 0 0 40 1 4 1 0 81540 </values>
v </instantiation>
c 00h17m42s | stage:objective-cut:soft-result search=step bound=81629 result=sat guard=14510464 hard=guard [LB,UB] = [0,81539]
c 00h17m42s | stage:objective-loop:enter encoder=log-scop mode=SoftCnf lower=0 upper=2850000 has_incumbent=true soft_active=true
c 00h17m42s | stage:objective-cut:soft-install bound=81539 guard=14510485 clauses_added=33
c 00h17m42s | stage:objective-cut:soft-probe search=step [LB,UB] = [0,81539] next 81539 source=install guard=14510485
c 00h17m42s | stage:sat:round-entry encoder=log-scop assumptions=1 phase_lits=1426 sat_vars=14510485 base_clauses=23856653
c 00h17m42s | stage:sat:init solver=CaDiCaL vars=14510485 clauses=23856653
c 00h17m42s | stage:sat:solve:start assumptions=1 phase_lits=1426
c 00h18m12s | stage:sat:solve:done ms=30484 result=Sat assumptions=1 phase_lits=1426
c 00h18m12s | stage:decode:start
c 00h18m13s | stage:decode:done int_assignments=181
c 00h18m13s | result:Sat
c 00h18m13s | objective:incumbent kind=improvement value=81520 rounds=46 improvements=45
o 81520
v <instantiation>
v   <list> departure[1,1] departure[1,2] departure[1,3] departure[1,4] departure[1,5] departure[2,1] departure[2,2] departure[2,3] departure[2,4] departure[2,5] departure[3,1] departure[3,2] departure[3,3] departure[3,4] departure[3,5] departure[4,1] departure[4,2] departure[4,3] departure[4,4] departure[4,5] departure[5,1] departure[5,2] departure[5,3] departure[5,4] departure[5,5] arrival[1,1] arrival[1,2] arrival[1,3] arrival[1,4] arrival[1,5] arrival[2,1] arrival[2,2] arrival[2,3] arrival[2,4] arrival[2,5] arrival[3,1] arrival[3,2] arrival[3,3] arrival[3,4] arrival[3,5] arrival[4,1] arrival[4,2] arrival[4,3] arrival[4,4] arrival[4,5] arrival[5,1] arrival[5,2] arrival[5,3] arrival[5,4] arrival[5,5] finalArrival[1] finalArrival[2] finalArrival[3] finalArrival[4] finalArrival[5] sigmaLower[1,1] sigmaLower[1,2] sigmaLower[1,3] sigmaLower[1,4] sigmaLower[1,5] sigmaLower[2,1] sigmaLower[2,2] sigmaLower[2,3] sigmaLower[2,4] sigmaLower[2,5] sigmaLower[3,1] sigmaLower[3,2] sigmaLower[3,3] sigmaLower[3,4] sigmaLower[3,5] sigmaLower[4,1] sigmaLower[4,2] sigmaLower[4,3] sigmaLower[4,4] sigmaLower[4,5] sigmaLower[5,1] sigmaLower[5,2] sigmaLower[5,3] sigmaLower[5,4] sigmaLower[5,5] sigmaUpper[1,1] sigmaUpper[1,2] sigmaUpper[1,3] sigmaUpper[1,4] sigmaUpper[1,5] sigmaUpper[2,1] sigmaUpper[2,2] sigmaUpper[2,3] sigmaUpper[2,4] sigmaUpper[2,5] sigmaUpper[3,1] sigmaUpper[3,2] sigmaUpper[3,3] sigmaUpper[3,4] sigmaUpper[3,5] sigmaUpper[4,1] sigmaUpper[4,2] sigmaUpper[4,3] sigmaUpper[4,4] sigmaUpper[4,5] sigmaUpper[5,1] sigmaUpper[5,2] sigmaUpper[5,3] sigmaUpper[5,4] sigmaUpper[5,5] collect[1,1] collect[1,2] collect[1,3] collect[1,4] collect[1,5] collect[2,1] collect[2,2] collect[2,3] collect[2,4] collect[2,5] collect[3,1] collect[3,2] collect[3,3] collect[3,4] collect[3,5] collect[4,1] collect[4,2] collect[4,3] collect[4,4] collect[4,5] collect[5,1] collect[5,2] collect[5,3] collect[5,4] collect[5,5] load[1,1] load[1,2] load[1,3] load[1,4] load[1,5] load[2,1] load[2,2] load[2,3] load[2,4] load[2,5] load[3,1] load[3,2] load[3,3] load[3,4] load[3,5] load[4,1] load[4,2] load[4,3] load[4,4] load[4,5] load[5,1] load[5,2] load[5,3] load[5,4] load[5,5] dwell[1,1] dwell[1,2] dwell[1,3] dwell[1,4] dwell[1,5] dwell[2,1] dwell[2,2] dwell[2,3] dwell[2,4] dwell[2,5] dwell[3,1] dwell[3,2] dwell[3,3] dwell[3,4] dwell[3,5] dwell[4,1] dwell[4,2] dwell[4,3] dwell[4,4] dwell[4,5] dwell[5,1] dwell[5,2] dwell[5,3] dwell[5,4] dwell[5,5] objective </list>
v   <values> 0 8 28 42 48 10 30 38 44 49 20 33 41 52 57 30 43 49 58 63 42 48 56 64 69 0 5 17 33 48 0 15 35 44 49 0 32 40 49 57 0 35 49 54 63 0 47 53 61 69 48 49 57 63 69 0 0 6 14 0 0 0 28 42 0 0 30 38 42 0 0 30 41 42 0 30 43 41 58 0 0 0 28 42 0 0 30 38 42 0 0 30 41 42 0 30 43 41 58 0 42 48 56 64 1140 0 0 220 280 0 0 300 100 0 0 0 0 30 0 0 0 130 0 160 0 0 50 150 60 0 0 0 220 500 500 0 300 400 400 400 0 0 30 30 30 0 130 130 290 290 0 50 200 260 260 0 3 11 9 0 10 15 3 0 0 20 1 1 3 0 30 8 0 4 0 42 1 3 3 0 81520 </values>
v </instantiation>
c 00h18m13s | stage:objective-cut:soft-result search=step bound=81539 result=sat guard=14510485 hard=guard [LB,UB] = [0,81519]
c 00h18m13s | stage:objective-loop:enter encoder=log-scop mode=SoftCnf lower=0 upper=2850000 has_incumbent=true soft_active=true
c 00h18m13s | stage:objective-cut:soft-install bound=81519 guard=14510504 clauses_added=28
c 00h18m13s | stage:objective-cut:soft-probe search=step [LB,UB] = [0,81519] next 81519 source=install guard=14510504
c 00h18m13s | stage:sat:round-entry encoder=log-scop assumptions=1 phase_lits=1426 sat_vars=14510504 base_clauses=23856682
c 00h18m13s | stage:sat:init solver=CaDiCaL vars=14510504 clauses=23856682
c 00h18m13s | stage:sat:solve:start assumptions=1 phase_lits=1426
c 00h18m42s | stage:sat:solve:done ms=28578 result=Sat assumptions=1 phase_lits=1426
c 00h18m42s | stage:decode:start
c 00h18m43s | stage:decode:done int_assignments=181
c 00h18m43s | result:Sat
c 00h18m43s | objective:incumbent kind=improvement value=81460 rounds=47 improvements=46
o 81460
v <instantiation>
v   <list> departure[1,1] departure[1,2] departure[1,3] departure[1,4] departure[1,5] departure[2,1] departure[2,2] departure[2,3] departure[2,4] departure[2,5] departure[3,1] departure[3,2] departure[3,3] departure[3,4] departure[3,5] departure[4,1] departure[4,2] departure[4,3] departure[4,4] departure[4,5] departure[5,1] departure[5,2] departure[5,3] departure[5,4] departure[5,5] arrival[1,1] arrival[1,2] arrival[1,3] arrival[1,4] arrival[1,5] arrival[2,1] arrival[2,2] arrival[2,3] arrival[2,4] arrival[2,5] arrival[3,1] arrival[3,2] arrival[3,3] arrival[3,4] arrival[3,5] arrival[4,1] arrival[4,2] arrival[4,3] arrival[4,4] arrival[4,5] arrival[5,1] arrival[5,2] arrival[5,3] arrival[5,4] arrival[5,5] finalArrival[1] finalArrival[2] finalArrival[3] finalArrival[4] finalArrival[5] sigmaLower[1,1] sigmaLower[1,2] sigmaLower[1,3] sigmaLower[1,4] sigmaLower[1,5] sigmaLower[2,1] sigmaLower[2,2] sigmaLower[2,3] sigmaLower[2,4] sigmaLower[2,5] sigmaLower[3,1] sigmaLower[3,2] sigmaLower[3,3] sigmaLower[3,4] sigmaLower[3,5] sigmaLower[4,1] sigmaLower[4,2] sigmaLower[4,3] sigmaLower[4,4] sigmaLower[4,5] sigmaLower[5,1] sigmaLower[5,2] sigmaLower[5,3] sigmaLower[5,4] sigmaLower[5,5] sigmaUpper[1,1] sigmaUpper[1,2] sigmaUpper[1,3] sigmaUpper[1,4] sigmaUpper[1,5] sigmaUpper[2,1] sigmaUpper[2,2] sigmaUpper[2,3] sigmaUpper[2,4] sigmaUpper[2,5] sigmaUpper[3,1] sigmaUpper[3,2] sigmaUpper[3,3] sigmaUpper[3,4] sigmaUpper[3,5] sigmaUpper[4,1] sigmaUpper[4,2] sigmaUpper[4,3] sigmaUpper[4,4] sigmaUpper[4,5] sigmaUpper[5,1] sigmaUpper[5,2] sigmaUpper[5,3] sigmaUpper[5,4] sigmaUpper[5,5] collect[1,1] collect[1,2] collect[1,3] collect[1,4] collect[1,5] collect[2,1] collect[2,2] collect[2,3] collect[2,4] collect[2,5] collect[3,1] collect[3,2] collect[3,3] collect[3,4] collect[3,5] collect[4,1] collect[4,2] collect[4,3] collect[4,4] collect[4,5] collect[5,1] collect[5,2] collect[5,3] collect[5,4] collect[5,5] load[1,1] load[1,2] load[1,3] load[1,4] load[1,5] load[2,1] load[2,2] load[2,3] load[2,4] load[2,5] load[3,1] load[3,2] load[3,3] load[3,4] load[3,5] load[4,1] load[4,2] load[4,3] load[4,4] load[4,5] load[5,1] load[5,2] load[5,3] load[5,4] load[5,5] dwell[1,1] dwell[1,2] dwell[1,3] dwell[1,4] dwell[1,5] dwell[2,1] dwell[2,2] dwell[2,3] dwell[2,4] dwell[2,5] dwell[3,1] dwell[3,2] dwell[3,3] dwell[3,4] dwell[3,5] dwell[4,1] dwell[4,2] dwell[4,3] dwell[4,4] dwell[4,5] dwell[5,1] dwell[5,2] dwell[5,3] dwell[5,4] dwell[5,5] objective </list>
v   <values> 0 8 29 39 47 10 30 35 42 47 24 32 39 45 50 30 43 49 58 63 40 49 58 65 70 0 5 18 34 47 0 15 35 41 47 0 32 37 44 50 0 35 49 54 63 0 45 54 63 70 47 47 50 63 70 0 0 6 14 0 0 0 29 39 0 0 30 29 42 0 0 30 39 45 0 0 30 39 58 0 0 0 29 39 0 0 30 29 42 0 0 30 39 45 0 0 30 39 58 0 40 48 56 64 1140 0 0 230 250 0 0 300 0 30 0 0 0 100 30 0 0 0 0 130 0 0 180 170 60 0 0 0 230 480 480 0 300 300 330 330 0 0 100 130 130 0 0 0 130 130 0 180 350 410 410 0 3 11 5 0 10 15 0 1 0 24 0 2 1 0 30 8 0 4 0 40 4 4 2 0 81460 </values>
v </instantiation>
c 00h18m43s | stage:objective-cut:soft-result search=step bound=81519 result=sat guard=14510504 hard=guard [LB,UB] = [0,81459]
c 00h18m43s | stage:objective-loop:enter encoder=log-scop mode=SoftCnf lower=0 upper=2850000 has_incumbent=true soft_active=true
c 00h18m43s | stage:objective-cut:soft-install bound=81459 guard=14510525 clauses_added=32
c 00h18m43s | stage:objective-cut:soft-probe search=step [LB,UB] = [0,81459] next 81459 source=install guard=14510525
c 00h18m43s | stage:sat:round-entry encoder=log-scop assumptions=1 phase_lits=1426 sat_vars=14510525 base_clauses=23856715
c 00h18m43s | stage:sat:init solver=CaDiCaL vars=14510525 clauses=23856715
c 00h18m43s | stage:sat:solve:start assumptions=1 phase_lits=1426
c 00h18m48s | stage:sat:solve:done ms=5132 result=Sat assumptions=1 phase_lits=1426
c 00h18m48s | stage:decode:start
c 00h18m49s | stage:decode:done int_assignments=181
c 00h18m49s | result:Sat
c 00h18m49s | objective:incumbent kind=improvement value=81270 rounds=48 improvements=47
o 81270
v <instantiation>
v   <list> departure[1,1] departure[1,2] departure[1,3] departure[1,4] departure[1,5] departure[2,1] departure[2,2] departure[2,3] departure[2,4] departure[2,5] departure[3,1] departure[3,2] departure[3,3] departure[3,4] departure[3,5] departure[4,1] departure[4,2] departure[4,3] departure[4,4] departure[4,5] departure[5,1] departure[5,2] departure[5,3] departure[5,4] departure[5,5] arrival[1,1] arrival[1,2] arrival[1,3] arrival[1,4] arrival[1,5] arrival[2,1] arrival[2,2] arrival[2,3] arrival[2,4] arrival[2,5] arrival[3,1] arrival[3,2] arrival[3,3] arrival[3,4] arrival[3,5] arrival[4,1] arrival[4,2] arrival[4,3] arrival[4,4] arrival[4,5] arrival[5,1] arrival[5,2] arrival[5,3] arrival[5,4] arrival[5,5] finalArrival[1] finalArrival[2] finalArrival[3] finalArrival[4] finalArrival[5] sigmaLower[1,1] sigmaLower[1,2] sigmaLower[1,3] sigmaLower[1,4] sigmaLower[1,5] sigmaLower[2,1] sigmaLower[2,2] sigmaLower[2,3] sigmaLower[2,4] sigmaLower[2,5] sigmaLower[3,1] sigmaLower[3,2] sigmaLower[3,3] sigmaLower[3,4] sigmaLower[3,5] sigmaLower[4,1] sigmaLower[4,2] sigmaLower[4,3] sigmaLower[4,4] sigmaLower[4,5] sigmaLower[5,1] sigmaLower[5,2] sigmaLower[5,3] sigmaLower[5,4] sigmaLower[5,5] sigmaUpper[1,1] sigmaUpper[1,2] sigmaUpper[1,3] sigmaUpper[1,4] sigmaUpper[1,5] sigmaUpper[2,1] sigmaUpper[2,2] sigmaUpper[2,3] sigmaUpper[2,4] sigmaUpper[2,5] sigmaUpper[3,1] sigmaUpper[3,2] sigmaUpper[3,3] sigmaUpper[3,4] sigmaUpper[3,5] sigmaUpper[4,1] sigmaUpper[4,2] sigmaUpper[4,3] sigmaUpper[4,4] sigmaUpper[4,5] sigmaUpper[5,1] sigmaUpper[5,2] sigmaUpper[5,3] sigmaUpper[5,4] sigmaUpper[5,5] collect[1,1] collect[1,2] collect[1,3] collect[1,4] collect[1,5] collect[2,1] collect[2,2] collect[2,3] collect[2,4] collect[2,5] collect[3,1] collect[3,2] collect[3,3] collect[3,4] collect[3,5] collect[4,1] collect[4,2] collect[4,3] collect[4,4] collect[4,5] collect[5,1] collect[5,2] collect[5,3] collect[5,4] collect[5,5] load[1,1] load[1,2] load[1,3] load[1,4] load[1,5] load[2,1] load[2,2] load[2,3] load[2,4] load[2,5] load[3,1] load[3,2] load[3,3] load[3,4] load[3,5] load[4,1] load[4,2] load[4,3] load[4,4] load[4,5] load[5,1] load[5,2] load[5,3] load[5,4] load[5,5] dwell[1,1] dwell[1,2] dwell[1,3] dwell[1,4] dwell[1,5] dwell[2,1] dwell[2,2] dwell[2,3] dwell[2,4] dwell[2,5] dwell[3,1] dwell[3,2] dwell[3,3] dwell[3,4] dwell[3,5] dwell[4,1] dwell[4,2] dwell[4,3] dwell[4,4] dwell[4,5] dwell[5,1] dwell[5,2] dwell[5,3] dwell[5,4] dwell[5,5] objective </list>
v   <values> 0 8 29 40 45 10 30 35 42 48 24 32 39 45 52 30 39 49 58 64 40 49 58 65 70 0 5 18 34 45 0 15 35 42 48 0 32 37 44 52 0 35 45 54 64 0 45 54 63 70 45 48 52 64 70 0 0 6 14 0 0 0 29 40 0 0 30 29 40 0 0 30 39 45 0 0 30 39 58 0 0 0 29 40 0 0 30 29 40 0 0 30 39 45 0 0 30 39 58 0 40 48 56 64 1140 0 0 230 260 0 0 300 0 0 0 0 0 100 50 0 0 0 0 130 0 0 180 170 60 0 0 0 230 490 490 0 300 300 300 300 0 0 100 150 150 0 0 0 130 130 0 180 350 410 410 0 3 11 6 0 10 15 0 0 0 24 0 2 1 0 30 4 4 4 0 40 4 4 2 0 81270 </values>
v </instantiation>
c 00h18m49s | stage:objective-cut:soft-result search=step bound=81459 result=sat guard=14510525 hard=guard [LB,UB] = [0,81269]
c 00h18m49s | stage:objective-loop:enter encoder=log-scop mode=SoftCnf lower=0 upper=2850000 has_incumbent=true soft_active=true
c 00h18m49s | stage:objective-cut:soft-install bound=81269 guard=14510547 clauses_added=32
c 00h18m49s | stage:objective-cut:soft-probe search=step [LB,UB] = [0,81269] next 81269 source=install guard=14510547
c 00h18m49s | stage:sat:round-entry encoder=log-scop assumptions=1 phase_lits=1426 sat_vars=14510547 base_clauses=23856748
c 00h18m49s | stage:sat:init solver=CaDiCaL vars=14510547 clauses=23856748
c 00h18m49s | stage:sat:solve:start assumptions=1 phase_lits=1426
c 00h18m55s | stage:sat:solve:done ms=6640 result=Sat assumptions=1 phase_lits=1426
c 00h18m55s | stage:decode:start
c 00h18m56s | stage:decode:done int_assignments=181
c 00h18m56s | result:Sat
c 00h18m56s | objective:incumbent kind=improvement value=80540 rounds=49 improvements=48
o 80540
v <instantiation>
v   <list> departure[1,1] departure[1,2] departure[1,3] departure[1,4] departure[1,5] departure[2,1] departure[2,2] departure[2,3] departure[2,4] departure[2,5] departure[3,1] departure[3,2] departure[3,3] departure[3,4] departure[3,5] departure[4,1] departure[4,2] departure[4,3] departure[4,4] departure[4,5] departure[5,1] departure[5,2] departure[5,3] departure[5,4] departure[5,5] arrival[1,1] arrival[1,2] arrival[1,3] arrival[1,4] arrival[1,5] arrival[2,1] arrival[2,2] arrival[2,3] arrival[2,4] arrival[2,5] arrival[3,1] arrival[3,2] arrival[3,3] arrival[3,4] arrival[3,5] arrival[4,1] arrival[4,2] arrival[4,3] arrival[4,4] arrival[4,5] arrival[5,1] arrival[5,2] arrival[5,3] arrival[5,4] arrival[5,5] finalArrival[1] finalArrival[2] finalArrival[3] finalArrival[4] finalArrival[5] sigmaLower[1,1] sigmaLower[1,2] sigmaLower[1,3] sigmaLower[1,4] sigmaLower[1,5] sigmaLower[2,1] sigmaLower[2,2] sigmaLower[2,3] sigmaLower[2,4] sigmaLower[2,5] sigmaLower[3,1] sigmaLower[3,2] sigmaLower[3,3] sigmaLower[3,4] sigmaLower[3,5] sigmaLower[4,1] sigmaLower[4,2] sigmaLower[4,3] sigmaLower[4,4] sigmaLower[4,5] sigmaLower[5,1] sigmaLower[5,2] sigmaLower[5,3] sigmaLower[5,4] sigmaLower[5,5] sigmaUpper[1,1] sigmaUpper[1,2] sigmaUpper[1,3] sigmaUpper[1,4] sigmaUpper[1,5] sigmaUpper[2,1] sigmaUpper[2,2] sigmaUpper[2,3] sigmaUpper[2,4] sigmaUpper[2,5] sigmaUpper[3,1] sigmaUpper[3,2] sigmaUpper[3,3] sigmaUpper[3,4] sigmaUpper[3,5] sigmaUpper[4,1] sigmaUpper[4,2] sigmaUpper[4,3] sigmaUpper[4,4] sigmaUpper[4,5] sigmaUpper[5,1] sigmaUpper[5,2] sigmaUpper[5,3] sigmaUpper[5,4] sigmaUpper[5,5] collect[1,1] collect[1,2] collect[1,3] collect[1,4] collect[1,5] collect[2,1] collect[2,2] collect[2,3] collect[2,4] collect[2,5] collect[3,1] collect[3,2] collect[3,3] collect[3,4] collect[3,5] collect[4,1] collect[4,2] collect[4,3] collect[4,4] collect[4,5] collect[5,1] collect[5,2] collect[5,3] collect[5,4] collect[5,5] load[1,1] load[1,2] load[1,3] load[1,4] load[1,5] load[2,1] load[2,2] load[2,3] load[2,4] load[2,5] load[3,1] load[3,2] load[3,3] load[3,4] load[3,5] load[4,1] load[4,2] load[4,3] load[4,4] load[4,5] load[5,1] load[5,2] load[5,3] load[5,4] load[5,5] dwell[1,1] dwell[1,2] dwell[1,3] dwell[1,4] dwell[1,5] dwell[2,1] dwell[2,2] dwell[2,3] dwell[2,4] dwell[2,5] dwell[3,1] dwell[3,2] dwell[3,3] dwell[3,4] dwell[3,5] dwell[4,1] dwell[4,2] dwell[4,3] dwell[4,4] dwell[4,5] dwell[5,1] dwell[5,2] dwell[5,3] dwell[5,4] dwell[5,5] objective </list>
v   <values> 0 8 29 40 45 10 30 35 42 47 24 32 39 45 50 30 38 49 58 63 40 49 58 65 70 0 5 18 34 45 0 15 35 42 47 0 32 37 44 50 0 35 45 54 63 0 45 54 63 70 45 47 50 63 70 0 0 6 14 0 0 0 29 40 0 0 30 29 40 0 0 30 39 45 0 0 30 39 58 0 0 0 29 40 0 0 30 29 40 0 0 30 39 45 0 0 30 39 58 0 40 48 56 64 1140 0 0 230 260 0 0 300 0 0 0 0 0 100 50 0 0 0 0 130 0 0 180 170 60 0 0 0 230 490 490 0 300 300 300 300 0 0 100 150 150 0 0 0 130 130 0 180 350 410 410 0 3 11 6 0 10 15 0 0 0 24 0 2 1 0 30 3 4 4 0 40 4 4 2 0 80540 </values>
v </instantiation>
c 00h18m56s | stage:objective-cut:soft-result search=step bound=81269 result=sat guard=14510547 hard=guard [LB,UB] = [0,80539]
c 00h18m56s | stage:objective-loop:enter encoder=log-scop mode=SoftCnf lower=0 upper=2850000 has_incumbent=true soft_active=true
c 00h18m56s | stage:objective-cut:soft-install bound=80539 guard=14510568 clauses_added=32
c 00h18m56s | stage:objective-cut:soft-probe search=step [LB,UB] = [0,80539] next 80539 source=install guard=14510568
c 00h18m56s | stage:sat:round-entry encoder=log-scop assumptions=1 phase_lits=1426 sat_vars=14510568 base_clauses=23856781
c 00h18m56s | stage:sat:init solver=CaDiCaL vars=14510568 clauses=23856781
c 00h18m56s | stage:sat:solve:start assumptions=1 phase_lits=1426
c 00h19m21s | stage:sat:solve:done ms=25049 result=Sat assumptions=1 phase_lits=1426
c 00h19m21s | stage:decode:start
c 00h19m22s | stage:decode:done int_assignments=181
c 00h19m22s | result:Sat
c 00h19m22s | objective:incumbent kind=improvement value=80100 rounds=50 improvements=49
o 80100
v <instantiation>
v   <list> departure[1,1] departure[1,2] departure[1,3] departure[1,4] departure[1,5] departure[2,1] departure[2,2] departure[2,3] departure[2,4] departure[2,5] departure[3,1] departure[3,2] departure[3,3] departure[3,4] departure[3,5] departure[4,1] departure[4,2] departure[4,3] departure[4,4] departure[4,5] departure[5,1] departure[5,2] departure[5,3] departure[5,4] departure[5,5] arrival[1,1] arrival[1,2] arrival[1,3] arrival[1,4] arrival[1,5] arrival[2,1] arrival[2,2] arrival[2,3] arrival[2,4] arrival[2,5] arrival[3,1] arrival[3,2] arrival[3,3] arrival[3,4] arrival[3,5] arrival[4,1] arrival[4,2] arrival[4,3] arrival[4,4] arrival[4,5] arrival[5,1] arrival[5,2] arrival[5,3] arrival[5,4] arrival[5,5] finalArrival[1] finalArrival[2] finalArrival[3] finalArrival[4] finalArrival[5] sigmaLower[1,1] sigmaLower[1,2] sigmaLower[1,3] sigmaLower[1,4] sigmaLower[1,5] sigmaLower[2,1] sigmaLower[2,2] sigmaLower[2,3] sigmaLower[2,4] sigmaLower[2,5] sigmaLower[3,1] sigmaLower[3,2] sigmaLower[3,3] sigmaLower[3,4] sigmaLower[3,5] sigmaLower[4,1] sigmaLower[4,2] sigmaLower[4,3] sigmaLower[4,4] sigmaLower[4,5] sigmaLower[5,1] sigmaLower[5,2] sigmaLower[5,3] sigmaLower[5,4] sigmaLower[5,5] sigmaUpper[1,1] sigmaUpper[1,2] sigmaUpper[1,3] sigmaUpper[1,4] sigmaUpper[1,5] sigmaUpper[2,1] sigmaUpper[2,2] sigmaUpper[2,3] sigmaUpper[2,4] sigmaUpper[2,5] sigmaUpper[3,1] sigmaUpper[3,2] sigmaUpper[3,3] sigmaUpper[3,4] sigmaUpper[3,5] sigmaUpper[4,1] sigmaUpper[4,2] sigmaUpper[4,3] sigmaUpper[4,4] sigmaUpper[4,5] sigmaUpper[5,1] sigmaUpper[5,2] sigmaUpper[5,3] sigmaUpper[5,4] sigmaUpper[5,5] collect[1,1] collect[1,2] collect[1,3] collect[1,4] collect[1,5] collect[2,1] collect[2,2] collect[2,3] collect[2,4] collect[2,5] collect[3,1] collect[3,2] collect[3,3] collect[3,4] collect[3,5] collect[4,1] collect[4,2] collect[4,3] collect[4,4] collect[4,5] collect[5,1] collect[5,2] collect[5,3] collect[5,4] collect[5,5] load[1,1] load[1,2] load[1,3] load[1,4] load[1,5] load[2,1] load[2,2] load[2,3] load[2,4] load[2,5] load[3,1] load[3,2] load[3,3] load[3,4] load[3,5] load[4,1] load[4,2] load[4,3] load[4,4] load[4,5] load[5,1] load[5,2] load[5,3] load[5,4] load[5,5] dwell[1,1] dwell[1,2] dwell[1,3] dwell[1,4] dwell[1,5] dwell[2,1] dwell[2,2] dwell[2,3] dwell[2,4] dwell[2,5] dwell[3,1] dwell[3,2] dwell[3,3] dwell[3,4] dwell[3,5] dwell[4,1] dwell[4,2] dwell[4,3] dwell[4,4] dwell[4,5] dwell[5,1] dwell[5,2] dwell[5,3] dwell[5,4] dwell[5,5] objective </list>
v   <values> 0 8 29 40 45 10 30 35 42 47 24 32 39 45 55 30 43 49 58 63 40 48 57 64 69 0 5 18 34 45 0 15 35 42 47 0 32 37 44 55 0 35 49 54 63 0 45 53 62 69 45 47 55 63 69 0 0 6 14 0 0 0 29 40 0 0 30 29 40 0 0 30 39 45 0 0 43 39 58 0 0 0 29 40 0 0 30 29 40 0 0 30 39 45 0 0 43 39 58 0 40 48 56 64 1140 0 0 230 260 0 0 300 0 0 0 0 0 100 50 0 0 130 0 130 0 0 50 170 60 0 0 0 230 490 490 0 300 300 300 300 0 0 100 150 150 0 130 130 260 260 0 50 220 280 280 0 3 11 6 0 10 15 0 0 0 24 0 2 1 0 30 8 0 4 0 40 3 4 2 0 80100 </values>
v </instantiation>
c 00h19m22s | stage:objective-cut:soft-result search=step bound=80539 result=sat guard=14510568 hard=guard [LB,UB] = [0,80099]
c 00h19m22s | stage:objective-loop:enter encoder=log-scop mode=SoftCnf lower=0 upper=2850000 has_incumbent=true soft_active=true
c 00h19m22s | stage:objective-cut:soft-install bound=80099 guard=14510589 clauses_added=33
c 00h19m22s | stage:objective-cut:soft-probe search=step [LB,UB] = [0,80099] next 80099 source=install guard=14510589
c 00h19m22s | stage:sat:round-entry encoder=log-scop assumptions=1 phase_lits=1426 sat_vars=14510589 base_clauses=23856815
c 00h19m22s | stage:sat:init solver=CaDiCaL vars=14510589 clauses=23856815
c 00h19m22s | stage:sat:solve:start assumptions=1 phase_lits=1426
c 00h19m57s | stage:sat:solve:done ms=34279 result=Sat assumptions=1 phase_lits=1426
c 00h19m57s | stage:decode:start
c 00h19m58s | stage:decode:done int_assignments=181
c 00h19m58s | result:Sat
c 00h19m58s | objective:incumbent kind=improvement value=79650 rounds=51 improvements=50
o 79650
v <instantiation>
v   <list> departure[1,1] departure[1,2] departure[1,3] departure[1,4] departure[1,5] departure[2,1] departure[2,2] departure[2,3] departure[2,4] departure[2,5] departure[3,1] departure[3,2] departure[3,3] departure[3,4] departure[3,5] departure[4,1] departure[4,2] departure[4,3] departure[4,4] departure[4,5] departure[5,1] departure[5,2] departure[5,3] departure[5,4] departure[5,5] arrival[1,1] arrival[1,2] arrival[1,3] arrival[1,4] arrival[1,5] arrival[2,1] arrival[2,2] arrival[2,3] arrival[2,4] arrival[2,5] arrival[3,1] arrival[3,2] arrival[3,3] arrival[3,4] arrival[3,5] arrival[4,1] arrival[4,2] arrival[4,3] arrival[4,4] arrival[4,5] arrival[5,1] arrival[5,2] arrival[5,3] arrival[5,4] arrival[5,5] finalArrival[1] finalArrival[2] finalArrival[3] finalArrival[4] finalArrival[5] sigmaLower[1,1] sigmaLower[1,2] sigmaLower[1,3] sigmaLower[1,4] sigmaLower[1,5] sigmaLower[2,1] sigmaLower[2,2] sigmaLower[2,3] sigmaLower[2,4] sigmaLower[2,5] sigmaLower[3,1] sigmaLower[3,2] sigmaLower[3,3] sigmaLower[3,4] sigmaLower[3,5] sigmaLower[4,1] sigmaLower[4,2] sigmaLower[4,3] sigmaLower[4,4] sigmaLower[4,5] sigmaLower[5,1] sigmaLower[5,2] sigmaLower[5,3] sigmaLower[5,4] sigmaLower[5,5] sigmaUpper[1,1] sigmaUpper[1,2] sigmaUpper[1,3] sigmaUpper[1,4] sigmaUpper[1,5] sigmaUpper[2,1] sigmaUpper[2,2] sigmaUpper[2,3] sigmaUpper[2,4] sigmaUpper[2,5] sigmaUpper[3,1] sigmaUpper[3,2] sigmaUpper[3,3] sigmaUpper[3,4] sigmaUpper[3,5] sigmaUpper[4,1] sigmaUpper[4,2] sigmaUpper[4,3] sigmaUpper[4,4] sigmaUpper[4,5] sigmaUpper[5,1] sigmaUpper[5,2] sigmaUpper[5,3] sigmaUpper[5,4] sigmaUpper[5,5] collect[1,1] collect[1,2] collect[1,3] collect[1,4] collect[1,5] collect[2,1] collect[2,2] collect[2,3] collect[2,4] collect[2,5] collect[3,1] collect[3,2] collect[3,3] collect[3,4] collect[3,5] collect[4,1] collect[4,2] collect[4,3] collect[4,4] collect[4,5] collect[5,1] collect[5,2] collect[5,3] collect[5,4] collect[5,5] load[1,1] load[1,2] load[1,3] load[1,4] load[1,5] load[2,1] load[2,2] load[2,3] load[2,4] load[2,5] load[3,1] load[3,2] load[3,3] load[3,4] load[3,5] load[4,1] load[4,2] load[4,3] load[4,4] load[4,5] load[5,1] load[5,2] load[5,3] load[5,4] load[5,5] dwell[1,1] dwell[1,2] dwell[1,3] dwell[1,4] dwell[1,5] dwell[2,1] dwell[2,2] dwell[2,3] dwell[2,4] dwell[2,5] dwell[3,1] dwell[3,2] dwell[3,3] dwell[3,4] dwell[3,5] dwell[4,1] dwell[4,2] dwell[4,3] dwell[4,4] dwell[4,5] dwell[5,1] dwell[5,2] dwell[5,3] dwell[5,4] dwell[5,5] objective </list>
v   <values> 0 8 29 40 45 10 30 35 42 48 24 32 39 45 50 30 43 49 58 63 40 48 57 64 69 0 5 18 34 45 0 15 35 42 48 0 32 37 44 50 0 35 49 54 63 0 45 53 62 69 45 48 50 63 69 0 0 6 14 0 0 0 29 40 0 0 30 29 40 0 0 30 39 45 0 0 43 39 58 0 0 0 29 40 0 0 30 29 40 0 0 30 39 45 0 0 43 39 58 0 40 48 56 64 1140 0 0 230 260 0 0 300 0 0 0 0 0 100 50 0 0 130 0 130 0 0 50 170 60 0 0 0 230 490 490 0 300 300 300 300 0 0 100 150 150 0 130 130 260 260 0 50 220 280 280 0 3 11 6 0 10 15 0 0 0 24 0 2 1 0 30 8 0 4 0 40 3 4 2 0 79650 </values>
v </instantiation>
c 00h19m58s | stage:objective-cut:soft-result search=step bound=80099 result=sat guard=14510589 hard=guard [LB,UB] = [0,79649]
c 00h19m58s | stage:objective-loop:enter encoder=log-scop mode=SoftCnf lower=0 upper=2850000 has_incumbent=true soft_active=true
c 00h19m58s | stage:objective-cut:soft-install bound=79649 guard=14510611 clauses_added=35
c 00h19m58s | stage:objective-cut:soft-probe search=step [LB,UB] = [0,79649] next 79649 source=install guard=14510611
c 00h19m58s | stage:sat:round-entry encoder=log-scop assumptions=1 phase_lits=1426 sat_vars=14510611 base_clauses=23856851
c 00h19m58s | stage:sat:init solver=CaDiCaL vars=14510611 clauses=23856851
c 00h19m58s | stage:sat:solve:start assumptions=1 phase_lits=1426
s SATISFIABLE
o 79650
v <instantiation>
v   <list> departure[1,1] departure[1,2] departure[1,3] departure[1,4] departure[1,5] departure[2,1] departure[2,2] departure[2,3] departure[2,4] departure[2,5] departure[3,1] departure[3,2] departure[3,3] departure[3,4] departure[3,5] departure[4,1] departure[4,2] departure[4,3] departure[4,4] departure[4,5] departure[5,1] departure[5,2] departure[5,3] departure[5,4] departure[5,5] arrival[1,1] arrival[1,2] arrival[1,3] arrival[1,4] arrival[1,5] arrival[2,1] arrival[2,2] arrival[2,3] arrival[2,4] arrival[2,5] arrival[3,1] arrival[3,2] arrival[3,3] arrival[3,4] arrival[3,5] arrival[4,1] arrival[4,2] arrival[4,3] arrival[4,4] arrival[4,5] arrival[5,1] arrival[5,2] arrival[5,3] arrival[5,4] arrival[5,5] finalArrival[1] finalArrival[2] finalArrival[3] finalArrival[4] finalArrival[5] sigmaLower[1,1] sigmaLower[1,2] sigmaLower[1,3] sigmaLower[1,4] sigmaLower[1,5] sigmaLower[2,1] sigmaLower[2,2] sigmaLower[2,3] sigmaLower[2,4] sigmaLower[2,5] sigmaLower[3,1] sigmaLower[3,2] sigmaLower[3,3] sigmaLower[3,4] sigmaLower[3,5] sigmaLower[4,1] sigmaLower[4,2] sigmaLower[4,3] sigmaLower[4,4] sigmaLower[4,5] sigmaLower[5,1] sigmaLower[5,2] sigmaLower[5,3] sigmaLower[5,4] sigmaLower[5,5] sigmaUpper[1,1] sigmaUpper[1,2] sigmaUpper[1,3] sigmaUpper[1,4] sigmaUpper[1,5] sigmaUpper[2,1] sigmaUpper[2,2] sigmaUpper[2,3] sigmaUpper[2,4] sigmaUpper[2,5] sigmaUpper[3,1] sigmaUpper[3,2] sigmaUpper[3,3] sigmaUpper[3,4] sigmaUpper[3,5] sigmaUpper[4,1] sigmaUpper[4,2] sigmaUpper[4,3] sigmaUpper[4,4] sigmaUpper[4,5] sigmaUpper[5,1] sigmaUpper[5,2] sigmaUpper[5,3] sigmaUpper[5,4] sigmaUpper[5,5] collect[1,1] collect[1,2] collect[1,3] collect[1,4] collect[1,5] collect[2,1] collect[2,2] collect[2,3] collect[2,4] collect[2,5] collect[3,1] collect[3,2] collect[3,3] collect[3,4] collect[3,5] collect[4,1] collect[4,2] collect[4,3] collect[4,4] collect[4,5] collect[5,1] collect[5,2] collect[5,3] collect[5,4] collect[5,5] load[1,1] load[1,2] load[1,3] load[1,4] load[1,5] load[2,1] load[2,2] load[2,3] load[2,4] load[2,5] load[3,1] load[3,2] load[3,3] load[3,4] load[3,5] load[4,1] load[4,2] load[4,3] load[4,4] load[4,5] load[5,1] load[5,2] load[5,3] load[5,4] load[5,5] dwell[1,1] dwell[1,2] dwell[1,3] dwell[1,4] dwell[1,5] dwell[2,1] dwell[2,2] dwell[2,3] dwell[2,4] dwell[2,5] dwell[3,1] dwell[3,2] dwell[3,3] dwell[3,4] dwell[3,5] dwell[4,1] dwell[4,2] dwell[4,3] dwell[4,4] dwell[4,5] dwell[5,1] dwell[5,2] dwell[5,3] dwell[5,4] dwell[5,5] objective </list>
v   <values> 0 8 29 40 45 10 30 35 42 48 24 32 39 45 50 30 43 49 58 63 40 48 57 64 69 0 5 18 34 45 0 15 35 42 48 0 32 37 44 50 0 35 49 54 63 0 45 53 62 69 45 48 50 63 69 0 0 6 14 0 0 0 29 40 0 0 30 29 40 0 0 30 39 45 0 0 43 39 58 0 0 0 29 40 0 0 30 29 40 0 0 30 39 45 0 0 43 39 58 0 40 48 56 64 1140 0 0 230 260 0 0 300 0 0 0 0 0 100 50 0 0 130 0 130 0 0 50 170 60 0 0 0 230 490 490 0 300 300 300 300 0 0 100 150 150 0 130 130 260 260 0 50 220 280 280 0 3 11 6 0 10 15 0 0 0 24 0 2 1 0 30 8 0 4 0 40 3 4 2 0 79650 </values>
v </instantiation>
d OBJECTIVE_VALUE 79650
d OPTIMAL 0
d OBJECTIVE_ROUNDS 51
d OBJECTIVE_IMPROVEMENTS 50
d COP_INCUMBENT_ELAPSED_MS 1198075
d SOLVE_ELAPSED_MS 1199959
d CURRENT_STAGE sat
d CURRENT_STAGE_ELAPSED_MS 1883
d LAST_COMPLETED_STAGE decode
d STAGE_PARSE_STATUS pending
d STAGE_PROPAGATE_STATUS done
d STAGE_NORMALIZE_STATUS done
d STAGE_LOWER_STATUS done
d STAGE_POST_LOWER_STATUS done
d STAGE_PREENCODE_STATUS done
d STAGE_ENCODE_STATUS done
d STAGE_SAT_STATUS running
d STAGE_DECODE_STATUS done
d STAGE_RELAXATION_STATUS pending
d STAGE_DUMP_CNF_STATUS pending
d SOURCE_CONSTRAINTS 350
d NORMALIZED_CONSTRAINTS 350
d LOWERED_CONSTRAINTS 350
d UNSUPPORTED_CONSTRAINTS 0
d SAT_VARS 14509520
d SAT_CLAUSES_BASE 23855158
d SAT_CLAUSES_FINAL 23855158
d SAT_CLAUSES_CEGAR_DELTA 0
d MEMORY_RSS_BYTES 7758692352
d MEMORY_RSS_AFTER_PROPAGATE_BYTES 6672384
d MEMORY_RSS_AFTER_LOWER_BYTES 8019968
d MEMORY_RSS_AFTER_POST_LOWER_BYTES 8019968
d MEMORY_RSS_BEFORE_PREENCODE_BYTES 8359936
d MEMORY_RSS_AFTER_PREENCODE_BYTES 8359936
d MEMORY_RSS_BEFORE_ENCODE_BYTES 8359936
d MEMORY_RSS_ENCODE_SAMPLE_INTERVAL_CLAUSES 1000000
d MEMORY_RSS_ENCODE_SAMPLE_COUNT 33
d MEMORY_RSS_ENCODE_LAST_SAMPLE_CLAUSE 23855158
d MEMORY_RSS_ENCODE_LAST_SAMPLE_BYTES 7758692352
d MEMORY_RSS_ENCODE_MAX_SAMPLE_BYTES 7758692352
d CSP_INT_VARS 181
d CSP_CONSTRAINTS 350
d CSP_INTENTIONAL 350
d CSP_GLOBAL 0
d CSP_EXTENSIONAL 0
d CSP_ALLDIFF 0
d CSP_CUMULATIVE 0
d CSP_TABLE 0
d CSP_DOMAIN_SPAN_MEDIAN 1140
d CSP_DOMAIN_SPAN_MAX 2850000
d N_CUMULATIVE 0
d N_TABLE 0
d SAT_CONFLICTS 89380
d LINEAR_INT_EQ_ARITY_STATS {"1":{"count":2591,"max_domain_product_excluding_one_var":"1","p95_domain_product_excluding_one_var":"1"},"2":{"count":2555,"max_domain_product_excluding_one_var":"1141","p95_domain_product_excluding_one_var":"1112"},"3":{"count":60,"max_domain_product_excluding_one_var":"1236544","p95_domain_product_excluding_one_var":"1204450"},"6":{"count":1,"max_domain_product_excluding_one_var":"60169733501901933249002850001","p95_domain_product_excluding_one_var":"60169733501901933249002850001"}}
d LINEAR_INT_NE_ARITY_STATS {}
d LINEAR_INT_GE_ARITY_STATS {"1":{"count":86,"max_domain_product_excluding_one_var":"1","p95_domain_product_excluding_one_var":"1"},"2":{"count":181,"max_domain_product_excluding_one_var":"1141","p95_domain_product_excluding_one_var":"1112"},"3":{"count":25,"max_domain_product_excluding_one_var":"56457","p95_domain_product_excluding_one_var":"56304"}}
d LINEAR_BOOL_MIXED_ARITY_STATS {}
d ROOT_LP_ENTERED 1
d ROOT_LP_STATUS optimal
d OBJECTIVE_NAIVE_LOWER 0
d OBJECTIVE_NAIVE_UPPER 2850000
d OBJECTIVE_LP_LOWER 0
d OBJECTIVE_LP_UPPER 2850000
d ROOT_LP_IMPROVED 0
d ROOT_LP_MS 46
d ROOT_LP_ROWS 320
d ROOT_LP_VARS 321
d ROOT_LP_STRUCTURED_OBJECTIVE_TERMS 0
d ROOT_LP_STRUCTURED_OBJECTIVE_AUX_VARS 0
d ROOT_LP_STRUCTURED_OBJECTIVE_ROWS 0
d ROOT_LP_NATIVE_GATE_GE_TOTAL 292
d ROOT_LP_NATIVE_GATE_EQ_TOTAL 5207
d ROOT_LP_NATIVE_GATE_GE_MAX_ARITY 3
d ROOT_LP_NATIVE_GATE_GE_MAX_DOMAIN_PRODUCT 56457
d ROOT_LP_NATIVE_GATE_BOOL_MIXED_MAX_ARITY 0
d ROOT_LP_OBJECTIVE_VALUE 0
d OBJECTIVE_CUT_TIMING incremental-soft
d OBJECTIVE_CUT_BACKEND cnf
d OBJECTIVE_CUT_FORM direct-expr
d PROPAGATE_PRUNED_VALUES 0
d PROPAGATE_CHANGED_DOMAINS 0
d PROPAGATE_ENTAILED_TABLES 0
d POST_LOWER_ROUNDS 221
d POST_LOWER_TIGHTENED_DOMAINS 359
d POST_LOWER_REMOVED_CLAUSES 97
d POST_LOWER_REMOVED_LITS 25
d POST_LOWER_DETECTED_UNSAT 0
d PREENCODE_INT_VARS 206
d ENCODE_EXTERNAL_GE_SPECS 0
d ENCODE_RELAXED_CIRCUITS 0
d LOG_SCOP_LINEAR_PB_CONSTRAINTS 10444
d LOG_SCOP_LINEAR_PB_MIXED_DISPATCH_CONSTRAINTS 0
d LOG_SCOP_LINEAR_PB_MIXED_ATTEMPT_BDD 0
d LOG_SCOP_LINEAR_PB_MIXED_ATTEMPT_SORTER 0
d LOG_SCOP_LINEAR_PB_MIXED_ATTEMPT_DADDA 0
d LOG_SCOP_LINEAR_PB_MIXED_REJECT_BDD_BUDGET 0
d LOG_SCOP_LINEAR_PB_MIXED_REJECT_SORTER_BUDGET 0
d LOG_SCOP_LINEAR_PB_MIXED_FALLBACK_BDD_TO_SORTER 0
d LOG_SCOP_LINEAR_PB_MIXED_FALLBACK_BDD_TO_DADDA 0
d LOG_SCOP_LINEAR_PB_MIXED_FALLBACK_SORTER_TO_BDD 0
d LOG_SCOP_LINEAR_PB_MIXED_FALLBACK_SORTER_TO_DADDA 0
d LOG_SCOP_LINEAR_PB_BACKEND_BDD2 10444
d LOG_SCOP_LINEAR_PB_BACKEND_BDD3 0
d LOG_SCOP_LINEAR_PB_BACKEND_SORTER 0
d LOG_SCOP_LINEAR_PB_BACKEND_DADDA 0
d LOG_SCOP_LINEAR_PB_BDD_DECOMPOSITION_RAW 10444
d LOG_SCOP_LINEAR_PB_BDD_DECOMPOSITION_BINARY 0
d LOG_SCOP_LINEAR_PB_BDD_DECOMPOSITION_MULTIBASE 0
d MEMORY_RSS_BYTES 7758692352
d MEMORY_RSS_AFTER_PROPAGATE_BYTES 6672384
d MEMORY_RSS_AFTER_LOWER_BYTES 8019968
d MEMORY_RSS_AFTER_POST_LOWER_BYTES 8019968
d MEMORY_RSS_BEFORE_PREENCODE_BYTES 8359936
d MEMORY_RSS_AFTER_PREENCODE_BYTES 8359936
d MEMORY_RSS_BEFORE_ENCODE_BYTES 8359936
d MEMORY_RSS_ENCODE_SAMPLE_INTERVAL_CLAUSES 1000000
d MEMORY_RSS_ENCODE_SAMPLE_COUNT 33
d MEMORY_RSS_ENCODE_LAST_SAMPLE_CLAUSE 23855158
d MEMORY_RSS_ENCODE_LAST_SAMPLE_BYTES 7758692352
d MEMORY_RSS_ENCODE_MAX_SAMPLE_BYTES 7758692352
d DECODE_INT_ASSIGNMENTS 181
d CIRCUIT_CEGAR_FAILURES 0
d CIRCUIT_CEGAR_ROUNDS 0
d CIRCUIT_CEGAR_ADDED_CLAUSES 0
d CUMULATIVE_CEGAR_FAILURES 0
d CUMULATIVE_CEGAR_ROUNDS 0
d CUMULATIVE_CEGAR_ADDED_CLAUSES 0
d COP_CEGAR_FAILURES 0
d COP_CEGAR_ROUNDS 0
d COP_CEGAR_ADDED_CLAUSES 0
d CSV /bench/2014/train/train.mzn,sat,350,350,350,0,14509520,23855158,1199959,,,,,,,1,optimal,0,2850000,0,2850000,0,46,320,321,0,0,0,0,timeout_signal,incumbent_interrupted_by_signal
signal=15; emitted incumbent csv row
c run_end_local: 2026-06-20 21:14:41 +0900
