c cmd: /host-parser-bin/kat_xcsp_40f9aa91ad76_csp800_20260526 /bench/competition/2022-2025/CSP22to25/TilingRythmicCanons1-21_c25.xml.lzma --eq-ne-encoding direct --direct-eq-ne-max-arity 2 --table-encoding mdd-tl --progress --encoder portfolio --portfolio-strategy v2 --order-ge-shorten-link-cost --log-scop-linear-pb-backend auto --log-scop-bdd-decomposition auto --log-scop-aggregate-weighted-lits
c version: kat-cli=0.1.0 git=40f9aa91ad76-clean
c run_start_local: 2026-05-27 10:08:15 +0900
c 00h00m00s | solve:start
c 00h00m00s | input: constraints=998
c 00h00m00s | stage:propagate:start
c 00h00m00s | stage:propagate:done ms=15 pruned=13440 changed_domains=88 entailed_tables=0
c 00h00m00s | memory:rss checkpoint=after_propagate bytes=294903808
c 00h00m00s | stage:normalize:start
c 00h00m00s | stage:normalize:done ms=0 high_constraints=998
c 00h00m00s | stage:lower:start
c 00h00m00s | stage:lower:progress percent=10 processed=100 total=998 lowered=100 unsupported=0 ms=2
c 00h00m00s | stage:lower:progress percent=20 processed=200 total=998 lowered=200 unsupported=0 ms=2
c 00h00m00s | stage:lower:progress percent=30 processed=300 total=998 lowered=300 unsupported=0 ms=3
c 00h00m00s | stage:lower:progress percent=40 processed=400 total=998 lowered=400 unsupported=0 ms=4
c 00h00m00s | stage:lower:progress percent=50 processed=499 total=998 lowered=499 unsupported=0 ms=5
c 00h00m00s | stage:lower:progress percent=60 processed=599 total=998 lowered=599 unsupported=0 ms=6
c 00h00m00s | stage:lower:progress percent=70 processed=699 total=998 lowered=699 unsupported=0 ms=7
c 00h00m00s | stage:lower:progress percent=80 processed=799 total=998 lowered=799 unsupported=0 ms=8
c 00h00m02s | stage:lower:progress percent=90 processed=899 total=998 lowered=899 unsupported=0 ms=2180
c 00h00m02s | stage:lower:progress percent=100 processed=998 total=998 lowered=998 unsupported=0 ms=2181
c 00h00m02s | stage:lower:done ms=2408 lowered=998 unsupported=0
c 00h00m02s | memory:rss checkpoint=after_lower bytes=329764864
c 00h00m02s | stage:post_lower:start
c 00h00m17s | stage:post_lower:done ms=15023 rounds=9291 tightened=163715 removed_cls=335946 removed_lits=6637 unsat=false precise_hits=996185 precise_rounds=3 pivot_recomputes=24381 pivot_exact_attempts=10967 pivot_general_attempts=15094 pivot_general_rest_missing=0 pivot_general_bound_missing=0 pivot_general_no_change=15094 pivot_general_tightened=0 setup_ms=341 loop_ms=129 pivot_ms=0 pivot_version_ms=0 pivot_exact_ms=0 pivot_general_ms=0 pivot_general_prepare_ms=0 pivot_general_rest_ms=0 pivot_general_derive_ms=0 apply_ms=45 sat_ms=0 precise_ms=14386
c 00h00m17s | memory:rss checkpoint=after_post_lower bytes=693288960
c 00h00m17s | stage:preencode(log-scop):linear-extprop constraints=4
c 00h00m17s | memory:rss checkpoint=before_preencode bytes=704798720
c 00h00m17s | stage:preencode(log-scop):start
c 00h00m17s | stage:preencode(log-scop):done ms=167 int_vars=331384
c 00h00m17s | memory:rss checkpoint=after_preencode bytes=704847872
c 00h00m17s | memory:rss checkpoint=before_encode bytes=704847872
c 00h00m17s | stage:encode(log-scop):start
c 00h00m19s | memory:rss checkpoint=encode_clause_sample stage=log-scop clauses=1000000 bytes=1409048576 interval_clauses=1000000
c 00h00m19s | memory:rss checkpoint=encode_clause_sample stage=log-scop clauses=2000000 bytes=1513279488 interval_clauses=1000000
c 00h00m19s | memory:rss checkpoint=encode_clause_sample stage=log-scop clauses=3000000 bytes=1615523840 interval_clauses=1000000
c 00h00m20s | memory:rss checkpoint=encode_clause_sample stage=log-scop clauses=4000000 bytes=2278178816 interval_clauses=1000000
c 00h00m20s | memory:rss checkpoint=encode_clause_sample stage=log-scop clauses=5000000 bytes=2343616512 interval_clauses=1000000
c 00h00m21s | memory:rss checkpoint=encode_clause_sample stage=log-scop clauses=6000000 bytes=2447847424 interval_clauses=1000000
c 00h00m21s | memory:rss checkpoint=encode_clause_sample stage=log-scop clauses=7000000 bytes=2552303616 interval_clauses=1000000
c 00h00m22s | memory:rss checkpoint=encode_clause_sample stage=log-scop clauses=8000000 bytes=2665541632 interval_clauses=1000000
c 00h00m22s | memory:rss checkpoint=encode_clause_sample stage=log-scop clauses=9000000 bytes=2772262912 interval_clauses=1000000
c 00h00m22s | memory:rss checkpoint=encode_clause_sample stage=log-scop clauses=10000000 bytes=2882883584 interval_clauses=1000000
c 00h00m23s | memory:rss checkpoint=encode_clause_sample stage=log-scop clauses=11000000 bytes=2988576768 interval_clauses=1000000
c 00h00m23s | memory:rss checkpoint=encode_clause_sample stage=log-scop clauses=12000000 bytes=3101298688 interval_clauses=1000000
c 00h00m23s | memory:rss checkpoint=encode_clause_sample stage=log-scop clauses=13000000 bytes=3213803520 interval_clauses=1000000
c 00h00m24s | memory:rss checkpoint=encode_clause_sample stage=log-scop clauses=14000000 bytes=3319496704 interval_clauses=1000000
c 00h00m24s | memory:rss checkpoint=encode_clause_sample stage=log-scop clauses=15000000 bytes=3425447936 interval_clauses=1000000
c 00h00m24s | memory:rss checkpoint=encode_clause_sample stage=log-scop clauses=16000000 bytes=3530444800 interval_clauses=1000000
c 00h00m25s | memory:rss checkpoint=encode_clause_sample stage=log-scop clauses=17000000 bytes=3633410048 interval_clauses=1000000
c 00h00m25s | memory:rss checkpoint=encode_clause_sample stage=log-scop clauses=18000000 bytes=3736457216 interval_clauses=1000000
c 00h00m25s | memory:rss checkpoint=encode_clause_sample stage=log-scop clauses=19000000 bytes=3857510400 interval_clauses=1000000
c 00h00m26s | memory:rss checkpoint=encode_clause_sample stage=log-scop clauses=20000000 bytes=5013774336 interval_clauses=1000000
c 00h00m26s | memory:rss checkpoint=encode_clause_sample stage=log-scop clauses=21000000 bytes=5103607808 interval_clauses=1000000
c 00h00m27s | memory:rss checkpoint=encode_clause_sample stage=log-scop clauses=22000000 bytes=5207089152 interval_clauses=1000000
c 00h00m27s | memory:rss checkpoint=encode_clause_sample stage=log-scop clauses=23000000 bytes=5307412480 interval_clauses=1000000
c 00h00m27s | memory:rss checkpoint=encode_clause_sample stage=log-scop clauses=24000000 bytes=5416058880 interval_clauses=1000000
c 00h00m28s | memory:rss checkpoint=encode_clause_sample stage=log-scop clauses=25000000 bytes=5518245888 interval_clauses=1000000
c 00h00m28s | memory:rss checkpoint=encode_clause_sample stage=log-scop clauses=26000000 bytes=5621202944 interval_clauses=1000000
c 00h00m28s | memory:rss checkpoint=encode_clause_sample stage=log-scop clauses=27000000 bytes=5721346048 interval_clauses=1000000
c 00h00m29s | memory:rss checkpoint=encode_clause_sample stage=log-scop clauses=28000000 bytes=5830266880 interval_clauses=1000000
c 00h00m29s | memory:rss checkpoint=encode_clause_sample stage=log-scop clauses=29000000 bytes=5932437504 interval_clauses=1000000
c 00h00m29s | memory:rss checkpoint=encode_clause_sample stage=log-scop clauses=30000000 bytes=6035152896 interval_clauses=1000000
c 00h00m30s | memory:rss checkpoint=encode_clause_sample stage=log-scop clauses=31000000 bytes=6143262720 interval_clauses=1000000
c 00h00m30s | memory:rss checkpoint=encode_clause_sample stage=log-scop clauses=32000000 bytes=6281670656 interval_clauses=1000000
c 00h00m30s | memory:rss checkpoint=encode_clause_sample stage=log-scop clauses=33000000 bytes=6381924352 interval_clauses=1000000
c 00h00m31s | memory:rss checkpoint=encode_clause_sample stage=log-scop clauses=34000000 bytes=6484635648 interval_clauses=1000000
c 00h00m31s | memory:rss checkpoint=encode_clause_sample stage=log-scop clauses=35000000 bytes=6592761856 interval_clauses=1000000
c 00h00m31s | memory:rss checkpoint=encode_clause_sample stage=log-scop clauses=36000000 bytes=6695481344 interval_clauses=1000000
c 00h00m32s | memory:rss checkpoint=encode_clause_sample stage=log-scop clauses=37000000 bytes=6797922304 interval_clauses=1000000
c 00h00m32s | memory:rss checkpoint=encode_clause_sample stage=log-scop clauses=38000000 bytes=6898868224 interval_clauses=1000000
c 00h00m32s | memory:rss checkpoint=encode_clause_sample stage=log-scop clauses=39000000 bytes=7011004416 interval_clauses=1000000
c 00h00m33s | memory:rss checkpoint=encode_clause_sample stage=log-scop clauses=40000000 bytes=7113715712 interval_clauses=1000000
c 00h00m33s | memory:rss checkpoint=encode_clause_sample stage=log-scop clauses=41000000 bytes=7215878144 interval_clauses=1000000
c 00h00m33s | memory:rss checkpoint=encode_clause_sample stage=log-scop clauses=42000000 bytes=7318867968 interval_clauses=1000000
c 00h00m34s | memory:rss checkpoint=encode_clause_sample stage=log-scop clauses=43000000 bytes=7426994176 interval_clauses=1000000
c 00h00m34s | memory:rss checkpoint=encode_clause_sample stage=log-scop clauses=44000000 bytes=7527890944 interval_clauses=1000000
c 00h00m34s | memory:rss checkpoint=encode_clause_sample stage=log-scop clauses=45000000 bytes=7629799424 interval_clauses=1000000
c 00h00m35s | memory:rss checkpoint=encode_clause_sample stage=log-scop clauses=46000000 bytes=7732785152 interval_clauses=1000000
c 00h00m35s | memory:rss checkpoint=encode_clause_sample stage=log-scop clauses=47000000 bytes=7840907264 interval_clauses=1000000
c 00h00m35s | memory:rss checkpoint=encode_clause_sample stage=log-scop clauses=48000000 bytes=7941603328 interval_clauses=1000000
c 00h00m36s | memory:rss checkpoint=encode_clause_sample stage=log-scop clauses=49000000 bytes=8043741184 interval_clauses=1000000
c 00h00m36s | memory:rss checkpoint=encode_clause_sample stage=log-scop clauses=50000000 bytes=8146866176 interval_clauses=1000000
c 00h00m37s | memory:rss checkpoint=encode_clause_sample stage=log-scop clauses=51000000 bytes=8255074304 interval_clauses=1000000
c 00h00m37s | memory:rss checkpoint=encode_clause_sample stage=log-scop clauses=52000000 bytes=8358060032 interval_clauses=1000000
c 00h00m37s | memory:rss checkpoint=encode_clause_sample stage=log-scop clauses=53000000 bytes=8458215424 interval_clauses=1000000
c 00h00m38s | memory:rss checkpoint=encode_clause_sample stage=log-scop clauses=54000000 bytes=8561168384 interval_clauses=1000000
c 00h00m38s | memory:rss checkpoint=encode_clause_sample stage=log-scop clauses=55000000 bytes=8669888512 interval_clauses=1000000
c 00h00m38s | memory:rss checkpoint=encode_clause_sample stage=log-scop clauses=56000000 bytes=8772751360 interval_clauses=1000000
c 00h00m39s | memory:rss checkpoint=encode_clause_sample stage=log-scop clauses=57000000 bytes=8946466816 interval_clauses=1000000
c 00h00m39s | memory:rss checkpoint=encode_clause_sample stage=log-scop clauses=58000000 bytes=9055420416 interval_clauses=1000000
c 00h00m40s | memory:rss checkpoint=encode_clause_sample stage=log-scop clauses=59000000 bytes=9155903488 interval_clauses=1000000
c 00h00m40s | memory:rss checkpoint=encode_clause_sample stage=log-scop clauses=60000000 bytes=9258893312 interval_clauses=1000000
c 00h00m40s | memory:rss checkpoint=encode_clause_sample stage=log-scop clauses=61000000 bytes=9361342464 interval_clauses=1000000
c 00h00m41s | memory:rss checkpoint=encode_clause_sample stage=log-scop clauses=62000000 bytes=9470279680 interval_clauses=1000000
c 00h00m41s | memory:rss checkpoint=encode_clause_sample stage=log-scop clauses=63000000 bytes=9572728832 interval_clauses=1000000
c 00h00m41s | memory:rss checkpoint=encode_clause_sample stage=log-scop clauses=64000000 bytes=9673625600 interval_clauses=1000000
c 00h00m42s | memory:rss checkpoint=encode_clause_sample stage=log-scop clauses=65000000 bytes=9776054272 interval_clauses=1000000
c 00h00m42s | memory:rss checkpoint=encode_clause_sample stage=log-scop clauses=66000000 bytes=9884971008 interval_clauses=1000000
c 00h00m42s | memory:rss checkpoint=encode_clause_sample stage=log-scop clauses=67000000 bytes=9987690496 interval_clauses=1000000
c 00h00m43s | memory:rss checkpoint=encode_clause_sample stage=log-scop clauses=68000000 bytes=10090680320 interval_clauses=1000000
c 00h00m43s | memory:rss checkpoint=encode_clause_sample stage=log-scop clauses=69000000 bytes=10190999552 interval_clauses=1000000
c 00h00m43s | memory:rss checkpoint=encode_clause_sample stage=log-scop clauses=70000000 bytes=10299920384 interval_clauses=1000000
c 00h00m44s | memory:rss checkpoint=encode_clause_sample stage=log-scop clauses=71000000 bytes=10403426304 interval_clauses=1000000
c 00h00m44s | memory:rss checkpoint=encode_clause_sample stage=log-scop clauses=72000000 bytes=10506133504 interval_clauses=1000000
c 00h00m44s | memory:rss checkpoint=encode_clause_sample stage=log-scop clauses=73000000 bytes=10606460928 interval_clauses=1000000
c 00h00m45s | memory:rss checkpoint=encode_clause_sample stage=log-scop clauses=74000000 bytes=10715332608 interval_clauses=1000000
c 00h00m45s | memory:rss checkpoint=encode_clause_sample stage=log-scop clauses=75000000 bytes=10817482752 interval_clauses=1000000
c 00h00m45s | memory:rss checkpoint=encode_clause_sample stage=log-scop clauses=76000000 bytes=10920460288 interval_clauses=1000000
c 00h00m46s | memory:rss checkpoint=encode_clause_sample stage=log-scop clauses=77000000 bytes=11025883136 interval_clauses=1000000
c 00h00m46s | memory:rss checkpoint=encode_clause_sample stage=log-scop clauses=78000000 bytes=11137253376 interval_clauses=1000000
c 00h00m46s | memory:rss checkpoint=encode_clause_sample stage=log-scop clauses=79000000 bytes=11238961152 interval_clauses=1000000
c 00h00m47s | memory:rss checkpoint=encode_clause_sample stage=log-scop clauses=80000000 bytes=11342761984 interval_clauses=1000000
c 00h00m47s | memory:rss checkpoint=encode_clause_sample stage=log-scop clauses=81000000 bytes=11446833152 interval_clauses=1000000
c 00h00m47s | memory:rss checkpoint=encode_clause_sample stage=log-scop clauses=82000000 bytes=11556851712 interval_clauses=1000000
c 00h00m47s | memory:rss checkpoint=encode_clause_sample stage=log-scop clauses=83000000 bytes=11660566528 interval_clauses=1000000
c 00h00m48s | memory:rss checkpoint=encode_clause_sample stage=log-scop clauses=84000000 bytes=11762434048 interval_clauses=1000000
c 00h00m48s | memory:rss checkpoint=encode_clause_sample stage=log-scop clauses=85000000 bytes=11866128384 interval_clauses=1000000
c 00h00m50s | memory:rss checkpoint=encode_clause_sample stage=log-scop clauses=86000000 bytes=14063013888 interval_clauses=1000000
c 00h00m50s | memory:rss checkpoint=encode_clause_sample stage=log-scop clauses=87000000 bytes=14150135808 interval_clauses=1000000
c 00h00m50s | memory:rss checkpoint=encode_clause_sample stage=log-scop clauses=88000000 bytes=14253936640 interval_clauses=1000000
c 00h00m51s | memory:rss checkpoint=encode_clause_sample stage=log-scop clauses=89000000 bytes=14364049408 interval_clauses=1000000
c 00h00m51s | memory:rss checkpoint=encode_clause_sample stage=log-scop clauses=90000000 bytes=14465757184 interval_clauses=1000000
c 00h00m51s | memory:rss checkpoint=encode_clause_sample stage=log-scop clauses=91000000 bytes=14569545728 interval_clauses=1000000
c 00h00m52s | memory:rss checkpoint=encode_clause_sample stage=log-scop clauses=92000000 bytes=14673297408 interval_clauses=1000000
c 00h00m52s | memory:rss checkpoint=encode_clause_sample stage=log-scop clauses=93000000 bytes=14783586304 interval_clauses=1000000
c 00h00m52s | memory:rss checkpoint=encode_clause_sample stage=log-scop clauses=94000000 bytes=14887387136 interval_clauses=1000000
c 00h00m52s | memory:rss checkpoint=encode_clause_sample stage=log-scop clauses=95000000 bytes=14989094912 interval_clauses=1000000
c 00h00m53s | memory:rss checkpoint=encode_clause_sample stage=log-scop clauses=96000000 bytes=15092895744 interval_clauses=1000000
c 00h00m53s | memory:rss checkpoint=encode_clause_sample stage=log-scop clauses=97000000 bytes=15203184640 interval_clauses=1000000
c 00h00m53s | memory:rss checkpoint=encode_clause_sample stage=log-scop clauses=98000000 bytes=15306985472 interval_clauses=1000000
c 00h00m54s | memory:rss checkpoint=encode_clause_sample stage=log-scop clauses=99000000 bytes=15410786304 interval_clauses=1000000
c 00h00m54s | memory:rss checkpoint=encode_clause_sample stage=log-scop clauses=100000000 bytes=15512494080 interval_clauses=1000000
c 00h00m54s | memory:rss checkpoint=encode_clause_sample stage=log-scop clauses=101000000 bytes=15622782976 interval_clauses=1000000
c 00h00m55s | memory:rss checkpoint=encode_clause_sample stage=log-scop clauses=102000000 bytes=15726583808 interval_clauses=1000000
c 00h00m55s | memory:rss checkpoint=encode_clause_sample stage=log-scop clauses=103000000 bytes=15973072896 interval_clauses=1000000
c 00h00m56s | memory:rss checkpoint=encode_clause_sample stage=log-scop clauses=104000000 bytes=16076873728 interval_clauses=1000000
c 00h00m56s | memory:rss checkpoint=encode_clause_sample stage=log-scop clauses=105000000 bytes=16186957824 interval_clauses=1000000
c 00h00m56s | memory:rss checkpoint=encode_clause_sample stage=log-scop clauses=106000000 bytes=16288665600 interval_clauses=1000000
c 00h00m57s | memory:rss checkpoint=encode_clause_sample stage=log-scop clauses=107000000 bytes=16392466432 interval_clauses=1000000
c 00h00m57s | memory:rss checkpoint=encode_clause_sample stage=log-scop clauses=108000000 bytes=16496537600 interval_clauses=1000000
c 00h00m57s | memory:rss checkpoint=encode_clause_sample stage=log-scop clauses=109000000 bytes=16606556160 interval_clauses=1000000
c 00h00m58s | memory:rss checkpoint=encode_clause_sample stage=log-scop clauses=110000000 bytes=16710356992 interval_clauses=1000000
c 00h00m58s | memory:rss checkpoint=encode_clause_sample stage=log-scop clauses=111000000 bytes=16812064768 interval_clauses=1000000
c 00h00m58s | memory:rss checkpoint=encode_clause_sample stage=log-scop clauses=112000000 bytes=16915865600 interval_clauses=1000000
c 00h00m58s | memory:rss checkpoint=encode_clause_sample stage=log-scop clauses=113000000 bytes=17025884160 interval_clauses=1000000
c 00h00m59s | memory:rss checkpoint=encode_clause_sample stage=log-scop clauses=114000000 bytes=17129684992 interval_clauses=1000000
c 00h00m59s | memory:rss checkpoint=encode_clause_sample stage=log-scop clauses=115000000 bytes=17233477632 interval_clauses=1000000
c 00h00m59s | memory:rss checkpoint=encode_clause_sample stage=log-scop clauses=116000000 bytes=17343496192 interval_clauses=1000000
c 00h01m00s | memory:rss checkpoint=encode_clause_sample stage=log-scop clauses=117000000 bytes=17445203968 interval_clauses=1000000
c 00h01m00s | memory:rss checkpoint=encode_clause_sample stage=log-scop clauses=118000000 bytes=17549004800 interval_clauses=1000000
c 00h01m00s | memory:rss checkpoint=encode_clause_sample stage=log-scop clauses=119000000 bytes=17652805632 interval_clauses=1000000
c 00h01m01s | memory:rss checkpoint=encode_clause_sample stage=log-scop clauses=120000000 bytes=17762824192 interval_clauses=1000000
c 00h01m01s | memory:rss checkpoint=encode_clause_sample stage=log-scop clauses=121000000 bytes=17866625024 interval_clauses=1000000
c 00h01m01s | memory:rss checkpoint=encode_clause_sample stage=log-scop clauses=122000000 bytes=17968332800 interval_clauses=1000000
c 00h01m02s | memory:rss checkpoint=encode_clause_sample stage=log-scop clauses=123000000 bytes=18071863296 interval_clauses=1000000
c 00h01m02s | memory:rss checkpoint=encode_clause_sample stage=log-scop clauses=124000000 bytes=18182152192 interval_clauses=1000000
c 00h01m02s | memory:rss checkpoint=encode_clause_sample stage=log-scop clauses=125000000 bytes=18285953024 interval_clauses=1000000
c 00h01m03s | memory:rss checkpoint=encode_clause_sample stage=log-scop clauses=126000000 bytes=18389483520 interval_clauses=1000000
c 00h01m03s | memory:rss checkpoint=encode_clause_sample stage=log-scop clauses=127000000 bytes=18491191296 interval_clauses=1000000
c 00h01m03s | memory:rss checkpoint=encode_clause_sample stage=log-scop clauses=128000000 bytes=18601209856 interval_clauses=1000000
c 00h01m04s | memory:rss checkpoint=encode_clause_sample stage=log-scop clauses=129000000 bytes=18705010688 interval_clauses=1000000
c 00h01m04s | memory:rss checkpoint=encode_clause_sample stage=log-scop clauses=130000000 bytes=18808811520 interval_clauses=1000000
c 00h01m04s | memory:rss checkpoint=encode_clause_sample stage=log-scop clauses=131000000 bytes=18912612352 interval_clauses=1000000
c 00h01m04s | memory:rss checkpoint=encode_clause_sample stage=log-scop clauses=132000000 bytes=19022630912 interval_clauses=1000000
c 00h01m05s | memory:rss checkpoint=encode_clause_sample stage=log-scop clauses=133000000 bytes=19124310016 interval_clauses=1000000
c 00h01m05s | memory:rss checkpoint=encode_clause_sample stage=log-scop clauses=134000000 bytes=19228110848 interval_clauses=1000000
c 00h01m06s | memory:rss checkpoint=encode_clause_sample stage=log-scop clauses=135000000 bytes=19331702784 interval_clauses=1000000
c 00h01m06s | memory:rss checkpoint=encode_clause_sample stage=log-scop clauses=136000000 bytes=19441987584 interval_clauses=1000000
c 00h01m06s | memory:rss checkpoint=encode_clause_sample stage=log-scop clauses=137000000 bytes=19545788416 interval_clauses=1000000
c 00h01m07s | memory:rss checkpoint=encode_clause_sample stage=log-scop clauses=138000000 bytes=19647225856 interval_clauses=1000000
c 00h01m07s | memory:rss checkpoint=encode_clause_sample stage=log-scop clauses=139000000 bytes=19751022592 interval_clauses=1000000
c 00h01m07s | memory:rss checkpoint=encode_clause_sample stage=log-scop clauses=140000000 bytes=19861037056 interval_clauses=1000000
c 00h01m08s | memory:rss checkpoint=encode_clause_sample stage=log-scop clauses=141000000 bytes=19964829696 interval_clauses=1000000
c 00h01m08s | memory:rss checkpoint=encode_clause_sample stage=log-scop clauses=142000000 bytes=20068630528 interval_clauses=1000000
c 00h01m08s | memory:rss checkpoint=encode_clause_sample stage=log-scop clauses=143000000 bytes=20178644992 interval_clauses=1000000
c 00h01m09s | memory:rss checkpoint=encode_clause_sample stage=log-scop clauses=144000000 bytes=20280352768 interval_clauses=1000000
c 00h01m09s | memory:rss checkpoint=encode_clause_sample stage=log-scop clauses=145000000 bytes=20384145408 interval_clauses=1000000
c 00h01m09s | memory:rss checkpoint=encode_clause_sample stage=log-scop clauses=146000000 bytes=20487946240 interval_clauses=1000000
c 00h01m10s | memory:rss checkpoint=encode_clause_sample stage=log-scop clauses=147000000 bytes=20597997568 interval_clauses=1000000
c 00h01m10s | memory:rss checkpoint=encode_clause_sample stage=log-scop clauses=148000000 bytes=20701671424 interval_clauses=1000000
c 00h01m10s | memory:rss checkpoint=encode_clause_sample stage=log-scop clauses=149000000 bytes=20803391488 interval_clauses=1000000
c 00h01m10s | memory:rss checkpoint=encode_clause_sample stage=log-scop clauses=150000000 bytes=20907216896 interval_clauses=1000000
c 00h01m11s | memory:rss checkpoint=encode_clause_sample stage=log-scop clauses=151000000 bytes=21017321472 interval_clauses=1000000
c 00h01m11s | memory:rss checkpoint=encode_clause_sample stage=log-scop clauses=152000000 bytes=21120983040 interval_clauses=1000000
c 00h01m11s | memory:rss checkpoint=encode_clause_sample stage=log-scop clauses=153000000 bytes=21224890368 interval_clauses=1000000
c 00h01m12s | memory:rss checkpoint=encode_clause_sample stage=log-scop clauses=154000000 bytes=21326471168 interval_clauses=1000000
c 00h01m12s | memory:rss checkpoint=encode_clause_sample stage=log-scop clauses=155000000 bytes=21436534784 interval_clauses=1000000
c 00h01m12s | memory:rss checkpoint=encode_clause_sample stage=log-scop clauses=156000000 bytes=21540188160 interval_clauses=1000000
c 00h01m13s | memory:rss checkpoint=encode_clause_sample stage=log-scop clauses=157000000 bytes=21644120064 interval_clauses=1000000
c 00h01m13s | memory:rss checkpoint=encode_clause_sample stage=log-scop clauses=158000000 bytes=21747769344 interval_clauses=1000000
c 00h01m13s | memory:rss checkpoint=encode_clause_sample stage=log-scop clauses=159000000 bytes=21857873920 interval_clauses=1000000
c 00h01m14s | memory:rss checkpoint=encode_clause_sample stage=log-scop clauses=160000000 bytes=21959462912 interval_clauses=1000000
c 00h01m14s | memory:rss checkpoint=encode_clause_sample stage=log-scop clauses=161000000 bytes=22063153152 interval_clauses=1000000
c 00h01m14s | memory:rss checkpoint=encode_clause_sample stage=log-scop clauses=162000000 bytes=22166859776 interval_clauses=1000000
c 00h01m15s | memory:rss checkpoint=encode_clause_sample stage=log-scop clauses=163000000 bytes=22276988928 interval_clauses=1000000
c 00h01m15s | memory:rss checkpoint=encode_clause_sample stage=log-scop clauses=164000000 bytes=22380703744 interval_clauses=1000000
c 00h01m15s | memory:rss checkpoint=encode_clause_sample stage=log-scop clauses=165000000 bytes=22482239488 interval_clauses=1000000
c 00h01m16s | memory:rss checkpoint=encode_clause_sample stage=log-scop clauses=166000000 bytes=22586114048 interval_clauses=1000000
c 00h01m16s | memory:rss checkpoint=encode_clause_sample stage=log-scop clauses=167000000 bytes=22696161280 interval_clauses=1000000
c 00h01m16s | memory:rss checkpoint=encode_clause_sample stage=log-scop clauses=168000000 bytes=22799806464 interval_clauses=1000000
c 00h01m17s | memory:rss checkpoint=encode_clause_sample stage=log-scop clauses=169000000 bytes=22901538816 interval_clauses=1000000
c 00h01m17s | memory:rss checkpoint=encode_clause_sample stage=log-scop clauses=170000000 bytes=23005351936 interval_clauses=1000000
c 00h01m17s | memory:rss checkpoint=encode_clause_sample stage=log-scop clauses=171000000 bytes=23115317248 interval_clauses=1000000
c 00h01m18s | memory:rss checkpoint=encode_clause_sample stage=log-scop clauses=172000000 bytes=23218950144 interval_clauses=1000000
c 00h01m18s | memory:rss checkpoint=encode_clause_sample stage=log-scop clauses=173000000 bytes=23322857472 interval_clauses=1000000
c 00h01m18s | memory:rss checkpoint=encode_clause_sample stage=log-scop clauses=174000000 bytes=23432925184 interval_clauses=1000000
c 00h01m18s | memory:rss checkpoint=encode_clause_sample stage=log-scop clauses=175000000 bytes=23534448640 interval_clauses=1000000
c 00h01m19s | memory:rss checkpoint=encode_clause_sample stage=log-scop clauses=176000000 bytes=23638335488 interval_clauses=1000000
c 00h01m19s | memory:rss checkpoint=encode_clause_sample stage=log-scop clauses=177000000 bytes=23741964288 interval_clauses=1000000
c 00h01m19s | memory:rss checkpoint=encode_clause_sample stage=log-scop clauses=178000000 bytes=23852900352 interval_clauses=1000000
c 00h01m20s | memory:rss checkpoint=encode_clause_sample stage=log-scop clauses=179000000 bytes=23958364160 interval_clauses=1000000
c 00h01m20s | memory:rss checkpoint=encode_clause_sample stage=log-scop clauses=180000000 bytes=24059899904 interval_clauses=1000000
c 00h01m20s | memory:rss checkpoint=encode_clause_sample stage=log-scop clauses=181000000 bytes=24163790848 interval_clauses=1000000
c 00h01m21s | memory:rss checkpoint=encode_clause_sample stage=log-scop clauses=182000000 bytes=24273825792 interval_clauses=1000000
c 00h01m21s | memory:rss checkpoint=encode_clause_sample stage=log-scop clauses=183000000 bytes=24377683968 interval_clauses=1000000
c 00h01m21s | memory:rss checkpoint=encode_clause_sample stage=log-scop clauses=184000000 bytes=24481275904 interval_clauses=1000000
c 00h01m22s | memory:rss checkpoint=encode_clause_sample stage=log-scop clauses=185000000 bytes=24583061504 interval_clauses=1000000
c 00h01m22s | memory:rss checkpoint=encode_clause_sample stage=log-scop clauses=186000000 bytes=24693075968 interval_clauses=1000000
c 00h01m22s | memory:rss checkpoint=encode_clause_sample stage=log-scop clauses=187000000 bytes=24796692480 interval_clauses=1000000
c 00h01m23s | memory:rss checkpoint=encode_clause_sample stage=log-scop clauses=188000000 bytes=24900427776 interval_clauses=1000000
c 00h01m23s | memory:rss checkpoint=encode_clause_sample stage=log-scop clauses=189000000 bytes=25004314624 interval_clauses=1000000
c 00h01m23s | memory:rss checkpoint=encode_clause_sample stage=log-scop clauses=190000000 bytes=25114423296 interval_clauses=1000000
c 00h01m24s | memory:rss checkpoint=encode_clause_sample stage=log-scop clauses=191000000 bytes=25501257728 interval_clauses=1000000
c 00h01m24s | memory:rss checkpoint=encode_clause_sample stage=log-scop clauses=192000000 bytes=25604943872 interval_clauses=1000000
c 00h01m25s | memory:rss checkpoint=encode_clause_sample stage=log-scop clauses=193000000 bytes=25708650496 interval_clauses=1000000
c 00h01m25s | memory:rss checkpoint=encode_clause_sample stage=log-scop clauses=194000000 bytes=25818775552 interval_clauses=1000000
c 00h01m25s | memory:rss checkpoint=encode_clause_sample stage=log-scop clauses=195000000 bytes=25922502656 interval_clauses=1000000
c 00h01m26s | memory:rss checkpoint=encode_clause_sample stage=log-scop clauses=196000000 bytes=26024210432 interval_clauses=1000000
c 00h01m26s | memory:rss checkpoint=encode_clause_sample stage=log-scop clauses=197000000 bytes=26127974400 interval_clauses=1000000
c 00h01m26s | memory:rss checkpoint=encode_clause_sample stage=log-scop clauses=198000000 bytes=26238160896 interval_clauses=1000000
c 00h01m27s | memory:rss checkpoint=encode_clause_sample stage=log-scop clauses=199000000 bytes=26341670912 interval_clauses=1000000
c 00h01m27s | memory:rss checkpoint=encode_clause_sample stage=log-scop clauses=200000000 bytes=26445447168 interval_clauses=1000000
c 00h01m27s | memory:rss checkpoint=encode_clause_sample stage=log-scop clauses=201000000 bytes=26555633664 interval_clauses=1000000
c 00h01m28s | memory:rss checkpoint=encode_clause_sample stage=log-scop clauses=202000000 bytes=26657181696 interval_clauses=1000000
c 00h01m28s | memory:rss checkpoint=encode_clause_sample stage=log-scop clauses=203000000 bytes=26760880128 interval_clauses=1000000
c 00h01m28s | memory:rss checkpoint=encode_clause_sample stage=log-scop clauses=204000000 bytes=26864558080 interval_clauses=1000000
c 00h01m29s | memory:rss checkpoint=encode_clause_sample stage=log-scop clauses=205000000 bytes=26974818304 interval_clauses=1000000
c 00h01m31s | memory:rss checkpoint=encode_clause_sample stage=log-scop clauses=206000000 bytes=31254134784 interval_clauses=1000000
c 00h01m32s | memory:rss checkpoint=encode_clause_sample stage=log-scop clauses=207000000 bytes=31315816448 interval_clauses=1000000
c 00h01m32s | memory:rss checkpoint=encode_clause_sample stage=log-scop clauses=208000000 bytes=31419654144 interval_clauses=1000000
c 00h01m32s | memory:rss checkpoint=encode_clause_sample stage=log-scop clauses=209000000 bytes=31529611264 interval_clauses=1000000
c 00h01m33s | memory:rss checkpoint=encode_clause_sample stage=log-scop clauses=210000000 bytes=31633391616 interval_clauses=1000000
c 00h01m33s | memory:rss checkpoint=encode_clause_sample stage=log-scop clauses=211000000 bytes=31737155584 interval_clauses=1000000
c 00h01m33s | memory:rss checkpoint=encode_clause_sample stage=log-scop clauses=212000000 bytes=31838789632 interval_clauses=1000000
c 00h01m33s | memory:rss checkpoint=encode_clause_sample stage=log-scop clauses=213000000 bytes=31948673024 interval_clauses=1000000
c 00h01m34s | memory:rss checkpoint=encode_clause_sample stage=log-scop clauses=214000000 bytes=32052682752 interval_clauses=1000000
c 00h01m34s | memory:rss checkpoint=encode_clause_sample stage=log-scop clauses=215000000 bytes=32156356608 interval_clauses=1000000
c 00h01m34s | memory:rss checkpoint=encode_clause_sample stage=log-scop clauses=216000000 bytes=32259870720 interval_clauses=1000000
c 00h01m35s | memory:rss checkpoint=encode_clause_sample stage=log-scop clauses=217000000 bytes=32370049024 interval_clauses=1000000
c 00h01m35s | memory:rss checkpoint=encode_clause_sample stage=log-scop clauses=218000000 bytes=32471527424 interval_clauses=1000000
c 00h01m36s | memory:rss checkpoint=encode_clause_sample stage=log-scop clauses=219000000 bytes=32575193088 interval_clauses=1000000
c 00h01m36s | memory:rss checkpoint=encode_clause_sample stage=log-scop clauses=220000000 bytes=32679161856 interval_clauses=1000000
c 00h01m36s | memory:rss checkpoint=encode_clause_sample stage=log-scop clauses=221000000 bytes=32789172224 interval_clauses=1000000
c 00h01m37s | memory:rss checkpoint=encode_clause_sample stage=log-scop clauses=222000000 bytes=32892964864 interval_clauses=1000000
c 00h01m37s | memory:rss checkpoint=encode_clause_sample stage=log-scop clauses=223000000 bytes=32994643968 interval_clauses=1000000
c 00h01m37s | memory:rss checkpoint=encode_clause_sample stage=log-scop clauses=224000000 bytes=33098186752 interval_clauses=1000000
c 00h01m38s | memory:rss checkpoint=encode_clause_sample stage=log-scop clauses=225000000 bytes=33208381440 interval_clauses=1000000
c 00h01m38s | memory:rss checkpoint=encode_clause_sample stage=log-scop clauses=226000000 bytes=33312161792 interval_clauses=1000000
c 00h01m38s | memory:rss checkpoint=encode_clause_sample stage=log-scop clauses=227000000 bytes=33415962624 interval_clauses=1000000
c 00h01m39s | memory:rss checkpoint=encode_clause_sample stage=log-scop clauses=228000000 bytes=33525915648 interval_clauses=1000000
c 00h01m39s | memory:rss checkpoint=encode_clause_sample stage=log-scop clauses=229000000 bytes=33627447296 interval_clauses=1000000
c 00h01m39s | memory:rss checkpoint=encode_clause_sample stage=log-scop clauses=230000000 bytes=33731301376 interval_clauses=1000000
c 00h01m39s | memory:rss checkpoint=encode_clause_sample stage=log-scop clauses=231000000 bytes=33834819584 interval_clauses=1000000
c 00h01m40s | memory:rss checkpoint=encode_clause_sample stage=log-scop clauses=232000000 bytes=33944973312 interval_clauses=1000000
c 00h01m40s | memory:rss checkpoint=encode_clause_sample stage=log-scop clauses=233000000 bytes=34048761856 interval_clauses=1000000
c 00h01m40s | memory:rss checkpoint=encode_clause_sample stage=log-scop clauses=234000000 bytes=34150256640 interval_clauses=1000000
c 00h01m41s | memory:rss checkpoint=encode_clause_sample stage=log-scop clauses=235000000 bytes=34254114816 interval_clauses=1000000
c 00h01m41s | memory:rss checkpoint=encode_clause_sample stage=log-scop clauses=236000000 bytes=34364047360 interval_clauses=1000000
c 00h01m41s | memory:rss checkpoint=encode_clause_sample stage=log-scop clauses=237000000 bytes=34467880960 interval_clauses=1000000
c 00h01m42s | memory:rss checkpoint=encode_clause_sample stage=log-scop clauses=238000000 bytes=34571472896 interval_clauses=1000000
c 00h01m42s | memory:rss checkpoint=encode_clause_sample stage=log-scop clauses=239000000 bytes=34673213440 interval_clauses=1000000
c 00h01m42s | memory:rss checkpoint=encode_clause_sample stage=log-scop clauses=240000000 bytes=34783227904 interval_clauses=1000000
c 00h01m43s | memory:rss checkpoint=encode_clause_sample stage=log-scop clauses=241000000 bytes=34886836224 interval_clauses=1000000
c 00h01m43s | memory:rss checkpoint=encode_clause_sample stage=log-scop clauses=242000000 bytes=34990718976 interval_clauses=1000000
c 00h01m43s | memory:rss checkpoint=encode_clause_sample stage=log-scop clauses=243000000 bytes=35094360064 interval_clauses=1000000
c 00h01m44s | memory:rss checkpoint=encode_clause_sample stage=log-scop clauses=244000000 bytes=35204403200 interval_clauses=1000000
c 00h01m44s | memory:rss checkpoint=encode_clause_sample stage=log-scop clauses=245000000 bytes=35305959424 interval_clauses=1000000
c 00h01m44s | memory:rss checkpoint=encode_clause_sample stage=log-scop clauses=246000000 bytes=35409629184 interval_clauses=1000000
c 00h01m45s | memory:rss checkpoint=encode_clause_sample stage=log-scop clauses=247000000 bytes=35513479168 interval_clauses=1000000
c 00h01m45s | memory:rss checkpoint=encode_clause_sample stage=log-scop clauses=248000000 bytes=35623489536 interval_clauses=1000000
c 00h01m45s | memory:rss checkpoint=encode_clause_sample stage=log-scop clauses=249000000 bytes=35727097856 interval_clauses=1000000
c 00h01m46s | memory:rss checkpoint=encode_clause_sample stage=log-scop clauses=250000000 bytes=35828805632 interval_clauses=1000000
c 00h01m46s | memory:rss checkpoint=encode_clause_sample stage=log-scop clauses=251000000 bytes=35932585984 interval_clauses=1000000
c 00h01m46s | memory:rss checkpoint=encode_clause_sample stage=log-scop clauses=252000000 bytes=36042600448 interval_clauses=1000000
c 00h01m46s | memory:rss checkpoint=encode_clause_sample stage=log-scop clauses=253000000 bytes=36146380800 interval_clauses=1000000
c 00h01m47s | memory:rss checkpoint=encode_clause_sample stage=log-scop clauses=254000000 bytes=36250173440 interval_clauses=1000000
c 00h01m47s | memory:rss checkpoint=encode_clause_sample stage=log-scop clauses=255000000 bytes=36351606784 interval_clauses=1000000
c 00h01m47s | memory:rss checkpoint=encode_clause_sample stage=log-scop clauses=256000000 bytes=36461891584 interval_clauses=1000000
c 00h01m48s | memory:rss checkpoint=encode_clause_sample stage=log-scop clauses=257000000 bytes=36565422080 interval_clauses=1000000
c 00h01m48s | memory:rss checkpoint=encode_clause_sample stage=log-scop clauses=258000000 bytes=36669214720 interval_clauses=1000000
c 00h01m48s | memory:rss checkpoint=encode_clause_sample stage=log-scop clauses=259000000 bytes=36779233280 interval_clauses=1000000
c 00h01m49s | memory:rss checkpoint=encode_clause_sample stage=log-scop clauses=260000000 bytes=36882935808 interval_clauses=1000000
c 00h01m49s | memory:rss checkpoint=encode_clause_sample stage=log-scop clauses=261000000 bytes=36984795136 interval_clauses=1000000
c 00h01m49s | memory:rss checkpoint=encode_clause_sample stage=log-scop clauses=262000000 bytes=37088477184 interval_clauses=1000000
c 00h01m50s | memory:rss checkpoint=encode_clause_sample stage=log-scop clauses=263000000 bytes=37198323712 interval_clauses=1000000
c 00h01m50s | memory:rss checkpoint=encode_clause_sample stage=log-scop clauses=264000000 bytes=37302239232 interval_clauses=1000000
c 00h01m50s | memory:rss checkpoint=encode_clause_sample stage=log-scop clauses=265000000 bytes=37405880320 interval_clauses=1000000
c 00h01m51s | memory:rss checkpoint=encode_clause_sample stage=log-scop clauses=266000000 bytes=37507424256 interval_clauses=1000000
c 00h01m51s | memory:rss checkpoint=encode_clause_sample stage=log-scop clauses=267000000 bytes=37617426432 interval_clauses=1000000
c 00h01m51s | memory:rss checkpoint=encode_clause_sample stage=log-scop clauses=268000000 bytes=37721243648 interval_clauses=1000000
c 00h01m52s | memory:rss checkpoint=encode_clause_sample stage=log-scop clauses=269000000 bytes=37824839680 interval_clauses=1000000
c 00h01m52s | memory:rss checkpoint=encode_clause_sample stage=log-scop clauses=270000000 bytes=37928632320 interval_clauses=1000000
c 00h01m53s | memory:rss checkpoint=encode_clause_sample stage=log-scop clauses=271000000 bytes=38039019520 interval_clauses=1000000
c 00h01m53s | memory:rss checkpoint=encode_clause_sample stage=log-scop clauses=272000000 bytes=38142476288 interval_clauses=1000000
c 00h01m53s | memory:rss checkpoint=encode_clause_sample stage=log-scop clauses=273000000 bytes=38246412288 interval_clauses=1000000
c 00h01m54s | memory:rss checkpoint=encode_clause_sample stage=log-scop clauses=274000000 bytes=38350172160 interval_clauses=1000000
c 00h01m54s | memory:rss checkpoint=encode_clause_sample stage=log-scop clauses=275000000 bytes=38460252160 interval_clauses=1000000
c 00h01m54s | memory:rss checkpoint=encode_clause_sample stage=log-scop clauses=276000000 bytes=38563995648 interval_clauses=1000000
c 00h01m55s | memory:rss checkpoint=encode_clause_sample stage=log-scop clauses=277000000 bytes=38665633792 interval_clauses=1000000
c 00h01m55s | memory:rss checkpoint=encode_clause_sample stage=log-scop clauses=278000000 bytes=38769573888 interval_clauses=1000000
c 00h01m55s | memory:rss checkpoint=encode_clause_sample stage=log-scop clauses=279000000 bytes=38879719424 interval_clauses=1000000
c 00h01m56s | memory:rss checkpoint=encode_clause_sample stage=log-scop clauses=280000000 bytes=38983454720 interval_clauses=1000000
c 00h01m56s | memory:rss checkpoint=encode_clause_sample stage=log-scop clauses=281000000 bytes=39087190016 interval_clauses=1000000
c 00h01m56s | memory:rss checkpoint=encode_clause_sample stage=log-scop clauses=282000000 bytes=39188787200 interval_clauses=1000000
c 00h01m57s | memory:rss checkpoint=encode_clause_sample stage=log-scop clauses=283000000 bytes=39298801664 interval_clauses=1000000
c 00h01m57s | memory:rss checkpoint=encode_clause_sample stage=log-scop clauses=284000000 bytes=39402700800 interval_clauses=1000000
c 00h01m57s | memory:rss checkpoint=encode_clause_sample stage=log-scop clauses=285000000 bytes=39506329600 interval_clauses=1000000
c 00h01m57s | memory:rss checkpoint=encode_clause_sample stage=log-scop clauses=286000000 bytes=39616303104 interval_clauses=1000000
c 00h01m58s | memory:rss checkpoint=encode_clause_sample stage=log-scop clauses=287000000 bytes=39720239104 interval_clauses=1000000
c 00h01m58s | memory:rss checkpoint=encode_clause_sample stage=log-scop clauses=288000000 bytes=39821848576 interval_clauses=1000000
c 00h01m58s | memory:rss checkpoint=encode_clause_sample stage=log-scop clauses=289000000 bytes=39925575680 interval_clauses=1000000
c 00h01m59s | memory:rss checkpoint=encode_clause_sample stage=log-scop clauses=290000000 bytes=40035565568 interval_clauses=1000000
c 00h01m59s | memory:rss checkpoint=encode_clause_sample stage=log-scop clauses=291000000 bytes=40139276288 interval_clauses=1000000
c 00h01m59s | memory:rss checkpoint=encode_clause_sample stage=log-scop clauses=292000000 bytes=40241029120 interval_clauses=1000000
c 00h02m00s | memory:rss checkpoint=encode_clause_sample stage=log-scop clauses=293000000 bytes=40344621056 interval_clauses=1000000
c 00h02m00s | memory:rss checkpoint=encode_clause_sample stage=log-scop clauses=294000000 bytes=40454746112 interval_clauses=1000000
c 00h02m00s | memory:rss checkpoint=encode_clause_sample stage=log-scop clauses=295000000 bytes=40558469120 interval_clauses=1000000
c 00h02m01s | memory:rss checkpoint=encode_clause_sample stage=log-scop clauses=296000000 bytes=40662380544 interval_clauses=1000000
c 00h02m01s | memory:rss checkpoint=encode_clause_sample stage=log-scop clauses=297000000 bytes=40763949056 interval_clauses=1000000
c 00h02m01s | memory:rss checkpoint=encode_clause_sample stage=log-scop clauses=298000000 bytes=40874475520 interval_clauses=1000000
c 00h02m02s | memory:rss checkpoint=encode_clause_sample stage=log-scop clauses=299000000 bytes=40978190336 interval_clauses=1000000
c 00h02m02s | memory:rss checkpoint=encode_clause_sample stage=log-scop clauses=300000000 bytes=41081716736 interval_clauses=1000000
c 00h02m02s | memory:rss checkpoint=encode_clause_sample stage=log-scop clauses=301000000 bytes=41185533952 interval_clauses=1000000
c 00h02m03s | memory:rss checkpoint=encode_clause_sample stage=log-scop clauses=302000000 bytes=41295515648 interval_clauses=1000000
c 00h02m03s | memory:rss checkpoint=encode_clause_sample stage=log-scop clauses=303000000 bytes=41397276672 interval_clauses=1000000
c 00h02m03s | memory:rss checkpoint=encode_clause_sample stage=log-scop clauses=304000000 bytes=41500921856 interval_clauses=1000000
c 00h02m04s | memory:rss checkpoint=encode_clause_sample stage=log-scop clauses=305000000 bytes=41604898816 interval_clauses=1000000
c 00h02m04s | memory:rss checkpoint=encode_clause_sample stage=log-scop clauses=306000000 bytes=41714884608 interval_clauses=1000000
c 00h02m04s | memory:rss checkpoint=encode_clause_sample stage=log-scop clauses=307000000 bytes=41818697728 interval_clauses=1000000
c 00h02m05s | memory:rss checkpoint=encode_clause_sample stage=log-scop clauses=308000000 bytes=41920217088 interval_clauses=1000000
c 00h02m05s | memory:rss checkpoint=encode_clause_sample stage=log-scop clauses=309000000 bytes=42024087552 interval_clauses=1000000
c 00h02m05s | memory:rss checkpoint=encode_clause_sample stage=log-scop clauses=310000000 bytes=42134069248 interval_clauses=1000000
c 00h02m05s | memory:rss checkpoint=encode_clause_sample stage=log-scop clauses=311000000 bytes=42237755392 interval_clauses=1000000
c 00h02m06s | memory:rss checkpoint=encode_clause_sample stage=log-scop clauses=312000000 bytes=42341556224 interval_clauses=1000000
c 00h02m06s | memory:rss checkpoint=encode_clause_sample stage=log-scop clauses=313000000 bytes=42451709952 interval_clauses=1000000
c 00h02m06s | memory:rss checkpoint=encode_clause_sample stage=log-scop clauses=314000000 bytes=42553151488 interval_clauses=1000000
c 00h02m07s | memory:rss checkpoint=encode_clause_sample stage=log-scop clauses=315000000 bytes=42657067008 interval_clauses=1000000
c 00h02m07s | memory:rss checkpoint=encode_clause_sample stage=log-scop clauses=316000000 bytes=42760630272 interval_clauses=1000000
c 00h02m07s | memory:rss checkpoint=encode_clause_sample stage=log-scop clauses=317000000 bytes=42870644736 interval_clauses=1000000
c 00h02m08s | memory:rss checkpoint=encode_clause_sample stage=log-scop clauses=318000000 bytes=42974478336 interval_clauses=1000000
c 00h02m08s | memory:rss checkpoint=encode_clause_sample stage=log-scop clauses=319000000 bytes=43076091904 interval_clauses=1000000
c 00h02m08s | memory:rss checkpoint=encode_clause_sample stage=log-scop clauses=320000000 bytes=43179851776 interval_clauses=1000000
c 00h02m09s | memory:rss checkpoint=encode_clause_sample stage=log-scop clauses=321000000 bytes=43289944064 interval_clauses=1000000
c 00h02m09s | memory:rss checkpoint=encode_clause_sample stage=log-scop clauses=322000000 bytes=43393691648 interval_clauses=1000000
c 00h02m09s | memory:rss checkpoint=encode_clause_sample stage=log-scop clauses=323000000 bytes=43497451520 interval_clauses=1000000
c 00h02m10s | memory:rss checkpoint=encode_clause_sample stage=log-scop clauses=324000000 bytes=43599069184 interval_clauses=1000000
c 00h02m10s | memory:rss checkpoint=encode_clause_sample stage=log-scop clauses=325000000 bytes=43709190144 interval_clauses=1000000
c 00h02m10s | memory:rss checkpoint=encode_clause_sample stage=log-scop clauses=326000000 bytes=43812753408 interval_clauses=1000000
c 00h02m11s | memory:rss checkpoint=encode_clause_sample stage=log-scop clauses=327000000 bytes=43916578816 interval_clauses=1000000
c 00h02m11s | memory:rss checkpoint=encode_clause_sample stage=log-scop clauses=328000000 bytes=44020318208 interval_clauses=1000000
c 00h02m11s | memory:rss checkpoint=encode_clause_sample stage=log-scop clauses=329000000 bytes=44130189312 interval_clauses=1000000
c 00h02m12s | memory:rss checkpoint=encode_clause_sample stage=log-scop clauses=330000000 bytes=44231802880 interval_clauses=1000000
c 00h02m12s | memory:rss checkpoint=encode_clause_sample stage=log-scop clauses=331000000 bytes=44335702016 interval_clauses=1000000
c 00h02m12s | memory:rss checkpoint=encode_clause_sample stage=log-scop clauses=332000000 bytes=44439420928 interval_clauses=1000000
c 00h02m13s | memory:rss checkpoint=encode_clause_sample stage=log-scop clauses=333000000 bytes=44549472256 interval_clauses=1000000
c 00h02m13s | memory:rss checkpoint=encode_clause_sample stage=log-scop clauses=334000000 bytes=44653215744 interval_clauses=1000000
c 00h02m13s | memory:rss checkpoint=encode_clause_sample stage=log-scop clauses=335000000 bytes=44754677760 interval_clauses=1000000
c 00h02m14s | memory:rss checkpoint=encode_clause_sample stage=log-scop clauses=336000000 bytes=44858650624 interval_clauses=1000000
c 00h02m14s | memory:rss checkpoint=encode_clause_sample stage=log-scop clauses=337000000 bytes=44968726528 interval_clauses=1000000
c 00h02m14s | memory:rss checkpoint=encode_clause_sample stage=log-scop clauses=338000000 bytes=45072478208 interval_clauses=1000000
c 00h02m15s | memory:rss checkpoint=encode_clause_sample stage=log-scop clauses=339000000 bytes=45176160256 interval_clauses=1000000
c 00h02m15s | memory:rss checkpoint=encode_clause_sample stage=log-scop clauses=340000000 bytes=45277708288 interval_clauses=1000000
c 00h02m15s | memory:rss checkpoint=encode_clause_sample stage=log-scop clauses=341000000 bytes=45387837440 interval_clauses=1000000
c 00h02m16s | memory:rss checkpoint=encode_clause_sample stage=log-scop clauses=342000000 bytes=45491494912 interval_clauses=1000000
c 00h02m16s | memory:rss checkpoint=encode_clause_sample stage=log-scop clauses=343000000 bytes=45595230208 interval_clauses=1000000
c 00h02m16s | memory:rss checkpoint=encode_clause_sample stage=log-scop clauses=344000000 bytes=45705228288 interval_clauses=1000000
c 00h02m16s | memory:rss checkpoint=encode_clause_sample stage=log-scop clauses=345000000 bytes=45808996352 interval_clauses=1000000
c 00h02m17s | memory:rss checkpoint=encode_clause_sample stage=log-scop clauses=346000000 bytes=45910528000 interval_clauses=1000000
c 00h02m17s | memory:rss checkpoint=encode_clause_sample stage=log-scop clauses=347000000 bytes=46014296064 interval_clauses=1000000
c 00h02m17s | memory:rss checkpoint=encode_clause_sample stage=log-scop clauses=348000000 bytes=46124417024 interval_clauses=1000000
c 00h02m18s | memory:rss checkpoint=encode_clause_sample stage=log-scop clauses=349000000 bytes=46228086784 interval_clauses=1000000
c 00h02m18s | memory:rss checkpoint=encode_clause_sample stage=log-scop clauses=350000000 bytes=46331617280 interval_clauses=1000000
c 00h02m18s | memory:rss checkpoint=encode_clause_sample stage=log-scop clauses=351000000 bytes=46433411072 interval_clauses=1000000
c 00h02m19s | memory:rss checkpoint=encode_clause_sample stage=log-scop clauses=352000000 bytes=46543257600 interval_clauses=1000000
c 00h02m19s | memory:rss checkpoint=encode_clause_sample stage=log-scop clauses=353000000 bytes=46647263232 interval_clauses=1000000
c 00h02m19s | memory:rss checkpoint=encode_clause_sample stage=log-scop clauses=354000000 bytes=46750715904 interval_clauses=1000000
c 00h02m20s | memory:rss checkpoint=encode_clause_sample stage=log-scop clauses=355000000 bytes=46854524928 interval_clauses=1000000
c 00h02m20s | memory:rss checkpoint=encode_clause_sample stage=log-scop clauses=356000000 bytes=46964510720 interval_clauses=1000000
c 00h02m20s | memory:rss checkpoint=encode_clause_sample stage=log-scop clauses=357000000 bytes=47067693056 interval_clauses=1000000
c 00h02m21s | memory:rss checkpoint=encode_clause_sample stage=log-scop clauses=358000000 bytes=47171665920 interval_clauses=1000000
c 00h02m21s | memory:rss checkpoint=encode_clause_sample stage=log-scop clauses=359000000 bytes=47275552768 interval_clauses=1000000
c 00h02m21s | memory:rss checkpoint=encode_clause_sample stage=log-scop clauses=360000000 bytes=47385591808 interval_clauses=1000000
c 00h02m22s | memory:rss checkpoint=encode_clause_sample stage=log-scop clauses=361000000 bytes=47489245184 interval_clauses=1000000
c 00h02m22s | memory:rss checkpoint=encode_clause_sample stage=log-scop clauses=362000000 bytes=47590879232 interval_clauses=1000000
c 00h02m22s | memory:rss checkpoint=encode_clause_sample stage=log-scop clauses=363000000 bytes=47694651392 interval_clauses=1000000
c 00h02m23s | memory:rss checkpoint=encode_clause_sample stage=log-scop clauses=364000000 bytes=47804764160 interval_clauses=1000000
c 00h02m23s | memory:rss checkpoint=encode_clause_sample stage=log-scop clauses=365000000 bytes=47908454400 interval_clauses=1000000
c 00h02m23s | memory:rss checkpoint=encode_clause_sample stage=log-scop clauses=366000000 bytes=48012046336 interval_clauses=1000000
c 00h02m25s | memory:rss checkpoint=encode_clause_sample stage=log-scop clauses=367000000 bytes=48684425216 interval_clauses=1000000
c 00h02m25s | memory:rss checkpoint=encode_clause_sample stage=log-scop clauses=368000000 bytes=48794517504 interval_clauses=1000000
c 00h02m25s | memory:rss checkpoint=encode_clause_sample stage=log-scop clauses=369000000 bytes=48898191360 interval_clauses=1000000
c 00h02m26s | memory:rss checkpoint=encode_clause_sample stage=log-scop clauses=370000000 bytes=49001910272 interval_clauses=1000000
c 00h02m26s | memory:rss checkpoint=encode_clause_sample stage=log-scop clauses=371000000 bytes=49111969792 interval_clauses=1000000
c 00h02m26s | memory:rss checkpoint=encode_clause_sample stage=log-scop clauses=372000000 bytes=49215696896 interval_clauses=1000000
c 00h02m27s | memory:rss checkpoint=encode_clause_sample stage=log-scop clauses=373000000 bytes=49317269504 interval_clauses=1000000
c 00h02m27s | memory:rss checkpoint=encode_clause_sample stage=log-scop clauses=374000000 bytes=49420951552 interval_clauses=1000000
c 00h02m27s | memory:rss checkpoint=encode_clause_sample stage=log-scop clauses=375000000 bytes=49531236352 interval_clauses=1000000
c 00h02m27s | memory:rss checkpoint=encode_clause_sample stage=log-scop clauses=376000000 bytes=49634906112 interval_clauses=1000000
c 00h02m28s | memory:rss checkpoint=encode_clause_sample stage=log-scop clauses=377000000 bytes=49738698752 interval_clauses=1000000
c 00h02m28s | memory:rss checkpoint=encode_clause_sample stage=log-scop clauses=378000000 bytes=49840328704 interval_clauses=1000000
c 00h02m28s | memory:rss checkpoint=encode_clause_sample stage=log-scop clauses=379000000 bytes=49950212096 interval_clauses=1000000
c 00h02m29s | memory:rss checkpoint=encode_clause_sample stage=log-scop clauses=380000000 bytes=50053951488 interval_clauses=1000000
c 00h02m29s | memory:rss checkpoint=encode_clause_sample stage=log-scop clauses=381000000 bytes=50157834240 interval_clauses=1000000
c 00h02m29s | memory:rss checkpoint=encode_clause_sample stage=log-scop clauses=382000000 bytes=50261331968 interval_clauses=1000000
c 00h02m30s | memory:rss checkpoint=encode_clause_sample stage=log-scop clauses=383000000 bytes=50371588096 interval_clauses=1000000
c 00h02m30s | memory:rss checkpoint=encode_clause_sample stage=log-scop clauses=384000000 bytes=50473091072 interval_clauses=1000000
c 00h02m30s | memory:rss checkpoint=encode_clause_sample stage=log-scop clauses=385000000 bytes=50576793600 interval_clauses=1000000
c 00h02m31s | memory:rss checkpoint=encode_clause_sample stage=log-scop clauses=386000000 bytes=50680725504 interval_clauses=1000000
c 00h02m31s | memory:rss checkpoint=encode_clause_sample stage=log-scop clauses=387000000 bytes=50790600704 interval_clauses=1000000
c 00h02m31s | memory:rss checkpoint=encode_clause_sample stage=log-scop clauses=388000000 bytes=50894282752 interval_clauses=1000000
c 00h02m32s | memory:rss checkpoint=encode_clause_sample stage=log-scop clauses=389000000 bytes=50996146176 interval_clauses=1000000
c 00h02m32s | memory:rss checkpoint=encode_clause_sample stage=log-scop clauses=390000000 bytes=51099791360 interval_clauses=1000000
c 00h02m32s | memory:rss checkpoint=encode_clause_sample stage=log-scop clauses=391000000 bytes=51210051584 interval_clauses=1000000
c 00h02m33s | memory:rss checkpoint=encode_clause_sample stage=log-scop clauses=392000000 bytes=51313577984 interval_clauses=1000000
c 00h02m33s | memory:rss checkpoint=encode_clause_sample stage=log-scop clauses=393000000 bytes=51417513984 interval_clauses=1000000
c 00h02m33s | memory:rss checkpoint=encode_clause_sample stage=log-scop clauses=394000000 bytes=51519004672 interval_clauses=1000000
c 00h02m34s | memory:rss checkpoint=encode_clause_sample stage=log-scop clauses=395000000 bytes=51628908544 interval_clauses=1000000
c 00h02m35s | memory:rss checkpoint=encode_clause_sample stage=log-scop clauses=396000000 bytes=51732631552 interval_clauses=1000000
c 00h02m35s | memory:rss checkpoint=encode_clause_sample stage=log-scop clauses=397000000 bytes=51836551168 interval_clauses=1000000
c 00h02m35s | memory:rss checkpoint=encode_clause_sample stage=log-scop clauses=398000000 bytes=51940311040 interval_clauses=1000000
c 00h02m36s | memory:rss checkpoint=encode_clause_sample stage=log-scop clauses=399000000 bytes=52050157568 interval_clauses=1000000
c 00h02m36s | memory:rss checkpoint=encode_clause_sample stage=log-scop clauses=400000000 bytes=52151803904 interval_clauses=1000000
c 00h02m36s | memory:rss checkpoint=encode_clause_sample stage=log-scop clauses=401000000 bytes=52255764480 interval_clauses=1000000
c 00h02m37s | memory:rss checkpoint=encode_clause_sample stage=log-scop clauses=402000000 bytes=52365766656 interval_clauses=1000000
c 00h02m37s | memory:rss checkpoint=encode_clause_sample stage=log-scop clauses=403000000 bytes=52469551104 interval_clauses=1000000
c 00h02m37s | memory:rss checkpoint=encode_clause_sample stage=log-scop clauses=404000000 bytes=52573192192 interval_clauses=1000000
c 00h02m37s | memory:rss checkpoint=encode_clause_sample stage=log-scop clauses=405000000 bytes=52674863104 interval_clauses=1000000
c 00h02m38s | memory:rss checkpoint=encode_clause_sample stage=log-scop clauses=406000000 bytes=52785025024 interval_clauses=1000000
c 00h02m38s | memory:rss checkpoint=encode_clause_sample stage=log-scop clauses=407000000 bytes=52888535040 interval_clauses=1000000
c 00h02m39s | memory:rss checkpoint=encode_clause_sample stage=log-scop clauses=408000000 bytes=52992327680 interval_clauses=1000000
c 00h02m39s | memory:rss checkpoint=encode_clause_sample stage=log-scop clauses=409000000 bytes=53096120320 interval_clauses=1000000
c 00h02m39s | memory:rss checkpoint=encode_clause_sample stage=log-scop clauses=410000000 bytes=53204074496 interval_clauses=1000000
c 00h02m40s | memory:rss checkpoint=encode_clause_sample stage=log-scop clauses=411000000 bytes=53307830272 interval_clauses=1000000
c 00h02m40s | memory:rss checkpoint=encode_clause_sample stage=log-scop clauses=412000000 bytes=53411602432 interval_clauses=1000000
c 00h02m40s | memory:rss checkpoint=encode_clause_sample stage=log-scop clauses=413000000 bytes=53515382784 interval_clauses=1000000
c 00h02m41s | memory:rss checkpoint=encode_clause_sample stage=log-scop clauses=414000000 bytes=53625405440 interval_clauses=1000000
c 00h02m41s | memory:rss checkpoint=encode_clause_sample stage=log-scop clauses=415000000 bytes=53727064064 interval_clauses=1000000
c 00h02m41s | memory:rss checkpoint=encode_clause_sample stage=log-scop clauses=416000000 bytes=53830574080 interval_clauses=1000000
c 00h02m42s | memory:rss checkpoint=encode_clause_sample stage=log-scop clauses=417000000 bytes=53934292992 interval_clauses=1000000
c 00h02m42s | memory:rss checkpoint=encode_clause_sample stage=log-scop clauses=418000000 bytes=54044381184 interval_clauses=1000000
c 00h02m42s | memory:rss checkpoint=encode_clause_sample stage=log-scop clauses=419000000 bytes=54148169728 interval_clauses=1000000
c 00h02m43s | memory:rss checkpoint=encode_clause_sample stage=log-scop clauses=420000000 bytes=54249713664 interval_clauses=1000000
c 00h02m43s | memory:rss checkpoint=encode_clause_sample stage=log-scop clauses=421000000 bytes=54353371136 interval_clauses=1000000
c 00h02m43s | memory:rss checkpoint=encode_clause_sample stage=log-scop clauses=422000000 bytes=54463590400 interval_clauses=1000000
c 00h02m44s | memory:rss checkpoint=encode_clause_sample stage=log-scop clauses=423000000 bytes=54567247872 interval_clauses=1000000
c 00h02m44s | memory:rss checkpoint=encode_clause_sample stage=log-scop clauses=424000000 bytes=54671007744 interval_clauses=1000000
c 00h02m44s | memory:rss checkpoint=encode_clause_sample stage=log-scop clauses=425000000 bytes=54772436992 interval_clauses=1000000
c 00h02m45s | memory:rss checkpoint=encode_clause_sample stage=log-scop clauses=426000000 bytes=54882668544 interval_clauses=1000000
c 00h02m45s | memory:rss checkpoint=encode_clause_sample stage=log-scop clauses=427000000 bytes=54986317824 interval_clauses=1000000
c 00h02m45s | memory:rss checkpoint=encode_clause_sample stage=log-scop clauses=428000000 bytes=55090196480 interval_clauses=1000000
c 00h02m46s | memory:rss checkpoint=encode_clause_sample stage=log-scop clauses=429000000 bytes=55200133120 interval_clauses=1000000
c 00h02m46s | memory:rss checkpoint=encode_clause_sample stage=log-scop clauses=430000000 bytes=55303839744 interval_clauses=1000000
c 00h02m46s | memory:rss checkpoint=encode_clause_sample stage=log-scop clauses=431000000 bytes=55405543424 interval_clauses=1000000
c 00h02m46s | memory:rss checkpoint=encode_clause_sample stage=log-scop clauses=432000000 bytes=55509098496 interval_clauses=1000000
c 00h02m47s | memory:rss checkpoint=encode_clause_sample stage=log-scop clauses=433000000 bytes=55619129344 interval_clauses=1000000
c 00h02m47s | memory:rss checkpoint=encode_clause_sample stage=log-scop clauses=434000000 bytes=55724507136 interval_clauses=1000000
c 00h02m47s | memory:rss checkpoint=encode_clause_sample stage=log-scop clauses=435000000 bytes=55828574208 interval_clauses=1000000
c 00h02m48s | memory:rss checkpoint=encode_clause_sample stage=log-scop clauses=436000000 bytes=55930212352 interval_clauses=1000000
c 00h02m48s | memory:rss checkpoint=encode_clause_sample stage=log-scop clauses=437000000 bytes=56040337408 interval_clauses=1000000
c 00h02m48s | memory:rss checkpoint=encode_clause_sample stage=log-scop clauses=438000000 bytes=56144166912 interval_clauses=1000000
c 00h02m49s | memory:rss checkpoint=encode_clause_sample stage=log-scop clauses=439000000 bytes=56247754752 interval_clauses=1000000
c 00h02m49s | memory:rss checkpoint=encode_clause_sample stage=log-scop clauses=440000000 bytes=56351735808 interval_clauses=1000000
c 00h02m49s | memory:rss checkpoint=encode_clause_sample stage=log-scop clauses=441000000 bytes=56461733888 interval_clauses=1000000
c 00h02m50s | memory:rss checkpoint=encode_clause_sample stage=log-scop clauses=442000000 bytes=56563216384 interval_clauses=1000000
c 00h02m55s | memory:rss checkpoint=encode_clause_sample stage=log-scop clauses=443000000 bytes=64996745216 interval_clauses=1000000
c 00h02m55s | memory:rss checkpoint=encode_clause_sample stage=log-scop clauses=444000000 bytes=65048539136 interval_clauses=1000000
c 00h02m56s | memory:rss checkpoint=encode_clause_sample stage=log-scop clauses=445000000 bytes=65158590464 interval_clauses=1000000
c 00h02m56s | memory:rss checkpoint=encode_clause_sample stage=log-scop clauses=446000000 bytes=65262383104 interval_clauses=1000000
c 00h02m56s | memory:rss checkpoint=encode_clause_sample stage=log-scop clauses=447000000 bytes=65363910656 interval_clauses=1000000
c 00h02m56s | memory:rss checkpoint=encode_clause_sample stage=log-scop clauses=448000000 bytes=65467805696 interval_clauses=1000000
c 00h02m57s | memory:rss checkpoint=encode_clause_sample stage=log-scop clauses=449000000 bytes=65578000384 interval_clauses=1000000
c 00h02m57s | memory:rss checkpoint=encode_clause_sample stage=log-scop clauses=450000000 bytes=65681707008 interval_clauses=1000000
c 00h02m57s | memory:rss checkpoint=encode_clause_sample stage=log-scop clauses=451000000 bytes=65785376768 interval_clauses=1000000
c 00h02m58s | memory:rss checkpoint=encode_clause_sample stage=log-scop clauses=452000000 bytes=65887166464 interval_clauses=1000000
c 00h02m58s | memory:rss checkpoint=encode_clause_sample stage=log-scop clauses=453000000 bytes=65997164544 interval_clauses=1000000
c 00h02m58s | memory:rss checkpoint=encode_clause_sample stage=log-scop clauses=454000000 bytes=66100793344 interval_clauses=1000000
c 00h02m59s | memory:rss checkpoint=encode_clause_sample stage=log-scop clauses=455000000 bytes=66204700672 interval_clauses=1000000
c 00h02m59s | memory:rss checkpoint=encode_clause_sample stage=log-scop clauses=456000000 bytes=66314711040 interval_clauses=1000000
c 00h02m59s | memory:rss checkpoint=encode_clause_sample stage=log-scop clauses=457000000 bytes=66418450432 interval_clauses=1000000
c 00h03m00s | memory:rss checkpoint=encode_clause_sample stage=log-scop clauses=458000000 bytes=66520010752 interval_clauses=1000000
c 00h03m00s | memory:rss checkpoint=encode_clause_sample stage=log-scop clauses=459000000 bytes=66623930368 interval_clauses=1000000
c 00h03m00s | memory:rss checkpoint=encode_clause_sample stage=log-scop clauses=460000000 bytes=66733858816 interval_clauses=1000000
c 00h03m01s | memory:rss checkpoint=encode_clause_sample stage=log-scop clauses=461000000 bytes=66837630976 interval_clauses=1000000
c 00h03m01s | memory:rss checkpoint=encode_clause_sample stage=log-scop clauses=462000000 bytes=66941489152 interval_clauses=1000000
c 00h03m01s | memory:rss checkpoint=encode_clause_sample stage=log-scop clauses=463000000 bytes=67043115008 interval_clauses=1000000
c 00h03m02s | memory:rss checkpoint=encode_clause_sample stage=log-scop clauses=464000000 bytes=67153035264 interval_clauses=1000000
c 00h03m02s | memory:rss checkpoint=encode_clause_sample stage=log-scop clauses=465000000 bytes=67256963072 interval_clauses=1000000
c 00h03m02s | memory:rss checkpoint=encode_clause_sample stage=log-scop clauses=466000000 bytes=67360583680 interval_clauses=1000000
c 00h03m03s | memory:rss checkpoint=encode_clause_sample stage=log-scop clauses=467000000 bytes=67462647808 interval_clauses=1000000
c 00h03m03s | memory:rss checkpoint=encode_clause_sample stage=log-scop clauses=468000000 bytes=67572535296 interval_clauses=1000000
c 00h03m03s | memory:rss checkpoint=encode_clause_sample stage=log-scop clauses=469000000 bytes=67675742208 interval_clauses=1000000
c 00h03m04s | memory:rss checkpoint=encode_clause_sample stage=log-scop clauses=470000000 bytes=67779051520 interval_clauses=1000000
c 00h03m04s | memory:rss checkpoint=encode_clause_sample stage=log-scop clauses=471000000 bytes=67882262528 interval_clauses=1000000
c 00h03m04s | memory:rss checkpoint=encode_clause_sample stage=log-scop clauses=472000000 bytes=67992428544 interval_clauses=1000000
c 00h03m05s | memory:rss checkpoint=encode_clause_sample stage=log-scop clauses=473000000 bytes=68095574016 interval_clauses=1000000
c 00h03m05s | memory:rss checkpoint=encode_clause_sample stage=log-scop clauses=474000000 bytes=68198719488 interval_clauses=1000000
c 00h03m05s | memory:rss checkpoint=encode_clause_sample stage=log-scop clauses=475000000 bytes=68301873152 interval_clauses=1000000
c 00h03m06s | memory:rss checkpoint=encode_clause_sample stage=log-scop clauses=476000000 bytes=68412039168 interval_clauses=1000000
c 00h03m06s | memory:rss checkpoint=encode_clause_sample stage=log-scop clauses=477000000 bytes=68515192832 interval_clauses=1000000
c 00h03m06s | memory:rss checkpoint=encode_clause_sample stage=log-scop clauses=478000000 bytes=68618612736 interval_clauses=1000000
c 00h03m06s | memory:rss checkpoint=encode_clause_sample stage=log-scop clauses=479000000 bytes=68721709056 interval_clauses=1000000
c 00h03m07s | memory:rss checkpoint=encode_clause_sample stage=log-scop clauses=480000000 bytes=68831711232 interval_clauses=1000000
c 00h03m07s | memory:rss checkpoint=encode_clause_sample stage=log-scop clauses=481000000 bytes=68935004160 interval_clauses=1000000
c 00h03m07s | memory:rss checkpoint=encode_clause_sample stage=log-scop clauses=482000000 bytes=69038039040 interval_clauses=1000000
c 00h03m08s | memory:rss checkpoint=encode_clause_sample stage=log-scop clauses=483000000 bytes=69141315584 interval_clauses=1000000
c 00h03m08s | memory:rss checkpoint=encode_clause_sample stage=log-scop clauses=484000000 bytes=69251297280 interval_clauses=1000000
c 00h03m08s | memory:rss checkpoint=encode_clause_sample stage=log-scop clauses=485000000 bytes=69354586112 interval_clauses=1000000
c 00h03m09s | memory:rss checkpoint=encode_clause_sample stage=log-scop clauses=486000000 bytes=69457903616 interval_clauses=1000000
c 00h03m09s | memory:rss checkpoint=encode_clause_sample stage=log-scop clauses=487000000 bytes=69567909888 interval_clauses=1000000
c 00h03m09s | memory:rss checkpoint=encode_clause_sample stage=log-scop clauses=488000000 bytes=69671133184 interval_clauses=1000000
c 00h03m10s | memory:rss checkpoint=encode_clause_sample stage=log-scop clauses=489000000 bytes=69774192640 interval_clauses=1000000
c 00h03m10s | memory:rss checkpoint=encode_clause_sample stage=log-scop clauses=490000000 bytes=69877440512 interval_clauses=1000000
c 00h03m10s | memory:rss checkpoint=encode_clause_sample stage=log-scop clauses=491000000 bytes=69987602432 interval_clauses=1000000
c 00h03m11s | memory:rss checkpoint=encode_clause_sample stage=log-scop clauses=492000000 bytes=70090592256 interval_clauses=1000000
c 00h03m11s | memory:rss checkpoint=encode_clause_sample stage=log-scop clauses=493000000 bytes=70193876992 interval_clauses=1000000
c 00h03m11s | memory:rss checkpoint=encode_clause_sample stage=log-scop clauses=494000000 bytes=70296907776 interval_clauses=1000000
c 00h03m12s | memory:rss checkpoint=encode_clause_sample stage=log-scop clauses=495000000 bytes=70407208960 interval_clauses=1000000
c 00h03m12s | memory:rss checkpoint=encode_clause_sample stage=log-scop clauses=496000000 bytes=70510256128 interval_clauses=1000000
c 00h03m12s | memory:rss checkpoint=encode_clause_sample stage=log-scop clauses=497000000 bytes=70613577728 interval_clauses=1000000
c 00h03m13s | memory:rss checkpoint=encode_clause_sample stage=log-scop clauses=498000000 bytes=70716624896 interval_clauses=1000000
c 00h03m13s | memory:rss checkpoint=encode_clause_sample stage=log-scop clauses=499000000 bytes=70826606592 interval_clauses=1000000
c 00h03m13s | memory:rss checkpoint=encode_clause_sample stage=log-scop clauses=500000000 bytes=70929907712 interval_clauses=1000000
c 00h03m14s | memory:rss checkpoint=encode_clause_sample stage=log-scop clauses=501000000 bytes=71033180160 interval_clauses=1000000
c 00h03m14s | memory:rss checkpoint=encode_clause_sample stage=log-scop clauses=502000000 bytes=71136276480 interval_clauses=1000000
c 00h03m14s | memory:rss checkpoint=encode_clause_sample stage=log-scop clauses=503000000 bytes=71247667200 interval_clauses=1000000
c 00h03m15s | memory:rss checkpoint=encode_clause_sample stage=log-scop clauses=504000000 bytes=71350906880 interval_clauses=1000000
c 00h03m15s | memory:rss checkpoint=encode_clause_sample stage=log-scop clauses=505000000 bytes=71454179328 interval_clauses=1000000
c 00h03m15s | memory:rss checkpoint=encode_clause_sample stage=log-scop clauses=506000000 bytes=71557410816 interval_clauses=1000000
c 00h03m16s | memory:rss checkpoint=encode_clause_sample stage=log-scop clauses=507000000 bytes=71667568640 interval_clauses=1000000
c 00h03m16s | memory:rss checkpoint=encode_clause_sample stage=log-scop clauses=508000000 bytes=71770783744 interval_clauses=1000000
c 00h03m16s | memory:rss checkpoint=encode_clause_sample stage=log-scop clauses=509000000 bytes=71874002944 interval_clauses=1000000
c 00h03m17s | memory:rss checkpoint=encode_clause_sample stage=log-scop clauses=510000000 bytes=71977230336 interval_clauses=1000000
c 00h03m17s | memory:rss checkpoint=encode_clause_sample stage=log-scop clauses=511000000 bytes=72087240704 interval_clauses=1000000
c 00h03m17s | memory:rss checkpoint=encode_clause_sample stage=log-scop clauses=512000000 bytes=72190435328 interval_clauses=1000000
c 00h03m17s | memory:rss checkpoint=encode_clause_sample stage=log-scop clauses=513000000 bytes=72293437440 interval_clauses=1000000
c 00h03m18s | memory:rss checkpoint=encode_clause_sample stage=log-scop clauses=514000000 bytes=72403591168 interval_clauses=1000000
c 00h03m18s | memory:rss checkpoint=encode_clause_sample stage=log-scop clauses=515000000 bytes=72506773504 interval_clauses=1000000
c 00h03m18s | memory:rss checkpoint=encode_clause_sample stage=log-scop clauses=516000000 bytes=72609935360 interval_clauses=1000000
c 00h03m19s | memory:rss checkpoint=encode_clause_sample stage=log-scop clauses=517000000 bytes=72713121792 interval_clauses=1000000
c 00h03m19s | memory:rss checkpoint=encode_clause_sample stage=log-scop clauses=518000000 bytes=72823255040 interval_clauses=1000000
c 00h03m19s | memory:rss checkpoint=encode_clause_sample stage=log-scop clauses=519000000 bytes=72926425088 interval_clauses=1000000
c 00h03m20s | memory:rss checkpoint=encode_clause_sample stage=log-scop clauses=520000000 bytes=73029611520 interval_clauses=1000000
c 00h03m20s | memory:rss checkpoint=encode_clause_sample stage=log-scop clauses=521000000 bytes=73132670976 interval_clauses=1000000
c 00h03m20s | memory:rss checkpoint=encode_clause_sample stage=log-scop clauses=522000000 bytes=73242873856 interval_clauses=1000000
c 00h03m21s | memory:rss checkpoint=encode_clause_sample stage=log-scop clauses=523000000 bytes=73346199552 interval_clauses=1000000
c 00h03m21s | memory:rss checkpoint=encode_clause_sample stage=log-scop clauses=524000000 bytes=73449373696 interval_clauses=1000000
c 00h03m21s | memory:rss checkpoint=encode_clause_sample stage=log-scop clauses=525000000 bytes=73552470016 interval_clauses=1000000
c 00h03m22s | memory:rss checkpoint=encode_clause_sample stage=log-scop clauses=526000000 bytes=73662627840 interval_clauses=1000000
c 00h03m22s | memory:rss checkpoint=encode_clause_sample stage=log-scop clauses=527000000 bytes=73765728256 interval_clauses=1000000
c 00h03m22s | memory:rss checkpoint=encode_clause_sample stage=log-scop clauses=528000000 bytes=73868980224 interval_clauses=1000000
c 00h03m23s | memory:rss checkpoint=encode_clause_sample stage=log-scop clauses=529000000 bytes=73972117504 interval_clauses=1000000
c 00h03m23s | memory:rss checkpoint=encode_clause_sample stage=log-scop clauses=530000000 bytes=74082070528 interval_clauses=1000000
c 00h03m23s | memory:rss checkpoint=encode_clause_sample stage=log-scop clauses=531000000 bytes=74185236480 interval_clauses=1000000
c 00h03m24s | memory:rss checkpoint=encode_clause_sample stage=log-scop clauses=532000000 bytes=74288644096 interval_clauses=1000000
c 00h03m24s | memory:rss checkpoint=encode_clause_sample stage=log-scop clauses=533000000 bytes=74391654400 interval_clauses=1000000
c 00h03m24s | memory:rss checkpoint=encode_clause_sample stage=log-scop clauses=534000000 bytes=74501722112 interval_clauses=1000000
c 00h03m25s | memory:rss checkpoint=encode_clause_sample stage=log-scop clauses=535000000 bytes=74605015040 interval_clauses=1000000
c 00h03m25s | memory:rss checkpoint=encode_clause_sample stage=log-scop clauses=536000000 bytes=74707963904 interval_clauses=1000000
c 00h03m25s | memory:rss checkpoint=encode_clause_sample stage=log-scop clauses=537000000 bytes=74811359232 interval_clauses=1000000
c 00h03m28s | memory:rss checkpoint=encode_clause_sample stage=log-scop clauses=538000000 bytes=74921275392 interval_clauses=1000000
c 00h03m29s | memory:rss checkpoint=encode_clause_sample stage=log-scop clauses=539000000 bytes=75025195008 interval_clauses=1000000
c 00h03m29s | memory:rss checkpoint=encode_clause_sample stage=log-scop clauses=540000000 bytes=75128926208 interval_clauses=1000000
c 00h03m29s | memory:rss checkpoint=encode_clause_sample stage=log-scop clauses=541000000 bytes=75238948864 interval_clauses=1000000
c 00h03m30s | memory:rss checkpoint=encode_clause_sample stage=log-scop clauses=542000000 bytes=75342680064 interval_clauses=1000000
c 00h03m30s | memory:rss checkpoint=encode_clause_sample stage=log-scop clauses=543000000 bytes=75444277248 interval_clauses=1000000
c 00h03m30s | memory:rss checkpoint=encode_clause_sample stage=log-scop clauses=544000000 bytes=75547906048 interval_clauses=1000000
c 00h03m31s | memory:rss checkpoint=encode_clause_sample stage=log-scop clauses=545000000 bytes=75657936896 interval_clauses=1000000
c 00h03m31s | memory:rss checkpoint=encode_clause_sample stage=log-scop clauses=546000000 bytes=75761844224 interval_clauses=1000000
c 00h03m31s | memory:rss checkpoint=encode_clause_sample stage=log-scop clauses=547000000 bytes=75865513984 interval_clauses=1000000
c 00h03m32s | memory:rss checkpoint=encode_clause_sample stage=log-scop clauses=548000000 bytes=75966984192 interval_clauses=1000000
c 00h03m32s | memory:rss checkpoint=encode_clause_sample stage=log-scop clauses=549000000 bytes=76077248512 interval_clauses=1000000
c 00h03m32s | memory:rss checkpoint=encode_clause_sample stage=log-scop clauses=550000000 bytes=76180787200 interval_clauses=1000000
c 00h03m33s | memory:rss checkpoint=encode_clause_sample stage=log-scop clauses=551000000 bytes=76284530688 interval_clauses=1000000
c 00h03m33s | memory:rss checkpoint=encode_clause_sample stage=log-scop clauses=552000000 bytes=76388204544 interval_clauses=1000000
c 00h03m33s | memory:rss checkpoint=encode_clause_sample stage=log-scop clauses=553000000 bytes=76498194432 interval_clauses=1000000
c 00h03m34s | memory:rss checkpoint=encode_clause_sample stage=log-scop clauses=554000000 bytes=76599762944 interval_clauses=1000000
c 00h03m34s | memory:rss checkpoint=encode_clause_sample stage=log-scop clauses=555000000 bytes=76703678464 interval_clauses=1000000
c 00h03m34s | memory:rss checkpoint=encode_clause_sample stage=log-scop clauses=556000000 bytes=76807106560 interval_clauses=1000000
c 00h03m35s | memory:rss checkpoint=encode_clause_sample stage=log-scop clauses=557000000 bytes=76917305344 interval_clauses=1000000
c 00h03m35s | memory:rss checkpoint=encode_clause_sample stage=log-scop clauses=558000000 bytes=77020897280 interval_clauses=1000000
c 00h03m35s | memory:rss checkpoint=encode_clause_sample stage=log-scop clauses=559000000 bytes=77122670592 interval_clauses=1000000
c 00h03m36s | memory:rss checkpoint=encode_clause_sample stage=log-scop clauses=560000000 bytes=77226426368 interval_clauses=1000000
c 00h03m36s | memory:rss checkpoint=encode_clause_sample stage=log-scop clauses=561000000 bytes=77336440832 interval_clauses=1000000
c 00h03m36s | memory:rss checkpoint=encode_clause_sample stage=log-scop clauses=562000000 bytes=77440036864 interval_clauses=1000000
c 00h03m36s | memory:rss checkpoint=encode_clause_sample stage=log-scop clauses=563000000 bytes=77543923712 interval_clauses=1000000
c 00h03m37s | memory:rss checkpoint=encode_clause_sample stage=log-scop clauses=564000000 bytes=77646753792 interval_clauses=1000000
c 00h03m37s | memory:rss checkpoint=encode_clause_sample stage=log-scop clauses=565000000 bytes=77756911616 interval_clauses=1000000
c 00h03m37s | memory:rss checkpoint=encode_clause_sample stage=log-scop clauses=566000000 bytes=77860757504 interval_clauses=1000000
c 00h03m38s | memory:rss checkpoint=encode_clause_sample stage=log-scop clauses=567000000 bytes=77964333056 interval_clauses=1000000
c 00h03m38s | memory:rss checkpoint=encode_clause_sample stage=log-scop clauses=568000000 bytes=78068162560 interval_clauses=1000000
c 00h03m38s | memory:rss checkpoint=encode_clause_sample stage=log-scop clauses=569000000 bytes=78178185216 interval_clauses=1000000
c 00h03m39s | memory:rss checkpoint=encode_clause_sample stage=log-scop clauses=570000000 bytes=78279966720 interval_clauses=1000000
c 00h03m39s | memory:rss checkpoint=encode_clause_sample stage=log-scop clauses=571000000 bytes=78383489024 interval_clauses=1000000
c 00h03m39s | memory:rss checkpoint=encode_clause_sample stage=log-scop clauses=572000000 bytes=78493716480 interval_clauses=1000000
c 00h03m40s | memory:rss checkpoint=encode_clause_sample stage=log-scop clauses=573000000 bytes=78597419008 interval_clauses=1000000
c 00h03m40s | memory:rss checkpoint=encode_clause_sample stage=log-scop clauses=574000000 bytes=78700900352 interval_clauses=1000000
c 00h03m40s | memory:rss checkpoint=encode_clause_sample stage=log-scop clauses=575000000 bytes=78802579456 interval_clauses=1000000
c 00h03m41s | memory:rss checkpoint=encode_clause_sample stage=log-scop clauses=576000000 bytes=78912909312 interval_clauses=1000000
c 00h03m41s | memory:rss checkpoint=encode_clause_sample stage=log-scop clauses=577000000 bytes=79016456192 interval_clauses=1000000
c 00h03m41s | memory:rss checkpoint=encode_clause_sample stage=log-scop clauses=578000000 bytes=79120277504 interval_clauses=1000000
c 00h03m42s | memory:rss checkpoint=encode_clause_sample stage=log-scop clauses=579000000 bytes=79223967744 interval_clauses=1000000
c 00h03m42s | memory:rss checkpoint=encode_clause_sample stage=log-scop clauses=580000000 bytes=79332372480 interval_clauses=1000000
c 00h03m42s | memory:rss checkpoint=encode_clause_sample stage=log-scop clauses=581000000 bytes=79435423744 interval_clauses=1000000
c 00h03m43s | memory:rss checkpoint=encode_clause_sample stage=log-scop clauses=582000000 bytes=79539011584 interval_clauses=1000000
c 00h03m43s | memory:rss checkpoint=encode_clause_sample stage=log-scop clauses=583000000 bytes=79641882624 interval_clauses=1000000
c 00h03m43s | memory:rss checkpoint=encode_clause_sample stage=log-scop clauses=584000000 bytes=79752183808 interval_clauses=1000000
c 00h03m44s | memory:rss checkpoint=encode_clause_sample stage=log-scop clauses=585000000 bytes=79855157248 interval_clauses=1000000
c 00h03m44s | memory:rss checkpoint=encode_clause_sample stage=log-scop clauses=586000000 bytes=79958626304 interval_clauses=1000000
c 00h03m44s | memory:rss checkpoint=encode_clause_sample stage=log-scop clauses=587000000 bytes=80061808640 interval_clauses=1000000
c 00h03m45s | memory:rss checkpoint=encode_clause_sample stage=log-scop clauses=588000000 bytes=80171687936 interval_clauses=1000000
c 00h03m45s | memory:rss checkpoint=encode_clause_sample stage=log-scop clauses=589000000 bytes=80275066880 interval_clauses=1000000
c 00h03m45s | memory:rss checkpoint=encode_clause_sample stage=log-scop clauses=590000000 bytes=80378052608 interval_clauses=1000000
c 00h03m46s | memory:rss checkpoint=encode_clause_sample stage=log-scop clauses=591000000 bytes=80481456128 interval_clauses=1000000
c 00h03m46s | memory:rss checkpoint=encode_clause_sample stage=log-scop clauses=592000000 bytes=80591495168 interval_clauses=1000000
c 00h03m46s | memory:rss checkpoint=encode_clause_sample stage=log-scop clauses=593000000 bytes=80694566912 interval_clauses=1000000
c 00h03m47s | memory:rss checkpoint=encode_clause_sample stage=log-scop clauses=594000000 bytes=80797761536 interval_clauses=1000000
c 00h03m47s | memory:rss checkpoint=encode_clause_sample stage=log-scop clauses=595000000 bytes=80901038080 interval_clauses=1000000
c 00h03m47s | memory:rss checkpoint=encode_clause_sample stage=log-scop clauses=596000000 bytes=81011183616 interval_clauses=1000000
c 00h03m48s | memory:rss checkpoint=encode_clause_sample stage=log-scop clauses=597000000 bytes=81114468352 interval_clauses=1000000
c 00h03m48s | memory:rss checkpoint=encode_clause_sample stage=log-scop clauses=598000000 bytes=81217503232 interval_clauses=1000000
c 00h03m48s | memory:rss checkpoint=encode_clause_sample stage=log-scop clauses=599000000 bytes=81327640576 interval_clauses=1000000
c 00h03m49s | memory:rss checkpoint=encode_clause_sample stage=log-scop clauses=600000000 bytes=81430904832 interval_clauses=1000000
c 00h03m49s | memory:rss checkpoint=encode_clause_sample stage=log-scop clauses=601000000 bytes=81533911040 interval_clauses=1000000
c 00h03m49s | memory:rss checkpoint=encode_clause_sample stage=log-scop clauses=602000000 bytes=81637105664 interval_clauses=1000000
c 00h03m50s | memory:rss checkpoint=encode_clause_sample stage=log-scop clauses=603000000 bytes=81747218432 interval_clauses=1000000
c 00h03m50s | memory:rss checkpoint=encode_clause_sample stage=log-scop clauses=604000000 bytes=81850273792 interval_clauses=1000000
c 00h03m50s | memory:rss checkpoint=encode_clause_sample stage=log-scop clauses=605000000 bytes=81953579008 interval_clauses=1000000
c 00h03m50s | memory:rss checkpoint=encode_clause_sample stage=log-scop clauses=606000000 bytes=82056777728 interval_clauses=1000000
c 00h03m51s | memory:rss checkpoint=encode_clause_sample stage=log-scop clauses=607000000 bytes=82166726656 interval_clauses=1000000
c 00h03m51s | memory:rss checkpoint=encode_clause_sample stage=log-scop clauses=608000000 bytes=82270048256 interval_clauses=1000000
c 00h03m51s | memory:rss checkpoint=encode_clause_sample stage=log-scop clauses=609000000 bytes=82373259264 interval_clauses=1000000
c 00h03m52s | memory:rss checkpoint=encode_clause_sample stage=log-scop clauses=610000000 bytes=82476290048 interval_clauses=1000000
c 00h03m52s | memory:rss checkpoint=encode_clause_sample stage=log-scop clauses=611000000 bytes=82586451968 interval_clauses=1000000
c 00h03m52s | memory:rss checkpoint=encode_clause_sample stage=log-scop clauses=612000000 bytes=82689662976 interval_clauses=1000000
c 00h03m53s | memory:rss checkpoint=encode_clause_sample stage=log-scop clauses=613000000 bytes=82792828928 interval_clauses=1000000
c 00h03m53s | memory:rss checkpoint=encode_clause_sample stage=log-scop clauses=614000000 bytes=82896072704 interval_clauses=1000000
c 00h03m53s | memory:rss checkpoint=encode_clause_sample stage=log-scop clauses=615000000 bytes=83005865984 interval_clauses=1000000
c 00h03m54s | memory:rss checkpoint=encode_clause_sample stage=log-scop clauses=616000000 bytes=83109720064 interval_clauses=1000000
c 00h03m54s | memory:rss checkpoint=encode_clause_sample stage=log-scop clauses=617000000 bytes=83213197312 interval_clauses=1000000
c 00h03m54s | memory:rss checkpoint=encode_clause_sample stage=log-scop clauses=618000000 bytes=83316396032 interval_clauses=1000000
c 00h03m55s | memory:rss checkpoint=encode_clause_sample stage=log-scop clauses=619000000 bytes=83426537472 interval_clauses=1000000
c 00h03m55s | memory:rss checkpoint=encode_clause_sample stage=log-scop clauses=620000000 bytes=83529646080 interval_clauses=1000000
c 00h03m55s | memory:rss checkpoint=encode_clause_sample stage=log-scop clauses=621000000 bytes=83632820224 interval_clauses=1000000
c 00h03m56s | memory:rss checkpoint=encode_clause_sample stage=log-scop clauses=622000000 bytes=83736010752 interval_clauses=1000000
c 00h03m56s | memory:rss checkpoint=encode_clause_sample stage=log-scop clauses=623000000 bytes=83846176768 interval_clauses=1000000
c 00h03m56s | memory:rss checkpoint=encode_clause_sample stage=log-scop clauses=624000000 bytes=83949363200 interval_clauses=1000000
c 00h03m57s | memory:rss checkpoint=encode_clause_sample stage=log-scop clauses=625000000 bytes=84052557824 interval_clauses=1000000
c 00h03m57s | memory:rss checkpoint=encode_clause_sample stage=log-scop clauses=626000000 bytes=84162600960 interval_clauses=1000000
c 00h03m57s | memory:rss checkpoint=encode_clause_sample stage=log-scop clauses=627000000 bytes=84265791488 interval_clauses=1000000
c 00h03m58s | memory:rss checkpoint=encode_clause_sample stage=log-scop clauses=628000000 bytes=84368904192 interval_clauses=1000000
c 00h03m58s | memory:rss checkpoint=encode_clause_sample stage=log-scop clauses=629000000 bytes=84472033280 interval_clauses=1000000
c 00h03m58s | memory:rss checkpoint=encode_clause_sample stage=log-scop clauses=630000000 bytes=84582182912 interval_clauses=1000000
c 00h03m59s | memory:rss checkpoint=encode_clause_sample stage=log-scop clauses=631000000 bytes=84685365248 interval_clauses=1000000
c 00h03m59s | memory:rss checkpoint=encode_clause_sample stage=log-scop clauses=632000000 bytes=84788649984 interval_clauses=1000000
c 00h03m59s | memory:rss checkpoint=encode_clause_sample stage=log-scop clauses=633000000 bytes=84891820032 interval_clauses=1000000
c 00h04m00s | memory:rss checkpoint=encode_clause_sample stage=log-scop clauses=634000000 bytes=85001797632 interval_clauses=1000000
c 00h04m00s | memory:rss checkpoint=encode_clause_sample stage=log-scop clauses=635000000 bytes=85105008640 interval_clauses=1000000
c 00h04m00s | memory:rss checkpoint=encode_clause_sample stage=log-scop clauses=636000000 bytes=85208227840 interval_clauses=1000000
c 00h04m01s | memory:rss checkpoint=encode_clause_sample stage=log-scop clauses=637000000 bytes=85311463424 interval_clauses=1000000
c 00h04m01s | memory:rss checkpoint=encode_clause_sample stage=log-scop clauses=638000000 bytes=85421416448 interval_clauses=1000000
c 00h04m01s | memory:rss checkpoint=encode_clause_sample stage=log-scop clauses=639000000 bytes=85524598784 interval_clauses=1000000
c 00h04m02s | memory:rss checkpoint=encode_clause_sample stage=log-scop clauses=640000000 bytes=85627871232 interval_clauses=1000000
c 00h04m02s | memory:rss checkpoint=encode_clause_sample stage=log-scop clauses=641000000 bytes=85731082240 interval_clauses=1000000
c 00h04m02s | memory:rss checkpoint=encode_clause_sample stage=log-scop clauses=642000000 bytes=85841063936 interval_clauses=1000000
c 00h04m03s | memory:rss checkpoint=encode_clause_sample stage=log-scop clauses=643000000 bytes=85944016896 interval_clauses=1000000
c 00h04m03s | memory:rss checkpoint=encode_clause_sample stage=log-scop clauses=644000000 bytes=86047223808 interval_clauses=1000000
c 00h04m03s | memory:rss checkpoint=encode_clause_sample stage=log-scop clauses=645000000 bytes=86150381568 interval_clauses=1000000
c 00h04m04s | memory:rss checkpoint=encode_clause_sample stage=log-scop clauses=646000000 bytes=86260506624 interval_clauses=1000000
c 00h04m04s | memory:rss checkpoint=encode_clause_sample stage=log-scop clauses=647000000 bytes=86363754496 interval_clauses=1000000
c 00h04m04s | memory:rss checkpoint=encode_clause_sample stage=log-scop clauses=648000000 bytes=86466670592 interval_clauses=1000000
c 00h04m05s | memory:rss checkpoint=encode_clause_sample stage=log-scop clauses=649000000 bytes=86570086400 interval_clauses=1000000
c 00h04m05s | memory:rss checkpoint=encode_clause_sample stage=log-scop clauses=650000000 bytes=86679904256 interval_clauses=1000000
c 00h04m05s | memory:rss checkpoint=encode_clause_sample stage=log-scop clauses=651000000 bytes=86783098880 interval_clauses=1000000
c 00h04m06s | memory:rss checkpoint=encode_clause_sample stage=log-scop clauses=652000000 bytes=86886248448 interval_clauses=1000000
c 00h04m06s | memory:rss checkpoint=encode_clause_sample stage=log-scop clauses=653000000 bytes=86989471744 interval_clauses=1000000
c 00h04m06s | memory:rss checkpoint=encode_clause_sample stage=log-scop clauses=654000000 bytes=87099289600 interval_clauses=1000000
c 00h04m07s | memory:rss checkpoint=encode_clause_sample stage=log-scop clauses=655000000 bytes=87202635776 interval_clauses=1000000
c 00h04m07s | memory:rss checkpoint=encode_clause_sample stage=log-scop clauses=656000000 bytes=87305740288 interval_clauses=1000000
c 00h04m07s | memory:rss checkpoint=encode_clause_sample stage=log-scop clauses=657000000 bytes=87415791616 interval_clauses=1000000
c 00h04m08s | memory:rss checkpoint=encode_clause_sample stage=log-scop clauses=658000000 bytes=87518990336 interval_clauses=1000000
c 00h04m08s | memory:rss checkpoint=encode_clause_sample stage=log-scop clauses=659000000 bytes=87622230016 interval_clauses=1000000
c 00h04m08s | memory:rss checkpoint=encode_clause_sample stage=log-scop clauses=660000000 bytes=87725457408 interval_clauses=1000000
c 00h04m09s | memory:rss checkpoint=encode_clause_sample stage=log-scop clauses=661000000 bytes=87836237824 interval_clauses=1000000
c 00h04m09s | memory:rss checkpoint=encode_clause_sample stage=log-scop clauses=662000000 bytes=87939424256 interval_clauses=1000000
c 00h04m09s | memory:rss checkpoint=encode_clause_sample stage=log-scop clauses=663000000 bytes=88042676224 interval_clauses=1000000
c 00h04m10s | memory:rss checkpoint=encode_clause_sample stage=log-scop clauses=664000000 bytes=88145879040 interval_clauses=1000000
c 00h04m10s | memory:rss checkpoint=encode_clause_sample stage=log-scop clauses=665000000 bytes=88255995904 interval_clauses=1000000
c 00h04m10s | memory:rss checkpoint=encode_clause_sample stage=log-scop clauses=666000000 bytes=88359182336 interval_clauses=1000000
c 00h04m10s | memory:rss checkpoint=encode_clause_sample stage=log-scop clauses=667000000 bytes=88462381056 interval_clauses=1000000
c 00h04m11s | memory:rss checkpoint=encode_clause_sample stage=log-scop clauses=668000000 bytes=88565604352 interval_clauses=1000000
c 00h04m11s | memory:rss checkpoint=encode_clause_sample stage=log-scop clauses=669000000 bytes=88675450880 interval_clauses=1000000
c 00h04m11s | memory:rss checkpoint=encode_clause_sample stage=log-scop clauses=670000000 bytes=88778678272 interval_clauses=1000000
c 00h04m12s | memory:rss checkpoint=encode_clause_sample stage=log-scop clauses=671000000 bytes=88881840128 interval_clauses=1000000
c 00h04m12s | memory:rss checkpoint=encode_clause_sample stage=log-scop clauses=672000000 bytes=88985264128 interval_clauses=1000000
c 00h04m12s | memory:rss checkpoint=encode_clause_sample stage=log-scop clauses=673000000 bytes=89095139328 interval_clauses=1000000
c 00h04m13s | memory:rss checkpoint=encode_clause_sample stage=log-scop clauses=674000000 bytes=89198387200 interval_clauses=1000000
c 00h04m13s | memory:rss checkpoint=encode_clause_sample stage=log-scop clauses=675000000 bytes=89301630976 interval_clauses=1000000
c 00h04m13s | memory:rss checkpoint=encode_clause_sample stage=log-scop clauses=676000000 bytes=89404846080 interval_clauses=1000000
c 00h04m14s | memory:rss checkpoint=encode_clause_sample stage=log-scop clauses=677000000 bytes=89514967040 interval_clauses=1000000
c 00h04m14s | memory:rss checkpoint=encode_clause_sample stage=log-scop clauses=678000000 bytes=89618161664 interval_clauses=1000000
c 00h04m14s | memory:rss checkpoint=encode_clause_sample stage=log-scop clauses=679000000 bytes=89721389056 interval_clauses=1000000
c 00h04m15s | memory:rss checkpoint=encode_clause_sample stage=log-scop clauses=680000000 bytes=89824624640 interval_clauses=1000000
c 00h04m15s | memory:rss checkpoint=encode_clause_sample stage=log-scop clauses=681000000 bytes=89934479360 interval_clauses=1000000
c 00h04m15s | memory:rss checkpoint=encode_clause_sample stage=log-scop clauses=682000000 bytes=90037641216 interval_clauses=1000000
c 00h04m16s | memory:rss checkpoint=encode_clause_sample stage=log-scop clauses=683000000 bytes=90140823552 interval_clauses=1000000
c 00h04m16s | memory:rss checkpoint=encode_clause_sample stage=log-scop clauses=684000000 bytes=90251018240 interval_clauses=1000000
c 00h04m16s | memory:rss checkpoint=encode_clause_sample stage=log-scop clauses=685000000 bytes=90354061312 interval_clauses=1000000
c 00h04m17s | memory:rss checkpoint=encode_clause_sample stage=log-scop clauses=686000000 bytes=90457235456 interval_clauses=1000000
c 00h04m17s | memory:rss checkpoint=encode_clause_sample stage=log-scop clauses=687000000 bytes=90560528384 interval_clauses=1000000
c 00h04m17s | memory:rss checkpoint=encode_clause_sample stage=log-scop clauses=688000000 bytes=90670403584 interval_clauses=1000000
c 00h04m18s | memory:rss checkpoint=encode_clause_sample stage=log-scop clauses=689000000 bytes=90773647360 interval_clauses=1000000
c 00h04m18s | memory:rss checkpoint=encode_clause_sample stage=log-scop clauses=690000000 bytes=90876841984 interval_clauses=1000000
c 00h04m18s | memory:rss checkpoint=encode_clause_sample stage=log-scop clauses=691000000 bytes=90979975168 interval_clauses=1000000
c 00h04m19s | memory:rss checkpoint=encode_clause_sample stage=log-scop clauses=692000000 bytes=91090030592 interval_clauses=1000000
c 00h04m19s | memory:rss checkpoint=encode_clause_sample stage=log-scop clauses=693000000 bytes=91193339904 interval_clauses=1000000
c 00h04m19s | memory:rss checkpoint=encode_clause_sample stage=log-scop clauses=694000000 bytes=91296329728 interval_clauses=1000000
c 00h04m20s | memory:rss checkpoint=encode_clause_sample stage=log-scop clauses=695000000 bytes=91399540736 interval_clauses=1000000
c 00h04m20s | memory:rss checkpoint=encode_clause_sample stage=log-scop clauses=696000000 bytes=91509428224 interval_clauses=1000000
c 00h04m20s | memory:rss checkpoint=encode_clause_sample stage=log-scop clauses=697000000 bytes=91613167616 interval_clauses=1000000
c 00h04m21s | memory:rss checkpoint=encode_clause_sample stage=log-scop clauses=698000000 bytes=91716386816 interval_clauses=1000000
c 00h04m21s | memory:rss checkpoint=encode_clause_sample stage=log-scop clauses=699000000 bytes=91819573248 interval_clauses=1000000
c 00h04m21s | memory:rss checkpoint=encode_clause_sample stage=log-scop clauses=700000000 bytes=91929686016 interval_clauses=1000000
c 00h04m22s | memory:rss checkpoint=encode_clause_sample stage=log-scop clauses=701000000 bytes=92032647168 interval_clauses=1000000
c 00h04m22s | memory:rss checkpoint=encode_clause_sample stage=log-scop clauses=702000000 bytes=92135874560 interval_clauses=1000000
c 00h04m22s | memory:rss checkpoint=encode_clause_sample stage=log-scop clauses=703000000 bytes=92239024128 interval_clauses=1000000
c 00h04m23s | memory:rss checkpoint=encode_clause_sample stage=log-scop clauses=704000000 bytes=92349054976 interval_clauses=1000000
c 00h04m23s | memory:rss checkpoint=encode_clause_sample stage=log-scop clauses=705000000 bytes=92452356096 interval_clauses=1000000
c 00h04m23s | memory:rss checkpoint=encode_clause_sample stage=log-scop clauses=706000000 bytes=92555583488 interval_clauses=1000000
c 00h04m24s | memory:rss checkpoint=encode_clause_sample stage=log-scop clauses=707000000 bytes=92658778112 interval_clauses=1000000
c 00h04m24s | memory:rss checkpoint=encode_clause_sample stage=log-scop clauses=708000000 bytes=92768653312 interval_clauses=1000000
c 00h04m24s | memory:rss checkpoint=encode_clause_sample stage=log-scop clauses=709000000 bytes=92872097792 interval_clauses=1000000
c 00h04m25s | memory:rss checkpoint=encode_clause_sample stage=log-scop clauses=710000000 bytes=92975079424 interval_clauses=1000000
c 00h04m25s | memory:rss checkpoint=encode_clause_sample stage=log-scop clauses=711000000 bytes=93078298624 interval_clauses=1000000
c 00h04m25s | memory:rss checkpoint=encode_clause_sample stage=log-scop clauses=712000000 bytes=93188431872 interval_clauses=1000000
c 00h04m26s | memory:rss checkpoint=encode_clause_sample stage=log-scop clauses=713000000 bytes=93291446272 interval_clauses=1000000
c 00h04m26s | memory:rss checkpoint=encode_clause_sample stage=log-scop clauses=714000000 bytes=93394685952 interval_clauses=1000000
c 00h04m26s | memory:rss checkpoint=encode_clause_sample stage=log-scop clauses=715000000 bytes=93504548864 interval_clauses=1000000
c 00h04m27s | memory:rss checkpoint=encode_clause_sample stage=log-scop clauses=716000000 bytes=93607780352 interval_clauses=1000000
c 00h04m27s | memory:rss checkpoint=encode_clause_sample stage=log-scop clauses=717000000 bytes=93711003648 interval_clauses=1000000
c 00h04m27s | memory:rss checkpoint=encode_clause_sample stage=log-scop clauses=718000000 bytes=93813944320 interval_clauses=1000000
c 00h04m28s | memory:rss checkpoint=encode_clause_sample stage=log-scop clauses=719000000 bytes=93924020224 interval_clauses=1000000
c 00h04m32s | memory:rss checkpoint=encode_clause_sample stage=log-scop clauses=720000000 bytes=95167889408 interval_clauses=1000000
c 00h04m32s | memory:rss checkpoint=encode_clause_sample stage=log-scop clauses=721000000 bytes=95271981056 interval_clauses=1000000
c 00h04m33s | memory:rss checkpoint=encode_clause_sample stage=log-scop clauses=722000000 bytes=95375749120 interval_clauses=1000000
c 00h04m33s | memory:rss checkpoint=encode_clause_sample stage=log-scop clauses=723000000 bytes=95485652992 interval_clauses=1000000
c 00h04m33s | memory:rss checkpoint=encode_clause_sample stage=log-scop clauses=724000000 bytes=95589453824 interval_clauses=1000000
c 00h04m34s | memory:rss checkpoint=encode_clause_sample stage=log-scop clauses=725000000 bytes=95691501568 interval_clauses=1000000
c 00h04m34s | memory:rss checkpoint=encode_clause_sample stage=log-scop clauses=726000000 bytes=95795212288 interval_clauses=1000000
c 00h04m34s | memory:rss checkpoint=encode_clause_sample stage=log-scop clauses=727000000 bytes=95905210368 interval_clauses=1000000
c 00h04m35s | memory:rss checkpoint=encode_clause_sample stage=log-scop clauses=728000000 bytes=96009039872 interval_clauses=1000000
c 00h04m35s | memory:rss checkpoint=encode_clause_sample stage=log-scop clauses=729000000 bytes=96112459776 interval_clauses=1000000
c 00h04m35s | memory:rss checkpoint=encode_clause_sample stage=log-scop clauses=730000000 bytes=96214224896 interval_clauses=1000000
c 00h04m36s | memory:rss checkpoint=encode_clause_sample stage=log-scop clauses=731000000 bytes=96324345856 interval_clauses=1000000
c 00h04m36s | memory:rss checkpoint=encode_clause_sample stage=log-scop clauses=732000000 bytes=96428077056 interval_clauses=1000000
c 00h04m36s | memory:rss checkpoint=encode_clause_sample stage=log-scop clauses=733000000 bytes=96532647936 interval_clauses=1000000
c 00h04m37s | memory:rss checkpoint=encode_clause_sample stage=log-scop clauses=734000000 bytes=96480784384 interval_clauses=1000000
c 00h04m37s | memory:rss checkpoint=encode_clause_sample stage=log-scop clauses=735000000 bytes=96503910400 interval_clauses=1000000
c 00h04m38s | memory:rss checkpoint=encode_clause_sample stage=log-scop clauses=736000000 bytes=96522842112 interval_clauses=1000000
c 00h04m38s | memory:rss checkpoint=encode_clause_sample stage=log-scop clauses=737000000 bytes=96535351296 interval_clauses=1000000
c 00h04m39s | memory:rss checkpoint=encode_clause_sample stage=log-scop clauses=738000000 bytes=96502140928 interval_clauses=1000000
c 00h04m39s | memory:rss checkpoint=encode_clause_sample stage=log-scop clauses=739000000 bytes=96507998208 interval_clauses=1000000
c 00h04m40s | memory:rss checkpoint=encode_clause_sample stage=log-scop clauses=740000000 bytes=96510230528 interval_clauses=1000000
c 00h04m40s | memory:rss checkpoint=encode_clause_sample stage=log-scop clauses=741000000 bytes=96512884736 interval_clauses=1000000
c 00h04m41s | memory:rss checkpoint=encode_clause_sample stage=log-scop clauses=742000000 bytes=96532627456 interval_clauses=1000000
c 00h04m41s | memory:rss checkpoint=encode_clause_sample stage=log-scop clauses=743000000 bytes=96558817280 interval_clauses=1000000
c 00h04m42s | memory:rss checkpoint=encode_clause_sample stage=log-scop clauses=744000000 bytes=96540303360 interval_clauses=1000000
c 00h04m42s | memory:rss checkpoint=encode_clause_sample stage=log-scop clauses=745000000 bytes=96518529024 interval_clauses=1000000
c 00h04m43s | memory:rss checkpoint=encode_clause_sample stage=log-scop clauses=746000000 bytes=96538705920 interval_clauses=1000000
c 00h04m43s | memory:rss checkpoint=encode_clause_sample stage=log-scop clauses=747000000 bytes=96560168960 interval_clauses=1000000
c 00h04m43s | memory:rss checkpoint=encode_clause_sample stage=log-scop clauses=748000000 bytes=96664461312 interval_clauses=1000000
c 00h04m44s | memory:rss checkpoint=encode_clause_sample stage=log-scop clauses=749000000 bytes=96636542976 interval_clauses=1000000
c 00h04m44s | memory:rss checkpoint=encode_clause_sample stage=log-scop clauses=750000000 bytes=96625065984 interval_clauses=1000000
c 00h04m45s | memory:rss checkpoint=encode_clause_sample stage=log-scop clauses=751000000 bytes=96730226688 interval_clauses=1000000
c 00h04m45s | memory:rss checkpoint=encode_clause_sample stage=log-scop clauses=752000000 bytes=96833204224 interval_clauses=1000000
c 00h04m46s | memory:rss checkpoint=encode_clause_sample stage=log-scop clauses=753000000 bytes=96938139648 interval_clauses=1000000
c 00h04m46s | memory:rss checkpoint=encode_clause_sample stage=log-scop clauses=754000000 bytes=97049677824 interval_clauses=1000000
c 00h04m46s | memory:rss checkpoint=encode_clause_sample stage=log-scop clauses=755000000 bytes=97153495040 interval_clauses=1000000
c 00h04m47s | memory:rss checkpoint=encode_clause_sample stage=log-scop clauses=756000000 bytes=97257881600 interval_clauses=1000000
c 00h04m47s | memory:rss checkpoint=encode_clause_sample stage=log-scop clauses=757000000 bytes=97362763776 interval_clauses=1000000
c 00h04m47s | memory:rss checkpoint=encode_clause_sample stage=log-scop clauses=758000000 bytes=97474162688 interval_clauses=1000000
c 00h04m48s | memory:rss checkpoint=encode_clause_sample stage=log-scop clauses=759000000 bytes=97578594304 interval_clauses=1000000
c 00h04m48s | memory:rss checkpoint=encode_clause_sample stage=log-scop clauses=760000000 bytes=97683181568 interval_clauses=1000000
c 00h04m50s | memory:rss checkpoint=encode_clause_sample stage=log-scop clauses=761000000 bytes=97609867264 interval_clauses=1000000
c 00h04m55s | stage:encode(log-scop):done ms=277202 sat_vars=88059241 sat_clauses=761669581 relaxed_circuits=0 log_scop_pb_constraints=322343 log_scop_pb_mixed=0 log_scop_pb_bdd2=322343 log_scop_pb_bdd3=0 log_scop_pb_sorter=0 log_scop_pb_dadda=0 log_scop_bdd_raw=322343 log_scop_bdd_binary=0 log_scop_bdd_multibase=0
c 00h04m59s | stage:sat:init solver=CaDiCaL vars=88059241 clauses=761669581
c 00h04m59s | stage:sat:solve:start assumptions=0 phase_lits=0
bash: line 8: 3674444 Killed                  "$PARSER_BIN" "$INSTANCE_PATH" "$@"
