c cmd: /host-parser-bin/kat_xcsp_a5249e5b_logscop_autobdd_norootlp_20260516 /bench/competition/2022-2025/COP22to25/SchedulingOS-gp-04-01_c25.xml.lzma --encoder log-scop --order-ge-table mdd-tl --log-scop-linear-pb-backend auto --no-root-lp-bound --progress
c 00h00m00s | solve:start
c 00h00m00s | input: constraints=48
c 00h00m00s | stage:propagate:start
c 00h00m00s | stage:propagate:done ms=7 pruned=0 changed_domains=0 entailed_tables=0
c 00h00m00s | stage:normalize:start
c 00h00m00s | stage:normalize:done ms=0 high_constraints=48
c 00h00m00s | stage:lower:start
c 00h00m00s | stage:lower:done ms=0 lowered=48 unsupported=0
c 00h00m00s | stage:post_lower:start
c 00h00m00s | stage:post_lower:done ms=0 rounds=12 tightened=20 removed_cls=0 removed_lits=0 unsat=false precise_hits=0 precise_rounds=0 pivot_recomputes=56 pivot_exact_attempts=0 pivot_general_attempts=56 pivot_general_rest_missing=0 pivot_general_bound_missing=0 pivot_general_no_change=44 pivot_general_tightened=12 setup_ms=0 loop_ms=0 pivot_ms=0 pivot_version_ms=0 pivot_exact_ms=0 pivot_general_ms=0 pivot_general_prepare_ms=0 pivot_general_rest_ms=0 pivot_general_derive_ms=0 apply_ms=0 sat_ms=0 precise_ms=0
c 00h00m00s | stage:lowered-shape int_vars=64 bool_vars=48 linear_atoms=192 table_atoms=16 table_tuples=64 table_scope=32 alldiff_atoms=4 circuit_atoms=0 product_atoms=0 logical_clauses=172
c 00h00m00s | stage:root-lp:skip reason=disabled_by_option ms=0
c 00h00m00s | stage:preencode(log-scop):start
c 00h00m00s | stage:preencode(log-scop):done ms=0 int_vars=64
c 00h00m00s | stage:encode(log-scop):start
c 00h00m00s | stage:encode(log-scop):done ms=11 sat_vars=13091 sat_clauses=22132 ext_ge_specs=0 relaxed_circuits=0 log_scop_pb_constraints=320 log_scop_pb_mixed=0 log_scop_pb_bdd2=320 log_scop_pb_bdd3=0 log_scop_pb_sorter=0 log_scop_pb_dadda=0 log_scop_bdd_raw=320 log_scop_bdd_binary=0 log_scop_bdd_multibase=0
c 00h00m00s | stage:sat:init solver=CaDiCaL vars=13091 clauses=22132
c 00h00m00s | stage:sat:solve:start round=1 circuit_cegar_rounds=- cumulative_cegar_rounds=- cop_cegar_rounds=1 assumptions=0 phase_lits=0
c 00h00m00s | stage:sat:solve:done round=1 ms=12 result=Sat assumptions=0 phase_lits=0
c 00h00m00s | stage:decode:start round=1 requested_int_ids=64
c 00h00m00s | stage:decode:final:start round=1 requested_int_ids=64
c 00h00m00s | stage:decode:done round=1 int_assignments=64
c 00h00m00s | stage:relaxation:done clauses_added=0 circuit_cegar_failures=0 circuit_cegar_rounds=0 circuit_cegar_added_clauses=0 cumulative_cegar_failures=0 cumulative_cegar_rounds=0 cumulative_cegar_added_clauses=0 cop_cegar_failures=0 cop_cegar_rounds=1 cop_cegar_added_clauses=0
c 00h00m00s | result:Sat
c 00h00m00s | objective:incumbent kind=initial value=4032 rounds=1 improvements=0
o 4032
c 00h00m00s | stage:sat:init solver=CaDiCaL vars=13091 clauses=22132
c 00h00m00s | stage:sat:solve:start round=1 circuit_cegar_rounds=- cumulative_cegar_rounds=- cop_cegar_rounds=2 assumptions=0 phase_lits=572
c 00h00m00s | stage:sat:solve:done round=1 ms=1 result=Sat assumptions=0 phase_lits=572
c 00h00m00s | stage:decode:start round=1 requested_int_ids=64
c 00h00m00s | stage:relaxation:done round=1 clauses_added=3548 circuit_clauses_added=0 cumulative_clauses_added=0 cop_clauses_added=3548 circuit_cegar_failures=0 circuit_cegar_rounds=0 circuit_cegar_added_clauses=0 cumulative_cegar_failures=0 cumulative_cegar_rounds=0 cumulative_cegar_added_clauses=0 cop_cegar_failures=1 cop_cegar_rounds=2 cop_cegar_added_clauses=3548
c 00h00m00s | stage:sat:solve:start round=2 circuit_cegar_rounds=- cumulative_cegar_rounds=- cop_cegar_rounds=3 assumptions=0 phase_lits=572
c 00h00m00s | stage:sat:solve:done round=2 ms=26 result=Sat assumptions=0 phase_lits=572
c 00h00m00s | stage:decode:start round=2 requested_int_ids=64
c 00h00m00s | stage:decode:final:start round=2 requested_int_ids=64
c 00h00m00s | stage:decode:done round=2 int_assignments=64
c 00h00m00s | stage:relaxation:done clauses_added=0 circuit_cegar_failures=0 circuit_cegar_rounds=0 circuit_cegar_added_clauses=0 cumulative_cegar_failures=0 cumulative_cegar_rounds=0 cumulative_cegar_added_clauses=0 cop_cegar_failures=1 cop_cegar_rounds=3 cop_cegar_added_clauses=3548
c 00h00m00s | result:Sat
c 00h00m00s | objective:incumbent kind=improvement value=4031 rounds=2 improvements=1
o 4031
c 00h00m00s | stage:sat:init solver=CaDiCaL vars=13091 clauses=22132
c 00h00m00s | stage:sat:solve:start round=1 circuit_cegar_rounds=- cumulative_cegar_rounds=- cop_cegar_rounds=4 assumptions=0 phase_lits=572
c 00h00m00s | stage:sat:solve:done round=1 ms=3 result=Sat assumptions=0 phase_lits=572
c 00h00m00s | stage:decode:start round=1 requested_int_ids=64
c 00h00m00s | stage:relaxation:done round=1 clauses_added=3543 circuit_clauses_added=0 cumulative_clauses_added=0 cop_clauses_added=3543 circuit_cegar_failures=0 circuit_cegar_rounds=0 circuit_cegar_added_clauses=0 cumulative_cegar_failures=0 cumulative_cegar_rounds=0 cumulative_cegar_added_clauses=0 cop_cegar_failures=2 cop_cegar_rounds=4 cop_cegar_added_clauses=7091
c 00h00m00s | stage:sat:solve:start round=2 circuit_cegar_rounds=- cumulative_cegar_rounds=- cop_cegar_rounds=5 assumptions=0 phase_lits=572
c 00h00m00s | stage:sat:solve:done round=2 ms=3 result=Sat assumptions=0 phase_lits=572
c 00h00m00s | stage:decode:start round=2 requested_int_ids=64
c 00h00m00s | stage:decode:final:start round=2 requested_int_ids=64
c 00h00m00s | stage:decode:done round=2 int_assignments=64
c 00h00m00s | stage:relaxation:done clauses_added=0 circuit_cegar_failures=0 circuit_cegar_rounds=0 circuit_cegar_added_clauses=0 cumulative_cegar_failures=0 cumulative_cegar_rounds=0 cumulative_cegar_added_clauses=0 cop_cegar_failures=2 cop_cegar_rounds=5 cop_cegar_added_clauses=7091
c 00h00m00s | result:Sat
c 00h00m00s | objective:incumbent kind=improvement value=4027 rounds=3 improvements=2
o 4027
c 00h00m00s | stage:sat:init solver=CaDiCaL vars=13091 clauses=22132
c 00h00m00s | stage:sat:solve:start round=1 circuit_cegar_rounds=- cumulative_cegar_rounds=- cop_cegar_rounds=6 assumptions=0 phase_lits=572
c 00h00m00s | stage:sat:solve:done round=1 ms=3 result=Sat assumptions=0 phase_lits=572
c 00h00m00s | stage:decode:start round=1 requested_int_ids=64
c 00h00m00s | stage:relaxation:done round=1 clauses_added=3545 circuit_clauses_added=0 cumulative_clauses_added=0 cop_clauses_added=3545 circuit_cegar_failures=0 circuit_cegar_rounds=0 circuit_cegar_added_clauses=0 cumulative_cegar_failures=0 cumulative_cegar_rounds=0 cumulative_cegar_added_clauses=0 cop_cegar_failures=3 cop_cegar_rounds=6 cop_cegar_added_clauses=10636
c 00h00m00s | stage:sat:solve:start round=2 circuit_cegar_rounds=- cumulative_cegar_rounds=- cop_cegar_rounds=7 assumptions=0 phase_lits=572
c 00h00m00s | stage:sat:solve:done round=2 ms=3 result=Sat assumptions=0 phase_lits=572
c 00h00m00s | stage:decode:start round=2 requested_int_ids=64
c 00h00m00s | stage:decode:final:start round=2 requested_int_ids=64
c 00h00m00s | stage:decode:done round=2 int_assignments=64
c 00h00m00s | stage:relaxation:done clauses_added=0 circuit_cegar_failures=0 circuit_cegar_rounds=0 circuit_cegar_added_clauses=0 cumulative_cegar_failures=0 cumulative_cegar_rounds=0 cumulative_cegar_added_clauses=0 cop_cegar_failures=3 cop_cegar_rounds=7 cop_cegar_added_clauses=10636
c 00h00m00s | result:Sat
c 00h00m00s | objective:incumbent kind=improvement value=4026 rounds=4 improvements=3
o 4026
c 00h00m00s | stage:sat:init solver=CaDiCaL vars=13091 clauses=22132
c 00h00m00s | stage:sat:solve:start round=1 circuit_cegar_rounds=- cumulative_cegar_rounds=- cop_cegar_rounds=8 assumptions=0 phase_lits=572
c 00h00m00s | stage:sat:solve:done round=1 ms=3 result=Sat assumptions=0 phase_lits=572
c 00h00m00s | stage:decode:start round=1 requested_int_ids=64
c 00h00m00s | stage:relaxation:done round=1 clauses_added=3548 circuit_clauses_added=0 cumulative_clauses_added=0 cop_clauses_added=3548 circuit_cegar_failures=0 circuit_cegar_rounds=0 circuit_cegar_added_clauses=0 cumulative_cegar_failures=0 cumulative_cegar_rounds=0 cumulative_cegar_added_clauses=0 cop_cegar_failures=4 cop_cegar_rounds=8 cop_cegar_added_clauses=14184
c 00h00m00s | stage:sat:solve:start round=2 circuit_cegar_rounds=- cumulative_cegar_rounds=- cop_cegar_rounds=9 assumptions=0 phase_lits=572
c 00h00m00s | stage:sat:solve:done round=2 ms=3 result=Sat assumptions=0 phase_lits=572
c 00h00m00s | stage:decode:start round=2 requested_int_ids=64
c 00h00m00s | stage:decode:final:start round=2 requested_int_ids=64
c 00h00m00s | stage:decode:done round=2 int_assignments=64
c 00h00m00s | stage:relaxation:done clauses_added=0 circuit_cegar_failures=0 circuit_cegar_rounds=0 circuit_cegar_added_clauses=0 cumulative_cegar_failures=0 cumulative_cegar_rounds=0 cumulative_cegar_added_clauses=0 cop_cegar_failures=4 cop_cegar_rounds=9 cop_cegar_added_clauses=14184
c 00h00m00s | result:Sat
c 00h00m00s | objective:incumbent kind=improvement value=4024 rounds=5 improvements=4
o 4024
c 00h00m00s | stage:sat:init solver=CaDiCaL vars=13091 clauses=22132
c 00h00m00s | stage:sat:solve:start round=1 circuit_cegar_rounds=- cumulative_cegar_rounds=- cop_cegar_rounds=10 assumptions=0 phase_lits=572
c 00h00m00s | stage:sat:solve:done round=1 ms=3 result=Sat assumptions=0 phase_lits=572
c 00h00m00s | stage:decode:start round=1 requested_int_ids=64
c 00h00m00s | stage:relaxation:done round=1 clauses_added=3549 circuit_clauses_added=0 cumulative_clauses_added=0 cop_clauses_added=3549 circuit_cegar_failures=0 circuit_cegar_rounds=0 circuit_cegar_added_clauses=0 cumulative_cegar_failures=0 cumulative_cegar_rounds=0 cumulative_cegar_added_clauses=0 cop_cegar_failures=5 cop_cegar_rounds=10 cop_cegar_added_clauses=17733
c 00h00m00s | stage:sat:solve:start round=2 circuit_cegar_rounds=- cumulative_cegar_rounds=- cop_cegar_rounds=11 assumptions=0 phase_lits=572
c 00h00m00s | stage:sat:solve:done round=2 ms=3 result=Sat assumptions=0 phase_lits=572
c 00h00m00s | stage:decode:start round=2 requested_int_ids=64
c 00h00m00s | stage:decode:final:start round=2 requested_int_ids=64
c 00h00m00s | stage:decode:done round=2 int_assignments=64
c 00h00m00s | stage:relaxation:done clauses_added=0 circuit_cegar_failures=0 circuit_cegar_rounds=0 circuit_cegar_added_clauses=0 cumulative_cegar_failures=0 cumulative_cegar_rounds=0 cumulative_cegar_added_clauses=0 cop_cegar_failures=5 cop_cegar_rounds=11 cop_cegar_added_clauses=17733
c 00h00m00s | result:Sat
c 00h00m00s | objective:incumbent kind=improvement value=3992 rounds=6 improvements=5
o 3992
c 00h00m00s | stage:sat:init solver=CaDiCaL vars=13091 clauses=22132
c 00h00m00s | stage:sat:solve:start round=1 circuit_cegar_rounds=- cumulative_cegar_rounds=- cop_cegar_rounds=12 assumptions=0 phase_lits=572
c 00h00m00s | stage:sat:solve:done round=1 ms=3 result=Sat assumptions=0 phase_lits=572
c 00h00m00s | stage:decode:start round=1 requested_int_ids=64
c 00h00m00s | stage:relaxation:done round=1 clauses_added=3550 circuit_clauses_added=0 cumulative_clauses_added=0 cop_clauses_added=3550 circuit_cegar_failures=0 circuit_cegar_rounds=0 circuit_cegar_added_clauses=0 cumulative_cegar_failures=0 cumulative_cegar_rounds=0 cumulative_cegar_added_clauses=0 cop_cegar_failures=6 cop_cegar_rounds=12 cop_cegar_added_clauses=21283
c 00h00m00s | stage:sat:solve:start round=2 circuit_cegar_rounds=- cumulative_cegar_rounds=- cop_cegar_rounds=13 assumptions=0 phase_lits=572
c 00h00m00s | stage:sat:solve:done round=2 ms=48 result=Sat assumptions=0 phase_lits=572
c 00h00m00s | stage:decode:start round=2 requested_int_ids=64
c 00h00m00s | stage:decode:final:start round=2 requested_int_ids=64
c 00h00m00s | stage:decode:done round=2 int_assignments=64
c 00h00m00s | stage:relaxation:done clauses_added=0 circuit_cegar_failures=0 circuit_cegar_rounds=0 circuit_cegar_added_clauses=0 cumulative_cegar_failures=0 cumulative_cegar_rounds=0 cumulative_cegar_added_clauses=0 cop_cegar_failures=6 cop_cegar_rounds=13 cop_cegar_added_clauses=21283
c 00h00m00s | result:Sat
c 00h00m00s | objective:incumbent kind=improvement value=3979 rounds=7 improvements=6
o 3979
c 00h00m00s | stage:sat:init solver=CaDiCaL vars=13091 clauses=22132
c 00h00m00s | stage:sat:solve:start round=1 circuit_cegar_rounds=- cumulative_cegar_rounds=- cop_cegar_rounds=14 assumptions=0 phase_lits=572
c 00h00m00s | stage:sat:solve:done round=1 ms=3 result=Sat assumptions=0 phase_lits=572
c 00h00m00s | stage:decode:start round=1 requested_int_ids=64
c 00h00m00s | stage:relaxation:done round=1 clauses_added=3547 circuit_clauses_added=0 cumulative_clauses_added=0 cop_clauses_added=3547 circuit_cegar_failures=0 circuit_cegar_rounds=0 circuit_cegar_added_clauses=0 cumulative_cegar_failures=0 cumulative_cegar_rounds=0 cumulative_cegar_added_clauses=0 cop_cegar_failures=7 cop_cegar_rounds=14 cop_cegar_added_clauses=24830
c 00h00m00s | stage:sat:solve:start round=2 circuit_cegar_rounds=- cumulative_cegar_rounds=- cop_cegar_rounds=15 assumptions=0 phase_lits=572
c 00h00m00s | stage:sat:solve:done round=2 ms=2 result=Sat assumptions=0 phase_lits=572
c 00h00m00s | stage:decode:start round=2 requested_int_ids=64
c 00h00m00s | stage:decode:final:start round=2 requested_int_ids=64
c 00h00m00s | stage:decode:done round=2 int_assignments=64
c 00h00m00s | stage:relaxation:done clauses_added=0 circuit_cegar_failures=0 circuit_cegar_rounds=0 circuit_cegar_added_clauses=0 cumulative_cegar_failures=0 cumulative_cegar_rounds=0 cumulative_cegar_added_clauses=0 cop_cegar_failures=7 cop_cegar_rounds=15 cop_cegar_added_clauses=24830
c 00h00m00s | result:Sat
c 00h00m00s | objective:incumbent kind=improvement value=3975 rounds=8 improvements=7
o 3975
c 00h00m00s | stage:sat:init solver=CaDiCaL vars=13091 clauses=22132
c 00h00m00s | stage:sat:solve:start round=1 circuit_cegar_rounds=- cumulative_cegar_rounds=- cop_cegar_rounds=16 assumptions=0 phase_lits=572
c 00h00m00s | stage:sat:solve:done round=1 ms=2 result=Sat assumptions=0 phase_lits=572
c 00h00m00s | stage:decode:start round=1 requested_int_ids=64
c 00h00m00s | stage:relaxation:done round=1 clauses_added=3538 circuit_clauses_added=0 cumulative_clauses_added=0 cop_clauses_added=3538 circuit_cegar_failures=0 circuit_cegar_rounds=0 circuit_cegar_added_clauses=0 cumulative_cegar_failures=0 cumulative_cegar_rounds=0 cumulative_cegar_added_clauses=0 cop_cegar_failures=8 cop_cegar_rounds=16 cop_cegar_added_clauses=28368
c 00h00m00s | stage:sat:solve:start round=2 circuit_cegar_rounds=- cumulative_cegar_rounds=- cop_cegar_rounds=17 assumptions=0 phase_lits=572
c 00h00m00s | stage:sat:solve:done round=2 ms=38 result=Sat assumptions=0 phase_lits=572
c 00h00m00s | stage:decode:start round=2 requested_int_ids=64
c 00h00m00s | stage:decode:final:start round=2 requested_int_ids=64
c 00h00m00s | stage:decode:done round=2 int_assignments=64
c 00h00m00s | stage:relaxation:done clauses_added=0 circuit_cegar_failures=0 circuit_cegar_rounds=0 circuit_cegar_added_clauses=0 cumulative_cegar_failures=0 cumulative_cegar_rounds=0 cumulative_cegar_added_clauses=0 cop_cegar_failures=8 cop_cegar_rounds=17 cop_cegar_added_clauses=28368
c 00h00m00s | result:Sat
c 00h00m00s | objective:incumbent kind=improvement value=3974 rounds=9 improvements=8
o 3974
c 00h00m00s | stage:sat:init solver=CaDiCaL vars=13091 clauses=22132
c 00h00m00s | stage:sat:solve:start round=1 circuit_cegar_rounds=- cumulative_cegar_rounds=- cop_cegar_rounds=18 assumptions=0 phase_lits=572
c 00h00m00s | stage:sat:solve:done round=1 ms=6 result=Sat assumptions=0 phase_lits=572
c 00h00m00s | stage:decode:start round=1 requested_int_ids=64
c 00h00m00s | stage:relaxation:done round=1 clauses_added=3546 circuit_clauses_added=0 cumulative_clauses_added=0 cop_clauses_added=3546 circuit_cegar_failures=0 circuit_cegar_rounds=0 circuit_cegar_added_clauses=0 cumulative_cegar_failures=0 cumulative_cegar_rounds=0 cumulative_cegar_added_clauses=0 cop_cegar_failures=9 cop_cegar_rounds=18 cop_cegar_added_clauses=31914
c 00h00m00s | stage:sat:solve:start round=2 circuit_cegar_rounds=- cumulative_cegar_rounds=- cop_cegar_rounds=19 assumptions=0 phase_lits=572
c 00h00m00s | stage:sat:solve:done round=2 ms=6 result=Sat assumptions=0 phase_lits=572
c 00h00m00s | stage:decode:start round=2 requested_int_ids=64
c 00h00m00s | stage:decode:final:start round=2 requested_int_ids=64
c 00h00m00s | stage:decode:done round=2 int_assignments=64
c 00h00m00s | stage:relaxation:done clauses_added=0 circuit_cegar_failures=0 circuit_cegar_rounds=0 circuit_cegar_added_clauses=0 cumulative_cegar_failures=0 cumulative_cegar_rounds=0 cumulative_cegar_added_clauses=0 cop_cegar_failures=9 cop_cegar_rounds=19 cop_cegar_added_clauses=31914
c 00h00m00s | result:Sat
c 00h00m00s | objective:incumbent kind=improvement value=3973 rounds=10 improvements=9
o 3973
c 00h00m00s | stage:sat:init solver=CaDiCaL vars=13091 clauses=22132
c 00h00m00s | stage:sat:solve:start round=1 circuit_cegar_rounds=- cumulative_cegar_rounds=- cop_cegar_rounds=20 assumptions=0 phase_lits=572
c 00h00m00s | stage:sat:solve:done round=1 ms=6 result=Sat assumptions=0 phase_lits=572
c 00h00m00s | stage:decode:start round=1 requested_int_ids=64
c 00h00m00s | stage:relaxation:done round=1 clauses_added=3545 circuit_clauses_added=0 cumulative_clauses_added=0 cop_clauses_added=3545 circuit_cegar_failures=0 circuit_cegar_rounds=0 circuit_cegar_added_clauses=0 cumulative_cegar_failures=0 cumulative_cegar_rounds=0 cumulative_cegar_added_clauses=0 cop_cegar_failures=10 cop_cegar_rounds=20 cop_cegar_added_clauses=35459
c 00h00m00s | stage:sat:solve:start round=2 circuit_cegar_rounds=- cumulative_cegar_rounds=- cop_cegar_rounds=21 assumptions=0 phase_lits=572
c 00h00m00s | stage:sat:solve:done round=2 ms=6 result=Sat assumptions=0 phase_lits=572
c 00h00m00s | stage:decode:start round=2 requested_int_ids=64
c 00h00m00s | stage:decode:final:start round=2 requested_int_ids=64
c 00h00m00s | stage:decode:done round=2 int_assignments=64
c 00h00m00s | stage:relaxation:done clauses_added=0 circuit_cegar_failures=0 circuit_cegar_rounds=0 circuit_cegar_added_clauses=0 cumulative_cegar_failures=0 cumulative_cegar_rounds=0 cumulative_cegar_added_clauses=0 cop_cegar_failures=10 cop_cegar_rounds=21 cop_cegar_added_clauses=35459
c 00h00m00s | result:Sat
c 00h00m00s | objective:incumbent kind=improvement value=3958 rounds=11 improvements=10
o 3958
c 00h00m00s | stage:sat:init solver=CaDiCaL vars=13091 clauses=22132
c 00h00m00s | stage:sat:solve:start round=1 circuit_cegar_rounds=- cumulative_cegar_rounds=- cop_cegar_rounds=22 assumptions=0 phase_lits=572
c 00h00m00s | stage:sat:solve:done round=1 ms=6 result=Sat assumptions=0 phase_lits=572
c 00h00m00s | stage:decode:start round=1 requested_int_ids=64
c 00h00m00s | stage:relaxation:done round=1 clauses_added=3547 circuit_clauses_added=0 cumulative_clauses_added=0 cop_clauses_added=3547 circuit_cegar_failures=0 circuit_cegar_rounds=0 circuit_cegar_added_clauses=0 cumulative_cegar_failures=0 cumulative_cegar_rounds=0 cumulative_cegar_added_clauses=0 cop_cegar_failures=11 cop_cegar_rounds=22 cop_cegar_added_clauses=39006
c 00h00m00s | stage:sat:solve:start round=2 circuit_cegar_rounds=- cumulative_cegar_rounds=- cop_cegar_rounds=23 assumptions=0 phase_lits=572
c 00h00m00s | stage:sat:solve:done round=2 ms=5 result=Sat assumptions=0 phase_lits=572
c 00h00m00s | stage:decode:start round=2 requested_int_ids=64
c 00h00m00s | stage:decode:final:start round=2 requested_int_ids=64
c 00h00m00s | stage:decode:done round=2 int_assignments=64
c 00h00m00s | stage:relaxation:done clauses_added=0 circuit_cegar_failures=0 circuit_cegar_rounds=0 circuit_cegar_added_clauses=0 cumulative_cegar_failures=0 cumulative_cegar_rounds=0 cumulative_cegar_added_clauses=0 cop_cegar_failures=11 cop_cegar_rounds=23 cop_cegar_added_clauses=39006
c 00h00m00s | result:Sat
c 00h00m00s | objective:incumbent kind=improvement value=3941 rounds=12 improvements=11
o 3941
c 00h00m00s | stage:sat:init solver=CaDiCaL vars=13091 clauses=22132
c 00h00m00s | stage:sat:solve:start round=1 circuit_cegar_rounds=- cumulative_cegar_rounds=- cop_cegar_rounds=24 assumptions=0 phase_lits=572
c 00h00m00s | stage:sat:solve:done round=1 ms=5 result=Sat assumptions=0 phase_lits=572
c 00h00m00s | stage:decode:start round=1 requested_int_ids=64
c 00h00m00s | stage:relaxation:done round=1 clauses_added=3546 circuit_clauses_added=0 cumulative_clauses_added=0 cop_clauses_added=3546 circuit_cegar_failures=0 circuit_cegar_rounds=0 circuit_cegar_added_clauses=0 cumulative_cegar_failures=0 cumulative_cegar_rounds=0 cumulative_cegar_added_clauses=0 cop_cegar_failures=12 cop_cegar_rounds=24 cop_cegar_added_clauses=42552
c 00h00m00s | stage:sat:solve:start round=2 circuit_cegar_rounds=- cumulative_cegar_rounds=- cop_cegar_rounds=25 assumptions=0 phase_lits=572
c 00h00m00s | stage:sat:solve:done round=2 ms=6 result=Sat assumptions=0 phase_lits=572
c 00h00m00s | stage:decode:start round=2 requested_int_ids=64
c 00h00m00s | stage:decode:final:start round=2 requested_int_ids=64
c 00h00m00s | stage:decode:done round=2 int_assignments=64
c 00h00m00s | stage:relaxation:done clauses_added=0 circuit_cegar_failures=0 circuit_cegar_rounds=0 circuit_cegar_added_clauses=0 cumulative_cegar_failures=0 cumulative_cegar_rounds=0 cumulative_cegar_added_clauses=0 cop_cegar_failures=12 cop_cegar_rounds=25 cop_cegar_added_clauses=42552
c 00h00m00s | result:Sat
c 00h00m00s | objective:incumbent kind=improvement value=3894 rounds=13 improvements=12
o 3894
c 00h00m00s | stage:sat:init solver=CaDiCaL vars=13091 clauses=22132
c 00h00m00s | stage:sat:solve:start round=1 circuit_cegar_rounds=- cumulative_cegar_rounds=- cop_cegar_rounds=26 assumptions=0 phase_lits=572
c 00h00m00s | stage:sat:solve:done round=1 ms=5 result=Sat assumptions=0 phase_lits=572
c 00h00m00s | stage:decode:start round=1 requested_int_ids=64
c 00h00m00s | stage:relaxation:done round=1 clauses_added=3548 circuit_clauses_added=0 cumulative_clauses_added=0 cop_clauses_added=3548 circuit_cegar_failures=0 circuit_cegar_rounds=0 circuit_cegar_added_clauses=0 cumulative_cegar_failures=0 cumulative_cegar_rounds=0 cumulative_cegar_added_clauses=0 cop_cegar_failures=13 cop_cegar_rounds=26 cop_cegar_added_clauses=46100
c 00h00m00s | stage:sat:solve:start round=2 circuit_cegar_rounds=- cumulative_cegar_rounds=- cop_cegar_rounds=27 assumptions=0 phase_lits=572
c 00h00m00s | stage:sat:solve:done round=2 ms=5 result=Sat assumptions=0 phase_lits=572
c 00h00m00s | stage:decode:start round=2 requested_int_ids=64
c 00h00m00s | stage:decode:final:start round=2 requested_int_ids=64
c 00h00m00s | stage:decode:done round=2 int_assignments=64
c 00h00m00s | stage:relaxation:done clauses_added=0 circuit_cegar_failures=0 circuit_cegar_rounds=0 circuit_cegar_added_clauses=0 cumulative_cegar_failures=0 cumulative_cegar_rounds=0 cumulative_cegar_added_clauses=0 cop_cegar_failures=13 cop_cegar_rounds=27 cop_cegar_added_clauses=46100
c 00h00m00s | result:Sat
c 00h00m00s | objective:incumbent kind=improvement value=3766 rounds=14 improvements=13
o 3766
c 00h00m00s | stage:sat:init solver=CaDiCaL vars=13091 clauses=22132
c 00h00m00s | stage:sat:solve:start round=1 circuit_cegar_rounds=- cumulative_cegar_rounds=- cop_cegar_rounds=28 assumptions=0 phase_lits=572
c 00h00m00s | stage:sat:solve:done round=1 ms=5 result=Sat assumptions=0 phase_lits=572
c 00h00m00s | stage:decode:start round=1 requested_int_ids=64
c 00h00m00s | stage:relaxation:done round=1 clauses_added=3548 circuit_clauses_added=0 cumulative_clauses_added=0 cop_clauses_added=3548 circuit_cegar_failures=0 circuit_cegar_rounds=0 circuit_cegar_added_clauses=0 cumulative_cegar_failures=0 cumulative_cegar_rounds=0 cumulative_cegar_added_clauses=0 cop_cegar_failures=14 cop_cegar_rounds=28 cop_cegar_added_clauses=49648
c 00h00m00s | stage:sat:solve:start round=2 circuit_cegar_rounds=- cumulative_cegar_rounds=- cop_cegar_rounds=29 assumptions=0 phase_lits=572
c 00h00m00s | stage:sat:solve:done round=2 ms=5 result=Sat assumptions=0 phase_lits=572
c 00h00m00s | stage:decode:start round=2 requested_int_ids=64
c 00h00m00s | stage:decode:final:start round=2 requested_int_ids=64
c 00h00m00s | stage:decode:done round=2 int_assignments=64
c 00h00m00s | stage:relaxation:done clauses_added=0 circuit_cegar_failures=0 circuit_cegar_rounds=0 circuit_cegar_added_clauses=0 cumulative_cegar_failures=0 cumulative_cegar_rounds=0 cumulative_cegar_added_clauses=0 cop_cegar_failures=14 cop_cegar_rounds=29 cop_cegar_added_clauses=49648
c 00h00m00s | result:Sat
c 00h00m00s | objective:incumbent kind=improvement value=3510 rounds=15 improvements=14
o 3510
c 00h00m00s | stage:sat:init solver=CaDiCaL vars=13091 clauses=22132
c 00h00m00s | stage:sat:solve:start round=1 circuit_cegar_rounds=- cumulative_cegar_rounds=- cop_cegar_rounds=30 assumptions=0 phase_lits=572
c 00h00m00s | stage:sat:solve:done round=1 ms=5 result=Sat assumptions=0 phase_lits=572
c 00h00m00s | stage:decode:start round=1 requested_int_ids=64
c 00h00m00s | stage:relaxation:done round=1 clauses_added=3548 circuit_clauses_added=0 cumulative_clauses_added=0 cop_clauses_added=3548 circuit_cegar_failures=0 circuit_cegar_rounds=0 circuit_cegar_added_clauses=0 cumulative_cegar_failures=0 cumulative_cegar_rounds=0 cumulative_cegar_added_clauses=0 cop_cegar_failures=15 cop_cegar_rounds=30 cop_cegar_added_clauses=53196
c 00h00m00s | stage:sat:solve:start round=2 circuit_cegar_rounds=- cumulative_cegar_rounds=- cop_cegar_rounds=31 assumptions=0 phase_lits=572
c 00h00m00s | stage:sat:solve:done round=2 ms=6 result=Sat assumptions=0 phase_lits=572
c 00h00m00s | stage:decode:start round=2 requested_int_ids=64
c 00h00m00s | stage:decode:final:start round=2 requested_int_ids=64
c 00h00m00s | stage:decode:done round=2 int_assignments=64
c 00h00m00s | stage:relaxation:done clauses_added=0 circuit_cegar_failures=0 circuit_cegar_rounds=0 circuit_cegar_added_clauses=0 cumulative_cegar_failures=0 cumulative_cegar_rounds=0 cumulative_cegar_added_clauses=0 cop_cegar_failures=15 cop_cegar_rounds=31 cop_cegar_added_clauses=53196
c 00h00m00s | result:Sat
c 00h00m00s | objective:incumbent kind=improvement value=3509 rounds=16 improvements=15
o 3509
c 00h00m00s | stage:sat:init solver=CaDiCaL vars=13091 clauses=22132
c 00h00m00s | stage:sat:solve:start round=1 circuit_cegar_rounds=- cumulative_cegar_rounds=- cop_cegar_rounds=32 assumptions=0 phase_lits=572
c 00h00m00s | stage:sat:solve:done round=1 ms=5 result=Sat assumptions=0 phase_lits=572
c 00h00m00s | stage:decode:start round=1 requested_int_ids=64
c 00h00m00s | stage:relaxation:done round=1 clauses_added=3547 circuit_clauses_added=0 cumulative_clauses_added=0 cop_clauses_added=3547 circuit_cegar_failures=0 circuit_cegar_rounds=0 circuit_cegar_added_clauses=0 cumulative_cegar_failures=0 cumulative_cegar_rounds=0 cumulative_cegar_added_clauses=0 cop_cegar_failures=16 cop_cegar_rounds=32 cop_cegar_added_clauses=56743
c 00h00m00s | stage:sat:solve:start round=2 circuit_cegar_rounds=- cumulative_cegar_rounds=- cop_cegar_rounds=33 assumptions=0 phase_lits=572
c 00h00m00s | stage:sat:solve:done round=2 ms=12 result=Sat assumptions=0 phase_lits=572
c 00h00m00s | stage:decode:start round=2 requested_int_ids=64
c 00h00m00s | stage:decode:final:start round=2 requested_int_ids=64
c 00h00m00s | stage:decode:done round=2 int_assignments=64
c 00h00m00s | stage:relaxation:done clauses_added=0 circuit_cegar_failures=0 circuit_cegar_rounds=0 circuit_cegar_added_clauses=0 cumulative_cegar_failures=0 cumulative_cegar_rounds=0 cumulative_cegar_added_clauses=0 cop_cegar_failures=16 cop_cegar_rounds=33 cop_cegar_added_clauses=56743
c 00h00m00s | result:Sat
c 00h00m00s | objective:incumbent kind=improvement value=3504 rounds=17 improvements=16
o 3504
c 00h00m00s | stage:sat:init solver=CaDiCaL vars=13091 clauses=22132
c 00h00m00s | stage:sat:solve:start round=1 circuit_cegar_rounds=- cumulative_cegar_rounds=- cop_cegar_rounds=34 assumptions=0 phase_lits=572
c 00h00m00s | stage:sat:solve:done round=1 ms=5 result=Sat assumptions=0 phase_lits=572
c 00h00m00s | stage:decode:start round=1 requested_int_ids=64
c 00h00m00s | stage:relaxation:done round=1 clauses_added=3550 circuit_clauses_added=0 cumulative_clauses_added=0 cop_clauses_added=3550 circuit_cegar_failures=0 circuit_cegar_rounds=0 circuit_cegar_added_clauses=0 cumulative_cegar_failures=0 cumulative_cegar_rounds=0 cumulative_cegar_added_clauses=0 cop_cegar_failures=17 cop_cegar_rounds=34 cop_cegar_added_clauses=60293
c 00h00m00s | stage:sat:solve:start round=2 circuit_cegar_rounds=- cumulative_cegar_rounds=- cop_cegar_rounds=35 assumptions=0 phase_lits=572
c 00h00m00s | stage:sat:solve:done round=2 ms=5 result=Sat assumptions=0 phase_lits=572
c 00h00m00s | stage:decode:start round=2 requested_int_ids=64
c 00h00m00s | stage:decode:final:start round=2 requested_int_ids=64
c 00h00m00s | stage:decode:done round=2 int_assignments=64
c 00h00m00s | stage:relaxation:done clauses_added=0 circuit_cegar_failures=0 circuit_cegar_rounds=0 circuit_cegar_added_clauses=0 cumulative_cegar_failures=0 cumulative_cegar_rounds=0 cumulative_cegar_added_clauses=0 cop_cegar_failures=17 cop_cegar_rounds=35 cop_cegar_added_clauses=60293
c 00h00m00s | result:Sat
c 00h00m00s | objective:incumbent kind=improvement value=2531 rounds=18 improvements=17
o 2531
c 00h00m00s | stage:sat:init solver=CaDiCaL vars=13091 clauses=22132
c 00h00m00s | stage:sat:solve:start round=1 circuit_cegar_rounds=- cumulative_cegar_rounds=- cop_cegar_rounds=36 assumptions=0 phase_lits=572
c 00h00m00s | stage:sat:solve:done round=1 ms=5 result=Sat assumptions=0 phase_lits=572
c 00h00m00s | stage:decode:start round=1 requested_int_ids=64
c 00h00m00s | stage:relaxation:done round=1 clauses_added=3546 circuit_clauses_added=0 cumulative_clauses_added=0 cop_clauses_added=3546 circuit_cegar_failures=0 circuit_cegar_rounds=0 circuit_cegar_added_clauses=0 cumulative_cegar_failures=0 cumulative_cegar_rounds=0 cumulative_cegar_added_clauses=0 cop_cegar_failures=18 cop_cegar_rounds=36 cop_cegar_added_clauses=63839
c 00h00m00s | stage:sat:solve:start round=2 circuit_cegar_rounds=- cumulative_cegar_rounds=- cop_cegar_rounds=37 assumptions=0 phase_lits=572
c 00h00m00s | stage:sat:solve:done round=2 ms=5 result=Sat assumptions=0 phase_lits=572
c 00h00m00s | stage:decode:start round=2 requested_int_ids=64
c 00h00m00s | stage:decode:final:start round=2 requested_int_ids=64
c 00h00m00s | stage:decode:done round=2 int_assignments=64
c 00h00m00s | stage:relaxation:done clauses_added=0 circuit_cegar_failures=0 circuit_cegar_rounds=0 circuit_cegar_added_clauses=0 cumulative_cegar_failures=0 cumulative_cegar_rounds=0 cumulative_cegar_added_clauses=0 cop_cegar_failures=18 cop_cegar_rounds=37 cop_cegar_added_clauses=63839
c 00h00m00s | result:Sat
c 00h00m00s | objective:incumbent kind=improvement value=2489 rounds=19 improvements=18
o 2489
c 00h00m00s | stage:sat:init solver=CaDiCaL vars=13091 clauses=22132
c 00h00m00s | stage:sat:solve:start round=1 circuit_cegar_rounds=- cumulative_cegar_rounds=- cop_cegar_rounds=38 assumptions=0 phase_lits=572
c 00h00m00s | stage:sat:solve:done round=1 ms=5 result=Sat assumptions=0 phase_lits=572
c 00h00m00s | stage:decode:start round=1 requested_int_ids=64
c 00h00m00s | stage:relaxation:done round=1 clauses_added=3549 circuit_clauses_added=0 cumulative_clauses_added=0 cop_clauses_added=3549 circuit_cegar_failures=0 circuit_cegar_rounds=0 circuit_cegar_added_clauses=0 cumulative_cegar_failures=0 cumulative_cegar_rounds=0 cumulative_cegar_added_clauses=0 cop_cegar_failures=19 cop_cegar_rounds=38 cop_cegar_added_clauses=67388
c 00h00m00s | stage:sat:solve:start round=2 circuit_cegar_rounds=- cumulative_cegar_rounds=- cop_cegar_rounds=39 assumptions=0 phase_lits=572
c 00h00m00s | stage:sat:solve:done round=2 ms=5 result=Sat assumptions=0 phase_lits=572
c 00h00m00s | stage:decode:start round=2 requested_int_ids=64
c 00h00m00s | stage:decode:final:start round=2 requested_int_ids=64
c 00h00m00s | stage:decode:done round=2 int_assignments=64
c 00h00m00s | stage:relaxation:done clauses_added=0 circuit_cegar_failures=0 circuit_cegar_rounds=0 circuit_cegar_added_clauses=0 cumulative_cegar_failures=0 cumulative_cegar_rounds=0 cumulative_cegar_added_clauses=0 cop_cegar_failures=19 cop_cegar_rounds=39 cop_cegar_added_clauses=67388
c 00h00m00s | result:Sat
c 00h00m00s | objective:incumbent kind=improvement value=2488 rounds=20 improvements=19
o 2488
c 00h00m00s | stage:sat:init solver=CaDiCaL vars=13091 clauses=22132
c 00h00m00s | stage:sat:solve:start round=1 circuit_cegar_rounds=- cumulative_cegar_rounds=- cop_cegar_rounds=40 assumptions=0 phase_lits=572
c 00h00m00s | stage:sat:solve:done round=1 ms=5 result=Sat assumptions=0 phase_lits=572
c 00h00m00s | stage:decode:start round=1 requested_int_ids=64
c 00h00m00s | stage:relaxation:done round=1 clauses_added=3551 circuit_clauses_added=0 cumulative_clauses_added=0 cop_clauses_added=3551 circuit_cegar_failures=0 circuit_cegar_rounds=0 circuit_cegar_added_clauses=0 cumulative_cegar_failures=0 cumulative_cegar_rounds=0 cumulative_cegar_added_clauses=0 cop_cegar_failures=20 cop_cegar_rounds=40 cop_cegar_added_clauses=70939
c 00h00m00s | stage:sat:solve:start round=2 circuit_cegar_rounds=- cumulative_cegar_rounds=- cop_cegar_rounds=41 assumptions=0 phase_lits=572
c 00h00m00s | stage:sat:solve:done round=2 ms=5 result=Sat assumptions=0 phase_lits=572
c 00h00m00s | stage:decode:start round=2 requested_int_ids=64
c 00h00m00s | stage:decode:final:start round=2 requested_int_ids=64
c 00h00m00s | stage:decode:done round=2 int_assignments=64
c 00h00m00s | stage:relaxation:done clauses_added=0 circuit_cegar_failures=0 circuit_cegar_rounds=0 circuit_cegar_added_clauses=0 cumulative_cegar_failures=0 cumulative_cegar_rounds=0 cumulative_cegar_added_clauses=0 cop_cegar_failures=20 cop_cegar_rounds=41 cop_cegar_added_clauses=70939
c 00h00m00s | result:Sat
c 00h00m00s | objective:incumbent kind=improvement value=2467 rounds=21 improvements=20
o 2467
c 00h00m00s | stage:sat:init solver=CaDiCaL vars=13091 clauses=22132
c 00h00m00s | stage:sat:solve:start round=1 circuit_cegar_rounds=- cumulative_cegar_rounds=- cop_cegar_rounds=42 assumptions=0 phase_lits=572
c 00h00m00s | stage:sat:solve:done round=1 ms=5 result=Sat assumptions=0 phase_lits=572
c 00h00m00s | stage:decode:start round=1 requested_int_ids=64
c 00h00m00s | stage:relaxation:done round=1 clauses_added=3547 circuit_clauses_added=0 cumulative_clauses_added=0 cop_clauses_added=3547 circuit_cegar_failures=0 circuit_cegar_rounds=0 circuit_cegar_added_clauses=0 cumulative_cegar_failures=0 cumulative_cegar_rounds=0 cumulative_cegar_added_clauses=0 cop_cegar_failures=21 cop_cegar_rounds=42 cop_cegar_added_clauses=74486
c 00h00m00s | stage:sat:solve:start round=2 circuit_cegar_rounds=- cumulative_cegar_rounds=- cop_cegar_rounds=43 assumptions=0 phase_lits=572
c 00h00m00s | stage:sat:solve:done round=2 ms=10 result=Sat assumptions=0 phase_lits=572
c 00h00m00s | stage:decode:start round=2 requested_int_ids=64
c 00h00m00s | stage:decode:final:start round=2 requested_int_ids=64
c 00h00m00s | stage:decode:done round=2 int_assignments=64
c 00h00m00s | stage:relaxation:done clauses_added=0 circuit_cegar_failures=0 circuit_cegar_rounds=0 circuit_cegar_added_clauses=0 cumulative_cegar_failures=0 cumulative_cegar_rounds=0 cumulative_cegar_added_clauses=0 cop_cegar_failures=21 cop_cegar_rounds=43 cop_cegar_added_clauses=74486
c 00h00m00s | result:Sat
c 00h00m00s | objective:incumbent kind=improvement value=2452 rounds=22 improvements=21
o 2452
c 00h00m00s | stage:sat:init solver=CaDiCaL vars=13091 clauses=22132
c 00h00m00s | stage:sat:solve:start round=1 circuit_cegar_rounds=- cumulative_cegar_rounds=- cop_cegar_rounds=44 assumptions=0 phase_lits=572
c 00h00m00s | stage:sat:solve:done round=1 ms=5 result=Sat assumptions=0 phase_lits=572
c 00h00m00s | stage:decode:start round=1 requested_int_ids=64
c 00h00m00s | stage:relaxation:done round=1 clauses_added=3551 circuit_clauses_added=0 cumulative_clauses_added=0 cop_clauses_added=3551 circuit_cegar_failures=0 circuit_cegar_rounds=0 circuit_cegar_added_clauses=0 cumulative_cegar_failures=0 cumulative_cegar_rounds=0 cumulative_cegar_added_clauses=0 cop_cegar_failures=22 cop_cegar_rounds=44 cop_cegar_added_clauses=78037
c 00h00m00s | stage:sat:solve:start round=2 circuit_cegar_rounds=- cumulative_cegar_rounds=- cop_cegar_rounds=45 assumptions=0 phase_lits=572
c 00h00m00s | stage:sat:solve:done round=2 ms=83 result=Sat assumptions=0 phase_lits=572
c 00h00m00s | stage:decode:start round=2 requested_int_ids=64
c 00h00m00s | stage:decode:final:start round=2 requested_int_ids=64
c 00h00m00s | stage:decode:done round=2 int_assignments=64
c 00h00m00s | stage:relaxation:done clauses_added=0 circuit_cegar_failures=0 circuit_cegar_rounds=0 circuit_cegar_added_clauses=0 cumulative_cegar_failures=0 cumulative_cegar_rounds=0 cumulative_cegar_added_clauses=0 cop_cegar_failures=22 cop_cegar_rounds=45 cop_cegar_added_clauses=78037
c 00h00m00s | result:Sat
c 00h00m00s | objective:incumbent kind=improvement value=2422 rounds=23 improvements=22
o 2422
c 00h00m00s | stage:sat:init solver=CaDiCaL vars=13091 clauses=22132
c 00h00m00s | stage:sat:solve:start round=1 circuit_cegar_rounds=- cumulative_cegar_rounds=- cop_cegar_rounds=46 assumptions=0 phase_lits=572
c 00h00m00s | stage:sat:solve:done round=1 ms=12 result=Sat assumptions=0 phase_lits=572
c 00h00m00s | stage:decode:start round=1 requested_int_ids=64
c 00h00m00s | stage:relaxation:done round=1 clauses_added=3549 circuit_clauses_added=0 cumulative_clauses_added=0 cop_clauses_added=3549 circuit_cegar_failures=0 circuit_cegar_rounds=0 circuit_cegar_added_clauses=0 cumulative_cegar_failures=0 cumulative_cegar_rounds=0 cumulative_cegar_added_clauses=0 cop_cegar_failures=23 cop_cegar_rounds=46 cop_cegar_added_clauses=81586
c 00h00m00s | stage:sat:solve:start round=2 circuit_cegar_rounds=- cumulative_cegar_rounds=- cop_cegar_rounds=47 assumptions=0 phase_lits=572
c 00h00m00s | stage:sat:solve:done round=2 ms=35 result=Sat assumptions=0 phase_lits=572
c 00h00m00s | stage:decode:start round=2 requested_int_ids=64
c 00h00m00s | stage:decode:final:start round=2 requested_int_ids=64
c 00h00m00s | stage:decode:done round=2 int_assignments=64
c 00h00m00s | stage:relaxation:done clauses_added=0 circuit_cegar_failures=0 circuit_cegar_rounds=0 circuit_cegar_added_clauses=0 cumulative_cegar_failures=0 cumulative_cegar_rounds=0 cumulative_cegar_added_clauses=0 cop_cegar_failures=23 cop_cegar_rounds=47 cop_cegar_added_clauses=81586
c 00h00m00s | result:Sat
c 00h00m00s | objective:incumbent kind=improvement value=2421 rounds=24 improvements=23
o 2421
c 00h00m00s | stage:sat:init solver=CaDiCaL vars=13091 clauses=22132
c 00h00m00s | stage:sat:solve:start round=1 circuit_cegar_rounds=- cumulative_cegar_rounds=- cop_cegar_rounds=48 assumptions=0 phase_lits=572
c 00h00m00s | stage:sat:solve:done round=1 ms=12 result=Sat assumptions=0 phase_lits=572
c 00h00m00s | stage:decode:start round=1 requested_int_ids=64
c 00h00m00s | stage:relaxation:done round=1 clauses_added=3548 circuit_clauses_added=0 cumulative_clauses_added=0 cop_clauses_added=3548 circuit_cegar_failures=0 circuit_cegar_rounds=0 circuit_cegar_added_clauses=0 cumulative_cegar_failures=0 cumulative_cegar_rounds=0 cumulative_cegar_added_clauses=0 cop_cegar_failures=24 cop_cegar_rounds=48 cop_cegar_added_clauses=85134
c 00h00m00s | stage:sat:solve:start round=2 circuit_cegar_rounds=- cumulative_cegar_rounds=- cop_cegar_rounds=49 assumptions=0 phase_lits=572
c 00h00m00s | stage:sat:solve:done round=2 ms=15 result=Sat assumptions=0 phase_lits=572
c 00h00m00s | stage:decode:start round=2 requested_int_ids=64
c 00h00m00s | stage:decode:final:start round=2 requested_int_ids=64
c 00h00m00s | stage:decode:done round=2 int_assignments=64
c 00h00m00s | stage:relaxation:done clauses_added=0 circuit_cegar_failures=0 circuit_cegar_rounds=0 circuit_cegar_added_clauses=0 cumulative_cegar_failures=0 cumulative_cegar_rounds=0 cumulative_cegar_added_clauses=0 cop_cegar_failures=24 cop_cegar_rounds=49 cop_cegar_added_clauses=85134
c 00h00m00s | result:Sat
c 00h00m00s | objective:incumbent kind=improvement value=2420 rounds=25 improvements=24
o 2420
c 00h00m00s | stage:sat:init solver=CaDiCaL vars=13091 clauses=22132
c 00h00m00s | stage:sat:solve:start round=1 circuit_cegar_rounds=- cumulative_cegar_rounds=- cop_cegar_rounds=50 assumptions=0 phase_lits=572
c 00h00m00s | stage:sat:solve:done round=1 ms=12 result=Sat assumptions=0 phase_lits=572
c 00h00m00s | stage:decode:start round=1 requested_int_ids=64
c 00h00m00s | stage:relaxation:done round=1 clauses_added=3550 circuit_clauses_added=0 cumulative_clauses_added=0 cop_clauses_added=3550 circuit_cegar_failures=0 circuit_cegar_rounds=0 circuit_cegar_added_clauses=0 cumulative_cegar_failures=0 cumulative_cegar_rounds=0 cumulative_cegar_added_clauses=0 cop_cegar_failures=25 cop_cegar_rounds=50 cop_cegar_added_clauses=88684
c 00h00m00s | stage:sat:solve:start round=2 circuit_cegar_rounds=- cumulative_cegar_rounds=- cop_cegar_rounds=51 assumptions=0 phase_lits=572
c 00h00m00s | stage:sat:solve:done round=2 ms=24 result=Sat assumptions=0 phase_lits=572
c 00h00m00s | stage:decode:start round=2 requested_int_ids=64
c 00h00m00s | stage:decode:final:start round=2 requested_int_ids=64
c 00h00m00s | stage:decode:done round=2 int_assignments=64
c 00h00m00s | stage:relaxation:done clauses_added=0 circuit_cegar_failures=0 circuit_cegar_rounds=0 circuit_cegar_added_clauses=0 cumulative_cegar_failures=0 cumulative_cegar_rounds=0 cumulative_cegar_added_clauses=0 cop_cegar_failures=25 cop_cegar_rounds=51 cop_cegar_added_clauses=88684
c 00h00m00s | result:Sat
c 00h00m00s | objective:incumbent kind=improvement value=2418 rounds=26 improvements=25
o 2418
c 00h00m00s | stage:sat:init solver=CaDiCaL vars=13091 clauses=22132
c 00h00m00s | stage:sat:solve:start round=1 circuit_cegar_rounds=- cumulative_cegar_rounds=- cop_cegar_rounds=52 assumptions=0 phase_lits=572
c 00h00m00s | stage:sat:solve:done round=1 ms=12 result=Sat assumptions=0 phase_lits=572
c 00h00m00s | stage:decode:start round=1 requested_int_ids=64
c 00h00m00s | stage:relaxation:done round=1 clauses_added=3550 circuit_clauses_added=0 cumulative_clauses_added=0 cop_clauses_added=3550 circuit_cegar_failures=0 circuit_cegar_rounds=0 circuit_cegar_added_clauses=0 cumulative_cegar_failures=0 cumulative_cegar_rounds=0 cumulative_cegar_added_clauses=0 cop_cegar_failures=26 cop_cegar_rounds=52 cop_cegar_added_clauses=92234
c 00h00m00s | stage:sat:solve:start round=2 circuit_cegar_rounds=- cumulative_cegar_rounds=- cop_cegar_rounds=53 assumptions=0 phase_lits=572
c 00h00m00s | stage:sat:solve:done round=2 ms=17 result=Sat assumptions=0 phase_lits=572
c 00h00m00s | stage:decode:start round=2 requested_int_ids=64
c 00h00m00s | stage:decode:final:start round=2 requested_int_ids=64
c 00h00m00s | stage:decode:done round=2 int_assignments=64
c 00h00m00s | stage:relaxation:done clauses_added=0 circuit_cegar_failures=0 circuit_cegar_rounds=0 circuit_cegar_added_clauses=0 cumulative_cegar_failures=0 cumulative_cegar_rounds=0 cumulative_cegar_added_clauses=0 cop_cegar_failures=26 cop_cegar_rounds=53 cop_cegar_added_clauses=92234
c 00h00m00s | result:Sat
c 00h00m00s | objective:incumbent kind=improvement value=2380 rounds=27 improvements=26
o 2380
c 00h00m00s | stage:sat:init solver=CaDiCaL vars=13091 clauses=22132
c 00h00m00s | stage:sat:solve:start round=1 circuit_cegar_rounds=- cumulative_cegar_rounds=- cop_cegar_rounds=54 assumptions=0 phase_lits=572
c 00h00m00s | stage:sat:solve:done round=1 ms=12 result=Sat assumptions=0 phase_lits=572
c 00h00m00s | stage:decode:start round=1 requested_int_ids=64
c 00h00m00s | stage:relaxation:done round=1 clauses_added=3552 circuit_clauses_added=0 cumulative_clauses_added=0 cop_clauses_added=3552 circuit_cegar_failures=0 circuit_cegar_rounds=0 circuit_cegar_added_clauses=0 cumulative_cegar_failures=0 cumulative_cegar_rounds=0 cumulative_cegar_added_clauses=0 cop_cegar_failures=27 cop_cegar_rounds=54 cop_cegar_added_clauses=95786
c 00h00m00s | stage:sat:solve:start round=2 circuit_cegar_rounds=- cumulative_cegar_rounds=- cop_cegar_rounds=55 assumptions=0 phase_lits=572
c 00h00m00s | stage:sat:solve:done round=2 ms=11 result=Sat assumptions=0 phase_lits=572
c 00h00m00s | stage:decode:start round=2 requested_int_ids=64
c 00h00m00s | stage:decode:final:start round=2 requested_int_ids=64
c 00h00m00s | stage:decode:done round=2 int_assignments=64
c 00h00m00s | stage:relaxation:done clauses_added=0 circuit_cegar_failures=0 circuit_cegar_rounds=0 circuit_cegar_added_clauses=0 cumulative_cegar_failures=0 cumulative_cegar_rounds=0 cumulative_cegar_added_clauses=0 cop_cegar_failures=27 cop_cegar_rounds=55 cop_cegar_added_clauses=95786
c 00h00m00s | result:Sat
c 00h00m00s | objective:incumbent kind=improvement value=2379 rounds=28 improvements=27
o 2379
c 00h00m00s | stage:sat:init solver=CaDiCaL vars=13091 clauses=22132
c 00h00m00s | stage:sat:solve:start round=1 circuit_cegar_rounds=- cumulative_cegar_rounds=- cop_cegar_rounds=56 assumptions=0 phase_lits=572
c 00h00m00s | stage:sat:solve:done round=1 ms=11 result=Sat assumptions=0 phase_lits=572
c 00h00m00s | stage:decode:start round=1 requested_int_ids=64
c 00h00m00s | stage:relaxation:done round=1 clauses_added=3549 circuit_clauses_added=0 cumulative_clauses_added=0 cop_clauses_added=3549 circuit_cegar_failures=0 circuit_cegar_rounds=0 circuit_cegar_added_clauses=0 cumulative_cegar_failures=0 cumulative_cegar_rounds=0 cumulative_cegar_added_clauses=0 cop_cegar_failures=28 cop_cegar_rounds=56 cop_cegar_added_clauses=99335
c 00h00m00s | stage:sat:solve:start round=2 circuit_cegar_rounds=- cumulative_cegar_rounds=- cop_cegar_rounds=57 assumptions=0 phase_lits=572
c 00h00m00s | stage:sat:solve:done round=2 ms=11 result=Sat assumptions=0 phase_lits=572
c 00h00m00s | stage:decode:start round=2 requested_int_ids=64
c 00h00m00s | stage:decode:final:start round=2 requested_int_ids=64
c 00h00m00s | stage:decode:done round=2 int_assignments=64
c 00h00m00s | stage:relaxation:done clauses_added=0 circuit_cegar_failures=0 circuit_cegar_rounds=0 circuit_cegar_added_clauses=0 cumulative_cegar_failures=0 cumulative_cegar_rounds=0 cumulative_cegar_added_clauses=0 cop_cegar_failures=28 cop_cegar_rounds=57 cop_cegar_added_clauses=99335
c 00h00m00s | result:Sat
c 00h00m00s | objective:incumbent kind=improvement value=2347 rounds=29 improvements=28
o 2347
c 00h00m00s | stage:sat:init solver=CaDiCaL vars=13091 clauses=22132
c 00h00m00s | stage:sat:solve:start round=1 circuit_cegar_rounds=- cumulative_cegar_rounds=- cop_cegar_rounds=58 assumptions=0 phase_lits=572
c 00h00m00s | stage:sat:solve:done round=1 ms=11 result=Sat assumptions=0 phase_lits=572
c 00h00m00s | stage:decode:start round=1 requested_int_ids=64
c 00h00m00s | stage:relaxation:done round=1 clauses_added=3549 circuit_clauses_added=0 cumulative_clauses_added=0 cop_clauses_added=3549 circuit_cegar_failures=0 circuit_cegar_rounds=0 circuit_cegar_added_clauses=0 cumulative_cegar_failures=0 cumulative_cegar_rounds=0 cumulative_cegar_added_clauses=0 cop_cegar_failures=29 cop_cegar_rounds=58 cop_cegar_added_clauses=102884
c 00h00m00s | stage:sat:solve:start round=2 circuit_cegar_rounds=- cumulative_cegar_rounds=- cop_cegar_rounds=59 assumptions=0 phase_lits=572
c 00h00m00s | stage:sat:solve:done round=2 ms=11 result=Sat assumptions=0 phase_lits=572
c 00h00m00s | stage:decode:start round=2 requested_int_ids=64
c 00h00m00s | stage:decode:final:start round=2 requested_int_ids=64
c 00h00m00s | stage:decode:done round=2 int_assignments=64
c 00h00m00s | stage:relaxation:done clauses_added=0 circuit_cegar_failures=0 circuit_cegar_rounds=0 circuit_cegar_added_clauses=0 cumulative_cegar_failures=0 cumulative_cegar_rounds=0 cumulative_cegar_added_clauses=0 cop_cegar_failures=29 cop_cegar_rounds=59 cop_cegar_added_clauses=102884
c 00h00m00s | result:Sat
c 00h00m00s | objective:incumbent kind=improvement value=2332 rounds=30 improvements=29
o 2332
c 00h00m00s | stage:sat:init solver=CaDiCaL vars=13091 clauses=22132
c 00h00m00s | stage:sat:solve:start round=1 circuit_cegar_rounds=- cumulative_cegar_rounds=- cop_cegar_rounds=60 assumptions=0 phase_lits=572
c 00h00m00s | stage:sat:solve:done round=1 ms=11 result=Sat assumptions=0 phase_lits=572
c 00h00m00s | stage:decode:start round=1 requested_int_ids=64
c 00h00m00s | stage:relaxation:done round=1 clauses_added=3552 circuit_clauses_added=0 cumulative_clauses_added=0 cop_clauses_added=3552 circuit_cegar_failures=0 circuit_cegar_rounds=0 circuit_cegar_added_clauses=0 cumulative_cegar_failures=0 cumulative_cegar_rounds=0 cumulative_cegar_added_clauses=0 cop_cegar_failures=30 cop_cegar_rounds=60 cop_cegar_added_clauses=106436
c 00h00m00s | stage:sat:solve:start round=2 circuit_cegar_rounds=- cumulative_cegar_rounds=- cop_cegar_rounds=61 assumptions=0 phase_lits=572
c 00h00m00s | stage:sat:solve:done round=2 ms=15 result=Sat assumptions=0 phase_lits=572
c 00h00m00s | stage:decode:start round=2 requested_int_ids=64
c 00h00m00s | stage:decode:final:start round=2 requested_int_ids=64
c 00h00m00s | stage:decode:done round=2 int_assignments=64
c 00h00m00s | stage:relaxation:done clauses_added=0 circuit_cegar_failures=0 circuit_cegar_rounds=0 circuit_cegar_added_clauses=0 cumulative_cegar_failures=0 cumulative_cegar_rounds=0 cumulative_cegar_added_clauses=0 cop_cegar_failures=30 cop_cegar_rounds=61 cop_cegar_added_clauses=106436
c 00h00m00s | result:Sat
c 00h00m00s | objective:incumbent kind=improvement value=2315 rounds=31 improvements=30
o 2315
c 00h00m00s | stage:sat:init solver=CaDiCaL vars=13091 clauses=22132
c 00h00m00s | stage:sat:solve:start round=1 circuit_cegar_rounds=- cumulative_cegar_rounds=- cop_cegar_rounds=62 assumptions=0 phase_lits=572
c 00h00m00s | stage:sat:solve:done round=1 ms=11 result=Sat assumptions=0 phase_lits=572
c 00h00m00s | stage:decode:start round=1 requested_int_ids=64
c 00h00m00s | stage:relaxation:done round=1 clauses_added=3550 circuit_clauses_added=0 cumulative_clauses_added=0 cop_clauses_added=3550 circuit_cegar_failures=0 circuit_cegar_rounds=0 circuit_cegar_added_clauses=0 cumulative_cegar_failures=0 cumulative_cegar_rounds=0 cumulative_cegar_added_clauses=0 cop_cegar_failures=31 cop_cegar_rounds=62 cop_cegar_added_clauses=109986
c 00h00m00s | stage:sat:solve:start round=2 circuit_cegar_rounds=- cumulative_cegar_rounds=- cop_cegar_rounds=63 assumptions=0 phase_lits=572
c 00h00m00s | stage:sat:solve:done round=2 ms=11 result=Sat assumptions=0 phase_lits=572
c 00h00m00s | stage:decode:start round=2 requested_int_ids=64
c 00h00m00s | stage:decode:final:start round=2 requested_int_ids=64
c 00h00m00s | stage:decode:done round=2 int_assignments=64
c 00h00m00s | stage:relaxation:done clauses_added=0 circuit_cegar_failures=0 circuit_cegar_rounds=0 circuit_cegar_added_clauses=0 cumulative_cegar_failures=0 cumulative_cegar_rounds=0 cumulative_cegar_added_clauses=0 cop_cegar_failures=31 cop_cegar_rounds=63 cop_cegar_added_clauses=109986
c 00h00m00s | result:Sat
c 00h00m00s | objective:incumbent kind=improvement value=2310 rounds=32 improvements=31
o 2310
c 00h00m00s | stage:sat:init solver=CaDiCaL vars=13091 clauses=22132
c 00h00m00s | stage:sat:solve:start round=1 circuit_cegar_rounds=- cumulative_cegar_rounds=- cop_cegar_rounds=64 assumptions=0 phase_lits=572
c 00h00m00s | stage:sat:solve:done round=1 ms=11 result=Sat assumptions=0 phase_lits=572
c 00h00m00s | stage:decode:start round=1 requested_int_ids=64
c 00h00m00s | stage:relaxation:done round=1 clauses_added=3548 circuit_clauses_added=0 cumulative_clauses_added=0 cop_clauses_added=3548 circuit_cegar_failures=0 circuit_cegar_rounds=0 circuit_cegar_added_clauses=0 cumulative_cegar_failures=0 cumulative_cegar_rounds=0 cumulative_cegar_added_clauses=0 cop_cegar_failures=32 cop_cegar_rounds=64 cop_cegar_added_clauses=113534
c 00h00m00s | stage:sat:solve:start round=2 circuit_cegar_rounds=- cumulative_cegar_rounds=- cop_cegar_rounds=65 assumptions=0 phase_lits=572
c 00h00m01s | stage:sat:solve:done round=2 ms=498 result=Sat assumptions=0 phase_lits=572
c 00h00m01s | stage:decode:start round=2 requested_int_ids=64
c 00h00m01s | stage:decode:final:start round=2 requested_int_ids=64
c 00h00m01s | stage:decode:done round=2 int_assignments=64
c 00h00m01s | stage:relaxation:done clauses_added=0 circuit_cegar_failures=0 circuit_cegar_rounds=0 circuit_cegar_added_clauses=0 cumulative_cegar_failures=0 cumulative_cegar_rounds=0 cumulative_cegar_added_clauses=0 cop_cegar_failures=32 cop_cegar_rounds=65 cop_cegar_added_clauses=113534
c 00h00m01s | result:Sat
c 00h00m01s | objective:incumbent kind=improvement value=2214 rounds=33 improvements=32
o 2214
c 00h00m01s | stage:sat:init solver=CaDiCaL vars=13091 clauses=22132
c 00h00m01s | stage:sat:solve:start round=1 circuit_cegar_rounds=- cumulative_cegar_rounds=- cop_cegar_rounds=66 assumptions=0 phase_lits=572
c 00h00m01s | stage:sat:solve:done round=1 ms=7 result=Sat assumptions=0 phase_lits=572
c 00h00m01s | stage:decode:start round=1 requested_int_ids=64
c 00h00m01s | stage:relaxation:done round=1 clauses_added=3550 circuit_clauses_added=0 cumulative_clauses_added=0 cop_clauses_added=3550 circuit_cegar_failures=0 circuit_cegar_rounds=0 circuit_cegar_added_clauses=0 cumulative_cegar_failures=0 cumulative_cegar_rounds=0 cumulative_cegar_added_clauses=0 cop_cegar_failures=33 cop_cegar_rounds=66 cop_cegar_added_clauses=117084
c 00h00m01s | stage:sat:solve:start round=2 circuit_cegar_rounds=- cumulative_cegar_rounds=- cop_cegar_rounds=67 assumptions=0 phase_lits=572
c 00h00m01s | stage:sat:solve:done round=2 ms=21 result=Sat assumptions=0 phase_lits=572
c 00h00m01s | stage:decode:start round=2 requested_int_ids=64
c 00h00m01s | stage:decode:final:start round=2 requested_int_ids=64
c 00h00m01s | stage:decode:done round=2 int_assignments=64
c 00h00m01s | stage:relaxation:done clauses_added=0 circuit_cegar_failures=0 circuit_cegar_rounds=0 circuit_cegar_added_clauses=0 cumulative_cegar_failures=0 cumulative_cegar_rounds=0 cumulative_cegar_added_clauses=0 cop_cegar_failures=33 cop_cegar_rounds=67 cop_cegar_added_clauses=117084
c 00h00m01s | result:Sat
c 00h00m01s | objective:incumbent kind=improvement value=2213 rounds=34 improvements=33
o 2213
c 00h00m01s | stage:sat:init solver=CaDiCaL vars=13091 clauses=22132
c 00h00m01s | stage:sat:solve:start round=1 circuit_cegar_rounds=- cumulative_cegar_rounds=- cop_cegar_rounds=68 assumptions=0 phase_lits=572
c 00h00m01s | stage:sat:solve:done round=1 ms=1 result=Sat assumptions=0 phase_lits=572
c 00h00m01s | stage:decode:start round=1 requested_int_ids=64
c 00h00m01s | stage:relaxation:done round=1 clauses_added=3549 circuit_clauses_added=0 cumulative_clauses_added=0 cop_clauses_added=3549 circuit_cegar_failures=0 circuit_cegar_rounds=0 circuit_cegar_added_clauses=0 cumulative_cegar_failures=0 cumulative_cegar_rounds=0 cumulative_cegar_added_clauses=0 cop_cegar_failures=34 cop_cegar_rounds=68 cop_cegar_added_clauses=120633
c 00h00m01s | stage:sat:solve:start round=2 circuit_cegar_rounds=- cumulative_cegar_rounds=- cop_cegar_rounds=69 assumptions=0 phase_lits=572
c 00h00m01s | stage:sat:solve:done round=2 ms=7 result=Sat assumptions=0 phase_lits=572
c 00h00m01s | stage:decode:start round=2 requested_int_ids=64
c 00h00m01s | stage:decode:final:start round=2 requested_int_ids=64
c 00h00m01s | stage:decode:done round=2 int_assignments=64
c 00h00m01s | stage:relaxation:done clauses_added=0 circuit_cegar_failures=0 circuit_cegar_rounds=0 circuit_cegar_added_clauses=0 cumulative_cegar_failures=0 cumulative_cegar_rounds=0 cumulative_cegar_added_clauses=0 cop_cegar_failures=34 cop_cegar_rounds=69 cop_cegar_added_clauses=120633
c 00h00m01s | result:Sat
c 00h00m01s | objective:incumbent kind=improvement value=2189 rounds=35 improvements=34
o 2189
c 00h00m01s | stage:sat:init solver=CaDiCaL vars=13091 clauses=22132
c 00h00m01s | stage:sat:solve:start round=1 circuit_cegar_rounds=- cumulative_cegar_rounds=- cop_cegar_rounds=70 assumptions=0 phase_lits=572
c 00h00m01s | stage:sat:solve:done round=1 ms=1 result=Sat assumptions=0 phase_lits=572
c 00h00m01s | stage:decode:start round=1 requested_int_ids=64
c 00h00m01s | stage:relaxation:done round=1 clauses_added=3551 circuit_clauses_added=0 cumulative_clauses_added=0 cop_clauses_added=3551 circuit_cegar_failures=0 circuit_cegar_rounds=0 circuit_cegar_added_clauses=0 cumulative_cegar_failures=0 cumulative_cegar_rounds=0 cumulative_cegar_added_clauses=0 cop_cegar_failures=35 cop_cegar_rounds=70 cop_cegar_added_clauses=124184
c 00h00m01s | stage:sat:solve:start round=2 circuit_cegar_rounds=- cumulative_cegar_rounds=- cop_cegar_rounds=71 assumptions=0 phase_lits=572
c 00h00m01s | stage:sat:solve:done round=2 ms=36 result=Sat assumptions=0 phase_lits=572
c 00h00m01s | stage:decode:start round=2 requested_int_ids=64
c 00h00m01s | stage:decode:final:start round=2 requested_int_ids=64
c 00h00m01s | stage:decode:done round=2 int_assignments=64
c 00h00m01s | stage:relaxation:done clauses_added=0 circuit_cegar_failures=0 circuit_cegar_rounds=0 circuit_cegar_added_clauses=0 cumulative_cegar_failures=0 cumulative_cegar_rounds=0 cumulative_cegar_added_clauses=0 cop_cegar_failures=35 cop_cegar_rounds=71 cop_cegar_added_clauses=124184
c 00h00m01s | result:Sat
c 00h00m01s | objective:incumbent kind=improvement value=2188 rounds=36 improvements=35
o 2188
c 00h00m01s | stage:sat:init solver=CaDiCaL vars=13091 clauses=22132
c 00h00m01s | stage:sat:solve:start round=1 circuit_cegar_rounds=- cumulative_cegar_rounds=- cop_cegar_rounds=72 assumptions=0 phase_lits=572
c 00h00m01s | stage:sat:solve:done round=1 ms=1 result=Sat assumptions=0 phase_lits=572
c 00h00m01s | stage:decode:start round=1 requested_int_ids=64
c 00h00m01s | stage:relaxation:done round=1 clauses_added=3553 circuit_clauses_added=0 cumulative_clauses_added=0 cop_clauses_added=3553 circuit_cegar_failures=0 circuit_cegar_rounds=0 circuit_cegar_added_clauses=0 cumulative_cegar_failures=0 cumulative_cegar_rounds=0 cumulative_cegar_added_clauses=0 cop_cegar_failures=36 cop_cegar_rounds=72 cop_cegar_added_clauses=127737
c 00h00m01s | stage:sat:solve:start round=2 circuit_cegar_rounds=- cumulative_cegar_rounds=- cop_cegar_rounds=73 assumptions=0 phase_lits=572
c 00h00m01s | stage:sat:solve:done round=2 ms=22 result=Sat assumptions=0 phase_lits=572
c 00h00m01s | stage:decode:start round=2 requested_int_ids=64
c 00h00m01s | stage:decode:final:start round=2 requested_int_ids=64
c 00h00m01s | stage:decode:done round=2 int_assignments=64
c 00h00m01s | stage:relaxation:done clauses_added=0 circuit_cegar_failures=0 circuit_cegar_rounds=0 circuit_cegar_added_clauses=0 cumulative_cegar_failures=0 cumulative_cegar_rounds=0 cumulative_cegar_added_clauses=0 cop_cegar_failures=36 cop_cegar_rounds=73 cop_cegar_added_clauses=127737
c 00h00m01s | result:Sat
c 00h00m01s | objective:incumbent kind=improvement value=2175 rounds=37 improvements=36
o 2175
c 00h00m01s | stage:sat:init solver=CaDiCaL vars=13091 clauses=22132
c 00h00m01s | stage:sat:solve:start round=1 circuit_cegar_rounds=- cumulative_cegar_rounds=- cop_cegar_rounds=74 assumptions=0 phase_lits=572
c 00h00m01s | stage:sat:solve:done round=1 ms=2 result=Sat assumptions=0 phase_lits=572
c 00h00m01s | stage:decode:start round=1 requested_int_ids=64
c 00h00m01s | stage:relaxation:done round=1 clauses_added=3546 circuit_clauses_added=0 cumulative_clauses_added=0 cop_clauses_added=3546 circuit_cegar_failures=0 circuit_cegar_rounds=0 circuit_cegar_added_clauses=0 cumulative_cegar_failures=0 cumulative_cegar_rounds=0 cumulative_cegar_added_clauses=0 cop_cegar_failures=37 cop_cegar_rounds=74 cop_cegar_added_clauses=131283
c 00h00m01s | stage:sat:solve:start round=2 circuit_cegar_rounds=- cumulative_cegar_rounds=- cop_cegar_rounds=75 assumptions=0 phase_lits=572
c 00h00m01s | stage:sat:solve:done round=2 ms=14 result=Sat assumptions=0 phase_lits=572
c 00h00m01s | stage:decode:start round=2 requested_int_ids=64
c 00h00m01s | stage:decode:final:start round=2 requested_int_ids=64
c 00h00m01s | stage:decode:done round=2 int_assignments=64
c 00h00m01s | stage:relaxation:done clauses_added=0 circuit_cegar_failures=0 circuit_cegar_rounds=0 circuit_cegar_added_clauses=0 cumulative_cegar_failures=0 cumulative_cegar_rounds=0 cumulative_cegar_added_clauses=0 cop_cegar_failures=37 cop_cegar_rounds=75 cop_cegar_added_clauses=131283
c 00h00m01s | result:Sat
c 00h00m01s | objective:incumbent kind=improvement value=2161 rounds=38 improvements=37
o 2161
c 00h00m01s | stage:sat:init solver=CaDiCaL vars=13091 clauses=22132
c 00h00m01s | stage:sat:solve:start round=1 circuit_cegar_rounds=- cumulative_cegar_rounds=- cop_cegar_rounds=76 assumptions=0 phase_lits=572
c 00h00m01s | stage:sat:solve:done round=1 ms=2 result=Sat assumptions=0 phase_lits=572
c 00h00m01s | stage:decode:start round=1 requested_int_ids=64
c 00h00m01s | stage:relaxation:done round=1 clauses_added=3550 circuit_clauses_added=0 cumulative_clauses_added=0 cop_clauses_added=3550 circuit_cegar_failures=0 circuit_cegar_rounds=0 circuit_cegar_added_clauses=0 cumulative_cegar_failures=0 cumulative_cegar_rounds=0 cumulative_cegar_added_clauses=0 cop_cegar_failures=38 cop_cegar_rounds=76 cop_cegar_added_clauses=134833
c 00h00m01s | stage:sat:solve:start round=2 circuit_cegar_rounds=- cumulative_cegar_rounds=- cop_cegar_rounds=77 assumptions=0 phase_lits=572
c 00h00m01s | stage:sat:solve:done round=2 ms=17 result=Sat assumptions=0 phase_lits=572
c 00h00m01s | stage:decode:start round=2 requested_int_ids=64
c 00h00m01s | stage:decode:final:start round=2 requested_int_ids=64
c 00h00m01s | stage:decode:done round=2 int_assignments=64
c 00h00m01s | stage:relaxation:done clauses_added=0 circuit_cegar_failures=0 circuit_cegar_rounds=0 circuit_cegar_added_clauses=0 cumulative_cegar_failures=0 cumulative_cegar_rounds=0 cumulative_cegar_added_clauses=0 cop_cegar_failures=38 cop_cegar_rounds=77 cop_cegar_added_clauses=134833
c 00h00m01s | result:Sat
c 00h00m01s | objective:incumbent kind=improvement value=2159 rounds=39 improvements=38
o 2159
c 00h00m01s | stage:sat:init solver=CaDiCaL vars=13091 clauses=22132
c 00h00m01s | stage:sat:solve:start round=1 circuit_cegar_rounds=- cumulative_cegar_rounds=- cop_cegar_rounds=78 assumptions=0 phase_lits=572
c 00h00m01s | stage:sat:solve:done round=1 ms=2 result=Sat assumptions=0 phase_lits=572
c 00h00m01s | stage:decode:start round=1 requested_int_ids=64
c 00h00m01s | stage:relaxation:done round=1 clauses_added=3547 circuit_clauses_added=0 cumulative_clauses_added=0 cop_clauses_added=3547 circuit_cegar_failures=0 circuit_cegar_rounds=0 circuit_cegar_added_clauses=0 cumulative_cegar_failures=0 cumulative_cegar_rounds=0 cumulative_cegar_added_clauses=0 cop_cegar_failures=39 cop_cegar_rounds=78 cop_cegar_added_clauses=138380
c 00h00m01s | stage:sat:solve:start round=2 circuit_cegar_rounds=- cumulative_cegar_rounds=- cop_cegar_rounds=79 assumptions=0 phase_lits=572
c 00h00m01s | stage:sat:solve:done round=2 ms=16 result=Sat assumptions=0 phase_lits=572
c 00h00m01s | stage:decode:start round=2 requested_int_ids=64
c 00h00m01s | stage:decode:final:start round=2 requested_int_ids=64
c 00h00m01s | stage:decode:done round=2 int_assignments=64
c 00h00m01s | stage:relaxation:done clauses_added=0 circuit_cegar_failures=0 circuit_cegar_rounds=0 circuit_cegar_added_clauses=0 cumulative_cegar_failures=0 cumulative_cegar_rounds=0 cumulative_cegar_added_clauses=0 cop_cegar_failures=39 cop_cegar_rounds=79 cop_cegar_added_clauses=138380
c 00h00m01s | result:Sat
c 00h00m01s | objective:incumbent kind=improvement value=2157 rounds=40 improvements=39
o 2157
c 00h00m01s | stage:sat:init solver=CaDiCaL vars=13091 clauses=22132
c 00h00m01s | stage:sat:solve:start round=1 circuit_cegar_rounds=- cumulative_cegar_rounds=- cop_cegar_rounds=80 assumptions=0 phase_lits=572
c 00h00m01s | stage:sat:solve:done round=1 ms=2 result=Sat assumptions=0 phase_lits=572
c 00h00m01s | stage:decode:start round=1 requested_int_ids=64
c 00h00m01s | stage:relaxation:done round=1 clauses_added=3550 circuit_clauses_added=0 cumulative_clauses_added=0 cop_clauses_added=3550 circuit_cegar_failures=0 circuit_cegar_rounds=0 circuit_cegar_added_clauses=0 cumulative_cegar_failures=0 cumulative_cegar_rounds=0 cumulative_cegar_added_clauses=0 cop_cegar_failures=40 cop_cegar_rounds=80 cop_cegar_added_clauses=141930
c 00h00m01s | stage:sat:solve:start round=2 circuit_cegar_rounds=- cumulative_cegar_rounds=- cop_cegar_rounds=81 assumptions=0 phase_lits=572
c 00h00m01s | stage:sat:solve:done round=2 ms=18 result=Sat assumptions=0 phase_lits=572
c 00h00m01s | stage:decode:start round=2 requested_int_ids=64
c 00h00m01s | stage:decode:final:start round=2 requested_int_ids=64
c 00h00m01s | stage:decode:done round=2 int_assignments=64
c 00h00m01s | stage:relaxation:done clauses_added=0 circuit_cegar_failures=0 circuit_cegar_rounds=0 circuit_cegar_added_clauses=0 cumulative_cegar_failures=0 cumulative_cegar_rounds=0 cumulative_cegar_added_clauses=0 cop_cegar_failures=40 cop_cegar_rounds=81 cop_cegar_added_clauses=141930
c 00h00m01s | result:Sat
c 00h00m01s | objective:incumbent kind=improvement value=2094 rounds=41 improvements=40
o 2094
c 00h00m01s | stage:sat:init solver=CaDiCaL vars=13091 clauses=22132
c 00h00m01s | stage:sat:solve:start round=1 circuit_cegar_rounds=- cumulative_cegar_rounds=- cop_cegar_rounds=82 assumptions=0 phase_lits=572
c 00h00m01s | stage:sat:solve:done round=1 ms=2 result=Sat assumptions=0 phase_lits=572
c 00h00m01s | stage:decode:start round=1 requested_int_ids=64
c 00h00m01s | stage:relaxation:done round=1 clauses_added=3552 circuit_clauses_added=0 cumulative_clauses_added=0 cop_clauses_added=3552 circuit_cegar_failures=0 circuit_cegar_rounds=0 circuit_cegar_added_clauses=0 cumulative_cegar_failures=0 cumulative_cegar_rounds=0 cumulative_cegar_added_clauses=0 cop_cegar_failures=41 cop_cegar_rounds=82 cop_cegar_added_clauses=145482
c 00h00m01s | stage:sat:solve:start round=2 circuit_cegar_rounds=- cumulative_cegar_rounds=- cop_cegar_rounds=83 assumptions=0 phase_lits=572
c 00h00m01s | stage:sat:solve:done round=2 ms=24 result=Sat assumptions=0 phase_lits=572
c 00h00m01s | stage:decode:start round=2 requested_int_ids=64
c 00h00m01s | stage:decode:final:start round=2 requested_int_ids=64
c 00h00m01s | stage:decode:done round=2 int_assignments=64
c 00h00m01s | stage:relaxation:done clauses_added=0 circuit_cegar_failures=0 circuit_cegar_rounds=0 circuit_cegar_added_clauses=0 cumulative_cegar_failures=0 cumulative_cegar_rounds=0 cumulative_cegar_added_clauses=0 cop_cegar_failures=41 cop_cegar_rounds=83 cop_cegar_added_clauses=145482
c 00h00m01s | result:Sat
c 00h00m01s | objective:incumbent kind=improvement value=2093 rounds=42 improvements=41
o 2093
c 00h00m01s | stage:sat:init solver=CaDiCaL vars=13091 clauses=22132
c 00h00m01s | stage:sat:solve:start round=1 circuit_cegar_rounds=- cumulative_cegar_rounds=- cop_cegar_rounds=84 assumptions=0 phase_lits=572
c 00h00m01s | stage:sat:solve:done round=1 ms=2 result=Sat assumptions=0 phase_lits=572
c 00h00m01s | stage:decode:start round=1 requested_int_ids=64
c 00h00m01s | stage:relaxation:done round=1 clauses_added=3551 circuit_clauses_added=0 cumulative_clauses_added=0 cop_clauses_added=3551 circuit_cegar_failures=0 circuit_cegar_rounds=0 circuit_cegar_added_clauses=0 cumulative_cegar_failures=0 cumulative_cegar_rounds=0 cumulative_cegar_added_clauses=0 cop_cegar_failures=42 cop_cegar_rounds=84 cop_cegar_added_clauses=149033
c 00h00m01s | stage:sat:solve:start round=2 circuit_cegar_rounds=- cumulative_cegar_rounds=- cop_cegar_rounds=85 assumptions=0 phase_lits=572
c 00h00m01s | stage:sat:solve:done round=2 ms=9 result=Sat assumptions=0 phase_lits=572
c 00h00m01s | stage:decode:start round=2 requested_int_ids=64
c 00h00m01s | stage:decode:final:start round=2 requested_int_ids=64
c 00h00m01s | stage:decode:done round=2 int_assignments=64
c 00h00m01s | stage:relaxation:done clauses_added=0 circuit_cegar_failures=0 circuit_cegar_rounds=0 circuit_cegar_added_clauses=0 cumulative_cegar_failures=0 cumulative_cegar_rounds=0 cumulative_cegar_added_clauses=0 cop_cegar_failures=42 cop_cegar_rounds=85 cop_cegar_added_clauses=149033
c 00h00m01s | result:Sat
c 00h00m01s | objective:incumbent kind=improvement value=2092 rounds=43 improvements=42
o 2092
c 00h00m01s | stage:sat:init solver=CaDiCaL vars=13091 clauses=22132
c 00h00m01s | stage:sat:solve:start round=1 circuit_cegar_rounds=- cumulative_cegar_rounds=- cop_cegar_rounds=86 assumptions=0 phase_lits=572
c 00h00m01s | stage:sat:solve:done round=1 ms=3 result=Sat assumptions=0 phase_lits=572
c 00h00m01s | stage:decode:start round=1 requested_int_ids=64
c 00h00m01s | stage:relaxation:done round=1 clauses_added=3553 circuit_clauses_added=0 cumulative_clauses_added=0 cop_clauses_added=3553 circuit_cegar_failures=0 circuit_cegar_rounds=0 circuit_cegar_added_clauses=0 cumulative_cegar_failures=0 cumulative_cegar_rounds=0 cumulative_cegar_added_clauses=0 cop_cegar_failures=43 cop_cegar_rounds=86 cop_cegar_added_clauses=152586
c 00h00m01s | stage:sat:solve:start round=2 circuit_cegar_rounds=- cumulative_cegar_rounds=- cop_cegar_rounds=87 assumptions=0 phase_lits=572
c 00h00m01s | stage:sat:solve:done round=2 ms=27 result=Sat assumptions=0 phase_lits=572
c 00h00m01s | stage:decode:start round=2 requested_int_ids=64
c 00h00m01s | stage:decode:final:start round=2 requested_int_ids=64
c 00h00m01s | stage:decode:done round=2 int_assignments=64
c 00h00m01s | stage:relaxation:done clauses_added=0 circuit_cegar_failures=0 circuit_cegar_rounds=0 circuit_cegar_added_clauses=0 cumulative_cegar_failures=0 cumulative_cegar_rounds=0 cumulative_cegar_added_clauses=0 cop_cegar_failures=43 cop_cegar_rounds=87 cop_cegar_added_clauses=152586
c 00h00m01s | result:Sat
c 00h00m01s | objective:incumbent kind=improvement value=2091 rounds=44 improvements=43
o 2091
c 00h00m01s | stage:sat:init solver=CaDiCaL vars=13091 clauses=22132
c 00h00m01s | stage:sat:solve:start round=1 circuit_cegar_rounds=- cumulative_cegar_rounds=- cop_cegar_rounds=88 assumptions=0 phase_lits=572
c 00h00m01s | stage:sat:solve:done round=1 ms=3 result=Sat assumptions=0 phase_lits=572
c 00h00m01s | stage:decode:start round=1 requested_int_ids=64
c 00h00m01s | stage:relaxation:done round=1 clauses_added=3550 circuit_clauses_added=0 cumulative_clauses_added=0 cop_clauses_added=3550 circuit_cegar_failures=0 circuit_cegar_rounds=0 circuit_cegar_added_clauses=0 cumulative_cegar_failures=0 cumulative_cegar_rounds=0 cumulative_cegar_added_clauses=0 cop_cegar_failures=44 cop_cegar_rounds=88 cop_cegar_added_clauses=156136
c 00h00m01s | stage:sat:solve:start round=2 circuit_cegar_rounds=- cumulative_cegar_rounds=- cop_cegar_rounds=89 assumptions=0 phase_lits=572
c 00h00m01s | stage:sat:solve:done round=2 ms=26 result=Sat assumptions=0 phase_lits=572
c 00h00m01s | stage:decode:start round=2 requested_int_ids=64
c 00h00m01s | stage:decode:final:start round=2 requested_int_ids=64
c 00h00m01s | stage:decode:done round=2 int_assignments=64
c 00h00m01s | stage:relaxation:done clauses_added=0 circuit_cegar_failures=0 circuit_cegar_rounds=0 circuit_cegar_added_clauses=0 cumulative_cegar_failures=0 cumulative_cegar_rounds=0 cumulative_cegar_added_clauses=0 cop_cegar_failures=44 cop_cegar_rounds=89 cop_cegar_added_clauses=156136
c 00h00m01s | result:Sat
c 00h00m01s | objective:incumbent kind=improvement value=2089 rounds=45 improvements=44
o 2089
c 00h00m01s | stage:sat:init solver=CaDiCaL vars=13091 clauses=22132
c 00h00m01s | stage:sat:solve:start round=1 circuit_cegar_rounds=- cumulative_cegar_rounds=- cop_cegar_rounds=90 assumptions=0 phase_lits=572
c 00h00m01s | stage:sat:solve:done round=1 ms=3 result=Sat assumptions=0 phase_lits=572
c 00h00m01s | stage:decode:start round=1 requested_int_ids=64
c 00h00m01s | stage:relaxation:done round=1 clauses_added=3552 circuit_clauses_added=0 cumulative_clauses_added=0 cop_clauses_added=3552 circuit_cegar_failures=0 circuit_cegar_rounds=0 circuit_cegar_added_clauses=0 cumulative_cegar_failures=0 cumulative_cegar_rounds=0 cumulative_cegar_added_clauses=0 cop_cegar_failures=45 cop_cegar_rounds=90 cop_cegar_added_clauses=159688
c 00h00m01s | stage:sat:solve:start round=2 circuit_cegar_rounds=- cumulative_cegar_rounds=- cop_cegar_rounds=91 assumptions=0 phase_lits=572
c 00h00m01s | stage:sat:solve:done round=2 ms=191 result=Sat assumptions=0 phase_lits=572
c 00h00m01s | stage:decode:start round=2 requested_int_ids=64
c 00h00m01s | stage:decode:final:start round=2 requested_int_ids=64
c 00h00m01s | stage:decode:done round=2 int_assignments=64
c 00h00m01s | stage:relaxation:done clauses_added=0 circuit_cegar_failures=0 circuit_cegar_rounds=0 circuit_cegar_added_clauses=0 cumulative_cegar_failures=0 cumulative_cegar_rounds=0 cumulative_cegar_added_clauses=0 cop_cegar_failures=45 cop_cegar_rounds=91 cop_cegar_added_clauses=159688
c 00h00m01s | result:Sat
c 00h00m01s | objective:incumbent kind=improvement value=2087 rounds=46 improvements=45
o 2087
c 00h00m01s | stage:sat:init solver=CaDiCaL vars=13091 clauses=22132
c 00h00m01s | stage:sat:solve:start round=1 circuit_cegar_rounds=- cumulative_cegar_rounds=- cop_cegar_rounds=92 assumptions=0 phase_lits=572
c 00h00m01s | stage:sat:solve:done round=1 ms=10 result=Sat assumptions=0 phase_lits=572
c 00h00m01s | stage:decode:start round=1 requested_int_ids=64
c 00h00m01s | stage:relaxation:done round=1 clauses_added=3545 circuit_clauses_added=0 cumulative_clauses_added=0 cop_clauses_added=3545 circuit_cegar_failures=0 circuit_cegar_rounds=0 circuit_cegar_added_clauses=0 cumulative_cegar_failures=0 cumulative_cegar_rounds=0 cumulative_cegar_added_clauses=0 cop_cegar_failures=46 cop_cegar_rounds=92 cop_cegar_added_clauses=163233
c 00h00m01s | stage:sat:solve:start round=2 circuit_cegar_rounds=- cumulative_cegar_rounds=- cop_cegar_rounds=93 assumptions=0 phase_lits=572
c 00h00m01s | stage:sat:solve:done round=2 ms=25 result=Sat assumptions=0 phase_lits=572
c 00h00m01s | stage:decode:start round=2 requested_int_ids=64
c 00h00m01s | stage:decode:final:start round=2 requested_int_ids=64
c 00h00m01s | stage:decode:done round=2 int_assignments=64
c 00h00m01s | stage:relaxation:done clauses_added=0 circuit_cegar_failures=0 circuit_cegar_rounds=0 circuit_cegar_added_clauses=0 cumulative_cegar_failures=0 cumulative_cegar_rounds=0 cumulative_cegar_added_clauses=0 cop_cegar_failures=46 cop_cegar_rounds=93 cop_cegar_added_clauses=163233
c 00h00m01s | result:Sat
c 00h00m01s | objective:incumbent kind=improvement value=2085 rounds=47 improvements=46
o 2085
c 00h00m01s | stage:sat:init solver=CaDiCaL vars=13091 clauses=22132
c 00h00m01s | stage:sat:solve:start round=1 circuit_cegar_rounds=- cumulative_cegar_rounds=- cop_cegar_rounds=94 assumptions=0 phase_lits=572
c 00h00m01s | stage:sat:solve:done round=1 ms=3 result=Sat assumptions=0 phase_lits=572
c 00h00m01s | stage:decode:start round=1 requested_int_ids=64
c 00h00m01s | stage:relaxation:done round=1 clauses_added=3550 circuit_clauses_added=0 cumulative_clauses_added=0 cop_clauses_added=3550 circuit_cegar_failures=0 circuit_cegar_rounds=0 circuit_cegar_added_clauses=0 cumulative_cegar_failures=0 cumulative_cegar_rounds=0 cumulative_cegar_added_clauses=0 cop_cegar_failures=47 cop_cegar_rounds=94 cop_cegar_added_clauses=166783
c 00h00m01s | stage:sat:solve:start round=2 circuit_cegar_rounds=- cumulative_cegar_rounds=- cop_cegar_rounds=95 assumptions=0 phase_lits=572
c 00h00m01s | stage:sat:solve:done round=2 ms=42 result=Sat assumptions=0 phase_lits=572
c 00h00m01s | stage:decode:start round=2 requested_int_ids=64
c 00h00m02s | stage:decode:final:start round=2 requested_int_ids=64
c 00h00m02s | stage:decode:done round=2 int_assignments=64
c 00h00m02s | stage:relaxation:done clauses_added=0 circuit_cegar_failures=0 circuit_cegar_rounds=0 circuit_cegar_added_clauses=0 cumulative_cegar_failures=0 cumulative_cegar_rounds=0 cumulative_cegar_added_clauses=0 cop_cegar_failures=47 cop_cegar_rounds=95 cop_cegar_added_clauses=166783
c 00h00m02s | result:Sat
c 00h00m02s | objective:incumbent kind=improvement value=2081 rounds=48 improvements=47
o 2081
c 00h00m02s | stage:sat:init solver=CaDiCaL vars=13091 clauses=22132
c 00h00m02s | stage:sat:solve:start round=1 circuit_cegar_rounds=- cumulative_cegar_rounds=- cop_cegar_rounds=96 assumptions=0 phase_lits=572
c 00h00m02s | stage:sat:solve:done round=1 ms=3 result=Sat assumptions=0 phase_lits=572
c 00h00m02s | stage:decode:start round=1 requested_int_ids=64
c 00h00m02s | stage:relaxation:done round=1 clauses_added=3551 circuit_clauses_added=0 cumulative_clauses_added=0 cop_clauses_added=3551 circuit_cegar_failures=0 circuit_cegar_rounds=0 circuit_cegar_added_clauses=0 cumulative_cegar_failures=0 cumulative_cegar_rounds=0 cumulative_cegar_added_clauses=0 cop_cegar_failures=48 cop_cegar_rounds=96 cop_cegar_added_clauses=170334
c 00h00m02s | stage:sat:solve:start round=2 circuit_cegar_rounds=- cumulative_cegar_rounds=- cop_cegar_rounds=97 assumptions=0 phase_lits=572
c 00h00m02s | stage:sat:solve:done round=2 ms=14 result=Sat assumptions=0 phase_lits=572
c 00h00m02s | stage:decode:start round=2 requested_int_ids=64
c 00h00m02s | stage:decode:final:start round=2 requested_int_ids=64
c 00h00m02s | stage:decode:done round=2 int_assignments=64
c 00h00m02s | stage:relaxation:done clauses_added=0 circuit_cegar_failures=0 circuit_cegar_rounds=0 circuit_cegar_added_clauses=0 cumulative_cegar_failures=0 cumulative_cegar_rounds=0 cumulative_cegar_added_clauses=0 cop_cegar_failures=48 cop_cegar_rounds=97 cop_cegar_added_clauses=170334
c 00h00m02s | result:Sat
c 00h00m02s | objective:incumbent kind=improvement value=2071 rounds=49 improvements=48
o 2071
c 00h00m02s | stage:sat:init solver=CaDiCaL vars=13091 clauses=22132
c 00h00m02s | stage:sat:solve:start round=1 circuit_cegar_rounds=- cumulative_cegar_rounds=- cop_cegar_rounds=98 assumptions=0 phase_lits=572
c 00h00m02s | stage:sat:solve:done round=1 ms=4 result=Sat assumptions=0 phase_lits=572
c 00h00m02s | stage:decode:start round=1 requested_int_ids=64
c 00h00m02s | stage:relaxation:done round=1 clauses_added=3547 circuit_clauses_added=0 cumulative_clauses_added=0 cop_clauses_added=3547 circuit_cegar_failures=0 circuit_cegar_rounds=0 circuit_cegar_added_clauses=0 cumulative_cegar_failures=0 cumulative_cegar_rounds=0 cumulative_cegar_added_clauses=0 cop_cegar_failures=49 cop_cegar_rounds=98 cop_cegar_added_clauses=173881
c 00h00m02s | stage:sat:solve:start round=2 circuit_cegar_rounds=- cumulative_cegar_rounds=- cop_cegar_rounds=99 assumptions=0 phase_lits=572
c 00h00m02s | stage:sat:solve:done round=2 ms=20 result=Sat assumptions=0 phase_lits=572
c 00h00m02s | stage:decode:start round=2 requested_int_ids=64
c 00h00m02s | stage:decode:final:start round=2 requested_int_ids=64
c 00h00m02s | stage:decode:done round=2 int_assignments=64
c 00h00m02s | stage:relaxation:done clauses_added=0 circuit_cegar_failures=0 circuit_cegar_rounds=0 circuit_cegar_added_clauses=0 cumulative_cegar_failures=0 cumulative_cegar_rounds=0 cumulative_cegar_added_clauses=0 cop_cegar_failures=49 cop_cegar_rounds=99 cop_cegar_added_clauses=173881
c 00h00m02s | result:Sat
c 00h00m02s | objective:incumbent kind=improvement value=2057 rounds=50 improvements=49
o 2057
c 00h00m02s | stage:sat:init solver=CaDiCaL vars=13091 clauses=22132
c 00h00m02s | stage:sat:solve:start round=1 circuit_cegar_rounds=- cumulative_cegar_rounds=- cop_cegar_rounds=100 assumptions=0 phase_lits=572
c 00h00m02s | stage:sat:solve:done round=1 ms=4 result=Sat assumptions=0 phase_lits=572
c 00h00m02s | stage:decode:start round=1 requested_int_ids=64
c 00h00m02s | stage:relaxation:done round=1 clauses_added=3553 circuit_clauses_added=0 cumulative_clauses_added=0 cop_clauses_added=3553 circuit_cegar_failures=0 circuit_cegar_rounds=0 circuit_cegar_added_clauses=0 cumulative_cegar_failures=0 cumulative_cegar_rounds=0 cumulative_cegar_added_clauses=0 cop_cegar_failures=50 cop_cegar_rounds=100 cop_cegar_added_clauses=177434
c 00h00m02s | stage:sat:solve:start round=2 circuit_cegar_rounds=- cumulative_cegar_rounds=- cop_cegar_rounds=101 assumptions=0 phase_lits=572
c 00h00m02s | stage:sat:solve:done round=2 ms=54 result=Sat assumptions=0 phase_lits=572
c 00h00m02s | stage:decode:start round=2 requested_int_ids=64
c 00h00m02s | stage:decode:final:start round=2 requested_int_ids=64
c 00h00m02s | stage:decode:done round=2 int_assignments=64
c 00h00m02s | stage:relaxation:done clauses_added=0 circuit_cegar_failures=0 circuit_cegar_rounds=0 circuit_cegar_added_clauses=0 cumulative_cegar_failures=0 cumulative_cegar_rounds=0 cumulative_cegar_added_clauses=0 cop_cegar_failures=50 cop_cegar_rounds=101 cop_cegar_added_clauses=177434
c 00h00m02s | result:Sat
c 00h00m02s | objective:incumbent kind=improvement value=2055 rounds=51 improvements=50
o 2055
c 00h00m02s | stage:sat:init solver=CaDiCaL vars=13091 clauses=22132
c 00h00m02s | stage:sat:solve:start round=1 circuit_cegar_rounds=- cumulative_cegar_rounds=- cop_cegar_rounds=102 assumptions=0 phase_lits=572
c 00h00m02s | stage:sat:solve:done round=1 ms=4 result=Sat assumptions=0 phase_lits=572
c 00h00m02s | stage:decode:start round=1 requested_int_ids=64
c 00h00m02s | stage:relaxation:done round=1 clauses_added=3534 circuit_clauses_added=0 cumulative_clauses_added=0 cop_clauses_added=3534 circuit_cegar_failures=0 circuit_cegar_rounds=0 circuit_cegar_added_clauses=0 cumulative_cegar_failures=0 cumulative_cegar_rounds=0 cumulative_cegar_added_clauses=0 cop_cegar_failures=51 cop_cegar_rounds=102 cop_cegar_added_clauses=180968
c 00h00m02s | stage:sat:solve:start round=2 circuit_cegar_rounds=- cumulative_cegar_rounds=- cop_cegar_rounds=103 assumptions=0 phase_lits=572
c 00h00m02s | stage:sat:solve:done round=2 ms=156 result=Sat assumptions=0 phase_lits=572
c 00h00m02s | stage:decode:start round=2 requested_int_ids=64
c 00h00m02s | stage:decode:final:start round=2 requested_int_ids=64
c 00h00m02s | stage:decode:done round=2 int_assignments=64
c 00h00m02s | stage:relaxation:done clauses_added=0 circuit_cegar_failures=0 circuit_cegar_rounds=0 circuit_cegar_added_clauses=0 cumulative_cegar_failures=0 cumulative_cegar_rounds=0 cumulative_cegar_added_clauses=0 cop_cegar_failures=51 cop_cegar_rounds=103 cop_cegar_added_clauses=180968
c 00h00m02s | result:Sat
c 00h00m02s | objective:incumbent kind=improvement value=2053 rounds=52 improvements=51
o 2053
c 00h00m02s | stage:sat:init solver=CaDiCaL vars=13091 clauses=22132
c 00h00m02s | stage:sat:solve:start round=1 circuit_cegar_rounds=- cumulative_cegar_rounds=- cop_cegar_rounds=104 assumptions=0 phase_lits=572
c 00h00m02s | stage:sat:solve:done round=1 ms=4 result=Sat assumptions=0 phase_lits=572
c 00h00m02s | stage:decode:start round=1 requested_int_ids=64
c 00h00m02s | stage:relaxation:done round=1 clauses_added=3545 circuit_clauses_added=0 cumulative_clauses_added=0 cop_clauses_added=3545 circuit_cegar_failures=0 circuit_cegar_rounds=0 circuit_cegar_added_clauses=0 cumulative_cegar_failures=0 cumulative_cegar_rounds=0 cumulative_cegar_added_clauses=0 cop_cegar_failures=52 cop_cegar_rounds=104 cop_cegar_added_clauses=184513
c 00h00m02s | stage:sat:solve:start round=2 circuit_cegar_rounds=- cumulative_cegar_rounds=- cop_cegar_rounds=105 assumptions=0 phase_lits=572
c 00h00m02s | stage:sat:solve:done round=2 ms=44 result=Sat assumptions=0 phase_lits=572
c 00h00m02s | stage:decode:start round=2 requested_int_ids=64
c 00h00m02s | stage:decode:final:start round=2 requested_int_ids=64
c 00h00m02s | stage:decode:done round=2 int_assignments=64
c 00h00m02s | stage:relaxation:done clauses_added=0 circuit_cegar_failures=0 circuit_cegar_rounds=0 circuit_cegar_added_clauses=0 cumulative_cegar_failures=0 cumulative_cegar_rounds=0 cumulative_cegar_added_clauses=0 cop_cegar_failures=52 cop_cegar_rounds=105 cop_cegar_added_clauses=184513
c 00h00m02s | result:Sat
c 00h00m02s | objective:incumbent kind=improvement value=2051 rounds=53 improvements=52
o 2051
c 00h00m02s | stage:sat:init solver=CaDiCaL vars=13091 clauses=22132
c 00h00m02s | stage:sat:solve:start round=1 circuit_cegar_rounds=- cumulative_cegar_rounds=- cop_cegar_rounds=106 assumptions=0 phase_lits=572
c 00h00m02s | stage:sat:solve:done round=1 ms=4 result=Sat assumptions=0 phase_lits=572
c 00h00m02s | stage:decode:start round=1 requested_int_ids=64
c 00h00m02s | stage:relaxation:done round=1 clauses_added=3544 circuit_clauses_added=0 cumulative_clauses_added=0 cop_clauses_added=3544 circuit_cegar_failures=0 circuit_cegar_rounds=0 circuit_cegar_added_clauses=0 cumulative_cegar_failures=0 cumulative_cegar_rounds=0 cumulative_cegar_added_clauses=0 cop_cegar_failures=53 cop_cegar_rounds=106 cop_cegar_added_clauses=188057
c 00h00m02s | stage:sat:solve:start round=2 circuit_cegar_rounds=- cumulative_cegar_rounds=- cop_cegar_rounds=107 assumptions=0 phase_lits=572
c 00h00m02s | stage:sat:solve:done round=2 ms=23 result=Sat assumptions=0 phase_lits=572
c 00h00m02s | stage:decode:start round=2 requested_int_ids=64
c 00h00m02s | stage:decode:final:start round=2 requested_int_ids=64
c 00h00m02s | stage:decode:done round=2 int_assignments=64
c 00h00m02s | stage:relaxation:done clauses_added=0 circuit_cegar_failures=0 circuit_cegar_rounds=0 circuit_cegar_added_clauses=0 cumulative_cegar_failures=0 cumulative_cegar_rounds=0 cumulative_cegar_added_clauses=0 cop_cegar_failures=53 cop_cegar_rounds=107 cop_cegar_added_clauses=188057
c 00h00m02s | result:Sat
c 00h00m02s | objective:incumbent kind=improvement value=2037 rounds=54 improvements=53
o 2037
c 00h00m02s | stage:sat:init solver=CaDiCaL vars=13091 clauses=22132
c 00h00m02s | stage:sat:solve:start round=1 circuit_cegar_rounds=- cumulative_cegar_rounds=- cop_cegar_rounds=108 assumptions=0 phase_lits=572
c 00h00m02s | stage:sat:solve:done round=1 ms=4 result=Sat assumptions=0 phase_lits=572
c 00h00m02s | stage:decode:start round=1 requested_int_ids=64
c 00h00m02s | stage:relaxation:done round=1 clauses_added=3546 circuit_clauses_added=0 cumulative_clauses_added=0 cop_clauses_added=3546 circuit_cegar_failures=0 circuit_cegar_rounds=0 circuit_cegar_added_clauses=0 cumulative_cegar_failures=0 cumulative_cegar_rounds=0 cumulative_cegar_added_clauses=0 cop_cegar_failures=54 cop_cegar_rounds=108 cop_cegar_added_clauses=191603
c 00h00m02s | stage:sat:solve:start round=2 circuit_cegar_rounds=- cumulative_cegar_rounds=- cop_cegar_rounds=109 assumptions=0 phase_lits=572
c 00h00m02s | stage:sat:solve:done round=2 ms=18 result=Sat assumptions=0 phase_lits=572
c 00h00m02s | stage:decode:start round=2 requested_int_ids=64
c 00h00m02s | stage:decode:final:start round=2 requested_int_ids=64
c 00h00m02s | stage:decode:done round=2 int_assignments=64
c 00h00m02s | stage:relaxation:done clauses_added=0 circuit_cegar_failures=0 circuit_cegar_rounds=0 circuit_cegar_added_clauses=0 cumulative_cegar_failures=0 cumulative_cegar_rounds=0 cumulative_cegar_added_clauses=0 cop_cegar_failures=54 cop_cegar_rounds=109 cop_cegar_added_clauses=191603
c 00h00m02s | result:Sat
c 00h00m02s | objective:incumbent kind=improvement value=2035 rounds=55 improvements=54
o 2035
c 00h00m02s | stage:sat:init solver=CaDiCaL vars=13091 clauses=22132
c 00h00m02s | stage:sat:solve:start round=1 circuit_cegar_rounds=- cumulative_cegar_rounds=- cop_cegar_rounds=110 assumptions=0 phase_lits=572
c 00h00m02s | stage:sat:solve:done round=1 ms=4 result=Sat assumptions=0 phase_lits=572
c 00h00m02s | stage:decode:start round=1 requested_int_ids=64
c 00h00m02s | stage:relaxation:done round=1 clauses_added=3545 circuit_clauses_added=0 cumulative_clauses_added=0 cop_clauses_added=3545 circuit_cegar_failures=0 circuit_cegar_rounds=0 circuit_cegar_added_clauses=0 cumulative_cegar_failures=0 cumulative_cegar_rounds=0 cumulative_cegar_added_clauses=0 cop_cegar_failures=55 cop_cegar_rounds=110 cop_cegar_added_clauses=195148
c 00h00m02s | stage:sat:solve:start round=2 circuit_cegar_rounds=- cumulative_cegar_rounds=- cop_cegar_rounds=111 assumptions=0 phase_lits=572
c 00h00m02s | stage:sat:solve:done round=2 ms=14 result=Sat assumptions=0 phase_lits=572
c 00h00m02s | stage:decode:start round=2 requested_int_ids=64
c 00h00m02s | stage:decode:final:start round=2 requested_int_ids=64
c 00h00m02s | stage:decode:done round=2 int_assignments=64
c 00h00m02s | stage:relaxation:done clauses_added=0 circuit_cegar_failures=0 circuit_cegar_rounds=0 circuit_cegar_added_clauses=0 cumulative_cegar_failures=0 cumulative_cegar_rounds=0 cumulative_cegar_added_clauses=0 cop_cegar_failures=55 cop_cegar_rounds=111 cop_cegar_added_clauses=195148
c 00h00m02s | result:Sat
c 00h00m02s | objective:incumbent kind=improvement value=2034 rounds=56 improvements=55
o 2034
c 00h00m02s | stage:sat:init solver=CaDiCaL vars=13091 clauses=22132
c 00h00m02s | stage:sat:solve:start round=1 circuit_cegar_rounds=- cumulative_cegar_rounds=- cop_cegar_rounds=112 assumptions=0 phase_lits=572
c 00h00m02s | stage:sat:solve:done round=1 ms=5 result=Sat assumptions=0 phase_lits=572
c 00h00m02s | stage:decode:start round=1 requested_int_ids=64
c 00h00m02s | stage:relaxation:done round=1 clauses_added=3548 circuit_clauses_added=0 cumulative_clauses_added=0 cop_clauses_added=3548 circuit_cegar_failures=0 circuit_cegar_rounds=0 circuit_cegar_added_clauses=0 cumulative_cegar_failures=0 cumulative_cegar_rounds=0 cumulative_cegar_added_clauses=0 cop_cegar_failures=56 cop_cegar_rounds=112 cop_cegar_added_clauses=198696
c 00h00m02s | stage:sat:solve:start round=2 circuit_cegar_rounds=- cumulative_cegar_rounds=- cop_cegar_rounds=113 assumptions=0 phase_lits=572
c 00h00m02s | stage:sat:solve:done round=2 ms=23 result=Sat assumptions=0 phase_lits=572
c 00h00m02s | stage:decode:start round=2 requested_int_ids=64
c 00h00m02s | stage:decode:final:start round=2 requested_int_ids=64
c 00h00m02s | stage:decode:done round=2 int_assignments=64
c 00h00m02s | stage:relaxation:done clauses_added=0 circuit_cegar_failures=0 circuit_cegar_rounds=0 circuit_cegar_added_clauses=0 cumulative_cegar_failures=0 cumulative_cegar_rounds=0 cumulative_cegar_added_clauses=0 cop_cegar_failures=56 cop_cegar_rounds=113 cop_cegar_added_clauses=198696
c 00h00m02s | result:Sat
c 00h00m02s | objective:incumbent kind=improvement value=2030 rounds=57 improvements=56
o 2030
c 00h00m02s | stage:sat:init solver=CaDiCaL vars=13091 clauses=22132
c 00h00m02s | stage:sat:solve:start round=1 circuit_cegar_rounds=- cumulative_cegar_rounds=- cop_cegar_rounds=114 assumptions=0 phase_lits=572
c 00h00m02s | stage:sat:solve:done round=1 ms=5 result=Sat assumptions=0 phase_lits=572
c 00h00m02s | stage:decode:start round=1 requested_int_ids=64
c 00h00m02s | stage:relaxation:done round=1 clauses_added=3548 circuit_clauses_added=0 cumulative_clauses_added=0 cop_clauses_added=3548 circuit_cegar_failures=0 circuit_cegar_rounds=0 circuit_cegar_added_clauses=0 cumulative_cegar_failures=0 cumulative_cegar_rounds=0 cumulative_cegar_added_clauses=0 cop_cegar_failures=57 cop_cegar_rounds=114 cop_cegar_added_clauses=202244
c 00h00m02s | stage:sat:solve:start round=2 circuit_cegar_rounds=- cumulative_cegar_rounds=- cop_cegar_rounds=115 assumptions=0 phase_lits=572
c 00h00m02s | stage:sat:solve:done round=2 ms=32 result=Sat assumptions=0 phase_lits=572
c 00h00m02s | stage:decode:start round=2 requested_int_ids=64
c 00h00m02s | stage:decode:final:start round=2 requested_int_ids=64
c 00h00m02s | stage:decode:done round=2 int_assignments=64
c 00h00m02s | stage:relaxation:done clauses_added=0 circuit_cegar_failures=0 circuit_cegar_rounds=0 circuit_cegar_added_clauses=0 cumulative_cegar_failures=0 cumulative_cegar_rounds=0 cumulative_cegar_added_clauses=0 cop_cegar_failures=57 cop_cegar_rounds=115 cop_cegar_added_clauses=202244
c 00h00m02s | result:Sat
c 00h00m02s | objective:incumbent kind=improvement value=2026 rounds=58 improvements=57
o 2026
c 00h00m02s | stage:sat:init solver=CaDiCaL vars=13091 clauses=22132
c 00h00m02s | stage:sat:solve:start round=1 circuit_cegar_rounds=- cumulative_cegar_rounds=- cop_cegar_rounds=116 assumptions=0 phase_lits=572
c 00h00m02s | stage:sat:solve:done round=1 ms=5 result=Sat assumptions=0 phase_lits=572
c 00h00m02s | stage:decode:start round=1 requested_int_ids=64
c 00h00m02s | stage:relaxation:done round=1 clauses_added=3549 circuit_clauses_added=0 cumulative_clauses_added=0 cop_clauses_added=3549 circuit_cegar_failures=0 circuit_cegar_rounds=0 circuit_cegar_added_clauses=0 cumulative_cegar_failures=0 cumulative_cegar_rounds=0 cumulative_cegar_added_clauses=0 cop_cegar_failures=58 cop_cegar_rounds=116 cop_cegar_added_clauses=205793
c 00h00m02s | stage:sat:solve:start round=2 circuit_cegar_rounds=- cumulative_cegar_rounds=- cop_cegar_rounds=117 assumptions=0 phase_lits=572
c 00h00m02s | stage:sat:solve:done round=2 ms=10 result=Sat assumptions=0 phase_lits=572
c 00h00m02s | stage:decode:start round=2 requested_int_ids=64
c 00h00m02s | stage:decode:final:start round=2 requested_int_ids=64
c 00h00m02s | stage:decode:done round=2 int_assignments=64
c 00h00m02s | stage:relaxation:done clauses_added=0 circuit_cegar_failures=0 circuit_cegar_rounds=0 circuit_cegar_added_clauses=0 cumulative_cegar_failures=0 cumulative_cegar_rounds=0 cumulative_cegar_added_clauses=0 cop_cegar_failures=58 cop_cegar_rounds=117 cop_cegar_added_clauses=205793
c 00h00m02s | result:Sat
c 00h00m02s | objective:incumbent kind=improvement value=2025 rounds=59 improvements=58
o 2025
c 00h00m02s | stage:sat:init solver=CaDiCaL vars=13091 clauses=22132
c 00h00m02s | stage:sat:solve:start round=1 circuit_cegar_rounds=- cumulative_cegar_rounds=- cop_cegar_rounds=118 assumptions=0 phase_lits=572
c 00h00m02s | stage:sat:solve:done round=1 ms=5 result=Sat assumptions=0 phase_lits=572
c 00h00m02s | stage:decode:start round=1 requested_int_ids=64
c 00h00m02s | stage:relaxation:done round=1 clauses_added=3548 circuit_clauses_added=0 cumulative_clauses_added=0 cop_clauses_added=3548 circuit_cegar_failures=0 circuit_cegar_rounds=0 circuit_cegar_added_clauses=0 cumulative_cegar_failures=0 cumulative_cegar_rounds=0 cumulative_cegar_added_clauses=0 cop_cegar_failures=59 cop_cegar_rounds=118 cop_cegar_added_clauses=209341
c 00h00m02s | stage:sat:solve:start round=2 circuit_cegar_rounds=- cumulative_cegar_rounds=- cop_cegar_rounds=119 assumptions=0 phase_lits=572
c 00h00m02s | stage:sat:solve:done round=2 ms=22 result=Sat assumptions=0 phase_lits=572
c 00h00m02s | stage:decode:start round=2 requested_int_ids=64
c 00h00m02s | stage:decode:final:start round=2 requested_int_ids=64
c 00h00m02s | stage:decode:done round=2 int_assignments=64
c 00h00m02s | stage:relaxation:done clauses_added=0 circuit_cegar_failures=0 circuit_cegar_rounds=0 circuit_cegar_added_clauses=0 cumulative_cegar_failures=0 cumulative_cegar_rounds=0 cumulative_cegar_added_clauses=0 cop_cegar_failures=59 cop_cegar_rounds=119 cop_cegar_added_clauses=209341
c 00h00m02s | result:Sat
c 00h00m02s | objective:incumbent kind=improvement value=1953 rounds=60 improvements=59
o 1953
c 00h00m02s | stage:sat:init solver=CaDiCaL vars=13091 clauses=22132
c 00h00m02s | stage:sat:solve:start round=1 circuit_cegar_rounds=- cumulative_cegar_rounds=- cop_cegar_rounds=120 assumptions=0 phase_lits=572
c 00h00m02s | stage:sat:solve:done round=1 ms=6 result=Sat assumptions=0 phase_lits=572
c 00h00m02s | stage:decode:start round=1 requested_int_ids=64
c 00h00m02s | stage:relaxation:done round=1 clauses_added=3548 circuit_clauses_added=0 cumulative_clauses_added=0 cop_clauses_added=3548 circuit_cegar_failures=0 circuit_cegar_rounds=0 circuit_cegar_added_clauses=0 cumulative_cegar_failures=0 cumulative_cegar_rounds=0 cumulative_cegar_added_clauses=0 cop_cegar_failures=60 cop_cegar_rounds=120 cop_cegar_added_clauses=212889
c 00h00m02s | stage:sat:solve:start round=2 circuit_cegar_rounds=- cumulative_cegar_rounds=- cop_cegar_rounds=121 assumptions=0 phase_lits=572
c 00h00m02s | stage:sat:solve:done round=2 ms=27 result=Sat assumptions=0 phase_lits=572
c 00h00m02s | stage:decode:start round=2 requested_int_ids=64
c 00h00m02s | stage:decode:final:start round=2 requested_int_ids=64
c 00h00m02s | stage:decode:done round=2 int_assignments=64
c 00h00m02s | stage:relaxation:done clauses_added=0 circuit_cegar_failures=0 circuit_cegar_rounds=0 circuit_cegar_added_clauses=0 cumulative_cegar_failures=0 cumulative_cegar_rounds=0 cumulative_cegar_added_clauses=0 cop_cegar_failures=60 cop_cegar_rounds=121 cop_cegar_added_clauses=212889
c 00h00m02s | result:Sat
c 00h00m02s | objective:incumbent kind=improvement value=1951 rounds=61 improvements=60
o 1951
c 00h00m02s | stage:sat:init solver=CaDiCaL vars=13091 clauses=22132
c 00h00m02s | stage:sat:solve:start round=1 circuit_cegar_rounds=- cumulative_cegar_rounds=- cop_cegar_rounds=122 assumptions=0 phase_lits=572
c 00h00m02s | stage:sat:solve:done round=1 ms=6 result=Sat assumptions=0 phase_lits=572
c 00h00m02s | stage:decode:start round=1 requested_int_ids=64
c 00h00m02s | stage:relaxation:done round=1 clauses_added=3545 circuit_clauses_added=0 cumulative_clauses_added=0 cop_clauses_added=3545 circuit_cegar_failures=0 circuit_cegar_rounds=0 circuit_cegar_added_clauses=0 cumulative_cegar_failures=0 cumulative_cegar_rounds=0 cumulative_cegar_added_clauses=0 cop_cegar_failures=61 cop_cegar_rounds=122 cop_cegar_added_clauses=216434
c 00h00m02s | stage:sat:solve:start round=2 circuit_cegar_rounds=- cumulative_cegar_rounds=- cop_cegar_rounds=123 assumptions=0 phase_lits=572
c 00h00m02s | stage:sat:solve:done round=2 ms=33 result=Sat assumptions=0 phase_lits=572
c 00h00m02s | stage:decode:start round=2 requested_int_ids=64
c 00h00m02s | stage:decode:final:start round=2 requested_int_ids=64
c 00h00m02s | stage:decode:done round=2 int_assignments=64
c 00h00m02s | stage:relaxation:done clauses_added=0 circuit_cegar_failures=0 circuit_cegar_rounds=0 circuit_cegar_added_clauses=0 cumulative_cegar_failures=0 cumulative_cegar_rounds=0 cumulative_cegar_added_clauses=0 cop_cegar_failures=61 cop_cegar_rounds=123 cop_cegar_added_clauses=216434
c 00h00m02s | result:Sat
c 00h00m02s | objective:incumbent kind=improvement value=1936 rounds=62 improvements=61
o 1936
c 00h00m02s | stage:sat:init solver=CaDiCaL vars=13091 clauses=22132
c 00h00m02s | stage:sat:solve:start round=1 circuit_cegar_rounds=- cumulative_cegar_rounds=- cop_cegar_rounds=124 assumptions=0 phase_lits=572
c 00h00m02s | stage:sat:solve:done round=1 ms=6 result=Sat assumptions=0 phase_lits=572
c 00h00m02s | stage:decode:start round=1 requested_int_ids=64
c 00h00m02s | stage:relaxation:done round=1 clauses_added=3551 circuit_clauses_added=0 cumulative_clauses_added=0 cop_clauses_added=3551 circuit_cegar_failures=0 circuit_cegar_rounds=0 circuit_cegar_added_clauses=0 cumulative_cegar_failures=0 cumulative_cegar_rounds=0 cumulative_cegar_added_clauses=0 cop_cegar_failures=62 cop_cegar_rounds=124 cop_cegar_added_clauses=219985
c 00h00m02s | stage:sat:solve:start round=2 circuit_cegar_rounds=- cumulative_cegar_rounds=- cop_cegar_rounds=125 assumptions=0 phase_lits=572
c 00h00m02s | stage:sat:solve:done round=2 ms=34 result=Sat assumptions=0 phase_lits=572
c 00h00m02s | stage:decode:start round=2 requested_int_ids=64
c 00h00m02s | stage:decode:final:start round=2 requested_int_ids=64
c 00h00m02s | stage:decode:done round=2 int_assignments=64
c 00h00m02s | stage:relaxation:done clauses_added=0 circuit_cegar_failures=0 circuit_cegar_rounds=0 circuit_cegar_added_clauses=0 cumulative_cegar_failures=0 cumulative_cegar_rounds=0 cumulative_cegar_added_clauses=0 cop_cegar_failures=62 cop_cegar_rounds=125 cop_cegar_added_clauses=219985
c 00h00m02s | result:Sat
c 00h00m02s | objective:incumbent kind=improvement value=1935 rounds=63 improvements=62
o 1935
c 00h00m02s | stage:sat:init solver=CaDiCaL vars=13091 clauses=22132
c 00h00m02s | stage:sat:solve:start round=1 circuit_cegar_rounds=- cumulative_cegar_rounds=- cop_cegar_rounds=126 assumptions=0 phase_lits=572
c 00h00m02s | stage:sat:solve:done round=1 ms=6 result=Sat assumptions=0 phase_lits=572
c 00h00m02s | stage:decode:start round=1 requested_int_ids=64
c 00h00m02s | stage:relaxation:done round=1 clauses_added=3546 circuit_clauses_added=0 cumulative_clauses_added=0 cop_clauses_added=3546 circuit_cegar_failures=0 circuit_cegar_rounds=0 circuit_cegar_added_clauses=0 cumulative_cegar_failures=0 cumulative_cegar_rounds=0 cumulative_cegar_added_clauses=0 cop_cegar_failures=63 cop_cegar_rounds=126 cop_cegar_added_clauses=223531
c 00h00m02s | stage:sat:solve:start round=2 circuit_cegar_rounds=- cumulative_cegar_rounds=- cop_cegar_rounds=127 assumptions=0 phase_lits=572
c 00h00m02s | stage:sat:solve:done round=2 ms=21 result=Sat assumptions=0 phase_lits=572
c 00h00m02s | stage:decode:start round=2 requested_int_ids=64
c 00h00m02s | stage:decode:final:start round=2 requested_int_ids=64
c 00h00m02s | stage:decode:done round=2 int_assignments=64
c 00h00m02s | stage:relaxation:done clauses_added=0 circuit_cegar_failures=0 circuit_cegar_rounds=0 circuit_cegar_added_clauses=0 cumulative_cegar_failures=0 cumulative_cegar_rounds=0 cumulative_cegar_added_clauses=0 cop_cegar_failures=63 cop_cegar_rounds=127 cop_cegar_added_clauses=223531
c 00h00m02s | result:Sat
c 00h00m02s | objective:incumbent kind=improvement value=1871 rounds=64 improvements=63
o 1871
c 00h00m02s | stage:sat:init solver=CaDiCaL vars=13091 clauses=22132
c 00h00m02s | stage:sat:solve:start round=1 circuit_cegar_rounds=- cumulative_cegar_rounds=- cop_cegar_rounds=128 assumptions=0 phase_lits=572
c 00h00m02s | stage:sat:solve:done round=1 ms=6 result=Sat assumptions=0 phase_lits=572
c 00h00m02s | stage:decode:start round=1 requested_int_ids=64
c 00h00m02s | stage:relaxation:done round=1 clauses_added=3546 circuit_clauses_added=0 cumulative_clauses_added=0 cop_clauses_added=3546 circuit_cegar_failures=0 circuit_cegar_rounds=0 circuit_cegar_added_clauses=0 cumulative_cegar_failures=0 cumulative_cegar_rounds=0 cumulative_cegar_added_clauses=0 cop_cegar_failures=64 cop_cegar_rounds=128 cop_cegar_added_clauses=227077
c 00h00m02s | stage:sat:solve:start round=2 circuit_cegar_rounds=- cumulative_cegar_rounds=- cop_cegar_rounds=129 assumptions=0 phase_lits=572
c 00h00m02s | stage:sat:solve:done round=2 ms=44 result=Sat assumptions=0 phase_lits=572
c 00h00m02s | stage:decode:start round=2 requested_int_ids=64
c 00h00m02s | stage:decode:final:start round=2 requested_int_ids=64
c 00h00m02s | stage:decode:done round=2 int_assignments=64
c 00h00m02s | stage:relaxation:done clauses_added=0 circuit_cegar_failures=0 circuit_cegar_rounds=0 circuit_cegar_added_clauses=0 cumulative_cegar_failures=0 cumulative_cegar_rounds=0 cumulative_cegar_added_clauses=0 cop_cegar_failures=64 cop_cegar_rounds=129 cop_cegar_added_clauses=227077
c 00h00m02s | result:Sat
c 00h00m02s | objective:incumbent kind=improvement value=1769 rounds=65 improvements=64
o 1769
c 00h00m02s | stage:sat:init solver=CaDiCaL vars=13091 clauses=22132
c 00h00m02s | stage:sat:solve:start round=1 circuit_cegar_rounds=- cumulative_cegar_rounds=- cop_cegar_rounds=130 assumptions=0 phase_lits=572
c 00h00m02s | stage:sat:solve:done round=1 ms=6 result=Sat assumptions=0 phase_lits=572
c 00h00m02s | stage:decode:start round=1 requested_int_ids=64
c 00h00m02s | stage:relaxation:done round=1 clauses_added=3549 circuit_clauses_added=0 cumulative_clauses_added=0 cop_clauses_added=3549 circuit_cegar_failures=0 circuit_cegar_rounds=0 circuit_cegar_added_clauses=0 cumulative_cegar_failures=0 cumulative_cegar_rounds=0 cumulative_cegar_added_clauses=0 cop_cegar_failures=65 cop_cegar_rounds=130 cop_cegar_added_clauses=230626
c 00h00m02s | stage:sat:solve:start round=2 circuit_cegar_rounds=- cumulative_cegar_rounds=- cop_cegar_rounds=131 assumptions=0 phase_lits=572
c 00h00m02s | stage:sat:solve:done round=2 ms=77 result=Sat assumptions=0 phase_lits=572
c 00h00m02s | stage:decode:start round=2 requested_int_ids=64
c 00h00m02s | stage:decode:final:start round=2 requested_int_ids=64
c 00h00m02s | stage:decode:done round=2 int_assignments=64
c 00h00m02s | stage:relaxation:done clauses_added=0 circuit_cegar_failures=0 circuit_cegar_rounds=0 circuit_cegar_added_clauses=0 cumulative_cegar_failures=0 cumulative_cegar_rounds=0 cumulative_cegar_added_clauses=0 cop_cegar_failures=65 cop_cegar_rounds=131 cop_cegar_added_clauses=230626
c 00h00m02s | result:Sat
c 00h00m02s | objective:incumbent kind=improvement value=1768 rounds=66 improvements=65
o 1768
c 00h00m02s | stage:sat:init solver=CaDiCaL vars=13091 clauses=22132
c 00h00m02s | stage:sat:solve:start round=1 circuit_cegar_rounds=- cumulative_cegar_rounds=- cop_cegar_rounds=132 assumptions=0 phase_lits=572
c 00h00m02s | stage:sat:solve:done round=1 ms=7 result=Sat assumptions=0 phase_lits=572
c 00h00m02s | stage:decode:start round=1 requested_int_ids=64
c 00h00m02s | stage:relaxation:done round=1 clauses_added=3551 circuit_clauses_added=0 cumulative_clauses_added=0 cop_clauses_added=3551 circuit_cegar_failures=0 circuit_cegar_rounds=0 circuit_cegar_added_clauses=0 cumulative_cegar_failures=0 cumulative_cegar_rounds=0 cumulative_cegar_added_clauses=0 cop_cegar_failures=66 cop_cegar_rounds=132 cop_cegar_added_clauses=234177
c 00h00m02s | stage:sat:solve:start round=2 circuit_cegar_rounds=- cumulative_cegar_rounds=- cop_cegar_rounds=133 assumptions=0 phase_lits=572
c 00h00m03s | stage:sat:solve:done round=2 ms=296 result=Sat assumptions=0 phase_lits=572
c 00h00m03s | stage:decode:start round=2 requested_int_ids=64
c 00h00m03s | stage:decode:final:start round=2 requested_int_ids=64
c 00h00m03s | stage:decode:done round=2 int_assignments=64
c 00h00m03s | stage:relaxation:done clauses_added=0 circuit_cegar_failures=0 circuit_cegar_rounds=0 circuit_cegar_added_clauses=0 cumulative_cegar_failures=0 cumulative_cegar_rounds=0 cumulative_cegar_added_clauses=0 cop_cegar_failures=66 cop_cegar_rounds=133 cop_cegar_added_clauses=234177
c 00h00m03s | result:Sat
c 00h00m03s | objective:incumbent kind=improvement value=1767 rounds=67 improvements=66
o 1767
c 00h00m03s | stage:sat:init solver=CaDiCaL vars=13091 clauses=22132
c 00h00m03s | stage:sat:solve:start round=1 circuit_cegar_rounds=- cumulative_cegar_rounds=- cop_cegar_rounds=134 assumptions=0 phase_lits=572
c 00h00m03s | stage:sat:solve:done round=1 ms=9 result=Sat assumptions=0 phase_lits=572
c 00h00m03s | stage:decode:start round=1 requested_int_ids=64
c 00h00m03s | stage:relaxation:done round=1 clauses_added=3542 circuit_clauses_added=0 cumulative_clauses_added=0 cop_clauses_added=3542 circuit_cegar_failures=0 circuit_cegar_rounds=0 circuit_cegar_added_clauses=0 cumulative_cegar_failures=0 cumulative_cegar_rounds=0 cumulative_cegar_added_clauses=0 cop_cegar_failures=67 cop_cegar_rounds=134 cop_cegar_added_clauses=237719
c 00h00m03s | stage:sat:solve:start round=2 circuit_cegar_rounds=- cumulative_cegar_rounds=- cop_cegar_rounds=135 assumptions=0 phase_lits=572
c 00h00m03s | stage:sat:solve:done round=2 ms=78 result=Sat assumptions=0 phase_lits=572
c 00h00m03s | stage:decode:start round=2 requested_int_ids=64
c 00h00m03s | stage:decode:final:start round=2 requested_int_ids=64
c 00h00m03s | stage:decode:done round=2 int_assignments=64
c 00h00m03s | stage:relaxation:done clauses_added=0 circuit_cegar_failures=0 circuit_cegar_rounds=0 circuit_cegar_added_clauses=0 cumulative_cegar_failures=0 cumulative_cegar_rounds=0 cumulative_cegar_added_clauses=0 cop_cegar_failures=67 cop_cegar_rounds=135 cop_cegar_added_clauses=237719
c 00h00m03s | result:Sat
c 00h00m03s | objective:incumbent kind=improvement value=1765 rounds=68 improvements=67
o 1765
c 00h00m03s | stage:sat:init solver=CaDiCaL vars=13091 clauses=22132
c 00h00m03s | stage:sat:solve:start round=1 circuit_cegar_rounds=- cumulative_cegar_rounds=- cop_cegar_rounds=136 assumptions=0 phase_lits=572
c 00h00m03s | stage:sat:solve:done round=1 ms=7 result=Sat assumptions=0 phase_lits=572
c 00h00m03s | stage:decode:start round=1 requested_int_ids=64
c 00h00m03s | stage:relaxation:done round=1 clauses_added=3547 circuit_clauses_added=0 cumulative_clauses_added=0 cop_clauses_added=3547 circuit_cegar_failures=0 circuit_cegar_rounds=0 circuit_cegar_added_clauses=0 cumulative_cegar_failures=0 cumulative_cegar_rounds=0 cumulative_cegar_added_clauses=0 cop_cegar_failures=68 cop_cegar_rounds=136 cop_cegar_added_clauses=241266
c 00h00m03s | stage:sat:solve:start round=2 circuit_cegar_rounds=- cumulative_cegar_rounds=- cop_cegar_rounds=137 assumptions=0 phase_lits=572
c 00h00m03s | stage:sat:solve:done round=2 ms=58 result=Sat assumptions=0 phase_lits=572
c 00h00m03s | stage:decode:start round=2 requested_int_ids=64
c 00h00m03s | stage:decode:final:start round=2 requested_int_ids=64
c 00h00m03s | stage:decode:done round=2 int_assignments=64
c 00h00m03s | stage:relaxation:done clauses_added=0 circuit_cegar_failures=0 circuit_cegar_rounds=0 circuit_cegar_added_clauses=0 cumulative_cegar_failures=0 cumulative_cegar_rounds=0 cumulative_cegar_added_clauses=0 cop_cegar_failures=68 cop_cegar_rounds=137 cop_cegar_added_clauses=241266
c 00h00m03s | result:Sat
c 00h00m03s | objective:incumbent kind=improvement value=1764 rounds=69 improvements=68
o 1764
c 00h00m03s | stage:sat:init solver=CaDiCaL vars=13091 clauses=22132
c 00h00m03s | stage:sat:solve:start round=1 circuit_cegar_rounds=- cumulative_cegar_rounds=- cop_cegar_rounds=138 assumptions=0 phase_lits=572
c 00h00m03s | stage:sat:solve:done round=1 ms=8 result=Sat assumptions=0 phase_lits=572
c 00h00m03s | stage:decode:start round=1 requested_int_ids=64
c 00h00m03s | stage:relaxation:done round=1 clauses_added=3549 circuit_clauses_added=0 cumulative_clauses_added=0 cop_clauses_added=3549 circuit_cegar_failures=0 circuit_cegar_rounds=0 circuit_cegar_added_clauses=0 cumulative_cegar_failures=0 cumulative_cegar_rounds=0 cumulative_cegar_added_clauses=0 cop_cegar_failures=69 cop_cegar_rounds=138 cop_cegar_added_clauses=244815
c 00h00m03s | stage:sat:solve:start round=2 circuit_cegar_rounds=- cumulative_cegar_rounds=- cop_cegar_rounds=139 assumptions=0 phase_lits=572
c 00h00m03s | stage:sat:solve:done round=2 ms=12 result=Sat assumptions=0 phase_lits=572
c 00h00m03s | stage:decode:start round=2 requested_int_ids=64
c 00h00m03s | stage:decode:final:start round=2 requested_int_ids=64
c 00h00m03s | stage:decode:done round=2 int_assignments=64
c 00h00m03s | stage:relaxation:done clauses_added=0 circuit_cegar_failures=0 circuit_cegar_rounds=0 circuit_cegar_added_clauses=0 cumulative_cegar_failures=0 cumulative_cegar_rounds=0 cumulative_cegar_added_clauses=0 cop_cegar_failures=69 cop_cegar_rounds=139 cop_cegar_added_clauses=244815
c 00h00m03s | result:Sat
c 00h00m03s | objective:incumbent kind=improvement value=1683 rounds=70 improvements=69
o 1683
c 00h00m03s | stage:sat:init solver=CaDiCaL vars=13091 clauses=22132
c 00h00m03s | stage:sat:solve:start round=1 circuit_cegar_rounds=- cumulative_cegar_rounds=- cop_cegar_rounds=140 assumptions=0 phase_lits=572
c 00h00m03s | stage:sat:solve:done round=1 ms=8 result=Sat assumptions=0 phase_lits=572
c 00h00m03s | stage:decode:start round=1 requested_int_ids=64
c 00h00m03s | stage:relaxation:done round=1 clauses_added=3548 circuit_clauses_added=0 cumulative_clauses_added=0 cop_clauses_added=3548 circuit_cegar_failures=0 circuit_cegar_rounds=0 circuit_cegar_added_clauses=0 cumulative_cegar_failures=0 cumulative_cegar_rounds=0 cumulative_cegar_added_clauses=0 cop_cegar_failures=70 cop_cegar_rounds=140 cop_cegar_added_clauses=248363
c 00h00m03s | stage:sat:solve:start round=2 circuit_cegar_rounds=- cumulative_cegar_rounds=- cop_cegar_rounds=141 assumptions=0 phase_lits=572
c 00h00m03s | stage:sat:solve:done round=2 ms=56 result=Sat assumptions=0 phase_lits=572
c 00h00m03s | stage:decode:start round=2 requested_int_ids=64
c 00h00m03s | stage:decode:final:start round=2 requested_int_ids=64
c 00h00m03s | stage:decode:done round=2 int_assignments=64
c 00h00m03s | stage:relaxation:done clauses_added=0 circuit_cegar_failures=0 circuit_cegar_rounds=0 circuit_cegar_added_clauses=0 cumulative_cegar_failures=0 cumulative_cegar_rounds=0 cumulative_cegar_added_clauses=0 cop_cegar_failures=70 cop_cegar_rounds=141 cop_cegar_added_clauses=248363
c 00h00m03s | result:Sat
c 00h00m03s | objective:incumbent kind=improvement value=1667 rounds=71 improvements=70
o 1667
c 00h00m03s | stage:sat:init solver=CaDiCaL vars=13091 clauses=22132
c 00h00m03s | stage:sat:solve:start round=1 circuit_cegar_rounds=- cumulative_cegar_rounds=- cop_cegar_rounds=142 assumptions=0 phase_lits=572
c 00h00m03s | stage:sat:solve:done round=1 ms=8 result=Sat assumptions=0 phase_lits=572
c 00h00m03s | stage:decode:start round=1 requested_int_ids=64
c 00h00m03s | stage:relaxation:done round=1 clauses_added=3546 circuit_clauses_added=0 cumulative_clauses_added=0 cop_clauses_added=3546 circuit_cegar_failures=0 circuit_cegar_rounds=0 circuit_cegar_added_clauses=0 cumulative_cegar_failures=0 cumulative_cegar_rounds=0 cumulative_cegar_added_clauses=0 cop_cegar_failures=71 cop_cegar_rounds=142 cop_cegar_added_clauses=251909
c 00h00m03s | stage:sat:solve:start round=2 circuit_cegar_rounds=- cumulative_cegar_rounds=- cop_cegar_rounds=143 assumptions=0 phase_lits=572
c 00h00m03s | stage:sat:solve:done round=2 ms=30 result=Sat assumptions=0 phase_lits=572
c 00h00m03s | stage:decode:start round=2 requested_int_ids=64
c 00h00m03s | stage:decode:final:start round=2 requested_int_ids=64
c 00h00m03s | stage:decode:done round=2 int_assignments=64
c 00h00m03s | stage:relaxation:done clauses_added=0 circuit_cegar_failures=0 circuit_cegar_rounds=0 circuit_cegar_added_clauses=0 cumulative_cegar_failures=0 cumulative_cegar_rounds=0 cumulative_cegar_added_clauses=0 cop_cegar_failures=71 cop_cegar_rounds=143 cop_cegar_added_clauses=251909
c 00h00m03s | result:Sat
c 00h00m03s | objective:incumbent kind=improvement value=1651 rounds=72 improvements=71
o 1651
c 00h00m03s | stage:sat:init solver=CaDiCaL vars=13091 clauses=22132
c 00h00m03s | stage:sat:solve:start round=1 circuit_cegar_rounds=- cumulative_cegar_rounds=- cop_cegar_rounds=144 assumptions=0 phase_lits=572
c 00h00m03s | stage:sat:solve:done round=1 ms=8 result=Sat assumptions=0 phase_lits=572
c 00h00m03s | stage:decode:start round=1 requested_int_ids=64
c 00h00m03s | stage:relaxation:done round=1 clauses_added=3547 circuit_clauses_added=0 cumulative_clauses_added=0 cop_clauses_added=3547 circuit_cegar_failures=0 circuit_cegar_rounds=0 circuit_cegar_added_clauses=0 cumulative_cegar_failures=0 cumulative_cegar_rounds=0 cumulative_cegar_added_clauses=0 cop_cegar_failures=72 cop_cegar_rounds=144 cop_cegar_added_clauses=255456
c 00h00m03s | stage:sat:solve:start round=2 circuit_cegar_rounds=- cumulative_cegar_rounds=- cop_cegar_rounds=145 assumptions=0 phase_lits=572
c 00h00m03s | stage:sat:solve:done round=2 ms=12 result=Sat assumptions=0 phase_lits=572
c 00h00m03s | stage:decode:start round=2 requested_int_ids=64
c 00h00m03s | stage:decode:final:start round=2 requested_int_ids=64
c 00h00m03s | stage:decode:done round=2 int_assignments=64
c 00h00m03s | stage:relaxation:done clauses_added=0 circuit_cegar_failures=0 circuit_cegar_rounds=0 circuit_cegar_added_clauses=0 cumulative_cegar_failures=0 cumulative_cegar_rounds=0 cumulative_cegar_added_clauses=0 cop_cegar_failures=72 cop_cegar_rounds=145 cop_cegar_added_clauses=255456
c 00h00m03s | result:Sat
c 00h00m03s | objective:incumbent kind=improvement value=1422 rounds=73 improvements=72
o 1422
c 00h00m03s | stage:sat:init solver=CaDiCaL vars=13091 clauses=22132
c 00h00m03s | stage:sat:solve:start round=1 circuit_cegar_rounds=- cumulative_cegar_rounds=- cop_cegar_rounds=146 assumptions=0 phase_lits=572
c 00h00m03s | stage:sat:solve:done round=1 ms=9 result=Sat assumptions=0 phase_lits=572
c 00h00m03s | stage:decode:start round=1 requested_int_ids=64
c 00h00m03s | stage:relaxation:done round=1 clauses_added=3551 circuit_clauses_added=0 cumulative_clauses_added=0 cop_clauses_added=3551 circuit_cegar_failures=0 circuit_cegar_rounds=0 circuit_cegar_added_clauses=0 cumulative_cegar_failures=0 cumulative_cegar_rounds=0 cumulative_cegar_added_clauses=0 cop_cegar_failures=73 cop_cegar_rounds=146 cop_cegar_added_clauses=259007
c 00h00m03s | stage:sat:solve:start round=2 circuit_cegar_rounds=- cumulative_cegar_rounds=- cop_cegar_rounds=147 assumptions=0 phase_lits=572
c 00h00m03s | stage:sat:solve:done round=2 ms=9 result=Sat assumptions=0 phase_lits=572
c 00h00m03s | stage:decode:start round=2 requested_int_ids=64
c 00h00m03s | stage:decode:final:start round=2 requested_int_ids=64
c 00h00m03s | stage:decode:done round=2 int_assignments=64
c 00h00m03s | stage:relaxation:done clauses_added=0 circuit_cegar_failures=0 circuit_cegar_rounds=0 circuit_cegar_added_clauses=0 cumulative_cegar_failures=0 cumulative_cegar_rounds=0 cumulative_cegar_added_clauses=0 cop_cegar_failures=73 cop_cegar_rounds=147 cop_cegar_added_clauses=259007
c 00h00m03s | result:Sat
c 00h00m03s | objective:incumbent kind=improvement value=1421 rounds=74 improvements=73
o 1421
c 00h00m03s | stage:sat:init solver=CaDiCaL vars=13091 clauses=22132
c 00h00m03s | stage:sat:solve:start round=1 circuit_cegar_rounds=- cumulative_cegar_rounds=- cop_cegar_rounds=148 assumptions=0 phase_lits=572
c 00h00m03s | stage:sat:solve:done round=1 ms=9 result=Sat assumptions=0 phase_lits=572
c 00h00m03s | stage:decode:start round=1 requested_int_ids=64
c 00h00m03s | stage:relaxation:done round=1 clauses_added=3550 circuit_clauses_added=0 cumulative_clauses_added=0 cop_clauses_added=3550 circuit_cegar_failures=0 circuit_cegar_rounds=0 circuit_cegar_added_clauses=0 cumulative_cegar_failures=0 cumulative_cegar_rounds=0 cumulative_cegar_added_clauses=0 cop_cegar_failures=74 cop_cegar_rounds=148 cop_cegar_added_clauses=262557
c 00h00m03s | stage:sat:solve:start round=2 circuit_cegar_rounds=- cumulative_cegar_rounds=- cop_cegar_rounds=149 assumptions=0 phase_lits=572
c 00h00m03s | stage:sat:solve:done round=2 ms=62 result=Sat assumptions=0 phase_lits=572
c 00h00m03s | stage:decode:start round=2 requested_int_ids=64
c 00h00m03s | stage:decode:final:start round=2 requested_int_ids=64
c 00h00m03s | stage:decode:done round=2 int_assignments=64
c 00h00m03s | stage:relaxation:done clauses_added=0 circuit_cegar_failures=0 circuit_cegar_rounds=0 circuit_cegar_added_clauses=0 cumulative_cegar_failures=0 cumulative_cegar_rounds=0 cumulative_cegar_added_clauses=0 cop_cegar_failures=74 cop_cegar_rounds=149 cop_cegar_added_clauses=262557
c 00h00m03s | result:Sat
c 00h00m03s | objective:incumbent kind=improvement value=1417 rounds=75 improvements=74
o 1417
c 00h00m03s | stage:sat:init solver=CaDiCaL vars=13091 clauses=22132
c 00h00m03s | stage:sat:solve:start round=1 circuit_cegar_rounds=- cumulative_cegar_rounds=- cop_cegar_rounds=150 assumptions=0 phase_lits=572
c 00h00m03s | stage:sat:solve:done round=1 ms=10 result=Sat assumptions=0 phase_lits=572
c 00h00m03s | stage:decode:start round=1 requested_int_ids=64
c 00h00m03s | stage:relaxation:done round=1 clauses_added=3551 circuit_clauses_added=0 cumulative_clauses_added=0 cop_clauses_added=3551 circuit_cegar_failures=0 circuit_cegar_rounds=0 circuit_cegar_added_clauses=0 cumulative_cegar_failures=0 cumulative_cegar_rounds=0 cumulative_cegar_added_clauses=0 cop_cegar_failures=75 cop_cegar_rounds=150 cop_cegar_added_clauses=266108
c 00h00m03s | stage:sat:solve:start round=2 circuit_cegar_rounds=- cumulative_cegar_rounds=- cop_cegar_rounds=151 assumptions=0 phase_lits=572
c 00h00m03s | stage:sat:solve:done round=2 ms=95 result=Sat assumptions=0 phase_lits=572
c 00h00m03s | stage:decode:start round=2 requested_int_ids=64
c 00h00m03s | stage:decode:final:start round=2 requested_int_ids=64
c 00h00m03s | stage:decode:done round=2 int_assignments=64
c 00h00m03s | stage:relaxation:done clauses_added=0 circuit_cegar_failures=0 circuit_cegar_rounds=0 circuit_cegar_added_clauses=0 cumulative_cegar_failures=0 cumulative_cegar_rounds=0 cumulative_cegar_added_clauses=0 cop_cegar_failures=75 cop_cegar_rounds=151 cop_cegar_added_clauses=266108
c 00h00m03s | result:Sat
c 00h00m03s | objective:incumbent kind=improvement value=1415 rounds=76 improvements=75
o 1415
c 00h00m03s | stage:sat:init solver=CaDiCaL vars=13091 clauses=22132
c 00h00m03s | stage:sat:solve:start round=1 circuit_cegar_rounds=- cumulative_cegar_rounds=- cop_cegar_rounds=152 assumptions=0 phase_lits=572
c 00h00m03s | stage:sat:solve:done round=1 ms=10 result=Sat assumptions=0 phase_lits=572
c 00h00m03s | stage:decode:start round=1 requested_int_ids=64
c 00h00m03s | stage:relaxation:done round=1 clauses_added=3540 circuit_clauses_added=0 cumulative_clauses_added=0 cop_clauses_added=3540 circuit_cegar_failures=0 circuit_cegar_rounds=0 circuit_cegar_added_clauses=0 cumulative_cegar_failures=0 cumulative_cegar_rounds=0 cumulative_cegar_added_clauses=0 cop_cegar_failures=76 cop_cegar_rounds=152 cop_cegar_added_clauses=269648
c 00h00m03s | stage:sat:solve:start round=2 circuit_cegar_rounds=- cumulative_cegar_rounds=- cop_cegar_rounds=153 assumptions=0 phase_lits=572
c 00h00m03s | stage:sat:solve:done round=2 ms=30 result=Sat assumptions=0 phase_lits=572
c 00h00m03s | stage:decode:start round=2 requested_int_ids=64
c 00h00m03s | stage:decode:final:start round=2 requested_int_ids=64
c 00h00m03s | stage:decode:done round=2 int_assignments=64
c 00h00m03s | stage:relaxation:done clauses_added=0 circuit_cegar_failures=0 circuit_cegar_rounds=0 circuit_cegar_added_clauses=0 cumulative_cegar_failures=0 cumulative_cegar_rounds=0 cumulative_cegar_added_clauses=0 cop_cegar_failures=76 cop_cegar_rounds=153 cop_cegar_added_clauses=269648
c 00h00m03s | result:Sat
c 00h00m03s | objective:incumbent kind=improvement value=1413 rounds=77 improvements=76
o 1413
c 00h00m03s | stage:sat:init solver=CaDiCaL vars=13091 clauses=22132
c 00h00m03s | stage:sat:solve:start round=1 circuit_cegar_rounds=- cumulative_cegar_rounds=- cop_cegar_rounds=154 assumptions=0 phase_lits=572
c 00h00m03s | stage:sat:solve:done round=1 ms=9 result=Sat assumptions=0 phase_lits=572
c 00h00m03s | stage:decode:start round=1 requested_int_ids=64
c 00h00m03s | stage:relaxation:done round=1 clauses_added=3547 circuit_clauses_added=0 cumulative_clauses_added=0 cop_clauses_added=3547 circuit_cegar_failures=0 circuit_cegar_rounds=0 circuit_cegar_added_clauses=0 cumulative_cegar_failures=0 cumulative_cegar_rounds=0 cumulative_cegar_added_clauses=0 cop_cegar_failures=77 cop_cegar_rounds=154 cop_cegar_added_clauses=273195
c 00h00m03s | stage:sat:solve:start round=2 circuit_cegar_rounds=- cumulative_cegar_rounds=- cop_cegar_rounds=155 assumptions=0 phase_lits=572
c 00h00m03s | stage:sat:solve:done round=2 ms=27 result=Sat assumptions=0 phase_lits=572
c 00h00m03s | stage:decode:start round=2 requested_int_ids=64
c 00h00m03s | stage:decode:final:start round=2 requested_int_ids=64
c 00h00m03s | stage:decode:done round=2 int_assignments=64
c 00h00m03s | stage:relaxation:done clauses_added=0 circuit_cegar_failures=0 circuit_cegar_rounds=0 circuit_cegar_added_clauses=0 cumulative_cegar_failures=0 cumulative_cegar_rounds=0 cumulative_cegar_added_clauses=0 cop_cegar_failures=77 cop_cegar_rounds=155 cop_cegar_added_clauses=273195
c 00h00m03s | result:Sat
c 00h00m03s | objective:incumbent kind=improvement value=1410 rounds=78 improvements=77
o 1410
c 00h00m03s | stage:sat:init solver=CaDiCaL vars=13091 clauses=22132
c 00h00m03s | stage:sat:solve:start round=1 circuit_cegar_rounds=- cumulative_cegar_rounds=- cop_cegar_rounds=156 assumptions=0 phase_lits=572
c 00h00m03s | stage:sat:solve:done round=1 ms=10 result=Sat assumptions=0 phase_lits=572
c 00h00m03s | stage:decode:start round=1 requested_int_ids=64
c 00h00m03s | stage:relaxation:done round=1 clauses_added=3549 circuit_clauses_added=0 cumulative_clauses_added=0 cop_clauses_added=3549 circuit_cegar_failures=0 circuit_cegar_rounds=0 circuit_cegar_added_clauses=0 cumulative_cegar_failures=0 cumulative_cegar_rounds=0 cumulative_cegar_added_clauses=0 cop_cegar_failures=78 cop_cegar_rounds=156 cop_cegar_added_clauses=276744
c 00h00m03s | stage:sat:solve:start round=2 circuit_cegar_rounds=- cumulative_cegar_rounds=- cop_cegar_rounds=157 assumptions=0 phase_lits=572
c 00h00m03s | stage:sat:solve:done round=2 ms=25 result=Sat assumptions=0 phase_lits=572
c 00h00m03s | stage:decode:start round=2 requested_int_ids=64
c 00h00m03s | stage:decode:final:start round=2 requested_int_ids=64
c 00h00m03s | stage:decode:done round=2 int_assignments=64
c 00h00m03s | stage:relaxation:done clauses_added=0 circuit_cegar_failures=0 circuit_cegar_rounds=0 circuit_cegar_added_clauses=0 cumulative_cegar_failures=0 cumulative_cegar_rounds=0 cumulative_cegar_added_clauses=0 cop_cegar_failures=78 cop_cegar_rounds=157 cop_cegar_added_clauses=276744
c 00h00m03s | result:Sat
c 00h00m03s | objective:incumbent kind=improvement value=1409 rounds=79 improvements=78
o 1409
c 00h00m03s | stage:sat:init solver=CaDiCaL vars=13091 clauses=22132
c 00h00m03s | stage:sat:solve:start round=1 circuit_cegar_rounds=- cumulative_cegar_rounds=- cop_cegar_rounds=158 assumptions=0 phase_lits=572
c 00h00m03s | stage:sat:solve:done round=1 ms=10 result=Sat assumptions=0 phase_lits=572
c 00h00m03s | stage:decode:start round=1 requested_int_ids=64
c 00h00m03s | stage:relaxation:done round=1 clauses_added=3548 circuit_clauses_added=0 cumulative_clauses_added=0 cop_clauses_added=3548 circuit_cegar_failures=0 circuit_cegar_rounds=0 circuit_cegar_added_clauses=0 cumulative_cegar_failures=0 cumulative_cegar_rounds=0 cumulative_cegar_added_clauses=0 cop_cegar_failures=79 cop_cegar_rounds=158 cop_cegar_added_clauses=280292
c 00h00m03s | stage:sat:solve:start round=2 circuit_cegar_rounds=- cumulative_cegar_rounds=- cop_cegar_rounds=159 assumptions=0 phase_lits=572
c 00h00m04s | stage:sat:solve:done round=2 ms=15 result=Sat assumptions=0 phase_lits=572
c 00h00m04s | stage:decode:start round=2 requested_int_ids=64
c 00h00m04s | stage:decode:final:start round=2 requested_int_ids=64
c 00h00m04s | stage:decode:done round=2 int_assignments=64
c 00h00m04s | stage:relaxation:done clauses_added=0 circuit_cegar_failures=0 circuit_cegar_rounds=0 circuit_cegar_added_clauses=0 cumulative_cegar_failures=0 cumulative_cegar_rounds=0 cumulative_cegar_added_clauses=0 cop_cegar_failures=79 cop_cegar_rounds=159 cop_cegar_added_clauses=280292
c 00h00m04s | result:Sat
c 00h00m04s | objective:incumbent kind=improvement value=1408 rounds=80 improvements=79
o 1408
c 00h00m04s | stage:sat:init solver=CaDiCaL vars=13091 clauses=22132
c 00h00m04s | stage:sat:solve:start round=1 circuit_cegar_rounds=- cumulative_cegar_rounds=- cop_cegar_rounds=160 assumptions=0 phase_lits=572
c 00h00m04s | stage:sat:solve:done round=1 ms=10 result=Sat assumptions=0 phase_lits=572
c 00h00m04s | stage:decode:start round=1 requested_int_ids=64
c 00h00m04s | stage:relaxation:done round=1 clauses_added=3550 circuit_clauses_added=0 cumulative_clauses_added=0 cop_clauses_added=3550 circuit_cegar_failures=0 circuit_cegar_rounds=0 circuit_cegar_added_clauses=0 cumulative_cegar_failures=0 cumulative_cegar_rounds=0 cumulative_cegar_added_clauses=0 cop_cegar_failures=80 cop_cegar_rounds=160 cop_cegar_added_clauses=283842
c 00h00m04s | stage:sat:solve:start round=2 circuit_cegar_rounds=- cumulative_cegar_rounds=- cop_cegar_rounds=161 assumptions=0 phase_lits=572
c 00h00m04s | stage:sat:solve:done round=2 ms=105 result=Sat assumptions=0 phase_lits=572
c 00h00m04s | stage:decode:start round=2 requested_int_ids=64
c 00h00m04s | stage:decode:final:start round=2 requested_int_ids=64
c 00h00m04s | stage:decode:done round=2 int_assignments=64
c 00h00m04s | stage:relaxation:done clauses_added=0 circuit_cegar_failures=0 circuit_cegar_rounds=0 circuit_cegar_added_clauses=0 cumulative_cegar_failures=0 cumulative_cegar_rounds=0 cumulative_cegar_added_clauses=0 cop_cegar_failures=80 cop_cegar_rounds=161 cop_cegar_added_clauses=283842
c 00h00m04s | result:Sat
c 00h00m04s | objective:incumbent kind=improvement value=1404 rounds=81 improvements=80
o 1404
c 00h00m04s | stage:sat:init solver=CaDiCaL vars=13091 clauses=22132
c 00h00m04s | stage:sat:solve:start round=1 circuit_cegar_rounds=- cumulative_cegar_rounds=- cop_cegar_rounds=162 assumptions=0 phase_lits=572
c 00h00m04s | stage:sat:solve:done round=1 ms=11 result=Sat assumptions=0 phase_lits=572
c 00h00m04s | stage:decode:start round=1 requested_int_ids=64
c 00h00m04s | stage:relaxation:done round=1 clauses_added=3550 circuit_clauses_added=0 cumulative_clauses_added=0 cop_clauses_added=3550 circuit_cegar_failures=0 circuit_cegar_rounds=0 circuit_cegar_added_clauses=0 cumulative_cegar_failures=0 cumulative_cegar_rounds=0 cumulative_cegar_added_clauses=0 cop_cegar_failures=81 cop_cegar_rounds=162 cop_cegar_added_clauses=287392
c 00h00m04s | stage:sat:solve:start round=2 circuit_cegar_rounds=- cumulative_cegar_rounds=- cop_cegar_rounds=163 assumptions=0 phase_lits=572
c 00h00m04s | stage:sat:solve:done round=2 ms=28 result=Sat assumptions=0 phase_lits=572
c 00h00m04s | stage:decode:start round=2 requested_int_ids=64
c 00h00m04s | stage:decode:final:start round=2 requested_int_ids=64
c 00h00m04s | stage:decode:done round=2 int_assignments=64
c 00h00m04s | stage:relaxation:done clauses_added=0 circuit_cegar_failures=0 circuit_cegar_rounds=0 circuit_cegar_added_clauses=0 cumulative_cegar_failures=0 cumulative_cegar_rounds=0 cumulative_cegar_added_clauses=0 cop_cegar_failures=81 cop_cegar_rounds=163 cop_cegar_added_clauses=287392
c 00h00m04s | result:Sat
c 00h00m04s | objective:incumbent kind=improvement value=1403 rounds=82 improvements=81
o 1403
c 00h00m04s | stage:sat:init solver=CaDiCaL vars=13091 clauses=22132
c 00h00m04s | stage:sat:solve:start round=1 circuit_cegar_rounds=- cumulative_cegar_rounds=- cop_cegar_rounds=164 assumptions=0 phase_lits=572
c 00h00m04s | stage:sat:solve:done round=1 ms=11 result=Sat assumptions=0 phase_lits=572
c 00h00m04s | stage:decode:start round=1 requested_int_ids=64
c 00h00m04s | stage:relaxation:done round=1 clauses_added=3547 circuit_clauses_added=0 cumulative_clauses_added=0 cop_clauses_added=3547 circuit_cegar_failures=0 circuit_cegar_rounds=0 circuit_cegar_added_clauses=0 cumulative_cegar_failures=0 cumulative_cegar_rounds=0 cumulative_cegar_added_clauses=0 cop_cegar_failures=82 cop_cegar_rounds=164 cop_cegar_added_clauses=290939
c 00h00m04s | stage:sat:solve:start round=2 circuit_cegar_rounds=- cumulative_cegar_rounds=- cop_cegar_rounds=165 assumptions=0 phase_lits=572
c 00h00m04s | stage:sat:solve:done round=2 ms=58 result=Sat assumptions=0 phase_lits=572
c 00h00m04s | stage:decode:start round=2 requested_int_ids=64
c 00h00m04s | stage:decode:final:start round=2 requested_int_ids=64
c 00h00m04s | stage:decode:done round=2 int_assignments=64
c 00h00m04s | stage:relaxation:done clauses_added=0 circuit_cegar_failures=0 circuit_cegar_rounds=0 circuit_cegar_added_clauses=0 cumulative_cegar_failures=0 cumulative_cegar_rounds=0 cumulative_cegar_added_clauses=0 cop_cegar_failures=82 cop_cegar_rounds=165 cop_cegar_added_clauses=290939
c 00h00m04s | result:Sat
c 00h00m04s | objective:incumbent kind=improvement value=1399 rounds=83 improvements=82
o 1399
c 00h00m04s | stage:sat:init solver=CaDiCaL vars=13091 clauses=22132
c 00h00m04s | stage:sat:solve:start round=1 circuit_cegar_rounds=- cumulative_cegar_rounds=- cop_cegar_rounds=166 assumptions=0 phase_lits=572
c 00h00m04s | stage:sat:solve:done round=1 ms=11 result=Sat assumptions=0 phase_lits=572
c 00h00m04s | stage:decode:start round=1 requested_int_ids=64
c 00h00m04s | stage:relaxation:done round=1 clauses_added=3544 circuit_clauses_added=0 cumulative_clauses_added=0 cop_clauses_added=3544 circuit_cegar_failures=0 circuit_cegar_rounds=0 circuit_cegar_added_clauses=0 cumulative_cegar_failures=0 cumulative_cegar_rounds=0 cumulative_cegar_added_clauses=0 cop_cegar_failures=83 cop_cegar_rounds=166 cop_cegar_added_clauses=294483
c 00h00m04s | stage:sat:solve:start round=2 circuit_cegar_rounds=- cumulative_cegar_rounds=- cop_cegar_rounds=167 assumptions=0 phase_lits=572
c 00h00m04s | stage:sat:solve:done round=2 ms=36 result=Sat assumptions=0 phase_lits=572
c 00h00m04s | stage:decode:start round=2 requested_int_ids=64
c 00h00m04s | stage:decode:final:start round=2 requested_int_ids=64
c 00h00m04s | stage:decode:done round=2 int_assignments=64
c 00h00m04s | stage:relaxation:done clauses_added=0 circuit_cegar_failures=0 circuit_cegar_rounds=0 circuit_cegar_added_clauses=0 cumulative_cegar_failures=0 cumulative_cegar_rounds=0 cumulative_cegar_added_clauses=0 cop_cegar_failures=83 cop_cegar_rounds=167 cop_cegar_added_clauses=294483
c 00h00m04s | result:Sat
c 00h00m04s | objective:incumbent kind=improvement value=1397 rounds=84 improvements=83
o 1397
c 00h00m04s | stage:sat:init solver=CaDiCaL vars=13091 clauses=22132
c 00h00m04s | stage:sat:solve:start round=1 circuit_cegar_rounds=- cumulative_cegar_rounds=- cop_cegar_rounds=168 assumptions=0 phase_lits=572
c 00h00m04s | stage:sat:solve:done round=1 ms=11 result=Sat assumptions=0 phase_lits=572
c 00h00m04s | stage:decode:start round=1 requested_int_ids=64
c 00h00m04s | stage:relaxation:done round=1 clauses_added=3548 circuit_clauses_added=0 cumulative_clauses_added=0 cop_clauses_added=3548 circuit_cegar_failures=0 circuit_cegar_rounds=0 circuit_cegar_added_clauses=0 cumulative_cegar_failures=0 cumulative_cegar_rounds=0 cumulative_cegar_added_clauses=0 cop_cegar_failures=84 cop_cegar_rounds=168 cop_cegar_added_clauses=298031
c 00h00m04s | stage:sat:solve:start round=2 circuit_cegar_rounds=- cumulative_cegar_rounds=- cop_cegar_rounds=169 assumptions=0 phase_lits=572
c 00h00m04s | stage:sat:solve:done round=2 ms=43 result=Sat assumptions=0 phase_lits=572
c 00h00m04s | stage:decode:start round=2 requested_int_ids=64
c 00h00m04s | stage:decode:final:start round=2 requested_int_ids=64
c 00h00m04s | stage:decode:done round=2 int_assignments=64
c 00h00m04s | stage:relaxation:done clauses_added=0 circuit_cegar_failures=0 circuit_cegar_rounds=0 circuit_cegar_added_clauses=0 cumulative_cegar_failures=0 cumulative_cegar_rounds=0 cumulative_cegar_added_clauses=0 cop_cegar_failures=84 cop_cegar_rounds=169 cop_cegar_added_clauses=298031
c 00h00m04s | result:Sat
c 00h00m04s | objective:incumbent kind=improvement value=1395 rounds=85 improvements=84
o 1395
c 00h00m04s | stage:sat:init solver=CaDiCaL vars=13091 clauses=22132
c 00h00m04s | stage:sat:solve:start round=1 circuit_cegar_rounds=- cumulative_cegar_rounds=- cop_cegar_rounds=170 assumptions=0 phase_lits=572
c 00h00m04s | stage:sat:solve:done round=1 ms=13 result=Sat assumptions=0 phase_lits=572
c 00h00m04s | stage:decode:start round=1 requested_int_ids=64
c 00h00m04s | stage:relaxation:done round=1 clauses_added=3547 circuit_clauses_added=0 cumulative_clauses_added=0 cop_clauses_added=3547 circuit_cegar_failures=0 circuit_cegar_rounds=0 circuit_cegar_added_clauses=0 cumulative_cegar_failures=0 cumulative_cegar_rounds=0 cumulative_cegar_added_clauses=0 cop_cegar_failures=85 cop_cegar_rounds=170 cop_cegar_added_clauses=301578
c 00h00m04s | stage:sat:solve:start round=2 circuit_cegar_rounds=- cumulative_cegar_rounds=- cop_cegar_rounds=171 assumptions=0 phase_lits=572
c 00h00m04s | stage:sat:solve:done round=2 ms=36 result=Sat assumptions=0 phase_lits=572
c 00h00m04s | stage:decode:start round=2 requested_int_ids=64
c 00h00m04s | stage:decode:final:start round=2 requested_int_ids=64
c 00h00m04s | stage:decode:done round=2 int_assignments=64
c 00h00m04s | stage:relaxation:done clauses_added=0 circuit_cegar_failures=0 circuit_cegar_rounds=0 circuit_cegar_added_clauses=0 cumulative_cegar_failures=0 cumulative_cegar_rounds=0 cumulative_cegar_added_clauses=0 cop_cegar_failures=85 cop_cegar_rounds=171 cop_cegar_added_clauses=301578
c 00h00m04s | result:Sat
c 00h00m04s | objective:incumbent kind=improvement value=1393 rounds=86 improvements=85
o 1393
c 00h00m04s | stage:sat:init solver=CaDiCaL vars=13091 clauses=22132
c 00h00m04s | stage:sat:solve:start round=1 circuit_cegar_rounds=- cumulative_cegar_rounds=- cop_cegar_rounds=172 assumptions=0 phase_lits=572
c 00h00m04s | stage:sat:solve:done round=1 ms=12 result=Sat assumptions=0 phase_lits=572
c 00h00m04s | stage:decode:start round=1 requested_int_ids=64
c 00h00m04s | stage:relaxation:done round=1 clauses_added=3549 circuit_clauses_added=0 cumulative_clauses_added=0 cop_clauses_added=3549 circuit_cegar_failures=0 circuit_cegar_rounds=0 circuit_cegar_added_clauses=0 cumulative_cegar_failures=0 cumulative_cegar_rounds=0 cumulative_cegar_added_clauses=0 cop_cegar_failures=86 cop_cegar_rounds=172 cop_cegar_added_clauses=305127
c 00h00m04s | stage:sat:solve:start round=2 circuit_cegar_rounds=- cumulative_cegar_rounds=- cop_cegar_rounds=173 assumptions=0 phase_lits=572
c 00h00m04s | stage:sat:solve:done round=2 ms=26 result=Sat assumptions=0 phase_lits=572
c 00h00m04s | stage:decode:start round=2 requested_int_ids=64
c 00h00m04s | stage:decode:final:start round=2 requested_int_ids=64
c 00h00m04s | stage:decode:done round=2 int_assignments=64
c 00h00m04s | stage:relaxation:done clauses_added=0 circuit_cegar_failures=0 circuit_cegar_rounds=0 circuit_cegar_added_clauses=0 cumulative_cegar_failures=0 cumulative_cegar_rounds=0 cumulative_cegar_added_clauses=0 cop_cegar_failures=86 cop_cegar_rounds=173 cop_cegar_added_clauses=305127
c 00h00m04s | result:Sat
c 00h00m04s | objective:incumbent kind=improvement value=1392 rounds=87 improvements=86
o 1392
c 00h00m04s | stage:sat:init solver=CaDiCaL vars=13091 clauses=22132
c 00h00m04s | stage:sat:solve:start round=1 circuit_cegar_rounds=- cumulative_cegar_rounds=- cop_cegar_rounds=174 assumptions=0 phase_lits=572
c 00h00m04s | stage:sat:solve:done round=1 ms=13 result=Sat assumptions=0 phase_lits=572
c 00h00m04s | stage:decode:start round=1 requested_int_ids=64
c 00h00m04s | stage:relaxation:done round=1 clauses_added=3551 circuit_clauses_added=0 cumulative_clauses_added=0 cop_clauses_added=3551 circuit_cegar_failures=0 circuit_cegar_rounds=0 circuit_cegar_added_clauses=0 cumulative_cegar_failures=0 cumulative_cegar_rounds=0 cumulative_cegar_added_clauses=0 cop_cegar_failures=87 cop_cegar_rounds=174 cop_cegar_added_clauses=308678
c 00h00m04s | stage:sat:solve:start round=2 circuit_cegar_rounds=- cumulative_cegar_rounds=- cop_cegar_rounds=175 assumptions=0 phase_lits=572
c 00h00m04s | stage:sat:solve:done round=2 ms=37 result=Sat assumptions=0 phase_lits=572
c 00h00m04s | stage:decode:start round=2 requested_int_ids=64
c 00h00m04s | stage:decode:final:start round=2 requested_int_ids=64
c 00h00m04s | stage:decode:done round=2 int_assignments=64
c 00h00m04s | stage:relaxation:done clauses_added=0 circuit_cegar_failures=0 circuit_cegar_rounds=0 circuit_cegar_added_clauses=0 cumulative_cegar_failures=0 cumulative_cegar_rounds=0 cumulative_cegar_added_clauses=0 cop_cegar_failures=87 cop_cegar_rounds=175 cop_cegar_added_clauses=308678
c 00h00m04s | result:Sat
c 00h00m04s | objective:incumbent kind=improvement value=1391 rounds=88 improvements=87
o 1391
c 00h00m04s | stage:sat:init solver=CaDiCaL vars=13091 clauses=22132
c 00h00m04s | stage:sat:solve:start round=1 circuit_cegar_rounds=- cumulative_cegar_rounds=- cop_cegar_rounds=176 assumptions=0 phase_lits=572
c 00h00m04s | stage:sat:solve:done round=1 ms=14 result=Sat assumptions=0 phase_lits=572
c 00h00m04s | stage:decode:start round=1 requested_int_ids=64
c 00h00m04s | stage:relaxation:done round=1 clauses_added=3546 circuit_clauses_added=0 cumulative_clauses_added=0 cop_clauses_added=3546 circuit_cegar_failures=0 circuit_cegar_rounds=0 circuit_cegar_added_clauses=0 cumulative_cegar_failures=0 cumulative_cegar_rounds=0 cumulative_cegar_added_clauses=0 cop_cegar_failures=88 cop_cegar_rounds=176 cop_cegar_added_clauses=312224
c 00h00m04s | stage:sat:solve:start round=2 circuit_cegar_rounds=- cumulative_cegar_rounds=- cop_cegar_rounds=177 assumptions=0 phase_lits=572
c 00h00m05s | stage:sat:solve:done round=2 ms=848 result=Sat assumptions=0 phase_lits=572
c 00h00m05s | stage:decode:start round=2 requested_int_ids=64
c 00h00m05s | stage:decode:final:start round=2 requested_int_ids=64
c 00h00m05s | stage:decode:done round=2 int_assignments=64
c 00h00m05s | stage:relaxation:done clauses_added=0 circuit_cegar_failures=0 circuit_cegar_rounds=0 circuit_cegar_added_clauses=0 cumulative_cegar_failures=0 cumulative_cegar_rounds=0 cumulative_cegar_added_clauses=0 cop_cegar_failures=88 cop_cegar_rounds=177 cop_cegar_added_clauses=312224
c 00h00m05s | result:Sat
c 00h00m05s | objective:incumbent kind=improvement value=1390 rounds=89 improvements=88
o 1390
c 00h00m05s | stage:sat:init solver=CaDiCaL vars=13091 clauses=22132
c 00h00m05s | stage:sat:solve:start round=1 circuit_cegar_rounds=- cumulative_cegar_rounds=- cop_cegar_rounds=178 assumptions=0 phase_lits=572
c 00h00m05s | stage:sat:solve:done round=1 ms=15 result=Sat assumptions=0 phase_lits=572
c 00h00m05s | stage:decode:start round=1 requested_int_ids=64
c 00h00m05s | stage:relaxation:done round=1 clauses_added=3550 circuit_clauses_added=0 cumulative_clauses_added=0 cop_clauses_added=3550 circuit_cegar_failures=0 circuit_cegar_rounds=0 circuit_cegar_added_clauses=0 cumulative_cegar_failures=0 cumulative_cegar_rounds=0 cumulative_cegar_added_clauses=0 cop_cegar_failures=89 cop_cegar_rounds=178 cop_cegar_added_clauses=315774
c 00h00m05s | stage:sat:solve:start round=2 circuit_cegar_rounds=- cumulative_cegar_rounds=- cop_cegar_rounds=179 assumptions=0 phase_lits=572
c 00h00m05s | stage:sat:solve:done round=2 ms=21 result=Sat assumptions=0 phase_lits=572
c 00h00m05s | stage:decode:start round=2 requested_int_ids=64
c 00h00m05s | stage:decode:final:start round=2 requested_int_ids=64
c 00h00m05s | stage:decode:done round=2 int_assignments=64
c 00h00m05s | stage:relaxation:done clauses_added=0 circuit_cegar_failures=0 circuit_cegar_rounds=0 circuit_cegar_added_clauses=0 cumulative_cegar_failures=0 cumulative_cegar_rounds=0 cumulative_cegar_added_clauses=0 cop_cegar_failures=89 cop_cegar_rounds=179 cop_cegar_added_clauses=315774
c 00h00m05s | result:Sat
c 00h00m05s | objective:incumbent kind=improvement value=1388 rounds=90 improvements=89
o 1388
c 00h00m05s | stage:sat:init solver=CaDiCaL vars=13091 clauses=22132
c 00h00m05s | stage:sat:solve:start round=1 circuit_cegar_rounds=- cumulative_cegar_rounds=- cop_cegar_rounds=180 assumptions=0 phase_lits=572
c 00h00m05s | stage:sat:solve:done round=1 ms=1 result=Sat assumptions=0 phase_lits=572
c 00h00m05s | stage:decode:start round=1 requested_int_ids=64
c 00h00m05s | stage:relaxation:done round=1 clauses_added=3551 circuit_clauses_added=0 cumulative_clauses_added=0 cop_clauses_added=3551 circuit_cegar_failures=0 circuit_cegar_rounds=0 circuit_cegar_added_clauses=0 cumulative_cegar_failures=0 cumulative_cegar_rounds=0 cumulative_cegar_added_clauses=0 cop_cegar_failures=90 cop_cegar_rounds=180 cop_cegar_added_clauses=319325
c 00h00m05s | stage:sat:solve:start round=2 circuit_cegar_rounds=- cumulative_cegar_rounds=- cop_cegar_rounds=181 assumptions=0 phase_lits=572
c 00h00m05s | stage:sat:solve:done round=2 ms=11 result=Sat assumptions=0 phase_lits=572
c 00h00m05s | stage:decode:start round=2 requested_int_ids=64
c 00h00m05s | stage:decode:final:start round=2 requested_int_ids=64
c 00h00m05s | stage:decode:done round=2 int_assignments=64
c 00h00m05s | stage:relaxation:done clauses_added=0 circuit_cegar_failures=0 circuit_cegar_rounds=0 circuit_cegar_added_clauses=0 cumulative_cegar_failures=0 cumulative_cegar_rounds=0 cumulative_cegar_added_clauses=0 cop_cegar_failures=90 cop_cegar_rounds=181 cop_cegar_added_clauses=319325
c 00h00m05s | result:Sat
c 00h00m05s | objective:incumbent kind=improvement value=1367 rounds=91 improvements=90
o 1367
c 00h00m05s | stage:sat:init solver=CaDiCaL vars=13091 clauses=22132
c 00h00m05s | stage:sat:solve:start round=1 circuit_cegar_rounds=- cumulative_cegar_rounds=- cop_cegar_rounds=182 assumptions=0 phase_lits=572
c 00h00m05s | stage:sat:solve:done round=1 ms=1 result=Sat assumptions=0 phase_lits=572
c 00h00m05s | stage:decode:start round=1 requested_int_ids=64
c 00h00m05s | stage:relaxation:done round=1 clauses_added=3545 circuit_clauses_added=0 cumulative_clauses_added=0 cop_clauses_added=3545 circuit_cegar_failures=0 circuit_cegar_rounds=0 circuit_cegar_added_clauses=0 cumulative_cegar_failures=0 cumulative_cegar_rounds=0 cumulative_cegar_added_clauses=0 cop_cegar_failures=91 cop_cegar_rounds=182 cop_cegar_added_clauses=322870
c 00h00m05s | stage:sat:solve:start round=2 circuit_cegar_rounds=- cumulative_cegar_rounds=- cop_cegar_rounds=183 assumptions=0 phase_lits=572
c 00h00m05s | stage:sat:solve:done round=2 ms=20 result=Sat assumptions=0 phase_lits=572
c 00h00m05s | stage:decode:start round=2 requested_int_ids=64
c 00h00m05s | stage:decode:final:start round=2 requested_int_ids=64
c 00h00m05s | stage:decode:done round=2 int_assignments=64
c 00h00m05s | stage:relaxation:done clauses_added=0 circuit_cegar_failures=0 circuit_cegar_rounds=0 circuit_cegar_added_clauses=0 cumulative_cegar_failures=0 cumulative_cegar_rounds=0 cumulative_cegar_added_clauses=0 cop_cegar_failures=91 cop_cegar_rounds=183 cop_cegar_added_clauses=322870
c 00h00m05s | result:Sat
c 00h00m05s | objective:incumbent kind=improvement value=1365 rounds=92 improvements=91
o 1365
c 00h00m05s | stage:sat:init solver=CaDiCaL vars=13091 clauses=22132
c 00h00m05s | stage:sat:solve:start round=1 circuit_cegar_rounds=- cumulative_cegar_rounds=- cop_cegar_rounds=184 assumptions=0 phase_lits=572
c 00h00m05s | stage:sat:solve:done round=1 ms=2 result=Sat assumptions=0 phase_lits=572
c 00h00m05s | stage:decode:start round=1 requested_int_ids=64
c 00h00m05s | stage:relaxation:done round=1 clauses_added=3549 circuit_clauses_added=0 cumulative_clauses_added=0 cop_clauses_added=3549 circuit_cegar_failures=0 circuit_cegar_rounds=0 circuit_cegar_added_clauses=0 cumulative_cegar_failures=0 cumulative_cegar_rounds=0 cumulative_cegar_added_clauses=0 cop_cegar_failures=92 cop_cegar_rounds=184 cop_cegar_added_clauses=326419
c 00h00m05s | stage:sat:solve:start round=2 circuit_cegar_rounds=- cumulative_cegar_rounds=- cop_cegar_rounds=185 assumptions=0 phase_lits=572
c 00h00m05s | stage:sat:solve:done round=2 ms=22 result=Sat assumptions=0 phase_lits=572
c 00h00m05s | stage:decode:start round=2 requested_int_ids=64
c 00h00m05s | stage:decode:final:start round=2 requested_int_ids=64
c 00h00m05s | stage:decode:done round=2 int_assignments=64
c 00h00m05s | stage:relaxation:done clauses_added=0 circuit_cegar_failures=0 circuit_cegar_rounds=0 circuit_cegar_added_clauses=0 cumulative_cegar_failures=0 cumulative_cegar_rounds=0 cumulative_cegar_added_clauses=0 cop_cegar_failures=92 cop_cegar_rounds=185 cop_cegar_added_clauses=326419
c 00h00m05s | result:Sat
c 00h00m05s | objective:incumbent kind=improvement value=1364 rounds=93 improvements=92
o 1364
c 00h00m05s | stage:sat:init solver=CaDiCaL vars=13091 clauses=22132
c 00h00m05s | stage:sat:solve:start round=1 circuit_cegar_rounds=- cumulative_cegar_rounds=- cop_cegar_rounds=186 assumptions=0 phase_lits=572
c 00h00m05s | stage:sat:solve:done round=1 ms=2 result=Sat assumptions=0 phase_lits=572
c 00h00m05s | stage:decode:start round=1 requested_int_ids=64
c 00h00m05s | stage:relaxation:done round=1 clauses_added=3551 circuit_clauses_added=0 cumulative_clauses_added=0 cop_clauses_added=3551 circuit_cegar_failures=0 circuit_cegar_rounds=0 circuit_cegar_added_clauses=0 cumulative_cegar_failures=0 cumulative_cegar_rounds=0 cumulative_cegar_added_clauses=0 cop_cegar_failures=93 cop_cegar_rounds=186 cop_cegar_added_clauses=329970
c 00h00m05s | stage:sat:solve:start round=2 circuit_cegar_rounds=- cumulative_cegar_rounds=- cop_cegar_rounds=187 assumptions=0 phase_lits=572
c 00h00m05s | stage:sat:solve:done round=2 ms=5 result=Sat assumptions=0 phase_lits=572
c 00h00m05s | stage:decode:start round=2 requested_int_ids=64
c 00h00m05s | stage:decode:final:start round=2 requested_int_ids=64
c 00h00m05s | stage:decode:done round=2 int_assignments=64
c 00h00m05s | stage:relaxation:done clauses_added=0 circuit_cegar_failures=0 circuit_cegar_rounds=0 circuit_cegar_added_clauses=0 cumulative_cegar_failures=0 cumulative_cegar_rounds=0 cumulative_cegar_added_clauses=0 cop_cegar_failures=93 cop_cegar_rounds=187 cop_cegar_added_clauses=329970
c 00h00m05s | result:Sat
c 00h00m05s | objective:incumbent kind=improvement value=1361 rounds=94 improvements=93
o 1361
c 00h00m05s | stage:sat:init solver=CaDiCaL vars=13091 clauses=22132
c 00h00m05s | stage:sat:solve:start round=1 circuit_cegar_rounds=- cumulative_cegar_rounds=- cop_cegar_rounds=188 assumptions=0 phase_lits=572
c 00h00m05s | stage:sat:solve:done round=1 ms=2 result=Sat assumptions=0 phase_lits=572
c 00h00m05s | stage:decode:start round=1 requested_int_ids=64
c 00h00m05s | stage:relaxation:done round=1 clauses_added=3550 circuit_clauses_added=0 cumulative_clauses_added=0 cop_clauses_added=3550 circuit_cegar_failures=0 circuit_cegar_rounds=0 circuit_cegar_added_clauses=0 cumulative_cegar_failures=0 cumulative_cegar_rounds=0 cumulative_cegar_added_clauses=0 cop_cegar_failures=94 cop_cegar_rounds=188 cop_cegar_added_clauses=333520
c 00h00m05s | stage:sat:solve:start round=2 circuit_cegar_rounds=- cumulative_cegar_rounds=- cop_cegar_rounds=189 assumptions=0 phase_lits=572
c 00h00m05s | stage:sat:solve:done round=2 ms=8 result=Sat assumptions=0 phase_lits=572
c 00h00m05s | stage:decode:start round=2 requested_int_ids=64
c 00h00m05s | stage:decode:final:start round=2 requested_int_ids=64
c 00h00m05s | stage:decode:done round=2 int_assignments=64
c 00h00m05s | stage:relaxation:done clauses_added=0 circuit_cegar_failures=0 circuit_cegar_rounds=0 circuit_cegar_added_clauses=0 cumulative_cegar_failures=0 cumulative_cegar_rounds=0 cumulative_cegar_added_clauses=0 cop_cegar_failures=94 cop_cegar_rounds=189 cop_cegar_added_clauses=333520
c 00h00m05s | result:Sat
c 00h00m05s | objective:incumbent kind=improvement value=1360 rounds=95 improvements=94
o 1360
c 00h00m05s | stage:sat:init solver=CaDiCaL vars=13091 clauses=22132
c 00h00m05s | stage:sat:solve:start round=1 circuit_cegar_rounds=- cumulative_cegar_rounds=- cop_cegar_rounds=190 assumptions=0 phase_lits=572
c 00h00m05s | stage:sat:solve:done round=1 ms=2 result=Sat assumptions=0 phase_lits=572
c 00h00m05s | stage:decode:start round=1 requested_int_ids=64
c 00h00m05s | stage:relaxation:done round=1 clauses_added=3552 circuit_clauses_added=0 cumulative_clauses_added=0 cop_clauses_added=3552 circuit_cegar_failures=0 circuit_cegar_rounds=0 circuit_cegar_added_clauses=0 cumulative_cegar_failures=0 cumulative_cegar_rounds=0 cumulative_cegar_added_clauses=0 cop_cegar_failures=95 cop_cegar_rounds=190 cop_cegar_added_clauses=337072
c 00h00m05s | stage:sat:solve:start round=2 circuit_cegar_rounds=- cumulative_cegar_rounds=- cop_cegar_rounds=191 assumptions=0 phase_lits=572
c 00h00m05s | stage:sat:solve:done round=2 ms=10 result=Sat assumptions=0 phase_lits=572
c 00h00m05s | stage:decode:start round=2 requested_int_ids=64
c 00h00m05s | stage:decode:final:start round=2 requested_int_ids=64
c 00h00m05s | stage:decode:done round=2 int_assignments=64
c 00h00m05s | stage:relaxation:done clauses_added=0 circuit_cegar_failures=0 circuit_cegar_rounds=0 circuit_cegar_added_clauses=0 cumulative_cegar_failures=0 cumulative_cegar_rounds=0 cumulative_cegar_added_clauses=0 cop_cegar_failures=95 cop_cegar_rounds=191 cop_cegar_added_clauses=337072
c 00h00m05s | result:Sat
c 00h00m05s | objective:incumbent kind=improvement value=1359 rounds=96 improvements=95
o 1359
c 00h00m05s | stage:sat:init solver=CaDiCaL vars=13091 clauses=22132
c 00h00m05s | stage:sat:solve:start round=1 circuit_cegar_rounds=- cumulative_cegar_rounds=- cop_cegar_rounds=192 assumptions=0 phase_lits=572
c 00h00m05s | stage:sat:solve:done round=1 ms=2 result=Sat assumptions=0 phase_lits=572
c 00h00m05s | stage:decode:start round=1 requested_int_ids=64
c 00h00m05s | stage:relaxation:done round=1 clauses_added=3547 circuit_clauses_added=0 cumulative_clauses_added=0 cop_clauses_added=3547 circuit_cegar_failures=0 circuit_cegar_rounds=0 circuit_cegar_added_clauses=0 cumulative_cegar_failures=0 cumulative_cegar_rounds=0 cumulative_cegar_added_clauses=0 cop_cegar_failures=96 cop_cegar_rounds=192 cop_cegar_added_clauses=340619
c 00h00m05s | stage:sat:solve:start round=2 circuit_cegar_rounds=- cumulative_cegar_rounds=- cop_cegar_rounds=193 assumptions=0 phase_lits=572
c 00h00m05s | stage:sat:solve:done round=2 ms=17 result=Sat assumptions=0 phase_lits=572
c 00h00m05s | stage:decode:start round=2 requested_int_ids=64
c 00h00m05s | stage:decode:final:start round=2 requested_int_ids=64
c 00h00m05s | stage:decode:done round=2 int_assignments=64
c 00h00m05s | stage:relaxation:done clauses_added=0 circuit_cegar_failures=0 circuit_cegar_rounds=0 circuit_cegar_added_clauses=0 cumulative_cegar_failures=0 cumulative_cegar_rounds=0 cumulative_cegar_added_clauses=0 cop_cegar_failures=96 cop_cegar_rounds=193 cop_cegar_added_clauses=340619
c 00h00m05s | result:Sat
c 00h00m05s | objective:incumbent kind=improvement value=1351 rounds=97 improvements=96
o 1351
c 00h00m05s | stage:sat:init solver=CaDiCaL vars=13091 clauses=22132
c 00h00m05s | stage:sat:solve:start round=1 circuit_cegar_rounds=- cumulative_cegar_rounds=- cop_cegar_rounds=194 assumptions=0 phase_lits=572
c 00h00m05s | stage:sat:solve:done round=1 ms=2 result=Sat assumptions=0 phase_lits=572
c 00h00m05s | stage:decode:start round=1 requested_int_ids=64
c 00h00m05s | stage:relaxation:done round=1 clauses_added=3542 circuit_clauses_added=0 cumulative_clauses_added=0 cop_clauses_added=3542 circuit_cegar_failures=0 circuit_cegar_rounds=0 circuit_cegar_added_clauses=0 cumulative_cegar_failures=0 cumulative_cegar_rounds=0 cumulative_cegar_added_clauses=0 cop_cegar_failures=97 cop_cegar_rounds=194 cop_cegar_added_clauses=344161
c 00h00m05s | stage:sat:solve:start round=2 circuit_cegar_rounds=- cumulative_cegar_rounds=- cop_cegar_rounds=195 assumptions=0 phase_lits=572
c 00h00m05s | stage:sat:solve:done round=2 ms=30 result=Sat assumptions=0 phase_lits=572
c 00h00m05s | stage:decode:start round=2 requested_int_ids=64
c 00h00m05s | stage:decode:final:start round=2 requested_int_ids=64
c 00h00m05s | stage:decode:done round=2 int_assignments=64
c 00h00m05s | stage:relaxation:done clauses_added=0 circuit_cegar_failures=0 circuit_cegar_rounds=0 circuit_cegar_added_clauses=0 cumulative_cegar_failures=0 cumulative_cegar_rounds=0 cumulative_cegar_added_clauses=0 cop_cegar_failures=97 cop_cegar_rounds=195 cop_cegar_added_clauses=344161
c 00h00m05s | result:Sat
c 00h00m05s | objective:incumbent kind=improvement value=1348 rounds=98 improvements=97
o 1348
c 00h00m05s | stage:sat:init solver=CaDiCaL vars=13091 clauses=22132
c 00h00m05s | stage:sat:solve:start round=1 circuit_cegar_rounds=- cumulative_cegar_rounds=- cop_cegar_rounds=196 assumptions=0 phase_lits=572
c 00h00m05s | stage:sat:solve:done round=1 ms=3 result=Sat assumptions=0 phase_lits=572
c 00h00m05s | stage:decode:start round=1 requested_int_ids=64
c 00h00m05s | stage:relaxation:done round=1 clauses_added=3550 circuit_clauses_added=0 cumulative_clauses_added=0 cop_clauses_added=3550 circuit_cegar_failures=0 circuit_cegar_rounds=0 circuit_cegar_added_clauses=0 cumulative_cegar_failures=0 cumulative_cegar_rounds=0 cumulative_cegar_added_clauses=0 cop_cegar_failures=98 cop_cegar_rounds=196 cop_cegar_added_clauses=347711
c 00h00m05s | stage:sat:solve:start round=2 circuit_cegar_rounds=- cumulative_cegar_rounds=- cop_cegar_rounds=197 assumptions=0 phase_lits=572
c 00h00m05s | stage:sat:solve:done round=2 ms=15 result=Sat assumptions=0 phase_lits=572
c 00h00m05s | stage:decode:start round=2 requested_int_ids=64
c 00h00m05s | stage:decode:final:start round=2 requested_int_ids=64
c 00h00m05s | stage:decode:done round=2 int_assignments=64
c 00h00m05s | stage:relaxation:done clauses_added=0 circuit_cegar_failures=0 circuit_cegar_rounds=0 circuit_cegar_added_clauses=0 cumulative_cegar_failures=0 cumulative_cegar_rounds=0 cumulative_cegar_added_clauses=0 cop_cegar_failures=98 cop_cegar_rounds=197 cop_cegar_added_clauses=347711
c 00h00m05s | result:Sat
c 00h00m05s | objective:incumbent kind=improvement value=1339 rounds=99 improvements=98
o 1339
c 00h00m05s | stage:sat:init solver=CaDiCaL vars=13091 clauses=22132
c 00h00m05s | stage:sat:solve:start round=1 circuit_cegar_rounds=- cumulative_cegar_rounds=- cop_cegar_rounds=198 assumptions=0 phase_lits=572
c 00h00m05s | stage:sat:solve:done round=1 ms=3 result=Sat assumptions=0 phase_lits=572
c 00h00m05s | stage:decode:start round=1 requested_int_ids=64
c 00h00m05s | stage:relaxation:done round=1 clauses_added=3548 circuit_clauses_added=0 cumulative_clauses_added=0 cop_clauses_added=3548 circuit_cegar_failures=0 circuit_cegar_rounds=0 circuit_cegar_added_clauses=0 cumulative_cegar_failures=0 cumulative_cegar_rounds=0 cumulative_cegar_added_clauses=0 cop_cegar_failures=99 cop_cegar_rounds=198 cop_cegar_added_clauses=351259
c 00h00m05s | stage:sat:solve:start round=2 circuit_cegar_rounds=- cumulative_cegar_rounds=- cop_cegar_rounds=199 assumptions=0 phase_lits=572
c 00h00m05s | stage:sat:solve:done round=2 ms=8 result=Sat assumptions=0 phase_lits=572
c 00h00m05s | stage:decode:start round=2 requested_int_ids=64
c 00h00m05s | stage:decode:final:start round=2 requested_int_ids=64
c 00h00m05s | stage:decode:done round=2 int_assignments=64
c 00h00m05s | stage:relaxation:done clauses_added=0 circuit_cegar_failures=0 circuit_cegar_rounds=0 circuit_cegar_added_clauses=0 cumulative_cegar_failures=0 cumulative_cegar_rounds=0 cumulative_cegar_added_clauses=0 cop_cegar_failures=99 cop_cegar_rounds=199 cop_cegar_added_clauses=351259
c 00h00m05s | result:Sat
c 00h00m05s | objective:incumbent kind=improvement value=1337 rounds=100 improvements=99
o 1337
c 00h00m05s | stage:sat:init solver=CaDiCaL vars=13091 clauses=22132
c 00h00m05s | stage:sat:solve:start round=1 circuit_cegar_rounds=- cumulative_cegar_rounds=- cop_cegar_rounds=200 assumptions=0 phase_lits=572
c 00h00m05s | stage:sat:solve:done round=1 ms=3 result=Sat assumptions=0 phase_lits=572
c 00h00m05s | stage:decode:start round=1 requested_int_ids=64
c 00h00m05s | stage:relaxation:done round=1 clauses_added=3550 circuit_clauses_added=0 cumulative_clauses_added=0 cop_clauses_added=3550 circuit_cegar_failures=0 circuit_cegar_rounds=0 circuit_cegar_added_clauses=0 cumulative_cegar_failures=0 cumulative_cegar_rounds=0 cumulative_cegar_added_clauses=0 cop_cegar_failures=100 cop_cegar_rounds=200 cop_cegar_added_clauses=354809
c 00h00m05s | stage:sat:solve:start round=2 circuit_cegar_rounds=- cumulative_cegar_rounds=- cop_cegar_rounds=201 assumptions=0 phase_lits=572
c 00h00m05s | stage:sat:solve:done round=2 ms=15 result=Sat assumptions=0 phase_lits=572
c 00h00m05s | stage:decode:start round=2 requested_int_ids=64
c 00h00m05s | stage:decode:final:start round=2 requested_int_ids=64
c 00h00m05s | stage:decode:done round=2 int_assignments=64
c 00h00m05s | stage:relaxation:done clauses_added=0 circuit_cegar_failures=0 circuit_cegar_rounds=0 circuit_cegar_added_clauses=0 cumulative_cegar_failures=0 cumulative_cegar_rounds=0 cumulative_cegar_added_clauses=0 cop_cegar_failures=100 cop_cegar_rounds=201 cop_cegar_added_clauses=354809
c 00h00m05s | result:Sat
c 00h00m05s | objective:incumbent kind=improvement value=1335 rounds=101 improvements=100
o 1335
c 00h00m05s | stage:sat:init solver=CaDiCaL vars=13091 clauses=22132
c 00h00m05s | stage:sat:solve:start round=1 circuit_cegar_rounds=- cumulative_cegar_rounds=- cop_cegar_rounds=202 assumptions=0 phase_lits=572
c 00h00m05s | stage:sat:solve:done round=1 ms=3 result=Sat assumptions=0 phase_lits=572
c 00h00m05s | stage:decode:start round=1 requested_int_ids=64
c 00h00m05s | stage:relaxation:done round=1 clauses_added=3545 circuit_clauses_added=0 cumulative_clauses_added=0 cop_clauses_added=3545 circuit_cegar_failures=0 circuit_cegar_rounds=0 circuit_cegar_added_clauses=0 cumulative_cegar_failures=0 cumulative_cegar_rounds=0 cumulative_cegar_added_clauses=0 cop_cegar_failures=101 cop_cegar_rounds=202 cop_cegar_added_clauses=358354
c 00h00m05s | stage:sat:solve:start round=2 circuit_cegar_rounds=- cumulative_cegar_rounds=- cop_cegar_rounds=203 assumptions=0 phase_lits=572
c 00h00m05s | stage:sat:solve:done round=2 ms=23 result=Sat assumptions=0 phase_lits=572
c 00h00m05s | stage:decode:start round=2 requested_int_ids=64
c 00h00m05s | stage:decode:final:start round=2 requested_int_ids=64
c 00h00m05s | stage:decode:done round=2 int_assignments=64
c 00h00m05s | stage:relaxation:done clauses_added=0 circuit_cegar_failures=0 circuit_cegar_rounds=0 circuit_cegar_added_clauses=0 cumulative_cegar_failures=0 cumulative_cegar_rounds=0 cumulative_cegar_added_clauses=0 cop_cegar_failures=101 cop_cegar_rounds=203 cop_cegar_added_clauses=358354
c 00h00m05s | result:Sat
c 00h00m05s | objective:incumbent kind=improvement value=1333 rounds=102 improvements=101
o 1333
c 00h00m05s | stage:sat:init solver=CaDiCaL vars=13091 clauses=22132
c 00h00m05s | stage:sat:solve:start round=1 circuit_cegar_rounds=- cumulative_cegar_rounds=- cop_cegar_rounds=204 assumptions=0 phase_lits=572
c 00h00m05s | stage:sat:solve:done round=1 ms=3 result=Sat assumptions=0 phase_lits=572
c 00h00m05s | stage:decode:start round=1 requested_int_ids=64
c 00h00m05s | stage:relaxation:done round=1 clauses_added=3549 circuit_clauses_added=0 cumulative_clauses_added=0 cop_clauses_added=3549 circuit_cegar_failures=0 circuit_cegar_rounds=0 circuit_cegar_added_clauses=0 cumulative_cegar_failures=0 cumulative_cegar_rounds=0 cumulative_cegar_added_clauses=0 cop_cegar_failures=102 cop_cegar_rounds=204 cop_cegar_added_clauses=361903
c 00h00m05s | stage:sat:solve:start round=2 circuit_cegar_rounds=- cumulative_cegar_rounds=- cop_cegar_rounds=205 assumptions=0 phase_lits=572
c 00h00m05s | stage:sat:solve:done round=2 ms=18 result=Sat assumptions=0 phase_lits=572
c 00h00m05s | stage:decode:start round=2 requested_int_ids=64
c 00h00m05s | stage:decode:final:start round=2 requested_int_ids=64
c 00h00m05s | stage:decode:done round=2 int_assignments=64
c 00h00m05s | stage:relaxation:done clauses_added=0 circuit_cegar_failures=0 circuit_cegar_rounds=0 circuit_cegar_added_clauses=0 cumulative_cegar_failures=0 cumulative_cegar_rounds=0 cumulative_cegar_added_clauses=0 cop_cegar_failures=102 cop_cegar_rounds=205 cop_cegar_added_clauses=361903
c 00h00m05s | result:Sat
c 00h00m05s | objective:incumbent kind=improvement value=1331 rounds=103 improvements=102
o 1331
c 00h00m05s | stage:sat:init solver=CaDiCaL vars=13091 clauses=22132
c 00h00m05s | stage:sat:solve:start round=1 circuit_cegar_rounds=- cumulative_cegar_rounds=- cop_cegar_rounds=206 assumptions=0 phase_lits=572
c 00h00m05s | stage:sat:solve:done round=1 ms=3 result=Sat assumptions=0 phase_lits=572
c 00h00m05s | stage:decode:start round=1 requested_int_ids=64
c 00h00m05s | stage:relaxation:done round=1 clauses_added=3548 circuit_clauses_added=0 cumulative_clauses_added=0 cop_clauses_added=3548 circuit_cegar_failures=0 circuit_cegar_rounds=0 circuit_cegar_added_clauses=0 cumulative_cegar_failures=0 cumulative_cegar_rounds=0 cumulative_cegar_added_clauses=0 cop_cegar_failures=103 cop_cegar_rounds=206 cop_cegar_added_clauses=365451
c 00h00m05s | stage:sat:solve:start round=2 circuit_cegar_rounds=- cumulative_cegar_rounds=- cop_cegar_rounds=207 assumptions=0 phase_lits=572
c 00h00m05s | stage:sat:solve:done round=2 ms=59 result=Sat assumptions=0 phase_lits=572
c 00h00m05s | stage:decode:start round=2 requested_int_ids=64
c 00h00m05s | stage:decode:final:start round=2 requested_int_ids=64
c 00h00m05s | stage:decode:done round=2 int_assignments=64
c 00h00m05s | stage:relaxation:done clauses_added=0 circuit_cegar_failures=0 circuit_cegar_rounds=0 circuit_cegar_added_clauses=0 cumulative_cegar_failures=0 cumulative_cegar_rounds=0 cumulative_cegar_added_clauses=0 cop_cegar_failures=103 cop_cegar_rounds=207 cop_cegar_added_clauses=365451
c 00h00m05s | result:Sat
c 00h00m05s | objective:incumbent kind=improvement value=1329 rounds=104 improvements=103
o 1329
c 00h00m05s | stage:sat:init solver=CaDiCaL vars=13091 clauses=22132
c 00h00m05s | stage:sat:solve:start round=1 circuit_cegar_rounds=- cumulative_cegar_rounds=- cop_cegar_rounds=208 assumptions=0 phase_lits=572
c 00h00m05s | stage:sat:solve:done round=1 ms=4 result=Sat assumptions=0 phase_lits=572
c 00h00m05s | stage:decode:start round=1 requested_int_ids=64
c 00h00m05s | stage:relaxation:done round=1 clauses_added=3550 circuit_clauses_added=0 cumulative_clauses_added=0 cop_clauses_added=3550 circuit_cegar_failures=0 circuit_cegar_rounds=0 circuit_cegar_added_clauses=0 cumulative_cegar_failures=0 cumulative_cegar_rounds=0 cumulative_cegar_added_clauses=0 cop_cegar_failures=104 cop_cegar_rounds=208 cop_cegar_added_clauses=369001
c 00h00m05s | stage:sat:solve:start round=2 circuit_cegar_rounds=- cumulative_cegar_rounds=- cop_cegar_rounds=209 assumptions=0 phase_lits=572
c 00h00m06s | stage:sat:solve:done round=2 ms=13 result=Sat assumptions=0 phase_lits=572
c 00h00m06s | stage:decode:start round=2 requested_int_ids=64
c 00h00m06s | stage:decode:final:start round=2 requested_int_ids=64
c 00h00m06s | stage:decode:done round=2 int_assignments=64
c 00h00m06s | stage:relaxation:done clauses_added=0 circuit_cegar_failures=0 circuit_cegar_rounds=0 circuit_cegar_added_clauses=0 cumulative_cegar_failures=0 cumulative_cegar_rounds=0 cumulative_cegar_added_clauses=0 cop_cegar_failures=104 cop_cegar_rounds=209 cop_cegar_added_clauses=369001
c 00h00m06s | result:Sat
c 00h00m06s | objective:incumbent kind=improvement value=1327 rounds=105 improvements=104
o 1327
c 00h00m06s | stage:sat:init solver=CaDiCaL vars=13091 clauses=22132
c 00h00m06s | stage:sat:solve:start round=1 circuit_cegar_rounds=- cumulative_cegar_rounds=- cop_cegar_rounds=210 assumptions=0 phase_lits=572
c 00h00m06s | stage:sat:solve:done round=1 ms=4 result=Sat assumptions=0 phase_lits=572
c 00h00m06s | stage:decode:start round=1 requested_int_ids=64
c 00h00m06s | stage:relaxation:done round=1 clauses_added=3547 circuit_clauses_added=0 cumulative_clauses_added=0 cop_clauses_added=3547 circuit_cegar_failures=0 circuit_cegar_rounds=0 circuit_cegar_added_clauses=0 cumulative_cegar_failures=0 cumulative_cegar_rounds=0 cumulative_cegar_added_clauses=0 cop_cegar_failures=105 cop_cegar_rounds=210 cop_cegar_added_clauses=372548
c 00h00m06s | stage:sat:solve:start round=2 circuit_cegar_rounds=- cumulative_cegar_rounds=- cop_cegar_rounds=211 assumptions=0 phase_lits=572
c 00h00m06s | stage:sat:solve:done round=2 ms=254 result=Sat assumptions=0 phase_lits=572
c 00h00m06s | stage:decode:start round=2 requested_int_ids=64
c 00h00m06s | stage:decode:final:start round=2 requested_int_ids=64
c 00h00m06s | stage:decode:done round=2 int_assignments=64
c 00h00m06s | stage:relaxation:done clauses_added=0 circuit_cegar_failures=0 circuit_cegar_rounds=0 circuit_cegar_added_clauses=0 cumulative_cegar_failures=0 cumulative_cegar_rounds=0 cumulative_cegar_added_clauses=0 cop_cegar_failures=105 cop_cegar_rounds=211 cop_cegar_added_clauses=372548
c 00h00m06s | result:Sat
c 00h00m06s | objective:incumbent kind=improvement value=1326 rounds=106 improvements=105
o 1326
c 00h00m06s | stage:sat:init solver=CaDiCaL vars=13091 clauses=22132
c 00h00m06s | stage:sat:solve:start round=1 circuit_cegar_rounds=- cumulative_cegar_rounds=- cop_cegar_rounds=212 assumptions=0 phase_lits=572
c 00h00m06s | stage:sat:solve:done round=1 ms=20 result=Sat assumptions=0 phase_lits=572
c 00h00m06s | stage:decode:start round=1 requested_int_ids=64
c 00h00m06s | stage:relaxation:done round=1 clauses_added=3551 circuit_clauses_added=0 cumulative_clauses_added=0 cop_clauses_added=3551 circuit_cegar_failures=0 circuit_cegar_rounds=0 circuit_cegar_added_clauses=0 cumulative_cegar_failures=0 cumulative_cegar_rounds=0 cumulative_cegar_added_clauses=0 cop_cegar_failures=106 cop_cegar_rounds=212 cop_cegar_added_clauses=376099
c 00h00m06s | stage:sat:solve:start round=2 circuit_cegar_rounds=- cumulative_cegar_rounds=- cop_cegar_rounds=213 assumptions=0 phase_lits=572
c 00h00m06s | stage:sat:solve:done round=2 ms=29 result=Sat assumptions=0 phase_lits=572
c 00h00m06s | stage:decode:start round=2 requested_int_ids=64
c 00h00m06s | stage:decode:final:start round=2 requested_int_ids=64
c 00h00m06s | stage:decode:done round=2 int_assignments=64
c 00h00m06s | stage:relaxation:done clauses_added=0 circuit_cegar_failures=0 circuit_cegar_rounds=0 circuit_cegar_added_clauses=0 cumulative_cegar_failures=0 cumulative_cegar_rounds=0 cumulative_cegar_added_clauses=0 cop_cegar_failures=106 cop_cegar_rounds=213 cop_cegar_added_clauses=376099
c 00h00m06s | result:Sat
c 00h00m06s | objective:incumbent kind=improvement value=1325 rounds=107 improvements=106
o 1325
c 00h00m06s | stage:sat:init solver=CaDiCaL vars=13091 clauses=22132
c 00h00m06s | stage:sat:solve:start round=1 circuit_cegar_rounds=- cumulative_cegar_rounds=- cop_cegar_rounds=214 assumptions=0 phase_lits=572
c 00h00m06s | stage:sat:solve:done round=1 ms=5 result=Sat assumptions=0 phase_lits=572
c 00h00m06s | stage:decode:start round=1 requested_int_ids=64
c 00h00m06s | stage:relaxation:done round=1 clauses_added=3550 circuit_clauses_added=0 cumulative_clauses_added=0 cop_clauses_added=3550 circuit_cegar_failures=0 circuit_cegar_rounds=0 circuit_cegar_added_clauses=0 cumulative_cegar_failures=0 cumulative_cegar_rounds=0 cumulative_cegar_added_clauses=0 cop_cegar_failures=107 cop_cegar_rounds=214 cop_cegar_added_clauses=379649
c 00h00m06s | stage:sat:solve:start round=2 circuit_cegar_rounds=- cumulative_cegar_rounds=- cop_cegar_rounds=215 assumptions=0 phase_lits=572
c 00h00m06s | stage:sat:solve:done round=2 ms=48 result=Sat assumptions=0 phase_lits=572
c 00h00m06s | stage:decode:start round=2 requested_int_ids=64
c 00h00m06s | stage:decode:final:start round=2 requested_int_ids=64
c 00h00m06s | stage:decode:done round=2 int_assignments=64
c 00h00m06s | stage:relaxation:done clauses_added=0 circuit_cegar_failures=0 circuit_cegar_rounds=0 circuit_cegar_added_clauses=0 cumulative_cegar_failures=0 cumulative_cegar_rounds=0 cumulative_cegar_added_clauses=0 cop_cegar_failures=107 cop_cegar_rounds=215 cop_cegar_added_clauses=379649
c 00h00m06s | result:Sat
c 00h00m06s | objective:incumbent kind=improvement value=1324 rounds=108 improvements=107
o 1324
c 00h00m06s | stage:sat:init solver=CaDiCaL vars=13091 clauses=22132
c 00h00m06s | stage:sat:solve:start round=1 circuit_cegar_rounds=- cumulative_cegar_rounds=- cop_cegar_rounds=216 assumptions=0 phase_lits=572
c 00h00m06s | stage:sat:solve:done round=1 ms=5 result=Sat assumptions=0 phase_lits=572
c 00h00m06s | stage:decode:start round=1 requested_int_ids=64
c 00h00m06s | stage:relaxation:done round=1 clauses_added=3552 circuit_clauses_added=0 cumulative_clauses_added=0 cop_clauses_added=3552 circuit_cegar_failures=0 circuit_cegar_rounds=0 circuit_cegar_added_clauses=0 cumulative_cegar_failures=0 cumulative_cegar_rounds=0 cumulative_cegar_added_clauses=0 cop_cegar_failures=108 cop_cegar_rounds=216 cop_cegar_added_clauses=383201
c 00h00m06s | stage:sat:solve:start round=2 circuit_cegar_rounds=- cumulative_cegar_rounds=- cop_cegar_rounds=217 assumptions=0 phase_lits=572
c 00h00m06s | stage:sat:solve:done round=2 ms=158 result=Sat assumptions=0 phase_lits=572
c 00h00m06s | stage:decode:start round=2 requested_int_ids=64
c 00h00m06s | stage:decode:final:start round=2 requested_int_ids=64
c 00h00m06s | stage:decode:done round=2 int_assignments=64
c 00h00m06s | stage:relaxation:done clauses_added=0 circuit_cegar_failures=0 circuit_cegar_rounds=0 circuit_cegar_added_clauses=0 cumulative_cegar_failures=0 cumulative_cegar_rounds=0 cumulative_cegar_added_clauses=0 cop_cegar_failures=108 cop_cegar_rounds=217 cop_cegar_added_clauses=383201
c 00h00m06s | result:Sat
c 00h00m06s | objective:incumbent kind=improvement value=1323 rounds=109 improvements=108
o 1323
c 00h00m06s | stage:sat:init solver=CaDiCaL vars=13091 clauses=22132
c 00h00m06s | stage:sat:solve:start round=1 circuit_cegar_rounds=- cumulative_cegar_rounds=- cop_cegar_rounds=218 assumptions=0 phase_lits=572
c 00h00m06s | stage:sat:solve:done round=1 ms=27 result=Sat assumptions=0 phase_lits=572
c 00h00m06s | stage:decode:start round=1 requested_int_ids=64
c 00h00m06s | stage:relaxation:done round=1 clauses_added=3549 circuit_clauses_added=0 cumulative_clauses_added=0 cop_clauses_added=3549 circuit_cegar_failures=0 circuit_cegar_rounds=0 circuit_cegar_added_clauses=0 cumulative_cegar_failures=0 cumulative_cegar_rounds=0 cumulative_cegar_added_clauses=0 cop_cegar_failures=109 cop_cegar_rounds=218 cop_cegar_added_clauses=386750
c 00h00m06s | stage:sat:solve:start round=2 circuit_cegar_rounds=- cumulative_cegar_rounds=- cop_cegar_rounds=219 assumptions=0 phase_lits=572
c 00h00m06s | stage:sat:solve:done round=2 ms=25 result=Sat assumptions=0 phase_lits=572
c 00h00m06s | stage:decode:start round=2 requested_int_ids=64
c 00h00m06s | stage:decode:final:start round=2 requested_int_ids=64
c 00h00m06s | stage:decode:done round=2 int_assignments=64
c 00h00m06s | stage:relaxation:done clauses_added=0 circuit_cegar_failures=0 circuit_cegar_rounds=0 circuit_cegar_added_clauses=0 cumulative_cegar_failures=0 cumulative_cegar_rounds=0 cumulative_cegar_added_clauses=0 cop_cegar_failures=109 cop_cegar_rounds=219 cop_cegar_added_clauses=386750
c 00h00m06s | result:Sat
c 00h00m06s | objective:incumbent kind=improvement value=1322 rounds=110 improvements=109
o 1322
c 00h00m06s | stage:sat:init solver=CaDiCaL vars=13091 clauses=22132
c 00h00m06s | stage:sat:solve:start round=1 circuit_cegar_rounds=- cumulative_cegar_rounds=- cop_cegar_rounds=220 assumptions=0 phase_lits=572
c 00h00m06s | stage:sat:solve:done round=1 ms=25 result=Sat assumptions=0 phase_lits=572
c 00h00m06s | stage:decode:start round=1 requested_int_ids=64
c 00h00m06s | stage:relaxation:done round=1 clauses_added=3552 circuit_clauses_added=0 cumulative_clauses_added=0 cop_clauses_added=3552 circuit_cegar_failures=0 circuit_cegar_rounds=0 circuit_cegar_added_clauses=0 cumulative_cegar_failures=0 cumulative_cegar_rounds=0 cumulative_cegar_added_clauses=0 cop_cegar_failures=110 cop_cegar_rounds=220 cop_cegar_added_clauses=390302
c 00h00m06s | stage:sat:solve:start round=2 circuit_cegar_rounds=- cumulative_cegar_rounds=- cop_cegar_rounds=221 assumptions=0 phase_lits=572
c 00h00m06s | stage:sat:solve:done round=2 ms=30 result=Sat assumptions=0 phase_lits=572
c 00h00m06s | stage:decode:start round=2 requested_int_ids=64
c 00h00m06s | stage:decode:final:start round=2 requested_int_ids=64
c 00h00m06s | stage:decode:done round=2 int_assignments=64
c 00h00m06s | stage:relaxation:done clauses_added=0 circuit_cegar_failures=0 circuit_cegar_rounds=0 circuit_cegar_added_clauses=0 cumulative_cegar_failures=0 cumulative_cegar_rounds=0 cumulative_cegar_added_clauses=0 cop_cegar_failures=110 cop_cegar_rounds=221 cop_cegar_added_clauses=390302
c 00h00m06s | result:Sat
c 00h00m06s | objective:incumbent kind=improvement value=1321 rounds=111 improvements=110
o 1321
c 00h00m06s | stage:sat:init solver=CaDiCaL vars=13091 clauses=22132
c 00h00m06s | stage:sat:solve:start round=1 circuit_cegar_rounds=- cumulative_cegar_rounds=- cop_cegar_rounds=222 assumptions=0 phase_lits=572
c 00h00m06s | stage:sat:solve:done round=1 ms=26 result=Sat assumptions=0 phase_lits=572
c 00h00m06s | stage:decode:start round=1 requested_int_ids=64
c 00h00m06s | stage:relaxation:done round=1 clauses_added=3551 circuit_clauses_added=0 cumulative_clauses_added=0 cop_clauses_added=3551 circuit_cegar_failures=0 circuit_cegar_rounds=0 circuit_cegar_added_clauses=0 cumulative_cegar_failures=0 cumulative_cegar_rounds=0 cumulative_cegar_added_clauses=0 cop_cegar_failures=111 cop_cegar_rounds=222 cop_cegar_added_clauses=393853
c 00h00m06s | stage:sat:solve:start round=2 circuit_cegar_rounds=- cumulative_cegar_rounds=- cop_cegar_rounds=223 assumptions=0 phase_lits=572
c 00h00m06s | stage:sat:solve:done round=2 ms=25 result=Sat assumptions=0 phase_lits=572
c 00h00m06s | stage:decode:start round=2 requested_int_ids=64
c 00h00m06s | stage:decode:final:start round=2 requested_int_ids=64
c 00h00m06s | stage:decode:done round=2 int_assignments=64
c 00h00m06s | stage:relaxation:done clauses_added=0 circuit_cegar_failures=0 circuit_cegar_rounds=0 circuit_cegar_added_clauses=0 cumulative_cegar_failures=0 cumulative_cegar_rounds=0 cumulative_cegar_added_clauses=0 cop_cegar_failures=111 cop_cegar_rounds=223 cop_cegar_added_clauses=393853
c 00h00m06s | result:Sat
c 00h00m06s | objective:incumbent kind=improvement value=1319 rounds=112 improvements=111
o 1319
c 00h00m06s | stage:sat:init solver=CaDiCaL vars=13091 clauses=22132
c 00h00m06s | stage:sat:solve:start round=1 circuit_cegar_rounds=- cumulative_cegar_rounds=- cop_cegar_rounds=224 assumptions=0 phase_lits=572
c 00h00m06s | stage:sat:solve:done round=1 ms=26 result=Sat assumptions=0 phase_lits=572
c 00h00m06s | stage:decode:start round=1 requested_int_ids=64
c 00h00m06s | stage:relaxation:done round=1 clauses_added=3544 circuit_clauses_added=0 cumulative_clauses_added=0 cop_clauses_added=3544 circuit_cegar_failures=0 circuit_cegar_rounds=0 circuit_cegar_added_clauses=0 cumulative_cegar_failures=0 cumulative_cegar_rounds=0 cumulative_cegar_added_clauses=0 cop_cegar_failures=112 cop_cegar_rounds=224 cop_cegar_added_clauses=397397
c 00h00m06s | stage:sat:solve:start round=2 circuit_cegar_rounds=- cumulative_cegar_rounds=- cop_cegar_rounds=225 assumptions=0 phase_lits=572
c 00h00m06s | stage:sat:solve:done round=2 ms=26 result=Sat assumptions=0 phase_lits=572
c 00h00m06s | stage:decode:start round=2 requested_int_ids=64
c 00h00m06s | stage:decode:final:start round=2 requested_int_ids=64
c 00h00m06s | stage:decode:done round=2 int_assignments=64
c 00h00m06s | stage:relaxation:done clauses_added=0 circuit_cegar_failures=0 circuit_cegar_rounds=0 circuit_cegar_added_clauses=0 cumulative_cegar_failures=0 cumulative_cegar_rounds=0 cumulative_cegar_added_clauses=0 cop_cegar_failures=112 cop_cegar_rounds=225 cop_cegar_added_clauses=397397
c 00h00m06s | result:Sat
c 00h00m06s | objective:incumbent kind=improvement value=1318 rounds=113 improvements=112
o 1318
c 00h00m06s | stage:sat:init solver=CaDiCaL vars=13091 clauses=22132
c 00h00m06s | stage:sat:solve:start round=1 circuit_cegar_rounds=- cumulative_cegar_rounds=- cop_cegar_rounds=226 assumptions=0 phase_lits=572
c 00h00m06s | stage:sat:solve:done round=1 ms=26 result=Sat assumptions=0 phase_lits=572
c 00h00m06s | stage:decode:start round=1 requested_int_ids=64
c 00h00m06s | stage:relaxation:done round=1 clauses_added=3550 circuit_clauses_added=0 cumulative_clauses_added=0 cop_clauses_added=3550 circuit_cegar_failures=0 circuit_cegar_rounds=0 circuit_cegar_added_clauses=0 cumulative_cegar_failures=0 cumulative_cegar_rounds=0 cumulative_cegar_added_clauses=0 cop_cegar_failures=113 cop_cegar_rounds=226 cop_cegar_added_clauses=400947
c 00h00m06s | stage:sat:solve:start round=2 circuit_cegar_rounds=- cumulative_cegar_rounds=- cop_cegar_rounds=227 assumptions=0 phase_lits=572
c 00h00m06s | stage:sat:solve:done round=2 ms=56 result=Sat assumptions=0 phase_lits=572
c 00h00m06s | stage:decode:start round=2 requested_int_ids=64
c 00h00m06s | stage:decode:final:start round=2 requested_int_ids=64
c 00h00m06s | stage:decode:done round=2 int_assignments=64
c 00h00m06s | stage:relaxation:done clauses_added=0 circuit_cegar_failures=0 circuit_cegar_rounds=0 circuit_cegar_added_clauses=0 cumulative_cegar_failures=0 cumulative_cegar_rounds=0 cumulative_cegar_added_clauses=0 cop_cegar_failures=113 cop_cegar_rounds=227 cop_cegar_added_clauses=400947
c 00h00m06s | result:Sat
c 00h00m06s | objective:incumbent kind=improvement value=1315 rounds=114 improvements=113
o 1315
c 00h00m06s | stage:sat:init solver=CaDiCaL vars=13091 clauses=22132
c 00h00m06s | stage:sat:solve:start round=1 circuit_cegar_rounds=- cumulative_cegar_rounds=- cop_cegar_rounds=228 assumptions=0 phase_lits=572
c 00h00m07s | stage:sat:solve:done round=1 ms=26 result=Sat assumptions=0 phase_lits=572
c 00h00m07s | stage:decode:start round=1 requested_int_ids=64
c 00h00m07s | stage:relaxation:done round=1 clauses_added=3548 circuit_clauses_added=0 cumulative_clauses_added=0 cop_clauses_added=3548 circuit_cegar_failures=0 circuit_cegar_rounds=0 circuit_cegar_added_clauses=0 cumulative_cegar_failures=0 cumulative_cegar_rounds=0 cumulative_cegar_added_clauses=0 cop_cegar_failures=114 cop_cegar_rounds=228 cop_cegar_added_clauses=404495
c 00h00m07s | stage:sat:solve:start round=2 circuit_cegar_rounds=- cumulative_cegar_rounds=- cop_cegar_rounds=229 assumptions=0 phase_lits=572
c 00h00m07s | stage:sat:solve:done round=2 ms=40 result=Sat assumptions=0 phase_lits=572
c 00h00m07s | stage:decode:start round=2 requested_int_ids=64
c 00h00m07s | stage:decode:final:start round=2 requested_int_ids=64
c 00h00m07s | stage:decode:done round=2 int_assignments=64
c 00h00m07s | stage:relaxation:done clauses_added=0 circuit_cegar_failures=0 circuit_cegar_rounds=0 circuit_cegar_added_clauses=0 cumulative_cegar_failures=0 cumulative_cegar_rounds=0 cumulative_cegar_added_clauses=0 cop_cegar_failures=114 cop_cegar_rounds=229 cop_cegar_added_clauses=404495
c 00h00m07s | result:Sat
c 00h00m07s | objective:incumbent kind=improvement value=1313 rounds=115 improvements=114
o 1313
c 00h00m07s | stage:sat:init solver=CaDiCaL vars=13091 clauses=22132
c 00h00m07s | stage:sat:solve:start round=1 circuit_cegar_rounds=- cumulative_cegar_rounds=- cop_cegar_rounds=230 assumptions=0 phase_lits=572
c 00h00m07s | stage:sat:solve:done round=1 ms=26 result=Sat assumptions=0 phase_lits=572
c 00h00m07s | stage:decode:start round=1 requested_int_ids=64
c 00h00m07s | stage:relaxation:done round=1 clauses_added=3550 circuit_clauses_added=0 cumulative_clauses_added=0 cop_clauses_added=3550 circuit_cegar_failures=0 circuit_cegar_rounds=0 circuit_cegar_added_clauses=0 cumulative_cegar_failures=0 cumulative_cegar_rounds=0 cumulative_cegar_added_clauses=0 cop_cegar_failures=115 cop_cegar_rounds=230 cop_cegar_added_clauses=408045
c 00h00m07s | stage:sat:solve:start round=2 circuit_cegar_rounds=- cumulative_cegar_rounds=- cop_cegar_rounds=231 assumptions=0 phase_lits=572
c 00h00m07s | stage:sat:solve:done round=2 ms=27 result=Sat assumptions=0 phase_lits=572
c 00h00m07s | stage:decode:start round=2 requested_int_ids=64
c 00h00m07s | stage:decode:final:start round=2 requested_int_ids=64
c 00h00m07s | stage:decode:done round=2 int_assignments=64
c 00h00m07s | stage:relaxation:done clauses_added=0 circuit_cegar_failures=0 circuit_cegar_rounds=0 circuit_cegar_added_clauses=0 cumulative_cegar_failures=0 cumulative_cegar_rounds=0 cumulative_cegar_added_clauses=0 cop_cegar_failures=115 cop_cegar_rounds=231 cop_cegar_added_clauses=408045
c 00h00m07s | result:Sat
c 00h00m07s | objective:incumbent kind=improvement value=1312 rounds=116 improvements=115
o 1312
c 00h00m07s | stage:sat:init solver=CaDiCaL vars=13091 clauses=22132
c 00h00m07s | stage:sat:solve:start round=1 circuit_cegar_rounds=- cumulative_cegar_rounds=- cop_cegar_rounds=232 assumptions=0 phase_lits=572
c 00h00m07s | stage:sat:solve:done round=1 ms=25 result=Sat assumptions=0 phase_lits=572
c 00h00m07s | stage:decode:start round=1 requested_int_ids=64
c 00h00m07s | stage:relaxation:done round=1 clauses_added=3552 circuit_clauses_added=0 cumulative_clauses_added=0 cop_clauses_added=3552 circuit_cegar_failures=0 circuit_cegar_rounds=0 circuit_cegar_added_clauses=0 cumulative_cegar_failures=0 cumulative_cegar_rounds=0 cumulative_cegar_added_clauses=0 cop_cegar_failures=116 cop_cegar_rounds=232 cop_cegar_added_clauses=411597
c 00h00m07s | stage:sat:solve:start round=2 circuit_cegar_rounds=- cumulative_cegar_rounds=- cop_cegar_rounds=233 assumptions=0 phase_lits=572
c 00h00m07s | stage:sat:solve:done round=2 ms=63 result=Sat assumptions=0 phase_lits=572
c 00h00m07s | stage:decode:start round=2 requested_int_ids=64
c 00h00m07s | stage:decode:final:start round=2 requested_int_ids=64
c 00h00m07s | stage:decode:done round=2 int_assignments=64
c 00h00m07s | stage:relaxation:done clauses_added=0 circuit_cegar_failures=0 circuit_cegar_rounds=0 circuit_cegar_added_clauses=0 cumulative_cegar_failures=0 cumulative_cegar_rounds=0 cumulative_cegar_added_clauses=0 cop_cegar_failures=116 cop_cegar_rounds=233 cop_cegar_added_clauses=411597
c 00h00m07s | result:Sat
c 00h00m07s | objective:incumbent kind=improvement value=1311 rounds=117 improvements=116
o 1311
c 00h00m07s | stage:sat:init solver=CaDiCaL vars=13091 clauses=22132
c 00h00m07s | stage:sat:solve:start round=1 circuit_cegar_rounds=- cumulative_cegar_rounds=- cop_cegar_rounds=234 assumptions=0 phase_lits=572
c 00h00m07s | stage:sat:solve:done round=1 ms=26 result=Sat assumptions=0 phase_lits=572
c 00h00m07s | stage:decode:start round=1 requested_int_ids=64
c 00h00m07s | stage:relaxation:done round=1 clauses_added=3547 circuit_clauses_added=0 cumulative_clauses_added=0 cop_clauses_added=3547 circuit_cegar_failures=0 circuit_cegar_rounds=0 circuit_cegar_added_clauses=0 cumulative_cegar_failures=0 cumulative_cegar_rounds=0 cumulative_cegar_added_clauses=0 cop_cegar_failures=117 cop_cegar_rounds=234 cop_cegar_added_clauses=415144
c 00h00m07s | stage:sat:solve:start round=2 circuit_cegar_rounds=- cumulative_cegar_rounds=- cop_cegar_rounds=235 assumptions=0 phase_lits=572
c 00h00m07s | stage:sat:solve:done round=2 ms=25 result=Sat assumptions=0 phase_lits=572
c 00h00m07s | stage:decode:start round=2 requested_int_ids=64
c 00h00m07s | stage:decode:final:start round=2 requested_int_ids=64
c 00h00m07s | stage:decode:done round=2 int_assignments=64
c 00h00m07s | stage:relaxation:done clauses_added=0 circuit_cegar_failures=0 circuit_cegar_rounds=0 circuit_cegar_added_clauses=0 cumulative_cegar_failures=0 cumulative_cegar_rounds=0 cumulative_cegar_added_clauses=0 cop_cegar_failures=117 cop_cegar_rounds=235 cop_cegar_added_clauses=415144
c 00h00m07s | result:Sat
c 00h00m07s | objective:incumbent kind=improvement value=1309 rounds=118 improvements=117
o 1309
c 00h00m07s | stage:sat:init solver=CaDiCaL vars=13091 clauses=22132
c 00h00m07s | stage:sat:solve:start round=1 circuit_cegar_rounds=- cumulative_cegar_rounds=- cop_cegar_rounds=236 assumptions=0 phase_lits=572
c 00h00m07s | stage:sat:solve:done round=1 ms=26 result=Sat assumptions=0 phase_lits=572
c 00h00m07s | stage:decode:start round=1 requested_int_ids=64
c 00h00m07s | stage:relaxation:done round=1 clauses_added=3550 circuit_clauses_added=0 cumulative_clauses_added=0 cop_clauses_added=3550 circuit_cegar_failures=0 circuit_cegar_rounds=0 circuit_cegar_added_clauses=0 cumulative_cegar_failures=0 cumulative_cegar_rounds=0 cumulative_cegar_added_clauses=0 cop_cegar_failures=118 cop_cegar_rounds=236 cop_cegar_added_clauses=418694
c 00h00m07s | stage:sat:solve:start round=2 circuit_cegar_rounds=- cumulative_cegar_rounds=- cop_cegar_rounds=237 assumptions=0 phase_lits=572
c 00h00m07s | stage:sat:solve:done round=2 ms=25 result=Sat assumptions=0 phase_lits=572
c 00h00m07s | stage:decode:start round=2 requested_int_ids=64
c 00h00m07s | stage:decode:final:start round=2 requested_int_ids=64
c 00h00m07s | stage:decode:done round=2 int_assignments=64
c 00h00m07s | stage:relaxation:done clauses_added=0 circuit_cegar_failures=0 circuit_cegar_rounds=0 circuit_cegar_added_clauses=0 cumulative_cegar_failures=0 cumulative_cegar_rounds=0 cumulative_cegar_added_clauses=0 cop_cegar_failures=118 cop_cegar_rounds=237 cop_cegar_added_clauses=418694
c 00h00m07s | result:Sat
c 00h00m07s | objective:incumbent kind=improvement value=1304 rounds=119 improvements=118
o 1304
c 00h00m07s | stage:sat:init solver=CaDiCaL vars=13091 clauses=22132
c 00h00m07s | stage:sat:solve:start round=1 circuit_cegar_rounds=- cumulative_cegar_rounds=- cop_cegar_rounds=238 assumptions=0 phase_lits=572
c 00h00m07s | stage:sat:solve:done round=1 ms=26 result=Sat assumptions=0 phase_lits=572
c 00h00m07s | stage:decode:start round=1 requested_int_ids=64
c 00h00m07s | stage:relaxation:done round=1 clauses_added=3553 circuit_clauses_added=0 cumulative_clauses_added=0 cop_clauses_added=3553 circuit_cegar_failures=0 circuit_cegar_rounds=0 circuit_cegar_added_clauses=0 cumulative_cegar_failures=0 cumulative_cegar_rounds=0 cumulative_cegar_added_clauses=0 cop_cegar_failures=119 cop_cegar_rounds=238 cop_cegar_added_clauses=422247
c 00h00m07s | stage:sat:solve:start round=2 circuit_cegar_rounds=- cumulative_cegar_rounds=- cop_cegar_rounds=239 assumptions=0 phase_lits=572
c 00h00m07s | stage:sat:solve:done round=2 ms=26 result=Sat assumptions=0 phase_lits=572
c 00h00m07s | stage:decode:start round=2 requested_int_ids=64
c 00h00m07s | stage:decode:final:start round=2 requested_int_ids=64
c 00h00m07s | stage:decode:done round=2 int_assignments=64
c 00h00m07s | stage:relaxation:done clauses_added=0 circuit_cegar_failures=0 circuit_cegar_rounds=0 circuit_cegar_added_clauses=0 cumulative_cegar_failures=0 cumulative_cegar_rounds=0 cumulative_cegar_added_clauses=0 cop_cegar_failures=119 cop_cegar_rounds=239 cop_cegar_added_clauses=422247
c 00h00m07s | result:Sat
c 00h00m07s | objective:incumbent kind=improvement value=1303 rounds=120 improvements=119
o 1303
c 00h00m07s | stage:sat:init solver=CaDiCaL vars=13091 clauses=22132
c 00h00m07s | stage:sat:solve:start round=1 circuit_cegar_rounds=- cumulative_cegar_rounds=- cop_cegar_rounds=240 assumptions=0 phase_lits=572
c 00h00m07s | stage:sat:solve:done round=1 ms=27 result=Sat assumptions=0 phase_lits=572
c 00h00m07s | stage:decode:start round=1 requested_int_ids=64
c 00h00m07s | stage:relaxation:done round=1 clauses_added=3546 circuit_clauses_added=0 cumulative_clauses_added=0 cop_clauses_added=3546 circuit_cegar_failures=0 circuit_cegar_rounds=0 circuit_cegar_added_clauses=0 cumulative_cegar_failures=0 cumulative_cegar_rounds=0 cumulative_cegar_added_clauses=0 cop_cegar_failures=120 cop_cegar_rounds=240 cop_cegar_added_clauses=425793
c 00h00m07s | stage:sat:solve:start round=2 circuit_cegar_rounds=- cumulative_cegar_rounds=- cop_cegar_rounds=241 assumptions=0 phase_lits=572
c 00h00m07s | stage:sat:solve:done round=2 ms=64 result=Sat assumptions=0 phase_lits=572
c 00h00m07s | stage:decode:start round=2 requested_int_ids=64
c 00h00m07s | stage:decode:final:start round=2 requested_int_ids=64
c 00h00m07s | stage:decode:done round=2 int_assignments=64
c 00h00m07s | stage:relaxation:done clauses_added=0 circuit_cegar_failures=0 circuit_cegar_rounds=0 circuit_cegar_added_clauses=0 cumulative_cegar_failures=0 cumulative_cegar_rounds=0 cumulative_cegar_added_clauses=0 cop_cegar_failures=120 cop_cegar_rounds=241 cop_cegar_added_clauses=425793
c 00h00m07s | result:Sat
c 00h00m07s | objective:incumbent kind=improvement value=1302 rounds=121 improvements=120
o 1302
c 00h00m07s | stage:sat:init solver=CaDiCaL vars=13091 clauses=22132
c 00h00m07s | stage:sat:solve:start round=1 circuit_cegar_rounds=- cumulative_cegar_rounds=- cop_cegar_rounds=242 assumptions=0 phase_lits=572
c 00h00m07s | stage:sat:solve:done round=1 ms=26 result=Sat assumptions=0 phase_lits=572
c 00h00m07s | stage:decode:start round=1 requested_int_ids=64
c 00h00m07s | stage:relaxation:done round=1 clauses_added=3551 circuit_clauses_added=0 cumulative_clauses_added=0 cop_clauses_added=3551 circuit_cegar_failures=0 circuit_cegar_rounds=0 circuit_cegar_added_clauses=0 cumulative_cegar_failures=0 cumulative_cegar_rounds=0 cumulative_cegar_added_clauses=0 cop_cegar_failures=121 cop_cegar_rounds=242 cop_cegar_added_clauses=429344
c 00h00m07s | stage:sat:solve:start round=2 circuit_cegar_rounds=- cumulative_cegar_rounds=- cop_cegar_rounds=243 assumptions=0 phase_lits=572
c 00h00m07s | stage:sat:solve:done round=2 ms=25 result=Sat assumptions=0 phase_lits=572
c 00h00m07s | stage:decode:start round=2 requested_int_ids=64
c 00h00m07s | stage:decode:final:start round=2 requested_int_ids=64
c 00h00m07s | stage:decode:done round=2 int_assignments=64
c 00h00m07s | stage:relaxation:done clauses_added=0 circuit_cegar_failures=0 circuit_cegar_rounds=0 circuit_cegar_added_clauses=0 cumulative_cegar_failures=0 cumulative_cegar_rounds=0 cumulative_cegar_added_clauses=0 cop_cegar_failures=121 cop_cegar_rounds=243 cop_cegar_added_clauses=429344
c 00h00m07s | result:Sat
c 00h00m07s | objective:incumbent kind=improvement value=1301 rounds=122 improvements=121
o 1301
c 00h00m07s | stage:sat:init solver=CaDiCaL vars=13091 clauses=22132
c 00h00m07s | stage:sat:solve:start round=1 circuit_cegar_rounds=- cumulative_cegar_rounds=- cop_cegar_rounds=244 assumptions=0 phase_lits=572
c 00h00m07s | stage:sat:solve:done round=1 ms=27 result=Sat assumptions=0 phase_lits=572
c 00h00m07s | stage:decode:start round=1 requested_int_ids=64
c 00h00m07s | stage:relaxation:done round=1 clauses_added=3550 circuit_clauses_added=0 cumulative_clauses_added=0 cop_clauses_added=3550 circuit_cegar_failures=0 circuit_cegar_rounds=0 circuit_cegar_added_clauses=0 cumulative_cegar_failures=0 cumulative_cegar_rounds=0 cumulative_cegar_added_clauses=0 cop_cegar_failures=122 cop_cegar_rounds=244 cop_cegar_added_clauses=432894
c 00h00m07s | stage:sat:solve:start round=2 circuit_cegar_rounds=- cumulative_cegar_rounds=- cop_cegar_rounds=245 assumptions=0 phase_lits=572
c 00h00m07s | stage:sat:solve:done round=2 ms=27 result=Sat assumptions=0 phase_lits=572
c 00h00m07s | stage:decode:start round=2 requested_int_ids=64
c 00h00m07s | stage:decode:final:start round=2 requested_int_ids=64
c 00h00m07s | stage:decode:done round=2 int_assignments=64
c 00h00m07s | stage:relaxation:done clauses_added=0 circuit_cegar_failures=0 circuit_cegar_rounds=0 circuit_cegar_added_clauses=0 cumulative_cegar_failures=0 cumulative_cegar_rounds=0 cumulative_cegar_added_clauses=0 cop_cegar_failures=122 cop_cegar_rounds=245 cop_cegar_added_clauses=432894
c 00h00m07s | result:Sat
c 00h00m07s | objective:incumbent kind=improvement value=1300 rounds=123 improvements=122
o 1300
c 00h00m07s | stage:sat:init solver=CaDiCaL vars=13091 clauses=22132
c 00h00m07s | stage:sat:solve:start round=1 circuit_cegar_rounds=- cumulative_cegar_rounds=- cop_cegar_rounds=246 assumptions=0 phase_lits=572
c 00h00m07s | stage:sat:solve:done round=1 ms=26 result=Sat assumptions=0 phase_lits=572
c 00h00m07s | stage:decode:start round=1 requested_int_ids=64
c 00h00m07s | stage:relaxation:done round=1 clauses_added=3552 circuit_clauses_added=0 cumulative_clauses_added=0 cop_clauses_added=3552 circuit_cegar_failures=0 circuit_cegar_rounds=0 circuit_cegar_added_clauses=0 cumulative_cegar_failures=0 cumulative_cegar_rounds=0 cumulative_cegar_added_clauses=0 cop_cegar_failures=123 cop_cegar_rounds=246 cop_cegar_added_clauses=436446
c 00h00m07s | stage:sat:solve:start round=2 circuit_cegar_rounds=- cumulative_cegar_rounds=- cop_cegar_rounds=247 assumptions=0 phase_lits=572
c 00h00m07s | stage:sat:solve:done round=2 ms=48 result=Sat assumptions=0 phase_lits=572
c 00h00m07s | stage:decode:start round=2 requested_int_ids=64
c 00h00m07s | stage:decode:final:start round=2 requested_int_ids=64
c 00h00m07s | stage:decode:done round=2 int_assignments=64
c 00h00m07s | stage:relaxation:done clauses_added=0 circuit_cegar_failures=0 circuit_cegar_rounds=0 circuit_cegar_added_clauses=0 cumulative_cegar_failures=0 cumulative_cegar_rounds=0 cumulative_cegar_added_clauses=0 cop_cegar_failures=123 cop_cegar_rounds=247 cop_cegar_added_clauses=436446
c 00h00m07s | result:Sat
c 00h00m07s | objective:incumbent kind=improvement value=1299 rounds=124 improvements=123
o 1299
c 00h00m07s | stage:sat:init solver=CaDiCaL vars=13091 clauses=22132
c 00h00m07s | stage:sat:solve:start round=1 circuit_cegar_rounds=- cumulative_cegar_rounds=- cop_cegar_rounds=248 assumptions=0 phase_lits=572
c 00h00m07s | stage:sat:solve:done round=1 ms=26 result=Sat assumptions=0 phase_lits=572
c 00h00m07s | stage:decode:start round=1 requested_int_ids=64
c 00h00m07s | stage:relaxation:done round=1 clauses_added=3549 circuit_clauses_added=0 cumulative_clauses_added=0 cop_clauses_added=3549 circuit_cegar_failures=0 circuit_cegar_rounds=0 circuit_cegar_added_clauses=0 cumulative_cegar_failures=0 cumulative_cegar_rounds=0 cumulative_cegar_added_clauses=0 cop_cegar_failures=124 cop_cegar_rounds=248 cop_cegar_added_clauses=439995
c 00h00m07s | stage:sat:solve:start round=2 circuit_cegar_rounds=- cumulative_cegar_rounds=- cop_cegar_rounds=249 assumptions=0 phase_lits=572
c 00h00m07s | stage:sat:solve:done round=2 ms=75 result=Sat assumptions=0 phase_lits=572
c 00h00m07s | stage:decode:start round=2 requested_int_ids=64
c 00h00m07s | stage:decode:final:start round=2 requested_int_ids=64
c 00h00m07s | stage:decode:done round=2 int_assignments=64
c 00h00m07s | stage:relaxation:done clauses_added=0 circuit_cegar_failures=0 circuit_cegar_rounds=0 circuit_cegar_added_clauses=0 cumulative_cegar_failures=0 cumulative_cegar_rounds=0 cumulative_cegar_added_clauses=0 cop_cegar_failures=124 cop_cegar_rounds=249 cop_cegar_added_clauses=439995
c 00h00m07s | result:Sat
c 00h00m07s | objective:incumbent kind=improvement value=1297 rounds=125 improvements=124
o 1297
c 00h00m07s | stage:sat:init solver=CaDiCaL vars=13091 clauses=22132
c 00h00m07s | stage:sat:solve:start round=1 circuit_cegar_rounds=- cumulative_cegar_rounds=- cop_cegar_rounds=250 assumptions=0 phase_lits=572
c 00h00m07s | stage:sat:solve:done round=1 ms=26 result=Sat assumptions=0 phase_lits=572
c 00h00m07s | stage:decode:start round=1 requested_int_ids=64
c 00h00m07s | stage:relaxation:done round=1 clauses_added=3551 circuit_clauses_added=0 cumulative_clauses_added=0 cop_clauses_added=3551 circuit_cegar_failures=0 circuit_cegar_rounds=0 circuit_cegar_added_clauses=0 cumulative_cegar_failures=0 cumulative_cegar_rounds=0 cumulative_cegar_added_clauses=0 cop_cegar_failures=125 cop_cegar_rounds=250 cop_cegar_added_clauses=443546
c 00h00m07s | stage:sat:solve:start round=2 circuit_cegar_rounds=- cumulative_cegar_rounds=- cop_cegar_rounds=251 assumptions=0 phase_lits=572
c 00h00m07s | stage:sat:solve:done round=2 ms=30 result=Sat assumptions=0 phase_lits=572
c 00h00m07s | stage:decode:start round=2 requested_int_ids=64
c 00h00m07s | stage:decode:final:start round=2 requested_int_ids=64
c 00h00m07s | stage:decode:done round=2 int_assignments=64
c 00h00m07s | stage:relaxation:done clauses_added=0 circuit_cegar_failures=0 circuit_cegar_rounds=0 circuit_cegar_added_clauses=0 cumulative_cegar_failures=0 cumulative_cegar_rounds=0 cumulative_cegar_added_clauses=0 cop_cegar_failures=125 cop_cegar_rounds=251 cop_cegar_added_clauses=443546
c 00h00m07s | result:Sat
c 00h00m07s | objective:incumbent kind=improvement value=1296 rounds=126 improvements=125
o 1296
c 00h00m07s | stage:sat:init solver=CaDiCaL vars=13091 clauses=22132
c 00h00m07s | stage:sat:solve:start round=1 circuit_cegar_rounds=- cumulative_cegar_rounds=- cop_cegar_rounds=252 assumptions=0 phase_lits=572
c 00h00m07s | stage:sat:solve:done round=1 ms=25 result=Sat assumptions=0 phase_lits=572
c 00h00m07s | stage:decode:start round=1 requested_int_ids=64
c 00h00m07s | stage:relaxation:done round=1 clauses_added=3553 circuit_clauses_added=0 cumulative_clauses_added=0 cop_clauses_added=3553 circuit_cegar_failures=0 circuit_cegar_rounds=0 circuit_cegar_added_clauses=0 cumulative_cegar_failures=0 cumulative_cegar_rounds=0 cumulative_cegar_added_clauses=0 cop_cegar_failures=126 cop_cegar_rounds=252 cop_cegar_added_clauses=447099
c 00h00m07s | stage:sat:solve:start round=2 circuit_cegar_rounds=- cumulative_cegar_rounds=- cop_cegar_rounds=253 assumptions=0 phase_lits=572
c 00h00m08s | stage:sat:solve:done round=2 ms=47 result=Sat assumptions=0 phase_lits=572
c 00h00m08s | stage:decode:start round=2 requested_int_ids=64
c 00h00m08s | stage:decode:final:start round=2 requested_int_ids=64
c 00h00m08s | stage:decode:done round=2 int_assignments=64
c 00h00m08s | stage:relaxation:done clauses_added=0 circuit_cegar_failures=0 circuit_cegar_rounds=0 circuit_cegar_added_clauses=0 cumulative_cegar_failures=0 cumulative_cegar_rounds=0 cumulative_cegar_added_clauses=0 cop_cegar_failures=126 cop_cegar_rounds=253 cop_cegar_added_clauses=447099
c 00h00m08s | result:Sat
c 00h00m08s | objective:incumbent kind=improvement value=1295 rounds=127 improvements=126
o 1295
c 00h00m08s | stage:sat:init solver=CaDiCaL vars=13091 clauses=22132
c 00h00m08s | stage:sat:solve:start round=1 circuit_cegar_rounds=- cumulative_cegar_rounds=- cop_cegar_rounds=254 assumptions=0 phase_lits=572
c 00h00m08s | stage:sat:solve:done round=1 ms=26 result=Sat assumptions=0 phase_lits=572
c 00h00m08s | stage:decode:start round=1 requested_int_ids=64
c 00h00m08s | stage:relaxation:done round=1 clauses_added=3548 circuit_clauses_added=0 cumulative_clauses_added=0 cop_clauses_added=3548 circuit_cegar_failures=0 circuit_cegar_rounds=0 circuit_cegar_added_clauses=0 cumulative_cegar_failures=0 cumulative_cegar_rounds=0 cumulative_cegar_added_clauses=0 cop_cegar_failures=127 cop_cegar_rounds=254 cop_cegar_added_clauses=450647
c 00h00m08s | stage:sat:solve:start round=2 circuit_cegar_rounds=- cumulative_cegar_rounds=- cop_cegar_rounds=255 assumptions=0 phase_lits=572
c 00h00m08s | stage:sat:solve:done round=2 ms=109 result=Sat assumptions=0 phase_lits=572
c 00h00m08s | stage:decode:start round=2 requested_int_ids=64
c 00h00m08s | stage:decode:final:start round=2 requested_int_ids=64
c 00h00m08s | stage:decode:done round=2 int_assignments=64
c 00h00m08s | stage:relaxation:done clauses_added=0 circuit_cegar_failures=0 circuit_cegar_rounds=0 circuit_cegar_added_clauses=0 cumulative_cegar_failures=0 cumulative_cegar_rounds=0 cumulative_cegar_added_clauses=0 cop_cegar_failures=127 cop_cegar_rounds=255 cop_cegar_added_clauses=450647
c 00h00m08s | result:Sat
c 00h00m08s | objective:incumbent kind=improvement value=1293 rounds=128 improvements=127
o 1293
c 00h00m08s | stage:sat:init solver=CaDiCaL vars=13091 clauses=22132
c 00h00m08s | stage:sat:solve:start round=1 circuit_cegar_rounds=- cumulative_cegar_rounds=- cop_cegar_rounds=256 assumptions=0 phase_lits=572
c 00h00m08s | stage:sat:solve:done round=1 ms=26 result=Sat assumptions=0 phase_lits=572
c 00h00m08s | stage:decode:start round=1 requested_int_ids=64
c 00h00m08s | stage:relaxation:done round=1 clauses_added=3551 circuit_clauses_added=0 cumulative_clauses_added=0 cop_clauses_added=3551 circuit_cegar_failures=0 circuit_cegar_rounds=0 circuit_cegar_added_clauses=0 cumulative_cegar_failures=0 cumulative_cegar_rounds=0 cumulative_cegar_added_clauses=0 cop_cegar_failures=128 cop_cegar_rounds=256 cop_cegar_added_clauses=454198
c 00h00m08s | stage:sat:solve:start round=2 circuit_cegar_rounds=- cumulative_cegar_rounds=- cop_cegar_rounds=257 assumptions=0 phase_lits=572
c 00h00m08s | stage:sat:solve:done round=2 ms=120 result=Sat assumptions=0 phase_lits=572
c 00h00m08s | stage:decode:start round=2 requested_int_ids=64
c 00h00m08s | stage:decode:final:start round=2 requested_int_ids=64
c 00h00m08s | stage:decode:done round=2 int_assignments=64
c 00h00m08s | stage:relaxation:done clauses_added=0 circuit_cegar_failures=0 circuit_cegar_rounds=0 circuit_cegar_added_clauses=0 cumulative_cegar_failures=0 cumulative_cegar_rounds=0 cumulative_cegar_added_clauses=0 cop_cegar_failures=128 cop_cegar_rounds=257 cop_cegar_added_clauses=454198
c 00h00m08s | result:Sat
c 00h00m08s | objective:incumbent kind=improvement value=1292 rounds=129 improvements=128
o 1292
c 00h00m08s | stage:sat:init solver=CaDiCaL vars=13091 clauses=22132
c 00h00m08s | stage:sat:solve:start round=1 circuit_cegar_rounds=- cumulative_cegar_rounds=- cop_cegar_rounds=258 assumptions=0 phase_lits=572
c 00h00m08s | stage:sat:solve:done round=1 ms=26 result=Sat assumptions=0 phase_lits=572
c 00h00m08s | stage:decode:start round=1 requested_int_ids=64
c 00h00m08s | stage:relaxation:done round=1 clauses_added=3553 circuit_clauses_added=0 cumulative_clauses_added=0 cop_clauses_added=3553 circuit_cegar_failures=0 circuit_cegar_rounds=0 circuit_cegar_added_clauses=0 cumulative_cegar_failures=0 cumulative_cegar_rounds=0 cumulative_cegar_added_clauses=0 cop_cegar_failures=129 cop_cegar_rounds=258 cop_cegar_added_clauses=457751
c 00h00m08s | stage:sat:solve:start round=2 circuit_cegar_rounds=- cumulative_cegar_rounds=- cop_cegar_rounds=259 assumptions=0 phase_lits=572
c 00h00m08s | stage:sat:solve:done round=2 ms=275 result=Sat assumptions=0 phase_lits=572
c 00h00m08s | stage:decode:start round=2 requested_int_ids=64
c 00h00m08s | stage:decode:final:start round=2 requested_int_ids=64
c 00h00m08s | stage:decode:done round=2 int_assignments=64
c 00h00m08s | stage:relaxation:done clauses_added=0 circuit_cegar_failures=0 circuit_cegar_rounds=0 circuit_cegar_added_clauses=0 cumulative_cegar_failures=0 cumulative_cegar_rounds=0 cumulative_cegar_added_clauses=0 cop_cegar_failures=129 cop_cegar_rounds=259 cop_cegar_added_clauses=457751
c 00h00m08s | result:Sat
c 00h00m08s | objective:incumbent kind=improvement value=1291 rounds=130 improvements=129
o 1291
c 00h00m08s | stage:sat:init solver=CaDiCaL vars=13091 clauses=22132
c 00h00m08s | stage:sat:solve:start round=1 circuit_cegar_rounds=- cumulative_cegar_rounds=- cop_cegar_rounds=260 assumptions=0 phase_lits=572
c 00h00m08s | stage:sat:solve:done round=1 ms=26 result=Sat assumptions=0 phase_lits=572
c 00h00m08s | stage:decode:start round=1 requested_int_ids=64
c 00h00m08s | stage:relaxation:done round=1 clauses_added=3550 circuit_clauses_added=0 cumulative_clauses_added=0 cop_clauses_added=3550 circuit_cegar_failures=0 circuit_cegar_rounds=0 circuit_cegar_added_clauses=0 cumulative_cegar_failures=0 cumulative_cegar_rounds=0 cumulative_cegar_added_clauses=0 cop_cegar_failures=130 cop_cegar_rounds=260 cop_cegar_added_clauses=461301
c 00h00m08s | stage:sat:solve:start round=2 circuit_cegar_rounds=- cumulative_cegar_rounds=- cop_cegar_rounds=261 assumptions=0 phase_lits=572
c 00h00m08s | stage:sat:solve:done round=2 ms=52 result=Sat assumptions=0 phase_lits=572
c 00h00m08s | stage:decode:start round=2 requested_int_ids=64
c 00h00m08s | stage:decode:final:start round=2 requested_int_ids=64
c 00h00m08s | stage:decode:done round=2 int_assignments=64
c 00h00m08s | stage:relaxation:done clauses_added=0 circuit_cegar_failures=0 circuit_cegar_rounds=0 circuit_cegar_added_clauses=0 cumulative_cegar_failures=0 cumulative_cegar_rounds=0 cumulative_cegar_added_clauses=0 cop_cegar_failures=130 cop_cegar_rounds=261 cop_cegar_added_clauses=461301
c 00h00m08s | result:Sat
c 00h00m08s | objective:incumbent kind=improvement value=1290 rounds=131 improvements=130
o 1290
c 00h00m08s | stage:sat:init solver=CaDiCaL vars=13091 clauses=22132
c 00h00m08s | stage:sat:solve:start round=1 circuit_cegar_rounds=- cumulative_cegar_rounds=- cop_cegar_rounds=262 assumptions=0 phase_lits=572
c 00h00m08s | stage:sat:solve:done round=1 ms=25 result=Sat assumptions=0 phase_lits=572
c 00h00m08s | stage:decode:start round=1 requested_int_ids=64
c 00h00m08s | stage:relaxation:done round=1 clauses_added=3553 circuit_clauses_added=0 cumulative_clauses_added=0 cop_clauses_added=3553 circuit_cegar_failures=0 circuit_cegar_rounds=0 circuit_cegar_added_clauses=0 cumulative_cegar_failures=0 cumulative_cegar_rounds=0 cumulative_cegar_added_clauses=0 cop_cegar_failures=131 cop_cegar_rounds=262 cop_cegar_added_clauses=464854
c 00h00m08s | stage:sat:solve:start round=2 circuit_cegar_rounds=- cumulative_cegar_rounds=- cop_cegar_rounds=263 assumptions=0 phase_lits=572
c 00h00m08s | stage:sat:solve:done round=2 ms=25 result=Sat assumptions=0 phase_lits=572
c 00h00m08s | stage:decode:start round=2 requested_int_ids=64
c 00h00m08s | stage:decode:final:start round=2 requested_int_ids=64
c 00h00m08s | stage:decode:done round=2 int_assignments=64
c 00h00m08s | stage:relaxation:done clauses_added=0 circuit_cegar_failures=0 circuit_cegar_rounds=0 circuit_cegar_added_clauses=0 cumulative_cegar_failures=0 cumulative_cegar_rounds=0 cumulative_cegar_added_clauses=0 cop_cegar_failures=131 cop_cegar_rounds=263 cop_cegar_added_clauses=464854
c 00h00m08s | result:Sat
c 00h00m08s | objective:incumbent kind=improvement value=1289 rounds=132 improvements=131
o 1289
c 00h00m08s | stage:sat:init solver=CaDiCaL vars=13091 clauses=22132
c 00h00m08s | stage:sat:solve:start round=1 circuit_cegar_rounds=- cumulative_cegar_rounds=- cop_cegar_rounds=264 assumptions=0 phase_lits=572
c 00h00m08s | stage:sat:solve:done round=1 ms=26 result=Sat assumptions=0 phase_lits=572
c 00h00m08s | stage:decode:start round=1 requested_int_ids=64
c 00h00m08s | stage:relaxation:done round=1 clauses_added=3552 circuit_clauses_added=0 cumulative_clauses_added=0 cop_clauses_added=3552 circuit_cegar_failures=0 circuit_cegar_rounds=0 circuit_cegar_added_clauses=0 cumulative_cegar_failures=0 cumulative_cegar_rounds=0 cumulative_cegar_added_clauses=0 cop_cegar_failures=132 cop_cegar_rounds=264 cop_cegar_added_clauses=468406
c 00h00m08s | stage:sat:solve:start round=2 circuit_cegar_rounds=- cumulative_cegar_rounds=- cop_cegar_rounds=265 assumptions=0 phase_lits=572
c 00h00m08s | stage:sat:solve:done round=2 ms=29 result=Sat assumptions=0 phase_lits=572
c 00h00m08s | stage:decode:start round=2 requested_int_ids=64
c 00h00m08s | stage:decode:final:start round=2 requested_int_ids=64
c 00h00m08s | stage:decode:done round=2 int_assignments=64
c 00h00m08s | stage:relaxation:done clauses_added=0 circuit_cegar_failures=0 circuit_cegar_rounds=0 circuit_cegar_added_clauses=0 cumulative_cegar_failures=0 cumulative_cegar_rounds=0 cumulative_cegar_added_clauses=0 cop_cegar_failures=132 cop_cegar_rounds=265 cop_cegar_added_clauses=468406
c 00h00m08s | result:Sat
c 00h00m08s | objective:incumbent kind=improvement value=1288 rounds=133 improvements=132
o 1288
c 00h00m08s | stage:sat:init solver=CaDiCaL vars=13091 clauses=22132
c 00h00m08s | stage:sat:solve:start round=1 circuit_cegar_rounds=- cumulative_cegar_rounds=- cop_cegar_rounds=266 assumptions=0 phase_lits=572
c 00h00m08s | stage:sat:solve:done round=1 ms=26 result=Sat assumptions=0 phase_lits=572
c 00h00m08s | stage:decode:start round=1 requested_int_ids=64
c 00h00m08s | stage:relaxation:done round=1 clauses_added=3554 circuit_clauses_added=0 cumulative_clauses_added=0 cop_clauses_added=3554 circuit_cegar_failures=0 circuit_cegar_rounds=0 circuit_cegar_added_clauses=0 cumulative_cegar_failures=0 cumulative_cegar_rounds=0 cumulative_cegar_added_clauses=0 cop_cegar_failures=133 cop_cegar_rounds=266 cop_cegar_added_clauses=471960
c 00h00m08s | stage:sat:solve:start round=2 circuit_cegar_rounds=- cumulative_cegar_rounds=- cop_cegar_rounds=267 assumptions=0 phase_lits=572
c 00h00m08s | stage:sat:solve:done round=2 ms=25 result=Sat assumptions=0 phase_lits=572
c 00h00m08s | stage:decode:start round=2 requested_int_ids=64
c 00h00m08s | stage:decode:final:start round=2 requested_int_ids=64
c 00h00m08s | stage:decode:done round=2 int_assignments=64
c 00h00m08s | stage:relaxation:done clauses_added=0 circuit_cegar_failures=0 circuit_cegar_rounds=0 circuit_cegar_added_clauses=0 cumulative_cegar_failures=0 cumulative_cegar_rounds=0 cumulative_cegar_added_clauses=0 cop_cegar_failures=133 cop_cegar_rounds=267 cop_cegar_added_clauses=471960
c 00h00m08s | result:Sat
c 00h00m08s | objective:incumbent kind=improvement value=1287 rounds=134 improvements=133
o 1287
c 00h00m08s | stage:sat:init solver=CaDiCaL vars=13091 clauses=22132
c 00h00m08s | stage:sat:solve:start round=1 circuit_cegar_rounds=- cumulative_cegar_rounds=- cop_cegar_rounds=268 assumptions=0 phase_lits=572
c 00h00m09s | stage:sat:solve:done round=1 ms=26 result=Sat assumptions=0 phase_lits=572
c 00h00m09s | stage:decode:start round=1 requested_int_ids=64
c 00h00m09s | stage:relaxation:done round=1 clauses_added=3539 circuit_clauses_added=0 cumulative_clauses_added=0 cop_clauses_added=3539 circuit_cegar_failures=0 circuit_cegar_rounds=0 circuit_cegar_added_clauses=0 cumulative_cegar_failures=0 cumulative_cegar_rounds=0 cumulative_cegar_added_clauses=0 cop_cegar_failures=134 cop_cegar_rounds=268 cop_cegar_added_clauses=475499
c 00h00m09s | stage:sat:solve:start round=2 circuit_cegar_rounds=- cumulative_cegar_rounds=- cop_cegar_rounds=269 assumptions=0 phase_lits=572
c 00h00m09s | stage:sat:solve:done round=2 ms=42 result=Sat assumptions=0 phase_lits=572
c 00h00m09s | stage:decode:start round=2 requested_int_ids=64
c 00h00m09s | stage:decode:final:start round=2 requested_int_ids=64
c 00h00m09s | stage:decode:done round=2 int_assignments=64
c 00h00m09s | stage:relaxation:done clauses_added=0 circuit_cegar_failures=0 circuit_cegar_rounds=0 circuit_cegar_added_clauses=0 cumulative_cegar_failures=0 cumulative_cegar_rounds=0 cumulative_cegar_added_clauses=0 cop_cegar_failures=134 cop_cegar_rounds=269 cop_cegar_added_clauses=475499
c 00h00m09s | result:Sat
c 00h00m09s | objective:incumbent kind=improvement value=1286 rounds=135 improvements=134
o 1286
c 00h00m09s | stage:sat:init solver=CaDiCaL vars=13091 clauses=22132
c 00h00m09s | stage:sat:solve:start round=1 circuit_cegar_rounds=- cumulative_cegar_rounds=- cop_cegar_rounds=270 assumptions=0 phase_lits=572
c 00h00m09s | stage:sat:solve:done round=1 ms=27 result=Sat assumptions=0 phase_lits=572
c 00h00m09s | stage:decode:start round=1 requested_int_ids=64
c 00h00m09s | stage:relaxation:done round=1 clauses_added=3548 circuit_clauses_added=0 cumulative_clauses_added=0 cop_clauses_added=3548 circuit_cegar_failures=0 circuit_cegar_rounds=0 circuit_cegar_added_clauses=0 cumulative_cegar_failures=0 cumulative_cegar_rounds=0 cumulative_cegar_added_clauses=0 cop_cegar_failures=135 cop_cegar_rounds=270 cop_cegar_added_clauses=479047
c 00h00m09s | stage:sat:solve:start round=2 circuit_cegar_rounds=- cumulative_cegar_rounds=- cop_cegar_rounds=271 assumptions=0 phase_lits=572
c 00h00m09s | stage:sat:solve:done round=2 ms=358 result=Sat assumptions=0 phase_lits=572
c 00h00m09s | stage:decode:start round=2 requested_int_ids=64
c 00h00m09s | stage:decode:final:start round=2 requested_int_ids=64
c 00h00m09s | stage:decode:done round=2 int_assignments=64
c 00h00m09s | stage:relaxation:done clauses_added=0 circuit_cegar_failures=0 circuit_cegar_rounds=0 circuit_cegar_added_clauses=0 cumulative_cegar_failures=0 cumulative_cegar_rounds=0 cumulative_cegar_added_clauses=0 cop_cegar_failures=135 cop_cegar_rounds=271 cop_cegar_added_clauses=479047
c 00h00m09s | result:Sat
c 00h00m09s | objective:incumbent kind=improvement value=1285 rounds=136 improvements=135
o 1285
c 00h00m09s | stage:sat:init solver=CaDiCaL vars=13091 clauses=22132
c 00h00m09s | stage:sat:solve:start round=1 circuit_cegar_rounds=- cumulative_cegar_rounds=- cop_cegar_rounds=272 assumptions=0 phase_lits=572
c 00h00m09s | stage:sat:solve:done round=1 ms=31 result=Sat assumptions=0 phase_lits=572
c 00h00m09s | stage:decode:start round=1 requested_int_ids=64
c 00h00m09s | stage:relaxation:done round=1 clauses_added=3547 circuit_clauses_added=0 cumulative_clauses_added=0 cop_clauses_added=3547 circuit_cegar_failures=0 circuit_cegar_rounds=0 circuit_cegar_added_clauses=0 cumulative_cegar_failures=0 cumulative_cegar_rounds=0 cumulative_cegar_added_clauses=0 cop_cegar_failures=136 cop_cegar_rounds=272 cop_cegar_added_clauses=482594
c 00h00m09s | stage:sat:solve:start round=2 circuit_cegar_rounds=- cumulative_cegar_rounds=- cop_cegar_rounds=273 assumptions=0 phase_lits=572
c 00h00m09s | stage:sat:solve:done round=2 ms=25 result=Sat assumptions=0 phase_lits=572
c 00h00m09s | stage:decode:start round=2 requested_int_ids=64
c 00h00m09s | stage:decode:final:start round=2 requested_int_ids=64
c 00h00m09s | stage:decode:done round=2 int_assignments=64
c 00h00m09s | stage:relaxation:done clauses_added=0 circuit_cegar_failures=0 circuit_cegar_rounds=0 circuit_cegar_added_clauses=0 cumulative_cegar_failures=0 cumulative_cegar_rounds=0 cumulative_cegar_added_clauses=0 cop_cegar_failures=136 cop_cegar_rounds=273 cop_cegar_added_clauses=482594
c 00h00m09s | result:Sat
c 00h00m09s | objective:incumbent kind=improvement value=1284 rounds=137 improvements=136
o 1284
c 00h00m09s | stage:sat:init solver=CaDiCaL vars=13091 clauses=22132
c 00h00m09s | stage:sat:solve:start round=1 circuit_cegar_rounds=- cumulative_cegar_rounds=- cop_cegar_rounds=274 assumptions=0 phase_lits=572
c 00h00m09s | stage:sat:solve:done round=1 ms=26 result=Sat assumptions=0 phase_lits=572
c 00h00m09s | stage:decode:start round=1 requested_int_ids=64
c 00h00m09s | stage:relaxation:done round=1 clauses_added=3549 circuit_clauses_added=0 cumulative_clauses_added=0 cop_clauses_added=3549 circuit_cegar_failures=0 circuit_cegar_rounds=0 circuit_cegar_added_clauses=0 cumulative_cegar_failures=0 cumulative_cegar_rounds=0 cumulative_cegar_added_clauses=0 cop_cegar_failures=137 cop_cegar_rounds=274 cop_cegar_added_clauses=486143
c 00h00m09s | stage:sat:solve:start round=2 circuit_cegar_rounds=- cumulative_cegar_rounds=- cop_cegar_rounds=275 assumptions=0 phase_lits=572
c 00h00m09s | stage:sat:solve:done round=2 ms=25 result=Sat assumptions=0 phase_lits=572
c 00h00m09s | stage:decode:start round=2 requested_int_ids=64
c 00h00m09s | stage:decode:final:start round=2 requested_int_ids=64
c 00h00m09s | stage:decode:done round=2 int_assignments=64
c 00h00m09s | stage:relaxation:done clauses_added=0 circuit_cegar_failures=0 circuit_cegar_rounds=0 circuit_cegar_added_clauses=0 cumulative_cegar_failures=0 cumulative_cegar_rounds=0 cumulative_cegar_added_clauses=0 cop_cegar_failures=137 cop_cegar_rounds=275 cop_cegar_added_clauses=486143
c 00h00m09s | result:Sat
c 00h00m09s | objective:incumbent kind=improvement value=1283 rounds=138 improvements=137
o 1283
c 00h00m09s | stage:sat:init solver=CaDiCaL vars=13091 clauses=22132
c 00h00m09s | stage:sat:solve:start round=1 circuit_cegar_rounds=- cumulative_cegar_rounds=- cop_cegar_rounds=276 assumptions=0 phase_lits=572
c 00h00m09s | stage:sat:solve:done round=1 ms=26 result=Sat assumptions=0 phase_lits=572
c 00h00m09s | stage:decode:start round=1 requested_int_ids=64
c 00h00m09s | stage:relaxation:done round=1 clauses_added=3546 circuit_clauses_added=0 cumulative_clauses_added=0 cop_clauses_added=3546 circuit_cegar_failures=0 circuit_cegar_rounds=0 circuit_cegar_added_clauses=0 cumulative_cegar_failures=0 cumulative_cegar_rounds=0 cumulative_cegar_added_clauses=0 cop_cegar_failures=138 cop_cegar_rounds=276 cop_cegar_added_clauses=489689
c 00h00m09s | stage:sat:solve:start round=2 circuit_cegar_rounds=- cumulative_cegar_rounds=- cop_cegar_rounds=277 assumptions=0 phase_lits=572
c 00h00m09s | stage:sat:solve:done round=2 ms=25 result=Sat assumptions=0 phase_lits=572
c 00h00m09s | stage:decode:start round=2 requested_int_ids=64
c 00h00m09s | stage:decode:final:start round=2 requested_int_ids=64
c 00h00m09s | stage:decode:done round=2 int_assignments=64
c 00h00m09s | stage:relaxation:done clauses_added=0 circuit_cegar_failures=0 circuit_cegar_rounds=0 circuit_cegar_added_clauses=0 cumulative_cegar_failures=0 cumulative_cegar_rounds=0 cumulative_cegar_added_clauses=0 cop_cegar_failures=138 cop_cegar_rounds=277 cop_cegar_added_clauses=489689
c 00h00m09s | result:Sat
c 00h00m09s | objective:incumbent kind=improvement value=1282 rounds=139 improvements=138
o 1282
c 00h00m09s | stage:sat:init solver=CaDiCaL vars=13091 clauses=22132
c 00h00m09s | stage:sat:solve:start round=1 circuit_cegar_rounds=- cumulative_cegar_rounds=- cop_cegar_rounds=278 assumptions=0 phase_lits=572
c 00h00m09s | stage:sat:solve:done round=1 ms=26 result=Sat assumptions=0 phase_lits=572
c 00h00m09s | stage:decode:start round=1 requested_int_ids=64
c 00h00m09s | stage:relaxation:done round=1 clauses_added=3549 circuit_clauses_added=0 cumulative_clauses_added=0 cop_clauses_added=3549 circuit_cegar_failures=0 circuit_cegar_rounds=0 circuit_cegar_added_clauses=0 cumulative_cegar_failures=0 cumulative_cegar_rounds=0 cumulative_cegar_added_clauses=0 cop_cegar_failures=139 cop_cegar_rounds=278 cop_cegar_added_clauses=493238
c 00h00m09s | stage:sat:solve:start round=2 circuit_cegar_rounds=- cumulative_cegar_rounds=- cop_cegar_rounds=279 assumptions=0 phase_lits=572
c 00h00m09s | stage:sat:solve:done round=2 ms=76 result=Sat assumptions=0 phase_lits=572
c 00h00m09s | stage:decode:start round=2 requested_int_ids=64
c 00h00m09s | stage:decode:final:start round=2 requested_int_ids=64
c 00h00m09s | stage:decode:done round=2 int_assignments=64
c 00h00m09s | stage:relaxation:done clauses_added=0 circuit_cegar_failures=0 circuit_cegar_rounds=0 circuit_cegar_added_clauses=0 cumulative_cegar_failures=0 cumulative_cegar_rounds=0 cumulative_cegar_added_clauses=0 cop_cegar_failures=139 cop_cegar_rounds=279 cop_cegar_added_clauses=493238
c 00h00m09s | result:Sat
c 00h00m09s | objective:incumbent kind=improvement value=1281 rounds=140 improvements=139
o 1281
c 00h00m09s | stage:sat:init solver=CaDiCaL vars=13091 clauses=22132
c 00h00m09s | stage:sat:solve:start round=1 circuit_cegar_rounds=- cumulative_cegar_rounds=- cop_cegar_rounds=280 assumptions=0 phase_lits=572
c 00h00m09s | stage:sat:solve:done round=1 ms=27 result=Sat assumptions=0 phase_lits=572
c 00h00m09s | stage:decode:start round=1 requested_int_ids=64
c 00h00m09s | stage:relaxation:done round=1 clauses_added=3548 circuit_clauses_added=0 cumulative_clauses_added=0 cop_clauses_added=3548 circuit_cegar_failures=0 circuit_cegar_rounds=0 circuit_cegar_added_clauses=0 cumulative_cegar_failures=0 cumulative_cegar_rounds=0 cumulative_cegar_added_clauses=0 cop_cegar_failures=140 cop_cegar_rounds=280 cop_cegar_added_clauses=496786
c 00h00m09s | stage:sat:solve:start round=2 circuit_cegar_rounds=- cumulative_cegar_rounds=- cop_cegar_rounds=281 assumptions=0 phase_lits=572
c 00h00m10s | stage:sat:solve:done round=2 ms=694 result=Unsat assumptions=0 phase_lits=572
c 00h00m10s | result:Unsat
s OPTIMUM FOUND
o 1281
v <instantiation>
v   <list> s[0][0] s[0][1] s[0][2] s[0][3] s[1][0] s[1][1] s[1][2] s[1][3] s[2][0] s[2][1] s[2][2] s[2][3] s[3][0] s[3][1] s[3][2] s[3][3] d[0][0] d[0][1] d[0][2] d[0][3] d[1][0] d[1][1] d[1][2] d[1][3] d[2][0] d[2][1] d[2][2] d[2][3] d[3][0] d[3][1] d[3][2] d[3][3] mc[0][0] mc[0][1] mc[0][2] mc[0][3] mc[1][0] mc[1][1] mc[1][2] mc[1][3] mc[2][0] mc[2][1] mc[2][2] mc[2][3] mc[3][0] mc[3][1] mc[3][2] mc[3][3] sd[0][0] sd[0][1] sd[0][2] sd[0][3] sd[1][0] sd[1][1] sd[1][2] sd[1][3] sd[2][0] sd[2][1] sd[2][2] sd[2][3] sd[3][0] sd[3][1] sd[3][2] sd[3][3] </list>
v   <values> 256 576 1222 1264 0 246 912 995 0 605 1275 1277 144 586 622 906 317 638 42 3 7 638 69 286 605 390 1 4 351 7 284 358 3 0 2 1 0 1 2 3 2 3 1 0 0 3 2 1 576 1264 1222 256 0 246 912 995 1277 1275 0 605 144 906 622 586 </values>
v </instantiation>
d OBJECTIVE_VALUE 1281
d OPTIMAL 1
d SOURCE_CONSTRAINTS 48
d NORMALIZED_CONSTRAINTS 48
d LOWERED_CONSTRAINTS 48
d UNSUPPORTED_CONSTRAINTS 0
d CIRCUIT_CEGAR_FAILURES 0
d CIRCUIT_CEGAR_ROUNDS 0
d CIRCUIT_CEGAR_ADDED_CLAUSES 0
d CUMULATIVE_CEGAR_FAILURES 0
d CUMULATIVE_CEGAR_ROUNDS 0
d CUMULATIVE_CEGAR_ADDED_CLAUSES 0
d COP_CEGAR_FAILURES 140
d COP_CEGAR_ROUNDS 281
d COP_CEGAR_ADDED_CLAUSES 496786
d OBJECTIVE_ROUNDS 141
d OBJECTIVE_IMPROVEMENTS 139
d OBJECTIVE_OPTIMALITY_PROOF strict_cut_unsat
d PROPAGATE_MS 7
d NORMALIZE_MS 0
d LOWER_MS 0
d POST_LOWER_MS 0
d PREENCODE_MS 0
d ENCODE_MS 11
d SAT_SOLVE_MS 8972
d TOTAL_MS 10524
d SAT_VARS 13091
d SAT_CLAUSES_BASE 22132
d SAT_CLAUSES_FINAL 25680
d SAT_CLAUSES_CEGAR_DELTA 3548
d SAT_CONFLICTS 21467
d LINEAR_INT_EQ_ARITY_STATS {"2":{"count":64,"max_domain_product_excluding_one_var":"3998","p95_domain_product_excluding_one_var":"3998"}}
d LINEAR_INT_NE_ARITY_STATS {"1":{"count":64,"max_domain_product_excluding_one_var":"1","p95_domain_product_excluding_one_var":"1"}}
d LINEAR_INT_GE_ARITY_STATS {"2":{"count":52,"max_domain_product_excluding_one_var":"4001","p95_domain_product_excluding_one_var":"4001"},"3":{"count":12,"max_domain_product_excluding_one_var":"15992","p95_domain_product_excluding_one_var":"15992"}}
d LINEAR_BOOL_MIXED_ARITY_STATS {}
d ROOT_LP_ENTERED 0
d ROOT_LP_STATUS skipped
d ROOT_LP_MS 0
d ROOT_LP_REASON --no-root-lp-bound
d PROPAGATE_PRUNED_VALUES 0
d PROPAGATE_CHANGED_DOMAINS 0
d PROPAGATE_ENTAILED_TABLES 0
d POST_LOWER_ROUNDS 12
d POST_LOWER_TIGHTENED_DOMAINS 20
d POST_LOWER_REMOVED_CLAUSES 0
d POST_LOWER_REMOVED_LITS 0
d POST_LOWER_DETECTED_UNSAT 0
d PREENCODE_INT_VARS 64
d ENCODE_EXTERNAL_GE_SPECS 0
d ENCODE_RELAXED_CIRCUITS 0
d LOG_SCOP_LINEAR_PB_CONSTRAINTS 320
d LOG_SCOP_LINEAR_PB_MIXED_DISPATCH_CONSTRAINTS 0
d LOG_SCOP_LINEAR_PB_MIXED_ATTEMPT_BDD 0
d LOG_SCOP_LINEAR_PB_MIXED_ATTEMPT_SORTER 0
d LOG_SCOP_LINEAR_PB_MIXED_ATTEMPT_DADDA 0
d LOG_SCOP_LINEAR_PB_MIXED_REJECT_BDD_BUDGET 0
d LOG_SCOP_LINEAR_PB_MIXED_REJECT_SORTER_BUDGET 0
d LOG_SCOP_LINEAR_PB_MIXED_FALLBACK_BDD_TO_SORTER 0
d LOG_SCOP_LINEAR_PB_MIXED_FALLBACK_BDD_TO_DADDA 0
d LOG_SCOP_LINEAR_PB_MIXED_FALLBACK_SORTER_TO_BDD 0
d LOG_SCOP_LINEAR_PB_MIXED_FALLBACK_SORTER_TO_DADDA 0
d LOG_SCOP_LINEAR_PB_BACKEND_BDD2 320
d LOG_SCOP_LINEAR_PB_BACKEND_BDD3 0
d LOG_SCOP_LINEAR_PB_BACKEND_SORTER 0
d LOG_SCOP_LINEAR_PB_BACKEND_DADDA 0
d LOG_SCOP_LINEAR_PB_BDD_DECOMPOSITION_RAW 320
d LOG_SCOP_LINEAR_PB_BDD_DECOMPOSITION_BINARY 0
d LOG_SCOP_LINEAR_PB_BDD_DECOMPOSITION_MULTIBASE 0
d DECODE_INT_ASSIGNMENTS 64
d CSV /bench/competition/2022-2025/COP22to25/SchedulingOS-gp-04-01_c25.xml.lzma,optimum,48,48,48,0,13091,25680,10524,7,0,0,0,11,8972,0,skipped,,,,,,0,,,,,,,,
